p=263
# format: u v w x y z where a = w + x*i + y*(i+j)/2 + z*(1+k)/2
[1]	1	1	0	0	0	0	det1=true
[2]	7	10	-1	-1	0	-1	det1=true
[3]	8	10	-3	-1	0	-1	det1=true
[4]	7	11	-2	-2	0	-1	det1=true
[5]	8	11	-3	-3	0	-1	det1=true
[6]	6	13	-3	-1	-1	0	det1=true
[7]	13	13	-5	-2	-1	-1	det1=true
[8]	13	13	-6	-2	-1	1	det1=true
[9]	5	14	-1	-1	0	-1	det1=true
[10]	11	15	-5	-1	-1	-1	det1=true
[11]	11	15	-6	-1	-1	1	det1=true
[12]	9	15	-1	0	-1	-1	det1=true
[13]	9	15	-2	0	-1	1	det1=true
[14]	11	15	-5	-3	-1	1	det1=true
[15]	11	15	-4	-3	-1	-1	det1=true
[16]	13	15	-6	-4	-1	-1	det1=true
[17]	13	15	-7	-4	-1	1	det1=true
[18]	17	17	-4	0	0	-2	det1=true
[19]	17	17	-4	-2	-2	0	det1=true
[20]	16	17	-2	-1	-2	0	det1=true
[21]	9	17	-4	0	-1	-1	det1=true
[22]	9	17	-5	0	-1	1	det1=true
[23]	17	17	-3	-3	0	-2	det1=true
[24]	4	17	-1	0	-1	0	det1=true
[25]	17	17	-5	1	-2	0	det1=true
[26]	19	19	-8	-4	0	-2	det1=true
[27]	14	20	-4	1	-2	0	det1=true
[28]	14	20	-3	0	0	-2	det1=true
[29]	15	20	-5	0	0	-2	det1=true
[30]	20	20	-10	-5	-2	0	det1=true
[31]	20	20	-9	-6	0	-2	det1=true
[32]	19	19	-4	-2	-1	-2	det1=true
[33]	19	19	-6	-2	-1	2	det1=true
[34]	14	19	-1	0	-2	0	det1=true
[35]	16	19	-6	-1	-2	0	det1=true
[36]	19	19	-9	-3	-2	0	det1=true
[37]	15	20	-6	1	-2	0	det1=true
[38]	20	20	-7	-2	-1	-2	det1=true
[39]	20	20	-9	-2	-1	2	det1=true
[40]	19	19	-5	0	-2	-1	det1=true
[41]	19	19	-6	0	-2	1	det1=true
[42]	17	20	-2	-1	-2	-1	det1=true
[43]	17	20	-3	-1	-2	1	det1=true
[44]	18	20	-5	1	-2	-1	det1=true
[45]	18	20	-6	1	-2	1	det1=true
[46]	18	19	-3	1	-2	-1	det1=true
[47]	18	19	-4	1	-2	1	det1=true
[48]	7	19	0	0	-1	-1	det1=true
[49]	13	21	-2	0	0	-2	det1=true
[50]	16	21	-2	1	-2	-1	det1=true
[51]	16	21	-3	1	-2	1	det1=true
[52]	12	22	0	1	-2	0	det1=true
[53]	22	22	-9	-7	-2	-1	det1=true
[54]	17	21	-4	-1	-1	-2	det1=true
[55]	17	21	-6	-1	-1	2	det1=true
[56]	18	21	-7	-3	-1	2	det1=true
[57]	18	22	-5	-5	-1	-2	det1=true
[58]	18	22	-7	-5	-1	2	det1=true
[59]	19	22	-8	-3	-2	-1	det1=true
[60]	19	22	-9	-3	-2	1	det1=true
[61]	22	22	-10	-7	-2	1	det1=true
[62]	7	21	-3	-1	-1	-1	det1=true
[63]	7	21	-4	-1	-1	1	det1=true
[64]	18	21	-5	-3	-1	-2	det1=true
[65]	20	21	-9	1	-2	-1	det1=true
[66]	21	21	-10	0	-2	-1	det1=true
[67]	21	21	-10	-5	-1	2	det1=true
[68]	16	22	-3	-2	-1	-2	det1=true
[69]	16	22	-5	-2	-1	2	det1=true
[70]	13	21	-3	1	-2	0	det1=true
[71]	19	21	-6	-4	-1	-2	det1=true
[72]	19	21	-8	-4	-1	2	det1=true
[73]	21	21	-8	-5	-1	-2	det1=true
[74]	16	21	-1	-1	-1	-2	det1=true
[75]	16	21	-3	-1	-1	2	det1=true
[76]	15	22	0	1	-2	-1	det1=true
[77]	15	22	-1	1	-2	1	det1=true
[78]	18	22	-7	-1	-1	-2	det1=true
[79]	18	22	-9	-1	-1	2	det1=true
[80]	14	24	-2	1	-2	-1	det1=true
[81]	14	24	-3	1	-2	1	det1=true
[82]	14	23	-7	-2	-2	0	det1=true
[83]	18	23	-7	-4	-1	-2	det1=true
[84]	18	23	-9	-4	-1	2	det1=true
[85]	21	23	-8	-8	-1	-2	det1=true
[86]	22	23	-11	-10	-2	0	det1=true
[87]	23	23	0	0	-2	-2	det1=true
[88]	17	24	-6	-5	-2	-1	det1=true
[89]	17	24	-7	-5	-2	1	det1=true
[90]	21	23	-10	-8	-1	2	det1=true
[91]	11	24	0	1	-2	0	det1=true
[92]	14	24	-1	-1	-1	-2	det1=true
[93]	14	24	-3	-1	-1	2	det1=true
[94]	24	24	-6	1	-2	-2	det1=true
[95]	24	24	-8	1	-2	2	det1=true
[96]	14	23	-6	-3	0	-2	det1=true
[97]	17	23	-8	-3	-1	2	det1=true
[98]	19	24	-9	-5	-2	-1	det1=true
[99]	19	24	-10	-5	-2	1	det1=true
[100]	16	23	-7	-1	-1	2	det1=true
[101]	23	24	-3	-2	-2	-2	det1=true
[102]	23	24	-5	-2	-2	2	det1=true
[103]	16	23	-5	-1	-1	-2	det1=true
[104]	17	23	-6	-3	-1	-2	det1=true
[105]	21	24	-10	-7	-2	-1	det1=true
[106]	21	24	-11	-7	-2	1	det1=true
[107]	23	24	-4	1	-2	-2	det1=true
[108]	23	24	-6	1	-2	2	det1=true
[109]	15	23	-2	-2	-1	-2	det1=true
[110]	15	23	-4	-2	-1	2	det1=true
[111]	23	23	-12	-5	-1	-2	det1=true
[112]	15	24	-5	1	-2	-1	det1=true
[113]	15	24	-6	1	-2	1	det1=true
[114]	20	23	-11	-5	-1	2	det1=true
[115]	3	23	-1	0	0	-1	det1=true
[116]	13	25	-6	-4	-2	0	det1=true
[117]	16	25	-7	-2	-1	-2	det1=true
[118]	16	25	-9	-2	-1	2	det1=true
[119]	24	25	-1	-1	0	-3	det1=true
[120]	13	25	-5	-5	0	-2	det1=true
[121]	24	26	-5	-1	-3	0	det1=true
[122]	12	25	-5	0	0	-2	det1=true
[123]	25	25	-6	-6	-2	-2	det1=true
[124]	14	26	-6	-1	-2	1	det1=true
[125]	20	26	-9	-9	-1	-2	det1=true
[126]	20	26	-11	-9	-1	2	det1=true
[127]	14	25	-4	1	-2	-1	det1=true
[128]	14	25	-5	1	-2	1	det1=true
[129]	18	25	-7	-7	-1	-2	det1=true
[130]	18	25	-9	-7	-1	2	det1=true
[131]	24	25	-7	-2	-2	-2	det1=true
[132]	24	25	-9	-2	-2	2	det1=true
[133]	14	26	-5	-1	-2	-1	det1=true
[134]	22	26	-5	-2	-2	-2	det1=true
[135]	22	26	-7	-2	-2	2	det1=true
[136]	24	26	-8	-3	-2	-2	det1=true
[137]	24	26	-10	-3	-2	2	det1=true
[138]	24	26	-4	-1	0	-3	det1=true
[139]	26	26	-9	-6	-2	-2	det1=true
[140]	26	26	-11	-6	-2	2	det1=true
[141]	26	26	-9	0	-3	0	det1=true
[142]	12	25	-6	1	-2	0	det1=true
[143]	15	25	-4	-4	-1	-2	det1=true
[144]	15	25	-6	-4	-1	2	det1=true
[145]	15	26	-7	-1	-2	-1	det1=true
[146]	15	26	-8	-1	-2	1	det1=true
[147]	27	27	-10	-2	0	-3	det1=true
[148]	27	27	-7	-8	0	-3	det1=true
[149]	27	27	-10	-8	-2	-2	det1=true
[150]	27	27	-12	-8	-2	2	det1=true
[151]	12	28	-2	1	-2	-1	det1=true
[152]	12	28	-3	1	-2	1	det1=true
[153]	21	27	-5	-1	-2	-2	det1=true
[154]	21	27	-7	-1	-2	2	det1=true
[155]	23	27	-4	-2	-3	0	det1=true
[156]	22	28	-7	-4	-2	-2	det1=true
[157]	22	28	-9	-4	-2	2	det1=true
[158]	23	28	-8	-5	-2	-2	det1=true
[159]	23	28	-10	-5	-2	2	det1=true
[160]	27	28	-11	-5	-3	0	det1=true
[161]	14	27	-5	-3	-1	-2	det1=true
[162]	14	27	-7	-3	-1	2	det1=true
[163]	25	27	-11	-1	-2	-2	det1=true
[164]	21	28	-5	-4	-2	-2	det1=true
[165]	21	28	-7	-4	-2	2	det1=true
[166]	13	28	-5	-1	-2	-1	det1=true
[167]	13	28	-6	-1	-2	1	det1=true
[168]	28	28	-12	-3	0	-3	det1=true
[169]	13	27	-4	0	-2	-1	det1=true
[170]	13	27	-5	0	-2	1	det1=true
[171]	24	27	-10	1	-2	-2	det1=true
[172]	10	28	-4	1	-2	0	det1=true
[173]	10	28	-3	0	0	-2	det1=true
[174]	24	28	-11	0	-2	-2	det1=true
[175]	24	28	-8	-7	-2	-2	det1=true
[176]	24	28	-10	-7	-2	2	det1=true
[177]	19	28	-1	0	-2	-2	det1=true
[178]	19	28	-3	0	-2	2	det1=true
[179]	5	27	-1	0	-1	-1	det1=true
[180]	5	27	-2	0	-1	1	det1=true
[181]	20	27	-2	-1	-2	-2	det1=true
[182]	20	27	-4	-1	-2	2	det1=true
[183]	27	29	-10	-8	-3	0	det1=true
[184]	29	29	-12	0	-1	-3	det1=true
[185]	23	30	-7	-5	0	-3	det1=true
[186]	11	30	0	1	-2	-1	det1=true
[187]	11	30	-1	1	-2	1	det1=true
[188]	12	29	-3	-1	-1	-2	det1=true
[189]	12	29	-5	-1	-1	2	det1=true
[190]	24	29	-11	-4	-2	-2	det1=true
[191]	24	29	-13	-4	-2	2	det1=true
[192]	25	29	-10	0	0	-3	det1=true
[193]	29	29	-9	-8	-1	-3	det1=true
[194]	29	29	-12	-8	-1	3	det1=true
[195]	21	29	-4	1	-3	0	det1=true
[196]	23	29	-1	-1	-1	-3	det1=true
[197]	23	29	-4	-1	-1	3	det1=true
[198]	12	30	-5	1	-2	-1	det1=true
[199]	12	30	-6	1	-2	1	det1=true
[200]	23	29	-2	0	-3	-1	det1=true
[201]	23	29	-3	0	-3	1	det1=true
[202]	29	29	-10	-7	-3	-1	det1=true
[203]	29	29	-11	-7	-3	1	det1=true
[204]	20	29	-6	-1	-2	-2	det1=true
[205]	20	29	-8	-1	-2	2	det1=true
[206]	20	30	-7	-2	-2	-2	det1=true
[207]	20	30	-9	-2	-2	2	det1=true
[208]	24	30	-11	-6	-2	-2	det1=true
[209]	24	30	-13	-6	-2	2	det1=true
[210]	5	29	-2	-2	-1	-1	det1=true
[211]	10	29	-4	-1	0	-2	det1=true
[212]	18	32	-6	1	-2	-2	det1=true
[213]	18	32	-8	1	-2	2	det1=true
[214]	29	32	-7	1	-2	-3	det1=true
[215]	29	32	-10	1	-2	3	det1=true
[216]	17	31	1	1	-2	-2	det1=true
[217]	29	31	-14	-4	-3	-1	det1=true
[218]	29	31	-15	-4	-3	1	det1=true
[219]	11	31	-2	-1	-1	-2	det1=true
[220]	11	31	-4	-1	-1	2	det1=true
[221]	23	31	-10	-3	-3	0	det1=true
[222]	24	31	-11	-4	-3	0	det1=true
[223]	12	31	-5	-2	-1	-2	det1=true
[224]	12	31	-7	-2	-1	2	det1=true
[225]	25	31	-10	-1	-3	-1	det1=true
[226]	25	31	-11	-1	-3	1	det1=true
[227]	25	31	-9	-2	-1	-3	det1=true
[228]	25	31	-12	-2	-1	3	det1=true
[229]	29	31	-5	0	-2	-3	det1=true
[230]	29	31	-8	0	-2	3	det1=true
[231]	31	31	-6	-6	-2	-3	det1=true
[232]	31	31	-9	-6	-2	3	det1=true
[233]	11	32	-3	-2	-1	-2	det1=true
[234]	31	32	-7	-7	-2	-3	det1=true
[235]	31	32	-10	-7	-2	3	det1=true
[236]	23	31	-5	-3	-1	-3	det1=true
[237]	23	31	-8	-3	-1	3	det1=true
[238]	28	31	-2	1	-2	-3	det1=true
[239]	28	31	-5	1	-2	3	det1=true
[240]	19	32	-8	1	-2	-2	det1=true
[241]	19	32	-10	1	-2	2	det1=true
[242]	32	32	-10	-5	-2	-3	det1=true
[243]	32	32	-13	-5	-2	3	det1=true
[244]	29	32	-6	-3	-2	-3	det1=true
[245]	29	32	-9	-3	-2	3	det1=true
[246]	31	32	-10	-1	-2	-3	det1=true
[247]	31	32	-13	-1	-2	3	det1=true
[248]	23	31	-6	-2	-3	-1	det1=true
[249]	23	31	-7	-2	-3	1	det1=true
[250]	11	32	-5	-2	-1	2	det1=true
[251]	29	31	-13	-5	-1	-3	det1=true
[252]	29	31	-16	-5	-1	3	det1=true
[253]	20	32	-7	-6	-2	-2	det1=true
[254]	20	32	-9	-6	-2	2	det1=true
[255]	34	34	-3	-3	-1	-4	det1=true
[256]	12	33	-5	-5	-1	-2	det1=true
[257]	12	33	-7	-5	-1	2	det1=true
[258]	19	33	-7	-5	-2	-2	det1=true
[259]	19	33	-9	-5	-2	2	det1=true
[260]	21	33	-10	1	-3	0	det1=true
[261]	22	33	-11	-2	-3	0	det1=true
[262]	24	33	-11	-10	-2	-2	det1=true
[263]	33	33	-6	2	-4	0	det1=true
[264]	18	34	-6	-5	-2	-2	det1=true
[265]	18	34	-8	-5	-2	2	det1=true
[266]	22	34	-10	-9	-2	-2	det1=true
[267]	22	34	-12	-9	-2	2	det1=true
[268]	32	33	-11	-6	-3	-2	det1=true
[269]	32	33	-13	-6	-3	2	det1=true
[270]	17	33	-4	-2	-2	-2	det1=true
[271]	17	33	-6	-2	-2	2	det1=true
[272]	32	34	-10	-9	-2	-3	det1=true
[273]	32	34	-13	-9	-2	3	det1=true
[274]	34	34	-11	-11	-2	-3	det1=true
[275]	34	34	-14	-11	-2	3	det1=true
[276]	25	33	-10	-6	-3	-1	det1=true
[277]	25	33	-11	-6	-3	1	det1=true
[278]	31	33	-13	-12	-3	-1	det1=true
[279]	31	33	-14	-12	-3	1	det1=true
[280]	26	34	-3	-2	-3	-2	det1=true
[281]	26	34	-5	-2	-3	2	det1=true
[282]	29	34	-11	-4	-3	2	det1=true
[283]	30	34	-11	-3	-3	-2	det1=true
[284]	30	34	-13	-3	-3	2	det1=true
[285]	29	33	-8	-3	-3	-2	det1=true
[286]	29	33	-10	-3	-3	2	det1=true
[287]	29	34	-9	-4	-3	-2	det1=true
[288]	33	33	-4	0	0	-4	det1=true
[289]	16	34	-3	0	-2	-2	det1=true
[290]	31	34	-13	0	-3	-2	det1=true
[291]	8	33	0	1	-2	0	det1=true
[292]	16	33	0	1	-2	-2	det1=true
[293]	16	33	-2	1	-2	2	det1=true
[294]	31	34	-12	-3	-2	-3	det1=true
[295]	10	34	-2	-1	-2	-1	det1=true
[296]	10	33	0	1	-2	-1	det1=true
[297]	10	33	-1	1	-2	1	det1=true
[298]	10	34	-3	-1	-2	1	det1=true
[299]	26	33	0	1	-2	-3	det1=true
[300]	26	33	-3	1	-2	3	det1=true
[301]	2	34	-1	0	-1	0	det1=true
[302]	36	36	-9	-7	-1	-4	det1=true
[303]	36	36	-13	-7	-1	4	det1=true
[304]	18	35	-5	-2	-3	0	det1=true
[305]	19	36	-8	-1	0	-3	det1=true
[306]	35	36	-9	-4	-1	-4	det1=true
[307]	35	36	-13	-4	-1	4	det1=true
[308]	19	35	-2	1	-3	-1	det1=true
[309]	19	35	-3	1	-3	1	det1=true
[310]	17	36	-6	-5	-2	-2	det1=true
[311]	17	36	-8	-5	-2	2	det1=true
[312]	19	35	-1	0	-1	-3	det1=true
[313]	21	35	-7	-3	-3	-1	det1=true
[314]	21	35	-8	-3	-3	1	det1=true
[315]	23	35	-9	-6	-3	-1	det1=true
[316]	23	35	-10	-6	-3	1	det1=true
[317]	23	35	-8	-7	-1	-3	det1=true
[318]	23	35	-11	-7	-1	3	det1=true
[319]	33	35	-4	0	-1	-4	det1=true
[320]	33	35	-8	0	-1	4	det1=true
[321]	33	36	-5	-4	-1	-4	det1=true
[322]	33	36	-9	-4	-1	4	det1=true
[323]	19	35	-4	0	-1	3	det1=true
[324]	21	35	-6	-4	-1	-3	det1=true
[325]	21	35	-9	-4	-1	3	det1=true
[326]	15	36	-2	-1	-2	-2	det1=true
[327]	15	36	-4	-1	-2	2	det1=true
[328]	34	36	-7	-5	-4	-1	det1=true
[329]	34	36	-8	-5	-4	1	det1=true
[330]	35	36	-11	-1	-4	-1	det1=true
[331]	16	36	-6	1	-2	-2	det1=true
[332]	16	36	-8	1	-2	2	det1=true
[333]	8	35	-4	1	-2	0	det1=true
[334]	33	35	-5	-2	-4	1	det1=true
[335]	35	35	-9	-2	-4	-1	det1=true
[336]	35	35	-3	-3	-3	-3	det1=true
[337]	10	35	-4	1	-2	-1	det1=true
[338]	10	35	-5	1	-2	1	det1=true
[339]	35	35	-6	-6	-1	-4	det1=true
[340]	35	35	-8	-2	-1	-4	det1=true
[341]	35	35	-10	-6	-1	4	det1=true
[342]	35	35	-12	-2	-1	4	det1=true
[343]	24	38	-6	1	-2	-3	det1=true
[344]	24	38	-9	1	-2	3	det1=true
[345]	36	37	-11	-7	-4	-1	det1=true
[346]	36	37	-12	-7	-4	1	det1=true
[347]	37	38	-7	-2	-2	-4	det1=true
[348]	37	38	-11	-2	-2	4	det1=true
[349]	25	37	-6	-3	-3	-2	det1=true
[350]	25	37	-8	-3	-3	2	det1=true
[351]	33	37	-4	-1	-3	-3	det1=true
[352]	33	37	-7	-1	-3	3	det1=true
[353]	36	37	-2	1	-2	-4	det1=true
[354]	36	37	-6	1	-2	4	det1=true
[355]	24	38	-5	-3	-3	-2	det1=true
[356]	24	38	-7	-3	-3	2	det1=true
[357]	9	37	-1	0	-2	-1	det1=true
[358]	9	37	-2	0	-2	1	det1=true
[359]	25	37	-12	-9	-3	-1	det1=true
[360]	25	37	-13	-9	-3	1	det1=true
[361]	31	37	-13	-8	-2	-3	det1=true
[362]	31	37	-16	-8	-2	3	det1=true
[363]	31	37	-2	-3	-1	-4	det1=true
[364]	31	37	-6	-3	-1	4	det1=true
[365]	32	37	-15	-7	-3	-2	det1=true
[366]	32	37	-17	-7	-3	2	det1=true
[367]	37	37	-6	0	-4	-2	det1=true
[368]	37	37	-8	0	-4	2	det1=true
[369]	9	38	-3	1	-2	-1	det1=true
[370]	9	38	-4	1	-2	1	det1=true
[371]	29	38	-12	-7	-2	-3	det1=true
[372]	29	38	-15	-7	-2	3	det1=true
[373]	32	37	-13	-10	-3	-2	det1=true
[374]	32	37	-15	-10	-3	2	det1=true
[375]	34	37	-9	-5	-4	-1	det1=true
[376]	34	37	-10	-5	-4	1	det1=true
[377]	35	38	-9	-9	-1	-4	det1=true
[378]	35	38	-13	-9	-1	4	det1=true
[379]	36	38	-15	-1	-4	-1	det1=true
[380]	36	38	-16	-1	-4	1	det1=true
[381]	25	37	-11	-10	-1	-3	det1=true
[382]	25	37	-14	-10	-1	3	det1=true
[383]	35	37	-8	-3	-3	-3	det1=true
[384]	37	37	-5	-1	-2	-4	det1=true
[385]	23	38	-3	0	-3	-2	det1=true
[386]	23	38	-5	0	-3	2	det1=true
[387]	36	38	-4	-3	-2	-4	det1=true
[388]	36	38	-8	-3	-2	4	det1=true
[389]	26	37	-9	-1	-3	-2	det1=true
[390]	26	37	-11	-1	-3	2	det1=true
[391]	26	37	-8	-3	-2	-3	det1=true
[392]	26	37	-11	-3	-2	3	det1=true
[393]	32	37	-7	-1	-4	-1	det1=true
[394]	32	37	-8	-1	-4	1	det1=true
[395]	36	37	-3	2	-4	-2	det1=true
[396]	36	37	-5	2	-4	2	det1=true
[397]	37	37	-9	-1	-2	4	det1=true
[398]	25	38	-7	-4	-3	-2	det1=true
[399]	25	38	-9	-4	-3	2	det1=true
[400]	28	38	-13	-2	-3	-2	det1=true
[401]	28	38	-15	-2	-3	2	det1=true
[402]	29	38	-13	-5	-2	-3	det1=true
[403]	29	38	-16	-5	-2	3	det1=true
[404]	32	38	-8	-3	-4	-1	det1=true
[405]	32	38	-9	-3	-4	1	det1=true
[406]	37	38	-8	-1	-4	-2	det1=true
[407]	37	38	-10	-1	-4	2	det1=true
[408]	38	38	-7	-6	-4	-2	det1=true
[409]	38	38	-9	-6	-4	2	det1=true
[410]	19	37	-6	0	-3	-1	det1=true
[411]	19	37	-7	0	-3	1	det1=true
[412]	19	37	-5	-1	-1	-3	det1=true
[413]	19	37	-8	-1	-1	3	det1=true
[414]	30	37	-11	-9	-3	-2	det1=true
[415]	30	37	-13	-9	-3	2	det1=true
[416]	34	38	-14	-13	-2	-3	det1=true
[417]	16	37	-6	-3	-2	-2	det1=true
[418]	38	38	-11	-12	-1	-4	det1=true
[419]	8	37	-4	-3	-2	0	det1=true
[420]	25	38	-8	-1	-2	-3	det1=true
[421]	25	38	-11	-1	-2	3	det1=true
[422]	33	38	-10	-3	-4	-1	det1=true
[423]	33	38	-11	-3	-4	1	det1=true
[424]	26	38	-10	1	-2	-3	det1=true
[425]	26	38	-13	1	-2	3	det1=true
[426]	30	38	-4	1	-4	-1	det1=true
[427]	26	37	-7	-5	-3	-2	det1=true
[428]	26	37	-9	-5	-3	2	det1=true
[429]	33	37	-8	-1	-1	-4	det1=true
[430]	33	37	-12	-1	-1	4	det1=true
[431]	30	38	-3	-1	-4	-1	det1=true
[432]	30	38	-4	-1	-4	1	det1=true
[433]	38	38	-15	-12	-1	4	det1=true
[434]	9	39	-4	0	-2	-1	det1=true
[435]	9	39	-5	0	-2	1	det1=true
[436]	9	39	-3	-2	-2	-1	det1=true
[437]	9	39	-4	-2	-2	1	det1=true
[438]	34	39	-13	-3	-4	-1	det1=true
[439]	25	40	-11	1	-3	-2	det1=true
[440]	25	40	-13	1	-3	2	det1=true
[441]	30	40	-7	0	-1	-4	det1=true
[442]	30	40	-11	0	-1	4	det1=true
[443]	39	40	-16	-11	-4	-1	det1=true
[444]	39	40	-17	-11	-4	1	det1=true
[445]	29	39	-3	2	-4	-1	det1=true
[446]	31	39	-2	-2	-3	-3	det1=true
[447]	39	39	-13	-1	-4	-2	det1=true
[448]	39	39	-15	-1	-4	2	det1=true
[449]	28	40	1	0	-1	-4	det1=true
[450]	28	40	-3	0	-1	4	det1=true
[451]	30	40	-8	-1	-4	-1	det1=true
[452]	30	40	-9	-1	-4	1	det1=true
[453]	33	40	-1	2	-4	-2	det1=true
[454]	33	40	-3	2	-4	2	det1=true
[455]	35	40	-13	-7	-1	-4	det1=true
[456]	35	40	-17	-7	-1	4	det1=true
[457]	36	40	-16	-5	-4	-1	det1=true
[458]	36	40	-17	-5	-4	1	det1=true
[459]	39	40	-11	-8	-4	-2	det1=true
[460]	39	40	-13	-8	-4	2	det1=true
[461]	15	39	-6	-2	-2	-2	det1=true
[462]	15	39	-8	-2	-2	2	det1=true
[463]	33	39	-11	-4	-4	-1	det1=true
[464]	33	39	-12	-4	-4	1	det1=true
[465]	23	40	-7	1	-3	-2	det1=true
[466]	31	40	-9	0	-1	-4	det1=true
[467]	31	40	-13	0	-1	4	det1=true
[468]	31	40	-8	-5	-4	-1	det1=true
[469]	36	40	-16	-7	-4	1	det1=true
[470]	37	40	-15	-8	-1	-4	det1=true
[471]	37	40	-19	-8	-1	4	det1=true
[472]	37	40	-15	-9	-4	-1	det1=true
[473]	37	40	-16	-9	-4	1	det1=true
[474]	25	39	-9	-2	-2	-3	det1=true
[475]	25	39	-12	-2	-2	3	det1=true
[476]	30	39	-7	-1	-4	1	det1=true
[477]	35	39	-14	-4	-4	-1	det1=true
[478]	35	39	-13	-6	-4	-1	det1=true
[479]	35	39	-14	-6	-4	1	det1=true
[480]	39	39	-11	-5	-2	-4	det1=true
[481]	39	39	-15	-5	-2	4	det1=true
[482]	23	40	-9	1	-3	2	det1=true
[483]	31	40	-9	-5	-4	1	det1=true
[484]	36	40	-15	-7	-4	-1	det1=true
[485]	37	40	-8	-7	-2	-4	det1=true
[486]	37	40	-12	-7	-2	4	det1=true
[487]	17	39	-1	0	-3	-1	det1=true
[488]	17	39	-2	0	-3	1	det1=true
[489]	34	39	-2	1	-4	-2	det1=true
[490]	34	39	-4	1	-4	2	det1=true
[491]	35	40	-16	-1	-4	-1	det1=true
[492]	35	40	-17	-1	-4	1	det1=true
[493]	30	39	-6	-1	-4	-1	det1=true
[494]	34	39	-1	0	-2	-4	det1=true
[495]	34	39	-5	0	-2	4	det1=true
[496]	35	39	-5	1	-2	-4	det1=true
[497]	35	39	-9	1	-2	4	det1=true
[498]	22	40	-3	-1	-2	-3	det1=true
[499]	22	40	-6	-1	-2	3	det1=true
[500]	31	40	-14	-11	-2	-3	det1=true
[501]	31	40	-17	-11	-2	3	det1=true
[502]	30	39	-5	-1	-1	-4	det1=true
[503]	30	39	-9	-1	-1	4	det1=true
[504]	30	40	-7	-3	-4	-1	det1=true
[505]	30	40	-8	-3	-4	1	det1=true
[506]	22	39	0	1	-2	-3	det1=true
[507]	22	39	-3	1	-2	3	det1=true
[508]	39	39	-12	-2	-2	-4	det1=true
[509]	39	39	-16	-2	-2	4	det1=true
[510]	37	40	-9	-6	-4	-2	det1=true
[511]	37	40	-11	-6	-4	2	det1=true
[512]	39	40	-10	-9	-2	-4	det1=true
[513]	39	40	-14	-9	-2	4	det1=true
[514]	34	40	-11	-8	-1	-4	det1=true
[515]	34	40	-15	-8	-1	4	det1=true
[516]	31	39	-9	2	-4	-1	det1=true
[517]	31	39	-10	2	-4	1	det1=true
[518]	33	40	0	1	-2	-4	det1=true
[519]	33	40	-4	1	-2	4	det1=true
[520]	41	41	-4	1	-3	-4	det1=true
[521]	41	41	-8	1	-3	4	det1=true
[522]	42	43	-19	-6	-2	-4	det1=true
[523]	42	43	-23	-6	-2	4	det1=true
[524]	19	41	-8	-5	-1	-3	det1=true
[525]	19	41	-11	-5	-1	3	det1=true
[526]	22	41	-4	-3	-2	-3	det1=true
[527]	30	41	-10	1	-4	-1	det1=true
[528]	30	41	-11	1	-4	1	det1=true
[529]	33	41	-11	-2	-3	-3	det1=true
[530]	33	41	-14	-2	-3	3	det1=true
[531]	41	41	-6	2	-5	0	det1=true
[532]	41	41	-3	-2	-4	-3	det1=true
[533]	41	41	-6	-2	-4	3	det1=true
[534]	8	42	-1	-1	-1	-2	det1=true
[535]	8	42	-3	-1	-1	2	det1=true
[536]	34	43	-10	-3	-4	-2	det1=true
[537]	34	43	-12	-3	-4	2	det1=true
[538]	8	44	-3	-2	-1	-2	det1=true
[539]	8	44	-5	-2	-1	2	det1=true
[540]	34	44	-10	-5	-2	-4	det1=true
[541]	34	44	-14	-5	-2	4	det1=true
[542]	14	42	-5	-4	-2	-2	det1=true
[543]	14	42	-7	-4	-2	2	det1=true
[544]	27	42	-1	-2	-1	-4	det1=true
[545]	27	42	-5	-2	-1	4	det1=true
[546]	32	42	-17	0	-1	4	det1=true
[547]	33	42	-13	-6	-1	-4	det1=true
[548]	33	42	-17	-6	-1	4	det1=true
[549]	23	43	-10	0	-2	-3	det1=true
[550]	23	43	-13	0	-2	3	det1=true
[551]	43	43	-11	0	-5	-1	det1=true
[552]	43	43	-12	0	-5	1	det1=true
[553]	43	43	-9	-2	-1	-5	det1=true
[554]	43	43	-14	-2	-1	5	det1=true
[555]	29	44	-13	1	-4	1	det1=true
[556]	32	44	-15	0	-1	-4	det1=true
[557]	34	44	-11	-4	-4	-2	det1=true
[558]	35	44	-15	-11	-1	-4	det1=true
[559]	35	44	-19	-11	-1	4	det1=true
[560]	36	44	-15	-13	-4	-1	det1=true
[561]	36	44	-16	-13	-4	1	det1=true
[562]	39	44	-15	-10	-4	-2	det1=true
[563]	39	44	-17	-10	-4	2	det1=true
[564]	41	44	-9	-5	-4	-3	det1=true
[565]	41	44	-12	-5	-4	3	det1=true
[566]	19	41	-9	-4	-3	-1	det1=true
[567]	19	41	-10	-4	-3	1	det1=true
[568]	22	41	-7	-3	-2	3	det1=true
[569]	30	41	-7	-5	-1	-4	det1=true
[570]	30	41	-11	-5	-1	4	det1=true
[571]	33	41	-5	1	-4	-2	det1=true
[572]	33	41	-7	1	-4	2	det1=true
[573]	36	41	-13	-11	-1	-4	det1=true
[574]	36	41	-17	-11	-1	4	det1=true
[575]	36	41	-14	-3	-2	4	det1=true
[576]	38	41	-10	-9	-4	-2	det1=true
[577]	38	41	-12	-9	-4	2	det1=true
[578]	39	41	-19	-8	-4	-1	det1=true
[579]	39	41	-20	-8	-4	1	det1=true
[580]	39	41	-16	-12	-1	-4	det1=true
[581]	39	41	-20	-12	-1	4	det1=true
[582]	41	41	-17	-14	-4	-1	det1=true
[583]	41	41	-18	-14	-4	1	det1=true
[584]	29	42	-9	-1	-4	-1	det1=true
[585]	29	42	-10	-1	-4	1	det1=true
[586]	31	42	-13	1	-4	-1	det1=true
[587]	31	42	-14	1	-4	1	det1=true
[588]	32	42	-15	-7	-1	4	det1=true
[589]	36	42	-17	-9	-4	1	det1=true
[590]	36	42	-13	2	-4	-2	det1=true
[591]	36	42	-15	2	-4	2	det1=true
[592]	42	42	-20	-13	-4	-1	det1=true
[593]	42	42	-9	-1	-4	-3	det1=true
[594]	42	42	-12	-1	-4	3	det1=true
[595]	17	43	-7	0	-1	-3	det1=true
[596]	17	43	-10	0	-1	3	det1=true
[597]	20	43	-1	1	-3	-2	det1=true
[598]	22	43	-8	1	-2	-3	det1=true
[599]	22	43	-11	1	-2	3	det1=true
[600]	23	43	-10	-2	-3	-2	det1=true
[601]	23	43	-12	-2	-3	2	det1=true
[602]	31	43	-15	0	-4	1	det1=true
[603]	34	43	-9	-4	-2	-4	det1=true
[604]	34	43	-13	-4	-2	4	det1=true
[605]	42	43	-20	-5	-4	-2	det1=true
[606]	42	43	-22	-5	-4	2	det1=true
[607]	27	44	-9	-4	-1	4	det1=true
[608]	29	44	-11	-3	-4	-1	det1=true
[609]	29	44	-12	-3	-4	1	det1=true
[610]	38	44	-3	0	-3	-4	det1=true
[611]	38	44	-7	0	-3	4	det1=true
[612]	44	44	-16	-7	-4	3	det1=true
[613]	26	41	-9	-9	-2	-3	det1=true
[614]	26	41	-12	-9	-2	3	det1=true
[615]	29	41	-6	-2	-1	-4	det1=true
[616]	29	41	-10	-2	-1	4	det1=true
[617]	31	41	-6	-4	-3	-3	det1=true
[618]	31	41	-9	-4	-3	3	det1=true
[619]	32	41	-9	-8	-1	-4	det1=true
[620]	32	41	-13	-8	-1	4	det1=true
[621]	41	41	-13	-11	-4	-2	det1=true
[622]	41	41	-15	-11	-4	2	det1=true
[623]	28	42	-8	1	-4	1	det1=true
[624]	30	42	-12	-1	-4	1	det1=true
[625]	32	42	-11	-7	-1	-4	det1=true
[626]	36	42	-16	-9	-4	-1	det1=true
[627]	36	42	-12	1	-2	-4	det1=true
[628]	36	42	-16	1	-2	4	det1=true
[629]	40	42	-15	-16	-1	-4	det1=true
[630]	20	43	-3	1	-3	2	det1=true
[631]	27	43	-4	-2	-1	-4	det1=true
[632]	27	43	-8	-2	-1	4	det1=true
[633]	23	44	-9	-6	-3	-2	det1=true
[634]	23	44	-11	-6	-3	2	det1=true
[635]	27	44	-5	-4	-1	-4	det1=true
[636]	31	44	-13	-4	-1	-4	det1=true
[637]	31	44	-17	-4	-1	4	det1=true
[638]	38	44	-17	-8	-4	2	det1=true
[639]	44	44	-3	-1	-5	-2	det1=true
[640]	44	44	-5	-1	-5	2	det1=true
[641]	22	41	-5	-1	-2	-3	det1=true
[642]	22	41	-8	-1	-2	3	det1=true
[643]	23	41	-8	-1	-3	-2	det1=true
[644]	23	41	-10	-1	-3	2	det1=true
[645]	33	41	-15	-14	-2	-3	det1=true
[646]	33	41	-18	-14	-2	3	det1=true
[647]	36	41	-10	-3	-2	-4	det1=true
[648]	41	41	-17	-1	-2	-4	det1=true
[649]	23	42	-9	1	-2	-3	det1=true
[650]	23	42	-12	1	-2	3	det1=true
[651]	30	42	-9	-4	-1	-4	det1=true
[652]	30	42	-13	-4	-1	4	det1=true
[653]	35	42	-14	-11	-4	1	det1=true
[654]	40	42	-19	-16	-1	4	det1=true
[655]	17	43	-6	-4	-3	-1	det1=true
[656]	17	43	-7	-4	-3	1	det1=true
[657]	27	43	-6	2	-4	-1	det1=true
[658]	40	43	-18	-1	-2	-4	det1=true
[659]	40	43	-17	-15	-1	-4	det1=true
[660]	40	43	-21	-15	-1	4	det1=true
[661]	24	44	-11	-6	-3	-2	det1=true
[662]	24	44	-13	-6	-3	2	det1=true
[663]	32	44	-16	-5	-4	1	det1=true
[664]	33	44	-8	-5	-2	-4	det1=true
[665]	33	44	-12	-5	-2	4	det1=true
[666]	38	44	-15	-8	-4	-2	det1=true
[667]	38	44	-14	-9	-2	-4	det1=true
[668]	38	44	-18	-9	-2	4	det1=true
[669]	39	44	-14	-11	-2	-4	det1=true
[670]	39	44	-18	-11	-2	4	det1=true
[671]	44	44	-15	0	-3	-4	det1=true
[672]	44	44	-19	0	-3	4	det1=true
[673]	28	41	-4	-1	-4	-1	det1=true
[674]	28	41	-5	-1	-4	1	det1=true
[675]	33	41	-10	-9	-1	-4	det1=true
[676]	33	41	-14	-9	-1	4	det1=true
[677]	28	42	-7	1	-4	-1	det1=true
[678]	35	42	-13	-11	-4	-1	det1=true
[679]	30	43	-9	-7	-4	-1	det1=true
[680]	30	43	-10	-7	-4	1	det1=true
[681]	20	44	-3	-1	-2	-3	det1=true
[682]	20	44	-6	-1	-2	3	det1=true
[683]	32	44	-15	-5	-4	-1	det1=true
[684]	40	44	-8	-3	-4	-3	det1=true
[685]	40	44	-11	-3	-4	3	det1=true
[686]	44	44	-13	-7	-4	-3	det1=true
[687]	41	41	-18	0	-4	-2	det1=true
[688]	41	41	-12	-12	-2	-4	det1=true
[689]	41	41	-16	-12	-2	4	det1=true
[690]	30	42	-11	-1	-4	-1	det1=true
[691]	17	43	-5	-5	-1	-3	det1=true
[692]	17	43	-8	-5	-1	3	det1=true
[693]	36	41	-11	-2	-4	-2	det1=true
[694]	36	41	-13	-2	-4	2	det1=true
[695]	34	42	-15	-4	-1	-4	det1=true
[696]	6	44	0	1	-2	0	det1=true
[697]	12	44	0	1	-2	-2	det1=true
[698]	30	44	0	1	-2	-4	det1=true
[699]	30	44	-4	1	-2	4	det1=true
[700]	46	46	-15	-12	-3	-4	det1=true
[701]	46	46	-19	-12	-3	4	det1=true
[702]	28	47	1	2	-4	-2	det1=true
[703]	28	47	-1	2	-4	2	det1=true
[704]	45	45	-21	-13	-4	-2	det1=true
[705]	45	45	-23	-13	-4	2	det1=true
[706]	45	45	-14	-6	-1	-5	det1=true
[707]	45	45	-19	-6	-1	5	det1=true
[708]	21	46	-9	1	-2	-3	det1=true
[709]	21	46	-12	1	-2	3	det1=true
[710]	27	47	-7	-2	-3	-3	det1=true
[711]	27	47	-10	-2	-3	3	det1=true
[712]	27	47	-5	-5	-3	-3	det1=true
[713]	35	47	1	2	-4	-3	det1=true
[714]	35	47	-2	2	-4	3	det1=true
[715]	35	48	-15	-16	-1	-4	det1=true
[716]	35	48	-19	-16	-1	4	det1=true
[717]	30	45	-13	-2	-1	-4	det1=true
[718]	30	45	-17	-2	-1	4	det1=true
[719]	37	45	-3	2	-4	-3	det1=true
[720]	37	45	-6	2	-4	3	det1=true
[721]	22	46	-9	-6	-3	-2	det1=true
[722]	22	46	-11	-6	-3	2	det1=true
[723]	33	46	-10	-7	-4	-2	det1=true
[724]	33	46	-12	-7	-4	2	det1=true
[725]	36	46	-16	-3	-2	-4	det1=true
[726]	36	46	-20	-3	-2	4	det1=true
[727]	36	46	-12	-11	-2	-4	det1=true
[728]	36	46	-16	-11	-2	4	det1=true
[729]	36	46	-1	0	-3	-4	det1=true
[730]	36	46	-5	0	-3	4	det1=true
[731]	24	47	-1	0	-1	-4	det1=true
[732]	24	47	-5	0	-1	4	det1=true
[733]	41	47	-14	0	-5	-1	det1=true
[734]	41	47	-15	0	-5	1	det1=true
[735]	42	47	-7	1	-5	-2	det1=true
[736]	42	47	-9	1	-5	2	det1=true
[737]	46	47	-17	-11	-3	-4	det1=true
[738]	25	48	-7	-3	-4	-1	det1=true
[739]	25	48	-8	-3	-4	1	det1=true
[740]	27	48	-9	-7	-1	-4	det1=true
[741]	27	48	-13	-7	-1	4	det1=true
[742]	25	45	0	-1	-1	-4	det1=true
[743]	25	45	-4	-1	-1	4	det1=true
[744]	28	45	-11	-1	-4	-1	det1=true
[745]	28	45	-12	-1	-4	1	det1=true
[746]	30	45	-13	-5	-4	-1	det1=true
[747]	30	45	-14	-5	-4	1	det1=true
[748]	31	45	-15	-4	-4	-1	det1=true
[749]	31	45	-16	-4	-4	1	det1=true
[750]	32	45	-15	-7	-4	-1	det1=true
[751]	32	45	-16	-7	-4	1	det1=true
[752]	33	45	-11	1	-2	-4	det1=true
[753]	33	45	-15	1	-2	4	det1=true
[754]	38	45	-6	-1	-4	-3	det1=true
[755]	41	45	-10	-6	-3	-4	det1=true
[756]	41	45	-14	-6	-3	4	det1=true
[757]	43	45	-11	-6	-1	-5	det1=true
[758]	43	45	-16	-6	-1	5	det1=true
[759]	44	45	-19	-20	-1	-4	det1=true
[760]	44	45	-23	-20	-1	4	det1=true
[761]	45	45	-16	-4	-5	-1	det1=true
[762]	25	46	-5	1	-4	-1	det1=true
[763]	25	46	-6	1	-4	1	det1=true
[764]	33	46	-9	-8	-2	-4	det1=true
[765]	33	46	-13	-8	-2	4	det1=true
[766]	41	46	-11	-7	-3	-4	det1=true
[767]	41	46	-15	-7	-3	4	det1=true
[768]	43	46	-7	0	-5	-2	det1=true
[769]	43	46	-9	0	-5	2	det1=true
[770]	45	46	-25	-4	-2	-4	det1=true
[771]	46	46	-27	-2	-4	-2	det1=true
[772]	20	47	-7	-3	-3	-2	det1=true
[773]	38	47	-10	-1	-4	-3	det1=true
[774]	38	47	-13	-1	-4	3	det1=true
[775]	42	47	-5	-3	-5	-2	det1=true
[776]	47	47	-16	-12	-1	-5	det1=true
[777]	47	47	-21	-12	-1	5	det1=true
[778]	25	48	-8	-1	-4	-1	det1=true
[779]	25	48	-9	-1	-4	1	det1=true
[780]	36	48	-7	0	-3	-4	det1=true
[781]	36	48	-11	0	-3	4	det1=true
[782]	42	48	-6	-5	-2	-5	det1=true
[783]	42	48	-11	-5	-2	5	det1=true
[784]	43	48	-11	-1	-5	-2	det1=true
[785]	48	48	-17	-6	-5	-2	det1=true
[786]	48	48	-19	-6	-5	2	det1=true
[787]	25	45	-2	2	-4	-1	det1=true
[788]	25	45	-3	2	-4	1	det1=true
[789]	29	45	-10	-6	-1	-4	det1=true
[790]	29	45	-14	-6	-1	4	det1=true
[791]	38	45	-9	-1	-4	3	det1=true
[792]	39	45	-9	2	-4	-3	det1=true
[793]	39	45	-12	2	-4	3	det1=true
[794]	41	45	-11	1	-5	-1	det1=true
[795]	41	45	-12	1	-5	1	det1=true
[796]	43	45	-13	-4	-5	-1	det1=true
[797]	43	45	-14	-4	-5	1	det1=true
[798]	43	45	-4	1	-5	-2	det1=true
[799]	43	45	-6	1	-5	2	det1=true
[800]	20	46	-7	1	-3	-2	det1=true
[801]	20	46	-9	1	-3	2	det1=true
[802]	25	46	-3	-2	-1	-4	det1=true
[803]	25	46	-7	-2	-1	4	det1=true
[804]	37	46	-6	1	-4	-3	det1=true
[805]	37	46	-9	1	-4	3	det1=true
[806]	42	46	-2	-1	-2	-5	det1=true
[807]	42	46	-7	-1	-2	5	det1=true
[808]	19	47	-4	-2	-3	-2	det1=true
[809]	19	47	-6	-2	-3	2	det1=true
[810]	25	47	-7	2	-4	-1	det1=true
[811]	25	47	-8	2	-4	1	det1=true
[812]	27	47	-14	-2	-1	4	det1=true
[813]	30	47	-14	-7	-4	-1	det1=true
[814]	30	47	-15	-7	-4	1	det1=true
[815]	37	47	-6	-4	-3	-4	det1=true
[816]	38	47	-9	-3	-3	-4	det1=true
[817]	38	47	-13	-3	-3	4	det1=true
[818]	40	47	-13	-3	-4	-3	det1=true
[819]	42	47	-7	-3	-5	2	det1=true
[820]	46	47	-21	-11	-3	4	det1=true
[821]	47	47	-16	-14	-3	-4	det1=true
[822]	47	47	-20	-14	-3	4	det1=true
[823]	7	48	-1	-1	-1	-2	det1=true
[824]	7	48	-3	-1	-1	2	det1=true
[825]	19	48	-5	-3	-3	-2	det1=true
[826]	19	48	-7	-3	-3	2	det1=true
[827]	25	48	-7	0	-1	-4	det1=true
[828]	25	48	-11	0	-1	4	det1=true
[829]	26	45	-6	-1	-4	-1	det1=true
[830]	39	45	-6	1	-5	-1	det1=true
[831]	39	45	-7	1	-5	1	det1=true
[832]	41	45	-9	-1	-1	-5	det1=true
[833]	41	45	-14	-1	-1	5	det1=true
[834]	44	45	-5	-3	-2	-5	det1=true
[835]	44	45	-10	-3	-2	5	det1=true
[836]	45	45	-18	2	-4	-3	det1=true
[837]	45	45	-21	2	-4	3	det1=true
[838]	45	45	-17	-4	-5	1	det1=true
[839]	45	45	-14	-9	-5	1	det1=true
[840]	45	45	-11	-11	-1	-5	det1=true
[841]	19	46	-3	0	-3	-2	det1=true
[842]	19	46	-5	0	-3	2	det1=true
[843]	27	46	-7	-6	-1	-4	det1=true
[844]	27	46	-11	-6	-1	4	det1=true
[845]	28	46	-11	0	-1	-4	det1=true
[846]	28	46	-15	0	-1	4	det1=true
[847]	44	46	-13	-11	-4	-3	det1=true
[848]	44	46	-16	-11	-4	3	det1=true
[849]	46	46	-20	-1	-4	-3	det1=true
[850]	46	46	-23	-1	-4	3	det1=true
[851]	20	47	-9	-3	-3	2	det1=true
[852]	25	47	-4	-4	-1	-4	det1=true
[853]	25	47	-8	-4	-1	4	det1=true
[854]	27	47	-10	-2	-1	-4	det1=true
[855]	37	47	-8	0	-4	-3	det1=true
[856]	37	47	-11	0	-4	3	det1=true
[857]	39	47	-10	-1	-5	-1	det1=true
[858]	39	47	-11	-1	-5	1	det1=true
[859]	41	47	-12	-8	-4	-3	det1=true
[860]	41	47	-15	-8	-4	3	det1=true
[861]	43	48	-13	-1	-5	2	det1=true
[862]	26	45	-9	-1	-1	4	det1=true
[863]	26	45	-7	-1	-4	1	det1=true
[864]	28	45	-9	-4	-1	-4	det1=true
[865]	28	45	-13	-4	-1	4	det1=true
[866]	30	45	-13	-10	-1	4	det1=true
[867]	31	45	-10	-11	-1	-4	det1=true
[868]	31	45	-14	-11	-1	4	det1=true
[869]	37	45	-20	-4	-2	4	det1=true
[870]	37	45	-14	-14	-3	-3	det1=true
[871]	42	45	-13	-3	-3	-4	det1=true
[872]	42	45	-17	-3	-3	4	det1=true
[873]	45	45	-19	-19	-3	-3	det1=true
[874]	45	45	-13	-9	-5	-1	det1=true
[875]	45	45	-16	-11	-1	5	det1=true
[876]	30	46	-7	2	-4	-2	det1=true
[877]	30	46	-9	2	-4	2	det1=true
[878]	41	46	-14	1	-4	-3	det1=true
[879]	41	46	-17	1	-4	3	det1=true
[880]	44	46	-15	-8	-3	-4	det1=true
[881]	44	46	-19	-8	-3	4	det1=true
[882]	46	46	-17	-9	-3	-4	det1=true
[883]	46	46	-13	-1	-5	-2	det1=true
[884]	46	46	-15	-1	-5	2	det1=true
[885]	39	47	-8	-3	-1	-5	det1=true
[886]	39	47	-13	-3	-1	5	det1=true
[887]	40	47	-16	-3	-4	3	det1=true
[888]	45	47	-11	-4	-2	-5	det1=true
[889]	45	47	-16	-4	-2	5	det1=true
[890]	47	47	-19	-10	-4	-3	det1=true
[891]	47	47	-22	-10	-4	3	det1=true
[892]	28	48	-11	-7	-1	-4	det1=true
[893]	39	48	-13	0	-3	-4	det1=true
[894]	39	48	-17	0	-3	4	det1=true
[895]	26	45	-5	-1	-1	-4	det1=true
[896]	30	45	-6	-1	-4	2	det1=true
[897]	33	45	-10	-4	-2	-4	det1=true
[898]	33	45	-14	-4	-2	4	det1=true
[899]	39	45	-4	-1	-1	-5	det1=true
[900]	39	45	-9	-1	-1	5	det1=true
[901]	44	45	-13	-9	-3	-4	det1=true
[902]	44	45	-17	-9	-3	4	det1=true
[903]	44	45	-6	1	-2	-5	det1=true
[904]	44	45	-11	1	-2	5	det1=true
[905]	45	45	-22	-18	-4	-1	det1=true
[906]	45	45	-23	-18	-4	1	det1=true
[907]	46	46	-21	-9	-3	4	det1=true
[908]	38	47	-17	-17	-1	-4	det1=true
[909]	38	47	-21	-17	-1	4	det1=true
[910]	45	47	-16	-9	-5	-1	det1=true
[911]	45	47	-17	-9	-5	1	det1=true
[912]	45	47	-14	-11	-1	-5	det1=true
[913]	45	47	-19	-11	-1	5	det1=true
[914]	45	48	-13	-5	-5	-2	det1=true
[915]	45	48	-15	-5	-5	2	det1=true
[916]	30	45	-9	-10	-1	-4	det1=true
[917]	30	45	-4	-1	-4	-2	det1=true
[918]	27	46	-9	-1	-1	-4	det1=true
[919]	27	46	-13	-1	-1	4	det1=true
[920]	47	47	-16	-1	-5	-2	det1=true
[921]	47	47	-18	-1	-5	2	det1=true
[922]	19	48	-6	1	-2	-3	det1=true
[923]	19	48	-9	1	-2	3	det1=true
[924]	33	48	-15	-13	-4	-1	det1=true
[925]	33	48	-16	-13	-4	1	det1=true
[926]	43	48	-9	-5	-5	-2	det1=true
[927]	43	48	-11	-5	-5	2	det1=true
[928]	38	45	-13	-12	-2	-4	det1=true
[929]	38	45	-17	-12	-2	4	det1=true
[930]	39	45	-19	-14	-4	-1	det1=true
[931]	45	45	-16	-6	-3	-4	det1=true
[932]	45	45	-20	-6	-3	4	det1=true
[933]	29	46	-2	-1	-4	-2	det1=true
[934]	29	46	-4	-1	-4	2	det1=true
[935]	41	47	-12	-2	-1	-5	det1=true
[936]	41	47	-17	-2	-1	5	det1=true
[937]	44	47	-17	-7	-4	-3	det1=true
[938]	44	47	-20	-7	-4	3	det1=true
[939]	46	48	-10	-11	-2	-5	det1=true
[940]	46	48	-15	-11	-2	5	det1=true
[941]	47	47	-18	-10	-5	-1	det1=true
[942]	47	47	-19	-10	-5	1	det1=true
[943]	41	48	-5	-1	-2	-5	det1=true
[944]	46	46	-19	-4	-3	-4	det1=true
[945]	46	46	-23	-4	-3	4	det1=true
[946]	3	45	-1	0	-1	-1	det1=true
[947]	3	45	-2	0	-1	1	det1=true
[948]	12	45	-2	-1	-2	-2	det1=true
[949]	12	45	-4	-1	-2	2	det1=true
[950]	12	46	-4	1	-2	-2	det1=true
[951]	12	46	-6	1	-2	2	det1=true
[952]	12	46	-3	-2	-2	-2	det1=true
[953]	12	46	-5	-2	-2	2	det1=true
[954]	6	47	-3	-2	-2	0	det1=true
[955]	30	45	-3	-2	-2	-4	det1=true
[956]	30	45	-7	-2	-2	4	det1=true
[957]	39	49	-8	-9	-1	-5	det1=true
[958]	19	50	-8	-1	-2	-3	det1=true
[959]	19	50	-11	-1	-2	3	det1=true
[960]	43	50	-4	-1	-4	-4	det1=true
[961]	43	50	-8	-1	-4	4	det1=true
[962]	49	50	-1	0	-1	-6	det1=true
[963]	42	51	-19	-6	-3	-4	det1=true
[964]	42	51	-23	-6	-3	4	det1=true
[965]	49	52	-20	-19	-4	-3	det1=true
[966]	49	52	-23	-19	-4	3	det1=true
[967]	25	49	-9	-2	-4	-1	det1=true
[968]	25	49	-10	-2	-4	1	det1=true
[969]	43	49	-15	-10	-5	-1	det1=true
[970]	43	49	-16	-10	-5	1	det1=true
[971]	43	49	-13	-12	-1	-5	det1=true
[972]	43	49	-18	-12	-1	5	det1=true
[973]	26	50	-11	-5	-4	-1	det1=true
[974]	26	50	-12	-5	-4	1	det1=true
[975]	27	50	-4	-1	-4	-2	det1=true
[976]	27	50	-6	-1	-4	2	det1=true
[977]	11	51	-4	-2	-2	-2	det1=true
[978]	11	51	-6	-2	-2	2	det1=true
[979]	22	51	-1	1	-4	-1	det1=true
[980]	22	51	-2	1	-4	1	det1=true
[981]	25	51	-8	-7	-1	-4	det1=true
[982]	25	51	-12	-7	-1	4	det1=true
[983]	39	51	-16	0	-5	-1	det1=true
[984]	39	51	-17	0	-5	1	det1=true
[985]	22	52	-3	0	-1	-4	det1=true
[986]	35	52	-11	-1	-3	-4	det1=true
[987]	35	52	-15	-1	-3	4	det1=true
[988]	37	52	-1	-1	-2	-5	det1=true
[989]	37	52	-6	-1	-2	5	det1=true
[990]	51	52	-22	-11	-2	-5	det1=true
[991]	51	52	-27	-11	-2	5	det1=true
[992]	24	49	-8	1	-4	1	det1=true
[993]	25	49	-8	-2	-1	-4	det1=true
[994]	28	49	-11	-9	-4	-1	det1=true
[995]	28	49	-12	-9	-4	1	det1=true
[996]	30	49	-13	-11	-4	-1	det1=true
[997]	30	49	-14	-11	-4	1	det1=true
[998]	37	49	-8	-3	-5	-1	det1=true
[999]	37	49	-9	-3	-5	1	det1=true
[1000]	44	49	-20	-5	-4	-3	det1=true
[1001]	44	49	-23	-5	-4	3	det1=true
[1002]	48	49	-17	-7	-2	-5	det1=true
[1003]	48	49	-22	-7	-2	5	det1=true
[1004]	19	50	-7	-4	-3	-2	det1=true
[1005]	19	50	-9	-4	-3	2	det1=true
[1006]	24	50	-8	-1	-4	-1	det1=true
[1007]	24	50	-9	-1	-4	1	det1=true
[1008]	27	50	-9	-10	-1	-4	det1=true
[1009]	27	50	-13	-10	-1	4	det1=true
[1010]	31	50	-14	-1	-4	-2	det1=true
[1011]	31	50	-16	-1	-4	2	det1=true
[1012]	34	50	-5	-1	-3	-4	det1=true
[1013]	34	50	-9	-1	-3	4	det1=true
[1014]	38	50	-13	-4	-3	-4	det1=true
[1015]	38	50	-17	-4	-3	4	det1=true
[1016]	45	50	-18	-13	-4	-3	det1=true
[1017]	45	50	-21	-13	-4	3	det1=true
[1018]	49	50	-20	-5	-2	-5	det1=true
[1019]	49	50	-25	-5	-2	5	det1=true
[1020]	50	50	-5	-1	-1	-6	det1=true
[1021]	50	50	-11	-1	-1	6	det1=true
[1022]	13	51	-2	0	-3	1	det1=true
[1023]	31	51	-11	-9	-4	-2	det1=true
[1024]	31	51	-13	-9	-4	2	det1=true
[1025]	36	51	-12	-1	-4	-3	det1=true
[1026]	40	51	-9	1	-2	-5	det1=true
[1027]	40	51	-14	1	-2	5	det1=true
[1028]	44	51	-17	-1	-5	-2	det1=true
[1029]	44	51	-19	-1	-5	2	det1=true
[1030]	45	51	-6	1	-5	-3	det1=true
[1031]	45	51	-9	1	-5	3	det1=true
[1032]	49	51	-7	0	-6	-1	det1=true
[1033]	49	51	-8	0	-6	1	det1=true
[1034]	50	51	-38	-3	-4	1	det1=true
[1035]	33	52	-15	-10	-4	-2	det1=true
[1036]	33	52	-17	-10	-4	2	det1=true
[1037]	34	52	-9	0	-3	-4	det1=true
[1038]	34	52	-13	0	-3	4	det1=true
[1039]	38	52	-15	-5	-3	-4	det1=true
[1040]	38	52	-19	-5	-3	4	det1=true
[1041]	40	52	-10	-3	-2	-5	det1=true
[1042]	40	52	-15	-3	-2	5	det1=true
[1043]	43	52	-17	-6	-5	2	det1=true
[1044]	47	52	-2	1	-6	-1	det1=true
[1045]	49	52	-19	-13	-5	-2	det1=true
[1046]	49	52	-21	-13	-5	2	det1=true
[1047]	49	52	-10	1	-6	-1	det1=true
[1048]	49	52	-11	1	-6	1	det1=true
[1049]	51	52	-37	-3	-1	-4	det1=true
[1050]	51	52	-13	-3	-6	-1	det1=true
[1051]	51	52	-14	-3	-6	1	det1=true
[1052]	52	52	-22	-13	-2	-5	det1=true
[1053]	52	52	-27	-13	-2	5	det1=true
[1054]	24	49	-7	1	-4	-1	det1=true
[1055]	25	49	-12	-2	-1	4	det1=true
[1056]	35	49	-10	-1	-3	4	det1=true
[1057]	37	49	-7	-3	-1	-5	det1=true
[1058]	37	49	-12	-3	-1	5	det1=true
[1059]	37	49	-6	-5	-1	-5	det1=true
[1060]	37	49	-11	-5	-1	5	det1=true
[1061]	40	49	-13	-8	-3	-4	det1=true
[1062]	40	49	-17	-8	-3	4	det1=true
[1063]	43	49	-17	-7	-5	-1	det1=true
[1064]	43	49	-18	-7	-5	1	det1=true
[1065]	43	49	-15	-9	-1	-5	det1=true
[1066]	43	49	-20	-9	-1	5	det1=true
[1067]	44	49	-20	-11	-4	3	det1=true
[1068]	47	49	-20	-12	-4	-3	det1=true
[1069]	47	49	-23	-12	-4	3	det1=true
[1070]	23	50	-3	-2	-1	-4	det1=true
[1071]	24	50	-7	0	-1	-4	det1=true
[1072]	24	50	-11	0	-1	4	det1=true
[1073]	26	50	-11	-3	-1	-4	det1=true
[1074]	26	50	-15	-3	-1	4	det1=true
[1075]	34	50	-4	-3	-4	-3	det1=true
[1076]	39	50	-5	0	-5	-2	det1=true
[1077]	39	50	-7	0	-5	2	det1=true
[1078]	13	51	-1	0	-3	-1	det1=true
[1079]	17	51	-2	0	-3	-2	det1=true
[1080]	17	51	-4	0	-3	2	det1=true
[1081]	24	51	-7	-5	-4	-1	det1=true
[1082]	24	51	-8	-5	-4	1	det1=true
[1083]	26	51	-1	0	-2	-4	det1=true
[1084]	26	51	-5	0	-2	4	det1=true
[1085]	36	51	-15	-1	-4	3	det1=true
[1086]	36	51	-9	-7	-4	-3	det1=true
[1087]	36	51	-12	-7	-4	3	det1=true
[1088]	37	51	-12	-2	-5	-1	det1=true
[1089]	37	51	-13	-2	-5	1	det1=true
[1090]	43	51	-19	-14	-1	5	det1=true
[1091]	45	51	-15	-8	-2	-5	det1=true
[1092]	45	51	-20	-8	-2	5	det1=true
[1093]	17	52	-5	-2	-3	2	det1=true
[1094]	22	52	-7	0	-1	4	det1=true
[1095]	25	52	-11	-5	-4	-1	det1=true
[1096]	25	52	-12	-5	-4	1	det1=true
[1097]	37	52	-11	-9	-3	-4	det1=true
[1098]	38	52	-19	-3	-4	3	det1=true
[1099]	42	52	-14	-1	-2	-5	det1=true
[1100]	42	52	-19	-1	-2	5	det1=true
[1101]	44	52	-17	1	-2	-5	det1=true
[1102]	44	52	-22	1	-2	5	det1=true
[1103]	46	52	-19	-16	-3	-4	det1=true
[1104]	46	52	-23	-16	-3	4	det1=true
[1105]	49	52	-21	-10	-5	-2	det1=true
[1106]	52	52	-5	-2	-2	-6	det1=true
[1107]	52	52	-11	-2	-2	6	det1=true
[1108]	15	49	-7	-3	-3	-1	det1=true
[1109]	15	49	-8	-3	-3	1	det1=true
[1110]	25	49	-6	-6	-1	-4	det1=true
[1111]	25	49	-10	-6	-1	4	det1=true
[1112]	37	49	-9	-1	-5	-1	det1=true
[1113]	40	49	-16	-1	-4	-3	det1=true
[1114]	40	49	-19	-1	-4	3	det1=true
[1115]	46	49	-15	-7	-5	-2	det1=true
[1116]	46	49	-17	-7	-5	2	det1=true
[1117]	24	50	-7	-3	-4	-1	det1=true
[1118]	24	50	-8	-3	-4	1	det1=true
[1119]	40	50	-5	-5	-2	-5	det1=true
[1120]	40	50	-10	-5	-2	5	det1=true
[1121]	44	50	-21	-18	-4	-2	det1=true
[1122]	44	50	-23	-18	-4	2	det1=true
[1123]	47	50	-12	-5	-4	-4	det1=true
[1124]	50	50	-3	-5	-1	-6	det1=true
[1125]	50	50	-9	-5	-1	6	det1=true
[1126]	31	51	-14	-11	-3	-3	det1=true
[1127]	31	51	-17	-11	-3	3	det1=true
[1128]	36	51	-17	-12	-4	-2	det1=true
[1129]	36	51	-19	-12	-4	2	det1=true
[1130]	37	51	-10	-4	-1	-5	det1=true
[1131]	37	51	-15	-4	-1	5	det1=true
[1132]	39	51	-14	-2	-1	-5	det1=true
[1133]	39	51	-19	-2	-1	5	det1=true
[1134]	39	51	-5	-4	-2	-5	det1=true
[1135]	39	51	-10	-4	-2	5	det1=true
[1136]	43	51	-16	-12	-5	-1	det1=true
[1137]	43	51	-17	-12	-5	1	det1=true
[1138]	44	51	-19	-7	-2	5	det1=true
[1139]	45	51	-5	0	-3	-5	det1=true
[1140]	45	51	-10	0	-3	5	det1=true
[1141]	51	51	-25	-13	-5	-1	det1=true
[1142]	17	52	-3	-2	-3	-2	det1=true
[1143]	30	52	-13	-8	-4	2	det1=true
[1144]	33	52	-18	-11	-2	4	det1=true
[1145]	34	52	-7	-5	-3	-4	det1=true
[1146]	34	52	-11	-5	-3	4	det1=true
[1147]	36	52	-13	0	-3	-4	det1=true
[1148]	38	52	-16	-3	-4	-3	det1=true
[1149]	38	52	-13	-9	-4	-3	det1=true
[1150]	38	52	-16	-9	-4	3	det1=true
[1151]	42	52	-18	-5	-2	5	det1=true
[1152]	43	52	-15	-6	-5	-2	det1=true
[1153]	43	52	-13	-9	-5	-2	det1=true
[1154]	43	52	-15	-9	-5	2	det1=true
[1155]	46	52	-18	-7	-2	-5	det1=true
[1156]	49	52	-23	-10	-5	2	det1=true
[1157]	51	52	-18	-17	-2	-5	det1=true
[1158]	51	52	-23	-17	-2	5	det1=true
[1159]	35	49	-6	-1	-3	-4	det1=true
[1160]	35	49	-1	1	-5	-1	det1=true
[1161]	36	49	-9	-1	-4	-3	det1=true
[1162]	36	49	-12	-1	-4	3	det1=true
[1163]	37	49	-10	-4	-4	-3	det1=true
[1164]	37	49	-13	-4	-4	3	det1=true
[1165]	37	49	-10	-1	-5	1	det1=true
[1166]	39	49	-10	-7	-5	-1	det1=true
[1167]	39	49	1	0	-2	-5	det1=true
[1168]	39	49	-4	0	-2	5	det1=true
[1169]	43	49	-12	-3	-5	-2	det1=true
[1170]	43	49	-14	-3	-5	2	det1=true
[1171]	45	49	-14	-6	-5	-2	det1=true
[1172]	45	49	-16	-6	-5	2	det1=true
[1173]	49	49	-22	-9	-1	-5	det1=true
[1174]	49	49	-27	-9	-1	5	det1=true
[1175]	49	49	-18	-9	-5	-2	det1=true
[1176]	49	49	-20	-9	-5	2	det1=true
[1177]	27	50	-13	-5	-4	-1	det1=true
[1178]	27	50	-14	-5	-4	1	det1=true
[1179]	33	51	-8	0	-3	4	det1=true
[1180]	39	51	-16	-3	-3	-4	det1=true
[1181]	39	51	-20	-3	-3	4	det1=true
[1182]	39	51	-8	2	-5	-2	det1=true
[1183]	39	51	-10	2	-5	2	det1=true
[1184]	39	51	-6	-2	-2	-5	det1=true
[1185]	39	51	-11	-2	-2	5	det1=true
[1186]	44	51	-14	-7	-2	-5	det1=true
[1187]	47	51	-19	-15	-5	-1	det1=true
[1188]	47	51	-20	-15	-5	1	det1=true
[1189]	48	51	-21	-5	-5	-2	det1=true
[1190]	48	51	-23	-5	-5	2	det1=true
[1191]	51	51	-12	-11	-5	-3	det1=true
[1192]	51	51	-15	-11	-5	3	det1=true
[1193]	30	52	-11	-8	-4	-2	det1=true
[1194]	33	52	-14	-11	-2	-4	det1=true
[1195]	39	52	-9	-2	-5	-2	det1=true
[1196]	39	52	-11	-2	-5	2	det1=true
[1197]	40	52	-9	-6	-5	-2	det1=true
[1198]	42	52	-15	-2	-5	-2	det1=true
[1199]	42	52	-17	-2	-5	2	det1=true
[1200]	42	52	-13	-5	-2	-5	det1=true
[1201]	35	49	-2	1	-5	1	det1=true
[1202]	41	49	-8	-2	-5	-2	det1=true
[1203]	41	49	-10	-2	-5	2	det1=true
[1204]	23	50	-5	1	-4	-1	det1=true
[1205]	23	50	-6	1	-4	1	det1=true
[1206]	39	50	-4	1	-2	-5	det1=true
[1207]	39	50	-9	1	-2	5	det1=true
[1208]	41	50	-9	-4	-5	-2	det1=true
[1209]	41	50	-11	-4	-5	2	det1=true
[1210]	33	51	-4	0	-3	-4	det1=true
[1211]	35	51	-8	1	-5	-1	det1=true
[1212]	35	51	-9	1	-5	1	det1=true
[1213]	35	51	-6	-1	-1	-5	det1=true
[1214]	35	51	-11	-1	-1	5	det1=true
[1215]	37	52	-15	-9	-3	4	det1=true
[1216]	39	52	-7	-5	-5	-2	det1=true
[1217]	39	52	-9	-5	-5	2	det1=true
[1218]	52	52	-7	0	-6	-2	det1=true
[1219]	52	52	-9	0	-6	2	det1=true
[1220]	15	49	-6	-4	-1	-3	det1=true
[1221]	15	49	-9	-4	-1	3	det1=true
[1222]	25	49	-3	-3	-3	-3	det1=true
[1223]	34	49	-3	1	-4	-3	det1=true
[1224]	34	49	-6	1	-4	3	det1=true
[1225]	30	50	-13	-12	-1	-4	det1=true
[1226]	30	50	-17	-12	-1	4	det1=true
[1227]	42	50	-10	-5	-2	-5	det1=true
[1228]	42	50	-15	-5	-2	5	det1=true
[1229]	50	50	-35	-9	-4	-1	det1=true
[1230]	42	51	-11	-7	-5	-2	det1=true
[1231]	42	51	-13	-7	-5	2	det1=true
[1232]	40	52	-11	-6	-5	2	det1=true
[1233]	42	49	-11	0	-5	-2	det1=true
[1234]	42	49	-13	0	-5	2	det1=true
[1235]	37	50	-11	-5	-4	-3	det1=true
[1236]	37	50	-14	-5	-4	3	det1=true
[1237]	47	50	-16	-9	-2	-5	det1=true
[1238]	47	50	-21	-9	-2	5	det1=true
[1239]	31	51	-10	-10	-2	-4	det1=true
[1240]	31	51	-14	-10	-2	4	det1=true
[1241]	38	51	-3	1	-2	-5	det1=true
[1242]	38	51	-8	1	-2	5	det1=true
[1243]	45	49	-14	-4	-2	-5	det1=true
[1244]	45	49	-19	-4	-2	5	det1=true
[1245]	46	49	-8	-5	-4	-4	det1=true
[1246]	49	49	-24	-7	-5	-1	det1=true
[1247]	49	49	-25	-7	-5	1	det1=true
[1248]	44	50	-20	-19	-2	-4	det1=true
[1249]	44	50	-24	-19	-2	4	det1=true
[1250]	45	50	-15	-5	-2	-5	det1=true
[1251]	45	50	-20	-5	-2	5	det1=true
[1252]	42	51	-15	-13	-4	-3	det1=true
[1253]	42	51	-18	-13	-4	3	det1=true
[1254]	43	51	-19	-4	-1	-5	det1=true
[1255]	43	51	-24	-4	-1	5	det1=true
[1256]	47	50	-19	-4	-5	-2	det1=true
[1257]	47	50	-21	-4	-5	2	det1=true
[1258]	51	51	-22	-18	-3	-4	det1=true
[1259]	49	49	-20	-15	-3	-4	det1=true
[1260]	49	49	-24	-15	-3	4	det1=true
[1261]	46	51	-15	-11	-5	-2	det1=true
[1262]	46	51	-17	-11	-5	2	det1=true
[1263]	12	49	-5	-4	-2	-2	det1=true
[1264]	51	51	-23	-15	-1	-5	det1=true
[1265]	35	53	-13	2	-4	-3	det1=true
[1266]	35	53	-16	2	-4	3	det1=true
[1267]	45	54	-16	1	-4	-4	det1=true
[1268]	45	54	-20	1	-4	4	det1=true
[1269]	54	55	-22	-15	-4	-4	det1=true
[1270]	54	55	-26	-15	-4	4	det1=true
[1271]	46	53	-16	-1	-4	-4	det1=true
[1272]	46	53	-20	-1	-4	4	det1=true
[1273]	51	54	-5	1	-4	-5	det1=true
[1274]	51	54	-10	1	-4	5	det1=true
[1275]	54	54	-12	-1	-4	-5	det1=true
[1276]	54	54	-17	-1	-4	5	det1=true
[1277]	25	55	-12	-8	-4	-1	det1=true
[1278]	25	55	-13	-8	-4	1	det1=true
[1279]	46	55	-18	-3	-4	-4	det1=true
[1280]	46	55	-22	-3	-4	4	det1=true
[1281]	46	55	-14	-11	-4	-4	det1=true
[1282]	54	55	-14	1	-4	-5	det1=true
[1283]	54	55	-19	1	-4	5	det1=true
[1284]	55	55	-25	-18	-2	-5	det1=true
[1285]	55	55	-30	-18	-2	5	det1=true
[1286]	20	56	1	0	-1	-4	det1=true
[1287]	20	56	-3	0	-1	4	det1=true
[1288]	49	56	-14	-7	-6	-1	det1=true
[1289]	23	53	-12	0	-1	4	det1=true
[1290]	41	53	-17	-10	-5	-1	det1=true
[1291]	43	53	-5	2	-5	-3	det1=true
[1292]	43	53	-8	2	-5	3	det1=true
[1293]	51	53	-5	-3	-6	-2	det1=true
[1294]	51	53	-7	-3	-6	2	det1=true
[1295]	28	54	-13	2	-4	-2	det1=true
[1296]	28	54	-15	2	-4	2	det1=true
[1297]	34	54	-11	-3	0	-5	det1=true
[1298]	36	54	-2	-3	-2	-5	det1=true
[1299]	36	54	-7	-3	-2	5	det1=true
[1300]	38	54	-11	2	-5	-2	det1=true
[1301]	38	54	-13	2	-5	2	det1=true
[1302]	42	54	-19	-12	-3	-4	det1=true
[1303]	42	54	-23	-12	-3	4	det1=true
[1304]	52	54	-8	1	-4	-5	det1=true
[1305]	22	55	-9	1	-4	-1	det1=true
[1306]	22	55	-10	1	-4	1	det1=true
[1307]	24	55	-1	2	-4	-2	det1=true
[1308]	24	55	-3	2	-4	2	det1=true
[1309]	45	55	-21	-16	-4	-3	det1=true
[1310]	45	55	-24	-16	-4	3	det1=true
[1311]	49	55	-7	3	-6	-2	det1=true
[1312]	49	55	-9	3	-6	2	det1=true
[1313]	35	56	-16	-1	-4	-3	det1=true
[1314]	35	56	-19	-1	-4	3	det1=true
[1315]	49	56	-15	-7	-6	1	det1=true
[1316]	52	56	-15	-2	-6	-2	det1=true
[1317]	52	56	-17	-2	-6	2	det1=true
[1318]	56	56	-20	-5	-6	-2	det1=true
[1319]	56	56	-22	-5	-6	2	det1=true
[1320]	23	53	-8	0	-1	-4	det1=true
[1321]	29	53	-12	-4	-2	-4	det1=true
[1322]	29	53	-16	-4	-2	4	det1=true
[1323]	29	53	-10	-8	-4	-2	det1=true
[1324]	29	53	-12	-8	-4	2	det1=true
[1325]	34	53	-10	-3	-4	-3	det1=true
[1326]	34	53	-13	-3	-4	3	det1=true
[1327]	38	53	-7	-3	-2	-5	det1=true
[1328]	38	53	-12	-3	-2	5	det1=true
[1329]	39	53	-8	-6	-2	-5	det1=true
[1330]	39	53	-13	-6	-2	5	det1=true
[1331]	41	53	-15	-12	-1	-5	det1=true
[1332]	41	53	-20	-12	-1	5	det1=true
[1333]	43	53	-3	-2	-3	-5	det1=true
[1334]	43	53	-8	-2	-3	5	det1=true
[1335]	44	53	-20	-13	-4	-3	det1=true
[1336]	44	53	-23	-13	-4	3	det1=true
[1337]	48	53	-17	-15	-2	-5	det1=true
[1338]	48	53	-22	-15	-2	5	det1=true
[1339]	22	54	-5	-4	-1	-4	det1=true
[1340]	22	54	-9	-4	-1	4	det1=true
[1341]	25	54	-9	-10	-1	-4	det1=true
[1342]	25	54	-13	-10	-1	4	det1=true
[1343]	39	54	-18	-7	-4	-3	det1=true
[1344]	39	54	-21	-7	-4	3	det1=true
[1345]	43	54	-17	-7	-5	-2	det1=true
[1346]	43	54	-19	-7	-5	2	det1=true
[1347]	52	54	-13	1	-4	5	det1=true
[1348]	53	54	-10	-1	-4	-5	det1=true
[1349]	27	55	-11	-3	-4	-2	det1=true
[1350]	27	55	-13	-3	-4	2	det1=true
[1351]	34	55	-15	-6	-3	4	det1=true
[1352]	37	55	-10	0	-5	-2	det1=true
[1353]	37	55	-12	0	-5	2	det1=true
[1354]	45	55	-12	-5	-5	-3	det1=true
[1355]	45	55	-15	-5	-5	3	det1=true
[1356]	48	55	0	1	-2	-6	det1=true
[1357]	48	55	-6	1	-2	6	det1=true
[1358]	53	55	-28	-18	-4	-3	det1=true
[1359]	55	55	-14	-6	-5	-4	det1=true
[1360]	55	55	-18	-6	-5	4	det1=true
[1361]	6	56	-2	1	-2	-1	det1=true
[1362]	6	56	-3	1	-2	1	det1=true
[1363]	31	56	-8	1	-4	-3	det1=true
[1364]	31	56	-11	1	-4	3	det1=true
[1365]	34	56	-11	-8	-3	-4	det1=true
[1366]	34	56	-15	-8	-3	4	det1=true
[1367]	39	56	-11	-9	-5	-2	det1=true
[1368]	39	56	-13	-9	-5	2	det1=true
[1369]	41	56	-15	-9	-5	-2	det1=true
[1370]	41	56	-17	-9	-5	2	det1=true
[1371]	55	56	-17	-6	-2	-6	det1=true
[1372]	55	56	-23	-6	-2	6	det1=true
[1373]	56	56	-22	-11	-6	-1	det1=true
[1374]	56	56	-23	-11	-6	1	det1=true
[1375]	56	56	-16	-11	-2	-6	det1=true
[1376]	56	56	-22	-11	-2	6	det1=true
[1377]	13	53	-5	1	-3	-1	det1=true
[1378]	13	53	-6	1	-3	1	det1=true
[1379]	17	53	-4	-3	-3	-2	det1=true
[1380]	17	53	-6	-3	-3	2	det1=true
[1381]	35	53	-8	-6	-5	-1	det1=true
[1382]	35	53	-9	-6	-5	1	det1=true
[1383]	41	53	-18	-10	-5	1	det1=true
[1384]	41	53	-15	-14	-4	-3	det1=true
[1385]	41	53	-18	-14	-4	3	det1=true
[1386]	43	53	-9	1	-3	5	det1=true
[1387]	47	53	-12	-6	-5	-3	det1=true
[1388]	47	53	-15	-6	-5	3	det1=true
[1389]	47	53	-7	2	-6	-1	det1=true
[1390]	47	53	-8	2	-6	1	det1=true
[1391]	48	53	-10	3	-6	-1	det1=true
[1392]	48	53	-11	3	-6	1	det1=true
[1393]	49	53	-20	-19	-1	-5	det1=true
[1394]	51	53	-23	-18	-1	-5	det1=true
[1395]	51	53	-28	-18	-1	5	det1=true
[1396]	53	53	-21	-3	-3	-5	det1=true
[1397]	24	54	-9	-7	-1	-4	det1=true
[1398]	24	54	-13	-7	-1	4	det1=true
[1399]	31	54	-3	-1	-4	-3	det1=true
[1400]	31	54	-6	-1	-4	3	det1=true
[1401]	33	54	-7	-6	-3	-4	det1=true
[1402]	33	54	-11	-6	-3	4	det1=true
[1403]	37	54	-15	-7	-4	-3	det1=true
[1404]	39	54	-13	1	-5	-2	det1=true
[1405]	39	54	-15	1	-5	2	det1=true
[1406]	40	54	-13	-5	-5	-2	det1=true
[1407]	40	54	-15	-5	-5	2	det1=true
[1408]	52	54	-7	-3	-5	-4	det1=true
[1409]	52	54	-11	-3	-5	4	det1=true
[1410]	23	55	-10	-4	-4	-1	det1=true
[1411]	23	55	-11	-4	-4	1	det1=true
[1412]	34	55	-11	-6	-3	-4	det1=true
[1413]	36	55	-6	1	-2	-5	det1=true
[1414]	36	55	-11	1	-2	5	det1=true
[1415]	36	55	-5	-3	-2	-5	det1=true
[1416]	36	55	-10	-3	-2	5	det1=true
[1417]	39	55	-14	-1	-5	-2	det1=true
[1418]	39	55	-16	-1	-5	2	det1=true
[1419]	6	56	-1	-1	-1	-2	det1=true
[1420]	6	56	-3	-1	-1	2	det1=true
[1421]	37	56	-16	-9	-4	-3	det1=true
[1422]	37	56	-19	-9	-4	3	det1=true
[1423]	38	56	-10	-7	-2	-5	det1=true
[1424]	38	56	-15	-7	-2	5	det1=true
[1425]	39	56	-14	-1	-2	-5	det1=true
[1426]	39	56	-19	-1	-2	5	det1=true
[1427]	47	56	-11	-1	-1	-6	det1=true
[1428]	49	56	-17	1	-6	-1	det1=true
[1429]	49	56	-18	1	-6	1	det1=true
[1430]	50	56	-13	-10	-1	-6	det1=true
[1431]	50	56	-19	-10	-1	6	det1=true
[1432]	53	56	-15	-6	-6	-2	det1=true
[1433]	55	56	-13	-3	-3	6	det1=true
[1434]	56	56	-27	-21	-5	2	det1=true
[1435]	24	53	-7	-8	-1	-4	det1=true
[1436]	24	53	-11	-8	-1	4	det1=true
[1437]	25	53	-1	1	-2	-4	det1=true
[1438]	25	53	-5	1	-2	4	det1=true
[1439]	32	53	-5	0	-3	-4	det1=true
[1440]	34	53	-11	1	-4	-3	det1=true
[1441]	34	53	-14	1	-4	3	det1=true
[1442]	35	53	-9	-3	-1	-5	det1=true
[1443]	35	53	-14	-3	-1	5	det1=true
[1444]	35	53	-9	-8	-4	-3	det1=true
[1445]	35	53	-12	-8	-4	3	det1=true
[1446]	43	53	-4	1	-3	-5	det1=true
[1447]	49	53	-22	-17	-5	-1	det1=true
[1448]	49	53	-23	-17	-5	1	det1=true
[1449]	50	53	-11	-4	-1	-6	det1=true
[1450]	50	53	-17	-4	-1	6	det1=true
[1451]	50	53	-9	-8	-1	-6	det1=true
[1452]	50	53	-15	-8	-1	6	det1=true
[1453]	52	53	-17	-1	-6	-1	det1=true
[1454]	52	53	-18	-1	-6	1	det1=true
[1455]	52	53	-10	1	-6	-2	det1=true
[1456]	52	53	-12	1	-6	2	det1=true
[1457]	52	53	-9	-2	-6	-2	det1=true
[1458]	52	53	-11	-2	-6	2	det1=true
[1459]	53	53	-8	-1	-5	-4	det1=true
[1460]	23	54	-9	-1	-1	-4	det1=true
[1461]	23	54	-13	-1	-1	4	det1=true
[1462]	34	54	-9	-7	-4	-3	det1=true
[1463]	35	54	-13	-3	-3	-4	det1=true
[1464]	35	54	-17	-3	-3	4	det1=true
[1465]	36	54	-5	2	-5	-2	det1=true
[1466]	36	54	-7	2	-5	2	det1=true
[1467]	37	54	-7	1	-2	-5	det1=true
[1468]	37	54	-12	1	-2	5	det1=true
[1469]	39	54	-11	-3	-2	-5	det1=true
[1470]	39	54	-16	-3	-2	5	det1=true
[1471]	41	54	-15	1	-2	-5	det1=true
[1472]	41	54	-20	1	-2	5	det1=true
[1473]	44	54	-14	-13	-2	-5	det1=true
[1474]	47	54	-17	-15	-5	-2	det1=true
[1475]	47	54	-19	-15	-5	2	det1=true
[1476]	53	54	-15	-1	-4	5	det1=true
[1477]	54	54	-31	-13	-2	5	det1=true
[1478]	16	55	-3	-1	-2	-3	det1=true
[1479]	16	55	-6	-1	-2	3	det1=true
[1480]	21	55	-4	-2	-4	-1	det1=true
[1481]	21	55	-5	-2	-4	1	det1=true
[1482]	38	55	-15	-11	-3	-4	det1=true
[1483]	38	55	-19	-11	-3	4	det1=true
[1484]	39	55	-10	-8	-2	-5	det1=true
[1485]	41	55	-2	0	-5	-3	det1=true
[1486]	41	55	-5	0	-5	3	det1=true
[1487]	51	55	-24	-14	-5	-2	det1=true
[1488]	51	55	-26	-14	-5	2	det1=true
[1489]	53	55	-11	-4	-4	-5	det1=true
[1490]	21	56	-7	1	-4	-1	det1=true
[1491]	21	56	-8	1	-4	1	det1=true
[1492]	34	56	-16	-5	-4	3	det1=true
[1493]	39	56	-15	-2	-5	-2	det1=true
[1494]	39	56	-17	-2	-5	2	det1=true
[1495]	44	56	-21	-6	-5	-2	det1=true
[1496]	44	56	-23	-6	-5	2	det1=true
[1497]	44	56	-19	-10	-5	-2	det1=true
[1498]	44	56	-21	-10	-5	2	det1=true
[1499]	47	56	-17	-1	-1	6	det1=true
[1500]	47	56	-13	-1	-6	-1	det1=true
[1501]	47	56	-14	-1	-6	1	det1=true
[1502]	47	56	0	3	-6	-2	det1=true
[1503]	47	56	-2	3	-6	2	det1=true
[1504]	47	56	2	1	-2	-6	det1=true
[1505]	47	56	-4	1	-2	6	det1=true
[1506]	48	56	-19	-17	-5	-2	det1=true
[1507]	48	56	-21	-17	-5	2	det1=true
[1508]	48	56	-9	-10	-1	-6	det1=true
[1509]	48	56	-15	-10	-1	6	det1=true
[1510]	50	56	-12	3	-6	-2	det1=true
[1511]	50	56	-14	3	-6	2	det1=true
[1512]	50	56	-11	-2	-6	-2	det1=true
[1513]	50	56	-13	-2	-6	2	det1=true
[1514]	55	56	-19	-4	-6	-2	det1=true
[1515]	55	56	-21	-4	-6	2	det1=true
[1516]	55	56	-7	-3	-3	-6	det1=true
[1517]	56	56	-25	-21	-5	-2	det1=true
[1518]	56	56	-18	-9	-6	-2	det1=true
[1519]	32	53	-9	0	-3	4	det1=true
[1520]	32	53	-5	-1	-4	-3	det1=true
[1521]	32	53	-8	-1	-4	3	det1=true
[1522]	36	53	2	1	-2	-5	det1=true
[1523]	36	53	-3	1	-2	5	det1=true
[1524]	41	53	-13	-4	-2	-5	det1=true
[1525]	41	53	-18	-4	-2	5	det1=true
[1526]	44	53	-18	-1	-2	-5	det1=true
[1527]	44	53	-23	-1	-2	5	det1=true
[1528]	47	53	-24	-10	-2	5	det1=true
[1529]	49	53	-25	-18	-4	3	det1=true
[1530]	49	53	-25	-19	-1	5	det1=true
[1531]	49	53	-8	-6	-1	-6	det1=true
[1532]	49	53	-14	-6	-1	6	det1=true
[1533]	50	53	-15	-14	-4	-4	det1=true
[1534]	50	53	-19	-14	-4	4	det1=true
[1535]	53	53	-26	-3	-3	5	det1=true
[1536]	23	54	-7	-6	-1	-4	det1=true
[1537]	23	54	-11	-6	-1	4	det1=true
[1538]	34	54	-12	-1	-4	-3	det1=true
[1539]	34	54	-15	-1	-4	3	det1=true
[1540]	34	54	-12	-7	-4	3	det1=true
[1541]	41	54	-13	-8	-5	-2	det1=true
[1542]	41	54	-15	-8	-5	2	det1=true
[1543]	45	54	-20	-3	-2	-5	det1=true
[1544]	45	54	-25	-3	-2	5	det1=true
[1545]	48	54	-21	-19	-4	-3	det1=true
[1546]	48	54	-24	-19	-4	3	det1=true
[1547]	22	55	-5	-6	-1	-4	det1=true
[1548]	22	55	-9	-6	-1	4	det1=true
[1549]	27	55	-12	2	-4	-2	det1=true
[1550]	27	55	-14	2	-4	2	det1=true
[1551]	36	55	-17	-9	-3	4	det1=true
[1552]	39	55	-15	-8	-2	5	det1=true
[1553]	41	55	-18	-13	-3	-4	det1=true
[1554]	41	55	-22	-13	-3	4	det1=true
[1555]	41	55	-16	-14	-5	-1	det1=true
[1556]	42	55	-19	1	-5	-2	det1=true
[1557]	42	55	-21	1	-5	2	det1=true
[1558]	45	55	-16	-14	-2	-5	det1=true
[1559]	45	55	-21	-14	-2	5	det1=true
[1560]	47	55	-8	-5	-1	-6	det1=true
[1561]	47	55	-14	-5	-1	6	det1=true
[1562]	54	55	-1	1	-6	-3	det1=true
[1563]	54	55	-4	1	-6	3	det1=true
[1564]	34	56	-13	-5	-4	-3	det1=true
[1565]	35	56	-13	-8	-3	-4	det1=true
[1566]	36	56	-6	-5	-2	-5	det1=true
[1567]	36	56	-11	-5	-2	5	det1=true
[1568]	42	56	-17	-7	-2	-5	det1=true
[1569]	42	56	-22	-7	-2	5	det1=true
[1570]	46	56	-7	-6	-1	-6	det1=true
[1571]	46	56	-13	-6	-1	6	det1=true
[1572]	51	56	-14	3	-6	-2	det1=true
[1573]	51	56	-16	3	-6	2	det1=true
[1574]	53	56	-15	-14	-1	-6	det1=true
[1575]	53	56	-21	-14	-1	6	det1=true
[1576]	29	53	-9	-9	-2	-4	det1=true
[1577]	29	53	-13	-9	-2	4	det1=true
[1578]	43	53	-4	-1	-5	-3	det1=true
[1579]	47	53	-11	-7	-3	-5	det1=true
[1580]	47	53	-16	-7	-3	5	det1=true
[1581]	51	53	-20	-16	-2	-5	det1=true
[1582]	51	53	-25	-16	-2	5	det1=true
[1583]	53	53	-12	-1	-5	4	det1=true
[1584]	44	54	-19	-13	-2	5	det1=true
[1585]	51	54	-23	-13	-2	-5	det1=true
[1586]	36	55	-13	-9	-3	-4	det1=true
[1587]	41	55	-17	-14	-5	1	det1=true
[1588]	47	55	-15	-5	-3	-5	det1=true
[1589]	47	55	-20	-5	-3	5	det1=true
[1590]	51	55	-6	-4	-4	-5	det1=true
[1591]	52	55	-14	1	-6	-2	det1=true
[1592]	52	55	-16	1	-6	2	det1=true
[1593]	35	56	-17	-8	-3	4	det1=true
[1594]	51	56	-8	-5	-4	-5	det1=true
[1595]	51	56	-13	-5	-4	5	det1=true
[1596]	53	56	-17	-6	-6	2	det1=true
[1597]	53	56	-13	-8	-2	-6	det1=true
[1598]	53	56	-19	-8	-2	6	det1=true
[1599]	30	53	-14	-5	-4	-2	det1=true
[1600]	30	53	-16	-5	-4	2	det1=true
[1601]	38	53	-9	0	-5	-2	det1=true
[1602]	38	53	-11	0	-5	2	det1=true
[1603]	38	53	-7	-4	-5	-2	det1=true
[1604]	38	53	-9	-4	-5	2	det1=true
[1605]	47	53	-19	-10	-2	-5	det1=true
[1606]	50	53	-19	-16	-5	-2	det1=true
[1607]	50	53	-21	-16	-5	2	det1=true
[1608]	53	53	-22	-2	-5	-3	det1=true
[1609]	21	55	-4	0	-1	-4	det1=true
[1610]	21	55	-8	0	-1	4	det1=true
[1611]	41	55	-1	-1	-3	-5	det1=true
[1612]	41	55	-6	-1	-3	5	det1=true
[1613]	43	55	-7	-5	-5	-3	det1=true
[1614]	45	55	-11	-6	-3	-5	det1=true
[1615]	45	55	-16	-6	-3	5	det1=true
[1616]	37	56	-11	-2	-5	-2	det1=true
[1617]	37	56	-13	-2	-5	2	det1=true
[1618]	56	56	-20	-9	-6	2	det1=true
[1619]	43	53	-7	-1	-5	3	det1=true
[1620]	53	53	-25	-2	-5	3	det1=true
[1621]	53	53	-12	0	-6	-2	det1=true
[1622]	53	53	-14	0	-6	2	det1=true
[1623]	46	54	-17	-13	-2	-5	det1=true
[1624]	46	54	-22	-13	-2	5	det1=true
[1625]	31	55	-6	0	-4	-3	det1=true
[1626]	31	55	-9	0	-4	3	det1=true
[1627]	47	55	-17	0	-5	-3	det1=true
[1628]	47	55	-20	0	-5	3	det1=true
[1629]	44	56	-5	3	-6	-1	det1=true
[1630]	44	56	-6	3	-6	1	det1=true
[1631]	32	55	-8	-3	-4	-3	det1=true
[1632]	32	55	-11	-3	-4	3	det1=true
[1633]	49	55	-5	1	-2	-6	det1=true
[1634]	49	55	-11	1	-2	6	det1=true
[1635]	41	53	-20	-4	-5	-1	det1=true
[1636]	50	53	-23	-18	-3	-4	det1=true
[1637]	51	53	-25	-16	-5	-1	det1=true
[1638]	51	53	-26	-16	-5	1	det1=true
[1639]	32	54	-7	0	-3	-4	det1=true
[1640]	43	55	-6	-6	-3	-5	det1=true
[1641]	55	55	-16	-9	-5	4	det1=true
[1642]	47	55	-16	-1	-3	-5	det1=true
[1643]	47	55	-21	-1	-3	5	det1=true
[1644]	47	55	-16	-4	-5	-3	det1=true
[1645]	47	55	-19	-4	-5	3	det1=true
[1646]	19	59	-1	2	-4	-1	det1=true
[1647]	19	59	-2	2	-4	1	det1=true
[1648]	41	59	-11	1	-3	-5	det1=true
[1649]	41	59	-16	1	-3	5	det1=true
[1650]	19	60	-4	1	-4	-1	det1=true
[1651]	20	60	-8	-1	-4	-1	det1=true
[1652]	20	60	-9	-1	-4	1	det1=true
[1653]	32	60	-1	1	-2	-5	det1=true
[1654]	32	60	-6	1	-2	5	det1=true
[1655]	21	59	-5	-2	-3	-3	det1=true
[1656]	21	59	-8	-2	-3	3	det1=true
[1657]	53	59	-28	-14	-3	5	det1=true
[1658]	22	60	0	1	-2	-4	det1=true
[1659]	33	60	-13	-9	-3	-4	det1=true
[1660]	33	60	-17	-9	-3	4	det1=true
[1661]	34	60	-9	1	-2	-5	det1=true
[1662]	34	60	-14	1	-2	5	det1=true
[1663]	44	60	-2	3	-6	-2	det1=true
[1664]	44	60	-4	3	-6	2	det1=true
[1665]	45	60	1	1	-4	-5	det1=true
[1666]	45	60	-4	1	-4	5	det1=true
[1667]	50	60	-14	-9	-6	-2	det1=true
[1668]	50	60	-16	-9	-6	2	det1=true
[1669]	54	60	-19	-7	-4	-5	det1=true
[1670]	54	60	-24	-7	-4	5	det1=true
[1671]	60	60	-9	-4	-4	-6	det1=true
[1672]	60	60	-15	-4	-4	6	det1=true
[1673]	20	57	-3	-1	-4	-1	det1=true
[1674]	20	57	-4	-1	-4	1	det1=true
[1675]	49	57	-8	-6	-6	-2	det1=true
[1676]	49	57	-10	-6	-6	2	det1=true
[1677]	50	57	-22	-11	-4	-4	det1=true
[1678]	53	57	-16	2	-5	-4	det1=true
[1679]	53	57	-20	2	-5	4	det1=true
[1680]	53	57	-4	-2	-3	-6	det1=true
[1681]	42	58	-1	3	-6	-1	det1=true
[1682]	42	58	-2	3	-6	1	det1=true
[1683]	47	58	-2	-1	-4	-5	det1=true
[1684]	47	58	-7	-1	-4	5	det1=true
[1685]	48	58	-26	-17	-2	5	det1=true
[1686]	50	58	-13	-14	-1	-6	det1=true
[1687]	50	58	-19	-14	-1	6	det1=true
[1688]	52	58	-3	-3	-3	-6	det1=true
[1689]	52	58	-9	-3	-3	6	det1=true
[1690]	54	58	-7	-7	-3	-6	det1=true
[1691]	56	58	-19	-8	-5	-4	det1=true
[1692]	56	58	-23	-8	-5	4	det1=true
[1693]	57	58	-27	-1	-4	5	det1=true
[1694]	58	58	-21	-15	-5	4	det1=true
[1695]	21	59	-8	-4	-1	-4	det1=true
[1696]	24	59	-7	-4	-4	-2	det1=true
[1697]	24	59	-9	-4	-4	2	det1=true
[1698]	24	59	-6	-5	-2	-4	det1=true
[1699]	24	59	-10	-5	-2	4	det1=true
[1700]	28	59	-1	1	-4	-3	det1=true
[1701]	28	59	-4	1	-4	3	det1=true
[1702]	41	59	-15	2	-5	3	det1=true
[1703]	41	59	-9	-6	-5	-3	det1=true
[1704]	41	59	-12	-6	-5	3	det1=true
[1705]	48	59	-22	-17	-2	-5	det1=true
[1706]	48	59	-8	-3	-4	-5	det1=true
[1707]	48	59	-13	-3	-4	5	det1=true
[1708]	49	59	-13	-5	-6	-2	det1=true
[1709]	49	59	-15	-5	-6	2	det1=true
[1710]	53	59	-23	-14	-3	-5	det1=true
[1711]	54	59	-29	-23	-2	5	det1=true
[1712]	57	59	-22	-7	-5	-4	det1=true
[1713]	57	59	-26	-7	-5	4	det1=true
[1714]	57	59	-16	-16	-4	-5	det1=true
[1715]	57	59	-21	-16	-4	5	det1=true
[1716]	21	60	-13	-4	-1	4	det1=true
[1717]	43	60	-19	-14	-5	-2	det1=true
[1718]	43	60	-21	-14	-5	2	det1=true
[1719]	46	60	-15	-1	-1	-6	det1=true
[1720]	48	60	-16	1	-4	5	det1=true
[1721]	50	60	-12	-11	-2	-6	det1=true
[1722]	50	60	-18	-11	-2	6	det1=true
[1723]	54	60	-25	-23	-2	-5	det1=true
[1724]	58	60	-19	-16	-5	-4	det1=true
[1725]	58	60	-23	-16	-5	4	det1=true
[1726]	60	60	-17	-14	-3	-6	det1=true
[1727]	60	60	-23	-14	-3	6	det1=true
[1728]	20	57	-4	1	-4	-1	det1=true
[1729]	20	57	-5	1	-4	1	det1=true
[1730]	22	57	-10	-3	-4	-1	det1=true
[1731]	22	57	-11	-3	-4	1	det1=true
[1732]	39	57	-14	-15	-1	-5	det1=true
[1733]	39	57	-19	-15	-1	5	det1=true
[1734]	40	57	-14	-9	-2	-5	det1=true
[1735]	40	57	-19	-9	-2	5	det1=true
[1736]	41	57	-22	-6	-2	5	det1=true
[1737]	45	57	-15	-5	-5	-3	det1=true
[1738]	45	57	-18	-5	-5	3	det1=true
[1739]	48	57	-3	-1	-4	-5	det1=true
[1740]	48	57	-8	-1	-4	5	det1=true
[1741]	50	57	-19	-3	-6	-1	det1=true
[1742]	52	57	-17	0	-6	-2	det1=true
[1743]	52	57	-19	0	-6	2	det1=true
[1744]	52	57	-13	-4	-5	-4	det1=true
[1745]	52	57	-17	-4	-5	4	det1=true
[1746]	55	57	-10	-1	-3	-6	det1=true
[1747]	55	57	-16	-1	-3	6	det1=true
[1748]	56	57	-10	-7	-6	-3	det1=true
[1749]	56	57	-13	-7	-6	3	det1=true
[1750]	57	57	-21	2	-4	-5	det1=true
[1751]	57	57	-26	2	-4	5	det1=true
[1752]	57	57	-14	-4	-6	-3	det1=true
[1753]	27	58	-12	-7	-4	-2	det1=true
[1754]	27	58	-14	-7	-4	2	det1=true
[1755]	31	58	-7	-7	-3	-4	det1=true
[1756]	31	58	-11	-7	-3	4	det1=true
[1757]	45	58	-20	-13	-2	-5	det1=true
[1758]	45	58	-25	-13	-2	5	det1=true
[1759]	48	58	-9	-2	-2	-6	det1=true
[1760]	48	58	-7	0	-5	-4	det1=true
[1761]	48	58	-11	0	-5	4	det1=true
[1762]	52	58	-17	-13	-1	-6	det1=true
[1763]	52	58	-23	-13	-1	6	det1=true
[1764]	53	58	-17	-15	-1	-6	det1=true
[1765]	53	58	-23	-15	-1	6	det1=true
[1766]	54	58	-11	-1	-6	-3	det1=true
[1767]	54	58	-14	-1	-6	3	det1=true
[1768]	57	58	-22	-1	-4	-5	det1=true
[1769]	29	59	-6	0	-3	-4	det1=true
[1770]	29	59	-10	0	-3	4	det1=true
[1771]	33	59	-3	-2	-2	-5	det1=true
[1772]	33	59	-8	-2	-2	5	det1=true
[1773]	36	59	-11	-6	-5	-2	det1=true
[1774]	36	59	-13	-6	-5	2	det1=true
[1775]	41	59	-19	-6	-2	-5	det1=true
[1776]	41	59	-12	2	-5	-3	det1=true
[1777]	43	59	-17	-8	-3	5	det1=true
[1778]	49	59	-15	1	-6	-2	det1=true
[1779]	49	59	-17	1	-6	2	det1=true
[1780]	54	59	-11	-4	-3	-6	det1=true
[1781]	54	59	-17	-4	-3	6	det1=true
[1782]	57	59	-23	-2	-4	-5	det1=true
[1783]	57	59	-28	-2	-4	5	det1=true
[1784]	57	59	-20	-11	-5	-4	det1=true
[1785]	57	59	-24	-11	-5	4	det1=true
[1786]	58	59	-52	-3	-2	3	det1=true
[1787]	59	59	-3	-3	-4	-6	det1=true
[1788]	59	59	-9	-3	-4	6	det1=true
[1789]	20	60	-7	0	-1	-4	det1=true
[1790]	20	60	-7	-3	-4	-1	det1=true
[1791]	20	60	-8	-3	-4	1	det1=true
[1792]	26	60	-11	-8	-4	-2	det1=true
[1793]	26	60	-13	-8	-4	2	det1=true
[1794]	38	60	-14	-9	-2	-5	det1=true
[1795]	47	60	-9	1	-5	-4	det1=true
[1796]	47	60	-13	1	-5	4	det1=true
[1797]	51	60	-17	1	-5	-4	det1=true
[1798]	51	60	-21	1	-5	4	det1=true
[1799]	52	60	-16	-7	-4	-5	det1=true
[1800]	52	60	-21	-7	-4	5	det1=true
[1801]	54	60	-17	-11	-5	-4	det1=true
[1802]	54	60	-21	-11	-5	4	det1=true
[1803]	59	60	-27	1	-5	-4	det1=true
[1804]	60	60	-24	-19	-4	5	det1=true
[1805]	60	60	-10	-3	-6	-4	det1=true
[1806]	16	57	-7	-3	-3	2	det1=true
[1807]	21	57	-6	-4	-4	-1	det1=true
[1808]	21	57	-7	-4	-4	1	det1=true
[1809]	34	57	-3	1	-2	-5	det1=true
[1810]	34	57	-8	1	-2	5	det1=true
[1811]	35	57	-16	-1	-5	-1	det1=true
[1812]	35	57	-17	-1	-5	1	det1=true
[1813]	35	57	-14	-3	-1	-5	det1=true
[1814]	35	57	-19	-3	-1	5	det1=true
[1815]	35	57	-8	0	-5	-2	det1=true
[1816]	35	57	-10	0	-5	2	det1=true
[1817]	36	57	-11	2	-5	-2	det1=true
[1818]	36	57	-13	2	-5	2	det1=true
[1819]	45	57	-19	-6	-3	5	det1=true
[1820]	47	57	-12	-4	-1	-6	det1=true
[1821]	47	57	-18	-4	-1	6	det1=true
[1822]	50	57	-20	-3	-6	1	det1=true
[1823]	50	57	-16	-9	-6	-1	det1=true
[1824]	50	57	-17	-9	-6	1	det1=true
[1825]	54	57	-17	-2	-5	-4	det1=true
[1826]	54	57	-21	-2	-5	4	det1=true
[1827]	32	58	-11	-5	-3	-4	det1=true
[1828]	32	58	-15	-5	-3	4	det1=true
[1829]	37	58	-15	-4	-5	2	det1=true
[1830]	39	58	-17	-3	-5	-2	det1=true
[1831]	46	58	-5	2	-6	-2	det1=true
[1832]	46	58	-7	2	-6	2	det1=true
[1833]	48	58	-15	-2	-2	6	det1=true
[1834]	55	58	-17	-9	-5	-4	det1=true
[1835]	55	58	-21	-9	-5	4	det1=true
[1836]	58	58	-39	-1	-5	2	det1=true
[1837]	36	59	-13	-2	-5	-2	det1=true
[1838]	36	59	-15	-2	-5	2	det1=true
[1839]	43	59	-13	-7	-5	-3	det1=true
[1840]	47	59	-21	-3	-5	-3	det1=true
[1841]	47	59	-24	-3	-5	3	det1=true
[1842]	47	59	-17	-11	-3	-5	det1=true
[1843]	47	59	-22	-11	-3	5	det1=true
[1844]	55	59	-25	-15	-5	-3	det1=true
[1845]	55	59	-28	-15	-5	3	det1=true
[1846]	57	59	-5	-1	-1	-7	det1=true
[1847]	57	59	-12	-1	-1	7	det1=true
[1848]	58	59	-49	-3	-2	-3	det1=true
[1849]	59	59	-26	-8	-6	-2	det1=true
[1850]	59	59	-28	-8	-6	2	det1=true
[1851]	59	59	-4	-2	-6	-4	det1=true
[1852]	59	59	-8	-2	-6	4	det1=true
[1853]	20	60	-11	0	-1	4	det1=true
[1854]	33	60	-6	1	-2	-5	det1=true
[1855]	33	60	-11	1	-2	5	det1=true
[1856]	35	60	-10	-5	-2	-5	det1=true
[1857]	35	60	-15	-5	-2	5	det1=true
[1858]	36	60	-13	-5	-5	-2	det1=true
[1859]	36	60	-15	-5	-5	2	det1=true
[1860]	38	60	-19	-9	-2	5	det1=true
[1861]	46	60	-21	-1	-1	6	det1=true
[1862]	46	60	-13	-9	-6	-1	det1=true
[1863]	46	60	-14	-9	-6	1	det1=true
[1864]	47	60	-7	-4	-5	-4	det1=true
[1865]	48	60	-11	1	-4	-5	det1=true
[1866]	49	60	-22	3	-6	-1	det1=true
[1867]	49	60	-23	3	-6	1	det1=true
[1868]	52	60	-21	-10	-1	-6	det1=true
[1869]	52	60	-27	-10	-1	6	det1=true
[1870]	53	60	-15	-14	-2	-6	det1=true
[1871]	60	60	-19	-19	-4	-5	det1=true
[1872]	60	60	-14	-3	-6	4	det1=true
[1873]	60	60	-7	-1	-2	-7	det1=true
[1874]	60	60	-14	-1	-2	7	det1=true
[1875]	30	57	-6	-1	-4	-3	det1=true
[1876]	30	57	-9	-1	-4	3	det1=true
[1877]	39	57	-16	-13	-5	-1	det1=true
[1878]	39	57	-17	-13	-5	1	det1=true
[1879]	42	57	-16	-11	-2	-5	det1=true
[1880]	53	57	-22	-6	-6	-1	det1=true
[1881]	53	57	-23	-6	-6	1	det1=true
[1882]	53	57	-10	-2	-3	6	det1=true
[1883]	56	57	-21	-13	-1	-6	det1=true
[1884]	32	58	-13	1	-4	-3	det1=true
[1885]	33	58	-1	1	-5	-2	det1=true
[1886]	33	58	-3	1	-5	2	det1=true
[1887]	39	58	-19	-3	-5	2	det1=true
[1888]	40	58	-19	-1	-5	-2	det1=true
[1889]	42	58	-14	-15	-2	-5	det1=true
[1890]	42	58	-19	-15	-2	5	det1=true
[1891]	48	58	-11	0	-6	-2	det1=true
[1892]	48	58	-13	0	-6	2	det1=true
[1893]	51	58	-23	-19	-2	-5	det1=true
[1894]	51	58	-19	-9	-6	-1	det1=true
[1895]	51	58	-20	-9	-6	1	det1=true
[1896]	54	58	-13	-7	-3	6	det1=true
[1897]	55	58	-19	-16	-1	-6	det1=true
[1898]	55	58	-25	-16	-1	6	det1=true
[1899]	56	58	-25	-5	-1	-6	det1=true
[1900]	56	58	-31	-5	-1	6	det1=true
[1901]	56	58	-16	-15	-2	-6	det1=true
[1902]	56	58	-22	-15	-2	6	det1=true
[1903]	58	58	-23	-4	-5	-4	det1=true
[1904]	58	58	-17	-15	-5	-4	det1=true
[1905]	24	59	-8	1	-2	-4	det1=true
[1906]	24	59	-12	1	-2	4	det1=true
[1907]	35	59	-10	0	-2	-5	det1=true
[1908]	35	59	-15	0	-2	5	det1=true
[1909]	39	59	-19	-12	-5	-1	det1=true
[1910]	39	59	-20	-12	-5	1	det1=true
[1911]	39	59	-12	2	-4	-4	det1=true
[1912]	43	59	-12	-8	-3	-5	det1=true
[1913]	53	59	-24	-13	-5	-3	det1=true
[1914]	53	59	-27	-13	-5	3	det1=true
[1915]	53	59	-18	-3	-5	-4	det1=true
[1916]	53	59	-22	-3	-5	4	det1=true
[1917]	37	60	-15	-5	-5	-2	det1=true
[1918]	37	60	-17	-5	-5	2	det1=true
[1919]	58	60	-24	-7	-4	-5	det1=true
[1920]	58	60	-29	-7	-4	5	det1=true
[1921]	42	57	-21	-11	-2	5	det1=true
[1922]	47	57	-22	-19	-5	-1	det1=true
[1923]	47	57	-23	-19	-5	1	det1=true
[1924]	32	58	-16	1	-4	3	det1=true
[1925]	40	58	-17	-10	-5	2	det1=true
[1926]	52	58	-15	-3	-5	-4	det1=true
[1927]	52	58	-19	-3	-5	4	det1=true
[1928]	35	59	-9	-4	-2	-5	det1=true
[1929]	35	59	-14	-4	-2	5	det1=true
[1930]	39	59	-17	-14	-1	-5	det1=true
[1931]	39	59	-14	-10	-2	-5	det1=true
[1932]	39	59	-19	-10	-2	5	det1=true
[1933]	43	59	-16	-7	-5	3	det1=true
[1934]	51	59	-14	-5	-5	-4	det1=true
[1935]	51	59	-18	-5	-5	4	det1=true
[1936]	16	57	-5	-3	-3	-2	det1=true
[1937]	37	58	-13	-4	-5	-2	det1=true
[1938]	54	58	-13	-12	-5	-4	det1=true
[1939]	54	58	-17	-12	-5	4	det1=true
[1940]	49	60	-15	-13	-1	-6	det1=true
[1941]	49	60	-21	-13	-1	6	det1=true
[1942]	57	57	-36	-7	-1	-5	det1=true
[1943]	57	57	-41	-7	-1	5	det1=true
[1944]	57	57	-17	-4	-6	3	det1=true
[1945]	50	58	-12	-7	-6	-2	det1=true
[1946]	50	58	-14	-7	-6	2	det1=true
[1947]	50	58	-10	-9	-2	-6	det1=true
[1948]	50	58	-16	-9	-2	6	det1=true
[1949]	29	59	-4	-4	-3	-4	det1=true
[1950]	29	59	-8	-4	-3	4	det1=true
[1951]	47	59	-6	-1	-5	-4	det1=true
[1952]	47	59	-10	-1	-5	4	det1=true
[1953]	59	59	-40	-7	-3	-4	det1=true
[1954]	59	59	-44	-7	-3	4	det1=true
[1955]	50	60	-11	-9	-4	-5	det1=true
[1956]	50	60	-16	-9	-4	5	det1=true
[1957]	31	57	-5	0	-1	-5	det1=true
[1958]	31	57	-10	0	-1	5	det1=true
[1959]	55	59	-24	-16	-3	-5	det1=true
[1960]	55	59	-29	-16	-3	5	det1=true
[1961]	56	59	-22	-9	-6	-2	det1=true
[1962]	56	59	-24	-9	-6	2	det1=true
[1963]	23	60	-6	1	-2	-4	det1=true
[1964]	23	60	-10	1	-2	4	det1=true
[1965]	47	57	-20	-21	-1	-5	det1=true
[1966]	47	57	-25	-21	-1	5	det1=true
[1967]	53	58	-19	-12	-1	-6	det1=true
[1968]	50	59	-9	-9	-4	-5	det1=true
[1969]	50	59	-14	-9	-4	5	det1=true
[1970]	52	57	-25	-17	-5	-2	det1=true
[1971]	52	57	-27	-17	-5	2	det1=true
[1972]	33	58	0	1	-2	-5	det1=true
[1973]	33	58	-5	1	-2	5	det1=true
[1974]	41	57	-18	-2	-2	-5	det1=true
[1975]	32	58	-9	-8	-3	-4	det1=true
[1976]	32	58	-13	-8	-3	4	det1=true
[1977]	43	58	-7	1	-6	-1	det1=true
[1978]	43	58	-8	1	-6	1	det1=true
[1979]	59	59	-24	-10	-2	-6	det1=true
[1980]	59	59	-30	-10	-2	6	det1=true
[1981]	59	59	-24	-12	-6	-2	det1=true
[1982]	59	59	-26	-12	-6	2	det1=true
[1983]	44	60	0	1	-2	-6	det1=true
[1984]	39	58	-12	-11	-2	-5	det1=true
[1985]	39	58	-17	-11	-2	5	det1=true
[1986]	59	59	-22	-14	-2	-6	det1=true
[1987]	52	60	-11	1	-6	-3	det1=true
[1988]	52	60	-14	1	-6	3	det1=true
[1989]	47	59	-18	-10	-5	-3	det1=true
[1990]	47	59	-21	-10	-5	3	det1=true
[1991]	57	57	-26	-22	-2	-5	det1=true
[1992]	57	57	-31	-22	-2	5	det1=true
[1993]	53	62	-24	-25	-2	-5	det1=true
[1994]	53	62	-29	-25	-2	5	det1=true
[1995]	43	64	-8	1	-2	-6	det1=true
[1996]	43	64	-14	1	-2	6	det1=true
[1997]	33	61	-16	-3	-5	-1	det1=true
[1998]	33	61	-17	-3	-5	1	det1=true
[1999]	49	61	-20	-18	-4	-4	det1=true
[2000]	61	61	-15	-9	-1	-7	det1=true
[2001]	61	61	-22	-9	-1	7	det1=true
[2002]	61	61	-11	-4	-2	-7	det1=true
[2003]	61	61	-18	-4	-2	7	det1=true
[2004]	58	63	-12	-1	-4	-6	det1=true
[2005]	58	63	-18	-1	-4	6	det1=true
[2006]	34	64	-15	-6	-5	2	det1=true
[2007]	43	64	-10	3	-6	-2	det1=true
[2008]	43	64	-12	3	-6	2	det1=true
[2009]	47	64	-15	-8	-6	-2	det1=true
[2010]	47	64	-17	-8	-6	2	det1=true
[2011]	49	64	-22	-11	-6	-1	det1=true
[2012]	49	64	-23	-11	-6	1	det1=true
[2013]	64	64	-27	-15	-6	-3	det1=true
[2014]	64	64	-30	-15	-6	3	det1=true
[2015]	11	61	-3	1	-3	-1	det1=true
[2016]	11	61	-4	1	-3	1	det1=true
[2017]	11	61	-2	-1	-3	-1	det1=true
[2018]	11	61	-3	-1	-3	1	det1=true
[2019]	22	61	-4	1	-4	-2	det1=true
[2020]	22	61	-6	1	-4	2	det1=true
[2021]	29	61	-5	-1	-1	-5	det1=true
[2022]	29	61	-10	-1	-1	5	det1=true
[2023]	55	61	-17	-17	-2	-6	det1=true
[2024]	55	61	-23	-17	-2	6	det1=true
[2025]	27	62	-3	-1	-4	-3	det1=true
[2026]	27	62	-6	-1	-4	3	det1=true
[2027]	50	62	-21	-9	-1	-6	det1=true
[2028]	50	62	-27	-9	-1	6	det1=true
[2029]	50	62	-17	-4	-5	-4	det1=true
[2030]	50	62	-21	-4	-5	4	det1=true
[2031]	54	62	-23	1	-4	-5	det1=true
[2032]	54	62	-28	1	-4	5	det1=true
[2033]	55	62	-19	-14	-5	-4	det1=true
[2034]	55	62	-23	-14	-5	4	det1=true
[2035]	61	62	-17	2	-6	-4	det1=true
[2036]	61	62	-21	2	-6	4	det1=true
[2037]	30	63	-13	-3	-3	-4	det1=true
[2038]	30	63	-17	-3	-3	4	det1=true
[2039]	50	63	-7	-8	-3	-6	det1=true
[2040]	50	63	-13	-8	-3	6	det1=true
[2041]	57	63	-26	-8	-5	-4	det1=true
[2042]	57	63	-30	-8	-5	4	det1=true
[2043]	59	63	-17	-9	-7	1	det1=true
[2044]	59	63	-14	1	-7	-2	det1=true
[2045]	59	63	-16	1	-7	2	det1=true
[2046]	63	63	-46	-12	-2	5	det1=true
[2047]	29	64	-13	1	-4	-3	det1=true
[2048]	29	64	-16	1	-4	3	det1=true
[2049]	34	64	-15	-1	-5	-2	det1=true
[2050]	34	64	-17	-1	-5	2	det1=true
[2051]	34	64	-13	-6	-5	-2	det1=true
[2052]	46	64	-12	-9	-6	-2	det1=true
[2053]	46	64	-14	-9	-6	2	det1=true
[2054]	48	64	-20	3	-6	-2	det1=true
[2055]	48	64	-22	3	-6	2	det1=true
[2056]	53	64	-19	-16	-6	-2	det1=true
[2057]	55	64	-24	-9	-4	-5	det1=true
[2058]	55	64	-29	-9	-4	5	det1=true
[2059]	55	64	-8	3	-6	-4	det1=true
[2060]	55	64	-12	3	-6	4	det1=true
[2061]	58	64	-14	-3	-6	-4	det1=true
[2062]	60	64	-27	-22	-1	-6	det1=true
[2063]	60	64	-33	-22	-1	6	det1=true
[2064]	11	61	-5	0	-1	3	det1=true
[2065]	24	61	-11	0	-4	-2	det1=true
[2066]	24	61	-13	0	-4	2	det1=true
[2067]	37	61	-17	-13	-5	-1	det1=true
[2068]	37	61	-18	-13	-5	1	det1=true
[2069]	37	61	-15	-15	-1	-5	det1=true
[2070]	37	61	-20	-15	-1	5	det1=true
[2071]	37	61	-3	2	-5	-3	det1=true
[2072]	37	61	-6	2	-5	3	det1=true
[2073]	37	61	-2	1	-3	-5	det1=true
[2074]	37	61	-7	1	-3	5	det1=true
[2075]	40	61	-5	-1	-1	6	det1=true
[2076]	43	61	-18	0	-5	-3	det1=true
[2077]	43	61	-21	0	-5	3	det1=true
[2078]	50	61	-23	-5	-6	-1	det1=true
[2079]	50	61	-19	-11	-1	-6	det1=true
[2080]	50	61	-25	-11	-1	6	det1=true
[2081]	57	61	-18	-17	-5	-4	det1=true
[2082]	57	61	-22	-17	-5	4	det1=true
[2083]	61	61	-24	-18	-2	-6	det1=true
[2084]	61	61	-30	-18	-2	6	det1=true
[2085]	61	61	-20	0	-7	-1	det1=true
[2086]	61	61	-21	0	-7	1	det1=true
[2087]	44	62	-6	-3	-2	-6	det1=true
[2088]	44	62	-12	-3	-2	6	det1=true
[2089]	44	62	-3	1	-4	-5	det1=true
[2090]	44	62	-8	1	-4	5	det1=true
[2091]	44	62	-3	0	-5	-4	det1=true
[2092]	47	62	-19	-7	-6	-1	det1=true
[2093]	50	62	-19	-13	-1	-6	det1=true
[2094]	50	62	-25	-13	-1	6	det1=true
[2095]	52	62	-22	-5	-6	-2	det1=true
[2096]	57	62	-26	-3	-4	-5	det1=true
[2097]	57	62	-31	-3	-4	5	det1=true
[2098]	59	62	-9	-3	-2	-7	det1=true
[2099]	59	62	-16	-3	-2	7	det1=true
[2100]	62	62	-27	-15	-5	-4	det1=true
[2101]	62	62	-31	-15	-5	4	det1=true
[2102]	19	63	-6	-4	-4	-1	det1=true
[2103]	19	63	-7	-4	-4	1	det1=true
[2104]	28	63	-9	-1	-4	-3	det1=true
[2105]	28	63	-12	-1	-4	3	det1=true
[2106]	29	63	-12	2	-4	-3	det1=true
[2107]	29	63	-15	2	-4	3	det1=true
[2108]	29	63	-13	-2	-1	5	det1=true
[2109]	34	63	-11	-7	-5	-2	det1=true
[2110]	34	63	-13	-7	-5	2	det1=true
[2111]	35	63	-14	-6	-5	-2	det1=true
[2112]	35	63	-16	-6	-5	2	det1=true
[2113]	39	63	-17	-12	-2	-5	det1=true
[2114]	53	63	-16	-10	-6	3	det1=true
[2115]	57	63	-4	-6	-2	-7	det1=true
[2116]	57	63	-11	-6	-2	7	det1=true
[2117]	59	63	-16	-9	-7	-1	det1=true
[2118]	59	63	-13	-12	-1	-7	det1=true
[2119]	59	63	-20	-12	-1	7	det1=true
[2120]	60	63	-16	-3	-6	-4	det1=true
[2121]	60	63	-15	-4	-4	-6	det1=true
[2122]	60	63	-21	-4	-4	6	det1=true
[2123]	40	64	-10	-1	-6	-1	det1=true
[2124]	40	64	-11	-1	-6	1	det1=true
[2125]	43	64	-3	-3	-4	-5	det1=true
[2126]	43	64	-8	-3	-4	5	det1=true
[2127]	46	64	-22	1	-6	-1	det1=true
[2128]	46	64	-23	1	-6	1	det1=true
[2129]	47	64	-20	-1	-6	2	det1=true
[2130]	47	64	-16	-3	-2	-6	det1=true
[2131]	47	64	-22	-3	-2	6	det1=true
[2132]	52	64	-20	-13	-6	-2	det1=true
[2133]	52	64	-22	-13	-6	2	det1=true
[2134]	54	64	-25	-3	-5	-4	det1=true
[2135]	54	64	-29	-3	-5	4	det1=true
[2136]	56	64	-8	-5	-6	-4	det1=true
[2137]	56	64	-12	-5	-6	4	det1=true
[2138]	61	64	-20	3	-6	-4	det1=true
[2139]	61	64	-24	3	-6	4	det1=true
[2140]	61	64	-19	2	-4	-6	det1=true
[2141]	61	64	-25	2	-4	6	det1=true
[2142]	64	64	-22	-7	-6	-4	det1=true
[2143]	64	64	-26	-7	-6	4	det1=true
[2144]	64	64	-19	-11	-7	-2	det1=true
[2145]	64	64	-21	-11	-7	2	det1=true
[2146]	11	61	-2	0	-1	-3	det1=true
[2147]	33	61	-14	-5	-1	-5	det1=true
[2148]	33	61	-19	-5	-1	5	det1=true
[2149]	33	61	-5	-6	-2	-5	det1=true
[2150]	33	61	-10	-6	-2	5	det1=true
[2151]	39	61	-16	-11	-5	-2	det1=true
[2152]	39	61	-18	-11	-5	2	det1=true
[2153]	45	61	-20	0	-3	-5	det1=true
[2154]	45	61	-25	0	-3	5	det1=true
[2155]	47	61	-19	-12	-5	-3	det1=true
[2156]	47	61	-22	-12	-5	3	det1=true
[2157]	47	61	-16	-8	-1	-6	det1=true
[2158]	47	61	-22	-8	-1	6	det1=true
[2159]	48	61	-9	-8	-5	-4	det1=true
[2160]	52	61	-20	-7	-6	-2	det1=true
[2161]	52	61	-22	-7	-6	2	det1=true
[2162]	57	61	-11	-4	-7	-1	det1=true
[2163]	57	61	-12	-4	-7	1	det1=true
[2164]	60	61	-14	-7	-2	7	det1=true
[2165]	61	61	-26	-13	-5	-4	det1=true
[2166]	61	61	-30	-13	-5	4	det1=true
[2167]	28	62	-8	1	-4	-3	det1=true
[2168]	28	62	-11	1	-4	3	det1=true
[2169]	32	62	-6	-1	-2	-5	det1=true
[2170]	32	62	-11	-1	-2	5	det1=true
[2171]	32	62	-7	-1	-5	-2	det1=true
[2172]	32	62	-9	-1	-5	2	det1=true
[2173]	46	62	-11	-4	-2	-6	det1=true
[2174]	46	62	-17	-4	-2	6	det1=true
[2175]	52	62	-24	-5	-6	2	det1=true
[2176]	53	62	-12	-9	-6	-3	det1=true
[2177]	53	62	-15	-9	-6	3	det1=true
[2178]	58	62	-23	-16	-2	-6	det1=true
[2179]	58	62	-29	-16	-2	6	det1=true
[2180]	59	62	-22	-17	-4	-5	det1=true
[2181]	33	63	-7	-8	-2	-5	det1=true
[2182]	33	63	-12	-8	-2	5	det1=true
[2183]	46	63	-20	-21	-2	-5	det1=true
[2184]	46	63	-25	-21	-2	5	det1=true
[2185]	57	63	-20	-10	-6	-3	det1=true
[2186]	57	63	-23	-10	-6	3	det1=true
[2187]	60	63	-20	-3	-6	4	det1=true
[2188]	61	63	-14	-8	-7	-2	det1=true
[2189]	31	64	-7	-1	-5	-2	det1=true
[2190]	31	64	-9	-1	-5	2	det1=true
[2191]	40	64	-9	-3	-6	-1	det1=true
[2192]	43	64	-9	0	-5	4	det1=true
[2193]	44	64	-8	-7	-2	-6	det1=true
[2194]	44	64	-14	-7	-2	6	det1=true
[2195]	46	64	-10	-11	-2	-6	det1=true
[2196]	49	64	-20	-5	-6	-2	det1=true
[2197]	49	64	-22	-5	-6	2	det1=true
[2198]	49	64	-18	-9	-6	-2	det1=true
[2199]	49	64	-20	-9	-6	2	det1=true
[2200]	52	64	-21	-10	-2	-6	det1=true
[2201]	52	64	-27	-10	-2	6	det1=true
[2202]	52	64	-19	-11	-4	-5	det1=true
[2203]	52	64	-24	-11	-4	5	det1=true
[2204]	52	64	-16	-15	-4	-5	det1=true
[2205]	52	64	-21	-15	-4	5	det1=true
[2206]	53	64	-21	-16	-6	2	det1=true
[2207]	54	64	-3	2	-4	-6	det1=true
[2208]	54	64	-9	2	-4	6	det1=true
[2209]	55	64	-5	-4	-4	-6	det1=true
[2210]	55	64	-11	-4	-4	6	det1=true
[2211]	58	64	-27	-21	-6	1	det1=true
[2212]	61	64	-47	-3	-2	5	det1=true
[2213]	62	64	-32	-7	-4	-5	det1=true
[2214]	62	64	-37	-7	-4	5	det1=true
[2215]	62	64	-20	-5	-6	-4	det1=true
[2216]	62	64	-24	-5	-6	4	det1=true
[2217]	64	64	-37	-10	-6	2	det1=true
[2218]	64	64	-27	-8	-4	6	det1=true
[2219]	22	61	-3	0	-2	-4	det1=true
[2220]	22	61	-7	0	-2	4	det1=true
[2221]	36	61	-14	-3	-2	-5	det1=true
[2222]	40	61	-2	3	-6	-1	det1=true
[2223]	40	61	-3	3	-6	1	det1=true
[2224]	43	61	-17	-1	-3	-5	det1=true
[2225]	43	61	-22	-1	-3	5	det1=true
[2226]	48	61	-11	-5	-4	-5	det1=true
[2227]	48	61	-16	-5	-4	5	det1=true
[2228]	48	61	-13	-8	-5	4	det1=true
[2229]	49	61	-21	-22	-2	-5	det1=true
[2230]	49	61	-26	-22	-2	5	det1=true
[2231]	49	61	-22	-4	-6	-1	det1=true
[2232]	49	61	-23	-4	-6	1	det1=true
[2233]	52	61	-24	-9	-2	6	det1=true
[2234]	60	61	-25	-21	-6	-1	det1=true
[2235]	60	61	-26	-21	-6	1	det1=true
[2236]	60	61	-13	-2	-7	2	det1=true
[2237]	60	61	-7	-7	-2	-7	det1=true
[2238]	20	62	-8	-5	-4	-1	det1=true
[2239]	20	62	-9	-5	-4	1	det1=true
[2240]	31	62	-14	-9	-4	3	det1=true
[2241]	34	62	-11	-5	-5	-2	det1=true
[2242]	34	62	-13	-5	-5	2	det1=true
[2243]	39	62	-21	-8	-5	2	det1=true
[2244]	44	62	-8	-1	-6	-2	det1=true
[2245]	44	62	-10	-1	-6	2	det1=true
[2246]	44	62	-7	0	-5	4	det1=true
[2247]	47	62	-20	-7	-6	1	det1=true
[2248]	50	62	-18	-15	-6	-1	det1=true
[2249]	50	62	-19	-15	-6	1	det1=true
[2250]	51	62	-13	-13	-4	-5	det1=true
[2251]	53	62	-18	-11	-4	-5	det1=true
[2252]	53	62	-23	-11	-4	5	det1=true
[2253]	56	62	-21	-21	-1	-6	det1=true
[2254]	56	62	-27	-21	-1	6	det1=true
[2255]	56	62	-4	-1	-6	-4	det1=true
[2256]	56	62	-8	-1	-6	4	det1=true
[2257]	56	62	-3	-2	-4	-6	det1=true
[2258]	56	62	-9	-2	-4	6	det1=true
[2259]	57	62	-5	0	-7	-2	det1=true
[2260]	57	62	-7	0	-7	2	det1=true
[2261]	59	62	-27	-17	-4	5	det1=true
[2262]	59	62	-9	-5	-7	-2	det1=true
[2263]	59	62	-11	-5	-7	2	det1=true
[2264]	60	62	-13	-6	-7	2	det1=true
[2265]	62	62	-24	-21	-2	-6	det1=true
[2266]	18	63	-1	-2	-1	-4	det1=true
[2267]	18	63	-5	-2	-1	4	det1=true
[2268]	27	63	-6	2	-4	-3	det1=true
[2269]	27	63	-4	-3	-3	-4	det1=true
[2270]	33	63	-14	1	-5	2	det1=true
[2271]	38	63	-16	-11	-2	-5	det1=true
[2272]	38	63	-21	-11	-2	5	det1=true
[2273]	43	63	-1	2	-4	-5	det1=true
[2274]	43	63	-6	2	-4	5	det1=true
[2275]	53	63	-2	-4	-1	-7	det1=true
[2276]	53	63	-9	-4	-1	7	det1=true
[2277]	55	63	-9	-4	-1	-7	det1=true
[2278]	55	63	-16	-4	-1	7	det1=true
[2279]	19	64	-8	-3	-4	-1	det1=true
[2280]	29	64	-9	-8	-3	-4	det1=true
[2281]	29	64	-13	-8	-3	4	det1=true
[2282]	43	64	-5	0	-5	-4	det1=true
[2283]	46	64	-16	-11	-2	6	det1=true
[2284]	47	64	-18	-1	-6	-2	det1=true
[2285]	47	64	-13	-10	-2	-6	det1=true
[2286]	47	64	-19	-10	-2	6	det1=true
[2287]	51	64	-22	-15	-6	-1	det1=true
[2288]	51	64	-23	-15	-6	1	det1=true
[2289]	53	64	-17	-18	-2	-6	det1=true
[2290]	53	64	-23	-18	-2	6	det1=true
[2291]	54	64	-4	3	-6	-4	det1=true
[2292]	54	64	-8	3	-6	4	det1=true
[2293]	56	64	-25	-12	-2	-6	det1=true
[2294]	56	64	-31	-12	-2	6	det1=true
[2295]	56	64	-7	-6	-4	-6	det1=true
[2296]	56	64	-13	-6	-4	6	det1=true
[2297]	58	64	-26	-21	-6	-1	det1=true
[2298]	58	64	-19	-4	-4	6	det1=true
[2299]	58	64	-11	-3	-2	-7	det1=true
[2300]	62	64	-19	-6	-4	-6	det1=true
[2301]	62	64	-25	-6	-4	6	det1=true
[2302]	64	64	-24	3	-6	-4	det1=true
[2303]	64	64	-28	3	-6	4	det1=true
[2304]	64	64	-21	-8	-4	-6	det1=true
[2305]	29	61	-7	1	-5	-1	det1=true
[2306]	31	61	-12	-6	-4	-3	det1=true
[2307]	31	61	-15	-6	-4	3	det1=true
[2308]	40	61	1	-1	-1	-6	det1=true
[2309]	45	61	-21	1	-5	-3	det1=true
[2310]	45	61	-24	1	-5	3	det1=true
[2311]	47	61	-23	-13	-3	5	det1=true
[2312]	48	61	-13	0	-5	-4	det1=true
[2313]	48	61	-17	0	-5	4	det1=true
[2314]	50	61	-14	-7	-4	-5	det1=true
[2315]	50	61	-19	-7	-4	5	det1=true
[2316]	52	61	-18	-9	-2	-6	det1=true
[2317]	54	61	-19	-10	-5	-4	det1=true
[2318]	54	61	-23	-10	-5	4	det1=true
[2319]	56	61	-23	-6	-3	6	det1=true
[2320]	28	62	-5	-5	-3	-4	det1=true
[2321]	28	62	-9	-5	-3	4	det1=true
[2322]	39	62	-19	-8	-5	-2	det1=true
[2323]	40	62	-6	1	-6	-1	det1=true
[2324]	40	62	-7	1	-6	1	det1=true
[2325]	52	62	-20	-7	-2	-6	det1=true
[2326]	52	62	-26	-7	-2	6	det1=true
[2327]	52	62	-19	-17	-1	-6	det1=true
[2328]	52	62	-25	-17	-1	6	det1=true
[2329]	58	62	-23	-3	-6	-3	det1=true
[2330]	58	62	-26	-3	-6	3	det1=true
[2331]	60	62	-11	-6	-7	-2	det1=true
[2332]	62	62	-30	-21	-2	6	det1=true
[2333]	29	63	-8	-2	-1	-5	det1=true
[2334]	31	63	-9	-10	-1	-5	det1=true
[2335]	31	63	-14	-10	-1	5	det1=true
[2336]	33	63	-12	1	-5	-2	det1=true
[2337]	35	63	-14	-4	-2	-5	det1=true
[2338]	35	63	-19	-4	-2	5	det1=true
[2339]	53	63	-5	-1	-7	-1	det1=true
[2340]	53	63	-6	-1	-7	1	det1=true
[2341]	55	63	-4	0	-6	-4	det1=true
[2342]	55	63	-8	0	-6	4	det1=true
[2343]	58	63	-13	0	-6	-4	det1=true
[2344]	58	63	-17	0	-6	4	det1=true
[2345]	63	63	-23	-3	-5	-5	det1=true
[2346]	63	63	-28	-3	-5	5	det1=true
[2347]	19	64	-9	-3	-4	1	det1=true
[2348]	40	64	-10	-3	-6	1	det1=true
[2349]	47	64	-19	-9	-1	-6	det1=true
[2350]	47	64	-25	-9	-1	6	det1=true
[2351]	52	64	-23	0	-5	-4	det1=true
[2352]	52	64	-27	0	-5	4	det1=true
[2353]	53	64	-26	-13	-6	-1	det1=true
[2354]	53	64	-27	-13	-6	1	det1=true
[2355]	55	64	-19	-17	-4	-5	det1=true
[2356]	55	64	-24	-17	-4	5	det1=true
[2357]	56	64	-27	-10	-6	-2	det1=true
[2358]	57	64	-21	-20	-2	-6	det1=true
[2359]	57	64	-27	-20	-2	6	det1=true
[2360]	58	64	-13	-4	-4	-6	det1=true
[2361]	58	64	-18	-3	-2	7	det1=true
[2362]	59	64	-25	-18	-2	-6	det1=true
[2363]	59	64	-31	-18	-2	6	det1=true
[2364]	59	64	-13	-8	-4	-6	det1=true
[2365]	60	64	-24	-19	-4	-5	det1=true
[2366]	60	64	-29	-19	-4	5	det1=true
[2367]	64	64	-31	-18	-6	-2	det1=true
[2368]	64	64	-33	-18	-6	2	det1=true
[2369]	29	61	-8	1	-5	1	det1=true
[2370]	31	61	-13	-4	-4	-3	det1=true
[2371]	31	61	-16	-4	-4	3	det1=true
[2372]	41	61	-10	-9	-5	-3	det1=true
[2373]	41	61	-13	-9	-5	3	det1=true
[2374]	47	61	-18	-13	-3	-5	det1=true
[2375]	50	61	-24	-1	-6	-1	det1=true
[2376]	50	61	-25	-1	-6	1	det1=true
[2377]	50	61	-20	-11	-6	-1	det1=true
[2378]	50	61	-21	-11	-6	1	det1=true
[2379]	55	61	-24	-12	-4	5	det1=true
[2380]	56	61	-17	-6	-3	-6	det1=true
[2381]	60	61	-11	-2	-7	-2	det1=true
[2382]	54	62	-19	-12	-5	-4	det1=true
[2383]	54	62	-23	-12	-5	4	det1=true
[2384]	53	63	-13	-10	-6	-3	det1=true
[2385]	56	63	-5	1	-7	-2	det1=true
[2386]	56	63	-7	1	-7	2	det1=true
[2387]	49	64	-16	-11	-2	-6	det1=true
[2388]	49	64	-22	-11	-2	6	det1=true
[2389]	50	64	-19	-10	-6	-2	det1=true
[2390]	50	64	-21	-10	-6	2	det1=true
[2391]	51	64	-16	-13	-4	-5	det1=true
[2392]	51	64	-21	-13	-4	5	det1=true
[2393]	55	64	-7	2	-4	-6	det1=true
[2394]	55	64	-13	2	-4	6	det1=true
[2395]	55	64	-6	-3	-6	-4	det1=true
[2396]	55	64	-10	-3	-6	4	det1=true
[2397]	55	64	-2	-1	-2	-7	det1=true
[2398]	55	64	-9	-1	-2	7	det1=true
[2399]	59	64	-27	-16	-6	-2	det1=true
[2400]	59	64	-29	-16	-6	2	det1=true
[2401]	59	64	-19	-8	-4	6	det1=true
[2402]	55	61	-19	-12	-4	-5	det1=true
[2403]	57	61	-8	-7	-1	-7	det1=true
[2404]	59	63	-22	-10	-3	-6	det1=true
[2405]	59	63	-28	-10	-3	6	det1=true
[2406]	59	63	-10	-7	-7	-2	det1=true
[2407]	59	63	-12	-7	-7	2	det1=true
[2408]	63	63	-20	-3	-7	-2	det1=true
[2409]	30	64	-1	1	-2	-5	det1=true
[2410]	30	64	-6	1	-2	5	det1=true
[2411]	58	64	-18	-3	-6	4	det1=true
[2412]	57	61	-15	-7	-1	7	det1=true
[2413]	57	62	-19	-8	-3	-6	det1=true
[2414]	57	62	-25	-8	-3	6	det1=true
[2415]	58	62	-25	-14	-6	-2	det1=true
[2416]	58	62	-27	-14	-6	2	det1=true
[2417]	39	63	-9	-8	-5	-3	det1=true
[2418]	39	63	-12	-8	-5	3	det1=true
[2419]	44	61	-6	1	-6	-2	det1=true
[2420]	55	61	-19	-15	-6	-2	det1=true
[2421]	55	61	-21	-15	-6	2	det1=true
[2422]	55	63	-12	-1	-7	-1	det1=true
[2423]	55	63	-13	-1	-7	1	det1=true
[2424]	63	63	-22	-5	-1	-7	det1=true
[2425]	63	63	-29	-5	-1	7	det1=true
[2426]	64	64	-27	-21	-4	-5	det1=true
[2427]	64	64	-32	-21	-4	5	det1=true
[2428]	31	61	-9	-7	-5	-1	det1=true
[2429]	60	64	-11	-11	-2	-7	det1=true
[2430]	62	62	-26	-19	-6	-2	det1=true
[2431]	62	62	-28	-19	-6	2	det1=true
[2432]	31	63	-12	-8	-5	1	det1=true
[2433]	50	63	-19	-1	-5	-4	det1=true
[2434]	50	63	-23	-1	-5	4	det1=true
[2435]	31	63	-11	-8	-5	-1	det1=true
[2436]	61	61	-26	-16	-6	-2	det1=true
[2437]	56	63	-3	1	-2	-7	det1=true
[2438]	56	63	-10	1	-2	7	det1=true
[2439]	44	61	-8	1	-6	2	det1=true
[2440]	56	61	-19	-3	-6	-3	det1=true
[2441]	56	61	-22	-3	-6	3	det1=true
[2442]	59	61	-20	-9	-3	-6	det1=true
[2443]	59	61	-26	-9	-3	6	det1=true
[2444]	64	68	-30	-17	-6	-3	det1=true
[2445]	64	68	-33	-17	-6	3	det1=true
[2446]	56	65	-25	-14	-2	-6	det1=true
[2447]	56	65	-31	-14	-2	6	det1=true
[2448]	32	68	-15	-1	-5	-2	det1=true
[2449]	32	68	-17	-1	-5	2	det1=true
[2450]	48	68	-14	-5	-6	-3	det1=true
[2451]	24	65	-11	-8	-4	-2	det1=true
[2452]	29	65	-9	-6	-1	-5	det1=true
[2453]	29	65	-14	-6	-1	5	det1=true
[2454]	41	65	-13	-4	-6	-1	det1=true
[2455]	41	65	-14	-4	-6	1	det1=true
[2456]	45	65	-20	-12	-3	-5	det1=true
[2457]	45	65	-25	-12	-3	5	det1=true
[2458]	48	65	-16	-7	-4	-5	det1=true
[2459]	48	65	-21	-7	-4	5	det1=true
[2460]	49	65	-20	-4	-2	-6	det1=true
[2461]	53	65	-25	-20	-5	-3	det1=true
[2462]	53	65	-28	-20	-5	3	det1=true
[2463]	64	65	-24	-5	-6	-4	det1=true
[2464]	64	65	-28	-5	-6	4	det1=true
[2465]	64	65	-23	-6	-4	-6	det1=true
[2466]	65	65	-54	-8	-4	2	det1=true
[2467]	39	66	-16	-17	-2	-5	det1=true
[2468]	39	66	-21	-17	-2	5	det1=true
[2469]	43	66	-9	-1	-4	-5	det1=true
[2470]	43	66	-14	-1	-4	5	det1=true
[2471]	51	66	-17	-1	-3	-6	det1=true
[2472]	51	66	-23	-1	-3	6	det1=true
[2473]	53	66	-17	-11	-6	-3	det1=true
[2474]	53	66	-20	-11	-6	3	det1=true
[2475]	54	66	-10	3	-6	-4	det1=true
[2476]	54	66	-14	3	-6	4	det1=true
[2477]	57	66	-15	-1	-7	-2	det1=true
[2478]	57	66	-17	-1	-7	2	det1=true
[2479]	63	66	-19	-13	-7	-2	det1=true
[2480]	63	66	-21	-13	-7	2	det1=true
[2481]	65	66	-29	-16	-3	-6	det1=true
[2482]	65	66	-35	-16	-3	6	det1=true
[2483]	65	66	-29	-17	-6	-3	det1=true
[2484]	65	66	-32	-17	-6	3	det1=true
[2485]	43	67	-14	-2	-6	-2	det1=true
[2486]	43	67	-16	-2	-6	2	det1=true
[2487]	48	67	-21	-2	-2	-6	det1=true
[2488]	55	67	-14	0	-6	-4	det1=true
[2489]	58	67	-19	-2	-6	-4	det1=true
[2490]	58	67	-23	-2	-6	4	det1=true
[2491]	58	67	-18	-3	-4	-6	det1=true
[2492]	58	67	-24	-3	-4	6	det1=true
[2493]	63	67	-21	-13	-4	-6	det1=true
[2494]	64	67	-9	-9	-5	-6	det1=true
[2495]	64	67	-15	-9	-5	6	det1=true
[2496]	67	67	-27	-11	-4	-6	det1=true
[2497]	67	67	-14	2	-8	-1	det1=true
[2498]	67	67	-15	2	-8	1	det1=true
[2499]	27	68	-12	-1	-4	-3	det1=true
[2500]	27	68	-15	-1	-4	3	det1=true
[2501]	28	68	-11	-8	-3	-4	det1=true
[2502]	28	68	-15	-8	-3	4	det1=true
[2503]	42	68	-12	1	-2	-6	det1=true
[2504]	42	68	-18	1	-2	6	det1=true
[2505]	42	68	-11	-6	-6	-2	det1=true
[2506]	42	68	-13	-6	-6	2	det1=true
[2507]	47	68	-22	-3	-6	-2	det1=true
[2508]	47	68	-24	-3	-6	2	det1=true
[2509]	47	68	-22	-13	-6	-1	det1=true
[2510]	47	68	-23	-13	-6	1	det1=true
[2511]	57	68	-28	-21	-4	5	det1=true
[2512]	18	65	-6	-1	-4	-1	det1=true
[2513]	18	65	-7	-1	-4	1	det1=true
[2514]	21	65	-8	-8	-3	-3	det1=true
[2515]	33	65	-10	-8	-2	-5	det1=true
[2516]	37	65	-14	-1	-5	3	det1=true
[2517]	38	65	-3	0	-1	-6	det1=true
[2518]	38	65	-9	0	-1	6	det1=true
[2519]	43	65	-16	0	-1	-6	det1=true
[2520]	43	65	-9	-5	-6	-2	det1=true
[2521]	43	65	-11	-5	-6	2	det1=true
[2522]	51	65	-1	-2	-1	-7	det1=true
[2523]	51	65	-8	-2	-1	7	det1=true
[2524]	53	65	-12	3	-7	-1	det1=true
[2525]	53	65	-13	3	-7	1	det1=true
[2526]	59	65	-3	3	-7	-3	det1=true
[2527]	59	65	-6	3	-7	3	det1=true
[2528]	64	65	-29	-26	-1	-6	det1=true
[2529]	18	66	-5	-4	-1	-4	det1=true
[2530]	18	66	-9	-4	-1	4	det1=true
[2531]	44	66	-11	-3	-4	-5	det1=true
[2532]	44	66	-16	-3	-4	5	det1=true
[2533]	48	66	-17	-8	-5	-4	det1=true
[2534]	48	66	-21	-8	-5	4	det1=true
[2535]	48	66	-15	-11	-5	-4	det1=true
[2536]	48	66	-19	-11	-5	4	det1=true
[2537]	48	66	-17	-2	-3	6	det1=true
[2538]	51	66	-13	-11	-6	-3	det1=true
[2539]	51	66	-16	-11	-6	3	det1=true
[2540]	56	66	-7	-9	-2	-7	det1=true
[2541]	56	66	-14	-9	-2	7	det1=true
[2542]	57	66	-13	-1	-2	-7	det1=true
[2543]	57	66	-20	-1	-2	7	det1=true
[2544]	63	66	-8	-3	-6	-5	det1=true
[2545]	63	66	-13	-3	-6	5	det1=true
[2546]	64	66	-23	-5	-2	-7	det1=true
[2547]	64	66	-30	-5	-2	7	det1=true
[2548]	66	66	-32	-3	-6	4	det1=true
[2549]	66	66	-5	-1	-4	-7	det1=true
[2550]	66	66	-12	-1	-4	7	det1=true
[2551]	19	67	-9	-6	-4	-1	det1=true
[2552]	19	67	-10	-6	-4	1	det1=true
[2553]	31	67	-12	2	-5	-2	det1=true
[2554]	31	67	-14	2	-5	2	det1=true
[2555]	55	67	-15	-9	-7	-1	det1=true
[2556]	55	67	-16	-9	-7	1	det1=true
[2557]	58	67	-19	3	-7	-2	det1=true
[2558]	58	67	-21	3	-7	2	det1=true
[2559]	61	67	-18	-12	-7	-2	det1=true
[2560]	61	67	-12	-6	-7	-3	det1=true
[2561]	61	67	-15	-6	-7	3	det1=true
[2562]	64	67	-23	-9	-2	-7	det1=true
[2563]	64	67	-30	-9	-2	7	det1=true
[2564]	64	67	-13	-2	-5	-6	det1=true
[2565]	64	67	-19	-2	-5	6	det1=true
[2566]	64	67	-13	-3	-6	-5	det1=true
[2567]	64	67	-18	-3	-6	5	det1=true
[2568]	67	67	-28	-10	-6	-4	det1=true
[2569]	18	68	-7	-5	-4	-1	det1=true
[2570]	18	68	-8	-5	-4	1	det1=true
[2571]	31	68	-11	-5	-5	-2	det1=true
[2572]	31	68	-13	-5	-5	2	det1=true
[2573]	38	68	-9	-2	-1	-6	det1=true
[2574]	38	68	-15	-2	-1	6	det1=true
[2575]	41	68	-15	-5	-1	-6	det1=true
[2576]	41	68	-21	-5	-1	6	det1=true
[2577]	44	68	-16	1	-2	-6	det1=true
[2578]	44	68	-22	1	-2	6	det1=true
[2579]	47	68	-21	-6	-6	-2	det1=true
[2580]	47	68	-23	-6	-6	2	det1=true
[2581]	55	68	-19	-6	-4	6	det1=true
[2582]	57	68	-23	-21	-4	-5	det1=true
[2583]	58	68	-27	-20	-6	-2	det1=true
[2584]	58	68	-29	-20	-6	2	det1=true
[2585]	65	68	-26	-7	-2	-7	det1=true
[2586]	65	68	-33	-7	-2	7	det1=true
[2587]	67	68	-13	-1	-4	-7	det1=true
[2588]	67	68	-20	-1	-4	7	det1=true
[2589]	21	65	-6	2	-4	-2	det1=true
[2590]	21	65	-8	2	-4	2	det1=true
[2591]	27	65	-9	2	-4	-3	det1=true
[2592]	27	65	-12	2	-4	3	det1=true
[2593]	30	65	-4	1	-2	-5	det1=true
[2594]	30	65	-9	1	-2	5	det1=true
[2595]	32	65	-10	-3	-2	-5	det1=true
[2596]	32	65	-15	-3	-2	5	det1=true
[2597]	33	65	-14	-1	-5	-2	det1=true
[2598]	37	65	-11	-1	-5	-3	det1=true
[2599]	44	65	-9	-4	-5	-4	det1=true
[2600]	44	65	-13	-4	-5	4	det1=true
[2601]	46	65	-19	-8	-1	-6	det1=true
[2602]	46	65	-25	-8	-1	6	det1=true
[2603]	48	65	-21	-10	-1	-6	det1=true
[2604]	48	65	-27	-10	-1	6	det1=true
[2605]	52	65	-19	-21	-1	-6	det1=true
[2606]	52	65	-25	-21	-1	6	det1=true
[2607]	53	65	-24	-6	-5	-4	det1=true
[2608]	53	65	-28	-6	-5	4	det1=true
[2609]	53	65	-21	-12	-4	-5	det1=true
[2610]	53	65	-26	-12	-4	5	det1=true
[2611]	53	65	-3	3	-6	-4	det1=true
[2612]	53	65	-7	3	-6	4	det1=true
[2613]	57	65	-11	-2	-2	-7	det1=true
[2614]	61	65	-21	-1	-6	-4	det1=true
[2615]	61	65	-25	-1	-6	4	det1=true
[2616]	62	65	-28	-25	-6	-1	det1=true
[2617]	62	65	-18	-11	-4	-6	det1=true
[2618]	62	65	-24	-11	-4	6	det1=true
[2619]	65	65	-14	-6	-6	5	det1=true
[2620]	27	66	-11	-6	-3	4	det1=true
[2621]	30	66	-6	1	-2	-5	det1=true
[2622]	30	66	-11	1	-2	5	det1=true
[2623]	43	66	-9	-2	-5	-4	det1=true
[2624]	43	66	-13	-2	-5	4	det1=true
[2625]	59	66	-28	-5	-6	-3	det1=true
[2626]	59	66	-31	-5	-6	3	det1=true
[2627]	63	66	-24	-1	-4	-6	det1=true
[2628]	66	66	-28	-3	-6	-4	det1=true
[2629]	66	66	-5	0	-1	-8	det1=true
[2630]	41	67	-18	-8	-3	-5	det1=true
[2631]	41	67	-23	-8	-3	5	det1=true
[2632]	42	67	-15	-7	-1	-6	det1=true
[2633]	42	67	-21	-7	-1	6	det1=true
[2634]	48	67	-20	-9	-6	-2	det1=true
[2635]	52	67	-22	-15	-6	-2	det1=true
[2636]	53	67	-4	-2	-2	-7	det1=true
[2637]	53	67	-11	-2	-2	7	det1=true
[2638]	55	67	-12	-2	-7	-2	det1=true
[2639]	55	67	-14	-2	-7	2	det1=true
[2640]	60	67	-17	-11	-7	-2	det1=true
[2641]	61	67	-24	-6	-1	-7	det1=true
[2642]	61	67	-31	-6	-1	7	det1=true
[2643]	61	67	-20	-6	-2	-7	det1=true
[2644]	61	67	-27	-6	-2	7	det1=true
[2645]	61	67	-22	-5	-7	-2	det1=true
[2646]	61	67	-24	-5	-7	2	det1=true
[2647]	63	67	-20	-19	-1	-7	det1=true
[2648]	63	67	-27	-19	-1	7	det1=true
[2649]	27	68	-9	-7	-4	-3	det1=true
[2650]	27	68	-12	-7	-4	3	det1=true
[2651]	33	68	-19	-1	-5	2	det1=true
[2652]	40	68	-13	-5	-1	-6	det1=true
[2653]	43	68	-13	1	-5	-4	det1=true
[2654]	43	68	-17	1	-5	4	det1=true
[2655]	44	68	-15	0	-5	-4	det1=true
[2656]	44	68	-19	0	-5	4	det1=true
[2657]	47	68	-20	-5	-2	-6	det1=true
[2658]	47	68	-15	-12	-5	-4	det1=true
[2659]	47	68	-19	-12	-5	4	det1=true
[2660]	55	68	-13	-6	-4	-6	det1=true
[2661]	56	68	-21	-15	-3	-6	det1=true
[2662]	56	68	-27	-15	-3	6	det1=true
[2663]	58	68	-25	-22	-2	-6	det1=true
[2664]	58	68	-31	-22	-2	6	det1=true
[2665]	59	68	-22	-1	-6	-4	det1=true
[2666]	59	68	-26	-1	-6	4	det1=true
[2667]	64	68	-13	-7	-6	-5	det1=true
[2668]	64	68	-18	-7	-6	5	det1=true
[2669]	67	68	-13	-4	-7	-4	det1=true
[2670]	67	68	-19	-7	-1	8	det1=true
[2671]	21	65	-5	1	-2	-4	det1=true
[2672]	21	65	-9	1	-2	4	det1=true
[2673]	33	65	-15	-8	-2	5	det1=true
[2674]	38	65	-15	-15	-2	-5	det1=true
[2675]	38	65	-20	-15	-2	5	det1=true
[2676]	39	65	-6	-4	-1	-6	det1=true
[2677]	39	65	-12	-4	-1	6	det1=true
[2678]	41	65	-4	0	-6	-2	det1=true
[2679]	41	65	-6	0	-6	2	det1=true
[2680]	47	65	-19	-7	-6	2	det1=true
[2681]	47	65	-15	-9	-2	-6	det1=true
[2682]	49	65	-22	-14	-6	1	det1=true
[2683]	53	65	-24	-21	-3	-5	det1=true
[2684]	53	65	-29	-21	-3	5	det1=true
[2685]	54	65	-6	-1	-4	-6	det1=true
[2686]	54	65	-12	-1	-4	6	det1=true
[2687]	56	65	-27	-12	-6	-2	det1=true
[2688]	56	65	-29	-12	-6	2	det1=true
[2689]	57	65	-18	-2	-2	7	det1=true
[2690]	60	65	-17	-6	-7	-2	det1=true
[2691]	60	65	-19	-6	-7	2	det1=true
[2692]	62	65	-21	-6	-6	-4	det1=true
[2693]	62	65	-25	-6	-6	4	det1=true
[2694]	63	65	-21	-2	-2	-7	det1=true
[2695]	63	65	-28	-2	-2	7	det1=true
[2696]	64	65	-9	-1	-6	-5	det1=true
[2697]	64	65	-14	-1	-6	5	det1=true
[2698]	65	65	-9	-6	-6	-5	det1=true
[2699]	27	66	-7	-6	-3	-4	det1=true
[2700]	34	66	-14	-7	-2	-5	det1=true
[2701]	36	66	-14	-13	-2	-5	det1=true
[2702]	54	66	-20	-17	-4	-5	det1=true
[2703]	58	66	-14	-5	-2	-7	det1=true
[2704]	58	66	-21	-5	-2	7	det1=true
[2705]	61	66	-25	-22	-5	-4	det1=true
[2706]	61	66	-29	-22	-5	4	det1=true
[2707]	63	66	-29	0	-6	4	det1=true
[2708]	63	66	-30	-1	-4	6	det1=true
[2709]	63	66	-9	1	-5	-6	det1=true
[2710]	63	66	-15	1	-5	6	det1=true
[2711]	26	67	-7	-3	-4	-3	det1=true
[2712]	26	67	-10	-3	-4	3	det1=true
[2713]	37	67	-13	0	-3	-5	det1=true
[2714]	37	67	-18	0	-3	5	det1=true
[2715]	43	67	-12	-6	-6	-2	det1=true
[2716]	43	67	-14	-6	-6	2	det1=true
[2717]	45	67	-20	-15	-3	-5	det1=true
[2718]	45	67	-25	-15	-3	5	det1=true
[2719]	48	67	-22	-9	-6	2	det1=true
[2720]	48	67	-24	-11	-2	6	det1=true
[2721]	59	67	-20	0	-4	-6	det1=true
[2722]	59	67	-19	-5	-4	-6	det1=true
[2723]	59	67	-25	-5	-4	6	det1=true
[2724]	61	67	-26	-28	-1	-6	det1=true
[2725]	61	67	-32	-28	-1	6	det1=true
[2726]	63	67	-23	-16	-7	-1	det1=true
[2727]	63	67	-24	-16	-7	1	det1=true
[2728]	67	67	-48	-5	-1	6	det1=true
[2729]	33	68	-14	-7	-2	-5	det1=true
[2730]	47	68	-26	-5	-2	6	det1=true
[2731]	65	68	-39	-4	-5	-4	det1=true
[2732]	65	68	-24	-15	-6	-4	det1=true
[2733]	65	68	-28	-15	-6	4	det1=true
[2734]	65	68	-29	-16	-4	6	det1=true
[2735]	41	65	-14	-11	-3	-5	det1=true
[2736]	41	65	-19	-11	-3	5	det1=true
[2737]	47	65	-17	-7	-6	-2	det1=true
[2738]	47	65	-21	-9	-2	6	det1=true
[2739]	49	65	-21	-14	-6	-1	det1=true
[2740]	51	65	-26	-4	-5	4	det1=true
[2741]	53	65	-9	0	-1	-7	det1=true
[2742]	53	65	-16	0	-1	7	det1=true
[2743]	53	65	-2	0	-6	-4	det1=true
[2744]	53	65	-6	0	-6	4	det1=true
[2745]	59	65	-24	-19	-5	-4	det1=true
[2746]	59	65	-28	-19	-5	4	det1=true
[2747]	64	65	-19	-14	-4	-6	det1=true
[2748]	64	65	-25	-14	-4	6	det1=true
[2749]	41	66	-1	2	-5	-4	det1=true
[2750]	41	66	-5	2	-5	4	det1=true
[2751]	48	66	-11	-2	-3	-6	det1=true
[2752]	54	66	-25	-17	-4	5	det1=true
[2753]	58	66	-27	-20	-5	4	det1=true
[2754]	62	66	-23	-2	-7	-2	det1=true
[2755]	62	66	-25	-2	-7	2	det1=true
[2756]	66	66	-27	-4	-4	-6	det1=true
[2757]	66	66	-33	-4	-4	6	det1=true
[2758]	27	67	-10	-3	-3	-4	det1=true
[2759]	27	67	-14	-3	-3	4	det1=true
[2760]	37	67	-14	-9	-3	5	det1=true
[2761]	44	67	-11	-10	-2	-6	det1=true
[2762]	52	67	-18	-9	-6	-3	det1=true
[2763]	52	67	-21	-9	-6	3	det1=true
[2764]	55	67	-19	-1	-4	6	det1=true
[2765]	57	67	-17	-10	-1	-7	det1=true
[2766]	57	67	-24	-10	-1	7	det1=true
[2767]	59	67	-21	1	-6	-4	det1=true
[2768]	59	67	-25	1	-6	4	det1=true
[2769]	61	67	-10	-8	-3	-7	det1=true
[2770]	61	67	-17	-8	-3	7	det1=true
[2771]	40	68	-19	-5	-1	6	det1=true
[2772]	40	68	-7	-2	-6	-2	det1=true
[2773]	40	68	-9	-2	-6	2	det1=true
[2774]	52	68	-8	-1	-6	-4	det1=true
[2775]	52	68	-12	-1	-6	4	det1=true
[2776]	52	68	-7	-2	-4	-6	det1=true
[2777]	52	68	-13	-2	-4	6	det1=true
[2778]	55	68	-24	-19	-6	-2	det1=true
[2779]	55	68	-26	-19	-6	2	det1=true
[2780]	56	68	-15	-6	-4	-6	det1=true
[2781]	56	68	-21	-6	-4	6	det1=true
[2782]	64	68	-24	-13	-6	-4	det1=true
[2783]	64	68	-28	-13	-6	4	det1=true
[2784]	65	68	-28	-7	-6	-4	det1=true
[2785]	65	68	-23	-16	-4	-6	det1=true
[2786]	18	65	-5	-1	-1	-4	det1=true
[2787]	18	65	-9	-1	-1	4	det1=true
[2788]	26	65	-3	-3	-3	-4	det1=true
[2789]	26	65	-7	-3	-3	4	det1=true
[2790]	37	65	-14	-14	-2	-5	det1=true
[2791]	44	65	-12	-1	-2	-6	det1=true
[2792]	44	65	-18	-1	-2	6	det1=true
[2793]	56	65	-6	-7	-2	-7	det1=true
[2794]	56	65	-13	-7	-2	7	det1=true
[2795]	58	65	-25	-23	-1	-6	det1=true
[2796]	58	65	-31	-23	-1	6	det1=true
[2797]	53	66	-21	-14	-5	-4	det1=true
[2798]	53	66	-25	-14	-5	4	det1=true
[2799]	64	66	-29	-14	-3	-6	det1=true
[2800]	64	66	-35	-14	-3	6	det1=true
[2801]	66	66	-13	0	-1	8	det1=true
[2802]	30	67	-9	1	-5	-2	det1=true
[2803]	30	67	-11	1	-5	2	det1=true
[2804]	37	67	-9	-9	-3	-5	det1=true
[2805]	44	67	-15	-8	-6	2	det1=true
[2806]	54	67	-23	-11	-6	3	det1=true
[2807]	57	67	0	2	-7	-3	det1=true
[2808]	57	67	-3	2	-7	3	det1=true
[2809]	67	67	-42	-5	-1	-6	det1=true
[2810]	25	68	-5	-1	-3	-4	det1=true
[2811]	25	68	-9	-1	-3	4	det1=true
[2812]	50	68	-17	-16	-5	-4	det1=true
[2813]	50	68	-21	-16	-5	4	det1=true
[2814]	60	68	-21	-7	-7	-2	det1=true
[2815]	60	68	-23	-7	-7	2	det1=true
[2816]	61	68	-28	-23	-6	-2	det1=true
[2817]	61	68	-30	-23	-6	2	det1=true
[2818]	66	68	-11	-5	-8	-1	det1=true
[2819]	66	68	-12	-5	-8	1	det1=true
[2820]	43	65	-15	-8	-6	-1	det1=true
[2821]	43	65	-16	-8	-6	1	det1=true
[2822]	45	65	-21	-11	-5	-3	det1=true
[2823]	45	65	-24	-11	-5	3	det1=true
[2824]	37	67	-13	-8	-5	3	det1=true
[2825]	54	67	-20	-11	-6	-3	det1=true
[2826]	59	67	-8	-1	-3	-7	det1=true
[2827]	59	67	-15	-1	-3	7	det1=true
[2828]	42	68	-14	3	-6	-2	det1=true
[2829]	42	68	-16	3	-6	2	det1=true
[2830]	64	68	-23	-14	-4	-6	det1=true
[2831]	64	68	-29	-14	-4	6	det1=true
[2832]	43	65	-20	-8	-1	6	det1=true
[2833]	54	65	-11	0	-6	4	det1=true
[2834]	65	65	-22	-11	-7	-2	det1=true
[2835]	65	65	-24	-11	-7	2	det1=true
[2836]	40	66	-2	3	-6	-2	det1=true
[2837]	51	66	-17	-15	-4	-5	det1=true
[2838]	51	66	-22	-15	-4	5	det1=true
[2839]	31	67	-12	-12	-1	-5	det1=true
[2840]	31	67	-17	-12	-1	5	det1=true
[2841]	37	67	-10	-8	-5	-3	det1=true
[2842]	41	68	-7	1	-4	-5	det1=true
[2843]	41	68	-12	1	-4	5	det1=true
[2844]	54	68	-11	-3	-7	-2	det1=true
[2845]	54	68	-13	-3	-7	2	det1=true
[2846]	59	68	-27	-2	-4	6	det1=true
[2847]	27	65	-4	-1	-1	-5	det1=true
[2848]	27	65	-9	-1	-1	5	det1=true
[2849]	59	65	-1	1	-3	-7	det1=true
[2850]	59	65	-8	1	-3	7	det1=true
[2851]	45	66	-14	1	-4	-5	det1=true
[2852]	45	66	-19	1	-4	5	det1=true
[2853]	27	67	-7	-4	-5	-1	det1=true
[2854]	27	67	-8	-4	-5	1	det1=true
[2855]	28	67	-9	-9	-3	-4	det1=true
[2856]	28	67	-13	-9	-3	4	det1=true
[2857]	44	67	-13	-8	-6	-2	det1=true
[2858]	40	68	-11	-9	-1	-6	det1=true
[2859]	40	68	-17	-9	-1	6	det1=true
[2860]	41	68	-14	-9	-6	-1	det1=true
[2861]	41	68	-15	-9	-6	1	det1=true
[2862]	48	68	-22	-15	-6	-1	det1=true
[2863]	48	68	-23	-15	-6	1	det1=true
[2864]	38	65	-4	-1	-6	-1	det1=true
[2865]	38	65	-5	-1	-6	1	det1=true
[2866]	43	65	-14	-8	-1	-6	det1=true
[2867]	53	65	-1	-1	-4	-6	det1=true
[2868]	53	65	-7	-1	-4	6	det1=true
[2869]	61	66	-23	-4	-7	2	det1=true
[2870]	27	67	-5	-6	-1	-5	det1=true
[2871]	38	67	-7	-3	-1	-6	det1=true
[2872]	38	67	-13	-3	-1	6	det1=true
[2873]	67	67	-11	0	-4	-7	det1=true
[2874]	67	67	-18	0	-4	7	det1=true
[2875]	17	68	-3	-3	-1	-4	det1=true
[2876]	60	65	-25	-11	-3	-6	det1=true
[2877]	60	65	-31	-11	-3	6	det1=true
[2878]	41	66	-16	3	-6	-1	det1=true
[2879]	62	66	-26	-9	-2	7	det1=true
[2880]	41	67	-19	-7	-5	-3	det1=true
[2881]	41	67	-22	-7	-5	3	det1=true
[2882]	42	67	-19	3	-6	-1	det1=true
[2883]	62	67	-7	-4	-5	-6	det1=true
[2884]	42	68	-8	-5	-4	-5	det1=true
[2885]	42	68	-13	-5	-4	5	det1=true
[2886]	54	65	-1	-1	-2	-7	det1=true
[2887]	54	65	-8	-1	-2	7	det1=true
[2888]	61	66	-21	-4	-7	-2	det1=true
[2889]	62	66	-19	-9	-2	-7	det1=true
[2890]	43	67	-19	-12	-3	-5	det1=true
[2891]	43	67	-24	-12	-3	5	det1=true
[2892]	52	67	-5	2	-4	-6	det1=true
[2893]	52	67	-11	2	-4	6	det1=true
[2894]	26	68	-7	-5	-3	-4	det1=true
[2895]	66	68	-31	-24	-5	-4	det1=true
[2896]	66	68	-35	-24	-5	4	det1=true
[2897]	27	65	-6	1	-5	-1	det1=true
[2898]	45	67	-21	-14	-5	-3	det1=true
[2899]	45	67	-24	-14	-5	3	det1=true
[2900]	26	68	-11	-5	-3	4	det1=true
[2901]	46	68	-10	-3	-6	-3	det1=true
[2902]	61	65	-22	-18	-3	-6	det1=true
[2903]	61	65	-28	-18	-3	6	det1=true
[2904]	65	66	-1	1	-7	-4	det1=true
[2905]	64	67	0	1	-4	-7	det1=true
[2906]	64	67	-7	1	-4	7	det1=true
[2907]	41	68	-5	-4	-5	-4	det1=true
[2908]	41	68	-9	-4	-5	4	det1=true
[2909]	43	68	-17	-9	-1	-6	det1=true
[2910]	43	68	-23	-9	-1	6	det1=true
[2911]	61	68	-30	-25	-6	-1	det1=true
[2912]	17	66	-1	1	-4	-1	det1=true
[2913]	17	66	-2	1	-4	1	det1=true
[2914]	29	66	-1	1	-5	-2	det1=true
[2915]	29	66	-3	1	-5	2	det1=true
[2916]	54	66	-3	-5	-2	-7	det1=true
[2917]	54	66	-10	-5	-2	7	det1=true
[2918]	61	68	-6	-5	-6	-5	det1=true
[2919]	61	68	-11	-5	-6	5	det1=true
[2920]	37	67	-8	-4	-1	6	det1=true
[2921]	25	68	-7	-3	-4	3	det1=true
[2922]	13	67	-2	-1	-3	-2	det1=true
[2923]	13	67	-4	-1	-3	2	det1=true
[2924]	37	67	-2	-4	-1	-6	det1=true
[2925]	13	68	-3	-2	-3	-2	det1=true
[2926]	13	68	-5	-2	-3	2	det1=true
[2927]	25	68	-4	-3	-4	-3	det1=true
[2928]	65	65	0	0	0	-8	det1=true
[2929]	8	66	0	1	-2	-2	det1=true
[2930]	20	66	0	1	-2	-4	det1=true
[2931]	40	66	0	1	-2	-6	det1=true
[2932]	40	66	-6	1	-2	6	det1=true
[2933]	67	67	0	0	-2	-8	det1=true
[2934]	8	67	-2	1	-2	-2	det1=true
[2935]	8	68	-3	0	-2	-2	det1=true
[2936]	13	66	0	1	-2	-3	det1=true
[2937]	13	66	-3	1	-2	3	det1=true
[2938]	29	66	0	1	-2	-5	det1=true
[2939]	29	66	-5	1	-2	5	det1=true
[2940]	53	66	0	1	-2	-7	det1=true
[2941]	53	66	-7	1	-2	7	det1=true
[2942]	17	67	-4	2	-4	-1	det1=true
[2943]	66	66	-8	1	-8	-1	det1=true
[2944]	66	66	-7	-1	-8	-1	det1=true
[2945]	66	66	-8	-1	-8	1	det1=true
[2946]	66	66	-4	-3	-4	-7	det1=true
[2947]	5	66	0	1	-2	-1	det1=true
[2948]	5	66	-1	1	-2	1	det1=true
[2949]	66	66	-11	-3	-4	7	det1=true
[2950]	25	67	-4	2	-4	-3	det1=true
[2951]	66	70	-31	-7	-7	-2	det1=true
[2952]	63	71	-29	-26	-4	-5	det1=true
[2953]	63	71	-34	-26	-4	5	det1=true
[2954]	71	71	-30	-30	-3	-6	det1=true
[2955]	71	71	-36	-30	-3	6	det1=true
[2956]	60	72	-3	-1	-7	-4	det1=true
[2957]	60	72	-7	-1	-7	4	det1=true
[2958]	66	72	-35	-7	-7	2	det1=true
[2959]	44	69	-21	-8	-2	6	det1=true
[2960]	51	69	-11	-4	-1	-7	det1=true
[2961]	51	69	-18	-4	-1	7	det1=true
[2962]	55	69	-26	0	-1	7	det1=true
[2963]	57	69	-22	1	-7	2	det1=true
[2964]	63	69	-28	-1	-7	-2	det1=true
[2965]	63	69	-30	-1	-7	2	det1=true
[2966]	63	69	-5	2	-4	-7	det1=true
[2967]	63	69	-12	2	-4	7	det1=true
[2968]	64	69	-29	-2	-7	-2	det1=true
[2969]	64	69	-31	-2	-7	2	det1=true
[2970]	64	69	-11	1	-8	-1	det1=true
[2971]	64	69	-12	1	-8	1	det1=true
[2972]	64	69	-7	-4	-1	-8	det1=true
[2973]	64	69	-15	-4	-1	8	det1=true
[2974]	53	70	-20	1	-4	6	det1=true
[2975]	66	70	-15	-4	-7	-4	det1=true
[2976]	66	70	-21	-7	-1	8	det1=true
[2977]	27	71	-2	2	-5	-2	det1=true
[2978]	27	71	-4	2	-5	2	det1=true
[2979]	39	71	-5	-2	-4	-5	det1=true
[2980]	39	71	-10	-2	-4	5	det1=true
[2981]	55	71	-22	-7	-7	-1	det1=true
[2982]	55	71	-23	-7	-7	1	det1=true
[2983]	55	71	-19	1	-4	-6	det1=true
[2984]	55	71	-25	1	-4	6	det1=true
[2985]	56	71	-19	-6	-7	-2	det1=true
[2986]	56	71	-21	-6	-7	2	det1=true
[2987]	62	71	-29	-8	-7	2	det1=true
[2988]	63	71	-28	-22	-3	-6	det1=true
[2989]	63	71	-34	-22	-3	6	det1=true
[2990]	44	72	-19	-1	-4	-5	det1=true
[2991]	44	72	-24	-1	-4	5	det1=true
[2992]	50	72	-19	-19	-4	-5	det1=true
[2993]	50	72	-24	-19	-4	5	det1=true
[2994]	50	72	-9	-4	-4	-6	det1=true
[2995]	50	72	-15	-4	-4	6	det1=true
[2996]	67	72	-19	-9	-8	-1	det1=true
[2997]	31	69	-11	-6	-2	-5	det1=true
[2998]	31	69	-16	-6	-2	5	det1=true
[2999]	55	69	-22	3	-7	-1	det1=true
[3000]	55	69	-23	3	-7	1	det1=true
[3001]	55	69	-19	0	-1	-7	det1=true
[3002]	55	69	-16	-1	-7	-2	det1=true
[3003]	57	69	-18	-13	-1	-7	det1=true
[3004]	57	69	-25	-13	-1	7	det1=true
[3005]	57	69	-20	1	-7	-2	det1=true
[3006]	63	69	-25	-6	-2	-7	det1=true
[3007]	63	69	-32	-6	-2	7	det1=true
[3008]	63	69	-20	-17	-7	-2	det1=true
[3009]	67	69	-31	-15	-7	-1	det1=true
[3010]	69	69	-24	-2	-5	-6	det1=true
[3011]	69	69	-30	-2	-5	6	det1=true
[3012]	69	69	-22	-24	-2	-7	det1=true
[3013]	69	69	-18	-8	-8	-1	det1=true
[3014]	69	69	-19	-8	-8	1	det1=true
[3015]	35	70	-3	1	-6	-1	det1=true
[3016]	35	70	-4	1	-6	1	det1=true
[3017]	38	70	-15	-1	-6	1	det1=true
[3018]	40	70	-15	-6	-1	-6	det1=true
[3019]	40	70	-21	-6	-1	6	det1=true
[3020]	40	70	-13	-10	-1	-6	det1=true
[3021]	42	70	-15	-13	-1	-6	det1=true
[3022]	56	70	-17	-8	-4	-6	det1=true
[3023]	56	70	-23	-8	-4	6	det1=true
[3024]	62	70	-13	-6	-5	-6	det1=true
[3025]	62	70	-7	1	-8	-1	det1=true
[3026]	64	70	-21	-20	-4	-6	det1=true
[3027]	64	70	-27	-20	-4	6	det1=true
[3028]	66	70	-11	2	-8	-2	det1=true
[3029]	66	70	-13	2	-8	2	det1=true
[3030]	39	71	-12	-10	-1	-6	det1=true
[3031]	39	71	-18	-10	-1	6	det1=true
[3032]	44	71	-20	-9	-4	5	det1=true
[3033]	53	71	-15	-11	-1	-7	det1=true
[3034]	53	71	-22	-11	-1	7	det1=true
[3035]	55	71	-11	3	-7	3	det1=true
[3036]	55	71	-6	1	-3	-7	det1=true
[3037]	55	71	-13	1	-3	7	det1=true
[3038]	57	71	-24	-1	-1	-7	det1=true
[3039]	57	71	-31	-1	-1	7	det1=true
[3040]	58	71	-23	-4	-7	-2	det1=true
[3041]	58	71	-25	-4	-7	2	det1=true
[3042]	60	71	-27	-26	-2	-6	det1=true
[3043]	60	71	-33	-26	-2	6	det1=true
[3044]	64	71	-29	-8	-4	-6	det1=true
[3045]	67	71	-27	-2	-3	-7	det1=true
[3046]	67	71	-34	-2	-3	7	det1=true
[3047]	68	71	-21	-13	-5	-6	det1=true
[3048]	68	71	-27	-13	-5	6	det1=true
[3049]	69	71	-33	-8	-2	-7	det1=true
[3050]	69	71	-40	-8	-2	7	det1=true
[3051]	69	71	-1	-1	-5	-7	det1=true
[3052]	69	71	-8	-1	-5	7	det1=true
[3053]	71	71	-8	-4	-5	-7	det1=true
[3054]	60	72	-27	2	-4	-6	det1=true
[3055]	60	72	-33	2	-4	6	det1=true
[3056]	65	72	-19	-1	-8	-1	det1=true
[3057]	65	72	-20	-1	-8	1	det1=true
[3058]	65	72	-16	-3	-4	-7	det1=true
[3059]	65	72	-23	-3	-4	7	det1=true
[3060]	67	72	-20	-9	-8	1	det1=true
[3061]	68	72	-27	-22	-4	-6	det1=true
[3062]	68	72	-33	-22	-4	6	det1=true
[3063]	71	72	-37	-10	-7	-2	det1=true
[3064]	71	72	-39	-10	-7	2	det1=true
[3065]	71	72	-27	-5	-8	-1	det1=true
[3066]	71	72	-28	-5	-8	1	det1=true
[3067]	71	72	-20	-7	-2	-8	det1=true
[3068]	71	72	-28	-7	-2	8	det1=true
[3069]	72	72	-25	-2	-8	-2	det1=true
[3070]	72	72	-27	-2	-8	2	det1=true
[3071]	25	69	-1	-1	-1	-5	det1=true
[3072]	25	69	-6	-1	-1	5	det1=true
[3073]	40	69	-13	-9	-6	-1	det1=true
[3074]	40	69	-14	-9	-6	1	det1=true
[3075]	55	69	-18	-1	-7	2	det1=true
[3076]	59	69	-25	-8	-7	-1	det1=true
[3077]	59	69	-26	-8	-7	1	det1=true
[3078]	59	69	-24	-10	-7	-1	det1=true
[3079]	59	69	-25	-10	-7	1	det1=true
[3080]	60	69	-22	-9	-6	-4	det1=true
[3081]	60	69	-26	-9	-6	4	det1=true
[3082]	62	69	-24	-5	-2	-7	det1=true
[3083]	62	69	-31	-5	-2	7	det1=true
[3084]	63	69	-22	-17	-7	2	det1=true
[3085]	63	69	-12	-8	-5	-6	det1=true
[3086]	63	69	-18	-8	-5	6	det1=true
[3087]	64	69	-9	-1	-7	-4	det1=true
[3088]	64	69	-13	-1	-7	4	det1=true
[3089]	65	69	-24	-1	-7	-3	det1=true
[3090]	65	69	-27	-1	-7	3	det1=true
[3091]	68	69	-33	-10	-7	2	det1=true
[3092]	68	69	-23	-7	-1	8	det1=true
[3093]	69	69	-27	-19	-4	-6	det1=true
[3094]	38	70	-17	-5	-1	6	det1=true
[3095]	49	70	-27	-20	-1	6	det1=true
[3096]	53	70	-14	1	-4	-6	det1=true
[3097]	54	70	-16	-3	-6	-4	det1=true
[3098]	56	70	-19	-2	-4	-6	det1=true
[3099]	56	70	-17	-7	-7	-2	det1=true
[3100]	56	70	-19	-7	-7	2	det1=true
[3101]	57	70	-21	-1	-7	-2	det1=true
[3102]	57	70	-23	-1	-7	2	det1=true
[3103]	58	70	-3	-1	-5	-6	det1=true
[3104]	58	70	-9	-1	-5	6	det1=true
[3105]	62	70	-19	-6	-5	6	det1=true
[3106]	66	70	-22	-21	-2	-7	det1=true
[3107]	67	70	-9	-6	-2	-8	det1=true
[3108]	68	70	-11	-8	-8	-2	det1=true
[3109]	68	70	-13	-8	-8	2	det1=true
[3110]	40	71	-17	-7	-6	-1	det1=true
[3111]	40	71	-18	-7	-6	1	det1=true
[3112]	44	71	-15	-9	-4	-5	det1=true
[3113]	44	71	-9	-3	-3	-6	det1=true
[3114]	47	71	-7	1	-7	1	det1=true
[3115]	48	71	-25	-11	-5	4	det1=true
[3116]	57	71	-16	-13	-7	-2	det1=true
[3117]	58	71	-7	-1	-6	-5	det1=true
[3118]	58	71	-12	-1	-6	5	det1=true
[3119]	59	71	-23	0	-2	-7	det1=true
[3120]	59	71	-30	0	-2	7	det1=true
[3121]	61	71	-14	-13	-3	-7	det1=true
[3122]	61	71	-21	-13	-3	7	det1=true
[3123]	61	71	-14	-3	-5	-6	det1=true
[3124]	61	71	-20	-3	-5	6	det1=true
[3125]	64	71	-5	-2	-8	-2	det1=true
[3126]	64	71	-7	-2	-8	2	det1=true
[3127]	65	71	-17	-18	-3	-7	det1=true
[3128]	66	71	-29	-11	-2	-7	det1=true
[3129]	67	71	-25	-12	-7	-3	det1=true
[3130]	67	71	-28	-12	-7	3	det1=true
[3131]	68	71	-26	1	-6	-5	det1=true
[3132]	68	71	-31	1	-6	5	det1=true
[3133]	69	71	-27	-13	-7	-3	det1=true
[3134]	69	71	-30	-13	-7	3	det1=true
[3135]	69	71	-2	0	-7	-5	det1=true
[3136]	69	71	-7	0	-7	5	det1=true
[3137]	71	71	-24	-6	-7	-4	det1=true
[3138]	71	71	-28	-6	-7	4	det1=true
[3139]	44	72	-19	-3	-5	-4	det1=true
[3140]	44	72	-23	-3	-5	4	det1=true
[3141]	49	72	-5	1	-7	-2	det1=true
[3142]	49	72	-7	1	-7	2	det1=true
[3143]	51	72	-17	-1	-2	7	det1=true
[3144]	57	72	-23	-3	-7	-2	det1=true
[3145]	61	72	-26	-5	-2	-7	det1=true
[3146]	61	72	-33	-5	-2	7	det1=true
[3147]	61	72	-22	-15	-2	-7	det1=true
[3148]	61	72	-29	-15	-2	7	det1=true
[3149]	62	72	-11	-1	-7	-4	det1=true
[3150]	62	72	-15	-1	-7	4	det1=true
[3151]	63	72	-4	1	-2	-8	det1=true
[3152]	63	72	-12	1	-2	8	det1=true
[3153]	65	72	-11	-4	-8	-2	det1=true
[3154]	65	72	-13	-4	-8	2	det1=true
[3155]	66	72	-37	-11	-2	7	det1=true
[3156]	67	72	-26	3	-6	-5	det1=true
[3157]	67	72	-31	3	-6	5	det1=true
[3158]	67	72	-21	-1	-7	-4	det1=true
[3159]	67	72	-25	-1	-7	4	det1=true
[3160]	69	72	-26	-9	-6	-5	det1=true
[3161]	69	72	-31	-9	-6	5	det1=true
[3162]	69	72	-21	-17	-5	-6	det1=true
[3163]	69	72	-27	-17	-5	6	det1=true
[3164]	71	72	-24	-7	-4	-7	det1=true
[3165]	71	72	-31	-7	-4	7	det1=true
[3166]	72	72	-19	-19	-1	-8	det1=true
[3167]	72	72	-27	-19	-1	8	det1=true
[3168]	25	69	-3	1	-5	-1	det1=true
[3169]	25	69	-4	1	-5	1	det1=true
[3170]	31	69	-10	-8	-5	-2	det1=true
[3171]	31	69	-12	-8	-5	2	det1=true
[3172]	32	69	-10	-11	-2	-5	det1=true
[3173]	32	69	-15	-11	-2	5	det1=true
[3174]	44	69	-15	-8	-2	-6	det1=true
[3175]	52	69	-9	2	-7	-2	det1=true
[3176]	52	69	-11	2	-7	2	det1=true
[3177]	54	69	-13	-6	-6	-4	det1=true
[3178]	54	69	-17	-6	-6	4	det1=true
[3179]	56	69	-15	-10	-7	2	det1=true
[3180]	59	69	-21	-13	-1	-7	det1=true
[3181]	59	69	-28	-13	-1	7	det1=true
[3182]	60	69	-21	-10	-4	-6	det1=true
[3183]	60	69	-27	-10	-4	6	det1=true
[3184]	63	69	-20	-22	-1	-7	det1=true
[3185]	63	69	-27	-22	-1	7	det1=true
[3186]	63	69	-7	0	-8	-1	det1=true
[3187]	63	69	-8	0	-8	1	det1=true
[3188]	68	69	-17	-4	-7	-4	det1=true
[3189]	68	69	-21	-4	-7	4	det1=true
[3190]	68	69	-15	-7	-1	-8	det1=true
[3191]	37	70	-9	-3	-1	-6	det1=true
[3192]	37	70	-15	-3	-1	6	det1=true
[3193]	40	70	-19	-10	-1	6	det1=true
[3194]	40	70	-11	-2	-6	-2	det1=true
[3195]	40	70	-13	-2	-6	2	det1=true
[3196]	40	70	-9	-4	-2	-6	det1=true
[3197]	40	70	-15	-4	-2	6	det1=true
[3198]	41	70	-20	-1	-6	-1	det1=true
[3199]	41	70	-15	-11	-6	-1	det1=true
[3200]	41	70	-16	-11	-6	1	det1=true
[3201]	45	70	-19	-1	-5	-4	det1=true
[3202]	45	70	-23	-1	-5	4	det1=true
[3203]	49	70	0	1	-4	-6	det1=true
[3204]	49	70	-6	1	-4	6	det1=true
[3205]	62	70	-8	1	-8	1	det1=true
[3206]	65	70	-28	-11	-4	-6	det1=true
[3207]	66	70	-32	-27	-6	-2	det1=true
[3208]	66	70	-34	-27	-6	2	det1=true
[3209]	69	70	-19	-5	-4	-7	det1=true
[3210]	69	70	-26	-5	-4	7	det1=true
[3211]	70	70	-21	-3	-4	-7	det1=true
[3212]	70	70	-28	-3	-4	7	det1=true
[3213]	39	71	-6	2	-4	-5	det1=true
[3214]	39	71	-11	2	-4	5	det1=true
[3215]	40	71	-18	-5	-6	-1	det1=true
[3216]	40	71	-19	-5	-6	1	det1=true
[3217]	47	71	-21	-18	-6	-1	det1=true
[3218]	47	71	-22	-18	-6	1	det1=true
[3219]	47	71	-6	1	-7	-1	det1=true
[3220]	55	71	-14	-12	-4	-6	det1=true
[3221]	55	71	-20	-12	-4	6	det1=true
[3222]	57	71	-23	-7	-1	-7	det1=true
[3223]	57	71	-30	-7	-1	7	det1=true
[3224]	57	71	-18	-13	-7	2	det1=true
[3225]	59	71	-18	-15	-7	-2	det1=true
[3226]	59	71	-20	-15	-7	2	det1=true
[3227]	61	71	-16	-11	-7	-3	det1=true
[3228]	61	71	-19	-11	-7	3	det1=true
[3229]	61	71	-4	-1	-7	-4	det1=true
[3230]	61	71	-8	-1	-7	4	det1=true
[3231]	62	71	-27	-8	-7	-2	det1=true
[3232]	63	71	-24	-16	-4	-6	det1=true
[3233]	63	71	-30	-16	-4	6	det1=true
[3234]	65	71	-19	-16	-7	-3	det1=true
[3235]	65	71	-22	-16	-7	3	det1=true
[3236]	65	71	-24	-18	-3	7	det1=true
[3237]	30	72	-13	-5	-5	-2	det1=true
[3238]	30	72	-15	-5	-5	2	det1=true
[3239]	47	72	-19	-13	-4	-5	det1=true
[3240]	47	72	-24	-13	-4	5	det1=true
[3241]	51	72	-10	-1	-2	-7	det1=true
[3242]	62	72	-9	-4	-1	-8	det1=true
[3243]	62	72	-17	-4	-1	8	det1=true
[3244]	63	72	-22	-19	-2	-7	det1=true
[3245]	63	72	-29	-19	-2	7	det1=true
[3246]	69	72	-27	-5	-5	-6	det1=true
[3247]	69	72	-33	-5	-5	6	det1=true
[3248]	18	69	-7	-6	-1	-4	det1=true
[3249]	18	69	-11	-6	-1	4	det1=true
[3250]	28	69	-2	-1	-2	-5	det1=true
[3251]	28	69	-7	-1	-2	5	det1=true
[3252]	37	69	-10	0	-6	-1	det1=true
[3253]	37	69	-11	0	-6	1	det1=true
[3254]	56	69	-13	-10	-7	-2	det1=true
[3255]	60	69	-22	-1	-2	-7	det1=true
[3256]	60	69	-29	-1	-2	7	det1=true
[3257]	66	69	-20	-3	-6	-5	det1=true
[3258]	66	69	-25	-3	-6	5	det1=true
[3259]	26	70	-11	-1	-3	-4	det1=true
[3260]	26	70	-15	-1	-3	4	det1=true
[3261]	38	70	-11	-5	-1	-6	det1=true
[3262]	46	70	-21	-15	-6	-1	det1=true
[3263]	46	70	-22	-15	-6	1	det1=true
[3264]	49	70	-1	2	-6	-4	det1=true
[3265]	49	70	-5	2	-6	4	det1=true
[3266]	53	70	-10	-9	-4	-6	det1=true
[3267]	53	70	-16	-9	-4	6	det1=true
[3268]	54	70	-15	-4	-4	-6	det1=true
[3269]	54	70	-21	-4	-4	6	det1=true
[3270]	58	70	-21	-6	-4	-6	det1=true
[3271]	58	70	-27	-6	-4	6	det1=true
[3272]	58	70	-21	-6	-7	-2	det1=true
[3273]	69	70	-22	-3	-8	-1	det1=true
[3274]	69	70	-23	-3	-8	1	det1=true
[3275]	33	71	-14	-12	-5	-2	det1=true
[3276]	33	71	-16	-12	-5	2	det1=true
[3277]	40	71	-17	-2	-1	-6	det1=true
[3278]	40	71	-23	-2	-1	6	det1=true
[3279]	40	71	-14	-11	-6	-1	det1=true
[3280]	40	71	-15	-11	-6	1	det1=true
[3281]	47	71	-3	-2	-1	-7	det1=true
[3282]	47	71	-10	-2	-1	7	det1=true
[3283]	55	71	-19	-10	-1	-7	det1=true
[3284]	55	71	-26	-10	-1	7	det1=true
[3285]	55	71	-15	-11	-6	-4	det1=true
[3286]	55	71	-8	3	-7	-3	det1=true
[3287]	59	71	-23	-9	-6	-4	det1=true
[3288]	59	71	-27	-9	-6	4	det1=true
[3289]	59	71	-22	-10	-4	-6	det1=true
[3290]	59	71	-28	-10	-4	6	det1=true
[3291]	61	71	-2	-4	-1	-8	det1=true
[3292]	62	71	-9	1	-7	-4	det1=true
[3293]	62	71	-13	1	-7	4	det1=true
[3294]	63	71	-10	-1	-1	-8	det1=true
[3295]	63	71	-18	-1	-1	8	det1=true
[3296]	67	71	-28	-5	-7	-3	det1=true
[3297]	67	71	-31	-5	-7	3	det1=true
[3298]	67	71	-26	-7	-3	-7	det1=true
[3299]	67	71	-33	-7	-3	7	det1=true
[3300]	67	71	-23	-14	-3	-7	det1=true
[3301]	67	71	-30	-14	-3	7	det1=true
[3302]	39	72	-8	1	-4	-5	det1=true
[3303]	39	72	-13	1	-4	5	det1=true
[3304]	53	72	-17	1	-7	-2	det1=true
[3305]	53	72	-19	1	-7	2	det1=true
[3306]	56	72	-21	-4	-4	-6	det1=true
[3307]	56	72	-27	-4	-4	6	det1=true
[3308]	57	72	-25	-3	-7	2	det1=true
[3309]	57	72	-5	-3	-6	-5	det1=true
[3310]	57	72	-10	-3	-6	5	det1=true
[3311]	65	72	-26	-17	-2	-7	det1=true
[3312]	65	72	-33	-17	-2	7	det1=true
[3313]	34	69	-15	-11	-5	-2	det1=true
[3314]	34	69	-17	-11	-5	2	det1=true
[3315]	49	69	-9	2	-7	-1	det1=true
[3316]	49	69	-10	2	-7	1	det1=true
[3317]	54	69	-12	-7	-4	-6	det1=true
[3318]	54	69	-18	-7	-4	6	det1=true
[3319]	67	69	-29	-16	-5	-5	det1=true
[3320]	51	70	-7	-1	-7	-2	det1=true
[3321]	51	70	-9	-1	-7	2	det1=true
[3322]	54	70	-20	-3	-6	4	det1=true
[3323]	41	71	-12	0	-4	-5	det1=true
[3324]	41	71	-17	0	-4	5	det1=true
[3325]	47	71	-20	-10	-5	-4	det1=true
[3326]	47	71	-24	-10	-5	4	det1=true
[3327]	52	71	-14	-1	-6	-4	det1=true
[3328]	52	71	-18	-1	-6	4	det1=true
[3329]	69	71	-32	-15	-3	7	det1=true
[3330]	71	71	-23	-6	-4	-7	det1=true
[3331]	71	71	-30	-6	-4	7	det1=true
[3332]	39	72	-7	-3	-5	-4	det1=true
[3333]	39	72	-11	-3	-5	4	det1=true
[3334]	61	72	-26	-19	-2	7	det1=true
[3335]	67	72	-16	-11	-4	-7	det1=true
[3336]	67	72	-23	-11	-4	7	det1=true
[3337]	27	69	-11	-2	-5	-1	det1=true
[3338]	27	69	-12	-2	-5	1	det1=true
[3339]	27	69	-10	-4	-5	-1	det1=true
[3340]	27	69	-11	-4	-5	1	det1=true
[3341]	57	69	-21	-10	-7	-1	det1=true
[3342]	57	69	-22	-10	-7	1	det1=true
[3343]	66	69	-9	-10	-1	-8	det1=true
[3344]	66	69	-17	-10	-1	8	det1=true
[3345]	40	70	-10	1	-2	-6	det1=true
[3346]	40	70	-16	1	-2	6	det1=true
[3347]	43	70	-19	-11	-6	-1	det1=true
[3348]	43	70	-20	-11	-6	1	det1=true
[3349]	52	70	-6	-7	-2	-7	det1=true
[3350]	52	70	-13	-7	-2	7	det1=true
[3351]	58	70	-23	-6	-7	2	det1=true
[3352]	63	70	-21	-17	-2	-7	det1=true
[3353]	63	70	-28	-17	-2	7	det1=true
[3354]	45	71	-19	-4	-4	-5	det1=true
[3355]	45	71	-24	-4	-4	5	det1=true
[3356]	53	71	-9	-10	-2	-7	det1=true
[3357]	53	71	-16	-10	-2	7	det1=true
[3358]	55	71	-19	-11	-6	4	det1=true
[3359]	65	71	-21	-22	-2	-7	det1=true
[3360]	65	71	-28	-22	-2	7	det1=true
[3361]	65	71	-15	-6	-8	-1	det1=true
[3362]	65	71	-16	-6	-8	1	det1=true
[3363]	65	71	-12	-8	-4	-7	det1=true
[3364]	65	71	-19	-8	-4	7	det1=true
[3365]	67	71	-21	-17	-3	-7	det1=true
[3366]	67	71	-28	-17	-3	7	det1=true
[3367]	69	71	-25	-15	-3	-7	det1=true
[3368]	70	71	-24	-13	-6	-5	det1=true
[3369]	70	71	-29	-13	-6	5	det1=true
[3370]	38	72	-3	-1	-4	-5	det1=true
[3371]	38	72	-8	-1	-4	5	det1=true
[3372]	65	72	-8	-7	-2	-8	det1=true
[3373]	29	69	-8	-1	-5	-2	det1=true
[3374]	29	69	-10	-1	-5	2	det1=true
[3375]	44	71	-15	-3	-3	6	det1=true
[3376]	63	71	-17	-6	-6	-5	det1=true
[3377]	63	71	-22	-6	-6	5	det1=true
[3378]	61	72	-19	-19	-2	-7	det1=true
[3379]	62	72	-27	-10	-4	-6	det1=true
[3380]	64	72	-15	-14	-5	-6	det1=true
[3381]	64	72	-21	-14	-5	6	det1=true
[3382]	40	69	-15	-1	-1	-6	det1=true
[3383]	51	69	-14	-1	-7	-1	det1=true
[3384]	51	69	-15	-1	-7	1	det1=true
[3385]	56	70	-20	-1	-6	-4	det1=true
[3386]	68	70	-21	-11	-6	-5	det1=true
[3387]	68	70	-26	-11	-6	5	det1=true
[3388]	29	71	-10	-3	-5	-2	det1=true
[3389]	29	71	-12	-3	-5	2	det1=true
[3390]	57	71	-26	-4	-7	-1	det1=true
[3391]	57	71	-27	-4	-7	1	det1=true
[3392]	61	70	-13	1	-5	-6	det1=true
[3393]	61	70	-19	1	-5	6	det1=true
[3394]	64	70	-12	-3	-8	-1	det1=true
[3395]	64	70	-13	-3	-8	1	det1=true
[3396]	70	70	-8	1	-8	-3	det1=true
[3397]	70	70	-11	1	-8	3	det1=true
[3398]	45	72	-19	-7	-4	-5	det1=true
[3399]	45	72	-24	-7	-4	5	det1=true
[3400]	54	72	-25	-19	-5	-4	det1=true
[3401]	54	72	-29	-19	-5	4	det1=true
[3402]	61	71	-4	2	-4	-7	det1=true
[3403]	61	71	-11	2	-4	7	det1=true
[3404]	69	69	-28	-18	-6	-4	det1=true
[3405]	62	70	-11	-9	-5	-6	det1=true
[3406]	62	70	-17	-9	-5	6	det1=true
[3407]	71	71	-16	-12	-2	-8	det1=true
[3408]	71	71	-24	-12	-2	8	det1=true
[3409]	30	70	-10	-5	-2	-5	det1=true
[3410]	30	70	-15	-5	-2	5	det1=true
[3411]	53	69	-6	-8	-2	-7	det1=true
[3412]	66	70	-30	-29	-2	-6	det1=true
[3413]	66	70	-36	-29	-2	6	det1=true
[3414]	63	72	-17	-9	-6	-5	det1=true
[3415]	63	72	-22	-9	-6	5	det1=true
[3416]	65	69	-10	-6	-8	-1	det1=true
[3417]	65	69	-11	-6	-8	1	det1=true
[3418]	72	72	-27	-14	-5	-6	det1=true
[3419]	72	72	-33	-14	-5	6	det1=true
[3420]	69	69	-14	-4	-8	-2	det1=true
[3421]	40	70	-12	3	-6	-2	det1=true
[3422]	40	70	-14	3	-6	2	det1=true
[3423]	20	71	-9	0	-4	-2	det1=true
[3424]	20	71	-11	0	-4	2	det1=true
[3425]	52	72	-16	3	-6	-4	det1=true
[3426]	52	72	-20	3	-6	4	det1=true
[3427]	20	69	-6	1	-2	-4	det1=true
[3428]	20	69	-10	1	-2	4	det1=true
[3429]	37	70	-12	3	-6	-1	det1=true
[3430]	17	71	-8	-2	-4	-1	det1=true
[3431]	13	71	-5	-4	-2	-3	det1=true
[3432]	13	71	-8	-4	-2	3	det1=true
[3433]	41	69	-9	2	-4	-5	det1=true
[3434]	41	69	-14	2	-4	5	det1=true
[3435]	61	72	-17	3	-6	-5	det1=true
[3436]	61	72	-22	3	-6	5	det1=true
[3437]	64	73	-23	-22	-4	-6	det1=true
[3438]	64	73	-29	-22	-4	6	det1=true
[3439]	65	73	-27	1	-3	-7	det1=true
[3440]	65	73	-34	1	-3	7	det1=true
[3441]	73	73	-25	-3	-2	-8	det1=true
[3442]	73	73	-33	-3	-2	8	det1=true
[3443]	55	74	-16	-15	-4	-6	det1=true
[3444]	55	74	-22	-15	-4	6	det1=true
[3445]	64	74	-19	-5	-8	-1	det1=true
[3446]	64	74	-20	-5	-8	1	det1=true
[3447]	18	75	-4	-1	-4	-2	det1=true
[3448]	18	75	-6	-1	-4	2	det1=true
[3449]	66	75	-30	-19	-4	-6	det1=true
[3450]	66	75	-36	-19	-4	6	det1=true
[3451]	15	76	-4	1	-4	-1	det1=true
[3452]	37	73	0	2	-5	-4	det1=true
[3453]	37	73	-4	2	-5	4	det1=true
[3454]	49	73	-6	-3	-7	-2	det1=true
[3455]	49	73	-8	-3	-7	2	det1=true
[3456]	51	73	-9	-8	-2	-7	det1=true
[3457]	51	73	-16	-8	-2	7	det1=true
[3458]	55	73	-16	-12	-7	-2	det1=true
[3459]	55	73	-18	-12	-7	2	det1=true
[3460]	61	73	-19	-10	-3	-7	det1=true
[3461]	61	73	-26	-10	-3	7	det1=true
[3462]	63	73	-28	-13	-7	-2	det1=true
[3463]	63	73	-30	-13	-7	2	det1=true
[3464]	70	73	-29	-24	-6	-4	det1=true
[3465]	70	73	-33	-24	-6	4	det1=true
[3466]	70	73	-28	-25	-4	-6	det1=true
[3467]	70	73	-34	-25	-4	6	det1=true
[3468]	18	74	-3	2	-4	-2	det1=true
[3469]	18	74	-5	2	-4	2	det1=true
[3470]	50	74	-11	-1	-2	-7	det1=true
[3471]	54	74	-21	2	-4	-6	det1=true
[3472]	54	74	-27	2	-4	6	det1=true
[3473]	55	74	-20	-9	-4	-6	det1=true
[3474]	55	74	-26	-9	-4	6	det1=true
[3475]	59	74	-6	1	-4	-7	det1=true
[3476]	59	74	-13	1	-4	7	det1=true
[3477]	65	74	-19	-2	-1	-8	det1=true
[3478]	65	74	-27	-2	-1	8	det1=true
[3479]	68	74	-7	-9	-3	-8	det1=true
[3480]	68	74	-15	-9	-3	8	det1=true
[3481]	73	74	-22	-3	-8	-3	det1=true
[3482]	73	74	-25	-3	-8	3	det1=true
[3483]	74	74	-31	-28	-4	-6	det1=true
[3484]	74	74	-37	-28	-4	6	det1=true
[3485]	64	75	-17	2	-8	-2	det1=true
[3486]	64	75	-19	2	-8	2	det1=true
[3487]	66	75	-31	-18	-6	-4	det1=true
[3488]	66	75	-35	-18	-6	4	det1=true
[3489]	68	75	-21	-13	-4	-7	det1=true
[3490]	68	75	-28	-13	-4	7	det1=true
[3491]	37	76	-9	-6	-6	-2	det1=true
[3492]	37	76	-11	-6	-6	2	det1=true
[3493]	37	76	-7	-8	-2	-6	det1=true
[3494]	37	76	-13	-8	-2	6	det1=true
[3495]	54	76	-5	-3	-6	-5	det1=true
[3496]	54	76	-10	-3	-6	5	det1=true
[3497]	61	76	-17	3	-7	-4	det1=true
[3498]	61	76	-21	3	-7	4	det1=true
[3499]	61	76	-9	-4	-8	-2	det1=true
[3500]	69	76	-20	-13	-2	-8	det1=true
[3501]	69	76	-28	-13	-2	8	det1=true
[3502]	76	76	-61	-13	-4	-3	det1=true
[3503]	76	76	-64	-13	-4	3	det1=true
[3504]	12	73	-3	1	-2	-3	det1=true
[3505]	12	73	-6	1	-2	3	det1=true
[3506]	25	73	-8	-4	-5	-1	det1=true
[3507]	31	73	-3	0	-5	-3	det1=true
[3508]	53	73	-17	-5	-4	-6	det1=true
[3509]	53	73	-23	-5	-4	6	det1=true
[3510]	58	73	-25	-5	-7	-2	det1=true
[3511]	58	73	-27	-5	-7	2	det1=true
[3512]	58	73	-20	-13	-2	-7	det1=true
[3513]	58	73	-27	-13	-2	7	det1=true
[3514]	59	73	-18	-4	-3	-7	det1=true
[3515]	59	73	-25	-4	-3	7	det1=true
[3516]	60	73	-7	-3	-8	-1	det1=true
[3517]	60	73	-8	-3	-8	1	det1=true
[3518]	67	73	-21	-2	-4	-7	det1=true
[3519]	69	73	-31	-24	-7	-1	det1=true
[3520]	69	73	-32	-24	-7	1	det1=true
[3521]	69	73	-19	-14	-4	-7	det1=true
[3522]	69	73	-26	-14	-4	7	det1=true
[3523]	70	73	-21	-14	-1	-8	det1=true
[3524]	73	73	-30	-2	-7	-4	det1=true
[3525]	46	74	-19	-16	-2	-6	det1=true
[3526]	46	74	-25	-16	-2	6	det1=true
[3527]	50	74	-18	-1	-2	7	det1=true
[3528]	55	74	-21	-8	-6	-4	det1=true
[3529]	55	74	-25	-8	-6	4	det1=true
[3530]	56	74	-18	-15	-6	-4	det1=true
[3531]	56	74	-22	-15	-6	4	det1=true
[3532]	57	74	-25	-4	-7	-2	det1=true
[3533]	57	74	-27	-4	-7	2	det1=true
[3534]	59	74	-9	3	-8	-1	det1=true
[3535]	59	74	-10	3	-8	1	det1=true
[3536]	59	74	-5	-3	-7	-4	det1=true
[3537]	59	74	-9	-3	-7	4	det1=true
[3538]	60	74	-13	1	-8	1	det1=true
[3539]	60	74	-9	-1	-4	-7	det1=true
[3540]	60	74	-16	-1	-4	7	det1=true
[3541]	61	74	-15	-11	-6	-5	det1=true
[3542]	61	74	-20	-11	-6	5	det1=true
[3543]	62	74	-23	-19	-2	-7	det1=true
[3544]	62	74	-30	-19	-2	7	det1=true
[3545]	45	75	-7	-2	-7	-1	det1=true
[3546]	48	75	-10	-3	-6	-4	det1=true
[3547]	48	75	-14	-3	-6	4	det1=true
[3548]	66	75	-19	-11	-4	-7	det1=true
[3549]	66	75	-26	-11	-4	7	det1=true
[3550]	18	76	-5	-2	-4	-2	det1=true
[3551]	18	76	-7	-2	-4	2	det1=true
[3552]	27	76	-11	2	-5	-2	det1=true
[3553]	27	76	-13	2	-5	2	det1=true
[3554]	38	76	-15	2	-6	-2	det1=true
[3555]	38	76	-17	2	-6	2	det1=true
[3556]	38	76	-11	-1	-4	-5	det1=true
[3557]	39	76	-13	-4	-5	-4	det1=true
[3558]	39	76	-17	-4	-5	4	det1=true
[3559]	53	76	-1	2	-5	-6	det1=true
[3560]	53	76	-7	2	-5	6	det1=true
[3561]	55	76	-9	-3	-6	-5	det1=true
[3562]	59	76	-17	-6	-5	-6	det1=true
[3563]	59	76	-23	-6	-5	6	det1=true
[3564]	68	76	-28	-5	-8	-1	det1=true
[3565]	68	76	-29	-5	-8	1	det1=true
[3566]	68	76	-25	-7	-4	-7	det1=true
[3567]	68	76	-32	-7	-4	7	det1=true
[3568]	68	76	-17	-1	-8	-3	det1=true
[3569]	68	76	-20	-1	-8	3	det1=true
[3570]	70	76	-27	-4	-8	-2	det1=true
[3571]	72	76	-24	-19	-4	-7	det1=true
[3572]	28	73	-9	-1	-2	-5	det1=true
[3573]	28	73	-14	-1	-2	5	det1=true
[3574]	30	73	-11	-9	-2	-5	det1=true
[3575]	30	73	-16	-9	-2	5	det1=true
[3576]	34	73	-9	-3	-1	6	det1=true
[3577]	38	73	-15	-7	-6	-1	det1=true
[3578]	38	73	-16	-7	-6	1	det1=true
[3579]	39	73	-10	0	-5	-4	det1=true
[3580]	39	73	-14	0	-5	4	det1=true
[3581]	53	73	-18	-4	-6	-4	det1=true
[3582]	53	73	-22	-4	-6	4	det1=true
[3583]	53	73	-5	0	-7	-3	det1=true
[3584]	53	73	-8	0	-7	3	det1=true
[3585]	53	73	-3	-2	-3	-7	det1=true
[3586]	53	73	-10	-2	-3	7	det1=true
[3587]	57	73	-22	-4	-2	-7	det1=true
[3588]	57	73	-24	-13	-7	-1	det1=true
[3589]	57	73	-25	-13	-7	1	det1=true
[3590]	57	73	-19	-12	-2	-7	det1=true
[3591]	57	73	-26	-12	-2	7	det1=true
[3592]	61	73	-21	-8	-7	-3	det1=true
[3593]	61	73	-24	-8	-7	3	det1=true
[3594]	61	73	-18	2	-5	-6	det1=true
[3595]	61	73	-24	2	-5	6	det1=true
[3596]	62	73	-19	-3	-5	-6	det1=true
[3597]	62	73	-25	-3	-5	6	det1=true
[3598]	64	73	-27	-15	-2	-7	det1=true
[3599]	64	73	-34	-15	-2	7	det1=true
[3600]	67	73	-29	-3	-3	-7	det1=true
[3601]	67	73	-28	-2	-4	7	det1=true
[3602]	67	73	-18	-11	-1	-8	det1=true
[3603]	67	73	-26	-11	-1	8	det1=true
[3604]	67	73	-17	-12	-4	-7	det1=true
[3605]	69	73	-19	-5	-2	-8	det1=true
[3606]	69	73	-27	-5	-2	8	det1=true
[3607]	70	73	-29	-14	-1	8	det1=true
[3608]	73	73	-36	-5	-1	8	det1=true
[3609]	35	74	-7	-7	-1	-6	det1=true
[3610]	35	74	-13	-7	-1	6	det1=true
[3611]	44	74	-19	-12	-6	-2	det1=true
[3612]	44	74	-21	-12	-6	2	det1=true
[3613]	55	74	-17	-14	-6	-4	det1=true
[3614]	55	74	-21	-14	-6	4	det1=true
[3615]	65	74	-13	-6	-2	-8	det1=true
[3616]	66	74	-24	1	-8	-1	det1=true
[3617]	68	74	-23	-8	-7	-4	det1=true
[3618]	68	74	-27	-8	-7	4	det1=true
[3619]	68	74	-21	-11	-1	-8	det1=true
[3620]	68	74	-29	-11	-1	8	det1=true
[3621]	69	74	-32	-29	-6	-3	det1=true
[3622]	69	74	-35	-29	-6	3	det1=true
[3623]	70	74	-31	-1	-5	-6	det1=true
[3624]	70	74	-37	-1	-5	6	det1=true
[3625]	70	74	-13	-8	-3	-8	det1=true
[3626]	70	74	-21	-8	-3	8	det1=true
[3627]	71	74	-27	-5	-4	-7	det1=true
[3628]	71	74	-34	-5	-4	7	det1=true
[3629]	23	75	-4	1	-5	1	det1=true
[3630]	43	75	-14	-14	-4	-5	det1=true
[3631]	49	75	-16	-2	-1	-7	det1=true
[3632]	49	75	-23	-2	-1	7	det1=true
[3633]	49	75	-12	-1	-7	-2	det1=true
[3634]	53	75	-16	-17	-1	-7	det1=true
[3635]	53	75	-23	-17	-1	7	det1=true
[3636]	59	75	-28	-16	-7	1	det1=true
[3637]	60	75	-13	3	-7	-4	det1=true
[3638]	60	75	-17	3	-7	4	det1=true
[3639]	60	75	-11	-4	-7	-4	det1=true
[3640]	60	75	-15	-4	-7	4	det1=true
[3641]	63	75	-24	-22	-4	-6	det1=true
[3642]	63	75	-30	-22	-4	6	det1=true
[3643]	67	75	-38	-3	-3	7	det1=true
[3644]	67	75	-9	1	-5	-7	det1=true
[3645]	67	75	-16	1	-5	7	det1=true
[3646]	71	75	-19	-17	-2	-8	det1=true
[3647]	71	75	-27	-17	-2	8	det1=true
[3648]	73	75	-32	-8	-8	-1	det1=true
[3649]	73	75	-33	-8	-8	1	det1=true
[3650]	73	75	-21	-4	-7	-5	det1=true
[3651]	73	75	-26	-4	-7	5	det1=true
[3652]	39	76	-15	-2	-2	-6	det1=true
[3653]	39	76	-21	-2	-2	6	det1=true
[3654]	43	76	-17	-12	-5	-4	det1=true
[3655]	43	76	-21	-12	-5	4	det1=true
[3656]	49	76	-13	-3	-7	-2	det1=true
[3657]	49	76	-15	-3	-7	2	det1=true
[3658]	58	76	-11	3	-8	-1	det1=true
[3659]	58	76	-12	3	-8	1	det1=true
[3660]	61	76	-15	0	-1	-8	det1=true
[3661]	61	76	-23	0	-1	8	det1=true
[3662]	70	76	-29	-4	-8	2	det1=true
[3663]	75	76	-35	-4	-7	-4	det1=true
[3664]	25	73	-9	-4	-5	1	det1=true
[3665]	25	73	-6	-6	-1	-5	det1=true
[3666]	25	73	-11	-6	-1	5	det1=true
[3667]	35	73	-8	0	-1	-6	det1=true
[3668]	54	73	-18	-7	-4	-6	det1=true
[3669]	54	73	-24	-7	-4	6	det1=true
[3670]	54	73	-17	-5	-2	-7	det1=true
[3671]	54	73	-24	-5	-2	7	det1=true
[3672]	54	73	-17	-8	-7	-2	det1=true
[3673]	54	73	-19	-8	-7	2	det1=true
[3674]	57	73	-29	-4	-2	7	det1=true
[3675]	60	73	-4	-5	-4	-7	det1=true
[3676]	60	73	-11	-5	-4	7	det1=true
[3677]	61	73	-26	-18	-7	-1	det1=true
[3678]	64	73	-10	-1	-2	-8	det1=true
[3679]	64	73	-18	-1	-2	8	det1=true
[3680]	65	73	-27	-19	-6	-4	det1=true
[3681]	65	73	-31	-19	-6	4	det1=true
[3682]	66	73	-11	-10	-2	-8	det1=true
[3683]	66	73	-19	-10	-2	8	det1=true
[3684]	67	73	-24	0	-8	-1	det1=true
[3685]	67	73	-20	-8	-7	-4	det1=true
[3686]	67	73	-24	-8	-7	4	det1=true
[3687]	69	73	-32	-18	-7	-2	det1=true
[3688]	72	73	-29	-26	-7	-2	det1=true
[3689]	72	73	-31	-26	-7	2	det1=true
[3690]	29	74	-13	-4	-5	-2	det1=true
[3691]	29	74	-15	-4	-5	2	det1=true
[3692]	37	74	-15	-5	-6	-1	det1=true
[3693]	37	74	-16	-5	-6	1	det1=true
[3694]	38	74	-9	-6	-6	-2	det1=true
[3695]	46	74	-21	-14	-6	-2	det1=true
[3696]	46	74	-23	-14	-6	2	det1=true
[3697]	60	74	-12	1	-8	-1	det1=true
[3698]	63	74	-14	-7	-4	-7	det1=true
[3699]	63	74	-21	-7	-4	7	det1=true
[3700]	65	74	-21	-6	-2	8	det1=true
[3701]	69	74	-21	-2	-2	-8	det1=true
[3702]	69	74	-29	-2	-2	8	det1=true
[3703]	72	74	-33	-2	-5	-6	det1=true
[3704]	72	74	-39	-2	-5	6	det1=true
[3705]	23	75	-3	1	-5	-1	det1=true
[3706]	23	75	-1	-1	-1	-5	det1=true
[3707]	23	75	-6	-1	-1	5	det1=true
[3708]	35	75	-13	0	-6	-1	det1=true
[3709]	43	75	-19	-14	-4	5	det1=true
[3710]	49	75	-19	1	-7	-1	det1=true
[3711]	49	75	-20	1	-7	1	det1=true
[3712]	51	75	-19	-5	-1	-7	det1=true
[3713]	51	75	-17	-10	-5	-5	det1=true
[3714]	51	75	-22	-10	-5	5	det1=true
[3715]	59	75	-27	-16	-7	-1	det1=true
[3716]	59	75	-26	-11	-7	-2	det1=true
[3717]	59	75	-28	-11	-7	2	det1=true
[3718]	59	75	-22	-16	-2	-7	det1=true
[3719]	59	75	-29	-16	-2	7	det1=true
[3720]	63	75	-27	-22	-1	-7	det1=true
[3721]	67	75	-15	2	-7	5	det1=true
[3722]	68	75	-18	-11	-2	-8	det1=true
[3723]	68	75	-26	-11	-2	8	det1=true
[3724]	71	75	-25	-16	-8	-1	det1=true
[3725]	71	75	-26	-16	-8	1	det1=true
[3726]	73	75	-20	-5	-5	-7	det1=true
[3727]	73	75	-27	-5	-5	7	det1=true
[3728]	34	76	-9	-2	-1	-6	det1=true
[3729]	35	76	-11	-5	-1	-6	det1=true
[3730]	35	76	-17	-5	-1	6	det1=true
[3731]	35	76	-4	1	-6	-2	det1=true
[3732]	35	76	-6	1	-6	2	det1=true
[3733]	35	76	-2	-1	-2	-6	det1=true
[3734]	35	76	-8	-1	-2	6	det1=true
[3735]	41	76	-16	-11	-6	-2	det1=true
[3736]	41	76	-18	-11	-6	2	det1=true
[3737]	52	76	-15	-11	-7	-2	det1=true
[3738]	52	76	-17	-11	-7	2	det1=true
[3739]	53	76	-1	1	-6	-5	det1=true
[3740]	53	76	-6	1	-6	5	det1=true
[3741]	55	76	-14	-3	-6	5	det1=true
[3742]	58	76	-8	1	-4	-7	det1=true
[3743]	58	76	-15	1	-4	7	det1=true
[3744]	61	76	-11	-4	-8	2	det1=true
[3745]	61	76	-6	-7	-2	-8	det1=true
[3746]	61	76	-14	-7	-2	8	det1=true
[3747]	64	76	-13	-10	-8	-2	det1=true
[3748]	64	76	-15	-10	-8	2	det1=true
[3749]	72	76	-29	-6	-8	-2	det1=true
[3750]	72	76	-31	-6	-8	2	det1=true
[3751]	72	76	-27	-17	-8	-1	det1=true
[3752]	72	76	-28	-17	-8	1	det1=true
[3753]	74	76	-28	-7	-8	3	det1=true
[3754]	76	76	-33	-11	-1	-8	det1=true
[3755]	76	76	-33	-11	-4	-7	det1=true
[3756]	31	73	-6	0	-5	3	det1=true
[3757]	34	73	-3	-3	-1	-6	det1=true
[3758]	35	73	-16	-1	-5	-3	det1=true
[3759]	35	73	-19	-1	-5	3	det1=true
[3760]	37	73	-12	-6	-1	-6	det1=true
[3761]	37	73	-18	-6	-1	6	det1=true
[3762]	54	73	-19	-6	-6	-4	det1=true
[3763]	59	73	-14	0	-5	-6	det1=true
[3764]	59	73	-20	0	-5	6	det1=true
[3765]	63	73	-34	-19	-1	7	det1=true
[3766]	64	73	-24	-21	-6	-4	det1=true
[3767]	64	73	-28	-21	-6	4	det1=true
[3768]	66	73	-24	-23	-2	-7	det1=true
[3769]	66	73	-31	-23	-2	7	det1=true
[3770]	68	73	-7	-5	-3	-8	det1=true
[3771]	73	73	-34	-2	-7	4	det1=true
[3772]	73	73	-28	-5	-1	-8	det1=true
[3773]	38	74	-11	-6	-6	2	det1=true
[3774]	38	74	-13	-8	-2	6	det1=true
[3775]	48	74	-7	2	-7	-2	det1=true
[3776]	51	74	-20	-3	-2	7	det1=true
[3777]	58	74	-24	-11	-6	-4	det1=true
[3778]	58	74	-28	-11	-6	4	det1=true
[3779]	62	74	-6	-3	-2	-8	det1=true
[3780]	62	74	-14	-3	-2	8	det1=true
[3781]	63	74	-17	-5	-8	-1	det1=true
[3782]	63	74	-18	-5	-8	1	det1=true
[3783]	65	74	-21	1	-7	-4	det1=true
[3784]	65	74	-25	1	-7	4	det1=true
[3785]	65	74	-16	-3	-8	-2	det1=true
[3786]	65	74	-18	-3	-8	2	det1=true
[3787]	73	74	-15	-14	-3	-8	det1=true
[3788]	44	75	-14	-7	-6	-3	det1=true
[3789]	44	75	-17	-7	-6	3	det1=true
[3790]	47	75	-2	-2	-2	-7	det1=true
[3791]	47	75	-9	-2	-2	7	det1=true
[3792]	55	75	-22	-7	-7	-2	det1=true
[3793]	55	75	-24	-7	-7	2	det1=true
[3794]	59	75	-24	-19	-1	-7	det1=true
[3795]	59	75	-31	-19	-1	7	det1=true
[3796]	60	75	-9	-7	-1	-8	det1=true
[3797]	60	75	-17	-7	-1	8	det1=true
[3798]	63	75	-29	-19	-1	-7	det1=true
[3799]	63	75	-34	-22	-1	7	det1=true
[3800]	67	75	-10	2	-7	-5	det1=true
[3801]	56	76	-13	1	-6	-5	det1=true
[3802]	56	76	-18	1	-6	5	det1=true
[3803]	57	76	-7	3	-8	-1	det1=true
[3804]	57	76	-8	3	-8	1	det1=true
[3805]	58	76	-7	-3	-1	-8	det1=true
[3806]	58	76	-15	-3	-1	8	det1=true
[3807]	61	76	-12	-9	-4	-7	det1=true
[3808]	61	76	-19	-9	-4	7	det1=true
[3809]	66	76	-16	-11	-2	-8	det1=true
[3810]	66	76	-24	-11	-2	8	det1=true
[3811]	73	76	-31	-17	-5	-6	det1=true
[3812]	73	76	-37	-17	-5	6	det1=true
[3813]	74	76	-25	-7	-8	-3	det1=true
[3814]	74	76	-23	-20	-8	-2	det1=true
[3815]	76	76	-41	-11	-1	8	det1=true
[3816]	76	76	-40	-11	-4	7	det1=true
[3817]	53	73	-20	-18	-3	-6	det1=true
[3818]	53	73	-26	-18	-3	6	det1=true
[3819]	54	73	-23	-6	-6	4	det1=true
[3820]	57	73	-21	-16	-1	-7	det1=true
[3821]	57	73	-28	-16	-1	7	det1=true
[3822]	60	73	-27	-7	-7	-2	det1=true
[3823]	60	73	-29	-7	-7	2	det1=true
[3824]	61	73	-27	-18	-7	1	det1=true
[3825]	64	73	-27	-27	-3	-6	det1=true
[3826]	64	73	-33	-27	-3	6	det1=true
[3827]	64	73	-23	-21	-2	-7	det1=true
[3828]	64	73	-30	-21	-2	7	det1=true
[3829]	67	73	-24	-12	-4	7	det1=true
[3830]	70	73	-21	-14	-7	-4	det1=true
[3831]	70	73	-25	-14	-7	4	det1=true
[3832]	38	74	-7	-8	-2	-6	det1=true
[3833]	39	74	-11	-2	-5	-4	det1=true
[3834]	39	74	-15	-2	-5	4	det1=true
[3835]	56	74	-17	-16	-4	-6	det1=true
[3836]	56	74	-23	-16	-4	6	det1=true
[3837]	40	75	-14	-9	-6	-2	det1=true
[3838]	40	75	-16	-9	-6	2	det1=true
[3839]	45	75	-4	-5	-1	-7	det1=true
[3840]	45	75	-11	-5	-1	7	det1=true
[3841]	62	75	-9	-2	-2	-8	det1=true
[3842]	62	75	-17	-2	-2	8	det1=true
[3843]	71	75	-22	-18	-4	-7	det1=true
[3844]	73	75	-29	-10	-4	-7	det1=true
[3845]	22	76	-3	0	-3	-4	det1=true
[3846]	22	76	-7	0	-3	4	det1=true
[3847]	28	76	-10	-7	-2	-5	det1=true
[3848]	28	76	-15	-7	-2	5	det1=true
[3849]	53	76	-26	-5	-2	7	det1=true
[3850]	62	76	-22	-7	-6	-5	det1=true
[3851]	62	76	-27	-7	-6	5	det1=true
[3852]	65	76	-17	-8	-8	-2	det1=true
[3853]	65	76	-19	-8	-8	2	det1=true
[3854]	71	76	-25	-22	-5	-6	det1=true
[3855]	71	76	-31	-22	-5	6	det1=true
[3856]	73	76	-22	-19	-2	-8	det1=true
[3857]	73	76	-30	-19	-2	8	det1=true
[3858]	40	73	-12	-7	-2	-6	det1=true
[3859]	40	73	-18	-7	-2	6	det1=true
[3860]	43	73	-16	-8	-4	-5	det1=true
[3861]	43	73	-21	-8	-4	5	det1=true
[3862]	54	73	-19	-4	-7	-2	det1=true
[3863]	55	73	-20	-14	-7	-1	det1=true
[3864]	55	73	-21	-14	-7	1	det1=true
[3865]	38	74	-11	-13	-1	-6	det1=true
[3866]	38	74	-17	-13	-1	6	det1=true
[3867]	40	74	-11	-7	-4	-5	det1=true
[3868]	40	74	-16	-7	-4	5	det1=true
[3869]	48	74	-5	-2	-7	-2	det1=true
[3870]	53	74	-17	-3	-2	-7	det1=true
[3871]	53	74	-24	-3	-2	7	det1=true
[3872]	53	74	-12	-13	-2	-7	det1=true
[3873]	53	74	-19	-13	-2	7	det1=true
[3874]	57	74	-23	-9	-7	-2	det1=true
[3875]	57	74	-25	-9	-7	2	det1=true
[3876]	66	74	-5	0	-3	-8	det1=true
[3877]	33	75	-11	-6	-3	-5	det1=true
[3878]	33	75	-16	-6	-3	5	det1=true
[3879]	51	75	-16	-6	-6	-4	det1=true
[3880]	51	75	-20	-6	-6	4	det1=true
[3881]	52	75	-17	-6	-7	-2	det1=true
[3882]	59	75	-8	-2	-1	-8	det1=true
[3883]	66	75	-22	-9	-8	-1	det1=true
[3884]	66	75	-23	-9	-8	1	det1=true
[3885]	67	75	-22	-8	-4	-7	det1=true
[3886]	67	75	-29	-8	-4	7	det1=true
[3887]	73	75	-32	-26	-2	-7	det1=true
[3888]	73	75	-39	-26	-2	7	det1=true
[3889]	73	75	-36	-10	-4	7	det1=true
[3890]	19	76	-7	-6	-4	-2	det1=true
[3891]	19	76	-9	-6	-4	2	det1=true
[3892]	36	76	-3	-1	-4	-5	det1=true
[3893]	36	76	-8	-1	-4	5	det1=true
[3894]	53	76	-19	-5	-2	-7	det1=true
[3895]	57	76	-4	1	-4	-7	det1=true
[3896]	57	76	-11	1	-4	7	det1=true
[3897]	58	76	-9	0	-7	-4	det1=true
[3898]	58	76	-13	0	-7	4	det1=true
[3899]	75	76	-31	-31	-2	-7	det1=true
[3900]	75	76	-38	-31	-2	7	det1=true
[3901]	26	73	-10	-9	-4	-3	det1=true
[3902]	26	73	-13	-9	-4	3	det1=true
[3903]	51	73	-14	0	-7	-2	det1=true
[3904]	51	73	-16	0	-7	2	det1=true
[3905]	52	73	-14	-1	-2	-7	det1=true
[3906]	52	73	-21	-1	-2	7	det1=true
[3907]	66	73	-17	-10	-7	-4	det1=true
[3908]	66	73	-21	-10	-7	4	det1=true
[3909]	28	74	-11	-2	-5	-2	det1=true
[3910]	28	74	-13	-2	-5	2	det1=true
[3911]	35	74	-12	3	-6	-1	det1=true
[3912]	48	74	-7	-2	-7	2	det1=true
[3913]	56	74	-9	3	-6	-5	det1=true
[3914]	56	74	-14	3	-6	5	det1=true
[3915]	59	75	-16	-2	-1	8	det1=true
[3916]	67	76	-29	-5	-5	-6	det1=true
[3917]	67	76	-35	-5	-5	6	det1=true
[3918]	37	75	-4	-4	-4	-5	det1=true
[3919]	37	75	-9	-4	-4	5	det1=true
[3920]	40	75	-11	-9	-4	-5	det1=true
[3921]	40	75	-16	-9	-4	5	det1=true
[3922]	68	75	-24	-11	-8	-1	det1=true
[3923]	68	75	-25	-11	-8	1	det1=true
[3924]	54	75	-17	-12	-7	-2	det1=true
[3925]	54	75	-19	-12	-7	2	det1=true
[3926]	66	76	-23	-3	-1	-8	det1=true
[3927]	66	76	-31	-3	-1	8	det1=true
[3928]	76	76	-35	-8	-7	-4	det1=true
[3929]	76	76	-39	-8	-7	4	det1=true
[3930]	76	76	-36	-9	-8	-1	det1=true
[3931]	76	76	-37	-9	-8	1	det1=true
[3932]	69	73	-22	-12	-8	-1	det1=true
[3933]	69	73	-23	-12	-8	1	det1=true
[3934]	73	73	-18	-3	-7	-5	det1=true
[3935]	73	73	-23	-3	-7	5	det1=true
[3936]	65	75	1	1	-5	-7	det1=true
[3937]	65	75	-6	1	-5	7	det1=true
[3938]	67	73	-23	-4	-8	-1	det1=true
[3939]	67	73	-24	-4	-8	1	det1=true
[3940]	67	75	-26	-6	-8	1	det1=true
[3941]	75	75	-25	2	-7	-5	det1=true
[3942]	75	75	-30	2	-7	5	det1=true
[3943]	44	76	-14	-9	-6	-3	det1=true
[3944]	44	76	-17	-9	-6	3	det1=true
[3945]	44	73	-11	-6	-3	-6	det1=true
[3946]	67	75	-25	-6	-8	-1	det1=true
[3947]	51	75	-16	-12	-1	-7	det1=true
[3948]	51	75	-23	-12	-1	7	det1=true
[3949]	66	75	-22	-3	-4	-7	det1=true
[3950]	66	75	-29	-3	-4	7	det1=true
[3951]	37	76	-11	-13	-1	-6	det1=true
[3952]	37	76	-17	-13	-1	6	det1=true
[3953]	66	76	-19	-15	-8	-1	det1=true
[3954]	66	76	-20	-15	-8	1	det1=true
[3955]	52	73	-11	-9	-2	-7	det1=true
[3956]	52	73	-18	-9	-2	7	det1=true
[3957]	38	74	-18	-3	-6	-1	det1=true
[3958]	54	74	-19	-7	-7	-2	det1=true
[3959]	54	74	-21	-7	-7	2	det1=true
[3960]	51	75	-20	-9	-7	1	det1=true
[3961]	39	76	-17	0	-6	-2	det1=true
[3962]	39	76	-19	0	-6	2	det1=true
[3963]	51	75	-19	-9	-7	-1	det1=true
[3964]	69	74	-24	1	-8	-2	det1=true
[3965]	73	73	-15	-9	-7	-5	det1=true
[3966]	73	73	-20	-9	-7	5	det1=true
[3967]	73	73	-14	-10	-5	-7	det1=true
[3968]	20	74	-9	-6	-4	-2	det1=true
[3969]	20	74	-11	-6	-4	2	det1=true
[3970]	65	75	-24	4	-8	-1	det1=true
[3971]	65	75	-25	4	-8	1	det1=true
[3972]	73	73	-17	-4	-5	-7	det1=true
[3973]	73	73	-24	-4	-5	7	det1=true
[3974]	37	76	-18	-3	-6	-1	det1=true
[3975]	74	74	-21	-9	-8	-3	det1=true
[3976]	18	79	-7	-4	-2	-4	det1=true
[3977]	18	79	-11	-4	-2	4	det1=true
[3978]	40	80	-14	3	-6	-3	det1=true
[3979]	40	80	-17	3	-6	3	det1=true
[3980]	39	77	-12	-8	-5	-4	det1=true
[3981]	39	77	-16	-8	-5	4	det1=true
[3982]	59	77	-26	-20	-7	-1	det1=true
[3983]	59	77	-27	-20	-7	1	det1=true
[3984]	74	78	-33	-13	-7	-4	det1=true
[3985]	74	78	-37	-13	-7	4	det1=true
[3986]	40	79	-9	-6	-3	-6	det1=true
[3987]	40	79	-15	-6	-3	6	det1=true
[3988]	64	79	-29	-2	-5	-6	det1=true
[3989]	64	79	-35	-2	-5	6	det1=true
[3990]	80	80	-33	-27	-1	-8	det1=true
[3991]	47	77	-8	0	-2	-7	det1=true
[3992]	47	77	-15	0	-2	7	det1=true
[3993]	53	77	-26	-6	-7	-1	det1=true
[3994]	53	77	-27	-6	-7	1	det1=true
[3995]	65	77	-29	2	-6	-5	det1=true
[3996]	66	77	-17	-12	-2	-8	det1=true
[3997]	66	77	-25	-12	-2	8	det1=true
[3998]	71	77	-18	-12	-3	-8	det1=true
[3999]	71	77	-26	-12	-3	8	det1=true
[4000]	75	77	-12	-10	-1	-9	det1=true
[4001]	75	77	-21	-10	-1	9	det1=true
[4002]	77	77	-25	-14	-7	-5	det1=true
[4003]	77	77	-30	-14	-7	5	det1=true
[4004]	77	77	-22	-1	-9	-1	det1=true
[4005]	77	77	-23	-1	-9	1	det1=true
[4006]	11	78	0	1	-2	-3	det1=true
[4007]	11	78	-3	1	-2	3	det1=true
[4008]	63	78	-15	-8	-2	-8	det1=true
[4009]	63	78	-23	-8	-2	8	det1=true
[4010]	64	78	-9	-5	-8	-3	det1=true
[4011]	66	78	-22	1	-2	-8	det1=true
[4012]	66	78	-30	1	-2	8	det1=true
[4013]	67	78	-29	-5	-8	-1	det1=true
[4014]	67	78	-30	-5	-8	1	det1=true
[4015]	74	78	-35	2	-8	-2	det1=true
[4016]	74	78	-37	2	-8	2	det1=true
[4017]	74	78	-29	-19	-4	-7	det1=true
[4018]	74	78	-36	-19	-4	7	det1=true
[4019]	75	78	-36	1	-8	-2	det1=true
[4020]	75	78	-38	1	-8	2	det1=true
[4021]	78	78	-11	-3	-8	-5	det1=true
[4022]	78	78	-16	-3	-8	5	det1=true
[4023]	11	79	-2	0	-2	-3	det1=true
[4024]	11	79	-5	0	-2	3	det1=true
[4025]	26	79	-11	1	-5	-2	det1=true
[4026]	26	79	-13	1	-5	2	det1=true
[4027]	44	79	-21	-16	-6	-2	det1=true
[4028]	53	79	-10	0	-5	-6	det1=true
[4029]	53	79	-16	0	-5	6	det1=true
[4030]	54	79	-9	-8	-5	-6	det1=true
[4031]	58	79	-14	1	-4	-7	det1=true
[4032]	58	79	-21	1	-4	7	det1=true
[4033]	70	79	-22	-19	-8	-2	det1=true
[4034]	70	79	-24	-19	-8	2	det1=true
[4035]	73	79	-29	-2	-8	-3	det1=true
[4036]	73	79	-32	-2	-8	3	det1=true
[4037]	79	79	-33	-19	-2	-8	det1=true
[4038]	79	79	-41	-19	-2	8	det1=true
[4039]	15	80	-7	-3	-4	-1	det1=true
[4040]	15	80	-8	-3	-4	1	det1=true
[4041]	45	80	-7	-1	-2	-7	det1=true
[4042]	54	80	-22	-15	-6	-4	det1=true
[4043]	54	80	-26	-15	-6	4	det1=true
[4044]	63	80	-29	-3	-6	-5	det1=true
[4045]	63	80	-34	-3	-6	5	det1=true
[4046]	23	77	-8	-4	-4	-3	det1=true
[4047]	23	77	-11	-4	-4	3	det1=true
[4048]	45	77	-12	-1	-7	-1	det1=true
[4049]	45	77	-13	-1	-7	1	det1=true
[4050]	53	77	-22	-4	-4	-6	det1=true
[4051]	53	77	-28	-4	-4	6	det1=true
[4052]	53	77	-20	-15	-1	-7	det1=true
[4053]	56	77	-21	-15	-7	-2	det1=true
[4054]	56	77	-23	-15	-7	2	det1=true
[4055]	61	77	-18	-19	-3	-7	det1=true
[4056]	61	77	-25	-19	-3	7	det1=true
[4057]	65	77	-18	-6	-2	-8	det1=true
[4058]	65	77	-26	-6	-2	8	det1=true
[4059]	66	77	-25	-27	-2	-7	det1=true
[4060]	66	77	-32	-27	-2	7	det1=true
[4061]	68	77	-21	-17	-4	-7	det1=true
[4062]	71	77	-30	-32	-1	-7	det1=true
[4063]	77	77	-30	1	-7	-5	det1=true
[4064]	77	77	-35	1	-7	5	det1=true
[4065]	77	77	-33	-26	-4	7	det1=true
[4066]	38	78	-13	-4	-5	-4	det1=true
[4067]	38	78	-17	-4	-5	4	det1=true
[4068]	55	78	-1	1	-7	-4	det1=true
[4069]	55	78	-5	1	-7	4	det1=true
[4070]	59	78	-10	1	-8	-2	det1=true
[4071]	62	78	-15	-13	-7	-4	det1=true
[4072]	62	78	-19	-13	-7	4	det1=true
[4073]	64	78	-12	-5	-8	3	det1=true
[4074]	70	78	-24	1	-8	-3	det1=true
[4075]	72	78	-32	-21	-4	7	det1=true
[4076]	74	78	-32	-17	-8	-1	det1=true
[4077]	74	78	-33	-17	-8	1	det1=true
[4078]	77	78	-29	0	-8	4	det1=true
[4079]	49	79	-20	-5	-1	-7	det1=true
[4080]	49	79	-27	-5	-1	7	det1=true
[4081]	53	79	-12	-10	-3	-7	det1=true
[4082]	53	79	-19	-10	-3	7	det1=true
[4083]	62	79	-23	-12	-5	-6	det1=true
[4084]	62	79	-7	-1	-8	-3	det1=true
[4085]	63	79	-23	2	-4	-7	det1=true
[4086]	63	79	-30	2	-4	7	det1=true
[4087]	66	79	-23	-14	-1	-8	det1=true
[4088]	66	79	-31	-14	-1	8	det1=true
[4089]	69	79	-21	-8	-8	-3	det1=true
[4090]	69	79	-24	-8	-8	3	det1=true
[4091]	71	79	-35	-8	-8	1	det1=true
[4092]	75	79	-21	-19	-7	-5	det1=true
[4093]	75	79	-26	-19	-7	5	det1=true
[4094]	79	79	-53	-6	-7	-1	det1=true
[4095]	79	79	-54	-6	-7	1	det1=true
[4096]	79	79	-36	-16	-8	-2	det1=true
[4097]	79	79	-38	-16	-8	2	det1=true
[4098]	26	80	-9	-6	-5	-2	det1=true
[4099]	26	80	-11	-6	-5	2	det1=true
[4100]	44	80	-7	2	-4	-6	det1=true
[4101]	44	80	-13	2	-4	6	det1=true
[4102]	46	80	-11	-6	-4	-6	det1=true
[4103]	46	80	-17	-6	-4	6	det1=true
[4104]	47	80	-12	-9	-6	-4	det1=true
[4105]	47	80	-16	-9	-6	4	det1=true
[4106]	48	80	-17	-2	-7	-2	det1=true
[4107]	48	80	-19	-2	-7	2	det1=true
[4108]	49	80	-17	-7	-7	-2	det1=true
[4109]	49	80	-19	-7	-7	2	det1=true
[4110]	52	80	-9	-1	-6	-5	det1=true
[4111]	52	80	-14	-1	-6	5	det1=true
[4112]	54	80	-21	-16	-4	-6	det1=true
[4113]	54	80	-27	-16	-4	6	det1=true
[4114]	61	80	-3	-4	-3	-8	det1=true
[4115]	61	80	-11	-4	-3	8	det1=true
[4116]	63	80	-27	1	-8	-1	det1=true
[4117]	63	80	-28	1	-8	1	det1=true
[4118]	65	80	-13	-9	-3	-8	det1=true
[4119]	65	80	-21	-9	-3	8	det1=true
[4120]	68	80	-31	-27	-7	-2	det1=true
[4121]	77	80	-19	-5	-6	-7	det1=true
[4122]	77	80	-26	-5	-6	7	det1=true
[4123]	46	77	-9	2	-6	-4	det1=true
[4124]	46	77	-13	2	-6	4	det1=true
[4125]	51	77	-23	-8	-7	1	det1=true
[4126]	54	77	-15	1	-5	6	det1=true
[4127]	56	77	-10	-9	-6	-5	det1=true
[4128]	56	77	-15	-9	-6	5	det1=true
[4129]	56	77	-3	0	-7	-4	det1=true
[4130]	56	77	-7	0	-7	4	det1=true
[4131]	58	77	-13	1	-8	-1	det1=true
[4132]	58	77	-14	1	-8	1	det1=true
[4133]	65	77	-21	-3	-8	-2	det1=true
[4134]	67	77	-14	-1	-7	-5	det1=true
[4135]	67	77	-19	-1	-7	5	det1=true
[4136]	68	77	-11	-13	-3	-8	det1=true
[4137]	68	77	-19	-13	-3	8	det1=true
[4138]	77	77	-46	-2	-6	5	det1=true
[4139]	77	77	-19	-8	-9	-1	det1=true
[4140]	77	77	-20	-8	-9	1	det1=true
[4141]	25	78	-4	1	-2	-5	det1=true
[4142]	25	78	-9	1	-2	5	det1=true
[4143]	34	78	-13	-3	-6	-1	det1=true
[4144]	34	78	-14	-3	-6	1	det1=true
[4145]	38	78	-15	-2	-2	-6	det1=true
[4146]	38	78	-21	-2	-2	6	det1=true
[4147]	53	78	-23	-5	-7	-2	det1=true
[4148]	53	78	-25	-5	-7	2	det1=true
[4149]	57	78	-6	-7	-4	-7	det1=true
[4150]	57	78	-13	-7	-4	7	det1=true
[4151]	58	78	-23	-18	-7	-2	det1=true
[4152]	58	78	-25	-18	-7	2	det1=true
[4153]	59	78	-8	-3	-8	-2	det1=true
[4154]	59	78	-10	-3	-8	2	det1=true
[4155]	63	78	-21	-7	-7	-4	det1=true
[4156]	63	78	-25	-7	-7	4	det1=true
[4157]	64	78	-21	-2	-8	-2	det1=true
[4158]	64	78	-23	-2	-8	2	det1=true
[4159]	70	78	-31	-27	-2	-7	det1=true
[4160]	70	78	-38	-27	-2	7	det1=true
[4161]	71	78	-25	-14	-2	-8	det1=true
[4162]	71	78	-33	-14	-2	8	det1=true
[4163]	73	78	-27	-5	-8	-3	det1=true
[4164]	73	78	-30	-5	-8	3	det1=true
[4165]	76	78	-27	-25	-7	-4	det1=true
[4166]	76	78	-31	-25	-7	4	det1=true
[4167]	77	78	-25	0	-8	-4	det1=true
[4168]	23	79	-12	-7	-3	4	det1=true
[4169]	31	79	-10	-6	-3	-5	det1=true
[4170]	31	79	-15	-6	-3	5	det1=true
[4171]	32	79	-5	-5	-1	-6	det1=true
[4172]	37	79	-13	-5	-2	-6	det1=true
[4173]	37	79	-19	-5	-2	6	det1=true
[4174]	45	79	-11	-7	-1	-7	det1=true
[4175]	45	79	-18	-7	-1	7	det1=true
[4176]	46	79	-8	-3	-2	-7	det1=true
[4177]	46	79	-15	-3	-2	7	det1=true
[4178]	49	79	-6	3	-7	-3	det1=true
[4179]	62	79	-27	-1	-6	-5	det1=true
[4180]	62	79	-32	-1	-6	5	det1=true
[4181]	62	79	-10	-1	-8	3	det1=true
[4182]	66	79	-25	-11	-7	-4	det1=true
[4183]	66	79	-29	-11	-7	4	det1=true
[4184]	68	79	-25	-14	-8	2	det1=true
[4185]	73	79	-36	-29	-7	2	det1=true
[4186]	75	79	-20	-20	-5	-7	det1=true
[4187]	75	79	-27	-20	-5	7	det1=true
[4188]	79	79	-38	-18	-8	-1	det1=true
[4189]	79	79	-39	-18	-8	1	det1=true
[4190]	79	79	-20	-10	-9	-2	det1=true
[4191]	79	79	-22	-10	-9	2	det1=true
[4192]	43	80	-2	1	-6	-4	det1=true
[4193]	43	80	-6	1	-6	4	det1=true
[4194]	45	80	-14	-1	-2	7	det1=true
[4195]	51	80	-21	-7	-7	-2	det1=true
[4196]	51	80	-23	-7	-7	2	det1=true
[4197]	59	80	-13	-12	-1	-8	det1=true
[4198]	62	80	-23	-14	-5	-6	det1=true
[4199]	62	80	-29	-14	-5	6	det1=true
[4200]	62	80	-21	2	-8	-2	det1=true
[4201]	62	80	-23	2	-8	2	det1=true
[4202]	65	80	-27	-9	-8	-1	det1=true
[4203]	65	80	-28	-9	-8	1	det1=true
[4204]	68	80	-21	-18	-8	-2	det1=true
[4205]	68	80	-23	-18	-8	2	det1=true
[4206]	71	80	-28	1	-8	-3	det1=true
[4207]	71	80	-31	1	-8	3	det1=true
[4208]	76	80	-17	-6	-7	-6	det1=true
[4209]	76	80	-23	-6	-7	6	det1=true
[4210]	77	80	-36	-9	-8	3	det1=true
[4211]	80	80	-51	-24	-4	6	det1=true
[4212]	43	77	-4	2	-7	-1	det1=true
[4213]	43	77	-5	2	-7	1	det1=true
[4214]	47	77	-19	-9	-1	7	det1=true
[4215]	51	77	-22	-8	-7	-1	det1=true
[4216]	51	77	-6	-4	-7	-3	det1=true
[4217]	51	77	-9	-4	-7	3	det1=true
[4218]	53	77	-24	-12	-7	1	det1=true
[4219]	54	77	-8	-3	-6	-5	det1=true
[4220]	54	77	-13	-3	-6	5	det1=true
[4221]	59	77	-23	-23	-1	-7	det1=true
[4222]	59	77	-30	-23	-1	7	det1=true
[4223]	59	77	-14	0	-7	-4	det1=true
[4224]	59	77	-18	0	-7	4	det1=true
[4225]	61	77	-11	-5	-8	-2	det1=true
[4226]	61	77	-13	-5	-8	2	det1=true
[4227]	61	77	-8	-8	-2	-8	det1=true
[4228]	61	77	-16	-8	-2	8	det1=true
[4229]	62	77	-30	-23	-4	6	det1=true
[4230]	65	77	-23	-3	-8	2	det1=true
[4231]	66	77	-15	1	-8	-3	det1=true
[4232]	66	77	-18	1	-8	3	det1=true
[4233]	67	77	-31	-2	-6	-5	det1=true
[4234]	69	77	-30	-19	-7	-3	det1=true
[4235]	70	77	-24	-23	-6	-5	det1=true
[4236]	70	77	-29	-23	-6	5	det1=true
[4237]	75	77	-28	-21	-7	-4	det1=true
[4238]	75	77	-32	-21	-7	4	det1=true
[4239]	76	77	-29	-7	-8	-3	det1=true
[4240]	77	77	-31	-15	-5	7	det1=true
[4241]	77	77	-20	-22	-3	-8	det1=true
[4242]	77	77	-11	2	-8	5	det1=true
[4243]	45	78	-6	-1	-4	-6	det1=true
[4244]	45	78	-12	-1	-4	6	det1=true
[4245]	49	78	-13	-7	-2	-7	det1=true
[4246]	49	78	-20	-7	-2	7	det1=true
[4247]	56	78	-5	-3	-1	-8	det1=true
[4248]	56	78	-13	-3	-1	8	det1=true
[4249]	57	78	-11	2	-7	-4	det1=true
[4250]	57	78	-15	2	-7	4	det1=true
[4251]	58	78	-2	-3	-2	-8	det1=true
[4252]	58	78	-10	-3	-2	8	det1=true
[4253]	62	78	-23	1	-8	-1	det1=true
[4254]	62	78	-24	1	-8	1	det1=true
[4255]	67	78	-33	-10	-1	8	det1=true
[4256]	67	78	-23	-4	-2	-8	det1=true
[4257]	67	78	-31	-4	-2	8	det1=true
[4258]	68	78	-23	-12	-8	-2	det1=true
[4259]	68	78	-25	-12	-8	2	det1=true
[4260]	77	78	-15	-5	-2	-9	det1=true
[4261]	77	78	-24	-5	-2	9	det1=true
[4262]	23	79	-8	-7	-3	-4	det1=true
[4263]	31	79	-12	0	-3	-5	det1=true
[4264]	31	79	-17	0	-3	5	det1=true
[4265]	49	79	-9	3	-7	3	det1=true
[4266]	55	79	-4	-2	-1	-8	det1=true
[4267]	55	79	-12	-2	-1	8	det1=true
[4268]	58	79	-20	-5	-6	-5	det1=true
[4269]	62	79	-17	-13	-1	-8	det1=true
[4270]	62	79	-25	-13	-1	8	det1=true
[4271]	63	79	-26	4	-8	-1	det1=true
[4272]	63	79	-27	4	-8	1	det1=true
[4273]	63	79	-19	-12	-4	-7	det1=true
[4274]	63	79	-26	-12	-4	7	det1=true
[4275]	63	79	-7	2	-5	-7	det1=true
[4276]	68	79	-20	-17	-2	-8	det1=true
[4277]	68	79	-28	-17	-2	8	det1=true
[4278]	73	79	-34	-29	-7	-2	det1=true
[4279]	74	79	-11	-3	-2	-9	det1=true
[4280]	74	79	-20	-3	-2	9	det1=true
[4281]	75	79	-5	0	-8	-5	det1=true
[4282]	78	79	-46	-7	-4	7	det1=true
[4283]	79	79	-40	-4	-5	7	det1=true
[4284]	79	79	-22	-14	-9	-1	det1=true
[4285]	79	79	-23	-14	-9	1	det1=true
[4286]	79	79	-18	-11	-7	-6	det1=true
[4287]	33	80	-2	3	-6	-2	det1=true
[4288]	33	80	-4	3	-6	2	det1=true
[4289]	35	80	-13	-2	-6	2	det1=true
[4290]	45	80	-9	-4	-4	-6	det1=true
[4291]	45	80	-15	-4	-4	6	det1=true
[4292]	46	80	-16	-5	-6	4	det1=true
[4293]	47	80	-11	-7	-2	-7	det1=true
[4294]	47	80	-18	-7	-2	7	det1=true
[4295]	50	80	-15	-14	-4	-6	det1=true
[4296]	50	80	-21	-14	-4	6	det1=true
[4297]	55	80	-13	-9	-5	-6	det1=true
[4298]	55	80	-19	-9	-5	6	det1=true
[4299]	56	80	-21	-20	-4	-6	det1=true
[4300]	56	80	-27	-20	-4	6	det1=true
[4301]	56	80	-14	-11	-6	-5	det1=true
[4302]	56	80	-12	-3	-8	-1	det1=true
[4303]	56	80	-13	-3	-8	1	det1=true
[4304]	59	80	-21	-9	-5	-6	det1=true
[4305]	59	80	-27	-9	-5	6	det1=true
[4306]	59	80	-21	-12	-1	8	det1=true
[4307]	62	80	-19	-12	-1	-8	det1=true
[4308]	62	80	-27	-12	-1	8	det1=true
[4309]	63	80	-24	-1	-4	-7	det1=true
[4310]	63	80	-31	-1	-4	7	det1=true
[4311]	64	80	-29	-24	-4	-6	det1=true
[4312]	74	80	-4	-1	-8	-5	det1=true
[4313]	74	80	-9	-1	-8	5	det1=true
[4314]	77	80	-15	3	-8	-5	det1=true
[4315]	78	80	-37	-14	-8	-2	det1=true
[4316]	78	80	-39	-14	-8	2	det1=true
[4317]	78	80	-18	-11	-2	-9	det1=true
[4318]	23	77	-9	-2	-4	-3	det1=true
[4319]	23	77	-12	-2	-4	3	det1=true
[4320]	47	77	-12	-9	-1	-7	det1=true
[4321]	49	77	-15	-5	-6	-4	det1=true
[4322]	49	77	-19	-5	-6	4	det1=true
[4323]	51	77	-19	-11	-1	-7	det1=true
[4324]	51	77	-26	-11	-1	7	det1=true
[4325]	53	77	-23	-12	-7	-1	det1=true
[4326]	61	77	-20	-10	-5	-6	det1=true
[4327]	61	77	-26	-10	-5	6	det1=true
[4328]	62	77	-24	-23	-4	-6	det1=true
[4329]	64	77	-7	-1	-3	-8	det1=true
[4330]	65	77	-19	-1	-2	-8	det1=true
[4331]	65	77	-27	-1	-2	8	det1=true
[4332]	65	77	-8	0	-5	-7	det1=true
[4333]	65	77	-15	0	-5	7	det1=true
[4334]	66	77	-23	-10	-7	-4	det1=true
[4335]	66	77	-27	-10	-7	4	det1=true
[4336]	67	77	-13	-2	-5	-7	det1=true
[4337]	67	77	-20	-2	-5	7	det1=true
[4338]	69	77	-28	-21	-3	-7	det1=true
[4339]	69	77	-20	-16	-8	-2	det1=true
[4340]	69	77	-22	-16	-8	2	det1=true
[4341]	77	77	-4	-1	-5	-8	det1=true
[4342]	77	77	-12	-1	-5	8	det1=true
[4343]	45	78	-1	-1	-2	-7	det1=true
[4344]	45	78	-8	-1	-2	7	det1=true
[4345]	59	78	-7	-2	-2	-8	det1=true
[4346]	59	78	-15	-2	-2	8	det1=true
[4347]	64	78	-18	-5	-2	-8	det1=true
[4348]	64	78	-26	-5	-2	8	det1=true
[4349]	67	78	-25	-10	-1	-8	det1=true
[4350]	69	78	-7	2	-4	-8	det1=true
[4351]	69	78	-15	2	-4	8	det1=true
[4352]	71	78	-21	-20	-2	-8	det1=true
[4353]	71	78	-29	-20	-2	8	det1=true
[4354]	72	78	-32	-7	-4	-7	det1=true
[4355]	72	78	-25	-21	-4	-7	det1=true
[4356]	74	78	-31	-16	-1	-8	det1=true
[4357]	74	78	-39	-16	-1	8	det1=true
[4358]	74	78	-33	-8	-8	-2	det1=true
[4359]	74	78	-35	-8	-8	2	det1=true
[4360]	59	79	-22	-4	-6	-5	det1=true
[4361]	59	79	-27	-4	-6	5	det1=true
[4362]	63	79	-14	2	-5	7	det1=true
[4363]	63	79	-7	-1	-7	-5	det1=true
[4364]	63	79	-12	-1	-7	5	det1=true
[4365]	67	79	-31	-25	-6	-4	det1=true
[4366]	67	79	-30	-12	-6	-5	det1=true
[4367]	67	79	-35	-12	-6	5	det1=true
[4368]	68	79	-23	-14	-8	-2	det1=true
[4369]	76	79	-15	-6	-7	-6	det1=true
[4370]	76	79	-21	-6	-7	6	det1=true
[4371]	79	79	-18	-18	-1	-9	det1=true
[4372]	79	79	-27	-18	-1	9	det1=true
[4373]	24	80	-1	1	-2	-5	det1=true
[4374]	24	80	-6	1	-2	5	det1=true
[4375]	34	80	-11	-9	-1	-6	det1=true
[4376]	34	80	-17	-9	-1	6	det1=true
[4377]	35	80	-13	-10	-1	-6	det1=true
[4378]	35	80	-19	-10	-1	6	det1=true
[4379]	35	80	-11	-2	-6	-2	det1=true
[4380]	37	80	-11	-7	-4	-5	det1=true
[4381]	37	80	-16	-7	-4	5	det1=true
[4382]	44	80	-5	-4	-4	-6	det1=true
[4383]	44	80	-11	-4	-4	6	det1=true
[4384]	54	80	-3	-1	-7	-4	det1=true
[4385]	56	80	-19	-11	-6	5	det1=true
[4386]	62	80	-9	-3	-8	-3	det1=true
[4387]	62	80	-12	-3	-8	3	det1=true
[4388]	65	80	-24	-11	-4	-7	det1=true
[4389]	65	80	-31	-11	-4	7	det1=true
[4390]	68	80	-33	-27	-7	2	det1=true
[4391]	70	80	-37	-30	-4	6	det1=true
[4392]	71	80	-29	-23	-6	-5	det1=true
[4393]	71	80	-34	-23	-6	5	det1=true
[4394]	72	80	-24	-25	-4	-7	det1=true
[4395]	72	80	-31	-25	-4	7	det1=true
[4396]	77	80	-31	-29	-5	-6	det1=true
[4397]	77	80	-37	-29	-5	6	det1=true
[4398]	80	80	-34	-21	-2	-8	det1=true
[4399]	80	80	-42	-21	-2	8	det1=true
[4400]	80	80	-28	-23	-8	-3	det1=true
[4401]	80	80	-31	-23	-8	3	det1=true
[4402]	37	77	-10	-6	-2	-6	det1=true
[4403]	37	77	-16	-6	-2	6	det1=true
[4404]	54	77	-19	-13	-7	-2	det1=true
[4405]	54	77	-21	-13	-7	2	det1=true
[4406]	54	77	-9	1	-5	-6	det1=true
[4407]	60	77	-13	-7	-1	-8	det1=true
[4408]	60	77	-21	-7	-1	8	det1=true
[4409]	64	77	-23	-13	-5	-6	det1=true
[4410]	64	77	-29	-13	-5	6	det1=true
[4411]	65	77	-21	-18	-6	-5	det1=true
[4412]	65	77	-26	-18	-6	5	det1=true
[4413]	71	77	-4	-1	-1	-9	det1=true
[4414]	71	77	-13	-1	-1	9	det1=true
[4415]	76	77	-32	-7	-8	3	det1=true
[4416]	77	77	-32	-28	-7	-3	det1=true
[4417]	77	77	-35	-28	-7	3	det1=true
[4418]	77	77	-24	-15	-5	-7	det1=true
[4419]	37	78	-11	-2	-5	-4	det1=true
[4420]	37	78	-15	-2	-5	4	det1=true
[4421]	58	78	-15	1	-8	-1	det1=true
[4422]	58	78	-16	1	-8	1	det1=true
[4423]	62	78	-20	-1	-4	-7	det1=true
[4424]	62	78	-27	-1	-4	7	det1=true
[4425]	67	78	-26	-7	-4	-7	det1=true
[4426]	77	78	-33	-19	-7	-4	det1=true
[4427]	77	78	-37	-19	-7	4	det1=true
[4428]	45	79	-12	-7	-7	-1	det1=true
[4429]	45	79	-13	-7	-7	1	det1=true
[4430]	47	79	-15	1	-6	-4	det1=true
[4431]	47	79	-19	1	-6	4	det1=true
[4432]	63	79	-17	-7	-2	-8	det1=true
[4433]	63	79	-25	-7	-2	8	det1=true
[4434]	69	79	-7	3	-9	-1	det1=true
[4435]	69	79	-8	3	-9	1	det1=true
[4436]	71	79	-34	-8	-8	-1	det1=true
[4437]	79	79	-50	-9	-1	-7	det1=true
[4438]	35	80	-9	-4	-2	-6	det1=true
[4439]	35	80	-15	-4	-2	6	det1=true
[4440]	62	80	-21	-9	-7	-4	det1=true
[4441]	62	80	-25	-9	-7	4	det1=true
[4442]	80	80	-35	-24	-7	-4	det1=true
[4443]	51	77	-13	-12	-2	-7	det1=true
[4444]	51	77	-20	-12	-2	7	det1=true
[4445]	65	77	-9	1	-7	-5	det1=true
[4446]	65	77	-14	1	-7	5	det1=true
[4447]	69	77	-25	1	-2	-8	det1=true
[4448]	69	77	-33	1	-2	8	det1=true
[4449]	73	77	-8	-8	-1	-9	det1=true
[4450]	73	77	-17	-8	-1	9	det1=true
[4451]	74	77	-33	-29	-7	-2	det1=true
[4452]	74	77	-35	-29	-7	2	det1=true
[4453]	77	77	-6	2	-8	-5	det1=true
[4454]	48	78	-15	2	-4	-6	det1=true
[4455]	65	78	-19	-15	-4	-7	det1=true
[4456]	65	78	-26	-15	-4	7	det1=true
[4457]	68	78	-20	-15	-2	-8	det1=true
[4458]	68	78	-28	-15	-2	8	det1=true
[4459]	35	79	-17	-2	-6	-1	det1=true
[4460]	44	79	-19	-18	-2	-6	det1=true
[4461]	51	79	-29	-9	-1	7	det1=true
[4462]	69	79	-3	-1	-1	-9	det1=true
[4463]	69	79	-12	-1	-1	9	det1=true
[4464]	35	80	-16	1	-2	6	det1=true
[4465]	43	80	-7	0	-4	6	det1=true
[4466]	70	80	-31	-30	-4	-6	det1=true
[4467]	75	80	-29	-9	-3	-8	det1=true
[4468]	75	80	-37	-9	-3	8	det1=true
[4469]	78	80	-27	-11	-2	9	det1=true
[4470]	77	77	-30	-30	-3	-7	det1=true
[4471]	77	77	-37	-30	-3	7	det1=true
[4472]	77	77	-22	-18	-7	-5	det1=true
[4473]	77	77	-27	-18	-7	5	det1=true
[4474]	67	78	-22	-11	-8	-2	det1=true
[4475]	71	78	-24	-17	-8	-2	det1=true
[4476]	55	79	-25	-11	-6	-4	det1=true
[4477]	55	79	-29	-11	-6	4	det1=true
[4478]	63	79	-20	-4	-8	-2	det1=true
[4479]	63	79	-22	-4	-8	2	det1=true
[4480]	45	80	-10	-3	-6	-4	det1=true
[4481]	45	80	-14	-3	-6	4	det1=true
[4482]	50	80	-16	-13	-6	-4	det1=true
[4483]	50	80	-20	-13	-6	4	det1=true
[4484]	43	77	-1	-1	-1	-7	det1=true
[4485]	43	77	-8	-1	-1	7	det1=true
[4486]	58	77	-7	-7	-4	-7	det1=true
[4487]	58	77	-14	-7	-4	7	det1=true
[4488]	60	77	-8	-1	-2	-8	det1=true
[4489]	60	77	-16	-1	-2	8	det1=true
[4490]	76	77	-27	-8	-3	-8	det1=true
[4491]	76	77	-35	-8	-3	8	det1=true
[4492]	67	78	-24	-11	-8	2	det1=true
[4493]	73	79	-27	-2	-7	-5	det1=true
[4494]	73	79	-32	-2	-7	5	det1=true
[4495]	74	79	-12	-1	-6	-7	det1=true
[4496]	74	79	-19	-1	-6	7	det1=true
[4497]	43	80	-1	0	-4	-6	det1=true
[4498]	53	80	-24	-9	-6	-4	det1=true
[4499]	74	80	-29	-4	-3	-8	det1=true
[4500]	74	80	-37	-4	-3	8	det1=true
[4501]	32	77	-5	3	-6	-1	det1=true
[4502]	52	78	-19	-7	-2	-7	det1=true
[4503]	66	79	-25	-13	-8	-1	det1=true
[4504]	66	79	-26	-13	-8	1	det1=true
[4505]	35	80	-12	3	-6	-2	det1=true
[4506]	35	80	-14	3	-6	2	det1=true
[4507]	78	80	-19	-9	-6	-7	det1=true
[4508]	78	80	-26	-9	-6	7	det1=true
[4509]	69	80	-31	-9	-7	-4	det1=true
[4510]	69	80	-35	-9	-7	4	det1=true
[4511]	48	78	-16	3	-6	-4	det1=true
[4512]	65	80	-27	-27	-2	-7	det1=true
[4513]	39	79	-14	-12	-6	-2	det1=true
[4514]	67	78	-26	-1	-8	-2	det1=true
[4515]	67	78	-28	-1	-8	2	det1=true
[4516]	31	80	-5	-1	-6	-1	det1=true
[4517]	31	80	-6	-1	-6	1	det1=true
[4518]	74	80	-33	-17	-7	-4	det1=true
[4519]	74	80	-37	-17	-7	4	det1=true
[4520]	68	79	-26	1	-2	-8	det1=true
[4521]	67	83	-29	1	-2	-8	det1=true
[4522]	67	83	-37	1	-2	8	det1=true
[4523]	21	81	-6	2	-4	-3	det1=true
[4524]	21	81	-9	2	-4	3	det1=true
[4525]	74	81	-7	-2	-5	-8	det1=true
[4526]	74	81	-15	-2	-5	8	det1=true
[4527]	79	81	-14	-11	-9	-3	det1=true
[4528]	79	81	-17	-11	-9	3	det1=true
[4529]	78	82	-37	-21	-7	-4	det1=true
[4530]	78	82	-41	-21	-7	4	det1=true
[4531]	82	82	-31	-6	-9	-2	det1=true
[4532]	82	82	-33	-6	-9	2	det1=true
[4533]	82	82	-27	3	-8	-5	det1=true
[4534]	82	82	-32	3	-8	5	det1=true
[4535]	23	83	0	2	-5	-2	det1=true
[4536]	23	83	-2	2	-5	2	det1=true
[4537]	35	83	-14	-4	-6	-2	det1=true
[4538]	35	83	-16	-4	-6	2	det1=true
[4539]	83	83	-37	-18	-7	-5	det1=true
[4540]	83	83	-42	-18	-7	5	det1=true
[4541]	69	84	-31	-19	-8	-1	det1=true
[4542]	69	84	-32	-19	-8	1	det1=true
[4543]	82	84	-13	-3	-10	-1	det1=true
[4544]	82	84	-14	-3	-10	1	det1=true
[4545]	23	81	-9	-4	-1	-5	det1=true
[4546]	23	81	-14	-4	-1	5	det1=true
[4547]	63	81	-23	-18	-6	-5	det1=true
[4548]	63	81	-28	-18	-6	5	det1=true
[4549]	74	81	-31	-21	-4	-7	det1=true
[4550]	74	81	-38	-21	-4	7	det1=true
[4551]	11	82	-4	-3	-2	-3	det1=true
[4552]	34	82	-12	1	-4	5	det1=true
[4553]	58	82	-22	-9	-6	-5	det1=true
[4554]	58	82	-27	-9	-6	5	det1=true
[4555]	61	82	-15	-12	-2	-8	det1=true
[4556]	61	82	-23	-12	-2	8	det1=true
[4557]	80	82	-8	-3	-4	-9	det1=true
[4558]	80	82	-17	-3	-4	9	det1=true
[4559]	44	83	-12	-3	-6	-4	det1=true
[4560]	44	83	-16	-3	-6	4	det1=true
[4561]	62	83	-13	-6	-3	-8	det1=true
[4562]	62	83	-21	-6	-3	8	det1=true
[4563]	73	83	-9	-1	-9	-3	det1=true
[4564]	73	83	-12	-1	-9	3	det1=true
[4565]	73	83	-6	-4	-3	-9	det1=true
[4566]	77	83	-26	-4	-9	-2	det1=true
[4567]	79	83	-38	-10	-8	-3	det1=true
[4568]	79	83	-41	-10	-8	3	det1=true
[4569]	83	83	-32	-10	-9	-2	det1=true
[4570]	83	83	-34	-10	-9	2	det1=true
[4571]	34	84	-8	-5	-4	-5	det1=true
[4572]	42	84	-5	1	-7	-2	det1=true
[4573]	42	84	-7	1	-7	2	det1=true
[4574]	71	84	-5	-3	-5	-8	det1=true
[4575]	71	84	-13	-3	-5	8	det1=true
[4576]	80	84	-9	4	-8	-6	det1=true
[4577]	80	84	-15	4	-8	6	det1=true
[4578]	81	84	-25	-8	-5	-8	det1=true
[4579]	81	84	-33	-8	-5	8	det1=true
[4580]	84	84	-37	-32	-7	-4	det1=true
[4581]	84	84	-41	-32	-7	4	det1=true
[4582]	84	84	-13	-9	-1	-10	det1=true
[4583]	84	84	-23	-9	-1	10	det1=true
[4584]	41	81	-1	-3	-1	-7	det1=true
[4585]	41	81	-8	-3	-1	7	det1=true
[4586]	46	81	-13	-6	-6	-4	det1=true
[4587]	46	81	-17	-6	-6	4	det1=true
[4588]	61	81	-25	0	-8	-1	det1=true
[4589]	61	81	-26	0	-8	1	det1=true
[4590]	62	81	-17	-17	-1	-8	det1=true
[4591]	63	81	-29	0	-8	1	det1=true
[4592]	64	81	-27	-14	-5	-6	det1=true
[4593]	64	81	-33	-14	-5	6	det1=true
[4594]	68	81	-30	-29	-2	-7	det1=true
[4595]	68	81	-37	-29	-2	7	det1=true
[4596]	74	81	-34	-19	-8	-1	det1=true
[4597]	74	81	-35	-19	-8	1	det1=true
[4598]	51	82	-20	-11	-2	-7	det1=true
[4599]	54	82	-7	-5	-7	-4	det1=true
[4600]	57	82	-10	-5	-8	-2	det1=true
[4601]	57	82	-12	-5	-8	2	det1=true
[4602]	58	82	-18	-15	-6	-5	det1=true
[4603]	58	82	-23	-15	-6	5	det1=true
[4604]	71	82	-7	-9	-2	-9	det1=true
[4605]	71	82	-16	-9	-2	9	det1=true
[4606]	73	82	-29	-8	-4	8	det1=true
[4607]	73	82	-9	3	-8	-5	det1=true
[4608]	73	82	-14	3	-8	5	det1=true
[4609]	78	82	-15	-11	-5	-8	det1=true
[4610]	78	82	-23	-11	-5	8	det1=true
[4611]	80	82	-11	1	-9	-4	det1=true
[4612]	80	82	-15	1	-9	4	det1=true
[4613]	30	83	-3	-4	-1	-6	det1=true
[4614]	30	83	-9	-4	-1	6	det1=true
[4615]	35	83	-12	-1	-5	-4	det1=true
[4616]	35	83	-16	-1	-5	4	det1=true
[4617]	47	83	-17	-14	-7	-1	det1=true
[4618]	47	83	-18	-14	-7	1	det1=true
[4619]	49	83	-14	0	-7	-3	det1=true
[4620]	49	83	-17	0	-7	3	det1=true
[4621]	54	83	-13	-1	-8	-1	det1=true
[4622]	59	83	-17	-9	-8	2	det1=true
[4623]	59	83	-12	-12	-2	-8	det1=true
[4624]	59	83	-20	-12	-2	8	det1=true
[4625]	62	83	-26	-9	-8	-1	det1=true
[4626]	62	83	-27	-9	-8	1	det1=true
[4627]	69	83	-19	-1	-8	-4	det1=true
[4628]	69	83	-23	-1	-8	4	det1=true
[4629]	71	83	-30	-21	-1	-8	det1=true
[4630]	71	83	-38	-21	-1	8	det1=true
[4631]	77	83	-36	-24	-8	-1	det1=true
[4632]	77	83	-37	-24	-8	1	det1=true
[4633]	77	83	-28	-4	-9	2	det1=true
[4634]	77	83	-22	-12	-9	-2	det1=true
[4635]	79	83	-30	-23	-3	-8	det1=true
[4636]	79	83	-38	-23	-3	8	det1=true
[4637]	79	83	-24	-14	-9	-2	det1=true
[4638]	79	83	-26	-14	-9	2	det1=true
[4639]	79	83	-18	-10	-3	-9	det1=true
[4640]	79	83	-27	-10	-3	9	det1=true
[4641]	83	83	-28	-1	-5	-8	det1=true
[4642]	83	83	-36	-1	-5	8	det1=true
[4643]	83	83	-9	-9	-6	-8	det1=true
[4644]	83	83	-17	-9	-6	8	det1=true
[4645]	24	84	-6	-5	-2	-5	det1=true
[4646]	24	84	-11	-5	-2	5	det1=true
[4647]	47	84	-18	1	-2	-7	det1=true
[4648]	52	84	-11	0	-7	4	det1=true
[4649]	55	84	-13	-7	-1	-8	det1=true
[4650]	55	84	-21	-7	-1	8	det1=true
[4651]	59	84	-24	-5	-8	-1	det1=true
[4652]	59	84	-25	-5	-8	1	det1=true
[4653]	63	84	-27	-7	-1	-8	det1=true
[4654]	63	84	-35	-7	-1	8	det1=true
[4655]	78	84	-35	-27	-1	-8	det1=true
[4656]	80	84	-6	-1	-10	-1	det1=true
[4657]	80	84	-7	-1	-10	1	det1=true
[4658]	17	81	-8	-4	-2	4	det1=true
[4659]	22	81	-7	-6	-3	-4	det1=true
[4660]	22	81	-11	-6	-3	4	det1=true
[4661]	36	81	-12	-1	-4	-5	det1=true
[4662]	36	81	-17	-1	-4	5	det1=true
[4663]	38	81	-13	-10	-5	-4	det1=true
[4664]	38	81	-17	-10	-5	4	det1=true
[4665]	44	81	-10	3	-6	-4	det1=true
[4666]	44	81	-14	3	-6	4	det1=true
[4667]	44	81	-9	2	-4	-6	det1=true
[4668]	44	81	-15	2	-4	6	det1=true
[4669]	47	81	-13	-6	-2	-7	det1=true
[4670]	47	81	-20	-6	-2	7	det1=true
[4671]	56	81	-4	1	-2	-8	det1=true
[4672]	56	81	-12	1	-2	8	det1=true
[4673]	57	81	-18	4	-8	-1	det1=true
[4674]	57	81	-19	4	-8	1	det1=true
[4675]	58	81	-11	0	-2	-8	det1=true
[4676]	58	81	-19	0	-2	8	det1=true
[4677]	59	81	-20	-1	-7	-4	det1=true
[4678]	59	81	-24	-1	-7	4	det1=true
[4679]	61	81	-20	-10	-7	-4	det1=true
[4680]	61	81	-24	-10	-7	4	det1=true
[4681]	62	81	-25	-17	-1	8	det1=true
[4682]	63	81	-28	0	-8	-1	det1=true
[4683]	65	81	-27	1	-8	-2	det1=true
[4684]	65	81	-29	1	-8	2	det1=true
[4685]	65	81	-16	-4	-7	-5	det1=true
[4686]	69	81	-23	-2	-5	-7	det1=true
[4687]	69	81	-30	-2	-5	7	det1=true
[4688]	72	81	-31	-33	-2	-7	det1=true
[4689]	72	81	-38	-33	-2	7	det1=true
[4690]	73	81	-5	2	-8	-5	det1=true
[4691]	46	82	-13	-6	-7	-2	det1=true
[4692]	49	82	-19	-8	-7	-2	det1=true
[4693]	49	82	-21	-8	-7	2	det1=true
[4694]	51	82	-27	-11	-2	7	det1=true
[4695]	54	82	-11	-5	-7	4	det1=true
[4696]	60	82	-27	-22	-7	-2	det1=true
[4697]	60	82	-29	-22	-7	2	det1=true
[4698]	60	82	-23	-1	-7	-4	det1=true
[4699]	60	82	-27	-1	-7	4	det1=true
[4700]	60	82	-9	1	-8	-3	det1=true
[4701]	61	82	-27	-7	-5	-6	det1=true
[4702]	61	82	-33	-7	-5	6	det1=true
[4703]	61	82	-26	-1	-8	-1	det1=true
[4704]	61	82	-27	-1	-8	1	det1=true
[4705]	61	82	-22	3	-8	-2	det1=true
[4706]	61	82	-24	3	-8	2	det1=true
[4707]	70	82	-27	-18	-8	-2	det1=true
[4708]	70	82	-29	-18	-8	2	det1=true
[4709]	70	82	-23	-13	-3	-8	det1=true
[4710]	70	82	-31	-13	-3	8	det1=true
[4711]	72	82	-35	-30	-7	-2	det1=true
[4712]	72	82	-37	-30	-7	2	det1=true
[4713]	73	82	-21	-8	-4	-8	det1=true
[4714]	75	82	-39	-25	-1	8	det1=true
[4715]	78	82	-31	-26	-8	-2	det1=true
[4716]	78	82	-33	-26	-8	2	det1=true
[4717]	79	82	-14	-1	-4	9	det1=true
[4718]	80	82	-25	-9	-2	-9	det1=true
[4719]	80	82	-34	-9	-2	9	det1=true
[4720]	82	82	-37	-17	-8	-3	det1=true
[4721]	82	82	-40	-17	-8	3	det1=true
[4722]	82	82	-15	-3	-9	-4	det1=true
[4723]	82	82	-19	-3	-9	4	det1=true
[4724]	14	83	-7	1	-4	1	det1=true
[4725]	32	83	-1	-2	-2	-6	det1=true
[4726]	32	83	-7	-2	-2	6	det1=true
[4727]	35	83	-12	-6	-2	-6	det1=true
[4728]	35	83	-18	-6	-2	6	det1=true
[4729]	49	83	-3	-2	-6	-5	det1=true
[4730]	49	83	-8	-2	-6	5	det1=true
[4731]	51	83	-20	-14	-7	-2	det1=true
[4732]	51	83	-22	-14	-7	2	det1=true
[4733]	57	83	-17	-4	-4	-7	det1=true
[4734]	57	83	-24	-4	-4	7	det1=true
[4735]	59	83	-23	-18	-3	-7	det1=true
[4736]	59	83	-19	-1	-8	-2	det1=true
[4737]	59	83	-21	-1	-8	2	det1=true
[4738]	59	83	-15	-9	-8	-2	det1=true
[4739]	62	83	-23	-19	-6	-5	det1=true
[4740]	62	83	-28	-19	-6	5	det1=true
[4741]	63	83	-25	-5	-8	-2	det1=true
[4742]	63	83	-27	-5	-8	2	det1=true
[4743]	63	83	-14	-6	-7	-5	det1=true
[4744]	63	83	-19	-6	-7	5	det1=true
[4745]	63	83	-13	-7	-5	-7	det1=true
[4746]	72	83	-5	-4	-5	-8	det1=true
[4747]	72	83	-13	-4	-5	8	det1=true
[4748]	73	83	-32	-30	-7	-3	det1=true
[4749]	73	83	-35	-30	-7	3	det1=true
[4750]	75	83	-28	0	-9	-1	det1=true
[4751]	77	83	-33	-16	-8	-3	det1=true
[4752]	77	83	-36	-16	-8	3	det1=true
[4753]	79	83	-26	-17	-9	-1	det1=true
[4754]	79	83	-27	-17	-9	1	det1=true
[4755]	14	84	-7	1	-4	-1	det1=true
[4756]	45	84	-15	-4	-4	-6	det1=true
[4757]	59	84	-21	4	-8	-2	det1=true
[4758]	59	84	-23	4	-8	2	det1=true
[4759]	60	84	-28	1	-8	1	det1=true
[4760]	75	84	-33	-29	-5	-6	det1=true
[4761]	75	84	-39	-29	-5	6	det1=true
[4762]	76	84	-17	-7	-5	-8	det1=true
[4763]	76	84	-25	-7	-5	8	det1=true
[4764]	76	84	-20	-11	-8	5	det1=true
[4765]	79	84	-24	-5	-8	-5	det1=true
[4766]	79	84	-29	-5	-8	5	det1=true
[4767]	43	81	-10	-3	-1	-7	det1=true
[4768]	47	81	-21	-4	-7	-1	det1=true
[4769]	47	81	-22	-4	-7	1	det1=true
[4770]	49	81	-16	-12	-6	-4	det1=true
[4771]	53	81	0	-1	-1	-8	det1=true
[4772]	57	81	-5	-7	-2	-8	det1=true
[4773]	57	81	-13	-7	-2	8	det1=true
[4774]	61	81	-6	2	-7	-5	det1=true
[4775]	61	81	-11	2	-7	5	det1=true
[4776]	65	81	-19	-20	-4	-7	det1=true
[4777]	65	81	-26	-20	-4	7	det1=true
[4778]	68	81	-27	-16	-1	-8	det1=true
[4779]	68	81	-35	-16	-1	8	det1=true
[4780]	71	81	-32	-18	-8	1	det1=true
[4781]	77	81	-16	1	-9	-3	det1=true
[4782]	78	81	-40	-27	-6	5	det1=true
[4783]	34	82	-15	-9	-6	1	det1=true
[4784]	34	82	-5	-4	-5	-4	det1=true
[4785]	34	82	-9	-4	-5	4	det1=true
[4786]	36	82	-13	-3	-5	-4	det1=true
[4787]	36	82	-17	-3	-5	4	det1=true
[4788]	43	82	-7	-2	-6	-4	det1=true
[4789]	43	82	-11	-2	-6	4	det1=true
[4790]	54	82	-17	-3	-6	-5	det1=true
[4791]	54	82	-22	-3	-6	5	det1=true
[4792]	60	82	-12	1	-8	3	det1=true
[4793]	70	82	-9	1	-7	-6	det1=true
[4794]	75	82	-33	-22	-7	-4	det1=true
[4795]	75	82	-37	-22	-7	4	det1=true
[4796]	75	82	-14	-1	-8	-5	det1=true
[4797]	75	82	-19	-1	-8	5	det1=true
[4798]	77	82	-21	-11	-9	-2	det1=true
[4799]	77	82	-23	-11	-9	2	det1=true
[4800]	24	83	-7	-2	-5	-2	det1=true
[4801]	24	83	-9	-2	-5	2	det1=true
[4802]	45	83	-12	-2	-2	-7	det1=true
[4803]	62	83	-25	-5	-1	-8	det1=true
[4804]	62	83	-33	-5	-1	8	det1=true
[4805]	62	83	-25	-15	-7	4	det1=true
[4806]	63	83	-20	-7	-5	7	det1=true
[4807]	67	83	-12	1	-9	-1	det1=true
[4808]	69	83	-28	-20	-7	-4	det1=true
[4809]	69	83	-32	-20	-7	4	det1=true
[4810]	75	83	-29	0	-9	1	det1=true
[4811]	77	83	-24	-5	-7	-6	det1=true
[4812]	77	83	-30	-5	-7	6	det1=true
[4813]	79	83	-22	-15	-7	-6	det1=true
[4814]	79	83	-28	-15	-7	6	det1=true
[4815]	79	83	-21	-7	-9	-3	det1=true
[4816]	79	83	-24	-7	-9	3	det1=true
[4817]	43	84	-6	-5	-2	-7	det1=true
[4818]	43	84	-13	-5	-2	7	det1=true
[4819]	44	84	-7	-9	-2	-7	det1=true
[4820]	44	84	-14	-9	-2	7	det1=true
[4821]	45	84	-21	-4	-4	6	det1=true
[4822]	55	84	-11	2	-8	-2	det1=true
[4823]	60	84	-27	1	-8	-1	det1=true
[4824]	62	84	-28	-7	-8	-1	det1=true
[4825]	62	84	-29	-7	-8	1	det1=true
[4826]	67	84	-5	3	-9	-2	det1=true
[4827]	67	84	-7	3	-9	2	det1=true
[4828]	73	84	-9	-8	-5	-8	det1=true
[4829]	73	84	-17	-8	-5	8	det1=true
[4830]	76	84	-15	-11	-8	-5	det1=true
[4831]	78	84	-38	-27	-6	-5	det1=true
[4832]	78	84	-35	-24	-8	-2	det1=true
[4833]	78	84	-37	-24	-8	2	det1=true
[4834]	14	81	-5	-2	-1	4	det1=true
[4835]	17	81	-4	-4	-2	-4	det1=true
[4836]	23	81	-11	-2	-5	-1	det1=true
[4837]	23	81	-12	-2	-5	1	det1=true
[4838]	46	81	-12	1	-2	-7	det1=true
[4839]	46	81	-19	1	-2	7	det1=true
[4840]	51	81	-21	-16	-7	-1	det1=true
[4841]	51	81	-22	-16	-7	1	det1=true
[4842]	53	81	-14	0	-6	-5	det1=true
[4843]	53	81	-19	0	-6	5	det1=true
[4844]	53	81	-8	-1	-1	8	det1=true
[4845]	57	81	-14	-4	-4	-7	det1=true
[4846]	60	81	-26	-3	-6	-5	det1=true
[4847]	60	81	-31	-3	-6	5	det1=true
[4848]	65	81	-21	-4	-7	5	det1=true
[4849]	68	81	-29	-13	-7	-4	det1=true
[4850]	68	81	-33	-13	-7	4	det1=true
[4851]	69	81	-22	-6	-5	-7	det1=true
[4852]	69	81	-29	-6	-5	7	det1=true
[4853]	71	81	-31	-18	-8	-1	det1=true
[4854]	71	81	-35	-20	-4	7	det1=true
[4855]	76	81	-26	-27	-2	-8	det1=true
[4856]	76	81	-34	-27	-2	8	det1=true
[4857]	34	82	-14	-9	-6	-1	det1=true
[4858]	34	82	-7	1	-4	-5	det1=true
[4859]	46	82	-15	-6	-7	2	det1=true
[4860]	75	82	-31	-25	-1	-8	det1=true
[4861]	76	82	-37	-21	-8	1	det1=true
[4862]	79	82	-5	-1	-4	-9	det1=true
[4863]	49	83	-12	-2	-3	-7	det1=true
[4864]	49	83	-19	-2	-3	7	det1=true
[4865]	49	83	-13	-3	-7	-3	det1=true
[4866]	49	83	-16	-3	-7	3	det1=true
[4867]	67	83	-13	1	-9	1	det1=true
[4868]	67	83	-8	-3	-1	-9	det1=true
[4869]	67	83	-17	-3	-1	9	det1=true
[4870]	46	84	-15	-5	-2	-7	det1=true
[4871]	46	84	-22	-5	-2	7	det1=true
[4872]	52	84	-7	0	-7	-4	det1=true
[4873]	54	84	-22	-19	-2	-7	det1=true
[4874]	54	84	-29	-19	-2	7	det1=true
[4875]	56	84	-13	-2	-8	-2	det1=true
[4876]	56	84	-15	-2	-8	2	det1=true
[4877]	63	84	-28	-3	-4	-7	det1=true
[4878]	76	84	-20	-1	-8	-5	det1=true
[4879]	76	84	-25	-1	-8	5	det1=true
[4880]	79	84	-33	-31	-1	-8	det1=true
[4881]	79	84	-41	-31	-1	8	det1=true
[4882]	14	81	-1	-2	-1	-4	det1=true
[4883]	29	81	-8	0	-3	-5	det1=true
[4884]	56	81	-7	4	-8	-2	det1=true
[4885]	62	81	-19	-14	-7	-4	det1=true
[4886]	62	81	-23	-14	-7	4	det1=true
[4887]	66	81	-27	-10	-1	-8	det1=true
[4888]	66	81	-35	-10	-1	8	det1=true
[4889]	70	81	-31	-14	-7	-4	det1=true
[4890]	70	81	-35	-14	-7	4	det1=true
[4891]	71	81	-28	-20	-4	-7	det1=true
[4892]	77	81	-19	1	-9	3	det1=true
[4893]	81	81	-34	-23	-7	5	det1=true
[4894]	46	82	-15	-2	-7	-2	det1=true
[4895]	46	82	-17	-2	-7	2	det1=true
[4896]	76	82	-36	-21	-8	-1	det1=true
[4897]	33	83	-4	0	-5	-4	det1=true
[4898]	33	83	-8	0	-5	4	det1=true
[4899]	57	83	-16	-7	-1	-8	det1=true
[4900]	57	83	-24	-7	-1	8	det1=true
[4901]	72	83	-7	1	-5	-8	det1=true
[4902]	72	83	-15	1	-5	8	det1=true
[4903]	58	84	-15	-8	-8	-2	det1=true
[4904]	58	84	-17	-8	-8	2	det1=true
[4905]	58	84	-12	-11	-2	-8	det1=true
[4906]	59	84	-28	-7	-4	7	det1=true
[4907]	72	84	-29	-25	-7	-4	det1=true
[4908]	43	81	-17	-3	-1	7	det1=true
[4909]	49	81	-15	-13	-4	-6	det1=true
[4910]	49	81	-21	-13	-4	6	det1=true
[4911]	57	81	-17	-12	-6	-5	det1=true
[4912]	81	81	-29	-23	-7	-5	det1=true
[4913]	22	82	-9	-5	-4	-3	det1=true
[4914]	22	82	-12	-5	-4	3	det1=true
[4915]	49	82	0	3	-6	-5	det1=true
[4916]	49	82	-5	3	-6	5	det1=true
[4917]	62	82	-20	-5	-2	-8	det1=true
[4918]	62	82	-28	-5	-2	8	det1=true
[4919]	40	83	-17	-16	-2	-6	det1=true
[4920]	61	83	-26	-12	-5	-6	det1=true
[4921]	61	83	-32	-12	-5	6	det1=true
[4922]	71	83	-10	-8	-6	-7	det1=true
[4923]	71	83	-17	-8	-6	7	det1=true
[4924]	58	84	-20	-11	-2	8	det1=true
[4925]	59	84	-21	-7	-1	-8	det1=true
[4926]	59	84	-29	-7	-1	8	det1=true
[4927]	67	84	-28	-17	-4	-7	det1=true
[4928]	67	84	-35	-17	-4	7	det1=true
[4929]	54	81	-25	-12	-6	-4	det1=true
[4930]	69	81	-17	-15	-7	-5	det1=true
[4931]	79	81	-32	-14	-5	-7	det1=true
[4932]	79	81	-39	-14	-5	7	det1=true
[4933]	60	82	-17	-13	-4	-7	det1=true
[4934]	60	82	-24	-13	-4	7	det1=true
[4935]	67	82	-30	-13	-8	-1	det1=true
[4936]	67	82	-31	-13	-8	1	det1=true
[4937]	74	82	-18	-1	-6	-7	det1=true
[4938]	74	82	-25	-1	-6	7	det1=true
[4939]	21	83	-2	-3	-1	-5	det1=true
[4940]	21	83	-7	-3	-1	5	det1=true
[4941]	83	83	-10	-8	-8	-6	det1=true
[4942]	83	83	-16	-8	-8	6	det1=true
[4943]	43	84	-7	-3	-2	-7	det1=true
[4944]	54	84	-4	1	-2	-8	det1=true
[4945]	59	84	-19	-12	-7	-4	det1=true
[4946]	59	84	-23	-12	-7	4	det1=true
[4947]	67	84	-31	-15	-8	-1	det1=true
[4948]	67	84	-32	-15	-8	1	det1=true
[4949]	70	84	-1	1	-5	-8	det1=true
[4950]	72	84	-33	-25	-7	4	det1=true
[4951]	58	81	-18	-5	-8	-1	det1=true
[4952]	58	81	-19	-5	-8	1	det1=true
[4953]	61	81	-18	-14	-8	-1	det1=true
[4954]	61	81	-19	-14	-8	1	det1=true
[4955]	75	81	-24	-19	-7	-5	det1=true
[4956]	75	81	-29	-19	-7	5	det1=true
[4957]	63	83	-30	-8	-2	8	det1=true
[4958]	58	84	-17	-12	-1	-8	det1=true
[4959]	58	84	-25	-12	-1	8	det1=true
[4960]	69	81	-23	-16	-5	7	det1=true
[4961]	72	82	-3	1	-5	-8	det1=true
[4962]	82	82	-25	-3	-5	-8	det1=true
[4963]	82	82	-33	-3	-5	8	det1=true
[4964]	63	83	-22	-8	-2	-8	det1=true
[4965]	56	84	-17	-1	-4	-7	det1=true
[4966]	56	84	-24	-1	-4	7	det1=true
[4967]	79	84	-39	-28	-7	4	det1=true
[4968]	67	82	-27	-15	-4	-7	det1=true
[4969]	21	83	-5	1	-5	-1	det1=true
[4970]	21	83	-4	-1	-5	-1	det1=true
[4971]	21	83	-5	-1	-5	1	det1=true
[4972]	43	83	-10	2	-7	2	det1=true
[4973]	56	83	-17	0	-7	-4	det1=true
[4974]	56	83	-21	0	-7	4	det1=true
[4975]	79	84	-35	-28	-7	-4	det1=true
[4976]	81	81	-23	-2	-9	-3	det1=true
[4977]	43	83	-8	2	-7	-2	det1=true
[4978]	58	84	-16	1	-2	-8	det1=true
[4979]	58	84	-24	1	-2	8	det1=true
[4980]	71	84	-31	-21	-7	-4	det1=true
[4981]	65	81	-22	-18	-8	-1	det1=true
[4982]	65	81	-23	-18	-8	1	det1=true
[4983]	66	82	-32	-5	-8	-1	det1=true
[4984]	66	82	-33	-5	-8	1	det1=true
[4985]	71	84	-35	-21	-7	4	det1=true
[4986]	61	82	-20	-19	-6	-5	det1=true
[4987]	61	82	-25	-19	-6	5	det1=true
[4988]	73	82	-26	-27	-4	-7	det1=true
[4989]	73	82	-33	-27	-4	7	det1=true
[4990]	73	84	-19	-3	-6	-7	det1=true
[4991]	82	84	-33	2	-7	-6	det1=true
[4992]	68	84	-25	-23	-4	-7	det1=true
[4993]	68	84	-32	-23	-4	7	det1=true
[4994]	49	83	-19	-16	-1	-7	det1=true
[4995]	40	83	-19	-14	-6	-2	det1=true
[4996]	65	83	-32	-4	-8	-1	det1=true
[4997]	65	83	-33	-4	-8	1	det1=true
[4998]	32	85	-13	-5	-1	-6	det1=true
[4999]	32	85	-19	-5	-1	6	det1=true
[5000]	77	85	-34	-14	-5	-7	det1=true
[5001]	77	85	-41	-14	-5	7	det1=true
[5002]	32	86	-8	1	-2	-6	det1=true
[5003]	32	86	-14	1	-2	6	det1=true
[5004]	77	87	-30	-1	-7	-6	det1=true
[5005]	67	88	-28	-11	-8	-3	det1=true
[5006]	67	88	-31	-11	-8	3	det1=true
[5007]	87	88	-29	-7	-10	-1	det1=true
[5008]	87	88	-30	-7	-10	1	det1=true
[5009]	54	85	-25	-18	-6	-4	det1=true
[5010]	54	85	-29	-18	-6	4	det1=true
[5011]	71	85	-16	-8	-9	-2	det1=true
[5012]	71	85	-18	-8	-9	2	det1=true
[5013]	79	85	-16	1	-9	-4	det1=true
[5014]	79	85	-20	1	-9	4	det1=true
[5015]	32	86	-10	3	-6	-2	det1=true
[5016]	32	86	-12	3	-6	2	det1=true
[5017]	74	86	-19	-3	-8	-5	det1=true
[5018]	74	86	-24	-3	-8	5	det1=true
[5019]	84	86	-28	-17	-8	-5	det1=true
[5020]	84	86	-29	-2	-1	10	det1=true
[5021]	84	86	-15	-13	-1	-10	det1=true
[5022]	84	86	-25	-13	-1	10	det1=true
[5023]	86	86	-23	-8	-8	-6	det1=true
[5024]	51	87	-21	-19	-4	-6	det1=true
[5025]	51	87	-27	-19	-4	6	det1=true
[5026]	55	87	-19	0	-4	-7	det1=true
[5027]	55	87	-26	0	-4	7	det1=true
[5028]	73	87	-19	-2	-8	-5	det1=true
[5029]	73	87	-24	-2	-8	5	det1=true
[5030]	77	87	-36	-1	-7	6	det1=true
[5031]	80	87	-10	5	-10	-2	det1=true
[5032]	80	87	-12	5	-10	2	det1=true
[5033]	86	87	-23	-7	-1	-10	det1=true
[5034]	86	87	-33	-7	-1	10	det1=true
[5035]	40	88	-7	2	-4	-6	det1=true
[5036]	40	88	-13	2	-4	6	det1=true
[5037]	61	88	-17	-11	-8	-3	det1=true
[5038]	65	88	-28	-3	-8	-3	det1=true
[5039]	65	88	-31	-3	-8	3	det1=true
[5040]	20	85	-5	-1	-3	-4	det1=true
[5041]	20	85	-9	-1	-3	4	det1=true
[5042]	20	85	-4	-3	-4	-3	det1=true
[5043]	34	85	-13	-6	-5	4	det1=true
[5044]	45	85	-16	-12	-1	-7	det1=true
[5045]	45	85	-23	-12	-1	7	det1=true
[5046]	51	85	-4	0	-4	-7	det1=true
[5047]	57	85	-14	-6	-2	-8	det1=true
[5048]	57	85	-22	-6	-2	8	det1=true
[5049]	61	85	-18	2	-8	-3	det1=true
[5050]	61	85	-21	2	-8	3	det1=true
[5051]	61	85	-15	0	-7	-5	det1=true
[5052]	61	85	-20	0	-7	5	det1=true
[5053]	67	85	-30	-5	-7	5	det1=true
[5054]	71	85	-6	-1	-3	-9	det1=true
[5055]	71	85	-15	-1	-3	9	det1=true
[5056]	73	85	-10	-10	-5	-8	det1=true
[5057]	77	85	-29	-5	-1	-9	det1=true
[5058]	79	85	-34	-7	-9	-1	det1=true
[5059]	79	85	-35	-7	-9	1	det1=true
[5060]	81	85	-26	-9	-5	-8	det1=true
[5061]	81	85	-34	-9	-5	8	det1=true
[5062]	85	85	-39	-24	-8	-3	det1=true
[5063]	85	85	-42	-24	-8	3	det1=true
[5064]	24	86	-9	-5	-5	-2	det1=true
[5065]	24	86	-11	-5	-5	2	det1=true
[5066]	61	86	-13	-11	-3	-8	det1=true
[5067]	61	86	-21	-11	-3	8	det1=true
[5068]	77	86	-29	-7	-9	-2	det1=true
[5069]	77	86	-31	-7	-9	2	det1=true
[5070]	84	86	-19	-2	-1	-10	det1=true
[5071]	84	86	-15	-14	-8	-6	det1=true
[5072]	86	86	-29	-3	-9	-4	det1=true
[5073]	86	86	-33	-3	-9	4	det1=true
[5074]	23	87	-10	-1	-5	2	det1=true
[5075]	27	87	-9	1	-5	-3	det1=true
[5076]	27	87	-12	1	-5	3	det1=true
[5077]	42	87	-8	-5	-2	-7	det1=true
[5078]	42	87	-15	-5	-2	7	det1=true
[5079]	52	87	-16	1	-8	1	det1=true
[5080]	57	87	-20	-18	-6	-5	det1=true
[5081]	57	87	-25	-18	-6	5	det1=true
[5082]	61	87	-18	-1	-7	-5	det1=true
[5083]	61	87	-23	-1	-7	5	det1=true
[5084]	65	87	-32	-14	-8	-1	det1=true
[5085]	65	87	-33	-14	-8	1	det1=true
[5086]	65	87	-3	-2	-2	-9	det1=true
[5087]	65	87	-12	-2	-2	9	det1=true
[5088]	69	87	-8	0	-5	-8	det1=true
[5089]	69	87	-16	0	-5	8	det1=true
[5090]	78	87	-7	0	-1	-10	det1=true
[5091]	78	87	-17	0	-1	10	det1=true
[5092]	81	87	-11	-3	-10	-2	det1=true
[5093]	81	87	-13	-3	-10	2	det1=true
[5094]	87	87	-34	-14	-5	-8	det1=true
[5095]	87	87	-42	-14	-5	8	det1=true
[5096]	33	88	-11	-3	-4	-5	det1=true
[5097]	33	88	-16	-3	-4	5	det1=true
[5098]	77	88	-29	-7	-2	-9	det1=true
[5099]	77	88	-38	-7	-2	9	det1=true
[5100]	77	88	-27	-13	-6	-7	det1=true
[5101]	77	88	-34	-13	-6	7	det1=true
[5102]	86	88	-47	-30	-5	-6	det1=true
[5103]	86	88	-53	-30	-5	6	det1=true
[5104]	88	88	-28	-3	-10	-2	det1=true
[5105]	88	88	-30	-3	-10	2	det1=true
[5106]	20	85	-7	-3	-4	3	det1=true
[5107]	34	85	-9	-6	-5	-4	det1=true
[5108]	41	85	-9	-1	-6	4	det1=true
[5109]	44	85	-13	-6	-4	-6	det1=true
[5110]	49	85	-12	-9	-3	-7	det1=true
[5111]	49	85	-19	-9	-3	7	det1=true
[5112]	53	85	-26	-6	-7	3	det1=true
[5113]	54	85	-14	-1	-4	-7	det1=true
[5114]	54	85	-21	-1	-4	7	det1=true
[5115]	54	85	-13	-6	-7	-4	det1=true
[5116]	54	85	-11	-9	-1	-8	det1=true
[5117]	54	85	-19	-9	-1	8	det1=true
[5118]	58	85	-16	-9	-8	-2	det1=true
[5119]	58	85	-18	-9	-8	2	det1=true
[5120]	65	85	-11	4	-9	-1	det1=true
[5121]	65	85	-12	4	-9	1	det1=true
[5122]	67	85	-16	-1	-9	-1	det1=true
[5123]	67	85	-17	-1	-9	1	det1=true
[5124]	67	85	-12	-5	-1	-9	det1=true
[5125]	71	85	-9	2	-9	-3	det1=true
[5126]	72	85	-31	-24	-7	-4	det1=true
[5127]	72	85	-35	-24	-7	4	det1=true
[5128]	73	85	-18	-10	-5	8	det1=true
[5129]	77	85	-34	-18	-8	-3	det1=true
[5130]	77	85	-37	-18	-8	3	det1=true
[5131]	77	85	-27	-2	-6	-7	det1=true
[5132]	77	85	-34	-2	-6	7	det1=true
[5133]	82	85	-39	-19	-8	-3	det1=true
[5134]	82	85	-42	-19	-8	3	det1=true
[5135]	82	85	-27	-10	-5	-8	det1=true
[5136]	82	85	-35	-10	-5	8	det1=true
[5137]	82	85	-12	-9	-8	-6	det1=true
[5138]	82	85	-18	-9	-8	6	det1=true
[5139]	83	85	-6	1	-9	-5	det1=true
[5140]	83	85	-11	1	-9	5	det1=true
[5141]	47	86	-21	-5	-7	-2	det1=true
[5142]	56	86	-21	0	-7	-4	det1=true
[5143]	69	86	-27	-25	-4	-7	det1=true
[5144]	69	86	-34	-25	-4	7	det1=true
[5145]	70	86	-23	-2	-7	6	det1=true
[5146]	77	86	-22	-9	-8	-5	det1=true
[5147]	77	86	-27	-9	-8	5	det1=true
[5148]	79	86	-10	-3	-8	-6	det1=true
[5149]	80	86	-15	-9	-4	-9	det1=true
[5150]	80	86	-24	-9	-4	9	det1=true
[5151]	83	86	-17	-3	-1	-10	det1=true
[5152]	83	86	-27	-3	-1	10	det1=true
[5153]	85	86	-5	-5	-3	-10	det1=true
[5154]	85	86	-15	-5	-3	10	det1=true
[5155]	43	87	-23	-8	-1	7	det1=true
[5156]	48	87	-9	-2	-5	-6	det1=true
[5157]	48	87	-15	-2	-5	6	det1=true
[5158]	52	87	-15	1	-8	-1	det1=true
[5159]	55	87	-12	-8	-8	-2	det1=true
[5160]	55	87	-14	-8	-8	2	det1=true
[5161]	57	87	-13	1	-5	7	det1=true
[5162]	58	87	-25	-3	-7	-4	det1=true
[5163]	58	87	-29	-3	-7	4	det1=true
[5164]	61	87	-14	-12	-3	-8	det1=true
[5165]	61	87	-22	-12	-3	8	det1=true
[5166]	63	87	-16	-13	-7	-5	det1=true
[5167]	63	87	-21	-13	-7	5	det1=true
[5168]	67	87	-15	-7	-1	-9	det1=true
[5169]	67	87	-24	-7	-1	9	det1=true
[5170]	68	87	-10	-9	-6	-7	det1=true
[5171]	68	87	-17	-9	-6	7	det1=true
[5172]	70	87	-11	-1	-5	-8	det1=true
[5173]	70	87	-19	-1	-5	8	det1=true
[5174]	70	87	-10	-5	-8	-5	det1=true
[5175]	74	87	-21	-13	-7	-6	det1=true
[5176]	74	87	-27	-13	-7	6	det1=true
[5177]	76	87	-3	4	-8	-6	det1=true
[5178]	76	87	-9	4	-8	6	det1=true
[5179]	76	87	-2	3	-6	-8	det1=true
[5180]	76	87	-10	3	-6	8	det1=true
[5181]	77	87	-28	-15	-9	2	det1=true
[5182]	79	87	-34	-22	-5	-7	det1=true
[5183]	79	87	-41	-22	-5	7	det1=true
[5184]	20	88	-11	-3	-4	3	det1=true
[5185]	31	88	-3	1	-4	-5	det1=true
[5186]	31	88	-8	1	-4	5	det1=true
[5187]	31	88	-3	0	-5	-4	det1=true
[5188]	31	88	-7	0	-5	4	det1=true
[5189]	32	88	-10	-3	-2	-6	det1=true
[5190]	32	88	-16	-3	-2	6	det1=true
[5191]	46	88	-3	2	-5	-6	det1=true
[5192]	46	88	-9	2	-5	6	det1=true
[5193]	49	88	-1	-3	-1	-8	det1=true
[5194]	49	88	-9	-3	-1	8	det1=true
[5195]	52	88	-11	-8	-7	-4	det1=true
[5196]	55	88	-4	1	-8	-3	det1=true
[5197]	55	88	-7	1	-8	3	det1=true
[5198]	57	88	-16	-11	-2	-8	det1=true
[5199]	57	88	-24	-11	-2	8	det1=true
[5200]	61	88	-20	-11	-8	3	det1=true
[5201]	66	88	-9	-5	-2	-9	det1=true
[5202]	71	88	-25	-11	-6	7	det1=true
[5203]	74	88	-7	1	-4	-9	det1=true
[5204]	74	88	-16	1	-4	9	det1=true
[5205]	78	88	-28	-5	-8	-5	det1=true
[5206]	27	85	-5	0	-3	-5	det1=true
[5207]	27	85	-10	0	-3	5	det1=true
[5208]	41	85	-5	-1	-6	-4	det1=true
[5209]	44	85	-19	-6	-4	6	det1=true
[5210]	53	85	-23	-6	-7	-3	det1=true
[5211]	54	85	-17	1	-8	-1	det1=true
[5212]	54	85	-18	1	-8	1	det1=true
[5213]	65	85	-18	-14	-3	-8	det1=true
[5214]	65	85	-26	-14	-3	8	det1=true
[5215]	67	85	-25	-5	-7	-5	det1=true
[5216]	67	85	-21	-5	-1	9	det1=true
[5217]	69	85	-28	0	-5	-7	det1=true
[5218]	69	85	-35	0	-5	7	det1=true
[5219]	71	85	-12	2	-9	3	det1=true
[5220]	73	85	-22	-13	-9	-1	det1=true
[5221]	73	85	-23	-13	-9	1	det1=true
[5222]	74	85	-31	-31	-5	-6	det1=true
[5223]	74	85	-37	-31	-5	6	det1=true
[5224]	76	85	-4	-1	-4	-9	det1=true
[5225]	76	85	-13	-1	-4	9	det1=true
[5226]	77	85	-25	-19	-9	1	det1=true
[5227]	84	85	-34	-9	-6	-7	det1=true
[5228]	84	85	-41	-9	-6	7	det1=true
[5229]	85	85	-61	-19	-4	6	det1=true
[5230]	41	86	-12	-3	-4	6	det1=true
[5231]	56	86	-25	0	-7	4	det1=true
[5232]	66	86	-24	-11	-8	-3	det1=true
[5233]	70	86	-29	-13	-8	-3	det1=true
[5234]	70	86	-32	-13	-8	3	det1=true
[5235]	70	86	-17	-2	-7	-6	det1=true
[5236]	71	86	-27	-29	-1	-8	det1=true
[5237]	71	86	-35	-29	-1	8	det1=true
[5238]	76	86	-27	-1	-6	-7	det1=true
[5239]	76	86	-34	-1	-6	7	det1=true
[5240]	76	86	-7	-3	-4	-9	det1=true
[5241]	76	86	-16	-3	-4	9	det1=true
[5242]	77	86	-31	-33	-1	-8	det1=true
[5243]	77	86	-39	-33	-1	8	det1=true
[5244]	78	86	-3	-1	-1	-10	det1=true
[5245]	78	86	-13	-1	-1	10	det1=true
[5246]	79	86	-16	-3	-8	6	det1=true
[5247]	82	86	-31	-14	-7	-6	det1=true
[5248]	82	86	-37	-14	-7	6	det1=true
[5249]	82	86	-28	-9	-4	9	det1=true
[5250]	86	86	-25	-2	-8	-6	det1=true
[5251]	86	86	-31	-2	-8	6	det1=true
[5252]	23	87	-8	-1	-5	-2	det1=true
[5253]	47	87	-17	-19	-1	-7	det1=true
[5254]	52	87	-5	0	-8	-2	det1=true
[5255]	52	87	-7	0	-8	2	det1=true
[5256]	55	87	-16	-10	-1	-8	det1=true
[5257]	55	87	-24	-10	-1	8	det1=true
[5258]	58	87	-23	-6	-1	-8	det1=true
[5259]	58	87	-31	-6	-1	8	det1=true
[5260]	59	87	-25	-21	-3	-7	det1=true
[5261]	59	87	-32	-21	-3	7	det1=true
[5262]	71	87	-27	-17	-5	-7	det1=true
[5263]	73	87	-26	-24	-3	-8	det1=true
[5264]	74	87	-23	-12	-9	-2	det1=true
[5265]	74	87	-25	-12	-9	2	det1=true
[5266]	84	87	-18	-13	-10	-1	det1=true
[5267]	84	87	-19	-13	-10	1	det1=true
[5268]	20	88	-8	-3	-4	-3	det1=true
[5269]	40	88	-8	3	-6	-4	det1=true
[5270]	40	88	-12	3	-6	4	det1=true
[5271]	53	88	-26	-7	-6	5	det1=true
[5272]	57	88	-25	0	-7	-4	det1=true
[5273]	57	88	-29	0	-7	4	det1=true
[5274]	57	88	-16	-17	-4	-7	det1=true
[5275]	57	88	-23	-17	-4	7	det1=true
[5276]	59	88	-17	-3	-8	-3	det1=true
[5277]	64	88	-22	-21	-2	-8	det1=true
[5278]	64	88	-30	-21	-2	8	det1=true
[5279]	64	88	-3	3	-6	-7	det1=true
[5280]	64	88	-10	3	-6	7	det1=true
[5281]	76	88	-15	0	-9	-4	det1=true
[5282]	76	88	-19	0	-9	4	det1=true
[5283]	77	88	-30	-5	-6	-7	det1=true
[5284]	77	88	-37	-5	-6	7	det1=true
[5285]	81	88	-35	-36	-1	-8	det1=true
[5286]	82	88	-15	-6	-10	-2	det1=true
[5287]	82	88	-1	-2	-3	-10	det1=true
[5288]	82	88	-11	-2	-3	10	det1=true
[5289]	85	88	-20	-3	-2	-10	det1=true
[5290]	50	85	-11	-4	-5	-6	det1=true
[5291]	50	85	-17	-4	-5	6	det1=true
[5292]	56	85	-21	-11	-6	-5	det1=true
[5293]	56	85	-26	-11	-6	5	det1=true
[5294]	56	85	-11	-8	-8	-2	det1=true
[5295]	56	85	-13	-8	-8	2	det1=true
[5296]	58	85	-23	-2	-7	-4	det1=true
[5297]	58	85	-27	-2	-7	4	det1=true
[5298]	58	85	-21	-5	-1	-8	det1=true
[5299]	65	85	-7	0	-1	-9	det1=true
[5300]	65	85	-16	0	-1	9	det1=true
[5301]	67	85	-24	-6	-5	-7	det1=true
[5302]	68	85	-29	-3	-8	-3	det1=true
[5303]	68	85	-32	-3	-8	3	det1=true
[5304]	71	85	-17	-2	-6	-7	det1=true
[5305]	71	85	-24	-2	-6	7	det1=true
[5306]	74	85	-21	-7	-6	-7	det1=true
[5307]	74	85	-28	-7	-6	7	det1=true
[5308]	77	85	-38	-5	-1	9	det1=true
[5309]	77	85	-35	-4	-2	9	det1=true
[5310]	82	85	-29	-15	-6	-7	det1=true
[5311]	82	85	-36	-15	-6	7	det1=true
[5312]	85	85	-55	-19	-4	-6	det1=true
[5313]	41	86	-6	-3	-4	-6	det1=true
[5314]	42	86	-6	-5	-2	-7	det1=true
[5315]	42	86	-13	-5	-2	7	det1=true
[5316]	47	86	-19	-9	-7	-2	det1=true
[5317]	47	86	-21	-9	-7	2	det1=true
[5318]	57	86	-19	-9	-4	-7	det1=true
[5319]	57	86	-26	-9	-4	7	det1=true
[5320]	58	86	-19	-13	-7	-4	det1=true
[5321]	58	86	-23	-13	-7	4	det1=true
[5322]	66	86	-27	-11	-8	3	det1=true
[5323]	74	86	-16	-9	-8	-5	det1=true
[5324]	74	86	-21	-9	-8	5	det1=true
[5325]	78	86	-1	-5	-1	-10	det1=true
[5326]	78	86	-11	-5	-1	10	det1=true
[5327]	82	86	-19	-9	-4	-9	det1=true
[5328]	83	86	-25	-19	-8	-5	det1=true
[5329]	83	86	-30	-19	-8	5	det1=true
[5330]	27	87	-8	0	-3	-5	det1=true
[5331]	28	87	-1	3	-6	-1	det1=true
[5332]	28	87	-2	3	-6	1	det1=true
[5333]	32	87	-9	-2	-2	-6	det1=true
[5334]	47	87	-24	-19	-1	7	det1=true
[5335]	58	87	-25	-7	-8	-1	det1=true
[5336]	58	87	-26	-7	-8	1	det1=true
[5337]	68	87	-29	-23	-1	-8	det1=true
[5338]	68	87	-37	-23	-1	8	det1=true
[5339]	69	87	-25	-16	-7	-5	det1=true
[5340]	69	87	-30	-16	-7	5	det1=true
[5341]	76	87	-23	-3	-5	-8	det1=true
[5342]	76	87	-31	-3	-5	8	det1=true
[5343]	77	87	-7	4	-10	-1	det1=true
[5344]	77	87	-8	4	-10	1	det1=true
[5345]	82	87	-29	-13	-8	-5	det1=true
[5346]	84	87	-17	-13	-1	-10	det1=true
[5347]	85	87	-34	-24	-9	-1	det1=true
[5348]	85	87	-35	-24	-9	1	det1=true
[5349]	59	88	-20	-11	-2	-8	det1=true
[5350]	59	88	-28	-11	-2	8	det1=true
[5351]	66	88	-18	-5	-2	9	det1=true
[5352]	71	88	-18	-11	-6	-7	det1=true
[5353]	74	88	-33	-17	-3	-8	det1=true
[5354]	74	88	-41	-17	-3	8	det1=true
[5355]	74	88	-9	1	-9	-4	det1=true
[5356]	74	88	-13	1	-9	4	det1=true
[5357]	78	88	-33	-5	-8	5	det1=true
[5358]	80	88	-37	2	-9	-2	det1=true
[5359]	80	88	-39	2	-9	2	det1=true
[5360]	81	88	-12	1	-2	-10	det1=true
[5361]	81	88	-22	1	-2	10	det1=true
[5362]	83	88	-26	-27	-2	-9	det1=true
[5363]	83	88	-35	-27	-2	9	det1=true
[5364]	85	88	-33	-21	-2	-9	det1=true
[5365]	85	88	-26	1	-6	-8	det1=true
[5366]	85	88	-34	1	-6	8	det1=true
[5367]	39	85	-1	-2	-1	-7	det1=true
[5368]	39	85	-8	-2	-1	7	det1=true
[5369]	45	85	-15	-7	-4	-6	det1=true
[5370]	45	85	-21	-7	-4	6	det1=true
[5371]	73	85	-23	-7	-1	-9	det1=true
[5372]	73	85	-32	-7	-1	9	det1=true
[5373]	74	85	-32	-23	-8	-2	det1=true
[5374]	74	85	-34	-23	-8	2	det1=true
[5375]	76	85	-3	-3	-4	-9	det1=true
[5376]	50	86	-3	3	-7	-4	det1=true
[5377]	50	86	-7	3	-7	4	det1=true
[5378]	83	86	-11	-15	-1	-10	det1=true
[5379]	83	86	-21	-15	-1	10	det1=true
[5380]	32	87	-15	-2	-2	6	det1=true
[5381]	43	87	-19	-5	-7	-1	det1=true
[5382]	43	87	-20	-5	-7	1	det1=true
[5383]	57	87	-6	1	-5	-7	det1=true
[5384]	77	87	-26	-15	-9	-2	det1=true
[5385]	81	87	-34	-4	-9	3	det1=true
[5386]	40	88	-5	-4	-4	-6	det1=true
[5387]	51	88	-3	4	-8	-2	det1=true
[5388]	51	88	-5	4	-8	2	det1=true
[5389]	59	88	-20	-3	-8	3	det1=true
[5390]	77	88	-22	-21	-2	-9	det1=true
[5391]	77	88	-31	-21	-2	9	det1=true
[5392]	85	88	-30	-3	-2	10	det1=true
[5393]	43	85	-11	-12	-1	-7	det1=true
[5394]	43	85	-18	-12	-1	7	det1=true
[5395]	69	85	-34	-16	-8	-1	det1=true
[5396]	69	85	-35	-16	-8	1	det1=true
[5397]	77	85	-26	-4	-2	-9	det1=true
[5398]	77	85	-24	-19	-9	-1	det1=true
[5399]	55	86	-23	-4	-5	-6	det1=true
[5400]	55	86	-29	-4	-5	6	det1=true
[5401]	55	86	-24	-13	-6	5	det1=true
[5402]	81	86	-18	-7	-4	-9	det1=true
[5403]	81	86	-27	-7	-4	9	det1=true
[5404]	22	87	0	1	-2	-5	det1=true
[5405]	22	87	-5	1	-2	5	det1=true
[5406]	66	87	-27	-22	-1	-8	det1=true
[5407]	66	87	-35	-22	-1	8	det1=true
[5408]	73	87	-34	-24	-3	8	det1=true
[5409]	82	87	-30	-11	-8	-5	det1=true
[5410]	82	87	-35	-11	-8	5	det1=true
[5411]	83	87	-30	-20	-2	-9	det1=true
[5412]	83	87	-39	-20	-2	9	det1=true
[5413]	40	88	-11	-4	-4	6	det1=true
[5414]	66	85	-29	-6	-2	-8	det1=true
[5415]	82	85	-9	-11	-1	-10	det1=true
[5416]	82	85	-19	-11	-1	10	det1=true
[5417]	55	86	-19	-13	-6	-5	det1=true
[5418]	53	88	-16	-1	-4	-7	det1=true
[5419]	53	88	-23	-1	-4	7	det1=true
[5420]	72	88	-17	-4	-5	-8	det1=true
[5421]	72	88	-25	-4	-5	8	det1=true
[5422]	42	86	-7	-3	-2	-7	det1=true
[5423]	49	86	-11	0	-5	-6	det1=true
[5424]	49	86	-17	0	-5	6	det1=true
[5425]	33	87	-8	-6	-4	-5	det1=true
[5426]	33	87	-13	-6	-4	5	det1=true
[5427]	43	87	-15	-10	-1	-7	det1=true
[5428]	43	87	-22	-10	-1	7	det1=true
[5429]	57	87	-7	2	-7	-5	det1=true
[5430]	57	87	-12	2	-7	5	det1=true
[5431]	75	87	-23	2	-9	-3	det1=true
[5432]	75	87	-26	2	-9	3	det1=true
[5433]	86	87	-27	-29	-2	-9	det1=true
[5434]	86	87	-36	-29	-2	9	det1=true
[5435]	74	88	-28	-25	-8	-3	det1=true
[5436]	74	88	-31	-25	-8	3	det1=true
[5437]	85	85	-9	-6	-5	-9	det1=true
[5438]	58	87	-22	-9	-4	-7	det1=true
[5439]	58	87	-29	-9	-4	7	det1=true
[5440]	71	87	-28	0	-8	-4	det1=true
[5441]	32	86	-5	0	-5	-4	det1=true
[5442]	61	87	-21	4	-8	-3	det1=true
[5443]	61	87	-24	4	-8	3	det1=true
[5444]	71	87	-32	0	-8	4	det1=true
[5445]	62	86	-16	-11	-8	-3	det1=true
[5446]	62	86	-19	-11	-8	3	det1=true
[5447]	30	88	0	1	-2	-6	det1=true
[5448]	30	88	-6	1	-2	6	det1=true
[5449]	67	85	-3	-6	-2	-9	det1=true
[5450]	67	85	-12	-6	-2	9	det1=true
[5451]	69	85	-31	-18	-4	-7	det1=true
[5452]	69	85	-38	-18	-4	7	det1=true
[5453]	75	87	-10	3	-9	-4	det1=true
[5454]	75	87	-14	3	-9	4	det1=true
[5455]	72	85	-29	-27	-1	-8	det1=true
[5456]	72	85	-37	-27	-1	8	det1=true
[5457]	73	85	-27	-3	-9	-1	det1=true
[5458]	73	85	-28	-3	-9	1	det1=true
[5459]	76	85	-26	3	-6	-7	det1=true
[5460]	86	86	-34	-17	-2	-9	det1=true
[5461]	86	86	-43	-17	-2	9	det1=true
[5462]	86	86	-33	-19	-2	-9	det1=true
[5463]	86	86	-34	-17	-6	-7	det1=true
[5464]	32	91	-15	-2	-6	-2	det1=true
[5465]	89	91	-40	-22	-2	-9	det1=true
[5466]	89	91	-49	-22	-2	9	det1=true
[5467]	89	91	-41	-20	-6	-7	det1=true
[5468]	89	91	-48	-20	-6	7	det1=true
[5469]	91	91	-63	-14	-7	-3	det1=true
[5470]	91	91	-66	-14	-7	3	det1=true
[5471]	31	92	-13	-2	-6	-2	det1=true
[5472]	31	92	-15	-2	-6	2	det1=true
[5473]	87	92	-41	-21	-9	-2	det1=true
[5474]	92	92	-32	-15	-2	-10	det1=true
[5475]	92	92	-42	-15	-2	10	det1=true
[5476]	52	89	-19	-9	-5	-6	det1=true
[5477]	52	89	-25	-9	-5	6	det1=true
[5478]	74	89	-31	-23	-8	-3	det1=true
[5479]	88	89	-23	-3	-10	-3	det1=true
[5480]	88	89	-26	-3	-10	3	det1=true
[5481]	48	90	-21	-16	-4	-6	det1=true
[5482]	48	90	-27	-16	-4	6	det1=true
[5483]	82	90	-26	-1	-10	-1	det1=true
[5484]	51	91	-16	-3	-7	-4	det1=true
[5485]	51	91	-20	-3	-7	4	det1=true
[5486]	77	91	-29	-16	-6	-7	det1=true
[5487]	77	91	-36	-16	-6	7	det1=true
[5488]	91	91	-18	-6	-6	-9	det1=true
[5489]	91	91	-27	-6	-6	9	det1=true
[5490]	53	92	-21	1	-4	-7	det1=true
[5491]	63	92	-28	-21	-4	-7	det1=true
[5492]	63	92	-35	-21	-4	7	det1=true
[5493]	71	92	-29	-2	-9	-2	det1=true
[5494]	71	92	-31	-2	-9	2	det1=true
[5495]	85	92	-29	-4	-10	-2	det1=true
[5496]	89	92	-61	-9	-6	-5	det1=true
[5497]	92	92	-37	-28	-5	-8	det1=true
[5498]	92	92	-45	-28	-5	8	det1=true
[5499]	92	92	-38	-11	-10	2	det1=true
[5500]	37	89	-1	2	-7	-1	det1=true
[5501]	39	89	-14	-8	-1	7	det1=true
[5502]	45	89	-23	-9	-6	4	det1=true
[5503]	54	89	-28	-9	-6	5	det1=true
[5504]	59	89	-15	-4	-5	-7	det1=true
[5505]	59	89	-22	-4	-5	7	det1=true
[5506]	63	89	-23	-6	-7	-5	det1=true
[5507]	63	89	-28	-6	-7	5	det1=true
[5508]	65	89	-24	-22	-2	-8	det1=true
[5509]	66	89	-2	3	-8	-5	det1=true
[5510]	66	89	-7	3	-8	5	det1=true
[5511]	70	89	-19	-9	-7	-6	det1=true
[5512]	70	89	-25	-9	-7	6	det1=true
[5513]	74	89	-21	-17	-7	-6	det1=true
[5514]	74	89	-27	-17	-7	6	det1=true
[5515]	74	89	0	3	-8	-6	det1=true
[5516]	83	89	-33	-32	-7	-5	det1=true
[5517]	86	89	-43	-35	-3	8	det1=true
[5518]	86	89	-27	-11	-10	-1	det1=true
[5519]	86	89	-28	-11	-10	1	det1=true
[5520]	89	89	-42	-12	-2	-9	det1=true
[5521]	89	89	-38	-22	-7	-6	det1=true
[5522]	89	89	-44	-22	-7	6	det1=true
[5523]	89	89	-30	-12	-8	-6	det1=true
[5524]	89	89	-36	-12	-8	6	det1=true
[5525]	89	89	-30	-6	-10	-2	det1=true
[5526]	89	89	-32	-6	-10	2	det1=true
[5527]	89	89	-26	-2	-5	-9	det1=true
[5528]	89	89	-35	-2	-5	9	det1=true
[5529]	47	90	-11	-3	-6	-5	det1=true
[5530]	47	90	-16	-3	-6	5	det1=true
[5531]	52	90	-23	-3	-4	7	det1=true
[5532]	55	90	-22	-9	-8	-1	det1=true
[5533]	66	90	-13	0	-5	8	det1=true
[5534]	70	90	-17	0	-5	-8	det1=true
[5535]	70	90	-25	0	-5	8	det1=true
[5536]	79	90	-18	-13	-4	-9	det1=true
[5537]	79	90	-27	-13	-4	9	det1=true
[5538]	80	90	-19	-15	-9	-4	det1=true
[5539]	80	90	-23	-15	-9	4	det1=true
[5540]	90	90	-29	-14	-10	-2	det1=true
[5541]	90	90	-31	-14	-10	2	det1=true
[5542]	39	91	-16	-1	-7	1	det1=true
[5543]	43	91	-15	-11	-4	-6	det1=true
[5544]	43	91	-21	-11	-4	6	det1=true
[5545]	52	91	-12	-1	-2	-8	det1=true
[5546]	54	91	-21	-7	-7	-4	det1=true
[5547]	67	91	-13	2	-8	-5	det1=true
[5548]	67	91	-18	2	-8	5	det1=true
[5549]	71	91	-29	-29	-2	-8	det1=true
[5550]	71	91	-37	-29	-2	8	det1=true
[5551]	71	91	-20	-15	-7	-6	det1=true
[5552]	71	91	-26	-15	-7	6	det1=true
[5553]	87	91	-27	-17	-8	-6	det1=true
[5554]	87	91	-33	-17	-8	6	det1=true
[5555]	89	91	-2	-4	-1	-11	det1=true
[5556]	89	91	-13	-4	-1	11	det1=true
[5557]	91	91	-35	-17	-5	9	det1=true
[5558]	21	92	-2	-1	-2	-5	det1=true
[5559]	21	92	-7	-1	-2	5	det1=true
[5560]	44	92	-18	-9	-2	-7	det1=true
[5561]	44	92	-25	-9	-2	7	det1=true
[5562]	50	92	-11	-9	-7	-4	det1=true
[5563]	51	92	-15	-7	-1	-8	det1=true
[5564]	51	92	-23	-7	-1	8	det1=true
[5565]	53	92	-16	-1	-2	-8	det1=true
[5566]	53	92	-24	-1	-2	8	det1=true
[5567]	57	92	-17	0	-3	-8	det1=true
[5568]	57	92	-25	0	-3	8	det1=true
[5569]	65	92	-7	0	-5	-8	det1=true
[5570]	65	92	-15	0	-5	8	det1=true
[5571]	79	92	-34	-13	-2	-9	det1=true
[5572]	80	92	-24	3	-6	-8	det1=true
[5573]	80	92	-32	3	-6	8	det1=true
[5574]	80	92	-21	-11	-10	-1	det1=true
[5575]	80	92	-22	-11	-10	1	det1=true
[5576]	83	92	-21	-10	-2	-10	det1=true
[5577]	83	92	-15	-9	-10	-3	det1=true
[5578]	83	92	-18	-9	-10	3	det1=true
[5579]	85	92	-35	-4	-9	-4	det1=true
[5580]	85	92	-39	-4	-9	4	det1=true
[5581]	85	92	-31	-4	-10	2	det1=true
[5582]	48	89	-25	-11	-7	2	det1=true
[5583]	54	89	-19	-3	-4	-7	det1=true
[5584]	54	89	-26	-3	-4	7	det1=true
[5585]	57	89	-25	-1	-8	2	det1=true
[5586]	65	89	-14	-9	-9	-1	det1=true
[5587]	72	89	-20	-3	-8	-5	det1=true
[5588]	72	89	-25	-3	-8	5	det1=true
[5589]	73	89	-16	-12	-9	-3	det1=true
[5590]	73	89	-19	-12	-9	3	det1=true
[5591]	77	89	-32	-26	-3	-8	det1=true
[5592]	77	89	-40	-26	-3	8	det1=true
[5593]	77	89	-29	-28	-5	-7	det1=true
[5594]	77	89	-36	-28	-5	7	det1=true
[5595]	79	89	-38	-8	-9	-1	det1=true
[5596]	79	89	-39	-8	-9	1	det1=true
[5597]	79	89	-8	-1	-9	5	det1=true
[5598]	81	89	-16	-4	-10	-2	det1=true
[5599]	82	89	-5	-4	-3	-10	det1=true
[5600]	82	89	-15	-4	-3	10	det1=true
[5601]	83	89	-24	-12	-4	-9	det1=true
[5602]	83	89	-33	-12	-4	9	det1=true
[5603]	87	89	-34	-17	-3	-9	det1=true
[5604]	87	89	-43	-17	-3	9	det1=true
[5605]	89	89	-40	-21	-9	-2	det1=true
[5606]	89	89	-42	-21	-9	2	det1=true
[5607]	48	90	-14	-3	-6	-5	det1=true
[5608]	48	90	-19	-3	-6	5	det1=true
[5609]	51	90	-17	1	-8	-1	det1=true
[5610]	51	90	-18	1	-8	1	det1=true
[5611]	52	90	-16	-7	-2	8	det1=true
[5612]	53	90	-13	-2	-2	-8	det1=true
[5613]	53	90	-21	-2	-2	8	det1=true
[5614]	71	90	-5	3	-9	4	det1=true
[5615]	72	90	-21	1	-5	-8	det1=true
[5616]	72	90	-29	1	-5	8	det1=true
[5617]	72	90	-20	-7	-8	-5	det1=true
[5618]	72	90	-25	-7	-8	5	det1=true
[5619]	88	90	-11	-4	-4	-10	det1=true
[5620]	39	91	-15	-1	-7	-1	det1=true
[5621]	47	91	-19	-3	-7	-3	det1=true
[5622]	47	91	-22	-3	-7	3	det1=true
[5623]	51	91	-18	-7	-7	4	det1=true
[5624]	61	91	-21	-8	-7	-5	det1=true
[5625]	61	91	-26	-8	-7	5	det1=true
[5626]	79	91	-26	-24	-6	-7	det1=true
[5627]	79	91	-33	-24	-6	7	det1=true
[5628]	79	91	-25	-26	-2	-9	det1=true
[5629]	80	91	-16	1	-2	-10	det1=true
[5630]	80	91	-26	1	-2	10	det1=true
[5631]	50	92	-15	-9	-7	4	det1=true
[5632]	51	92	-17	-4	-7	-4	det1=true
[5633]	51	92	-21	-4	-7	4	det1=true
[5634]	57	92	-25	-10	-8	2	det1=true
[5635]	76	92	-11	2	-10	-2	det1=true
[5636]	76	92	-13	2	-10	2	det1=true
[5637]	76	92	-7	-2	-2	-10	det1=true
[5638]	76	92	-17	-2	-2	10	det1=true
[5639]	82	92	-29	-27	-7	-6	det1=true
[5640]	92	92	-36	-11	-10	-2	det1=true
[5641]	92	92	-27	-5	-7	-8	det1=true
[5642]	19	89	-5	0	-4	-3	det1=true
[5643]	19	89	-8	0	-4	3	det1=true
[5644]	43	89	-1	1	-7	-3	det1=true
[5645]	43	89	-4	1	-7	3	det1=true
[5646]	65	89	-32	-22	-2	8	det1=true
[5647]	65	89	-10	-13	-1	-9	det1=true
[5648]	65	89	-19	-13	-1	9	det1=true
[5649]	68	89	-9	-3	-5	-8	det1=true
[5650]	68	89	-17	-3	-5	8	det1=true
[5651]	71	89	-22	-16	-9	-1	det1=true
[5652]	71	89	-23	-16	-9	1	det1=true
[5653]	77	89	-11	-5	-8	-6	det1=true
[5654]	77	89	-17	-5	-8	6	det1=true
[5655]	77	89	-6	-9	-1	-10	det1=true
[5656]	77	89	-16	-9	-1	10	det1=true
[5657]	81	89	-12	-8	-2	-10	det1=true
[5658]	81	89	-22	-8	-2	10	det1=true
[5659]	85	89	-47	-12	-2	9	det1=true
[5660]	87	89	-28	-12	-10	-1	det1=true
[5661]	87	89	-29	-12	-10	1	det1=true
[5662]	47	90	-17	-17	-2	-7	det1=true
[5663]	47	90	-24	-17	-2	7	det1=true
[5664]	52	90	-16	-3	-4	-7	det1=true
[5665]	55	90	-22	-3	-4	-7	det1=true
[5666]	55	90	-29	-3	-4	7	det1=true
[5667]	55	90	-23	-9	-8	1	det1=true
[5668]	59	90	-31	-17	-1	8	det1=true
[5669]	68	90	-29	-27	-1	-8	det1=true
[5670]	68	90	-37	-27	-1	8	det1=true
[5671]	79	90	-16	-9	-10	-1	det1=true
[5672]	79	90	-17	-9	-10	1	det1=true
[5673]	82	90	-25	-12	-9	-4	det1=true
[5674]	82	90	-29	-12	-9	4	det1=true
[5675]	52	91	-20	-1	-2	8	det1=true
[5676]	52	91	-13	-4	-8	-2	det1=true
[5677]	65	91	-10	-9	-7	-6	det1=true
[5678]	65	91	-16	-9	-7	6	det1=true
[5679]	66	91	-13	-9	-6	-7	det1=true
[5680]	66	91	-20	-9	-6	7	det1=true
[5681]	79	91	-34	-26	-2	9	det1=true
[5682]	82	91	-37	-13	-7	-6	det1=true
[5683]	82	91	-43	-13	-7	6	det1=true
[5684]	84	91	-29	-24	-5	-8	det1=true
[5685]	84	91	-37	-24	-5	8	det1=true
[5686]	86	91	-35	-25	-2	-9	det1=true
[5687]	86	91	-44	-25	-2	9	det1=true
[5688]	86	91	-22	-21	-8	-6	det1=true
[5689]	86	91	-28	-21	-8	6	det1=true
[5690]	91	91	-26	-17	-5	-9	det1=true
[5691]	91	91	-20	-8	-10	-4	det1=true
[5692]	91	91	-24	-8	-10	4	det1=true
[5693]	53	92	-20	-5	-4	-7	det1=true
[5694]	56	92	-27	-7	-8	-1	det1=true
[5695]	56	92	-28	-7	-8	1	det1=true
[5696]	56	92	-26	-13	-2	8	det1=true
[5697]	74	92	-10	-3	-6	-8	det1=true
[5698]	74	92	-18	-3	-6	8	det1=true
[5699]	77	92	-15	-6	-1	-10	det1=true
[5700]	80	92	-15	-10	-2	-10	det1=true
[5701]	80	92	-25	-10	-2	10	det1=true
[5702]	82	92	-35	-27	-7	6	det1=true
[5703]	83	92	-31	-10	-2	10	det1=true
[5704]	84	92	-21	-20	-8	-6	det1=true
[5705]	84	92	-27	-20	-8	6	det1=true
[5706]	84	92	-5	2	-4	-10	det1=true
[5707]	84	92	-15	2	-4	10	det1=true
[5708]	43	89	-2	3	-7	-3	det1=true
[5709]	43	89	-5	3	-7	3	det1=true
[5710]	48	89	-23	-11	-7	-2	det1=true
[5711]	49	89	-16	-12	-7	-3	det1=true
[5712]	49	89	-19	-12	-7	3	det1=true
[5713]	57	89	-23	-1	-8	-2	det1=true
[5714]	64	89	-26	-17	-2	-8	det1=true
[5715]	64	89	-34	-17	-2	8	det1=true
[5716]	68	89	-18	3	-6	-7	det1=true
[5717]	68	89	-25	3	-6	7	det1=true
[5718]	71	89	-18	-20	-1	-9	det1=true
[5719]	71	89	-27	-20	-1	9	det1=true
[5720]	79	89	-28	-20	-9	-2	det1=true
[5721]	32	90	-11	1	-4	-5	det1=true
[5722]	32	90	-16	1	-4	5	det1=true
[5723]	45	90	-17	-11	-2	-7	det1=true
[5724]	52	90	-8	-7	-2	-8	det1=true
[5725]	53	90	-16	1	-8	-2	det1=true
[5726]	53	90	-18	1	-8	2	det1=true
[5727]	59	90	-23	-17	-1	-8	det1=true
[5728]	72	90	-7	0	-9	-4	det1=true
[5729]	72	90	-11	0	-9	4	det1=true
[5730]	87	90	-9	-4	-10	-4	det1=true
[5731]	87	90	-13	-4	-10	4	det1=true
[5732]	51	91	-12	4	-8	-2	det1=true
[5733]	51	91	-14	4	-8	2	det1=true
[5734]	52	91	-18	-7	-2	8	det1=true
[5735]	55	91	-19	-1	-2	-8	det1=true
[5736]	55	91	-27	-1	-2	8	det1=true
[5737]	55	91	-9	1	-7	-5	det1=true
[5738]	55	91	-14	1	-7	5	det1=true
[5739]	56	91	-19	-16	-7	-4	det1=true
[5740]	56	91	-23	-16	-7	4	det1=true
[5741]	69	91	-18	-19	-1	-9	det1=true
[5742]	69	91	-27	-19	-1	9	det1=true
[5743]	74	91	-13	-5	-4	-9	det1=true
[5744]	89	91	-37	-6	-5	9	det1=true
[5745]	91	91	-17	-11	-4	-10	det1=true
[5746]	91	91	-27	-11	-4	10	det1=true
[5747]	53	92	-27	-5	-4	7	det1=true
[5748]	56	92	-18	-13	-2	-8	det1=true
[5749]	69	92	-21	-10	-7	-6	det1=true
[5750]	69	92	-27	-10	-7	6	det1=true
[5751]	77	92	-24	-19	-8	-5	det1=true
[5752]	77	92	-29	-19	-8	5	det1=true
[5753]	83	92	-37	-17	-2	-9	det1=true
[5754]	83	92	-46	-17	-2	9	det1=true
[5755]	86	92	-31	-2	-10	-2	det1=true
[5756]	86	92	-33	-2	-10	2	det1=true
[5757]	87	92	-25	-21	-1	-10	det1=true
[5758]	88	92	-35	-29	-6	-7	det1=true
[5759]	88	92	-42	-29	-6	7	det1=true
[5760]	89	92	-29	-21	-10	-1	det1=true
[5761]	89	92	-30	-21	-10	1	det1=true
[5762]	54	89	-17	-9	-1	-8	det1=true
[5763]	54	89	-25	-9	-1	8	det1=true
[5764]	48	90	-1	-4	-1	-8	det1=true
[5765]	48	90	-9	-4	-1	8	det1=true
[5766]	86	90	-25	-10	-10	-2	det1=true
[5767]	86	90	-27	-10	-10	2	det1=true
[5768]	42	91	-17	0	-7	-2	det1=true
[5769]	54	91	-19	-10	-1	-8	det1=true
[5770]	75	91	-35	-20	-7	-5	det1=true
[5771]	75	91	-40	-20	-7	5	det1=true
[5772]	75	91	-20	-16	-3	-9	det1=true
[5773]	75	91	-29	-16	-3	9	det1=true
[5774]	88	91	-40	-39	-2	-8	det1=true
[5775]	88	91	-48	-39	-2	8	det1=true
[5776]	89	91	-28	-6	-5	-9	det1=true
[5777]	91	91	-30	-6	-10	-3	det1=true
[5778]	91	91	-33	-6	-10	3	det1=true
[5779]	82	92	-25	-1	-1	-10	det1=true
[5780]	82	92	-35	-1	-1	10	det1=true
[5781]	84	92	-35	-36	-3	-8	det1=true
[5782]	84	92	-43	-36	-3	8	det1=true
[5783]	87	92	-39	-22	-7	-6	det1=true
[5784]	87	92	-45	-22	-7	6	det1=true
[5785]	63	89	-27	-20	-8	-1	det1=true
[5786]	63	89	-28	-20	-8	1	det1=true
[5787]	88	90	-10	-1	-6	-9	det1=true
[5788]	88	90	-19	-1	-6	9	det1=true
[5789]	42	91	-19	0	-7	2	det1=true
[5790]	45	91	-6	1	-5	-6	det1=true
[5791]	54	91	-27	-10	-1	8	det1=true
[5792]	55	91	-18	-6	-2	-8	det1=true
[5793]	55	91	-26	-6	-2	8	det1=true
[5794]	49	92	-13	-13	-5	-6	det1=true
[5795]	49	92	-19	-13	-5	6	det1=true
[5796]	87	92	-10	-7	-6	-9	det1=true
[5797]	87	92	-19	-7	-6	9	det1=true
[5798]	54	89	-25	2	-7	4	det1=true
[5799]	78	90	-18	-1	-10	-1	det1=true
[5800]	78	90	-19	-1	-10	1	det1=true
[5801]	80	90	-14	1	-2	-10	det1=true
[5802]	80	90	-24	1	-2	10	det1=true
[5803]	45	91	-12	1	-5	6	det1=true
[5804]	67	91	-19	2	-6	-7	det1=true
[5805]	67	91	-26	2	-6	7	det1=true
[5806]	74	91	-7	-1	-10	-1	det1=true
[5807]	74	91	-8	-1	-10	1	det1=true
[5808]	78	91	-20	-1	-10	-1	det1=true
[5809]	48	89	-18	-17	-2	-7	det1=true
[5810]	48	89	-25	-17	-2	7	det1=true
[5811]	54	89	-21	2	-7	-4	det1=true
[5812]	32	89	-9	-3	-5	-4	det1=true
[5813]	32	89	-13	-3	-5	4	det1=true
[5814]	42	89	-13	-4	-7	-2	det1=true
[5815]	80	89	-21	1	-10	-1	det1=true
[5816]	80	89	-22	1	-10	1	det1=true
[5817]	76	90	-19	0	-9	-4	det1=true
[5818]	76	90	-23	0	-9	4	det1=true
[5819]	79	91	-2	2	-10	-3	det1=true
[5820]	79	91	-5	2	-10	3	det1=true
[5821]	61	92	-1	1	-7	-6	det1=true
[5822]	61	92	-7	1	-7	6	det1=true
[5823]	89	92	-40	-19	-8	-5	det1=true
[5824]	89	92	-45	-19	-8	5	det1=true
[5825]	78	89	-33	-4	-7	-6	det1=true
[5826]	78	89	-39	-4	-7	6	det1=true
[5827]	81	90	-26	-21	-8	-5	det1=true
[5828]	81	90	-31	-21	-8	5	det1=true
[5829]	75	92	-5	0	-10	-2	det1=true
[5830]	75	92	-7	0	-10	2	det1=true
[5831]	88	92	-16	-7	-10	-4	det1=true
[5832]	88	92	-20	-7	-10	4	det1=true
[5833]	73	89	-21	-4	-9	-3	det1=true
[5834]	89	89	-42	-36	-8	-2	det1=true
[5835]	89	89	-44	-36	-8	2	det1=true
[5836]	84	92	-8	5	-10	-4	det1=true
[5837]	84	92	-12	5	-10	4	det1=true
[5838]	85	89	-21	-2	-9	-5	det1=true
[5839]	85	89	-26	-2	-9	5	det1=true
[5840]	75	90	-8	-1	-10	-1	det1=true
[5841]	75	90	-9	-1	-10	1	det1=true
[5842]	76	90	-9	-1	-1	-10	det1=true
[5843]	61	91	-8	-1	-1	-9	det1=true
[5844]	61	91	-17	-1	-1	9	det1=true
[5845]	66	89	-1	1	-8	-5	det1=true
[5846]	66	89	-6	1	-8	5	det1=true
[5847]	74	89	-9	-3	-4	-9	det1=true
[5848]	71	91	-26	-2	-7	-6	det1=true
[5849]	71	92	-27	-3	-7	-6	det1=true
[5850]	53	89	-23	-22	-2	-7	det1=true
[5851]	53	89	-30	-22	-2	7	det1=true
[5852]	90	90	-35	-25	-8	-5	det1=true
[5853]	90	90	-40	-25	-8	5	det1=true
[5854]	86	95	-42	-39	-8	-2	det1=true
[5855]	86	95	-44	-39	-8	2	det1=true
[5856]	95	95	-30	-3	-11	-1	det1=true
[5857]	95	95	-31	-3	-11	1	det1=true
[5858]	58	93	-28	-5	-8	-2	det1=true
[5859]	58	93	-30	-5	-8	2	det1=true
[5860]	95	95	-30	-30	-2	-10	det1=true
[5861]	95	95	-40	-30	-2	10	det1=true
[5862]	39	93	-10	-1	-7	-2	det1=true
[5863]	39	93	-12	-1	-7	2	det1=true
[5864]	68	93	-13	-11	-5	-8	det1=true
[5865]	93	93	-32	-20	-2	-10	det1=true
[5866]	93	93	-42	-20	-2	10	det1=true
[5867]	14	94	1	2	-4	-2	det1=true
[5868]	14	94	-1	2	-4	2	det1=true
[5869]	89	94	-11	4	-11	-2	det1=true
[5870]	89	94	-13	4	-11	2	det1=true
[5871]	59	95	-2	2	-9	-2	det1=true
[5872]	59	95	-4	2	-9	2	det1=true
[5873]	73	95	-28	-20	-5	8	det1=true
[5874]	87	95	-36	-26	-5	-8	det1=true
[5875]	87	95	-44	-26	-5	8	det1=true
[5876]	89	95	-9	-4	-2	-11	det1=true
[5877]	89	95	-20	-4	-2	11	det1=true
[5878]	84	96	-31	-29	-8	-5	det1=true
[5879]	84	96	-36	-29	-8	5	det1=true
[5880]	96	96	-29	-23	-8	-7	det1=true
[5881]	96	96	-36	-23	-8	7	det1=true
[5882]	53	93	-22	0	-4	-7	det1=true
[5883]	75	93	-35	-23	-7	-5	det1=true
[5884]	75	93	-40	-23	-7	5	det1=true
[5885]	77	93	-18	-8	-8	-6	det1=true
[5886]	28	94	0	3	-6	-2	det1=true
[5887]	28	94	-2	3	-6	2	det1=true
[5888]	30	94	-9	1	-5	-4	det1=true
[5889]	48	94	-9	-7	-4	-7	det1=true
[5890]	53	94	-11	-1	-8	-3	det1=true
[5891]	61	94	-27	-21	-4	-7	det1=true
[5892]	66	94	-16	-9	-8	5	det1=true
[5893]	67	94	-13	-10	-5	-8	det1=true
[5894]	71	94	-26	1	-8	-5	det1=true
[5895]	71	94	-31	1	-8	5	det1=true
[5896]	76	94	-28	-15	-8	-5	det1=true
[5897]	76	94	-33	-15	-8	5	det1=true
[5898]	76	94	-17	-9	-10	-1	det1=true
[5899]	76	94	-18	-9	-10	1	det1=true
[5900]	87	94	-35	-9	-3	10	det1=true
[5901]	89	94	-25	2	-10	-4	det1=true
[5902]	89	94	-29	2	-10	4	det1=true
[5903]	33	95	-10	-1	-3	-6	det1=true
[5904]	51	95	-17	-3	-8	-2	det1=true
[5905]	51	95	-19	-3	-8	2	det1=true
[5906]	67	95	-28	-20	-5	-7	det1=true
[5907]	67	95	-35	-20	-5	7	det1=true
[5908]	70	95	-29	1	-6	-7	det1=true
[5909]	70	95	-36	1	-6	7	det1=true
[5910]	74	95	-35	-16	-8	-4	det1=true
[5911]	74	95	-39	-16	-8	4	det1=true
[5912]	76	95	-19	-15	-4	-9	det1=true
[5913]	76	95	-28	-15	-4	9	det1=true
[5914]	77	95	-27	-30	-1	-9	det1=true
[5915]	77	95	-36	-30	-1	9	det1=true
[5916]	85	95	-39	-29	-9	-1	det1=true
[5917]	85	95	-40	-29	-9	1	det1=true
[5918]	86	95	-36	-9	-10	-1	det1=true
[5919]	86	95	-37	-9	-10	1	det1=true
[5920]	90	95	-27	-4	-10	-4	det1=true
[5921]	52	96	-18	-5	-2	-8	det1=true
[5922]	52	96	-26	-5	-2	8	det1=true
[5923]	57	96	-27	-17	-8	-1	det1=true
[5924]	57	96	-28	-17	-8	1	det1=true
[5925]	81	96	-19	-18	-2	-10	det1=true
[5926]	82	96	-33	-23	-5	-8	det1=true
[5927]	82	96	-41	-23	-5	8	det1=true
[5928]	83	96	-9	-10	-4	-10	det1=true
[5929]	83	96	-19	-10	-4	10	det1=true
[5930]	93	96	-40	-7	-2	-10	det1=true
[5931]	94	96	-61	-29	-8	1	det1=true
[5932]	45	93	-19	-15	-6	-4	det1=true
[5933]	45	93	-23	-15	-6	4	det1=true
[5934]	45	93	-18	-16	-4	-6	det1=true
[5935]	45	93	-24	-16	-4	6	det1=true
[5936]	52	93	-20	-1	-4	-7	det1=true
[5937]	52	93	-27	-1	-4	7	det1=true
[5938]	67	93	-31	-20	-7	5	det1=true
[5939]	67	93	-16	-2	-8	-5	det1=true
[5940]	67	93	-21	-2	-8	5	det1=true
[5941]	67	93	-11	-7	-3	-9	det1=true
[5942]	67	93	-20	-7	-3	9	det1=true
[5943]	74	93	-11	-6	-6	-8	det1=true
[5944]	74	93	-19	-6	-6	8	det1=true
[5945]	86	93	-37	-30	-5	8	det1=true
[5946]	92	93	-17	2	-11	-2	det1=true
[5947]	93	93	-46	-34	-5	-7	det1=true
[5948]	43	94	-19	-9	-7	-2	det1=true
[5949]	43	94	-21	-9	-7	2	det1=true
[5950]	48	94	-13	0	-7	-4	det1=true
[5951]	48	94	-17	0	-7	4	det1=true
[5952]	48	94	-11	-3	-1	-8	det1=true
[5953]	48	94	-19	-3	-1	8	det1=true
[5954]	48	94	-12	-5	-8	-1	det1=true
[5955]	48	94	-13	-5	-8	1	det1=true
[5956]	48	94	-5	2	-8	-2	det1=true
[5957]	48	94	-7	2	-8	2	det1=true
[5958]	53	94	-14	-1	-8	3	det1=true
[5959]	54	94	-21	-13	-7	-4	det1=true
[5960]	54	94	-25	-13	-7	4	det1=true
[5961]	69	94	-33	-29	-8	-1	det1=true
[5962]	69	94	-21	-5	-8	-5	det1=true
[5963]	69	94	-26	-5	-8	5	det1=true
[5964]	73	94	-12	-3	-10	-1	det1=true
[5965]	73	94	-13	-3	-10	1	det1=true
[5966]	82	94	-30	-9	-10	1	det1=true
[5967]	82	94	-3	-2	-4	-10	det1=true
[5968]	82	94	-13	-2	-4	10	det1=true
[5969]	84	94	-30	-13	-10	-1	det1=true
[5970]	84	94	-31	-13	-10	1	det1=true
[5971]	26	95	-4	-1	-6	-1	det1=true
[5972]	26	95	-5	-1	-6	1	det1=true
[5973]	39	95	-17	-7	-7	-1	det1=true
[5974]	39	95	-18	-7	-7	1	det1=true
[5975]	39	95	-14	-10	-1	-7	det1=true
[5976]	39	95	-21	-10	-1	7	det1=true
[5977]	43	95	-14	-2	-7	-3	det1=true
[5978]	49	95	-19	-17	-7	-3	det1=true
[5979]	49	95	-22	-17	-7	3	det1=true
[5980]	52	95	-17	-8	-8	-2	det1=true
[5981]	52	95	-19	-8	-8	2	det1=true
[5982]	59	95	-9	-5	-1	-9	det1=true
[5983]	59	95	-18	-5	-1	9	det1=true
[5984]	61	95	-9	-4	-6	-7	det1=true
[5985]	73	95	-28	-16	-2	-9	det1=true
[5986]	73	95	-37	-16	-2	9	det1=true
[5987]	77	95	-31	-26	-9	-1	det1=true
[5988]	79	95	-32	-28	-9	-1	det1=true
[5989]	79	95	-33	-28	-9	1	det1=true
[5990]	85	95	-32	-32	-6	-7	det1=true
[5991]	85	95	-39	-32	-6	7	det1=true
[5992]	91	95	-41	-26	-8	-5	det1=true
[5993]	91	95	-46	-26	-8	5	det1=true
[5994]	95	95	-16	-4	-7	-9	det1=true
[5995]	47	96	-12	-5	-8	-1	det1=true
[5996]	47	96	-13	-5	-8	1	det1=true
[5997]	49	96	-17	-1	-4	-7	det1=true
[5998]	54	96	-19	-19	-1	-8	det1=true
[5999]	54	96	-27	-19	-1	8	det1=true
[6000]	64	96	-13	1	-5	-8	det1=true
[6001]	77	96	-35	-18	-9	-2	det1=true
[6002]	77	96	-37	-18	-9	2	det1=true
[6003]	78	96	-25	-15	-9	-4	det1=true
[6004]	78	96	-29	-15	-9	4	det1=true
[6005]	83	96	-21	-25	-1	-10	det1=true
[6006]	86	96	-28	-19	-10	-2	det1=true
[6007]	87	96	-35	-10	-1	-10	det1=true
[6008]	87	96	-45	-10	-1	10	det1=true
[6009]	93	96	-80	-13	-4	5	det1=true
[6010]	93	96	-44	-3	-10	-2	det1=true
[6011]	93	96	-46	-3	-10	2	det1=true
[6012]	34	93	-13	-13	-4	-5	det1=true
[6013]	37	93	-7	-6	-1	-7	det1=true
[6014]	48	93	-11	-1	-7	-4	det1=true
[6015]	48	93	-15	-1	-7	4	det1=true
[6016]	48	93	-9	-4	-1	-8	det1=true
[6017]	53	93	-5	1	-7	-5	det1=true
[6018]	53	93	-10	1	-7	5	det1=true
[6019]	58	93	-25	-8	-2	-8	det1=true
[6020]	58	93	-33	-8	-2	8	det1=true
[6021]	67	93	-26	-20	-7	-5	det1=true
[6022]	76	93	-39	-10	-7	6	det1=true
[6023]	77	93	-24	-8	-8	6	det1=true
[6024]	81	93	-35	-32	-7	-5	det1=true
[6025]	85	93	-10	2	-6	-9	det1=true
[6026]	85	93	-19	2	-6	9	det1=true
[6027]	86	93	-29	-30	-5	-8	det1=true
[6028]	87	93	-41	-33	-7	-5	det1=true
[6029]	87	93	-46	-33	-7	5	det1=true
[6030]	87	93	-47	-34	-5	7	det1=true
[6031]	92	93	-19	2	-11	2	det1=true
[6032]	93	93	-40	-18	-9	-4	det1=true
[6033]	93	93	-44	-18	-9	4	det1=true
[6034]	49	94	-14	-3	-4	-7	det1=true
[6035]	49	94	-21	-3	-4	7	det1=true
[6036]	66	94	-16	1	-8	-5	det1=true
[6037]	66	94	-21	1	-8	5	det1=true
[6038]	68	94	-22	-9	-2	-9	det1=true
[6039]	68	94	-31	-9	-2	9	det1=true
[6040]	74	94	-35	-15	-7	6	det1=true
[6041]	76	94	-35	-7	-7	-6	det1=true
[6042]	76	94	-41	-7	-7	6	det1=true
[6043]	79	94	-22	-11	-8	-6	det1=true
[6044]	79	94	-28	-11	-8	6	det1=true
[6045]	84	94	-34	-3	-10	-1	det1=true
[6046]	84	94	-35	-3	-10	1	det1=true
[6047]	90	94	-10	1	-2	-11	det1=true
[6048]	90	94	-21	1	-2	11	det1=true
[6049]	94	94	-39	-35	-7	-6	det1=true
[6050]	94	94	-45	-35	-7	6	det1=true
[6051]	28	95	-11	-5	-1	-6	det1=true
[6052]	28	95	-17	-5	-1	6	det1=true
[6053]	29	95	-4	-2	-4	-5	det1=true
[6054]	29	95	-9	-2	-4	5	det1=true
[6055]	33	95	-16	-1	-3	6	det1=true
[6056]	35	95	-5	1	-7	-1	det1=true
[6057]	35	95	-6	1	-7	1	det1=true
[6058]	43	95	-12	-4	-3	-7	det1=true
[6059]	52	95	-8	-3	-8	-3	det1=true
[6060]	52	95	-11	-3	-8	3	det1=true
[6061]	57	95	-19	-4	-5	-7	det1=true
[6062]	73	95	-29	-14	-6	-7	det1=true
[6063]	73	95	-36	-14	-6	7	det1=true
[6064]	77	95	-32	-26	-9	1	det1=true
[6065]	79	95	-19	-17	-6	-8	det1=true
[6066]	79	95	-27	-17	-6	8	det1=true
[6067]	87	95	-6	-10	-1	-11	det1=true
[6068]	87	95	-17	-10	-1	11	det1=true
[6069]	88	95	-19	-9	-9	-6	det1=true
[6070]	88	95	-25	-9	-9	6	det1=true
[6071]	90	95	-31	-4	-10	4	det1=true
[6072]	90	95	-20	-13	-6	-9	det1=true
[6073]	90	95	-29	-13	-6	9	det1=true
[6074]	39	96	-15	2	-4	-6	det1=true
[6075]	39	96	-15	2	-7	-2	det1=true
[6076]	39	96	-17	2	-7	2	det1=true
[6077]	46	96	-9	-1	-7	-4	det1=true
[6078]	55	96	-21	-19	-1	-8	det1=true
[6079]	55	96	-29	-19	-1	8	det1=true
[6080]	65	96	-21	1	-2	-9	det1=true
[6081]	65	96	-30	1	-2	9	det1=true
[6082]	65	96	-19	-9	-6	-7	det1=true
[6083]	65	96	-26	-9	-6	7	det1=true
[6084]	74	96	-7	-10	-2	-10	det1=true
[6085]	74	96	-17	-10	-2	10	det1=true
[6086]	83	96	-20	1	-10	4	det1=true
[6087]	86	96	-30	-19	-10	2	det1=true
[6088]	87	96	-36	-7	-10	-2	det1=true
[6089]	87	96	-38	-7	-10	2	det1=true
[6090]	95	96	-50	-15	-2	10	det1=true
[6091]	96	96	-23	-15	-11	-2	det1=true
[6092]	39	93	-13	-9	-7	-1	det1=true
[6093]	39	93	-14	-9	-7	1	det1=true
[6094]	41	93	-15	-13	-1	-7	det1=true
[6095]	41	93	-22	-13	-1	7	det1=true
[6096]	61	93	-29	-23	-2	8	det1=true
[6097]	63	93	2	1	-5	-8	det1=true
[6098]	63	93	-6	1	-5	8	det1=true
[6099]	76	93	-33	-10	-7	-6	det1=true
[6100]	30	94	-13	1	-5	4	det1=true
[6101]	52	94	-16	-3	-2	-8	det1=true
[6102]	52	94	-24	-3	-2	8	det1=true
[6103]	58	94	-17	-13	-3	-8	det1=true
[6104]	65	94	-24	-7	-6	7	det1=true
[6105]	76	94	-23	-1	-4	-9	det1=true
[6106]	76	94	-32	-1	-4	9	det1=true
[6107]	57	95	-20	-3	-7	-5	det1=true
[6108]	18	96	-7	0	-3	-4	det1=true
[6109]	45	96	-3	-1	-7	-4	det1=true
[6110]	45	96	-7	-1	-7	4	det1=true
[6111]	74	96	-11	-6	-10	-2	det1=true
[6112]	74	96	-13	-6	-10	2	det1=true
[6113]	75	96	-24	-1	-4	-9	det1=true
[6114]	79	96	-18	-7	-10	3	det1=true
[6115]	84	96	-29	-16	-10	2	det1=true
[6116]	86	96	-35	-6	-10	-2	det1=true
[6117]	86	96	-37	-6	-10	2	det1=true
[6118]	90	96	-34	-19	-10	-2	det1=true
[6119]	90	96	-36	-19	-10	2	det1=true
[6120]	50	93	-9	-2	-2	-8	det1=true
[6121]	61	93	-26	-20	-8	2	det1=true
[6122]	67	93	-10	-11	-5	-8	det1=true
[6123]	81	93	-20	-3	-9	-5	det1=true
[6124]	81	93	-25	-3	-9	5	det1=true
[6125]	87	93	-7	2	-11	-1	det1=true
[6126]	87	93	-8	2	-11	1	det1=true
[6127]	89	93	-39	-31	-1	-9	det1=true
[6128]	65	94	-17	-7	-6	-7	det1=true
[6129]	88	94	-32	-17	-6	-8	det1=true
[6130]	88	94	-40	-17	-6	8	det1=true
[6131]	53	95	-9	-1	-5	-7	det1=true
[6132]	53	95	-16	-1	-5	7	det1=true
[6133]	84	96	-27	-16	-10	-2	det1=true
[6134]	87	96	-6	1	-2	-11	det1=true
[6135]	87	96	-17	1	-2	11	det1=true
[6136]	90	96	-31	-26	-1	-10	det1=true
[6137]	64	93	-12	1	-8	5	det1=true
[6138]	75	93	-9	-1	-10	-2	det1=true
[6139]	75	93	-11	-1	-10	2	det1=true
[6140]	88	93	-37	-23	-5	-8	det1=true
[6141]	88	93	-45	-23	-5	8	det1=true
[6142]	47	94	-12	-11	-6	-5	det1=true
[6143]	47	94	-17	-11	-6	5	det1=true
[6144]	74	94	-31	-11	-7	-6	det1=true
[6145]	79	94	-25	0	-6	-8	det1=true
[6146]	79	94	-33	0	-6	8	det1=true
[6147]	89	94	-35	-33	-7	-6	det1=true
[6148]	89	94	-41	-33	-7	6	det1=true
[6149]	18	95	-6	-1	-4	-3	det1=true
[6150]	18	95	-9	-1	-4	3	det1=true
[6151]	74	95	-21	-21	-5	-8	det1=true
[6152]	82	96	-32	3	-6	-8	det1=true
[6153]	82	96	-40	3	-6	8	det1=true
[6154]	83	96	-26	-15	-10	-2	det1=true
[6155]	83	96	-28	-15	-10	2	det1=true
[6156]	39	93	-10	-12	-1	-7	det1=true
[6157]	39	93	-17	-12	-1	7	det1=true
[6158]	70	94	-29	-5	-9	-2	det1=true
[6159]	70	94	-31	-5	-9	2	det1=true
[6160]	88	94	-33	-16	-8	-6	det1=true
[6161]	88	94	-39	-16	-8	6	det1=true
[6162]	63	95	-24	-26	-2	-8	det1=true
[6163]	63	95	-32	-26	-2	8	det1=true
[6164]	95	95	-19	-2	-11	-3	det1=true
[6165]	95	95	-22	-2	-11	3	det1=true
[6166]	55	96	-21	-14	-8	-2	det1=true
[6167]	55	96	-23	-14	-8	2	det1=true
[6168]	71	96	-22	-21	-6	-7	det1=true
[6169]	71	96	-29	-21	-6	7	det1=true
[6170]	73	96	-7	-4	-2	-10	det1=true
[6171]	93	96	-29	-17	-8	-7	det1=true
[6172]	93	96	-36	-17	-8	7	det1=true
[6173]	41	93	-18	-10	-7	-1	det1=true
[6174]	54	94	-23	-8	-1	-8	det1=true
[6175]	54	94	-31	-8	-1	8	det1=true
[6176]	68	94	-23	-7	-6	-7	det1=true
[6177]	83	95	-34	-6	-10	1	det1=true
[6178]	83	95	-33	-6	-10	-1	det1=true
[6179]	75	93	-22	0	-9	-4	det1=true
[6180]	75	93	-26	0	-9	4	det1=true
[6181]	90	93	-23	-11	-7	-8	det1=true
[6182]	90	93	-31	-11	-7	8	det1=true
[6183]	62	95	-8	-11	-2	-9	det1=true
[6184]	62	95	-17	-11	-2	9	det1=true
[6185]	74	95	-21	1	-4	-9	det1=true
[6186]	74	95	-30	1	-4	9	det1=true
[6187]	87	96	-39	-7	-4	-9	det1=true
[6188]	96	96	-33	-10	-4	-10	det1=true
[6189]	96	96	-43	-10	-4	10	det1=true
[6190]	91	96	-43	-25	-1	10	det1=true
[6191]	76	97	-17	-6	-2	-10	det1=true
[6192]	36	100	-7	-1	-2	-7	det1=true
[6193]	36	100	-14	-1	-2	7	det1=true
[6194]	100	100	-31	-22	-11	-2	det1=true
[6195]	100	100	-33	-22	-11	2	det1=true
[6196]	37	97	-10	2	-4	-6	det1=true
[6197]	90	98	-19	1	-2	-11	det1=true
[6198]	90	98	-30	1	-2	11	det1=true
[6199]	98	98	-1	-4	-1	-12	det1=true
[6200]	98	98	-13	-4	-1	12	det1=true
[6201]	65	99	-20	0	-5	-8	det1=true
[6202]	65	99	-28	0	-5	8	det1=true
[6203]	72	99	-23	-21	-8	-5	det1=true
[6204]	72	99	-28	-21	-8	5	det1=true
[6205]	85	99	-19	2	-11	-1	det1=true
[6206]	96	99	-43	-22	-10	-2	det1=true
[6207]	96	99	-45	-22	-10	2	det1=true
[6208]	98	99	-43	-27	-1	-10	det1=true
[6209]	98	99	-53	-27	-1	10	det1=true
[6210]	91	100	-8	-1	-10	-6	det1=true
[6211]	91	100	-14	-1	-10	6	det1=true
[6212]	26	97	-8	-1	-6	-1	det1=true
[6213]	26	97	-9	-1	-6	1	det1=true
[6214]	49	97	-18	-2	-4	-7	det1=true
[6215]	49	97	-25	-2	-4	7	det1=true
[6216]	51	97	-16	-16	-1	-8	det1=true
[6217]	51	97	-24	-16	-1	8	det1=true
[6218]	52	97	-21	-12	-7	-4	det1=true
[6219]	52	97	-25	-12	-7	4	det1=true
[6220]	68	97	0	1	-6	-8	det1=true
[6221]	69	97	-25	-4	-9	-3	det1=true
[6222]	70	97	-12	1	-10	1	det1=true
[6223]	71	97	-27	-8	-9	-3	det1=true
[6224]	71	97	-30	-8	-9	3	det1=true
[6225]	72	97	-8	-3	-10	-2	det1=true
[6226]	72	97	-10	-3	-10	2	det1=true
[6227]	76	97	-21	-2	-10	-2	det1=true
[6228]	76	97	-23	-2	-10	2	det1=true
[6229]	82	97	-33	0	-6	-8	det1=true
[6230]	82	97	-41	0	-6	8	det1=true
[6231]	92	97	-35	-11	-3	-10	det1=true
[6232]	92	97	-45	-11	-3	10	det1=true
[6233]	97	97	-45	-9	-9	-5	det1=true
[6234]	97	97	-50	-9	-9	5	det1=true
[6235]	39	98	-13	-7	-2	-7	det1=true
[6236]	39	98	-20	-7	-2	7	det1=true
[6237]	63	98	-14	-3	-8	-5	det1=true
[6238]	63	98	-19	-3	-8	5	det1=true
[6239]	74	98	-22	3	-6	-8	det1=true
[6240]	84	98	-14	-11	-6	-9	det1=true
[6241]	86	98	-25	-9	-7	-8	det1=true
[6242]	86	98	-33	-9	-7	8	det1=true
[6243]	98	98	-56	-15	-6	8	det1=true
[6244]	72	99	-12	1	-2	-10	det1=true
[6245]	72	99	-22	1	-2	10	det1=true
[6246]	67	100	-33	-11	-7	6	det1=true
[6247]	72	100	-18	5	-10	-2	det1=true
[6248]	72	100	-20	5	-10	2	det1=true
[6249]	85	100	-29	-26	-8	-6	det1=true
[6250]	85	100	-35	-26	-8	6	det1=true
[6251]	41	97	-17	-11	-6	-4	det1=true
[6252]	41	97	-21	-11	-6	4	det1=true
[6253]	53	97	-14	2	-7	-5	det1=true
[6254]	53	97	-19	2	-7	5	det1=true
[6255]	59	97	-11	-9	-1	-9	det1=true
[6256]	67	97	-20	-22	-1	-9	det1=true
[6257]	67	97	-29	-22	-1	9	det1=true
[6258]	68	97	-8	1	-6	8	det1=true
[6259]	70	97	-29	-9	-6	-7	det1=true
[6260]	70	97	-36	-9	-6	7	det1=true
[6261]	72	97	-4	-7	-2	-10	det1=true
[6262]	72	97	-14	-7	-2	10	det1=true
[6263]	82	97	-29	-14	-6	-8	det1=true
[6264]	82	97	-37	-14	-6	8	det1=true
[6265]	89	97	-21	-14	-6	-9	det1=true
[6266]	89	97	-30	-14	-6	9	det1=true
[6267]	28	98	-5	-6	-2	-6	det1=true
[6268]	28	98	-11	-6	-2	6	det1=true
[6269]	62	98	-14	-11	-2	-9	det1=true
[6270]	62	98	-23	-11	-2	9	det1=true
[6271]	63	98	-13	-5	-8	-5	det1=true
[6272]	63	98	-18	-5	-8	5	det1=true
[6273]	80	98	-19	-2	-4	10	det1=true
[6274]	87	98	-36	-35	-2	-9	det1=true
[6275]	87	98	-45	-35	-2	9	det1=true
[6276]	92	98	-3	0	-6	-10	det1=true
[6277]	92	98	-13	0	-6	10	det1=true
[6278]	35	99	-4	0	-6	-4	det1=true
[6279]	42	99	-9	1	-5	-6	det1=true
[6280]	42	99	-15	1	-5	6	det1=true
[6281]	63	99	-17	2	-8	-5	det1=true
[6282]	63	99	-22	2	-8	5	det1=true
[6283]	81	99	-27	-5	-5	-9	det1=true
[6284]	81	99	-36	-5	-5	9	det1=true
[6285]	59	100	-13	-1	-2	-9	det1=true
[6286]	59	100	-22	-1	-2	9	det1=true
[6287]	69	100	-7	0	-10	2	det1=true
[6288]	70	100	-18	1	-10	-1	det1=true
[6289]	70	100	-19	1	-10	1	det1=true
[6290]	81	100	-36	-7	-4	-9	det1=true
[6291]	81	100	-45	-7	-4	9	det1=true
[6292]	83	100	-44	-17	-4	9	det1=true
[6293]	84	100	-23	-12	-7	-8	det1=true
[6294]	84	100	-31	-12	-7	8	det1=true
[6295]	92	100	-8	-1	-4	-11	det1=true
[6296]	98	100	-37	-23	-8	-7	det1=true
[6297]	98	100	-44	-23	-8	7	det1=true
[6298]	55	97	-19	1	-7	-5	det1=true
[6299]	59	97	-15	-5	-9	-1	det1=true
[6300]	59	97	-20	-9	-1	9	det1=true
[6301]	64	97	-21	-3	-7	-6	det1=true
[6302]	64	97	-20	-3	-8	5	det1=true
[6303]	65	97	-27	-8	-9	-1	det1=true
[6304]	70	97	-11	1	-10	-1	det1=true
[6305]	71	97	-10	-4	-1	-10	det1=true
[6306]	71	97	-20	-4	-1	10	det1=true
[6307]	73	97	-26	-22	-7	-6	det1=true
[6308]	73	97	-32	-22	-7	6	det1=true
[6309]	85	97	-26	-17	-9	-5	det1=true
[6310]	85	97	-31	-17	-9	5	det1=true
[6311]	87	97	-36	-37	-1	-9	det1=true
[6312]	87	97	-45	-37	-1	9	det1=true
[6313]	87	97	-34	-31	-9	-3	det1=true
[6314]	87	97	-37	-31	-9	3	det1=true
[6315]	94	97	-43	-30	-5	-8	det1=true
[6316]	94	97	-41	-7	-10	-3	det1=true
[6317]	94	97	-44	-7	-10	3	det1=true
[6318]	44	98	-9	-3	-1	8	det1=true
[6319]	47	98	-14	-3	-4	-7	det1=true
[6320]	47	98	-21	-3	-4	7	det1=true
[6321]	77	98	-20	-17	-8	-6	det1=true
[6322]	90	98	-26	-11	-6	-9	det1=true
[6323]	90	98	-35	-11	-6	9	det1=true
[6324]	92	98	-42	-15	-6	-8	det1=true
[6325]	44	99	-15	-2	-5	-6	det1=true
[6326]	44	99	-21	-2	-5	6	det1=true
[6327]	55	99	-19	-6	-5	-7	det1=true
[6328]	59	99	-23	-14	-5	-7	det1=true
[6329]	59	99	-30	-14	-5	7	det1=true
[6330]	83	99	-8	-3	-1	-11	det1=true
[6331]	87	99	-11	-10	-2	-11	det1=true
[6332]	87	99	-22	-10	-2	11	det1=true
[6333]	88	99	-32	-23	-10	-2	det1=true
[6334]	88	99	-34	-23	-10	2	det1=true
[6335]	28	100	-12	3	-6	-2	det1=true
[6336]	28	100	-14	3	-6	2	det1=true
[6337]	49	100	-8	1	-8	-3	det1=true
[6338]	49	100	-11	1	-8	3	det1=true
[6339]	51	100	-21	-8	-8	-2	det1=true
[6340]	67	100	-27	-11	-7	-6	det1=true
[6341]	69	100	-5	0	-10	-2	det1=true
[6342]	76	100	-31	-21	-8	-5	det1=true
[6343]	76	100	-36	-21	-8	5	det1=true
[6344]	85	100	-37	-14	-8	-6	det1=true
[6345]	85	100	-43	-14	-8	6	det1=true
[6346]	86	100	-31	-29	-4	-9	det1=true
[6347]	86	100	-40	-29	-4	9	det1=true
[6348]	86	100	-26	-21	-10	-3	det1=true
[6349]	45	97	-14	-6	-6	-5	det1=true
[6350]	64	97	-15	-3	-8	-5	det1=true
[6351]	65	97	-25	-6	-1	-9	det1=true
[6352]	65	97	-34	-6	-1	9	det1=true
[6353]	66	97	-32	-25	-8	-2	det1=true
[6354]	71	97	-21	-17	-9	-3	det1=true
[6355]	71	97	-24	-17	-9	3	det1=true
[6356]	85	97	-38	-6	-10	-1	det1=true
[6357]	85	97	-39	-6	-10	1	det1=true
[6358]	44	98	-1	-3	-1	-8	det1=true
[6359]	46	98	-5	4	-8	-2	det1=true
[6360]	46	98	-7	4	-8	2	det1=true
[6361]	70	98	-13	-1	-10	-1	det1=true
[6362]	70	98	-14	-1	-10	1	det1=true
[6363]	74	98	-28	-7	-6	8	det1=true
[6364]	82	98	-24	-23	-6	-8	det1=true
[6365]	35	99	-8	0	-6	4	det1=true
[6366]	73	99	-22	-12	-9	-4	det1=true
[6367]	73	99	-26	-12	-9	4	det1=true
[6368]	82	99	-18	-11	-8	-7	det1=true
[6369]	82	99	-25	-11	-8	7	det1=true
[6370]	88	99	-37	-24	-9	-4	det1=true
[6371]	96	99	-36	-31	-10	-2	det1=true
[6372]	96	99	-38	-31	-10	2	det1=true
[6373]	30	100	-14	-9	-6	-2	det1=true
[6374]	30	100	-16	-9	-6	2	det1=true
[6375]	51	100	-23	-8	-8	2	det1=true
[6376]	59	100	-19	-9	-2	9	det1=true
[6377]	70	100	-25	-15	-5	-8	det1=true
[6378]	70	100	-33	-15	-5	8	det1=true
[6379]	81	100	-10	-11	-6	-9	det1=true
[6380]	83	100	-35	-17	-4	-9	det1=true
[6381]	87	100	-38	-19	-10	-1	det1=true
[6382]	95	100	-34	-15	-6	-9	det1=true
[6383]	95	100	-43	-15	-6	9	det1=true
[6384]	48	97	-11	-12	-1	-8	det1=true
[6385]	48	97	-19	-12	-1	8	det1=true
[6386]	59	97	-16	-5	-9	1	det1=true
[6387]	59	97	-8	2	-6	-7	det1=true
[6388]	59	97	-15	2	-6	7	det1=true
[6389]	64	97	-27	-3	-7	6	det1=true
[6390]	66	97	-19	-2	-5	-8	det1=true
[6391]	66	97	-27	-2	-5	8	det1=true
[6392]	67	97	-22	-15	-9	-2	det1=true
[6393]	67	97	-24	-15	-9	2	det1=true
[6394]	85	97	-9	-3	-1	-11	det1=true
[6395]	88	97	-38	-11	-6	-8	det1=true
[6396]	88	97	-46	-11	-6	8	det1=true
[6397]	91	97	-13	2	-9	-7	det1=true
[6398]	91	97	-20	2	-9	7	det1=true
[6399]	48	98	-17	-1	-4	-7	det1=true
[6400]	76	98	-33	-22	-9	-2	det1=true
[6401]	76	98	-35	-22	-9	2	det1=true
[6402]	95	98	-27	-12	-11	-2	det1=true
[6403]	95	98	-29	-12	-11	2	det1=true
[6404]	97	98	-49	-43	-2	9	det1=true
[6405]	20	99	-5	-3	-2	-5	det1=true
[6406]	20	99	-10	-3	-2	5	det1=true
[6407]	85	99	-35	-30	-8	-5	det1=true
[6408]	97	99	-38	-27	-9	-5	det1=true
[6409]	97	99	-43	-27	-9	5	det1=true
[6410]	44	100	-13	-9	-5	-6	det1=true
[6411]	44	100	-19	-9	-5	6	det1=true
[6412]	59	100	-10	-9	-2	-9	det1=true
[6413]	80	100	-32	-15	-4	-9	det1=true
[6414]	88	100	-32	-31	-4	-9	det1=true
[6415]	88	100	-41	-31	-4	9	det1=true
[6416]	80	98	-37	-22	-7	-6	det1=true
[6417]	80	98	-43	-22	-7	6	det1=true
[6418]	86	98	-18	-15	-10	-4	det1=true
[6419]	86	98	-22	-15	-10	4	det1=true
[6420]	97	98	-40	-43	-2	-9	det1=true
[6421]	85	99	-40	-30	-8	5	det1=true
[6422]	69	100	-1	-4	-2	-10	det1=true
[6423]	89	100	-31	-21	-10	-3	det1=true
[6424]	80	98	-39	-21	-9	-2	det1=true
[6425]	80	98	-41	-21	-9	2	det1=true
[6426]	38	99	-11	-8	-7	-2	det1=true
[6427]	38	99	-13	-8	-7	2	det1=true
[6428]	71	99	-5	3	-9	-5	det1=true
[6429]	85	99	-36	-16	-10	-1	det1=true
[6430]	72	100	-14	1	-2	-10	det1=true
[6431]	42	98	-17	-14	-7	-2	det1=true
[6432]	42	98	-19	-14	-7	2	det1=true
[6433]	44	98	-21	-15	-7	-2	det1=true
[6434]	44	98	-23	-15	-7	2	det1=true
[6435]	85	98	-15	-13	-6	-9	det1=true
[6436]	85	98	-24	-13	-6	9	det1=true
[6437]	61	99	-8	-4	-5	-8	det1=true
[6438]	61	99	-16	-4	-5	8	det1=true
[6439]	78	100	-7	2	-9	-6	det1=true
[6440]	78	100	-5	-1	-6	-9	det1=true
[6441]	96	100	-8	3	-12	1	det1=true
[6442]	92	99	-47	-35	-5	8	det1=true
[6443]	51	97	-8	0	-3	-8	det1=true
[6444]	58	97	-1	-1	-6	-7	det1=true
[6445]	92	99	-39	-35	-5	-8	det1=true
[6446]	96	100	-7	3	-12	-1	det1=true
[6447]	97	97	-46	-14	-10	-2	det1=true
[6448]	86	99	-33	-25	-4	-9	det1=true
[6449]	86	99	-42	-25	-4	9	det1=true
[6450]	68	100	-20	-17	-8	-5	det1=true
[6451]	68	100	-25	-17	-8	5	det1=true
[6452]	78	100	-14	-1	-6	9	det1=true
[6453]	73	100	-21	-9	-10	-1	det1=true
[6454]	73	100	-22	-9	-10	1	det1=true
[6455]	79	99	-8	2	-9	-6	det1=true
[6456]	53	100	-13	-13	-3	-8	det1=true
[6457]	69	100	-14	3	-6	-8	det1=true
[6458]	69	100	-22	3	-6	8	det1=true
[6459]	92	100	-5	-7	-4	-11	det1=true
[6460]	91	101	-42	-11	-9	-5	det1=true
[6461]	91	101	-47	-11	-9	5	det1=true
[6462]	57	103	-12	-2	-2	-9	det1=true
[6463]	76	104	-37	-25	-9	-2	det1=true
[6464]	76	104	-39	-25	-9	2	det1=true
[6465]	96	104	-43	-28	-2	-10	det1=true
[6466]	55	101	-7	-5	-1	-9	det1=true
[6467]	55	101	-16	-5	-1	9	det1=true
[6468]	59	101	-12	-4	-5	8	det1=true
[6469]	28	102	-8	-5	-4	-5	det1=true
[6470]	28	102	-13	-5	-4	5	det1=true
[6471]	88	103	-37	-10	-3	-10	det1=true
[6472]	36	104	-15	2	-4	-6	det1=true
[6473]	36	104	-21	2	-4	6	det1=true
[6474]	61	104	-33	-25	-3	8	det1=true
[6475]	65	104	-15	1	-4	-9	det1=true
[6476]	67	101	-21	-14	-9	-3	det1=true
[6477]	67	101	-24	-14	-9	3	det1=true
[6478]	87	101	-8	-6	-3	-11	det1=true
[6479]	87	101	-19	-6	-3	11	det1=true
[6480]	89	101	-15	-3	-3	-11	det1=true
[6481]	98	101	-33	-13	-2	-11	det1=true
[6482]	101	101	-18	-9	-9	-8	det1=true
[6483]	101	101	-26	-9	-9	8	det1=true
[6484]	63	102	-17	-9	-5	-8	det1=true
[6485]	72	102	-26	5	-10	-1	det1=true
[6486]	72	102	-27	5	-10	1	det1=true
[6487]	95	102	-32	-7	-2	-11	det1=true
[6488]	95	102	-43	-7	-2	11	det1=true
[6489]	98	102	-26	-27	-2	-11	det1=true
[6490]	98	102	-37	-27	-2	11	det1=true
[6491]	100	102	-12	-11	-2	-12	det1=true
[6492]	100	102	-24	-11	-2	12	det1=true
[6493]	102	102	-41	-15	-11	-2	det1=true
[6494]	102	102	-43	-15	-11	2	det1=true
[6495]	90	103	-35	-1	-6	-9	det1=true
[6496]	90	103	-44	-1	-6	9	det1=true
[6497]	91	103	-24	0	-7	-9	det1=true
[6498]	91	103	-33	0	-7	9	det1=true
[6499]	91	103	-20	-12	-9	-7	det1=true
[6500]	97	103	-6	-5	-7	-10	det1=true
[6501]	97	103	-16	-5	-7	10	det1=true
[6502]	77	104	-23	-6	-3	-10	det1=true
[6503]	77	104	-33	-6	-3	10	det1=true
[6504]	80	104	-39	-9	-10	1	det1=true
[6505]	96	104	-38	-35	-2	-10	det1=true
[6506]	101	104	-54	-11	-10	-3	det1=true
[6507]	49	101	-10	0	-8	-3	det1=true
[6508]	49	101	-13	0	-8	3	det1=true
[6509]	56	101	-5	2	-7	-6	det1=true
[6510]	56	101	-11	2	-7	6	det1=true
[6511]	63	101	-20	2	-8	-5	det1=true
[6512]	86	101	-27	-1	-2	11	det1=true
[6513]	89	101	-16	-1	-7	-9	det1=true
[6514]	89	101	-25	-1	-7	9	det1=true
[6515]	89	101	-26	-3	-3	11	det1=true
[6516]	94	101	-47	-11	-10	3	det1=true
[6517]	95	101	-8	4	-12	1	det1=true
[6518]	101	101	-16	-13	-1	-12	det1=true
[6519]	101	101	-28	-13	-1	12	det1=true
[6520]	62	102	-13	-11	-5	-8	det1=true
[6521]	80	102	-35	0	-10	-2	det1=true
[6522]	80	102	-37	0	-10	2	det1=true
[6523]	85	102	-29	-4	-10	-4	det1=true
[6524]	85	102	-33	-4	-10	4	det1=true
[6525]	97	102	-31	-20	-11	-2	det1=true
[6526]	55	103	-13	-5	-9	-1	det1=true
[6527]	55	103	-14	-5	-9	1	det1=true
[6528]	56	103	-21	-17	-3	-8	det1=true
[6529]	56	103	-29	-17	-3	8	det1=true
[6530]	57	103	-13	0	-6	-7	det1=true
[6531]	57	103	-20	0	-6	7	det1=true
[6532]	69	103	-28	-10	-3	-9	det1=true
[6533]	69	103	-37	-10	-3	9	det1=true
[6534]	98	103	-37	-33	-10	-3	det1=true
[6535]	98	103	-40	-33	-10	3	det1=true
[6536]	100	103	-23	1	-8	-9	det1=true
[6537]	100	103	-32	1	-8	9	det1=true
[6538]	102	103	-46	-21	-8	-7	det1=true
[6539]	102	103	-53	-21	-8	7	det1=true
[6540]	103	103	-31	-25	-9	-7	det1=true
[6541]	103	103	-38	-25	-9	7	det1=true
[6542]	27	104	-8	1	-4	-5	det1=true
[6543]	27	104	-13	1	-4	5	det1=true
[6544]	47	104	-5	-1	-3	-8	det1=true
[6545]	64	104	-4	-1	-6	-8	det1=true
[6546]	64	104	-12	-1	-6	8	det1=true
[6547]	67	104	-23	-23	-6	-7	det1=true
[6548]	71	104	-15	-18	-1	-10	det1=true
[6549]	71	104	-25	-18	-1	10	det1=true
[6550]	86	104	-42	-11	-10	-2	det1=true
[6551]	104	104	-44	-41	-6	-8	det1=true
[6552]	58	101	-13	-4	-9	-2	det1=true
[6553]	58	101	-15	-4	-9	2	det1=true
[6554]	66	101	-26	3	-8	-5	det1=true
[6555]	66	101	-31	3	-8	5	det1=true
[6556]	68	101	-4	3	-10	-2	det1=true
[6557]	73	101	-23	-7	-8	-6	det1=true
[6558]	73	101	-29	-7	-8	6	det1=true
[6559]	77	101	-23	2	-10	-3	det1=true
[6560]	77	101	-26	2	-10	3	det1=true
[6561]	80	101	-11	-12	-4	-10	det1=true
[6562]	83	101	-33	-9	-2	-10	det1=true
[6563]	95	101	-44	-40	-9	-2	det1=true
[6564]	95	101	-46	-40	-9	2	det1=true
[6565]	95	101	-7	4	-12	-1	det1=true
[6566]	43	102	-5	-5	-1	-8	det1=true
[6567]	43	102	-13	-5	-1	8	det1=true
[6568]	62	102	-19	1	-8	-5	det1=true
[6569]	62	102	-24	1	-8	5	det1=true
[6570]	81	102	-19	-1	-6	-9	det1=true
[6571]	82	102	-33	-8	-2	-10	det1=true
[6572]	82	102	-11	5	-11	-2	det1=true
[6573]	82	102	-13	5	-11	2	det1=true
[6574]	86	102	-37	-12	-2	-10	det1=true
[6575]	35	103	-7	-2	-2	-7	det1=true
[6576]	35	103	-14	-2	-2	7	det1=true
[6577]	61	103	-16	-3	-5	-8	det1=true
[6578]	61	103	-24	-3	-5	8	det1=true
[6579]	91	103	-25	-20	-1	-11	det1=true
[6580]	100	103	-14	-9	-10	-7	det1=true
[6581]	64	104	-31	-2	-9	-2	det1=true
[6582]	64	104	-33	-2	-9	2	det1=true
[6583]	67	104	-30	-23	-6	7	det1=true
[6584]	77	104	-33	-30	-7	-6	det1=true
[6585]	86	104	-47	-2	-3	10	det1=true
[6586]	95	104	-6	-1	-2	-12	det1=true
[6587]	103	104	-37	-8	-11	-4	det1=true
[6588]	51	101	-13	-1	-5	-7	det1=true
[6589]	51	101	-20	-1	-5	7	det1=true
[6590]	67	101	-37	-10	-2	9	det1=true
[6591]	82	101	-19	-3	-6	-9	det1=true
[6592]	66	102	-9	5	-10	-1	det1=true
[6593]	66	102	-10	5	-10	1	det1=true
[6594]	85	102	-31	-3	-8	-7	det1=true
[6595]	85	102	-38	-3	-8	7	det1=true
[6596]	85	102	-26	-7	-4	-10	det1=true
[6597]	52	103	-23	-19	-8	-1	det1=true
[6598]	67	103	-30	-10	-2	-9	det1=true
[6599]	91	103	-36	-20	-1	11	det1=true
[6600]	100	103	-21	-9	-10	7	det1=true
[6601]	80	104	-38	-9	-10	-1	det1=true
[6602]	87	104	-23	-3	-2	-11	det1=true
[6603]	87	104	-34	-3	-2	11	det1=true
[6604]	95	104	-18	-1	-2	12	det1=true
[6605]	91	101	-8	2	-4	-11	det1=true
[6606]	91	101	-19	2	-4	11	det1=true
[6607]	87	102	-33	-31	-4	-9	det1=true
[6608]	87	102	-42	-31	-4	9	det1=true
[6609]	98	102	-43	-6	-4	-10	det1=true
[6610]	98	102	-53	-6	-4	10	det1=true
[6611]	35	103	-11	-1	-6	-4	det1=true
[6612]	46	103	-15	-9	-4	-7	det1=true
[6613]	46	103	-22	-9	-4	7	det1=true
[6614]	60	103	-23	-24	-3	-8	det1=true
[6615]	77	103	-38	-28	-9	-1	det1=true
[6616]	77	103	-39	-28	-9	1	det1=true
[6617]	100	103	-39	-41	-1	-10	det1=true
[6618]	100	103	-49	-41	-1	10	det1=true
[6619]	69	104	-11	-8	-2	-10	det1=true
[6620]	77	104	-39	-30	-7	6	det1=true
[6621]	81	104	-36	-29	-8	-5	det1=true
[6622]	86	104	-37	-2	-3	-10	det1=true
[6623]	95	104	-21	-11	-4	-11	det1=true
[6624]	95	104	-32	-11	-4	11	det1=true
[6625]	96	104	-44	-31	-10	2	det1=true
[6626]	104	104	-21	-23	-1	-12	det1=true
[6627]	73	101	-22	-10	-10	-1	det1=true
[6628]	101	101	-36	0	-7	-9	det1=true
[6629]	101	101	-45	0	-7	9	det1=true
[6630]	44	102	-3	4	-8	-2	det1=true
[6631]	44	102	-5	4	-8	2	det1=true
[6632]	64	103	-19	-12	-5	-8	det1=true
[6633]	84	103	-37	-6	-2	-10	det1=true
[6634]	84	103	-47	-6	-2	10	det1=true
[6635]	91	103	-27	2	-11	-3	det1=true
[6636]	91	103	-30	2	-11	3	det1=true
[6637]	99	103	-41	-3	-1	-11	det1=true
[6638]	99	103	-52	-3	-1	11	det1=true
[6639]	103	103	-36	-7	-11	-4	det1=true
[6640]	70	104	-16	1	-2	-10	det1=true
[6641]	81	104	-41	-29	-8	5	det1=true
[6642]	101	101	-48	-26	-10	-2	det1=true
[6643]	95	102	-23	-2	-11	-4	det1=true
[6644]	95	102	-27	-2	-11	4	det1=true
[6645]	89	102	-35	-4	-10	-4	det1=true
[6646]	78	102	-37	-3	-9	-4	det1=true
[6647]	48	104	-14	-13	-2	-8	det1=true
[6648]	85	101	-31	-25	-6	-8	det1=true
[6649]	56	101	-27	-16	-8	-2	det1=true
[6650]	101	101	-30	-8	-10	-6	det1=true
[6651]	72	102	-22	-9	-10	-1	det1=true
[6652]	104	104	-21	-15	-7	-10	det1=true
[6653]	83	101	-36	-28	-5	-8	det1=true
[6654]	96	101	-31	-11	-2	-11	det1=true
[6655]	102	102	-31	-12	-11	-4	det1=true
[6656]	101	101	-44	-30	-2	-10	det1=true
[6657]	101	101	-28	-10	-6	-10	det1=true
[6658]	88	103	-43	-12	-10	-2	det1=true
[6659]	103	103	-48	-32	-10	-2	det1=true
[6660]	17	105	-8	1	-5	-1	det1=true
[6661]	17	105	-9	1	-5	1	det1=true
[6662]	55	106	-12	3	-6	-7	det1=true
[6663]	55	106	-19	3	-6	7	det1=true
[6664]	95	106	-39	-19	-6	-9	det1=true
[6665]	95	106	-48	-19	-6	9	det1=true
[6666]	53	107	-6	3	-7	-6	det1=true
[6667]	65	107	-32	-18	-9	-1	det1=true
[6668]	65	107	-33	-18	-9	1	det1=true
[6669]	84	105	-29	1	-6	-9	det1=true
[6670]	84	105	-38	1	-6	9	det1=true
[6671]	100	105	-23	5	-10	-7	det1=true
[6672]	73	106	-24	-3	-10	3	det1=true
[6673]	94	106	-8	-5	-2	-12	det1=true
[6674]	94	106	-20	-5	-2	12	det1=true
[6675]	98	107	-24	-9	-12	2	det1=true
[6676]	76	108	-36	5	-10	-2	det1=true
[6677]	76	108	-38	5	-10	2	det1=true
[6678]	82	108	-14	-15	-2	-11	det1=true
[6679]	82	108	-25	-15	-2	11	det1=true
[6680]	87	108	-12	-7	-4	-11	det1=true
[6681]	87	108	-23	-7	-4	11	det1=true
[6682]	97	105	-44	-16	-10	-4	det1=true
[6683]	97	105	-41	-19	-4	-10	det1=true
[6684]	97	105	-51	-19	-4	10	det1=true
[6685]	97	105	-40	-30	-3	-10	det1=true
[6686]	42	106	-7	-7	-1	-8	det1=true
[6687]	42	106	-15	-7	-1	8	det1=true
[6688]	72	106	-22	-7	-2	-10	det1=true
[6689]	72	106	-32	-7	-2	10	det1=true
[6690]	73	106	-21	-3	-10	-3	det1=true
[6691]	97	106	-41	-38	-6	-8	det1=true
[6692]	97	106	-49	-38	-6	8	det1=true
[6693]	58	107	-14	-5	-8	-5	det1=true
[6694]	58	107	-19	-5	-8	5	det1=true
[6695]	74	107	-21	-24	-1	-10	det1=true
[6696]	74	107	-31	-24	-1	10	det1=true
[6697]	79	107	-24	-1	-9	-6	det1=true
[6698]	79	107	-30	-1	-9	6	det1=true
[6699]	95	107	-34	-6	-3	-11	det1=true
[6700]	40	108	-3	-1	-7	-4	det1=true
[6701]	67	108	-17	-10	-1	-10	det1=true
[6702]	67	108	-27	-10	-1	10	det1=true
[6703]	93	108	-29	-12	-11	4	det1=true
[6704]	49	105	-13	0	-5	-7	det1=true
[6705]	49	105	-20	0	-5	7	det1=true
[6706]	63	105	-20	-12	-8	-5	det1=true
[6707]	63	105	-25	-12	-8	5	det1=true
[6708]	73	105	-30	4	-8	-6	det1=true
[6709]	73	105	-36	4	-8	6	det1=true
[6710]	87	105	-36	-8	-8	-7	det1=true
[6711]	97	105	-14	-4	-10	-7	det1=true
[6712]	97	105	-21	-4	-10	7	det1=true
[6713]	56	106	-13	1	-5	8	det1=true
[6714]	63	106	-22	-11	-8	-5	det1=true
[6715]	63	106	-27	-11	-8	5	det1=true
[6716]	70	106	-26	-29	-2	-9	det1=true
[6717]	70	106	-35	-29	-2	9	det1=true
[6718]	73	106	-33	-21	-8	-5	det1=true
[6719]	73	106	-38	-21	-8	5	det1=true
[6720]	74	106	-33	-11	-9	-4	det1=true
[6721]	80	106	-31	-27	-4	-9	det1=true
[6722]	80	106	-40	-27	-4	9	det1=true
[6723]	72	107	-23	-8	-2	-10	det1=true
[6724]	72	107	-33	-8	-2	10	det1=true
[6725]	82	107	-32	-21	-10	3	det1=true
[6726]	89	107	-21	-15	-3	-11	det1=true
[6727]	89	107	-32	-15	-3	11	det1=true
[6728]	92	107	-27	4	-10	-6	det1=true
[6729]	95	107	-33	-11	-7	-9	det1=true
[6730]	101	107	-44	3	-9	-7	det1=true
[6731]	107	107	-50	-30	-8	-7	det1=true
[6732]	55	108	-5	0	-5	-8	det1=true
[6733]	55	108	-13	0	-5	8	det1=true
[6734]	60	108	-21	1	-5	-8	det1=true
[6735]	69	108	0	1	-8	-7	det1=true
[6736]	69	108	-7	1	-8	7	det1=true
[6737]	71	108	-32	-21	-8	-5	det1=true
[6738]	71	108	-37	-21	-8	5	det1=true
[6739]	90	108	-29	-19	-11	-2	det1=true
[6740]	90	108	-31	-19	-11	2	det1=true
[6741]	93	108	-25	-12	-11	-4	det1=true
[6742]	97	108	-37	-23	-11	-2	det1=true
[6743]	105	108	-81	-14	-5	-6	det1=true
[6744]	45	105	-24	-14	-5	6	det1=true
[6745]	64	105	-6	-1	-10	-1	det1=true
[6746]	85	105	-31	1	-4	-10	det1=true
[6747]	85	105	-41	1	-4	10	det1=true
[6748]	97	105	-48	-16	-10	4	det1=true
[6749]	91	106	-13	-1	-9	8	det1=true
[6750]	95	106	-12	-7	-12	-2	det1=true
[6751]	46	107	-14	-11	-8	-2	det1=true
[6752]	46	107	-16	-11	-8	2	det1=true
[6753]	47	107	-7	-5	-7	-5	det1=true
[6754]	47	107	-12	-5	-7	5	det1=true
[6755]	77	107	-20	-12	-8	-7	det1=true
[6756]	82	107	-29	-21	-10	-3	det1=true
[6757]	93	107	-15	-2	-8	-9	det1=true
[6758]	93	107	-24	-2	-8	9	det1=true
[6759]	95	107	-42	-11	-7	9	det1=true
[6760]	98	107	-29	-3	-12	-1	det1=true
[6761]	98	107	-30	-3	-12	1	det1=true
[6762]	104	107	-27	-14	-7	-10	det1=true
[6763]	104	107	-37	-14	-7	10	det1=true
[6764]	62	108	-25	1	-5	-8	det1=true
[6765]	62	108	-33	1	-5	8	det1=true
[6766]	75	108	-16	-13	-8	-7	det1=true
[6767]	97	108	-39	-23	-11	2	det1=true
[6768]	108	108	-37	-5	-12	-3	det1=true
[6769]	108	108	-40	-5	-12	3	det1=true
[6770]	87	105	-43	-8	-8	7	det1=true
[6771]	50	106	-13	-13	-3	-8	det1=true
[6772]	50	106	-21	-13	-3	8	det1=true
[6773]	65	106	-14	-1	-8	-6	det1=true
[6774]	65	106	-20	-1	-8	6	det1=true
[6775]	83	106	-28	-7	-4	-10	det1=true
[6776]	83	106	-38	-7	-4	10	det1=true
[6777]	86	106	-33	-1	-6	-9	det1=true
[6778]	88	106	-45	-8	-4	10	det1=true
[6779]	103	106	-17	0	-12	-4	det1=true
[6780]	98	107	-22	-9	-12	-2	det1=true
[6781]	61	108	-31	0	-5	8	det1=true
[6782]	75	108	-23	-13	-8	7	det1=true
[6783]	76	108	-19	-1	-9	-6	det1=true
[6784]	76	108	-25	-1	-9	6	det1=true
[6785]	97	105	-50	-30	-3	10	det1=true
[6786]	56	106	-5	1	-5	-8	det1=true
[6787]	76	106	-26	-15	-2	-10	det1=true
[6788]	94	106	-13	0	-12	-2	det1=true
[6789]	94	106	-15	0	-12	2	det1=true
[6790]	100	106	-32	3	-12	-1	det1=true
[6791]	100	106	-33	3	-12	1	det1=true
[6792]	102	106	-25	-1	-12	-3	det1=true
[6793]	82	107	-29	-3	-9	-6	det1=true
[6794]	82	107	-35	-3	-9	6	det1=true
[6795]	88	108	-36	-31	-10	-2	det1=true
[6796]	88	108	-38	-31	-10	2	det1=true
[6797]	85	105	-32	2	-9	-6	det1=true
[6798]	85	105	-38	2	-9	6	det1=true
[6799]	79	106	-37	-27	-8	-5	det1=true
[6800]	79	106	-42	-27	-8	5	det1=true
[6801]	91	107	-28	-8	-7	-9	det1=true
[6802]	47	108	-19	-16	-1	-8	det1=true
[6803]	102	106	-28	-1	-12	3	det1=true
[6804]	80	107	-39	-6	-10	-2	det1=true
[6805]	46	106	-21	-5	-7	-4	det1=true
[6806]	46	106	-25	-5	-7	4	det1=true
[6807]	91	107	-22	-8	-10	-6	det1=true
[6808]	91	107	-28	-8	-10	6	det1=true
[6809]	107	108	-38	-1	-10	-7	det1=true
[6810]	107	108	-45	-1	-10	7	det1=true
[6811]	59	105	-16	4	-8	-5	det1=true
[6812]	105	105	-30	-26	-11	-4	det1=true
[6813]	81	107	-36	-5	-5	-9	det1=true
[6814]	97	107	-46	-28	-9	-5	det1=true
[6815]	106	106	-75	-18	-7	6	det1=true
[6816]	78	105	-13	-11	-9	-6	det1=true
[6817]	90	109	-43	-33	-9	-4	det1=true
[6818]	90	109	-47	-33	-9	4	det1=true
[6819]	109	109	-40	-28	-10	-6	det1=true
[6820]	109	109	-46	-28	-10	6	det1=true
[6821]	39	112	-5	-3	-1	-8	det1=true
[6822]	43	109	-18	0	-7	-4	det1=true
[6823]	43	109	-22	0	-7	4	det1=true
[6824]	52	109	-3	-3	-6	-7	det1=true
[6825]	52	109	-10	-3	-6	7	det1=true
[6826]	61	109	-2	4	-10	-1	det1=true
[6827]	61	109	-3	4	-10	1	det1=true
[6828]	74	109	-33	-8	-6	-8	det1=true
[6829]	77	109	-31	-8	-10	-3	det1=true
[6830]	77	109	-34	-8	-10	3	det1=true
[6831]	32	110	-8	3	-6	-4	det1=true
[6832]	89	110	-1	-2	-2	-12	det1=true
[6833]	89	110	-13	-2	-2	12	det1=true
[6834]	94	111	-40	-11	-2	-11	det1=true
[6835]	94	111	-51	-11	-2	11	det1=true
[6836]	70	112	-12	-9	-8	-7	det1=true
[6837]	70	112	-19	-9	-8	7	det1=true
[6838]	65	109	-18	-2	-6	-8	det1=true
[6839]	65	109	-26	-2	-6	8	det1=true
[6840]	95	109	-27	-2	-12	-1	det1=true
[6841]	95	109	-28	-2	-12	1	det1=true
[6842]	54	110	-5	0	-5	-8	det1=true
[6843]	54	110	-13	0	-5	8	det1=true
[6844]	73	110	-29	-21	-4	-9	det1=true
[6845]	73	110	-38	-21	-4	9	det1=true
[6846]	100	110	-41	-6	-10	-6	det1=true
[6847]	100	110	-47	-6	-10	6	det1=true
[6848]	110	110	-87	-9	-8	-1	det1=true
[6849]	110	110	-88	-9	-8	1	det1=true
[6850]	82	111	-23	-12	-11	-2	det1=true
[6851]	82	111	-25	-12	-11	2	det1=true
[6852]	97	111	-25	4	-12	-3	det1=true
[6853]	99	111	-34	-37	-1	-11	det1=true
[6854]	99	111	-45	-37	-1	11	det1=true
[6855]	101	111	-4	3	-13	-1	det1=true
[6856]	53	112	-5	1	-5	-8	det1=true
[6857]	53	112	-13	1	-5	8	det1=true
[6858]	60	112	-8	3	-6	-8	det1=true
[6859]	78	109	-33	-7	-10	-3	det1=true
[6860]	78	109	-36	-7	-10	3	det1=true
[6861]	95	109	0	2	-6	-11	det1=true
[6862]	95	109	-11	2	-6	11	det1=true
[6863]	97	110	-24	1	-6	11	det1=true
[6864]	101	110	-23	-5	-11	-6	det1=true
[6865]	101	110	-29	-5	-11	6	det1=true
[6866]	106	110	-32	-21	-2	-12	det1=true
[6867]	64	111	-7	-10	-2	-10	det1=true
[6868]	74	111	-23	-5	-8	-7	det1=true
[6869]	74	111	-30	-5	-8	7	det1=true
[6870]	111	111	-46	-38	-11	-2	det1=true
[6871]	111	111	-48	-38	-11	2	det1=true
[6872]	57	112	-19	1	-5	-8	det1=true
[6873]	26	109	-7	-5	-5	-4	det1=true
[6874]	26	109	-11	-5	-5	4	det1=true
[6875]	49	109	-15	-9	-5	-7	det1=true
[6876]	73	109	-30	-12	-6	-8	det1=true
[6877]	73	109	-38	-12	-6	8	det1=true
[6878]	91	109	-5	-2	-10	-7	det1=true
[6879]	56	110	-15	3	-8	-5	det1=true
[6880]	56	110	-20	3	-8	5	det1=true
[6881]	102	110	-28	-31	-4	-11	det1=true
[6882]	49	111	-18	-8	-5	-7	det1=true
[6883]	98	111	-41	1	-11	-4	det1=true
[6884]	98	111	-45	1	-11	4	det1=true
[6885]	89	112	-37	-22	-4	-10	det1=true
[6886]	89	112	-47	-22	-4	10	det1=true
[6887]	100	112	-36	-21	-6	-10	det1=true
[6888]	100	112	-46	-21	-6	10	det1=true
[6889]	103	112	-35	-17	-8	-9	det1=true
[6890]	103	112	-44	-17	-8	9	det1=true
[6891]	111	112	-27	-10	-13	-2	det1=true
[6892]	32	109	2	1	-2	-7	det1=true
[6893]	32	109	-5	1	-2	7	det1=true
[6894]	103	109	-23	-3	-12	-4	det1=true
[6895]	103	109	-27	-3	-12	4	det1=true
[6896]	71	110	-13	-6	-7	-8	det1=true
[6897]	84	110	-9	-5	-11	-4	det1=true
[6898]	84	110	-13	-5	-11	4	det1=true
[6899]	93	110	-42	-23	-8	-7	det1=true
[6900]	93	110	-49	-23	-8	7	det1=true
[6901]	64	111	-17	-10	-2	10	det1=true
[6902]	101	111	2	-3	-1	-13	det1=true
[6903]	103	111	-10	-3	-11	-7	det1=true
[6904]	103	111	-17	-3	-11	7	det1=true
[6905]	111	111	-35	-13	-7	11	det1=true
[6906]	111	111	-6	-2	-11	-8	det1=true
[6907]	111	111	-14	-2	-11	8	det1=true
[6908]	81	112	-33	2	-4	-10	det1=true
[6909]	81	112	-43	2	-4	10	det1=true
[6910]	95	112	-38	1	-10	-6	det1=true
[6911]	95	112	-44	1	-10	6	det1=true
[6912]	107	112	-17	-16	-5	-12	det1=true
[6913]	107	112	-29	-16	-5	12	det1=true
[6914]	63	109	-8	-7	-1	-10	det1=true
[6915]	63	109	-18	-7	-1	10	det1=true
[6916]	74	109	-27	-20	-6	-8	det1=true
[6917]	109	109	-38	-14	-10	-7	det1=true
[6918]	102	110	-41	-5	-4	-11	det1=true
[6919]	102	110	-52	-5	-4	11	det1=true
[6920]	103	111	-8	-5	-7	-11	det1=true
[6921]	103	111	-19	-5	-7	11	det1=true
[6922]	111	111	-24	-13	-7	-11	det1=true
[6923]	61	112	-28	-3	-8	-5	det1=true
[6924]	61	112	-33	-3	-8	5	det1=true
[6925]	109	112	-28	-15	-10	-8	det1=true
[6926]	109	112	-36	-15	-10	8	det1=true
[6927]	74	109	-33	-17	-9	-4	det1=true
[6928]	86	109	-41	-15	-10	-3	det1=true
[6929]	86	109	-44	-15	-10	3	det1=true
[6930]	94	109	-26	3	-12	-1	det1=true
[6931]	94	109	-27	3	-12	1	det1=true
[6932]	96	109	-22	1	-10	-7	det1=true
[6933]	96	109	-29	1	-10	7	det1=true
[6934]	103	109	-36	-38	-1	-11	det1=true
[6935]	103	109	-47	-38	-1	11	det1=true
[6936]	87	110	-15	-11	-11	-4	det1=true
[6937]	87	110	-19	-11	-11	4	det1=true
[6938]	64	111	-11	-6	-10	-2	det1=true
[6939]	64	111	-13	-6	-10	2	det1=true
[6940]	95	111	-26	-6	-9	-8	det1=true
[6941]	96	109	-40	-39	-2	-10	det1=true
[6942]	96	109	-50	-39	-2	10	det1=true
[6943]	71	109	-18	-5	-3	-10	det1=true
[6944]	71	109	-28	-5	-3	10	det1=true
[6945]	86	112	-22	-3	-10	-6	det1=true
[6946]	88	111	0	1	-2	-12	det1=true
[6947]	85	111	-37	-20	-1	11	det1=true
[6948]	69	112	-5	2	-4	-10	det1=true
[6949]	69	112	-15	2	-4	10	det1=true
[6950]	106	109	-45	-38	-7	-8	det1=true
[6951]	85	111	-26	-20	-1	-11	det1=true
[6952]	62	110	-27	0	-5	-8	det1=true
[6953]	62	110	-35	0	-5	8	det1=true
[6954]	55	111	-10	-5	-5	-8	det1=true
[6955]	55	111	-18	-5	-5	8	det1=true
[6956]	10	113	-1	-1	-1	-4	det1=true
[6957]	10	113	-5	-1	-1	4	det1=true
[6958]	59	116	-27	-7	-8	-5	det1=true
[6959]	101	113	-30	-6	-3	-12	det1=true
[6960]	101	113	-42	-6	-3	12	det1=true
[6961]	94	114	-45	-14	-11	-2	det1=true
[6962]	94	114	-47	-14	-11	2	det1=true
[6963]	39	115	-2	2	-8	-2	det1=true
[6964]	39	115	-4	2	-8	2	det1=true
[6965]	115	115	-44	-24	-10	8	det1=true
[6966]	98	116	-40	-19	-10	-6	det1=true
[6967]	101	113	-27	-25	-5	-11	det1=true
[6968]	113	113	-53	-5	-12	-2	det1=true
[6969]	113	113	-55	-5	-12	2	det1=true
[6970]	113	113	-40	-16	-12	-4	det1=true
[6971]	113	113	-44	-16	-12	4	det1=true
[6972]	56	114	-19	1	-5	-8	det1=true
[6973]	108	114	-53	-3	-10	7	det1=true
[6974]	73	115	-30	-27	-9	-4	det1=true
[6975]	73	115	-34	-27	-9	4	det1=true
[6976]	77	115	-28	1	-11	-1	det1=true
[6977]	77	115	-29	1	-11	1	det1=true
[6978]	90	115	-30	-7	-4	-11	det1=true
[6979]	90	115	-41	-7	-4	11	det1=true
[6980]	96	115	-21	4	-8	10	det1=true
[6981]	57	116	-2	3	-6	-8	det1=true
[6982]	57	116	-10	3	-6	8	det1=true
[6983]	98	116	-46	-19	-10	6	det1=true
[6984]	107	116	-54	-3	-10	7	det1=true
[6985]	95	113	-46	-12	-11	-2	det1=true
[6986]	95	113	-48	-12	-11	2	det1=true
[6987]	70	114	-19	-1	-7	-8	det1=true
[6988]	70	114	-27	-1	-7	8	det1=true
[6989]	92	114	-16	-5	-12	-3	det1=true
[6990]	107	115	-44	-28	-6	-10	det1=true
[6991]	107	115	-54	-28	-6	10	det1=true
[6992]	102	116	-37	-11	-12	-3	det1=true
[6993]	57	113	-20	-1	-5	-8	det1=true
[6994]	57	113	-28	-1	-5	8	det1=true
[6995]	56	114	-21	-11	-2	-9	det1=true
[6996]	15	115	-1	-1	-1	-5	det1=true
[6997]	15	115	-6	-1	-1	5	det1=true
[6998]	102	115	-46	-39	-8	-7	det1=true
[6999]	102	115	-53	-39	-8	7	det1=true
[7000]	87	116	-4	5	-12	-3	det1=true
[7001]	84	113	-33	-37	-1	-10	det1=true
[7002]	84	113	-43	-37	-1	10	det1=true
[7003]	89	113	-11	-2	-10	-7	det1=true
[7004]	89	113	-18	-2	-10	7	det1=true
[7005]	101	113	-38	-25	-5	11	det1=true
[7006]	50	114	-7	3	-6	-7	det1=true
[7007]	50	114	-14	3	-6	7	det1=true
[7008]	85	115	-36	-24	-8	-7	det1=true
[7009]	85	115	-43	-24	-8	7	det1=true
[7010]	109	115	-35	2	-12	-5	det1=true
[7011]	109	115	-40	2	-12	5	det1=true
[7012]	115	115	-39	-10	-11	-7	det1=true
[7013]	108	116	-35	3	-12	-5	det1=true
[7014]	108	116	-40	3	-12	5	det1=true
[7015]	59	113	-12	-2	-4	-9	det1=true
[7016]	113	113	-59	-15	-5	11	det1=true
[7017]	103	114	-15	-4	-13	-2	det1=true
[7018]	103	114	-17	-4	-13	2	det1=true
[7019]	70	113	-33	-13	-9	-4	det1=true
[7020]	31	115	-6	-2	-7	-2	det1=true
[7021]	31	115	-8	-2	-7	2	det1=true
[7022]	76	115	-18	-5	-10	-5	det1=true
[7023]	104	115	-43	5	-10	-7	det1=true
[7024]	41	114	-15	-7	-7	-4	det1=true
[7025]	41	114	-19	-7	-7	4	det1=true
[7026]	116	116	-26	-31	-2	-13	det1=true
[7027]	103	115	-43	-20	-4	-11	det1=true
[7028]	103	115	-54	-20	-4	11	det1=true
[7029]	110	116	-39	-29	-10	-7	det1=true
[7030]	110	116	-46	-29	-10	7	det1=true
[7031]	88	114	-28	3	-6	-10	det1=true
[7032]	43	115	-5	0	-5	-7	det1=true
[7033]	43	115	-12	0	-5	7	det1=true
[7034]	104	113	-51	-42	-10	-2	det1=true
[7035]	104	113	-53	-42	-10	2	det1=true
[7036]	82	115	-39	-6	-10	-4	det1=true
[7037]	116	116	-45	-42	-10	-6	det1=true
[7038]	116	116	-51	-42	-10	6	det1=true
[7039]	67	117	-25	-13	-10	-2	det1=true
[7040]	115	119	-44	-4	-7	-11	det1=true
[7041]	115	119	-55	-4	-7	11	det1=true
[7042]	62	118	-20	-1	-10	-2	det1=true
[7043]	103	120	-35	-22	-8	10	det1=true
[7044]	59	117	-7	5	-10	-2	det1=true
[7045]	59	117	-9	5	-10	2	det1=true
[7046]	66	118	-24	-13	-10	-2	det1=true
[7047]	110	118	-49	-20	-1	-12	det1=true
[7048]	111	119	-41	-15	-10	-8	det1=true
[7049]	61	120	-21	-14	-2	10	det1=true
[7050]	67	117	-29	-5	-10	-2	det1=true
[7051]	67	117	-31	-5	-10	2	det1=true
[7052]	97	117	-18	-4	-10	-8	det1=true
[7053]	78	118	-27	-25	-7	-8	det1=true
[7054]	85	119	-39	-13	-9	7	det1=true
[7055]	90	119	-25	-5	-10	-7	det1=true
[7056]	71	120	-7	-11	-2	-11	det1=true
[7057]	99	117	-7	-4	-2	-13	det1=true
[7058]	99	117	-20	-4	-2	13	det1=true
[7059]	62	118	-22	-1	-10	2	det1=true
[7060]	85	119	-32	-13	-9	-7	det1=true
[7061]	107	119	-18	0	-8	-11	det1=true
[7062]	115	120	-47	-29	-3	-12	det1=true
[7063]	115	120	-59	-29	-3	12	det1=true
[7064]	73	117	-17	-3	-1	-11	det1=true
[7065]	119	119	-53	-36	-12	-1	det1=true
[7066]	115	118	-53	-5	-11	-6	det1=true
[7067]	56	120	-20	-15	-8	-5	det1=true
[7068]	56	120	-25	-15	-8	5	det1=true
[7069]	114	117	-23	-15	-8	-11	det1=true
[7070]	106	117	-11	2	-11	-8	det1=true
[7071]	97	121	-33	-21	-2	-12	det1=true
[7072]	103	122	-28	1	-2	-13	det1=true
[7073]	122	122	-45	-42	-11	-6	det1=true
[7074]	122	122	-51	-42	-11	6	det1=true
[7075]	101	123	-41	-25	-11	-5	det1=true
[7076]	115	124	-31	-24	-11	-8	det1=true
[7077]	115	124	-39	-24	-11	8	det1=true
[7078]	62	122	-21	1	-10	3	det1=true
[7079]	79	124	-28	-15	-6	10	det1=true
[7080]	109	124	-13	-6	-14	-2	det1=true
[7081]	111	124	-47	-10	-13	2	det1=true
[7082]	124	124	-67	-23	-8	-9	det1=true
[7083]	124	124	-76	-23	-8	9	det1=true
[7084]	101	123	-46	-25	-11	5	det1=true
[7085]	49	124	-22	-9	-6	7	det1=true
[7086]	53	121	-25	-16	-6	7	det1=true
[7087]	81	121	-8	-4	-11	-5	det1=true
[7088]	81	121	-13	-4	-11	5	det1=true
[7089]	88	121	-29	2	-12	-2	det1=true
[7090]	88	121	-31	2	-12	2	det1=true
[7091]	89	121	-32	-18	-2	12	det1=true
[7092]	111	121	-48	-17	-11	-6	det1=true
[7093]	82	122	-16	-3	-8	-9	det1=true
[7094]	94	122	-36	5	-12	-3	det1=true
[7095]	122	122	-25	-18	-3	-14	det1=true
[7096]	122	122	-39	-18	-3	14	det1=true
[7097]	91	123	-34	-24	-6	-10	det1=true
[7098]	55	124	-8	-7	-6	-8	det1=true
[7099]	94	121	-33	-8	-7	-10	det1=true
[7100]	107	124	-44	-41	-10	-6	det1=true
[7101]	89	121	-20	-18	-2	-12	det1=true
[7102]	103	123	-47	-7	-8	10	det1=true
[7103]	81	121	-5	-7	-5	-11	det1=true
[7104]	88	121	-24	-3	-2	-12	det1=true
[7105]	88	121	-36	-3	-2	12	det1=true
[7106]	118	121	-49	-38	-2	-12	det1=true
[7107]	107	122	-19	-13	-8	-11	det1=true
[7108]	87	121	-27	-2	-11	-5	det1=true
[7109]	87	121	-32	-2	-11	5	det1=true
[7110]	112	123	-29	-19	-13	-4	det1=true
[7111]	115	121	-8	-13	-3	-14	det1=true
[7112]	122	122	-45	-36	-8	-10	det1=true
[7113]	95	123	-42	-37	-1	-11	det1=true
[7114]	111	123	-50	-50	-1	-11	det1=true
[7115]	115	127	-52	-14	-13	-2	det1=true
[7116]	53	127	-25	-6	-9	-3	det1=true
[7117]	53	127	-28	-6	-9	3	det1=true
[7118]	49	125	-20	-11	-1	-9	det1=true
[7119]	49	125	-29	-11	-1	9	det1=true
[7120]	29	128	-11	-3	-2	-7	det1=true
[7121]	109	128	-32	5	-12	-7	det1=true
[7122]	116	126	-24	7	-14	-4	det1=true
[7123]	74	128	-20	5	-10	-6	det1=true
[7124]	100	127	-45	-3	-11	-6	det1=true
[7125]	125	131	-56	-6	-12	-7	det1=true
[7126]	129	129	-44	-8	-4	-14	det1=true
[7127]	128	131	-31	-20	-14	6	det1=true
[7128]	131	131	-54	-16	-2	-14	det1=true
[7129]	128	131	-25	-20	-14	-6	det1=true
[7130]	88	132	-29	-27	-9	-8	det1=true
[7131]	77	129	-30	-25	-1	-11	det1=true
[7132]	64	129	-28	-19	-10	-2	det1=true
[7133]	123	129	-21	1	-14	-6	det1=true
[7134]	125	131	-47	-25	-5	-13	det1=true
[7135]	73	129	-24	-4	-7	-9	det1=true
[7136]	131	131	0	0	-2	-16	det1=true
[7137]	131	131	0	0	-8	-14	det1=true
[7138]	10	132	0	1	-2	-4	det1=true
[7139]	10	132	-4	1	-2	4	det1=true
[7140]	20	132	0	1	-2	-6	det1=true
[7141]	34	132	0	1	-2	-8	det1=true
[7142]	52	132	0	1	-2	-10	det1=true
[7143]	52	132	-10	1	-2	10	det1=true
[7144]	100	132	0	1	-2	-14	det1=true
[7145]	109	136	0	3	-12	-9	det1=true
[7146]	111	136	-32	7	-14	-4	det1=true
[7147]	99	135	-27	-8	-8	-11	det1=true
[7148]	99	135	-38	-8	-8	11	det1=true
[7149]	122	133	-55	-54	-1	-12	det1=true
[7150]	20	134	-6	3	-6	-2	det1=true
[7151]	20	134	-8	3	-6	2	det1=true
[7152]	58	134	-10	5	-10	-4	det1=true
[7153]	58	134	-14	5	-10	4	det1=true
[7154]	68	134	-10	5	-10	-6	det1=true
[7155]	56	137	-23	-6	-2	-10	det1=true
[7156]	135	139	-58	-2	-12	-9	det1=true
[7157]	103	139	-45	-16	-2	-13	det1=true
[7158]	134	139	-57	-1	-12	-9	det1=true
[7159]	76	137	-35	0	-10	-6	det1=true
[7160]	45	139	-13	-4	-3	-9	det1=true
[7161]	17	137	-7	-2	-5	-3	det1=true
[7162]	137	137	-20	-8	-4	-16	det1=true
[7163]	50	138	-14	3	-6	-8	det1=true
[7164]	26	139	-11	-2	-6	-4	det1=true
[7165]	110	142	-49	-36	-5	-12	det1=true
[7166]	137	143	-39	-29	-13	-9	det1=true
[7167]	143	143	-56	-32	-6	-14	det1=true
[7168]	112	148	-55	-10	-14	-2	det1=true
[7169]	108	148	-20	3	-6	-14	det1=true
[7170]	50	145	-21	-4	-6	-8	det1=true
[7171]	50	145	-29	-4	-6	8	det1=true
[7172]	145	145	-28	-20	-6	-16	det1=true
[7173]	137	150	-47	5	-10	-13	det1=true
