p = 167
order basis: [1, i, (i+j)/2, (1+ij)/2]
classes = 1978, targetH = 1978
used: Amax=120, Astart=1, Astep=dynamic, depth=0, bacher_depth=0, rep_order=small_bound, process_new_order=small_bound, LLL_reduced_packets=true
timing(s): total=132329.84 enum=47389.52 packets=6.37 reduce=53.76 merge=84852.99 setup=444.76 iso=80.2
checks: packet_checked=483542 packet_merged=325711 f1_checked=117140426 f1_merged=326607 f1_classes=1082 slow_count=4 candidates=333415
bounds: old_min=84 old_median=8484 old_max=10080 new_min=14 new_median=22 new_max=84
# Each line: u v w x y z  |  [ u (w,x,y,z) ; conj(a) v ]  | det=1?
[1] 1 1 0 0 0 0  |  [ 1  (0,0,0,0) ; (0,0,0,0)  1 ]  | det=1? true
[2] 7 7 -2 0 0 -1  |  [ 7  (-2,0,0,-1) ; (-3,0,0,1)  7 ]  | det=1? true
[3] 7 7 -2 -1 -1 0  |  [ 7  (-2,-1,-1,0) ; (-2,1,1,0)  7 ]  | det=1? true
[4] 7 8 -3 -1 0 -1  |  [ 7  (-3,-1,0,-1) ; (-4,1,0,1)  8 ]  | det=1? true
[5] 8 8 -3 -3 0 -1  |  [ 8  (-3,-3,0,-1) ; (-4,3,0,1)  8 ]  | det=1? true
[6] 5 9 -1 0 0 -1  |  [ 5  (-1,0,0,-1) ; (-2,0,0,1)  9 ]  | det=1? true
[7] 6 9 -3 -1 -1 0  |  [ 6  (-3,-1,-1,0) ; (-3,1,1,0)  9 ]  | det=1? true
[8] 5 10 -2 -1 0 -1  |  [ 5  (-2,-1,0,-1) ; (-3,1,0,1)  10 ]  | det=1? true
[9] 4 11 -1 0 -1 0  |  [ 4  (-1,0,-1,0) ; (-1,0,1,0)  11 ]  | det=1? true
[10] 9 11 -4 -1 -1 1  |  [ 9  (-4,-1,-1,1) ; (-3,1,1,-1)  11 ]  | det=1? true
[11] 11 11 -5 -2 -1 -1  |  [ 11  (-5,-2,-1,-1) ; (-6,2,1,1)  11 ]  | det=1? true
[12] 11 11 -6 -2 -1 1  |  [ 11  (-6,-2,-1,1) ; (-5,2,1,-1)  11 ]  | det=1? true
[13] 9 11 -3 -1 -1 -1  |  [ 9  (-3,-1,-1,-1) ; (-4,1,1,1)  11 ]  | det=1? true
[14] 13 13 0 0 0 -2  |  [ 13  (0,0,0,-2) ; (-2,0,0,2)  13 ]  | det=1? true
[15] 7 13 -2 0 -1 -1  |  [ 7  (-2,0,-1,-1) ; (-3,0,1,1)  13 ]  | det=1? true
[16] 7 13 -3 0 -1 1  |  [ 7  (-3,0,-1,1) ; (-2,0,1,-1)  13 ]  | det=1? true
[17] 13 13 -8 -3 -1 -1  |  [ 13  (-8,-3,-1,-1) ; (-9,3,1,1)  13 ]  | det=1? true
[18] 9 13 -5 -3 -1 1  |  [ 9  (-5,-3,-1,1) ; (-4,3,1,-1)  13 ]  | det=1? true
[19] 13 13 -6 -6 -1 -1  |  [ 13  (-6,-6,-1,-1) ; (-7,6,1,1)  13 ]  | det=1? true
[20] 15 15 -2 -2 -1 -2  |  [ 15  (-2,-2,-1,-2) ; (-4,2,1,2)  15 ]  | det=1? true
[21] 15 15 -4 -2 -1 2  |  [ 15  (-4,-2,-1,2) ; (-2,2,1,-2)  15 ]  | det=1? true
[22] 11 16 -2 -1 -2 0  |  [ 11  (-2,-1,-2,0) ; (-2,1,2,0)  16 ]  | det=1? true
[23] 13 16 -6 -1 -2 0  |  [ 13  (-6,-1,-2,0) ; (-6,1,2,0)  16 ]  | det=1? true
[24] 15 16 -5 1 -2 -1  |  [ 15  (-5,1,-2,-1) ; (-6,-1,2,1)  16 ]  | det=1? true
[25] 15 16 -6 1 -2 1  |  [ 15  (-6,1,-2,1) ; (-5,-1,2,-1)  16 ]  | det=1? true
[26] 14 15 0 1 -2 -1  |  [ 14  (0,1,-2,-1) ; (-1,-1,2,1)  15 ]  | det=1? true
[27] 16 16 -5 -3 -2 -1  |  [ 16  (-5,-3,-2,-1) ; (-6,3,2,1)  16 ]  | det=1? true
[28] 16 16 -6 -3 -2 1  |  [ 16  (-6,-3,-2,1) ; (-5,3,2,-1)  16 ]  | det=1? true
[29] 16 16 -6 -1 -2 -1  |  [ 16  (-6,-1,-2,-1) ; (-7,1,2,1)  16 ]  | det=1? true
[30] 3 15 -1 0 0 -1  |  [ 3  (-1,0,0,-1) ; (-2,0,0,1)  15 ]  | det=1? true
[31] 12 17 -5 0 0 -2  |  [ 12  (-5,0,0,-2) ; (-7,0,0,2)  17 ]  | det=1? true
[32] 12 18 -2 1 -2 -1  |  [ 12  (-2,1,-2,-1) ; (-3,-1,2,1)  18 ]  | det=1? true
[33] 12 18 -3 1 -2 1  |  [ 12  (-3,1,-2,1) ; (-2,-1,2,-1)  18 ]  | det=1? true
[34] 17 17 -6 -5 -1 -2  |  [ 17  (-6,-5,-1,-2) ; (-8,5,1,2)  17 ]  | det=1? true
[35] 13 18 -4 -1 -2 -1  |  [ 13  (-4,-1,-2,-1) ; (-5,1,2,1)  18 ]  | det=1? true
[36] 13 18 -5 -1 -2 1  |  [ 13  (-5,-1,-2,1) ; (-4,1,2,-1)  18 ]  | det=1? true
[37] 14 18 -6 1 -2 -1  |  [ 14  (-6,1,-2,-1) ; (-7,-1,2,1)  18 ]  | det=1? true
[38] 14 18 -7 1 -2 1  |  [ 14  (-7,1,-2,1) ; (-6,-1,2,-1)  18 ]  | det=1? true
[39] 10 17 -1 0 -2 0  |  [ 10  (-1,0,-2,0) ; (-1,0,2,0)  17 ]  | det=1? true
[40] 14 17 -3 -3 -1 -2  |  [ 14  (-3,-3,-1,-2) ; (-5,3,1,2)  17 ]  | det=1? true
[41] 15 18 -7 -1 -2 -1  |  [ 15  (-7,-1,-2,-1) ; (-8,1,2,1)  18 ]  | det=1? true
[42] 12 17 -6 1 -2 0  |  [ 12  (-6,1,-2,0) ; (-6,-1,2,0)  17 ]  | det=1? true
[43] 14 17 -5 -3 -1 2  |  [ 14  (-5,-3,-1,2) ; (-3,3,1,-2)  17 ]  | det=1? true
[44] 15 17 -4 -4 -1 -2  |  [ 15  (-4,-4,-1,-2) ; (-6,4,1,2)  17 ]  | det=1? true
[45] 15 17 -6 -4 -1 2  |  [ 15  (-6,-4,-1,2) ; (-4,4,1,-2)  17 ]  | det=1? true
[46] 14 18 -5 -2 -1 -2  |  [ 14  (-5,-2,-1,-2) ; (-7,2,1,2)  18 ]  | det=1? true
[47] 16 18 -7 -5 -2 1  |  [ 16  (-7,-5,-2,1) ; (-6,5,2,-1)  18 ]  | det=1? true
[48] 5 17 0 0 -1 -1  |  [ 5  (0,0,-1,-1) ; (-1,0,1,1)  17 ]  | det=1? true
[49] 17 17 -8 -5 -1 2  |  [ 17  (-8,-5,-1,2) ; (-6,5,1,-2)  17 ]  | det=1? true
[50] 14 18 -7 -2 -1 2  |  [ 14  (-7,-2,-1,2) ; (-5,2,1,-2)  18 ]  | det=1? true
[51] 16 18 -6 -5 -2 -1  |  [ 16  (-6,-5,-2,-1) ; (-7,5,2,1)  18 ]  | det=1? true
[52] 13 17 -2 -1 -1 -2  |  [ 13  (-2,-1,-1,-2) ; (-4,1,1,2)  17 ]  | det=1? true
[53] 13 17 -4 -1 -1 2  |  [ 13  (-4,-1,-1,2) ; (-2,1,1,-2)  17 ]  | det=1? true
[54] 11 19 -4 -4 0 -2  |  [ 11  (-4,-4,0,-2) ; (-6,4,0,2)  19 ]  | det=1? true
[55] 20 20 -9 -9 -1 -2  |  [ 20  (-9,-9,-1,-2) ; (-11,9,1,2)  20 ]  | det=1? true
[56] 14 19 -7 -6 -2 0  |  [ 14  (-7,-6,-2,0) ; (-7,6,2,0)  19 ]  | det=1? true
[57] 19 19 -4 0 -2 -2  |  [ 19  (-4,0,-2,-2) ; (-6,0,2,2)  19 ]  | det=1? true
[58] 19 19 -6 0 -2 2  |  [ 19  (-6,0,-2,2) ; (-4,0,2,-2)  19 ]  | det=1? true
[59] 18 20 -3 -2 -2 -2  |  [ 18  (-3,-2,-2,-2) ; (-5,2,2,2)  20 ]  | det=1? true
[60] 18 20 -5 -2 -2 2  |  [ 18  (-5,-2,-2,2) ; (-3,2,2,-2)  20 ]  | det=1? true
[61] 12 19 -3 -1 -1 -2  |  [ 12  (-3,-1,-1,-2) ; (-5,1,1,2)  19 ]  | det=1? true
[62] 12 19 -5 -1 -1 2  |  [ 12  (-5,-1,-1,2) ; (-3,1,1,-2)  19 ]  | det=1? true
[63] 13 19 -4 -3 -1 -2  |  [ 13  (-4,-3,-1,-2) ; (-6,3,1,2)  19 ]  | det=1? true
[64] 13 19 -6 -3 -1 2  |  [ 13  (-6,-3,-1,2) ; (-4,3,1,-2)  19 ]  | det=1? true
[65] 14 19 -5 -4 -1 -2  |  [ 14  (-5,-4,-1,-2) ; (-7,4,1,2)  19 ]  | det=1? true
[66] 14 19 -7 -4 -1 2  |  [ 14  (-7,-4,-1,2) ; (-5,4,1,-2)  19 ]  | det=1? true
[67] 12 20 -6 -5 -2 0  |  [ 12  (-6,-5,-2,0) ; (-6,5,2,0)  20 ]  | det=1? true
[68] 19 20 -5 -2 -2 -2  |  [ 19  (-5,-2,-2,-2) ; (-7,2,2,2)  20 ]  | det=1? true
[69] 19 20 -7 -2 -2 2  |  [ 19  (-7,-2,-2,2) ; (-5,2,2,-2)  20 ]  | det=1? true
[70] 20 20 -7 0 -2 -2  |  [ 20  (-7,0,-2,-2) ; (-9,0,2,2)  20 ]  | det=1? true
[71] 20 20 -6 -3 -2 -2  |  [ 20  (-6,-3,-2,-2) ; (-8,3,2,2)  20 ]  | det=1? true
[72] 20 20 -8 -3 -2 2  |  [ 20  (-8,-3,-2,2) ; (-6,3,2,-2)  20 ]  | det=1? true
[73] 16 19 -7 -5 -1 -2  |  [ 16  (-7,-5,-1,-2) ; (-9,5,1,2)  19 ]  | det=1? true
[74] 16 19 -9 -5 -1 2  |  [ 16  (-9,-5,-1,2) ; (-7,5,1,-2)  19 ]  | det=1? true
[75] 11 20 -2 -1 -2 -1  |  [ 11  (-2,-1,-2,-1) ; (-3,1,2,1)  20 ]  | det=1? true
[76] 11 20 -3 -1 -2 1  |  [ 11  (-3,-1,-2,1) ; (-2,1,2,-1)  20 ]  | det=1? true
[77] 12 20 -5 1 -2 -1  |  [ 12  (-5,1,-2,-1) ; (-6,-1,2,1)  20 ]  | det=1? true
[78] 12 20 -6 1 -2 1  |  [ 12  (-6,1,-2,1) ; (-5,-1,2,-1)  20 ]  | det=1? true
[79] 17 20 -1 0 -2 -2  |  [ 17  (-1,0,-2,-2) ; (-3,0,2,2)  20 ]  | det=1? true
[80] 17 20 -3 0 -2 2  |  [ 17  (-3,0,-2,2) ; (-1,0,2,-2)  20 ]  | det=1? true
[81] 21 21 -8 1 -3 0  |  [ 21  (-8,1,-3,0) ; (-8,-1,3,0)  21 ]  | det=1? true
[82] 20 21 -6 -5 -2 -2  |  [ 20  (-6,-5,-2,-2) ; (-8,5,2,2)  21 ]  | det=1? true
[83] 20 21 -8 -5 -2 2  |  [ 20  (-8,-5,-2,2) ; (-6,5,2,-2)  21 ]  | det=1? true
[84] 21 21 -8 -4 -2 -2  |  [ 21  (-8,-4,-2,-2) ; (-10,4,2,2)  21 ]  | det=1? true
[85] 21 21 -10 -4 -2 2  |  [ 21  (-10,-4,-2,2) ; (-8,4,2,-2)  21 ]  | det=1? true
[86] 18 22 -5 -4 -2 -2  |  [ 18  (-5,-4,-2,-2) ; (-7,4,2,2)  22 ]  | det=1? true
[87] 18 22 -7 -4 -2 2  |  [ 18  (-7,-4,-2,2) ; (-5,4,2,-2)  22 ]  | det=1? true
[88] 11 21 -3 -2 -2 -1  |  [ 11  (-3,-2,-2,-1) ; (-4,2,2,1)  21 ]  | det=1? true
[89] 11 21 -4 -2 -2 1  |  [ 11  (-4,-2,-2,1) ; (-3,2,2,-1)  21 ]  | det=1? true
[90] 12 21 -5 -2 -1 -2  |  [ 12  (-5,-2,-1,-2) ; (-7,2,1,2)  21 ]  | det=1? true
[91] 12 21 -7 -2 -1 2  |  [ 12  (-7,-2,-1,2) ; (-5,2,1,-2)  21 ]  | det=1? true
[92] 19 21 -7 1 -2 -2  |  [ 19  (-7,1,-2,-2) ; (-9,-1,2,2)  21 ]  | det=1? true
[93] 20 21 -8 -1 -2 -2  |  [ 20  (-8,-1,-2,-2) ; (-10,1,2,2)  21 ]  | det=1? true
[94] 21 21 -4 0 -3 -1  |  [ 21  (-4,0,-3,-1) ; (-5,0,3,1)  21 ]  | det=1? true
[95] 21 21 -5 0 -3 1  |  [ 21  (-5,0,-3,1) ; (-4,0,3,-1)  21 ]  | det=1? true
[96] 11 21 -4 0 -2 -1  |  [ 11  (-4,0,-2,-1) ; (-5,0,2,1)  21 ]  | det=1? true
[97] 16 22 -3 0 -2 -2  |  [ 16  (-3,0,-2,-2) ; (-5,0,2,2)  22 ]  | det=1? true
[98] 22 22 -9 -6 -2 -2  |  [ 22  (-9,-6,-2,-2) ; (-11,6,2,2)  22 ]  | det=1? true
[99] 22 22 -11 -6 -2 2  |  [ 22  (-11,-6,-2,2) ; (-9,6,2,-2)  22 ]  | det=1? true
[100] 8 21 0 1 -2 0  |  [ 8  (0,1,-2,0) ; (0,-1,2,0)  21 ]  | det=1? true
[101] 21 21 -3 -1 -1 -3  |  [ 21  (-3,-1,-1,-3) ; (-6,1,1,3)  21 ]  | det=1? true
[102] 21 21 -6 -1 -1 3  |  [ 21  (-6,-1,-1,3) ; (-3,1,1,-3)  21 ]  | det=1? true
[103] 10 21 0 1 -2 -1  |  [ 10  (0,1,-2,-1) ; (-1,-1,2,1)  21 ]  | det=1? true
[104] 10 21 -1 1 -2 1  |  [ 10  (-1,1,-2,1) ; (0,-1,2,-1)  21 ]  | det=1? true
[105] 16 21 0 1 -2 -2  |  [ 16  (0,1,-2,-2) ; (-2,-1,2,2)  21 ]  | det=1? true
[106] 16 21 -2 1 -2 2  |  [ 16  (-2,1,-2,2) ; (0,-1,2,-2)  21 ]  | det=1? true
[107] 10 22 -2 -1 -2 -1  |  [ 10  (-2,-1,-2,-1) ; (-3,1,2,1)  22 ]  | det=1? true
[108] 10 22 -3 -1 -2 1  |  [ 10  (-3,-1,-2,1) ; (-2,1,2,-1)  22 ]  | det=1? true
[109] 2 22 -1 0 -1 0  |  [ 2  (-1,0,-1,0) ; (-1,0,1,0)  22 ]  | det=1? true
[110] 18 23 -5 -2 -3 0  |  [ 18  (-5,-2,-3,0) ; (-5,2,3,0)  23 ]  | det=1? true
[111] 9 24 -2 1 -2 -1  |  [ 9  (-2,1,-2,-1) ; (-3,-1,2,1)  24 ]  | det=1? true
[112] 9 24 -3 1 -2 1  |  [ 9  (-3,1,-2,1) ; (-2,-1,2,-1)  24 ]  | det=1? true
[113] 17 24 -5 -1 -3 0  |  [ 17  (-5,-1,-3,0) ; (-5,1,3,0)  24 ]  | det=1? true
[114] 18 24 -7 -1 -3 0  |  [ 18  (-7,-1,-3,0) ; (-7,1,3,0)  24 ]  | det=1? true
[115] 22 24 -11 -4 -3 0  |  [ 22  (-11,-4,-3,0) ; (-11,4,3,0)  24 ]  | det=1? true
[116] 12 23 -5 -5 -1 -2  |  [ 12  (-5,-5,-1,-2) ; (-7,5,1,2)  23 ]  | det=1? true
[117] 12 23 -7 -5 -1 2  |  [ 12  (-7,-5,-1,2) ; (-5,5,1,-2)  23 ]  | det=1? true
[118] 7 24 0 1 -2 0  |  [ 7  (0,1,-2,0) ; (0,-1,2,0)  24 ]  | det=1? true
[119] 9 24 -1 -1 -1 -2  |  [ 9  (-1,-1,-1,-2) ; (-3,1,1,2)  24 ]  | det=1? true
[120] 9 24 -3 -1 -1 2  |  [ 9  (-3,-1,-1,2) ; (-1,1,1,-2)  24 ]  | det=1? true
[121] 14 24 0 1 -2 -2  |  [ 14  (0,1,-2,-2) ; (-2,-1,2,2)  24 ]  | det=1? true
[122] 18 24 -8 -3 -2 -2  |  [ 18  (-8,-3,-2,-2) ; (-10,3,2,2)  24 ]  | det=1? true
[123] 18 24 -10 -3 -2 2  |  [ 18  (-10,-3,-2,2) ; (-8,3,2,-2)  24 ]  | det=1? true
[124] 23 23 -9 -3 -3 -1  |  [ 23  (-9,-3,-3,-1) ; (-10,3,3,1)  23 ]  | det=1? true
[125] 15 24 -3 -2 -2 -2  |  [ 15  (-3,-2,-2,-2) ; (-5,2,2,2)  24 ]  | det=1? true
[126] 15 24 -5 -2 -2 2  |  [ 15  (-5,-2,-2,2) ; (-3,2,2,-2)  24 ]  | det=1? true
[127] 17 24 -4 -1 0 -3  |  [ 17  (-4,-1,0,-3) ; (-7,1,0,3)  24 ]  | det=1? true
[128] 8 23 -3 0 0 -2  |  [ 8  (-3,0,0,-2) ; (-5,0,0,2)  23 ]  | det=1? true
[129] 19 23 -5 -2 -1 3  |  [ 19  (-5,-2,-1,3) ; (-2,2,1,-3)  23 ]  | det=1? true
[130] 23 23 -8 -4 -1 -3  |  [ 23  (-8,-4,-1,-3) ; (-11,4,1,3)  23 ]  | det=1? true
[131] 23 23 -11 -4 -1 3  |  [ 23  (-11,-4,-1,3) ; (-8,4,1,-3)  23 ]  | det=1? true
[132] 15 24 -4 1 -2 -2  |  [ 15  (-4,1,-2,-2) ; (-6,-1,2,2)  24 ]  | det=1? true
[133] 15 24 -6 1 -2 2  |  [ 15  (-6,1,-2,2) ; (-4,-1,2,-2)  24 ]  | det=1? true
[134] 19 23 -3 -1 -3 -1  |  [ 19  (-3,-1,-3,-1) ; (-4,1,3,1)  23 ]  | det=1? true
[135] 19 23 -4 -1 -3 1  |  [ 19  (-4,-1,-3,1) ; (-3,1,3,-1)  23 ]  | det=1? true
[136] 19 23 -2 -2 -1 -3  |  [ 19  (-2,-2,-1,-3) ; (-5,2,1,3)  23 ]  | det=1? true
[137] 16 24 -6 1 -2 -2  |  [ 16  (-6,1,-2,-2) ; (-8,-1,2,2)  24 ]  | det=1? true
[138] 16 24 -8 1 -2 2  |  [ 16  (-8,1,-2,2) ; (-6,-1,2,-2)  24 ]  | det=1? true
[139] 8 23 -4 1 -2 0  |  [ 8  (-4,1,-2,0) ; (-4,-1,2,0)  23 ]  | det=1? true
[140] 10 23 -4 1 -2 -1  |  [ 10  (-4,1,-2,-1) ; (-5,-1,2,1)  23 ]  | det=1? true
[141] 10 23 -5 1 -2 1  |  [ 10  (-5,1,-2,1) ; (-4,-1,2,-1)  23 ]  | det=1? true
[142] 22 25 -1 1 -2 -3  |  [ 22  (-1,1,-2,-3) ; (-4,-1,2,3)  25 ]  | det=1? true
[143] 22 25 -4 1 -2 3  |  [ 22  (-4,1,-2,3) ; (-1,-1,2,-3)  25 ]  | det=1? true
[144] 24 25 -6 1 -2 -3  |  [ 24  (-6,1,-2,-3) ; (-9,-1,2,3)  25 ]  | det=1? true
[145] 24 25 -9 1 -2 3  |  [ 24  (-9,1,-2,3) ; (-6,-1,2,-3)  25 ]  | det=1? true
[146] 15 25 -5 -1 -2 -2  |  [ 15  (-5,-1,-2,-2) ; (-7,1,2,2)  25 ]  | det=1? true
[147] 15 25 -7 -1 -2 2  |  [ 15  (-7,-1,-2,2) ; (-5,1,2,-2)  25 ]  | det=1? true
[148] 23 25 -4 0 -2 -3  |  [ 23  (-4,0,-2,-3) ; (-7,0,2,3)  25 ]  | det=1? true
[149] 23 25 -7 0 -2 3  |  [ 23  (-7,0,-2,3) ; (-4,0,2,-3)  25 ]  | det=1? true
[150] 24 25 -5 -3 -3 -2  |  [ 24  (-5,-3,-3,-2) ; (-7,3,3,2)  25 ]  | det=1? true
[151] 24 25 -7 -3 -3 2  |  [ 24  (-7,-3,-3,2) ; (-5,3,3,-2)  25 ]  | det=1? true
[152] 16 26 -4 -3 0 -3  |  [ 16  (-4,-3,0,-3) ; (-7,3,0,3)  26 ]  | det=1? true
[153] 17 25 -2 1 -3 -1  |  [ 17  (-2,1,-3,-1) ; (-3,-1,3,1)  25 ]  | det=1? true
[154] 17 25 -3 1 -3 1  |  [ 17  (-3,1,-3,1) ; (-2,-1,3,-1)  25 ]  | det=1? true
[155] 22 25 -1 0 -3 -2  |  [ 22  (-1,0,-3,-2) ; (-3,0,3,2)  25 ]  | det=1? true
[156] 22 25 -3 0 -3 2  |  [ 22  (-3,0,-3,2) ; (-1,0,3,-2)  25 ]  | det=1? true
[157] 22 26 -3 -2 -3 -2  |  [ 22  (-3,-2,-3,-2) ; (-5,2,3,2)  26 ]  | det=1? true
[158] 25 26 -9 -1 -3 -2  |  [ 25  (-9,-1,-3,-2) ; (-11,1,3,2)  26 ]  | det=1? true
[159] 25 26 -11 -1 -3 2  |  [ 25  (-11,-1,-3,2) ; (-9,1,3,-2)  26 ]  | det=1? true
[160] 9 25 -2 -2 -1 -2  |  [ 9  (-2,-2,-1,-2) ; (-4,2,1,2)  25 ]  | det=1? true
[161] 16 25 -6 -3 -2 -2  |  [ 16  (-6,-3,-2,-2) ; (-8,3,2,2)  25 ]  | det=1? true
[162] 17 25 -1 0 -1 -3  |  [ 17  (-1,0,-1,-3) ; (-4,0,1,3)  25 ]  | det=1? true
[163] 19 25 -7 1 -3 -1  |  [ 19  (-7,1,-3,-1) ; (-8,-1,3,1)  25 ]  | det=1? true
[164] 19 25 -8 1 -3 1  |  [ 19  (-8,1,-3,1) ; (-7,-1,3,-1)  25 ]  | det=1? true
[165] 19 25 -6 0 -1 -3  |  [ 19  (-6,0,-1,-3) ; (-9,0,1,3)  25 ]  | det=1? true
[166] 19 25 -9 0 -1 3  |  [ 19  (-9,0,-1,3) ; (-6,0,1,-3)  25 ]  | det=1? true
[167] 9 26 -4 -1 -2 -1  |  [ 9  (-4,-1,-2,-1) ; (-5,1,2,1)  26 ]  | det=1? true
[168] 9 26 -5 -1 -2 1  |  [ 9  (-5,-1,-2,1) ; (-4,1,2,-1)  26 ]  | det=1? true
[169] 25 26 -8 -3 -2 -3  |  [ 25  (-8,-3,-2,-3) ; (-11,3,2,3)  26 ]  | det=1? true
[170] 25 26 -11 -3 -2 3  |  [ 25  (-11,-3,-2,3) ; (-8,3,2,-3)  26 ]  | det=1? true
[171] 8 25 -4 -3 -2 0  |  [ 8  (-4,-3,-2,0) ; (-4,3,2,0)  25 ]  | det=1? true
[172] 9 25 -4 -2 -1 2  |  [ 9  (-4,-2,-1,2) ; (-2,2,1,-2)  25 ]  | det=1? true
[173] 23 25 -4 -1 -3 -2  |  [ 23  (-4,-1,-3,-2) ; (-6,1,3,2)  25 ]  | det=1? true
[174] 23 25 -6 -1 -3 2  |  [ 23  (-6,-1,-3,2) ; (-4,1,3,-2)  25 ]  | det=1? true
[175] 25 26 -7 -5 -3 -2  |  [ 25  (-7,-5,-3,-2) ; (-9,5,3,2)  26 ]  | det=1? true
[176] 25 26 -9 -5 -3 2  |  [ 25  (-9,-5,-3,2) ; (-7,5,3,-2)  26 ]  | det=1? true
[177] 25 25 -6 -4 -2 -3  |  [ 25  (-6,-4,-2,-3) ; (-9,4,2,3)  25 ]  | det=1? true
[178] 25 25 -9 -4 -2 3  |  [ 25  (-9,-4,-2,3) ; (-6,4,2,-3)  25 ]  | det=1? true
[179] 21 26 0 1 -2 -3  |  [ 21  (0,1,-2,-3) ; (-3,-1,2,3)  26 ]  | det=1? true
[180] 21 26 -3 1 -2 3  |  [ 21  (-3,1,-2,3) ; (0,-1,2,-3)  26 ]  | det=1? true
[181] 25 25 -7 -2 -2 -3  |  [ 25  (-7,-2,-2,-3) ; (-10,2,2,3)  25 ]  | det=1? true
[182] 25 25 -10 -2 -2 3  |  [ 25  (-10,-2,-2,3) ; (-7,2,2,-3)  25 ]  | det=1? true
[183] 8 27 -2 1 -2 -1  |  [ 8  (-2,1,-2,-1) ; (-3,-1,2,1)  27 ]  | det=1? true
[184] 8 27 -3 1 -2 1  |  [ 8  (-3,1,-2,1) ; (-2,-1,2,-1)  27 ]  | det=1? true
[185] 8 27 -1 -1 -1 -2  |  [ 8  (-1,-1,-1,-2) ; (-3,1,1,2)  27 ]  | det=1? true
[186] 8 27 -3 -1 -1 2  |  [ 8  (-3,-1,-1,2) ; (-1,1,1,-2)  27 ]  | det=1? true
[187] 17 27 -4 -3 -3 -1  |  [ 17  (-4,-3,-3,-1) ; (-5,3,3,1)  27 ]  | det=1? true
[188] 17 27 -5 -3 -3 1  |  [ 17  (-5,-3,-3,1) ; (-4,3,3,-1)  27 ]  | det=1? true
[189] 27 28 -3 -4 -1 -4  |  [ 27  (-3,-4,-1,-4) ; (-7,4,1,4)  28 ]  | det=1? true
[190] 27 28 -7 -4 -1 4  |  [ 27  (-7,-4,-1,4) ; (-3,4,1,-4)  28 ]  | det=1? true
[191] 26 27 -13 -11 -3 0  |  [ 26  (-13,-11,-3,0) ; (-13,11,3,0)  27 ]  | det=1? true
[192] 15 28 -6 -5 -2 -2  |  [ 15  (-6,-5,-2,-2) ; (-8,5,2,2)  28 ]  | det=1? true
[193] 15 28 -8 -5 -2 2  |  [ 15  (-8,-5,-2,2) ; (-6,5,2,-2)  28 ]  | det=1? true
[194] 20 28 -2 -1 -2 -3  |  [ 20  (-2,-1,-2,-3) ; (-5,1,2,3)  28 ]  | det=1? true
[195] 25 28 -11 -2 -3 -2  |  [ 25  (-11,-2,-3,-2) ; (-13,2,3,2)  28 ]  | det=1? true
[196] 25 28 -13 -2 -3 2  |  [ 25  (-13,-2,-3,2) ; (-11,2,3,-2)  28 ]  | det=1? true
[197] 28 28 -8 1 -4 -1  |  [ 28  (-8,1,-4,-1) ; (-9,-1,4,1)  28 ]  | det=1? true
[198] 28 28 -9 1 -4 1  |  [ 28  (-9,1,-4,1) ; (-8,-1,4,-1)  28 ]  | det=1? true
[199] 20 28 -3 1 -3 -2  |  [ 20  (-3,1,-3,-2) ; (-5,-1,3,2)  28 ]  | det=1? true
[200] 20 28 -5 1 -3 2  |  [ 20  (-5,1,-3,2) ; (-3,-1,3,-2)  28 ]  | det=1? true
[201] 22 28 -6 -3 -2 -3  |  [ 22  (-6,-3,-2,-3) ; (-9,3,2,3)  28 ]  | det=1? true
[202] 22 28 -9 -3 -2 3  |  [ 22  (-9,-3,-2,3) ; (-6,3,2,-3)  28 ]  | det=1? true
[203] 23 28 -9 1 -3 -2  |  [ 23  (-9,1,-3,-2) ; (-11,-1,3,2)  28 ]  | det=1? true
[204] 23 28 -11 1 -3 2  |  [ 23  (-11,1,-3,2) ; (-9,-1,3,-2)  28 ]  | det=1? true
[205] 27 27 -2 -1 -1 -4  |  [ 27  (-2,-1,-1,-4) ; (-6,1,1,4)  27 ]  | det=1? true
[206] 27 27 -6 -1 -1 4  |  [ 27  (-6,-1,-1,4) ; (-2,1,1,-4)  27 ]  | det=1? true
[207] 25 28 -9 -6 -3 -2  |  [ 25  (-9,-6,-3,-2) ; (-11,6,3,2)  28 ]  | det=1? true
[208] 25 28 -11 -6 -3 2  |  [ 25  (-11,-6,-3,2) ; (-9,6,3,-2)  28 ]  | det=1? true
[209] 6 28 0 1 -2 0  |  [ 6  (0,1,-2,0) ; (0,-1,2,0)  28 ]  | det=1? true
[210] 12 28 0 1 -2 -2  |  [ 12  (0,1,-2,-2) ; (-2,-1,2,2)  28 ]  | det=1? true
[211] 8 29 -3 -2 -1 -2  |  [ 8  (-3,-2,-1,-2) ; (-5,2,1,2)  29 ]  | det=1? true
[212] 8 29 -5 -2 -1 2  |  [ 8  (-5,-2,-1,2) ; (-3,2,1,-2)  29 ]  | det=1? true
[213] 25 29 -11 -4 -2 -3  |  [ 25  (-11,-4,-2,-3) ; (-14,4,2,3)  29 ]  | det=1? true
[214] 25 29 -14 -4 -2 3  |  [ 25  (-14,-4,-2,3) ; (-11,4,2,-3)  29 ]  | det=1? true
[215] 14 30 -6 -5 -2 -2  |  [ 14  (-6,-5,-2,-2) ; (-8,5,2,2)  30 ]  | det=1? true
[216] 14 30 -8 -5 -2 2  |  [ 14  (-8,-5,-2,2) ; (-6,5,2,-2)  30 ]  | det=1? true
[217] 20 29 -5 1 -3 -2  |  [ 20  (-5,1,-3,-2) ; (-7,-1,3,2)  29 ]  | det=1? true
[218] 20 29 -7 1 -3 2  |  [ 20  (-7,1,-3,2) ; (-5,-1,3,-2)  29 ]  | det=1? true
[219] 28 29 -7 -4 -1 -4  |  [ 28  (-7,-4,-1,-4) ; (-11,4,1,4)  29 ]  | det=1? true
[220] 28 29 -11 -4 -1 4  |  [ 28  (-11,-4,-1,4) ; (-7,4,1,-4)  29 ]  | det=1? true
[221] 29 30 -4 -1 -4 -2  |  [ 29  (-4,-1,-4,-2) ; (-6,1,4,2)  30 ]  | det=1? true
[222] 29 30 -6 -1 -4 2  |  [ 29  (-6,-1,-4,2) ; (-4,1,4,-2)  30 ]  | det=1? true
[223] 30 30 -7 2 -4 -2  |  [ 30  (-7,2,-4,-2) ; (-9,-2,4,2)  30 ]  | det=1? true
[224] 30 30 -9 2 -4 2  |  [ 30  (-9,2,-4,2) ; (-7,-2,4,-2)  30 ]  | det=1? true
[225] 19 29 -1 0 -2 -3  |  [ 19  (-1,0,-2,-3) ; (-4,0,2,3)  29 ]  | det=1? true
[226] 19 29 -4 0 -2 3  |  [ 19  (-4,0,-2,3) ; (-1,0,2,-3)  29 ]  | det=1? true
[227] 20 29 -6 -3 -2 3  |  [ 20  (-6,-3,-2,3) ; (-3,3,2,-3)  29 ]  | det=1? true
[228] 27 29 -8 2 -4 -1  |  [ 27  (-8,2,-4,-1) ; (-9,-2,4,1)  29 ]  | det=1? true
[229] 27 29 -9 2 -4 1  |  [ 27  (-9,2,-4,1) ; (-8,-2,4,-1)  29 ]  | det=1? true
[230] 29 29 -20 -5 -3 1  |  [ 29  (-20,-5,-3,1) ; (-19,5,3,-1)  29 ]  | det=1? true
[231] 24 30 -1 0 -1 -4  |  [ 24  (-1,0,-1,-4) ; (-5,0,1,4)  30 ]  | det=1? true
[232] 24 30 -5 0 -1 4  |  [ 24  (-5,0,-1,4) ; (-1,0,1,-4)  30 ]  | det=1? true
[233] 25 30 -6 -1 -4 1  |  [ 25  (-6,-1,-4,1) ; (-5,1,4,-1)  30 ]  | det=1? true
[234] 26 30 -5 -4 -1 -4  |  [ 26  (-5,-4,-1,-4) ; (-9,4,1,4)  30 ]  | det=1? true
[235] 26 30 -9 -4 -1 4  |  [ 26  (-9,-4,-1,4) ; (-5,4,1,-4)  30 ]  | det=1? true
[236] 20 29 -3 -3 -2 -3  |  [ 20  (-3,-3,-2,-3) ; (-6,3,2,3)  29 ]  | det=1? true
[237] 21 29 -6 -2 -2 -3  |  [ 21  (-6,-2,-2,-3) ; (-9,2,2,3)  29 ]  | det=1? true
[238] 21 29 -9 -2 -2 3  |  [ 21  (-9,-2,-2,3) ; (-6,2,2,-3)  29 ]  | det=1? true
[239] 26 29 -9 -9 -2 -3  |  [ 26  (-9,-9,-2,-3) ; (-12,9,2,3)  29 ]  | det=1? true
[240] 26 29 -12 -9 -2 3  |  [ 26  (-12,-9,-2,3) ; (-9,9,2,-3)  29 ]  | det=1? true
[241] 26 29 -6 1 -4 -1  |  [ 26  (-6,1,-4,-1) ; (-7,-1,4,1)  29 ]  | det=1? true
[242] 26 29 -7 1 -4 1  |  [ 26  (-7,1,-4,1) ; (-6,-1,4,-1)  29 ]  | det=1? true
[243] 28 29 -13 -7 -3 -2  |  [ 28  (-13,-7,-3,-2) ; (-15,7,3,2)  29 ]  | det=1? true
[244] 29 29 -1 1 -4 -2  |  [ 29  (-1,1,-4,-2) ; (-3,-1,4,2)  29 ]  | det=1? true
[245] 20 30 -5 -3 -3 -2  |  [ 20  (-5,-3,-3,-2) ; (-7,3,3,2)  30 ]  | det=1? true
[246] 23 30 -9 -5 -2 -3  |  [ 23  (-9,-5,-2,-3) ; (-12,5,2,3)  30 ]  | det=1? true
[247] 23 30 -12 -5 -2 3  |  [ 23  (-12,-5,-2,3) ; (-9,5,2,-3)  30 ]  | det=1? true
[248] 25 30 -5 -1 -4 -1  |  [ 25  (-5,-1,-4,-1) ; (-6,1,4,1)  30 ]  | det=1? true
[249] 19 29 -8 -6 -1 -3  |  [ 19  (-8,-6,-1,-3) ; (-11,6,1,3)  29 ]  | det=1? true
[250] 19 29 -11 -6 -1 3  |  [ 19  (-11,-6,-1,3) ; (-8,6,1,-3)  29 ]  | det=1? true
[251] 22 29 -7 -4 -3 -2  |  [ 22  (-7,-4,-3,-2) ; (-9,4,3,2)  29 ]  | det=1? true
[252] 22 29 -9 -4 -3 2  |  [ 22  (-9,-4,-3,2) ; (-7,4,3,-2)  29 ]  | det=1? true
[253] 23 29 -10 0 -3 -2  |  [ 23  (-10,0,-3,-2) ; (-12,0,3,2)  29 ]  | det=1? true
[254] 23 29 -12 0 -3 2  |  [ 23  (-12,0,-3,2) ; (-10,0,3,-2)  29 ]  | det=1? true
[255] 23 29 -10 -5 -3 2  |  [ 23  (-10,-5,-3,2) ; (-8,5,3,-2)  29 ]  | det=1? true
[256] 25 29 -13 -6 -2 3  |  [ 25  (-13,-6,-2,3) ; (-10,6,2,-3)  29 ]  | det=1? true
[257] 29 29 -8 -5 -1 -4  |  [ 29  (-8,-5,-1,-4) ; (-12,5,1,4)  29 ]  | det=1? true
[258] 29 29 -12 -5 -1 4  |  [ 29  (-12,-5,-1,4) ; (-8,5,1,-4)  29 ]  | det=1? true
[259] 20 30 -6 1 -2 -3  |  [ 20  (-6,1,-2,-3) ; (-9,-1,2,3)  30 ]  | det=1? true
[260] 20 30 -9 1 -2 3  |  [ 20  (-9,1,-2,3) ; (-6,-1,2,-3)  30 ]  | det=1? true
[261] 20 30 -7 -3 -3 2  |  [ 20  (-7,-3,-3,2) ; (-5,3,3,-2)  30 ]  | det=1? true
[262] 29 30 -12 -11 -2 -3  |  [ 29  (-12,-11,-2,-3) ; (-15,11,2,3)  30 ]  | det=1? true
[263] 29 30 -15 -11 -2 3  |  [ 29  (-15,-11,-2,3) ; (-12,11,2,-3)  30 ]  | det=1? true
[264] 22 29 -8 -1 -2 -3  |  [ 22  (-8,-1,-2,-3) ; (-11,1,2,3)  29 ]  | det=1? true
[265] 22 29 -11 -1 -2 3  |  [ 22  (-11,-1,-2,3) ; (-8,1,2,-3)  29 ]  | det=1? true
[266] 23 29 -8 -5 -3 -2  |  [ 23  (-8,-5,-3,-2) ; (-10,5,3,2)  29 ]  | det=1? true
[267] 25 29 -10 -6 -2 -3  |  [ 25  (-10,-6,-2,-3) ; (-13,6,2,3)  29 ]  | det=1? true
[268] 27 29 -7 -2 -4 -1  |  [ 27  (-7,-2,-4,-1) ; (-8,2,4,1)  29 ]  | det=1? true
[269] 27 29 -8 -2 -4 1  |  [ 27  (-8,-2,-4,1) ; (-7,2,4,-1)  29 ]  | det=1? true
[270] 29 29 0 0 -2 -4  |  [ 29  (0,0,-2,-4) ; (-4,0,2,4)  29 ]  | det=1? true
[271] 3 29 -1 0 -1 -1  |  [ 3  (-1,0,-1,-1) ; (-2,0,1,1)  29 ]  | det=1? true
[272] 3 29 -2 0 -1 1  |  [ 3  (-2,0,-1,1) ; (-1,0,1,-1)  29 ]  | det=1? true
[273] 12 29 -2 -1 -2 -2  |  [ 12  (-2,-1,-2,-2) ; (-4,1,2,2)  29 ]  | det=1? true
[274] 12 29 -4 -1 -2 2  |  [ 12  (-4,-1,-2,2) ; (-2,1,2,-2)  29 ]  | det=1? true
[275] 12 30 -4 1 -2 -2  |  [ 12  (-4,1,-2,-2) ; (-6,-1,2,2)  30 ]  | det=1? true
[276] 12 30 -6 1 -2 2  |  [ 12  (-6,1,-2,2) ; (-4,-1,2,-2)  30 ]  | det=1? true
[277] 12 30 -3 -2 -2 -2  |  [ 12  (-3,-2,-2,-2) ; (-5,2,2,2)  30 ]  | det=1? true
[278] 12 30 -5 -2 -2 2  |  [ 12  (-5,-2,-2,2) ; (-3,2,2,-2)  30 ]  | det=1? true
[279] 27 30 -9 -1 -4 -1  |  [ 27  (-9,-1,-4,-1) ; (-10,1,4,1)  30 ]  | det=1? true
[280] 27 30 -10 -1 -4 1  |  [ 27  (-10,-1,-4,1) ; (-9,1,4,-1)  30 ]  | det=1? true
[281] 30 30 -6 1 -2 -4  |  [ 30  (-6,1,-2,-4) ; (-10,-1,2,4)  30 ]  | det=1? true
[282] 29 30 -3 -2 -2 -4  |  [ 29  (-3,-2,-2,-4) ; (-7,2,2,4)  30 ]  | det=1? true
[283] 29 30 -7 -2 -2 4  |  [ 29  (-7,-2,-2,4) ; (-3,2,2,-4)  30 ]  | det=1? true
[284] 30 30 -15 -4 -1 4  |  [ 30  (-15,-4,-1,4) ; (-11,4,1,-4)  30 ]  | det=1? true
[285] 30 30 -11 -4 -1 -4  |  [ 30  (-11,-4,-1,-4) ; (-15,4,1,4)  30 ]  | det=1? true
[286] 25 32 -11 -9 -2 -3  |  [ 25  (-11,-9,-2,-3) ; (-14,9,2,3)  32 ]  | det=1? true
[287] 25 32 -14 -9 -2 3  |  [ 25  (-14,-9,-2,3) ; (-11,9,2,-3)  32 ]  | det=1? true
[288] 19 31 -6 -3 -3 2  |  [ 19  (-6,-3,-3,2) ; (-4,3,3,-2)  31 ]  | det=1? true
[289] 27 31 -5 -5 -3 -3  |  [ 27  (-5,-5,-3,-3) ; (-8,5,3,3)  31 ]  | det=1? true
[290] 31 31 -9 -1 -2 -4  |  [ 31  (-9,-1,-2,-4) ; (-13,1,2,4)  31 ]  | det=1? true
[291] 31 31 -13 -1 -2 4  |  [ 31  (-13,-1,-2,4) ; (-9,1,2,-4)  31 ]  | det=1? true
[292] 31 31 -9 -3 -4 -2  |  [ 31  (-9,-3,-4,-2) ; (-11,3,4,2)  31 ]  | det=1? true
[293] 31 31 -11 -3 -4 2  |  [ 31  (-11,-3,-4,2) ; (-9,3,4,-2)  31 ]  | det=1? true
[294] 17 32 1 1 -2 -3  |  [ 17  (1,1,-2,-3) ; (-2,-1,2,3)  32 ]  | det=1? true
[295] 17 32 -2 1 -2 3  |  [ 17  (-2,1,-2,3) ; (1,-1,2,-3)  32 ]  | det=1? true
[296] 23 32 -3 0 -1 -4  |  [ 23  (-3,0,-1,-4) ; (-7,0,1,4)  32 ]  | det=1? true
[297] 23 32 -7 0 -1 4  |  [ 23  (-7,0,-1,4) ; (-3,0,1,-4)  32 ]  | det=1? true
[298] 26 32 -9 0 -1 -4  |  [ 26  (-9,0,-1,-4) ; (-13,0,1,4)  32 ]  | det=1? true
[299] 19 31 -4 -3 -3 -2  |  [ 19  (-4,-3,-3,-2) ; (-6,3,3,2)  31 ]  | det=1? true
[300] 20 31 -7 -1 -2 -3  |  [ 20  (-7,-1,-2,-3) ; (-10,1,2,3)  31 ]  | det=1? true
[301] 20 31 -10 -1 -2 3  |  [ 20  (-10,-1,-2,3) ; (-7,1,2,-3)  31 ]  | det=1? true
[302] 25 31 -6 0 -1 -4  |  [ 25  (-6,0,-1,-4) ; (-10,0,1,4)  31 ]  | det=1? true
[303] 25 31 -10 0 -1 4  |  [ 25  (-10,0,-1,4) ; (-6,0,1,-4)  31 ]  | det=1? true
[304] 27 31 -9 -4 -4 -1  |  [ 27  (-9,-4,-4,-1) ; (-10,4,4,1)  31 ]  | det=1? true
[305] 27 31 -10 -4 -4 1  |  [ 27  (-10,-4,-4,1) ; (-9,4,4,-1)  31 ]  | det=1? true
[306] 19 32 -7 1 -3 -2  |  [ 19  (-7,1,-3,-2) ; (-9,-1,3,2)  32 ]  | det=1? true
[307] 19 32 -9 1 -3 2  |  [ 19  (-9,1,-3,2) ; (-7,-1,3,-2)  32 ]  | det=1? true
[308] 24 32 -8 1 -4 1  |  [ 24  (-8,1,-4,1) ; (-7,-1,4,-1)  32 ]  | det=1? true
[309] 26 32 -8 -5 -4 -1  |  [ 26  (-8,-5,-4,-1) ; (-9,5,4,1)  32 ]  | det=1? true
[310] 26 32 -9 -5 -4 1  |  [ 26  (-9,-5,-4,1) ; (-8,5,4,-1)  32 ]  | det=1? true
[311] 28 32 -13 -11 -3 -2  |  [ 28  (-13,-11,-3,-2) ; (-15,11,3,2)  32 ]  | det=1? true
[312] 28 32 -15 -11 -3 2  |  [ 28  (-15,-11,-3,2) ; (-13,11,3,-2)  32 ]  | det=1? true
[313] 20 31 -7 -2 -3 -2  |  [ 20  (-7,-2,-3,-2) ; (-9,2,3,2)  31 ]  | det=1? true
[314] 20 31 -9 -2 -3 2  |  [ 20  (-9,-2,-3,2) ; (-7,2,3,-2)  31 ]  | det=1? true
[315] 24 31 -11 -6 -3 -2  |  [ 24  (-11,-6,-3,-2) ; (-13,6,3,2)  31 ]  | det=1? true
[316] 24 31 -13 -6 -3 2  |  [ 24  (-13,-6,-3,2) ; (-11,6,3,-2)  31 ]  | det=1? true
[317] 25 31 -10 -9 -3 -2  |  [ 25  (-10,-9,-3,-2) ; (-12,9,3,2)  31 ]  | det=1? true
[318] 25 31 -12 -9 -3 2  |  [ 25  (-12,-9,-3,2) ; (-10,9,3,-2)  31 ]  | det=1? true
[319] 27 31 -10 -2 -4 -1  |  [ 27  (-10,-2,-4,-1) ; (-11,2,4,1)  31 ]  | det=1? true
[320] 27 31 -11 -2 -4 1  |  [ 27  (-11,-2,-4,1) ; (-10,2,4,-1)  31 ]  | det=1? true
[321] 28 31 -11 -3 -4 -1  |  [ 28  (-11,-3,-4,-1) ; (-12,3,4,1)  31 ]  | det=1? true
[322] 28 31 -12 -3 -4 1  |  [ 28  (-12,-3,-4,1) ; (-11,3,4,-1)  31 ]  | det=1? true
[323] 28 31 -3 -2 -4 -2  |  [ 28  (-3,-2,-4,-2) ; (-5,2,4,2)  31 ]  | det=1? true
[324] 28 31 -5 -2 -4 2  |  [ 28  (-5,-2,-4,2) ; (-3,2,4,-2)  31 ]  | det=1? true
[325] 29 31 -8 -6 -3 -3  |  [ 29  (-8,-6,-3,-3) ; (-11,6,3,3)  31 ]  | det=1? true
[326] 29 31 -11 -6 -3 3  |  [ 29  (-11,-6,-3,3) ; (-8,6,3,-3)  31 ]  | det=1? true
[327] 27 32 -7 -8 -1 -4  |  [ 27  (-7,-8,-1,-4) ; (-11,8,1,4)  32 ]  | det=1? true
[328] 27 32 -11 -8 -1 4  |  [ 27  (-11,-8,-1,4) ; (-7,8,1,-4)  32 ]  | det=1? true
[329] 23 31 -1 2 -4 -1  |  [ 23  (-1,2,-4,-1) ; (-2,-2,4,1)  31 ]  | det=1? true
[330] 23 31 -2 2 -4 1  |  [ 23  (-2,2,-4,1) ; (-1,-2,4,-1)  31 ]  | det=1? true
[331] 24 32 -7 1 -4 -1  |  [ 24  (-7,1,-4,-1) ; (-8,-1,4,1)  32 ]  | det=1? true
[332] 31 31 -10 0 -4 -2  |  [ 31  (-10,0,-4,-2) ; (-12,0,4,2)  31 ]  | det=1? true
[333] 31 31 -8 -4 -2 -4  |  [ 31  (-8,-4,-2,-4) ; (-12,4,2,4)  31 ]  | det=1? true
[334] 15 33 -6 -4 -1 -3  |  [ 15  (-6,-4,-1,-3) ; (-9,4,1,3)  33 ]  | det=1? true
[335] 19 33 -8 0 -3 -2  |  [ 19  (-8,0,-3,-2) ; (-10,0,3,2)  33 ]  | det=1? true
[336] 19 33 -10 0 -3 2  |  [ 19  (-10,0,-3,2) ; (-8,0,3,-2)  33 ]  | det=1? true
[337] 21 34 -1 1 -4 -1  |  [ 21  (-1,1,-4,-1) ; (-2,-1,4,1)  34 ]  | det=1? true
[338] 21 34 -2 1 -4 1  |  [ 21  (-2,1,-4,1) ; (-1,-1,4,-1)  34 ]  | det=1? true
[339] 27 34 -8 1 -4 -2  |  [ 27  (-8,1,-4,-2) ; (-10,-1,4,2)  34 ]  | det=1? true
[340] 27 34 -10 1 -4 2  |  [ 27  (-10,1,-4,2) ; (-8,-1,4,-2)  34 ]  | det=1? true
[341] 27 34 -7 0 -2 -4  |  [ 27  (-7,0,-2,-4) ; (-11,0,2,4)  34 ]  | det=1? true
[342] 27 34 -11 0 -2 4  |  [ 27  (-11,0,-2,4) ; (-7,0,2,-4)  34 ]  | det=1? true
[343] 28 34 -9 -2 -4 -2  |  [ 28  (-9,-2,-4,-2) ; (-11,2,4,2)  34 ]  | det=1? true
[344] 28 34 -11 -2 -4 2  |  [ 28  (-11,-2,-4,2) ; (-9,2,4,-2)  34 ]  | det=1? true
[345] 28 34 -8 -3 -2 -4  |  [ 28  (-8,-3,-2,-4) ; (-12,3,2,4)  34 ]  | det=1? true
[346] 28 34 -12 -3 -2 4  |  [ 28  (-12,-3,-2,4) ; (-8,3,2,-4)  34 ]  | det=1? true
[347] 34 34 -9 1 -4 -3  |  [ 34  (-9,1,-4,-3) ; (-12,-1,4,3)  34 ]  | det=1? true
[348] 34 34 -12 1 -4 3  |  [ 34  (-12,1,-4,3) ; (-9,-1,4,-3)  34 ]  | det=1? true
[349] 24 33 -7 0 -1 -4  |  [ 24  (-7,0,-1,-4) ; (-11,0,1,4)  33 ]  | det=1? true
[350] 24 33 -11 0 -1 4  |  [ 24  (-11,0,-1,4) ; (-7,0,1,-4)  33 ]  | det=1? true
[351] 24 33 -7 -3 -4 -1  |  [ 24  (-7,-3,-4,-1) ; (-8,3,4,1)  33 ]  | det=1? true
[352] 24 33 -8 -3 -4 1  |  [ 24  (-8,-3,-4,1) ; (-7,3,4,-1)  33 ]  | det=1? true
[353] 28 33 -12 -7 -4 1  |  [ 28  (-12,-7,-4,1) ; (-11,7,4,-1)  33 ]  | det=1? true
[354] 30 33 -15 -10 -1 4  |  [ 30  (-15,-10,-1,4) ; (-11,10,1,-4)  33 ]  | det=1? true
[355] 22 34 -7 -3 -1 4  |  [ 22  (-7,-3,-1,4) ; (-3,3,1,-4)  34 ]  | det=1? true
[356] 31 34 -1 1 -3 -4  |  [ 31  (-1,1,-3,-4) ; (-5,-1,3,4)  34 ]  | det=1? true
[357] 31 34 -5 1 -3 4  |  [ 31  (-5,1,-3,4) ; (-1,-1,3,-4)  34 ]  | det=1? true
[358] 15 33 -7 -3 -3 -1  |  [ 15  (-7,-3,-3,-1) ; (-8,3,3,1)  33 ]  | det=1? true
[359] 15 33 -8 -3 -3 1  |  [ 15  (-8,-3,-3,1) ; (-7,3,3,-1)  33 ]  | det=1? true
[360] 23 33 -4 -3 -1 -4  |  [ 23  (-4,-3,-1,-4) ; (-8,3,1,4)  33 ]  | det=1? true
[361] 23 33 -8 -3 -1 4  |  [ 23  (-8,-3,-1,4) ; (-4,3,1,-4)  33 ]  | det=1? true
[362] 24 33 -8 -1 -4 -1  |  [ 24  (-8,-1,-4,-1) ; (-9,1,4,1)  33 ]  | det=1? true
[363] 28 33 -11 -7 -4 -1  |  [ 28  (-11,-7,-4,-1) ; (-12,7,4,1)  33 ]  | det=1? true
[364] 29 33 -13 -6 -4 -1  |  [ 29  (-13,-6,-4,-1) ; (-14,6,4,1)  33 ]  | det=1? true
[365] 29 33 -14 -6 -4 1  |  [ 29  (-14,-6,-4,1) ; (-13,6,4,-1)  33 ]  | det=1? true
[366] 30 33 -11 -10 -1 -4  |  [ 30  (-11,-10,-1,-4) ; (-15,10,1,4)  33 ]  | det=1? true
[367] 17 34 -4 -1 -2 -3  |  [ 17  (-4,-1,-2,-3) ; (-7,1,2,3)  34 ]  | det=1? true
[368] 17 34 -7 -1 -2 3  |  [ 17  (-7,-1,-2,3) ; (-4,1,2,-3)  34 ]  | det=1? true
[369] 24 34 -7 -5 -4 -1  |  [ 24  (-7,-5,-4,-1) ; (-8,5,4,1)  34 ]  | det=1? true
[370] 24 34 -8 -5 -4 1  |  [ 24  (-8,-5,-4,1) ; (-7,5,4,-1)  34 ]  | det=1? true
[371] 27 34 -13 -3 -4 -1  |  [ 27  (-13,-3,-4,-1) ; (-14,3,4,1)  34 ]  | det=1? true
[372] 27 34 -14 -3 -4 1  |  [ 27  (-14,-3,-4,1) ; (-13,3,4,-1)  34 ]  | det=1? true
[373] 31 34 -11 -6 -2 -4  |  [ 31  (-11,-6,-2,-4) ; (-15,6,2,4)  34 ]  | det=1? true
[374] 31 34 -15 -6 -2 4  |  [ 31  (-15,-6,-2,4) ; (-11,6,2,-4)  34 ]  | det=1? true
[375] 22 33 -1 -2 -1 -4  |  [ 22  (-1,-2,-1,-4) ; (-5,2,1,4)  33 ]  | det=1? true
[376] 22 33 -5 -2 -1 4  |  [ 22  (-5,-2,-1,4) ; (-1,2,1,-4)  33 ]  | det=1? true
[377] 29 33 -10 -7 -3 -3  |  [ 29  (-10,-7,-3,-3) ; (-13,7,3,3)  33 ]  | det=1? true
[378] 29 33 -13 -7 -3 3  |  [ 29  (-13,-7,-3,3) ; (-10,7,3,-3)  33 ]  | det=1? true
[379] 32 33 -1 0 -3 -4  |  [ 32  (-1,0,-3,-4) ; (-5,0,3,4)  33 ]  | det=1? true
[380] 32 33 -5 0 -3 4  |  [ 32  (-5,0,-3,4) ; (-1,0,3,-4)  33 ]  | det=1? true
[381] 25 34 -9 -5 -4 -1  |  [ 25  (-9,-5,-4,-1) ; (-10,5,4,1)  34 ]  | det=1? true
[382] 31 34 -12 -5 -4 -2  |  [ 31  (-12,-5,-4,-2) ; (-14,5,4,2)  34 ]  | det=1? true
[383] 31 34 -14 -5 -4 2  |  [ 31  (-14,-5,-4,2) ; (-12,5,4,-2)  34 ]  | det=1? true
[384] 32 34 -5 1 -4 -3  |  [ 32  (-5,1,-4,-3) ; (-8,-1,4,3)  34 ]  | det=1? true
[385] 33 33 1 0 -1 -5  |  [ 33  (1,0,-1,-5) ; (-4,0,1,5)  33 ]  | det=1? true
[386] 33 33 -4 0 -1 5  |  [ 33  (-4,0,-1,5) ; (1,0,1,-5)  33 ]  | det=1? true
[387] 29 33 -9 1 -2 -4  |  [ 29  (-9,1,-2,-4) ; (-13,-1,2,4)  33 ]  | det=1? true
[388] 29 33 -13 1 -2 4  |  [ 29  (-13,1,-2,4) ; (-9,-1,2,-4)  33 ]  | det=1? true
[389] 33 33 -12 -13 -1 -4  |  [ 33  (-12,-13,-1,-4) ; (-16,13,1,4)  33 ]  | det=1? true
[390] 33 33 -16 -13 -1 4  |  [ 33  (-16,-13,-1,4) ; (-12,13,1,-4)  33 ]  | det=1? true
[391] 28 34 -15 -8 -1 4  |  [ 28  (-15,-8,-1,4) ; (-11,8,1,-4)  34 ]  | det=1? true
[392] 34 34 -15 -12 -1 -4  |  [ 34  (-15,-12,-1,-4) ; (-19,12,1,4)  34 ]  | det=1? true
[393] 28 34 -11 -8 -1 -4  |  [ 28  (-11,-8,-1,-4) ; (-15,8,1,4)  34 ]  | det=1? true
[394] 34 34 -7 -4 -3 -4  |  [ 34  (-7,-4,-3,-4) ; (-11,4,3,4)  34 ]  | det=1? true
[395] 34 34 -11 -4 -3 4  |  [ 34  (-11,-4,-3,4) ; (-7,4,3,-4)  34 ]  | det=1? true
[396] 25 36 -7 2 -4 -2  |  [ 25  (-7,2,-4,-2) ; (-9,-2,4,2)  36 ]  | det=1? true
[397] 25 36 -9 2 -4 2  |  [ 25  (-9,2,-4,2) ; (-7,-2,4,-2)  36 ]  | det=1? true
[398] 35 35 -15 -9 -2 -4  |  [ 35  (-15,-9,-2,-4) ; (-19,9,2,4)  35 ]  | det=1? true
[399] 35 35 -19 -9 -2 4  |  [ 35  (-19,-9,-2,4) ; (-15,9,2,-4)  35 ]  | det=1? true
[400] 6 36 -2 1 -2 -1  |  [ 6  (-2,1,-2,-1) ; (-3,-1,2,1)  36 ]  | det=1? true
[401] 6 36 -3 1 -2 1  |  [ 6  (-3,1,-2,1) ; (-2,-1,2,-1)  36 ]  | det=1? true
[402] 25 36 -6 1 -2 -4  |  [ 25  (-6,1,-2,-4) ; (-10,-1,2,4)  36 ]  | det=1? true
[403] 25 36 -10 1 -2 4  |  [ 25  (-10,1,-2,4) ; (-6,-1,2,-4)  36 ]  | det=1? true
[404] 26 36 -8 1 -2 -4  |  [ 26  (-8,1,-2,-4) ; (-12,-1,2,4)  36 ]  | det=1? true
[405] 26 36 -12 1 -2 4  |  [ 26  (-12,1,-2,4) ; (-8,-1,2,-4)  36 ]  | det=1? true
[406] 6 35 0 1 -2 -1  |  [ 6  (0,1,-2,-1) ; (-1,-1,2,1)  35 ]  | det=1? true
[407] 6 35 -1 1 -2 1  |  [ 6  (-1,1,-2,1) ; (0,-1,2,-1)  35 ]  | det=1? true
[408] 23 35 -6 -5 -1 -4  |  [ 23  (-6,-5,-1,-4) ; (-10,5,1,4)  35 ]  | det=1? true
[409] 23 35 -10 -5 -1 4  |  [ 23  (-10,-5,-1,4) ; (-6,5,1,-4)  35 ]  | det=1? true
[410] 25 35 -10 -4 -1 -4  |  [ 25  (-10,-4,-1,-4) ; (-14,4,1,4)  35 ]  | det=1? true
[411] 25 35 -14 -4 -1 4  |  [ 25  (-14,-4,-1,4) ; (-10,4,1,-4)  35 ]  | det=1? true
[412] 33 35 -9 2 -4 -3  |  [ 33  (-9,2,-4,-3) ; (-12,-2,4,3)  35 ]  | det=1? true
[413] 33 35 -12 2 -4 3  |  [ 33  (-12,2,-4,3) ; (-9,-2,4,-3)  35 ]  | det=1? true
[414] 35 35 -16 -8 -4 -2  |  [ 35  (-16,-8,-4,-2) ; (-18,8,4,2)  35 ]  | det=1? true
[415] 35 35 -18 -8 -4 2  |  [ 35  (-18,-8,-4,2) ; (-16,8,4,-2)  35 ]  | det=1? true
[416] 6 36 -1 -1 -1 -2  |  [ 6  (-1,-1,-1,-2) ; (-3,1,1,2)  36 ]  | det=1? true
[417] 6 36 -3 -1 -1 2  |  [ 6  (-3,-1,-1,2) ; (-1,1,1,-2)  36 ]  | det=1? true
[418] 27 36 -9 -4 -4 -2  |  [ 27  (-9,-4,-4,-2) ; (-11,4,4,2)  36 ]  | det=1? true
[419] 27 36 -11 -4 -4 2  |  [ 27  (-11,-4,-4,2) ; (-9,4,4,-2)  36 ]  | det=1? true
[420] 21 35 -9 -8 -2 -3  |  [ 21  (-9,-8,-2,-3) ; (-12,8,2,3)  35 ]  | det=1? true
[421] 21 35 -12 -8 -2 3  |  [ 21  (-12,-8,-2,3) ; (-9,8,2,-3)  35 ]  | det=1? true
[422] 28 35 -10 1 -2 -4  |  [ 28  (-10,1,-2,-4) ; (-14,-1,2,4)  35 ]  | det=1? true
[423] 28 35 -14 1 -2 4  |  [ 28  (-14,1,-2,4) ; (-10,-1,2,-4)  35 ]  | det=1? true
[424] 32 35 -15 -11 -4 -1  |  [ 32  (-15,-11,-4,-1) ; (-16,11,4,1)  35 ]  | det=1? true
[425] 33 35 -5 -3 -1 -5  |  [ 33  (-5,-3,-1,-5) ; (-10,3,1,5)  35 ]  | det=1? true
[426] 33 35 -10 -3 -1 5  |  [ 33  (-10,-3,-1,5) ; (-5,3,1,-5)  35 ]  | det=1? true
[427] 10 36 -3 -2 -2 -2  |  [ 10  (-3,-2,-2,-2) ; (-5,2,2,2)  36 ]  | det=1? true
[428] 10 36 -5 -2 -2 2  |  [ 10  (-5,-2,-2,2) ; (-3,2,2,-2)  36 ]  | det=1? true
[429] 22 36 -7 0 -1 -4  |  [ 22  (-7,0,-1,-4) ; (-11,0,1,4)  36 ]  | det=1? true
[430] 22 36 -11 0 -1 4  |  [ 22  (-11,0,-1,4) ; (-7,0,1,-4)  36 ]  | det=1? true
[431] 30 36 -13 -8 -4 2  |  [ 30  (-13,-8,-4,2) ; (-11,8,4,-2)  36 ]  | det=1? true
[432] 32 36 -17 -11 -4 1  |  [ 32  (-17,-11,-4,1) ; (-16,11,4,-1)  36 ]  | det=1? true
[433] 36 36 -21 -7 -1 -4  |  [ 36  (-21,-7,-1,-4) ; (-25,7,1,4)  36 ]  | det=1? true
[434] 36 36 -25 -7 -1 4  |  [ 36  (-25,-7,-1,4) ; (-21,7,1,-4)  36 ]  | det=1? true
[435] 16 35 -3 1 -3 -2  |  [ 16  (-3,1,-3,-2) ; (-5,-1,3,2)  35 ]  | det=1? true
[436] 16 35 -5 1 -3 2  |  [ 16  (-5,1,-3,2) ; (-3,-1,3,-2)  35 ]  | det=1? true
[437] 17 35 -8 -2 -2 3  |  [ 17  (-8,-2,-2,3) ; (-5,2,2,-3)  35 ]  | det=1? true
[438] 23 35 -10 0 -4 1  |  [ 23  (-10,0,-4,1) ; (-9,0,4,-1)  35 ]  | det=1? true
[439] 27 35 -9 -1 -4 -2  |  [ 27  (-9,-1,-4,-2) ; (-11,1,4,2)  35 ]  | det=1? true
[440] 27 35 -11 -1 -4 2  |  [ 27  (-11,-1,-4,2) ; (-9,1,4,-2)  35 ]  | det=1? true
[441] 33 35 -7 -1 -5 -1  |  [ 33  (-7,-1,-5,-1) ; (-8,1,5,1)  35 ]  | det=1? true
[442] 35 35 -24 -6 -3 -2  |  [ 35  (-24,-6,-3,-2) ; (-26,6,3,2)  35 ]  | det=1? true
[443] 35 35 -26 -6 -3 2  |  [ 35  (-26,-6,-3,2) ; (-24,6,3,-2)  35 ]  | det=1? true
[444] 35 35 -9 -2 -1 -5  |  [ 35  (-9,-2,-1,-5) ; (-14,2,1,5)  35 ]  | det=1? true
[445] 35 35 -14 -2 -1 5  |  [ 35  (-14,-2,-1,5) ; (-9,2,1,-5)  35 ]  | det=1? true
[446] 22 36 -8 -1 -4 -1  |  [ 22  (-8,-1,-4,-1) ; (-9,1,4,1)  36 ]  | det=1? true
[447] 22 36 -9 -1 -4 1  |  [ 22  (-9,-1,-4,1) ; (-8,1,4,-1)  36 ]  | det=1? true
[448] 22 36 -7 -3 -4 -1  |  [ 22  (-7,-3,-4,-1) ; (-8,3,4,1)  36 ]  | det=1? true
[449] 22 36 -8 -3 -4 1  |  [ 22  (-8,-3,-4,1) ; (-7,3,4,-1)  36 ]  | det=1? true
[450] 24 36 -11 -8 -1 4  |  [ 24  (-11,-8,-1,4) ; (-7,8,1,-4)  36 ]  | det=1? true
[451] 26 36 -6 -5 -2 -4  |  [ 26  (-6,-5,-2,-4) ; (-10,5,2,4)  36 ]  | det=1? true
[452] 26 36 -10 -5 -2 4  |  [ 26  (-10,-5,-2,4) ; (-6,5,2,-4)  36 ]  | det=1? true
[453] 27 36 -8 -5 -2 -4  |  [ 27  (-8,-5,-2,-4) ; (-12,5,2,4)  36 ]  | det=1? true
[454] 27 36 -12 -5 -2 4  |  [ 27  (-12,-5,-2,4) ; (-8,5,2,-4)  36 ]  | det=1? true
[455] 17 35 -5 -2 -2 -3  |  [ 17  (-5,-2,-2,-3) ; (-8,2,2,3)  35 ]  | det=1? true
[456] 23 35 -9 0 -4 -1  |  [ 23  (-9,0,-4,-1) ; (-10,0,4,1)  35 ]  | det=1? true
[457] 27 35 -8 -2 -2 -4  |  [ 27  (-8,-2,-2,-4) ; (-12,2,2,4)  35 ]  | det=1? true
[458] 33 35 -8 -1 -5 1  |  [ 33  (-8,-1,-5,1) ; (-7,1,5,-1)  35 ]  | det=1? true
[459] 35 35 -11 0 -5 -1  |  [ 35  (-11,0,-5,-1) ; (-12,0,5,1)  35 ]  | det=1? true
[460] 35 35 -12 0 -5 1  |  [ 35  (-12,0,-5,1) ; (-11,0,5,-1)  35 ]  | det=1? true
[461] 24 36 -7 -8 -1 -4  |  [ 24  (-7,-8,-1,-4) ; (-11,8,1,4)  36 ]  | det=1? true
[462] 35 36 -5 -1 -5 -2  |  [ 35  (-5,-1,-5,-2) ; (-7,1,5,2)  36 ]  | det=1? true
[463] 35 36 -7 -1 -5 2  |  [ 35  (-7,-1,-5,2) ; (-5,1,5,-2)  36 ]  | det=1? true
[464] 13 35 -5 -1 -3 -1  |  [ 13  (-5,-1,-3,-1) ; (-6,1,3,1)  35 ]  | det=1? true
[465] 13 35 -6 -1 -3 1  |  [ 13  (-6,-1,-3,1) ; (-5,1,3,-1)  35 ]  | det=1? true
[466] 26 35 -11 -5 -1 -4  |  [ 26  (-11,-5,-1,-4) ; (-15,5,1,4)  35 ]  | det=1? true
[467] 26 35 -15 -5 -1 4  |  [ 26  (-15,-5,-1,4) ; (-11,5,1,-4)  35 ]  | det=1? true
[468] 16 35 -2 -1 -2 -3  |  [ 16  (-2,-1,-2,-3) ; (-5,1,2,3)  35 ]  | det=1? true
[469] 16 35 -5 -1 -2 3  |  [ 16  (-5,-1,-2,3) ; (-2,1,2,-3)  35 ]  | det=1? true
[470] 21 36 -3 -4 -1 -4  |  [ 21  (-3,-4,-1,-4) ; (-7,4,1,4)  36 ]  | det=1? true
[471] 21 35 -4 0 -4 -1  |  [ 21  (-4,0,-4,-1) ; (-5,0,4,1)  35 ]  | det=1? true
[472] 21 35 -5 0 -4 1  |  [ 21  (-5,0,-4,1) ; (-4,0,4,-1)  35 ]  | det=1? true
[473] 30 36 -10 -9 -2 -4  |  [ 30  (-10,-9,-2,-4) ; (-14,9,2,4)  36 ]  | det=1? true
[474] 30 36 -14 -9 -2 4  |  [ 30  (-14,-9,-2,4) ; (-10,9,2,-4)  36 ]  | det=1? true
[475] 28 37 -13 0 -4 -2  |  [ 28  (-13,0,-4,-2) ; (-15,0,4,2)  37 ]  | det=1? true
[476] 37 37 -12 -8 -1 -5  |  [ 37  (-12,-8,-1,-5) ; (-17,8,1,5)  37 ]  | det=1? true
[477] 37 37 -17 -8 -1 5  |  [ 37  (-17,-8,-1,5) ; (-12,8,1,-5)  37 ]  | det=1? true
[478] 37 37 -2 -2 -4 -4  |  [ 37  (-2,-2,-4,-4) ; (-6,2,4,4)  37 ]  | det=1? true
[479] 22 38 1 2 -4 -2  |  [ 22  (1,2,-4,-2) ; (-1,-2,4,2)  38 ]  | det=1? true
[480] 22 38 -1 2 -4 2  |  [ 22  (-1,2,-4,2) ; (1,-2,4,-2)  38 ]  | det=1? true
[481] 21 37 -2 -2 -3 -3  |  [ 21  (-2,-2,-3,-3) ; (-5,2,3,3)  37 ]  | det=1? true
[482] 28 37 -9 -8 -4 -2  |  [ 28  (-9,-8,-4,-2) ; (-11,8,4,2)  37 ]  | det=1? true
[483] 28 37 -11 -8 -4 2  |  [ 28  (-11,-8,-4,2) ; (-9,8,4,-2)  37 ]  | det=1? true
[484] 34 37 -10 -7 -4 -3  |  [ 34  (-10,-7,-4,-3) ; (-13,7,4,3)  37 ]  | det=1? true
[485] 34 37 -13 -7 -4 3  |  [ 34  (-13,-7,-4,3) ; (-10,7,4,-3)  37 ]  | det=1? true
[486] 13 37 -6 -3 -3 -1  |  [ 13  (-6,-3,-3,-1) ; (-7,3,3,1)  37 ]  | det=1? true
[487] 13 37 -7 -3 -3 1  |  [ 13  (-7,-3,-3,1) ; (-6,3,3,-1)  37 ]  | det=1? true
[488] 13 37 -5 -4 -1 -3  |  [ 13  (-5,-4,-1,-3) ; (-8,4,1,3)  37 ]  | det=1? true
[489] 13 37 -8 -4 -1 3  |  [ 13  (-8,-4,-1,3) ; (-5,4,1,-3)  37 ]  | det=1? true
[490] 15 37 -2 0 -3 -2  |  [ 15  (-2,0,-3,-2) ; (-4,0,3,2)  37 ]  | det=1? true
[491] 15 37 -4 0 -3 2  |  [ 15  (-4,0,-3,2) ; (-2,0,3,-2)  37 ]  | det=1? true
[492] 16 37 -5 -2 -3 -2  |  [ 16  (-5,-2,-3,-2) ; (-7,2,3,2)  37 ]  | det=1? true
[493] 21 37 -6 -1 -1 -4  |  [ 21  (-6,-1,-1,-4) ; (-10,1,1,4)  37 ]  | det=1? true
[494] 21 37 -10 -1 -1 4  |  [ 21  (-10,-1,-1,4) ; (-6,1,1,-4)  37 ]  | det=1? true
[495] 28 37 -11 -12 -1 -4  |  [ 28  (-11,-12,-1,-4) ; (-15,12,1,4)  37 ]  | det=1? true
[496] 28 37 -15 -12 -1 4  |  [ 28  (-15,-12,-1,4) ; (-11,12,1,-4)  37 ]  | det=1? true
[497] 30 37 -6 -1 -4 -3  |  [ 30  (-6,-1,-4,-3) ; (-9,1,4,3)  37 ]  | det=1? true
[498] 31 37 -8 0 -3 -4  |  [ 31  (-8,0,-3,-4) ; (-12,0,3,4)  37 ]  | det=1? true
[499] 31 37 -12 0 -3 4  |  [ 31  (-12,0,-3,4) ; (-8,0,3,-4)  37 ]  | det=1? true
[500] 36 37 -9 -2 -5 -2  |  [ 36  (-9,-2,-5,-2) ; (-11,2,5,2)  37 ]  | det=1? true
[501] 36 37 -11 -2 -5 2  |  [ 36  (-11,-2,-5,2) ; (-9,2,5,-2)  37 ]  | det=1? true
[502] 37 37 -15 -4 -5 -1  |  [ 37  (-15,-4,-5,-1) ; (-16,4,5,1)  37 ]  | det=1? true
[503] 37 37 -16 -4 -5 1  |  [ 37  (-16,-4,-5,1) ; (-15,4,5,-1)  37 ]  | det=1? true
[504] 37 37 -13 -6 -1 -5  |  [ 37  (-13,-6,-1,-5) ; (-18,6,1,5)  37 ]  | det=1? true
[505] 37 37 -18 -6 -1 5  |  [ 37  (-18,-6,-1,5) ; (-13,6,1,-5)  37 ]  | det=1? true
[506] 21 38 -7 -2 -1 -4  |  [ 21  (-7,-2,-1,-4) ; (-11,2,1,4)  38 ]  | det=1? true
[507] 21 38 -11 -2 -1 4  |  [ 21  (-11,-2,-1,4) ; (-7,2,1,-4)  38 ]  | det=1? true
[508] 32 38 -11 0 -3 -4  |  [ 32  (-11,0,-3,-4) ; (-15,0,3,4)  38 ]  | det=1? true
[509] 32 38 -15 0 -3 4  |  [ 32  (-15,0,-3,4) ; (-11,0,3,-4)  38 ]  | det=1? true
[510] 32 38 -8 -7 -4 -3  |  [ 32  (-8,-7,-4,-3) ; (-11,7,4,3)  38 ]  | det=1? true
[511] 32 38 -11 -7 -4 3  |  [ 32  (-11,-7,-4,3) ; (-8,7,4,-3)  38 ]  | det=1? true
[512] 23 37 -6 -5 -3 -3  |  [ 23  (-6,-5,-3,-3) ; (-9,5,3,3)  37 ]  | det=1? true
[513] 24 37 -9 -7 -1 -4  |  [ 24  (-9,-7,-1,-4) ; (-13,7,1,4)  37 ]  | det=1? true
[514] 24 37 -13 -7 -1 4  |  [ 24  (-13,-7,-1,4) ; (-9,7,1,-4)  37 ]  | det=1? true
[515] 31 37 -15 -12 -4 -1  |  [ 31  (-15,-12,-4,-1) ; (-16,12,4,1)  37 ]  | det=1? true
[516] 31 37 -16 -12 -4 1  |  [ 31  (-16,-12,-4,1) ; (-15,12,4,-1)  37 ]  | det=1? true
[517] 31 37 -5 -3 -5 -1  |  [ 31  (-5,-3,-5,-1) ; (-6,3,5,1)  37 ]  | det=1? true
[518] 31 37 -6 -3 -5 1  |  [ 31  (-6,-3,-5,1) ; (-5,3,5,-1)  37 ]  | det=1? true
[519] 33 37 -9 -1 -1 -5  |  [ 33  (-9,-1,-1,-5) ; (-14,1,1,5)  37 ]  | det=1? true
[520] 33 37 -14 -1 -1 5  |  [ 33  (-14,-1,-1,5) ; (-9,1,1,-5)  37 ]  | det=1? true
[521] 34 37 -4 -1 -2 -5  |  [ 34  (-4,-1,-2,-5) ; (-9,1,2,5)  37 ]  | det=1? true
[522] 34 37 -9 -1 -2 5  |  [ 34  (-9,-1,-2,5) ; (-4,1,2,-5)  37 ]  | det=1? true
[523] 34 37 -3 -3 -2 -5  |  [ 34  (-3,-3,-2,-5) ; (-8,3,2,5)  37 ]  | det=1? true
[524] 34 37 -8 -3 -2 5  |  [ 34  (-8,-3,-2,5) ; (-3,3,2,-5)  37 ]  | det=1? true
[525] 36 37 -7 -5 -5 -2  |  [ 36  (-7,-5,-5,-2) ; (-9,5,5,2)  37 ]  | det=1? true
[526] 37 37 -14 -6 -5 -1  |  [ 37  (-14,-6,-5,-1) ; (-15,6,5,1)  37 ]  | det=1? true
[527] 37 37 -15 -6 -5 1  |  [ 37  (-15,-6,-5,1) ; (-14,6,5,-1)  37 ]  | det=1? true
[528] 37 37 -10 0 -2 -5  |  [ 37  (-10,0,-2,-5) ; (-15,0,2,5)  37 ]  | det=1? true
[529] 37 37 -15 0 -2 5  |  [ 37  (-15,0,-2,5) ; (-10,0,2,-5)  37 ]  | det=1? true
[530] 31 38 -9 -2 -3 -4  |  [ 31  (-9,-2,-3,-4) ; (-13,2,3,4)  38 ]  | det=1? true
[531] 31 38 -13 -2 -3 4  |  [ 31  (-13,-2,-3,4) ; (-9,2,3,-4)  38 ]  | det=1? true
[532] 33 38 -5 0 -5 -2  |  [ 33  (-5,0,-5,-2) ; (-7,0,5,2)  38 ]  | det=1? true
[533] 33 38 -7 0 -5 2  |  [ 33  (-7,0,-5,2) ; (-5,0,5,-2)  38 ]  | det=1? true
[534] 36 38 -10 1 -2 -5  |  [ 36  (-10,1,-2,-5) ; (-15,-1,2,5)  38 ]  | det=1? true
[535] 36 38 -15 1 -2 5  |  [ 36  (-15,1,-2,5) ; (-10,-1,2,-5)  38 ]  | det=1? true
[536] 16 37 -7 -2 -3 2  |  [ 16  (-7,-2,-3,2) ; (-5,2,3,-2)  37 ]  | det=1? true
[537] 20 37 -4 -1 -4 -1  |  [ 20  (-4,-1,-4,-1) ; (-5,1,4,1)  37 ]  | det=1? true
[538] 25 37 -6 -4 -2 -4  |  [ 25  (-6,-4,-2,-4) ; (-10,4,2,4)  37 ]  | det=1? true
[539] 25 37 -10 -4 -2 4  |  [ 25  (-10,-4,-2,4) ; (-6,4,2,-4)  37 ]  | det=1? true
[540] 30 37 -14 -5 -4 -2  |  [ 30  (-14,-5,-4,-2) ; (-16,5,4,2)  37 ]  | det=1? true
[541] 30 37 -16 -5 -4 2  |  [ 30  (-16,-5,-4,2) ; (-14,5,4,-2)  37 ]  | det=1? true
[542] 30 37 -9 -1 -4 3  |  [ 30  (-9,-1,-4,3) ; (-6,1,4,-3)  37 ]  | det=1? true
[543] 29 38 -6 1 -4 -3  |  [ 29  (-6,1,-4,-3) ; (-9,-1,4,3)  38 ]  | det=1? true
[544] 20 37 -5 -1 -4 1  |  [ 20  (-5,-1,-4,1) ; (-4,1,4,-1)  37 ]  | det=1? true
[545] 21 37 -4 -5 -1 -4  |  [ 21  (-4,-5,-1,-4) ; (-8,5,1,4)  37 ]  | det=1? true
[546] 21 37 -8 -5 -1 4  |  [ 21  (-8,-5,-1,4) ; (-4,5,1,-4)  37 ]  | det=1? true
[547] 33 37 -11 1 -5 -1  |  [ 33  (-11,1,-5,-1) ; (-12,-1,5,1)  37 ]  | det=1? true
[548] 33 37 -12 1 -5 1  |  [ 33  (-12,1,-5,1) ; (-11,-1,5,-1)  37 ]  | det=1? true
[549] 35 37 -8 1 -5 -2  |  [ 35  (-8,1,-5,-2) ; (-10,-1,5,2)  37 ]  | det=1? true
[550] 35 37 -10 1 -5 2  |  [ 35  (-10,1,-5,2) ; (-8,-1,5,-2)  37 ]  | det=1? true
[551] 29 38 -9 1 -4 3  |  [ 29  (-9,1,-4,3) ; (-6,-1,4,-3)  38 ]  | det=1? true
[552] 30 37 -13 -6 -2 -4  |  [ 30  (-13,-6,-2,-4) ; (-17,6,2,4)  37 ]  | det=1? true
[553] 30 37 -17 -6 -2 4  |  [ 30  (-17,-6,-2,4) ; (-13,6,2,-4)  37 ]  | det=1? true
[554] 33 38 -4 1 -2 -5  |  [ 33  (-4,1,-2,-5) ; (-9,-1,2,5)  38 ]  | det=1? true
[555] 21 40 -1 2 -4 -2  |  [ 21  (-1,2,-4,-2) ; (-3,-2,4,2)  40 ]  | det=1? true
[556] 21 40 -3 2 -4 2  |  [ 21  (-3,2,-4,2) ; (-1,-2,4,-2)  40 ]  | det=1? true
[557] 24 39 -6 -5 -2 -4  |  [ 24  (-6,-5,-2,-4) ; (-10,5,2,4)  39 ]  | det=1? true
[558] 24 39 -10 -5 -2 4  |  [ 24  (-10,-5,-2,4) ; (-6,5,2,-4)  39 ]  | det=1? true
[559] 29 39 -4 -1 -1 -5  |  [ 29  (-4,-1,-1,-5) ; (-9,1,1,5)  39 ]  | det=1? true
[560] 29 39 -9 -1 -1 5  |  [ 29  (-9,-1,-1,5) ; (-4,1,1,-5)  39 ]  | det=1? true
[561] 31 39 -8 -3 -1 -5  |  [ 31  (-8,-3,-1,-5) ; (-13,3,1,5)  39 ]  | det=1? true
[562] 31 39 -13 -3 -1 5  |  [ 31  (-13,-3,-1,5) ; (-8,3,1,-5)  39 ]  | det=1? true
[563] 32 39 -2 -3 -2 -5  |  [ 32  (-2,-3,-2,-5) ; (-7,3,2,5)  39 ]  | det=1? true
[564] 32 39 -7 -3 -2 5  |  [ 32  (-7,-3,-2,5) ; (-2,3,2,-5)  39 ]  | det=1? true
[565] 33 39 -10 -7 -5 -1  |  [ 33  (-10,-7,-5,-1) ; (-11,7,5,1)  39 ]  | det=1? true
[566] 33 39 -11 -7 -5 1  |  [ 33  (-11,-7,-5,1) ; (-10,7,5,-1)  39 ]  | det=1? true
[567] 33 39 -8 -9 -1 -5  |  [ 33  (-8,-9,-1,-5) ; (-13,9,1,5)  39 ]  | det=1? true
[568] 33 39 -13 -9 -1 5  |  [ 33  (-13,-9,-1,5) ; (-8,9,1,-5)  39 ]  | det=1? true
[569] 9 40 -3 -2 -2 -2  |  [ 9  (-3,-2,-2,-2) ; (-5,2,2,2)  40 ]  | det=1? true
[570] 9 40 -5 -2 -2 2  |  [ 9  (-5,-2,-2,2) ; (-3,2,2,-2)  40 ]  | det=1? true
[571] 37 40 -13 -13 -3 -4  |  [ 37  (-13,-13,-3,-4) ; (-17,13,3,4)  40 ]  | det=1? true
[572] 37 40 -17 -13 -3 4  |  [ 37  (-17,-13,-3,4) ; (-13,13,3,-4)  40 ]  | det=1? true
[573] 21 39 -8 -4 -4 -1  |  [ 21  (-8,-4,-4,-1) ; (-9,4,4,1)  39 ]  | det=1? true
[574] 21 39 -9 -4 -4 1  |  [ 21  (-9,-4,-4,1) ; (-8,4,4,-1)  39 ]  | det=1? true
[575] 29 39 -6 1 -5 -1  |  [ 29  (-6,1,-5,-1) ; (-7,-1,5,1)  39 ]  | det=1? true
[576] 29 39 -7 1 -5 1  |  [ 29  (-7,1,-5,1) ; (-6,-1,5,-1)  39 ]  | det=1? true
[577] 31 39 -10 -3 -3 -4  |  [ 31  (-10,-3,-3,-4) ; (-14,3,3,4)  39 ]  | det=1? true
[578] 37 39 -10 -8 -5 -2  |  [ 37  (-10,-8,-5,-2) ; (-12,8,5,2)  39 ]  | det=1? true
[579] 37 39 -12 -8 -5 2  |  [ 37  (-12,-8,-5,2) ; (-10,8,5,-2)  39 ]  | det=1? true
[580] 37 39 -2 0 -3 -5  |  [ 37  (-2,0,-3,-5) ; (-7,0,3,5)  39 ]  | det=1? true
[581] 37 39 -7 0 -3 5  |  [ 37  (-7,0,-3,5) ; (-2,0,3,-5)  39 ]  | det=1? true
[582] 15 40 -5 -3 -3 -2  |  [ 15  (-5,-3,-3,-2) ; (-7,3,3,2)  40 ]  | det=1? true
[583] 15 40 -7 -3 -3 2  |  [ 15  (-7,-3,-3,2) ; (-5,3,3,-2)  40 ]  | det=1? true
[584] 32 40 -13 -3 -4 -3  |  [ 32  (-13,-3,-4,-3) ; (-16,3,4,3)  40 ]  | det=1? true
[585] 32 40 -16 -3 -4 3  |  [ 32  (-16,-3,-4,3) ; (-13,3,4,-3)  40 ]  | det=1? true
[586] 33 40 -6 -5 -2 -5  |  [ 33  (-6,-5,-2,-5) ; (-11,5,2,5)  40 ]  | det=1? true
[587] 33 40 -11 -5 -2 5  |  [ 33  (-11,-5,-2,5) ; (-6,5,2,-5)  40 ]  | det=1? true
[588] 34 40 -13 -8 -3 -4  |  [ 34  (-13,-8,-3,-4) ; (-17,8,3,4)  40 ]  | det=1? true
[589] 34 40 -17 -8 -3 4  |  [ 34  (-17,-8,-3,4) ; (-13,8,3,-4)  40 ]  | det=1? true
[590] 40 40 -15 -9 -5 -2  |  [ 40  (-15,-9,-5,-2) ; (-17,9,5,2)  40 ]  | det=1? true
[591] 40 40 -17 -9 -5 2  |  [ 40  (-17,-9,-5,2) ; (-15,9,5,-2)  40 ]  | det=1? true
[592] 19 39 -5 2 -4 -1  |  [ 19  (-5,2,-4,-1) ; (-6,-2,4,1)  39 ]  | det=1? true
[593] 19 39 -6 2 -4 1  |  [ 19  (-6,2,-4,1) ; (-5,-2,4,-1)  39 ]  | det=1? true
[594] 20 39 -9 -4 -1 4  |  [ 20  (-9,-4,-1,4) ; (-5,4,1,-4)  39 ]  | det=1? true
[595] 23 39 -7 -7 -3 -3  |  [ 23  (-7,-7,-3,-3) ; (-10,7,3,3)  39 ]  | det=1? true
[596] 34 39 -13 -6 -3 -4  |  [ 34  (-13,-6,-3,-4) ; (-17,6,3,4)  39 ]  | det=1? true
[597] 34 39 -17 -6 -3 4  |  [ 34  (-17,-6,-3,4) ; (-13,6,3,-4)  39 ]  | det=1? true
[598] 34 39 -13 -1 -2 5  |  [ 34  (-13,-1,-2,5) ; (-8,1,2,-5)  39 ]  | det=1? true
[599] 35 39 -14 -2 -1 -5  |  [ 35  (-14,-2,-1,-5) ; (-19,2,1,5)  39 ]  | det=1? true
[600] 35 39 -19 -2 -1 5  |  [ 35  (-19,-2,-1,5) ; (-14,2,1,-5)  39 ]  | det=1? true
[601] 37 39 -3 1 -5 -3  |  [ 37  (-3,1,-5,-3) ; (-6,-1,5,3)  39 ]  | det=1? true
[602] 17 40 -7 -7 -2 -3  |  [ 17  (-7,-7,-2,-3) ; (-10,7,2,3)  40 ]  | det=1? true
[603] 17 40 -10 -7 -2 3  |  [ 17  (-10,-7,-2,3) ; (-7,7,2,-3)  40 ]  | det=1? true
[604] 29 40 -8 -3 -4 -3  |  [ 29  (-8,-3,-4,-3) ; (-11,3,4,3)  40 ]  | det=1? true
[605] 29 40 -11 -3 -4 3  |  [ 29  (-11,-3,-4,3) ; (-8,3,4,-3)  40 ]  | det=1? true
[606] 31 40 -3 -1 -5 -2  |  [ 31  (-3,-1,-5,-2) ; (-5,1,5,2)  40 ]  | det=1? true
[607] 31 40 -5 -1 -5 2  |  [ 31  (-5,-1,-5,2) ; (-3,1,5,-2)  40 ]  | det=1? true
[608] 20 39 -5 -4 -1 -4  |  [ 20  (-5,-4,-1,-4) ; (-9,4,1,4)  39 ]  | det=1? true
[609] 24 39 -7 -4 -4 -2  |  [ 24  (-7,-4,-4,-2) ; (-9,4,4,2)  39 ]  | det=1? true
[610] 24 39 -9 -4 -4 2  |  [ 24  (-9,-4,-4,2) ; (-7,4,4,-2)  39 ]  | det=1? true
[611] 26 39 -11 -2 -2 -4  |  [ 26  (-11,-2,-2,-4) ; (-15,2,2,4)  39 ]  | det=1? true
[612] 34 39 -8 -1 -2 -5  |  [ 34  (-8,-1,-2,-5) ; (-13,1,2,5)  39 ]  | det=1? true
[613] 38 40 -14 -5 -2 -5  |  [ 38  (-14,-5,-2,-5) ; (-19,5,2,5)  40 ]  | det=1? true
[614] 38 40 -19 -5 -2 5  |  [ 38  (-19,-5,-2,5) ; (-14,5,2,-5)  40 ]  | det=1? true
[615] 14 39 0 1 -2 -3  |  [ 14  (0,1,-2,-3) ; (-3,-1,2,3)  39 ]  | det=1? true
[616] 14 39 -3 1 -2 3  |  [ 14  (-3,1,-2,3) ; (0,-1,2,-3)  39 ]  | det=1? true
[617] 14 40 -3 1 -3 -2  |  [ 14  (-3,1,-3,-2) ; (-5,-1,3,2)  40 ]  | det=1? true
[618] 14 40 -5 1 -3 2  |  [ 14  (-5,1,-3,2) ; (-3,-1,3,-2)  40 ]  | det=1? true
[619] 38 40 -16 -11 -4 -3  |  [ 38  (-16,-11,-4,-3) ; (-19,11,4,3)  40 ]  | det=1? true
[620] 38 40 -19 -11 -4 3  |  [ 38  (-19,-11,-4,3) ; (-16,11,4,-3)  40 ]  | det=1? true
[621] 31 39 -10 -1 -5 -1  |  [ 31  (-10,-1,-5,-1) ; (-11,1,5,1)  39 ]  | det=1? true
[622] 14 40 -2 -1 -2 -3  |  [ 14  (-2,-1,-2,-3) ; (-5,1,2,3)  40 ]  | det=1? true
[623] 14 40 -5 -1 -2 3  |  [ 14  (-5,-1,-2,3) ; (-2,1,2,-3)  40 ]  | det=1? true
[624] 21 40 0 1 -2 -4  |  [ 21  (0,1,-2,-4) ; (-4,-1,2,4)  40 ]  | det=1? true
[625] 21 40 -4 1 -2 4  |  [ 21  (-4,1,-2,4) ; (0,-1,2,-4)  40 ]  | det=1? true
[626] 41 42 -10 -7 0 -6  |  [ 41  (-10,-7,0,-6) ; (-16,7,0,6)  42 ]  | det=1? true
[627] 23 42 -9 -2 -2 -4  |  [ 23  (-9,-2,-2,-4) ; (-13,2,2,4)  42 ]  | det=1? true
[628] 23 42 -13 -2 -2 4  |  [ 23  (-13,-2,-2,4) ; (-9,2,2,-4)  42 ]  | det=1? true
[629] 19 43 -9 -2 -4 -1  |  [ 19  (-9,-2,-4,-1) ; (-10,2,4,1)  43 ]  | det=1? true
[630] 19 43 -10 -2 -4 1  |  [ 19  (-10,-2,-4,1) ; (-9,2,4,-1)  43 ]  | det=1? true
[631] 26 41 -2 -1 -4 -3  |  [ 26  (-2,-1,-4,-3) ; (-5,1,4,3)  41 ]  | det=1? true
[632] 26 41 -5 -1 -4 3  |  [ 26  (-5,-1,-4,3) ; (-2,1,4,-3)  41 ]  | det=1? true
[633] 33 41 -17 -7 -1 5  |  [ 33  (-17,-7,-1,5) ; (-12,7,1,-5)  41 ]  | det=1? true
[634] 33 41 -12 -8 -5 -1  |  [ 33  (-12,-8,-5,-1) ; (-13,8,5,1)  41 ]  | det=1? true
[635] 33 41 -13 -8 -5 1  |  [ 33  (-13,-8,-5,1) ; (-12,8,5,-1)  41 ]  | det=1? true
[636] 39 41 -16 -13 -5 -1  |  [ 39  (-16,-13,-5,-1) ; (-17,13,5,1)  41 ]  | det=1? true
[637] 39 41 -17 -13 -5 1  |  [ 39  (-17,-13,-5,1) ; (-16,13,5,-1)  41 ]  | det=1? true
[638] 23 42 -8 -5 -4 -2  |  [ 23  (-8,-5,-4,-2) ; (-10,5,4,2)  42 ]  | det=1? true
[639] 23 42 -10 -5 -4 2  |  [ 23  (-10,-5,-4,2) ; (-8,5,4,-2)  42 ]  | det=1? true
[640] 32 42 -9 1 -2 -5  |  [ 32  (-9,1,-2,-5) ; (-14,-1,2,5)  42 ]  | det=1? true
[641] 32 42 -14 1 -2 5  |  [ 32  (-14,1,-2,5) ; (-9,-1,2,-5)  42 ]  | det=1? true
[642] 41 42 -1 2 -5 -4  |  [ 41  (-1,2,-5,-4) ; (-5,-2,5,4)  42 ]  | det=1? true
[643] 30 43 -13 -3 -3 -4  |  [ 30  (-13,-3,-3,-4) ; (-17,3,3,4)  43 ]  | det=1? true
[644] 30 43 -17 -3 -3 4  |  [ 30  (-17,-3,-3,4) ; (-13,3,3,-4)  43 ]  | det=1? true
[645] 32 43 -11 -2 -5 -2  |  [ 32  (-11,-2,-5,-2) ; (-13,2,5,2)  43 ]  | det=1? true
[646] 43 43 -15 -10 -5 -3  |  [ 43  (-15,-10,-5,-3) ; (-18,10,5,3)  43 ]  | det=1? true
[647] 43 43 -18 -10 -5 3  |  [ 43  (-18,-10,-5,3) ; (-15,10,5,-3)  43 ]  | det=1? true
[648] 43 43 -13 -8 -6 -1  |  [ 43  (-13,-8,-6,-1) ; (-14,8,6,1)  43 ]  | det=1? true
[649] 43 43 -14 -8 -6 1  |  [ 43  (-14,-8,-6,1) ; (-13,8,6,-1)  43 ]  | det=1? true
[650] 43 43 -6 -6 -4 -5  |  [ 43  (-6,-6,-4,-5) ; (-11,6,4,5)  43 ]  | det=1? true
[651] 43 43 -11 -6 -4 5  |  [ 43  (-11,-6,-4,5) ; (-6,6,4,-5)  43 ]  | det=1? true
[652] 28 44 -2 1 -2 -5  |  [ 28  (-2,1,-2,-5) ; (-7,-1,2,5)  44 ]  | det=1? true
[653] 28 44 -7 1 -2 5  |  [ 28  (-7,1,-2,5) ; (-2,-1,2,-5)  44 ]  | det=1? true
[654] 39 44 -3 -2 -2 -6  |  [ 39  (-3,-2,-2,-6) ; (-9,2,2,6)  44 ]  | det=1? true
[655] 39 44 -9 -2 -2 6  |  [ 39  (-9,-2,-2,6) ; (-3,2,2,-6)  44 ]  | det=1? true
[656] 42 44 -17 -15 -2 -5  |  [ 42  (-17,-15,-2,-5) ; (-22,15,2,5)  44 ]  | det=1? true
[657] 42 44 -22 -15 -2 5  |  [ 42  (-22,-15,-2,5) ; (-17,15,2,-5)  44 ]  | det=1? true
[658] 11 41 -5 0 -3 -1  |  [ 11  (-5,0,-3,-1) ; (-6,0,3,1)  41 ]  | det=1? true
[659] 11 41 -6 0 -3 1  |  [ 11  (-6,0,-3,1) ; (-5,0,3,-1)  41 ]  | det=1? true
[660] 11 41 -4 -1 -1 -3  |  [ 11  (-4,-1,-1,-3) ; (-7,1,1,3)  41 ]  | det=1? true
[661] 11 41 -7 -1 -1 3  |  [ 11  (-7,-1,-1,3) ; (-4,1,1,-3)  41 ]  | det=1? true
[662] 11 41 -3 -3 -1 -3  |  [ 11  (-3,-3,-1,-3) ; (-6,3,1,3)  41 ]  | det=1? true
[663] 11 41 -6 -3 -1 3  |  [ 11  (-6,-3,-1,3) ; (-3,3,1,-3)  41 ]  | det=1? true
[664] 29 41 -10 -1 -5 1  |  [ 29  (-10,-1,-5,1) ; (-9,1,5,-1)  41 ]  | det=1? true
[665] 29 41 -6 -5 -1 -5  |  [ 29  (-6,-5,-1,-5) ; (-11,5,1,5)  41 ]  | det=1? true
[666] 29 41 -11 -5 -1 5  |  [ 29  (-11,-5,-1,5) ; (-6,5,1,-5)  41 ]  | det=1? true
[667] 30 41 -3 1 -5 -2  |  [ 30  (-3,1,-5,-2) ; (-5,-1,5,2)  41 ]  | det=1? true
[668] 30 41 -5 1 -5 2  |  [ 30  (-5,1,-5,2) ; (-3,-1,5,-2)  41 ]  | det=1? true
[669] 31 41 -13 1 -5 -1  |  [ 31  (-13,1,-5,-1) ; (-14,-1,5,1)  41 ]  | det=1? true
[670] 31 41 -14 1 -5 1  |  [ 31  (-14,1,-5,1) ; (-13,-1,5,-1)  41 ]  | det=1? true
[671] 32 41 -9 2 -5 -2  |  [ 32  (-9,2,-5,-2) ; (-11,-2,5,2)  41 ]  | det=1? true
[672] 32 41 -11 2 -5 2  |  [ 32  (-11,2,-5,2) ; (-9,-2,5,-2)  41 ]  | det=1? true
[673] 33 41 -14 -5 -5 -1  |  [ 33  (-14,-5,-5,-1) ; (-15,5,5,1)  41 ]  | det=1? true
[674] 37 41 -7 -1 -3 -5  |  [ 37  (-7,-1,-3,-5) ; (-12,1,3,5)  41 ]  | det=1? true
[675] 37 41 -12 -1 -3 5  |  [ 37  (-12,-1,-3,5) ; (-7,1,3,-5)  41 ]  | det=1? true
[676] 39 41 -19 -9 -5 -1  |  [ 39  (-19,-9,-5,-1) ; (-20,9,5,1)  41 ]  | det=1? true
[677] 39 41 -20 -9 -5 1  |  [ 39  (-20,-9,-5,1) ; (-19,9,5,-1)  41 ]  | det=1? true
[678] 40 41 -16 -15 -4 -3  |  [ 40  (-16,-15,-4,-3) ; (-19,15,4,3)  41 ]  | det=1? true
[679] 41 41 -10 -2 -6 -1  |  [ 41  (-10,-2,-6,-1) ; (-11,2,6,1)  41 ]  | det=1? true
[680] 41 41 -11 -2 -6 1  |  [ 41  (-11,-2,-6,1) ; (-10,2,6,-1)  41 ]  | det=1? true
[681] 33 42 -11 -3 -5 -2  |  [ 33  (-11,-3,-5,-2) ; (-13,3,5,2)  42 ]  | det=1? true
[682] 33 42 -8 -7 -2 -5  |  [ 33  (-8,-7,-2,-5) ; (-13,7,2,5)  42 ]  | det=1? true
[683] 31 43 -15 0 -5 -1  |  [ 31  (-15,0,-5,-1) ; (-16,0,5,1)  43 ]  | det=1? true
[684] 31 43 -16 0 -5 1  |  [ 31  (-16,0,-5,1) ; (-15,0,5,-1)  43 ]  | det=1? true
[685] 31 43 -10 2 -5 -2  |  [ 31  (-10,2,-5,-2) ; (-12,-2,5,2)  43 ]  | det=1? true
[686] 31 43 -12 2 -5 2  |  [ 31  (-12,2,-5,2) ; (-10,-2,5,-2)  43 ]  | det=1? true
[687] 33 43 -11 -4 -2 -5  |  [ 33  (-11,-4,-2,-5) ; (-16,4,2,5)  43 ]  | det=1? true
[688] 33 43 -16 -4 -2 5  |  [ 33  (-16,-4,-2,5) ; (-11,4,2,-5)  43 ]  | det=1? true
[689] 41 43 -20 2 -5 3  |  [ 41  (-20,2,-5,3) ; (-17,-2,5,-3)  43 ]  | det=1? true
[690] 43 43 -20 -16 -5 -1  |  [ 43  (-20,-16,-5,-1) ; (-21,16,5,1)  43 ]  | det=1? true
[691] 43 43 -21 -16 -5 1  |  [ 43  (-21,-16,-5,1) ; (-20,16,5,-1)  43 ]  | det=1? true
[692] 43 43 -14 -11 -3 -5  |  [ 43  (-14,-11,-3,-5) ; (-19,11,3,5)  43 ]  | det=1? true
[693] 43 43 -19 -11 -3 5  |  [ 43  (-19,-11,-3,5) ; (-14,11,3,-5)  43 ]  | det=1? true
[694] 29 44 -7 2 -5 -2  |  [ 29  (-7,2,-5,-2) ; (-9,-2,5,2)  44 ]  | det=1? true
[695] 35 44 -17 -6 -5 2  |  [ 35  (-17,-6,-5,2) ; (-15,6,5,-2)  44 ]  | det=1? true
[696] 35 44 -13 -9 -5 -2  |  [ 35  (-13,-9,-5,-2) ; (-15,9,5,2)  44 ]  | det=1? true
[697] 35 44 -15 -9 -5 2  |  [ 35  (-15,-9,-5,2) ; (-13,9,5,-2)  44 ]  | det=1? true
[698] 38 44 -10 -3 -6 1  |  [ 38  (-10,-3,-6,1) ; (-9,3,6,-1)  44 ]  | det=1? true
[699] 40 44 -15 1 -6 1  |  [ 40  (-15,1,-6,1) ; (-14,-1,6,-1)  44 ]  | det=1? true
[700] 43 44 -15 -2 -6 2  |  [ 43  (-15,-2,-6,2) ; (-13,2,6,-2)  44 ]  | det=1? true
[701] 44 44 -19 -2 -2 6  |  [ 44  (-19,-2,-2,6) ; (-13,2,2,-6)  44 ]  | det=1? true
[702] 11 41 -4 -2 -3 -1  |  [ 11  (-4,-2,-3,-1) ; (-5,2,3,1)  41 ]  | det=1? true
[703] 11 41 -5 -2 -3 1  |  [ 11  (-5,-2,-3,1) ; (-4,2,3,-1)  41 ]  | det=1? true
[704] 14 41 -4 1 -2 -3  |  [ 14  (-4,1,-2,-3) ; (-7,-1,2,3)  41 ]  | det=1? true
[705] 29 41 -7 -3 -1 -5  |  [ 29  (-7,-3,-1,-5) ; (-12,3,1,5)  41 ]  | det=1? true
[706] 29 41 -12 -3 -1 5  |  [ 29  (-12,-3,-1,5) ; (-7,3,1,-5)  41 ]  | det=1? true
[707] 33 41 -12 -7 -1 -5  |  [ 33  (-12,-7,-1,-5) ; (-17,7,1,5)  41 ]  | det=1? true
[708] 33 41 -9 -2 -2 -5  |  [ 33  (-9,-2,-2,-5) ; (-14,2,2,5)  41 ]  | det=1? true
[709] 33 41 -14 -2 -2 5  |  [ 33  (-14,-2,-2,5) ; (-9,2,2,-5)  41 ]  | det=1? true
[710] 33 41 -10 -2 -5 -2  |  [ 33  (-10,-2,-5,-2) ; (-12,2,5,2)  41 ]  | det=1? true
[711] 33 41 -12 -2 -5 2  |  [ 33  (-12,-2,-5,2) ; (-10,2,5,-2)  41 ]  | det=1? true
[712] 30 42 -5 -1 -5 -2  |  [ 30  (-5,-1,-5,-2) ; (-7,1,5,2)  42 ]  | det=1? true
[713] 30 42 -7 -1 -5 2  |  [ 30  (-7,-1,-5,2) ; (-5,1,5,-2)  42 ]  | det=1? true
[714] 31 42 -7 1 -2 -5  |  [ 31  (-7,1,-2,-5) ; (-12,-1,2,5)  42 ]  | det=1? true
[715] 31 42 -12 1 -2 5  |  [ 31  (-12,1,-2,5) ; (-7,-1,2,-5)  42 ]  | det=1? true
[716] 36 42 -10 -11 -2 -5  |  [ 36  (-10,-11,-2,-5) ; (-15,11,2,5)  42 ]  | det=1? true
[717] 36 42 -15 -11 -2 5  |  [ 36  (-15,-11,-2,5) ; (-10,11,2,-5)  42 ]  | det=1? true
[718] 39 42 -7 -3 -6 -1  |  [ 39  (-7,-3,-6,-1) ; (-8,3,6,1)  42 ]  | det=1? true
[719] 14 43 -5 -3 -2 -3  |  [ 14  (-5,-3,-2,-3) ; (-8,3,2,3)  43 ]  | det=1? true
[720] 14 43 -8 -3 -2 3  |  [ 14  (-8,-3,-2,3) ; (-5,3,2,-3)  43 ]  | det=1? true
[721] 26 43 -7 1 -4 -3  |  [ 26  (-7,1,-4,-3) ; (-10,-1,4,3)  43 ]  | det=1? true
[722] 26 43 -10 1 -4 3  |  [ 26  (-10,1,-4,3) ; (-7,-1,4,-3)  43 ]  | det=1? true
[723] 32 43 -13 -2 -5 2  |  [ 32  (-13,-2,-5,2) ; (-11,2,5,-2)  43 ]  | det=1? true
[724] 36 43 -14 -7 -2 -5  |  [ 36  (-14,-7,-2,-5) ; (-19,7,2,5)  43 ]  | det=1? true
[725] 36 43 -19 -7 -2 5  |  [ 36  (-19,-7,-2,5) ; (-14,7,2,-5)  43 ]  | det=1? true
[726] 37 43 -12 -12 -2 -5  |  [ 37  (-12,-12,-2,-5) ; (-17,12,2,5)  43 ]  | det=1? true
[727] 37 43 -17 -12 -2 5  |  [ 37  (-17,-12,-2,5) ; (-12,12,2,-5)  43 ]  | det=1? true
[728] 38 43 -8 -1 -6 -1  |  [ 38  (-8,-1,-6,-1) ; (-9,1,6,1)  43 ]  | det=1? true
[729] 38 43 -9 -1 -6 1  |  [ 38  (-9,-1,-6,1) ; (-8,1,6,-1)  43 ]  | det=1? true
[730] 40 43 -9 -5 -1 -6  |  [ 40  (-9,-5,-1,-6) ; (-15,5,1,6)  43 ]  | det=1? true
[731] 40 43 -15 -5 -1 6  |  [ 40  (-15,-5,-1,6) ; (-9,5,1,-6)  43 ]  | det=1? true
[732] 40 43 -10 -5 -6 -1  |  [ 40  (-10,-5,-6,-1) ; (-11,5,6,1)  43 ]  | det=1? true
[733] 41 43 -17 2 -5 -3  |  [ 41  (-17,2,-5,-3) ; (-20,-2,5,3)  43 ]  | det=1? true
[734] 42 43 -7 -1 -5 -4  |  [ 42  (-7,-1,-5,-4) ; (-11,1,5,4)  43 ]  | det=1? true
[735] 42 43 -11 -1 -5 4  |  [ 42  (-11,-1,-5,4) ; (-7,1,5,-4)  43 ]  | det=1? true
[736] 43 43 -14 -14 -4 -4  |  [ 43  (-14,-14,-4,-4) ; (-18,14,4,4)  43 ]  | det=1? true
[737] 43 43 -12 0 -6 -2  |  [ 43  (-12,0,-6,-2) ; (-14,0,6,2)  43 ]  | det=1? true
[738] 43 43 -14 0 -6 2  |  [ 43  (-14,0,-6,2) ; (-12,0,6,-2)  43 ]  | det=1? true
[739] 32 44 -13 2 -5 -2  |  [ 32  (-13,2,-5,-2) ; (-15,-2,5,2)  44 ]  | det=1? true
[740] 32 44 -15 2 -5 2  |  [ 32  (-15,2,-5,2) ; (-13,-2,5,-2)  44 ]  | det=1? true
[741] 33 44 -13 1 -2 -5  |  [ 33  (-13,1,-2,-5) ; (-18,-1,2,5)  44 ]  | det=1? true
[742] 33 44 -18 1 -2 5  |  [ 33  (-18,1,-2,5) ; (-13,-1,2,-5)  44 ]  | det=1? true
[743] 35 44 -15 -6 -5 -2  |  [ 35  (-15,-6,-5,-2) ; (-17,6,5,2)  44 ]  | det=1? true
[744] 38 44 -9 -3 -6 -1  |  [ 38  (-9,-3,-6,-1) ; (-10,3,6,1)  44 ]  | det=1? true
[745] 44 44 -13 -8 -6 2  |  [ 44  (-13,-8,-6,2) ; (-11,8,6,-2)  44 ]  | det=1? true
[746] 31 41 -12 -4 -3 -4  |  [ 31  (-12,-4,-3,-4) ; (-16,4,3,4)  41 ]  | det=1? true
[747] 31 41 -16 -4 -3 4  |  [ 31  (-16,-4,-3,4) ; (-12,4,3,-4)  41 ]  | det=1? true
[748] 34 41 -11 1 -2 -5  |  [ 34  (-11,1,-2,-5) ; (-16,-1,2,5)  41 ]  | det=1? true
[749] 34 41 -16 1 -2 5  |  [ 34  (-16,1,-2,5) ; (-11,-1,2,-5)  41 ]  | det=1? true
[750] 37 41 -8 0 -5 -3  |  [ 37  (-8,0,-5,-3) ; (-11,0,5,3)  41 ]  | det=1? true
[751] 33 42 -13 -7 -2 5  |  [ 33  (-13,-7,-2,5) ; (-8,7,2,-5)  42 ]  | det=1? true
[752] 37 42 -15 -5 -2 -5  |  [ 37  (-15,-5,-2,-5) ; (-20,5,2,5)  42 ]  | det=1? true
[753] 37 42 -20 -5 -2 5  |  [ 37  (-20,-5,-2,5) ; (-15,5,2,-5)  42 ]  | det=1? true
[754] 39 42 -8 -3 -6 1  |  [ 39  (-8,-3,-6,1) ; (-7,3,6,-1)  42 ]  | det=1? true
[755] 31 43 -12 -7 -5 -1  |  [ 31  (-12,-7,-5,-1) ; (-13,7,5,1)  43 ]  | det=1? true
[756] 31 43 -13 -7 -5 1  |  [ 31  (-13,-7,-5,1) ; (-12,7,5,-1)  43 ]  | det=1? true
[757] 31 43 -6 -6 -2 -5  |  [ 31  (-6,-6,-2,-5) ; (-11,6,2,5)  43 ]  | det=1? true
[758] 31 43 -11 -6 -2 5  |  [ 31  (-11,-6,-2,5) ; (-6,6,2,-5)  43 ]  | det=1? true
[759] 36 43 -1 3 -6 -1  |  [ 36  (-1,3,-6,-1) ; (-2,-3,6,1)  43 ]  | det=1? true
[760] 36 43 -2 3 -6 1  |  [ 36  (-2,3,-6,1) ; (-1,-3,6,-1)  43 ]  | det=1? true
[761] 39 43 -17 -14 -1 -5  |  [ 39  (-17,-14,-1,-5) ; (-22,14,1,5)  43 ]  | det=1? true
[762] 39 43 -13 -14 -2 -5  |  [ 39  (-13,-14,-2,-5) ; (-18,14,2,5)  43 ]  | det=1? true
[763] 39 43 -18 -14 -2 5  |  [ 39  (-18,-14,-2,5) ; (-13,14,2,-5)  43 ]  | det=1? true
[764] 40 43 -11 -5 -6 1  |  [ 40  (-11,-5,-6,1) ; (-10,5,6,-1)  43 ]  | det=1? true
[765] 41 43 -12 -10 -3 -5  |  [ 41  (-12,-10,-3,-5) ; (-17,10,3,5)  43 ]  | det=1? true
[766] 41 43 -17 -10 -3 5  |  [ 41  (-17,-10,-3,5) ; (-12,10,3,-5)  43 ]  | det=1? true
[767] 24 44 -1 0 -3 -4  |  [ 24  (-1,0,-3,-4) ; (-5,0,3,4)  44 ]  | det=1? true
[768] 33 44 -13 -12 -3 -4  |  [ 33  (-13,-12,-3,-4) ; (-17,12,3,4)  44 ]  | det=1? true
[769] 33 44 -17 -12 -3 4  |  [ 33  (-17,-12,-3,4) ; (-13,12,3,-4)  44 ]  | det=1? true
[770] 36 44 -14 -9 -2 -5  |  [ 36  (-14,-9,-2,-5) ; (-19,9,2,5)  44 ]  | det=1? true
[771] 36 44 -19 -9 -2 5  |  [ 36  (-19,-9,-2,5) ; (-14,9,2,-5)  44 ]  | det=1? true
[772] 37 44 -14 -11 -2 -5  |  [ 37  (-14,-11,-2,-5) ; (-19,11,2,5)  44 ]  | det=1? true
[773] 37 44 -19 -11 -2 5  |  [ 37  (-19,-11,-2,5) ; (-14,11,2,-5)  44 ]  | det=1? true
[774] 38 44 -10 -1 -6 -1  |  [ 38  (-10,-1,-6,-1) ; (-11,1,6,1)  44 ]  | det=1? true
[775] 38 44 -11 -1 -6 1  |  [ 38  (-11,-1,-6,1) ; (-10,1,6,-1)  44 ]  | det=1? true
[776] 40 44 -14 1 -6 -1  |  [ 40  (-14,1,-6,-1) ; (-15,-1,6,1)  44 ]  | det=1? true
[777] 43 44 -13 -2 -6 -2  |  [ 43  (-13,-2,-6,-2) ; (-15,2,6,2)  44 ]  | det=1? true
[778] 44 44 -11 -8 -6 -2  |  [ 44  (-11,-8,-6,-2) ; (-13,8,6,2)  44 ]  | det=1? true
[779] 26 41 -6 1 -4 3  |  [ 26  (-6,1,-4,3) ; (-3,-1,4,-3)  41 ]  | det=1? true
[780] 31 41 -11 -1 -1 -5  |  [ 31  (-11,-1,-1,-5) ; (-16,1,1,5)  41 ]  | det=1? true
[781] 33 41 -15 -5 -5 1  |  [ 33  (-15,-5,-5,1) ; (-14,5,5,-1)  41 ]  | det=1? true
[782] 41 41 -13 -3 -3 -5  |  [ 41  (-13,-3,-3,-5) ; (-18,3,3,5)  41 ]  | det=1? true
[783] 41 41 -18 -3 -3 5  |  [ 41  (-18,-3,-3,5) ; (-13,3,3,-5)  41 ]  | det=1? true
[784] 18 42 -3 -4 -1 -4  |  [ 18  (-3,-4,-1,-4) ; (-7,4,1,4)  42 ]  | det=1? true
[785] 18 42 -7 -4 -1 4  |  [ 18  (-7,-4,-1,4) ; (-3,4,1,-4)  42 ]  | det=1? true
[786] 35 43 -7 -1 -5 -3  |  [ 35  (-7,-1,-5,-3) ; (-10,1,5,3)  43 ]  | det=1? true
[787] 35 43 -10 -1 -5 3  |  [ 35  (-10,-1,-5,3) ; (-7,1,5,-3)  43 ]  | det=1? true
[788] 37 43 -16 -7 -5 -2  |  [ 37  (-16,-7,-5,-2) ; (-18,7,5,2)  43 ]  | det=1? true
[789] 37 43 -18 -7 -5 2  |  [ 37  (-18,-7,-5,2) ; (-16,7,5,-2)  43 ]  | det=1? true
[790] 30 44 -6 -5 -2 -5  |  [ 30  (-6,-5,-2,-5) ; (-11,5,2,5)  44 ]  | det=1? true
[791] 39 44 -5 0 -6 -2  |  [ 39  (-5,0,-6,-2) ; (-7,0,6,2)  44 ]  | det=1? true
[792] 39 44 -7 0 -6 2  |  [ 39  (-7,0,-6,2) ; (-5,0,6,-2)  44 ]  | det=1? true
[793] 39 41 -15 -8 -2 -5  |  [ 39  (-15,-8,-2,-5) ; (-20,8,2,5)  41 ]  | det=1? true
[794] 39 41 -20 -8 -2 5  |  [ 39  (-20,-8,-2,5) ; (-15,8,2,-5)  41 ]  | det=1? true
[795] 38 42 -13 -11 -2 -5  |  [ 38  (-13,-11,-2,-5) ; (-18,11,2,5)  42 ]  | det=1? true
[796] 38 42 -18 -11 -2 5  |  [ 38  (-18,-11,-2,5) ; (-13,11,2,-5)  42 ]  | det=1? true
[797] 39 43 -19 -12 -5 -1  |  [ 39  (-19,-12,-5,-1) ; (-20,12,5,1)  43 ]  | det=1? true
[798] 36 44 -3 -1 -1 -6  |  [ 36  (-3,-1,-1,-6) ; (-9,1,1,6)  44 ]  | det=1? true
[799] 36 44 -9 -1 -1 6  |  [ 36  (-9,-1,-1,6) ; (-3,1,1,-6)  44 ]  | det=1? true
[800] 26 41 -3 1 -4 -3  |  [ 26  (-3,1,-4,-3) ; (-6,-1,4,3)  41 ]  | det=1? true
[801] 31 41 -13 -2 -4 -3  |  [ 31  (-13,-2,-4,-3) ; (-16,2,4,3)  41 ]  | det=1? true
[802] 39 41 -14 -15 -1 -5  |  [ 39  (-14,-15,-1,-5) ; (-19,15,1,5)  41 ]  | det=1? true
[803] 39 41 -19 -15 -1 5  |  [ 39  (-19,-15,-1,5) ; (-14,15,1,-5)  41 ]  | det=1? true
[804] 41 41 -18 -14 -4 -3  |  [ 41  (-18,-14,-4,-3) ; (-21,14,4,3)  41 ]  | det=1? true
[805] 31 43 -18 -2 -4 3  |  [ 31  (-18,-2,-4,3) ; (-15,2,4,-3)  43 ]  | det=1? true
[806] 35 43 -11 -2 -3 5  |  [ 35  (-11,-2,-3,5) ; (-6,2,3,-5)  43 ]  | det=1? true
[807] 40 43 0 1 -4 -5  |  [ 40  (0,1,-4,-5) ; (-5,-1,4,5)  43 ]  | det=1? true
[808] 40 43 -5 1 -4 5  |  [ 40  (-5,1,-4,5) ; (0,-1,4,-5)  43 ]  | det=1? true
[809] 43 43 -10 -2 -2 -6  |  [ 43  (-10,-2,-2,-6) ; (-16,2,2,6)  43 ]  | det=1? true
[810] 43 43 -9 0 -4 -5  |  [ 43  (-9,0,-4,-5) ; (-14,0,4,5)  43 ]  | det=1? true
[811] 43 43 -14 0 -4 5  |  [ 43  (-14,0,-4,5) ; (-9,0,4,-5)  43 ]  | det=1? true
[812] 18 44 -7 -3 -4 -1  |  [ 18  (-7,-3,-4,-1) ; (-8,3,4,1)  44 ]  | det=1? true
[813] 41 44 -5 -4 -5 -4  |  [ 41  (-5,-4,-5,-4) ; (-9,4,5,4)  44 ]  | det=1? true
[814] 35 41 -1 0 -3 -5  |  [ 35  (-1,0,-3,-5) ; (-6,0,3,5)  41 ]  | det=1? true
[815] 35 41 -6 0 -3 5  |  [ 35  (-6,0,-3,5) ; (-1,0,3,-5)  41 ]  | det=1? true
[816] 27 43 -6 -1 -1 -5  |  [ 27  (-6,-1,-1,-5) ; (-11,1,1,5)  43 ]  | det=1? true
[817] 27 43 -11 -1 -1 5  |  [ 27  (-11,-1,-1,5) ; (-6,1,1,-5)  43 ]  | det=1? true
[818] 37 43 -2 -4 -1 -6  |  [ 37  (-2,-4,-1,-6) ; (-8,4,1,6)  43 ]  | det=1? true
[819] 37 43 -8 -4 -1 6  |  [ 37  (-8,-4,-1,6) ; (-2,4,1,-6)  43 ]  | det=1? true
[820] 32 41 -13 -5 -3 -4  |  [ 32  (-13,-5,-3,-4) ; (-17,5,3,4)  41 ]  | det=1? true
[821] 32 41 -17 -5 -3 4  |  [ 32  (-17,-5,-3,4) ; (-13,5,3,-4)  41 ]  | det=1? true
[822] 29 42 -1 1 -5 -2  |  [ 29  (-1,1,-5,-2) ; (-3,-1,5,2)  42 ]  | det=1? true
[823] 29 42 -3 1 -5 2  |  [ 29  (-3,1,-5,2) ; (-1,-1,5,-2)  42 ]  | det=1? true
[824] 13 43 -2 -1 -3 -2  |  [ 13  (-2,-1,-3,-2) ; (-4,1,3,2)  43 ]  | det=1? true
[825] 13 43 -4 -1 -3 2  |  [ 13  (-4,-1,-3,2) ; (-2,1,3,-2)  43 ]  | det=1? true
[826] 32 43 -13 -9 -4 -3  |  [ 32  (-13,-9,-4,-3) ; (-16,9,4,3)  43 ]  | det=1? true
[827] 35 43 -6 -2 -3 -5  |  [ 35  (-6,-2,-3,-5) ; (-11,2,3,5)  43 ]  | det=1? true
[828] 13 44 -3 -2 -3 -2  |  [ 13  (-3,-2,-3,-2) ; (-5,2,3,2)  44 ]  | det=1? true
[829] 13 44 -5 -2 -3 2  |  [ 13  (-5,-2,-3,2) ; (-3,2,3,-2)  44 ]  | det=1? true
[830] 26 44 -8 -1 -4 -3  |  [ 26  (-8,-1,-4,-3) ; (-11,1,4,3)  44 ]  | det=1? true
[831] 26 44 -11 -1 -4 3  |  [ 26  (-11,-1,-4,3) ; (-8,1,4,-3)  44 ]  | det=1? true
[832] 29 44 -9 -9 -3 -4  |  [ 29  (-9,-9,-3,-4) ; (-13,9,3,4)  44 ]  | det=1? true
[833] 28 43 -12 -5 -4 3  |  [ 28  (-12,-5,-4,3) ; (-9,5,4,-3)  43 ]  | det=1? true
[834] 25 44 -4 -3 -4 -3  |  [ 25  (-4,-3,-4,-3) ; (-7,3,4,3)  44 ]  | det=1? true
[835] 25 44 -7 -3 -4 3  |  [ 25  (-7,-3,-4,3) ; (-4,3,4,-3)  44 ]  | det=1? true
[836] 41 41 0 0 -2 -6  |  [ 41  (0,0,-2,-6) ; (-6,0,2,6)  41 ]  | det=1? true
[837] 4 42 0 1 -2 0  |  [ 4  (0,1,-2,0) ; (0,-1,2,0)  42 ]  | det=1? true
[838] 20 42 0 1 -2 -4  |  [ 20  (0,1,-2,-4) ; (-4,-1,2,4)  42 ]  | det=1? true
[839] 20 42 -4 1 -2 4  |  [ 20  (-4,1,-2,4) ; (0,-1,2,-4)  42 ]  | det=1? true
[840] 8 43 -2 1 -2 -2  |  [ 8  (-2,1,-2,-2) ; (-4,-1,2,2)  43 ]  | det=1? true
[841] 8 44 -3 0 -2 -2  |  [ 8  (-3,0,-2,-2) ; (-5,0,2,2)  44 ]  | det=1? true
[842] 13 42 0 1 -2 -3  |  [ 13  (0,1,-2,-3) ; (-3,-1,2,3)  42 ]  | det=1? true
[843] 13 42 -3 1 -2 3  |  [ 13  (-3,1,-2,3) ; (0,-1,2,-3)  42 ]  | det=1? true
[844] 17 43 -4 2 -4 -1  |  [ 17  (-4,2,-4,-1) ; (-5,-2,4,1)  43 ]  | det=1? true
[845] 42 42 -5 1 -5 -4  |  [ 42  (-5,1,-5,-4) ; (-9,-1,5,4)  42 ]  | det=1? true
[846] 42 42 -4 -1 -4 -5  |  [ 42  (-4,-1,-4,-5) ; (-9,1,4,5)  42 ]  | det=1? true
[847] 42 42 -9 -1 -4 5  |  [ 42  (-9,-1,-4,5) ; (-4,1,4,-5)  42 ]  | det=1? true
[848] 44 44 -3 -3 -3 -6  |  [ 44  (-3,-3,-3,-6) ; (-9,3,3,6)  44 ]  | det=1? true
[849] 44 44 -9 -3 -3 6  |  [ 44  (-9,-3,-3,6) ; (-3,3,3,-6)  44 ]  | det=1? true
[850] 25 43 -4 2 -4 -3  |  [ 25  (-4,2,-4,-3) ; (-7,-2,4,3)  43 ]  | det=1? true
[851] 25 43 -7 2 -4 3  |  [ 25  (-7,2,-4,3) ; (-4,-2,4,-3)  43 ]  | det=1? true
[852] 5 42 0 1 -2 -1  |  [ 5  (0,1,-2,-1) ; (-1,-1,2,1)  42 ]  | det=1? true
[853] 5 42 -1 1 -2 1  |  [ 5  (-1,1,-2,1) ; (0,-1,2,-1)  42 ]  | det=1? true
[854] 29 42 0 1 -2 -5  |  [ 29  (0,1,-2,-5) ; (-5,-1,2,5)  42 ]  | det=1? true
[855] 40 45 -9 -10 -1 -6  |  [ 40  (-9,-10,-1,-6) ; (-15,10,1,6)  45 ]  | det=1? true
[856] 40 45 -15 -10 -1 6  |  [ 40  (-15,-10,-1,6) ; (-9,10,1,-6)  45 ]  | det=1? true
[857] 34 46 -13 -10 -5 -2  |  [ 34  (-13,-10,-5,-2) ; (-15,10,5,2)  46 ]  | det=1? true
[858] 34 46 -15 -10 -5 2  |  [ 34  (-15,-10,-5,2) ; (-13,10,5,-2)  46 ]  | det=1? true
[859] 46 46 -17 -8 -6 -2  |  [ 46  (-17,-8,-6,-2) ; (-19,8,6,2)  46 ]  | det=1? true
[860] 27 47 -11 0 -1 -5  |  [ 27  (-11,0,-1,-5) ; (-16,0,1,5)  47 ]  | det=1? true
[861] 27 47 -16 0 -1 5  |  [ 27  (-16,0,-1,5) ; (-11,0,1,-5)  47 ]  | det=1? true
[862] 18 48 -7 -8 -1 -4  |  [ 18  (-7,-8,-1,-4) ; (-11,8,1,4)  48 ]  | det=1? true
[863] 18 48 -11 -8 -1 4  |  [ 18  (-11,-8,-1,4) ; (-7,8,1,-4)  48 ]  | det=1? true
[864] 48 48 -19 1 -6 -3  |  [ 48  (-19,1,-6,-3) ; (-22,-1,6,3)  48 ]  | det=1? true
[865] 48 48 -22 1 -6 3  |  [ 48  (-22,1,-6,3) ; (-19,-1,6,-3)  48 ]  | det=1? true
[866] 35 45 -4 0 -6 -1  |  [ 35  (-4,0,-6,-1) ; (-5,0,6,1)  45 ]  | det=1? true
[867] 35 45 -5 0 -6 1  |  [ 35  (-5,0,-6,1) ; (-4,0,6,-1)  45 ]  | det=1? true
[868] 37 45 -17 -14 -5 -1  |  [ 37  (-17,-14,-5,-1) ; (-18,14,5,1)  45 ]  | det=1? true
[869] 37 45 -18 -14 -5 1  |  [ 37  (-18,-14,-5,1) ; (-17,14,5,-1)  45 ]  | det=1? true
[870] 39 45 -18 -11 -5 -2  |  [ 39  (-18,-11,-5,-2) ; (-20,11,5,2)  45 ]  | det=1? true
[871] 39 45 -20 -11 -5 2  |  [ 39  (-20,-11,-5,2) ; (-18,11,5,-2)  45 ]  | det=1? true
[872] 30 46 -13 -9 -3 -4  |  [ 30  (-13,-9,-3,-4) ; (-17,9,3,4)  46 ]  | det=1? true
[873] 30 46 -17 -9 -3 4  |  [ 30  (-17,-9,-3,4) ; (-13,9,3,-4)  46 ]  | det=1? true
[874] 36 46 -10 3 -6 -1  |  [ 36  (-10,3,-6,-1) ; (-11,-3,6,1)  46 ]  | det=1? true
[875] 36 46 -11 3 -6 1  |  [ 36  (-11,3,-6,1) ; (-10,-3,6,-1)  46 ]  | det=1? true
[876] 39 46 -7 2 -5 -4  |  [ 39  (-7,2,-5,-4) ; (-11,-2,5,4)  46 ]  | det=1? true
[877] 39 46 -11 2 -5 4  |  [ 39  (-11,2,-5,4) ; (-7,-2,5,-4)  46 ]  | det=1? true
[878] 18 47 -2 1 -4 -2  |  [ 18  (-2,1,-4,-2) ; (-4,-1,4,2)  47 ]  | det=1? true
[879] 18 47 -4 1 -4 2  |  [ 18  (-4,1,-4,2) ; (-2,-1,4,-2)  47 ]  | det=1? true
[880] 37 47 -16 -1 -5 -3  |  [ 37  (-16,-1,-5,-3) ; (-19,1,5,3)  47 ]  | det=1? true
[881] 37 47 -19 -1 -5 3  |  [ 37  (-19,-1,-5,3) ; (-16,1,5,-3)  47 ]  | det=1? true
[882] 38 47 -6 1 -4 -5  |  [ 38  (-6,1,-4,-5) ; (-11,-1,4,5)  47 ]  | det=1? true
[883] 38 47 -11 1 -4 5  |  [ 38  (-11,1,-4,5) ; (-6,-1,4,-5)  47 ]  | det=1? true
[884] 39 47 -8 -2 -5 -4  |  [ 39  (-8,-2,-5,-4) ; (-12,2,5,4)  47 ]  | det=1? true
[885] 47 47 -9 -2 -7 -1  |  [ 47  (-9,-2,-7,-1) ; (-10,2,7,1)  47 ]  | det=1? true
[886] 47 47 -4 2 -6 -4  |  [ 47  (-4,2,-6,-4) ; (-8,-2,6,4)  47 ]  | det=1? true
[887] 47 47 -8 2 -6 4  |  [ 47  (-8,2,-6,4) ; (-4,-2,6,-4)  47 ]  | det=1? true
[888] 35 48 -2 3 -6 -2  |  [ 35  (-2,3,-6,-2) ; (-4,-3,6,2)  48 ]  | det=1? true
[889] 35 48 -4 3 -6 2  |  [ 35  (-4,3,-6,2) ; (-2,-3,6,-2)  48 ]  | det=1? true
[890] 42 48 -7 -5 -6 -3  |  [ 42  (-7,-5,-6,-3) ; (-10,5,6,3)  48 ]  | det=1? true
[891] 42 48 -10 -5 -6 3  |  [ 42  (-10,-5,-6,3) ; (-7,5,6,-3)  48 ]  | det=1? true
[892] 43 48 -11 -11 -4 -5  |  [ 43  (-11,-11,-4,-5) ; (-16,11,4,5)  48 ]  | det=1? true
[893] 43 48 -16 -11 -4 5  |  [ 43  (-16,-11,-4,5) ; (-11,11,4,-5)  48 ]  | det=1? true
[894] 47 48 -19 -7 -4 -5  |  [ 47  (-19,-7,-4,-5) ; (-24,7,4,5)  48 ]  | det=1? true
[895] 47 48 -24 -7 -4 5  |  [ 47  (-24,-7,-4,5) ; (-19,7,4,-5)  48 ]  | det=1? true
[896] 27 45 1 0 -2 -5  |  [ 27  (1,0,-2,-5) ; (-4,0,2,5)  45 ]  | det=1? true
[897] 27 45 -4 0 -2 5  |  [ 27  (-4,0,-2,5) ; (1,0,2,-5)  45 ]  | det=1? true
[898] 35 45 -15 -13 -1 -5  |  [ 35  (-15,-13,-1,-5) ; (-20,13,1,5)  45 ]  | det=1? true
[899] 35 45 -20 -13 -1 5  |  [ 35  (-20,-13,-1,5) ; (-15,13,1,-5)  45 ]  | det=1? true
[900] 43 45 -10 -1 -3 6  |  [ 43  (-10,-1,-3,6) ; (-4,1,3,-6)  45 ]  | det=1? true
[901] 31 46 -13 -11 -3 -4  |  [ 31  (-13,-11,-3,-4) ; (-17,11,3,4)  46 ]  | det=1? true
[902] 31 46 -17 -11 -3 4  |  [ 31  (-17,-11,-3,4) ; (-13,11,3,-4)  46 ]  | det=1? true
[903] 33 46 -13 -8 -5 -2  |  [ 33  (-13,-8,-5,-2) ; (-15,8,5,2)  46 ]  | det=1? true
[904] 35 46 -5 0 -1 -6  |  [ 35  (-5,0,-1,-6) ; (-11,0,1,6)  46 ]  | det=1? true
[905] 35 46 -11 0 -1 6  |  [ 35  (-11,0,-1,6) ; (-5,0,1,-6)  46 ]  | det=1? true
[906] 37 46 -9 -3 -1 -6  |  [ 37  (-9,-3,-1,-6) ; (-15,3,1,6)  46 ]  | det=1? true
[907] 37 46 -15 -3 -1 6  |  [ 37  (-15,-3,-1,6) ; (-9,3,1,-6)  46 ]  | det=1? true
[908] 26 47 0 -1 -2 -5  |  [ 26  (0,-1,-2,-5) ; (-5,1,2,5)  47 ]  | det=1? true
[909] 26 47 -5 -1 -2 5  |  [ 26  (-5,-1,-2,5) ; (0,1,2,-5)  47 ]  | det=1? true
[910] 30 47 -13 1 -5 -2  |  [ 30  (-13,1,-5,-2) ; (-15,-1,5,2)  47 ]  | det=1? true
[911] 30 47 -15 1 -5 2  |  [ 30  (-15,1,-5,2) ; (-13,-1,5,-2)  47 ]  | det=1? true
[912] 36 47 -9 -1 -1 -6  |  [ 36  (-9,-1,-1,-6) ; (-15,1,1,6)  47 ]  | det=1? true
[913] 38 47 -15 3 -6 -1  |  [ 38  (-15,3,-6,-1) ; (-16,-3,6,1)  47 ]  | det=1? true
[914] 38 47 -16 3 -6 1  |  [ 38  (-16,3,-6,1) ; (-15,-3,6,-1)  47 ]  | det=1? true
[915] 39 47 -12 -2 -5 4  |  [ 39  (-12,-2,-5,4) ; (-8,2,5,-4)  47 ]  | det=1? true
[916] 41 47 -12 0 -4 -5  |  [ 41  (-12,0,-4,-5) ; (-17,0,4,5)  47 ]  | det=1? true
[917] 41 47 -17 0 -4 5  |  [ 41  (-17,0,-4,5) ; (-12,0,4,-5)  47 ]  | det=1? true
[918] 42 47 -8 1 -6 -3  |  [ 42  (-8,1,-6,-3) ; (-11,-1,6,3)  47 ]  | det=1? true
[919] 42 47 -11 1 -6 3  |  [ 42  (-11,1,-6,3) ; (-8,-1,6,-3)  47 ]  | det=1? true
[920] 22 48 -1 0 -3 -4  |  [ 22  (-1,0,-3,-4) ; (-5,0,3,4)  48 ]  | det=1? true
[921] 33 48 -14 -9 -2 -5  |  [ 33  (-14,-9,-2,-5) ; (-19,9,2,5)  48 ]  | det=1? true
[922] 33 48 -19 -9 -2 5  |  [ 33  (-19,-9,-2,5) ; (-14,9,2,-5)  48 ]  | det=1? true
[923] 41 48 -13 -3 -5 -4  |  [ 41  (-13,-3,-5,-4) ; (-17,3,5,4)  48 ]  | det=1? true
[924] 41 48 -17 -3 -5 4  |  [ 41  (-17,-3,-5,4) ; (-13,3,5,-4)  48 ]  | det=1? true
[925] 48 48 -6 1 -2 -7  |  [ 48  (-6,1,-2,-7) ; (-13,-1,2,7)  48 ]  | det=1? true
[926] 28 45 -5 -1 -5 -2  |  [ 28  (-5,-1,-5,-2) ; (-7,1,5,2)  45 ]  | det=1? true
[927] 28 45 -7 -1 -5 2  |  [ 28  (-7,-1,-5,2) ; (-5,1,5,-2)  45 ]  | det=1? true
[928] 40 45 -7 0 -5 -4  |  [ 40  (-7,0,-5,-4) ; (-11,0,5,4)  45 ]  | det=1? true
[929] 40 45 -11 0 -5 4  |  [ 40  (-11,0,-5,4) ; (-7,0,5,-4)  45 ]  | det=1? true
[930] 43 45 -4 -1 -3 -6  |  [ 43  (-4,-1,-3,-6) ; (-10,1,3,6)  45 ]  | det=1? true
[931] 37 46 -7 -7 -1 -6  |  [ 37  (-7,-7,-1,-6) ; (-13,7,1,6)  46 ]  | det=1? true
[932] 37 46 -13 -7 -1 6  |  [ 37  (-13,-7,-1,6) ; (-7,7,1,-6)  46 ]  | det=1? true
[933] 39 46 -5 -3 -4 -5  |  [ 39  (-5,-3,-4,-5) ; (-10,3,4,5)  46 ]  | det=1? true
[934] 39 46 -10 -3 -4 5  |  [ 39  (-10,-3,-4,5) ; (-5,3,4,-5)  46 ]  | det=1? true
[935] 44 46 -16 -5 -6 -2  |  [ 44  (-16,-5,-6,-2) ; (-18,5,6,2)  46 ]  | det=1? true
[936] 44 46 -18 -5 -6 2  |  [ 44  (-18,-5,-6,2) ; (-16,5,6,-2)  46 ]  | det=1? true
[937] 45 46 -19 -9 -6 -1  |  [ 45  (-19,-9,-6,-1) ; (-20,9,6,1)  46 ]  | det=1? true
[938] 45 46 -20 -9 -6 1  |  [ 45  (-20,-9,-6,1) ; (-19,9,6,-1)  46 ]  | det=1? true
[939] 46 46 -17 -4 -5 -4  |  [ 46  (-17,-4,-5,-4) ; (-21,4,5,4)  46 ]  | det=1? true
[940] 46 46 -21 -4 -5 4  |  [ 46  (-21,-4,-5,4) ; (-17,4,5,-4)  46 ]  | det=1? true
[941] 23 47 -3 -2 -4 -3  |  [ 23  (-3,-2,-4,-3) ; (-6,2,4,3)  47 ]  | det=1? true
[942] 23 47 -6 -2 -4 3  |  [ 23  (-6,-2,-4,3) ; (-3,2,4,-3)  47 ]  | det=1? true
[943] 27 47 -10 -6 -5 -1  |  [ 27  (-10,-6,-5,-1) ; (-11,6,5,1)  47 ]  | det=1? true
[944] 27 47 -11 -6 -5 1  |  [ 27  (-11,-6,-5,1) ; (-10,6,5,-1)  47 ]  | det=1? true
[945] 29 47 -10 -3 -5 -2  |  [ 29  (-10,-3,-5,-2) ; (-12,3,5,2)  47 ]  | det=1? true
[946] 31 47 -4 0 -5 -3  |  [ 31  (-4,0,-5,-3) ; (-7,0,5,3)  47 ]  | det=1? true
[947] 31 47 -7 0 -5 3  |  [ 31  (-7,0,-5,3) ; (-4,0,5,-3)  47 ]  | det=1? true
[948] 33 47 -8 -3 -3 -5  |  [ 33  (-8,-3,-3,-5) ; (-13,3,3,5)  47 ]  | det=1? true
[949] 33 47 -13 -3 -3 5  |  [ 33  (-13,-3,-3,5) ; (-8,3,3,-5)  47 ]  | det=1? true
[950] 35 47 -9 0 -6 -1  |  [ 35  (-9,0,-6,-1) ; (-10,0,6,1)  47 ]  | det=1? true
[951] 36 47 -17 -10 -5 -2  |  [ 36  (-17,-10,-5,-2) ; (-19,10,5,2)  47 ]  | det=1? true
[952] 36 47 -19 -10 -5 2  |  [ 36  (-19,-10,-5,2) ; (-17,10,5,-2)  47 ]  | det=1? true
[953] 41 47 -16 -4 -1 -6  |  [ 41  (-16,-4,-1,-6) ; (-22,4,1,6)  47 ]  | det=1? true
[954] 41 47 -22 -4 -1 6  |  [ 41  (-22,-4,-1,6) ; (-16,4,1,-6)  47 ]  | det=1? true
[955] 41 47 -12 -12 -1 -6  |  [ 41  (-12,-12,-1,-6) ; (-18,12,1,6)  47 ]  | det=1? true
[956] 41 47 -18 -12 -1 6  |  [ 41  (-18,-12,-1,6) ; (-12,12,1,-6)  47 ]  | det=1? true
[957] 43 47 -17 -10 -6 -1  |  [ 43  (-17,-10,-6,-1) ; (-18,10,6,1)  47 ]  | det=1? true
[958] 43 47 -18 -10 -6 1  |  [ 43  (-18,-10,-6,1) ; (-17,10,6,-1)  47 ]  | det=1? true
[959] 46 47 -12 -7 -6 -3  |  [ 46  (-12,-7,-6,-3) ; (-15,7,6,3)  47 ]  | det=1? true
[960] 46 47 -15 -7 -6 3  |  [ 46  (-15,-7,-6,3) ; (-12,7,6,-3)  47 ]  | det=1? true
[961] 27 48 -7 -2 -5 -2  |  [ 27  (-7,-2,-5,-2) ; (-9,2,5,2)  48 ]  | det=1? true
[962] 31 48 -13 -9 -5 2  |  [ 31  (-13,-9,-5,2) ; (-11,9,5,-2)  48 ]  | det=1? true
[963] 38 48 -8 1 -4 -5  |  [ 38  (-8,1,-4,-5) ; (-13,-1,4,5)  48 ]  | det=1? true
[964] 38 48 -13 1 -4 5  |  [ 38  (-13,1,-4,5) ; (-8,-1,4,-5)  48 ]  | det=1? true
[965] 43 48 -16 -1 -4 -5  |  [ 43  (-16,-1,-4,-5) ; (-21,1,4,5)  48 ]  | det=1? true
[966] 43 48 -21 -1 -4 5  |  [ 43  (-21,-1,-4,5) ; (-16,1,4,-5)  48 ]  | det=1? true
[967] 27 45 -8 -5 -5 -1  |  [ 27  (-8,-5,-5,-1) ; (-9,5,5,1)  45 ]  | det=1? true
[968] 27 45 -9 -5 -5 1  |  [ 27  (-9,-5,-5,1) ; (-8,5,5,-1)  45 ]  | det=1? true
[969] 33 45 -14 0 -2 -5  |  [ 33  (-14,0,-2,-5) ; (-19,0,2,5)  45 ]  | det=1? true
[970] 33 45 -19 0 -2 5  |  [ 33  (-19,0,-2,5) ; (-14,0,2,-5)  45 ]  | det=1? true
[971] 26 46 -9 -4 -3 -4  |  [ 26  (-9,-4,-3,-4) ; (-13,4,3,4)  46 ]  | det=1? true
[972] 26 46 -13 -4 -3 4  |  [ 26  (-13,-4,-3,4) ; (-9,4,3,-4)  46 ]  | det=1? true
[973] 28 46 -7 -1 -5 -2  |  [ 28  (-7,-1,-5,-2) ; (-9,1,5,2)  46 ]  | det=1? true
[974] 28 46 -9 -1 -5 2  |  [ 28  (-9,-1,-5,2) ; (-7,1,5,-2)  46 ]  | det=1? true
[975] 33 46 -15 -8 -5 2  |  [ 33  (-15,-8,-5,2) ; (-13,8,5,-2)  46 ]  | det=1? true
[976] 42 46 -14 -3 -6 -2  |  [ 42  (-14,-3,-6,-2) ; (-16,3,6,2)  46 ]  | det=1? true
[977] 42 46 -16 -3 -6 2  |  [ 42  (-16,-3,-6,2) ; (-14,3,6,-2)  46 ]  | det=1? true
[978] 42 46 -12 -1 -4 -5  |  [ 42  (-12,-1,-4,-5) ; (-17,1,4,5)  46 ]  | det=1? true
[979] 42 46 -17 -1 -4 5  |  [ 42  (-17,-1,-4,5) ; (-12,1,4,-5)  46 ]  | det=1? true
[980] 43 46 -13 -3 -4 -5  |  [ 43  (-13,-3,-4,-5) ; (-18,3,4,5)  46 ]  | det=1? true
[981] 43 46 -18 -3 -4 5  |  [ 43  (-18,-3,-4,5) ; (-13,3,4,-5)  46 ]  | det=1? true
[982] 25 47 -8 -4 -3 -4  |  [ 25  (-8,-4,-3,-4) ; (-12,4,3,4)  47 ]  | det=1? true
[983] 25 47 -12 -4 -3 4  |  [ 25  (-12,-4,-3,4) ; (-8,4,3,-4)  47 ]  | det=1? true
[984] 29 47 -12 -3 -5 2  |  [ 29  (-12,-3,-5,2) ; (-10,3,5,-2)  47 ]  | det=1? true
[985] 39 47 -6 -5 -5 -4  |  [ 39  (-6,-5,-5,-4) ; (-10,5,5,4)  47 ]  | det=1? true
[986] 47 47 -6 -5 -1 -7  |  [ 47  (-6,-5,-1,-7) ; (-13,5,1,7)  47 ]  | det=1? true
[987] 27 48 -9 -2 -5 2  |  [ 27  (-9,-2,-5,2) ; (-7,2,5,-2)  48 ]  | det=1? true
[988] 31 48 -11 -9 -5 -2  |  [ 31  (-11,-9,-5,-2) ; (-13,9,5,2)  48 ]  | det=1? true
[989] 36 48 -13 3 -6 -1  |  [ 36  (-13,3,-6,-1) ; (-14,-3,6,1)  48 ]  | det=1? true
[990] 38 48 -11 0 -6 -2  |  [ 38  (-11,0,-6,-2) ; (-13,0,6,2)  48 ]  | det=1? true
[991] 38 48 -13 0 -6 2  |  [ 38  (-13,0,-6,2) ; (-11,0,6,-2)  48 ]  | det=1? true
[992] 39 45 -4 0 -5 -4  |  [ 39  (-4,0,-5,-4) ; (-8,0,5,4)  45 ]  | det=1? true
[993] 39 45 -8 0 -5 4  |  [ 39  (-8,0,-5,4) ; (-4,0,5,-4)  45 ]  | det=1? true
[994] 44 45 -15 -10 -1 -6  |  [ 44  (-15,-10,-1,-6) ; (-21,10,1,6)  45 ]  | det=1? true
[995] 21 46 -8 -5 -4 -2  |  [ 21  (-8,-5,-4,-2) ; (-10,5,4,2)  46 ]  | det=1? true
[996] 21 46 -10 -5 -4 2  |  [ 21  (-10,-5,-4,2) ; (-8,5,4,-2)  46 ]  | det=1? true
[997] 38 46 -11 -2 -1 -6  |  [ 38  (-11,-2,-1,-6) ; (-17,2,1,6)  46 ]  | det=1? true
[998] 38 46 -17 -2 -1 6  |  [ 38  (-17,-2,-1,6) ; (-11,2,1,-6)  46 ]  | det=1? true
[999] 27 45 -6 -7 -1 -5  |  [ 27  (-6,-7,-1,-5) ; (-11,7,1,5)  45 ]  | det=1? true
[1000] 27 45 -11 -7 -1 5  |  [ 27  (-11,-7,-1,5) ; (-6,7,1,-5)  45 ]  | det=1? true
[1001] 35 45 -17 -11 -5 -1  |  [ 35  (-17,-11,-5,-1) ; (-18,11,5,1)  45 ]  | det=1? true
[1002] 35 45 -18 -11 -5 1  |  [ 35  (-18,-11,-5,1) ; (-17,11,5,-1)  45 ]  | det=1? true
[1003] 44 45 -21 -10 -1 6  |  [ 44  (-21,-10,-1,6) ; (-15,10,1,-6)  45 ]  | det=1? true
[1004] 41 46 -15 -7 -6 -1  |  [ 41  (-15,-7,-6,-1) ; (-16,7,6,1)  46 ]  | det=1? true
[1005] 41 46 -16 -7 -6 1  |  [ 41  (-16,-7,-6,1) ; (-15,7,6,-1)  46 ]  | det=1? true
[1006] 37 47 -15 -2 -3 -5  |  [ 37  (-15,-2,-3,-5) ; (-20,2,3,5)  47 ]  | det=1? true
[1007] 37 47 -20 -2 -3 5  |  [ 37  (-20,-2,-3,5) ; (-15,2,3,-5)  47 ]  | det=1? true
[1008] 39 48 -13 -5 -4 5  |  [ 39  (-13,-5,-4,5) ; (-8,5,4,-5)  48 ]  | det=1? true
[1009] 30 46 -9 -5 -2 -5  |  [ 30  (-9,-5,-2,-5) ; (-14,5,2,5)  46 ]  | det=1? true
[1010] 30 47 -11 -3 -2 -5  |  [ 30  (-11,-3,-2,-5) ; (-16,3,2,5)  47 ]  | det=1? true
[1011] 30 47 -16 -3 -2 5  |  [ 30  (-16,-3,-2,5) ; (-11,3,2,-5)  47 ]  | det=1? true
[1012] 39 48 -8 -5 -4 -5  |  [ 39  (-8,-5,-4,-5) ; (-13,5,4,5)  48 ]  | det=1? true
[1013] 43 45 -4 -2 -6 -3  |  [ 43  (-4,-2,-6,-3) ; (-7,2,6,3)  45 ]  | det=1? true
[1014] 43 45 -7 -2 -6 3  |  [ 43  (-7,-2,-6,3) ; (-4,2,6,-3)  45 ]  | det=1? true
[1015] 42 48 -11 -9 -4 -5  |  [ 42  (-11,-9,-4,-5) ; (-16,9,4,5)  48 ]  | det=1? true
[1016] 30 46 -14 -5 -2 5  |  [ 30  (-14,-5,-2,5) ; (-9,5,2,-5)  46 ]  | det=1? true
[1017] 40 46 -9 0 -5 -4  |  [ 40  (-9,0,-5,-4) ; (-13,0,5,4)  46 ]  | det=1? true
[1018] 40 46 -13 0 -5 4  |  [ 40  (-13,0,-5,4) ; (-9,0,5,-4)  46 ]  | det=1? true
[1019] 33 47 -9 -2 -5 -3  |  [ 33  (-9,-2,-5,-3) ; (-12,2,5,3)  47 ]  | det=1? true
[1020] 25 46 -6 -5 -4 -3  |  [ 25  (-6,-5,-4,-3) ; (-9,5,4,3)  46 ]  | det=1? true
[1021] 25 46 -9 -5 -4 3  |  [ 25  (-9,-5,-4,3) ; (-6,5,4,-3)  46 ]  | det=1? true
[1022] 28 46 -6 -1 -2 -5  |  [ 28  (-6,-1,-2,-5) ; (-11,1,2,5)  46 ]  | det=1? true
[1023] 28 46 -11 -1 -2 5  |  [ 28  (-11,-1,-2,5) ; (-6,1,2,-5)  46 ]  | det=1? true
[1024] 35 47 -11 -5 -3 -5  |  [ 35  (-11,-5,-3,-5) ; (-16,5,3,5)  47 ]  | det=1? true
[1025] 8 45 -3 -2 -2 -2  |  [ 8  (-3,-2,-2,-2) ; (-5,2,2,2)  45 ]  | det=1? true
[1026] 40 46 -12 3 -6 -2  |  [ 40  (-12,3,-6,-2) ; (-14,-3,6,2)  46 ]  | det=1? true
[1027] 20 47 -9 0 -4 -2  |  [ 20  (-9,0,-4,-2) ; (-11,0,4,2)  47 ]  | det=1? true
[1028] 37 46 -12 3 -6 -1  |  [ 37  (-12,3,-6,-1) ; (-13,-3,6,1)  46 ]  | det=1? true
[1029] 47 47 -38 -2 -4 -1  |  [ 47  (-38,-2,-4,-1) ; (-39,2,4,1)  47 ]  | det=1? true
[1030] 32 49 -8 3 -6 0  |  [ 32  (-8,3,-6,0) ; (-8,-3,6,0)  49 ]  | det=1? true
[1031] 46 49 -6 1 -4 -6  |  [ 46  (-6,1,-4,-6) ; (-12,-1,4,6)  49 ]  | det=1? true
[1032] 46 49 -12 1 -4 6  |  [ 46  (-12,1,-4,6) ; (-6,-1,4,-6)  49 ]  | det=1? true
[1033] 9 51 -4 -3 -3 -1  |  [ 9  (-4,-3,-3,-1) ; (-5,3,3,1)  51 ]  | det=1? true
[1034] 9 51 -5 -3 -3 1  |  [ 9  (-5,-3,-3,1) ; (-4,3,3,-1)  51 ]  | det=1? true
[1035] 35 52 -9 -4 -6 -2  |  [ 35  (-9,-4,-6,-2) ; (-11,4,6,2)  52 ]  | det=1? true
[1036] 35 52 -11 -4 -6 2  |  [ 35  (-11,-4,-6,2) ; (-9,4,6,-2)  52 ]  | det=1? true
[1037] 35 52 -7 -6 -2 -6  |  [ 35  (-7,-6,-2,-6) ; (-13,6,2,6)  52 ]  | det=1? true
[1038] 35 52 -13 -6 -2 6  |  [ 35  (-13,-6,-2,6) ; (-7,6,2,-6)  52 ]  | det=1? true
[1039] 39 52 -13 -7 -5 -4  |  [ 39  (-13,-7,-5,-4) ; (-17,7,5,4)  52 ]  | det=1? true
[1040] 39 52 -17 -7 -5 4  |  [ 39  (-17,-7,-5,4) ; (-13,7,5,-4)  52 ]  | det=1? true
[1041] 9 49 -3 -1 -1 -3  |  [ 9  (-3,-1,-1,-3) ; (-6,1,1,3)  49 ]  | det=1? true
[1042] 9 49 -6 -1 -1 3  |  [ 9  (-6,-1,-1,3) ; (-3,1,1,-3)  49 ]  | det=1? true
[1043] 39 49 -11 -2 -4 -5  |  [ 39  (-11,-2,-4,-5) ; (-16,2,4,5)  49 ]  | det=1? true
[1044] 39 49 -16 -2 -4 5  |  [ 39  (-16,-2,-4,5) ; (-11,2,4,-5)  49 ]  | det=1? true
[1045] 43 49 -17 -5 -2 -6  |  [ 43  (-17,-5,-2,-6) ; (-23,5,2,6)  49 ]  | det=1? true
[1046] 43 49 -23 -5 -2 6  |  [ 43  (-23,-5,-2,6) ; (-17,5,2,-6)  49 ]  | det=1? true
[1047] 46 49 -7 2 -6 -4  |  [ 46  (-7,2,-6,-4) ; (-11,-2,6,4)  49 ]  | det=1? true
[1048] 46 49 -11 2 -6 4  |  [ 46  (-11,2,-6,4) ; (-7,-2,6,-4)  49 ]  | det=1? true
[1049] 49 49 -23 -17 -5 -3  |  [ 49  (-23,-17,-5,-3) ; (-26,17,5,3)  49 ]  | det=1? true
[1050] 49 49 -12 0 -4 -6  |  [ 49  (-12,0,-4,-6) ; (-18,0,4,6)  49 ]  | det=1? true
[1051] 37 50 -15 -5 -6 -1  |  [ 37  (-15,-5,-6,-1) ; (-16,5,6,1)  50 ]  | det=1? true
[1052] 37 50 -16 -5 -6 1  |  [ 37  (-16,-5,-6,1) ; (-15,5,6,-1)  50 ]  | det=1? true
[1053] 42 50 -11 -5 -6 -3  |  [ 42  (-11,-5,-6,-3) ; (-14,5,6,3)  50 ]  | det=1? true
[1054] 42 50 -14 -5 -6 3  |  [ 42  (-14,-5,-6,3) ; (-11,5,6,-3)  50 ]  | det=1? true
[1055] 48 50 -13 -3 -7 2  |  [ 48  (-13,-3,-7,2) ; (-11,3,7,-2)  50 ]  | det=1? true
[1056] 41 51 -1 3 -7 -1  |  [ 41  (-1,3,-7,-1) ; (-2,-3,7,1)  51 ]  | det=1? true
[1057] 41 51 -2 3 -7 1  |  [ 41  (-2,3,-7,1) ; (-1,-3,7,-1)  51 ]  | det=1? true
[1058] 49 51 -4 -3 -3 -7  |  [ 49  (-4,-3,-3,-7) ; (-11,3,3,7)  51 ]  | det=1? true
[1059] 49 51 -11 -3 -3 7  |  [ 49  (-11,-3,-3,7) ; (-4,3,3,-7)  51 ]  | det=1? true
[1060] 27 52 -10 -5 -2 -5  |  [ 27  (-10,-5,-2,-5) ; (-15,5,2,5)  52 ]  | det=1? true
[1061] 27 52 -15 -5 -2 5  |  [ 27  (-15,-5,-2,5) ; (-10,5,2,-5)  52 ]  | det=1? true
[1062] 34 52 -6 -3 -2 -6  |  [ 34  (-6,-3,-2,-6) ; (-12,3,2,6)  52 ]  | det=1? true
[1063] 44 52 -17 -18 -1 -6  |  [ 44  (-17,-18,-1,-6) ; (-23,18,1,6)  52 ]  | det=1? true
[1064] 44 52 -23 -18 -1 6  |  [ 44  (-23,-18,-1,6) ; (-17,18,1,-6)  52 ]  | det=1? true
[1065] 25 49 -1 0 -2 -5  |  [ 25  (-1,0,-2,-5) ; (-6,0,2,5)  49 ]  | det=1? true
[1066] 37 49 -13 -11 -5 -3  |  [ 37  (-13,-11,-5,-3) ; (-16,11,5,3)  49 ]  | det=1? true
[1067] 37 49 -16 -11 -5 3  |  [ 37  (-16,-11,-5,3) ; (-13,11,5,-3)  49 ]  | det=1? true
[1068] 46 49 -18 -9 -4 -5  |  [ 46  (-18,-9,-4,-5) ; (-23,9,4,5)  49 ]  | det=1? true
[1069] 46 49 -23 -9 -4 5  |  [ 46  (-23,-9,-4,5) ; (-18,9,4,-5)  49 ]  | det=1? true
[1070] 47 49 -20 -18 -5 -3  |  [ 47  (-20,-18,-5,-3) ; (-23,18,5,3)  49 ]  | det=1? true
[1071] 48 49 -10 -3 -6 -4  |  [ 48  (-10,-3,-6,-4) ; (-14,3,6,4)  49 ]  | det=1? true
[1072] 48 49 -14 -3 -6 4  |  [ 48  (-14,-3,-6,4) ; (-10,3,6,-4)  49 ]  | det=1? true
[1073] 49 49 -22 -18 -3 -5  |  [ 49  (-22,-18,-3,-5) ; (-27,18,3,5)  49 ]  | det=1? true
[1074] 49 49 -27 -18 -3 5  |  [ 49  (-27,-18,-3,5) ; (-22,18,3,-5)  49 ]  | det=1? true
[1075] 11 50 -1 1 -2 -3  |  [ 11  (-1,1,-2,-3) ; (-4,-1,2,3)  50 ]  | det=1? true
[1076] 11 50 -4 1 -2 3  |  [ 11  (-4,1,-2,3) ; (-1,-1,2,-3)  50 ]  | det=1? true
[1077] 11 50 -1 0 -3 -2  |  [ 11  (-1,0,-3,-2) ; (-3,0,3,2)  50 ]  | det=1? true
[1078] 11 50 -3 0 -3 2  |  [ 11  (-3,0,-3,2) ; (-1,0,3,-2)  50 ]  | det=1? true
[1079] 26 50 -6 -3 -2 -5  |  [ 26  (-6,-3,-2,-5) ; (-11,3,2,5)  50 ]  | det=1? true
[1080] 26 50 -11 -3 -2 5  |  [ 26  (-11,-3,-2,5) ; (-6,3,2,-5)  50 ]  | det=1? true
[1081] 34 50 -9 -5 -6 -1  |  [ 34  (-9,-5,-6,-1) ; (-10,5,6,1)  50 ]  | det=1? true
[1082] 34 50 -10 -5 -6 1  |  [ 34  (-10,-5,-6,1) ; (-9,5,6,-1)  50 ]  | det=1? true
[1083] 47 50 -11 0 -6 -4  |  [ 47  (-11,0,-6,-4) ; (-15,0,6,4)  50 ]  | det=1? true
[1084] 47 50 -15 0 -6 4  |  [ 47  (-15,0,-6,4) ; (-11,0,6,-4)  50 ]  | det=1? true
[1085] 50 50 -13 -6 -7 -2  |  [ 50  (-13,-6,-7,-2) ; (-15,6,7,2)  50 ]  | det=1? true
[1086] 50 50 -15 -6 -7 2  |  [ 50  (-15,-6,-7,2) ; (-13,6,7,-2)  50 ]  | det=1? true
[1087] 29 51 -6 1 -5 -3  |  [ 29  (-6,1,-5,-3) ; (-9,-1,5,3)  51 ]  | det=1? true
[1088] 31 51 -10 -8 -4 -4  |  [ 31  (-10,-8,-4,-4) ; (-14,8,4,4)  51 ]  | det=1? true
[1089] 34 51 -7 1 -4 5  |  [ 34  (-7,1,-4,5) ; (-2,-1,4,-5)  51 ]  | det=1? true
[1090] 41 51 -16 -4 -4 -5  |  [ 41  (-16,-4,-4,-5) ; (-21,4,4,5)  51 ]  | det=1? true
[1091] 41 51 -21 -4 -4 5  |  [ 41  (-21,-4,-4,5) ; (-16,4,4,-5)  51 ]  | det=1? true
[1092] 41 51 2 0 -1 -7  |  [ 41  (2,0,-1,-7) ; (-5,0,1,7)  51 ]  | det=1? true
[1093] 41 51 -5 0 -1 7  |  [ 41  (-5,0,-1,7) ; (2,0,1,-7)  51 ]  | det=1? true
[1094] 44 51 -23 -7 -5 4  |  [ 44  (-23,-7,-5,4) ; (-19,7,5,-4)  51 ]  | det=1? true
[1095] 45 51 -8 3 -7 -2  |  [ 45  (-8,3,-7,-2) ; (-10,-3,7,2)  51 ]  | det=1? true
[1096] 45 51 -10 3 -7 2  |  [ 45  (-10,3,-7,2) ; (-8,-3,7,-2)  51 ]  | det=1? true
[1097] 45 51 -4 -4 -2 -7  |  [ 45  (-4,-4,-2,-7) ; (-11,4,2,7)  51 ]  | det=1? true
[1098] 45 51 -11 -4 -2 7  |  [ 45  (-11,-4,-2,7) ; (-4,4,2,-7)  51 ]  | det=1? true
[1099] 46 51 -17 -14 -5 -4  |  [ 46  (-17,-14,-5,-4) ; (-21,14,5,4)  51 ]  | det=1? true
[1100] 46 51 -21 -14 -5 4  |  [ 46  (-21,-14,-5,4) ; (-17,14,5,-4)  51 ]  | det=1? true
[1101] 48 51 -11 -6 -7 -2  |  [ 48  (-11,-6,-7,-2) ; (-13,6,7,2)  51 ]  | det=1? true
[1102] 51 51 -26 -2 -1 7  |  [ 51  (-26,-2,-1,7) ; (-19,2,1,-7)  51 ]  | det=1? true
[1103] 34 52 -8 -3 -4 5  |  [ 34  (-8,-3,-4,5) ; (-3,3,4,-5)  52 ]  | det=1? true
[1104] 35 52 -14 -5 -6 -1  |  [ 35  (-14,-5,-6,-1) ; (-15,5,6,1)  52 ]  | det=1? true
[1105] 35 52 -15 -5 -6 1  |  [ 35  (-15,-5,-6,1) ; (-14,5,6,-1)  52 ]  | det=1? true
[1106] 38 52 -14 -3 -2 -6  |  [ 38  (-14,-3,-2,-6) ; (-20,3,2,6)  52 ]  | det=1? true
[1107] 40 52 -17 0 -5 -4  |  [ 40  (-17,0,-5,-4) ; (-21,0,5,4)  52 ]  | det=1? true
[1108] 40 52 -21 0 -5 4  |  [ 40  (-21,0,-5,4) ; (-17,0,5,-4)  52 ]  | det=1? true
[1109] 44 52 -16 -15 -2 -6  |  [ 44  (-16,-15,-2,-6) ; (-22,15,2,6)  52 ]  | det=1? true
[1110] 44 52 -22 -15 -2 6  |  [ 44  (-22,-15,-2,6) ; (-16,15,2,-6)  52 ]  | det=1? true
[1111] 45 52 -6 -5 -2 -7  |  [ 45  (-6,-5,-2,-7) ; (-13,5,2,7)  52 ]  | det=1? true
[1112] 45 52 -13 -5 -2 7  |  [ 45  (-13,-5,-2,7) ; (-6,5,2,-7)  52 ]  | det=1? true
[1113] 47 52 -14 -1 -6 -4  |  [ 47  (-14,-1,-6,-4) ; (-18,1,6,4)  52 ]  | det=1? true
[1114] 47 52 -18 -1 -6 4  |  [ 47  (-18,-1,-6,4) ; (-14,1,6,-4)  52 ]  | det=1? true
[1115] 15 49 -5 0 -4 1  |  [ 15  (-5,0,-4,1) ; (-4,0,4,-1)  49 ]  | det=1? true
[1116] 25 49 -6 0 -2 5  |  [ 25  (-6,0,-2,5) ; (-1,0,2,-5)  49 ]  | det=1? true
[1117] 34 49 -5 -7 -1 -6  |  [ 34  (-5,-7,-1,-6) ; (-11,7,1,6)  49 ]  | det=1? true
[1118] 34 49 -11 -7 -1 6  |  [ 34  (-11,-7,-1,6) ; (-5,7,1,-6)  49 ]  | det=1? true
[1119] 35 49 -10 0 -1 -6  |  [ 35  (-10,0,-1,-6) ; (-16,0,1,6)  49 ]  | det=1? true
[1120] 37 49 -12 -12 -3 -5  |  [ 37  (-12,-12,-3,-5) ; (-17,12,3,5)  49 ]  | det=1? true
[1121] 37 49 -17 -12 -3 5  |  [ 37  (-17,-12,-3,5) ; (-12,12,3,-5)  49 ]  | det=1? true
[1122] 37 49 -8 2 -5 -4  |  [ 37  (-8,2,-5,-4) ; (-12,-2,5,4)  49 ]  | det=1? true
[1123] 41 49 -14 -6 -2 -6  |  [ 41  (-14,-6,-2,-6) ; (-20,6,2,6)  49 ]  | det=1? true
[1124] 45 49 -10 1 -7 -1  |  [ 45  (-10,1,-7,-1) ; (-11,-1,7,1)  49 ]  | det=1? true
[1125] 45 49 -11 1 -7 1  |  [ 45  (-11,1,-7,1) ; (-10,-1,7,-1)  49 ]  | det=1? true
[1126] 22 50 -5 -1 -3 -4  |  [ 22  (-5,-1,-3,-4) ; (-9,1,3,4)  50 ]  | det=1? true
[1127] 22 50 -9 -1 -3 4  |  [ 22  (-9,-1,-3,4) ; (-5,1,3,-4)  50 ]  | det=1? true
[1128] 29 50 -13 -4 -5 -2  |  [ 29  (-13,-4,-5,-2) ; (-15,4,5,2)  50 ]  | det=1? true
[1129] 36 50 -7 0 -5 -4  |  [ 36  (-7,0,-5,-4) ; (-11,0,5,4)  50 ]  | det=1? true
[1130] 44 50 -19 -3 -4 -5  |  [ 44  (-19,-3,-4,-5) ; (-24,3,4,5)  50 ]  | det=1? true
[1131] 44 50 -24 -3 -4 5  |  [ 44  (-24,-3,-4,5) ; (-19,3,4,-5)  50 ]  | det=1? true
[1132] 45 50 -16 -5 -6 -3  |  [ 45  (-16,-5,-6,-3) ; (-19,5,6,3)  50 ]  | det=1? true
[1133] 45 50 -19 -5 -6 3  |  [ 45  (-19,-5,-6,3) ; (-16,5,6,-3)  50 ]  | det=1? true
[1134] 48 50 -10 -1 -2 -7  |  [ 48  (-10,-1,-2,-7) ; (-17,1,2,7)  50 ]  | det=1? true
[1135] 23 51 -5 -5 -1 -5  |  [ 23  (-5,-5,-1,-5) ; (-10,5,1,5)  51 ]  | det=1? true
[1136] 23 51 -10 -5 -1 5  |  [ 23  (-10,-5,-1,5) ; (-5,5,1,-5)  51 ]  | det=1? true
[1137] 28 51 -11 -6 -5 -2  |  [ 28  (-11,-6,-5,-2) ; (-13,6,5,2)  51 ]  | det=1? true
[1138] 28 51 -13 -6 -5 2  |  [ 28  (-13,-6,-5,2) ; (-11,6,5,-2)  51 ]  | det=1? true
[1139] 29 51 -5 0 -3 -5  |  [ 29  (-5,0,-3,-5) ; (-10,0,3,5)  51 ]  | det=1? true
[1140] 38 51 -13 2 -5 -4  |  [ 38  (-13,2,-5,-4) ; (-17,-2,5,4)  51 ]  | det=1? true
[1141] 38 51 -17 2 -5 4  |  [ 38  (-17,2,-5,4) ; (-13,-2,5,-4)  51 ]  | det=1? true
[1142] 39 51 -10 -9 -5 -4  |  [ 39  (-10,-9,-5,-4) ; (-14,9,5,4)  51 ]  | det=1? true
[1143] 39 51 -14 -9 -5 4  |  [ 39  (-14,-9,-5,4) ; (-10,9,5,-4)  51 ]  | det=1? true
[1144] 42 51 -17 -5 -4 -5  |  [ 42  (-17,-5,-4,-5) ; (-22,5,4,5)  51 ]  | det=1? true
[1145] 42 51 -22 -5 -4 5  |  [ 42  (-22,-5,-4,5) ; (-17,5,4,-5)  51 ]  | det=1? true
[1146] 42 51 -15 -16 -1 -6  |  [ 42  (-15,-16,-1,-6) ; (-21,16,1,6)  51 ]  | det=1? true
[1147] 42 51 -21 -16 -1 6  |  [ 42  (-21,-16,-1,6) ; (-15,16,1,-6)  51 ]  | det=1? true
[1148] 44 51 -19 -7 -5 -4  |  [ 44  (-19,-7,-5,-4) ; (-23,7,5,4)  51 ]  | det=1? true
[1149] 24 52 -7 -3 -2 5  |  [ 24  (-7,-3,-2,5) ; (-2,3,2,-5)  52 ]  | det=1? true
[1150] 25 52 -11 -3 -2 5  |  [ 25  (-11,-3,-2,5) ; (-6,3,2,-5)  52 ]  | det=1? true
[1151] 31 52 -3 -5 -1 -6  |  [ 31  (-3,-5,-1,-6) ; (-9,5,1,6)  52 ]  | det=1? true
[1152] 31 52 -9 -5 -1 6  |  [ 31  (-9,-5,-1,6) ; (-3,5,1,-6)  52 ]  | det=1? true
[1153] 34 52 -5 0 -5 -4  |  [ 34  (-5,0,-5,-4) ; (-9,0,5,4)  52 ]  | det=1? true
[1154] 34 52 -9 0 -5 4  |  [ 34  (-9,0,-5,4) ; (-5,0,5,-4)  52 ]  | det=1? true
[1155] 38 52 -16 -7 -4 5  |  [ 38  (-16,-7,-4,5) ; (-11,7,4,-5)  52 ]  | det=1? true
[1156] 41 52 -18 -7 -6 -2  |  [ 41  (-18,-7,-6,-2) ; (-20,7,6,2)  52 ]  | det=1? true
[1157] 41 52 -20 -7 -6 2  |  [ 41  (-20,-7,-6,2) ; (-18,7,6,-2)  52 ]  | det=1? true
[1158] 44 52 -7 -2 -4 -6  |  [ 44  (-7,-2,-4,-6) ; (-13,2,4,6)  52 ]  | det=1? true
[1159] 50 52 -22 -17 -6 -2  |  [ 50  (-22,-17,-6,-2) ; (-24,17,6,2)  52 ]  | det=1? true
[1160] 50 52 -24 -17 -6 2  |  [ 50  (-24,-17,-6,2) ; (-22,17,6,-2)  52 ]  | det=1? true
[1161] 52 52 -21 -19 -5 -4  |  [ 52  (-21,-19,-5,-4) ; (-25,19,5,4)  52 ]  | det=1? true
[1162] 15 49 -4 0 -4 -1  |  [ 15  (-4,0,-4,-1) ; (-5,0,4,1)  49 ]  | det=1? true
[1163] 37 49 -12 2 -5 4  |  [ 37  (-12,2,-5,4) ; (-8,-2,5,-4)  49 ]  | det=1? true
[1164] 47 49 -20 -6 -6 3  |  [ 47  (-20,-6,-6,3) ; (-17,6,6,-3)  49 ]  | det=1? true
[1165] 36 50 -11 0 -5 4  |  [ 36  (-11,0,-5,4) ; (-7,0,5,-4)  50 ]  | det=1? true
[1166] 45 50 -5 3 -7 -2  |  [ 45  (-5,3,-7,-2) ; (-7,-3,7,2)  50 ]  | det=1? true
[1167] 46 50 -17 -3 -3 -6  |  [ 46  (-17,-3,-3,-6) ; (-23,3,3,6)  50 ]  | det=1? true
[1168] 46 50 -23 -3 -3 6  |  [ 46  (-23,-3,-3,6) ; (-17,3,3,-6)  50 ]  | det=1? true
[1169] 48 50 -17 -1 -2 7  |  [ 48  (-17,-1,-2,7) ; (-10,1,2,-7)  50 ]  | det=1? true
[1170] 29 51 -10 0 -3 5  |  [ 29  (-10,0,-3,5) ; (-5,0,3,-5)  51 ]  | det=1? true
[1171] 35 51 -12 -11 -5 -3  |  [ 35  (-12,-11,-5,-3) ; (-15,11,5,3)  51 ]  | det=1? true
[1172] 35 51 -15 -11 -5 3  |  [ 35  (-15,-11,-5,3) ; (-12,11,5,-3)  51 ]  | det=1? true
[1173] 39 51 -19 0 -4 5  |  [ 39  (-19,0,-4,5) ; (-14,0,4,-5)  51 ]  | det=1? true
[1174] 44 51 -2 1 -2 -7  |  [ 44  (-2,1,-2,-7) ; (-9,-1,2,7)  51 ]  | det=1? true
[1175] 47 51 -10 0 -2 -7  |  [ 47  (-10,0,-2,-7) ; (-17,0,2,7)  51 ]  | det=1? true
[1176] 47 51 -17 0 -2 7  |  [ 47  (-17,0,-2,7) ; (-10,0,2,-7)  51 ]  | det=1? true
[1177] 47 51 -9 -7 -4 -6  |  [ 47  (-9,-7,-4,-6) ; (-15,7,4,6)  51 ]  | det=1? true
[1178] 47 51 -15 -7 -4 6  |  [ 47  (-15,-7,-4,6) ; (-9,7,4,-6)  51 ]  | det=1? true
[1179] 48 51 -13 -6 -7 2  |  [ 48  (-13,-6,-7,2) ; (-11,6,7,-2)  51 ]  | det=1? true
[1180] 51 51 -19 -2 -1 -7  |  [ 51  (-19,-2,-1,-7) ; (-26,2,1,7)  51 ]  | det=1? true
[1181] 24 52 -2 -3 -2 -5  |  [ 24  (-2,-3,-2,-5) ; (-7,3,2,5)  52 ]  | det=1? true
[1182] 25 52 -6 -3 -2 -5  |  [ 25  (-6,-3,-2,-5) ; (-11,3,2,5)  52 ]  | det=1? true
[1183] 38 52 -11 -7 -4 -5  |  [ 38  (-11,-7,-4,-5) ; (-16,7,4,5)  52 ]  | det=1? true
[1184] 40 52 -16 -3 -4 -5  |  [ 40  (-16,-3,-4,-5) ; (-21,3,4,5)  52 ]  | det=1? true
[1185] 44 52 -8 -1 -6 -4  |  [ 44  (-8,-1,-6,-4) ; (-12,1,6,4)  52 ]  | det=1? true
[1186] 44 52 -12 -1 -6 4  |  [ 44  (-12,-1,-6,4) ; (-8,1,6,-4)  52 ]  | det=1? true
[1187] 52 52 -25 -19 -5 4  |  [ 52  (-25,-19,-5,4) ; (-21,19,5,-4)  52 ]  | det=1? true
[1188] 27 49 -8 -3 -5 -2  |  [ 27  (-8,-3,-5,-2) ; (-10,3,5,2)  49 ]  | det=1? true
[1189] 27 49 -10 -3 -5 2  |  [ 27  (-10,-3,-5,2) ; (-8,3,5,-2)  49 ]  | det=1? true
[1190] 44 49 -17 -14 -1 -6  |  [ 44  (-17,-14,-1,-6) ; (-23,14,1,6)  49 ]  | det=1? true
[1191] 44 49 -23 -14 -1 6  |  [ 44  (-23,-14,-1,6) ; (-17,14,1,-6)  49 ]  | det=1? true
[1192] 22 50 -4 -3 -4 -3  |  [ 22  (-4,-3,-4,-3) ; (-7,3,4,3)  50 ]  | det=1? true
[1193] 22 50 -7 -3 -4 3  |  [ 22  (-7,-3,-4,3) ; (-4,3,4,-3)  50 ]  | det=1? true
[1194] 29 51 -14 -11 -5 -1  |  [ 29  (-14,-11,-5,-1) ; (-15,11,5,1)  51 ]  | det=1? true
[1195] 29 51 -12 -13 -1 -5  |  [ 29  (-12,-13,-1,-5) ; (-17,13,1,5)  51 ]  | det=1? true
[1196] 34 51 -1 -1 -4 -5  |  [ 34  (-1,-1,-4,-5) ; (-6,1,4,5)  51 ]  | det=1? true
[1197] 34 51 -6 -1 -4 5  |  [ 34  (-6,-1,-4,5) ; (-1,1,4,-5)  51 ]  | det=1? true
[1198] 39 51 -14 0 -4 -5  |  [ 39  (-14,0,-4,-5) ; (-19,0,4,5)  51 ]  | det=1? true
[1199] 43 52 -5 2 -4 -6  |  [ 43  (-5,2,-4,-6) ; (-11,-2,4,6)  52 ]  | det=1? true
[1200] 49 49 -32 -9 -3 5  |  [ 49  (-32,-9,-3,5) ; (-27,9,3,-5)  49 ]  | det=1? true
[1201] 49 49 -17 1 -7 -1  |  [ 49  (-17,1,-7,-1) ; (-18,-1,7,1)  49 ]  | det=1? true
[1202] 49 49 -18 1 -7 1  |  [ 49  (-18,1,-7,1) ; (-17,-1,7,-1)  49 ]  | det=1? true
[1203] 38 50 -14 -9 -6 -1  |  [ 38  (-14,-9,-6,-1) ; (-15,9,6,1)  50 ]  | det=1? true
[1204] 39 50 -10 -7 -4 -5  |  [ 39  (-10,-7,-4,-5) ; (-15,7,4,5)  50 ]  | det=1? true
[1205] 40 52 -21 -3 -4 5  |  [ 40  (-21,-3,-4,5) ; (-16,3,4,-5)  52 ]  | det=1? true
[1206] 52 52 -7 -5 -5 -6  |  [ 52  (-7,-5,-5,-6) ; (-13,5,5,6)  52 ]  | det=1? true
[1207] 39 49 -17 -9 -3 -5  |  [ 39  (-17,-9,-3,-5) ; (-22,9,3,5)  49 ]  | det=1? true
[1208] 41 49 -18 -8 -6 -1  |  [ 41  (-18,-8,-6,-1) ; (-19,8,6,1)  49 ]  | det=1? true
[1209] 41 49 -19 -8 -6 1  |  [ 41  (-19,-8,-6,1) ; (-18,8,6,-1)  49 ]  | det=1? true
[1210] 43 49 -12 0 -3 -6  |  [ 43  (-12,0,-3,-6) ; (-18,0,3,6)  49 ]  | det=1? true
[1211] 43 49 -18 0 -3 6  |  [ 43  (-18,0,-3,6) ; (-12,0,3,-6)  49 ]  | det=1? true
[1212] 47 51 -16 -11 -3 -6  |  [ 47  (-16,-11,-3,-6) ; (-22,11,3,6)  51 ]  | det=1? true
[1213] 51 51 -20 -8 -7 1  |  [ 51  (-20,-8,-7,1) ; (-19,8,7,-1)  51 ]  | det=1? true
[1214] 45 52 -20 -9 -4 -5  |  [ 45  (-20,-9,-4,-5) ; (-25,9,4,5)  52 ]  | det=1? true
[1215] 25 49 -9 -2 -1 -5  |  [ 25  (-9,-2,-1,-5) ; (-14,2,1,5)  49 ]  | det=1? true
[1216] 25 49 -14 -2 -1 5  |  [ 25  (-14,-2,-1,5) ; (-9,2,1,-5)  49 ]  | det=1? true
[1217] 35 49 -4 2 -4 5  |  [ 35  (-4,2,-4,5) ; (1,-2,4,-5)  49 ]  | det=1? true
[1218] 36 50 -9 -10 -1 -6  |  [ 36  (-9,-10,-1,-6) ; (-15,10,1,6)  50 ]  | det=1? true
[1219] 36 50 -15 -10 -1 6  |  [ 36  (-15,-10,-1,6) ; (-9,10,1,-6)  50 ]  | det=1? true
[1220] 25 51 -9 -7 -1 -5  |  [ 25  (-9,-7,-1,-5) ; (-14,7,1,5)  51 ]  | det=1? true
[1221] 51 51 -13 -15 -1 -7  |  [ 51  (-13,-15,-1,-7) ; (-20,15,1,7)  51 ]  | det=1? true
[1222] 42 52 -19 -3 -5 -4  |  [ 42  (-19,-3,-5,-4) ; (-23,3,5,4)  52 ]  | det=1? true
[1223] 36 49 -13 -3 -6 -1  |  [ 36  (-13,-3,-6,-1) ; (-14,3,6,1)  49 ]  | det=1? true
[1224] 36 49 -14 -3 -6 1  |  [ 36  (-14,-3,-6,1) ; (-13,3,6,-1)  49 ]  | det=1? true
[1225] 49 49 -12 -8 -1 -7  |  [ 49  (-12,-8,-1,-7) ; (-19,8,1,7)  49 ]  | det=1? true
[1226] 31 50 1 0 -1 -6  |  [ 31  (1,0,-1,-6) ; (-5,0,1,6)  50 ]  | det=1? true
[1227] 31 50 -5 0 -1 6  |  [ 31  (-5,0,-1,6) ; (1,0,1,-6)  50 ]  | det=1? true
[1228] 45 51 -18 -11 -5 -4  |  [ 45  (-18,-11,-5,-4) ; (-22,11,5,4)  51 ]  | det=1? true
[1229] 45 51 -22 -11 -5 4  |  [ 45  (-22,-11,-5,4) ; (-18,11,5,-4)  51 ]  | det=1? true
[1230] 47 51 -14 -1 -1 -7  |  [ 47  (-14,-1,-1,-7) ; (-21,1,1,7)  51 ]  | det=1? true
[1231] 36 52 -13 -9 -6 -1  |  [ 36  (-13,-9,-6,-1) ; (-14,9,6,1)  52 ]  | det=1? true
[1232] 36 52 -14 -9 -6 1  |  [ 36  (-14,-9,-6,1) ; (-13,9,6,-1)  52 ]  | det=1? true
[1233] 41 51 -12 -11 -5 -4  |  [ 41  (-12,-11,-5,-4) ; (-16,11,5,4)  51 ]  | det=1? true
[1234] 51 51 -16 -12 -7 -1  |  [ 51  (-16,-12,-7,-1) ; (-17,12,7,1)  51 ]  | det=1? true
[1235] 37 52 -18 -3 -6 -1  |  [ 37  (-18,-3,-6,-1) ; (-19,3,6,1)  52 ]  | det=1? true
[1236] 20 50 -9 -6 -4 -2  |  [ 20  (-9,-6,-4,-2) ; (-11,6,4,2)  50 ]  | det=1? true
[1237] 20 50 -11 -6 -4 2  |  [ 20  (-11,-6,-4,2) ; (-9,6,4,-2)  50 ]  | det=1? true
[1238] 43 52 -6 3 -6 -4  |  [ 43  (-6,3,-6,-4) ; (-10,-3,6,4)  52 ]  | det=1? true
[1239] 52 52 -19 -6 -7 -2  |  [ 52  (-19,-6,-7,-2) ; (-21,6,7,2)  52 ]  | det=1? true
[1240] 40 49 -14 1 -2 -6  |  [ 40  (-14,1,-2,-6) ; (-20,-1,2,6)  49 ]  | det=1? true
[1241] 40 49 -20 1 -2 6  |  [ 40  (-20,1,-2,6) ; (-14,-1,2,-6)  49 ]  | det=1? true
[1242] 49 49 -14 -2 -1 -7  |  [ 49  (-14,-2,-1,-7) ; (-21,2,1,7)  49 ]  | det=1? true
[1243] 36 56 -10 1 -6 -3  |  [ 36  (-10,1,-6,-3) ; (-13,-1,6,3)  56 ]  | det=1? true
[1244] 36 56 -13 1 -6 3  |  [ 36  (-13,1,-6,3) ; (-10,-1,6,-3)  56 ]  | det=1? true
[1245] 55 55 -20 -16 -4 -6  |  [ 55  (-20,-16,-4,-6) ; (-26,16,4,6)  55 ]  | det=1? true
[1246] 55 55 -26 -16 -4 6  |  [ 55  (-26,-16,-4,6) ; (-20,16,4,-6)  55 ]  | det=1? true
[1247] 55 55 -19 -10 -7 -3  |  [ 55  (-19,-10,-7,-3) ; (-22,10,7,3)  55 ]  | det=1? true
[1248] 55 55 -22 -10 -7 3  |  [ 55  (-22,-10,-7,3) ; (-19,10,7,-3)  55 ]  | det=1? true
[1249] 32 56 -10 3 -6 -2  |  [ 32  (-10,3,-6,-2) ; (-12,-3,6,2)  56 ]  | det=1? true
[1250] 32 56 -12 3 -6 2  |  [ 32  (-12,3,-6,2) ; (-10,-3,6,-2)  56 ]  | det=1? true
[1251] 11 53 -4 -2 -2 -3  |  [ 11  (-4,-2,-2,-3) ; (-7,2,2,3)  53 ]  | det=1? true
[1252] 11 53 -7 -2 -2 3  |  [ 11  (-7,-2,-2,3) ; (-4,2,2,-3)  53 ]  | det=1? true
[1253] 33 53 -2 -2 -4 -5  |  [ 33  (-2,-2,-4,-5) ; (-7,2,4,5)  53 ]  | det=1? true
[1254] 33 53 -7 -2 -4 5  |  [ 33  (-7,-2,-4,5) ; (-2,2,4,-5)  53 ]  | det=1? true
[1255] 45 53 -12 2 -7 -2  |  [ 45  (-12,2,-7,-2) ; (-14,-2,7,2)  53 ]  | det=1? true
[1256] 45 53 -14 2 -7 2  |  [ 45  (-14,2,-7,2) ; (-12,-2,7,-2)  53 ]  | det=1? true
[1257] 47 53 -11 -2 -3 7  |  [ 47  (-11,-2,-3,7) ; (-4,2,3,-7)  53 ]  | det=1? true
[1258] 26 54 -10 -5 -2 -5  |  [ 26  (-10,-5,-2,-5) ; (-15,5,2,5)  54 ]  | det=1? true
[1259] 26 54 -15 -5 -2 5  |  [ 26  (-15,-5,-2,5) ; (-10,5,2,-5)  54 ]  | det=1? true
[1260] 27 54 -11 -7 -2 -5  |  [ 27  (-11,-7,-2,-5) ; (-16,7,2,5)  54 ]  | det=1? true
[1261] 27 54 -16 -7 -2 5  |  [ 27  (-16,-7,-2,5) ; (-11,7,2,-5)  54 ]  | det=1? true
[1262] 54 54 -22 -19 -6 -3  |  [ 54  (-22,-19,-6,-3) ; (-25,19,6,3)  54 ]  | det=1? true
[1263] 54 54 -25 -19 -6 3  |  [ 54  (-25,-19,-6,3) ; (-22,19,6,-3)  54 ]  | det=1? true
[1264] 24 55 -6 -5 -2 -5  |  [ 24  (-6,-5,-2,-5) ; (-11,5,2,5)  55 ]  | det=1? true
[1265] 24 55 -11 -5 -2 5  |  [ 24  (-11,-5,-2,5) ; (-6,5,2,-5)  55 ]  | det=1? true
[1266] 41 55 -20 -14 -6 -1  |  [ 41  (-20,-14,-6,-1) ; (-21,14,6,1)  55 ]  | det=1? true
[1267] 41 55 -21 -14 -6 1  |  [ 41  (-21,-14,-6,1) ; (-20,14,6,-1)  55 ]  | det=1? true
[1268] 53 55 -41 -6 -4 -3  |  [ 53  (-41,-6,-4,-3) ; (-44,6,4,3)  55 ]  | det=1? true
[1269] 56 56 -21 -1 -5 -6  |  [ 56  (-21,-1,-5,-6) ; (-27,1,5,6)  56 ]  | det=1? true
[1270] 56 56 -27 -1 -5 6  |  [ 56  (-27,-1,-5,6) ; (-21,1,5,-6)  56 ]  | det=1? true
[1271] 23 53 -12 -6 -4 3  |  [ 23  (-12,-6,-4,3) ; (-9,6,4,-3)  53 ]  | det=1? true
[1272] 32 53 -9 -2 -1 -6  |  [ 32  (-9,-2,-1,-6) ; (-15,2,1,6)  53 ]  | det=1? true
[1273] 32 53 -15 -2 -1 6  |  [ 32  (-15,-2,-1,6) ; (-9,2,1,-6)  53 ]  | det=1? true
[1274] 32 53 -4 3 -6 -2  |  [ 32  (-4,3,-6,-2) ; (-6,-3,6,2)  53 ]  | det=1? true
[1275] 32 53 -6 3 -6 2  |  [ 32  (-6,3,-6,2) ; (-4,-3,6,-2)  53 ]  | det=1? true
[1276] 34 53 -12 -7 -6 -1  |  [ 34  (-12,-7,-6,-1) ; (-13,7,6,1)  53 ]  | det=1? true
[1277] 34 53 -13 -7 -6 1  |  [ 34  (-13,-7,-6,1) ; (-12,7,6,-1)  53 ]  | det=1? true
[1278] 38 53 -11 -9 -5 -4  |  [ 38  (-11,-9,-5,-4) ; (-15,9,5,4)  53 ]  | det=1? true
[1279] 38 53 -15 -9 -5 4  |  [ 38  (-15,-9,-5,4) ; (-11,9,5,-4)  53 ]  | det=1? true
[1280] 42 53 -19 -6 -5 -4  |  [ 42  (-19,-6,-5,-4) ; (-23,6,5,4)  53 ]  | det=1? true
[1281] 42 53 -23 -6 -5 4  |  [ 42  (-23,-6,-5,4) ; (-19,6,5,-4)  53 ]  | det=1? true
[1282] 43 53 -4 -2 -2 -7  |  [ 43  (-4,-2,-2,-7) ; (-11,2,2,7)  53 ]  | det=1? true
[1283] 43 53 -11 -2 -2 7  |  [ 43  (-11,-2,-2,7) ; (-4,2,2,-7)  53 ]  | det=1? true
[1284] 49 53 -19 -1 -1 -7  |  [ 49  (-19,-1,-1,-7) ; (-26,1,1,7)  53 ]  | det=1? true
[1285] 49 53 -26 -1 -1 7  |  [ 49  (-26,-1,-1,7) ; (-19,1,1,-7)  53 ]  | det=1? true
[1286] 49 53 -17 -5 -6 -4  |  [ 49  (-17,-5,-6,-4) ; (-21,5,6,4)  53 ]  | det=1? true
[1287] 49 53 -21 -5 -6 4  |  [ 49  (-21,-5,-6,4) ; (-17,5,6,-4)  53 ]  | det=1? true
[1288] 49 53 -8 -5 -3 -7  |  [ 49  (-8,-5,-3,-7) ; (-15,5,3,7)  53 ]  | det=1? true
[1289] 49 53 -15 -5 -3 7  |  [ 49  (-15,-5,-3,7) ; (-8,5,3,-7)  53 ]  | det=1? true
[1290] 53 53 -24 -18 -5 -4  |  [ 53  (-24,-18,-5,-4) ; (-28,18,5,4)  53 ]  | det=1? true
[1291] 23 54 -3 1 -2 -5  |  [ 23  (-3,1,-2,-5) ; (-8,-1,2,5)  54 ]  | det=1? true
[1292] 23 54 -8 1 -2 5  |  [ 23  (-8,1,-2,5) ; (-3,-1,2,-5)  54 ]  | det=1? true
[1293] 36 54 -9 -8 -5 -4  |  [ 36  (-9,-8,-5,-4) ; (-13,8,5,4)  54 ]  | det=1? true
[1294] 36 54 -13 -8 -5 4  |  [ 36  (-13,-8,-5,4) ; (-9,8,5,-4)  54 ]  | det=1? true
[1295] 47 54 -17 3 -7 -2  |  [ 47  (-17,3,-7,-2) ; (-19,-3,7,2)  54 ]  | det=1? true
[1296] 53 54 -23 -16 -3 -6  |  [ 53  (-23,-16,-3,-6) ; (-29,16,3,6)  54 ]  | det=1? true
[1297] 53 54 -29 -16 -3 6  |  [ 53  (-29,-16,-3,6) ; (-23,16,3,-6)  54 ]  | det=1? true
[1298] 10 55 -1 0 -3 -2  |  [ 10  (-1,0,-3,-2) ; (-3,0,3,2)  55 ]  | det=1? true
[1299] 10 55 -3 0 -3 2  |  [ 10  (-3,0,-3,2) ; (-1,0,3,-2)  55 ]  | det=1? true
[1300] 20 55 -4 -3 -4 -3  |  [ 20  (-4,-3,-4,-3) ; (-7,3,4,3)  55 ]  | det=1? true
[1301] 20 55 -7 -3 -4 3  |  [ 20  (-7,-3,-4,3) ; (-4,3,4,-3)  55 ]  | det=1? true
[1302] 33 55 -9 1 -2 -6  |  [ 33  (-9,1,-2,-6) ; (-15,-1,2,6)  55 ]  | det=1? true
[1303] 33 55 -15 1 -2 6  |  [ 33  (-15,1,-2,6) ; (-9,-1,2,-6)  55 ]  | det=1? true
[1304] 34 55 -9 -3 -4 -5  |  [ 34  (-9,-3,-4,-5) ; (-14,3,4,5)  55 ]  | det=1? true
[1305] 34 55 -14 -3 -4 5  |  [ 34  (-14,-3,-4,5) ; (-9,3,4,-5)  55 ]  | det=1? true
[1306] 35 55 -14 -9 -1 -6  |  [ 35  (-14,-9,-1,-6) ; (-20,9,1,6)  55 ]  | det=1? true
[1307] 41 55 -7 -7 -1 -7  |  [ 41  (-7,-7,-1,-7) ; (-14,7,1,7)  55 ]  | det=1? true
[1308] 41 55 -14 -7 -1 7  |  [ 41  (-14,-7,-1,7) ; (-7,7,1,-7)  55 ]  | det=1? true
[1309] 48 55 -5 -3 -6 -5  |  [ 48  (-5,-3,-6,-5) ; (-10,3,6,5)  55 ]  | det=1? true
[1310] 48 55 -10 -3 -6 5  |  [ 48  (-10,-3,-6,5) ; (-5,3,6,-5)  55 ]  | det=1? true
[1311] 53 55 -8 -7 -1 -8  |  [ 53  (-8,-7,-1,-8) ; (-16,7,1,8)  55 ]  | det=1? true
[1312] 53 55 -16 -7 -1 8  |  [ 53  (-16,-7,-1,8) ; (-8,7,1,-8)  55 ]  | det=1? true
[1313] 34 56 -11 -1 -4 -5  |  [ 34  (-11,-1,-4,-5) ; (-16,1,4,5)  56 ]  | det=1? true
[1314] 35 56 -21 -9 -1 6  |  [ 35  (-21,-9,-1,6) ; (-15,9,1,-6)  56 ]  | det=1? true
[1315] 51 56 -7 -4 -1 -8  |  [ 51  (-7,-4,-1,-8) ; (-15,4,1,8)  56 ]  | det=1? true
[1316] 51 56 -15 -4 -1 8  |  [ 51  (-15,-4,-1,8) ; (-7,4,1,-8)  56 ]  | det=1? true
[1317] 52 56 -19 -14 -4 -6  |  [ 52  (-19,-14,-4,-6) ; (-25,14,4,6)  56 ]  | det=1? true
[1318] 52 56 -25 -14 -4 6  |  [ 52  (-25,-14,-4,6) ; (-19,14,4,-6)  56 ]  | det=1? true
[1319] 23 53 -9 -4 -5 -1  |  [ 23  (-9,-4,-5,-1) ; (-10,4,5,1)  53 ]  | det=1? true
[1320] 23 53 -10 -4 -5 1  |  [ 23  (-10,-4,-5,1) ; (-9,4,5,-1)  53 ]  | det=1? true
[1321] 23 53 -12 -6 -1 5  |  [ 23  (-12,-6,-1,5) ; (-7,6,1,-5)  53 ]  | det=1? true
[1322] 24 53 -5 -1 -2 -5  |  [ 24  (-5,-1,-2,-5) ; (-10,1,2,5)  53 ]  | det=1? true
[1323] 24 53 -10 -1 -2 5  |  [ 24  (-10,-1,-2,5) ; (-5,1,2,-5)  53 ]  | det=1? true
[1324] 29 53 -8 -1 -3 -5  |  [ 29  (-8,-1,-3,-5) ; (-13,1,3,5)  53 ]  | det=1? true
[1325] 33 53 -4 2 -5 -4  |  [ 33  (-4,2,-5,-4) ; (-8,-2,5,4)  53 ]  | det=1? true
[1326] 33 53 -8 2 -5 4  |  [ 33  (-8,2,-5,4) ; (-4,-2,5,-4)  53 ]  | det=1? true
[1327] 37 53 -12 -8 -6 -2  |  [ 37  (-12,-8,-6,-2) ; (-14,8,6,2)  53 ]  | det=1? true
[1328] 37 53 -14 -8 -6 2  |  [ 37  (-14,-8,-6,2) ; (-12,8,6,-2)  53 ]  | det=1? true
[1329] 47 53 -6 0 -7 -3  |  [ 47  (-6,0,-7,-3) ; (-9,0,7,3)  53 ]  | det=1? true
[1330] 47 53 -9 0 -7 3  |  [ 47  (-9,0,-7,3) ; (-6,0,7,-3)  53 ]  | det=1? true
[1331] 47 53 -4 -2 -3 -7  |  [ 47  (-4,-2,-3,-7) ; (-11,2,3,7)  53 ]  | det=1? true
[1332] 49 53 -10 -3 -7 -3  |  [ 49  (-10,-3,-7,-3) ; (-13,3,7,3)  53 ]  | det=1? true
[1333] 49 53 -13 -3 -7 3  |  [ 49  (-13,-3,-7,3) ; (-10,3,7,-3)  53 ]  | det=1? true
[1334] 50 53 -12 -13 -2 -7  |  [ 50  (-12,-13,-2,-7) ; (-19,13,2,7)  53 ]  | det=1? true
[1335] 50 53 -19 -13 -2 7  |  [ 50  (-19,-13,-2,7) ; (-12,13,2,-7)  53 ]  | det=1? true
[1336] 53 53 -6 -2 -7 -4  |  [ 53  (-6,-2,-7,-4) ; (-10,2,7,4)  53 ]  | det=1? true
[1337] 33 54 -5 -2 -5 -4  |  [ 33  (-5,-2,-5,-4) ; (-9,2,5,4)  54 ]  | det=1? true
[1338] 34 54 -9 1 -5 -4  |  [ 34  (-9,1,-5,-4) ; (-13,-1,5,4)  54 ]  | det=1? true
[1339] 34 54 -13 1 -5 4  |  [ 34  (-13,1,-5,4) ; (-9,-1,5,-4)  54 ]  | det=1? true
[1340] 45 54 -13 -1 -7 -2  |  [ 45  (-13,-1,-7,-2) ; (-15,1,7,2)  54 ]  | det=1? true
[1341] 45 54 -15 -1 -7 2  |  [ 45  (-15,-1,-7,2) ; (-13,1,7,-2)  54 ]  | det=1? true
[1342] 36 55 -15 -10 -1 -6  |  [ 36  (-15,-10,-1,-6) ; (-21,10,1,6)  55 ]  | det=1? true
[1343] 36 55 -13 -4 -5 -4  |  [ 36  (-13,-4,-5,-4) ; (-17,4,5,4)  55 ]  | det=1? true
[1344] 39 55 -7 3 -7 -1  |  [ 39  (-7,3,-7,-1) ; (-8,-3,7,1)  55 ]  | det=1? true
[1345] 39 55 -8 3 -7 1  |  [ 39  (-8,3,-7,1) ; (-7,-3,7,-1)  55 ]  | det=1? true
[1346] 42 55 -19 -10 -5 -4  |  [ 42  (-19,-10,-5,-4) ; (-23,10,5,4)  55 ]  | det=1? true
[1347] 42 55 -23 -10 -5 4  |  [ 42  (-23,-10,-5,4) ; (-19,10,5,-4)  55 ]  | det=1? true
[1348] 46 55 -21 -9 -6 -3  |  [ 46  (-21,-9,-6,-3) ; (-24,9,6,3)  55 ]  | det=1? true
[1349] 50 55 -20 -5 -4 -6  |  [ 50  (-20,-5,-4,-6) ; (-26,5,4,6)  55 ]  | det=1? true
[1350] 50 55 -26 -5 -4 6  |  [ 50  (-26,-5,-4,6) ; (-20,5,4,-6)  55 ]  | det=1? true
[1351] 54 55 -8 -3 -8 -2  |  [ 54  (-8,-3,-8,-2) ; (-10,3,8,2)  55 ]  | det=1? true
[1352] 54 55 -10 -3 -8 2  |  [ 54  (-10,-3,-8,2) ; (-8,3,8,-2)  55 ]  | det=1? true
[1353] 55 55 -30 -14 -4 -5  |  [ 55  (-30,-14,-4,-5) ; (-35,14,4,5)  55 ]  | det=1? true
[1354] 42 56 -10 -3 -6 -4  |  [ 42  (-10,-3,-6,-4) ; (-14,3,6,4)  56 ]  | det=1? true
[1355] 42 56 -14 -3 -6 4  |  [ 42  (-14,-3,-6,4) ; (-10,3,6,-4)  56 ]  | det=1? true
[1356] 42 56 -9 -4 -4 -6  |  [ 42  (-9,-4,-4,-6) ; (-15,4,4,6)  56 ]  | det=1? true
[1357] 42 56 -15 -4 -4 6  |  [ 42  (-15,-4,-4,6) ; (-9,4,4,-6)  56 ]  | det=1? true
[1358] 46 56 -25 -9 -6 3  |  [ 46  (-25,-9,-6,3) ; (-22,9,6,-3)  56 ]  | det=1? true
[1359] 52 56 -5 -2 -8 -2  |  [ 52  (-5,-2,-8,-2) ; (-7,2,8,2)  56 ]  | det=1? true
[1360] 52 56 -7 -2 -8 2  |  [ 52  (-7,-2,-8,2) ; (-5,2,8,-2)  56 ]  | det=1? true
[1361] 53 56 -7 -4 -8 -2  |  [ 53  (-7,-4,-8,-2) ; (-9,4,8,2)  56 ]  | det=1? true
[1362] 54 56 -21 -4 -1 8  |  [ 54  (-21,-4,-1,8) ; (-13,4,1,-8)  56 ]  | det=1? true
[1363] 4 53 -1 1 -2 -1  |  [ 4  (-1,1,-2,-1) ; (-2,-1,2,1)  53 ]  | det=1? true
[1364] 4 53 -2 1 -2 1  |  [ 4  (-2,1,-2,1) ; (-1,-1,2,-1)  53 ]  | det=1? true
[1365] 14 53 -5 1 -4 -1  |  [ 14  (-5,1,-4,-1) ; (-6,-1,4,1)  53 ]  | det=1? true
[1366] 20 53 -1 -1 -3 -4  |  [ 20  (-1,-1,-3,-4) ; (-5,1,3,4)  53 ]  | det=1? true
[1367] 20 53 -5 -1 -3 4  |  [ 20  (-5,-1,-3,4) ; (-1,1,3,-4)  53 ]  | det=1? true
[1368] 23 53 -7 -6 -1 -5  |  [ 23  (-7,-6,-1,-5) ; (-12,6,1,5)  53 ]  | det=1? true
[1369] 29 53 -13 -1 -3 5  |  [ 29  (-13,-1,-3,5) ; (-8,1,3,-5)  53 ]  | det=1? true
[1370] 33 53 -15 -5 -5 -3  |  [ 33  (-15,-5,-5,-3) ; (-18,5,5,3)  53 ]  | det=1? true
[1371] 33 53 -18 -5 -5 3  |  [ 33  (-18,-5,-5,3) ; (-15,5,5,-3)  53 ]  | det=1? true
[1372] 53 53 -4 -5 -1 -8  |  [ 53  (-4,-5,-1,-8) ; (-12,5,1,8)  53 ]  | det=1? true
[1373] 53 53 -12 -5 -1 8  |  [ 53  (-12,-5,-1,8) ; (-4,5,1,-8)  53 ]  | det=1? true
[1374] 29 55 -9 -5 -3 -5  |  [ 29  (-9,-5,-3,-5) ; (-14,5,3,5)  55 ]  | det=1? true
[1375] 29 55 -14 -5 -3 5  |  [ 29  (-14,-5,-3,5) ; (-9,5,3,-5)  55 ]  | det=1? true
[1376] 33 55 -11 3 -6 -2  |  [ 33  (-11,3,-6,-2) ; (-13,-3,6,2)  55 ]  | det=1? true
[1377] 33 55 -13 3 -6 2  |  [ 33  (-13,3,-6,2) ; (-11,-3,6,-2)  55 ]  | det=1? true
[1378] 33 55 -8 1 -5 -4  |  [ 33  (-8,1,-5,-4) ; (-12,-1,5,4)  55 ]  | det=1? true
[1379] 33 55 -12 1 -5 4  |  [ 33  (-12,1,-5,4) ; (-8,-1,5,-4)  55 ]  | det=1? true
[1380] 48 55 -15 -10 -4 -6  |  [ 48  (-15,-10,-4,-6) ; (-21,10,4,6)  55 ]  | det=1? true
[1381] 48 55 -21 -10 -4 6  |  [ 48  (-21,-10,-4,6) ; (-15,10,4,-6)  55 ]  | det=1? true
[1382] 55 55 -35 -14 -4 5  |  [ 55  (-35,-14,-4,5) ; (-30,14,4,-5)  55 ]  | det=1? true
[1383] 14 56 -9 1 -4 1  |  [ 14  (-9,1,-4,1) ; (-8,-1,4,-1)  56 ]  | det=1? true
[1384] 33 56 -8 -3 -4 -5  |  [ 33  (-8,-3,-4,-5) ; (-13,3,4,5)  56 ]  | det=1? true
[1385] 49 56 -9 -5 -6 -5  |  [ 49  (-9,-5,-6,-5) ; (-14,5,6,5)  56 ]  | det=1? true
[1386] 49 56 -1 -1 -4 -7  |  [ 49  (-1,-1,-4,-7) ; (-8,1,4,7)  56 ]  | det=1? true
[1387] 56 56 -13 -11 -1 -8  |  [ 56  (-13,-11,-1,-8) ; (-21,11,1,8)  56 ]  | det=1? true
[1388] 44 53 -21 -15 -6 -1  |  [ 44  (-21,-15,-6,-1) ; (-22,15,6,1)  53 ]  | det=1? true
[1389] 53 53 -19 -11 -6 -4  |  [ 53  (-19,-11,-6,-4) ; (-23,11,6,4)  53 ]  | det=1? true
[1390] 41 54 -17 -9 -4 -5  |  [ 41  (-17,-9,-4,-5) ; (-22,9,4,5)  54 ]  | det=1? true
[1391] 41 54 -22 -9 -4 5  |  [ 41  (-22,-9,-4,5) ; (-17,9,4,-5)  54 ]  | det=1? true
[1392] 31 55 -10 -4 -6 -1  |  [ 31  (-10,-4,-6,-1) ; (-11,4,6,1)  55 ]  | det=1? true
[1393] 31 55 -11 -4 -6 1  |  [ 31  (-11,-4,-6,1) ; (-10,4,6,-1)  55 ]  | det=1? true
[1394] 32 56 -13 -5 -6 -1  |  [ 32  (-13,-5,-6,-1) ; (-14,5,6,1)  56 ]  | det=1? true
[1395] 32 56 -14 -5 -6 1  |  [ 32  (-14,-5,-6,1) ; (-13,5,6,-1)  56 ]  | det=1? true
[1396] 29 54 -4 3 -6 -1  |  [ 29  (-4,3,-6,-1) ; (-5,-3,6,1)  54 ]  | det=1? true
[1397] 21 55 -5 -3 -1 -5  |  [ 21  (-5,-3,-1,-5) ; (-10,3,1,5)  55 ]  | det=1? true
[1398] 21 55 -10 -3 -1 5  |  [ 21  (-10,-3,-1,5) ; (-5,3,1,-5)  55 ]  | det=1? true
[1399] 53 55 -19 -5 -7 -3  |  [ 53  (-19,-5,-7,-3) ; (-22,5,7,3)  55 ]  | det=1? true
[1400] 55 55 -12 0 -8 -2  |  [ 55  (-12,0,-8,-2) ; (-14,0,8,2)  55 ]  | det=1? true
[1401] 35 56 -12 -7 -2 -6  |  [ 35  (-12,-7,-2,-6) ; (-18,7,2,6)  56 ]  | det=1? true
[1402] 35 56 -18 -7 -2 6  |  [ 35  (-18,-7,-2,6) ; (-12,7,2,-6)  56 ]  | det=1? true
[1403] 46 56 -23 0 -4 6  |  [ 46  (-23,0,-4,6) ; (-17,0,4,-6)  56 ]  | det=1? true
[1404] 21 53 -4 0 -5 -1  |  [ 21  (-4,0,-5,-1) ; (-5,0,5,1)  53 ]  | det=1? true
[1405] 21 53 -5 0 -5 1  |  [ 21  (-5,0,-5,1) ; (-4,0,5,-1)  53 ]  | det=1? true
[1406] 55 55 -9 -3 -2 -8  |  [ 55  (-9,-3,-2,-8) ; (-17,3,2,8)  55 ]  | det=1? true
[1407] 30 56 0 1 -2 -6  |  [ 30  (0,1,-2,-6) ; (-6,-1,2,6)  56 ]  | det=1? true
[1408] 31 56 -7 -9 -1 -6  |  [ 31  (-7,-9,-1,-6) ; (-13,9,1,6)  56 ]  | det=1? true
[1409] 31 56 -13 -9 -1 6  |  [ 31  (-13,-9,-1,6) ; (-7,9,1,-6)  56 ]  | det=1? true
[1410] 46 56 -17 0 -4 -6  |  [ 46  (-17,0,-4,-6) ; (-23,0,4,6)  56 ]  | det=1? true
[1411] 44 53 -10 -1 -6 -4  |  [ 44  (-10,-1,-6,-4) ; (-14,1,6,4)  53 ]  | det=1? true
[1412] 44 53 -14 -1 -6 4  |  [ 44  (-14,-1,-6,4) ; (-10,1,6,-4)  53 ]  | det=1? true
[1413] 49 53 -17 -3 -4 -6  |  [ 49  (-17,-3,-4,-6) ; (-23,3,4,6)  53 ]  | det=1? true
[1414] 49 53 -23 -3 -4 6  |  [ 49  (-23,-3,-4,6) ; (-17,3,4,-6)  53 ]  | det=1? true
[1415] 53 53 -18 -12 -4 -6  |  [ 53  (-18,-12,-4,-6) ; (-24,12,4,6)  53 ]  | det=1? true
[1416] 41 54 -18 -7 -4 -5  |  [ 41  (-18,-7,-4,-5) ; (-23,7,4,5)  54 ]  | det=1? true
[1417] 41 54 -23 -7 -4 5  |  [ 41  (-23,-7,-4,5) ; (-18,7,4,-5)  54 ]  | det=1? true
[1418] 56 56 -27 -6 -4 -6  |  [ 56  (-27,-6,-4,-6) ; (-33,6,4,6)  56 ]  | det=1? true
[1419] 55 57 -5 -5 -6 -6  |  [ 55  (-5,-5,-6,-6) ; (-11,5,6,6)  57 ]  | det=1? true
[1420] 57 57 -14 -14 -1 -8  |  [ 57  (-14,-14,-1,-8) ; (-22,14,1,8)  57 ]  | det=1? true
[1421] 57 57 -22 -14 -1 8  |  [ 57  (-22,-14,-1,8) ; (-14,14,1,-8)  57 ]  | det=1? true
[1422] 48 59 -23 -3 -7 -2  |  [ 48  (-23,-3,-7,-2) ; (-25,3,7,2)  59 ]  | det=1? true
[1423] 28 60 -2 3 -6 -2  |  [ 28  (-2,3,-6,-2) ; (-4,-3,6,2)  60 ]  | det=1? true
[1424] 42 57 -19 -13 -5 -4  |  [ 42  (-19,-13,-5,-4) ; (-23,13,5,4)  57 ]  | det=1? true
[1425] 42 57 -23 -13 -5 4  |  [ 42  (-23,-13,-5,4) ; (-19,13,5,-4)  57 ]  | det=1? true
[1426] 52 57 -17 -3 -6 -5  |  [ 52  (-17,-3,-6,-5) ; (-22,3,6,5)  57 ]  | det=1? true
[1427] 52 57 -22 -3 -6 5  |  [ 52  (-22,-3,-6,5) ; (-17,3,6,-5)  57 ]  | det=1? true
[1428] 53 57 -20 -19 -1 -7  |  [ 53  (-20,-19,-1,-7) ; (-27,19,1,7)  57 ]  | det=1? true
[1429] 29 58 -12 1 -6 1  |  [ 29  (-12,1,-6,1) ; (-11,-1,6,-1)  58 ]  | det=1? true
[1430] 39 58 -7 0 -6 -4  |  [ 39  (-7,0,-6,-4) ; (-11,0,6,4)  58 ]  | det=1? true
[1431] 39 58 -11 0 -6 4  |  [ 39  (-11,0,-6,4) ; (-7,0,6,-4)  58 ]  | det=1? true
[1432] 48 58 -5 -1 -7 -4  |  [ 48  (-5,-1,-7,-4) ; (-9,1,7,4)  58 ]  | det=1? true
[1433] 48 58 -9 -1 -7 4  |  [ 48  (-9,-1,-7,4) ; (-5,1,7,-4)  58 ]  | det=1? true
[1434] 51 58 -17 -17 -2 -7  |  [ 51  (-17,-17,-2,-7) ; (-24,17,2,7)  58 ]  | det=1? true
[1435] 39 59 -10 1 -7 2  |  [ 39  (-10,1,-7,2) ; (-8,-1,7,-2)  59 ]  | det=1? true
[1436] 51 59 -11 -1 -8 -2  |  [ 51  (-11,-1,-8,-2) ; (-13,1,8,2)  59 ]  | det=1? true
[1437] 51 59 -13 -1 -8 2  |  [ 51  (-13,-1,-8,2) ; (-11,1,8,-2)  59 ]  | det=1? true
[1438] 55 59 -22 -22 -1 -7  |  [ 55  (-22,-22,-1,-7) ; (-29,22,1,7)  59 ]  | det=1? true
[1439] 33 60 -13 -4 -5 -4  |  [ 33  (-13,-4,-5,-4) ; (-17,4,5,4)  60 ]  | det=1? true
[1440] 49 60 -13 3 -7 -4  |  [ 49  (-13,3,-7,-4) ; (-17,-3,7,4)  60 ]  | det=1? true
[1441] 49 60 -17 3 -7 4  |  [ 49  (-17,3,-7,4) ; (-13,-3,7,-4)  60 ]  | det=1? true
[1442] 49 60 -4 -5 -2 -8  |  [ 49  (-4,-5,-2,-8) ; (-12,5,2,8)  60 ]  | det=1? true
[1443] 49 60 -12 -5 -2 8  |  [ 49  (-12,-5,-2,8) ; (-4,5,2,-8)  60 ]  | det=1? true
[1444] 24 57 -9 -5 -5 -2  |  [ 24  (-9,-5,-5,-2) ; (-11,5,5,2)  57 ]  | det=1? true
[1445] 24 57 -11 -5 -5 2  |  [ 24  (-11,-5,-5,2) ; (-9,5,5,-2)  57 ]  | det=1? true
[1446] 32 57 -7 -3 -5 -4  |  [ 32  (-7,-3,-5,-4) ; (-11,3,5,4)  57 ]  | det=1? true
[1447] 45 57 -17 -7 -1 -7  |  [ 45  (-17,-7,-1,-7) ; (-24,7,1,7)  57 ]  | det=1? true
[1448] 45 57 -24 -7 -1 7  |  [ 45  (-24,-7,-1,7) ; (-17,7,1,-7)  57 ]  | det=1? true
[1449] 46 57 -21 -17 -5 -4  |  [ 46  (-21,-17,-5,-4) ; (-25,17,5,4)  57 ]  | det=1? true
[1450] 46 57 -18 -1 -4 -6  |  [ 46  (-18,-1,-4,-6) ; (-24,1,4,6)  57 ]  | det=1? true
[1451] 46 57 -24 -1 -4 6  |  [ 46  (-24,-1,-4,6) ; (-18,1,4,-6)  57 ]  | det=1? true
[1452] 50 57 -14 -3 -4 7  |  [ 50  (-14,-3,-4,7) ; (-7,3,4,-7)  57 ]  | det=1? true
[1453] 19 58 -6 1 -4 -3  |  [ 19  (-6,1,-4,-3) ; (-9,-1,4,3)  58 ]  | det=1? true
[1454] 19 58 -9 1 -4 3  |  [ 19  (-9,1,-4,3) ; (-6,-1,4,-3)  58 ]  | det=1? true
[1455] 22 58 -7 2 -5 -2  |  [ 22  (-7,2,-5,-2) ; (-9,-2,5,2)  58 ]  | det=1? true
[1456] 39 58 -17 -11 -4 -5  |  [ 39  (-17,-11,-4,-5) ; (-22,11,4,5)  58 ]  | det=1? true
[1457] 39 58 -22 -11 -4 5  |  [ 39  (-22,-11,-4,5) ; (-17,11,4,-5)  58 ]  | det=1? true
[1458] 50 58 -23 -7 -7 -2  |  [ 50  (-23,-7,-7,-2) ; (-25,7,7,2)  58 ]  | det=1? true
[1459] 50 58 -25 -7 -7 2  |  [ 50  (-25,-7,-7,2) ; (-23,7,7,-2)  58 ]  | det=1? true
[1460] 51 58 -24 -17 -2 7  |  [ 51  (-24,-17,-2,7) ; (-17,17,2,-7)  58 ]  | det=1? true
[1461] 56 58 -24 -17 -6 -4  |  [ 56  (-24,-17,-6,-4) ; (-28,17,6,4)  58 ]  | det=1? true
[1462] 56 58 -28 -17 -6 4  |  [ 56  (-28,-17,-6,4) ; (-24,17,6,-4)  58 ]  | det=1? true
[1463] 13 59 -4 -4 -1 -4  |  [ 13  (-4,-4,-1,-4) ; (-8,4,1,4)  59 ]  | det=1? true
[1464] 13 59 -8 -4 -1 4  |  [ 13  (-8,-4,-1,4) ; (-4,4,1,-4)  59 ]  | det=1? true
[1465] 19 59 -6 -2 -3 -4  |  [ 19  (-6,-2,-3,-4) ; (-10,2,3,4)  59 ]  | det=1? true
[1466] 19 59 -10 -2 -3 4  |  [ 19  (-10,-2,-3,4) ; (-6,2,3,-4)  59 ]  | det=1? true
[1467] 21 59 -4 1 -5 -2  |  [ 21  (-4,1,-5,-2) ; (-6,-1,5,2)  59 ]  | det=1? true
[1468] 21 59 -6 1 -5 2  |  [ 21  (-6,1,-5,2) ; (-4,-1,5,-2)  59 ]  | det=1? true
[1469] 25 59 -4 -2 -3 -5  |  [ 25  (-4,-2,-3,-5) ; (-9,2,3,5)  59 ]  | det=1? true
[1470] 39 59 -13 -2 -7 -1  |  [ 39  (-13,-2,-7,-1) ; (-14,2,7,1)  59 ]  | det=1? true
[1471] 39 59 -14 -2 -7 1  |  [ 39  (-14,-2,-7,1) ; (-13,2,7,-1)  59 ]  | det=1? true
[1472] 39 59 -8 1 -7 -2  |  [ 39  (-8,1,-7,-2) ; (-10,-1,7,2)  59 ]  | det=1? true
[1473] 54 59 -25 -1 -4 7  |  [ 54  (-25,-1,-4,7) ; (-18,1,4,-7)  59 ]  | det=1? true
[1474] 59 59 -22 -9 -1 -8  |  [ 59  (-22,-9,-1,-8) ; (-30,9,1,8)  59 ]  | det=1? true
[1475] 59 59 -30 -9 -1 8  |  [ 59  (-30,-9,-1,8) ; (-22,9,1,-8)  59 ]  | det=1? true
[1476] 44 60 -5 -3 -6 -5  |  [ 44  (-5,-3,-6,-5) ; (-10,3,6,5)  60 ]  | det=1? true
[1477] 44 60 -10 -3 -6 5  |  [ 44  (-10,-3,-6,5) ; (-5,3,6,-5)  60 ]  | det=1? true
[1478] 47 60 -16 -15 -6 -4  |  [ 47  (-16,-15,-6,-4) ; (-20,15,6,4)  60 ]  | det=1? true
[1479] 47 60 -20 -15 -6 4  |  [ 47  (-20,-15,-6,4) ; (-16,15,6,-4)  60 ]  | det=1? true
[1480] 22 57 -4 1 -2 -5  |  [ 22  (-4,1,-2,-5) ; (-9,-1,2,5)  57 ]  | det=1? true
[1481] 30 57 -9 -4 -1 -6  |  [ 30  (-9,-4,-1,-6) ; (-15,4,1,6)  57 ]  | det=1? true
[1482] 30 57 -15 -4 -1 6  |  [ 30  (-15,-4,-1,6) ; (-9,4,1,-6)  57 ]  | det=1? true
[1483] 33 57 -9 -4 -4 -5  |  [ 33  (-9,-4,-4,-5) ; (-14,4,4,5)  57 ]  | det=1? true
[1484] 39 57 -11 2 -7 -1  |  [ 39  (-11,2,-7,-1) ; (-12,-2,7,1)  57 ]  | det=1? true
[1485] 39 57 -12 2 -7 1  |  [ 39  (-12,2,-7,1) ; (-11,-2,7,-1)  57 ]  | det=1? true
[1486] 40 57 -16 -13 -4 -5  |  [ 40  (-16,-13,-4,-5) ; (-21,13,4,5)  57 ]  | det=1? true
[1487] 40 57 -21 -13 -4 5  |  [ 40  (-21,-13,-4,5) ; (-16,13,4,-5)  57 ]  | det=1? true
[1488] 50 57 -7 -3 -4 -7  |  [ 50  (-7,-3,-4,-7) ; (-14,3,4,7)  57 ]  | det=1? true
[1489] 58 58 -28 -5 -4 7  |  [ 58  (-28,-5,-4,7) ; (-21,5,4,-7)  58 ]  | det=1? true
[1490] 25 59 -9 -2 -3 5  |  [ 25  (-9,-2,-3,5) ; (-4,2,3,-5)  59 ]  | det=1? true
[1491] 28 59 -5 -6 -1 -6  |  [ 28  (-5,-6,-1,-6) ; (-11,6,1,6)  59 ]  | det=1? true
[1492] 28 59 -11 -6 -1 6  |  [ 28  (-11,-6,-1,6) ; (-5,6,1,-6)  59 ]  | det=1? true
[1493] 39 59 -14 2 -7 -1  |  [ 39  (-14,2,-7,-1) ; (-15,-2,7,1)  59 ]  | det=1? true
[1494] 39 59 -15 2 -7 1  |  [ 39  (-15,2,-7,1) ; (-14,-2,7,-1)  59 ]  | det=1? true
[1495] 43 59 -17 1 -6 -4  |  [ 43  (-17,1,-6,-4) ; (-21,-1,6,4)  59 ]  | det=1? true
[1496] 43 59 -21 1 -6 4  |  [ 43  (-21,1,-6,4) ; (-17,-1,6,-4)  59 ]  | det=1? true
[1497] 43 59 -11 -11 -4 -6  |  [ 43  (-11,-11,-4,-6) ; (-17,11,4,6)  59 ]  | det=1? true
[1498] 43 59 -17 -11 -4 6  |  [ 43  (-17,-11,-4,6) ; (-11,11,4,-6)  59 ]  | det=1? true
[1499] 47 59 -23 -8 -7 -1  |  [ 47  (-23,-8,-7,-1) ; (-24,8,7,1)  59 ]  | det=1? true
[1500] 47 59 -14 -7 -7 -3  |  [ 47  (-14,-7,-7,-3) ; (-17,7,7,3)  59 ]  | det=1? true
[1501] 51 59 -18 -2 -5 -6  |  [ 51  (-18,-2,-5,-6) ; (-24,2,5,6)  59 ]  | det=1? true
[1502] 51 59 -24 -2 -5 6  |  [ 51  (-24,-2,-5,6) ; (-18,2,5,-6)  59 ]  | det=1? true
[1503] 53 59 -20 -18 -2 -7  |  [ 53  (-20,-18,-2,-7) ; (-27,18,2,7)  59 ]  | det=1? true
[1504] 53 59 -27 -18 -2 7  |  [ 53  (-27,-18,-2,7) ; (-20,18,2,-7)  59 ]  | det=1? true
[1505] 53 59 -16 -3 -1 -8  |  [ 53  (-16,-3,-1,-8) ; (-24,3,1,8)  59 ]  | det=1? true
[1506] 54 59 -5 -6 -3 -8  |  [ 54  (-5,-6,-3,-8) ; (-13,6,3,8)  59 ]  | det=1? true
[1507] 54 59 -13 -6 -3 8  |  [ 54  (-13,-6,-3,8) ; (-5,6,3,-8)  59 ]  | det=1? true
[1508] 33 60 -7 1 -3 -6  |  [ 33  (-7,1,-3,-6) ; (-13,-1,3,6)  60 ]  | det=1? true
[1509] 42 60 -14 1 -2 -7  |  [ 42  (-14,1,-2,-7) ; (-21,-1,2,7)  60 ]  | det=1? true
[1510] 42 60 -21 1 -2 7  |  [ 42  (-21,1,-2,7) ; (-14,-1,2,-7)  60 ]  | det=1? true
[1511] 52 60 -19 -1 -8 -1  |  [ 52  (-19,-1,-8,-1) ; (-20,1,8,1)  60 ]  | det=1? true
[1512] 52 60 -20 -1 -8 1  |  [ 52  (-20,-1,-8,1) ; (-19,1,8,-1)  60 ]  | det=1? true
[1513] 53 60 -10 -11 -2 -8  |  [ 53  (-10,-11,-2,-8) ; (-18,11,2,8)  60 ]  | det=1? true
[1514] 53 60 -18 -11 -2 8  |  [ 53  (-18,-11,-2,8) ; (-10,11,2,-8)  60 ]  | det=1? true
[1515] 56 60 -18 -5 -2 -8  |  [ 56  (-18,-5,-2,-8) ; (-26,5,2,8)  60 ]  | det=1? true
[1516] 56 60 -26 -5 -2 8  |  [ 56  (-26,-5,-2,8) ; (-18,5,2,-8)  60 ]  | det=1? true
[1517] 35 57 -11 -8 -4 -5  |  [ 35  (-11,-8,-4,-5) ; (-16,8,4,5)  57 ]  | det=1? true
[1518] 35 57 -16 -8 -4 5  |  [ 35  (-16,-8,-4,5) ; (-11,8,4,-5)  57 ]  | det=1? true
[1519] 43 57 -17 -4 -7 -1  |  [ 43  (-17,-4,-7,-1) ; (-18,4,7,1)  57 ]  | det=1? true
[1520] 43 57 -18 -4 -7 1  |  [ 43  (-18,-4,-7,1) ; (-17,4,7,-1)  57 ]  | det=1? true
[1521] 47 57 -12 -14 -2 -7  |  [ 47  (-12,-14,-2,-7) ; (-19,14,2,7)  57 ]  | det=1? true
[1522] 47 57 -19 -14 -2 7  |  [ 47  (-19,-14,-2,7) ; (-12,14,2,-7)  57 ]  | det=1? true
[1523] 48 57 -1 1 -4 -7  |  [ 48  (-1,1,-4,-7) ; (-8,-1,4,7)  57 ]  | det=1? true
[1524] 48 57 -8 1 -4 7  |  [ 48  (-8,1,-4,7) ; (-1,-1,4,-7)  57 ]  | det=1? true
[1525] 55 57 -3 1 -5 -7  |  [ 55  (-3,1,-5,-7) ; (-10,-1,5,7)  57 ]  | det=1? true
[1526] 55 57 -10 1 -5 7  |  [ 55  (-10,1,-5,7) ; (-3,-1,5,-7)  57 ]  | det=1? true
[1527] 57 57 -22 -19 -7 -2  |  [ 57  (-22,-19,-7,-2) ; (-24,19,7,2)  57 ]  | det=1? true
[1528] 57 57 -24 -19 -7 2  |  [ 57  (-24,-19,-7,2) ; (-22,19,7,-2)  57 ]  | det=1? true
[1529] 20 58 -8 -3 -4 -3  |  [ 20  (-8,-3,-4,-3) ; (-11,3,4,3)  58 ]  | det=1? true
[1530] 20 58 -11 -3 -4 3  |  [ 20  (-11,-3,-4,3) ; (-8,3,4,-3)  58 ]  | det=1? true
[1531] 45 58 -17 -5 -7 -2  |  [ 45  (-17,-5,-7,-2) ; (-19,5,7,2)  58 ]  | det=1? true
[1532] 47 58 -20 -3 -4 -6  |  [ 47  (-20,-3,-4,-6) ; (-26,3,4,6)  58 ]  | det=1? true
[1533] 47 58 -26 -3 -4 6  |  [ 47  (-26,-3,-4,6) ; (-20,3,4,-6)  58 ]  | det=1? true
[1534] 55 58 -14 -11 -4 -7  |  [ 55  (-14,-11,-4,-7) ; (-21,11,4,7)  58 ]  | det=1? true
[1535] 55 58 -21 -11 -4 7  |  [ 55  (-21,-11,-4,7) ; (-14,11,4,-7)  58 ]  | det=1? true
[1536] 40 59 -7 -5 -2 -7  |  [ 40  (-7,-5,-2,-7) ; (-14,5,2,7)  59 ]  | det=1? true
[1537] 47 59 -18 -15 -7 -1  |  [ 47  (-18,-15,-7,-1) ; (-19,15,7,1)  59 ]  | det=1? true
[1538] 47 59 -19 -15 -7 1  |  [ 47  (-19,-15,-7,1) ; (-18,15,7,-1)  59 ]  | det=1? true
[1539] 49 59 -18 -1 -3 -7  |  [ 49  (-18,-1,-3,-7) ; (-25,1,3,7)  59 ]  | det=1? true
[1540] 49 59 -25 -1 -3 7  |  [ 49  (-25,-1,-3,7) ; (-18,1,3,-7)  59 ]  | det=1? true
[1541] 54 59 -18 -1 -4 -7  |  [ 54  (-18,-1,-4,-7) ; (-25,1,4,7)  59 ]  | det=1? true
[1542] 56 59 -11 -4 -3 -8  |  [ 56  (-11,-4,-3,-8) ; (-19,4,3,8)  59 ]  | det=1? true
[1543] 56 59 -19 -4 -3 8  |  [ 56  (-19,-4,-3,8) ; (-11,4,3,-8)  59 ]  | det=1? true
[1544] 54 60 -16 1 -2 -8  |  [ 54  (-16,1,-2,-8) ; (-24,-1,2,8)  60 ]  | det=1? true
[1545] 47 57 -19 -11 -7 -1  |  [ 47  (-19,-11,-7,-1) ; (-20,11,7,1)  57 ]  | det=1? true
[1546] 47 57 -20 -11 -7 1  |  [ 47  (-20,-11,-7,1) ; (-19,11,7,-1)  57 ]  | det=1? true
[1547] 40 58 -7 -3 -7 -2  |  [ 40  (-7,-3,-7,-2) ; (-9,3,7,2)  58 ]  | det=1? true
[1548] 40 58 -9 -3 -7 2  |  [ 40  (-9,-3,-7,2) ; (-7,3,7,-2)  58 ]  | det=1? true
[1549] 42 58 -18 -17 -2 -6  |  [ 42  (-18,-17,-2,-6) ; (-24,17,2,6)  58 ]  | det=1? true
[1550] 42 58 -24 -17 -2 6  |  [ 42  (-24,-17,-2,6) ; (-18,17,2,-6)  58 ]  | det=1? true
[1551] 46 58 -5 -5 -5 -6  |  [ 46  (-5,-5,-5,-6) ; (-11,5,5,6)  58 ]  | det=1? true
[1552] 56 58 -22 -7 -6 -5  |  [ 56  (-22,-7,-6,-5) ; (-27,7,6,5)  58 ]  | det=1? true
[1553] 56 58 -27 -7 -6 5  |  [ 56  (-27,-7,-6,5) ; (-22,7,6,-5)  58 ]  | det=1? true
[1554] 58 58 -26 1 -6 -5  |  [ 58  (-26,1,-6,-5) ; (-31,-1,6,5)  58 ]  | det=1? true
[1555] 58 58 -21 -5 -4 -7  |  [ 58  (-21,-5,-4,-7) ; (-28,5,4,7)  58 ]  | det=1? true
[1556] 43 59 -12 -10 -6 -4  |  [ 43  (-12,-10,-6,-4) ; (-16,10,6,4)  59 ]  | det=1? true
[1557] 43 59 -16 -10 -6 4  |  [ 43  (-16,-10,-6,4) ; (-12,10,6,-4)  59 ]  | det=1? true
[1558] 47 59 -17 -7 -7 3  |  [ 47  (-17,-7,-7,3) ; (-14,7,7,-3)  59 ]  | det=1? true
[1559] 51 59 -19 -16 -2 -7  |  [ 51  (-19,-16,-2,-7) ; (-26,16,2,7)  59 ]  | det=1? true
[1560] 59 59 -39 -11 -1 7  |  [ 59  (-39,-11,-1,7) ; (-32,11,1,-7)  59 ]  | det=1? true
[1561] 50 60 -11 0 -8 -2  |  [ 50  (-11,0,-8,-2) ; (-13,0,8,2)  60 ]  | det=1? true
[1562] 46 57 -17 -17 -3 -6  |  [ 46  (-17,-17,-3,-6) ; (-23,17,3,6)  57 ]  | det=1? true
[1563] 46 57 -23 -17 -3 6  |  [ 46  (-23,-17,-3,6) ; (-17,17,3,-6)  57 ]  | det=1? true
[1564] 54 57 -21 -16 -7 -2  |  [ 54  (-21,-16,-7,-2) ; (-23,16,7,2)  57 ]  | det=1? true
[1565] 56 59 -17 -11 -4 -7  |  [ 56  (-17,-11,-4,-7) ; (-24,11,4,7)  59 ]  | det=1? true
[1566] 56 59 -24 -11 -4 7  |  [ 56  (-24,-11,-4,7) ; (-17,11,4,-7)  59 ]  | det=1? true
[1567] 28 60 0 1 -2 -6  |  [ 28  (0,1,-2,-6) ; (-6,-1,2,6)  60 ]  | det=1? true
[1568] 50 60 -13 0 -8 2  |  [ 50  (-13,0,-8,2) ; (-11,0,8,-2)  60 ]  | det=1? true
[1569] 53 60 -17 0 -8 -2  |  [ 53  (-17,0,-8,-2) ; (-19,0,8,2)  60 ]  | det=1? true
[1570] 53 60 -19 0 -8 2  |  [ 53  (-19,0,-8,2) ; (-17,0,8,-2)  60 ]  | det=1? true
[1571] 56 60 -29 -4 -1 8  |  [ 56  (-29,-4,-1,8) ; (-21,4,1,-8)  60 ]  | det=1? true
[1572] 21 58 0 1 -2 -5  |  [ 21  (0,1,-2,-5) ; (-5,-1,2,5)  58 ]  | det=1? true
[1573] 21 58 -5 1 -2 5  |  [ 21  (-5,1,-2,5) ; (0,-1,2,-5)  58 ]  | det=1? true
[1574] 47 59 -12 -9 -3 -7  |  [ 47  (-12,-9,-3,-7) ; (-19,9,3,7)  59 ]  | det=1? true
[1575] 47 59 -19 -9 -3 7  |  [ 47  (-19,-9,-3,7) ; (-12,9,3,-7)  59 ]  | det=1? true
[1576] 59 59 -20 -21 -3 -7  |  [ 59  (-20,-21,-3,-7) ; (-27,21,3,7)  59 ]  | det=1? true
[1577] 56 60 -21 -4 -1 -8  |  [ 56  (-21,-4,-1,-8) ; (-29,4,1,8)  60 ]  | det=1? true
[1578] 37 57 -1 0 -1 -7  |  [ 37  (-1,0,-1,-7) ; (-8,0,1,7)  57 ]  | det=1? true
[1579] 43 57 -16 -6 -7 -1  |  [ 43  (-16,-6,-7,-1) ; (-17,6,7,1)  57 ]  | det=1? true
[1580] 54 57 -23 -16 -7 2  |  [ 54  (-23,-16,-7,2) ; (-21,16,7,-2)  57 ]  | det=1? true
[1581] 53 60 -12 -13 -4 -7  |  [ 53  (-12,-13,-4,-7) ; (-19,13,4,7)  60 ]  | det=1? true
[1582] 56 60 -20 -11 -8 -1  |  [ 56  (-20,-11,-8,-1) ; (-21,11,8,1)  60 ]  | det=1? true
[1583] 39 57 -8 -1 -1 -7  |  [ 39  (-8,-1,-1,-7) ; (-15,1,1,7)  57 ]  | det=1? true
[1584] 39 57 -15 -1 -1 7  |  [ 39  (-15,-1,-1,7) ; (-8,1,1,-7)  57 ]  | det=1? true
[1585] 21 58 -1 1 -5 -2  |  [ 21  (-1,1,-5,-2) ; (-3,-1,5,2)  58 ]  | det=1? true
[1586] 21 58 -3 1 -5 2  |  [ 21  (-3,1,-5,2) ; (-1,-1,5,-2)  58 ]  | det=1? true
[1587] 59 59 -26 -4 -8 -1  |  [ 59  (-26,-4,-8,-1) ; (-27,4,8,1)  59 ]  | det=1? true
[1588] 22 61 -9 -3 -5 -2  |  [ 22  (-9,-3,-5,-2) ; (-11,3,5,2)  61 ]  | det=1? true
[1589] 22 61 -11 -3 -5 2  |  [ 22  (-11,-3,-5,2) ; (-9,3,5,-2)  61 ]  | det=1? true
[1590] 37 61 -12 0 -7 -1  |  [ 37  (-12,0,-7,-1) ; (-13,0,7,1)  61 ]  | det=1? true
[1591] 37 61 -13 0 -7 1  |  [ 37  (-13,0,-7,1) ; (-12,0,7,-1)  61 ]  | det=1? true
[1592] 46 61 -6 1 -4 -7  |  [ 46  (-6,1,-4,-7) ; (-13,-1,4,7)  61 ]  | det=1? true
[1593] 59 61 -7 -6 -1 -9  |  [ 59  (-7,-6,-1,-9) ; (-16,6,1,9)  61 ]  | det=1? true
[1594] 46 62 -19 -12 -4 -6  |  [ 46  (-19,-12,-4,-6) ; (-25,12,4,6)  62 ]  | det=1? true
[1595] 46 62 -25 -12 -4 6  |  [ 46  (-25,-12,-4,6) ; (-19,12,4,-6)  62 ]  | det=1? true
[1596] 53 62 -15 -14 -1 -8  |  [ 53  (-15,-14,-1,-8) ; (-23,14,1,8)  62 ]  | det=1? true
[1597] 53 62 -23 -14 -1 8  |  [ 53  (-23,-14,-1,8) ; (-15,14,1,-8)  62 ]  | det=1? true
[1598] 47 63 -7 1 -2 -8  |  [ 47  (-7,1,-2,-8) ; (-15,-1,2,8)  63 ]  | det=1? true
[1599] 47 63 -15 1 -2 8  |  [ 47  (-15,1,-2,8) ; (-7,-1,2,-8)  63 ]  | det=1? true
[1600] 50 63 -5 -3 -3 -8  |  [ 50  (-5,-3,-3,-8) ; (-13,3,3,8)  63 ]  | det=1? true
[1601] 51 63 -21 -2 -8 -1  |  [ 51  (-21,-2,-8,-1) ; (-22,2,8,1)  63 ]  | det=1? true
[1602] 51 63 -22 -2 -8 1  |  [ 51  (-22,-2,-8,1) ; (-21,2,8,-1)  63 ]  | det=1? true
[1603] 57 63 -20 -16 -4 -7  |  [ 57  (-20,-16,-4,-7) ; (-27,16,4,7)  63 ]  | det=1? true
[1604] 60 63 -24 -11 -8 3  |  [ 60  (-24,-11,-8,3) ; (-21,11,8,-3)  63 ]  | det=1? true
[1605] 63 63 -30 -14 -8 -1  |  [ 63  (-30,-14,-8,-1) ; (-31,14,8,1)  63 ]  | det=1? true
[1606] 63 63 -31 -14 -8 1  |  [ 63  (-31,-14,-8,1) ; (-30,14,8,-1)  63 ]  | det=1? true
[1607] 28 64 -13 -5 -6 -1  |  [ 28  (-13,-5,-6,-1) ; (-14,5,6,1)  64 ]  | det=1? true
[1608] 28 64 -14 -5 -6 1  |  [ 28  (-14,-5,-6,1) ; (-13,5,6,-1)  64 ]  | det=1? true
[1609] 39 64 -10 -9 -2 -7  |  [ 39  (-10,-9,-2,-7) ; (-17,9,2,7)  64 ]  | det=1? true
[1610] 39 64 -17 -9 -2 7  |  [ 39  (-17,-9,-2,7) ; (-10,9,2,-7)  64 ]  | det=1? true
[1611] 45 64 -12 1 -8 -1  |  [ 45  (-12,1,-8,-1) ; (-13,-1,8,1)  64 ]  | det=1? true
[1612] 45 64 -13 1 -8 1  |  [ 45  (-13,1,-8,1) ; (-12,-1,8,-1)  64 ]  | det=1? true
[1613] 54 64 -25 0 -7 -4  |  [ 54  (-25,0,-7,-4) ; (-29,0,7,4)  64 ]  | det=1? true
[1614] 54 64 -29 0 -7 4  |  [ 54  (-29,0,-7,4) ; (-25,0,7,-4)  64 ]  | det=1? true
[1615] 50 61 -11 -10 -1 -8  |  [ 50  (-11,-10,-1,-8) ; (-19,10,1,8)  61 ]  | det=1? true
[1616] 50 61 -19 -10 -1 8  |  [ 50  (-19,-10,-1,8) ; (-11,10,1,-8)  61 ]  | det=1? true
[1617] 51 61 -20 0 -8 1  |  [ 51  (-20,0,-8,1) ; (-19,0,8,-1)  61 ]  | det=1? true
[1618] 57 61 -19 -14 -4 -7  |  [ 57  (-19,-14,-4,-7) ; (-26,14,4,7)  61 ]  | det=1? true
[1619] 57 61 -26 -14 -4 7  |  [ 57  (-26,-14,-4,7) ; (-19,14,4,-7)  61 ]  | det=1? true
[1620] 60 61 -26 -23 -2 -7  |  [ 60  (-26,-23,-2,-7) ; (-33,23,2,7)  61 ]  | det=1? true
[1621] 61 61 -43 -8 -1 7  |  [ 61  (-43,-8,-1,7) ; (-36,8,1,-7)  61 ]  | det=1? true
[1622] 61 61 -27 -26 -1 -7  |  [ 61  (-27,-26,-1,-7) ; (-34,26,1,7)  61 ]  | det=1? true
[1623] 26 62 -3 -5 -1 -6  |  [ 26  (-3,-5,-1,-6) ; (-9,5,1,6)  62 ]  | det=1? true
[1624] 26 62 -9 -5 -1 6  |  [ 26  (-9,-5,-1,6) ; (-3,5,1,-6)  62 ]  | det=1? true
[1625] 42 62 -5 3 -6 -5  |  [ 42  (-5,3,-6,-5) ; (-10,-3,6,5)  62 ]  | det=1? true
[1626] 48 62 -9 -2 -8 -2  |  [ 48  (-9,-2,-8,-2) ; (-11,2,8,2)  62 ]  | det=1? true
[1627] 52 62 -23 -13 -6 5  |  [ 52  (-23,-13,-6,5) ; (-18,13,6,-5)  62 ]  | det=1? true
[1628] 59 62 -5 -3 -6 -7  |  [ 59  (-5,-3,-6,-7) ; (-12,3,6,7)  62 ]  | det=1? true
[1629] 61 62 -8 -7 -6 -7  |  [ 61  (-8,-7,-6,-7) ; (-15,7,6,7)  62 ]  | det=1? true
[1630] 37 63 -12 -1 -1 -7  |  [ 37  (-12,-1,-1,-7) ; (-19,1,1,7)  63 ]  | det=1? true
[1631] 46 63 -6 1 -8 -2  |  [ 46  (-6,1,-8,-2) ; (-8,-1,8,2)  63 ]  | det=1? true
[1632] 51 63 -8 -3 -3 -8  |  [ 51  (-8,-3,-3,-8) ; (-16,3,3,8)  63 ]  | det=1? true
[1633] 55 63 -25 -6 -8 -1  |  [ 55  (-25,-6,-8,-1) ; (-26,6,8,1)  63 ]  | det=1? true
[1634] 55 63 -26 -6 -8 1  |  [ 55  (-26,-6,-8,1) ; (-25,6,8,-1)  63 ]  | det=1? true
[1635] 48 64 -21 -16 -4 -6  |  [ 48  (-21,-16,-4,-6) ; (-27,16,4,6)  64 ]  | det=1? true
[1636] 48 64 -27 -16 -4 6  |  [ 48  (-27,-16,-4,6) ; (-21,16,4,-6)  64 ]  | det=1? true
[1637] 51 64 -25 -1 -7 4  |  [ 51  (-25,-1,-7,4) ; (-21,1,7,-4)  64 ]  | det=1? true
[1638] 59 64 -11 -2 -7 -6  |  [ 59  (-11,-2,-7,-6) ; (-17,2,7,6)  64 ]  | det=1? true
[1639] 59 64 -17 -2 -7 6  |  [ 59  (-17,-2,-7,6) ; (-11,2,7,-6)  64 ]  | det=1? true
[1640] 62 64 -28 -17 -8 -1  |  [ 62  (-28,-17,-8,-1) ; (-29,17,8,1)  64 ]  | det=1? true
[1641] 19 61 -4 -5 -1 -5  |  [ 19  (-4,-5,-1,-5) ; (-9,5,1,5)  61 ]  | det=1? true
[1642] 19 61 -9 -5 -1 5  |  [ 19  (-9,-5,-1,5) ; (-4,5,1,-5)  61 ]  | det=1? true
[1643] 34 61 -15 -6 -5 -4  |  [ 34  (-15,-6,-5,-4) ; (-19,6,5,4)  61 ]  | det=1? true
[1644] 34 61 -19 -6 -5 4  |  [ 34  (-19,-6,-5,4) ; (-15,6,5,-4)  61 ]  | det=1? true
[1645] 43 61 -21 -5 -7 -1  |  [ 43  (-21,-5,-7,-1) ; (-22,5,7,1)  61 ]  | det=1? true
[1646] 47 61 -14 -3 -5 -6  |  [ 47  (-14,-3,-5,-6) ; (-20,3,5,6)  61 ]  | det=1? true
[1647] 61 61 -22 -2 -7 -5  |  [ 61  (-22,-2,-7,-5) ; (-27,2,7,5)  61 ]  | det=1? true
[1648] 61 61 -27 -2 -7 5  |  [ 61  (-27,-2,-7,5) ; (-22,2,7,-5)  61 ]  | det=1? true
[1649] 61 61 -5 -8 -2 -9  |  [ 61  (-5,-8,-2,-9) ; (-14,8,2,9)  61 ]  | det=1? true
[1650] 28 62 -7 -9 -1 -6  |  [ 28  (-7,-9,-1,-6) ; (-13,9,1,6)  62 ]  | det=1? true
[1651] 28 62 -13 -9 -1 6  |  [ 28  (-13,-9,-1,6) ; (-7,9,1,-6)  62 ]  | det=1? true
[1652] 36 62 -3 2 -7 -2  |  [ 36  (-3,2,-7,-2) ; (-5,-2,7,2)  62 ]  | det=1? true
[1653] 36 62 -5 2 -7 2  |  [ 36  (-5,2,-7,2) ; (-3,-2,7,-2)  62 ]  | det=1? true
[1654] 47 62 -6 -1 -8 -2  |  [ 47  (-6,-1,-8,-2) ; (-8,1,8,2)  62 ]  | det=1? true
[1655] 47 62 -8 -1 -8 2  |  [ 47  (-8,-1,-8,2) ; (-6,1,8,-2)  62 ]  | det=1? true
[1656] 19 63 -7 -4 -1 -5  |  [ 19  (-7,-4,-1,-5) ; (-12,4,1,5)  63 ]  | det=1? true
[1657] 19 63 -12 -4 -1 5  |  [ 19  (-12,-4,-1,5) ; (-7,4,1,-5)  63 ]  | det=1? true
[1658] 35 63 -7 -2 -1 -7  |  [ 35  (-7,-2,-1,-7) ; (-14,2,1,7)  63 ]  | det=1? true
[1659] 48 63 -21 -4 -1 8  |  [ 48  (-21,-4,-1,8) ; (-13,4,1,-8)  63 ]  | det=1? true
[1660] 50 63 -11 -14 -1 -8  |  [ 50  (-11,-14,-1,-8) ; (-19,14,1,8)  63 ]  | det=1? true
[1661] 50 63 -19 -14 -1 8  |  [ 50  (-19,-14,-1,8) ; (-11,14,1,-8)  63 ]  | det=1? true
[1662] 52 63 -23 1 -8 -1  |  [ 52  (-23,1,-8,-1) ; (-24,-1,8,1)  63 ]  | det=1? true
[1663] 52 63 -24 1 -8 1  |  [ 52  (-24,1,-8,1) ; (-23,-1,8,-1)  63 ]  | det=1? true
[1664] 54 63 -22 -7 -8 2  |  [ 54  (-22,-7,-8,2) ; (-20,7,8,-2)  63 ]  | det=1? true
[1665] 12 61 -3 -1 -4 -1  |  [ 12  (-3,-1,-4,-1) ; (-4,1,4,1)  61 ]  | det=1? true
[1666] 12 61 -4 -1 -4 1  |  [ 12  (-4,-1,-4,1) ; (-3,1,4,-1)  61 ]  | det=1? true
[1667] 38 61 -9 -2 -6 -4  |  [ 38  (-9,-2,-6,-4) ; (-13,2,6,4)  61 ]  | det=1? true
[1668] 38 61 -13 -2 -6 4  |  [ 38  (-13,-2,-6,4) ; (-9,2,6,-4)  61 ]  | det=1? true
[1669] 55 61 -16 -15 -1 -8  |  [ 55  (-16,-15,-1,-8) ; (-24,15,1,8)  61 ]  | det=1? true
[1670] 58 61 -27 -12 -2 8  |  [ 58  (-27,-12,-2,8) ; (-19,12,2,-8)  61 ]  | det=1? true
[1671] 61 61 -15 -3 -9 -1  |  [ 61  (-15,-3,-9,-1) ; (-16,3,9,1)  61 ]  | det=1? true
[1672] 61 61 -16 -3 -9 1  |  [ 61  (-16,-3,-9,1) ; (-15,3,9,-1)  61 ]  | det=1? true
[1673] 45 62 -16 -13 -2 -7  |  [ 45  (-16,-13,-2,-7) ; (-23,13,2,7)  62 ]  | det=1? true
[1674] 45 62 -23 -13 -2 7  |  [ 45  (-23,-13,-2,7) ; (-16,13,2,-7)  62 ]  | det=1? true
[1675] 47 62 -13 -8 -5 -6  |  [ 47  (-13,-8,-5,-6) ; (-19,8,5,6)  62 ]  | det=1? true
[1676] 56 62 -23 -8 -7 -4  |  [ 56  (-23,-8,-7,-4) ; (-27,8,7,4)  62 ]  | det=1? true
[1677] 56 62 -27 -8 -7 4  |  [ 56  (-27,-8,-7,4) ; (-23,8,7,-4)  62 ]  | det=1? true
[1678] 12 63 -3 -4 -1 -4  |  [ 12  (-3,-4,-1,-4) ; (-7,4,1,4)  63 ]  | det=1? true
[1679] 12 63 -7 -4 -1 4  |  [ 12  (-7,-4,-1,4) ; (-3,4,1,-4)  63 ]  | det=1? true
[1680] 26 63 -7 -3 -6 -1  |  [ 26  (-7,-3,-6,-1) ; (-8,3,6,1)  63 ]  | det=1? true
[1681] 59 63 -9 -10 -1 -9  |  [ 59  (-9,-10,-1,-9) ; (-18,10,1,9)  63 ]  | det=1? true
[1682] 59 63 -18 -10 -1 9  |  [ 59  (-18,-10,-1,9) ; (-9,10,1,-9)  63 ]  | det=1? true
[1683] 46 64 -9 2 -8 -2  |  [ 46  (-9,2,-8,-2) ; (-11,-2,8,2)  64 ]  | det=1? true
[1684] 46 64 -11 2 -8 2  |  [ 46  (-11,2,-8,2) ; (-9,-2,8,-2)  64 ]  | det=1? true
[1685] 48 64 -13 -2 -8 -2  |  [ 48  (-13,-2,-8,-2) ; (-15,2,8,2)  64 ]  | det=1? true
[1686] 48 64 -15 -2 -8 2  |  [ 48  (-15,-2,-8,2) ; (-13,2,8,-2)  64 ]  | det=1? true
[1687] 41 61 -7 1 -7 -3  |  [ 41  (-7,1,-7,-3) ; (-10,-1,7,3)  61 ]  | det=1? true
[1688] 41 61 -10 1 -7 3  |  [ 41  (-10,1,-7,3) ; (-7,-1,7,-3)  61 ]  | det=1? true
[1689] 46 61 -13 1 -5 -6  |  [ 46  (-13,1,-5,-6) ; (-19,-1,5,6)  61 ]  | det=1? true
[1690] 46 61 -19 1 -5 6  |  [ 46  (-19,1,-5,6) ; (-13,-1,5,-6)  61 ]  | det=1? true
[1691] 54 61 -11 -3 -3 -8  |  [ 54  (-11,-3,-3,-8) ; (-19,3,3,8)  61 ]  | det=1? true
[1692] 54 61 -19 -3 -3 8  |  [ 54  (-19,-3,-3,8) ; (-11,3,3,-8)  61 ]  | det=1? true
[1693] 58 61 -19 -12 -2 -8  |  [ 58  (-19,-12,-2,-8) ; (-27,12,2,8)  61 ]  | det=1? true
[1694] 61 61 -21 -3 -5 -7  |  [ 61  (-21,-3,-5,-7) ; (-28,3,5,7)  61 ]  | det=1? true
[1695] 44 63 -7 3 -8 -1  |  [ 44  (-7,3,-8,-1) ; (-8,-3,8,1)  63 ]  | det=1? true
[1696] 43 64 -15 -13 -2 -7  |  [ 43  (-15,-13,-2,-7) ; (-22,13,2,7)  64 ]  | det=1? true
[1697] 43 64 -22 -13 -2 7  |  [ 43  (-22,-13,-2,7) ; (-15,13,2,-7)  64 ]  | det=1? true
[1698] 55 64 -18 -13 -2 -8  |  [ 55  (-18,-13,-2,-8) ; (-26,13,2,8)  64 ]  | det=1? true
[1699] 55 64 -26 -13 -2 8  |  [ 55  (-26,-13,-2,8) ; (-18,13,2,-8)  64 ]  | det=1? true
[1700] 28 61 -5 2 -6 -2  |  [ 28  (-5,2,-6,-2) ; (-7,-2,6,2)  61 ]  | det=1? true
[1701] 28 61 -7 2 -6 2  |  [ 28  (-7,2,-6,2) ; (-5,-2,6,-2)  61 ]  | det=1? true
[1702] 52 61 -7 0 -3 -8  |  [ 52  (-7,0,-3,-8) ; (-15,0,3,8)  61 ]  | det=1? true
[1703] 53 62 -11 -5 -8 -3  |  [ 53  (-11,-5,-8,-3) ; (-14,5,8,3)  62 ]  | det=1? true
[1704] 53 62 -14 -5 -8 3  |  [ 53  (-14,-5,-8,3) ; (-11,5,8,-3)  62 ]  | det=1? true
[1705] 52 64 -9 -9 -3 -8  |  [ 52  (-9,-9,-3,-8) ; (-17,9,3,8)  64 ]  | det=1? true
[1706] 52 64 -17 -9 -3 8  |  [ 52  (-17,-9,-3,8) ; (-9,9,3,-8)  64 ]  | det=1? true
[1707] 46 63 -10 1 -4 -7  |  [ 46  (-10,1,-4,-7) ; (-17,-1,4,7)  63 ]  | det=1? true
[1708] 62 62 -26 -19 -6 -5  |  [ 62  (-26,-19,-6,-5) ; (-31,19,6,5)  62 ]  | det=1? true
[1709] 62 62 -31 -19 -6 5  |  [ 62  (-31,-19,-6,5) ; (-26,19,6,-5)  62 ]  | det=1? true
[1710] 32 65 -9 -6 -3 -6  |  [ 32  (-9,-6,-3,-6) ; (-15,6,3,6)  65 ]  | det=1? true
[1711] 32 65 -15 -6 -3 6  |  [ 32  (-15,-6,-3,6) ; (-9,6,3,-6)  65 ]  | det=1? true
[1712] 58 65 -8 -7 -2 -9  |  [ 58  (-8,-7,-2,-9) ; (-17,7,2,9)  65 ]  | det=1? true
[1713] 51 66 -2 1 -8 -4  |  [ 51  (-2,1,-8,-4) ; (-6,-1,8,4)  66 ]  | det=1? true
[1714] 23 65 -6 0 -3 -5  |  [ 23  (-6,0,-3,-5) ; (-11,0,3,5)  65 ]  | det=1? true
[1715] 23 65 -11 0 -3 5  |  [ 23  (-11,0,-3,5) ; (-6,0,3,-5)  65 ]  | det=1? true
[1716] 43 66 -9 2 -7 -4  |  [ 43  (-9,2,-7,-4) ; (-13,-2,7,4)  66 ]  | det=1? true
[1717] 43 66 -13 2 -7 4  |  [ 43  (-13,2,-7,4) ; (-9,-2,7,-4)  66 ]  | det=1? true
[1718] 46 66 -10 1 -2 -8  |  [ 46  (-10,1,-2,-8) ; (-18,-1,2,8)  66 ]  | det=1? true
[1719] 46 66 -18 1 -2 8  |  [ 46  (-18,1,-2,8) ; (-10,-1,2,-8)  66 ]  | det=1? true
[1720] 23 67 -7 -4 -3 -5  |  [ 23  (-7,-4,-3,-5) ; (-12,4,3,5)  67 ]  | det=1? true
[1721] 23 67 -12 -4 -3 5  |  [ 23  (-12,-4,-3,5) ; (-7,4,3,-5)  67 ]  | det=1? true
[1722] 28 67 -13 0 -6 -2  |  [ 28  (-13,0,-6,-2) ; (-15,0,6,2)  67 ]  | det=1? true
[1723] 45 67 -12 -8 -8 -1  |  [ 45  (-12,-8,-8,-1) ; (-13,8,8,1)  67 ]  | det=1? true
[1724] 45 67 -13 -8 -8 1  |  [ 45  (-13,-8,-8,1) ; (-12,8,8,-1)  67 ]  | det=1? true
[1725] 47 67 -5 2 -7 -5  |  [ 47  (-5,2,-7,-5) ; (-10,-2,7,5)  67 ]  | det=1? true
[1726] 67 67 -42 -18 -5 6  |  [ 67  (-42,-18,-5,6) ; (-36,18,5,-6)  67 ]  | det=1? true
[1727] 67 67 -14 -9 -9 -4  |  [ 67  (-14,-9,-9,-4) ; (-18,9,9,4)  67 ]  | det=1? true
[1728] 67 67 -18 -9 -9 4  |  [ 67  (-18,-9,-9,4) ; (-14,9,9,-4)  67 ]  | det=1? true
[1729] 26 68 -3 -3 -4 -5  |  [ 26  (-3,-3,-4,-5) ; (-8,3,4,5)  68 ]  | det=1? true
[1730] 25 65 -4 -5 -1 -6  |  [ 25  (-4,-5,-1,-6) ; (-10,5,1,6)  65 ]  | det=1? true
[1731] 25 65 -10 -5 -1 6  |  [ 25  (-10,-5,-1,6) ; (-4,5,1,-6)  65 ]  | det=1? true
[1732] 47 65 2 0 -3 -8  |  [ 47  (2,0,-3,-8) ; (-6,0,3,8)  65 ]  | det=1? true
[1733] 47 65 -6 0 -3 8  |  [ 47  (-6,0,-3,8) ; (2,0,3,-8)  65 ]  | det=1? true
[1734] 53 65 -22 -14 -5 -6  |  [ 53  (-22,-14,-5,-6) ; (-28,14,5,6)  65 ]  | det=1? true
[1735] 53 65 -28 -14 -5 6  |  [ 53  (-28,-14,-5,6) ; (-22,14,5,-6)  65 ]  | det=1? true
[1736] 61 65 -32 -10 -3 8  |  [ 61  (-32,-10,-3,8) ; (-24,10,3,-8)  65 ]  | det=1? true
[1737] 65 65 -16 -19 -1 -9  |  [ 65  (-16,-19,-1,-9) ; (-25,19,1,9)  65 ]  | det=1? true
[1738] 65 65 -25 -19 -1 9  |  [ 65  (-25,-19,-1,9) ; (-16,19,1,-9)  65 ]  | det=1? true
[1739] 57 66 -17 -15 -3 -8  |  [ 57  (-17,-15,-3,-8) ; (-25,15,3,8)  66 ]  | det=1? true
[1740] 61 66 -26 -19 -4 -7  |  [ 61  (-26,-19,-4,-7) ; (-33,19,4,7)  66 ]  | det=1? true
[1741] 47 67 -21 -4 -6 -5  |  [ 47  (-21,-4,-6,-5) ; (-26,4,6,5)  67 ]  | det=1? true
[1742] 47 67 -26 -4 -6 5  |  [ 47  (-26,-4,-6,5) ; (-21,4,6,-5)  67 ]  | det=1? true
[1743] 55 67 -25 -9 -8 -2  |  [ 55  (-25,-9,-8,-2) ; (-27,9,8,2)  67 ]  | det=1? true
[1744] 57 67 -6 1 -5 -8  |  [ 57  (-6,1,-5,-8) ; (-14,-1,5,8)  67 ]  | det=1? true
[1745] 63 67 -3 1 -8 -6  |  [ 63  (-3,1,-8,-6) ; (-9,-1,8,6)  67 ]  | det=1? true
[1746] 67 67 -9 -9 -6 -8  |  [ 67  (-9,-9,-6,-8) ; (-17,9,6,8)  67 ]  | det=1? true
[1747] 67 67 -17 -9 -6 8  |  [ 67  (-17,-9,-6,8) ; (-9,9,6,-8)  67 ]  | det=1? true
[1748] 67 67 -11 -2 -5 9  |  [ 67  (-11,-2,-5,9) ; (-2,2,5,-9)  67 ]  | det=1? true
[1749] 61 68 -4 -3 -4 -9  |  [ 61  (-4,-3,-4,-9) ; (-13,3,4,9)  68 ]  | det=1? true
[1750] 41 65 -17 -12 -1 -7  |  [ 41  (-17,-12,-1,-7) ; (-24,12,1,7)  65 ]  | det=1? true
[1751] 53 65 -14 -7 -3 -8  |  [ 53  (-14,-7,-3,-8) ; (-22,7,3,8)  65 ]  | det=1? true
[1752] 44 66 -4 1 -2 -8  |  [ 44  (-4,1,-2,-8) ; (-12,-1,2,8)  66 ]  | det=1? true
[1753] 46 66 -13 -5 -4 -7  |  [ 46  (-13,-5,-4,-7) ; (-20,5,4,7)  66 ]  | det=1? true
[1754] 46 66 -20 -5 -4 7  |  [ 46  (-20,-5,-4,7) ; (-13,5,4,-7)  66 ]  | det=1? true
[1755] 57 66 -25 -15 -3 8  |  [ 57  (-25,-15,-3,8) ; (-17,15,3,-8)  66 ]  | det=1? true
[1756] 47 67 -10 2 -7 5  |  [ 47  (-10,2,-7,5) ; (-5,-2,7,-5)  67 ]  | det=1? true
[1757] 61 67 -25 1 -9 -1  |  [ 61  (-25,1,-9,-1) ; (-26,-1,9,1)  67 ]  | det=1? true
[1758] 61 67 -26 1 -9 1  |  [ 61  (-26,1,-9,1) ; (-25,-1,9,-1)  67 ]  | det=1? true
[1759] 63 67 -19 -2 -9 -3  |  [ 63  (-19,-2,-9,-3) ; (-22,2,9,3)  67 ]  | det=1? true
[1760] 63 67 -22 -2 -9 3  |  [ 63  (-22,-2,-9,3) ; (-19,2,9,-3)  67 ]  | det=1? true
[1761] 67 67 -5 2 -9 -5  |  [ 67  (-5,2,-9,-5) ; (-10,-2,9,5)  67 ]  | det=1? true
[1762] 67 67 -2 -2 -5 -9  |  [ 67  (-2,-2,-5,-9) ; (-11,2,5,9)  67 ]  | det=1? true
[1763] 32 68 0 3 -6 -4  |  [ 32  (0,3,-6,-4) ; (-4,-3,6,4)  68 ]  | det=1? true
[1764] 32 68 -4 3 -6 4  |  [ 32  (-4,3,-6,4) ; (0,-3,6,-4)  68 ]  | det=1? true
[1765] 41 68 -13 3 -6 -5  |  [ 41  (-13,3,-6,-5) ; (-18,-3,6,5)  68 ]  | det=1? true
[1766] 38 65 -9 -9 -2 -7  |  [ 38  (-9,-9,-2,-7) ; (-16,9,2,7)  65 ]  | det=1? true
[1767] 46 65 -20 -15 -4 -6  |  [ 46  (-20,-15,-4,-6) ; (-26,15,4,6)  65 ]  | det=1? true
[1768] 60 65 -23 -18 -8 -2  |  [ 60  (-23,-18,-8,-2) ; (-25,18,8,2)  65 ]  | det=1? true
[1769] 60 65 -25 -18 -8 2  |  [ 60  (-25,-18,-8,2) ; (-23,18,8,-2)  65 ]  | det=1? true
[1770] 63 65 -13 -4 -3 -9  |  [ 63  (-13,-4,-3,-9) ; (-22,4,3,9)  65 ]  | det=1? true
[1771] 53 66 -17 -18 -1 -8  |  [ 53  (-17,-18,-1,-8) ; (-25,18,1,8)  66 ]  | det=1? true
[1772] 53 66 -25 -18 -1 8  |  [ 53  (-25,-18,-1,8) ; (-17,18,1,-8)  66 ]  | det=1? true
[1773] 59 66 -17 0 -9 -2  |  [ 59  (-17,0,-9,-2) ; (-19,0,9,2)  66 ]  | det=1? true
[1774] 59 66 -19 0 -9 2  |  [ 59  (-19,0,-9,2) ; (-17,0,9,-2)  66 ]  | det=1? true
[1775] 26 67 -11 -5 -6 -1  |  [ 26  (-11,-5,-6,-1) ; (-12,5,6,1)  67 ]  | det=1? true
[1776] 54 67 -18 -19 -4 -7  |  [ 54  (-18,-19,-4,-7) ; (-25,19,4,7)  67 ]  | det=1? true
[1777] 54 67 -25 -19 -4 7  |  [ 54  (-25,-19,-4,7) ; (-18,19,4,-7)  67 ]  | det=1? true
[1778] 42 68 -8 -1 -4 -7  |  [ 42  (-8,-1,-4,-7) ; (-15,1,4,7)  68 ]  | det=1? true
[1779] 42 68 -15 -1 -4 7  |  [ 42  (-15,-1,-4,7) ; (-8,1,4,-7)  68 ]  | det=1? true
[1780] 54 68 -23 -12 -8 -2  |  [ 54  (-23,-12,-8,-2) ; (-25,12,8,2)  68 ]  | det=1? true
[1781] 61 68 -13 -3 -4 9  |  [ 61  (-13,-3,-4,9) ; (-4,3,4,-9)  68 ]  | det=1? true
[1782] 38 65 -16 -9 -2 7  |  [ 38  (-16,-9,-2,7) ; (-9,9,2,-7)  65 ]  | det=1? true
[1783] 50 67 -9 -10 -3 -8  |  [ 50  (-9,-10,-3,-8) ; (-17,10,3,8)  67 ]  | det=1? true
[1784] 55 67 -18 -12 -8 -3  |  [ 55  (-18,-12,-8,-3) ; (-21,12,8,3)  67 ]  | det=1? true
[1785] 55 67 -21 -12 -8 3  |  [ 55  (-21,-12,-8,3) ; (-18,12,8,-3)  67 ]  | det=1? true
[1786] 64 67 -23 -3 -6 -7  |  [ 64  (-23,-3,-6,-7) ; (-30,3,6,7)  67 ]  | det=1? true
[1787] 64 67 -30 -3 -6 7  |  [ 64  (-30,-3,-6,7) ; (-23,3,6,-7)  67 ]  | det=1? true
[1788] 27 68 -7 -4 -5 -4  |  [ 27  (-7,-4,-5,-4) ; (-11,4,5,4)  68 ]  | det=1? true
[1789] 27 68 -11 -4 -5 4  |  [ 27  (-11,-4,-5,4) ; (-7,4,5,-4)  68 ]  | det=1? true
[1790] 37 65 -7 -8 -2 -7  |  [ 37  (-7,-8,-2,-7) ; (-14,8,2,7)  65 ]  | det=1? true
[1791] 66 66 -19 -8 -5 -8  |  [ 66  (-19,-8,-5,-8) ; (-27,8,5,8)  66 ]  | det=1? true
[1792] 67 67 -31 -21 -8 -2  |  [ 67  (-31,-21,-8,-2) ; (-33,21,8,2)  67 ]  | det=1? true
[1793] 67 67 -3 0 -5 -9  |  [ 67  (-3,0,-5,-9) ; (-12,0,5,9)  67 ]  | det=1? true
[1794] 66 68 -23 -7 -8 -5  |  [ 66  (-23,-7,-8,-5) ; (-28,7,8,5)  68 ]  | det=1? true
[1795] 66 68 -28 -7 -8 5  |  [ 66  (-28,-7,-8,5) ; (-23,7,8,-5)  68 ]  | det=1? true
[1796] 46 65 -21 -14 -6 -4  |  [ 46  (-21,-14,-6,-4) ; (-25,14,6,4)  65 ]  | det=1? true
[1797] 67 67 -10 -8 -8 -6  |  [ 67  (-10,-8,-8,-6) ; (-16,8,8,6)  67 ]  | det=1? true
[1798] 67 67 -16 -8 -8 6  |  [ 67  (-16,-8,-8,6) ; (-10,8,8,-6)  67 ]  | det=1? true
[1799] 48 66 -17 -3 -1 -8  |  [ 48  (-17,-3,-1,-8) ; (-25,3,1,8)  66 ]  | det=1? true
[1800] 48 66 -25 -3 -1 8  |  [ 48  (-25,-3,-1,8) ; (-17,3,1,-8)  66 ]  | det=1? true
[1801] 59 67 -9 -2 -3 -9  |  [ 59  (-9,-2,-3,-9) ; (-18,2,3,9)  67 ]  | det=1? true
[1802] 59 67 -18 -2 -3 9  |  [ 59  (-18,-2,-3,9) ; (-9,2,3,-9)  67 ]  | det=1? true
[1803] 67 67 -28 -24 -2 -8  |  [ 67  (-28,-24,-2,-8) ; (-36,24,2,8)  67 ]  | det=1? true
[1804] 58 66 -27 -13 -7 -4  |  [ 58  (-27,-13,-7,-4) ; (-31,13,7,4)  66 ]  | det=1? true
[1805] 66 66 -31 -20 -7 -4  |  [ 66  (-31,-20,-7,-4) ; (-35,20,7,4)  66 ]  | det=1? true
[1806] 35 69 -14 -4 -1 -7  |  [ 35  (-14,-4,-1,-7) ; (-21,4,1,7)  69 ]  | det=1? true
[1807] 35 69 -21 -4 -1 7  |  [ 35  (-21,-4,-1,7) ; (-14,4,1,-7)  69 ]  | det=1? true
[1808] 70 72 -16 -15 -2 -10  |  [ 70  (-16,-15,-2,-10) ; (-26,15,2,10)  72 ]  | det=1? true
[1809] 70 72 -26 -15 -2 10  |  [ 70  (-26,-15,-2,10) ; (-16,15,2,-10)  72 ]  | det=1? true
[1810] 69 69 -17 -9 -6 -8  |  [ 69  (-17,-9,-6,-8) ; (-25,9,6,8)  69 ]  | det=1? true
[1811] 69 69 -25 -9 -6 8  |  [ 69  (-25,-9,-6,8) ; (-17,9,6,-8)  69 ]  | det=1? true
[1812] 24 70 -2 3 -6 -2  |  [ 24  (-2,3,-6,-2) ; (-4,-3,6,2)  70 ]  | det=1? true
[1813] 24 70 -4 3 -6 2  |  [ 24  (-4,3,-6,2) ; (-2,-3,6,-2)  70 ]  | det=1? true
[1814] 63 70 -30 -23 -8 2  |  [ 63  (-30,-23,-8,2) ; (-28,23,8,-2)  70 ]  | det=1? true
[1815] 70 70 -25 -16 -5 -8  |  [ 70  (-25,-16,-5,-8) ; (-33,16,5,8)  70 ]  | det=1? true
[1816] 48 69 -17 -12 -1 -8  |  [ 48  (-17,-12,-1,-8) ; (-25,12,1,8)  69 ]  | det=1? true
[1817] 48 69 -25 -12 -1 8  |  [ 48  (-25,-12,-1,8) ; (-17,12,1,-8)  69 ]  | det=1? true
[1818] 61 70 -25 -18 -3 -8  |  [ 61  (-25,-18,-3,-8) ; (-33,18,3,8)  70 ]  | det=1? true
[1819] 61 70 -33 -18 -3 8  |  [ 61  (-33,-18,-3,8) ; (-25,18,3,-8)  70 ]  | det=1? true
[1820] 63 70 -28 -23 -8 -2  |  [ 63  (-28,-23,-8,-2) ; (-30,23,8,2)  70 ]  | det=1? true
[1821] 67 70 -27 -12 -7 -6  |  [ 67  (-27,-12,-7,-6) ; (-33,12,7,6)  70 ]  | det=1? true
[1822] 67 70 -33 -12 -7 6  |  [ 67  (-33,-12,-7,6) ; (-27,12,7,-6)  70 ]  | det=1? true
[1823] 50 71 -19 -5 -8 -3  |  [ 50  (-19,-5,-8,-3) ; (-22,5,8,3)  71 ]  | det=1? true
[1824] 57 71 -12 -14 -2 -9  |  [ 57  (-12,-14,-2,-9) ; (-21,14,2,9)  71 ]  | det=1? true
[1825] 30 69 -13 -9 -5 -4  |  [ 30  (-13,-9,-5,-4) ; (-17,9,5,4)  69 ]  | det=1? true
[1826] 30 69 -17 -9 -5 4  |  [ 30  (-17,-9,-5,4) ; (-13,9,5,-4)  69 ]  | det=1? true
[1827] 47 69 -8 -3 -7 -5  |  [ 47  (-8,-3,-7,-5) ; (-13,3,7,5)  69 ]  | det=1? true
[1828] 47 69 -13 -3 -7 5  |  [ 47  (-13,-3,-7,5) ; (-8,3,7,-5)  69 ]  | det=1? true
[1829] 63 69 -25 -12 -9 -1  |  [ 63  (-25,-12,-9,-1) ; (-26,12,9,1)  69 ]  | det=1? true
[1830] 63 69 -26 -12 -9 1  |  [ 63  (-26,-12,-9,1) ; (-25,12,9,-1)  69 ]  | det=1? true
[1831] 51 70 0 1 -2 -9  |  [ 51  (0,1,-2,-9) ; (-9,-1,2,9)  70 ]  | det=1? true
[1832] 32 71 -7 2 -4 -6  |  [ 32  (-7,2,-4,-6) ; (-13,-2,4,6)  71 ]  | det=1? true
[1833] 32 71 -13 2 -4 6  |  [ 32  (-13,2,-4,6) ; (-7,-2,4,-6)  71 ]  | det=1? true
[1834] 32 71 -10 -3 -2 7  |  [ 32  (-10,-3,-2,7) ; (-3,3,2,-7)  71 ]  | det=1? true
[1835] 35 71 -4 -1 -3 -7  |  [ 35  (-4,-1,-3,-7) ; (-11,1,3,7)  71 ]  | det=1? true
[1836] 66 71 -23 -13 -5 -8  |  [ 66  (-23,-13,-5,-8) ; (-31,13,5,8)  71 ]  | det=1? true
[1837] 66 71 -31 -13 -5 8  |  [ 66  (-31,-13,-5,8) ; (-23,13,5,-8)  71 ]  | det=1? true
[1838] 62 72 -9 -8 -8 -6  |  [ 62  (-9,-8,-8,-6) ; (-15,8,8,6)  72 ]  | det=1? true
[1839] 62 72 -15 -8 -8 6  |  [ 62  (-15,-8,-8,6) ; (-9,8,8,-6)  72 ]  | det=1? true
[1840] 18 69 -3 1 -2 -5  |  [ 18  (-3,1,-2,-5) ; (-8,-1,2,5)  69 ]  | det=1? true
[1841] 18 69 -8 1 -2 5  |  [ 18  (-8,1,-2,5) ; (-3,-1,2,-5)  69 ]  | det=1? true
[1842] 54 69 -22 -17 -4 -7  |  [ 54  (-22,-17,-4,-7) ; (-29,17,4,7)  69 ]  | det=1? true
[1843] 54 69 -29 -17 -4 7  |  [ 54  (-29,-17,-4,7) ; (-22,17,4,-7)  69 ]  | det=1? true
[1844] 56 70 -13 -7 -2 -9  |  [ 56  (-13,-7,-2,-9) ; (-22,7,2,9)  70 ]  | det=1? true
[1845] 60 70 -22 3 -6 -7  |  [ 60  (-22,3,-6,-7) ; (-29,-3,6,7)  70 ]  | det=1? true
[1846] 60 70 -29 3 -6 7  |  [ 60  (-29,3,-6,7) ; (-22,-3,6,-7)  70 ]  | det=1? true
[1847] 64 70 -11 -2 -1 -10  |  [ 64  (-11,-2,-1,-10) ; (-21,2,1,10)  70 ]  | det=1? true
[1848] 32 71 -3 -3 -2 -7  |  [ 32  (-3,-3,-2,-7) ; (-10,3,2,7)  71 ]  | det=1? true
[1849] 47 71 -10 -6 -7 -5  |  [ 47  (-10,-6,-7,-5) ; (-15,6,7,5)  71 ]  | det=1? true
[1850] 50 71 -22 -5 -8 3  |  [ 50  (-22,-5,-8,3) ; (-19,5,8,-3)  71 ]  | det=1? true
[1851] 55 71 -23 -12 -8 -3  |  [ 55  (-23,-12,-8,-3) ; (-26,12,8,3)  71 ]  | det=1? true
[1852] 55 71 -26 -12 -8 3  |  [ 55  (-26,-12,-8,3) ; (-23,12,8,-3)  71 ]  | det=1? true
[1853] 59 71 -16 -6 -5 -8  |  [ 59  (-16,-6,-5,-8) ; (-24,6,5,8)  71 ]  | det=1? true
[1854] 59 71 -24 -6 -5 8  |  [ 59  (-24,-6,-5,8) ; (-16,6,5,-8)  71 ]  | det=1? true
[1855] 71 71 -20 -14 -6 -8  |  [ 71  (-20,-14,-6,-8) ; (-28,14,6,8)  71 ]  | det=1? true
[1856] 50 69 -21 -10 -1 -8  |  [ 50  (-21,-10,-1,-8) ; (-29,10,1,8)  69 ]  | det=1? true
[1857] 50 69 -29 -10 -1 8  |  [ 50  (-29,-10,-1,8) ; (-21,10,1,-8)  69 ]  | det=1? true
[1858] 66 69 -16 -3 -10 -1  |  [ 66  (-16,-3,-10,-1) ; (-17,3,10,1)  69 ]  | det=1? true
[1859] 66 69 -17 -3 -10 1  |  [ 66  (-17,-3,-10,1) ; (-16,3,10,-1)  69 ]  | det=1? true
[1860] 39 70 -1 1 -7 -4  |  [ 39  (-1,1,-7,-4) ; (-5,-1,7,4)  70 ]  | det=1? true
[1861] 44 70 -23 -9 -5 6  |  [ 44  (-23,-9,-5,6) ; (-17,9,5,-6)  70 ]  | det=1? true
[1862] 15 71 -3 2 -4 -3  |  [ 15  (-3,2,-4,-3) ; (-6,-2,4,3)  71 ]  | det=1? true
[1863] 15 71 -6 2 -4 3  |  [ 15  (-6,2,-4,3) ; (-3,-2,4,-3)  71 ]  | det=1? true
[1864] 22 71 -3 1 -6 -1  |  [ 22  (-3,1,-6,-1) ; (-4,-1,6,1)  71 ]  | det=1? true
[1865] 48 72 -19 -15 -8 -1  |  [ 48  (-19,-15,-8,-1) ; (-20,15,8,1)  72 ]  | det=1? true
[1866] 48 72 -20 -15 -8 1  |  [ 48  (-20,-15,-8,1) ; (-19,15,8,-1)  72 ]  | det=1? true
[1867] 71 71 -26 -22 -7 -6  |  [ 71  (-26,-22,-7,-6) ; (-32,22,7,6)  71 ]  | det=1? true
[1868] 66 69 -32 -21 -8 -2  |  [ 66  (-32,-21,-8,-2) ; (-34,21,8,2)  69 ]  | det=1? true
[1869] 62 72 -10 5 -10 -2  |  [ 62  (-10,5,-10,-2) ; (-12,-5,10,2)  72 ]  | det=1? true
[1870] 72 72 -16 -19 -2 -10  |  [ 72  (-16,-19,-2,-10) ; (-26,19,2,10)  72 ]  | det=1? true
[1871] 72 72 -26 -19 -2 10  |  [ 72  (-26,-19,-2,10) ; (-16,19,2,-10)  72 ]  | det=1? true
[1872] 70 71 -21 -10 -6 -8  |  [ 70  (-21,-10,-6,-8) ; (-29,10,6,8)  71 ]  | det=1? true
[1873] 45 69 -6 4 -8 -3  |  [ 45  (-6,4,-8,-3) ; (-9,-4,8,3)  69 ]  | det=1? true
[1874] 57 71 -13 -12 -6 -7  |  [ 57  (-13,-12,-6,-7) ; (-20,12,6,7)  71 ]  | det=1? true
[1875] 70 70 -32 -23 -8 -3  |  [ 70  (-32,-23,-8,-3) ; (-35,23,8,3)  70 ]  | det=1? true
[1876] 70 70 -35 -23 -8 3  |  [ 70  (-35,-23,-8,3) ; (-32,23,8,-3)  70 ]  | det=1? true
[1877] 46 72 -12 -5 -8 -3  |  [ 46  (-12,-5,-8,-3) ; (-15,5,8,3)  72 ]  | det=1? true
[1878] 73 73 -24 -14 -10 -2  |  [ 73  (-24,-14,-10,-2) ; (-26,14,10,2)  73 ]  | det=1? true
[1879] 73 73 -26 -14 -10 2  |  [ 73  (-26,-14,-10,2) ; (-24,14,10,-2)  73 ]  | det=1? true
[1880] 74 74 -21 -8 -7 -8  |  [ 74  (-21,-8,-7,-8) ; (-29,8,7,8)  74 ]  | det=1? true
[1881] 45 75 -14 0 -7 -5  |  [ 45  (-14,0,-7,-5) ; (-19,0,7,5)  75 ]  | det=1? true
[1882] 45 75 -19 0 -7 5  |  [ 45  (-19,0,-7,5) ; (-14,0,7,-5)  75 ]  | det=1? true
[1883] 69 75 -14 -8 -7 -8  |  [ 69  (-14,-8,-7,-8) ; (-22,8,7,8)  75 ]  | det=1? true
[1884] 56 73 -14 -13 -2 -9  |  [ 56  (-14,-13,-2,-9) ; (-23,13,2,9)  73 ]  | det=1? true
[1885] 66 73 -26 -13 -8 -5  |  [ 66  (-26,-13,-8,-5) ; (-31,13,8,5)  73 ]  | det=1? true
[1886] 72 73 -18 -13 -10 -3  |  [ 72  (-18,-13,-10,-3) ; (-21,13,10,3)  73 ]  | det=1? true
[1887] 41 74 -13 -5 -1 -8  |  [ 41  (-13,-5,-1,-8) ; (-21,5,1,8)  74 ]  | det=1? true
[1888] 74 74 -31 -8 -8 -6  |  [ 74  (-31,-8,-8,-6) ; (-37,8,8,6)  74 ]  | det=1? true
[1889] 74 74 -37 -8 -8 6  |  [ 74  (-37,-8,-8,6) ; (-31,8,8,-6)  74 ]  | det=1? true
[1890] 58 75 -15 -14 -5 -8  |  [ 58  (-15,-14,-5,-8) ; (-23,14,5,8)  75 ]  | det=1? true
[1891] 69 75 -17 -2 -8 -7  |  [ 69  (-17,-2,-8,-7) ; (-24,2,8,7)  75 ]  | det=1? true
[1892] 65 76 -27 -29 -3 -8  |  [ 65  (-27,-29,-3,-8) ; (-35,29,3,8)  76 ]  | det=1? true
[1893] 72 76 -15 -2 -11 2  |  [ 72  (-15,-2,-11,2) ; (-13,2,11,-2)  76 ]  | det=1? true
[1894] 73 76 -29 -19 -3 10  |  [ 73  (-29,-19,-3,10) ; (-19,19,3,-10)  76 ]  | det=1? true
[1895] 62 74 -24 -9 -8 -5  |  [ 62  (-24,-9,-8,-5) ; (-29,9,8,5)  74 ]  | det=1? true
[1896] 62 74 -29 -9 -8 5  |  [ 62  (-29,-9,-8,5) ; (-24,9,8,-5)  74 ]  | det=1? true
[1897] 66 75 -29 -27 -3 -8  |  [ 66  (-29,-27,-3,-8) ; (-37,27,3,8)  75 ]  | det=1? true
[1898] 66 75 -37 -27 -3 8  |  [ 66  (-37,-27,-3,8) ; (-29,27,3,-8)  75 ]  | det=1? true
[1899] 36 76 0 -1 -4 -7  |  [ 36  (0,-1,-4,-7) ; (-7,1,4,7)  76 ]  | det=1? true
[1900] 36 76 -7 -1 -4 7  |  [ 36  (-7,-1,-4,7) ; (0,1,4,-7)  76 ]  | det=1? true
[1901] 72 76 -13 -2 -11 -2  |  [ 72  (-13,-2,-11,-2) ; (-15,2,11,2)  76 ]  | det=1? true
[1902] 73 73 -22 -10 -10 -3  |  [ 73  (-22,-10,-10,-3) ; (-25,10,10,3)  73 ]  | det=1? true
[1903] 73 73 -25 -10 -10 3  |  [ 73  (-25,-10,-10,3) ; (-22,10,10,-3)  73 ]  | det=1? true
[1904] 69 75 -14 4 -9 -6  |  [ 69  (-14,4,-9,-6) ; (-20,-4,9,6)  75 ]  | det=1? true
[1905] 75 75 -24 -20 -2 -10  |  [ 75  (-24,-20,-2,-10) ; (-34,20,2,10)  75 ]  | det=1? true
[1906] 63 73 -10 -12 -1 -10  |  [ 63  (-10,-12,-1,-10) ; (-20,12,1,10)  73 ]  | det=1? true
[1907] 32 75 -11 -3 -7 -2  |  [ 32  (-11,-3,-7,-2) ; (-13,3,7,2)  75 ]  | det=1? true
[1908] 69 73 -32 -24 -7 -5  |  [ 69  (-32,-24,-7,-5) ; (-37,24,7,5)  73 ]  | det=1? true
[1909] 56 73 -15 -11 -6 -7  |  [ 56  (-15,-11,-6,-7) ; (-22,11,6,7)  73 ]  | det=1? true
[1910] 51 73 0 4 -8 -5  |  [ 51  (0,4,-8,-5) ; (-5,-4,8,5)  73 ]  | det=1? true
[1911] 38 74 -8 -1 -8 -1  |  [ 38  (-8,-1,-8,-1) ; (-9,1,8,1)  74 ]  | det=1? true
[1912] 38 74 -9 -1 -8 1  |  [ 38  (-9,-1,-8,1) ; (-8,1,8,-1)  74 ]  | det=1? true
[1913] 67 78 3 1 -2 -11  |  [ 67  (3,1,-2,-11) ; (-8,-1,2,11)  78 ]  | det=1? true
[1914] 67 78 -8 1 -2 11  |  [ 67  (-8,1,-2,11) ; (3,-1,2,-11)  78 ]  | det=1? true
[1915] 29 80 -9 0 -4 -6  |  [ 29  (-9,0,-4,-6) ; (-15,0,4,6)  80 ]  | det=1? true
[1916] 38 77 -16 -3 -6 -5  |  [ 38  (-16,-3,-6,-5) ; (-21,3,6,5)  77 ]  | det=1? true
[1917] 38 77 -21 -3 -6 5  |  [ 38  (-21,-3,-6,5) ; (-16,3,6,-5)  77 ]  | det=1? true
[1918] 65 79 -29 -20 -6 -7  |  [ 65  (-29,-20,-6,-7) ; (-36,20,6,7)  79 ]  | det=1? true
[1919] 79 79 -21 -12 -11 -3  |  [ 79  (-21,-12,-11,-3) ; (-24,12,11,3)  79 ]  | det=1? true
[1920] 79 79 -24 -12 -11 3  |  [ 79  (-24,-12,-11,3) ; (-21,12,11,-3)  79 ]  | det=1? true
[1921] 38 77 -9 -6 -7 -4  |  [ 38  (-9,-6,-7,-4) ; (-13,6,7,4)  77 ]  | det=1? true
[1922] 65 77 -31 -26 -8 -3  |  [ 65  (-31,-26,-8,-3) ; (-34,26,8,3)  77 ]  | det=1? true
[1923] 37 78 -13 -7 -4 7  |  [ 37  (-13,-7,-4,7) ; (-6,7,4,-7)  78 ]  | det=1? true
[1924] 55 78 -8 5 -10 -1  |  [ 55  (-8,5,-10,-1) ; (-9,-5,10,1)  78 ]  | det=1? true
[1925] 59 79 -25 3 -8 6  |  [ 59  (-25,3,-8,6) ; (-19,-3,8,-6)  79 ]  | det=1? true
[1926] 56 77 -3 -5 -1 -10  |  [ 56  (-3,-5,-1,-10) ; (-13,5,1,10)  77 ]  | det=1? true
[1927] 66 78 -17 1 -8 -7  |  [ 66  (-17,1,-8,-7) ; (-24,-1,8,7)  78 ]  | det=1? true
[1928] 58 80 -16 -11 -4 -9  |  [ 58  (-16,-11,-4,-9) ; (-25,11,4,9)  80 ]  | det=1? true
[1929] 68 78 -26 1 -2 -10  |  [ 68  (-26,1,-2,-10) ; (-36,-1,2,10)  78 ]  | det=1? true
[1930] 32 79 -13 -8 -4 -6  |  [ 32  (-13,-8,-4,-6) ; (-19,8,4,6)  79 ]  | det=1? true
[1931] 32 79 -19 -8 -4 6  |  [ 32  (-19,-8,-4,6) ; (-13,8,4,-6)  79 ]  | det=1? true
[1932] 61 77 -23 -7 -8 6  |  [ 61  (-23,-7,-8,6) ; (-17,7,8,-6)  77 ]  | det=1? true
[1933] 77 77 -34 -14 -10 -2  |  [ 77  (-34,-14,-10,-2) ; (-36,14,10,2)  77 ]  | det=1? true
[1934] 77 77 -26 -24 -2 -10  |  [ 77  (-26,-24,-2,-10) ; (-36,24,2,10)  77 ]  | det=1? true
[1935] 45 77 -18 -2 -8 -3  |  [ 45  (-18,-2,-8,-3) ; (-21,2,8,3)  77 ]  | det=1? true
[1936] 77 77 -28 -24 -6 -8  |  [ 77  (-28,-24,-6,-8) ; (-36,24,6,8)  77 ]  | det=1? true
[1937] 80 80 -37 -33 -9 -2  |  [ 80  (-37,-33,-9,-2) ; (-39,33,9,2)  80 ]  | det=1? true
[1938] 47 81 -7 4 -8 -5  |  [ 47  (-7,4,-8,-5) ; (-12,-4,8,5)  81 ]  | det=1? true
[1939] 77 81 -26 -4 -2 -11  |  [ 77  (-26,-4,-2,-11) ; (-37,4,2,11)  81 ]  | det=1? true
[1940] 77 81 -37 -4 -2 11  |  [ 77  (-37,-4,-2,11) ; (-26,4,2,-11)  81 ]  | det=1? true
[1941] 58 81 -7 0 -3 -10  |  [ 58  (-7,0,-3,-10) ; (-17,0,3,10)  81 ]  | det=1? true
[1942] 57 82 -19 -9 -9 -4  |  [ 57  (-19,-9,-9,-4) ; (-23,9,9,4)  82 ]  | det=1? true
[1943] 65 82 -15 -5 -6 -9  |  [ 65  (-15,-5,-6,-9) ; (-24,5,6,9)  82 ]  | det=1? true
[1944] 56 83 -15 -5 -1 -10  |  [ 56  (-15,-5,-1,-10) ; (-25,5,1,10)  83 ]  | det=1? true
[1945] 56 83 -25 -5 -1 10  |  [ 56  (-25,-5,-1,10) ; (-15,5,1,-10)  83 ]  | det=1? true
[1946] 39 81 -19 -4 -8 -1  |  [ 39  (-19,-4,-8,-1) ; (-20,4,8,1)  81 ]  | det=1? true
[1947] 75 83 0 -2 -2 -12  |  [ 75  (0,-2,-2,-12) ; (-12,2,2,12)  83 ]  | det=1? true
[1948] 35 84 -7 -2 -8 -2  |  [ 35  (-7,-2,-8,-2) ; (-9,2,8,2)  84 ]  | det=1? true
[1949] 83 83 0 0 -8 -10  |  [ 83  (0,0,-8,-10) ; (-10,0,8,10)  83 ]  | det=1? true
[1950] 4 84 0 1 -2 -2  |  [ 4  (0,1,-2,-2) ; (-2,-1,2,2)  84 ]  | det=1? true
[1951] 10 84 0 1 -2 -4  |  [ 10  (0,1,-2,-4) ; (-4,-1,2,4)  84 ]  | det=1? true
[1952] 10 84 -4 1 -2 4  |  [ 10  (-4,1,-2,4) ; (0,-1,2,-4)  84 ]  | det=1? true
[1953] 20 84 0 1 -2 -6  |  [ 20  (0,1,-2,-6) ; (-6,-1,2,6)  84 ]  | det=1? true
[1954] 20 84 -6 1 -2 6  |  [ 20  (-6,1,-2,6) ; (0,-1,2,-6)  84 ]  | det=1? true
[1955] 74 84 0 1 -2 -12  |  [ 74  (0,1,-2,-12) ; (-12,-1,2,12)  84 ]  | det=1? true
[1956] 85 85 -36 0 -10 -6  |  [ 85  (-36,0,-10,-6) ; (-42,0,10,6)  85 ]  | det=1? true
[1957] 85 85 -42 0 -10 6  |  [ 85  (-42,0,-10,6) ; (-36,0,10,-6)  85 ]  | det=1? true
[1958] 15 86 -4 -5 -2 -5  |  [ 15  (-4,-5,-2,-5) ; (-9,5,2,5)  86 ]  | det=1? true
[1959] 80 85 -37 -28 -8 -6  |  [ 80  (-37,-28,-8,-6) ; (-43,28,8,6)  85 ]  | det=1? true
[1960] 73 85 1 1 -2 -12  |  [ 73  (1,1,-2,-12) ; (-11,-1,2,12)  85 ]  | det=1? true
[1961] 26 86 -6 3 -6 -4  |  [ 26  (-6,3,-6,-4) ; (-10,-3,6,4)  86 ]  | det=1? true
[1962] 68 86 -10 5 -10 -6  |  [ 68  (-10,5,-10,-6) ; (-16,-5,10,6)  86 ]  | det=1? true
[1963] 63 92 -6 -1 -10 -6  |  [ 63  (-6,-1,-10,-6) ; (-12,1,10,6)  92 ]  | det=1? true
[1964] 64 90 -4 3 -6 -10  |  [ 64  (-4,3,-6,-10) ; (-14,-3,6,10)  90 ]  | det=1? true
[1965] 20 89 -7 -2 -2 -6  |  [ 20  (-7,-2,-2,-6) ; (-13,2,2,6)  89 ]  | det=1? true
[1966] 50 90 -14 3 -6 -8  |  [ 50  (-14,3,-6,-8) ; (-22,-3,6,8)  90 ]  | det=1? true
[1967] 48 94 -12 5 -10 -2  |  [ 48  (-12,5,-10,-2) ; (-14,-5,10,2)  94 ]  | det=1? true
[1968] 60 99 -25 -12 -4 -10  |  [ 60  (-25,-12,-4,-10) ; (-35,12,4,10)  99 ]  | det=1? true
[1969] 97 97 -44 -34 -10 -6  |  [ 97  (-44,-34,-10,-6) ; (-50,34,10,6)  97 ]  | det=1? true
[1970] 58 100 -8 5 -10 -6  |  [ 58  (-8,5,-10,-6) ; (-14,-5,10,6)  100 ]  | det=1? true
[1971] 54 99 -23 -18 -6 -8  |  [ 54  (-23,-18,-6,-8) ; (-31,18,6,8)  99 ]  | det=1? true
[1972] 50 97 -21 -4 -6 -8  |  [ 50  (-21,-4,-6,-8) ; (-29,4,6,8)  97 ]  | det=1? true
[1973] 99 99 -26 -18 -2 -14  |  [ 99  (-26,-18,-2,-14) ; (-40,18,2,14)  99 ]  | det=1? true
[1974] 72 103 -33 -16 -10 -6  |  [ 72  (-33,-16,-10,-6) ; (-39,16,10,6)  103 ]  | det=1? true
[1975] 78 108 -26 -11 -2 -13  |  [ 78  (-26,-11,-2,-13) ; (-39,11,2,13)  108 ]  | det=1? true
[1976] 105 105 -44 0 -12 -8  |  [ 105  (-44,0,-12,-8) ; (-52,0,12,8)  105 ]  | det=1? true
[1977] 90 111 -13 -11 -12 -9  |  [ 90  (-13,-11,-12,-9) ; (-22,11,12,9)  111 ]  | det=1? true
[1978] 117 117 -40 -22 -2 -16  |  [ 117  (-40,-22,-2,-16) ; (-56,22,2,16)  117 ]  | det=1? true
