p=431
# format: u v w x y z where a = w + x*i + y*(i+j)/2 + z*(1+k)/2
[1]	1	1	0	0	0	0	det1=true
[2]	10	11	-1	0	-1	0	det1=true
[3]	11	11	-3	0	0	-1	det1=true
[4]	10	12	-3	-1	-1	0	det1=true
[5]	10	13	-4	-1	0	-1	det1=true
[6]	10	13	-3	-3	0	-1	det1=true
[7]	11	13	-5	-2	0	-1	det1=true
[8]	8	14	-1	-1	0	-1	det1=true
[9]	10	14	-5	-2	-1	0	det1=true
[10]	11	14	-5	-4	-1	0	det1=true
[11]	8	15	-3	-1	-1	0	det1=true
[12]	7	16	-1	-1	0	-1	det1=true
[13]	15	15	-2	-1	-1	-1	det1=true
[14]	15	15	-3	-1	-1	1	det1=true
[15]	7	17	-2	-2	0	-1	det1=true
[16]	17	17	-8	0	-1	-1	det1=true
[17]	13	17	-1	-1	-1	-1	det1=true
[18]	17	17	-6	-5	-1	-1	det1=true
[19]	17	17	-7	-5	-1	1	det1=true
[20]	13	19	-6	0	-1	1	det1=true
[21]	13	19	-5	0	-1	-1	det1=true
[22]	19	19	-11	-3	-1	-1	det1=true
[23]	15	19	-8	-3	-1	1	det1=true
[24]	6	20	-3	-1	-1	0	det1=true
[25]	19	19	-8	-8	-1	-1	det1=true
[26]	21	21	-2	0	0	-2	det1=true
[27]	22	22	-6	-3	-2	0	det1=true
[28]	22	22	-5	-4	0	-2	det1=true
[29]	11	21	-3	-1	-1	-1	det1=true
[30]	11	21	-4	-1	-1	1	det1=true
[31]	21	21	-13	-6	-1	-1	det1=true
[32]	15	21	-8	-6	-1	1	det1=true
[33]	21	21	-3	1	-2	0	det1=true
[34]	5	22	-1	0	-1	0	det1=true
[35]	23	23	-8	-4	0	-2	det1=true
[36]	18	24	0	1	-2	0	det1=true
[37]	24	24	-12	1	-2	0	det1=true
[38]	24	24	-11	0	0	-2	det1=true
[39]	22	23	-7	-4	-2	0	det1=true
[40]	21	24	-6	-5	-2	0	det1=true
[41]	22	23	-6	-5	0	-2	det1=true
[42]	11	23	-5	-2	-1	-1	det1=true
[43]	11	23	-6	-2	-1	1	det1=true
[44]	24	24	-4	-3	-2	-1	det1=true
[45]	24	24	-5	-3	-2	1	det1=true
[46]	23	24	-3	1	-2	-1	det1=true
[47]	23	24	-4	1	-2	1	det1=true
[48]	24	24	-5	0	-1	-2	det1=true
[49]	23	23	-9	-3	-2	0	det1=true
[50]	5	23	-2	0	0	-1	det1=true
[51]	5	23	-2	-1	-1	0	det1=true
[52]	25	25	-12	-6	-2	0	det1=true
[53]	18	26	-6	1	-2	0	det1=true
[54]	18	26	-5	0	0	-2	det1=true
[55]	26	26	-12	-9	-2	0	det1=true
[56]	21	26	-2	1	-2	-1	det1=true
[57]	21	26	-3	1	-2	1	det1=true
[58]	26	26	-11	-10	0	-2	det1=true
[59]	18	25	-3	-2	-2	0	det1=true
[60]	17	26	-2	-1	0	-2	det1=true
[61]	20	25	-8	-1	-2	0	det1=true
[62]	24	25	-7	-1	-2	-1	det1=true
[63]	24	25	-8	-1	-2	1	det1=true
[64]	25	25	-11	-7	0	-2	det1=true
[65]	25	26	-10	1	-2	-1	det1=true
[66]	25	26	-11	1	-2	1	det1=true
[67]	22	25	-2	-1	-2	-1	det1=true
[68]	22	25	-3	-1	-2	1	det1=true
[69]	9	25	-2	-1	-1	-1	det1=true
[70]	9	25	-3	-1	-1	1	det1=true
[71]	26	26	-11	-1	-2	-1	det1=true
[72]	26	26	-8	-7	-2	-1	det1=true
[73]	26	26	-9	-7	-2	1	det1=true
[74]	21	26	-1	-1	-1	-2	det1=true
[75]	21	26	-3	-1	-1	2	det1=true
[76]	23	26	-7	-3	-2	1	det1=true
[77]	24	26	-7	-4	-1	-2	det1=true
[78]	24	26	-9	-4	-1	2	det1=true
[79]	23	26	-6	-3	-2	-1	det1=true
[80]	19	27	-8	0	0	-2	det1=true
[81]	16	28	-4	1	-2	0	det1=true
[82]	16	28	-3	0	0	-2	det1=true
[83]	18	28	-6	-5	-2	0	det1=true
[84]	19	28	-8	-5	-2	0	det1=true
[85]	20	28	-8	-7	-2	0	det1=true
[86]	21	28	-5	-3	-1	-2	det1=true
[87]	21	28	-7	-3	-1	2	det1=true
[88]	23	27	-8	-2	-2	-1	det1=true
[89]	23	27	-9	-2	-2	1	det1=true
[90]	23	27	-7	-4	-2	-1	det1=true
[91]	25	27	-10	-4	-2	-1	det1=true
[92]	27	27	-12	-4	-1	-2	det1=true
[93]	27	27	-14	-4	-1	2	det1=true
[94]	22	28	-8	-1	-2	-1	det1=true
[95]	22	28	-9	-1	-2	1	det1=true
[96]	22	28	-7	-3	-1	-2	det1=true
[97]	22	28	-9	-3	-1	2	det1=true
[98]	24	28	-11	1	-2	-1	det1=true
[99]	24	28	-12	1	-2	1	det1=true
[100]	23	27	-8	0	-1	-2	det1=true
[101]	23	27	-10	0	-1	2	det1=true
[102]	27	28	-11	-8	-1	-2	det1=true
[103]	27	28	-13	-8	-1	2	det1=true
[104]	9	27	-4	-2	-1	-1	det1=true
[105]	9	27	-5	-2	-1	1	det1=true
[106]	16	27	0	1	-2	0	det1=true
[107]	19	27	-9	1	-2	0	det1=true
[108]	25	28	-12	-1	-2	-1	det1=true
[109]	21	27	-6	-1	-1	2	det1=true
[110]	25	27	-11	-4	-2	1	det1=true
[111]	21	27	-4	-1	-1	-2	det1=true
[112]	20	28	-4	1	-2	-1	det1=true
[113]	20	28	-5	1	-2	1	det1=true
[114]	20	27	0	1	-2	-1	det1=true
[115]	20	27	-1	1	-2	1	det1=true
[116]	4	28	-1	-1	0	-1	det1=true
[117]	17	29	-6	-4	-2	0	det1=true
[118]	18	29	-9	-2	-2	0	det1=true
[119]	29	29	-14	-11	-1	2	det1=true
[120]	24	29	-9	-7	-1	-2	det1=true
[121]	24	29	-11	-7	-1	2	det1=true
[122]	24	30	-12	-11	-2	0	det1=true
[123]	28	30	-12	-11	-2	-1	det1=true
[124]	16	29	-4	-3	-2	0	det1=true
[125]	24	29	-11	-3	-1	-2	det1=true
[126]	24	29	-13	-3	-1	2	det1=true
[127]	25	30	-10	-9	-2	-1	det1=true
[128]	25	30	-11	-9	-2	1	det1=true
[129]	18	29	-8	-3	0	-2	det1=true
[130]	19	29	-2	-1	-1	-2	det1=true
[131]	19	29	-4	-1	-1	2	det1=true
[132]	21	29	-6	-4	-1	-2	det1=true
[133]	21	29	-8	-4	-1	2	det1=true
[134]	29	29	-12	-11	-1	-2	det1=true
[135]	19	30	-5	1	-2	-1	det1=true
[136]	19	30	-6	1	-2	1	det1=true
[137]	22	30	-7	-7	-1	-2	det1=true
[138]	17	29	-5	-5	0	-2	det1=true
[139]	23	29	-12	-2	-1	2	det1=true
[140]	20	30	-7	-1	-2	-1	det1=true
[141]	22	30	-9	-7	-1	2	det1=true
[142]	23	30	-11	-2	-1	-2	det1=true
[143]	28	30	-13	-11	-2	1	det1=true
[144]	18	30	0	1	-2	-1	det1=true
[145]	18	30	-1	1	-2	1	det1=true
[146]	22	30	-9	-4	-1	-2	det1=true
[147]	22	30	-11	-4	-1	2	det1=true
[148]	30	30	-5	0	-2	-2	det1=true
[149]	16	31	-7	0	0	-2	det1=true
[150]	21	31	-10	0	-2	-1	det1=true
[151]	21	31	-11	0	-2	1	det1=true
[152]	22	31	-9	-6	-1	-2	det1=true
[153]	22	31	-11	-6	-1	2	det1=true
[154]	31	31	-6	-6	-2	-2	det1=true
[155]	30	32	-8	-3	-2	-2	det1=true
[156]	30	32	-10	-3	-2	2	det1=true
[157]	18	31	-5	-1	-1	2	det1=true
[158]	29	31	-5	1	-2	-2	det1=true
[159]	14	32	-4	1	-2	0	det1=true
[160]	14	32	-3	0	0	-2	det1=true
[161]	16	32	-8	-3	-2	0	det1=true
[162]	16	32	-7	-4	0	-2	det1=true
[163]	18	32	-4	-3	-2	-1	det1=true
[164]	18	32	-5	-3	-2	1	det1=true
[165]	23	32	-11	-7	-2	-1	det1=true
[166]	23	32	-12	-7	-2	1	det1=true
[167]	18	31	-3	-1	-1	-2	det1=true
[168]	21	31	-8	-5	-1	-2	det1=true
[169]	21	31	-10	-5	-1	2	det1=true
[170]	29	32	-6	-3	-2	-2	det1=true
[171]	29	32	-8	-3	-2	2	det1=true
[172]	14	31	-1	0	-2	0	det1=true
[173]	17	32	-1	0	-1	-2	det1=true
[174]	17	32	-3	0	-1	2	det1=true
[175]	29	32	-7	0	-2	-2	det1=true
[176]	29	32	-9	0	-2	2	det1=true
[177]	16	31	-8	1	-2	0	det1=true
[178]	19	31	-6	0	-1	-2	det1=true
[179]	18	32	-5	0	-1	-2	det1=true
[180]	18	32	-7	0	-1	2	det1=true
[181]	20	32	-9	0	-1	-2	det1=true
[182]	20	32	-11	0	-1	2	det1=true
[183]	19	31	-8	0	-1	2	det1=true
[184]	7	31	0	0	-1	-1	det1=true
[185]	28	31	-1	0	-2	-2	det1=true
[186]	28	31	-3	0	-2	2	det1=true
[187]	31	31	-18	-11	-1	2	det1=true
[188]	27	32	0	1	-2	-2	det1=true
[189]	27	32	-2	1	-2	2	det1=true
[190]	28	31	-13	-11	-1	-2	det1=true
[191]	27	33	-13	-12	-2	-1	det1=true
[192]	27	33	-14	-12	-2	1	det1=true
[193]	30	34	-7	1	-3	0	det1=true
[194]	19	33	-8	-2	-1	-2	det1=true
[195]	19	33	-10	-2	-1	2	det1=true
[196]	31	33	-11	-3	-2	-2	det1=true
[197]	19	34	-9	-3	-2	-1	det1=true
[198]	19	34	-10	-3	-2	1	det1=true
[199]	33	34	-11	-4	-3	0	det1=true
[200]	17	33	-3	-2	-2	-1	det1=true
[201]	17	33	-4	-2	-2	1	det1=true
[202]	32	33	-11	-6	-2	-2	det1=true
[203]	32	33	-13	-6	-2	2	det1=true
[204]	30	34	-10	-5	-2	-2	det1=true
[205]	30	34	-12	-5	-2	2	det1=true
[206]	17	33	-4	0	-2	-1	det1=true
[207]	17	33	-5	0	-2	1	det1=true
[208]	18	33	-9	-8	-2	0	det1=true
[209]	21	33	-8	-8	-1	-2	det1=true
[210]	21	33	-10	-8	-1	2	det1=true
[211]	16	34	-1	0	-1	-2	det1=true
[212]	24	34	-11	-11	-1	-2	det1=true
[213]	24	34	-13	-11	-1	2	det1=true
[214]	33	33	-14	0	-2	-2	det1=true
[215]	16	34	-3	0	-1	2	det1=true
[216]	17	34	-5	-1	-1	-2	det1=true
[217]	28	34	-7	-4	-2	-2	det1=true
[218]	28	34	-9	-4	-2	2	det1=true
[219]	32	34	-11	-8	-2	-2	det1=true
[220]	32	34	-13	-8	-2	2	det1=true
[221]	20	33	-9	-4	-1	-2	det1=true
[222]	20	33	-11	-4	-1	2	det1=true
[223]	28	33	-5	-4	-2	-2	det1=true
[224]	28	33	-7	-4	-2	2	det1=true
[225]	18	34	-8	1	-2	-1	det1=true
[226]	18	34	-9	1	-2	1	det1=true
[227]	18	34	-7	-3	-2	-1	det1=true
[228]	18	34	-8	-3	-2	1	det1=true
[229]	7	33	-3	-1	-1	-1	det1=true
[230]	7	33	-4	-1	-1	1	det1=true
[231]	17	34	-7	-1	-1	2	det1=true
[232]	21	34	-10	-7	-2	-1	det1=true
[233]	21	34	-11	-7	-2	1	det1=true
[234]	20	33	-7	-7	-1	-2	det1=true
[235]	34	36	-10	-11	0	-3	det1=true
[236]	36	36	-13	-11	-3	0	det1=true
[237]	13	36	-5	0	0	-2	det1=true
[238]	33	36	-14	-9	-2	-2	det1=true
[239]	33	36	-16	-9	-2	2	det1=true
[240]	17	35	-6	-2	-1	-2	det1=true
[241]	17	35	-8	-2	-1	2	det1=true
[242]	33	35	-15	-5	-2	-2	det1=true
[243]	35	35	-9	-6	-3	-1	det1=true
[244]	35	35	-10	-6	-3	1	det1=true
[245]	26	36	-7	-2	-2	-2	det1=true
[246]	26	36	-9	-2	-2	2	det1=true
[247]	29	36	-9	-8	-2	-2	det1=true
[248]	29	36	-11	-8	-2	2	det1=true
[249]	32	36	-13	-2	-3	0	det1=true
[250]	33	35	-6	-4	-1	-3	det1=true
[251]	33	35	-9	-4	-1	3	det1=true
[252]	34	35	-13	-3	0	-3	det1=true
[253]	35	35	-8	-7	-1	-3	det1=true
[254]	35	35	-11	-7	-1	3	det1=true
[255]	28	36	-5	-2	-3	0	det1=true
[256]	32	36	-10	-7	0	-3	det1=true
[257]	16	35	-4	1	-2	-1	det1=true
[258]	16	35	-5	1	-2	1	det1=true
[259]	13	36	-6	1	-2	0	det1=true
[260]	16	36	-4	-3	-2	-1	det1=true
[261]	16	36	-5	-3	-2	1	det1=true
[262]	18	36	-8	-5	-2	-1	det1=true
[263]	18	36	-9	-5	-2	1	det1=true
[264]	27	36	-9	-2	-2	-2	det1=true
[265]	27	36	-11	-2	-2	2	det1=true
[266]	29	36	-7	-1	0	-3	det1=true
[267]	14	35	-7	-2	-2	0	det1=true
[268]	16	35	-8	-7	-2	0	det1=true
[269]	28	35	-8	-5	-2	-2	det1=true
[270]	28	35	-10	-5	-2	2	det1=true
[271]	31	35	-2	1	-3	-1	det1=true
[272]	31	35	-3	1	-3	1	det1=true
[273]	31	35	-1	0	-1	-3	det1=true
[274]	31	35	-4	0	-1	3	det1=true
[275]	16	36	-5	0	-1	-2	det1=true
[276]	16	36	-7	0	-1	2	det1=true
[277]	17	36	-8	1	-2	-1	det1=true
[278]	17	36	-9	1	-2	1	det1=true
[279]	17	35	-5	-4	-2	-1	det1=true
[280]	17	35	-6	-4	-2	1	det1=true
[281]	12	36	0	1	-2	0	det1=true
[282]	24	36	0	1	-2	-2	det1=true
[283]	28	36	-11	0	-2	-2	det1=true
[284]	28	36	-8	-7	-2	-2	det1=true
[285]	28	36	-10	-7	-2	2	det1=true
[286]	36	36	-16	-11	-2	-2	det1=true
[287]	36	36	-18	-11	-2	2	det1=true
[288]	14	35	-6	-3	0	-2	det1=true
[289]	17	36	-7	-3	-2	-1	det1=true
[290]	17	36	-8	-3	-2	1	det1=true
[291]	33	35	-7	-3	-3	-1	det1=true
[292]	33	35	-8	-3	-3	1	det1=true
[293]	15	36	0	1	-2	-1	det1=true
[294]	15	36	-1	1	-2	1	det1=true
[295]	27	37	-9	-5	-2	-2	det1=true
[296]	27	37	-11	-5	-2	2	det1=true
[297]	36	37	-14	-11	0	-3	det1=true
[298]	30	38	-13	1	-3	0	det1=true
[299]	17	38	-7	-6	-1	-2	det1=true
[300]	17	38	-9	-6	-1	2	det1=true
[301]	26	38	-9	-4	-2	-2	det1=true
[302]	26	38	-11	-4	-2	2	det1=true
[303]	30	38	-13	-8	-2	-2	det1=true
[304]	30	38	-15	-8	-2	2	det1=true
[305]	34	38	-14	-9	0	-3	det1=true
[306]	37	38	-1	1	-3	-2	det1=true
[307]	32	38	-15	-3	-3	0	det1=true
[308]	28	37	-6	-3	0	-3	det1=true
[309]	27	38	-7	-1	-3	0	det1=true
[310]	28	37	-12	-1	-2	-2	det1=true
[311]	31	37	-7	-2	-3	-1	det1=true
[312]	31	37	-8	-2	-3	1	det1=true
[313]	31	37	-6	-3	-1	-3	det1=true
[314]	31	37	-9	-3	-1	3	det1=true
[315]	24	38	-6	1	-2	-2	det1=true
[316]	24	38	-8	1	-2	2	det1=true
[317]	38	38	-5	1	-2	-3	det1=true
[318]	38	38	-8	1	-2	3	det1=true
[319]	24	37	-3	-2	-2	-2	det1=true
[320]	24	37	-5	-2	-2	2	det1=true
[321]	35	37	-14	-1	-3	-1	det1=true
[322]	35	37	-15	-1	-3	1	det1=true
[323]	35	37	-13	-2	-1	-3	det1=true
[324]	35	37	-16	-2	-1	3	det1=true
[325]	24	37	-4	1	-2	-2	det1=true
[326]	24	37	-6	1	-2	2	det1=true
[327]	15	37	-4	-2	-1	2	det1=true
[328]	15	38	-5	1	-2	-1	det1=true
[329]	38	38	-5	-1	-3	-2	det1=true
[330]	38	38	-7	-1	-3	2	det1=true
[331]	15	37	-2	-2	-1	-2	det1=true
[332]	3	37	-1	0	0	-1	det1=true
[333]	37	39	-17	-15	-2	-2	det1=true
[334]	26	40	-7	-3	-3	0	det1=true
[335]	14	39	-2	1	-2	-1	det1=true
[336]	14	39	-3	1	-2	1	det1=true
[337]	25	39	-2	1	-3	0	det1=true
[338]	30	39	-13	-4	-3	0	det1=true
[339]	31	39	-14	-10	-2	-2	det1=true
[340]	31	39	-16	-10	-2	2	det1=true
[341]	38	39	-17	-13	0	-3	det1=true
[342]	31	39	-9	-4	-1	-3	det1=true
[343]	29	40	-13	-3	-3	0	det1=true
[344]	14	39	-1	-1	-1	-2	det1=true
[345]	14	39	-3	-1	-1	2	det1=true
[346]	23	39	-4	-2	-2	-2	det1=true
[347]	23	39	-6	-2	-2	2	det1=true
[348]	39	39	-9	-2	-2	-3	det1=true
[349]	39	39	-12	-2	-2	3	det1=true
[350]	22	40	-3	0	-2	-2	det1=true
[351]	25	40	-10	-3	-2	-2	det1=true
[352]	25	40	-12	-3	-2	2	det1=true
[353]	16	39	-7	-4	-1	-2	det1=true
[354]	16	39	-9	-4	-1	2	det1=true
[355]	31	39	-10	-3	-3	-1	det1=true
[356]	37	39	-13	-12	-3	-1	det1=true
[357]	37	39	-14	-12	-3	1	det1=true
[358]	14	40	-4	1	-2	-1	det1=true
[359]	14	40	-5	1	-2	1	det1=true
[360]	37	40	-5	-5	-2	-3	det1=true
[361]	37	40	-8	-5	-2	3	det1=true
[362]	36	40	-5	0	-3	-2	det1=true
[363]	36	40	-7	0	-3	2	det1=true
[364]	12	39	-5	0	0	-2	det1=true
[365]	24	39	-7	-2	-2	-2	det1=true
[366]	24	39	-9	-2	-2	2	det1=true
[367]	24	40	-8	-3	-2	-2	det1=true
[368]	24	40	-10	-3	-2	2	det1=true
[369]	40	40	-13	0	-3	-2	det1=true
[370]	40	40	-15	0	-3	2	det1=true
[371]	12	39	-6	1	-2	0	det1=true
[372]	36	39	0	1	-2	-3	det1=true
[373]	15	39	-6	-4	-1	2	det1=true
[374]	15	39	-4	-4	-1	-2	det1=true
[375]	15	40	-7	-1	-2	-1	det1=true
[376]	40	40	-12	-3	-2	-3	det1=true
[377]	40	40	-15	-3	-2	3	det1=true
[378]	29	41	-8	-4	-1	-3	det1=true
[379]	36	41	-17	-16	-2	-2	det1=true
[380]	42	43	-9	2	-4	0	det1=true
[381]	27	41	-11	-9	-2	-2	det1=true
[382]	27	41	-13	-9	-2	2	det1=true
[383]	13	42	-2	1	-2	-1	det1=true
[384]	13	42	-3	1	-2	1	det1=true
[385]	13	42	-1	-1	-1	-2	det1=true
[386]	13	42	-3	-1	-1	2	det1=true
[387]	39	42	-19	-16	-3	0	det1=true
[388]	14	41	-6	-1	-2	1	det1=true
[389]	29	41	-10	1	-3	-1	det1=true
[390]	29	41	-11	1	-3	1	det1=true
[391]	29	41	-9	-3	-3	-1	det1=true
[392]	30	41	-13	-7	0	-3	det1=true
[393]	33	41	-16	0	-3	-1	det1=true
[394]	33	41	-17	0	-3	1	det1=true
[395]	38	41	-11	1	-2	-3	det1=true
[396]	38	41	-14	1	-2	3	det1=true
[397]	14	42	-5	-3	-1	-2	det1=true
[398]	14	42	-7	-3	-1	2	det1=true
[399]	31	42	-13	-11	0	-3	det1=true
[400]	11	43	-5	-3	-2	0	det1=true
[401]	14	44	-8	-1	-2	-1	det1=true
[402]	23	41	-7	-3	-2	-2	det1=true
[403]	23	41	-9	-3	-2	2	det1=true
[404]	25	41	-8	-8	-2	-2	det1=true
[405]	38	41	-11	-2	-3	-2	det1=true
[406]	38	41	-13	-2	-3	2	det1=true
[407]	41	41	-12	-9	-3	-2	det1=true
[408]	41	41	-14	-9	-3	2	det1=true
[409]	22	42	-5	-4	-2	-2	det1=true
[410]	22	42	-7	-4	-2	2	det1=true
[411]	34	43	-6	-1	-2	-3	det1=true
[412]	37	43	-12	-3	-3	-2	det1=true
[413]	37	43	-14	-3	-3	2	det1=true
[414]	41	43	-14	-10	-2	-3	det1=true
[415]	41	43	-17	-10	-2	3	det1=true
[416]	43	43	-20	-1	-3	-2	det1=true
[417]	23	44	-9	-6	-2	-2	det1=true
[418]	23	44	-11	-6	-2	2	det1=true
[419]	32	44	-1	1	-2	-3	det1=true
[420]	32	44	-4	1	-2	3	det1=true
[421]	32	44	-1	0	-3	-2	det1=true
[422]	32	44	-3	0	-3	2	det1=true
[423]	36	44	-12	1	-2	-3	det1=true
[424]	36	44	-15	1	-2	3	det1=true
[425]	37	44	-13	-4	-3	-2	det1=true
[426]	37	44	-15	-4	-3	2	det1=true
[427]	43	44	-23	-1	-3	2	det1=true
[428]	29	41	-9	0	-1	-3	det1=true
[429]	29	41	-12	0	-1	3	det1=true
[430]	40	41	-13	-5	-3	-2	det1=true
[431]	40	41	-15	-5	-3	2	det1=true
[432]	37	43	-16	-14	-3	-1	det1=true
[433]	37	43	-17	-14	-3	1	det1=true
[434]	41	43	-22	-11	-1	-3	det1=true
[435]	42	43	-7	0	0	-4	det1=true
[436]	37	41	-8	-4	-2	-3	det1=true
[437]	37	41	-11	-4	-2	3	det1=true
[438]	36	42	-9	1	-2	-3	det1=true
[439]	36	42	-12	1	-2	3	det1=true
[440]	29	43	-12	-2	-3	-1	det1=true
[441]	29	43	-13	-2	-3	1	det1=true
[442]	29	43	-11	-3	-1	-3	det1=true
[443]	29	43	-14	-3	-1	3	det1=true
[444]	31	43	-14	-7	-3	1	det1=true
[445]	31	43	-12	-8	-1	-3	det1=true
[446]	34	43	-9	-1	-2	3	det1=true
[447]	36	43	-9	-5	-2	-3	det1=true
[448]	36	43	-12	-5	-2	3	det1=true
[449]	37	43	-15	-15	-1	-3	det1=true
[450]	37	43	-18	-15	-1	3	det1=true
[451]	41	43	-25	-11	-1	3	det1=true
[452]	41	43	-18	-17	-3	-1	det1=true
[453]	41	43	-19	-17	-3	1	det1=true
[454]	43	43	-2	0	-1	-4	det1=true
[455]	43	43	-6	0	-1	4	det1=true
[456]	21	44	-5	-4	-2	-2	det1=true
[457]	21	44	-7	-4	-2	2	det1=true
[458]	33	41	-15	-1	-1	-3	det1=true
[459]	33	41	-18	-1	-1	3	det1=true
[460]	41	41	-20	-12	-3	-1	det1=true
[461]	41	41	-21	-12	-3	1	det1=true
[462]	24	43	-11	-4	-2	-2	det1=true
[463]	24	43	-13	-4	-2	2	det1=true
[464]	31	43	-13	-7	-3	-1	det1=true
[465]	31	43	-15	-8	-1	3	det1=true
[466]	38	43	-10	-9	-2	-3	det1=true
[467]	38	43	-13	-9	-2	3	det1=true
[468]	41	43	-18	1	-3	-2	det1=true
[469]	41	43	-20	1	-3	2	det1=true
[470]	41	43	-16	-7	-3	-2	det1=true
[471]	41	43	-18	-7	-3	2	det1=true
[472]	43	44	-19	-8	-3	-2	det1=true
[473]	43	44	-21	-8	-3	2	det1=true
[474]	37	41	-18	-10	-3	1	det1=true
[475]	36	43	-11	0	-3	-2	det1=true
[476]	36	43	-13	0	-3	2	det1=true
[477]	37	43	-19	-10	-3	-1	det1=true
[478]	37	44	-13	-3	-2	-3	det1=true
[479]	37	44	-16	-3	-2	3	det1=true
[480]	24	41	-10	1	-2	-2	det1=true
[481]	38	41	-9	-6	-3	-2	det1=true
[482]	38	41	-11	-6	-3	2	det1=true
[483]	41	41	-19	-13	-1	-3	det1=true
[484]	41	41	-22	-13	-1	3	det1=true
[485]	12	42	-6	-5	-2	0	det1=true
[486]	24	42	-11	0	-2	-2	det1=true
[487]	24	42	-8	-7	-2	-2	det1=true
[488]	24	42	-10	-7	-2	2	det1=true
[489]	44	44	-17	-13	-3	-2	det1=true
[490]	20	44	-3	0	-2	-2	det1=true
[491]	24	44	-11	-6	-2	-2	det1=true
[492]	24	44	-13	-6	-2	2	det1=true
[493]	44	44	-19	-13	-3	2	det1=true
[494]	15	43	-7	-6	-2	-1	det1=true
[495]	15	43	-8	-6	-2	1	det1=true
[496]	34	44	-7	-4	-3	-2	det1=true
[497]	34	44	-9	-4	-3	2	det1=true
[498]	34	44	-8	-1	-2	-3	det1=true
[499]	34	44	-11	-1	-2	3	det1=true
[500]	40	44	-17	-3	-2	-3	det1=true
[501]	12	48	-5	0	-1	-2	det1=true
[502]	30	45	-13	-13	0	-3	det1=true
[503]	41	45	-3	2	-4	-1	det1=true
[504]	41	45	-4	2	-4	1	det1=true
[505]	37	46	-11	-11	-2	-3	det1=true
[506]	37	46	-14	-11	-2	3	det1=true
[507]	40	46	-15	-12	-3	-2	det1=true
[508]	40	46	-17	-12	-3	2	det1=true
[509]	45	46	-12	-7	-4	-1	det1=true
[510]	45	46	-13	-7	-4	1	det1=true
[511]	47	48	-9	2	-4	-2	det1=true
[512]	48	48	-17	-10	-1	-4	det1=true
[513]	48	48	-21	-10	-1	4	det1=true
[514]	12	45	0	1	-2	-1	det1=true
[515]	12	45	-1	1	-2	1	det1=true
[516]	36	45	-12	-5	-2	-3	det1=true
[517]	38	45	-15	-5	-2	-3	det1=true
[518]	38	45	-18	-5	-2	3	det1=true
[519]	12	46	-3	1	-2	-1	det1=true
[520]	12	46	-4	1	-2	1	det1=true
[521]	22	46	-9	-6	-2	-2	det1=true
[522]	22	46	-11	-6	-2	2	det1=true
[523]	26	46	-13	-6	-3	0	det1=true
[524]	12	47	-4	-1	-2	-1	det1=true
[525]	12	47	-5	-1	-2	1	det1=true
[526]	32	47	-9	0	-3	-2	det1=true
[527]	32	47	-11	0	-3	2	det1=true
[528]	34	47	-13	1	-3	-2	det1=true
[529]	34	47	-15	1	-3	2	det1=true
[530]	41	47	-9	0	-4	-1	det1=true
[531]	41	47	-10	0	-4	1	det1=true
[532]	44	47	-15	-3	-4	1	det1=true
[533]	33	48	-12	1	-2	-3	det1=true
[534]	33	48	-15	1	-2	3	det1=true
[535]	39	48	-5	-1	-4	-1	det1=true
[536]	39	48	-6	-1	-4	1	det1=true
[537]	40	48	-7	-2	-1	-4	det1=true
[538]	40	48	-11	-2	-1	4	det1=true
[539]	45	48	-1	2	-4	-2	det1=true
[540]	45	48	-3	2	-4	2	det1=true
[541]	47	48	-9	-4	-4	2	det1=true
[542]	48	48	-15	-13	-1	-4	det1=true
[543]	48	48	-19	-13	-1	4	det1=true
[544]	33	45	-8	0	-3	-2	det1=true
[545]	33	45	-10	0	-3	2	det1=true
[546]	43	45	-8	-1	-1	-4	det1=true
[547]	43	45	-12	-1	-1	4	det1=true
[548]	45	45	-32	-4	-3	0	det1=true
[549]	35	46	-13	-2	-3	-2	det1=true
[550]	35	46	-15	-2	-3	2	det1=true
[551]	36	46	-11	-9	-3	-2	det1=true
[552]	36	46	-13	-9	-3	2	det1=true
[553]	38	46	-15	-8	-3	-2	det1=true
[554]	38	46	-17	-8	-3	2	det1=true
[555]	45	46	-13	-3	-1	-4	det1=true
[556]	45	46	-17	-3	-1	4	det1=true
[557]	38	47	-14	-11	-2	-3	det1=true
[558]	44	47	-14	-3	-4	-1	det1=true
[559]	45	47	-10	-5	-3	-3	det1=true
[560]	45	47	-13	-5	-3	3	det1=true
[561]	47	47	-6	0	-4	-2	det1=true
[562]	47	47	-8	0	-4	2	det1=true
[563]	36	48	-12	-11	-2	-3	det1=true
[564]	36	48	-15	-11	-2	3	det1=true
[565]	46	48	-5	-2	-4	-2	det1=true
[566]	46	48	-7	-2	-4	2	det1=true
[567]	47	48	-18	-7	-4	-1	det1=true
[568]	47	48	-19	-7	-4	1	det1=true
[569]	13	45	-4	-4	-1	-2	det1=true
[570]	36	45	-15	-5	-2	3	det1=true
[571]	32	46	-7	-1	-3	-2	det1=true
[572]	32	46	-9	-1	-3	2	det1=true
[573]	38	46	-20	-1	-2	3	det1=true
[574]	42	46	-9	-1	-4	-1	det1=true
[575]	42	46	-10	-1	-4	1	det1=true
[576]	38	47	-18	-1	-2	-3	det1=true
[577]	38	47	-17	-11	-2	3	det1=true
[578]	42	47	-9	-4	-1	-4	det1=true
[579]	42	47	-13	-4	-1	4	det1=true
[580]	9	48	0	1	-2	0	det1=true
[581]	12	48	-4	-3	-2	-1	det1=true
[582]	12	48	-5	-3	-2	1	det1=true
[583]	13	48	-9	-4	-1	2	det1=true
[584]	18	48	0	1	-2	-2	det1=true
[585]	23	48	-10	-1	0	-3	det1=true
[586]	30	48	-5	0	-3	-2	det1=true
[587]	30	48	-7	0	-3	2	det1=true
[588]	42	48	-13	1	-4	-1	det1=true
[589]	42	48	-14	1	-4	1	det1=true
[590]	43	48	-13	-2	-1	-4	det1=true
[591]	43	48	-17	-2	-1	4	det1=true
[592]	43	48	-9	-10	-1	-4	det1=true
[593]	43	48	-13	-10	-1	4	det1=true
[594]	47	48	-7	-4	-4	-2	det1=true
[595]	47	48	-6	-5	-2	-4	det1=true
[596]	47	48	-10	-5	-2	4	det1=true
[597]	48	48	-19	-5	-1	-4	det1=true
[598]	48	48	-23	-5	-1	4	det1=true
[599]	39	45	-15	-8	-2	-3	det1=true
[600]	39	45	-18	-8	-2	3	det1=true
[601]	45	45	-12	-4	-4	-1	det1=true
[602]	45	45	-13	-4	-4	1	det1=true
[603]	13	46	-6	-3	-2	-1	det1=true
[604]	13	46	-7	-3	-2	1	det1=true
[605]	40	46	-2	1	-4	-1	det1=true
[606]	40	46	-3	1	-4	1	det1=true
[607]	41	46	-19	-7	-2	-3	det1=true
[608]	41	46	-22	-7	-2	3	det1=true
[609]	23	47	-1	1	-3	-1	det1=true
[610]	23	47	-2	1	-3	1	det1=true
[611]	34	47	-13	-7	-2	3	det1=true
[612]	42	47	-11	-1	-4	-1	det1=true
[613]	21	48	-8	-7	-2	-2	det1=true
[614]	21	48	-10	-7	-2	2	det1=true
[615]	48	48	-21	-1	-4	-1	det1=true
[616]	48	48	-22	-1	-4	1	det1=true
[617]	48	48	-11	0	-4	-2	det1=true
[618]	48	48	-13	0	-4	2	det1=true
[619]	42	45	-7	1	-4	-1	det1=true
[620]	42	45	-8	1	-4	1	det1=true
[621]	43	46	-21	-13	-2	3	det1=true
[622]	44	46	-13	-1	-4	-1	det1=true
[623]	44	46	-14	-1	-4	1	det1=true
[624]	23	47	0	0	-1	-3	det1=true
[625]	23	47	-3	0	-1	3	det1=true
[626]	24	47	-11	-10	-2	-2	det1=true
[627]	25	47	-9	-1	-3	-1	det1=true
[628]	25	47	-10	-1	-3	1	det1=true
[629]	25	47	-8	-2	-1	-3	det1=true
[630]	25	47	-11	-2	-1	3	det1=true
[631]	45	47	-13	-8	-4	-1	det1=true
[632]	45	47	-14	-8	-4	1	det1=true
[633]	47	47	-5	-1	-2	-4	det1=true
[634]	36	48	-17	0	-3	-2	det1=true
[635]	36	48	-19	0	-3	2	det1=true
[636]	41	48	-10	-3	-4	-1	det1=true
[637]	41	48	-11	-3	-4	1	det1=true
[638]	43	48	-13	-5	-4	-1	det1=true
[639]	43	48	-14	-5	-4	1	det1=true
[640]	44	48	-11	-10	-1	-4	det1=true
[641]	44	48	-15	-10	-1	4	det1=true
[642]	45	48	0	1	-2	-4	det1=true
[643]	45	48	-4	1	-2	4	det1=true
[644]	46	48	-4	-3	-2	-4	det1=true
[645]	46	48	-8	-3	-2	4	det1=true
[646]	37	45	-15	-8	-2	3	det1=true
[647]	45	45	-20	-12	-3	-2	det1=true
[648]	45	45	-22	-12	-3	2	det1=true
[649]	43	46	-18	-13	-2	-3	det1=true
[650]	44	46	-10	-7	-4	-1	det1=true
[651]	44	46	-11	-7	-4	1	det1=true
[652]	21	47	-4	1	-3	0	det1=true
[653]	34	47	-10	-7	-2	-3	det1=true
[654]	39	47	0	2	-4	-1	det1=true
[655]	39	47	-1	2	-4	1	det1=true
[656]	41	47	-6	-5	-1	-4	det1=true
[657]	41	47	-10	-5	-1	4	det1=true
[658]	44	47	-21	-12	-3	-2	det1=true
[659]	44	47	-23	-12	-3	2	det1=true
[660]	45	47	-20	-15	-3	-2	det1=true
[661]	45	47	-22	-15	-3	2	det1=true
[662]	47	47	-9	-1	-2	4	det1=true
[663]	19	48	-6	1	-2	-2	det1=true
[664]	19	48	-8	1	-2	2	det1=true
[665]	32	45	-5	0	-3	-2	det1=true
[666]	32	45	-7	0	-3	2	det1=true
[667]	37	45	-12	-8	-2	-3	det1=true
[668]	31	46	-3	-1	-2	-3	det1=true
[669]	31	46	-6	-1	-2	3	det1=true
[670]	44	47	-17	-17	-2	-3	det1=true
[671]	44	47	-20	-17	-2	3	det1=true
[672]	42	47	-12	-1	-4	1	det1=true
[673]	31	47	-6	-1	-3	-2	det1=true
[674]	31	47	-8	-1	-3	2	det1=true
[675]	5	45	-2	-1	-1	-1	det1=true
[676]	5	45	-3	-1	-1	1	det1=true
[677]	20	45	-5	0	-2	-2	det1=true
[678]	20	45	-7	0	-2	2	det1=true
[679]	49	49	-22	-10	0	-4	det1=true
[680]	48	50	-18	-13	-4	-1	det1=true
[681]	48	50	-19	-13	-4	1	det1=true
[682]	20	52	-7	-3	-3	0	det1=true
[683]	41	50	-15	-8	-4	0	det1=true
[684]	45	50	-17	-7	-1	-4	det1=true
[685]	45	50	-21	-7	-1	4	det1=true
[686]	11	51	-3	-2	-2	-1	det1=true
[687]	11	51	-4	-2	-2	1	det1=true
[688]	17	51	-1	1	-2	-2	det1=true
[689]	17	51	-3	1	-2	2	det1=true
[690]	46	52	-21	-21	-2	-3	det1=true
[691]	46	52	-24	-21	-2	3	det1=true
[692]	33	51	-14	-6	-3	-2	det1=true
[693]	33	51	-16	-6	-3	2	det1=true
[694]	51	51	-40	-4	-3	0	det1=true
[695]	25	49	-9	-6	-3	-1	det1=true
[696]	25	49	-10	-6	-3	1	det1=true
[697]	40	49	-9	-2	-1	-4	det1=true
[698]	40	49	-13	-2	-1	4	det1=true
[699]	11	50	-2	-1	-2	-1	det1=true
[700]	11	50	-3	-1	-2	1	det1=true
[701]	42	50	-13	-6	-1	-4	det1=true
[702]	42	50	-17	-6	-1	4	det1=true
[703]	11	51	-4	0	-2	-1	det1=true
[704]	11	51	-5	0	-2	1	det1=true
[705]	45	51	-17	-2	-3	-3	det1=true
[706]	45	51	-20	-2	-3	3	det1=true
[707]	34	52	-15	-9	-3	-2	det1=true
[708]	34	52	-17	-9	-3	2	det1=true
[709]	37	52	-9	1	-4	-1	det1=true
[710]	37	52	-10	1	-4	1	det1=true
[711]	52	52	-20	-7	-2	-4	det1=true
[712]	52	52	-24	-7	-2	4	det1=true
[713]	12	49	-5	-3	-1	-2	det1=true
[714]	12	49	-7	-3	-1	2	det1=true
[715]	19	49	-7	-1	-2	-2	det1=true
[716]	19	49	-9	-1	-2	2	det1=true
[717]	29	49	-14	-10	-3	-1	det1=true
[718]	39	49	-7	-4	-4	1	det1=true
[719]	41	49	-6	-2	-3	-3	det1=true
[720]	41	49	-9	-2	-3	3	det1=true
[721]	42	49	-13	0	-1	-4	det1=true
[722]	39	51	-8	-7	-1	-4	det1=true
[723]	39	51	-12	-7	-1	4	det1=true
[724]	49	51	-22	-9	-1	-4	det1=true
[725]	49	51	-26	-9	-1	4	det1=true
[726]	51	51	-19	-1	-2	-4	det1=true
[727]	51	51	-23	-1	-2	4	det1=true
[728]	18	52	-7	-2	-2	-2	det1=true
[729]	18	52	-9	-2	-2	2	det1=true
[730]	29	52	-7	-5	-3	-2	det1=true
[731]	29	52	-9	-5	-3	2	det1=true
[732]	42	52	-18	-1	-4	-1	det1=true
[733]	42	52	-19	-1	-4	1	det1=true
[734]	25	49	-8	-7	-1	-3	det1=true
[735]	25	49	-11	-7	-1	3	det1=true
[736]	42	49	-15	-7	-1	4	det1=true
[737]	44	49	1	2	-4	-2	det1=true
[738]	44	49	-1	2	-4	2	det1=true
[739]	46	49	-20	1	-4	-1	det1=true
[740]	46	49	-21	1	-4	1	det1=true
[741]	29	50	-5	-2	-3	-2	det1=true
[742]	32	50	-12	-3	-2	-3	det1=true
[743]	32	50	-15	-3	-2	3	det1=true
[744]	34	50	-17	-5	-3	2	det1=true
[745]	19	51	-8	-4	-2	-2	det1=true
[746]	19	51	-10	-4	-2	2	det1=true
[747]	43	51	-14	-2	-3	-3	det1=true
[748]	43	51	-17	-2	-3	3	det1=true
[749]	43	51	-5	1	-4	-2	det1=true
[750]	43	51	-7	1	-4	2	det1=true
[751]	48	51	-15	-4	-4	-2	det1=true
[752]	48	51	-17	-4	-4	2	det1=true
[753]	49	51	-24	-13	-1	4	det1=true
[754]	34	52	-17	-5	-3	-2	det1=true
[755]	36	52	-6	-1	-4	1	det1=true
[756]	42	52	-13	-11	-4	-1	det1=true
[757]	42	52	-14	-11	-4	1	det1=true
[758]	48	52	-17	-2	-4	-2	det1=true
[759]	48	52	-19	-2	-4	2	det1=true
[760]	48	52	-12	-11	-2	-4	det1=true
[761]	48	52	-16	-11	-2	4	det1=true
[762]	52	52	-1	1	-3	-4	det1=true
[763]	52	52	-5	1	-3	4	det1=true
[764]	23	49	-6	-1	-3	-1	det1=true
[765]	23	49	-7	-1	-3	1	det1=true
[766]	42	49	-17	0	-1	4	det1=true
[767]	43	49	-15	-6	-4	1	det1=true
[768]	45	49	-17	-8	-4	1	det1=true
[769]	46	49	-19	-11	-1	4	det1=true
[770]	47	49	-15	-8	-3	-3	det1=true
[771]	47	49	-18	-8	-3	3	det1=true
[772]	18	50	-5	0	-2	-2	det1=true
[773]	29	50	-7	-2	-3	2	det1=true
[774]	44	50	-17	-2	-1	-4	det1=true
[775]	44	50	-21	-2	-1	4	det1=true
[776]	44	50	-18	-3	-4	-1	det1=true
[777]	44	50	-19	-3	-4	1	det1=true
[778]	47	50	-11	-4	-2	-4	det1=true
[779]	47	50	-15	-4	-2	4	det1=true
[780]	36	51	-17	-9	-3	-2	det1=true
[781]	36	51	-19	-9	-3	2	det1=true
[782]	36	51	-1	1	-4	-1	det1=true
[783]	36	51	-2	1	-4	1	det1=true
[784]	39	51	-14	-3	-1	4	det1=true
[785]	41	51	-14	-1	-1	-4	det1=true
[786]	41	51	-18	-1	-1	4	det1=true
[787]	47	51	-13	-3	-2	-4	det1=true
[788]	47	51	-17	-3	-2	4	det1=true
[789]	29	52	-8	-3	-2	-3	det1=true
[790]	31	52	-13	1	-2	-3	det1=true
[791]	31	52	-16	1	-2	3	det1=true
[792]	43	52	-17	-6	-1	-4	det1=true
[793]	43	52	-21	-6	-1	4	det1=true
[794]	23	49	-5	-2	-1	-3	det1=true
[795]	23	49	-8	-2	-1	3	det1=true
[796]	29	49	-13	-11	-1	-3	det1=true
[797]	29	49	-16	-11	-1	3	det1=true
[798]	39	49	-6	-4	-4	-1	det1=true
[799]	42	49	-11	-7	-1	-4	det1=true
[800]	45	49	-16	-8	-4	-1	det1=true
[801]	32	50	-13	0	-3	-2	det1=true
[802]	32	50	-15	0	-3	2	det1=true
[803]	41	50	-17	-4	-4	0	det1=true
[804]	46	50	-11	2	-4	-2	det1=true
[805]	38	51	-7	-5	-4	-1	det1=true
[806]	38	51	-8	-5	-4	1	det1=true
[807]	40	51	-14	-3	-4	1	det1=true
[808]	47	51	-20	-10	-4	-1	det1=true
[809]	47	51	-21	-10	-4	1	det1=true
[810]	47	51	-16	-15	-1	-4	det1=true
[811]	47	51	-20	-15	-1	4	det1=true
[812]	48	51	-14	-5	-2	-4	det1=true
[813]	48	51	-18	-5	-2	4	det1=true
[814]	49	51	-18	-16	-4	-1	det1=true
[815]	49	51	-19	-16	-4	1	det1=true
[816]	31	52	-9	-9	-2	-3	det1=true
[817]	32	52	-15	-1	-3	-2	det1=true
[818]	32	52	-17	-1	-3	2	det1=true
[819]	36	52	-5	-1	-4	-1	det1=true
[820]	47	52	-13	-10	-4	2	det1=true
[821]	48	52	-16	-3	-2	-4	det1=true
[822]	48	52	-20	-3	-2	4	det1=true
[823]	38	49	-4	-1	-4	-1	det1=true
[824]	38	49	-5	-1	-4	1	det1=true
[825]	43	49	-14	-6	-4	-1	det1=true
[826]	45	49	-5	1	-2	-4	det1=true
[827]	45	49	-9	1	-2	4	det1=true
[828]	46	49	-6	-5	-4	-2	det1=true
[829]	46	49	-8	-5	-4	2	det1=true
[830]	47	49	-17	-3	-3	-3	det1=true
[831]	47	49	-20	-3	-3	3	det1=true
[832]	48	49	-13	2	-4	-2	det1=true
[833]	48	49	-15	2	-4	2	det1=true
[834]	38	50	-6	-3	-4	-1	det1=true
[835]	38	50	-7	-3	-4	1	det1=true
[836]	40	51	-13	-3	-4	-1	det1=true
[837]	31	52	-12	-9	-2	3	det1=true
[838]	47	52	-11	-10	-4	-2	det1=true
[839]	51	52	-25	-11	-4	-1	det1=true
[840]	46	49	-15	-11	-1	-4	det1=true
[841]	31	50	-10	-3	-2	-3	det1=true
[842]	31	50	-13	-3	-2	3	det1=true
[843]	42	51	-15	-4	-1	-4	det1=true
[844]	42	51	-19	-4	-1	4	det1=true
[845]	49	51	-20	-13	-1	-4	det1=true
[846]	29	52	-9	-1	-3	-2	det1=true
[847]	29	52	-11	-1	-3	2	det1=true
[848]	29	52	-11	-3	-2	3	det1=true
[849]	20	49	-8	-5	-2	-2	det1=true
[850]	49	49	-12	-6	-2	-4	det1=true
[851]	49	49	-16	-6	-2	4	det1=true
[852]	40	50	-17	-15	-2	-3	det1=true
[853]	40	50	-20	-15	-2	3	det1=true
[854]	47	50	-17	-12	-1	-4	det1=true
[855]	47	50	-21	-12	-1	4	det1=true
[856]	45	51	-21	2	-4	-1	det1=true
[857]	45	51	-22	2	-4	1	det1=true
[858]	45	52	-22	1	-4	-1	det1=true
[859]	45	52	-23	1	-4	1	det1=true
[860]	46	50	-10	1	-2	-4	det1=true
[861]	33	51	-15	-2	-2	-3	det1=true
[862]	33	51	-18	-2	-2	3	det1=true
[863]	39	51	-10	-3	-1	-4	det1=true
[864]	50	51	-13	-12	-2	-4	det1=true
[865]	50	51	-17	-12	-2	4	det1=true
[866]	51	51	-20	0	-4	-2	det1=true
[867]	51	51	-16	-10	-2	-4	det1=true
[868]	51	51	-20	-10	-2	4	det1=true
[869]	27	52	0	1	-2	-3	det1=true
[870]	43	49	-9	-6	-3	-3	det1=true
[871]	43	49	-12	-6	-3	3	det1=true
[872]	48	50	-10	-9	-2	-4	det1=true
[873]	48	50	-14	-9	-2	4	det1=true
[874]	46	51	-23	-8	-1	4	det1=true
[875]	49	49	-23	-2	-4	-1	det1=true
[876]	49	49	-24	-2	-4	1	det1=true
[877]	50	50	-17	-17	-1	-4	det1=true
[878]	50	50	-21	-17	-1	4	det1=true
[879]	46	51	-19	-8	-1	-4	det1=true
[880]	52	52	-21	-6	-4	-2	det1=true
[881]	52	52	-23	-6	-4	2	det1=true
[882]	47	50	-12	-3	-4	-2	det1=true
[883]	47	50	-14	-3	-4	2	det1=true
[884]	50	50	-23	-6	-1	-4	det1=true
[885]	50	50	-27	-6	-1	4	det1=true
[886]	52	52	-21	-18	-1	-4	det1=true
[887]	52	52	-25	-18	-1	4	det1=true
[888]	39	51	-12	2	-4	-1	det1=true
[889]	39	51	-13	2	-4	1	det1=true
[890]	38	53	-11	-5	-4	-1	det1=true
[891]	38	53	-12	-5	-4	1	det1=true
[892]	39	55	-10	-7	-3	-3	det1=true
[893]	39	55	-13	-7	-3	3	det1=true
[894]	56	56	-19	1	-3	-4	det1=true
[895]	56	56	-23	1	-3	4	det1=true
[896]	56	56	-15	-11	-4	-3	det1=true
[897]	56	56	-18	-11	-4	3	det1=true
[898]	39	53	-10	-9	-1	-4	det1=true
[899]	39	53	-14	-9	-1	4	det1=true
[900]	53	53	-20	-12	-2	-4	det1=true
[901]	53	53	-24	-12	-2	4	det1=true
[902]	27	54	-5	-3	-3	-2	det1=true
[903]	27	54	-7	-3	-3	2	det1=true
[904]	35	54	-7	1	-4	-1	det1=true
[905]	35	54	-8	1	-4	1	det1=true
[906]	44	54	-17	-13	-1	-4	det1=true
[907]	44	54	-21	-13	-1	4	det1=true
[908]	40	55	-17	-2	-1	-4	det1=true
[909]	40	55	-21	-2	-1	4	det1=true
[910]	52	55	-11	-1	-4	-3	det1=true
[911]	18	56	-8	-7	-2	-2	det1=true
[912]	18	56	-10	-7	-2	2	det1=true
[913]	27	56	-9	1	-2	-3	det1=true
[914]	27	56	-12	1	-2	3	det1=true
[915]	49	56	-5	1	-3	-4	det1=true
[916]	49	56	-9	1	-3	4	det1=true
[917]	53	56	-15	1	-4	-3	det1=true
[918]	53	56	-18	1	-4	3	det1=true
[919]	56	56	-26	-13	-2	-4	det1=true
[920]	56	56	-30	-13	-2	4	det1=true
[921]	23	53	-10	-4	-3	-1	det1=true
[922]	23	53	-11	-4	-3	1	det1=true
[923]	23	53	-9	-5	-1	-3	det1=true
[924]	23	53	-12	-5	-1	3	det1=true
[925]	25	53	-11	-9	-1	-3	det1=true
[926]	28	54	-9	1	-2	-3	det1=true
[927]	28	54	-12	1	-2	3	det1=true
[928]	30	54	-12	-5	-2	-3	det1=true
[929]	30	54	-15	-5	-2	3	det1=true
[930]	44	54	-21	-7	-4	-1	det1=true
[931]	44	54	-22	-7	-4	1	det1=true
[932]	45	54	-13	-6	-2	-4	det1=true
[933]	45	54	-17	-6	-2	4	det1=true
[934]	53	54	-24	-7	-4	-2	det1=true
[935]	53	54	-26	-7	-4	2	det1=true
[936]	34	55	-15	-13	-2	-3	det1=true
[937]	34	55	-18	-13	-2	3	det1=true
[938]	39	55	-14	-7	-1	-4	det1=true
[939]	39	55	-18	-7	-1	4	det1=true
[940]	48	55	-20	1	-2	-4	det1=true
[941]	48	55	-24	1	-2	4	det1=true
[942]	52	55	-14	-1	-4	3	det1=true
[943]	53	55	-14	-6	-4	3	det1=true
[944]	55	55	-11	-7	-5	-1	det1=true
[945]	55	55	-9	-9	-1	-5	det1=true
[946]	55	55	-14	-9	-1	5	det1=true
[947]	31	53	-12	-7	-3	-2	det1=true
[948]	35	53	-2	-2	-1	-4	det1=true
[949]	35	53	-6	-2	-1	4	det1=true
[950]	37	53	-3	1	-3	-3	det1=true
[951]	45	53	-14	0	-4	-2	det1=true
[952]	45	53	-16	0	-4	2	det1=true
[953]	46	53	-19	-13	-4	-1	det1=true
[954]	46	53	-20	-13	-4	1	det1=true
[955]	52	53	-5	-2	-3	-4	det1=true
[956]	52	53	-9	-2	-3	4	det1=true
[957]	53	53	-21	-11	-4	-2	det1=true
[958]	29	54	-11	-3	-3	-2	det1=true
[959]	29	54	-13	-3	-3	2	det1=true
[960]	36	54	-10	1	-4	-1	det1=true
[961]	36	54	-11	1	-4	1	det1=true
[962]	37	54	-17	-15	-3	-2	det1=true
[963]	37	54	-19	-15	-3	2	det1=true
[964]	39	54	-16	1	-4	-1	det1=true
[965]	39	54	-17	1	-4	1	det1=true
[966]	45	54	-14	-5	-4	-2	det1=true
[967]	45	54	-16	-5	-4	2	det1=true
[968]	46	54	-17	0	-4	-2	det1=true
[969]	46	54	-19	0	-4	2	det1=true
[970]	48	54	-19	-4	-4	-2	det1=true
[971]	48	54	-21	-4	-4	2	det1=true
[972]	49	54	-23	-6	-2	4	det1=true
[973]	17	55	-5	-5	-2	-2	det1=true
[974]	21	55	-7	-3	-3	-1	det1=true
[975]	21	55	-8	-3	-3	1	det1=true
[976]	51	55	-9	2	-4	-3	det1=true
[977]	51	55	-12	2	-4	3	det1=true
[978]	51	55	-1	2	-5	-1	det1=true
[979]	51	55	-2	2	-5	1	det1=true
[980]	36	56	-13	1	-4	-1	det1=true
[981]	36	56	-14	1	-4	1	det1=true
[982]	39	56	-18	-1	-4	-1	det1=true
[983]	39	56	-19	-1	-4	1	det1=true
[984]	41	56	-18	-9	-4	-1	det1=true
[985]	41	56	-19	-9	-4	1	det1=true
[986]	44	56	-21	-11	-4	-1	det1=true
[987]	44	53	-15	-14	-1	-4	det1=true
[988]	44	53	-19	-14	-1	4	det1=true
[989]	53	53	-23	-11	-4	2	det1=true
[990]	53	53	-12	0	-4	3	det1=true
[991]	32	54	-12	-11	-2	-3	det1=true
[992]	32	54	-15	-11	-2	3	det1=true
[993]	36	54	-7	-5	-1	-4	det1=true
[994]	36	54	-11	-5	-1	4	det1=true
[995]	38	54	-14	-1	-4	-1	det1=true
[996]	38	54	-15	-1	-4	1	det1=true
[997]	41	54	-19	1	-4	-1	det1=true
[998]	41	54	-17	-4	-1	-4	det1=true
[999]	41	54	-21	-4	-1	4	det1=true
[1000]	41	54	-13	-12	-1	-4	det1=true
[1001]	41	54	-17	-12	-1	4	det1=true
[1002]	48	54	-18	-5	-2	-4	det1=true
[1003]	48	54	-22	-5	-2	4	det1=true
[1004]	50	54	-22	-11	-2	4	det1=true
[1005]	35	55	-7	-4	-4	-1	det1=true
[1006]	35	55	-8	-4	-4	1	det1=true
[1007]	41	55	-15	-5	-3	-3	det1=true
[1008]	41	55	-18	-5	-3	3	det1=true
[1009]	43	55	-18	-11	-1	-4	det1=true
[1010]	43	55	-22	-11	-1	4	det1=true
[1011]	53	55	-11	-6	-4	-3	det1=true
[1012]	40	56	-13	-13	-1	-4	det1=true
[1013]	40	56	-17	-13	-1	4	det1=true
[1014]	41	56	-22	1	-4	1	det1=true
[1015]	42	56	-12	1	-2	-4	det1=true
[1016]	42	56	-16	1	-2	4	det1=true
[1017]	44	56	-22	-11	-4	1	det1=true
[1018]	44	56	-18	-15	-4	-1	det1=true
[1019]	44	56	-19	-15	-4	1	det1=true
[1020]	56	56	-27	-12	-4	-2	det1=true
[1021]	25	53	-12	-8	-3	-1	det1=true
[1022]	25	53	-13	-8	-3	1	det1=true
[1023]	31	53	-14	0	-2	-3	det1=true
[1024]	31	53	-17	0	-2	3	det1=true
[1025]	41	53	-15	-8	-4	-1	det1=true
[1026]	41	53	-16	-8	-4	1	det1=true
[1027]	45	53	-17	-1	-2	4	det1=true
[1028]	48	53	-16	-7	-2	-4	det1=true
[1029]	48	53	-20	-7	-2	4	det1=true
[1030]	53	53	-2	2	-5	-1	det1=true
[1031]	37	54	-12	-1	-4	-1	det1=true
[1032]	37	54	-13	-1	-4	1	det1=true
[1033]	42	54	-13	-14	-1	-4	det1=true
[1034]	50	54	-18	-11	-2	-4	det1=true
[1035]	31	55	-12	-10	-2	-3	det1=true
[1036]	31	55	-15	-10	-2	3	det1=true
[1037]	50	55	-5	-1	-3	-4	det1=true
[1038]	50	55	-9	-1	-3	4	det1=true
[1039]	55	55	-12	-7	-5	1	det1=true
[1040]	33	56	-1	-2	-1	-4	det1=true
[1041]	33	56	-5	-2	-1	4	det1=true
[1042]	29	53	-9	-4	-2	-3	det1=true
[1043]	29	53	-12	-4	-2	3	det1=true
[1044]	38	53	-11	-3	-1	-4	det1=true
[1045]	38	53	-15	-3	-1	4	det1=true
[1046]	45	53	-13	-1	-2	-4	det1=true
[1047]	51	53	-22	-13	-3	-3	det1=true
[1048]	27	54	-6	1	-2	-3	det1=true
[1049]	27	54	-9	1	-2	3	det1=true
[1050]	46	54	-19	-14	-1	-4	det1=true
[1051]	46	54	-23	-14	-1	4	det1=true
[1052]	49	54	-19	-6	-2	-4	det1=true
[1053]	50	54	-22	-17	-4	-1	det1=true
[1054]	21	55	-6	-4	-1	-3	det1=true
[1055]	21	55	-9	-4	-1	3	det1=true
[1056]	29	55	-10	-7	-3	-2	det1=true
[1057]	29	55	-12	-7	-3	2	det1=true
[1058]	34	55	-3	-3	-1	-4	det1=true
[1059]	34	55	-7	-3	-1	4	det1=true
[1060]	40	55	-18	-3	-4	-1	det1=true
[1061]	40	55	-19	-3	-4	1	det1=true
[1062]	55	55	-16	-1	-3	-4	det1=true
[1063]	55	55	-20	-1	-3	4	det1=true
[1064]	55	55	-14	-1	-5	-1	det1=true
[1065]	55	55	-15	-1	-5	1	det1=true
[1066]	55	55	-12	-3	-1	-5	det1=true
[1067]	55	55	-17	-3	-1	5	det1=true
[1068]	18	56	-5	-2	-3	0	det1=true
[1069]	38	56	-15	-2	-1	-4	det1=true
[1070]	38	56	-19	-2	-1	4	det1=true
[1071]	39	56	-14	-11	-4	1	det1=true
[1072]	31	53	-14	-7	-3	2	det1=true
[1073]	36	53	-17	-12	-3	-2	det1=true
[1074]	36	53	-19	-12	-3	2	det1=true
[1075]	42	53	-16	-9	-4	-1	det1=true
[1076]	42	53	-17	-9	-4	1	det1=true
[1077]	48	53	-21	-13	-1	-4	det1=true
[1078]	48	53	-25	-13	-1	4	det1=true
[1079]	51	53	-25	-13	-3	3	det1=true
[1080]	53	53	-9	0	-4	-3	det1=true
[1081]	45	54	-19	-12	-1	-4	det1=true
[1082]	45	54	-23	-12	-1	4	det1=true
[1083]	49	54	-20	-5	-4	-2	det1=true
[1084]	50	54	-23	-17	-4	1	det1=true
[1085]	47	55	-20	-12	-3	-3	det1=true
[1086]	47	55	-23	-12	-3	3	det1=true
[1087]	49	55	-21	-18	-4	-1	det1=true
[1088]	49	55	-22	-18	-4	1	det1=true
[1089]	53	55	-22	-22	-1	-4	det1=true
[1090]	53	55	-26	-22	-1	4	det1=true
[1091]	53	55	-7	-5	-5	-1	det1=true
[1092]	53	55	-8	-5	-5	1	det1=true
[1093]	45	56	-21	-13	-4	-1	det1=true
[1094]	50	56	-23	-18	-1	-4	det1=true
[1095]	50	56	-27	-18	-1	4	det1=true
[1096]	34	54	-1	1	-4	-1	det1=true
[1097]	34	54	-2	1	-4	1	det1=true
[1098]	37	55	-12	-2	-1	-4	det1=true
[1099]	37	55	-16	-2	-1	4	det1=true
[1100]	45	56	-22	-13	-4	1	det1=true
[1101]	56	56	0	-1	-2	-5	det1=true
[1102]	38	53	-12	-3	-4	-1	det1=true
[1103]	38	53	-13	-3	-4	1	det1=true
[1104]	47	53	-21	-12	-4	-1	det1=true
[1105]	47	53	-22	-12	-4	1	det1=true
[1106]	49	53	-23	-6	-3	-3	det1=true
[1107]	41	54	-5	-2	-2	-4	det1=true
[1108]	41	54	-9	-2	-2	4	det1=true
[1109]	27	55	-8	0	-3	-2	det1=true
[1110]	50	55	-4	-3	-4	-3	det1=true
[1111]	50	55	-7	-3	-4	3	det1=true
[1112]	39	56	-13	-11	-4	-1	det1=true
[1113]	41	54	-6	-1	-4	-2	det1=true
[1114]	41	54	-8	-1	-4	2	det1=true
[1115]	27	55	-10	0	-3	2	det1=true
[1116]	51	55	1	0	-1	-5	det1=true
[1117]	51	55	-4	0	-1	5	det1=true
[1118]	50	56	-6	-5	-4	-3	det1=true
[1119]	50	56	-9	-5	-4	3	det1=true
[1120]	54	56	-25	-21	-1	-4	det1=true
[1121]	54	56	-29	-21	-1	4	det1=true
[1122]	27	53	-3	-2	-2	-3	det1=true
[1123]	27	53	-6	-2	-2	3	det1=true
[1124]	49	53	-19	1	-2	-4	det1=true
[1125]	49	53	-23	1	-2	4	det1=true
[1126]	39	54	-18	-17	-2	-3	det1=true
[1127]	39	54	-21	-17	-2	3	det1=true
[1128]	35	56	-9	-2	-1	-4	det1=true
[1129]	35	56	-13	-2	-1	4	det1=true
[1130]	26	55	-3	-2	-3	-2	det1=true
[1131]	26	55	-5	-2	-3	2	det1=true
[1132]	8	54	0	1	-2	0	det1=true
[1133]	16	54	0	1	-2	-2	det1=true
[1134]	40	54	0	1	-2	-4	det1=true
[1135]	40	54	-4	1	-2	4	det1=true
[1136]	50	54	-19	-10	-4	-2	det1=true
[1137]	50	54	-21	-10	-4	2	det1=true
[1138]	8	56	-4	1	-2	0	det1=true
[1139]	8	56	-3	0	0	-2	det1=true
[1140]	16	55	-3	0	-2	-2	det1=true
[1141]	16	55	-5	0	-2	2	det1=true
[1142]	26	54	0	1	-2	-3	det1=true
[1143]	53	53	0	0	-1	-5	det1=true
[1144]	10	55	-2	-1	-2	-1	det1=true
[1145]	10	54	0	1	-2	-1	det1=true
[1146]	10	54	-1	1	-2	1	det1=true
[1147]	2	55	-1	0	-1	0	det1=true
[1148]	48	57	-23	0	-4	-2	det1=true
[1149]	54	58	-22	-19	-2	-4	det1=true
[1150]	54	58	-26	-19	-2	4	det1=true
[1151]	58	58	-13	-4	-5	-2	det1=true
[1152]	58	58	-15	-4	-5	2	det1=true
[1153]	59	59	-2	-2	-4	-4	det1=true
[1154]	55	57	-2	2	-5	-2	det1=true
[1155]	55	57	-4	2	-5	2	det1=true
[1156]	39	58	-8	-3	-4	-2	det1=true
[1157]	39	58	-10	-3	-4	2	det1=true
[1158]	33	59	-1	1	-3	-3	det1=true
[1159]	33	59	-4	1	-3	3	det1=true
[1160]	58	59	-25	-3	-4	-3	det1=true
[1161]	58	59	-28	-3	-4	3	det1=true
[1162]	37	57	-10	-11	-1	-4	det1=true
[1163]	37	57	-14	-11	-1	4	det1=true
[1164]	48	57	-17	-14	-4	-2	det1=true
[1165]	48	57	-19	-14	-4	2	det1=true
[1166]	48	57	-16	-15	-2	-4	det1=true
[1167]	48	57	-20	-15	-2	4	det1=true
[1168]	49	57	-19	-13	-2	-4	det1=true
[1169]	49	57	-23	-13	-2	4	det1=true
[1170]	53	57	-23	-15	-4	-2	det1=true
[1171]	53	57	-25	-15	-4	2	det1=true
[1172]	53	58	-13	-11	-4	-3	det1=true
[1173]	53	58	-16	-11	-4	3	det1=true
[1174]	54	58	-23	-18	-4	-2	det1=true
[1175]	54	58	-25	-18	-4	2	det1=true
[1176]	47	59	-20	-14	-4	2	det1=true
[1177]	48	59	-22	-9	-2	-4	det1=true
[1178]	48	59	-26	-9	-2	4	det1=true
[1179]	50	59	-24	-11	-4	-2	det1=true
[1180]	43	60	-17	-8	-4	-2	det1=true
[1181]	43	60	-19	-8	-4	2	det1=true
[1182]	60	60	-45	-5	-2	-3	det1=true
[1183]	60	60	-48	-5	-2	3	det1=true
[1184]	35	57	-5	-2	-3	-3	det1=true
[1185]	35	57	-8	-2	-3	3	det1=true
[1186]	41	57	-8	-8	-2	-4	det1=true
[1187]	41	57	-12	-8	-2	4	det1=true
[1188]	53	57	-12	-10	-4	-3	det1=true
[1189]	53	57	-15	-10	-4	3	det1=true
[1190]	39	58	-19	-5	-4	-1	det1=true
[1191]	39	58	-20	-5	-4	1	det1=true
[1192]	43	58	-16	-5	-4	-2	det1=true
[1193]	43	58	-18	-5	-4	2	det1=true
[1194]	46	58	-15	-14	-4	-2	det1=true
[1195]	46	58	-17	-14	-4	2	det1=true
[1196]	51	58	-12	-7	-4	-3	det1=true
[1197]	52	58	-15	-5	-4	-3	det1=true
[1198]	55	58	-7	2	-5	-2	det1=true
[1199]	55	58	-9	2	-5	2	det1=true
[1200]	27	59	-12	-2	-2	-3	det1=true
[1201]	27	59	-15	-2	-2	3	det1=true
[1202]	27	59	-9	-8	-2	-3	det1=true
[1203]	27	59	-12	-8	-2	3	det1=true
[1204]	39	59	-16	-12	-4	-1	det1=true
[1205]	39	59	-17	-12	-4	1	det1=true
[1206]	53	59	-2	2	-5	2	det1=true
[1207]	37	60	-7	2	-4	-2	det1=true
[1208]	37	60	-9	2	-4	2	det1=true
[1209]	58	60	-19	-3	-5	2	det1=true
[1210]	36	57	-14	-1	-4	-1	det1=true
[1211]	41	57	-14	-11	-3	-3	det1=true
[1212]	41	57	-17	-11	-3	3	det1=true
[1213]	42	57	-15	-16	-1	-4	det1=true
[1214]	45	57	-22	-2	-2	4	det1=true
[1215]	46	57	-20	-3	-4	-2	det1=true
[1216]	48	57	-22	-1	-2	-4	det1=true
[1217]	48	57	-26	-1	-2	4	det1=true
[1218]	52	57	-20	-17	-2	-4	det1=true
[1219]	53	57	-16	0	-3	-4	det1=true
[1220]	56	57	-9	1	-5	2	det1=true
[1221]	56	57	-5	-3	-5	-2	det1=true
[1222]	56	57	-7	-3	-5	2	det1=true
[1223]	25	58	-5	-2	-3	-2	det1=true
[1224]	25	58	-7	-2	-3	2	det1=true
[1225]	36	58	-13	-5	-1	-4	det1=true
[1226]	36	58	-17	-5	-1	4	det1=true
[1227]	52	58	-18	-5	-4	3	det1=true
[1228]	19	59	-5	0	-1	-3	det1=true
[1229]	19	59	-8	0	-1	3	det1=true
[1230]	32	59	-5	-2	-1	-4	det1=true
[1231]	32	59	-9	-2	-1	4	det1=true
[1232]	33	59	-10	0	-4	-1	det1=true
[1233]	33	59	-11	0	-4	1	det1=true
[1234]	39	59	-7	-7	-2	-4	det1=true
[1235]	39	59	-11	-7	-2	4	det1=true
[1236]	47	59	-18	-14	-4	-2	det1=true
[1237]	59	59	-24	-9	-3	-4	det1=true
[1238]	59	59	-22	-13	-3	-4	det1=true
[1239]	59	59	-26	-13	-3	4	det1=true
[1240]	9	60	0	1	-2	-1	det1=true
[1241]	9	60	-1	1	-2	1	det1=true
[1242]	24	60	-5	0	-3	-2	det1=true
[1243]	35	60	-13	-6	-1	-4	det1=true
[1244]	35	60	-17	-6	-1	4	det1=true
[1245]	40	60	-18	-13	-4	-1	det1=true
[1246]	40	60	-19	-13	-4	1	det1=true
[1247]	55	60	-11	-3	-5	-2	det1=true
[1248]	55	60	-13	-3	-5	2	det1=true
[1249]	58	60	-25	-6	-3	-4	det1=true
[1250]	59	60	-17	-7	-5	-2	det1=true
[1251]	59	60	-19	-7	-5	2	det1=true
[1252]	19	57	-1	0	-3	-1	det1=true
[1253]	19	57	-2	0	-3	1	det1=true
[1254]	37	57	-14	-4	-1	-4	det1=true
[1255]	37	57	-18	-4	-1	4	det1=true
[1256]	45	57	-18	-2	-2	-4	det1=true
[1257]	48	57	-21	-19	-4	-1	det1=true
[1258]	48	57	-22	-19	-4	1	det1=true
[1259]	53	57	-20	0	-3	4	det1=true
[1260]	56	57	-15	-13	-4	-3	det1=true
[1261]	56	57	-18	-13	-4	3	det1=true
[1262]	56	57	-7	1	-5	-2	det1=true
[1263]	53	58	-15	-8	-3	-4	det1=true
[1264]	53	58	-19	-8	-3	4	det1=true
[1265]	58	58	-18	-15	-4	-3	det1=true
[1266]	19	59	-6	1	-3	-1	det1=true
[1267]	19	59	-7	1	-3	1	det1=true
[1268]	19	59	-7	-3	-1	3	det1=true
[1269]	36	59	-15	-1	-1	-4	det1=true
[1270]	36	59	-19	-1	-1	4	det1=true
[1271]	36	59	-14	-7	-4	-1	det1=true
[1272]	42	59	-20	-13	-4	-1	det1=true
[1273]	42	59	-21	-13	-4	1	det1=true
[1274]	48	59	-7	-6	-3	-4	det1=true
[1275]	49	59	-12	1	-3	-4	det1=true
[1276]	49	59	-16	1	-3	4	det1=true
[1277]	57	59	-10	-8	-2	-5	det1=true
[1278]	57	59	-15	-8	-2	5	det1=true
[1279]	24	60	-7	0	-3	2	det1=true
[1280]	31	60	-3	-1	-1	-4	det1=true
[1281]	31	60	-7	-1	-1	4	det1=true
[1282]	43	60	-19	-17	-1	-4	det1=true
[1283]	43	60	-23	-17	-1	4	det1=true
[1284]	45	60	-18	-11	-2	-4	det1=true
[1285]	45	60	-22	-11	-2	4	det1=true
[1286]	46	60	-6	-1	-4	-3	det1=true
[1287]	46	60	-9	-1	-4	3	det1=true
[1288]	54	60	-8	-1	-2	-5	det1=true
[1289]	54	60	-13	-1	-2	5	det1=true
[1290]	58	60	-29	-6	-3	4	det1=true
[1291]	33	57	-4	-3	-1	-4	det1=true
[1292]	33	57	-8	-3	-1	4	det1=true
[1293]	37	57	-15	-4	-4	-1	det1=true
[1294]	37	57	-16	-4	-4	1	det1=true
[1295]	42	57	-19	-16	-1	4	det1=true
[1296]	45	57	-19	-1	-4	-2	det1=true
[1297]	45	57	-21	-1	-4	2	det1=true
[1298]	49	57	-20	-12	-4	-2	det1=true
[1299]	49	57	-22	-12	-4	2	det1=true
[1300]	52	57	-21	-16	-4	-2	det1=true
[1301]	52	57	-24	-17	-2	4	det1=true
[1302]	56	57	-19	-6	-3	-4	det1=true
[1303]	56	57	-23	-6	-3	4	det1=true
[1304]	33	58	-8	-1	-4	-1	det1=true
[1305]	33	58	-9	-1	-4	1	det1=true
[1306]	40	58	-12	-7	-2	4	det1=true
[1307]	48	58	-21	-10	-4	-2	det1=true
[1308]	48	58	-23	-10	-4	2	det1=true
[1309]	48	58	-20	-11	-2	-4	det1=true
[1310]	48	58	-24	-11	-2	4	det1=true
[1311]	52	58	-14	-7	-4	-3	det1=true
[1312]	52	58	-17	-7	-4	3	det1=true
[1313]	19	59	-5	-2	-3	-1	det1=true
[1314]	19	59	-6	-2	-3	1	det1=true
[1315]	19	59	-4	-3	-1	-3	det1=true
[1316]	32	59	-5	-3	-4	-1	det1=true
[1317]	32	59	-6	-3	-4	1	det1=true
[1318]	36	59	-15	-7	-4	1	det1=true
[1319]	47	59	-8	-4	-4	3	det1=true
[1320]	48	59	-11	-6	-3	4	det1=true
[1321]	51	59	-24	-22	-4	-1	det1=true
[1322]	51	59	-25	-22	-4	1	det1=true
[1323]	52	59	-17	-2	-3	-4	det1=true
[1324]	52	59	-21	-2	-3	4	det1=true
[1325]	32	60	-11	-2	-1	4	det1=true
[1326]	36	60	0	1	-2	-4	det1=true
[1327]	36	60	-4	1	-2	4	det1=true
[1328]	40	60	-11	-8	-4	-2	det1=true
[1329]	40	60	-13	-8	-4	2	det1=true
[1330]	45	60	-22	-17	-4	-1	det1=true
[1331]	45	60	-23	-17	-4	1	det1=true
[1332]	48	60	-18	-17	-2	-4	det1=true
[1333]	48	60	-22	-17	-2	4	det1=true
[1334]	49	60	-13	-3	-3	-4	det1=true
[1335]	49	60	-17	-3	-3	4	det1=true
[1336]	56	60	-11	-7	-5	-2	det1=true
[1337]	56	60	-13	-7	-5	2	det1=true
[1338]	46	57	-22	-3	-4	2	det1=true
[1339]	52	57	-23	-22	-1	-4	det1=true
[1340]	52	57	-27	-22	-1	4	det1=true
[1341]	27	58	-11	-3	-3	-2	det1=true
[1342]	27	58	-13	-3	-3	2	det1=true
[1343]	33	58	-8	-3	-4	1	det1=true
[1344]	25	59	-7	0	-2	-3	det1=true
[1345]	25	59	-10	0	-2	3	det1=true
[1346]	37	59	-10	-9	-3	-3	det1=true
[1347]	43	59	-19	-16	-4	-1	det1=true
[1348]	43	59	-20	-16	-4	1	det1=true
[1349]	48	59	-23	-8	-4	-2	det1=true
[1350]	48	59	-25	-8	-4	2	det1=true
[1351]	50	59	-13	-4	-3	-4	det1=true
[1352]	50	59	-17	-4	-3	4	det1=true
[1353]	55	59	-8	-2	-2	-5	det1=true
[1354]	55	59	-13	-2	-2	5	det1=true
[1355]	59	59	-28	-20	-4	-2	det1=true
[1356]	59	59	-30	-20	-4	2	det1=true
[1357]	59	59	-26	0	-3	-4	det1=true
[1358]	59	59	-30	0	-3	4	det1=true
[1359]	59	59	-28	-9	-3	4	det1=true
[1360]	32	60	-7	-2	-1	-4	det1=true
[1361]	37	60	-17	-7	-4	-1	det1=true
[1362]	37	60	-18	-7	-4	1	det1=true
[1363]	45	60	-19	-10	-4	-2	det1=true
[1364]	45	60	-21	-10	-4	2	det1=true
[1365]	41	57	-9	-7	-4	-2	det1=true
[1366]	41	57	-11	-7	-4	2	det1=true
[1367]	52	57	-23	-16	-4	2	det1=true
[1368]	39	58	-7	-4	-2	-4	det1=true
[1369]	39	58	-11	-4	-2	4	det1=true
[1370]	40	58	-8	-7	-2	-4	det1=true
[1371]	43	58	-12	-11	-4	-2	det1=true
[1372]	47	58	-4	1	-4	-3	det1=true
[1373]	47	58	-7	1	-4	3	det1=true
[1374]	51	58	-20	-17	-4	-2	det1=true
[1375]	51	58	-22	-17	-4	2	det1=true
[1376]	38	59	-15	-11	-4	-1	det1=true
[1377]	38	59	-16	-11	-4	1	det1=true
[1378]	47	59	-5	-4	-4	-3	det1=true
[1379]	53	59	0	2	-5	-2	det1=true
[1380]	34	60	-13	-3	-4	-1	det1=true
[1381]	34	60	-14	-3	-4	1	det1=true
[1382]	55	60	-8	-7	-2	-5	det1=true
[1383]	55	60	-13	-7	-2	5	det1=true
[1384]	58	60	-17	-3	-5	-2	det1=true
[1385]	27	57	-8	-6	-3	-2	det1=true
[1386]	27	57	-10	-6	-3	2	det1=true
[1387]	33	58	-7	-3	-4	-1	det1=true
[1388]	43	58	-14	-11	-4	2	det1=true
[1389]	47	58	-3	-1	-3	-4	det1=true
[1390]	47	58	-7	-1	-3	4	det1=true
[1391]	49	59	-10	-6	-4	-3	det1=true
[1392]	51	59	-22	-16	-4	-2	det1=true
[1393]	55	60	-18	-13	-4	-3	det1=true
[1394]	55	60	-21	-13	-4	3	det1=true
[1395]	26	58	-8	-3	-2	-3	det1=true
[1396]	26	58	-11	-3	-2	3	det1=true
[1397]	34	58	-9	-5	-4	-1	det1=true
[1398]	34	58	-10	-5	-4	1	det1=true
[1399]	50	59	-23	-12	-2	-4	det1=true
[1400]	51	59	-24	-16	-4	2	det1=true
[1401]	43	60	-16	-9	-2	-4	det1=true
[1402]	43	60	-20	-9	-2	4	det1=true
[1403]	26	58	-9	-1	-3	-2	det1=true
[1404]	26	58	-11	-1	-3	2	det1=true
[1405]	54	58	-1	1	-5	-2	det1=true
[1406]	54	58	-3	1	-5	2	det1=true
[1407]	51	59	-21	-17	-2	-4	det1=true
[1408]	58	59	-24	-5	0	-5	det1=true
[1409]	48	60	-19	-16	-4	-2	det1=true
[1410]	48	60	-21	-16	-4	2	det1=true
[1411]	34	57	-7	-5	-4	-1	det1=true
[1412]	34	57	-8	-5	-4	1	det1=true
[1413]	39	59	-8	-6	-4	-2	det1=true
[1414]	39	59	-10	-6	-4	2	det1=true
[1415]	51	59	-25	-17	-2	4	det1=true
[1416]	57	59	-14	-1	-5	-2	det1=true
[1417]	57	59	-16	-1	-5	2	det1=true
[1418]	54	59	-5	-1	-2	-5	det1=true
[1419]	54	59	-10	-1	-2	5	det1=true
[1420]	59	59	-20	-16	-4	-3	det1=true
[1421]	46	58	-21	-17	-1	-4	det1=true
[1422]	16	57	-6	1	-2	-2	det1=true
[1423]	8	58	-4	-3	-2	0	det1=true
[1424]	16	58	-7	0	-2	-2	det1=true
[1425]	40	58	-9	-6	-4	-2	det1=true
[1426]	40	58	-11	-6	-4	2	det1=true
[1427]	40	60	-10	-9	-2	-4	det1=true
[1428]	40	60	-14	-9	-2	4	det1=true
[1429]	57	57	-10	1	-5	-2	det1=true
[1430]	57	57	-12	1	-5	2	det1=true
[1431]	58	60	-12	-11	-2	-5	det1=true
[1432]	58	60	-17	-11	-2	5	det1=true
[1433]	26	58	-7	-5	-3	-2	det1=true
[1434]	54	58	0	1	-2	-5	det1=true
[1435]	26	59	-10	1	-2	-3	det1=true
[1436]	26	59	-13	1	-2	3	det1=true
[1437]	50	58	-11	-5	-4	-3	det1=true
[1438]	59	59	-15	-6	-2	-5	det1=true
[1439]	59	59	-20	-6	-2	5	det1=true
[1440]	26	58	-9	-5	-3	2	det1=true
[1441]	57	57	-8	-4	-5	-2	det1=true
[1442]	57	57	-10	-4	-5	2	det1=true
[1443]	33	61	-7	1	-3	-3	det1=true
[1444]	33	61	-10	1	-3	3	det1=true
[1445]	33	61	-5	-4	-3	-3	det1=true
[1446]	33	61	-8	-4	-3	3	det1=true
[1447]	23	61	0	1	-3	-2	det1=true
[1448]	23	61	-2	1	-3	2	det1=true
[1449]	39	61	-16	-10	-3	-3	det1=true
[1450]	39	61	-19	-10	-3	3	det1=true
[1451]	61	61	-6	2	-5	-3	det1=true
[1452]	61	61	-9	2	-5	3	det1=true
[1453]	31	63	-6	-7	-1	-4	det1=true
[1454]	31	63	-10	-7	-1	4	det1=true
[1455]	61	63	-28	-10	-1	-5	det1=true
[1456]	61	63	-33	-10	-1	5	det1=true
[1457]	63	63	-28	1	-5	-2	det1=true
[1458]	63	63	-30	1	-5	2	det1=true
[1459]	37	64	-13	-2	-4	-2	det1=true
[1460]	37	64	-15	-2	-4	2	det1=true
[1461]	37	64	-12	-3	-2	-4	det1=true
[1462]	37	64	-16	-3	-2	4	det1=true
[1463]	63	64	-23	-15	-2	-5	det1=true
[1464]	63	64	-28	-15	-2	5	det1=true
[1465]	64	64	-32	-9	-2	5	det1=true
[1466]	49	61	-10	-5	-1	-5	det1=true
[1467]	49	61	-15	-5	-1	5	det1=true
[1468]	55	61	-23	2	-5	-1	det1=true
[1469]	55	61	-24	2	-5	1	det1=true
[1470]	55	61	-20	-9	-5	-1	det1=true
[1471]	55	61	-21	-9	-5	1	det1=true
[1472]	61	61	-14	-2	-4	-4	det1=true
[1473]	61	61	-18	-2	-4	4	det1=true
[1474]	41	62	-18	-3	-4	-2	det1=true
[1475]	41	62	-20	-3	-4	2	det1=true
[1476]	48	62	-17	-6	-3	4	det1=true
[1477]	35	63	-16	-8	-4	-1	det1=true
[1478]	35	63	-17	-8	-4	1	det1=true
[1479]	39	63	-16	-13	-3	-3	det1=true
[1480]	39	63	-19	-13	-3	3	det1=true
[1481]	42	63	-19	-6	-2	-4	det1=true
[1482]	42	63	-23	-6	-2	4	det1=true
[1483]	47	63	-12	1	-5	-1	det1=true
[1484]	47	63	-13	1	-5	1	det1=true
[1485]	55	63	-23	-3	-1	-5	det1=true
[1486]	55	63	-28	-3	-1	5	det1=true
[1487]	22	64	-1	1	-2	-3	det1=true
[1488]	22	64	-4	1	-2	3	det1=true
[1489]	36	64	-15	-13	-1	-4	det1=true
[1490]	36	64	-19	-13	-1	4	det1=true
[1491]	39	64	-16	-3	-2	-4	det1=true
[1492]	39	64	-20	-3	-2	4	det1=true
[1493]	39	64	-13	-10	-4	-2	det1=true
[1494]	39	64	-15	-10	-4	2	det1=true
[1495]	44	64	-7	-5	-4	-3	det1=true
[1496]	44	64	-10	-5	-4	3	det1=true
[1497]	52	64	-17	-15	-3	-4	det1=true
[1498]	52	64	-21	-15	-3	4	det1=true
[1499]	55	64	-23	-13	-4	-3	det1=true
[1500]	55	64	-26	-13	-4	3	det1=true
[1501]	59	64	-25	-21	-4	3	det1=true
[1502]	60	64	-23	-7	-2	-5	det1=true
[1503]	63	64	-27	-5	-2	-5	det1=true
[1504]	63	64	-32	-5	-2	5	det1=true
[1505]	64	64	-27	-9	-2	-5	det1=true
[1506]	15	61	-5	-3	-2	-2	det1=true
[1507]	15	61	-7	-3	-2	2	det1=true
[1508]	25	61	-10	-5	-3	2	det1=true
[1509]	28	61	-13	-9	-3	-2	det1=true
[1510]	28	61	-15	-9	-3	2	det1=true
[1511]	31	61	-6	-2	-4	-1	det1=true
[1512]	31	61	-7	-2	-4	1	det1=true
[1513]	46	61	-9	1	-4	-3	det1=true
[1514]	46	61	-12	1	-4	3	det1=true
[1515]	47	61	-8	-7	-3	-4	det1=true
[1516]	47	61	-12	-7	-3	4	det1=true
[1517]	54	61	-9	-5	-2	-5	det1=true
[1518]	55	61	-19	-9	-1	-5	det1=true
[1519]	55	61	-23	-11	-1	5	det1=true
[1520]	55	61	-19	-12	-5	1	det1=true
[1521]	32	62	-9	-5	-1	-4	det1=true
[1522]	32	62	-13	-5	-1	4	det1=true
[1523]	36	62	-15	-10	-1	-4	det1=true
[1524]	36	62	-19	-10	-1	4	det1=true
[1525]	47	62	-13	-1	-4	-3	det1=true
[1526]	47	62	-16	-1	-4	3	det1=true
[1527]	48	62	-15	-1	-4	-3	det1=true
[1528]	48	62	-18	-1	-4	3	det1=true
[1529]	30	63	-7	1	-4	-1	det1=true
[1530]	30	63	-8	1	-4	1	det1=true
[1531]	31	63	-8	-4	-1	-4	det1=true
[1532]	45	63	-3	-1	-1	-5	det1=true
[1533]	45	63	-8	-1	-1	5	det1=true
[1534]	52	63	-11	0	-5	-2	det1=true
[1535]	52	63	-13	0	-5	2	det1=true
[1536]	53	63	-9	-8	-2	-5	det1=true
[1537]	53	63	-14	-8	-2	5	det1=true
[1538]	9	64	-4	-3	-2	-1	det1=true
[1539]	9	64	-5	-3	-2	1	det1=true
[1540]	44	64	-9	1	-3	-4	det1=true
[1541]	44	64	-13	1	-3	4	det1=true
[1542]	49	64	-15	-11	-4	-3	det1=true
[1543]	49	64	-18	-11	-4	3	det1=true
[1544]	54	64	-17	0	-5	-2	det1=true
[1545]	54	64	-19	0	-5	2	det1=true
[1546]	59	64	-27	-14	-3	-4	det1=true
[1547]	59	64	-31	-14	-3	4	det1=true
[1548]	59	64	-22	-21	-4	-3	det1=true
[1549]	60	64	-28	-7	-2	5	det1=true
[1550]	63	64	-20	-19	-2	-5	det1=true
[1551]	63	64	-25	-19	-2	5	det1=true
[1552]	9	61	-2	0	-1	-2	det1=true
[1553]	9	61	-4	0	-1	2	det1=true
[1554]	32	61	-10	-1	-4	-1	det1=true
[1555]	32	61	-11	-1	-4	1	det1=true
[1556]	46	61	-17	-16	-2	-4	det1=true
[1557]	46	61	-21	-16	-2	4	det1=true
[1558]	49	61	-12	-3	-5	-1	det1=true
[1559]	52	61	-4	-1	-2	-5	det1=true
[1560]	54	61	-14	-5	-2	5	det1=true
[1561]	55	61	-24	-9	-1	5	det1=true
[1562]	55	61	-18	-11	-1	-5	det1=true
[1563]	55	61	-18	-12	-5	-1	det1=true
[1564]	59	61	-20	-19	-3	-4	det1=true
[1565]	59	61	-24	-19	-3	4	det1=true
[1566]	9	62	-3	-1	-1	-2	det1=true
[1567]	9	62	-5	-1	-1	2	det1=true
[1568]	16	62	-3	-1	0	-3	det1=true
[1569]	38	62	-9	-8	-4	-2	det1=true
[1570]	38	62	-11	-8	-4	2	det1=true
[1571]	46	62	-11	1	-4	-3	det1=true
[1572]	46	62	-14	1	-4	3	det1=true
[1573]	48	62	-13	-6	-3	-4	det1=true
[1574]	51	62	-5	2	-5	-2	det1=true
[1575]	51	62	-7	2	-5	2	det1=true
[1576]	51	62	-2	-3	-2	-5	det1=true
[1577]	51	62	-7	-3	-2	5	det1=true
[1578]	53	62	-10	-1	-2	-5	det1=true
[1579]	62	62	-25	-4	-5	-2	det1=true
[1580]	62	62	-27	-4	-5	2	det1=true
[1581]	31	63	-2	1	-3	-3	det1=true
[1582]	31	63	-5	1	-3	3	det1=true
[1583]	31	63	-1	-1	-3	-3	det1=true
[1584]	36	63	-13	-14	-1	-4	det1=true
[1585]	36	63	-17	-14	-1	4	det1=true
[1586]	45	63	-2	-3	-1	-5	det1=true
[1587]	45	63	-7	-3	-1	5	det1=true
[1588]	51	63	-10	0	-5	2	det1=true
[1589]	53	63	-22	-3	-5	-1	det1=true
[1590]	53	63	-23	-3	-5	1	det1=true
[1591]	54	63	-14	-1	-2	-5	det1=true
[1592]	55	63	-24	-8	-5	1	det1=true
[1593]	55	63	-21	-10	-1	-5	det1=true
[1594]	55	63	-26	-10	-1	5	det1=true
[1595]	55	63	-20	-12	-1	-5	det1=true
[1596]	55	63	-25	-12	-1	5	det1=true
[1597]	57	63	-13	-14	-2	-5	det1=true
[1598]	57	63	-18	-14	-2	5	det1=true
[1599]	27	64	-12	-11	-2	-3	det1=true
[1600]	27	64	-15	-11	-2	3	det1=true
[1601]	43	64	-19	-12	-4	-2	det1=true
[1602]	43	64	-21	-12	-4	2	det1=true
[1603]	49	64	-19	1	-3	-4	det1=true
[1604]	49	64	-23	1	-3	4	det1=true
[1605]	52	64	-22	-7	-4	-3	det1=true
[1606]	52	64	-25	-7	-4	3	det1=true
[1607]	25	61	-8	-5	-3	-2	det1=true
[1608]	35	61	-12	-2	-3	-3	det1=true
[1609]	35	61	-15	-2	-3	3	det1=true
[1610]	38	61	-8	-7	-4	-2	det1=true
[1611]	38	61	-10	-7	-4	2	det1=true
[1612]	48	61	-22	-13	-2	-4	det1=true
[1613]	49	61	-13	-3	-5	1	det1=true
[1614]	52	61	-3	-3	-2	-5	det1=true
[1615]	53	61	-17	-12	-4	-3	det1=true
[1616]	56	61	-25	-11	-4	3	det1=true
[1617]	23	62	-3	-1	-2	-3	det1=true
[1618]	23	62	-6	-1	-2	3	det1=true
[1619]	41	62	-17	-4	-2	-4	det1=true
[1620]	41	62	-21	-4	-2	4	det1=true
[1621]	52	62	-15	-14	-3	-4	det1=true
[1622]	52	62	-19	-14	-3	4	det1=true
[1623]	60	62	-23	-8	-5	2	det1=true
[1624]	61	62	-23	-20	-3	-4	det1=true
[1625]	61	62	-27	-20	-3	4	det1=true
[1626]	62	62	-25	-19	-3	-4	det1=true
[1627]	31	63	-12	-4	-1	4	det1=true
[1628]	33	63	-13	-6	-4	-1	det1=true
[1629]	33	63	-14	-6	-4	1	det1=true
[1630]	45	63	-4	-1	-5	-1	det1=true
[1631]	45	63	-5	-1	-5	1	det1=true
[1632]	49	63	-16	-1	-5	-1	det1=true
[1633]	49	63	-17	-1	-5	1	det1=true
[1634]	50	63	-2	-1	-2	-5	det1=true
[1635]	50	63	-7	-1	-2	5	det1=true
[1636]	62	63	-19	-17	-5	-2	det1=true
[1637]	62	63	-21	-17	-5	2	det1=true
[1638]	36	64	-11	0	-4	-2	det1=true
[1639]	36	64	-13	0	-4	2	det1=true
[1640]	45	64	-18	-17	-2	-4	det1=true
[1641]	45	64	-22	-17	-2	4	det1=true
[1642]	59	64	-20	-11	-2	-5	det1=true
[1643]	59	64	-25	-11	-2	5	det1=true
[1644]	36	61	-5	0	-4	-2	det1=true
[1645]	36	61	-7	0	-4	2	det1=true
[1646]	36	61	-4	-1	-2	-4	det1=true
[1647]	46	61	-18	-15	-4	-2	det1=true
[1648]	46	61	-20	-15	-4	2	det1=true
[1649]	48	61	-23	-12	-4	-2	det1=true
[1650]	51	61	-17	1	-5	-1	det1=true
[1651]	51	61	-18	1	-5	1	det1=true
[1652]	51	61	-15	-10	-4	-3	det1=true
[1653]	51	61	-18	-10	-4	3	det1=true
[1654]	52	61	-8	-3	-2	5	det1=true
[1655]	55	61	-26	0	-1	5	det1=true
[1656]	56	61	-22	-11	-4	-3	det1=true
[1657]	41	62	-20	-15	-4	-1	det1=true
[1658]	41	62	-21	-15	-4	1	det1=true
[1659]	55	62	-23	-8	-3	-4	det1=true
[1660]	55	62	-27	-8	-3	4	det1=true
[1661]	56	62	-22	-13	-4	-3	det1=true
[1662]	56	62	-25	-13	-4	3	det1=true
[1663]	56	62	-15	-7	-5	-2	det1=true
[1664]	56	62	-17	-7	-5	2	det1=true
[1665]	62	62	-29	-19	-3	4	det1=true
[1666]	35	63	-10	-10	-3	-3	det1=true
[1667]	42	63	-20	-5	-4	-2	det1=true
[1668]	42	63	-22	-5	-4	2	det1=true
[1669]	45	63	-5	1	-5	-1	det1=true
[1670]	45	63	-6	1	-5	1	det1=true
[1671]	49	63	-14	-3	-1	-5	det1=true
[1672]	49	63	-19	-3	-1	5	det1=true
[1673]	53	63	-17	-12	-1	-5	det1=true
[1674]	53	63	-22	-12	-1	5	det1=true
[1675]	54	63	-11	-9	-5	-2	det1=true
[1676]	55	63	-23	-8	-5	-1	det1=true
[1677]	55	63	-22	-10	-5	-1	det1=true
[1678]	55	63	-23	-10	-5	1	det1=true
[1679]	22	64	-1	0	-3	-2	det1=true
[1680]	23	64	-7	-1	-3	-2	det1=true
[1681]	23	64	-9	-1	-3	2	det1=true
[1682]	41	64	-17	-10	-4	-2	det1=true
[1683]	41	64	-19	-10	-4	2	det1=true
[1684]	43	64	-6	1	-4	-3	det1=true
[1685]	43	64	-9	1	-4	3	det1=true
[1686]	45	64	-19	-16	-4	-2	det1=true
[1687]	49	64	0	-1	-2	-5	det1=true
[1688]	49	64	-5	-1	-2	5	det1=true
[1689]	56	64	-23	-15	-4	-3	det1=true
[1690]	56	64	-26	-15	-4	3	det1=true
[1691]	59	64	-23	1	-2	-5	det1=true
[1692]	59	64	-28	1	-2	5	det1=true
[1693]	25	61	-10	0	-3	-2	det1=true
[1694]	25	61	-12	0	-3	2	det1=true
[1695]	53	61	-20	-12	-4	3	det1=true
[1696]	55	61	-21	0	-1	-5	det1=true
[1697]	57	61	-11	-12	-2	-5	det1=true
[1698]	57	61	-16	-12	-2	5	det1=true
[1699]	58	61	-19	-1	-5	-2	det1=true
[1700]	58	61	-21	-1	-5	2	det1=true
[1701]	61	61	-25	-16	-4	-3	det1=true
[1702]	61	61	-28	-16	-4	3	det1=true
[1703]	30	62	-3	-1	-1	-4	det1=true
[1704]	30	62	-7	-1	-1	4	det1=true
[1705]	52	62	-21	1	-3	-4	det1=true
[1706]	52	62	-25	1	-3	4	det1=true
[1707]	60	62	-21	-8	-5	-2	det1=true
[1708]	62	62	-24	-3	-2	-5	det1=true
[1709]	62	62	-29	-3	-2	5	det1=true
[1710]	62	62	-19	-15	-2	-5	det1=true
[1711]	62	62	-24	-15	-2	5	det1=true
[1712]	24	63	-9	1	-2	-3	det1=true
[1713]	24	63	-12	1	-2	3	det1=true
[1714]	32	63	-13	1	-4	-1	det1=true
[1715]	32	63	-14	1	-4	1	det1=true
[1716]	35	63	-5	1	-2	-4	det1=true
[1717]	35	63	-9	1	-2	4	det1=true
[1718]	38	63	-15	-16	-1	-4	det1=true
[1719]	38	63	-19	-16	-1	4	det1=true
[1720]	54	63	-15	-2	-5	-2	det1=true
[1721]	54	63	-17	-2	-5	2	det1=true
[1722]	54	63	-13	-9	-5	2	det1=true
[1723]	55	63	-25	-1	-5	-1	det1=true
[1724]	55	63	-26	-1	-5	1	det1=true
[1725]	56	63	-19	1	-5	-2	det1=true
[1726]	56	63	-21	1	-5	2	det1=true
[1727]	60	63	-23	-1	-2	-5	det1=true
[1728]	60	63	-28	-1	-2	5	det1=true
[1729]	61	63	-30	-8	-5	-1	det1=true
[1730]	61	63	-31	-8	-5	1	det1=true
[1731]	31	64	-9	-5	-1	-4	det1=true
[1732]	31	64	-13	-5	-1	4	det1=true
[1733]	52	64	-13	0	-5	-2	det1=true
[1734]	52	64	-15	0	-5	2	det1=true
[1735]	60	64	-28	-27	-2	-4	det1=true
[1736]	60	64	-32	-27	-2	4	det1=true
[1737]	46	61	-7	-4	-3	-4	det1=true
[1738]	46	61	-11	-4	-3	4	det1=true
[1739]	55	61	-21	-7	-5	-1	det1=true
[1740]	55	61	-22	-7	-5	1	det1=true
[1741]	55	61	-16	-14	-1	-5	det1=true
[1742]	55	61	-21	-14	-1	5	det1=true
[1743]	57	62	-25	-9	-3	-4	det1=true
[1744]	57	62	-29	-9	-3	4	det1=true
[1745]	51	63	-17	-5	-1	-5	det1=true
[1746]	51	63	-22	-5	-1	5	det1=true
[1747]	54	63	-13	-5	-2	-5	det1=true
[1748]	54	63	-18	-5	-2	5	det1=true
[1749]	58	63	-14	-15	-2	-5	det1=true
[1750]	58	63	-19	-15	-2	5	det1=true
[1751]	30	64	-7	-2	-1	-4	det1=true
[1752]	30	64	-11	-2	-1	4	det1=true
[1753]	39	64	-17	-2	-4	-2	det1=true
[1754]	39	64	-19	-2	-4	2	det1=true
[1755]	45	64	-21	-16	-4	2	det1=true
[1756]	50	61	-16	-5	-4	-3	det1=true
[1757]	50	61	-19	-5	-4	3	det1=true
[1758]	51	61	-18	-4	-4	-3	det1=true
[1759]	51	61	-21	-4	-4	3	det1=true
[1760]	47	63	-10	-1	-1	-5	det1=true
[1761]	47	63	-15	-1	-1	5	det1=true
[1762]	51	63	-19	-3	-5	-1	det1=true
[1763]	51	63	-20	-3	-5	1	det1=true
[1764]	53	63	-19	-10	-5	-1	det1=true
[1765]	53	63	-20	-10	-5	1	det1=true
[1766]	22	64	-3	0	-3	2	det1=true
[1767]	53	64	-23	-7	-3	-4	det1=true
[1768]	53	64	-27	-7	-3	4	det1=true
[1769]	57	64	-20	-3	-2	-5	det1=true
[1770]	57	64	-25	-3	-2	5	det1=true
[1771]	64	64	-8	-3	-6	-1	det1=true
[1772]	64	64	-9	-3	-6	1	det1=true
[1773]	47	61	-11	-2	-4	-3	det1=true
[1774]	47	61	-14	-2	-4	3	det1=true
[1775]	58	61	-15	-10	-5	-2	det1=true
[1776]	25	62	-10	-3	-2	-3	det1=true
[1777]	25	62	-13	-3	-2	3	det1=true
[1778]	46	62	-10	-3	-4	-3	det1=true
[1779]	46	62	-13	-3	-4	3	det1=true
[1780]	50	62	-18	-3	-4	-3	det1=true
[1781]	50	62	-21	-3	-4	3	det1=true
[1782]	53	63	-20	-5	-1	-5	det1=true
[1783]	53	63	-25	-5	-1	5	det1=true
[1784]	33	64	-11	-10	-1	-4	det1=true
[1785]	33	64	-15	-10	-1	4	det1=true
[1786]	39	64	-12	-11	-2	-4	det1=true
[1787]	39	64	-16	-11	-2	4	det1=true
[1788]	46	64	-14	-1	-4	-3	det1=true
[1789]	46	64	-17	-1	-4	3	det1=true
[1790]	56	61	-23	-9	-4	-3	det1=true
[1791]	56	61	-26	-9	-4	3	det1=true
[1792]	58	61	-17	-10	-5	2	det1=true
[1793]	61	61	-15	-16	-2	-5	det1=true
[1794]	61	61	-20	-16	-2	5	det1=true
[1795]	51	63	-8	0	-5	-2	det1=true
[1796]	26	62	-9	-9	-2	-3	det1=true
[1797]	26	62	-12	-9	-2	3	det1=true
[1798]	49	62	-17	1	-4	-3	det1=true
[1799]	49	62	-20	1	-4	3	det1=true
[1800]	57	62	-5	-4	-4	-4	det1=true
[1801]	57	62	-9	-4	-4	4	det1=true
[1802]	33	63	-14	-4	-4	-1	det1=true
[1803]	33	63	-15	-4	-4	1	det1=true
[1804]	35	64	-13	-13	-1	-4	det1=true
[1805]	35	64	-17	-13	-1	4	det1=true
[1806]	51	61	-15	-1	-1	-5	det1=true
[1807]	51	61	-20	-1	-1	5	det1=true
[1808]	16	61	-7	-6	-2	-2	det1=true
[1809]	60	64	-29	-26	-4	-2	det1=true
[1810]	60	64	-31	-26	-4	2	det1=true
[1811]	40	62	-16	1	-2	-4	det1=true
[1812]	40	62	-20	1	-2	4	det1=true
[1813]	63	63	-20	-4	-4	-4	det1=true
[1814]	63	63	-24	-4	-4	4	det1=true
[1815]	34	61	-11	-8	-1	-4	det1=true
[1816]	34	61	-15	-8	-1	4	det1=true
[1817]	40	64	-19	0	-4	-2	det1=true
[1818]	40	64	-21	0	-4	2	det1=true
[1819]	34	63	-15	-4	-1	-4	det1=true
[1820]	34	63	-19	-4	-1	4	det1=true
[1821]	65	66	-16	-7	0	-6	det1=true
[1822]	65	65	-27	-23	-1	-5	det1=true
[1823]	65	65	-32	-23	-1	5	det1=true
[1824]	59	66	-16	-9	-4	-4	det1=true
[1825]	65	66	-19	-4	-6	0	det1=true
[1826]	13	67	-1	-1	-2	-2	det1=true
[1827]	55	67	-3	2	-5	-3	det1=true
[1828]	55	67	-6	2	-5	3	det1=true
[1829]	67	67	-30	-25	-5	-1	det1=true
[1830]	67	67	-31	-25	-5	1	det1=true
[1831]	36	68	-15	-4	-4	-2	det1=true
[1832]	36	68	-17	-4	-4	2	det1=true
[1833]	67	68	-7	-5	-5	-4	det1=true
[1834]	67	68	-11	-5	-5	4	det1=true
[1835]	61	65	-28	-18	-4	-3	det1=true
[1836]	61	65	-31	-18	-4	3	det1=true
[1837]	65	65	-30	-21	-3	-4	det1=true
[1838]	65	65	-34	-21	-3	4	det1=true
[1839]	50	66	-8	-7	-2	-5	det1=true
[1840]	50	66	-13	-7	-2	5	det1=true
[1841]	53	66	-14	-9	-2	-5	det1=true
[1842]	53	66	-19	-9	-2	5	det1=true
[1843]	57	66	-22	-5	-2	-5	det1=true
[1844]	57	66	-27	-5	-2	5	det1=true
[1845]	62	66	-28	-5	-2	-5	det1=true
[1846]	62	66	-33	-5	-2	5	det1=true
[1847]	22	67	-6	-3	-2	-3	det1=true
[1848]	22	67	-9	-3	-2	3	det1=true
[1849]	49	67	-22	-2	-3	-4	det1=true
[1850]	61	67	-18	-4	-5	-3	det1=true
[1851]	61	67	-21	-4	-5	3	det1=true
[1852]	29	68	-9	-5	-4	-1	det1=true
[1853]	29	68	-10	-5	-4	1	det1=true
[1854]	37	68	-19	-4	-4	2	det1=true
[1855]	55	68	-26	-15	-4	-3	det1=true
[1856]	55	68	-29	-15	-4	3	det1=true
[1857]	31	65	-13	2	-4	-1	det1=true
[1858]	33	65	-10	-7	-3	-3	det1=true
[1859]	33	65	-13	-7	-3	3	det1=true
[1860]	47	65	-13	-3	-1	-5	det1=true
[1861]	49	65	-17	-1	-1	-5	det1=true
[1862]	49	65	-22	-1	-1	5	det1=true
[1863]	49	65	-14	-10	-1	-5	det1=true
[1864]	49	65	-19	-10	-1	5	det1=true
[1865]	51	65	-14	-15	-1	-5	det1=true
[1866]	51	65	-19	-15	-1	5	det1=true
[1867]	53	65	-21	-9	-1	-5	det1=true
[1868]	53	65	-26	-9	-1	5	det1=true
[1869]	57	65	-28	-7	-5	-1	det1=true
[1870]	57	65	-29	-7	-5	1	det1=true
[1871]	59	65	-18	-16	-2	-5	det1=true
[1872]	59	65	-23	-16	-2	5	det1=true
[1873]	29	66	-8	-1	-4	-1	det1=true
[1874]	29	66	-9	-1	-4	1	det1=true
[1875]	29	66	-7	-3	-4	-1	det1=true
[1876]	29	66	-8	-3	-4	1	det1=true
[1877]	51	66	-13	1	-2	-5	det1=true
[1878]	51	66	-18	1	-2	5	det1=true
[1879]	57	66	-11	-10	-4	-4	det1=true
[1880]	57	66	-15	-10	-4	4	det1=true
[1881]	58	66	-20	-13	-2	-5	det1=true
[1882]	58	66	-25	-13	-2	5	det1=true
[1883]	61	66	-29	2	-5	-2	det1=true
[1884]	61	66	-31	2	-5	2	det1=true
[1885]	62	66	-27	-11	-5	-2	det1=true
[1886]	62	66	-29	-11	-5	2	det1=true
[1887]	65	66	-19	-18	-4	-4	det1=true
[1888]	65	66	-23	-18	-4	4	det1=true
[1889]	23	67	-8	-6	-2	-3	det1=true
[1890]	23	67	-11	-6	-2	3	det1=true
[1891]	45	67	-12	-5	-5	-1	det1=true
[1892]	45	67	-13	-5	-5	1	det1=true
[1893]	52	67	-21	-3	-2	5	det1=true
[1894]	67	67	-20	-6	-6	-1	det1=true
[1895]	67	67	-21	-6	-6	1	det1=true
[1896]	67	67	-6	0	-5	-4	det1=true
[1897]	67	67	-10	0	-5	4	det1=true
[1898]	56	68	-25	0	-5	-2	det1=true
[1899]	59	68	-25	-12	-5	-2	det1=true
[1900]	59	68	-27	-12	-5	2	det1=true
[1901]	60	68	-7	-3	-6	-1	det1=true
[1902]	60	68	-8	-3	-6	1	det1=true
[1903]	65	68	-9	0	-6	-2	det1=true
[1904]	65	68	-11	0	-6	2	det1=true
[1905]	66	68	-5	-2	-5	-4	det1=true
[1906]	66	68	-9	-2	-5	4	det1=true
[1907]	68	68	-19	-13	-6	-1	det1=true
[1908]	68	68	-20	-13	-6	1	det1=true
[1909]	22	65	-5	-2	-3	2	det1=true
[1910]	38	65	-16	-3	-4	-2	det1=true
[1911]	44	65	-11	-1	-4	-3	det1=true
[1912]	44	65	-14	-1	-4	3	det1=true
[1913]	45	65	-10	-1	-5	-1	det1=true
[1914]	45	65	-11	-1	-5	1	det1=true
[1915]	47	65	-18	-3	-1	5	det1=true
[1916]	51	65	-22	0	-5	-1	det1=true
[1917]	51	65	-23	0	-5	1	det1=true
[1918]	56	65	-23	-3	-5	2	det1=true
[1919]	62	65	-6	3	-6	-1	det1=true
[1920]	62	65	-7	3	-6	1	det1=true
[1921]	52	66	-13	-8	-5	-2	det1=true
[1922]	52	66	-15	-8	-5	2	det1=true
[1923]	55	66	-21	-2	-5	-2	det1=true
[1924]	55	66	-23	-2	-5	2	det1=true
[1925]	63	66	-20	-13	-4	-4	det1=true
[1926]	65	66	-27	-17	-5	-2	det1=true
[1927]	65	66	-29	-17	-5	2	det1=true
[1928]	22	67	-7	1	-2	-3	det1=true
[1929]	22	67	-10	1	-2	3	det1=true
[1930]	34	67	-10	1	-4	-2	det1=true
[1931]	34	67	-12	1	-4	2	det1=true
[1932]	42	67	-9	-1	-4	-3	det1=true
[1933]	42	67	-12	-1	-4	3	det1=true
[1934]	43	67	-12	0	-4	-3	det1=true
[1935]	43	67	-15	0	-4	3	det1=true
[1936]	43	67	-10	-5	-3	-4	det1=true
[1937]	43	67	-14	-5	-3	4	det1=true
[1938]	43	67	-8	0	-5	-1	det1=true
[1939]	43	67	-9	0	-5	1	det1=true
[1940]	43	67	-6	-2	-1	-5	det1=true
[1941]	43	67	-11	-2	-1	5	det1=true
[1942]	45	67	-13	-3	-5	-1	det1=true
[1943]	45	67	-11	-5	-1	-5	det1=true
[1944]	45	67	-16	-5	-1	5	det1=true
[1945]	48	67	-23	-20	-4	-2	det1=true
[1946]	48	67	-25	-20	-4	2	det1=true
[1947]	48	67	-7	1	-2	-5	det1=true
[1948]	48	67	-12	1	-2	5	det1=true
[1949]	49	67	-22	-4	-4	-3	det1=true
[1950]	49	67	-25	-4	-4	3	det1=true
[1951]	49	67	-15	-13	-5	-1	det1=true
[1952]	52	67	-16	-3	-2	-5	det1=true
[1953]	58	67	-25	-20	-3	-4	det1=true
[1954]	58	67	-29	-20	-3	4	det1=true
[1955]	61	67	-23	0	-3	5	det1=true
[1956]	61	67	-13	-12	-3	-5	det1=true
[1957]	61	67	-18	-12	-3	5	det1=true
[1958]	66	67	-31	-14	-5	-2	det1=true
[1959]	66	67	-33	-14	-5	2	det1=true
[1960]	22	68	-7	-4	-3	-2	det1=true
[1961]	22	68	-9	-4	-3	2	det1=true
[1962]	30	68	-13	-3	-4	-1	det1=true
[1963]	36	68	-18	-5	-2	4	det1=true
[1964]	37	68	-17	-4	-4	-2	det1=true
[1965]	40	68	-3	1	-3	-4	det1=true
[1966]	40	68	-7	1	-3	4	det1=true
[1967]	47	68	-21	-9	-4	3	det1=true
[1968]	51	68	-16	1	-2	-5	det1=true
[1969]	53	68	-19	-3	-2	-5	det1=true
[1970]	55	68	-23	-19	-3	-4	det1=true
[1971]	55	68	-27	-19	-3	4	det1=true
[1972]	56	68	-27	0	-5	2	det1=true
[1973]	59	68	-5	1	-6	1	det1=true
[1974]	67	68	-23	-1	-6	-1	det1=true
[1975]	67	68	-24	-1	-6	1	det1=true
[1976]	67	68	-11	-6	-2	-6	det1=true
[1977]	67	68	-17	-6	-2	6	det1=true
[1978]	68	68	-33	-16	-5	-2	det1=true
[1979]	68	68	-35	-16	-5	2	det1=true
[1980]	17	65	-4	-1	-3	-1	det1=true
[1981]	17	65	-5	-1	-3	1	det1=true
[1982]	17	65	-3	-2	-1	-3	det1=true
[1983]	17	65	-6	-2	-1	3	det1=true
[1984]	45	65	-8	-3	-1	-5	det1=true
[1985]	45	65	-13	-3	-1	5	det1=true
[1986]	50	65	-21	-5	-4	-3	det1=true
[1987]	50	65	-24	-5	-4	3	det1=true
[1988]	51	65	-20	-2	-1	-5	det1=true
[1989]	51	65	-25	-2	-1	5	det1=true
[1990]	53	65	-24	-8	-4	-3	det1=true
[1991]	53	65	-27	-8	-4	3	det1=true
[1992]	54	65	-25	-24	-2	-4	det1=true
[1993]	54	65	-29	-24	-2	4	det1=true
[1994]	56	65	-21	-3	-5	-2	det1=true
[1995]	59	65	-17	-3	-4	-4	det1=true
[1996]	59	65	-21	-3	-4	4	det1=true
[1997]	61	65	-26	-8	-5	-2	det1=true
[1998]	62	65	-23	-18	-5	2	det1=true
[1999]	63	65	-28	-13	-5	2	det1=true
[2000]	29	66	-7	0	-1	-4	det1=true
[2001]	29	66	-11	0	-1	4	det1=true
[2002]	50	66	-18	-13	-4	-3	det1=true
[2003]	50	66	-21	-13	-4	3	det1=true
[2004]	54	66	-15	-11	-5	-2	det1=true
[2005]	54	66	-17	-11	-5	2	det1=true
[2006]	61	66	-3	-1	-1	-6	det1=true
[2007]	17	67	-5	-4	-3	-1	det1=true
[2008]	17	67	-6	-4	-3	1	det1=true
[2009]	28	67	-6	1	-4	-1	det1=true
[2010]	29	67	-10	2	-4	-1	det1=true
[2011]	29	67	-11	2	-4	1	det1=true
[2012]	30	67	-9	-7	-1	-4	det1=true
[2013]	34	67	-9	0	-2	-4	det1=true
[2014]	34	67	-13	0	-2	4	det1=true
[2015]	45	67	-14	-3	-5	1	det1=true
[2016]	49	67	-16	-13	-5	1	det1=true
[2017]	54	67	-11	2	-4	-4	det1=true
[2018]	55	67	-19	-20	-1	-5	det1=true
[2019]	55	67	-24	-20	-1	5	det1=true
[2020]	61	67	-18	0	-3	-5	det1=true
[2021]	65	67	-23	-7	-5	-3	det1=true
[2022]	65	67	-26	-7	-5	3	det1=true
[2023]	65	67	-22	-8	-3	-5	det1=true
[2024]	65	67	-27	-8	-3	5	det1=true
[2025]	66	67	-15	-10	-1	-6	det1=true
[2026]	67	67	-28	-27	-1	-5	det1=true
[2027]	67	67	-27	-1	-5	-3	det1=true
[2028]	67	67	-30	-1	-5	3	det1=true
[2029]	67	67	-26	-14	-4	-4	det1=true
[2030]	67	67	-30	-14	-4	4	det1=true
[2031]	67	67	-12	0	-6	-2	det1=true
[2032]	67	67	-10	-2	-2	-6	det1=true
[2033]	67	67	-16	-2	-2	6	det1=true
[2034]	8	68	-1	0	-1	-2	det1=true
[2035]	8	68	-3	0	-1	2	det1=true
[2036]	22	68	-8	-1	-2	-3	det1=true
[2037]	22	68	-11	-1	-2	3	det1=true
[2038]	36	68	-14	-5	-2	-4	det1=true
[2039]	46	68	-17	-7	-3	-4	det1=true
[2040]	46	68	-21	-7	-3	4	det1=true
[2041]	51	68	-15	-5	-2	-5	det1=true
[2042]	59	68	-27	-3	-2	-5	det1=true
[2043]	59	68	-32	-3	-2	5	det1=true
[2044]	64	68	-23	-23	-2	-5	det1=true
[2045]	64	68	-28	-23	-2	5	det1=true
[2046]	67	68	-13	-4	-6	-2	det1=true
[2047]	67	68	-15	-4	-6	2	det1=true
[2048]	22	65	-3	-2	-3	-2	det1=true
[2049]	23	65	-10	-2	-3	2	det1=true
[2050]	38	65	-18	-3	-4	2	det1=true
[2051]	49	65	-19	1	-5	-1	det1=true
[2052]	49	65	-20	1	-5	1	det1=true
[2053]	52	65	-21	-11	-3	-4	det1=true
[2054]	53	65	-16	-3	-5	-2	det1=true
[2055]	53	65	-18	-3	-5	2	det1=true
[2056]	54	65	-17	-1	-2	-5	det1=true
[2057]	54	65	-22	-1	-2	5	det1=true
[2058]	61	65	-28	-8	-5	2	det1=true
[2059]	62	65	-3	-2	-1	-6	det1=true
[2060]	62	65	-9	-2	-1	6	det1=true
[2061]	14	66	-5	-4	-2	-2	det1=true
[2062]	14	66	-7	-4	-2	2	det1=true
[2063]	41	66	-1	0	-3	-4	det1=true
[2064]	41	66	-5	0	-3	4	det1=true
[2065]	48	66	-5	0	-5	-2	det1=true
[2066]	48	66	-7	0	-5	2	det1=true
[2067]	53	66	-5	2	-4	-4	det1=true
[2068]	53	66	-9	2	-4	4	det1=true
[2069]	30	67	-13	-7	-1	4	det1=true
[2070]	35	67	-15	-10	-3	-3	det1=true
[2071]	35	67	-18	-10	-3	3	det1=true
[2072]	45	67	-12	-1	-1	-5	det1=true
[2073]	45	67	-17	-1	-1	5	det1=true
[2074]	45	67	-15	-7	-1	5	det1=true
[2075]	49	67	-10	0	-2	-5	det1=true
[2076]	49	67	-15	0	-2	5	det1=true
[2077]	51	67	-18	1	-5	2	det1=true
[2078]	54	67	-10	-3	-4	-4	det1=true
[2079]	54	67	-14	-3	-4	4	det1=true
[2080]	55	67	-22	-3	-5	-2	det1=true
[2081]	61	67	-9	0	-6	-1	det1=true
[2082]	61	67	-10	0	-6	1	det1=true
[2083]	63	67	-27	-14	-2	-5	det1=true
[2084]	63	67	-32	-14	-2	5	det1=true
[2085]	65	67	-16	-2	-1	-6	det1=true
[2086]	65	67	-22	-2	-1	6	det1=true
[2087]	67	67	-33	-27	-1	5	det1=true
[2088]	44	68	-15	-3	-4	-3	det1=true
[2089]	44	68	-18	-3	-4	3	det1=true
[2090]	47	68	-18	-9	-4	-3	det1=true
[2091]	51	68	-20	-5	-2	5	det1=true
[2092]	59	68	-4	1	-6	-1	det1=true
[2093]	68	68	-16	-11	-2	6	det1=true
[2094]	23	65	-8	-2	-3	-2	det1=true
[2095]	49	65	-16	-8	-5	-1	det1=true
[2096]	49	65	-17	-8	-5	1	det1=true
[2097]	51	65	-12	-2	-5	-2	det1=true
[2098]	51	65	-14	-2	-5	2	det1=true
[2099]	54	65	-13	-11	-2	-5	det1=true
[2100]	54	65	-18	-11	-2	5	det1=true
[2101]	57	65	-3	-2	-5	-3	det1=true
[2102]	61	65	-13	-7	-5	-3	det1=true
[2103]	61	65	-16	-7	-5	3	det1=true
[2104]	61	65	-12	-8	-3	-5	det1=true
[2105]	61	65	-17	-8	-3	5	det1=true
[2106]	62	65	-21	-18	-5	-2	det1=true
[2107]	63	65	-26	-13	-5	-2	det1=true
[2108]	65	65	-29	-21	-5	-1	det1=true
[2109]	65	65	-30	-21	-5	1	det1=true
[2110]	32	66	-11	-10	-1	-4	det1=true
[2111]	32	66	-15	-10	-1	4	det1=true
[2112]	52	66	-15	1	-2	-5	det1=true
[2113]	52	66	-20	1	-2	5	det1=true
[2114]	61	66	-25	-11	-2	-5	det1=true
[2115]	61	66	-22	1	-4	-4	det1=true
[2116]	61	66	-26	1	-4	4	det1=true
[2117]	61	66	-9	-1	-1	6	det1=true
[2118]	63	66	-29	-9	-5	-2	det1=true
[2119]	63	66	-31	-9	-5	2	det1=true
[2120]	28	67	-7	1	-4	1	det1=true
[2121]	45	67	-10	-7	-1	-5	det1=true
[2122]	51	67	-16	-16	-1	-5	det1=true
[2123]	51	67	-16	1	-5	-2	det1=true
[2124]	55	67	-21	-18	-5	-1	det1=true
[2125]	55	67	-22	-18	-5	1	det1=true
[2126]	57	67	-17	-1	-4	-4	det1=true
[2127]	57	67	-21	-1	-4	4	det1=true
[2128]	61	67	-19	1	-5	-3	det1=true
[2129]	61	67	-22	1	-5	3	det1=true
[2130]	62	67	-29	-21	-4	-3	det1=true
[2131]	62	67	-32	-21	-4	3	det1=true
[2132]	67	67	-21	-15	-3	-5	det1=true
[2133]	67	67	-26	-15	-3	5	det1=true
[2134]	67	67	-19	-8	-6	-1	det1=true
[2135]	67	67	-20	-8	-6	1	det1=true
[2136]	51	68	-21	1	-2	5	det1=true
[2137]	57	68	-23	-9	-2	-5	det1=true
[2138]	57	68	-28	-9	-2	5	det1=true
[2139]	68	68	-10	-11	-2	-6	det1=true
[2140]	68	68	-10	-5	-4	-5	det1=true
[2141]	68	68	-15	-5	-4	5	det1=true
[2142]	46	65	-15	-1	-3	-4	det1=true
[2143]	46	65	-19	-1	-3	4	det1=true
[2144]	52	65	-25	-11	-3	4	det1=true
[2145]	52	65	-11	-8	-5	-2	det1=true
[2146]	52	65	-13	-8	-5	2	det1=true
[2147]	57	65	-6	-2	-5	3	det1=true
[2148]	47	66	-13	-12	-3	-4	det1=true
[2149]	47	66	-17	-12	-3	4	det1=true
[2150]	50	66	-11	-3	-5	-2	det1=true
[2151]	50	66	-13	-3	-5	2	det1=true
[2152]	61	66	-30	-11	-2	5	det1=true
[2153]	45	67	-14	1	-5	-1	det1=true
[2154]	45	67	-15	1	-5	1	det1=true
[2155]	49	67	-9	-4	-2	-5	det1=true
[2156]	49	67	-14	-4	-2	5	det1=true
[2157]	55	67	-24	-3	-5	2	det1=true
[2158]	55	67	-21	-20	-4	-3	det1=true
[2159]	55	67	-24	-20	-4	3	det1=true
[2160]	59	67	-10	-10	-3	-5	det1=true
[2161]	59	67	-15	-10	-3	5	det1=true
[2162]	60	67	-27	-8	-5	-2	det1=true
[2163]	60	67	-29	-8	-5	2	det1=true
[2164]	64	67	-12	-9	-6	-1	det1=true
[2165]	64	67	-13	-9	-6	1	det1=true
[2166]	65	67	-18	-2	-6	-1	det1=true
[2167]	65	67	-19	-2	-6	1	det1=true
[2168]	66	67	-26	-21	-2	-5	det1=true
[2169]	66	67	-31	-21	-2	5	det1=true
[2170]	47	68	-19	-7	-4	-3	det1=true
[2171]	47	68	-22	-7	-4	3	det1=true
[2172]	53	68	-24	-3	-2	5	det1=true
[2173]	43	65	-8	1	-3	-4	det1=true
[2174]	43	65	-12	1	-3	4	det1=true
[2175]	49	65	-20	-1	-3	-4	det1=true
[2176]	49	65	-24	-1	-3	4	det1=true
[2177]	64	65	-7	-8	-1	-6	det1=true
[2178]	48	66	-4	1	-2	-5	det1=true
[2179]	48	66	-9	1	-2	5	det1=true
[2180]	56	66	-20	-7	-2	-5	det1=true
[2181]	57	66	-17	-15	-2	-5	det1=true
[2182]	57	66	-22	-15	-2	5	det1=true
[2183]	51	67	-18	-14	-5	-1	det1=true
[2184]	51	67	-17	-8	-2	5	det1=true
[2185]	41	68	-7	-2	-3	-4	det1=true
[2186]	46	68	1	1	-2	-5	det1=true
[2187]	46	68	-4	1	-2	5	det1=true
[2188]	47	68	-7	0	-5	-2	det1=true
[2189]	47	68	-9	0	-5	2	det1=true
[2190]	50	68	-12	-7	-2	-5	det1=true
[2191]	50	68	-17	-7	-2	5	det1=true
[2192]	68	68	-12	-9	-6	-2	det1=true
[2193]	68	68	-14	-9	-6	2	det1=true
[2194]	47	65	-15	-1	-5	-1	det1=true
[2195]	47	65	-16	-1	-5	1	det1=true
[2196]	57	65	-26	-9	-1	-5	det1=true
[2197]	57	65	-31	-9	-1	5	det1=true
[2198]	56	66	-25	-7	-2	5	det1=true
[2199]	33	67	-12	-13	-1	-4	det1=true
[2200]	33	67	-16	-13	-1	4	det1=true
[2201]	46	67	-16	-7	-4	-3	det1=true
[2202]	46	67	-19	-7	-4	3	det1=true
[2203]	53	67	-23	-14	-4	-3	det1=true
[2204]	53	67	-26	-14	-4	3	det1=true
[2205]	61	67	-17	-5	-3	-5	det1=true
[2206]	61	67	-22	-5	-3	5	det1=true
[2207]	61	68	-12	1	-6	-1	det1=true
[2208]	61	68	-13	1	-6	1	det1=true
[2209]	66	68	-29	-19	-5	-2	det1=true
[2210]	66	68	-31	-19	-5	2	det1=true
[2211]	51	65	-16	-13	-5	-1	det1=true
[2212]	51	65	-17	-13	-5	1	det1=true
[2213]	53	65	-23	-7	-5	-1	det1=true
[2214]	53	65	-24	-7	-5	1	det1=true
[2215]	64	65	-13	-8	-1	6	det1=true
[2216]	51	67	-12	-8	-2	-5	det1=true
[2217]	51	65	-17	-11	-1	-5	det1=true
[2218]	51	65	-22	-11	-1	5	det1=true
[2219]	53	65	-24	-4	-5	-1	det1=true
[2220]	53	65	-25	-4	-5	1	det1=true
[2221]	56	66	-25	-15	-3	-4	det1=true
[2222]	61	67	-14	-11	-5	-3	det1=true
[2223]	61	67	-17	-11	-5	3	det1=true
[2224]	44	68	-13	-7	-3	-4	det1=true
[2225]	44	68	-17	-7	-3	4	det1=true
[2226]	52	68	-22	-15	-4	-3	det1=true
[2227]	52	68	-25	-15	-4	3	det1=true
[2228]	56	68	-31	-15	-3	4	det1=true
[2229]	51	65	-19	-9	-5	-1	det1=true
[2230]	51	65	-20	-9	-5	1	det1=true
[2231]	65	65	-12	-6	-6	-1	det1=true
[2232]	65	65	-13	-6	-6	1	det1=true
[2233]	58	67	-25	-1	-2	-5	det1=true
[2234]	58	67	-30	-1	-2	5	det1=true
[2235]	59	67	-11	-9	-5	-3	det1=true
[2236]	59	67	-14	-9	-5	3	det1=true
[2237]	53	68	-21	-18	-3	-4	det1=true
[2238]	53	68	-25	-18	-3	4	det1=true
[2239]	68	68	-24	-3	-6	-1	det1=true
[2240]	68	68	-25	-3	-6	1	det1=true
[2241]	47	65	-14	-4	-5	-1	det1=true
[2242]	47	65	-15	-4	-5	1	det1=true
[2243]	49	65	-18	-8	-3	-4	det1=true
[2244]	49	65	-22	-8	-3	4	det1=true
[2245]	49	66	-11	-5	-2	5	det1=true
[2246]	47	65	-12	-6	-1	-5	det1=true
[2247]	47	65	-17	-6	-1	5	det1=true
[2248]	34	67	-15	-12	-1	-4	det1=true
[2249]	49	66	-6	-5	-2	-5	det1=true
[2250]	67	67	-26	-2	-3	-5	det1=true
[2251]	50	67	-23	-4	-3	-4	det1=true
[2252]	67	67	-22	-14	-5	-3	det1=true
[2253]	67	67	-25	-14	-5	3	det1=true
[2254]	58	66	-24	1	-2	-5	det1=true
[2255]	58	66	-29	1	-2	5	det1=true
[2256]	62	71	-26	-11	-4	-4	det1=true
[2257]	62	71	-30	-11	-4	4	det1=true
[2258]	21	72	-9	1	-2	-3	det1=true
[2259]	21	72	-12	1	-2	3	det1=true
[2260]	56	72	-20	-19	-2	-5	det1=true
[2261]	49	69	-22	-6	-5	-1	det1=true
[2262]	49	69	-23	-6	-5	1	det1=true
[2263]	54	69	-12	-7	-4	-4	det1=true
[2264]	54	69	-16	-7	-4	4	det1=true
[2265]	56	69	-24	-5	-2	-5	det1=true
[2266]	56	69	-29	-5	-2	5	det1=true
[2267]	58	69	-26	-7	-2	-5	det1=true
[2268]	58	69	-31	-7	-2	5	det1=true
[2269]	68	69	-19	-15	-6	-1	det1=true
[2270]	68	69	-20	-15	-6	1	det1=true
[2271]	69	69	-15	-4	-4	-5	det1=true
[2272]	69	69	-20	-4	-4	5	det1=true
[2273]	71	71	-9	-6	-6	-3	det1=true
[2274]	71	71	-12	-6	-6	3	det1=true
[2275]	61	72	-8	3	-6	-2	det1=true
[2276]	61	72	-10	3	-6	2	det1=true
[2277]	69	72	-23	-6	-6	-2	det1=true
[2278]	69	72	-25	-6	-6	2	det1=true
[2279]	71	72	-23	-12	-6	-2	det1=true
[2280]	71	72	-21	-14	-2	-6	det1=true
[2281]	71	72	-27	-14	-2	6	det1=true
[2282]	49	69	-17	-14	-5	-1	det1=true
[2283]	53	69	-10	-6	-4	-4	det1=true
[2284]	53	69	-14	-6	-4	4	det1=true
[2285]	65	69	-18	-7	-1	-6	det1=true
[2286]	65	69	-24	-7	-1	6	det1=true
[2287]	65	69	-16	-12	-6	-1	det1=true
[2288]	65	69	-17	-12	-6	1	det1=true
[2289]	27	70	-7	1	-4	-1	det1=true
[2290]	27	70	-8	1	-4	1	det1=true
[2291]	62	70	-11	-12	-1	-6	det1=true
[2292]	62	70	-17	-12	-1	6	det1=true
[2293]	70	70	-28	-7	-6	-1	det1=true
[2294]	41	71	-10	-7	-3	-4	det1=true
[2295]	41	71	-14	-7	-3	4	det1=true
[2296]	57	71	-18	1	-5	-3	det1=true
[2297]	57	71	-21	1	-5	3	det1=true
[2298]	57	71	-15	-8	-5	-3	det1=true
[2299]	57	71	-18	-8	-5	3	det1=true
[2300]	65	71	-28	-3	-3	-5	det1=true
[2301]	65	71	-33	-3	-3	5	det1=true
[2302]	69	71	-31	-17	-4	-4	det1=true
[2303]	69	71	-4	1	-3	-6	det1=true
[2304]	69	71	-10	1	-3	6	det1=true
[2305]	26	72	-5	-1	-4	-1	det1=true
[2306]	26	72	-6	-1	-4	1	det1=true
[2307]	56	72	-23	-15	-2	-5	det1=true
[2308]	56	72	-28	-15	-2	5	det1=true
[2309]	69	72	-21	-8	-2	-6	det1=true
[2310]	69	72	-27	-8	-2	6	det1=true
[2311]	69	72	-17	-11	-4	-5	det1=true
[2312]	69	72	-22	-11	-4	5	det1=true
[2313]	71	72	-25	-12	-6	2	det1=true
[2314]	27	69	-5	2	-4	-1	det1=true
[2315]	27	69	-6	2	-4	1	det1=true
[2316]	49	69	-20	-8	-1	-5	det1=true
[2317]	49	69	-18	-14	-5	1	det1=true
[2318]	50	69	1	2	-4	-4	det1=true
[2319]	50	69	-3	2	-4	4	det1=true
[2320]	55	69	-23	-18	-1	-5	det1=true
[2321]	55	69	-28	-18	-1	5	det1=true
[2322]	63	69	-28	-17	-5	-2	det1=true
[2323]	65	69	-32	-28	-1	5	det1=true
[2324]	40	70	-6	-5	-4	-3	det1=true
[2325]	40	70	-9	-5	-4	3	det1=true
[2326]	64	70	-11	-2	-6	-2	det1=true
[2327]	64	70	-13	-2	-6	2	det1=true
[2328]	65	70	-18	-13	-6	1	det1=true
[2329]	68	70	-27	-1	-6	-1	det1=true
[2330]	68	70	-28	-1	-6	1	det1=true
[2331]	23	71	-10	-9	-3	-2	det1=true
[2332]	23	71	-12	-9	-3	2	det1=true
[2333]	29	71	-12	-5	-1	-4	det1=true
[2334]	29	71	-16	-5	-1	4	det1=true
[2335]	30	71	-13	-8	-1	-4	det1=true
[2336]	30	71	-17	-8	-1	4	det1=true
[2337]	38	71	0	1	-4	-3	det1=true
[2338]	38	71	-3	1	-4	3	det1=true
[2339]	41	71	-12	-3	-3	-4	det1=true
[2340]	41	71	-16	-3	-3	4	det1=true
[2341]	48	71	-11	-9	-2	-5	det1=true
[2342]	48	71	-16	-9	-2	5	det1=true
[2343]	54	71	-23	-9	-5	-2	det1=true
[2344]	54	71	-25	-9	-5	2	det1=true
[2345]	62	71	-25	-22	-5	-2	det1=true
[2346]	62	71	-27	-22	-5	2	det1=true
[2347]	63	71	-8	-6	-6	-2	det1=true
[2348]	63	71	-10	-6	-6	2	det1=true
[2349]	64	71	-16	-7	-2	6	det1=true
[2350]	65	71	-9	-6	-4	-5	det1=true
[2351]	65	71	-14	-6	-4	5	det1=true
[2352]	67	71	-24	-10	-6	-1	det1=true
[2353]	67	71	-25	-10	-6	1	det1=true
[2354]	69	71	-24	-13	-1	-6	det1=true
[2355]	69	71	-30	-13	-1	6	det1=true
[2356]	69	71	-17	-8	-4	-5	det1=true
[2357]	69	71	-22	-8	-4	5	det1=true
[2358]	69	71	-16	-10	-5	-4	det1=true
[2359]	69	71	-20	-10	-5	4	det1=true
[2360]	70	71	-23	-17	-1	-6	det1=true
[2361]	70	71	-29	-17	-1	6	det1=true
[2362]	70	71	-7	-3	-3	-6	det1=true
[2363]	70	71	-13	-3	-3	6	det1=true
[2364]	46	72	-11	-1	-2	-5	det1=true
[2365]	46	72	-16	-1	-2	5	det1=true
[2366]	47	72	-15	1	-5	-2	det1=true
[2367]	47	72	-17	1	-5	2	det1=true
[2368]	62	72	-11	0	-6	-2	det1=true
[2369]	62	72	-13	0	-6	2	det1=true
[2370]	67	72	-31	-23	-2	-5	det1=true
[2371]	67	72	-36	-23	-2	5	det1=true
[2372]	67	72	-17	-3	-4	-5	det1=true
[2373]	67	72	-22	-3	-4	5	det1=true
[2374]	68	72	-18	-11	-2	-6	det1=true
[2375]	68	72	-24	-11	-2	6	det1=true
[2376]	72	72	-25	-1	-4	-5	det1=true
[2377]	29	69	-4	-4	-3	-3	det1=true
[2378]	32	69	-5	-2	-4	-2	det1=true
[2379]	32	69	-7	-2	-4	2	det1=true
[2380]	32	69	-4	-3	-2	-4	det1=true
[2381]	32	69	-8	-3	-2	4	det1=true
[2382]	36	69	-16	-1	-2	-4	det1=true
[2383]	36	69	-20	-1	-2	4	det1=true
[2384]	43	69	-15	2	-4	-3	det1=true
[2385]	43	69	-18	2	-4	3	det1=true
[2386]	45	69	-16	-3	-5	-1	det1=true
[2387]	45	69	-17	-3	-5	1	det1=true
[2388]	45	69	-14	-5	-1	-5	det1=true
[2389]	45	69	-19	-5	-1	5	det1=true
[2390]	46	69	-7	-1	-5	2	det1=true
[2391]	51	69	-22	-12	-5	-1	det1=true
[2392]	51	69	-23	-12	-5	1	det1=true
[2393]	51	69	-25	-14	-1	5	det1=true
[2394]	51	69	-14	-10	-2	-5	det1=true
[2395]	51	69	-19	-10	-2	5	det1=true
[2396]	53	69	-20	-4	-2	-5	det1=true
[2397]	53	69	-25	-4	-2	5	det1=true
[2398]	53	69	-20	-7	-5	-2	det1=true
[2399]	53	69	-22	-7	-5	2	det1=true
[2400]	55	69	-17	-16	-2	-5	det1=true
[2401]	55	69	-22	-16	-2	5	det1=true
[2402]	57	69	-24	-11	-5	-2	det1=true
[2403]	57	69	-26	-11	-5	2	det1=true
[2404]	61	69	-25	-25	-1	-5	det1=true
[2405]	61	69	-30	-25	-1	5	det1=true
[2406]	61	69	-15	-14	-5	-3	det1=true
[2407]	63	69	-29	-23	-1	-5	det1=true
[2408]	63	69	-34	-23	-1	5	det1=true
[2409]	63	69	-30	-17	-5	2	det1=true
[2410]	64	69	-27	-20	-5	-2	det1=true
[2411]	64	69	-29	-20	-5	2	det1=true
[2412]	65	69	-27	-28	-1	-5	det1=true
[2413]	41	70	-11	-1	-3	-4	det1=true
[2414]	51	70	-24	-13	-4	-3	det1=true
[2415]	51	70	-27	-13	-4	3	det1=true
[2416]	64	70	-9	-4	-2	-6	det1=true
[2417]	64	70	-15	-4	-2	6	det1=true
[2418]	65	70	-17	-13	-6	-1	det1=true
[2419]	70	70	-29	-7	-6	1	det1=true
[2420]	8	71	-3	-3	-1	-2	det1=true
[2421]	8	71	-5	-3	-1	2	det1=true
[2422]	27	71	-6	-4	-1	-4	det1=true
[2423]	27	71	-10	-4	-1	4	det1=true
[2424]	43	71	-17	-2	-4	-3	det1=true
[2425]	44	71	-21	-20	-4	-2	det1=true
[2426]	44	71	-23	-20	-4	2	det1=true
[2427]	44	71	-19	-1	-4	-3	det1=true
[2428]	44	71	-22	-1	-4	3	det1=true
[2429]	44	71	-18	-5	-4	-3	det1=true
[2430]	44	71	-21	-5	-4	3	det1=true
[2431]	45	71	-17	-3	-1	-5	det1=true
[2432]	45	71	-6	-2	-5	-2	det1=true
[2433]	45	71	-8	-2	-5	2	det1=true
[2434]	47	71	-19	-8	-1	-5	det1=true
[2435]	47	71	-24	-8	-1	5	det1=true
[2436]	63	71	-28	-20	-5	-2	det1=true
[2437]	63	71	-30	-20	-5	2	det1=true
[2438]	64	71	-25	-8	-1	6	det1=true
[2439]	64	71	-12	-5	-6	-2	det1=true
[2440]	64	71	-14	-5	-6	2	det1=true
[2441]	65	71	-22	-8	-6	-1	det1=true
[2442]	65	71	-23	-8	-6	1	det1=true
[2443]	70	71	-5	-6	-3	-6	det1=true
[2444]	70	71	-11	-6	-3	6	det1=true
[2445]	71	71	-26	2	-6	-2	det1=true
[2446]	71	71	-28	2	-6	2	det1=true
[2447]	71	71	-20	-14	-6	-2	det1=true
[2448]	71	71	-22	-14	-6	2	det1=true
[2449]	28	72	-13	1	-4	-1	det1=true
[2450]	28	72	-14	1	-4	1	det1=true
[2451]	32	72	-11	0	-4	-2	det1=true
[2452]	32	72	-13	0	-4	2	det1=true
[2453]	48	72	-17	0	-5	-2	det1=true
[2454]	58	72	-23	-19	-2	-5	det1=true
[2455]	58	72	-28	-19	-2	5	det1=true
[2456]	63	72	-12	1	-2	-6	det1=true
[2457]	63	72	-18	1	-2	6	det1=true
[2458]	63	72	-9	-8	-2	-6	det1=true
[2459]	64	72	-11	-2	-5	-4	det1=true
[2460]	64	72	-15	-2	-5	4	det1=true
[2461]	66	72	-20	3	-6	-2	det1=true
[2462]	66	72	-22	3	-6	2	det1=true
[2463]	68	72	-5	1	-6	-3	det1=true
[2464]	68	72	-8	1	-6	3	det1=true
[2465]	70	72	-7	-8	-3	-6	det1=true
[2466]	70	72	-13	-8	-3	6	det1=true
[2467]	72	72	-30	-1	-4	5	det1=true
[2468]	8	69	-3	1	-2	-1	det1=true
[2469]	8	69	-4	1	-2	1	det1=true
[2470]	40	69	-6	-1	-4	-3	det1=true
[2471]	40	69	-9	-1	-4	3	det1=true
[2472]	41	69	-4	0	-5	-1	det1=true
[2473]	41	69	-2	-2	-1	-5	det1=true
[2474]	41	69	-7	-2	-1	5	det1=true
[2475]	46	69	-5	-1	-5	-2	det1=true
[2476]	47	69	-20	-2	-5	-1	det1=true
[2477]	47	69	-21	-2	-5	1	det1=true
[2478]	47	69	-18	-4	-1	-5	det1=true
[2479]	47	69	-23	-4	-1	5	det1=true
[2480]	48	69	-16	-1	-2	5	det1=true
[2481]	49	69	-22	-9	-3	-4	det1=true
[2482]	49	69	-26	-9	-3	4	det1=true
[2483]	49	69	-14	-3	-5	-2	det1=true
[2484]	51	69	-20	-14	-1	-5	det1=true
[2485]	53	69	-20	-14	-2	5	det1=true
[2486]	55	69	-25	-16	-5	-1	det1=true
[2487]	55	69	-26	-16	-5	1	det1=true
[2488]	58	69	-21	-17	-2	-5	det1=true
[2489]	58	69	-26	-17	-2	5	det1=true
[2490]	63	69	-31	-21	-5	-1	det1=true
[2491]	63	69	-32	-21	-5	1	det1=true
[2492]	64	69	-30	-25	-4	-3	det1=true
[2493]	64	69	-33	-25	-4	3	det1=true
[2494]	65	69	-29	-26	-5	-1	det1=true
[2495]	65	69	-30	-26	-5	1	det1=true
[2496]	69	69	-20	0	-6	-2	det1=true
[2497]	69	69	-22	0	-6	2	det1=true
[2498]	69	69	-14	-12	-6	-2	det1=true
[2499]	69	69	-16	-12	-6	2	det1=true
[2500]	30	70	-13	-6	-1	-4	det1=true
[2501]	30	70	-17	-6	-1	4	det1=true
[2502]	32	70	-17	-13	-1	4	det1=true
[2503]	41	70	-15	-1	-3	4	det1=true
[2504]	45	70	-2	-1	-2	-5	det1=true
[2505]	45	70	-7	-1	-2	5	det1=true
[2506]	55	70	-23	-13	-5	2	det1=true
[2507]	56	70	-23	-23	-3	-4	det1=true
[2508]	56	70	-27	-23	-3	4	det1=true
[2509]	70	70	-27	-3	-1	-6	det1=true
[2510]	70	70	-33	-3	-1	6	det1=true
[2511]	17	71	-8	-6	-3	-1	det1=true
[2512]	17	71	-9	-6	-3	1	det1=true
[2513]	31	71	-5	-1	-4	-2	det1=true
[2514]	31	71	-7	-1	-4	2	det1=true
[2515]	45	71	-22	-3	-1	5	det1=true
[2516]	45	71	-14	-11	-5	-1	det1=true
[2517]	45	71	-15	-11	-5	1	det1=true
[2518]	53	71	-5	-5	-3	-5	det1=true
[2519]	53	71	-10	-5	-3	5	det1=true
[2520]	55	71	-18	1	-3	5	det1=true
[2521]	55	71	-13	-3	-5	-3	det1=true
[2522]	55	71	-16	-3	-5	3	det1=true
[2523]	56	71	-25	-22	-3	-4	det1=true
[2524]	56	71	-29	-22	-3	4	det1=true
[2525]	58	71	-7	-5	-1	-6	det1=true
[2526]	58	71	-13	-5	-1	6	det1=true
[2527]	65	71	-32	-25	-5	-1	det1=true
[2528]	65	71	-33	-25	-5	1	det1=true
[2529]	68	71	-13	-11	-4	-5	det1=true
[2530]	68	71	-18	-11	-4	5	det1=true
[2531]	69	71	-30	-26	-5	-2	det1=true
[2532]	69	71	-32	-26	-5	2	det1=true
[2533]	70	71	-19	-8	-5	-4	det1=true
[2534]	70	71	-23	-8	-5	4	det1=true
[2535]	71	71	-56	-2	-4	-1	det1=true
[2536]	71	71	-28	-20	-5	-3	det1=true
[2537]	27	72	-7	-5	-1	-4	det1=true
[2538]	27	72	-11	-5	-1	4	det1=true
[2539]	32	72	-15	-13	-1	-4	det1=true
[2540]	34	72	-17	-4	-4	2	det1=true
[2541]	44	72	-4	1	-2	-5	det1=true
[2542]	44	72	-9	1	-2	5	det1=true
[2543]	44	72	-5	0	-5	-2	det1=true
[2544]	44	72	-7	0	-5	2	det1=true
[2545]	45	72	-8	-1	-2	-5	det1=true
[2546]	45	72	-13	-1	-2	5	det1=true
[2547]	61	72	-6	1	-2	-6	det1=true
[2548]	62	72	-9	-2	-2	-6	det1=true
[2549]	62	72	-15	-2	-2	6	det1=true
[2550]	68	72	-27	-2	-2	6	det1=true
[2551]	68	72	-20	-9	-6	-2	det1=true
[2552]	68	72	-22	-9	-6	2	det1=true
[2553]	31	69	-12	-10	-1	-4	det1=true
[2554]	41	69	-5	0	-5	1	det1=true
[2555]	49	69	-25	-8	-1	5	det1=true
[2556]	52	69	-19	1	-2	-5	det1=true
[2557]	52	69	-24	1	-2	5	det1=true
[2558]	53	69	-15	-14	-2	-5	det1=true
[2559]	60	69	-27	-11	-2	-5	det1=true
[2560]	60	69	-32	-11	-2	5	det1=true
[2561]	61	69	-27	-23	-5	-1	det1=true
[2562]	61	69	-18	-14	-5	3	det1=true
[2563]	65	69	-4	-3	-5	-4	det1=true
[2564]	65	69	-8	-3	-5	4	det1=true
[2565]	47	70	-16	-15	-4	-3	det1=true
[2566]	47	70	-19	-15	-4	3	det1=true
[2567]	51	70	-17	-7	-2	-5	det1=true
[2568]	51	70	-22	-7	-2	5	det1=true
[2569]	58	70	-7	-1	-6	-1	det1=true
[2570]	58	70	-8	-1	-6	1	det1=true
[2571]	61	70	-13	-7	-6	-1	det1=true
[2572]	61	70	-14	-7	-6	1	det1=true
[2573]	64	70	-9	-1	-5	4	det1=true
[2574]	20	71	-3	0	-3	-2	det1=true
[2575]	20	71	-5	0	-3	2	det1=true
[2576]	31	71	-14	-3	-3	-3	det1=true
[2577]	31	71	-17	-3	-3	3	det1=true
[2578]	36	71	-14	-11	-2	-4	det1=true
[2579]	43	71	-20	-2	-4	3	det1=true
[2580]	45	71	-19	-1	-5	-1	det1=true
[2581]	45	71	-20	-1	-5	1	det1=true
[2582]	45	71	-12	-13	-1	-5	det1=true
[2583]	45	71	-17	-13	-1	5	det1=true
[2584]	46	71	-21	-13	-3	4	det1=true
[2585]	47	71	-21	-6	-5	-1	det1=true
[2586]	47	71	-22	-6	-5	1	det1=true
[2587]	49	71	-14	-8	-2	-5	det1=true
[2588]	49	71	-19	-8	-2	5	det1=true
[2589]	55	71	-13	1	-3	-5	det1=true
[2590]	59	71	-17	-11	-5	-3	det1=true
[2591]	59	71	-20	-11	-5	3	det1=true
[2592]	60	71	-23	-21	-2	-5	det1=true
[2593]	60	71	-28	-21	-2	5	det1=true
[2594]	62	71	-21	-9	-1	6	det1=true
[2595]	64	71	-19	-8	-1	-6	det1=true
[2596]	64	71	-10	-7	-2	-6	det1=true
[2597]	65	71	-16	2	-5	4	det1=true
[2598]	67	71	-20	-15	-1	-6	det1=true
[2599]	71	71	-31	-20	-5	3	det1=true
[2600]	20	72	-5	0	-3	-2	det1=true
[2601]	20	72	-7	0	-3	2	det1=true
[2602]	31	72	-19	-10	-1	4	det1=true
[2603]	34	72	-15	-4	-4	-2	det1=true
[2604]	38	72	-17	-14	-4	-2	det1=true
[2605]	38	72	-19	-14	-4	2	det1=true
[2606]	52	72	-23	-4	-5	-2	det1=true
[2607]	52	72	-25	-4	-5	2	det1=true
[2608]	63	72	-11	-6	-6	-2	det1=true
[2609]	63	72	-13	-6	-6	2	det1=true
[2610]	63	72	-15	-8	-2	6	det1=true
[2611]	68	72	-21	-2	-2	-6	det1=true
[2612]	28	69	-10	-1	-4	1	det1=true
[2613]	33	69	-10	2	-4	-2	det1=true
[2614]	33	69	-12	2	-4	2	det1=true
[2615]	33	69	-9	1	-2	-4	det1=true
[2616]	33	69	-13	1	-2	4	det1=true
[2617]	48	69	-11	-1	-2	-5	det1=true
[2618]	49	69	-16	-3	-5	2	det1=true
[2619]	50	69	-17	2	-5	-2	det1=true
[2620]	50	69	-19	2	-5	2	det1=true
[2621]	55	69	-13	-3	-3	5	det1=true
[2622]	28	70	-9	-2	-1	-4	det1=true
[2623]	28	70	-13	-2	-1	4	det1=true
[2624]	54	70	-23	-1	-2	-5	det1=true
[2625]	54	70	-28	-1	-2	5	det1=true
[2626]	55	70	-21	-13	-5	-2	det1=true
[2627]	59	70	-7	-6	-1	-6	det1=true
[2628]	59	70	-13	-6	-1	6	det1=true
[2629]	64	70	-5	-1	-5	-4	det1=true
[2630]	67	70	-26	3	-6	-1	det1=true
[2631]	67	70	-27	3	-6	1	det1=true
[2632]	67	70	-22	-11	-6	-1	det1=true
[2633]	67	70	-23	-11	-6	1	det1=true
[2634]	68	70	-19	-4	-6	-2	det1=true
[2635]	68	70	-21	-4	-6	2	det1=true
[2636]	68	70	-17	-6	-2	-6	det1=true
[2637]	68	70	-23	-6	-2	6	det1=true
[2638]	46	71	-21	-5	-3	-4	det1=true
[2639]	46	71	-25	-5	-3	4	det1=true
[2640]	46	71	-17	-13	-3	-4	det1=true
[2641]	47	71	-12	-4	-5	-2	det1=true
[2642]	47	71	-14	-4	-5	2	det1=true
[2643]	48	71	-19	-15	-3	-4	det1=true
[2644]	48	71	-23	-15	-3	4	det1=true
[2645]	50	71	-18	-1	-2	-5	det1=true
[2646]	50	71	-23	-1	-2	5	det1=true
[2647]	53	71	-6	-4	-5	-3	det1=true
[2648]	53	71	-9	-4	-5	3	det1=true
[2649]	57	71	-17	0	-3	-5	det1=true
[2650]	57	71	-22	0	-3	5	det1=true
[2651]	60	71	-16	3	-6	-1	det1=true
[2652]	60	71	-17	3	-6	1	det1=true
[2653]	61	71	-18	2	-6	-1	det1=true
[2654]	61	71	-19	2	-6	1	det1=true
[2655]	62	71	-15	-9	-1	-6	det1=true
[2656]	64	71	-17	-12	-1	-6	det1=true
[2657]	64	71	-23	-12	-1	6	det1=true
[2658]	65	71	-22	-1	-1	-6	det1=true
[2659]	65	71	-28	-1	-1	6	det1=true
[2660]	46	72	-11	-4	-5	-2	det1=true
[2661]	46	72	-13	-4	-5	2	det1=true
[2662]	54	72	-25	-15	-2	5	det1=true
[2663]	62	72	-3	-2	-5	-4	det1=true
[2664]	62	72	-7	-2	-5	4	det1=true
[2665]	63	72	-14	3	-6	-2	det1=true
[2666]	63	72	-16	3	-6	2	det1=true
[2667]	65	72	-14	-9	-6	-2	det1=true
[2668]	65	72	-16	-9	-6	2	det1=true
[2669]	65	72	-12	-11	-2	-6	det1=true
[2670]	65	72	-18	-11	-2	6	det1=true
[2671]	68	72	-23	0	-6	-2	det1=true
[2672]	68	72	-25	0	-6	2	det1=true
[2673]	69	72	-21	-2	-5	-4	det1=true
[2674]	69	72	-25	-2	-5	4	det1=true
[2675]	72	72	-24	-11	-2	-6	det1=true
[2676]	72	72	-30	-11	-2	6	det1=true
[2677]	48	69	-11	-4	-5	-2	det1=true
[2678]	49	69	-15	-16	-1	-5	det1=true
[2679]	49	69	-20	-16	-1	5	det1=true
[2680]	61	69	-28	-23	-5	1	det1=true
[2681]	47	70	-11	-2	-5	-2	det1=true
[2682]	48	70	-11	-7	-5	-2	det1=true
[2683]	49	70	-13	-7	-2	-5	det1=true
[2684]	49	70	-18	-7	-2	5	det1=true
[2685]	57	70	-21	-17	-5	-2	det1=true
[2686]	65	70	-21	-7	-6	-1	det1=true
[2687]	65	70	-22	-7	-6	1	det1=true
[2688]	66	70	-27	-7	-1	6	det1=true
[2689]	53	71	-24	-1	-5	-2	det1=true
[2690]	53	71	-26	-1	-5	2	det1=true
[2691]	59	71	-24	-18	-2	-5	det1=true
[2692]	59	71	-29	-18	-2	5	det1=true
[2693]	65	71	-12	2	-5	-4	det1=true
[2694]	27	72	-10	1	-4	-1	det1=true
[2695]	27	72	-11	1	-4	1	det1=true
[2696]	54	72	-20	-15	-2	-5	det1=true
[2697]	61	72	-12	1	-2	6	det1=true
[2698]	68	72	-29	-27	-5	-2	det1=true
[2699]	68	72	-31	-27	-5	2	det1=true
[2700]	30	69	-13	-3	-1	-4	det1=true
[2701]	30	69	-17	-3	-1	4	det1=true
[2702]	53	69	-22	1	-5	-2	det1=true
[2703]	53	69	-24	1	-5	2	det1=true
[2704]	54	69	-22	1	-2	-5	det1=true
[2705]	54	69	-27	1	-2	5	det1=true
[2706]	65	69	-6	1	-5	-4	det1=true
[2707]	65	69	-10	1	-5	4	det1=true
[2708]	52	70	-21	-3	-5	-2	det1=true
[2709]	52	70	-23	-3	-5	2	det1=true
[2710]	57	70	-23	-17	-5	2	det1=true
[2711]	57	70	-1	3	-6	-1	det1=true
[2712]	57	70	-2	3	-6	1	det1=true
[2713]	47	71	-10	-7	-5	-2	det1=true
[2714]	47	71	-12	-7	-5	2	det1=true
[2715]	65	71	-30	-27	-1	-5	det1=true
[2716]	65	71	-35	-27	-1	5	det1=true
[2717]	66	71	-13	-4	-5	-4	det1=true
[2718]	66	71	-17	-4	-5	4	det1=true
[2719]	66	69	-8	-3	-4	-5	det1=true
[2720]	66	69	-13	-3	-4	5	det1=true
[2721]	43	70	-16	-1	-4	-3	det1=true
[2722]	43	70	-19	-1	-4	3	det1=true
[2723]	43	70	-13	-8	-3	-4	det1=true
[2724]	43	70	-17	-8	-3	4	det1=true
[2725]	47	70	-13	-2	-5	2	det1=true
[2726]	48	70	-13	-7	-5	2	det1=true
[2727]	71	71	-18	-16	-2	-6	det1=true
[2728]	71	71	-24	-16	-2	6	det1=true
[2729]	59	70	-12	-5	0	-6	det1=true
[2730]	66	70	-21	-7	-1	-6	det1=true
[2731]	55	71	-14	2	-5	-3	det1=true
[2732]	68	71	-25	-7	-1	-6	det1=true
[2733]	68	71	-31	-7	-1	6	det1=true
[2734]	71	71	-33	-32	-4	-3	det1=true
[2735]	71	71	-36	-32	-4	3	det1=true
[2736]	72	72	-26	-9	-6	-2	det1=true
[2737]	72	72	-28	-9	-6	2	det1=true
[2738]	48	69	-13	-4	-5	2	det1=true
[2739]	58	70	-8	3	-6	-1	det1=true
[2740]	58	70	-9	3	-6	1	det1=true
[2741]	59	69	-6	-1	-1	-6	det1=true
[2742]	59	69	-12	-1	-1	6	det1=true
[2743]	56	70	-23	-11	-2	-5	det1=true
[2744]	56	70	-28	-11	-2	5	det1=true
[2745]	64	70	-27	-21	-2	-5	det1=true
[2746]	64	70	-32	-21	-2	5	det1=true
[2747]	55	71	-12	-4	-3	-5	det1=true
[2748]	55	71	-17	-4	-3	5	det1=true
[2749]	55	69	-9	-2	-5	-3	det1=true
[2750]	55	69	-12	-2	-5	3	det1=true
[2751]	46	70	-7	-1	-2	-5	det1=true
[2752]	46	70	-12	-1	-2	5	det1=true
[2753]	47	71	-12	0	-2	-5	det1=true
[2754]	47	71	-17	0	-2	5	det1=true
[2755]	40	72	-19	-16	-4	-2	det1=true
[2756]	40	72	-21	-16	-4	2	det1=true
[2757]	46	70	-7	-3	-5	-2	det1=true
[2758]	46	70	-9	-3	-5	2	det1=true
[2759]	6	72	0	1	-2	0	det1=true
[2760]	12	72	0	1	-2	-2	det1=true
[2761]	30	72	0	1	-2	-4	det1=true
[2762]	30	72	-4	1	-2	4	det1=true
[2763]	74	74	-28	-15	-6	-2	det1=true
[2764]	74	74	-30	-15	-6	2	det1=true
[2765]	74	74	-26	-17	-2	-6	det1=true
[2766]	74	74	-32	-17	-2	6	det1=true
[2767]	74	75	-31	-4	-5	-4	det1=true
[2768]	71	73	-25	-11	-6	-2	det1=true
[2769]	71	73	-27	-11	-6	2	det1=true
[2770]	73	73	-26	-14	-6	-2	det1=true
[2771]	73	73	-28	-14	-6	2	det1=true
[2772]	73	73	-24	-16	-2	-6	det1=true
[2773]	73	73	-30	-16	-2	6	det1=true
[2774]	69	74	-19	-13	-4	-5	det1=true
[2775]	69	74	-24	-13	-4	5	det1=true
[2776]	13	75	-2	1	-3	0	det1=true
[2777]	45	75	-19	-10	-1	-5	det1=true
[2778]	45	75	-24	-10	-1	5	det1=true
[2779]	75	75	-30	-14	-2	-6	det1=true
[2780]	75	75	-36	-14	-2	6	det1=true
[2781]	19	76	-5	1	-2	-3	det1=true
[2782]	19	76	-8	1	-2	3	det1=true
[2783]	42	76	-19	-6	-3	-4	det1=true
[2784]	42	76	-23	-6	-3	4	det1=true
[2785]	75	76	-30	-13	-4	-5	det1=true
[2786]	75	76	-35	-13	-4	5	det1=true
[2787]	26	73	-7	-1	-4	-1	det1=true
[2788]	26	73	-8	-1	-4	1	det1=true
[2789]	27	73	-4	1	-3	-3	det1=true
[2790]	27	73	-7	1	-3	3	det1=true
[2791]	63	73	-11	-9	-6	-2	det1=true
[2792]	63	73	-13	-9	-6	2	det1=true
[2793]	65	73	-27	-13	-3	-5	det1=true
[2794]	65	73	-32	-13	-3	5	det1=true
[2795]	67	73	-23	1	-6	-2	det1=true
[2796]	67	73	-25	1	-6	2	det1=true
[2797]	67	73	-21	-18	-6	-1	det1=true
[2798]	67	73	-22	-18	-6	1	det1=true
[2799]	67	73	-17	-13	-6	-2	det1=true
[2800]	67	73	-19	-13	-6	2	det1=true
[2801]	67	73	-15	-15	-2	-6	det1=true
[2802]	67	73	-21	-15	-2	6	det1=true
[2803]	72	73	-16	-7	-6	-3	det1=true
[2804]	58	74	-15	-5	-6	-1	det1=true
[2805]	58	74	-16	-5	-6	1	det1=true
[2806]	61	74	-25	-6	-1	6	det1=true
[2807]	61	74	-21	-5	-6	-1	det1=true
[2808]	63	74	-25	-20	-4	-4	det1=true
[2809]	63	74	-29	-20	-4	4	det1=true
[2810]	44	75	-18	-13	-4	-3	det1=true
[2811]	44	75	-21	-13	-4	3	det1=true
[2812]	61	75	-22	-6	-6	-1	det1=true
[2813]	65	75	-18	-5	-5	-4	det1=true
[2814]	65	75	-22	-5	-5	4	det1=true
[2815]	71	75	-23	-14	-4	-5	det1=true
[2816]	71	75	-28	-14	-4	5	det1=true
[2817]	72	75	-26	-11	-4	-5	det1=true
[2818]	72	75	-31	-11	-4	5	det1=true
[2819]	74	75	-31	-1	-4	-5	det1=true
[2820]	74	75	-36	-1	-4	5	det1=true
[2821]	75	75	-28	-15	-5	-4	det1=true
[2822]	75	75	-32	-15	-5	4	det1=true
[2823]	58	76	-6	-3	-2	-6	det1=true
[2824]	58	76	-12	-3	-2	6	det1=true
[2825]	59	76	-13	-15	-1	-6	det1=true
[2826]	59	76	-19	-15	-1	6	det1=true
[2827]	60	76	-9	-1	-4	-5	det1=true
[2828]	60	76	-14	-1	-4	5	det1=true
[2829]	65	76	-24	1	-6	-2	det1=true
[2830]	65	76	-26	1	-6	2	det1=true
[2831]	66	76	-19	-10	-5	-4	det1=true
[2832]	66	76	-23	-10	-5	4	det1=true
[2833]	70	76	-27	-12	-6	-2	det1=true
[2834]	70	76	-29	-12	-6	2	det1=true
[2835]	75	76	-29	-15	-4	-5	det1=true
[2836]	75	76	-34	-15	-4	5	det1=true
[2837]	76	76	-48	-9	-2	-5	det1=true
[2838]	76	76	-53	-9	-2	5	det1=true
[2839]	32	73	-10	-5	-2	-4	det1=true
[2840]	32	73	-14	-5	-2	4	det1=true
[2841]	41	73	-14	-5	-3	-4	det1=true
[2842]	41	73	-18	-5	-3	4	det1=true
[2843]	43	73	-1	0	-2	-5	det1=true
[2844]	43	73	-6	0	-2	5	det1=true
[2845]	48	73	-13	-11	-5	-2	det1=true
[2846]	48	73	-15	-11	-5	2	det1=true
[2847]	51	73	-5	0	-3	-5	det1=true
[2848]	51	73	-10	0	-3	5	det1=true
[2849]	56	73	-7	0	-1	-6	det1=true
[2850]	56	73	-13	0	-1	6	det1=true
[2851]	67	73	-27	-1	-2	6	det1=true
[2852]	68	73	-19	-12	-2	-6	det1=true
[2853]	68	73	-25	-12	-2	6	det1=true
[2854]	69	73	-22	-4	-5	-4	det1=true
[2855]	69	73	-26	-4	-5	4	det1=true
[2856]	72	73	-26	-3	-4	-5	det1=true
[2857]	72	73	-31	-3	-4	5	det1=true
[2858]	37	74	-5	1	-4	-3	det1=true
[2859]	37	74	-8	1	-4	3	det1=true
[2860]	39	74	-9	-7	-4	-3	det1=true
[2861]	39	74	-12	-7	-4	3	det1=true
[2862]	43	74	-5	1	-2	-5	det1=true
[2863]	43	74	-10	1	-2	5	det1=true
[2864]	44	74	-15	-15	-3	-4	det1=true
[2865]	44	74	-19	-15	-3	4	det1=true
[2866]	47	74	-15	-10	-5	2	det1=true
[2867]	71	74	-33	-9	-6	-1	det1=true
[2868]	71	74	-34	-9	-6	1	det1=true
[2869]	71	74	-21	-15	-5	-4	det1=true
[2870]	71	74	-25	-15	-5	4	det1=true
[2871]	41	75	-11	-9	-1	-5	det1=true
[2872]	41	75	-16	-9	-1	5	det1=true
[2873]	43	75	-17	-6	-1	-5	det1=true
[2874]	43	75	-22	-6	-1	5	det1=true
[2875]	43	75	-15	-11	-5	-1	det1=true
[2876]	43	75	-16	-11	-5	1	det1=true
[2877]	45	75	-21	-8	-5	-1	det1=true
[2878]	45	75	-22	-8	-5	1	det1=true
[2879]	45	75	-13	-2	-2	-5	det1=true
[2880]	45	75	-18	-2	-2	5	det1=true
[2881]	54	75	-22	-17	-2	-5	det1=true
[2882]	54	75	-27	-17	-2	5	det1=true
[2883]	59	75	-24	-8	-5	-3	det1=true
[2884]	59	75	-27	-8	-5	3	det1=true
[2885]	62	75	-9	-8	-5	-4	det1=true
[2886]	62	75	-13	-8	-5	4	det1=true
[2887]	63	75	-12	-8	-5	-4	det1=true
[2888]	63	75	-16	-8	-5	4	det1=true
[2889]	64	75	-17	1	-4	-5	det1=true
[2890]	64	75	-22	1	-4	5	det1=true
[2891]	66	75	-21	1	-5	-4	det1=true
[2892]	66	75	-25	1	-5	4	det1=true
[2893]	67	75	-20	-8	-4	-5	det1=true
[2894]	67	75	-25	-8	-4	5	det1=true
[2895]	67	75	-19	-10	-4	-5	det1=true
[2896]	67	75	-24	-10	-4	5	det1=true
[2897]	68	75	-23	-5	-5	-4	det1=true
[2898]	68	75	-27	-5	-5	4	det1=true
[2899]	71	75	-27	-4	-4	-5	det1=true
[2900]	71	75	-32	-4	-4	5	det1=true
[2901]	71	75	-20	-18	-4	-5	det1=true
[2902]	71	75	-25	-18	-4	5	det1=true
[2903]	74	75	-38	-27	-2	-5	det1=true
[2904]	58	76	-20	3	-6	-1	det1=true
[2905]	58	76	-21	3	-6	1	det1=true
[2906]	64	76	-18	-3	-4	-5	det1=true
[2907]	64	76	-23	-3	-4	5	det1=true
[2908]	75	76	-27	-28	-1	-6	det1=true
[2909]	75	76	-25	-21	-5	-4	det1=true
[2910]	75	76	-29	-21	-5	4	det1=true
[2911]	20	73	-5	-3	-2	-3	det1=true
[2912]	20	73	-8	-3	-2	3	det1=true
[2913]	37	73	0	0	-3	-4	det1=true
[2914]	37	73	-4	0	-3	4	det1=true
[2915]	40	73	-13	1	-3	-4	det1=true
[2916]	40	73	-17	1	-3	4	det1=true
[2917]	40	73	-11	-6	-3	-4	det1=true
[2918]	40	73	-15	-6	-3	4	det1=true
[2919]	43	73	-15	-5	-1	-5	det1=true
[2920]	45	73	-21	-2	-5	-1	det1=true
[2921]	45	73	-22	-2	-5	1	det1=true
[2922]	48	73	-16	-5	-2	-5	det1=true
[2923]	49	73	-22	-16	-3	-4	det1=true
[2924]	49	73	-6	-6	-4	-4	det1=true
[2925]	59	73	-22	-7	-5	-3	det1=true
[2926]	59	73	-25	-7	-5	3	det1=true
[2927]	61	73	-15	-12	-6	-1	det1=true
[2928]	64	73	-27	-25	-2	-5	det1=true
[2929]	64	73	-32	-25	-2	5	det1=true
[2930]	64	73	-18	3	-6	-2	det1=true
[2931]	64	73	-20	3	-6	2	det1=true
[2932]	32	74	-13	-2	-4	-2	det1=true
[2933]	32	74	-15	-2	-4	2	det1=true
[2934]	39	74	-15	-1	-4	3	det1=true
[2935]	44	74	-9	-3	-5	-2	det1=true
[2936]	44	74	-11	-3	-5	2	det1=true
[2937]	47	74	-13	-10	-5	-2	det1=true
[2938]	49	74	-27	-16	-3	4	det1=true
[2939]	53	74	-22	-13	-2	-5	det1=true
[2940]	53	74	-27	-13	-2	5	det1=true
[2941]	61	74	-19	-6	-1	-6	det1=true
[2942]	62	74	-11	2	-5	-4	det1=true
[2943]	62	74	-15	2	-5	4	det1=true
[2944]	67	74	-29	-7	-6	-1	det1=true
[2945]	67	74	-30	-7	-6	1	det1=true
[2946]	73	74	-30	-19	-6	-1	det1=true
[2947]	73	74	-31	-19	-6	1	det1=true
[2948]	25	75	-6	2	-4	-1	det1=true
[2949]	25	75	-7	2	-4	1	det1=true
[2950]	31	75	-11	-3	-4	-2	det1=true
[2951]	31	75	-13	-3	-4	2	det1=true
[2952]	31	75	-10	-4	-2	-4	det1=true
[2953]	31	75	-14	-4	-2	4	det1=true
[2954]	32	75	-11	-8	-4	-2	det1=true
[2955]	32	75	-13	-8	-4	2	det1=true
[2956]	39	75	-10	-1	-5	-1	det1=true
[2957]	39	75	-11	-1	-5	1	det1=true
[2958]	41	75	-14	0	-1	-5	det1=true
[2959]	41	75	-19	0	-1	5	det1=true
[2960]	41	75	-13	-7	-5	-1	det1=true
[2961]	41	75	-14	-7	-5	1	det1=true
[2962]	44	75	-13	-3	-5	2	det1=true
[2963]	49	75	-22	-16	-1	-5	det1=true
[2964]	49	75	-27	-16	-1	5	det1=true
[2965]	51	75	-23	-6	-2	-5	det1=true
[2966]	51	75	-28	-6	-2	5	det1=true
[2967]	55	75	-22	-8	-4	-4	det1=true
[2968]	55	75	-26	-8	-4	4	det1=true
[2969]	59	75	-18	-17	-5	-3	det1=true
[2970]	59	75	-21	-17	-5	3	det1=true
[2971]	59	75	0	2	-4	-5	det1=true
[2972]	59	75	-5	2	-4	5	det1=true
[2973]	61	75	-8	-5	-5	-4	det1=true
[2974]	61	75	-12	-5	-5	4	det1=true
[2975]	64	75	-17	-2	-5	-4	det1=true
[2976]	64	75	-21	-2	-5	4	det1=true
[2977]	65	75	-16	-9	-5	-4	det1=true
[2978]	65	75	-2	1	-3	-6	det1=true
[2979]	67	75	-22	-3	-5	-4	det1=true
[2980]	68	75	-22	-7	-4	-5	det1=true
[2981]	68	75	-27	-7	-4	5	det1=true
[2982]	69	75	-25	2	-4	-5	det1=true
[2983]	69	75	-30	2	-4	5	det1=true
[2984]	72	75	-25	-13	-4	-5	det1=true
[2985]	72	75	-30	-13	-4	5	det1=true
[2986]	73	75	-33	-32	-2	-5	det1=true
[2987]	73	75	-38	-32	-2	5	det1=true
[2988]	73	75	-24	-17	-5	-4	det1=true
[2989]	73	75	-7	-2	-7	-1	det1=true
[2990]	73	75	-8	-2	-7	1	det1=true
[2991]	19	76	-7	-1	-3	2	det1=true
[2992]	31	76	-9	-8	-4	-2	det1=true
[2993]	31	76	-11	-8	-4	2	det1=true
[2994]	42	76	-7	1	-5	-2	det1=true
[2995]	42	76	-9	1	-5	2	det1=true
[2996]	42	76	-5	-3	-5	-2	det1=true
[2997]	43	76	-23	-10	-3	4	det1=true
[2998]	52	76	-21	-16	-5	-2	det1=true
[2999]	52	76	-23	-16	-5	2	det1=true
[3000]	56	76	-11	-8	-1	-6	det1=true
[3001]	56	76	-17	-8	-1	6	det1=true
[3002]	57	76	-15	-4	-1	-6	det1=true
[3003]	57	76	-21	-4	-1	6	det1=true
[3004]	59	76	-10	-1	-2	-6	det1=true
[3005]	59	76	-16	-1	-2	6	det1=true
[3006]	61	76	-17	2	-6	-2	det1=true
[3007]	61	76	-19	2	-6	2	det1=true
[3008]	63	76	-20	-3	-6	-2	det1=true
[3009]	63	76	-22	-3	-6	2	det1=true
[3010]	67	76	-21	-9	-4	-5	det1=true
[3011]	67	76	-26	-9	-4	5	det1=true
[3012]	74	76	-61	-1	-4	-1	det1=true
[3013]	74	76	-62	-1	-4	1	det1=true
[3014]	74	76	-27	-20	-6	-2	det1=true
[3015]	74	76	-29	-20	-6	2	det1=true
[3016]	76	76	-31	-18	-6	-2	det1=true
[3017]	76	76	-33	-18	-6	2	det1=true
[3018]	37	73	-16	-14	-4	-2	det1=true
[3019]	37	73	-18	-14	-4	2	det1=true
[3020]	37	73	-1	2	-4	-3	det1=true
[3021]	37	73	-4	2	-4	3	det1=true
[3022]	54	73	-23	-13	-5	-2	det1=true
[3023]	61	73	-24	-24	-2	-5	det1=true
[3024]	61	73	-29	-24	-2	5	det1=true
[3025]	62	73	-29	-28	-3	-4	det1=true
[3026]	62	73	-33	-28	-3	4	det1=true
[3027]	65	73	-27	2	-6	-1	det1=true
[3028]	65	73	-28	2	-6	1	det1=true
[3029]	67	73	-18	-6	-5	-4	det1=true
[3030]	68	73	-21	-10	-6	-2	det1=true
[3031]	68	73	-23	-10	-6	2	det1=true
[3032]	69	73	-33	-11	-5	-3	det1=true
[3033]	69	73	-36	-11	-5	3	det1=true
[3034]	71	73	-31	-19	-5	-3	det1=true
[3035]	71	73	-34	-19	-5	3	det1=true
[3036]	26	74	-10	1	-4	1	det1=true
[3037]	37	74	-4	-1	0	-5	det1=true
[3038]	39	74	-12	-1	-4	-3	det1=true
[3039]	47	74	-19	-17	-3	-4	det1=true
[3040]	47	74	-23	-17	-3	4	det1=true
[3041]	51	74	-23	-6	-5	-2	det1=true
[3042]	51	74	-25	-6	-5	2	det1=true
[3043]	64	74	-15	-10	-6	-2	det1=true
[3044]	64	74	-17	-10	-6	2	det1=true
[3045]	68	74	-36	-27	-2	5	det1=true
[3046]	71	74	-31	-10	-1	-6	det1=true
[3047]	71	74	-37	-10	-1	6	det1=true
[3048]	71	74	-23	-12	-5	-4	det1=true
[3049]	71	74	-27	-12	-5	4	det1=true
[3050]	72	74	-23	-18	-6	-2	det1=true
[3051]	72	74	-25	-18	-6	2	det1=true
[3052]	72	74	-27	-20	-2	6	det1=true
[3053]	74	74	-28	-23	-6	-1	det1=true
[3054]	74	74	-29	-23	-6	1	det1=true
[3055]	25	75	-8	-2	-1	4	det1=true
[3056]	34	75	-14	-11	-4	-2	det1=true
[3057]	41	75	-16	-6	-3	-4	det1=true
[3058]	41	75	-20	-6	-3	4	det1=true
[3059]	43	75	-18	-1	-1	-5	det1=true
[3060]	43	75	-23	-1	-1	5	det1=true
[3061]	43	75	-13	-13	-1	-5	det1=true
[3062]	43	75	-18	-13	-1	5	det1=true
[3063]	49	75	-22	-2	-5	-2	det1=true
[3064]	49	75	-24	-2	-5	2	det1=true
[3065]	49	75	-17	-12	-2	-5	det1=true
[3066]	49	75	-22	-12	-2	5	det1=true
[3067]	59	75	-23	-9	-3	-5	det1=true
[3068]	59	75	-28	-9	-3	5	det1=true
[3069]	60	75	-7	2	-5	-4	det1=true
[3070]	65	75	-18	-4	-4	-5	det1=true
[3071]	66	75	-19	-7	-5	-4	det1=true
[3072]	66	75	-23	-7	-5	4	det1=true
[3073]	67	75	-26	-3	-5	4	det1=true
[3074]	69	75	-20	-14	-5	-4	det1=true
[3075]	69	75	-24	-14	-5	4	det1=true
[3076]	72	75	-30	1	-2	-6	det1=true
[3077]	72	75	-36	1	-2	6	det1=true
[3078]	73	75	-22	1	-3	-6	det1=true
[3079]	73	75	-28	1	-3	6	det1=true
[3080]	75	75	-37	-2	-4	5	det1=true
[3081]	25	76	-6	-3	-4	-1	det1=true
[3082]	41	76	-15	-10	-3	-4	det1=true
[3083]	42	76	-7	-3	-5	2	det1=true
[3084]	48	76	-20	-3	-2	-5	det1=true
[3085]	48	76	-25	-3	-2	5	det1=true
[3086]	55	76	-12	-3	-6	-1	det1=true
[3087]	55	76	-13	-3	-6	1	det1=true
[3088]	58	76	-17	-4	-1	-6	det1=true
[3089]	58	76	-23	-4	-1	6	det1=true
[3090]	58	76	-8	-1	-6	-2	det1=true
[3091]	58	76	-10	-1	-6	2	det1=true
[3092]	60	76	-9	-2	-5	-4	det1=true
[3093]	64	76	-28	-5	-6	-1	det1=true
[3094]	64	76	-29	-5	-6	1	det1=true
[3095]	65	76	-28	-11	-6	1	det1=true
[3096]	65	76	-23	-17	-6	-1	det1=true
[3097]	65	76	-24	-17	-6	1	det1=true
[3098]	66	76	-31	-3	-6	-1	det1=true
[3099]	66	76	-32	-3	-6	1	det1=true
[3100]	68	76	-28	-1	-6	-2	det1=true
[3101]	68	76	-30	-1	-6	2	det1=true
[3102]	68	76	-26	-3	-2	-6	det1=true
[3103]	69	76	-22	-13	-4	-5	det1=true
[3104]	69	76	-27	-13	-4	5	det1=true
[3105]	70	76	-25	-14	-2	-6	det1=true
[3106]	70	76	-31	-14	-2	6	det1=true
[3107]	70	76	-27	-21	-6	-1	det1=true
[3108]	70	76	-28	-21	-6	1	det1=true
[3109]	74	76	-31	-14	-6	-2	det1=true
[3110]	74	76	-33	-14	-6	2	det1=true
[3111]	76	76	-35	-20	-2	6	det1=true
[3112]	28	73	-9	-9	-1	-4	det1=true
[3113]	28	73	-13	-9	-1	4	det1=true
[3114]	32	73	-11	-4	-4	-2	det1=true
[3115]	32	73	-13	-4	-4	2	det1=true
[3116]	38	73	-5	-4	-3	-4	det1=true
[3117]	38	73	-9	-4	-3	4	det1=true
[3118]	43	73	-20	-5	-1	5	det1=true
[3119]	45	73	-16	-12	-5	-1	det1=true
[3120]	45	73	-17	-12	-5	1	det1=true
[3121]	45	73	-14	-14	-1	-5	det1=true
[3122]	45	73	-19	-14	-1	5	det1=true
[3123]	51	73	-20	-10	-5	-2	det1=true
[3124]	51	73	-22	-10	-5	2	det1=true
[3125]	55	73	-22	-16	-2	-5	det1=true
[3126]	55	73	-14	-8	-5	-3	det1=true
[3127]	55	73	-17	-8	-5	3	det1=true
[3128]	57	73	-22	-20	-5	-2	det1=true
[3129]	57	73	-24	-20	-5	2	det1=true
[3130]	61	73	-16	-12	-6	1	det1=true
[3131]	64	73	-14	-9	-4	5	det1=true
[3132]	65	73	-16	1	-5	-4	det1=true
[3133]	65	73	-20	1	-5	4	det1=true
[3134]	67	73	-21	-1	-2	-6	det1=true
[3135]	71	73	-30	-20	-3	-5	det1=true
[3136]	71	73	-35	-20	-3	5	det1=true
[3137]	32	74	-12	-3	-2	-4	det1=true
[3138]	32	74	-16	-3	-2	4	det1=true
[3139]	56	74	-7	-7	-1	-6	det1=true
[3140]	56	74	-13	-7	-1	6	det1=true
[3141]	61	74	-26	-23	-2	-5	det1=true
[3142]	61	74	-31	-23	-2	5	det1=true
[3143]	62	74	-15	-6	-6	2	det1=true
[3144]	64	74	-23	-8	-1	-6	det1=true
[3145]	64	74	-29	-8	-1	6	det1=true
[3146]	65	74	-16	-5	-4	-5	det1=true
[3147]	65	74	-21	-5	-4	5	det1=true
[3148]	66	74	-13	-13	-4	-5	det1=true
[3149]	66	74	-18	-13	-4	5	det1=true
[3150]	25	75	-4	-2	-1	-4	det1=true
[3151]	39	75	-8	-3	-1	-5	det1=true
[3152]	39	75	-13	-3	-1	5	det1=true
[3153]	44	75	-11	-3	-5	-2	det1=true
[3154]	47	75	-24	-16	-4	3	det1=true
[3155]	47	75	-17	-18	-1	-5	det1=true
[3156]	47	75	-22	-18	-1	5	det1=true
[3157]	47	75	-16	-8	-5	-2	det1=true
[3158]	47	75	-18	-8	-5	2	det1=true
[3159]	60	75	-11	2	-5	4	det1=true
[3160]	60	75	-6	-1	-4	-5	det1=true
[3161]	60	75	-11	-1	-4	5	det1=true
[3162]	60	75	-5	-3	-4	-5	det1=true
[3163]	60	75	-10	-3	-4	5	det1=true
[3164]	61	75	-14	-1	-5	4	det1=true
[3165]	63	75	-15	2	-4	-5	det1=true
[3166]	65	75	-20	-9	-5	4	det1=true
[3167]	66	75	-20	-3	-4	-5	det1=true
[3168]	66	75	-25	-3	-4	5	det1=true
[3169]	68	75	-19	-13	-5	-4	det1=true
[3170]	68	75	-23	-13	-5	4	det1=true
[3171]	73	75	-28	-17	-5	4	det1=true
[3172]	73	75	-4	-5	-1	-7	det1=true
[3173]	73	75	-11	-5	-1	7	det1=true
[3174]	36	76	-17	-14	-4	-2	det1=true
[3175]	36	76	-19	-14	-4	2	det1=true
[3176]	36	76	-16	-15	-2	-4	det1=true
[3177]	36	76	-20	-15	-2	4	det1=true
[3178]	38	76	-9	-7	-3	-4	det1=true
[3179]	38	76	-13	-7	-3	4	det1=true
[3180]	43	76	-19	-10	-3	-4	det1=true
[3181]	46	76	-15	-7	-2	-5	det1=true
[3182]	46	76	-20	-7	-2	5	det1=true
[3183]	49	76	-21	-15	-2	5	det1=true
[3184]	61	76	-20	-5	-2	6	det1=true
[3185]	61	76	-16	-7	-6	2	det1=true
[3186]	61	76	-12	-9	-2	-6	det1=true
[3187]	61	76	-18	-9	-2	6	det1=true
[3188]	62	76	-25	-15	-1	6	det1=true
[3189]	63	76	-18	-5	-2	-6	det1=true
[3190]	73	76	-27	-21	-4	5	det1=true
[3191]	76	76	-29	-20	-2	-6	det1=true
[3192]	44	73	-21	-11	-3	4	det1=true
[3193]	45	73	-19	-4	-1	-5	det1=true
[3194]	45	73	-24	-4	-1	5	det1=true
[3195]	48	73	-21	-5	-2	5	det1=true
[3196]	54	73	-25	-13	-5	2	det1=true
[3197]	58	73	-14	-3	-6	-1	det1=true
[3198]	58	73	-15	-3	-6	1	det1=true
[3199]	59	73	-14	-5	-1	-6	det1=true
[3200]	59	73	-20	-5	-1	6	det1=true
[3201]	65	73	-22	-11	-1	-6	det1=true
[3202]	65	73	-28	-11	-1	6	det1=true
[3203]	67	73	-22	-6	-5	4	det1=true
[3204]	26	74	-9	1	-4	-1	det1=true
[3205]	26	74	-5	-6	-1	-4	det1=true
[3206]	26	74	-9	-6	-1	4	det1=true
[3207]	56	74	-25	-16	-5	-2	det1=true
[3208]	60	74	-2	1	-4	-5	det1=true
[3209]	60	74	-7	1	-4	5	det1=true
[3210]	60	74	-1	-1	-4	-5	det1=true
[3211]	60	74	-6	-1	-4	5	det1=true
[3212]	62	74	-13	-6	-6	-2	det1=true
[3213]	64	74	-19	-2	-6	-2	det1=true
[3214]	64	74	-21	-2	-6	2	det1=true
[3215]	64	74	-17	-4	-2	-6	det1=true
[3216]	64	74	-23	-4	-2	6	det1=true
[3217]	64	74	-16	-7	-2	-6	det1=true
[3218]	64	74	-22	-7	-2	6	det1=true
[3219]	64	74	-13	-12	-2	-6	det1=true
[3220]	64	74	-19	-12	-2	6	det1=true
[3221]	72	74	-21	-20	-2	-6	det1=true
[3222]	73	74	-22	3	-6	-3	det1=true
[3223]	73	74	-25	3	-6	3	det1=true
[3224]	61	75	-10	2	-4	-5	det1=true
[3225]	61	75	-15	2	-4	5	det1=true
[3226]	61	75	-10	-1	-5	-4	det1=true
[3227]	62	75	-11	-5	-4	-5	det1=true
[3228]	62	75	-16	-5	-4	5	det1=true
[3229]	64	75	-28	3	-6	-1	det1=true
[3230]	64	75	-29	3	-6	1	det1=true
[3231]	64	75	-13	-10	-5	-4	det1=true
[3232]	64	75	-17	-10	-5	4	det1=true
[3233]	65	75	-23	-4	-4	5	det1=true
[3234]	72	75	-32	3	-6	-2	det1=true
[3235]	72	75	-34	3	-6	2	det1=true
[3236]	75	75	-32	-12	-6	-2	det1=true
[3237]	75	75	-34	-12	-6	2	det1=true
[3238]	19	76	-5	-1	-3	-2	det1=true
[3239]	25	76	-7	-3	-4	1	det1=true
[3240]	44	76	-11	-5	-2	-5	det1=true
[3241]	44	76	-16	-5	-2	5	det1=true
[3242]	49	76	-16	-15	-2	-5	det1=true
[3243]	56	76	-13	-3	-1	-6	det1=true
[3244]	56	76	-19	-3	-1	6	det1=true
[3245]	59	76	-5	-1	-4	-5	det1=true
[3246]	59	76	-10	-1	-4	5	det1=true
[3247]	60	76	-13	-2	-5	4	det1=true
[3248]	61	76	-21	-8	-1	-6	det1=true
[3249]	61	76	-27	-8	-1	6	det1=true
[3250]	61	76	-14	-5	-2	-6	det1=true
[3251]	62	76	-19	-15	-1	-6	det1=true
[3252]	62	76	-19	2	-6	-2	det1=true
[3253]	62	76	-21	2	-6	2	det1=true
[3254]	63	76	-24	-5	-2	6	det1=true
[3255]	64	76	-23	-15	-6	-1	det1=true
[3256]	64	76	-24	-15	-6	1	det1=true
[3257]	65	76	-27	-11	-6	-1	det1=true
[3258]	68	76	-32	-3	-2	6	det1=true
[3259]	73	76	-22	-21	-4	-5	det1=true
[3260]	76	76	-35	-10	-6	-2	det1=true
[3261]	76	76	-37	-10	-6	2	det1=true
[3262]	44	73	-17	-11	-3	-4	det1=true
[3263]	45	73	-8	-6	-2	-5	det1=true
[3264]	45	73	-13	-6	-2	5	det1=true
[3265]	51	73	-9	1	-5	3	det1=true
[3266]	61	73	-3	0	-4	-5	det1=true
[3267]	61	73	-8	0	-4	5	det1=true
[3268]	69	73	-29	-18	-3	-5	det1=true
[3269]	69	73	-34	-18	-3	5	det1=true
[3270]	40	74	-14	-3	-4	-3	det1=true
[3271]	40	74	-17	-3	-4	3	det1=true
[3272]	46	74	-19	-15	-4	-3	det1=true
[3273]	46	74	-22	-15	-4	3	det1=true
[3274]	56	74	-9	-3	-1	-6	det1=true
[3275]	56	74	-15	-3	-1	6	det1=true
[3276]	59	74	-30	-21	-2	5	det1=true
[3277]	62	74	-11	-8	-2	-6	det1=true
[3278]	62	74	-17	-8	-2	6	det1=true
[3279]	69	74	-14	-7	-6	3	det1=true
[3280]	74	74	-30	1	-4	-5	det1=true
[3281]	74	74	-35	1	-4	5	det1=true
[3282]	27	75	-13	-4	-4	1	det1=true
[3283]	44	75	-8	-7	-2	-5	det1=true
[3284]	44	75	-13	-7	-2	5	det1=true
[3285]	59	75	0	1	-5	-4	det1=true
[3286]	59	75	-4	1	-5	4	det1=true
[3287]	62	75	-13	0	-5	-4	det1=true
[3288]	62	75	-17	0	-5	4	det1=true
[3289]	66	75	-20	-13	-4	5	det1=true
[3290]	40	76	-15	-6	-3	-4	det1=true
[3291]	40	76	-19	-6	-3	4	det1=true
[3292]	61	76	-16	-3	-6	-2	det1=true
[3293]	61	76	-18	-3	-6	2	det1=true
[3294]	61	76	-14	-7	-6	-2	det1=true
[3295]	65	76	-22	-1	-2	-6	det1=true
[3296]	65	76	-28	-1	-2	6	det1=true
[3297]	68	76	-25	-2	-5	-4	det1=true
[3298]	68	76	-29	-2	-5	4	det1=true
[3299]	72	76	-32	-33	-2	-5	det1=true
[3300]	72	76	-37	-33	-2	5	det1=true
[3301]	76	76	-34	-3	-4	-5	det1=true
[3302]	76	76	-39	-3	-4	5	det1=true
[3303]	43	73	-18	-6	-4	-3	det1=true
[3304]	43	73	-21	-6	-4	3	det1=true
[3305]	51	73	-6	1	-5	-3	det1=true
[3306]	55	73	-13	-9	-3	-5	det1=true
[3307]	55	73	-18	-9	-3	5	det1=true
[3308]	55	73	-2	-1	-1	-6	det1=true
[3309]	55	73	-8	-1	-1	6	det1=true
[3310]	59	73	-23	-4	-5	-3	det1=true
[3311]	59	73	-21	-8	-3	-5	det1=true
[3312]	59	73	-26	-8	-3	5	det1=true
[3313]	64	73	-9	-9	-4	-5	det1=true
[3314]	66	73	-22	-15	-6	-1	det1=true
[3315]	66	73	-23	-15	-6	1	det1=true
[3316]	59	74	-25	-21	-2	-5	det1=true
[3317]	64	74	-23	-11	-6	-1	det1=true
[3318]	64	74	-24	-11	-6	1	det1=true
[3319]	64	74	-18	-5	-6	-2	det1=true
[3320]	64	74	-20	-5	-6	2	det1=true
[3321]	27	75	-12	-4	-4	-1	det1=true
[3322]	47	75	-21	-16	-4	-3	det1=true
[3323]	66	75	-15	-13	-4	-5	det1=true
[3324]	73	75	-30	2	-4	-5	det1=true
[3325]	73	75	-35	2	-4	5	det1=true
[3326]	75	75	-32	-2	-4	-5	det1=true
[3327]	42	76	-15	-13	-4	-3	det1=true
[3328]	42	76	-18	-13	-4	3	det1=true
[3329]	28	73	-11	-6	-1	-4	det1=true
[3330]	28	73	-15	-6	-1	4	det1=true
[3331]	39	73	-6	1	-5	-1	det1=true
[3332]	39	73	-7	1	-5	1	det1=true
[3333]	49	73	-24	-15	-5	0	det1=true
[3334]	49	73	-18	-7	-5	-2	det1=true
[3335]	49	73	-20	-7	-5	2	det1=true
[3336]	50	73	-17	-11	-2	-5	det1=true
[3337]	50	73	-22	-11	-2	5	det1=true
[3338]	55	73	-27	-16	-2	5	det1=true
[3339]	57	73	-26	-15	-5	-2	det1=true
[3340]	57	73	-28	-15	-5	2	det1=true
[3341]	69	74	-11	-7	-6	-3	det1=true
[3342]	74	74	-31	-2	-2	-6	det1=true
[3343]	74	74	-37	-2	-2	6	det1=true
[3344]	31	76	-12	-1	-2	-4	det1=true
[3345]	31	76	-16	-1	-2	4	det1=true
[3346]	64	76	-15	-10	-5	-4	det1=true
[3347]	64	76	-19	-10	-5	4	det1=true
[3348]	30	73	-4	-1	-4	-2	det1=true
[3349]	30	73	-6	-1	-4	2	det1=true
[3350]	39	73	-4	-1	-1	-5	det1=true
[3351]	39	73	-9	-1	-1	5	det1=true
[3352]	46	73	-9	-9	-2	-5	det1=true
[3353]	46	73	-14	-9	-2	5	det1=true
[3354]	65	73	-28	-12	-5	-3	det1=true
[3355]	56	74	-27	-16	-5	2	det1=true
[3356]	31	75	-11	1	-2	-4	det1=true
[3357]	31	75	-15	1	-2	4	det1=true
[3358]	57	75	-26	-18	-5	-2	det1=true
[3359]	57	75	-28	-18	-5	2	det1=true
[3360]	58	73	-13	-5	-6	-1	det1=true
[3361]	58	73	-14	-5	-6	1	det1=true
[3362]	68	74	-35	-4	-1	6	det1=true
[3363]	43	75	-7	-2	-2	-5	det1=true
[3364]	43	75	-12	-2	-2	5	det1=true
[3365]	47	75	-19	-16	-5	-1	det1=true
[3366]	47	75	-20	-16	-5	1	det1=true
[3367]	55	75	-6	-7	-1	-6	det1=true
[3368]	67	75	-10	-1	-3	-6	det1=true
[3369]	73	75	-28	-10	-5	-4	det1=true
[3370]	55	76	-26	-25	-4	-3	det1=true
[3371]	59	76	-19	-3	-1	-6	det1=true
[3372]	59	76	-25	-3	-1	6	det1=true
[3373]	30	74	-7	2	-4	-2	det1=true
[3374]	43	74	-20	-3	-4	-3	det1=true
[3375]	43	74	-23	-3	-4	3	det1=true
[3376]	68	74	-29	-4	-1	-6	det1=true
[3377]	73	75	-26	-14	-5	-4	det1=true
[3378]	73	75	-30	-14	-5	4	det1=true
[3379]	72	74	-21	-17	-5	-4	det1=true
[3380]	72	74	-25	-17	-5	4	det1=true
[3381]	64	75	-31	-23	-5	-2	det1=true
[3382]	64	75	-33	-23	-5	2	det1=true
[3383]	73	75	-32	-10	-5	4	det1=true
[3384]	76	76	-51	-15	-3	-4	det1=true
[3385]	59	74	-11	-13	-1	-6	det1=true
[3386]	59	74	-17	-13	-1	6	det1=true
[3387]	67	75	-28	-12	-6	-1	det1=true
[3388]	67	75	-29	-12	-6	1	det1=true
[3389]	73	75	-29	-6	-4	-5	det1=true
[3390]	73	75	-34	-6	-4	5	det1=true
[3391]	75	75	-30	-11	-5	-4	det1=true
[3392]	75	75	-34	-11	-5	4	det1=true
[3393]	46	76	-25	-15	-3	4	det1=true
[3394]	57	73	-24	-4	-4	-4	det1=true
[3395]	76	76	-7	3	-7	-2	det1=true
[3396]	76	76	-9	3	-7	2	det1=true
[3397]	50	74	-23	-18	-3	-4	det1=true
[3398]	59	74	-18	-3	-6	-1	det1=true
[3399]	59	74	-19	-3	-6	1	det1=true
[3400]	61	76	-15	0	-2	-6	det1=true
[3401]	61	76	-21	0	-2	6	det1=true
[3402]	74	74	-33	0	-6	-2	det1=true
[3403]	74	74	-35	0	-6	2	det1=true
[3404]	73	73	-28	-20	-6	-1	det1=true
[3405]	73	73	-29	-20	-6	1	det1=true
[3406]	56	74	-12	3	-6	-1	det1=true
[3407]	56	74	-13	3	-6	1	det1=true
[3408]	76	76	-37	-9	-5	4	det1=true
[3409]	73	73	-35	-6	-6	-1	det1=true
[3410]	73	73	-36	-6	-6	1	det1=true
[3411]	68	76	-29	-12	-1	-6	det1=true
[3412]	68	76	-35	-12	-1	6	det1=true
[3413]	76	76	-39	-12	-2	6	det1=true
[3414]	76	76	-33	-9	-5	-4	det1=true
[3415]	76	76	-33	-12	-2	-6	det1=true
[3416]	3	73	-1	0	-1	-1	det1=true
[3417]	3	73	-2	0	-1	1	det1=true
[3418]	12	73	-2	-1	-2	-2	det1=true
[3419]	12	73	-4	-1	-2	2	det1=true
[3420]	73	73	-36	0	-6	-1	det1=true
[3421]	12	74	-4	1	-2	-2	det1=true
[3422]	12	74	-6	1	-2	2	det1=true
[3423]	12	74	-3	-2	-2	-2	det1=true
[3424]	12	74	-5	-2	-2	2	det1=true
[3425]	30	74	-6	1	-2	-4	det1=true
[3426]	6	75	-3	-2	-2	0	det1=true
[3427]	30	73	-3	-2	-2	-4	det1=true
[3428]	30	73	-7	-2	-2	4	det1=true
[3429]	34	80	-3	1	-3	-4	det1=true
[3430]	34	80	-7	1	-3	4	det1=true
[3431]	27	77	-13	-6	-4	-1	det1=true
[3432]	27	77	-14	-6	-4	1	det1=true
[3433]	35	77	1	2	-4	-3	det1=true
[3434]	35	77	-2	2	-4	3	det1=true
[3435]	56	77	0	3	-6	-2	det1=true
[3436]	56	77	-2	3	-6	2	det1=true
[3437]	67	77	-33	-4	-6	-1	det1=true
[3438]	67	77	-34	-4	-6	1	det1=true
[3439]	71	77	-34	-14	-6	-1	det1=true
[3440]	71	77	-35	-14	-6	1	det1=true
[3441]	18	79	-3	1	-2	-3	det1=true
[3442]	18	79	-6	1	-2	3	det1=true
[3443]	27	80	-1	2	-4	-2	det1=true
[3444]	27	80	-3	2	-4	2	det1=true
[3445]	25	77	-7	-4	-4	-1	det1=true
[3446]	25	77	-8	-4	-4	1	det1=true
[3447]	38	77	-13	-1	-3	-4	det1=true
[3448]	38	77	-17	-1	-3	4	det1=true
[3449]	53	77	-15	-9	-3	-5	det1=true
[3450]	53	77	-20	-9	-3	5	det1=true
[3451]	62	77	-15	-5	-4	-5	det1=true
[3452]	62	77	-20	-5	-4	5	det1=true
[3453]	67	77	-27	-5	-6	-2	det1=true
[3454]	67	77	-29	-5	-6	2	det1=true
[3455]	67	77	-14	-3	-3	-6	det1=true
[3456]	67	77	-20	-3	-3	6	det1=true
[3457]	68	77	-26	-11	-6	-2	det1=true
[3458]	68	77	-28	-11	-6	2	det1=true
[3459]	45	78	-4	-3	-4	-4	det1=true
[3460]	46	78	-19	1	-2	-5	det1=true
[3461]	46	78	-24	1	-2	5	det1=true
[3462]	56	78	-19	3	-6	-1	det1=true
[3463]	56	78	-20	3	-6	1	det1=true
[3464]	65	78	-21	-22	-1	-6	det1=true
[3465]	65	78	-27	-22	-1	6	det1=true
[3466]	77	78	-31	-7	-6	-3	det1=true
[3467]	35	79	-6	-1	-3	-4	det1=true
[3468]	35	79	-10	-1	-3	4	det1=true
[3469]	42	79	-19	-12	-3	-4	det1=true
[3470]	42	79	-23	-12	-3	4	det1=true
[3471]	63	79	-20	-12	-6	-2	det1=true
[3472]	63	79	-22	-12	-6	2	det1=true
[3473]	65	79	-27	-23	-3	-5	det1=true
[3474]	65	79	-32	-23	-3	5	det1=true
[3475]	69	79	-20	-7	-3	-6	det1=true
[3476]	72	79	-33	-8	-2	-6	det1=true
[3477]	72	79	-39	-8	-2	6	det1=true
[3478]	75	79	-22	-2	-7	-1	det1=true
[3479]	75	79	-23	-2	-7	1	det1=true
[3480]	77	79	-28	-15	-3	-6	det1=true
[3481]	77	79	-34	-15	-3	6	det1=true
[3482]	79	79	-32	-26	-6	-2	det1=true
[3483]	79	79	-34	-26	-6	2	det1=true
[3484]	56	80	-10	1	-2	-6	det1=true
[3485]	56	80	-16	1	-2	6	det1=true
[3486]	60	80	-17	1	-4	-5	det1=true
[3487]	60	80	-22	1	-4	5	det1=true
[3488]	19	77	-6	-2	-3	-2	det1=true
[3489]	38	77	-12	-5	-4	-3	det1=true
[3490]	38	77	-15	-5	-4	3	det1=true
[3491]	41	77	-3	0	-2	-5	det1=true
[3492]	41	77	-8	0	-2	5	det1=true
[3493]	44	77	-15	0	-5	-2	det1=true
[3494]	44	77	-17	0	-5	2	det1=true
[3495]	47	77	-18	-9	-5	-2	det1=true
[3496]	47	77	-20	-9	-5	2	det1=true
[3497]	55	77	-26	-17	-5	-2	det1=true
[3498]	55	77	-28	-17	-5	2	det1=true
[3499]	56	77	-15	0	-1	-6	det1=true
[3500]	56	77	-21	0	-1	6	det1=true
[3501]	64	77	-25	-12	-1	-6	det1=true
[3502]	64	77	-31	-12	-1	6	det1=true
[3503]	65	77	-31	-2	-6	-1	det1=true
[3504]	66	77	-30	-29	-2	-5	det1=true
[3505]	66	77	-35	-29	-2	5	det1=true
[3506]	67	77	-28	-14	-1	-6	det1=true
[3507]	67	77	-25	-7	-2	-6	det1=true
[3508]	69	77	-23	2	-6	3	det1=true
[3509]	71	77	-27	-15	-2	-6	det1=true
[3510]	71	77	-33	-15	-2	6	det1=true
[3511]	75	77	-19	1	-7	-1	det1=true
[3512]	75	77	-20	1	-7	1	det1=true
[3513]	29	78	-8	-3	-4	-2	det1=true
[3514]	29	78	-10	-3	-4	2	det1=true
[3515]	44	78	-13	-8	-5	-2	det1=true
[3516]	44	78	-15	-8	-5	2	det1=true
[3517]	65	78	-27	-13	-1	-6	det1=true
[3518]	65	78	-33	-13	-1	6	det1=true
[3519]	65	78	-19	-12	-5	-4	det1=true
[3520]	65	78	-23	-12	-5	4	det1=true
[3521]	72	78	-33	-2	-2	-6	det1=true
[3522]	72	78	-39	-2	-2	6	det1=true
[3523]	37	79	-7	-5	-1	-5	det1=true
[3524]	37	79	-12	-5	-1	5	det1=true
[3525]	48	79	-16	-17	-2	-5	det1=true
[3526]	55	79	-2	-2	-2	-6	det1=true
[3527]	55	79	-8	-2	-2	6	det1=true
[3528]	56	79	-20	-1	-6	-1	det1=true
[3529]	56	79	-21	-1	-6	1	det1=true
[3530]	61	79	-26	-17	-3	-5	det1=true
[3531]	61	79	-31	-17	-3	5	det1=true
[3532]	61	79	-18	2	-5	-4	det1=true
[3533]	61	79	-22	2	-5	4	det1=true
[3534]	65	79	-34	-2	-6	1	det1=true
[3535]	66	79	-25	-21	-6	-1	det1=true
[3536]	66	79	-26	-21	-6	1	det1=true
[3537]	67	79	-26	-7	-5	-4	det1=true
[3538]	67	79	-30	-7	-5	4	det1=true
[3539]	69	79	-26	-7	-3	6	det1=true
[3540]	71	79	-10	-7	-7	-1	det1=true
[3541]	71	79	-11	-7	-7	1	det1=true
[3542]	35	80	-6	-5	-4	-3	det1=true
[3543]	35	80	-9	-5	-4	3	det1=true
[3544]	41	80	-7	-7	-2	-5	det1=true
[3545]	41	80	-12	-7	-2	5	det1=true
[3546]	56	80	-9	-4	-2	-6	det1=true
[3547]	56	80	-15	-4	-2	6	det1=true
[3548]	57	80	-9	-1	-4	-5	det1=true
[3549]	57	80	-14	-1	-4	5	det1=true
[3550]	59	80	-15	-1	-5	-4	det1=true
[3551]	59	80	-19	-1	-5	4	det1=true
[3552]	60	80	-13	-10	-5	-4	det1=true
[3553]	60	80	-17	-10	-5	4	det1=true
[3554]	61	80	-19	-10	-6	-2	det1=true
[3555]	62	80	-9	3	-6	-3	det1=true
[3556]	62	80	-12	3	-6	3	det1=true
[3557]	63	80	-7	-8	-3	-6	det1=true
[3558]	63	80	-13	-8	-3	6	det1=true
[3559]	65	80	-25	-3	-4	-5	det1=true
[3560]	65	80	-30	-3	-4	5	det1=true
[3561]	66	80	-25	-9	-5	-4	det1=true
[3562]	66	80	-29	-9	-5	4	det1=true
[3563]	24	77	-1	-2	-1	-4	det1=true
[3564]	24	77	-5	-2	-1	4	det1=true
[3565]	27	77	-10	-1	-3	-3	det1=true
[3566]	27	77	-13	-1	-3	3	det1=true
[3567]	42	77	-6	-5	-2	-5	det1=true
[3568]	42	77	-11	-5	-2	5	det1=true
[3569]	45	77	-20	-12	-1	-5	det1=true
[3570]	45	77	-25	-12	-1	5	det1=true
[3571]	48	77	-20	-7	-2	-5	det1=true
[3572]	48	77	-25	-7	-2	5	det1=true
[3573]	56	77	2	1	-2	-6	det1=true
[3574]	56	77	-4	1	-2	6	det1=true
[3575]	60	77	-21	-7	-1	-6	det1=true
[3576]	60	77	-27	-7	-1	6	det1=true
[3577]	68	77	-31	-13	-6	-1	det1=true
[3578]	68	77	-32	-13	-6	1	det1=true
[3579]	68	77	-29	-2	-6	-2	det1=true
[3580]	68	77	-31	-2	-6	2	det1=true
[3581]	68	77	-27	-4	-2	-6	det1=true
[3582]	71	77	-5	-2	-1	-7	det1=true
[3583]	71	77	-12	-2	-1	7	det1=true
[3584]	72	77	-32	-9	-6	-2	det1=true
[3585]	72	77	-34	-9	-6	2	det1=true
[3586]	24	78	-6	-1	-4	1	det1=true
[3587]	32	78	-12	-11	-2	-4	det1=true
[3588]	32	78	-16	-11	-2	4	det1=true
[3589]	37	78	-12	-1	-4	-3	det1=true
[3590]	37	78	-15	-1	-4	3	det1=true
[3591]	60	78	-12	-11	-2	-6	det1=true
[3592]	60	78	-18	-11	-2	6	det1=true
[3593]	64	78	-19	-9	-5	-4	det1=true
[3594]	64	78	-23	-9	-5	4	det1=true
[3595]	68	78	-31	-15	-6	-1	det1=true
[3596]	68	78	-32	-15	-6	1	det1=true
[3597]	70	78	-22	-19	-4	-5	det1=true
[3598]	70	78	-27	-19	-4	5	det1=true
[3599]	72	78	-26	-21	-6	-2	det1=true
[3600]	72	78	-28	-21	-6	2	det1=true
[3601]	74	78	-29	-17	-4	-5	det1=true
[3602]	74	78	-34	-17	-4	5	det1=true
[3603]	75	78	-31	-16	-5	-4	det1=true
[3604]	75	78	-35	-16	-5	4	det1=true
[3605]	75	78	-25	-24	-5	-4	det1=true
[3606]	75	78	-29	-24	-5	4	det1=true
[3607]	76	78	-13	-1	-7	-2	det1=true
[3608]	25	79	-8	-6	-1	-4	det1=true
[3609]	25	79	-12	-6	-1	4	det1=true
[3610]	39	79	-14	-2	-1	-5	det1=true
[3611]	39	79	-19	-2	-1	5	det1=true
[3612]	45	79	-17	-6	-2	-5	det1=true
[3613]	45	79	-22	-6	-2	5	det1=true
[3614]	49	79	-23	-22	-4	-3	det1=true
[3615]	49	79	-26	-22	-4	3	det1=true
[3616]	55	79	-23	-4	-3	-5	det1=true
[3617]	55	79	-28	-4	-3	5	det1=true
[3618]	55	79	-4	0	-6	-2	det1=true
[3619]	55	79	-6	0	-6	2	det1=true
[3620]	61	79	-27	-16	-5	-3	det1=true
[3621]	61	79	-30	-16	-5	3	det1=true
[3622]	64	79	-21	-12	-2	-6	det1=true
[3623]	64	79	-27	-12	-2	6	det1=true
[3624]	67	79	-31	-21	-3	-5	det1=true
[3625]	67	79	-36	-21	-3	5	det1=true
[3626]	68	79	-28	-9	-2	-6	det1=true
[3627]	68	79	-34	-9	-2	6	det1=true
[3628]	69	79	-28	-9	-5	-4	det1=true
[3629]	69	79	-32	-9	-5	4	det1=true
[3630]	23	80	-2	1	-4	-1	det1=true
[3631]	23	80	-3	1	-4	1	det1=true
[3632]	51	80	-7	-3	-6	-1	det1=true
[3633]	51	80	-8	-3	-6	1	det1=true
[3634]	56	80	-5	-1	-5	-4	det1=true
[3635]	58	80	-23	-7	-6	-1	det1=true
[3636]	58	80	-24	-7	-6	1	det1=true
[3637]	59	80	-17	-2	-2	-6	det1=true
[3638]	59	80	-23	-2	-2	6	det1=true
[3639]	64	80	-25	-4	-2	-6	det1=true
[3640]	64	80	-31	-4	-2	6	det1=true
[3641]	65	80	-18	-17	-4	-5	det1=true
[3642]	65	80	-23	-17	-4	5	det1=true
[3643]	67	80	-33	-2	-6	2	det1=true
[3644]	71	80	-34	-9	-6	-2	det1=true
[3645]	71	80	-36	-9	-6	2	det1=true
[3646]	71	80	-32	-11	-2	-6	det1=true
[3647]	71	80	-38	-11	-2	6	det1=true
[3648]	72	80	-33	-7	-4	-5	det1=true
[3649]	72	80	-38	-7	-4	5	det1=true
[3650]	74	80	-35	-9	-5	-4	det1=true
[3651]	74	80	-39	-9	-5	4	det1=true
[3652]	80	80	-44	-5	-6	-2	det1=true
[3653]	80	80	-46	-5	-6	2	det1=true
[3654]	39	77	-8	-9	-1	-5	det1=true
[3655]	39	77	-13	-9	-1	5	det1=true
[3656]	41	77	-4	0	-5	-2	det1=true
[3657]	41	77	-6	0	-5	2	det1=true
[3658]	43	77	-19	-12	-4	-3	det1=true
[3659]	43	77	-22	-12	-4	3	det1=true
[3660]	50	77	-21	-13	-5	-2	det1=true
[3661]	50	77	-23	-13	-5	2	det1=true
[3662]	53	77	-6	-3	-1	-6	det1=true
[3663]	53	77	-12	-3	-1	6	det1=true
[3664]	59	77	-23	-4	-6	1	det1=true
[3665]	61	77	-20	-14	-6	-1	det1=true
[3666]	61	77	-21	-14	-6	1	det1=true
[3667]	61	77	-18	-2	-6	-2	det1=true
[3668]	61	77	-20	-2	-6	2	det1=true
[3669]	61	77	-16	-4	-2	-6	det1=true
[3670]	61	77	-22	-4	-2	6	det1=true
[3671]	62	77	-21	-15	-6	-1	det1=true
[3672]	62	77	-22	-15	-6	1	det1=true
[3673]	63	77	2	1	-3	-6	det1=true
[3674]	64	77	-16	-15	-2	-6	det1=true
[3675]	64	77	-22	-15	-2	6	det1=true
[3676]	67	77	-31	-7	-2	6	det1=true
[3677]	68	77	-24	-13	-2	-6	det1=true
[3678]	68	77	-30	-13	-2	6	det1=true
[3679]	69	77	-20	2	-6	-3	det1=true
[3680]	71	77	-29	-13	-6	-2	det1=true
[3681]	71	77	-31	-13	-6	2	det1=true
[3682]	71	77	-8	1	-7	-1	det1=true
[3683]	71	77	-9	1	-7	1	det1=true
[3684]	74	77	-27	-3	-6	-3	det1=true
[3685]	7	78	-2	1	-2	-1	det1=true
[3686]	7	78	-3	1	-2	1	det1=true
[3687]	24	78	-5	-1	-4	-1	det1=true
[3688]	53	78	-10	-3	-6	-1	det1=true
[3689]	53	78	-11	-3	-6	1	det1=true
[3690]	56	78	-15	-7	-1	-6	det1=true
[3691]	56	78	-21	-7	-1	6	det1=true
[3692]	59	78	-11	1	-4	-5	det1=true
[3693]	59	78	-16	1	-4	5	det1=true
[3694]	62	78	-17	-5	-5	-4	det1=true
[3695]	62	78	-21	-5	-5	4	det1=true
[3696]	71	78	-27	-25	-1	-6	det1=true
[3697]	71	78	-33	-25	-1	6	det1=true
[3698]	72	78	-25	-5	-6	-3	det1=true
[3699]	72	78	-28	-5	-6	3	det1=true
[3700]	73	78	-7	0	-6	-4	det1=true
[3701]	73	78	-11	0	-6	4	det1=true
[3702]	78	78	-53	-4	-5	-2	det1=true
[3703]	78	78	-13	-9	-2	-7	det1=true
[3704]	78	78	-20	-9	-2	7	det1=true
[3705]	39	79	-16	0	-5	-1	det1=true
[3706]	39	79	-17	0	-5	1	det1=true
[3707]	40	79	-14	-13	-4	-3	det1=true
[3708]	40	79	-17	-13	-4	3	det1=true
[3709]	47	79	-20	-8	-2	-5	det1=true
[3710]	47	79	-25	-8	-2	5	det1=true
[3711]	47	79	-5	0	-5	-3	det1=true
[3712]	47	79	-8	0	-5	3	det1=true
[3713]	48	79	-21	-17	-2	5	det1=true
[3714]	52	79	-25	-15	-5	-2	det1=true
[3715]	52	79	-27	-15	-5	2	det1=true
[3716]	56	79	-5	-6	-2	-6	det1=true
[3717]	56	79	-11	-6	-2	6	det1=true
[3718]	57	79	-22	0	-6	-1	det1=true
[3719]	58	79	-19	-10	-1	-6	det1=true
[3720]	58	79	-25	-10	-1	6	det1=true
[3721]	58	79	-9	-4	-5	-4	det1=true
[3722]	58	79	-13	-4	-5	4	det1=true
[3723]	63	79	-18	-14	-2	-6	det1=true
[3724]	63	79	-24	-14	-2	6	det1=true
[3725]	64	79	-24	-3	-2	-6	det1=true
[3726]	64	79	-30	-3	-2	6	det1=true
[3727]	64	79	-23	-1	-5	-4	det1=true
[3728]	64	79	-27	-1	-5	4	det1=true
[3729]	64	79	-23	-10	-6	-2	det1=true
[3730]	64	79	-25	-10	-6	2	det1=true
[3731]	66	79	-20	-15	-4	-5	det1=true
[3732]	66	79	-25	-15	-4	5	det1=true
[3733]	67	79	-32	0	-4	5	det1=true
[3734]	69	79	-6	-1	-7	-1	det1=true
[3735]	69	79	-7	-1	-7	1	det1=true
[3736]	73	79	-14	-8	-1	-7	det1=true
[3737]	73	79	-21	-8	-1	7	det1=true
[3738]	74	79	-31	-26	-1	-6	det1=true
[3739]	75	79	-35	-8	-4	-5	det1=true
[3740]	75	79	-40	-8	-4	5	det1=true
[3741]	75	79	-26	-5	-1	7	det1=true
[3742]	75	79	-15	-8	-2	7	det1=true
[3743]	76	79	-17	2	-4	-6	det1=true
[3744]	76	79	-23	2	-4	6	det1=true
[3745]	79	79	-16	-12	-7	-2	det1=true
[3746]	79	79	-18	-12	-7	2	det1=true
[3747]	38	80	-15	-6	-3	-4	det1=true
[3748]	54	80	-2	3	-6	-2	det1=true
[3749]	54	80	-4	3	-6	2	det1=true
[3750]	56	80	-9	-1	-5	4	det1=true
[3751]	57	80	-9	-2	-5	-4	det1=true
[3752]	57	80	-13	-2	-5	4	det1=true
[3753]	59	80	-21	-12	-1	-6	det1=true
[3754]	59	80	-27	-12	-1	6	det1=true
[3755]	61	80	-19	-2	-5	-4	det1=true
[3756]	62	80	-21	-1	-5	-4	det1=true
[3757]	62	80	-25	-1	-5	4	det1=true
[3758]	66	80	-23	-4	-3	6	det1=true
[3759]	68	80	-24	-19	-2	-6	det1=true
[3760]	70	80	-32	-7	-2	-6	det1=true
[3761]	70	80	-38	-7	-2	6	det1=true
[3762]	74	80	-13	0	-7	-2	det1=true
[3763]	79	80	-34	-25	-6	-2	det1=true
[3764]	79	80	-36	-25	-6	2	det1=true
[3765]	79	80	-35	-26	-5	4	det1=true
[3766]	80	80	-33	-25	-5	-4	det1=true
[3767]	80	80	-37	-25	-5	4	det1=true
[3768]	37	77	-8	-6	-4	-3	det1=true
[3769]	37	77	-11	-6	-4	3	det1=true
[3770]	38	77	-9	-9	-3	-4	det1=true
[3771]	38	77	-13	-9	-3	4	det1=true
[3772]	39	77	-15	-4	-4	-3	det1=true
[3773]	39	77	-18	-4	-4	3	det1=true
[3774]	39	77	-10	-7	-5	-1	det1=true
[3775]	39	77	-11	-7	-5	1	det1=true
[3776]	41	77	-18	-1	-5	-1	det1=true
[3777]	41	77	-19	-1	-5	1	det1=true
[3778]	41	77	-16	-3	-1	-5	det1=true
[3779]	41	77	-21	-3	-1	5	det1=true
[3780]	46	77	-17	-5	-2	-5	det1=true
[3781]	46	77	-22	-5	-2	5	det1=true
[3782]	51	77	-22	-14	-5	-2	det1=true
[3783]	51	77	-24	-14	-5	2	det1=true
[3784]	52	77	-1	0	-1	-6	det1=true
[3785]	52	77	-7	0	-1	6	det1=true
[3786]	52	77	-3	1	-6	-1	det1=true
[3787]	52	77	-4	1	-6	1	det1=true
[3788]	56	77	-24	-21	-2	-5	det1=true
[3789]	56	77	-29	-21	-2	5	det1=true
[3790]	59	77	-22	-4	-6	-1	det1=true
[3791]	62	77	-23	-10	-1	-6	det1=true
[3792]	62	77	-29	-10	-1	6	det1=true
[3793]	64	77	-18	-13	-6	-2	det1=true
[3794]	64	77	-20	-13	-6	2	det1=true
[3795]	66	77	-10	-7	-6	-3	det1=true
[3796]	66	77	-13	-7	-6	3	det1=true
[3797]	67	77	-34	-14	-1	6	det1=true
[3798]	68	77	-21	-18	-6	-2	det1=true
[3799]	68	77	-23	-18	-6	2	det1=true
[3800]	68	77	-19	-20	-2	-6	det1=true
[3801]	68	77	-25	-20	-2	6	det1=true
[3802]	70	77	-19	-6	-3	-6	det1=true
[3803]	70	77	-25	-6	-3	6	det1=true
[3804]	72	77	-36	-11	-2	6	det1=true
[3805]	18	78	0	1	-2	-3	det1=true
[3806]	18	78	-3	1	-2	3	det1=true
[3807]	32	78	-13	-10	-4	-2	det1=true
[3808]	32	78	-15	-10	-4	2	det1=true
[3809]	47	78	-21	-5	-5	-2	det1=true
[3810]	47	78	-23	-5	-5	2	det1=true
[3811]	49	78	-21	-11	-2	-5	det1=true
[3812]	49	78	-26	-11	-2	5	det1=true
[3813]	62	78	-28	-3	-6	-1	det1=true
[3814]	62	78	-29	-3	-6	1	det1=true
[3815]	62	78	-21	-16	-1	-6	det1=true
[3816]	62	78	-27	-16	-1	6	det1=true
[3817]	66	78	-25	2	-5	-4	det1=true
[3818]	66	78	-29	2	-5	4	det1=true
[3819]	70	78	-29	-5	-4	-5	det1=true
[3820]	70	78	-34	-5	-4	5	det1=true
[3821]	72	78	-24	-23	-2	-6	det1=true
[3822]	72	78	-30	-23	-2	6	det1=true
[3823]	78	78	-55	-4	-5	2	det1=true
[3824]	48	79	-23	-7	-5	-2	det1=true
[3825]	48	79	-25	-7	-5	2	det1=true
[3826]	55	79	-18	-11	-1	6	det1=true
[3827]	57	79	-23	0	-6	1	det1=true
[3828]	57	79	-6	-2	-5	-4	det1=true
[3829]	57	79	-10	-2	-5	4	det1=true
[3830]	59	79	-26	-13	-5	-3	det1=true
[3831]	59	79	-29	-13	-5	3	det1=true
[3832]	59	79	-23	-8	-6	-1	det1=true
[3833]	59	79	-24	-8	-6	1	det1=true
[3834]	60	79	-14	-5	-4	-5	det1=true
[3835]	60	79	-19	-5	-4	5	det1=true
[3836]	64	79	-28	-13	-6	-1	det1=true
[3837]	64	79	-29	-13	-6	1	det1=true
[3838]	65	79	-26	-17	-1	-6	det1=true
[3839]	68	79	-30	-7	-6	-2	det1=true
[3840]	68	79	-32	-7	-6	2	det1=true
[3841]	75	79	-34	-12	-5	-4	det1=true
[3842]	75	79	-38	-12	-5	4	det1=true
[3843]	75	79	-33	-22	-4	5	det1=true
[3844]	75	79	-8	-8	-2	-7	det1=true
[3845]	76	79	-30	-21	-4	-5	det1=true
[3846]	76	79	-13	-10	-4	-6	det1=true
[3847]	76	79	-19	-10	-4	6	det1=true
[3848]	78	79	-14	-11	-2	-7	det1=true
[3849]	78	79	-21	-11	-2	7	det1=true
[3850]	18	80	-5	0	-3	-2	det1=true
[3851]	18	80	-7	0	-3	2	det1=true
[3852]	38	80	-19	-6	-3	4	det1=true
[3853]	55	80	-13	-12	-1	-6	det1=true
[3854]	55	80	-19	-12	-1	6	det1=true
[3855]	59	80	-23	-7	-1	-6	det1=true
[3856]	60	80	-28	3	-6	-1	det1=true
[3857]	60	80	-29	3	-6	1	det1=true
[3858]	60	80	-17	-2	-5	-4	det1=true
[3859]	61	80	-17	-7	-4	-5	det1=true
[3860]	64	80	-29	-2	-6	2	det1=true
[3861]	71	80	-27	-18	-5	-4	det1=true
[3862]	71	80	-31	-18	-5	4	det1=true
[3863]	72	80	-26	-21	-4	-5	det1=true
[3864]	72	80	-31	-21	-4	5	det1=true
[3865]	73	80	-24	-19	-6	3	det1=true
[3866]	74	80	-34	-11	-4	-5	det1=true
[3867]	74	80	-39	-11	-4	5	det1=true
[3868]	78	80	-20	-15	-2	7	det1=true
[3869]	79	80	-38	-27	-2	6	det1=true
[3870]	79	80	-31	-26	-5	-4	det1=true
[3871]	19	77	-8	-2	-3	2	det1=true
[3872]	29	77	-12	-9	-3	-3	det1=true
[3873]	29	77	-15	-9	-3	3	det1=true
[3874]	49	77	-16	2	-4	-4	det1=true
[3875]	53	77	-16	-8	-5	-3	det1=true
[3876]	53	77	-19	-8	-5	3	det1=true
[3877]	62	77	-25	-1	-1	-6	det1=true
[3878]	62	77	-31	-1	-1	6	det1=true
[3879]	72	77	-30	-11	-2	-6	det1=true
[3880]	77	77	-32	-20	-6	-2	det1=true
[3881]	77	77	-34	-20	-6	2	det1=true
[3882]	77	77	-30	-22	-2	-6	det1=true
[3883]	77	77	-36	-22	-2	6	det1=true
[3884]	7	78	-1	-1	-1	-2	det1=true
[3885]	7	78	-3	-1	-1	2	det1=true
[3886]	37	78	-9	-7	-4	-3	det1=true
[3887]	37	78	-12	-7	-4	3	det1=true
[3888]	41	78	-6	1	-2	-5	det1=true
[3889]	41	78	-11	1	-2	5	det1=true
[3890]	42	78	-11	0	-5	-2	det1=true
[3891]	42	78	-13	0	-5	2	det1=true
[3892]	58	78	-5	-5	-4	-5	det1=true
[3893]	58	78	-10	-5	-4	5	det1=true
[3894]	60	78	-14	-9	-6	-2	det1=true
[3895]	60	78	-16	-9	-6	2	det1=true
[3896]	72	78	-35	0	-6	-2	det1=true
[3897]	72	78	-37	0	-6	2	det1=true
[3898]	73	78	-23	-23	-4	-5	det1=true
[3899]	73	78	-28	-23	-4	5	det1=true
[3900]	73	78	-6	-1	-4	-6	det1=true
[3901]	73	78	-12	-1	-4	6	det1=true
[3902]	47	79	-4	-1	-3	-5	det1=true
[3903]	47	79	-9	-1	-3	5	det1=true
[3904]	55	79	-12	-11	-1	-6	det1=true
[3905]	56	79	-15	-11	-6	-1	det1=true
[3906]	56	79	-16	-11	-6	1	det1=true
[3907]	59	79	-25	-14	-3	-5	det1=true
[3908]	59	79	-30	-14	-3	5	det1=true
[3909]	65	79	-32	-17	-1	6	det1=true
[3910]	67	79	-27	0	-4	-5	det1=true
[3911]	68	79	-25	-24	-1	-6	det1=true
[3912]	68	79	-31	-24	-1	6	det1=true
[3913]	69	79	-7	1	-7	-1	det1=true
[3914]	69	79	-8	1	-7	1	det1=true
[3915]	69	79	-3	-4	-1	-7	det1=true
[3916]	69	79	-10	-4	-1	7	det1=true
[3917]	74	79	-37	-26	-1	6	det1=true
[3918]	75	79	-28	-22	-4	-5	det1=true
[3919]	76	79	-35	-21	-4	5	det1=true
[3920]	52	80	-7	-8	-1	-6	det1=true
[3921]	52	80	-13	-8	-1	6	det1=true
[3922]	55	80	-7	-2	-6	-2	det1=true
[3923]	55	80	-9	-2	-6	2	det1=true
[3924]	59	80	-29	-7	-1	6	det1=true
[3925]	59	80	-11	-9	-5	-4	det1=true
[3926]	59	80	-15	-9	-5	4	det1=true
[3927]	65	80	-23	-10	-5	-4	det1=true
[3928]	65	80	-27	-10	-5	4	det1=true
[3929]	66	80	-27	-2	-5	-4	det1=true
[3930]	66	80	-31	-2	-5	4	det1=true
[3931]	66	80	-19	-18	-5	-4	det1=true
[3932]	66	80	-23	-18	-5	4	det1=true
[3933]	78	80	-13	-15	-2	-7	det1=true
[3934]	69	77	-26	-8	-5	-4	det1=true
[3935]	69	77	-30	-8	-5	4	det1=true
[3936]	71	77	-33	3	-6	-2	det1=true
[3937]	71	77	-35	3	-6	2	det1=true
[3938]	45	78	-13	-11	-2	-5	det1=true
[3939]	45	78	-18	-11	-2	5	det1=true
[3940]	67	78	-23	-11	-5	-4	det1=true
[3941]	67	78	-27	-11	-5	4	det1=true
[3942]	76	78	-31	-18	-5	-4	det1=true
[3943]	76	78	-35	-18	-5	4	det1=true
[3944]	63	79	-8	-1	-3	-6	det1=true
[3945]	74	79	-21	-19	-3	-6	det1=true
[3946]	74	79	-27	-19	-3	6	det1=true
[3947]	79	79	-68	-2	-2	-3	det1=true
[3948]	42	80	-11	-7	-5	-2	det1=true
[3949]	42	80	-13	-7	-5	2	det1=true
[3950]	55	80	-11	-4	-2	6	det1=true
[3951]	64	80	-27	-2	-6	-2	det1=true
[3952]	66	80	-17	-4	-3	-6	det1=true
[3953]	63	77	-4	1	-3	6	det1=true
[3954]	65	77	-28	-7	-1	-6	det1=true
[3955]	65	77	-34	-7	-1	6	det1=true
[3956]	76	77	-29	-19	-4	-5	det1=true
[3957]	76	77	-34	-19	-4	5	det1=true
[3958]	65	78	-23	1	-4	-5	det1=true
[3959]	65	78	-28	1	-4	5	det1=true
[3960]	68	78	-25	-10	-5	-4	det1=true
[3961]	68	78	-29	-10	-5	4	det1=true
[3962]	76	78	-15	-1	-7	2	det1=true
[3963]	19	79	-11	-2	-2	3	det1=true
[3964]	37	79	-9	-3	-5	-1	det1=true
[3965]	37	79	-10	-3	-5	1	det1=true
[3966]	44	79	-19	-17	-4	-3	det1=true
[3967]	44	79	-22	-17	-4	3	det1=true
[3968]	45	79	-18	-2	-2	-5	det1=true
[3969]	45	79	-23	-2	-2	5	det1=true
[3970]	53	79	-16	-5	-1	6	det1=true
[3971]	63	79	-14	-1	-3	6	det1=true
[3972]	64	79	-26	-1	-6	-2	det1=true
[3973]	64	79	-28	-1	-6	2	det1=true
[3974]	69	79	-4	-2	-1	-7	det1=true
[3975]	69	79	-11	-2	-1	7	det1=true
[3976]	73	79	-17	-5	-7	-1	det1=true
[3977]	73	79	-18	-5	-7	1	det1=true
[3978]	75	79	-19	-5	-1	-7	det1=true
[3979]	55	80	-5	-4	-2	-6	det1=true
[3980]	66	80	-26	-5	-4	-5	det1=true
[3981]	66	80	-31	-5	-4	5	det1=true
[3982]	80	80	-37	-28	-1	-6	det1=true
[3983]	80	80	-43	-28	-1	6	det1=true
[3984]	59	77	-13	-3	-6	-2	det1=true
[3985]	59	77	-15	-3	-6	2	det1=true
[3986]	59	77	-11	-5	-2	-6	det1=true
[3987]	59	77	-17	-5	-2	6	det1=true
[3988]	29	78	-7	-4	-2	-4	det1=true
[3989]	29	78	-11	-4	-2	4	det1=true
[3990]	44	78	-15	1	-2	-5	det1=true
[3991]	44	78	-20	1	-2	5	det1=true
[3992]	55	79	-24	-3	-5	-3	det1=true
[3993]	55	79	-27	-3	-5	3	det1=true
[3994]	75	79	-16	-12	-1	-7	det1=true
[3995]	75	80	-13	-3	-2	-7	det1=true
[3996]	75	80	-20	-3	-2	7	det1=true
[3997]	45	77	-22	-10	-5	-1	det1=true
[3998]	45	77	-23	-10	-5	1	det1=true
[3999]	72	77	-35	-31	-5	-2	det1=true
[4000]	72	77	-37	-31	-5	2	det1=true
[4001]	45	78	-17	-1	-2	-5	det1=true
[4002]	45	78	-22	-1	-2	5	det1=true
[4003]	53	78	-9	-1	-1	-6	det1=true
[4004]	53	78	-15	-1	-1	6	det1=true
[4005]	66	79	-31	-24	-4	-4	det1=true
[4006]	66	79	-35	-24	-4	4	det1=true
[4007]	71	79	-35	-16	-6	-1	det1=true
[4008]	71	79	-36	-16	-6	1	det1=true
[4009]	79	79	-19	-11	-6	-4	det1=true
[4010]	79	79	-23	-11	-6	4	det1=true
[4011]	80	80	-25	0	-7	-2	det1=true
[4012]	80	80	-27	0	-7	2	det1=true
[4013]	15	77	-7	-3	-3	-1	det1=true
[4014]	15	77	-8	-3	-3	1	det1=true
[4015]	43	79	-19	-11	-1	-5	det1=true
[4016]	43	79	-24	-11	-1	5	det1=true
[4017]	52	79	-5	-7	-1	-6	det1=true
[4018]	52	79	-11	-7	-1	6	det1=true
[4019]	53	79	-10	-5	-1	-6	det1=true
[4020]	75	79	-19	-9	-7	-1	det1=true
[4021]	75	79	-20	-9	-7	1	det1=true
[4022]	27	80	0	1	-2	-4	det1=true
[4023]	27	80	-4	1	-2	4	det1=true
[4024]	30	80	-11	-8	-4	-2	det1=true
[4025]	30	80	-13	-8	-4	2	det1=true
[4026]	53	80	-11	-7	-1	-6	det1=true
[4027]	53	80	-17	-7	-1	6	det1=true
[4028]	55	80	-17	-3	-1	-6	det1=true
[4029]	55	80	-23	-3	-1	6	det1=true
[4030]	57	80	-27	-23	-5	-2	det1=true
[4031]	57	80	-29	-23	-5	2	det1=true
[4032]	77	77	-68	-4	-1	-3	det1=true
[4033]	77	77	-71	-4	-1	3	det1=true
[4034]	56	79	-7	-4	-6	-2	det1=true
[4035]	56	79	-9	-4	-6	2	det1=true
[4036]	76	79	-36	-15	-6	-2	det1=true
[4037]	76	79	-38	-15	-6	2	det1=true
[4038]	76	78	-11	-5	-7	-2	det1=true
[4039]	76	78	-13	-5	-7	2	det1=true
[4040]	52	79	-7	-4	-1	-6	det1=true
[4041]	52	79	-13	-4	-1	6	det1=true
[4042]	76	79	-29	-31	-1	-6	det1=true
[4043]	76	79	-35	-31	-1	6	det1=true
[4044]	77	79	-32	-29	-1	-6	det1=true
[4045]	77	79	-38	-29	-1	6	det1=true
[4046]	69	80	-26	-15	-4	-5	det1=true
[4047]	69	80	-31	-15	-4	5	det1=true
[4048]	46	77	-14	-11	-2	-5	det1=true
[4049]	46	77	-19	-11	-2	5	det1=true
[4050]	77	77	-13	-7	-6	-4	det1=true
[4051]	77	77	-17	-7	-6	4	det1=true
[4052]	72	78	-25	-19	-4	-5	det1=true
[4053]	72	78	-30	-19	-4	5	det1=true
[4054]	54	80	0	1	-2	-6	det1=true
[4055]	54	80	-6	1	-2	6	det1=true
[4056]	41	78	-5	-3	-2	-5	det1=true
[4057]	41	78	-10	-3	-2	5	det1=true
[4058]	72	79	-35	-6	-6	-2	det1=true
[4059]	72	79	-37	-6	-6	2	det1=true
[4060]	79	79	-30	-28	-2	-6	det1=true
[4061]	56	80	-12	3	-6	-2	det1=true
[4062]	56	80	-14	3	-6	2	det1=true
[4063]	67	79	-32	-20	-5	-3	det1=true
[4064]	67	79	-35	-20	-5	3	det1=true
[4065]	74	79	-9	-8	-6	-4	det1=true
[4066]	74	79	-13	-8	-6	4	det1=true
[4067]	61	80	-17	-12	-2	-6	det1=true
[4068]	68	80	-26	-17	-6	-2	det1=true
[4069]	76	79	-14	-9	-6	-4	det1=true
[4070]	59	80	-19	0	-6	-2	det1=true
[4071]	59	80	-21	0	-6	2	det1=true
[4072]	68	80	-33	-23	-1	6	det1=true
[4073]	76	79	-18	-9	-6	4	det1=true
[4074]	68	80	-27	-23	-1	-6	det1=true
[4075]	71	77	-31	1	-2	-6	det1=true
[4076]	71	77	-37	1	-2	6	det1=true
[4077]	12	77	-5	-4	-2	-2	det1=true
[4078]	77	77	-12	-8	-4	-6	det1=true
[4079]	77	77	-18	-8	-4	6	det1=true
[4080]	79	79	-18	-12	-4	-6	det1=true
[4081]	77	77	-14	-4	-4	-6	det1=true
[4082]	77	77	-20	-4	-4	6	det1=true
[4083]	30	80	-10	-9	-2	-4	det1=true
[4084]	30	80	-14	-9	-2	4	det1=true
[4085]	66	81	-13	-14	-3	-6	det1=true
[4086]	66	81	-19	-14	-3	6	det1=true
[4087]	67	81	-22	-2	-6	-3	det1=true
[4088]	67	81	-25	-2	-6	3	det1=true
[4089]	73	81	-18	-10	-7	-1	det1=true
[4090]	73	81	-19	-10	-7	1	det1=true
[4091]	37	81	-13	-1	-5	-1	det1=true
[4092]	37	81	-14	-1	-5	1	det1=true
[4093]	79	81	-18	-14	-2	-7	det1=true
[4094]	79	81	-25	-14	-2	7	det1=true
[4095]	76	82	-20	-9	-6	-4	det1=true
[4096]	76	82	-24	-9	-6	4	det1=true
[4097]	82	82	-9	0	-5	-6	det1=true
[4098]	82	82	-15	0	-5	6	det1=true
[4099]	13	83	0	1	-3	-1	det1=true
[4100]	13	83	-1	1	-3	1	det1=true
[4101]	35	83	-13	2	-4	-3	det1=true
[4102]	35	83	-16	2	-4	3	det1=true
[4103]	42	83	-4	1	-4	-4	det1=true
[4104]	42	83	-8	1	-4	4	det1=true
[4105]	83	83	-29	-10	-2	-7	det1=true
[4106]	68	84	-20	-17	-6	-3	det1=true
[4107]	68	84	-23	-17	-6	3	det1=true
[4108]	80	84	-25	-13	-2	-7	det1=true
[4109]	80	84	-32	-13	-2	7	det1=true
[4110]	24	81	-7	-5	-1	-4	det1=true
[4111]	24	81	-11	-5	-1	4	det1=true
[4112]	35	81	-3	-1	-1	-5	det1=true
[4113]	35	81	-8	-1	-1	5	det1=true
[4114]	43	81	-14	-9	-5	-2	det1=true
[4115]	43	81	-16	-9	-5	2	det1=true
[4116]	50	81	-22	-3	-4	-4	det1=true
[4117]	57	81	-14	-6	-6	-2	det1=true
[4118]	57	81	-12	-8	-2	-6	det1=true
[4119]	57	81	-18	-8	-2	6	det1=true
[4120]	60	81	-19	2	-5	-4	det1=true
[4121]	60	81	-23	2	-5	4	det1=true
[4122]	63	81	-10	-8	-6	-3	det1=true
[4123]	63	81	-13	-8	-6	3	det1=true
[4124]	64	81	-26	-9	-6	-2	det1=true
[4125]	64	81	-28	-9	-6	2	det1=true
[4126]	66	81	-29	-13	-4	5	det1=true
[4127]	66	81	-19	-2	-3	-6	det1=true
[4128]	66	81	-25	-2	-3	6	det1=true
[4129]	71	81	-2	-2	-2	-7	det1=true
[4130]	71	81	-9	-2	-2	7	det1=true
[4131]	39	82	-5	-3	-2	-5	det1=true
[4132]	39	82	-10	-3	-2	5	det1=true
[4133]	52	82	-25	-19	-5	-2	det1=true
[4134]	52	82	-27	-19	-5	2	det1=true
[4135]	52	82	-16	1	-6	-1	det1=true
[4136]	52	82	-17	1	-6	1	det1=true
[4137]	52	82	-9	-11	-1	-6	det1=true
[4138]	52	82	-15	-11	-1	6	det1=true
[4139]	54	82	-1	2	-5	-4	det1=true
[4140]	54	82	-5	2	-5	4	det1=true
[4141]	70	82	-8	-3	-6	-4	det1=true
[4142]	70	82	-12	-3	-6	4	det1=true
[4143]	72	82	-33	-13	-4	-5	det1=true
[4144]	72	82	-38	-13	-4	5	det1=true
[4145]	39	83	-8	-3	-5	-2	det1=true
[4146]	39	83	-10	-3	-5	2	det1=true
[4147]	51	83	-14	-8	0	-6	det1=true
[4148]	59	83	-27	-18	-5	-3	det1=true
[4149]	59	83	-30	-18	-5	3	det1=true
[4150]	68	83	-27	-9	-6	3	det1=true
[4151]	76	83	-37	-28	-2	6	det1=true
[4152]	82	83	-9	-7	-6	-5	det1=true
[4153]	82	83	-14	-7	-6	5	det1=true
[4154]	43	84	-16	-11	-2	-5	det1=true
[4155]	43	84	-21	-11	-2	5	det1=true
[4156]	53	84	-25	-23	-5	-2	det1=true
[4157]	53	84	-27	-23	-5	2	det1=true
[4158]	74	84	-21	-1	-7	-2	det1=true
[4159]	74	84	-23	-1	-7	2	det1=true
[4160]	80	84	-28	-3	-2	-7	det1=true
[4161]	80	84	-35	-3	-2	7	det1=true
[4162]	84	84	-5	2	-7	-4	det1=true
[4163]	84	84	-9	2	-7	4	det1=true
[4164]	18	81	-5	-3	-3	-2	det1=true
[4165]	56	81	-14	3	-6	-2	det1=true
[4166]	56	81	-16	3	-6	2	det1=true
[4167]	61	81	-20	-2	-4	-5	det1=true
[4168]	61	81	-25	-2	-4	5	det1=true
[4169]	61	81	-8	2	-6	-3	det1=true
[4170]	61	81	-11	2	-6	3	det1=true
[4171]	62	81	-13	-7	-3	6	det1=true
[4172]	66	81	-24	-13	-4	-5	det1=true
[4173]	67	81	-29	-2	-4	-5	det1=true
[4174]	67	81	-34	-2	-4	5	det1=true
[4175]	69	81	-10	-6	-7	-1	det1=true
[4176]	75	81	-32	1	-3	-6	det1=true
[4177]	76	81	-16	-7	-2	-7	det1=true
[4178]	76	81	-23	-7	-2	7	det1=true
[4179]	77	81	-19	-18	-1	-7	det1=true
[4180]	78	81	-23	-2	-7	-2	det1=true
[4181]	78	81	-25	-2	-7	2	det1=true
[4182]	80	81	-34	-25	-4	-5	det1=true
[4183]	80	81	-39	-25	-4	5	det1=true
[4184]	27	82	-8	-1	-4	2	det1=true
[4185]	38	82	-19	-10	-3	4	det1=true
[4186]	52	82	-15	-3	-6	-1	det1=true
[4187]	52	82	-16	-3	-6	1	det1=true
[4188]	55	82	-7	1	-4	-5	det1=true
[4189]	55	82	-12	1	-4	5	det1=true
[4190]	57	82	-17	-3	-5	4	det1=true
[4191]	63	82	-19	-15	-5	-4	det1=true
[4192]	63	82	-23	-15	-5	4	det1=true
[4193]	66	82	-21	-19	-4	-5	det1=true
[4194]	66	82	-20	-7	-6	-3	det1=true
[4195]	66	82	-23	-7	-6	3	det1=true
[4196]	69	82	-23	-10	-3	-6	det1=true
[4197]	69	82	-29	-10	-3	6	det1=true
[4198]	70	82	-13	-4	-4	6	det1=true
[4199]	73	82	-11	-7	-2	-7	det1=true
[4200]	73	82	-18	-7	-2	7	det1=true
[4201]	74	82	-18	-5	-6	-4	det1=true
[4202]	74	82	-22	-5	-6	4	det1=true
[4203]	80	82	-37	-9	-3	-6	det1=true
[4204]	80	82	-43	-9	-3	6	det1=true
[4205]	27	83	-11	-1	-2	4	det1=true
[4206]	34	83	-9	-1	-3	-4	det1=true
[4207]	34	83	-13	-1	-3	4	det1=true
[4208]	35	83	-8	-3	-5	-1	det1=true
[4209]	35	83	-9	-3	-5	1	det1=true
[4210]	53	83	-24	-15	-3	5	det1=true
[4211]	55	83	-8	-4	-4	-5	det1=true
[4212]	55	83	-13	-4	-4	5	det1=true
[4213]	58	83	-25	-6	-1	-6	det1=true
[4214]	58	83	-31	-6	-1	6	det1=true
[4215]	60	83	-21	-1	-4	-5	det1=true
[4216]	60	83	-26	-1	-4	5	det1=true
[4217]	65	83	-2	3	-7	-1	det1=true
[4218]	65	83	-3	3	-7	1	det1=true
[4219]	67	83	-28	-16	-2	-6	det1=true
[4220]	67	83	-34	-16	-2	6	det1=true
[4221]	67	83	-26	-22	-6	2	det1=true
[4222]	68	83	-33	-27	-1	6	det1=true
[4223]	68	83	-24	-9	-6	-3	det1=true
[4224]	68	83	-3	0	-4	-6	det1=true
[4225]	72	83	-32	-21	-6	-2	det1=true
[4226]	72	83	-34	-21	-6	2	det1=true
[4227]	73	83	-25	-1	-7	-1	det1=true
[4228]	73	83	-26	-1	-7	1	det1=true
[4229]	73	83	-22	-4	-1	-7	det1=true
[4230]	73	83	-29	-4	-1	7	det1=true
[4231]	75	83	-34	-1	-3	-6	det1=true
[4232]	75	83	-40	-1	-3	6	det1=true
[4233]	77	83	-30	-5	-7	-1	det1=true
[4234]	77	83	-31	-5	-7	1	det1=true
[4235]	78	83	-33	-34	-1	-6	det1=true
[4236]	78	83	-39	-34	-1	6	det1=true
[4237]	79	83	-38	-34	-5	-3	det1=true
[4238]	79	83	-41	-34	-5	3	det1=true
[4239]	81	83	-28	-18	-1	-7	det1=true
[4240]	81	83	-35	-18	-1	7	det1=true
[4241]	81	83	-22	-18	-2	-7	det1=true
[4242]	81	83	-29	-18	-2	7	det1=true
[4243]	82	83	-26	-17	-4	-6	det1=true
[4244]	82	83	-32	-17	-4	6	det1=true
[4245]	83	83	-39	-15	-1	7	det1=true
[4246]	83	83	-21	-8	-7	-3	det1=true
[4247]	83	83	-24	-8	-7	3	det1=true
[4248]	83	83	-12	-7	-5	-6	det1=true
[4249]	83	83	-18	-7	-5	6	det1=true
[4250]	38	84	-15	-13	-4	-3	det1=true
[4251]	38	84	-18	-13	-4	3	det1=true
[4252]	52	84	-19	3	-6	-1	det1=true
[4253]	52	84	-20	3	-6	1	det1=true
[4254]	54	84	-11	-6	-6	-2	det1=true
[4255]	54	84	-13	-6	-6	2	det1=true
[4256]	54	84	-9	-8	-2	-6	det1=true
[4257]	54	84	-15	-8	-2	6	det1=true
[4258]	55	84	-21	-7	-1	-6	det1=true
[4259]	55	84	-27	-7	-1	6	det1=true
[4260]	58	84	-19	-1	-5	-4	det1=true
[4261]	58	84	-23	-1	-5	4	det1=true
[4262]	66	84	-32	-9	-6	-2	det1=true
[4263]	66	84	-34	-9	-6	2	det1=true
[4264]	70	84	-29	-7	-6	-3	det1=true
[4265]	80	84	-9	1	-5	-6	det1=true
[4266]	80	84	-15	1	-5	6	det1=true
[4267]	80	84	-13	-3	-6	5	det1=true
[4268]	25	81	-12	-4	-4	-1	det1=true
[4269]	25	81	-13	-4	-4	1	det1=true
[4270]	35	81	-4	-1	-5	-1	det1=true
[4271]	35	81	-5	-1	-5	1	det1=true
[4272]	40	81	-8	-1	-2	-5	det1=true
[4273]	51	81	-24	-17	-5	-2	det1=true
[4274]	51	81	-26	-17	-5	2	det1=true
[4275]	55	81	-26	-22	-5	-2	det1=true
[4276]	55	81	-28	-22	-5	2	det1=true
[4277]	55	81	-2	-2	-4	-5	det1=true
[4278]	57	81	-11	-2	-4	-5	det1=true
[4279]	57	81	-16	-2	-4	5	det1=true
[4280]	58	81	-11	-8	-5	-4	det1=true
[4281]	58	81	-15	-8	-5	4	det1=true
[4282]	60	81	-15	-14	-2	-6	det1=true
[4283]	60	81	-21	-14	-2	6	det1=true
[4284]	71	81	-15	-4	-1	-7	det1=true
[4285]	71	81	-22	-4	-1	7	det1=true
[4286]	75	81	-20	-14	-7	1	det1=true
[4287]	77	81	-22	-15	-7	-1	det1=true
[4288]	77	81	-23	-15	-7	1	det1=true
[4289]	77	81	-26	-18	-1	7	det1=true
[4290]	78	81	-18	-11	-2	-7	det1=true
[4291]	78	81	-25	-11	-2	7	det1=true
[4292]	38	82	-15	-10	-3	-4	det1=true
[4293]	41	82	-17	-16	-3	-4	det1=true
[4294]	41	82	-21	-16	-3	4	det1=true
[4295]	56	82	-24	1	-6	-1	det1=true
[4296]	56	82	-25	1	-6	1	det1=true
[4297]	57	82	-25	-3	-6	-1	det1=true
[4298]	57	82	-13	-3	-5	-4	det1=true
[4299]	58	82	-17	-8	-6	-2	det1=true
[4300]	70	82	-7	-4	-4	-6	det1=true
[4301]	71	82	-11	-4	-6	-4	det1=true
[4302]	71	82	-15	-4	-6	4	det1=true
[4303]	77	82	-35	-3	-3	-6	det1=true
[4304]	77	82	-41	-3	-3	6	det1=true
[4305]	80	82	-34	-29	-6	-2	det1=true
[4306]	80	82	-36	-29	-6	2	det1=true
[4307]	80	82	-32	-31	-2	-6	det1=true
[4308]	80	82	-38	-31	-2	6	det1=true
[4309]	23	83	-6	-3	-1	-4	det1=true
[4310]	27	83	-8	0	-4	-2	det1=true
[4311]	27	83	-10	0	-4	2	det1=true
[4312]	39	83	-8	0	-2	-5	det1=true
[4313]	39	83	-13	0	-2	5	det1=true
[4314]	43	83	-20	1	-5	-2	det1=true
[4315]	47	83	-14	-12	-4	-4	det1=true
[4316]	52	83	-11	-11	-1	-6	det1=true
[4317]	52	83	-17	-11	-1	6	det1=true
[4318]	52	83	1	0	-2	-6	det1=true
[4319]	52	83	-5	0	-2	6	det1=true
[4320]	53	83	-19	-15	-3	-5	det1=true
[4321]	59	83	-20	-19	-1	-6	det1=true
[4322]	59	83	-26	-19	-1	6	det1=true
[4323]	60	83	-15	-14	-5	-4	det1=true
[4324]	67	83	-25	0	-6	-3	det1=true
[4325]	67	83	-28	0	-6	3	det1=true
[4326]	71	83	-8	-6	-2	-7	det1=true
[4327]	71	83	-15	-6	-2	7	det1=true
[4328]	77	83	-35	-25	-6	-2	det1=true
[4329]	77	83	-37	-25	-6	2	det1=true
[4330]	77	83	-29	-8	-7	-1	det1=true
[4331]	77	83	-30	-8	-7	1	det1=true
[4332]	79	83	-37	-35	-3	-5	det1=true
[4333]	79	83	-42	-35	-3	5	det1=true
[4334]	80	83	-33	-29	-4	-5	det1=true
[4335]	80	83	-38	-29	-4	5	det1=true
[4336]	81	83	-31	-15	-7	-1	det1=true
[4337]	81	83	-32	-15	-7	1	det1=true
[4338]	83	83	-19	-10	-3	-7	det1=true
[4339]	83	83	-26	-10	-3	7	det1=true
[4340]	83	83	-15	0	-6	-5	det1=true
[4341]	38	84	-5	-3	-5	-2	det1=true
[4342]	38	84	-7	-3	-5	2	det1=true
[4343]	54	84	-14	3	-6	-2	det1=true
[4344]	54	84	-16	3	-6	2	det1=true
[4345]	57	84	-18	-5	-2	-6	det1=true
[4346]	57	84	-24	-5	-2	6	det1=true
[4347]	63	84	-27	-8	-2	-6	det1=true
[4348]	63	84	-33	-8	-2	6	det1=true
[4349]	70	84	-29	-1	-3	-6	det1=true
[4350]	70	84	-35	-1	-3	6	det1=true
[4351]	74	84	-31	-13	-3	-6	det1=true
[4352]	74	84	-37	-13	-3	6	det1=true
[4353]	77	84	-21	-13	-7	-2	det1=true
[4354]	77	84	-23	-13	-7	2	det1=true
[4355]	78	84	-27	-4	-7	-2	det1=true
[4356]	78	84	-29	-4	-7	2	det1=true
[4357]	79	84	-21	-17	-2	-7	det1=true
[4358]	79	84	-28	-17	-2	7	det1=true
[4359]	24	81	-10	1	-4	-1	det1=true
[4360]	24	81	-11	1	-4	1	det1=true
[4361]	35	81	-2	-3	-1	-5	det1=true
[4362]	35	81	-7	-3	-1	5	det1=true
[4363]	42	81	-19	-1	-2	5	det1=true
[4364]	42	81	-13	-5	-2	-5	det1=true
[4365]	42	81	-18	-5	-2	5	det1=true
[4366]	42	81	-11	-9	-5	-2	det1=true
[4367]	42	81	-13	-9	-5	2	det1=true
[4368]	47	81	-20	-13	-5	-2	det1=true
[4369]	47	81	-22	-13	-5	2	det1=true
[4370]	55	81	-7	-2	-4	5	det1=true
[4371]	59	81	-28	-26	-5	-2	det1=true
[4372]	59	81	-30	-26	-5	2	det1=true
[4373]	64	81	-25	-1	-4	-5	det1=true
[4374]	65	81	-24	-14	-2	-6	det1=true
[4375]	65	81	-30	-14	-2	6	det1=true
[4376]	69	81	-11	-6	-7	1	det1=true
[4377]	69	81	-7	-9	-1	-7	det1=true
[4378]	69	81	-14	-9	-1	7	det1=true
[4379]	71	81	-25	-22	-4	-5	det1=true
[4380]	71	81	-30	-22	-4	5	det1=true
[4381]	72	81	-9	-1	-7	-2	det1=true
[4382]	75	81	-34	-16	-4	-5	det1=true
[4383]	75	81	-39	-16	-4	5	det1=true
[4384]	75	81	-38	1	-3	6	det1=true
[4385]	35	82	-11	-1	-3	-4	det1=true
[4386]	35	82	-15	-1	-3	4	det1=true
[4387]	45	82	-17	-13	-5	-2	det1=true
[4388]	45	82	-19	-13	-5	2	det1=true
[4389]	57	82	-21	-10	-1	-6	det1=true
[4390]	57	82	-27	-10	-1	6	det1=true
[4391]	62	82	-19	-16	-2	-6	det1=true
[4392]	62	82	-25	-16	-2	6	det1=true
[4393]	65	82	-21	-7	-6	3	det1=true
[4394]	66	82	-26	-19	-4	5	det1=true
[4395]	80	82	-23	-13	-7	-2	det1=true
[4396]	80	82	-25	-13	-7	2	det1=true
[4397]	81	82	-73	-6	-3	2	det1=true
[4398]	17	83	-2	1	-3	-2	det1=true
[4399]	17	83	-4	1	-3	2	det1=true
[4400]	23	83	-10	-3	-1	4	det1=true
[4401]	27	83	-7	-1	-2	-4	det1=true
[4402]	35	83	-9	-8	-4	-3	det1=true
[4403]	35	83	-12	-8	-4	3	det1=true
[4404]	38	83	-3	-1	-5	-2	det1=true
[4405]	38	83	-5	-1	-5	2	det1=true
[4406]	44	83	-21	-4	-5	-2	det1=true
[4407]	44	83	-23	-4	-5	2	det1=true
[4408]	49	83	-4	-5	-1	-6	det1=true
[4409]	49	83	-10	-5	-1	6	det1=true
[4410]	56	83	-13	-8	-2	-6	det1=true
[4411]	56	83	-19	-8	-2	6	det1=true
[4412]	63	83	-13	-10	-6	-3	det1=true
[4413]	63	83	-16	-10	-6	3	det1=true
[4414]	68	83	-30	-11	-4	-5	det1=true
[4415]	68	83	-35	-11	-4	5	det1=true
[4416]	71	83	-21	-3	-7	-1	det1=true
[4417]	71	83	-22	-3	-7	1	det1=true
[4418]	71	83	-18	-6	-1	-7	det1=true
[4419]	71	83	-25	-6	-1	7	det1=true
[4420]	71	83	-12	-6	-4	-6	det1=true
[4421]	71	83	-18	-6	-4	6	det1=true
[4422]	74	83	-19	-2	-7	-2	det1=true
[4423]	74	83	-21	-2	-7	2	det1=true
[4424]	76	83	-31	-28	-2	-6	det1=true
[4425]	77	83	-9	-2	-7	-3	det1=true
[4426]	77	83	-12	-2	-7	3	det1=true
[4427]	79	83	-31	-11	-4	6	det1=true
[4428]	83	83	-20	0	-6	5	det1=true
[4429]	61	84	-29	-15	-6	1	det1=true
[4430]	70	84	-8	-5	-2	-7	det1=true
[4431]	70	84	-15	-5	-2	7	det1=true
[4432]	71	84	-16	-3	-6	-4	det1=true
[4433]	71	84	-20	-3	-6	4	det1=true
[4434]	72	84	-35	-18	-6	-2	det1=true
[4435]	72	84	-37	-18	-6	2	det1=true
[4436]	72	84	-33	-20	-2	-6	det1=true
[4437]	72	84	-39	-20	-2	6	det1=true
[4438]	72	84	-19	0	-7	2	det1=true
[4439]	72	84	-20	-7	-2	7	det1=true
[4440]	74	84	-29	-17	-3	-6	det1=true
[4441]	74	84	-35	-17	-3	6	det1=true
[4442]	75	84	-32	-27	-6	-2	det1=true
[4443]	75	84	-34	-27	-6	2	det1=true
[4444]	79	84	-33	-29	-5	-4	det1=true
[4445]	79	84	-37	-29	-5	4	det1=true
[4446]	80	84	-8	-3	-6	-5	det1=true
[4447]	84	84	-3	-1	-4	-7	det1=true
[4448]	84	84	-10	-1	-4	7	det1=true
[4449]	18	81	-6	1	-2	-3	det1=true
[4450]	18	81	-9	1	-2	3	det1=true
[4451]	18	81	-7	-3	-3	2	det1=true
[4452]	29	81	-10	-6	-2	-4	det1=true
[4453]	29	81	-14	-6	-2	4	det1=true
[4454]	37	81	-16	-3	-1	5	det1=true
[4455]	42	81	-14	-1	-2	-5	det1=true
[4456]	42	81	-15	-2	-5	-2	det1=true
[4457]	42	81	-17	-2	-5	2	det1=true
[4458]	57	81	-16	-6	-6	2	det1=true
[4459]	57	81	-12	1	-5	-4	det1=true
[4460]	57	81	-16	1	-5	4	det1=true
[4461]	65	81	-23	-12	-4	-5	det1=true
[4462]	65	81	-28	-12	-4	5	det1=true
[4463]	71	81	-17	-4	-7	-1	det1=true
[4464]	71	81	-18	-4	-7	1	det1=true
[4465]	71	81	-16	-6	-7	-1	det1=true
[4466]	71	81	-17	-6	-7	1	det1=true
[4467]	71	81	-13	-9	-1	-7	det1=true
[4468]	71	81	-20	-9	-1	7	det1=true
[4469]	73	81	-15	-13	-1	-7	det1=true
[4470]	73	81	-22	-13	-1	7	det1=true
[4471]	75	81	-18	2	-7	-2	det1=true
[4472]	75	81	-20	2	-7	2	det1=true
[4473]	39	82	-6	1	-2	-5	det1=true
[4474]	39	82	-11	1	-2	5	det1=true
[4475]	49	82	-5	3	-6	-1	det1=true
[4476]	49	82	-6	3	-6	1	det1=true
[4477]	50	82	-13	-3	-1	6	det1=true
[4478]	52	82	-13	-4	-1	-6	det1=true
[4479]	52	82	-19	-4	-1	6	det1=true
[4480]	54	82	-8	-3	-6	-2	det1=true
[4481]	54	82	-10	-3	-6	2	det1=true
[4482]	58	82	-15	-10	-2	-6	det1=true
[4483]	65	82	-18	-7	-6	-3	det1=true
[4484]	66	82	-29	1	-4	-5	det1=true
[4485]	66	82	-34	1	-4	5	det1=true
[4486]	67	82	-30	-21	-6	-1	det1=true
[4487]	75	82	-33	-20	-5	-4	det1=true
[4488]	75	82	-37	-20	-5	4	det1=true
[4489]	79	82	-25	-6	-7	-2	det1=true
[4490]	79	82	-27	-6	-7	2	det1=true
[4491]	80	82	-25	-5	-2	-7	det1=true
[4492]	80	82	-32	-5	-2	7	det1=true
[4493]	81	82	-37	-24	-5	-4	det1=true
[4494]	18	83	-6	-5	-2	-3	det1=true
[4495]	18	83	-9	-5	-2	3	det1=true
[4496]	23	83	-8	0	-4	-1	det1=true
[4497]	23	83	-9	0	-4	1	det1=true
[4498]	35	83	-6	-5	-1	-5	det1=true
[4499]	35	83	-11	-5	-1	5	det1=true
[4500]	51	83	-12	-4	-1	-6	det1=true
[4501]	51	83	-18	-4	-1	6	det1=true
[4502]	53	83	-21	-12	-3	-5	det1=true
[4503]	53	83	-26	-12	-3	5	det1=true
[4504]	53	83	-20	-14	-5	-3	det1=true
[4505]	53	83	-23	-14	-5	3	det1=true
[4506]	68	83	-4	1	-6	-4	det1=true
[4507]	68	83	-8	1	-6	4	det1=true
[4508]	71	83	-13	-5	-6	-4	det1=true
[4509]	72	83	-30	-23	-2	-6	det1=true
[4510]	72	83	-36	-23	-2	6	det1=true
[4511]	83	83	-30	-12	-4	-6	det1=true
[4512]	22	84	-1	-2	-1	-4	det1=true
[4513]	22	84	-5	-2	-1	4	det1=true
[4514]	23	84	-9	-1	-4	-1	det1=true
[4515]	23	84	-10	-1	-4	1	det1=true
[4516]	49	84	-20	-21	-2	-5	det1=true
[4517]	49	84	-25	-21	-2	5	det1=true
[4518]	57	84	-20	-3	-6	-2	det1=true
[4519]	57	84	-22	-3	-6	2	det1=true
[4520]	63	84	-29	-6	-6	-2	det1=true
[4521]	63	84	-31	-6	-6	2	det1=true
[4522]	63	84	-17	-7	-6	-3	det1=true
[4523]	63	84	-20	-7	-6	3	det1=true
[4524]	64	84	-28	-21	-6	-1	det1=true
[4525]	65	84	-22	-19	-4	-5	det1=true
[4526]	65	84	-27	-19	-4	5	det1=true
[4527]	65	84	-17	-13	-3	-6	det1=true
[4528]	71	84	-15	-4	-4	-6	det1=true
[4529]	71	84	-21	-4	-4	6	det1=true
[4530]	73	84	-19	-1	-7	-2	det1=true
[4531]	73	84	-21	-1	-7	2	det1=true
[4532]	75	84	-30	-29	-2	-6	det1=true
[4533]	75	84	-36	-29	-2	6	det1=true
[4534]	81	84	-28	-9	-2	-7	det1=true
[4535]	84	84	-48	-11	-2	-6	det1=true
[4536]	84	84	-54	-11	-2	6	det1=true
[4537]	84	84	-6	1	-8	-1	det1=true
[4538]	84	84	-7	1	-8	1	det1=true
[4539]	19	81	-8	-6	-3	-2	det1=true
[4540]	37	81	-11	-3	-1	-5	det1=true
[4541]	45	81	-21	-17	-5	-1	det1=true
[4542]	45	81	-22	-17	-5	1	det1=true
[4543]	45	81	-19	-19	-1	-5	det1=true
[4544]	45	81	-24	-19	-1	5	det1=true
[4545]	45	81	-12	2	-4	-4	det1=true
[4546]	56	81	-12	1	-2	-6	det1=true
[4547]	56	81	-18	1	-2	6	det1=true
[4548]	56	81	-11	-6	-6	-2	det1=true
[4549]	60	81	-17	-12	-6	-2	det1=true
[4550]	60	81	-19	-12	-6	2	det1=true
[4551]	64	81	-30	-1	-4	5	det1=true
[4552]	65	81	-26	-12	-6	-2	det1=true
[4553]	65	81	-28	-12	-6	2	det1=true
[4554]	72	81	-11	-1	-7	2	det1=true
[4555]	78	81	-26	-9	-2	7	det1=true
[4556]	24	82	-10	-3	-4	-1	det1=true
[4557]	24	82	-11	-3	-4	1	det1=true
[4558]	33	82	-1	0	-3	-4	det1=true
[4559]	33	82	-5	0	-3	4	det1=true
[4560]	43	82	-19	2	-5	-2	det1=true
[4561]	43	82	-21	2	-5	2	det1=true
[4562]	45	82	-18	-11	-2	-5	det1=true
[4563]	45	82	-23	-11	-2	5	det1=true
[4564]	53	82	-18	-1	-6	-1	det1=true
[4565]	53	82	-19	-1	-6	1	det1=true
[4566]	54	82	-6	-5	-2	-6	det1=true
[4567]	54	82	-12	-5	-2	6	det1=true
[4568]	55	82	-22	-1	-6	-1	det1=true
[4569]	56	82	-13	-4	-2	-6	det1=true
[4570]	56	82	-19	-4	-2	6	det1=true
[4571]	57	82	-26	-3	-6	1	det1=true
[4572]	60	82	-11	-1	-3	6	det1=true
[4573]	67	82	-31	-21	-6	1	det1=true
[4574]	73	82	-33	-16	-5	-4	det1=true
[4575]	76	82	-35	-22	-6	-2	det1=true
[4576]	76	82	-37	-22	-6	2	det1=true
[4577]	35	83	-7	-3	-1	-5	det1=true
[4578]	35	83	-12	-3	-1	5	det1=true
[4579]	57	83	-14	-5	-5	-4	det1=true
[4580]	57	83	-18	-5	-5	4	det1=true
[4581]	59	83	-26	-19	-3	-5	det1=true
[4582]	59	83	-31	-19	-3	5	det1=true
[4583]	59	83	-18	-12	-6	-2	det1=true
[4584]	59	83	-20	-12	-6	2	det1=true
[4585]	59	83	-16	-14	-2	-6	det1=true
[4586]	59	83	-22	-14	-2	6	det1=true
[4587]	67	83	-24	-22	-6	-2	det1=true
[4588]	68	83	-23	-22	-5	-4	det1=true
[4589]	71	83	-17	-5	-6	4	det1=true
[4590]	71	83	-12	0	-7	-2	det1=true
[4591]	74	83	-21	0	-6	-4	det1=true
[4592]	74	83	-25	0	-6	4	det1=true
[4593]	80	83	-5	1	-5	-6	det1=true
[4594]	80	83	-11	1	-5	6	det1=true
[4595]	82	83	-43	-26	-1	-6	det1=true
[4596]	82	83	-49	-26	-1	6	det1=true
[4597]	83	83	-36	-12	-7	1	det1=true
[4598]	83	83	-33	-13	-5	-5	det1=true
[4599]	83	83	-38	-13	-5	5	det1=true
[4600]	83	83	-32	-15	-1	-7	det1=true
[4601]	83	83	-31	-11	-6	-4	det1=true
[4602]	39	84	-11	0	-5	-2	det1=true
[4603]	39	84	-13	0	-5	2	det1=true
[4604]	42	84	-19	1	-5	-2	det1=true
[4605]	60	84	-24	1	-2	-6	det1=true
[4606]	60	84	-30	1	-2	6	det1=true
[4607]	61	84	-13	-5	-6	-3	det1=true
[4608]	61	84	-16	-5	-6	3	det1=true
[4609]	69	84	-7	-1	-7	-2	det1=true
[4610]	69	84	-9	-1	-7	2	det1=true
[4611]	70	84	-31	-27	-6	-1	det1=true
[4612]	70	84	-32	-27	-6	1	det1=true
[4613]	70	84	-32	-7	-6	3	det1=true
[4614]	71	84	-29	-8	-3	-6	det1=true
[4615]	71	84	-35	-8	-3	6	det1=true
[4616]	72	84	-17	0	-7	-2	det1=true
[4617]	74	84	-21	-4	-4	-6	det1=true
[4618]	74	84	-27	-4	-4	6	det1=true
[4619]	76	84	-19	-13	-7	-2	det1=true
[4620]	76	84	-21	-13	-7	2	det1=true
[4621]	29	81	-11	-5	-4	-2	det1=true
[4622]	29	81	-13	-5	-4	2	det1=true
[4623]	35	81	-5	1	-5	-1	det1=true
[4624]	35	81	-6	1	-5	1	det1=true
[4625]	50	81	-22	-17	-2	-5	det1=true
[4626]	50	81	-27	-17	-2	5	det1=true
[4627]	55	81	-4	2	-5	-4	det1=true
[4628]	56	81	-13	-6	-6	2	det1=true
[4629]	71	81	-18	-1	-7	-1	det1=true
[4630]	71	81	-19	-1	-7	1	det1=true
[4631]	71	81	-14	-7	-1	-7	det1=true
[4632]	71	81	-21	-7	-1	7	det1=true
[4633]	75	81	-16	-17	-1	-7	det1=true
[4634]	78	81	-19	-9	-2	-7	det1=true
[4635]	27	82	-6	-1	-4	-2	det1=true
[4636]	34	82	-7	-2	-3	-4	det1=true
[4637]	50	82	-7	-3	-1	-6	det1=true
[4638]	55	82	-23	-1	-6	1	det1=true
[4639]	56	82	-15	-2	-6	-2	det1=true
[4640]	56	82	-17	-2	-6	2	det1=true
[4641]	71	82	-10	-5	-4	-6	det1=true
[4642]	76	82	-33	-24	-2	-6	det1=true
[4643]	76	82	-39	-24	-2	6	det1=true
[4644]	76	82	-19	-10	-4	-6	det1=true
[4645]	76	82	-25	-10	-4	6	det1=true
[4646]	81	82	-41	-24	-5	4	det1=true
[4647]	53	83	-22	-11	-5	-3	det1=true
[4648]	53	83	-25	-11	-5	3	det1=true
[4649]	55	83	-23	-2	-6	-1	det1=true
[4650]	59	83	-19	-2	-4	-5	det1=true
[4651]	59	83	-24	-2	-4	5	det1=true
[4652]	68	83	-9	0	-4	6	det1=true
[4653]	77	83	-7	-4	-3	-7	det1=true
[4654]	77	83	-14	-4	-3	7	det1=true
[4655]	83	83	-35	-12	-7	-1	det1=true
[4656]	83	83	-35	-11	-6	4	det1=true
[4657]	35	84	-13	-3	-3	-4	det1=true
[4658]	35	84	-17	-3	-3	4	det1=true
[4659]	40	84	-11	-7	-5	-2	det1=true
[4660]	40	84	-13	-7	-5	2	det1=true
[4661]	61	84	-28	-15	-6	-1	det1=true
[4662]	64	84	-29	-21	-6	1	det1=true
[4663]	65	84	-29	-5	-4	-5	det1=true
[4664]	65	84	-34	-5	-4	5	det1=true
[4665]	72	84	-13	-7	-2	-7	det1=true
[4666]	82	84	-33	-1	-7	-2	det1=true
[4667]	82	84	-35	-1	-7	2	det1=true
[4668]	82	84	-21	-23	-2	-7	det1=true
[4669]	82	84	-28	-23	-2	7	det1=true
[4670]	59	81	-17	-9	-6	-2	det1=true
[4671]	68	81	-31	2	-5	-4	det1=true
[4672]	68	81	-35	2	-5	4	det1=true
[4673]	40	82	-7	-7	-2	-5	det1=true
[4674]	40	82	-12	-7	-2	5	det1=true
[4675]	55	82	-5	-4	-5	-4	det1=true
[4676]	55	82	-9	-4	-5	4	det1=true
[4677]	60	82	-5	-1	-3	-6	det1=true
[4678]	69	82	-32	-5	-4	-5	det1=true
[4679]	69	82	-37	-5	-4	5	det1=true
[4680]	73	82	-37	-16	-5	4	det1=true
[4681]	79	82	-23	-7	-2	-7	det1=true
[4682]	79	82	-30	-7	-2	7	det1=true
[4683]	41	83	-10	-10	-2	-5	det1=true
[4684]	41	83	-15	-10	-2	5	det1=true
[4685]	55	83	-24	-2	-6	1	det1=true
[4686]	58	83	-19	-18	-1	-6	det1=true
[4687]	58	83	-25	-18	-1	6	det1=true
[4688]	60	83	-19	-14	-5	4	det1=true
[4689]	74	83	-20	-1	-4	-6	det1=true
[4690]	74	83	-26	-1	-4	6	det1=true
[4691]	77	83	-33	-27	-2	-6	det1=true
[4692]	77	83	-39	-27	-2	6	det1=true
[4693]	79	83	-25	-11	-4	-6	det1=true
[4694]	80	83	-3	-3	-5	-6	det1=true
[4695]	80	83	-9	-3	-5	6	det1=true
[4696]	82	83	-31	-27	-6	-3	det1=true
[4697]	59	84	-8	-1	-6	-3	det1=true
[4698]	59	84	-11	-1	-6	3	det1=true
[4699]	74	84	-22	-3	-6	-4	det1=true
[4700]	74	84	-26	-3	-6	4	det1=true
[4701]	81	84	-29	-5	-2	-7	det1=true
[4702]	30	81	-14	-5	-4	-2	det1=true
[4703]	54	81	-25	-12	-4	-4	det1=true
[4704]	60	81	-14	-11	-4	-5	det1=true
[4705]	60	81	-19	-11	-4	5	det1=true
[4706]	70	82	-29	-20	-6	-2	det1=true
[4707]	71	82	-16	-5	-4	6	det1=true
[4708]	72	82	-9	-5	-2	-7	det1=true
[4709]	35	83	-9	-1	-5	-1	det1=true
[4710]	35	83	-10	-1	-5	1	det1=true
[4711]	52	83	-1	2	-6	-2	det1=true
[4712]	52	83	-3	2	-6	2	det1=true
[4713]	55	83	-14	1	-5	4	det1=true
[4714]	62	83	-24	-3	-4	-5	det1=true
[4715]	69	83	-14	-9	-7	1	det1=true
[4716]	76	83	-33	-26	-6	-2	det1=true
[4717]	76	83	-35	-26	-6	2	det1=true
[4718]	75	84	-20	-5	-2	-7	det1=true
[4719]	75	84	-27	-5	-2	7	det1=true
[4720]	70	82	-27	-22	-2	-6	det1=true
[4721]	74	82	-32	-29	-6	-1	det1=true
[4722]	74	82	-33	-29	-6	1	det1=true
[4723]	55	83	-10	1	-5	-4	det1=true
[4724]	69	83	-30	-25	-1	-6	det1=true
[4725]	69	83	-36	-25	-1	6	det1=true
[4726]	59	84	-7	-1	-3	-6	det1=true
[4727]	59	84	-13	-1	-3	6	det1=true
[4728]	59	81	-15	-11	-2	-6	det1=true
[4729]	64	83	-26	-7	-4	-5	det1=true
[4730]	64	83	-31	-7	-4	5	det1=true
[4731]	69	83	-10	-12	-1	-7	det1=true
[4732]	64	81	-24	-11	-2	-6	det1=true
[4733]	64	81	-30	-11	-2	6	det1=true
[4734]	65	81	-24	-10	-4	-5	det1=true
[4735]	65	81	-29	-10	-4	5	det1=true
[4736]	74	81	-10	-9	-2	-7	det1=true
[4737]	74	81	-17	-9	-2	7	det1=true
[4738]	75	81	-28	-25	-5	-4	det1=true
[4739]	75	81	-32	-25	-5	4	det1=true
[4740]	72	82	-25	-25	-4	-5	det1=true
[4741]	76	82	-17	-9	-2	-7	det1=true
[4742]	69	83	-13	-9	-7	-1	det1=true
[4743]	69	83	-17	-12	-1	7	det1=true
[4744]	81	83	-27	-8	-2	-7	det1=true
[4745]	75	84	-23	0	-7	-2	det1=true
[4746]	75	84	-25	0	-7	2	det1=true
[4747]	72	81	-33	-14	-2	-6	det1=true
[4748]	72	81	-39	-14	-2	6	det1=true
[4749]	62	82	-21	-14	-6	-2	det1=true
[4750]	62	82	-23	-14	-6	2	det1=true
[4751]	72	82	-30	-25	-4	5	det1=true
[4752]	76	82	-24	-9	-2	7	det1=true
[4753]	72	81	-35	-12	-6	-2	det1=true
[4754]	61	83	-10	-6	-6	-3	det1=true
[4755]	71	83	-14	2	-4	-6	det1=true
[4756]	71	83	-20	2	-4	6	det1=true
[4757]	83	83	-28	-16	-4	-6	det1=true
[4758]	60	82	-18	-7	-4	-5	det1=true
[4759]	60	82	-23	-7	-4	5	det1=true
[4760]	75	83	-20	-5	-7	-2	det1=true
[4761]	75	83	-22	-5	-7	2	det1=true
[4762]	49	81	-20	-4	-4	-4	det1=true
[4763]	49	81	-24	-4	-4	4	det1=true
[4764]	78	83	-19	-15	-2	-7	det1=true
[4765]	78	83	-26	-15	-2	7	det1=true
[4766]	83	83	-38	-27	-5	-4	det1=true
[4767]	83	83	-48	-18	-4	5	det1=true
[4768]	75	83	-35	-18	-4	-5	det1=true
[4769]	71	83	-9	-4	-2	-7	det1=true
[4770]	30	81	-13	-6	-2	-4	det1=true
[4771]	60	83	-7	-4	-3	-6	det1=true
[4772]	60	84	-26	3	-6	-2	det1=true
[4773]	60	84	-28	3	-6	2	det1=true
[4774]	76	83	-17	-13	-7	-2	det1=true
[4775]	76	83	-19	-13	-7	2	det1=true
[4776]	76	83	-23	-1	-7	-2	det1=true
[4777]	76	83	-25	-1	-7	2	det1=true
[4778]	77	84	-24	1	-2	-7	det1=true
[4779]	84	85	-10	-1	-8	-1	det1=true
[4780]	84	85	-11	-1	-8	1	det1=true
[4781]	67	86	-27	-7	-6	-3	det1=true
[4782]	67	86	-30	-7	-6	3	det1=true
[4783]	70	86	-32	-21	-2	-6	det1=true
[4784]	70	86	-38	-21	-2	6	det1=true
[4785]	13	85	-4	-1	-3	-1	det1=true
[4786]	13	85	-5	-1	-3	1	det1=true
[4787]	13	85	-3	-2	-1	-3	det1=true
[4788]	13	85	-6	-2	-1	3	det1=true
[4789]	50	85	-13	-2	-1	-6	det1=true
[4790]	50	85	-19	-2	-1	6	det1=true
[4791]	54	85	-7	-7	-4	-5	det1=true
[4792]	54	85	-12	-7	-4	5	det1=true
[4793]	58	85	-19	-5	-4	-5	det1=true
[4794]	58	85	-24	-5	-4	5	det1=true
[4795]	60	85	-23	-5	-5	-4	det1=true
[4796]	60	85	-27	-5	-5	4	det1=true
[4797]	61	85	-28	-23	-5	-3	det1=true
[4798]	61	85	-31	-23	-5	3	det1=true
[4799]	67	85	-29	-19	-6	-2	det1=true
[4800]	67	85	-31	-19	-6	2	det1=true
[4801]	78	85	-36	-25	-4	-5	det1=true
[4802]	85	85	-23	-15	-3	-7	det1=true
[4803]	85	85	-30	-15	-3	7	det1=true
[4804]	26	86	-6	-3	-2	-4	det1=true
[4805]	53	86	-7	-5	-4	-5	det1=true
[4806]	53	86	-12	-5	-4	5	det1=true
[4807]	68	86	-5	-7	-2	-7	det1=true
[4808]	68	86	-12	-7	-2	7	det1=true
[4809]	69	86	-23	-19	-6	-3	det1=true
[4810]	69	86	-26	-19	-6	3	det1=true
[4811]	70	86	-34	-19	-6	-2	det1=true
[4812]	70	86	-36	-19	-6	2	det1=true
[4813]	26	87	-8	-3	-4	-2	det1=true
[4814]	27	87	-11	-5	-4	-2	det1=true
[4815]	27	87	-13	-5	-4	2	det1=true
[4816]	55	87	-20	-4	-5	4	det1=true
[4817]	78	87	-34	-23	-6	-3	det1=true
[4818]	78	87	-37	-23	-6	3	det1=true
[4819]	49	88	-15	0	-1	-6	det1=true
[4820]	49	88	-21	0	-1	6	det1=true
[4821]	83	88	-35	-14	-4	-6	det1=true
[4822]	83	88	-41	-14	-4	6	det1=true
[4823]	37	85	-18	2	-5	-1	det1=true
[4824]	37	85	-19	2	-5	1	det1=true
[4825]	39	85	-12	-2	-5	-2	det1=true
[4826]	39	85	-14	-2	-5	2	det1=true
[4827]	53	85	-22	-14	-3	-5	det1=true
[4828]	53	85	-27	-14	-3	5	det1=true
[4829]	60	85	-22	-7	-4	-5	det1=true
[4830]	60	85	-27	-7	-4	5	det1=true
[4831]	61	85	-27	-18	-6	-1	det1=true
[4832]	61	85	-28	-18	-6	1	det1=true
[4833]	78	85	-5	3	-6	-5	det1=true
[4834]	78	85	-10	3	-6	5	det1=true
[4835]	79	85	-8	-2	-5	-6	det1=true
[4836]	79	85	-14	-2	-5	6	det1=true
[4837]	17	86	-6	-1	-2	-3	det1=true
[4838]	17	86	-9	-1	-2	3	det1=true
[4839]	26	86	-7	-2	-4	-2	det1=true
[4840]	26	86	-10	-3	-2	4	det1=true
[4841]	35	86	-13	-8	-3	-4	det1=true
[4842]	35	86	-17	-8	-3	4	det1=true
[4843]	81	86	-35	-25	-6	-3	det1=true
[4844]	81	86	-38	-25	-6	3	det1=true
[4845]	86	86	-17	-2	-7	-4	det1=true
[4846]	26	87	-10	-3	-4	2	det1=true
[4847]	37	87	-17	-8	-5	-1	det1=true
[4848]	37	87	-18	-8	-5	1	det1=true
[4849]	55	87	-16	-4	-5	-4	det1=true
[4850]	57	87	-17	-15	-6	-2	det1=true
[4851]	57	87	-19	-15	-6	2	det1=true
[4852]	36	88	-5	0	-5	-2	det1=true
[4853]	36	88	-7	0	-5	2	det1=true
[4854]	47	88	-12	-1	-6	1	det1=true
[4855]	49	88	0	3	-6	-2	det1=true
[4856]	49	88	-2	3	-6	2	det1=true
[4857]	52	88	-9	-10	-2	-6	det1=true
[4858]	56	88	-18	-13	-6	-2	det1=true
[4859]	56	88	-20	-13	-6	2	det1=true
[4860]	68	88	-24	-19	-6	-3	det1=true
[4861]	68	88	-27	-19	-6	3	det1=true
[4862]	77	88	-11	0	-5	-6	det1=true
[4863]	77	88	-17	0	-5	6	det1=true
[4864]	81	88	-5	-6	-1	-8	det1=true
[4865]	81	88	-13	-6	-1	8	det1=true
[4866]	87	88	-19	-11	-7	-4	det1=true
[4867]	87	88	-23	-11	-7	4	det1=true
[4868]	87	88	-17	-14	-1	-8	det1=true
[4869]	33	85	-9	2	-4	-3	det1=true
[4870]	33	85	-12	2	-4	3	det1=true
[4871]	37	85	-16	-10	-4	-3	det1=true
[4872]	37	85	-19	-10	-4	3	det1=true
[4873]	37	85	-12	-11	-1	-5	det1=true
[4874]	37	85	-17	-11	-1	5	det1=true
[4875]	48	85	-7	-3	-6	-1	det1=true
[4876]	48	85	-8	-3	-6	1	det1=true
[4877]	53	85	-16	-12	-1	-6	det1=true
[4878]	53	85	-22	-12	-1	6	det1=true
[4879]	55	85	-10	-8	-4	-5	det1=true
[4880]	55	85	-15	-8	-4	5	det1=true
[4881]	56	85	-27	-1	-6	-1	det1=true
[4882]	56	85	-28	-1	-6	1	det1=true
[4883]	66	85	-25	-19	-5	-4	det1=true
[4884]	66	85	-29	-19	-5	4	det1=true
[4885]	69	85	-31	-16	-4	-5	det1=true
[4886]	69	85	-36	-16	-4	5	det1=true
[4887]	69	85	-20	-4	-7	-1	det1=true
[4888]	69	85	-21	-4	-7	1	det1=true
[4889]	69	85	-8	-5	-7	-2	det1=true
[4890]	69	85	-10	-5	-7	2	det1=true
[4891]	74	85	-23	2	-7	-2	det1=true
[4892]	74	85	-25	2	-7	2	det1=true
[4893]	75	85	-30	-4	-7	-1	det1=true
[4894]	75	85	-31	-4	-7	1	det1=true
[4895]	77	85	-27	-7	-6	-4	det1=true
[4896]	77	85	-31	-7	-6	4	det1=true
[4897]	77	85	-26	-19	-7	1	det1=true
[4898]	85	85	-39	-5	-1	-7	det1=true
[4899]	85	85	-46	-5	-1	7	det1=true
[4900]	26	86	-9	-2	-4	2	det1=true
[4901]	37	86	-5	-2	-5	-2	det1=true
[4902]	37	86	-7	-2	-5	2	det1=true
[4903]	44	86	-19	-13	-2	-5	det1=true
[4904]	44	86	-24	-13	-2	5	det1=true
[4905]	45	86	-18	-17	-2	-5	det1=true
[4906]	45	86	-23	-17	-2	5	det1=true
[4907]	50	86	-13	-7	-1	-6	det1=true
[4908]	50	86	-19	-7	-1	6	det1=true
[4909]	52	86	-19	0	-1	-6	det1=true
[4910]	60	86	-25	-1	-5	-4	det1=true
[4911]	60	86	-29	-1	-5	4	det1=true
[4912]	60	86	-17	-17	-4	-5	det1=true
[4913]	60	86	-22	-17	-4	5	det1=true
[4914]	62	86	-27	-10	-2	-6	det1=true
[4915]	66	86	-19	-17	-3	-6	det1=true
[4916]	66	86	-25	-17	-3	6	det1=true
[4917]	66	86	-4	-3	-6	-4	det1=true
[4918]	66	86	-8	-3	-6	4	det1=true
[4919]	68	86	-30	-21	-6	-2	det1=true
[4920]	68	86	-32	-21	-6	2	det1=true
[4921]	76	86	-24	-13	-6	-4	det1=true
[4922]	76	86	-28	-13	-6	4	det1=true
[4923]	77	86	-3	-1	-5	-6	det1=true
[4924]	77	86	-9	-1	-5	6	det1=true
[4925]	82	86	-19	-1	-6	-5	det1=true
[4926]	82	86	-24	-1	-6	5	det1=true
[4927]	83	86	-11	3	-8	-1	det1=true
[4928]	83	86	-12	3	-8	1	det1=true
[4929]	83	86	-13	0	-7	4	det1=true
[4930]	84	86	-14	1	-8	-1	det1=true
[4931]	84	86	-15	1	-8	1	det1=true
[4932]	33	87	-5	-3	-1	-5	det1=true
[4933]	33	87	-10	-3	-1	5	det1=true
[4934]	36	87	-1	1	-5	-2	det1=true
[4935]	36	87	-3	1	-5	2	det1=true
[4936]	37	87	-8	-1	-5	-2	det1=true
[4937]	37	87	-10	-1	-5	2	det1=true
[4938]	47	87	-6	-4	-1	-6	det1=true
[4939]	47	87	-12	-4	-1	6	det1=true
[4940]	53	87	-18	-13	-1	-6	det1=true
[4941]	53	87	-24	-13	-1	6	det1=true
[4942]	56	87	-19	-1	-5	-4	det1=true
[4943]	56	87	-23	-1	-5	4	det1=true
[4944]	58	87	-23	1	-5	-4	det1=true
[4945]	58	87	-27	1	-5	4	det1=true
[4946]	63	87	-26	-18	-6	-2	det1=true
[4947]	63	87	-28	-18	-6	2	det1=true
[4948]	63	87	-6	-1	-1	-7	det1=true
[4949]	63	87	-13	-1	-1	7	det1=true
[4950]	64	87	-23	-5	-3	-6	det1=true
[4951]	64	87	-20	-13	-6	-3	det1=true
[4952]	64	87	-23	-13	-6	3	det1=true
[4953]	65	87	-9	-10	-1	-7	det1=true
[4954]	65	87	-16	-10	-1	7	det1=true
[4955]	69	87	-18	-13	-7	-1	det1=true
[4956]	69	87	-19	-13	-7	1	det1=true
[4957]	70	87	-26	-19	-6	-3	det1=true
[4958]	70	87	-29	-19	-6	3	det1=true
[4959]	72	87	-31	-25	-5	-4	det1=true
[4960]	72	87	-35	-25	-5	4	det1=true
[4961]	72	87	-20	1	-2	-7	det1=true
[4962]	72	87	-27	1	-2	7	det1=true
[4963]	75	87	-34	-16	-3	-6	det1=true
[4964]	75	87	-13	0	-3	-7	det1=true
[4965]	75	87	-20	0	-3	7	det1=true
[4966]	81	87	-34	-7	-7	-2	det1=true
[4967]	81	87	-36	-7	-7	2	det1=true
[4968]	81	87	-4	1	-7	-4	det1=true
[4969]	81	87	-8	1	-7	4	det1=true
[4970]	82	87	-31	-18	-6	-4	det1=true
[4971]	82	87	-35	-18	-6	4	det1=true
[4972]	83	87	-39	-13	-7	-1	det1=true
[4973]	83	87	-40	-13	-7	1	det1=true
[4974]	83	87	-36	-16	-1	-7	det1=true
[4975]	83	87	-43	-16	-1	7	det1=true
[4976]	84	87	-10	-9	-4	-7	det1=true
[4977]	84	87	-17	-9	-4	7	det1=true
[4978]	85	87	-26	0	-6	-5	det1=true
[4979]	85	87	-31	0	-6	5	det1=true
[4980]	87	87	-20	-8	-8	-1	det1=true
[4981]	32	88	-9	1	-3	-4	det1=true
[4982]	37	88	-9	-3	-5	-2	det1=true
[4983]	37	88	-11	-3	-5	2	det1=true
[4984]	47	88	-11	-1	-6	-1	det1=true
[4985]	50	88	-13	-12	-1	-6	det1=true
[4986]	50	88	-19	-12	-1	6	det1=true
[4987]	53	88	-16	-5	-6	-2	det1=true
[4988]	55	88	-20	1	-2	-6	det1=true
[4989]	55	88	-26	1	-2	6	det1=true
[4990]	62	88	-35	-10	-2	6	det1=true
[4991]	62	88	-21	-4	-3	-6	det1=true
[4992]	68	88	-29	-9	-3	-6	det1=true
[4993]	68	88	-35	-9	-3	6	det1=true
[4994]	71	88	-25	-15	-7	0	det1=true
[4995]	72	88	-33	-26	-2	-6	det1=true
[4996]	72	88	-39	-26	-2	6	det1=true
[4997]	75	88	-35	-26	-5	-4	det1=true
[4998]	75	88	-39	-26	-5	4	det1=true
[4999]	81	88	-7	-1	-1	-8	det1=true
[5000]	81	88	-15	-1	-1	8	det1=true
[5001]	22	85	-7	-3	-1	4	det1=true
[5002]	32	85	-3	1	-3	-4	det1=true
[5003]	32	85	-7	1	-3	4	det1=true
[5004]	37	85	-14	-9	-5	-1	det1=true
[5005]	37	85	-15	-9	-5	1	det1=true
[5006]	52	85	-9	0	-6	-2	det1=true
[5007]	52	85	-11	0	-6	2	det1=true
[5008]	53	85	-19	-18	-5	-3	det1=true
[5009]	53	85	-22	-18	-5	3	det1=true
[5010]	61	85	-32	-24	-3	5	det1=true
[5011]	61	85	-24	-7	-5	-4	det1=true
[5012]	61	85	-28	-7	-5	4	det1=true
[5013]	61	85	-12	-9	-3	-6	det1=true
[5014]	61	85	-18	-9	-3	6	det1=true
[5015]	68	85	-29	3	-6	-3	det1=true
[5016]	68	85	-32	3	-6	3	det1=true
[5017]	75	85	-30	-28	-4	-5	det1=true
[5018]	75	85	-35	-28	-4	5	det1=true
[5019]	77	85	-25	-19	-7	-1	det1=true
[5020]	77	85	-22	-22	-1	-7	det1=true
[5021]	77	85	-29	-22	-1	7	det1=true
[5022]	78	85	-3	-2	-5	-6	det1=true
[5023]	78	85	-9	-2	-5	6	det1=true
[5024]	85	85	-42	-2	-7	-1	det1=true
[5025]	24	86	-9	-10	-1	-4	det1=true
[5026]	24	86	-13	-10	-1	4	det1=true
[5027]	32	86	-6	1	-4	-3	det1=true
[5028]	32	86	-9	1	-4	3	det1=true
[5029]	37	86	-5	1	-2	-5	det1=true
[5030]	37	86	-10	1	-2	5	det1=true
[5031]	49	86	-11	-5	-1	-6	det1=true
[5032]	49	86	-17	-5	-1	6	det1=true
[5033]	52	86	-20	-5	-6	-1	det1=true
[5034]	52	86	-21	-5	-6	1	det1=true
[5035]	57	86	-23	-4	-5	4	det1=true
[5036]	60	86	-27	-16	-1	-6	det1=true
[5037]	60	86	-33	-16	-1	6	det1=true
[5038]	75	86	-32	-27	-4	-5	det1=true
[5039]	79	86	-10	-5	-6	-5	det1=true
[5040]	79	86	-15	-5	-6	5	det1=true
[5041]	80	86	-15	3	-6	-5	det1=true
[5042]	80	86	-20	3	-6	5	det1=true
[5043]	83	86	-9	0	-7	-4	det1=true
[5044]	84	86	-11	-1	-4	-7	det1=true
[5045]	84	86	-18	-1	-4	7	det1=true
[5046]	86	86	-15	-5	-1	-8	det1=true
[5047]	86	86	-23	-5	-1	8	det1=true
[5048]	22	87	-8	-3	-4	1	det1=true
[5049]	33	87	-7	-1	-5	-1	det1=true
[5050]	33	87	-8	-1	-5	1	det1=true
[5051]	35	87	-13	-1	-1	-5	det1=true
[5052]	61	87	-29	-24	-3	-5	det1=true
[5053]	63	87	-9	2	-7	-1	det1=true
[5054]	63	87	-5	-4	-1	-7	det1=true
[5055]	63	87	-12	-4	-1	7	det1=true
[5056]	64	87	-25	-18	-5	-4	det1=true
[5057]	64	87	-29	-18	-5	4	det1=true
[5058]	65	87	-12	-7	-7	-1	det1=true
[5059]	65	87	-13	-7	-7	1	det1=true
[5060]	69	87	-11	-8	-2	-7	det1=true
[5061]	69	87	-18	-8	-2	7	det1=true
[5062]	76	87	-29	3	-7	-2	det1=true
[5063]	76	87	-31	3	-7	2	det1=true
[5064]	77	87	-30	-16	-7	-1	det1=true
[5065]	77	87	-31	-16	-7	1	det1=true
[5066]	17	88	-7	-4	-3	-2	det1=true
[5067]	17	88	-9	-4	-3	2	det1=true
[5068]	50	88	-7	-2	-6	-2	det1=true
[5069]	50	88	-9	-2	-6	2	det1=true
[5070]	52	88	-11	-8	-6	-2	det1=true
[5071]	52	88	-9	-3	-4	-5	det1=true
[5072]	53	88	-20	-13	-6	-1	det1=true
[5073]	53	88	-21	-13	-6	1	det1=true
[5074]	53	88	-18	-5	-6	2	det1=true
[5075]	53	88	-14	-7	-2	-6	det1=true
[5076]	54	88	-18	1	-2	-6	det1=true
[5077]	54	88	-24	1	-2	6	det1=true
[5078]	58	88	-27	0	-6	-2	det1=true
[5079]	58	88	-29	0	-6	2	det1=true
[5080]	58	88	-24	-7	-2	-6	det1=true
[5081]	58	88	-30	-7	-2	6	det1=true
[5082]	60	88	-27	-2	-5	-4	det1=true
[5083]	60	88	-31	-2	-5	4	det1=true
[5084]	60	88	-26	-5	-4	-5	det1=true
[5085]	60	88	-31	-5	-4	5	det1=true
[5086]	65	88	-8	-1	-6	-4	det1=true
[5087]	65	88	-12	-1	-6	4	det1=true
[5088]	69	88	-16	-9	-6	-4	det1=true
[5089]	69	88	-15	-10	-4	-6	det1=true
[5090]	69	88	-21	-10	-4	6	det1=true
[5091]	73	88	-26	-3	-6	-4	det1=true
[5092]	80	88	-36	-25	-6	-3	det1=true
[5093]	80	88	-39	-25	-6	3	det1=true
[5094]	81	88	-7	-3	-7	-4	det1=true
[5095]	81	88	-11	-3	-7	4	det1=true
[5096]	82	88	-7	-9	-1	-8	det1=true
[5097]	82	88	-15	-9	-1	8	det1=true
[5098]	84	88	-17	-5	-8	-1	det1=true
[5099]	87	88	-27	-20	-5	6	det1=true
[5100]	87	88	-17	2	-8	-2	det1=true
[5101]	87	88	-19	2	-8	2	det1=true
[5102]	88	88	-55	-23	-6	-1	det1=true
[5103]	88	88	-56	-23	-6	1	det1=true
[5104]	17	85	-8	0	-2	3	det1=true
[5105]	40	85	-12	-7	-2	-5	det1=true
[5106]	40	85	-17	-7	-2	5	det1=true
[5107]	52	85	-3	2	-5	4	det1=true
[5108]	55	85	-18	2	-5	4	det1=true
[5109]	55	85	-13	-2	-4	-5	det1=true
[5110]	55	85	-18	-2	-4	5	det1=true
[5111]	58	85	-16	-11	-4	-5	det1=true
[5112]	59	85	-22	-2	-5	-4	det1=true
[5113]	59	85	-26	-2	-5	4	det1=true
[5114]	59	85	-20	-14	-5	4	det1=true
[5115]	65	85	-32	-28	-5	3	det1=true
[5116]	67	85	-28	-22	-5	4	det1=true
[5117]	67	85	-17	3	-7	-1	det1=true
[5118]	67	85	-18	3	-7	1	det1=true
[5119]	67	85	-15	2	-5	-5	det1=true
[5120]	79	85	-9	0	-6	-5	det1=true
[5121]	79	85	-14	0	-6	5	det1=true
[5122]	80	85	-12	-1	-6	-5	det1=true
[5123]	80	85	-17	-1	-6	5	det1=true
[5124]	81	85	-25	-18	-2	-7	det1=true
[5125]	81	85	-32	-18	-2	7	det1=true
[5126]	82	85	-17	-1	-6	-5	det1=true
[5127]	82	85	-22	-1	-6	5	det1=true
[5128]	82	85	-21	-6	-5	6	det1=true
[5129]	83	85	-18	-17	-3	-7	det1=true
[5130]	85	85	-69	0	-1	5	det1=true
[5131]	57	86	-19	-4	-5	-4	det1=true
[5132]	71	86	-33	-19	-5	-4	det1=true
[5133]	71	86	-37	-19	-5	4	det1=true
[5134]	72	86	-23	-9	-2	7	det1=true
[5135]	74	86	-20	-9	-2	-7	det1=true
[5136]	74	86	-27	-9	-2	7	det1=true
[5137]	75	86	-37	-27	-4	5	det1=true
[5138]	77	86	-35	-34	-1	-6	det1=true
[5139]	77	86	-41	-34	-1	6	det1=true
[5140]	77	86	-25	-14	-6	-4	det1=true
[5141]	77	86	-29	-14	-6	4	det1=true
[5142]	78	86	-28	-1	-2	-7	det1=true
[5143]	78	86	-35	-1	-2	7	det1=true
[5144]	78	86	-23	-17	-7	-2	det1=true
[5145]	78	86	-25	-17	-7	2	det1=true
[5146]	82	86	-35	0	-4	-6	det1=true
[5147]	83	86	-7	-3	-1	-8	det1=true
[5148]	83	86	-15	-3	-1	8	det1=true
[5149]	86	86	-21	-2	-7	4	det1=true
[5150]	86	86	-22	-5	-4	7	det1=true
[5151]	22	87	-9	-1	-4	1	det1=true
[5152]	22	87	-7	-3	-4	-1	det1=true
[5153]	34	87	-12	-7	-4	-3	det1=true
[5154]	34	87	-15	-7	-4	3	det1=true
[5155]	37	87	-15	-10	-1	-5	det1=true
[5156]	37	87	-20	-10	-1	5	det1=true
[5157]	39	87	-14	-4	-5	-2	det1=true
[5158]	39	87	-16	-4	-5	2	det1=true
[5159]	43	87	-5	-3	-3	-5	det1=true
[5160]	43	87	-10	-3	-3	5	det1=true
[5161]	51	87	-2	1	-5	-4	det1=true
[5162]	51	87	-6	1	-5	4	det1=true
[5163]	55	87	-14	-8	-5	-4	det1=true
[5164]	55	87	-18	-8	-5	4	det1=true
[5165]	57	87	-20	-5	-5	-4	det1=true
[5166]	57	87	-24	-5	-5	4	det1=true
[5167]	63	87	-10	2	-7	1	det1=true
[5168]	65	87	-15	-4	-7	1	det1=true
[5169]	75	87	-27	-16	-7	-1	det1=true
[5170]	79	87	-28	-12	-2	-7	det1=true
[5171]	79	87	-35	-12	-2	7	det1=true
[5172]	82	87	-36	-1	-4	-6	det1=true
[5173]	82	87	-42	-1	-4	6	det1=true
[5174]	82	87	-34	-3	-2	-7	det1=true
[5175]	83	87	-41	-7	-7	-1	det1=true
[5176]	83	87	-42	-7	-7	1	det1=true
[5177]	84	87	-43	-5	-2	7	det1=true
[5178]	85	87	-38	-21	-7	1	det1=true
[5179]	86	87	-29	-26	-7	-2	det1=true
[5180]	87	87	-11	-3	-2	-8	det1=true
[5181]	87	87	-19	-3	-2	8	det1=true
[5182]	34	88	-13	-7	-3	-4	det1=true
[5183]	38	88	-11	-5	-2	-5	det1=true
[5184]	38	88	-16	-5	-2	5	det1=true
[5185]	46	88	-7	1	-6	-1	det1=true
[5186]	46	88	-8	1	-6	1	det1=true
[5187]	50	88	-17	-3	-1	-6	det1=true
[5188]	50	88	-23	-3	-1	6	det1=true
[5189]	50	88	-5	-4	-2	-6	det1=true
[5190]	50	88	-11	-4	-2	6	det1=true
[5191]	51	88	-5	-2	-5	-4	det1=true
[5192]	52	88	-23	-3	-6	-1	det1=true
[5193]	52	88	-24	-3	-6	1	det1=true
[5194]	52	88	-14	-3	-4	5	det1=true
[5195]	53	88	-20	-7	-2	6	det1=true
[5196]	55	88	-18	1	-4	-5	det1=true
[5197]	55	88	-15	-9	-5	-4	det1=true
[5198]	55	88	-19	-9	-5	4	det1=true
[5199]	60	88	-23	-18	-5	4	det1=true
[5200]	62	88	-21	-7	-6	-3	det1=true
[5201]	65	88	-27	-22	-6	-2	det1=true
[5202]	65	88	-29	-22	-6	2	det1=true
[5203]	73	88	-30	-3	-6	4	det1=true
[5204]	74	88	-31	-21	-3	-6	det1=true
[5205]	79	88	-29	-16	-4	-6	det1=true
[5206]	79	88	-35	-16	-4	6	det1=true
[5207]	79	88	-11	-11	-5	-6	det1=true
[5208]	79	88	-17	-11	-5	6	det1=true
[5209]	81	88	-36	-35	-2	-6	det1=true
[5210]	82	88	-9	-6	-7	-4	det1=true
[5211]	82	88	-13	-6	-7	4	det1=true
[5212]	83	88	-36	-13	-6	-4	det1=true
[5213]	83	88	-40	-13	-6	4	det1=true
[5214]	83	88	-29	-24	-4	-6	det1=true
[5215]	83	88	-35	-24	-4	6	det1=true
[5216]	84	88	-7	4	-8	-2	det1=true
[5217]	84	88	-9	4	-8	2	det1=true
[5218]	86	88	-55	-8	-6	-2	det1=true
[5219]	87	88	-25	3	-8	-1	det1=true
[5220]	87	88	-26	3	-8	1	det1=true
[5221]	17	85	-5	0	-2	-3	det1=true
[5222]	33	85	-1	2	-5	-1	det1=true
[5223]	33	85	-2	2	-5	1	det1=true
[5224]	33	85	1	0	-1	-5	det1=true
[5225]	33	85	-4	0	-1	5	det1=true
[5226]	39	85	-16	-13	-5	-1	det1=true
[5227]	39	85	-17	-13	-5	1	det1=true
[5228]	52	85	-7	-2	-2	-6	det1=true
[5229]	52	85	-13	-2	-2	6	det1=true
[5230]	53	85	-23	-13	-5	-3	det1=true
[5231]	53	85	-26	-13	-5	3	det1=true
[5232]	55	85	-14	2	-5	-4	det1=true
[5233]	59	85	-16	-14	-5	-4	det1=true
[5234]	61	85	-24	-6	-4	-5	det1=true
[5235]	61	85	-29	-6	-4	5	det1=true
[5236]	64	85	-26	-17	-6	-2	det1=true
[5237]	64	85	-28	-17	-6	2	det1=true
[5238]	64	85	-24	-19	-2	-6	det1=true
[5239]	64	85	-30	-19	-2	6	det1=true
[5240]	65	85	-21	-10	-6	-3	det1=true
[5241]	67	85	-14	0	-1	-7	det1=true
[5242]	67	85	-21	0	-1	7	det1=true
[5243]	68	85	-31	-14	-5	-4	det1=true
[5244]	68	85	-35	-14	-5	4	det1=true
[5245]	73	85	-22	-2	-6	-4	det1=true
[5246]	73	85	-26	-2	-6	4	det1=true
[5247]	73	85	-21	-3	-4	-6	det1=true
[5248]	73	85	-27	-3	-4	6	det1=true
[5249]	77	85	-36	-32	-6	-1	det1=true
[5250]	77	85	-26	-8	-4	-6	det1=true
[5251]	77	85	-32	-8	-4	6	det1=true
[5252]	78	85	-23	-15	-7	-2	det1=true
[5253]	78	85	-25	-15	-7	2	det1=true
[5254]	81	85	-31	-17	-1	-7	det1=true
[5255]	81	85	-38	-17	-1	7	det1=true
[5256]	85	85	-36	-8	-4	-6	det1=true
[5257]	85	85	-23	2	-6	-5	det1=true
[5258]	85	85	-28	2	-6	5	det1=true
[5259]	41	86	-19	2	-5	-2	det1=true
[5260]	42	86	-16	-11	-2	-5	det1=true
[5261]	65	86	-27	-26	-1	-6	det1=true
[5262]	65	86	-33	-26	-1	6	det1=true
[5263]	68	86	-9	-8	-4	-6	det1=true
[5264]	68	86	-15	-8	-4	6	det1=true
[5265]	70	86	-18	-1	-6	-4	det1=true
[5266]	70	86	-22	-1	-6	4	det1=true
[5267]	72	86	-16	-9	-2	-7	det1=true
[5268]	72	86	-17	-9	-7	-2	det1=true
[5269]	73	86	-31	-15	-3	-6	det1=true
[5270]	73	86	-22	-5	-4	-6	det1=true
[5271]	73	86	-28	-5	-4	6	det1=true
[5272]	81	86	-27	-17	-2	-7	det1=true
[5273]	81	86	-34	-17	-2	7	det1=true
[5274]	84	86	-33	-16	-4	-6	det1=true
[5275]	84	86	-39	-16	-4	6	det1=true
[5276]	84	86	-20	-9	-6	-5	det1=true
[5277]	84	86	-25	-9	-6	5	det1=true
[5278]	22	87	-7	0	-1	-4	det1=true
[5279]	26	87	-7	-4	-2	-4	det1=true
[5280]	26	87	-11	-4	-2	4	det1=true
[5281]	35	87	-18	-1	-1	5	det1=true
[5282]	35	87	-11	-8	-5	-1	det1=true
[5283]	35	87	-12	-8	-5	1	det1=true
[5284]	42	87	-14	-15	-2	-5	det1=true
[5285]	42	87	-19	-15	-2	5	det1=true
[5286]	58	87	-20	-9	-4	-5	det1=true
[5287]	58	87	-25	-9	-4	5	det1=true
[5288]	59	87	-23	-6	-4	-5	det1=true
[5289]	59	87	-28	-6	-4	5	det1=true
[5290]	60	87	-25	-6	-5	-4	det1=true
[5291]	60	87	-29	-6	-5	4	det1=true
[5292]	60	87	-25	-14	-5	4	det1=true
[5293]	63	87	-22	-1	-3	-6	det1=true
[5294]	63	87	-28	-1	-3	6	det1=true
[5295]	71	87	-12	-14	-2	-7	det1=true
[5296]	71	87	-19	-14	-2	7	det1=true
[5297]	75	87	-25	0	-2	-7	det1=true
[5298]	75	87	-28	-16	-7	1	det1=true
[5299]	75	87	-24	-19	-1	-7	det1=true
[5300]	75	87	-31	-19	-1	7	det1=true
[5301]	78	87	-27	-11	-2	-7	det1=true
[5302]	78	87	-34	-11	-2	7	det1=true
[5303]	80	87	-28	-15	-2	-7	det1=true
[5304]	80	87	-35	-15	-2	7	det1=true
[5305]	81	87	-34	-34	-4	-5	det1=true
[5306]	81	87	-39	-34	-4	5	det1=true
[5307]	83	87	-18	-4	-1	8	det1=true
[5308]	84	87	-36	-5	-2	-7	det1=true
[5309]	85	87	-40	2	-7	-2	det1=true
[5310]	85	87	-37	-21	-7	-1	det1=true
[5311]	34	88	-17	-7	-3	4	det1=true
[5312]	39	88	-13	-8	-5	-2	det1=true
[5313]	51	88	-9	-2	-5	4	det1=true
[5314]	52	88	-13	-2	-2	-6	det1=true
[5315]	52	88	-19	-2	-2	6	det1=true
[5316]	55	88	-23	1	-4	5	det1=true
[5317]	62	88	-25	-18	-2	-6	det1=true
[5318]	62	88	-31	-18	-2	6	det1=true
[5319]	67	88	-14	-3	-6	-4	det1=true
[5320]	67	88	-18	-3	-6	4	det1=true
[5321]	69	88	-20	-9	-6	4	det1=true
[5322]	83	88	-38	-7	-6	-4	det1=true
[5323]	83	88	-42	-7	-6	4	det1=true
[5324]	83	88	-30	-23	-6	-4	det1=true
[5325]	83	88	-34	-23	-6	4	det1=true
[5326]	87	88	-21	-20	-5	-6	det1=true
[5327]	87	88	-14	-1	-2	-8	det1=true
[5328]	87	88	-22	-1	-2	8	det1=true
[5329]	88	88	-19	-14	-1	-8	det1=true
[5330]	37	85	-16	0	-1	-5	det1=true
[5331]	53	85	-12	-2	-6	-2	det1=true
[5332]	53	85	-14	-2	-6	2	det1=true
[5333]	62	85	-17	-3	-3	-6	det1=true
[5334]	62	85	-23	-3	-3	6	det1=true
[5335]	69	85	-12	-4	-4	-6	det1=true
[5336]	69	85	-18	-4	-4	6	det1=true
[5337]	70	85	-33	-15	-5	-4	det1=true
[5338]	70	85	-37	-15	-5	4	det1=true
[5339]	70	85	-12	-9	-4	-6	det1=true
[5340]	70	85	-18	-9	-4	6	det1=true
[5341]	73	85	-18	-8	-7	-2	det1=true
[5342]	73	85	-20	-8	-7	2	det1=true
[5343]	77	85	-37	-32	-6	1	det1=true
[5344]	83	85	-25	-17	-3	7	det1=true
[5345]	84	85	-33	-13	-7	-2	det1=true
[5346]	84	85	-35	-13	-7	2	det1=true
[5347]	85	85	-37	-7	-6	-4	det1=true
[5348]	85	85	-41	-7	-6	4	det1=true
[5349]	85	85	-9	-6	-4	-7	det1=true
[5350]	42	86	-21	-11	-2	5	det1=true
[5351]	49	86	-14	-1	-6	-1	det1=true
[5352]	49	86	-15	-1	-6	1	det1=true
[5353]	51	86	-22	-17	-4	-4	det1=true
[5354]	51	86	-26	-17	-4	4	det1=true
[5355]	54	86	-17	0	-6	-2	det1=true
[5356]	54	86	-19	0	-6	2	det1=true
[5357]	54	86	-21	-2	-2	6	det1=true
[5358]	54	86	-13	2	-5	-4	det1=true
[5359]	54	86	-17	2	-5	4	det1=true
[5360]	54	86	-11	-5	-5	-4	det1=true
[5361]	54	86	-15	-5	-5	4	det1=true
[5362]	56	86	-24	-7	-2	6	det1=true
[5363]	56	86	-18	-9	-6	-2	det1=true
[5364]	56	86	-20	-9	-6	2	det1=true
[5365]	58	86	-25	2	-6	-2	det1=true
[5366]	59	86	-23	-3	-5	-4	det1=true
[5367]	59	86	-27	-3	-5	4	det1=true
[5368]	62	86	-31	-8	-6	2	det1=true
[5369]	68	86	-10	-7	-6	-4	det1=true
[5370]	68	86	-14	-7	-6	4	det1=true
[5371]	72	86	-19	-9	-7	2	det1=true
[5372]	81	86	-31	-7	-2	-7	det1=true
[5373]	82	86	-41	0	-4	6	det1=true
[5374]	84	86	-23	3	-6	-5	det1=true
[5375]	84	86	-28	3	-6	5	det1=true
[5376]	86	86	-15	-5	-4	-7	det1=true
[5377]	22	87	-11	0	-1	4	det1=true
[5378]	22	87	-8	-1	-4	-1	det1=true
[5379]	35	87	-9	-10	-1	-5	det1=true
[5380]	35	87	-14	-10	-1	5	det1=true
[5381]	52	87	-5	-5	-4	-5	det1=true
[5382]	52	87	-10	-5	-4	5	det1=true
[5383]	54	87	-11	-8	-5	-4	det1=true
[5384]	54	87	-15	-8	-5	4	det1=true
[5385]	60	87	-29	0	-6	-2	det1=true
[5386]	60	87	-31	0	-6	2	det1=true
[5387]	60	87	-21	-14	-5	-4	det1=true
[5388]	63	87	-24	-20	-2	-6	det1=true
[5389]	63	87	-30	-20	-2	6	det1=true
[5390]	63	87	-20	-10	-6	-3	det1=true
[5391]	63	87	-23	-10	-6	3	det1=true
[5392]	65	87	-11	-7	-1	-7	det1=true
[5393]	65	87	-18	-7	-1	7	det1=true
[5394]	67	87	-10	-6	-6	-4	det1=true
[5395]	67	87	-14	-6	-6	4	det1=true
[5396]	69	87	-15	-16	-1	-7	det1=true
[5397]	69	87	-22	-16	-1	7	det1=true
[5398]	77	87	-28	-17	-5	-5	det1=true
[5399]	77	87	-33	-17	-5	5	det1=true
[5400]	79	87	-32	-5	-7	-2	det1=true
[5401]	79	87	-34	-5	-7	2	det1=true
[5402]	81	87	-3	2	-4	-7	det1=true
[5403]	81	87	-10	2	-4	7	det1=true
[5404]	84	87	-32	-27	-2	7	det1=true
[5405]	84	87	-13	-7	-8	-1	det1=true
[5406]	84	87	-14	-7	-8	1	det1=true
[5407]	87	87	-14	0	-8	-2	det1=true
[5408]	87	87	-16	0	-8	2	det1=true
[5409]	23	88	-10	-7	-4	-1	det1=true
[5410]	23	88	-11	-7	-4	1	det1=true
[5411]	36	88	-4	1	-2	-5	det1=true
[5412]	36	88	-9	1	-2	5	det1=true
[5413]	39	88	-15	-8	-5	2	det1=true
[5414]	49	88	2	1	-2	-6	det1=true
[5415]	49	88	-4	1	-2	6	det1=true
[5416]	52	88	-15	0	-6	-2	det1=true
[5417]	52	88	-17	0	-6	2	det1=true
[5418]	52	88	-10	1	-4	-5	det1=true
[5419]	52	88	-15	1	-4	5	det1=true
[5420]	58	88	-25	-2	-2	-6	det1=true
[5421]	58	88	-31	-2	-2	6	det1=true
[5422]	60	88	-25	-9	-5	-4	det1=true
[5423]	60	88	-29	-9	-5	4	det1=true
[5424]	62	88	-27	-16	-6	-2	det1=true
[5425]	62	88	-29	-16	-6	2	det1=true
[5426]	65	88	-7	-2	-4	-6	det1=true
[5427]	65	88	-13	-2	-4	6	det1=true
[5428]	73	88	-23	-10	-4	-6	det1=true
[5429]	73	88	-29	-10	-4	6	det1=true
[5430]	79	88	-24	-21	-2	-7	det1=true
[5431]	81	88	-9	2	-7	-4	det1=true
[5432]	81	88	-13	2	-7	4	det1=true
[5433]	82	88	-14	3	-8	-1	det1=true
[5434]	82	88	-15	3	-8	1	det1=true
[5435]	85	88	-27	0	-5	-6	det1=true
[5436]	85	88	-33	0	-5	6	det1=true
[5437]	85	88	-23	-13	-6	-5	det1=true
[5438]	39	85	-14	-15	-1	-5	det1=true
[5439]	39	85	-19	-15	-1	5	det1=true
[5440]	43	85	-18	-13	-5	2	det1=true
[5441]	52	85	1	2	-5	-4	det1=true
[5442]	53	85	-10	-4	-2	-6	det1=true
[5443]	53	85	-16	-4	-2	6	det1=true
[5444]	54	85	-15	1	-5	4	det1=true
[5445]	58	85	-21	-11	-4	5	det1=true
[5446]	65	85	-29	-28	-5	-3	det1=true
[5447]	67	85	-24	-22	-5	-4	det1=true
[5448]	69	85	-17	-7	-1	-7	det1=true
[5449]	69	85	-24	-7	-1	7	det1=true
[5450]	72	85	-33	-19	-4	-5	det1=true
[5451]	72	85	-38	-19	-4	5	det1=true
[5452]	75	85	-27	-7	-1	-7	det1=true
[5453]	75	85	-34	-7	-1	7	det1=true
[5454]	78	85	-31	-31	-4	-5	det1=true
[5455]	78	85	-36	-31	-4	5	det1=true
[5456]	81	85	-34	-9	-1	-7	det1=true
[5457]	81	85	-41	-9	-1	7	det1=true
[5458]	82	85	-15	-6	-5	-6	det1=true
[5459]	55	86	-17	-18	-1	-6	det1=true
[5460]	56	86	-20	-5	-6	-2	det1=true
[5461]	56	86	-22	-5	-6	2	det1=true
[5462]	56	86	-18	-7	-2	-6	det1=true
[5463]	58	86	-27	2	-6	2	det1=true
[5464]	60	86	-13	-7	-6	-3	det1=true
[5465]	65	86	-33	-12	-5	4	det1=true
[5466]	68	86	-8	-1	-2	-7	det1=true
[5467]	68	86	-15	-1	-2	7	det1=true
[5468]	80	86	-17	-8	-5	6	det1=true
[5469]	41	87	-14	-12	-2	-5	det1=true
[5470]	41	87	-19	-12	-2	5	det1=true
[5471]	60	87	-16	-5	-6	-3	det1=true
[5472]	67	87	-20	-1	-7	-1	det1=true
[5473]	67	87	-21	-1	-7	1	det1=true
[5474]	67	87	-13	3	-6	-4	det1=true
[5475]	67	87	-17	3	-6	4	det1=true
[5476]	70	87	-13	-10	-7	-2	det1=true
[5477]	73	87	-24	-7	-7	2	det1=true
[5478]	76	87	-24	-11	-2	-7	det1=true
[5479]	76	87	-31	-11	-2	7	det1=true
[5480]	78	87	-35	-29	-4	-5	det1=true
[5481]	78	87	-40	-29	-4	5	det1=true
[5482]	83	87	-10	-4	-1	-8	det1=true
[5483]	84	87	-25	-27	-2	-7	det1=true
[5484]	87	87	-25	-21	-3	-7	det1=true
[5485]	87	87	-32	-21	-3	7	det1=true
[5486]	53	88	-13	-2	-5	-4	det1=true
[5487]	53	88	-17	-2	-5	4	det1=true
[5488]	62	88	-20	-9	-6	-3	det1=true
[5489]	62	88	-23	-9	-6	3	det1=true
[5490]	79	88	-31	-21	-2	7	det1=true
[5491]	81	88	-38	-33	-6	-2	det1=true
[5492]	81	88	-40	-33	-6	2	det1=true
[5493]	81	88	-42	-35	-2	6	det1=true
[5494]	88	88	-16	-3	-2	-8	det1=true
[5495]	88	88	-24	-3	-2	8	det1=true
[5496]	43	85	-16	-13	-5	-2	det1=true
[5497]	47	85	-13	-8	-3	-5	det1=true
[5498]	47	85	-18	-8	-3	5	det1=true
[5499]	55	85	-22	-12	-6	1	det1=true
[5500]	81	85	-34	-14	-7	-1	det1=true
[5501]	81	85	-35	-14	-7	1	det1=true
[5502]	54	86	-15	-2	-2	-6	det1=true
[5503]	55	86	-23	-18	-1	6	det1=true
[5504]	79	86	-29	-10	-7	-2	det1=true
[5505]	80	86	-33	0	-7	-2	det1=true
[5506]	80	86	-35	0	-7	2	det1=true
[5507]	80	86	-11	-8	-5	-6	det1=true
[5508]	83	86	-18	-9	-6	-5	det1=true
[5509]	83	86	-23	-9	-6	5	det1=true
[5510]	83	86	-15	-13	-5	-6	det1=true
[5511]	83	86	-21	-13	-5	6	det1=true
[5512]	53	87	-10	-4	-4	-5	det1=true
[5513]	53	87	-15	-4	-4	5	det1=true
[5514]	63	87	-8	-1	-7	-1	det1=true
[5515]	63	87	-9	-1	-7	1	det1=true
[5516]	65	87	-14	-4	-7	-1	det1=true
[5517]	73	87	-22	-7	-7	-2	det1=true
[5518]	81	87	-6	4	-8	-1	det1=true
[5519]	81	87	-7	4	-8	1	det1=true
[5520]	83	87	-38	-10	-1	-7	det1=true
[5521]	83	87	-45	-10	-1	7	det1=true
[5522]	37	88	-15	-15	-3	-4	det1=true
[5523]	37	88	-19	-15	-3	4	det1=true
[5524]	39	88	-15	1	-2	-5	det1=true
[5525]	39	88	-20	1	-2	5	det1=true
[5526]	59	88	-16	-3	-6	-3	det1=true
[5527]	59	88	-19	-3	-6	3	det1=true
[5528]	76	88	-8	1	-6	-5	det1=true
[5529]	76	88	-13	1	-6	5	det1=true
[5530]	85	88	-28	-13	-6	5	det1=true
[5531]	85	88	-20	-17	-6	-5	det1=true
[5532]	85	88	-25	-17	-6	5	det1=true
[5533]	88	88	-27	-14	-1	8	det1=true
[5534]	22	85	-3	-3	-1	-4	det1=true
[5535]	39	85	-17	-11	-1	-5	det1=true
[5536]	39	85	-22	-11	-1	5	det1=true
[5537]	54	85	-11	1	-5	-4	det1=true
[5538]	53	86	-22	-5	-6	-1	det1=true
[5539]	53	86	-23	-5	-6	1	det1=true
[5540]	56	86	-16	-11	-2	-6	det1=true
[5541]	56	86	-22	-11	-2	6	det1=true
[5542]	72	86	-29	-26	-5	-4	det1=true
[5543]	72	86	-33	-26	-5	4	det1=true
[5544]	75	86	-23	-5	-2	-7	det1=true
[5545]	75	86	-30	-5	-2	7	det1=true
[5546]	60	87	-19	-5	-6	3	det1=true
[5547]	74	87	-31	-28	-5	-4	det1=true
[5548]	74	87	-35	-28	-5	4	det1=true
[5549]	75	87	-15	2	-7	-3	det1=true
[5550]	75	87	-18	2	-7	3	det1=true
[5551]	83	87	-12	-1	-7	-4	det1=true
[5552]	87	87	-17	-10	-4	-7	det1=true
[5553]	87	87	-24	-10	-4	7	det1=true
[5554]	43	88	-19	-13	-2	-5	det1=true
[5555]	43	88	-24	-13	-2	5	det1=true
[5556]	54	88	-20	3	-6	-2	det1=true
[5557]	54	88	-22	3	-6	2	det1=true
[5558]	59	88	-22	-15	-2	-6	det1=true
[5559]	59	88	-28	-15	-2	6	det1=true
[5560]	60	88	-19	-18	-5	-4	det1=true
[5561]	42	85	-17	-7	-2	-5	det1=true
[5562]	42	85	-22	-7	-2	5	det1=true
[5563]	51	85	-23	-3	-3	-5	det1=true
[5564]	51	85	-28	-3	-3	5	det1=true
[5565]	55	85	-21	-12	-6	-1	det1=true
[5566]	60	85	-19	-13	-5	-4	det1=true
[5567]	60	85	-23	-13	-5	4	det1=true
[5568]	58	86	-24	-17	-6	-1	det1=true
[5569]	58	86	-25	-17	-6	1	det1=true
[5570]	65	86	-29	-12	-5	-4	det1=true
[5571]	39	87	-17	-14	-1	-5	det1=true
[5572]	40	87	-17	-3	-5	-2	det1=true
[5573]	40	87	-19	-3	-5	2	det1=true
[5574]	67	87	-12	2	-4	-6	det1=true
[5575]	67	87	-18	2	-4	6	det1=true
[5576]	76	87	-3	1	-5	-6	det1=true
[5577]	76	87	-9	1	-5	6	det1=true
[5578]	83	87	-16	-1	-7	4	det1=true
[5579]	59	88	-25	-20	-1	-6	det1=true
[5580]	59	88	-31	-20	-1	6	det1=true
[5581]	79	88	-16	-3	-6	-5	det1=true
[5582]	79	88	-21	-3	-6	5	det1=true
[5583]	84	85	-7	-3	-4	-7	det1=true
[5584]	85	85	-53	-14	-4	5	det1=true
[5585]	73	86	-23	-4	-6	-4	det1=true
[5586]	73	86	-27	-4	-6	4	det1=true
[5587]	36	87	0	1	-2	-5	det1=true
[5588]	36	87	-5	1	-2	5	det1=true
[5589]	68	87	-30	-19	-4	-5	det1=true
[5590]	68	87	-35	-19	-4	5	det1=true
[5591]	87	87	-14	-15	-1	-8	det1=true
[5592]	87	87	-22	-15	-1	8	det1=true
[5593]	10	88	-3	0	-2	-2	det1=true
[5594]	73	88	-24	-9	-6	-4	det1=true
[5595]	73	88	-28	-9	-6	4	det1=true
[5596]	85	88	-17	-9	-8	-1	det1=true
[5597]	85	88	-18	-9	-8	1	det1=true
[5598]	85	88	-14	-11	-4	-7	det1=true
[5599]	85	88	-21	-11	-4	7	det1=true
[5600]	51	85	-24	-2	-5	-3	det1=true
[5601]	51	85	-27	-2	-5	3	det1=true
[5602]	69	85	-32	-14	-4	-5	det1=true
[5603]	76	86	-23	-14	-4	-6	det1=true
[5604]	76	86	-29	-14	-4	6	det1=true
[5605]	73	88	-25	-4	-4	-6	det1=true
[5606]	73	88	-31	-4	-4	6	det1=true
[5607]	39	85	-19	-9	-5	-1	det1=true
[5608]	39	85	-20	-9	-5	1	det1=true
[5609]	74	87	-35	-23	-5	-4	det1=true
[5610]	74	87	-39	-23	-5	4	det1=true
[5611]	40	87	-12	-11	-2	-5	det1=true
[5612]	40	87	-17	-11	-2	5	det1=true
[5613]	84	88	-14	-7	-4	-7	det1=true
[5614]	84	88	-21	-7	-4	7	det1=true
[5615]	77	88	-31	-2	-4	-6	det1=true
[5616]	82	88	-11	1	-4	-7	det1=true
[5617]	82	88	-18	1	-4	7	det1=true
[5618]	76	85	-20	-13	-2	-7	det1=true
[5619]	76	85	-27	-13	-2	7	det1=true
[5620]	82	85	-39	-27	-5	-4	det1=true
[5621]	77	86	-24	-15	-4	-6	det1=true
[5622]	77	86	-30	-15	-4	6	det1=true
[5623]	79	88	-30	-15	-6	-4	det1=true
[5624]	79	88	-34	-15	-6	4	det1=true
[5625]	82	88	-11	-3	-7	-4	det1=true
[5626]	82	88	-15	-3	-7	4	det1=true
[5627]	83	87	-32	-17	-7	-2	det1=true
[5628]	30	85	-13	-12	-2	-4	det1=true
[5629]	30	85	-17	-12	-2	4	det1=true
[5630]	60	87	-27	-2	-2	-6	det1=true
[5631]	60	87	-33	-2	-2	6	det1=true
[5632]	83	87	-34	-17	-7	2	det1=true
[5633]	88	88	-19	0	-8	-2	det1=true
[5634]	88	88	-21	0	-8	2	det1=true
[5635]	89	89	-22	-15	-1	-8	det1=true
[5636]	89	89	-30	-15	-1	8	det1=true
[5637]	47	91	-14	0	-1	-6	det1=true
[5638]	52	91	-12	-13	-2	-6	det1=true
[5639]	52	91	-18	-13	-2	6	det1=true
[5640]	79	91	-39	-12	-7	-1	det1=true
[5641]	79	91	-40	-12	-7	1	det1=true
[5642]	79	91	-26	-10	-7	-3	det1=true
[5643]	79	91	-29	-10	-7	3	det1=true
[5644]	91	91	-39	-33	-7	-1	det1=true
[5645]	91	91	-40	-33	-7	1	det1=true
[5646]	24	92	-4	-3	-2	-4	det1=true
[5647]	24	92	-8	-3	-2	4	det1=true
[5648]	56	92	-25	-19	-1	-6	det1=true
[5649]	56	92	-31	-19	-1	6	det1=true
[5650]	34	89	-15	-5	-3	-4	det1=true
[5651]	34	89	-19	-5	-3	4	det1=true
[5652]	56	89	-22	-9	-6	-2	det1=true
[5653]	61	89	-4	-1	-7	-1	det1=true
[5654]	61	89	-5	-1	-7	1	det1=true
[5655]	72	89	-25	-1	-7	-2	det1=true
[5656]	79	89	-34	-27	-3	-6	det1=true
[5657]	79	89	-40	-27	-3	6	det1=true
[5658]	86	89	-39	-15	-7	-2	det1=true
[5659]	86	89	-41	-15	-7	2	det1=true
[5660]	89	89	-26	-8	-7	-4	det1=true
[5661]	89	89	-30	-8	-7	4	det1=true
[5662]	89	89	-24	-11	-1	-8	det1=true
[5663]	89	89	-32	-11	-1	8	det1=true
[5664]	39	90	-17	-1	-2	-5	det1=true
[5665]	39	90	-22	-1	-2	5	det1=true
[5666]	56	90	-26	3	-6	-2	det1=true
[5667]	56	90	-28	3	-6	2	det1=true
[5668]	56	90	-24	1	-2	-6	det1=true
[5669]	56	90	-30	1	-2	6	det1=true
[5670]	60	90	-25	-13	-4	-5	det1=true
[5671]	60	90	-30	-13	-4	5	det1=true
[5672]	68	90	-28	-17	-6	-3	det1=true
[5673]	68	90	-31	-17	-6	3	det1=true
[5674]	75	90	-23	-18	-7	-2	det1=true
[5675]	75	90	-25	-18	-7	2	det1=true
[5676]	83	90	-38	-5	-2	-7	det1=true
[5677]	83	90	-45	-5	-2	7	det1=true
[5678]	90	90	-44	-39	-6	-2	det1=true
[5679]	90	90	-46	-39	-6	2	det1=true
[5680]	90	90	-42	-41	-2	-6	det1=true
[5681]	90	90	-48	-41	-2	6	det1=true
[5682]	28	91	-13	-12	-4	-2	det1=true
[5683]	28	91	-15	-12	-4	2	det1=true
[5684]	31	91	-8	-4	-4	-3	det1=true
[5685]	31	91	-11	-4	-4	3	det1=true
[5686]	34	91	-15	-9	-3	-4	det1=true
[5687]	34	91	-19	-9	-3	4	det1=true
[5688]	52	91	-14	-11	-6	-2	det1=true
[5689]	52	91	-16	-11	-6	2	det1=true
[5690]	56	91	-20	-15	-2	-6	det1=true
[5691]	56	91	-26	-15	-2	6	det1=true
[5692]	73	91	-33	-8	-7	-1	det1=true
[5693]	73	91	-34	-8	-7	1	det1=true
[5694]	73	91	-27	0	-2	-7	det1=true
[5695]	74	91	-33	-10	-6	4	det1=true
[5696]	76	91	-27	-17	-7	-2	det1=true
[5697]	76	91	-29	-17	-7	2	det1=true
[5698]	77	91	-21	-11	-3	-7	det1=true
[5699]	77	91	-28	-11	-3	7	det1=true
[5700]	79	91	-36	-6	-4	-6	det1=true
[5701]	80	91	-35	-13	-7	-2	det1=true
[5702]	80	91	-37	-13	-7	2	det1=true
[5703]	86	91	-28	1	-8	-1	det1=true
[5704]	86	91	-29	1	-8	1	det1=true
[5705]	87	91	-26	-3	-1	-8	det1=true
[5706]	87	91	-34	-3	-1	8	det1=true
[5707]	89	91	-39	-5	-3	-7	det1=true
[5708]	89	91	-46	-5	-3	7	det1=true
[5709]	22	92	-10	-7	-4	-1	det1=true
[5710]	22	92	-11	-7	-4	1	det1=true
[5711]	34	92	1	1	-2	-5	det1=true
[5712]	34	92	-4	1	-2	5	det1=true
[5713]	36	92	-11	-1	-2	-5	det1=true
[5714]	36	92	-16	-1	-2	5	det1=true
[5715]	47	92	-15	-3	-1	-6	det1=true
[5716]	47	92	-21	-3	-1	6	det1=true
[5717]	47	92	0	-1	-2	-6	det1=true
[5718]	47	92	-6	-1	-2	6	det1=true
[5719]	53	92	-21	-6	-6	-2	det1=true
[5720]	53	92	-23	-6	-6	2	det1=true
[5721]	58	92	-22	-19	-2	-6	det1=true
[5722]	58	92	-28	-19	-2	6	det1=true
[5723]	72	92	-31	0	-7	2	det1=true
[5724]	82	92	-32	-25	-6	-4	det1=true
[5725]	82	92	-36	-25	-6	4	det1=true
[5726]	83	92	-18	-11	-4	-7	det1=true
[5727]	83	92	-25	-11	-4	7	det1=true
[5728]	91	92	-26	-11	-2	-8	det1=true
[5729]	91	92	-34	-11	-2	8	det1=true
[5730]	35	89	-17	0	-5	-1	det1=true
[5731]	35	89	-18	0	-5	1	det1=true
[5732]	35	89	-15	-2	-1	-5	det1=true
[5733]	35	89	-20	-2	-1	5	det1=true
[5734]	38	89	-15	2	-5	-2	det1=true
[5735]	38	89	-17	2	-5	2	det1=true
[5736]	46	89	-7	-2	-1	-6	det1=true
[5737]	46	89	-13	-2	-1	6	det1=true
[5738]	50	89	-3	1	-4	-5	det1=true
[5739]	50	89	-8	1	-4	5	det1=true
[5740]	56	89	-21	-20	-1	-6	det1=true
[5741]	56	89	-27	-20	-1	6	det1=true
[5742]	61	89	-26	-24	-1	-6	det1=true
[5743]	61	89	-32	-24	-1	6	det1=true
[5744]	65	89	-30	-16	-5	-4	det1=true
[5745]	65	89	-34	-16	-5	4	det1=true
[5746]	70	89	-23	2	-6	-4	det1=true
[5747]	70	89	-27	2	-6	4	det1=true
[5748]	71	89	-27	0	-1	-7	det1=true
[5749]	71	89	-34	0	-1	7	det1=true
[5750]	71	89	-11	-2	-3	7	det1=true
[5751]	73	89	-14	1	-7	-3	det1=true
[5752]	73	89	-17	1	-7	3	det1=true
[5753]	73	89	-12	-1	-3	-7	det1=true
[5754]	73	89	-19	-1	-3	7	det1=true
[5755]	73	89	-11	-6	-7	-3	det1=true
[5756]	73	89	-14	-6	-7	3	det1=true
[5757]	77	89	-33	-11	-1	-7	det1=true
[5758]	77	89	-40	-11	-1	7	det1=true
[5759]	79	89	-28	-25	-1	-7	det1=true
[5760]	79	89	-35	-25	-1	7	det1=true
[5761]	84	89	-41	3	-7	-2	det1=true
[5762]	87	89	-42	-10	-7	-2	det1=true
[5763]	87	89	-44	-10	-7	2	det1=true
[5764]	87	89	-39	-14	-2	-7	det1=true
[5765]	87	89	-46	-14	-2	7	det1=true
[5766]	89	89	-69	-14	-4	-3	det1=true
[5767]	89	89	-72	-14	-4	3	det1=true
[5768]	89	89	-37	-4	-3	-7	det1=true
[5769]	89	89	-44	-4	-3	7	det1=true
[5770]	36	90	-13	-1	-2	5	det1=true
[5771]	43	90	-18	-17	-2	-5	det1=true
[5772]	43	90	-23	-17	-2	5	det1=true
[5773]	50	90	-7	2	-5	-4	det1=true
[5774]	53	90	-16	-1	-4	-5	det1=true
[5775]	53	90	-21	-1	-4	5	det1=true
[5776]	71	90	-25	2	-7	-2	det1=true
[5777]	71	90	-27	2	-7	2	det1=true
[5778]	76	90	-23	-20	-7	-2	det1=true
[5779]	76	90	-25	-20	-7	2	det1=true
[5780]	79	90	-7	-3	-8	-1	det1=true
[5781]	79	90	-8	-3	-8	1	det1=true
[5782]	80	90	-37	-33	-5	-4	det1=true
[5783]	80	90	-41	-33	-5	4	det1=true
[5784]	85	90	-17	-13	-4	-7	det1=true
[5785]	85	90	-24	-13	-4	7	det1=true
[5786]	87	90	-21	-13	-4	-7	det1=true
[5787]	87	90	-28	-13	-4	7	det1=true
[5788]	89	90	-21	-19	-1	-8	det1=true
[5789]	89	90	-29	-19	-1	8	det1=true
[5790]	37	91	-13	0	-2	-5	det1=true
[5791]	37	91	-18	0	-2	5	det1=true
[5792]	48	91	-15	-7	-1	-6	det1=true
[5793]	50	91	-17	-13	-6	-1	det1=true
[5794]	50	91	-18	-13	-6	1	det1=true
[5795]	62	91	-29	-25	-6	-1	det1=true
[5796]	62	91	-30	-25	-6	1	det1=true
[5797]	65	91	-22	-1	-7	-1	det1=true
[5798]	65	91	-23	-1	-7	1	det1=true
[5799]	67	91	-26	1	-7	-1	det1=true
[5800]	67	91	-27	1	-7	1	det1=true
[5801]	69	91	-22	-15	-1	-7	det1=true
[5802]	69	91	-15	-14	-2	-7	det1=true
[5803]	69	91	-22	-14	-2	7	det1=true
[5804]	77	91	-24	1	-3	-7	det1=true
[5805]	77	91	-31	1	-3	7	det1=true
[5806]	78	91	-7	0	-7	-4	det1=true
[5807]	78	91	-11	0	-7	4	det1=true
[5808]	80	91	-37	-36	-2	-6	det1=true
[5809]	80	91	-43	-36	-2	6	det1=true
[5810]	80	91	-24	1	-6	-5	det1=true
[5811]	80	91	-29	1	-6	5	det1=true
[5812]	80	91	-23	-15	-5	6	det1=true
[5813]	81	91	-27	-26	-2	-7	det1=true
[5814]	81	91	-34	-26	-2	7	det1=true
[5815]	83	91	-25	-21	-7	-3	det1=true
[5816]	83	91	-28	-21	-7	3	det1=true
[5817]	83	91	-11	-5	-8	-2	det1=true
[5818]	83	91	-13	-5	-8	2	det1=true
[5819]	86	91	-25	-1	-4	-7	det1=true
[5820]	86	91	-32	-1	-4	7	det1=true
[5821]	88	91	-25	-23	-5	-6	det1=true
[5822]	88	91	-31	-23	-5	6	det1=true
[5823]	88	91	-25	2	-8	-2	det1=true
[5824]	89	91	-34	-10	-5	-6	det1=true
[5825]	50	92	-12	-7	-2	-6	det1=true
[5826]	50	92	-18	-7	-2	6	det1=true
[5827]	56	92	-20	-17	-6	-2	det1=true
[5828]	56	92	-22	-17	-6	2	det1=true
[5829]	63	92	-7	-1	-7	-2	det1=true
[5830]	63	92	-9	-1	-7	2	det1=true
[5831]	69	92	-28	-5	-2	7	det1=true
[5832]	75	92	-11	-9	-6	-5	det1=true
[5833]	75	92	-16	-9	-6	5	det1=true
[5834]	78	92	-9	-1	-1	-8	det1=true
[5835]	79	92	-17	-7	-4	7	det1=true
[5836]	82	92	-31	-26	-4	-6	det1=true
[5837]	89	92	-25	-18	-1	-8	det1=true
[5838]	89	92	-33	-18	-1	8	det1=true
[5839]	90	92	-47	-25	-2	7	det1=true
[5840]	16	89	-3	-1	-3	-2	det1=true
[5841]	16	89	-5	-1	-3	2	det1=true
[5842]	31	89	-6	1	-3	-4	det1=true
[5843]	31	89	-10	1	-3	4	det1=true
[5844]	33	89	-11	1	-5	-1	det1=true
[5845]	33	89	-12	1	-5	1	det1=true
[5846]	34	89	-13	-9	-4	-3	det1=true
[5847]	34	89	-16	-9	-4	3	det1=true
[5848]	38	89	-13	-3	-2	-5	det1=true
[5849]	38	89	-18	-3	-2	5	det1=true
[5850]	43	89	-10	-3	-5	-3	det1=true
[5851]	43	89	-13	-3	-5	3	det1=true
[5852]	49	89	-16	-3	-1	-6	det1=true
[5853]	49	89	-22	-3	-1	6	det1=true
[5854]	50	89	-3	0	-5	-4	det1=true
[5855]	50	89	-7	0	-5	4	det1=true
[5856]	51	89	-8	-2	-5	-4	det1=true
[5857]	51	89	-12	-2	-5	4	det1=true
[5858]	56	89	-24	-9	-6	2	det1=true
[5859]	62	89	-28	-11	-4	-5	det1=true
[5860]	64	89	-31	-16	-6	-2	det1=true
[5861]	64	89	-33	-16	-6	2	det1=true
[5862]	64	89	-29	-18	-2	-6	det1=true
[5863]	64	89	-35	-18	-2	6	det1=true
[5864]	65	89	-17	-6	-7	-1	det1=true
[5865]	70	89	-22	1	-4	-6	det1=true
[5866]	70	89	-28	1	-4	6	det1=true
[5867]	71	89	-6	0	-7	-3	det1=true
[5868]	71	89	-9	0	-7	3	det1=true
[5869]	71	89	-4	-2	-3	-7	det1=true
[5870]	72	89	-20	-11	-2	-7	det1=true
[5871]	72	89	-27	-11	-2	7	det1=true
[5872]	73	89	-34	-28	-6	-2	det1=true
[5873]	73	89	-36	-28	-6	2	det1=true
[5874]	73	89	-32	-30	-2	-6	det1=true
[5875]	73	89	-38	-30	-2	6	det1=true
[5876]	73	89	-16	-8	-3	7	det1=true
[5877]	74	89	-26	-1	-2	-7	det1=true
[5878]	74	89	-33	-1	-2	7	det1=true
[5879]	76	89	-37	0	-4	6	det1=true
[5880]	77	89	-10	-8	-5	-6	det1=true
[5881]	77	89	-16	-8	-5	6	det1=true
[5882]	81	89	-38	-32	-5	-4	det1=true
[5883]	81	89	-42	-32	-5	4	det1=true
[5884]	84	89	-19	-2	-7	-4	det1=true
[5885]	84	89	-23	-2	-7	4	det1=true
[5886]	84	89	-17	-5	-1	-8	det1=true
[5887]	84	89	-25	-5	-1	8	det1=true
[5888]	86	89	-36	-21	-4	-6	det1=true
[5889]	86	89	-42	-21	-4	6	det1=true
[5890]	87	89	-43	-18	-7	-1	det1=true
[5891]	87	89	-44	-18	-7	1	det1=true
[5892]	88	89	-36	-25	-6	-4	det1=true
[5893]	88	89	-40	-25	-6	4	det1=true
[5894]	89	89	-31	-12	-6	-5	det1=true
[5895]	89	89	-36	-12	-6	5	det1=true
[5896]	16	90	-5	0	-3	-2	det1=true
[5897]	16	90	-7	0	-3	2	det1=true
[5898]	51	90	-7	-7	-4	-5	det1=true
[5899]	51	90	-12	-7	-4	5	det1=true
[5900]	52	90	-14	-9	-6	-2	det1=true
[5901]	52	90	-16	-9	-6	2	det1=true
[5902]	54	90	-17	-12	-6	-2	det1=true
[5903]	54	90	-19	-12	-6	2	det1=true
[5904]	54	90	-15	-14	-2	-6	det1=true
[5905]	54	90	-21	-14	-2	6	det1=true
[5906]	55	90	-21	1	-5	-4	det1=true
[5907]	58	90	-21	-14	-5	-4	det1=true
[5908]	58	90	-25	-14	-5	4	det1=true
[5909]	69	90	-35	-24	-5	4	det1=true
[5910]	71	90	-31	-19	-6	-3	det1=true
[5911]	73	90	-25	-10	-7	-2	det1=true
[5912]	73	90	-27	-10	-7	2	det1=true
[5913]	76	90	-34	-31	-4	-5	det1=true
[5914]	78	90	-35	0	-7	-2	det1=true
[5915]	78	90	-37	0	-7	2	det1=true
[5916]	79	90	-4	-5	-4	-7	det1=true
[5917]	79	90	-11	-5	-4	7	det1=true
[5918]	89	90	-38	-23	-2	-7	det1=true
[5919]	31	91	-1	-2	-1	-5	det1=true
[5920]	31	91	-6	-2	-1	5	det1=true
[5921]	33	91	-8	-9	-1	-5	det1=true
[5922]	39	91	-21	-8	-2	5	det1=true
[5923]	39	91	-6	-4	-4	-4	det1=true
[5924]	48	91	-21	-7	-1	6	det1=true
[5925]	49	91	-16	-10	-1	-6	det1=true
[5926]	49	91	-22	-10	-1	6	det1=true
[5927]	53	91	-15	-13	-6	-2	det1=true
[5928]	53	91	-17	-13	-6	2	det1=true
[5929]	61	91	-9	-5	-7	-1	det1=true
[5930]	61	91	-10	-5	-7	1	det1=true
[5931]	63	91	-18	2	-7	-1	det1=true
[5932]	63	91	0	-2	-2	-7	det1=true
[5933]	64	91	-27	-24	-6	-2	det1=true
[5934]	64	91	-29	-24	-6	2	det1=true
[5935]	67	91	-30	-2	-1	7	det1=true
[5936]	67	91	-20	-12	-1	-7	det1=true
[5937]	67	91	-27	-12	-1	7	det1=true
[5938]	74	91	-15	1	-6	5	det1=true
[5939]	75	91	-34	-22	-1	7	det1=true
[5940]	77	91	-26	-9	-7	3	det1=true
[5941]	78	91	-17	-9	-6	-5	det1=true
[5942]	78	91	-22	-9	-6	5	det1=true
[5943]	79	91	-24	-12	-3	-7	det1=true
[5944]	79	91	-31	-12	-3	7	det1=true
[5945]	83	91	-28	-4	-6	-5	det1=true
[5946]	83	91	-33	-4	-6	5	det1=true
[5947]	83	91	-23	-23	-3	-7	det1=true
[5948]	83	91	-30	-23	-3	7	det1=true
[5949]	85	91	-35	0	-3	-7	det1=true
[5950]	85	91	-42	0	-3	7	det1=true
[5951]	88	91	-27	2	-8	2	det1=true
[5952]	88	91	-26	-13	-2	8	det1=true
[5953]	89	91	-10	-6	-8	-3	det1=true
[5954]	91	91	-24	-12	-2	-8	det1=true
[5955]	91	91	-32	-12	-2	8	det1=true
[5956]	16	92	-7	-1	-3	-2	det1=true
[5957]	16	92	-9	-1	-3	2	det1=true
[5958]	21	92	-9	-1	-4	-1	det1=true
[5959]	21	92	-10	-1	-4	1	det1=true
[5960]	24	92	-5	-2	-4	-2	det1=true
[5961]	24	92	-7	-2	-4	2	det1=true
[5962]	31	92	-10	-3	-4	-3	det1=true
[5963]	31	92	-13	-3	-4	3	det1=true
[5964]	53	92	-20	-5	-2	-6	det1=true
[5965]	53	92	-26	-5	-2	6	det1=true
[5966]	53	92	-19	-8	-2	-6	det1=true
[5967]	53	92	-25	-8	-2	6	det1=true
[5968]	54	92	-23	-6	-6	-2	det1=true
[5969]	54	92	-25	-6	-6	2	det1=true
[5970]	54	92	-17	-11	-4	-5	det1=true
[5971]	54	92	-22	-11	-4	5	det1=true
[5972]	56	92	-18	-19	-2	-6	det1=true
[5973]	56	92	-24	-19	-2	6	det1=true
[5974]	59	92	-23	-20	-2	-6	det1=true
[5975]	59	92	-29	-20	-2	6	det1=true
[5976]	65	92	-29	-22	-5	-4	det1=true
[5977]	65	92	-15	0	-7	-2	det1=true
[5978]	65	92	-17	0	-7	2	det1=true
[5979]	68	92	-27	-21	-3	-6	det1=true
[5980]	68	92	-33	-21	-3	6	det1=true
[5981]	72	92	-29	0	-7	-2	det1=true
[5982]	77	92	-32	-15	-6	-4	det1=true
[5983]	77	92	-36	-15	-6	4	det1=true
[5984]	80	92	-23	-8	-5	-6	det1=true
[5985]	80	92	-21	-12	-5	-6	det1=true
[5986]	80	92	-27	-12	-5	6	det1=true
[5987]	80	92	-14	-5	-4	-7	det1=true
[5988]	80	92	-21	-5	-4	7	det1=true
[5989]	81	92	-37	-9	-2	-7	det1=true
[5990]	81	92	-44	-9	-2	7	det1=true
[5991]	82	92	-37	-26	-4	6	det1=true
[5992]	82	92	-27	-7	-6	-5	det1=true
[5993]	82	92	-32	-7	-6	5	det1=true
[5994]	85	92	-25	-19	-5	-6	det1=true
[5995]	85	92	-31	-19	-5	6	det1=true
[5996]	86	92	-37	-24	-7	-2	det1=true
[5997]	86	92	-39	-24	-7	2	det1=true
[5998]	86	92	-21	-6	-8	-2	det1=true
[5999]	86	92	-23	-6	-8	2	det1=true
[6000]	86	92	-18	-9	-2	-8	det1=true
[6001]	86	92	-26	-9	-2	8	det1=true
[6002]	86	92	-1	-3	-3	-8	det1=true
[6003]	86	92	-9	-3	-3	8	det1=true
[6004]	91	92	-29	-8	-8	-2	det1=true
[6005]	91	92	-31	-8	-8	2	det1=true
[6006]	35	89	-18	-8	-1	5	det1=true
[6007]	38	89	-10	-9	-2	-5	det1=true
[6008]	38	89	-15	-9	-2	5	det1=true
[6009]	43	89	-9	-4	-3	-5	det1=true
[6010]	43	89	-14	-4	-3	5	det1=true
[6011]	44	89	-21	-15	-5	-2	det1=true
[6012]	44	89	-23	-15	-5	2	det1=true
[6013]	51	89	-18	-10	-1	-6	det1=true
[6014]	51	89	-24	-10	-1	6	det1=true
[6015]	52	89	-23	-15	-1	6	det1=true
[6016]	55	89	-21	-7	-6	-2	det1=true
[6017]	55	89	-23	-7	-6	2	det1=true
[6018]	68	89	-29	-26	-6	-2	det1=true
[6019]	68	89	-31	-26	-6	2	det1=true
[6020]	68	89	-12	-9	-2	-7	det1=true
[6021]	69	89	-17	-2	-2	-7	det1=true
[6022]	69	89	-24	-2	-2	7	det1=true
[6023]	76	89	-29	-20	-4	6	det1=true
[6024]	76	89	-7	-7	-5	-6	det1=true
[6025]	77	89	-29	-13	-4	-6	det1=true
[6026]	77	89	-35	-13	-4	6	det1=true
[6027]	77	89	-17	-12	-3	-7	det1=true
[6028]	77	89	-24	-12	-3	7	det1=true
[6029]	79	89	-31	-22	-7	-1	det1=true
[6030]	79	89	-32	-22	-7	1	det1=true
[6031]	80	89	-35	-34	-5	-4	det1=true
[6032]	80	89	-39	-34	-5	4	det1=true
[6033]	80	89	-9	-1	-8	-1	det1=true
[6034]	81	89	-29	-20	-2	-7	det1=true
[6035]	81	89	-36	-20	-2	7	det1=true
[6036]	84	89	-27	1	-5	-6	det1=true
[6037]	84	89	-33	1	-5	6	det1=true
[6038]	84	89	-13	-13	-1	-8	det1=true
[6039]	84	89	-21	-13	-1	8	det1=true
[6040]	85	89	-37	-17	-4	-6	det1=true
[6041]	85	89	-43	-17	-4	6	det1=true
[6042]	86	89	-29	-5	-5	-6	det1=true
[6043]	86	89	-35	-5	-5	6	det1=true
[6044]	87	89	-31	-28	-2	-7	det1=true
[6045]	87	89	-38	-28	-2	7	det1=true
[6046]	41	90	-18	-11	-2	-5	det1=true
[6047]	41	90	-23	-11	-2	5	det1=true
[6048]	54	90	-19	2	-5	-4	det1=true
[6049]	54	90	-23	2	-5	4	det1=true
[6050]	54	90	-14	-11	-4	-5	det1=true
[6051]	54	90	-19	-11	-4	5	det1=true
[6052]	55	90	-23	-7	-5	4	det1=true
[6053]	57	90	-24	-1	-4	-5	det1=true
[6054]	57	90	-29	-1	-4	5	det1=true
[6055]	58	90	-25	-6	-5	-4	det1=true
[6056]	58	90	-16	-5	-6	-3	det1=true
[6057]	58	90	-19	-5	-6	3	det1=true
[6058]	67	90	-29	-23	-5	-4	det1=true
[6059]	67	90	-33	-23	-5	4	det1=true
[6060]	76	90	-39	-31	-4	5	det1=true
[6061]	80	90	-25	-25	-2	-7	det1=true
[6062]	80	90	-32	-25	-2	7	det1=true
[6063]	84	90	-19	-5	-4	-7	det1=true
[6064]	84	90	-10	-5	-2	-8	det1=true
[6065]	84	90	-18	-5	-2	8	det1=true
[6066]	85	90	-21	-4	-1	-8	det1=true
[6067]	85	90	-29	-4	-1	8	det1=true
[6068]	86	90	-21	-10	-1	-8	det1=true
[6069]	86	90	-29	-10	-1	8	det1=true
[6070]	88	90	-43	-13	-7	-2	det1=true
[6071]	88	90	-45	-13	-7	2	det1=true
[6072]	90	90	-31	1	-7	-4	det1=true
[6073]	90	90	-35	1	-7	4	det1=true
[6074]	90	90	-23	-10	-8	-2	det1=true
[6075]	90	90	-25	-10	-8	2	det1=true
[6076]	90	90	-20	-13	-2	-8	det1=true
[6077]	90	90	-28	-13	-2	8	det1=true
[6078]	31	91	-9	-2	-4	-3	det1=true
[6079]	31	91	-12	-2	-4	3	det1=true
[6080]	33	91	-10	-7	-5	-1	det1=true
[6081]	33	91	-11	-7	-5	1	det1=true
[6082]	37	91	-12	-6	-5	-2	det1=true
[6083]	37	91	-14	-6	-5	2	det1=true
[6084]	39	91	-16	-8	-2	-5	det1=true
[6085]	61	91	-8	-5	-1	-7	det1=true
[6086]	61	91	-15	-5	-1	7	det1=true
[6087]	63	91	-15	-1	-1	-7	det1=true
[6088]	63	91	-8	0	-2	7	det1=true
[6089]	67	91	-19	-1	-4	-6	det1=true
[6090]	67	91	-25	-1	-4	6	det1=true
[6091]	69	91	-29	-1	-7	-1	det1=true
[6092]	69	91	-30	-1	-7	1	det1=true
[6093]	70	91	-18	-13	-2	-7	det1=true
[6094]	71	91	-28	-24	-3	-6	det1=true
[6095]	71	91	-34	-24	-3	6	det1=true
[6096]	71	91	-16	3	-7	3	det1=true
[6097]	73	91	-26	-20	-7	-1	det1=true
[6098]	73	91	-27	-20	-7	1	det1=true
[6099]	73	91	-24	-14	-7	-2	det1=true
[6100]	73	91	-26	-14	-7	2	det1=true
[6101]	73	91	-16	-2	-3	-7	det1=true
[6102]	73	91	-23	-2	-3	7	det1=true
[6103]	74	91	-27	-14	-6	-4	det1=true
[6104]	75	91	-32	-16	-7	-1	det1=true
[6105]	75	91	-33	-16	-7	1	det1=true
[6106]	75	91	-28	-10	-2	-7	det1=true
[6107]	75	91	-35	-10	-2	7	det1=true
[6108]	75	91	-27	-22	-1	-7	det1=true
[6109]	77	91	-16	-6	-5	-6	det1=true
[6110]	78	91	-5	-3	-1	-8	det1=true
[6111]	78	91	-13	-3	-1	8	det1=true
[6112]	80	91	-17	-15	-5	-6	det1=true
[6113]	81	91	-36	-22	-7	-1	det1=true
[6114]	81	91	-37	-22	-7	1	det1=true
[6115]	81	91	-33	-25	-1	-7	det1=true
[6116]	81	91	-40	-25	-1	7	det1=true
[6117]	81	91	-14	-7	-7	-4	det1=true
[6118]	81	91	-18	-7	-7	4	det1=true
[6119]	83	91	-14	4	-8	-2	det1=true
[6120]	83	91	-16	4	-8	2	det1=true
[6121]	87	91	-32	0	-7	4	det1=true
[6122]	88	91	-27	-6	-1	-8	det1=true
[6123]	88	91	-18	-13	-2	-8	det1=true
[6124]	91	91	-35	0	-8	-1	det1=true
[6125]	91	91	-36	0	-8	1	det1=true
[6126]	91	91	-27	-9	-8	-2	det1=true
[6127]	91	91	-29	-9	-8	2	det1=true
[6128]	20	92	-2	1	-4	-1	det1=true
[6129]	20	92	-3	1	-4	1	det1=true
[6130]	46	92	-15	1	-6	-1	det1=true
[6131]	46	92	-16	1	-6	1	det1=true
[6132]	50	92	-14	-5	-6	-2	det1=true
[6133]	50	92	-16	-5	-6	2	det1=true
[6134]	51	92	-14	1	-4	-5	det1=true
[6135]	51	92	-19	1	-4	5	det1=true
[6136]	54	92	-21	-8	-2	-6	det1=true
[6137]	54	92	-27	-8	-2	6	det1=true
[6138]	62	92	-6	-3	-6	-4	det1=true
[6139]	66	92	-27	-26	-5	-4	det1=true
[6140]	66	92	-31	-26	-5	4	det1=true
[6141]	74	92	-31	-5	-7	-2	det1=true
[6142]	74	92	-33	-5	-7	2	det1=true
[6143]	78	92	-6	-7	-4	-7	det1=true
[6144]	78	92	-13	-7	-4	7	det1=true
[6145]	79	92	-19	-12	-5	-6	det1=true
[6146]	79	92	-25	-12	-5	6	det1=true
[6147]	79	92	-10	-7	-4	-7	det1=true
[6148]	80	92	-19	-15	-6	-5	det1=true
[6149]	80	92	-24	-15	-6	5	det1=true
[6150]	83	92	-19	-13	-8	1	det1=true
[6151]	83	92	-15	-15	-4	-7	det1=true
[6152]	83	92	-22	-15	-4	7	det1=true
[6153]	84	92	-31	-28	-7	-2	det1=true
[6154]	84	92	-33	-28	-7	2	det1=true
[6155]	86	92	-33	-4	-5	-6	det1=true
[6156]	86	92	-39	-4	-5	6	det1=true
[6157]	87	92	-25	4	-8	-2	det1=true
[6158]	87	92	-27	4	-8	2	det1=true
[6159]	87	92	-22	1	-2	-8	det1=true
[6160]	87	92	-30	1	-2	8	det1=true
[6161]	88	92	-31	2	-7	-4	det1=true
[6162]	88	92	-35	2	-7	4	det1=true
[6163]	88	92	-29	-1	-1	-8	det1=true
[6164]	89	92	-14	-5	-8	-3	det1=true
[6165]	89	92	-17	-5	-8	3	det1=true
[6166]	90	92	-40	-25	-2	-7	det1=true
[6167]	92	92	-35	-6	-7	-4	det1=true
[6168]	35	89	-13	-8	-1	-5	det1=true
[6169]	35	89	-12	-10	-5	-1	det1=true
[6170]	35	89	-13	-10	-5	1	det1=true
[6171]	36	89	-4	-5	-2	-5	det1=true
[6172]	36	89	-9	-5	-2	5	det1=true
[6173]	39	89	-16	-5	-5	-2	det1=true
[6174]	39	89	-18	-5	-5	2	det1=true
[6175]	43	89	-10	-1	-3	-5	det1=true
[6176]	43	89	-15	-1	-3	5	det1=true
[6177]	43	89	-8	-6	-5	-3	det1=true
[6178]	43	89	-11	-6	-5	3	det1=true
[6179]	46	89	-5	-6	-1	-6	det1=true
[6180]	46	89	-11	-6	-1	6	det1=true
[6181]	47	89	-20	-5	-5	-3	det1=true
[6182]	47	89	-23	-5	-5	3	det1=true
[6183]	51	89	-10	-5	-5	4	det1=true
[6184]	52	89	-17	-15	-1	-6	det1=true
[6185]	53	89	-14	-4	-5	-4	det1=true
[6186]	53	89	-18	-4	-5	4	det1=true
[6187]	57	89	-23	0	-4	-5	det1=true
[6188]	57	89	-28	0	-4	5	det1=true
[6189]	61	89	-28	-8	-5	-4	det1=true
[6190]	70	89	-31	-15	-6	-3	det1=true
[6191]	73	89	-28	-4	-7	2	det1=true
[6192]	73	89	-9	-8	-3	-7	det1=true
[6193]	76	89	-23	-20	-4	-6	det1=true
[6194]	77	89	-33	-15	-7	-1	det1=true
[6195]	77	89	-34	-15	-7	1	det1=true
[6196]	80	89	-10	-1	-8	1	det1=true
[6197]	80	89	-6	-3	-4	-7	det1=true
[6198]	80	89	-13	-3	-4	7	det1=true
[6199]	83	89	-24	-18	-3	-7	det1=true
[6200]	83	89	-31	-18	-3	7	det1=true
[6201]	85	89	-24	-14	-6	-5	det1=true
[6202]	86	89	-37	-20	-6	-4	det1=true
[6203]	86	89	-41	-20	-6	4	det1=true
[6204]	88	89	-35	-26	-4	-6	det1=true
[6205]	88	89	-41	-26	-4	6	det1=true
[6206]	21	90	-7	1	-4	-1	det1=true
[6207]	21	90	-8	1	-4	1	det1=true
[6208]	36	90	-8	-1	-2	-5	det1=true
[6209]	39	90	-18	-11	-2	5	det1=true
[6210]	50	90	-6	-1	-4	-5	det1=true
[6211]	50	90	-11	-1	-4	5	det1=true
[6212]	51	90	-15	1	-5	4	det1=true
[6213]	55	90	-25	1	-5	4	det1=true
[6214]	55	90	-19	-7	-5	-4	det1=true
[6215]	61	90	-33	-8	-5	4	det1=true
[6216]	64	90	-5	0	-7	-2	det1=true
[6217]	69	90	-31	-24	-5	-4	det1=true
[6218]	70	90	-25	0	-7	2	det1=true
[6219]	73	90	-32	-29	-4	-5	det1=true
[6220]	73	90	-37	-29	-4	5	det1=true
[6221]	83	90	-15	-11	-8	-1	det1=true
[6222]	83	90	-16	-11	-8	1	det1=true
[6223]	84	90	-22	-3	-8	-1	det1=true
[6224]	84	90	-23	-3	-8	1	det1=true
[6225]	84	90	-26	-5	-4	7	det1=true
[6226]	88	90	-25	0	-8	2	det1=true
[6227]	89	90	-45	-23	-2	7	det1=true
[6228]	90	90	-26	-13	-4	-7	det1=true
[6229]	90	90	-33	-13	-4	7	det1=true
[6230]	21	91	-6	-4	-4	-1	det1=true
[6231]	21	91	-7	-4	-4	1	det1=true
[6232]	33	91	-13	-9	-1	5	det1=true
[6233]	35	91	-19	-10	-1	5	det1=true
[6234]	36	91	-11	0	-5	-2	det1=true
[6235]	36	91	-13	0	-5	2	det1=true
[6236]	44	91	-3	1	-6	-1	det1=true
[6237]	44	91	-4	1	-6	1	det1=true
[6238]	49	91	-14	-13	-1	-6	det1=true
[6239]	53	91	-20	-17	-1	-6	det1=true
[6240]	53	91	-26	-17	-1	6	det1=true
[6241]	54	91	-5	1	-3	-6	det1=true
[6242]	54	91	-11	1	-3	6	det1=true
[6243]	59	91	-22	-20	-6	-2	det1=true
[6244]	59	91	-24	-20	-6	2	det1=true
[6245]	60	91	-17	-13	-3	-6	det1=true
[6246]	61	91	-11	-2	-7	-1	det1=true
[6247]	61	91	-12	-2	-7	1	det1=true
[6248]	61	91	-6	-8	-1	-7	det1=true
[6249]	61	91	-13	-8	-1	7	det1=true
[6250]	63	91	-26	-5	-3	-6	det1=true
[6251]	63	91	-32	-5	-3	6	det1=true
[6252]	63	91	-22	-1	-1	7	det1=true
[6253]	63	91	-1	0	-2	-7	det1=true
[6254]	64	91	-27	-15	-6	3	det1=true
[6255]	69	91	-25	-12	-7	-1	det1=true
[6256]	69	91	-26	-12	-7	1	det1=true
[6257]	69	91	-29	-15	-1	7	det1=true
[6258]	70	91	-25	-13	-2	7	det1=true
[6259]	73	91	-18	-12	-3	7	det1=true
[6260]	74	91	-28	-11	-4	-6	det1=true
[6261]	74	91	-34	-11	-4	6	det1=true
[6262]	74	91	-31	-14	-6	4	det1=true
[6263]	74	91	-10	1	-6	-5	det1=true
[6264]	76	91	-16	3	-6	-5	det1=true
[6265]	76	91	-21	3	-6	5	det1=true
[6266]	77	91	-23	-9	-7	-3	det1=true
[6267]	78	91	-31	-13	-2	-7	det1=true
[6268]	78	91	-38	-13	-2	7	det1=true
[6269]	79	91	-34	-14	-6	-4	det1=true
[6270]	79	91	-38	-14	-6	4	det1=true
[6271]	79	91	-30	-26	-7	-1	det1=true
[6272]	79	91	-31	-26	-7	1	det1=true
[6273]	82	91	-39	-14	-7	2	det1=true
[6274]	83	91	-34	-3	-7	-3	det1=true
[6275]	83	91	-37	-3	-7	3	det1=true
[6276]	83	91	-32	-5	-3	-7	det1=true
[6277]	83	91	-39	-5	-3	7	det1=true
[6278]	85	91	-29	-10	-6	-5	det1=true
[6279]	85	91	-34	-10	-6	5	det1=true
[6280]	87	91	-28	0	-7	-4	det1=true
[6281]	88	91	-29	-3	-7	-4	det1=true
[6282]	88	91	-33	-3	-7	4	det1=true
[6283]	88	91	-35	-6	-1	8	det1=true
[6284]	88	91	-30	-1	-2	8	det1=true
[6285]	30	92	-6	-1	-4	-3	det1=true
[6286]	30	92	-9	-1	-4	3	det1=true
[6287]	36	92	-11	-4	-5	-2	det1=true
[6288]	36	92	-13	-4	-5	2	det1=true
[6289]	38	92	-15	-7	-2	-5	det1=true
[6290]	38	92	-20	-7	-2	5	det1=true
[6291]	50	92	-10	-3	-4	-5	det1=true
[6292]	50	92	-15	-3	-4	5	det1=true
[6293]	51	92	-19	-15	-6	-1	det1=true
[6294]	53	92	-22	-3	-6	-2	det1=true
[6295]	53	92	-24	-3	-6	2	det1=true
[6296]	62	92	-8	3	-6	-4	det1=true
[6297]	62	92	-12	3	-6	4	det1=true
[6298]	62	92	-10	-3	-6	4	det1=true
[6299]	63	92	-19	-20	-3	-6	det1=true
[6300]	63	92	-25	-20	-3	6	det1=true
[6301]	65	92	-33	-22	-5	4	det1=true
[6302]	71	92	-26	-9	-6	-4	det1=true
[6303]	71	92	-30	-9	-6	4	det1=true
[6304]	71	92	-24	-7	-2	-7	det1=true
[6305]	71	92	-31	-7	-2	7	det1=true
[6306]	72	92	-25	-9	-2	-7	det1=true
[6307]	72	92	-32	-9	-2	7	det1=true
[6308]	77	92	-20	1	-6	-5	det1=true
[6309]	77	92	-25	1	-6	5	det1=true
[6310]	77	92	-17	-8	-5	-6	det1=true
[6311]	77	92	-23	-8	-5	6	det1=true
[6312]	78	92	-17	-1	-1	8	det1=true
[6313]	80	92	-17	-3	-8	-1	det1=true
[6314]	80	92	-18	-3	-8	1	det1=true
[6315]	81	92	-19	1	-7	-4	det1=true
[6316]	81	92	-23	1	-7	4	det1=true
[6317]	81	92	-17	-2	-1	-8	det1=true
[6318]	81	92	-25	-2	-1	8	det1=true
[6319]	83	92	-18	-13	-8	-1	det1=true
[6320]	85	92	-35	-25	-7	-2	det1=true
[6321]	85	92	-37	-25	-7	2	det1=true
[6322]	85	92	-31	-7	-5	-6	det1=true
[6323]	85	92	-37	-7	-5	6	det1=true
[6324]	88	92	-37	-1	-1	8	det1=true
[6325]	92	92	-30	-19	-8	-1	det1=true
[6326]	92	92	-31	-19	-8	1	det1=true
[6327]	92	92	-17	-11	-3	-8	det1=true
[6328]	92	92	-25	-11	-3	8	det1=true
[6329]	47	89	-20	-2	-3	-5	det1=true
[6330]	51	89	-6	-5	-5	-4	det1=true
[6331]	58	89	-13	-6	-3	-6	det1=true
[6332]	58	89	-19	-6	-3	6	det1=true
[6333]	68	89	-27	-28	-2	-6	det1=true
[6334]	68	89	-33	-28	-2	6	det1=true
[6335]	74	89	-27	-6	-7	-2	det1=true
[6336]	74	89	-1	3	-6	-5	det1=true
[6337]	74	89	-6	3	-6	5	det1=true
[6338]	77	89	-26	2	-7	3	det1=true
[6339]	81	89	-34	-13	-7	-2	det1=true
[6340]	81	89	-36	-13	-7	2	det1=true
[6341]	82	89	-25	-13	-5	6	det1=true
[6342]	84	89	-33	-22	-4	-6	det1=true
[6343]	84	89	-39	-22	-4	6	det1=true
[6344]	85	89	-29	-14	-6	5	det1=true
[6345]	86	89	-25	-3	-8	1	det1=true
[6346]	87	89	-26	-2	-8	-1	det1=true
[6347]	87	89	-30	-4	-4	7	det1=true
[6348]	89	89	-22	-4	-8	-2	det1=true
[6349]	89	89	-24	-4	-8	2	det1=true
[6350]	35	90	-2	-1	-2	-5	det1=true
[6351]	35	90	-7	-1	-2	5	det1=true
[6352]	39	90	-13	-11	-2	-5	det1=true
[6353]	50	90	-11	2	-5	4	det1=true
[6354]	51	90	-11	1	-5	-4	det1=true
[6355]	65	90	-23	-17	-6	-3	det1=true
[6356]	65	90	-26	-17	-6	3	det1=true
[6357]	66	90	-29	-24	-6	-2	det1=true
[6358]	66	90	-31	-24	-6	2	det1=true
[6359]	66	90	-27	-26	-2	-6	det1=true
[6360]	66	90	-33	-26	-2	6	det1=true
[6361]	70	90	-23	0	-7	-2	det1=true
[6362]	84	90	-13	-2	-8	-2	det1=true
[6363]	84	90	-15	-2	-8	2	det1=true
[6364]	88	90	-23	0	-8	-2	det1=true
[6365]	88	90	-28	-3	-2	8	det1=true
[6366]	90	90	-29	-2	-1	-8	det1=true
[6367]	90	90	-37	-2	-1	8	det1=true
[6368]	31	91	-3	0	-5	-1	det1=true
[6369]	31	91	-4	0	-5	1	det1=true
[6370]	44	91	-1	0	-1	-6	det1=true
[6371]	44	91	-7	0	-1	6	det1=true
[6372]	47	91	-27	-2	-3	5	det1=true
[6373]	49	91	-20	-13	-1	6	det1=true
[6374]	52	91	-24	-9	-6	-1	det1=true
[6375]	52	91	-25	-9	-6	1	det1=true
[6376]	56	91	-13	-3	-6	-3	det1=true
[6377]	56	91	-16	-3	-6	3	det1=true
[6378]	61	91	-9	-2	-1	-7	det1=true
[6379]	61	91	-16	-2	-1	7	det1=true
[6380]	63	91	-19	2	-7	1	det1=true
[6381]	64	91	-24	-15	-6	-3	det1=true
[6382]	65	91	-19	-4	-1	-7	det1=true
[6383]	65	91	-26	-4	-1	7	det1=true
[6384]	67	91	-15	-11	-4	-6	det1=true
[6385]	71	91	-13	3	-7	-3	det1=true
[6386]	75	91	-28	-13	-7	-2	det1=true
[6387]	75	91	-30	-13	-7	2	det1=true
[6388]	77	91	2	2	-4	-7	det1=true
[6389]	77	91	-5	2	-4	7	det1=true
[6390]	79	91	-33	-15	-4	-6	det1=true
[6391]	79	91	-39	-15	-4	6	det1=true
[6392]	79	91	-34	-29	-1	7	det1=true
[6393]	81	91	-40	-15	-7	-1	det1=true
[6394]	81	91	-41	-15	-7	1	det1=true
[6395]	81	91	-12	-10	-1	-8	det1=true
[6396]	81	91	-20	-10	-1	8	det1=true
[6397]	87	91	-37	-30	-7	-1	det1=true
[6398]	87	91	-38	-30	-7	1	det1=true
[6399]	88	91	-15	-3	-3	8	det1=true
[6400]	89	91	-13	-6	-8	3	det1=true
[6401]	91	91	-73	-4	-4	-3	det1=true
[6402]	91	91	-36	-36	-1	-7	det1=true
[6403]	91	91	-43	-36	-1	7	det1=true
[6404]	47	92	-16	-5	-6	-1	det1=true
[6405]	47	92	-17	-5	-6	1	det1=true
[6406]	47	92	-2	1	-6	-2	det1=true
[6407]	47	92	-4	1	-6	2	det1=true
[6408]	57	92	-22	-13	-4	-5	det1=true
[6409]	57	92	-27	-13	-4	5	det1=true
[6410]	73	92	-7	-4	-5	-6	det1=true
[6411]	73	92	-13	-4	-5	6	det1=true
[6412]	74	92	-9	-7	-5	-6	det1=true
[6413]	74	92	-15	-7	-5	6	det1=true
[6414]	77	92	-3	-5	-1	-8	det1=true
[6415]	77	92	-11	-5	-1	8	det1=true
[6416]	84	92	-12	-11	-2	-8	det1=true
[6417]	84	92	-20	-11	-2	8	det1=true
[6418]	59	89	-24	-10	-5	-4	det1=true
[6419]	59	89	-28	-10	-5	4	det1=true
[6420]	65	89	-18	-6	-7	1	det1=true
[6421]	65	89	-15	-9	-7	-1	det1=true
[6422]	65	89	-16	-9	-7	1	det1=true
[6423]	65	89	-12	-12	-1	-7	det1=true
[6424]	68	89	-19	-9	-2	7	det1=true
[6425]	74	89	-29	-6	-7	2	det1=true
[6426]	76	89	-32	1	-6	-4	det1=true
[6427]	76	89	-36	1	-6	4	det1=true
[6428]	77	89	-30	-12	-6	-4	det1=true
[6429]	77	89	-34	-12	-6	4	det1=true
[6430]	77	89	-19	-10	-7	-3	det1=true
[6431]	77	89	-22	-10	-7	3	det1=true
[6432]	82	89	-19	-13	-5	-6	det1=true
[6433]	84	89	-11	2	-8	-2	det1=true
[6434]	84	89	-13	2	-8	2	det1=true
[6435]	86	89	-31	-28	-6	-4	det1=true
[6436]	86	89	-35	-28	-6	4	det1=true
[6437]	86	89	-30	-29	-4	-6	det1=true
[6438]	86	89	-36	-29	-4	6	det1=true
[6439]	86	89	-25	-15	-6	-5	det1=true
[6440]	86	89	-30	-15	-6	5	det1=true
[6441]	87	89	-27	-2	-8	1	det1=true
[6442]	87	89	-23	-4	-4	-7	det1=true
[6443]	89	89	-36	-9	-3	-7	det1=true
[6444]	89	89	-19	-7	-2	-8	det1=true
[6445]	55	90	-20	-3	-4	-5	det1=true
[6446]	55	90	-25	-3	-4	5	det1=true
[6447]	83	90	-35	-18	-7	-2	det1=true
[6448]	83	90	-37	-18	-7	2	det1=true
[6449]	84	90	-35	-20	-7	-2	det1=true
[6450]	84	90	-37	-20	-7	2	det1=true
[6451]	88	90	-20	-3	-2	-8	det1=true
[6452]	33	91	-18	-4	-4	3	det1=true
[6453]	46	91	-11	-1	-1	-6	det1=true
[6454]	46	91	-17	-1	-1	6	det1=true
[6455]	47	91	-15	-4	-6	-1	det1=true
[6456]	47	91	-16	-4	-6	1	det1=true
[6457]	58	91	-25	-22	-1	-6	det1=true
[6458]	58	91	-31	-22	-1	6	det1=true
[6459]	59	91	-27	-22	-6	-1	det1=true
[6460]	59	91	-28	-22	-6	1	det1=true
[6461]	64	91	-29	-28	-1	-6	det1=true
[6462]	64	91	-35	-28	-1	6	det1=true
[6463]	71	91	-27	-1	-6	-4	det1=true
[6464]	71	91	-26	-2	-4	-6	det1=true
[6465]	71	91	-32	-2	-4	6	det1=true
[6466]	71	91	-11	1	-3	-7	det1=true
[6467]	71	91	-18	1	-3	7	det1=true
[6468]	73	91	-30	-11	-1	-7	det1=true
[6469]	73	91	-37	-11	-1	7	det1=true
[6470]	73	91	-4	-2	-5	-6	det1=true
[6471]	73	91	-10	-2	-5	6	det1=true
[6472]	76	91	-15	-3	-6	-5	det1=true
[6473]	76	91	-20	-3	-6	5	det1=true
[6474]	79	91	-27	-29	-1	-7	det1=true
[6475]	81	91	-16	-3	-7	-4	det1=true
[6476]	81	91	-20	-3	-7	4	det1=true
[6477]	81	91	-14	-6	-1	-8	det1=true
[6478]	83	91	-16	-8	-2	8	det1=true
[6479]	88	91	-22	-1	-2	-8	det1=true
[6480]	88	91	-10	1	-8	-3	det1=true
[6481]	88	91	-13	1	-8	3	det1=true
[6482]	91	91	-37	-31	-6	-4	det1=true
[6483]	91	91	-41	-31	-6	4	det1=true
[6484]	35	92	-7	-1	-2	-5	det1=true
[6485]	35	92	-12	-1	-2	5	det1=true
[6486]	35	92	-7	-3	-5	-2	det1=true
[6487]	35	92	-9	-3	-5	2	det1=true
[6488]	66	92	-15	-10	-4	-6	det1=true
[6489]	69	92	-21	-5	-2	-7	det1=true
[6490]	75	92	-15	1	-5	-6	det1=true
[6491]	75	92	-21	1	-5	6	det1=true
[6492]	78	92	-37	-1	-7	-2	det1=true
[6493]	78	92	-39	-1	-7	2	det1=true
[6494]	78	92	-9	-5	-8	-1	det1=true
[6495]	78	92	-10	-5	-8	1	det1=true
[6496]	80	92	-25	1	-5	-6	det1=true
[6497]	80	92	-31	1	-5	6	det1=true
[6498]	83	92	-21	-9	-8	-1	det1=true
[6499]	83	92	-22	-9	-8	1	det1=true
[6500]	84	92	-19	4	-8	-2	det1=true
[6501]	84	92	-21	4	-8	2	det1=true
[6502]	86	92	-39	-21	-7	-2	det1=true
[6503]	86	92	-41	-21	-7	2	det1=true
[6504]	92	92	-39	-6	-7	4	det1=true
[6505]	21	89	-4	0	-1	-4	det1=true
[6506]	21	89	-8	0	-1	4	det1=true
[6507]	40	89	-17	-8	-5	-2	det1=true
[6508]	40	89	-19	-8	-5	2	det1=true
[6509]	50	89	-21	3	-6	-1	det1=true
[6510]	50	89	-22	3	-6	1	det1=true
[6511]	77	89	-23	2	-7	-3	det1=true
[6512]	84	89	-8	-1	-2	-8	det1=true
[6513]	84	89	-16	-1	-2	8	det1=true
[6514]	89	89	-42	-21	-5	-5	det1=true
[6515]	89	89	-47	-21	-5	5	det1=true
[6516]	89	89	-27	-7	-2	8	det1=true
[6517]	41	90	-17	-13	-5	-2	det1=true
[6518]	41	90	-19	-13	-5	2	det1=true
[6519]	58	90	-29	-6	-5	4	det1=true
[6520]	61	90	-25	-16	-5	-4	det1=true
[6521]	61	90	-29	-16	-5	4	det1=true
[6522]	70	90	-30	-29	-2	-6	det1=true
[6523]	70	90	-36	-29	-2	6	det1=true
[6524]	86	90	-31	-2	-1	8	det1=true
[6525]	35	91	-14	-10	-1	-5	det1=true
[6526]	52	91	-20	-15	-6	-1	det1=true
[6527]	52	91	-21	-15	-6	1	det1=true
[6528]	56	91	-22	-13	-6	-2	det1=true
[6529]	56	91	-24	-13	-6	2	det1=true
[6530]	64	91	-25	-26	-2	-6	det1=true
[6531]	64	91	-31	-26	-2	6	det1=true
[6532]	71	91	-31	-1	-6	4	det1=true
[6533]	83	91	-8	-8	-2	-8	det1=true
[6534]	87	91	-28	-6	-8	-1	det1=true
[6535]	87	91	-29	-6	-8	1	det1=true
[6536]	88	91	-7	-3	-3	-8	det1=true
[6537]	52	92	-24	-11	-6	-1	det1=true
[6538]	52	92	-25	-11	-6	1	det1=true
[6539]	65	92	-13	-5	-7	-2	det1=true
[6540]	75	92	-28	-13	-2	-7	det1=true
[6541]	75	92	-35	-13	-2	7	det1=true
[6542]	76	92	-31	-16	-7	2	det1=true
[6543]	79	92	-13	-5	-8	-1	det1=true
[6544]	79	92	-14	-5	-8	1	det1=true
[6545]	84	92	-15	-8	-8	-2	det1=true
[6546]	84	92	-17	-8	-8	2	det1=true
[6547]	86	92	-31	-11	-5	-6	det1=true
[6548]	86	92	-37	-11	-5	6	det1=true
[6549]	88	92	-25	-17	-8	-1	det1=true
[6550]	88	92	-26	-17	-8	1	det1=true
[6551]	90	92	-25	-21	-8	-1	det1=true
[6552]	43	89	-7	-7	-3	-5	det1=true
[6553]	43	89	-12	-7	-3	5	det1=true
[6554]	52	89	-19	-12	-1	-6	det1=true
[6555]	52	89	-25	-12	-1	6	det1=true
[6556]	83	89	-26	2	-6	-5	det1=true
[6557]	83	89	-31	2	-6	5	det1=true
[6558]	86	89	-24	-3	-8	-1	det1=true
[6559]	39	90	-4	-3	-4	-4	det1=true
[6560]	55	90	-15	-13	-4	-5	det1=true
[6561]	55	90	-20	-13	-4	5	det1=true
[6562]	66	90	-25	-16	-3	-6	det1=true
[6563]	66	90	-31	-16	-3	6	det1=true
[6564]	74	90	-25	-13	-7	-2	det1=true
[6565]	74	90	-27	-13	-7	2	det1=true
[6566]	86	90	-23	-2	-1	-8	det1=true
[6567]	67	91	-23	-2	-1	-7	det1=true
[6568]	73	91	-28	-6	-7	-2	det1=true
[6569]	73	91	-30	-6	-7	2	det1=true
[6570]	84	91	-27	-10	-1	8	det1=true
[6571]	86	91	-35	-11	-6	5	det1=true
[6572]	87	91	-25	-8	-4	-7	det1=true
[6573]	87	91	-32	-8	-4	7	det1=true
[6574]	50	92	-14	1	-2	-6	det1=true
[6575]	50	92	-20	1	-2	6	det1=true
[6576]	32	89	-7	-7	-3	-4	det1=true
[6577]	32	89	-11	-7	-3	4	det1=true
[6578]	55	89	-2	-3	-3	-6	det1=true
[6579]	55	89	-8	-3	-3	6	det1=true
[6580]	65	89	-19	-12	-1	7	det1=true
[6581]	75	89	-32	-23	-3	-6	det1=true
[6582]	83	89	-36	-14	-7	-2	det1=true
[6583]	83	89	-38	-14	-7	2	det1=true
[6584]	89	89	-6	-6	-6	-6	det1=true
[6585]	52	90	-12	-11	-2	-6	det1=true
[6586]	52	90	-18	-11	-2	6	det1=true
[6587]	87	90	-24	-11	-8	-1	det1=true
[6588]	87	90	-25	-11	-8	1	det1=true
[6589]	67	91	-20	0	-6	-4	det1=true
[6590]	67	91	-24	0	-6	4	det1=true
[6591]	67	91	-16	-10	-6	-4	det1=true
[6592]	67	91	-20	-10	-6	4	det1=true
[6593]	69	91	-26	-4	-1	-7	det1=true
[6594]	69	91	-33	-4	-1	7	det1=true
[6595]	81	91	-22	-6	-1	8	det1=true
[6596]	84	91	-21	-7	-7	-4	det1=true
[6597]	84	91	-25	-7	-7	4	det1=true
[6598]	86	91	-30	-11	-6	-5	det1=true
[6599]	32	92	-14	-1	-4	-3	det1=true
[6600]	32	92	-17	-1	-4	3	det1=true
[6601]	50	92	-16	3	-6	-2	det1=true
[6602]	50	92	-18	3	-6	2	det1=true
[6603]	92	92	-27	-21	-4	-7	det1=true
[6604]	92	92	-34	-21	-4	7	det1=true
[6605]	56	89	-20	-11	-2	-6	det1=true
[6606]	56	89	-26	-11	-2	6	det1=true
[6607]	84	89	-21	1	-8	-1	det1=true
[6608]	84	89	-22	1	-8	1	det1=true
[6609]	64	90	-29	-17	-5	-4	det1=true
[6610]	64	90	-33	-17	-5	4	det1=true
[6611]	66	90	-29	-21	-4	-5	det1=true
[6612]	66	90	-34	-21	-4	5	det1=true
[6613]	85	90	-20	-11	-8	-1	det1=true
[6614]	85	90	-21	-11	-8	1	det1=true
[6615]	41	91	-17	-14	-2	-5	det1=true
[6616]	41	91	-22	-14	-2	5	det1=true
[6617]	73	91	-18	0	-7	-3	det1=true
[6618]	31	92	-14	1	-4	3	det1=true
[6619]	58	92	-24	-17	-6	-2	det1=true
[6620]	58	92	-26	-17	-6	2	det1=true
[6621]	76	92	-29	-16	-7	-2	det1=true
[6622]	78	92	-11	2	-7	-4	det1=true
[6623]	78	92	-15	2	-7	4	det1=true
[6624]	88	92	-22	-19	-4	-7	det1=true
[6625]	88	92	-29	-19	-4	7	det1=true
[6626]	75	89	-30	2	-7	-2	det1=true
[6627]	75	89	-32	2	-7	2	det1=true
[6628]	76	89	-24	-19	-6	-4	det1=true
[6629]	76	89	-28	-19	-6	4	det1=true
[6630]	50	90	-5	-3	-4	-5	det1=true
[6631]	50	90	-10	-3	-4	5	det1=true
[6632]	65	90	-25	-24	-5	-4	det1=true
[6633]	65	90	-29	-24	-5	4	det1=true
[6634]	73	91	-21	0	-7	3	det1=true
[6635]	75	91	-37	-2	-7	-1	det1=true
[6636]	75	91	-38	-2	-7	1	det1=true
[6637]	75	91	-34	-5	-1	-7	det1=true
[6638]	75	91	-41	-5	-1	7	det1=true
[6639]	84	91	-19	-10	-1	-8	det1=true
[6640]	86	91	-17	-19	-1	-8	det1=true
[6641]	86	91	-25	-19	-1	8	det1=true
[6642]	31	92	-11	1	-4	-3	det1=true
[6643]	69	92	-23	-15	-2	7	det1=true
[6644]	64	91	-9	0	-7	-2	det1=true
[6645]	64	91	-11	0	-7	2	det1=true
[6646]	50	92	-9	-5	-4	-5	det1=true
[6647]	50	92	-14	-5	-4	5	det1=true
[6648]	69	92	-16	-15	-2	-7	det1=true
[6649]	77	92	-36	-3	-6	-4	det1=true
[6650]	77	92	-40	-3	-6	4	det1=true
[6651]	55	89	-19	-9	-2	-6	det1=true
[6652]	55	89	-25	-9	-2	6	det1=true
[6653]	60	89	-17	-8	-3	-6	det1=true
[6654]	71	90	-25	-26	-3	-6	det1=true
[6655]	71	90	-31	-26	-3	6	det1=true
[6656]	80	91	-39	-34	-6	-2	det1=true
[6657]	80	91	-41	-34	-6	2	det1=true
[6658]	85	91	-30	-6	-5	-6	det1=true
[6659]	85	91	-36	-6	-5	6	det1=true
[6660]	91	91	-36	-32	-4	-6	det1=true
[6661]	91	91	-42	-32	-4	6	det1=true
[6662]	41	89	-8	-8	-4	-4	det1=true
[6663]	91	91	-32	-2	-4	-7	det1=true
[6664]	91	91	-39	-2	-4	7	det1=true
[6665]	61	92	-21	-13	-6	-3	det1=true
[6666]	84	92	-16	1	-2	-8	det1=true
[6667]	84	92	-24	1	-2	8	det1=true
[6668]	47	89	-21	-1	-5	-3	det1=true
[6669]	47	89	-24	-1	-5	3	det1=true
[6670]	91	91	-42	-36	-3	-6	det1=true
[6671]	91	91	-14	-8	-3	-8	det1=true
[6672]	47	89	-19	-6	-3	-5	det1=true
[6673]	47	89	-24	-6	-3	5	det1=true
[6674]	84	89	-15	-10	-7	-4	det1=true
[6675]	84	89	-19	-10	-7	4	det1=true
[6676]	70	90	-32	-27	-6	-2	det1=true
[6677]	70	90	-34	-27	-6	2	det1=true
[6678]	61	92	-25	-22	-6	-2	det1=true
[6679]	61	92	-27	-22	-6	2	det1=true
[6680]	62	92	-25	-21	-4	-5	det1=true
[6681]	62	92	-30	-21	-4	5	det1=true
[6682]	91	91	-22	-24	-1	-8	det1=true
[6683]	91	91	-30	-24	-1	8	det1=true
[6684]	59	92	-25	-18	-6	-2	det1=true
[6685]	59	92	-27	-18	-6	2	det1=true
[6686]	61	92	-23	-24	-2	-6	det1=true
[6687]	84	89	-18	-1	-4	-7	det1=true
[6688]	24	94	-9	2	-4	-2	det1=true
[6689]	24	94	-8	1	-2	-4	det1=true
[6690]	94	94	-41	-34	-4	-6	det1=true
[6691]	94	94	-47	-34	-4	6	det1=true
[6692]	94	94	-29	-26	-7	-4	det1=true
[6693]	94	94	-33	-26	-7	4	det1=true
[6694]	94	94	-27	-29	-1	-8	det1=true
[6695]	94	94	-35	-29	-1	8	det1=true
[6696]	48	95	-9	-1	-4	-5	det1=true
[6697]	48	95	-14	-1	-4	5	det1=true
[6698]	94	96	-31	-27	-7	-4	det1=true
[6699]	94	96	-35	-27	-7	4	det1=true
[6700]	52	93	-17	-5	-5	-4	det1=true
[6701]	52	93	-21	-5	-5	4	det1=true
[6702]	72	93	-35	-30	-6	-2	det1=true
[6703]	72	93	-37	-30	-6	2	det1=true
[6704]	81	93	-9	-5	-2	-8	det1=true
[6705]	81	93	-17	-5	-2	8	det1=true
[6706]	73	94	-25	-20	-6	-4	det1=true
[6707]	73	94	-29	-20	-6	4	det1=true
[6708]	56	95	-25	-14	-2	-6	det1=true
[6709]	56	95	-31	-14	-2	6	det1=true
[6710]	67	95	-7	-3	-7	-3	det1=true
[6711]	67	95	-10	-3	-7	3	det1=true
[6712]	75	95	-6	-4	-7	-4	det1=true
[6713]	75	95	-10	-4	-7	4	det1=true
[6714]	91	95	-37	2	-4	-7	det1=true
[6715]	91	95	-44	2	-4	7	det1=true
[6716]	93	95	-27	-28	-4	-7	det1=true
[6717]	93	95	-34	-28	-4	7	det1=true
[6718]	95	95	-44	-14	-6	-5	det1=true
[6719]	95	95	-49	-14	-6	5	det1=true
[6720]	36	96	-17	0	-5	-2	det1=true
[6721]	56	96	-20	-5	-6	-3	det1=true
[6722]	56	96	-23	-5	-6	3	det1=true
[6723]	81	96	-25	-3	-7	-4	det1=true
[6724]	81	96	-29	-3	-7	4	det1=true
[6725]	81	96	-22	-9	-4	-7	det1=true
[6726]	81	96	-29	-9	-4	7	det1=true
[6727]	94	96	-29	-30	-1	-8	det1=true
[6728]	94	96	-37	-30	-1	8	det1=true
[6729]	96	96	-33	-29	-8	-1	det1=true
[6730]	96	96	-34	-29	-8	1	det1=true
[6731]	96	96	-30	-31	-4	-7	det1=true
[6732]	96	96	-37	-31	-4	7	det1=true
[6733]	67	93	-25	-5	-1	-7	det1=true
[6734]	67	93	-32	-5	-1	7	det1=true
[6735]	74	93	-14	-3	-6	-5	det1=true
[6736]	74	93	-19	-3	-6	5	det1=true
[6737]	77	93	-8	-4	-7	-4	det1=true
[6738]	77	93	-12	-4	-7	4	det1=true
[6739]	79	93	-18	4	-8	-1	det1=true
[6740]	79	93	-19	4	-8	1	det1=true
[6741]	82	93	-13	-2	-2	-8	det1=true
[6742]	82	93	-21	-2	-2	8	det1=true
[6743]	92	93	-31	-17	-4	-7	det1=true
[6744]	92	93	-38	-17	-4	7	det1=true
[6745]	93	93	-35	-1	-8	-2	det1=true
[6746]	93	93	-37	-1	-8	2	det1=true
[6747]	24	94	-7	-4	-4	-2	det1=true
[6748]	24	94	-9	-4	-4	2	det1=true
[6749]	47	94	-17	-5	-1	-6	det1=true
[6750]	47	94	-23	-5	-1	6	det1=true
[6751]	55	94	-24	-15	-4	5	det1=true
[6752]	59	94	-22	-9	-6	-3	det1=true
[6753]	59	94	-25	-9	-6	3	det1=true
[6754]	60	94	-3	2	-4	-6	det1=true
[6755]	60	94	-9	2	-4	6	det1=true
[6756]	61	94	-9	0	-6	-4	det1=true
[6757]	68	94	-25	0	-4	-6	det1=true
[6758]	68	94	-31	0	-4	6	det1=true
[6759]	72	94	-27	-13	-7	-2	det1=true
[6760]	79	94	-17	1	-4	-7	det1=true
[6761]	79	94	-24	1	-4	7	det1=true
[6762]	89	94	-37	-16	-1	8	det1=true
[6763]	92	94	-37	-35	-2	-7	det1=true
[6764]	92	94	-44	-35	-2	7	det1=true
[6765]	92	94	-38	-35	-6	-4	det1=true
[6766]	92	94	-42	-35	-6	4	det1=true
[6767]	39	95	-3	-2	-5	-3	det1=true
[6768]	39	95	-6	-2	-5	3	det1=true
[6769]	41	95	-13	-2	-5	-3	det1=true
[6770]	41	95	-16	-2	-5	3	det1=true
[6771]	43	95	-18	1	-3	-5	det1=true
[6772]	43	95	-23	1	-3	5	det1=true
[6773]	47	95	-19	-17	-5	-3	det1=true
[6774]	47	95	-22	-17	-5	3	det1=true
[6775]	52	95	-23	-17	-6	-1	det1=true
[6776]	52	95	-24	-17	-6	1	det1=true
[6777]	53	95	-21	-6	-4	-5	det1=true
[6778]	53	95	-26	-6	-4	5	det1=true
[6779]	54	95	-25	-11	-5	4	det1=true
[6780]	55	95	-24	-14	-6	-2	det1=true
[6781]	55	95	-26	-14	-6	2	det1=true
[6782]	57	95	-1	-2	-1	-7	det1=true
[6783]	57	95	-8	-2	-1	7	det1=true
[6784]	60	95	-27	-28	-1	-6	det1=true
[6785]	60	95	-33	-28	-1	6	det1=true
[6786]	60	95	-25	-21	-5	-4	det1=true
[6787]	60	95	-29	-21	-5	4	det1=true
[6788]	77	95	-30	-5	-7	-3	det1=true
[6789]	77	95	-33	-5	-7	3	det1=true
[6790]	77	95	-11	-8	-4	-7	det1=true
[6791]	80	95	-24	-15	-6	-5	det1=true
[6792]	80	95	-29	-15	-6	5	det1=true
[6793]	83	95	-37	-8	-6	5	det1=true
[6794]	85	95	-34	-9	-5	-6	det1=true
[6795]	85	95	-40	-9	-5	6	det1=true
[6796]	85	95	-39	-10	-6	5	det1=true
[6797]	85	95	-30	-25	-3	-7	det1=true
[6798]	85	95	-37	-25	-3	7	det1=true
[6799]	87	95	-32	2	-4	-7	det1=true
[6800]	87	95	-39	2	-4	7	det1=true
[6801]	87	95	-20	-18	-2	-8	det1=true
[6802]	87	95	-28	-18	-2	8	det1=true
[6803]	91	95	-40	4	-8	-1	det1=true
[6804]	91	95	-41	4	-8	1	det1=true
[6805]	94	95	-37	-25	-5	-6	det1=true
[6806]	94	95	-43	-25	-5	6	det1=true
[6807]	95	95	-36	-20	-1	-8	det1=true
[6808]	95	95	-44	-20	-1	8	det1=true
[6809]	95	95	-9	-2	-1	-9	det1=true
[6810]	95	95	-18	-2	-1	9	det1=true
[6811]	47	96	-7	-1	-5	-4	det1=true
[6812]	47	96	-11	-1	-5	4	det1=true
[6813]	55	96	-19	-18	-5	-4	det1=true
[6814]	55	96	-23	-18	-5	4	det1=true
[6815]	73	96	-32	-5	-2	-7	det1=true
[6816]	73	96	-39	-5	-2	7	det1=true
[6817]	73	96	-1	3	-8	-1	det1=true
[6818]	73	96	-2	3	-8	1	det1=true
[6819]	78	96	-19	-3	-7	-4	det1=true
[6820]	78	96	-23	-3	-7	4	det1=true
[6821]	84	96	-35	-29	-7	-2	det1=true
[6822]	84	96	-37	-29	-7	2	det1=true
[6823]	91	96	-31	-22	-1	-8	det1=true
[6824]	91	96	-39	-22	-1	8	det1=true
[6825]	94	96	-35	-22	-7	-4	det1=true
[6826]	94	96	-39	-22	-7	4	det1=true
[6827]	96	96	-4	3	-6	-7	det1=true
[6828]	96	96	-11	3	-6	7	det1=true
[6829]	21	93	-8	-4	-1	-4	det1=true
[6830]	21	93	-12	-4	-1	4	det1=true
[6831]	29	93	0	2	-4	-3	det1=true
[6832]	29	93	-3	2	-4	3	det1=true
[6833]	33	93	-14	-5	-5	-1	det1=true
[6834]	33	93	-15	-5	-5	1	det1=true
[6835]	37	93	-14	-7	-5	-2	det1=true
[6836]	37	93	-16	-7	-5	2	det1=true
[6837]	53	93	-4	-4	-3	-6	det1=true
[6838]	53	93	-10	-4	-3	6	det1=true
[6839]	54	93	-11	-1	-6	-3	det1=true
[6840]	54	93	-14	-1	-6	3	det1=true
[6841]	59	93	-8	-3	-7	1	det1=true
[6842]	75	93	-34	-26	-3	-6	det1=true
[6843]	78	93	-15	1	-8	-1	det1=true
[6844]	78	93	-16	1	-8	1	det1=true
[6845]	81	93	-18	-2	-2	8	det1=true
[6846]	85	93	-23	3	-8	-2	det1=true
[6847]	85	93	-25	3	-8	2	det1=true
[6848]	89	93	-14	-2	-7	-5	det1=true
[6849]	89	93	-19	-2	-7	5	det1=true
[6850]	34	94	-7	0	-5	-2	det1=true
[6851]	34	94	-9	0	-5	2	det1=true
[6852]	55	94	-19	-15	-4	-5	det1=true
[6853]	56	94	-27	-10	-6	-2	det1=true
[6854]	56	94	-29	-10	-6	2	det1=true
[6855]	60	94	-27	-17	-5	-4	det1=true
[6856]	66	94	-30	-25	-4	-5	det1=true
[6857]	66	94	-35	-25	-4	5	det1=true
[6858]	70	94	-22	-17	-6	-4	det1=true
[6859]	70	94	-26	-17	-6	4	det1=true
[6860]	71	94	-13	2	-5	6	det1=true
[6861]	75	94	-41	-26	-3	6	det1=true
[6862]	82	94	-26	3	-8	-1	det1=true
[6863]	82	94	-27	3	-8	1	det1=true
[6864]	85	94	-13	-5	-3	8	det1=true
[6865]	92	94	-21	-11	-3	-8	det1=true
[6866]	92	94	-29	-11	-3	8	det1=true
[6867]	20	95	-6	-3	-4	-1	det1=true
[6868]	52	95	-20	-9	-2	-6	det1=true
[6869]	52	95	-26	-9	-2	6	det1=true
[6870]	53	95	-18	-12	-4	-5	det1=true
[6871]	53	95	-23	-12	-4	5	det1=true
[6872]	53	95	-19	-15	-6	-2	det1=true
[6873]	53	95	-21	-15	-6	2	det1=true
[6874]	53	95	-17	-17	-2	-6	det1=true
[6875]	53	95	-23	-17	-2	6	det1=true
[6876]	54	95	-24	-1	-4	-5	det1=true
[6877]	54	95	-29	-1	-4	5	det1=true
[6878]	54	95	-21	-11	-5	-4	det1=true
[6879]	56	95	-27	-21	-6	-1	det1=true
[6880]	56	95	-28	-21	-6	1	det1=true
[6881]	57	95	-4	1	-7	-1	det1=true
[6882]	57	95	-5	1	-7	1	det1=true
[6883]	59	95	-24	-20	-4	-5	det1=true
[6884]	59	95	-29	-20	-4	5	det1=true
[6885]	59	95	-11	-2	-1	-7	det1=true
[6886]	59	95	-18	-2	-1	7	det1=true
[6887]	65	95	-18	0	-2	-7	det1=true
[6888]	66	95	-19	-12	-6	-4	det1=true
[6889]	66	95	-23	-12	-6	4	det1=true
[6890]	67	95	-18	-16	-6	-4	det1=true
[6891]	67	95	-22	-16	-6	4	det1=true
[6892]	68	95	-25	-5	-7	-2	det1=true
[6893]	68	95	-27	-5	-7	2	det1=true
[6894]	71	95	-27	-21	-7	-1	det1=true
[6895]	71	95	-28	-21	-7	1	det1=true
[6896]	74	95	-18	-3	-6	-5	det1=true
[6897]	75	95	-33	-8	-2	-7	det1=true
[6898]	79	95	-25	-20	-7	-3	det1=true
[6899]	79	95	-28	-20	-7	3	det1=true
[6900]	80	95	-17	-13	-8	-1	det1=true
[6901]	80	95	-18	-13	-8	1	det1=true
[6902]	80	95	-14	-15	-4	-7	det1=true
[6903]	80	95	-21	-15	-4	7	det1=true
[6904]	83	95	-32	-8	-6	-5	det1=true
[6905]	86	95	-28	3	-8	-2	det1=true
[6906]	86	95	-30	3	-8	2	det1=true
[6907]	88	95	-37	-32	-4	-6	det1=true
[6908]	92	95	-35	-12	-8	2	det1=true
[6909]	92	95	-30	-15	-2	-8	det1=true
[6910]	92	95	-38	-15	-2	8	det1=true
[6911]	93	95	-30	-26	-8	-1	det1=true
[6912]	93	95	-31	-26	-8	1	det1=true
[6913]	95	95	-40	0	-8	-2	det1=true
[6914]	95	95	-42	0	-8	2	det1=true
[6915]	95	95	-13	2	-9	-1	det1=true
[6916]	95	95	-14	2	-9	1	det1=true
[6917]	33	96	-5	0	-5	-2	det1=true
[6918]	33	96	-7	0	-5	2	det1=true
[6919]	53	96	-17	-15	-4	-5	det1=true
[6920]	53	96	-22	-15	-4	5	det1=true
[6921]	60	96	-33	-17	-5	4	det1=true
[6922]	61	96	-11	3	-7	-2	det1=true
[6923]	61	96	-13	3	-7	2	det1=true
[6924]	62	96	-12	1	-2	-7	det1=true
[6925]	62	96	-19	1	-2	7	det1=true
[6926]	73	96	-35	3	-7	-2	det1=true
[6927]	73	96	-37	3	-7	2	det1=true
[6928]	77	96	-17	-5	-8	-1	det1=true
[6929]	77	96	-18	-5	-8	1	det1=true
[6930]	78	96	-17	-6	-1	-8	det1=true
[6931]	78	96	-25	-6	-1	8	det1=true
[6932]	79	96	-33	-8	-5	6	det1=true
[6933]	79	96	-12	1	-2	-8	det1=true
[6934]	79	96	-20	1	-2	8	det1=true
[6935]	83	96	-5	-3	-3	-8	det1=true
[6936]	91	96	-43	-32	-7	2	det1=true
[6937]	91	96	-33	-19	-7	-4	det1=true
[6938]	91	96	-37	-19	-7	4	det1=true
[6939]	92	96	-43	-17	-1	8	det1=true
[6940]	96	96	-47	-3	-8	1	det1=true
[6941]	33	93	-17	-7	-1	5	det1=true
[6942]	34	93	-5	2	-5	-2	det1=true
[6943]	34	93	-7	2	-5	2	det1=true
[6944]	42	93	-19	-17	-5	-2	det1=true
[6945]	42	93	-21	-17	-5	2	det1=true
[6946]	48	93	-3	-2	-5	-4	det1=true
[6947]	48	93	-7	-2	-5	4	det1=true
[6948]	53	93	-18	-8	-5	-4	det1=true
[6949]	53	93	-22	-8	-5	4	det1=true
[6950]	61	93	-16	0	-7	-1	det1=true
[6951]	61	93	-17	0	-7	1	det1=true
[6952]	77	93	-8	-3	-1	-8	det1=true
[6953]	77	93	-16	-3	-1	8	det1=true
[6954]	81	93	-36	-25	-7	-1	det1=true
[6955]	81	93	-37	-25	-7	1	det1=true
[6956]	81	93	-17	-12	-8	1	det1=true
[6957]	81	93	-13	1	-8	-2	det1=true
[6958]	81	93	-15	1	-8	2	det1=true
[6959]	81	93	-14	-2	-8	2	det1=true
[6960]	83	93	-22	-6	-4	-7	det1=true
[6961]	83	93	-29	-6	-4	7	det1=true
[6962]	84	93	-21	-13	-1	-8	det1=true
[6963]	84	93	-29	-13	-1	8	det1=true
[6964]	84	93	-18	1	-2	-8	det1=true
[6965]	84	93	-26	1	-2	8	det1=true
[6966]	85	93	-28	3	-7	-4	det1=true
[6967]	88	93	-31	-6	-7	-4	det1=true
[6968]	88	93	-35	-6	-7	4	det1=true
[6969]	91	93	-15	-10	-7	-5	det1=true
[6970]	91	93	-20	-10	-7	5	det1=true
[6971]	92	93	-43	-5	-1	8	det1=true
[6972]	92	93	-35	-21	-6	-5	det1=true
[6973]	92	93	-40	-21	-6	5	det1=true
[6974]	93	93	-45	-31	-7	-1	det1=true
[6975]	93	93	-46	-31	-7	1	det1=true
[6976]	93	93	-36	-28	-7	-3	det1=true
[6977]	93	93	-34	-30	-3	-7	det1=true
[6978]	93	93	-41	-30	-3	7	det1=true
[6979]	31	94	-13	-1	-4	-3	det1=true
[6980]	31	94	-16	-1	-4	3	det1=true
[6981]	35	94	-13	-2	-5	2	det1=true
[6982]	48	94	-19	-9	-6	-1	det1=true
[6983]	48	94	-20	-9	-6	1	det1=true
[6984]	54	94	-20	-15	-6	-2	det1=true
[6985]	54	94	-22	-15	-6	2	det1=true
[6986]	54	94	-18	-17	-2	-6	det1=true
[6987]	54	94	-24	-17	-2	6	det1=true
[6988]	55	94	-24	-5	-4	-5	det1=true
[6989]	55	94	-29	-5	-4	5	det1=true
[6990]	55	94	-23	-22	-1	-6	det1=true
[6991]	55	94	-29	-22	-1	6	det1=true
[6992]	70	94	-21	-18	-4	-6	det1=true
[6993]	70	94	-27	-18	-4	6	det1=true
[6994]	72	94	-29	-13	-7	2	det1=true
[6995]	72	94	-25	-16	-7	-2	det1=true
[6996]	72	94	-27	-16	-7	2	det1=true
[6997]	73	94	-31	-10	-6	-4	det1=true
[6998]	73	94	-35	-10	-6	4	det1=true
[6999]	73	94	-14	-1	-6	-5	det1=true
[7000]	73	94	-19	-1	-6	5	det1=true
[7001]	74	94	-32	-11	-6	-4	det1=true
[7002]	74	94	-36	-11	-6	4	det1=true
[7003]	74	94	-24	-23	-6	-4	det1=true
[7004]	74	94	-28	-23	-6	4	det1=true
[7005]	75	94	-3	-1	-7	-4	det1=true
[7006]	75	94	-1	-4	-1	-8	det1=true
[7007]	75	94	-9	-4	-1	8	det1=true
[7008]	76	94	-9	-3	-8	-1	det1=true
[7009]	76	94	-10	-3	-8	1	det1=true
[7010]	76	94	-6	-5	-4	-7	det1=true
[7011]	78	94	-21	-11	-5	-6	det1=true
[7012]	78	94	-27	-11	-5	6	det1=true
[7013]	85	94	-5	-5	-3	-8	det1=true
[7014]	87	94	-25	-2	-2	-8	det1=true
[7015]	87	94	-33	-2	-2	8	det1=true
[7016]	88	94	-39	-6	-1	8	det1=true
[7017]	88	94	-31	-21	-6	-5	det1=true
[7018]	88	94	-36	-21	-6	5	det1=true
[7019]	88	94	-27	-17	-1	-8	det1=true
[7020]	88	94	-35	-17	-1	8	det1=true
[7021]	89	94	-29	-16	-1	-8	det1=true
[7022]	89	94	-13	-13	-3	-8	det1=true
[7023]	89	94	-21	-13	-3	8	det1=true
[7024]	92	94	-19	-15	-8	-3	det1=true
[7025]	92	94	-22	-15	-8	3	det1=true
[7026]	20	95	-7	-3	-4	1	det1=true
[7027]	29	95	-6	0	-4	-3	det1=true
[7028]	29	95	-9	0	-4	3	det1=true
[7029]	33	95	-2	2	-5	-2	det1=true
[7030]	33	95	-4	2	-5	2	det1=true
[7031]	41	95	-12	-3	-3	-5	det1=true
[7032]	41	95	-17	-3	-3	5	det1=true
[7033]	43	95	-13	-12	-5	-3	det1=true
[7034]	43	95	-16	-12	-5	3	det1=true
[7035]	52	95	-26	1	-6	2	det1=true
[7036]	52	95	-28	-1	-2	6	det1=true
[7037]	61	95	-8	2	-7	-2	det1=true
[7038]	61	95	-10	2	-7	2	det1=true
[7039]	65	95	-27	-2	-7	-1	det1=true
[7040]	65	95	-28	-2	-7	1	det1=true
[7041]	67	95	-5	-5	-3	-7	det1=true
[7042]	69	95	-29	-10	-1	-7	det1=true
[7043]	69	95	-36	-10	-1	7	det1=true
[7044]	69	95	-28	2	-7	-2	det1=true
[7045]	69	95	-30	2	-7	2	det1=true
[7046]	73	95	-27	-10	-3	7	det1=true
[7047]	75	95	-18	-8	-5	-6	det1=true
[7048]	77	95	-24	-1	-5	-6	det1=true
[7049]	77	95	-15	-6	-8	1	det1=true
[7050]	77	95	-18	-8	-4	7	det1=true
[7051]	79	95	-33	2	-6	5	det1=true
[7052]	82	95	-29	-4	-7	4	det1=true
[7053]	85	95	-35	-17	-3	-7	det1=true
[7054]	85	95	-42	-17	-3	7	det1=true
[7055]	87	95	-35	4	-8	-1	det1=true
[7056]	87	95	-36	4	-8	1	det1=true
[7057]	88	95	-43	-32	-4	6	det1=true
[7058]	88	95	-15	-10	-3	-8	det1=true
[7059]	88	95	-23	-10	-3	8	det1=true
[7060]	89	95	-42	-32	-7	-1	det1=true
[7061]	89	95	-43	-32	-7	1	det1=true
[7062]	92	95	-33	-27	-5	-6	det1=true
[7063]	92	95	-39	-27	-5	6	det1=true
[7064]	92	95	-33	-12	-8	-2	det1=true
[7065]	93	95	-39	-40	-1	-7	det1=true
[7066]	93	95	-46	-40	-1	7	det1=true
[7067]	25	96	-11	-8	-4	-2	det1=true
[7068]	25	96	-13	-8	-4	2	det1=true
[7069]	35	96	-11	-7	-5	-2	det1=true
[7070]	35	96	-13	-7	-5	2	det1=true
[7071]	51	96	-21	-2	-2	-6	det1=true
[7072]	51	96	-27	-2	-2	6	det1=true
[7073]	55	96	-25	-9	-5	-4	det1=true
[7074]	55	96	-29	-9	-5	4	det1=true
[7075]	70	96	-32	-13	-2	7	det1=true
[7076]	73	96	-25	-21	-2	-7	det1=true
[7077]	78	96	-28	-27	-2	-7	det1=true
[7078]	78	96	-35	-27	-2	7	det1=true
[7079]	79	96	-27	-8	-5	-6	det1=true
[7080]	82	96	-32	-29	-2	-7	det1=true
[7081]	82	96	-19	-8	-8	-2	det1=true
[7082]	82	96	-21	-8	-8	2	det1=true
[7083]	90	96	-32	-3	-2	-8	det1=true
[7084]	90	96	-40	-3	-2	8	det1=true
[7085]	91	96	-41	-32	-7	-2	det1=true
[7086]	91	96	-38	-1	-4	-7	det1=true
[7087]	91	96	-45	-1	-4	7	det1=true
[7088]	92	96	-37	-14	-7	-4	det1=true
[7089]	92	96	-41	-14	-7	4	det1=true
[7090]	96	96	-46	-3	-8	-1	det1=true
[7091]	96	96	-35	-25	-4	-7	det1=true
[7092]	96	96	-42	-25	-4	7	det1=true
[7093]	33	93	-12	-8	-5	-1	det1=true
[7094]	33	93	-13	-8	-5	1	det1=true
[7095]	33	93	-10	-10	-1	-5	det1=true
[7096]	33	93	-15	-10	-1	5	det1=true
[7097]	48	93	-9	-2	-2	-6	det1=true
[7098]	48	93	-15	-2	-2	6	det1=true
[7099]	50	93	-16	-5	-4	5	det1=true
[7100]	51	93	-16	2	-5	-4	det1=true
[7101]	55	93	-24	-2	-5	-4	det1=true
[7102]	55	93	-28	-2	-5	4	det1=true
[7103]	59	93	-26	-14	-4	-5	det1=true
[7104]	59	93	-31	-14	-4	5	det1=true
[7105]	63	93	-20	-6	-7	1	det1=true
[7106]	65	93	-25	1	-7	-1	det1=true
[7107]	65	93	-26	1	-7	1	det1=true
[7108]	65	93	-21	-7	-1	-7	det1=true
[7109]	78	93	-19	-1	-4	7	det1=true
[7110]	81	93	-16	-12	-8	-1	det1=true
[7111]	81	93	-10	-2	-2	-8	det1=true
[7112]	83	93	-30	-5	-5	-6	det1=true
[7113]	83	93	-36	-5	-5	6	det1=true
[7114]	84	93	-21	4	-8	-2	det1=true
[7115]	84	93	-23	4	-8	2	det1=true
[7116]	85	93	-32	3	-7	4	det1=true
[7117]	87	93	-33	-22	-7	-3	det1=true
[7118]	87	93	-36	-22	-7	3	det1=true
[7119]	88	93	-25	-19	-8	-1	det1=true
[7120]	88	93	-26	-19	-8	1	det1=true
[7121]	88	93	-22	-21	-4	-7	det1=true
[7122]	88	93	-29	-21	-4	7	det1=true
[7123]	92	93	-35	-5	-1	-8	det1=true
[7124]	92	93	-35	-10	-7	-4	det1=true
[7125]	92	93	-39	-10	-7	4	det1=true
[7126]	92	93	-29	-21	-1	-8	det1=true
[7127]	92	93	-37	-21	-1	8	det1=true
[7128]	93	93	-39	-28	-7	3	det1=true
[7129]	35	94	-11	-2	-5	-2	det1=true
[7130]	49	94	-21	-6	-1	-6	det1=true
[7131]	49	94	-27	-6	-1	6	det1=true
[7132]	54	94	-26	-3	-6	-2	det1=true
[7133]	54	94	-28	-3	-6	2	det1=true
[7134]	59	94	-23	-3	-3	-6	det1=true
[7135]	59	94	-29	-3	-3	6	det1=true
[7136]	61	94	-13	0	-6	4	det1=true
[7137]	61	94	-11	-4	-6	4	det1=true
[7138]	62	94	-26	-25	-2	-6	det1=true
[7139]	62	94	-32	-25	-2	6	det1=true
[7140]	64	94	-31	-25	-5	4	det1=true
[7141]	64	94	-12	-7	-2	-7	det1=true
[7142]	71	94	-7	2	-5	-6	det1=true
[7143]	73	94	-30	-11	-4	-6	det1=true
[7144]	73	94	-36	-11	-4	6	det1=true
[7145]	76	94	-24	-25	-2	-7	det1=true
[7146]	76	94	-31	-25	-2	7	det1=true
[7147]	76	94	-20	-5	-6	-5	det1=true
[7148]	76	94	-25	-5	-6	5	det1=true
[7149]	85	94	-33	-30	-7	-2	det1=true
[7150]	85	94	-35	-30	-7	2	det1=true
[7151]	88	94	-31	-6	-1	-8	det1=true
[7152]	94	94	-42	-33	-6	-4	det1=true
[7153]	21	95	-5	-2	-3	-3	det1=true
[7154]	21	95	-8	-2	-3	3	det1=true
[7155]	47	95	-4	0	-4	-5	det1=true
[7156]	47	95	-9	0	-4	5	det1=true
[7157]	49	95	-16	-17	-1	-6	det1=true
[7158]	49	95	-22	-17	-1	6	det1=true
[7159]	50	95	-15	-4	-5	-4	det1=true
[7160]	50	95	-19	-4	-5	4	det1=true
[7161]	52	95	-22	-7	-6	-2	det1=true
[7162]	52	95	-24	-7	-6	2	det1=true
[7163]	65	95	-25	0	-2	7	det1=true
[7164]	65	95	-15	-10	-2	-7	det1=true
[7165]	65	95	-22	-10	-2	7	det1=true
[7166]	67	95	-17	-17	-4	-6	det1=true
[7167]	73	95	-14	-6	-5	-6	det1=true
[7168]	73	95	-20	-6	-5	6	det1=true
[7169]	73	95	-13	-8	-6	-5	det1=true
[7170]	73	95	-18	-8	-6	5	det1=true
[7171]	74	95	-17	-5	-5	-6	det1=true
[7172]	74	95	-23	-5	-5	6	det1=true
[7173]	77	95	-30	-1	-5	6	det1=true
[7174]	77	95	-17	2	-8	-1	det1=true
[7175]	77	95	-18	2	-8	1	det1=true
[7176]	78	95	-16	-3	-4	-7	det1=true
[7177]	78	95	-23	-3	-4	7	det1=true
[7178]	78	95	-5	0	-2	-8	det1=true
[7179]	78	95	-13	0	-2	8	det1=true
[7180]	79	95	-32	-8	-7	-3	det1=true
[7181]	79	95	-35	-8	-7	3	det1=true
[7182]	79	95	-30	-10	-3	-7	det1=true
[7183]	79	95	-37	-10	-3	7	det1=true
[7184]	80	95	-15	0	-8	-2	det1=true
[7185]	80	95	-17	0	-8	2	det1=true
[7186]	82	95	-25	-4	-7	-4	det1=true
[7187]	82	95	-23	-7	-1	-8	det1=true
[7188]	82	95	-31	-7	-1	8	det1=true
[7189]	84	95	-35	3	-6	-5	det1=true
[7190]	84	95	-40	3	-6	5	det1=true
[7191]	84	95	-33	-8	-5	-6	det1=true
[7192]	84	95	-39	-8	-5	6	det1=true
[7193]	85	95	-34	-10	-6	-5	det1=true
[7194]	88	95	-41	-16	-5	6	det1=true
[7195]	89	95	-34	-2	-1	-8	det1=true
[7196]	89	95	-42	-2	-1	8	det1=true
[7197]	93	95	-43	-30	-2	-7	det1=true
[7198]	93	95	-50	-30	-2	7	det1=true
[7199]	94	95	-35	-8	-2	-8	det1=true
[7200]	94	95	-34	-29	-6	-5	det1=true
[7201]	94	95	-39	-29	-6	5	det1=true
[7202]	51	96	-23	0	-6	-2	det1=true
[7203]	51	96	-25	0	-6	2	det1=true
[7204]	61	96	-31	-23	-4	5	det1=true
[7205]	63	96	-13	-7	-2	-7	det1=true
[7206]	63	96	-20	-7	-2	7	det1=true
[7207]	68	96	-25	-1	-2	-7	det1=true
[7208]	68	96	-32	-1	-2	7	det1=true
[7209]	68	96	-23	-12	-7	-2	det1=true
[7210]	68	96	-25	-12	-7	2	det1=true
[7211]	69	96	-25	-9	-2	-7	det1=true
[7212]	69	96	-32	-9	-2	7	det1=true
[7213]	70	96	-28	-3	-2	-7	det1=true
[7214]	70	96	-35	-3	-2	7	det1=true
[7215]	70	96	-25	-13	-2	-7	det1=true
[7216]	70	96	-9	1	-5	-6	det1=true
[7217]	70	96	-15	1	-5	6	det1=true
[7218]	72	96	-29	-11	-2	-7	det1=true
[7219]	72	96	-36	-11	-2	7	det1=true
[7220]	74	96	-6	-1	-4	-7	det1=true
[7221]	77	96	-7	4	-8	-2	det1=true
[7222]	80	96	-25	-1	-8	-1	det1=true
[7223]	80	96	-26	-1	-8	1	det1=true
[7224]	80	96	-22	-3	-4	-7	det1=true
[7225]	80	96	-29	-3	-4	7	det1=true
[7226]	81	96	-25	-7	-8	-1	det1=true
[7227]	81	96	-26	-7	-8	1	det1=true
[7228]	82	96	-39	-29	-2	7	det1=true
[7229]	82	96	-22	-15	-8	-1	det1=true
[7230]	82	96	-23	-15	-8	1	det1=true
[7231]	83	96	-29	2	-7	-4	det1=true
[7232]	83	96	-20	-7	-2	-8	det1=true
[7233]	83	96	-28	-7	-2	8	det1=true
[7234]	91	96	-41	1	-8	-1	det1=true
[7235]	91	96	-42	1	-8	1	det1=true
[7236]	91	96	-35	-14	-1	-8	det1=true
[7237]	92	96	-35	-17	-1	-8	det1=true
[7238]	94	96	-32	-19	-2	-8	det1=true
[7239]	94	96	-40	-19	-2	8	det1=true
[7240]	95	96	-41	-9	-1	-8	det1=true
[7241]	95	96	-49	-9	-1	8	det1=true
[7242]	96	96	-38	-23	-8	-1	det1=true
[7243]	96	96	-39	-23	-8	1	det1=true
[7244]	48	93	-11	0	-6	-2	det1=true
[7245]	48	93	-13	0	-6	2	det1=true
[7246]	50	93	-9	-8	-5	-4	det1=true
[7247]	50	93	-13	-8	-5	4	det1=true
[7248]	54	93	-7	-7	-3	-6	det1=true
[7249]	54	93	-13	-7	-3	6	det1=true
[7250]	57	93	-22	-15	-5	-4	det1=true
[7251]	57	93	-26	-15	-5	4	det1=true
[7252]	59	93	-7	-3	-7	-1	det1=true
[7253]	62	93	-27	-20	-5	-4	det1=true
[7254]	62	93	-31	-20	-5	4	det1=true
[7255]	65	93	-28	-7	-1	7	det1=true
[7256]	67	93	-22	-16	-7	1	det1=true
[7257]	69	93	-9	-4	-7	-3	det1=true
[7258]	69	93	-12	-4	-7	3	det1=true
[7259]	77	93	-33	-22	-7	-1	det1=true
[7260]	77	93	-34	-22	-7	1	det1=true
[7261]	77	93	-30	-25	-1	-7	det1=true
[7262]	77	93	-37	-25	-1	7	det1=true
[7263]	77	93	-6	-7	-1	-8	det1=true
[7264]	78	93	-12	-1	-4	-7	det1=true
[7265]	81	93	-12	-2	-8	-2	det1=true
[7266]	84	93	-23	-10	-7	-4	det1=true
[7267]	84	93	-27	-10	-7	4	det1=true
[7268]	89	93	-13	-3	-5	-7	det1=true
[7269]	89	93	-20	-3	-5	7	det1=true
[7270]	90	93	-27	-8	-2	-8	det1=true
[7271]	90	93	-35	-8	-2	8	det1=true
[7272]	92	93	-33	-13	-1	-8	det1=true
[7273]	92	93	-41	-13	-1	8	det1=true
[7274]	93	93	-37	0	-4	-7	det1=true
[7275]	37	94	-13	-10	-5	-2	det1=true
[7276]	37	94	-15	-10	-5	2	det1=true
[7277]	57	94	-23	-15	-4	-5	det1=true
[7278]	57	94	-28	-15	-4	5	det1=true
[7279]	61	94	-7	-4	-6	-4	det1=true
[7280]	64	94	-19	-7	-2	7	det1=true
[7281]	79	94	-20	3	-8	-1	det1=true
[7282]	79	94	-21	3	-8	1	det1=true
[7283]	79	94	-15	-8	-7	-4	det1=true
[7284]	79	94	-19	-8	-7	4	det1=true
[7285]	79	94	-13	-11	-1	-8	det1=true
[7286]	79	94	-21	-11	-1	8	det1=true
[7287]	82	94	-29	-8	-5	-6	det1=true
[7288]	82	94	-17	-15	-7	-4	det1=true
[7289]	82	94	-21	-15	-7	4	det1=true
[7290]	87	94	-23	-10	-2	-8	det1=true
[7291]	87	94	-31	-10	-2	8	det1=true
[7292]	87	94	-24	-11	-8	-2	det1=true
[7293]	87	94	-26	-11	-8	2	det1=true
[7294]	90	94	-37	-3	-8	-1	det1=true
[7295]	90	94	-38	-3	-8	1	det1=true
[7296]	94	94	-35	-18	-7	-4	det1=true
[7297]	94	94	-39	-18	-7	4	det1=true
[7298]	94	94	-31	-18	-8	-2	det1=true
[7299]	94	94	-33	-18	-8	2	det1=true
[7300]	47	95	-3	-2	-4	-5	det1=true
[7301]	47	95	-8	-2	-4	5	det1=true
[7302]	65	95	-24	-5	-1	-7	det1=true
[7303]	65	95	-31	-5	-1	7	det1=true
[7304]	66	95	-18	-13	-4	-6	det1=true
[7305]	66	95	-24	-13	-4	6	det1=true
[7306]	67	95	-12	-5	-3	7	det1=true
[7307]	68	95	-20	-13	-2	-7	det1=true
[7308]	68	95	-27	-13	-2	7	det1=true
[7309]	73	95	-20	-10	-3	-7	det1=true
[7310]	74	95	-23	-3	-6	5	det1=true
[7311]	75	95	-8	-1	-7	-4	det1=true
[7312]	75	95	-12	-1	-7	4	det1=true
[7313]	77	95	-14	-6	-8	-1	det1=true
[7314]	78	95	-19	-1	-8	-1	det1=true
[7315]	78	95	-20	-1	-8	1	det1=true
[7316]	79	95	-38	-13	-7	-2	det1=true
[7317]	79	95	-40	-13	-7	2	det1=true
[7318]	79	95	-22	-15	-5	-6	det1=true
[7319]	79	95	-28	-15	-5	6	det1=true
[7320]	89	95	-39	-35	-1	-7	det1=true
[7321]	89	95	-46	-35	-1	7	det1=true
[7322]	89	95	-36	1	-7	-4	det1=true
[7323]	91	95	-34	-24	-5	-6	det1=true
[7324]	47	96	-19	-9	-6	-1	det1=true
[7325]	47	96	-20	-9	-6	1	det1=true
[7326]	50	96	-13	-10	-5	-4	det1=true
[7327]	50	96	-17	-10	-5	4	det1=true
[7328]	52	96	-19	-9	-5	-4	det1=true
[7329]	52	96	-23	-9	-5	4	det1=true
[7330]	58	96	-25	-18	-5	-4	det1=true
[7331]	60	96	-26	-21	-4	-5	det1=true
[7332]	60	96	-31	-21	-4	5	det1=true
[7333]	70	96	-8	-3	-6	-5	det1=true
[7334]	70	96	-13	-3	-6	5	det1=true
[7335]	74	96	-13	-1	-4	7	det1=true
[7336]	82	96	-33	1	-5	-6	det1=true
[7337]	82	96	-39	1	-5	6	det1=true
[7338]	82	96	-19	-17	-4	-7	det1=true
[7339]	82	96	-26	-17	-4	7	det1=true
[7340]	83	96	-33	2	-7	4	det1=true
[7341]	85	96	-30	-11	-8	-1	det1=true
[7342]	85	96	-31	-11	-8	1	det1=true
[7343]	86	96	-24	-11	-2	-8	det1=true
[7344]	87	96	-33	-11	-8	-1	det1=true
[7345]	87	96	-30	-13	-4	-7	det1=true
[7346]	87	96	-25	-22	-1	-8	det1=true
[7347]	87	96	-33	-22	-1	8	det1=true
[7348]	90	96	-43	-28	-7	-2	det1=true
[7349]	90	96	-45	-28	-7	2	det1=true
[7350]	91	96	-37	-11	-7	-4	det1=true
[7351]	91	96	-41	-11	-7	4	det1=true
[7352]	93	96	-31	-20	-8	-2	det1=true
[7353]	93	96	-33	-20	-8	2	det1=true
[7354]	33	93	-12	-7	-1	-5	det1=true
[7355]	37	93	-15	-2	-2	-5	det1=true
[7356]	37	93	-20	-2	-2	5	det1=true
[7357]	39	93	-17	-10	-2	-5	det1=true
[7358]	39	93	-22	-10	-2	5	det1=true
[7359]	50	93	-11	-5	-4	-5	det1=true
[7360]	55	93	-21	-10	-4	-5	det1=true
[7361]	55	93	-26	-10	-4	5	det1=true
[7362]	59	93	-4	-6	-1	-7	det1=true
[7363]	59	93	-11	-6	-1	7	det1=true
[7364]	63	93	-19	-6	-7	-1	det1=true
[7365]	79	93	-37	-20	-7	-1	det1=true
[7366]	79	93	-38	-20	-7	1	det1=true
[7367]	79	93	-17	-2	-8	-1	det1=true
[7368]	79	93	-18	-2	-8	1	det1=true
[7369]	79	93	-14	-4	-4	-7	det1=true
[7370]	79	93	-21	-4	-4	7	det1=true
[7371]	86	93	-31	3	-8	-1	det1=true
[7372]	86	93	-32	3	-8	1	det1=true
[7373]	88	93	-29	-9	-1	-8	det1=true
[7374]	88	93	-37	-9	-1	8	det1=true
[7375]	91	93	-14	-11	-5	-7	det1=true
[7376]	91	93	-21	-11	-5	7	det1=true
[7377]	48	94	-7	-1	-5	-4	det1=true
[7378]	48	94	-11	-1	-5	4	det1=true
[7379]	52	94	-18	-5	-4	-5	det1=true
[7380]	52	94	-23	-5	-4	5	det1=true
[7381]	54	94	-24	-5	-2	-6	det1=true
[7382]	54	94	-30	-5	-2	6	det1=true
[7383]	56	94	-25	-12	-2	-6	det1=true
[7384]	56	94	-31	-12	-2	6	det1=true
[7385]	57	94	-25	-12	-5	-4	det1=true
[7386]	57	94	-29	-12	-5	4	det1=true
[7387]	61	94	-6	-5	-4	-6	det1=true
[7388]	61	94	-12	-5	-4	6	det1=true
[7389]	61	94	-3	1	-7	-2	det1=true
[7390]	61	94	-5	1	-7	2	det1=true
[7391]	62	94	-28	-23	-6	-2	det1=true
[7392]	62	94	-30	-23	-6	2	det1=true
[7393]	63	94	-7	-9	-2	-7	det1=true
[7394]	64	94	-27	-25	-5	-4	det1=true
[7395]	72	94	-33	-31	-4	-5	det1=true
[7396]	79	94	-6	-3	-8	-2	det1=true
[7397]	79	94	-8	-3	-8	2	det1=true
[7398]	80	94	-28	-1	-6	-5	det1=true
[7399]	80	94	-33	-1	-6	5	det1=true
[7400]	80	94	-19	-1	-4	-7	det1=true
[7401]	80	94	-26	-1	-4	7	det1=true
[7402]	81	94	-25	1	-8	1	det1=true
[7403]	82	94	-37	-20	-7	-2	det1=true
[7404]	82	94	-39	-20	-7	2	det1=true
[7405]	82	94	-35	-8	-5	6	det1=true
[7406]	82	94	-23	-19	-6	-5	det1=true
[7407]	82	94	-28	-19	-6	5	det1=true
[7408]	83	94	-31	-6	-5	-6	det1=true
[7409]	83	94	-37	-6	-5	6	det1=true
[7410]	91	94	-37	-17	-5	-6	det1=true
[7411]	91	94	-43	-17	-5	6	det1=true
[7412]	91	94	-32	-15	-4	-7	det1=true
[7413]	91	94	-20	-11	-8	-3	det1=true
[7414]	91	94	-23	-11	-8	3	det1=true
[7415]	92	94	-37	-36	-4	-6	det1=true
[7416]	92	94	-43	-36	-4	6	det1=true
[7417]	23	95	-4	0	-4	-2	det1=true
[7418]	23	95	-6	0	-4	2	det1=true
[7419]	56	95	-27	-12	-6	-2	det1=true
[7420]	56	95	-29	-12	-6	2	det1=true
[7421]	67	95	-23	-17	-4	6	det1=true
[7422]	70	95	-5	-1	-5	-6	det1=true
[7423]	70	95	-11	-1	-5	6	det1=true
[7424]	72	95	-39	-31	-4	5	det1=true
[7425]	74	95	-30	-13	-2	-7	det1=true
[7426]	74	95	-37	-13	-2	7	det1=true
[7427]	75	95	-6	-4	-1	-8	det1=true
[7428]	75	95	-14	-4	-1	8	det1=true
[7429]	75	95	-12	-7	-1	8	det1=true
[7430]	77	95	-29	-29	-1	-7	det1=true
[7431]	77	95	-36	-29	-1	7	det1=true
[7432]	79	95	-28	2	-6	-5	det1=true
[7433]	79	95	-26	-7	-5	-6	det1=true
[7434]	79	95	-32	-7	-5	6	det1=true
[7435]	82	95	-33	-28	-6	-4	det1=true
[7436]	82	95	-37	-28	-6	4	det1=true
[7437]	82	95	-32	-29	-4	-6	det1=true
[7438]	82	95	-38	-29	-4	6	det1=true
[7439]	84	95	-27	-20	-5	-6	det1=true
[7440]	84	95	-33	-20	-5	6	det1=true
[7441]	85	95	-37	-15	-7	-3	det1=true
[7442]	85	95	-40	-15	-7	3	det1=true
[7443]	85	95	-10	-2	-3	-8	det1=true
[7444]	85	95	-18	-2	-3	8	det1=true
[7445]	86	95	-12	-7	-8	-3	det1=true
[7446]	86	95	-15	-7	-8	3	det1=true
[7447]	89	95	-40	1	-7	4	det1=true
[7448]	95	95	-32	-2	-8	-3	det1=true
[7449]	95	95	-35	-2	-8	3	det1=true
[7450]	58	96	-29	-18	-5	4	det1=true
[7451]	61	96	-26	-23	-4	-5	det1=true
[7452]	69	96	-29	0	-7	-2	det1=true
[7453]	69	96	-31	0	-7	2	det1=true
[7454]	73	96	-32	-21	-2	7	det1=true
[7455]	74	96	-28	-19	-2	-7	det1=true
[7456]	74	96	-35	-19	-2	7	det1=true
[7457]	76	96	-13	-1	-1	-8	det1=true
[7458]	76	96	-21	-1	-1	8	det1=true
[7459]	78	96	-11	0	-8	-2	det1=true
[7460]	78	96	-13	0	-8	2	det1=true
[7461]	87	96	-34	-11	-8	1	det1=true
[7462]	88	96	-39	-8	-5	-6	det1=true
[7463]	88	96	-45	-8	-5	6	det1=true
[7464]	93	96	-42	-19	-4	7	det1=true
[7465]	95	96	-47	-6	-7	4	det1=true
[7466]	96	96	-3	1	-2	-9	det1=true
[7467]	96	96	-12	1	-2	9	det1=true
[7468]	21	93	-6	-7	-1	-4	det1=true
[7469]	21	93	-10	-7	-1	4	det1=true
[7470]	34	93	-2	-3	-2	-5	det1=true
[7471]	34	93	-7	-3	-2	5	det1=true
[7472]	67	93	-18	-19	-1	-7	det1=true
[7473]	67	93	-25	-19	-1	7	det1=true
[7474]	68	93	-26	-9	-6	4	det1=true
[7475]	69	93	-7	-6	-3	-7	det1=true
[7476]	69	93	-14	-6	-3	7	det1=true
[7477]	73	93	-31	-14	-1	-7	det1=true
[7478]	73	93	-38	-14	-1	7	det1=true
[7479]	77	93	-20	-6	-6	-5	det1=true
[7480]	77	93	-25	-6	-6	5	det1=true
[7481]	77	93	-14	-7	-1	8	det1=true
[7482]	79	93	-15	2	-4	-7	det1=true
[7483]	79	93	-22	2	-4	7	det1=true
[7484]	80	93	-11	-14	-1	-8	det1=true
[7485]	80	93	-19	-14	-1	8	det1=true
[7486]	82	93	-16	1	-8	-2	det1=true
[7487]	82	93	-18	1	-8	2	det1=true
[7488]	86	93	-28	1	-4	-7	det1=true
[7489]	86	93	-35	1	-4	7	det1=true
[7490]	87	93	-7	0	-5	-7	det1=true
[7491]	87	93	-14	0	-5	7	det1=true
[7492]	89	93	-21	-17	-2	-8	det1=true
[7493]	89	93	-29	-17	-2	8	det1=true
[7494]	93	93	-44	0	-4	7	det1=true
[7495]	46	94	-16	-5	-6	-1	det1=true
[7496]	46	94	-17	-5	-6	1	det1=true
[7497]	52	94	-23	2	-6	-2	det1=true
[7498]	52	94	-25	2	-6	2	det1=true
[7499]	63	94	-14	-9	-2	7	det1=true
[7500]	72	94	-28	-7	-2	-7	det1=true
[7501]	72	94	-35	-7	-2	7	det1=true
[7502]	81	94	-21	-1	-4	-7	det1=true
[7503]	81	94	-28	-1	-4	7	det1=true
[7504]	88	94	-18	-1	-8	-3	det1=true
[7505]	88	94	-21	-1	-8	3	det1=true
[7506]	91	94	-39	-15	-4	7	det1=true
[7507]	35	95	-12	-3	-5	-2	det1=true
[7508]	35	95	-14	-3	-5	2	det1=true
[7509]	44	95	-12	-3	-6	-1	det1=true
[7510]	44	95	-13	-3	-6	1	det1=true
[7511]	75	95	-34	-12	-6	-4	det1=true
[7512]	75	95	-38	-12	-6	4	det1=true
[7513]	77	95	-14	0	-4	-7	det1=true
[7514]	77	95	-21	0	-4	7	det1=true
[7515]	79	95	-23	-22	-3	-7	det1=true
[7516]	79	95	-30	-22	-3	7	det1=true
[7517]	83	95	-27	-18	-6	-5	det1=true
[7518]	83	95	-32	-18	-6	5	det1=true
[7519]	85	95	-32	-23	-7	-3	det1=true
[7520]	85	95	-35	-23	-7	3	det1=true
[7521]	86	95	-25	0	-2	-8	det1=true
[7522]	86	95	-33	0	-2	8	det1=true
[7523]	95	95	-44	-24	-6	5	det1=true
[7524]	76	96	-14	-5	-8	-1	det1=true
[7525]	76	96	-15	-5	-8	1	det1=true
[7526]	78	96	-8	-3	-2	-8	det1=true
[7527]	78	96	-16	-3	-2	8	det1=true
[7528]	79	96	-15	4	-8	-2	det1=true
[7529]	79	96	-17	4	-8	2	det1=true
[7530]	81	96	-23	-6	-1	-8	det1=true
[7531]	81	96	-31	-6	-1	8	det1=true
[7532]	86	96	-32	-11	-2	8	det1=true
[7533]	87	96	-37	-13	-4	7	det1=true
[7534]	87	96	-28	1	-2	-8	det1=true
[7535]	87	96	-36	1	-2	8	det1=true
[7536]	91	96	-43	-14	-1	8	det1=true
[7537]	93	96	-59	-33	-5	4	det1=true
[7538]	95	96	-43	-6	-7	-4	det1=true
[7539]	71	93	-2	0	-6	-5	det1=true
[7540]	71	93	-7	0	-6	5	det1=true
[7541]	36	94	-15	1	-5	-2	det1=true
[7542]	72	94	-29	-9	-7	-2	det1=true
[7543]	72	94	-31	-9	-7	2	det1=true
[7544]	79	94	-27	-27	-2	-7	det1=true
[7545]	79	94	-34	-27	-2	7	det1=true
[7546]	81	94	-24	1	-8	-1	det1=true
[7547]	83	94	-23	-21	-5	-6	det1=true
[7548]	83	94	-29	-21	-5	6	det1=true
[7549]	87	94	-21	-14	-2	-8	det1=true
[7550]	87	94	-29	-14	-2	8	det1=true
[7551]	90	94	-34	-5	-4	-7	det1=true
[7552]	90	94	-41	-5	-4	7	det1=true
[7553]	94	94	-23	-14	-3	-8	det1=true
[7554]	94	94	-31	-14	-3	8	det1=true
[7555]	53	95	-20	-9	-5	-4	det1=true
[7556]	53	95	-24	-9	-5	4	det1=true
[7557]	71	95	-30	-5	-7	-2	det1=true
[7558]	71	95	-32	-5	-7	2	det1=true
[7559]	75	95	-4	-7	-1	-8	det1=true
[7560]	78	95	-10	3	-8	2	det1=true
[7561]	83	95	-33	-28	-2	-7	det1=true
[7562]	83	95	-40	-28	-2	7	det1=true
[7563]	88	95	-35	-16	-5	-6	det1=true
[7564]	95	95	-11	-3	-9	-1	det1=true
[7565]	95	95	-12	-3	-9	1	det1=true
[7566]	85	96	-27	-13	-4	-7	det1=true
[7567]	85	96	-34	-13	-4	7	det1=true
[7568]	93	96	-35	-19	-4	-7	det1=true
[7569]	50	93	-13	0	-5	-4	det1=true
[7570]	50	93	-17	0	-5	4	det1=true
[7571]	67	93	-28	-2	-7	-1	det1=true
[7572]	67	93	-29	-2	-7	1	det1=true
[7573]	67	93	-21	-16	-7	-1	det1=true
[7574]	68	93	-22	-9	-6	-4	det1=true
[7575]	83	93	-25	-4	-8	-1	det1=true
[7576]	83	93	-26	-4	-8	1	det1=true
[7577]	29	94	-4	1	-4	-3	det1=true
[7578]	29	94	-7	1	-4	3	det1=true
[7579]	77	94	-22	-5	-6	-5	det1=true
[7580]	77	94	-27	-5	-6	5	det1=true
[7581]	80	94	-22	1	-8	-1	det1=true
[7582]	80	94	-23	1	-8	1	det1=true
[7583]	87	94	-41	-23	-7	-2	det1=true
[7584]	87	94	-43	-23	-7	2	det1=true
[7585]	80	95	-12	-3	-2	-8	det1=true
[7586]	80	95	-20	-3	-2	8	det1=true
[7587]	91	95	-22	-2	-5	-7	det1=true
[7588]	91	95	-29	-2	-5	7	det1=true
[7589]	73	96	-31	-13	-7	-2	det1=true
[7590]	73	96	-33	-13	-7	2	det1=true
[7591]	76	96	-15	2	-7	-4	det1=true
[7592]	76	96	-19	2	-7	4	det1=true
[7593]	80	96	-33	-25	-7	-2	det1=true
[7594]	80	96	-35	-25	-7	2	det1=true
[7595]	83	96	-27	-1	-1	-8	det1=true
[7596]	83	96	-35	-1	-1	8	det1=true
[7597]	43	93	0	-1	-1	-6	det1=true
[7598]	43	93	-6	-1	-1	6	det1=true
[7599]	61	93	-13	-3	-1	-7	det1=true
[7600]	61	93	-20	-3	-1	7	det1=true
[7601]	65	93	-19	3	-6	-4	det1=true
[7602]	72	93	-33	-32	-2	-6	det1=true
[7603]	91	93	-22	-15	-3	8	det1=true
[7604]	29	94	-7	-1	-3	4	det1=true
[7605]	44	94	-11	-1	-6	-1	det1=true
[7606]	44	94	-12	-1	-6	1	det1=true
[7607]	72	94	-29	1	-2	-7	det1=true
[7608]	95	95	-38	-17	-7	-4	det1=true
[7609]	63	96	-17	0	-7	-2	det1=true
[7610]	63	96	-19	0	-7	2	det1=true
[7611]	83	96	-23	-4	-8	-2	det1=true
[7612]	83	96	-25	-4	-8	2	det1=true
[7613]	85	96	-23	-12	-8	-2	det1=true
[7614]	85	96	-25	-12	-8	2	det1=true
[7615]	94	96	-33	-25	-1	-8	det1=true
[7616]	94	96	-41	-25	-1	8	det1=true
[7617]	52	93	-21	-16	-1	-6	det1=true
[7618]	67	93	-26	-22	-6	-3	det1=true
[7619]	67	93	-29	-22	-6	3	det1=true
[7620]	91	93	-14	-15	-3	-8	det1=true
[7621]	78	95	-8	3	-8	-2	det1=true
[7622]	95	95	-39	-24	-6	-5	det1=true
[7623]	50	96	-17	1	-4	-5	det1=true
[7624]	50	96	-22	1	-4	5	det1=true
[7625]	87	96	-31	4	-8	-2	det1=true
[7626]	87	96	-33	4	-8	2	det1=true
[7627]	90	96	-35	0	-8	-2	det1=true
[7628]	90	96	-37	0	-8	2	det1=true
[7629]	86	93	-23	-17	-8	-1	det1=true
[7630]	86	93	-24	-17	-8	1	det1=true
[7631]	29	94	-3	-1	-3	-4	det1=true
[7632]	94	94	-34	-7	-2	-8	det1=true
[7633]	50	95	-12	-9	-4	-5	det1=true
[7634]	50	95	-17	-9	-4	5	det1=true
[7635]	80	95	-29	1	-5	-6	det1=true
[7636]	80	95	-35	1	-5	6	det1=true
[7637]	89	95	-13	-12	-7	-5	det1=true
[7638]	89	95	-18	-12	-7	5	det1=true
[7639]	95	95	-7	-7	-1	-9	det1=true
[7640]	95	95	-16	-7	-1	9	det1=true
[7641]	74	96	-9	1	-8	-1	det1=true
[7642]	74	96	-10	1	-8	1	det1=true
[7643]	64	93	-12	1	-2	-7	det1=true
[7644]	64	93	-19	1	-2	7	det1=true
[7645]	69	93	-27	-13	-7	-1	det1=true
[7646]	69	93	-28	-13	-7	1	det1=true
[7647]	50	94	-14	-1	-4	-5	det1=true
[7648]	50	94	-19	-1	-4	5	det1=true
[7649]	75	94	-35	-3	-7	-2	det1=true
[7650]	75	94	-37	-3	-7	2	det1=true
[7651]	75	94	-33	-10	-7	-2	det1=true
[7652]	75	94	-35	-10	-7	2	det1=true
[7653]	85	94	-7	0	-3	-8	det1=true
[7654]	85	94	-15	0	-3	8	det1=true
[7655]	95	95	-30	0	-3	-8	det1=true
[7656]	95	95	-38	0	-3	8	det1=true
[7657]	93	96	-39	4	-8	-2	det1=true
[7658]	93	96	-41	4	-8	2	det1=true
[7659]	85	93	-27	-8	-8	-1	det1=true
[7660]	85	93	-28	-8	-8	1	det1=true
[7661]	50	94	-14	-9	-2	-6	det1=true
[7662]	50	94	-20	-9	-2	6	det1=true
[7663]	63	94	-11	1	-2	-7	det1=true
[7664]	63	94	-18	1	-2	7	det1=true
[7665]	47	95	-18	-18	-3	-5	det1=true
[7666]	47	95	-23	-18	-3	5	det1=true
[7667]	50	95	-15	-3	-4	-5	det1=true
[7668]	50	95	-20	-3	-4	5	det1=true
[7669]	71	95	-10	1	-5	-6	det1=true
[7670]	71	95	-16	1	-5	6	det1=true
[7671]	82	94	-15	-18	-1	-8	det1=true
[7672]	82	94	-23	-18	-1	8	det1=true
[7673]	88	94	-33	-3	-7	-4	det1=true
[7674]	88	94	-37	-3	-7	4	det1=true
[7675]	89	93	-35	-37	-1	-7	det1=true
[7676]	89	93	-42	-37	-1	7	det1=true
[7677]	93	95	-42	-37	-7	-1	det1=true
[7678]	93	95	-43	-37	-7	1	det1=true
[7679]	76	96	-32	-17	-2	-7	det1=true
[7680]	65	93	-29	-2	-1	7	det1=true
[7681]	69	93	-24	-16	-1	-7	det1=true
[7682]	69	93	-31	-16	-1	7	det1=true
[7683]	50	94	-17	-5	-5	4	det1=true
[7684]	65	93	-22	-2	-1	-7	det1=true
[7685]	83	96	-37	-25	-7	-2	det1=true
[7686]	83	96	-39	-25	-7	2	det1=true
[7687]	50	94	-13	-5	-5	-4	det1=true
[7688]	76	96	-39	-17	-2	7	det1=true
[7689]	66	98	-24	1	-2	-7	det1=true
[7690]	66	98	-31	1	-2	7	det1=true
[7691]	50	97	1	3	-6	-3	det1=true
[7692]	50	97	-2	3	-6	3	det1=true
[7693]	22	98	1	2	-4	-2	det1=true
[7694]	22	98	-1	2	-4	2	det1=true
[7695]	80	98	-15	-12	-8	-2	det1=true
[7696]	80	98	-17	-12	-8	2	det1=true
[7697]	85	98	-17	-7	-8	-3	det1=true
[7698]	85	98	-20	-7	-8	3	det1=true
[7699]	93	99	-29	-12	-7	-5	det1=true
[7700]	99	99	-34	-18	-5	-7	det1=true
[7701]	99	99	-41	-18	-5	7	det1=true
[7702]	56	97	-17	-12	-3	-6	det1=true
[7703]	77	97	-24	-20	-3	-7	det1=true
[7704]	77	97	-31	-20	-3	7	det1=true
[7705]	81	97	-19	1	-2	-8	det1=true
[7706]	81	97	-27	1	-2	8	det1=true
[7707]	85	97	-40	-13	-7	-3	det1=true
[7708]	85	97	-43	-13	-7	3	det1=true
[7709]	89	97	-23	-23	-2	-8	det1=true
[7710]	89	97	-31	-23	-2	8	det1=true
[7711]	93	97	-28	-31	-1	-8	det1=true
[7712]	93	97	-36	-31	-1	8	det1=true
[7713]	84	98	-41	-24	-7	-2	det1=true
[7714]	84	98	-43	-24	-7	2	det1=true
[7715]	95	98	-43	-38	-6	-4	det1=true
[7716]	95	98	-47	-38	-6	4	det1=true
[7717]	95	98	-16	-15	-4	-8	det1=true
[7718]	95	98	-24	-15	-4	8	det1=true
[7719]	97	98	-32	-29	-8	-2	det1=true
[7720]	97	98	-34	-29	-8	2	det1=true
[7721]	49	99	2	1	-3	-6	det1=true
[7722]	49	99	-4	1	-3	6	det1=true
[7723]	74	99	-13	-5	-4	-7	det1=true
[7724]	74	99	-20	-5	-4	7	det1=true
[7725]	83	99	-12	1	-5	-7	det1=true
[7726]	83	99	-19	1	-5	7	det1=true
[7727]	95	99	-47	-8	-8	-1	det1=true
[7728]	95	99	-48	-8	-8	1	det1=true
[7729]	98	99	-8	3	-8	-5	det1=true
[7730]	98	99	-13	3	-8	5	det1=true
[7731]	99	99	-35	-17	-7	-5	det1=true
[7732]	99	99	-40	-17	-7	5	det1=true
[7733]	76	100	-17	-13	-8	-1	det1=true
[7734]	76	100	-18	-13	-8	1	det1=true
[7735]	31	97	-11	-6	-5	-1	det1=true
[7736]	31	97	-12	-6	-5	1	det1=true
[7737]	47	97	-21	-17	-3	-5	det1=true
[7738]	47	97	-26	-17	-3	5	det1=true
[7739]	54	97	-25	-7	-5	-4	det1=true
[7740]	54	97	-29	-7	-5	4	det1=true
[7741]	73	97	-20	2	-6	-5	det1=true
[7742]	73	97	-25	2	-6	5	det1=true
[7743]	76	97	-15	-2	-1	-8	det1=true
[7744]	76	97	-23	-2	-1	8	det1=true
[7745]	77	97	-26	-18	-7	-3	det1=true
[7746]	77	97	-29	-18	-7	3	det1=true
[7747]	78	97	-29	3	-6	-5	det1=true
[7748]	78	97	-34	3	-6	5	det1=true
[7749]	79	97	-39	1	-7	3	det1=true
[7750]	89	97	-26	-20	-8	-2	det1=true
[7751]	43	98	-19	-16	-4	-4	det1=true
[7752]	43	98	-23	-16	-4	4	det1=true
[7753]	82	98	-9	1	-3	-8	det1=true
[7754]	82	98	-17	1	-3	8	det1=true
[7755]	87	98	-32	-19	-8	1	det1=true
[7756]	87	98	-28	-21	-4	-7	det1=true
[7757]	87	98	-35	-21	-4	7	det1=true
[7758]	94	98	-47	-24	-5	6	det1=true
[7759]	95	98	-44	-5	-4	-7	det1=true
[7760]	95	98	-51	-5	-4	7	det1=true
[7761]	98	98	-45	-19	-8	-1	det1=true
[7762]	98	98	-46	-19	-8	1	det1=true
[7763]	98	98	-1	3	-8	-5	det1=true
[7764]	98	98	-6	3	-8	5	det1=true
[7765]	32	99	-7	0	-5	2	det1=true
[7766]	34	99	-13	1	-2	-5	det1=true
[7767]	34	99	-18	1	-2	5	det1=true
[7768]	36	99	-15	-11	-5	-2	det1=true
[7769]	36	99	-17	-11	-5	2	det1=true
[7770]	48	99	-18	1	-2	-6	det1=true
[7771]	48	99	-24	1	-2	6	det1=true
[7772]	63	99	-22	-15	-7	-1	det1=true
[7773]	63	99	-23	-15	-7	1	det1=true
[7774]	67	99	-18	2	-7	-3	det1=true
[7775]	67	99	-21	2	-7	3	det1=true
[7776]	74	99	-12	-7	-4	-7	det1=true
[7777]	74	99	-19	-7	-4	7	det1=true
[7778]	75	99	-16	-4	-1	-8	det1=true
[7779]	75	99	-24	-4	-1	8	det1=true
[7780]	86	99	-31	-17	-7	-4	det1=true
[7781]	86	99	-35	-17	-7	4	det1=true
[7782]	46	100	-16	3	-6	-2	det1=true
[7783]	46	100	-18	3	-6	2	det1=true
[7784]	48	100	-17	-2	-5	-4	det1=true
[7785]	48	100	-21	-2	-5	4	det1=true
[7786]	48	100	-13	-10	-5	-4	det1=true
[7787]	48	100	-17	-10	-5	4	det1=true
[7788]	51	100	-23	-5	-5	-4	det1=true
[7789]	56	100	-24	-7	-6	-3	det1=true
[7790]	56	100	-27	-7	-6	3	det1=true
[7791]	76	100	-20	-3	-2	8	det1=true
[7792]	77	100	-31	1	-6	-5	det1=true
[7793]	77	100	-36	1	-6	5	det1=true
[7794]	81	100	-20	-13	-2	-8	det1=true
[7795]	81	100	-28	-13	-2	8	det1=true
[7796]	94	100	-12	3	-6	-7	det1=true
[7797]	94	100	-19	3	-6	7	det1=true
[7798]	98	100	-19	-11	-9	-2	det1=true
[7799]	98	100	-21	-11	-9	2	det1=true
[7800]	28	97	-5	-1	-4	3	det1=true
[7801]	63	97	-30	-4	-1	7	det1=true
[7802]	63	97	-18	-7	-7	2	det1=true
[7803]	67	97	-29	-12	-7	-1	det1=true
[7804]	67	97	-30	-12	-7	1	det1=true
[7805]	76	97	-17	1	-7	-4	det1=true
[7806]	76	97	-21	1	-7	4	det1=true
[7807]	79	97	-28	-19	-3	-7	det1=true
[7808]	79	97	-35	-19	-3	7	det1=true
[7809]	79	97	-27	-21	-7	-3	det1=true
[7810]	79	97	-30	-21	-7	3	det1=true
[7811]	81	97	-22	4	-8	-2	det1=true
[7812]	81	97	-24	4	-8	2	det1=true
[7813]	82	97	-24	3	-8	-2	det1=true
[7814]	82	97	-26	3	-8	2	det1=true
[7815]	82	97	-21	0	-2	-8	det1=true
[7816]	82	97	-29	0	-2	8	det1=true
[7817]	83	97	-13	-3	-6	-6	det1=true
[7818]	83	97	-19	-3	-6	6	det1=true
[7819]	84	97	-27	-2	-8	-2	det1=true
[7820]	84	97	-29	-2	-8	2	det1=true
[7821]	84	97	-18	1	-8	3	det1=true
[7822]	85	97	-12	-3	-5	-7	det1=true
[7823]	85	97	-19	-3	-5	7	det1=true
[7824]	87	97	-24	-25	-1	-8	det1=true
[7825]	87	97	-32	-25	-1	8	det1=true
[7826]	87	97	-19	2	-7	-5	det1=true
[7827]	87	97	-24	2	-7	5	det1=true
[7828]	89	97	-35	1	-8	-2	det1=true
[7829]	89	97	-37	1	-8	2	det1=true
[7830]	90	97	-27	-20	-2	-8	det1=true
[7831]	91	97	-41	-6	-8	-1	det1=true
[7832]	91	97	-42	-6	-8	1	det1=true
[7833]	92	97	-31	-25	-4	-7	det1=true
[7834]	92	97	-38	-25	-4	7	det1=true
[7835]	93	97	-33	-17	-2	-8	det1=true
[7836]	93	97	-41	-17	-2	8	det1=true
[7837]	97	97	-19	-4	-1	-9	det1=true
[7838]	19	98	-4	-1	-4	-1	det1=true
[7839]	19	98	-5	-1	-4	1	det1=true
[7840]	41	98	-5	3	-6	-1	det1=true
[7841]	68	98	-20	-19	-2	-7	det1=true
[7842]	68	98	-27	-19	-2	7	det1=true
[7843]	71	98	-27	-18	-7	-2	det1=true
[7844]	74	98	-23	1	-5	-6	det1=true
[7845]	74	98	-29	1	-5	6	det1=true
[7846]	76	98	-27	1	-6	-5	det1=true
[7847]	76	98	-32	1	-6	5	det1=true
[7848]	77	98	-27	-6	-5	-6	det1=true
[7849]	77	98	-33	-6	-5	6	det1=true
[7850]	78	98	-21	-7	-7	-4	det1=true
[7851]	80	98	-21	-14	-1	-8	det1=true
[7852]	80	98	-29	-14	-1	8	det1=true
[7853]	86	98	-39	-7	-5	-6	det1=true
[7854]	86	98	-45	-7	-5	6	det1=true
[7855]	87	98	-35	0	-1	-8	det1=true
[7856]	87	98	-43	0	-1	8	det1=true
[7857]	87	98	-31	-19	-8	-1	det1=true
[7858]	90	98	-39	-1	-4	-7	det1=true
[7859]	94	98	-31	-13	-8	-3	det1=true
[7860]	94	98	-34	-13	-8	3	det1=true
[7861]	96	98	-43	-8	-8	-2	det1=true
[7862]	96	98	-45	-8	-8	2	det1=true
[7863]	96	98	-32	-27	-2	-8	det1=true
[7864]	96	98	-40	-27	-2	8	det1=true
[7865]	98	98	-16	-5	-6	-7	det1=true
[7866]	98	98	-23	-5	-6	7	det1=true
[7867]	98	98	-15	-7	-2	-9	det1=true
[7868]	32	99	-5	0	-5	-2	det1=true
[7869]	33	99	-9	-2	-2	-5	det1=true
[7870]	51	99	-10	-4	-3	-6	det1=true
[7871]	56	99	-25	-13	-3	6	det1=true
[7872]	59	99	-16	-8	-5	-5	det1=true
[7873]	59	99	-21	-8	-5	5	det1=true
[7874]	72	99	-13	2	-7	4	det1=true
[7875]	75	99	-5	-3	-2	-8	det1=true
[7876]	75	99	-13	-3	-2	8	det1=true
[7877]	77	99	-28	-18	-3	-7	det1=true
[7878]	77	99	-35	-18	-3	7	det1=true
[7879]	81	99	-9	2	-7	5	det1=true
[7880]	82	99	-25	-16	-1	-8	det1=true
[7881]	82	99	-33	-16	-1	8	det1=true
[7882]	83	99	-13	2	-7	-5	det1=true
[7883]	83	99	-18	2	-7	5	det1=true
[7884]	87	99	-32	-10	-8	-2	det1=true
[7885]	87	99	-34	-10	-8	2	det1=true
[7886]	93	99	-26	-17	-7	-5	det1=true
[7887]	93	99	-31	-17	-7	5	det1=true
[7888]	94	99	-11	3	-9	-2	det1=true
[7889]	94	99	-13	3	-9	2	det1=true
[7890]	94	99	-6	-5	-2	-9	det1=true
[7891]	95	99	-44	-10	-4	-7	det1=true
[7892]	95	99	-51	-10	-4	7	det1=true
[7893]	24	100	-11	-8	-4	-2	det1=true
[7894]	24	100	-13	-8	-4	2	det1=true
[7895]	45	100	-6	-1	-4	-5	det1=true
[7896]	45	100	-11	-1	-4	5	det1=true
[7897]	48	100	-17	1	-4	-5	det1=true
[7898]	48	100	-22	1	-4	5	det1=true
[7899]	51	100	-22	-7	-4	-5	det1=true
[7900]	51	100	-27	-7	-4	5	det1=true
[7901]	51	100	-19	-13	-5	-4	det1=true
[7902]	51	100	-23	-13	-5	4	det1=true
[7903]	55	100	-21	-21	-4	-5	det1=true
[7904]	55	100	-26	-21	-4	5	det1=true
[7905]	62	100	-18	-11	-6	-4	det1=true
[7906]	62	100	-22	-11	-6	4	det1=true
[7907]	67	100	-7	-3	-6	-5	det1=true
[7908]	67	100	-12	-3	-6	5	det1=true
[7909]	71	100	-19	-4	-5	-6	det1=true
[7910]	71	100	-25	-4	-5	6	det1=true
[7911]	76	100	-12	-3	-2	-8	det1=true
[7912]	77	100	-33	-11	-6	5	det1=true
[7913]	78	100	-23	-21	-6	-5	det1=true
[7914]	78	100	-28	-21	-6	5	det1=true
[7915]	78	100	-2	-1	-6	-6	det1=true
[7916]	78	100	-8	-1	-6	6	det1=true
[7917]	84	100	-31	-14	-7	-4	det1=true
[7918]	84	100	-35	-14	-7	4	det1=true
[7919]	93	100	-35	-22	-8	-2	det1=true
[7920]	93	100	-37	-22	-8	2	det1=true
[7921]	98	100	-17	-12	-7	-6	det1=true
[7922]	98	100	-23	-12	-7	6	det1=true
[7923]	99	100	-13	-2	-5	-8	det1=true
[7924]	99	100	-21	-2	-5	8	det1=true
[7925]	19	97	-2	0	-4	-1	det1=true
[7926]	19	97	-3	0	-4	1	det1=true
[7927]	36	97	-15	-8	-5	-2	det1=true
[7928]	36	97	-17	-8	-5	2	det1=true
[7929]	37	97	-16	-10	-2	-5	det1=true
[7930]	37	97	-21	-10	-2	5	det1=true
[7931]	41	97	-14	-6	-5	-3	det1=true
[7932]	41	97	-17	-6	-5	3	det1=true
[7933]	62	97	-17	-4	-6	-4	det1=true
[7934]	62	97	-21	-4	-6	4	det1=true
[7935]	63	97	-23	-4	-1	-7	det1=true
[7936]	63	97	-16	-18	-1	-7	det1=true
[7937]	67	97	-26	-15	-1	-7	det1=true
[7938]	67	97	-33	-15	-1	7	det1=true
[7939]	68	97	-7	0	-5	6	det1=true
[7940]	78	97	-20	-1	-4	-7	det1=true
[7941]	78	97	-27	-1	-4	7	det1=true
[7942]	79	97	-25	-23	-3	-7	det1=true
[7943]	79	97	-32	-23	-3	7	det1=true
[7944]	81	97	-34	-29	-7	2	det1=true
[7945]	83	97	-38	-12	-7	-3	det1=true
[7946]	85	97	-13	-2	-7	-5	det1=true
[7947]	85	97	-18	-2	-7	5	det1=true
[7948]	86	97	-16	-9	-8	-3	det1=true
[7949]	86	97	-19	-9	-8	3	det1=true
[7950]	88	97	-31	-17	-1	-8	det1=true
[7951]	88	97	-39	-17	-1	8	det1=true
[7952]	89	97	-32	-2	-2	-8	det1=true
[7953]	89	97	-40	-2	-2	8	det1=true
[7954]	89	97	-32	-32	-3	-7	det1=true
[7955]	89	97	-22	-8	-3	-8	det1=true
[7956]	89	97	-30	-8	-3	8	det1=true
[7957]	91	97	-44	-19	-7	-3	det1=true
[7958]	91	97	-47	-19	-7	3	det1=true
[7959]	91	97	-38	-8	-4	-7	det1=true
[7960]	92	97	-34	3	-8	3	det1=true
[7961]	95	97	-4	1	-7	-6	det1=true
[7962]	95	97	-10	1	-7	6	det1=true
[7963]	32	98	0	-1	-2	-5	det1=true
[7964]	32	98	-5	-1	-2	5	det1=true
[7965]	43	98	-11	-5	-1	-6	det1=true
[7966]	43	98	-17	-5	-1	6	det1=true
[7967]	44	98	-15	0	-1	-6	det1=true
[7968]	46	98	-13	2	-6	-2	det1=true
[7969]	46	98	-15	2	-6	2	det1=true
[7970]	52	98	-22	-13	-6	-2	det1=true
[7971]	52	98	-24	-13	-6	2	det1=true
[7972]	68	98	-30	-3	-6	-4	det1=true
[7973]	69	98	-31	-26	-3	-6	det1=true
[7974]	71	98	-13	-9	-6	-5	det1=true
[7975]	71	98	-18	-9	-6	5	det1=true
[7976]	76	98	-25	-7	-5	-6	det1=true
[7977]	76	98	-31	-7	-5	6	det1=true
[7978]	76	98	-17	-1	-1	-8	det1=true
[7979]	76	98	-25	-1	-1	8	det1=true
[7980]	77	98	-21	0	-7	-4	det1=true
[7981]	77	98	-25	0	-7	4	det1=true
[7982]	77	98	-19	-3	-1	-8	det1=true
[7983]	81	98	-22	-5	-8	-2	det1=true
[7984]	81	98	-24	-5	-8	2	det1=true
[7985]	81	98	-20	-9	-8	-2	det1=true
[7986]	81	98	-22	-9	-8	2	det1=true
[7987]	84	98	-33	2	-7	-4	det1=true
[7988]	84	98	-37	2	-7	4	det1=true
[7989]	90	98	-46	-1	-4	7	det1=true
[7990]	90	98	-31	-23	-4	-7	det1=true
[7991]	92	98	-44	-33	-6	-4	det1=true
[7992]	92	98	-48	-33	-6	4	det1=true
[7993]	92	98	-38	-15	-4	-7	det1=true
[7994]	92	98	-45	-15	-4	7	det1=true
[7995]	94	98	-36	-31	-6	-5	det1=true
[7996]	96	98	-35	-24	-8	-2	det1=true
[7997]	96	98	-37	-24	-8	2	det1=true
[7998]	98	98	-24	-7	-2	9	det1=true
[7999]	29	99	-7	-1	-5	-1	det1=true
[8000]	29	99	-8	-1	-5	1	det1=true
[8001]	31	99	-10	-10	-1	-5	det1=true
[8002]	31	99	-15	-10	-1	5	det1=true
[8003]	33	99	-14	-2	-2	5	det1=true
[8004]	33	99	-10	-2	-5	-2	det1=true
[8005]	33	99	-12	-2	-5	2	det1=true
[8006]	54	99	-24	-13	-4	-5	det1=true
[8007]	54	99	-29	-13	-4	5	det1=true
[8008]	55	99	-24	-16	-4	-5	det1=true
[8009]	55	99	-29	-16	-4	5	det1=true
[8010]	55	99	-7	3	-7	-1	det1=true
[8011]	55	99	-8	3	-7	1	det1=true
[8012]	65	99	-31	-20	-6	-3	det1=true
[8013]	65	99	-34	-20	-6	3	det1=true
[8014]	69	99	-32	-2	-7	-2	det1=true
[8015]	69	99	-34	-2	-7	2	det1=true
[8016]	71	99	-21	-13	-7	-3	det1=true
[8017]	71	99	-24	-13	-7	3	det1=true
[8018]	75	99	-18	-1	-7	-4	det1=true
[8019]	75	99	-22	-1	-7	4	det1=true
[8020]	77	99	-33	-16	-7	3	det1=true
[8021]	79	99	-25	0	-4	-7	det1=true
[8022]	79	99	-20	-15	-1	-8	det1=true
[8023]	79	99	-28	-15	-1	8	det1=true
[8024]	80	99	-23	0	-8	-2	det1=true
[8025]	80	99	-25	0	-8	2	det1=true
[8026]	81	99	-29	-8	-8	-1	det1=true
[8027]	81	99	-30	-8	-8	1	det1=true
[8028]	81	99	-26	-10	-4	-7	det1=true
[8029]	81	99	-33	-10	-4	7	det1=true
[8030]	83	99	-25	-18	-4	-7	det1=true
[8031]	83	99	-32	-18	-4	7	det1=true
[8032]	83	99	-9	-7	-7	-5	det1=true
[8033]	83	99	-14	-7	-7	5	det1=true
[8034]	86	99	-29	-20	-1	-8	det1=true
[8035]	86	99	-37	-20	-1	8	det1=true
[8036]	87	99	-20	-8	-7	-5	det1=true
[8037]	87	99	-25	-8	-7	5	det1=true
[8038]	89	99	-38	-6	-1	-8	det1=true
[8039]	89	99	-46	-6	-1	8	det1=true
[8040]	89	99	-32	-22	-7	-4	det1=true
[8041]	91	99	-44	-12	-7	4	det1=true
[8042]	93	99	-31	-4	-5	-7	det1=true
[8043]	93	99	-38	-4	-5	7	det1=true
[8044]	93	99	-30	-8	-5	-7	det1=true
[8045]	93	99	-28	-13	-5	-7	det1=true
[8046]	98	99	-18	-5	-2	-9	det1=true
[8047]	98	99	-27	-5	-2	9	det1=true
[8048]	99	99	-44	-32	-4	7	det1=true
[8049]	19	100	-6	-3	-4	-1	det1=true
[8050]	34	100	-12	-7	-2	-5	det1=true
[8051]	34	100	-17	-7	-2	5	det1=true
[8052]	44	100	-5	-4	-2	-6	det1=true
[8053]	45	100	-7	2	-5	-4	det1=true
[8054]	45	100	-11	2	-5	4	det1=true
[8055]	50	100	-24	-5	-6	-2	det1=true
[8056]	50	100	-26	-5	-6	2	det1=true
[8057]	58	100	-5	-3	-2	-7	det1=true
[8058]	58	100	-12	-3	-2	7	det1=true
[8059]	71	100	-19	-5	-6	-5	det1=true
[8060]	81	100	-29	-2	-1	-8	det1=true
[8061]	81	100	-37	-2	-1	8	det1=true
[8062]	86	100	-29	-22	-1	-8	det1=true
[8063]	86	100	-37	-22	-1	8	det1=true
[8064]	95	100	-37	-29	-8	-1	det1=true
[8065]	95	100	-38	-29	-8	1	det1=true
[8066]	97	100	-30	-25	-8	-3	det1=true
[8067]	97	100	-33	-25	-8	3	det1=true
[8068]	98	100	-43	-31	-6	-5	det1=true
[8069]	98	100	-48	-31	-6	5	det1=true
[8070]	99	100	-42	-29	-8	-1	det1=true
[8071]	100	100	-45	-31	-5	-6	det1=true
[8072]	100	100	-51	-31	-5	6	det1=true
[8073]	28	97	-2	-1	-4	-3	det1=true
[8074]	34	97	-10	-3	-2	-5	det1=true
[8075]	34	97	-15	-3	-2	5	det1=true
[8076]	41	97	-16	0	-5	-3	det1=true
[8077]	41	97	-19	0	-5	3	det1=true
[8078]	41	97	-15	-1	-3	-5	det1=true
[8079]	41	97	-20	-1	-3	5	det1=true
[8080]	41	97	-13	-7	-3	-5	det1=true
[8081]	41	97	-18	-7	-3	5	det1=true
[8082]	48	97	-13	-1	-5	-4	det1=true
[8083]	48	97	-17	-1	-5	4	det1=true
[8084]	49	97	-16	-8	-2	-6	det1=true
[8085]	49	97	-22	-8	-2	6	det1=true
[8086]	51	97	-14	-14	-4	-5	det1=true
[8087]	51	97	-19	-14	-4	5	det1=true
[8088]	54	97	-13	-10	-3	-6	det1=true
[8089]	56	97	-21	-1	-3	-6	det1=true
[8090]	56	97	-27	-1	-3	6	det1=true
[8091]	61	97	-9	-6	-2	-7	det1=true
[8092]	61	97	-16	-6	-2	7	det1=true
[8093]	63	97	-23	-18	-1	7	det1=true
[8094]	63	97	-16	-7	-7	-2	det1=true
[8095]	65	97	-23	-3	-4	-6	det1=true
[8096]	65	97	-29	-3	-4	6	det1=true
[8097]	69	97	-30	-1	-7	-2	det1=true
[8098]	69	97	-32	-1	-7	2	det1=true
[8099]	69	97	-25	-12	-2	-7	det1=true
[8100]	77	97	-27	-2	-6	-5	det1=true
[8101]	77	97	-32	-2	-6	5	det1=true
[8102]	78	97	-13	-16	-1	-8	det1=true
[8103]	78	97	-21	-16	-1	8	det1=true
[8104]	79	97	-36	1	-7	-3	det1=true
[8105]	79	97	-30	2	-5	-6	det1=true
[8106]	79	97	-36	2	-5	6	det1=true
[8107]	80	97	-31	-3	-5	-6	det1=true
[8108]	80	97	-37	-3	-5	6	det1=true
[8109]	82	97	-30	-15	-6	-5	det1=true
[8110]	82	97	-35	-15	-6	5	det1=true
[8111]	83	97	-41	-12	-7	3	det1=true
[8112]	83	97	-5	-1	-7	-5	det1=true
[8113]	84	97	-26	-17	-8	-1	det1=true
[8114]	84	97	-27	-17	-8	1	det1=true
[8115]	84	97	-15	1	-8	-3	det1=true
[8116]	88	97	-42	-5	-4	7	det1=true
[8117]	89	97	-39	-32	-3	7	det1=true
[8118]	89	97	-28	-20	-8	2	det1=true
[8119]	89	97	-25	-4	-8	-3	det1=true
[8120]	89	97	-28	-4	-8	3	det1=true
[8121]	91	97	-42	0	-8	-1	det1=true
[8122]	92	97	-35	-23	-8	1	det1=true
[8123]	93	97	-13	3	-9	-1	det1=true
[8124]	93	97	-14	3	-9	1	det1=true
[8125]	95	97	-6	2	-9	-2	det1=true
[8126]	97	97	-37	-19	-2	-8	det1=true
[8127]	97	97	-45	-19	-2	8	det1=true
[8128]	28	98	-5	1	-3	-4	det1=true
[8129]	44	98	-21	0	-1	6	det1=true
[8130]	66	98	-21	-13	-7	-2	det1=true
[8131]	77	98	-12	-3	-8	-2	det1=true
[8132]	77	98	-14	-3	-8	2	det1=true
[8133]	80	98	-37	-8	-5	6	det1=true
[8134]	80	98	-23	-11	-7	-4	det1=true
[8135]	80	98	-27	-11	-7	4	det1=true
[8136]	81	98	-19	-8	-2	-8	det1=true
[8137]	81	98	-27	-8	-2	8	det1=true
[8138]	83	98	-24	-19	-8	-1	det1=true
[8139]	83	98	-25	-19	-8	1	det1=true
[8140]	83	98	-11	-5	-3	-8	det1=true
[8141]	83	98	-19	-5	-3	8	det1=true
[8142]	85	98	-43	-10	-5	6	det1=true
[8143]	85	98	-37	-11	-6	-5	det1=true
[8144]	85	98	-31	-22	-5	-6	det1=true
[8145]	88	98	-35	4	-8	-2	det1=true
[8146]	88	98	-26	3	-8	-3	det1=true
[8147]	88	98	-29	3	-8	3	det1=true
[8148]	89	98	-36	-1	-8	-2	det1=true
[8149]	89	98	-38	-1	-8	2	det1=true
[8150]	89	98	-34	-9	-8	-2	det1=true
[8151]	89	98	-36	-9	-8	2	det1=true
[8152]	89	98	-31	-29	-5	-6	det1=true
[8153]	89	98	-37	-29	-5	6	det1=true
[8154]	89	98	-27	-27	-1	-8	det1=true
[8155]	89	98	-35	-27	-1	8	det1=true
[8156]	90	98	-37	-10	-8	2	det1=true
[8157]	91	98	-37	-25	-6	-5	det1=true
[8158]	91	98	-42	-25	-6	5	det1=true
[8159]	92	98	-41	-20	-5	-6	det1=true
[8160]	94	98	-41	-13	-1	-8	det1=true
[8161]	94	98	-41	-31	-6	5	det1=true
[8162]	95	98	-42	-39	-4	-6	det1=true
[8163]	95	98	-48	-39	-4	6	det1=true
[8164]	45	99	-2	-2	-4	-5	det1=true
[8165]	45	99	-7	-2	-4	5	det1=true
[8166]	47	99	-10	-7	-5	-4	det1=true
[8167]	47	99	-14	-7	-5	4	det1=true
[8168]	48	99	-20	3	-6	-2	det1=true
[8169]	48	99	-22	3	-6	2	det1=true
[8170]	54	99	-19	-2	-3	-6	det1=true
[8171]	54	99	-13	-14	-3	-6	det1=true
[8172]	54	99	-19	-14	-3	6	det1=true
[8173]	57	99	-10	-8	-1	-7	det1=true
[8174]	57	99	-17	-8	-1	7	det1=true
[8175]	61	99	-25	3	-7	-1	det1=true
[8176]	61	99	-26	3	-7	1	det1=true
[8177]	72	99	-9	2	-7	-4	det1=true
[8178]	75	99	-8	0	-8	-2	det1=true
[8179]	75	99	-10	0	-8	2	det1=true
[8180]	76	99	-10	1	-2	-8	det1=true
[8181]	76	99	-18	1	-2	8	det1=true
[8182]	77	99	-33	-10	-7	-3	det1=true
[8183]	77	99	-31	-12	-3	-7	det1=true
[8184]	77	99	-30	-16	-7	-3	det1=true
[8185]	80	99	-20	-3	-2	-8	det1=true
[8186]	80	99	-28	-3	-2	8	det1=true
[8187]	81	99	-4	2	-7	-5	det1=true
[8188]	83	99	-30	-7	-1	-8	det1=true
[8189]	83	99	-38	-7	-1	8	det1=true
[8190]	84	99	-35	-7	-8	1	det1=true
[8191]	84	99	-26	-19	-4	-7	det1=true
[8192]	84	99	-33	-19	-4	7	det1=true
[8193]	85	99	-34	0	-4	-7	det1=true
[8194]	85	99	-17	-2	-5	-7	det1=true
[8195]	85	99	-24	-2	-5	7	det1=true
[8196]	87	99	-30	-14	-8	-2	det1=true
[8197]	87	99	-32	-14	-8	2	det1=true
[8198]	88	99	-38	-11	-8	-1	det1=true
[8199]	88	99	-39	-11	-8	1	det1=true
[8200]	89	99	-36	-22	-7	4	det1=true
[8201]	89	99	-30	-25	-1	-8	det1=true
[8202]	89	99	-38	-25	-1	8	det1=true
[8203]	91	99	-37	1	-2	-8	det1=true
[8204]	91	99	-45	1	-2	8	det1=true
[8205]	91	99	-36	-8	-2	-8	det1=true
[8206]	91	99	-44	-8	-2	8	det1=true
[8207]	93	99	-31	-7	-7	-5	det1=true
[8208]	93	99	-36	-7	-7	5	det1=true
[8209]	93	99	-32	-18	-5	7	det1=true
[8210]	98	99	-5	-3	-5	-8	det1=true
[8211]	98	99	-13	-3	-5	8	det1=true
[8212]	33	100	-8	-7	-2	-5	det1=true
[8213]	33	100	-13	-7	-2	5	det1=true
[8214]	44	100	-7	-2	-6	-2	det1=true
[8215]	44	100	-9	-2	-6	2	det1=true
[8216]	44	100	-11	-4	-2	6	det1=true
[8217]	58	100	-25	-23	-4	-5	det1=true
[8218]	59	100	-12	-7	-6	-4	det1=true
[8219]	59	100	-16	-7	-6	4	det1=true
[8220]	63	100	-23	0	-7	-2	det1=true
[8221]	71	100	-24	-5	-6	5	det1=true
[8222]	73	100	-33	-15	-2	-7	det1=true
[8223]	73	100	-40	-15	-2	7	det1=true
[8224]	74	100	-25	-4	-5	-6	det1=true
[8225]	74	100	-31	-4	-5	6	det1=true
[8226]	76	100	-15	0	-8	-2	det1=true
[8227]	76	100	-17	0	-8	2	det1=true
[8228]	77	100	-28	-11	-6	-5	det1=true
[8229]	79	100	-23	-23	-5	-6	det1=true
[8230]	79	100	-29	-23	-5	6	det1=true
[8231]	80	100	-10	3	-8	-3	det1=true
[8232]	80	100	-13	3	-8	3	det1=true
[8233]	81	100	-26	-13	-4	-7	det1=true
[8234]	81	100	-33	-13	-4	7	det1=true
[8235]	83	100	-29	-24	-5	-6	det1=true
[8236]	83	100	-35	-24	-5	6	det1=true
[8237]	85	100	-15	-15	-3	-8	det1=true
[8238]	85	100	-23	-15	-3	8	det1=true
[8239]	87	100	-34	-15	-4	-7	det1=true
[8240]	87	100	-41	-15	-4	7	det1=true
[8241]	89	100	-27	-7	-3	-8	det1=true
[8242]	89	100	-35	-7	-3	8	det1=true
[8243]	98	100	-52	-13	-6	-5	det1=true
[8244]	99	100	-39	-31	-4	-7	det1=true
[8245]	99	100	-46	-31	-4	7	det1=true
[8246]	28	97	-3	1	-4	-3	det1=true
[8247]	28	97	-6	1	-4	3	det1=true
[8248]	47	97	-22	-16	-5	-3	det1=true
[8249]	47	97	-25	-16	-5	3	det1=true
[8250]	55	97	-24	-13	-5	-4	det1=true
[8251]	55	97	-28	-13	-5	4	det1=true
[8252]	59	97	-2	2	-7	-2	det1=true
[8253]	59	97	-4	2	-7	2	det1=true
[8254]	60	97	-28	-7	-6	-3	det1=true
[8255]	60	97	-12	-5	-2	7	det1=true
[8256]	62	97	-15	-8	-6	-4	det1=true
[8257]	62	97	-19	-8	-6	4	det1=true
[8258]	68	97	-1	0	-5	-6	det1=true
[8259]	70	97	-29	-12	-6	-4	det1=true
[8260]	70	97	-33	-12	-6	4	det1=true
[8261]	70	97	-11	-2	-5	-6	det1=true
[8262]	70	97	-17	-2	-5	6	det1=true
[8263]	74	97	-22	1	-6	-5	det1=true
[8264]	74	97	-27	1	-6	5	det1=true
[8265]	76	97	-36	-15	-6	-4	det1=true
[8266]	76	97	-40	-15	-6	4	det1=true
[8267]	82	97	-21	-17	-7	-4	det1=true
[8268]	82	97	-25	-17	-7	4	det1=true
[8269]	82	97	-19	-20	-1	-8	det1=true
[8270]	82	97	-5	-1	-3	-8	det1=true
[8271]	83	97	-10	-1	-7	5	det1=true
[8272]	84	97	-32	-5	-2	8	det1=true
[8273]	84	97	-22	-11	-2	-8	det1=true
[8274]	84	97	-30	-11	-2	8	det1=true
[8275]	84	97	-11	-6	-3	-8	det1=true
[8276]	84	97	-19	-6	-3	8	det1=true
[8277]	88	97	-38	-3	-8	-1	det1=true
[8278]	88	97	-39	-3	-8	1	det1=true
[8279]	88	97	-35	-5	-4	-7	det1=true
[8280]	88	97	-18	-13	-8	-3	det1=true
[8281]	88	97	-21	-13	-8	3	det1=true
[8282]	89	97	-40	-12	-5	-6	det1=true
[8283]	89	97	-46	-12	-5	6	det1=true
[8284]	91	97	-39	-2	-4	-7	det1=true
[8285]	91	97	-46	-2	-4	7	det1=true
[8286]	92	97	-34	-23	-8	-1	det1=true
[8287]	93	97	-9	-1	-1	-9	det1=true
[8288]	93	97	-18	-1	-1	9	det1=true
[8289]	94	97	-39	-39	-2	-7	det1=true
[8290]	94	97	-46	-39	-2	7	det1=true
[8291]	95	97	-37	-35	-7	-3	det1=true
[8292]	95	97	-40	-35	-7	3	det1=true
[8293]	30	98	-13	-3	-3	-4	det1=true
[8294]	30	98	-17	-3	-3	4	det1=true
[8295]	33	98	-6	-5	-2	-5	det1=true
[8296]	46	98	-20	-7	-6	-1	det1=true
[8297]	46	98	-21	-7	-6	1	det1=true
[8298]	52	98	-20	-15	-2	-6	det1=true
[8299]	52	98	-26	-15	-2	6	det1=true
[8300]	66	98	-23	-13	-7	2	det1=true
[8301]	67	98	-27	-8	-6	-4	det1=true
[8302]	70	98	-13	-3	-5	-6	det1=true
[8303]	70	98	-19	-3	-5	6	det1=true
[8304]	75	98	-35	-15	-7	-2	det1=true
[8305]	75	98	-37	-15	-7	2	det1=true
[8306]	77	98	-27	-3	-1	8	det1=true
[8307]	78	98	-25	-7	-7	4	det1=true
[8308]	79	98	-31	-1	-5	-6	det1=true
[8309]	79	98	-37	-1	-5	6	det1=true
[8310]	80	98	-31	-9	-6	-5	det1=true
[8311]	80	98	-36	-9	-6	5	det1=true
[8312]	84	98	-29	2	-8	-2	det1=true
[8313]	84	98	-31	2	-8	2	det1=true
[8314]	85	98	-42	-11	-6	5	det1=true
[8315]	85	98	-37	-22	-5	6	det1=true
[8316]	86	98	-29	-18	-7	-4	det1=true
[8317]	86	98	-33	-18	-7	4	det1=true
[8318]	86	98	-22	1	-8	-3	det1=true
[8319]	89	98	-31	-12	-2	-8	det1=true
[8320]	89	98	-39	-12	-2	8	det1=true
[8321]	90	98	-40	-13	-2	8	det1=true
[8322]	90	98	-34	-21	-8	-1	det1=true
[8323]	90	98	-35	-21	-8	1	det1=true
[8324]	90	98	-38	-23	-4	7	det1=true
[8325]	92	98	-38	-19	-8	-1	det1=true
[8326]	92	98	-39	-19	-8	1	det1=true
[8327]	93	98	-16	-9	-8	-4	det1=true
[8328]	93	98	-20	-9	-8	4	det1=true
[8329]	94	98	-49	-13	-1	8	det1=true
[8330]	95	98	-45	-35	-7	-2	det1=true
[8331]	98	98	-37	-6	-3	-8	det1=true
[8332]	98	98	-45	-6	-3	8	det1=true
[8333]	29	99	-5	-3	-1	-5	det1=true
[8334]	29	99	-10	-3	-1	5	det1=true
[8335]	45	99	-9	1	-2	-6	det1=true
[8336]	45	99	-15	1	-2	6	det1=true
[8337]	46	99	-8	-3	-4	-5	det1=true
[8338]	46	99	-13	-3	-4	5	det1=true
[8339]	50	99	-20	-3	-4	-5	det1=true
[8340]	50	99	-25	-3	-4	5	det1=true
[8341]	51	99	-16	-15	-5	-4	det1=true
[8342]	51	99	-20	-15	-5	4	det1=true
[8343]	54	99	-25	-2	-3	6	det1=true
[8344]	59	99	-16	-8	-1	-7	det1=true
[8345]	65	99	-30	-29	-5	-4	det1=true
[8346]	65	99	-34	-29	-5	4	det1=true
[8347]	65	99	-12	2	-7	-3	det1=true
[8348]	77	99	-38	-12	-3	7	det1=true
[8349]	77	99	-22	-3	-7	-4	det1=true
[8350]	77	99	-26	-3	-7	4	det1=true
[8351]	77	99	-20	-6	-1	-8	det1=true
[8352]	78	99	-11	-12	-2	-8	det1=true
[8353]	78	99	-19	-12	-2	8	det1=true
[8354]	79	99	-17	-9	-8	-2	det1=true
[8355]	79	99	-19	-9	-8	2	det1=true
[8356]	79	99	-14	-12	-2	-8	det1=true
[8357]	82	99	-28	-9	-4	-7	det1=true
[8358]	82	99	-35	-9	-4	7	det1=true
[8359]	82	99	-27	-13	-7	-4	det1=true
[8360]	82	99	-31	-13	-7	4	det1=true
[8361]	84	99	-34	-7	-8	-1	det1=true
[8362]	84	99	-31	-9	-4	-7	det1=true
[8363]	84	99	-38	-9	-4	7	det1=true
[8364]	85	99	-23	-1	-7	5	det1=true
[8365]	86	99	-30	-11	-8	-2	det1=true
[8366]	86	99	-32	-11	-8	2	det1=true
[8367]	86	99	-27	-14	-2	-8	det1=true
[8368]	86	99	-35	-14	-2	8	det1=true
[8369]	87	99	-29	-13	-2	-8	det1=true
[8370]	87	99	-37	-13	-2	8	det1=true
[8371]	87	99	-27	-17	-2	-8	det1=true
[8372]	87	99	-35	-17	-2	8	det1=true
[8373]	89	99	-38	-14	-8	-1	det1=true
[8374]	89	99	-39	-14	-8	1	det1=true
[8375]	91	99	-40	-12	-7	-4	det1=true
[8376]	91	99	-35	-4	-5	7	det1=true
[8377]	93	99	-37	-8	-5	7	det1=true
[8378]	93	99	-35	-13	-5	7	det1=true
[8379]	93	99	-25	-18	-5	-7	det1=true
[8380]	94	99	-15	-5	-2	9	det1=true
[8381]	96	99	-39	-20	-8	-2	det1=true
[8382]	96	99	-41	-20	-8	2	det1=true
[8383]	98	99	-47	-17	-8	-1	det1=true
[8384]	98	99	-48	-17	-8	1	det1=true
[8385]	99	99	-63	-19	-7	1	det1=true
[8386]	99	99	-37	-32	-4	-7	det1=true
[8387]	40	100	-3	3	-6	-1	det1=true
[8388]	40	100	-4	3	-6	1	det1=true
[8389]	44	100	-19	-12	-1	6	det1=true
[8390]	68	100	-12	-1	-6	-5	det1=true
[8391]	68	100	-17	-1	-6	5	det1=true
[8392]	68	100	-11	-3	-5	-6	det1=true
[8393]	68	100	-17	-3	-5	6	det1=true
[8394]	76	100	-14	-15	-4	-7	det1=true
[8395]	76	100	-21	-15	-4	7	det1=true
[8396]	78	100	-32	-3	-6	-5	det1=true
[8397]	78	100	-37	-3	-6	5	det1=true
[8398]	78	100	-19	-15	-4	-7	det1=true
[8399]	78	100	-26	-15	-4	7	det1=true
[8400]	79	100	-33	-3	-5	-6	det1=true
[8401]	79	100	-39	-3	-5	6	det1=true
[8402]	85	100	-29	-21	-8	-1	det1=true
[8403]	85	100	-30	-21	-8	1	det1=true
[8404]	91	100	-31	-29	-1	-8	det1=true
[8405]	91	100	-39	-29	-1	8	det1=true
[8406]	93	100	-45	-11	-8	-1	det1=true
[8407]	93	100	-46	-11	-8	1	det1=true
[8408]	93	100	-40	-5	-2	-8	det1=true
[8409]	93	100	-48	-5	-2	8	det1=true
[8410]	97	100	-41	-32	-5	-6	det1=true
[8411]	97	100	-47	-32	-5	6	det1=true
[8412]	100	100	-13	-9	-8	-5	det1=true
[8413]	100	100	-18	-9	-8	5	det1=true
[8414]	34	97	-11	-6	-5	2	det1=true
[8415]	41	97	-11	-10	-5	-3	det1=true
[8416]	41	97	-14	-10	-5	3	det1=true
[8417]	47	97	-20	-6	-1	-6	det1=true
[8418]	49	97	-18	-6	-6	-2	det1=true
[8419]	49	97	-20	-6	-6	2	det1=true
[8420]	60	97	-5	-5	-2	-7	det1=true
[8421]	62	97	-16	-5	-4	-6	det1=true
[8422]	62	97	-22	-5	-4	6	det1=true
[8423]	65	97	-5	0	-7	-3	det1=true
[8424]	65	97	-8	0	-7	3	det1=true
[8425]	71	97	-31	-19	-7	-1	det1=true
[8426]	71	97	-32	-19	-7	1	det1=true
[8427]	75	97	-30	-20	-2	-7	det1=true
[8428]	75	97	-37	-20	-2	7	det1=true
[8429]	76	97	-18	-1	-8	-1	det1=true
[8430]	76	97	-19	-1	-8	1	det1=true
[8431]	79	97	-30	-17	-7	-3	det1=true
[8432]	79	97	-33	-17	-7	3	det1=true
[8433]	80	97	-24	-19	-6	-5	det1=true
[8434]	80	97	-29	-19	-6	5	det1=true
[8435]	82	97	-27	-20	-1	8	det1=true
[8436]	83	97	-4	-2	-5	-7	det1=true
[8437]	83	97	-11	-2	-5	7	det1=true
[8438]	84	97	-24	-5	-2	-8	det1=true
[8439]	85	97	-24	-20	-4	-7	det1=true
[8440]	85	97	-31	-20	-4	7	det1=true
[8441]	90	97	-30	-17	-8	-2	det1=true
[8442]	90	97	-32	-17	-8	2	det1=true
[8443]	90	97	-35	-20	-2	8	det1=true
[8444]	91	97	-46	-16	-6	5	det1=true
[8445]	91	97	-45	-8	-4	7	det1=true
[8446]	92	97	-31	3	-8	-3	det1=true
[8447]	33	98	-11	-5	-2	5	det1=true
[8448]	60	98	-8	-5	-2	-7	det1=true
[8449]	60	98	-15	-5	-2	7	det1=true
[8450]	68	98	-7	3	-6	-5	det1=true
[8451]	76	98	-19	2	-7	-4	det1=true
[8452]	76	98	-23	2	-7	4	det1=true
[8453]	80	98	-31	-8	-5	-6	det1=true
[8454]	81	98	-28	-7	-8	-1	det1=true
[8455]	81	98	-29	-7	-8	1	det1=true
[8456]	82	98	-31	-15	-5	-6	det1=true
[8457]	82	98	-37	-15	-5	6	det1=true
[8458]	83	98	-21	-21	-4	-7	det1=true
[8459]	83	98	-28	-21	-4	7	det1=true
[8460]	85	98	-37	-10	-5	-6	det1=true
[8461]	88	98	-37	4	-8	2	det1=true
[8462]	88	98	-32	1	-2	-8	det1=true
[8463]	88	98	-40	1	-2	8	det1=true
[8464]	89	98	-46	-13	-6	5	det1=true
[8465]	90	98	-35	-10	-8	-2	det1=true
[8466]	91	98	-35	-8	-3	8	det1=true
[8467]	95	98	-47	-35	-7	2	det1=true
[8468]	97	98	-15	1	-6	-7	det1=true
[8469]	97	98	-22	1	-6	7	det1=true
[8470]	98	98	-42	-21	-4	-7	det1=true
[8471]	98	98	-49	-21	-4	7	det1=true
[8472]	98	98	-39	-22	-8	-2	det1=true
[8473]	98	98	-41	-22	-8	2	det1=true
[8474]	32	99	-4	1	-2	-5	det1=true
[8475]	32	99	-9	1	-2	5	det1=true
[8476]	60	99	-27	-26	-2	-6	det1=true
[8477]	60	99	-33	-26	-2	6	det1=true
[8478]	73	99	-36	-19	-7	-1	det1=true
[8479]	75	99	-17	2	-4	-7	det1=true
[8480]	75	99	-24	2	-4	7	det1=true
[8481]	77	99	-36	-10	-7	3	det1=true
[8482]	77	99	-28	-6	-1	8	det1=true
[8483]	79	99	-33	-16	-7	-3	det1=true
[8484]	79	99	-36	-16	-7	3	det1=true
[8485]	79	99	-28	2	-8	-1	det1=true
[8486]	79	99	-29	2	-8	1	det1=true
[8487]	81	99	-3	1	-5	-7	det1=true
[8488]	81	99	-10	1	-5	7	det1=true
[8489]	84	99	-29	-17	-8	-1	det1=true
[8490]	84	99	-30	-17	-8	1	det1=true
[8491]	85	99	-41	0	-4	7	det1=true
[8492]	89	99	-34	-18	-4	-7	det1=true
[8493]	89	99	-41	-18	-4	7	det1=true
[8494]	91	99	-29	-3	-7	-5	det1=true
[8495]	91	99	-34	-3	-7	5	det1=true
[8496]	91	99	-28	-4	-5	-7	det1=true
[8497]	92	99	-41	0	-8	-2	det1=true
[8498]	92	99	-43	0	-8	2	det1=true
[8499]	93	99	-32	-3	-7	-5	det1=true
[8500]	93	99	-37	-3	-7	5	det1=true
[8501]	97	99	-30	-20	-5	-7	det1=true
[8502]	97	99	-37	-20	-5	7	det1=true
[8503]	19	100	-7	-3	-4	1	det1=true
[8504]	45	100	-5	-3	-4	-5	det1=true
[8505]	45	100	-10	-3	-4	5	det1=true
[8506]	46	100	-11	-1	-5	-4	det1=true
[8507]	50	100	-22	-7	-2	-6	det1=true
[8508]	50	100	-28	-7	-2	6	det1=true
[8509]	50	100	-9	-1	-3	-6	det1=true
[8510]	50	100	-15	-1	-3	6	det1=true
[8511]	58	100	-30	-23	-4	5	det1=true
[8512]	60	100	-13	-3	-2	-7	det1=true
[8513]	60	100	-20	-3	-2	7	det1=true
[8514]	61	100	-15	-8	-7	-2	det1=true
[8515]	67	100	-8	-1	-6	-5	det1=true
[8516]	67	100	-13	-1	-6	5	det1=true
[8517]	69	100	-28	-13	-2	-7	det1=true
[8518]	69	100	-35	-13	-2	7	det1=true
[8519]	69	100	-15	1	-5	-6	det1=true
[8520]	69	100	-21	1	-5	6	det1=true
[8521]	70	100	-33	-8	-7	-2	det1=true
[8522]	70	100	-35	-8	-7	2	det1=true
[8523]	77	100	-27	-13	-6	-5	det1=true
[8524]	77	100	-32	-13	-6	5	det1=true
[8525]	79	100	-29	-1	-8	-1	det1=true
[8526]	79	100	-30	-1	-8	1	det1=true
[8527]	86	100	-26	3	-6	-6	det1=true
[8528]	91	100	-42	-13	-8	-1	det1=true
[8529]	91	100	-43	-13	-8	1	det1=true
[8530]	91	100	-27	-15	-3	-8	det1=true
[8531]	91	100	-35	-15	-3	8	det1=true
[8532]	93	100	-43	-2	-8	-2	det1=true
[8533]	93	100	-45	-2	-8	2	det1=true
[8534]	95	100	-34	-31	-4	-7	det1=true
[8535]	95	100	-41	-31	-4	7	det1=true
[8536]	97	100	-21	-3	-9	-2	det1=true
[8537]	97	100	-23	-3	-9	2	det1=true
[8538]	98	100	-23	-8	-9	2	det1=true
[8539]	100	100	-45	-43	-2	-7	det1=true
[8540]	100	100	-52	-43	-2	7	det1=true
[8541]	34	97	-9	-6	-5	-2	det1=true
[8542]	69	97	-32	-12	-2	7	det1=true
[8543]	77	97	-30	-26	-6	-4	det1=true
[8544]	77	97	-34	-26	-6	4	det1=true
[8545]	89	97	-34	-30	-7	-3	det1=true
[8546]	89	97	-37	-30	-7	3	det1=true
[8547]	90	97	-38	-35	-2	-7	det1=true
[8548]	90	97	-45	-35	-2	7	det1=true
[8549]	59	98	-7	1	-7	-2	det1=true
[8550]	59	98	-9	1	-7	2	det1=true
[8551]	67	98	-31	-8	-6	4	det1=true
[8552]	68	98	-34	-3	-6	4	det1=true
[8553]	68	98	-29	-4	-4	-6	det1=true
[8554]	68	98	-35	-4	-4	6	det1=true
[8555]	68	98	-24	-13	-2	-7	det1=true
[8556]	68	98	-31	-13	-2	7	det1=true
[8557]	80	98	-21	-14	-7	-4	det1=true
[8558]	80	98	-19	-17	-1	-8	det1=true
[8559]	80	98	-27	-17	-1	8	det1=true
[8560]	81	98	-25	-9	-4	-7	det1=true
[8561]	81	98	-32	-9	-4	7	det1=true
[8562]	86	98	-36	-33	-2	-7	det1=true
[8563]	86	98	-43	-33	-2	7	det1=true
[8564]	88	98	-21	-10	-3	-8	det1=true
[8565]	88	98	-29	-10	-3	8	det1=true
[8566]	90	98	-32	-13	-2	-8	det1=true
[8567]	92	98	-35	-21	-4	-7	det1=true
[8568]	92	98	-42	-21	-4	7	det1=true
[8569]	92	98	-23	-19	-3	-8	det1=true
[8570]	92	98	-31	-19	-3	8	det1=true
[8571]	96	98	-27	-23	-8	-3	det1=true
[8572]	96	98	-30	-23	-8	3	det1=true
[8573]	97	98	-37	-34	-5	-6	det1=true
[8574]	57	99	-13	-5	-7	-1	det1=true
[8575]	57	99	-14	-5	-7	1	det1=true
[8576]	59	99	-23	-8	-1	7	det1=true
[8577]	65	99	-15	2	-7	3	det1=true
[8578]	67	99	-16	0	-3	-7	det1=true
[8579]	72	99	-11	-3	-7	4	det1=true
[8580]	74	99	-15	-5	-8	-1	det1=true
[8581]	74	99	-16	-5	-8	1	det1=true
[8582]	79	99	-22	-12	-2	8	det1=true
[8583]	87	99	-19	-9	-5	-7	det1=true
[8584]	88	99	-35	-13	-4	-7	det1=true
[8585]	88	99	-26	-21	-2	-8	det1=true
[8586]	88	99	-34	-21	-2	8	det1=true
[8587]	89	99	-37	-16	-8	-1	det1=true
[8588]	91	99	-39	-5	-8	-2	det1=true
[8589]	91	99	-41	-5	-8	2	det1=true
[8590]	95	99	-45	-28	-7	-3	det1=true
[8591]	95	99	-48	-28	-7	3	det1=true
[8592]	95	99	-31	-13	-5	-7	det1=true
[8593]	95	99	-38	-13	-5	7	det1=true
[8594]	97	99	-18	2	-7	-6	det1=true
[8595]	97	99	-24	2	-7	6	det1=true
[8596]	98	99	-44	-19	-4	-7	det1=true
[8597]	98	99	-51	-19	-4	7	det1=true
[8598]	44	100	-13	-12	-1	-6	det1=true
[8599]	47	100	-14	-9	-2	-6	det1=true
[8600]	47	100	-20	-9	-2	6	det1=true
[8601]	61	100	-17	-8	-7	2	det1=true
[8602]	63	100	-25	0	-7	2	det1=true
[8603]	81	100	-23	-10	-8	-2	det1=true
[8604]	81	100	-25	-10	-8	2	det1=true
[8605]	85	100	-38	-33	-6	-4	det1=true
[8606]	85	100	-42	-33	-6	4	det1=true
[8607]	88	100	-27	-7	-8	-3	det1=true
[8608]	88	100	-30	-7	-8	3	det1=true
[8609]	97	100	-46	-21	-8	1	det1=true
[8610]	98	100	-21	-8	-9	-2	det1=true
[8611]	31	97	-9	-8	-1	-5	det1=true
[8612]	31	97	-14	-8	-1	5	det1=true
[8613]	36	97	-17	-4	-5	-2	det1=true
[8614]	36	97	-19	-4	-5	2	det1=true
[8615]	57	97	-10	-2	-7	-1	det1=true
[8616]	57	97	-11	-2	-7	1	det1=true
[8617]	63	97	-19	-15	-7	-1	det1=true
[8618]	63	97	-20	-15	-7	1	det1=true
[8619]	81	97	-32	-29	-7	-2	det1=true
[8620]	83	97	-43	-14	-3	7	det1=true
[8621]	91	97	-42	-21	-3	-7	det1=true
[8622]	91	97	-49	-21	-3	7	det1=true
[8623]	93	97	-41	-4	-4	-7	det1=true
[8624]	93	97	-48	-4	-4	7	det1=true
[8625]	95	97	-35	0	-8	-3	det1=true
[8626]	95	97	-38	0	-8	3	det1=true
[8627]	97	97	-23	0	-9	-1	det1=true
[8628]	59	98	-10	-1	-4	-6	det1=true
[8629]	59	98	-16	-1	-4	6	det1=true
[8630]	77	98	-9	-6	-2	-8	det1=true
[8631]	77	98	-17	-6	-2	8	det1=true
[8632]	80	98	-25	-14	-7	4	det1=true
[8633]	86	98	-25	1	-8	3	det1=true
[8634]	91	98	-27	-8	-3	-8	det1=true
[8635]	94	98	-43	-10	-7	-4	det1=true
[8636]	94	98	-47	-10	-7	4	det1=true
[8637]	95	98	-9	1	-7	-6	det1=true
[8638]	95	98	-15	1	-7	6	det1=true
[8639]	97	98	-43	-34	-5	6	det1=true
[8640]	50	99	-19	-7	-5	-4	det1=true
[8641]	50	99	-23	-7	-5	4	det1=true
[8642]	67	99	-15	-7	-7	-3	det1=true
[8643]	67	99	-18	-7	-7	3	det1=true
[8644]	71	99	-35	-16	-7	-1	det1=true
[8645]	71	99	-36	-16	-7	1	det1=true
[8646]	72	99	-7	-3	-7	-4	det1=true
[8647]	83	99	-8	-8	-5	-7	det1=true
[8648]	83	99	-15	-8	-5	7	det1=true
[8649]	85	99	-18	-1	-7	-5	det1=true
[8650]	88	99	-42	-13	-4	7	det1=true
[8651]	89	99	-35	-16	-4	-7	det1=true
[8652]	90	99	-39	-7	-1	-8	det1=true
[8653]	90	99	-47	-7	-1	8	det1=true
[8654]	57	100	-25	-21	-5	-4	det1=true
[8655]	57	100	-29	-21	-5	4	det1=true
[8656]	79	100	-26	-3	-4	-7	det1=true
[8657]	79	100	-33	-3	-4	7	det1=true
[8658]	80	100	-35	-28	-7	-2	det1=true
[8659]	80	100	-37	-28	-7	2	det1=true
[8660]	81	100	-31	1	-7	-4	det1=true
[8661]	82	100	-33	-33	-2	-7	det1=true
[8662]	82	100	-40	-33	-2	7	det1=true
[8663]	85	100	-30	-3	-2	-8	det1=true
[8664]	85	100	-38	-3	-2	8	det1=true
[8665]	85	100	-26	-23	-4	-7	det1=true
[8666]	85	100	-33	-23	-4	7	det1=true
[8667]	88	100	-39	-19	-5	-6	det1=true
[8668]	88	100	-45	-19	-5	6	det1=true
[8669]	91	100	-33	-26	-7	-4	det1=true
[8670]	91	100	-37	-26	-7	4	det1=true
[8671]	97	100	-45	-21	-8	-1	det1=true
[8672]	64	97	-21	0	-7	-2	det1=true
[8673]	64	97	-23	0	-7	2	det1=true
[8674]	83	97	-36	-14	-3	-7	det1=true
[8675]	84	97	-29	-10	-7	-4	det1=true
[8676]	84	97	-33	-10	-7	4	det1=true
[8677]	84	97	-23	-19	-4	-7	det1=true
[8678]	84	97	-30	-19	-4	7	det1=true
[8679]	84	97	-25	-8	-8	-2	det1=true
[8680]	84	97	-27	-8	-8	2	det1=true
[8681]	85	97	-38	-15	-3	-7	det1=true
[8682]	85	97	-45	-15	-3	7	det1=true
[8683]	88	97	-33	-14	-7	-4	det1=true
[8684]	88	97	-37	-14	-7	4	det1=true
[8685]	97	97	-11	-2	-2	-9	det1=true
[8686]	97	97	-20	-2	-2	9	det1=true
[8687]	91	98	-25	-13	-3	-8	det1=true
[8688]	91	98	-33	-13	-3	8	det1=true
[8689]	59	99	-15	-10	-1	-7	det1=true
[8690]	59	99	-22	-10	-1	7	det1=true
[8691]	87	99	-26	-9	-5	7	det1=true
[8692]	88	99	-29	-18	-8	-2	det1=true
[8693]	88	99	-31	-18	-8	2	det1=true
[8694]	41	100	-7	-3	-1	-6	det1=true
[8695]	41	100	-13	-3	-1	6	det1=true
[8696]	43	100	-13	-7	-1	-6	det1=true
[8697]	43	100	-19	-7	-1	6	det1=true
[8698]	46	100	-15	-1	-5	4	det1=true
[8699]	52	100	-18	-17	-4	-5	det1=true
[8700]	52	100	-23	-17	-4	5	det1=true
[8701]	83	100	-23	-7	-3	8	det1=true
[8702]	97	100	-42	-23	-4	-7	det1=true
[8703]	97	100	-49	-23	-4	7	det1=true
[8704]	65	97	-3	-2	-3	-7	det1=true
[8705]	65	97	-10	-2	-3	7	det1=true
[8706]	80	97	-28	-13	-6	-5	det1=true
[8707]	80	97	-33	-13	-6	5	det1=true
[8708]	97	97	-40	-16	-8	-2	det1=true
[8709]	97	97	-42	-16	-8	2	det1=true
[8710]	63	98	-18	1	-2	-7	det1=true
[8711]	81	98	-35	-27	-7	-2	det1=true
[8712]	81	98	-37	-27	-7	2	det1=true
[8713]	45	99	-11	3	-6	-2	det1=true
[8714]	45	99	-13	3	-6	2	det1=true
[8715]	63	99	-19	-18	-1	-7	det1=true
[8716]	63	99	-26	-18	-1	7	det1=true
[8717]	75	99	-30	-10	-7	-3	det1=true
[8718]	75	99	-33	-10	-7	3	det1=true
[8719]	85	99	-37	2	-8	-1	det1=true
[8720]	85	99	-38	2	-8	1	det1=true
[8721]	46	100	-14	1	-2	-6	det1=true
[8722]	46	100	-20	1	-2	6	det1=true
[8723]	94	100	-35	-2	-3	-8	det1=true
[8724]	94	100	-43	-2	-3	8	det1=true
[8725]	46	97	-4	1	-4	-5	det1=true
[8726]	46	97	-9	1	-4	5	det1=true
[8727]	80	97	-31	-5	-6	-5	det1=true
[8728]	74	98	-27	-24	-7	-2	det1=true
[8729]	86	98	-13	-15	-3	-8	det1=true
[8730]	86	98	-21	-15	-3	8	det1=true
[8731]	89	98	-29	-24	-7	-4	det1=true
[8732]	89	98	-33	-24	-7	4	det1=true
[8733]	59	99	-28	-8	-6	-3	det1=true
[8734]	59	99	-31	-8	-6	3	det1=true
[8735]	65	99	-10	0	-3	-7	det1=true
[8736]	65	99	-17	0	-3	7	det1=true
[8737]	94	99	-7	-3	-6	-7	det1=true
[8738]	94	99	-14	-3	-6	7	det1=true
[8739]	58	100	-11	2	-4	-6	det1=true
[8740]	81	100	-29	-11	-8	-1	det1=true
[8741]	81	100	-30	-11	-8	1	det1=true
[8742]	85	100	-33	0	-8	-2	det1=true
[8743]	85	100	-35	0	-8	2	det1=true
[8744]	84	97	-37	-28	-7	-2	det1=true
[8745]	84	97	-39	-28	-7	2	det1=true
[8746]	95	97	-13	-8	-1	-9	det1=true
[8747]	95	97	-22	-8	-1	9	det1=true
[8748]	71	98	-17	1	-6	-5	det1=true
[8749]	71	98	-22	1	-6	5	det1=true
[8750]	91	98	-29	-7	-8	-3	det1=true
[8751]	91	98	-32	-7	-8	3	det1=true
[8752]	96	99	-17	0	-9	-2	det1=true
[8753]	96	99	-19	0	-9	2	det1=true
[8754]	46	100	-10	-3	-4	-5	det1=true
[8755]	46	100	-15	-3	-4	5	det1=true
[8756]	47	100	-16	-7	-6	-2	det1=true
[8757]	47	100	-18	-7	-6	2	det1=true
[8758]	50	100	-17	-16	-2	-6	det1=true
[8759]	50	100	-23	-16	-2	6	det1=true
[8760]	77	100	-31	-16	-5	6	det1=true
[8761]	83	100	-15	-7	-3	-8	det1=true
[8762]	43	97	-13	2	-6	-1	det1=true
[8763]	43	97	-14	2	-6	1	det1=true
[8764]	85	97	-17	-2	-8	-3	det1=true
[8765]	85	97	-20	-2	-8	3	det1=true
[8766]	58	98	-6	-1	-6	-4	det1=true
[8767]	58	98	-10	-1	-6	4	det1=true
[8768]	31	99	-12	-7	-1	-5	det1=true
[8769]	31	99	-17	-7	-1	5	det1=true
[8770]	31	99	-12	-8	-5	-1	det1=true
[8771]	31	99	-13	-8	-5	1	det1=true
[8772]	72	99	-7	-1	-1	-8	det1=true
[8773]	72	99	-15	-1	-1	8	det1=true
[8774]	46	100	-9	-5	-4	-5	det1=true
[8775]	46	100	-14	-5	-4	5	det1=true
[8776]	77	100	-25	-16	-5	-6	det1=true
[8777]	93	97	-44	-2	-8	-1	det1=true
[8778]	97	97	-12	0	-6	-7	det1=true
[8779]	97	97	-19	0	-6	7	det1=true
[8780]	71	99	-19	-15	-3	-7	det1=true
[8781]	71	99	-26	-15	-3	7	det1=true
[8782]	95	99	-12	-1	-7	-6	det1=true
[8783]	95	99	-18	-1	-7	6	det1=true
[8784]	87	99	-43	-33	-7	-1	det1=true
[8785]	59	100	-24	-17	-6	-3	det1=true
[8786]	76	98	-36	-17	-6	-4	det1=true
[8787]	76	98	-40	-17	-6	4	det1=true
[8788]	67	99	-13	-9	-3	-7	det1=true
[8789]	67	99	-20	-9	-3	7	det1=true
[8790]	98	99	-19	-3	-6	-7	det1=true
[8791]	98	99	-26	-3	-6	7	det1=true
[8792]	97	98	-13	-6	-7	-6	det1=true
[8793]	97	98	-19	-6	-7	6	det1=true
[8794]	99	99	-8	-6	-8	-5	det1=true
[8795]	77	97	-29	-27	-4	-6	det1=true
[8796]	87	99	-40	-36	-1	-7	det1=true
[8797]	87	99	-47	-36	-1	7	det1=true
[8798]	97	99	-43	-33	-3	-7	det1=true
[8799]	77	97	-35	-27	-4	6	det1=true
[8800]	97	99	-50	-33	-3	7	det1=true
[8801]	98	100	-19	-9	-7	-6	det1=true
[8802]	98	100	-25	-9	-7	6	det1=true
[8803]	57	97	-7	-5	-1	-7	det1=true
[8804]	57	97	-14	-5	-1	7	det1=true
[8805]	50	99	-15	-13	-4	-5	det1=true
[8806]	50	99	-20	-13	-4	5	det1=true
[8807]	99	99	-40	-30	-8	-1	det1=true
[8808]	71	99	-32	-19	-1	-7	det1=true
[8809]	71	99	-39	-19	-1	7	det1=true
[8810]	78	97	-37	-18	-6	-4	det1=true
[8811]	78	97	-41	-18	-6	4	det1=true
[8812]	99	99	-44	-12	-2	-8	det1=true
[8813]	99	99	-52	-12	-2	8	det1=true
[8814]	75	99	-28	-12	-3	-7	det1=true
[8815]	75	99	-35	-12	-3	7	det1=true
[8816]	92	100	-35	3	-8	-3	det1=true
[8817]	92	100	-38	3	-8	3	det1=true
[8818]	11	101	-4	-1	-1	-3	det1=true
[8819]	11	101	-7	-1	-1	3	det1=true
[8820]	93	101	-43	-39	-6	-4	det1=true
[8821]	93	101	-47	-39	-6	4	det1=true
[8822]	11	101	-4	-2	-3	-1	det1=true
[8823]	11	101	-5	-2	-3	1	det1=true
[8824]	14	101	-2	1	-2	-3	det1=true
[8825]	14	101	-5	1	-2	3	det1=true
[8826]	65	101	-27	-17	-7	-1	det1=true
[8827]	65	101	-28	-17	-7	1	det1=true
[8828]	84	101	-26	-15	-2	-8	det1=true
[8829]	84	101	-34	-15	-2	8	det1=true
[8830]	94	101	-45	-38	-6	-4	det1=true
[8831]	94	101	-49	-38	-6	4	det1=true
[8832]	98	101	-36	-21	-8	-3	det1=true
[8833]	44	102	-5	-2	-5	-4	det1=true
[8834]	44	102	-9	-2	-5	4	det1=true
[8835]	46	102	-19	-15	-6	-1	det1=true
[8836]	46	102	-20	-15	-6	1	det1=true
[8837]	60	103	-22	3	-6	-4	det1=true
[8838]	60	103	-26	3	-6	4	det1=true
[8839]	77	103	-34	-2	-6	-5	det1=true
[8840]	97	103	-43	-8	-8	-3	det1=true
[8841]	97	103	-46	-8	-8	3	det1=true
[8842]	54	104	-26	-21	-6	-2	det1=true
[8843]	54	104	-28	-21	-6	2	det1=true
[8844]	100	104	-24	-19	-6	-7	det1=true
[8845]	100	104	-31	-19	-6	7	det1=true
[8846]	101	104	-33	-6	-5	8	det1=true
[8847]	11	101	-5	0	-3	-1	det1=true
[8848]	11	101	-6	0	-3	1	det1=true
[8849]	11	101	-3	-3	-1	-3	det1=true
[8850]	11	101	-6	-3	-1	3	det1=true
[8851]	28	101	-10	1	-4	-3	det1=true
[8852]	28	101	-13	1	-4	3	det1=true
[8853]	32	101	-12	-3	-2	5	det1=true
[8854]	44	101	-3	2	-5	-4	det1=true
[8855]	44	101	-7	2	-5	4	det1=true
[8856]	47	101	-12	-9	-5	-4	det1=true
[8857]	47	101	-16	-9	-5	4	det1=true
[8858]	63	101	-26	-13	-7	-1	det1=true
[8859]	63	101	-27	-13	-7	1	det1=true
[8860]	70	101	-32	-23	-4	6	det1=true
[8861]	74	101	-25	-9	-6	-5	det1=true
[8862]	74	101	-30	-9	-6	5	det1=true
[8863]	75	101	-24	-14	-5	-6	det1=true
[8864]	76	101	-24	-17	-6	-5	det1=true
[8865]	76	101	-29	-17	-6	5	det1=true
[8866]	80	101	-35	-7	-6	-5	det1=true
[8867]	80	101	-40	-7	-6	5	det1=true
[8868]	89	101	-36	-33	-7	-3	det1=true
[8869]	89	101	-39	-33	-7	3	det1=true
[8870]	93	101	-42	-16	-1	-8	det1=true
[8871]	93	101	-50	-16	-1	8	det1=true
[8872]	95	101	-12	-11	-7	-6	det1=true
[8873]	98	101	-23	-3	-6	-7	det1=true
[8874]	98	101	-30	-3	-6	7	det1=true
[8875]	100	101	-27	-8	-9	-2	det1=true
[8876]	100	101	-29	-8	-9	2	det1=true
[8877]	101	101	-20	-20	-2	-9	det1=true
[8878]	37	102	-13	-8	-4	-4	det1=true
[8879]	37	102	-17	-8	-4	4	det1=true
[8880]	74	102	-17	-10	-7	-4	det1=true
[8881]	74	102	-21	-10	-7	4	det1=true
[8882]	40	103	-11	3	-6	-1	det1=true
[8883]	40	103	-12	3	-6	1	det1=true
[8884]	60	103	-21	2	-4	-6	det1=true
[8885]	60	103	-27	2	-4	6	det1=true
[8886]	61	103	-18	-11	-7	-2	det1=true
[8887]	61	103	-20	-11	-7	2	det1=true
[8888]	65	103	-8	2	-5	-6	det1=true
[8889]	65	103	-6	-4	-6	-5	det1=true
[8890]	65	103	-11	-4	-6	5	det1=true
[8891]	68	103	-23	-3	-5	6	det1=true
[8892]	71	103	-32	-20	-4	-6	det1=true
[8893]	71	103	-38	-20	-4	6	det1=true
[8894]	77	103	-39	-2	-6	5	det1=true
[8895]	79	103	-36	-6	-6	-5	det1=true
[8896]	79	103	-41	-6	-6	5	det1=true
[8897]	80	103	-25	-19	-7	-4	det1=true
[8898]	80	103	-29	-19	-7	4	det1=true
[8899]	80	103	-23	-22	-1	-8	det1=true
[8900]	80	103	-31	-22	-1	8	det1=true
[8901]	88	103	-26	-17	-8	-3	det1=true
[8902]	88	103	-29	-17	-8	3	det1=true
[8903]	89	103	-15	-5	-9	-1	det1=true
[8904]	89	103	-16	-5	-9	1	det1=true
[8905]	90	103	-6	1	-2	-9	det1=true
[8906]	90	103	-15	1	-2	9	det1=true
[8907]	91	103	-29	-16	-5	-7	det1=true
[8908]	91	103	-36	-16	-5	7	det1=true
[8909]	94	103	-43	-29	-5	-6	det1=true
[8910]	94	103	-49	-29	-5	6	det1=true
[8911]	18	104	-5	-1	-4	-1	det1=true
[8912]	18	104	-6	-1	-4	1	det1=true
[8913]	32	104	-13	0	-5	-2	det1=true
[8914]	56	104	-9	0	-7	-2	det1=true
[8915]	56	104	-11	0	-7	2	det1=true
[8916]	76	104	-29	-15	-5	-6	det1=true
[8917]	76	104	-35	-15	-5	6	det1=true
[8918]	77	104	-21	-10	-8	-2	det1=true
[8919]	77	104	-23	-10	-8	2	det1=true
[8920]	86	104	-39	-9	-1	-8	det1=true
[8921]	86	104	-47	-9	-1	8	det1=true
[8922]	92	104	-41	-25	-8	-1	det1=true
[8923]	92	104	-42	-25	-8	1	det1=true
[8924]	96	104	-14	-7	-8	-5	det1=true
[8925]	96	104	-19	-7	-8	5	det1=true
[8926]	104	104	-36	-3	-2	-9	det1=true
[8927]	104	104	-45	-3	-2	9	det1=true
[8928]	104	104	-37	-4	-7	-6	det1=true
[8929]	104	104	-43	-4	-7	6	det1=true
[8930]	32	101	-7	-4	-5	-2	det1=true
[8931]	35	101	-13	-12	-2	-5	det1=true
[8932]	35	101	-18	-12	-2	5	det1=true
[8933]	45	101	-18	-2	-2	6	det1=true
[8934]	54	101	-21	-20	-5	-4	det1=true
[8935]	54	101	-25	-20	-5	4	det1=true
[8936]	57	101	-4	-1	-7	-2	det1=true
[8937]	57	101	-6	-1	-7	2	det1=true
[8938]	63	101	-20	-11	-7	-2	det1=true
[8939]	63	101	-22	-11	-7	2	det1=true
[8940]	70	101	-26	-23	-4	-6	det1=true
[8941]	74	101	-20	-3	-8	-1	det1=true
[8942]	74	101	-21	-3	-8	1	det1=true
[8943]	81	101	-27	-17	-2	8	det1=true
[8944]	83	101	-30	-14	-4	-7	det1=true
[8945]	83	101	-37	-14	-4	7	det1=true
[8946]	85	101	-39	-14	-6	-5	det1=true
[8947]	85	101	-44	-14	-6	5	det1=true
[8948]	86	101	-39	-7	-8	-1	det1=true
[8949]	86	101	-40	-7	-8	1	det1=true
[8950]	91	101	-44	-26	-7	-3	det1=true
[8951]	91	101	-47	-26	-7	3	det1=true
[8952]	91	101	-42	-28	-3	-7	det1=true
[8953]	91	101	-49	-28	-3	7	det1=true
[8954]	92	101	-41	-39	-2	-7	det1=true
[8955]	92	101	-48	-39	-2	7	det1=true
[8956]	95	101	-14	-10	-9	-2	det1=true
[8957]	98	101	-39	-37	-5	-6	det1=true
[8958]	98	101	-45	-37	-5	6	det1=true
[8959]	100	101	-31	-9	-7	6	det1=true
[8960]	29	102	-15	-7	-4	3	det1=true
[8961]	48	102	-21	-2	-2	-6	det1=true
[8962]	48	102	-27	-2	-2	6	det1=true
[8963]	57	102	-9	2	-7	-2	det1=true
[8964]	57	102	-11	2	-7	2	det1=true
[8965]	59	102	-13	-7	-7	-2	det1=true
[8966]	59	102	-15	-7	-7	2	det1=true
[8967]	62	102	-22	-9	-6	-4	det1=true
[8968]	63	102	-22	-7	-2	-7	det1=true
[8969]	69	102	-25	-22	-7	-2	det1=true
[8970]	69	102	-27	-22	-7	2	det1=true
[8971]	71	102	-13	0	-7	-4	det1=true
[8972]	71	102	-17	0	-7	4	det1=true
[8973]	71	102	-12	-5	-8	-1	det1=true
[8974]	71	102	-13	-5	-8	1	det1=true
[8975]	71	102	-9	-7	-4	-7	det1=true
[8976]	71	102	-16	-7	-4	7	det1=true
[8977]	73	102	-19	3	-7	-4	det1=true
[8978]	73	102	-23	3	-7	4	det1=true
[8979]	74	102	-21	-5	-8	-1	det1=true
[8980]	74	102	-22	-5	-8	1	det1=true
[8981]	80	102	-23	-12	-8	-2	det1=true
[8982]	80	102	-25	-12	-8	2	det1=true
[8983]	80	102	-20	-15	-2	-8	det1=true
[8984]	80	102	-28	-15	-2	8	det1=true
[8985]	84	102	-35	-6	-1	-8	det1=true
[8986]	84	102	-43	-6	-1	8	det1=true
[8987]	84	102	-38	-5	-8	-1	det1=true
[8988]	84	102	-39	-5	-8	1	det1=true
[8989]	90	102	-1	3	-6	-7	det1=true
[8990]	90	102	-8	3	-6	7	det1=true
[8991]	93	102	-44	-27	-4	7	det1=true
[8992]	97	102	-41	0	-3	-8	det1=true
[8993]	97	102	-49	0	-3	8	det1=true
[8994]	97	102	-35	-21	-3	-8	det1=true
[8995]	98	102	-47	-41	-7	-2	det1=true
[8996]	98	102	-49	-41	-7	2	det1=true
[8997]	102	102	-54	-23	-2	8	det1=true
[8998]	33	103	-14	0	-2	-5	det1=true
[8999]	33	103	-19	0	-2	5	det1=true
[9000]	70	103	-9	-5	-4	-7	det1=true
[9001]	71	103	-31	1	-7	-3	det1=true
[9002]	71	103	-34	1	-7	3	det1=true
[9003]	71	103	-29	-1	-3	-7	det1=true
[9004]	71	103	-36	-1	-3	7	det1=true
[9005]	71	103	-16	-2	-8	-1	det1=true
[9006]	71	103	-17	-2	-8	1	det1=true
[9007]	77	103	-34	-17	-7	-3	det1=true
[9008]	79	103	-10	1	-7	-5	det1=true
[9009]	79	103	-15	1	-7	5	det1=true
[9010]	82	103	-35	-5	-7	-4	det1=true
[9011]	82	103	-39	-5	-7	4	det1=true
[9012]	86	103	-29	-20	-2	-8	det1=true
[9013]	86	103	-37	-20	-2	8	det1=true
[9014]	87	103	-40	-6	-4	-7	det1=true
[9015]	87	103	-47	-6	-4	7	det1=true
[9016]	88	103	-39	-14	-1	-8	det1=true
[9017]	88	103	-47	-14	-1	8	det1=true
[9018]	89	103	-11	-9	-1	-9	det1=true
[9019]	89	103	-20	-9	-1	9	det1=true
[9020]	90	103	-43	-12	-7	-4	det1=true
[9021]	90	103	-47	-12	-7	4	det1=true
[9022]	90	103	-37	-23	-4	-7	det1=true
[9023]	90	103	-44	-23	-4	7	det1=true
[9024]	91	103	-41	-40	-2	-7	det1=true
[9025]	91	103	-30	-15	-7	-5	det1=true
[9026]	91	103	-35	-15	-7	5	det1=true
[9027]	91	103	-22	-1	-9	-1	det1=true
[9028]	96	103	-11	-6	-5	-8	det1=true
[9029]	96	103	-19	-6	-5	8	det1=true
[9030]	97	103	-39	-18	-8	-3	det1=true
[9031]	97	103	-42	-18	-8	3	det1=true
[9032]	29	104	-14	-7	-4	-3	det1=true
[9033]	44	104	-10	1	-4	-5	det1=true
[9034]	44	104	-15	1	-4	5	det1=true
[9035]	48	104	-19	-9	-5	-4	det1=true
[9036]	57	104	-11	-5	-7	-2	det1=true
[9037]	57	104	-13	-5	-7	2	det1=true
[9038]	61	104	-23	-4	-7	-2	det1=true
[9039]	61	104	-25	-4	-7	2	det1=true
[9040]	61	104	-20	-13	-6	-4	det1=true
[9041]	61	104	-24	-13	-6	4	det1=true
[9042]	75	104	-23	-21	-6	-5	det1=true
[9043]	76	104	-23	4	-8	-2	det1=true
[9044]	76	104	-25	4	-8	2	det1=true
[9045]	83	104	-36	-21	-6	-5	det1=true
[9046]	93	104	-5	-1	-8	-5	det1=true
[9047]	93	104	-10	-1	-8	5	det1=true
[9048]	94	104	-21	-7	-9	-2	det1=true
[9049]	94	104	-23	-7	-9	2	det1=true
[9050]	95	104	-43	-32	-5	-6	det1=true
[9051]	95	104	-49	-32	-5	6	det1=true
[9052]	101	104	-5	3	-9	-4	det1=true
[9053]	101	104	-9	3	-9	4	det1=true
[9054]	102	104	-48	-23	-2	-8	det1=true
[9055]	104	104	-41	-17	-2	9	det1=true
[9056]	32	101	-9	0	-5	-2	det1=true
[9057]	32	101	-11	0	-5	2	det1=true
[9058]	33	101	-11	-4	-2	-5	det1=true
[9059]	33	101	-16	-4	-2	5	det1=true
[9060]	37	101	-6	1	-3	-5	det1=true
[9061]	39	101	-15	1	-5	-3	det1=true
[9062]	41	101	-6	-8	-1	-6	det1=true
[9063]	41	101	-12	-8	-1	6	det1=true
[9064]	48	101	-18	-1	-4	-5	det1=true
[9065]	48	101	-23	-1	-4	5	det1=true
[9066]	50	101	-9	-6	-3	-6	det1=true
[9067]	55	101	-10	-4	-7	-1	det1=true
[9068]	61	101	-17	-11	-6	-4	det1=true
[9069]	61	101	-21	-11	-6	4	det1=true
[9070]	61	101	-16	-12	-4	-6	det1=true
[9071]	61	101	-22	-12	-4	6	det1=true
[9072]	63	101	-9	2	-7	-3	det1=true
[9073]	63	101	-12	2	-7	3	det1=true
[9074]	67	101	-8	-6	-5	-6	det1=true
[9075]	67	101	-14	-6	-5	6	det1=true
[9076]	69	101	-27	-25	-1	-7	det1=true
[9077]	69	101	-34	-25	-1	7	det1=true
[9078]	70	101	-27	-22	-6	-4	det1=true
[9079]	72	101	-13	-3	-7	-4	det1=true
[9080]	72	101	-17	-3	-7	4	det1=true
[9081]	73	101	-31	-28	-7	-1	det1=true
[9082]	73	101	-32	-28	-7	1	det1=true
[9083]	75	101	-19	-6	-4	-7	det1=true
[9084]	75	101	-26	-6	-4	7	det1=true
[9085]	77	101	-36	-24	-6	-4	det1=true
[9086]	77	101	-40	-24	-6	4	det1=true
[9087]	79	101	-6	-2	-3	-8	det1=true
[9088]	79	101	-14	-2	-3	8	det1=true
[9089]	79	101	1	2	-7	-5	det1=true
[9090]	79	101	-4	2	-7	5	det1=true
[9091]	80	101	-33	-12	-5	-6	det1=true
[9092]	87	101	-34	-3	-3	8	det1=true
[9093]	90	101	-40	-5	-8	-2	det1=true
[9094]	90	101	-42	-5	-8	2	det1=true
[9095]	93	101	-35	0	-7	-5	det1=true
[9096]	93	101	-40	0	-7	5	det1=true
[9097]	95	101	-27	3	-9	-1	det1=true
[9098]	95	101	-28	3	-9	1	det1=true
[9099]	95	101	-16	-10	-9	2	det1=true
[9100]	97	101	-43	-10	-7	5	det1=true
[9101]	98	101	-31	-5	-2	9	det1=true
[9102]	99	101	-24	-7	-7	-6	det1=true
[9103]	99	101	-30	-7	-7	6	det1=true
[9104]	99	101	-13	-5	-9	-3	det1=true
[9105]	99	101	-16	-5	-9	3	det1=true
[9106]	101	101	-42	-32	-7	-4	det1=true
[9107]	101	101	-46	-32	-7	4	det1=true
[9108]	101	101	-40	-35	-1	-8	det1=true
[9109]	101	101	-48	-35	-1	8	det1=true
[9110]	101	101	-21	-18	-6	-7	det1=true
[9111]	101	101	-28	-18	-6	7	det1=true
[9112]	31	102	-5	2	-5	-2	det1=true
[9113]	31	102	-7	2	-5	2	det1=true
[9114]	71	102	-31	-19	-7	-2	det1=true
[9115]	71	102	-33	-19	-7	2	det1=true
[9116]	75	102	-17	-13	-4	-7	det1=true
[9117]	75	102	-24	-13	-4	7	det1=true
[9118]	82	102	-18	-11	-8	3	det1=true
[9119]	88	102	-29	-3	-3	-8	det1=true
[9120]	88	102	-37	-3	-3	8	det1=true
[9121]	88	102	-23	-18	-3	-8	det1=true
[9122]	88	102	-31	-18	-3	8	det1=true
[9123]	93	102	-10	-9	-6	-7	det1=true
[9124]	93	102	-17	-9	-6	7	det1=true
[9125]	100	102	-42	-17	-8	-3	det1=true
[9126]	100	102	-45	-17	-8	3	det1=true
[9127]	101	102	-19	-11	-5	-8	det1=true
[9128]	101	102	-27	-11	-5	8	det1=true
[9129]	41	103	-14	-2	-6	-1	det1=true
[9130]	41	103	-15	-2	-6	1	det1=true
[9131]	43	103	0	0	-4	-5	det1=true
[9132]	43	103	-5	0	-4	5	det1=true
[9133]	45	103	-17	3	-6	-2	det1=true
[9134]	45	103	-19	3	-6	2	det1=true
[9135]	55	103	-26	-22	-6	-2	det1=true
[9136]	55	103	-28	-22	-6	2	det1=true
[9137]	57	103	-18	-4	-1	-7	det1=true
[9138]	57	103	-25	-4	-1	7	det1=true
[9139]	58	103	-15	-6	-6	-4	det1=true
[9140]	58	103	-19	-6	-6	4	det1=true
[9141]	60	103	-13	-13	-2	-7	det1=true
[9142]	60	103	-20	-13	-2	7	det1=true
[9143]	61	103	-23	-15	-7	-1	det1=true
[9144]	61	103	-24	-15	-7	1	det1=true
[9145]	61	103	-2	0	-3	-7	det1=true
[9146]	61	103	-1	-2	-3	-7	det1=true
[9147]	61	103	-8	-2	-3	7	det1=true
[9148]	63	103	-12	-4	-7	-3	det1=true
[9149]	63	103	-15	-4	-7	3	det1=true
[9150]	65	103	-14	2	-5	6	det1=true
[9151]	68	103	-17	-3	-5	-6	det1=true
[9152]	69	103	-8	2	-7	-4	det1=true
[9153]	69	103	-12	2	-7	4	det1=true
[9154]	70	103	-22	-3	-6	-5	det1=true
[9155]	70	103	-27	-3	-6	5	det1=true
[9156]	76	103	-26	-7	-8	-1	det1=true
[9157]	76	103	-27	-7	-8	1	det1=true
[9158]	76	103	-23	-9	-4	-7	det1=true
[9159]	76	103	-30	-9	-4	7	det1=true
[9160]	76	103	-18	-17	-4	-7	det1=true
[9161]	76	103	-25	-17	-4	7	det1=true
[9162]	77	103	-38	-9	-5	6	det1=true
[9163]	78	103	-21	-8	-2	-8	det1=true
[9164]	78	103	-29	-8	-2	8	det1=true
[9165]	79	103	-24	-4	-2	-8	det1=true
[9166]	79	103	-32	-4	-2	8	det1=true
[9167]	82	103	-37	-14	-5	-6	det1=true
[9168]	82	103	-43	-14	-5	6	det1=true
[9169]	86	103	-33	-29	-6	-5	det1=true
[9170]	86	103	-38	-29	-6	5	det1=true
[9171]	86	103	-19	-20	-3	-8	det1=true
[9172]	86	103	-27	-20	-3	8	det1=true
[9173]	91	103	-48	-40	-2	7	det1=true
[9174]	96	103	-14	-1	-8	-5	det1=true
[9175]	96	103	-19	-1	-8	5	det1=true
[9176]	97	103	-48	-42	-7	2	det1=true
[9177]	97	103	-33	-24	-7	-5	det1=true
[9178]	97	103	-38	-24	-7	5	det1=true
[9179]	97	103	-16	2	-5	-8	det1=true
[9180]	97	103	-24	2	-5	8	det1=true
[9181]	99	103	-25	-6	-8	5	det1=true
[9182]	101	103	-70	-18	-6	-3	det1=true
[9183]	103	103	-33	-21	-9	-1	det1=true
[9184]	103	103	-8	-3	-9	-4	det1=true
[9185]	103	103	-12	-3	-9	4	det1=true
[9186]	32	104	-15	0	-5	2	det1=true
[9187]	49	104	-20	-15	-2	-6	det1=true
[9188]	49	104	-26	-15	-2	6	det1=true
[9189]	53	104	-24	-21	-6	-2	det1=true
[9190]	53	104	-26	-21	-6	2	det1=true
[9191]	53	104	-22	-23	-2	-6	det1=true
[9192]	53	104	-28	-23	-2	6	det1=true
[9193]	60	104	-13	-15	-2	-7	det1=true
[9194]	60	104	-20	-15	-2	7	det1=true
[9195]	68	104	-3	-3	-4	-7	det1=true
[9196]	68	104	-10	-3	-4	7	det1=true
[9197]	69	104	-6	-7	-4	-7	det1=true
[9198]	69	104	-13	-7	-4	7	det1=true
[9199]	71	104	-13	-9	-1	-8	det1=true
[9200]	71	104	-21	-9	-1	8	det1=true
[9201]	72	104	-28	-27	-2	-7	det1=true
[9202]	72	104	-35	-27	-2	7	det1=true
[9203]	72	104	-19	-3	-7	-4	det1=true
[9204]	72	104	-23	-3	-7	4	det1=true
[9205]	75	104	-32	-3	-6	-5	det1=true
[9206]	75	104	-37	-3	-6	5	det1=true
[9207]	77	104	-25	-23	-5	-6	det1=true
[9208]	78	104	-27	4	-8	-2	det1=true
[9209]	78	104	-29	4	-8	2	det1=true
[9210]	78	104	-11	-3	-3	-8	det1=true
[9211]	78	104	-19	-3	-3	8	det1=true
[9212]	80	104	-25	-2	-3	8	det1=true
[9213]	82	104	-35	-1	-1	-8	det1=true
[9214]	82	104	-43	-1	-1	8	det1=true
[9215]	93	104	-6	1	-8	-5	det1=true
[9216]	93	104	-11	1	-8	5	det1=true
[9217]	94	104	-28	-1	-6	7	det1=true
[9218]	98	104	-19	-6	-5	-8	det1=true
[9219]	100	104	-23	-21	-2	-9	det1=true
[9220]	100	104	-32	-21	-2	9	det1=true
[9221]	101	104	-25	-6	-5	-8	det1=true
[9222]	104	104	-63	-32	-7	2	det1=true
[9223]	104	104	-44	-1	-6	7	det1=true
[9224]	32	101	-7	-3	-2	-5	det1=true
[9225]	32	101	-9	-4	-5	2	det1=true
[9226]	43	101	-3	-1	-6	-2	det1=true
[9227]	43	101	-5	-1	-6	2	det1=true
[9228]	44	101	-15	-11	-1	-6	det1=true
[9229]	44	101	-21	-11	-1	6	det1=true
[9230]	45	101	-7	-4	-4	-5	det1=true
[9231]	45	101	-12	-4	-4	5	det1=true
[9232]	48	101	-22	-5	-4	5	det1=true
[9233]	58	101	-7	-5	-2	-7	det1=true
[9234]	58	101	-14	-5	-2	7	det1=true
[9235]	63	101	-23	-16	-1	-7	det1=true
[9236]	63	101	-30	-16	-1	7	det1=true
[9237]	63	101	-7	0	-3	-7	det1=true
[9238]	65	101	-28	0	-7	-2	det1=true
[9239]	65	101	-30	0	-7	2	det1=true
[9240]	65	101	-13	-5	-3	-7	det1=true
[9241]	65	101	-20	-5	-3	7	det1=true
[9242]	68	101	-31	-8	-7	-2	det1=true
[9243]	68	101	-33	-8	-7	2	det1=true
[9244]	70	101	-19	-1	-5	-6	det1=true
[9245]	70	101	-25	-1	-5	6	det1=true
[9246]	73	101	-25	-17	-7	-3	det1=true
[9247]	73	101	-28	-17	-7	3	det1=true
[9248]	74	101	-10	-1	-8	-2	det1=true
[9249]	75	101	-29	0	-6	-5	det1=true
[9250]	75	101	-34	0	-6	5	det1=true
[9251]	80	101	-39	-12	-5	6	det1=true
[9252]	81	101	-19	-17	-2	-8	det1=true
[9253]	83	101	-40	-22	-7	3	det1=true
[9254]	84	101	-35	-7	-7	-4	det1=true
[9255]	84	101	-39	-7	-7	4	det1=true
[9256]	84	101	-31	-15	-4	-7	det1=true
[9257]	84	101	-38	-15	-4	7	det1=true
[9258]	84	101	-29	-12	-8	-2	det1=true
[9259]	84	101	-31	-12	-8	2	det1=true
[9260]	86	101	-29	-23	-4	-7	det1=true
[9261]	86	101	-36	-23	-4	7	det1=true
[9262]	87	101	-36	-13	-1	-8	det1=true
[9263]	87	101	-44	-13	-1	8	det1=true
[9264]	87	101	-25	2	-5	-7	det1=true
[9265]	87	101	-32	2	-5	7	det1=true
[9266]	87	101	-24	-5	-5	-7	det1=true
[9267]	87	101	-31	-5	-5	7	det1=true
[9268]	89	101	-16	-4	-1	9	det1=true
[9269]	89	101	-6	-6	-1	-9	det1=true
[9270]	89	101	-15	-6	-1	9	det1=true
[9271]	91	101	-2	2	-6	-7	det1=true
[9272]	91	101	-9	2	-6	7	det1=true
[9273]	95	101	-22	-7	-1	-9	det1=true
[9274]	96	101	-43	-21	-4	-7	det1=true
[9275]	97	101	-43	-26	-8	-1	det1=true
[9276]	97	101	-22	0	-7	-6	det1=true
[9277]	98	101	-41	-11	-8	-3	det1=true
[9278]	98	101	-44	-11	-8	3	det1=true
[9279]	101	101	-28	-19	-9	-1	det1=true
[9280]	101	101	-29	-19	-9	1	det1=true
[9281]	101	101	-24	-23	-1	-9	det1=true
[9282]	101	101	-33	-23	-1	9	det1=true
[9283]	101	101	-16	-12	-5	-8	det1=true
[9284]	63	102	-29	-7	-2	7	det1=true
[9285]	64	102	-25	-1	-2	-7	det1=true
[9286]	64	102	-32	-1	-2	7	det1=true
[9287]	70	102	-10	-1	-8	-1	det1=true
[9288]	70	102	-11	-1	-8	1	det1=true
[9289]	72	102	-36	-23	-2	7	det1=true
[9290]	73	102	-13	-11	-4	-7	det1=true
[9291]	73	102	-20	-11	-4	7	det1=true
[9292]	74	102	-18	-7	-4	-7	det1=true
[9293]	74	102	-25	-7	-4	7	det1=true
[9294]	74	102	-15	-13	-1	-8	det1=true
[9295]	74	102	-23	-13	-1	8	det1=true
[9296]	75	102	-21	-4	-1	-8	det1=true
[9297]	76	102	-17	-6	-8	-2	det1=true
[9298]	77	102	-27	-17	-5	-6	det1=true
[9299]	77	102	-33	-17	-5	6	det1=true
[9300]	78	102	-26	-7	-4	-7	det1=true
[9301]	78	102	-33	-7	-4	7	det1=true
[9302]	78	102	-21	-8	-8	-2	det1=true
[9303]	78	102	-23	-8	-8	2	det1=true
[9304]	80	102	-27	-13	-4	-7	det1=true
[9305]	80	102	-34	-13	-4	7	det1=true
[9306]	82	102	-15	-11	-8	-3	det1=true
[9307]	89	102	-35	-23	-1	-8	det1=true
[9308]	89	102	-43	-23	-1	8	det1=true
[9309]	93	102	-37	-27	-4	-7	det1=true
[9310]	94	102	-30	-23	-8	-3	det1=true
[9311]	94	102	-33	-23	-8	3	det1=true
[9312]	99	102	-45	-32	-2	8	det1=true
[9313]	102	102	-45	-31	-7	-4	det1=true
[9314]	28	103	-11	-3	-3	-4	det1=true
[9315]	28	103	-15	-3	-3	4	det1=true
[9316]	29	103	-11	-1	-1	-5	det1=true
[9317]	29	103	-16	-1	-1	5	det1=true
[9318]	37	103	-8	-5	-5	-3	det1=true
[9319]	37	103	-11	-5	-5	3	det1=true
[9320]	37	103	-7	-6	-3	-5	det1=true
[9321]	37	103	-12	-6	-3	5	det1=true
[9322]	45	103	-15	1	-2	-6	det1=true
[9323]	45	103	-21	1	-2	6	det1=true
[9324]	52	103	-21	3	-6	-3	det1=true
[9325]	52	103	-24	3	-6	3	det1=true
[9326]	55	103	-24	-24	-2	-6	det1=true
[9327]	55	103	-30	-24	-2	6	det1=true
[9328]	58	103	-15	1	-7	-2	det1=true
[9329]	58	103	-17	1	-7	2	det1=true
[9330]	59	103	-22	-10	-7	-1	det1=true
[9331]	59	103	-23	-10	-7	1	det1=true
[9332]	77	103	-37	-17	-7	3	det1=true
[9333]	77	103	-32	-9	-5	-6	det1=true
[9334]	79	103	-36	-4	-5	-6	det1=true
[9335]	79	103	-42	-4	-5	6	det1=true
[9336]	79	103	-9	0	-5	-7	det1=true
[9337]	79	103	-16	0	-5	7	det1=true
[9338]	81	103	-34	-3	-7	-4	det1=true
[9339]	81	103	-32	-10	-7	-4	det1=true
[9340]	81	103	-36	-10	-7	4	det1=true
[9341]	82	103	-25	-24	-1	-8	det1=true
[9342]	82	103	-33	-24	-1	8	det1=true
[9343]	86	103	-38	1	-8	-2	det1=true
[9344]	86	103	-40	1	-8	2	det1=true
[9345]	89	103	-31	1	-5	-7	det1=true
[9346]	89	103	-38	1	-5	7	det1=true
[9347]	89	103	1	2	-6	-7	det1=true
[9348]	89	103	-6	2	-6	7	det1=true
[9349]	91	103	-36	-6	-8	-3	det1=true
[9350]	91	103	-39	-6	-8	3	det1=true
[9351]	91	103	-32	-13	-3	-8	det1=true
[9352]	91	103	-40	-13	-3	8	det1=true
[9353]	92	103	-33	-14	-3	-8	det1=true
[9354]	92	103	-41	-14	-3	8	det1=true
[9355]	97	103	-46	-42	-7	-2	det1=true
[9356]	97	103	-42	-29	-1	-8	det1=true
[9357]	97	103	-50	-29	-1	8	det1=true
[9358]	97	103	-32	-25	-5	-7	det1=true
[9359]	97	103	-39	-25	-5	7	det1=true
[9360]	97	103	-28	-14	-9	-1	det1=true
[9361]	97	103	-29	-14	-9	1	det1=true
[9362]	98	103	-25	-7	-2	-9	det1=true
[9363]	98	103	-34	-7	-2	9	det1=true
[9364]	99	103	-24	-14	-2	-9	det1=true
[9365]	99	103	-33	-14	-2	9	det1=true
[9366]	99	103	-20	-6	-8	-5	det1=true
[9367]	99	103	-19	-8	-8	-5	det1=true
[9368]	99	103	-24	-8	-8	5	det1=true
[9369]	100	103	-29	-11	-9	-2	det1=true
[9370]	100	103	-31	-11	-9	2	det1=true
[9371]	103	103	-40	-7	-9	-1	det1=true
[9372]	103	103	-41	-7	-9	1	det1=true
[9373]	41	104	-15	-3	-6	-1	det1=true
[9374]	41	104	-16	-3	-6	1	det1=true
[9375]	42	104	-15	-7	-1	-6	det1=true
[9376]	42	104	-21	-7	-1	6	det1=true
[9377]	44	104	-13	-2	-2	-6	det1=true
[9378]	44	104	-19	-2	-2	6	det1=true
[9379]	49	104	-22	-13	-6	-2	det1=true
[9380]	49	104	-24	-13	-6	2	det1=true
[9381]	61	104	-19	-14	-4	-6	det1=true
[9382]	61	104	-25	-14	-4	6	det1=true
[9383]	68	104	-7	-1	-8	1	det1=true
[9384]	70	104	-23	-3	-5	-6	det1=true
[9385]	70	104	-29	-3	-5	6	det1=true
[9386]	70	104	-17	-15	-5	-6	det1=true
[9387]	70	104	-23	-15	-5	6	det1=true
[9388]	75	104	-34	-27	-6	-4	det1=true
[9389]	75	104	-19	-15	-4	-7	det1=true
[9390]	75	104	-26	-15	-4	7	det1=true
[9391]	76	104	-20	1	-2	-8	det1=true
[9392]	76	104	-28	1	-2	8	det1=true
[9393]	77	104	-7	-3	-3	-8	det1=true
[9394]	77	104	-15	-3	-3	8	det1=true
[9395]	78	104	-24	1	-2	-8	det1=true
[9396]	78	104	-32	1	-2	8	det1=true
[9397]	80	104	-33	-6	-7	-4	det1=true
[9398]	80	104	-37	-6	-7	4	det1=true
[9399]	80	104	-31	-9	-1	-8	det1=true
[9400]	80	104	-39	-9	-1	8	det1=true
[9401]	88	104	-34	-1	-8	-3	det1=true
[9402]	88	104	-37	-1	-8	3	det1=true
[9403]	88	104	-26	-19	-8	-3	det1=true
[9404]	88	104	-29	-19	-8	3	det1=true
[9405]	93	104	-37	-26	-8	-2	det1=true
[9406]	93	104	-39	-26	-8	2	det1=true
[9407]	94	104	-19	-7	-2	-9	det1=true
[9408]	94	104	-28	-7	-2	9	det1=true
[9409]	94	104	-17	-11	-6	-7	det1=true
[9410]	94	104	-24	-11	-6	7	det1=true
[9411]	96	104	-53	-21	-4	7	det1=true
[9412]	104	104	-37	-1	-6	-7	det1=true
[9413]	104	104	-39	-3	-9	-2	det1=true
[9414]	104	104	-41	-3	-9	2	det1=true
[9415]	21	101	-8	-8	-3	-3	det1=true
[9416]	30	101	-13	-9	-3	-4	det1=true
[9417]	30	101	-17	-9	-3	4	det1=true
[9418]	37	101	-7	2	-5	-3	det1=true
[9419]	39	101	-14	0	-3	-5	det1=true
[9420]	39	101	-19	0	-3	5	det1=true
[9421]	47	101	-14	-6	-5	-4	det1=true
[9422]	47	101	-18	-6	-5	4	det1=true
[9423]	56	101	-4	-1	-6	-4	det1=true
[9424]	56	101	-8	-1	-6	4	det1=true
[9425]	56	101	-3	-2	-4	-6	det1=true
[9426]	65	101	-24	-20	-1	-7	det1=true
[9427]	65	101	-31	-20	-1	7	det1=true
[9428]	65	101	-15	-3	-7	-3	det1=true
[9429]	65	101	-18	-3	-7	3	det1=true
[9430]	65	101	-12	-8	-7	-3	det1=true
[9431]	68	101	-29	-9	-2	-7	det1=true
[9432]	68	101	-36	-9	-2	7	det1=true
[9433]	69	101	-30	-22	-7	-1	det1=true
[9434]	69	101	-31	-22	-7	1	det1=true
[9435]	70	101	-31	-22	-6	4	det1=true
[9436]	74	101	-12	-1	-8	2	det1=true
[9437]	77	101	-36	-29	-7	-1	det1=true
[9438]	77	101	-37	-29	-7	1	det1=true
[9439]	82	101	-31	-21	-5	-6	det1=true
[9440]	82	101	-37	-21	-5	6	det1=true
[9441]	84	101	-34	-13	-8	-1	det1=true
[9442]	84	101	-35	-13	-8	1	det1=true
[9443]	87	101	-38	-10	-7	-4	det1=true
[9444]	87	101	-42	-10	-7	4	det1=true
[9445]	87	101	-26	-3	-3	-8	det1=true
[9446]	87	101	-24	-7	-7	-5	det1=true
[9447]	87	101	-29	-7	-7	5	det1=true
[9448]	87	101	-20	-14	-7	-5	det1=true
[9449]	87	101	-25	-14	-7	5	det1=true
[9450]	87	101	-19	-15	-5	-7	det1=true
[9451]	87	101	-26	-15	-5	7	det1=true
[9452]	89	101	-34	-35	-3	-7	det1=true
[9453]	89	101	-41	-35	-3	7	det1=true
[9454]	92	101	-15	3	-6	7	det1=true
[9455]	93	101	-34	-1	-5	-7	det1=true
[9456]	93	101	-41	-1	-5	7	det1=true
[9457]	96	101	-46	-19	-8	-1	det1=true
[9458]	96	101	-47	-19	-8	1	det1=true
[9459]	97	101	-26	-5	-1	-9	det1=true
[9460]	97	101	-29	-5	-9	-1	det1=true
[9461]	97	101	-30	-5	-9	1	det1=true
[9462]	97	101	-25	-9	-1	-9	det1=true
[9463]	97	101	-34	-9	-1	9	det1=true
[9464]	100	101	-25	-9	-7	-6	det1=true
[9465]	31	102	-2	-3	-2	-5	det1=true
[9466]	31	102	-7	-3	-2	5	det1=true
[9467]	45	102	-7	-7	-4	-5	det1=true
[9468]	45	102	-12	-7	-4	5	det1=true
[9469]	50	102	-23	-5	-5	-4	det1=true
[9470]	50	102	-19	-13	-5	-4	det1=true
[9471]	50	102	-23	-13	-5	4	det1=true
[9472]	51	102	-23	-16	-5	4	det1=true
[9473]	61	102	-19	-1	-2	-7	det1=true
[9474]	65	102	-3	-2	-5	-6	det1=true
[9475]	65	102	-9	-2	-5	6	det1=true
[9476]	71	102	-11	-3	-1	-8	det1=true
[9477]	71	102	-19	-3	-1	8	det1=true
[9478]	72	102	-29	-23	-2	-7	det1=true
[9479]	75	102	-23	-1	-7	-4	det1=true
[9480]	75	102	-27	-1	-7	4	det1=true
[9481]	76	102	-19	-14	-7	-4	det1=true
[9482]	76	102	-23	-14	-7	4	det1=true
[9483]	76	102	-19	-6	-8	2	det1=true
[9484]	78	102	-29	-5	-8	-1	det1=true
[9485]	78	102	-30	-5	-8	1	det1=true
[9486]	78	102	-25	-10	-1	-8	det1=true
[9487]	79	102	-28	3	-8	2	det1=true
[9488]	83	102	-29	-6	-2	-8	det1=true
[9489]	83	102	-37	-6	-2	8	det1=true
[9490]	84	102	-37	-3	-7	-4	det1=true
[9491]	84	102	-41	-3	-7	4	det1=true
[9492]	84	102	-37	-19	-4	7	det1=true
[9493]	85	102	-40	-1	-8	-1	det1=true
[9494]	85	102	-41	-1	-8	1	det1=true
[9495]	91	102	-39	-41	-2	-7	det1=true
[9496]	91	102	-46	-41	-2	7	det1=true
[9497]	91	102	-37	-24	-7	-4	det1=true
[9498]	91	102	-41	-24	-7	4	det1=true
[9499]	91	102	-36	-11	-8	3	det1=true
[9500]	95	102	-38	-25	-8	-2	det1=true
[9501]	95	102	-40	-25	-8	2	det1=true
[9502]	95	102	-35	-28	-2	-8	det1=true
[9503]	95	102	-43	-28	-2	8	det1=true
[9504]	97	102	-11	-7	-8	-5	det1=true
[9505]	98	102	-17	-1	-8	-5	det1=true
[9506]	98	102	-22	-1	-8	5	det1=true
[9507]	99	102	-37	-32	-2	-8	det1=true
[9508]	102	102	-43	-34	-1	-8	det1=true
[9509]	18	103	-4	1	-4	-1	det1=true
[9510]	18	103	-5	1	-4	1	det1=true
[9511]	18	103	-3	-1	-4	-1	det1=true
[9512]	18	103	-4	-1	-4	1	det1=true
[9513]	31	103	-4	-4	-2	-5	det1=true
[9514]	45	103	-12	-2	-5	-4	det1=true
[9515]	45	103	-16	-2	-5	4	det1=true
[9516]	54	103	-24	-19	-4	-5	det1=true
[9517]	54	103	-29	-19	-4	5	det1=true
[9518]	61	103	-22	-3	-7	-2	det1=true
[9519]	61	103	-9	0	-3	7	det1=true
[9520]	70	103	-17	-13	-6	-5	det1=true
[9521]	70	103	-22	-13	-6	5	det1=true
[9522]	71	103	-27	-10	-3	-7	det1=true
[9523]	71	103	-34	-10	-3	7	det1=true
[9524]	79	103	-9	-2	-7	-5	det1=true
[9525]	79	103	-14	-2	-7	5	det1=true
[9526]	81	103	-38	-3	-7	4	det1=true
[9527]	82	103	-33	-8	-1	-8	det1=true
[9528]	82	103	-41	-8	-1	8	det1=true
[9529]	82	103	-27	-21	-7	-4	det1=true
[9530]	82	103	-31	-21	-7	4	det1=true
[9531]	86	103	-27	-4	-3	-8	det1=true
[9532]	87	103	-29	-28	-4	-7	det1=true
[9533]	87	103	-36	-28	-4	7	det1=true
[9534]	90	103	-7	3	-6	-7	det1=true
[9535]	90	103	-14	3	-6	7	det1=true
[9536]	91	103	-43	-24	-6	-5	det1=true
[9537]	91	103	-48	-24	-6	5	det1=true
[9538]	93	103	-33	-14	-5	-7	det1=true
[9539]	93	103	-40	-14	-5	7	det1=true
[9540]	94	103	-26	-1	-6	7	det1=true
[9541]	94	103	-3	-4	-5	-8	det1=true
[9542]	94	103	-11	-4	-5	8	det1=true
[9543]	95	103	-21	-2	-6	-7	det1=true
[9544]	95	103	-28	-2	-6	7	det1=true
[9545]	95	103	-20	-4	-2	-9	det1=true
[9546]	95	103	-29	-4	-2	9	det1=true
[9547]	97	103	-39	-12	-5	-7	det1=true
[9548]	97	103	-46	-12	-5	7	det1=true
[9549]	98	103	-26	-1	-2	-9	det1=true
[9550]	98	103	-35	-1	-2	9	det1=true
[9551]	99	103	-32	-12	-6	7	det1=true
[9552]	100	103	-18	-13	-8	-5	det1=true
[9553]	100	103	-23	-13	-8	5	det1=true
[9554]	103	103	-29	-25	-1	-9	det1=true
[9555]	103	103	-38	-25	-1	9	det1=true
[9556]	47	104	-18	-5	-4	-5	det1=true
[9557]	47	104	-23	-5	-4	5	det1=true
[9558]	48	104	-23	-9	-5	4	det1=true
[9559]	68	104	-6	-1	-8	-1	det1=true
[9560]	69	104	-9	-1	-1	-8	det1=true
[9561]	69	104	-17	-1	-1	8	det1=true
[9562]	69	104	-9	-5	-8	-1	det1=true
[9563]	71	104	-14	-9	-8	-1	det1=true
[9564]	71	104	-15	-9	-8	1	det1=true
[9565]	75	104	-38	-27	-6	4	det1=true
[9566]	77	104	-29	-3	-7	-4	det1=true
[9567]	77	104	-33	-3	-7	4	det1=true
[9568]	77	104	-31	-23	-5	6	det1=true
[9569]	77	104	-22	-1	-2	-8	det1=true
[9570]	77	104	-30	-1	-2	8	det1=true
[9571]	77	104	-13	1	-8	3	det1=true
[9572]	84	104	-41	-32	-7	-2	det1=true
[9573]	84	104	-31	-22	-1	-8	det1=true
[9574]	84	104	-39	-22	-1	8	det1=true
[9575]	85	104	-25	-10	-3	-8	det1=true
[9576]	89	104	-33	-3	-3	-8	det1=true
[9577]	89	104	-41	-3	-3	8	det1=true
[9578]	90	104	-39	-22	-1	-8	det1=true
[9579]	90	104	-47	-22	-1	8	det1=true
[9580]	95	104	-13	-3	-8	-5	det1=true
[9581]	95	104	-18	-3	-8	5	det1=true
[9582]	97	104	-14	-11	-8	-5	det1=true
[9583]	97	104	-19	-11	-8	5	det1=true
[9584]	98	104	-27	-8	-7	-6	det1=true
[9585]	98	104	-21	-3	-8	-5	det1=true
[9586]	98	104	-26	-3	-8	5	det1=true
[9587]	99	104	-25	-15	-6	-7	det1=true
[9588]	99	104	-32	-15	-6	7	det1=true
[9589]	101	104	-21	-15	-8	-5	det1=true
[9590]	101	104	-26	-15	-8	5	det1=true
[9591]	102	104	-27	-5	-5	-8	det1=true
[9592]	102	104	-35	-5	-5	8	det1=true
[9593]	103	104	-11	-5	-9	-4	det1=true
[9594]	103	104	-15	-5	-9	4	det1=true
[9595]	104	104	-58	-27	-4	7	det1=true
[9596]	104	104	-32	-17	-2	-9	det1=true
[9597]	104	104	-17	3	-9	-4	det1=true
[9598]	104	104	-21	3	-9	4	det1=true
[9599]	45	101	-12	-2	-2	-6	det1=true
[9600]	48	101	-17	-5	-4	-5	det1=true
[9601]	55	101	-11	-4	-7	1	det1=true
[9602]	56	101	-9	-2	-4	6	det1=true
[9603]	65	101	-15	-8	-7	3	det1=true
[9604]	71	101	-27	-22	-2	-7	det1=true
[9605]	71	101	-34	-22	-2	7	det1=true
[9606]	73	101	-30	1	-3	-7	det1=true
[9607]	73	101	-37	1	-3	7	det1=true
[9608]	74	101	-7	-4	-2	-8	det1=true
[9609]	74	101	-15	-4	-2	8	det1=true
[9610]	77	101	-24	-2	-4	-7	det1=true
[9611]	77	101	-31	-2	-4	7	det1=true
[9612]	78	101	-35	-26	-7	-2	det1=true
[9613]	78	101	-37	-26	-7	2	det1=true
[9614]	83	101	-37	-22	-7	-3	det1=true
[9615]	83	101	-33	-12	-8	-1	det1=true
[9616]	83	101	-34	-12	-8	1	det1=true
[9617]	83	101	-23	-24	-4	-7	det1=true
[9618]	83	101	-30	-24	-4	7	det1=true
[9619]	86	101	-24	-9	-8	-3	det1=true
[9620]	89	101	-7	-4	-1	-9	det1=true
[9621]	89	101	-10	-2	-9	-1	det1=true
[9622]	89	101	-11	-2	-9	1	det1=true
[9623]	94	101	-23	-10	-4	-8	det1=true
[9624]	94	101	-31	-10	-4	8	det1=true
[9625]	95	101	-31	-7	-1	9	det1=true
[9626]	97	101	-40	-28	-4	-7	det1=true
[9627]	97	101	-47	-28	-4	7	det1=true
[9628]	97	101	-38	-10	-7	-5	det1=true
[9629]	97	101	-35	-5	-1	9	det1=true
[9630]	98	101	-33	-25	-8	-3	det1=true
[9631]	98	101	-36	-25	-8	3	det1=true
[9632]	98	101	-22	-5	-2	-9	det1=true
[9633]	99	101	-41	-8	-7	-5	det1=true
[9634]	99	101	-46	-8	-7	5	det1=true
[9635]	78	102	-27	-7	-7	-4	det1=true
[9636]	78	102	-31	-7	-7	4	det1=true
[9637]	78	102	-33	-10	-1	8	det1=true
[9638]	79	102	-26	3	-8	-2	det1=true
[9639]	79	102	-12	1	-8	-3	det1=true
[9640]	79	102	-15	1	-8	3	det1=true
[9641]	89	102	-37	-20	-7	-4	det1=true
[9642]	89	102	-41	-20	-7	4	det1=true
[9643]	89	102	-17	-2	-4	-8	det1=true
[9644]	91	102	-34	-23	-8	-2	det1=true
[9645]	91	102	-36	-23	-8	2	det1=true
[9646]	91	102	-33	-11	-8	-3	det1=true
[9647]	93	102	-9	-11	-2	-9	det1=true
[9648]	93	102	-18	-11	-2	9	det1=true
[9649]	94	102	-45	-8	-8	-2	det1=true
[9650]	94	102	-47	-8	-8	2	det1=true
[9651]	96	102	-46	-21	-8	-1	det1=true
[9652]	96	102	-47	-21	-8	1	det1=true
[9653]	96	102	-25	-3	-9	2	det1=true
[9654]	102	102	-51	-34	-1	8	det1=true
[9655]	31	103	-9	-4	-2	5	det1=true
[9656]	61	103	-3	0	-7	-3	det1=true
[9657]	61	103	-6	0	-7	3	det1=true
[9658]	69	103	-14	-1	-1	8	det1=true
[9659]	71	103	-29	-8	-7	-3	det1=true
[9660]	71	103	-32	-8	-7	3	det1=true
[9661]	71	103	-24	-16	-3	-7	det1=true
[9662]	71	103	-31	-16	-3	7	det1=true
[9663]	73	103	-20	-2	-7	-4	det1=true
[9664]	73	103	-24	-2	-7	4	det1=true
[9665]	86	103	-25	-13	-8	-3	det1=true
[9666]	86	103	-28	-13	-8	3	det1=true
[9667]	100	103	-27	-12	-7	-6	det1=true
[9668]	100	103	-33	-12	-7	6	det1=true
[9669]	103	103	-34	-21	-9	1	det1=true
[9670]	26	104	-1	1	-3	-4	det1=true
[9671]	26	104	-5	1	-3	4	det1=true
[9672]	33	104	-13	-8	-5	-2	det1=true
[9673]	33	104	-15	-8	-5	2	det1=true
[9674]	41	104	-13	-4	-1	-6	det1=true
[9675]	41	104	-19	-4	-1	6	det1=true
[9676]	50	104	-23	-10	-5	-4	det1=true
[9677]	50	104	-27	-10	-5	4	det1=true
[9678]	65	104	-27	-14	-4	-6	det1=true
[9679]	65	104	-33	-14	-4	6	det1=true
[9680]	72	104	-11	0	-8	-2	det1=true
[9681]	73	104	-19	-7	-4	-7	det1=true
[9682]	73	104	-26	-7	-4	7	det1=true
[9683]	77	104	-27	-6	-1	-8	det1=true
[9684]	77	104	-35	-6	-1	8	det1=true
[9685]	80	104	-17	-2	-3	-8	det1=true
[9686]	85	104	-27	-2	-3	-8	det1=true
[9687]	89	104	-38	-21	-4	-7	det1=true
[9688]	89	104	-45	-21	-4	7	det1=true
[9689]	90	104	-9	-4	-7	-6	det1=true
[9690]	91	104	-11	-7	-2	-9	det1=true
[9691]	91	104	-20	-7	-2	9	det1=true
[9692]	94	104	-19	-8	-7	-6	det1=true
[9693]	94	104	-25	-8	-7	6	det1=true
[9694]	95	104	-42	-7	-8	-3	det1=true
[9695]	97	104	-17	-5	-5	-8	det1=true
[9696]	97	104	-25	-5	-5	8	det1=true
[9697]	98	104	-27	-6	-5	8	det1=true
[9698]	99	104	-46	-27	-4	-7	det1=true
[9699]	102	104	-84	1	-2	-5	det1=true
[9700]	102	104	-89	1	-2	5	det1=true
[9701]	102	104	-29	-1	-8	-5	det1=true
[9702]	102	104	-34	-1	-8	5	det1=true
[9703]	44	101	-17	-7	-1	-6	det1=true
[9704]	44	101	-23	-7	-1	6	det1=true
[9705]	58	101	-11	2	-7	-2	det1=true
[9706]	70	101	-13	-13	-5	-6	det1=true
[9707]	70	101	-19	-13	-5	6	det1=true
[9708]	83	101	-38	-10	-6	-5	det1=true
[9709]	83	101	-43	-10	-6	5	det1=true
[9710]	92	101	-8	3	-6	-7	det1=true
[9711]	93	101	-44	-13	-7	-4	det1=true
[9712]	93	101	-48	-13	-7	4	det1=true
[9713]	93	101	-42	-40	-4	-6	det1=true
[9714]	93	101	-48	-40	-4	6	det1=true
[9715]	95	101	-46	-26	-4	7	det1=true
[9716]	95	101	-32	-1	-1	9	det1=true
[9717]	97	101	-44	-26	-8	1	det1=true
[9718]	101	101	-24	-12	-5	8	det1=true
[9719]	60	102	-28	-17	-6	-3	det1=true
[9720]	61	102	-26	-1	-2	7	det1=true
[9721]	78	102	-18	-11	-2	-8	det1=true
[9722]	78	102	-26	-11	-2	8	det1=true
[9723]	84	102	-43	-35	-2	7	det1=true
[9724]	84	102	-33	-17	-8	-1	det1=true
[9725]	84	102	-34	-17	-8	1	det1=true
[9726]	84	102	-30	-19	-4	-7	det1=true
[9727]	94	102	-40	-17	-2	-8	det1=true
[9728]	94	102	-48	-17	-2	8	det1=true
[9729]	96	102	-21	-4	-7	-6	det1=true
[9730]	96	102	-27	-4	-7	6	det1=true
[9731]	97	102	-16	-7	-8	5	det1=true
[9732]	102	102	-77	0	-6	-2	det1=true
[9733]	102	102	-79	0	-6	2	det1=true
[9734]	45	103	-14	-6	-5	4	det1=true
[9735]	55	103	-3	-3	-4	-6	det1=true
[9736]	55	103	-9	-3	-4	6	det1=true
[9737]	58	103	-14	-7	-4	-6	det1=true
[9738]	64	103	-1	1	-5	-6	det1=true
[9739]	64	103	-7	1	-5	6	det1=true
[9740]	67	103	-27	-24	-7	-1	det1=true
[9741]	67	103	-28	-24	-7	1	det1=true
[9742]	76	103	-19	-6	-8	-2	det1=true
[9743]	76	103	-21	-6	-8	2	det1=true
[9744]	78	103	-24	-5	-8	-2	det1=true
[9745]	78	103	-26	-5	-8	2	det1=true
[9746]	79	103	-35	-31	-4	-6	det1=true
[9747]	79	103	-41	-31	-4	6	det1=true
[9748]	79	103	-36	-29	-7	-2	det1=true
[9749]	79	103	-38	-29	-7	2	det1=true
[9750]	79	103	-31	-18	-6	-5	det1=true
[9751]	79	103	-36	-18	-6	5	det1=true
[9752]	81	103	-34	-34	-2	-7	det1=true
[9753]	81	103	-41	-34	-2	7	det1=true
[9754]	87	103	-27	-5	-5	-7	det1=true
[9755]	87	103	-34	-5	-5	7	det1=true
[9756]	88	103	-41	-11	-7	-4	det1=true
[9757]	88	103	-45	-11	-7	4	det1=true
[9758]	90	103	-40	-21	-8	-1	det1=true
[9759]	90	103	-41	-21	-8	1	det1=true
[9760]	91	103	-37	-37	-3	-7	det1=true
[9761]	91	103	-44	-37	-3	7	det1=true
[9762]	93	103	-26	-27	-3	-8	det1=true
[9763]	93	103	-34	-27	-3	8	det1=true
[9764]	94	103	-33	-21	-8	-3	det1=true
[9765]	94	103	-36	-21	-8	3	det1=true
[9766]	94	103	-19	-1	-6	-7	det1=true
[9767]	97	103	-40	-11	-7	-5	det1=true
[9768]	97	103	-45	-11	-7	5	det1=true
[9769]	97	103	-24	-18	-1	-9	det1=true
[9770]	97	103	-33	-18	-1	9	det1=true
[9771]	99	103	-25	-12	-6	-7	det1=true
[9772]	99	103	-20	-3	-5	-8	det1=true
[9773]	99	103	-28	-3	-5	8	det1=true
[9774]	99	103	-17	-8	-9	-3	det1=true
[9775]	99	103	-20	-8	-9	3	det1=true
[9776]	100	103	-42	-33	-4	-7	det1=true
[9777]	100	103	-49	-33	-4	7	det1=true
[9778]	40	104	-12	-1	-6	-1	det1=true
[9779]	40	104	-13	-1	-6	1	det1=true
[9780]	44	104	-15	0	-6	-2	det1=true
[9781]	44	104	-17	0	-6	2	det1=true
[9782]	55	104	-7	-2	-4	-6	det1=true
[9783]	55	104	-13	-2	-4	6	det1=true
[9784]	59	104	-17	-1	-2	-7	det1=true
[9785]	59	104	-24	-1	-2	7	det1=true
[9786]	69	104	-10	-5	-8	1	det1=true
[9787]	77	104	-10	1	-8	-3	det1=true
[9788]	84	104	-33	-19	-7	-4	det1=true
[9789]	84	104	-37	-19	-7	4	det1=true
[9790]	85	104	-35	-2	-3	8	det1=true
[9791]	91	104	-12	-5	-6	-7	det1=true
[9792]	94	104	-21	-1	-6	-7	det1=true
[9793]	94	104	-20	-3	-2	-9	det1=true
[9794]	94	104	-29	-3	-2	9	det1=true
[9795]	97	104	-43	-35	-6	-5	det1=true
[9796]	97	104	-48	-35	-6	5	det1=true
[9797]	98	104	-33	-8	-7	6	det1=true
[9798]	99	104	-33	-17	-2	9	det1=true
[9799]	100	104	-45	-10	-3	-8	det1=true
[9800]	100	104	-53	-10	-3	8	det1=true
[9801]	58	101	-13	2	-7	2	det1=true
[9802]	70	101	-7	1	-8	-1	det1=true
[9803]	70	101	-8	1	-8	1	det1=true
[9804]	73	101	-32	3	-7	-3	det1=true
[9805]	73	101	-35	3	-7	3	det1=true
[9806]	77	101	-40	-32	-1	7	det1=true
[9807]	84	101	-33	-10	-1	-8	det1=true
[9808]	84	101	-41	-10	-1	8	det1=true
[9809]	86	101	-27	-9	-8	3	det1=true
[9810]	87	101	-23	-8	-5	-7	det1=true
[9811]	87	101	-30	-8	-5	7	det1=true
[9812]	95	101	-23	-1	-1	-9	det1=true
[9813]	99	101	-10	-8	-3	-9	det1=true
[9814]	99	101	-19	-8	-3	9	det1=true
[9815]	50	102	-22	-7	-4	-5	det1=true
[9816]	50	102	-27	-7	-4	5	det1=true
[9817]	65	102	-23	-15	-7	-2	det1=true
[9818]	65	102	-25	-15	-7	2	det1=true
[9819]	82	102	-17	-6	-3	-8	det1=true
[9820]	82	102	-25	-6	-3	8	det1=true
[9821]	84	102	-36	-35	-2	-7	det1=true
[9822]	91	102	-35	-27	-1	-8	det1=true
[9823]	91	102	-43	-27	-1	8	det1=true
[9824]	92	102	-30	-29	-2	-8	det1=true
[9825]	92	102	-38	-29	-2	8	det1=true
[9826]	93	102	-17	3	-9	-2	det1=true
[9827]	93	102	-19	3	-9	2	det1=true
[9828]	93	102	-15	2	-7	-6	det1=true
[9829]	93	102	-21	2	-7	6	det1=true
[9830]	96	102	-23	-3	-9	-2	det1=true
[9831]	56	103	-4	1	-2	-7	det1=true
[9832]	56	103	-11	1	-2	7	det1=true
[9833]	61	103	-24	-3	-7	2	det1=true
[9834]	89	103	-25	-17	-5	-7	det1=true
[9835]	89	103	-32	-17	-5	7	det1=true
[9836]	91	103	-36	-22	-8	-2	det1=true
[9837]	91	103	-38	-22	-8	2	det1=true
[9838]	91	103	-8	-6	-6	-7	det1=true
[9839]	93	103	-34	-13	-7	-5	det1=true
[9840]	93	103	-39	-13	-7	5	det1=true
[9841]	41	104	-16	1	-6	-1	det1=true
[9842]	41	104	-17	1	-6	1	det1=true
[9843]	45	104	-14	-9	-6	-2	det1=true
[9844]	45	104	-16	-9	-6	2	det1=true
[9845]	63	104	-27	-4	-7	-2	det1=true
[9846]	63	104	-29	-4	-7	2	det1=true
[9847]	65	104	-11	1	-6	-5	det1=true
[9848]	65	104	-16	1	-6	5	det1=true
[9849]	68	104	-19	-3	-6	-5	det1=true
[9850]	68	104	-24	-3	-6	5	det1=true
[9851]	72	104	-8	-3	-2	-8	det1=true
[9852]	72	104	-16	-3	-2	8	det1=true
[9853]	75	104	-22	-13	-8	-1	det1=true
[9854]	75	104	-23	-13	-8	1	det1=true
[9855]	82	104	-37	2	-7	-4	det1=true
[9856]	82	104	-41	2	-7	4	det1=true
[9857]	84	104	-38	-1	-4	-7	det1=true
[9858]	84	104	-45	-1	-4	7	det1=true
[9859]	89	104	-34	-21	-2	-8	det1=true
[9860]	89	104	-42	-21	-2	8	det1=true
[9861]	91	104	-25	-26	-3	-8	det1=true
[9862]	91	104	-33	-26	-3	8	det1=true
[9863]	92	104	-38	-27	-4	-7	det1=true
[9864]	92	104	-45	-27	-4	7	det1=true
[9865]	92	104	-34	-17	-8	-3	det1=true
[9866]	92	104	-37	-17	-8	3	det1=true
[9867]	99	104	-28	-9	-6	-7	det1=true
[9868]	99	104	-35	-9	-6	7	det1=true
[9869]	99	104	-24	-17	-2	-9	det1=true
[9870]	101	104	-2	-1	-4	-9	det1=true
[9871]	104	104	-21	-22	-5	-8	det1=true
[9872]	104	104	-29	-22	-5	8	det1=true
[9873]	29	101	-10	-8	-3	-4	det1=true
[9874]	29	101	-14	-8	-3	4	det1=true
[9875]	44	101	-20	-3	-6	-1	det1=true
[9876]	44	101	-21	-3	-6	1	det1=true
[9877]	55	101	-7	-7	-1	-7	det1=true
[9878]	55	101	-14	-7	-1	7	det1=true
[9879]	65	101	-10	-10	-3	-7	det1=true
[9880]	65	101	-17	-10	-3	7	det1=true
[9881]	77	101	-35	-25	-4	-6	det1=true
[9882]	77	101	-33	-32	-1	-7	det1=true
[9883]	80	101	-28	-21	-6	-5	det1=true
[9884]	80	101	-33	-21	-6	5	det1=true
[9885]	83	101	-26	-22	-8	-1	det1=true
[9886]	83	101	-27	-22	-8	1	det1=true
[9887]	89	101	-32	-32	-5	-6	det1=true
[9888]	89	101	-38	-32	-5	6	det1=true
[9889]	95	101	-39	-26	-4	-7	det1=true
[9890]	97	101	-37	-11	-5	-7	det1=true
[9891]	97	101	-44	-11	-5	7	det1=true
[9892]	45	102	-11	1	-5	-4	det1=true
[9893]	45	102	-15	1	-5	4	det1=true
[9894]	73	102	-16	-9	-8	-1	det1=true
[9895]	73	102	-17	-9	-8	1	det1=true
[9896]	79	102	-17	-16	-2	-8	det1=true
[9897]	79	102	-25	-16	-2	8	det1=true
[9898]	85	102	-37	-3	-4	-7	det1=true
[9899]	85	102	-44	-3	-4	7	det1=true
[9900]	45	103	-10	-6	-5	-4	det1=true
[9901]	50	103	-20	-13	-4	-5	det1=true
[9902]	50	103	-25	-13	-4	5	det1=true
[9903]	58	103	-20	-7	-4	6	det1=true
[9904]	91	103	-42	-35	-7	3	det1=true
[9905]	95	103	-40	-10	-8	-3	det1=true
[9906]	95	103	-43	-10	-8	3	det1=true
[9907]	103	103	-10	1	-9	-4	det1=true
[9908]	103	103	-14	1	-9	4	det1=true
[9909]	72	104	-13	0	-8	2	det1=true
[9910]	91	104	-19	-5	-6	7	det1=true
[9911]	98	104	-15	-13	-5	-8	det1=true
[9912]	98	104	-23	-13	-5	8	det1=true
[9913]	37	101	-10	2	-5	3	det1=true
[9914]	43	101	-17	-4	-6	-1	det1=true
[9915]	43	101	-18	-4	-6	1	det1=true
[9916]	45	101	-8	-2	-4	-5	det1=true
[9917]	45	101	-13	-2	-4	5	det1=true
[9918]	97	101	-30	-1	-9	-1	det1=true
[9919]	97	101	-31	-1	-9	1	det1=true
[9920]	98	101	-45	-42	-7	-2	det1=true
[9921]	98	101	-47	-42	-7	2	det1=true
[9922]	70	102	-7	-3	-4	-7	det1=true
[9923]	70	102	-14	-3	-4	7	det1=true
[9924]	86	102	-34	-17	-4	-7	det1=true
[9925]	86	102	-41	-17	-4	7	det1=true
[9926]	95	102	-7	1	-8	-5	det1=true
[9927]	95	102	-12	1	-8	5	det1=true
[9928]	70	103	-12	-3	-8	-1	det1=true
[9929]	70	103	-13	-3	-8	1	det1=true
[9930]	77	103	-4	1	-3	-8	det1=true
[9931]	77	103	-12	1	-3	8	det1=true
[9932]	91	103	-39	-35	-7	-3	det1=true
[9933]	101	103	-29	-10	-2	-9	det1=true
[9934]	101	103	-38	-10	-2	9	det1=true
[9935]	77	101	-19	-3	-8	-2	det1=true
[9936]	77	101	-21	-3	-8	2	det1=true
[9937]	89	101	-41	0	-4	-7	det1=true
[9938]	89	101	-48	0	-4	7	det1=true
[9939]	91	101	-14	-3	-1	-9	det1=true
[9940]	98	101	-48	-9	-8	-2	det1=true
[9941]	98	101	-50	-9	-8	2	det1=true
[9942]	101	101	-44	-4	-3	-8	det1=true
[9943]	101	101	-52	-4	-3	8	det1=true
[9944]	80	102	-30	-11	-8	-1	det1=true
[9945]	80	102	-31	-11	-8	1	det1=true
[9946]	94	102	-39	-5	-8	-3	det1=true
[9947]	94	102	-42	-5	-8	3	det1=true
[9948]	43	103	-16	-10	-6	-1	det1=true
[9949]	96	103	-44	-15	-2	-8	det1=true
[9950]	96	103	-52	-15	-2	8	det1=true
[9951]	65	104	-9	-4	-5	-6	det1=true
[9952]	65	104	-15	-4	-5	6	det1=true
[9953]	69	104	-11	2	-7	-4	det1=true
[9954]	69	104	-15	2	-7	4	det1=true
[9955]	81	104	-26	-13	-2	-8	det1=true
[9956]	81	104	-34	-13	-2	8	det1=true
[9957]	94	104	-20	-5	-6	-7	det1=true
[9958]	94	104	-27	-5	-6	7	det1=true
[9959]	94	104	-16	-13	-2	-9	det1=true
[9960]	94	104	-25	-13	-2	9	det1=true
[9961]	99	104	-27	-11	-2	-9	det1=true
[9962]	99	104	-36	-11	-2	9	det1=true
[9963]	72	101	-11	-6	-1	-8	det1=true
[9964]	72	101	-19	-6	-1	8	det1=true
[9965]	81	101	-32	-1	-7	-4	det1=true
[9966]	83	101	-35	-24	-3	-7	det1=true
[9967]	83	101	-42	-24	-3	7	det1=true
[9968]	98	101	-41	-1	-3	-8	det1=true
[9969]	98	101	-49	-1	-3	8	det1=true
[9970]	101	101	-42	-10	-5	-7	det1=true
[9971]	59	102	-14	1	-2	-7	det1=true
[9972]	59	102	-21	1	-2	7	det1=true
[9973]	46	103	-15	-3	-5	-4	det1=true
[9974]	46	103	-19	-3	-5	4	det1=true
[9975]	57	103	-16	-11	-7	-1	det1=true
[9976]	57	103	-17	-11	-7	1	det1=true
[9977]	80	103	-15	-2	-3	-8	det1=true
[9978]	80	103	-23	-2	-3	8	det1=true
[9979]	86	103	-28	-7	-8	-3	det1=true
[9980]	91	103	-15	-12	-1	-9	det1=true
[9981]	92	103	-38	-3	-8	-3	det1=true
[9982]	72	104	-17	-6	-1	-8	det1=true
[9983]	72	104	-25	-6	-1	8	det1=true
[9984]	81	104	-29	-10	-8	-2	det1=true
[9985]	81	104	-31	-10	-8	2	det1=true
[9986]	89	104	-37	-18	-8	-2	det1=true
[9987]	89	104	-39	-18	-8	2	det1=true
[9988]	77	101	-31	-6	-6	-5	det1=true
[9989]	77	101	-36	-6	-6	5	det1=true
[9990]	77	101	-27	0	-8	-1	det1=true
[9991]	77	101	-28	0	-8	1	det1=true
[9992]	80	101	-10	-5	-8	-3	det1=true
[9993]	81	101	-36	-1	-7	4	det1=true
[9994]	85	101	-25	0	-8	-3	det1=true
[9995]	85	101	-28	0	-8	3	det1=true
[9996]	72	102	-3	4	-8	-2	det1=true
[9997]	72	102	-5	4	-8	2	det1=true
[9998]	91	103	-39	-13	-2	-8	det1=true
[9999]	91	103	-47	-13	-2	8	det1=true
[10000]	91	103	-24	-12	-1	9	det1=true
[10001]	91	103	-7	-8	-2	-9	det1=true
[10002]	91	103	-16	-8	-2	9	det1=true
[10003]	98	103	-26	-5	-6	-7	det1=true
[10004]	98	103	-33	-5	-6	7	det1=true
[10005]	54	104	-24	-23	-2	-6	det1=true
[10006]	54	104	-30	-23	-2	6	det1=true
[10007]	79	101	-25	-14	-8	-1	det1=true
[10008]	79	101	-26	-14	-8	1	det1=true
[10009]	91	101	-23	-3	-1	9	det1=true
[10010]	46	102	-14	1	-4	-5	det1=true
[10011]	46	102	-19	1	-4	5	det1=true
[10012]	64	102	-23	-12	-7	-2	det1=true
[10013]	64	102	-25	-12	-7	2	det1=true
[10014]	43	103	-17	-10	-6	1	det1=true
[10015]	82	104	-29	-28	-5	-6	det1=true
[10016]	101	101	-28	-4	-6	-7	det1=true
[10017]	101	101	-35	-4	-6	7	det1=true
[10018]	86	101	-23	-8	-3	-8	det1=true
[10019]	92	101	-7	1	-2	-9	det1=true
[10020]	92	101	-16	1	-2	9	det1=true
[10021]	93	102	-40	-25	-8	-1	det1=true
[10022]	93	102	-41	-25	-8	1	det1=true
[10023]	76	103	-18	-3	-2	-8	det1=true
[10024]	76	103	-26	-3	-2	8	det1=true
[10025]	98	103	-27	1	-6	-7	det1=true
[10026]	77	104	-25	2	-8	-2	det1=true
[10027]	77	104	-27	2	-8	2	det1=true
[10028]	50	101	-16	-15	-4	-5	det1=true
[10029]	50	101	-21	-15	-4	5	det1=true
[10030]	87	103	-32	-26	-8	-1	det1=true
[10031]	87	103	-33	-26	-8	1	det1=true
[10032]	101	101	-42	-28	-8	-2	det1=true
[10033]	72	102	0	1	-2	-8	det1=true
[10034]	86	102	-34	1	-2	-8	det1=true
[10035]	100	101	-37	-22	-3	-8	det1=true
[10036]	57	104	-16	3	-6	-4	det1=true
[10037]	57	104	-20	3	-6	4	det1=true
[10038]	91	101	-18	1	-9	-1	det1=true
[10039]	91	101	-19	1	-9	1	det1=true
[10040]	92	102	-33	-26	-8	-2	det1=true
[10041]	79	102	-20	-13	-8	-2	det1=true
[10042]	79	102	-22	-13	-8	2	det1=true
[10043]	105	105	-47	-38	-8	-1	det1=true
[10044]	105	105	-48	-38	-8	1	det1=true
[10045]	44	108	-18	1	-2	-6	det1=true
[10046]	44	108	-24	1	-2	6	det1=true
[10047]	58	108	-20	1	-2	-7	det1=true
[10048]	58	108	-27	1	-2	7	det1=true
[10049]	50	105	-17	1	-3	-6	det1=true
[10050]	72	105	-13	-2	-8	-2	det1=true
[10051]	72	105	-15	-2	-8	2	det1=true
[10052]	79	105	-29	-24	-6	-5	det1=true
[10053]	79	105	-34	-24	-6	5	det1=true
[10054]	84	105	-32	-13	-2	-8	det1=true
[10055]	84	105	-40	-13	-2	8	det1=true
[10056]	102	105	-29	-3	-5	-8	det1=true
[10057]	102	105	-37	-3	-5	8	det1=true
[10058]	105	105	-48	-32	-8	-2	det1=true
[10059]	105	105	-50	-32	-8	2	det1=true
[10060]	73	106	-15	-6	-2	-8	det1=true
[10061]	73	106	-23	-6	-2	8	det1=true
[10062]	81	106	-23	-22	-2	-8	det1=true
[10063]	81	106	-31	-22	-2	8	det1=true
[10064]	86	106	-41	-37	-7	-2	det1=true
[10065]	86	106	-43	-37	-7	2	det1=true
[10066]	91	106	-28	1	-4	-8	det1=true
[10067]	53	107	-12	-6	-1	-7	det1=true
[10068]	53	107	-19	-6	-1	7	det1=true
[10069]	90	107	-43	-21	-7	-4	det1=true
[10070]	90	107	-47	-21	-7	4	det1=true
[10071]	107	107	-22	-16	-9	-4	det1=true
[10072]	107	107	-26	-16	-9	4	det1=true
[10073]	61	108	-20	-17	-2	-7	det1=true
[10074]	61	108	-27	-17	-2	7	det1=true
[10075]	100	108	-36	1	-2	-9	det1=true
[10076]	100	108	-45	1	-2	9	det1=true
[10077]	64	105	-8	-3	-6	-5	det1=true
[10078]	64	105	-13	-3	-6	5	det1=true
[10079]	65	105	-30	-17	-5	-5	det1=true
[10080]	65	105	-35	-17	-5	5	det1=true
[10081]	72	105	-19	-5	-4	-7	det1=true
[10082]	74	105	-24	-1	-4	-7	det1=true
[10083]	74	105	-31	-1	-4	7	det1=true
[10084]	74	105	-18	-5	-8	-2	det1=true
[10085]	74	105	-20	-5	-8	2	det1=true
[10086]	77	105	-7	2	-5	-7	det1=true
[10087]	77	105	-14	2	-5	7	det1=true
[10088]	81	105	-34	-7	-1	-8	det1=true
[10089]	81	105	-42	-7	-1	8	det1=true
[10090]	90	105	-43	-17	-7	-4	det1=true
[10091]	90	105	-47	-17	-7	4	det1=true
[10092]	97	105	-18	-8	-5	-8	det1=true
[10093]	97	105	-26	-8	-5	8	det1=true
[10094]	104	105	-23	-22	-5	-8	det1=true
[10095]	104	105	-31	-22	-5	8	det1=true
[10096]	105	105	-69	-19	-1	-7	det1=true
[10097]	105	105	-45	-35	-2	-8	det1=true
[10098]	105	105	-53	-35	-2	8	det1=true
[10099]	31	106	-10	-1	-2	-5	det1=true
[10100]	31	106	-15	-1	-2	5	det1=true
[10101]	59	106	-19	-5	-2	-7	det1=true
[10102]	80	106	-37	-15	-5	-6	det1=true
[10103]	80	106	-43	-15	-5	6	det1=true
[10104]	90	106	-15	-4	-7	-6	det1=true
[10105]	90	106	-21	-4	-7	6	det1=true
[10106]	91	106	-36	1	-4	8	det1=true
[10107]	96	106	-19	-5	-5	-8	det1=true
[10108]	98	106	-35	-4	-9	2	det1=true
[10109]	101	106	-25	-25	-2	-9	det1=true
[10110]	103	106	-45	-3	-6	7	det1=true
[10111]	105	106	-13	-3	-10	-1	det1=true
[10112]	105	106	-14	-3	-10	1	det1=true
[10113]	106	106	-9	-12	-1	-10	det1=true
[10114]	106	106	-19	-12	-1	10	det1=true
[10115]	32	107	-15	-4	-5	-2	det1=true
[10116]	32	107	-17	-4	-5	2	det1=true
[10117]	53	107	-11	-8	-1	-7	det1=true
[10118]	53	107	-18	-8	-1	7	det1=true
[10119]	65	107	-12	-10	-5	-6	det1=true
[10120]	65	107	-18	-10	-5	6	det1=true
[10121]	74	107	-27	-5	-7	-4	det1=true
[10122]	74	107	-31	-5	-7	4	det1=true
[10123]	74	107	-5	1	-8	-3	det1=true
[10124]	74	107	-8	1	-8	3	det1=true
[10125]	83	107	-28	-8	-8	-3	det1=true
[10126]	83	107	-31	-8	-8	3	det1=true
[10127]	99	107	-48	-40	-7	-3	det1=true
[10128]	99	107	-51	-40	-7	3	det1=true
[10129]	107	107	-46	-30	-7	-5	det1=true
[10130]	107	107	-51	-30	-7	5	det1=true
[10131]	94	108	-21	1	-8	-5	det1=true
[10132]	94	108	-26	1	-8	5	det1=true
[10133]	99	108	-41	-36	-8	-2	det1=true
[10134]	99	108	-43	-36	-8	2	det1=true
[10135]	107	108	-17	0	-10	-2	det1=true
[10136]	107	108	-19	0	-10	2	det1=true
[10137]	45	105	-15	2	-4	-5	det1=true
[10138]	45	105	-20	2	-4	5	det1=true
[10139]	52	105	-17	-13	-3	-6	det1=true
[10140]	52	105	-23	-13	-3	6	det1=true
[10141]	57	105	-20	0	-2	7	det1=true
[10142]	64	105	-35	-3	-2	7	det1=true
[10143]	65	105	-36	-19	-1	7	det1=true
[10144]	65	105	-28	-10	-2	-7	det1=true
[10145]	65	105	-35	-10	-2	7	det1=true
[10146]	65	105	-27	-22	-1	-7	det1=true
[10147]	65	105	-34	-22	-1	7	det1=true
[10148]	67	105	-5	4	-8	-1	det1=true
[10149]	67	105	-6	4	-8	1	det1=true
[10150]	71	105	-21	-10	-4	7	det1=true
[10151]	73	105	-15	-5	-8	-2	det1=true
[10152]	73	105	-17	-5	-8	2	det1=true
[10153]	75	105	-27	-25	-7	-3	det1=true
[10154]	75	105	-30	-25	-7	3	det1=true
[10155]	77	105	-25	-5	-8	-2	det1=true
[10156]	77	105	-27	-5	-8	2	det1=true
[10157]	95	105	-13	-8	-8	-5	det1=true
[10158]	95	105	-18	-8	-8	5	det1=true
[10159]	99	105	-24	-19	-7	-6	det1=true
[10160]	99	105	-30	-19	-7	6	det1=true
[10161]	39	106	-9	-1	-1	-6	det1=true
[10162]	43	106	-7	-5	-4	-5	det1=true
[10163]	43	106	-12	-5	-4	5	det1=true
[10164]	48	106	-17	-15	-4	-5	det1=true
[10165]	48	106	-22	-15	-4	5	det1=true
[10166]	64	106	-29	-3	-2	-7	det1=true
[10167]	64	106	-12	3	-6	-5	det1=true
[10168]	73	106	-18	-3	-8	-2	det1=true
[10169]	73	106	-13	-10	-2	-8	det1=true
[10170]	73	106	-21	-10	-2	8	det1=true
[10171]	79	106	-33	0	-1	-8	det1=true
[10172]	79	106	-41	0	-1	8	det1=true
[10173]	79	106	-21	3	-8	-3	det1=true
[10174]	79	106	-24	3	-8	3	det1=true
[10175]	80	106	-23	-20	-8	-2	det1=true
[10176]	80	106	-25	-20	-8	2	det1=true
[10177]	82	106	-37	-2	-1	-8	det1=true
[10178]	82	106	-45	-2	-1	8	det1=true
[10179]	83	106	-29	3	-8	-3	det1=true
[10180]	83	106	-32	3	-8	3	det1=true
[10181]	84	106	-26	-25	-2	-8	det1=true
[10182]	84	106	-34	-25	-2	8	det1=true
[10183]	85	106	-27	-12	-3	-8	det1=true
[10184]	85	106	-35	-12	-3	8	det1=true
[10185]	88	106	-43	-4	-8	-2	det1=true
[10186]	88	106	-45	-4	-8	2	det1=true
[10187]	93	106	-30	-7	-4	-8	det1=true
[10188]	93	106	-38	-7	-4	8	det1=true
[10189]	98	106	-38	-27	-8	-3	det1=true
[10190]	98	106	-41	-27	-8	3	det1=true
[10191]	98	106	-33	-4	-9	-2	det1=true
[10192]	98	106	-23	-20	-7	-6	det1=true
[10193]	98	106	-29	-20	-7	6	det1=true
[10194]	99	106	-31	-9	-6	-7	det1=true
[10195]	99	106	-38	-9	-6	7	det1=true
[10196]	101	106	-7	-9	-4	-9	det1=true
[10197]	101	106	-16	-9	-4	9	det1=true
[10198]	102	106	-29	-9	-5	-8	det1=true
[10199]	102	106	-37	-9	-5	8	det1=true
[10200]	103	106	-38	-3	-6	-7	det1=true
[10201]	105	106	-52	-33	-8	-1	det1=true
[10202]	105	106	-53	-33	-8	1	det1=true
[10203]	41	107	-18	-16	-5	-3	det1=true
[10204]	42	107	-15	-13	-1	-6	det1=true
[10205]	42	107	-21	-13	-1	6	det1=true
[10206]	44	107	-19	2	-5	4	det1=true
[10207]	59	107	-21	0	-2	-7	det1=true
[10208]	59	107	-28	0	-2	7	det1=true
[10209]	59	107	-24	-5	-7	2	det1=true
[10210]	71	107	-26	-11	-5	-6	det1=true
[10211]	71	107	-32	-11	-5	6	det1=true
[10212]	85	107	-30	-7	-3	-8	det1=true
[10213]	85	107	-38	-7	-3	8	det1=true
[10214]	86	107	-39	-9	-3	8	det1=true
[10215]	99	107	-22	-14	-9	-3	det1=true
[10216]	99	107	-25	-14	-9	3	det1=true
[10217]	100	107	-29	-19	-6	-7	det1=true
[10218]	100	107	-36	-19	-6	7	det1=true
[10219]	103	107	-41	-22	-2	9	det1=true
[10220]	104	107	-33	-24	-9	-2	det1=true
[10221]	104	107	-18	-11	-4	-9	det1=true
[10222]	105	107	-43	-18	-9	-1	det1=true
[10223]	105	107	-44	-18	-9	1	det1=true
[10224]	105	107	-18	2	-10	-1	det1=true
[10225]	107	107	-39	-6	-9	-3	det1=true
[10226]	107	107	-42	-6	-9	3	det1=true
[10227]	56	108	-17	0	-7	-2	det1=true
[10228]	56	108	-19	0	-7	2	det1=true
[10229]	63	108	-28	-9	-2	-7	det1=true
[10230]	67	108	-14	-3	-8	1	det1=true
[10231]	78	108	-29	-10	-8	-2	det1=true
[10232]	78	108	-31	-10	-8	2	det1=true
[10233]	79	108	-37	1	-7	-4	det1=true
[10234]	79	108	-41	1	-7	4	det1=true
[10235]	83	108	-39	-2	-8	-2	det1=true
[10236]	83	108	-41	-2	-8	2	det1=true
[10237]	88	108	-17	0	-9	-2	det1=true
[10238]	88	108	-19	0	-9	2	det1=true
[10239]	91	108	-11	-1	-5	-8	det1=true
[10240]	91	108	-19	-1	-5	8	det1=true
[10241]	96	108	-21	-11	-8	-5	det1=true
[10242]	96	108	-26	-11	-8	5	det1=true
[10243]	103	108	-49	-32	-8	-2	det1=true
[10244]	103	108	-51	-32	-8	2	det1=true
[10245]	103	108	-15	5	-10	-1	det1=true
[10246]	103	108	-16	5	-10	1	det1=true
[10247]	106	108	-13	-15	-1	-10	det1=true
[10248]	106	108	-23	-15	-1	10	det1=true
[10249]	45	105	-12	-8	-5	-4	det1=true
[10250]	45	105	-16	-8	-5	4	det1=true
[10251]	52	105	-22	-19	-4	-5	det1=true
[10252]	52	105	-27	-19	-4	5	det1=true
[10253]	53	105	-12	-1	-7	-1	det1=true
[10254]	53	105	-13	-1	-7	1	det1=true
[10255]	57	105	-13	0	-2	-7	det1=true
[10256]	58	105	-13	-10	-7	-2	det1=true
[10257]	58	105	-15	-10	-7	2	det1=true
[10258]	59	105	-20	-3	-7	-2	det1=true
[10259]	59	105	-22	-3	-7	2	det1=true
[10260]	65	105	-32	-16	-7	-1	det1=true
[10261]	65	105	-33	-16	-7	1	det1=true
[10262]	71	105	-17	-8	-8	-1	det1=true
[10263]	71	105	-18	-8	-8	1	det1=true
[10264]	71	105	-14	-10	-4	-7	det1=true
[10265]	73	105	-30	1	-5	-6	det1=true
[10266]	73	105	-23	-18	-6	-5	det1=true
[10267]	73	105	-28	-18	-6	5	det1=true
[10268]	74	105	-27	1	-8	-1	det1=true
[10269]	74	105	-28	1	-8	1	det1=true
[10270]	79	105	-12	-7	-7	-5	det1=true
[10271]	79	105	-17	-7	-7	5	det1=true
[10272]	81	105	-26	-24	-1	-8	det1=true
[10273]	81	105	-34	-24	-1	8	det1=true
[10274]	81	105	-18	-7	-7	-5	det1=true
[10275]	81	105	-23	-7	-7	5	det1=true
[10276]	81	105	-24	-8	-5	7	det1=true
[10277]	83	105	-27	-2	-8	-3	det1=true
[10278]	83	105	-30	-2	-8	3	det1=true
[10279]	89	105	-48	-8	-2	8	det1=true
[10280]	90	105	-41	-20	-1	-8	det1=true
[10281]	90	105	-49	-20	-1	8	det1=true
[10282]	90	105	-40	-17	-8	-2	det1=true
[10283]	90	105	-42	-17	-8	2	det1=true
[10284]	91	105	-34	-23	-5	7	det1=true
[10285]	93	105	-8	-3	-5	-8	det1=true
[10286]	93	105	-16	-3	-5	8	det1=true
[10287]	95	105	-32	-27	-3	-8	det1=true
[10288]	95	105	-40	-27	-3	8	det1=true
[10289]	97	105	-37	-22	-7	-5	det1=true
[10290]	98	105	-28	-3	-8	5	det1=true
[10291]	99	105	-24	-2	-5	-8	det1=true
[10292]	99	105	-32	-2	-5	8	det1=true
[10293]	99	105	-26	-18	-9	-2	det1=true
[10294]	99	105	-28	-18	-9	2	det1=true
[10295]	58	106	-17	-10	-4	-6	det1=true
[10296]	58	106	-23	-10	-4	6	det1=true
[10297]	59	106	-26	-5	-2	7	det1=true
[10298]	59	106	-17	-14	-6	-4	det1=true
[10299]	59	106	-21	-14	-6	4	det1=true
[10300]	64	106	-13	-7	-6	5	det1=true
[10301]	73	106	-33	-26	-7	-2	det1=true
[10302]	73	106	-20	-3	-8	2	det1=true
[10303]	79	106	-35	3	-7	-4	det1=true
[10304]	79	106	-39	3	-7	4	det1=true
[10305]	80	106	-31	-25	-6	-5	det1=true
[10306]	80	106	-36	-25	-6	5	det1=true
[10307]	81	106	-32	-9	-8	-2	det1=true
[10308]	81	106	-28	-19	-8	2	det1=true
[10309]	85	106	-35	-29	-5	-6	det1=true
[10310]	85	106	-41	-29	-5	6	det1=true
[10311]	85	106	-28	-25	-8	-2	det1=true
[10312]	88	106	-40	-7	-2	-8	det1=true
[10313]	88	106	-48	-7	-2	8	det1=true
[10314]	90	106	-15	1	-2	-9	det1=true
[10315]	90	106	-24	1	-2	9	det1=true
[10316]	94	106	-15	-1	-5	-8	det1=true
[10317]	94	106	-23	-1	-5	8	det1=true
[10318]	98	106	-43	-32	-8	2	det1=true
[10319]	99	106	-30	-11	-2	-9	det1=true
[10320]	99	106	-39	-11	-2	9	det1=true
[10321]	101	106	-26	-23	-6	-7	det1=true
[10322]	101	106	-33	-23	-6	7	det1=true
[10323]	103	106	-37	-17	-9	2	det1=true
[10324]	103	106	-5	3	-10	-1	det1=true
[10325]	103	106	-6	3	-10	1	det1=true
[10326]	104	106	-17	-10	-9	-4	det1=true
[10327]	104	106	-21	-10	-9	4	det1=true
[10328]	106	106	-50	-35	-4	-7	det1=true
[10329]	41	107	-17	-17	-3	-5	det1=true
[10330]	41	107	-22	-17	-3	5	det1=true
[10331]	44	107	-15	2	-5	-4	det1=true
[10332]	48	107	-11	-8	-3	-6	det1=true
[10333]	48	107	-17	-8	-3	6	det1=true
[10334]	59	107	-22	-5	-7	-2	det1=true
[10335]	59	107	-21	-18	-7	-1	det1=true
[10336]	66	107	-4	1	-4	-7	det1=true
[10337]	66	107	-11	1	-4	7	det1=true
[10338]	73	107	-32	-1	-5	-6	det1=true
[10339]	74	107	-20	-17	-4	-7	det1=true
[10340]	74	107	-27	-17	-4	7	det1=true
[10341]	77	107	-30	-11	-7	-4	det1=true
[10342]	77	107	-34	-11	-7	4	det1=true
[10343]	77	107	-15	-6	-8	-3	det1=true
[10344]	77	107	-18	-6	-8	3	det1=true
[10345]	78	107	-35	-5	-8	-1	det1=true
[10346]	78	107	-36	-5	-8	1	det1=true
[10347]	78	107	-28	-19	-8	-1	det1=true
[10348]	78	107	-23	-16	-2	-8	det1=true
[10349]	78	107	-31	-16	-2	8	det1=true
[10350]	80	107	-30	-21	-8	-1	det1=true
[10351]	80	107	-31	-21	-8	1	det1=true
[10352]	81	107	-30	-22	-1	-8	det1=true
[10353]	81	107	-23	-3	-7	-5	det1=true
[10354]	81	107	-28	-3	-7	5	det1=true
[10355]	82	107	-10	1	-8	-4	det1=true
[10356]	82	107	-14	1	-8	4	det1=true
[10357]	83	107	-6	3	-9	-1	det1=true
[10358]	85	107	-34	-26	-8	-1	det1=true
[10359]	85	107	-35	-26	-8	1	det1=true
[10360]	85	107	-22	-22	-3	-8	det1=true
[10361]	85	107	-30	-22	-3	8	det1=true
[10362]	86	107	-42	-1	-8	-2	det1=true
[10363]	86	107	-44	-1	-8	2	det1=true
[10364]	86	107	-31	-9	-3	-8	det1=true
[10365]	87	107	-29	-15	-7	-5	det1=true
[10366]	87	107	-34	-15	-7	5	det1=true
[10367]	88	107	-17	-9	-2	9	det1=true
[10368]	89	107	-44	-6	-3	8	det1=true
[10369]	89	107	-26	-26	-3	-8	det1=true
[10370]	89	107	-34	-26	-3	8	det1=true
[10371]	91	107	-8	-2	-8	-5	det1=true
[10372]	91	107	-13	-2	-8	5	det1=true
[10373]	95	107	-42	-12	-3	-8	det1=true
[10374]	95	107	-50	-12	-3	8	det1=true
[10375]	97	107	-32	-14	-1	-9	det1=true
[10376]	97	107	-41	-14	-1	9	det1=true
[10377]	97	107	-21	-4	-3	-9	det1=true
[10378]	99	107	-19	-17	-3	-9	det1=true
[10379]	99	107	-28	-17	-3	9	det1=true
[10380]	100	107	-31	-24	-7	6	det1=true
[10381]	100	107	-23	-17	-5	-8	det1=true
[10382]	100	107	-31	-17	-5	8	det1=true
[10383]	102	107	-23	0	-9	4	det1=true
[10384]	103	107	-33	-7	-9	-3	det1=true
[10385]	103	107	-36	-7	-9	3	det1=true
[10386]	104	107	-42	-33	-8	-3	det1=true
[10387]	104	107	-45	-33	-8	3	det1=true
[10388]	43	108	-17	0	-6	-2	det1=true
[10389]	43	108	-19	0	-6	2	det1=true
[10390]	43	108	-15	-2	-2	-6	det1=true
[10391]	43	108	-15	-5	-5	4	det1=true
[10392]	45	108	-17	-12	-6	-2	det1=true
[10393]	45	108	-19	-12	-6	2	det1=true
[10394]	45	108	-15	-14	-2	-6	det1=true
[10395]	45	108	-21	-14	-2	6	det1=true
[10396]	47	108	-18	-17	-2	-6	det1=true
[10397]	47	108	-24	-17	-2	6	det1=true
[10398]	56	108	-13	-7	-2	-7	det1=true
[10399]	56	108	-20	-7	-2	7	det1=true
[10400]	67	108	-13	-3	-8	-1	det1=true
[10401]	69	108	-17	-2	-1	-8	det1=true
[10402]	69	108	-25	-2	-1	8	det1=true
[10403]	70	108	-10	-5	-2	-8	det1=true
[10404]	70	108	-18	-5	-2	8	det1=true
[10405]	78	108	-34	-13	-2	8	det1=true
[10406]	80	108	-35	0	-8	-2	det1=true
[10407]	80	108	-37	0	-8	2	det1=true
[10408]	87	108	-35	-29	-1	-8	det1=true
[10409]	87	108	-43	-29	-1	8	det1=true
[10410]	94	108	-28	3	-6	-7	det1=true
[10411]	94	108	-35	3	-6	7	det1=true
[10412]	97	108	-35	0	-9	-2	det1=true
[10413]	97	108	-37	0	-9	2	det1=true
[10414]	99	108	-29	-1	-5	-8	det1=true
[10415]	99	108	-37	-1	-5	8	det1=true
[10416]	100	108	-37	3	-6	-7	det1=true
[10417]	100	108	-44	3	-6	7	det1=true
[10418]	18	105	-7	1	-4	-1	det1=true
[10419]	18	105	-8	1	-4	1	det1=true
[10420]	29	105	-9	-10	-1	-5	det1=true
[10421]	29	105	-14	-10	-1	5	det1=true
[10422]	54	105	-19	-17	-6	-3	det1=true
[10423]	54	105	-22	-17	-6	3	det1=true
[10424]	55	105	-16	-2	-1	-7	det1=true
[10425]	55	105	-23	-2	-1	7	det1=true
[10426]	59	105	-22	-12	-1	-7	det1=true
[10427]	59	105	-29	-12	-1	7	det1=true
[10428]	64	105	-9	1	-5	-6	det1=true
[10429]	64	105	-15	1	-5	6	det1=true
[10430]	68	105	-7	-3	-4	-7	det1=true
[10431]	68	105	-14	-3	-4	7	det1=true
[10432]	69	105	-25	-12	-3	-7	det1=true
[10433]	69	105	-32	-12	-3	7	det1=true
[10434]	69	105	-15	4	-8	-1	det1=true
[10435]	69	105	-16	4	-8	1	det1=true
[10436]	69	105	-12	2	-4	-7	det1=true
[10437]	72	105	-26	-5	-4	7	det1=true
[10438]	74	105	-15	-8	-2	-8	det1=true
[10439]	74	105	-23	-8	-2	8	det1=true
[10440]	77	105	-28	-7	-1	-8	det1=true
[10441]	77	105	-36	-7	-1	8	det1=true
[10442]	77	105	-27	-14	-8	-1	det1=true
[10443]	77	105	-7	-1	-7	-5	det1=true
[10444]	77	105	-12	-1	-7	5	det1=true
[10445]	79	105	-26	-19	-7	-4	det1=true
[10446]	79	105	-30	-19	-7	4	det1=true
[10447]	79	105	-24	-22	-1	-8	det1=true
[10448]	80	105	-31	-14	-7	-4	det1=true
[10449]	80	105	-35	-14	-7	4	det1=true
[10450]	81	105	-28	-21	-7	-4	det1=true
[10451]	81	105	-32	-21	-7	4	det1=true
[10452]	81	105	-17	-8	-5	-7	det1=true
[10453]	83	105	-38	-35	-7	-2	det1=true
[10454]	83	105	-40	-35	-7	2	det1=true
[10455]	83	105	-22	-7	-5	-7	det1=true
[10456]	83	105	-29	-7	-5	7	det1=true
[10457]	83	105	-28	-15	-3	8	det1=true
[10458]	84	105	-31	-23	-4	-7	det1=true
[10459]	84	105	-38	-23	-4	7	det1=true
[10460]	87	105	-42	-14	-8	-1	det1=true
[10461]	87	105	-43	-14	-8	1	det1=true
[10462]	87	105	-19	-11	-8	4	det1=true
[10463]	92	105	-35	-15	-3	-8	det1=true
[10464]	92	105	-43	-15	-3	8	det1=true
[10465]	98	105	-36	-11	-8	-4	det1=true
[10466]	98	105	-40	-11	-8	4	det1=true
[10467]	98	105	-23	-3	-8	-5	det1=true
[10468]	104	105	-29	-13	-5	-8	det1=true
[10469]	105	105	-24	-23	-5	-8	det1=true
[10470]	44	106	-14	-7	-2	-6	det1=true
[10471]	44	106	-20	-7	-2	6	det1=true
[10472]	44	106	-17	-2	-5	4	det1=true
[10473]	58	106	-24	-3	-2	7	det1=true
[10474]	58	106	-18	-9	-6	-4	det1=true
[10475]	70	106	-33	-20	-7	-2	det1=true
[10476]	70	106	-35	-20	-7	2	det1=true
[10477]	71	106	-21	-17	-6	-5	det1=true
[10478]	71	106	-26	-17	-6	5	det1=true
[10479]	76	106	-33	-14	-1	8	det1=true
[10480]	76	106	-9	-3	-3	-8	det1=true
[10481]	76	106	-17	-3	-3	8	det1=true
[10482]	77	106	-34	-13	-6	-5	det1=true
[10483]	77	106	-39	-13	-6	5	det1=true
[10484]	77	106	-13	-1	-3	-8	det1=true
[10485]	77	106	-21	-1	-3	8	det1=true
[10486]	83	106	-35	-16	-1	-8	det1=true
[10487]	83	106	-43	-16	-1	8	det1=true
[10488]	83	106	-33	-8	-3	8	det1=true
[10489]	85	106	-40	3	-8	-2	det1=true
[10490]	85	106	-42	3	-8	2	det1=true
[10491]	85	106	-25	-17	-8	-3	det1=true
[10492]	85	106	-28	-17	-8	3	det1=true
[10493]	88	106	-39	-16	-8	-2	det1=true
[10494]	88	106	-41	-16	-8	2	det1=true
[10495]	88	106	-36	-19	-2	-8	det1=true
[10496]	89	106	-31	-17	-3	-8	det1=true
[10497]	89	106	-39	-17	-3	8	det1=true
[10498]	89	106	-19	-7	-2	9	det1=true
[10499]	91	106	-3	0	-5	-8	det1=true
[10500]	93	106	-47	-29	-4	7	det1=true
[10501]	94	106	-41	-7	-3	-8	det1=true
[10502]	94	106	-49	-7	-3	8	det1=true
[10503]	98	106	-41	-32	-8	-2	det1=true
[10504]	99	106	-39	-40	-1	-8	det1=true
[10505]	99	106	-47	-40	-1	8	det1=true
[10506]	99	106	-19	-17	-8	-5	det1=true
[10507]	99	106	-24	-17	-8	5	det1=true
[10508]	100	106	-45	-30	-8	-2	det1=true
[10509]	100	106	-47	-30	-8	2	det1=true
[10510]	101	106	-34	-7	-2	-9	det1=true
[10511]	101	106	-43	-7	-2	9	det1=true
[10512]	103	106	-45	-24	-3	-8	det1=true
[10513]	103	106	-53	-24	-3	8	det1=true
[10514]	103	106	-35	-17	-9	-2	det1=true
[10515]	26	107	-7	-1	-3	-4	det1=true
[10516]	26	107	-11	-1	-3	4	det1=true
[10517]	29	107	-12	-9	-1	-5	det1=true
[10518]	29	107	-17	-9	-1	5	det1=true
[10519]	41	107	-14	-10	-1	-6	det1=true
[10520]	41	107	-20	-10	-1	6	det1=true
[10521]	49	107	-15	-8	-6	-3	det1=true
[10522]	51	107	-22	-19	-5	-4	det1=true
[10523]	51	107	-26	-19	-5	4	det1=true
[10524]	55	107	-20	-21	-3	-6	det1=true
[10525]	55	107	-26	-21	-3	6	det1=true
[10526]	55	107	-19	-3	-4	6	det1=true
[10527]	57	107	-14	-8	-2	-7	det1=true
[10528]	57	107	-21	-8	-2	7	det1=true
[10529]	59	107	-19	-13	-4	-6	det1=true
[10530]	59	107	-25	-13	-4	6	det1=true
[10531]	59	107	-5	-1	-7	-3	det1=true
[10532]	59	107	-8	-1	-7	3	det1=true
[10533]	65	107	-16	-2	-5	-6	det1=true
[10534]	65	107	-22	-2	-5	6	det1=true
[10535]	73	107	-38	-1	-5	6	det1=true
[10536]	75	107	-20	-12	-8	-2	det1=true
[10537]	75	107	-22	-12	-8	2	det1=true
[10538]	77	107	-37	-19	-7	-3	det1=true
[10539]	77	107	-40	-19	-7	3	det1=true
[10540]	78	107	-39	-31	-7	2	det1=true
[10541]	78	107	-25	-21	-4	-7	det1=true
[10542]	79	107	-29	-5	-2	-8	det1=true
[10543]	79	107	-37	-5	-2	8	det1=true
[10544]	81	107	-22	-4	-5	-7	det1=true
[10545]	81	107	-29	-4	-5	7	det1=true
[10546]	87	107	-28	-16	-5	-7	det1=true
[10547]	87	107	-35	-16	-5	7	det1=true
[10548]	88	107	-13	3	-7	-6	det1=true
[10549]	88	107	-19	3	-7	6	det1=true
[10550]	89	107	-19	-13	-9	-1	det1=true
[10551]	93	107	-20	-2	-3	9	det1=true
[10552]	94	107	-23	-11	-6	-7	det1=true
[10553]	94	107	-30	-11	-6	7	det1=true
[10554]	95	107	-22	-16	-7	-6	det1=true
[10555]	95	107	-28	-16	-7	6	det1=true
[10556]	96	107	-22	-5	-8	-5	det1=true
[10557]	96	107	-17	-13	-5	-8	det1=true
[10558]	96	107	-25	-13	-5	8	det1=true
[10559]	97	107	-24	-1	-9	-3	det1=true
[10560]	97	107	-27	-1	-9	3	det1=true
[10561]	98	107	-44	-33	-4	-7	det1=true
[10562]	98	107	-51	-33	-4	7	det1=true
[10563]	100	107	-27	-23	-9	-2	det1=true
[10564]	100	107	-29	-23	-9	2	det1=true
[10565]	101	107	-16	-1	-9	-4	det1=true
[10566]	101	107	-20	-1	-9	4	det1=true
[10567]	103	107	-46	-21	-1	9	det1=true
[10568]	103	107	-38	-34	-7	-5	det1=true
[10569]	104	107	-31	-25	-7	-6	det1=true
[10570]	104	107	-37	-25	-7	6	det1=true
[10571]	104	107	-15	3	-10	-1	det1=true
[10572]	104	107	-16	3	-10	1	det1=true
[10573]	105	107	-33	-31	-1	-9	det1=true
[10574]	105	107	-13	-8	-10	-1	det1=true
[10575]	105	107	-14	-8	-10	1	det1=true
[10576]	107	107	-72	-21	-3	7	det1=true
[10577]	107	107	-36	-9	-3	-9	det1=true
[10578]	107	107	-45	-9	-3	9	det1=true
[10579]	18	108	-7	-5	-1	-4	det1=true
[10580]	18	108	-11	-5	-1	4	det1=true
[10581]	41	108	-6	-5	-2	-6	det1=true
[10582]	41	108	-12	-5	-2	6	det1=true
[10583]	43	108	-21	-2	-2	6	det1=true
[10584]	67	108	-9	-7	-7	-4	det1=true
[10585]	67	108	-13	-7	-7	4	det1=true
[10586]	71	108	-17	0	-8	-2	det1=true
[10587]	71	108	-19	0	-8	2	det1=true
[10588]	83	108	-44	-5	-2	8	det1=true
[10589]	83	108	-37	-29	-1	8	det1=true
[10590]	91	108	-10	-5	-8	-5	det1=true
[10591]	91	108	-15	-5	-8	5	det1=true
[10592]	92	108	-13	-5	-5	-8	det1=true
[10593]	92	108	-21	-5	-5	8	det1=true
[10594]	102	108	-33	-5	-5	-8	det1=true
[10595]	102	108	-41	-5	-5	8	det1=true
[10596]	103	108	-36	-17	-2	-9	det1=true
[10597]	103	108	-45	-17	-2	9	det1=true
[10598]	104	108	-42	-5	-8	5	det1=true
[10599]	108	108	-15	-19	-1	-10	det1=true
[10600]	108	108	-25	-19	-1	10	det1=true
[10601]	55	105	-19	1	-7	-1	det1=true
[10602]	55	105	-20	1	-7	1	det1=true
[10603]	61	105	-26	-12	-6	4	det1=true
[10604]	75	105	-29	4	-8	-1	det1=true
[10605]	75	105	-30	4	-8	1	det1=true
[10606]	76	105	-33	-8	-5	-6	det1=true
[10607]	76	105	-39	-8	-5	6	det1=true
[10608]	77	105	-28	-14	-8	1	det1=true
[10609]	77	105	-30	-8	-2	8	det1=true
[10610]	79	105	-32	-22	-1	8	det1=true
[10611]	82	105	-33	-16	-7	-4	det1=true
[10612]	82	105	-37	-16	-7	4	det1=true
[10613]	83	105	-38	-7	-7	-4	det1=true
[10614]	83	105	-42	-7	-7	4	det1=true
[10615]	83	105	-20	-15	-3	-8	det1=true
[10616]	85	105	-30	-20	-2	-8	det1=true
[10617]	85	105	-38	-20	-2	8	det1=true
[10618]	89	105	-22	3	-9	-1	det1=true
[10619]	89	105	-23	3	-9	1	det1=true
[10620]	91	105	-28	-22	-7	-5	det1=true
[10621]	91	105	-33	-22	-7	5	det1=true
[10622]	92	105	-11	-2	-5	8	det1=true
[10623]	94	105	-44	-33	-4	7	det1=true
[10624]	95	105	-42	-28	-4	-7	det1=true
[10625]	95	105	-49	-28	-4	7	det1=true
[10626]	95	105	-17	2	-8	-5	det1=true
[10627]	95	105	-22	2	-8	5	det1=true
[10628]	97	105	-42	-22	-7	5	det1=true
[10629]	97	105	-36	-23	-5	-7	det1=true
[10630]	97	105	-43	-23	-5	7	det1=true
[10631]	39	106	-15	-1	-1	6	det1=true
[10632]	45	106	-16	-1	-4	-5	det1=true
[10633]	45	106	-21	-1	-4	5	det1=true
[10634]	57	106	-17	1	-7	-2	det1=true
[10635]	57	106	-19	1	-7	2	det1=true
[10636]	63	106	-27	-10	-7	-2	det1=true
[10637]	64	106	-8	-7	-6	-5	det1=true
[10638]	70	106	-23	-11	-6	-5	det1=true
[10639]	71	106	-29	-28	-6	-4	det1=true
[10640]	71	106	-33	-28	-6	4	det1=true
[10641]	72	106	-21	-1	-1	-8	det1=true
[10642]	72	106	-29	-1	-1	8	det1=true
[10643]	73	106	-16	-7	-8	-2	det1=true
[10644]	73	106	-18	-7	-8	2	det1=true
[10645]	76	106	-30	-7	-8	-1	det1=true
[10646]	76	106	-31	-7	-8	1	det1=true
[10647]	76	106	-25	-14	-1	-8	det1=true
[10648]	81	106	-29	-12	-2	-8	det1=true
[10649]	81	106	-37	-12	-2	8	det1=true
[10650]	82	106	-23	-11	-8	-3	det1=true
[10651]	82	106	-26	-11	-8	3	det1=true
[10652]	83	106	-25	-8	-3	-8	det1=true
[10653]	88	106	-44	-19	-2	8	det1=true
[10654]	89	106	-37	-33	-5	-6	det1=true
[10655]	89	106	-43	-33	-5	6	det1=true
[10656]	91	106	-15	-9	-6	-7	det1=true
[10657]	91	106	-22	-9	-6	7	det1=true
[10658]	93	106	-11	-4	-5	-8	det1=true
[10659]	93	106	-19	-4	-5	8	det1=true
[10660]	95	106	-41	-37	-5	-6	det1=true
[10661]	95	106	-47	-37	-5	6	det1=true
[10662]	97	106	-30	3	-6	-7	det1=true
[10663]	103	106	-33	-18	-7	-6	det1=true
[10664]	103	106	-39	-18	-7	6	det1=true
[10665]	106	106	-50	-37	-8	-1	det1=true
[10666]	106	106	-51	-37	-8	1	det1=true
[10667]	41	107	-21	-16	-5	3	det1=true
[10668]	59	107	-20	-12	-6	-4	det1=true
[10669]	59	107	-24	-12	-6	4	det1=true
[10670]	64	107	-12	-5	-6	-5	det1=true
[10671]	64	107	-17	-5	-6	5	det1=true
[10672]	67	107	-10	-1	-7	-4	det1=true
[10673]	67	107	-14	-1	-7	4	det1=true
[10674]	68	107	-20	-11	-6	-5	det1=true
[10675]	68	107	-25	-11	-6	5	det1=true
[10676]	69	107	-10	-13	-1	-8	det1=true
[10677]	69	107	-18	-13	-1	8	det1=true
[10678]	74	107	-3	0	-3	-8	det1=true
[10679]	74	107	-11	0	-3	8	det1=true
[10680]	75	107	-20	-10	-2	-8	det1=true
[10681]	75	107	-28	-10	-2	8	det1=true
[10682]	75	107	-2	-2	-5	-7	det1=true
[10683]	76	107	-14	-1	-8	-3	det1=true
[10684]	76	107	-17	-1	-8	3	det1=true
[10685]	77	107	-28	-14	-1	-8	det1=true
[10686]	77	107	-36	-14	-1	8	det1=true
[10687]	77	107	-9	-8	-7	-5	det1=true
[10688]	77	107	-14	-8	-7	5	det1=true
[10689]	78	107	-36	1	-8	-1	det1=true
[10690]	78	107	-29	-19	-8	1	det1=true
[10691]	78	107	-26	-13	-8	-2	det1=true
[10692]	80	107	-27	-23	-4	-7	det1=true
[10693]	81	107	-38	-22	-1	8	det1=true
[10694]	82	107	-35	-25	-5	-6	det1=true
[10695]	82	107	-41	-25	-5	6	det1=true
[10696]	83	107	-7	3	-9	1	det1=true
[10697]	83	107	-2	-1	-1	-9	det1=true
[10698]	83	107	-11	-1	-1	9	det1=true
[10699]	85	107	-38	-32	-3	-7	det1=true
[10700]	85	107	-45	-32	-3	7	det1=true
[10701]	86	107	-3	3	-6	-7	det1=true
[10702]	86	107	-10	3	-6	7	det1=true
[10703]	88	107	-8	-9	-2	-9	det1=true
[10704]	89	107	-36	-6	-3	-8	det1=true
[10705]	89	107	-20	-13	-9	1	det1=true
[10706]	89	107	-15	-17	-1	-9	det1=true
[10707]	89	107	-24	-17	-1	9	det1=true
[10708]	90	107	-41	-24	-1	-8	det1=true
[10709]	90	107	-49	-24	-1	8	det1=true
[10710]	90	107	-3	1	-8	-5	det1=true
[10711]	90	107	-8	1	-8	5	det1=true
[10712]	93	107	-17	1	-9	3	det1=true
[10713]	94	107	-44	-7	-8	-3	det1=true
[10714]	94	107	-47	-7	-8	3	det1=true
[10715]	95	107	-40	-20	-8	-3	det1=true
[10716]	95	107	-43	-20	-8	3	det1=true
[10717]	95	107	-32	-28	-5	-7	det1=true
[10718]	95	107	-39	-28	-5	7	det1=true
[10719]	95	107	-24	-15	-9	-2	det1=true
[10720]	95	107	-26	-15	-9	2	det1=true
[10721]	96	107	-21	-5	-5	-8	det1=true
[10722]	96	107	-29	-5	-5	8	det1=true
[10723]	96	107	-27	-5	-8	5	det1=true
[10724]	98	107	-27	-21	-9	2	det1=true
[10725]	99	107	-46	-26	-5	7	det1=true
[10726]	99	107	-28	-18	-6	-7	det1=true
[10727]	99	107	-35	-18	-6	7	det1=true
[10728]	100	107	-29	-2	-5	-8	det1=true
[10729]	100	107	-37	-2	-5	8	det1=true
[10730]	100	107	-25	-24	-7	-6	det1=true
[10731]	102	107	-19	0	-9	-4	det1=true
[10732]	103	107	-41	-17	-9	-1	det1=true
[10733]	103	107	-42	-17	-9	1	det1=true
[10734]	103	107	-37	-21	-1	-9	det1=true
[10735]	103	107	-43	-34	-7	5	det1=true
[10736]	103	107	-34	-26	-1	-9	det1=true
[10737]	103	107	-43	-26	-1	9	det1=true
[10738]	104	107	-47	-38	-7	-4	det1=true
[10739]	104	107	-51	-38	-7	4	det1=true
[10740]	106	107	-49	-43	-6	-5	det1=true
[10741]	106	107	-54	-43	-6	5	det1=true
[10742]	33	108	-15	-11	-5	-2	det1=true
[10743]	33	108	-17	-11	-5	2	det1=true
[10744]	43	108	-11	-5	-5	-4	det1=true
[10745]	54	108	-9	-1	-7	-2	det1=true
[10746]	54	108	-11	-1	-7	2	det1=true
[10747]	66	108	-7	-3	-7	-4	det1=true
[10748]	66	108	-11	-3	-7	4	det1=true
[10749]	66	108	-5	-6	-1	-8	det1=true
[10750]	66	108	-13	-6	-1	8	det1=true
[10751]	70	108	-19	-5	-4	-7	det1=true
[10752]	70	108	-26	-5	-4	7	det1=true
[10753]	73	108	-29	1	-8	-1	det1=true
[10754]	73	108	-30	1	-8	1	det1=true
[10755]	73	108	-26	-1	-4	-7	det1=true
[10756]	73	108	-33	-1	-4	7	det1=true
[10757]	76	108	-33	-5	-8	-1	det1=true
[10758]	78	108	-26	-13	-2	-8	det1=true
[10759]	83	108	-35	-26	-7	4	det1=true
[10760]	83	108	-29	-29	-1	-8	det1=true
[10761]	88	108	-15	-1	-7	-6	det1=true
[10762]	97	108	-33	-1	-7	-6	det1=true
[10763]	97	108	-39	-1	-7	6	det1=true
[10764]	99	108	-26	-13	-8	-5	det1=true
[10765]	99	108	-31	-13	-8	5	det1=true
[10766]	103	108	-37	-15	-6	-7	det1=true
[10767]	103	108	-44	-15	-6	7	det1=true
[10768]	106	108	-33	-28	-7	-6	det1=true
[10769]	106	108	-39	-28	-7	6	det1=true
[10770]	29	105	-11	-8	-5	-1	det1=true
[10771]	29	105	-12	-8	-5	1	det1=true
[10772]	56	105	-8	-5	-2	-7	det1=true
[10773]	56	105	-15	-5	-2	7	det1=true
[10774]	61	105	-22	-12	-6	-4	det1=true
[10775]	61	105	-21	-13	-4	-6	det1=true
[10776]	61	105	-27	-13	-4	6	det1=true
[10777]	67	105	-18	-2	-5	-6	det1=true
[10778]	67	105	-24	-2	-5	6	det1=true
[10779]	69	105	-27	-10	-7	-3	det1=true
[10780]	69	105	-30	-10	-7	3	det1=true
[10781]	73	105	-36	1	-5	6	det1=true
[10782]	75	105	-26	2	-4	-7	det1=true
[10783]	75	105	-33	2	-4	7	det1=true
[10784]	77	105	-22	-8	-2	-8	det1=true
[10785]	89	105	-32	-12	-3	-8	det1=true
[10786]	89	105	-40	-12	-3	8	det1=true
[10787]	89	105	-18	-1	-1	-9	det1=true
[10788]	89	105	-27	-1	-1	9	det1=true
[10789]	91	105	-27	-23	-5	-7	det1=true
[10790]	92	105	-3	-2	-5	-8	det1=true
[10791]	94	105	-40	-31	-8	-1	det1=true
[10792]	94	105	-41	-31	-8	1	det1=true
[10793]	94	105	-37	-33	-4	-7	det1=true
[10794]	98	105	-41	-35	-1	-8	det1=true
[10795]	98	105	-49	-35	-1	8	det1=true
[10796]	103	105	-43	-9	-8	-4	det1=true
[10797]	105	105	-37	-12	-6	-7	det1=true
[10798]	26	106	-5	-2	-3	-4	det1=true
[10799]	26	106	-9	-2	-3	4	det1=true
[10800]	44	106	-13	-2	-5	-4	det1=true
[10801]	58	106	-17	-3	-2	-7	det1=true
[10802]	58	106	-22	-9	-6	4	det1=true
[10803]	59	106	-20	-9	-4	-6	det1=true
[10804]	59	106	-26	-9	-4	6	det1=true
[10805]	71	106	-30	-11	-6	5	det1=true
[10806]	73	106	-35	-26	-7	2	det1=true
[10807]	74	106	-25	-7	-7	-4	det1=true
[10808]	74	106	-29	-7	-7	4	det1=true
[10809]	81	106	-26	-19	-8	-2	det1=true
[10810]	82	106	-33	-18	-7	-4	det1=true
[10811]	82	106	-37	-18	-7	4	det1=true
[10812]	88	106	-38	-25	-8	-1	det1=true
[10813]	88	106	-39	-25	-8	1	det1=true
[10814]	90	106	-17	-3	-9	-2	det1=true
[10815]	90	106	-19	-3	-9	2	det1=true
[10816]	91	106	-23	-11	-2	9	det1=true
[10817]	91	106	-11	0	-5	8	det1=true
[10818]	91	106	-3	-1	-8	-5	det1=true
[10819]	91	106	-8	-1	-8	5	det1=true
[10820]	92	106	-34	-21	-8	-3	det1=true
[10821]	92	106	-37	-21	-8	3	det1=true
[10822]	93	106	-40	-29	-4	-7	det1=true
[10823]	93	106	-37	-33	-7	-4	det1=true
[10824]	93	106	-41	-33	-7	4	det1=true
[10825]	93	106	-35	-36	-1	-8	det1=true
[10826]	93	106	-43	-36	-1	8	det1=true
[10827]	102	106	-45	-37	-1	-8	det1=true
[10828]	102	106	-53	-37	-1	8	det1=true
[10829]	103	106	-24	-21	-8	-5	det1=true
[10830]	103	106	-29	-21	-8	5	det1=true
[10831]	103	106	-11	-13	-4	-9	det1=true
[10832]	103	106	-20	-13	-4	9	det1=true
[10833]	106	106	-31	-18	-5	-8	det1=true
[10834]	106	106	-39	-18	-5	8	det1=true
[10835]	31	107	-8	-8	-2	-5	det1=true
[10836]	31	107	-13	-8	-2	5	det1=true
[10837]	38	107	-7	-3	-6	1	det1=true
[10838]	53	107	-15	-3	-7	-1	det1=true
[10839]	53	107	-16	-3	-7	1	det1=true
[10840]	55	107	-13	-3	-4	-6	det1=true
[10841]	59	107	-22	-18	-7	1	det1=true
[10842]	59	107	-6	1	-7	-3	det1=true
[10843]	59	107	-9	1	-7	3	det1=true
[10844]	67	107	-8	-4	-1	-8	det1=true
[10845]	67	107	-16	-4	-1	8	det1=true
[10846]	70	107	-25	-9	-5	-6	det1=true
[10847]	70	107	-31	-9	-5	6	det1=true
[10848]	71	107	-36	-9	-7	3	det1=true
[10849]	71	107	-31	-11	-3	-7	det1=true
[10850]	71	107	-38	-11	-3	7	det1=true
[10851]	75	107	-9	-2	-5	7	det1=true
[10852]	78	107	-37	-31	-7	-2	det1=true
[10853]	78	107	-37	1	-8	1	det1=true
[10854]	78	107	-27	-19	-1	-8	det1=true
[10855]	78	107	-35	-19	-1	8	det1=true
[10856]	78	107	-28	-13	-8	2	det1=true
[10857]	81	107	-37	-12	-8	-1	det1=true
[10858]	81	107	-38	-12	-8	1	det1=true
[10859]	81	107	-17	-14	-5	-7	det1=true
[10860]	81	107	-24	-14	-5	7	det1=true
[10861]	85	107	-42	-28	-6	5	det1=true
[10862]	86	107	-5	2	-9	-2	det1=true
[10863]	86	107	-7	2	-9	2	det1=true
[10864]	88	107	-46	-17	-2	8	det1=true
[10865]	89	107	-18	3	-9	-2	det1=true
[10866]	89	107	-20	3	-9	2	det1=true
[10867]	89	107	-16	2	-7	-6	det1=true
[10868]	89	107	-22	2	-7	6	det1=true
[10869]	92	107	-42	-19	-2	-8	det1=true
[10870]	92	107	-50	-19	-2	8	det1=true
[10871]	93	107	-14	1	-9	-3	det1=true
[10872]	93	107	-11	-2	-3	-9	det1=true
[10873]	97	107	-27	-14	-6	-7	det1=true
[10874]	99	107	-47	-27	-8	-2	det1=true
[10875]	99	107	-44	-30	-2	-8	det1=true
[10876]	99	107	-52	-30	-2	8	det1=true
[10877]	99	107	-39	-26	-5	-7	det1=true
[10878]	104	107	-35	-24	-9	2	det1=true
[10879]	105	107	-42	-31	-1	9	det1=true
[10880]	68	108	-29	-23	-2	-7	det1=true
[10881]	68	108	-36	-23	-2	7	det1=true
[10882]	71	108	-15	-8	-8	2	det1=true
[10883]	75	108	-26	-13	-4	-7	det1=true
[10884]	75	108	-33	-13	-4	7	det1=true
[10885]	77	108	-26	-19	-4	-7	det1=true
[10886]	77	108	-33	-19	-4	7	det1=true
[10887]	79	108	-34	-9	-4	-7	det1=true
[10888]	79	108	-41	-9	-4	7	det1=true
[10889]	83	108	-36	-5	-2	-8	det1=true
[10890]	83	108	-31	-26	-7	-4	det1=true
[10891]	88	108	-39	-20	-8	-2	det1=true
[10892]	88	108	-41	-20	-8	2	det1=true
[10893]	88	108	-21	-1	-7	6	det1=true
[10894]	89	108	-2	3	-8	-5	det1=true
[10895]	89	108	-7	3	-8	5	det1=true
[10896]	98	108	-29	3	-8	-5	det1=true
[10897]	98	108	-34	3	-8	5	det1=true
[10898]	101	108	-4	3	-10	-1	det1=true
[10899]	101	108	-5	3	-10	1	det1=true
[10900]	104	108	-37	-5	-8	-5	det1=true
[10901]	105	108	-20	-1	-10	-1	det1=true
[10902]	105	108	-21	-1	-10	1	det1=true
[10903]	105	108	-13	-11	-1	-10	det1=true
[10904]	105	108	-23	-11	-1	10	det1=true
[10905]	67	105	-17	-6	-6	-5	det1=true
[10906]	70	105	-13	-7	-1	-8	det1=true
[10907]	74	105	-17	0	-2	-8	det1=true
[10908]	74	105	-25	0	-2	8	det1=true
[10909]	77	105	-30	-4	-7	-4	det1=true
[10910]	77	105	-34	-4	-7	4	det1=true
[10911]	82	105	-30	-17	-8	2	det1=true
[10912]	83	105	-23	-6	-7	-5	det1=true
[10913]	83	105	-28	-6	-7	5	det1=true
[10914]	89	105	-43	-5	-8	-2	det1=true
[10915]	89	105	-45	-5	-8	2	det1=true
[10916]	104	105	-9	4	-8	-6	det1=true
[10917]	104	105	-15	4	-8	6	det1=true
[10918]	105	105	-44	-12	-6	7	det1=true
[10919]	105	105	-32	-23	-5	8	det1=true
[10920]	59	106	-21	-8	-6	-4	det1=true
[10921]	59	106	-25	-8	-6	4	det1=true
[10922]	67	106	-5	-3	-4	-7	det1=true
[10923]	67	106	-12	-3	-4	7	det1=true
[10924]	70	106	-24	-9	-6	-5	det1=true
[10925]	76	106	-29	-6	-7	-4	det1=true
[10926]	76	106	-33	-6	-7	4	det1=true
[10927]	84	106	-27	-11	-8	-3	det1=true
[10928]	84	106	-30	-11	-8	3	det1=true
[10929]	89	106	-10	-7	-2	-9	det1=true
[10930]	90	106	-42	-23	-8	-1	det1=true
[10931]	91	106	-14	-11	-2	-9	det1=true
[10932]	97	106	-31	-33	-3	-8	det1=true
[10933]	97	106	-39	-33	-3	8	det1=true
[10934]	27	107	-7	-3	-5	-1	det1=true
[10935]	27	107	-8	-3	-5	1	det1=true
[10936]	45	107	-16	-6	-5	-4	det1=true
[10937]	45	107	-20	-6	-5	4	det1=true
[10938]	66	107	-25	-24	-6	-4	det1=true
[10939]	66	107	-29	-24	-6	4	det1=true
[10940]	70	107	-8	-5	-8	-2	det1=true
[10941]	70	107	-10	-5	-8	2	det1=true
[10942]	71	107	-33	-9	-7	-3	det1=true
[10943]	77	107	-35	-21	-3	-7	det1=true
[10944]	85	107	-38	-28	-4	7	det1=true
[10945]	86	107	-2	1	-2	-9	det1=true
[10946]	88	107	-11	-3	-2	-9	det1=true
[10947]	88	107	-20	-3	-2	9	det1=true
[10948]	91	107	-8	1	-5	-8	det1=true
[10949]	91	107	-16	1	-5	8	det1=true
[10950]	95	107	-42	-11	-7	-5	det1=true
[10951]	95	107	-47	-11	-7	5	det1=true
[10952]	95	107	-32	-12	-9	-1	det1=true
[10953]	96	107	-41	-18	-3	-8	det1=true
[10954]	96	107	-49	-18	-3	8	det1=true
[10955]	99	107	-49	-27	-8	2	det1=true
[10956]	103	107	-33	-20	-6	-7	det1=true
[10957]	103	107	-40	-20	-6	7	det1=true
[10958]	105	107	-42	-32	-5	-7	det1=true
[10959]	105	107	-49	-32	-5	7	det1=true
[10960]	105	107	-19	2	-10	1	det1=true
[10961]	45	108	-19	2	-5	-4	det1=true
[10962]	45	108	-23	2	-5	4	det1=true
[10963]	45	108	-14	-11	-4	-5	det1=true
[10964]	45	108	-19	-11	-4	5	det1=true
[10965]	57	108	-23	-7	-2	7	det1=true
[10966]	67	108	-10	-5	-4	-7	det1=true
[10967]	67	108	-17	-5	-4	7	det1=true
[10968]	71	108	-14	-3	-2	-8	det1=true
[10969]	71	108	-22	-3	-2	8	det1=true
[10970]	82	108	-33	-23	-8	-1	det1=true
[10971]	82	108	-34	-23	-8	1	det1=true
[10972]	84	108	-44	-11	-2	8	det1=true
[10973]	99	108	-38	-39	-2	-8	det1=true
[10974]	99	108	-46	-39	-2	8	det1=true
[10975]	103	108	-46	-35	-2	-8	det1=true
[10976]	103	108	-54	-35	-2	8	det1=true
[10977]	108	108	-35	-21	-5	-8	det1=true
[10978]	79	105	-11	-8	-5	-7	det1=true
[10979]	79	105	-18	-8	-5	7	det1=true
[10980]	81	105	-36	-4	-7	-4	det1=true
[10981]	81	105	-40	-4	-7	4	det1=true
[10982]	82	105	-28	-17	-8	-2	det1=true
[10983]	82	105	-25	-20	-2	-8	det1=true
[10984]	82	105	-33	-20	-2	8	det1=true
[10985]	85	105	-33	-17	-8	-2	det1=true
[10986]	85	105	-35	-17	-8	2	det1=true
[10987]	87	105	-15	-11	-8	-4	det1=true
[10988]	101	105	-41	-23	-5	-7	det1=true
[10989]	101	105	-48	-23	-5	7	det1=true
[10990]	104	105	-4	1	-10	-1	det1=true
[10991]	104	105	-5	1	-10	1	det1=true
[10992]	40	106	-17	-7	-1	6	det1=true
[10993]	76	106	-27	-9	-1	-8	det1=true
[10994]	76	106	-35	-9	-1	8	det1=true
[10995]	90	106	-43	-23	-8	1	det1=true
[10996]	43	107	-11	2	-4	-5	det1=true
[10997]	51	107	-4	-3	-1	-7	det1=true
[10998]	51	107	-11	-3	-1	7	det1=true
[10999]	59	107	-20	-6	-2	-7	det1=true
[11000]	59	107	-27	-6	-2	7	det1=true
[11001]	79	107	-26	-14	-2	-8	det1=true
[11002]	79	107	-34	-14	-2	8	det1=true
[11003]	88	107	-38	-17	-2	-8	det1=true
[11004]	95	107	-33	-27	-7	-5	det1=true
[11005]	95	107	-38	-27	-7	5	det1=true
[11006]	98	107	-25	-21	-9	-2	det1=true
[11007]	103	107	-30	-10	-3	-9	det1=true
[11008]	103	107	-39	-10	-3	9	det1=true
[11009]	41	108	-1	2	-5	-4	det1=true
[11010]	41	108	-5	2	-5	4	det1=true
[11011]	54	108	-7	-4	-7	-2	det1=true
[11012]	54	108	-9	-4	-7	2	det1=true
[11013]	57	108	-16	-7	-2	-7	det1=true
[11014]	65	108	1	-2	-1	-8	det1=true
[11015]	65	108	-7	-2	-1	8	det1=true
[11016]	67	108	-11	-2	-1	-8	det1=true
[11017]	67	108	-19	-2	-1	8	det1=true
[11018]	76	108	-34	-5	-8	1	det1=true
[11019]	84	108	-36	-11	-2	-8	det1=true
[11020]	93	108	-39	-34	-1	-8	det1=true
[11021]	93	108	-47	-34	-1	8	det1=true
[11022]	106	108	-10	-3	-2	-10	det1=true
[11023]	106	108	-20	-3	-2	10	det1=true
[11024]	40	106	-11	-7	-1	-6	det1=true
[11025]	44	106	-16	-5	-6	-2	det1=true
[11026]	44	106	-18	-5	-6	2	det1=true
[11027]	82	106	-31	-21	-1	-8	det1=true
[11028]	82	106	-39	-21	-1	8	det1=true
[11029]	83	106	-37	-13	-7	-4	det1=true
[11030]	84	106	-29	-22	-8	-2	det1=true
[11031]	84	106	-31	-22	-8	2	det1=true
[11032]	90	106	-43	-40	-7	-2	det1=true
[11033]	90	106	-45	-40	-7	2	det1=true
[11034]	100	106	-42	-33	-2	-8	det1=true
[11035]	100	106	-50	-33	-2	8	det1=true
[11036]	30	107	-7	-2	-5	-2	det1=true
[11037]	30	107	-9	-2	-5	2	det1=true
[11038]	63	107	-16	-9	-3	-7	det1=true
[11039]	63	107	-23	-9	-3	7	det1=true
[11040]	79	107	-35	-26	-7	-3	det1=true
[11041]	79	107	-38	-26	-7	3	det1=true
[11042]	79	107	-29	-11	-8	-2	det1=true
[11043]	79	107	-31	-11	-8	2	det1=true
[11044]	92	107	-9	-7	-8	-5	det1=true
[11045]	92	107	-14	-7	-8	5	det1=true
[11046]	95	107	-33	-12	-9	1	det1=true
[11047]	97	107	-36	-10	-9	-1	det1=true
[11048]	97	107	-37	-10	-9	1	det1=true
[11049]	107	107	-19	-9	-6	-8	det1=true
[11050]	107	107	-27	-9	-6	8	det1=true
[11051]	82	108	-30	-25	-4	-7	det1=true
[11052]	93	108	-41	-31	-7	-4	det1=true
[11053]	93	108	-45	-31	-7	4	det1=true
[11054]	104	108	-44	-39	-2	-8	det1=true
[11055]	104	108	-52	-39	-2	8	det1=true
[11056]	57	105	-22	-6	-7	-1	det1=true
[11057]	57	105	-23	-6	-7	1	det1=true
[11058]	79	105	-34	-6	-8	-1	det1=true
[11059]	79	105	-35	-6	-8	1	det1=true
[11060]	91	105	-41	-30	-6	-5	det1=true
[11061]	91	105	-37	-1	-7	-5	det1=true
[11062]	91	105	-42	-1	-7	5	det1=true
[11063]	102	105	-33	-11	-2	-9	det1=true
[11064]	102	105	-42	-11	-2	9	det1=true
[11065]	83	106	-41	-13	-7	4	det1=true
[11066]	91	106	-23	-16	-8	-4	det1=true
[11067]	94	106	-27	0	-9	-2	det1=true
[11068]	94	106	-29	0	-9	2	det1=true
[11069]	79	107	-33	-28	-3	-7	det1=true
[11070]	79	107	-40	-28	-3	7	det1=true
[11071]	97	107	-33	-16	-9	-1	det1=true
[11072]	97	107	-34	-16	-9	1	det1=true
[11073]	107	107	-20	-8	-8	-6	det1=true
[11074]	107	107	-26	-8	-8	6	det1=true
[11075]	93	108	-17	-1	-5	-8	det1=true
[11076]	93	108	-25	-1	-5	8	det1=true
[11077]	60	105	-23	0	-7	-2	det1=true
[11078]	60	105	-25	0	-7	2	det1=true
[11079]	77	105	-8	3	-7	-5	det1=true
[11080]	77	105	-13	3	-7	5	det1=true
[11081]	94	105	-9	-8	-5	-8	det1=true
[11082]	94	105	-17	-8	-5	8	det1=true
[11083]	45	106	-11	-11	-4	-5	det1=true
[11084]	89	106	-11	-5	-6	-7	det1=true
[11085]	89	106	-18	-5	-6	7	det1=true
[11086]	91	106	-27	-16	-8	4	det1=true
[11087]	83	107	-21	-15	-5	-7	det1=true
[11088]	83	107	-28	-15	-5	7	det1=true
[11089]	91	107	-20	-2	-6	-7	det1=true
[11090]	91	107	-27	-2	-6	7	det1=true
[11091]	95	107	-40	-30	-8	-2	det1=true
[11092]	95	107	-42	-30	-8	2	det1=true
[11093]	103	107	-37	-35	-5	-7	det1=true
[11094]	103	107	-44	-35	-5	7	det1=true
[11095]	107	107	-30	-24	-5	-8	det1=true
[11096]	107	107	-38	-24	-5	8	det1=true
[11097]	57	105	-19	-9	-1	-7	det1=true
[11098]	57	105	-26	-9	-1	7	det1=true
[11099]	65	105	-28	-13	-7	-2	det1=true
[11100]	65	105	-30	-13	-7	2	det1=true
[11101]	72	105	-22	-3	-8	-1	det1=true
[11102]	72	105	-23	-3	-8	1	det1=true
[11103]	89	105	-33	-7	-7	-5	det1=true
[11104]	89	105	-38	-7	-7	5	det1=true
[11105]	102	105	-29	-21	-9	-2	det1=true
[11106]	100	106	-45	-39	-5	-6	det1=true
[11107]	100	106	-51	-39	-5	6	det1=true
[11108]	55	107	-14	-2	-6	-4	det1=true
[11109]	55	107	-18	-2	-6	4	det1=true
[11110]	72	107	-22	-5	-4	-7	det1=true
[11111]	72	107	-29	-5	-4	7	det1=true
[11112]	78	107	-29	-16	-7	-4	det1=true
[11113]	78	107	-33	-16	-7	4	det1=true
[11114]	94	108	-41	-33	-1	-8	det1=true
[11115]	94	108	-49	-33	-1	8	det1=true
[11116]	97	108	-23	-10	-5	-8	det1=true
[11117]	97	108	-31	-10	-5	8	det1=true
[11118]	93	105	-8	-4	-8	-5	det1=true
[11119]	93	105	-13	-4	-8	5	det1=true
[11120]	105	105	-47	-21	-7	-5	det1=true
[11121]	105	105	-52	-21	-7	5	det1=true
[11122]	53	107	-14	-5	-7	-1	det1=true
[11123]	53	107	-15	-5	-7	1	det1=true
[11124]	81	107	-34	-14	-4	-7	det1=true
[11125]	81	107	-41	-14	-4	7	det1=true
[11126]	46	108	-17	-11	-4	-5	det1=true
[11127]	46	108	-22	-11	-4	5	det1=true
[11128]	61	108	-25	-7	-2	-7	det1=true
[11129]	61	108	-32	-7	-2	7	det1=true
[11130]	27	105	-5	1	-5	-1	det1=true
[11131]	27	105	-6	1	-5	1	det1=true
[11132]	73	105	-28	-30	-2	-7	det1=true
[11133]	90	106	-39	-25	-4	-7	det1=true
[11134]	90	106	-46	-25	-4	7	det1=true
[11135]	45	107	-17	-2	-4	-5	det1=true
[11136]	45	107	-22	-2	-4	5	det1=true
[11137]	64	107	-25	-17	-2	-7	det1=true
[11138]	64	107	-32	-17	-2	7	det1=true
[11139]	81	107	-18	-13	-7	-5	det1=true
[11140]	81	107	-23	-13	-7	5	det1=true
[11141]	102	107	-5	5	-10	-1	det1=true
[11142]	102	107	-6	5	-10	1	det1=true
[11143]	41	108	-8	-3	-6	-2	det1=true
[11144]	41	108	-10	-3	-6	2	det1=true
[11145]	101	105	-45	-20	-8	-3	det1=true
[11146]	101	105	-48	-20	-8	3	det1=true
[11147]	91	106	-19	2	-7	-6	det1=true
[11148]	91	106	-25	2	-7	6	det1=true
[11149]	59	107	-18	-12	-7	-2	det1=true
[11150]	59	107	-20	-12	-7	2	det1=true
[11151]	77	105	-6	-2	-5	-7	det1=true
[11152]	77	105	-13	-2	-5	7	det1=true
[11153]	84	107	-37	-18	-7	-4	det1=true
[11154]	84	107	-41	-18	-7	4	det1=true
[11155]	95	107	-41	-12	-5	-7	det1=true
[11156]	95	107	-48	-12	-5	7	det1=true
[11157]	95	107	-36	-39	-1	-8	det1=true
[11158]	95	107	-44	-39	-1	8	det1=true
[11159]	98	107	-30	-25	-8	-4	det1=true
[11160]	98	107	-34	-25	-8	4	det1=true
[11161]	107	107	-2	2	-9	-5	det1=true
[11162]	107	107	-7	2	-9	5	det1=true
[11163]	77	105	-12	-2	-8	-3	det1=true
[11164]	77	105	-15	-2	-8	3	det1=true
[11165]	59	107	-3	-3	-3	-7	det1=true
[11166]	72	105	-35	-20	-7	-2	det1=true
[11167]	72	105	-37	-20	-7	2	det1=true
[11168]	57	107	-21	-10	-1	-7	det1=true
[11169]	57	107	-28	-10	-1	7	det1=true
[11170]	62	107	-5	1	-6	-5	det1=true
[11171]	62	107	-10	1	-6	5	det1=true
[11172]	68	107	-24	3	-6	-5	det1=true
[11173]	68	107	-29	3	-6	5	det1=true
[11174]	66	108	-15	-1	-1	8	det1=true
[11175]	68	108	-3	4	-8	-2	det1=true
[11176]	68	108	-5	4	-8	2	det1=true
[11177]	108	108	-46	-45	-4	-7	det1=true
[11178]	108	108	-53	-45	-4	7	det1=true
[11179]	66	108	-7	-1	-1	-8	det1=true
[11180]	108	108	-49	-43	-8	-1	det1=true
[11181]	108	108	-50	-43	-8	1	det1=true
[11182]	106	106	-47	-39	-4	-7	det1=true
[11183]	106	106	-54	-39	-4	7	det1=true
[11184]	59	107	-10	-3	-3	7	det1=true
[11185]	71	107	-32	-24	-2	-7	det1=true
[11186]	71	107	-39	-24	-2	7	det1=true
[11187]	51	107	-7	0	-7	-1	det1=true
[11188]	54	106	0	1	-2	-7	det1=true
[11189]	54	106	-7	1	-2	7	det1=true
[11190]	91	105	-36	-2	-5	-7	det1=true
[11191]	91	105	-43	-2	-5	7	det1=true
[11192]	54	107	-7	2	-7	-2	det1=true
[11193]	54	107	-9	2	-7	2	det1=true
[11194]	29	108	-1	1	-5	-2	det1=true
[11195]	29	108	-3	1	-5	2	det1=true
[11196]	54	107	-5	-2	-7	-2	det1=true
[11197]	54	107	-7	-2	-7	2	det1=true
[11198]	17	108	-1	1	-4	-1	det1=true
[11199]	17	108	-2	1	-4	1	det1=true
[11200]	89	108	-1	1	-8	-5	det1=true
[11201]	89	108	-6	1	-8	5	det1=true
[11202]	101	105	-42	-22	-7	-5	det1=true
[11203]	100	106	-42	-25	-8	-3	det1=true
[11204]	100	106	-45	-25	-8	3	det1=true
[11205]	4	108	0	1	-2	0	det1=true
[11206]	8	108	0	1	-2	-2	det1=true
[11207]	20	108	0	1	-2	-4	det1=true
[11208]	20	108	-4	1	-2	4	det1=true
[11209]	40	108	0	1	-2	-6	det1=true
[11210]	40	108	-6	1	-2	6	det1=true
[11211]	68	108	0	1	-2	-8	det1=true
[11212]	68	108	-8	1	-2	8	det1=true
[11213]	104	108	0	1	-2	-10	det1=true
[11214]	53	108	0	1	-2	-7	det1=true
[11215]	53	108	-7	1	-2	7	det1=true
[11216]	107	107	0	0	-5	-9	det1=true
[11217]	107	107	-9	0	-5	9	det1=true
[11218]	29	108	0	1	-2	-5	det1=true
[11219]	13	108	0	1	-2	-3	det1=true
[11220]	13	108	-3	1	-2	3	det1=true
[11221]	85	108	0	1	-2	-9	det1=true
[11222]	5	108	0	1	-2	-1	det1=true
[11223]	90	109	-21	1	-2	-9	det1=true
[11224]	90	109	-30	1	-2	9	det1=true
[11225]	27	111	-13	-1	-5	-1	det1=true
[11226]	27	111	-14	-1	-5	1	det1=true
[11227]	48	111	-23	-18	-6	-2	det1=true
[11228]	48	111	-25	-18	-6	2	det1=true
[11229]	48	111	-21	-20	-2	-6	det1=true
[11230]	73	109	-31	-22	-7	-3	det1=true
[11231]	73	109	-34	-22	-7	3	det1=true
[11232]	78	109	-31	-16	-1	-8	det1=true
[11233]	78	109	-39	-16	-1	8	det1=true
[11234]	94	109	-25	-26	-4	-8	det1=true
[11235]	94	109	-33	-26	-4	8	det1=true
[11236]	92	110	-45	-22	-8	-2	det1=true
[11237]	92	110	-47	-22	-8	2	det1=true
[11238]	99	110	-34	-15	-6	-7	det1=true
[11239]	99	110	-41	-15	-6	7	det1=true
[11240]	85	111	-30	-20	-8	-3	det1=true
[11241]	85	111	-33	-20	-8	3	det1=true
[11242]	86	111	-20	-17	-8	-4	det1=true
[11243]	86	111	-24	-17	-8	4	det1=true
[11244]	95	111	-28	-28	-4	-8	det1=true
[11245]	109	111	-34	0	-10	-1	det1=true
[11246]	109	111	-35	0	-10	1	det1=true
[11247]	43	112	-20	-5	-6	-2	det1=true
[11248]	43	112	-22	-5	-6	2	det1=true
[11249]	71	112	-19	-19	-4	-7	det1=true
[11250]	71	112	-26	-19	-4	7	det1=true
[11251]	27	109	-8	-5	-1	-5	det1=true
[11252]	27	109	-13	-5	-1	5	det1=true
[11253]	65	109	-23	-10	-3	-7	det1=true
[11254]	65	109	-30	-10	-3	7	det1=true
[11255]	69	109	-13	-3	-8	2	det1=true
[11256]	70	109	-21	0	-1	-8	det1=true
[11257]	72	109	-21	-2	-8	-2	det1=true
[11258]	72	109	-23	-2	-8	2	det1=true
[11259]	73	109	-27	-10	-8	-1	det1=true
[11260]	73	109	-28	-10	-8	1	det1=true
[11261]	81	109	-25	-4	-5	-7	det1=true
[11262]	81	109	-32	-4	-5	7	det1=true
[11263]	84	109	-41	-4	-8	-2	det1=true
[11264]	84	109	-38	-7	-2	-8	det1=true
[11265]	84	109	-46	-7	-2	8	det1=true
[11266]	85	109	-12	-12	-1	-9	det1=true
[11267]	89	109	-16	-10	-2	-9	det1=true
[11268]	89	109	-25	-10	-2	9	det1=true
[11269]	90	109	-12	1	-8	-5	det1=true
[11270]	90	109	-17	1	-8	5	det1=true
[11271]	93	109	-41	-27	-2	-8	det1=true
[11272]	93	109	-49	-27	-2	8	det1=true
[11273]	93	109	-42	-10	-7	-5	det1=true
[11274]	93	109	-47	-10	-7	5	det1=true
[11275]	99	109	-33	-14	-2	-9	det1=true
[11276]	99	109	-42	-14	-2	9	det1=true
[11277]	100	109	-19	2	-9	-4	det1=true
[11278]	100	109	-23	2	-9	4	det1=true
[11279]	103	109	-48	-38	-7	-4	det1=true
[11280]	103	109	-52	-38	-7	4	det1=true
[11281]	106	109	-42	-15	-6	-7	det1=true
[11282]	106	109	-49	-15	-6	7	det1=true
[11283]	109	109	-34	-7	-9	-4	det1=true
[11284]	109	109	-38	-7	-9	4	det1=true
[11285]	109	109	-20	-6	-2	-10	det1=true
[11286]	77	110	-31	-15	-1	-8	det1=true
[11287]	77	110	-39	-15	-1	8	det1=true
[11288]	90	110	-43	-26	-7	-4	det1=true
[11289]	90	110	-47	-26	-7	4	det1=true
[11290]	92	110	-42	-15	-8	-3	det1=true
[11291]	92	110	-45	-15	-8	3	det1=true
[11292]	95	110	-30	-9	-2	-9	det1=true
[11293]	95	110	-39	-9	-2	9	det1=true
[11294]	95	110	-25	-19	-7	-6	det1=true
[11295]	95	110	-31	-19	-7	6	det1=true
[11296]	103	110	-42	-7	-6	-7	det1=true
[11297]	103	110	-49	-7	-6	7	det1=true
[11298]	110	110	-42	-19	-8	-5	det1=true
[11299]	110	110	-47	-19	-8	5	det1=true
[11300]	57	111	-6	-1	-7	-3	det1=true
[11301]	57	111	-9	-1	-7	3	det1=true
[11302]	64	111	-6	-1	-4	-7	det1=true
[11303]	64	111	-13	-1	-4	7	det1=true
[11304]	66	111	-13	-5	-4	-7	det1=true
[11305]	66	111	-20	-5	-4	7	det1=true
[11306]	76	111	-31	-15	-7	-4	det1=true
[11307]	76	111	-35	-15	-7	4	det1=true
[11308]	84	111	-11	0	-9	-2	det1=true
[11309]	84	111	-13	0	-9	2	det1=true
[11310]	96	111	-47	-28	-8	-2	det1=true
[11311]	96	111	-49	-28	-8	2	det1=true
[11312]	100	111	-29	-18	-5	-8	det1=true
[11313]	100	111	-37	-18	-5	8	det1=true
[11314]	102	111	-47	-8	-4	-8	det1=true
[11315]	102	111	-55	-8	-4	8	det1=true
[11316]	111	111	-46	-7	-3	-9	det1=true
[11317]	111	111	-55	-7	-3	9	det1=true
[11318]	111	111	-44	-19	-9	-3	det1=true
[11319]	43	112	-18	-7	-2	-6	det1=true
[11320]	43	112	-24	-7	-2	6	det1=true
[11321]	66	112	-4	1	-2	-8	det1=true
[11322]	66	112	-12	1	-2	8	det1=true
[11323]	69	112	-19	4	-8	-2	det1=true
[11324]	69	112	-21	4	-8	2	det1=true
[11325]	69	112	-16	1	-2	-8	det1=true
[11326]	69	112	-24	1	-2	8	det1=true
[11327]	83	112	-5	-5	-6	-7	det1=true
[11328]	83	112	-12	-5	-6	7	det1=true
[11329]	84	112	-32	-27	-2	-8	det1=true
[11330]	84	112	-40	-27	-2	8	det1=true
[11331]	88	112	-35	-35	-4	-7	det1=true
[11332]	88	112	-42	-35	-4	7	det1=true
[11333]	89	112	-23	-8	-7	-6	det1=true
[11334]	89	112	-29	-8	-7	6	det1=true
[11335]	100	112	-33	-13	-5	-8	det1=true
[11336]	100	112	-41	-13	-5	8	det1=true
[11337]	110	112	-17	-8	-3	-10	det1=true
[11338]	110	112	-27	-8	-3	10	det1=true
[11339]	111	112	-11	-2	-7	-8	det1=true
[11340]	111	112	-19	-2	-7	8	det1=true
[11341]	46	109	-15	-15	-4	-5	det1=true
[11342]	46	109	-20	-15	-4	5	det1=true
[11343]	63	109	-27	-14	-2	-7	det1=true
[11344]	64	109	-17	1	-5	-6	det1=true
[11345]	69	109	-11	-3	-8	-2	det1=true
[11346]	70	109	-29	-17	-5	6	det1=true
[11347]	70	109	-29	0	-1	8	det1=true
[11348]	70	109	-25	-1	-8	1	det1=true
[11349]	73	109	-29	-1	-2	8	det1=true
[11350]	78	109	-33	-13	-7	-4	det1=true
[11351]	78	109	-32	-17	-8	-1	det1=true
[11352]	78	109	-33	-17	-8	1	det1=true
[11353]	81	109	-34	-19	-1	-8	det1=true
[11354]	81	109	-42	-19	-1	8	det1=true
[11355]	89	109	-20	0	-7	-6	det1=true
[11356]	89	109	-26	0	-7	6	det1=true
[11357]	93	109	-35	-24	-7	-5	det1=true
[11358]	93	109	-40	-24	-7	5	det1=true
[11359]	95	109	-28	-21	-1	-9	det1=true
[11360]	95	109	-37	-21	-1	9	det1=true
[11361]	99	109	-31	-18	-6	-7	det1=true
[11362]	99	109	-38	-18	-6	7	det1=true
[11363]	103	109	-48	-22	-5	-7	det1=true
[11364]	103	109	-55	-22	-5	7	det1=true
[11365]	106	109	-23	-4	-6	-8	det1=true
[11366]	106	109	-31	-4	-6	8	det1=true
[11367]	107	109	-17	-1	-9	5	det1=true
[11368]	30	110	-11	-3	-5	-2	det1=true
[11369]	30	110	-13	-3	-5	2	det1=true
[11370]	47	110	-19	-15	-4	-5	det1=true
[11371]	47	110	-24	-15	-4	5	det1=true
[11372]	67	110	-22	-11	-6	-5	det1=true
[11373]	73	110	-33	-11	-6	-5	det1=true
[11374]	73	110	-38	-11	-6	5	det1=true
[11375]	77	110	-33	-12	-7	-4	det1=true
[11376]	77	110	-37	-12	-7	4	det1=true
[11377]	79	110	-34	-25	-6	-5	det1=true
[11378]	79	110	-39	-25	-6	5	det1=true
[11379]	95	110	-31	-7	-6	-7	det1=true
[11380]	95	110	-38	-7	-6	7	det1=true
[11381]	99	110	-7	-1	-1	10	det1=true
[11382]	103	110	-41	-9	-2	-9	det1=true
[11383]	103	110	-50	-9	-2	9	det1=true
[11384]	104	110	-17	-8	-1	-10	det1=true
[11385]	104	110	-27	-8	-1	10	det1=true
[11386]	43	111	-12	-10	-4	-5	det1=true
[11387]	59	111	-25	-4	-2	-7	det1=true
[11388]	59	111	-32	-4	-2	7	det1=true
[11389]	59	111	-24	-8	-2	-7	det1=true
[11390]	59	111	-31	-8	-2	7	det1=true
[11391]	63	111	-36	-14	-2	7	det1=true
[11392]	70	111	-20	3	-8	-2	det1=true
[11393]	70	111	-22	3	-8	2	det1=true
[11394]	70	111	-15	-8	-2	-8	det1=true
[11395]	78	111	-35	-11	-1	-8	det1=true
[11396]	83	111	-29	-11	-5	-7	det1=true
[11397]	83	111	-36	-11	-5	7	det1=true
[11398]	85	111	-34	-30	-4	-7	det1=true
[11399]	85	111	-41	-30	-4	7	det1=true
[11400]	87	111	-20	-3	-9	-2	det1=true
[11401]	91	111	-16	-8	-5	-8	det1=true
[11402]	91	111	-24	-8	-5	8	det1=true
[11403]	93	111	-46	-30	-8	-1	det1=true
[11404]	93	111	-47	-30	-8	1	det1=true
[11405]	96	111	-44	-31	-2	-8	det1=true
[11406]	96	111	-52	-31	-2	8	det1=true
[11407]	97	111	-42	-25	-7	-5	det1=true
[11408]	97	111	-47	-25	-7	5	det1=true
[11409]	102	111	-31	-20	-5	-8	det1=true
[11410]	102	111	-39	-20	-5	8	det1=true
[11411]	104	111	-21	-19	-4	-9	det1=true
[11412]	104	111	-30	-19	-4	9	det1=true
[11413]	106	111	-3	5	-10	-3	det1=true
[11414]	106	111	-6	5	-10	3	det1=true
[11415]	109	111	-48	-22	-1	-9	det1=true
[11416]	109	111	-57	-22	-1	9	det1=true
[11417]	109	111	-49	-24	-9	-1	det1=true
[11418]	109	111	-50	-24	-9	1	det1=true
[11419]	111	111	-47	-19	-9	3	det1=true
[11420]	43	112	-16	-11	-2	-6	det1=true
[11421]	43	112	-22	-11	-2	6	det1=true
[11422]	70	112	-17	-12	-8	2	det1=true
[11423]	75	112	-29	-17	-1	-8	det1=true
[11424]	75	112	-37	-17	-1	8	det1=true
[11425]	77	112	-32	1	-2	-8	det1=true
[11426]	77	112	-40	1	-2	8	det1=true
[11427]	78	112	-31	-22	-1	-8	det1=true
[11428]	78	112	-39	-22	-1	8	det1=true
[11429]	80	112	-27	-10	-3	-8	det1=true
[11430]	80	112	-35	-10	-3	8	det1=true
[11431]	89	112	-34	-25	-8	-3	det1=true
[11432]	89	112	-37	-25	-8	3	det1=true
[11433]	91	112	-29	-7	-9	-2	det1=true
[11434]	91	112	-31	-7	-9	2	det1=true
[11435]	104	112	-33	-31	-6	-7	det1=true
[11436]	104	112	-40	-31	-6	7	det1=true
[11437]	106	112	-49	-43	-3	8	det1=true
[11438]	109	112	-40	-31	-6	-7	det1=true
[11439]	109	112	-47	-31	-6	7	det1=true
[11440]	44	109	-16	-11	-6	-2	det1=true
[11441]	44	109	-18	-11	-6	2	det1=true
[11442]	53	109	-11	1	-6	-4	det1=true
[11443]	53	109	-15	1	-6	4	det1=true
[11444]	56	109	-19	-2	-4	-6	det1=true
[11445]	56	109	-25	-2	-4	6	det1=true
[11446]	56	109	-17	-8	-4	-6	det1=true
[11447]	56	109	-23	-8	-4	6	det1=true
[11448]	60	109	-25	-3	-2	-7	det1=true
[11449]	60	109	-32	-3	-2	7	det1=true
[11450]	64	109	-23	1	-5	6	det1=true
[11451]	65	109	-25	-8	-7	-3	det1=true
[11452]	65	109	-28	-8	-7	3	det1=true
[11453]	67	109	-32	-14	-3	7	det1=true
[11454]	68	109	-13	-10	-7	-4	det1=true
[11455]	68	109	-17	-10	-7	4	det1=true
[11456]	69	109	-20	-18	-6	-5	det1=true
[11457]	69	109	-25	-18	-6	5	det1=true
[11458]	70	109	-23	-17	-5	-6	det1=true
[11459]	73	109	-23	-16	-8	-1	det1=true
[11460]	73	109	-20	-18	-4	-7	det1=true
[11461]	73	109	-27	-18	-4	7	det1=true
[11462]	73	109	-19	-9	-2	-8	det1=true
[11463]	73	109	-27	-9	-2	8	det1=true
[11464]	75	109	-13	-6	-7	5	det1=true
[11465]	76	109	-15	-6	-3	-8	det1=true
[11466]	76	109	-23	-6	-3	8	det1=true
[11467]	78	109	-29	-19	-4	-7	det1=true
[11468]	78	109	-36	-19	-4	7	det1=true
[11469]	79	109	-32	-26	-5	-6	det1=true
[11470]	79	109	-38	-26	-5	6	det1=true
[11471]	81	109	-26	-3	-7	-5	det1=true
[11472]	81	109	-31	-3	-7	5	det1=true
[11473]	82	109	-23	-17	-3	-8	det1=true
[11474]	82	109	-31	-17	-3	8	det1=true
[11475]	84	109	-34	-27	-8	-1	det1=true
[11476]	84	109	-35	-27	-8	1	det1=true
[11477]	85	109	-27	-17	-7	-5	det1=true
[11478]	85	109	-32	-17	-7	5	det1=true
[11479]	91	109	-35	-19	-5	-7	det1=true
[11480]	91	109	-42	-19	-5	7	det1=true
[11481]	91	109	-27	-9	-1	-9	det1=true
[11482]	91	109	-36	-9	-1	9	det1=true
[11483]	94	109	-21	-3	-5	-8	det1=true
[11484]	94	109	-29	-3	-5	8	det1=true
[11485]	95	109	-32	-17	-9	-1	det1=true
[11486]	95	109	-33	-17	-9	1	det1=true
[11487]	95	109	-23	-3	-9	-3	det1=true
[11488]	97	109	-41	-26	-8	-3	det1=true
[11489]	97	109	-44	-26	-8	3	det1=true
[11490]	97	109	-41	-8	-2	9	det1=true
[11491]	99	109	-44	-38	-1	-8	det1=true
[11492]	99	109	-52	-38	-1	8	det1=true
[11493]	100	109	-37	-7	-6	-7	det1=true
[11494]	100	109	-44	-7	-6	7	det1=true
[11495]	100	109	-4	3	-10	1	det1=true
[11496]	106	109	-47	-5	-9	-2	det1=true
[11497]	106	109	-49	-5	-9	2	det1=true
[11498]	72	110	-23	0	-8	-2	det1=true
[11499]	72	110	-25	0	-8	2	det1=true
[11500]	75	110	-29	-12	-1	-8	det1=true
[11501]	75	110	-37	-12	-1	8	det1=true
[11502]	75	110	-28	-5	-8	-2	det1=true
[11503]	75	110	-30	-5	-8	2	det1=true
[11504]	78	110	-37	-9	-8	-1	det1=true
[11505]	78	110	-38	-9	-8	1	det1=true
[11506]	78	110	-25	-20	-8	-2	det1=true
[11507]	78	110	-27	-20	-8	2	det1=true
[11508]	85	110	-37	3	-8	-3	det1=true
[11509]	85	110	-40	3	-8	3	det1=true
[11510]	85	110	-35	-34	-5	-6	det1=true
[11511]	89	110	-36	-33	-4	-7	det1=true
[11512]	97	110	-41	-40	-1	-8	det1=true
[11513]	97	110	-49	-40	-1	8	det1=true
[11514]	98	110	-41	0	-9	2	det1=true
[11515]	99	110	3	-1	-1	-10	det1=true
[11516]	100	110	-28	-27	-2	-9	det1=true
[11517]	100	110	-37	-27	-2	9	det1=true
[11518]	101	110	-48	-39	-8	1	det1=true
[11519]	103	110	-29	-23	-5	-8	det1=true
[11520]	103	110	-37	-23	-5	8	det1=true
[11521]	106	110	-39	-28	-9	2	det1=true
[11522]	106	110	-35	-29	-7	-6	det1=true
[11523]	106	110	-41	-29	-7	6	det1=true
[11524]	107	110	-21	-14	-1	-10	det1=true
[11525]	107	110	-31	-14	-1	10	det1=true
[11526]	108	110	-37	-23	-8	-5	det1=true
[11527]	108	110	-42	-23	-8	5	det1=true
[11528]	108	110	-18	-11	-2	-10	det1=true
[11529]	108	110	-28	-11	-2	10	det1=true
[11530]	31	111	-14	-7	-5	-2	det1=true
[11531]	44	111	-13	-13	-4	-5	det1=true
[11532]	65	111	-14	4	-8	-1	det1=true
[11533]	65	111	-15	4	-8	1	det1=true
[11534]	66	111	-12	-7	-4	-7	det1=true
[11535]	66	111	-19	-7	-4	7	det1=true
[11536]	70	111	-23	-8	-2	8	det1=true
[11537]	71	111	-23	-14	-8	-1	det1=true
[11538]	71	111	-24	-14	-8	1	det1=true
[11539]	76	111	-29	-18	-1	-8	det1=true
[11540]	76	111	-37	-18	-1	8	det1=true
[11541]	79	111	-26	0	-3	-8	det1=true
[11542]	79	111	-34	0	-3	8	det1=true
[11543]	80	111	-35	-27	-6	-5	det1=true
[11544]	80	111	-40	-27	-6	5	det1=true
[11545]	80	111	-35	-19	-7	-4	det1=true
[11546]	80	111	-39	-19	-7	4	det1=true
[11547]	80	111	-37	-22	-7	4	det1=true
[11548]	82	111	-23	-21	-3	-8	det1=true
[11549]	82	111	-31	-21	-3	8	det1=true
[11550]	83	111	-33	-23	-8	-2	det1=true
[11551]	83	111	-35	-23	-8	2	det1=true
[11552]	84	111	-9	-1	-7	-6	det1=true
[11553]	84	111	-15	-1	-7	6	det1=true
[11554]	85	111	-37	-28	-8	-1	det1=true
[11555]	87	111	-39	-23	-8	-2	det1=true
[11556]	87	111	-41	-23	-8	2	det1=true
[11557]	87	111	-27	-25	-7	-5	det1=true
[11558]	87	111	-32	-25	-7	5	det1=true
[11559]	89	111	-14	0	-8	-5	det1=true
[11560]	89	111	-19	0	-8	5	det1=true
[11561]	90	111	-27	-17	-2	9	det1=true
[11562]	94	111	-25	1	-5	-8	det1=true
[11563]	99	111	-40	-31	-5	-7	det1=true
[11564]	99	111	-47	-31	-5	7	det1=true
[11565]	102	111	-39	1	-8	-5	det1=true
[11566]	102	111	-44	1	-8	5	det1=true
[11567]	103	111	-18	-4	-1	-10	det1=true
[11568]	103	111	-28	-4	-1	10	det1=true
[11569]	104	111	-31	3	-9	-4	det1=true
[11570]	104	111	-35	3	-9	4	det1=true
[11571]	107	111	-49	-44	-4	-7	det1=true
[11572]	107	111	-56	-44	-4	7	det1=true
[11573]	111	111	-36	-38	-2	-9	det1=true
[11574]	111	111	-45	-38	-2	9	det1=true
[11575]	111	111	-8	3	-7	-8	det1=true
[11576]	111	111	-16	3	-7	8	det1=true
[11577]	31	112	-17	-7	-5	2	det1=true
[11578]	40	112	-5	-1	-5	-4	det1=true
[11579]	40	112	-9	-1	-5	4	det1=true
[11580]	43	112	-18	-9	-6	-2	det1=true
[11581]	43	112	-20	-9	-6	2	det1=true
[11582]	46	112	-20	-17	-6	-2	det1=true
[11583]	46	112	-22	-17	-6	2	det1=true
[11584]	46	112	-18	-19	-2	-6	det1=true
[11585]	46	112	-24	-19	-2	6	det1=true
[11586]	54	112	-17	0	-7	-2	det1=true
[11587]	70	112	-31	-8	-5	-6	det1=true
[11588]	70	112	-37	-8	-5	6	det1=true
[11589]	70	112	-31	-9	-6	-5	det1=true
[11590]	70	112	-36	-9	-6	5	det1=true
[11591]	76	112	-29	-16	-8	2	det1=true
[11592]	81	112	-39	-8	-8	-2	det1=true
[11593]	81	112	-41	-8	-8	2	det1=true
[11594]	87	112	-5	-6	-5	-8	det1=true
[11595]	87	112	-13	-6	-5	8	det1=true
[11596]	88	112	-34	-23	-8	-3	det1=true
[11597]	88	112	-37	-23	-8	3	det1=true
[11598]	96	112	-47	-38	-7	4	det1=true
[11599]	96	112	-41	-41	-1	-8	det1=true
[11600]	96	112	-49	-41	-1	8	det1=true
[11601]	96	112	-29	-6	-5	-8	det1=true
[11602]	96	112	-37	-6	-5	8	det1=true
[11603]	98	112	-7	-6	-8	-6	det1=true
[11604]	98	112	-13	-6	-8	6	det1=true
[11605]	99	112	-31	-14	-5	-8	det1=true
[11606]	99	112	-39	-14	-5	8	det1=true
[11607]	101	112	-38	-5	-8	-5	det1=true
[11608]	101	112	-43	-5	-8	5	det1=true
[11609]	101	112	-37	-20	-7	-6	det1=true
[11610]	101	112	-43	-20	-7	6	det1=true
[11611]	102	112	-17	-7	-1	-10	det1=true
[11612]	102	112	-27	-7	-1	10	det1=true
[11613]	102	112	-15	-14	-8	-6	det1=true
[11614]	102	112	-21	-14	-8	6	det1=true
[11615]	105	112	-38	-19	-8	-5	det1=true
[11616]	106	112	-41	-43	-3	-8	det1=true
[11617]	106	112	-37	-22	-5	-8	det1=true
[11618]	106	112	-45	-22	-5	8	det1=true
[11619]	108	112	-29	-7	-1	-10	det1=true
[11620]	108	112	-39	-7	-1	10	det1=true
[11621]	110	112	-39	-35	-9	-2	det1=true
[11622]	110	112	-41	-35	-9	2	det1=true
[11623]	111	112	-47	-13	-5	-8	det1=true
[11624]	111	112	-55	-13	-5	8	det1=true
[11625]	111	112	-27	-16	-10	-2	det1=true
[11626]	111	112	-29	-16	-10	2	det1=true
[11627]	39	109	-13	-6	-6	-1	det1=true
[11628]	39	109	-14	-6	-6	1	det1=true
[11629]	40	109	-16	-7	-6	-1	det1=true
[11630]	40	109	-17	-7	-6	1	det1=true
[11631]	70	109	-27	-10	-5	-6	det1=true
[11632]	70	109	-33	-10	-5	6	det1=true
[11633]	70	109	-21	-3	-4	-7	det1=true
[11634]	70	109	-28	-3	-4	7	det1=true
[11635]	73	109	-21	-1	-2	-8	det1=true
[11636]	75	109	-8	-6	-7	-5	det1=true
[11637]	77	109	-18	-5	-3	-8	det1=true
[11638]	77	109	-26	-5	-3	8	det1=true
[11639]	78	109	-37	-13	-7	4	det1=true
[11640]	80	109	-35	-24	-5	-6	det1=true
[11641]	80	109	-41	-24	-5	6	det1=true
[11642]	88	109	-39	-33	-6	-5	det1=true
[11643]	88	109	-44	-33	-6	5	det1=true
[11644]	91	109	-36	-18	-7	-5	det1=true
[11645]	91	109	-41	-18	-7	5	det1=true
[11646]	91	109	-32	-26	-3	-8	det1=true
[11647]	91	109	-22	-19	-1	-9	det1=true
[11648]	91	109	-31	-19	-1	9	det1=true
[11649]	91	109	-12	-6	-5	-8	det1=true
[11650]	91	109	-20	-6	-5	8	det1=true
[11651]	93	109	-44	-24	-8	-2	det1=true
[11652]	93	109	-46	-24	-8	2	det1=true
[11653]	95	109	-35	-30	-8	-3	det1=true
[11654]	95	109	-38	-30	-8	3	det1=true
[11655]	95	109	-21	-1	-3	-9	det1=true
[11656]	97	109	-32	-8	-2	-9	det1=true
[11657]	98	109	-29	-19	-2	-9	det1=true
[11658]	98	109	-38	-19	-2	9	det1=true
[11659]	99	109	-30	-8	-8	-5	det1=true
[11660]	103	109	-49	-21	-7	-5	det1=true
[11661]	103	109	-54	-21	-7	5	det1=true
[11662]	103	109	-47	-24	-5	-7	det1=true
[11663]	103	109	-54	-24	-5	7	det1=true
[11664]	104	109	-47	-12	-7	6	det1=true
[11665]	106	109	-24	-15	-4	-9	det1=true
[11666]	107	109	-45	-23	-9	-1	det1=true
[11667]	107	109	-46	-23	-9	1	det1=true
[11668]	107	109	-12	-1	-9	-5	det1=true
[11669]	109	109	-45	0	-9	-3	det1=true
[11670]	109	109	-48	0	-9	3	det1=true
[11671]	109	109	-42	-3	-3	-9	det1=true
[11672]	109	109	-51	-3	-3	9	det1=true
[11673]	109	109	-24	-12	-1	-10	det1=true
[11674]	109	109	-34	-12	-1	10	det1=true
[11675]	109	109	-24	-2	-10	-2	det1=true
[11676]	109	109	-26	-2	-10	2	det1=true
[11677]	70	110	-25	-16	-5	-6	det1=true
[11678]	70	110	-31	-16	-5	6	det1=true
[11679]	71	110	-18	-7	-8	-2	det1=true
[11680]	71	110	-20	-7	-8	2	det1=true
[11681]	79	110	-23	-15	-8	3	det1=true
[11682]	85	110	-32	-15	-8	-3	det1=true
[11683]	85	110	-35	-15	-8	3	det1=true
[11684]	87	110	-43	-12	-3	8	det1=true
[11685]	90	110	-42	-29	-8	-1	det1=true
[11686]	90	110	-43	-29	-8	1	det1=true
[11687]	90	110	-13	-2	-5	-8	det1=true
[11688]	90	110	-21	-2	-5	8	det1=true
[11689]	94	110	-31	-8	-9	-2	det1=true
[11690]	94	110	-33	-8	-9	2	det1=true
[11691]	98	110	-39	0	-9	-2	det1=true
[11692]	99	110	-33	-17	-2	-9	det1=true
[11693]	99	110	-42	-17	-2	9	det1=true
[11694]	101	110	-47	-39	-8	-1	det1=true
[11695]	101	110	-37	-18	-9	-2	det1=true
[11696]	101	110	-39	-18	-9	2	det1=true
[11697]	101	110	-9	-5	-1	-10	det1=true
[11698]	101	110	-19	-5	-1	10	det1=true
[11699]	104	110	-12	-3	-10	-2	det1=true
[11700]	104	110	-14	-3	-10	2	det1=true
[11701]	106	110	-37	-28	-9	-2	det1=true
[11702]	107	110	-51	-6	-9	2	det1=true
[11703]	107	110	-29	1	-10	-1	det1=true
[11704]	107	110	-30	1	-10	1	det1=true
[11705]	35	111	-12	-8	-5	3	det1=true
[11706]	43	111	-16	-3	-5	-4	det1=true
[11707]	43	111	-20	-3	-5	4	det1=true
[11708]	43	111	-17	-10	-4	5	det1=true
[11709]	44	111	-4	1	-6	-3	det1=true
[11710]	44	111	-7	1	-6	3	det1=true
[11711]	48	111	-21	-17	-5	-4	det1=true
[11712]	48	111	-25	-17	-5	4	det1=true
[11713]	68	111	-21	-5	-8	-1	det1=true
[11714]	68	111	-22	-5	-8	1	det1=true
[11715]	70	111	-17	0	-2	-8	det1=true
[11716]	83	111	-30	-26	-2	-8	det1=true
[11717]	83	111	-38	-26	-2	8	det1=true
[11718]	85	111	-38	-28	-8	1	det1=true
[11719]	87	111	-22	-3	-9	2	det1=true
[11720]	88	111	-32	-25	-6	-6	det1=true
[11721]	88	111	-38	-25	-6	6	det1=true
[11722]	91	111	-32	-14	-8	-4	det1=true
[11723]	95	111	-37	-28	-5	-7	det1=true
[11724]	95	111	-44	-28	-5	7	det1=true
[11725]	97	111	-41	-26	-5	-7	det1=true
[11726]	97	111	-30	-2	-5	-8	det1=true
[11727]	97	111	-38	-2	-5	8	det1=true
[11728]	97	111	-22	-20	-8	-5	det1=true
[11729]	97	111	-27	-20	-8	5	det1=true
[11730]	98	111	-34	-27	-8	-4	det1=true
[11731]	98	111	-38	-27	-8	4	det1=true
[11732]	100	111	-42	-43	-4	-7	det1=true
[11733]	100	111	-49	-43	-4	7	det1=true
[11734]	100	111	-7	-8	-1	-10	det1=true
[11735]	100	111	-17	-8	-1	10	det1=true
[11736]	101	111	-26	-23	-9	-3	det1=true
[11737]	101	111	-29	-23	-9	3	det1=true
[11738]	102	111	-43	3	-6	-7	det1=true
[11739]	103	111	-21	-5	-8	-6	det1=true
[11740]	103	111	-27	-5	-8	6	det1=true
[11741]	107	111	-23	-16	-10	-1	det1=true
[11742]	107	111	-24	-16	-10	1	det1=true
[11743]	107	111	-12	-11	-5	-9	det1=true
[11744]	107	111	-21	-11	-5	9	det1=true
[11745]	63	112	-3	-1	-1	-8	det1=true
[11746]	63	112	-11	-1	-1	8	det1=true
[11747]	69	112	-33	-28	-7	2	det1=true
[11748]	70	112	-21	-14	-7	-4	det1=true
[11749]	70	112	-25	-14	-7	4	det1=true
[11750]	70	112	-19	-17	-1	-8	det1=true
[11751]	70	112	-27	-17	-1	8	det1=true
[11752]	71	112	-23	-17	-8	1	det1=true
[11753]	73	112	-30	-5	-4	-7	det1=true
[11754]	73	112	-37	-5	-4	7	det1=true
[11755]	73	112	-32	-7	-2	8	det1=true
[11756]	76	112	-27	-16	-8	-2	det1=true
[11757]	77	112	-35	4	-8	-2	det1=true
[11758]	77	112	-37	4	-8	2	det1=true
[11759]	82	112	0	-1	-2	-9	det1=true
[11760]	84	112	-35	-24	-8	-2	det1=true
[11761]	84	112	-37	-24	-8	2	det1=true
[11762]	86	112	-17	-5	-7	-6	det1=true
[11763]	86	112	-23	-5	-7	6	det1=true
[11764]	87	112	-39	-35	-5	-6	det1=true
[11765]	87	112	-45	-35	-5	6	det1=true
[11766]	88	112	-25	0	-9	-2	det1=true
[11767]	88	112	-27	0	-9	2	det1=true
[11768]	91	112	-26	-3	-8	5	det1=true
[11769]	96	112	-43	-38	-7	-4	det1=true
[11770]	98	112	-32	-21	-2	-9	det1=true
[11771]	98	112	-41	-21	-2	9	det1=true
[11772]	98	112	-11	2	-8	-6	det1=true
[11773]	98	112	-17	2	-8	6	det1=true
[11774]	99	112	-40	-3	-6	-7	det1=true
[11775]	99	112	-47	-3	-6	7	det1=true
[11776]	99	112	-30	-17	-8	-5	det1=true
[11777]	99	112	-35	-17	-8	5	det1=true
[11778]	100	112	-19	-13	-9	-4	det1=true
[11779]	100	112	-23	-13	-9	4	det1=true
[11780]	104	112	-43	-19	-9	-2	det1=true
[11781]	104	112	-45	-19	-9	2	det1=true
[11782]	108	112	-44	-33	-6	7	det1=true
[11783]	112	112	-50	-41	-8	-3	det1=true
[11784]	31	109	-14	-10	-2	5	det1=true
[11785]	47	109	-17	-16	-4	-5	det1=true
[11786]	47	109	-22	-16	-4	5	det1=true
[11787]	69	109	-8	-6	-2	-8	det1=true
[11788]	69	109	-16	-6	-2	8	det1=true
[11789]	70	109	-30	3	-6	-5	det1=true
[11790]	70	109	-35	3	-6	5	det1=true
[11791]	72	109	-18	-5	-2	-8	det1=true
[11792]	72	109	-26	-5	-2	8	det1=true
[11793]	77	109	-20	-4	-8	-3	det1=true
[11794]	77	109	-23	-4	-8	3	det1=true
[11795]	79	109	-30	-20	-4	-7	det1=true
[11796]	79	109	-37	-20	-4	7	det1=true
[11797]	83	109	-28	-11	-3	-8	det1=true
[11798]	83	109	-36	-11	-3	8	det1=true
[11799]	85	109	-40	-12	-8	-2	det1=true
[11800]	85	109	-42	-12	-8	2	det1=true
[11801]	85	109	-26	-18	-5	-7	det1=true
[11802]	85	109	-33	-18	-5	7	det1=true
[11803]	85	109	-4	-4	-6	-7	det1=true
[11804]	85	109	-11	-4	-6	7	det1=true
[11805]	90	109	-19	-9	-6	-7	det1=true
[11806]	90	109	-26	-9	-6	7	det1=true
[11807]	93	109	-34	-6	-9	-1	det1=true
[11808]	93	109	-35	-6	-9	1	det1=true
[11809]	93	109	-25	-21	-9	-1	det1=true
[11810]	93	109	-26	-21	-9	1	det1=true
[11811]	93	109	-19	-7	-9	3	det1=true
[11812]	95	109	-32	-31	-7	-5	det1=true
[11813]	95	109	-37	-31	-7	5	det1=true
[11814]	96	109	-1	3	-9	-4	det1=true
[11815]	96	109	-5	3	-9	4	det1=true
[11816]	99	109	-35	-8	-8	5	det1=true
[11817]	101	109	-35	-16	-2	-9	det1=true
[11818]	101	109	-44	-16	-2	9	det1=true
[11819]	104	109	-43	-34	-3	-8	det1=true
[11820]	104	109	-51	-34	-3	8	det1=true
[11821]	105	109	-12	-16	-1	-10	det1=true
[11822]	105	109	-22	-16	-1	10	det1=true
[11823]	106	109	-33	-15	-4	9	det1=true
[11824]	108	109	-17	-8	-2	-10	det1=true
[11825]	108	109	-27	-8	-2	10	det1=true
[11826]	44	110	-18	1	-4	-5	det1=true
[11827]	44	110	-23	1	-4	5	det1=true
[11828]	76	110	-15	-10	-3	-8	det1=true
[11829]	76	110	-23	-10	-3	8	det1=true
[11830]	79	110	-20	-15	-8	-3	det1=true
[11831]	80	110	-33	-28	-5	-6	det1=true
[11832]	80	110	-39	-28	-5	6	det1=true
[11833]	83	110	-33	-27	-1	-8	det1=true
[11834]	83	110	-41	-27	-1	8	det1=true
[11835]	85	110	-41	-34	-5	6	det1=true
[11836]	89	110	-39	-31	-8	-1	det1=true
[11837]	89	110	-43	-33	-4	7	det1=true
[11838]	96	110	-43	-32	-8	-2	det1=true
[11839]	96	110	-40	-35	-2	-8	det1=true
[11840]	96	110	-48	-35	-2	8	det1=true
[11841]	99	110	-2	5	-10	-1	det1=true
[11842]	99	110	-3	5	-10	1	det1=true
[11843]	100	110	-37	-12	-7	-6	det1=true
[11844]	100	110	-43	-12	-7	6	det1=true
[11845]	101	110	-39	-9	-6	-7	det1=true
[11846]	101	110	-46	-9	-6	7	det1=true
[11847]	101	110	-15	1	-10	1	det1=true
[11848]	102	110	-13	-3	-1	-10	det1=true
[11849]	107	110	-49	-6	-9	-2	det1=true
[11850]	35	111	-9	-8	-5	-3	det1=true
[11851]	68	111	-18	-7	-4	-7	det1=true
[11852]	68	111	-25	-7	-4	7	det1=true
[11853]	70	111	-25	0	-2	8	det1=true
[11854]	75	111	-27	-5	-2	-8	det1=true
[11855]	75	111	-35	-5	-2	8	det1=true
[11856]	80	111	-33	-22	-7	-4	det1=true
[11857]	88	111	-38	-25	-2	-8	det1=true
[11858]	88	111	-46	-25	-2	8	det1=true
[11859]	88	111	-29	-27	-3	-8	det1=true
[11860]	88	111	-37	-27	-3	8	det1=true
[11861]	90	111	-18	-17	-2	-9	det1=true
[11862]	91	111	-31	-12	-9	-1	det1=true
[11863]	91	111	-32	-12	-9	1	det1=true
[11864]	91	111	-27	-16	-1	-9	det1=true
[11865]	91	111	-36	-16	-1	9	det1=true
[11866]	95	111	-43	-27	-7	5	det1=true
[11867]	101	111	-44	-2	-5	8	det1=true
[11868]	102	111	-35	-12	-5	-8	det1=true
[11869]	102	111	-43	-12	-5	8	det1=true
[11870]	103	111	-37	-30	-9	-1	det1=true
[11871]	103	111	-38	-30	-9	1	det1=true
[11872]	104	111	-15	-4	-10	-2	det1=true
[11873]	104	111	-17	-4	-10	2	det1=true
[11874]	109	111	-43	-16	-9	-3	det1=true
[11875]	109	111	-46	-16	-9	3	det1=true
[11876]	54	112	-19	0	-7	2	det1=true
[11877]	69	112	-31	-28	-7	-2	det1=true
[11878]	70	112	-15	-12	-8	-2	det1=true
[11879]	73	112	-27	-4	-8	-2	det1=true
[11880]	73	112	-29	-4	-8	2	det1=true
[11881]	73	112	-24	-7	-2	-8	det1=true
[11882]	74	112	-28	-25	-6	-5	det1=true
[11883]	74	112	-33	-25	-6	5	det1=true
[11884]	78	112	-33	-19	-7	-4	det1=true
[11885]	78	112	-37	-19	-7	4	det1=true
[11886]	79	112	-38	-15	-8	-1	det1=true
[11887]	79	112	-39	-15	-8	1	det1=true
[11888]	79	112	-26	-11	-8	-3	det1=true
[11889]	79	112	-29	-11	-8	3	det1=true
[11890]	81	112	-36	-11	-2	-8	det1=true
[11891]	81	112	-44	-11	-2	8	det1=true
[11892]	82	112	-9	-1	-2	9	det1=true
[11893]	83	112	-34	-9	-8	-3	det1=true
[11894]	88	112	-23	-1	-7	-6	det1=true
[11895]	88	112	-29	-1	-7	6	det1=true
[11896]	98	112	-43	-13	-6	7	det1=true
[11897]	98	112	-44	-15	-2	9	det1=true
[11898]	101	112	-39	-19	-9	-2	det1=true
[11899]	104	112	-41	-20	-7	-6	det1=true
[11900]	104	112	-47	-20	-7	6	det1=true
[11901]	105	112	-43	-19	-8	5	det1=true
[11902]	106	112	-27	-10	-8	-6	det1=true
[11903]	108	112	-37	-33	-6	-7	det1=true
[11904]	108	112	-29	-15	-10	1	det1=true
[11905]	109	112	-53	-7	-9	-2	det1=true
[11906]	109	112	-55	-7	-9	2	det1=true
[11907]	62	109	-23	-20	-6	-4	det1=true
[11908]	62	109	-27	-20	-6	4	det1=true
[11909]	63	109	-19	-9	-3	-7	det1=true
[11910]	63	109	-26	-9	-3	7	det1=true
[11911]	66	109	-9	-4	-1	-8	det1=true
[11912]	66	109	-17	-4	-1	8	det1=true
[11913]	67	109	-26	-12	-3	-7	det1=true
[11914]	67	109	-33	-12	-3	7	det1=true
[11915]	67	109	-25	-14	-3	-7	det1=true
[11916]	68	109	-11	-13	-1	-8	det1=true
[11917]	68	109	-19	-13	-1	8	det1=true
[11918]	72	109	-17	-10	-8	-2	det1=true
[11919]	72	109	-19	-10	-8	2	det1=true
[11920]	72	109	-14	-13	-2	-8	det1=true
[11921]	72	109	-22	-13	-2	8	det1=true
[11922]	79	109	-27	-24	-4	-7	det1=true
[11923]	79	109	-34	-24	-4	7	det1=true
[11924]	79	109	-23	-8	-8	-3	det1=true
[11925]	79	109	-26	-8	-8	3	det1=true
[11926]	80	109	-31	-29	-6	-5	det1=true
[11927]	80	109	-36	-29	-6	5	det1=true
[11928]	85	109	-33	-2	-7	-5	det1=true
[11929]	85	109	-38	-2	-7	5	det1=true
[11930]	89	109	-22	1	-9	-2	det1=true
[11931]	89	109	-24	1	-9	2	det1=true
[11932]	93	109	-16	-7	-9	-3	det1=true
[11933]	94	109	-37	-39	-1	-8	det1=true
[11934]	94	109	-45	-39	-1	8	det1=true
[11935]	95	109	-26	-3	-9	3	det1=true
[11936]	98	109	-23	-17	-8	-5	det1=true
[11937]	98	109	-28	-17	-8	5	det1=true
[11938]	100	109	-33	-3	-8	-5	det1=true
[11939]	100	109	-38	-3	-8	5	det1=true
[11940]	103	109	-48	-23	-7	-5	det1=true
[11941]	103	109	-53	-23	-7	5	det1=true
[11942]	103	109	-44	-31	-3	-8	det1=true
[11943]	103	109	-52	-31	-3	8	det1=true
[11944]	106	109	-41	-17	-2	-9	det1=true
[11945]	106	109	-50	-17	-2	9	det1=true
[11946]	108	109	-22	-1	-10	-2	det1=true
[11947]	108	109	-24	-1	-10	2	det1=true
[11948]	68	110	-20	-17	-6	-5	det1=true
[11949]	68	110	-25	-17	-6	5	det1=true
[11950]	70	110	-31	1	-6	-5	det1=true
[11951]	70	110	-36	1	-6	5	det1=true
[11952]	71	110	-24	-5	-4	-7	det1=true
[11953]	71	110	-31	-5	-4	7	det1=true
[11954]	72	110	-20	-3	-2	-8	det1=true
[11955]	72	110	-28	-3	-2	8	det1=true
[11956]	75	110	-25	-8	-2	-8	det1=true
[11957]	75	110	-33	-8	-2	8	det1=true
[11958]	83	110	-33	-33	-5	-6	det1=true
[11959]	83	110	-39	-33	-5	6	det1=true
[11960]	85	110	-9	-5	-9	-2	det1=true
[11961]	85	110	-11	-5	-9	2	det1=true
[11962]	86	110	-9	-9	-6	-7	det1=true
[11963]	86	110	-16	-9	-6	7	det1=true
[11964]	88	110	-17	-7	-6	-7	det1=true
[11965]	88	110	-24	-7	-6	7	det1=true
[11966]	96	110	-45	-32	-8	2	det1=true
[11967]	102	110	-23	-3	-1	10	det1=true
[11968]	103	110	-23	-9	-4	-9	det1=true
[11969]	103	110	-32	-9	-4	9	det1=true
[11970]	105	110	-29	-27	-5	-8	det1=true
[11971]	105	110	-37	-27	-5	8	det1=true
[11972]	109	110	-39	-29	-6	-7	det1=true
[11973]	110	110	-51	-45	-1	-8	det1=true
[11974]	110	110	-59	-45	-1	8	det1=true
[11975]	40	111	-2	1	-4	-5	det1=true
[11976]	40	111	-7	1	-4	5	det1=true
[11977]	45	111	-17	-12	-4	-5	det1=true
[11978]	45	111	-22	-12	-4	5	det1=true
[11979]	46	111	-19	-13	-4	-5	det1=true
[11980]	46	111	-24	-13	-4	5	det1=true
[11981]	80	111	-39	-25	-1	8	det1=true
[11982]	83	111	-37	-17	-8	-2	det1=true
[11983]	83	111	-39	-17	-8	2	det1=true
[11984]	87	111	-36	-26	-2	-8	det1=true
[11985]	87	111	-44	-26	-2	8	det1=true
[11986]	87	111	-12	-14	-2	-9	det1=true
[11987]	87	111	-21	-14	-2	9	det1=true
[11988]	91	111	-38	-36	-1	-8	det1=true
[11989]	91	111	-46	-36	-1	8	det1=true
[11990]	91	111	-30	-16	-4	-8	det1=true
[11991]	93	111	-43	-32	-4	-7	det1=true
[11992]	93	111	-50	-32	-4	7	det1=true
[11993]	98	111	-48	-35	-8	-1	det1=true
[11994]	100	111	-19	-4	-1	10	det1=true
[11995]	101	111	-36	-2	-5	-8	det1=true
[11996]	103	111	-20	-6	-6	-8	det1=true
[11997]	103	111	-28	-6	-6	8	det1=true
[11998]	104	111	-37	-14	-5	-8	det1=true
[11999]	104	111	-45	-14	-5	8	det1=true
[12000]	104	111	-29	-27	-8	-5	det1=true
[12001]	104	111	-34	-27	-8	5	det1=true
[12002]	106	111	-47	-34	-4	8	det1=true
[12003]	107	111	-53	-42	-8	1	det1=true
[12004]	57	112	-19	-13	-7	-2	det1=true
[12005]	57	112	-21	-13	-7	2	det1=true
[12006]	63	112	-3	-1	-4	-7	det1=true
[12007]	63	112	-10	-1	-4	7	det1=true
[12008]	67	112	-13	-14	-1	-8	det1=true
[12009]	67	112	-21	-14	-1	8	det1=true
[12010]	70	112	-21	-14	-1	-8	det1=true
[12011]	70	112	-29	-14	-1	8	det1=true
[12012]	73	112	-29	-11	-7	-4	det1=true
[12013]	73	112	-33	-11	-7	4	det1=true
[12014]	79	112	-27	-9	-8	-3	det1=true
[12015]	79	112	-30	-9	-8	3	det1=true
[12016]	82	112	-41	-12	-8	2	det1=true
[12017]	83	112	-37	-9	-8	3	det1=true
[12018]	83	112	-8	1	-6	-7	det1=true
[12019]	83	112	-15	1	-6	7	det1=true
[12020]	83	112	-4	-7	-2	-9	det1=true
[12021]	83	112	-13	-7	-2	9	det1=true
[12022]	88	112	-38	-33	-8	-1	det1=true
[12023]	88	112	-39	-33	-8	1	det1=true
[12024]	89	112	-19	-15	-2	-9	det1=true
[12025]	89	112	-28	-15	-2	9	det1=true
[12026]	91	112	-15	-13	-5	-8	det1=true
[12027]	91	112	-23	-13	-5	8	det1=true
[12028]	94	112	-39	-27	-3	-8	det1=true
[12029]	94	112	-47	-27	-3	8	det1=true
[12030]	97	112	-40	-39	-2	-8	det1=true
[12031]	97	112	-48	-39	-2	8	det1=true
[12032]	98	112	-36	-13	-6	-7	det1=true
[12033]	100	112	-43	-40	-8	-2	det1=true
[12034]	100	112	-45	-40	-8	2	det1=true
[12035]	100	112	-37	-17	-6	-7	det1=true
[12036]	100	112	-44	-17	-6	7	det1=true
[12037]	100	112	-37	-3	-8	-5	det1=true
[12038]	100	112	-42	-3	-8	5	det1=true
[12039]	101	112	-41	-19	-9	2	det1=true
[12040]	103	112	-40	-19	-6	-7	det1=true
[12041]	103	112	-47	-19	-6	7	det1=true
[12042]	104	112	-23	-10	-8	-6	det1=true
[12043]	104	112	-29	-10	-8	6	det1=true
[12044]	108	112	-28	-15	-10	-1	det1=true
[12045]	43	109	-14	-1	-5	-4	det1=true
[12046]	45	109	-21	-10	-4	5	det1=true
[12047]	56	109	-18	-7	-6	-4	det1=true
[12048]	56	109	-22	-7	-6	4	det1=true
[12049]	57	109	-16	-10	-2	-7	det1=true
[12050]	57	109	-23	-10	-2	7	det1=true
[12051]	62	109	-22	-21	-4	-6	det1=true
[12052]	62	109	-28	-21	-4	6	det1=true
[12053]	66	109	-11	-1	-7	-4	det1=true
[12054]	66	109	-15	-1	-7	4	det1=true
[12055]	67	109	-28	-10	-7	-3	det1=true
[12056]	67	109	-31	-10	-7	3	det1=true
[12057]	67	109	-27	-12	-7	-3	det1=true
[12058]	67	109	-30	-12	-7	3	det1=true
[12059]	70	109	-29	-5	-6	-5	det1=true
[12060]	70	109	-34	-5	-6	5	det1=true
[12061]	70	109	-24	-1	-8	-1	det1=true
[12062]	84	109	-31	-29	-4	-7	det1=true
[12063]	84	109	-38	-29	-4	7	det1=true
[12064]	85	109	-37	-15	-2	-8	det1=true
[12065]	85	109	-45	-15	-2	8	det1=true
[12066]	86	109	-40	-23	-8	-1	det1=true
[12067]	86	109	-41	-23	-8	1	det1=true
[12068]	94	109	-36	-3	-4	-8	det1=true
[12069]	100	109	-3	3	-10	-1	det1=true
[12070]	103	109	-3	3	-10	-2	det1=true
[12071]	105	109	-2	3	-9	-5	det1=true
[12072]	105	109	-7	3	-9	5	det1=true
[12073]	45	110	-15	-13	-4	-5	det1=true
[12074]	57	110	-19	-12	-6	-4	det1=true
[12075]	57	110	-23	-12	-6	4	det1=true
[12076]	68	110	-32	-3	-6	5	det1=true
[12077]	68	110	-23	-13	-6	-5	det1=true
[12078]	68	110	-28	-13	-6	5	det1=true
[12079]	73	110	-30	-17	-6	-5	det1=true
[12080]	73	110	-35	-17	-6	5	det1=true
[12081]	73	110	-7	-5	-3	-8	det1=true
[12082]	73	110	-15	-5	-3	8	det1=true
[12083]	78	110	-17	-15	-3	-8	det1=true
[12084]	78	110	-25	-15	-3	8	det1=true
[12085]	89	110	-37	-17	-8	-3	det1=true
[12086]	89	110	-40	-17	-8	3	det1=true
[12087]	95	110	-27	-18	-9	-2	det1=true
[12088]	95	110	-29	-18	-9	2	det1=true
[12089]	100	110	-39	-11	-9	-2	det1=true
[12090]	100	110	-41	-11	-9	2	det1=true
[12091]	101	110	-14	1	-10	-1	det1=true
[12092]	104	110	-8	-7	-2	-10	det1=true
[12093]	104	110	-18	-7	-2	10	det1=true
[12094]	107	110	-45	-14	-7	-6	det1=true
[12095]	107	110	-51	-14	-7	6	det1=true
[12096]	108	110	-19	-20	-1	-10	det1=true
[12097]	108	110	-29	-20	-1	10	det1=true
[12098]	109	110	-46	-29	-6	7	det1=true
[12099]	53	111	-12	2	-7	-2	det1=true
[12100]	53	111	-14	2	-7	2	det1=true
[12101]	54	111	-10	-9	-2	-7	det1=true
[12102]	77	111	-21	-1	-7	-5	det1=true
[12103]	77	111	-26	-1	-7	5	det1=true
[12104]	77	111	-19	-7	-7	-5	det1=true
[12105]	77	111	-24	-7	-7	5	det1=true
[12106]	87	111	-18	-4	-7	-6	det1=true
[12107]	87	111	-24	-4	-7	6	det1=true
[12108]	88	111	-35	-18	-3	-8	det1=true
[12109]	88	111	-43	-18	-3	8	det1=true
[12110]	91	111	-42	-5	-5	-7	det1=true
[12111]	91	111	-49	-5	-5	7	det1=true
[12112]	97	111	-48	-26	-5	7	det1=true
[12113]	99	111	-41	-30	-7	-5	det1=true
[12114]	99	111	-46	-30	-7	5	det1=true
[12115]	100	111	-45	-41	-8	-1	det1=true
[12116]	106	111	-39	-34	-4	-8	det1=true
[12117]	107	111	-52	-42	-8	-1	det1=true
[12118]	110	111	-21	-25	-1	-10	det1=true
[12119]	110	111	-31	-25	-1	10	det1=true
[12120]	111	111	-49	-4	-9	-3	det1=true
[12121]	111	111	-52	-4	-9	3	det1=true
[12122]	111	111	-41	-22	-3	-9	det1=true
[12123]	111	111	-50	-22	-3	9	det1=true
[12124]	52	112	-9	0	-7	-2	det1=true
[12125]	52	112	-11	0	-7	2	det1=true
[12126]	62	112	-15	-5	-6	-5	det1=true
[12127]	62	112	-20	-5	-6	5	det1=true
[12128]	71	112	-22	-17	-8	-1	det1=true
[12129]	75	112	-31	-14	-7	-4	det1=true
[12130]	75	112	-35	-14	-7	4	det1=true
[12131]	82	112	-39	-12	-8	-2	det1=true
[12132]	98	112	-35	-15	-2	-9	det1=true
[12133]	112	112	-53	-41	-8	3	det1=true
[12134]	45	109	-16	-10	-4	-5	det1=true
[12135]	54	109	-11	-2	-7	-2	det1=true
[12136]	54	109	-13	-2	-7	2	det1=true
[12137]	58	109	-19	-11	-7	-2	det1=true
[12138]	58	109	-21	-11	-7	2	det1=true
[12139]	61	109	-17	-4	-7	-3	det1=true
[12140]	61	109	-20	-4	-7	3	det1=true
[12141]	73	109	-22	-6	-8	-2	det1=true
[12142]	73	109	-24	-6	-8	2	det1=true
[12143]	82	109	-27	-9	-3	-8	det1=true
[12144]	82	109	-35	-9	-3	8	det1=true
[12145]	85	109	-39	-3	-5	7	det1=true
[12146]	86	109	-37	-25	-4	-7	det1=true
[12147]	86	109	-44	-25	-4	7	det1=true
[12148]	91	109	-26	-1	-9	-2	det1=true
[12149]	91	109	-28	-1	-9	2	det1=true
[12150]	97	109	-8	0	-9	-4	det1=true
[12151]	97	109	-12	0	-9	4	det1=true
[12152]	98	109	-30	-17	-6	-7	det1=true
[12153]	98	109	-37	-17	-6	7	det1=true
[12154]	99	109	-36	-7	-7	-6	det1=true
[12155]	99	109	-42	-7	-7	6	det1=true
[12156]	101	109	-36	-14	-6	-7	det1=true
[12157]	101	109	-43	-14	-6	7	det1=true
[12158]	101	109	-29	-15	-9	-3	det1=true
[12159]	101	109	-32	-15	-9	3	det1=true
[12160]	101	109	-18	-8	-9	-4	det1=true
[12161]	101	109	-22	-8	-9	4	det1=true
[12162]	104	109	-41	-12	-7	-6	det1=true
[12163]	87	110	-35	-12	-3	-8	det1=true
[12164]	104	110	-23	3	-10	-1	det1=true
[12165]	104	110	-24	3	-10	1	det1=true
[12166]	27	111	-11	-3	-1	-5	det1=true
[12167]	27	111	-16	-3	-1	5	det1=true
[12168]	40	111	-1	-1	-4	-5	det1=true
[12169]	40	111	-6	-1	-4	5	det1=true
[12170]	56	111	-21	-4	-4	-6	det1=true
[12171]	56	111	-27	-4	-4	6	det1=true
[12172]	65	111	-7	-8	-4	-7	det1=true
[12173]	80	111	-31	-25	-1	-8	det1=true
[12174]	93	111	-22	-5	-5	-8	det1=true
[12175]	93	111	-30	-5	-5	8	det1=true
[12176]	95	111	-38	-27	-7	-5	det1=true
[12177]	95	111	-3	-4	-4	-9	det1=true
[12178]	95	111	-12	-4	-4	9	det1=true
[12179]	105	111	-33	-32	-2	-9	det1=true
[12180]	105	111	-42	-32	-2	9	det1=true
[12181]	60	112	-9	1	-5	-6	det1=true
[12182]	65	112	-17	-15	-5	-6	det1=true
[12183]	65	112	-23	-15	-5	6	det1=true
[12184]	82	112	-1	1	-6	-7	det1=true
[12185]	82	112	-8	1	-6	7	det1=true
[12186]	94	112	-33	-3	-6	-7	det1=true
[12187]	94	112	-40	-3	-6	7	det1=true
[12188]	97	112	-36	-9	-6	-7	det1=true
[12189]	97	112	-43	-9	-6	7	det1=true
[12190]	110	112	-35	-6	-8	-6	det1=true
[12191]	110	112	-41	-6	-8	6	det1=true
[12192]	111	112	-34	5	-10	-2	det1=true
[12193]	111	112	-19	-9	-3	-10	det1=true
[12194]	111	112	-29	-9	-3	10	det1=true
[12195]	44	109	-14	-13	-2	-6	det1=true
[12196]	44	109	-20	-13	-2	6	det1=true
[12197]	53	109	-4	-2	-2	-7	det1=true
[12198]	53	109	-11	-2	-2	7	det1=true
[12199]	54	109	-7	-7	-2	-7	det1=true
[12200]	54	109	-14	-7	-2	7	det1=true
[12201]	74	109	-23	-2	-2	-8	det1=true
[12202]	74	109	-31	-2	-2	8	det1=true
[12203]	86	109	-11	1	-6	-7	det1=true
[12204]	86	109	-18	1	-6	7	det1=true
[12205]	90	109	-38	-27	-8	-2	det1=true
[12206]	90	109	-40	-27	-8	2	det1=true
[12207]	90	109	-37	-8	-4	8	det1=true
[12208]	90	109	-22	3	-6	-7	det1=true
[12209]	90	109	-29	3	-6	7	det1=true
[12210]	93	109	-34	-25	-5	-7	det1=true
[12211]	93	109	-41	-25	-5	7	det1=true
[12212]	95	109	-40	-22	-3	-8	det1=true
[12213]	97	109	-33	-6	-6	-7	det1=true
[12214]	97	109	-40	-6	-6	7	det1=true
[12215]	99	109	-30	-20	-2	-9	det1=true
[12216]	99	109	-39	-20	-2	9	det1=true
[12217]	109	109	-51	-39	-8	-2	det1=true
[12218]	109	109	-53	-39	-8	2	det1=true
[12219]	40	110	-7	-2	-6	-2	det1=true
[12220]	40	110	-9	-2	-6	2	det1=true
[12221]	40	110	-5	-4	-2	-6	det1=true
[12222]	40	110	-11	-4	-2	6	det1=true
[12223]	45	110	-20	-3	-4	-5	det1=true
[12224]	45	110	-25	-3	-4	5	det1=true
[12225]	45	110	-20	-13	-4	5	det1=true
[12226]	83	110	-30	-25	-8	-2	det1=true
[12227]	89	110	-40	-31	-8	1	det1=true
[12228]	106	110	-18	-17	-6	-8	det1=true
[12229]	106	110	-26	-17	-6	8	det1=true
[12230]	39	111	-2	0	-6	-2	det1=true
[12231]	39	111	-4	0	-6	2	det1=true
[12232]	100	111	-9	-4	-1	-10	det1=true
[12233]	111	111	-28	-20	-10	-1	det1=true
[12234]	65	112	-29	-3	-5	6	det1=true
[12235]	70	112	-23	-11	-7	-4	det1=true
[12236]	70	112	-27	-11	-7	4	det1=true
[12237]	88	112	-13	-1	-8	-5	det1=true
[12238]	98	112	-33	-19	-6	-7	det1=true
[12239]	98	112	-40	-19	-6	7	det1=true
[12240]	106	112	-31	-30	-5	-8	det1=true
[12241]	30	109	-13	2	-5	2	det1=true
[12242]	85	109	-32	-3	-5	-7	det1=true
[12243]	95	109	-48	-22	-3	8	det1=true
[12244]	104	109	-43	-11	-9	-2	det1=true
[12245]	104	109	-45	-11	-9	2	det1=true
[12246]	109	109	-49	-13	-1	-9	det1=true
[12247]	109	109	-58	-13	-1	9	det1=true
[12248]	52	110	-8	-1	-6	-4	det1=true
[12249]	52	110	-12	-1	-6	4	det1=true
[12250]	66	110	-11	-5	-1	-8	det1=true
[12251]	66	110	-19	-5	-1	8	det1=true
[12252]	74	110	-15	3	-8	-3	det1=true
[12253]	74	110	-18	3	-8	3	det1=true
[12254]	88	110	-37	-10	-3	-8	det1=true
[12255]	88	110	-45	-10	-3	8	det1=true
[12256]	89	110	-9	-3	-5	-8	det1=true
[12257]	89	110	-17	-3	-5	8	det1=true
[12258]	92	110	-42	-25	-2	-8	det1=true
[12259]	92	110	-50	-25	-2	8	det1=true
[12260]	100	110	-29	-25	-6	-7	det1=true
[12261]	100	110	-36	-25	-6	7	det1=true
[12262]	108	110	-31	3	-10	-1	det1=true
[12263]	108	110	-32	3	-10	1	det1=true
[12264]	51	111	-16	3	-7	-1	det1=true
[12265]	51	111	-17	3	-7	1	det1=true
[12266]	89	111	-39	-10	-7	-5	det1=true
[12267]	89	111	-44	-10	-7	5	det1=true
[12268]	90	111	-35	4	-8	-4	det1=true
[12269]	90	111	-39	4	-8	4	det1=true
[12270]	96	111	-30	1	-8	-5	det1=true
[12271]	96	111	-35	1	-8	5	det1=true
[12272]	102	111	-11	-13	-1	-10	det1=true
[12273]	107	111	-31	4	-10	-1	det1=true
[12274]	107	111	-32	4	-10	1	det1=true
[12275]	37	112	-9	-3	-1	-6	det1=true
[12276]	37	112	-15	-3	-1	6	det1=true
[12277]	40	112	-11	-2	-6	-2	det1=true
[12278]	40	112	-13	-2	-6	2	det1=true
[12279]	40	112	-9	-4	-2	-6	det1=true
[12280]	40	112	-15	-4	-2	6	det1=true
[12281]	60	112	-15	1	-5	6	det1=true
[12282]	65	112	-23	-3	-5	-6	det1=true
[12283]	104	112	-32	-33	-2	-9	det1=true
[12284]	104	112	-41	-33	-2	9	det1=true
[12285]	73	109	-29	-24	-3	-7	det1=true
[12286]	73	109	-36	-24	-3	7	det1=true
[12287]	89	109	-17	-8	-6	-7	det1=true
[12288]	89	109	-24	-8	-6	7	det1=true
[12289]	90	109	-29	-8	-4	-8	det1=true
[12290]	102	109	-48	-29	-8	3	det1=true
[12291]	102	109	-35	0	-5	-8	det1=true
[12292]	102	109	-43	0	-5	8	det1=true
[12293]	52	110	-7	-2	-4	-6	det1=true
[12294]	52	110	-13	-2	-4	6	det1=true
[12295]	65	110	-21	2	-5	-6	det1=true
[12296]	65	110	-27	2	-5	6	det1=true
[12297]	68	110	-27	-3	-6	-5	det1=true
[12298]	105	110	-18	-13	-10	-1	det1=true
[12299]	105	110	-19	-13	-10	1	det1=true
[12300]	70	111	-18	-5	-8	-2	det1=true
[12301]	70	111	-20	-5	-8	2	det1=true
[12302]	76	111	-34	-3	-4	-7	det1=true
[12303]	101	111	-22	-9	-9	-4	det1=true
[12304]	102	111	-21	-13	-1	10	det1=true
[12305]	103	111	-19	-8	-10	-1	det1=true
[12306]	103	111	-20	-8	-10	1	det1=true
[12307]	28	112	0	-1	-2	-5	det1=true
[12308]	85	112	-35	-10	-3	-8	det1=true
[12309]	85	112	-43	-10	-3	8	det1=true
[12310]	30	109	-11	2	-5	-2	det1=true
[12311]	102	109	-45	-29	-8	-3	det1=true
[12312]	29	110	-7	2	-5	-2	det1=true
[12313]	29	110	-9	2	-5	2	det1=true
[12314]	40	110	-17	-3	-1	-6	det1=true
[12315]	40	110	-23	-3	-1	6	det1=true
[12316]	45	110	-7	1	-3	-6	det1=true
[12317]	78	110	-34	-11	-4	-7	det1=true
[12318]	78	110	-41	-11	-4	7	det1=true
[12319]	96	110	-23	-13	-5	-8	det1=true
[12320]	96	110	-31	-13	-5	8	det1=true
[12321]	67	111	-6	-2	-2	-8	det1=true
[12322]	67	111	-14	-2	-2	8	det1=true
[12323]	98	111	-39	-20	-8	-4	det1=true
[12324]	98	111	-43	-20	-8	4	det1=true
[12325]	61	112	-13	1	-5	-6	det1=true
[12326]	61	112	-19	1	-5	6	det1=true
[12327]	86	112	-19	-4	-9	-2	det1=true
[12328]	86	112	-21	-4	-9	2	det1=true
[12329]	91	112	-19	-6	-5	-8	det1=true
[12330]	91	112	-27	-6	-5	8	det1=true
[12331]	105	112	-28	-3	-10	-1	det1=true
[12332]	105	112	-29	-3	-10	1	det1=true
[12333]	57	109	-23	-13	-7	-1	det1=true
[12334]	57	109	-24	-13	-7	1	det1=true
[12335]	101	110	-40	-35	-8	-3	det1=true
[12336]	101	110	-43	-35	-8	3	det1=true
[12337]	104	111	-11	-8	-2	-10	det1=true
[12338]	104	111	-21	-8	-2	10	det1=true
[12339]	71	112	-31	-13	-6	-5	det1=true
[12340]	71	112	-36	-13	-6	5	det1=true
[12341]	77	112	-21	-10	-3	-8	det1=true
[12342]	41	110	-7	1	-4	-5	det1=true
[12343]	41	110	-12	1	-4	5	det1=true
[12344]	29	111	-8	-1	-5	-2	det1=true
[12345]	29	111	-10	-1	-5	2	det1=true
[12346]	64	111	-28	-19	-2	-7	det1=true
[12347]	64	111	-35	-19	-2	7	det1=true
[12348]	87	111	-20	-12	-6	7	det1=true
[12349]	105	111	-22	-6	-1	-10	det1=true
[12350]	105	111	-32	-6	-1	10	det1=true
[12351]	37	112	-7	-7	-1	-6	det1=true
[12352]	37	112	-13	-7	-1	6	det1=true
[12353]	64	112	-7	-6	-1	-8	det1=true
[12354]	64	112	-15	-6	-1	8	det1=true
[12355]	67	112	-15	-11	-7	-4	det1=true
[12356]	67	112	-19	-11	-7	4	det1=true
[12357]	88	112	-18	-1	-8	5	det1=true
[12358]	109	109	-48	-42	-2	-8	det1=true
[12359]	67	111	-9	1	-8	-2	det1=true
[12360]	67	111	-11	1	-8	2	det1=true
[12361]	87	111	-13	-12	-6	-7	det1=true
[12362]	40	112	-10	1	-2	-6	det1=true
[12363]	42	109	-8	-5	-4	-5	det1=true
[12364]	42	109	-13	-5	-4	5	det1=true
[12365]	25	110	-5	-1	-3	-4	det1=true
[12366]	25	110	-9	-1	-3	4	det1=true
[12367]	38	110	-12	-3	-6	-1	det1=true
[12368]	38	110	-13	-3	-6	1	det1=true
[12369]	41	112	-15	-2	-6	-2	det1=true
[12370]	41	112	-17	-2	-6	2	det1=true
[12371]	64	112	-9	-3	-7	-4	det1=true
[12372]	64	112	-13	-3	-7	4	det1=true
[12373]	78	112	-35	-14	-1	-8	det1=true
[12374]	78	112	-43	-14	-1	8	det1=true
[12375]	79	109	-19	-14	-8	-3	det1=true
[12376]	79	109	-22	-14	-8	3	det1=true
[12377]	100	109	-36	-9	-2	-9	det1=true
[12378]	100	109	-45	-9	-2	9	det1=true
[12379]	50	110	-21	-21	-4	-5	det1=true
[12380]	50	110	-26	-21	-4	5	det1=true
[12381]	107	111	-14	-9	-9	-5	det1=true
[12382]	107	111	-19	-9	-9	5	det1=true
[12383]	41	112	-13	-4	-2	-6	det1=true
[12384]	40	109	-4	1	-2	-6	det1=true
[12385]	49	111	-5	-1	-7	-1	det1=true
[12386]	49	111	-6	-1	-7	1	det1=true
[12387]	69	112	-12	-11	-2	-8	det1=true
[12388]	69	112	-20	-11	-2	8	det1=true
[12389]	74	112	-13	-10	-3	-8	det1=true
[12390]	74	112	-21	-10	-3	8	det1=true
[12391]	52	109	-5	2	-4	-6	det1=true
[12392]	52	109	-11	2	-4	6	det1=true
[12393]	104	109	-49	-13	-2	9	det1=true
[12394]	89	111	-38	-11	-5	-7	det1=true
[12395]	109	112	-1	1	-7	-8	det1=true
[12396]	109	112	-9	1	-7	8	det1=true
[12397]	57	109	-20	-16	-1	-7	det1=true
[12398]	103	109	1	-1	-2	-10	det1=true
[12399]	107	109	-50	-49	-3	-7	det1=true
[12400]	107	109	-57	-49	-3	7	det1=true
[12401]	66	110	-23	-3	-6	-5	det1=true
[12402]	86	110	-35	-7	-3	-8	det1=true
[12403]	57	109	-27	-16	-1	7	det1=true
[12404]	86	109	-10	-1	-2	-9	det1=true
[12405]	86	109	-19	-1	-2	9	det1=true
[12406]	104	109	-40	-13	-2	-9	det1=true
[12407]	17	110	-3	-3	-1	-4	det1=true
[12408]	17	110	-7	-3	-1	4	det1=true
[12409]	66	110	-28	-3	-6	5	det1=true
[12410]	86	110	-43	-7	-3	8	det1=true
[12411]	104	110	-49	-44	-5	-6	det1=true
[12412]	104	110	-55	-44	-5	6	det1=true
[12413]	100	111	-15	4	-8	-6	det1=true
[12414]	100	111	-21	4	-8	6	det1=true
[12415]	65	111	-10	-6	-8	-1	det1=true
[12416]	111	111	-28	-4	-2	-10	det1=true
[12417]	66	112	-14	-7	-4	-7	det1=true
[12418]	66	112	-21	-7	-4	7	det1=true
[12419]	45	109	-4	-2	-6	-3	det1=true
[12420]	45	109	-7	-2	-6	3	det1=true
[12421]	97	109	-6	-3	-9	-4	det1=true
[12422]	97	109	-10	-3	-9	4	det1=true
[12423]	105	109	0	1	-5	-9	det1=true
[12424]	105	109	-9	1	-5	9	det1=true
[12425]	110	110	-53	-42	-7	-4	det1=true
[12426]	110	110	-57	-42	-7	4	det1=true
[12427]	25	110	-4	-3	-4	-3	det1=true
[12428]	25	110	-7	-3	-4	3	det1=true
[12429]	41	110	-5	-4	-5	-4	det1=true
[12430]	41	110	-9	-4	-5	4	det1=true
[12431]	37	109	-2	-4	-1	-6	det1=true
[12432]	37	109	-8	-4	-1	6	det1=true
[12433]	100	109	1	0	-1	-10	det1=true
[12434]	100	109	-9	0	-1	10	det1=true
[12435]	61	110	-6	-5	-6	-5	det1=true
[12436]	61	110	-11	-5	-6	5	det1=true
[12437]	85	110	-7	-6	-7	-6	det1=true
[12438]	85	110	-13	-6	-7	6	det1=true
[12439]	25	112	-6	-5	-4	-3	det1=true
[12440]	25	112	-9	-5	-4	3	det1=true
[12441]	13	109	-2	-1	-3	-2	det1=true
[12442]	13	109	-4	-1	-3	2	det1=true
[12443]	13	110	-3	-2	-3	-2	det1=true
[12444]	13	110	-5	-2	-3	2	det1=true
[12445]	53	111	-6	-8	-2	-7	det1=true
[12446]	53	111	-13	-8	-2	7	det1=true
[12447]	8	111	-3	-2	-2	-2	det1=true
[12448]	40	112	-12	3	-6	-2	det1=true
[12449]	8	109	-2	1	-2	-2	det1=true
[12450]	8	110	-3	0	-2	-2	det1=true
[12451]	25	109	-4	2	-4	-3	det1=true
[12452]	73	109	-8	4	-8	-3	det1=true
[12453]	20	111	-6	1	-2	-4	det1=true
[12454]	20	111	-10	1	-2	4	det1=true
[12455]	17	109	-4	2	-4	-1	det1=true
[12456]	17	109	-5	2	-4	1	det1=true
[12457]	100	111	-14	3	-6	-8	det1=true
[12458]	100	111	-22	3	-6	8	det1=true
[12459]	40	109	-6	3	-6	-2	det1=true
[12460]	37	112	-12	3	-6	-1	det1=true
[12461]	37	112	-13	3	-6	1	det1=true
[12462]	112	112	-15	-1	-8	-7	det1=true
[12463]	112	112	-22	-1	-8	7	det1=true
[12464]	89	109	-8	4	-8	-5	det1=true
[12465]	52	109	-6	3	-6	-4	det1=true
[12466]	52	109	-10	3	-6	4	det1=true
[12467]	41	111	-9	2	-4	-5	det1=true
[12468]	110	110	-13	-4	-3	-10	det1=true
[12469]	5	110	-2	-1	-2	-1	det1=true
[12470]	65	111	-11	2	-4	-7	det1=true
[12471]	97	114	-46	-35	-8	-2	det1=true
[12472]	50	116	-12	3	-6	-4	det1=true
[12473]	56	113	-21	-8	-7	-2	det1=true
[12474]	56	113	-23	-8	-7	2	det1=true
[12475]	62	113	-29	-18	-6	-4	det1=true
[12476]	62	113	-33	-18	-6	4	det1=true
[12477]	78	113	-21	-17	-8	-3	det1=true
[12478]	78	113	-24	-17	-8	3	det1=true
[12479]	83	113	-40	-34	-7	-3	det1=true
[12480]	83	113	-43	-34	-7	3	det1=true
[12481]	96	113	-43	-39	-4	-7	det1=true
[12482]	96	113	-50	-39	-4	7	det1=true
[12483]	106	113	-44	-11	-8	-5	det1=true
[12484]	106	113	-49	-11	-8	5	det1=true
[12485]	113	113	-51	-22	-2	-9	det1=true
[12486]	113	113	-60	-22	-2	9	det1=true
[12487]	113	113	-8	-8	-4	-10	det1=true
[12488]	68	114	-17	-17	-1	-8	det1=true
[12489]	68	114	-25	-17	-1	8	det1=true
[12490]	67	115	-30	-18	-7	-3	det1=true
[12491]	67	115	-33	-18	-7	3	det1=true
[12492]	90	115	-31	3	-6	-7	det1=true
[12493]	90	115	-38	3	-6	7	det1=true
[12494]	103	115	-48	-42	-8	-2	det1=true
[12495]	103	115	-50	-42	-8	2	det1=true
[12496]	103	115	-39	-18	-9	-3	det1=true
[12497]	103	115	-42	-18	-9	3	det1=true
[12498]	103	115	-36	-21	-3	-9	det1=true
[12499]	103	115	-45	-21	-3	9	det1=true
[12500]	71	116	-26	-19	-8	-1	det1=true
[12501]	71	116	-27	-19	-8	1	det1=true
[12502]	110	116	-27	-22	-2	-10	det1=true
[12503]	110	116	-37	-22	-2	10	det1=true
[12504]	114	116	-54	-17	-8	-5	det1=true
[12505]	114	116	-59	-17	-8	5	det1=true
[12506]	116	116	-38	-19	-2	-10	det1=true
[12507]	116	116	-48	-19	-2	10	det1=true
[12508]	56	113	-17	-13	-2	-7	det1=true
[12509]	56	113	-24	-13	-2	7	det1=true
[12510]	61	113	-22	-6	-7	-3	det1=true
[12511]	61	113	-25	-6	-7	3	det1=true
[12512]	71	113	-4	1	-7	-5	det1=true
[12513]	72	113	-21	-14	-8	-2	det1=true
[12514]	72	113	-23	-14	-8	2	det1=true
[12515]	96	113	-42	-29	-8	-3	det1=true
[12516]	96	113	-45	-29	-8	3	det1=true
[12517]	98	113	-13	0	-6	-8	det1=true
[12518]	98	113	-21	0	-6	8	det1=true
[12519]	100	113	-17	-7	-10	1	det1=true
[12520]	103	113	-38	-15	-9	-3	det1=true
[12521]	103	113	-41	-15	-9	3	det1=true
[12522]	106	113	-45	-22	-9	-2	det1=true
[12523]	52	114	-13	-1	-7	-2	det1=true
[12524]	52	114	-15	-1	-7	2	det1=true
[12525]	66	114	-13	4	-8	-2	det1=true
[12526]	66	114	-15	4	-8	2	det1=true
[12527]	95	114	-32	-3	-8	-5	det1=true
[12528]	95	114	-37	-3	-8	5	det1=true
[12529]	108	114	-26	-11	-2	-10	det1=true
[12530]	108	114	-36	-11	-2	10	det1=true
[12531]	50	115	-8	-3	-4	-6	det1=true
[12532]	50	115	-14	-3	-4	6	det1=true
[12533]	52	115	-15	0	-7	-2	det1=true
[12534]	52	115	-17	0	-7	2	det1=true
[12535]	54	115	-25	-5	-2	7	det1=true
[12536]	93	115	-26	-11	-9	-3	det1=true
[12537]	95	115	-18	-4	-9	-4	det1=true
[12538]	95	115	-22	-4	-9	4	det1=true
[12539]	103	115	-26	0	-1	-10	det1=true
[12540]	103	115	-36	0	-1	10	det1=true
[12541]	110	115	-40	-1	-8	-6	det1=true
[12542]	110	115	-46	-1	-8	6	det1=true
[12543]	115	115	-42	-11	-1	-10	det1=true
[12544]	115	115	-44	-14	-10	-1	det1=true
[12545]	115	115	-45	-14	-10	1	det1=true
[12546]	115	115	-38	-12	-2	-10	det1=true
[12547]	115	115	-32	-9	-3	-10	det1=true
[12548]	50	116	-5	-3	-2	-7	det1=true
[12549]	50	116	-12	-3	-2	7	det1=true
[12550]	62	116	-21	-4	-5	-6	det1=true
[12551]	63	116	-25	-27	-2	-7	det1=true
[12552]	63	116	-13	-7	-8	-1	det1=true
[12553]	75	116	-37	-13	-8	-1	det1=true
[12554]	75	116	-38	-13	-8	1	det1=true
[12555]	80	116	-7	-3	-9	-2	det1=true
[12556]	80	116	-9	-3	-9	2	det1=true
[12557]	80	116	-5	-4	-7	-6	det1=true
[12558]	80	116	-11	-4	-7	6	det1=true
[12559]	86	116	-39	-33	-1	-8	det1=true
[12560]	93	116	-25	-17	-8	-5	det1=true
[12561]	93	116	-30	-17	-8	5	det1=true
[12562]	101	116	-21	0	-10	-2	det1=true
[12563]	101	116	-23	0	-10	2	det1=true
[12564]	103	116	-37	0	-8	6	det1=true
[12565]	111	116	-33	-14	-2	-10	det1=true
[12566]	111	116	-43	-14	-2	10	det1=true
[12567]	113	116	-25	-20	-3	-10	det1=true
[12568]	113	116	-35	-20	-3	10	det1=true
[12569]	116	116	-40	-31	-2	10	det1=true
[12570]	51	113	-3	-2	-2	-7	det1=true
[12571]	63	113	-30	-4	-7	3	det1=true
[12572]	63	113	-25	-6	-3	-7	det1=true
[12573]	63	113	-14	0	-4	7	det1=true
[12574]	66	113	-10	1	-8	-2	det1=true
[12575]	70	113	-5	3	-8	-3	det1=true
[12576]	70	113	-8	3	-8	3	det1=true
[12577]	71	113	-9	1	-7	5	det1=true
[12578]	71	113	-3	0	-5	-7	det1=true
[12579]	71	113	-10	0	-5	7	det1=true
[12580]	77	113	-32	-33	-3	-7	det1=true
[12581]	77	113	-39	-33	-3	7	det1=true
[12582]	81	113	-39	-11	-8	-2	det1=true
[12583]	81	113	-41	-11	-8	2	det1=true
[12584]	81	113	-36	-14	-2	-8	det1=true
[12585]	81	113	-44	-14	-2	8	det1=true
[12586]	85	113	-14	-9	-7	-6	det1=true
[12587]	85	113	-20	-9	-7	6	det1=true
[12588]	86	113	-7	0	-5	-8	det1=true
[12589]	86	113	-15	0	-5	8	det1=true
[12590]	87	113	-13	4	-8	-5	det1=true
[12591]	87	113	-18	4	-8	5	det1=true
[12592]	89	113	-35	-22	-5	-7	det1=true
[12593]	89	113	-42	-22	-5	7	det1=true
[12594]	89	113	-36	-24	-8	-3	det1=true
[12595]	89	113	-39	-24	-8	3	det1=true
[12596]	90	113	-29	-6	-9	-2	det1=true
[12597]	90	113	-31	-6	-9	2	det1=true
[12598]	91	113	-34	-30	-8	-3	det1=true
[12599]	91	113	-37	-30	-8	3	det1=true
[12600]	91	113	-30	2	-6	-7	det1=true
[12601]	92	113	-25	-3	-8	-5	det1=true
[12602]	95	113	-39	-2	-1	-9	det1=true
[12603]	96	113	-3	-2	-8	-6	det1=true
[12604]	96	113	-9	-2	-8	6	det1=true
[12605]	97	113	-44	-4	-4	-8	det1=true
[12606]	97	113	-52	-4	-4	8	det1=true
[12607]	97	113	-30	-7	-3	-9	det1=true
[12608]	100	113	-16	-7	-10	-1	det1=true
[12609]	101	113	-39	-18	-2	-9	det1=true
[12610]	101	113	-48	-18	-2	9	det1=true
[12611]	101	113	-39	-6	-8	-5	det1=true
[12612]	101	113	-44	-6	-8	5	det1=true
[12613]	104	113	-16	-11	-10	-2	det1=true
[12614]	104	113	-18	-11	-10	2	det1=true
[12615]	107	113	-46	2	-5	-8	det1=true
[12616]	107	113	-54	2	-5	8	det1=true
[12617]	113	113	-11	-5	-10	-4	det1=true
[12618]	113	113	-15	-5	-10	4	det1=true
[12619]	28	114	-7	1	-5	-2	det1=true
[12620]	28	114	-9	1	-5	2	det1=true
[12621]	39	114	-3	1	-5	-4	det1=true
[12622]	39	114	-7	1	-5	4	det1=true
[12623]	51	114	-9	2	-7	-2	det1=true
[12624]	65	114	-8	3	-8	-2	det1=true
[12625]	65	114	-10	3	-8	2	det1=true
[12626]	65	114	-5	0	-2	-8	det1=true
[12627]	65	114	-13	0	-2	8	det1=true
[12628]	67	114	-23	-5	-8	-1	det1=true
[12629]	67	114	-24	-5	-8	1	det1=true
[12630]	70	114	-27	-20	-5	-6	det1=true
[12631]	70	114	-33	-20	-5	6	det1=true
[12632]	77	114	-31	-14	-2	-8	det1=true
[12633]	77	114	-39	-14	-2	8	det1=true
[12634]	96	114	-29	-15	-8	-5	det1=true
[12635]	96	114	-34	-15	-8	5	det1=true
[12636]	102	114	-14	-9	-10	-2	det1=true
[12637]	102	114	-16	-9	-10	2	det1=true
[12638]	107	114	-47	0	-5	-8	det1=true
[12639]	107	114	-55	0	-5	8	det1=true
[12640]	58	115	-23	-18	-6	-4	det1=true
[12641]	58	115	-27	-18	-6	4	det1=true
[12642]	58	115	-22	-19	-4	-6	det1=true
[12643]	59	115	-8	-7	-5	-6	det1=true
[12644]	59	115	-14	-7	-5	6	det1=true
[12645]	63	115	-25	-12	-3	-7	det1=true
[12646]	63	115	-32	-12	-3	7	det1=true
[12647]	67	115	-21	-8	-4	-7	det1=true
[12648]	67	115	-28	-8	-4	7	det1=true
[12649]	73	115	-12	-11	-7	-5	det1=true
[12650]	73	115	-17	-11	-7	5	det1=true
[12651]	75	115	-22	2	-5	-7	det1=true
[12652]	75	115	-29	2	-5	7	det1=true
[12653]	77	115	-3	2	-9	-1	det1=true
[12654]	77	115	-4	2	-9	1	det1=true
[12655]	80	115	-38	3	-8	3	det1=true
[12656]	82	115	-32	-17	-8	-3	det1=true
[12657]	82	115	-35	-17	-8	3	det1=true
[12658]	83	115	-32	-16	-7	-5	det1=true
[12659]	83	115	-37	-16	-7	5	det1=true
[12660]	83	115	-22	-2	-1	-9	det1=true
[12661]	83	115	-31	-2	-1	9	det1=true
[12662]	84	115	-3	-2	-5	-8	det1=true
[12663]	85	115	-23	-13	-1	-9	det1=true
[12664]	85	115	-32	-13	-1	9	det1=true
[12665]	91	115	-42	-18	-5	-7	det1=true
[12666]	91	115	-49	-18	-5	7	det1=true
[12667]	93	115	-43	-22	-7	-5	det1=true
[12668]	93	115	-48	-22	-7	5	det1=true
[12669]	100	115	-17	-14	-8	-6	det1=true
[12670]	100	115	-23	-14	-8	6	det1=true
[12671]	101	115	-32	2	-9	-4	det1=true
[12672]	101	115	-36	2	-9	4	det1=true
[12673]	109	115	-28	-5	-5	-9	det1=true
[12674]	109	115	-37	-5	-5	9	det1=true
[12675]	109	115	-23	-17	-9	-5	det1=true
[12676]	109	115	-28	-17	-9	5	det1=true
[12677]	109	115	-30	-19	-5	9	det1=true
[12678]	111	115	-20	-2	-8	-7	det1=true
[12679]	111	115	-27	-2	-8	7	det1=true
[12680]	113	115	-36	-5	-9	-5	det1=true
[12681]	113	115	-34	-24	-5	9	det1=true
[12682]	115	115	-48	-2	-4	-9	det1=true
[12683]	115	115	-57	-2	-4	9	det1=true
[12684]	27	116	-1	1	-5	-2	det1=true
[12685]	27	116	-3	1	-5	2	det1=true
[12686]	35	116	-8	3	-6	-1	det1=true
[12687]	35	116	-9	3	-6	1	det1=true
[12688]	62	116	-27	-4	-5	6	det1=true
[12689]	65	116	-13	0	-8	-2	det1=true
[12690]	66	116	-22	1	-4	-7	det1=true
[12691]	68	116	-27	-3	-7	-4	det1=true
[12692]	68	116	-31	-3	-7	4	det1=true
[12693]	69	116	-5	-6	-3	-8	det1=true
[12694]	69	116	-13	-6	-3	8	det1=true
[12695]	84	116	-39	-35	-5	-6	det1=true
[12696]	84	116	-45	-35	-5	6	det1=true
[12697]	89	116	-31	-16	-7	6	det1=true
[12698]	95	116	-45	-39	-7	-4	det1=true
[12699]	95	116	-49	-39	-7	4	det1=true
[12700]	96	116	-15	-2	-8	-6	det1=true
[12701]	96	116	-21	-2	-8	6	det1=true
[12702]	97	116	-5	2	-10	-2	det1=true
[12703]	97	116	-7	2	-10	2	det1=true
[12704]	102	116	-25	-21	-9	-4	det1=true
[12705]	102	116	-29	-21	-9	4	det1=true
[12706]	103	116	-31	0	-8	-6	det1=true
[12707]	104	116	-37	-5	-9	-4	det1=true
[12708]	104	116	-41	-5	-9	4	det1=true
[12709]	107	116	-27	-18	-10	2	det1=true
[12710]	107	116	-21	-22	-2	-10	det1=true
[12711]	107	116	-31	-22	-2	10	det1=true
[12712]	107	116	-17	-12	-3	-10	det1=true
[12713]	107	116	-27	-12	-3	10	det1=true
[12714]	114	116	-45	-8	-8	-6	det1=true
[12715]	114	116	-51	-8	-8	6	det1=true
[12716]	114	116	-20	-1	-6	-9	det1=true
[12717]	114	116	-29	-1	-6	9	det1=true
[12718]	114	116	-18	-13	-10	-4	det1=true
[12719]	114	116	-22	-13	-10	4	det1=true
[12720]	115	116	-23	-3	-9	-6	det1=true
[12721]	115	116	-29	-3	-9	6	det1=true
[12722]	116	116	-30	-31	-2	-10	det1=true
[12723]	65	113	-28	-26	-6	-4	det1=true
[12724]	65	113	-32	-26	-6	4	det1=true
[12725]	66	113	-12	1	-8	2	det1=true
[12726]	67	113	-26	-10	-5	-6	det1=true
[12727]	67	113	-32	-10	-5	6	det1=true
[12728]	68	113	-27	-12	-5	-6	det1=true
[12729]	68	113	-33	-12	-5	6	det1=true
[12730]	71	113	-6	-6	-3	-8	det1=true
[12731]	71	113	-14	-6	-3	8	det1=true
[12732]	72	113	-29	-6	-1	-8	det1=true
[12733]	72	113	-37	-6	-1	8	det1=true
[12734]	76	113	-22	-9	-8	-3	det1=true
[12735]	76	113	-25	-9	-8	3	det1=true
[12736]	80	113	-27	-15	-8	-3	det1=true
[12737]	80	113	-30	-15	-8	3	det1=true
[12738]	82	113	-28	-19	-8	-3	det1=true
[12739]	82	113	-31	-19	-8	3	det1=true
[12740]	82	113	-5	-3	-7	-6	det1=true
[12741]	82	113	-11	-3	-7	6	det1=true
[12742]	83	113	-39	-5	-7	5	det1=true
[12743]	84	113	-41	-16	-8	-2	det1=true
[12744]	84	113	-43	-16	-8	2	det1=true
[12745]	85	113	-21	-13	-9	-1	det1=true
[12746]	85	113	-22	-13	-9	1	det1=true
[12747]	86	113	-32	-23	-8	-3	det1=true
[12748]	86	113	-35	-23	-8	3	det1=true
[12749]	87	113	-33	-13	-1	9	det1=true
[12750]	89	113	-30	-5	-1	-9	det1=true
[12751]	89	113	-39	-5	-1	9	det1=true
[12752]	91	113	-37	2	-6	7	det1=true
[12753]	93	113	-39	-25	-7	-5	det1=true
[12754]	93	113	-23	-10	-9	-3	det1=true
[12755]	93	113	-26	-10	-9	3	det1=true
[12756]	93	113	-20	-13	-3	-9	det1=true
[12757]	93	113	-29	-13	-3	9	det1=true
[12758]	95	113	-48	-2	-1	9	det1=true
[12759]	99	113	-35	-8	-9	-3	det1=true
[12760]	99	113	-38	-8	-9	3	det1=true
[12761]	100	113	-31	2	-9	4	det1=true
[12762]	101	113	-12	-15	-1	-10	det1=true
[12763]	101	113	-22	-15	-1	10	det1=true
[12764]	103	113	-32	-1	-9	-4	det1=true
[12765]	103	113	-36	-1	-9	4	det1=true
[12766]	103	113	-22	-20	-4	-9	det1=true
[12767]	103	113	-31	-20	-4	9	det1=true
[12768]	105	113	-30	4	-8	-6	det1=true
[12769]	105	113	-36	4	-8	6	det1=true
[12770]	106	113	-47	-22	-9	2	det1=true
[12771]	106	113	-35	-8	-9	-4	det1=true
[12772]	108	113	-26	-5	-2	-10	det1=true
[12773]	108	113	-25	-20	-1	-10	det1=true
[12774]	108	113	-35	-20	-1	10	det1=true
[12775]	109	113	-50	-26	-9	-1	det1=true
[12776]	109	113	-51	-26	-9	1	det1=true
[12777]	112	113	-49	-43	-3	-8	det1=true
[12778]	112	113	-57	-43	-3	8	det1=true
[12779]	113	113	-39	-9	-6	-8	det1=true
[12780]	113	113	-47	-9	-6	8	det1=true
[12781]	113	113	-36	-24	-4	-9	det1=true
[12782]	113	113	-45	-24	-4	9	det1=true
[12783]	42	114	-20	-3	-6	-2	det1=true
[12784]	42	114	-22	-3	-6	2	det1=true
[12785]	68	114	-19	-14	-7	-4	det1=true
[12786]	68	114	-23	-14	-7	4	det1=true
[12787]	69	114	-17	-20	-1	-8	det1=true
[12788]	74	114	-29	-18	-1	-8	det1=true
[12789]	74	114	-37	-18	-1	8	det1=true
[12790]	77	114	-27	-28	-1	-8	det1=true
[12791]	77	114	-35	-28	-1	8	det1=true
[12792]	79	114	-39	-17	-8	-1	det1=true
[12793]	79	114	-40	-17	-8	1	det1=true
[12794]	85	114	-38	-25	-8	-2	det1=true
[12795]	85	114	-40	-25	-8	2	det1=true
[12796]	102	114	-41	-1	-5	-8	det1=true
[12797]	102	114	-49	-1	-5	8	det1=true
[12798]	104	114	-50	-45	-8	1	det1=true
[12799]	104	114	-46	-47	-4	-7	det1=true
[12800]	104	114	-53	-47	-4	7	det1=true
[12801]	108	114	-31	-11	-1	-10	det1=true
[12802]	108	114	-41	-11	-1	10	det1=true
[12803]	108	114	-34	1	-10	2	det1=true
[12804]	108	114	-28	-3	-2	-10	det1=true
[12805]	108	114	-38	-3	-2	10	det1=true
[12806]	111	114	-47	-2	-1	10	det1=true
[12807]	114	114	-58	-45	-4	-7	det1=true
[12808]	114	114	-65	-45	-4	7	det1=true
[12809]	114	114	-37	-4	-2	-10	det1=true
[12810]	114	114	-13	-7	-9	-6	det1=true
[12811]	114	114	-19	-7	-9	6	det1=true
[12812]	54	115	-18	-5	-2	-7	det1=true
[12813]	55	115	-5	0	-3	-7	det1=true
[12814]	55	115	-12	0	-3	7	det1=true
[12815]	62	115	-21	1	-6	-5	det1=true
[12816]	64	115	-3	0	-8	-2	det1=true
[12817]	64	115	-5	0	-8	2	det1=true
[12818]	67	115	-24	-6	-8	-1	det1=true
[12819]	67	115	-25	-6	-8	1	det1=true
[12820]	67	115	-15	-7	-8	-2	det1=true
[12821]	67	115	-17	-7	-8	2	det1=true
[12822]	69	115	-30	-14	-5	-6	det1=true
[12823]	69	115	-36	-14	-5	6	det1=true
[12824]	69	115	-34	-5	-1	8	det1=true
[12825]	74	115	-38	-23	-6	5	det1=true
[12826]	75	115	-20	-12	-3	-8	det1=true
[12827]	77	115	-37	-30	-7	-3	det1=true
[12828]	77	115	-40	-30	-7	3	det1=true
[12829]	83	115	-40	-26	-8	-1	det1=true
[12830]	83	115	-41	-26	-8	1	det1=true
[12831]	83	115	-31	-17	-5	-7	det1=true
[12832]	83	115	-38	-17	-5	7	det1=true
[12833]	86	115	-37	-17	-3	-8	det1=true
[12834]	86	115	-45	-17	-3	8	det1=true
[12835]	89	115	-28	-18	-1	-9	det1=true
[12836]	100	115	-16	3	-10	-2	det1=true
[12837]	100	115	-18	3	-10	2	det1=true
[12838]	103	115	-22	-2	-9	5	det1=true
[12839]	106	115	-43	-19	-8	-5	det1=true
[12840]	106	115	-48	-19	-8	5	det1=true
[12841]	106	115	-21	-3	-10	3	det1=true
[12842]	108	115	-29	-19	-1	-10	det1=true
[12843]	108	115	-39	-19	-1	10	det1=true
[12844]	108	115	-22	-21	-2	-10	det1=true
[12845]	108	115	-32	-21	-2	10	det1=true
[12846]	109	115	-33	-18	-10	-1	det1=true
[12847]	109	115	-34	-18	-10	1	det1=true
[12848]	109	115	-33	-9	-9	5	det1=true
[12849]	109	115	-26	-11	-5	-9	det1=true
[12850]	109	115	-35	-11	-5	9	det1=true
[12851]	113	115	-41	-5	-9	5	det1=true
[12852]	113	115	-25	-24	-5	-9	det1=true
[12853]	114	115	-25	-7	-8	-7	det1=true
[12854]	114	115	-32	-7	-8	7	det1=true
[12855]	115	115	-52	-12	-9	4	det1=true
[12856]	115	115	-42	-8	-10	-2	det1=true
[12857]	115	115	-33	-12	-10	-3	det1=true
[12858]	115	115	-3	-2	-1	-11	det1=true
[12859]	115	115	-14	-2	-1	11	det1=true
[12860]	38	116	-6	-3	-2	-6	det1=true
[12861]	38	116	-12	-3	-2	6	det1=true
[12862]	65	116	-15	0	-8	2	det1=true
[12863]	70	116	-13	-7	-8	3	det1=true
[12864]	72	116	-30	-13	-4	-7	det1=true
[12865]	72	116	-37	-13	-4	7	det1=true
[12866]	72	116	-28	1	-2	-8	det1=true
[12867]	72	116	-36	1	-2	8	det1=true
[12868]	80	116	-9	0	-9	-2	det1=true
[12869]	80	116	-11	0	-9	2	det1=true
[12870]	91	116	-31	-12	-7	-6	det1=true
[12871]	91	116	-37	-12	-7	6	det1=true
[12872]	92	116	-30	-1	-8	-5	det1=true
[12873]	92	116	-35	-1	-8	5	det1=true
[12874]	95	116	-14	-13	-4	-9	det1=true
[12875]	98	116	-41	-13	-7	-6	det1=true
[12876]	98	116	-47	-13	-7	6	det1=true
[12877]	101	116	-49	-3	-9	-2	det1=true
[12878]	101	116	-51	-3	-9	2	det1=true
[12879]	101	116	-41	-21	-6	-7	det1=true
[12880]	101	116	-48	-21	-6	7	det1=true
[12881]	102	116	-15	-14	-2	-10	det1=true
[12882]	102	116	-25	-14	-2	10	det1=true
[12883]	105	116	-35	-1	-10	-1	det1=true
[12884]	105	116	-36	-1	-10	1	det1=true
[12885]	105	116	-27	-16	-1	-10	det1=true
[12886]	105	116	-37	-16	-1	10	det1=true
[12887]	105	116	-13	-9	-3	-10	det1=true
[12888]	105	116	-23	-9	-3	10	det1=true
[12889]	107	116	-49	-9	-8	-5	det1=true
[12890]	107	116	-54	-9	-8	5	det1=true
[12891]	107	116	-25	-18	-10	-2	det1=true
[12892]	107	116	-11	-1	-8	-7	det1=true
[12893]	107	116	-18	-1	-8	7	det1=true
[12894]	108	116	-40	3	-10	-1	det1=true
[12895]	108	116	-41	3	-10	1	det1=true
[12896]	112	116	-49	-32	-9	-2	det1=true
[12897]	112	116	-43	-6	-8	-6	det1=true
[12898]	112	116	-49	-6	-8	6	det1=true
[12899]	113	116	-80	-1	-2	8	det1=true
[12900]	116	116	-77	-11	-7	-4	det1=true
[12901]	116	116	-81	-11	-7	4	det1=true
[12902]	116	116	-75	-15	-4	-7	det1=true
[12903]	116	116	-82	-15	-4	7	det1=true
[12904]	116	116	-45	-8	-1	-10	det1=true
[12905]	116	116	-55	-8	-1	10	det1=true
[12906]	65	113	-23	-8	-6	-5	det1=true
[12907]	65	113	-28	-8	-6	5	det1=true
[12908]	72	113	-23	-19	-7	-4	det1=true
[12909]	72	113	-27	-19	-7	4	det1=true
[12910]	72	113	-21	-22	-1	-8	det1=true
[12911]	74	113	-33	-3	-4	-7	det1=true
[12912]	74	113	-40	-3	-4	7	det1=true
[12913]	77	113	-33	-1	-2	-8	det1=true
[12914]	81	113	-31	-4	-7	-5	det1=true
[12915]	81	113	-36	-4	-7	5	det1=true
[12916]	82	113	-11	2	-9	2	det1=true
[12917]	82	113	-7	1	-7	-6	det1=true
[12918]	82	113	-13	1	-7	6	det1=true
[12919]	83	113	-38	-36	-3	-7	det1=true
[12920]	83	113	-45	-36	-3	7	det1=true
[12921]	83	113	-24	-23	-7	-5	det1=true
[12922]	83	113	-29	-23	-7	5	det1=true
[12923]	85	113	-17	-17	-1	-9	det1=true
[12924]	85	113	-26	-17	-1	9	det1=true
[12925]	87	113	-42	-14	-8	3	det1=true
[12926]	87	113	-8	-2	-9	-3	det1=true
[12927]	87	113	-11	-2	-9	3	det1=true
[12928]	89	113	-34	-1	-9	-1	det1=true
[12929]	89	113	-35	-1	-9	1	det1=true
[12930]	89	113	-26	-4	-7	-6	det1=true
[12931]	89	113	-32	-4	-7	6	det1=true
[12932]	91	113	-29	0	-2	-9	det1=true
[12933]	91	113	-38	0	-2	9	det1=true
[12934]	92	113	-30	-3	-8	5	det1=true
[12935]	93	113	-20	-16	-5	-8	det1=true
[12936]	93	113	-28	-16	-5	8	det1=true
[12937]	95	113	-43	2	-9	-1	det1=true
[12938]	95	113	-44	2	-9	1	det1=true
[12939]	95	113	-34	-10	-6	-7	det1=true
[12940]	95	113	-41	-10	-6	7	det1=true
[12941]	101	113	-42	-24	-4	-8	det1=true
[12942]	101	113	-45	-18	-9	-1	det1=true
[12943]	101	113	-46	-18	-9	1	det1=true
[12944]	101	113	-47	-16	-6	7	det1=true
[12945]	103	113	-35	-18	-3	-9	det1=true
[12946]	103	113	-44	-18	-3	9	det1=true
[12947]	103	113	-29	-6	-4	-9	det1=true
[12948]	103	113	-38	-6	-4	9	det1=true
[12949]	103	113	-17	2	-9	5	det1=true
[12950]	104	113	-39	-27	-9	-2	det1=true
[12951]	104	113	-41	-27	-9	2	det1=true
[12952]	105	113	-52	-12	-9	-1	det1=true
[12953]	105	113	-53	-12	-9	1	det1=true
[12954]	105	113	-29	3	-6	-8	det1=true
[12955]	105	113	-37	3	-6	8	det1=true
[12956]	106	113	-39	-8	-9	4	det1=true
[12957]	107	113	-23	-9	-2	-10	det1=true
[12958]	107	113	-33	-9	-2	10	det1=true
[12959]	108	113	-47	-1	-5	-8	det1=true
[12960]	108	113	-55	-1	-5	8	det1=true
[12961]	109	113	-53	-41	-5	7	det1=true
[12962]	111	113	-30	-28	-4	-9	det1=true
[12963]	113	113	-52	-4	-5	-8	det1=true
[12964]	57	114	-23	-11	-7	-2	det1=true
[12965]	57	114	-25	-11	-7	2	det1=true
[12966]	63	114	-13	-4	-7	4	det1=true
[12967]	67	114	-20	-7	-4	-7	det1=true
[12968]	67	114	-27	-7	-4	7	det1=true
[12969]	69	114	-25	-20	-1	8	det1=true
[12970]	74	114	-27	-14	-8	-2	det1=true
[12971]	74	114	-25	-23	-7	-4	det1=true
[12972]	74	114	-29	-23	-7	4	det1=true
[12973]	84	114	-41	-18	-8	-2	det1=true
[12974]	84	114	-43	-18	-8	2	det1=true
[12975]	84	114	-15	-5	-2	-9	det1=true
[12976]	84	114	-24	-5	-2	9	det1=true
[12977]	86	114	-9	-5	-8	-5	det1=true
[12978]	86	114	-14	-5	-8	5	det1=true
[12979]	97	114	-27	-20	-5	-8	det1=true
[12980]	97	114	-35	-20	-5	8	det1=true
[12981]	97	114	-7	-5	-1	-10	det1=true
[12982]	97	114	-17	-5	-1	10	det1=true
[12983]	97	114	-10	-3	-10	-1	det1=true
[12984]	97	114	-11	-3	-10	1	det1=true
[12985]	99	114	-15	-1	-1	-10	det1=true
[12986]	99	114	-25	-1	-1	10	det1=true
[12987]	104	114	-49	-45	-8	-1	det1=true
[12988]	104	114	-35	-8	-1	10	det1=true
[12989]	106	114	-32	-7	-10	-1	det1=true
[12990]	106	114	-33	-7	-10	1	det1=true
[12991]	110	114	-40	1	-10	-1	det1=true
[12992]	110	114	-41	1	-10	1	det1=true
[12993]	35	115	-2	-3	-1	-6	det1=true
[12994]	35	115	-8	-3	-1	6	det1=true
[12995]	39	115	-4	-3	-5	-4	det1=true
[12996]	39	115	-8	-3	-5	4	det1=true
[12997]	41	115	-17	-1	-2	-6	det1=true
[12998]	41	115	-23	-1	-2	6	det1=true
[12999]	53	115	-25	-4	-7	-1	det1=true
[13000]	53	115	-26	-4	-7	1	det1=true
[13001]	64	115	-19	-15	-6	-5	det1=true
[13002]	64	115	-24	-15	-6	5	det1=true
[13003]	69	115	-28	-2	-7	-4	det1=true
[13004]	69	115	-32	-2	-7	4	det1=true
[13005]	69	115	-26	-5	-1	-8	det1=true
[13006]	70	115	-18	-15	-8	-2	det1=true
[13007]	70	115	-20	-15	-8	2	det1=true
[13008]	74	115	-33	-23	-6	-5	det1=true
[13009]	79	115	-32	-28	-8	-1	det1=true
[13010]	79	115	-33	-28	-8	1	det1=true
[13011]	80	115	-35	3	-8	-3	det1=true
[13012]	82	115	-33	-32	-1	-8	det1=true
[13013]	84	115	-11	-2	-5	8	det1=true
[13014]	85	115	-36	-13	-5	-7	det1=true
[13015]	85	115	-43	-13	-5	7	det1=true
[13016]	85	115	-35	-20	-8	-3	det1=true
[13017]	85	115	-38	-20	-8	3	det1=true
[13018]	85	115	-27	-9	-9	-1	det1=true
[13019]	85	115	-28	-9	-9	1	det1=true
[13020]	87	115	-13	1	-3	-9	det1=true
[13021]	87	115	-22	1	-3	9	det1=true
[13022]	88	115	-19	2	-5	-8	det1=true
[13023]	88	115	-27	2	-5	8	det1=true
[13024]	89	115	-42	-38	-6	-5	det1=true
[13025]	89	115	-47	-38	-6	5	det1=true
[13026]	95	115	-7	-3	-8	-6	det1=true
[13027]	95	115	-13	-3	-8	6	det1=true
[13028]	96	115	-5	-7	-1	-10	det1=true
[13029]	96	115	-15	-7	-1	10	det1=true
[13030]	97	115	-42	-12	-1	-9	det1=true
[13031]	97	115	-51	-12	-1	9	det1=true
[13032]	97	115	-37	2	-8	-5	det1=true
[13033]	97	115	-42	2	-8	5	det1=true
[13034]	101	115	-41	-6	-9	-3	det1=true
[13035]	101	115	-44	-6	-9	3	det1=true
[13036]	101	115	-38	-9	-3	-9	det1=true
[13037]	101	115	-47	-9	-3	9	det1=true
[13038]	101	115	-42	-28	-9	1	det1=true
[13039]	102	115	-25	-9	-10	-1	det1=true
[13040]	102	115	-26	-9	-10	1	det1=true
[13041]	103	115	-24	-14	-10	-1	det1=true
[13042]	103	115	-25	-14	-10	1	det1=true
[13043]	105	115	-34	4	-10	-1	det1=true
[13044]	105	115	-35	4	-10	1	det1=true
[13045]	107	115	-17	-18	-5	-9	det1=true
[13046]	107	115	-26	-18	-5	9	det1=true
[13047]	109	115	-28	-9	-9	-5	det1=true
[13048]	111	115	-11	-1	-4	-10	det1=true
[13049]	111	115	-21	-1	-4	10	det1=true
[13050]	112	115	-44	1	-10	-1	det1=true
[13051]	112	115	-45	1	-10	1	det1=true
[13052]	112	115	-27	-9	-3	-10	det1=true
[13053]	112	115	-37	-9	-3	10	det1=true
[13054]	112	115	-27	-17	-10	3	det1=true
[13055]	113	115	-44	-42	-1	-9	det1=true
[13056]	113	115	-53	-42	-1	9	det1=true
[13057]	113	115	-37	1	-9	-5	det1=true
[13058]	113	115	-42	1	-9	5	det1=true
[13059]	113	115	-35	-1	-5	-9	det1=true
[13060]	113	115	-44	-1	-5	9	det1=true
[13061]	113	115	-41	-13	-5	9	det1=true
[13062]	113	115	-13	-6	-6	-9	det1=true
[13063]	115	115	-42	-9	-3	10	det1=true
[13064]	35	116	-7	-1	-6	-1	det1=true
[13065]	35	116	-8	-1	-6	1	det1=true
[13066]	38	116	-8	-1	-6	-2	det1=true
[13067]	48	116	-20	-13	-6	-3	det1=true
[13068]	48	116	-23	-13	-6	3	det1=true
[13069]	53	116	-18	-9	-6	-4	det1=true
[13070]	53	116	-22	-9	-6	4	det1=true
[13071]	66	116	-29	1	-4	7	det1=true
[13072]	70	116	-27	-23	-6	-5	det1=true
[13073]	70	116	-32	-23	-6	5	det1=true
[13074]	71	116	-29	-15	-8	-1	det1=true
[13075]	71	116	-30	-15	-8	1	det1=true
[13076]	71	116	-26	-17	-4	-7	det1=true
[13077]	71	116	-33	-17	-4	7	det1=true
[13078]	79	116	-31	-7	-3	-8	det1=true
[13079]	79	116	-39	-7	-3	8	det1=true
[13080]	80	116	-7	-1	-7	-6	det1=true
[13081]	80	116	-13	-1	-7	6	det1=true
[13082]	81	116	-37	-26	-7	-4	det1=true
[13083]	81	116	-41	-26	-7	4	det1=true
[13084]	82	116	-17	-9	-7	6	det1=true
[13085]	84	116	-5	-6	-5	-8	det1=true
[13086]	84	116	-13	-6	-5	8	det1=true
[13087]	94	116	-5	-4	-8	-6	det1=true
[13088]	94	116	-11	-4	-8	6	det1=true
[13089]	98	116	-31	-21	-5	-8	det1=true
[13090]	98	116	-39	-21	-5	8	det1=true
[13091]	98	116	-20	-3	-10	-1	det1=true
[13092]	98	116	-21	-3	-10	1	det1=true
[13093]	99	116	-24	5	-10	-1	det1=true
[13094]	99	116	-25	5	-10	1	det1=true
[13095]	99	116	-13	-4	-10	-2	det1=true
[13096]	99	116	-15	-4	-10	2	det1=true
[13097]	101	116	-17	-4	-2	-10	det1=true
[13098]	101	116	-27	-4	-2	10	det1=true
[13099]	103	116	-30	-1	-6	-8	det1=true
[13100]	104	116	-28	1	-10	-2	det1=true
[13101]	104	116	-30	1	-10	2	det1=true
[13102]	106	116	-40	-33	-2	-9	det1=true
[13103]	106	116	-49	-33	-2	9	det1=true
[13104]	107	116	-41	-6	-9	-4	det1=true
[13105]	107	116	-45	-6	-9	4	det1=true
[13106]	111	116	-49	-33	-5	8	det1=true
[13107]	111	116	-39	-7	-1	-10	det1=true
[13108]	111	116	-49	-7	-1	10	det1=true
[13109]	112	116	-11	-9	-6	-9	det1=true
[13110]	112	116	-20	-9	-6	9	det1=true
[13111]	113	116	-27	3	-8	-7	det1=true
[13112]	113	116	-34	3	-8	7	det1=true
[13113]	114	116	-43	-4	-10	-2	det1=true
[13114]	114	116	-45	-4	-10	2	det1=true
[13115]	114	116	-31	-12	-3	-10	det1=true
[13116]	114	116	-41	-12	-3	10	det1=true
[13117]	114	116	-19	-7	-9	-6	det1=true
[13118]	115	116	-21	-8	-9	-6	det1=true
[13119]	116	116	-51	-27	-4	9	det1=true
[13120]	37	113	-15	-13	-3	-5	det1=true
[13121]	37	113	-20	-13	-3	5	det1=true
[13122]	51	113	-10	-2	-2	7	det1=true
[13123]	59	113	-16	-7	-7	-3	det1=true
[13124]	59	113	-19	-7	-7	3	det1=true
[13125]	63	113	-32	-6	-3	7	det1=true
[13126]	63	113	-7	0	-4	-7	det1=true
[13127]	64	113	-19	-11	-6	-5	det1=true
[13128]	64	113	-24	-11	-6	5	det1=true
[13129]	72	113	-29	-22	-1	8	det1=true
[13130]	77	113	-38	2	-8	2	det1=true
[13131]	77	113	-34	-31	-7	-3	det1=true
[13132]	77	113	-37	-31	-7	3	det1=true
[13133]	81	113	-36	-28	-7	4	det1=true
[13134]	82	113	-7	-2	-9	-2	det1=true
[13135]	82	113	-9	-2	-9	2	det1=true
[13136]	83	113	-34	-5	-7	-5	det1=true
[13137]	83	113	-33	-6	-5	-7	det1=true
[13138]	83	113	-40	-6	-5	7	det1=true
[13139]	87	113	-39	-14	-8	-3	det1=true
[13140]	87	113	-5	-5	-3	-9	det1=true
[13141]	87	113	-14	-5	-3	9	det1=true
[13142]	89	113	-24	-12	-9	-2	det1=true
[13143]	89	113	-26	-12	-9	2	det1=true
[13144]	89	113	-22	-13	-7	-6	det1=true
[13145]	89	113	-28	-13	-7	6	det1=true
[13146]	93	113	-38	-26	-5	-7	det1=true
[13147]	93	113	-45	-26	-5	7	det1=true
[13148]	98	113	-5	-9	-1	-10	det1=true
[13149]	98	113	-15	-9	-1	10	det1=true
[13150]	99	113	-37	-2	-8	-5	det1=true
[13151]	99	113	-42	-2	-8	5	det1=true
[13152]	99	113	-26	-24	-8	-5	det1=true
[13153]	99	113	-31	-24	-8	5	det1=true
[13154]	100	113	-27	2	-9	-4	det1=true
[13155]	101	113	-40	-16	-6	-7	det1=true
[13156]	102	113	-36	-7	-4	9	det1=true
[13157]	103	113	-26	-14	-4	-9	det1=true
[13158]	103	113	-35	-14	-4	9	det1=true
[13159]	103	113	-12	2	-9	-5	det1=true
[13160]	105	113	-26	-4	-1	-10	det1=true
[13161]	105	113	-36	-4	-1	10	det1=true
[13162]	106	113	-43	-23	-7	-6	det1=true
[13163]	106	113	-49	-23	-7	6	det1=true
[13164]	107	113	-12	-6	-3	-10	det1=true
[13165]	107	113	-22	-6	-3	10	det1=true
[13166]	108	113	-36	-5	-2	10	det1=true
[13167]	109	113	-46	-41	-5	-7	det1=true
[13168]	109	113	-21	-14	-9	-5	det1=true
[13169]	109	113	-26	-14	-9	5	det1=true
[13170]	109	113	-19	-16	-5	-9	det1=true
[13171]	109	113	-28	-16	-5	9	det1=true
[13172]	110	113	-57	-3	-5	8	det1=true
[13173]	111	113	-50	-10	-8	-5	det1=true
[13174]	63	114	-9	-4	-7	-4	det1=true
[13175]	64	114	-11	-7	-4	-7	det1=true
[13176]	64	114	-18	-7	-4	7	det1=true
[13177]	71	114	-11	0	-3	-8	det1=true
[13178]	77	114	-36	-17	-8	-1	det1=true
[13179]	77	114	-37	-17	-8	1	det1=true
[13180]	77	114	-34	-11	-8	-2	det1=true
[13181]	77	114	-36	-11	-8	2	det1=true
[13182]	77	114	-23	-12	-3	-8	det1=true
[13183]	77	114	-31	-12	-3	8	det1=true
[13184]	80	114	-27	-17	-8	-3	det1=true
[13185]	80	114	-30	-17	-8	3	det1=true
[13186]	89	114	-33	-29	-8	-3	det1=true
[13187]	91	114	-30	-23	-8	-4	det1=true
[13188]	91	114	-34	-23	-8	4	det1=true
[13189]	94	114	-9	-7	-4	-9	det1=true
[13190]	94	114	-18	-7	-4	9	det1=true
[13191]	100	114	-11	-2	-10	-2	det1=true
[13192]	100	114	-13	-2	-10	2	det1=true
[13193]	102	114	-39	-23	-2	-9	det1=true
[13194]	102	114	-48	-23	-2	9	det1=true
[13195]	104	114	-41	-13	-5	-8	det1=true
[13196]	104	114	-49	-13	-5	8	det1=true
[13197]	104	114	-25	-8	-1	-10	det1=true
[13198]	105	114	-45	-19	-7	-6	det1=true
[13199]	105	114	-51	-19	-7	6	det1=true
[13200]	108	114	-32	1	-10	-2	det1=true
[13201]	109	114	-39	-7	-4	-9	det1=true
[13202]	110	114	-24	-7	-10	-3	det1=true
[13203]	111	114	-37	-2	-1	-10	det1=true
[13204]	113	114	-27	-13	-10	-3	det1=true
[13205]	113	114	-30	-13	-10	3	det1=true
[13206]	114	114	-78	-19	-4	7	det1=true
[13207]	43	115	-19	-6	-4	-5	det1=true
[13208]	43	115	-24	-6	-4	5	det1=true
[13209]	67	115	-31	0	-6	-5	det1=true
[13210]	69	115	-30	4	-8	-1	det1=true
[13211]	69	115	-31	4	-8	1	det1=true
[13212]	70	115	-23	-17	-7	-4	det1=true
[13213]	70	115	-27	-17	-7	4	det1=true
[13214]	75	115	-28	-12	-3	8	det1=true
[13215]	77	115	-32	-30	-5	-6	det1=true
[13216]	77	115	-38	-30	-5	6	det1=true
[13217]	79	115	-26	-13	-5	-7	det1=true
[13218]	79	115	-33	-13	-5	7	det1=true
[13219]	83	115	-37	-28	-4	-7	det1=true
[13220]	83	115	-44	-28	-4	7	det1=true
[13221]	85	115	-27	-27	-5	-7	det1=true
[13222]	85	115	-34	-27	-5	7	det1=true
[13223]	89	115	-37	-18	-1	9	det1=true
[13224]	95	115	-40	-32	-3	-8	det1=true
[13225]	95	115	-48	-32	-3	8	det1=true
[13226]	101	115	-41	-28	-9	-1	det1=true
[13227]	103	115	-26	-10	-6	-8	det1=true
[13228]	103	115	-34	-10	-6	8	det1=true
[13229]	103	115	-18	3	-9	-5	det1=true
[13230]	103	115	-23	3	-9	5	det1=true
[13231]	103	115	-15	-4	-5	-9	det1=true
[13232]	103	115	-24	-4	-5	9	det1=true
[13233]	103	115	-11	-11	-5	-9	det1=true
[13234]	107	115	-28	-2	-2	-10	det1=true
[13235]	107	115	-38	-2	-2	10	det1=true
[13236]	107	115	-19	-16	-9	-5	det1=true
[13237]	107	115	-24	-16	-9	5	det1=true
[13238]	108	115	-26	-17	-10	-2	det1=true
[13239]	108	115	-28	-17	-10	2	det1=true
[13240]	109	115	-39	-42	-1	-9	det1=true
[13241]	109	115	-48	-42	-1	9	det1=true
[13242]	112	115	-24	-17	-10	-3	det1=true
[13243]	113	115	-73	0	-8	3	det1=true
[13244]	113	115	-32	-13	-5	-9	det1=true
[13245]	113	115	-22	-6	-6	9	det1=true
[13246]	114	115	-41	-10	-1	-10	det1=true
[13247]	115	115	-36	-12	-10	3	det1=true
[13248]	27	116	0	1	-2	-5	det1=true
[13249]	54	116	-20	1	-2	-7	det1=true
[13250]	54	116	-27	1	-2	7	det1=true
[13251]	55	116	-23	-8	-4	-6	det1=true
[13252]	55	116	-29	-8	-4	6	det1=true
[13253]	58	116	-7	-5	-6	-5	det1=true
[13254]	58	116	-12	-5	-6	5	det1=true
[13255]	66	116	-21	-20	-5	-6	det1=true
[13256]	66	116	-27	-20	-5	6	det1=true
[13257]	77	116	-39	2	-8	-2	det1=true
[13258]	77	116	-31	-26	-1	-8	det1=true
[13259]	77	116	-39	-26	-1	8	det1=true
[13260]	81	116	-35	-29	-1	-8	det1=true
[13261]	81	116	-43	-29	-1	8	det1=true
[13262]	82	116	-11	-9	-7	-6	det1=true
[13263]	83	116	-13	-11	-6	-7	det1=true
[13264]	83	116	-20	-11	-6	7	det1=true
[13265]	83	116	-1	-1	-5	-8	det1=true
[13266]	83	116	-9	-1	-5	8	det1=true
[13267]	87	116	-43	-34	-7	4	det1=true
[13268]	87	116	-17	-7	-8	-5	det1=true
[13269]	87	116	-22	-7	-8	5	det1=true
[13270]	95	116	-33	-9	-8	-5	det1=true
[13271]	95	116	-38	-9	-8	5	det1=true
[13272]	95	116	-11	3	-10	-1	det1=true
[13273]	97	116	-41	-9	-7	-6	det1=true
[13274]	97	116	-47	-9	-7	6	det1=true
[13275]	98	116	-21	0	-8	-6	det1=true
[13276]	100	116	-45	-35	-3	-8	det1=true
[13277]	100	116	-53	-35	-3	8	det1=true
[13278]	101	116	-47	-4	-7	-6	det1=true
[13279]	101	116	-43	-39	-3	-8	det1=true
[13280]	102	116	-19	-10	-10	-2	det1=true
[13281]	102	116	-21	-10	-10	2	det1=true
[13282]	103	116	-38	-1	-6	8	det1=true
[13283]	107	116	-36	-9	-10	-1	det1=true
[13284]	107	116	-37	-9	-10	1	det1=true
[13285]	110	116	-31	-18	-10	-2	det1=true
[13286]	110	116	-33	-18	-10	2	det1=true
[13287]	110	116	-12	-3	-10	-4	det1=true
[13288]	110	116	-16	-3	-10	4	det1=true
[13289]	111	116	-41	-33	-5	-8	det1=true
[13290]	111	116	-37	-10	-10	-2	det1=true
[13291]	111	116	-39	-10	-10	2	det1=true
[13292]	114	116	-51	-47	-8	-3	det1=true
[13293]	114	116	-54	-47	-8	3	det1=true
[13294]	114	116	-25	-7	-9	6	det1=true
[13295]	115	116	-27	-8	-9	6	det1=true
[13296]	116	116	-42	-27	-4	-9	det1=true
[13297]	56	113	-20	-7	-2	-7	det1=true
[13298]	56	113	-27	-7	-2	7	det1=true
[13299]	56	113	-18	-15	-6	-4	det1=true
[13300]	56	113	-22	-15	-6	4	det1=true
[13301]	71	113	-32	-22	-7	-3	det1=true
[13302]	71	113	-35	-22	-7	3	det1=true
[13303]	81	113	-32	-28	-7	-4	det1=true
[13304]	82	113	-9	2	-9	-2	det1=true
[13305]	83	113	-34	-30	-1	-8	det1=true
[13306]	83	113	-42	-30	-1	8	det1=true
[13307]	85	113	-40	0	-8	-3	det1=true
[13308]	88	113	-27	4	-9	-2	det1=true
[13309]	88	113	-29	4	-9	2	det1=true
[13310]	93	113	-3	2	-4	-9	det1=true
[13311]	93	113	-12	2	-4	9	det1=true
[13312]	97	113	-46	-22	-4	8	det1=true
[13313]	99	113	-44	3	-9	-2	det1=true
[13314]	99	113	-46	3	-9	2	det1=true
[13315]	101	113	-41	-22	-1	-9	det1=true
[13316]	104	113	-21	-16	-8	-6	det1=true
[13317]	104	113	-27	-16	-8	6	det1=true
[13318]	104	113	-28	-17	-6	8	det1=true
[13319]	105	113	-47	-43	-2	-8	det1=true
[13320]	105	113	-55	-43	-2	8	det1=true
[13321]	107	113	-27	-5	-10	-2	det1=true
[13322]	107	113	-29	-5	-10	2	det1=true
[13323]	108	113	-30	-1	-10	-2	det1=true
[13324]	108	113	-32	-1	-10	2	det1=true
[13325]	110	113	-49	-3	-5	-8	det1=true
[13326]	110	113	-53	-45	-3	8	det1=true
[13327]	110	113	-30	-21	-10	1	det1=true
[13328]	113	113	-45	-38	-1	-9	det1=true
[13329]	113	113	-54	-38	-1	9	det1=true
[13330]	38	114	-15	-4	-1	-6	det1=true
[13331]	38	114	-21	-4	-1	6	det1=true
[13332]	40	114	-9	-1	-4	-5	det1=true
[13333]	40	114	-14	-1	-4	5	det1=true
[13334]	72	114	-30	-7	-4	-7	det1=true
[13335]	72	114	-37	-7	-4	7	det1=true
[13336]	74	114	-23	-26	-1	-8	det1=true
[13337]	74	114	-31	-26	-1	8	det1=true
[13338]	77	114	-33	-8	-2	-8	det1=true
[13339]	77	114	-41	-8	-2	8	det1=true
[13340]	79	114	-36	-19	-4	-7	det1=true
[13341]	83	114	-29	-21	-3	-8	det1=true
[13342]	83	114	-37	-21	-3	8	det1=true
[13343]	86	114	-40	-11	-6	-6	det1=true
[13344]	86	114	-46	-11	-6	6	det1=true
[13345]	87	114	-21	-10	-7	-6	det1=true
[13346]	87	114	-27	-10	-7	6	det1=true
[13347]	89	114	-36	-29	-8	3	det1=true
[13348]	97	114	-15	-13	-4	-9	det1=true
[13349]	97	114	-24	-13	-4	9	det1=true
[13350]	99	114	-42	-23	-8	-4	det1=true
[13351]	99	114	-46	-23	-8	4	det1=true
[13352]	102	114	-40	-21	-6	-7	det1=true
[13353]	102	114	-47	-21	-6	7	det1=true
[13354]	103	114	-21	-13	-1	-10	det1=true
[13355]	103	114	-31	-13	-1	10	det1=true
[13356]	104	114	-43	-21	-8	5	det1=true
[13357]	105	114	-52	-43	-8	-1	det1=true
[13358]	105	114	-53	-43	-8	1	det1=true
[13359]	106	114	-30	-19	-4	-9	det1=true
[13360]	106	114	-39	-19	-4	9	det1=true
[13361]	106	114	-28	-1	-10	-2	det1=true
[13362]	106	114	-30	-1	-10	2	det1=true
[13363]	109	114	-48	-7	-4	9	det1=true
[13364]	39	115	-16	-12	-6	-1	det1=true
[13365]	67	115	-18	0	-8	-2	det1=true
[13366]	67	115	-20	0	-8	2	det1=true
[13367]	70	115	-27	-13	-8	-1	det1=true
[13368]	70	115	-28	-13	-8	1	det1=true
[13369]	73	115	-33	-27	-3	-7	det1=true
[13370]	73	115	-40	-27	-3	7	det1=true
[13371]	76	115	-33	-12	-8	-2	det1=true
[13372]	76	115	-35	-12	-8	2	det1=true
[13373]	89	115	-18	-8	-9	-3	det1=true
[13374]	89	115	-21	-8	-9	3	det1=true
[13375]	94	115	-28	-13	-8	-5	det1=true
[13376]	94	115	-33	-13	-8	5	det1=true
[13377]	95	115	-32	-27	-1	-9	det1=true
[13378]	95	115	-41	-27	-1	9	det1=true
[13379]	95	115	-6	-4	-6	-8	det1=true
[13380]	95	115	-14	-4	-6	8	det1=true
[13381]	103	115	-17	-2	-9	-5	det1=true
[13382]	103	115	-20	-11	-5	9	det1=true
[13383]	106	115	-47	-40	-3	-8	det1=true
[13384]	106	115	-55	-40	-3	8	det1=true
[13385]	106	115	-39	-3	-9	-4	det1=true
[13386]	106	115	-43	-3	-9	4	det1=true
[13387]	107	115	-52	-3	-9	3	det1=true
[13388]	109	115	-42	-24	-4	9	det1=true
[13389]	110	115	-37	-1	-1	-10	det1=true
[13390]	110	115	-47	-1	-1	10	det1=true
[13391]	110	115	-35	-19	-10	1	det1=true
[13392]	39	116	-5	-5	-4	-5	det1=true
[13393]	39	116	-10	-5	-4	5	det1=true
[13394]	64	116	-29	-25	-7	-2	det1=true
[13395]	64	116	-31	-25	-7	2	det1=true
[13396]	65	116	-21	1	-7	-4	det1=true
[13397]	65	116	-25	1	-7	4	det1=true
[13398]	68	116	-25	-6	-1	-8	det1=true
[13399]	68	116	-33	-6	-1	8	det1=true
[13400]	70	116	-10	-7	-8	-3	det1=true
[13401]	71	116	-23	-21	-4	-7	det1=true
[13402]	73	116	-29	-27	-5	-6	det1=true
[13403]	73	116	-35	-27	-5	6	det1=true
[13404]	89	116	-25	-16	-7	-6	det1=true
[13405]	90	116	-29	-15	-9	-2	det1=true
[13406]	90	116	-31	-15	-9	2	det1=true
[13407]	93	116	-13	-6	-9	-4	det1=true
[13408]	93	116	-17	-6	-9	4	det1=true
[13409]	94	116	-17	-5	-9	-4	det1=true
[13410]	94	116	-21	-5	-9	4	det1=true
[13411]	95	116	-23	-13	-4	9	det1=true
[13412]	95	116	-15	-6	-8	6	det1=true
[13413]	95	116	-8	-3	-10	-1	det1=true
[13414]	98	116	-27	0	-8	6	det1=true
[13415]	99	116	-41	3	-8	-5	det1=true
[13416]	99	116	-46	3	-8	5	det1=true
[13417]	101	116	-51	-39	-3	8	det1=true
[13418]	101	116	-37	-31	-9	2	det1=true
[13419]	106	116	-34	-17	-4	-9	det1=true
[13420]	106	116	-43	-17	-4	9	det1=true
[13421]	107	116	-45	-18	-5	-8	det1=true
[13422]	107	116	-53	-18	-5	8	det1=true
[13423]	111	116	-19	1	-9	6	det1=true
[13424]	112	116	-51	-32	-9	2	det1=true
[13425]	114	116	-15	-16	-4	-10	det1=true
[13426]	114	116	-25	-16	-4	10	det1=true
[13427]	116	116	-35	-9	-3	-10	det1=true
[13428]	116	116	-45	-9	-3	10	det1=true
[13429]	28	113	-5	1	-5	-2	det1=true
[13430]	28	113	-7	1	-5	2	det1=true
[13431]	41	113	-20	-12	-6	-1	det1=true
[13432]	64	113	-13	2	-7	-4	det1=true
[13433]	64	113	-17	2	-7	4	det1=true
[13434]	68	113	-12	-9	-2	-8	det1=true
[13435]	68	113	-20	-9	-2	8	det1=true
[13436]	70	113	-31	-21	-5	6	det1=true
[13437]	75	113	-37	-4	-8	-1	det1=true
[13438]	75	113	-38	-4	-8	1	det1=true
[13439]	75	113	-34	-6	-4	-7	det1=true
[13440]	75	113	-41	-6	-4	7	det1=true
[13441]	83	113	-10	-2	-2	-9	det1=true
[13442]	102	113	-27	-7	-4	-9	det1=true
[13443]	110	113	-29	-21	-10	-1	det1=true
[13444]	111	113	-55	-10	-8	5	det1=true
[13445]	111	113	-39	-28	-4	9	det1=true
[13446]	113	113	-35	-20	-10	-1	det1=true
[13447]	61	114	-29	-15	-7	-2	det1=true
[13448]	61	114	-31	-15	-7	2	det1=true
[13449]	74	114	-29	-14	-8	2	det1=true
[13450]	84	114	-38	-21	-2	-8	det1=true
[13451]	84	114	-46	-21	-2	8	det1=true
[13452]	92	114	-42	-23	-8	-3	det1=true
[13453]	99	114	-44	-43	-4	-7	det1=true
[13454]	99	114	-51	-43	-4	7	det1=true
[13455]	110	114	-27	-7	-10	3	det1=true
[13456]	113	114	-31	-26	-1	-10	det1=true
[13457]	39	115	-6	1	-5	-4	det1=true
[13458]	39	115	-10	1	-5	4	det1=true
[13459]	61	115	-18	2	-5	-6	det1=true
[13460]	61	115	-24	2	-5	6	det1=true
[13461]	62	115	-19	-6	-5	-6	det1=true
[13462]	62	115	-25	-6	-5	6	det1=true
[13463]	66	115	-19	-7	-1	-8	det1=true
[13464]	66	115	-27	-7	-1	8	det1=true
[13465]	67	115	-22	-20	-5	-6	det1=true
[13466]	67	115	-28	-20	-5	6	det1=true
[13467]	87	115	-16	4	-9	-3	det1=true
[13468]	87	115	-19	4	-9	3	det1=true
[13469]	89	115	-32	-14	-9	-1	det1=true
[13470]	89	115	-33	-14	-9	1	det1=true
[13471]	90	115	-30	1	-2	-9	det1=true
[13472]	99	115	-12	2	-10	-2	det1=true
[13473]	99	115	-14	2	-10	2	det1=true
[13474]	100	115	-24	1	-10	-1	det1=true
[13475]	100	115	-25	1	-10	1	det1=true
[13476]	100	115	-12	-1	-2	-10	det1=true
[13477]	100	115	-22	-1	-2	10	det1=true
[13478]	103	115	-13	-9	-9	-5	det1=true
[13479]	103	115	-18	-9	-9	5	det1=true
[13480]	109	115	-33	-24	-4	-9	det1=true
[13481]	115	115	-48	-12	-9	-4	det1=true
[13482]	41	116	-15	-10	-2	-6	det1=true
[13483]	65	116	-10	-3	-2	-8	det1=true
[13484]	65	116	-18	-3	-2	8	det1=true
[13485]	66	116	-33	-11	-5	6	det1=true
[13486]	68	116	-3	3	-8	-3	det1=true
[13487]	68	116	-6	3	-8	3	det1=true
[13488]	73	116	-19	-7	-3	-8	det1=true
[13489]	73	116	-27	-7	-3	8	det1=true
[13490]	74	116	-30	-9	-2	-8	det1=true
[13491]	74	116	-38	-9	-2	8	det1=true
[13492]	80	116	-35	-5	-8	-3	det1=true
[13493]	80	116	-38	-5	-8	3	det1=true
[13494]	87	116	-37	-37	-1	-8	det1=true
[13495]	87	116	-45	-37	-1	8	det1=true
[13496]	95	116	-9	-6	-8	-6	det1=true
[13497]	95	116	-9	-3	-10	1	det1=true
[13498]	104	116	-24	-3	-2	-10	det1=true
[13499]	104	116	-34	-3	-2	10	det1=true
[13500]	105	116	-43	-17	-5	-8	det1=true
[13501]	105	116	-51	-17	-5	8	det1=true
[13502]	107	116	-45	-27	-6	-7	det1=true
[13503]	107	116	-52	-27	-6	7	det1=true
[13504]	107	116	-17	-13	-10	-3	det1=true
[13505]	107	116	-20	-13	-10	3	det1=true
[13506]	110	116	-28	-7	-10	-3	det1=true
[13507]	110	116	-31	-7	-10	3	det1=true
[13508]	111	116	-43	-5	-10	-1	det1=true
[13509]	111	116	-44	-5	-10	1	det1=true
[13510]	111	116	-13	1	-9	-6	det1=true
[13511]	112	116	-31	-28	-1	-10	det1=true
[13512]	112	116	-41	-28	-1	10	det1=true
[13513]	115	116	-49	-3	-4	-9	det1=true
[13514]	115	116	-58	-3	-4	9	det1=true
[13515]	52	113	-11	-1	-7	-2	det1=true
[13516]	52	113	-13	-1	-7	2	det1=true
[13517]	70	113	-25	-21	-5	-6	det1=true
[13518]	73	113	-14	2	-7	-5	det1=true
[13519]	73	113	-19	2	-7	5	det1=true
[13520]	76	113	-23	-7	-8	-3	det1=true
[13521]	81	113	-32	-22	-2	-8	det1=true
[13522]	81	113	-40	-22	-2	8	det1=true
[13523]	87	113	-31	3	-9	-1	det1=true
[13524]	87	113	-32	3	-9	1	det1=true
[13525]	97	113	-38	-22	-4	-8	det1=true
[13526]	97	113	-7	-5	-6	-8	det1=true
[13527]	97	113	-15	-5	-6	8	det1=true
[13528]	99	113	-38	-18	-9	-2	det1=true
[13529]	99	113	-40	-18	-9	2	det1=true
[13530]	104	113	-37	-28	-7	-6	det1=true
[13531]	104	113	-43	-28	-7	6	det1=true
[13532]	104	113	-20	-17	-6	-8	det1=true
[13533]	108	113	-1	2	-7	-8	det1=true
[13534]	108	113	-9	2	-7	8	det1=true
[13535]	113	113	-36	-20	-10	1	det1=true
[13536]	41	114	-13	-3	-5	-4	det1=true
[13537]	53	114	-17	1	-7	-2	det1=true
[13538]	53	114	-19	1	-7	2	det1=true
[13539]	67	114	-15	-16	-1	-8	det1=true
[13540]	67	114	-23	-16	-1	8	det1=true
[13541]	68	114	-17	-6	-8	-2	det1=true
[13542]	69	114	-25	-4	-1	-8	det1=true
[13543]	69	114	-33	-4	-1	8	det1=true
[13544]	77	114	-36	-5	-8	-2	det1=true
[13545]	77	114	-38	-5	-8	2	det1=true
[13546]	92	114	-45	-23	-8	3	det1=true
[13547]	96	114	-41	0	-9	-2	det1=true
[13548]	96	114	-43	0	-9	2	det1=true
[13549]	102	114	-31	-26	-5	-8	det1=true
[13550]	102	114	-39	-26	-5	8	det1=true
[13551]	110	114	-25	-27	-1	-10	det1=true
[13552]	110	114	-35	-27	-1	10	det1=true
[13553]	111	114	-47	-30	-9	-2	det1=true
[13554]	111	114	-49	-30	-9	2	det1=true
[13555]	111	114	-25	-29	-1	-10	det1=true
[13556]	111	114	-35	-29	-1	10	det1=true
[13557]	60	115	-15	1	-5	-6	det1=true
[13558]	60	115	-21	1	-5	6	det1=true
[13559]	73	115	-17	2	-5	-7	det1=true
[13560]	73	115	-24	2	-5	7	det1=true
[13561]	82	115	-35	-29	-7	-4	det1=true
[13562]	82	115	-39	-29	-7	4	det1=true
[13563]	91	115	-33	-18	-9	-1	det1=true
[13564]	91	115	-34	-18	-9	1	det1=true
[13565]	93	115	-42	-23	-5	-7	det1=true
[13566]	93	115	-49	-23	-5	7	det1=true
[13567]	99	115	-20	-4	-10	-1	det1=true
[13568]	99	115	-21	-4	-10	1	det1=true
[13569]	99	115	-19	-6	-10	-1	det1=true
[13570]	99	115	-20	-6	-10	1	det1=true
[13571]	107	115	-49	-3	-9	-3	det1=true
[13572]	107	115	-18	-4	-3	-10	det1=true
[13573]	107	115	-28	-4	-3	10	det1=true
[13574]	38	116	-10	-1	-6	2	det1=true
[13575]	66	116	-27	-11	-5	-6	det1=true
[13576]	101	116	-35	-31	-9	-2	det1=true
[13577]	52	113	-13	-2	-4	-6	det1=true
[13578]	52	113	-19	-2	-4	6	det1=true
[13579]	72	113	-18	-17	-2	-8	det1=true
[13580]	83	113	-19	-2	-2	9	det1=true
[13581]	99	113	-40	-34	-7	-5	det1=true
[13582]	99	113	-45	-34	-7	5	det1=true
[13583]	111	113	-31	-22	-10	1	det1=true
[13584]	113	113	-52	-20	-6	-7	det1=true
[13585]	113	113	-59	-20	-6	7	det1=true
[13586]	41	114	-17	-3	-5	4	det1=true
[13587]	76	114	-30	-23	-8	-1	det1=true
[13588]	76	114	-31	-23	-8	1	det1=true
[13589]	96	114	-37	-9	-6	-7	det1=true
[13590]	96	114	-44	-9	-6	7	det1=true
[13591]	102	114	-20	-13	-10	-1	det1=true
[13592]	102	114	-21	-13	-10	1	det1=true
[13593]	104	114	-43	-5	-5	-8	det1=true
[13594]	104	114	-38	-21	-8	-5	det1=true
[13595]	108	114	-27	-8	-2	-10	det1=true
[13596]	108	114	-37	-8	-2	10	det1=true
[13597]	33	115	-9	-2	-5	-3	det1=true
[13598]	33	115	-12	-2	-5	3	det1=true
[13599]	63	115	-15	4	-8	-1	det1=true
[13600]	63	115	-16	4	-8	1	det1=true
[13601]	89	115	-21	-1	-9	-3	det1=true
[13602]	89	115	-24	-1	-9	3	det1=true
[13603]	110	115	-39	-2	-6	-8	det1=true
[13604]	110	115	-47	-2	-6	8	det1=true
[13605]	110	115	-34	-19	-10	-1	det1=true
[13606]	112	115	-12	3	-6	-9	det1=true
[13607]	114	115	-16	-11	-4	-10	det1=true
[13608]	49	116	-6	-1	-6	-4	det1=true
[13609]	49	116	-10	-1	-6	4	det1=true
[13610]	85	116	-20	-9	-2	-9	det1=true
[13611]	85	116	-29	-9	-2	9	det1=true
[13612]	110	116	-18	-7	-8	-7	det1=true
[13613]	110	116	-25	-7	-8	7	det1=true
[13614]	72	113	-26	-17	-2	8	det1=true
[13615]	73	113	-13	1	-5	-7	det1=true
[13616]	73	113	-20	1	-5	7	det1=true
[13617]	97	113	-9	-1	-6	-8	det1=true
[13618]	97	113	-17	-1	-6	8	det1=true
[13619]	104	113	-12	-15	-2	-10	det1=true
[13620]	104	113	-22	-15	-2	10	det1=true
[13621]	110	113	-45	-45	-3	-8	det1=true
[13622]	111	113	-30	-22	-10	-1	det1=true
[13623]	113	113	-40	-8	-8	-6	det1=true
[13624]	113	113	-46	-8	-8	6	det1=true
[13625]	61	114	-15	-5	-5	-6	det1=true
[13626]	61	114	-21	-5	-5	6	det1=true
[13627]	89	114	-28	-21	-8	-4	det1=true
[13628]	89	114	-32	-21	-8	4	det1=true
[13629]	93	114	-23	-15	-8	-5	det1=true
[13630]	93	114	-28	-15	-8	5	det1=true
[13631]	108	114	-31	-4	-10	-2	det1=true
[13632]	108	114	-33	-4	-10	2	det1=true
[13633]	37	115	-12	-6	-1	-6	det1=true
[13634]	37	115	-18	-6	-1	6	det1=true
[13635]	49	115	-12	-2	-1	-7	det1=true
[13636]	49	115	-19	-2	-1	7	det1=true
[13637]	78	115	-35	-10	-2	-8	det1=true
[13638]	95	115	-32	-8	-8	-5	det1=true
[13639]	98	115	-40	-37	-8	-3	det1=true
[13640]	98	115	-43	-37	-8	3	det1=true
[13641]	114	115	-18	-7	-4	-10	det1=true
[13642]	114	115	-28	-7	-4	10	det1=true
[13643]	37	116	-15	-5	-6	-1	det1=true
[13644]	37	116	-16	-5	-6	1	det1=true
[13645]	42	116	-19	-1	-5	-4	det1=true
[13646]	42	116	-23	-1	-5	4	det1=true
[13647]	71	116	-30	-21	-4	7	det1=true
[13648]	76	116	-19	-19	-3	-8	det1=true
[13649]	86	116	-24	-1	-2	-9	det1=true
[13650]	86	116	-33	-1	-2	9	det1=true
[13651]	101	116	-40	-23	-2	-9	det1=true
[13652]	101	116	-49	-23	-2	9	det1=true
[13653]	114	116	-16	-11	-6	-9	det1=true
[13654]	114	116	-25	-11	-6	9	det1=true
[13655]	25	113	-4	1	-5	-1	det1=true
[13656]	25	113	-5	1	-5	1	det1=true
[13657]	71	113	-24	-15	-7	-4	det1=true
[13658]	71	113	-28	-15	-7	4	det1=true
[13659]	93	113	-4	0	-9	-4	det1=true
[13660]	93	113	-8	0	-9	4	det1=true
[13661]	94	113	-31	-14	-7	-6	det1=true
[13662]	94	113	-37	-14	-7	6	det1=true
[13663]	98	113	-36	3	-8	-5	det1=true
[13664]	109	113	-18	-5	-3	-10	det1=true
[13665]	109	113	-28	-5	-3	10	det1=true
[13666]	110	113	-45	-36	-8	-4	det1=true
[13667]	110	113	-49	-36	-8	4	det1=true
[13668]	114	114	-41	0	-10	-2	det1=true
[13669]	114	114	-43	0	-10	2	det1=true
[13670]	25	115	-6	-3	-5	-1	det1=true
[13671]	25	115	-7	-3	-5	1	det1=true
[13672]	49	115	-15	1	-7	-1	det1=true
[13673]	49	115	-16	1	-7	1	det1=true
[13674]	70	115	-29	-19	-6	-5	det1=true
[13675]	70	115	-34	-19	-6	5	det1=true
[13676]	70	115	-24	-15	-4	-7	det1=true
[13677]	70	115	-31	-15	-4	7	det1=true
[13678]	90	115	-23	-3	-5	-8	det1=true
[13679]	90	115	-31	-3	-5	8	det1=true
[13680]	95	115	-37	-8	-8	5	det1=true
[13681]	96	115	-7	-3	-1	-10	det1=true
[13682]	96	115	-17	-3	-1	10	det1=true
[13683]	101	116	-21	-12	-1	-10	det1=true
[13684]	101	116	-31	-12	-1	10	det1=true
[13685]	103	116	-25	-23	-4	-9	det1=true
[13686]	103	116	-34	-23	-4	9	det1=true
[13687]	85	113	-32	-3	-1	9	det1=true
[13688]	85	113	-16	-4	-2	-9	det1=true
[13689]	85	113	-25	-4	-2	9	det1=true
[13690]	98	113	-41	3	-8	5	det1=true
[13691]	109	113	-14	-13	-3	-10	det1=true
[13692]	109	113	-24	-13	-3	10	det1=true
[13693]	76	115	-30	-15	-2	-8	det1=true
[13694]	76	115	-38	-15	-2	8	det1=true
[13695]	83	115	-19	-12	-1	-9	det1=true
[13696]	83	115	-28	-12	-1	9	det1=true
[13697]	87	115	-38	-30	-8	-2	det1=true
[13698]	87	115	-40	-30	-8	2	det1=true
[13699]	101	115	-22	-1	-1	-10	det1=true
[13700]	101	115	-32	-1	-1	10	det1=true
[13701]	105	115	-17	-12	-9	-5	det1=true
[13702]	105	115	-22	-12	-9	5	det1=true
[13703]	111	115	-39	-11	-8	-6	det1=true
[13704]	111	115	-45	-11	-8	6	det1=true
[13705]	53	116	-17	-3	-2	-7	det1=true
[13706]	53	116	-24	-3	-2	7	det1=true
[13707]	53	116	-12	-13	-2	-7	det1=true
[13708]	53	116	-19	-13	-2	7	det1=true
[13709]	107	116	-36	-3	-6	-8	det1=true
[13710]	107	116	-44	-3	-6	8	det1=true
[13711]	89	113	-19	2	-8	-5	det1=true
[13712]	89	113	-24	2	-8	5	det1=true
[13713]	97	113	-44	-28	-8	-3	det1=true
[13714]	97	113	-47	-28	-8	3	det1=true
[13715]	109	113	-31	-16	-10	-1	det1=true
[13716]	109	113	-32	-16	-10	1	det1=true
[13717]	67	114	-17	-13	-7	-4	det1=true
[13718]	67	114	-21	-13	-7	4	det1=true
[13719]	84	114	-13	-9	-6	-7	det1=true
[13720]	84	114	-20	-9	-6	7	det1=true
[13721]	44	115	-9	-7	-6	-3	det1=true
[13722]	44	115	-12	-7	-6	3	det1=true
[13723]	97	115	-18	-12	-4	-9	det1=true
[13724]	97	115	-27	-12	-4	9	det1=true
[13725]	66	116	-17	-14	-1	-8	det1=true
[13726]	66	116	-25	-14	-1	8	det1=true
[13727]	69	116	-25	4	-8	-2	det1=true
[13728]	69	116	-27	4	-8	2	det1=true
[13729]	71	116	-31	-20	-5	-6	det1=true
[13730]	71	116	-37	-20	-5	6	det1=true
[13731]	86	116	-25	1	-6	-7	det1=true
[13732]	86	116	-32	1	-6	7	det1=true
[13733]	113	116	-25	-6	-7	-8	det1=true
[13734]	113	116	-33	-6	-7	8	det1=true
[13735]	37	113	-8	-8	-1	-6	det1=true
[13736]	37	113	-14	-8	-1	6	det1=true
[13737]	74	113	-31	-11	-1	-8	det1=true
[13738]	104	113	-1	5	-10	-3	det1=true
[13739]	104	113	-4	5	-10	3	det1=true
[13740]	94	115	-2	1	-8	-6	det1=true
[13741]	94	115	-8	1	-8	6	det1=true
[13742]	100	115	-17	-11	-1	-10	det1=true
[13743]	100	115	-27	-11	-1	10	det1=true
[13744]	30	116	-12	-11	-2	-5	det1=true
[13745]	30	116	-17	-11	-2	5	det1=true
[13746]	106	116	-48	-19	-6	-7	det1=true
[13747]	106	116	-55	-19	-6	7	det1=true
[13748]	107	116	-37	-2	-8	-6	det1=true
[13749]	107	116	-43	-2	-8	6	det1=true
[13750]	25	113	-8	-4	-3	-4	det1=true
[13751]	25	113	-12	-4	-3	4	det1=true
[13752]	29	113	-10	-3	-5	-2	det1=true
[13753]	29	113	-12	-3	-5	2	det1=true
[13754]	65	113	-15	-6	-8	-1	det1=true
[13755]	65	113	-16	-6	-8	1	det1=true
[13756]	72	114	-33	-5	-8	-1	det1=true
[13757]	72	114	-34	-5	-8	1	det1=true
[13758]	102	114	-24	-7	-10	-1	det1=true
[13759]	102	114	-25	-7	-10	1	det1=true
[13760]	94	115	-1	0	-6	-8	det1=true
[13761]	94	115	-9	0	-6	8	det1=true
[13762]	102	116	-21	-16	-1	-10	det1=true
[13763]	102	116	-31	-16	-1	10	det1=true
[13764]	106	116	-7	1	-8	-7	det1=true
[13765]	106	116	-14	1	-8	7	det1=true
[13766]	109	116	-25	-9	-10	-3	det1=true
[13767]	109	116	-28	-9	-10	3	det1=true
[13768]	83	115	-26	2	-9	-1	det1=true
[13769]	83	115	-27	2	-9	1	det1=true
[13770]	96	115	-12	5	-10	-1	det1=true
[13771]	112	115	-15	-15	-7	-8	det1=true
[13772]	112	115	-23	-15	-7	8	det1=true
[13773]	109	113	-48	-23	-9	-2	det1=true
[13774]	109	113	-50	-23	-9	2	det1=true
[13775]	64	115	-25	1	-5	-6	det1=true
[13776]	64	115	-31	1	-5	6	det1=true
[13777]	102	115	-24	-11	-8	-6	det1=true
[13778]	66	115	-21	-4	-7	-4	det1=true
[13779]	66	115	-25	-4	-7	4	det1=true
[13780]	79	115	-29	-30	-4	-7	det1=true
[13781]	59	113	-21	-9	-3	7	det1=true
[13782]	66	113	-17	-3	-1	-8	det1=true
[13783]	66	113	-25	-3	-1	8	det1=true
[13784]	41	116	-17	-8	-6	-2	det1=true
[13785]	59	113	-14	-9	-3	-7	det1=true
[13786]	101	113	-17	-11	-6	-8	det1=true
[13787]	101	113	-25	-11	-6	8	det1=true
[13788]	51	115	-21	-4	-7	1	det1=true
[13789]	69	116	-20	-9	-2	-8	det1=true
[13790]	111	116	-50	-19	-8	-5	det1=true
[13791]	66	113	-23	0	-7	4	det1=true
[13792]	51	115	-20	-4	-7	-1	det1=true
[13793]	116	116	-49	-30	-5	-8	det1=true
[13794]	116	116	-57	-30	-5	8	det1=true
[13795]	66	113	-19	0	-7	-4	det1=true
[13796]	110	113	-8	-7	-8	-7	det1=true
[13797]	110	113	-15	-7	-8	7	det1=true
[13798]	73	115	-35	-25	-7	-3	det1=true
[13799]	73	115	-38	-25	-7	3	det1=true
[13800]	89	115	-15	-11	-3	-9	det1=true
[13801]	89	115	-24	-11	-3	9	det1=true
[13802]	106	116	-32	5	-10	-2	det1=true
[13803]	81	114	-16	-13	-8	-4	det1=true
[13804]	81	114	-20	-13	-8	4	det1=true
[13805]	17	114	-7	-5	-4	-1	det1=true
[13806]	17	114	-8	-5	-4	1	det1=true
[13807]	73	115	-15	-12	-8	-3	det1=true
[13808]	112	115	-23	3	-8	-7	det1=true
[13809]	112	115	-30	3	-8	7	det1=true
[13810]	107	114	0	1	-8	-7	det1=true
[13811]	107	114	-7	1	-8	7	det1=true
[13812]	66	116	-25	3	-8	-1	det1=true
[13813]	66	116	-26	3	-8	1	det1=true
[13814]	86	116	-21	-12	-7	-6	det1=true
[13815]	86	116	-27	-12	-7	6	det1=true
[13816]	100	113	-19	-1	-10	-1	det1=true
[13817]	96	115	-18	-7	-4	-9	det1=true
[13818]	96	115	-27	-7	-4	9	det1=true
[13819]	69	114	-19	-2	-2	-8	det1=true
[13820]	52	114	-16	3	-6	-4	det1=true
[13821]	115	115	-24	-2	-10	-4	det1=true
[13822]	115	115	-20	-8	-4	-10	det1=true
[13823]	115	115	-30	-8	-4	10	det1=true
[13824]	115	115	-18	-12	-4	-10	det1=true
[13825]	114	114	-22	-9	-8	-7	det1=true
[13826]	114	114	-29	-9	-8	7	det1=true
[13827]	97	115	-22	2	-4	-9	det1=true
[13828]	13	113	-5	-4	-2	-3	det1=true
[13829]	13	113	-8	-4	-2	3	det1=true
[13830]	17	113	-8	-2	-4	-1	det1=true
[13831]	17	113	-9	-2	-4	1	det1=true
[13832]	116	116	-21	-12	-9	-6	det1=true
[13833]	116	116	-27	-12	-9	6	det1=true
[13834]	114	114	-23	-6	-7	-8	det1=true
[13835]	114	114	-31	-6	-7	8	det1=true
[13836]	25	116	-11	-5	-4	-3	det1=true
[13837]	109	116	-10	5	-10	-4	det1=true
[13838]	109	116	-14	5	-10	4	det1=true
[13839]	116	116	-24	-3	-6	-9	det1=true
[13840]	61	114	-17	3	-6	-5	det1=true
[13841]	12	117	0	1	-2	-3	det1=true
[13842]	12	117	-3	1	-2	3	det1=true
[13843]	96	117	-47	-36	-8	-2	det1=true
[13844]	104	119	-37	4	-8	-6	det1=true
[13845]	104	119	-43	4	-8	6	det1=true
[13846]	119	119	-35	-32	-9	-5	det1=true
[13847]	119	119	-40	-32	-9	5	det1=true
[13848]	113	117	-47	-4	-10	-1	det1=true
[13849]	113	117	-48	-4	-10	1	det1=true
[13850]	115	117	-49	-6	-10	-1	det1=true
[13851]	115	117	-50	-6	-10	1	det1=true
[13852]	42	118	-7	-1	-3	-6	det1=true
[13853]	42	118	-13	-1	-3	6	det1=true
[13854]	67	118	-16	-13	-8	-2	det1=true
[13855]	67	118	-18	-13	-8	2	det1=true
[13856]	72	118	-27	-22	-7	-4	det1=true
[13857]	72	118	-31	-22	-7	4	det1=true
[13858]	76	118	-34	-13	-2	-8	det1=true
[13859]	76	118	-42	-13	-2	8	det1=true
[13860]	80	118	-37	-6	-6	-6	det1=true
[13861]	80	118	-43	-6	-6	6	det1=true
[13862]	59	119	0	0	-1	-8	det1=true
[13863]	59	119	-8	0	-1	8	det1=true
[13864]	61	119	-23	-16	-3	-7	det1=true
[13865]	61	119	-30	-16	-3	7	det1=true
[13866]	62	119	-6	3	-8	-2	det1=true
[13867]	62	119	-8	3	-8	2	det1=true
[13868]	63	119	-12	4	-8	-2	det1=true
[13869]	63	119	-14	4	-8	2	det1=true
[13870]	100	119	-47	-12	-7	-6	det1=true
[13871]	100	119	-53	-12	-7	6	det1=true
[13872]	109	119	-50	-28	-2	-9	det1=true
[13873]	109	119	-59	-28	-2	9	det1=true
[13874]	90	120	-37	3	-6	-7	det1=true
[13875]	90	120	-44	3	-6	7	det1=true
[13876]	96	120	-8	-11	-2	-10	det1=true
[13877]	96	120	-18	-11	-2	10	det1=true
[13878]	97	120	-27	5	-10	-1	det1=true
[13879]	97	120	-28	5	-10	1	det1=true
[13880]	120	120	-28	5	-10	-5	det1=true
[13881]	120	120	-33	5	-10	5	det1=true
[13882]	16	117	-5	-1	-4	-1	det1=true
[13883]	16	117	-6	-1	-4	1	det1=true
[13884]	64	117	-8	-3	-2	-8	det1=true
[13885]	64	117	-16	-3	-2	8	det1=true
[13886]	85	117	-24	-4	-7	-6	det1=true
[13887]	85	117	-30	-4	-7	6	det1=true
[13888]	96	117	0	1	-2	-10	det1=true
[13889]	96	117	-10	1	-2	10	det1=true
[13890]	100	117	-17	-2	-2	-10	det1=true
[13891]	100	117	-27	-2	-2	10	det1=true
[13892]	111	117	-35	-17	-10	-2	det1=true
[13893]	111	117	-37	-17	-10	2	det1=true
[13894]	117	117	-56	-22	-8	-5	det1=true
[13895]	61	118	-9	-5	-7	-4	det1=true
[13896]	63	118	-8	-1	-8	-2	det1=true
[13897]	63	118	-10	-1	-8	2	det1=true
[13898]	66	118	-23	-7	-4	-7	det1=true
[13899]	66	118	-30	-7	-4	7	det1=true
[13900]	70	118	-31	-5	-1	-8	det1=true
[13901]	70	118	-39	-5	-1	8	det1=true
[13902]	76	118	-30	-21	-2	-8	det1=true
[13903]	76	118	-38	-21	-2	8	det1=true
[13904]	95	118	-13	-1	-1	-10	det1=true
[13905]	113	118	-49	5	-10	-1	det1=true
[13906]	113	118	-50	5	-10	1	det1=true
[13907]	117	118	-49	-2	-1	-10	det1=true
[13908]	117	118	-59	-2	-1	10	det1=true
[13909]	117	118	-33	-4	-10	-4	det1=true
[13910]	117	118	-37	-4	-10	4	det1=true
[13911]	59	119	-3	2	-8	-1	det1=true
[13912]	59	119	-4	2	-8	1	det1=true
[13913]	63	119	-9	1	-2	-8	det1=true
[13914]	63	119	-17	1	-2	8	det1=true
[13915]	67	119	-6	-1	-3	-8	det1=true
[13916]	67	119	-14	-1	-3	8	det1=true
[13917]	71	119	-20	-1	-3	-8	det1=true
[13918]	71	119	-28	-1	-3	8	det1=true
[13919]	75	119	-33	-17	-8	-2	det1=true
[13920]	76	119	-21	-22	-3	-8	det1=true
[13921]	76	119	-29	-22	-3	8	det1=true
[13922]	79	119	-10	-5	-7	-6	det1=true
[13923]	79	119	-16	-5	-7	6	det1=true
[13924]	81	119	-35	-11	-5	-7	det1=true
[13925]	81	119	-42	-11	-5	7	det1=true
[13926]	98	119	-33	-24	-5	-8	det1=true
[13927]	98	119	-41	-24	-5	8	det1=true
[13928]	99	119	-39	-26	-2	-9	det1=true
[13929]	99	119	-48	-26	-2	9	det1=true
[13930]	111	119	-40	-27	-9	-4	det1=true
[13931]	111	119	-44	-27	-9	4	det1=true
[13932]	111	119	-19	-4	-6	-9	det1=true
[13933]	111	119	-28	-4	-6	9	det1=true
[13934]	114	119	-20	-19	-4	-10	det1=true
[13935]	117	119	-53	-50	-5	-7	det1=true
[13936]	117	119	-60	-50	-5	7	det1=true
[13937]	119	119	-49	-21	-6	-8	det1=true
[13938]	119	119	-57	-21	-6	8	det1=true
[13939]	103	120	-10	3	-8	-7	det1=true
[13940]	103	120	-17	3	-8	7	det1=true
[13941]	106	120	-40	-9	-10	-1	det1=true
[13942]	106	120	-41	-9	-10	1	det1=true
[13943]	106	120	-27	-22	-10	-2	det1=true
[13944]	106	120	-29	-22	-10	2	det1=true
[13945]	39	117	-10	2	-5	-4	det1=true
[13946]	39	117	-14	2	-5	4	det1=true
[13947]	60	117	1	-2	-1	-8	det1=true
[13948]	60	117	-7	-2	-1	8	det1=true
[13949]	63	117	-27	-26	-2	-7	det1=true
[13950]	63	117	-34	-26	-2	7	det1=true
[13951]	73	117	-34	-12	-7	-4	det1=true
[13952]	73	117	-38	-12	-7	4	det1=true
[13953]	73	117	-26	-18	-8	-2	det1=true
[13954]	73	117	-28	-18	-8	2	det1=true
[13955]	80	117	-9	-4	-7	-6	det1=true
[13956]	80	117	-15	-4	-7	6	det1=true
[13957]	91	117	-26	-10	-5	-8	det1=true
[13958]	91	117	-34	-10	-5	8	det1=true
[13959]	93	117	-36	-26	-2	9	det1=true
[13960]	93	117	-24	-20	-5	-8	det1=true
[13961]	93	117	-32	-20	-5	8	det1=true
[13962]	95	117	-13	-2	-10	-1	det1=true
[13963]	95	117	-14	-2	-10	1	det1=true
[13964]	98	117	-34	-27	-6	-7	det1=true
[13965]	98	117	-41	-27	-6	7	det1=true
[13966]	98	117	-31	-23	-5	-8	det1=true
[13967]	98	117	-39	-23	-5	8	det1=true
[13968]	100	117	-21	2	-10	-2	det1=true
[13969]	103	117	-45	-20	-2	-9	det1=true
[13970]	103	117	-54	-20	-2	9	det1=true
[13971]	103	117	-44	1	-3	-9	det1=true
[13972]	103	117	-53	1	-3	9	det1=true
[13973]	103	117	-42	-26	-8	5	det1=true
[13974]	104	117	-35	-30	-5	-8	det1=true
[13975]	104	117	-43	-30	-5	8	det1=true
[13976]	106	117	-38	-1	-10	-1	det1=true
[13977]	114	117	-50	3	-10	1	det1=true
[13978]	117	117	-28	-2	-6	-9	det1=true
[13979]	117	117	-37	-2	-6	9	det1=true
[13980]	50	118	-12	-7	-6	-4	det1=true
[13981]	50	118	-16	-7	-6	4	det1=true
[13982]	51	118	-14	1	-2	-7	det1=true
[13983]	51	118	-21	1	-2	7	det1=true
[13984]	53	118	-16	-15	-4	-6	det1=true
[13985]	61	118	-13	-5	-7	4	det1=true
[13986]	70	118	-33	-2	-7	-4	det1=true
[13987]	70	118	-37	-2	-7	4	det1=true
[13988]	71	118	-17	-9	-8	-3	det1=true
[13989]	71	118	-20	-9	-8	3	det1=true
[13990]	79	118	-33	-24	-2	-8	det1=true
[13991]	87	118	-42	-29	-8	-2	det1=true
[13992]	91	118	-36	-1	-8	5	det1=true
[13993]	95	118	-23	-1	-1	10	det1=true
[13994]	97	118	-17	-11	-10	-1	det1=true
[13995]	97	118	-18	-11	-10	1	det1=true
[13996]	100	118	-18	-7	-2	-10	det1=true
[13997]	100	118	-28	-7	-2	10	det1=true
[13998]	103	118	-33	0	-6	-8	det1=true
[13999]	103	118	-41	0	-6	8	det1=true
[14000]	112	118	-30	-27	-2	-10	det1=true
[14001]	113	118	-43	-23	-4	-9	det1=true
[14002]	114	118	-46	-1	-10	-2	det1=true
[14003]	118	118	-63	-5	-4	9	det1=true
[14004]	23	119	-4	-1	-3	-4	det1=true
[14005]	23	119	-8	-1	-3	4	det1=true
[14006]	72	119	-30	-19	-4	-7	det1=true
[14007]	72	119	-37	-19	-4	7	det1=true
[14008]	79	119	-34	-8	-3	-8	det1=true
[14009]	79	119	-42	-8	-3	8	det1=true
[14010]	82	119	-37	-13	-3	-8	det1=true
[14011]	82	119	-45	-13	-3	8	det1=true
[14012]	83	119	-10	-7	-5	-8	det1=true
[14013]	83	119	-18	-7	-5	8	det1=true
[14014]	87	119	-45	-29	-8	2	det1=true
[14015]	89	119	-36	-30	-5	-7	det1=true
[14016]	89	119	-43	-30	-5	7	det1=true
[14017]	89	119	-33	-4	-2	-9	det1=true
[14018]	89	119	-42	-4	-2	9	det1=true
[14019]	89	119	-32	-14	-9	-2	det1=true
[14020]	89	119	-34	-14	-9	2	det1=true
[14021]	89	119	-26	-22	-9	-2	det1=true
[14022]	89	119	-28	-22	-9	2	det1=true
[14023]	91	119	-44	1	-9	-1	det1=true
[14024]	91	119	-45	1	-9	1	det1=true
[14025]	91	119	-40	-3	-1	-9	det1=true
[14026]	91	119	-49	-3	-1	9	det1=true
[14027]	95	119	-19	3	-6	-8	det1=true
[14028]	95	119	-27	3	-6	8	det1=true
[14029]	97	119	-50	-35	-5	7	det1=true
[14030]	97	119	-40	-22	-9	-2	det1=true
[14031]	97	119	-42	-22	-9	2	det1=true
[14032]	97	119	-26	-13	-9	-4	det1=true
[14033]	97	119	-30	-13	-9	4	det1=true
[14034]	103	119	-32	-12	-8	-6	det1=true
[14035]	103	119	-38	-12	-8	6	det1=true
[14036]	105	119	-46	-43	-5	-7	det1=true
[14037]	105	119	-53	-43	-5	7	det1=true
[14038]	109	119	-51	-34	-9	-1	det1=true
[14039]	110	119	-25	-5	-7	-8	det1=true
[14040]	110	119	-33	-5	-7	8	det1=true
[14041]	111	119	-7	3	-11	-1	det1=true
[14042]	111	119	-8	3	-11	1	det1=true
[14043]	111	119	-2	-2	-1	-11	det1=true
[14044]	111	119	-13	-2	-1	11	det1=true
[14045]	112	119	-37	-5	-10	-3	det1=true
[14046]	112	119	-40	-5	-10	3	det1=true
[14047]	113	119	-51	-27	-9	-3	det1=true
[14048]	113	119	-54	-27	-9	3	det1=true
[14049]	114	119	-45	-13	-1	-10	det1=true
[14050]	118	119	-55	-5	-4	-9	det1=true
[14051]	119	119	-52	-36	-8	-5	det1=true
[14052]	119	119	-33	-34	-5	-9	det1=true
[14053]	119	119	-42	-34	-5	9	det1=true
[14054]	119	119	-23	-16	-11	-1	det1=true
[14055]	119	119	-24	-16	-11	1	det1=true
[14056]	119	119	-18	-21	-1	-11	det1=true
[14057]	119	119	-29	-21	-1	11	det1=true
[14058]	119	119	-6	-3	-7	-9	det1=true
[14059]	119	119	-15	-3	-7	9	det1=true
[14060]	37	120	-1	-1	-4	-5	det1=true
[14061]	37	120	-6	-1	-4	5	det1=true
[14062]	38	120	-9	-2	-5	-4	det1=true
[14063]	38	120	-13	-2	-5	4	det1=true
[14064]	49	120	-8	-5	-2	-7	det1=true
[14065]	59	120	-15	-11	-5	-6	det1=true
[14066]	59	120	-21	-11	-5	6	det1=true
[14067]	85	120	-35	-27	-3	-8	det1=true
[14068]	85	120	-43	-27	-3	8	det1=true
[14069]	89	120	-13	3	-9	-4	det1=true
[14070]	89	120	-17	3	-9	4	det1=true
[14071]	91	120	-29	-13	-5	-8	det1=true
[14072]	91	120	-37	-13	-5	8	det1=true
[14073]	91	120	-9	4	-8	-6	det1=true
[14074]	91	120	-15	4	-8	6	det1=true
[14075]	96	120	-25	-1	-10	1	det1=true
[14076]	100	120	-22	-7	-2	-10	det1=true
[14077]	100	120	-32	-7	-2	10	det1=true
[14078]	100	120	-7	-9	-3	-10	det1=true
[14079]	100	120	-17	-9	-3	10	det1=true
[14080]	105	120	-38	-33	-8	-5	det1=true
[14081]	106	120	-35	-19	-10	-1	det1=true
[14082]	106	120	-36	-19	-10	1	det1=true
[14083]	106	120	-33	-26	-2	10	det1=true
[14084]	107	120	-42	-13	-4	-9	det1=true
[14085]	107	120	-51	-13	-4	9	det1=true
[14086]	112	120	-43	-38	-5	-8	det1=true
[14087]	113	120	-47	-2	-10	-2	det1=true
[14088]	113	120	-43	-6	-2	-10	det1=true
[14089]	114	120	-40	-29	-10	-1	det1=true
[14090]	114	120	-41	-29	-10	1	det1=true
[14091]	114	120	-5	-9	-2	-11	det1=true
[14092]	114	120	-16	-9	-2	11	det1=true
[14093]	115	120	-32	-7	-10	-4	det1=true
[14094]	115	120	-36	-7	-10	4	det1=true
[14095]	115	120	-25	-18	-4	-10	det1=true
[14096]	115	120	-35	-18	-4	10	det1=true
[14097]	117	120	-49	-38	-5	-8	det1=true
[14098]	117	120	-57	-38	-5	8	det1=true
[14099]	118	120	-52	-7	-10	-2	det1=true
[14100]	118	120	-48	-11	-2	-10	det1=true
[14101]	118	120	-58	-11	-2	10	det1=true
[14102]	119	120	-37	-4	-9	-6	det1=true
[14103]	119	120	-43	-4	-9	6	det1=true
[14104]	120	120	-47	-28	-1	-10	det1=true
[14105]	120	120	-57	-28	-1	10	det1=true
[14106]	25	117	-8	-3	-1	-5	det1=true
[14107]	25	117	-13	-3	-1	5	det1=true
[14108]	51	117	-14	-2	-7	-2	det1=true
[14109]	51	117	-16	-2	-7	2	det1=true
[14110]	53	117	-23	-10	-1	-7	det1=true
[14111]	53	117	-30	-10	-1	7	det1=true
[14112]	65	117	-21	2	-4	-7	det1=true
[14113]	65	117	-28	2	-4	7	det1=true
[14114]	69	117	-23	-3	-2	-8	det1=true
[14115]	69	117	-31	-3	-2	8	det1=true
[14116]	79	117	-8	3	-9	-2	det1=true
[14117]	83	117	-1	2	-9	-3	det1=true
[14118]	83	117	-4	2	-9	3	det1=true
[14119]	86	117	-19	1	-8	-5	det1=true
[14120]	89	117	-25	-18	-6	-7	det1=true
[14121]	89	117	-32	-18	-6	7	det1=true
[14122]	90	117	-23	-13	-8	-5	det1=true
[14123]	90	117	-28	-13	-8	5	det1=true
[14124]	92	117	-31	-15	-8	5	det1=true
[14125]	93	117	-27	-26	-2	-9	det1=true
[14126]	94	117	-31	-11	-5	-8	det1=true
[14127]	94	117	-39	-11	-5	8	det1=true
[14128]	96	117	-33	-14	-5	-8	det1=true
[14129]	96	117	-41	-14	-5	8	det1=true
[14130]	98	117	-15	-13	-1	-10	det1=true
[14131]	98	117	-25	-13	-1	10	det1=true
[14132]	100	117	-36	-29	-2	-9	det1=true
[14133]	100	117	-45	-29	-2	9	det1=true
[14134]	103	117	-37	-25	-9	-3	det1=true
[14135]	103	117	-43	-28	-3	9	det1=true
[14136]	107	117	-14	-2	-8	-7	det1=true
[14137]	107	117	-21	-2	-8	7	det1=true
[14138]	109	117	-16	-10	-8	-7	det1=true
[14139]	109	117	-23	-10	-8	7	det1=true
[14140]	110	117	-47	-33	-9	-2	det1=true
[14141]	110	117	-49	-33	-9	2	det1=true
[14142]	114	117	-49	3	-10	-1	det1=true
[14143]	115	117	-41	-17	-10	-2	det1=true
[14144]	115	117	-43	-17	-10	2	det1=true
[14145]	116	117	-9	4	-11	-2	det1=true
[14146]	116	117	-11	4	-11	2	det1=true
[14147]	117	117	-52	-2	-10	-1	det1=true
[14148]	16	118	-5	-3	-4	-1	det1=true
[14149]	16	118	-6	-3	-4	1	det1=true
[14150]	38	118	-5	-1	-4	-5	det1=true
[14151]	40	118	-11	-9	-5	-4	det1=true
[14152]	40	118	-15	-9	-5	4	det1=true
[14153]	42	118	-8	-1	-6	-3	det1=true
[14154]	42	118	-11	-1	-6	3	det1=true
[14155]	60	118	-20	3	-6	-5	det1=true
[14156]	61	118	-27	-23	-7	-2	det1=true
[14157]	69	118	-32	-5	-8	-1	det1=true
[14158]	69	118	-33	-5	-8	1	det1=true
[14159]	70	118	-15	-7	-8	-3	det1=true
[14160]	70	118	-18	-7	-8	3	det1=true
[14161]	75	118	-37	-27	-1	8	det1=true
[14162]	76	118	-30	-27	-4	-7	det1=true
[14163]	79	118	-41	-24	-2	8	det1=true
[14164]	91	118	-31	-1	-8	-5	det1=true
[14165]	92	118	-41	-38	-8	-2	det1=true
[14166]	92	118	-43	-38	-8	2	det1=true
[14167]	101	118	-33	-11	-9	-4	det1=true
[14168]	101	118	-37	-11	-9	4	det1=true
[14169]	102	118	-22	-9	-2	-10	det1=true
[14170]	102	118	-32	-9	-2	10	det1=true
[14171]	105	118	-30	-19	-10	-1	det1=true
[14172]	105	118	-31	-19	-10	1	det1=true
[14173]	106	118	-31	-24	-2	10	det1=true
[14174]	108	118	-38	1	-10	-2	det1=true
[14175]	108	118	-40	1	-10	2	det1=true
[14176]	111	118	-19	2	-9	-6	det1=true
[14177]	111	118	-25	2	-9	6	det1=true
[14178]	112	118	-39	-22	-8	-6	det1=true
[14179]	112	118	-45	-22	-8	6	det1=true
[14180]	112	118	-40	-27	-2	10	det1=true
[14181]	114	118	-43	-21	-10	-1	det1=true
[14182]	114	118	-22	-21	-8	-7	det1=true
[14183]	114	118	-29	-21	-8	7	det1=true
[14184]	115	118	-9	5	-11	-2	det1=true
[14185]	115	118	-11	5	-11	2	det1=true
[14186]	116	118	-23	-15	-6	-9	det1=true
[14187]	116	118	-32	-15	-6	9	det1=true
[14188]	53	119	-4	1	-3	-7	det1=true
[14189]	55	119	-25	-19	-7	-1	det1=true
[14190]	55	119	-26	-19	-7	1	det1=true
[14191]	58	119	-19	-6	-5	6	det1=true
[14192]	59	119	-18	0	-5	-6	det1=true
[14193]	59	119	-24	0	-5	6	det1=true
[14194]	62	119	-17	0	-7	-4	det1=true
[14195]	62	119	-21	0	-7	4	det1=true
[14196]	63	119	-8	-4	-2	-8	det1=true
[14197]	68	119	-11	1	-3	-8	det1=true
[14198]	68	119	-19	1	-3	8	det1=true
[14199]	69	119	-30	-10	-7	-4	det1=true
[14200]	69	119	-34	-10	-7	4	det1=true
[14201]	75	119	-30	-20	-2	-8	det1=true
[14202]	75	119	-38	-20	-2	8	det1=true
[14203]	77	119	-28	-15	-3	-8	det1=true
[14204]	77	119	-36	-15	-3	8	det1=true
[14205]	78	119	-34	-23	-8	-2	det1=true
[14206]	78	119	-36	-23	-8	2	det1=true
[14207]	79	119	-12	-4	-9	-2	det1=true
[14208]	79	119	-14	-4	-9	2	det1=true
[14209]	83	119	-37	-15	-7	-5	det1=true
[14210]	83	119	-42	-15	-7	5	det1=true
[14211]	85	119	-29	-12	-1	-9	det1=true
[14212]	85	119	-38	-12	-1	9	det1=true
[14213]	86	119	-40	-31	-8	-2	det1=true
[14214]	86	119	-42	-31	-8	2	det1=true
[14215]	88	119	-29	-13	-6	-7	det1=true
[14216]	88	119	-36	-13	-6	7	det1=true
[14217]	88	119	-28	-15	-2	-9	det1=true
[14218]	92	119	-34	-1	-8	-5	det1=true
[14219]	93	119	-29	-18	-8	-5	det1=true
[14220]	93	119	-34	-18	-8	5	det1=true
[14221]	93	119	-13	4	-10	-1	det1=true
[14222]	93	119	-14	4	-10	1	det1=true
[14223]	94	119	-33	-25	-9	-2	det1=true
[14224]	94	119	-29	-20	-5	-8	det1=true
[14225]	94	119	-37	-20	-5	8	det1=true
[14226]	96	119	-34	-25	-8	5	det1=true
[14227]	97	119	-7	-1	-9	-5	det1=true
[14228]	97	119	-12	-1	-9	5	det1=true
[14229]	104	119	-37	-31	-8	-5	det1=true
[14230]	104	119	-42	-31	-8	5	det1=true
[14231]	104	119	-34	-19	-4	-9	det1=true
[14232]	104	119	-43	-19	-4	9	det1=true
[14233]	107	119	-38	0	-1	-10	det1=true
[14234]	107	119	-48	0	-1	10	det1=true
[14235]	107	119	-11	-3	-10	-4	det1=true
[14236]	107	119	-15	-3	-10	4	det1=true
[14237]	109	119	-41	5	-10	-2	det1=true
[14238]	110	119	-32	-29	-8	-6	det1=true
[14239]	110	119	-38	-29	-8	6	det1=true
[14240]	111	119	-1	-4	-1	-11	det1=true
[14241]	111	119	-12	-4	-1	11	det1=true
[14242]	113	119	-54	-36	-9	-1	det1=true
[14243]	113	119	-55	-36	-9	1	det1=true
[14244]	113	119	-36	-3	-3	-10	det1=true
[14245]	113	119	-46	-3	-3	10	det1=true
[14246]	114	119	-55	-13	-1	10	det1=true
[14247]	114	119	-33	-1	-7	-8	det1=true
[14248]	114	119	-41	-1	-7	8	det1=true
[14249]	114	119	-30	-19	-4	10	det1=true
[14250]	115	119	-35	-24	-5	-9	det1=true
[14251]	115	119	-44	-24	-5	9	det1=true
[14252]	119	119	-57	-36	-8	5	det1=true
[14253]	39	120	-18	-11	-2	6	det1=true
[14254]	60	120	-25	-25	-2	-7	det1=true
[14255]	60	120	-32	-25	-2	7	det1=true
[14256]	63	120	-13	-2	-8	-2	det1=true
[14257]	63	120	-15	-2	-8	2	det1=true
[14258]	74	120	-35	-12	-8	-2	det1=true
[14259]	74	120	-37	-12	-8	2	det1=true
[14260]	74	120	-31	-25	-1	-8	det1=true
[14261]	74	120	-39	-25	-1	8	det1=true
[14262]	84	120	-29	0	-9	-2	det1=true
[14263]	89	120	-29	2	-5	-8	det1=true
[14264]	89	120	-37	2	-5	8	det1=true
[14265]	91	120	-8	3	-6	-8	det1=true
[14266]	91	120	-16	3	-6	8	det1=true
[14267]	99	120	-19	-20	-1	-10	det1=true
[14268]	99	120	-29	-20	-1	10	det1=true
[14269]	102	120	-27	-2	-2	-10	det1=true
[14270]	102	120	-37	-2	-2	10	det1=true
[14271]	105	120	-31	-20	-1	-10	det1=true
[14272]	105	120	-41	-20	-1	10	det1=true
[14273]	105	120	-8	5	-10	-4	det1=true
[14274]	105	120	-12	5	-10	4	det1=true
[14275]	106	120	-24	-13	-10	-3	det1=true
[14276]	106	120	-27	-13	-10	3	det1=true
[14277]	107	120	-19	-10	-4	10	det1=true
[14278]	108	120	-31	-22	-10	-2	det1=true
[14279]	108	120	-33	-22	-10	2	det1=true
[14280]	109	120	-45	4	-8	-6	det1=true
[14281]	109	120	-51	4	-8	6	det1=true
[14282]	109	120	-44	3	-6	-8	det1=true
[14283]	109	120	-52	3	-6	8	det1=true
[14284]	110	120	-43	-3	-1	-10	det1=true
[14285]	110	120	-53	-3	-1	10	det1=true
[14286]	111	120	-33	-31	-1	-10	det1=true
[14287]	111	120	-43	-31	-1	10	det1=true
[14288]	111	120	-23	-17	-8	-7	det1=true
[14289]	111	120	-30	-17	-8	7	det1=true
[14290]	112	120	-51	-38	-5	8	det1=true
[14291]	112	120	-23	-8	-9	-6	det1=true
[14292]	112	120	-29	-8	-9	6	det1=true
[14293]	113	120	-49	-18	-9	-4	det1=true
[14294]	113	120	-49	-2	-10	2	det1=true
[14295]	113	120	-53	-6	-2	10	det1=true
[14296]	113	120	-46	-7	-10	-2	det1=true
[14297]	114	120	-51	-7	-10	-1	det1=true
[14298]	114	120	-52	-7	-10	1	det1=true
[14299]	115	120	-43	-16	-2	-10	det1=true
[14300]	115	120	-53	-16	-2	10	det1=true
[14301]	118	120	-67	-22	-5	8	det1=true
[14302]	49	117	-18	2	-7	-1	det1=true
[14303]	49	117	-19	2	-7	1	det1=true
[14304]	49	117	0	-2	-2	-7	det1=true
[14305]	52	117	-13	-9	-2	-7	det1=true
[14306]	52	117	-20	-9	-2	7	det1=true
[14307]	62	117	-12	-1	-4	-7	det1=true
[14308]	62	117	-19	-1	-4	7	det1=true
[14309]	64	117	-11	0	-8	-2	det1=true
[14310]	64	117	-13	0	-8	2	det1=true
[14311]	68	117	-27	-7	-7	-4	det1=true
[14312]	68	117	-31	-7	-7	4	det1=true
[14313]	68	117	-33	-10	-1	8	det1=true
[14314]	85	117	-8	-8	-3	-9	det1=true
[14315]	85	117	-17	-8	-3	9	det1=true
[14316]	87	117	-26	-2	-8	5	det1=true
[14317]	88	117	-28	-9	-6	-7	det1=true
[14318]	88	117	-35	-9	-6	7	det1=true
[14319]	89	117	-22	-2	-3	-9	det1=true
[14320]	89	117	-31	-2	-3	9	det1=true
[14321]	93	117	-28	-24	-6	-7	det1=true
[14322]	93	117	-35	-24	-6	7	det1=true
[14323]	97	117	-41	-35	-7	-5	det1=true
[14324]	97	117	-46	-35	-7	5	det1=true
[14325]	98	117	-47	3	-9	-2	det1=true
[14326]	98	117	-49	3	-9	2	det1=true
[14327]	98	117	-33	-29	-2	-9	det1=true
[14328]	98	117	-42	-29	-2	9	det1=true
[14329]	98	117	-19	-2	-1	-10	det1=true
[14330]	99	117	-25	-2	-10	-1	det1=true
[14331]	99	117	-26	-2	-10	1	det1=true
[14332]	101	117	-44	-4	-8	-5	det1=true
[14333]	101	117	-49	-4	-8	5	det1=true
[14334]	105	117	-48	-8	-8	-5	det1=true
[14335]	105	117	-53	-8	-8	5	det1=true
[14336]	111	117	-50	-44	-7	-5	det1=true
[14337]	111	117	-55	-44	-7	5	det1=true
[14338]	111	117	-41	-21	-2	10	det1=true
[14339]	116	117	-51	-1	-10	-1	det1=true
[14340]	116	117	-52	-1	-10	1	det1=true
[14341]	38	118	-10	-1	-4	5	det1=true
[14342]	53	118	-25	-8	-6	4	det1=true
[14343]	56	118	-3	1	-6	-5	det1=true
[14344]	59	118	-19	-9	-5	6	det1=true
[14345]	63	118	-21	1	-8	1	det1=true
[14346]	63	118	-19	-3	-8	-1	det1=true
[14347]	67	118	-4	1	-8	-3	det1=true
[14348]	67	118	-7	1	-8	3	det1=true
[14349]	69	118	-29	-7	-4	-7	det1=true
[14350]	69	118	-36	-7	-4	7	det1=true
[14351]	70	118	-22	-15	-2	-8	det1=true
[14352]	70	118	-30	-15	-2	8	det1=true
[14353]	72	118	-33	-8	-8	2	det1=true
[14354]	74	118	-21	-14	-3	-8	det1=true
[14355]	74	118	-29	-14	-3	8	det1=true
[14356]	76	118	-27	-13	-8	-3	det1=true
[14357]	76	118	-30	-13	-8	3	det1=true
[14358]	87	118	-39	-32	-2	-8	det1=true
[14359]	87	118	-47	-32	-2	8	det1=true
[14360]	92	118	-4	-1	-6	-8	det1=true
[14361]	92	118	-12	-1	-6	8	det1=true
[14362]	93	118	-9	5	-10	-1	det1=true
[14363]	101	118	-11	1	-10	-3	det1=true
[14364]	101	118	-14	1	-10	3	det1=true
[14365]	103	118	-29	-14	-6	-8	det1=true
[14366]	103	118	-37	-14	-6	8	det1=true
[14367]	104	118	-28	-19	-10	-1	det1=true
[14368]	104	118	-29	-19	-10	1	det1=true
[14369]	106	118	-37	-20	-8	6	det1=true
[14370]	108	118	-26	-23	-2	-10	det1=true
[14371]	109	118	-19	-9	-7	-8	det1=true
[14372]	109	118	-27	-9	-7	8	det1=true
[14373]	110	118	-43	2	-10	2	det1=true
[14374]	112	118	-51	-22	-5	-8	det1=true
[14375]	112	118	-42	-15	-6	-8	det1=true
[14376]	112	118	-50	-15	-6	8	det1=true
[14377]	118	118	-85	-22	-4	-6	det1=true
[14378]	118	118	-91	-22	-4	6	det1=true
[14379]	49	119	-7	-2	-2	-7	det1=true
[14380]	49	119	-14	-2	-2	7	det1=true
[14381]	62	119	-23	-3	-1	8	det1=true
[14382]	64	119	-11	-8	-8	-2	det1=true
[14383]	64	119	-13	-8	-8	2	det1=true
[14384]	69	119	-28	-13	-1	-8	det1=true
[14385]	71	119	-25	-1	-5	7	det1=true
[14386]	72	119	-33	-17	-8	-1	det1=true
[14387]	72	119	-34	-17	-8	1	det1=true
[14388]	75	119	-35	-17	-8	2	det1=true
[14389]	78	119	-35	-27	-1	-8	det1=true
[14390]	78	119	-43	-27	-1	8	det1=true
[14391]	79	119	-19	-3	-1	-9	det1=true
[14392]	79	119	-28	-3	-1	9	det1=true
[14393]	80	119	-35	-10	-3	-8	det1=true
[14394]	80	119	-43	-10	-3	8	det1=true
[14395]	88	119	-31	-9	-7	-6	det1=true
[14396]	88	119	-37	-9	-7	6	det1=true
[14397]	89	119	-34	-2	-6	-7	det1=true
[14398]	89	119	-41	-2	-6	7	det1=true
[14399]	89	119	-24	-23	-7	-6	det1=true
[14400]	89	119	-30	-23	-7	6	det1=true
[14401]	90	119	-33	-11	-2	-9	det1=true
[14402]	90	119	-42	-11	-2	9	det1=true
[14403]	90	119	-29	-3	-5	-8	det1=true
[14404]	95	119	-46	-13	-9	-1	det1=true
[14405]	95	119	-30	-29	-7	-6	det1=true
[14406]	97	119	-43	-35	-5	-7	det1=true
[14407]	97	119	-25	2	-10	-1	det1=true
[14408]	97	119	-26	2	-10	1	det1=true
[14409]	99	119	-20	-16	-1	-10	det1=true
[14410]	99	119	-30	-16	-1	10	det1=true
[14411]	103	119	-50	-25	-9	-1	det1=true
[14412]	103	119	-51	-25	-9	1	det1=true
[14413]	103	119	-31	-13	-6	-8	det1=true
[14414]	104	119	-45	-19	-8	-5	det1=true
[14415]	104	119	-50	-19	-8	5	det1=true
[14416]	107	119	-43	-40	-1	-9	det1=true
[14417]	107	119	-52	-40	-1	9	det1=true
[14418]	107	119	-18	-5	-7	-8	det1=true
[14419]	107	119	-26	-5	-7	8	det1=true
[14420]	107	119	-16	-9	-7	-8	det1=true
[14421]	109	119	-51	-26	-6	-7	det1=true
[14422]	109	119	-58	-26	-6	7	det1=true
[14423]	109	119	-52	-34	-9	1	det1=true
[14424]	109	119	-47	-38	-1	-9	det1=true
[14425]	109	119	-56	-38	-1	9	det1=true
[14426]	111	119	-50	-24	-5	-8	det1=true
[14427]	111	119	-58	-24	-5	8	det1=true
[14428]	113	119	-41	-7	-9	-5	det1=true
[14429]	113	119	-46	-7	-9	5	det1=true
[14430]	113	119	-14	-4	-11	-1	det1=true
[14431]	113	119	-15	-4	-11	1	det1=true
[14432]	115	119	-43	0	-5	-9	det1=true
[14433]	115	119	-52	0	-5	9	det1=true
[14434]	117	119	-38	-34	-1	-10	det1=true
[14435]	117	119	-48	-34	-1	10	det1=true
[14436]	119	119	-46	-43	-5	-8	det1=true
[14437]	119	119	-54	-43	-5	8	det1=true
[14438]	38	120	-9	-1	-4	-5	det1=true
[14439]	38	120	-14	-1	-4	5	det1=true
[14440]	39	120	-12	-11	-2	-6	det1=true
[14441]	49	120	-15	-5	-2	7	det1=true
[14442]	67	120	-21	-19	-7	-4	det1=true
[14443]	67	120	-25	-19	-7	4	det1=true
[14444]	67	120	-27	-22	-1	8	det1=true
[14445]	70	120	-31	-14	-7	-4	det1=true
[14446]	70	120	-35	-14	-7	4	det1=true
[14447]	80	120	1	2	-5	-8	det1=true
[14448]	87	120	-27	-16	-7	-6	det1=true
[14449]	87	120	-33	-16	-7	6	det1=true
[14450]	88	120	-40	-35	-2	-8	det1=true
[14451]	88	120	-48	-35	-2	8	det1=true
[14452]	91	120	-4	1	-10	-1	det1=true
[14453]	91	120	-5	1	-10	1	det1=true
[14454]	92	120	-12	5	-10	-1	det1=true
[14455]	92	120	-13	5	-10	1	det1=true
[14456]	92	120	-5	-7	-1	-10	det1=true
[14457]	92	120	-15	-7	-1	10	det1=true
[14458]	94	120	-29	-22	-5	-8	det1=true
[14459]	94	120	-37	-22	-5	8	det1=true
[14460]	95	120	-18	-19	-4	-9	det1=true
[14461]	95	120	-27	-19	-4	9	det1=true
[14462]	96	120	-47	-3	-9	-2	det1=true
[14463]	96	120	-49	-3	-9	2	det1=true
[14464]	96	120	-38	-13	-8	-5	det1=true
[14465]	96	120	-43	-13	-8	5	det1=true
[14466]	102	120	-31	2	-10	-2	det1=true
[14467]	102	120	-33	2	-10	2	det1=true
[14468]	104	120	-10	-7	-8	-7	det1=true
[14469]	104	120	-17	-7	-8	7	det1=true
[14470]	105	120	-43	-33	-8	5	det1=true
[14471]	106	120	-23	-26	-2	-10	det1=true
[14472]	107	120	-43	-3	-10	-1	det1=true
[14473]	107	120	-44	-3	-10	1	det1=true
[14474]	107	120	-16	1	-10	-4	det1=true
[14475]	107	120	-20	1	-10	4	det1=true
[14476]	107	120	-9	-10	-4	-10	det1=true
[14477]	108	120	-27	-26	-2	-10	det1=true
[14478]	109	120	-22	3	-10	-4	det1=true
[14479]	109	120	-26	3	-10	4	det1=true
[14480]	109	120	-17	-4	-9	-6	det1=true
[14481]	109	120	-23	-4	-9	6	det1=true
[14482]	110	120	-38	-11	-2	-10	det1=true
[14483]	110	120	-48	-11	-2	10	det1=true
[14484]	112	120	-45	-19	-10	1	det1=true
[14485]	113	120	-53	-18	-9	4	det1=true
[14486]	113	120	-48	-7	-10	2	det1=true
[14487]	113	120	-23	-11	-6	-9	det1=true
[14488]	113	120	-32	-11	-6	9	det1=true
[14489]	116	120	-31	-8	-9	-6	det1=true
[14490]	116	120	-37	-8	-9	6	det1=true
[14491]	117	120	-64	-15	-6	-7	det1=true
[14492]	117	120	-53	-22	-2	10	det1=true
[14493]	118	120	-54	-7	-10	2	det1=true
[14494]	25	117	-11	-1	-5	1	det1=true
[14495]	59	117	-26	-18	-7	-2	det1=true
[14496]	61	117	-19	-18	-3	-7	det1=true
[14497]	61	117	-26	-18	-3	7	det1=true
[14498]	62	117	-15	1	-8	-1	det1=true
[14499]	63	117	-16	-3	-7	-4	det1=true
[14500]	63	117	-20	-3	-7	4	det1=true
[14501]	64	117	-19	-3	-7	-4	det1=true
[14502]	64	117	-23	-3	-7	4	det1=true
[14503]	66	117	-14	-9	-8	-2	det1=true
[14504]	68	117	-25	-10	-1	-8	det1=true
[14505]	69	117	-28	-12	-8	-1	det1=true
[14506]	69	117	-29	-12	-8	1	det1=true
[14507]	74	117	-25	-28	-1	-8	det1=true
[14508]	74	117	-33	-28	-1	8	det1=true
[14509]	87	117	-21	-2	-8	-5	det1=true
[14510]	88	117	-25	-15	-6	-7	det1=true
[14511]	88	117	-32	-15	-6	7	det1=true
[14512]	92	117	-26	-15	-8	-5	det1=true
[14513]	96	117	-29	-21	-5	-8	det1=true
[14514]	96	117	-37	-21	-5	8	det1=true
[14515]	97	117	-38	-5	-9	-3	det1=true
[14516]	99	117	-35	-19	-9	-3	det1=true
[14517]	99	117	-38	-19	-9	3	det1=true
[14518]	99	117	-32	-22	-3	-9	det1=true
[14519]	99	117	-41	-22	-3	9	det1=true
[14520]	100	117	-23	2	-10	2	det1=true
[14521]	100	117	-17	-8	-10	-2	det1=true
[14522]	100	117	-19	-8	-10	2	det1=true
[14523]	101	117	-18	-8	-2	-10	det1=true
[14524]	102	117	-53	-15	-6	7	det1=true
[14525]	103	117	-42	-26	-2	-9	det1=true
[14526]	103	117	-51	-26	-2	9	det1=true
[14527]	103	117	-37	-26	-8	-5	det1=true
[14528]	103	117	-34	-28	-3	-9	det1=true
[14529]	104	117	-41	-21	-5	-8	det1=true
[14530]	104	117	-49	-21	-5	8	det1=true
[14531]	105	117	-38	-28	-5	-8	det1=true
[14532]	105	117	-46	-28	-5	8	det1=true
[14533]	107	117	-46	-20	-8	-5	det1=true
[14534]	108	117	-12	-1	-10	4	det1=true
[14535]	109	117	-50	-27	-9	-2	det1=true
[14536]	109	117	-52	-27	-9	2	det1=true
[14537]	110	117	-12	-7	-4	-10	det1=true
[14538]	111	117	-31	-21	-2	-10	det1=true
[14539]	112	117	-19	1	-9	-6	det1=true
[14540]	112	117	-25	1	-9	6	det1=true
[14541]	114	117	-41	-39	-5	-8	det1=true
[14542]	34	118	-4	1	-6	-1	det1=true
[14543]	34	118	-5	1	-6	1	det1=true
[14544]	49	118	-7	1	-7	-2	det1=true
[14545]	49	118	-9	1	-7	2	det1=true
[14546]	67	118	-19	-6	-2	-8	det1=true
[14547]	67	118	-27	-6	-2	8	det1=true
[14548]	72	118	-31	-8	-8	-2	det1=true
[14549]	75	118	-29	-27	-1	-8	det1=true
[14550]	84	118	-14	-3	-8	-5	det1=true
[14551]	84	118	-19	-3	-8	5	det1=true
[14552]	84	118	-13	-5	-8	-5	det1=true
[14553]	84	118	-18	-5	-8	5	det1=true
[14554]	85	118	-40	-17	-8	-3	det1=true
[14555]	94	118	-39	-9	-8	5	det1=true
[14556]	98	118	-25	2	-8	-6	det1=true
[14557]	100	118	-22	-3	-10	-2	det1=true
[14558]	100	118	-24	-3	-10	2	det1=true
[14559]	103	118	-31	-19	-4	-9	det1=true
[14560]	104	118	-17	-5	-3	-10	det1=true
[14561]	104	118	-27	-5	-3	10	det1=true
[14562]	106	118	-31	-20	-8	-6	det1=true
[14563]	106	118	-21	-24	-2	-10	det1=true
[14564]	108	118	-36	-23	-2	10	det1=true
[14565]	110	118	-41	2	-10	-2	det1=true
[14566]	114	118	-47	-33	-5	-8	det1=true
[14567]	114	118	-55	-33	-5	8	det1=true
[14568]	114	118	-48	-1	-10	2	det1=true
[14569]	117	118	-51	-32	-5	-8	det1=true
[14570]	117	118	-31	-2	-9	-6	det1=true
[14571]	117	118	-37	-2	-9	6	det1=true
[14572]	118	118	-30	-15	-10	-4	det1=true
[14573]	118	118	-34	-15	-10	4	det1=true
[14574]	34	119	-6	-1	-6	-1	det1=true
[14575]	51	119	-22	-5	-1	-7	det1=true
[14576]	51	119	-29	-5	-1	7	det1=true
[14577]	67	119	-8	0	-8	-3	det1=true
[14578]	67	119	-11	0	-8	3	det1=true
[14579]	71	119	-24	0	-7	5	det1=true
[14580]	78	119	-31	-26	-2	-8	det1=true
[14581]	78	119	-39	-26	-2	8	det1=true
[14582]	81	119	-2	-1	-5	-8	det1=true
[14583]	81	119	-10	-1	-5	8	det1=true
[14584]	84	119	-17	-1	-8	-5	det1=true
[14585]	84	119	-22	-1	-8	5	det1=true
[14586]	89	119	-34	-16	-1	-9	det1=true
[14587]	89	119	-43	-16	-1	9	det1=true
[14588]	91	119	-11	1	-6	8	det1=true
[14589]	92	119	-41	-31	-3	-8	det1=true
[14590]	92	119	-49	-31	-3	8	det1=true
[14591]	92	119	-39	-1	-8	5	det1=true
[14592]	93	119	-34	-8	-8	-5	det1=true
[14593]	94	119	-16	-3	-8	-6	det1=true
[14594]	94	119	-22	-3	-8	6	det1=true
[14595]	95	119	-47	-13	-9	1	det1=true
[14596]	95	119	-36	-29	-7	6	det1=true
[14597]	100	119	-28	-7	-6	-8	det1=true
[14598]	100	119	-36	-7	-6	8	det1=true
[14599]	101	119	-15	4	-10	-3	det1=true
[14600]	101	119	-18	4	-10	3	det1=true
[14601]	103	119	-44	-26	-6	-7	det1=true
[14602]	103	119	-51	-26	-6	7	det1=true
[14603]	103	119	-39	-13	-6	8	det1=true
[14604]	107	119	-24	-9	-7	8	det1=true
[14605]	37	120	-2	1	-4	-5	det1=true
[14606]	37	120	-7	1	-4	5	det1=true
[14607]	67	120	-19	-22	-1	-8	det1=true
[14608]	68	120	-23	-12	-8	-2	det1=true
[14609]	68	120	-25	-12	-8	2	det1=true
[14610]	70	120	-29	-17	-1	-8	det1=true
[14611]	78	120	-11	-3	-9	-2	det1=true
[14612]	78	120	-13	-3	-9	2	det1=true
[14613]	84	120	-31	0	-9	2	det1=true
[14614]	85	120	-45	-17	-8	3	det1=true
[14615]	88	120	-43	-32	-8	-2	det1=true
[14616]	88	120	-45	-32	-8	2	det1=true
[14617]	93	120	-37	1	-8	-5	det1=true
[14618]	93	120	-42	1	-8	5	det1=true
[14619]	93	120	-16	3	-10	-1	det1=true
[14620]	93	120	-17	3	-10	1	det1=true
[14621]	93	120	-21	-4	-1	10	det1=true
[14622]	97	120	-17	-16	-1	-10	det1=true
[14623]	97	120	-27	-16	-1	10	det1=true
[14624]	99	120	-37	-23	-8	-5	det1=true
[14625]	103	120	-47	-42	-3	-8	det1=true
[14626]	103	120	-55	-42	-3	8	det1=true
[14627]	107	120	-32	-25	-10	-1	det1=true
[14628]	107	120	-33	-25	-10	1	det1=true
[14629]	107	120	-7	-7	-6	-9	det1=true
[14630]	107	120	-16	-7	-6	9	det1=true
[14631]	109	120	-18	-17	-8	-7	det1=true
[14632]	109	120	-25	-17	-8	7	det1=true
[14633]	112	120	-39	-26	-8	-6	det1=true
[14634]	112	120	-45	-26	-8	6	det1=true
[14635]	113	120	-30	-1	-10	-4	det1=true
[14636]	113	120	-34	-1	-10	4	det1=true
[14637]	115	120	-28	-15	-10	-4	det1=true
[14638]	117	120	-51	-4	-1	-10	det1=true
[14639]	117	120	-61	-4	-1	10	det1=true
[14640]	118	120	-55	-9	-10	-1	det1=true
[14641]	118	120	-56	-9	-10	1	det1=true
[14642]	118	120	-47	-24	-3	10	det1=true
[14643]	119	120	-81	-23	-5	-6	det1=true
[14644]	119	120	-87	-23	-5	6	det1=true
[14645]	119	120	-40	1	-10	-4	det1=true
[14646]	119	120	-44	1	-10	4	det1=true
[14647]	120	120	-79	-22	-1	-8	det1=true
[14648]	25	117	-10	-1	-5	-1	det1=true
[14649]	38	117	-3	1	-5	-4	det1=true
[14650]	38	117	-7	1	-5	4	det1=true
[14651]	53	117	-19	-17	-1	-7	det1=true
[14652]	53	117	-26	-17	-1	7	det1=true
[14653]	54	117	-18	-11	-2	-7	det1=true
[14654]	54	117	-25	-11	-2	7	det1=true
[14655]	65	117	-10	-8	-2	-8	det1=true
[14656]	65	117	-18	-8	-2	8	det1=true
[14657]	66	117	-16	-9	-8	2	det1=true
[14658]	75	117	-28	-26	-7	-4	det1=true
[14659]	75	117	-32	-26	-7	4	det1=true
[14660]	79	117	-10	3	-9	2	det1=true
[14661]	85	117	-26	-3	-9	-2	det1=true
[14662]	85	117	-28	-3	-9	2	det1=true
[14663]	86	117	-24	1	-8	5	det1=true
[14664]	90	117	-23	-12	-5	-8	det1=true
[14665]	90	117	-31	-12	-5	8	det1=true
[14666]	93	117	-37	-6	-6	-7	det1=true
[14667]	93	117	-44	-6	-6	7	det1=true
[14668]	97	117	-15	-10	-10	-1	det1=true
[14669]	99	117	-40	-5	-5	-8	det1=true
[14670]	99	117	-48	-5	-5	8	det1=true
[14671]	99	117	-41	-6	-8	-5	det1=true
[14672]	99	117	-46	-6	-8	5	det1=true
[14673]	102	117	-45	-17	-2	-9	det1=true
[14674]	102	117	-54	-17	-2	9	det1=true
[14675]	103	117	-40	-25	-9	3	det1=true
[14676]	108	117	-50	-13	-8	-5	det1=true
[14677]	108	117	-55	-13	-8	5	det1=true
[14678]	108	117	-29	-18	-10	-2	det1=true
[14679]	108	117	-31	-18	-10	2	det1=true
[14680]	108	117	-8	-1	-10	-4	det1=true
[14681]	111	117	-41	1	-10	-2	det1=true
[14682]	111	117	-43	1	-10	2	det1=true
[14683]	117	117	-53	-2	-10	1	det1=true
[14684]	38	118	-19	-15	-1	6	det1=true
[14685]	56	118	-8	1	-6	5	det1=true
[14686]	63	118	-20	1	-8	-1	det1=true
[14687]	68	118	-10	-1	-8	-3	det1=true
[14688]	68	118	-13	-1	-8	3	det1=true
[14689]	82	118	-39	-9	-8	-3	det1=true
[14690]	82	118	-42	-9	-8	3	det1=true
[14691]	87	118	-28	-1	-8	5	det1=true
[14692]	94	118	-34	-9	-8	-5	det1=true
[14693]	96	118	-19	-3	-10	-1	det1=true
[14694]	96	118	-20	-3	-10	1	det1=true
[14695]	96	118	-10	5	-10	-2	det1=true
[14696]	96	118	-12	5	-10	2	det1=true
[14697]	98	118	-31	2	-8	6	det1=true
[14698]	103	118	-40	-19	-4	9	det1=true
[14699]	106	118	-21	-11	-10	-3	det1=true
[14700]	106	118	-24	-11	-10	3	det1=true
[14701]	107	118	-49	-43	-8	-3	det1=true
[14702]	107	118	-38	-21	-8	6	det1=true
[14703]	112	118	-34	-23	-10	-2	det1=true
[14704]	112	118	-36	-23	-10	2	det1=true
[14705]	113	118	-52	-23	-4	9	det1=true
[14706]	116	118	-39	-1	-3	-10	det1=true
[14707]	116	118	-49	-1	-3	10	det1=true
[14708]	23	119	-5	2	-4	-3	det1=true
[14709]	23	119	-8	2	-4	3	det1=true
[14710]	34	119	-7	-1	-6	1	det1=true
[14711]	42	119	-10	-1	-6	-3	det1=true
[14712]	42	119	-13	-1	-6	3	det1=true
[14713]	53	119	-11	1	-3	7	det1=true
[14714]	63	119	-16	-4	-2	8	det1=true
[14715]	68	119	-23	-18	-7	-4	det1=true
[14716]	68	119	-27	-18	-7	4	det1=true
[14717]	69	119	-36	-13	-1	8	det1=true
[14718]	70	119	-31	-22	-5	-6	det1=true
[14719]	70	119	-37	-22	-5	6	det1=true
[14720]	85	119	-27	-2	-6	-7	det1=true
[14721]	85	119	-34	-2	-6	7	det1=true
[14722]	88	119	-39	-26	-3	-8	det1=true
[14723]	88	119	-47	-26	-3	8	det1=true
[14724]	88	119	-37	-15	-2	9	det1=true
[14725]	90	119	-37	-3	-5	8	det1=true
[14726]	91	119	-41	-30	-8	-3	det1=true
[14727]	91	119	-44	-30	-8	3	det1=true
[14728]	93	119	-39	-8	-8	5	det1=true
[14729]	96	119	-29	-25	-8	-5	det1=true
[14730]	103	119	-43	-28	-2	-9	det1=true
[14731]	103	119	-52	-28	-2	9	det1=true
[14732]	103	119	-22	-9	-5	-9	det1=true
[14733]	103	119	-31	-9	-5	9	det1=true
[14734]	105	119	-22	-3	-3	-10	det1=true
[14735]	105	119	-32	-3	-3	10	det1=true
[14736]	107	119	-47	-36	-9	-1	det1=true
[14737]	107	119	-48	-36	-9	1	det1=true
[14738]	108	119	-11	1	-6	-9	det1=true
[14739]	108	119	-20	1	-6	9	det1=true
[14740]	113	119	-54	-46	-8	-3	det1=true
[14741]	113	119	-57	-46	-8	3	det1=true
[14742]	113	119	-26	-16	-8	-7	det1=true
[14743]	113	119	-33	-16	-8	7	det1=true
[14744]	114	119	-53	-48	-3	-8	det1=true
[14745]	114	119	-61	-48	-3	8	det1=true
[14746]	117	119	-50	-42	-9	-2	det1=true
[14747]	117	119	-52	-42	-9	2	det1=true
[14748]	117	119	-27	1	-11	-1	det1=true
[14749]	117	119	-28	1	-11	1	det1=true
[14750]	117	119	-22	-4	-1	-11	det1=true
[14751]	117	119	-33	-4	-1	11	det1=true
[14752]	119	119	-50	-20	-8	-6	det1=true
[14753]	119	119	-56	-20	-8	6	det1=true
[14754]	61	120	-11	-9	-1	-8	det1=true
[14755]	61	120	-19	-9	-1	8	det1=true
[14756]	69	120	-22	-23	-4	-7	det1=true
[14757]	70	120	-37	-17	-1	8	det1=true
[14758]	74	120	-41	-22	-1	8	det1=true
[14759]	74	120	-33	-22	-7	-4	det1=true
[14760]	80	120	-7	2	-5	8	det1=true
[14761]	94	120	-7	2	-10	-2	det1=true
[14762]	94	120	-9	2	-10	2	det1=true
[14763]	98	120	-23	-13	-10	-1	det1=true
[14764]	104	120	-39	-1	-10	-1	det1=true
[14765]	104	120	-40	-1	-10	1	det1=true
[14766]	104	120	-37	-18	-9	-4	det1=true
[14767]	104	120	-28	-23	-10	-1	det1=true
[14768]	104	120	-29	-23	-10	1	det1=true
[14769]	105	120	-10	-1	-10	4	det1=true
[14770]	109	120	-32	-23	-10	-2	det1=true
[14771]	109	120	-34	-23	-10	2	det1=true
[14772]	110	120	-40	-21	-10	-1	det1=true
[14773]	110	120	-41	-21	-10	1	det1=true
[14774]	112	120	-44	-19	-10	-1	det1=true
[14775]	113	120	-42	-11	-2	-10	det1=true
[14776]	113	120	-52	-11	-2	10	det1=true
[14777]	114	120	-49	-8	-10	2	det1=true
[14778]	115	120	-32	-15	-10	4	det1=true
[14779]	117	120	-53	-33	-8	-5	det1=true
[14780]	117	120	-58	-33	-8	5	det1=true
[14781]	117	120	-52	-15	-10	-1	det1=true
[14782]	117	120	-53	-15	-10	1	det1=true
[14783]	118	120	-37	-24	-3	-10	det1=true
[14784]	51	117	-19	-8	-1	-7	det1=true
[14785]	51	117	-26	-8	-1	7	det1=true
[14786]	62	117	-16	1	-8	1	det1=true
[14787]	81	117	-30	-17	-5	-7	det1=true
[14788]	81	117	-37	-17	-5	7	det1=true
[14789]	84	117	-11	-1	-5	-8	det1=true
[14790]	84	117	-19	-1	-5	8	det1=true
[14791]	91	117	-35	-32	-5	-7	det1=true
[14792]	91	117	-42	-32	-5	7	det1=true
[14793]	93	117	-36	-8	-2	-9	det1=true
[14794]	97	117	-35	-8	-3	-9	det1=true
[14795]	98	117	-29	-2	-1	10	det1=true
[14796]	100	117	-29	-15	-1	10	det1=true
[14797]	101	117	-16	-12	-2	-10	det1=true
[14798]	101	117	-26	-12	-2	10	det1=true
[14799]	108	117	-25	-22	-2	-10	det1=true
[14800]	108	117	-35	-22	-2	10	det1=true
[14801]	108	117	-5	-4	-4	-10	det1=true
[14802]	108	117	-15	-4	-4	10	det1=true
[14803]	112	117	-47	-36	-9	-2	det1=true
[14804]	112	117	-49	-36	-9	2	det1=true
[14805]	113	117	-50	-22	-3	-9	det1=true
[14806]	113	117	-59	-22	-3	9	det1=true
[14807]	114	117	-49	-39	-5	8	det1=true
[14808]	38	118	-13	-15	-1	-6	det1=true
[14809]	63	118	-17	-1	-4	-7	det1=true
[14810]	63	118	-24	-1	-4	7	det1=true
[14811]	76	118	-33	-18	-8	-2	det1=true
[14812]	76	118	-35	-18	-8	2	det1=true
[14813]	76	118	-37	-27	-4	7	det1=true
[14814]	85	118	-25	1	-2	-9	det1=true
[14815]	85	118	-34	1	-2	9	det1=true
[14816]	87	118	-23	-1	-8	-5	det1=true
[14817]	89	118	-23	-11	-5	-8	det1=true
[14818]	89	118	-31	-11	-5	8	det1=true
[14819]	91	118	-37	-33	-3	-8	det1=true
[14820]	91	118	-45	-33	-3	8	det1=true
[14821]	96	118	-21	-13	-4	-9	det1=true
[14822]	96	118	-30	-13	-4	9	det1=true
[14823]	105	118	-8	-5	-8	-7	det1=true
[14824]	105	118	-15	-5	-8	7	det1=true
[14825]	107	118	-52	-43	-8	3	det1=true
[14826]	107	118	-32	-21	-8	-6	det1=true
[14827]	108	118	-4	-5	-6	-9	det1=true
[14828]	108	118	-13	-5	-6	9	det1=true
[14829]	56	119	-22	-19	-6	-4	det1=true
[14830]	56	119	-26	-19	-6	4	det1=true
[14831]	56	119	-7	3	-6	-5	det1=true
[14832]	56	119	-12	3	-6	5	det1=true
[14833]	58	119	-13	-6	-5	-6	det1=true
[14834]	61	119	-14	-7	-7	4	det1=true
[14835]	77	119	-17	0	-9	-1	det1=true
[14836]	77	119	-18	0	-9	1	det1=true
[14837]	87	119	-37	-6	-9	-1	det1=true
[14838]	87	119	-38	-6	-9	1	det1=true
[14839]	87	119	-33	-10	-1	-9	det1=true
[14840]	87	119	-42	-10	-1	9	det1=true
[14841]	95	119	-42	-33	-5	-7	det1=true
[14842]	95	119	-49	-33	-5	7	det1=true
[14843]	107	119	-40	-38	-6	-7	det1=true
[14844]	107	119	-47	-38	-6	7	det1=true
[14845]	116	119	-37	-19	-10	-3	det1=true
[14846]	116	119	-40	-19	-10	3	det1=true
[14847]	118	119	-25	-21	-9	-6	det1=true
[14848]	118	119	-31	-21	-9	6	det1=true
[14849]	68	120	-30	-11	-8	-1	det1=true
[14850]	74	120	-37	-22	-7	4	det1=true
[14851]	92	120	-7	-3	-1	-10	det1=true
[14852]	92	120	-17	-3	-1	10	det1=true
[14853]	96	120	-19	-11	-10	-1	det1=true
[14854]	96	120	-20	-11	-10	1	det1=true
[14855]	98	120	-24	-13	-10	1	det1=true
[14856]	99	120	-42	-23	-8	5	det1=true
[14857]	104	120	-41	-18	-9	4	det1=true
[14858]	105	120	-6	-1	-10	-4	det1=true
[14859]	105	120	-3	-4	-4	-10	det1=true
[14860]	105	120	-13	-4	-4	10	det1=true
[14861]	107	120	-39	-4	-1	-10	det1=true
[14862]	107	120	-49	-4	-1	10	det1=true
[14863]	113	120	-19	-17	-6	-9	det1=true
[14864]	113	120	-28	-17	-6	9	det1=true
[14865]	114	120	-47	-8	-10	-2	det1=true
[14866]	44	117	-13	-5	-3	-6	det1=true
[14867]	44	117	-19	-5	-3	6	det1=true
[14868]	51	117	-14	-16	-1	-7	det1=true
[14869]	51	117	-21	-16	-1	7	det1=true
[14870]	66	117	-11	-12	-2	-8	det1=true
[14871]	66	117	-19	-12	-2	8	det1=true
[14872]	78	117	-35	-24	-1	-8	det1=true
[14873]	78	117	-43	-24	-1	8	det1=true
[14874]	84	117	-36	-29	-2	-8	det1=true
[14875]	84	117	-44	-29	-2	8	det1=true
[14876]	88	117	-24	-17	-2	-9	det1=true
[14877]	88	117	-33	-17	-2	9	det1=true
[14878]	110	117	-22	-7	-4	10	det1=true
[14879]	111	117	-49	-45	-5	-7	det1=true
[14880]	111	117	-56	-45	-5	7	det1=true
[14881]	49	118	-10	-1	-4	-6	det1=true
[14882]	49	118	-16	-1	-4	6	det1=true
[14883]	59	118	-13	-9	-5	-6	det1=true
[14884]	63	118	-20	-3	-8	1	det1=true
[14885]	69	118	-29	-21	-6	-5	det1=true
[14886]	77	118	-37	-31	-1	8	det1=true
[14887]	103	118	-39	0	-9	-4	det1=true
[14888]	103	118	-43	0	-9	4	det1=true
[14889]	109	118	-39	-6	-1	-10	det1=true
[14890]	109	118	-49	-6	-1	10	det1=true
[14891]	109	118	-14	1	-4	-10	det1=true
[14892]	109	118	-24	1	-4	10	det1=true
[14893]	110	118	-12	-7	-6	-9	det1=true
[14894]	110	118	-21	-7	-6	9	det1=true
[14895]	111	118	-17	-5	-9	-6	det1=true
[14896]	111	118	-23	-5	-9	6	det1=true
[14897]	116	118	-29	-3	-9	-6	det1=true
[14898]	116	118	-35	-3	-9	6	det1=true
[14899]	50	119	-13	-8	-6	-4	det1=true
[14900]	61	119	-10	-7	-7	-4	det1=true
[14901]	62	119	-15	-3	-1	-8	det1=true
[14902]	67	119	-32	-20	-6	5	det1=true
[14903]	69	119	-28	-14	-7	-4	det1=true
[14904]	69	119	-32	-14	-7	4	det1=true
[14905]	71	119	-16	-8	-7	-5	det1=true
[14906]	77	119	-30	-8	-7	-5	det1=true
[14907]	77	119	-35	-8	-7	5	det1=true
[14908]	81	119	-34	-34	-1	-8	det1=true
[14909]	81	119	-42	-34	-1	8	det1=true
[14910]	89	119	-37	-29	-7	-5	det1=true
[14911]	89	119	-42	-29	-7	5	det1=true
[14912]	95	119	-20	4	-10	-1	det1=true
[14913]	95	119	-21	4	-10	1	det1=true
[14914]	95	119	-12	-11	-1	-10	det1=true
[14915]	95	119	-22	-11	-1	10	det1=true
[14916]	106	119	-37	-13	-10	-1	det1=true
[14917]	106	119	-38	-13	-10	1	det1=true
[14918]	108	119	-41	-33	-8	-5	det1=true
[14919]	108	119	-46	-33	-8	5	det1=true
[14920]	109	119	-31	-8	-10	-3	det1=true
[14921]	109	119	-34	-8	-10	3	det1=true
[14922]	110	119	-20	-15	-8	-7	det1=true
[14923]	110	119	-27	-15	-8	7	det1=true
[14924]	111	119	-20	-4	-9	-6	det1=true
[14925]	111	119	-26	-4	-9	6	det1=true
[14926]	113	119	-57	-30	-3	9	det1=true
[14927]	116	119	-45	-20	-1	-10	det1=true
[14928]	116	119	-55	-20	-1	10	det1=true
[14929]	117	119	-32	-5	-9	-6	det1=true
[14930]	117	119	-38	-5	-9	6	det1=true
[14931]	68	120	-31	-11	-8	1	det1=true
[14932]	69	120	-29	-23	-4	7	det1=true
[14933]	74	120	-35	-19	-7	-4	det1=true
[14934]	78	120	-9	-4	-7	-6	det1=true
[14935]	78	120	-15	-4	-7	6	det1=true
[14936]	93	120	-11	-4	-1	-10	det1=true
[14937]	94	120	-19	1	-10	-1	det1=true
[14938]	94	120	-20	1	-10	1	det1=true
[14939]	110	120	-39	-19	-1	-10	det1=true
[14940]	110	120	-49	-19	-1	10	det1=true
[14941]	114	120	-9	1	-2	-11	det1=true
[14942]	114	120	-20	1	-2	11	det1=true
[14943]	116	120	-28	-13	-6	-9	det1=true
[14944]	116	120	-37	-13	-6	9	det1=true
[14945]	117	120	-49	-15	-1	-10	det1=true
[14946]	117	120	-59	-15	-1	10	det1=true
[14947]	49	117	-15	-1	-1	-7	det1=true
[14948]	49	117	-22	-1	-1	7	det1=true
[14949]	63	117	-14	-7	-7	-4	det1=true
[14950]	63	117	-18	-7	-7	4	det1=true
[14951]	68	117	-21	-8	-8	-2	det1=true
[14952]	68	117	-23	-8	-8	2	det1=true
[14953]	75	117	-26	-29	-1	-8	det1=true
[14954]	75	117	-34	-29	-1	8	det1=true
[14955]	79	117	-6	2	-7	-6	det1=true
[14956]	79	117	-12	2	-7	6	det1=true
[14957]	91	117	-34	-6	-6	-7	det1=true
[14958]	91	117	-41	-6	-6	7	det1=true
[14959]	106	117	-11	3	-7	-8	det1=true
[14960]	106	117	-19	3	-7	8	det1=true
[14961]	110	117	-48	-23	-8	-5	det1=true
[14962]	110	117	-53	-23	-8	5	det1=true
[14963]	112	117	-45	-37	-7	-6	det1=true
[14964]	112	117	-51	-37	-7	6	det1=true
[14965]	117	117	-44	-40	-8	-5	det1=true
[14966]	53	118	-23	-2	-6	-4	det1=true
[14967]	53	118	-27	-2	-6	4	det1=true
[14968]	92	118	-21	-2	-9	4	det1=true
[14969]	102	118	-26	-5	-10	-2	det1=true
[14970]	102	118	-28	-5	-10	2	det1=true
[14971]	112	118	-36	-3	-10	-3	det1=true
[14972]	112	118	-39	-3	-10	3	det1=true
[14973]	115	118	-25	-20	-7	-8	det1=true
[14974]	115	118	-33	-20	-7	8	det1=true
[14975]	50	119	-17	-8	-6	4	det1=true
[14976]	61	119	-20	-10	-5	-6	det1=true
[14977]	61	119	-26	-10	-5	6	det1=true
[14978]	71	119	-21	-8	-7	5	det1=true
[14979]	73	119	-26	-4	-8	-3	det1=true
[14980]	73	119	-29	-4	-8	3	det1=true
[14981]	94	119	-15	-4	-6	-8	det1=true
[14982]	94	119	-23	-4	-6	8	det1=true
[14983]	97	119	-42	-38	-3	-8	det1=true
[14984]	97	119	-50	-38	-3	8	det1=true
[14985]	100	119	-29	-6	-8	-6	det1=true
[14986]	100	119	-35	-6	-8	6	det1=true
[14987]	111	119	-17	-13	-4	-10	det1=true
[14988]	111	119	-27	-13	-4	10	det1=true
[14989]	113	119	-48	-30	-3	-9	det1=true
[14990]	119	119	-51	-20	-10	-1	det1=true
[14991]	119	119	-52	-20	-10	1	det1=true
[14992]	63	120	-19	-5	-4	-7	det1=true
[14993]	98	120	-38	-19	-8	-5	det1=true
[14994]	98	120	-43	-19	-8	5	det1=true
[14995]	99	120	-31	3	-10	-1	det1=true
[14996]	108	120	-11	-8	-9	-6	det1=true
[14997]	108	120	-17	-8	-9	6	det1=true
[14998]	109	120	-16	-11	-10	-4	det1=true
[14999]	109	120	-20	-11	-10	4	det1=true
[15000]	113	120	-19	-20	-4	-10	det1=true
[15001]	113	120	-29	-20	-4	10	det1=true
[15002]	61	117	-8	2	-4	-7	det1=true
[15003]	61	117	-15	2	-4	7	det1=true
[15004]	101	117	-46	-19	-5	8	det1=true
[15005]	109	117	-20	3	-7	-8	det1=true
[15006]	109	117	-28	3	-7	8	det1=true
[15007]	117	117	-49	-40	-8	5	det1=true
[15008]	67	118	-25	-21	-6	-5	det1=true
[15009]	67	118	-30	-21	-6	5	det1=true
[15010]	73	118	-17	-16	-3	-8	det1=true
[15011]	73	118	-25	-16	-3	8	det1=true
[15012]	77	118	-29	-31	-1	-8	det1=true
[15013]	52	119	-20	-7	-6	-4	det1=true
[15014]	52	119	-24	-7	-6	4	det1=true
[15015]	52	119	-19	-8	-4	-6	det1=true
[15016]	52	119	-25	-8	-4	6	det1=true
[15017]	58	119	-11	-9	-5	-6	det1=true
[15018]	67	119	-27	-20	-6	-5	det1=true
[15019]	113	119	-24	-6	-9	-6	det1=true
[15020]	113	119	-30	-6	-9	6	det1=true
[15021]	64	120	-22	-9	-8	-1	det1=true
[15022]	64	120	-23	-9	-8	1	det1=true
[15023]	66	120	-23	0	-8	-2	det1=true
[15024]	66	120	-25	0	-8	2	det1=true
[15025]	96	120	-45	-4	-7	-6	det1=true
[15026]	96	120	-51	-4	-7	6	det1=true
[15027]	106	120	-7	1	-9	-6	det1=true
[15028]	106	120	-13	1	-9	6	det1=true
[15029]	109	120	-13	-14	-4	-10	det1=true
[15030]	109	120	-23	-14	-4	10	det1=true
[15031]	69	117	-26	0	-8	-2	det1=true
[15032]	69	117	-28	0	-8	2	det1=true
[15033]	93	117	-45	-8	-2	9	det1=true
[15034]	93	117	-32	-6	-8	-5	det1=true
[15035]	93	117	-37	-6	-8	5	det1=true
[15036]	98	117	-33	-20	-5	-8	det1=true
[15037]	98	117	-41	-20	-5	8	det1=true
[15038]	112	117	-23	-11	-8	-7	det1=true
[15039]	112	117	-30	-11	-8	7	det1=true
[15040]	60	118	-21	-11	-5	6	det1=true
[15041]	97	118	-19	-19	-4	-9	det1=true
[15042]	97	118	-28	-19	-4	9	det1=true
[15043]	107	118	-38	-9	-8	-6	det1=true
[15044]	107	118	-44	-9	-8	6	det1=true
[15045]	110	118	-27	-13	-3	-10	det1=true
[15046]	89	119	-38	-12	-9	-1	det1=true
[15047]	89	119	-39	-12	-9	1	det1=true
[15048]	90	119	-34	-9	-6	-7	det1=true
[15049]	90	119	-41	-9	-6	7	det1=true
[15050]	94	119	-31	-26	-7	-6	det1=true
[15051]	94	119	-37	-26	-7	6	det1=true
[15052]	107	119	-39	-12	-10	-1	det1=true
[15053]	107	119	-40	-12	-10	1	det1=true
[15054]	107	119	-20	2	-8	-7	det1=true
[15055]	107	119	-27	2	-8	7	det1=true
[15056]	65	120	-22	-13	-8	-1	det1=true
[15057]	73	120	-27	-5	-8	-3	det1=true
[15058]	73	120	-30	-5	-8	3	det1=true
[15059]	105	120	-5	2	-4	-10	det1=true
[15060]	105	120	-15	2	-4	10	det1=true
[15061]	56	117	-27	-4	-7	-2	det1=true
[15062]	56	117	-29	-4	-7	2	det1=true
[15063]	101	117	-38	-19	-5	-8	det1=true
[15064]	60	118	-15	-11	-5	-6	det1=true
[15065]	100	118	-21	-15	-1	-10	det1=true
[15066]	100	118	-31	-15	-1	10	det1=true
[15067]	112	118	-45	-33	-8	-5	det1=true
[15068]	112	118	-50	-33	-8	5	det1=true
[15069]	63	119	-11	-1	-8	-2	det1=true
[15070]	63	119	-13	-1	-8	2	det1=true
[15071]	99	119	-40	-24	-6	-7	det1=true
[15072]	99	119	-47	-24	-6	7	det1=true
[15073]	111	119	-26	-8	-7	-8	det1=true
[15074]	111	119	-34	-8	-7	8	det1=true
[15075]	106	120	-18	-5	-8	-7	det1=true
[15076]	106	120	-25	-5	-8	7	det1=true
[15077]	111	120	-28	-31	-2	-10	det1=true
[15078]	111	120	-38	-31	-2	10	det1=true
[15079]	113	120	-48	-13	-10	-1	det1=true
[15080]	113	120	-49	-13	-10	1	det1=true
[15081]	96	117	1	-2	-2	-10	det1=true
[15082]	96	117	-9	-2	-2	10	det1=true
[15083]	111	117	-14	-5	-9	-6	det1=true
[15084]	111	117	-20	-5	-9	6	det1=true
[15085]	92	118	-17	-2	-9	-4	det1=true
[15086]	95	118	-23	1	-4	-9	det1=true
[15087]	112	118	-43	-14	-8	-6	det1=true
[15088]	112	118	-49	-14	-8	6	det1=true
[15089]	70	119	-17	-7	-8	-3	det1=true
[15090]	70	119	-20	-7	-8	3	det1=true
[15091]	83	119	-32	-6	-8	-4	det1=true
[15092]	116	119	-48	-15	-6	-8	det1=true
[15093]	116	119	-56	-15	-6	8	det1=true
[15094]	84	120	-27	-1	-7	-6	det1=true
[15095]	84	120	-33	-1	-7	6	det1=true
[15096]	46	117	-17	-10	-3	-6	det1=true
[15097]	98	118	-41	-5	-8	-5	det1=true
[15098]	98	118	-46	-5	-8	5	det1=true
[15099]	100	118	-29	-13	-4	-9	det1=true
[15100]	100	118	-38	-13	-4	9	det1=true
[15101]	40	119	-19	-4	-6	-2	det1=true
[15102]	104	119	-28	-21	-6	-8	det1=true
[15103]	104	119	-36	-21	-6	8	det1=true
[15104]	119	119	-48	-24	-8	-6	det1=true
[15105]	119	119	-54	-24	-8	6	det1=true
[15106]	87	117	-20	-1	-5	-8	det1=true
[15107]	77	118	-29	-13	-8	-3	det1=true
[15108]	77	118	-32	-13	-8	3	det1=true
[15109]	108	118	-7	1	-6	-9	det1=true
[15110]	108	118	-16	1	-6	9	det1=true
[15111]	56	119	-20	-19	-2	-7	det1=true
[15112]	56	119	-27	-19	-2	7	det1=true
[15113]	111	120	-24	-7	-10	-4	det1=true
[15114]	111	120	-28	-7	-10	4	det1=true
[15115]	85	117	-14	-3	-5	-8	det1=true
[15116]	85	117	-22	-3	-5	8	det1=true
[15117]	76	119	-31	-7	-8	-3	det1=true
[15118]	76	119	-34	-7	-8	3	det1=true
[15119]	83	119	-12	-3	-5	-8	det1=true
[15120]	83	119	-20	-3	-5	8	det1=true
[15121]	102	119	-30	-13	-10	-1	det1=true
[15122]	102	119	-31	-13	-10	1	det1=true
[15123]	40	120	-17	-2	-5	-4	det1=true
[15124]	92	120	-18	-7	-4	-9	det1=true
[15125]	92	120	-27	-7	-4	9	det1=true
[15126]	111	120	-32	-27	-10	-2	det1=true
[15127]	54	117	-26	-9	-2	7	det1=true
[15128]	64	117	-17	-6	-1	-8	det1=true
[15129]	64	117	-25	-6	-1	8	det1=true
[15130]	96	117	-37	-5	-8	-5	det1=true
[15131]	91	118	-33	-15	-5	8	det1=true
[15132]	107	118	-37	-10	-6	-8	det1=true
[15133]	107	118	-45	-10	-6	8	det1=true
[15134]	118	118	-47	-23	-10	-1	det1=true
[15135]	86	119	-27	-9	-6	-7	det1=true
[15136]	86	119	-34	-9	-6	7	det1=true
[15137]	110	120	-37	-23	-1	-10	det1=true
[15138]	110	120	-47	-23	-1	10	det1=true
[15139]	111	120	-34	-27	-10	2	det1=true
[15140]	111	118	-34	-27	-10	-1	det1=true
[15141]	54	119	-22	-7	-2	-7	det1=true
[15142]	54	119	-29	-7	-2	7	det1=true
[15143]	107	119	-26	-17	-5	-9	det1=true
[15144]	107	119	-35	-17	-5	9	det1=true
[15145]	110	119	-41	-17	-10	-1	det1=true
[15146]	110	119	-42	-17	-10	1	det1=true
[15147]	51	117	-17	-13	-7	-1	det1=true
[15148]	108	118	-50	-49	-2	-8	det1=true
[15149]	108	118	-58	-49	-2	8	det1=true
[15150]	51	117	-22	-5	-7	-1	det1=true
[15151]	51	117	-23	-5	-7	1	det1=true
[15152]	51	117	-18	-13	-7	1	det1=true
[15153]	111	118	-35	-27	-10	1	det1=true
[15154]	108	120	-23	-5	-8	-7	det1=true
[15155]	54	117	-23	-2	-7	-2	det1=true
[15156]	54	117	-25	-2	-7	2	det1=true
[15157]	117	117	-31	-5	-10	-4	det1=true
[15158]	117	117	-35	-5	-10	4	det1=true
[15159]	109	118	-53	-41	-8	-3	det1=true
[15160]	109	118	-56	-41	-8	3	det1=true
[15161]	113	118	-44	-21	-4	-9	det1=true
[15162]	87	118	-43	-33	-8	-1	det1=true
[15163]	87	118	-44	-33	-8	1	det1=true
[15164]	113	118	-53	-21	-4	9	det1=true
[15165]	117	117	-38	-26	-10	-2	det1=true
[15166]	118	118	-49	-25	-9	-4	det1=true
[15167]	102	119	-47	-46	-2	-8	det1=true
[15168]	90	117	-28	1	-8	-5	det1=true
[15169]	29	119	-12	-10	-5	-2	det1=true
[15170]	29	119	-14	-10	-5	2	det1=true
[15171]	73	119	-19	-16	-8	-3	det1=true
[15172]	100	119	-47	-37	-8	-3	det1=true
[15173]	100	119	-50	-37	-8	3	det1=true
[15174]	73	117	-30	-19	-1	-8	det1=true
[15175]	73	117	-38	-19	-1	8	det1=true
[15176]	90	117	-33	1	-8	5	det1=true
[15177]	112	117	-13	-11	-9	-6	det1=true
[15178]	112	117	-19	-11	-9	6	det1=true
[15179]	41	117	-12	-11	-5	-4	det1=true
[15180]	37	118	-11	-13	-1	-6	det1=true
[15181]	37	118	-17	-13	-1	6	det1=true
[15182]	91	120	-1	0	-1	-10	det1=true
[15183]	91	120	-11	0	-1	10	det1=true
[15184]	103	120	-32	-3	-10	-2	det1=true
[15185]	103	120	-34	-3	-10	2	det1=true
[15186]	115	120	-34	3	-10	-4	det1=true
[15187]	88	120	-23	-13	-5	-8	det1=true
[15188]	88	120	-31	-13	-5	8	det1=true
[15189]	117	117	-28	-12	-10	-4	det1=true
[15190]	40	119	-17	-6	-2	-6	det1=true
[15191]	85	118	-26	3	-6	-7	det1=true
[15192]	85	118	-33	3	-6	7	det1=true
[15193]	29	120	-12	-11	-2	-5	det1=true
[15194]	41	120	-18	-7	-4	-5	det1=true
[15195]	104	117	-30	5	-10	-2	det1=true
[15196]	104	117	-32	5	-10	2	det1=true
[15197]	40	118	-19	0	-6	-2	det1=true
[15198]	40	118	-21	0	-6	2	det1=true
[15199]	33	121	-14	-6	-3	-5	det1=true
[15200]	33	121	-19	-6	-3	5	det1=true
[15201]	81	121	-40	-30	-8	-1	det1=true
[15202]	81	121	-41	-30	-8	1	det1=true
[15203]	60	121	-13	-2	-7	-4	det1=true
[15204]	88	121	-25	-23	-6	-7	det1=true
[15205]	88	121	-32	-23	-6	7	det1=true
[15206]	97	121	-27	3	-6	-8	det1=true
[15207]	97	121	-35	3	-6	8	det1=true
[15208]	97	121	-14	-12	-2	-10	det1=true
[15209]	97	121	-24	-12	-2	10	det1=true
[15210]	98	121	-25	-13	-10	-1	det1=true
[15211]	98	121	-26	-13	-10	1	det1=true
[15212]	99	121	-44	-10	-9	-3	det1=true
[15213]	99	121	-47	-10	-9	3	det1=true
[15214]	121	121	-52	-24	-6	-8	det1=true
[15215]	121	121	-60	-24	-6	8	det1=true
[15216]	121	121	-51	-48	-2	-9	det1=true
[15217]	121	121	-60	-48	-2	9	det1=true
[15218]	121	121	-44	-28	-9	-5	det1=true
[15219]	121	121	-49	-28	-9	5	det1=true
[15220]	64	122	-29	-12	-5	-6	det1=true
[15221]	64	122	-35	-12	-5	6	det1=true
[15222]	96	122	-14	-11	-2	-10	det1=true
[15223]	96	122	-24	-11	-2	10	det1=true
[15224]	119	122	-41	-8	-10	-4	det1=true
[15225]	119	122	-45	-8	-10	4	det1=true
[15226]	63	123	-11	-13	-2	-8	det1=true
[15227]	63	123	-19	-13	-2	8	det1=true
[15228]	83	123	-34	-10	-4	-8	det1=true
[15229]	83	123	-42	-10	-4	8	det1=true
[15230]	103	123	-32	-3	-9	-5	det1=true
[15231]	103	123	-37	-3	-9	5	det1=true
[15232]	111	123	-33	-8	-8	-7	det1=true
[15233]	111	123	-40	-8	-8	7	det1=true
[15234]	116	123	-53	-4	-1	-10	det1=true
[15235]	116	123	-63	-4	-1	10	det1=true
[15236]	46	124	-8	3	-6	-4	det1=true
[15237]	46	124	-12	3	-6	4	det1=true
[15238]	64	124	-27	-19	-5	-6	det1=true
[15239]	64	124	-33	-19	-5	6	det1=true
[15240]	71	124	-26	-23	-2	-8	det1=true
[15241]	71	124	-34	-23	-2	8	det1=true
[15242]	116	124	-50	-19	-10	-2	det1=true
[15243]	116	124	-52	-19	-10	2	det1=true
[15244]	116	124	-46	-23	-2	-10	det1=true
[15245]	116	124	-56	-23	-2	10	det1=true
[15246]	99	121	-41	-13	-3	-9	det1=true
[15247]	99	121	-50	-13	-3	9	det1=true
[15248]	101	121	-31	-13	-8	-6	det1=true
[15249]	108	121	-26	-29	-2	-10	det1=true
[15250]	108	121	-36	-29	-2	10	det1=true
[15251]	109	121	0	-3	-1	-11	det1=true
[15252]	109	121	-11	-3	-1	11	det1=true
[15253]	110	121	-22	-7	-4	-10	det1=true
[15254]	110	121	-32	-7	-4	10	det1=true
[15255]	112	121	-47	-40	-7	-6	det1=true
[15256]	112	121	-53	-40	-7	6	det1=true
[15257]	114	121	-38	-5	-6	9	det1=true
[15258]	114	121	-26	-13	-6	-9	det1=true
[15259]	114	121	-35	-13	-6	9	det1=true
[15260]	115	121	-51	3	-10	-2	det1=true
[15261]	115	121	-53	3	-10	2	det1=true
[15262]	115	121	-45	-4	-5	-9	det1=true
[15263]	115	121	-54	-4	-5	9	det1=true
[15264]	117	121	-56	-4	-10	-1	det1=true
[15265]	121	121	-40	-28	-3	-10	det1=true
[15266]	121	121	-50	-28	-3	10	det1=true
[15267]	121	121	-41	-18	-8	-7	det1=true
[15268]	121	121	-48	-18	-8	7	det1=true
[15269]	80	122	-21	3	-6	-7	det1=true
[15270]	80	122	-28	3	-6	7	det1=true
[15271]	88	122	-41	-8	-7	6	det1=true
[15272]	116	122	-39	-36	-1	-10	det1=true
[15273]	116	122	-49	-36	-1	10	det1=true
[15274]	51	123	-1	0	-3	-7	det1=true
[15275]	51	123	-8	0	-3	7	det1=true
[15276]	63	123	-24	-8	-8	-1	det1=true
[15277]	63	123	-25	-8	-8	1	det1=true
[15278]	65	123	-1	2	-5	-7	det1=true
[15279]	70	123	-33	-20	-2	8	det1=true
[15280]	71	123	-24	-4	-7	-5	det1=true
[15281]	71	123	-29	-4	-7	5	det1=true
[15282]	76	123	-37	-20	-8	-2	det1=true
[15283]	76	123	-39	-20	-8	2	det1=true
[15284]	77	123	-31	-15	-5	-7	det1=true
[15285]	79	123	-37	-10	-7	-5	det1=true
[15286]	79	123	-42	-10	-7	5	det1=true
[15287]	83	123	-27	-19	-1	-9	det1=true
[15288]	83	123	-36	-19	-1	9	det1=true
[15289]	87	123	-42	-1	-7	6	det1=true
[15290]	95	123	-18	-16	-1	-10	det1=true
[15291]	95	123	-28	-16	-1	10	det1=true
[15292]	107	123	-30	-26	-2	-10	det1=true
[15293]	107	123	-40	-26	-2	10	det1=true
[15294]	117	123	-40	-38	-1	-10	det1=true
[15295]	117	123	-50	-38	-1	10	det1=true
[15296]	70	124	-25	-22	-8	-2	det1=true
[15297]	70	124	-27	-22	-8	2	det1=true
[15298]	78	124	-5	-1	-8	-5	det1=true
[15299]	87	124	-13	-6	-9	-4	det1=true
[15300]	87	124	-17	-6	-9	4	det1=true
[15301]	91	124	-34	-15	-8	-5	det1=true
[15302]	91	124	-39	-15	-8	5	det1=true
[15303]	98	124	-15	-1	-3	-10	det1=true
[15304]	98	124	-25	-1	-3	10	det1=true
[15305]	102	124	-18	1	-8	-7	det1=true
[15306]	103	124	-27	0	-3	-10	det1=true
[15307]	103	124	-37	0	-3	10	det1=true
[15308]	106	124	-46	-15	-2	10	det1=true
[15309]	109	124	-49	-37	-6	-7	det1=true
[15310]	109	124	-56	-37	-6	7	det1=true
[15311]	112	124	-51	-10	-8	-6	det1=true
[15312]	112	124	-57	-10	-8	6	det1=true
[15313]	113	124	-37	-23	-10	-3	det1=true
[15314]	113	124	-40	-23	-10	3	det1=true
[15315]	114	124	-32	-11	-6	-9	det1=true
[15316]	114	124	-41	-11	-6	9	det1=true
[15317]	118	124	-44	1	-10	-4	det1=true
[15318]	118	124	-48	1	-10	4	det1=true
[15319]	123	124	-50	-33	-10	-2	det1=true
[15320]	123	124	-52	-33	-10	2	det1=true
[15321]	124	124	-55	-51	-9	-2	det1=true
[15322]	62	121	-17	-7	-1	-8	det1=true
[15323]	62	121	-25	-7	-1	8	det1=true
[15324]	66	121	-28	-9	-8	-1	det1=true
[15325]	66	121	-29	-9	-8	1	det1=true
[15326]	70	121	-33	-12	-7	-4	det1=true
[15327]	70	121	-37	-12	-7	4	det1=true
[15328]	70	121	-31	-15	-1	-8	det1=true
[15329]	70	121	-39	-15	-1	8	det1=true
[15330]	84	121	-17	-9	-5	-8	det1=true
[15331]	84	121	-25	-9	-5	8	det1=true
[15332]	95	121	-11	-7	-10	-2	det1=true
[15333]	95	121	-13	-7	-10	2	det1=true
[15334]	96	121	-19	2	-10	-2	det1=true
[15335]	96	121	-21	2	-10	2	det1=true
[15336]	97	121	-18	-8	-10	-2	det1=true
[15337]	97	121	-20	-8	-10	2	det1=true
[15338]	101	121	-37	-13	-8	6	det1=true
[15339]	101	121	-27	-19	-6	-8	det1=true
[15340]	101	121	-35	-19	-6	8	det1=true
[15341]	102	121	-19	-3	-3	-10	det1=true
[15342]	104	121	-35	-4	-10	-2	det1=true
[15343]	104	121	-37	-4	-10	2	det1=true
[15344]	104	121	-35	-24	-8	6	det1=true
[15345]	105	121	-11	-1	-10	-4	det1=true
[15346]	109	121	-47	-2	-10	-1	det1=true
[15347]	109	121	-48	-2	-10	1	det1=true
[15348]	110	121	-47	-37	-6	-7	det1=true
[15349]	110	121	-54	-37	-6	7	det1=true
[15350]	112	121	-45	-37	-5	-8	det1=true
[15351]	112	121	-53	-37	-5	8	det1=true
[15352]	113	121	-41	-27	-8	-6	det1=true
[15353]	113	121	-47	-27	-8	6	det1=true
[15354]	114	121	-28	-21	-8	-7	det1=true
[15355]	114	121	-35	-21	-8	7	det1=true
[15356]	115	121	-38	0	-8	-7	det1=true
[15357]	115	121	-45	0	-8	7	det1=true
[15358]	115	121	-35	-12	-8	-7	det1=true
[15359]	119	121	-57	-43	-9	-1	det1=true
[15360]	119	121	-58	-43	-9	1	det1=true
[15361]	120	121	-53	-39	-8	-5	det1=true
[15362]	120	121	-58	-39	-8	5	det1=true
[15363]	47	122	-6	-5	-4	-6	det1=true
[15364]	47	122	-12	-5	-4	6	det1=true
[15365]	59	122	-9	-5	-7	-4	det1=true
[15366]	59	122	-13	-5	-7	4	det1=true
[15367]	77	122	-36	-7	-8	-3	det1=true
[15368]	77	122	-39	-7	-8	3	det1=true
[15369]	77	122	-9	-6	-7	-6	det1=true
[15370]	77	122	-15	-6	-7	6	det1=true
[15371]	88	122	-35	-3	-2	-9	det1=true
[15372]	88	122	-44	-3	-2	9	det1=true
[15373]	89	122	-15	-3	-4	-9	det1=true
[15374]	89	122	-6	3	-8	-6	det1=true
[15375]	89	122	-12	3	-8	6	det1=true
[15376]	93	122	-40	-27	-8	-4	det1=true
[15377]	93	122	-44	-27	-8	4	det1=true
[15378]	93	122	-38	-29	-4	-8	det1=true
[15379]	93	122	-46	-29	-4	8	det1=true
[15380]	94	122	-22	-1	-6	-8	det1=true
[15381]	94	122	-30	-1	-6	8	det1=true
[15382]	97	122	-33	-8	-9	-4	det1=true
[15383]	97	122	-37	-8	-9	4	det1=true
[15384]	97	122	-29	-16	-9	-4	det1=true
[15385]	97	122	-33	-16	-9	4	det1=true
[15386]	97	122	-20	-19	-8	-6	det1=true
[15387]	97	122	-26	-19	-8	6	det1=true
[15388]	98	122	-12	-5	-10	3	det1=true
[15389]	104	122	-25	-5	-3	-10	det1=true
[15390]	104	122	-35	-5	-3	10	det1=true
[15391]	107	122	-51	-30	-9	-2	det1=true
[15392]	107	122	-53	-30	-9	2	det1=true
[15393]	107	122	-46	-35	-6	-7	det1=true
[15394]	107	122	-53	-35	-6	7	det1=true
[15395]	108	122	-22	-5	-10	-4	det1=true
[15396]	108	122	-26	-5	-10	4	det1=true
[15397]	109	122	-45	-8	-6	-8	det1=true
[15398]	109	122	-53	-8	-6	8	det1=true
[15399]	111	122	-25	-5	-6	-9	det1=true
[15400]	111	122	-34	-5	-6	9	det1=true
[15401]	112	122	-23	-15	-9	-6	det1=true
[15402]	112	122	-29	-15	-9	6	det1=true
[15403]	114	122	-50	-5	-10	-2	det1=true
[15404]	114	122	-52	-5	-10	2	det1=true
[15405]	114	122	-35	-11	-7	-8	det1=true
[15406]	114	122	-43	-11	-7	8	det1=true
[15407]	114	122	-31	-19	-7	-8	det1=true
[15408]	114	122	-39	-19	-7	8	det1=true
[15409]	115	122	-33	-1	-6	-9	det1=true
[15410]	23	123	-4	0	-5	-1	det1=true
[15411]	23	123	-5	0	-5	1	det1=true
[15412]	36	123	-1	2	-5	-4	det1=true
[15413]	36	123	-5	2	-5	4	det1=true
[15414]	39	123	-16	-4	-4	-5	det1=true
[15415]	39	123	-21	-4	-4	5	det1=true
[15416]	50	123	-15	-10	-7	-2	det1=true
[15417]	50	123	-17	-10	-7	2	det1=true
[15418]	63	123	-21	-10	-4	-7	det1=true
[15419]	63	123	-28	-10	-4	7	det1=true
[15420]	64	123	-19	-17	-4	-7	det1=true
[15421]	64	123	-26	-17	-4	7	det1=true
[15422]	70	123	-25	-20	-2	-8	det1=true
[15423]	77	123	-38	-15	-5	7	det1=true
[15424]	82	123	-36	-37	-4	-7	det1=true
[15425]	82	123	-43	-37	-4	7	det1=true
[15426]	89	123	-37	-34	-5	-7	det1=true
[15427]	89	123	-44	-34	-5	7	det1=true
[15428]	92	123	-5	-2	-2	-10	det1=true
[15429]	92	123	-15	-2	-2	10	det1=true
[15430]	93	123	-9	-5	-2	-10	det1=true
[15431]	93	123	-19	-5	-2	10	det1=true
[15432]	103	123	-49	-16	-9	-3	det1=true
[15433]	103	123	-52	-16	-9	3	det1=true
[15434]	104	123	-36	-19	-10	-1	det1=true
[15435]	104	123	-37	-19	-10	1	det1=true
[15436]	105	123	-37	-20	-10	-1	det1=true
[15437]	105	123	-38	-20	-10	1	det1=true
[15438]	112	123	-26	-23	-8	-7	det1=true
[15439]	112	123	-33	-23	-8	7	det1=true
[15440]	114	123	-51	-1	-1	-10	det1=true
[15441]	115	123	-42	-28	-10	-2	det1=true
[15442]	115	123	-44	-28	-10	2	det1=true
[15443]	122	123	-49	-1	-7	-8	det1=true
[15444]	122	123	-57	-1	-7	8	det1=true
[15445]	123	123	-49	-10	-8	-7	det1=true
[15446]	123	123	-56	-10	-8	7	det1=true
[15447]	35	124	-11	-12	-1	-6	det1=true
[15448]	35	124	-17	-12	-1	6	det1=true
[15449]	40	124	-9	3	-6	-3	det1=true
[15450]	58	124	-21	-4	-5	-6	det1=true
[15451]	58	124	-27	-4	-5	6	det1=true
[15452]	65	124	-25	-24	-5	-6	det1=true
[15453]	65	124	-31	-24	-5	6	det1=true
[15454]	67	124	-27	-18	-1	-8	det1=true
[15455]	72	124	-31	-20	-8	-2	det1=true
[15456]	72	124	-33	-20	-8	2	det1=true
[15457]	78	124	-6	1	-8	-5	det1=true
[15458]	78	124	-11	1	-8	5	det1=true
[15459]	88	124	-6	-3	-6	-8	det1=true
[15460]	88	124	-14	-3	-6	8	det1=true
[15461]	91	124	-37	-19	-6	-7	det1=true
[15462]	91	124	-44	-19	-6	7	det1=true
[15463]	92	124	-45	-7	-9	-2	det1=true
[15464]	92	124	-47	-7	-9	2	det1=true
[15465]	93	124	-16	-1	-10	-2	det1=true
[15466]	93	124	-18	-1	-10	2	det1=true
[15467]	96	124	-19	-10	-2	-10	det1=true
[15468]	96	124	-29	-10	-2	10	det1=true
[15469]	99	124	-49	-24	-9	2	det1=true
[15470]	100	124	-43	-22	-5	-8	det1=true
[15471]	100	124	-51	-22	-5	8	det1=true
[15472]	103	124	-45	-6	-9	-4	det1=true
[15473]	103	124	-49	-6	-9	4	det1=true
[15474]	104	124	-43	2	-8	-6	det1=true
[15475]	107	124	-44	-1	-10	-2	det1=true
[15476]	107	124	-46	-1	-10	2	det1=true
[15477]	111	124	-41	-20	-2	-10	det1=true
[15478]	111	124	-51	-20	-2	10	det1=true
[15479]	114	124	-48	-25	-10	-1	det1=true
[15480]	114	124	-49	-25	-10	1	det1=true
[15481]	120	124	-7	-6	-6	-10	det1=true
[15482]	120	124	-17	-6	-6	10	det1=true
[15483]	53	121	-9	-1	-3	-7	det1=true
[15484]	53	121	-16	-1	-3	7	det1=true
[15485]	58	121	-3	3	-8	-1	det1=true
[15486]	58	121	-4	3	-8	1	det1=true
[15487]	63	121	-20	-6	-1	-8	det1=true
[15488]	63	121	-28	-6	-1	8	det1=true
[15489]	67	121	-23	-18	-4	-7	det1=true
[15490]	68	121	-13	-7	-3	-8	det1=true
[15491]	68	121	-21	-7	-3	8	det1=true
[15492]	73	121	-12	0	-8	-4	det1=true
[15493]	73	121	-16	0	-8	4	det1=true
[15494]	77	121	-34	-1	-3	-8	det1=true
[15495]	89	121	-32	-24	-1	-9	det1=true
[15496]	89	121	-41	-24	-1	9	det1=true
[15497]	92	121	-26	-23	-8	-5	det1=true
[15498]	92	121	-31	-23	-8	5	det1=true
[15499]	93	121	-18	-2	-8	-6	det1=true
[15500]	94	121	-41	-37	-3	-8	det1=true
[15501]	94	121	-49	-37	-3	8	det1=true
[15502]	94	121	-17	-2	-1	-10	det1=true
[15503]	95	121	-47	-22	-2	9	det1=true
[15504]	95	121	-4	-1	-9	-5	det1=true
[15505]	97	121	-45	-12	-6	-7	det1=true
[15506]	97	121	-52	-12	-6	7	det1=true
[15507]	97	121	-42	-20	-7	-6	det1=true
[15508]	97	121	-48	-20	-7	6	det1=true
[15509]	99	121	-42	-14	-5	-8	det1=true
[15510]	99	121	-50	-14	-5	8	det1=true
[15511]	100	121	-13	-7	-10	-3	det1=true
[15512]	101	121	-30	-14	-6	-8	det1=true
[15513]	101	121	-38	-14	-6	8	det1=true
[15514]	102	121	-48	-41	-8	-3	det1=true
[15515]	102	121	-51	-41	-8	3	det1=true
[15516]	102	121	-29	-3	-3	10	det1=true
[15517]	103	121	-42	-25	-5	-8	det1=true
[15518]	103	121	-50	-25	-5	8	det1=true
[15519]	104	121	-29	-24	-8	-6	det1=true
[15520]	106	121	-30	-27	-8	-6	det1=true
[15521]	106	121	-36	-27	-8	6	det1=true
[15522]	106	121	-21	-3	-8	-7	det1=true
[15523]	106	121	-28	-3	-8	7	det1=true
[15524]	107	121	-34	-4	-5	-9	det1=true
[15525]	107	121	-43	-4	-5	9	det1=true
[15526]	112	121	-41	-23	-1	-10	det1=true
[15527]	112	121	-51	-23	-1	10	det1=true
[15528]	112	121	-41	5	-10	-3	det1=true
[15529]	112	121	-44	5	-10	3	det1=true
[15530]	112	121	-37	-5	-3	-10	det1=true
[15531]	112	121	-47	-5	-3	10	det1=true
[15532]	112	121	-29	-24	-3	-10	det1=true
[15533]	112	121	-39	-24	-3	10	det1=true
[15534]	113	121	-40	-28	-6	-8	det1=true
[15535]	113	121	-48	-28	-6	8	det1=true
[15536]	114	121	-37	-1	-9	6	det1=true
[15537]	115	121	-42	-12	-8	7	det1=true
[15538]	119	121	-50	0	-5	-9	det1=true
[15539]	119	121	-44	-6	-9	6	det1=true
[15540]	71	122	-21	-13	-8	-3	det1=true
[15541]	71	122	-24	-13	-8	3	det1=true
[15542]	74	122	-31	-22	-8	-2	det1=true
[15543]	74	122	-33	-22	-8	2	det1=true
[15544]	83	122	-25	-10	-7	-6	det1=true
[15545]	83	122	-31	-10	-7	6	det1=true
[15546]	84	122	-41	-30	-8	-2	det1=true
[15547]	84	122	-43	-30	-8	2	det1=true
[15548]	86	122	-32	1	-2	-9	det1=true
[15549]	86	122	-41	1	-2	9	det1=true
[15550]	88	122	-37	-7	-9	-2	det1=true
[15551]	88	122	-39	-7	-9	2	det1=true
[15552]	88	122	-35	-8	-7	-6	det1=true
[15553]	89	122	-24	-3	-4	9	det1=true
[15554]	94	122	-14	-1	-10	-2	det1=true
[15555]	94	122	-16	-1	-10	2	det1=true
[15556]	95	122	-28	-7	-4	-9	det1=true
[15557]	95	122	-15	-17	-1	-10	det1=true
[15558]	97	122	-35	1	-9	-4	det1=true
[15559]	97	122	-39	1	-9	4	det1=true
[15560]	97	122	-7	1	-10	-3	det1=true
[15561]	97	122	-10	1	-10	3	det1=true
[15562]	100	122	-29	-23	-4	-9	det1=true
[15563]	100	122	-38	-23	-4	9	det1=true
[15564]	104	122	-43	-10	-9	-4	det1=true
[15565]	104	122	-47	-10	-9	4	det1=true
[15566]	107	122	-45	-5	-10	-1	det1=true
[15567]	107	122	-46	-5	-10	1	det1=true
[15568]	108	122	-19	-8	-4	-10	det1=true
[15569]	108	122	-29	-8	-4	10	det1=true
[15570]	109	122	-43	-10	-1	-10	det1=true
[15571]	109	122	-53	-10	-1	10	det1=true
[15572]	111	122	-51	-29	-8	-5	det1=true
[15573]	113	122	-49	-41	-2	-9	det1=true
[15574]	113	122	-58	-41	-2	9	det1=true
[15575]	115	122	-53	-19	-9	-4	det1=true
[15576]	115	122	-57	-19	-9	4	det1=true
[15577]	118	122	-53	-18	-8	-6	det1=true
[15578]	119	122	-41	-15	-8	-7	det1=true
[15579]	119	122	-48	-15	-8	7	det1=true
[15580]	22	123	-1	0	-3	-4	det1=true
[15581]	22	123	-5	0	-3	4	det1=true
[15582]	57	123	-2	4	-8	-1	det1=true
[15583]	57	123	-3	4	-8	1	det1=true
[15584]	57	123	1	2	-4	-7	det1=true
[15585]	57	123	-6	2	-4	7	det1=true
[15586]	63	123	-21	-14	-8	1	det1=true
[15587]	77	123	-34	-7	-5	-7	det1=true
[15588]	77	123	-41	-7	-5	7	det1=true
[15589]	78	123	-17	-6	-9	-2	det1=true
[15590]	78	123	-19	-6	-9	2	det1=true
[15591]	79	123	-31	-21	-5	-7	det1=true
[15592]	79	123	-38	-21	-5	7	det1=true
[15593]	81	123	-14	-6	-8	-5	det1=true
[15594]	81	123	-19	-6	-8	5	det1=true
[15595]	81	123	-10	-7	-9	-3	det1=true
[15596]	84	123	-33	-13	-7	6	det1=true
[15597]	84	123	-23	-1	-5	-8	det1=true
[15598]	84	123	-31	-1	-5	8	det1=true
[15599]	87	123	-36	-1	-7	-6	det1=true
[15600]	87	123	-24	-26	-2	-9	det1=true
[15601]	87	123	-33	-26	-2	9	det1=true
[15602]	91	123	-34	-24	-5	8	det1=true
[15603]	92	123	-9	2	-10	-2	det1=true
[15604]	92	123	-11	2	-10	2	det1=true
[15605]	93	123	-22	-2	-10	-1	det1=true
[15606]	93	123	-23	-2	-10	1	det1=true
[15607]	95	123	-28	-29	-3	-9	det1=true
[15608]	95	123	-37	-29	-3	9	det1=true
[15609]	96	123	-24	-13	-10	-1	det1=true
[15610]	96	123	-25	-13	-10	1	det1=true
[15611]	96	123	-25	0	-10	2	det1=true
[15612]	99	123	-18	-20	-2	-10	det1=true
[15613]	99	123	-28	-20	-2	10	det1=true
[15614]	103	123	-32	-22	-10	-1	det1=true
[15615]	103	123	-33	-22	-10	1	det1=true
[15616]	103	123	-11	5	-10	-4	det1=true
[15617]	103	123	-15	5	-10	4	det1=true
[15618]	104	123	-47	-22	-5	-8	det1=true
[15619]	104	123	-55	-22	-5	8	det1=true
[15620]	106	123	-25	-1	-7	-8	det1=true
[15621]	106	123	-33	-1	-7	8	det1=true
[15622]	115	123	-62	-3	-1	10	det1=true
[15623]	116	123	-40	3	-10	-4	det1=true
[15624]	116	123	-44	3	-10	4	det1=true
[15625]	117	123	-15	-5	-11	-3	det1=true
[15626]	117	123	-18	-5	-11	3	det1=true
[15627]	121	123	-51	-17	-5	-9	det1=true
[15628]	121	123	-60	-17	-5	9	det1=true
[15629]	36	124	-9	-2	-2	-6	det1=true
[15630]	36	124	-15	-2	-2	6	det1=true
[15631]	59	124	-17	-16	-5	-6	det1=true
[15632]	59	124	-23	-16	-5	6	det1=true
[15633]	79	124	-29	-5	-2	9	det1=true
[15634]	80	124	-24	1	-6	-7	det1=true
[15635]	80	124	-31	1	-6	7	det1=true
[15636]	82	124	-28	-1	-6	-7	det1=true
[15637]	82	124	-35	-1	-6	7	det1=true
[15638]	86	124	-29	-5	-8	-5	det1=true
[15639]	86	124	-34	-5	-8	5	det1=true
[15640]	86	124	-9	-5	-9	-4	det1=true
[15641]	86	124	-13	-5	-9	4	det1=true
[15642]	93	124	-49	-39	-3	8	det1=true
[15643]	94	124	-29	-7	-4	-9	det1=true
[15644]	94	124	-38	-7	-4	9	det1=true
[15645]	94	124	-19	-2	-10	-2	det1=true
[15646]	94	124	-21	-2	-10	2	det1=true
[15647]	96	124	-23	-6	-10	-2	det1=true
[15648]	96	124	-25	-6	-10	2	det1=true
[15649]	100	124	-27	-12	-2	-10	det1=true
[15650]	100	124	-37	-12	-2	10	det1=true
[15651]	102	124	-33	-20	-8	-6	det1=true
[15652]	102	124	-15	-7	-7	-8	det1=true
[15653]	102	124	-23	-7	-7	8	det1=true
[15654]	103	124	-11	-2	-4	-10	det1=true
[15655]	103	124	-21	-2	-4	10	det1=true
[15656]	104	124	-47	-2	-9	-4	det1=true
[15657]	104	124	-35	-22	-8	-6	det1=true
[15658]	104	124	-12	-1	-6	-9	det1=true
[15659]	104	124	-21	-1	-6	9	det1=true
[15660]	105	124	-13	-12	-4	-10	det1=true
[15661]	105	124	-23	-12	-4	10	det1=true
[15662]	106	124	-36	-15	-2	-10	det1=true
[15663]	107	124	-40	-5	-2	-10	det1=true
[15664]	107	124	-50	-5	-2	10	det1=true
[15665]	107	124	-29	2	-7	-8	det1=true
[15666]	107	124	-37	2	-7	8	det1=true
[15667]	109	124	-45	-11	-1	-10	det1=true
[15668]	109	124	-55	-11	-1	10	det1=true
[15669]	109	124	-42	-9	-2	-10	det1=true
[15670]	109	124	-52	-9	-2	10	det1=true
[15671]	113	124	-49	-44	-9	-2	det1=true
[15672]	113	124	-51	-44	-9	2	det1=true
[15673]	113	124	-44	-9	-10	-3	det1=true
[15674]	113	124	-47	-9	-10	3	det1=true
[15675]	115	124	-53	-3	-1	-10	det1=true
[15676]	116	124	-53	-23	-4	-9	det1=true
[15677]	117	124	-43	-9	-8	-7	det1=true
[15678]	117	124	-50	-9	-8	7	det1=true
[15679]	118	124	-57	-12	-10	2	det1=true
[15680]	118	124	-54	-15	-10	-2	det1=true
[15681]	118	124	-56	-15	-10	2	det1=true
[15682]	118	124	-50	-19	-2	-10	det1=true
[15683]	118	124	-60	-19	-2	10	det1=true
[15684]	121	124	-53	-27	-1	-10	det1=true
[15685]	121	124	-63	-27	-1	10	det1=true
[15686]	49	121	-15	-3	-6	-4	det1=true
[15687]	49	121	-19	-3	-6	4	det1=true
[15688]	51	121	-21	-13	-1	-7	det1=true
[15689]	51	121	-28	-13	-1	7	det1=true
[15690]	59	121	-26	-8	-7	-3	det1=true
[15691]	61	121	-6	2	-8	-2	det1=true
[15692]	61	121	-8	2	-8	2	det1=true
[15693]	65	121	-28	-16	-6	-5	det1=true
[15694]	65	121	-33	-16	-6	5	det1=true
[15695]	67	121	-30	-18	-4	7	det1=true
[15696]	68	121	-27	-25	-6	-5	det1=true
[15697]	68	121	-32	-25	-6	5	det1=true
[15698]	71	121	-18	-14	-3	-8	det1=true
[15699]	71	121	-26	-14	-3	8	det1=true
[15700]	73	121	-24	-12	-3	-8	det1=true
[15701]	73	121	-32	-12	-3	8	det1=true
[15702]	76	121	-29	-14	-3	-8	det1=true
[15703]	76	121	-37	-14	-3	8	det1=true
[15704]	76	121	-3	3	-7	-6	det1=true
[15705]	76	121	-9	3	-7	6	det1=true
[15706]	77	121	-9	2	-6	-7	det1=true
[15707]	77	121	-16	2	-6	7	det1=true
[15708]	79	121	-26	-4	-9	1	det1=true
[15709]	82	121	-36	-31	-8	-2	det1=true
[15710]	82	121	-38	-31	-8	2	det1=true
[15711]	82	121	-33	-34	-2	-8	det1=true
[15712]	82	121	-41	-34	-2	8	det1=true
[15713]	87	121	-42	-28	-7	5	det1=true
[15714]	89	121	-37	-14	-1	-9	det1=true
[15715]	89	121	-46	-14	-1	9	det1=true
[15716]	89	121	-43	-4	-6	7	det1=true
[15717]	91	121	-29	-26	-2	-9	det1=true
[15718]	91	121	-38	-26	-2	9	det1=true
[15719]	93	121	-35	-12	-8	-5	det1=true
[15720]	93	121	-40	-12	-8	5	det1=true
[15721]	95	121	-38	-22	-2	-9	det1=true
[15722]	96	121	-15	-2	-2	-10	det1=true
[15723]	96	121	-25	-2	-2	10	det1=true
[15724]	97	121	-11	-7	-9	-5	det1=true
[15725]	97	121	-16	-7	-9	5	det1=true
[15726]	100	121	-23	-4	-3	10	det1=true
[15727]	103	121	-28	-6	-9	-5	det1=true
[15728]	103	121	-33	-6	-9	5	det1=true
[15729]	105	121	-12	2	-10	-4	det1=true
[15730]	106	121	-26	-13	-10	-3	det1=true
[15731]	111	121	-52	-25	-9	-3	det1=true
[15732]	111	121	-55	-25	-9	3	det1=true
[15733]	112	121	-52	1	-10	1	det1=true
[15734]	115	121	-53	-8	-10	-1	det1=true
[15735]	115	121	-54	-8	-10	1	det1=true
[15736]	118	121	-25	-6	-11	-2	det1=true
[15737]	118	121	-27	-6	-11	2	det1=true
[15738]	119	121	-30	-22	-9	-6	det1=true
[15739]	121	121	-52	-20	-10	-2	det1=true
[15740]	121	121	-54	-20	-10	2	det1=true
[15741]	121	121	-28	-6	-2	-11	det1=true
[15742]	121	121	-39	-6	-2	11	det1=true
[15743]	26	122	-4	-1	-2	-5	det1=true
[15744]	26	122	-9	-1	-2	5	det1=true
[15745]	36	122	-8	3	-6	-2	det1=true
[15746]	36	122	-10	3	-6	2	det1=true
[15747]	38	122	-14	-5	-2	-6	det1=true
[15748]	38	122	-20	-5	-2	6	det1=true
[15749]	47	122	-8	-1	-4	-6	det1=true
[15750]	47	122	-14	-1	-4	6	det1=true
[15751]	50	122	-17	-8	-7	2	det1=true
[15752]	60	122	-13	-6	-7	-4	det1=true
[15753]	66	122	-16	-17	-2	-8	det1=true
[15754]	66	122	-24	-17	-2	8	det1=true
[15755]	76	122	-7	0	-7	-6	det1=true
[15756]	76	122	-13	0	-7	6	det1=true
[15757]	80	122	-20	1	-2	-9	det1=true
[15758]	91	122	-20	-5	-4	-9	det1=true
[15759]	91	122	-29	-5	-4	9	det1=true
[15760]	92	122	-25	-2	-9	-4	det1=true
[15761]	92	122	-29	-2	-9	4	det1=true
[15762]	95	122	-33	-31	-2	-9	det1=true
[15763]	95	122	-42	-31	-2	9	det1=true
[15764]	96	122	-20	-3	-10	-2	det1=true
[15765]	96	122	-22	-3	-10	2	det1=true
[15766]	98	122	-9	-5	-10	-3	det1=true
[15767]	106	122	-32	-11	-10	3	det1=true
[15768]	107	122	-36	-29	-4	-9	det1=true
[15769]	107	122	-45	-29	-4	9	det1=true
[15770]	109	122	-46	-7	-8	-6	det1=true
[15771]	109	122	-52	-7	-8	6	det1=true
[15772]	111	122	-29	-4	-10	-4	det1=true
[15773]	111	122	-33	-4	-10	4	det1=true
[15774]	114	122	-46	-9	-2	-10	det1=true
[15775]	114	122	-56	-9	-2	10	det1=true
[15776]	115	122	-34	-27	-10	-3	det1=true
[15777]	115	122	-37	-27	-10	3	det1=true
[15778]	115	122	-31	-16	-10	-4	det1=true
[15779]	115	122	-35	-16	-10	4	det1=true
[15780]	119	122	-51	1	-10	-3	det1=true
[15781]	119	122	-54	1	-10	3	det1=true
[15782]	119	122	-57	-30	-1	10	det1=true
[15783]	120	122	-41	-40	-1	-10	det1=true
[15784]	120	122	-51	-40	-1	10	det1=true
[15785]	122	122	-53	-33	-9	-4	det1=true
[15786]	122	122	-57	-33	-9	4	det1=true
[15787]	122	122	-45	-14	-7	-8	det1=true
[15788]	36	123	-8	-3	-6	-2	det1=true
[15789]	36	123	-10	-3	-6	2	det1=true
[15790]	47	123	-16	-3	-1	-7	det1=true
[15791]	48	123	-9	-5	-2	-7	det1=true
[15792]	48	123	-16	-5	-2	7	det1=true
[15793]	51	123	-20	-2	-2	-7	det1=true
[15794]	51	123	-27	-2	-2	7	det1=true
[15795]	57	123	2	-1	-1	-8	det1=true
[15796]	57	123	-6	-1	-1	8	det1=true
[15797]	61	123	-21	-2	-8	-1	det1=true
[15798]	61	123	-22	-2	-8	1	det1=true
[15799]	69	123	-16	-9	-5	-7	det1=true
[15800]	69	123	-14	-12	-7	-5	det1=true
[15801]	69	123	-19	-12	-7	5	det1=true
[15802]	81	123	-13	-7	-9	3	det1=true
[15803]	91	123	-26	-24	-5	-8	det1=true
[15804]	91	123	-12	-4	-1	-10	det1=true
[15805]	91	123	-22	-4	-1	10	det1=true
[15806]	94	123	-21	-1	-1	-10	det1=true
[15807]	94	123	-31	-1	-1	10	det1=true
[15808]	95	123	-22	-8	-1	-10	det1=true
[15809]	97	123	-34	-9	-9	-4	det1=true
[15810]	97	123	-38	-9	-9	4	det1=true
[15811]	98	123	-15	-1	-10	-3	det1=true
[15812]	98	123	-18	-1	-10	3	det1=true
[15813]	99	123	-40	-23	-9	-3	det1=true
[15814]	99	123	-43	-23	-9	3	det1=true
[15815]	99	123	-22	-16	-10	-2	det1=true
[15816]	99	123	-24	-16	-10	2	det1=true
[15817]	103	123	-46	-19	-3	-9	det1=true
[15818]	106	123	-17	-1	-9	-6	det1=true
[15819]	106	123	-23	-1	-9	6	det1=true
[15820]	107	123	-52	-6	-6	8	det1=true
[15821]	107	123	-46	-34	-9	3	det1=true
[15822]	107	123	-40	-38	-8	-5	det1=true
[15823]	107	123	-45	-38	-8	5	det1=true
[15824]	107	123	-33	-29	-8	-6	det1=true
[15825]	107	123	-39	-29	-8	6	det1=true
[15826]	107	123	-34	-22	-10	-2	det1=true
[15827]	107	123	-36	-22	-10	2	det1=true
[15828]	107	123	-3	4	-11	-1	det1=true
[15829]	107	123	-4	4	-11	1	det1=true
[15830]	110	123	-42	-23	-8	-6	det1=true
[15831]	110	123	-48	-23	-8	6	det1=true
[15832]	111	123	-8	0	-2	-11	det1=true
[15833]	117	123	-42	-8	-8	-7	det1=true
[15834]	117	123	-49	-8	-8	7	det1=true
[15835]	117	123	-31	-28	-8	-7	det1=true
[15836]	117	123	-14	0	-3	-11	det1=true
[15837]	117	123	-25	0	-3	11	det1=true
[15838]	121	123	-48	2	-7	-8	det1=true
[15839]	121	123	-56	2	-7	8	det1=true
[15840]	53	124	-24	-19	-6	4	det1=true
[15841]	64	124	-25	-9	-1	-8	det1=true
[15842]	64	124	-33	-9	-1	8	det1=true
[15843]	69	124	-31	-17	-4	-7	det1=true
[15844]	69	124	-38	-17	-4	7	det1=true
[15845]	72	124	-28	-23	-2	-8	det1=true
[15846]	72	124	-36	-23	-2	8	det1=true
[15847]	74	124	-7	3	-7	6	det1=true
[15848]	79	124	-20	-5	-2	-9	det1=true
[15849]	82	124	-25	-11	-6	-7	det1=true
[15850]	82	124	-32	-11	-6	7	det1=true
[15851]	83	124	-33	-31	-3	-8	det1=true
[15852]	83	124	-41	-31	-3	8	det1=true
[15853]	90	124	-16	3	-10	-1	det1=true
[15854]	90	124	-17	3	-10	1	det1=true
[15855]	90	124	-15	-1	-10	-1	det1=true
[15856]	90	124	-16	-1	-10	1	det1=true
[15857]	91	124	-41	-9	-6	-7	det1=true
[15858]	91	124	-48	-9	-6	7	det1=true
[15859]	92	124	-26	-3	-4	-9	det1=true
[15860]	92	124	-35	-3	-4	9	det1=true
[15861]	93	124	-41	-39	-3	-8	det1=true
[15862]	93	124	-35	-18	-5	-8	det1=true
[15863]	93	124	-43	-18	-5	8	det1=true
[15864]	93	124	-10	-9	-2	-10	det1=true
[15865]	93	124	-20	-9	-2	10	det1=true
[15866]	95	124	-4	3	-10	-3	det1=true
[15867]	95	124	-7	3	-10	3	det1=true
[15868]	98	124	-17	-3	-10	-3	det1=true
[15869]	98	124	-20	-3	-10	3	det1=true
[15870]	99	124	-47	-24	-9	-2	det1=true
[15871]	101	124	-41	1	-4	-9	det1=true
[15872]	101	124	-50	1	-4	9	det1=true
[15873]	102	124	-39	-20	-8	6	det1=true
[15874]	102	124	-17	-2	-7	-8	det1=true
[15875]	102	124	-25	-2	-7	8	det1=true
[15876]	102	124	-7	0	-4	-10	det1=true
[15877]	102	124	-17	0	-4	10	det1=true
[15878]	104	124	-51	-2	-9	4	det1=true
[15879]	104	124	-49	2	-8	6	det1=true
[15880]	105	124	-41	-4	-1	-10	det1=true
[15881]	105	124	-16	-9	-10	-4	det1=true
[15882]	106	124	-49	-5	-9	-4	det1=true
[15883]	106	124	-53	-5	-9	4	det1=true
[15884]	106	124	-27	1	-7	-8	det1=true
[15885]	106	124	-35	1	-7	8	det1=true
[15886]	109	124	0	-3	-2	-11	det1=true
[15887]	109	124	-11	-3	-2	11	det1=true
[15888]	111	124	-54	-35	-8	5	det1=true
[15889]	111	124	-45	-16	-10	-2	det1=true
[15890]	111	124	-47	-16	-10	2	det1=true
[15891]	112	124	-26	-25	-8	-7	det1=true
[15892]	112	124	-33	-25	-8	7	det1=true
[15893]	115	124	-48	-3	-10	-3	det1=true
[15894]	115	124	-51	-3	-10	3	det1=true
[15895]	115	124	-43	-13	-3	-10	det1=true
[15896]	115	124	-53	-13	-3	10	det1=true
[15897]	115	124	-30	-27	-8	-7	det1=true
[15898]	118	124	-55	-37	-5	-8	det1=true
[15899]	118	124	-63	-37	-5	8	det1=true
[15900]	118	124	-55	-12	-10	-2	det1=true
[15901]	119	124	-31	-27	-9	-6	det1=true
[15902]	119	124	-37	-27	-9	6	det1=true
[15903]	120	124	-9	-4	-10	-6	det1=true
[15904]	120	124	-15	-4	-10	6	det1=true
[15905]	121	124	-37	-4	-11	-2	det1=true
[15906]	121	124	-39	-4	-11	2	det1=true
[15907]	124	124	-55	-4	-3	-10	det1=true
[15908]	26	121	-2	1	-2	-5	det1=true
[15909]	26	121	-7	1	-2	5	det1=true
[15910]	40	121	-15	-9	-5	-4	det1=true
[15911]	40	121	-19	-9	-5	4	det1=true
[15912]	45	121	-4	0	-1	-7	det1=true
[15913]	45	121	-11	0	-1	7	det1=true
[15914]	53	121	-8	-5	-7	-3	det1=true
[15915]	53	121	-11	-5	-7	3	det1=true
[15916]	55	121	-13	-10	-3	-7	det1=true
[15917]	55	121	-20	-10	-3	7	det1=true
[15918]	55	121	-5	-2	-6	-5	det1=true
[15919]	55	121	-10	-2	-6	5	det1=true
[15920]	58	121	-17	-5	-6	-5	det1=true
[15921]	58	121	-22	-5	-6	5	det1=true
[15922]	66	121	-12	1	-8	3	det1=true
[15923]	67	121	-6	-4	-5	-7	det1=true
[15924]	67	121	-13	-4	-5	7	det1=true
[15925]	71	121	-19	-8	-5	-7	det1=true
[15926]	71	121	-26	-8	-5	7	det1=true
[15927]	75	121	-13	-3	-9	-1	det1=true
[15928]	75	121	-14	-3	-9	1	det1=true
[15929]	79	121	-21	-8	-1	-9	det1=true
[15930]	79	121	-30	-8	-1	9	det1=true
[15931]	80	121	-17	-7	-6	-7	det1=true
[15932]	80	121	-24	-7	-6	7	det1=true
[15933]	81	121	-12	4	-8	-5	det1=true
[15934]	81	121	-17	4	-8	5	det1=true
[15935]	87	121	-37	-28	-7	-5	det1=true
[15936]	87	121	-23	-7	-3	-9	det1=true
[15937]	87	121	-32	-7	-3	9	det1=true
[15938]	90	121	-29	-12	-5	-8	det1=true
[15939]	90	121	-37	-12	-5	8	det1=true
[15940]	92	121	-12	-7	-6	-8	det1=true
[15941]	92	121	-20	-7	-6	8	det1=true
[15942]	94	121	-27	-2	-1	10	det1=true
[15943]	97	121	-44	-19	-9	-2	det1=true
[15944]	97	121	-31	-28	-8	-5	det1=true
[15945]	97	121	-36	-28	-8	5	det1=true
[15946]	104	121	-28	-25	-6	-8	det1=true
[15947]	104	121	-36	-25	-6	8	det1=true
[15948]	105	121	-8	-4	-4	-10	det1=true
[15949]	106	121	-29	-13	-10	3	det1=true
[15950]	112	121	-33	1	-7	-8	det1=true
[15951]	113	121	-30	-25	-3	-10	det1=true
[15952]	113	121	-40	-25	-3	10	det1=true
[15953]	114	121	-31	-1	-9	-6	det1=true
[15954]	114	121	-29	-5	-6	-9	det1=true
[15955]	115	121	-42	-30	-10	-1	det1=true
[15956]	115	121	-43	-30	-10	1	det1=true
[15957]	115	121	-16	-7	-11	-2	det1=true
[15958]	115	121	-18	-7	-11	2	det1=true
[15959]	117	121	-31	-14	-6	-9	det1=true
[15960]	117	121	-40	-14	-6	9	det1=true
[15961]	121	121	-57	-19	-5	9	det1=true
[15962]	27	122	-9	-5	-2	-5	det1=true
[15963]	27	122	-14	-5	-2	5	det1=true
[15964]	38	122	-14	-7	-6	-2	det1=true
[15965]	40	122	-4	3	-6	-3	det1=true
[15966]	40	122	-7	3	-6	3	det1=true
[15967]	50	122	-15	-8	-7	-2	det1=true
[15968]	51	122	-26	-1	-2	7	det1=true
[15969]	62	122	-19	-5	-1	-8	det1=true
[15970]	62	122	-27	-5	-1	8	det1=true
[15971]	77	122	-31	-28	-2	-8	det1=true
[15972]	77	122	-39	-28	-2	8	det1=true
[15973]	88	122	-29	-20	-7	-6	det1=true
[15974]	88	122	-35	-20	-7	6	det1=true
[15975]	89	122	-27	-15	-5	-8	det1=true
[15976]	89	122	-35	-15	-5	8	det1=true
[15977]	90	122	-43	-3	-9	2	det1=true
[15978]	91	122	-43	2	-9	-2	det1=true
[15979]	92	122	-15	-5	-10	-1	det1=true
[15980]	92	122	-16	-5	-10	1	det1=true
[15981]	95	122	-25	-17	-1	10	det1=true
[15982]	100	122	-44	-25	-6	-7	det1=true
[15983]	108	122	-43	-15	-10	-1	det1=true
[15984]	108	122	-44	-15	-10	1	det1=true
[15985]	110	122	-27	-24	-3	-10	det1=true
[15986]	110	122	-37	-24	-3	10	det1=true
[15987]	111	122	-2	-3	-2	-11	det1=true
[15988]	111	122	-13	-3	-2	11	det1=true
[15989]	112	122	-27	-5	-6	-9	det1=true
[15990]	112	122	-36	-5	-6	9	det1=true
[15991]	114	122	-40	-25	-2	-10	det1=true
[15992]	114	122	-50	-25	-2	10	det1=true
[15993]	114	122	-15	-8	-11	-2	det1=true
[15994]	114	122	-17	-8	-11	2	det1=true
[15995]	115	122	-53	-32	-5	-8	det1=true
[15996]	122	122	-54	-13	-2	-10	det1=true
[15997]	39	123	-12	-11	-5	-4	det1=true
[15998]	39	123	-16	-11	-5	4	det1=true
[15999]	45	123	-9	-4	-7	-1	det1=true
[16000]	45	123	-10	-4	-7	1	det1=true
[16001]	47	123	-23	-3	-1	7	det1=true
[16002]	57	123	-24	-7	-7	-3	det1=true
[16003]	57	123	-27	-7	-7	3	det1=true
[16004]	60	123	-5	0	-8	-2	det1=true
[16005]	60	123	-7	0	-8	2	det1=true
[16006]	64	123	-22	-15	-8	-1	det1=true
[16007]	64	123	-23	-15	-8	1	det1=true
[16008]	67	123	-11	-5	-5	-7	det1=true
[16009]	67	123	-18	-5	-5	7	det1=true
[16010]	71	123	-25	2	-7	-5	det1=true
[16011]	71	123	-30	2	-7	5	det1=true
[16012]	71	123	-26	-22	-8	-2	det1=true
[16013]	71	123	-28	-22	-8	2	det1=true
[16014]	73	123	-28	-1	-5	-7	det1=true
[16015]	73	123	-35	-1	-5	7	det1=true
[16016]	79	123	-36	-11	-5	-7	det1=true
[16017]	79	123	-43	-11	-5	7	det1=true
[16018]	79	123	-27	-26	-5	-7	det1=true
[16019]	79	123	-34	-26	-5	7	det1=true
[16020]	83	123	-19	-5	-9	-3	det1=true
[16021]	87	123	-29	-4	-9	-3	det1=true
[16022]	87	123	-32	-4	-9	3	det1=true
[16023]	94	123	-29	-15	-9	4	det1=true
[16024]	95	123	-43	-37	-7	-5	det1=true
[16025]	95	123	-48	-37	-7	5	det1=true
[16026]	95	123	-42	-38	-5	-7	det1=true
[16027]	95	123	-49	-38	-5	7	det1=true
[16028]	96	123	-23	0	-10	-2	det1=true
[16029]	96	123	-19	-4	-2	-10	det1=true
[16030]	96	123	-29	-4	-2	10	det1=true
[16031]	99	123	-40	-23	-5	-8	det1=true
[16032]	99	123	-48	-23	-5	8	det1=true
[16033]	99	123	-37	-26	-3	-9	det1=true
[16034]	99	123	-46	-26	-3	9	det1=true
[16035]	103	123	-55	-19	-3	9	det1=true
[16036]	103	123	-48	-16	-4	9	det1=true
[16037]	107	123	-43	-34	-9	-3	det1=true
[16038]	107	123	-33	-10	-10	-3	det1=true
[16039]	107	123	-36	-10	-10	3	det1=true
[16040]	109	123	-44	-30	-9	4	det1=true
[16041]	111	123	-19	0	-2	11	det1=true
[16042]	114	123	-61	-1	-1	10	det1=true
[16043]	115	123	-62	-32	-5	8	det1=true
[16044]	116	123	-50	-5	-2	-10	det1=true
[16045]	116	123	-60	-5	-2	10	det1=true
[16046]	117	123	-53	-37	-9	-3	det1=true
[16047]	117	123	-56	-37	-9	3	det1=true
[16048]	117	123	-50	-40	-3	-9	det1=true
[16049]	117	123	-12	-7	-7	-9	det1=true
[16050]	117	123	-21	-7	-7	9	det1=true
[16051]	118	123	-35	-17	-9	-6	det1=true
[16052]	118	123	-41	-17	-9	6	det1=true
[16053]	51	124	-21	-10	-4	-6	det1=true
[16054]	53	124	-20	-19	-6	-4	det1=true
[16055]	69	124	-29	-21	-1	-8	det1=true
[16056]	69	124	-37	-21	-1	8	det1=true
[16057]	75	124	-35	-22	-8	-2	det1=true
[16058]	75	124	-37	-22	-8	2	det1=true
[16059]	77	124	-13	-8	-7	-6	det1=true
[16060]	77	124	-19	-8	-7	6	det1=true
[16061]	79	124	-21	-3	-6	-7	det1=true
[16062]	79	124	-16	-13	-6	-7	det1=true
[16063]	79	124	-23	-13	-6	7	det1=true
[16064]	82	124	-26	-1	-8	5	det1=true
[16065]	88	124	1	-3	-1	-10	det1=true
[16066]	89	124	-17	-9	-4	-9	det1=true
[16067]	89	124	-10	-5	-6	-8	det1=true
[16068]	89	124	-18	-5	-6	8	det1=true
[16069]	90	124	-11	-4	-1	-10	det1=true
[16070]	90	124	-21	-4	-1	10	det1=true
[16071]	94	124	-15	-6	-2	-10	det1=true
[16072]	94	124	-25	-6	-2	10	det1=true
[16073]	97	124	-45	-25	-5	8	det1=true
[16074]	100	124	-33	-8	-1	-10	det1=true
[16075]	100	124	-43	-8	-1	10	det1=true
[16076]	100	124	-31	-8	-10	-2	det1=true
[16077]	100	124	-33	-8	-10	2	det1=true
[16078]	104	124	-41	-22	-8	6	det1=true
[16079]	105	124	-51	-4	-1	10	det1=true
[16080]	105	124	-20	-9	-10	4	det1=true
[16081]	106	124	-47	3	-10	-1	det1=true
[16082]	106	124	-48	3	-10	1	det1=true
[16083]	114	124	-57	-14	-2	10	det1=true
[16084]	115	124	-21	-12	-11	-2	det1=true
[16085]	115	124	-23	-12	-11	2	det1=true
[16086]	116	124	-50	-29	-4	-9	det1=true
[16087]	116	124	-59	-29	-4	9	det1=true
[16088]	116	124	-51	-29	-9	-4	det1=true
[16089]	116	124	-55	-29	-9	4	det1=true
[16090]	117	124	-45	-22	-7	8	det1=true
[16091]	118	124	-55	-26	-9	-4	det1=true
[16092]	120	124	-49	-32	-10	2	det1=true
[16093]	122	124	-46	-13	-10	-4	det1=true
[16094]	122	124	-50	-13	-10	4	det1=true
[16095]	31	121	-5	-4	-3	-5	det1=true
[16096]	31	121	-10	-4	-3	5	det1=true
[16097]	53	121	-8	-4	-3	-7	det1=true
[16098]	53	121	-15	-4	-3	7	det1=true
[16099]	66	121	-9	1	-8	-3	det1=true
[16100]	74	121	-21	-20	-3	-8	det1=true
[16101]	74	121	-29	-20	-3	8	det1=true
[16102]	77	121	-29	-29	-2	-8	det1=true
[16103]	77	121	-37	-29	-2	8	det1=true
[16104]	77	121	-15	-11	-9	-1	det1=true
[16105]	77	121	-16	-11	-9	1	det1=true
[16106]	79	121	-26	0	-9	-1	det1=true
[16107]	79	121	-27	0	-9	1	det1=true
[16108]	81	121	-8	-6	-8	-5	det1=true
[16109]	81	121	-13	-6	-8	5	det1=true
[16110]	89	121	-36	-4	-6	-7	det1=true
[16111]	90	121	-34	-15	-6	-7	det1=true
[16112]	90	121	-41	-15	-6	7	det1=true
[16113]	91	121	-42	-42	-4	-7	det1=true
[16114]	91	121	-49	-42	-4	7	det1=true
[16115]	91	121	-42	-29	-7	-5	det1=true
[16116]	91	121	-47	-29	-7	5	det1=true
[16117]	93	121	-24	-2	-8	6	det1=true
[16118]	98	121	-27	-8	-6	-8	det1=true
[16119]	98	121	-35	-8	-6	8	det1=true
[16120]	99	121	-28	-2	-1	-10	det1=true
[16121]	99	121	-38	-2	-1	10	det1=true
[16122]	100	121	-13	-4	-3	-10	det1=true
[16123]	101	121	-16	-8	-10	-3	det1=true
[16124]	101	121	-19	-8	-10	3	det1=true
[16125]	107	121	-46	-39	-1	-9	det1=true
[16126]	107	121	-55	-39	-1	9	det1=true
[16127]	109	121	-57	-46	-5	7	det1=true
[16128]	109	121	-31	-20	-5	-9	det1=true
[16129]	109	121	-40	-20	-5	9	det1=true
[16130]	109	121	-5	2	-11	-1	det1=true
[16131]	109	121	-6	2	-11	1	det1=true
[16132]	111	121	-16	2	-11	-1	det1=true
[16133]	111	121	-17	2	-11	1	det1=true
[16134]	113	121	-44	-16	-10	-2	det1=true
[16135]	113	121	-46	-16	-10	2	det1=true
[16136]	115	121	-50	-2	-1	-10	det1=true
[16137]	115	121	-60	-2	-1	10	det1=true
[16138]	115	121	-39	-18	-10	-3	det1=true
[16139]	115	121	-42	-18	-10	3	det1=true
[16140]	118	121	-53	-5	-1	-10	det1=true
[16141]	118	121	-63	-5	-1	10	det1=true
[16142]	119	121	-58	-41	-5	8	det1=true
[16143]	119	121	-38	-6	-9	-6	det1=true
[16144]	120	121	-40	-11	-10	-4	det1=true
[16145]	120	121	-44	-11	-10	4	det1=true
[16146]	121	121	-48	-19	-5	-9	det1=true
[16147]	38	122	-16	-3	-6	-2	det1=true
[16148]	38	122	-18	-3	-6	2	det1=true
[16149]	38	122	-16	-7	-6	2	det1=true
[16150]	47	122	-11	-4	-6	4	det1=true
[16151]	65	122	-27	-9	-8	-1	det1=true
[16152]	65	122	-28	-9	-8	1	det1=true
[16153]	73	122	-28	-9	-8	-3	det1=true
[16154]	73	122	-31	-9	-8	3	det1=true
[16155]	77	122	-11	-5	-9	-2	det1=true
[16156]	79	122	-29	-25	-8	-3	det1=true
[16157]	85	122	-38	-35	-8	-2	det1=true
[16158]	85	122	-40	-35	-8	2	det1=true
[16159]	87	122	-25	-11	-5	-8	det1=true
[16160]	90	122	-41	-3	-9	-2	det1=true
[16161]	91	122	-45	2	-9	2	det1=true
[16162]	94	122	-23	0	-8	-6	det1=true
[16163]	94	122	-29	0	-8	6	det1=true
[16164]	95	122	-37	-7	-4	9	det1=true
[16165]	96	122	-26	-3	-6	-8	det1=true
[16166]	96	122	-34	-3	-6	8	det1=true
[16167]	98	122	-43	-10	-5	-8	det1=true
[16168]	98	122	-51	-10	-5	8	det1=true
[16169]	100	122	-51	-25	-6	7	det1=true
[16170]	107	122	-24	-7	-8	-7	det1=true
[16171]	107	122	-31	-7	-8	7	det1=true
[16172]	108	122	-41	-37	-5	-8	det1=true
[16173]	108	122	-49	-37	-5	8	det1=true
[16174]	113	122	-57	-31	-8	5	det1=true
[16175]	119	122	-47	-30	-1	-10	det1=true
[16176]	119	122	-38	-11	-4	-10	det1=true
[16177]	119	122	-48	-11	-4	10	det1=true
[16178]	122	122	-64	-13	-2	10	det1=true
[16179]	26	123	-6	1	-2	-5	det1=true
[16180]	26	123	-11	1	-2	5	det1=true
[16181]	45	123	-6	-7	-1	-7	det1=true
[16182]	47	123	-19	0	-7	-1	det1=true
[16183]	47	123	-20	0	-7	1	det1=true
[16184]	55	123	-8	-6	-6	-5	det1=true
[16185]	55	123	-13	-6	-6	5	det1=true
[16186]	65	123	-26	-9	-1	-8	det1=true
[16187]	65	123	-34	-9	-1	8	det1=true
[16188]	69	123	-13	-13	-5	-7	det1=true
[16189]	69	123	-20	-13	-5	7	det1=true
[16190]	70	123	-28	-17	-8	-2	det1=true
[16191]	70	123	-30	-17	-8	2	det1=true
[16192]	83	123	-34	-9	-9	-1	det1=true
[16193]	83	123	-35	-9	-9	1	det1=true
[16194]	89	123	-41	-29	-5	-7	det1=true
[16195]	89	123	-48	-29	-5	7	det1=true
[16196]	89	123	-38	-33	-7	-5	det1=true
[16197]	89	123	-43	-33	-7	5	det1=true
[16198]	90	123	-13	3	-10	-1	det1=true
[16199]	90	123	-14	3	-10	1	det1=true
[16200]	93	123	-31	-30	-6	-7	det1=true
[16201]	93	123	-38	-30	-6	7	det1=true
[16202]	97	123	-18	1	-5	-9	det1=true
[16203]	97	123	-27	1	-5	9	det1=true
[16204]	103	123	-39	-16	-4	-9	det1=true
[16205]	107	123	-44	-6	-6	-8	det1=true
[16206]	107	123	-36	2	-10	-3	det1=true
[16207]	107	123	-39	2	-10	3	det1=true
[16208]	109	123	-52	-46	-5	-7	det1=true
[16209]	109	123	-40	-30	-9	-4	det1=true
[16210]	110	123	-41	-24	-6	-8	det1=true
[16211]	110	123	-49	-24	-6	8	det1=true
[16212]	111	123	-17	0	-1	-11	det1=true
[16213]	111	123	-28	0	-1	11	det1=true
[16214]	112	123	-31	1	-9	-6	det1=true
[16215]	112	123	-37	1	-9	6	det1=true
[16216]	112	123	-13	-5	-11	-2	det1=true
[16217]	112	123	-15	-5	-11	2	det1=true
[16218]	113	123	-41	-23	-2	-10	det1=true
[16219]	113	123	-51	-23	-2	10	det1=true
[16220]	114	123	-26	-19	-6	-9	det1=true
[16221]	114	123	-35	-19	-6	9	det1=true
[16222]	115	123	-31	3	-11	-1	det1=true
[16223]	117	123	-59	-40	-3	9	det1=true
[16224]	119	123	-54	-16	-1	-10	det1=true
[16225]	119	123	-64	-16	-1	10	det1=true
[16226]	119	123	-36	-26	-8	-7	det1=true
[16227]	119	123	-43	-26	-8	7	det1=true
[16228]	122	123	-35	-10	-11	-2	det1=true
[16229]	122	123	-37	-10	-11	2	det1=true
[16230]	51	124	-22	-9	-6	-4	det1=true
[16231]	60	124	-17	-11	-7	4	det1=true
[16232]	74	124	-1	3	-7	-6	det1=true
[16233]	77	124	-15	-7	-9	-2	det1=true
[16234]	79	124	-28	-3	-6	7	det1=true
[16235]	80	124	-23	-1	-2	-9	det1=true
[16236]	80	124	-32	-1	-2	9	det1=true
[16237]	84	124	-22	-11	-8	-5	det1=true
[16238]	84	124	-27	-11	-8	5	det1=true
[16239]	86	124	-11	-2	-9	-4	det1=true
[16240]	86	124	-15	-2	-9	4	det1=true
[16241]	91	124	-36	-21	-2	-9	det1=true
[16242]	91	124	-45	-21	-2	9	det1=true
[16243]	95	124	-22	-23	-4	-9	det1=true
[16244]	95	124	-31	-23	-4	9	det1=true
[16245]	102	124	-25	0	-3	-10	det1=true
[16246]	102	124	-35	0	-3	10	det1=true
[16247]	103	124	-47	-34	-5	8	det1=true
[16248]	103	124	-25	-13	-10	-3	det1=true
[16249]	103	124	-28	-13	-10	3	det1=true
[16250]	109	124	-34	-33	-6	-8	det1=true
[16251]	109	124	-42	-33	-6	8	det1=true
[16252]	110	124	-49	-40	-9	-2	det1=true
[16253]	110	124	-51	-40	-9	2	det1=true
[16254]	110	124	-53	-41	-7	6	det1=true
[16255]	111	124	-49	-35	-8	-5	det1=true
[16256]	115	124	-38	-15	-8	-7	det1=true
[16257]	115	124	-45	-15	-8	7	det1=true
[16258]	116	124	-40	-29	-10	3	det1=true
[16259]	118	124	-59	-26	-9	4	det1=true
[16260]	118	124	-48	-27	-10	-2	det1=true
[16261]	118	124	-50	-27	-10	2	det1=true
[16262]	121	124	-55	-47	-2	-9	det1=true
[16263]	121	124	-64	-47	-2	9	det1=true
[16264]	124	124	-65	-4	-3	10	det1=true
[16265]	33	121	-15	-5	-5	-3	det1=true
[16266]	33	121	-18	-5	-5	3	det1=true
[16267]	60	121	-11	-5	-1	-8	det1=true
[16268]	68	121	-20	-17	-2	-8	det1=true
[16269]	68	121	-28	-17	-2	8	det1=true
[16270]	76	121	-23	-23	-3	-8	det1=true
[16271]	76	121	-31	-23	-3	8	det1=true
[16272]	79	121	-25	-4	-9	-1	det1=true
[16273]	82	121	-12	-7	-8	-5	det1=true
[16274]	82	121	-17	-7	-8	5	det1=true
[16275]	93	121	-30	-20	-5	-8	det1=true
[16276]	93	121	-38	-20	-5	8	det1=true
[16277]	94	121	-31	-29	-6	-7	det1=true
[16278]	94	121	-38	-29	-6	7	det1=true
[16279]	95	121	-9	-1	-9	5	det1=true
[16280]	97	121	-42	-3	-5	-8	det1=true
[16281]	97	121	-50	-3	-5	8	det1=true
[16282]	97	121	-46	-19	-9	2	det1=true
[16283]	97	121	-24	-3	-1	-10	det1=true
[16284]	97	121	-34	-3	-1	10	det1=true
[16285]	97	121	-14	-2	-9	-5	det1=true
[16286]	98	121	-15	-2	-3	10	det1=true
[16287]	100	121	-16	-7	-10	3	det1=true
[16288]	103	121	-10	-6	-7	-8	det1=true
[16289]	103	121	-18	-6	-7	8	det1=true
[16290]	107	121	-50	-35	-9	-1	det1=true
[16291]	107	121	-51	-35	-9	1	det1=true
[16292]	109	121	-23	-3	-10	-4	det1=true
[16293]	109	121	-27	-3	-10	4	det1=true
[16294]	110	121	-25	-4	-10	-4	det1=true
[16295]	110	121	-29	-4	-10	4	det1=true
[16296]	113	121	-40	-20	-2	-10	det1=true
[16297]	113	121	-50	-20	-2	10	det1=true
[16298]	119	121	-50	-41	-5	-8	det1=true
[16299]	119	121	-36	-22	-9	6	det1=true
[16300]	121	121	-51	-30	-5	9	det1=true
[16301]	35	122	-13	-7	-6	-1	det1=true
[16302]	35	122	-14	-7	-6	1	det1=true
[16303]	47	122	-7	-4	-6	-4	det1=true
[16304]	51	122	-19	-1	-2	-7	det1=true
[16305]	68	122	-33	-9	-8	-1	det1=true
[16306]	68	122	-34	-9	-8	1	det1=true
[16307]	74	122	-30	-9	-8	-3	det1=true
[16308]	74	122	-33	-9	-8	3	det1=true
[16309]	77	122	-36	-25	-8	2	det1=true
[16310]	77	122	-13	-5	-9	2	det1=true
[16311]	79	122	-32	-25	-8	3	det1=true
[16312]	84	122	-38	-33	-2	-8	det1=true
[16313]	84	122	-46	-33	-2	8	det1=true
[16314]	86	122	-1	-1	-4	-9	det1=true
[16315]	86	122	-10	-1	-4	9	det1=true
[16316]	101	122	-18	-9	-10	-3	det1=true
[16317]	101	122	-21	-9	-10	3	det1=true
[16318]	106	122	-29	-11	-10	-3	det1=true
[16319]	107	122	-21	0	-10	-4	det1=true
[16320]	107	122	-25	0	-10	4	det1=true
[16321]	110	122	-42	-39	-8	-5	det1=true
[16322]	110	122	-47	-39	-8	5	det1=true
[16323]	113	122	-52	-31	-8	-5	det1=true
[16324]	118	122	-59	-18	-8	6	det1=true
[16325]	118	122	-60	-19	-6	8	det1=true
[16326]	119	122	-54	-43	-2	-9	det1=true
[16327]	119	122	-63	-43	-2	9	det1=true
[16328]	45	123	-13	-7	-1	7	det1=true
[16329]	61	123	-18	-4	-4	-7	det1=true
[16330]	61	123	-25	-4	-4	7	det1=true
[16331]	63	123	-20	-14	-8	-1	det1=true
[16332]	67	123	-9	-8	-5	-7	det1=true
[16333]	67	123	-16	-8	-5	7	det1=true
[16334]	68	123	-17	-6	-3	-8	det1=true
[16335]	68	123	-25	-6	-3	8	det1=true
[16336]	69	123	-25	1	-7	5	det1=true
[16337]	69	123	-23	-9	-5	7	det1=true
[16338]	75	123	-4	0	-6	-7	det1=true
[16339]	75	123	-11	0	-6	7	det1=true
[16340]	81	123	-36	-19	-7	-5	det1=true
[16341]	81	123	-41	-19	-7	5	det1=true
[16342]	84	123	-27	-13	-7	-6	det1=true
[16343]	86	123	-35	-33	-3	-8	det1=true
[16344]	86	123	-43	-33	-3	8	det1=true
[16345]	91	123	-36	1	-5	-8	det1=true
[16346]	91	123	-44	1	-5	8	det1=true
[16347]	100	123	-7	2	-7	-8	det1=true
[16348]	100	123	-15	2	-7	8	det1=true
[16349]	107	123	-34	-27	-1	-10	det1=true
[16350]	107	123	-44	-27	-1	10	det1=true
[16351]	113	123	-45	-19	-10	-2	det1=true
[16352]	113	123	-47	-19	-10	2	det1=true
[16353]	115	123	-45	-14	-5	-9	det1=true
[16354]	115	123	-54	-14	-5	9	det1=true
[16355]	115	123	-43	-32	-10	-1	det1=true
[16356]	67	124	-35	-18	-1	8	det1=true
[16357]	67	124	-31	-18	-7	4	det1=true
[16358]	70	124	-33	-10	-8	-2	det1=true
[16359]	70	124	-35	-10	-8	2	det1=true
[16360]	89	124	-26	-9	-4	9	det1=true
[16361]	97	124	-33	-11	-4	-9	det1=true
[16362]	97	124	-42	-11	-4	9	det1=true
[16363]	97	124	-12	-5	-10	-3	det1=true
[16364]	97	124	-15	-5	-10	3	det1=true
[16365]	100	124	-36	-39	-2	-9	det1=true
[16366]	100	124	-45	-39	-2	9	det1=true
[16367]	102	124	-37	0	-1	-10	det1=true
[16368]	102	124	-47	0	-1	10	det1=true
[16369]	103	124	-39	-34	-5	-8	det1=true
[16370]	103	124	-37	-6	-10	-2	det1=true
[16371]	103	124	-39	-6	-10	2	det1=true
[16372]	110	124	-27	-28	-3	-10	det1=true
[16373]	110	124	-37	-28	-3	10	det1=true
[16374]	114	124	-47	-14	-2	-10	det1=true
[16375]	114	124	-43	-24	-2	-10	det1=true
[16376]	114	124	-53	-24	-2	10	det1=true
[16377]	115	124	-37	-27	-8	7	det1=true
[16378]	116	124	-37	-29	-10	-3	det1=true
[16379]	116	124	-27	-25	-6	-9	det1=true
[16380]	116	124	-36	-25	-6	9	det1=true
[16381]	117	124	-48	-25	-10	-2	det1=true
[16382]	117	124	-50	-25	-10	2	det1=true
[16383]	117	124	-37	-22	-7	-8	det1=true
[16384]	121	124	-15	0	-10	-6	det1=true
[16385]	85	121	-37	-2	-9	-1	det1=true
[16386]	85	121	-38	-2	-9	1	det1=true
[16387]	90	121	-33	-17	-2	-9	det1=true
[16388]	90	121	-42	-17	-2	9	det1=true
[16389]	97	121	-19	-2	-9	5	det1=true
[16390]	98	121	-5	-2	-3	-10	det1=true
[16391]	106	121	-39	-2	-1	-10	det1=true
[16392]	106	121	-49	-2	-1	10	det1=true
[16393]	109	121	-18	-12	-10	-4	det1=true
[16394]	109	121	-22	-12	-10	4	det1=true
[16395]	119	121	-59	0	-5	9	det1=true
[16396]	121	121	-42	-30	-5	-9	det1=true
[16397]	73	122	-31	-25	-7	-4	det1=true
[16398]	73	122	-35	-25	-7	4	det1=true
[16399]	75	122	-31	-29	-7	-4	det1=true
[16400]	77	122	-34	-25	-8	-2	det1=true
[16401]	103	122	-39	-37	-6	-7	det1=true
[16402]	103	122	-46	-37	-6	7	det1=true
[16403]	107	122	-49	-31	-7	-6	det1=true
[16404]	107	122	-55	-31	-7	6	det1=true
[16405]	108	122	-47	-1	-10	-1	det1=true
[16406]	108	122	-48	-1	-10	1	det1=true
[16407]	115	122	-44	-33	-4	-9	det1=true
[16408]	115	122	-53	-33	-4	9	det1=true
[16409]	118	122	-52	-19	-6	-8	det1=true
[16410]	120	122	-51	-22	-10	-2	det1=true
[16411]	120	122	-53	-22	-10	2	det1=true
[16412]	60	123	-2	-3	-2	-8	det1=true
[16413]	60	123	-10	-3	-2	8	det1=true
[16414]	69	123	-20	1	-7	-5	det1=true
[16415]	70	123	-31	-19	-1	-8	det1=true
[16416]	70	123	-39	-19	-1	8	det1=true
[16417]	90	123	-33	-8	-5	-8	det1=true
[16418]	90	123	-41	-8	-5	8	det1=true
[16419]	99	123	-42	-28	-7	-6	det1=true
[16420]	99	123	-48	-28	-7	6	det1=true
[16421]	103	123	-30	-5	-5	-9	det1=true
[16422]	103	123	-39	-5	-5	9	det1=true
[16423]	105	123	-40	-2	-1	-10	det1=true
[16424]	105	123	-50	-2	-1	10	det1=true
[16425]	105	123	-34	-24	-10	-1	det1=true
[16426]	105	123	-35	-24	-10	1	det1=true
[16427]	106	123	-23	-8	-7	-8	det1=true
[16428]	106	123	-31	-8	-7	8	det1=true
[16429]	109	123	-10	-4	-1	-11	det1=true
[16430]	109	123	-21	-4	-1	11	det1=true
[16431]	111	123	-22	-16	-9	-6	det1=true
[16432]	111	123	-28	-16	-9	6	det1=true
[16433]	116	123	-54	-1	-10	-2	det1=true
[16434]	116	123	-56	-1	-10	2	det1=true
[16435]	117	123	-18	4	-11	-3	det1=true
[16436]	120	123	-45	-10	-7	-8	det1=true
[16437]	120	123	-53	-10	-7	8	det1=true
[16438]	67	124	-27	-18	-7	-4	det1=true
[16439]	67	124	-25	-21	-1	-8	det1=true
[16440]	67	124	-33	-21	-1	8	det1=true
[16441]	68	124	-31	-24	-5	-6	det1=true
[16442]	82	124	-21	-1	-8	-5	det1=true
[16443]	85	124	-37	-30	-3	-8	det1=true
[16444]	85	124	-45	-30	-3	8	det1=true
[16445]	97	124	-37	-25	-5	-8	det1=true
[16446]	98	124	-16	-5	-10	-3	det1=true
[16447]	98	124	-19	-5	-10	3	det1=true
[16448]	103	124	-49	-19	-8	-5	det1=true
[16449]	103	124	-54	-19	-8	5	det1=true
[16450]	103	124	-33	-10	-2	-10	det1=true
[16451]	103	124	-43	-10	-2	10	det1=true
[16452]	109	124	-46	-5	-10	-2	det1=true
[16453]	109	124	-48	-5	-10	2	det1=true
[16454]	110	124	-47	-31	-1	10	det1=true
[16455]	117	124	-23	-16	-11	-2	det1=true
[16456]	117	124	-25	-16	-11	2	det1=true
[16457]	121	124	-21	0	-10	6	det1=true
[16458]	122	124	-47	0	-9	-6	det1=true
[16459]	122	124	-53	0	-9	6	det1=true
[16460]	124	124	-37	-9	-2	-11	det1=true
[16461]	37	121	-4	-2	-4	-5	det1=true
[16462]	37	121	-9	-2	-4	5	det1=true
[16463]	61	121	-22	-11	-5	-6	det1=true
[16464]	61	121	-28	-11	-5	6	det1=true
[16465]	88	121	-24	-25	-2	-9	det1=true
[16466]	120	121	-53	-16	-1	-10	det1=true
[16467]	120	121	-63	-16	-1	10	det1=true
[16468]	87	122	-33	-11	-5	8	det1=true
[16469]	96	122	-18	-7	-10	-2	det1=true
[16470]	98	122	-32	1	-10	-1	det1=true
[16471]	98	122	-33	1	-10	1	det1=true
[16472]	118	122	-49	-5	-10	-3	det1=true
[16473]	118	122	-52	-5	-10	3	det1=true
[16474]	63	123	-17	-16	-4	-7	det1=true
[16475]	63	123	-24	-16	-4	7	det1=true
[16476]	69	123	-17	-8	-7	-5	det1=true
[16477]	69	123	-22	-8	-7	5	det1=true
[16478]	75	123	-26	-17	-5	-7	det1=true
[16479]	79	123	-28	-25	-7	-5	det1=true
[16480]	79	123	-33	-25	-7	5	det1=true
[16481]	83	123	-20	-4	-5	-8	det1=true
[16482]	83	123	-28	-4	-5	8	det1=true
[16483]	103	123	-10	0	-10	-4	det1=true
[16484]	110	123	-28	-15	-8	-7	det1=true
[16485]	110	123	-35	-15	-8	7	det1=true
[16486]	115	123	-44	-32	-10	1	det1=true
[16487]	116	123	-33	-16	-4	-10	det1=true
[16488]	116	123	-43	-16	-4	10	det1=true
[16489]	117	123	-21	4	-11	3	det1=true
[16490]	118	123	-57	-13	-10	-1	det1=true
[16491]	118	123	-58	-13	-10	1	det1=true
[16492]	119	123	-44	-9	-7	-8	det1=true
[16493]	119	123	-52	-9	-7	8	det1=true
[16494]	89	124	-13	2	-8	-6	det1=true
[16495]	89	124	-19	2	-8	6	det1=true
[16496]	99	124	-6	1	-8	-7	det1=true
[16497]	99	124	-13	1	-8	7	det1=true
[16498]	106	124	-40	-11	-10	-2	det1=true
[16499]	106	124	-42	-11	-10	2	det1=true
[16500]	114	124	-47	-20	-10	-2	det1=true
[16501]	114	124	-49	-20	-10	2	det1=true
[16502]	114	124	-13	-17	-2	-11	det1=true
[16503]	114	124	-24	-17	-2	11	det1=true
[16504]	64	121	-19	-14	-1	-8	det1=true
[16505]	64	121	-27	-14	-1	8	det1=true
[16506]	88	121	-33	-25	-2	9	det1=true
[16507]	45	122	-19	-11	-3	-6	det1=true
[16508]	52	122	-20	-13	-6	-4	det1=true
[16509]	52	122	-24	-13	-6	4	det1=true
[16510]	52	122	-19	-14	-4	-6	det1=true
[16511]	52	122	-25	-14	-4	6	det1=true
[16512]	54	122	-20	-17	-2	-7	det1=true
[16513]	54	122	-27	-17	-2	7	det1=true
[16514]	96	122	-20	-7	-10	2	det1=true
[16515]	105	122	-15	-13	-7	-8	det1=true
[16516]	73	123	-29	0	-7	-5	det1=true
[16517]	73	123	-34	0	-7	5	det1=true
[16518]	75	123	-33	-17	-5	7	det1=true
[16519]	114	123	-37	4	-10	-4	det1=true
[16520]	114	123	-41	4	-10	4	det1=true
[16521]	82	124	-24	-13	-2	-9	det1=true
[16522]	82	124	-33	-13	-2	9	det1=true
[16523]	90	124	-7	-11	-1	-10	det1=true
[16524]	100	124	-37	-37	-6	-7	det1=true
[16525]	100	124	-44	-37	-6	7	det1=true
[16526]	114	124	-38	-1	-10	-4	det1=true
[16527]	114	124	-42	-1	-10	4	det1=true
[16528]	114	124	-35	-4	-4	-10	det1=true
[16529]	114	124	-45	-4	-4	10	det1=true
[16530]	64	121	-21	-11	-7	-4	det1=true
[16531]	64	121	-25	-11	-7	4	det1=true
[16532]	66	121	-27	-4	-1	-8	det1=true
[16533]	66	121	-35	-4	-1	8	det1=true
[16534]	100	121	-42	-19	-8	-5	det1=true
[16535]	109	121	-24	-12	-8	-7	det1=true
[16536]	109	121	-31	-12	-8	7	det1=true
[16537]	110	121	-46	-39	-2	-9	det1=true
[16538]	91	122	-37	-15	-7	-6	det1=true
[16539]	91	122	-43	-15	-7	6	det1=true
[16540]	99	122	-29	-13	-10	-1	det1=true
[16541]	99	122	-30	-13	-10	1	det1=true
[16542]	101	123	-10	-4	-8	-7	det1=true
[16543]	101	123	-17	-4	-8	7	det1=true
[16544]	109	123	-29	-27	-9	-5	det1=true
[16545]	109	123	-34	-27	-9	5	det1=true
[16546]	63	124	-21	4	-8	-2	det1=true
[16547]	63	124	-23	4	-8	2	det1=true
[16548]	99	124	-31	-15	-10	-1	det1=true
[16549]	99	124	-32	-15	-10	1	det1=true
[16550]	110	124	-37	-31	-1	-10	det1=true
[16551]	73	121	-26	-14	-7	5	det1=true
[16552]	83	121	-30	-2	-9	2	det1=true
[16553]	108	121	-32	-25	-10	2	det1=true
[16554]	110	121	-55	-39	-2	9	det1=true
[16555]	111	121	-11	-3	-1	-11	det1=true
[16556]	111	121	-22	-3	-1	11	det1=true
[16557]	83	122	-26	-5	-2	-9	det1=true
[16558]	83	122	-35	-5	-2	9	det1=true
[16559]	97	122	-32	-5	-4	-9	det1=true
[16560]	97	122	-41	-5	-4	9	det1=true
[16561]	97	122	-23	-23	-4	-9	det1=true
[16562]	97	122	-32	-23	-4	9	det1=true
[16563]	105	122	-23	-13	-7	8	det1=true
[16564]	55	123	-11	0	-6	-5	det1=true
[16565]	55	123	-16	0	-6	5	det1=true
[16566]	103	123	-4	1	-9	-6	det1=true
[16567]	103	123	-10	1	-9	6	det1=true
[16568]	110	123	-43	-18	-1	-10	det1=true
[16569]	110	123	-53	-18	-1	10	det1=true
[16570]	55	124	-11	-5	-6	-5	det1=true
[16571]	118	124	-51	-16	-2	-10	det1=true
[16572]	118	124	-61	-16	-2	10	det1=true
[16573]	73	121	-21	-14	-7	-5	det1=true
[16574]	83	121	-28	-2	-9	-2	det1=true
[16575]	96	121	-21	-7	-1	-10	det1=true
[16576]	97	121	-36	-29	-7	-6	det1=true
[16577]	97	121	-42	-29	-7	6	det1=true
[16578]	101	121	-28	-18	-8	-6	det1=true
[16579]	101	121	-34	-18	-8	6	det1=true
[16580]	102	121	-9	1	-8	-7	det1=true
[16581]	102	121	-16	1	-8	7	det1=true
[16582]	108	121	-30	-25	-10	-2	det1=true
[16583]	114	122	-38	1	-8	-7	det1=true
[16584]	37	123	-9	2	-4	-5	det1=true
[16585]	37	123	-14	2	-4	5	det1=true
[16586]	83	123	-31	-15	-9	-1	det1=true
[16587]	102	123	-37	-11	-10	-1	det1=true
[16588]	102	123	-38	-11	-10	1	det1=true
[16589]	117	123	-11	-9	-3	-11	det1=true
[16590]	117	123	-22	-9	-3	11	det1=true
[16591]	105	124	-39	-19	-10	-1	det1=true
[16592]	105	124	-40	-19	-10	1	det1=true
[16593]	53	121	-6	-7	-3	-7	det1=true
[16594]	53	121	-13	-7	-3	7	det1=true
[16595]	101	121	-23	-4	-5	-9	det1=true
[16596]	101	121	-32	-4	-5	9	det1=true
[16597]	117	121	-56	-41	-3	9	det1=true
[16598]	117	121	-31	-17	-4	-10	det1=true
[16599]	117	121	-41	-17	-4	10	det1=true
[16600]	62	122	-20	-19	-6	-5	det1=true
[16601]	62	122	-25	-19	-6	5	det1=true
[16602]	76	122	-9	1	-9	-2	det1=true
[16603]	76	122	-11	1	-9	2	det1=true
[16604]	86	122	-33	3	-6	-7	det1=true
[16605]	86	122	-40	3	-6	7	det1=true
[16606]	102	122	-39	5	-10	-1	det1=true
[16607]	102	122	-40	5	-10	1	det1=true
[16608]	114	122	-45	1	-8	7	det1=true
[16609]	120	123	-44	-7	-10	-4	det1=true
[16610]	120	123	-48	-7	-10	4	det1=true
[16611]	55	124	-12	-3	-6	-5	det1=true
[16612]	55	124	-17	-3	-6	5	det1=true
[16613]	93	121	-34	-7	-3	-9	det1=true
[16614]	107	121	-36	-2	-9	-5	det1=true
[16615]	107	121	-41	-2	-9	5	det1=true
[16616]	57	123	-22	-9	-3	-7	det1=true
[16617]	57	123	-29	-9	-3	7	det1=true
[16618]	79	124	-15	-15	-2	-9	det1=true
[16619]	79	124	-24	-15	-2	9	det1=true
[16620]	100	122	-31	-4	-1	-10	det1=true
[16621]	100	122	-41	-4	-1	10	det1=true
[16622]	114	123	-29	-24	-7	-8	det1=true
[16623]	112	124	-39	-33	-10	-1	det1=true
[16624]	112	124	-40	-33	-10	1	det1=true
[16625]	40	122	-19	-10	-6	-2	det1=true
[16626]	111	122	-3	1	-2	-11	det1=true
[16627]	111	122	-14	1	-2	11	det1=true
[16628]	114	124	-51	-10	-10	-2	det1=true
[16629]	114	124	-53	-10	-10	2	det1=true
[16630]	95	121	-39	-20	-6	-7	det1=true
[16631]	95	121	-46	-20	-6	7	det1=true
[16632]	55	122	-6	-5	-6	-5	det1=true
[16633]	116	122	-46	-43	-8	-5	det1=true
[16634]	116	122	-51	-43	-8	5	det1=true
[16635]	84	123	-29	-12	-9	-2	det1=true
[16636]	84	123	-31	-12	-9	2	det1=true
[16637]	121	123	-46	-12	-8	-7	det1=true
[16638]	121	123	-53	-12	-8	7	det1=true
[16639]	121	121	-38	2	-11	-1	det1=true
[16640]	121	121	-39	2	-11	1	det1=true
[16641]	98	122	-13	5	-10	-3	det1=true
[16642]	98	122	-16	5	-10	3	det1=true
[16643]	109	124	-1	-1	-2	-11	det1=true
[16644]	109	124	-12	-1	-2	11	det1=true
[16645]	112	124	-44	-27	-10	-1	det1=true
[16646]	112	124	-45	-27	-10	1	det1=true
[16647]	116	122	-54	-33	-8	-5	det1=true
[16648]	116	122	-59	-33	-8	5	det1=true
[16649]	89	123	-42	-28	-7	-5	det1=true
[16650]	89	123	-47	-28	-7	5	det1=true
[16651]	40	122	-17	-7	-4	-5	det1=true
[16652]	123	123	-49	-9	-1	11	det1=true
[16653]	100	123	-28	-1	-2	-10	det1=true
[16654]	100	123	-38	-1	-2	10	det1=true
[16655]	102	123	-29	-22	-1	-10	det1=true
[16656]	102	123	-39	-22	-1	10	det1=true
[16657]	123	123	-38	-9	-1	-11	det1=true
[16658]	116	124	-39	1	-9	-6	det1=true
[16659]	101	122	-35	-2	-6	-8	det1=true
[16660]	93	123	-32	-21	-5	-8	det1=true
[16661]	93	123	-40	-21	-5	8	det1=true
[16662]	105	123	-38	-37	-5	-8	det1=true
[16663]	105	123	-46	-37	-5	8	det1=true
[16664]	69	122	-23	-18	-2	-8	det1=true
[16665]	99	123	-44	-27	-9	-2	det1=true
[16666]	99	123	-46	-27	-9	2	det1=true
[16667]	61	124	-20	-19	-6	-5	det1=true
[16668]	61	124	-25	-19	-6	5	det1=true
[16669]	73	121	-20	-15	-5	-7	det1=true
[16670]	73	121	-27	-15	-5	7	det1=true
[16671]	115	121	-22	-3	-1	-11	det1=true
[16672]	115	121	-33	-3	-1	11	det1=true
[16673]	65	123	-22	-18	-8	-1	det1=true
[16674]	123	123	-36	-20	-11	-1	det1=true
[16675]	60	121	-23	-3	-6	-5	det1=true
[16676]	67	124	-27	-10	-8	-2	det1=true
[16677]	112	124	-37	-2	-7	-8	det1=true
[16678]	112	124	-45	-2	-7	8	det1=true
[16679]	73	122	-29	-28	-1	-8	det1=true
[16680]	90	123	-32	-13	-8	-5	det1=true
[16681]	90	123	-37	-13	-8	5	det1=true
[16682]	124	124	-35	-15	-5	-10	det1=true
[16683]	40	122	-17	-12	-2	-6	det1=true
[16684]	68	121	-26	1	-2	-8	det1=true
[16685]	68	121	-34	1	-2	8	det1=true
[16686]	124	124	-37	-16	-11	-2	det1=true
[16687]	124	124	-28	-27	-2	-11	det1=true
[16688]	15	125	-6	2	-4	-1	det1=true
[16689]	15	125	-7	2	-4	1	det1=true
[16690]	85	125	-34	-17	-1	-9	det1=true
[16691]	85	125	-43	-17	-1	9	det1=true
[16692]	126	126	-51	-23	-8	-7	det1=true
[16693]	126	126	-58	-23	-8	7	det1=true
[16694]	91	128	-16	1	-2	-10	det1=true
[16695]	91	128	-26	1	-2	10	det1=true
[16696]	38	125	-15	-4	-5	-4	det1=true
[16697]	38	125	-19	-4	-5	4	det1=true
[16698]	95	125	-15	-6	-5	-9	det1=true
[16699]	95	125	-24	-6	-5	9	det1=true
[16700]	71	126	-15	-2	-8	-4	det1=true
[16701]	71	126	-19	-2	-8	4	det1=true
[16702]	126	126	-41	-32	-9	-6	det1=true
[16703]	126	126	-47	-32	-9	6	det1=true
[16704]	65	127	-12	-10	-3	-8	det1=true
[16705]	65	127	-20	-10	-3	8	det1=true
[16706]	77	127	-20	-18	-1	-9	det1=true
[16707]	77	127	-29	-18	-1	9	det1=true
[16708]	91	127	-45	-21	-9	-1	det1=true
[16709]	91	127	-46	-21	-9	1	det1=true
[16710]	101	127	-34	-4	-9	-5	det1=true
[16711]	101	127	-39	-4	-9	5	det1=true
[16712]	127	127	-54	2	-11	-1	det1=true
[16713]	127	127	-55	2	-11	1	det1=true
[16714]	127	127	-45	-36	-8	-7	det1=true
[16715]	127	127	-52	-36	-8	7	det1=true
[16716]	127	127	-32	-9	-11	-4	det1=true
[16717]	127	127	-36	-9	-11	4	det1=true
[16718]	72	128	-33	-29	-8	-1	det1=true
[16719]	72	128	-34	-29	-8	1	det1=true
[16720]	113	128	-23	-12	-5	-10	det1=true
[16721]	113	128	-33	-12	-5	10	det1=true
[16722]	31	125	-12	1	-3	-5	det1=true
[16723]	31	125	-17	1	-3	5	det1=true
[16724]	57	125	-14	-4	-1	8	det1=true
[16725]	58	125	-23	2	-5	-6	det1=true
[16726]	58	125	-29	2	-5	6	det1=true
[16727]	59	125	-24	-6	-5	-6	det1=true
[16728]	59	125	-30	-6	-5	6	det1=true
[16729]	92	125	-17	-11	-1	-10	det1=true
[16730]	92	125	-27	-11	-1	10	det1=true
[16731]	95	125	-26	-12	-10	-1	det1=true
[16732]	95	125	-27	-12	-10	1	det1=true
[16733]	97	125	-22	2	-5	-9	det1=true
[16734]	97	125	-31	2	-5	9	det1=true
[16735]	98	125	-17	-3	-3	-10	det1=true
[16736]	98	125	-27	-3	-3	10	det1=true
[16737]	102	125	-13	0	-10	-4	det1=true
[16738]	102	125	-17	0	-10	4	det1=true
[16739]	108	125	-41	-18	-10	-2	det1=true
[16740]	108	125	-43	-18	-10	2	det1=true
[16741]	110	125	-27	-20	-10	4	det1=true
[16742]	114	125	-54	-11	-8	-6	det1=true
[16743]	114	125	-60	-11	-8	6	det1=true
[16744]	119	125	-24	-6	-9	-7	det1=true
[16745]	119	125	-31	-6	-9	7	det1=true
[16746]	121	125	-46	-40	-1	-10	det1=true
[16747]	121	125	-56	-40	-1	10	det1=true
[16748]	121	125	-40	-39	-5	-9	det1=true
[16749]	121	125	-49	-39	-5	9	det1=true
[16750]	125	125	-62	-2	-9	-5	det1=true
[16751]	25	126	-2	-1	-2	-5	det1=true
[16752]	25	126	-7	-1	-2	5	det1=true
[16753]	66	126	-29	-17	-8	-1	det1=true
[16754]	66	126	-30	-17	-8	1	det1=true
[16755]	76	126	-15	-5	-2	-9	det1=true
[16756]	76	126	-24	-5	-2	9	det1=true
[16757]	101	126	-27	-1	-7	8	det1=true
[16758]	113	126	-41	-5	-8	-7	det1=true
[16759]	113	126	-48	-5	-8	7	det1=true
[16760]	65	127	-30	-22	-6	-5	det1=true
[16761]	65	127	-35	-22	-6	5	det1=true
[16762]	74	127	-11	-3	-7	-6	det1=true
[16763]	74	127	-17	-3	-7	6	det1=true
[16764]	77	127	-38	-26	-3	8	det1=true
[16765]	79	127	-16	-6	-8	-5	det1=true
[16766]	79	127	-21	-6	-8	5	det1=true
[16767]	95	127	-40	-29	-7	-6	det1=true
[16768]	95	127	-46	-29	-7	6	det1=true
[16769]	100	127	-39	-33	-5	-8	det1=true
[16770]	100	127	-47	-33	-5	8	det1=true
[16771]	105	127	-11	-2	-11	-1	det1=true
[16772]	105	127	-12	-2	-11	1	det1=true
[16773]	110	127	-52	-9	-8	-6	det1=true
[16774]	110	127	-58	-9	-8	6	det1=true
[16775]	115	127	-56	-18	-10	-1	det1=true
[16776]	115	127	-57	-18	-10	1	det1=true
[16777]	115	127	-39	-11	-4	-10	det1=true
[16778]	115	127	-49	-11	-4	10	det1=true
[16779]	115	127	-17	-8	-3	-11	det1=true
[16780]	115	127	-28	-8	-3	11	det1=true
[16781]	117	127	-40	-3	-11	-1	det1=true
[16782]	118	127	-51	-17	-10	-3	det1=true
[16783]	118	127	-54	-17	-10	3	det1=true
[16784]	120	127	-43	-33	-3	-10	det1=true
[16785]	120	127	-53	-33	-3	10	det1=true
[16786]	124	127	-5	-1	-1	-12	det1=true
[16787]	38	128	-15	-10	-5	-4	det1=true
[16788]	38	128	-19	-10	-5	4	det1=true
[16789]	71	128	-29	-10	-3	-8	det1=true
[16790]	71	128	-37	-10	-3	8	det1=true
[16791]	72	128	-5	0	-9	-2	det1=true
[16792]	72	128	-7	0	-9	2	det1=true
[16793]	82	128	-33	-34	-3	-8	det1=true
[16794]	82	128	-41	-34	-3	8	det1=true
[16795]	94	128	-30	-7	-6	-8	det1=true
[16796]	94	128	-38	-7	-6	8	det1=true
[16797]	94	128	-19	-8	-3	10	det1=true
[16798]	95	128	-26	-19	-6	-8	det1=true
[16799]	95	128	-34	-19	-6	8	det1=true
[16800]	97	128	-35	-10	-8	-6	det1=true
[16801]	97	128	-41	-10	-8	6	det1=true
[16802]	101	128	-23	-3	-8	-7	det1=true
[16803]	101	128	-30	-3	-8	7	det1=true
[16804]	102	128	-49	3	-9	-4	det1=true
[16805]	102	128	-53	3	-9	4	det1=true
[16806]	108	128	-9	-11	-2	-11	det1=true
[16807]	108	128	-20	-11	-2	11	det1=true
[16808]	109	128	-50	-21	-4	-9	det1=true
[16809]	109	128	-59	-21	-4	9	det1=true
[16810]	123	128	-46	-43	-2	-10	det1=true
[16811]	123	128	-56	-43	-2	10	det1=true
[16812]	124	128	-53	-29	-10	-3	det1=true
[16813]	124	128	-56	-29	-10	3	det1=true
[16814]	124	128	-26	-13	-6	-10	det1=true
[16815]	124	128	-36	-13	-6	10	det1=true
[16816]	126	128	-11	0	-12	-2	det1=true
[16817]	126	128	-13	0	-12	2	det1=true
[16818]	128	128	-59	-38	-8	-6	det1=true
[16819]	128	128	-31	-15	-4	-11	det1=true
[16820]	128	128	-42	-15	-4	11	det1=true
[16821]	15	125	-4	-2	-1	-4	det1=true
[16822]	33	125	-6	-7	-1	-6	det1=true
[16823]	33	125	-12	-7	-1	6	det1=true
[16824]	36	125	-6	-1	-4	-5	det1=true
[16825]	36	125	-11	-1	-4	5	det1=true
[16826]	47	125	-10	-3	-7	-2	det1=true
[16827]	47	125	-12	-3	-7	2	det1=true
[16828]	59	125	-14	-6	-4	-7	det1=true
[16829]	59	125	-21	-6	-4	7	det1=true
[16830]	71	125	-30	0	-8	-3	det1=true
[16831]	71	125	-33	0	-8	3	det1=true
[16832]	79	125	-22	-6	-7	-6	det1=true
[16833]	83	125	-43	-7	-1	9	det1=true
[16834]	87	125	-25	-16	-3	-9	det1=true
[16835]	89	125	-34	-7	-5	-8	det1=true
[16836]	89	125	-42	-7	-5	8	det1=true
[16837]	95	125	-33	-28	-8	-5	det1=true
[16838]	95	125	-38	-28	-8	5	det1=true
[16839]	99	125	-31	-7	-10	-2	det1=true
[16840]	101	125	-32	-6	-2	-10	det1=true
[16841]	101	125	-42	-6	-2	10	det1=true
[16842]	103	125	-44	-13	-9	-4	det1=true
[16843]	103	125	-48	-13	-9	4	det1=true
[16844]	106	125	-40	-21	-8	-6	det1=true
[16845]	106	125	-46	-21	-8	6	det1=true
[16846]	113	125	-38	0	-10	-4	det1=true
[16847]	113	125	-42	0	-10	4	det1=true
[16848]	113	125	-35	-3	-4	-10	det1=true
[16849]	113	125	-45	-3	-4	10	det1=true
[16850]	118	125	-29	-14	-11	-2	det1=true
[16851]	118	125	-31	-14	-11	2	det1=true
[16852]	119	125	-39	-37	-5	-9	det1=true
[16853]	119	125	-26	-5	-11	-3	det1=true
[16854]	119	125	-29	-5	-11	3	det1=true
[16855]	120	125	-38	-25	-10	-4	det1=true
[16856]	120	125	-42	-25	-10	4	det1=true
[16857]	124	125	-23	-8	-10	-6	det1=true
[16858]	124	125	-29	-8	-10	6	det1=true
[16859]	124	125	-31	-10	-6	10	det1=true
[16860]	125	125	-36	-3	-9	-7	det1=true
[16861]	125	125	-43	-3	-9	7	det1=true
[16862]	47	126	-7	-9	-2	-7	det1=true
[16863]	51	126	-22	-7	-2	-7	det1=true
[16864]	51	126	-29	-7	-2	7	det1=true
[16865]	59	126	-17	-1	-4	-7	det1=true
[16866]	59	126	-24	-1	-4	7	det1=true
[16867]	62	126	-23	-10	-7	-4	det1=true
[16868]	62	126	-27	-10	-7	4	det1=true
[16869]	82	126	-23	-1	-5	-8	det1=true
[16870]	82	126	-31	-1	-5	8	det1=true
[16871]	97	126	-31	-6	-1	-10	det1=true
[16872]	97	126	-41	-6	-1	10	det1=true
[16873]	98	126	-40	-33	-6	-7	det1=true
[16874]	98	126	-47	-33	-6	7	det1=true
[16875]	98	126	-33	-4	-1	-10	det1=true
[16876]	99	126	-34	-15	-10	-1	det1=true
[16877]	99	126	-35	-15	-10	1	det1=true
[16878]	114	126	-33	-8	-5	10	det1=true
[16879]	49	127	-22	-12	-2	7	det1=true
[16880]	77	127	-26	-11	-9	-1	det1=true
[16881]	77	127	-27	-11	-9	1	det1=true
[16882]	79	127	-39	-2	-1	9	det1=true
[16883]	87	127	-29	-16	-9	-3	det1=true
[16884]	87	127	-32	-16	-9	3	det1=true
[16885]	87	127	-22	0	-9	-4	det1=true
[16886]	87	127	-26	0	-9	4	det1=true
[16887]	89	127	-40	-17	-9	-2	det1=true
[16888]	91	127	-23	-6	-10	-1	det1=true
[16889]	91	127	-24	-6	-10	1	det1=true
[16890]	95	127	-42	-28	-9	-2	det1=true
[16891]	95	127	-44	-28	-9	2	det1=true
[16892]	100	127	-36	-17	-10	-1	det1=true
[16893]	100	127	-37	-17	-10	1	det1=true
[16894]	105	127	-42	-22	-10	1	det1=true
[16895]	105	127	-36	-14	-5	-9	det1=true
[16896]	105	127	-45	-14	-5	9	det1=true
[16897]	107	127	-44	-26	-4	-9	det1=true
[16898]	117	127	-56	-45	-9	-2	det1=true
[16899]	117	127	-58	-45	-9	2	det1=true
[16900]	117	127	-50	-46	-5	-8	det1=true
[16901]	117	127	-58	-46	-5	8	det1=true
[16902]	117	127	-41	-3	-11	1	det1=true
[16903]	117	127	-32	-17	-1	-11	det1=true
[16904]	117	127	-43	-17	-1	11	det1=true
[16905]	118	127	-39	-35	-10	-3	det1=true
[16906]	118	127	-42	-35	-10	3	det1=true
[16907]	119	127	-45	-41	-6	-8	det1=true
[16908]	119	127	-53	-41	-6	8	det1=true
[16909]	122	127	-20	-7	-4	-11	det1=true
[16910]	122	127	-31	-7	-4	11	det1=true
[16911]	122	127	-17	-13	-4	-11	det1=true
[16912]	122	127	-28	-13	-4	11	det1=true
[16913]	124	127	-43	-13	-11	-2	det1=true
[16914]	124	127	-3	-6	-1	-12	det1=true
[16915]	125	127	-59	-31	-9	5	det1=true
[16916]	15	128	-11	-2	-1	4	det1=true
[16917]	77	128	-23	-1	-7	-6	det1=true
[16918]	77	128	-29	-1	-7	6	det1=true
[16919]	85	128	-14	1	-6	8	det1=true
[16920]	86	128	-30	-15	-8	-5	det1=true
[16921]	86	128	-35	-15	-8	5	det1=true
[16922]	90	128	-24	-1	-10	-1	det1=true
[16923]	90	128	-25	-1	-10	1	det1=true
[16924]	92	128	-26	-7	-6	-8	det1=true
[16925]	92	128	-34	-7	-6	8	det1=true
[16926]	94	128	-9	-8	-3	-10	det1=true
[16927]	95	128	-21	-24	-1	-10	det1=true
[16928]	95	128	-31	-24	-1	10	det1=true
[16929]	99	128	-37	-35	-8	-5	det1=true
[16930]	102	128	-42	-19	-4	-9	det1=true
[16931]	104	128	-46	-3	-6	-8	det1=true
[16932]	109	128	-50	-7	-10	-2	det1=true
[16933]	109	128	-52	-7	-10	2	det1=true
[16934]	110	128	-58	-7	-2	10	det1=true
[16935]	110	128	-51	-8	-10	-2	det1=true
[16936]	110	128	-53	-8	-10	2	det1=true
[16937]	113	128	-44	-35	-10	-1	det1=true
[16938]	113	128	-45	-35	-10	1	det1=true
[16939]	113	128	-29	-9	-11	2	det1=true
[16940]	115	128	-5	4	-10	-6	det1=true
[16941]	115	128	-11	4	-10	6	det1=true
[16942]	125	128	-49	0	-11	-2	det1=true
[16943]	125	128	-51	0	-11	2	det1=true
[16944]	125	128	0	-3	-2	-12	det1=true
[16945]	125	128	-12	-3	-2	12	det1=true
[16946]	126	128	-61	-8	-9	6	det1=true
[16947]	57	125	-6	-4	-1	-8	det1=true
[16948]	66	125	-25	-8	-2	-8	det1=true
[16949]	66	125	-33	-8	-2	8	det1=true
[16950]	79	125	-35	-22	-8	-3	det1=true
[16951]	83	125	-33	-11	-1	-9	det1=true
[16952]	83	125	-42	-11	-1	9	det1=true
[16953]	85	125	-38	-13	-9	-1	det1=true
[16954]	85	125	-12	-4	-9	4	det1=true
[16955]	86	125	-12	-3	-4	-9	det1=true
[16956]	86	125	-21	-3	-4	9	det1=true
[16957]	87	125	-32	-19	-3	9	det1=true
[16958]	89	125	-18	-12	-9	-4	det1=true
[16959]	89	125	-22	-12	-9	4	det1=true
[16960]	91	125	-38	-8	-8	-5	det1=true
[16961]	91	125	-43	-8	-8	5	det1=true
[16962]	92	125	-16	3	-10	-2	det1=true
[16963]	92	125	-18	3	-10	2	det1=true
[16964]	95	125	-18	-21	-1	-10	det1=true
[16965]	95	125	-28	-21	-1	10	det1=true
[16966]	97	125	-12	-8	-3	-10	det1=true
[16967]	97	125	-22	-8	-3	10	det1=true
[16968]	99	125	-49	-16	-9	3	det1=true
[16969]	99	125	-38	-28	-3	-9	det1=true
[16970]	99	125	-47	-28	-3	9	det1=true
[16971]	101	125	-30	-1	-5	-9	det1=true
[16972]	101	125	-39	-1	-5	9	det1=true
[16973]	101	125	-5	-3	-4	-10	det1=true
[16974]	101	125	-15	-3	-4	10	det1=true
[16975]	102	125	-8	-7	-4	-10	det1=true
[16976]	102	125	-18	-7	-4	10	det1=true
[16977]	105	125	-16	-8	-9	-6	det1=true
[16978]	105	125	-22	-8	-9	6	det1=true
[16979]	106	125	-39	-22	-6	-8	det1=true
[16980]	106	125	-47	-22	-6	8	det1=true
[16981]	107	125	-50	-34	-7	-6	det1=true
[16982]	108	125	-21	-16	-4	-10	det1=true
[16983]	108	125	-31	-16	-4	10	det1=true
[16984]	109	125	-32	-10	-10	4	det1=true
[16985]	110	125	-39	-30	-1	-10	det1=true
[16986]	110	125	-49	-30	-1	10	det1=true
[16987]	110	125	-23	-20	-10	-4	det1=true
[16988]	111	125	-14	-4	-2	-11	det1=true
[16989]	111	125	-25	-4	-2	11	det1=true
[16990]	112	125	-27	-17	-6	-9	det1=true
[16991]	112	125	-36	-17	-6	9	det1=true
[16992]	113	125	-24	0	-11	-2	det1=true
[16993]	113	125	-26	0	-11	2	det1=true
[16994]	115	125	-49	-7	-5	-9	det1=true
[16995]	115	125	-58	-7	-5	9	det1=true
[16996]	116	125	-35	-25	-8	-7	det1=true
[16997]	116	125	-42	-25	-8	7	det1=true
[16998]	118	125	-38	-33	-10	-3	det1=true
[16999]	118	125	-41	-33	-10	3	det1=true
[17000]	119	125	-56	-1	-9	-5	det1=true
[17001]	119	125	-61	-1	-9	5	det1=true
[17002]	119	125	-48	-37	-5	9	det1=true
[17003]	120	125	-45	-28	-4	10	det1=true
[17004]	121	125	-47	-39	-8	-6	det1=true
[17005]	121	125	-53	-39	-8	6	det1=true
[17006]	122	125	-60	-31	-8	6	det1=true
[17007]	125	125	-50	-8	-4	-10	det1=true
[17008]	125	125	-42	-27	-9	-6	det1=true
[17009]	27	126	-11	-9	-5	-2	det1=true
[17010]	27	126	-13	-9	-5	2	det1=true
[17011]	50	126	-23	0	-7	-2	det1=true
[17012]	58	126	-17	-9	-4	7	det1=true
[17013]	60	126	-22	-3	-8	-1	det1=true
[17014]	78	126	-10	-5	-8	-5	det1=true
[17015]	78	126	-15	-5	-8	5	det1=true
[17016]	83	126	-33	2	-7	-6	det1=true
[17017]	83	126	-39	2	-7	6	det1=true
[17018]	88	126	-40	-3	-6	-7	det1=true
[17019]	88	126	-47	-3	-6	7	det1=true
[17020]	92	126	-37	-17	-8	-5	det1=true
[17021]	92	126	-42	-17	-8	5	det1=true
[17022]	97	126	-29	-13	-1	-10	det1=true
[17023]	97	126	-39	-13	-1	10	det1=true
[17024]	103	126	-44	-31	-8	-5	det1=true
[17025]	103	126	-49	-31	-8	5	det1=true
[17026]	104	126	-45	-37	-7	-6	det1=true
[17027]	104	126	-51	-37	-7	6	det1=true
[17028]	105	126	-34	-29	-10	-1	det1=true
[17029]	105	126	-35	-29	-10	1	det1=true
[17030]	105	126	-16	-15	-4	-10	det1=true
[17031]	105	126	-26	-15	-4	10	det1=true
[17032]	108	126	-23	-16	-4	-10	det1=true
[17033]	108	126	-33	-16	-4	10	det1=true
[17034]	109	126	-49	-15	-10	-1	det1=true
[17035]	111	126	-42	-31	-10	-1	det1=true
[17036]	111	126	-43	-31	-10	1	det1=true
[17037]	115	126	-49	-29	-10	-1	det1=true
[17038]	115	126	-50	-29	-10	1	det1=true
[17039]	119	126	-8	-5	-4	-11	det1=true
[17040]	119	126	-19	-5	-4	11	det1=true
[17041]	123	126	-53	-5	-7	-8	det1=true
[17042]	123	126	-61	-5	-7	8	det1=true
[17043]	125	126	-57	-46	-1	10	det1=true
[17044]	25	127	-6	2	-5	-2	det1=true
[17045]	31	127	-16	-8	-3	5	det1=true
[17046]	55	127	-20	-13	-7	-3	det1=true
[17047]	55	127	-23	-13	-7	3	det1=true
[17048]	55	127	-18	-15	-3	-7	det1=true
[17049]	55	127	-25	-15	-3	7	det1=true
[17050]	56	127	-16	-11	-6	-5	det1=true
[17051]	56	127	-21	-11	-6	5	det1=true
[17052]	58	127	-15	-5	-7	-4	det1=true
[17053]	58	127	-19	-5	-7	4	det1=true
[17054]	63	127	-1	0	-5	-7	det1=true
[17055]	63	127	-8	0	-5	7	det1=true
[17056]	79	127	-32	-28	-3	-8	det1=true
[17057]	79	127	-40	-28	-3	8	det1=true
[17058]	79	127	-35	2	-9	1	det1=true
[17059]	79	127	-30	-2	-1	-9	det1=true
[17060]	81	127	-22	-2	-5	-8	det1=true
[17061]	81	127	-30	-2	-5	8	det1=true
[17062]	83	127	-34	0	-7	-6	det1=true
[17063]	83	127	-40	0	-7	6	det1=true
[17064]	85	127	-36	-33	-5	-7	det1=true
[17065]	85	127	-33	-23	-1	-9	det1=true
[17066]	85	127	-42	-23	-1	9	det1=true
[17067]	85	127	-24	-18	-5	-8	det1=true
[17068]	87	127	-16	-12	-9	-4	det1=true
[17069]	87	127	-20	-12	-9	4	det1=true
[17070]	89	127	-42	-17	-9	2	det1=true
[17071]	89	127	-38	-18	-7	-6	det1=true
[17072]	89	127	-44	-18	-7	6	det1=true
[17073]	89	127	-32	-15	-3	-9	det1=true
[17074]	90	127	-41	-18	-9	-2	det1=true
[17075]	90	127	-39	-19	-7	-6	det1=true
[17076]	90	127	-45	-19	-7	6	det1=true
[17077]	91	127	-36	-18	-8	-5	det1=true
[17078]	91	127	-41	-18	-8	5	det1=true
[17079]	91	127	-7	1	-5	-9	det1=true
[17080]	91	127	-16	1	-5	9	det1=true
[17081]	93	127	-49	-10	-3	9	det1=true
[17082]	94	127	-31	-31	-5	-8	det1=true
[17083]	94	127	-39	-31	-5	8	det1=true
[17084]	96	127	-24	-11	-2	-10	det1=true
[17085]	96	127	-34	-11	-2	10	det1=true
[17086]	98	127	-23	-5	-10	-3	det1=true
[17087]	98	127	-26	-5	-10	3	det1=true
[17088]	99	127	-14	-5	-7	-8	det1=true
[17089]	99	127	-22	-5	-7	8	det1=true
[17090]	100	127	-39	-11	-10	-1	det1=true
[17091]	100	127	-40	-11	-10	1	det1=true
[17092]	100	127	-33	-6	-2	-10	det1=true
[17093]	100	127	-43	-6	-2	10	det1=true
[17094]	100	127	-28	-27	-6	-8	det1=true
[17095]	100	127	-36	-27	-6	8	det1=true
[17096]	107	127	-5	-2	-2	-11	det1=true
[17097]	107	127	-16	-2	-2	11	det1=true
[17098]	108	127	-51	-37	-7	-6	det1=true
[17099]	108	127	-57	-37	-7	6	det1=true
[17100]	109	127	-20	2	-11	2	det1=true
[17101]	111	127	-30	1	-11	-1	det1=true
[17102]	111	127	-31	1	-11	1	det1=true
[17103]	115	127	-22	-26	-1	-11	det1=true
[17104]	118	127	-57	3	-7	8	det1=true
[17105]	118	127	-30	-15	-2	-11	det1=true
[17106]	118	127	-41	-15	-2	11	det1=true
[17107]	119	127	-50	-17	-3	-10	det1=true
[17108]	119	127	-60	-17	-3	10	det1=true
[17109]	120	127	-47	-4	-4	-10	det1=true
[17110]	120	127	-57	-4	-4	10	det1=true
[17111]	120	127	-47	-7	-9	-6	det1=true
[17112]	120	127	-53	-7	-9	6	det1=true
[17113]	122	127	-49	-9	-9	-6	det1=true
[17114]	122	127	-55	-9	-9	6	det1=true
[17115]	122	127	-45	-29	-9	6	det1=true
[17116]	124	127	-55	-6	-7	-8	det1=true
[17117]	124	127	-63	-6	-7	8	det1=true
[17118]	124	127	-15	-6	-1	12	det1=true
[17119]	125	127	-54	-31	-9	-5	det1=true
[17120]	125	127	-52	-33	-5	-9	det1=true
[17121]	125	127	-61	-33	-5	9	det1=true
[17122]	34	128	-4	-1	-6	-2	det1=true
[17123]	34	128	-6	-1	-6	2	det1=true
[17124]	50	128	-27	0	-7	2	det1=true
[17125]	56	128	-25	-8	-5	6	det1=true
[17126]	76	128	-38	-19	-8	3	det1=true
[17127]	82	128	-2	1	-4	-9	det1=true
[17128]	84	128	-37	-6	-5	8	det1=true
[17129]	86	128	-33	-20	-7	-6	det1=true
[17130]	86	128	-39	-20	-7	6	det1=true
[17131]	86	128	-18	-5	-4	-9	det1=true
[17132]	86	128	-27	-5	-4	9	det1=true
[17133]	89	128	-6	-7	-2	-10	det1=true
[17134]	89	128	-16	-7	-2	10	det1=true
[17135]	90	128	-38	-13	-8	-5	det1=true
[17136]	90	128	-43	-13	-8	5	det1=true
[17137]	94	128	-31	-6	-8	-6	det1=true
[17138]	94	128	-37	-6	-8	6	det1=true
[17139]	95	128	-27	-18	-8	-6	det1=true
[17140]	95	128	-13	-8	-3	-10	det1=true
[17141]	95	128	-23	-8	-3	10	det1=true
[17142]	98	128	-39	-5	-10	-1	det1=true
[17143]	98	128	-34	-15	-6	-8	det1=true
[17144]	98	128	-42	-15	-6	8	det1=true
[17145]	98	128	-35	-15	-10	-1	det1=true
[17146]	98	128	-36	-15	-10	1	det1=true
[17147]	103	128	-15	-11	-6	-9	det1=true
[17148]	103	128	-24	-11	-6	9	det1=true
[17149]	104	128	-54	-3	-6	8	det1=true
[17150]	108	128	-17	0	-11	-2	det1=true
[17151]	108	128	-19	0	-11	2	det1=true
[17152]	110	128	-48	-7	-2	-10	det1=true
[17153]	113	128	-27	-9	-11	-2	det1=true
[17154]	114	128	-50	-23	-10	-2	det1=true
[17155]	114	128	-49	1	-6	9	det1=true
[17156]	115	128	-53	3	-10	-3	det1=true
[17157]	115	128	-56	3	-10	3	det1=true
[17158]	116	128	-53	-24	-1	-10	det1=true
[17159]	116	128	-63	-24	-1	10	det1=true
[17160]	116	128	-24	-21	-10	-5	det1=true
[17161]	116	128	-29	-21	-10	5	det1=true
[17162]	117	128	-42	-23	-8	-7	det1=true
[17163]	117	128	-49	-23	-8	7	det1=true
[17164]	118	128	-23	-2	-10	6	det1=true
[17165]	122	128	-52	-35	-10	-2	det1=true
[17166]	122	128	-54	-35	-10	2	det1=true
[17167]	123	128	-57	-19	-10	-3	det1=true
[17168]	123	128	-60	-19	-10	3	det1=true
[17169]	126	128	-53	-23	-7	-8	det1=true
[17170]	126	128	-61	-23	-7	8	det1=true
[17171]	23	125	-6	-3	-5	-1	det1=true
[17172]	23	125	-7	-3	-5	1	det1=true
[17173]	55	125	-27	-7	-3	7	det1=true
[17174]	55	125	-10	-9	-5	-6	det1=true
[17175]	55	125	-16	-9	-5	6	det1=true
[17176]	57	125	-6	-4	-7	-4	det1=true
[17177]	57	125	-10	-4	-7	4	det1=true
[17178]	65	125	-29	-6	-4	-7	det1=true
[17179]	65	125	-36	-6	-4	7	det1=true
[17180]	67	125	-17	-1	-7	-5	det1=true
[17181]	67	125	-22	-1	-7	5	det1=true
[17182]	79	125	-38	-22	-8	3	det1=true
[17183]	83	125	-34	-7	-1	-9	det1=true
[17184]	85	125	-39	-13	-9	1	det1=true
[17185]	87	125	-38	-32	-7	-5	det1=true
[17186]	87	125	-43	-32	-7	5	det1=true
[17187]	92	125	-24	1	-10	-1	det1=true
[17188]	92	125	-25	1	-10	1	det1=true
[17189]	93	125	-19	-14	-10	-1	det1=true
[17190]	93	125	-20	-14	-10	1	det1=true
[17191]	93	125	-16	0	-9	5	det1=true
[17192]	95	125	-26	-5	-1	-10	det1=true
[17193]	95	125	-36	-5	-1	10	det1=true
[17194]	96	125	-23	-2	-2	-10	det1=true
[17195]	96	125	-33	-2	-2	10	det1=true
[17196]	97	125	-19	-11	-9	-5	det1=true
[17197]	97	125	-24	-11	-9	5	det1=true
[17198]	98	125	-29	-14	-1	-10	det1=true
[17199]	98	125	-39	-14	-1	10	det1=true
[17200]	99	125	-46	-16	-9	-3	det1=true
[17201]	99	125	-33	-7	-10	2	det1=true
[17202]	99	125	-24	-25	-1	-10	det1=true
[17203]	99	125	-34	-25	-1	10	det1=true
[17204]	101	125	-39	3	-6	-8	det1=true
[17205]	101	125	-47	3	-6	8	det1=true
[17206]	101	125	-28	-19	-9	5	det1=true
[17207]	102	125	-43	-12	-9	-4	det1=true
[17208]	102	125	-47	-12	-9	4	det1=true
[17209]	104	125	-36	-23	-10	-1	det1=true
[17210]	104	125	-37	-23	-10	1	det1=true
[17211]	104	125	-17	-2	-4	-10	det1=true
[17212]	104	125	-27	-2	-4	10	det1=true
[17213]	105	125	-42	-14	-8	-6	det1=true
[17214]	105	125	-48	-14	-8	6	det1=true
[17215]	109	125	-41	-9	-5	-9	det1=true
[17216]	109	125	-50	-9	-5	9	det1=true
[17217]	109	125	-28	-10	-10	-4	det1=true
[17218]	110	125	-37	-14	-3	-10	det1=true
[17219]	110	125	-47	-14	-3	10	det1=true
[17220]	115	125	-44	-22	-5	-9	det1=true
[17221]	115	125	-53	-22	-5	9	det1=true
[17222]	117	125	-37	-3	-11	-1	det1=true
[17223]	117	125	-38	-3	-11	1	det1=true
[17224]	119	125	-41	-35	-9	-5	det1=true
[17225]	119	125	-46	-35	-9	5	det1=true
[17226]	121	125	-42	-37	-9	-5	det1=true
[17227]	121	125	-47	-37	-9	5	det1=true
[17228]	121	125	-48	-22	-6	9	det1=true
[17229]	123	125	-21	-7	-10	-6	det1=true
[17230]	123	125	-27	-7	-10	6	det1=true
[17231]	124	125	-21	-10	-6	-10	det1=true
[17232]	125	125	-48	-27	-9	6	det1=true
[17233]	125	125	-35	-4	-7	-9	det1=true
[17234]	125	125	-44	-4	-7	9	det1=true
[17235]	125	125	-34	-6	-3	-11	det1=true
[17236]	125	125	-45	-6	-3	11	det1=true
[17237]	48	126	-13	-7	-2	-7	det1=true
[17238]	48	126	-20	-7	-2	7	det1=true
[17239]	56	126	-6	1	-8	-1	det1=true
[17240]	56	126	-7	1	-8	1	det1=true
[17241]	59	126	-16	-5	-4	-7	det1=true
[17242]	59	126	-23	-5	-4	7	det1=true
[17243]	63	126	-25	-9	-4	-7	det1=true
[17244]	63	126	-32	-9	-4	7	det1=true
[17245]	73	126	-5	3	-9	-2	det1=true
[17246]	73	126	-7	3	-9	2	det1=true
[17247]	73	126	-3	2	-7	-6	det1=true
[17248]	73	126	-9	2	-7	6	det1=true
[17249]	76	126	-16	-3	-6	-7	det1=true
[17250]	76	126	-23	-3	-6	7	det1=true
[17251]	77	126	-19	-3	-6	-7	det1=true
[17252]	77	126	-26	-3	-6	7	det1=true
[17253]	77	126	-5	-3	-5	-8	det1=true
[17254]	77	126	-13	-3	-5	8	det1=true
[17255]	80	126	-31	0	-9	2	det1=true
[17256]	86	126	-44	-3	-6	7	det1=true
[17257]	86	126	-35	-15	-9	-2	det1=true
[17258]	86	126	-37	-15	-9	2	det1=true
[17259]	90	126	-41	-17	-5	8	det1=true
[17260]	97	126	-40	-31	-8	5	det1=true
[17261]	103	126	-13	-5	-6	-9	det1=true
[17262]	103	126	-22	-5	-6	9	det1=true
[17263]	105	126	-23	-12	-10	4	det1=true
[17264]	108	126	-44	1	-2	-10	det1=true
[17265]	109	126	-50	-15	-10	1	det1=true
[17266]	109	126	-33	2	-10	-4	det1=true
[17267]	110	126	-31	-6	-4	-10	det1=true
[17268]	110	126	-41	-6	-4	10	det1=true
[17269]	111	126	-29	-13	-6	-9	det1=true
[17270]	111	126	-38	-13	-6	9	det1=true
[17271]	118	126	-43	-19	-8	-7	det1=true
[17272]	119	126	-47	-37	-1	-10	det1=true
[17273]	120	126	-13	-6	-11	-4	det1=true
[17274]	120	126	-17	-6	-11	4	det1=true
[17275]	121	126	-26	-27	-2	-11	det1=true
[17276]	121	126	-37	-27	-2	11	det1=true
[17277]	125	126	-47	-46	-1	-10	det1=true
[17278]	29	127	-2	0	-5	-3	det1=true
[17279]	29	127	-5	0	-5	3	det1=true
[17280]	29	127	-6	-1	-3	5	det1=true
[17281]	45	127	-21	-4	-1	7	det1=true
[17282]	49	127	-15	-12	-2	-7	det1=true
[17283]	64	127	-19	-16	-8	-2	det1=true
[17284]	64	127	-21	-16	-8	2	det1=true
[17285]	66	127	-21	1	-8	-3	det1=true
[17286]	66	127	-24	1	-8	3	det1=true
[17287]	74	127	-31	-16	-3	-8	det1=true
[17288]	77	127	-30	-26	-3	-8	det1=true
[17289]	77	127	-29	-25	-7	-5	det1=true
[17290]	77	127	-34	-25	-7	5	det1=true
[17291]	77	127	-25	-8	-1	-9	det1=true
[17292]	77	127	-34	-8	-1	9	det1=true
[17293]	80	127	-38	-27	-8	3	det1=true
[17294]	81	127	-38	-31	-5	7	det1=true
[17295]	83	127	-41	-6	-2	9	det1=true
[17296]	83	127	-30	-16	-9	-2	det1=true
[17297]	83	127	-32	-16	-9	2	det1=true
[17298]	83	127	-33	-4	-3	9	det1=true
[17299]	85	127	-42	-32	-7	5	det1=true
[17300]	85	127	-37	-19	-9	-1	det1=true
[17301]	87	127	-26	-19	-3	-9	det1=true
[17302]	87	127	-35	-19	-3	9	det1=true
[17303]	93	127	-42	-28	-1	-9	det1=true
[17304]	93	127	-51	-28	-1	9	det1=true
[17305]	93	127	-43	-7	-9	-3	det1=true
[17306]	93	127	-46	-7	-9	3	det1=true
[17307]	99	127	-40	-36	-6	-7	det1=true
[17308]	99	127	-47	-36	-6	7	det1=true
[17309]	100	127	-12	3	-10	-4	det1=true
[17310]	100	127	-16	3	-10	4	det1=true
[17311]	101	127	-36	-26	-9	-4	det1=true
[17312]	101	127	-40	-26	-9	4	det1=true
[17313]	105	127	-41	-22	-10	-1	det1=true
[17314]	105	127	-38	-12	-9	-5	det1=true
[17315]	105	127	-43	-12	-9	5	det1=true
[17316]	105	127	-13	3	-11	-1	det1=true
[17317]	105	127	-14	3	-11	1	det1=true
[17318]	106	127	-36	-35	-4	-9	det1=true
[17319]	106	127	-45	-35	-4	9	det1=true
[17320]	106	127	-24	-19	-8	-7	det1=true
[17321]	106	127	-31	-19	-8	7	det1=true
[17322]	107	127	-47	-20	-4	-9	det1=true
[17323]	107	127	-56	-20	-4	9	det1=true
[17324]	111	127	-40	-32	-10	2	det1=true
[17325]	113	127	-53	-47	-9	-1	det1=true
[17326]	115	127	-41	-11	-10	-4	det1=true
[17327]	115	127	-45	-11	-10	4	det1=true
[17328]	115	127	-38	-14	-4	-10	det1=true
[17329]	115	127	-48	-14	-4	10	det1=true
[17330]	117	127	-37	-12	-11	-1	det1=true
[17331]	117	127	-38	-12	-11	1	det1=true
[17332]	117	127	-32	-2	-5	-10	det1=true
[17333]	119	127	-62	-54	-1	9	det1=true
[17334]	119	127	-52	-40	-8	6	det1=true
[17335]	120	127	-50	-1	-10	-4	det1=true
[17336]	120	127	-54	-1	-10	4	det1=true
[17337]	122	127	-39	-29	-9	-6	det1=true
[17338]	127	127	-4	-8	-2	-12	det1=true
[17339]	34	128	-2	-3	-2	-6	det1=true
[17340]	34	128	-8	-3	-2	6	det1=true
[17341]	35	128	-12	3	-6	-2	det1=true
[17342]	35	128	-14	3	-6	2	det1=true
[17343]	55	128	-19	1	-6	-5	det1=true
[17344]	55	128	-24	1	-6	5	det1=true
[17345]	60	128	-22	-9	-8	-1	det1=true
[17346]	60	128	-23	-9	-8	1	det1=true
[17347]	70	128	-27	-10	-3	-8	det1=true
[17348]	70	128	-35	-10	-3	8	det1=true
[17349]	82	128	-11	1	-4	9	det1=true
[17350]	84	128	-29	-9	-8	-5	det1=true
[17351]	84	128	-34	-9	-8	5	det1=true
[17352]	86	128	-35	-19	-9	-2	det1=true
[17353]	86	128	-37	-19	-9	2	det1=true
[17354]	86	128	-10	-3	-6	-8	det1=true
[17355]	86	128	-18	-3	-6	8	det1=true
[17356]	87	128	-15	-2	-8	-6	det1=true
[17357]	87	128	-21	-2	-8	6	det1=true
[17358]	89	128	-33	-27	-6	-7	det1=true
[17359]	89	128	-40	-27	-6	7	det1=true
[17360]	89	128	-12	-3	-10	2	det1=true
[17361]	91	128	-41	-20	-7	-6	det1=true
[17362]	91	128	-47	-20	-7	6	det1=true
[17363]	91	128	-29	-10	-8	6	det1=true
[17364]	91	128	-22	-11	-6	-8	det1=true
[17365]	91	128	-30	-11	-6	8	det1=true
[17366]	92	128	-25	-12	-2	10	det1=true
[17367]	94	128	-35	-10	-9	-4	det1=true
[17368]	94	128	-39	-10	-9	4	det1=true
[17369]	95	128	-35	1	-10	-1	det1=true
[17370]	95	128	-36	1	-10	1	det1=true
[17371]	98	128	-40	-5	-10	1	det1=true
[17372]	99	128	-27	-20	-2	-10	det1=true
[17373]	99	128	-37	-20	-2	10	det1=true
[17374]	101	128	-40	-17	-10	1	det1=true
[17375]	104	128	-46	-33	-8	-5	det1=true
[17376]	104	128	-51	-33	-8	5	det1=true
[17377]	105	128	-44	-19	-10	-1	det1=true
[17378]	105	128	-45	-19	-10	1	det1=true
[17379]	106	128	-42	-23	-6	-8	det1=true
[17380]	106	128	-50	-23	-6	8	det1=true
[17381]	107	128	-37	-37	-4	-9	det1=true
[17382]	107	128	-46	-37	-4	9	det1=true
[17383]	111	128	-37	-39	-1	-10	det1=true
[17384]	111	128	-47	-39	-1	10	det1=true
[17385]	112	128	-45	-8	-3	-10	det1=true
[17386]	112	128	-55	-8	-3	10	det1=true
[17387]	114	128	-50	-27	-6	-8	det1=true
[17388]	114	128	-58	-27	-6	8	det1=true
[17389]	115	128	-2	-1	-6	-10	det1=true
[17390]	116	128	-21	-25	-2	-11	det1=true
[17391]	116	128	-32	-25	-2	11	det1=true
[17392]	117	128	-43	-9	-2	11	det1=true
[17393]	118	128	-50	-31	-10	-2	det1=true
[17394]	118	128	-52	-31	-10	2	det1=true
[17395]	118	128	-46	-35	-2	-10	det1=true
[17396]	118	128	-56	-35	-2	10	det1=true
[17397]	118	128	-17	-2	-10	-6	det1=true
[17398]	122	128	-37	-21	-11	-2	det1=true
[17399]	122	128	-39	-21	-11	2	det1=true
[17400]	123	128	-11	3	-12	1	det1=true
[17401]	124	128	-25	-14	-11	-4	det1=true
[17402]	124	128	-29	-14	-11	4	det1=true
[17403]	125	128	-33	-2	-10	-6	det1=true
[17404]	125	128	-39	-2	-10	6	det1=true
[17405]	125	128	-28	-13	-6	-10	det1=true
[17406]	125	128	-38	-13	-6	10	det1=true
[17407]	23	125	-6	0	-1	-5	det1=true
[17408]	23	125	-11	0	-1	5	det1=true
[17409]	32	125	-3	3	-6	-1	det1=true
[17410]	32	125	-4	3	-6	1	det1=true
[17411]	34	125	-13	-2	-1	-6	det1=true
[17412]	34	125	-19	-2	-1	6	det1=true
[17413]	46	125	-8	-3	-4	-6	det1=true
[17414]	46	125	-14	-3	-4	6	det1=true
[17415]	48	125	-13	-3	-2	-7	det1=true
[17416]	48	125	-20	-3	-2	7	det1=true
[17417]	55	125	-20	-7	-3	-7	det1=true
[17418]	59	125	-20	-14	-5	-6	det1=true
[17419]	59	125	-26	-14	-5	6	det1=true
[17420]	64	125	-7	-2	-3	-8	det1=true
[17421]	64	125	-15	-2	-3	8	det1=true
[17422]	65	125	-12	0	-3	-8	det1=true
[17423]	65	125	-20	0	-3	8	det1=true
[17424]	75	125	-32	-11	-7	-5	det1=true
[17425]	75	125	-37	-11	-7	5	det1=true
[17426]	83	125	-30	-4	-2	-9	det1=true
[17427]	83	125	-39	-4	-2	9	det1=true
[17428]	83	125	-24	2	-5	-8	det1=true
[17429]	87	125	-23	-19	-3	-9	det1=true
[17430]	94	125	-33	-4	-9	-4	det1=true
[17431]	94	125	-37	-4	-9	4	det1=true
[17432]	104	125	-41	0	-1	-10	det1=true
[17433]	104	125	-51	0	-1	10	det1=true
[17434]	106	125	-28	-5	-8	-7	det1=true
[17435]	106	125	-35	-5	-8	7	det1=true
[17436]	109	125	-25	-13	-4	-10	det1=true
[17437]	109	125	-35	-13	-4	10	det1=true
[17438]	111	125	-36	-26	-5	-9	det1=true
[17439]	111	125	-45	-26	-5	9	det1=true
[17440]	113	125	-48	-46	-2	-9	det1=true
[17441]	113	125	-57	-46	-2	9	det1=true
[17442]	117	125	-40	-8	-4	-10	det1=true
[17443]	117	125	-50	-8	-4	10	det1=true
[17444]	117	125	-32	-8	-1	-11	det1=true
[17445]	117	125	-43	-8	-1	11	det1=true
[17446]	117	125	-17	-9	-3	-11	det1=true
[17447]	117	125	-28	-9	-3	11	det1=true
[17448]	119	125	-54	-3	-5	-9	det1=true
[17449]	119	125	-63	-3	-5	9	det1=true
[17450]	119	125	-23	-7	-7	-9	det1=true
[17451]	119	125	-32	-7	-7	9	det1=true
[17452]	120	125	-53	-28	-10	2	det1=true
[17453]	120	125	-35	-28	-4	-10	det1=true
[17454]	121	125	-39	-22	-6	-9	det1=true
[17455]	122	125	-54	-31	-8	-6	det1=true
[17456]	125	125	-20	-16	-10	-6	det1=true
[17457]	125	125	-26	-16	-10	6	det1=true
[17458]	58	126	-10	-9	-4	-7	det1=true
[17459]	61	126	-21	-7	-4	-7	det1=true
[17460]	61	126	-28	-7	-4	7	det1=true
[17461]	62	126	-18	1	-2	-8	det1=true
[17462]	62	126	-26	1	-2	8	det1=true
[17463]	71	126	-29	-22	-2	-8	det1=true
[17464]	71	126	-37	-22	-2	8	det1=true
[17465]	79	126	-15	1	-5	-8	det1=true
[17466]	79	126	-23	1	-5	8	det1=true
[17467]	87	126	-35	-18	-9	-2	det1=true
[17468]	87	126	-37	-18	-9	2	det1=true
[17469]	87	126	-33	-19	-7	-6	det1=true
[17470]	87	126	-39	-19	-7	6	det1=true
[17471]	88	126	-30	-17	-8	-5	det1=true
[17472]	88	126	-35	-17	-8	5	det1=true
[17473]	89	126	-13	-2	-1	-10	det1=true
[17474]	89	126	-23	-2	-1	10	det1=true
[17475]	90	126	-33	-17	-5	-8	det1=true
[17476]	91	126	-34	-27	-6	-7	det1=true
[17477]	91	126	-41	-27	-6	7	det1=true
[17478]	96	126	-29	-7	-1	-10	det1=true
[17479]	97	126	-35	-31	-8	-5	det1=true
[17480]	98	126	-43	-4	-1	10	det1=true
[17481]	101	126	-19	-1	-7	-8	det1=true
[17482]	102	126	-19	-9	-8	-7	det1=true
[17483]	102	126	-26	-9	-8	7	det1=true
[17484]	105	126	-43	-6	-1	-10	det1=true
[17485]	105	126	-53	-6	-1	10	det1=true
[17486]	106	126	-47	-39	-9	-2	det1=true
[17487]	106	126	-49	-39	-9	2	det1=true
[17488]	108	126	-20	-17	-6	-9	det1=true
[17489]	108	126	-29	-17	-6	9	det1=true
[17490]	110	126	-34	-3	-10	-4	det1=true
[17491]	110	126	-38	-3	-10	4	det1=true
[17492]	113	126	-51	-43	-7	-6	det1=true
[17493]	113	126	-57	-43	-7	6	det1=true
[17494]	118	126	-50	-19	-8	7	det1=true
[17495]	119	126	-57	-37	-1	10	det1=true
[17496]	122	126	-56	-31	-10	-1	det1=true
[17497]	122	126	-57	-31	-10	1	det1=true
[17498]	22	127	-8	-1	-4	-3	det1=true
[17499]	22	127	-11	-1	-4	3	det1=true
[17500]	25	127	-8	2	-5	2	det1=true
[17501]	29	127	-1	-1	-3	-5	det1=true
[17502]	31	127	-11	-8	-3	-5	det1=true
[17503]	32	127	-8	1	-6	-1	det1=true
[17504]	32	127	-9	1	-6	1	det1=true
[17505]	39	127	-16	-12	-5	-4	det1=true
[17506]	39	127	-20	-12	-5	4	det1=true
[17507]	45	127	-14	-4	-1	-7	det1=true
[17508]	45	127	2	0	-2	-7	det1=true
[17509]	46	127	-9	-2	-7	-2	det1=true
[17510]	46	127	-11	-2	-7	2	det1=true
[17511]	49	127	-18	-6	-2	-7	det1=true
[17512]	49	127	-25	-6	-2	7	det1=true
[17513]	57	127	-10	-6	-7	-4	det1=true
[17514]	57	127	-14	-6	-7	4	det1=true
[17515]	60	127	-15	-2	-8	-2	det1=true
[17516]	60	127	-17	-2	-8	2	det1=true
[17517]	61	127	-26	-16	-6	-5	det1=true
[17518]	61	127	-31	-16	-6	5	det1=true
[17519]	63	127	-22	-17	-7	-4	det1=true
[17520]	63	127	-26	-17	-7	4	det1=true
[17521]	76	127	-31	-23	-8	-3	det1=true
[17522]	76	127	-34	-23	-8	3	det1=true
[17523]	79	127	-34	2	-9	-1	det1=true
[17524]	81	127	-32	-30	-7	-5	det1=true
[17525]	81	127	-37	-30	-7	5	det1=true
[17526]	81	127	-31	-31	-5	-7	det1=true
[17527]	83	127	-32	-6	-2	-9	det1=true
[17528]	93	127	-40	-10	-3	-9	det1=true
[17529]	94	127	-23	-25	-4	-9	det1=true
[17530]	94	127	-32	-25	-4	9	det1=true
[17531]	94	127	-11	-1	-10	-3	det1=true
[17532]	94	127	-14	-1	-10	3	det1=true
[17533]	95	127	-31	-5	-6	-8	det1=true
[17534]	95	127	-39	-5	-6	8	det1=true
[17535]	96	127	-38	-27	-8	-5	det1=true
[17536]	96	127	-43	-27	-8	5	det1=true
[17537]	96	127	-28	-7	-10	-2	det1=true
[17538]	96	127	-30	-7	-10	2	det1=true
[17539]	97	127	-41	-32	-2	-9	det1=true
[17540]	97	127	-50	-32	-2	9	det1=true
[17541]	99	127	-39	-38	-2	-9	det1=true
[17542]	99	127	-48	-38	-2	9	det1=true
[17543]	101	127	-40	-33	-9	-3	det1=true
[17544]	101	127	-43	-33	-9	3	det1=true
[17545]	104	127	-29	-16	-3	-10	det1=true
[17546]	104	127	-39	-16	-3	10	det1=true
[17547]	105	127	-49	4	-10	-1	det1=true
[17548]	105	127	-46	-12	-10	-1	det1=true
[17549]	105	127	-47	-12	-10	1	det1=true
[17550]	105	127	-34	-30	-1	-10	det1=true
[17551]	105	127	-44	-30	-1	10	det1=true
[17552]	105	127	-17	-7	-1	11	det1=true
[17553]	107	127	-53	-26	-4	9	det1=true
[17554]	107	127	-40	-32	-4	-9	det1=true
[17555]	107	127	-49	-32	-4	9	det1=true
[17556]	108	127	-45	-2	-2	-10	det1=true
[17557]	108	127	-55	-2	-2	10	det1=true
[17558]	109	127	-18	2	-11	-2	det1=true
[17559]	111	127	-52	-12	-10	2	det1=true
[17560]	111	127	-38	-32	-10	-2	det1=true
[17561]	111	127	-34	-36	-2	-10	det1=true
[17562]	111	127	-24	4	-11	-2	det1=true
[17563]	111	127	-26	4	-11	2	det1=true
[17564]	113	127	-15	4	-9	-7	det1=true
[17565]	113	127	-22	4	-9	7	det1=true
[17566]	114	127	-26	-9	-10	-5	det1=true
[17567]	116	127	-45	-41	-9	-4	det1=true
[17568]	116	127	-49	-41	-9	4	det1=true
[17569]	119	127	-57	-50	-9	-1	det1=true
[17570]	119	127	-58	-50	-9	1	det1=true
[17571]	120	127	-33	-34	-4	-10	det1=true
[17572]	120	127	-43	-34	-4	10	det1=true
[17573]	120	127	-21	2	-10	-6	det1=true
[17574]	120	127	-27	2	-10	6	det1=true
[17575]	121	127	-21	-3	-6	-10	det1=true
[17576]	123	127	-47	-16	-6	-9	det1=true
[17577]	123	127	-56	-16	-6	9	det1=true
[17578]	125	127	-35	-14	-7	-9	det1=true
[17579]	125	127	-44	-14	-7	9	det1=true
[17580]	125	127	-31	-3	-10	-6	det1=true
[17581]	125	127	-37	-3	-10	6	det1=true
[17582]	53	128	-8	-7	-6	-5	det1=true
[17583]	53	128	-13	-7	-6	5	det1=true
[17584]	56	128	-19	-8	-5	-6	det1=true
[17585]	57	128	-15	2	-7	-4	det1=true
[17586]	57	128	-19	2	-7	4	det1=true
[17587]	68	128	-29	-5	-8	3	det1=true
[17588]	76	128	-35	-19	-8	-3	det1=true
[17589]	76	128	-13	-5	-5	8	det1=true
[17590]	80	128	-23	-17	-2	-9	det1=true
[17591]	80	128	-32	-17	-2	9	det1=true
[17592]	85	128	-7	2	-8	-6	det1=true
[17593]	85	128	-13	2	-8	6	det1=true
[17594]	85	128	-6	1	-6	-8	det1=true
[17595]	86	128	-11	-2	-8	-6	det1=true
[17596]	89	128	-10	-3	-10	-2	det1=true
[17597]	91	128	-23	-10	-8	-6	det1=true
[17598]	93	128	-19	-10	-2	-10	det1=true
[17599]	93	128	-29	-10	-2	10	det1=true
[17600]	96	128	-5	-2	-7	-8	det1=true
[17601]	96	128	-13	-2	-7	8	det1=true
[17602]	105	128	-45	-7	-1	-10	det1=true
[17603]	105	128	-55	-7	-1	10	det1=true
[17604]	112	128	-43	-34	-8	-6	det1=true
[17605]	112	128	-49	-34	-8	6	det1=true
[17606]	113	128	-51	-10	-2	-10	det1=true
[17607]	113	128	-61	-10	-2	10	det1=true
[17608]	113	128	-25	-7	-2	-11	det1=true
[17609]	113	128	-36	-7	-2	11	det1=true
[17610]	114	128	-40	1	-6	-9	det1=true
[17611]	115	128	-46	-35	-6	-8	det1=true
[17612]	115	128	-54	-35	-6	8	det1=true
[17613]	115	128	-12	-1	-6	10	det1=true
[17614]	116	128	-62	-31	-4	9	det1=true
[17615]	116	128	-28	-15	-2	-11	det1=true
[17616]	116	128	-39	-15	-2	11	det1=true
[17617]	119	128	-21	4	-10	-6	det1=true
[17618]	119	128	-27	4	-10	6	det1=true
[17619]	122	128	-55	-53	-2	-9	det1=true
[17620]	122	128	-64	-53	-2	9	det1=true
[17621]	122	128	-28	-31	-2	-11	det1=true
[17622]	122	128	-39	-31	-2	11	det1=true
[17623]	123	128	-23	-11	-4	-11	det1=true
[17624]	123	128	-34	-11	-4	11	det1=true
[17625]	123	128	-10	3	-12	-1	det1=true
[17626]	125	128	-31	-4	-6	-10	det1=true
[17627]	125	128	-41	-4	-6	10	det1=true
[17628]	126	128	-55	-8	-9	-6	det1=true
[17629]	126	128	-6	-5	-2	-12	det1=true
[17630]	126	128	-18	-5	-2	12	det1=true
[17631]	55	125	-22	-5	-7	-3	det1=true
[17632]	55	125	-25	-5	-7	3	det1=true
[17633]	55	125	-14	-1	-5	-6	det1=true
[17634]	55	125	-20	-1	-5	6	det1=true
[17635]	58	125	-11	-4	-1	-8	det1=true
[17636]	58	125	-19	-4	-1	8	det1=true
[17637]	75	125	-31	-12	-5	-7	det1=true
[17638]	75	125	-38	-12	-5	7	det1=true
[17639]	85	125	-8	-4	-9	-4	det1=true
[17640]	96	125	-7	-9	-3	-10	det1=true
[17641]	96	125	-17	-9	-3	10	det1=true
[17642]	97	125	-48	-23	-9	2	det1=true
[17643]	97	125	-17	-13	-5	-9	det1=true
[17644]	97	125	-26	-13	-5	9	det1=true
[17645]	99	125	-43	-19	-3	-9	det1=true
[17646]	99	125	-52	-19	-3	9	det1=true
[17647]	99	125	-38	2	-10	-1	det1=true
[17648]	99	125	-39	2	-10	1	det1=true
[17649]	101	125	-48	-18	-8	-5	det1=true
[17650]	101	125	-53	-18	-8	5	det1=true
[17651]	101	125	-32	1	-9	-5	det1=true
[17652]	101	125	-37	1	-9	5	det1=true
[17653]	101	125	-6	0	-4	-10	det1=true
[17654]	101	125	-16	0	-4	10	det1=true
[17655]	105	125	-15	-13	-4	-10	det1=true
[17656]	105	125	-25	-13	-4	10	det1=true
[17657]	116	125	-52	-17	-10	-2	det1=true
[17658]	116	125	-54	-17	-10	2	det1=true
[17659]	116	125	-42	-33	-10	-2	det1=true
[17660]	116	125	-44	-33	-10	2	det1=true
[17661]	120	125	-59	-19	-10	-1	det1=true
[17662]	120	125	-51	-28	-10	-2	det1=true
[17663]	122	125	-31	-22	-11	-2	det1=true
[17664]	122	125	-33	-22	-11	2	det1=true
[17665]	124	125	-17	-16	-6	-10	det1=true
[17666]	124	125	-27	-16	-6	10	det1=true
[17667]	125	125	-54	-35	-1	-10	det1=true
[17668]	125	125	-64	-35	-1	10	det1=true
[17669]	125	125	-53	-12	-8	-7	det1=true
[17670]	125	125	-60	-12	-8	7	det1=true
[17671]	125	125	-34	-25	-11	-2	det1=true
[17672]	125	125	-36	-25	-11	2	det1=true
[17673]	15	126	-7	1	-4	-1	det1=true
[17674]	15	126	-8	1	-4	1	det1=true
[17675]	48	126	-17	0	-7	-2	det1=true
[17676]	48	126	-19	0	-7	2	det1=true
[17677]	56	126	-3	-1	-4	-7	det1=true
[17678]	56	126	-10	-1	-4	7	det1=true
[17679]	58	126	-25	-27	-2	-7	det1=true
[17680]	58	126	-32	-27	-2	7	det1=true
[17681]	63	126	-17	-12	-2	-8	det1=true
[17682]	63	126	-25	-12	-2	8	det1=true
[17683]	82	126	-27	-13	-7	-6	det1=true
[17684]	86	126	-37	-3	-6	-7	det1=true
[17685]	86	126	-29	-10	-5	-8	det1=true
[17686]	87	126	-28	-17	-8	-5	det1=true
[17687]	87	126	-33	-17	-8	5	det1=true
[17688]	88	126	-39	-5	-2	-9	det1=true
[17689]	88	126	-48	-5	-2	9	det1=true
[17690]	92	126	-43	-15	-8	5	det1=true
[17691]	96	126	-39	-7	-1	10	det1=true
[17692]	104	126	-19	1	-9	-6	det1=true
[17693]	104	126	-25	1	-9	6	det1=true
[17694]	107	126	-1	5	-10	-5	det1=true
[17695]	107	126	2	1	-2	-11	det1=true
[17696]	107	126	-9	1	-2	11	det1=true
[17697]	109	126	-37	2	-10	4	det1=true
[17698]	121	126	-34	-33	-4	-10	det1=true
[17699]	121	126	-44	-33	-4	10	det1=true
[17700]	122	126	-44	-41	-2	-10	det1=true
[17701]	122	126	-54	-41	-2	10	det1=true
[17702]	45	127	-5	0	-2	7	det1=true
[17703]	50	127	-23	-8	-6	-4	det1=true
[17704]	62	127	-1	3	-8	-3	det1=true
[17705]	62	127	-4	3	-8	3	det1=true
[17706]	77	127	-22	-15	-1	-9	det1=true
[17707]	80	127	-35	-27	-8	-3	det1=true
[17708]	82	127	-39	-7	-2	9	det1=true
[17709]	83	127	-23	-24	-2	-9	det1=true
[17710]	83	127	-4	-2	-4	-9	det1=true
[17711]	83	127	-13	-2	-4	9	det1=true
[17712]	85	127	-37	-32	-7	-5	det1=true
[17713]	85	127	-13	-4	-4	-9	det1=true
[17714]	85	127	-22	-4	-4	9	det1=true
[17715]	89	127	-41	-15	-3	9	det1=true
[17716]	90	127	-43	-18	-9	2	det1=true
[17717]	95	127	-38	1	-9	-4	det1=true
[17718]	95	127	-42	1	-9	4	det1=true
[17719]	101	127	-37	-36	-3	-9	det1=true
[17720]	101	127	-46	-36	-3	9	det1=true
[17721]	102	127	-30	-29	-8	-6	det1=true
[17722]	102	127	-36	-29	-8	6	det1=true
[17723]	103	127	-44	-43	-1	-9	det1=true
[17724]	103	127	-53	-43	-1	9	det1=true
[17725]	105	127	-50	4	-10	1	det1=true
[17726]	105	127	-33	-20	-5	-9	det1=true
[17727]	105	127	-42	-20	-5	9	det1=true
[17728]	105	127	-6	-7	-1	-11	det1=true
[17729]	108	127	-20	-5	-2	11	det1=true
[17730]	111	127	-42	-32	-8	-6	det1=true
[17731]	111	127	-48	-32	-8	6	det1=true
[17732]	119	127	-50	-1	-7	-8	det1=true
[17733]	119	127	-58	-1	-7	8	det1=true
[17734]	119	127	-46	-40	-8	-6	det1=true
[17735]	119	127	-14	-8	-10	-6	det1=true
[17736]	119	127	-12	-10	-6	-10	det1=true
[17737]	119	127	-22	-10	-6	10	det1=true
[17738]	120	127	-56	-23	-10	-2	det1=true
[17739]	120	127	-58	-23	-10	2	det1=true
[17740]	125	127	-29	-9	-10	-6	det1=true
[17741]	125	127	-35	-9	-10	6	det1=true
[17742]	127	127	-21	-10	-5	11	det1=true
[17743]	56	128	-9	-3	-7	-4	det1=true
[17744]	56	128	-13	-3	-7	4	det1=true
[17745]	68	128	-26	-5	-8	-3	det1=true
[17746]	84	128	-29	-6	-5	-8	det1=true
[17747]	85	128	-13	-9	-4	-9	det1=true
[17748]	92	128	-15	-12	-2	-10	det1=true
[17749]	95	128	-33	-18	-8	6	det1=true
[17750]	97	128	-49	-23	-9	-2	det1=true
[17751]	101	128	-43	-2	-8	-6	det1=true
[17752]	101	128	-49	-2	-8	6	det1=true
[17753]	101	128	-39	-17	-10	-1	det1=true
[17754]	106	128	-41	1	-10	-3	det1=true
[17755]	107	128	-9	-3	-2	-11	det1=true
[17756]	107	128	-20	-3	-2	11	det1=true
[17757]	111	128	-34	-21	-8	-7	det1=true
[17758]	111	128	-41	-21	-8	7	det1=true
[17759]	111	128	-31	-25	-8	-7	det1=true
[17760]	111	128	-38	-25	-8	7	det1=true
[17761]	111	128	-21	-5	-2	-11	det1=true
[17762]	114	128	-46	-27	-2	-10	det1=true
[17763]	114	128	-56	-27	-2	10	det1=true
[17764]	118	128	-15	-4	-6	-10	det1=true
[17765]	118	128	-25	-4	-6	10	det1=true
[17766]	120	128	-49	-39	-1	-10	det1=true
[17767]	120	128	-59	-39	-1	10	det1=true
[17768]	121	128	-52	-55	-2	-9	det1=true
[17769]	121	128	-61	-55	-2	9	det1=true
[17770]	122	128	-31	2	-11	4	det1=true
[17771]	22	125	-4	-3	-4	-3	det1=true
[17772]	22	125	-7	-3	-4	3	det1=true
[17773]	50	125	-22	-13	-2	7	det1=true
[17774]	83	125	-38	-3	-9	-1	det1=true
[17775]	83	125	-39	-3	-9	1	det1=true
[17776]	93	125	-22	-3	-1	-10	det1=true
[17777]	99	125	-10	0	-8	-7	det1=true
[17778]	99	125	-17	0	-8	7	det1=true
[17779]	101	125	-29	-10	-9	-5	det1=true
[17780]	101	125	-34	-10	-9	5	det1=true
[17781]	101	125	-23	-19	-9	-5	det1=true
[17782]	105	125	-23	5	-10	-4	det1=true
[17783]	105	125	-27	5	-10	4	det1=true
[17784]	109	125	-34	-25	-9	-5	det1=true
[17785]	109	125	-39	-25	-9	5	det1=true
[17786]	111	125	-45	1	-5	-9	det1=true
[17787]	111	125	-54	1	-5	9	det1=true
[17788]	111	125	-32	-2	-9	-6	det1=true
[17789]	111	125	-38	-2	-9	6	det1=true
[17790]	113	125	-52	-23	-9	-4	det1=true
[17791]	114	125	-37	-2	-9	-6	det1=true
[17792]	114	125	-43	-2	-9	6	det1=true
[17793]	116	125	-38	-37	-2	-10	det1=true
[17794]	116	125	-48	-37	-2	10	det1=true
[17795]	120	125	-13	2	-11	-4	det1=true
[17796]	120	125	-17	2	-11	4	det1=true
[17797]	67	126	-37	-4	-2	8	det1=true
[17798]	76	126	-12	-11	-2	-9	det1=true
[17799]	76	126	-21	-11	-2	9	det1=true
[17800]	86	126	-36	-5	-2	-9	det1=true
[17801]	86	126	-45	-5	-2	9	det1=true
[17802]	96	126	-36	-35	-2	-9	det1=true
[17803]	96	126	-45	-35	-2	9	det1=true
[17804]	98	126	-6	-5	-8	-7	det1=true
[17805]	98	126	-13	-5	-8	7	det1=true
[17806]	102	126	-41	-33	-8	-5	det1=true
[17807]	103	126	-19	-13	-7	-8	det1=true
[17808]	103	126	-27	-13	-7	8	det1=true
[17809]	109	126	-33	-37	-1	-10	det1=true
[17810]	109	126	-43	-37	-1	10	det1=true
[17811]	110	126	-52	-13	-10	1	det1=true
[17812]	114	126	-37	-8	-9	-6	det1=true
[17813]	114	126	-43	-8	-9	6	det1=true
[17814]	43	127	-5	0	-1	-7	det1=true
[17815]	43	127	-12	0	-1	7	det1=true
[17816]	52	127	-3	3	-6	-5	det1=true
[17817]	52	127	-8	3	-6	5	det1=true
[17818]	67	127	-18	-6	-5	-7	det1=true
[17819]	67	127	-25	-6	-5	7	det1=true
[17820]	75	127	-18	-13	-1	-9	det1=true
[17821]	75	127	-27	-13	-1	9	det1=true
[17822]	77	127	-26	-3	-1	-9	det1=true
[17823]	77	127	-35	-3	-1	9	det1=true
[17824]	77	127	-31	-15	-1	9	det1=true
[17825]	85	127	-43	-33	-5	7	det1=true
[17826]	85	127	-38	-19	-9	1	det1=true
[17827]	88	127	-30	-19	-8	-5	det1=true
[17828]	88	127	-35	-19	-8	5	det1=true
[17829]	96	127	-31	-3	-1	-10	det1=true
[17830]	96	127	-41	-3	-1	10	det1=true
[17831]	107	127	-37	-14	-10	-3	det1=true
[17832]	108	127	-9	-5	-2	-11	det1=true
[17833]	111	127	-44	-28	-1	-10	det1=true
[17834]	113	127	-19	-8	-7	9	det1=true
[17835]	114	127	-34	-13	-2	11	det1=true
[17836]	115	127	-27	-6	-7	9	det1=true
[17837]	118	127	-49	3	-7	-8	det1=true
[17838]	119	127	-22	-18	-11	-3	det1=true
[17839]	119	127	-25	-18	-11	3	det1=true
[17840]	119	127	-20	-8	-10	6	det1=true
[17841]	120	127	-52	-27	-2	-10	det1=true
[17842]	120	127	-62	-27	-2	10	det1=true
[17843]	120	127	-52	-35	-10	-1	det1=true
[17844]	120	127	-53	-35	-10	1	det1=true
[17845]	122	127	-57	-50	-9	-2	det1=true
[17846]	122	127	-59	-50	-9	2	det1=true
[17847]	76	128	-5	-5	-5	-8	det1=true
[17848]	82	128	-25	-20	-7	-6	det1=true
[17849]	82	128	-31	-20	-7	6	det1=true
[17850]	86	128	-17	-2	-8	6	det1=true
[17851]	87	128	-22	-3	-6	8	det1=true
[17852]	106	128	-44	1	-10	3	det1=true
[17853]	108	128	-46	-3	-2	-10	det1=true
[17854]	108	128	-56	-3	-2	10	det1=true
[17855]	111	128	-32	-5	-2	11	det1=true
[17856]	115	128	-13	2	-6	10	det1=true
[17857]	119	128	-51	-2	-7	-8	det1=true
[17858]	121	128	-23	-4	-6	-10	det1=true
[17859]	122	128	-53	-25	-10	-3	det1=true
[17860]	122	128	-27	2	-11	-4	det1=true
[17861]	50	125	-15	-13	-2	-7	det1=true
[17862]	74	125	-30	-27	-8	-2	det1=true
[17863]	74	125	-32	-27	-8	2	det1=true
[17864]	83	125	-32	2	-5	8	det1=true
[17865]	88	125	-37	-12	-7	-6	det1=true
[17866]	88	125	-43	-12	-7	6	det1=true
[17867]	93	125	-11	0	-9	-5	det1=true
[17868]	94	125	-39	-25	-6	-7	det1=true
[17869]	94	125	-46	-25	-6	7	det1=true
[17870]	109	125	-31	-1	-10	-4	det1=true
[17871]	109	125	-35	-1	-10	4	det1=true
[17872]	113	125	-56	-23	-9	4	det1=true
[17873]	116	125	-42	-3	-10	-4	det1=true
[17874]	116	125	-46	-3	-10	4	det1=true
[17875]	122	125	-53	-32	-6	-8	det1=true
[17876]	67	126	-25	-23	-4	-7	det1=true
[17877]	67	126	-32	-23	-4	7	det1=true
[17878]	77	126	-18	-5	-2	-9	det1=true
[17879]	77	126	-27	-5	-2	9	det1=true
[17880]	90	126	-20	-1	-10	-1	det1=true
[17881]	90	126	-21	-1	-10	1	det1=true
[17882]	102	126	-46	-33	-8	5	det1=true
[17883]	103	126	-23	-5	-7	-8	det1=true
[17884]	103	126	-31	-5	-7	8	det1=true
[17885]	105	126	-19	-12	-10	-4	det1=true
[17886]	106	126	-29	-19	-8	7	det1=true
[17887]	109	126	-26	-11	-6	-9	det1=true
[17888]	109	126	-35	-11	-6	9	det1=true
[17889]	77	127	-24	-14	-9	-1	det1=true
[17890]	77	127	-25	-14	-9	1	det1=true
[17891]	89	127	-26	-26	-5	-8	det1=true
[17892]	89	127	-34	-26	-5	8	det1=true
[17893]	95	127	-19	-7	-5	-9	det1=true
[17894]	95	127	-28	-7	-5	9	det1=true
[17895]	97	127	-30	-24	-4	-9	det1=true
[17896]	97	127	-39	-24	-4	9	det1=true
[17897]	106	127	-33	-15	-3	-10	det1=true
[17898]	106	127	-43	-15	-3	10	det1=true
[17899]	107	127	-40	-14	-10	3	det1=true
[17900]	111	127	-54	-28	-1	10	det1=true
[17901]	111	127	-44	-36	-2	10	det1=true
[17902]	113	127	-10	-8	-7	-9	det1=true
[17903]	114	127	-23	-13	-2	-11	det1=true
[17904]	115	127	-33	-26	-1	11	det1=true
[17905]	115	127	-18	-6	-7	-9	det1=true
[17906]	119	127	-53	-54	-1	-9	det1=true
[17907]	121	127	-55	-27	-10	-2	det1=true
[17908]	121	127	-57	-27	-10	2	det1=true
[17909]	56	128	-7	-6	-1	-8	det1=true
[17910]	56	128	-15	-6	-1	8	det1=true
[17911]	77	128	-13	-1	-8	-5	det1=true
[17912]	77	128	-18	-1	-8	5	det1=true
[17913]	85	128	-22	-9	-4	9	det1=true
[17914]	87	128	-14	-3	-6	-8	det1=true
[17915]	91	128	-33	-31	-6	-7	det1=true
[17916]	91	128	-40	-31	-6	7	det1=true
[17917]	99	128	-31	-12	-2	-10	det1=true
[17918]	100	128	-17	-10	-7	-8	det1=true
[17919]	100	128	-25	-10	-7	8	det1=true
[17920]	36	125	-5	-3	-4	-5	det1=true
[17921]	36	125	-10	-3	-4	5	det1=true
[17922]	90	125	-28	-23	-8	-5	det1=true
[17923]	90	125	-33	-23	-8	5	det1=true
[17924]	95	125	-14	-8	-5	-9	det1=true
[17925]	95	125	-23	-8	-5	9	det1=true
[17926]	103	125	-23	-18	-10	-3	det1=true
[17927]	103	125	-26	-18	-10	3	det1=true
[17928]	104	125	-39	-37	-5	-8	det1=true
[17929]	104	125	-47	-37	-5	8	det1=true
[17930]	110	125	-33	0	-10	-4	det1=true
[17931]	110	125	-37	0	-10	4	det1=true
[17932]	113	125	-51	-15	-6	-8	det1=true
[17933]	113	125	-59	-15	-6	8	det1=true
[17934]	122	125	-61	-32	-6	8	det1=true
[17935]	85	126	-33	-11	-2	-9	det1=true
[17936]	85	126	-42	-11	-2	9	det1=true
[17937]	90	126	-15	-7	-1	-10	det1=true
[17938]	90	126	-25	-7	-1	10	det1=true
[17939]	92	126	-38	-15	-8	-5	det1=true
[17940]	100	126	-5	2	-4	-10	det1=true
[17941]	100	126	-15	2	-4	10	det1=true
[17942]	108	126	-48	5	-10	-2	det1=true
[17943]	113	126	-37	-16	-7	-8	det1=true
[17944]	113	126	-45	-16	-7	8	det1=true
[17945]	114	126	-43	-1	-8	-7	det1=true
[17946]	114	126	-50	-1	-8	7	det1=true
[17947]	126	126	-53	-7	-9	-6	det1=true
[17948]	67	127	-19	-5	-7	-5	det1=true
[17949]	67	127	-24	-5	-7	5	det1=true
[17950]	73	127	-7	2	-6	-7	det1=true
[17951]	73	127	-14	2	-6	7	det1=true
[17952]	75	127	-22	-9	-9	-1	det1=true
[17953]	75	127	-23	-9	-9	1	det1=true
[17954]	83	127	-31	-10	-2	-9	det1=true
[17955]	83	127	-40	-10	-2	9	det1=true
[17956]	91	127	-9	3	-9	-5	det1=true
[17957]	91	127	-14	3	-9	5	det1=true
[17958]	117	127	-31	-19	-1	-11	det1=true
[17959]	117	127	-42	-19	-1	11	det1=true
[17960]	127	127	-33	-25	-11	-3	det1=true
[17961]	127	127	-36	-25	-11	3	det1=true
[17962]	127	127	-15	-4	-11	-5	det1=true
[17963]	127	127	-20	-4	-11	5	det1=true
[17964]	77	128	-34	-23	-8	-3	det1=true
[17965]	77	128	-37	-23	-8	3	det1=true
[17966]	99	128	-35	-8	-10	-2	det1=true
[17967]	101	128	-18	-13	-8	-7	det1=true
[17968]	101	128	-25	-13	-8	7	det1=true
[17969]	104	128	-47	-2	-8	-6	det1=true
[17970]	104	128	-53	-2	-8	6	det1=true
[17971]	106	128	-43	-19	-1	-10	det1=true
[17972]	106	128	-53	-19	-1	10	det1=true
[17973]	110	128	-52	-3	-10	-2	det1=true
[17974]	110	128	-54	-3	-10	2	det1=true
[17975]	114	128	-31	-31	-7	-8	det1=true
[17976]	114	128	-39	-31	-7	8	det1=true
[17977]	115	128	-3	2	-6	-10	det1=true
[17978]	125	128	-50	-27	-8	-7	det1=true
[17979]	125	128	-57	-27	-8	7	det1=true
[17980]	68	125	-22	-5	-8	-3	det1=true
[17981]	109	125	-43	-46	-2	-9	det1=true
[17982]	109	125	-52	-46	-2	9	det1=true
[17983]	111	125	-48	-13	-1	-10	det1=true
[17984]	111	125	-58	-13	-1	10	det1=true
[17985]	112	125	-43	-28	-1	-10	det1=true
[17986]	112	125	-53	-28	-1	10	det1=true
[17987]	125	125	-39	-33	-10	-4	det1=true
[17988]	125	125	-43	-33	-10	4	det1=true
[17989]	49	126	-18	1	-2	-7	det1=true
[17990]	49	126	-25	1	-2	7	det1=true
[17991]	69	126	-29	-24	-1	-8	det1=true
[17992]	69	126	-37	-24	-1	8	det1=true
[17993]	71	126	-32	-19	-8	-2	det1=true
[17994]	71	126	-34	-19	-8	2	det1=true
[17995]	108	126	-43	-20	-1	-10	det1=true
[17996]	108	126	-53	-20	-1	10	det1=true
[17997]	114	126	-40	-5	-10	-4	det1=true
[17998]	114	126	-44	-5	-10	4	det1=true
[17999]	36	127	-7	-6	-5	-4	det1=true
[18000]	36	127	-11	-6	-5	4	det1=true
[18001]	94	127	-31	-13	-4	-9	det1=true
[18002]	94	127	-40	-13	-4	9	det1=true
[18003]	95	127	-32	-4	-8	-6	det1=true
[18004]	95	127	-38	-4	-8	6	det1=true
[18005]	101	127	-32	-6	-5	-9	det1=true
[18006]	101	127	-41	-6	-5	9	det1=true
[18007]	117	127	-54	-46	-7	-6	det1=true
[18008]	117	127	-60	-46	-7	6	det1=true
[18009]	127	127	-12	-7	-5	-11	det1=true
[18010]	127	127	-23	-7	-5	11	det1=true
[18011]	90	128	-19	-11	-10	-1	det1=true
[18012]	110	128	-53	-4	-3	10	det1=true
[18013]	92	125	-20	-9	-10	-1	det1=true
[18014]	92	125	-21	-9	-10	1	det1=true
[18015]	111	125	-50	-16	-10	-1	det1=true
[18016]	111	125	-51	-16	-10	1	det1=true
[18017]	117	125	-25	-14	-2	-11	det1=true
[18018]	117	125	-36	-14	-2	11	det1=true
[18019]	104	126	-47	-36	-9	-2	det1=true
[18020]	116	126	-41	-4	-9	-6	det1=true
[18021]	116	126	-47	-4	-9	6	det1=true
[18022]	126	126	-59	-7	-9	6	det1=true
[18023]	73	127	-28	-18	-3	-8	det1=true
[18024]	73	127	-36	-18	-3	8	det1=true
[18025]	77	127	-28	-26	-5	-7	det1=true
[18026]	77	127	-35	-26	-5	7	det1=true
[18027]	111	127	-41	-33	-6	-8	det1=true
[18028]	111	127	-49	-33	-6	8	det1=true
[18029]	117	127	-36	-14	-11	-1	det1=true
[18030]	117	127	-37	-14	-11	1	det1=true
[18031]	127	127	-16	-4	-1	-12	det1=true
[18032]	127	127	-28	-4	-1	12	det1=true
[18033]	110	128	-43	-4	-3	-10	det1=true
[18034]	96	125	-22	-7	-2	-10	det1=true
[18035]	96	125	-32	-7	-2	10	det1=true
[18036]	123	125	-57	-52	-1	-9	det1=true
[18037]	123	125	-66	-52	-1	9	det1=true
[18038]	97	127	-37	-10	-4	-9	det1=true
[18039]	97	127	-46	-10	-4	9	det1=true
[18040]	100	127	-36	-15	-6	-8	det1=true
[18041]	127	127	-13	-7	-11	-5	det1=true
[18042]	127	127	-18	-7	-11	5	det1=true
[18043]	102	125	-11	-4	-10	-4	det1=true
[18044]	104	126	-49	-36	-9	2	det1=true
[18045]	86	127	-16	-5	-4	-9	det1=true
[18046]	74	128	-31	-18	-3	-8	det1=true
[18047]	90	128	-20	-11	-10	1	det1=true
[18048]	99	125	-42	-31	-7	-6	det1=true
[18049]	99	125	-48	-31	-7	6	det1=true
[18050]	97	127	-42	-30	-6	-7	det1=true
[18051]	97	127	-49	-30	-6	7	det1=true
[18052]	100	127	-44	-15	-6	8	det1=true
[18053]	118	127	-55	-24	-6	-8	det1=true
[18054]	118	127	-63	-24	-6	8	det1=true
[18055]	116	128	-43	-18	-7	-8	det1=true
[18056]	116	128	-51	-18	-7	8	det1=true
[18057]	95	128	-27	-8	-10	-2	det1=true
[18058]	95	128	-29	-8	-10	2	det1=true
[18059]	117	125	-33	-25	-10	-4	det1=true
[18060]	113	127	-14	3	-7	-9	det1=true
[18061]	113	127	-23	3	-7	9	det1=true
[18062]	95	128	-23	-12	-2	-10	det1=true
[18063]	95	128	-33	-12	-2	10	det1=true
[18064]	119	128	-56	-29	-10	-1	det1=true
[18065]	119	128	-57	-29	-10	1	det1=true
[18066]	116	126	-41	2	-4	-10	det1=true
[18067]	116	126	-51	2	-4	10	det1=true
[18068]	126	126	-26	-9	-4	-11	det1=true
[18069]	92	128	-4	5	-10	-3	det1=true
[18070]	115	128	-53	-29	-4	-9	det1=true
[18071]	115	128	-62	-29	-4	9	det1=true
[18072]	122	128	-45	0	-11	-2	det1=true
[18073]	122	128	-47	0	-11	2	det1=true
[18074]	93	127	-46	-24	-9	-1	det1=true
[18075]	93	127	-47	-24	-9	1	det1=true
[18076]	111	126	-44	-9	-8	7	det1=true
[18077]	111	128	-39	-11	-8	-7	det1=true
[18078]	111	128	-46	-11	-8	7	det1=true
[18079]	125	125	-36	-36	-4	-10	det1=true
[18080]	125	125	-18	-18	-6	-10	det1=true
[18081]	125	125	-28	-18	-6	10	det1=true
[18082]	111	126	-37	-9	-8	-7	det1=true
[18083]	116	126	-32	-23	-6	-9	det1=true
[18084]	116	126	-41	-23	-6	9	det1=true
[18085]	101	127	-22	4	-8	-7	det1=true
[18086]	101	127	-29	4	-8	7	det1=true
[18087]	102	125	-41	-7	-10	-1	det1=true
[18088]	102	125	-42	-7	-10	1	det1=true
[18089]	105	127	-30	2	-7	-8	det1=true
[18090]	105	127	-38	2	-7	8	det1=true
[18091]	68	125	-33	0	-8	-2	det1=true
[18092]	116	126	-44	5	-10	-4	det1=true
[18093]	116	126	-48	5	-10	4	det1=true
[18094]	61	125	-28	-8	-6	-5	det1=true
[18095]	98	128	-15	-1	-8	-7	det1=true
[18096]	98	128	-22	-1	-8	7	det1=true
[18097]	121	130	-59	-13	-10	-3	det1=true
[18098]	121	130	-62	-13	-10	3	det1=true
[18099]	11	131	-4	-2	-2	-3	det1=true
[18100]	11	131	-7	-2	-2	3	det1=true
[18101]	31	131	-14	-10	-5	-3	det1=true
[18102]	104	131	-27	-8	-4	-10	det1=true
[18103]	104	131	-37	-8	-4	10	det1=true
[18104]	120	132	-59	-51	-9	-2	det1=true
[18105]	120	132	-61	-51	-9	2	det1=true
[18106]	132	132	-33	-1	-10	-7	det1=true
[18107]	77	129	-34	-21	-5	-7	det1=true
[18108]	77	129	-41	-21	-5	7	det1=true
[18109]	113	129	-38	-38	-2	-10	det1=true
[18110]	113	129	-48	-38	-2	10	det1=true
[18111]	120	130	-37	-17	-2	-11	det1=true
[18112]	120	130	-48	-17	-2	11	det1=true
[18113]	127	130	-28	-23	-4	-11	det1=true
[18114]	127	130	-39	-23	-4	11	det1=true
[18115]	130	130	-49	-25	-11	-2	det1=true
[18116]	130	130	-51	-25	-11	2	det1=true
[18117]	39	131	-10	-8	-3	-6	det1=true
[18118]	39	131	-16	-8	-3	6	det1=true
[18119]	79	131	-38	-1	-9	-1	det1=true
[18120]	79	131	-39	-1	-9	1	det1=true
[18121]	97	131	-26	1	-3	-10	det1=true
[18122]	97	131	-36	1	-3	10	det1=true
[18123]	114	131	-45	-10	-10	-4	det1=true
[18124]	114	131	-49	-10	-10	4	det1=true
[18125]	114	131	-41	-13	-6	-9	det1=true
[18126]	114	131	-50	-13	-6	9	det1=true
[18127]	120	131	-47	-42	-10	-2	det1=true
[18128]	120	131	-49	-42	-10	2	det1=true
[18129]	120	131	-43	-46	-2	-10	det1=true
[18130]	120	131	-53	-46	-2	10	det1=true
[18131]	128	131	-28	-29	-6	-10	det1=true
[18132]	128	131	-38	-29	-6	10	det1=true
[18133]	37	132	-13	-13	-4	-5	det1=true
[18134]	37	132	-18	-13	-4	5	det1=true
[18135]	68	132	-29	-3	-3	-8	det1=true
[18136]	68	132	-37	-3	-3	8	det1=true
[18137]	94	132	-7	-7	-7	-8	det1=true
[18138]	94	132	-15	-7	-7	8	det1=true
[18139]	129	132	-5	3	-6	-11	det1=true
[18140]	129	132	-16	3	-6	11	det1=true
[18141]	51	129	-18	-4	-7	3	det1=true
[18142]	53	129	-11	-6	-6	-5	det1=true
[18143]	53	129	-16	-6	-6	5	det1=true
[18144]	57	129	-4	4	-8	-2	det1=true
[18145]	57	129	-6	4	-8	2	det1=true
[18146]	75	129	-19	0	-6	-7	det1=true
[18147]	75	129	-26	0	-6	7	det1=true
[18148]	75	129	-4	-2	-5	-8	det1=true
[18149]	75	129	-12	-2	-5	8	det1=true
[18150]	78	129	-23	-8	-5	8	det1=true
[18151]	92	129	-39	-13	-4	9	det1=true
[18152]	95	129	-26	0	-9	-5	det1=true
[18153]	95	129	-31	0	-9	5	det1=true
[18154]	99	129	-8	-2	-9	-6	det1=true
[18155]	100	129	-18	5	-10	-4	det1=true
[18156]	100	129	-22	5	-10	4	det1=true
[18157]	107	129	-48	-10	-1	-10	det1=true
[18158]	107	129	-58	-10	-1	10	det1=true
[18159]	127	129	-50	-12	-1	-11	det1=true
[18160]	127	129	-61	-12	-1	11	det1=true
[18161]	128	129	-13	-8	-7	-10	det1=true
[18162]	128	129	-23	-8	-7	10	det1=true
[18163]	129	129	-56	-19	-9	-6	det1=true
[18164]	129	129	-62	-19	-9	6	det1=true
[18165]	26	130	-11	-8	-5	-2	det1=true
[18166]	26	130	-13	-8	-5	2	det1=true
[18167]	31	130	-3	-2	-1	-6	det1=true
[18168]	31	130	-9	-2	-1	6	det1=true
[18169]	46	130	-15	0	-7	-2	det1=true
[18170]	46	130	-17	0	-7	2	det1=true
[18171]	48	130	-13	-15	-2	-7	det1=true
[18172]	48	130	-20	-15	-2	7	det1=true
[18173]	62	130	-7	-7	-3	-8	det1=true
[18174]	62	130	-15	-7	-3	8	det1=true
[18175]	78	130	-17	-9	-8	-5	det1=true
[18176]	78	130	-22	-9	-8	5	det1=true
[18177]	82	130	-27	-21	-7	-6	det1=true
[18178]	82	130	-33	-21	-7	6	det1=true
[18179]	84	130	-23	-22	-5	-8	det1=true
[18180]	84	130	-31	-22	-5	8	det1=true
[18181]	86	130	-23	2	-8	6	det1=true
[18182]	89	130	-22	-9	-8	-6	det1=true
[18183]	89	130	-28	-9	-8	6	det1=true
[18184]	94	130	-43	-18	-5	-8	det1=true
[18185]	94	130	-51	-18	-5	8	det1=true
[18186]	114	130	-35	-30	-7	-8	det1=true
[18187]	114	130	-43	-30	-7	8	det1=true
[18188]	125	130	-49	-49	-1	-10	det1=true
[18189]	125	130	-59	-49	-1	10	det1=true
[18190]	127	130	-15	-10	-2	-12	det1=true
[18191]	127	130	-27	-10	-2	12	det1=true
[18192]	128	130	-54	-47	-6	-8	det1=true
[18193]	128	130	-62	-47	-6	8	det1=true
[18194]	130	130	-47	-48	-3	-10	det1=true
[18195]	130	130	-57	-48	-3	10	det1=true
[18196]	36	131	-17	-6	-6	-2	det1=true
[18197]	36	131	-19	-6	-6	2	det1=true
[18198]	45	131	-10	0	-2	-7	det1=true
[18199]	45	131	-17	0	-2	7	det1=true
[18200]	56	131	-14	-3	-4	-7	det1=true
[18201]	63	131	-26	-10	-8	-2	det1=true
[18202]	63	131	-28	-10	-8	2	det1=true
[18203]	73	131	-18	-2	-9	-2	det1=true
[18204]	79	131	-34	-5	-1	-9	det1=true
[18205]	79	131	-43	-5	-1	9	det1=true
[18206]	85	131	-28	-18	-3	-9	det1=true
[18207]	85	131	-37	-18	-3	9	det1=true
[18208]	87	131	-35	-16	-8	-5	det1=true
[18209]	87	131	-40	-16	-8	5	det1=true
[18210]	109	131	-54	-29	-9	4	det1=true
[18211]	113	131	-27	-24	-1	-11	det1=true
[18212]	113	131	-38	-24	-1	11	det1=true
[18213]	114	131	-47	-9	-7	-8	det1=true
[18214]	114	131	-55	-9	-7	8	det1=true
[18215]	128	131	-30	-27	-10	-6	det1=true
[18216]	128	131	-36	-27	-10	6	det1=true
[18217]	130	131	-13	-12	-3	-12	det1=true
[18218]	130	131	-25	-12	-3	12	det1=true
[18219]	131	131	-40	-31	-9	-7	det1=true
[18220]	131	131	-47	-31	-9	7	det1=true
[18221]	24	132	-4	1	-2	-5	det1=true
[18222]	24	132	-9	1	-2	5	det1=true
[18223]	58	132	-19	-11	-7	-4	det1=true
[18224]	58	132	-23	-11	-7	4	det1=true
[18225]	77	132	-17	-9	-5	-8	det1=true
[18226]	77	132	-25	-9	-5	8	det1=true
[18227]	89	132	-16	-9	-2	-10	det1=true
[18228]	89	132	-26	-9	-2	10	det1=true
[18229]	96	132	-31	-16	-10	-2	det1=true
[18230]	96	132	-33	-16	-10	2	det1=true
[18231]	101	132	-40	-9	-2	-10	det1=true
[18232]	122	132	-23	-21	-4	-11	det1=true
[18233]	122	132	-34	-21	-4	11	det1=true
[18234]	128	132	-47	-28	-11	-2	det1=true
[18235]	128	132	-49	-28	-11	2	det1=true
[18236]	128	132	-30	-5	-8	-9	det1=true
[18237]	128	132	-23	-4	-7	-10	det1=true
[18238]	128	132	-33	-4	-7	10	det1=true
[18239]	129	132	-35	-23	-4	-11	det1=true
[18240]	129	132	-46	-23	-4	11	det1=true
[18241]	131	132	-62	-41	-10	-2	det1=true
[18242]	131	132	-64	-41	-10	2	det1=true
[18243]	132	132	-56	-31	-6	-9	det1=true
[18244]	132	132	-65	-31	-6	9	det1=true
[18245]	47	129	-10	-12	-2	-7	det1=true
[18246]	47	129	-17	-12	-2	7	det1=true
[18247]	49	129	-21	-2	-2	-7	det1=true
[18248]	49	129	-28	-2	-2	7	det1=true
[18249]	77	129	-35	-20	-7	-5	det1=true
[18250]	77	129	-40	-20	-7	5	det1=true
[18251]	79	129	-16	-7	-3	-9	det1=true
[18252]	79	129	-25	-7	-3	9	det1=true
[18253]	80	129	-23	2	-5	-8	det1=true
[18254]	80	129	-31	2	-5	8	det1=true
[18255]	85	129	-8	2	-10	-1	det1=true
[18256]	85	129	-9	2	-10	1	det1=true
[18257]	89	129	-27	-4	-4	-9	det1=true
[18258]	92	129	-33	-1	-4	-9	det1=true
[18259]	92	129	-42	-1	-4	9	det1=true
[18260]	94	129	-18	5	-10	-3	det1=true
[18261]	94	129	-21	5	-10	3	det1=true
[18262]	96	129	-43	-7	-1	10	det1=true
[18263]	99	129	-26	-7	-7	8	det1=true
[18264]	101	129	-46	-12	-9	-4	det1=true
[18265]	101	129	-16	2	-6	-9	det1=true
[18266]	101	129	-25	2	-6	9	det1=true
[18267]	105	129	-33	-2	-8	-7	det1=true
[18268]	105	129	-40	-2	-8	7	det1=true
[18269]	110	129	-40	-7	-8	-7	det1=true
[18270]	110	129	-47	-7	-8	7	det1=true
[18271]	115	129	-54	2	-10	-3	det1=true
[18272]	115	129	-57	2	-10	3	det1=true
[18273]	116	129	-50	-21	-8	7	det1=true
[18274]	119	129	-47	-1	-11	1	det1=true
[18275]	121	129	-22	-12	-6	-10	det1=true
[18276]	121	129	-32	-12	-6	10	det1=true
[18277]	123	129	-6	1	-5	-11	det1=true
[18278]	123	129	-17	1	-5	11	det1=true
[18279]	124	129	-50	-41	-2	-10	det1=true
[18280]	124	129	-60	-41	-2	10	det1=true
[18281]	78	130	-19	-2	-5	-8	det1=true
[18282]	78	130	-27	-2	-5	8	det1=true
[18283]	83	130	-32	1	-8	-5	det1=true
[18284]	83	130	-37	1	-8	5	det1=true
[18285]	86	130	-17	2	-8	-6	det1=true
[18286]	88	130	-37	-13	-8	-5	det1=true
[18287]	89	130	-29	-10	-6	8	det1=true
[18288]	91	130	-43	-9	-8	-5	det1=true
[18289]	91	130	-48	-9	-8	5	det1=true
[18290]	92	130	-34	-3	-4	-9	det1=true
[18291]	92	130	-43	-3	-4	9	det1=true
[18292]	95	130	-23	3	-10	-3	det1=true
[18293]	95	130	-26	3	-10	3	det1=true
[18294]	101	130	-52	-29	-8	5	det1=true
[18295]	103	130	-41	-23	-10	-1	det1=true
[18296]	103	130	-42	-23	-10	1	det1=true
[18297]	103	130	-39	3	-10	-3	det1=true
[18298]	103	130	-42	3	-10	3	det1=true
[18299]	106	130	-30	-11	-10	-4	det1=true
[18300]	106	130	-34	-11	-10	4	det1=true
[18301]	106	130	-9	-9	-2	-11	det1=true
[18302]	106	130	-20	-9	-2	11	det1=true
[18303]	111	130	-45	-4	-10	4	det1=true
[18304]	111	130	-48	-7	-4	10	det1=true
[18305]	118	130	-24	-15	-6	10	det1=true
[18306]	121	130	-53	-15	-8	-7	det1=true
[18307]	121	130	-60	-15	-8	7	det1=true
[18308]	123	130	-47	-28	-10	-4	det1=true
[18309]	123	130	-51	-28	-10	4	det1=true
[18310]	124	130	-51	-20	-4	-10	det1=true
[18311]	124	130	-61	-20	-4	10	det1=true
[18312]	126	130	-57	-4	-4	-10	det1=true
[18313]	126	130	-67	-4	-4	10	det1=true
[18314]	127	130	-20	-5	-12	-2	det1=true
[18315]	130	130	-21	-21	-8	-9	det1=true
[18316]	130	130	-30	-21	-8	9	det1=true
[18317]	24	131	-3	1	-5	-2	det1=true
[18318]	24	131	-5	1	-5	2	det1=true
[18319]	34	131	-13	-14	-1	-6	det1=true
[18320]	34	131	-19	-14	-1	6	det1=true
[18321]	43	131	-18	-17	-3	-6	det1=true
[18322]	43	131	-24	-17	-3	6	det1=true
[18323]	47	131	-25	-17	-1	7	det1=true
[18324]	73	131	-20	-2	-9	2	det1=true
[18325]	74	131	-15	-11	-7	-6	det1=true
[18326]	74	131	-21	-11	-7	6	det1=true
[18327]	76	131	-25	0	-7	-6	det1=true
[18328]	76	131	-31	0	-7	6	det1=true
[18329]	81	131	-22	-13	-3	-9	det1=true
[18330]	81	131	-31	-13	-3	9	det1=true
[18331]	89	131	-28	-13	-9	-4	det1=true
[18332]	89	131	-32	-13	-9	4	det1=true
[18333]	95	131	-26	-24	-1	-10	det1=true
[18334]	95	131	-36	-24	-1	10	det1=true
[18335]	95	131	-33	-12	-5	9	det1=true
[18336]	96	131	-39	-2	-8	-6	det1=true
[18337]	96	131	-36	5	-10	-2	det1=true
[18338]	96	131	-38	5	-10	2	det1=true
[18339]	96	131	-32	1	-2	-10	det1=true
[18340]	96	131	-42	1	-2	10	det1=true
[18341]	96	131	-21	-13	-10	-3	det1=true
[18342]	96	131	-24	-13	-10	3	det1=true
[18343]	100	131	-31	-17	-10	3	det1=true
[18344]	105	131	-29	-2	-6	-9	det1=true
[18345]	105	131	-38	-2	-6	9	det1=true
[18346]	107	131	-36	-12	-7	-8	det1=true
[18347]	107	131	-44	-12	-7	8	det1=true
[18348]	115	131	-16	-2	-10	-6	det1=true
[18349]	115	131	-22	-2	-10	6	det1=true
[18350]	115	131	-20	-6	-10	6	det1=true
[18351]	116	131	-56	-7	-10	-3	det1=true
[18352]	119	131	-45	-36	-10	-3	det1=true
[18353]	119	131	-48	-36	-10	3	det1=true
[18354]	119	131	-44	-16	-11	-1	det1=true
[18355]	119	131	-45	-16	-11	1	det1=true
[18356]	122	131	-25	-15	-4	-11	det1=true
[18357]	122	131	-36	-15	-4	11	det1=true
[18358]	123	131	-39	-32	-11	-1	det1=true
[18359]	123	131	-40	-32	-11	1	det1=true
[18360]	124	131	-59	-41	-9	-4	det1=true
[18361]	124	131	-63	-41	-9	4	det1=true
[18362]	124	131	-55	-12	-9	-6	det1=true
[18363]	124	131	-61	-12	-9	6	det1=true
[18364]	125	131	-58	-28	-10	-3	det1=true
[18365]	125	131	-61	-28	-10	3	det1=true
[18366]	128	131	-25	-13	-1	-12	det1=true
[18367]	128	131	-37	-13	-1	12	det1=true
[18368]	130	131	-22	-13	-10	-7	det1=true
[18369]	130	131	-29	-13	-10	7	det1=true
[18370]	131	131	-75	-9	-6	-8	det1=true
[18371]	131	131	-83	-9	-6	8	det1=true
[18372]	25	132	-11	-3	-5	-2	det1=true
[18373]	25	132	-13	-3	-5	2	det1=true
[18374]	59	132	-30	-7	-4	7	det1=true
[18375]	63	132	-29	-17	-8	-1	det1=true
[18376]	63	132	-30	-17	-8	1	det1=true
[18377]	63	132	-26	-19	-4	-7	det1=true
[18378]	63	132	-33	-19	-4	7	det1=true
[18379]	72	132	-17	0	-9	-2	det1=true
[18380]	72	132	-19	0	-9	2	det1=true
[18381]	78	132	-28	-9	-6	-7	det1=true
[18382]	78	132	-35	-9	-6	7	det1=true
[18383]	78	132	-27	-11	-2	-9	det1=true
[18384]	78	132	-36	-11	-2	9	det1=true
[18385]	84	132	-30	-17	-8	-5	det1=true
[18386]	84	132	-35	-17	-8	5	det1=true
[18387]	86	132	-16	-9	-10	-1	det1=true
[18388]	86	132	-17	-9	-10	1	det1=true
[18389]	86	132	-14	-7	-2	10	det1=true
[18390]	91	132	-34	-29	-8	-5	det1=true
[18391]	91	132	-39	-29	-8	5	det1=true
[18392]	95	132	-27	-7	-10	3	det1=true
[18393]	97	132	-7	-5	-6	-9	det1=true
[18394]	97	132	-16	-5	-6	9	det1=true
[18395]	98	132	-31	-27	-1	-10	det1=true
[18396]	98	132	-41	-27	-1	10	det1=true
[18397]	98	132	-18	-1	-10	-4	det1=true
[18398]	98	132	-22	-1	-10	4	det1=true
[18399]	99	132	-37	-20	-1	-10	det1=true
[18400]	99	132	-47	-20	-1	10	det1=true
[18401]	100	132	-43	-3	-1	-10	det1=true
[18402]	100	132	-53	-3	-1	10	det1=true
[18403]	101	132	-49	-29	-8	-5	det1=true
[18404]	102	132	-36	-23	-2	-10	det1=true
[18405]	102	132	-46	-23	-2	10	det1=true
[18406]	103	132	-37	-24	-2	-10	det1=true
[18407]	103	132	-47	-24	-2	10	det1=true
[18408]	106	132	-51	-4	-10	-2	det1=true
[18409]	106	132	-53	-4	-10	2	det1=true
[18410]	107	132	-40	-13	-6	9	det1=true
[18411]	107	132	-20	-1	-2	-11	det1=true
[18412]	107	132	-31	-1	-2	11	det1=true
[18413]	108	132	-42	1	-8	-7	det1=true
[18414]	108	132	-49	1	-8	7	det1=true
[18415]	116	132	-60	-7	-10	3	det1=true
[18416]	116	132	-37	-5	-2	-11	det1=true
[18417]	119	132	-5	3	-9	-8	det1=true
[18418]	119	132	-13	3	-9	8	det1=true
[18419]	119	132	-3	-1	-1	-12	det1=true
[18420]	119	132	-15	-1	-1	12	det1=true
[18421]	123	132	-45	-20	-11	-2	det1=true
[18422]	123	132	-47	-20	-11	2	det1=true
[18423]	126	132	-41	1	-11	-4	det1=true
[18424]	126	132	-45	1	-11	4	det1=true
[18425]	127	132	-19	-8	-7	-10	det1=true
[18426]	127	132	-29	-8	-7	10	det1=true
[18427]	128	132	-39	-5	-8	9	det1=true
[18428]	129	132	-46	-45	-8	-7	det1=true
[18429]	129	132	-25	-5	-7	-10	det1=true
[18430]	129	132	-35	-5	-7	10	det1=true
[18431]	51	129	-15	-4	-7	-3	det1=true
[18432]	73	129	-33	-8	-5	-7	det1=true
[18433]	73	129	-40	-8	-5	7	det1=true
[18434]	82	129	-35	-33	-3	-8	det1=true
[18435]	82	129	-43	-33	-3	8	det1=true
[18436]	93	129	-42	-25	-7	-6	det1=true
[18437]	93	129	-48	-25	-7	6	det1=true
[18438]	93	129	-24	-16	-1	-10	det1=true
[18439]	93	129	-34	-16	-1	10	det1=true
[18440]	94	129	-40	-23	-8	-5	det1=true
[18441]	95	129	-3	-2	-8	-7	det1=true
[18442]	95	129	-10	-2	-8	7	det1=true
[18443]	96	129	-33	-7	-1	-10	det1=true
[18444]	102	129	-27	-1	-7	-8	det1=true
[18445]	102	129	-35	-1	-7	8	det1=true
[18446]	103	129	-44	-1	-1	-10	det1=true
[18447]	103	129	-45	-7	-10	2	det1=true
[18448]	103	129	-39	-11	-2	-10	det1=true
[18449]	103	129	-49	-11	-2	10	det1=true
[18450]	105	129	-19	-2	-11	1	det1=true
[18451]	108	129	-31	-5	-6	-9	det1=true
[18452]	108	129	-40	-5	-6	9	det1=true
[18453]	109	129	-39	-35	-8	-6	det1=true
[18454]	109	129	-45	-35	-8	6	det1=true
[18455]	110	129	-39	2	-10	-4	det1=true
[18456]	110	129	-43	2	-10	4	det1=true
[18457]	113	129	-44	-8	-8	-7	det1=true
[18458]	113	129	-51	-8	-8	7	det1=true
[18459]	120	129	-47	-23	-7	-8	det1=true
[18460]	120	129	-55	-23	-7	8	det1=true
[18461]	121	129	-24	-10	-10	-6	det1=true
[18462]	123	129	-57	-31	-10	-2	det1=true
[18463]	123	129	-59	-31	-10	2	det1=true
[18464]	125	129	-47	-35	-10	4	det1=true
[18465]	128	129	-15	-4	-7	-10	det1=true
[18466]	128	129	-25	-4	-7	10	det1=true
[18467]	129	129	-51	-43	-4	10	det1=true
[18468]	58	130	-10	-3	-2	-8	det1=true
[18469]	58	130	-18	-3	-2	8	det1=true
[18470]	60	130	-23	-21	-6	-5	det1=true
[18471]	60	130	-28	-21	-6	5	det1=true
[18472]	88	130	-42	-37	-8	-3	det1=true
[18473]	88	130	-45	-37	-8	3	det1=true
[18474]	88	130	-42	-13	-8	5	det1=true
[18475]	93	130	-39	-23	-5	-8	det1=true
[18476]	93	130	-47	-23	-5	8	det1=true
[18477]	93	130	-35	1	-10	1	det1=true
[18478]	94	130	-36	3	-10	-1	det1=true
[18479]	94	130	-18	-21	-2	-10	det1=true
[18480]	94	130	-28	-21	-2	10	det1=true
[18481]	102	130	-41	-12	-10	-2	det1=true
[18482]	102	130	-43	-12	-10	2	det1=true
[18483]	111	130	-43	-18	-3	-10	det1=true
[18484]	111	130	-53	-18	-3	10	det1=true
[18485]	114	130	-46	1	-10	-4	det1=true
[18486]	114	130	-50	1	-10	4	det1=true
[18487]	116	130	-49	-23	-10	-3	det1=true
[18488]	116	130	-52	-23	-10	3	det1=true
[18489]	118	130	-14	-15	-6	-10	det1=true
[18490]	121	130	-53	-38	-1	-10	det1=true
[18491]	121	130	-63	-38	-1	10	det1=true
[18492]	123	130	-54	-1	-4	-10	det1=true
[18493]	123	130	-64	-1	-4	10	det1=true
[18494]	123	130	-49	1	-11	-2	det1=true
[18495]	127	130	-42	-27	-2	-11	det1=true
[18496]	127	130	-53	-27	-2	11	det1=true
[18497]	47	131	-18	-17	-1	-7	det1=true
[18498]	53	131	-22	-5	-3	-7	det1=true
[18499]	53	131	-29	-5	-3	7	det1=true
[18500]	62	131	-27	-15	-8	-1	det1=true
[18501]	62	131	-28	-15	-8	1	det1=true
[18502]	71	131	-10	0	-9	-2	det1=true
[18503]	71	131	-12	0	-9	2	det1=true
[18504]	80	131	-27	-17	-7	-6	det1=true
[18505]	81	131	-23	-11	-3	-9	det1=true
[18506]	81	131	-32	-11	-3	9	det1=true
[18507]	85	131	-29	-18	-9	-3	det1=true
[18508]	85	131	-32	-18	-9	3	det1=true
[18509]	93	131	-23	-15	-10	-2	det1=true
[18510]	93	131	-25	-15	-10	2	det1=true
[18511]	96	131	-30	-11	-2	-10	det1=true
[18512]	96	131	-40	-11	-2	10	det1=true
[18513]	96	131	-27	-26	-8	-6	det1=true
[18514]	96	131	-33	-26	-8	6	det1=true
[18515]	98	131	-30	-5	-10	-3	det1=true
[18516]	100	131	-43	-13	-10	-1	det1=true
[18517]	100	131	-44	-13	-10	1	det1=true
[18518]	103	131	-24	-8	-9	-6	det1=true
[18519]	103	131	-30	-8	-9	6	det1=true
[18520]	114	131	-49	-35	-10	-1	det1=true
[18521]	114	131	-50	-35	-10	1	det1=true
[18522]	115	131	-14	-6	-10	-6	det1=true
[18523]	117	131	-24	-19	-7	-9	det1=true
[18524]	117	131	-33	-19	-7	9	det1=true
[18525]	119	131	-38	1	-11	-3	det1=true
[18526]	119	131	-41	1	-11	3	det1=true
[18527]	119	131	-34	-3	-3	-11	det1=true
[18528]	119	131	-45	-3	-3	11	det1=true
[18529]	119	131	-20	-13	-11	-4	det1=true
[18530]	119	131	-24	-13	-11	4	det1=true
[18531]	122	131	1	-2	-2	-12	det1=true
[18532]	122	131	-11	-2	-2	12	det1=true
[18533]	123	131	-58	-14	-1	11	det1=true
[18534]	123	131	-34	-37	-1	-11	det1=true
[18535]	123	131	-45	-37	-1	11	det1=true
[18536]	126	131	-14	-7	-10	-7	det1=true
[18537]	126	131	-21	-7	-10	7	det1=true
[18538]	128	131	-57	-35	-10	-3	det1=true
[18539]	128	131	-60	-35	-10	3	det1=true
[18540]	33	132	-3	-2	-2	-6	det1=true
[18541]	33	132	-9	-2	-2	6	det1=true
[18542]	34	132	-5	-2	-5	-4	det1=true
[18543]	34	132	-9	-2	-5	4	det1=true
[18544]	54	132	-5	-6	-1	-8	det1=true
[18545]	54	132	-13	-6	-1	8	det1=true
[18546]	59	132	-23	-7	-4	-7	det1=true
[18547]	59	132	-19	-15	-7	-4	det1=true
[18548]	59	132	-23	-15	-7	4	det1=true
[18549]	60	132	-20	-3	-2	-8	det1=true
[18550]	60	132	-28	-3	-2	8	det1=true
[18551]	61	132	-21	-14	-8	2	det1=true
[18552]	82	132	-27	-14	-5	-8	det1=true
[18553]	82	132	-35	-14	-5	8	det1=true
[18554]	86	132	-4	-7	-2	-10	det1=true
[18555]	88	132	-19	2	-10	-2	det1=true
[18556]	88	132	-21	2	-10	2	det1=true
[18557]	90	132	-22	-7	-10	-2	det1=true
[18558]	90	132	-24	-7	-10	2	det1=true
[18559]	95	132	-38	3	-6	-8	det1=true
[18560]	95	132	-46	3	-6	8	det1=true
[18561]	95	132	-35	-7	-1	-10	det1=true
[18562]	97	132	-37	-12	-1	-10	det1=true
[18563]	97	132	-19	-7	-8	-7	det1=true
[18564]	97	132	-26	-7	-8	7	det1=true
[18565]	101	132	-27	-11	-8	-7	det1=true
[18566]	101	132	-34	-11	-8	7	det1=true
[18567]	102	132	-32	-3	-10	4	det1=true
[18568]	102	132	-23	-7	-6	-9	det1=true
[18569]	102	132	-32	-7	-6	9	det1=true
[18570]	103	132	-25	-12	-4	-10	det1=true
[18571]	103	132	-35	-12	-4	10	det1=true
[18572]	104	132	-33	-10	-7	-8	det1=true
[18573]	104	132	-41	-10	-7	8	det1=true
[18574]	104	132	-15	4	-11	-2	det1=true
[18575]	104	132	-17	4	-11	2	det1=true
[18576]	115	132	-47	-4	-9	-6	det1=true
[18577]	115	132	-53	-4	-9	6	det1=true
[18578]	115	132	-39	-5	-11	-2	det1=true
[18579]	115	132	-41	-5	-11	2	det1=true
[18580]	118	132	-55	-22	-4	10	det1=true
[18581]	123	132	-43	-19	-5	-10	det1=true
[18582]	123	132	-53	-19	-5	10	det1=true
[18583]	124	132	-33	-14	-11	-4	det1=true
[18584]	124	132	-37	-14	-11	4	det1=true
[18585]	124	132	-11	-4	-7	-10	det1=true
[18586]	124	132	-21	-4	-7	10	det1=true
[18587]	127	132	-53	-28	-4	-10	det1=true
[18588]	127	132	-63	-28	-4	10	det1=true
[18589]	128	132	-53	-1	-2	-11	det1=true
[18590]	128	132	-64	-1	-2	11	det1=true
[18591]	128	132	-53	-41	-6	9	det1=true
[18592]	129	132	-53	-45	-8	7	det1=true
[18593]	129	132	-45	-2	-11	-4	det1=true
[18594]	129	132	-49	-2	-11	4	det1=true
[18595]	130	132	-64	-41	-10	-1	det1=true
[18596]	130	132	-65	-41	-10	1	det1=true
[18597]	132	132	-31	-5	-7	-10	det1=true
[18598]	132	132	-41	-5	-7	10	det1=true
[18599]	56	129	-11	-1	-4	-7	det1=true
[18600]	56	129	-18	-1	-4	7	det1=true
[18601]	57	129	-1	1	-2	-8	det1=true
[18602]	57	129	-9	1	-2	8	det1=true
[18603]	59	129	-26	-12	-6	-5	det1=true
[18604]	59	129	-31	-12	-6	5	det1=true
[18605]	59	129	-22	-2	-7	-4	det1=true
[18606]	59	129	-26	-2	-7	4	det1=true
[18607]	59	129	-18	-10	-4	-7	det1=true
[18608]	59	129	-25	-10	-4	7	det1=true
[18609]	63	129	-8	-2	-5	-7	det1=true
[18610]	63	129	-15	-2	-5	7	det1=true
[18611]	78	129	-13	-11	-5	-8	det1=true
[18612]	78	129	-21	-11	-5	8	det1=true
[18613]	88	129	-20	3	-6	-8	det1=true
[18614]	88	129	-28	3	-6	8	det1=true
[18615]	88	129	-11	4	-10	-2	det1=true
[18616]	88	129	-13	4	-10	2	det1=true
[18617]	88	129	-7	0	-2	-10	det1=true
[18618]	88	129	-17	0	-2	10	det1=true
[18619]	91	129	-41	-12	-8	-5	det1=true
[18620]	91	129	-46	-12	-8	5	det1=true
[18621]	92	129	-30	-13	-4	-9	det1=true
[18622]	94	129	-13	-6	-3	-10	det1=true
[18623]	94	129	-23	-6	-3	10	det1=true
[18624]	96	129	-25	-24	-1	-10	det1=true
[18625]	96	129	-35	-24	-1	10	det1=true
[18626]	97	129	-30	-8	-2	-10	det1=true
[18627]	98	129	-31	-21	-1	-10	det1=true
[18628]	99	129	-18	-7	-7	-8	det1=true
[18629]	101	129	-21	5	-10	-4	det1=true
[18630]	101	129	-25	5	-10	4	det1=true
[18631]	103	129	-54	-1	-1	10	det1=true
[18632]	103	129	-43	-7	-10	-2	det1=true
[18633]	103	129	-11	0	-11	1	det1=true
[18634]	104	129	-25	-2	-4	-10	det1=true
[18635]	104	129	-35	-2	-4	10	det1=true
[18636]	107	129	-20	-2	-1	-11	det1=true
[18637]	107	129	-31	-2	-1	11	det1=true
[18638]	108	129	-49	-10	-10	-2	det1=true
[18639]	108	129	-51	-10	-10	2	det1=true
[18640]	109	129	-43	-14	-8	7	det1=true
[18641]	110	129	-37	-8	-10	-4	det1=true
[18642]	110	129	-41	-8	-10	4	det1=true
[18643]	116	129	-43	-21	-8	-7	det1=true
[18644]	121	129	-37	-27	-11	-1	det1=true
[18645]	121	129	-38	-27	-11	1	det1=true
[18646]	121	129	-32	-32	-1	-11	det1=true
[18647]	121	129	-43	-32	-1	11	det1=true
[18648]	121	129	-32	-10	-4	11	det1=true
[18649]	125	129	-28	-16	-11	-4	det1=true
[18650]	125	129	-32	-16	-11	4	det1=true
[18651]	126	129	-50	-25	-4	-10	det1=true
[18652]	126	129	-60	-25	-4	10	det1=true
[18653]	126	129	-9	2	-7	-10	det1=true
[18654]	126	129	-19	2	-7	10	det1=true
[18655]	127	129	-23	5	-11	-5	det1=true
[18656]	127	129	-28	5	-11	5	det1=true
[18657]	129	129	-41	-36	-1	-11	det1=true
[18658]	129	129	-52	-36	-1	11	det1=true
[18659]	67	130	-33	0	-3	8	det1=true
[18660]	71	130	-7	2	-9	-2	det1=true
[18661]	71	130	-9	2	-9	2	det1=true
[18662]	80	130	-24	-19	-6	-7	det1=true
[18663]	80	130	-31	-19	-6	7	det1=true
[18664]	83	130	-37	-2	-7	-6	det1=true
[18665]	83	130	-43	-2	-7	6	det1=true
[18666]	85	130	-19	-8	-9	-4	det1=true
[18667]	85	130	-23	-8	-9	4	det1=true
[18668]	86	130	-22	-3	-4	-9	det1=true
[18669]	86	130	-31	-3	-4	9	det1=true
[18670]	90	130	-44	-27	-6	7	det1=true
[18671]	90	130	-36	-29	-2	-9	det1=true
[18672]	90	130	-45	-29	-2	9	det1=true
[18673]	99	130	-47	-33	-9	-2	det1=true
[18674]	99	130	-49	-33	-9	2	det1=true
[18675]	100	130	-39	-37	-5	-8	det1=true
[18676]	100	130	-36	-3	-10	3	det1=true
[18677]	102	130	-19	-7	-6	-9	det1=true
[18678]	103	130	-21	-14	-10	-4	det1=true
[18679]	103	130	-25	-14	-10	4	det1=true
[18680]	107	130	-49	-19	-10	-1	det1=true
[18681]	107	130	-50	-19	-10	1	det1=true
[18682]	108	130	-49	-18	-10	2	det1=true
[18683]	109	130	-48	-29	-4	-9	det1=true
[18684]	109	130	-57	-29	-4	9	det1=true
[18685]	111	130	-41	-4	-10	-4	det1=true
[18686]	111	130	-38	-7	-4	-10	det1=true
[18687]	112	130	-47	-9	-3	-10	det1=true
[18688]	112	130	-57	-9	-3	10	det1=true
[18689]	112	130	-51	-27	-10	-1	det1=true
[18690]	112	130	-52	-27	-10	1	det1=true
[18691]	113	130	-47	-14	-3	-10	det1=true
[18692]	113	130	-57	-14	-3	10	det1=true
[18693]	114	130	-53	-42	-5	-8	det1=true
[18694]	114	130	-61	-42	-5	8	det1=true
[18695]	115	130	-51	-30	-1	-10	det1=true
[18696]	115	130	-61	-30	-1	10	det1=true
[18697]	115	130	-55	-7	-8	7	det1=true
[18698]	116	130	-17	0	-10	-6	det1=true
[18699]	116	130	-23	0	-10	6	det1=true
[18700]	118	130	-48	-7	-2	11	det1=true
[18701]	118	130	-18	-3	-4	-11	det1=true
[18702]	123	130	-51	1	-11	2	det1=true
[18703]	124	130	-3	3	-7	-10	det1=true
[18704]	124	130	-13	3	-7	10	det1=true
[18705]	125	130	-29	-1	-8	9	det1=true
[18706]	128	130	-55	-46	-8	-6	det1=true
[18707]	128	130	-61	-46	-8	6	det1=true
[18708]	49	131	-11	0	-7	-3	det1=true
[18709]	49	131	-14	0	-7	3	det1=true
[18710]	54	131	-3	-4	-1	-8	det1=true
[18711]	54	131	-11	-4	-1	8	det1=true
[18712]	55	131	-19	-10	-6	-5	det1=true
[18713]	55	131	-24	-10	-6	5	det1=true
[18714]	77	131	-25	-19	-1	-9	det1=true
[18715]	77	131	-34	-19	-1	9	det1=true
[18716]	80	131	-33	-17	-7	6	det1=true
[18717]	83	131	-30	-9	-9	-3	det1=true
[18718]	83	131	-33	-9	-9	3	det1=true
[18719]	84	131	-5	-4	-1	-10	det1=true
[18720]	84	131	-15	-4	-1	10	det1=true
[18721]	89	131	-39	-30	-1	-9	det1=true
[18722]	89	131	-48	-30	-1	9	det1=true
[18723]	94	131	-32	-21	-4	-9	det1=true
[18724]	94	131	-41	-21	-4	9	det1=true
[18725]	95	131	-44	-31	-9	-2	det1=true
[18726]	95	131	-46	-31	-9	2	det1=true
[18727]	95	131	-48	-32	-7	6	det1=true
[18728]	97	131	-23	-14	-10	-3	det1=true
[18729]	97	131	-26	-14	-10	3	det1=true
[18730]	101	131	-28	-2	-7	-8	det1=true
[18731]	101	131	-36	-2	-7	8	det1=true
[18732]	109	131	-53	-13	-9	5	det1=true
[18733]	109	131	-46	-15	-5	-9	det1=true
[18734]	109	131	-55	-15	-5	9	det1=true
[18735]	109	131	-44	-10	-3	-10	det1=true
[18736]	109	131	-54	-10	-3	10	det1=true
[18737]	109	131	-11	-2	-7	-9	det1=true
[18738]	109	131	-20	-2	-7	9	det1=true
[18739]	113	131	-54	-28	-5	9	det1=true
[18740]	113	131	-31	0	-2	-11	det1=true
[18741]	113	131	-42	0	-2	11	det1=true
[18742]	114	131	-11	4	-11	-4	det1=true
[18743]	114	131	-15	4	-11	4	det1=true
[18744]	116	131	-49	-11	-7	-8	det1=true
[18745]	116	131	-57	-11	-7	8	det1=true
[18746]	116	131	-17	-3	-11	-4	det1=true
[18747]	116	131	-21	-3	-11	4	det1=true
[18748]	117	131	-25	-18	-9	-7	det1=true
[18749]	117	131	-32	-18	-9	7	det1=true
[18750]	121	131	-55	-29	-9	-5	det1=true
[18751]	121	131	-60	-29	-9	5	det1=true
[18752]	122	131	-49	2	-11	-2	det1=true
[18753]	122	131	-51	2	-11	2	det1=true
[18754]	123	131	-14	2	-5	-11	det1=true
[18755]	123	131	-25	2	-5	11	det1=true
[18756]	125	131	-46	-5	-11	-3	det1=true
[18757]	127	131	-27	-10	-12	-1	det1=true
[18758]	127	131	-28	-10	-12	1	det1=true
[18759]	129	131	-34	-22	-4	-11	det1=true
[18760]	129	131	-45	-22	-4	11	det1=true
[18761]	59	132	-17	-18	-1	-8	det1=true
[18762]	59	132	-25	-18	-1	8	det1=true
[18763]	61	132	-19	-14	-8	-2	det1=true
[18764]	87	132	-24	5	-10	-1	det1=true
[18765]	87	132	-25	5	-10	1	det1=true
[18766]	92	132	-19	-18	-2	-10	det1=true
[18767]	92	132	-29	-18	-2	10	det1=true
[18768]	95	132	-45	-7	-1	10	det1=true
[18769]	95	132	-36	-13	-10	-1	det1=true
[18770]	95	132	-37	-13	-10	1	det1=true
[18771]	96	132	-31	-12	-2	-10	det1=true
[18772]	96	132	-41	-12	-2	10	det1=true
[18773]	97	132	-47	-12	-1	10	det1=true
[18774]	98	132	-13	-4	-9	-6	det1=true
[18775]	98	132	-19	-4	-9	6	det1=true
[18776]	100	132	-39	-19	-1	-10	det1=true
[18777]	100	132	-49	-19	-1	10	det1=true
[18778]	101	132	-43	-14	-10	2	det1=true
[18779]	101	132	-30	-29	-2	-10	det1=true
[18780]	101	132	-40	-29	-2	10	det1=true
[18781]	104	132	-37	-5	-6	9	det1=true
[18782]	106	132	-39	1	-8	-7	det1=true
[18783]	106	132	-46	1	-8	7	det1=true
[18784]	108	132	-40	-31	-2	-10	det1=true
[18785]	110	132	-20	-19	-2	-11	det1=true
[18786]	110	132	-31	-19	-2	11	det1=true
[18787]	111	132	-41	-36	-10	-2	det1=true
[18788]	111	132	-43	-36	-10	2	det1=true
[18789]	112	132	-47	1	-7	-8	det1=true
[18790]	112	132	-55	1	-7	8	det1=true
[18791]	116	132	-52	-31	-10	-2	det1=true
[18792]	116	132	-54	-31	-10	2	det1=true
[18793]	117	132	-29	-27	-2	-11	det1=true
[18794]	118	132	-48	-19	-10	-4	det1=true
[18795]	118	132	-52	-19	-10	4	det1=true
[18796]	118	132	-45	-22	-4	-10	det1=true
[18797]	119	132	-37	-36	-4	-10	det1=true
[18798]	122	132	-37	-29	-11	-2	det1=true
[18799]	122	132	-39	-29	-11	2	det1=true
[18800]	125	132	-48	-43	-10	-3	det1=true
[18801]	125	132	-51	-43	-10	3	det1=true
[18802]	125	132	-34	-15	-6	-10	det1=true
[18803]	125	132	-44	-15	-6	10	det1=true
[18804]	125	132	-16	-3	-10	-7	det1=true
[18805]	125	132	-23	-3	-10	7	det1=true
[18806]	131	132	-46	-3	-6	-10	det1=true
[18807]	131	132	-56	-3	-6	10	det1=true
[18808]	52	129	-23	-17	-7	-2	det1=true
[18809]	56	129	-20	-9	-6	-5	det1=true
[18810]	56	129	-25	-9	-6	5	det1=true
[18811]	60	129	-21	-10	-1	-8	det1=true
[18812]	60	129	-29	-10	-1	8	det1=true
[18813]	63	129	-9	-1	-7	-5	det1=true
[18814]	63	129	-14	-1	-7	5	det1=true
[18815]	63	129	-8	-3	-7	-5	det1=true
[18816]	63	129	-13	-3	-7	5	det1=true
[18817]	74	129	-25	-10	-8	-4	det1=true
[18818]	74	129	-29	-10	-8	4	det1=true
[18819]	78	129	-17	-3	-5	-8	det1=true
[18820]	78	129	-25	-3	-5	8	det1=true
[18821]	79	129	-19	-4	-9	-3	det1=true
[18822]	79	129	-22	-4	-9	3	det1=true
[18823]	84	129	-33	-16	-7	-6	det1=true
[18824]	84	129	-39	-16	-7	6	det1=true
[18825]	85	129	-28	-13	-3	-9	det1=true
[18826]	85	129	-37	-13	-3	9	det1=true
[18827]	87	129	-30	-20	-8	-5	det1=true
[18828]	91	129	-30	-29	-5	-8	det1=true
[18829]	91	129	-38	-29	-5	8	det1=true
[18830]	94	129	-45	-23	-8	5	det1=true
[18831]	95	129	-34	-18	-9	-4	det1=true
[18832]	95	129	-38	-18	-9	4	det1=true
[18833]	98	129	-41	-1	-10	-1	det1=true
[18834]	98	129	-42	-1	-10	1	det1=true
[18835]	99	129	-14	-2	-9	6	det1=true
[18836]	100	129	-14	-7	-10	-4	det1=true
[18837]	100	129	-18	-7	-10	4	det1=true
[18838]	108	129	-49	-11	-1	-10	det1=true
[18839]	108	129	-59	-11	-1	10	det1=true
[18840]	108	129	-43	-29	-10	-1	det1=true
[18841]	111	129	-38	-1	-9	-6	det1=true
[18842]	111	129	-44	-1	-9	6	det1=true
[18843]	113	129	-42	-34	-10	-2	det1=true
[18844]	113	129	-44	-34	-10	2	det1=true
[18845]	116	129	-53	-24	-10	-2	det1=true
[18846]	116	129	-55	-24	-10	2	det1=true
[18847]	117	129	-35	-17	-1	-11	det1=true
[18848]	117	129	-46	-17	-1	11	det1=true
[18849]	117	129	-27	-11	-11	-3	det1=true
[18850]	117	129	-30	-11	-11	3	det1=true
[18851]	121	129	-57	-16	-10	-3	det1=true
[18852]	121	129	-60	-16	-10	3	det1=true
[18853]	121	129	-21	-10	-4	-11	det1=true
[18854]	122	129	-50	-43	-10	-1	det1=true
[18855]	122	129	-51	-43	-10	1	det1=true
[18856]	124	129	-29	-11	-11	-4	det1=true
[18857]	124	129	-33	-11	-11	4	det1=true
[18858]	125	129	-43	-35	-10	-4	det1=true
[18859]	126	129	-14	-3	-12	-2	det1=true
[18860]	126	129	-16	-3	-12	2	det1=true
[18861]	57	130	-19	-1	-8	-1	det1=true
[18862]	58	130	-25	-11	-5	-6	det1=true
[18863]	58	130	-31	-11	-5	6	det1=true
[18864]	59	130	-23	-18	-5	-6	det1=true
[18865]	59	130	-29	-18	-5	6	det1=true
[18866]	61	130	-24	-11	-4	-7	det1=true
[18867]	67	130	-25	0	-3	-8	det1=true
[18868]	82	130	-29	-20	-9	-2	det1=true
[18869]	82	130	-31	-20	-9	2	det1=true
[18870]	89	130	-21	-10	-6	-8	det1=true
[18871]	93	130	-25	-17	-1	-10	det1=true
[18872]	96	130	-43	3	-9	-4	det1=true
[18873]	97	130	-43	-7	-9	-4	det1=true
[18874]	97	130	-47	-7	-9	4	det1=true
[18875]	101	130	-23	-23	-3	-10	det1=true
[18876]	101	130	-33	-23	-3	10	det1=true
[18877]	103	130	-55	-2	-1	10	det1=true
[18878]	105	130	-43	-21	-1	-10	det1=true
[18879]	105	130	-53	-21	-1	10	det1=true
[18880]	108	130	-43	-22	-2	-10	det1=true
[18881]	108	130	-53	-22	-2	10	det1=true
[18882]	115	130	-49	-48	-5	-8	det1=true
[18883]	115	130	-57	-48	-5	8	det1=true
[18884]	115	130	-48	-7	-8	-7	det1=true
[18885]	118	130	-23	2	-10	-6	det1=true
[18886]	118	130	-29	2	-10	6	det1=true
[18887]	121	130	-29	3	-11	-4	det1=true
[18888]	121	130	-33	3	-11	4	det1=true
[18889]	123	130	-41	-22	-11	-2	det1=true
[18890]	123	130	-43	-22	-11	2	det1=true
[18891]	124	130	-31	-10	-6	-10	det1=true
[18892]	124	130	-41	-10	-6	10	det1=true
[18893]	125	130	-20	-1	-8	-9	det1=true
[18894]	127	130	-23	-8	-9	-8	det1=true
[18895]	127	130	-31	-8	-9	8	det1=true
[18896]	128	130	-59	-53	-5	-8	det1=true
[18897]	128	130	-67	-53	-5	8	det1=true
[18898]	128	130	-27	-28	-6	-10	det1=true
[18899]	53	131	-24	-3	-7	-3	det1=true
[18900]	53	131	-27	-3	-7	3	det1=true
[18901]	54	131	-5	-1	-7	-4	det1=true
[18902]	54	131	-9	-1	-7	4	det1=true
[18903]	56	131	-17	-1	-8	-1	det1=true
[18904]	56	131	-18	-1	-8	1	det1=true
[18905]	65	131	-20	-7	-3	-8	det1=true
[18906]	65	131	-28	-7	-3	8	det1=true
[18907]	71	131	-24	-24	-3	-8	det1=true
[18908]	71	131	-32	-24	-3	8	det1=true
[18909]	71	131	-17	-1	-1	-9	det1=true
[18910]	71	131	-26	-1	-1	9	det1=true
[18911]	77	131	-18	-1	-5	-8	det1=true
[18912]	77	131	-26	-1	-5	8	det1=true
[18913]	78	131	-20	-7	-8	-5	det1=true
[18914]	79	131	-21	1	-3	-9	det1=true
[18915]	82	131	-34	-9	-2	-9	det1=true
[18916]	82	131	-43	-9	-2	9	det1=true
[18917]	89	131	-30	-9	-9	-4	det1=true
[18918]	89	131	-34	-9	-9	4	det1=true
[18919]	92	131	-21	-12	-2	-10	det1=true
[18920]	92	131	-31	-12	-2	10	det1=true
[18921]	93	131	-17	-15	-9	-5	det1=true
[18922]	93	131	-22	-15	-9	5	det1=true
[18923]	94	131	-34	-9	-8	-6	det1=true
[18924]	95	131	-42	-32	-7	-6	det1=true
[18925]	95	131	-41	-11	-8	6	det1=true
[18926]	95	131	-34	-12	-6	-8	det1=true
[18927]	95	131	-42	-12	-6	8	det1=true
[18928]	95	131	-24	-12	-5	-9	det1=true
[18929]	96	131	-38	-3	-6	-8	det1=true
[18930]	96	131	-46	-3	-6	8	det1=true
[18931]	98	131	-12	-5	-4	-10	det1=true
[18932]	98	131	-22	-5	-4	10	det1=true
[18933]	100	131	-38	-27	-4	-9	det1=true
[18934]	100	131	-47	-27	-4	9	det1=true
[18935]	104	131	-47	-17	-10	-1	det1=true
[18936]	104	131	-48	-17	-10	1	det1=true
[18937]	104	131	-4	-7	-2	-11	det1=true
[18938]	104	131	-15	-7	-2	11	det1=true
[18939]	106	131	-14	-5	-2	-11	det1=true
[18940]	106	131	-25	-5	-2	11	det1=true
[18941]	107	131	-50	-43	-9	-2	det1=true
[18942]	107	131	-52	-43	-9	2	det1=true
[18943]	110	131	-33	-18	-9	-6	det1=true
[18944]	110	131	-39	-18	-9	6	det1=true
[18945]	113	131	-45	-28	-5	-9	det1=true
[18946]	117	131	-45	-5	-11	-1	det1=true
[18947]	117	131	-46	-5	-11	1	det1=true
[18948]	122	131	-59	-19	-10	-3	det1=true
[18949]	122	131	-54	-29	-10	-3	det1=true
[18950]	122	131	-57	-29	-10	3	det1=true
[18951]	125	131	-42	-27	-11	-2	det1=true
[18952]	128	131	-22	-17	-8	-9	det1=true
[18953]	128	131	-31	-17	-8	9	det1=true
[18954]	129	131	-50	-34	-9	-6	det1=true
[18955]	129	131	-56	-34	-9	6	det1=true
[18956]	131	131	-39	-32	-7	-9	det1=true
[18957]	131	131	-48	-32	-7	9	det1=true
[18958]	131	131	-31	-12	-11	-5	det1=true
[18959]	131	131	-36	-12	-11	5	det1=true
[18960]	55	132	-13	-2	-7	-4	det1=true
[18961]	55	132	-17	-2	-7	4	det1=true
[18962]	92	132	-23	-14	-10	-2	det1=true
[18963]	92	132	-25	-14	-10	2	det1=true
[18964]	95	132	-35	-27	-1	10	det1=true
[18965]	95	132	-4	3	-10	-4	det1=true
[18966]	95	132	-8	3	-10	4	det1=true
[18967]	102	132	-46	-35	-8	-5	det1=true
[18968]	102	132	-51	-35	-8	5	det1=true
[18969]	102	132	-28	-3	-10	-4	det1=true
[18970]	102	132	-20	-13	-6	-9	det1=true
[18971]	102	132	-29	-13	-6	9	det1=true
[18972]	104	132	-28	-5	-6	-9	det1=true
[18973]	108	132	-25	-5	-11	-2	det1=true
[18974]	114	132	-37	-31	-7	-8	det1=true
[18975]	114	132	-45	-31	-7	8	det1=true
[18976]	117	132	-40	-27	-2	11	det1=true
[18977]	118	132	-52	-39	-10	-1	det1=true
[18978]	124	132	-48	-5	-2	-11	det1=true
[18979]	124	132	-59	-5	-2	11	det1=true
[18980]	125	132	-21	-11	-8	-9	det1=true
[18981]	125	132	-30	-11	-8	9	det1=true
[18982]	131	132	-53	-19	-2	-11	det1=true
[18983]	55	129	-9	4	-8	-1	det1=true
[18984]	55	129	-10	4	-8	1	det1=true
[18985]	59	129	-22	-6	-8	-1	det1=true
[18986]	59	129	-21	-8	-8	-1	det1=true
[18987]	59	129	-22	-8	-8	1	det1=true
[18988]	61	129	0	4	-8	-3	det1=true
[18989]	61	129	-3	4	-8	3	det1=true
[18990]	78	129	-29	3	-9	-2	det1=true
[18991]	78	129	-31	3	-9	2	det1=true
[18992]	81	129	-36	-28	-7	-5	det1=true
[18993]	81	129	-41	-28	-7	5	det1=true
[18994]	87	129	-35	-20	-8	5	det1=true
[18995]	89	129	-36	-4	-4	9	det1=true
[18996]	94	129	-25	-18	-1	-10	det1=true
[18997]	94	129	-35	-18	-1	10	det1=true
[18998]	98	129	-41	-21	-1	10	det1=true
[18999]	116	129	-46	-33	-2	-10	det1=true
[19000]	116	129	-56	-33	-2	10	det1=true
[19001]	116	129	-43	-11	-9	-6	det1=true
[19002]	116	129	-49	-11	-9	6	det1=true
[19003]	117	129	-23	-15	-3	-11	det1=true
[19004]	117	129	-34	-15	-3	11	det1=true
[19005]	118	129	-56	-9	-4	10	det1=true
[19006]	119	129	-46	-14	-9	-6	det1=true
[19007]	119	129	-52	-14	-9	6	det1=true
[19008]	119	129	-18	-4	-4	-11	det1=true
[19009]	119	129	-29	-4	-4	11	det1=true
[19010]	120	129	-53	-49	-8	-5	det1=true
[19011]	120	129	-58	-49	-8	5	det1=true
[19012]	125	129	-12	-8	-11	-5	det1=true
[19013]	125	129	-17	-8	-11	5	det1=true
[19014]	127	129	-62	-47	-9	-3	det1=true
[19015]	127	129	-65	-47	-9	3	det1=true
[19016]	129	129	-44	-40	-10	-4	det1=true
[19017]	129	129	-48	-40	-10	4	det1=true
[19018]	129	129	-41	-43	-4	-10	det1=true
[19019]	34	130	-13	-2	-2	6	det1=true
[19020]	36	130	-14	-9	-6	-2	det1=true
[19021]	36	130	-16	-9	-6	2	det1=true
[19022]	44	130	-8	-1	-6	-4	det1=true
[19023]	44	130	-12	-1	-6	4	det1=true
[19024]	51	130	-23	-15	-7	-2	det1=true
[19025]	51	130	-25	-15	-7	2	det1=true
[19026]	54	130	1	-2	-1	-8	det1=true
[19027]	54	130	-7	-2	-1	8	det1=true
[19028]	90	130	-37	-27	-6	-7	det1=true
[19029]	94	130	-34	3	-6	-8	det1=true
[19030]	94	130	-42	3	-6	8	det1=true
[19031]	97	130	-41	3	-10	-1	det1=true
[19032]	97	130	-42	3	-10	1	det1=true
[19033]	97	130	-15	-5	-7	-8	det1=true
[19034]	97	130	-23	-5	-7	8	det1=true
[19035]	99	130	-45	-34	-7	-6	det1=true
[19036]	99	130	-51	-34	-7	6	det1=true
[19037]	109	130	-19	-9	-2	-11	det1=true
[19038]	109	130	-30	-9	-2	11	det1=true
[19039]	118	130	-57	-33	-9	-4	det1=true
[19040]	118	130	-61	-33	-9	4	det1=true
[19041]	118	130	-29	-3	-4	11	det1=true
[19042]	122	130	-43	-35	-8	-7	det1=true
[19043]	122	130	-50	-35	-8	7	det1=true
[19044]	126	130	-44	-37	-10	-4	det1=true
[19045]	126	130	-48	-37	-10	4	det1=true
[19046]	127	130	-54	-21	-4	-10	det1=true
[19047]	127	130	-64	-21	-4	10	det1=true
[19048]	128	130	-29	-26	-10	-6	det1=true
[19049]	128	130	-37	-28	-6	10	det1=true
[19050]	129	130	-37	-3	-9	8	det1=true
[19051]	129	130	-39	-7	-1	12	det1=true
[19052]	130	130	-37	-28	-10	6	det1=true
[19053]	49	131	-9	-2	-3	-7	det1=true
[19054]	49	131	-16	-2	-3	7	det1=true
[19055]	56	131	-19	-3	-7	4	det1=true
[19056]	56	131	-13	-6	-1	-8	det1=true
[19057]	56	131	-21	-6	-1	8	det1=true
[19058]	57	131	-18	2	-4	-7	det1=true
[19059]	57	131	-25	2	-4	7	det1=true
[19060]	72	131	-12	1	-2	-9	det1=true
[19061]	72	131	-21	1	-2	9	det1=true
[19062]	79	131	-30	1	-3	9	det1=true
[19063]	83	131	-18	0	-9	-4	det1=true
[19064]	89	131	-40	-22	-7	-6	det1=true
[19065]	89	131	-46	-22	-7	6	det1=true
[19066]	91	131	-29	-7	-8	-6	det1=true
[19067]	91	131	-35	-7	-8	6	det1=true
[19068]	91	131	-25	-15	-8	-6	det1=true
[19069]	91	131	-31	-15	-8	6	det1=true
[19070]	94	131	-40	-9	-8	6	det1=true
[19071]	95	131	-39	4	-10	-1	det1=true
[19072]	95	131	-40	4	-10	1	det1=true
[19073]	95	131	-35	-11	-8	-6	det1=true
[19074]	99	131	-24	-2	-8	-7	det1=true
[19075]	99	131	-31	-2	-8	7	det1=true
[19076]	106	131	-11	-11	-2	-11	det1=true
[19077]	106	131	-22	-11	-2	11	det1=true
[19078]	107	131	-48	-39	-5	-8	det1=true
[19079]	107	131	-56	-39	-5	8	det1=true
[19080]	107	131	-24	-24	-4	-10	det1=true
[19081]	107	131	-34	-24	-4	10	det1=true
[19082]	109	131	-50	-29	-9	-4	det1=true
[19083]	109	131	-48	-13	-9	-5	det1=true
[19084]	111	131	-35	-19	-4	-10	det1=true
[19085]	111	131	-45	-19	-4	10	det1=true
[19086]	112	131	-37	-33	-10	-3	det1=true
[19087]	112	131	-40	-33	-10	3	det1=true
[19088]	119	131	-36	0	-9	-7	det1=true
[19089]	119	131	-43	0	-9	7	det1=true
[19090]	122	131	-11	-7	-9	-8	det1=true
[19091]	122	131	-19	-7	-9	8	det1=true
[19092]	125	131	-54	-48	-4	-9	det1=true
[19093]	125	131	-63	-48	-4	9	det1=true
[19094]	127	131	-56	-44	-9	5	det1=true
[19095]	128	131	-20	-11	-2	-12	det1=true
[19096]	128	131	-32	-11	-2	12	det1=true
[19097]	129	131	-44	1	-11	-4	det1=true
[19098]	129	131	-48	1	-11	4	det1=true
[19099]	130	131	-63	-44	-9	-4	det1=true
[19100]	56	132	-7	4	-8	-2	det1=true
[19101]	56	132	-9	4	-8	2	det1=true
[19102]	57	132	-13	4	-8	-2	det1=true
[19103]	57	132	-15	4	-8	2	det1=true
[19104]	61	132	-16	-17	-2	-8	det1=true
[19105]	61	132	-24	-17	-2	8	det1=true
[19106]	83	132	-7	1	-10	-1	det1=true
[19107]	83	132	-8	1	-10	1	det1=true
[19108]	86	132	-10	-3	-10	2	det1=true
[19109]	91	132	-42	-17	-8	-5	det1=true
[19110]	91	132	-47	-17	-8	5	det1=true
[19111]	95	132	-25	-27	-1	-10	det1=true
[19112]	101	132	-41	-2	-2	-10	det1=true
[19113]	101	132	-51	-2	-2	10	det1=true
[19114]	101	132	-41	-14	-10	-2	det1=true
[19115]	101	132	-22	-11	-10	-4	det1=true
[19116]	101	132	-26	-11	-10	4	det1=true
[19117]	102	132	-25	-4	-9	-6	det1=true
[19118]	102	132	-31	-4	-9	6	det1=true
[19119]	111	132	-44	-1	-10	-4	det1=true
[19120]	111	132	-48	-1	-10	4	det1=true
[19121]	111	132	-37	-40	-2	-10	det1=true
[19122]	111	132	-47	-40	-2	10	det1=true
[19123]	116	132	-49	-24	-3	-10	det1=true
[19124]	116	132	-59	-24	-3	10	det1=true
[19125]	118	132	-53	-39	-10	1	det1=true
[19126]	119	132	-43	-33	-8	-7	det1=true
[19127]	119	132	-50	-33	-8	7	det1=true
[19128]	119	132	-47	-36	-4	10	det1=true
[19129]	119	132	-22	-15	-6	-10	det1=true
[19130]	48	129	-17	-9	-7	-2	det1=true
[19131]	48	129	-19	-9	-7	2	det1=true
[19132]	59	129	-23	-6	-8	1	det1=true
[19133]	84	129	-37	-3	-6	-7	det1=true
[19134]	84	129	-44	-3	-6	7	det1=true
[19135]	103	129	-10	0	-11	-1	det1=true
[19136]	107	129	-25	3	-11	-1	det1=true
[19137]	107	129	-26	3	-11	1	det1=true
[19138]	121	129	-30	-10	-10	6	det1=true
[19139]	126	129	-53	-22	-10	-4	det1=true
[19140]	126	129	-57	-22	-10	4	det1=true
[19141]	127	129	-59	-50	-3	-9	det1=true
[19142]	127	129	-68	-50	-3	9	det1=true
[19143]	54	130	-1	1	-7	-4	det1=true
[19144]	54	130	-5	1	-7	4	det1=true
[19145]	58	130	-27	-2	-1	8	det1=true
[19146]	100	130	-47	-37	-5	8	det1=true
[19147]	100	130	-20	1	-10	-4	det1=true
[19148]	100	130	-24	1	-10	4	det1=true
[19149]	106	130	-35	-7	-8	-7	det1=true
[19150]	106	130	-42	-7	-8	7	det1=true
[19151]	108	130	-47	-18	-10	-2	det1=true
[19152]	111	130	-38	-1	-6	-9	det1=true
[19153]	111	130	-47	-1	-6	9	det1=true
[19154]	118	130	-37	-7	-2	-11	det1=true
[19155]	125	130	-24	1	-12	-1	det1=true
[19156]	125	130	-25	1	-12	1	det1=true
[19157]	127	130	-22	-5	-12	2	det1=true
[19158]	31	131	-13	-11	-3	-5	det1=true
[19159]	55	131	-16	-14	-6	-5	det1=true
[19160]	56	131	-15	-3	-7	-4	det1=true
[19161]	78	131	-21	1	-5	-8	det1=true
[19162]	78	131	-29	1	-5	8	det1=true
[19163]	79	131	-24	4	-9	-3	det1=true
[19164]	79	131	-27	4	-9	3	det1=true
[19165]	86	131	-18	-3	-8	-6	det1=true
[19166]	86	131	-24	-3	-8	6	det1=true
[19167]	91	131	-28	-8	-6	-8	det1=true
[19168]	91	131	-36	-8	-6	8	det1=true
[19169]	95	131	-39	-8	-4	-9	det1=true
[19170]	95	131	-48	-8	-4	9	det1=true
[19171]	98	131	-33	-5	-10	3	det1=true
[19172]	101	131	-8	2	-11	-1	det1=true
[19173]	107	131	-48	-44	-7	-6	det1=true
[19174]	107	131	-54	-44	-7	6	det1=true
[19175]	116	131	-36	-1	-2	-11	det1=true
[19176]	116	131	-47	-1	-2	11	det1=true
[19177]	121	131	-37	-36	-6	-9	det1=true
[19178]	121	131	-46	-36	-6	9	det1=true
[19179]	123	131	-47	-14	-1	-11	det1=true
[19180]	125	131	-12	-2	-7	-10	det1=true
[19181]	125	131	-22	-2	-7	10	det1=true
[19182]	127	131	-51	-44	-9	-5	det1=true
[19183]	128	131	-41	-7	-11	-4	det1=true
[19184]	128	131	-45	-7	-11	4	det1=true
[19185]	128	131	-26	-15	-12	-1	det1=true
[19186]	128	131	-27	-15	-12	1	det1=true
[19187]	131	131	-60	-60	-6	-7	det1=true
[19188]	100	132	-40	-21	-10	-1	det1=true
[19189]	103	132	-4	-5	-2	-11	det1=true
[19190]	108	132	-44	-27	-10	-2	det1=true
[19191]	108	132	-46	-27	-10	2	det1=true
[19192]	108	132	-50	-31	-2	10	det1=true
[19193]	108	132	-27	-5	-11	2	det1=true
[19194]	111	132	-49	-5	-6	9	det1=true
[19195]	116	132	-48	-5	-2	11	det1=true
[19196]	117	132	-23	-2	-11	-4	det1=true
[19197]	117	132	-27	-2	-11	4	det1=true
[19198]	117	132	-19	-10	-11	-4	det1=true
[19199]	117	132	-23	-10	-11	4	det1=true
[19200]	119	132	-32	-15	-6	10	det1=true
[19201]	122	132	-47	-28	-4	-10	det1=true
[19202]	124	132	-57	-40	-1	-10	det1=true
[19203]	124	132	-67	-40	-1	10	det1=true
[19204]	130	132	-49	-29	-11	-2	det1=true
[19205]	130	132	-51	-29	-11	2	det1=true
[19206]	130	132	-22	-5	-12	-3	det1=true
[19207]	130	132	-25	-5	-12	3	det1=true
[19208]	132	132	-59	-25	-6	-9	det1=true
[19209]	132	132	-68	-25	-6	9	det1=true
[19210]	29	129	-5	-3	-3	-5	det1=true
[19211]	29	129	-10	-3	-3	5	det1=true
[19212]	49	129	-23	-16	-7	-1	det1=true
[19213]	49	129	-24	-16	-7	1	det1=true
[19214]	52	129	-25	-17	-7	2	det1=true
[19215]	55	129	-6	2	-4	-7	det1=true
[19216]	55	129	-13	2	-4	7	det1=true
[19217]	88	129	-8	-3	-10	-2	det1=true
[19218]	88	129	-10	-3	-10	2	det1=true
[19219]	112	129	-47	-45	-5	-8	det1=true
[19220]	112	129	-55	-45	-5	8	det1=true
[19221]	112	129	-36	-31	-10	-3	det1=true
[19222]	112	129	-39	-31	-10	3	det1=true
[19223]	118	129	-49	-6	-10	-4	det1=true
[19224]	118	129	-53	-6	-10	4	det1=true
[19225]	125	129	-52	-48	-9	-4	det1=true
[19226]	125	129	-56	-48	-9	4	det1=true
[19227]	128	129	-17	-1	-10	-7	det1=true
[19228]	128	129	-24	-1	-10	7	det1=true
[19229]	129	129	-59	-3	-11	1	det1=true
[19230]	34	130	-7	-2	-2	-6	det1=true
[19231]	68	130	-25	-10	-3	-8	det1=true
[19232]	68	130	-33	-10	-3	8	det1=true
[19233]	70	130	-33	-26	-7	-4	det1=true
[19234]	70	130	-37	-26	-7	4	det1=true
[19235]	70	130	-27	-15	-3	-8	det1=true
[19236]	70	130	-35	-15	-3	8	det1=true
[19237]	83	130	-29	-8	-5	-8	det1=true
[19238]	83	130	-37	-8	-5	8	det1=true
[19239]	85	130	-12	-3	-8	-6	det1=true
[19240]	85	130	-18	-3	-8	6	det1=true
[19241]	90	130	-19	-15	-1	-10	det1=true
[19242]	91	130	-30	1	-10	-1	det1=true
[19243]	91	130	-31	1	-10	1	det1=true
[19244]	92	130	-25	-16	-8	-6	det1=true
[19245]	92	130	-31	-16	-8	6	det1=true
[19246]	93	130	-35	-17	-1	10	det1=true
[19247]	94	130	-33	-23	-1	10	det1=true
[19248]	96	130	-47	3	-9	4	det1=true
[19249]	122	130	-31	-2	-10	-6	det1=true
[19250]	122	130	-37	-2	-10	6	det1=true
[19251]	128	130	-35	-26	-10	6	det1=true
[19252]	130	130	-31	-28	-10	-6	det1=true
[19253]	59	131	-20	-12	-7	-4	det1=true
[19254]	59	131	-24	-12	-7	4	det1=true
[19255]	63	131	-23	-13	-2	-8	det1=true
[19256]	63	131	-31	-13	-2	8	det1=true
[19257]	70	131	1	1	-6	-7	det1=true
[19258]	78	131	-25	-7	-8	5	det1=true
[19259]	83	131	-22	0	-9	4	det1=true
[19260]	84	131	-34	-5	-8	-5	det1=true
[19261]	84	131	-39	-5	-8	5	det1=true
[19262]	101	131	-41	-20	-10	-1	det1=true
[19263]	101	131	-42	-20	-10	1	det1=true
[19264]	101	131	-9	2	-11	1	det1=true
[19265]	112	131	-52	-3	-10	-3	det1=true
[19266]	112	131	-55	-3	-10	3	det1=true
[19267]	119	131	-48	-4	-11	-1	det1=true
[19268]	119	131	-49	-4	-11	1	det1=true
[19269]	54	132	-7	-1	-1	-8	det1=true
[19270]	54	132	-15	-1	-1	8	det1=true
[19271]	58	132	-17	2	-8	-2	det1=true
[19272]	58	132	-19	2	-8	2	det1=true
[19273]	86	132	-8	-3	-10	-2	det1=true
[19274]	100	132	-41	-21	-10	1	det1=true
[19275]	103	132	-28	-9	-10	-4	det1=true
[19276]	103	132	-32	-9	-10	4	det1=true
[19277]	103	132	-15	-5	-2	11	det1=true
[19278]	106	132	-47	-8	-2	-10	det1=true
[19279]	106	132	-57	-8	-2	10	det1=true
[19280]	110	132	-48	-13	-10	-3	det1=true
[19281]	110	132	-51	-13	-10	3	det1=true
[19282]	111	132	-40	-5	-6	-9	det1=true
[19283]	111	132	-31	-25	-6	-9	det1=true
[19284]	111	132	-40	-25	-6	9	det1=true
[19285]	112	132	-51	-20	-2	-10	det1=true
[19286]	112	132	-61	-20	-2	10	det1=true
[19287]	113	132	-12	-1	-10	-6	det1=true
[19288]	115	132	-17	-2	-11	-4	det1=true
[19289]	115	132	-21	-2	-11	4	det1=true
[19290]	128	132	-44	-41	-6	-9	det1=true
[19291]	130	132	-73	-38	-5	-8	det1=true
[19292]	43	129	-12	2	-7	-1	det1=true
[19293]	43	129	-13	2	-7	1	det1=true
[19294]	59	129	-20	-5	-1	-8	det1=true
[19295]	59	129	-28	-5	-1	8	det1=true
[19296]	78	129	-19	1	-8	-5	det1=true
[19297]	78	129	-24	1	-8	5	det1=true
[19298]	58	130	-19	-2	-1	-8	det1=true
[19299]	97	130	-27	-26	-1	-10	det1=true
[19300]	97	130	-37	-26	-1	10	det1=true
[19301]	100	130	-33	-3	-10	-3	det1=true
[19302]	115	130	-47	-2	-10	-4	det1=true
[19303]	115	130	-51	-2	-10	4	det1=true
[19304]	122	130	-29	-4	-6	-10	det1=true
[19305]	122	130	-39	-4	-6	10	det1=true
[19306]	126	130	-57	-53	-8	-5	det1=true
[19307]	126	130	-62	-53	-8	5	det1=true
[19308]	55	131	-8	-7	-1	-8	det1=true
[19309]	55	131	-16	-7	-1	8	det1=true
[19310]	79	131	-27	-23	-9	-1	det1=true
[19311]	101	131	-38	1	-5	-9	det1=true
[19312]	101	131	-47	1	-5	9	det1=true
[19313]	110	131	-27	-7	-11	-2	det1=true
[19314]	110	131	-29	-7	-11	2	det1=true
[19315]	116	131	-53	-24	-2	-10	det1=true
[19316]	123	131	-38	-28	-11	-2	det1=true
[19317]	123	131	-40	-28	-11	2	det1=true
[19318]	129	131	-10	-11	-3	-12	det1=true
[19319]	129	131	-22	-11	-3	12	det1=true
[19320]	131	131	-28	-19	-1	-12	det1=true
[19321]	131	131	-40	-19	-1	12	det1=true
[19322]	60	132	-23	0	-8	-2	det1=true
[19323]	60	132	-25	0	-8	2	det1=true
[19324]	91	132	-41	-19	-8	-5	det1=true
[19325]	91	132	-46	-19	-8	5	det1=true
[19326]	98	132	-11	-7	-9	-6	det1=true
[19327]	98	132	-17	-7	-9	6	det1=true
[19328]	110	132	-31	-23	-9	-6	det1=true
[19329]	110	132	-37	-23	-9	6	det1=true
[19330]	113	132	-18	-1	-10	6	det1=true
[19331]	122	132	-57	-28	-4	10	det1=true
[19332]	101	129	-40	-24	-9	-4	det1=true
[19333]	101	129	-44	-24	-9	4	det1=true
[19334]	103	129	-31	-27	-2	-10	det1=true
[19335]	106	129	-29	-2	-9	-6	det1=true
[19336]	106	129	-35	-2	-9	6	det1=true
[19337]	120	129	-47	-43	-1	-10	det1=true
[19338]	120	129	-57	-43	-1	10	det1=true
[19339]	129	129	-58	-3	-11	-1	det1=true
[19340]	62	130	-25	-24	-5	-6	det1=true
[19341]	62	130	-31	-24	-5	6	det1=true
[19342]	73	130	-17	2	-9	-2	det1=true
[19343]	73	130	-19	2	-9	2	det1=true
[19344]	80	130	-23	-21	-2	-9	det1=true
[19345]	80	130	-32	-21	-2	9	det1=true
[19346]	90	130	-29	-15	-1	10	det1=true
[19347]	94	130	-23	-23	-1	-10	det1=true
[19348]	96	130	-28	-23	-10	-1	det1=true
[19349]	96	130	-29	-23	-10	1	det1=true
[19350]	108	130	-57	-38	-5	8	det1=true
[19351]	116	130	-11	-10	-6	-10	det1=true
[19352]	116	130	-21	-10	-6	10	det1=true
[19353]	124	130	-54	-17	-10	-4	det1=true
[19354]	124	130	-58	-17	-10	4	det1=true
[19355]	73	131	-16	-17	-1	-9	det1=true
[19356]	73	131	-25	-17	-1	9	det1=true
[19357]	79	131	-28	-23	-9	1	det1=true
[19358]	87	131	-38	-4	-5	-8	det1=true
[19359]	87	131	-46	-4	-5	8	det1=true
[19360]	93	131	-28	-14	-1	-10	det1=true
[19361]	108	131	-53	0	-10	-2	det1=true
[19362]	108	131	-49	-16	-10	-2	det1=true
[19363]	108	131	-51	-16	-10	2	det1=true
[19364]	124	131	-8	-9	-2	-12	det1=true
[19365]	124	131	-20	-9	-2	12	det1=true
[19366]	131	131	-21	-21	-2	-12	det1=true
[19367]	131	131	-33	-21	-2	12	det1=true
[19368]	58	132	-25	-14	-1	8	det1=true
[19369]	98	132	-33	5	-10	-3	det1=true
[19370]	98	132	-36	5	-10	3	det1=true
[19371]	107	132	-38	-11	-8	-7	det1=true
[19372]	107	132	-45	-11	-8	7	det1=true
[19373]	111	132	-53	-18	-10	-2	det1=true
[19374]	111	132	-55	-18	-10	2	det1=true
[19375]	119	132	-47	-20	-9	-6	det1=true
[19376]	119	132	-53	-20	-9	6	det1=true
[19377]	127	132	-48	-37	-10	-4	det1=true
[19378]	95	129	-32	-1	-1	-10	det1=true
[19379]	95	129	-42	-1	-1	10	det1=true
[19380]	103	129	-41	-27	-2	10	det1=true
[19381]	104	129	-31	-3	-8	-7	det1=true
[19382]	104	129	-38	-3	-8	7	det1=true
[19383]	119	129	-56	-18	-9	-5	det1=true
[19384]	119	129	-61	-18	-9	5	det1=true
[19385]	121	129	-45	-25	-10	-4	det1=true
[19386]	121	129	-49	-25	-10	4	det1=true
[19387]	126	129	-27	-20	-11	-4	det1=true
[19388]	126	129	-31	-20	-11	4	det1=true
[19389]	90	130	-28	3	-10	-1	det1=true
[19390]	90	130	-29	3	-10	1	det1=true
[19391]	93	130	-13	-3	-3	-10	det1=true
[19392]	93	130	-23	-3	-3	10	det1=true
[19393]	124	130	-53	-14	-4	-10	det1=true
[19394]	124	130	-63	-14	-4	10	det1=true
[19395]	124	130	-45	-9	-2	-11	det1=true
[19396]	124	130	-56	-9	-2	11	det1=true
[19397]	127	130	-21	-12	-1	-12	det1=true
[19398]	127	130	-33	-12	-1	12	det1=true
[19399]	101	131	-18	-9	-9	-6	det1=true
[19400]	101	131	-24	-9	-9	6	det1=true
[19401]	119	131	-29	-20	-11	-3	det1=true
[19402]	119	131	-32	-20	-11	3	det1=true
[19403]	58	132	-17	-14	-1	-8	det1=true
[19404]	59	132	-26	-5	-8	-1	det1=true
[19405]	59	132	-27	-5	-8	1	det1=true
[19406]	127	132	-52	-37	-10	4	det1=true
[19407]	43	129	-9	-1	-1	-7	det1=true
[19408]	43	129	-16	-1	-1	7	det1=true
[19409]	61	129	-20	-6	-8	-2	det1=true
[19410]	61	129	-22	-6	-8	2	det1=true
[19411]	90	129	-29	-28	-5	-8	det1=true
[19412]	90	129	-37	-28	-5	8	det1=true
[19413]	85	130	-33	-21	-2	-9	det1=true
[19414]	85	130	-42	-21	-2	9	det1=true
[19415]	86	130	-37	-17	-7	-6	det1=true
[19416]	86	130	-43	-17	-7	6	det1=true
[19417]	90	130	-13	-12	-2	-10	det1=true
[19418]	90	130	-23	-12	-2	10	det1=true
[19419]	114	131	-42	-13	-4	-10	det1=true
[19420]	114	131	-52	-13	-4	10	det1=true
[19421]	119	131	-52	-51	-5	-8	det1=true
[19422]	119	131	-60	-51	-5	8	det1=true
[19423]	83	132	-9	-2	-8	-6	det1=true
[19424]	83	132	-15	-2	-8	6	det1=true
[19425]	44	129	-19	-17	-3	-6	det1=true
[19426]	44	129	-25	-17	-3	6	det1=true
[19427]	60	129	-25	1	-7	-4	det1=true
[19428]	60	129	-29	1	-7	4	det1=true
[19429]	78	129	-27	2	-7	-6	det1=true
[19430]	78	129	-33	2	-7	6	det1=true
[19431]	79	130	-27	-11	-7	-6	det1=true
[19432]	36	131	-14	-3	-4	-5	det1=true
[19433]	36	131	-19	-3	-4	5	det1=true
[19434]	107	131	2	2	-7	-9	det1=true
[19435]	107	131	-7	2	-7	9	det1=true
[19436]	131	131	-40	-11	-9	8	det1=true
[19437]	73	129	-34	-7	-7	-5	det1=true
[19438]	73	129	-39	-7	-7	5	det1=true
[19439]	85	130	-11	-4	-6	-8	det1=true
[19440]	124	130	-47	-46	-2	-10	det1=true
[19441]	124	130	-57	-46	-2	10	det1=true
[19442]	92	131	-29	-3	-1	-10	det1=true
[19443]	92	131	-39	-3	-1	10	det1=true
[19444]	124	130	-51	-42	-10	-2	det1=true
[19445]	124	130	-53	-42	-10	2	det1=true
[19446]	117	131	-27	-17	-11	-3	det1=true
[19447]	117	131	-30	-17	-11	3	det1=true
[19448]	131	131	-32	-11	-9	-8	det1=true
[19449]	85	132	-13	-3	-1	-10	det1=true
[19450]	96	132	-27	-20	-2	-10	det1=true
[19451]	96	132	-37	-20	-2	10	det1=true
[19452]	103	129	-27	-22	-10	-3	det1=true
[19453]	103	129	-30	-22	-10	3	det1=true
[19454]	85	132	-23	-3	-1	10	det1=true
[19455]	56	129	-23	3	-6	-5	det1=true
[19456]	114	131	-43	-10	-9	-6	det1=true
[19457]	114	131	-49	-10	-9	6	det1=true
[19458]	55	132	-21	-8	-5	-6	det1=true
[19459]	55	132	-27	-8	-5	6	det1=true
[19460]	86	131	-39	-15	-7	-6	det1=true
[19461]	86	131	-45	-15	-7	6	det1=true
[19462]	119	131	-26	-22	-7	-9	det1=true
[19463]	106	132	-17	-3	-2	-11	det1=true
[19464]	101	129	-14	-7	-9	-6	det1=true
[19465]	101	129	-20	-7	-9	6	det1=true
[19466]	93	131	-36	-29	-5	-8	det1=true
[19467]	93	131	-44	-29	-5	8	det1=true
[19468]	101	129	-18	2	-4	-10	det1=true
[19469]	106	132	-28	-3	-2	11	det1=true
[19470]	124	132	-47	-31	-9	-6	det1=true
[19471]	124	132	-53	-31	-9	6	det1=true
[19472]	56	130	-23	-3	-5	-6	det1=true
[19473]	56	130	-29	-3	-5	6	det1=true
[19474]	116	131	-16	-7	-6	-10	det1=true
[19475]	116	131	-26	-7	-6	10	det1=true
[19476]	127	131	-19	-11	-12	-2	det1=true
[19477]	131	131	-54	-3	-11	-3	det1=true
[19478]	66	129	-29	-20	-1	-8	det1=true
[19479]	117	129	-31	-32	-6	-9	det1=true
[19480]	102	130	-43	-17	-10	-1	det1=true
[19481]	117	129	-40	-28	-8	-7	det1=true
[19482]	117	129	-47	-28	-8	7	det1=true
[19483]	98	132	-23	-2	-7	-8	det1=true
[19484]	98	132	-31	-2	-7	8	det1=true
[19485]	117	129	-43	-15	-4	-10	det1=true
[19486]	117	129	-53	-15	-4	10	det1=true
[19487]	127	129	-54	-26	-8	-7	det1=true
[19488]	127	129	-61	-26	-8	7	det1=true
[19489]	90	132	-37	-23	-8	-5	det1=true
[19490]	129	129	-44	-27	-9	7	det1=true
[19491]	85	131	-39	-10	-6	-7	det1=true
[19492]	85	131	-46	-10	-6	7	det1=true
[19493]	131	131	-108	-22	-2	7	det1=true
[19494]	53	131	-23	-22	-2	-7	det1=true
[19495]	89	133	-14	-6	-5	-9	det1=true
[19496]	89	133	-23	-6	-5	9	det1=true
[19497]	108	133	-27	-5	-11	-2	det1=true
[19498]	108	133	-29	-5	-11	2	det1=true
[19499]	113	133	-19	-19	-3	-11	det1=true
[19500]	113	133	-30	-19	-3	11	det1=true
[19501]	132	133	-43	-19	-4	-11	det1=true
[19502]	132	133	-54	-19	-4	11	det1=true
[19503]	24	134	-7	1	-2	-5	det1=true
[19504]	24	134	-12	1	-2	5	det1=true
[19505]	86	134	-25	-14	-9	-4	det1=true
[19506]	86	134	-29	-14	-9	4	det1=true
[19507]	105	134	-37	-2	-10	-4	det1=true
[19508]	105	134	-41	-2	-10	4	det1=true
[19509]	49	135	-12	-10	-7	-3	det1=true
[19510]	49	135	-15	-10	-7	3	det1=true
[19511]	55	135	-17	2	-4	-7	det1=true
[19512]	88	135	-18	-11	-2	-10	det1=true
[19513]	88	135	-28	-11	-2	10	det1=true
[19514]	131	135	-35	-15	-12	-2	det1=true
[19515]	133	135	-23	-12	-6	-11	det1=true
[19516]	133	135	-34	-12	-6	11	det1=true
[19517]	66	136	-29	-3	-3	-8	det1=true
[19518]	66	136	-37	-3	-3	8	det1=true
[19519]	114	136	-49	-45	-9	-4	det1=true
[19520]	114	136	-53	-45	-9	4	det1=true
[19521]	136	136	-63	-25	-11	-2	det1=true
[19522]	136	136	-65	-25	-11	2	det1=true
[19523]	74	133	-25	2	-9	-2	det1=true
[19524]	74	133	-27	2	-9	2	det1=true
[19525]	85	133	-20	4	-8	-6	det1=true
[19526]	85	133	-26	4	-8	6	det1=true
[19527]	97	133	-49	-7	-6	8	det1=true
[19528]	112	133	-47	-9	-8	-7	det1=true
[19529]	112	133	-54	-9	-8	7	det1=true
[19530]	112	133	-45	-24	-3	-10	det1=true
[19531]	112	133	-55	-24	-3	10	det1=true
[19532]	113	133	-29	-4	-11	-3	det1=true
[19533]	113	133	-32	-4	-11	3	det1=true
[19534]	115	133	-50	-12	-8	-7	det1=true
[19535]	115	133	-57	-12	-8	7	det1=true
[19536]	119	133	-50	-31	-3	-10	det1=true
[19537]	119	133	-60	-31	-3	10	det1=true
[19538]	128	133	-25	-14	-12	-2	det1=true
[19539]	128	133	-27	-14	-12	2	det1=true
[19540]	62	134	-24	-13	-2	-8	det1=true
[19541]	62	134	-32	-13	-2	8	det1=true
[19542]	98	134	-43	-34	-5	-8	det1=true
[19543]	98	134	-51	-34	-5	8	det1=true
[19544]	100	134	-28	-23	-10	-3	det1=true
[19545]	100	134	-31	-23	-10	3	det1=true
[19546]	101	134	-7	5	-11	-2	det1=true
[19547]	112	134	-52	-15	-10	-3	det1=true
[19548]	112	134	-55	-15	-10	3	det1=true
[19549]	124	134	-43	-39	-9	-6	det1=true
[19550]	124	134	-49	-39	-9	6	det1=true
[19551]	134	134	-46	-7	-12	-1	det1=true
[19552]	134	134	-47	-7	-12	1	det1=true
[19553]	134	134	-39	-17	-1	-12	det1=true
[19554]	134	134	-51	-17	-1	12	det1=true
[19555]	134	134	-27	-18	-3	-12	det1=true
[19556]	134	134	-39	-18	-3	12	det1=true
[19557]	36	135	-17	-12	-6	-2	det1=true
[19558]	36	135	-19	-12	-6	2	det1=true
[19559]	97	135	-46	-2	-10	-1	det1=true
[19560]	97	135	-47	-2	-10	1	det1=true
[19561]	101	135	-45	-44	-2	-9	det1=true
[19562]	101	135	-54	-44	-2	9	det1=true
[19563]	107	135	-39	-1	-4	-10	det1=true
[19564]	107	135	-49	-1	-4	10	det1=true
[19565]	116	135	-32	-27	-2	-11	det1=true
[19566]	116	135	-43	-27	-2	11	det1=true
[19567]	23	136	1	1	-2	-5	det1=true
[19568]	23	136	-4	1	-2	5	det1=true
[19569]	75	136	-27	1	-8	5	det1=true
[19570]	93	136	-37	0	-1	-10	det1=true
[19571]	93	136	-47	0	-1	10	det1=true
[19572]	107	136	-39	-28	-3	-10	det1=true
[19573]	109	136	-36	-21	-6	-9	det1=true
[19574]	109	136	-45	-21	-6	9	det1=true
[19575]	111	136	-41	-19	-9	-6	det1=true
[19576]	114	136	-25	2	-11	-4	det1=true
[19577]	114	136	-29	2	-11	4	det1=true
[19578]	118	136	-18	-3	-12	-1	det1=true
[19579]	118	136	-19	-3	-12	1	det1=true
[19580]	128	136	-22	-25	-2	-12	det1=true
[19581]	128	136	-34	-25	-2	12	det1=true
[19582]	130	136	-41	-28	-10	-6	det1=true
[19583]	130	136	-47	-28	-10	6	det1=true
[19584]	46	133	-14	-9	-2	-7	det1=true
[19585]	46	133	-21	-9	-2	7	det1=true
[19586]	46	133	-11	-13	-2	-7	det1=true
[19587]	46	133	-18	-13	-2	7	det1=true
[19588]	49	133	-13	-4	-7	-3	det1=true
[19589]	49	133	-16	-4	-7	3	det1=true
[19590]	54	133	-15	-7	-1	8	det1=true
[19591]	58	133	-18	-1	-8	-2	det1=true
[19592]	58	133	-20	-1	-8	2	det1=true
[19593]	71	133	-24	2	-9	-1	det1=true
[19594]	71	133	-25	2	-9	1	det1=true
[19595]	75	133	-32	-27	-3	-8	det1=true
[19596]	75	133	-40	-27	-3	8	det1=true
[19597]	77	133	-19	-22	-2	-9	det1=true
[19598]	77	133	-28	-22	-2	9	det1=true
[19599]	79	133	-22	-13	-5	-8	det1=true
[19600]	79	133	-30	-13	-5	8	det1=true
[19601]	82	133	-7	0	-6	-8	det1=true
[19602]	82	133	-15	0	-6	8	det1=true
[19603]	86	133	-35	-17	-8	-5	det1=true
[19604]	86	133	-40	-17	-8	5	det1=true
[19605]	89	133	-2	-5	-3	-10	det1=true
[19606]	89	133	-12	-5	-3	10	det1=true
[19607]	94	133	-17	-15	-3	-10	det1=true
[19608]	94	133	-27	-15	-3	10	det1=true
[19609]	97	133	-42	-6	-8	-6	det1=true
[19610]	97	133	-48	-6	-8	6	det1=true
[19611]	97	133	-41	-7	-6	-8	det1=true
[19612]	99	133	-46	-6	-10	-1	det1=true
[19613]	99	133	-47	-6	-10	1	det1=true
[19614]	100	133	-47	-37	-7	-6	det1=true
[19615]	100	133	-53	-37	-7	6	det1=true
[19616]	103	133	-45	0	-9	-5	det1=true
[19617]	103	133	-50	0	-9	5	det1=true
[19618]	104	133	-47	-38	-5	-8	det1=true
[19619]	104	133	-55	-38	-5	8	det1=true
[19620]	111	133	-50	-45	-5	-8	det1=true
[19621]	111	133	-58	-45	-5	8	det1=true
[19622]	112	133	-6	1	-4	-11	det1=true
[19623]	112	133	-17	1	-4	11	det1=true
[19624]	113	133	-43	-13	-4	-10	det1=true
[19625]	113	133	-53	-13	-4	10	det1=true
[19626]	119	133	-39	1	-9	-7	det1=true
[19627]	119	133	-46	1	-9	7	det1=true
[19628]	122	133	-41	-26	-11	-2	det1=true
[19629]	122	133	-43	-26	-11	2	det1=true
[19630]	124	133	-12	-9	-10	-7	det1=true
[19631]	124	133	-19	-9	-10	7	det1=true
[19632]	128	133	-7	3	-11	-6	det1=true
[19633]	128	133	-13	3	-11	6	det1=true
[19634]	129	133	-40	-16	-4	-11	det1=true
[19635]	129	133	-51	-16	-4	11	det1=true
[19636]	71	134	-34	-27	-8	-2	det1=true
[19637]	71	134	-36	-27	-8	2	det1=true
[19638]	74	134	-19	-13	-7	-6	det1=true
[19639]	74	134	-25	-13	-7	6	det1=true
[19640]	83	134	-36	-3	-8	-5	det1=true
[19641]	83	134	-12	-7	-8	-6	det1=true
[19642]	83	134	-18	-7	-8	6	det1=true
[19643]	83	134	-11	-8	-6	-8	det1=true
[19644]	91	134	-34	-3	-8	-6	det1=true
[19645]	91	134	-40	-3	-8	6	det1=true
[19646]	96	134	-44	5	-10	-1	det1=true
[19647]	96	134	-45	5	-10	1	det1=true
[19648]	106	134	-41	-17	-3	-10	det1=true
[19649]	106	134	-51	-17	-3	10	det1=true
[19650]	116	134	-35	-36	-4	-10	det1=true
[19651]	116	134	-45	-36	-4	10	det1=true
[19652]	124	134	-53	-48	-8	-6	det1=true
[19653]	124	134	-59	-48	-8	6	det1=true
[19654]	128	134	-55	-48	-10	-2	det1=true
[19655]	128	134	-57	-48	-10	2	det1=true
[19656]	134	134	-37	-21	-9	-8	det1=true
[19657]	134	134	-45	-21	-9	8	det1=true
[19658]	21	135	-3	-1	-1	-5	det1=true
[19659]	21	135	-8	-1	-1	5	det1=true
[19660]	52	135	1	-2	-1	-8	det1=true
[19661]	52	135	-7	-2	-1	8	det1=true
[19662]	67	135	-14	-8	-4	-8	det1=true
[19663]	71	135	-31	-18	-5	-7	det1=true
[19664]	71	135	-38	-18	-5	7	det1=true
[19665]	73	135	-11	4	-9	-3	det1=true
[19666]	73	135	-14	4	-9	3	det1=true
[19667]	78	135	-28	1	-8	-5	det1=true
[19668]	78	135	-33	1	-8	5	det1=true
[19669]	91	135	-38	-28	-5	-8	det1=true
[19670]	91	135	-46	-28	-5	8	det1=true
[19671]	95	135	-44	-36	-9	-2	det1=true
[19672]	95	135	-46	-36	-9	2	det1=true
[19673]	100	135	-32	-5	-10	4	det1=true
[19674]	109	135	-40	-42	-1	-10	det1=true
[19675]	109	135	-50	-42	-1	10	det1=true
[19676]	109	135	-28	-22	-11	-1	det1=true
[19677]	109	135	-29	-22	-11	1	det1=true
[19678]	115	135	-34	-6	-9	-7	det1=true
[19679]	122	135	-51	-49	-1	-10	det1=true
[19680]	122	135	-61	-49	-1	10	det1=true
[19681]	125	135	-51	-5	-11	-3	det1=true
[19682]	125	135	-54	-5	-11	3	det1=true
[19683]	125	135	-47	-9	-3	-11	det1=true
[19684]	125	135	-58	-9	-3	11	det1=true
[19685]	127	135	-61	-46	-10	1	det1=true
[19686]	127	135	-48	-16	-7	-9	det1=true
[19687]	127	135	-57	-16	-7	9	det1=true
[19688]	129	135	-49	-21	-9	-7	det1=true
[19689]	129	135	-56	-21	-9	7	det1=true
[19690]	129	135	-57	-22	-7	9	det1=true
[19691]	79	136	-31	-17	-2	-9	det1=true
[19692]	79	136	-40	-17	-2	9	det1=true
[19693]	79	136	-19	3	-9	4	det1=true
[19694]	82	136	-30	-5	-4	9	det1=true
[19695]	82	136	-11	-3	-1	-10	det1=true
[19696]	82	136	-21	-3	-1	10	det1=true
[19697]	87	136	-20	1	-2	-10	det1=true
[19698]	87	136	-30	1	-2	10	det1=true
[19699]	87	136	-15	-14	-2	-10	det1=true
[19700]	87	136	-25	-14	-2	10	det1=true
[19701]	90	136	-27	-2	-2	-10	det1=true
[19702]	90	136	-37	-2	-2	10	det1=true
[19703]	102	136	-39	-26	-2	-10	det1=true
[19704]	102	136	-49	-26	-2	10	det1=true
[19705]	107	136	-25	-17	-11	2	det1=true
[19706]	113	136	-49	-3	-9	-6	det1=true
[19707]	120	136	-48	-47	-2	-10	det1=true
[19708]	120	136	-58	-47	-2	10	det1=true
[19709]	123	136	-25	-13	-7	10	det1=true
[19710]	131	136	-7	4	-8	-10	det1=true
[19711]	131	136	-17	4	-8	10	det1=true
[19712]	45	133	-20	0	-2	7	det1=true
[19713]	56	133	-19	2	-7	-4	det1=true
[19714]	56	133	-23	2	-7	4	det1=true
[19715]	72	133	-12	-11	-2	-9	det1=true
[19716]	72	133	-21	-11	-2	9	det1=true
[19717]	73	133	-25	-1	-1	-9	det1=true
[19718]	73	133	-34	-1	-1	9	det1=true
[19719]	79	133	-30	-12	-6	-7	det1=true
[19720]	79	133	-37	-12	-6	7	det1=true
[19721]	82	133	-8	1	-8	-6	det1=true
[19722]	82	133	-14	1	-8	6	det1=true
[19723]	83	133	-36	-25	-9	-1	det1=true
[19724]	83	133	-37	-25	-9	1	det1=true
[19725]	94	133	-26	5	-10	-3	det1=true
[19726]	94	133	-29	5	-10	3	det1=true
[19727]	95	133	-25	-16	-5	-9	det1=true
[19728]	95	133	-34	-16	-5	9	det1=true
[19729]	96	133	-39	-13	-10	-1	det1=true
[19730]	97	133	-42	0	-6	-8	det1=true
[19731]	97	133	-50	0	-6	8	det1=true
[19732]	100	133	-36	-29	-10	1	det1=true
[19733]	101	133	-45	-13	-6	-8	det1=true
[19734]	101	133	-53	-13	-6	8	det1=true
[19735]	107	133	-11	1	-9	-7	det1=true
[19736]	107	133	-18	1	-9	7	det1=true
[19737]	107	133	-9	-2	-3	-11	det1=true
[19738]	107	133	-20	-2	-3	11	det1=true
[19739]	110	133	-49	-31	-10	-1	det1=true
[19740]	110	133	-50	-31	-10	1	det1=true
[19741]	113	133	-46	-30	-5	-9	det1=true
[19742]	113	133	-55	-30	-5	9	det1=true
[19743]	115	133	-40	-41	-5	-9	det1=true
[19744]	115	133	-49	-41	-5	9	det1=true
[19745]	120	133	-58	-13	-10	4	det1=true
[19746]	130	133	-5	6	-12	-4	det1=true
[19747]	130	133	-9	6	-12	4	det1=true
[19748]	131	133	-33	-20	-12	-1	det1=true
[19749]	131	133	-34	-20	-12	1	det1=true
[19750]	133	133	-69	-12	-8	-7	det1=true
[19751]	54	134	-13	-3	-8	-1	det1=true
[19752]	54	134	-14	-3	-8	1	det1=true
[19753]	57	134	-27	-7	-4	7	det1=true
[19754]	86	134	-15	-15	-1	-10	det1=true
[19755]	88	134	-20	-7	-10	-2	det1=true
[19756]	88	134	-22	-7	-10	2	det1=true
[19757]	101	134	-44	-25	-4	-9	det1=true
[19758]	101	134	-53	-25	-4	9	det1=true
[19759]	102	134	-13	4	-11	-2	det1=true
[19760]	102	134	-15	4	-11	2	det1=true
[19761]	113	134	-39	-3	-11	-2	det1=true
[19762]	113	134	-41	-3	-11	2	det1=true
[19763]	122	134	-15	-6	-12	-2	det1=true
[19764]	122	134	-17	-6	-12	2	det1=true
[19765]	33	135	-4	2	-5	-4	det1=true
[19766]	33	135	-8	2	-5	4	det1=true
[19767]	55	135	-16	-4	-1	-8	det1=true
[19768]	55	135	-24	-4	-1	8	det1=true
[19769]	68	135	-1	3	-6	-7	det1=true
[19770]	87	135	-22	2	-10	-2	det1=true
[19771]	87	135	-24	2	-10	2	det1=true
[19772]	97	135	-38	-22	-10	-1	det1=true
[19773]	97	135	-39	-22	-10	1	det1=true
[19774]	98	135	-43	-6	-1	-10	det1=true
[19775]	98	135	-53	-6	-1	10	det1=true
[19776]	100	135	-28	-5	-10	-4	det1=true
[19777]	100	135	-24	-13	-10	-4	det1=true
[19778]	100	135	-21	-16	-4	-10	det1=true
[19779]	100	135	-31	-16	-4	10	det1=true
[19780]	103	135	-35	-1	-10	-4	det1=true
[19781]	103	135	-39	-1	-10	4	det1=true
[19782]	103	135	-32	-4	-9	-6	det1=true
[19783]	103	135	-38	-4	-9	6	det1=true
[19784]	110	135	-49	-47	-5	-8	det1=true
[19785]	110	135	-57	-47	-5	8	det1=true
[19786]	114	135	-17	-9	-4	-11	det1=true
[19787]	114	135	-28	-9	-4	11	det1=true
[19788]	117	135	-33	-16	-7	-9	det1=true
[19789]	117	135	-42	-16	-7	9	det1=true
[19790]	123	135	-54	-5	-11	-2	det1=true
[19791]	123	135	-56	-5	-11	2	det1=true
[19792]	124	135	-46	-39	-10	-4	det1=true
[19793]	126	135	-2	-3	-6	-11	det1=true
[19794]	126	135	-13	-3	-6	11	det1=true
[19795]	127	135	-47	-18	-3	-11	det1=true
[19796]	127	135	-44	-34	-2	-11	det1=true
[19797]	127	135	-55	-34	-2	11	det1=true
[19798]	132	135	-8	3	-10	-8	det1=true
[19799]	132	135	-16	3	-10	8	det1=true
[19800]	135	135	-40	2	-12	-3	det1=true
[19801]	135	135	-43	2	-12	3	det1=true
[19802]	43	136	-5	-7	-2	-7	det1=true
[19803]	57	136	-17	-17	-1	-8	det1=true
[19804]	67	136	-29	-11	-3	-8	det1=true
[19805]	67	136	-37	-11	-3	8	det1=true
[19806]	68	136	-5	-1	-6	-7	det1=true
[19807]	68	136	-12	-1	-6	7	det1=true
[19808]	85	136	-20	-11	-10	-1	det1=true
[19809]	85	136	-21	-11	-10	1	det1=true
[19810]	88	136	-15	-18	-2	-10	det1=true
[19811]	91	136	-35	-20	-8	6	det1=true
[19812]	91	136	-36	-21	-6	8	det1=true
[19813]	92	136	-26	-19	-10	-2	det1=true
[19814]	92	136	-28	-19	-10	2	det1=true
[19815]	96	136	-42	5	-10	-2	det1=true
[19816]	96	136	-44	5	-10	2	det1=true
[19817]	101	136	-53	-14	-2	10	det1=true
[19818]	106	136	-43	-2	-7	-8	det1=true
[19819]	106	136	-51	-2	-7	8	det1=true
[19820]	108	136	-45	-7	-7	-8	det1=true
[19821]	108	136	-53	-7	-7	8	det1=true
[19822]	109	136	-15	0	-10	6	det1=true
[19823]	115	136	-51	-33	-10	3	det1=true
[19824]	116	136	-32	-29	-2	-11	det1=true
[19825]	116	136	-43	-29	-2	11	det1=true
[19826]	117	136	-25	-15	-11	-4	det1=true
[19827]	117	136	-29	-15	-11	4	det1=true
[19828]	120	136	-28	-21	-6	-10	det1=true
[19829]	120	136	-38	-21	-6	10	det1=true
[19830]	121	136	-25	3	-7	10	det1=true
[19831]	122	136	-19	-18	-1	-12	det1=true
[19832]	122	136	-31	-18	-1	12	det1=true
[19833]	123	136	-15	-13	-7	-10	det1=true
[19834]	127	136	-59	-42	-7	8	det1=true
[19835]	127	136	-20	-9	-6	11	det1=true
[19836]	131	136	-41	-30	-10	-6	det1=true
[19837]	131	136	-47	-30	-10	6	det1=true
[19838]	133	136	-97	-3	-3	-8	det1=true
[19839]	136	136	-84	-3	-10	-2	det1=true
[19840]	136	136	-62	-55	-6	-8	det1=true
[19841]	136	136	-70	-55	-6	8	det1=true
[19842]	45	133	-22	-6	-7	-1	det1=true
[19843]	45	133	-23	-6	-7	1	det1=true
[19844]	45	133	-13	0	-2	-7	det1=true
[19845]	46	133	-15	-12	-6	-4	det1=true
[19846]	46	133	-19	-12	-6	4	det1=true
[19847]	49	133	-9	-9	-3	-7	det1=true
[19848]	49	133	-16	-9	-3	7	det1=true
[19849]	57	133	-16	-12	-4	-7	det1=true
[19850]	57	133	-23	-12	-4	7	det1=true
[19851]	62	133	-13	-8	-3	-8	det1=true
[19852]	62	133	-21	-8	-3	8	det1=true
[19853]	64	133	-27	-16	-8	-2	det1=true
[19854]	64	133	-29	-16	-8	2	det1=true
[19855]	69	133	-27	-14	-5	-7	det1=true
[19856]	69	133	-34	-14	-5	7	det1=true
[19857]	72	133	-15	-5	-2	-9	det1=true
[19858]	72	133	-24	-5	-2	9	det1=true
[19859]	74	133	-23	1	-7	-6	det1=true
[19860]	74	133	-29	1	-7	6	det1=true
[19861]	77	133	-20	-8	-8	-5	det1=true
[19862]	77	133	-25	-8	-8	5	det1=true
[19863]	85	133	-28	-24	-8	-5	det1=true
[19864]	85	133	-33	-24	-8	5	det1=true
[19865]	93	133	-39	-40	-1	-9	det1=true
[19866]	93	133	-48	-40	-1	9	det1=true
[19867]	93	133	-36	-32	-8	-5	det1=true
[19868]	96	133	-40	-13	-10	1	det1=true
[19869]	97	133	-35	-4	-9	-5	det1=true
[19870]	102	133	-24	-13	-4	-10	det1=true
[19871]	102	133	-34	-13	-4	10	det1=true
[19872]	103	133	-33	-26	-10	3	det1=true
[19873]	104	133	-29	-29	-3	-10	det1=true
[19874]	104	133	-39	-29	-3	10	det1=true
[19875]	105	133	-30	-16	-10	-4	det1=true
[19876]	105	133	-34	-16	-10	4	det1=true
[19877]	107	133	-23	-16	-1	-11	det1=true
[19878]	107	133	-34	-16	-1	11	det1=true
[19879]	107	133	-7	-6	-7	-9	det1=true
[19880]	107	133	-16	-6	-7	9	det1=true
[19881]	108	133	-37	-19	-7	-8	det1=true
[19882]	108	133	-45	-19	-7	8	det1=true
[19883]	109	133	-23	-12	-3	11	det1=true
[19884]	112	133	-39	-27	-9	6	det1=true
[19885]	113	133	-50	-34	-8	-6	det1=true
[19886]	113	133	-56	-34	-8	6	det1=true
[19887]	113	133	-46	0	-9	-6	det1=true
[19888]	113	133	-52	0	-9	6	det1=true
[19889]	118	133	-1	-4	-1	-12	det1=true
[19890]	118	133	-13	-4	-1	12	det1=true
[19891]	121	133	-64	-12	-8	7	det1=true
[19892]	121	133	-25	-18	-4	-11	det1=true
[19893]	121	133	-36	-18	-4	11	det1=true
[19894]	122	133	-20	3	-8	-9	det1=true
[19895]	122	133	-29	3	-8	9	det1=true
[19896]	123	133	-51	-4	-1	-11	det1=true
[19897]	123	133	-62	-4	-1	11	det1=true
[19898]	123	133	-50	-49	-1	-10	det1=true
[19899]	123	133	-60	-49	-1	10	det1=true
[19900]	127	133	-28	-10	-1	-12	det1=true
[19901]	127	133	-40	-10	-1	12	det1=true
[19902]	127	133	-33	-6	-12	-1	det1=true
[19903]	127	133	-34	-6	-12	1	det1=true
[19904]	130	133	-45	-1	-8	9	det1=true
[19905]	131	133	-52	-18	-11	-3	det1=true
[19906]	131	133	-55	-18	-11	3	det1=true
[19907]	133	133	-51	-21	-7	-9	det1=true
[19908]	133	133	-60	-21	-7	9	det1=true
[19909]	133	133	-48	-12	-6	-10	det1=true
[19910]	133	133	-58	-12	-6	10	det1=true
[19911]	57	134	-20	-7	-4	-7	det1=true
[19912]	59	134	-25	-21	-6	-5	det1=true
[19913]	59	134	-30	-21	-6	5	det1=true
[19914]	63	134	-25	-23	-4	-7	det1=true
[19915]	68	134	-29	-11	-3	-8	det1=true
[19916]	68	134	-37	-11	-3	8	det1=true
[19917]	70	134	-9	-5	-6	-7	det1=true
[19918]	70	134	-16	-5	-6	7	det1=true
[19919]	74	134	-21	-12	-9	-2	det1=true
[19920]	79	134	-9	1	-9	-4	det1=true
[19921]	86	134	-29	-6	-9	-4	det1=true
[19922]	86	134	-33	-6	-9	4	det1=true
[19923]	86	134	-17	-12	-1	-10	det1=true
[19924]	96	134	-38	-15	-6	-8	det1=true
[19925]	96	134	-46	-15	-6	8	det1=true
[19926]	99	134	-39	-25	-10	1	det1=true
[19927]	101	134	-40	-1	-8	7	det1=true
[19928]	103	134	-30	1	-6	-9	det1=true
[19929]	103	134	-39	1	-6	9	det1=true
[19930]	104	134	-16	-1	-2	-11	det1=true
[19931]	104	134	-27	-1	-2	11	det1=true
[19932]	107	134	-47	-28	-6	-8	det1=true
[19933]	107	134	-55	-28	-6	8	det1=true
[19934]	108	134	-47	-26	-10	-2	det1=true
[19935]	109	134	-40	-7	-4	-10	det1=true
[19936]	109	134	-50	-7	-4	10	det1=true
[19937]	113	134	-51	-33	-1	-10	det1=true
[19938]	113	134	-61	-33	-1	10	det1=true
[19939]	113	134	-15	-4	-11	-4	det1=true
[19940]	113	134	-19	-4	-11	4	det1=true
[19941]	122	134	-42	-15	-6	10	det1=true
[19942]	124	134	-53	-31	-7	-8	det1=true
[19943]	124	134	-61	-31	-7	8	det1=true
[19944]	124	134	-25	-7	-8	-9	det1=true
[19945]	124	134	-34	-7	-8	9	det1=true
[19946]	125	134	-22	-13	-12	2	det1=true
[19947]	129	134	-52	-17	-4	11	det1=true
[19948]	131	134	-14	-13	-6	-11	det1=true
[19949]	131	134	-25	-13	-6	11	det1=true
[19950]	134	134	-51	-49	-8	-7	det1=true
[19951]	134	134	-58	-49	-8	7	det1=true
[19952]	134	134	-45	-43	-2	-11	det1=true
[19953]	134	134	-56	-43	-2	11	det1=true
[19954]	36	135	-15	-14	-2	-6	det1=true
[19955]	36	135	-21	-14	-2	6	det1=true
[19956]	41	135	-13	-7	-1	7	det1=true
[19957]	43	135	-17	-7	-7	-1	det1=true
[19958]	43	135	-18	-7	-7	1	det1=true
[19959]	43	135	-8	0	-7	-2	det1=true
[19960]	43	135	-10	0	-7	2	det1=true
[19961]	45	135	-16	-17	-1	-7	det1=true
[19962]	45	135	-23	-17	-1	7	det1=true
[19963]	82	135	-32	-13	-8	-5	det1=true
[19964]	82	135	-37	-13	-8	5	det1=true
[19965]	83	135	-15	-4	-10	-1	det1=true
[19966]	83	135	-16	-4	-10	1	det1=true
[19967]	89	135	-17	-17	-2	-10	det1=true
[19968]	89	135	-27	-17	-2	10	det1=true
[19969]	94	135	-37	-15	-10	-1	det1=true
[19970]	94	135	-38	-15	-10	1	det1=true
[19971]	104	135	-43	-22	-2	-10	det1=true
[19972]	104	135	-53	-22	-2	10	det1=true
[19973]	105	135	-6	-4	-7	-9	det1=true
[19974]	105	135	-16	-6	-3	11	det1=true
[19975]	107	135	-42	2	-10	-4	det1=true
[19976]	107	135	-46	2	-10	4	det1=true
[19977]	108	135	-39	-10	-4	-10	det1=true
[19978]	108	135	-49	-10	-4	10	det1=true
[19979]	109	135	-34	1	-11	-2	det1=true
[19980]	109	135	-36	1	-11	2	det1=true
[19981]	112	135	-13	-6	-11	-4	det1=true
[19982]	112	135	-17	-6	-11	4	det1=true
[19983]	114	135	-51	-4	-10	-4	det1=true
[19984]	114	135	-55	-4	-10	4	det1=true
[19985]	114	135	-37	-32	-10	-4	det1=true
[19986]	120	135	-52	-23	-10	-4	det1=true
[19987]	120	135	-39	-40	-4	-10	det1=true
[19988]	120	135	-49	-40	-4	10	det1=true
[19989]	121	135	-54	-2	-11	2	det1=true
[19990]	127	135	-58	-18	-3	11	det1=true
[19991]	128	135	-42	-5	-2	12	det1=true
[19992]	129	135	-24	-26	-5	-11	det1=true
[19993]	129	135	-35	-26	-5	11	det1=true
[19994]	131	135	-58	-22	-1	-11	det1=true
[19995]	131	135	-69	-22	-1	11	det1=true
[19996]	131	135	-56	-55	-1	-10	det1=true
[19997]	131	135	-66	-55	-1	10	det1=true
[19998]	131	135	-52	-32	-11	-2	det1=true
[19999]	131	135	-54	-32	-11	2	det1=true
[20000]	132	135	-57	-52	-10	-2	det1=true
[20001]	132	135	-59	-52	-10	2	det1=true
[20002]	133	135	-58	-2	-11	4	det1=true
[20003]	134	135	-65	-49	-10	-1	det1=true
[20004]	134	135	-66	-49	-10	1	det1=true
[20005]	34	136	-10	-11	-2	-6	det1=true
[20006]	34	136	-16	-11	-2	6	det1=true
[20007]	34	136	-10	-5	-4	-5	det1=true
[20008]	34	136	-15	-5	-4	5	det1=true
[20009]	55	136	-20	-17	-6	-5	det1=true
[20010]	55	136	-25	-17	-6	5	det1=true
[20011]	57	136	-25	-17	-1	8	det1=true
[20012]	66	136	-23	-18	-3	-8	det1=true
[20013]	66	136	-31	-18	-3	8	det1=true
[20014]	68	136	-26	-21	-8	-3	det1=true
[20015]	68	136	-29	-21	-8	3	det1=true
[20016]	77	136	-28	-15	-2	-9	det1=true
[20017]	77	136	-37	-15	-2	9	det1=true
[20018]	79	136	-15	3	-9	-4	det1=true
[20019]	84	136	-15	-14	-8	-6	det1=true
[20020]	84	136	-21	-14	-8	6	det1=true
[20021]	92	136	-11	-7	-7	-8	det1=true
[20022]	92	136	-19	-7	-7	8	det1=true
[20023]	95	136	-43	-7	-10	-1	det1=true
[20024]	95	136	-44	-7	-10	1	det1=true
[20025]	99	136	-46	-35	-8	-5	det1=true
[20026]	99	136	-51	-35	-8	5	det1=true
[20027]	100	136	-39	-29	-10	-1	det1=true
[20028]	100	136	-40	-29	-10	1	det1=true
[20029]	101	136	-43	-14	-2	-10	det1=true
[20030]	102	136	-47	-14	-10	-2	det1=true
[20031]	102	136	-49	-14	-10	2	det1=true
[20032]	103	136	-27	-20	-4	-10	det1=true
[20033]	103	136	-37	-20	-4	10	det1=true
[20034]	103	136	-13	-13	-2	-11	det1=true
[20035]	108	136	-42	-17	-8	-7	det1=true
[20036]	108	136	-49	-17	-8	7	det1=true
[20037]	109	136	-9	0	-10	-6	det1=true
[20038]	115	136	3	-2	-1	-12	det1=true
[20039]	115	136	-9	-2	-1	12	det1=true
[20040]	118	136	-14	-5	-8	-9	det1=true
[20041]	118	136	-23	-5	-8	9	det1=true
[20042]	121	136	-32	-19	-10	-6	det1=true
[20043]	123	136	-55	-23	-9	-6	det1=true
[20044]	123	136	-61	-23	-9	6	det1=true
[20045]	123	136	-53	-13	-11	-2	det1=true
[20046]	123	136	-55	-13	-11	2	det1=true
[20047]	124	136	-20	-11	-10	-7	det1=true
[20048]	124	136	-27	-11	-10	7	det1=true
[20049]	126	136	-27	-4	-7	-10	det1=true
[20050]	126	136	-37	-4	-7	10	det1=true
[20051]	126	136	-8	-3	-6	-11	det1=true
[20052]	126	136	-19	-3	-6	11	det1=true
[20053]	127	136	-51	-42	-7	-8	det1=true
[20054]	128	136	-39	2	-12	2	det1=true
[20055]	130	136	-39	-30	-6	-10	det1=true
[20056]	130	136	-49	-30	-6	10	det1=true
[20057]	131	136	-8	5	-10	-8	det1=true
[20058]	131	136	-16	5	-10	8	det1=true
[20059]	134	136	-63	-31	-9	-6	det1=true
[20060]	54	133	-7	-7	-1	-8	det1=true
[20061]	75	133	-13	-8	-8	-5	det1=true
[20062]	75	133	-18	-8	-8	5	det1=true
[20063]	79	133	-39	-6	-9	-1	det1=true
[20064]	79	133	-40	-6	-9	1	det1=true
[20065]	79	133	-35	-10	-1	-9	det1=true
[20066]	79	133	-44	-10	-1	9	det1=true
[20067]	79	133	-28	-18	-9	-2	det1=true
[20068]	79	133	-30	-18	-9	2	det1=true
[20069]	85	133	-32	-28	-9	-2	det1=true
[20070]	85	133	-34	-28	-9	2	det1=true
[20071]	86	133	-33	-29	-9	-2	det1=true
[20072]	86	133	-35	-29	-9	2	det1=true
[20073]	89	133	-28	-6	-8	-6	det1=true
[20074]	89	133	-34	-6	-8	6	det1=true
[20075]	89	133	-30	-20	-9	4	det1=true
[20076]	92	133	-17	-1	-3	-10	det1=true
[20077]	92	133	-27	-1	-3	10	det1=true
[20078]	95	133	-29	-7	-5	-9	det1=true
[20079]	95	133	-38	-7	-5	9	det1=true
[20080]	95	133	-27	-14	-9	-5	det1=true
[20081]	100	133	-35	-29	-10	-1	det1=true
[20082]	103	133	-30	-26	-10	-3	det1=true
[20083]	105	133	-40	-32	-1	-10	det1=true
[20084]	105	133	-50	-32	-1	10	det1=true
[20085]	107	133	-50	-44	-6	-7	det1=true
[20086]	107	133	-34	-30	-10	-3	det1=true
[20087]	107	133	-37	-30	-10	3	det1=true
[20088]	110	133	-50	-49	-2	-9	det1=true
[20089]	110	133	-59	-49	-2	9	det1=true
[20090]	111	133	-32	-26	-9	-6	det1=true
[20091]	111	133	-38	-26	-9	6	det1=true
[20092]	112	133	-33	-27	-9	-6	det1=true
[20093]	118	133	-53	-8	-10	-4	det1=true
[20094]	119	133	-54	-23	-3	-10	det1=true
[20095]	119	133	-31	1	-10	-6	det1=true
[20096]	119	133	-37	1	-10	6	det1=true
[20097]	120	133	-54	-13	-10	-4	det1=true
[20098]	120	133	-11	-6	-9	-8	det1=true
[20099]	120	133	-19	-6	-9	8	det1=true
[20100]	121	133	-12	-10	-8	-9	det1=true
[20101]	121	133	-21	-10	-8	9	det1=true
[20102]	121	133	-13	5	-12	2	det1=true
[20103]	122	133	-19	-3	-8	-9	det1=true
[20104]	122	133	-28	-3	-8	9	det1=true
[20105]	123	133	-23	-26	-4	-11	det1=true
[20106]	123	133	-34	-26	-4	11	det1=true
[20107]	124	133	-19	-6	-12	-2	det1=true
[20108]	124	133	-21	-6	-12	2	det1=true
[20109]	125	133	-20	-16	-8	-9	det1=true
[20110]	125	133	-29	-16	-8	9	det1=true
[20111]	127	133	-49	-1	-7	-9	det1=true
[20112]	127	133	-58	-1	-7	9	det1=true
[20113]	127	133	-18	-14	-7	-10	det1=true
[20114]	127	133	-28	-14	-7	10	det1=true
[20115]	128	133	-47	-39	-6	-9	det1=true
[20116]	128	133	-56	-39	-6	9	det1=true
[20117]	130	133	-40	1	-12	-1	det1=true
[20118]	130	133	-41	1	-12	1	det1=true
[20119]	130	133	-36	-1	-8	-9	det1=true
[20120]	131	133	-49	-3	-10	-6	det1=true
[20121]	131	133	-55	-3	-10	6	det1=true
[20122]	133	133	-50	-23	-3	-11	det1=true
[20123]	133	133	-61	-23	-3	11	det1=true
[20124]	56	134	-13	-14	-1	-8	det1=true
[20125]	56	134	-21	-14	-1	8	det1=true
[20126]	57	134	-15	-16	-1	-8	det1=true
[20127]	57	134	-23	-16	-1	8	det1=true
[20128]	59	134	-19	-6	-2	-8	det1=true
[20129]	59	134	-27	-6	-2	8	det1=true
[20130]	60	134	-19	-22	-1	-8	det1=true
[20131]	72	134	-35	-28	-8	-2	det1=true
[20132]	72	134	-37	-28	-8	2	det1=true
[20133]	82	134	-11	0	-8	-6	det1=true
[20134]	82	134	-10	-1	-6	-8	det1=true
[20135]	82	134	-18	-1	-6	8	det1=true
[20136]	83	134	-41	-3	-8	5	det1=true
[20137]	86	134	-27	-12	-1	10	det1=true
[20138]	88	134	-16	-11	-2	-10	det1=true
[20139]	88	134	-26	-11	-2	10	det1=true
[20140]	96	134	-35	-14	-10	-2	det1=true
[20141]	96	134	-37	-14	-10	2	det1=true
[20142]	96	134	-25	-11	-8	7	det1=true
[20143]	101	134	-33	-1	-8	-7	det1=true
[20144]	102	134	-28	1	-6	-9	det1=true
[20145]	102	134	-37	1	-6	9	det1=true
[20146]	104	134	-51	-15	-10	-1	det1=true
[20147]	104	134	-52	-15	-10	1	det1=true
[20148]	104	134	-39	-23	-10	3	det1=true
[20149]	104	134	-15	-9	-11	-2	det1=true
[20150]	104	134	-17	-9	-11	2	det1=true
[20151]	105	134	-40	3	-8	-7	det1=true
[20152]	105	134	-47	3	-8	7	det1=true
[20153]	107	134	-42	-15	-6	9	det1=true
[20154]	112	134	-14	-3	-10	-6	det1=true
[20155]	112	134	-20	-3	-10	6	det1=true
[20156]	112	134	-13	1	-11	-4	det1=true
[20157]	112	134	-17	1	-11	4	det1=true
[20158]	119	134	-65	-23	-3	10	det1=true
[20159]	121	134	-42	-35	-6	-9	det1=true
[20160]	121	134	-51	-35	-6	9	det1=true
[20161]	127	134	-25	-19	-9	-8	det1=true
[20162]	127	134	-33	-19	-9	8	det1=true
[20163]	128	134	-33	-7	-8	-9	det1=true
[20164]	128	134	-42	-7	-8	9	det1=true
[20165]	133	134	-29	-9	-3	-12	det1=true
[20166]	133	134	-41	-9	-3	12	det1=true
[20167]	133	134	-31	-19	-10	-7	det1=true
[20168]	133	134	-38	-19	-10	7	det1=true
[20169]	134	134	-64	-43	-10	3	det1=true
[20170]	134	134	-44	-27	-6	-10	det1=true
[20171]	134	134	-54	-27	-6	10	det1=true
[20172]	41	135	-6	-7	-1	-7	det1=true
[20173]	77	135	-24	-19	-7	-6	det1=true
[20174]	77	135	-30	-19	-7	6	det1=true
[20175]	81	135	-7	2	-10	1	det1=true
[20176]	84	135	-20	-1	-10	-1	det1=true
[20177]	84	135	-21	-1	-10	1	det1=true
[20178]	87	135	-18	-2	-2	-10	det1=true
[20179]	87	135	-28	-2	-2	10	det1=true
[20180]	92	135	-26	-17	-10	-2	det1=true
[20181]	92	135	-28	-17	-10	2	det1=true
[20182]	93	135	-31	-13	-10	-2	det1=true
[20183]	95	135	-43	-2	-10	-1	det1=true
[20184]	95	135	-44	-2	-10	1	det1=true
[20185]	95	135	-34	-20	-1	-10	det1=true
[20186]	95	135	-44	-20	-1	10	det1=true
[20187]	98	135	-16	-15	-4	-10	det1=true
[20188]	99	135	-28	-10	-8	-7	det1=true
[20189]	99	135	-35	-10	-8	7	det1=true
[20190]	100	135	-37	-22	-2	-10	det1=true
[20191]	100	135	-47	-22	-2	10	det1=true
[20192]	102	135	-18	-11	-2	11	det1=true
[20193]	103	135	-14	-9	-11	-2	det1=true
[20194]	104	135	-23	-23	-6	-9	det1=true
[20195]	105	135	-15	-4	-7	9	det1=true
[20196]	105	135	-5	-6	-3	-11	det1=true
[20197]	117	135	-1	-2	-5	-11	det1=true
[20198]	117	135	-12	-2	-5	11	det1=true
[20199]	121	135	-8	-7	-7	-10	det1=true
[20200]	121	135	-18	-7	-7	10	det1=true
[20201]	126	135	-32	-27	-4	-11	det1=true
[20202]	126	135	-43	-27	-4	11	det1=true
[20203]	127	135	-61	-55	-9	-3	det1=true
[20204]	127	135	-64	-55	-9	3	det1=true
[20205]	127	135	-58	-58	-3	-9	det1=true
[20206]	127	135	-67	-58	-3	9	det1=true
[20207]	127	135	-60	-46	-10	-1	det1=true
[20208]	127	135	-33	-28	-4	-11	det1=true
[20209]	127	135	-44	-28	-4	11	det1=true
[20210]	128	135	-30	-5	-2	-12	det1=true
[20211]	129	135	-48	-22	-7	-9	det1=true
[20212]	133	135	-54	-2	-11	-4	det1=true
[20213]	30	136	-7	-3	-6	-1	det1=true
[20214]	30	136	-8	-3	-6	1	det1=true
[20215]	32	136	-4	-1	-6	-2	det1=true
[20216]	32	136	-6	-1	-6	2	det1=true
[20217]	48	136	-23	-12	-7	-2	det1=true
[20218]	48	136	-25	-12	-7	2	det1=true
[20219]	74	136	-21	-16	-9	-2	det1=true
[20220]	74	136	-23	-16	-9	2	det1=true
[20221]	78	136	-29	-1	-8	-5	det1=true
[20222]	78	136	-34	-1	-8	5	det1=true
[20223]	90	136	-31	2	-10	-2	det1=true
[20224]	90	136	-33	2	-10	2	det1=true
[20225]	91	136	-29	-20	-8	-6	det1=true
[20226]	91	136	-28	-21	-6	-8	det1=true
[20227]	93	136	-18	1	-8	-7	det1=true
[20228]	93	136	-25	1	-8	7	det1=true
[20229]	97	136	-28	-19	-10	-3	det1=true
[20230]	97	136	-28	1	-10	4	det1=true
[20231]	100	136	-9	0	-11	-2	det1=true
[20232]	100	136	-11	0	-11	2	det1=true
[20233]	103	136	-24	-13	-2	11	det1=true
[20234]	109	136	-39	-15	-6	-9	det1=true
[20235]	115	136	-51	0	-4	-10	det1=true
[20236]	115	136	-61	0	-4	10	det1=true
[20237]	116	136	-41	-11	-2	-11	det1=true
[20238]	116	136	-52	-11	-2	11	det1=true
[20239]	121	136	-38	-19	-10	6	det1=true
[20240]	121	136	-15	3	-7	-10	det1=true
[20241]	122	136	-21	-14	-9	-8	det1=true
[20242]	122	136	-29	-14	-9	8	det1=true
[20243]	130	136	-41	-1	-9	-8	det1=true
[20244]	130	136	-49	-1	-9	8	det1=true
[20245]	133	136	-105	-3	-3	8	det1=true
[20246]	53	133	-15	-10	-6	-5	det1=true
[20247]	53	133	-20	-10	-6	5	det1=true
[20248]	58	133	-17	-15	-4	-7	det1=true
[20249]	58	133	-24	-15	-4	7	det1=true
[20250]	68	133	-31	-7	-8	-3	det1=true
[20251]	68	133	-34	-7	-8	3	det1=true
[20252]	69	133	-22	-21	-5	-7	det1=true
[20253]	73	133	-16	-10	-6	-7	det1=true
[20254]	73	133	-23	-10	-6	7	det1=true
[20255]	76	133	-25	-12	-9	-2	det1=true
[20256]	76	133	-27	-12	-9	2	det1=true
[20257]	82	133	-19	1	-9	-4	det1=true
[20258]	82	133	-23	1	-9	4	det1=true
[20259]	87	133	-21	-10	-10	-1	det1=true
[20260]	87	133	-22	-10	-10	1	det1=true
[20261]	89	133	-26	-20	-9	-4	det1=true
[20262]	93	133	-41	-23	-3	-9	det1=true
[20263]	93	133	-50	-23	-3	9	det1=true
[20264]	95	133	-32	-14	-9	5	det1=true
[20265]	97	133	-40	-4	-9	5	det1=true
[20266]	97	133	-18	-12	-7	-8	det1=true
[20267]	97	133	-26	-12	-7	8	det1=true
[20268]	99	133	-40	-38	-5	-8	det1=true
[20269]	99	133	-48	-38	-5	8	det1=true
[20270]	100	133	-49	-36	-9	-2	det1=true
[20271]	100	133	-51	-36	-9	2	det1=true
[20272]	102	133	-27	-10	-10	-4	det1=true
[20273]	102	133	-31	-10	-10	4	det1=true
[20274]	103	133	-13	-14	-1	-11	det1=true
[20275]	103	133	-24	-14	-1	11	det1=true
[20276]	104	133	-44	1	-10	-3	det1=true
[20277]	104	133	-34	-1	-10	-4	det1=true
[20278]	104	133	-38	-1	-10	4	det1=true
[20279]	105	133	-48	-22	-10	-1	det1=true
[20280]	109	133	-12	-12	-3	-11	det1=true
[20281]	112	133	-9	2	-11	-4	det1=true
[20282]	112	133	-13	2	-11	4	det1=true
[20283]	117	133	-50	-4	-4	-10	det1=true
[20284]	117	133	-60	-4	-4	10	det1=true
[20285]	118	133	-57	-8	-10	4	det1=true
[20286]	119	133	-37	-2	-3	-11	det1=true
[20287]	119	133	-48	-2	-3	11	det1=true
[20288]	119	133	-8	-2	-1	-12	det1=true
[20289]	119	133	-20	-2	-1	12	det1=true
[20290]	123	133	-10	-6	-10	-7	det1=true
[20291]	123	133	-17	-6	-10	7	det1=true
[20292]	74	134	-23	-12	-9	2	det1=true
[20293]	80	134	-22	-19	-8	-5	det1=true
[20294]	80	134	-27	-19	-8	5	det1=true
[20295]	83	134	-31	-15	-5	-8	det1=true
[20296]	83	134	-39	-15	-5	8	det1=true
[20297]	88	134	-5	3	-10	-3	det1=true
[20298]	88	134	-8	3	-10	3	det1=true
[20299]	95	134	-20	3	-8	-7	det1=true
[20300]	95	134	-27	3	-8	7	det1=true
[20301]	96	134	-18	-11	-8	-7	det1=true
[20302]	101	134	-47	-41	-9	-2	det1=true
[20303]	101	134	-49	-41	-9	2	det1=true
[20304]	104	134	-45	-23	-1	-10	det1=true
[20305]	104	134	-36	-23	-10	-3	det1=true
[20306]	108	134	-49	-26	-10	2	det1=true
[20307]	116	134	-38	-33	-10	-4	det1=true
[20308]	116	134	-42	-33	-10	4	det1=true
[20309]	122	134	-56	-17	-10	-4	det1=true
[20310]	122	134	-60	-17	-10	4	det1=true
[20311]	125	134	-20	-13	-12	-2	det1=true
[20312]	126	134	-55	-26	-4	-10	det1=true
[20313]	126	134	-65	-26	-4	10	det1=true
[20314]	126	134	-41	-11	-11	-4	det1=true
[20315]	126	134	-45	-11	-11	4	det1=true
[20316]	129	134	-41	-17	-4	-11	det1=true
[20317]	134	134	-63	-27	-9	-6	det1=true
[20318]	134	134	-69	-27	-9	6	det1=true
[20319]	134	134	-61	-43	-10	-3	det1=true
[20320]	134	134	-57	-59	-4	-9	det1=true
[20321]	134	134	-66	-59	-4	9	det1=true
[20322]	45	135	-19	-14	-7	-1	det1=true
[20323]	45	135	-20	-14	-7	1	det1=true
[20324]	56	135	-19	-5	-4	-7	det1=true
[20325]	56	135	-26	-5	-4	7	det1=true
[20326]	78	135	-23	-12	-5	-8	det1=true
[20327]	78	135	-31	-12	-5	8	det1=true
[20328]	93	135	-33	-13	-10	2	det1=true
[20329]	93	135	-10	-10	-7	-8	det1=true
[20330]	93	135	-18	-10	-7	8	det1=true
[20331]	95	135	-28	-22	-2	-10	det1=true
[20332]	95	135	-38	-22	-2	10	det1=true
[20333]	103	135	-42	-28	-1	-10	det1=true
[20334]	103	135	-52	-28	-1	10	det1=true
[20335]	104	135	-32	-23	-6	9	det1=true
[20336]	107	135	-16	-3	-9	-7	det1=true
[20337]	107	135	-23	-3	-9	7	det1=true
[20338]	107	135	-15	-4	-7	-9	det1=true
[20339]	107	135	-24	-4	-7	9	det1=true
[20340]	109	135	-22	-3	-9	-7	det1=true
[20341]	109	135	-29	-3	-9	7	det1=true
[20342]	120	135	-56	-23	-10	4	det1=true
[20343]	121	135	-57	-32	-8	7	det1=true
[20344]	121	135	-52	-2	-11	-2	det1=true
[20345]	124	135	-45	-43	-7	-8	det1=true
[20346]	124	135	-53	-43	-7	8	det1=true
[20347]	126	135	-47	-27	-2	-11	det1=true
[20348]	126	135	-58	-27	-2	11	det1=true
[20349]	127	135	-54	-2	-11	-3	det1=true
[20350]	127	135	-57	-2	-11	3	det1=true
[20351]	127	135	-12	4	-11	-6	det1=true
[20352]	127	135	-18	4	-11	6	det1=true
[20353]	128	135	-59	-9	-11	-2	det1=true
[20354]	128	135	-61	-9	-11	2	det1=true
[20355]	128	135	-38	-23	-4	-11	det1=true
[20356]	128	135	-49	-23	-4	11	det1=true
[20357]	129	135	-47	-24	-3	-11	det1=true
[20358]	129	135	-58	-24	-3	11	det1=true
[20359]	129	135	-38	-1	-11	-5	det1=true
[20360]	129	135	-43	-1	-11	5	det1=true
[20361]	129	135	-18	-2	-11	-6	det1=true
[20362]	129	135	-24	-2	-11	6	det1=true
[20363]	130	135	-53	-38	-9	-6	det1=true
[20364]	130	135	-59	-38	-9	6	det1=true
[20365]	50	136	-11	-3	-5	-6	det1=true
[20366]	50	136	-17	-3	-5	6	det1=true
[20367]	83	136	-21	-13	-9	-4	det1=true
[20368]	83	136	-25	-13	-9	4	det1=true
[20369]	92	136	-41	-10	-9	-4	det1=true
[20370]	92	136	-45	-10	-9	4	det1=true
[20371]	93	136	-14	3	-10	4	det1=true
[20372]	97	136	-43	-2	-10	-2	det1=true
[20373]	97	136	-45	-2	-10	2	det1=true
[20374]	97	136	-24	1	-10	-4	det1=true
[20375]	103	136	-40	-33	-6	-8	det1=true
[20376]	104	136	-45	-34	-9	-4	det1=true
[20377]	104	136	-49	-34	-9	4	det1=true
[20378]	107	136	-45	-16	-3	-10	det1=true
[20379]	107	136	-23	-17	-11	-2	det1=true
[20380]	115	136	-48	-33	-10	-3	det1=true
[20381]	115	136	-41	-30	-4	-10	det1=true
[20382]	115	136	-51	-30	-4	10	det1=true
[20383]	118	136	-45	-16	-11	-2	det1=true
[20384]	118	136	-47	-16	-11	2	det1=true
[20385]	119	136	-55	-3	-6	-9	det1=true
[20386]	119	136	-64	-3	-6	9	det1=true
[20387]	124	136	-39	-9	-4	-11	det1=true
[20388]	124	136	-50	-9	-4	11	det1=true
[20389]	127	136	-53	-45	-3	-10	det1=true
[20390]	128	136	-37	2	-12	-2	det1=true
[20391]	129	136	-58	-33	-10	-4	det1=true
[20392]	129	136	-62	-33	-10	4	det1=true
[20393]	131	136	-41	-7	-8	-9	det1=true
[20394]	131	136	-50	-7	-8	9	det1=true
[20395]	134	136	-69	-31	-9	6	det1=true
[20396]	136	136	-53	3	-12	-1	det1=true
[20397]	136	136	-54	3	-12	1	det1=true
[20398]	66	133	-23	-12	-3	-8	det1=true
[20399]	67	133	-9	3	-9	1	det1=true
[20400]	73	133	-22	0	-9	-2	det1=true
[20401]	73	133	-24	0	-9	2	det1=true
[20402]	73	133	-15	-12	-2	-9	det1=true
[20403]	79	133	-29	-14	-2	-9	det1=true
[20404]	79	133	-38	-14	-2	9	det1=true
[20405]	83	133	-32	-29	-1	-9	det1=true
[20406]	83	133	-41	-29	-1	9	det1=true
[20407]	97	133	-40	-40	-6	-7	det1=true
[20408]	97	133	-47	-40	-6	7	det1=true
[20409]	100	133	-30	3	-8	-7	det1=true
[20410]	100	133	-37	3	-8	7	det1=true
[20411]	105	133	-49	-22	-10	1	det1=true
[20412]	121	133	-11	5	-12	-2	det1=true
[20413]	125	133	-41	-27	-11	3	det1=true
[20414]	126	133	-61	-33	-7	8	det1=true
[20415]	127	133	-41	-25	-7	-9	det1=true
[20416]	127	133	-50	-25	-7	9	det1=true
[20417]	130	133	-57	-27	-6	-9	det1=true
[20418]	130	133	-66	-27	-6	9	det1=true
[20419]	62	134	-27	-18	-7	-4	det1=true
[20420]	90	134	-18	-17	-2	-10	det1=true
[20421]	90	134	-28	-17	-2	10	det1=true
[20422]	97	134	-43	-15	-4	-9	det1=true
[20423]	99	134	-38	-25	-10	-1	det1=true
[20424]	100	134	-19	-16	-4	-10	det1=true
[20425]	121	134	-51	-35	-3	-10	det1=true
[20426]	121	134	-61	-35	-3	10	det1=true
[20427]	122	134	-54	-41	-10	-2	det1=true
[20428]	122	134	-56	-41	-10	2	det1=true
[20429]	122	134	-36	-33	-2	-11	det1=true
[20430]	122	134	-47	-33	-2	11	det1=true
[20431]	125	134	-53	-39	-3	-10	det1=true
[20432]	128	134	-37	-5	-12	-1	det1=true
[20433]	132	134	-47	-11	-4	-11	det1=true
[20434]	132	134	-58	-11	-4	11	det1=true
[20435]	21	135	-2	-3	-1	-5	det1=true
[20436]	21	135	-7	-3	-1	5	det1=true
[20437]	65	135	-26	-29	-1	-8	det1=true
[20438]	65	135	-34	-29	-1	8	det1=true
[20439]	81	135	-6	2	-10	-1	det1=true
[20440]	92	135	-22	-21	-2	-10	det1=true
[20441]	92	135	-32	-21	-2	10	det1=true
[20442]	93	135	-27	-17	-2	-10	det1=true
[20443]	93	135	-37	-17	-2	10	det1=true
[20444]	96	135	-27	-26	-2	-10	det1=true
[20445]	96	135	-37	-26	-2	10	det1=true
[20446]	102	135	-7	-11	-2	-11	det1=true
[20447]	103	135	-21	-7	-1	-11	det1=true
[20448]	103	135	-32	-7	-1	11	det1=true
[20449]	108	135	-47	-31	-1	-10	det1=true
[20450]	108	135	-57	-31	-1	10	det1=true
[20451]	114	135	-46	-15	-4	-10	det1=true
[20452]	114	135	-56	-15	-4	10	det1=true
[20453]	115	135	-33	-7	-7	-9	det1=true
[20454]	115	135	-42	-7	-7	9	det1=true
[20455]	119	135	-33	-22	-7	-9	det1=true
[20456]	119	135	-42	-22	-7	9	det1=true
[20457]	119	135	-3	-5	-2	-12	det1=true
[20458]	119	135	-15	-5	-2	12	det1=true
[20459]	121	135	-50	-32	-8	-7	det1=true
[20460]	124	135	-43	-42	-4	-10	det1=true
[20461]	124	135	-53	-42	-4	10	det1=true
[20462]	127	135	-49	-15	-9	-7	det1=true
[20463]	135	135	-60	-4	-7	-9	det1=true
[20464]	135	135	-69	-4	-7	9	det1=true
[20465]	135	135	-44	-4	-5	-11	det1=true
[20466]	135	135	-55	-4	-5	11	det1=true
[20467]	20	136	-7	1	-3	4	det1=true
[20468]	88	136	-19	-14	-10	-2	det1=true
[20469]	88	136	-21	-14	-10	2	det1=true
[20470]	102	136	-43	-18	-2	-10	det1=true
[20471]	102	136	-53	-18	-2	10	det1=true
[20472]	103	136	-48	-33	-6	8	det1=true
[20473]	105	136	-31	-20	-4	-10	det1=true
[20474]	105	136	-41	-20	-4	10	det1=true
[20475]	131	136	-39	-14	-9	-8	det1=true
[20476]	131	136	-47	-14	-9	8	det1=true
[20477]	134	136	-35	-6	-3	-12	det1=true
[20478]	134	136	-47	-6	-3	12	det1=true
[20479]	136	136	-63	-54	-8	-6	det1=true
[20480]	136	136	-69	-54	-8	6	det1=true
[20481]	67	133	-8	3	-9	-1	det1=true
[20482]	69	133	-29	-21	-5	7	det1=true
[20483]	99	133	-37	-13	-2	-10	det1=true
[20484]	99	133	-47	-13	-2	10	det1=true
[20485]	105	133	-39	-23	-5	-9	det1=true
[20486]	105	133	-48	-23	-5	9	det1=true
[20487]	120	133	-31	0	-6	-10	det1=true
[20488]	121	133	-51	-23	-10	-4	det1=true
[20489]	121	133	-55	-23	-10	4	det1=true
[20490]	125	133	-38	-27	-11	-3	det1=true
[20491]	63	134	-32	-23	-4	7	det1=true
[20492]	69	134	-23	4	-8	-4	det1=true
[20493]	82	134	-17	0	-8	6	det1=true
[20494]	92	134	-33	-12	-8	-6	det1=true
[20495]	92	134	-39	-12	-8	6	det1=true
[20496]	92	134	-32	-13	-6	-8	det1=true
[20497]	92	134	-40	-13	-6	8	det1=true
[20498]	93	134	-37	-32	-5	-8	det1=true
[20499]	93	134	-45	-32	-5	8	det1=true
[20500]	95	134	-31	-24	-6	-8	det1=true
[20501]	100	134	-29	-16	-4	10	det1=true
[20502]	104	134	-55	-23	-1	10	det1=true
[20503]	128	134	-38	-5	-12	1	det1=true
[20504]	21	135	-5	1	-5	-1	det1=true
[20505]	21	135	-6	1	-5	1	det1=true
[20506]	21	135	-4	-1	-5	-1	det1=true
[20507]	21	135	-5	-1	-5	1	det1=true
[20508]	96	135	-31	-22	-10	-2	det1=true
[20509]	96	135	-33	-22	-10	2	det1=true
[20510]	96	135	-23	-5	-8	-7	det1=true
[20511]	96	135	-30	-5	-8	7	det1=true
[20512]	101	135	-7	-2	-2	-11	det1=true
[20513]	101	135	-18	-2	-2	11	det1=true
[20514]	104	135	-47	-18	-10	-2	det1=true
[20515]	104	135	-49	-18	-10	2	det1=true
[20516]	121	135	-63	-41	-2	10	det1=true
[20517]	127	135	-35	3	-11	-5	det1=true
[20518]	129	135	-31	-8	-10	-7	det1=true
[20519]	129	135	-38	-8	-10	7	det1=true
[20520]	131	135	-63	-17	-11	-1	det1=true
[20521]	131	135	-64	-17	-11	1	det1=true
[20522]	135	135	-38	-22	-5	-11	det1=true
[20523]	64	136	-26	-5	-8	-3	det1=true
[20524]	64	136	-29	-5	-8	3	det1=true
[20525]	69	136	-30	-29	-2	-8	det1=true
[20526]	69	136	-38	-29	-2	8	det1=true
[20527]	77	136	-31	-9	-7	-6	det1=true
[20528]	77	136	-37	-9	-7	6	det1=true
[20529]	85	136	-24	3	-6	-8	det1=true
[20530]	85	136	-32	3	-6	8	det1=true
[20531]	89	136	-34	-11	-4	-9	det1=true
[20532]	89	136	-43	-11	-4	9	det1=true
[20533]	91	136	-37	4	-8	-6	det1=true
[20534]	91	136	-43	4	-8	6	det1=true
[20535]	97	136	-21	-2	-4	-10	det1=true
[20536]	97	136	-31	-2	-4	10	det1=true
[20537]	112	136	-51	-2	-7	-8	det1=true
[20538]	112	136	-59	-2	-7	8	det1=true
[20539]	117	136	-43	-17	-11	-2	det1=true
[20540]	117	136	-45	-17	-11	2	det1=true
[20541]	124	136	-29	2	-12	-2	det1=true
[20542]	128	136	-27	-20	-12	-2	det1=true
[20543]	128	136	-29	-20	-12	2	det1=true
[20544]	100	133	-33	-9	-3	-10	det1=true
[20545]	100	133	-43	-9	-3	10	det1=true
[20546]	103	133	-36	-15	-3	-10	det1=true
[20547]	103	133	-46	-15	-3	10	det1=true
[20548]	108	133	-43	-1	-8	-7	det1=true
[20549]	108	133	-50	-1	-8	7	det1=true
[20550]	118	133	-27	-4	-11	-4	det1=true
[20551]	118	133	-31	-4	-11	4	det1=true
[20552]	120	133	-41	0	-6	10	det1=true
[20553]	125	133	-34	-31	-3	-11	det1=true
[20554]	127	133	-48	-3	-3	-11	det1=true
[20555]	127	133	-59	-3	-3	11	det1=true
[20556]	129	133	-55	-25	-11	-1	det1=true
[20557]	129	133	-56	-25	-11	1	det1=true
[20558]	131	133	-29	-22	-8	-9	det1=true
[20559]	131	133	-38	-22	-8	9	det1=true
[20560]	60	134	-25	-2	-8	-2	det1=true
[20561]	60	134	-27	-2	-8	2	det1=true
[20562]	62	134	-27	-10	-8	-2	det1=true
[20563]	88	134	-19	-2	-2	-10	det1=true
[20564]	88	134	-29	-2	-2	10	det1=true
[20565]	95	134	-39	-24	-6	8	det1=true
[20566]	100	134	-22	-13	-10	-4	det1=true
[20567]	100	134	-26	-13	-10	4	det1=true
[20568]	112	134	-43	-42	-8	-6	det1=true
[20569]	112	134	-49	-42	-8	6	det1=true
[20570]	122	134	-50	-45	-2	-10	det1=true
[20571]	122	134	-60	-45	-2	10	det1=true
[20572]	130	134	-49	-2	-11	-4	det1=true
[20573]	130	134	-53	-2	-11	4	det1=true
[20574]	65	135	-18	-16	-7	-5	det1=true
[20575]	65	135	-23	-16	-7	5	det1=true
[20576]	68	135	0	1	-2	-9	det1=true
[20577]	68	135	-9	1	-2	9	det1=true
[20578]	94	135	-29	-25	-1	-10	det1=true
[20579]	114	135	-41	-7	-11	-2	det1=true
[20580]	114	135	-43	-7	-11	2	det1=true
[20581]	120	135	-23	-23	-4	-11	det1=true
[20582]	120	135	-34	-23	-4	11	det1=true
[20583]	121	135	-53	-41	-2	-10	det1=true
[20584]	123	135	-22	-11	-11	-5	det1=true
[20585]	123	135	-27	-11	-11	5	det1=true
[20586]	127	135	-40	3	-11	5	det1=true
[20587]	132	135	-30	-23	-2	-12	det1=true
[20588]	132	135	-42	-23	-2	12	det1=true
[20589]	87	136	-21	-16	-1	-10	det1=true
[20590]	93	136	-10	3	-10	-4	det1=true
[20591]	52	133	-16	3	-6	-5	det1=true
[20592]	52	133	-21	3	-6	5	det1=true
[20593]	58	133	-20	-13	-8	-1	det1=true
[20594]	58	133	-21	-13	-8	1	det1=true
[20595]	66	133	-29	-25	-7	-4	det1=true
[20596]	66	133	-33	-25	-7	4	det1=true
[20597]	97	133	-43	1	-8	-6	det1=true
[20598]	97	133	-49	1	-8	6	det1=true
[20599]	100	133	-48	-3	-10	-1	det1=true
[20600]	100	133	-49	-3	-10	1	det1=true
[20601]	105	133	-28	3	-11	-1	det1=true
[20602]	105	133	-29	3	-11	1	det1=true
[20603]	133	133	-20	-8	-6	-11	det1=true
[20604]	133	133	-31	-8	-6	11	det1=true
[20605]	40	134	-17	-9	-3	-6	det1=true
[20606]	104	135	-17	-7	-2	-11	det1=true
[20607]	104	135	-28	-7	-2	11	det1=true
[20608]	110	135	-37	-28	-7	-8	det1=true
[20609]	110	135	-45	-28	-7	8	det1=true
[20610]	114	135	-45	-25	-7	-8	det1=true
[20611]	114	135	-53	-25	-7	8	det1=true
[20612]	125	135	-53	-17	-1	-11	det1=true
[20613]	125	135	-64	-17	-1	11	det1=true
[20614]	127	135	-56	-15	-9	7	det1=true
[20615]	43	136	-8	-1	-2	-7	det1=true
[20616]	43	136	-15	-1	-2	7	det1=true
[20617]	79	136	-10	-7	-4	-9	det1=true
[20618]	79	136	-19	-7	-4	9	det1=true
[20619]	115	136	-54	3	-10	-4	det1=true
[20620]	115	136	-58	3	-10	4	det1=true
[20621]	124	136	-31	2	-12	2	det1=true
[20622]	130	136	-36	-3	-10	-7	det1=true
[20623]	130	136	-43	-3	-10	7	det1=true
[20624]	37	133	-15	-12	-4	-5	det1=true
[20625]	37	133	-20	-12	-4	5	det1=true
[20626]	65	133	-22	-2	-5	-7	det1=true
[20627]	65	133	-29	-2	-5	7	det1=true
[20628]	66	133	-27	-28	-1	-8	det1=true
[20629]	66	133	-35	-28	-1	8	det1=true
[20630]	93	133	-44	-20	-9	-3	det1=true
[20631]	99	133	-4	5	-11	-1	det1=true
[20632]	99	133	-5	5	-11	1	det1=true
[20633]	101	134	-31	-8	-7	-8	det1=true
[20634]	101	134	-39	-8	-7	8	det1=true
[20635]	107	134	-48	-27	-8	-6	det1=true
[20636]	113	134	-36	-29	-4	-10	det1=true
[20637]	113	134	-46	-29	-4	10	det1=true
[20638]	123	134	-47	-15	-2	-11	det1=true
[20639]	123	134	-58	-15	-2	11	det1=true
[20640]	125	134	-44	-41	-4	-10	det1=true
[20641]	130	134	-27	-5	-12	-3	det1=true
[20642]	130	134	-30	-5	-12	3	det1=true
[20643]	93	135	-49	-20	-9	3	det1=true
[20644]	107	135	-18	-2	-11	-3	det1=true
[20645]	107	135	-21	-2	-11	3	det1=true
[20646]	127	135	-60	-4	-7	9	det1=true
[20647]	72	136	-21	-4	-7	-6	det1=true
[20648]	72	136	-27	-4	-7	6	det1=true
[20649]	99	136	-25	-6	-4	-10	det1=true
[20650]	99	136	-35	-6	-4	10	det1=true
[20651]	100	136	-41	-24	-1	-10	det1=true
[20652]	100	136	-51	-24	-1	10	det1=true
[20653]	88	133	-25	-8	-8	-6	det1=true
[20654]	88	133	-31	-8	-8	6	det1=true
[20655]	92	133	-35	0	-8	-6	det1=true
[20656]	92	133	-41	0	-8	6	det1=true
[20657]	107	134	-54	-27	-8	6	det1=true
[20658]	125	134	-54	-41	-4	10	det1=true
[20659]	125	134	-42	-31	-2	-11	det1=true
[20660]	125	134	-53	-31	-2	11	det1=true
[20661]	99	135	-40	-24	-10	-1	det1=true
[20662]	99	135	-41	-24	-10	1	det1=true
[20663]	127	135	-51	-4	-7	-9	det1=true
[20664]	84	136	-29	-25	-8	-5	det1=true
[20665]	84	136	-34	-25	-8	5	det1=true
[20666]	101	136	-47	-28	-8	6	det1=true
[20667]	128	136	-47	-4	-6	-10	det1=true
[20668]	128	136	-57	-4	-6	10	det1=true
[20669]	86	133	-31	-30	-7	-6	det1=true
[20670]	86	133	-37	-30	-7	6	det1=true
[20671]	95	133	-28	-10	-5	-9	det1=true
[20672]	95	133	-37	-10	-5	9	det1=true
[20673]	117	133	-53	-1	-10	-4	det1=true
[20674]	117	133	-57	-1	-10	4	det1=true
[20675]	120	133	-43	-32	-4	-10	det1=true
[20676]	120	133	-53	-32	-4	10	det1=true
[20677]	124	133	-14	-11	-2	-12	det1=true
[20678]	124	133	-26	-11	-2	12	det1=true
[20679]	99	134	-29	3	-7	-8	det1=true
[20680]	99	134	-37	3	-7	8	det1=true
[20681]	122	134	-27	-21	-4	-11	det1=true
[20682]	122	134	-38	-21	-4	11	det1=true
[20683]	56	135	-22	-3	-8	-1	det1=true
[20684]	56	135	-23	-3	-8	1	det1=true
[20685]	127	135	-54	-20	-11	-2	det1=true
[20686]	127	135	-56	-20	-11	2	det1=true
[20687]	93	136	-33	-20	-8	-6	det1=true
[20688]	93	136	-39	-20	-8	6	det1=true
[20689]	115	136	-44	-27	-10	-4	det1=true
[20690]	115	136	-48	-27	-10	4	det1=true
[20691]	117	136	-44	-31	-10	-4	det1=true
[20692]	117	136	-48	-31	-10	4	det1=true
[20693]	82	133	1	-2	-1	-10	det1=true
[20694]	82	133	-9	-2	-1	10	det1=true
[20695]	57	134	-23	-5	-8	-1	det1=true
[20696]	57	134	-24	-5	-8	1	det1=true
[20697]	79	134	-7	1	-4	-9	det1=true
[20698]	79	134	-16	1	-4	9	det1=true
[20699]	113	134	-43	-24	-7	-8	det1=true
[20700]	113	134	-51	-24	-7	8	det1=true
[20701]	75	135	-16	-1	-3	-9	det1=true
[20702]	92	135	-31	-15	-1	-10	det1=true
[20703]	92	135	-41	-15	-1	10	det1=true
[20704]	49	136	-7	3	-6	-5	det1=true
[20705]	54	136	0	1	-2	-8	det1=true
[20706]	54	136	-8	1	-2	8	det1=true
[20707]	80	136	-7	2	-8	-6	det1=true
[20708]	80	136	-13	2	-8	6	det1=true
[20709]	101	136	-41	-28	-8	-6	det1=true
[20710]	106	133	-45	-12	-7	8	det1=true
[20711]	71	134	-11	-9	-6	-7	det1=true
[20712]	71	134	-18	-9	-6	7	det1=true
[20713]	43	135	-14	-10	-1	-7	det1=true
[20714]	43	135	-21	-10	-1	7	det1=true
[20715]	62	135	-27	-8	-2	-8	det1=true
[20716]	129	136	-43	-22	-11	-4	det1=true
[20717]	129	136	-47	-22	-11	4	det1=true
[20718]	100	133	-18	-15	-10	-4	det1=true
[20719]	100	133	-22	-15	-10	4	det1=true
[20720]	106	133	-37	-12	-7	-8	det1=true
[20721]	116	133	-39	-28	-9	-6	det1=true
[20722]	116	133	-45	-28	-9	6	det1=true
[20723]	102	135	-37	-33	-1	-10	det1=true
[20724]	102	135	-47	-33	-1	10	det1=true
[20725]	135	135	-47	-1	-11	-5	det1=true
[20726]	121	133	-54	-20	-7	-8	det1=true
[20727]	121	133	-62	-20	-7	8	det1=true
[20728]	124	134	-26	-11	-12	-1	det1=true
[20729]	124	134	-27	-11	-12	1	det1=true
[20730]	109	133	-52	-40	-8	-5	det1=true
[20731]	50	136	-12	-1	-6	-5	det1=true
[20732]	50	136	-17	-1	-6	5	det1=true
[20733]	43	133	-12	-9	-1	-7	det1=true
[20734]	43	133	-19	-9	-1	7	det1=true
[20735]	100	134	-25	2	-4	-10	det1=true
[20736]	100	134	-35	2	-4	10	det1=true
[20737]	96	136	-42	-19	-4	-9	det1=true
[20738]	96	136	-51	-19	-4	9	det1=true
[20739]	73	133	-24	-12	-9	-1	det1=true
[20740]	105	133	-23	-2	-1	-11	det1=true
[20741]	105	133	-34	-2	-1	11	det1=true
[20742]	128	133	-25	-19	-8	-9	det1=true
[20743]	128	133	-34	-19	-8	9	det1=true
[20744]	128	134	-55	-41	-3	-10	det1=true
[20745]	128	134	-65	-41	-3	10	det1=true
[20746]	69	136	-33	-26	-8	-2	det1=true
[20747]	115	136	-22	-9	-4	-11	det1=true
[20748]	115	136	-33	-9	-4	11	det1=true
[20749]	113	135	-27	-26	-2	-11	det1=true
[20750]	109	136	-10	5	-10	-6	det1=true
[20751]	109	136	-16	5	-10	6	det1=true
[20752]	100	136	-47	-14	-8	-6	det1=true
[20753]	100	136	-53	-14	-8	6	det1=true
[20754]	111	136	-16	3	-6	-10	det1=true
[20755]	111	136	-26	3	-6	10	det1=true
[20756]	119	139	-55	-45	-8	-6	det1=true
[20757]	119	139	-61	-45	-8	6	det1=true
[20758]	131	139	-25	-16	-6	-11	det1=true
[20759]	131	139	-36	-16	-6	11	det1=true
[20760]	71	137	-25	-4	-1	-9	det1=true
[20761]	71	137	-34	-4	-1	9	det1=true
[20762]	91	137	-45	-35	-9	-1	det1=true
[20763]	91	137	-46	-35	-9	1	det1=true
[20764]	104	137	-36	3	-6	-9	det1=true
[20765]	104	137	-45	3	-6	9	det1=true
[20766]	107	137	1	5	-10	-6	det1=true
[20767]	107	137	-5	5	-10	6	det1=true
[20768]	110	137	-39	5	-11	-2	det1=true
[20769]	110	137	-41	5	-11	2	det1=true
[20770]	125	137	-55	-44	-5	-9	det1=true
[20771]	125	137	-64	-44	-5	9	det1=true
[20772]	137	137	-24	-12	-8	-10	det1=true
[20773]	137	137	-34	-12	-8	10	det1=true
[20774]	56	138	-16	1	-2	-8	det1=true
[20775]	56	138	-24	1	-2	8	det1=true
[20776]	89	138	-4	-3	-8	-7	det1=true
[20777]	89	138	-11	-3	-8	7	det1=true
[20778]	125	138	-47	-31	-2	-11	det1=true
[20779]	125	138	-58	-31	-2	11	det1=true
[20780]	64	139	-27	-30	-1	-8	det1=true
[20781]	64	139	-35	-30	-1	8	det1=true
[20782]	86	139	-9	-2	-3	-10	det1=true
[20783]	86	139	-19	-2	-3	10	det1=true
[20784]	104	139	-33	-19	-9	-6	det1=true
[20785]	104	139	-39	-19	-9	6	det1=true
[20786]	105	139	-32	-30	-7	-8	det1=true
[20787]	105	139	-40	-30	-7	8	det1=true
[20788]	137	139	-63	-17	-3	-11	det1=true
[20789]	137	139	-74	-17	-3	11	det1=true
[20790]	139	139	-26	-6	-11	-7	det1=true
[20791]	139	139	-33	-6	-11	7	det1=true
[20792]	125	140	-35	-10	-12	-2	det1=true
[20793]	125	140	-37	-10	-12	2	det1=true
[20794]	63	137	-23	1	-7	-5	det1=true
[20795]	63	137	-28	1	-7	5	det1=true
[20796]	63	137	-21	-5	-5	-7	det1=true
[20797]	63	137	-28	-5	-5	7	det1=true
[20798]	89	137	-32	-8	-6	-8	det1=true
[20799]	89	137	-40	-8	-6	8	det1=true
[20800]	93	137	-24	-20	-5	-9	det1=true
[20801]	93	137	-33	-20	-5	9	det1=true
[20802]	105	137	-38	-4	-4	-10	det1=true
[20803]	105	137	-48	-4	-4	10	det1=true
[20804]	111	137	-25	-6	-4	11	det1=true
[20805]	112	137	-41	-5	-11	-2	det1=true
[20806]	112	137	-43	-5	-11	2	det1=true
[20807]	112	137	-15	-14	-6	-10	det1=true
[20808]	112	137	-25	-14	-6	10	det1=true
[20809]	114	137	-45	-29	-8	-7	det1=true
[20810]	114	137	-52	-29	-8	7	det1=true
[20811]	119	137	-27	-20	-4	-11	det1=true
[20812]	119	137	-38	-20	-4	11	det1=true
[20813]	123	137	-25	-18	-12	-1	det1=true
[20814]	123	137	-26	-18	-12	1	det1=true
[20815]	125	137	-42	-41	-1	-11	det1=true
[20816]	125	137	-53	-41	-1	11	det1=true
[20817]	126	137	-32	-9	-12	-2	det1=true
[20818]	126	137	-34	-9	-12	2	det1=true
[20819]	130	137	-62	-49	-8	-6	det1=true
[20820]	130	137	-68	-49	-8	6	det1=true
[20821]	137	137	-65	-31	-11	-1	det1=true
[20822]	137	137	-66	-31	-11	1	det1=true
[20823]	56	138	-19	4	-8	-2	det1=true
[20824]	56	138	-21	4	-8	2	det1=true
[20825]	56	138	-15	-8	-8	-2	det1=true
[20826]	56	138	-17	-8	-8	2	det1=true
[20827]	72	138	-13	-5	-5	-8	det1=true
[20828]	72	138	-21	-5	-5	8	det1=true
[20829]	75	138	-23	-3	-5	-8	det1=true
[20830]	75	138	-31	-3	-5	8	det1=true
[20831]	85	138	-23	-12	-6	-8	det1=true
[20832]	93	138	-33	-22	-1	-10	det1=true
[20833]	93	138	-43	-22	-1	10	det1=true
[20834]	119	138	-50	-9	-10	-5	det1=true
[20835]	119	138	-55	-9	-10	5	det1=true
[20836]	73	139	-21	2	-8	-5	det1=true
[20837]	73	139	-26	2	-8	5	det1=true
[20838]	84	139	-20	-15	-6	-8	det1=true
[20839]	84	139	-28	-15	-6	8	det1=true
[20840]	96	139	-35	-24	-10	-2	det1=true
[20841]	96	139	-37	-24	-10	2	det1=true
[20842]	110	139	-41	-2	-11	-2	det1=true
[20843]	116	139	-35	0	-10	-6	det1=true
[20844]	116	139	-41	0	-10	6	det1=true
[20845]	120	139	-57	-44	-8	-6	det1=true
[20846]	120	139	-63	-44	-8	6	det1=true
[20847]	121	139	-39	2	-8	9	det1=true
[20848]	122	139	-49	-41	-8	-7	det1=true
[20849]	122	139	-56	-41	-8	7	det1=true
[20850]	122	139	-13	-9	-3	-12	det1=true
[20851]	122	139	-25	-9	-3	12	det1=true
[20852]	129	139	-63	-40	-10	-3	det1=true
[20853]	129	139	-66	-40	-10	3	det1=true
[20854]	133	139	-61	-6	-3	-11	det1=true
[20855]	133	139	-44	-2	-7	-10	det1=true
[20856]	133	139	-54	-2	-7	10	det1=true
[20857]	133	139	-9	2	-11	-7	det1=true
[20858]	133	139	-16	2	-11	7	det1=true
[20859]	137	139	-91	-48	-2	9	det1=true
[20860]	24	140	-11	-7	-5	-2	det1=true
[20861]	24	140	-13	-7	-5	2	det1=true
[20862]	56	140	-19	-17	-1	-8	det1=true
[20863]	56	140	-27	-17	-1	8	det1=true
[20864]	89	140	-27	-24	-8	-6	det1=true
[20865]	89	140	-33	-24	-8	6	det1=true
[20866]	89	140	-26	-25	-6	-8	det1=true
[20867]	89	140	-34	-25	-6	8	det1=true
[20868]	98	140	-48	-17	-10	-1	det1=true
[20869]	98	140	-49	-17	-10	1	det1=true
[20870]	108	140	-13	-6	-11	-4	det1=true
[20871]	124	140	-36	-29	-6	-10	det1=true
[20872]	124	140	-46	-29	-6	10	det1=true
[20873]	125	140	-17	-8	-11	-6	det1=true
[20874]	126	140	-50	-47	-8	-7	det1=true
[20875]	126	140	-57	-47	-8	7	det1=true
[20876]	127	140	-52	-5	-10	-6	det1=true
[20877]	127	140	-50	-7	-6	-10	det1=true
[20878]	127	140	-60	-7	-6	10	det1=true
[20879]	130	140	-64	-5	-6	10	det1=true
[20880]	140	140	-33	-18	-8	-10	det1=true
[20881]	140	140	-20	-15	-2	-13	det1=true
[20882]	140	140	-33	-15	-2	13	det1=true
[20883]	42	137	-5	1	-7	-2	det1=true
[20884]	42	137	-7	1	-7	2	det1=true
[20885]	49	137	-25	1	-3	7	det1=true
[20886]	53	137	-12	0	-1	-8	det1=true
[20887]	53	137	-20	0	-1	8	det1=true
[20888]	61	137	-13	-8	-5	-7	det1=true
[20889]	61	137	-20	-8	-5	7	det1=true
[20890]	65	137	-20	-20	-3	-8	det1=true
[20891]	65	137	-28	-20	-3	8	det1=true
[20892]	79	137	-13	-6	-4	-9	det1=true
[20893]	79	137	-22	-6	-4	9	det1=true
[20894]	81	137	-32	-12	-5	-8	det1=true
[20895]	81	137	-31	-14	-9	-3	det1=true
[20896]	89	137	-25	-21	-6	-8	det1=true
[20897]	89	137	-33	-21	-6	8	det1=true
[20898]	90	137	-5	-5	-7	-8	det1=true
[20899]	96	137	-36	5	-10	-3	det1=true
[20900]	96	137	-39	5	-10	3	det1=true
[20901]	96	137	-36	-19	-10	-2	det1=true
[20902]	96	137	-38	-19	-10	2	det1=true
[20903]	98	137	-50	-17	-8	6	det1=true
[20904]	100	137	-37	-26	-2	-10	det1=true
[20905]	100	137	-47	-26	-2	10	det1=true
[20906]	101	137	-13	-4	-2	-11	det1=true
[20907]	101	137	-24	-4	-2	11	det1=true
[20908]	107	137	-39	-22	-8	-7	det1=true
[20909]	107	137	-46	-22	-8	7	det1=true
[20910]	110	137	-42	-17	-4	-10	det1=true
[20911]	110	137	-52	-17	-4	10	det1=true
[20912]	111	137	-51	-31	-10	-2	det1=true
[20913]	111	137	-53	-31	-10	2	det1=true
[20914]	111	137	-41	-39	-9	-5	det1=true
[20915]	113	137	-45	-45	-6	-8	det1=true
[20916]	113	137	-53	-45	-6	8	det1=true
[20917]	113	137	-33	-22	-2	-11	det1=true
[20918]	113	137	-44	-22	-2	11	det1=true
[20919]	115	137	-7	4	-11	5	det1=true
[20920]	117	137	-45	-23	-11	-1	det1=true
[20921]	123	137	-23	-15	-5	-11	det1=true
[20922]	123	137	-34	-15	-5	11	det1=true
[20923]	124	137	-56	-39	-10	-3	det1=true
[20924]	124	137	-59	-39	-10	3	det1=true
[20925]	125	137	-47	-36	-11	-1	det1=true
[20926]	125	137	-48	-36	-11	1	det1=true
[20927]	128	137	-46	-9	-4	-11	det1=true
[20928]	130	137	-61	-50	-6	-8	det1=true
[20929]	130	137	-69	-50	-6	8	det1=true
[20930]	131	137	-23	-3	-12	-4	det1=true
[20931]	131	137	-27	-3	-12	4	det1=true
[20932]	132	137	-57	-49	-10	-3	det1=true
[20933]	132	137	-55	-3	-11	-4	det1=true
[20934]	132	137	-59	-3	-11	4	det1=true
[20935]	133	137	-28	-13	-11	-6	det1=true
[20936]	133	137	-34	-13	-11	6	det1=true
[20937]	85	138	-31	-12	-6	8	det1=true
[20938]	86	138	-30	-13	-4	-9	det1=true
[20939]	94	138	-19	-13	-8	-7	det1=true
[20940]	94	138	-26	-13	-8	7	det1=true
[20941]	103	138	-37	2	-9	-6	det1=true
[20942]	103	138	-43	2	-9	6	det1=true
[20943]	103	138	-15	-17	-2	-11	det1=true
[20944]	103	138	-26	-17	-2	11	det1=true
[20945]	113	138	-35	-21	-2	-11	det1=true
[20946]	113	138	-46	-21	-2	11	det1=true
[20947]	119	138	-47	-34	-10	-4	det1=true
[20948]	119	138	-51	-34	-10	4	det1=true
[20949]	126	138	-33	5	-10	-7	det1=true
[20950]	130	138	-36	-13	-10	-7	det1=true
[20951]	130	138	-43	-13	-10	7	det1=true
[20952]	132	138	-32	-25	-10	-7	det1=true
[20953]	132	138	-39	-25	-10	7	det1=true
[20954]	133	138	-41	-27	-12	1	det1=true
[20955]	138	138	-43	-11	-3	-12	det1=true
[20956]	138	138	-55	-11	-3	12	det1=true
[20957]	24	139	-8	-9	-2	-5	det1=true
[20958]	24	139	-13	-9	-2	5	det1=true
[20959]	54	139	-14	1	-8	2	det1=true
[20960]	76	139	-31	-15	-9	-2	det1=true
[20961]	76	139	-33	-15	-9	2	det1=true
[20962]	80	139	-27	-2	-9	4	det1=true
[20963]	83	139	-17	-15	-8	-6	det1=true
[20964]	83	139	-23	-15	-8	6	det1=true
[20965]	87	139	-36	2	-4	-9	det1=true
[20966]	87	139	-45	2	-4	9	det1=true
[20967]	92	139	-10	-7	-10	-4	det1=true
[20968]	92	139	-14	-7	-10	4	det1=true
[20969]	94	139	-40	-17	-8	-6	det1=true
[20970]	96	139	-42	-25	-4	-9	det1=true
[20971]	96	139	-51	-25	-4	9	det1=true
[20972]	103	139	-28	3	-11	-2	det1=true
[20973]	103	139	-30	3	-11	2	det1=true
[20974]	107	139	-8	-4	-6	-10	det1=true
[20975]	107	139	-18	-4	-6	10	det1=true
[20976]	115	139	-51	-21	-10	-4	det1=true
[20977]	115	139	-55	-21	-10	4	det1=true
[20978]	117	139	-17	0	-10	7	det1=true
[20979]	119	139	-41	-18	-7	-9	det1=true
[20980]	119	139	-50	-18	-7	9	det1=true
[20981]	121	139	-30	2	-8	-9	det1=true
[20982]	125	139	-34	-13	-9	-8	det1=true
[20983]	125	139	-42	-13	-9	8	det1=true
[20984]	127	139	-62	-19	-11	-1	det1=true
[20985]	127	139	-63	-19	-11	1	det1=true
[20986]	128	139	-32	-19	-2	-12	det1=true
[20987]	128	139	-44	-19	-2	12	det1=true
[20988]	132	139	-22	5	-10	-8	det1=true
[20989]	133	139	-51	-36	-11	-3	det1=true
[20990]	133	139	-54	-36	-11	3	det1=true
[20991]	133	139	-18	0	-7	11	det1=true
[20992]	31	140	-11	-12	-1	-6	det1=true
[20993]	31	140	-17	-12	-1	6	det1=true
[20994]	51	140	-7	-3	-4	-7	det1=true
[20995]	51	140	-14	-3	-4	7	det1=true
[20996]	53	140	-24	-9	-6	-5	det1=true
[20997]	53	140	-23	-11	-6	-5	det1=true
[20998]	73	140	-29	1	-6	-7	det1=true
[20999]	73	140	-36	1	-6	7	det1=true
[21000]	78	140	-1	0	-1	-10	det1=true
[21001]	78	140	-11	0	-1	10	det1=true
[21002]	92	140	-33	-23	-1	-10	det1=true
[21003]	92	140	-43	-23	-1	10	det1=true
[21004]	93	140	-25	2	-7	-8	det1=true
[21005]	93	140	-33	2	-7	8	det1=true
[21006]	99	140	-37	2	-7	-8	det1=true
[21007]	99	140	-45	2	-7	8	det1=true
[21008]	101	140	-43	-8	-3	-10	det1=true
[21009]	101	140	-53	-8	-3	10	det1=true
[21010]	106	140	-40	-19	-10	-4	det1=true
[21011]	106	140	-44	-19	-10	4	det1=true
[21012]	111	140	-48	-43	-10	-1	det1=true
[21013]	111	140	-49	-43	-10	1	det1=true
[21014]	115	140	-31	-12	-10	-6	det1=true
[21015]	115	140	-37	-12	-10	6	det1=true
[21016]	115	140	-39	-14	-6	10	det1=true
[21017]	118	140	-27	-26	-6	-10	det1=true
[21018]	118	140	-37	-26	-6	10	det1=true
[21019]	118	140	-29	1	-12	-1	det1=true
[21020]	118	140	-30	1	-12	1	det1=true
[21021]	125	140	-23	-8	-11	6	det1=true
[21022]	129	140	-37	-12	-7	-10	det1=true
[21023]	129	140	-47	-12	-7	10	det1=true
[21024]	130	140	-54	-5	-6	-10	det1=true
[21025]	133	140	-54	-19	-6	-10	det1=true
[21026]	133	140	-64	-19	-6	10	det1=true
[21027]	133	140	-49	-38	-10	6	det1=true
[21028]	41	137	-9	-8	-1	-7	det1=true
[21029]	41	137	-16	-8	-1	7	det1=true
[21030]	49	137	-18	1	-3	-7	det1=true
[21031]	61	137	-14	-7	-7	-5	det1=true
[21032]	65	137	-3	-3	-1	-9	det1=true
[21033]	65	137	-12	-3	-1	9	det1=true
[21034]	70	137	-19	-1	-9	-2	det1=true
[21035]	70	137	-21	-1	-9	2	det1=true
[21036]	76	137	-17	-17	-5	-8	det1=true
[21037]	76	137	-25	-17	-5	8	det1=true
[21038]	87	137	-31	-5	-2	10	det1=true
[21039]	89	137	-26	-4	-2	-10	det1=true
[21040]	89	137	-36	-4	-2	10	det1=true
[21041]	90	137	-33	-13	-10	-1	det1=true
[21042]	90	137	-34	-13	-10	1	det1=true
[21043]	92	137	-15	0	-4	10	det1=true
[21044]	93	137	-8	1	-9	-6	det1=true
[21045]	93	137	-14	1	-9	6	det1=true
[21046]	103	137	-46	-48	-2	-9	det1=true
[21047]	104	137	-33	-23	-7	-8	det1=true
[21048]	104	137	-41	-23	-7	8	det1=true
[21049]	111	137	-46	-39	-9	5	det1=true
[21050]	111	137	-34	-24	-11	-1	det1=true
[21051]	111	137	-35	-24	-11	1	det1=true
[21052]	113	137	-46	-44	-8	-6	det1=true
[21053]	114	137	-52	-15	-8	-7	det1=true
[21054]	114	137	-59	-15	-8	7	det1=true
[21055]	114	137	-49	-13	-9	-6	det1=true
[21056]	114	137	-55	-13	-9	6	det1=true
[21057]	115	137	-2	4	-11	-5	det1=true
[21058]	117	137	-48	-4	-1	-11	det1=true
[21059]	117	137	-59	-4	-1	11	det1=true
[21060]	117	137	-13	-2	-11	-5	det1=true
[21061]	117	137	-18	-2	-11	5	det1=true
[21062]	121	137	-60	-41	-3	10	det1=true
[21063]	122	137	-37	4	-9	8	det1=true
[21064]	122	137	-18	-9	-10	-7	det1=true
[21065]	122	137	-25	-9	-10	7	det1=true
[21066]	123	137	-26	-12	-11	-5	det1=true
[21067]	123	137	-31	-12	-11	5	det1=true
[21068]	123	137	-26	-12	-10	7	det1=true
[21069]	133	137	-32	-16	-11	6	det1=true
[21070]	137	137	-68	-25	-11	-1	det1=true
[21071]	137	137	-60	-51	-1	11	det1=true
[21072]	137	137	-15	-8	-13	-1	det1=true
[21073]	137	137	-10	-11	-7	-11	det1=true
[21074]	137	137	-21	-11	-7	11	det1=true
[21075]	50	138	-15	1	-5	-6	det1=true
[21076]	60	138	-22	-23	-4	-7	det1=true
[21077]	60	138	-29	-23	-4	7	det1=true
[21078]	76	138	-25	-5	-5	-8	det1=true
[21079]	76	138	-33	-5	-5	8	det1=true
[21080]	83	138	-43	-16	-5	8	det1=true
[21081]	86	138	-39	-13	-4	9	det1=true
[21082]	90	138	-29	-19	-1	-10	det1=true
[21083]	90	138	-39	-19	-1	10	det1=true
[21084]	103	138	-26	-23	-6	-9	det1=true
[21085]	103	138	-35	-23	-6	9	det1=true
[21086]	105	138	-46	-33	-10	-1	det1=true
[21087]	105	138	-34	-17	-6	-9	det1=true
[21088]	105	138	-43	-17	-6	9	det1=true
[21089]	107	138	-30	-5	-2	-11	det1=true
[21090]	107	138	-41	-5	-2	11	det1=true
[21091]	109	138	-37	-31	-8	-7	det1=true
[21092]	109	138	-44	-31	-8	7	det1=true
[21093]	117	138	-6	5	-10	-7	det1=true
[21094]	117	138	-13	5	-10	7	det1=true
[21095]	119	138	-57	-16	-10	-4	det1=true
[21096]	119	138	-61	-16	-10	4	det1=true
[21097]	120	138	-44	-37	-6	-9	det1=true
[21098]	120	138	-53	-37	-6	9	det1=true
[21099]	121	138	-7	-5	-3	-12	det1=true
[21100]	121	138	-19	-5	-3	12	det1=true
[21101]	123	138	-44	-25	-4	11	det1=true
[21102]	124	138	-49	-48	-3	-10	det1=true
[21103]	124	138	-59	-48	-3	10	det1=true
[21104]	130	138	-51	-46	-4	-10	det1=true
[21105]	130	138	-61	-46	-4	10	det1=true
[21106]	130	138	-39	-34	-10	-6	det1=true
[21107]	130	138	-45	-34	-10	6	det1=true
[21108]	132	138	-62	-41	-10	4	det1=true
[21109]	133	138	-36	-29	-8	-9	det1=true
[21110]	133	138	-45	-29	-8	9	det1=true
[21111]	67	139	-6	-5	-7	-6	det1=true
[21112]	67	139	-12	-5	-7	6	det1=true
[21113]	76	139	-25	-9	-5	-8	det1=true
[21114]	76	139	-33	-9	-5	8	det1=true
[21115]	77	139	-30	1	-9	-3	det1=true
[21116]	77	139	-33	1	-9	3	det1=true
[21117]	77	139	-27	-2	-3	-9	det1=true
[21118]	77	139	-36	-2	-3	9	det1=true
[21119]	80	139	-35	-19	-2	-9	det1=true
[21120]	80	139	-44	-19	-2	9	det1=true
[21121]	80	139	-23	-2	-9	-4	det1=true
[21122]	85	139	-28	-17	-9	-4	det1=true
[21123]	85	139	-32	-17	-9	4	det1=true
[21124]	85	139	-12	-9	-9	-5	det1=true
[21125]	94	139	-46	-17	-8	6	det1=true
[21126]	94	139	-28	-13	-8	7	det1=true
[21127]	106	139	-43	-43	-4	-9	det1=true
[21128]	106	139	-52	-43	-4	9	det1=true
[21129]	109	139	-35	1	-11	3	det1=true
[21130]	109	139	-27	-24	-2	-11	det1=true
[21131]	111	139	-22	-4	-11	-4	det1=true
[21132]	113	139	-44	-10	-1	-11	det1=true
[21133]	113	139	-55	-10	-1	11	det1=true
[21134]	116	139	-53	-15	-9	-6	det1=true
[21135]	116	139	-59	-15	-9	6	det1=true
[21136]	117	139	-10	0	-10	-7	det1=true
[21137]	118	139	-51	-48	-6	-8	det1=true
[21138]	118	139	-59	-48	-6	8	det1=true
[21139]	127	139	-42	-35	-7	-9	det1=true
[21140]	127	139	-51	-35	-7	9	det1=true
[21141]	131	139	-58	-35	-11	-1	det1=true
[21142]	131	139	-59	-35	-11	1	det1=true
[21143]	132	139	-37	-2	-3	-12	det1=true
[21144]	132	139	-49	-2	-3	12	det1=true
[21145]	132	139	-3	-5	-5	-12	det1=true
[21146]	132	139	-15	-5	-5	12	det1=true
[21147]	133	139	-48	-38	-7	-9	det1=true
[21148]	133	139	-6	-3	-1	-13	det1=true
[21149]	133	139	-19	-3	-1	13	det1=true
[21150]	139	139	-52	-44	-11	-3	det1=true
[21151]	139	139	-55	-44	-11	3	det1=true
[21152]	29	140	-8	-1	-6	1	det1=true
[21153]	52	140	-29	-3	-5	6	det1=true
[21154]	54	140	-26	-5	-4	7	det1=true
[21155]	86	140	-27	-15	-10	-1	det1=true
[21156]	86	140	-28	-15	-10	1	det1=true
[21157]	88	140	-39	-35	-9	-2	det1=true
[21158]	88	140	-41	-35	-9	2	det1=true
[21159]	89	140	-29	-20	-1	-10	det1=true
[21160]	89	140	-39	-20	-1	10	det1=true
[21161]	90	140	-38	-33	-8	-5	det1=true
[21162]	90	140	-43	-33	-8	5	det1=true
[21163]	90	140	-6	-1	-10	-4	det1=true
[21164]	90	140	-10	-1	-10	4	det1=true
[21165]	93	140	-17	-4	-4	-10	det1=true
[21166]	93	140	-27	-4	-4	10	det1=true
[21167]	96	140	-38	-27	-6	-8	det1=true
[21168]	96	140	-46	-27	-6	8	det1=true
[21169]	104	140	-47	-9	-3	-10	det1=true
[21170]	104	140	-57	-9	-3	10	det1=true
[21171]	107	140	-48	-23	-10	-3	det1=true
[21172]	107	140	-51	-23	-10	3	det1=true
[21173]	112	140	-20	-17	-6	-10	det1=true
[21174]	115	140	-29	-14	-6	-10	det1=true
[21175]	117	140	-37	-23	-4	11	det1=true
[21176]	120	140	-43	-41	-6	-9	det1=true
[21177]	120	140	-52	-41	-6	9	det1=true
[21178]	121	140	-31	-5	-9	-8	det1=true
[21179]	121	140	-39	-5	-9	8	det1=true
[21180]	125	140	-43	-22	-1	12	det1=true
[21181]	125	140	-29	-25	-1	-12	det1=true
[21182]	125	140	-41	-25	-1	12	det1=true
[21183]	127	140	-41	-30	-1	12	det1=true
[21184]	128	140	-57	-56	-1	-10	det1=true
[21185]	128	140	-67	-56	-1	10	det1=true
[21186]	47	137	-10	-4	-7	-3	det1=true
[21187]	47	137	-13	-4	-7	3	det1=true
[21188]	53	137	-12	-6	-8	-1	det1=true
[21189]	53	137	-13	-6	-8	1	det1=true
[21190]	55	137	-22	-16	-6	-5	det1=true
[21191]	55	137	-27	-16	-6	5	det1=true
[21192]	57	137	-30	-20	-5	6	det1=true
[21193]	79	137	-30	-7	-9	-3	det1=true
[21194]	79	137	-33	-7	-9	3	det1=true
[21195]	81	137	-40	-12	-5	8	det1=true
[21196]	85	137	-10	-1	-5	-9	det1=true
[21197]	89	137	-33	-7	-8	-6	det1=true
[21198]	89	137	-39	-7	-8	6	det1=true
[21199]	89	137	0	2	-8	-7	det1=true
[21200]	89	137	-7	2	-8	7	det1=true
[21201]	92	137	-8	3	-10	-4	det1=true
[21202]	92	137	-12	3	-10	4	det1=true
[21203]	93	137	-24	-8	-8	7	det1=true
[21204]	100	137	-41	-22	-10	-2	det1=true
[21205]	105	137	-40	-6	-10	-4	det1=true
[21206]	105	137	-44	-6	-10	4	det1=true
[21207]	105	137	-38	-13	-1	11	det1=true
[21208]	106	137	-47	-7	-3	-10	det1=true
[21209]	106	137	-57	-7	-3	10	det1=true
[21210]	107	137	-50	-30	-10	-1	det1=true
[21211]	107	137	-51	-30	-10	1	det1=true
[21212]	107	137	-33	-5	-1	-11	det1=true
[21213]	107	137	-44	-5	-1	11	det1=true
[21214]	108	137	-35	0	-11	-2	det1=true
[21215]	108	137	-37	0	-11	2	det1=true
[21216]	109	137	-38	-28	-7	-8	det1=true
[21217]	109	137	-46	-28	-7	8	det1=true
[21218]	111	137	-40	-29	-1	11	det1=true
[21219]	112	137	-20	-5	-6	-10	det1=true
[21220]	112	137	-30	-5	-6	10	det1=true
[21221]	118	137	-20	-5	-12	-1	det1=true
[21222]	118	137	-21	-5	-12	1	det1=true
[21223]	119	137	-41	-10	-3	-11	det1=true
[21224]	119	137	-52	-10	-3	11	det1=true
[21225]	119	137	-34	-25	-7	-9	det1=true
[21226]	119	137	-43	-25	-7	9	det1=true
[21227]	125	137	-33	-6	-11	-5	det1=true
[21228]	125	137	-38	-6	-11	5	det1=true
[21229]	128	137	-66	-51	-6	8	det1=true
[21230]	131	137	-19	-7	-4	-12	det1=true
[21231]	131	137	-31	-7	-4	12	det1=true
[21232]	133	137	-47	-36	-7	-9	det1=true
[21233]	133	137	-56	-36	-7	9	det1=true
[21234]	133	137	-46	-38	-3	-11	det1=true
[21235]	133	137	-57	-38	-3	11	det1=true
[21236]	135	137	-62	-27	-11	-2	det1=true
[21237]	135	137	-64	-27	-11	2	det1=true
[21238]	137	137	-49	-51	-1	-11	det1=true
[21239]	50	138	-21	1	-5	6	det1=true
[21240]	80	138	-12	5	-10	-1	det1=true
[21241]	80	138	-13	5	-10	1	det1=true
[21242]	91	138	-16	3	-8	-7	det1=true
[21243]	91	138	-23	3	-8	7	det1=true
[21244]	92	138	-28	-19	-2	-10	det1=true
[21245]	95	138	-19	-8	-10	-4	det1=true
[21246]	98	138	-25	-7	-9	-6	det1=true
[21247]	98	138	-31	-7	-9	6	det1=true
[21248]	99	138	-32	-11	-8	-7	det1=true
[21249]	99	138	-39	-11	-8	7	det1=true
[21250]	100	138	-47	-12	-10	-2	det1=true
[21251]	100	138	-49	-12	-10	2	det1=true
[21252]	103	138	-28	-23	-4	-10	det1=true
[21253]	103	138	-38	-23	-4	10	det1=true
[21254]	106	138	-33	4	-11	-2	det1=true
[21255]	106	138	-35	4	-11	2	det1=true
[21256]	106	138	-28	-5	-2	-11	det1=true
[21257]	106	138	-39	-5	-2	11	det1=true
[21258]	107	138	-43	-16	-7	-8	det1=true
[21259]	107	138	-51	-16	-7	8	det1=true
[21260]	107	138	4	1	-4	-11	det1=true
[21261]	107	138	-7	1	-4	11	det1=true
[21262]	110	138	-43	-25	-8	-7	det1=true
[21263]	110	138	-50	-25	-8	7	det1=true
[21264]	110	138	-35	-35	-7	-8	det1=true
[21265]	110	138	-43	-35	-7	8	det1=true
[21266]	111	138	-17	-5	-4	-11	det1=true
[21267]	111	138	-28	-5	-4	11	det1=true
[21268]	118	138	-37	5	-11	-4	det1=true
[21269]	118	138	-26	-21	-4	-11	det1=true
[21270]	118	138	-37	-21	-4	11	det1=true
[21271]	119	138	-54	-37	-4	10	det1=true
[21272]	127	138	-39	1	-8	-9	det1=true
[21273]	127	138	-48	1	-8	9	det1=true
[21274]	132	138	-55	-44	-4	-10	det1=true
[21275]	132	138	-65	-44	-4	10	det1=true
[21276]	133	138	-57	-5	-11	-4	det1=true
[21277]	134	138	-22	-7	-10	-8	det1=true
[21278]	134	138	-30	-7	-10	8	det1=true
[21279]	32	139	-8	-3	-2	-6	det1=true
[21280]	32	139	-14	-3	-2	6	det1=true
[21281]	42	139	-13	0	-6	-4	det1=true
[21282]	42	139	-17	0	-6	4	det1=true
[21283]	49	139	-18	-1	-5	6	det1=true
[21284]	52	139	-23	1	-6	-5	det1=true
[21285]	52	139	-28	1	-6	5	det1=true
[21286]	54	139	-12	1	-8	-2	det1=true
[21287]	55	139	-18	-12	-7	-4	det1=true
[21288]	63	139	-26	-22	-2	-8	det1=true
[21289]	63	139	-34	-22	-2	8	det1=true
[21290]	64	139	-27	-24	-8	-2	det1=true
[21291]	64	139	-29	-24	-8	2	det1=true
[21292]	76	139	-31	-11	-2	-9	det1=true
[21293]	76	139	-40	-11	-2	9	det1=true
[21294]	95	139	-29	-18	-10	-3	det1=true
[21295]	95	139	-32	-18	-10	3	det1=true
[21296]	96	139	-31	-28	-2	-10	det1=true
[21297]	96	139	-41	-28	-2	10	det1=true
[21298]	97	139	-45	-18	-5	9	det1=true
[21299]	102	139	-37	-15	-8	-7	det1=true
[21300]	102	139	-44	-15	-8	7	det1=true
[21301]	105	139	-37	-1	-11	-1	det1=true
[21302]	105	139	-38	-1	-11	1	det1=true
[21303]	111	139	-43	-23	-4	-10	det1=true
[21304]	111	139	-53	-23	-4	10	det1=true
[21305]	113	139	-49	-5	-11	-1	det1=true
[21306]	114	139	-43	-29	-9	-6	det1=true
[21307]	114	139	-49	-29	-9	6	det1=true
[21308]	115	139	-13	2	-11	-5	det1=true
[21309]	115	139	-18	2	-11	5	det1=true
[21310]	119	139	-48	-32	-9	-6	det1=true
[21311]	119	139	-54	-32	-9	6	det1=true
[21312]	124	139	-25	-25	-1	-12	det1=true
[21313]	124	139	-37	-25	-1	12	det1=true
[21314]	127	139	-47	-28	-7	-9	det1=true
[21315]	127	139	-56	-28	-7	9	det1=true
[21316]	127	139	-43	-34	-9	-7	det1=true
[21317]	127	139	-50	-34	-9	7	det1=true
[21318]	131	139	-39	-10	-6	11	det1=true
[21319]	133	139	-14	4	-12	-5	det1=true
[21320]	139	139	-58	-34	-7	-9	det1=true
[21321]	139	139	-67	-34	-7	9	det1=true
[21322]	139	139	-42	-6	-12	-4	det1=true
[21323]	139	139	-46	-6	-12	4	det1=true
[21324]	29	140	-8	3	-6	-1	det1=true
[21325]	29	140	-9	3	-6	1	det1=true
[21326]	29	140	-7	-1	-6	-1	det1=true
[21327]	31	140	-4	1	-6	-2	det1=true
[21328]	31	140	-6	1	-6	2	det1=true
[21329]	32	140	-5	-1	-5	-4	det1=true
[21330]	32	140	-9	-1	-5	4	det1=true
[21331]	57	140	-27	-20	-5	-6	det1=true
[21332]	83	140	-36	-27	-6	-7	det1=true
[21333]	83	140	-43	-27	-6	7	det1=true
[21334]	88	140	-17	-8	-3	-10	det1=true
[21335]	88	140	-27	-8	-3	10	det1=true
[21336]	92	140	-27	-9	-3	-10	det1=true
[21337]	92	140	-37	-9	-3	10	det1=true
[21338]	96	140	-31	-35	-1	-10	det1=true
[21339]	97	140	-27	-4	-9	-6	det1=true
[21340]	97	140	-5	1	-2	-11	det1=true
[21341]	97	140	-16	1	-2	11	det1=true
[21342]	106	140	-46	-1	-10	-4	det1=true
[21343]	106	140	-50	-1	-10	4	det1=true
[21344]	107	140	-13	2	-6	-10	det1=true
[21345]	107	140	-23	2	-6	10	det1=true
[21346]	112	140	-26	-5	-6	-10	det1=true
[21347]	112	140	-36	-5	-6	10	det1=true
[21348]	116	140	-31	-14	-6	-10	det1=true
[21349]	116	140	-41	-14	-6	10	det1=true
[21350]	119	140	-51	-30	-4	-10	det1=true
[21351]	119	140	-61	-30	-4	10	det1=true
[21352]	122	140	-33	-3	-8	-9	det1=true
[21353]	122	140	-42	-3	-8	9	det1=true
[21354]	124	140	-38	-27	-10	-6	det1=true
[21355]	124	140	-44	-27	-10	6	det1=true
[21356]	125	140	-57	-32	-4	-10	det1=true
[21357]	125	140	-31	-22	-1	-12	det1=true
[21358]	125	140	-21	3	-11	-6	det1=true
[21359]	125	140	-27	3	-11	6	det1=true
[21360]	126	140	-57	-34	-4	-10	det1=true
[21361]	126	140	-67	-34	-4	10	det1=true
[21362]	127	140	-55	-22	-6	10	det1=true
[21363]	127	140	-29	-30	-1	-12	det1=true
[21364]	130	140	-50	1	-12	-1	det1=true
[21365]	130	140	-51	1	-12	1	det1=true
[21366]	130	140	-46	-1	-8	-9	det1=true
[21367]	130	140	-55	-1	-8	9	det1=true
[21368]	132	140	-47	-29	-4	-11	det1=true
[21369]	133	140	-43	-38	-10	-6	det1=true
[21370]	133	140	-13	-7	-12	-5	det1=true
[21371]	133	140	-18	-7	-12	5	det1=true
[21372]	139	140	-57	-28	-6	-10	det1=true
[21373]	139	140	-67	-28	-6	10	det1=true
[21374]	33	137	-8	1	-5	-4	det1=true
[21375]	33	137	-12	1	-5	4	det1=true
[21376]	61	137	-19	-7	-7	5	det1=true
[21377]	66	137	-32	-21	-8	-2	det1=true
[21378]	66	137	-34	-21	-8	2	det1=true
[21379]	81	137	-34	-14	-9	3	det1=true
[21380]	82	137	-23	-3	-4	-9	det1=true
[21381]	82	137	-32	-3	-4	9	det1=true
[21382]	83	137	-34	-26	-2	-9	det1=true
[21383]	83	137	-43	-26	-2	9	det1=true
[21384]	85	137	-19	-1	-5	9	det1=true
[21385]	86	137	-1	1	-3	-10	det1=true
[21386]	86	137	-11	1	-3	10	det1=true
[21387]	87	137	-21	-5	-2	-10	det1=true
[21388]	89	137	-16	-1	-3	-10	det1=true
[21389]	89	137	-26	-1	-3	10	det1=true
[21390]	90	137	-13	-5	-7	8	det1=true
[21391]	91	137	-23	-6	-10	-3	det1=true
[21392]	91	137	-26	-6	-10	3	det1=true
[21393]	92	137	-5	0	-4	-10	det1=true
[21394]	95	137	-34	2	-10	-3	det1=true
[21395]	95	137	-37	2	-10	3	det1=true
[21396]	96	137	-31	-9	-3	-10	det1=true
[21397]	96	137	-41	-9	-3	10	det1=true
[21398]	99	137	-12	-10	-1	-11	det1=true
[21399]	99	137	-23	-10	-1	11	det1=true
[21400]	100	137	-43	-22	-10	2	det1=true
[21401]	104	137	-42	3	-8	-7	det1=true
[21402]	104	137	-49	3	-8	7	det1=true
[21403]	111	137	-40	-2	-11	-2	det1=true
[21404]	111	137	-42	-2	-11	2	det1=true
[21405]	111	137	-29	-29	-1	-11	det1=true
[21406]	111	137	-14	-6	-4	-11	det1=true
[21407]	112	137	-41	-37	-3	-10	det1=true
[21408]	112	137	-51	-37	-3	10	det1=true
[21409]	113	137	-52	-44	-8	6	det1=true
[21410]	114	137	-54	-37	-10	-1	det1=true
[21411]	114	137	-55	-37	-10	1	det1=true
[21412]	116	137	-21	-6	-1	12	det1=true
[21413]	117	137	-46	-23	-11	1	det1=true
[21414]	117	137	-40	-28	-1	-11	det1=true
[21415]	117	137	-36	-16	-7	-9	det1=true
[21416]	117	137	-45	-16	-7	9	det1=true
[21417]	118	137	-7	-6	-2	-12	det1=true
[21418]	118	137	-19	-6	-2	12	det1=true
[21419]	119	137	-20	-1	-1	-12	det1=true
[21420]	119	137	-32	-1	-1	12	det1=true
[21421]	124	137	-31	2	-12	-2	det1=true
[21422]	124	137	-33	2	-12	2	det1=true
[21423]	128	137	-58	-51	-6	-8	det1=true
[21424]	132	137	-60	-49	-10	3	det1=true
[21425]	133	137	-48	-35	-9	-7	det1=true
[21426]	133	137	-55	-35	-9	7	det1=true
[21427]	133	137	-26	-16	-11	-6	det1=true
[21428]	134	137	-40	-21	-12	-2	det1=true
[21429]	134	137	-42	-21	-12	2	det1=true
[21430]	137	137	-60	-36	-1	-11	det1=true
[21431]	42	138	-7	-1	-7	-2	det1=true
[21432]	42	138	-9	-1	-7	2	det1=true
[21433]	55	138	-25	-4	-7	4	det1=true
[21434]	56	138	-12	-11	-2	-8	det1=true
[21435]	56	138	-20	-11	-2	8	det1=true
[21436]	58	138	-22	1	-2	-8	det1=true
[21437]	58	138	-30	1	-2	8	det1=true
[21438]	83	138	-35	-16	-5	-8	det1=true
[21439]	84	138	-29	-11	-1	10	det1=true
[21440]	103	138	-19	-11	-2	-11	det1=true
[21441]	103	138	-30	-11	-2	11	det1=true
[21442]	105	138	-47	-33	-10	1	det1=true
[21443]	106	138	-43	-13	-8	-7	det1=true
[21444]	106	138	-44	-37	-10	-1	det1=true
[21445]	106	138	-45	-37	-10	1	det1=true
[21446]	114	138	-25	-10	-11	-4	det1=true
[21447]	116	138	-41	-39	-7	-8	det1=true
[21448]	121	138	-32	-21	-4	-11	det1=true
[21449]	123	138	-20	1	-12	-3	det1=true
[21450]	123	138	-23	1	-12	3	det1=true
[21451]	124	138	-35	-3	-10	7	det1=true
[21452]	125	138	-31	3	-10	-7	det1=true
[21453]	125	138	-38	3	-10	7	det1=true
[21454]	127	138	-35	-15	-9	-8	det1=true
[21455]	127	138	-43	-15	-9	8	det1=true
[21456]	127	138	-27	-28	-1	-12	det1=true
[21457]	129	138	-41	-8	-3	12	det1=true
[21458]	129	138	-4	-3	-8	-10	det1=true
[21459]	130	138	-35	-5	-12	-3	det1=true
[21460]	132	138	-58	-41	-10	-4	det1=true
[21461]	133	138	-40	-27	-12	-1	det1=true
[21462]	39	139	-5	2	-7	-1	det1=true
[21463]	39	139	-6	2	-7	1	det1=true
[21464]	55	139	-22	-12	-7	4	det1=true
[21465]	57	139	-2	-3	-3	-8	det1=true
[21466]	57	139	-10	-3	-3	8	det1=true
[21467]	67	139	-28	-20	-8	-3	det1=true
[21468]	67	139	-31	-20	-8	3	det1=true
[21469]	74	139	-25	-15	-7	-6	det1=true
[21470]	74	139	-31	-15	-7	6	det1=true
[21471]	79	139	-10	-2	-8	-6	det1=true
[21472]	79	139	-16	-2	-8	6	det1=true
[21473]	79	139	-9	-3	-6	-8	det1=true
[21474]	79	139	-17	-3	-6	8	det1=true
[21475]	79	139	-8	0	-10	-1	det1=true
[21476]	88	139	-27	0	-3	10	det1=true
[21477]	93	139	-41	-34	-8	-5	det1=true
[21478]	93	139	-46	-34	-8	5	det1=true
[21479]	94	139	-21	-13	-8	-7	det1=true
[21480]	97	139	-38	-16	-9	-5	det1=true
[21481]	99	139	-32	-14	-8	-7	det1=true
[21482]	99	139	-39	-14	-8	7	det1=true
[21483]	103	139	-46	-35	-9	-4	det1=true
[21484]	103	139	-50	-35	-9	4	det1=true
[21485]	103	139	-22	2	-7	9	det1=true
[21486]	105	139	-38	-13	-9	-6	det1=true
[21487]	110	139	-43	-2	-11	2	det1=true
[21488]	111	139	-45	-34	-10	-3	det1=true
[21489]	111	139	-48	-34	-10	3	det1=true
[21490]	115	139	-50	-38	-9	-5	det1=true
[21491]	115	139	-55	-38	-9	5	det1=true
[21492]	117	139	-36	-2	-11	-4	det1=true
[21493]	117	139	-40	-2	-11	4	det1=true
[21494]	119	139	-40	-20	-7	-9	det1=true
[21495]	119	139	-49	-20	-7	9	det1=true
[21496]	119	139	-24	-7	-9	-8	det1=true
[21497]	119	139	-32	-7	-9	8	det1=true
[21498]	119	139	-22	-11	-9	-8	det1=true
[21499]	119	139	-30	-11	-9	8	det1=true
[21500]	120	139	-42	5	-10	-6	det1=true
[21501]	120	139	-48	5	-10	6	det1=true
[21502]	124	139	-47	-4	-10	-6	det1=true
[21503]	124	139	-53	-4	-10	6	det1=true
[21504]	124	139	-38	-25	-10	-6	det1=true
[21505]	124	139	-44	-25	-10	6	det1=true
[21506]	125	139	-38	-36	-7	-9	det1=true
[21507]	125	139	-47	-36	-7	9	det1=true
[21508]	125	139	-29	-20	-11	-5	det1=true
[21509]	125	139	-34	-20	-11	5	det1=true
[21510]	125	139	-26	-23	-5	-11	det1=true
[21511]	125	139	-37	-23	-5	11	det1=true
[21512]	127	139	-57	-24	-1	-11	det1=true
[21513]	127	139	-68	-24	-1	11	det1=true
[21514]	133	139	-57	-38	-7	9	det1=true
[21515]	134	139	-23	-10	-10	-8	det1=true
[21516]	134	139	-31	-10	-10	8	det1=true
[21517]	135	139	-53	-47	-11	-1	det1=true
[21518]	139	139	-57	-36	-3	-11	det1=true
[21519]	139	139	-68	-36	-3	11	det1=true
[21520]	139	139	-50	-45	-9	-7	det1=true
[21521]	139	139	-57	-45	-9	7	det1=true
[21522]	41	140	-7	-4	-4	-6	det1=true
[21523]	41	140	-13	-4	-4	6	det1=true
[21524]	43	140	-13	-5	-2	-7	det1=true
[21525]	43	140	-20	-5	-2	7	det1=true
[21526]	69	140	-3	-2	-5	-8	det1=true
[21527]	84	140	-23	-13	-10	-1	det1=true
[21528]	84	140	-24	-13	-10	1	det1=true
[21529]	89	140	-39	1	-10	-1	det1=true
[21530]	89	140	-40	1	-10	1	det1=true
[21531]	95	140	-30	3	-8	-7	det1=true
[21532]	95	140	-37	3	-8	7	det1=true
[21533]	96	140	-39	-26	-8	-6	det1=true
[21534]	96	140	-45	-26	-8	6	det1=true
[21535]	106	140	-37	-22	-4	-10	det1=true
[21536]	106	140	-47	-22	-4	10	det1=true
[21537]	107	140	-12	-5	-10	-6	det1=true
[21538]	107	140	-18	-5	-10	6	det1=true
[21539]	110	140	-51	-26	-4	10	det1=true
[21540]	115	140	-47	-27	-9	-6	det1=true
[21541]	115	140	-53	-27	-9	6	det1=true
[21542]	115	140	-35	4	-10	-6	det1=true
[21543]	115	140	-41	4	-10	6	det1=true
[21544]	117	140	-56	-43	-10	-1	det1=true
[21545]	117	140	-57	-43	-10	1	det1=true
[21546]	117	140	-26	-23	-4	-11	det1=true
[21547]	120	140	-37	-23	-11	4	det1=true
[21548]	123	140	-37	-18	-9	8	det1=true
[21549]	125	140	-67	-32	-4	10	det1=true
[21550]	125	140	-51	-24	-6	10	det1=true
[21551]	127	140	-58	-5	-10	6	det1=true
[21552]	139	140	-59	-26	-10	-6	det1=true
[21553]	139	140	-65	-26	-10	6	det1=true
[21554]	50	137	-13	-2	-5	-6	det1=true
[21555]	50	137	-19	-2	-5	6	det1=true
[21556]	53	137	-12	-2	-4	-7	det1=true
[21557]	53	137	-19	-2	-4	7	det1=true
[21558]	57	137	-12	-14	-2	-8	det1=true
[21559]	71	137	-25	-11	-9	-1	det1=true
[21560]	71	137	-26	-11	-9	1	det1=true
[21561]	71	137	-21	-15	-1	-9	det1=true
[21562]	71	137	-30	-15	-1	9	det1=true
[21563]	85	137	-30	-26	-3	-9	det1=true
[21564]	96	137	-25	-21	-3	-10	det1=true
[21565]	96	137	-35	-21	-3	10	det1=true
[21566]	105	137	-27	-13	-1	-11	det1=true
[21567]	115	137	-46	-40	-9	-5	det1=true
[21568]	115	137	-51	-40	-9	5	det1=true
[21569]	116	137	-54	-11	-10	-4	det1=true
[21570]	116	137	-58	-11	-10	4	det1=true
[21571]	117	137	-37	-15	-9	-7	det1=true
[21572]	117	137	-44	-15	-9	7	det1=true
[21573]	123	137	-19	-12	-10	-7	det1=true
[21574]	134	137	-45	-11	-1	-12	det1=true
[21575]	134	137	-57	-11	-1	12	det1=true
[21576]	135	137	-49	-27	-5	11	det1=true
[21577]	137	137	-71	-36	-1	11	det1=true
[21578]	55	138	-21	-4	-7	-4	det1=true
[21579]	70	138	-11	-2	-5	8	det1=true
[21580]	84	138	-19	-11	-1	-10	det1=true
[21581]	95	138	-41	-10	-1	-10	det1=true
[21582]	95	138	-23	-8	-10	4	det1=true
[21583]	99	138	-38	-31	-10	-1	det1=true
[21584]	110	138	-48	-37	-10	2	det1=true
[21585]	114	138	-29	-10	-11	4	det1=true
[21586]	116	138	-49	-39	-7	8	det1=true
[21587]	118	138	-41	5	-11	4	det1=true
[21588]	118	138	-25	-24	-6	-10	det1=true
[21589]	118	138	-35	-24	-6	10	det1=true
[21590]	119	138	-44	-37	-4	-10	det1=true
[21591]	120	138	-18	-5	-2	-12	det1=true
[21592]	120	138	-30	-5	-2	12	det1=true
[21593]	121	138	-5	-8	-3	-12	det1=true
[21594]	121	138	-17	-8	-3	12	det1=true
[21595]	123	138	-33	-25	-4	-11	det1=true
[21596]	124	138	-19	1	-3	-12	det1=true
[21597]	124	138	-31	1	-3	12	det1=true
[21598]	127	138	-44	3	-12	1	det1=true
[21599]	129	138	-14	-3	-8	10	det1=true
[21600]	130	138	-38	-5	-12	3	det1=true
[21601]	132	138	-15	-8	-8	-10	det1=true
[21602]	132	138	-25	-8	-8	10	det1=true
[21603]	43	139	-12	-4	-2	-7	det1=true
[21604]	43	139	-19	-4	-2	7	det1=true
[21605]	49	139	-12	-1	-5	-6	det1=true
[21606]	54	139	-20	-5	-8	-1	det1=true
[21607]	54	139	-21	-5	-8	1	det1=true
[21608]	59	139	-23	-11	-2	-8	det1=true
[21609]	62	139	-20	-13	-8	-3	det1=true
[21610]	62	139	-23	-13	-8	3	det1=true
[21611]	72	139	-23	-12	-9	-2	det1=true
[21612]	72	139	-25	-12	-9	2	det1=true
[21613]	74	139	-25	-15	-2	-9	det1=true
[21614]	74	139	-34	-15	-2	9	det1=true
[21615]	85	139	-24	-9	-1	-10	det1=true
[21616]	85	139	-34	-9	-1	10	det1=true
[21617]	88	139	-17	0	-3	-10	det1=true
[21618]	90	139	-33	-13	-1	-10	det1=true
[21619]	90	139	-43	-13	-1	10	det1=true
[21620]	94	139	-25	-19	-3	-10	det1=true
[21621]	94	139	-35	-19	-3	10	det1=true
[21622]	97	139	-36	-18	-5	-9	det1=true
[21623]	103	139	-48	-6	-10	-3	det1=true
[21624]	103	139	-51	-6	-10	3	det1=true
[21625]	103	139	-13	2	-7	-9	det1=true
[21626]	106	139	-45	0	-10	-4	det1=true
[21627]	106	139	-49	0	-10	4	det1=true
[21628]	107	139	-52	0	-6	9	det1=true
[21629]	109	139	-30	0	-9	-7	det1=true
[21630]	109	139	-37	0	-9	7	det1=true
[21631]	117	139	-28	-19	-11	-4	det1=true
[21632]	117	139	-32	-19	-11	4	det1=true
[21633]	119	139	-44	-16	-11	-3	det1=true
[21634]	119	139	-47	-16	-11	3	det1=true
[21635]	123	139	-14	-13	-3	-12	det1=true
[21636]	123	139	-26	-13	-3	12	det1=true
[21637]	124	139	-43	-9	-4	-11	det1=true
[21638]	124	139	-54	-9	-4	11	det1=true
[21639]	128	139	-56	-25	-10	-5	det1=true
[21640]	128	139	-61	-25	-10	5	det1=true
[21641]	130	139	-56	-41	-4	-10	det1=true
[21642]	130	139	-66	-41	-4	10	det1=true
[21643]	54	140	-23	-3	-8	1	det1=true
[21644]	94	140	-29	-17	-10	-3	det1=true
[21645]	94	140	-32	-17	-10	3	det1=true
[21646]	96	140	-44	-19	-10	-1	det1=true
[21647]	96	140	-45	-19	-10	1	det1=true
[21648]	102	140	-31	-20	-4	-10	det1=true
[21649]	102	140	-41	-20	-4	10	det1=true
[21650]	106	140	-10	1	-10	-6	det1=true
[21651]	106	140	-16	1	-10	6	det1=true
[21652]	109	140	-19	-2	-11	-4	det1=true
[21653]	109	140	-23	-2	-11	4	det1=true
[21654]	110	140	-22	-1	-6	-10	det1=true
[21655]	110	140	-32	-1	-6	10	det1=true
[21656]	114	140	-46	-29	-10	-4	det1=true
[21657]	114	140	-50	-29	-10	4	det1=true
[21658]	119	140	-36	-17	-10	-6	det1=true
[21659]	119	140	-42	-17	-10	6	det1=true
[21660]	120	140	-33	-23	-11	-4	det1=true
[21661]	122	140	-40	-19	-10	-6	det1=true
[21662]	122	140	-46	-19	-10	6	det1=true
[21663]	126	140	-46	-13	-4	-11	det1=true
[21664]	126	140	-57	-13	-4	11	det1=true
[21665]	127	140	-47	-20	-10	-6	det1=true
[21666]	127	140	-53	-20	-10	6	det1=true
[21667]	127	140	-45	-22	-6	-10	det1=true
[21668]	128	140	-52	-1	-6	-10	det1=true
[21669]	128	140	-62	-1	-6	10	det1=true
[21670]	128	140	-38	-5	-2	-12	det1=true
[21671]	128	140	-50	-5	-2	12	det1=true
[21672]	137	140	-62	-3	-6	-10	det1=true
[21673]	137	140	-72	-3	-6	10	det1=true
[21674]	56	137	-17	-14	-7	-4	det1=true
[21675]	56	137	-21	-14	-7	4	det1=true
[21676]	57	137	-20	-14	-2	8	det1=true
[21677]	59	137	-10	-3	-3	-8	det1=true
[21678]	59	137	-18	-3	-3	8	det1=true
[21679]	77	137	-32	-19	-1	-9	det1=true
[21680]	77	137	-41	-19	-1	9	det1=true
[21681]	80	137	-8	3	-10	-1	det1=true
[21682]	80	137	-9	3	-10	1	det1=true
[21683]	81	137	-28	-20	-8	-5	det1=true
[21684]	81	137	-33	-20	-8	5	det1=true
[21685]	95	137	-29	-20	-9	-5	det1=true
[21686]	117	137	-10	-5	-5	-11	det1=true
[21687]	117	137	-21	-5	-5	11	det1=true
[21688]	118	137	-16	-7	-8	-9	det1=true
[21689]	118	137	-25	-7	-8	9	det1=true
[21690]	121	137	-50	-41	-3	-10	det1=true
[21691]	128	137	-57	-9	-4	11	det1=true
[21692]	128	137	-37	-6	-12	-2	det1=true
[21693]	128	137	-39	-6	-12	2	det1=true
[21694]	135	137	-41	-22	-5	-11	det1=true
[21695]	135	137	-52	-22	-5	11	det1=true
[21696]	135	137	-38	-27	-5	-11	det1=true
[21697]	137	137	-12	-9	-11	-7	det1=true
[21698]	44	138	-16	-9	-6	-4	det1=true
[21699]	44	138	-20	-9	-6	4	det1=true
[21700]	57	138	-17	-20	-1	-8	det1=true
[21701]	95	138	-51	-10	-1	10	det1=true
[21702]	99	138	-39	-31	-10	1	det1=true
[21703]	100	138	-29	-10	-4	-10	det1=true
[21704]	100	138	-39	-10	-4	10	det1=true
[21705]	105	138	-49	-29	-10	-1	det1=true
[21706]	105	138	-50	-29	-10	1	det1=true
[21707]	109	138	-43	-30	-3	-10	det1=true
[21708]	110	138	-46	-37	-10	-2	det1=true
[21709]	124	138	-28	-3	-10	-7	det1=true
[21710]	127	138	-43	3	-12	-1	det1=true
[21711]	129	138	-29	-8	-3	-12	det1=true
[21712]	133	138	-61	-5	-11	4	det1=true
[21713]	136	138	-25	-10	-8	-10	det1=true
[21714]	136	138	-35	-10	-8	10	det1=true
[21715]	79	139	-9	0	-10	1	det1=true
[21716]	103	139	-30	-10	-11	-1	det1=true
[21717]	103	139	-31	-10	-11	1	det1=true
[21718]	105	139	-43	-12	-8	-7	det1=true
[21719]	105	139	-44	-13	-9	6	det1=true
[21720]	113	139	-50	-5	-11	1	det1=true
[21721]	118	139	-23	-9	-12	-1	det1=true
[21722]	118	139	-24	-9	-12	1	det1=true
[21723]	121	139	-54	-11	-1	-11	det1=true
[21724]	121	139	-65	-11	-1	11	det1=true
[21725]	122	139	-23	-12	-2	-12	det1=true
[21726]	122	139	-35	-12	-2	12	det1=true
[21727]	122	139	-20	3	-12	-3	det1=true
[21728]	122	139	-23	3	-12	3	det1=true
[21729]	124	139	-36	-27	-6	-10	det1=true
[21730]	124	139	-46	-27	-6	10	det1=true
[21731]	125	139	-38	4	-11	-5	det1=true
[21732]	125	139	-43	4	-11	5	det1=true
[21733]	131	139	-28	-10	-6	-11	det1=true
[21734]	133	139	-7	0	-7	-11	det1=true
[21735]	135	139	-54	-47	-11	1	det1=true
[21736]	139	139	-27	-21	-8	-10	det1=true
[21737]	139	139	-37	-21	-8	10	det1=true
[21738]	52	140	-23	-3	-5	-6	det1=true
[21739]	54	140	-19	-5	-4	-7	det1=true
[21740]	69	140	-11	-2	-5	8	det1=true
[21741]	78	140	-23	-22	-5	-8	det1=true
[21742]	78	140	-31	-22	-5	8	det1=true
[21743]	88	140	-35	-6	-8	-6	det1=true
[21744]	88	140	-41	-6	-8	6	det1=true
[21745]	89	140	-27	-23	-1	-10	det1=true
[21746]	105	140	-43	-15	-8	-7	det1=true
[21747]	105	140	-50	-15	-8	7	det1=true
[21748]	110	140	-41	-26	-4	-10	det1=true
[21749]	112	140	-30	-17	-6	10	det1=true
[21750]	131	140	-43	-18	-9	-8	det1=true
[21751]	131	140	-51	-18	-9	8	det1=true
[21752]	133	140	-50	-1	-8	-9	det1=true
[21753]	133	140	-59	-1	-8	9	det1=true
[21754]	133	140	-48	-31	-6	-10	det1=true
[21755]	133	140	-58	-31	-6	10	det1=true
[21756]	135	140	-48	-5	-2	-12	det1=true
[21757]	135	140	-60	-5	-2	12	det1=true
[21758]	61	137	-18	-1	-3	-8	det1=true
[21759]	83	137	-35	-24	-6	-7	det1=true
[21760]	83	137	-42	-24	-6	7	det1=true
[21761]	90	137	-34	-11	-10	-1	det1=true
[21762]	90	137	-35	-11	-10	1	det1=true
[21763]	92	137	-30	-29	-4	-9	det1=true
[21764]	92	137	-39	-29	-4	9	det1=true
[21765]	113	137	-48	-12	-9	-6	det1=true
[21766]	113	137	-54	-12	-9	6	det1=true
[21767]	114	137	-33	-26	-11	-2	det1=true
[21768]	114	137	-35	-26	-11	2	det1=true
[21769]	116	137	-9	-6	-1	-12	det1=true
[21770]	121	137	-23	-10	-8	-9	det1=true
[21771]	121	137	-32	-10	-8	9	det1=true
[21772]	137	137	-63	-30	-1	-11	det1=true
[21773]	70	138	-3	-2	-5	-8	det1=true
[21774]	88	138	-23	-14	-10	-2	det1=true
[21775]	88	138	-25	-14	-10	2	det1=true
[21776]	108	138	-6	-1	-4	-11	det1=true
[21777]	108	138	-17	-1	-4	11	det1=true
[21778]	114	138	-45	-44	-2	-10	det1=true
[21779]	134	138	-14	3	-12	-5	det1=true
[21780]	59	139	-31	-11	-2	8	det1=true
[21781]	97	139	-43	-16	-9	5	det1=true
[21782]	97	139	-18	0	-11	1	det1=true
[21783]	99	139	-18	-11	-11	-1	det1=true
[21784]	99	139	-13	-16	-1	-11	det1=true
[21785]	107	139	-43	0	-6	-9	det1=true
[21786]	109	139	-29	-1	-7	-9	det1=true
[21787]	109	139	-38	-1	-7	9	det1=true
[21788]	111	139	-46	-20	-10	-4	det1=true
[21789]	119	139	-20	-15	-1	-12	det1=true
[21790]	119	139	-32	-15	-1	12	det1=true
[21791]	120	139	-5	-7	-3	-12	det1=true
[21792]	120	139	-17	-7	-3	12	det1=true
[21793]	121	139	-55	-3	-1	-11	det1=true
[21794]	121	139	-66	-3	-1	11	det1=true
[21795]	129	139	-38	-15	-5	-11	det1=true
[21796]	129	139	-49	-15	-5	11	det1=true
[21797]	132	139	-57	-46	-7	-8	det1=true
[21798]	132	139	-65	-46	-7	8	det1=true
[21799]	137	139	-65	-14	-9	-7	det1=true
[21800]	137	139	-72	-14	-9	7	det1=true
[21801]	71	140	-19	-15	-9	-2	det1=true
[21802]	71	140	-21	-15	-9	2	det1=true
[21803]	85	140	-8	-3	-10	-3	det1=true
[21804]	85	140	-11	-3	-10	3	det1=true
[21805]	86	140	-23	-6	-2	-10	det1=true
[21806]	86	140	-33	-6	-2	10	det1=true
[21807]	91	140	-41	-37	-6	-7	det1=true
[21808]	91	140	-48	-37	-6	7	det1=true
[21809]	97	140	-33	-4	-9	6	det1=true
[21810]	106	140	-8	-3	-10	-6	det1=true
[21811]	106	140	-14	-3	-10	6	det1=true
[21812]	118	140	-29	-24	-10	-6	det1=true
[21813]	118	140	-35	-24	-10	6	det1=true
[21814]	125	140	-43	-22	-10	-6	det1=true
[21815]	125	140	-49	-22	-10	6	det1=true
[21816]	128	140	-53	-6	-11	-4	det1=true
[21817]	128	140	-57	-6	-11	4	det1=true
[21818]	131	140	-54	-33	-4	11	det1=true
[21819]	49	137	-7	-4	-6	-5	det1=true
[21820]	49	137	-12	-4	-6	5	det1=true
[21821]	86	137	-3	1	-10	-3	det1=true
[21822]	86	137	-6	1	-10	3	det1=true
[21823]	107	137	3	3	-6	-10	det1=true
[21824]	107	137	-7	3	-6	10	det1=true
[21825]	118	137	-7	5	-10	-7	det1=true
[21826]	118	137	-14	5	-10	7	det1=true
[21827]	121	137	-23	-14	-12	-1	det1=true
[21828]	121	137	-24	-14	-12	1	det1=true
[21829]	129	137	-50	-43	-9	-6	det1=true
[21830]	129	137	-56	-43	-9	6	det1=true
[21831]	135	137	-9	1	-11	-7	det1=true
[21832]	135	137	-16	1	-11	7	det1=true
[21833]	136	137	-43	-13	-7	-10	det1=true
[21834]	136	137	-53	-13	-7	10	det1=true
[21835]	94	138	-32	-27	-6	-8	det1=true
[21836]	94	138	-40	-27	-6	8	det1=true
[21837]	110	138	-35	-8	-5	-10	det1=true
[21838]	113	138	-39	-11	-2	-11	det1=true
[21839]	113	138	-50	-11	-2	11	det1=true
[21840]	123	138	-52	-33	-4	-10	det1=true
[21841]	123	138	-62	-33	-4	10	det1=true
[21842]	134	138	-62	-41	-8	-7	det1=true
[21843]	75	139	-16	-16	-3	-9	det1=true
[21844]	83	139	-16	-16	-6	-8	det1=true
[21845]	83	139	-24	-16	-6	8	det1=true
[21846]	83	139	-6	-2	-9	-5	det1=true
[21847]	91	139	-5	-5	-4	-10	det1=true
[21848]	91	139	-15	-5	-4	10	det1=true
[21849]	99	139	-24	-16	-1	11	det1=true
[21850]	111	139	-50	-20	-10	4	det1=true
[21851]	119	139	-22	-11	-1	-12	det1=true
[21852]	119	139	-34	-11	-1	12	det1=true
[21853]	121	139	-25	-10	-5	-11	det1=true
[21854]	121	139	-36	-10	-5	11	det1=true
[21855]	127	139	-60	-21	-11	2	det1=true
[21856]	94	140	-37	-24	-8	-6	det1=true
[21857]	94	140	-43	-24	-8	6	det1=true
[21858]	98	140	-25	-23	-7	-8	det1=true
[21859]	98	140	-33	-23	-7	8	det1=true
[21860]	118	140	-47	-44	-3	-10	det1=true
[21861]	131	140	-43	-33	-4	-11	det1=true
[21862]	131	140	-32	-27	-10	-7	det1=true
[21863]	131	140	-39	-27	-10	7	det1=true
[21864]	137	140	-21	-13	-5	-12	det1=true
[21865]	137	140	-33	-13	-5	12	det1=true
[21866]	91	137	-41	-39	-1	-9	det1=true
[21867]	91	137	-50	-39	-1	9	det1=true
[21868]	92	137	-21	-12	-3	-10	det1=true
[21869]	92	137	-31	-12	-3	10	det1=true
[21870]	93	137	-10	-2	-4	-10	det1=true
[21871]	93	137	-20	-2	-4	10	det1=true
[21872]	95	137	-27	-22	-5	-9	det1=true
[21873]	95	137	-36	-22	-5	9	det1=true
[21874]	108	137	-49	-28	-10	-2	det1=true
[21875]	108	137	-51	-28	-10	2	det1=true
[21876]	112	137	-22	-3	-10	-6	det1=true
[21877]	112	137	-28	-3	-10	6	det1=true
[21878]	114	137	-38	-15	-2	-11	det1=true
[21879]	119	137	-37	-23	-11	-3	det1=true
[21880]	119	137	-40	-23	-11	3	det1=true
[21881]	126	137	-21	1	-11	6	det1=true
[21882]	137	137	-9	-14	-1	-13	det1=true
[21883]	137	137	-22	-14	-1	13	det1=true
[21884]	103	138	-31	-20	-10	-4	det1=true
[21885]	103	138	-35	-20	-10	4	det1=true
[21886]	49	139	-10	-6	-6	-5	det1=true
[21887]	49	139	-15	-6	-6	5	det1=true
[21888]	55	139	-18	-12	-1	-8	det1=true
[21889]	55	139	-26	-12	-1	8	det1=true
[21890]	86	139	-35	-7	-9	-4	det1=true
[21891]	97	139	-17	0	-11	-1	det1=true
[21892]	99	139	-19	-11	-11	1	det1=true
[21893]	100	139	-19	0	-11	-2	det1=true
[21894]	100	139	-21	0	-11	2	det1=true
[21895]	103	139	-16	4	-11	-3	det1=true
[21896]	103	139	-19	4	-11	3	det1=true
[21897]	123	139	-28	-2	-10	-7	det1=true
[21898]	123	139	-35	-2	-10	7	det1=true
[21899]	128	139	-37	-14	-12	-2	det1=true
[21900]	128	139	-39	-14	-12	2	det1=true
[21901]	135	139	-49	-14	-11	-5	det1=true
[21902]	135	139	-54	-14	-11	5	det1=true
[21903]	139	139	-42	-34	-5	-11	det1=true
[21904]	139	139	-53	-34	-5	11	det1=true
[21905]	139	139	-4	-4	-3	-13	det1=true
[21906]	54	140	-22	-3	-8	-1	det1=true
[21907]	93	140	-43	-2	-10	2	det1=true
[21908]	98	140	-33	-23	-10	-3	det1=true
[21909]	98	140	-36	-23	-10	3	det1=true
[21910]	101	140	-32	-17	-10	-4	det1=true
[21911]	101	140	-36	-17	-10	4	det1=true
[21912]	119	140	-23	-13	-9	-8	det1=true
[21913]	109	137	-20	-16	-11	-3	det1=true
[21914]	111	137	-40	-15	-11	-1	det1=true
[21915]	111	137	-41	-15	-11	1	det1=true
[21916]	118	137	-17	-3	-1	-12	det1=true
[21917]	118	137	-29	-3	-1	12	det1=true
[21918]	120	137	-56	-19	-10	-4	det1=true
[21919]	126	137	-15	1	-11	-6	det1=true
[21920]	137	137	-57	-8	-4	-11	det1=true
[21921]	137	137	-68	-8	-4	11	det1=true
[21922]	115	138	-38	-37	-4	-10	det1=true
[21923]	115	138	-48	-37	-4	10	det1=true
[21924]	120	138	-23	0	-12	-2	det1=true
[21925]	120	138	-25	0	-12	2	det1=true
[21926]	122	138	-15	-16	-7	-10	det1=true
[21927]	122	138	-25	-16	-7	10	det1=true
[21928]	131	138	-30	-25	-10	-7	det1=true
[21929]	131	138	-37	-25	-10	7	det1=true
[21930]	73	139	-26	-19	-1	-9	det1=true
[21931]	86	139	-39	-7	-9	4	det1=true
[21932]	116	139	-49	-24	-9	-6	det1=true
[21933]	116	139	-55	-24	-9	6	det1=true
[21934]	134	139	-22	-11	-8	-10	det1=true
[21935]	134	139	-32	-11	-8	10	det1=true
[21936]	93	140	-41	-2	-10	-2	det1=true
[21937]	99	140	-26	-19	-10	-4	det1=true
[21938]	99	140	-30	-19	-10	4	det1=true
[21939]	112	140	-51	-8	-9	-6	det1=true
[21940]	112	140	-57	-8	-9	6	det1=true
[21941]	56	137	-15	-17	-1	-8	det1=true
[21942]	56	137	-23	-17	-1	8	det1=true
[21943]	87	137	-22	-17	-1	-10	det1=true
[21944]	121	137	-24	4	-12	-2	det1=true
[21945]	121	137	-26	4	-12	2	det1=true
[21946]	118	138	-51	-5	-11	-2	det1=true
[21947]	129	138	-41	-29	-11	-4	det1=true
[21948]	129	138	-45	-29	-11	4	det1=true
[21949]	137	138	-31	2	-10	-8	det1=true
[21950]	137	138	-39	2	-10	8	det1=true
[21951]	39	139	-4	0	-7	-1	det1=true
[21952]	39	139	-5	0	-7	1	det1=true
[21953]	99	139	-9	-8	-2	-11	det1=true
[21954]	99	139	-20	-8	-2	11	det1=true
[21955]	133	139	-10	-2	-5	-12	det1=true
[21956]	139	139	-23	-11	-1	-13	det1=true
[21957]	139	139	-36	-11	-1	13	det1=true
[21958]	71	140	-17	-16	-7	-6	det1=true
[21959]	71	140	-23	-16	-7	6	det1=true
[21960]	106	140	-43	-4	-4	-10	det1=true
[21961]	106	140	-53	-4	-4	10	det1=true
[21962]	128	140	-30	-15	-12	-3	det1=true
[21963]	128	140	-33	-15	-12	3	det1=true
[21964]	110	137	-45	-14	-10	-4	det1=true
[21965]	120	137	-60	-19	-10	4	det1=true
[21966]	123	137	-47	-24	-2	-11	det1=true
[21967]	123	137	-58	-24	-2	11	det1=true
[21968]	123	137	-30	-2	-8	-9	det1=true
[21969]	123	137	-39	-2	-8	9	det1=true
[21970]	91	138	-34	-17	-10	-1	det1=true
[21971]	77	139	-26	-23	-7	-6	det1=true
[21972]	77	139	-32	-23	-7	6	det1=true
[21973]	133	139	-22	-2	-5	12	det1=true
[21974]	125	140	-48	-45	-10	-4	det1=true
[21975]	125	140	-52	-45	-10	4	det1=true
[21976]	137	140	-64	-1	-10	-6	det1=true
[21977]	137	140	-70	-1	-10	6	det1=true
[21978]	79	137	-28	-23	-7	-6	det1=true
[21979]	79	137	-34	-23	-7	6	det1=true
[21980]	110	137	-49	-14	-10	4	det1=true
[21981]	112	137	-51	-20	-3	-10	det1=true
[21982]	75	139	-32	-32	-5	-7	det1=true
[21983]	75	139	-39	-32	-5	7	det1=true
[21984]	116	139	-13	-10	-9	-8	det1=true
[21985]	116	139	-21	-10	-9	8	det1=true
[21986]	127	139	-56	-40	-8	-7	det1=true
[21987]	127	139	-63	-40	-8	7	det1=true
[21988]	92	138	-12	5	-10	-4	det1=true
[21989]	112	139	-55	-30	-10	-2	det1=true
[21990]	112	139	-57	-30	-10	2	det1=true
[21991]	93	140	-37	-6	-2	-10	det1=true
[21992]	93	140	-47	-6	-2	10	det1=true
[21993]	95	137	-42	-18	-4	-9	det1=true
[21994]	95	137	-51	-18	-4	9	det1=true
[21995]	131	137	-57	-9	-7	-9	det1=true
[21996]	131	137	-66	-9	-7	9	det1=true
[21997]	59	137	-8	-7	-3	-8	det1=true
[21998]	59	137	-16	-7	-3	8	det1=true
[21999]	72	137	-16	-15	-6	-7	det1=true
[22000]	139	139	-24	-12	-5	-12	det1=true
[22001]	139	139	-36	-12	-5	12	det1=true
[22002]	50	137	-13	-3	-6	-5	det1=true
[22003]	50	137	-18	-3	-6	5	det1=true
[22004]	125	137	-57	-8	-1	-11	det1=true
[22005]	116	138	-56	-7	-10	-4	det1=true
[22006]	116	138	-60	-7	-10	4	det1=true
[22007]	131	137	-58	-8	-9	-7	det1=true
[22008]	109	139	-30	-20	-10	-5	det1=true
[22009]	140	140	-57	-2	-1	-12	det1=true
[22010]	140	140	-69	-2	-1	12	det1=true
[22011]	75	139	-33	-31	-7	-5	det1=true
[22012]	75	139	-38	-31	-7	5	det1=true
[22013]	125	137	-42	-37	-11	-2	det1=true
[22014]	125	137	-44	-37	-11	2	det1=true
[22015]	97	139	-39	-21	-10	-2	det1=true
[22016]	97	139	-41	-21	-10	2	det1=true
[22017]	137	140	-53	-13	-9	-8	det1=true
[22018]	137	140	-61	-13	-9	8	det1=true
[22019]	83	139	-4	-4	-5	-9	det1=true
[22020]	117	140	-41	-40	-4	-10	det1=true
[22021]	117	140	-51	-40	-4	10	det1=true
[22022]	137	137	-50	-30	-6	-10	det1=true
[22023]	113	138	-53	-11	-8	-7	det1=true
[22024]	113	138	-60	-11	-8	7	det1=true
[22025]	138	138	-63	-2	-11	-4	det1=true
[22026]	138	138	-67	-2	-11	4	det1=true
[22027]	138	138	-59	-9	-4	-11	det1=true
[22028]	138	138	-70	-9	-4	11	det1=true
[22029]	138	138	-51	-31	-4	-11	det1=true
[22030]	116	138	-53	-10	-4	-10	det1=true
[22031]	116	138	-63	-10	-4	10	det1=true
[22032]	131	141	-5	-3	-7	-11	det1=true
[22033]	131	141	-16	-3	-7	11	det1=true
[22034]	97	141	-48	-16	-10	-1	det1=true
[22035]	97	141	-49	-16	-10	1	det1=true
[22036]	100	141	-38	5	-10	-4	det1=true
[22037]	100	141	-42	5	-10	4	det1=true
[22038]	141	141	-64	-50	-10	-4	det1=true
[22039]	141	141	-68	-50	-10	4	det1=true
[22040]	106	142	-15	5	-11	-4	det1=true
[22041]	106	142	-19	5	-11	4	det1=true
[22042]	98	143	-27	-18	-9	-6	det1=true
[22043]	98	143	-33	-18	-9	6	det1=true
[22044]	127	143	-42	-16	-9	-8	det1=true
[22045]	127	143	-50	-16	-9	8	det1=true
[22046]	131	143	-51	-3	-12	-2	det1=true
[22047]	140	143	-48	-33	-2	-12	det1=true
[22048]	140	143	-60	-33	-2	12	det1=true
[22049]	143	143	-20	1	-13	-4	det1=true
[22050]	143	143	-24	1	-13	4	det1=true
[22051]	13	144	-5	-1	-4	-1	det1=true
[22052]	13	144	-6	-1	-4	1	det1=true
[22053]	135	144	-43	-22	-3	-12	det1=true
[22054]	135	144	-55	-22	-3	12	det1=true
[22055]	43	141	-10	-12	-2	-7	det1=true
[22056]	85	141	-32	-6	-2	10	det1=true
[22057]	87	141	-27	-5	-2	-10	det1=true
[22058]	87	141	-37	-5	-2	10	det1=true
[22059]	99	141	-28	5	-11	-1	det1=true
[22060]	104	141	-41	-18	-7	-8	det1=true
[22061]	104	141	-49	-18	-7	8	det1=true
[22062]	104	141	2	3	-6	-10	det1=true
[22063]	104	141	-8	3	-6	10	det1=true
[22064]	106	141	-29	-17	-10	-5	det1=true
[22065]	106	141	-34	-17	-10	5	det1=true
[22066]	107	141	-16	5	-11	-4	det1=true
[22067]	107	141	-20	5	-11	4	det1=true
[22068]	123	141	-42	-16	-4	-11	det1=true
[22069]	123	141	-53	-16	-4	11	det1=true
[22070]	131	141	-6	-1	-7	-11	det1=true
[22071]	131	141	-17	-1	-7	11	det1=true
[22072]	138	141	-60	-53	-8	-7	det1=true
[22073]	138	141	-67	-53	-8	7	det1=true
[22074]	139	141	-34	-3	-13	-1	det1=true
[22075]	139	141	-35	-3	-13	1	det1=true
[22076]	141	141	-34	-7	-11	-7	det1=true
[22077]	141	141	-41	-7	-11	7	det1=true
[22078]	72	142	-15	-14	-5	-8	det1=true
[22079]	72	142	-23	-14	-5	8	det1=true
[22080]	80	142	-11	2	-10	-2	det1=true
[22081]	80	142	-13	2	-10	2	det1=true
[22082]	92	142	-32	-9	-10	-3	det1=true
[22083]	92	142	-35	-9	-10	3	det1=true
[22084]	102	142	-45	-19	-10	-3	det1=true
[22085]	133	142	-41	-26	-2	-12	det1=true
[22086]	133	142	-53	-26	-2	12	det1=true
[22087]	136	142	-63	-58	-2	-10	det1=true
[22088]	136	142	-73	-58	-2	10	det1=true
[22089]	142	142	-29	-25	-12	-5	det1=true
[22090]	33	143	-10	-10	-4	-5	det1=true
[22091]	33	143	-15	-10	-4	5	det1=true
[22092]	71	143	-31	-7	-1	-9	det1=true
[22093]	71	143	-40	-7	-1	9	det1=true
[22094]	79	143	-4	-2	-2	-10	det1=true
[22095]	79	143	-14	-2	-2	10	det1=true
[22096]	90	143	-14	-1	-4	-10	det1=true
[22097]	90	143	-24	-1	-4	10	det1=true
[22098]	100	143	-40	-1	-10	-4	det1=true
[22099]	100	143	-44	-1	-10	4	det1=true
[22100]	122	143	-59	-30	-10	-4	det1=true
[22101]	122	143	-63	-30	-10	4	det1=true
[22102]	143	143	-39	-25	-8	-10	det1=true
[22103]	143	143	-49	-25	-8	10	det1=true
[22104]	79	144	-8	1	-2	-10	det1=true
[22105]	79	144	-18	1	-2	10	det1=true
[22106]	83	144	-23	-8	-10	-2	det1=true
[22107]	83	144	-25	-8	-10	2	det1=true
[22108]	85	144	-27	-2	-2	-10	det1=true
[22109]	85	144	-37	-2	-2	10	det1=true
[22110]	95	144	-9	1	-2	-11	det1=true
[22111]	95	144	-20	1	-2	11	det1=true
[22112]	111	144	-44	-7	-2	-11	det1=true
[22113]	111	144	-55	-7	-2	11	det1=true
[22114]	130	144	-13	-5	-2	13	det1=true
[22115]	132	144	-48	-11	-2	-12	det1=true
[22116]	132	144	-60	-11	-2	12	det1=true
[22117]	132	144	-17	0	-13	-2	det1=true
[22118]	132	144	-19	0	-13	2	det1=true
[22119]	134	144	-41	-23	-3	-12	det1=true
[22120]	134	144	-53	-23	-3	12	det1=true
[22121]	140	144	-48	-35	-2	-12	det1=true
[22122]	140	144	-60	-35	-2	12	det1=true
[22123]	53	141	-13	-12	-4	-7	det1=true
[22124]	53	141	-20	-12	-4	7	det1=true
[22125]	66	141	-6	-5	-2	-9	det1=true
[22126]	66	141	-15	-5	-2	9	det1=true
[22127]	71	141	-27	-13	-1	-9	det1=true
[22128]	71	141	-36	-13	-1	9	det1=true
[22129]	82	141	-21	-1	-1	-10	det1=true
[22130]	82	141	-31	-1	-1	10	det1=true
[22131]	85	141	-22	-6	-2	-10	det1=true
[22132]	91	141	-41	-10	-10	-1	det1=true
[22133]	91	141	-42	-10	-10	1	det1=true
[22134]	93	141	-40	-10	-10	-2	det1=true
[22135]	93	141	-42	-10	-10	2	det1=true
[22136]	99	141	-22	-12	-11	-1	det1=true
[22137]	99	141	-23	-12	-11	1	det1=true
[22138]	105	141	-1	2	-4	-11	det1=true
[22139]	105	141	-12	2	-4	11	det1=true
[22140]	109	141	-48	-32	-5	-9	det1=true
[22141]	109	141	-57	-32	-5	9	det1=true
[22142]	111	141	-44	-7	-11	-2	det1=true
[22143]	111	141	-46	-7	-11	2	det1=true
[22144]	115	141	-47	-47	-2	-10	det1=true
[22145]	115	141	-57	-47	-2	10	det1=true
[22146]	116	141	-25	-3	-12	-1	det1=true
[22147]	116	141	-23	-9	-12	1	det1=true
[22148]	122	141	-19	-8	-3	-12	det1=true
[22149]	122	141	-31	-8	-3	12	det1=true
[22150]	125	141	-57	-53	-8	-6	det1=true
[22151]	125	141	-63	-53	-8	6	det1=true
[22152]	126	141	-27	-26	-2	-12	det1=true
[22153]	126	141	-39	-26	-2	12	det1=true
[22154]	128	141	-45	-28	-10	-6	det1=true
[22155]	128	141	-51	-28	-10	6	det1=true
[22156]	137	141	-31	4	-13	-1	det1=true
[22157]	141	141	-31	-12	-1	-13	det1=true
[22158]	141	141	-44	-12	-1	13	det1=true
[22159]	141	141	-26	-22	-1	-13	det1=true
[22160]	141	141	-39	-22	-1	13	det1=true
[22161]	50	142	-19	-5	-6	-5	det1=true
[22162]	50	142	-24	-5	-6	5	det1=true
[22163]	58	142	-23	-21	-4	-7	det1=true
[22164]	58	142	-30	-21	-4	7	det1=true
[22165]	67	142	-10	-11	-2	-9	det1=true
[22166]	83	142	-28	-3	-8	-6	det1=true
[22167]	83	142	-34	-3	-8	6	det1=true
[22168]	86	142	-21	-13	-3	10	det1=true
[22169]	88	142	-30	-7	-2	-10	det1=true
[22170]	88	142	-40	-7	-2	10	det1=true
[22171]	94	142	-44	-17	-10	-1	det1=true
[22172]	94	142	-45	-17	-10	1	det1=true
[22173]	96	142	-43	-10	-2	-10	det1=true
[22174]	99	142	-23	2	-11	-2	det1=true
[22175]	99	142	-25	2	-11	2	det1=true
[22176]	105	142	-55	-5	-8	7	det1=true
[22177]	117	142	-50	-31	-4	-10	det1=true
[22178]	117	142	-60	-31	-4	10	det1=true
[22179]	129	142	-58	-41	-4	-10	det1=true
[22180]	129	142	-68	-41	-4	10	det1=true
[22181]	136	142	-36	-39	-2	-12	det1=true
[22182]	136	142	-48	-39	-2	12	det1=true
[22183]	139	142	-59	-5	-8	-9	det1=true
[22184]	139	142	-68	-5	-8	9	det1=true
[22185]	139	142	-7	-5	-9	-10	det1=true
[22186]	142	142	-27	-19	-2	-13	det1=true
[22187]	142	142	-40	-19	-2	13	det1=true
[22188]	23	143	-10	-4	-5	-2	det1=true
[22189]	23	143	-12	-4	-5	2	det1=true
[22190]	47	143	-23	-8	-3	7	det1=true
[22191]	71	143	-12	-12	-3	-9	det1=true
[22192]	73	143	-20	-14	-5	-8	det1=true
[22193]	89	143	-29	-11	-5	-9	det1=true
[22194]	95	143	-12	-11	-1	-11	det1=true
[22195]	95	143	-23	-11	-1	11	det1=true
[22196]	96	143	-41	-34	-2	10	det1=true
[22197]	101	143	-42	-10	-8	-7	det1=true
[22198]	109	143	-23	-11	-10	-6	det1=true
[22199]	109	143	-29	-11	-10	6	det1=true
[22200]	116	143	-37	-10	-6	-10	det1=true
[22201]	116	143	-47	-10	-6	10	det1=true
[22202]	116	143	-18	-7	-2	-12	det1=true
[22203]	116	143	-30	-7	-2	12	det1=true
[22204]	131	143	-53	-3	-12	2	det1=true
[22205]	132	143	-51	-1	-1	-12	det1=true
[22206]	132	143	-63	-1	-1	12	det1=true
[22207]	134	143	-27	-18	-10	-8	det1=true
[22208]	134	143	-35	-18	-10	8	det1=true
[22209]	135	143	-24	-7	-1	-13	det1=true
[22210]	135	143	-37	-7	-1	13	det1=true
[22211]	139	143	-51	-29	-12	-2	det1=true
[22212]	139	143	-53	-29	-12	2	det1=true
[22213]	140	143	-53	-28	-12	-2	det1=true
[22214]	140	143	-55	-28	-12	2	det1=true
[22215]	49	144	-3	-1	-1	-8	det1=true
[22216]	49	144	-11	-1	-1	8	det1=true
[22217]	82	144	-31	-29	-5	-8	det1=true
[22218]	82	144	-39	-29	-5	8	det1=true
[22219]	94	144	-39	-22	-10	-2	det1=true
[22220]	94	144	-41	-22	-10	2	det1=true
[22221]	105	144	-50	-5	-8	-7	det1=true
[22222]	120	144	-30	-5	-2	-12	det1=true
[22223]	120	144	-42	-5	-2	12	det1=true
[22224]	130	144	0	-5	-2	-13	det1=true
[22225]	133	144	-33	-2	-8	-10	det1=true
[22226]	133	144	-43	-2	-8	10	det1=true
[22227]	50	141	-1	-4	-1	-8	det1=true
[22228]	51	141	-13	2	-8	-1	det1=true
[22229]	51	141	-14	2	-8	1	det1=true
[22230]	51	141	-10	0	-4	-7	det1=true
[22231]	53	141	-8	-4	-8	-2	det1=true
[22232]	53	141	-10	-4	-8	2	det1=true
[22233]	59	141	-14	-5	-7	-5	det1=true
[22234]	59	141	-19	-5	-7	5	det1=true
[22235]	84	141	-20	-9	-10	-2	det1=true
[22236]	84	141	-22	-9	-10	2	det1=true
[22237]	92	141	-40	-27	-6	8	det1=true
[22238]	104	141	-39	-38	-2	-10	det1=true
[22239]	104	141	-49	-38	-2	10	det1=true
[22240]	107	141	-40	-14	-11	1	det1=true
[22241]	107	141	-34	-19	-1	-11	det1=true
[22242]	107	141	-45	-19	-1	11	det1=true
[22243]	111	141	-52	-18	-1	11	det1=true
[22244]	111	141	-36	-23	-11	-2	det1=true
[22245]	116	141	-41	-28	-11	-2	det1=true
[22246]	116	141	-43	-28	-11	2	det1=true
[22247]	117	141	-55	-14	-11	1	det1=true
[22248]	120	141	-43	-44	-4	-10	det1=true
[22249]	123	141	-29	-18	-5	-11	det1=true
[22250]	123	141	-40	-18	-5	11	det1=true
[22251]	125	141	-58	-27	-11	-1	det1=true
[22252]	125	141	-59	-27	-11	1	det1=true
[22253]	128	141	-47	-21	-4	-11	det1=true
[22254]	128	141	-58	-21	-4	11	det1=true
[22255]	137	141	-40	-32	-10	-7	det1=true
[22256]	137	141	-47	-32	-10	7	det1=true
[22257]	141	141	-37	-6	-13	-1	det1=true
[22258]	141	141	-38	-6	-13	1	det1=true
[22259]	61	142	-21	-13	-8	-3	det1=true
[22260]	61	142	-24	-13	-8	3	det1=true
[22261]	70	142	-17	-16	-7	-6	det1=true
[22262]	70	142	-23	-16	-7	6	det1=true
[22263]	80	142	-19	-6	-8	-6	det1=true
[22264]	80	142	-25	-6	-8	6	det1=true
[22265]	83	142	-25	-1	-1	-10	det1=true
[22266]	91	142	-39	-36	-5	-8	det1=true
[22267]	91	142	-47	-36	-5	8	det1=true
[22268]	99	142	-53	-29	-1	10	det1=true
[22269]	100	142	-43	-37	-9	-4	det1=true
[22270]	100	142	-47	-37	-9	4	det1=true
[22271]	103	142	-39	-42	-1	-10	det1=true
[22272]	103	142	-49	-42	-1	10	det1=true
[22273]	106	142	-41	-33	-3	-10	det1=true
[22274]	112	142	-29	-10	-10	-6	det1=true
[22275]	112	142	-35	-10	-10	6	det1=true
[22276]	113	142	-43	-23	-11	2	det1=true
[22277]	117	142	-61	-7	-2	11	det1=true
[22278]	118	142	-21	-12	-12	-2	det1=true
[22279]	120	142	-31	-30	-6	-10	det1=true
[22280]	120	142	-41	-30	-6	10	det1=true
[22281]	122	142	-33	-32	-6	-10	det1=true
[22282]	122	142	-43	-32	-6	10	det1=true
[22283]	132	142	-54	-19	-4	-11	det1=true
[22284]	132	142	-65	-19	-4	11	det1=true
[22285]	133	142	-59	-62	-1	-10	det1=true
[22286]	133	142	-69	-62	-1	10	det1=true
[22287]	133	142	-46	-21	-12	-2	det1=true
[22288]	133	142	-48	-21	-12	2	det1=true
[22289]	138	142	-49	-23	-10	-7	det1=true
[22290]	138	142	-56	-23	-10	7	det1=true
[22291]	139	142	-35	-5	-12	-5	det1=true
[22292]	139	142	-17	-5	-9	10	det1=true
[22293]	22	143	-2	1	-2	-5	det1=true
[22294]	22	143	-7	1	-2	5	det1=true
[22295]	29	143	-10	-4	-6	-1	det1=true
[22296]	29	143	-11	-4	-6	1	det1=true
[22297]	32	143	-9	-3	-4	-5	det1=true
[22298]	32	143	-14	-3	-4	5	det1=true
[22299]	41	143	-18	-8	-7	-1	det1=true
[22300]	41	143	-19	-8	-7	1	det1=true
[22301]	71	143	-35	-3	-9	-1	det1=true
[22302]	71	143	-36	-3	-9	1	det1=true
[22303]	74	143	-19	-19	-5	-8	det1=true
[22304]	79	143	-17	-7	-8	-6	det1=true
[22305]	79	143	-23	-7	-8	6	det1=true
[22306]	89	143	-38	-11	-5	9	det1=true
[22307]	96	143	-31	-34	-2	-10	det1=true
[22308]	100	143	-28	-25	-10	-4	det1=true
[22309]	100	143	-32	-25	-10	4	det1=true
[22310]	101	143	-49	-10	-8	7	det1=true
[22311]	105	143	-49	-36	-10	-1	det1=true
[22312]	105	143	-50	-36	-10	1	det1=true
[22313]	114	143	-49	-39	-3	-10	det1=true
[22314]	114	143	-59	-39	-3	10	det1=true
[22315]	116	143	-23	-2	-12	-2	det1=true
[22316]	116	143	-25	-2	-12	2	det1=true
[22317]	119	143	-36	-24	-10	-6	det1=true
[22318]	119	143	-42	-24	-10	6	det1=true
[22319]	119	143	-29	-7	-12	-2	det1=true
[22320]	119	143	-31	-7	-12	2	det1=true
[22321]	121	143	-30	4	-12	3	det1=true
[22322]	122	143	-56	-33	-4	-10	det1=true
[22323]	122	143	-66	-33	-4	10	det1=true
[22324]	124	143	-51	-28	-6	10	det1=true
[22325]	124	143	-31	-16	-7	-10	det1=true
[22326]	124	143	-41	-16	-7	10	det1=true
[22327]	129	143	-61	-35	-11	1	det1=true
[22328]	129	143	-34	-26	-7	-10	det1=true
[22329]	129	143	-44	-26	-7	10	det1=true
[22330]	133	143	-30	-26	-6	-11	det1=true
[22331]	134	143	-32	-7	-8	-10	det1=true
[22332]	134	143	-42	-7	-8	10	det1=true
[22333]	134	143	-34	-19	-12	-4	det1=true
[22334]	134	143	-26	-19	-8	-10	det1=true
[22335]	134	143	-36	-19	-8	10	det1=true
[22336]	136	143	-53	-18	-1	-12	det1=true
[22337]	136	143	-65	-18	-1	12	det1=true
[22338]	137	143	-24	-18	-1	-13	det1=true
[22339]	137	143	-37	-18	-1	13	det1=true
[22340]	141	143	-50	-26	-12	-3	det1=true
[22341]	141	143	-53	-26	-12	3	det1=true
[22342]	49	144	-3	-1	-4	-7	det1=true
[22343]	79	144	-11	0	-10	-2	det1=true
[22344]	79	144	-13	0	-10	2	det1=true
[22345]	80	144	-19	-11	-10	-1	det1=true
[22346]	80	144	-20	-11	-10	1	det1=true
[22347]	114	144	-41	-27	-2	-11	det1=true
[22348]	114	144	-52	-27	-2	11	det1=true
[22349]	116	144	-44	-27	-2	-11	det1=true
[22350]	116	144	-55	-27	-2	11	det1=true
[22351]	117	144	-23	-12	-12	-2	det1=true
[22352]	118	144	-58	-43	-10	-2	det1=true
[22353]	118	144	-60	-43	-10	2	det1=true
[22354]	120	144	-59	-9	-11	-2	det1=true
[22355]	120	144	-61	-9	-11	2	det1=true
[22356]	129	144	-37	-14	-3	-12	det1=true
[22357]	129	144	-49	-14	-3	12	det1=true
[22358]	131	144	-55	-19	-4	-11	det1=true
[22359]	131	144	-66	-19	-4	11	det1=true
[22360]	143	144	-81	-31	-7	-8	det1=true
[22361]	143	144	-89	-31	-7	8	det1=true
[22362]	144	144	-61	-53	-11	-2	det1=true
[22363]	144	144	-63	-53	-11	2	det1=true
[22364]	58	141	-28	-15	-8	-1	det1=true
[22365]	58	141	-29	-15	-8	1	det1=true
[22366]	78	141	-31	-11	-5	-8	det1=true
[22367]	79	141	-22	-6	-9	-4	det1=true
[22368]	79	141	-26	-6	-9	4	det1=true
[22369]	82	141	-25	-15	-9	-4	det1=true
[22370]	82	141	-29	-15	-9	4	det1=true
[22371]	91	141	-38	-36	-8	-5	det1=true
[22372]	91	141	-43	-36	-8	5	det1=true
[22373]	98	141	-29	-20	-7	-8	det1=true
[22374]	101	141	-28	-24	-10	-4	det1=true
[22375]	101	141	-20	-10	-2	-11	det1=true
[22376]	101	141	-31	-10	-2	11	det1=true
[22377]	106	141	-26	-21	-2	-11	det1=true
[22378]	106	141	-37	-21	-2	11	det1=true
[22379]	107	141	-39	-14	-11	-1	det1=true
[22380]	107	141	-26	-24	-2	-11	det1=true
[22381]	107	141	-37	-24	-2	11	det1=true
[22382]	117	141	-17	-9	-12	-2	det1=true
[22383]	117	141	-19	-9	-12	2	det1=true
[22384]	118	141	-5	-4	-3	-12	det1=true
[22385]	118	141	-17	-4	-3	12	det1=true
[22386]	119	141	-58	-55	-9	-3	det1=true
[22387]	119	141	-61	-55	-9	3	det1=true
[22388]	120	141	-53	-44	-4	10	det1=true
[22389]	125	141	-47	-41	-1	-11	det1=true
[22390]	125	141	-58	-41	-1	11	det1=true
[22391]	129	141	-53	0	-4	-11	det1=true
[22392]	134	141	-55	-39	-4	11	det1=true
[22393]	55	142	-18	-7	-8	-2	det1=true
[22394]	55	142	-20	-7	-8	2	det1=true
[22395]	55	142	-15	-10	-2	-8	det1=true
[22396]	55	142	-23	-10	-2	8	det1=true
[22397]	67	142	-19	-11	-2	9	det1=true
[22398]	68	142	-21	1	-9	-2	det1=true
[22399]	68	142	-23	1	-9	2	det1=true
[22400]	78	142	-33	-11	-8	-5	det1=true
[22401]	78	142	-38	-11	-8	5	det1=true
[22402]	83	142	-35	-1	-1	10	det1=true
[22403]	86	142	-11	-13	-3	-10	det1=true
[22404]	94	142	-23	-6	-4	-10	det1=true
[22405]	94	142	-33	-6	-4	10	det1=true
[22406]	99	142	-43	-29	-1	-10	det1=true
[22407]	99	142	-18	-5	-2	-11	det1=true
[22408]	99	142	-29	-5	-2	11	det1=true
[22409]	103	142	-22	-19	-2	-11	det1=true
[22410]	103	142	-33	-19	-2	11	det1=true
[22411]	104	142	-35	4	-11	-2	det1=true
[22412]	104	142	-37	4	-11	2	det1=true
[22413]	106	142	-33	-9	-2	-11	det1=true
[22414]	106	142	-44	-9	-2	11	det1=true
[22415]	106	142	-14	-3	-6	-10	det1=true
[22416]	106	142	-24	-3	-6	10	det1=true
[22417]	113	142	-41	-23	-11	-2	det1=true
[22418]	117	142	-50	-7	-2	-11	det1=true
[22419]	123	142	-53	-37	-9	-6	det1=true
[22420]	123	142	-59	-37	-9	6	det1=true
[22421]	125	142	-16	-3	-4	-12	det1=true
[22422]	125	142	-28	-3	-4	12	det1=true
[22423]	127	142	-57	-57	-1	-10	det1=true
[22424]	131	142	-13	-3	-5	-12	det1=true
[22425]	131	142	-25	-3	-5	12	det1=true
[22426]	132	142	-47	-33	-4	-11	det1=true
[22427]	133	142	-43	-31	-12	-1	det1=true
[22428]	139	142	-40	-5	-12	5	det1=true
[22429]	140	142	-64	-57	-10	-3	det1=true
[22430]	140	142	-67	-57	-10	3	det1=true
[22431]	141	142	-26	-17	-2	-13	det1=true
[22432]	141	142	-39	-17	-2	13	det1=true
[22433]	142	142	-62	-45	-4	11	det1=true
[22434]	39	143	-13	1	-7	-1	det1=true
[22435]	39	143	-14	1	-7	1	det1=true
[22436]	56	143	-26	-13	-2	8	det1=true
[22437]	68	143	-17	-9	-6	-7	det1=true
[22438]	68	143	-24	-9	-6	7	det1=true
[22439]	71	143	-19	-6	-8	-5	det1=true
[22440]	71	143	-24	-6	-8	5	det1=true
[22441]	73	143	-28	-14	-5	8	det1=true
[22442]	75	143	-28	-8	-9	-3	det1=true
[22443]	75	143	-31	-8	-9	3	det1=true
[22444]	85	143	-24	-1	-9	-5	det1=true
[22445]	85	143	-29	-1	-9	5	det1=true
[22446]	87	143	-36	-8	-8	-6	det1=true
[22447]	87	143	-42	-8	-8	6	det1=true
[22448]	87	143	-37	-31	-9	-3	det1=true
[22449]	103	143	-2	-2	-6	-10	det1=true
[22450]	103	143	-12	-2	-6	10	det1=true
[22451]	105	143	-15	-1	-10	-6	det1=true
[22452]	105	143	-21	-1	-10	6	det1=true
[22453]	112	143	-28	-15	-10	-6	det1=true
[22454]	112	143	-34	-15	-10	6	det1=true
[22455]	117	143	-44	-15	-3	-11	det1=true
[22456]	121	143	-35	-28	-4	-11	det1=true
[22457]	121	143	-46	-28	-4	11	det1=true
[22458]	124	143	-44	-23	-6	-10	det1=true
[22459]	124	143	-25	0	-11	-6	det1=true
[22460]	124	143	-31	0	-11	6	det1=true
[22461]	129	143	-41	-21	-5	-11	det1=true
[22462]	129	143	-52	-21	-5	11	det1=true
[22463]	130	143	-49	-8	-9	-8	det1=true
[22464]	130	143	-57	-8	-9	8	det1=true
[22465]	131	143	-13	-5	-7	-11	det1=true
[22466]	131	143	-6	0	-13	-2	det1=true
[22467]	131	143	-8	0	-13	2	det1=true
[22468]	133	143	-61	-55	-5	-9	det1=true
[22469]	133	143	-70	-55	-5	9	det1=true
[22470]	136	143	-47	0	-11	-6	det1=true
[22471]	136	143	-53	0	-11	6	det1=true
[22472]	138	143	-40	-21	-12	-4	det1=true
[22473]	138	143	-44	-21	-12	4	det1=true
[22474]	141	143	-67	-10	-4	-11	det1=true
[22475]	143	143	-40	-24	-10	-8	det1=true
[22476]	143	143	-48	-24	-10	8	det1=true
[22477]	143	143	-29	-29	-1	-13	det1=true
[22478]	143	143	-42	-29	-1	13	det1=true
[22479]	49	144	-10	-1	-4	7	det1=true
[22480]	78	144	-3	2	-10	-2	det1=true
[22481]	78	144	-5	2	-10	2	det1=true
[22482]	87	144	-35	0	-10	-2	det1=true
[22483]	87	144	-37	0	-10	2	det1=true
[22484]	97	144	-29	-23	-7	-8	det1=true
[22485]	97	144	-37	-23	-7	8	det1=true
[22486]	103	144	-44	-35	-10	-2	det1=true
[22487]	111	144	-44	-29	-6	-9	det1=true
[22488]	111	144	-53	-29	-6	9	det1=true
[22489]	117	144	-30	-17	-2	12	det1=true
[22490]	118	144	-45	1	-11	-4	det1=true
[22491]	118	144	-49	1	-11	4	det1=true
[22492]	121	144	-46	-1	-4	-11	det1=true
[22493]	122	144	-20	3	-6	-11	det1=true
[22494]	122	144	-31	3	-6	11	det1=true
[22495]	124	144	-41	-6	-12	-2	det1=true
[22496]	129	144	-47	-24	-7	10	det1=true
[22497]	131	144	-59	-14	-11	-4	det1=true
[22498]	131	144	-30	-1	-10	-8	det1=true
[22499]	132	144	-53	-45	-2	-11	det1=true
[22500]	132	144	-53	-6	-12	-2	det1=true
[22501]	133	144	-61	-15	-11	-4	det1=true
[22502]	133	144	-65	-15	-11	4	det1=true
[22503]	143	144	-38	-29	-10	-8	det1=true
[22504]	143	144	-46	-29	-10	8	det1=true
[22505]	53	141	-5	-7	-2	-8	det1=true
[22506]	53	141	-13	-7	-2	8	det1=true
[22507]	70	141	-9	-8	-5	-8	det1=true
[22508]	70	141	-17	-8	-5	8	det1=true
[22509]	77	141	-31	-8	-8	-5	det1=true
[22510]	77	141	-36	-8	-8	5	det1=true
[22511]	79	141	-10	-5	-1	-10	det1=true
[22512]	79	141	-20	-5	-1	10	det1=true
[22513]	84	141	-16	-13	-2	-10	det1=true
[22514]	84	141	-26	-13	-2	10	det1=true
[22515]	89	141	-39	1	-8	-6	det1=true
[22516]	89	141	-45	1	-8	6	det1=true
[22517]	92	141	-32	-27	-6	-8	det1=true
[22518]	98	141	-37	-20	-7	8	det1=true
[22519]	100	141	-17	-12	-11	-2	det1=true
[22520]	101	141	-40	-36	-1	-10	det1=true
[22521]	101	141	-50	-36	-1	10	det1=true
[22522]	101	141	-32	-24	-10	4	det1=true
[22523]	103	141	-52	-3	-7	8	det1=true
[22524]	104	141	0	5	-10	-6	det1=true
[22525]	104	141	-6	5	-10	6	det1=true
[22526]	107	141	-41	-41	-2	-10	det1=true
[22527]	107	141	-51	-41	-2	10	det1=true
[22528]	108	141	-36	-5	-2	-11	det1=true
[22529]	111	141	-38	-23	-11	2	det1=true
[22530]	113	141	-50	-22	-10	-4	det1=true
[22531]	113	141	-54	-22	-10	4	det1=true
[22532]	117	141	-54	-14	-11	-1	det1=true
[22533]	118	141	-19	1	-7	-10	det1=true
[22534]	118	141	-29	1	-7	10	det1=true
[22535]	120	141	-17	-16	-7	-10	det1=true
[22536]	120	141	-27	-16	-7	10	det1=true
[22537]	121	141	-20	-16	-7	-10	det1=true
[22538]	121	141	-30	-16	-7	10	det1=true
[22539]	123	141	-50	-44	-8	-7	det1=true
[22540]	123	141	-57	-44	-8	7	det1=true
[22541]	123	141	-23	-10	-12	-3	det1=true
[22542]	123	141	-26	-10	-12	3	det1=true
[22543]	125	141	-56	-54	-6	-8	det1=true
[22544]	125	141	-64	-54	-6	8	det1=true
[22545]	125	141	-48	2	-4	-11	det1=true
[22546]	125	141	-59	2	-4	11	det1=true
[22547]	132	141	-55	-19	-11	-4	det1=true
[22548]	132	141	-59	-19	-11	4	det1=true
[22549]	134	141	-44	-39	-4	-11	det1=true
[22550]	135	141	-51	2	-10	-7	det1=true
[22551]	135	141	-58	2	-10	7	det1=true
[22552]	135	141	-57	-23	-5	11	det1=true
[22553]	137	141	-26	1	-7	-11	det1=true
[22554]	137	141	-37	1	-7	11	det1=true
[22555]	139	141	-74	-10	-4	11	det1=true
[22556]	52	142	-13	-9	-1	-8	det1=true
[22557]	52	142	-21	-9	-1	8	det1=true
[22558]	59	142	-20	-3	-8	-3	det1=true
[22559]	59	142	-23	-3	-8	3	det1=true
[22560]	65	142	-7	2	-9	-2	det1=true
[22561]	65	142	-9	2	-9	2	det1=true
[22562]	67	142	-11	-9	-6	-7	det1=true
[22563]	67	142	-18	-9	-6	7	det1=true
[22564]	72	142	-21	-5	-8	-5	det1=true
[22565]	72	142	-26	-5	-8	5	det1=true
[22566]	76	142	-35	-13	-5	8	det1=true
[22567]	79	142	-23	-1	-4	-9	det1=true
[22568]	79	142	-32	-1	-4	9	det1=true
[22569]	79	142	-18	3	-8	-6	det1=true
[22570]	79	142	-24	3	-8	6	det1=true
[22571]	88	142	-40	-35	-6	-7	det1=true
[22572]	88	142	-47	-35	-6	7	det1=true
[22573]	90	142	-37	-11	-1	-10	det1=true
[22574]	90	142	-47	-11	-1	10	det1=true
[22575]	91	142	-41	-8	-6	-8	det1=true
[22576]	91	142	-49	-8	-6	8	det1=true
[22577]	101	142	-46	-31	-10	-1	det1=true
[22578]	101	142	-47	-31	-10	1	det1=true
[22579]	102	142	-48	-19	-10	3	det1=true
[22580]	103	142	-31	-6	-11	-2	det1=true
[22581]	103	142	-33	-6	-11	2	det1=true
[22582]	104	142	-3	-4	-6	-10	det1=true
[22583]	104	142	-13	-4	-6	10	det1=true
[22584]	107	142	-47	-21	-9	6	det1=true
[22585]	111	142	-38	-19	-2	-11	det1=true
[22586]	111	142	-49	-19	-2	11	det1=true
[22587]	121	142	-32	-11	-8	-9	det1=true
[22588]	121	142	-41	-11	-8	9	det1=true
[22589]	121	142	-26	-11	-10	-7	det1=true
[22590]	122	142	-47	-8	-10	-6	det1=true
[22591]	122	142	-53	-8	-10	6	det1=true
[22592]	127	142	-67	-57	-1	10	det1=true
[22593]	132	142	-58	-33	-4	11	det1=true
[22594]	133	142	-44	-31	-12	1	det1=true
[22595]	134	142	-41	-35	-12	-1	det1=true
[22596]	134	142	-42	-35	-12	1	det1=true
[22597]	136	142	-53	-3	-10	-7	det1=true
[22598]	136	142	-60	-3	-10	7	det1=true
[22599]	142	142	-51	-45	-4	-11	det1=true
[22600]	47	143	-16	-8	-3	-7	det1=true
[22601]	59	143	-24	-24	-4	-7	det1=true
[22602]	71	143	-15	-9	-9	-3	det1=true
[22603]	73	143	-31	-2	-8	5	det1=true
[22604]	74	143	-27	-19	-5	8	det1=true
[22605]	89	143	-26	-3	-3	-10	det1=true
[22606]	92	143	-27	-3	-8	-7	det1=true
[22607]	92	143	-34	-3	-8	7	det1=true
[22608]	92	143	-15	-14	-4	-10	det1=true
[22609]	92	143	-25	-14	-4	10	det1=true
[22610]	93	143	-5	-6	-1	-11	det1=true
[22611]	95	143	-33	-25	-5	-9	det1=true
[22612]	95	143	-42	-25	-5	9	det1=true
[22613]	100	143	-37	-4	-4	-10	det1=true
[22614]	100	143	-47	-4	-4	10	det1=true
[22615]	105	143	-37	-16	-11	-1	det1=true
[22616]	105	143	-38	-16	-11	1	det1=true
[22617]	108	143	-19	-7	-4	-11	det1=true
[22618]	108	143	-30	-7	-4	11	det1=true
[22619]	117	143	-55	-15	-3	11	det1=true
[22620]	121	143	-27	4	-12	-3	det1=true
[22621]	122	143	-36	-29	-4	-11	det1=true
[22622]	122	143	-47	-29	-4	11	det1=true
[22623]	126	143	-10	-7	-8	-10	det1=true
[22624]	126	143	-20	-7	-8	10	det1=true
[22625]	130	143	-47	-12	-1	-12	det1=true
[22626]	130	143	-59	-12	-1	12	det1=true
[22627]	131	143	-15	-3	-11	-7	det1=true
[22628]	131	143	-22	-3	-11	7	det1=true
[22629]	140	143	-47	-32	-7	-10	det1=true
[22630]	140	143	-57	-32	-7	10	det1=true
[22631]	43	144	-17	-9	-7	-2	det1=true
[22632]	43	144	-19	-9	-7	2	det1=true
[22633]	76	144	-29	-15	-8	-5	det1=true
[22634]	76	144	-34	-15	-8	5	det1=true
[22635]	81	144	-20	1	-10	-2	det1=true
[22636]	81	144	-22	1	-10	2	det1=true
[22637]	89	144	-11	1	-9	-6	det1=true
[22638]	89	144	-17	1	-9	6	det1=true
[22639]	99	144	-25	-9	-11	2	det1=true
[22640]	99	144	-27	-17	-2	11	det1=true
[22641]	101	144	-25	-11	-2	-11	det1=true
[22642]	101	144	-36	-11	-2	11	det1=true
[22643]	102	144	-42	-17	-8	-7	det1=true
[22644]	102	144	-49	-17	-8	7	det1=true
[22645]	103	144	-46	-35	-10	2	det1=true
[22646]	108	144	-32	-25	-2	-11	det1=true
[22647]	108	144	-43	-25	-2	11	det1=true
[22648]	109	144	-41	-16	-11	-2	det1=true
[22649]	111	144	-47	-9	-11	-2	det1=true
[22650]	111	144	-49	-9	-11	2	det1=true
[22651]	117	144	-18	-17	-2	-12	det1=true
[22652]	121	144	-41	-23	-11	-4	det1=true
[22653]	121	144	-45	-23	-11	4	det1=true
[22654]	122	144	-47	-5	-4	-11	det1=true
[22655]	122	144	-58	-5	-4	11	det1=true
[22656]	123	144	-37	1	-10	-7	det1=true
[22657]	123	144	-44	1	-10	7	det1=true
[22658]	123	144	-33	-13	-10	-7	det1=true
[22659]	123	144	-40	-13	-10	7	det1=true
[22660]	124	144	-43	-6	-12	2	det1=true
[22661]	127	144	-59	-54	-10	-2	det1=true
[22662]	127	144	-61	-54	-10	2	det1=true
[22663]	127	144	-53	-50	-7	-8	det1=true
[22664]	127	144	-61	-50	-7	8	det1=true
[22665]	128	144	-55	-15	-11	-4	det1=true
[22666]	128	144	-59	-15	-11	4	det1=true
[22667]	128	144	-43	-5	-7	-10	det1=true
[22668]	128	144	-53	-5	-7	10	det1=true
[22669]	131	144	-63	-14	-11	4	det1=true
[22670]	132	144	-55	-6	-12	2	det1=true
[22671]	135	144	-46	-43	-4	-11	det1=true
[22672]	135	144	-57	-43	-4	11	det1=true
[22673]	138	144	-54	-17	-2	-12	det1=true
[22674]	138	144	-66	-17	-2	12	det1=true
[22675]	144	144	-25	-2	-13	-4	det1=true
[22676]	32	141	-7	-1	-5	-4	det1=true
[22677]	32	141	-11	-1	-5	4	det1=true
[22678]	57	141	-5	1	-7	-5	det1=true
[22679]	57	141	-10	1	-7	5	det1=true
[22680]	72	141	-21	1	-8	-5	det1=true
[22681]	72	141	-26	1	-8	5	det1=true
[22682]	78	141	-39	-11	-5	8	det1=true
[22683]	83	141	-26	-8	-10	1	det1=true
[22684]	87	141	-41	-24	-8	-5	det1=true
[22685]	87	141	-46	-24	-8	5	det1=true
[22686]	103	141	-44	-3	-7	-8	det1=true
[22687]	111	141	-46	-13	-11	-1	det1=true
[22688]	111	141	-47	-13	-11	1	det1=true
[22689]	111	141	-41	-18	-1	-11	det1=true
[22690]	113	141	-47	-5	-1	-11	det1=true
[22691]	113	141	-58	-5	-1	11	det1=true
[22692]	113	141	-47	-25	-4	-10	det1=true
[22693]	113	141	-57	-25	-4	10	det1=true
[22694]	116	141	-22	-9	-12	-1	det1=true
[22695]	121	141	-60	-5	-11	2	det1=true
[22696]	122	141	-35	-3	-9	-8	det1=true
[22697]	122	141	-43	-3	-9	8	det1=true
[22698]	129	141	-64	0	-4	11	det1=true
[22699]	129	141	-30	-8	-11	-6	det1=true
[22700]	129	141	-36	-8	-11	6	det1=true
[22701]	131	141	-32	-34	-5	-11	det1=true
[22702]	131	141	-43	-34	-5	11	det1=true
[22703]	134	141	-57	-20	-11	-4	det1=true
[22704]	134	141	-61	-20	-11	4	det1=true
[22705]	135	141	-46	-23	-5	-11	det1=true
[22706]	139	141	-30	-1	-7	-11	det1=true
[22707]	139	141	-41	-1	-7	11	det1=true
[22708]	139	141	-28	-9	-1	-13	det1=true
[22709]	139	141	-41	-9	-1	13	det1=true
[22710]	88	142	-35	-3	-1	-10	det1=true
[22711]	88	142	-45	-3	-1	10	det1=true
[22712]	90	142	-7	-4	-9	-6	det1=true
[22713]	96	142	-40	-19	-2	-10	det1=true
[22714]	96	142	-50	-19	-2	10	det1=true
[22715]	105	142	-44	-1	-4	-10	det1=true
[22716]	105	142	-54	-1	-4	10	det1=true
[22717]	108	142	-42	-25	-10	-4	det1=true
[22718]	108	142	-46	-25	-10	4	det1=true
[22719]	108	142	-39	-28	-4	-10	det1=true
[22720]	113	142	-13	-7	-9	-8	det1=true
[22721]	122	142	-26	-3	-12	-3	det1=true
[22722]	125	142	-31	-27	-1	-12	det1=true
[22723]	125	142	-43	-27	-1	12	det1=true
[22724]	128	142	-37	-26	-1	-12	det1=true
[22725]	133	142	-9	-1	-2	-13	det1=true
[22726]	133	142	-22	-1	-2	13	det1=true
[22727]	136	142	-57	6	-12	-2	det1=true
[22728]	136	142	-59	6	-12	2	det1=true
[22729]	32	143	-11	-8	-6	-2	det1=true
[22730]	32	143	-13	-8	-6	2	det1=true
[22731]	39	143	-8	-7	-1	-7	det1=true
[22732]	39	143	-15	-7	-1	7	det1=true
[22733]	56	143	-18	-13	-2	-8	det1=true
[22734]	56	143	-7	-3	-3	-8	det1=true
[22735]	56	143	-15	-3	-3	8	det1=true
[22736]	59	143	-31	-24	-4	7	det1=true
[22737]	59	143	-24	-18	-8	-2	det1=true
[22738]	59	143	-26	-18	-8	2	det1=true
[22739]	73	143	-26	-2	-8	-5	det1=true
[22740]	74	143	-27	-7	-8	-5	det1=true
[22741]	74	143	-32	-7	-8	5	det1=true
[22742]	76	143	-33	-19	-9	-2	det1=true
[22743]	76	143	-35	-19	-9	2	det1=true
[22744]	79	143	-24	-8	-6	8	det1=true
[22745]	80	143	-12	-3	-10	-2	det1=true
[22746]	80	143	-14	-3	-10	2	det1=true
[22747]	87	143	-34	-35	-5	-8	det1=true
[22748]	87	143	-42	-35	-5	8	det1=true
[22749]	89	143	-41	-6	-10	-1	det1=true
[22750]	89	143	-42	-6	-10	1	det1=true
[22751]	91	143	-35	-3	-5	-9	det1=true
[22752]	91	143	-44	-3	-5	9	det1=true
[22753]	93	143	-30	4	-8	-7	det1=true
[22754]	95	143	-4	-4	-2	-11	det1=true
[22755]	113	143	-14	-10	-9	-8	det1=true
[22756]	113	143	-22	-10	-9	8	det1=true
[22757]	115	143	-20	-14	-12	-1	det1=true
[22758]	115	143	-21	-14	-12	1	det1=true
[22759]	117	143	-29	3	-11	-5	det1=true
[22760]	117	143	-34	3	-11	5	det1=true
[22761]	121	143	-29	-17	-5	-11	det1=true
[22762]	121	143	-40	-17	-5	11	det1=true
[22763]	125	143	-40	-6	-5	-11	det1=true
[22764]	129	143	-47	-29	-5	11	det1=true
[22765]	131	143	-46	-8	-2	-12	det1=true
[22766]	131	143	-58	-8	-2	12	det1=true
[22767]	131	143	-36	-6	-8	10	det1=true
[22768]	131	143	-24	-5	-7	11	det1=true
[22769]	134	143	-37	-14	-12	-4	det1=true
[22770]	134	143	-41	-14	-12	4	det1=true
[22771]	134	143	-38	-19	-12	4	det1=true
[22772]	135	143	-41	-12	-6	-11	det1=true
[22773]	135	143	-52	-12	-6	11	det1=true
[22774]	136	143	-55	-14	-9	-8	det1=true
[22775]	136	143	-63	-14	-9	8	det1=true
[22776]	140	143	-57	-36	-6	-10	det1=true
[22777]	140	143	-67	-36	-6	10	det1=true
[22778]	22	144	-5	0	-5	-2	det1=true
[22779]	22	144	-7	0	-5	2	det1=true
[22780]	41	144	-9	-5	-2	-7	det1=true
[22781]	41	144	-16	-5	-2	7	det1=true
[22782]	77	144	-35	-17	-8	5	det1=true
[22783]	82	144	-19	-4	-2	-10	det1=true
[22784]	82	144	-29	-4	-2	10	det1=true
[22785]	85	144	-31	2	-10	-2	det1=true
[22786]	85	144	-33	2	-10	2	det1=true
[22787]	99	144	-40	-31	-2	-10	det1=true
[22788]	99	144	-50	-31	-2	10	det1=true
[22789]	109	144	-43	-16	-11	2	det1=true
[22790]	122	144	-49	-43	-9	-6	det1=true
[22791]	122	144	-55	-43	-9	6	det1=true
[22792]	129	144	-37	-24	-7	-10	det1=true
[22793]	133	144	-29	-14	-8	-10	det1=true
[22794]	133	144	-39	-14	-8	10	det1=true
[22795]	142	144	-59	-24	-12	-2	det1=true
[22796]	142	144	-61	-24	-12	2	det1=true
[22797]	142	144	-32	-17	-2	-13	det1=true
[22798]	142	144	-45	-17	-2	13	det1=true
[22799]	144	144	-23	-3	-11	-8	det1=true
[22800]	144	144	-31	-3	-11	8	det1=true
[22801]	39	141	-9	-1	-7	-1	det1=true
[22802]	39	141	-10	-1	-7	1	det1=true
[22803]	39	141	-6	-4	-1	-7	det1=true
[22804]	39	141	-13	-4	-1	7	det1=true
[22805]	42	141	-7	-9	-2	-7	det1=true
[22806]	49	141	-12	-8	-5	-6	det1=true
[22807]	49	141	-18	-8	-5	6	det1=true
[22808]	71	141	-16	2	-9	-3	det1=true
[22809]	71	141	-19	2	-9	3	det1=true
[22810]	72	141	-28	3	-6	-7	det1=true
[22811]	72	141	-35	3	-6	7	det1=true
[22812]	87	141	-19	-21	-2	-10	det1=true
[22813]	87	141	-29	-21	-2	10	det1=true
[22814]	108	141	-47	-5	-2	11	det1=true
[22815]	111	141	-28	-21	-9	-7	det1=true
[22816]	118	141	-35	-17	-11	-4	det1=true
[22817]	118	141	-39	-17	-11	4	det1=true
[22818]	120	141	4	3	-6	-11	det1=true
[22819]	120	141	-7	3	-6	11	det1=true
[22820]	124	141	-31	-8	-7	-10	det1=true
[22821]	124	141	-41	-8	-7	10	det1=true
[22822]	126	141	-41	-27	-4	-11	det1=true
[22823]	127	141	-38	2	-7	-10	det1=true
[22824]	127	141	-48	2	-7	10	det1=true
[22825]	135	141	-52	-47	-11	-2	det1=true
[22826]	103	142	-47	-37	-4	-9	det1=true
[22827]	103	142	-56	-37	-4	9	det1=true
[22828]	103	142	-45	-18	-3	-10	det1=true
[22829]	103	142	-55	-18	-3	10	det1=true
[22830]	113	142	-21	-7	-9	8	det1=true
[22831]	126	142	-37	-5	-7	-10	det1=true
[22832]	126	142	-47	-5	-7	10	det1=true
[22833]	128	142	-38	-37	-4	-11	det1=true
[22834]	128	142	-49	-37	-4	11	det1=true
[22835]	138	142	-53	-51	-2	-11	det1=true
[22836]	138	142	-64	-51	-2	11	det1=true
[22837]	52	143	-19	-17	-6	-5	det1=true
[22838]	52	143	-24	-17	-6	5	det1=true
[22839]	59	143	-19	3	-7	-5	det1=true
[22840]	59	143	-24	3	-7	5	det1=true
[22841]	78	143	-31	-17	-8	-5	det1=true
[22842]	78	143	-36	-17	-8	5	det1=true
[22843]	79	143	-16	-8	-6	-8	det1=true
[22844]	91	143	-15	-2	-6	-9	det1=true
[22845]	91	143	-24	-2	-6	9	det1=true
[22846]	93	143	-16	-6	-1	11	det1=true
[22847]	96	143	-33	-10	-7	-8	det1=true
[22848]	96	143	-41	-10	-7	8	det1=true
[22849]	101	143	-35	-24	-8	-7	det1=true
[22850]	101	143	-42	-24	-8	7	det1=true
[22851]	107	143	-48	-31	-5	-9	det1=true
[22852]	107	143	-57	-31	-5	9	det1=true
[22853]	112	143	-14	-3	-8	-9	det1=true
[22854]	112	143	-23	-3	-8	9	det1=true
[22855]	113	143	-49	-6	-1	-11	det1=true
[22856]	113	143	-60	-6	-1	11	det1=true
[22857]	115	143	-16	-16	-8	-9	det1=true
[22858]	115	143	-25	-16	-8	9	det1=true
[22859]	119	143	-44	-44	-4	-10	det1=true
[22860]	119	143	-54	-44	-4	10	det1=true
[22861]	123	143	-36	-14	-8	-9	det1=true
[22862]	123	143	-45	-14	-8	9	det1=true
[22863]	124	143	-41	-28	-6	-10	det1=true
[22864]	129	143	-36	-29	-5	-11	det1=true
[22865]	133	143	-41	-26	-6	11	det1=true
[22866]	133	143	-20	-9	-5	-12	det1=true
[22867]	133	143	-32	-9	-5	12	det1=true
[22868]	135	143	-30	-1	-13	-1	det1=true
[22869]	135	143	-31	-1	-13	1	det1=true
[22870]	135	143	-27	-2	-11	-7	det1=true
[22871]	135	143	-34	-2	-11	7	det1=true
[22872]	77	144	-30	-17	-8	-5	det1=true
[22873]	103	144	-5	1	-11	-4	det1=true
[22874]	103	144	-9	1	-11	4	det1=true
[22875]	109	144	-23	-9	-4	-11	det1=true
[22876]	109	144	-34	-9	-4	11	det1=true
[22877]	111	144	0	1	-2	-12	det1=true
[22878]	111	144	-12	1	-2	12	det1=true
[22879]	120	144	-35	0	-12	-2	det1=true
[22880]	120	144	-37	0	-12	2	det1=true
[22881]	129	144	-59	-41	-6	-9	det1=true
[22882]	132	144	-64	-45	-2	11	det1=true
[22883]	132	144	-41	-30	-12	-2	det1=true
[22884]	133	144	-30	-13	-10	-8	det1=true
[22885]	133	144	-38	-13	-10	8	det1=true
[22886]	135	144	-53	-18	-12	-2	det1=true
[22887]	135	144	-55	-18	-12	2	det1=true
[22888]	140	144	-32	-5	-2	-13	det1=true
[22889]	143	144	-46	-37	-12	-3	det1=true
[22890]	143	144	-49	-37	-12	3	det1=true
[22891]	77	141	-6	4	-8	-6	det1=true
[22892]	77	141	-12	4	-8	6	det1=true
[22893]	87	141	-23	-17	-10	-2	det1=true
[22894]	87	141	-25	-17	-10	2	det1=true
[22895]	112	141	-43	-34	-7	-8	det1=true
[22896]	112	141	-51	-34	-7	8	det1=true
[22897]	116	141	-26	-3	-12	1	det1=true
[22898]	121	141	-48	-26	-2	-11	det1=true
[22899]	121	141	-59	-26	-2	11	det1=true
[22900]	68	142	-15	-11	-9	-2	det1=true
[22901]	68	142	-17	-11	-9	2	det1=true
[22902]	68	142	-13	-12	-7	-6	det1=true
[22903]	68	142	-19	-12	-7	6	det1=true
[22904]	79	142	-15	-6	-6	-8	det1=true
[22905]	79	142	-23	-6	-6	8	det1=true
[22906]	89	142	-35	-23	-4	-9	det1=true
[22907]	89	142	-44	-23	-4	9	det1=true
[22908]	106	142	-48	-33	-10	-2	det1=true
[22909]	106	142	-50	-33	-10	2	det1=true
[22910]	121	142	-23	-15	-7	-10	det1=true
[22911]	121	142	-33	-15	-7	10	det1=true
[22912]	122	142	-29	-3	-12	3	det1=true
[22913]	129	142	-31	-20	-3	-12	det1=true
[22914]	129	142	-43	-20	-3	12	det1=true
[22915]	54	143	-14	-9	-8	-2	det1=true
[22916]	54	143	-16	-9	-8	2	det1=true
[22917]	88	143	-31	-8	-2	-10	det1=true
[22918]	88	143	-41	-8	-2	10	det1=true
[22919]	95	143	-38	-22	-2	-10	det1=true
[22920]	95	143	-48	-22	-2	10	det1=true
[22921]	96	143	-35	-30	-10	-2	det1=true
[22922]	96	143	-37	-30	-10	2	det1=true
[22923]	108	143	-23	-2	-11	-4	det1=true
[22924]	108	143	-27	-2	-11	4	det1=true
[22925]	113	143	-12	-14	-1	-12	det1=true
[22926]	113	143	-24	-14	-1	12	det1=true
[22927]	125	143	-51	-6	-5	11	det1=true
[22928]	127	143	-26	-24	-3	-12	det1=true
[22929]	127	143	-38	-24	-3	12	det1=true
[22930]	131	143	-42	-27	-9	-8	det1=true
[22931]	131	143	-50	-27	-9	8	det1=true
[22932]	88	144	-31	-12	-2	-10	det1=true
[22933]	88	144	-41	-12	-2	10	det1=true
[22934]	99	144	-23	-9	-11	-2	det1=true
[22935]	129	144	-68	-41	-6	9	det1=true
[22936]	91	141	-22	2	-8	-7	det1=true
[22937]	113	142	-47	-11	-11	-2	det1=true
[22938]	113	142	-49	-11	-11	2	det1=true
[22939]	120	142	-37	3	-12	-1	det1=true
[22940]	120	142	-38	3	-12	1	det1=true
[22941]	131	142	-16	-1	-12	-5	det1=true
[22942]	131	142	-21	-1	-12	5	det1=true
[22943]	134	142	-57	-20	-6	-10	det1=true
[22944]	136	142	-45	-4	-11	-6	det1=true
[22945]	136	142	-51	-4	-11	6	det1=true
[22946]	139	142	-25	-14	-13	-2	det1=true
[22947]	139	142	-27	-14	-13	2	det1=true
[22948]	131	143	-48	-48	-2	-11	det1=true
[22949]	131	143	-59	-48	-2	11	det1=true
[22950]	68	144	-23	-3	-9	-2	det1=true
[22951]	68	144	-25	-3	-9	2	det1=true
[22952]	72	144	-21	-11	-8	-5	det1=true
[22953]	72	144	-26	-11	-8	5	det1=true
[22954]	134	144	-59	-23	-11	-4	det1=true
[22955]	134	144	-63	-23	-11	4	det1=true
[22956]	135	144	-62	-9	-4	-11	det1=true
[22957]	135	144	-73	-9	-4	11	det1=true
[22958]	141	144	-33	-16	-13	-2	det1=true
[22959]	141	144	-35	-16	-13	2	det1=true
[22960]	97	141	-8	-4	-2	-11	det1=true
[22961]	97	141	-19	-4	-2	11	det1=true
[22962]	108	141	-47	-40	-1	-10	det1=true
[22963]	108	141	-57	-40	-1	10	det1=true
[22964]	119	141	-50	-23	-1	-11	det1=true
[22965]	119	141	-61	-23	-1	11	det1=true
[22966]	128	141	-52	-9	-6	-10	det1=true
[22967]	128	141	-62	-9	-6	10	det1=true
[22968]	139	141	-38	-4	-11	7	det1=true
[22969]	70	142	-19	-15	-9	-2	det1=true
[22970]	70	142	-21	-15	-9	2	det1=true
[22971]	105	142	-53	-41	-1	10	det1=true
[22972]	116	142	-25	2	-9	-8	det1=true
[22973]	116	142	-33	2	-9	8	det1=true
[22974]	134	142	-67	-20	-6	10	det1=true
[22975]	136	142	-41	-34	-12	-2	det1=true
[22976]	139	142	-63	-3	-12	-1	det1=true
[22977]	139	142	-64	-3	-12	1	det1=true
[22978]	71	143	-15	-12	-8	-5	det1=true
[22979]	71	143	-20	-12	-8	5	det1=true
[22980]	131	143	-57	-6	-4	-11	det1=true
[22981]	131	143	-68	-6	-4	11	det1=true
[22982]	42	144	-17	0	-7	-2	det1=true
[22983]	42	144	-19	0	-7	2	det1=true
[22984]	92	144	-27	-7	-7	-8	det1=true
[22985]	100	144	-25	1	-2	-11	det1=true
[22986]	100	144	-36	1	-2	11	det1=true
[22987]	132	144	-43	-30	-12	2	det1=true
[22988]	133	141	-8	1	-13	-2	det1=true
[22989]	133	141	-10	1	-13	2	det1=true
[22990]	139	141	-31	-4	-11	-7	det1=true
[22991]	50	142	-19	-4	-5	-6	det1=true
[22992]	93	142	-20	-7	-4	-10	det1=true
[22993]	93	142	-30	-7	-4	10	det1=true
[22994]	97	142	-10	-7	-2	-11	det1=true
[22995]	97	142	-21	-7	-2	11	det1=true
[22996]	99	143	-47	-42	-8	-5	det1=true
[22997]	99	143	-52	-42	-8	5	det1=true
[22998]	92	144	-37	-24	-1	-10	det1=true
[22999]	92	144	-47	-24	-1	10	det1=true
[23000]	92	144	-35	-7	-7	8	det1=true
[23001]	91	141	-33	1	-5	-9	det1=true
[23002]	91	141	-42	1	-5	9	det1=true
[23003]	127	141	-44	2	-11	-5	det1=true
[23004]	127	141	-49	2	-11	5	det1=true
[23005]	105	142	-43	-41	-1	-10	det1=true
[23006]	142	142	-58	-35	-4	-11	det1=true
[23007]	142	142	-69	-35	-4	11	det1=true
[23008]	32	143	-10	1	-4	-5	det1=true
[23009]	32	143	-15	1	-4	5	det1=true
[23010]	106	143	-40	-29	-8	-7	det1=true
[23011]	131	143	-29	-22	-6	-11	det1=true
[23012]	131	143	-40	-22	-6	11	det1=true
[23013]	138	144	-59	-12	-12	-2	det1=true
[23014]	96	141	-39	-22	-10	-2	det1=true
[23015]	96	141	-41	-22	-10	2	det1=true
[23016]	75	143	-23	-18	-8	-5	det1=true
[23017]	75	143	-28	-18	-8	5	det1=true
[23018]	98	141	-33	-13	-7	-8	det1=true
[23019]	98	141	-41	-13	-7	8	det1=true
[23020]	130	142	-57	-44	-4	-10	det1=true
[23021]	130	142	-67	-44	-4	10	det1=true
[23022]	131	142	-35	-10	-11	-6	det1=true
[23023]	131	142	-41	-10	-11	6	det1=true
[23024]	128	143	-57	-51	-10	-3	det1=true
[23025]	128	143	-60	-51	-10	3	det1=true
[23026]	131	143	-40	-31	-1	-12	det1=true
[23027]	131	143	-52	-31	-1	12	det1=true
[23028]	105	144	-47	-15	-7	-8	det1=true
[23029]	105	144	-55	-15	-7	8	det1=true
[23030]	106	142	-16	-1	-10	-6	det1=true
[23031]	74	144	-30	1	-8	-5	det1=true
[23032]	90	141	-37	-15	-10	-1	det1=true
[23033]	90	141	-38	-15	-10	1	det1=true
[23034]	106	142	-22	-1	-10	6	det1=true
[23035]	130	142	-55	-16	-10	-6	det1=true
[23036]	130	142	-61	-16	-10	6	det1=true
[23037]	119	141	-53	-14	-1	-11	det1=true
[23038]	119	141	-64	-14	-1	11	det1=true
[23039]	138	144	-61	-12	-12	2	det1=true
[23040]	114	143	-49	-33	-8	-7	det1=true
[23041]	109	141	-44	-19	-9	-6	det1=true
[23042]	109	141	-50	-19	-9	6	det1=true
[23043]	115	143	-16	2	-10	-7	det1=true
[23044]	142	144	-41	0	-13	-2	det1=true
[23045]	142	144	-43	0	-13	2	det1=true
[23046]	77	141	-5	3	-6	-8	det1=true
[23047]	77	141	-13	3	-6	8	det1=true
[23048]	114	143	-56	-33	-8	7	det1=true
[23049]	136	144	-59	0	-12	-2	det1=true
[23050]	30	144	-2	3	-6	-2	det1=true
[23051]	30	144	-4	3	-6	2	det1=true
[23052]	78	144	-4	5	-10	-2	det1=true
[23053]	136	144	-61	0	-12	2	det1=true
[23054]	6	144	0	1	-2	-2	det1=true
[23055]	136	143	-63	-10	-6	-10	det1=true
[23056]	136	143	-73	-10	-6	10	det1=true
[23057]	89	143	-42	-30	-8	-5	det1=true
[23058]	47	145	-20	-2	-3	-7	det1=true
[23059]	47	145	-27	-2	-3	7	det1=true
[23060]	111	145	-31	2	-4	-11	det1=true
[23061]	111	145	-42	2	-4	11	det1=true
[23062]	146	146	-30	-5	-4	-13	det1=true
[23063]	110	148	-21	-1	-9	-8	det1=true
[23064]	110	148	-29	-1	-9	8	det1=true
[23065]	49	145	-8	3	-7	-4	det1=true
[23066]	49	145	-12	3	-7	4	det1=true
[23067]	56	146	-27	-4	-8	-2	det1=true
[23068]	56	146	-29	-4	-8	2	det1=true
[23069]	97	147	-25	-13	-1	-11	det1=true
[23070]	97	147	-36	-13	-1	11	det1=true
[23071]	121	147	-54	-44	-8	-7	det1=true
[23072]	121	147	-61	-44	-8	7	det1=true
[23073]	123	147	-52	-27	-9	-7	det1=true
[23074]	123	147	-59	-27	-9	7	det1=true
[23075]	128	147	-17	-9	-12	-5	det1=true
[23076]	128	147	-22	-9	-12	5	det1=true
[23077]	135	147	-54	-47	-11	-3	det1=true
[23078]	135	147	-57	-47	-11	3	det1=true
[23079]	139	147	-15	-4	-4	-13	det1=true
[23080]	139	147	-28	-4	-4	13	det1=true
[23081]	28	145	-8	3	-6	-1	det1=true
[23082]	28	145	-9	3	-6	1	det1=true
[23083]	70	145	-29	-5	-9	-2	det1=true
[23084]	70	145	-31	-5	-9	2	det1=true
[23085]	78	145	-32	-19	-8	-5	det1=true
[23086]	78	145	-37	-19	-8	5	det1=true
[23087]	84	145	-27	-16	-1	-10	det1=true
[23088]	84	145	-37	-16	-1	10	det1=true
[23089]	97	145	-32	-12	-4	-10	det1=true
[23090]	97	145	-42	-12	-4	10	det1=true
[23091]	109	145	-36	-9	-7	-9	det1=true
[23092]	109	145	-45	-9	-7	9	det1=true
[23093]	119	145	-31	2	-10	-7	det1=true
[23094]	119	145	-38	2	-10	7	det1=true
[23095]	127	145	-57	-42	-6	-9	det1=true
[23096]	127	145	-66	-42	-6	9	det1=true
[23097]	132	145	-61	-40	-11	2	det1=true
[23098]	137	145	-53	-47	-7	-9	det1=true
[23099]	137	145	-62	-47	-7	9	det1=true
[23100]	138	145	-64	-9	-12	-1	det1=true
[23101]	139	145	-37	-2	-7	-11	det1=true
[23102]	77	146	-17	-2	-6	-8	det1=true
[23103]	77	146	-25	-2	-6	8	det1=true
[23104]	101	146	-25	-19	-11	-2	det1=true
[23105]	101	146	-27	-19	-11	2	det1=true
[23106]	114	146	-47	-12	-6	10	det1=true
[23107]	128	146	-55	-8	-7	10	det1=true
[23108]	134	146	-59	-55	-8	-7	det1=true
[23109]	134	146	-66	-55	-8	7	det1=true
[23110]	140	146	-62	-33	-6	-10	det1=true
[23111]	140	146	-72	-33	-6	10	det1=true
[23112]	97	147	-34	-22	-8	-7	det1=true
[23113]	97	147	-41	-22	-8	7	det1=true
[23114]	126	147	-22	-7	-8	-10	det1=true
[23115]	126	147	-32	-7	-8	10	det1=true
[23116]	139	147	-58	-40	-11	-4	det1=true
[23117]	139	147	-62	-40	-11	4	det1=true
[23118]	139	147	-45	-40	-10	-7	det1=true
[23119]	139	147	-52	-40	-10	7	det1=true
[23120]	84	148	-30	1	-2	-10	det1=true
[23121]	84	148	-40	1	-2	10	det1=true
[23122]	85	148	-6	1	-10	-4	det1=true
[23123]	85	148	-10	1	-10	4	det1=true
[23124]	109	148	-3	0	-7	-10	det1=true
[23125]	109	148	-13	0	-7	10	det1=true
[23126]	116	148	-19	-6	-3	-12	det1=true
[23127]	116	148	-31	-6	-3	12	det1=true
[23128]	118	148	-40	-25	-6	-10	det1=true
[23129]	118	148	-50	-25	-6	10	det1=true
[23130]	120	148	-47	-47	-6	-9	det1=true
[23131]	124	148	-9	3	-12	-5	det1=true
[23132]	124	148	-14	3	-12	5	det1=true
[23133]	126	148	-35	-28	-7	-10	det1=true
[23134]	126	148	-45	-28	-7	10	det1=true
[23135]	127	148	-49	-32	-6	-10	det1=true
[23136]	127	148	-59	-32	-6	10	det1=true
[23137]	130	148	-41	-37	-1	-12	det1=true
[23138]	130	148	-53	-37	-1	12	det1=true
[23139]	131	148	-35	-5	-12	5	det1=true
[23140]	136	148	-49	-17	-11	-6	det1=true
[23141]	136	148	-55	-17	-11	6	det1=true
[23142]	139	148	-59	-17	-7	-10	det1=true
[23143]	139	148	-69	-17	-7	10	det1=true
[23144]	141	148	-22	-9	-4	-13	det1=true
[23145]	141	148	-35	-9	-4	13	det1=true
[23146]	142	148	-67	4	-11	6	det1=true
[23147]	22	145	-7	2	-5	-2	det1=true
[23148]	22	145	-9	2	-5	2	det1=true
[23149]	40	145	-12	3	-6	-4	det1=true
[23150]	40	145	-16	3	-6	4	det1=true
[23151]	71	145	-17	-14	-8	-5	det1=true
[23152]	71	145	-22	-14	-8	5	det1=true
[23153]	79	145	0	-1	-5	-9	det1=true
[23154]	79	145	-9	-1	-5	9	det1=true
[23155]	103	145	-24	-6	-3	-11	det1=true
[23156]	103	145	-35	-6	-3	11	det1=true
[23157]	109	145	-46	-2	-1	-11	det1=true
[23158]	109	145	-57	-2	-1	11	det1=true
[23159]	109	145	-43	-17	-1	-11	det1=true
[23160]	109	145	-54	-17	-1	11	det1=true
[23161]	113	145	-38	-2	-10	-6	det1=true
[23162]	113	145	-44	-2	-10	6	det1=true
[23163]	113	145	-31	1	-5	11	det1=true
[23164]	115	145	-28	2	-11	-5	det1=true
[23165]	115	145	-33	2	-11	5	det1=true
[23166]	115	145	-22	-13	-11	-5	det1=true
[23167]	115	145	-27	-13	-11	5	det1=true
[23168]	118	145	-36	-23	-4	-11	det1=true
[23169]	118	145	-47	-23	-4	11	det1=true
[23170]	125	145	-46	4	-9	-8	det1=true
[23171]	125	145	-44	0	-1	-12	det1=true
[23172]	136	145	-28	-27	-10	-8	det1=true
[23173]	136	145	-36	-27	-10	8	det1=true
[23174]	145	145	-84	-8	-4	11	det1=true
[23175]	19	146	-5	-4	-3	-4	det1=true
[23176]	19	146	-9	-4	-3	4	det1=true
[23177]	67	146	-8	-5	-8	-5	det1=true
[23178]	67	146	-13	-5	-8	5	det1=true
[23179]	71	146	-27	-14	-7	-6	det1=true
[23180]	71	146	-33	-14	-7	6	det1=true
[23181]	75	146	-1	-5	-1	-10	det1=true
[23182]	75	146	-11	-5	-1	10	det1=true
[23183]	77	146	-34	-23	-6	-7	det1=true
[23184]	77	146	-41	-23	-6	7	det1=true
[23185]	92	146	-21	-14	-4	-10	det1=true
[23186]	92	146	-31	-14	-4	10	det1=true
[23187]	93	146	-37	-30	-1	-10	det1=true
[23188]	93	146	-47	-30	-1	10	det1=true
[23189]	94	146	-40	-11	-10	-3	det1=true
[23190]	94	146	-43	-11	-10	3	det1=true
[23191]	110	146	-49	-4	-11	-2	det1=true
[23192]	110	146	-51	-4	-11	2	det1=true
[23193]	116	146	-54	-47	-10	-2	det1=true
[23194]	116	146	-56	-47	-10	2	det1=true
[23195]	119	146	-47	-9	-11	-4	det1=true
[23196]	119	146	-51	-9	-11	4	det1=true
[23197]	123	146	-52	-45	-4	-10	det1=true
[23198]	126	146	-53	-51	-7	-8	det1=true
[23199]	126	146	-61	-51	-7	8	det1=true
[23200]	128	146	-45	-8	-7	-10	det1=true
[23201]	130	146	-53	-28	-6	-10	det1=true
[23202]	130	146	-63	-28	-6	10	det1=true
[23203]	137	146	-29	-9	-2	-13	det1=true
[23204]	137	146	-42	-9	-2	13	det1=true
[23205]	138	146	-31	-9	-2	-13	det1=true
[23206]	138	146	-44	-9	-2	13	det1=true
[23207]	143	146	-66	-15	-12	-2	det1=true
[23208]	41	147	-14	-6	-7	-2	det1=true
[23209]	41	147	-16	-6	-7	2	det1=true
[23210]	51	147	-11	-1	-8	-2	det1=true
[23211]	51	147	-13	-1	-8	2	det1=true
[23212]	64	147	-27	-23	-8	-3	det1=true
[23213]	78	147	-31	-23	-5	-8	det1=true
[23214]	78	147	-39	-23	-5	8	det1=true
[23215]	86	147	-31	-21	-1	-10	det1=true
[23216]	92	147	-23	-11	-9	-6	det1=true
[23217]	92	147	-29	-11	-9	6	det1=true
[23218]	98	147	-39	-16	-7	-8	det1=true
[23219]	98	147	-47	-16	-7	8	det1=true
[23220]	100	147	-41	-8	-9	-6	det1=true
[23221]	100	147	-47	-8	-9	6	det1=true
[23222]	101	147	-6	1	-11	-4	det1=true
[23223]	101	147	-10	1	-11	4	det1=true
[23224]	107	147	-45	-25	-4	-10	det1=true
[23225]	107	147	-55	-25	-4	10	det1=true
[23226]	121	147	-46	6	-12	-1	det1=true
[23227]	121	147	-47	6	-12	1	det1=true
[23228]	129	147	-55	-54	-8	-7	det1=true
[23229]	129	147	-62	-54	-8	7	det1=true
[23230]	131	147	-46	-21	-7	-10	det1=true
[23231]	131	147	-56	-21	-7	10	det1=true
[23232]	131	147	-21	-13	-1	-13	det1=true
[23233]	131	147	-34	-13	-1	13	det1=true
[23234]	142	147	-19	-15	-4	-13	det1=true
[23235]	142	147	-32	-15	-4	13	det1=true
[23236]	143	147	-49	-42	-10	-7	det1=true
[23237]	143	147	-56	-42	-10	7	det1=true
[23238]	146	147	-32	-7	-8	-11	det1=true
[23239]	147	147	-68	-16	-10	-7	det1=true
[23240]	147	147	-75	-16	-10	7	det1=true
[23241]	51	148	-15	-13	-1	-8	det1=true
[23242]	51	148	-23	-13	-1	8	det1=true
[23243]	62	148	0	1	-6	-7	det1=true
[23244]	90	148	-32	-27	-10	-2	det1=true
[23245]	90	148	-34	-27	-10	2	det1=true
[23246]	101	148	-35	-8	-11	-2	det1=true
[23247]	101	148	-37	-8	-11	2	det1=true
[23248]	120	148	-56	-47	-6	9	det1=true
[23249]	124	148	-44	-33	-6	-10	det1=true
[23250]	124	148	-54	-33	-6	10	det1=true
[23251]	132	148	-47	-14	-3	-12	det1=true
[23252]	132	148	-59	-14	-3	12	det1=true
[23253]	137	148	-63	-61	-3	-10	det1=true
[23254]	137	148	-73	-61	-3	10	det1=true
[23255]	140	148	-25	-1	-13	-4	det1=true
[23256]	140	148	-29	-1	-13	4	det1=true
[23257]	141	148	-50	-53	-4	-11	det1=true
[23258]	142	148	-47	-44	-7	-10	det1=true
[23259]	142	148	-57	-44	-7	10	det1=true
[23260]	145	148	-57	-36	-7	-10	det1=true
[23261]	145	148	-67	-36	-7	10	det1=true
[23262]	147	148	-68	-61	-10	-4	det1=true
[23263]	147	148	-72	-61	-10	4	det1=true
[23264]	47	145	-22	0	-7	-3	det1=true
[23265]	47	145	-25	0	-7	3	det1=true
[23266]	55	145	-10	-2	-8	3	det1=true
[23267]	61	145	-28	-22	-8	-2	det1=true
[23268]	61	145	-30	-22	-8	2	det1=true
[23269]	64	145	-7	-3	-9	-2	det1=true
[23270]	64	145	-9	-3	-9	2	det1=true
[23271]	77	145	-16	2	-10	-1	det1=true
[23272]	77	145	-17	2	-10	1	det1=true
[23273]	86	145	-28	-29	-4	-9	det1=true
[23274]	88	145	-31	-18	-10	-2	det1=true
[23275]	88	145	-33	-18	-10	2	det1=true
[23276]	88	145	-27	-22	-2	-10	det1=true
[23277]	88	145	-37	-22	-2	10	det1=true
[23278]	89	145	-37	-19	-8	-6	det1=true
[23279]	89	145	-43	-19	-8	6	det1=true
[23280]	100	145	-25	-9	-2	-11	det1=true
[23281]	104	145	-14	-5	-6	-10	det1=true
[23282]	104	145	-24	-5	-6	10	det1=true
[23283]	113	145	-32	-16	-6	-10	det1=true
[23284]	115	145	-32	-34	-3	-11	det1=true
[23285]	115	145	-43	-34	-3	11	det1=true
[23286]	119	145	-28	-7	-7	-10	det1=true
[23287]	120	145	-54	-37	-10	-4	det1=true
[23288]	123	145	-56	-7	-11	4	det1=true
[23289]	124	145	-53	-44	-4	-10	det1=true
[23290]	124	145	-63	-44	-4	10	det1=true
[23291]	131	145	-47	-20	-5	-11	det1=true
[23292]	131	145	-44	-26	-5	-11	det1=true
[23293]	131	145	-55	-26	-5	11	det1=true
[23294]	137	145	-36	-32	-6	-11	det1=true
[23295]	137	145	-47	-32	-6	11	det1=true
[23296]	137	145	-17	-10	-3	-13	det1=true
[23297]	137	145	-30	-10	-3	13	det1=true
[23298]	139	145	-42	1	-13	-1	det1=true
[23299]	139	145	-43	1	-13	1	det1=true
[23300]	139	145	-39	0	-11	-7	det1=true
[23301]	139	145	-46	0	-11	7	det1=true
[23302]	139	145	-48	-2	-7	11	det1=true
[23303]	139	145	-33	-15	-3	13	det1=true
[23304]	78	146	-5	-8	-2	-10	det1=true
[23305]	78	146	-15	-8	-2	10	det1=true
[23306]	94	146	-11	-5	-11	-2	det1=true
[23307]	94	146	-13	-5	-11	2	det1=true
[23308]	103	146	-35	-11	-11	-2	det1=true
[23309]	103	146	-37	-11	-11	2	det1=true
[23310]	108	146	-37	-35	-9	-6	det1=true
[23311]	108	146	-43	-35	-9	6	det1=true
[23312]	114	146	-37	-12	-6	-10	det1=true
[23313]	117	146	-9	1	-11	-6	det1=true
[23314]	117	146	-15	1	-11	6	det1=true
[23315]	119	146	-33	-15	-9	-8	det1=true
[23316]	119	146	-17	-2	-11	-6	det1=true
[23317]	119	146	-23	-2	-11	6	det1=true
[23318]	122	146	-46	1	-12	-1	det1=true
[23319]	122	146	-47	1	-12	1	det1=true
[23320]	123	146	-62	-45	-4	10	det1=true
[23321]	131	146	-65	-4	-1	12	det1=true
[23322]	133	146	-44	-11	-8	10	det1=true
[23323]	136	146	-49	-33	-8	-9	det1=true
[23324]	136	146	-58	-33	-8	9	det1=true
[23325]	136	146	-46	-37	-8	-9	det1=true
[23326]	136	146	-55	-37	-8	9	det1=true
[23327]	138	146	-59	-33	-4	-11	det1=true
[23328]	138	146	-70	-33	-4	11	det1=true
[23329]	138	146	-60	-25	-10	7	det1=true
[23330]	139	146	-43	-29	-6	-11	det1=true
[23331]	139	146	-54	-29	-6	11	det1=true
[23332]	142	146	-38	-31	-10	-8	det1=true
[23333]	142	146	-46	-31	-10	8	det1=true
[23334]	39	147	0	-2	-2	-7	det1=true
[23335]	39	147	-7	-2	-2	7	det1=true
[23336]	49	147	-14	0	-8	1	det1=true
[23337]	66	147	-5	-3	-5	-8	det1=true
[23338]	66	147	-13	-3	-5	8	det1=true
[23339]	91	147	-29	-8	-8	-7	det1=true
[23340]	91	147	-36	-8	-8	7	det1=true
[23341]	93	147	-13	-13	-1	-11	det1=true
[23342]	100	147	-37	-33	-3	-10	det1=true
[23343]	100	147	-47	-33	-3	10	det1=true
[23344]	109	147	-50	-27	-7	-8	det1=true
[23345]	109	147	-58	-27	-7	8	det1=true
[23346]	111	147	-44	-29	-11	-1	det1=true
[23347]	111	147	-36	-5	-11	-4	det1=true
[23348]	111	147	-40	-5	-11	4	det1=true
[23349]	112	147	-43	-37	-6	-9	det1=true
[23350]	112	147	-52	-37	-6	9	det1=true
[23351]	114	147	-28	-3	-12	2	det1=true
[23352]	115	147	-52	-32	-4	-10	det1=true
[23353]	115	147	-62	-32	-4	10	det1=true
[23354]	120	147	-46	-13	-4	-11	det1=true
[23355]	120	147	-57	-13	-4	11	det1=true
[23356]	125	147	-4	5	-11	-7	det1=true
[23357]	125	147	-11	5	-11	7	det1=true
[23358]	125	147	-2	3	-7	-11	det1=true
[23359]	131	147	-31	-13	-8	-10	det1=true
[23360]	131	147	-41	-13	-8	10	det1=true
[23361]	132	147	-45	-8	-11	-6	det1=true
[23362]	132	147	-51	-8	-11	6	det1=true
[23363]	133	147	-25	-15	-1	-13	det1=true
[23364]	133	147	-38	-15	-1	13	det1=true
[23365]	133	147	-22	-13	-13	-2	det1=true
[23366]	133	147	-24	-13	-13	2	det1=true
[23367]	136	147	-32	-27	-10	-8	det1=true
[23368]	40	148	-13	0	-7	-2	det1=true
[23369]	40	148	-15	0	-7	2	det1=true
[23370]	48	148	-9	1	-8	-1	det1=true
[23371]	48	148	-10	1	-8	1	det1=true
[23372]	62	148	-7	1	-6	7	det1=true
[23373]	74	148	-19	-10	-9	4	det1=true
[23374]	82	148	-39	-4	-8	6	det1=true
[23375]	82	148	-32	-5	-6	-8	det1=true
[23376]	82	148	-40	-5	-6	8	det1=true
[23377]	108	148	-27	-14	-11	-4	det1=true
[23378]	122	148	-45	-1	-9	-8	det1=true
[23379]	122	148	-53	-1	-9	8	det1=true
[23380]	131	148	-30	-5	-12	-5	det1=true
[23381]	139	148	-59	-26	-12	-2	det1=true
[23382]	139	148	-61	-26	-12	2	det1=true
[23383]	140	148	-61	-25	-9	-8	det1=true
[23384]	140	148	-69	-25	-9	8	det1=true
[23385]	52	145	-13	0	-8	-2	det1=true
[23386]	52	145	-15	0	-8	2	det1=true
[23387]	61	145	-2	3	-9	-1	det1=true
[23388]	61	145	-3	3	-9	1	det1=true
[23389]	72	145	-29	-15	-9	-2	det1=true
[23390]	72	145	-31	-15	-9	2	det1=true
[23391]	73	145	-33	-4	-8	5	det1=true
[23392]	86	145	-37	-29	-4	9	det1=true
[23393]	87	145	-38	-33	-5	-8	det1=true
[23394]	87	145	-46	-33	-5	8	det1=true
[23395]	93	145	-40	-26	-10	-1	det1=true
[23396]	93	145	-41	-26	-10	1	det1=true
[23397]	96	145	-31	-8	-9	-6	det1=true
[23398]	96	145	-37	-8	-9	6	det1=true
[23399]	97	145	-2	1	-3	-11	det1=true
[23400]	97	145	-13	1	-3	11	det1=true
[23401]	99	145	-43	0	-8	-7	det1=true
[23402]	101	145	-43	-42	-4	-9	det1=true
[23403]	101	145	-52	-42	-4	9	det1=true
[23404]	103	145	-33	-17	-1	-11	det1=true
[23405]	103	145	-44	-17	-1	11	det1=true
[23406]	104	145	-49	-36	-8	-6	det1=true
[23407]	104	145	-55	-36	-8	6	det1=true
[23408]	104	145	-43	-43	-1	-10	det1=true
[23409]	104	145	-53	-43	-1	10	det1=true
[23410]	108	145	-27	-2	-11	-4	det1=true
[23411]	108	145	-31	-2	-11	4	det1=true
[23412]	109	145	-35	-11	-3	-11	det1=true
[23413]	109	145	-46	-11	-3	11	det1=true
[23414]	111	145	-13	-2	-5	-11	det1=true
[23415]	111	145	-24	-2	-5	11	det1=true
[23416]	113	145	-47	-12	-11	3	det1=true
[23417]	113	145	-50	-14	-7	9	det1=true
[23418]	113	145	-28	4	-12	1	det1=true
[23419]	115	145	-25	-1	-5	-11	det1=true
[23420]	115	145	-36	-1	-5	11	det1=true
[23421]	121	145	-33	-18	-11	-5	det1=true
[23422]	121	145	-38	-18	-11	5	det1=true
[23423]	123	145	-52	-7	-11	-4	det1=true
[23424]	127	145	-48	-6	-11	-5	det1=true
[23425]	127	145	-53	-6	-11	5	det1=true
[23426]	127	145	-32	-11	-11	-6	det1=true
[23427]	127	145	-38	-11	-11	6	det1=true
[23428]	129	145	-55	6	-12	-1	det1=true
[23429]	129	145	-56	6	-12	1	det1=true
[23430]	131	145	-61	-55	-9	-5	det1=true
[23431]	131	145	-66	-55	-9	5	det1=true
[23432]	131	145	-53	-8	-11	-5	det1=true
[23433]	131	145	-58	-8	-11	5	det1=true
[23434]	131	145	-58	-20	-5	11	det1=true
[23435]	133	145	-56	4	-8	-9	det1=true
[23436]	138	145	-65	-9	-12	1	det1=true
[23437]	138	145	-60	-11	-8	-9	det1=true
[23438]	138	145	-69	-11	-8	9	det1=true
[23439]	141	145	-16	0	-4	-13	det1=true
[23440]	141	145	-29	0	-4	13	det1=true
[23441]	23	146	-9	-9	-2	-5	det1=true
[23442]	23	146	-14	-9	-2	5	det1=true
[23443]	39	146	-7	0	-6	-4	det1=true
[23444]	39	146	-11	0	-6	4	det1=true
[23445]	73	146	-31	-15	-7	-6	det1=true
[23446]	73	146	-37	-15	-7	6	det1=true
[23447]	76	146	-12	-5	-6	-8	det1=true
[23448]	76	146	-20	-5	-6	8	det1=true
[23449]	83	146	-15	-5	-10	-3	det1=true
[23450]	83	146	-18	-5	-10	3	det1=true
[23451]	87	146	-5	1	-6	-9	det1=true
[23452]	87	146	-14	1	-6	9	det1=true
[23453]	90	146	-41	-8	-10	-2	det1=true
[23454]	90	146	-43	-8	-10	2	det1=true
[23455]	103	146	-26	-23	-2	-11	det1=true
[23456]	103	146	-37	-23	-2	11	det1=true
[23457]	106	146	-22	-9	-10	-6	det1=true
[23458]	109	146	-55	-47	-9	4	det1=true
[23459]	111	146	-7	1	-7	-10	det1=true
[23460]	111	146	-17	1	-7	10	det1=true
[23461]	131	146	-53	-4	-1	-12	det1=true
[23462]	138	146	-35	-8	-13	-2	det1=true
[23463]	138	146	-37	-8	-13	2	det1=true
[23464]	140	146	-59	-60	-4	-10	det1=true
[23465]	140	146	-69	-60	-4	10	det1=true
[23466]	143	146	-68	-15	-12	2	det1=true
[23467]	143	146	-63	-15	-10	-7	det1=true
[23468]	143	146	-70	-15	-10	7	det1=true
[23469]	146	146	-63	-1	-11	-6	det1=true
[23470]	146	146	-69	-1	-11	6	det1=true
[23471]	146	146	-30	-7	-8	-11	det1=true
[23472]	146	146	-41	-7	-8	11	det1=true
[23473]	146	146	-8	3	-14	-1	det1=true
[23474]	146	146	-9	3	-14	1	det1=true
[23475]	49	147	-12	2	-7	-4	det1=true
[23476]	49	147	-16	2	-7	4	det1=true
[23477]	49	147	-13	0	-8	-1	det1=true
[23478]	64	147	-30	-23	-8	3	det1=true
[23479]	86	147	-12	-11	-8	-7	det1=true
[23480]	88	147	-19	-4	-9	6	det1=true
[23481]	89	147	-26	-2	-8	-7	det1=true
[23482]	89	147	-33	-2	-8	7	det1=true
[23483]	90	147	-19	-12	-10	-4	det1=true
[23484]	90	147	-23	-12	-10	4	det1=true
[23485]	91	147	-42	-20	-8	-6	det1=true
[23486]	91	147	-48	-20	-8	6	det1=true
[23487]	93	147	-24	-13	-1	11	det1=true
[23488]	98	147	-39	-10	-10	-4	det1=true
[23489]	98	147	-43	-10	-10	4	det1=true
[23490]	99	147	-40	-12	-10	-4	det1=true
[23491]	99	147	-44	-12	-10	4	det1=true
[23492]	103	147	-13	-4	-4	-11	det1=true
[23493]	103	147	-24	-4	-4	11	det1=true
[23494]	110	147	-7	3	-10	-7	det1=true
[23495]	110	147	-14	3	-10	7	det1=true
[23496]	111	147	-45	-29	-11	1	det1=true
[23497]	123	147	-51	-28	-7	-9	det1=true
[23498]	123	147	-60	-28	-7	9	det1=true
[23499]	125	147	-13	3	-7	11	det1=true
[23500]	126	147	-21	-10	-10	-8	det1=true
[23501]	126	147	-29	-10	-10	8	det1=true
[23502]	134	147	-41	4	-10	-8	det1=true
[23503]	136	147	-40	-27	-10	8	det1=true
[23504]	139	147	-32	-20	-13	-2	det1=true
[23505]	139	147	-34	-20	-13	2	det1=true
[23506]	144	147	-48	-47	-2	-12	det1=true
[23507]	28	148	-7	-7	-1	-6	det1=true
[23508]	46	148	-9	-7	-5	-6	det1=true
[23509]	46	148	-15	-7	-5	6	det1=true
[23510]	56	148	-19	3	-8	-3	det1=true
[23511]	56	148	-22	3	-8	3	det1=true
[23512]	56	148	-13	-10	-3	-8	det1=true
[23513]	56	148	-21	-10	-3	8	det1=true
[23514]	64	148	-19	-4	-7	6	det1=true
[23515]	67	148	-24	3	-6	-7	det1=true
[23516]	67	148	-31	3	-6	7	det1=true
[23517]	80	148	-8	3	-10	-3	det1=true
[23518]	80	148	-11	3	-10	3	det1=true
[23519]	91	148	-30	-9	-8	-7	det1=true
[23520]	91	148	-37	-9	-8	7	det1=true
[23521]	93	148	-29	-7	-9	-6	det1=true
[23522]	93	148	-35	-7	-9	6	det1=true
[23523]	94	148	-45	3	-10	-3	det1=true
[23524]	94	148	-48	3	-10	3	det1=true
[23525]	96	148	-31	-25	-8	-7	det1=true
[23526]	96	148	-38	-25	-8	7	det1=true
[23527]	97	148	-24	-3	-2	-11	det1=true
[23528]	116	148	-33	-2	-12	-2	det1=true
[23529]	116	148	-35	-2	-12	2	det1=true
[23530]	129	148	-59	-11	-4	-11	det1=true
[23531]	130	148	-43	-33	-9	-8	det1=true
[23532]	130	148	-51	-33	-9	8	det1=true
[23533]	131	148	-53	-34	-6	-10	det1=true
[23534]	131	148	-63	-34	-6	10	det1=true
[23535]	138	148	-71	-52	-9	6	det1=true
[23536]	141	148	-61	-53	-4	11	det1=true
[23537]	141	148	-43	-15	-13	2	det1=true
[23538]	145	148	-35	-6	-13	-4	det1=true
[23539]	145	148	-39	-6	-13	4	det1=true
[23540]	148	148	-47	-19	-2	-13	det1=true
[23541]	148	148	-35	-18	-13	-4	det1=true
[23542]	148	148	-39	-18	-13	4	det1=true
[23543]	49	145	-20	-2	-6	-5	det1=true
[23544]	54	145	-21	-13	-4	-7	det1=true
[23545]	54	145	-28	-13	-4	7	det1=true
[23546]	55	145	-7	-2	-8	-3	det1=true
[23547]	82	145	-33	-28	-5	-8	det1=true
[23548]	82	145	-41	-28	-5	8	det1=true
[23549]	88	145	-12	-3	-10	-4	det1=true
[23550]	88	145	-16	-3	-10	4	det1=true
[23551]	94	145	-41	-27	-10	-1	det1=true
[23552]	94	145	-42	-27	-10	1	det1=true
[23553]	100	145	-42	-3	-10	-4	det1=true
[23554]	100	145	-46	-3	-10	4	det1=true
[23555]	100	145	-38	-37	-2	-10	det1=true
[23556]	100	145	-48	-37	-2	10	det1=true
[23557]	101	145	-44	-27	-5	-9	det1=true
[23558]	101	145	-53	-27	-5	9	det1=true
[23559]	104	145	-11	-10	-6	-10	det1=true
[23560]	104	145	-21	-10	-6	10	det1=true
[23561]	112	145	-34	-5	-6	-10	det1=true
[23562]	112	145	-44	-5	-6	10	det1=true
[23563]	112	145	-33	-12	-10	-6	det1=true
[23564]	113	145	-44	-12	-11	-3	det1=true
[23565]	113	145	-41	-14	-7	-9	det1=true
[23566]	116	145	-44	-29	-2	-11	det1=true
[23567]	116	145	-55	-29	-2	11	det1=true
[23568]	118	145	-15	-12	-3	-12	det1=true
[23569]	118	145	-27	-12	-3	12	det1=true
[23570]	119	145	-47	-5	-10	-6	det1=true
[23571]	119	145	-53	-5	-10	6	det1=true
[23572]	119	145	-43	-17	-10	-6	det1=true
[23573]	119	145	-49	-17	-10	6	det1=true
[23574]	120	145	-58	-37	-10	4	det1=true
[23575]	125	145	-59	-10	-9	-7	det1=true
[23576]	125	145	-66	-10	-9	7	det1=true
[23577]	125	145	-34	-28	-9	-8	det1=true
[23578]	125	145	-42	-28	-9	8	det1=true
[23579]	129	145	-58	-6	-6	-10	det1=true
[23580]	129	145	-68	-6	-6	10	det1=true
[23581]	133	145	-48	-17	-7	-10	det1=true
[23582]	133	145	-58	-17	-7	10	det1=true
[23583]	133	145	-32	-28	-6	-11	det1=true
[23584]	133	145	-43	-28	-6	11	det1=true
[23585]	134	145	-53	2	-11	6	det1=true
[23586]	136	145	-41	-41	-8	-9	det1=true
[23587]	137	145	-59	-45	-11	3	det1=true
[23588]	137	145	-22	-5	-13	-3	det1=true
[23589]	139	145	-43	-43	-5	-11	det1=true
[23590]	139	145	-54	-43	-5	11	det1=true
[23591]	139	145	-20	-15	-3	-13	det1=true
[23592]	141	145	-62	-10	-5	-11	det1=true
[23593]	141	145	-73	-10	-5	11	det1=true
[23594]	77	146	-19	1	-10	1	det1=true
[23595]	95	146	-33	-15	-8	-7	det1=true
[23596]	99	146	-43	-37	-10	1	det1=true
[23597]	100	146	-47	-23	-10	3	det1=true
[23598]	101	146	-47	-39	-9	-4	det1=true
[23599]	101	146	-51	-39	-9	4	det1=true
[23600]	106	146	-28	-9	-10	6	det1=true
[23601]	108	146	-36	-23	-2	-11	det1=true
[23602]	108	146	-47	-23	-2	11	det1=true
[23603]	109	146	-51	-47	-9	-4	det1=true
[23604]	110	146	-33	-3	-11	-4	det1=true
[23605]	110	146	-37	-3	-11	4	det1=true
[23606]	114	146	-47	-24	-11	-2	det1=true
[23607]	114	146	-49	-24	-11	2	det1=true
[23608]	116	146	-25	-17	-8	-9	det1=true
[23609]	116	146	-34	-17	-8	9	det1=true
[23610]	127	146	-59	-51	-10	-3	det1=true
[23611]	127	146	-62	-51	-10	3	det1=true
[23612]	128	146	-45	-21	-1	-12	det1=true
[23613]	128	146	-57	-21	-1	12	det1=true
[23614]	129	146	-67	-15	-4	11	det1=true
[23615]	138	146	-53	-25	-10	-7	det1=true
[23616]	139	146	-53	-10	-11	-6	det1=true
[23617]	139	146	-59	-10	-11	6	det1=true
[23618]	143	146	-68	-7	-12	-2	det1=true
[23619]	146	146	-21	-23	-4	-13	det1=true
[23620]	146	146	-34	-23	-4	13	det1=true
[23621]	55	147	-24	-16	-4	-7	det1=true
[23622]	55	147	-31	-16	-4	7	det1=true
[23623]	71	147	-23	-10	-8	-5	det1=true
[23624]	71	147	-28	-10	-8	5	det1=true
[23625]	72	147	-21	-17	-8	-5	det1=true
[23626]	72	147	-26	-17	-8	5	det1=true
[23627]	81	147	-38	-22	-8	-5	det1=true
[23628]	81	147	-43	-22	-8	5	det1=true
[23629]	88	147	-13	-4	-9	-6	det1=true
[23630]	94	147	-33	-13	-7	-8	det1=true
[23631]	95	147	-42	-17	-5	-9	det1=true
[23632]	95	147	-51	-17	-5	9	det1=true
[23633]	95	147	-40	-32	-1	-10	det1=true
[23634]	97	147	-34	-30	-3	-10	det1=true
[23635]	97	147	-44	-30	-3	10	det1=true
[23636]	99	147	-37	-15	-4	-10	det1=true
[23637]	99	147	-47	-15	-4	10	det1=true
[23638]	113	147	-51	-23	-11	-1	det1=true
[23639]	113	147	-52	-23	-11	1	det1=true
[23640]	115	147	-48	-32	-11	-1	det1=true
[23641]	115	147	-49	-32	-11	1	det1=true
[23642]	123	147	-16	2	-10	-8	det1=true
[23643]	123	147	-24	2	-10	8	det1=true
[23644]	126	147	-31	-6	-10	8	det1=true
[23645]	129	147	-21	-7	-13	-1	det1=true
[23646]	129	147	-22	-7	-13	1	det1=true
[23647]	133	147	-30	-5	-11	-7	det1=true
[23648]	133	147	-37	-5	-11	7	det1=true
[23649]	137	147	-41	0	-12	-5	det1=true
[23650]	139	147	-16	-2	-8	-11	det1=true
[23651]	139	147	-27	-2	-8	11	det1=true
[23652]	140	147	-14	-13	-4	-13	det1=true
[23653]	142	147	-64	-27	-12	-1	det1=true
[23654]	142	147	-65	-27	-12	1	det1=true
[23655]	144	147	-60	-47	-2	12	det1=true
[23656]	145	147	-49	-10	-11	-7	det1=true
[23657]	145	147	-56	-10	-11	7	det1=true
[23658]	145	147	-39	-29	-11	-7	det1=true
[23659]	145	147	-46	-29	-11	7	det1=true
[23660]	145	147	-16	-2	-1	14	det1=true
[23661]	31	148	-13	-6	-6	-2	det1=true
[23662]	31	148	-15	-6	-6	2	det1=true
[23663]	31	148	-11	-8	-2	-6	det1=true
[23664]	31	148	-17	-8	-2	6	det1=true
[23665]	64	148	-13	-4	-7	-6	det1=true
[23666]	72	148	-30	1	-8	-5	det1=true
[23667]	82	148	-33	-4	-8	-6	det1=true
[23668]	86	148	-31	-14	-2	-10	det1=true
[23669]	86	148	-41	-14	-2	10	det1=true
[23670]	87	148	-33	-14	-2	-10	det1=true
[23671]	87	148	-43	-14	-2	10	det1=true
[23672]	90	148	-26	-1	-10	-4	det1=true
[23673]	96	148	-39	-11	-8	-7	det1=true
[23674]	96	148	-46	-11	-8	7	det1=true
[23675]	97	148	-35	-3	-2	11	det1=true
[23676]	102	148	-33	-11	-2	-11	det1=true
[23677]	102	148	-44	-11	-2	11	det1=true
[23678]	112	148	-33	-20	-10	-6	det1=true
[23679]	112	148	-39	-20	-10	6	det1=true
[23680]	118	148	-46	-5	-4	-11	det1=true
[23681]	118	148	-57	-5	-4	11	det1=true
[23682]	136	148	-32	-1	-2	-13	det1=true
[23683]	137	148	-61	-15	-8	-9	det1=true
[23684]	137	148	-70	-15	-8	9	det1=true
[23685]	137	148	-55	-30	-1	-12	det1=true
[23686]	137	148	-67	-30	-1	12	det1=true
[23687]	138	148	-46	-35	-12	-3	det1=true
[23688]	138	148	-49	-35	-12	3	det1=true
[23689]	141	148	-41	-15	-13	-2	det1=true
[23690]	144	148	-63	-40	-7	10	det1=true
[23691]	145	148	-81	-14	-1	12	det1=true
[23692]	145	148	-53	-32	-11	-6	det1=true
[23693]	146	148	-60	-17	-6	-11	det1=true
[23694]	146	148	-71	-17	-6	11	det1=true
[23695]	147	148	-13	4	-14	-2	det1=true
[23696]	39	145	-13	-7	-7	1	det1=true
[23697]	42	145	-13	-10	-7	-2	det1=true
[23698]	42	145	-15	-10	-7	2	det1=true
[23699]	73	145	-21	-15	-9	-3	det1=true
[23700]	73	145	-24	-15	-9	3	det1=true
[23701]	73	145	-7	2	-4	-9	det1=true
[23702]	73	145	-16	2	-4	9	det1=true
[23703]	90	145	-23	-7	-6	9	det1=true
[23704]	99	145	-50	0	-8	7	det1=true
[23705]	100	145	-36	-9	-2	11	det1=true
[23706]	111	145	-16	1	-11	-5	det1=true
[23707]	111	145	-21	1	-11	5	det1=true
[23708]	112	145	-39	-12	-10	6	det1=true
[23709]	113	145	-42	-16	-6	10	det1=true
[23710]	113	145	-23	4	-11	-5	det1=true
[23711]	113	145	-28	4	-11	5	det1=true
[23712]	113	145	-20	1	-5	-11	det1=true
[23713]	115	145	-42	-36	-11	-1	det1=true
[23714]	115	145	-43	-36	-11	1	det1=true
[23715]	124	145	-42	-29	-4	-11	det1=true
[23716]	124	145	-53	-29	-4	11	det1=true
[23717]	134	145	-52	-3	-12	-3	det1=true
[23718]	134	145	-55	-3	-12	3	det1=true
[23719]	137	145	-56	-45	-11	-3	det1=true
[23720]	140	145	-62	-31	-6	-10	det1=true
[23721]	140	145	-72	-31	-6	10	det1=true
[23722]	141	145	-17	2	-8	-11	det1=true
[23723]	141	145	-28	2	-8	11	det1=true
[23724]	141	145	-22	-4	-13	4	det1=true
[23725]	143	145	-64	-14	-1	-12	det1=true
[23726]	143	145	-32	-7	-3	-13	det1=true
[23727]	144	145	-65	-18	-12	-2	det1=true
[23728]	144	145	-67	-18	-12	2	det1=true
[23729]	145	145	-58	-46	-6	-10	det1=true
[23730]	145	145	-68	-46	-6	10	det1=true
[23731]	71	146	-31	-9	-9	-2	det1=true
[23732]	71	146	-33	-9	-9	2	det1=true
[23733]	77	146	-18	1	-10	-1	det1=true
[23734]	100	146	-44	-23	-10	-3	det1=true
[23735]	104	146	-18	3	-6	-10	det1=true
[23736]	104	146	-28	3	-6	10	det1=true
[23737]	110	146	-32	-3	-6	-10	det1=true
[23738]	110	146	-42	-3	-6	10	det1=true
[23739]	117	146	-23	-13	-10	-7	det1=true
[23740]	117	146	-30	-13	-10	7	det1=true
[23741]	120	146	-49	-7	-11	-4	det1=true
[23742]	122	146	-51	-10	-11	-4	det1=true
[23743]	127	146	-46	-1	-10	-7	det1=true
[23744]	127	146	-53	-1	-10	7	det1=true
[23745]	133	146	-55	-8	-1	-12	det1=true
[23746]	133	146	-67	-8	-1	12	det1=true
[23747]	133	146	-34	-11	-8	-10	det1=true
[23748]	137	146	-35	-35	-6	-11	det1=true
[23749]	141	146	-19	-18	-9	-10	det1=true
[23750]	141	146	-29	-18	-9	10	det1=true
[23751]	143	146	-64	-25	-12	2	det1=true
[23752]	146	146	-39	-7	-11	8	det1=true
[23753]	39	147	-15	-1	-1	-7	det1=true
[23754]	39	147	-22	-1	-1	7	det1=true
[23755]	86	147	-19	-11	-8	7	det1=true
[23756]	91	147	-36	-28	-1	-10	det1=true
[23757]	91	147	-27	-1	-10	-4	det1=true
[23758]	91	147	-31	-1	-10	4	det1=true
[23759]	95	147	-41	-11	-4	10	det1=true
[23760]	113	147	-46	-28	-1	-11	det1=true
[23761]	113	147	-57	-28	-1	11	det1=true
[23762]	114	147	-26	-3	-12	-2	det1=true
[23763]	126	147	-23	-6	-10	-8	det1=true
[23764]	131	147	-32	-12	-10	-8	det1=true
[23765]	131	147	-40	-12	-10	8	det1=true
[23766]	133	147	-57	-31	-10	-6	det1=true
[23767]	133	147	-63	-31	-10	6	det1=true
[23768]	133	147	-33	-4	-13	-1	det1=true
[23769]	133	147	-34	-4	-13	1	det1=true
[23770]	136	147	-64	-51	-10	-4	det1=true
[23771]	136	147	-68	-51	-10	4	det1=true
[23772]	137	147	-46	0	-12	5	det1=true
[23773]	138	147	-58	-27	-12	2	det1=true
[23774]	143	147	-33	-19	-13	-3	det1=true
[23775]	143	147	-36	-19	-13	3	det1=true
[23776]	145	147	-17	1	-13	-5	det1=true
[23777]	145	147	-22	1	-13	5	det1=true
[23778]	145	147	-2	-2	-1	-14	det1=true
[23779]	146	147	-43	-7	-8	11	det1=true
[23780]	147	147	-59	-9	-11	7	det1=true
[23781]	28	148	-13	-7	-1	6	det1=true
[23782]	33	148	-13	-13	-4	-5	det1=true
[23783]	33	148	-18	-13	-4	5	det1=true
[23784]	84	148	-27	-16	-10	-2	det1=true
[23785]	84	148	-29	-16	-10	2	det1=true
[23786]	87	148	-11	-4	-9	-6	det1=true
[23787]	87	148	-17	-4	-9	6	det1=true
[23788]	93	148	-31	4	-9	-6	det1=true
[23789]	93	148	-37	4	-9	6	det1=true
[23790]	108	148	-31	-14	-11	4	det1=true
[23791]	110	148	-40	-17	-6	10	det1=true
[23792]	121	148	-52	1	-6	-10	det1=true
[23793]	121	148	-62	1	-6	10	det1=true
[23794]	124	148	-47	-4	-12	-2	det1=true
[23795]	124	148	-49	-4	-12	2	det1=true
[23796]	130	148	-24	-23	-10	-8	det1=true
[23797]	130	148	-32	-23	-10	8	det1=true
[23798]	133	148	-51	-15	-12	-3	det1=true
[23799]	133	148	-54	-15	-12	3	det1=true
[23800]	144	148	-1	-4	-1	-14	det1=true
[23801]	144	148	-15	-4	-1	14	det1=true
[23802]	145	148	-28	-25	-10	-9	det1=true
[23803]	145	148	-37	-25	-10	9	det1=true
[23804]	70	145	-27	-6	-7	-6	det1=true
[23805]	77	145	-13	-7	-6	-8	det1=true
[23806]	77	145	-21	-7	-6	8	det1=true
[23807]	90	145	-14	-7	-6	-9	det1=true
[23808]	94	145	-45	-21	-10	-1	det1=true
[23809]	94	145	-46	-21	-10	1	det1=true
[23810]	97	145	-33	-9	-4	-10	det1=true
[23811]	98	145	-33	-11	-6	-9	det1=true
[23812]	113	145	-27	4	-12	-1	det1=true
[23813]	119	145	-38	-7	-7	10	det1=true
[23814]	121	145	-37	0	-5	-11	det1=true
[23815]	121	145	-48	0	-5	11	det1=true
[23816]	133	145	-22	-11	-7	-11	det1=true
[23817]	133	145	-33	-11	-7	11	det1=true
[23818]	135	145	-58	-8	-11	-5	det1=true
[23819]	135	145	-48	-2	-11	-6	det1=true
[23820]	135	145	-54	-2	-11	6	det1=true
[23821]	137	145	-27	-22	-12	-5	det1=true
[23822]	137	145	-32	-22	-12	5	det1=true
[23823]	137	145	-25	-5	-13	3	det1=true
[23824]	140	145	-64	-29	-10	-6	det1=true
[23825]	140	145	-70	-29	-10	6	det1=true
[23826]	140	145	-23	1	-9	-10	det1=true
[23827]	140	145	-33	1	-9	10	det1=true
[23828]	141	145	-46	-1	-13	1	det1=true
[23829]	141	145	-18	-4	-13	-4	det1=true
[23830]	145	145	-50	-6	-13	-1	det1=true
[23831]	145	145	-51	-6	-13	1	det1=true
[23832]	145	145	-26	-11	-13	-4	det1=true
[23833]	145	145	-30	-11	-13	4	det1=true
[23834]	71	146	-29	-10	-7	-6	det1=true
[23835]	71	146	-35	-10	-7	6	det1=true
[23836]	79	146	-35	-27	-7	-6	det1=true
[23837]	79	146	-41	-27	-7	6	det1=true
[23838]	120	146	-53	-7	-11	4	det1=true
[23839]	122	146	-55	-10	-11	4	det1=true
[23840]	131	146	-32	-19	-4	-12	det1=true
[23841]	131	146	-44	-19	-4	12	det1=true
[23842]	132	146	-27	-20	-8	-10	det1=true
[23843]	132	146	-37	-20	-8	10	det1=true
[23844]	136	146	-56	-7	-2	-12	det1=true
[23845]	136	146	-68	-7	-2	12	det1=true
[23846]	142	146	-37	-32	-8	-10	det1=true
[23847]	48	147	-3	-1	-4	-7	det1=true
[23848]	48	147	-10	-1	-4	7	det1=true
[23849]	78	147	-34	-27	-6	-7	det1=true
[23850]	78	147	-41	-27	-6	7	det1=true
[23851]	78	147	-19	-2	-1	-10	det1=true
[23852]	78	147	-29	-2	-1	10	det1=true
[23853]	85	147	-26	-25	-1	-10	det1=true
[23854]	85	147	-36	-25	-1	10	det1=true
[23855]	89	147	-41	-36	-8	-5	det1=true
[23856]	89	147	-46	-36	-8	5	det1=true
[23857]	107	147	-44	-32	-8	-7	det1=true
[23858]	107	147	-51	-32	-8	7	det1=true
[23859]	112	147	-39	1	-11	-4	det1=true
[23860]	112	147	-43	1	-11	4	det1=true
[23861]	127	147	-19	-5	-11	7	det1=true
[23862]	145	147	-13	-3	-5	-13	det1=true
[23863]	145	147	-26	-3	-5	13	det1=true
[23864]	89	148	-41	-25	-9	-4	det1=true
[23865]	89	148	-45	-25	-9	4	det1=true
[23866]	90	148	-30	-1	-10	4	det1=true
[23867]	96	148	-34	-21	-8	-7	det1=true
[23868]	110	148	-30	-17	-6	-10	det1=true
[23869]	123	148	-49	-41	-2	-11	det1=true
[23870]	123	148	-60	-41	-2	11	det1=true
[23871]	124	148	-46	-31	-10	-6	det1=true
[23872]	124	148	-52	-31	-10	6	det1=true
[23873]	134	148	-43	-42	-1	-12	det1=true
[23874]	134	148	-55	-42	-1	12	det1=true
[23875]	142	148	-41	-41	-6	-11	det1=true
[23876]	142	148	-52	-41	-6	11	det1=true
[23877]	144	148	-53	-40	-7	-10	det1=true
[23878]	145	148	-59	-32	-11	6	det1=true
[23879]	70	145	-33	-6	-7	6	det1=true
[23880]	84	145	-35	-1	-10	-1	det1=true
[23881]	84	145	-36	-1	-10	1	det1=true
[23882]	97	145	-36	-6	-10	-4	det1=true
[23883]	97	145	-40	-6	-10	4	det1=true
[23884]	103	145	-25	-4	-7	-9	det1=true
[23885]	103	145	-34	-4	-7	9	det1=true
[23886]	105	145	-37	-29	-4	-10	det1=true
[23887]	113	145	-34	-14	-10	-6	det1=true
[23888]	113	145	-40	-14	-10	6	det1=true
[23889]	122	145	-22	-1	-6	-11	det1=true
[23890]	122	145	-33	-1	-6	11	det1=true
[23891]	141	145	-45	-1	-13	-1	det1=true
[23892]	143	145	-45	-7	-3	13	det1=true
[23893]	53	146	-18	-3	-8	-2	det1=true
[23894]	53	146	-20	-3	-8	2	det1=true
[23895]	124	146	-40	-35	-10	-6	det1=true
[23896]	124	146	-46	-35	-10	6	det1=true
[23897]	126	146	-33	-8	-11	-6	det1=true
[23898]	137	146	-46	-35	-6	11	det1=true
[23899]	139	146	-64	-5	-12	-2	det1=true
[23900]	139	146	-66	-5	-12	2	det1=true
[23901]	142	146	-50	-7	-10	-8	det1=true
[23902]	142	146	-58	-7	-10	8	det1=true
[23903]	143	146	-70	-7	-12	2	det1=true
[23904]	143	146	-62	-25	-12	-2	det1=true
[23905]	146	146	-31	-7	-11	-8	det1=true
[23906]	55	147	-27	-14	-8	-1	det1=true
[23907]	55	147	-28	-14	-8	1	det1=true
[23908]	76	147	-16	1	-10	-1	det1=true
[23909]	76	147	-17	1	-10	1	det1=true
[23910]	91	147	-46	-28	-1	10	det1=true
[23911]	94	147	-41	-13	-7	8	det1=true
[23912]	95	147	-50	-32	-1	10	det1=true
[23913]	117	147	-53	-29	-11	-1	det1=true
[23914]	117	147	-54	-29	-11	1	det1=true
[23915]	118	147	-23	-19	-7	-10	det1=true
[23916]	118	147	-33	-19	-7	10	det1=true
[23917]	127	147	-12	-5	-11	-7	det1=true
[23918]	130	147	-57	-19	-4	-11	det1=true
[23919]	130	147	-68	-19	-4	11	det1=true
[23920]	147	147	-52	-9	-11	-7	det1=true
[23921]	75	148	-9	-4	-1	-10	det1=true
[23922]	75	148	-19	-4	-1	10	det1=true
[23923]	92	148	-39	-34	-9	-4	det1=true
[23924]	92	148	-43	-34	-9	4	det1=true
[23925]	93	148	-44	-25	-10	-1	det1=true
[23926]	93	148	-45	-25	-10	1	det1=true
[23927]	101	148	-43	-10	-4	-10	det1=true
[23928]	101	148	-53	-10	-4	10	det1=true
[23929]	106	148	-29	2	-10	-6	det1=true
[23930]	106	148	-35	2	-10	6	det1=true
[23931]	120	148	-41	-6	-9	-8	det1=true
[23932]	120	148	-49	-6	-9	8	det1=true
[23933]	134	148	-49	-9	-11	-6	det1=true
[23934]	134	148	-55	-9	-11	6	det1=true
[23935]	137	148	-65	-44	-11	-2	det1=true
[23936]	137	148	-67	-44	-11	2	det1=true
[23937]	139	148	-47	-10	-8	-10	det1=true
[23938]	139	148	-57	-10	-8	10	det1=true
[23939]	139	148	-24	-11	-10	-9	det1=true
[23940]	139	148	-33	-11	-10	9	det1=true
[23941]	81	145	-28	-2	-10	-1	det1=true
[23942]	81	145	-29	-2	-10	1	det1=true
[23943]	83	145	-20	-1	-5	-9	det1=true
[23944]	83	145	-29	-1	-5	9	det1=true
[23945]	103	145	-34	-10	-11	-2	det1=true
[23946]	103	145	-36	-10	-11	2	det1=true
[23947]	127	145	-27	-18	-6	-11	det1=true
[23948]	136	145	-7	-4	-9	-10	det1=true
[23949]	136	145	-17	-4	-9	10	det1=true
[23950]	141	145	-35	-8	-2	-13	det1=true
[23951]	141	145	-48	-8	-2	13	det1=true
[23952]	82	146	-26	-1	-10	-2	det1=true
[23953]	82	146	-28	-1	-10	2	det1=true
[23954]	142	146	-59	-3	-3	-12	det1=true
[23955]	142	146	-71	-3	-3	12	det1=true
[23956]	127	147	-27	-1	-10	-8	det1=true
[23957]	127	147	-35	-1	-10	8	det1=true
[23958]	138	147	-64	-53	-4	-10	det1=true
[23959]	138	147	-74	-53	-4	10	det1=true
[23960]	139	147	-33	-25	-13	-1	det1=true
[23961]	139	147	-34	-25	-13	1	det1=true
[23962]	66	148	-29	-27	-3	-8	det1=true
[23963]	96	148	-41	-21	-8	7	det1=true
[23964]	114	148	-25	3	-10	-7	det1=true
[23965]	114	148	-32	3	-10	7	det1=true
[23966]	136	148	-31	-15	-13	-2	det1=true
[23967]	136	148	-33	-15	-13	2	det1=true
[23968]	140	148	-59	-29	-1	-12	det1=true
[23969]	140	148	-71	-29	-1	12	det1=true
[23970]	73	145	-27	-27	-1	-9	det1=true
[23971]	73	145	-36	-27	-1	9	det1=true
[23972]	73	145	-28	-4	-8	-5	det1=true
[23973]	89	145	-26	-21	-5	-9	det1=true
[23974]	89	145	-35	-21	-5	9	det1=true
[23975]	114	145	-43	-38	-9	-6	det1=true
[23976]	114	145	-49	-38	-9	6	det1=true
[23977]	115	145	-53	-52	-4	-9	det1=true
[23978]	115	145	-62	-52	-4	9	det1=true
[23979]	123	145	-46	-19	-5	11	det1=true
[23980]	131	145	-59	-57	-5	-9	det1=true
[23981]	131	145	-68	-57	-5	9	det1=true
[23982]	132	145	-52	3	-10	-7	det1=true
[23983]	132	145	-59	3	-10	7	det1=true
[23984]	84	146	-32	-13	-10	-1	det1=true
[23985]	84	146	-33	-13	-10	1	det1=true
[23986]	127	146	-34	-5	-6	-11	det1=true
[23987]	127	146	-45	-5	-6	11	det1=true
[23988]	83	147	-18	-14	-5	-9	det1=true
[23989]	83	147	-27	-14	-5	9	det1=true
[23990]	115	147	-26	-15	-9	-8	det1=true
[23991]	115	147	-34	-15	-9	8	det1=true
[23992]	128	147	-47	-4	-7	-10	det1=true
[23993]	128	147	-57	-4	-7	10	det1=true
[23994]	132	147	-56	-53	-6	-9	det1=true
[23995]	132	147	-65	-53	-6	9	det1=true
[23996]	83	148	-34	-5	-6	-8	det1=true
[23997]	98	148	-33	-20	-9	-6	det1=true
[23998]	110	148	-37	0	-10	-6	det1=true
[23999]	110	148	-43	0	-10	6	det1=true
[24000]	116	148	-28	-7	-2	-12	det1=true
[24001]	116	148	-40	-7	-2	12	det1=true
[24002]	128	148	-41	-4	-11	-6	det1=true
[24003]	139	148	-48	-9	-10	-8	det1=true
[24004]	139	148	-56	-9	-10	8	det1=true
[24005]	141	148	-45	-5	-5	-12	det1=true
[24006]	141	148	-57	-5	-5	12	det1=true
[24007]	39	145	-12	-7	-7	-1	det1=true
[24008]	123	145	-35	-19	-5	-11	det1=true
[24009]	140	145	-37	-13	-5	-12	det1=true
[24010]	140	145	-49	-13	-5	12	det1=true
[24011]	136	146	-54	-31	-12	1	det1=true
[24012]	101	145	-46	-25	-9	-5	det1=true
[24013]	101	145	-51	-25	-9	5	det1=true
[24014]	135	145	-56	-15	-11	-5	det1=true
[24015]	135	145	-61	-15	-11	5	det1=true
[24016]	136	146	-53	-31	-12	-1	det1=true
[24017]	133	147	-29	-3	-7	-11	det1=true
[24018]	107	148	-5	-9	-1	-12	det1=true
[24019]	123	148	-43	-31	-4	-11	det1=true
[24020]	123	148	-54	-31	-4	11	det1=true
[24021]	76	145	-9	-6	-8	-6	det1=true
[24022]	76	145	-15	-6	-8	6	det1=true
[24023]	111	145	-22	-22	-4	-11	det1=true
[24024]	111	145	-33	-22	-4	11	det1=true
[24025]	112	145	-10	-5	-2	-12	det1=true
[24026]	112	145	-22	-5	-2	12	det1=true
[24027]	115	145	-37	-41	-1	-11	det1=true
[24028]	116	145	-20	-13	-2	-12	det1=true
[24029]	116	145	-32	-13	-2	12	det1=true
[24030]	119	145	-36	-1	-9	-8	det1=true
[24031]	119	145	-44	-1	-9	8	det1=true
[24032]	131	145	-54	-14	-12	-1	det1=true
[24033]	131	145	-55	-14	-12	1	det1=true
[24034]	131	145	-50	-17	-11	-5	det1=true
[24035]	142	145	-49	-16	-4	-12	det1=true
[24036]	142	145	-61	-16	-4	12	det1=true
[24037]	79	146	-22	-7	-10	-1	det1=true
[24038]	79	146	-23	-7	-10	1	det1=true
[24039]	116	146	-50	-51	-2	-10	det1=true
[24040]	116	146	-60	-51	-2	10	det1=true
[24041]	142	146	-28	-29	-2	-13	det1=true
[24042]	142	146	-41	-29	-2	13	det1=true
[24043]	138	148	-61	0	-7	-10	det1=true
[24044]	117	145	-26	-15	-11	-5	det1=true
[24045]	117	145	-31	-15	-11	5	det1=true
[24046]	118	145	-27	-2	-7	-10	det1=true
[24047]	118	145	-37	-2	-7	10	det1=true
[24048]	140	145	-53	-33	-8	-9	det1=true
[24049]	140	145	-62	-33	-8	9	det1=true
[24050]	142	146	-21	-19	-9	-10	det1=true
[24051]	142	146	-31	-19	-9	10	det1=true
[24052]	99	148	-46	-1	-8	-7	det1=true
[24053]	99	148	-53	-1	-8	7	det1=true
[24054]	127	148	-51	-30	-10	-6	det1=true
[24055]	138	148	-71	0	-7	10	det1=true
[24056]	143	148	-49	-20	-8	-10	det1=true
[24057]	143	148	-59	-20	-8	10	det1=true
[24058]	124	145	-51	-37	-11	-2	det1=true
[24059]	124	145	-53	-37	-11	2	det1=true
[24060]	124	146	-28	-5	-6	-11	det1=true
[24061]	124	146	-39	-5	-6	11	det1=true
[24062]	133	147	-25	-15	-11	-7	det1=true
[24063]	133	147	-32	-15	-11	7	det1=true
[24064]	84	148	-23	-20	-2	-10	det1=true
[24065]	84	148	-33	-20	-2	10	det1=true
[24066]	106	148	-47	-27	-8	-7	det1=true
[24067]	106	148	-54	-27	-8	7	det1=true
[24068]	114	148	-19	-12	-7	-10	det1=true
[24069]	114	148	-29	-12	-7	10	det1=true
[24070]	62	148	-3	4	-9	-2	det1=true
[24071]	62	148	-5	4	-9	2	det1=true
[24072]	72	145	-27	-16	-7	-6	det1=true
[24073]	72	145	-33	-16	-7	6	det1=true
[24074]	131	145	-55	-17	-11	5	det1=true
[24075]	88	148	-15	-3	-6	-9	det1=true
[24076]	88	148	-24	-3	-6	9	det1=true
[24077]	147	147	-63	-29	-2	-12	det1=true
[24078]	147	147	-75	-29	-2	12	det1=true
[24079]	131	147	-53	2	-10	-7	det1=true
[24080]	131	147	-60	2	-10	7	det1=true
[24081]	147	147	-29	-18	-8	-11	det1=true
[24082]	147	147	-28	-20	-4	-13	det1=true
[24083]	135	148	-35	0	-13	-2	det1=true
[24084]	135	148	-37	0	-13	2	det1=true
[24085]	141	145	-39	-7	-1	-13	det1=true
[24086]	123	146	-49	-13	-4	-11	det1=true
[24087]	123	146	-60	-13	-4	11	det1=true
[24088]	123	146	-33	-28	-1	-12	det1=true
[24089]	134	146	-59	2	-12	-2	det1=true
[24090]	102	148	-16	3	-6	-10	det1=true
[24091]	73	145	-31	-23	-9	-1	det1=true
[24092]	73	145	-32	-23	-9	1	det1=true
[24093]	145	145	-61	-30	-11	-5	det1=true
[24094]	148	148	-65	-29	-10	-7	det1=true
[24095]	145	145	-72	-6	-12	-1	det1=true
[24096]	133	145	-60	6	-12	-1	det1=true
[24097]	69	150	-30	1	-2	-9	det1=true
[24098]	69	150	-39	1	-2	9	det1=true
[24099]	87	151	-42	-4	-10	-2	det1=true
[24100]	88	151	-36	-19	-2	-10	det1=true
[24101]	88	151	-46	-19	-2	10	det1=true
[24102]	102	151	-47	-42	-6	-8	det1=true
[24103]	148	151	-71	-42	-11	-4	det1=true
[24104]	148	151	-75	-42	-11	4	det1=true
[24105]	80	152	-21	-24	-1	-10	det1=true
[24106]	80	152	-31	-24	-1	10	det1=true
[24107]	101	149	-36	-9	-11	-2	det1=true
[24108]	101	149	-38	-9	-11	2	det1=true
[24109]	139	149	-44	2	-5	-12	det1=true
[24110]	139	149	-56	2	-5	12	det1=true
[24111]	140	149	-47	-18	-8	-10	det1=true
[24112]	140	149	-57	-18	-8	10	det1=true
[24113]	147	149	-37	-36	-2	-13	det1=true
[24114]	147	149	-50	-36	-2	13	det1=true
[24115]	149	149	-69	-63	-4	-10	det1=true
[24116]	149	149	-79	-63	-4	10	det1=true
[24117]	151	151	-80	-37	-3	-11	det1=true
[24118]	151	151	-91	-37	-3	11	det1=true
[24119]	151	151	-14	-2	-12	-8	det1=true
[24120]	151	151	-22	-2	-12	8	det1=true
[24121]	134	152	-31	-20	-13	-2	det1=true
[24122]	144	152	-65	3	-6	-11	det1=true
[24123]	144	152	-76	3	-6	11	det1=true
[24124]	50	149	-7	0	-2	-8	det1=true
[24125]	50	149	-15	0	-2	8	det1=true
[24126]	100	149	-11	-2	-10	-6	det1=true
[24127]	100	149	-17	-2	-10	6	det1=true
[24128]	127	149	-40	-7	-11	-6	det1=true
[24129]	127	149	-46	-7	-11	6	det1=true
[24130]	135	149	-56	-22	-5	-11	det1=true
[24131]	135	149	-67	-22	-5	11	det1=true
[24132]	143	149	-52	-6	-3	13	det1=true
[24133]	147	149	-43	-15	-3	-13	det1=true
[24134]	147	149	-56	-15	-3	13	det1=true
[24135]	148	149	-37	-13	-4	-13	det1=true
[24136]	148	149	-50	-13	-4	13	det1=true
[24137]	149	149	-72	-60	-10	-4	det1=true
[24138]	149	149	-76	-60	-10	4	det1=true
[24139]	69	150	-31	3	-6	-7	det1=true
[24140]	69	150	-38	3	-6	7	det1=true
[24141]	81	150	-29	-10	-1	-10	det1=true
[24142]	81	150	-39	-10	-1	10	det1=true
[24143]	97	150	-22	-17	-2	-11	det1=true
[24144]	109	150	-48	-35	-8	-7	det1=true
[24145]	112	150	-53	-28	-9	-6	det1=true
[24146]	112	150	-59	-28	-9	6	det1=true
[24147]	120	150	-27	-8	-11	-6	det1=true
[24148]	120	150	-33	-8	-11	6	det1=true
[24149]	121	150	-55	-44	-10	-4	det1=true
[24150]	121	150	-59	-44	-10	4	det1=true
[24151]	138	150	-56	3	-6	-11	det1=true
[24152]	138	150	-67	3	-6	11	det1=true
[24153]	140	150	-43	-28	-8	-10	det1=true
[24154]	140	150	-53	-28	-8	10	det1=true
[24155]	144	150	-60	-35	-2	-12	det1=true
[24156]	40	151	-17	-4	-4	-6	det1=true
[24157]	40	151	-23	-4	-4	6	det1=true
[24158]	47	151	-7	-2	-8	-1	det1=true
[24159]	47	151	-8	-2	-8	1	det1=true
[24160]	61	151	-28	-14	-7	-5	det1=true
[24161]	61	151	-33	-14	-7	5	det1=true
[24162]	64	151	-19	-1	-7	-6	det1=true
[24163]	64	151	-25	-1	-7	6	det1=true
[24164]	74	151	-20	-9	-4	-9	det1=true
[24165]	74	151	-29	-9	-4	9	det1=true
[24166]	97	151	-41	-32	-9	-5	det1=true
[24167]	97	151	-46	-32	-9	5	det1=true
[24168]	100	151	-41	-20	-4	-10	det1=true
[24169]	100	151	-51	-20	-4	10	det1=true
[24170]	101	151	-15	-11	-6	-10	det1=true
[24171]	101	151	-25	-11	-6	10	det1=true
[24172]	106	151	-47	-15	-11	2	det1=true
[24173]	106	151	-9	-12	-1	-12	det1=true
[24174]	106	151	-21	-12	-1	12	det1=true
[24175]	107	151	-4	-1	-7	-10	det1=true
[24176]	109	151	-14	-3	-7	-10	det1=true
[24177]	109	151	-24	-3	-7	10	det1=true
[24178]	131	151	-28	-19	-13	-1	det1=true
[24179]	133	151	-53	-50	-3	-11	det1=true
[24180]	133	151	-64	-50	-3	11	det1=true
[24181]	133	151	-36	-3	-7	-11	det1=true
[24182]	133	151	-47	-3	-7	11	det1=true
[24183]	103	152	1	-2	-1	-12	det1=true
[24184]	103	152	-11	-2	-1	12	det1=true
[24185]	113	152	-13	4	-11	-6	det1=true
[24186]	113	152	-19	4	-11	6	det1=true
[24187]	132	152	-61	-31	-11	-4	det1=true
[24188]	132	152	-65	-31	-11	4	det1=true
[24189]	133	152	-37	-10	-5	-12	det1=true
[24190]	133	152	-49	-10	-5	12	det1=true
[24191]	138	152	-19	-17	-8	-11	det1=true
[24192]	138	152	-30	-17	-8	11	det1=true
[24193]	143	152	-21	-11	-7	-12	det1=true
[24194]	143	152	-33	-11	-7	12	det1=true
[24195]	146	152	-65	-20	-11	-6	det1=true
[24196]	146	152	-71	-20	-11	6	det1=true
[24197]	61	149	-11	-3	-1	-9	det1=true
[24198]	61	149	-20	-3	-1	9	det1=true
[24199]	68	149	-27	-1	-5	8	det1=true
[24200]	78	149	-35	-21	-8	-5	det1=true
[24201]	78	149	-40	-21	-8	5	det1=true
[24202]	82	149	-34	-7	-10	-1	det1=true
[24203]	82	149	-35	-7	-10	1	det1=true
[24204]	105	149	-47	-19	-4	-10	det1=true
[24205]	105	149	-57	-19	-4	10	det1=true
[24206]	112	149	-51	-41	-3	-10	det1=true
[24207]	113	149	-49	-4	-9	-7	det1=true
[24208]	113	149	-56	-4	-9	7	det1=true
[24209]	115	149	-40	-31	-3	-11	det1=true
[24210]	115	149	-51	-31	-3	11	det1=true
[24211]	117	149	-57	4	-11	-3	det1=true
[24212]	117	149	-60	4	-11	3	det1=true
[24213]	119	149	-41	-2	-8	-9	det1=true
[24214]	119	149	-50	-2	-8	9	det1=true
[24215]	122	149	-38	-15	-10	-7	det1=true
[24216]	122	149	-45	-15	-10	7	det1=true
[24217]	128	149	-21	-9	-5	-12	det1=true
[24218]	128	149	-33	-9	-5	12	det1=true
[24219]	134	149	-61	-36	-11	4	det1=true
[24220]	136	149	-53	-9	-11	-6	det1=true
[24221]	136	149	-59	-9	-11	6	det1=true
[24222]	137	149	-41	-21	-8	-10	det1=true
[24223]	137	149	-51	-21	-8	10	det1=true
[24224]	141	149	-62	-57	-1	-11	det1=true
[24225]	141	149	-73	-57	-1	11	det1=true
[24226]	141	149	-31	-30	-2	-13	det1=true
[24227]	141	149	-44	-30	-2	13	det1=true
[24228]	146	149	-63	-9	-6	-11	det1=true
[24229]	146	149	-74	-9	-6	11	det1=true
[24230]	146	149	-71	-36	-9	8	det1=true
[24231]	147	149	-25	2	-14	-1	det1=true
[24232]	147	149	-26	2	-14	1	det1=true
[24233]	85	150	-13	0	-10	-4	det1=true
[24234]	85	150	-17	0	-10	4	det1=true
[24235]	86	150	-32	-17	-2	-10	det1=true
[24236]	86	150	-42	-17	-2	10	det1=true
[24237]	124	150	-55	-48	-4	-10	det1=true
[24238]	129	150	-51	-13	-10	-7	det1=true
[24239]	129	150	-58	-13	-10	7	det1=true
[24240]	131	150	-7	3	-9	-10	det1=true
[24241]	131	150	-17	3	-9	10	det1=true
[24242]	138	150	-71	-60	-4	10	det1=true
[24243]	143	150	-37	-9	-9	-10	det1=true
[24244]	143	150	-47	-9	-9	10	det1=true
[24245]	147	150	-68	-65	-8	-7	det1=true
[24246]	55	151	-12	-12	-3	-8	det1=true
[24247]	55	151	-20	-12	-3	8	det1=true
[24248]	63	151	-13	-6	-6	-7	det1=true
[24249]	63	151	-20	-6	-6	7	det1=true
[24250]	79	151	-32	-10	-4	-9	det1=true
[24251]	79	151	-41	-10	-4	9	det1=true
[24252]	79	151	-27	-20	-4	-9	det1=true
[24253]	79	151	-36	-20	-4	9	det1=true
[24254]	87	151	-43	-14	-10	-1	det1=true
[24255]	87	151	-44	-14	-10	1	det1=true
[24256]	97	151	-35	-10	-11	-1	det1=true
[24257]	97	151	-36	-10	-11	1	det1=true
[24258]	106	151	-28	-9	-4	-11	det1=true
[24259]	106	151	-39	-9	-4	11	det1=true
[24260]	115	151	-51	-19	-11	-3	det1=true
[24261]	115	151	-54	-19	-11	3	det1=true
[24262]	116	151	-13	-13	-6	-11	det1=true
[24263]	116	151	-24	-13	-6	11	det1=true
[24264]	121	151	-52	-14	-9	8	det1=true
[24265]	124	151	-47	-34	-11	-4	det1=true
[24266]	124	151	-51	-34	-11	4	det1=true
[24267]	128	151	-25	-10	-5	-12	det1=true
[24268]	128	151	-37	-10	-5	12	det1=true
[24269]	131	151	-29	-19	-13	1	det1=true
[24270]	133	151	-38	-1	-11	-7	det1=true
[24271]	133	151	-45	-1	-11	7	det1=true
[24272]	139	151	-28	0	-11	-8	det1=true
[24273]	140	151	-47	-36	-11	-6	det1=true
[24274]	140	151	-53	-36	-11	6	det1=true
[24275]	143	151	-59	-40	-8	-9	det1=true
[24276]	143	151	-68	-40	-8	9	det1=true
[24277]	143	151	-22	0	-7	-12	det1=true
[24278]	143	151	-34	0	-7	12	det1=true
[24279]	148	151	-58	-47	-2	-12	det1=true
[24280]	148	151	-70	-47	-2	12	det1=true
[24281]	150	151	-66	-37	-10	-7	det1=true
[24282]	150	151	-37	3	-14	-1	det1=true
[24283]	151	151	-50	-12	-9	-10	det1=true
[24284]	151	151	-60	-12	-9	10	det1=true
[24285]	61	152	-7	0	-7	-6	det1=true
[24286]	68	152	-21	-21	-6	-7	det1=true
[24287]	68	152	-28	-21	-6	7	det1=true
[24288]	71	152	-1	4	-8	-6	det1=true
[24289]	71	152	-7	4	-8	6	det1=true
[24290]	71	152	0	3	-6	-8	det1=true
[24291]	71	152	-8	3	-6	8	det1=true
[24292]	81	152	-31	-11	-1	-10	det1=true
[24293]	81	152	-41	-11	-1	10	det1=true
[24294]	95	152	-37	-29	-3	-10	det1=true
[24295]	95	152	-47	-29	-3	10	det1=true
[24296]	101	152	-19	-8	-6	-10	det1=true
[24297]	101	152	-29	-8	-6	10	det1=true
[24298]	109	152	-7	3	-12	-3	det1=true
[24299]	113	152	-31	-13	-1	-12	det1=true
[24300]	113	152	-43	-13	-1	12	det1=true
[24301]	126	152	-29	-14	-8	-10	det1=true
[24302]	126	152	-39	-14	-8	10	det1=true
[24303]	134	152	-47	-40	-12	-2	det1=true
[24304]	134	152	-49	-40	-12	2	det1=true
[24305]	137	152	-57	-12	-11	-6	det1=true
[24306]	137	152	-63	-12	-11	6	det1=true
[24307]	145	152	-57	-11	-12	-5	det1=true
[24308]	145	152	-62	-11	-12	5	det1=true
[24309]	151	152	-15	-17	-6	-13	det1=true
[24310]	151	152	-28	-17	-6	13	det1=true
[24311]	57	149	-20	0	-7	-5	det1=true
[24312]	57	149	-25	0	-7	5	det1=true
[24313]	62	149	-3	-3	-6	-7	det1=true
[24314]	62	149	-10	-3	-6	7	det1=true
[24315]	67	149	-32	-5	-9	-1	det1=true
[24316]	67	149	-33	-5	-9	1	det1=true
[24317]	68	149	-19	-1	-5	-8	det1=true
[24318]	70	149	-25	-19	-2	-9	det1=true
[24319]	70	149	-34	-19	-2	9	det1=true
[24320]	73	149	-32	-3	-9	-3	det1=true
[24321]	73	149	-35	-3	-9	3	det1=true
[24322]	87	149	-18	-14	-8	-7	det1=true
[24323]	87	149	-25	-14	-8	7	det1=true
[24324]	93	149	-44	-12	-9	-5	det1=true
[24325]	93	149	-49	-12	-9	5	det1=true
[24326]	99	149	-37	-11	-11	1	det1=true
[24327]	99	149	-27	-14	-2	-11	det1=true
[24328]	101	149	-33	-20	-1	-11	det1=true
[24329]	101	149	-44	-20	-1	11	det1=true
[24330]	104	149	-24	3	-6	-10	det1=true
[24331]	104	149	-34	3	-6	10	det1=true
[24332]	109	149	-34	-20	-10	6	det1=true
[24333]	117	149	-29	2	-12	-3	det1=true
[24334]	117	149	-32	2	-12	3	det1=true
[24335]	125	149	-45	-16	-5	-11	det1=true
[24336]	125	149	-56	-16	-5	11	det1=true
[24337]	126	149	-61	-1	-11	-4	det1=true
[24338]	126	149	-65	-1	-11	4	det1=true
[24339]	132	149	-52	-39	-6	-10	det1=true
[24340]	132	149	-49	-35	-3	12	det1=true
[24341]	133	149	-56	-36	-10	-6	det1=true
[24342]	133	149	-62	-36	-10	6	det1=true
[24343]	136	149	-65	-59	-10	-3	det1=true
[24344]	136	149	-68	-59	-10	3	det1=true
[24345]	137	149	-25	-14	-3	-13	det1=true
[24346]	137	149	-38	-14	-3	13	det1=true
[24347]	137	149	-15	-2	-4	-13	det1=true
[24348]	142	149	-12	-5	-12	-7	det1=true
[24349]	149	149	-50	-30	-13	-1	det1=true
[24350]	149	149	-51	-30	-13	1	det1=true
[24351]	149	149	-26	-13	-5	-13	det1=true
[24352]	149	149	-39	-13	-5	13	det1=true
[24353]	51	150	-21	-4	-1	-8	det1=true
[24354]	74	150	-9	-4	-1	-10	det1=true
[24355]	78	150	-21	2	-10	-2	det1=true
[24356]	78	150	-23	2	-10	2	det1=true
[24357]	87	150	-17	-2	-9	-6	det1=true
[24358]	87	150	-23	-2	-9	6	det1=true
[24359]	97	150	-33	-17	-2	11	det1=true
[24360]	99	150	-7	3	-11	-4	det1=true
[24361]	100	150	-46	-9	-10	-4	det1=true
[24362]	100	150	-50	-9	-10	4	det1=true
[24363]	111	150	-37	-7	-4	-11	det1=true
[24364]	111	150	-48	-7	-4	11	det1=true
[24365]	124	150	-24	-7	-10	-8	det1=true
[24366]	124	150	-32	-7	-10	8	det1=true
[24367]	125	150	-2	-5	-2	-13	det1=true
[24368]	125	150	-15	-5	-2	13	det1=true
[24369]	126	150	-43	-2	-3	-12	det1=true
[24370]	126	150	-55	-2	-3	12	det1=true
[24371]	126	150	-15	5	-13	-2	det1=true
[24372]	126	150	-17	5	-13	2	det1=true
[24373]	131	150	-59	-43	-4	11	det1=true
[24374]	140	150	-59	-33	-9	-8	det1=true
[24375]	144	150	-72	-35	-2	12	det1=true
[24376]	147	150	-67	-27	-10	-7	det1=true
[24377]	147	150	-74	-27	-10	7	det1=true
[24378]	29	151	-5	-1	-2	-6	det1=true
[24379]	29	151	-11	-1	-2	6	det1=true
[24380]	49	151	-22	-12	-6	-5	det1=true
[24381]	49	151	-27	-12	-6	5	det1=true
[24382]	53	151	-10	2	-8	-3	det1=true
[24383]	53	151	-13	2	-8	3	det1=true
[24384]	54	151	-23	-20	-1	-8	det1=true
[24385]	54	151	-31	-20	-1	8	det1=true
[24386]	64	151	-11	3	-8	5	det1=true
[24387]	73	151	-10	-2	-10	1	det1=true
[24388]	79	151	-20	-20	-1	-10	det1=true
[24389]	79	151	-30	-20	-1	10	det1=true
[24390]	85	151	-24	-22	-5	-9	det1=true
[24391]	85	151	-33	-22	-5	9	det1=true
[24392]	86	151	-26	-17	-10	-3	det1=true
[24393]	86	151	-29	-17	-10	3	det1=true
[24394]	90	151	-9	1	-11	-2	det1=true
[24395]	95	151	-47	-7	-4	10	det1=true
[24396]	100	151	-16	1	-6	-10	det1=true
[24397]	100	151	-26	1	-6	10	det1=true
[24398]	103	151	-28	-30	-2	-11	det1=true
[24399]	103	151	-39	-30	-2	11	det1=true
[24400]	105	151	-26	-8	-4	-11	det1=true
[24401]	107	151	-38	-15	-7	-9	det1=true
[24402]	107	151	-47	-15	-7	9	det1=true
[24403]	107	151	-14	-1	-7	10	det1=true
[24404]	112	151	-24	-5	-10	-7	det1=true
[24405]	112	151	-31	-5	-10	7	det1=true
[24406]	115	151	-51	-51	-5	-9	det1=true
[24407]	115	151	-60	-51	-5	9	det1=true
[24408]	115	151	-36	-6	-8	-9	det1=true
[24409]	115	151	-45	-6	-8	9	det1=true
[24410]	121	151	-44	-14	-9	-8	det1=true
[24411]	127	151	-51	-24	-12	-1	det1=true
[24412]	131	151	-62	-34	-9	-7	det1=true
[24413]	131	151	-69	-34	-9	7	det1=true
[24414]	135	151	-55	-29	-5	-11	det1=true
[24415]	135	151	-66	-29	-5	11	det1=true
[24416]	137	151	-44	-34	-11	-6	det1=true
[24417]	137	151	-50	-34	-11	6	det1=true
[24418]	140	151	-53	-43	-8	-9	det1=true
[24419]	140	151	-62	-43	-8	9	det1=true
[24420]	141	151	-53	-4	-13	-1	det1=true
[24421]	141	151	-54	-4	-13	1	det1=true
[24422]	144	151	-49	-30	-8	-10	det1=true
[24423]	144	151	-59	-30	-8	10	det1=true
[24424]	148	151	-57	-42	-3	-12	det1=true
[24425]	148	151	-69	-42	-3	12	det1=true
[24426]	150	151	-67	-62	-11	-2	det1=true
[24427]	150	151	-69	-62	-11	2	det1=true
[24428]	151	151	-25	4	-14	-3	det1=true
[24429]	151	151	-28	4	-14	3	det1=true
[24430]	28	152	-11	-8	-1	-6	det1=true
[24431]	28	152	-17	-8	-1	6	det1=true
[24432]	39	152	-13	-1	-7	-2	det1=true
[24433]	39	152	-15	-1	-7	2	det1=true
[24434]	51	152	-17	-17	-1	-8	det1=true
[24435]	51	152	-25	-17	-1	8	det1=true
[24436]	61	152	-13	0	-7	6	det1=true
[24437]	100	152	-37	-27	-9	-6	det1=true
[24438]	105	152	-19	-6	-9	8	det1=true
[24439]	116	152	-46	-33	-6	10	det1=true
[24440]	118	152	-39	-17	-9	-8	det1=true
[24441]	118	152	-47	-17	-9	8	det1=true
[24442]	124	152	-53	-13	-12	-1	det1=true
[24443]	124	152	-54	-13	-12	1	det1=true
[24444]	142	152	-65	-1	-11	-6	det1=true
[24445]	142	152	-71	-1	-11	6	det1=true
[24446]	144	152	-22	-15	-12	-7	det1=true
[24447]	144	152	-29	-15	-12	7	det1=true
[24448]	145	152	-65	-59	-2	-11	det1=true
[24449]	145	152	-76	-59	-2	11	det1=true
[24450]	146	152	-50	-29	-12	-5	det1=true
[24451]	146	152	-55	-29	-12	5	det1=true
[24452]	146	152	-24	3	-14	-2	det1=true
[24453]	146	152	-26	3	-14	2	det1=true
[24454]	148	152	-66	-37	-12	3	det1=true
[24455]	152	152	-61	-39	-6	-11	det1=true
[24456]	152	152	-72	-39	-6	11	det1=true
[24457]	30	149	-5	1	-5	-4	det1=true
[24458]	39	149	-16	-6	-1	-7	det1=true
[24459]	39	149	-23	-6	-1	7	det1=true
[24460]	54	149	-21	-19	-4	-7	det1=true
[24461]	54	149	-28	-19	-4	7	det1=true
[24462]	61	149	-19	-6	-1	9	det1=true
[24463]	68	149	-29	-4	-9	-2	det1=true
[24464]	68	149	-31	-4	-9	2	det1=true
[24465]	93	149	-44	-20	-10	-2	det1=true
[24466]	93	149	-46	-20	-10	2	det1=true
[24467]	107	149	-12	5	-11	-5	det1=true
[24468]	107	149	-17	5	-11	5	det1=true
[24469]	109	149	-28	-20	-10	-6	det1=true
[24470]	111	149	-20	-10	-5	-11	det1=true
[24471]	113	149	-51	-3	-11	-3	det1=true
[24472]	113	149	-54	-3	-11	3	det1=true
[24473]	118	149	-28	-9	-12	-3	det1=true
[24474]	118	149	-31	-9	-12	3	det1=true
[24475]	119	149	-53	-36	-11	-1	det1=true
[24476]	119	149	-54	-36	-11	1	det1=true
[24477]	132	149	-37	-35	-3	-12	det1=true
[24478]	135	149	-47	-18	-6	-11	det1=true
[24479]	135	149	-58	-18	-6	11	det1=true
[24480]	138	149	-35	-32	-10	-8	det1=true
[24481]	138	149	-43	-32	-10	8	det1=true
[24482]	139	149	-29	-18	-13	-3	det1=true
[24483]	139	149	-32	-18	-13	3	det1=true
[24484]	139	149	-37	-23	-3	13	det1=true
[24485]	143	149	-44	-1	-13	-3	det1=true
[24486]	143	149	-47	-1	-13	3	det1=true
[24487]	145	149	-31	-24	-10	-9	det1=true
[24488]	145	149	-40	-24	-10	9	det1=true
[24489]	146	149	-53	-36	-10	8	det1=true
[24490]	147	149	-58	3	-13	2	det1=true
[24491]	149	149	-44	-36	-1	-13	det1=true
[24492]	80	150	-26	-3	-10	-2	det1=true
[24493]	93	150	-27	-25	-7	-8	det1=true
[24494]	93	150	-35	-25	-7	8	det1=true
[24495]	102	150	-25	-29	-2	-11	det1=true
[24496]	102	150	-36	-29	-2	11	det1=true
[24497]	104	150	-22	-7	-4	-11	det1=true
[24498]	106	150	-27	-7	-4	-11	det1=true
[24499]	106	150	-38	-7	-4	11	det1=true
[24500]	107	150	-53	-43	-10	-1	det1=true
[24501]	107	150	-54	-43	-10	1	det1=true
[24502]	122	150	-39	-25	-1	-12	det1=true
[24503]	127	150	-29	-12	-10	-8	det1=true
[24504]	127	150	-37	-12	-10	8	det1=true
[24505]	129	150	-43	-20	-3	-12	det1=true
[24506]	129	150	-55	-20	-3	12	det1=true
[24507]	138	150	-61	-60	-4	-10	det1=true
[24508]	139	150	-58	3	-12	-4	det1=true
[24509]	139	150	-62	3	-12	4	det1=true
[24510]	140	150	-67	-33	-9	8	det1=true
[24511]	140	150	-57	-37	-1	-12	det1=true
[24512]	140	150	-69	-37	-1	12	det1=true
[24513]	146	150	-53	-12	-13	-2	det1=true
[24514]	146	150	-55	-12	-13	2	det1=true
[24515]	146	150	-19	2	-14	2	det1=true
[24516]	43	151	-19	0	-3	7	det1=true
[24517]	59	151	-11	-5	-1	9	det1=true
[24518]	61	151	-27	-15	-5	-7	det1=true
[24519]	61	151	-34	-15	-5	7	det1=true
[24520]	64	151	-21	0	-9	-2	det1=true
[24521]	64	151	-23	0	-9	2	det1=true
[24522]	79	151	-27	-12	-10	-1	det1=true
[24523]	79	151	-28	-12	-10	1	det1=true
[24524]	89	151	-22	-4	-1	11	det1=true
[24525]	95	151	-37	-7	-4	-10	det1=true
[24526]	103	151	-28	-19	-9	-7	det1=true
[24527]	103	151	-35	-19	-9	7	det1=true
[24528]	103	151	-22	-10	-6	-10	det1=true
[24529]	103	151	-32	-10	-6	10	det1=true
[24530]	105	151	-37	-8	-4	11	det1=true
[24531]	107	151	-16	-7	-9	-8	det1=true
[24532]	107	151	-24	-7	-9	8	det1=true
[24533]	108	151	-41	-25	-2	-11	det1=true
[24534]	108	151	-52	-25	-2	11	det1=true
[24535]	109	151	-18	-12	-11	-5	det1=true
[24536]	109	151	-23	-12	-11	5	det1=true
[24537]	111	151	-24	-14	-8	-9	det1=true
[24538]	113	151	-43	-25	-3	-11	det1=true
[24539]	113	151	-54	-25	-3	11	det1=true
[24540]	113	151	-40	-31	-11	-3	det1=true
[24541]	113	151	-43	-31	-11	3	det1=true
[24542]	114	151	-37	-25	-11	-4	det1=true
[24543]	114	151	-41	-25	-11	4	det1=true
[24544]	121	151	-36	-27	-11	-5	det1=true
[24545]	121	151	-41	-27	-11	5	det1=true
[24546]	127	151	-23	-11	-13	-1	det1=true
[24547]	127	151	-24	-11	-13	1	det1=true
[24548]	129	151	-61	-45	-11	-1	det1=true
[24549]	129	151	-62	-45	-11	1	det1=true
[24550]	131	151	-31	-7	-1	-13	det1=true
[24551]	131	151	-44	-7	-1	13	det1=true
[24552]	135	151	-43	-17	-11	7	det1=true
[24553]	137	151	-54	-23	-3	-12	det1=true
[24554]	137	151	-66	-23	-3	12	det1=true
[24555]	139	151	-36	0	-11	8	det1=true
[24556]	141	151	-40	-30	-13	-1	det1=true
[24557]	141	151	-41	-30	-13	1	det1=true
[24558]	141	151	-35	-33	-7	-11	det1=true
[24559]	141	151	-46	-33	-7	11	det1=true
[24560]	143	151	-61	-33	-2	-12	det1=true
[24561]	143	151	-73	-33	-2	12	det1=true
[24562]	143	151	-37	-24	-13	-3	det1=true
[24563]	143	151	-40	-24	-13	3	det1=true
[24564]	143	151	-32	-29	-3	-13	det1=true
[24565]	143	151	-45	-29	-3	13	det1=true
[24566]	143	151	-16	-11	-5	-13	det1=true
[24567]	143	151	-29	-11	-5	13	det1=true
[24568]	144	151	-61	-33	-7	-10	det1=true
[24569]	144	151	-71	-33	-7	10	det1=true
[24570]	145	151	-57	-45	-5	-11	det1=true
[24571]	145	151	-68	-45	-5	11	det1=true
[24572]	148	151	-31	-10	-7	-12	det1=true
[24573]	148	151	-43	-10	-7	12	det1=true
[24574]	150	151	-73	-37	-10	7	det1=true
[24575]	150	151	-38	3	-14	1	det1=true
[24576]	30	152	-9	-2	-5	-4	det1=true
[24577]	30	152	-13	-2	-5	4	det1=true
[24578]	39	152	-11	-5	-7	-2	det1=true
[24579]	39	152	-13	-5	-7	2	det1=true
[24580]	56	152	-19	-11	-8	-3	det1=true
[24581]	56	152	-22	-11	-8	3	det1=true
[24582]	66	152	-14	-9	-8	-5	det1=true
[24583]	66	152	-19	-9	-8	5	det1=true
[24584]	81	152	-27	-8	-2	-10	det1=true
[24585]	81	152	-37	-8	-2	10	det1=true
[24586]	92	152	-43	-24	-10	-2	det1=true
[24587]	92	152	-45	-24	-10	2	det1=true
[24588]	93	152	-31	-3	-2	11	det1=true
[24589]	98	152	-9	2	-11	-4	det1=true
[24590]	98	152	-13	2	-11	4	det1=true
[24591]	107	152	-9	0	-7	-10	det1=true
[24592]	110	152	-29	-9	-12	-1	det1=true
[24593]	110	152	-30	-9	-12	1	det1=true
[24594]	113	152	-33	-30	-10	-6	det1=true
[24595]	113	152	-39	-30	-10	6	det1=true
[24596]	115	152	-12	-13	-6	-11	det1=true
[24597]	115	152	-23	-13	-6	11	det1=true
[24598]	117	152	-45	-41	-2	-11	det1=true
[24599]	117	152	-56	-41	-2	11	det1=true
[24600]	120	152	-57	-32	-11	-2	det1=true
[24601]	120	152	-59	-32	-11	2	det1=true
[24602]	122	152	-22	-9	-10	-8	det1=true
[24603]	122	152	-30	-9	-10	8	det1=true
[24604]	124	152	-47	3	-12	-3	det1=true
[24605]	124	152	-50	3	-12	3	det1=true
[24606]	127	152	-25	-9	-5	-12	det1=true
[24607]	127	152	-37	-9	-5	12	det1=true
[24608]	140	152	-73	-21	-7	10	det1=true
[24609]	148	152	-63	-37	-12	-3	det1=true
[24610]	150	152	-35	-31	-8	-11	det1=true
[24611]	150	152	-46	-31	-8	11	det1=true
[24612]	54	149	-25	-17	-8	1	det1=true
[24613]	65	149	-18	-18	-1	-9	det1=true
[24614]	65	149	-27	-18	-1	9	det1=true
[24615]	88	149	-29	-13	-3	-10	det1=true
[24616]	88	149	-39	-13	-3	10	det1=true
[24617]	97	149	-37	-30	-10	-3	det1=true
[24618]	97	149	-40	-30	-10	3	det1=true
[24619]	99	149	-36	-11	-11	-1	det1=true
[24620]	106	149	-49	1	-11	2	det1=true
[24621]	107	149	-32	-23	-11	-3	det1=true
[24622]	107	149	-35	-23	-11	3	det1=true
[24623]	109	149	-16	4	-12	-2	det1=true
[24624]	109	149	-18	4	-12	2	det1=true
[24625]	111	149	-31	-10	-5	11	det1=true
[24626]	115	149	-53	-7	-11	-3	det1=true
[24627]	115	149	-56	-7	-11	3	det1=true
[24628]	115	149	-43	-26	-7	-9	det1=true
[24629]	115	149	-52	-26	-7	9	det1=true
[24630]	123	149	-50	-42	-11	-2	det1=true
[24631]	123	149	-52	-42	-11	2	det1=true
[24632]	123	149	-46	-30	-11	-4	det1=true
[24633]	123	149	-50	-30	-11	4	det1=true
[24634]	125	149	-46	-34	-6	-10	det1=true
[24635]	125	149	-56	-34	-6	10	det1=true
[24636]	126	149	-41	-41	-4	-11	det1=true
[24637]	126	149	-52	-41	-4	11	det1=true
[24638]	129	149	-28	-3	-13	-1	det1=true
[24639]	129	149	-29	-3	-13	1	det1=true
[24640]	130	149	-42	-11	-6	-11	det1=true
[24641]	130	149	-53	-11	-6	11	det1=true
[24642]	131	149	-48	-42	-11	-4	det1=true
[24643]	132	149	-62	-39	-6	10	det1=true
[24644]	133	149	-64	-38	-6	10	det1=true
[24645]	133	149	-28	-20	-12	-5	det1=true
[24646]	133	149	-33	-20	-12	5	det1=true
[24647]	134	149	-57	-36	-11	-4	det1=true
[24648]	136	149	-32	-31	-10	-8	det1=true
[24649]	136	149	-40	-31	-10	8	det1=true
[24650]	137	149	-28	-2	-4	13	det1=true
[24651]	140	149	-48	-17	-10	-8	det1=true
[24652]	140	149	-56	-17	-10	8	det1=true
[24653]	141	149	-67	-52	-11	-1	det1=true
[24654]	141	149	-68	-52	-11	1	det1=true
[24655]	142	149	-69	-23	-12	1	det1=true
[24656]	147	149	-56	3	-13	-2	det1=true
[24657]	149	149	-33	-24	-8	-11	det1=true
[24658]	149	149	-44	-24	-8	11	det1=true
[24659]	73	150	-32	-9	-8	-5	det1=true
[24660]	73	150	-37	-9	-8	5	det1=true
[24661]	97	150	-31	-2	-11	-2	det1=true
[24662]	97	150	-33	-2	-11	2	det1=true
[24663]	100	150	-43	-12	-4	-10	det1=true
[24664]	100	150	-53	-12	-4	10	det1=true
[24665]	104	150	-33	-7	-4	11	det1=true
[24666]	109	150	-39	-29	-2	-11	det1=true
[24667]	109	150	-50	-29	-2	11	det1=true
[24668]	122	150	-45	-11	-8	-9	det1=true
[24669]	122	150	-54	-11	-8	9	det1=true
[24670]	124	150	-65	-48	-4	10	det1=true
[24671]	131	150	-6	-1	-10	-9	det1=true
[24672]	131	150	-15	-1	-10	9	det1=true
[24673]	142	150	-53	3	-12	-5	det1=true
[24674]	142	150	-58	3	-12	5	det1=true
[24675]	43	151	-12	0	-3	-7	det1=true
[24676]	46	151	-14	-7	-6	-5	det1=true
[24677]	46	151	-19	-7	-6	5	det1=true
[24678]	51	151	-14	-6	-2	-8	det1=true
[24679]	59	151	-2	-5	-1	-9	det1=true
[24680]	64	151	-6	3	-8	-5	det1=true
[24681]	71	151	-14	1	-9	-4	det1=true
[24682]	73	151	-9	-2	-10	-1	det1=true
[24683]	79	151	-29	-5	-6	-8	det1=true
[24684]	79	151	-37	-5	-6	8	det1=true
[24685]	89	151	-11	-4	-1	-11	det1=true
[24686]	92	151	-39	-13	-3	-10	det1=true
[24687]	93	151	-31	-22	-8	-7	det1=true
[24688]	93	151	-38	-22	-8	7	det1=true
[24689]	95	151	-40	-4	-10	-4	det1=true
[24690]	95	151	-44	-4	-10	4	det1=true
[24691]	102	151	-21	-5	-11	-4	det1=true
[24692]	102	151	-25	-5	-11	4	det1=true
[24693]	106	151	-43	-19	-11	-2	det1=true
[24694]	106	151	-6	3	-12	-2	det1=true
[24695]	106	151	-8	3	-12	2	det1=true
[24696]	108	151	-50	-45	-10	-2	det1=true
[24697]	108	151	-52	-45	-10	2	det1=true
[24698]	116	151	-47	-14	-10	-6	det1=true
[24699]	116	151	-53	-14	-10	6	det1=true
[24700]	116	151	-41	-7	-12	-1	det1=true
[24701]	116	151	-35	-14	-1	-12	det1=true
[24702]	118	151	-22	-9	-6	-11	det1=true
[24703]	118	151	-33	-9	-6	11	det1=true
[24704]	119	151	-41	-40	-9	-7	det1=true
[24705]	119	151	-48	-40	-9	7	det1=true
[24706]	124	151	-31	-20	-11	-6	det1=true
[24707]	127	151	-52	-24	-12	1	det1=true
[24708]	131	151	-29	-13	-7	-11	det1=true
[24709]	134	151	-35	-16	-5	-12	det1=true
[24710]	134	151	-47	-16	-5	12	det1=true
[24711]	135	151	-36	-17	-11	-7	det1=true
[24712]	136	151	-18	-3	-8	-11	det1=true
[24713]	136	151	-29	-3	-8	11	det1=true
[24714]	137	151	-65	-42	-11	-3	det1=true
[24715]	137	151	-68	-42	-11	3	det1=true
[24716]	137	151	-62	-28	-12	-1	det1=true
[24717]	137	151	-63	-28	-12	1	det1=true
[24718]	139	151	-41	5	-13	-3	det1=true
[24719]	144	151	-68	-19	-10	-7	det1=true
[24720]	145	151	-67	-31	-11	-5	det1=true
[24721]	147	151	-68	-25	-7	-10	det1=true
[24722]	147	151	-78	-25	-7	10	det1=true
[24723]	148	151	-47	3	-13	-4	det1=true
[24724]	148	151	-51	3	-13	4	det1=true
[24725]	64	152	-28	-3	-2	9	det1=true
[24726]	78	152	-25	-8	-1	-10	det1=true
[24727]	88	152	-42	-31	-6	8	det1=true
[24728]	115	152	-35	-32	-6	-10	det1=true
[24729]	122	152	-33	-29	-10	-7	det1=true
[24730]	122	152	-40	-29	-10	7	det1=true
[24731]	139	152	-14	1	-12	-7	det1=true
[24732]	139	152	-21	1	-12	7	det1=true
[24733]	140	152	-27	-23	-10	-9	det1=true
[24734]	140	152	-36	-23	-10	9	det1=true
[24735]	144	152	-55	-4	-13	-2	det1=true
[24736]	148	152	-19	-3	-14	3	det1=true
[24737]	148	152	-13	-7	-14	-3	det1=true
[24738]	30	149	-9	1	-5	4	det1=true
[24739]	61	149	-10	-6	-1	-9	det1=true
[24740]	78	149	-26	-1	-10	-1	det1=true
[24741]	78	149	-27	-1	-10	1	det1=true
[24742]	85	149	-36	-28	-9	4	det1=true
[24743]	93	149	-42	-14	-5	-9	det1=true
[24744]	93	149	-51	-14	-5	9	det1=true
[24745]	106	149	-9	4	-9	-8	det1=true
[24746]	106	149	-17	4	-9	8	det1=true
[24747]	113	149	-48	-5	-7	-9	det1=true
[24748]	114	149	-25	-2	-7	-10	det1=true
[24749]	114	149	-35	-2	-7	10	det1=true
[24750]	133	149	-54	-38	-6	-10	det1=true
[24751]	137	149	-32	-4	-13	-3	det1=true
[24752]	137	149	-35	-4	-13	3	det1=true
[24753]	137	149	-27	-9	-3	-13	det1=true
[24754]	137	149	-40	-9	-3	13	det1=true
[24755]	140	149	-57	-3	-6	-11	det1=true
[24756]	140	149	-68	-3	-6	11	det1=true
[24757]	142	149	-68	-23	-12	-1	det1=true
[24758]	142	149	-19	-5	-12	7	det1=true
[24759]	143	149	-60	-15	-11	-6	det1=true
[24760]	143	149	-66	-15	-11	6	det1=true
[24761]	143	149	-39	-6	-3	-13	det1=true
[24762]	146	149	-63	-36	-9	-8	det1=true
[24763]	51	150	-17	-13	-4	-7	det1=true
[24764]	51	150	-24	-13	-4	7	det1=true
[24765]	82	150	-42	-19	-4	9	det1=true
[24766]	84	150	-31	-20	-1	-10	det1=true
[24767]	84	150	-41	-20	-1	10	det1=true
[24768]	84	150	-5	2	-4	-10	det1=true
[24769]	84	150	-15	2	-4	10	det1=true
[24770]	101	150	-43	-20	-10	-4	det1=true
[24771]	101	150	-47	-20	-10	4	det1=true
[24772]	119	150	-53	-41	-6	-9	det1=true
[24773]	119	150	-62	-41	-6	9	det1=true
[24774]	127	150	-28	-13	-8	-10	det1=true
[24775]	134	150	-59	-18	-9	-8	det1=true
[24776]	134	150	-67	-18	-9	8	det1=true
[24777]	142	150	-8	7	-14	-1	det1=true
[24778]	142	150	-9	7	-14	1	det1=true
[24779]	145	150	-45	-25	-13	-2	det1=true
[24780]	145	150	-47	-25	-13	2	det1=true
[24781]	146	150	-17	2	-14	-2	det1=true
[24782]	147	150	-75	-65	-8	7	det1=true
[24783]	25	151	-8	1	-3	-5	det1=true
[24784]	25	151	-13	1	-3	5	det1=true
[24785]	71	151	-27	-4	-3	-9	det1=true
[24786]	71	151	-36	-4	-3	9	det1=true
[24787]	71	151	-18	1	-9	4	det1=true
[24788]	109	151	-40	-18	-3	-11	det1=true
[24789]	115	151	-34	-6	-5	-11	det1=true
[24790]	115	151	-45	-6	-5	11	det1=true
[24791]	115	151	-28	-21	-11	-5	det1=true
[24792]	115	151	-33	-21	-11	5	det1=true
[24793]	115	151	-18	3	-11	-6	det1=true
[24794]	115	151	-24	3	-11	6	det1=true
[24795]	117	151	-26	-22	-7	-10	det1=true
[24796]	121	151	-42	-18	-1	-12	det1=true
[24797]	121	151	-54	-18	-1	12	det1=true
[24798]	128	151	-46	-25	-2	-12	det1=true
[24799]	128	151	-58	-25	-2	12	det1=true
[24800]	130	151	-6	1	-10	-9	det1=true
[24801]	130	151	-15	1	-10	9	det1=true
[24802]	139	151	-42	-36	-4	-12	det1=true
[24803]	139	151	-54	-36	-4	12	det1=true
[24804]	139	151	-44	5	-13	3	det1=true
[24805]	140	151	-65	-29	-12	-1	det1=true
[24806]	140	151	-66	-29	-12	1	det1=true
[24807]	142	151	-56	-3	-8	-10	det1=true
[24808]	142	151	-66	-3	-8	10	det1=true
[24809]	149	151	-26	-13	-1	-14	det1=true
[24810]	149	151	-40	-13	-1	14	det1=true
[24811]	151	151	-62	-44	-7	-10	det1=true
[24812]	151	151	-72	-44	-7	10	det1=true
[24813]	151	151	-53	-19	-13	-3	det1=true
[24814]	151	151	-56	-19	-13	3	det1=true
[24815]	151	151	-20	0	-6	-13	det1=true
[24816]	151	151	-33	0	-6	13	det1=true
[24817]	65	152	-13	2	-5	-8	det1=true
[24818]	65	152	-21	2	-5	8	det1=true
[24819]	73	152	-12	-5	-6	-8	det1=true
[24820]	73	152	-20	-5	-6	8	det1=true
[24821]	76	152	-22	-7	-6	-8	det1=true
[24822]	76	152	-30	-7	-6	8	det1=true
[24823]	81	152	-29	-16	-1	-10	det1=true
[24824]	83	152	-27	-20	-10	-2	det1=true
[24825]	86	152	-27	-28	-2	-10	det1=true
[24826]	86	152	-37	-28	-2	10	det1=true
[24827]	93	152	-20	-3	-2	-11	det1=true
[24828]	108	152	-41	-27	-2	-11	det1=true
[24829]	108	152	-52	-27	-2	11	det1=true
[24830]	115	152	-37	-2	-1	-12	det1=true
[24831]	115	152	-49	-2	-1	12	det1=true
[24832]	116	152	-27	-20	-7	-10	det1=true
[24833]	116	152	-37	-20	-7	10	det1=true
[24834]	131	152	-44	-35	-10	-7	det1=true
[24835]	131	152	-51	-35	-10	7	det1=true
[24836]	144	152	-57	-4	-13	2	det1=true
[24837]	146	152	-68	-27	-10	-7	det1=true
[24838]	146	152	-75	-27	-10	7	det1=true
[24839]	152	152	-51	-33	-2	-13	det1=true
[24840]	152	152	-64	-33	-2	13	det1=true
[24841]	57	149	-19	-1	-5	-7	det1=true
[24842]	57	149	-26	-1	-5	7	det1=true
[24843]	63	149	-29	-17	-7	-5	det1=true
[24844]	63	149	-34	-17	-7	5	det1=true
[24845]	89	149	-21	-18	-8	-7	det1=true
[24846]	89	149	-28	-18	-8	7	det1=true
[24847]	101	149	-38	-15	-11	-1	det1=true
[24848]	101	149	-39	-15	-11	1	det1=true
[24849]	101	149	-29	-5	-11	-3	det1=true
[24850]	101	149	-32	-5	-11	3	det1=true
[24851]	106	149	-47	1	-11	-2	det1=true
[24852]	113	149	-24	0	-10	-7	det1=true
[24853]	113	149	-31	0	-10	7	det1=true
[24854]	131	149	-52	-42	-11	4	det1=true
[24855]	131	149	-49	-32	-12	-1	det1=true
[24856]	131	149	-50	-32	-12	1	det1=true
[24857]	137	149	-16	0	-8	-11	det1=true
[24858]	137	149	-27	0	-8	11	det1=true
[24859]	146	149	-45	-36	-10	-8	det1=true
[24860]	146	149	-46	-41	-12	-4	det1=true
[24861]	79	150	-30	-1	-10	-1	det1=true
[24862]	79	150	-31	-1	-10	1	det1=true
[24863]	82	150	-33	-19	-4	-9	det1=true
[24864]	104	150	-23	-3	-4	-11	det1=true
[24865]	114	150	-27	-1	-7	-10	det1=true
[24866]	114	150	-37	-1	-7	10	det1=true
[24867]	123	150	-23	-2	-10	-8	det1=true
[24868]	123	150	-31	-2	-10	8	det1=true
[24869]	127	150	-38	-13	-8	10	det1=true
[24870]	130	150	-25	-7	-13	-2	det1=true
[24871]	131	150	-48	-43	-4	-11	det1=true
[24872]	148	150	-62	-35	-12	-3	det1=true
[24873]	148	150	-65	-35	-12	3	det1=true
[24874]	149	150	-31	-29	-11	-8	det1=true
[24875]	92	151	-32	-27	-10	-3	det1=true
[24876]	92	151	-35	-27	-10	3	det1=true
[24877]	103	151	-26	3	-11	-4	det1=true
[24878]	103	151	-30	3	-11	4	det1=true
[24879]	106	151	-45	-19	-11	2	det1=true
[24880]	109	151	-51	-18	-3	11	det1=true
[24881]	111	151	-33	-14	-8	9	det1=true
[24882]	116	151	-39	-2	-9	-8	det1=true
[24883]	116	151	-47	-2	-9	8	det1=true
[24884]	117	151	-41	-1	-11	-5	det1=true
[24885]	117	151	-46	-1	-11	5	det1=true
[24886]	120	151	-49	-50	-4	-10	det1=true
[24887]	120	151	-59	-50	-4	10	det1=true
[24888]	122	151	-37	-24	-2	-12	det1=true
[24889]	122	151	-49	-24	-2	12	det1=true
[24890]	124	151	-37	-20	-11	6	det1=true
[24891]	133	151	-57	-22	-8	-9	det1=true
[24892]	133	151	-66	-22	-8	9	det1=true
[24893]	140	151	-61	-31	-8	-9	det1=true
[24894]	140	151	-70	-31	-8	9	det1=true
[24895]	144	151	-50	-29	-10	-8	det1=true
[24896]	144	151	-58	-29	-10	8	det1=true
[24897]	145	151	-72	-31	-11	5	det1=true
[24898]	50	152	-12	-3	-2	-8	det1=true
[24899]	64	152	-19	-3	-2	-9	det1=true
[24900]	102	152	-25	2	-11	-4	det1=true
[24901]	104	152	-23	-15	-11	-4	det1=true
[24902]	104	152	-27	-15	-11	4	det1=true
[24903]	112	152	-47	-39	-6	-9	det1=true
[24904]	112	152	-56	-39	-6	9	det1=true
[24905]	119	152	-16	1	-10	-8	det1=true
[24906]	119	152	-24	1	-10	8	det1=true
[24907]	130	152	-11	1	-10	-9	det1=true
[24908]	130	152	-20	1	-10	9	det1=true
[24909]	137	152	-48	-41	-10	-7	det1=true
[24910]	137	152	-55	-41	-10	7	det1=true
[24911]	139	152	-40	-17	-2	-13	det1=true
[24912]	139	152	-53	-17	-2	13	det1=true
[24913]	140	152	-63	-21	-7	-10	det1=true
[24914]	141	152	-31	-11	-11	-8	det1=true
[24915]	141	152	-39	-11	-11	8	det1=true
[24916]	151	152	-20	-13	-14	-3	det1=true
[24917]	151	152	-23	-13	-14	3	det1=true
[24918]	73	149	-30	-23	-9	-2	det1=true
[24919]	73	149	-32	-23	-9	2	det1=true
[24920]	85	149	-32	-28	-9	-4	det1=true
[24921]	110	149	-18	-3	-12	-2	det1=true
[24922]	110	149	-20	-3	-12	2	det1=true
[24923]	113	149	-28	-14	-12	-1	det1=true
[24924]	113	149	-29	-14	-12	1	det1=true
[24925]	134	149	-51	-6	-11	-6	det1=true
[24926]	137	149	-18	-15	-9	-10	det1=true
[24927]	137	149	-28	-15	-9	10	det1=true
[24928]	145	149	-20	-8	-7	-12	det1=true
[24929]	145	149	-32	-8	-7	12	det1=true
[24930]	41	150	-15	-10	-7	-2	det1=true
[24931]	41	150	-17	-10	-7	2	det1=true
[24932]	82	150	-5	-3	-7	-8	det1=true
[24933]	82	150	-13	-3	-7	8	det1=true
[24934]	150	150	-24	-11	-14	-2	det1=true
[24935]	150	150	-26	-11	-14	2	det1=true
[24936]	59	151	-6	-1	-9	-1	det1=true
[24937]	59	151	-7	-1	-9	1	det1=true
[24938]	86	151	-40	-15	-8	-6	det1=true
[24939]	86	151	-46	-15	-8	6	det1=true
[24940]	89	151	-36	-2	-3	-10	det1=true
[24941]	89	151	-46	-2	-3	10	det1=true
[24942]	117	151	-49	-40	-11	-1	det1=true
[24943]	117	151	-50	-40	-11	1	det1=true
[24944]	117	151	-36	-22	-7	10	det1=true
[24945]	118	151	-22	5	-12	-4	det1=true
[24946]	118	151	-26	5	-12	4	det1=true
[24947]	123	151	-30	-10	-10	8	det1=true
[24948]	146	151	-49	-17	-2	-13	det1=true
[24949]	146	151	-62	-17	-2	13	det1=true
[24950]	147	151	-47	-30	-7	-11	det1=true
[24951]	147	151	-58	-30	-7	11	det1=true
[24952]	50	152	-20	-3	-2	8	det1=true
[24953]	81	152	-39	-16	-1	10	det1=true
[24954]	88	152	-34	-31	-6	-8	det1=true
[24955]	121	152	-9	-1	-12	-5	det1=true
[24956]	121	152	-14	-1	-12	5	det1=true
[24957]	132	152	-53	-30	-9	-8	det1=true
[24958]	132	152	-61	-30	-9	8	det1=true
[24959]	140	152	-43	-20	-13	-2	det1=true
[24960]	140	152	-45	-20	-13	2	det1=true
[24961]	141	152	-39	-28	-13	-2	det1=true
[24962]	141	152	-41	-28	-13	2	det1=true
[24963]	142	152	-60	-49	-6	-10	det1=true
[24964]	142	152	-70	-49	-6	10	det1=true
[24965]	74	149	-5	-6	-1	-10	det1=true
[24966]	74	149	-15	-6	-1	10	det1=true
[24967]	93	149	-24	-5	-11	-1	det1=true
[24968]	93	149	-25	-5	-11	1	det1=true
[24969]	119	149	-42	-36	-7	-9	det1=true
[24970]	119	149	-51	-36	-7	9	det1=true
[24971]	127	149	-42	-10	-3	-12	det1=true
[24972]	78	150	-19	-15	-1	-10	det1=true
[24973]	78	150	-29	-15	-1	10	det1=true
[24974]	71	151	-28	-21	-7	-6	det1=true
[24975]	71	151	-34	-21	-7	6	det1=true
[24976]	82	151	-23	-1	-10	-3	det1=true
[24977]	82	151	-26	-1	-10	3	det1=true
[24978]	88	151	-40	-21	-6	-8	det1=true
[24979]	88	151	-48	-21	-6	8	det1=true
[24980]	99	151	-8	0	-4	-11	det1=true
[24981]	99	151	-19	0	-4	11	det1=true
[24982]	109	151	-49	-18	-1	-11	det1=true
[24983]	123	151	-22	-10	-10	-8	det1=true
[24984]	128	151	-52	-3	-2	-12	det1=true
[24985]	128	151	-64	-3	-2	12	det1=true
[24986]	137	151	-44	2	-13	-2	det1=true
[24987]	137	151	-46	2	-13	2	det1=true
[24988]	63	152	-23	-3	-6	7	det1=true
[24989]	131	152	-57	-9	-10	-7	det1=true
[24990]	131	152	-64	-9	-10	7	det1=true
[24991]	132	152	-51	-34	-1	-12	det1=true
[24992]	132	152	-63	-34	-1	12	det1=true
[24993]	142	152	-55	-44	-12	-2	det1=true
[24994]	142	152	-57	-44	-12	2	det1=true
[24995]	39	149	-19	-3	-7	-1	det1=true
[24996]	39	149	-20	-3	-7	1	det1=true
[24997]	79	149	-31	-27	-3	-9	det1=true
[24998]	92	149	-35	-3	-8	-7	det1=true
[24999]	92	149	-42	-3	-8	7	det1=true
[25000]	133	149	-56	-4	-2	-12	det1=true
[25001]	133	149	-68	-4	-2	12	det1=true
[25002]	110	150	-47	-34	-4	-10	det1=true
[25003]	130	150	-27	-7	-13	2	det1=true
[25004]	144	150	-53	0	-13	-2	det1=true
[25005]	144	150	-55	0	-13	2	det1=true
[25006]	116	151	-45	-16	-6	-10	det1=true
[25007]	116	151	-55	-16	-6	10	det1=true
[25008]	130	151	-14	-1	-10	9	det1=true
[25009]	147	151	-61	-9	-8	-10	det1=true
[25010]	147	151	-71	-9	-8	10	det1=true
[25011]	63	152	-16	-3	-6	-7	det1=true
[25012]	136	152	-29	1	-9	-10	det1=true
[25013]	146	152	-47	-1	-10	-9	det1=true
[25014]	146	152	-56	-1	-10	9	det1=true
[25015]	148	152	-39	-28	-9	-10	det1=true
[25016]	148	152	-49	-28	-9	10	det1=true
[25017]	150	152	-62	-57	-4	-11	det1=true
[25018]	57	149	-28	-22	-8	-1	det1=true
[25019]	57	149	-29	-22	-8	1	det1=true
[25020]	124	149	-59	-32	-11	-2	det1=true
[25021]	124	149	-61	-32	-11	2	det1=true
[25022]	125	149	-24	-8	-10	-8	det1=true
[25023]	125	149	-32	-8	-10	8	det1=true
[25024]	108	151	-46	-49	-2	-10	det1=true
[25025]	108	151	-56	-49	-2	10	det1=true
[25026]	130	151	-5	-1	-10	-9	det1=true
[25027]	133	151	-22	-8	-3	-13	det1=true
[25028]	133	151	-35	-8	-3	13	det1=true
[25029]	151	151	-40	-3	-13	-5	det1=true
[25030]	139	152	-43	-5	-2	-13	det1=true
[25031]	139	152	-56	-5	-2	13	det1=true
[25032]	146	152	-58	-21	-10	-8	det1=true
[25033]	146	152	-66	-21	-10	8	det1=true
[25034]	131	149	-7	-11	-3	-13	det1=true
[25035]	131	149	-20	-11	-3	13	det1=true
[25036]	133	149	-25	-22	-1	-13	det1=true
[25037]	133	149	-38	-22	-1	13	det1=true
[25038]	135	149	-59	-19	-11	-5	det1=true
[25039]	135	149	-64	-19	-11	5	det1=true
[25040]	110	150	-57	-34	-4	10	det1=true
[25041]	122	150	-49	-24	-6	-10	det1=true
[25042]	122	150	-59	-24	-6	10	det1=true
[25043]	150	150	-33	-10	-7	-12	det1=true
[25044]	150	150	-45	-10	-7	12	det1=true
[25045]	117	151	-38	-4	-5	-11	det1=true
[25046]	117	151	-49	-4	-5	11	det1=true
[25047]	136	151	-25	-7	-9	-10	det1=true
[25048]	136	151	-35	-7	-9	10	det1=true
[25049]	147	151	-52	-27	-13	-1	det1=true
[25050]	50	152	-15	0	-8	-2	det1=true
[25051]	50	152	-17	0	-8	2	det1=true
[25052]	134	152	-46	-9	-10	-8	det1=true
[25053]	134	152	-54	-9	-10	8	det1=true
[25054]	115	150	-26	-13	-10	-7	det1=true
[25055]	115	150	-33	-13	-10	7	det1=true
[25056]	79	151	-30	-4	-8	-6	det1=true
[25057]	151	151	-61	-24	-3	13	det1=true
[25058]	80	149	-17	-4	-3	10	det1=true
[25059]	135	152	-48	-7	-10	-8	det1=true
[25060]	135	152	-56	-7	-10	8	det1=true
[25061]	147	152	-60	-19	-10	-8	det1=true
[25062]	147	152	-68	-19	-10	8	det1=true
[25063]	124	151	-57	-12	-6	-10	det1=true
[25064]	124	151	-67	-12	-6	10	det1=true
[25065]	145	151	-45	-17	-13	-3	det1=true
[25066]	145	151	-48	-17	-13	3	det1=true
[25067]	80	149	-7	-4	-3	-10	det1=true
[25068]	116	150	-45	-16	-10	-6	det1=true
[25069]	116	150	-51	-16	-10	6	det1=true
[25070]	90	151	-42	-25	-10	-1	det1=true
[25071]	90	151	-43	-25	-10	1	det1=true
[25072]	146	149	-42	-45	-4	-12	det1=true
[25073]	133	150	-61	-54	-10	-4	det1=true
[25074]	133	150	-65	-54	-10	4	det1=true
[25075]	119	152	-15	0	-8	-10	det1=true
[25076]	119	152	-25	0	-8	10	det1=true
[25077]	140	152	-32	-33	-2	-13	det1=true
[25078]	140	152	-45	-33	-2	13	det1=true
[25079]	63	149	-28	-18	-5	-7	det1=true
[25080]	63	149	-35	-18	-5	7	det1=true
[25081]	67	149	-12	-2	-3	-9	det1=true
[25082]	67	149	-21	-2	-3	9	det1=true
[25083]	135	151	-59	-24	-11	-5	det1=true
[25084]	135	151	-64	-24	-11	5	det1=true
[25085]	126	149	-57	-37	-10	-5	det1=true
[25086]	136	151	-19	-3	-11	-8	det1=true
[25087]	136	151	-27	-3	-11	8	det1=true
[25088]	149	152	-30	-21	-12	-7	det1=true
[25089]	149	152	-37	-21	-12	7	det1=true
[25090]	98	149	-33	-29	-7	-8	det1=true
[25091]	98	149	-41	-29	-7	8	det1=true
[25092]	96	150	-29	0	-11	-2	det1=true
[25093]	96	150	-31	0	-11	2	det1=true
[25094]	91	151	-33	1	-10	-4	det1=true
[25095]	91	151	-37	1	-10	4	det1=true
[25096]	117	150	-41	-23	-4	-11	det1=true
[25097]	106	149	-49	-44	-6	-8	det1=true
[25098]	106	149	-57	-44	-6	8	det1=true
[25099]	86	151	-39	-16	-6	-8	det1=true
[25100]	110	149	-13	-8	-2	-12	det1=true
[25101]	110	149	-25	-8	-2	12	det1=true
[25102]	106	150	-32	-31	-2	-11	det1=true
[25103]	96	152	-28	1	-2	-11	det1=true
[25104]	96	152	-39	1	-2	11	det1=true
[25105]	83	149	-26	-7	-9	-5	det1=true
[25106]	83	149	-31	-7	-9	5	det1=true
[25107]	137	152	-63	-35	-4	-11	det1=true
[25108]	48	153	-3	4	-8	-2	det1=true
[25109]	48	153	-5	4	-8	2	det1=true
[25110]	139	153	-44	-18	-13	-2	det1=true
[25111]	139	153	-46	-18	-13	2	det1=true
[25112]	117	153	-11	3	-10	-8	det1=true
[25113]	117	153	-19	3	-10	8	det1=true
[25114]	153	153	-38	-12	-1	-14	det1=true
[25115]	153	153	-52	-12	-1	14	det1=true
[25116]	145	154	-55	-17	-13	-2	det1=true
[25117]	145	154	-57	-17	-13	2	det1=true
[25118]	107	155	-41	-19	-7	-9	det1=true
[25119]	107	155	-50	-19	-7	9	det1=true
[25120]	149	155	-18	-18	-3	-14	det1=true
[25121]	149	155	-32	-18	-3	14	det1=true
[25122]	71	156	-25	-23	-8	-5	det1=true
[25123]	71	156	-30	-23	-8	5	det1=true
[25124]	98	156	-43	-20	-4	-10	det1=true
[25125]	98	156	-53	-20	-4	10	det1=true
[25126]	126	153	-45	-26	-2	-12	det1=true
[25127]	126	153	-57	-26	-2	12	det1=true
[25128]	138	153	-29	-4	-11	-8	det1=true
[25129]	138	153	-37	-4	-11	8	det1=true
[25130]	139	153	-43	-26	-13	-1	det1=true
[25131]	139	153	-44	-26	-13	1	det1=true
[25132]	140	153	-22	-23	-8	-11	det1=true
[25133]	142	153	-51	-13	-13	-2	det1=true
[25134]	142	153	-53	-13	-13	2	det1=true
[25135]	149	153	-64	-41	-7	-10	det1=true
[25136]	149	153	-74	-41	-7	10	det1=true
[25137]	83	154	-16	-11	-8	-7	det1=true
[25138]	112	154	-35	4	-12	-2	det1=true
[25139]	116	154	-50	-15	-10	-6	det1=true
[25140]	116	154	-56	-15	-10	6	det1=true
[25141]	131	154	-55	-18	-11	6	det1=true
[25142]	132	154	-10	-9	-4	-13	det1=true
[25143]	132	154	-23	-9	-4	13	det1=true
[25144]	149	154	-23	-9	-14	-3	det1=true
[25145]	149	154	-26	-9	-14	3	det1=true
[25146]	154	154	-40	-15	-14	-2	det1=true
[25147]	154	154	-42	-15	-14	2	det1=true
[25148]	59	155	-13	-1	-1	-9	det1=true
[25149]	59	155	-22	-1	-1	9	det1=true
[25150]	89	155	-37	-24	-9	-5	det1=true
[25151]	97	155	-24	-11	-3	-11	det1=true
[25152]	115	155	-50	-14	-10	-6	det1=true
[25153]	115	155	-56	-14	-10	6	det1=true
[25154]	123	155	-12	-8	-2	-13	det1=true
[25155]	123	155	-25	-8	-2	13	det1=true
[25156]	126	155	-39	2	-10	-8	det1=true
[25157]	143	155	-63	3	-10	-8	det1=true
[25158]	143	155	-71	3	-10	8	det1=true
[25159]	75	156	-19	-15	-1	-10	det1=true
[25160]	75	156	-29	-15	-1	10	det1=true
[25161]	77	156	-19	-23	-1	-10	det1=true
[25162]	77	156	-29	-23	-1	10	det1=true
[25163]	108	156	-47	-42	-7	-8	det1=true
[25164]	108	156	-55	-42	-7	8	det1=true
[25165]	138	156	-21	2	-7	-12	det1=true
[25166]	138	156	-33	2	-7	12	det1=true
[25167]	140	156	-10	1	-2	-14	det1=true
[25168]	140	156	-24	1	-2	14	det1=true
[25169]	86	153	-27	-1	-7	-8	det1=true
[25170]	86	153	-35	-1	-7	8	det1=true
[25171]	91	153	-32	-5	-9	-6	det1=true
[25172]	91	153	-38	-5	-9	6	det1=true
[25173]	99	153	-45	1	-11	1	det1=true
[25174]	108	153	-53	-44	-10	-2	det1=true
[25175]	137	153	-6	-1	-7	-12	det1=true
[25176]	137	153	-18	-1	-7	12	det1=true
[25177]	144	153	-62	3	-10	-8	det1=true
[25178]	144	153	-70	3	-10	8	det1=true
[25179]	78	154	-19	-23	-1	-10	det1=true
[25180]	78	154	-29	-23	-1	10	det1=true
[25181]	82	154	-15	-6	-7	-8	det1=true
[25182]	93	154	-37	-27	-3	-10	det1=true
[25183]	93	154	-47	-27	-3	10	det1=true
[25184]	106	154	-25	-1	-12	-1	det1=true
[25185]	106	154	-26	-1	-12	1	det1=true
[25186]	111	154	-27	-19	-1	-12	det1=true
[25187]	111	154	-39	-19	-1	12	det1=true
[25188]	124	154	-47	-25	-9	-8	det1=true
[25189]	124	154	-55	-25	-9	8	det1=true
[25190]	125	154	-49	-24	-1	-12	det1=true
[25191]	125	154	-61	-24	-1	12	det1=true
[25192]	129	154	-61	-27	-9	8	det1=true
[25193]	133	154	-39	-9	-13	-2	det1=true
[25194]	133	154	-41	-9	-13	2	det1=true
[25195]	140	154	-42	-31	-12	-5	det1=true
[25196]	140	154	-47	-31	-12	5	det1=true
[25197]	62	155	-14	-9	-6	-7	det1=true
[25198]	62	155	-21	-9	-6	7	det1=true
[25199]	97	155	-35	-11	-3	11	det1=true
[25200]	101	155	-43	-12	-1	-11	det1=true
[25201]	101	155	-54	-12	-1	11	det1=true
[25202]	115	155	-34	-23	-9	-8	det1=true
[25203]	115	155	-42	-23	-9	8	det1=true
[25204]	119	155	-48	-4	-8	-9	det1=true
[25205]	121	155	-47	-35	-10	-6	det1=true
[25206]	121	155	-53	-35	-10	6	det1=true
[25207]	136	155	-27	-19	-9	-10	det1=true
[25208]	136	155	-37	-19	-9	10	det1=true
[25209]	151	155	-33	-8	-9	-11	det1=true
[25210]	151	155	-44	-8	-9	11	det1=true
[25211]	153	155	-73	-40	-12	3	det1=true
[25212]	38	156	-11	-5	-7	-2	det1=true
[25213]	38	156	-13	-5	-7	2	det1=true
[25214]	68	156	-27	-5	-5	-8	det1=true
[25215]	68	156	-35	-5	-5	8	det1=true
[25216]	83	156	-22	-7	-8	-7	det1=true
[25217]	83	156	-29	-7	-8	7	det1=true
[25218]	98	156	-37	-30	-4	-10	det1=true
[25219]	98	156	-47	-30	-4	10	det1=true
[25220]	102	156	-25	-15	-11	-4	det1=true
[25221]	102	156	-29	-15	-11	4	det1=true
[25222]	115	156	-36	-13	-10	-7	det1=true
[25223]	122	156	-26	3	-12	-5	det1=true
[25224]	122	156	-31	3	-12	5	det1=true
[25225]	129	156	-53	-11	-3	-12	det1=true
[25226]	129	156	-65	-11	-3	12	det1=true
[25227]	137	156	-56	-5	-10	-8	det1=true
[25228]	137	156	-64	-5	-10	8	det1=true
[25229]	145	156	-70	-39	-12	-1	det1=true
[25230]	145	156	-71	-39	-12	1	det1=true
[25231]	148	156	-67	-54	-6	-10	det1=true
[25232]	148	156	-77	-54	-6	10	det1=true
[25233]	151	156	-67	-58	-11	-4	det1=true
[25234]	151	156	-71	-58	-11	4	det1=true
[25235]	154	156	-52	-5	-14	1	det1=true
[25236]	155	156	-33	-23	-14	-3	det1=true
[25237]	155	156	-28	-27	-6	-13	det1=true
[25238]	52	153	-18	-11	-2	-8	det1=true
[25239]	52	153	-26	-11	-2	8	det1=true
[25240]	62	153	-24	-7	-4	-8	det1=true
[25241]	67	153	-21	-20	-2	-9	det1=true
[25242]	67	153	-30	-20	-2	9	det1=true
[25243]	69	153	-22	-13	-9	-3	det1=true
[25244]	69	153	-25	-13	-9	3	det1=true
[25245]	85	153	-14	-10	-4	-10	det1=true
[25246]	85	153	-24	-10	-4	10	det1=true
[25247]	90	153	-31	2	-9	-6	det1=true
[25248]	90	153	-37	2	-9	6	det1=true
[25249]	94	153	-37	-14	-10	-4	det1=true
[25250]	94	153	-41	-14	-10	4	det1=true
[25251]	94	153	-23	-9	-2	-11	det1=true
[25252]	97	153	-31	-21	-11	-1	det1=true
[25253]	97	153	-32	-21	-11	1	det1=true
[25254]	99	153	-44	1	-11	-1	det1=true
[25255]	103	153	-22	-15	-11	-4	det1=true
[25256]	103	153	-26	-15	-11	4	det1=true
[25257]	106	153	-32	-5	-4	-11	det1=true
[25258]	106	153	-43	-5	-4	11	det1=true
[25259]	109	153	-42	-19	-7	-9	det1=true
[25260]	109	153	-51	-19	-7	9	det1=true
[25261]	115	153	-37	-5	-5	-11	det1=true
[25262]	115	153	-48	-5	-5	11	det1=true
[25263]	117	153	-52	-24	-9	-7	det1=true
[25264]	117	153	-59	-24	-9	7	det1=true
[25265]	124	153	-29	-8	-8	-10	det1=true
[25266]	124	153	-39	-8	-8	10	det1=true
[25267]	127	153	-54	-17	-11	-5	det1=true
[25268]	130	153	-43	2	-10	-8	det1=true
[25269]	130	153	-51	2	-10	8	det1=true
[25270]	132	153	-45	-37	-7	-10	det1=true
[25271]	132	153	-55	-37	-7	10	det1=true
[25272]	133	153	-48	-32	-11	6	det1=true
[25273]	139	153	-16	2	-13	-5	det1=true
[25274]	139	153	-21	2	-13	5	det1=true
[25275]	147	153	-66	-23	-11	-6	det1=true
[25276]	147	153	-72	-23	-11	6	det1=true
[25277]	153	153	-64	-24	-13	-1	det1=true
[25278]	153	153	-65	-24	-13	1	det1=true
[25279]	153	153	-58	-30	-1	-13	det1=true
[25280]	153	153	-71	-30	-1	13	det1=true
[25281]	49	154	-21	0	-7	-4	det1=true
[25282]	49	154	-25	0	-7	4	det1=true
[25283]	49	154	-17	-9	-4	-7	det1=true
[25284]	49	154	-24	-9	-4	7	det1=true
[25285]	82	154	-23	-6	-7	8	det1=true
[25286]	91	154	-27	-18	-9	-6	det1=true
[25287]	91	154	-33	-18	-9	6	det1=true
[25288]	103	154	-47	-37	-10	-3	det1=true
[25289]	103	154	-50	-37	-10	3	det1=true
[25290]	120	154	-17	-14	-8	-10	det1=true
[25291]	120	154	-27	-14	-8	10	det1=true
[25292]	121	154	-51	-18	-7	10	det1=true
[25293]	124	154	-65	-26	-6	10	det1=true
[25294]	128	154	-59	-28	-6	-10	det1=true
[25295]	128	154	-69	-28	-6	10	det1=true
[25296]	128	154	-49	-25	-10	-7	det1=true
[25297]	129	154	-53	-27	-9	-8	det1=true
[25298]	136	154	-58	-29	-2	-12	det1=true
[25299]	136	154	-70	-29	-2	12	det1=true
[25300]	136	154	-41	-23	-12	-5	det1=true
[25301]	140	154	-69	-50	-6	10	det1=true
[25302]	142	154	-55	-3	-13	-2	det1=true
[25303]	142	154	-57	-3	-13	2	det1=true
[25304]	148	154	-25	7	-14	-3	det1=true
[25305]	148	154	-28	7	-14	3	det1=true
[25306]	149	154	-61	-40	-10	8	det1=true
[25307]	63	155	-24	-14	-2	9	det1=true
[25308]	70	155	-3	-2	-6	-8	det1=true
[25309]	70	155	-11	-2	-6	8	det1=true
[25310]	90	155	-17	-7	-11	-2	det1=true
[25311]	90	155	-19	-7	-11	2	det1=true
[25312]	100	155	-24	1	-6	-10	det1=true
[25313]	100	155	-34	1	-6	10	det1=true
[25314]	101	155	-1	4	-8	-9	det1=true
[25315]	101	155	-10	4	-8	9	det1=true
[25316]	112	155	-38	-27	-10	-6	det1=true
[25317]	112	155	-44	-27	-10	6	det1=true
[25318]	113	155	-46	-28	-9	-7	det1=true
[25319]	113	155	-54	-29	-7	9	det1=true
[25320]	127	155	-61	-47	-11	-1	det1=true
[25321]	127	155	-62	-47	-11	1	det1=true
[25322]	135	155	-26	-4	-11	-8	det1=true
[25323]	140	155	-37	-38	-5	-12	det1=true
[25324]	140	155	-49	-38	-5	12	det1=true
[25325]	143	155	-60	-11	-13	1	det1=true
[25326]	147	155	-36	-31	-13	-4	det1=true
[25327]	147	155	-40	-31	-13	4	det1=true
[25328]	149	155	-42	-33	-13	4	det1=true
[25329]	153	155	-127	-12	-7	5	det1=true
[25330]	155	155	-52	-24	-8	-11	det1=true
[25331]	155	155	-63	-24	-8	11	det1=true
[25332]	63	156	-19	-1	-5	8	det1=true
[25333]	65	156	-17	-9	-8	-5	det1=true
[25334]	65	156	-22	-9	-8	5	det1=true
[25335]	86	156	-31	-3	-8	-7	det1=true
[25336]	86	156	-38	-3	-8	7	det1=true
[25337]	121	156	-56	-3	-10	7	det1=true
[25338]	127	156	-52	-21	-10	-7	det1=true
[25339]	130	156	-35	-12	-13	-2	det1=true
[25340]	142	156	-69	-56	-11	-2	det1=true
[25341]	142	156	-71	-56	-11	2	det1=true
[25342]	156	156	-46	-17	-14	-2	det1=true
[25343]	156	156	-48	-17	-14	2	det1=true
[25344]	55	153	-17	-2	-5	-7	det1=true
[25345]	55	153	-24	-2	-5	7	det1=true
[25346]	59	153	-26	-12	-7	-5	det1=true
[25347]	62	153	-17	-9	-6	7	det1=true
[25348]	81	153	-28	-20	-1	-10	det1=true
[25349]	81	153	-38	-20	-1	10	det1=true
[25350]	86	153	-25	-9	-8	-7	det1=true
[25351]	86	153	-32	-9	-8	7	det1=true
[25352]	95	153	-19	0	-9	-7	det1=true
[25353]	95	153	-26	0	-9	7	det1=true
[25354]	97	153	-23	-3	-3	-11	det1=true
[25355]	97	153	-34	-3	-3	11	det1=true
[25356]	115	153	-44	-17	-5	11	det1=true
[25357]	121	153	-28	-28	-3	-12	det1=true
[25358]	121	153	-8	0	-7	-11	det1=true
[25359]	121	153	-19	0	-7	11	det1=true
[25360]	125	153	-22	-7	-11	-7	det1=true
[25361]	125	153	-29	-7	-11	7	det1=true
[25362]	127	153	-58	-48	-11	-1	det1=true
[25363]	127	153	-59	-48	-11	1	det1=true
[25364]	127	153	-59	-17	-11	5	det1=true
[25365]	131	153	-3	-2	-8	-11	det1=true
[25366]	131	153	-14	-2	-8	11	det1=true
[25367]	136	153	-28	-13	-6	-12	det1=true
[25368]	138	153	-46	-25	-8	-10	det1=true
[25369]	138	153	-56	-25	-8	10	det1=true
[25370]	142	153	-34	-37	-2	-13	det1=true
[25371]	142	153	-47	-37	-2	13	det1=true
[25372]	143	153	-24	-10	-13	-5	det1=true
[25373]	143	153	-29	-10	-13	5	det1=true
[25374]	146	153	-25	-21	-12	-7	det1=true
[25375]	146	153	-32	-21	-12	7	det1=true
[25376]	147	153	-46	-2	-11	-8	det1=true
[25377]	147	153	-54	-2	-11	8	det1=true
[25378]	153	153	-44	-28	-8	-11	det1=true
[25379]	12	154	-1	-2	-1	-4	det1=true
[25380]	12	154	-5	-2	-1	4	det1=true
[25381]	76	154	-27	-3	-10	-1	det1=true
[25382]	88	154	-39	-24	-3	10	det1=true
[25383]	100	154	-51	-26	-4	10	det1=true
[25384]	109	154	-29	-4	-9	-8	det1=true
[25385]	109	154	-37	-4	-9	8	det1=true
[25386]	115	154	-48	-47	-4	-10	det1=true
[25387]	115	154	-58	-47	-4	10	det1=true
[25388]	118	154	-15	-6	-8	-10	det1=true
[25389]	118	154	-25	-6	-8	10	det1=true
[25390]	121	154	-41	-18	-7	-10	det1=true
[25391]	124	154	-55	-26	-6	-10	det1=true
[25392]	128	154	-56	-25	-10	7	det1=true
[25393]	136	154	-39	-20	-13	-2	det1=true
[25394]	138	154	-4	5	-14	-1	det1=true
[25395]	138	154	-5	5	-14	1	det1=true
[25396]	145	154	-51	-27	-5	-12	det1=true
[25397]	145	154	-63	-27	-5	12	det1=true
[25398]	148	154	-22	-19	-2	-14	det1=true
[25399]	148	154	-36	-19	-2	14	det1=true
[25400]	150	154	-60	-5	-2	-13	det1=true
[25401]	150	154	-73	-5	-2	13	det1=true
[25402]	43	155	-17	-5	-7	-3	det1=true
[25403]	87	155	-28	-24	-3	-10	det1=true
[25404]	87	155	-38	-24	-3	10	det1=true
[25405]	99	155	-41	-25	-4	-10	det1=true
[25406]	99	155	-51	-25	-4	10	det1=true
[25407]	100	155	-19	-14	-10	-6	det1=true
[25408]	103	155	-11	-6	-8	-9	det1=true
[25409]	103	155	-20	-6	-8	9	det1=true
[25410]	107	155	-51	-21	-3	11	det1=true
[25411]	111	155	-52	-32	-11	1	det1=true
[25412]	113	155	-13	-1	-12	-4	det1=true
[25413]	113	155	-17	-1	-12	4	det1=true
[25414]	117	155	-41	-13	-5	-11	det1=true
[25415]	117	155	-42	2	-10	-7	det1=true
[25416]	117	155	-49	2	-10	7	det1=true
[25417]	119	155	-38	-28	-9	-8	det1=true
[25418]	126	155	-46	-27	-10	-7	det1=true
[25419]	126	155	-53	-27	-10	7	det1=true
[25420]	128	155	-61	-28	-10	-6	det1=true
[25421]	128	155	-67	-28	-10	6	det1=true
[25422]	128	155	-21	-3	-10	9	det1=true
[25423]	129	155	-22	0	-3	-13	det1=true
[25424]	129	155	-35	0	-3	13	det1=true
[25425]	131	155	-62	-46	-6	10	det1=true
[25426]	132	155	-29	-15	-9	10	det1=true
[25427]	134	155	-57	-26	-7	-10	det1=true
[25428]	135	155	-46	-7	-11	-7	det1=true
[25429]	135	155	-53	-7	-11	7	det1=true
[25430]	137	155	-2	6	-14	-1	det1=true
[25431]	137	155	-3	6	-14	1	det1=true
[25432]	139	155	-50	-34	-12	-4	det1=true
[25433]	139	155	-54	-34	-12	4	det1=true
[25434]	143	155	-30	-5	-7	-12	det1=true
[25435]	143	155	-42	-5	-7	12	det1=true
[25436]	145	155	-58	-46	-7	-10	det1=true
[25437]	145	155	-68	-46	-7	10	det1=true
[25438]	148	155	-67	-28	-11	-6	det1=true
[25439]	148	155	-73	-28	-11	6	det1=true
[25440]	149	155	-27	-12	-9	-11	det1=true
[25441]	155	155	-27	-3	-4	-14	det1=true
[25442]	63	156	-11	-1	-5	-8	det1=true
[25443]	96	156	-32	-9	-2	-11	det1=true
[25444]	96	156	-43	-9	-2	11	det1=true
[25445]	109	156	-40	-15	-6	-10	det1=true
[25446]	109	156	-50	-15	-6	10	det1=true
[25447]	116	156	-13	-6	-8	-10	det1=true
[25448]	122	156	-32	-3	-10	-8	det1=true
[25449]	122	156	-40	-3	-10	8	det1=true
[25450]	127	156	-59	-21	-10	7	det1=true
[25451]	131	156	-62	-59	-8	-7	det1=true
[25452]	131	156	-69	-59	-8	7	det1=true
[25453]	131	156	-59	-11	-12	-3	det1=true
[25454]	131	156	-62	-11	-12	3	det1=true
[25455]	131	156	-14	-7	-8	-11	det1=true
[25456]	131	156	-25	-7	-8	11	det1=true
[25457]	134	156	-39	-32	-8	-10	det1=true
[25458]	134	156	-49	-32	-8	10	det1=true
[25459]	141	156	-19	-4	-14	2	det1=true
[25460]	149	156	-51	-35	-2	-13	det1=true
[25461]	149	156	-64	-35	-2	13	det1=true
[25462]	151	156	-34	-17	-2	-14	det1=true
[25463]	152	156	-43	-8	-14	-2	det1=true
[25464]	152	156	-45	-8	-14	2	det1=true
[25465]	154	156	-51	-5	-14	-1	det1=true
[25466]	62	153	-10	-9	-6	-7	det1=true
[25467]	69	153	-24	-11	-5	-8	det1=true
[25468]	69	153	-32	-11	-5	8	det1=true
[25469]	89	153	-21	-19	-4	-10	det1=true
[25470]	89	153	-31	-19	-4	10	det1=true
[25471]	103	153	-34	-26	-2	-11	det1=true
[25472]	103	153	-45	-26	-2	11	det1=true
[25473]	105	153	-46	-22	-11	-1	det1=true
[25474]	105	153	-47	-22	-11	1	det1=true
[25475]	115	153	-33	-17	-5	-11	det1=true
[25476]	124	153	-31	2	-8	-10	det1=true
[25477]	125	153	-25	-6	-13	-1	det1=true
[25478]	125	153	-26	-6	-13	1	det1=true
[25479]	128	153	-29	0	-13	-2	det1=true
[25480]	136	153	-65	-11	-12	3	det1=true
[25481]	137	153	-58	-61	-1	-11	det1=true
[25482]	137	153	-69	-61	-1	11	det1=true
[25483]	143	153	-17	5	-14	-2	det1=true
[25484]	143	153	-19	5	-14	2	det1=true
[25485]	146	153	-51	-25	-13	-2	det1=true
[25486]	146	153	-53	-25	-13	2	det1=true
[25487]	52	154	-25	2	-8	-2	det1=true
[25488]	52	154	-27	2	-8	2	det1=true
[25489]	92	154	-35	3	-6	-9	det1=true
[25490]	92	154	-44	3	-6	9	det1=true
[25491]	96	154	-9	-1	-4	11	det1=true
[25492]	99	154	-19	-1	-11	-4	det1=true
[25493]	99	154	-23	-1	-11	4	det1=true
[25494]	100	154	-41	-26	-4	-10	det1=true
[25495]	107	154	-25	1	-9	-8	det1=true
[25496]	107	154	-33	1	-9	8	det1=true
[25497]	118	154	-18	1	-10	-8	det1=true
[25498]	118	154	-26	1	-10	8	det1=true
[25499]	125	154	-32	-7	-12	5	det1=true
[25500]	128	154	-57	-14	-12	-2	det1=true
[25501]	131	154	-49	-18	-11	-6	det1=true
[25502]	146	154	-68	-47	-6	-10	det1=true
[25503]	146	154	-78	-47	-6	10	det1=true
[25504]	148	154	-63	-34	-5	12	det1=true
[25505]	40	155	-18	-11	-6	-4	det1=true
[25506]	40	155	-22	-11	-6	4	det1=true
[25507]	43	155	-20	-5	-7	3	det1=true
[25508]	71	155	-30	-24	-7	-6	det1=true
[25509]	71	155	-36	-24	-7	6	det1=true
[25510]	91	155	-6	2	-9	-7	det1=true
[25511]	91	155	-13	2	-9	7	det1=true
[25512]	97	155	-40	-38	-9	-5	det1=true
[25513]	100	155	-21	-10	-6	-10	det1=true
[25514]	100	155	-31	-10	-6	10	det1=true
[25515]	100	155	-25	-14	-10	6	det1=true
[25516]	108	155	-10	-5	-12	-3	det1=true
[25517]	108	155	-13	-5	-12	3	det1=true
[25518]	110	155	-27	-3	-10	-7	det1=true
[25519]	111	155	-51	-32	-11	-1	det1=true
[25520]	113	155	-53	-28	-9	7	det1=true
[25521]	113	155	-45	-29	-7	-9	det1=true
[25522]	119	155	-52	-2	-12	-1	det1=true
[25523]	119	155	-53	-2	-12	1	det1=true
[25524]	119	155	-57	-4	-8	9	det1=true
[25525]	122	155	-48	-19	-8	-9	det1=true
[25526]	122	155	-57	-19	-8	9	det1=true
[25527]	127	155	-52	-16	-7	-10	det1=true
[25528]	127	155	-62	-16	-7	10	det1=true
[25529]	128	155	-33	0	-13	-2	det1=true
[25530]	128	155	-35	0	-13	2	det1=true
[25531]	130	155	-65	-12	-3	12	det1=true
[25532]	131	155	-52	-46	-6	-10	det1=true
[25533]	131	155	-30	-20	-13	-2	det1=true
[25534]	131	155	-32	-20	-13	2	det1=true
[25535]	143	155	-59	-11	-13	-1	det1=true
[25536]	149	155	-66	-42	-10	-7	det1=true
[25537]	149	155	-73	-42	-10	7	det1=true
[25538]	151	155	-32	-12	-11	-9	det1=true
[25539]	151	155	-41	-12	-11	9	det1=true
[25540]	155	155	-69	-9	-7	-11	det1=true
[25541]	155	155	-31	-20	-6	-13	det1=true
[25542]	155	155	-32	2	-14	-4	det1=true
[25543]	82	156	-34	-7	-2	-10	det1=true
[25544]	82	156	-44	-7	-2	10	det1=true
[25545]	93	156	-41	-14	-7	-8	det1=true
[25546]	93	156	-49	-14	-7	8	det1=true
[25547]	100	156	-23	-3	-4	-11	det1=true
[25548]	100	156	-34	-3	-4	11	det1=true
[25549]	108	156	-13	1	-3	-12	det1=true
[25550]	108	156	-25	1	-3	12	det1=true
[25551]	121	156	-47	-29	-7	10	det1=true
[25552]	122	156	-48	-13	-10	-7	det1=true
[25553]	122	156	-55	-13	-10	7	det1=true
[25554]	123	156	-39	-17	-11	-6	det1=true
[25555]	124	156	-20	1	-2	-13	det1=true
[25556]	124	156	-33	1	-2	13	det1=true
[25557]	130	156	-37	-12	-13	2	det1=true
[25558]	133	156	-34	3	-8	11	det1=true
[25559]	134	156	-23	-10	-11	-8	det1=true
[25560]	134	156	-31	-10	-11	8	det1=true
[25561]	136	156	-31	-2	-11	-8	det1=true
[25562]	136	156	-39	-2	-11	8	det1=true
[25563]	137	156	-38	-33	-12	-5	det1=true
[25564]	139	156	-33	-14	-11	-8	det1=true
[25565]	139	156	-41	-14	-11	8	det1=true
[25566]	141	156	-20	5	-14	-2	det1=true
[25567]	141	156	-22	5	-14	2	det1=true
[25568]	141	156	-17	-4	-14	-2	det1=true
[25569]	146	156	-27	-14	-14	-2	det1=true
[25570]	146	156	-29	-14	-14	2	det1=true
[25571]	151	156	-48	-31	-10	-9	det1=true
[25572]	151	156	-57	-31	-10	9	det1=true
[25573]	152	156	-64	-9	-2	-13	det1=true
[25574]	152	156	-77	-9	-2	13	det1=true
[25575]	155	156	-41	-27	-6	13	det1=true
[25576]	43	153	-13	-6	-3	-7	det1=true
[25577]	43	153	-20	-6	-3	7	det1=true
[25578]	50	153	-17	-13	-4	-7	det1=true
[25579]	50	153	-24	-13	-4	7	det1=true
[25580]	82	153	-37	-11	-10	-1	det1=true
[25581]	82	153	-38	-11	-10	1	det1=true
[25582]	94	153	-34	-9	-2	11	det1=true
[25583]	100	153	-43	-27	-8	-7	det1=true
[25584]	100	153	-50	-27	-8	7	det1=true
[25585]	104	153	-43	-17	-11	-2	det1=true
[25586]	121	153	-44	-4	-7	-10	det1=true
[25587]	121	153	-54	-4	-7	10	det1=true
[25588]	124	153	-25	-16	-8	-10	det1=true
[25589]	124	153	-35	-16	-8	10	det1=true
[25590]	140	153	-21	-25	-4	-13	det1=true
[25591]	140	153	-34	-25	-4	13	det1=true
[25592]	141	153	-40	-13	-11	8	det1=true
[25593]	148	153	-59	-59	-4	-11	det1=true
[25594]	148	153	-70	-59	-4	11	det1=true
[25595]	152	153	-37	-35	-11	-8	det1=true
[25596]	152	153	-45	-35	-11	8	det1=true
[25597]	70	154	2	3	-6	-8	det1=true
[25598]	70	154	-6	3	-6	8	det1=true
[25599]	75	154	-26	1	-10	1	det1=true
[25600]	82	154	-6	-3	-10	-4	det1=true
[25601]	82	154	-10	-3	-10	4	det1=true
[25602]	88	154	-29	-24	-3	-10	det1=true
[25603]	99	154	-41	2	-11	-2	det1=true
[25604]	99	154	-43	2	-11	2	det1=true
[25605]	110	154	-43	-8	-10	-6	det1=true
[25606]	110	154	-49	-8	-10	6	det1=true
[25607]	127	154	-45	-36	-1	-12	det1=true
[25608]	127	154	-57	-36	-1	12	det1=true
[25609]	128	154	-59	-14	-12	2	det1=true
[25610]	128	154	-52	-19	-2	-12	det1=true
[25611]	128	154	-64	-19	-2	12	det1=true
[25612]	136	154	-42	-29	-10	-8	det1=true
[25613]	136	154	-50	-29	-10	8	det1=true
[25614]	136	154	-41	-30	-8	-10	det1=true
[25615]	136	154	-51	-30	-8	10	det1=true
[25616]	136	154	-41	-20	-13	2	det1=true
[25617]	142	154	-39	-33	-2	-13	det1=true
[25618]	142	154	-52	-33	-2	13	det1=true
[25619]	148	154	-51	-34	-5	-12	det1=true
[25620]	149	154	-53	-40	-10	-8	det1=true
[25621]	150	154	-23	-9	-3	-14	det1=true
[25622]	150	154	-37	-9	-3	14	det1=true
[25623]	67	155	-22	-21	-7	-6	det1=true
[25624]	67	155	-28	-21	-7	6	det1=true
[25625]	77	155	-8	-3	-3	-10	det1=true
[25626]	77	155	-18	-3	-3	10	det1=true
[25627]	80	155	-33	-8	-1	-10	det1=true
[25628]	80	155	-43	-8	-1	10	det1=true
[25629]	83	155	-14	0	-4	-10	det1=true
[25630]	83	155	-24	0	-4	10	det1=true
[25631]	84	155	-37	-6	-2	-10	det1=true
[25632]	84	155	-47	-6	-2	10	det1=true
[25633]	101	155	-34	-24	-2	-11	det1=true
[25634]	101	155	-45	-24	-2	11	det1=true
[25635]	113	155	-9	-5	-4	-12	det1=true
[25636]	113	155	-21	-5	-4	12	det1=true
[25637]	116	155	-51	-37	-11	-2	det1=true
[25638]	116	155	-53	-37	-11	2	det1=true
[25639]	119	155	-46	-28	-9	8	det1=true
[25640]	130	155	-53	-12	-3	-12	det1=true
[25641]	132	155	-19	-15	-9	-10	det1=true
[25642]	135	155	-56	-4	-7	11	det1=true
[25643]	137	155	-13	-3	-13	-5	det1=true
[25644]	143	155	-14	-2	-11	-9	det1=true
[25645]	143	155	-23	-2	-11	9	det1=true
[25646]	147	155	-61	-12	-11	-7	det1=true
[25647]	147	155	-68	-12	-11	7	det1=true
[25648]	148	155	-23	-28	-1	-14	det1=true
[25649]	148	155	-37	-28	-1	14	det1=true
[25650]	149	155	-38	-33	-13	-4	det1=true
[25651]	150	155	-65	-40	-3	-12	det1=true
[25652]	150	155	-77	-40	-3	12	det1=true
[25653]	150	155	-72	-29	-8	10	det1=true
[25654]	153	155	-70	-40	-12	-3	det1=true
[25655]	155	155	-43	4	-11	-9	det1=true
[25656]	155	155	-52	4	-11	9	det1=true
[25657]	68	156	-29	-1	-8	-5	det1=true
[25658]	68	156	-34	-1	-8	5	det1=true
[25659]	71	156	-19	-9	-9	-4	det1=true
[25660]	71	156	-23	-9	-9	4	det1=true
[25661]	73	156	-9	-4	-10	-2	det1=true
[25662]	73	156	-11	-4	-10	2	det1=true
[25663]	88	156	-29	-18	-7	-8	det1=true
[25664]	88	156	-37	-18	-7	8	det1=true
[25665]	94	156	-29	-1	-2	-11	det1=true
[25666]	121	156	-49	-3	-10	-7	det1=true
[25667]	121	156	-37	-29	-7	-10	det1=true
[25668]	123	156	-45	-17	-11	6	det1=true
[25669]	127	156	-55	-9	-7	-10	det1=true
[25670]	127	156	-65	-9	-7	10	det1=true
[25671]	133	156	-45	-20	-8	-10	det1=true
[25672]	133	156	-55	-20	-8	10	det1=true
[25673]	137	156	-40	-37	-10	-8	det1=true
[25674]	137	156	-48	-37	-10	8	det1=true
[25675]	138	156	-37	-2	-13	-4	det1=true
[25676]	37	153	-16	3	-7	-1	det1=true
[25677]	37	153	-17	3	-7	1	det1=true
[25678]	93	153	-26	-9	-1	-11	det1=true
[25679]	93	153	-37	-9	-1	11	det1=true
[25680]	97	153	-20	-12	-3	-11	det1=true
[25681]	97	153	-31	-12	-3	11	det1=true
[25682]	99	153	-38	-7	-11	-2	det1=true
[25683]	99	153	-40	-7	-11	2	det1=true
[25684]	121	153	-10	2	-11	-7	det1=true
[25685]	121	153	-17	2	-11	7	det1=true
[25686]	127	153	-36	-26	-11	-6	det1=true
[25687]	127	153	-42	-26	-11	6	det1=true
[25688]	128	153	-31	0	-13	2	det1=true
[25689]	129	153	-51	-41	-2	12	det1=true
[25690]	133	153	-42	-32	-11	-6	det1=true
[25691]	145	153	-66	-17	-11	-6	det1=true
[25692]	145	153	-33	2	-13	-5	det1=true
[25693]	153	153	-55	-28	-8	11	det1=true
[25694]	75	154	-25	1	-10	-1	det1=true
[25695]	76	154	-28	-3	-10	1	det1=true
[25696]	96	154	2	-1	-4	-11	det1=true
[25697]	108	154	-16	-9	-10	-7	det1=true
[25698]	108	154	-23	-9	-10	7	det1=true
[25699]	122	154	-21	1	-12	-5	det1=true
[25700]	122	154	-26	1	-12	5	det1=true
[25701]	139	154	-28	3	-12	7	det1=true
[25702]	148	154	-44	-39	-2	-13	det1=true
[25703]	148	154	-57	-39	-2	13	det1=true
[25704]	107	155	-40	-4	-10	-6	det1=true
[25705]	107	155	-46	-4	-10	6	det1=true
[25706]	117	155	-52	-13	-5	11	det1=true
[25707]	121	155	-16	-2	-11	-7	det1=true
[25708]	121	155	-23	-2	-11	7	det1=true
[25709]	128	155	-12	-3	-10	-9	det1=true
[25710]	137	155	-57	-42	-12	-1	det1=true
[25711]	138	155	-32	-3	-8	-11	det1=true
[25712]	138	155	-43	-3	-8	11	det1=true
[25713]	149	155	-54	-6	-9	-10	det1=true
[25714]	149	155	-64	-6	-9	10	det1=true
[25715]	155	155	-70	-12	-13	-2	det1=true
[25716]	155	155	-70	-27	-3	13	det1=true
[25717]	94	156	-40	-1	-2	11	det1=true
[25718]	102	156	-44	-31	-10	-4	det1=true
[25719]	102	156	-48	-31	-10	4	det1=true
[25720]	133	156	-39	-5	-2	-13	det1=true
[25721]	133	156	-52	-5	-2	13	det1=true
[25722]	137	156	-43	-33	-12	5	det1=true
[25723]	137	156	-23	-21	-8	-11	det1=true
[25724]	137	156	-34	-21	-8	11	det1=true
[25725]	108	153	-13	-9	-10	-7	det1=true
[25726]	108	153	-20	-9	-10	7	det1=true
[25727]	151	153	-30	-22	-1	-14	det1=true
[25728]	151	153	-44	-22	-1	14	det1=true
[25729]	153	153	-21	1	-14	-4	det1=true
[25730]	153	153	-25	1	-14	4	det1=true
[25731]	112	154	-43	-14	-6	-10	det1=true
[25732]	112	154	-53	-14	-6	10	det1=true
[25733]	130	154	-20	-25	-2	-13	det1=true
[25734]	130	154	-33	-25	-2	13	det1=true
[25735]	131	154	-31	-23	-12	-5	det1=true
[25736]	131	154	-36	-23	-12	5	det1=true
[25737]	150	154	-28	-17	-2	-14	det1=true
[25738]	154	154	-54	-9	-4	-13	det1=true
[25739]	53	155	-11	-3	-5	-7	det1=true
[25740]	53	155	-18	-3	-5	7	det1=true
[25741]	63	155	-15	-14	-2	-9	det1=true
[25742]	90	155	-32	-7	-4	-10	det1=true
[25743]	90	155	-42	-7	-4	10	det1=true
[25744]	110	155	-34	-3	-10	7	det1=true
[25745]	133	155	-37	-8	-2	-13	det1=true
[25746]	133	155	-50	-8	-2	13	det1=true
[25747]	135	155	-45	-4	-7	-11	det1=true
[25748]	137	155	-18	-3	-13	5	det1=true
[25749]	149	155	-31	-9	-2	-14	det1=true
[25750]	149	155	-45	-9	-2	14	det1=true
[25751]	149	155	-38	-12	-9	11	det1=true
[25752]	150	155	-62	-29	-8	-10	det1=true
[25753]	152	155	-28	-27	-2	-14	det1=true
[25754]	152	155	-42	-27	-2	14	det1=true
[25755]	155	155	-72	-12	-13	2	det1=true
[25756]	155	155	-57	-27	-3	-13	det1=true
[25757]	38	156	-13	-1	-7	-2	det1=true
[25758]	38	156	-15	-1	-7	2	det1=true
[25759]	75	156	-28	3	-10	-1	det1=true
[25760]	75	156	-29	3	-10	1	det1=true
[25761]	116	156	-37	-15	-10	-7	det1=true
[25762]	116	156	-44	-15	-10	7	det1=true
[25763]	133	156	-23	3	-8	-11	det1=true
[25764]	39	153	-17	-13	-7	-1	det1=true
[25765]	39	153	-18	-13	-7	1	det1=true
[25766]	105	153	-36	-20	-11	-3	det1=true
[25767]	105	153	-39	-20	-11	3	det1=true
[25768]	129	153	-39	-41	-2	-12	det1=true
