p=419
# format: u v w x y z where a = w + x*i + y*(i+j)/2 + z*(1+k)/2
[1]	1	1	0	0	0	0	det1=true
[2]	10	11	-2	0	-1	0	det1=true
[3]	11	11	-3	-2	-1	0	det1=true
[4]	9	12	-1	0	0	-1	det1=true
[5]	12	12	-6	-1	-1	0	det1=true
[6]	9	13	-3	-1	-1	0	det1=true
[7]	10	13	-4	-2	0	-1	det1=true
[8]	11	13	-5	-3	-1	0	det1=true
[9]	8	14	-2	0	0	-1	det1=true
[10]	8	14	-2	-1	-1	0	det1=true
[11]	9	14	-4	0	0	-1	det1=true
[12]	9	15	-4	-3	0	-1	det1=true
[13]	7	16	-2	0	0	-1	det1=true
[14]	7	16	-2	-1	-1	0	det1=true
[15]	8	16	-4	-2	-1	0	det1=true
[16]	15	15	-3	-1	-1	-1	det1=true
[17]	15	15	-4	-1	-1	1	det1=true
[18]	7	17	-3	-1	0	-1	det1=true
[19]	15	17	-6	-1	-1	-1	det1=true
[20]	15	17	-7	-1	-1	1	det1=true
[21]	17	17	-8	-2	-1	-1	det1=true
[22]	17	17	-9	-2	-1	1	det1=true
[23]	6	18	-1	0	0	-1	det1=true
[24]	13	19	-6	-2	-1	1	det1=true
[25]	13	19	-5	-2	-1	-1	det1=true
[26]	17	19	-7	-7	-1	-1	det1=true
[27]	20	22	-3	-2	0	-2	det1=true
[28]	22	22	-8	1	-2	0	det1=true
[29]	22	22	-7	0	0	-2	det1=true
[30]	20	21	0	1	-2	0	det1=true
[31]	11	21	-4	0	-1	-1	det1=true
[32]	11	21	-5	0	-1	1	det1=true
[33]	13	21	-6	-4	-1	-1	det1=true
[34]	13	21	-7	-4	-1	1	det1=true
[35]	5	22	-2	0	-1	0	det1=true
[36]	23	23	-10	-2	-2	0	det1=true
[37]	19	24	-5	0	0	-2	det1=true
[38]	20	23	-5	-2	0	-2	det1=true
[39]	23	23	-1	0	-1	-2	det1=true
[40]	23	23	-3	0	-1	2	det1=true
[41]	20	23	-6	-1	-2	0	det1=true
[42]	19	24	-6	1	-2	0	det1=true
[43]	22	24	-1	0	-2	-1	det1=true
[44]	11	23	-5	-3	-1	-1	det1=true
[45]	11	23	-6	-3	-1	1	det1=true
[46]	24	24	-6	-1	-1	-2	det1=true
[47]	24	24	-8	-1	-1	2	det1=true
[48]	24	24	-6	-2	-2	-1	det1=true
[49]	24	24	-7	-2	-2	1	det1=true
[50]	23	24	-4	-1	-1	-2	det1=true
[51]	23	24	-6	-1	-1	2	det1=true
[52]	23	23	-9	-3	0	-2	det1=true
[53]	19	23	-3	-1	0	-2	det1=true
[54]	24	25	-11	-6	0	-2	det1=true
[55]	19	26	-7	-4	-2	0	det1=true
[56]	20	26	-10	1	-2	0	det1=true
[57]	20	26	-9	0	0	-2	det1=true
[58]	20	26	-8	-5	-2	0	det1=true
[59]	20	26	-7	-6	0	-2	det1=true
[60]	22	25	-8	-7	0	-2	det1=true
[61]	19	26	-6	-5	0	-2	det1=true
[62]	20	25	-8	-3	-2	0	det1=true
[63]	24	25	-12	-5	-2	0	det1=true
[64]	25	25	-9	0	-1	-2	det1=true
[65]	22	25	-10	-3	0	-2	det1=true
[66]	24	26	-10	-2	-2	1	det1=true
[67]	9	25	-3	-1	-1	-1	det1=true
[68]	9	25	-4	-1	-1	1	det1=true
[69]	21	25	0	1	-2	-1	det1=true
[70]	21	25	-1	1	-2	1	det1=true
[71]	21	26	-4	0	-2	-1	det1=true
[72]	21	26	-5	0	-2	1	det1=true
[73]	21	26	-3	-2	-2	-1	det1=true
[74]	21	26	-4	-2	-2	1	det1=true
[75]	23	26	-9	0	-2	1	det1=true
[76]	24	26	-9	-2	-2	-1	det1=true
[77]	22	25	-4	0	-1	-2	det1=true
[78]	22	25	-6	0	-1	2	det1=true
[79]	26	26	-10	-5	-1	-2	det1=true
[80]	26	26	-12	-5	-1	2	det1=true
[81]	23	26	-8	0	-2	-1	det1=true
[82]	27	28	-10	-10	-1	-2	det1=true
[83]	27	28	-12	-10	-1	2	det1=true
[84]	28	28	-12	-9	-1	-2	det1=true
[85]	24	27	-8	-6	-1	-2	det1=true
[86]	24	27	-10	-6	-1	2	det1=true
[87]	27	28	-13	-6	-2	-1	det1=true
[88]	27	28	-14	-6	-2	1	det1=true
[89]	15	28	0	1	-2	0	det1=true
[90]	22	28	-6	-6	-1	-2	det1=true
[91]	22	28	-8	-6	-1	2	det1=true
[92]	21	27	-5	-2	-1	-2	det1=true
[93]	21	27	-7	-2	-1	2	det1=true
[94]	24	27	-10	-1	-1	-2	det1=true
[95]	25	27	-11	-2	-1	-2	det1=true
[96]	26	27	-10	-7	-1	-2	det1=true
[97]	26	27	-12	-7	-1	2	det1=true
[98]	19	28	-2	0	-2	-1	det1=true
[99]	9	27	-4	-3	-1	-1	det1=true
[100]	9	27	-5	-3	-1	1	det1=true
[101]	21	27	-6	1	-2	-1	det1=true
[102]	21	27	-7	1	-2	1	det1=true
[103]	20	27	-4	-2	-1	2	det1=true
[104]	19	28	-3	0	-2	1	det1=true
[105]	22	28	-9	0	-2	-1	det1=true
[106]	22	28	-10	0	-2	1	det1=true
[107]	28	28	-14	-9	-1	2	det1=true
[108]	23	28	-10	-2	-2	-1	det1=true
[109]	23	28	-11	-2	-2	1	det1=true
[110]	20	27	-2	-2	-1	-2	det1=true
[111]	22	27	-6	-4	-1	-2	det1=true
[112]	22	27	-8	-4	-1	2	det1=true
[113]	4	27	-1	0	0	-1	det1=true
[114]	4	28	-2	-1	-1	0	det1=true
[115]	17	29	-8	-2	-2	0	det1=true
[116]	17	29	-7	-3	0	-2	det1=true
[117]	25	29	-11	-7	-1	-2	det1=true
[118]	25	29	-13	-7	-1	2	det1=true
[119]	28	29	-14	-13	-2	0	det1=true
[120]	29	29	0	0	-2	-2	det1=true
[121]	14	30	0	1	-2	0	det1=true
[122]	24	29	-9	-8	-2	-1	det1=true
[123]	24	29	-10	-8	-2	1	det1=true
[124]	19	30	-6	-4	-1	2	det1=true
[125]	21	30	-7	-6	-2	-1	det1=true
[126]	18	30	-4	-2	-1	2	det1=true
[127]	22	30	-11	-4	-2	1	det1=true
[128]	20	29	-6	-2	-1	-2	det1=true
[129]	21	29	-7	-4	-1	-2	det1=true
[130]	23	29	-9	-6	-1	-2	det1=true
[131]	23	29	-11	-6	-1	2	det1=true
[132]	18	30	-2	-2	-1	-2	det1=true
[133]	19	30	-4	-4	-1	-2	det1=true
[134]	22	30	-10	-4	-2	-1	det1=true
[135]	20	29	-5	-4	-2	-1	det1=true
[136]	20	29	-8	-2	-1	2	det1=true
[137]	21	29	-9	-4	-1	2	det1=true
[138]	30	30	-5	-4	-2	-2	det1=true
[139]	30	30	-7	-4	-2	2	det1=true
[140]	15	31	-6	-2	-2	0	det1=true
[141]	30	32	-2	-2	0	-3	det1=true
[142]	31	31	-15	-13	-2	-1	det1=true
[143]	31	31	-16	-13	-2	1	det1=true
[144]	23	32	-10	-9	-1	-2	det1=true
[145]	23	32	-12	-9	-1	2	det1=true
[146]	20	31	-10	-9	-2	0	det1=true
[147]	21	31	-10	-3	-2	-1	det1=true
[148]	21	31	-11	-3	-2	1	det1=true
[149]	31	31	-10	0	-2	-2	det1=true
[150]	31	31	-12	0	-2	2	det1=true
[151]	18	32	-6	-2	-2	-1	det1=true
[152]	18	32	-7	-2	-2	1	det1=true
[153]	19	31	-7	0	-1	-2	det1=true
[154]	19	31	-9	0	-1	2	det1=true
[155]	19	32	-8	-1	-1	-2	det1=true
[156]	29	32	-7	-4	-2	-2	det1=true
[157]	29	32	-9	-4	-2	2	det1=true
[158]	31	32	-11	-2	-2	-2	det1=true
[159]	31	32	-13	-2	-2	2	det1=true
[160]	32	32	-12	-3	-2	-2	det1=true
[161]	32	32	-14	-3	-2	2	det1=true
[162]	32	32	-10	-7	-2	-2	det1=true
[163]	32	32	-12	-7	-2	2	det1=true
[164]	15	31	-5	-3	0	-2	det1=true
[165]	17	31	-1	1	-2	-1	det1=true
[166]	17	31	-2	1	-2	1	det1=true
[167]	21	31	-9	-5	-2	-1	det1=true
[168]	18	32	-6	-1	-1	-2	det1=true
[169]	18	32	-8	-1	-1	2	det1=true
[170]	19	32	-10	-1	-1	2	det1=true
[171]	27	32	-3	-2	-2	-2	det1=true
[172]	27	32	-5	-2	-2	2	det1=true
[173]	7	31	-2	0	-1	-1	det1=true
[174]	7	31	-3	0	-1	1	det1=true
[175]	28	31	-4	-1	-2	-2	det1=true
[176]	28	31	-6	-1	-2	2	det1=true
[177]	20	32	-9	-4	-2	-1	det1=true
[178]	27	32	-4	1	-2	-2	det1=true
[179]	27	32	-6	1	-2	2	det1=true
[180]	30	32	-14	-14	-1	-2	det1=true
[181]	13	33	-2	0	0	-2	det1=true
[182]	27	33	-5	-3	-2	-2	det1=true
[183]	27	33	-7	-3	-2	2	det1=true
[184]	29	33	-2	-1	0	-3	det1=true
[185]	17	33	-5	0	-1	-2	det1=true
[186]	17	33	-7	0	-1	2	det1=true
[187]	32	33	-10	-2	-3	0	det1=true
[188]	33	33	-12	-8	-2	-2	det1=true
[189]	33	33	-14	-8	-2	2	det1=true
[190]	18	33	-6	-4	-1	-2	det1=true
[191]	25	33	-12	-11	-2	-1	det1=true
[192]	25	33	-13	-11	-2	1	det1=true
[193]	33	33	-14	-4	-2	-2	det1=true
[194]	33	33	-16	-4	-2	2	det1=true
[195]	33	33	-4	-3	-3	-1	det1=true
[196]	33	33	-5	-3	-3	1	det1=true
[197]	19	34	-8	-6	-2	-1	det1=true
[198]	19	34	-9	-6	-2	1	det1=true
[199]	30	34	-9	-8	-2	-2	det1=true
[200]	30	34	-11	-8	-2	2	det1=true
[201]	16	33	-1	0	-2	-1	det1=true
[202]	18	33	-8	-4	-1	2	det1=true
[203]	13	33	-3	1	-2	0	det1=true
[204]	28	33	-6	-5	-2	-2	det1=true
[205]	28	33	-8	-5	-2	2	det1=true
[206]	18	34	-8	-2	-1	-2	det1=true
[207]	18	34	-10	-2	-1	2	det1=true
[208]	28	34	-7	-6	-2	-2	det1=true
[209]	28	34	-9	-6	-2	2	det1=true
[210]	34	34	-13	-10	-2	-2	det1=true
[211]	34	34	-15	-10	-2	2	det1=true
[212]	28	33	-8	-1	-2	-2	det1=true
[213]	28	33	-10	-1	-2	2	det1=true
[214]	26	34	-5	-2	-2	-2	det1=true
[215]	26	34	-7	-2	-2	2	det1=true
[216]	31	34	-9	0	0	-3	det1=true
[217]	17	33	-4	-3	-2	-1	det1=true
[218]	17	33	-5	-3	-2	1	det1=true
[219]	28	35	-3	-4	0	-3	det1=true
[220]	30	35	-8	-5	-3	0	det1=true
[221]	30	36	-10	-2	0	-3	det1=true
[222]	35	36	-14	-13	-2	-2	det1=true
[223]	35	36	-16	-13	-2	2	det1=true
[224]	36	36	-14	-11	-3	0	det1=true
[225]	31	35	-11	-3	-3	0	det1=true
[226]	33	35	-13	-1	0	-3	det1=true
[227]	33	35	-13	-5	-3	0	det1=true
[228]	26	36	-8	-3	-2	-2	det1=true
[229]	26	36	-10	-3	-2	2	det1=true
[230]	31	36	-13	-8	-2	-2	det1=true
[231]	31	36	-15	-8	-2	2	det1=true
[232]	21	35	-10	-9	-2	-1	det1=true
[233]	21	35	-11	-9	-2	1	det1=true
[234]	31	35	-10	-3	0	-3	det1=true
[235]	35	35	-11	-4	-1	-3	det1=true
[236]	35	35	-14	-4	-1	3	det1=true
[237]	29	36	-12	-5	-2	-2	det1=true
[238]	29	36	-14	-5	-2	2	det1=true
[239]	31	36	-11	-4	0	-3	det1=true
[240]	25	35	-5	1	-2	-2	det1=true
[241]	25	35	-7	1	-2	2	det1=true
[242]	27	35	-8	-4	-2	-2	det1=true
[243]	27	35	-10	-4	-2	2	det1=true
[244]	27	35	-1	1	-3	0	det1=true
[245]	34	35	-13	-6	0	-3	det1=true
[246]	30	36	-14	-3	-2	-2	det1=true
[247]	30	36	-16	-3	-2	2	det1=true
[248]	18	35	-7	-6	-2	-1	det1=true
[249]	31	35	-5	-1	-3	-1	det1=true
[250]	31	35	-6	-1	-3	1	det1=true
[251]	31	35	-4	-2	-1	-3	det1=true
[252]	31	35	-7	-2	-1	3	det1=true
[253]	35	35	-15	-3	0	-3	det1=true
[254]	16	36	-8	-1	-1	2	det1=true
[255]	16	36	-6	-2	-2	-1	det1=true
[256]	16	36	-7	-2	-2	1	det1=true
[257]	25	36	-5	-4	-2	-2	det1=true
[258]	25	36	-7	-4	-2	2	det1=true
[259]	17	35	-9	-2	-1	2	det1=true
[260]	18	35	-8	-6	-2	1	det1=true
[261]	35	35	-15	-6	-3	0	det1=true
[262]	16	36	-6	-1	-1	-2	det1=true
[263]	17	36	-8	-2	-1	-2	det1=true
[264]	35	35	-12	-3	-3	-1	det1=true
[265]	35	35	-13	-3	-3	1	det1=true
[266]	24	36	-4	1	-2	-2	det1=true
[267]	24	36	-6	1	-2	2	det1=true
[268]	24	36	-3	-2	-2	-2	det1=true
[269]	24	36	-5	-2	-2	2	det1=true
[270]	28	36	-12	1	-2	-2	det1=true
[271]	28	36	-14	1	-2	2	det1=true
[272]	28	36	-11	-4	-2	-2	det1=true
[273]	28	36	-13	-4	-2	2	det1=true
[274]	32	36	-12	-11	-2	-2	det1=true
[275]	32	36	-14	-11	-2	2	det1=true
[276]	18	36	-8	-6	-1	-2	det1=true
[277]	18	36	-10	-6	-1	2	det1=true
[278]	12	35	0	1	-2	0	det1=true
[279]	15	35	0	1	-2	-1	det1=true
[280]	15	36	-2	-2	-1	-2	det1=true
[281]	24	35	0	1	-2	-2	det1=true
[282]	24	35	-2	1	-2	2	det1=true
[283]	15	36	-4	-2	-1	2	det1=true
[284]	3	36	-1	0	0	-1	det1=true
[285]	36	37	-17	-12	-2	-2	det1=true
[286]	36	37	-19	-12	-2	2	det1=true
[287]	28	38	-8	-6	-3	0	det1=true
[288]	13	37	-6	-4	-2	0	det1=true
[289]	13	37	-5	-5	0	-2	det1=true
[290]	27	37	-11	-3	-2	-2	det1=true
[291]	27	37	-13	-3	-2	2	det1=true
[292]	35	37	-15	-1	-3	-1	det1=true
[293]	35	37	-16	-1	-3	1	det1=true
[294]	35	37	-14	-2	-1	-3	det1=true
[295]	35	37	-17	-2	-1	3	det1=true
[296]	37	37	-14	-9	-3	-1	det1=true
[297]	37	37	-15	-9	-3	1	det1=true
[298]	37	37	-1	0	-3	-2	det1=true
[299]	37	37	-3	0	-3	2	det1=true
[300]	17	38	-8	-6	-2	-1	det1=true
[301]	17	38	-9	-6	-2	1	det1=true
[302]	26	38	-9	-6	-2	-2	det1=true
[303]	26	38	-11	-6	-2	2	det1=true
[304]	27	37	-4	-5	0	-3	det1=true
[305]	29	37	-3	-2	-3	-1	det1=true
[306]	29	37	-4	-2	-3	1	det1=true
[307]	32	37	-14	0	0	-3	det1=true
[308]	35	37	-12	-8	-3	-1	det1=true
[309]	35	37	-13	-8	-3	1	det1=true
[310]	37	38	-5	0	-2	-3	det1=true
[311]	37	38	-8	0	-2	3	det1=true
[312]	16	37	-7	-4	-2	1	det1=true
[313]	37	37	-13	-10	-1	-3	det1=true
[314]	37	37	-16	-10	-1	3	det1=true
[315]	14	38	-3	0	-2	1	det1=true
[316]	28	37	-6	-6	0	-3	det1=true
[317]	35	37	-11	-9	-1	-3	det1=true
[318]	35	37	-14	-9	-1	3	det1=true
[319]	14	37	-7	-6	-2	0	det1=true
[320]	31	37	-6	-6	-1	-3	det1=true
[321]	31	37	-9	-6	-1	3	det1=true
[322]	37	37	-1	1	-2	-3	det1=true
[323]	37	37	-4	1	-2	3	det1=true
[324]	31	37	-7	-5	-3	-1	det1=true
[325]	31	37	-8	-5	-3	1	det1=true
[326]	12	38	-6	1	-2	0	det1=true
[327]	12	38	-5	0	0	-2	det1=true
[328]	24	38	-7	-2	-2	-2	det1=true
[329]	24	38	-9	-2	-2	2	det1=true
[330]	28	38	-11	-8	-2	-2	det1=true
[331]	28	38	-13	-8	-2	2	det1=true
[332]	32	38	-15	-10	-2	-2	det1=true
[333]	32	38	-17	-10	-2	2	det1=true
[334]	24	37	-6	1	-2	-2	det1=true
[335]	24	37	-8	1	-2	2	det1=true
[336]	38	38	-6	-4	-2	-3	det1=true
[337]	38	38	-9	-4	-2	3	det1=true
[338]	15	38	-4	-4	-1	-2	det1=true
[339]	15	37	-5	1	-2	-1	det1=true
[340]	15	37	-6	1	-2	1	det1=true
[341]	15	38	-6	-4	-1	2	det1=true
[342]	38	38	-8	1	-3	-2	det1=true
[343]	38	38	-10	1	-3	2	det1=true
[344]	38	38	-7	-2	-2	-3	det1=true
[345]	38	38	-10	-2	-2	3	det1=true
[346]	25	39	-5	-1	-3	0	det1=true
[347]	38	39	-17	-14	0	-3	det1=true
[348]	22	40	-4	-3	-2	-2	det1=true
[349]	22	40	-6	-3	-2	2	det1=true
[350]	14	39	-4	0	-2	-1	det1=true
[351]	14	39	-5	0	-2	1	det1=true
[352]	27	40	-7	-8	0	-3	det1=true
[353]	23	39	-6	-2	-2	-2	det1=true
[354]	23	39	-8	-2	-2	2	det1=true
[355]	24	40	-4	1	-3	0	det1=true
[356]	11	39	-3	1	-2	0	det1=true
[357]	14	39	-3	-2	-2	-1	det1=true
[358]	14	39	-4	-2	-2	1	det1=true
[359]	35	40	-4	-2	-3	-2	det1=true
[360]	35	40	-6	-2	-3	2	det1=true
[361]	27	39	-1	0	-3	-1	det1=true
[362]	27	39	-2	0	-3	1	det1=true
[363]	38	39	-9	-2	-2	-3	det1=true
[364]	38	39	-12	-2	-2	3	det1=true
[365]	23	40	-8	1	-2	-2	det1=true
[366]	23	40	-10	1	-2	2	det1=true
[367]	34	40	-15	-12	0	-3	det1=true
[368]	38	40	-11	0	-2	-3	det1=true
[369]	38	40	-14	0	-2	3	det1=true
[370]	33	39	-12	-7	-1	-3	det1=true
[371]	33	39	-15	-7	-1	3	det1=true
[372]	24	39	-8	-3	-2	-2	det1=true
[373]	24	39	-10	-3	-2	2	det1=true
[374]	33	39	-13	-6	-3	-1	det1=true
[375]	33	39	-14	-6	-3	1	det1=true
[376]	24	40	-10	1	-2	-2	det1=true
[377]	24	40	-12	1	-2	2	det1=true
[378]	38	40	-10	-4	-2	-3	det1=true
[379]	21	40	0	1	-2	-2	det1=true
[380]	21	40	-2	1	-2	2	det1=true
[381]	38	40	-13	-4	-2	3	det1=true
[382]	40	40	-11	-8	-2	-3	det1=true
[383]	40	40	-14	-8	-2	3	det1=true
[384]	15	39	-7	-1	-2	-1	det1=true
[385]	15	39	-8	-1	-2	1	det1=true
[386]	40	40	-14	-2	-3	-2	det1=true
[387]	40	40	-16	-2	-3	2	det1=true
[388]	35	39	0	1	-2	-3	det1=true
[389]	35	39	-3	1	-2	3	det1=true
[390]	25	41	-6	-5	0	-3	det1=true
[391]	22	44	-3	-2	0	-3	det1=true
[392]	43	43	-17	-11	-2	-3	det1=true
[393]	43	43	-20	-11	-2	3	det1=true
[394]	25	41	-7	-3	0	-3	det1=true
[395]	29	41	-9	-5	-1	-3	det1=true
[396]	29	41	-12	-5	-1	3	det1=true
[397]	41	41	-33	0	-1	-2	det1=true
[398]	41	41	-35	0	-1	2	det1=true
[399]	13	42	-4	0	-2	-1	det1=true
[400]	13	42	-5	0	-2	1	det1=true
[401]	25	42	-10	-1	-3	0	det1=true
[402]	27	42	-10	-8	-3	0	det1=true
[403]	32	43	-2	0	-2	-3	det1=true
[404]	32	43	-5	0	-2	3	det1=true
[405]	43	43	-6	-3	-4	-1	det1=true
[406]	43	43	-7	-3	-4	1	det1=true
[407]	12	44	-1	0	-2	-1	det1=true
[408]	12	44	-2	0	-2	1	det1=true
[409]	14	44	-6	-6	-1	-2	det1=true
[410]	42	44	-4	-5	-1	-4	det1=true
[411]	42	44	-8	-5	-1	4	det1=true
[412]	44	44	-9	-6	-4	-1	det1=true
[413]	44	44	-10	-6	-4	1	det1=true
[414]	23	41	-9	-1	-2	-2	det1=true
[415]	23	41	-11	-1	-2	2	det1=true
[416]	31	41	-13	-3	-1	-3	det1=true
[417]	31	41	-16	-3	-1	3	det1=true
[418]	40	41	-11	-10	-2	-3	det1=true
[419]	40	41	-14	-10	-2	3	det1=true
[420]	13	42	-3	-2	-2	-1	det1=true
[421]	13	42	-4	-2	-2	1	det1=true
[422]	22	42	-6	-5	-2	-2	det1=true
[423]	22	42	-8	-5	-2	2	det1=true
[424]	30	42	-14	-13	-2	-2	det1=true
[425]	30	42	-16	-13	-2	2	det1=true
[426]	13	43	-5	-1	-2	-1	det1=true
[427]	25	43	-4	-1	-3	-1	det1=true
[428]	25	43	-5	-1	-3	1	det1=true
[429]	25	43	-3	-2	-1	-3	det1=true
[430]	25	43	-6	-2	-1	3	det1=true
[431]	28	43	-13	-12	-2	-2	det1=true
[432]	25	44	-10	-6	-3	0	det1=true
[433]	31	44	0	1	-3	-2	det1=true
[434]	31	44	-2	1	-3	2	det1=true
[435]	37	44	-14	-4	-2	-3	det1=true
[436]	37	44	-17	-4	-2	3	det1=true
[437]	29	41	-10	-4	-3	-1	det1=true
[438]	29	41	-11	-4	-3	1	det1=true
[439]	31	41	-11	-8	-3	-1	det1=true
[440]	31	41	-12	-8	-3	1	det1=true
[441]	34	41	-4	0	-2	-3	det1=true
[442]	34	41	-7	0	-2	3	det1=true
[443]	35	41	-6	-3	-2	-3	det1=true
[444]	35	41	-9	-3	-2	3	det1=true
[445]	25	42	-8	-4	0	-3	det1=true
[446]	13	43	-6	-1	-2	1	det1=true
[447]	42	43	-4	0	-4	-1	det1=true
[448]	42	43	-5	0	-4	1	det1=true
[449]	27	41	-6	-1	-1	-3	det1=true
[450]	27	41	-9	-1	-1	3	det1=true
[451]	35	41	-7	1	-2	-3	det1=true
[452]	35	41	-10	1	-2	3	det1=true
[453]	23	42	-4	-1	-3	0	det1=true
[454]	33	43	-7	-3	-3	2	det1=true
[455]	34	43	-8	-2	-2	-3	det1=true
[456]	34	43	-11	-2	-2	3	det1=true
[457]	35	43	-11	-5	-3	2	det1=true
[458]	21	44	-6	-5	-2	-2	det1=true
[459]	21	44	-8	-5	-2	2	det1=true
[460]	32	44	-4	-3	-3	-2	det1=true
[461]	32	44	-6	-3	-3	2	det1=true
[462]	38	44	-16	-3	-3	-2	det1=true
[463]	38	44	-18	-3	-3	2	det1=true
[464]	41	44	-15	-12	-2	-3	det1=true
[465]	41	44	-18	-12	-2	3	det1=true
[466]	42	44	-6	-1	-1	-4	det1=true
[467]	42	44	-10	-1	-1	4	det1=true
[468]	43	44	-16	-14	-3	-2	det1=true
[469]	43	44	-18	-14	-3	2	det1=true
[470]	24	41	-8	-7	-2	-2	det1=true
[471]	24	41	-10	-7	-2	2	det1=true
[472]	31	41	-10	-9	-1	-3	det1=true
[473]	31	41	-13	-9	-1	3	det1=true
[474]	37	41	-8	-7	-2	-3	det1=true
[475]	37	41	-11	-7	-2	3	det1=true
[476]	37	42	-12	-2	-2	-3	det1=true
[477]	37	42	-15	-2	-2	3	det1=true
[478]	24	43	-11	-6	-2	-2	det1=true
[479]	24	43	-13	-6	-2	2	det1=true
[480]	29	43	-12	-5	-3	-1	det1=true
[481]	29	43	-13	-5	-3	1	det1=true
[482]	29	43	-14	-6	-1	3	det1=true
[483]	33	43	-5	-3	-3	-2	det1=true
[484]	43	43	-20	-18	-3	-1	det1=true
[485]	43	43	-19	-19	-1	-3	det1=true
[486]	41	44	-2	-2	-1	-4	det1=true
[487]	41	44	-6	-2	-1	4	det1=true
[488]	31	41	-14	-2	-3	-1	det1=true
[489]	31	41	-15	-2	-3	1	det1=true
[490]	34	42	-6	-2	-2	-3	det1=true
[491]	34	42	-9	-2	-2	3	det1=true
[492]	37	42	-9	-8	-2	-3	det1=true
[493]	37	42	-12	-8	-2	3	det1=true
[494]	27	43	-9	-1	-1	-3	det1=true
[495]	27	43	-12	-1	-1	3	det1=true
[496]	27	43	-8	-6	-3	1	det1=true
[497]	35	43	-9	-5	-3	-2	det1=true
[498]	40	43	-14	-10	-3	-2	det1=true
[499]	40	43	-16	-10	-3	2	det1=true
[500]	35	44	-10	-6	-3	-2	det1=true
[501]	35	44	-12	-6	-3	2	det1=true
[502]	44	44	-20	-10	-3	-2	det1=true
[503]	44	44	-22	-10	-3	2	det1=true
[504]	12	41	-6	-5	-2	0	det1=true
[505]	27	43	-7	-6	-3	-1	det1=true
[506]	29	43	-11	-6	-1	-3	det1=true
[507]	34	44	-10	0	-2	-3	det1=true
[508]	34	44	-13	0	-2	3	det1=true
[509]	39	44	-15	-8	-2	-3	det1=true
[510]	39	44	-18	-8	-2	3	det1=true
[511]	27	41	-7	0	-3	-1	det1=true
[512]	27	41	-8	0	-3	1	det1=true
[513]	41	41	0	0	0	-4	det1=true
[514]	20	42	0	1	-2	-2	det1=true
[515]	24	42	-11	-4	-2	-2	det1=true
[516]	24	42	-13	-4	-2	2	det1=true
[517]	27	43	-10	0	-3	-1	det1=true
[518]	27	43	-11	0	-3	1	det1=true
[519]	33	43	-6	1	-2	-3	det1=true
[520]	33	43	-9	1	-2	3	det1=true
[521]	34	44	-10	-2	-3	-2	det1=true
[522]	34	44	-12	-2	-3	2	det1=true
[523]	34	41	-4	-1	-3	-2	det1=true
[524]	34	41	-6	-1	-3	2	det1=true
[525]	10	44	-3	-2	0	-2	det1=true
[526]	20	44	-4	-3	-2	-2	det1=true
[527]	20	44	-6	-3	-2	2	det1=true
[528]	10	43	-2	-1	0	-2	det1=true
[529]	5	43	-1	-1	-1	-1	det1=true
[530]	15	42	-7	-6	-2	-1	det1=true
[531]	44	45	-13	-2	-4	-1	det1=true
[532]	39	46	-3	2	-4	-1	det1=true
[533]	39	46	-4	2	-4	1	det1=true
[534]	12	47	-5	-2	-2	-1	det1=true
[535]	12	47	-6	-2	-2	1	det1=true
[536]	35	47	-12	-9	-2	-3	det1=true
[537]	35	47	-15	-9	-2	3	det1=true
[538]	43	47	-20	-13	-2	-3	det1=true
[539]	43	47	-23	-13	-2	3	det1=true
[540]	41	48	-10	-6	-1	-4	det1=true
[541]	41	48	-14	-6	-1	4	det1=true
[542]	44	48	-2	1	-2	-4	det1=true
[543]	19	45	-3	1	-2	-2	det1=true
[544]	19	45	-5	1	-2	2	det1=true
[545]	37	46	-5	2	-4	0	det1=true
[546]	37	46	-2	-3	0	-4	det1=true
[547]	42	47	-12	-4	-4	-1	det1=true
[548]	42	47	-13	-4	-4	1	det1=true
[549]	47	47	-6	-6	-2	-4	det1=true
[550]	47	47	-10	-6	-2	4	det1=true
[551]	11	48	-1	0	-2	-1	det1=true
[552]	11	48	-2	0	-2	1	det1=true
[553]	18	48	-4	1	-2	-2	det1=true
[554]	18	48	-6	1	-2	2	det1=true
[555]	38	48	-6	2	-4	-1	det1=true
[556]	38	48	-7	2	-4	1	det1=true
[557]	47	48	-10	-3	-2	-4	det1=true
[558]	47	48	-14	-3	-2	4	det1=true
[559]	12	45	-2	-2	-1	-2	det1=true
[560]	12	45	-4	-2	-1	2	det1=true
[561]	25	45	-7	-3	-3	-1	det1=true
[562]	43	45	-5	-1	-3	-3	det1=true
[563]	43	45	-8	-1	-3	3	det1=true
[564]	44	45	-12	-1	-1	-4	det1=true
[565]	44	45	-16	-1	-1	4	det1=true
[566]	12	46	-4	-1	-1	-2	det1=true
[567]	12	46	-6	-1	-1	2	det1=true
[568]	43	46	-12	0	-1	-4	det1=true
[569]	43	46	-16	0	-1	4	det1=true
[570]	23	47	-10	-10	-2	-2	det1=true
[571]	45	47	-11	-7	-3	-3	det1=true
[572]	45	47	-14	-7	-3	3	det1=true
[573]	46	47	-15	-14	0	-4	det1=true
[574]	18	48	-3	-2	-2	-2	det1=true
[575]	18	48	-5	-2	-2	2	det1=true
[576]	41	48	-18	-14	-2	-3	det1=true
[577]	41	48	-21	-14	-2	3	det1=true
[578]	47	48	-11	-2	-4	-2	det1=true
[579]	47	48	-13	-2	-4	2	det1=true
[580]	25	45	-8	-3	-3	1	det1=true
[581]	27	45	-12	-7	-1	3	det1=true
[582]	42	45	-8	-4	-4	-1	det1=true
[583]	42	45	-9	-4	-4	1	det1=true
[584]	37	46	-4	-1	-4	0	det1=true
[585]	40	46	-6	-2	-4	-1	det1=true
[586]	40	46	-7	-2	-4	1	det1=true
[587]	43	46	-11	-6	-4	-1	det1=true
[588]	45	46	-16	-2	-4	-1	det1=true
[589]	45	46	-17	-2	-4	1	det1=true
[590]	38	47	-17	-8	-2	-3	det1=true
[591]	38	47	-20	-8	-2	3	det1=true
[592]	44	47	-14	-5	-1	-4	det1=true
[593]	42	48	-10	-9	-1	-4	det1=true
[594]	42	48	-14	-9	-1	4	det1=true
[595]	21	45	-8	-4	-2	-2	det1=true
[596]	21	45	-10	-4	-2	2	det1=true
[597]	40	45	-2	-1	-1	-4	det1=true
[598]	40	45	-6	-1	-1	4	det1=true
[599]	43	45	-11	-8	-1	4	det1=true
[600]	42	46	-10	-2	-1	-4	det1=true
[601]	23	47	-5	0	-3	-1	det1=true
[602]	23	47	-6	0	-3	1	det1=true
[603]	27	47	-10	-9	-3	-1	det1=true
[604]	27	47	-11	-9	-3	1	det1=true
[605]	29	47	-13	-10	-3	-1	det1=true
[606]	32	47	-10	-3	-3	-2	det1=true
[607]	32	47	-12	-3	-3	2	det1=true
[608]	46	47	-19	2	-4	-1	det1=true
[609]	19	48	-7	-2	-2	-2	det1=true
[610]	19	48	-9	-2	-2	2	det1=true
[611]	43	48	-13	-8	-4	-1	det1=true
[612]	43	48	-14	-8	-4	1	det1=true
[613]	45	48	-12	-13	-1	-4	det1=true
[614]	45	48	-16	-13	-1	4	det1=true
[615]	48	48	-11	-6	-4	-2	det1=true
[616]	48	48	-13	-6	-4	2	det1=true
[617]	25	45	-6	-4	-1	-3	det1=true
[618]	27	45	-10	-6	-3	-1	det1=true
[619]	27	45	-11	-6	-3	1	det1=true
[620]	27	45	-9	-7	-1	-3	det1=true
[621]	23	47	-4	-1	-1	-3	det1=true
[622]	23	47	-7	-1	-1	3	det1=true
[623]	29	47	-14	-10	-3	1	det1=true
[624]	29	47	-12	-11	-1	-3	det1=true
[625]	29	47	-15	-11	-1	3	det1=true
[626]	29	47	1	1	-2	-3	det1=true
[627]	29	47	-2	1	-2	3	det1=true
[628]	32	47	-10	-2	-2	-3	det1=true
[629]	32	47	-13	-2	-2	3	det1=true
[630]	46	47	-16	-7	-1	-4	det1=true
[631]	41	48	-13	0	-4	-1	det1=true
[632]	41	48	-14	0	-4	1	det1=true
[633]	45	48	-18	-4	-4	-1	det1=true
[634]	45	48	-19	-4	-4	1	det1=true
[635]	42	46	-14	-2	-1	4	det1=true
[636]	23	47	-4	-2	-3	-1	det1=true
[637]	23	47	-5	-2	-3	1	det1=true
[638]	23	47	-3	-3	-1	-3	det1=true
[639]	23	47	-6	-3	-1	3	det1=true
[640]	39	47	-6	-1	-4	-1	det1=true
[641]	39	47	-7	-1	-4	1	det1=true
[642]	41	47	-19	-11	-2	-3	det1=true
[643]	41	47	-22	-11	-2	3	det1=true
[644]	44	47	-12	-9	-1	-4	det1=true
[645]	44	47	-16	-9	-1	4	det1=true
[646]	47	47	-7	-5	-4	-2	det1=true
[647]	47	47	-9	-5	-4	2	det1=true
[648]	44	48	-16	-2	-1	-4	det1=true
[649]	44	48	-20	-2	-1	4	det1=true
[650]	25	45	-9	-4	-1	3	det1=true
[651]	43	46	-12	-6	-4	1	det1=true
[652]	31	47	-8	-1	-2	-3	det1=true
[653]	31	47	-11	-1	-2	3	det1=true
[654]	34	47	-13	-4	-2	-3	det1=true
[655]	47	47	-17	-9	-4	-1	det1=true
[656]	47	47	-18	-9	-4	1	det1=true
[657]	45	48	-6	1	-2	-4	det1=true
[658]	45	48	-10	1	-2	4	det1=true
[659]	43	45	-7	-8	-1	-4	det1=true
[660]	31	47	-7	-4	-3	-2	det1=true
[661]	31	47	-9	-4	-3	2	det1=true
[662]	34	47	-16	-4	-2	3	det1=true
[663]	40	47	-18	-11	-3	-2	det1=true
[664]	40	47	-20	-11	-3	2	det1=true
[665]	41	47	-17	-14	-3	-2	det1=true
[666]	41	47	-19	-14	-3	2	det1=true
[667]	29	48	-3	-2	-2	-3	det1=true
[668]	29	48	-6	-2	-2	3	det1=true
[669]	38	48	-4	-2	-1	-4	det1=true
[670]	38	48	-8	-2	-1	4	det1=true
[671]	48	48	-10	-7	-2	-4	det1=true
[672]	48	48	-14	-7	-2	4	det1=true
[673]	20	45	-5	-4	-2	-2	det1=true
[674]	20	45	-7	-4	-2	2	det1=true
[675]	39	47	-5	-1	-1	-4	det1=true
[676]	39	47	-9	-1	-1	4	det1=true
[677]	20	46	-8	1	-2	-2	det1=true
[678]	20	46	-10	1	-2	2	det1=true
[679]	10	47	-5	-4	-2	0	det1=true
[680]	41	47	-3	-3	-3	-3	det1=true
[681]	48	48	-22	-2	-4	-1	det1=true
[682]	38	47	0	0	-1	-4	det1=true
[683]	38	47	-4	0	-1	4	det1=true
[684]	39	48	-9	2	-4	-1	det1=true
[685]	39	48	-10	2	-4	1	det1=true
[686]	41	52	-4	1	-2	-4	det1=true
[687]	41	52	-8	1	-2	4	det1=true
[688]	39	49	-2	-2	-3	-3	det1=true
[689]	11	51	-4	-3	-2	-1	det1=true
[690]	11	51	-5	-3	-2	1	det1=true
[691]	18	52	-8	-3	-2	-2	det1=true
[692]	18	52	-10	-3	-2	2	det1=true
[693]	33	52	-15	-8	-2	-3	det1=true
[694]	33	52	-18	-8	-2	3	det1=true
[695]	34	49	-15	-10	-2	3	det1=true
[696]	37	49	-16	-11	-2	-3	det1=true
[697]	37	49	-19	-11	-2	3	det1=true
[698]	48	49	-14	1	-2	-4	det1=true
[699]	48	49	-18	1	-2	4	det1=true
[700]	49	49	-21	-9	-1	-4	det1=true
[701]	49	49	-25	-9	-1	4	det1=true
[702]	11	50	-4	0	-1	-2	det1=true
[703]	11	50	-6	0	-1	2	det1=true
[704]	32	50	-11	-8	-2	-3	det1=true
[705]	32	50	-14	-8	-2	3	det1=true
[706]	46	51	-14	-3	-4	-2	det1=true
[707]	46	51	-16	-3	-4	2	det1=true
[708]	45	52	-11	-8	-4	-2	det1=true
[709]	45	52	-13	-8	-4	2	det1=true
[710]	52	52	-35	-2	-2	-3	det1=true
[711]	25	49	-11	-4	-1	-3	det1=true
[712]	25	49	-14	-4	-1	3	det1=true
[713]	31	49	-11	1	-2	-3	det1=true
[714]	31	49	-14	1	-2	3	det1=true
[715]	34	49	-12	-10	-2	-3	det1=true
[716]	43	49	-11	-12	-1	-4	det1=true
[717]	43	49	-15	-12	-1	4	det1=true
[718]	46	49	-18	-8	-1	-4	det1=true
[719]	46	49	-22	-8	-1	4	det1=true
[720]	48	49	-22	-6	-4	-1	det1=true
[721]	41	50	-14	-3	-1	-4	det1=true
[722]	41	50	-18	-3	-1	4	det1=true
[723]	41	50	-12	-8	-1	-4	det1=true
[724]	41	50	-16	-8	-1	4	det1=true
[725]	35	51	-1	1	-4	-1	det1=true
[726]	35	51	-2	1	-4	1	det1=true
[727]	39	51	-14	-3	-4	1	det1=true
[728]	41	51	-10	-7	-3	-3	det1=true
[729]	41	51	-13	-7	-3	3	det1=true
[730]	48	51	-22	-9	-1	-4	det1=true
[731]	48	51	-26	-9	-1	4	det1=true
[732]	31	52	-17	-2	-2	3	det1=true
[733]	48	52	-19	2	-4	-2	det1=true
[734]	52	52	-6	-3	-3	-4	det1=true
[735]	23	49	-8	-1	-3	-1	det1=true
[736]	23	49	-9	-1	-3	1	det1=true
[737]	37	49	-6	1	-4	1	det1=true
[738]	37	49	-3	-2	-1	-4	det1=true
[739]	41	49	-9	-2	-3	-3	det1=true
[740]	41	49	-12	-2	-3	3	det1=true
[741]	42	49	-17	0	-4	1	det1=true
[742]	42	49	-15	-4	-4	-1	det1=true
[743]	42	49	-16	-4	-4	1	det1=true
[744]	45	49	-18	-7	-4	-1	det1=true
[745]	45	49	-19	-7	-4	1	det1=true
[746]	48	49	-15	2	-4	-2	det1=true
[747]	48	49	-17	2	-4	2	det1=true
[748]	49	49	-23	-20	-3	-2	det1=true
[749]	18	50	-5	-4	-2	-2	det1=true
[750]	18	50	-7	-4	-2	2	det1=true
[751]	30	50	-8	-6	-3	-2	det1=true
[752]	30	50	-10	-6	-3	2	det1=true
[753]	32	50	-14	-2	-3	-2	det1=true
[754]	32	50	-16	-2	-3	2	det1=true
[755]	49	50	-26	-20	-3	2	det1=true
[756]	38	51	-10	-3	-1	-4	det1=true
[757]	40	51	-14	-1	-1	-4	det1=true
[758]	40	51	-18	-1	-1	4	det1=true
[759]	43	51	-7	-3	-2	-4	det1=true
[760]	43	51	-11	-3	-2	4	det1=true
[761]	46	51	-12	-7	-4	-2	det1=true
[762]	46	51	-14	-7	-4	2	det1=true
[763]	48	51	-24	-13	-1	4	det1=true
[764]	48	51	-18	-16	-4	-1	det1=true
[765]	48	51	-19	-16	-4	1	det1=true
[766]	37	52	-18	-15	-3	2	det1=true
[767]	39	52	-13	-6	-4	-1	det1=true
[768]	39	52	-14	-6	-4	1	det1=true
[769]	45	52	-10	-9	-2	-4	det1=true
[770]	49	52	-14	-13	-2	-4	det1=true
[771]	49	52	-18	-13	-2	4	det1=true
[772]	52	52	-10	-3	-3	4	det1=true
[773]	28	49	-4	1	-3	2	det1=true
[774]	31	49	-11	-2	-3	-2	det1=true
[775]	31	49	-13	-2	-3	2	det1=true
[776]	37	49	-5	1	-4	-1	det1=true
[777]	37	49	-7	-2	-1	4	det1=true
[778]	42	49	-14	-4	-1	-4	det1=true
[779]	42	49	-18	-4	-1	4	det1=true
[780]	43	49	-19	-17	-2	-3	det1=true
[781]	43	49	-22	-17	-2	3	det1=true
[782]	45	49	-9	-1	-4	-2	det1=true
[783]	45	49	-11	-1	-4	2	det1=true
[784]	49	49	-37	-3	-3	1	det1=true
[785]	49	49	-15	-5	-4	-2	det1=true
[786]	49	49	-17	-5	-4	2	det1=true
[787]	39	50	-11	-4	-4	-1	det1=true
[788]	39	50	-12	-4	-4	1	det1=true
[789]	40	50	-13	-4	-4	-1	det1=true
[790]	40	50	-14	-4	-4	1	det1=true
[791]	19	51	-8	-6	-2	-2	det1=true
[792]	19	51	-10	-6	-2	2	det1=true
[793]	21	51	-4	0	-3	-1	det1=true
[794]	21	51	-5	0	-3	1	det1=true
[795]	28	51	-6	-2	-2	-3	det1=true
[796]	28	51	-9	-2	-2	3	det1=true
[797]	38	51	-14	-3	-1	4	det1=true
[798]	38	51	-8	-7	-1	-4	det1=true
[799]	38	51	-12	-7	-1	4	det1=true
[800]	39	51	-13	-3	-4	-1	det1=true
[801]	43	51	-8	-2	-4	-2	det1=true
[802]	43	51	-10	-2	-4	2	det1=true
[803]	46	51	-16	-15	-1	-4	det1=true
[804]	46	51	-20	-15	-1	4	det1=true
[805]	48	51	-20	-13	-1	-4	det1=true
[806]	49	51	-23	-2	-3	-3	det1=true
[807]	49	51	-26	-2	-3	3	det1=true
[808]	49	51	-16	-16	-3	-3	det1=true
[809]	28	52	-10	-2	-3	2	det1=true
[810]	39	52	-14	-4	-4	-1	det1=true
[811]	39	52	-15	-4	-4	1	det1=true
[812]	40	52	-14	-6	-1	-4	det1=true
[813]	40	52	-18	-6	-1	4	det1=true
[814]	42	52	-20	-18	-3	-2	det1=true
[815]	42	52	-22	-18	-3	2	det1=true
[816]	42	52	-18	-1	-1	-4	det1=true
[817]	42	52	-22	-1	-1	4	det1=true
[818]	44	52	-16	-13	-1	-4	det1=true
[819]	44	52	-20	-13	-1	4	det1=true
[820]	46	52	-15	-8	-4	2	det1=true
[821]	46	52	-12	-9	-2	-4	det1=true
[822]	46	52	-16	-9	-2	4	det1=true
[823]	48	52	-17	-10	-4	2	det1=true
[824]	23	49	-7	-2	-1	-3	det1=true
[825]	23	49	-10	-2	-1	3	det1=true
[826]	28	49	-2	1	-3	-2	det1=true
[827]	29	49	-5	-3	-2	-3	det1=true
[828]	31	49	-9	-6	-3	-2	det1=true
[829]	31	49	-11	-6	-3	2	det1=true
[830]	32	49	-11	-6	-2	-3	det1=true
[831]	32	49	-14	-6	-2	3	det1=true
[832]	33	49	-11	-9	-3	-2	det1=true
[833]	33	49	-13	-9	-3	2	det1=true
[834]	42	49	-16	0	-4	-1	det1=true
[835]	42	49	-10	-11	-1	-4	det1=true
[836]	42	49	-14	-11	-1	4	det1=true
[837]	49	49	-20	-16	-4	0	det1=true
[838]	28	50	-4	-2	-3	-2	det1=true
[839]	28	50	-6	-2	-3	2	det1=true
[840]	35	50	-16	-8	-2	-3	det1=true
[841]	35	50	-19	-8	-2	3	det1=true
[842]	36	50	-2	-1	-1	-4	det1=true
[843]	36	50	-6	-1	-1	4	det1=true
[844]	31	51	-12	-5	-2	-3	det1=true
[845]	31	51	-15	-5	-2	3	det1=true
[846]	46	51	-20	-10	-4	-1	det1=true
[847]	46	51	-21	-10	-4	1	det1=true
[848]	46	51	-13	-4	-2	-4	det1=true
[849]	46	51	-17	-4	-2	4	det1=true
[850]	28	52	-8	-2	-3	-2	det1=true
[851]	37	52	-16	-15	-3	-2	det1=true
[852]	45	52	-14	-9	-2	4	det1=true
[853]	25	49	-12	-3	-3	-1	det1=true
[854]	29	49	-8	-3	-2	3	det1=true
[855]	38	49	-16	-13	-3	-2	det1=true
[856]	38	49	-18	-13	-3	2	det1=true
[857]	41	49	-13	-1	-1	-4	det1=true
[858]	41	49	-17	-1	-1	4	det1=true
[859]	21	51	-3	-1	-1	-3	det1=true
[860]	21	51	-6	-1	-1	3	det1=true
[861]	36	52	-9	2	-4	-1	det1=true
[862]	36	52	-10	2	-4	1	det1=true
[863]	46	52	-13	-8	-4	-2	det1=true
[864]	48	52	-18	1	-2	-4	det1=true
[865]	48	52	-15	-10	-4	-2	det1=true
[866]	48	52	-14	-11	-2	-4	det1=true
[867]	48	52	-18	-11	-2	4	det1=true
[868]	49	52	-15	-12	-4	-2	det1=true
[869]	49	52	-17	-12	-4	2	det1=true
[870]	47	49	-16	-9	-3	-3	det1=true
[871]	47	49	-19	-9	-3	3	det1=true
[872]	44	51	-11	0	-4	-2	det1=true
[873]	44	51	-13	0	-4	2	det1=true
[874]	44	51	-10	-1	-2	-4	det1=true
[875]	44	51	-14	-1	-2	4	det1=true
[876]	46	51	-11	-8	-2	-4	det1=true
[877]	46	51	-15	-8	-2	4	det1=true
[878]	37	52	-8	-6	-1	-4	det1=true
[879]	37	52	-12	-6	-1	4	det1=true
[880]	41	52	-5	2	-4	-2	det1=true
[881]	41	52	-7	2	-4	2	det1=true
[882]	47	52	-22	-22	-2	-3	det1=true
[883]	47	52	-25	-22	-2	3	det1=true
[884]	42	50	0	1	-2	-4	det1=true
[885]	20	51	-9	-8	-2	-2	det1=true
[886]	51	51	-20	-6	-4	-2	det1=true
[887]	51	51	-22	-6	-4	2	det1=true
[888]	32	52	-14	-10	-3	2	det1=true
[889]	44	50	-9	0	-4	-2	det1=true
[890]	44	50	-11	0	-4	2	det1=true
[891]	45	50	-16	-12	-4	-1	det1=true
[892]	45	50	-17	-12	-4	1	det1=true
[893]	47	50	-23	-2	-4	-1	det1=true
[894]	50	50	-21	-14	-4	-1	det1=true
[895]	50	50	-22	-14	-4	1	det1=true
[896]	41	51	-15	-4	-1	-4	det1=true
[897]	41	51	-19	-4	-1	4	det1=true
[898]	32	52	-12	-10	-3	-2	det1=true
[899]	43	49	-9	-9	-3	-3	det1=true
[900]	49	49	-16	-2	-4	-2	det1=true
[901]	49	49	-18	-2	-4	2	det1=true
[902]	49	49	-14	-6	-2	-4	det1=true
[903]	45	51	-19	-8	-1	-4	det1=true
[904]	45	51	-23	-8	-1	4	det1=true
[905]	48	50	-22	-6	-1	-4	det1=true
[906]	48	50	-26	-6	-1	4	det1=true
[907]	44	51	-21	2	-4	-1	det1=true
[908]	51	51	-25	-11	-4	-1	det1=true
[909]	51	51	-26	-11	-4	1	det1=true
[910]	50	50	-19	0	-4	-2	det1=true
[911]	38	51	-12	2	-4	-1	det1=true
[912]	38	51	-13	2	-4	1	det1=true
[913]	35	52	-4	-1	-1	-4	det1=true
[914]	35	52	-8	-1	-1	4	det1=true
[915]	42	53	-9	-2	-2	-4	det1=true
[916]	42	53	-13	-2	-2	4	det1=true
[917]	52	55	-14	2	-4	-3	det1=true
[918]	52	55	-17	2	-4	3	det1=true
[919]	42	56	-14	1	-2	-4	det1=true
[920]	42	56	-18	1	-2	4	det1=true
[921]	38	53	-11	-8	-4	-1	det1=true
[922]	38	53	-12	-8	-4	1	det1=true
[923]	39	53	-8	-8	-3	-3	det1=true
[924]	39	54	-16	0	-1	-4	det1=true
[925]	39	54	-20	0	-1	4	det1=true
[926]	44	54	-20	-10	-1	-4	det1=true
[927]	44	54	-24	-10	-1	4	det1=true
[928]	47	54	-18	-7	-4	-2	det1=true
[929]	47	54	-20	-7	-4	2	det1=true
[930]	47	54	-17	-8	-2	-4	det1=true
[931]	47	54	-21	-8	-2	4	det1=true
[932]	44	55	-16	1	-2	-4	det1=true
[933]	44	55	-20	1	-2	4	det1=true
[934]	55	55	-21	-19	-2	-4	det1=true
[935]	55	55	-25	-19	-2	4	det1=true
[936]	45	56	-17	-8	-4	-2	det1=true
[937]	45	56	-19	-8	-4	2	det1=true
[938]	37	54	-14	-8	-1	4	det1=true
[939]	39	54	-2	1	-4	-2	det1=true
[940]	39	54	-4	1	-4	2	det1=true
[941]	43	54	-13	0	-2	-4	det1=true
[942]	43	54	-17	0	-2	4	det1=true
[943]	46	54	-17	-6	-4	-2	det1=true
[944]	46	54	-19	-6	-4	2	det1=true
[945]	46	54	-16	-7	-2	-4	det1=true
[946]	46	54	-20	-7	-2	4	det1=true
[947]	54	54	-25	-10	-4	-2	det1=true
[948]	54	54	-27	-10	-4	2	det1=true
[949]	37	55	-11	-9	-4	-1	det1=true
[950]	37	55	-12	-9	-4	1	det1=true
[951]	39	55	-17	-1	-1	-4	det1=true
[952]	39	55	-21	-1	-1	4	det1=true
[953]	43	55	-21	-9	-4	-1	det1=true
[954]	43	55	-22	-9	-4	1	det1=true
[955]	41	56	-15	0	-4	2	det1=true
[956]	42	56	-15	2	-4	-2	det1=true
[957]	42	56	-17	2	-4	2	det1=true
[958]	45	56	-16	-9	-2	-4	det1=true
[959]	45	56	-20	-9	-2	4	det1=true
[960]	36	53	-9	-4	-4	-1	det1=true
[961]	36	53	-10	-4	-4	1	det1=true
[962]	42	53	-10	-1	-4	-2	det1=true
[963]	42	53	-12	-1	-4	2	det1=true
[964]	43	53	-16	-13	-4	-1	det1=true
[965]	43	53	-17	-13	-4	1	det1=true
[966]	52	53	-10	0	-4	-3	det1=true
[967]	52	53	-13	0	-4	3	det1=true
[968]	35	54	-8	-4	-4	-1	det1=true
[969]	37	54	-10	-8	-1	-4	det1=true
[970]	25	55	-2	1	-2	-3	det1=true
[971]	25	55	-5	1	-2	3	det1=true
[972]	28	55	-12	-6	-3	2	det1=true
[973]	35	55	-16	-15	-2	-3	det1=true
[974]	35	55	-19	-15	-2	3	det1=true
[975]	50	55	-8	-4	-3	-4	det1=true
[976]	50	55	-12	-4	-3	4	det1=true
[977]	28	56	-11	-6	-2	-3	det1=true
[978]	28	56	-14	-6	-2	3	det1=true
[979]	32	56	-2	0	-4	-1	det1=true
[980]	32	56	-3	0	-4	1	det1=true
[981]	33	56	-6	-1	-1	-4	det1=true
[982]	33	56	-10	-1	-1	4	det1=true
[983]	36	56	-10	-9	-1	-4	det1=true
[984]	36	56	-14	-9	-1	4	det1=true
[985]	48	56	-22	-18	-4	-1	det1=true
[986]	48	56	-23	-18	-4	1	det1=true
[987]	53	56	-34	-6	-4	1	det1=true
[988]	53	56	-24	-13	-2	-4	det1=true
[989]	53	56	-28	-13	-2	4	det1=true
[990]	28	53	-10	1	-3	-2	det1=true
[991]	28	53	-12	1	-3	2	det1=true
[992]	28	53	-7	-6	-2	-3	det1=true
[993]	28	53	-10	-6	-2	3	det1=true
[994]	42	53	-8	-5	-4	-2	det1=true
[995]	42	53	-10	-5	-4	2	det1=true
[996]	42	53	-7	-6	-2	-4	det1=true
[997]	42	53	-11	-6	-2	4	det1=true
[998]	35	54	-9	-4	-4	1	det1=true
[999]	37	54	-12	-4	-1	-4	det1=true
[1000]	43	54	-16	1	-4	2	det1=true
[1001]	46	54	-22	-12	-4	-1	det1=true
[1002]	46	54	-23	-12	-4	1	det1=true
[1003]	52	54	-25	-4	-4	-2	det1=true
[1004]	52	54	-27	-4	-4	2	det1=true
[1005]	53	54	-34	-7	-1	4	det1=true
[1006]	29	55	-10	-9	-2	-3	det1=true
[1007]	36	55	-12	-1	-1	-4	det1=true
[1008]	36	55	-16	-1	-1	4	det1=true
[1009]	39	55	-6	2	-4	-2	det1=true
[1010]	39	55	-8	2	-4	2	det1=true
[1011]	46	55	-23	-16	-4	0	det1=true
[1012]	48	55	-18	-11	-2	-4	det1=true
[1013]	48	55	-22	-11	-2	4	det1=true
[1014]	48	55	-3	2	-4	-3	det1=true
[1015]	48	55	-6	2	-4	3	det1=true
[1016]	51	55	-21	-13	-4	-2	det1=true
[1017]	51	55	-23	-13	-4	2	det1=true
[1018]	53	55	-15	-1	-3	-4	det1=true
[1019]	53	55	-19	-1	-3	4	det1=true
[1020]	55	55	-22	-18	-4	-2	det1=true
[1021]	55	55	-24	-18	-4	2	det1=true
[1022]	55	55	-12	-9	-1	-5	det1=true
[1023]	55	55	-17	-9	-1	5	det1=true
[1024]	25	56	-4	-2	-3	-2	det1=true
[1025]	25	56	-6	-2	-3	2	det1=true
[1026]	33	56	-4	-5	-1	-4	det1=true
[1027]	33	56	-8	-5	-1	4	det1=true
[1028]	38	56	-18	0	-4	-1	det1=true
[1029]	38	56	-19	0	-4	1	det1=true
[1030]	41	56	-13	0	-4	-2	det1=true
[1031]	29	53	-11	-4	-3	-2	det1=true
[1032]	29	53	-9	-7	-2	-3	det1=true
[1033]	29	53	-12	-7	-2	3	det1=true
[1034]	35	53	-8	1	-4	-1	det1=true
[1035]	35	53	-9	1	-4	1	det1=true
[1036]	42	53	-19	-6	-4	-1	det1=true
[1037]	45	53	-16	2	-4	-2	det1=true
[1038]	45	53	-18	2	-4	2	det1=true
[1039]	45	53	-15	1	-2	-4	det1=true
[1040]	45	53	-19	1	-2	4	det1=true
[1041]	45	53	-14	-6	-4	-2	det1=true
[1042]	45	53	-16	-6	-4	2	det1=true
[1043]	42	54	-18	-10	-4	-1	det1=true
[1044]	47	54	-20	-16	-1	-4	det1=true
[1045]	47	54	-24	-16	-1	4	det1=true
[1046]	47	54	-20	1	-4	-2	det1=true
[1047]	47	54	-22	1	-4	2	det1=true
[1048]	47	54	-19	0	-2	-4	det1=true
[1049]	47	54	-23	0	-2	4	det1=true
[1050]	49	54	-20	-19	-1	-4	det1=true
[1051]	49	54	-24	-19	-1	4	det1=true
[1052]	29	55	-13	-9	-2	3	det1=true
[1053]	48	55	-21	-10	-4	2	det1=true
[1054]	47	56	-2	2	-4	-3	det1=true
[1055]	47	56	-5	2	-4	3	det1=true
[1056]	45	53	-17	-7	-2	4	det1=true
[1057]	48	53	-23	-14	-4	1	det1=true
[1058]	52	53	-7	-6	-4	-3	det1=true
[1059]	52	53	-10	-6	-4	3	det1=true
[1060]	53	53	-8	-1	-5	-1	det1=true
[1061]	53	53	-9	-1	-5	1	det1=true
[1062]	37	54	-16	-4	-1	4	det1=true
[1063]	36	55	-13	-2	-4	-1	det1=true
[1064]	36	55	-14	-2	-4	1	det1=true
[1065]	43	55	-12	-8	-4	-2	det1=true
[1066]	43	55	-11	-9	-2	-4	det1=true
[1067]	44	55	-17	2	-4	-2	det1=true
[1068]	44	55	-19	2	-4	2	det1=true
[1069]	48	55	-19	-10	-4	-2	det1=true
[1070]	38	56	-14	-9	-1	-4	det1=true
[1071]	38	56	-18	-9	-1	4	det1=true
[1072]	48	56	-25	-14	-4	-1	det1=true
[1073]	56	56	-6	-4	-2	-5	det1=true
[1074]	56	56	-11	-4	-2	5	det1=true
[1075]	29	53	-13	-4	-3	2	det1=true
[1076]	37	53	-17	-15	-2	-3	det1=true
[1077]	37	53	-20	-15	-2	3	det1=true
[1078]	41	53	-18	-5	-4	-1	det1=true
[1079]	43	53	-13	-12	-3	-3	det1=true
[1080]	43	53	-16	-12	-3	3	det1=true
[1081]	52	53	-25	-16	-4	-1	det1=true
[1082]	52	53	-26	-16	-4	1	det1=true
[1083]	42	54	-19	-10	-4	1	det1=true
[1084]	43	54	-14	1	-4	-2	det1=true
[1085]	54	54	-25	-20	-4	-1	det1=true
[1086]	54	54	-26	-20	-4	1	det1=true
[1087]	28	55	-10	-6	-3	-2	det1=true
[1088]	49	55	-23	-17	-4	-1	det1=true
[1089]	55	55	-18	-3	-4	-3	det1=true
[1090]	55	55	-21	-3	-4	3	det1=true
[1091]	55	55	-14	-7	-5	-1	det1=true
[1092]	55	55	-15	-7	-5	1	det1=true
[1093]	38	56	-3	-2	-4	-2	det1=true
[1094]	38	56	-5	-2	-4	2	det1=true
[1095]	49	56	-17	-16	-4	-2	det1=true
[1096]	49	56	-19	-16	-4	2	det1=true
[1097]	18	53	-1	-2	0	-3	det1=true
[1098]	30	53	-14	0	-3	-2	det1=true
[1099]	30	53	-16	0	-3	2	det1=true
[1100]	39	53	-18	-17	-2	-3	det1=true
[1101]	39	53	-21	-17	-2	3	det1=true
[1102]	41	53	-19	-5	-4	1	det1=true
[1103]	47	53	-20	-15	-4	-1	det1=true
[1104]	47	53	-21	-15	-4	1	det1=true
[1105]	51	53	-7	0	-3	-4	det1=true
[1106]	51	53	-11	0	-3	4	det1=true
[1107]	53	53	-11	-3	-3	-4	det1=true
[1108]	40	54	-7	2	-4	-2	det1=true
[1109]	40	54	-9	2	-4	2	det1=true
[1110]	38	55	-16	-4	-4	-1	det1=true
[1111]	38	55	-17	-4	-4	1	det1=true
[1112]	39	55	-5	1	-2	-4	det1=true
[1113]	39	55	-9	1	-2	4	det1=true
[1114]	40	55	-8	-1	-2	-4	det1=true
[1115]	42	55	-16	-14	-4	-1	det1=true
[1116]	42	55	-17	-14	-4	1	det1=true
[1117]	53	56	-26	-20	-4	-1	det1=true
[1118]	53	56	-27	-20	-4	1	det1=true
[1119]	36	53	-10	-2	-4	-1	det1=true
[1120]	36	53	-11	-2	-4	1	det1=true
[1121]	53	53	-15	-3	-3	4	det1=true
[1122]	49	53	-23	-9	-3	-3	det1=true
[1123]	49	53	-26	-9	-3	3	det1=true
[1124]	49	55	-24	-17	-4	1	det1=true
[1125]	26	53	-2	-1	-3	-2	det1=true
[1126]	26	53	-4	-1	-3	2	det1=true
[1127]	39	54	-1	0	-2	-4	det1=true
[1128]	39	54	-5	0	-2	4	det1=true
[1129]	40	54	-18	-4	-4	-1	det1=true
[1130]	40	54	-19	-4	-4	1	det1=true
[1131]	40	54	-12	-13	-1	-4	det1=true
[1132]	40	54	-16	-13	-1	4	det1=true
[1133]	26	56	-8	-2	-3	-2	det1=true
[1134]	26	56	-10	-2	-3	2	det1=true
[1135]	41	56	-12	-1	-2	-4	det1=true
[1136]	41	56	-16	-1	-2	4	det1=true
[1137]	41	53	-17	-5	-1	-4	det1=true
[1138]	50	54	-22	-18	-1	-4	det1=true
[1139]	50	54	-26	-18	-1	4	det1=true
[1140]	50	53	-22	-3	-4	-2	det1=true
[1141]	16	54	-4	1	-2	-2	det1=true
[1142]	16	54	-6	1	-2	2	det1=true
[1143]	16	54	-3	-2	-2	-2	det1=true
[1144]	16	54	-5	-2	-2	2	det1=true
[1145]	40	54	-6	1	-2	-4	det1=true
[1146]	40	54	-10	1	-2	4	det1=true
[1147]	8	55	-3	-2	0	-2	det1=true
[1148]	16	55	-4	-3	-2	-2	det1=true
[1149]	16	55	-6	-3	-2	2	det1=true
[1150]	8	53	-2	1	-2	0	det1=true
[1151]	40	55	-9	0	-4	-2	det1=true
[1152]	16	53	-2	1	-2	-2	det1=true
[1153]	16	53	-4	1	-2	2	det1=true
[1154]	34	53	-4	2	-4	-1	det1=true
[1155]	34	53	-5	2	-4	1	det1=true
[1156]	53	53	-6	-4	-5	-1	det1=true
[1157]	53	53	-7	-4	-5	1	det1=true
[1158]	53	53	-6	-3	-1	-5	det1=true
[1159]	53	53	-11	-3	-1	5	det1=true
[1160]	26	55	-8	-4	-2	3	det1=true
[1161]	50	53	-4	2	-4	-3	det1=true
[1162]	50	53	-7	2	-4	3	det1=true
[1163]	26	55	-5	-4	-2	-3	det1=true
[1164]	34	55	-8	-2	-4	-1	det1=true
[1165]	10	54	-2	-2	-1	-2	det1=true
[1166]	10	55	-4	0	-1	-2	det1=true
[1167]	34	55	-9	-2	-4	1	det1=true
[1168]	2	53	0	0	0	-1	det1=true
[1169]	48	57	-23	-6	-4	-2	det1=true
[1170]	48	57	-25	-6	-4	2	det1=true
[1171]	46	59	-6	-4	-3	-4	det1=true
[1172]	46	59	-10	-4	-3	4	det1=true
[1173]	59	59	-6	-6	-4	-4	det1=true
[1174]	60	60	-21	-2	-2	-5	det1=true
[1175]	60	60	-26	-2	-2	5	det1=true
[1176]	15	57	-3	1	-2	-2	det1=true
[1177]	15	57	-5	1	-2	2	det1=true
[1178]	37	57	-2	0	-4	-2	det1=true
[1179]	37	57	-4	0	-4	2	det1=true
[1180]	39	57	-16	-11	-4	-1	det1=true
[1181]	39	57	-17	-11	-4	1	det1=true
[1182]	51	57	-13	2	-5	-1	det1=true
[1183]	51	57	-14	2	-5	1	det1=true
[1184]	31	58	-6	0	-1	4	det1=true
[1185]	37	58	-4	-3	-4	-2	det1=true
[1186]	37	58	-6	-3	-4	2	det1=true
[1187]	48	58	-10	-3	-3	-4	det1=true
[1188]	48	58	-14	-3	-3	4	det1=true
[1189]	56	58	-23	-22	-4	-2	det1=true
[1190]	56	58	-25	-22	-4	2	det1=true
[1191]	57	58	-14	-4	-5	-2	det1=true
[1192]	57	58	-16	-4	-5	2	det1=true
[1193]	9	59	-2	1	-2	-1	det1=true
[1194]	9	59	-3	1	-2	1	det1=true
[1195]	32	59	-6	-6	-1	-4	det1=true
[1196]	32	59	-10	-6	-1	4	det1=true
[1197]	33	59	-4	-4	-3	-3	det1=true
[1198]	39	59	-13	-1	-4	-2	det1=true
[1199]	39	59	-15	-1	-4	2	det1=true
[1200]	55	59	-23	-3	-4	-3	det1=true
[1201]	55	59	-26	-3	-4	3	det1=true
[1202]	59	59	-27	-5	-4	-3	det1=true
[1203]	59	59	-30	-5	-4	3	det1=true
[1204]	30	60	-2	-1	-1	-4	det1=true
[1205]	30	60	-6	-1	-1	4	det1=true
[1206]	53	60	-10	-2	-5	-2	det1=true
[1207]	53	60	-12	-2	-5	2	det1=true
[1208]	56	60	-14	-6	-2	-5	det1=true
[1209]	56	60	-19	-6	-2	5	det1=true
[1210]	58	60	-20	2	-5	-2	det1=true
[1211]	58	60	-22	2	-5	2	det1=true
[1212]	41	57	-14	-2	-4	-2	det1=true
[1213]	41	57	-16	-2	-4	2	det1=true
[1214]	42	57	-19	-2	-2	4	det1=true
[1215]	43	57	-19	-15	-4	-1	det1=true
[1216]	43	57	-20	-15	-4	1	det1=true
[1217]	49	57	-23	-9	-4	-2	det1=true
[1218]	49	57	-25	-9	-4	2	det1=true
[1219]	51	57	-10	-6	-5	-1	det1=true
[1220]	51	57	-11	-6	-5	1	det1=true
[1221]	57	57	-18	-11	-5	-1	det1=true
[1222]	57	57	-19	-11	-5	1	det1=true
[1223]	25	58	-8	-1	-3	-2	det1=true
[1224]	25	58	-10	-1	-3	2	det1=true
[1225]	31	58	-2	0	-1	-4	det1=true
[1226]	31	58	-3	0	-4	-1	det1=true
[1227]	31	58	-4	0	-4	1	det1=true
[1228]	42	58	-17	-2	-4	-2	det1=true
[1229]	42	58	-19	-2	-4	2	det1=true
[1230]	45	58	-19	-14	-2	4	det1=true
[1231]	9	59	-1	-1	-1	-2	det1=true
[1232]	9	59	-3	-1	-1	2	det1=true
[1233]	58	59	-25	-8	-4	-3	det1=true
[1234]	58	59	-28	-8	-4	3	det1=true
[1235]	59	59	-29	-10	-3	4	det1=true
[1236]	59	59	-27	-12	-1	5	det1=true
[1237]	59	59	-19	-19	-3	-4	det1=true
[1238]	15	60	-5	-4	-2	-2	det1=true
[1239]	15	60	-7	-4	-2	2	det1=true
[1240]	36	60	-12	-13	-1	-4	det1=true
[1241]	36	60	-16	-13	-1	4	det1=true
[1242]	44	60	-3	2	-4	-3	det1=true
[1243]	44	60	-6	2	-4	3	det1=true
[1244]	51	60	-7	0	-2	5	det1=true
[1245]	51	60	-1	-2	-2	-5	det1=true
[1246]	51	60	-6	-2	-2	5	det1=true
[1247]	52	60	-5	-4	-2	-5	det1=true
[1248]	52	60	-10	-4	-2	5	det1=true
[1249]	57	60	-18	-2	-5	-2	det1=true
[1250]	57	60	-20	-2	-5	2	det1=true
[1251]	32	57	-6	2	-4	-1	det1=true
[1252]	32	57	-7	2	-4	1	det1=true
[1253]	42	57	-16	-1	-4	-2	det1=true
[1254]	42	57	-18	-1	-4	2	det1=true
[1255]	45	57	-19	-18	-1	-4	det1=true
[1256]	45	57	-23	-18	-1	4	det1=true
[1257]	48	57	-22	-7	-2	-4	det1=true
[1258]	48	57	-26	-7	-2	4	det1=true
[1259]	49	57	-19	-15	-2	-4	det1=true
[1260]	51	57	-11	0	-1	-5	det1=true
[1261]	51	57	-16	0	-1	5	det1=true
[1262]	56	57	-8	-6	-5	-2	det1=true
[1263]	56	57	-10	-6	-5	2	det1=true
[1264]	39	58	-16	-12	-1	-4	det1=true
[1265]	39	58	-20	-12	-1	4	det1=true
[1266]	40	58	-19	-12	-4	1	det1=true
[1267]	47	58	-8	-1	-3	-4	det1=true
[1268]	47	58	-12	-1	-3	4	det1=true
[1269]	52	58	-16	-7	-3	-4	det1=true
[1270]	52	58	-20	-7	-3	4	det1=true
[1271]	55	58	-10	-3	-5	-2	det1=true
[1272]	58	58	-23	-10	-4	-3	det1=true
[1273]	58	58	-26	-10	-4	3	det1=true
[1274]	19	59	-6	-4	-3	-1	det1=true
[1275]	19	59	-7	-4	-3	1	det1=true
[1276]	32	59	-9	-2	-4	-1	det1=true
[1277]	38	59	-9	-4	-2	-4	det1=true
[1278]	38	59	-13	-4	-2	4	det1=true
[1279]	44	59	-20	-3	-2	-4	det1=true
[1280]	44	59	-24	-3	-2	4	det1=true
[1281]	46	59	-8	0	-4	-3	det1=true
[1282]	46	59	-11	0	-4	3	det1=true
[1283]	47	59	-21	-21	-1	-4	det1=true
[1284]	47	59	-25	-21	-1	4	det1=true
[1285]	49	59	-10	-5	-5	-1	det1=true
[1286]	49	59	-11	-5	-5	1	det1=true
[1287]	49	59	-8	-7	-1	-5	det1=true
[1288]	51	59	-18	-1	-4	-3	det1=true
[1289]	55	59	-27	1	-3	4	det1=true
[1290]	59	59	-25	-10	-3	-4	det1=true
[1291]	51	60	-2	0	-2	-5	det1=true
[1292]	52	60	-8	2	-5	-2	det1=true
[1293]	52	60	-10	2	-5	2	det1=true
[1294]	57	60	-14	-10	-5	-2	det1=true
[1295]	57	60	-16	-10	-5	2	det1=true
[1296]	49	57	-23	-15	-2	4	det1=true
[1297]	49	57	-7	-1	-5	-1	det1=true
[1298]	49	57	-8	-1	-5	1	det1=true
[1299]	52	57	-24	-22	-1	-4	det1=true
[1300]	52	57	-28	-22	-1	4	det1=true
[1301]	53	57	-15	-5	-5	-1	det1=true
[1302]	53	57	-16	-5	-5	1	det1=true
[1303]	57	57	-16	-13	-1	-5	det1=true
[1304]	36	58	-12	-10	-1	-4	det1=true
[1305]	42	58	-16	-3	-2	-4	det1=true
[1306]	42	58	-20	-3	-2	4	det1=true
[1307]	45	58	-18	-13	-4	2	det1=true
[1308]	45	58	-15	-14	-2	-4	det1=true
[1309]	55	58	-12	-3	-5	2	det1=true
[1310]	19	59	-8	1	-3	-1	det1=true
[1311]	19	59	-9	1	-3	1	det1=true
[1312]	19	59	-7	0	-1	-3	det1=true
[1313]	19	59	-10	0	-1	3	det1=true
[1314]	32	59	-8	-2	-1	-4	det1=true
[1315]	32	59	-12	-2	-1	4	det1=true
[1316]	32	59	-10	-2	-4	1	det1=true
[1317]	50	59	-16	-1	-3	-4	det1=true
[1318]	50	59	-20	-1	-3	4	det1=true
[1319]	57	59	-22	-9	-5	-1	det1=true
[1320]	57	59	-23	-9	-5	1	det1=true
[1321]	57	59	-20	-11	-1	-5	det1=true
[1322]	57	59	-25	-11	-1	5	det1=true
[1323]	59	59	-27	-3	-3	-4	det1=true
[1324]	59	59	-30	0	-1	5	det1=true
[1325]	9	60	-2	-2	-1	-2	det1=true
[1326]	9	60	-4	-2	-1	2	det1=true
[1327]	52	60	-6	-2	-2	-5	det1=true
[1328]	52	60	-11	-2	-2	5	det1=true
[1329]	53	60	-9	-2	-2	-5	det1=true
[1330]	59	60	-32	-3	-3	4	det1=true
[1331]	59	60	-18	-8	-2	-5	det1=true
[1332]	59	60	-23	-8	-2	5	det1=true
[1333]	32	57	-4	-2	-1	-4	det1=true
[1334]	32	57	-8	-2	-1	4	det1=true
[1335]	37	57	-5	-1	-2	4	det1=true
[1336]	46	57	0	2	-4	-3	det1=true
[1337]	46	57	-3	2	-4	3	det1=true
[1338]	49	57	-22	-10	-2	-4	det1=true
[1339]	49	57	-26	-10	-2	4	det1=true
[1340]	55	57	-17	-5	-1	-5	det1=true
[1341]	55	57	-22	-5	-1	5	det1=true
[1342]	57	57	-38	-4	-3	3	det1=true
[1343]	31	58	-14	-13	-3	-2	det1=true
[1344]	31	58	-16	-13	-3	2	det1=true
[1345]	36	58	-16	-10	-1	4	det1=true
[1346]	40	58	-18	-12	-4	-1	det1=true
[1347]	42	58	-12	-11	-2	-4	det1=true
[1348]	42	58	-16	-11	-2	4	det1=true
[1349]	45	58	-16	-13	-4	-2	det1=true
[1350]	54	58	-8	-1	-5	-2	det1=true
[1351]	57	58	-24	-4	-4	-3	det1=true
[1352]	57	58	-27	-4	-4	3	det1=true
[1353]	57	58	-22	-9	-3	-4	det1=true
[1354]	57	58	-26	-9	-3	4	det1=true
[1355]	19	59	-5	-5	-1	-3	det1=true
[1356]	19	59	-8	-5	-1	3	det1=true
[1357]	38	59	-10	-3	-4	-2	det1=true
[1358]	38	59	-12	-3	-4	2	det1=true
[1359]	43	59	-20	2	-4	-2	det1=true
[1360]	43	59	-22	2	-4	2	det1=true
[1361]	44	59	-21	-2	-4	-2	det1=true
[1362]	44	59	-23	-2	-4	2	det1=true
[1363]	47	59	-7	-7	-3	-4	det1=true
[1364]	47	59	-11	-7	-3	4	det1=true
[1365]	49	59	-13	-7	-1	5	det1=true
[1366]	51	59	-21	-1	-4	3	det1=true
[1367]	54	59	-25	-18	-2	-4	det1=true
[1368]	54	59	-29	-18	-2	4	det1=true
[1369]	14	60	0	1	-2	-2	det1=true
[1370]	31	60	-6	-4	-4	-1	det1=true
[1371]	31	60	-7	-4	-4	1	det1=true
[1372]	33	60	-13	-2	-4	-1	det1=true
[1373]	36	60	-7	2	-4	-2	det1=true
[1374]	36	60	-9	2	-4	2	det1=true
[1375]	37	60	-14	-13	-1	-4	det1=true
[1376]	37	60	-18	-13	-1	4	det1=true
[1377]	44	60	-18	-11	-2	-4	det1=true
[1378]	44	60	-22	-11	-2	4	det1=true
[1379]	47	60	-18	-17	-2	-4	det1=true
[1380]	47	60	-22	-17	-2	4	det1=true
[1381]	56	60	-13	-8	-2	-5	det1=true
[1382]	56	60	-18	-8	-2	5	det1=true
[1383]	33	57	-9	-1	-4	-1	det1=true
[1384]	33	57	-10	-1	-4	1	det1=true
[1385]	37	57	-1	-1	-2	-4	det1=true
[1386]	41	57	-19	-4	-3	-3	det1=true
[1387]	42	57	-15	-2	-2	-4	det1=true
[1388]	54	57	-3	-2	-2	-5	det1=true
[1389]	54	57	-8	-2	-2	5	det1=true
[1390]	57	57	-21	-13	-1	5	det1=true
[1391]	46	58	-4	-2	-3	-4	det1=true
[1392]	46	58	-8	-2	-3	4	det1=true
[1393]	52	58	-18	-2	-4	-3	det1=true
[1394]	52	58	-21	-2	-4	3	det1=true
[1395]	54	58	-10	-1	-5	2	det1=true
[1396]	55	58	-21	-6	-4	-3	det1=true
[1397]	55	58	-24	-6	-4	3	det1=true
[1398]	56	59	-13	-4	-2	-5	det1=true
[1399]	56	59	-18	-4	-2	5	det1=true
[1400]	59	59	-27	2	-5	-1	det1=true
[1401]	59	59	-28	2	-5	1	det1=true
[1402]	59	59	-24	-10	-5	-1	det1=true
[1403]	59	59	-25	-10	-5	1	det1=true
[1404]	59	59	-22	-12	-1	-5	det1=true
[1405]	35	60	-1	2	-4	-2	det1=true
[1406]	53	60	-14	-2	-2	5	det1=true
[1407]	34	57	-10	-3	-1	-4	det1=true
[1408]	34	57	-14	-3	-1	4	det1=true
[1409]	34	57	-8	-7	-1	-4	det1=true
[1410]	34	57	-12	-7	-1	4	det1=true
[1411]	41	57	-13	-3	-2	-4	det1=true
[1412]	41	57	-17	-3	-2	4	det1=true
[1413]	24	58	-3	-2	-2	-3	det1=true
[1414]	24	58	-6	-2	-2	3	det1=true
[1415]	33	58	-11	2	-4	-1	det1=true
[1416]	33	58	-12	2	-4	1	det1=true
[1417]	35	58	-15	-8	0	-4	det1=true
[1418]	41	58	-16	-16	-1	-4	det1=true
[1419]	41	58	-20	-16	-1	4	det1=true
[1420]	58	58	-12	-10	-5	-2	det1=true
[1421]	47	59	-6	0	-5	-1	det1=true
[1422]	47	59	-7	0	-5	1	det1=true
[1423]	55	59	-23	1	-3	-4	det1=true
[1424]	57	59	-17	2	-5	-2	det1=true
[1425]	57	59	-19	2	-5	2	det1=true
[1426]	47	60	-10	-6	-3	-4	det1=true
[1427]	47	60	-14	-6	-3	4	det1=true
[1428]	35	57	-11	-7	-4	-1	det1=true
[1429]	35	57	-12	-7	-4	1	det1=true
[1430]	49	57	-20	-14	-4	-2	det1=true
[1431]	49	57	-22	-14	-4	2	det1=true
[1432]	52	57	-16	-3	-3	-4	det1=true
[1433]	52	57	-20	-3	-3	4	det1=true
[1434]	55	57	-21	-1	-4	-3	det1=true
[1435]	51	58	-24	-22	-4	-1	det1=true
[1436]	51	58	-25	-22	-4	1	det1=true
[1437]	25	59	-9	-2	-3	-2	det1=true
[1438]	25	59	-11	-2	-3	2	det1=true
[1439]	53	59	-6	-3	-2	-5	det1=true
[1440]	53	59	-11	-3	-2	5	det1=true
[1441]	35	60	0	1	-2	-4	det1=true
[1442]	39	60	-10	-9	-2	-4	det1=true
[1443]	39	60	-14	-9	-2	4	det1=true
[1444]	50	60	-16	-6	-3	-4	det1=true
[1445]	51	57	-8	-8	-1	-5	det1=true
[1446]	51	57	-13	-8	-1	5	det1=true
[1447]	34	58	-8	-9	-1	-4	det1=true
[1448]	34	58	-12	-9	-1	4	det1=true
[1449]	26	59	-8	-8	-2	-3	det1=true
[1450]	26	59	-11	-8	-2	3	det1=true
[1451]	47	59	-4	-2	-1	-5	det1=true
[1452]	47	59	-9	-2	-1	5	det1=true
[1453]	25	60	-8	-6	-3	-2	det1=true
[1454]	25	60	-10	-6	-3	2	det1=true
[1455]	34	60	-14	-1	-1	-4	det1=true
[1456]	34	60	-18	-1	-1	4	det1=true
[1457]	44	60	-19	-10	-4	-2	det1=true
[1458]	44	60	-21	-10	-4	2	det1=true
[1459]	58	60	-14	-12	-2	-5	det1=true
[1460]	58	60	-19	-12	-2	5	det1=true
[1461]	26	57	-9	-2	-2	-3	det1=true
[1462]	26	57	-12	-2	-2	3	det1=true
[1463]	38	57	-15	-10	-4	-1	det1=true
[1464]	38	57	-16	-10	-4	1	det1=true
[1465]	47	58	-11	-2	-4	3	det1=true
[1466]	47	58	-6	-5	-3	-4	det1=true
[1467]	47	58	-10	-5	-3	4	det1=true
[1468]	51	59	-16	-1	-5	-1	det1=true
[1469]	51	59	-17	-1	-5	1	det1=true
[1470]	52	59	-2	-2	-2	-5	det1=true
[1471]	52	59	-7	-2	-2	5	det1=true
[1472]	53	59	-21	1	-4	-3	det1=true
[1473]	59	60	-17	-10	-2	-5	det1=true
[1474]	59	60	-22	-10	-2	5	det1=true
[1475]	50	57	-22	-13	-4	-2	det1=true
[1476]	50	57	-24	-13	-4	2	det1=true
[1477]	33	59	-12	-1	-4	-1	det1=true
[1478]	39	59	-12	-4	-4	-2	det1=true
[1479]	60	60	-16	-14	-5	-2	det1=true
[1480]	60	60	-18	-14	-5	2	det1=true
[1481]	55	57	-19	-3	-5	-1	det1=true
[1482]	55	57	-20	-3	-5	1	det1=true
[1483]	47	58	-8	-2	-4	-3	det1=true
[1484]	51	59	-14	-3	-1	-5	det1=true
[1485]	51	59	-19	-3	-1	5	det1=true
[1486]	53	57	-13	-7	-1	-5	det1=true
[1487]	53	57	-18	-7	-1	5	det1=true
[1488]	58	58	-27	-20	-4	-2	det1=true
[1489]	16	57	-7	-2	-2	-2	det1=true
[1490]	16	57	-9	-2	-2	2	det1=true
[1491]	57	57	-12	1	-2	-5	det1=true
[1492]	57	57	-17	1	-2	5	det1=true
[1493]	16	58	-7	-4	-2	-2	det1=true
[1494]	16	58	-9	-4	-2	2	det1=true
[1495]	34	57	-12	2	-4	-1	det1=true
[1496]	34	57	-13	2	-4	1	det1=true
[1497]	57	57	-8	-9	-2	-5	det1=true
[1498]	59	59	-16	-9	-2	-5	det1=true
[1499]	59	59	-21	-9	-2	5	det1=true
[1500]	10	57	-4	-4	-1	-2	det1=true
[1501]	59	59	-19	-4	-5	-2	det1=true
[1502]	63	63	-28	1	-2	-5	det1=true
[1503]	61	61	-27	-15	-4	-3	det1=true
[1504]	61	61	-30	-15	-4	3	det1=true
[1505]	36	62	-9	-4	-4	-2	det1=true
[1506]	36	62	-11	-4	-4	2	det1=true
[1507]	35	64	-11	2	-4	-2	det1=true
[1508]	35	64	-13	2	-4	2	det1=true
[1509]	55	64	-26	-10	-4	-3	det1=true
[1510]	19	61	-9	-3	-3	-1	det1=true
[1511]	19	61	-10	-3	-3	1	det1=true
[1512]	19	61	-8	-4	-1	-3	det1=true
[1513]	19	61	-11	-4	-1	3	det1=true
[1514]	35	61	-17	-11	-4	0	det1=true
[1515]	42	61	-20	-3	-4	-2	det1=true
[1516]	42	61	-22	-3	-4	2	det1=true
[1517]	44	61	-6	1	-3	-4	det1=true
[1518]	44	61	-10	1	-3	4	det1=true
[1519]	45	61	-4	2	-5	-1	det1=true
[1520]	45	61	-5	2	-5	1	det1=true
[1521]	46	61	-12	0	-4	-3	det1=true
[1522]	46	61	-15	0	-4	3	det1=true
[1523]	61	61	-27	-13	-5	-1	det1=true
[1524]	61	61	-28	-13	-5	1	det1=true
[1525]	46	62	-10	-8	-4	-3	det1=true
[1526]	46	62	-13	-8	-4	3	det1=true
[1527]	60	62	-22	-8	-2	-5	det1=true
[1528]	60	62	-27	-8	-2	5	det1=true
[1529]	61	63	-28	-15	-5	-1	det1=true
[1530]	61	63	-29	-15	-5	1	det1=true
[1531]	61	63	-26	-17	-1	-5	det1=true
[1532]	61	63	-31	-17	-1	5	det1=true
[1533]	33	64	-2	1	-2	-4	det1=true
[1534]	33	64	-6	1	-2	4	det1=true
[1535]	35	64	-10	1	-2	-4	det1=true
[1536]	35	64	-14	1	-2	4	det1=true
[1537]	46	64	-18	2	-5	0	det1=true
[1538]	48	64	-23	-18	-4	-2	det1=true
[1539]	48	64	-25	-18	-4	2	det1=true
[1540]	48	64	-22	-19	-2	-4	det1=true
[1541]	48	64	-26	-19	-2	4	det1=true
[1542]	62	64	-9	2	-6	-1	det1=true
[1543]	29	61	-13	-13	-2	-3	det1=true
[1544]	29	61	-16	-13	-2	3	det1=true
[1545]	51	61	-6	1	-2	-5	det1=true
[1546]	51	61	-11	1	-2	5	det1=true
[1547]	59	61	-3	-1	-3	-5	det1=true
[1548]	59	61	-8	-1	-3	5	det1=true
[1549]	61	61	-10	0	-3	-5	det1=true
[1550]	61	61	-15	0	-3	5	det1=true
[1551]	29	62	-3	0	-4	-1	det1=true
[1552]	29	62	-4	0	-4	1	det1=true
[1553]	47	62	-22	-15	-4	-2	det1=true
[1554]	47	62	-24	-15	-4	2	det1=true
[1555]	54	62	-25	-22	-4	-2	det1=true
[1556]	54	62	-27	-22	-4	2	det1=true
[1557]	32	63	-10	-9	-1	-4	det1=true
[1558]	32	63	-14	-9	-1	4	det1=true
[1559]	33	63	-13	-8	-1	-4	det1=true
[1560]	33	63	-17	-8	-1	4	det1=true
[1561]	61	63	-44	-7	-4	-1	det1=true
[1562]	62	63	-4	0	-6	-1	det1=true
[1563]	62	63	-5	0	-6	1	det1=true
[1564]	28	64	-2	0	-4	-1	det1=true
[1565]	53	64	-19	-8	-2	5	det1=true
[1566]	60	64	-22	-14	-5	-2	det1=true
[1567]	60	64	-24	-14	-5	2	det1=true
[1568]	64	64	-14	0	-6	-1	det1=true
[1569]	64	64	-15	0	-6	1	det1=true
[1570]	37	61	-17	-11	-4	-1	det1=true
[1571]	37	61	-18	-11	-4	1	det1=true
[1572]	49	61	-11	-9	-5	-1	det1=true
[1573]	49	61	-12	-9	-5	1	det1=true
[1574]	52	61	-10	-1	-5	-2	det1=true
[1575]	52	61	-12	-1	-5	2	det1=true
[1576]	55	61	-18	-14	-1	-5	det1=true
[1577]	55	61	-23	-14	-1	5	det1=true
[1578]	61	61	-33	-19	-2	-4	det1=true
[1579]	61	61	-11	1	-5	-3	det1=true
[1580]	61	61	-14	1	-5	3	det1=true
[1581]	29	62	-2	0	-1	-4	det1=true
[1582]	29	62	-6	0	-1	4	det1=true
[1583]	30	62	-6	-4	-4	-1	det1=true
[1584]	30	62	-7	-4	-4	1	det1=true
[1585]	50	62	-18	-8	-4	-3	det1=true
[1586]	50	62	-21	-8	-4	3	det1=true
[1587]	55	62	-20	-16	-3	-4	det1=true
[1588]	55	62	-24	-16	-3	4	det1=true
[1589]	46	63	-20	-17	-4	-2	det1=true
[1590]	46	63	-22	-17	-4	2	det1=true
[1591]	49	63	-16	-7	-5	-1	det1=true
[1592]	49	63	-17	-7	-5	1	det1=true
[1593]	51	63	-8	-7	-2	-5	det1=true
[1594]	51	63	-13	-7	-2	5	det1=true
[1595]	55	63	-25	-7	-5	-1	det1=true
[1596]	55	63	-26	-7	-5	1	det1=true
[1597]	57	63	-27	-8	-5	-1	det1=true
[1598]	57	63	-28	-8	-5	1	det1=true
[1599]	57	63	-21	1	-2	-5	det1=true
[1600]	57	63	-26	1	-2	5	det1=true
[1601]	59	63	-25	1	-5	-2	det1=true
[1602]	59	63	-27	1	-5	2	det1=true
[1603]	28	64	-3	0	-4	1	det1=true
[1604]	37	64	-15	-2	-4	-2	det1=true
[1605]	37	64	-17	-2	-4	2	det1=true
[1606]	43	64	-19	-14	-4	-2	det1=true
[1607]	43	64	-21	-14	-4	2	det1=true
[1608]	44	64	-12	1	-3	-4	det1=true
[1609]	44	64	-16	1	-3	4	det1=true
[1610]	58	64	-21	-10	-2	-5	det1=true
[1611]	58	64	-26	-10	-2	5	det1=true
[1612]	59	64	-26	-18	-4	-3	det1=true
[1613]	61	64	-2	-1	-1	-6	det1=true
[1614]	61	64	-8	-1	-1	6	det1=true
[1615]	63	64	-21	-20	-2	-5	det1=true
[1616]	24	61	-8	-3	-3	-2	det1=true
[1617]	30	61	-4	-3	-1	-4	det1=true
[1618]	30	61	-8	-3	-1	4	det1=true
[1619]	35	61	-17	-7	-4	1	det1=true
[1620]	36	61	-16	-9	-1	-4	det1=true
[1621]	36	61	-20	-9	-1	4	det1=true
[1622]	52	61	-28	-19	-2	4	det1=true
[1623]	52	61	-22	2	-4	-3	det1=true
[1624]	52	61	-25	2	-4	3	det1=true
[1625]	58	61	-9	-6	-4	-4	det1=true
[1626]	58	61	-13	-6	-4	4	det1=true
[1627]	61	61	-30	-15	-1	5	det1=true
[1628]	22	62	0	1	-3	-2	det1=true
[1629]	47	62	-25	-16	-2	4	det1=true
[1630]	51	62	-8	-4	-5	-2	det1=true
[1631]	51	62	-10	-4	-5	2	det1=true
[1632]	53	62	-17	-16	-4	-3	det1=true
[1633]	53	62	-20	-16	-4	3	det1=true
[1634]	17	63	-4	0	-3	-1	det1=true
[1635]	31	63	-9	-7	-4	-1	det1=true
[1636]	31	63	-10	-7	-4	1	det1=true
[1637]	33	63	-16	-3	-4	-1	det1=true
[1638]	33	63	-17	-3	-4	1	det1=true
[1639]	35	63	-8	-2	-2	-4	det1=true
[1640]	35	63	-12	-2	-2	4	det1=true
[1641]	43	63	-16	-16	-2	-4	det1=true
[1642]	43	63	-20	-16	-2	4	det1=true
[1643]	45	63	-8	0	-1	-5	det1=true
[1644]	45	63	-13	0	-1	5	det1=true
[1645]	45	63	-9	-2	-5	-1	det1=true
[1646]	45	63	-10	-2	-5	1	det1=true
[1647]	47	63	-22	-16	-2	-4	det1=true
[1648]	49	63	-17	-5	-5	-1	det1=true
[1649]	49	63	-18	-5	-5	1	det1=true
[1650]	49	63	-15	-7	-1	-5	det1=true
[1651]	49	63	-20	-7	-1	5	det1=true
[1652]	49	63	-14	-9	-1	-5	det1=true
[1653]	51	63	-11	-3	-5	-2	det1=true
[1654]	52	63	-10	-8	-2	-5	det1=true
[1655]	53	63	-10	-11	-2	-5	det1=true
[1656]	53	63	-15	-11	-2	5	det1=true
[1657]	37	64	-14	-3	-2	-4	det1=true
[1658]	37	64	-18	-3	-2	4	det1=true
[1659]	43	64	-18	-15	-2	-4	det1=true
[1660]	43	64	-22	-15	-2	4	det1=true
[1661]	52	64	-22	-10	-3	-4	det1=true
[1662]	52	64	-26	-10	-3	4	det1=true
[1663]	52	64	-16	2	-5	-2	det1=true
[1664]	52	64	-18	2	-5	2	det1=true
[1665]	54	64	-18	-5	-5	-2	det1=true
[1666]	54	64	-20	-5	-5	2	det1=true
[1667]	61	64	-24	-13	-5	-2	det1=true
[1668]	61	64	-26	-13	-5	2	det1=true
[1669]	9	61	-4	-1	-2	-1	det1=true
[1670]	9	61	-5	-1	-2	1	det1=true
[1671]	33	61	-13	-2	-1	-4	det1=true
[1672]	33	61	-17	-2	-1	4	det1=true
[1673]	36	61	-7	-4	-4	-2	det1=true
[1674]	36	61	-9	-4	-4	2	det1=true
[1675]	45	61	-7	0	-1	5	det1=true
[1676]	46	61	-10	-5	-3	-4	det1=true
[1677]	46	61	-14	-5	-3	4	det1=true
[1678]	51	61	-17	-2	-1	-5	det1=true
[1679]	51	61	-22	-2	-1	5	det1=true
[1680]	53	61	-22	1	-5	-1	det1=true
[1681]	53	61	-23	1	-5	1	det1=true
[1682]	55	61	-24	-3	-5	-1	det1=true
[1683]	55	61	-25	-3	-5	1	det1=true
[1684]	55	61	-22	-5	-1	-5	det1=true
[1685]	58	61	-22	-17	-3	-4	det1=true
[1686]	58	61	-26	-17	-3	4	det1=true
[1687]	36	62	-17	-10	-4	-1	det1=true
[1688]	36	62	-18	-10	-4	1	det1=true
[1689]	38	62	-15	0	-4	-2	det1=true
[1690]	38	62	-17	0	-4	2	det1=true
[1691]	44	62	-7	-4	-4	-3	det1=true
[1692]	53	62	-20	-12	-3	-4	det1=true
[1693]	53	62	-24	-12	-3	4	det1=true
[1694]	54	62	-16	-2	-5	-2	det1=true
[1695]	54	62	-18	-2	-5	2	det1=true
[1696]	59	62	-22	-20	-3	-4	det1=true
[1697]	59	62	-26	-20	-3	4	det1=true
[1698]	60	62	-24	-5	-5	-2	det1=true
[1699]	60	62	-26	-5	-5	2	det1=true
[1700]	60	62	-20	-13	-5	-2	det1=true
[1701]	17	63	-5	0	-3	1	det1=true
[1702]	17	63	-3	-1	-1	-3	det1=true
[1703]	17	63	-6	-1	-1	3	det1=true
[1704]	30	63	-8	-4	-4	-1	det1=true
[1705]	30	63	-9	-4	-4	1	det1=true
[1706]	31	63	-15	-1	-1	4	det1=true
[1707]	38	63	-16	-1	-4	-2	det1=true
[1708]	38	63	-18	-1	-4	2	det1=true
[1709]	49	63	-18	-2	-5	-1	det1=true
[1710]	49	63	-19	-2	-5	1	det1=true
[1711]	49	63	-16	-4	-1	-5	det1=true
[1712]	49	63	-21	-4	-1	5	det1=true
[1713]	52	63	-14	-1	-5	-2	det1=true
[1714]	52	63	-16	-1	-5	2	det1=true
[1715]	54	63	-18	1	-5	-2	det1=true
[1716]	54	63	-20	1	-5	2	det1=true
[1717]	55	63	-23	-9	-1	-5	det1=true
[1718]	55	63	-28	-9	-1	5	det1=true
[1719]	59	63	-25	-16	-5	-1	det1=true
[1720]	59	63	-26	-16	-5	1	det1=true
[1721]	62	63	-25	-18	-2	5	det1=true
[1722]	34	64	-7	-2	-4	-2	det1=true
[1723]	36	64	-10	-7	-2	-4	det1=true
[1724]	36	64	-14	-7	-2	4	det1=true
[1725]	44	64	-10	-6	-4	-3	det1=true
[1726]	46	64	-16	1	-3	-4	det1=true
[1727]	46	64	-20	1	-3	4	det1=true
[1728]	47	64	-18	-10	-3	4	det1=true
[1729]	51	64	-14	2	-5	-2	det1=true
[1730]	51	64	-16	2	-5	2	det1=true
[1731]	51	64	-12	-5	-5	-2	det1=true
[1732]	51	64	-14	-5	-5	2	det1=true
[1733]	53	64	-14	-8	-2	-5	det1=true
[1734]	59	64	-29	-18	-4	3	det1=true
[1735]	63	64	-26	-20	-2	5	det1=true
[1736]	33	61	-9	-10	-1	-4	det1=true
[1737]	33	61	-13	-10	-1	4	det1=true
[1738]	36	61	-8	1	-2	-4	det1=true
[1739]	36	61	-12	1	-2	4	det1=true
[1740]	48	61	-15	-4	-4	-3	det1=true
[1741]	48	61	-18	-4	-4	3	det1=true
[1742]	53	61	-20	-1	-1	-5	det1=true
[1743]	53	61	-25	-1	-1	5	det1=true
[1744]	55	61	-23	-9	-3	-4	det1=true
[1745]	55	61	-27	-9	-3	4	det1=true
[1746]	55	61	-27	-5	-1	5	det1=true
[1747]	55	61	-20	-12	-5	-1	det1=true
[1748]	56	61	-26	-2	-3	-4	det1=true
[1749]	56	61	-30	-2	-3	4	det1=true
[1750]	61	61	-25	-15	-1	-5	det1=true
[1751]	35	62	-14	-11	-1	-4	det1=true
[1752]	35	62	-18	-11	-1	4	det1=true
[1753]	35	62	-6	-3	-4	-2	det1=true
[1754]	35	62	-8	-3	-4	2	det1=true
[1755]	36	62	-8	-5	-2	-4	det1=true
[1756]	36	62	-12	-5	-2	4	det1=true
[1757]	38	62	-12	-7	-2	-4	det1=true
[1758]	38	62	-16	-7	-2	4	det1=true
[1759]	53	62	-24	-2	-4	-3	det1=true
[1760]	53	62	-27	-2	-4	3	det1=true
[1761]	53	62	-22	-8	-3	-4	det1=true
[1762]	53	62	-26	-8	-3	4	det1=true
[1763]	56	62	-18	-6	-5	-2	det1=true
[1764]	56	62	-20	-6	-5	2	det1=true
[1765]	29	63	-3	-4	-1	-4	det1=true
[1766]	29	63	-7	-4	-1	4	det1=true
[1767]	31	63	-11	-1	-1	-4	det1=true
[1768]	43	63	-17	-15	-4	-2	det1=true
[1769]	43	63	-19	-15	-4	2	det1=true
[1770]	50	63	-8	0	-2	-5	det1=true
[1771]	50	63	-13	0	-2	5	det1=true
[1772]	51	63	-15	-13	-1	-5	det1=true
[1773]	51	63	-20	-13	-1	5	det1=true
[1774]	51	63	-13	-3	-5	2	det1=true
[1775]	60	63	-17	-18	-2	-5	det1=true
[1776]	60	63	-22	-18	-2	5	det1=true
[1777]	62	63	-20	-18	-2	-5	det1=true
[1778]	34	64	-9	-2	-4	2	det1=true
[1779]	36	64	-11	-6	-4	-2	det1=true
[1780]	36	64	-13	-6	-4	2	det1=true
[1781]	43	64	-10	2	-4	-3	det1=true
[1782]	44	64	-13	-6	-4	3	det1=true
[1783]	47	64	-14	-10	-3	-4	det1=true
[1784]	24	61	-10	-3	-3	2	det1=true
[1785]	36	61	-9	2	-4	-2	det1=true
[1786]	36	61	-11	2	-4	2	det1=true
[1787]	36	61	-6	-5	-2	-4	det1=true
[1788]	36	61	-10	-5	-2	4	det1=true
[1789]	45	61	-2	0	-1	-5	det1=true
[1790]	48	61	-23	-14	-4	-2	det1=true
[1791]	48	61	-25	-14	-4	2	det1=true
[1792]	52	61	-25	-18	-4	-2	det1=true
[1793]	52	61	-27	-18	-4	2	det1=true
[1794]	52	61	-9	0	-2	-5	det1=true
[1795]	52	61	-14	0	-2	5	det1=true
[1796]	54	61	-14	-3	-5	-2	det1=true
[1797]	54	61	-16	-3	-5	2	det1=true
[1798]	56	61	-23	-12	-4	-3	det1=true
[1799]	56	61	-26	-12	-4	3	det1=true
[1800]	61	61	-25	0	-5	-2	det1=true
[1801]	61	61	-27	0	-5	2	det1=true
[1802]	44	62	-10	-4	-4	3	det1=true
[1803]	60	62	-22	-13	-5	2	det1=true
[1804]	49	63	-23	-23	-3	-3	det1=true
[1805]	49	63	-19	-9	-1	5	det1=true
[1806]	53	63	-16	-16	-1	-5	det1=true
[1807]	53	63	-21	-16	-1	5	det1=true
[1808]	59	63	-23	-18	-1	-5	det1=true
[1809]	59	63	-28	-18	-1	5	det1=true
[1810]	61	63	-27	-2	-5	-2	det1=true
[1811]	61	63	-29	-2	-5	2	det1=true
[1812]	22	64	-4	-3	-3	-2	det1=true
[1813]	22	64	-6	-3	-3	2	det1=true
[1814]	25	64	-11	-8	-2	-3	det1=true
[1815]	25	64	-14	-8	-2	3	det1=true
[1816]	34	64	-6	-3	-2	-4	det1=true
[1817]	34	64	-10	-3	-2	4	det1=true
[1818]	40	64	-18	-7	-2	-4	det1=true
[1819]	40	64	-22	-7	-2	4	det1=true
[1820]	60	64	-26	-6	-5	-2	det1=true
[1821]	60	64	-28	-6	-5	2	det1=true
[1822]	42	61	-19	-4	-2	-4	det1=true
[1823]	42	61	-23	-4	-2	4	det1=true
[1824]	43	61	0	1	-4	-3	det1=true
[1825]	43	61	-3	1	-4	3	det1=true
[1826]	50	61	-2	1	-5	-2	det1=true
[1827]	50	61	-4	1	-5	2	det1=true
[1828]	51	61	-5	-3	-2	-5	det1=true
[1829]	51	61	-10	-3	-2	5	det1=true
[1830]	55	61	-21	-12	-5	1	det1=true
[1831]	61	61	-28	-26	-4	-2	det1=true
[1832]	22	62	-2	1	-3	2	det1=true
[1833]	32	62	-12	-2	-1	-4	det1=true
[1834]	34	62	-13	-10	-4	-1	det1=true
[1835]	34	62	-14	-10	-4	1	det1=true
[1836]	50	62	-6	-1	-5	-2	det1=true
[1837]	50	62	-8	-1	-5	2	det1=true
[1838]	51	62	-24	-19	-4	-2	det1=true
[1839]	51	62	-26	-19	-4	2	det1=true
[1840]	52	62	-23	0	-4	-3	det1=true
[1841]	52	62	-26	0	-4	3	det1=true
[1842]	49	63	-5	-1	-5	-2	det1=true
[1843]	49	63	-7	-1	-5	2	det1=true
[1844]	52	63	-15	-8	-2	5	det1=true
[1845]	52	64	-13	-6	-2	-5	det1=true
[1846]	52	64	-18	-6	-2	5	det1=true
[1847]	51	61	-19	0	-5	-1	det1=true
[1848]	51	61	-20	0	-5	1	det1=true
[1849]	39	62	-19	-14	-4	-1	det1=true
[1850]	39	62	-20	-14	-4	1	det1=true
[1851]	50	63	-8	-3	-5	-2	det1=true
[1852]	63	63	-7	-3	-6	-1	det1=true
[1853]	63	63	-8	-3	-6	1	det1=true
[1854]	39	64	-14	-11	-2	-4	det1=true
[1855]	39	64	-18	-11	-2	4	det1=true
[1856]	57	64	-22	-2	-2	-5	det1=true
[1857]	57	64	-27	-2	-2	5	det1=true
[1858]	33	61	-13	-5	-4	-1	det1=true
[1859]	33	61	-14	-5	-4	1	det1=true
[1860]	41	61	-16	-8	-2	-4	det1=true
[1861]	41	61	-20	-8	-2	4	det1=true
[1862]	50	61	-18	-4	-3	-4	det1=true
[1863]	50	61	-22	-4	-3	4	det1=true
[1864]	59	62	-22	-7	-5	-2	det1=true
[1865]	59	62	-24	-7	-5	2	det1=true
[1866]	62	62	-25	-6	-2	-5	det1=true
[1867]	50	63	-10	-3	-5	2	det1=true
[1868]	57	63	-25	-10	-1	-5	det1=true
[1869]	57	63	-30	-10	-1	5	det1=true
[1870]	52	61	-21	0	0	-5	det1=true
[1871]	57	61	-15	-11	-5	-2	det1=true
[1872]	57	61	-17	-11	-5	2	det1=true
[1873]	43	62	-5	0	-4	-3	det1=true
[1874]	43	62	-8	0	-4	3	det1=true
[1875]	49	64	-6	-4	-2	-5	det1=true
[1876]	49	64	-11	-4	-2	5	det1=true
[1877]	51	62	-21	-4	-4	-3	det1=true
[1878]	51	62	-24	-4	-4	3	det1=true
[1879]	62	62	-30	-6	-2	5	det1=true
[1880]	53	63	-18	-14	-5	-1	det1=true
[1881]	53	63	-19	-14	-5	1	det1=true
[1882]	58	61	-16	-12	-5	-2	det1=true
[1883]	58	61	-18	-12	-5	2	det1=true
[1884]	50	62	-16	-11	-3	-4	det1=true
[1885]	40	63	-16	-9	-2	-4	det1=true
[1886]	26	64	-12	-10	-3	-2	det1=true
[1887]	26	64	-14	-10	-3	2	det1=true
[1888]	40	64	-19	-6	-4	-2	det1=true
[1889]	40	64	-21	-6	-4	2	det1=true
[1890]	66	66	-19	-10	0	-6	det1=true
[1891]	42	65	-9	2	-4	-3	det1=true
[1892]	65	66	-22	-17	-4	-4	det1=true
[1893]	65	66	-26	-17	-4	4	det1=true
[1894]	51	67	-6	2	-4	-4	det1=true
[1895]	51	67	-10	2	-4	4	det1=true
[1896]	22	68	-10	-2	-3	-2	det1=true
[1897]	39	65	-17	-16	-3	-3	det1=true
[1898]	39	65	-20	-16	-3	3	det1=true
[1899]	47	65	-15	-7	-5	-1	det1=true
[1900]	47	65	-16	-7	-5	1	det1=true
[1901]	53	65	-16	-7	-2	-5	det1=true
[1902]	53	65	-21	-7	-2	5	det1=true
[1903]	33	66	-8	1	-4	-2	det1=true
[1904]	66	66	-5	0	-4	-5	det1=true
[1905]	66	66	-10	0	-4	5	det1=true
[1906]	46	67	-20	2	-4	-3	det1=true
[1907]	46	67	-23	2	-4	3	det1=true
[1908]	58	67	-20	-5	-4	-4	det1=true
[1909]	65	67	-25	-7	-5	-3	det1=true
[1910]	65	67	-28	-7	-5	3	det1=true
[1911]	13	68	-5	-2	-2	-2	det1=true
[1912]	13	68	-7	-2	-2	2	det1=true
[1913]	33	68	-11	0	-4	-2	det1=true
[1914]	33	68	-13	0	-4	2	det1=true
[1915]	64	68	-5	2	-4	-5	det1=true
[1916]	64	68	-10	2	-4	5	det1=true
[1917]	65	68	-16	-13	-1	-6	det1=true
[1918]	65	68	-22	-13	-1	6	det1=true
[1919]	23	65	-10	1	-2	-3	det1=true
[1920]	23	65	-13	1	-2	3	det1=true
[1921]	36	65	-10	-9	-2	-4	det1=true
[1922]	36	65	-14	-9	-2	4	det1=true
[1923]	51	65	-14	-1	-2	-5	det1=true
[1924]	51	65	-19	-1	-2	5	det1=true
[1925]	59	65	-15	2	-5	-3	det1=true
[1926]	59	65	-18	2	-5	3	det1=true
[1927]	59	65	-11	-8	-3	-5	det1=true
[1928]	59	65	-16	-8	-3	5	det1=true
[1929]	62	65	-22	-19	-5	-2	det1=true
[1930]	62	65	-24	-19	-5	2	det1=true
[1931]	63	65	-25	-17	-5	-2	det1=true
[1932]	63	65	-27	-17	-5	2	det1=true
[1933]	32	66	-2	1	-2	-4	det1=true
[1934]	32	66	-6	1	-2	4	det1=true
[1935]	34	66	-11	0	-4	-2	det1=true
[1936]	34	66	-13	0	-4	2	det1=true
[1937]	44	66	-21	-16	-4	-2	det1=true
[1938]	44	66	-23	-16	-4	2	det1=true
[1939]	44	66	-20	-17	-2	-4	det1=true
[1940]	44	66	-24	-17	-2	4	det1=true
[1941]	44	67	-12	-10	-3	-4	det1=true
[1942]	44	67	-16	-10	-3	4	det1=true
[1943]	47	67	-21	1	-3	-4	det1=true
[1944]	48	67	-16	-15	-3	-4	det1=true
[1945]	48	67	-20	-15	-3	4	det1=true
[1946]	49	67	-26	-2	-1	5	det1=true
[1947]	57	67	-19	-17	-5	-2	det1=true
[1948]	57	67	-21	-17	-5	2	det1=true
[1949]	65	67	-21	-1	-6	-1	det1=true
[1950]	65	67	-22	-1	-6	1	det1=true
[1951]	65	67	-9	-5	-6	-2	det1=true
[1952]	66	67	-28	-11	-4	-4	det1=true
[1953]	66	67	-32	-11	-4	4	det1=true
[1954]	29	68	-8	-9	-1	-4	det1=true
[1955]	29	68	-12	-9	-1	4	det1=true
[1956]	50	68	-13	-10	-2	-5	det1=true
[1957]	50	68	-18	-10	-2	5	det1=true
[1958]	54	65	-20	-3	-5	-2	det1=true
[1959]	54	65	-22	-3	-5	2	det1=true
[1960]	56	65	-22	0	-2	-5	det1=true
[1961]	56	65	-27	0	-2	5	det1=true
[1962]	57	65	-21	-11	-5	-2	det1=true
[1963]	57	65	-23	-11	-5	2	det1=true
[1964]	59	65	-27	-15	-1	-5	det1=true
[1965]	59	65	-32	-15	-1	5	det1=true
[1966]	59	65	-14	1	-3	-5	det1=true
[1967]	59	65	-19	1	-3	5	det1=true
[1968]	59	65	-12	-7	-5	-3	det1=true
[1969]	37	66	-13	-10	-2	-4	det1=true
[1970]	37	66	-17	-10	-2	4	det1=true
[1971]	40	66	-3	2	-4	-3	det1=true
[1972]	40	66	-6	2	-4	3	det1=true
[1973]	52	66	-14	-10	-2	-5	det1=true
[1974]	52	66	-19	-10	-2	5	det1=true
[1975]	61	66	-28	-21	-3	-4	det1=true
[1976]	61	66	-32	-21	-3	4	det1=true
[1977]	65	66	-47	-12	-2	4	det1=true
[1978]	22	67	-9	0	-2	-3	det1=true
[1979]	22	67	-12	0	-2	3	det1=true
[1980]	43	67	-10	0	-1	-5	det1=true
[1981]	43	67	-15	0	-1	5	det1=true
[1982]	49	67	-23	0	-5	-1	det1=true
[1983]	49	67	-24	0	-5	1	det1=true
[1984]	49	67	-13	-1	-2	-5	det1=true
[1985]	49	67	-18	-1	-2	5	det1=true
[1986]	51	67	-13	-11	-5	-2	det1=true
[1987]	51	67	-15	-11	-5	2	det1=true
[1988]	53	67	-23	-16	-3	-4	det1=true
[1989]	53	67	-27	-16	-3	4	det1=true
[1990]	60	67	-25	-14	-2	-5	det1=true
[1991]	60	67	-30	-14	-2	5	det1=true
[1992]	61	67	-16	-12	-3	-5	det1=true
[1993]	61	67	-21	-12	-3	5	det1=true
[1994]	64	67	-30	-24	-4	-3	det1=true
[1995]	65	67	-29	-17	-2	-5	det1=true
[1996]	65	67	-34	-17	-2	5	det1=true
[1997]	65	67	-21	-14	-3	-5	det1=true
[1998]	65	67	-26	-14	-3	5	det1=true
[1999]	65	67	-11	-5	-6	2	det1=true
[2000]	41	68	-10	-4	-4	-3	det1=true
[2001]	41	68	-13	-4	-4	3	det1=true
[2002]	43	68	-14	-6	-4	-3	det1=true
[2003]	43	68	-17	-6	-4	3	det1=true
[2004]	48	68	-14	2	-5	-2	det1=true
[2005]	52	68	-24	-14	-3	-4	det1=true
[2006]	52	68	-28	-14	-3	4	det1=true
[2007]	52	68	-14	-14	-2	-5	det1=true
[2008]	54	68	-21	-8	-2	-5	det1=true
[2009]	54	68	-26	-8	-2	5	det1=true
[2010]	54	68	-18	-14	-5	-2	det1=true
[2011]	54	68	-20	-14	-5	2	det1=true
[2012]	59	68	-28	-9	-5	-2	det1=true
[2013]	59	68	-30	-9	-5	2	det1=true
[2014]	65	68	-25	-24	-2	-5	det1=true
[2015]	65	68	-30	-24	-2	5	det1=true
[2016]	67	68	-18	1	-6	-2	det1=true
[2017]	41	65	-18	-12	-2	-4	det1=true
[2018]	45	65	-8	-9	-1	-5	det1=true
[2019]	45	65	-13	-9	-1	5	det1=true
[2020]	47	65	-3	2	-5	-2	det1=true
[2021]	47	65	-5	2	-5	2	det1=true
[2022]	47	65	-1	-1	-2	-5	det1=true
[2023]	47	65	-6	-1	-2	5	det1=true
[2024]	50	65	-12	-4	-5	-2	det1=true
[2025]	50	65	-14	-4	-5	2	det1=true
[2026]	53	65	-19	0	-5	-2	det1=true
[2027]	53	65	-21	0	-5	2	det1=true
[2028]	53	65	-12	-13	-2	-5	det1=true
[2029]	53	65	-17	-13	-2	5	det1=true
[2030]	56	65	-18	-13	-5	-2	det1=true
[2031]	58	65	-20	-14	-2	-5	det1=true
[2032]	58	65	-25	-14	-2	5	det1=true
[2033]	59	65	-22	-13	-2	-5	det1=true
[2034]	59	65	-27	-13	-2	5	det1=true
[2035]	60	65	-28	-18	-3	-4	det1=true
[2036]	60	65	-32	-18	-3	4	det1=true
[2037]	60	65	-28	-2	-5	-2	det1=true
[2038]	60	65	-30	-2	-5	2	det1=true
[2039]	60	65	-26	-6	-2	-5	det1=true
[2040]	60	65	-31	-6	-2	5	det1=true
[2041]	60	65	-28	-9	-5	2	det1=true
[2042]	60	65	-20	-18	-5	-2	det1=true
[2043]	60	65	-22	-18	-5	2	det1=true
[2044]	62	65	-30	-3	-5	-2	det1=true
[2045]	62	65	-32	-3	-5	2	det1=true
[2046]	62	65	-24	-16	-2	-5	det1=true
[2047]	62	65	-29	-16	-2	5	det1=true
[2048]	63	65	-31	-10	-5	2	det1=true
[2049]	64	65	-26	-26	-3	-4	det1=true
[2050]	64	65	-30	-26	-3	4	det1=true
[2051]	27	66	-1	2	-4	1	det1=true
[2052]	33	66	-10	1	-4	2	det1=true
[2053]	37	66	-16	-9	-4	2	det1=true
[2054]	46	66	-15	-10	-4	-3	det1=true
[2055]	46	66	-18	-10	-4	3	det1=true
[2056]	60	66	-6	-1	-1	-6	det1=true
[2057]	60	66	-12	-1	-1	6	det1=true
[2058]	8	67	-2	-1	-1	-2	det1=true
[2059]	8	67	-4	-1	-1	2	det1=true
[2060]	22	67	-8	-4	-3	-2	det1=true
[2061]	40	67	-6	0	-4	-3	det1=true
[2062]	40	67	-9	0	-4	3	det1=true
[2063]	41	67	-4	1	-5	-1	det1=true
[2064]	51	67	-23	-6	-1	-5	det1=true
[2065]	51	67	-28	-6	-1	5	det1=true
[2066]	55	67	-8	-2	-3	-5	det1=true
[2067]	56	67	-20	-14	-5	-2	det1=true
[2068]	56	67	-22	-14	-5	2	det1=true
[2069]	63	67	-15	-4	-1	-6	det1=true
[2070]	64	67	-6	-3	-2	-6	det1=true
[2071]	67	67	-16	0	-6	-2	det1=true
[2072]	67	67	-18	0	-6	2	det1=true
[2073]	32	68	-7	-2	-4	-2	det1=true
[2074]	48	68	-16	2	-5	2	det1=true
[2075]	62	68	-24	-21	-5	-2	det1=true
[2076]	62	68	-26	-21	-5	2	det1=true
[2077]	62	68	-3	0	-6	-2	det1=true
[2078]	62	68	-5	0	-6	2	det1=true
[2079]	63	68	-32	-10	-5	-2	det1=true
[2080]	63	68	-12	-13	-1	-6	det1=true
[2081]	63	68	-18	-13	-1	6	det1=true
[2082]	65	68	-30	-18	-5	-2	det1=true
[2083]	65	68	-32	-18	-5	2	det1=true
[2084]	68	68	-16	-9	-6	-2	det1=true
[2085]	68	68	-18	-9	-6	2	det1=true
[2086]	17	65	-7	1	-3	-1	det1=true
[2087]	17	65	-8	1	-3	1	det1=true
[2088]	17	65	-6	0	-1	-3	det1=true
[2089]	17	65	-9	0	-1	3	det1=true
[2090]	36	65	-11	-8	-4	-2	det1=true
[2091]	36	65	-13	-8	-4	2	det1=true
[2092]	46	65	-16	-6	-4	-3	det1=true
[2093]	46	65	-19	-6	-4	3	det1=true
[2094]	50	65	-12	0	-2	-5	det1=true
[2095]	50	65	-17	0	-2	5	det1=true
[2096]	54	65	-16	-11	-5	-2	det1=true
[2097]	54	65	-18	-11	-5	2	det1=true
[2098]	55	65	-5	2	-5	3	det1=true
[2099]	56	65	-22	-6	-5	-2	det1=true
[2100]	56	65	-24	-6	-5	2	det1=true
[2101]	56	65	-20	-13	-5	2	det1=true
[2102]	57	65	-23	-3	-2	-5	det1=true
[2103]	57	65	-28	-3	-2	5	det1=true
[2104]	57	65	-23	-7	-5	-2	det1=true
[2105]	59	65	-29	-13	-5	-1	det1=true
[2106]	59	65	-30	-13	-5	1	det1=true
[2107]	59	65	-15	-7	-5	3	det1=true
[2108]	62	65	-27	-10	-2	-5	det1=true
[2109]	62	65	-32	-10	-2	5	det1=true
[2110]	62	65	-6	-8	-1	-6	det1=true
[2111]	62	65	-12	-8	-1	6	det1=true
[2112]	63	65	-27	-14	-5	-2	det1=true
[2113]	63	65	-29	-14	-5	2	det1=true
[2114]	63	65	-14	-3	-6	1	det1=true
[2115]	8	66	-1	0	-2	-1	det1=true
[2116]	8	66	-2	0	-2	1	det1=true
[2117]	14	66	-6	-5	-2	-2	det1=true
[2118]	14	66	-8	-5	-2	2	det1=true
[2119]	27	66	0	2	-4	-1	det1=true
[2120]	28	66	-10	-1	-1	4	det1=true
[2121]	29	66	-11	2	-4	-1	det1=true
[2122]	29	66	-12	2	-4	1	det1=true
[2123]	63	66	-18	-7	-1	6	det1=true
[2124]	41	67	-9	-1	-3	-4	det1=true
[2125]	41	67	-13	-1	-3	4	det1=true
[2126]	41	67	-5	1	-5	1	det1=true
[2127]	41	67	-2	-1	-1	-5	det1=true
[2128]	41	67	-7	-1	-1	5	det1=true
[2129]	44	67	-14	-7	-3	-4	det1=true
[2130]	44	67	-18	-7	-3	4	det1=true
[2131]	46	67	-4	0	-2	-5	det1=true
[2132]	46	67	-9	0	-2	5	det1=true
[2133]	49	67	-21	-2	-1	-5	det1=true
[2134]	51	67	-20	-14	-5	-1	det1=true
[2135]	51	67	-16	-5	-2	-5	det1=true
[2136]	51	67	-21	-5	-2	5	det1=true
[2137]	52	67	-20	-18	-3	-4	det1=true
[2138]	52	67	-24	-18	-3	4	det1=true
[2139]	66	67	-8	-2	-4	-5	det1=true
[2140]	66	67	-13	-2	-4	5	det1=true
[2141]	66	67	-7	-4	-4	-5	det1=true
[2142]	21	68	-6	-2	-2	-3	det1=true
[2143]	21	68	-9	-2	-2	3	det1=true
[2144]	31	68	-13	-10	-4	-1	det1=true
[2145]	31	68	-14	-10	-4	1	det1=true
[2146]	32	68	-9	-2	-4	2	det1=true
[2147]	32	68	-6	-3	-2	-4	det1=true
[2148]	32	68	-10	-3	-2	4	det1=true
[2149]	45	68	-2	0	-2	-5	det1=true
[2150]	45	68	-7	0	-2	5	det1=true
[2151]	47	68	-9	-4	-2	-5	det1=true
[2152]	47	68	-14	-4	-2	5	det1=true
[2153]	50	68	-18	2	-5	-2	det1=true
[2154]	50	68	-20	2	-5	2	det1=true
[2155]	51	68	-18	-2	-2	-5	det1=true
[2156]	51	68	-23	-2	-2	5	det1=true
[2157]	52	68	-20	-5	-5	-2	det1=true
[2158]	52	68	-22	-5	-5	2	det1=true
[2159]	56	68	-22	-12	-2	-5	det1=true
[2160]	56	68	-27	-12	-2	5	det1=true
[2161]	62	68	-27	-26	-4	-3	det1=true
[2162]	62	68	-30	-26	-4	3	det1=true
[2163]	65	68	-21	-6	-6	-1	det1=true
[2164]	65	68	-22	-6	-6	1	det1=true
[2165]	68	68	-18	-17	-1	-6	det1=true
[2166]	68	68	-24	-17	-1	6	det1=true
[2167]	68	68	-14	-6	-5	-4	det1=true
[2168]	68	68	-18	-6	-5	4	det1=true
[2169]	68	68	-12	-9	-5	-4	det1=true
[2170]	68	68	-16	-9	-5	4	det1=true
[2171]	33	65	-6	2	-4	-2	det1=true
[2172]	48	65	-8	2	-5	-2	det1=true
[2173]	48	65	-10	2	-5	2	det1=true
[2174]	49	65	-11	1	-5	-2	det1=true
[2175]	49	65	-13	1	-5	2	det1=true
[2176]	51	65	-17	-2	-5	2	det1=true
[2177]	53	65	-15	-9	-2	-5	det1=true
[2178]	53	65	-20	-9	-2	5	det1=true
[2179]	56	65	-21	-6	-2	-5	det1=true
[2180]	56	65	-26	-6	-2	5	det1=true
[2181]	57	65	-25	-7	-5	2	det1=true
[2182]	58	65	-23	-8	-2	-5	det1=true
[2183]	58	65	-28	-8	-2	5	det1=true
[2184]	63	65	-13	-3	-6	-1	det1=true
[2185]	65	65	-21	-9	-3	-5	det1=true
[2186]	65	65	-26	-9	-3	5	det1=true
[2187]	65	65	-2	-2	-2	-6	det1=true
[2188]	65	65	-8	-2	-2	6	det1=true
[2189]	30	66	-13	-2	-4	-1	det1=true
[2190]	30	66	-14	-2	-4	1	det1=true
[2191]	46	66	-18	-4	-4	-3	det1=true
[2192]	46	66	-21	-4	-4	3	det1=true
[2193]	63	66	-12	-7	-1	-6	det1=true
[2194]	22	67	-10	-4	-3	2	det1=true
[2195]	27	67	-3	-1	-1	-4	det1=true
[2196]	27	67	-7	-1	-1	4	det1=true
[2197]	36	67	-16	-17	-1	-4	det1=true
[2198]	36	67	-20	-17	-1	4	det1=true
[2199]	51	67	-21	-14	-5	1	det1=true
[2200]	55	67	-13	-2	-3	5	det1=true
[2201]	62	67	-12	-8	-6	-1	det1=true
[2202]	62	67	-13	-8	-6	1	det1=true
[2203]	63	67	-21	-4	-1	6	det1=true
[2204]	64	67	-8	-1	-6	-2	det1=true
[2205]	64	67	-10	-1	-6	2	det1=true
[2206]	67	67	-21	-18	-5	-3	det1=true
[2207]	67	67	-24	-18	-5	3	det1=true
[2208]	40	68	-8	1	-3	-4	det1=true
[2209]	40	68	-12	1	-3	4	det1=true
[2210]	44	68	-15	-8	-4	-3	det1=true
[2211]	44	68	-18	-8	-4	3	det1=true
[2212]	47	68	-15	0	-2	5	det1=true
[2213]	48	68	-12	-5	-5	-2	det1=true
[2214]	48	68	-14	-5	-5	2	det1=true
[2215]	50	68	-16	-6	-5	-2	det1=true
[2216]	50	68	-18	-6	-5	2	det1=true
[2217]	52	68	-19	-14	-2	5	det1=true
[2218]	64	68	-4	-2	-5	-4	det1=true
[2219]	64	68	-8	-2	-5	4	det1=true
[2220]	67	68	-20	1	-6	2	det1=true
[2221]	67	68	-16	-1	-2	-6	det1=true
[2222]	68	68	-30	-22	-2	-5	det1=true
[2223]	68	68	-35	-22	-2	5	det1=true
[2224]	68	68	-14	-11	-2	-6	det1=true
[2225]	22	65	-8	-4	-2	3	det1=true
[2226]	28	65	-4	-1	-1	-4	det1=true
[2227]	28	65	-8	-1	-1	4	det1=true
[2228]	44	65	-14	2	-4	-3	det1=true
[2229]	44	65	-17	2	-4	3	det1=true
[2230]	45	65	-10	-7	-5	-1	det1=true
[2231]	45	65	-11	-7	-5	1	det1=true
[2232]	48	65	-6	-2	-2	-5	det1=true
[2233]	49	65	-8	-5	-2	-5	det1=true
[2234]	49	65	-13	-5	-2	5	det1=true
[2235]	51	65	-15	-2	-5	-2	det1=true
[2236]	51	65	-13	-5	-2	-5	det1=true
[2237]	51	65	-18	-5	-2	5	det1=true
[2238]	53	65	-23	-13	-4	-3	det1=true
[2239]	53	65	-26	-13	-4	3	det1=true
[2240]	54	65	-18	-8	-5	-2	det1=true
[2241]	65	65	-28	-15	-2	-5	det1=true
[2242]	65	65	-33	-15	-2	5	det1=true
[2243]	65	65	-20	-11	-3	-5	det1=true
[2244]	65	65	-25	-11	-3	5	det1=true
[2245]	28	67	-9	0	-4	-1	det1=true
[2246]	28	67	-10	0	-4	1	det1=true
[2247]	47	67	-15	-14	-3	-4	det1=true
[2248]	47	67	-19	-14	-3	4	det1=true
[2249]	47	67	-8	1	-2	-5	det1=true
[2250]	47	67	-13	1	-2	5	det1=true
[2251]	51	67	-25	-4	-5	-1	det1=true
[2252]	51	67	-26	-4	-5	1	det1=true
[2253]	52	67	-18	-4	-2	-5	det1=true
[2254]	52	67	-23	-4	-2	5	det1=true
[2255]	52	67	-16	-10	-5	-2	det1=true
[2256]	52	67	-18	-10	-5	2	det1=true
[2257]	59	67	-8	1	-6	-1	det1=true
[2258]	59	67	-9	1	-6	1	det1=true
[2259]	64	67	-12	-3	-2	6	det1=true
[2260]	66	67	-12	-4	-4	5	det1=true
[2261]	47	68	-21	-12	-4	3	det1=true
[2262]	47	68	-10	0	-2	-5	det1=true
[2263]	64	68	-17	-10	-6	-1	det1=true
[2264]	64	68	-18	-10	-6	1	det1=true
[2265]	65	68	-12	-1	-2	-6	det1=true
[2266]	65	68	-18	-1	-2	6	det1=true
[2267]	21	65	0	1	-2	-3	det1=true
[2268]	21	65	-3	1	-2	3	det1=true
[2269]	33	65	-5	1	-2	-4	det1=true
[2270]	33	65	-9	1	-2	4	det1=true
[2271]	41	65	-3	-3	-3	-4	det1=true
[2272]	41	65	-7	-3	-3	4	det1=true
[2273]	54	65	-20	-8	-5	2	det1=true
[2274]	55	65	-2	2	-5	-3	det1=true
[2275]	61	65	-8	-1	-6	-1	det1=true
[2276]	61	65	-9	-1	-6	1	det1=true
[2277]	65	65	-4	0	-6	-2	det1=true
[2278]	65	65	-6	0	-6	2	det1=true
[2279]	63	66	-16	0	-6	-1	det1=true
[2280]	63	66	-17	0	-6	1	det1=true
[2281]	34	67	-14	-15	-1	-4	det1=true
[2282]	34	67	-18	-15	-1	4	det1=true
[2283]	67	67	-9	-6	-5	-4	det1=true
[2284]	67	67	-13	-6	-5	4	det1=true
[2285]	45	68	-1	-2	-2	-5	det1=true
[2286]	45	68	-6	-2	-2	5	det1=true
[2287]	47	68	-18	-12	-4	-3	det1=true
[2288]	56	68	-22	-13	-5	-2	det1=true
[2289]	56	68	-24	-13	-5	2	det1=true
[2290]	60	68	-22	-20	-2	-5	det1=true
[2291]	60	68	-27	-20	-2	5	det1=true
[2292]	61	68	-26	-17	-5	-2	det1=true
[2293]	61	68	-28	-17	-5	2	det1=true
[2294]	66	68	-10	-4	-4	-5	det1=true
[2295]	66	68	-15	-4	-4	5	det1=true
[2296]	67	68	-22	-1	-2	6	det1=true
[2297]	68	68	-20	-11	-2	6	det1=true
[2298]	30	65	-11	-4	-4	-1	det1=true
[2299]	30	65	-12	-4	-4	1	det1=true
[2300]	59	65	-27	-1	-5	-2	det1=true
[2301]	59	65	-29	-1	-5	2	det1=true
[2302]	63	67	-25	-20	-5	-2	det1=true
[2303]	51	68	-22	-15	-3	-4	det1=true
[2304]	22	65	-5	-4	-2	-3	det1=true
[2305]	47	65	-13	-13	-3	-4	det1=true
[2306]	47	65	-17	-13	-3	4	det1=true
[2307]	50	65	-16	-16	-3	-4	det1=true
[2308]	50	65	-20	-16	-3	4	det1=true
[2309]	48	67	-10	-5	-5	-2	det1=true
[2310]	48	67	-12	-5	-5	2	det1=true
[2311]	61	67	-10	-7	-6	-1	det1=true
[2312]	61	67	-11	-7	-6	1	det1=true
[2313]	50	68	-18	-18	-3	-4	det1=true
[2314]	50	68	-22	-18	-3	4	det1=true
[2315]	51	68	-26	-15	-3	4	det1=true
[2316]	57	68	-26	-4	-2	-5	det1=true
[2317]	57	68	-31	-4	-2	5	det1=true
[2318]	50	65	-23	-22	-2	-4	det1=true
[2319]	50	65	-27	-22	-2	4	det1=true
[2320]	60	67	-26	-12	-2	-5	det1=true
[2321]	60	67	-31	-12	-2	5	det1=true
[2322]	61	67	-17	-11	-5	-3	det1=true
[2323]	63	67	-27	-20	-5	2	det1=true
[2324]	67	67	-14	-2	-2	-6	det1=true
[2325]	67	67	-20	-2	-2	6	det1=true
[2326]	47	65	-18	-9	-1	5	det1=true
[2327]	51	65	-20	-12	-5	1	det1=true
[2328]	54	65	-9	-4	-4	-4	det1=true
[2329]	54	65	-13	-4	-4	4	det1=true
[2330]	57	65	-22	-19	-1	-5	det1=true
[2331]	57	65	-27	-19	-1	5	det1=true
[2332]	43	66	-12	-4	-4	-3	det1=true
[2333]	43	66	-15	-4	-4	3	det1=true
[2334]	51	67	-18	-16	-1	-5	det1=true
[2335]	51	67	-23	-16	-1	5	det1=true
[2336]	59	68	-10	-2	-6	-1	det1=true
[2337]	59	68	-11	-2	-6	1	det1=true
[2338]	47	65	-13	-9	-1	-5	det1=true
[2339]	51	65	-17	-14	-1	-5	det1=true
[2340]	51	65	-22	-14	-1	5	det1=true
[2341]	55	65	-1	0	-5	-3	det1=true
[2342]	55	65	-4	0	-5	3	det1=true
[2343]	57	65	-24	-17	-5	-1	det1=true
[2344]	57	65	-25	-17	-5	1	det1=true
[2345]	65	67	-22	-13	-5	-3	det1=true
[2346]	43	65	-11	-1	-3	-4	det1=true
[2347]	43	65	-15	-1	-3	4	det1=true
[2348]	57	65	-16	-17	-2	-5	det1=true
[2349]	57	65	-21	-17	-2	5	det1=true
[2350]	58	67	0	0	-1	-6	det1=true
[2351]	58	67	-6	0	-1	6	det1=true
[2352]	55	67	-9	-1	-5	-3	det1=true
[2353]	55	67	-12	-1	-5	3	det1=true
[2354]	67	67	-28	-5	-5	-3	det1=true
[2355]	67	67	-31	-5	-5	3	det1=true
[2356]	58	67	-28	0	-5	-2	det1=true
[2357]	58	67	-30	0	-5	2	det1=true
[2358]	67	67	-20	-19	-3	-5	det1=true
[2359]	67	67	-25	-19	-3	5	det1=true
[2360]	55	69	-25	1	-2	-5	det1=true
[2361]	55	69	-30	1	-2	5	det1=true
[2362]	45	71	-10	1	-2	-5	det1=true
[2363]	45	71	-15	1	-2	5	det1=true
[2364]	56	72	-21	-20	-2	-5	det1=true
[2365]	56	72	-26	-20	-2	5	det1=true
[2366]	33	69	-9	-7	-4	-2	det1=true
[2367]	33	69	-11	-7	-4	2	det1=true
[2368]	49	69	-24	-5	-5	-1	det1=true
[2369]	49	69	-25	-5	-5	1	det1=true
[2370]	57	69	-27	-8	-5	-2	det1=true
[2371]	57	69	-29	-8	-5	2	det1=true
[2372]	63	69	-4	-1	-4	-5	det1=true
[2373]	63	69	-9	-1	-4	5	det1=true
[2374]	48	70	-13	-8	-2	-5	det1=true
[2375]	54	71	-18	-7	-4	-4	det1=true
[2376]	60	71	-28	-17	-5	-2	det1=true
[2377]	60	71	-30	-17	-5	2	det1=true
[2378]	64	71	-22	-6	-1	-6	det1=true
[2379]	64	71	-28	-6	-1	6	det1=true
[2380]	46	72	-14	0	-2	-5	det1=true
[2381]	46	72	-19	0	-2	5	det1=true
[2382]	27	69	-7	0	-1	-4	det1=true
[2383]	27	69	-11	0	-1	4	det1=true
[2384]	45	69	-5	-3	-5	-2	det1=true
[2385]	45	69	-7	-3	-5	2	det1=true
[2386]	47	69	-19	-12	-3	-4	det1=true
[2387]	50	69	-21	-16	-4	-3	det1=true
[2388]	50	69	-24	-16	-4	3	det1=true
[2389]	51	69	-17	-9	-2	-5	det1=true
[2390]	51	69	-22	-9	-2	5	det1=true
[2391]	54	69	-19	-14	-2	-5	det1=true
[2392]	54	69	-24	-14	-2	5	det1=true
[2393]	68	69	-17	-2	-4	-5	det1=true
[2394]	68	69	-22	-2	-4	5	det1=true
[2395]	68	69	-16	-6	-5	-4	det1=true
[2396]	68	69	-20	-6	-5	4	det1=true
[2397]	31	70	-5	-4	-2	-4	det1=true
[2398]	31	70	-9	-4	-2	4	det1=true
[2399]	67	70	-28	2	-6	-1	det1=true
[2400]	69	70	-16	-12	-5	-4	det1=true
[2401]	69	70	-20	-12	-5	4	det1=true
[2402]	70	70	-21	-12	-6	-2	det1=true
[2403]	70	70	-23	-12	-6	2	det1=true
[2404]	70	70	-25	-14	-2	6	det1=true
[2405]	35	71	-15	-9	-2	-4	det1=true
[2406]	35	71	-19	-9	-2	4	det1=true
[2407]	44	71	-22	-2	-5	0	det1=true
[2408]	51	71	-5	0	-3	-5	det1=true
[2409]	51	71	-10	0	-3	5	det1=true
[2410]	53	71	-21	-13	-5	-2	det1=true
[2411]	53	71	-23	-13	-5	2	det1=true
[2412]	54	71	-14	-13	-4	-4	det1=true
[2413]	54	71	-18	-13	-4	4	det1=true
[2414]	55	71	-26	-21	-4	-3	det1=true
[2415]	55	71	-29	-21	-4	3	det1=true
[2416]	65	71	-30	-13	-5	3	det1=true
[2417]	67	71	-32	-6	-5	-3	det1=true
[2418]	67	71	-35	-6	-5	3	det1=true
[2419]	68	71	-20	-11	-6	-2	det1=true
[2420]	68	71	-22	-11	-6	2	det1=true
[2421]	71	71	-25	-19	-1	-6	det1=true
[2422]	71	71	-31	-19	-1	6	det1=true
[2423]	25	72	-2	-1	-1	-4	det1=true
[2424]	26	72	-9	2	-4	-1	det1=true
[2425]	26	72	-10	2	-4	1	det1=true
[2426]	27	69	-8	-1	-4	-1	det1=true
[2427]	27	69	-9	-1	-4	1	det1=true
[2428]	36	69	-16	-7	-2	-4	det1=true
[2429]	36	69	-20	-7	-2	4	det1=true
[2430]	43	69	-12	-8	-5	1	det1=true
[2431]	45	69	-17	0	-1	-5	det1=true
[2432]	45	69	-22	0	-1	5	det1=true
[2433]	46	69	-8	-4	-2	-5	det1=true
[2434]	46	69	-13	-4	-2	5	det1=true
[2435]	50	69	-7	-2	-4	-4	det1=true
[2436]	50	69	-11	-2	-4	4	det1=true
[2437]	52	69	-17	-12	-2	-5	det1=true
[2438]	52	69	-22	-12	-2	5	det1=true
[2439]	59	69	-20	0	-3	-5	det1=true
[2440]	59	69	-25	0	-3	5	det1=true
[2441]	64	69	-14	3	-6	-2	det1=true
[2442]	64	69	-16	3	-6	2	det1=true
[2443]	65	69	-32	-23	-2	5	det1=true
[2444]	65	69	-24	-14	-5	-3	det1=true
[2445]	65	69	-27	-14	-5	3	det1=true
[2446]	65	69	-15	-2	-5	4	det1=true
[2447]	66	69	-14	1	-5	-4	det1=true
[2448]	66	69	-18	1	-5	4	det1=true
[2449]	20	70	-4	-2	-3	-2	det1=true
[2450]	20	70	-6	-2	-3	2	det1=true
[2451]	51	70	-20	-4	-2	-5	det1=true
[2452]	51	70	-25	-4	-2	5	det1=true
[2453]	51	70	-20	-14	-2	5	det1=true
[2454]	62	70	-21	2	-6	-1	det1=true
[2455]	62	70	-22	2	-6	1	det1=true
[2456]	63	70	-28	-20	-2	-5	det1=true
[2457]	63	70	-33	-20	-2	5	det1=true
[2458]	70	70	-34	-22	-2	-5	det1=true
[2459]	26	71	-6	0	-1	-4	det1=true
[2460]	26	71	-10	0	-1	4	det1=true
[2461]	27	71	-10	-3	-4	-1	det1=true
[2462]	27	71	-11	-3	-4	1	det1=true
[2463]	41	71	-10	-5	-1	-5	det1=true
[2464]	41	71	-15	-5	-1	5	det1=true
[2465]	50	71	-16	-12	-2	-5	det1=true
[2466]	50	71	-21	-12	-2	5	det1=true
[2467]	54	71	-20	-16	-2	-5	det1=true
[2468]	54	71	-25	-16	-2	5	det1=true
[2469]	55	71	-17	2	-5	-3	det1=true
[2470]	55	71	-20	2	-5	3	det1=true
[2471]	55	71	-16	1	-3	-5	det1=true
[2472]	55	71	-21	1	-3	5	det1=true
[2473]	55	71	-12	-10	-3	-5	det1=true
[2474]	55	71	-17	-10	-3	5	det1=true
[2475]	61	71	-26	-1	-5	-3	det1=true
[2476]	61	71	-29	-1	-5	3	det1=true
[2477]	61	71	-30	-2	-3	5	det1=true
[2478]	63	71	-31	-25	-5	-1	det1=true
[2479]	63	71	-32	-25	-5	1	det1=true
[2480]	64	71	-18	-5	-6	2	det1=true
[2481]	68	71	-18	-9	-5	-4	det1=true
[2482]	68	71	-22	-9	-5	4	det1=true
[2483]	71	71	-40	-7	-3	5	det1=true
[2484]	71	71	-24	-10	-2	-6	det1=true
[2485]	71	71	-30	-10	-2	6	det1=true
[2486]	31	72	-9	-4	-4	-2	det1=true
[2487]	31	72	-11	-4	-4	2	det1=true
[2488]	43	72	-5	0	-2	-5	det1=true
[2489]	43	72	-10	0	-2	5	det1=true
[2490]	63	72	-13	2	-4	-5	det1=true
[2491]	63	72	-18	2	-4	5	det1=true
[2492]	68	72	-13	-4	-6	3	det1=true
[2493]	70	72	-18	-16	-4	-5	det1=true
[2494]	71	72	-26	-13	-5	4	det1=true
[2495]	27	69	-7	-3	-4	-1	det1=true
[2496]	27	69	-8	-3	-4	1	det1=true
[2497]	42	69	-19	-18	-2	-4	det1=true
[2498]	42	69	-23	-18	-2	4	det1=true
[2499]	43	69	-11	-8	-5	-1	det1=true
[2500]	43	69	-9	-10	-1	-5	det1=true
[2501]	43	69	-14	-10	-1	5	det1=true
[2502]	44	69	-18	-4	-4	-3	det1=true
[2503]	44	69	-15	-10	-4	-3	det1=true
[2504]	44	69	-18	-10	-4	3	det1=true
[2505]	47	69	-24	-7	-1	5	det1=true
[2506]	47	69	-23	-12	-3	4	det1=true
[2507]	48	69	-14	0	-2	-5	det1=true
[2508]	52	69	-22	-2	-5	-2	det1=true
[2509]	55	69	-25	-18	-5	-1	det1=true
[2510]	55	69	-26	-18	-5	1	det1=true
[2511]	55	69	-21	-14	-5	-2	det1=true
[2512]	55	69	-23	-14	-5	2	det1=true
[2513]	56	69	-22	-14	-2	-5	det1=true
[2514]	56	69	-27	-14	-2	5	det1=true
[2515]	59	69	-21	1	-5	-3	det1=true
[2516]	59	69	-24	1	-5	3	det1=true
[2517]	63	69	-5	1	-5	-4	det1=true
[2518]	63	69	-9	1	-5	4	det1=true
[2519]	64	69	-11	-6	-6	-2	det1=true
[2520]	64	69	-13	-6	-6	2	det1=true
[2521]	64	69	-9	-8	-2	-6	det1=true
[2522]	64	69	-15	-8	-2	6	det1=true
[2523]	64	69	-8	-2	-5	-4	det1=true
[2524]	64	69	-12	-2	-5	4	det1=true
[2525]	65	69	-27	-23	-2	-5	det1=true
[2526]	36	70	-17	-8	-4	-2	det1=true
[2527]	36	70	-19	-8	-4	2	det1=true
[2528]	49	70	-18	-3	-5	-2	det1=true
[2529]	49	70	-20	-3	-5	2	det1=true
[2530]	57	70	-19	-12	-4	-4	det1=true
[2531]	57	70	-23	-12	-4	4	det1=true
[2532]	58	70	-13	2	-6	-1	det1=true
[2533]	58	70	-14	2	-6	1	det1=true
[2534]	63	70	-8	0	-4	-5	det1=true
[2535]	63	70	-13	0	-4	5	det1=true
[2536]	64	70	-28	-22	-5	-2	det1=true
[2537]	64	70	-30	-22	-5	2	det1=true
[2538]	64	70	-14	1	-2	-6	det1=true
[2539]	64	70	-20	1	-2	6	det1=true
[2540]	64	70	-14	-5	-6	-2	det1=true
[2541]	64	70	-16	-5	-6	2	det1=true
[2542]	65	70	-23	-8	-6	-1	det1=true
[2543]	65	70	-24	-8	-6	1	det1=true
[2544]	65	70	-14	-8	-5	4	det1=true
[2545]	67	70	-36	-22	-2	5	det1=true
[2546]	29	71	-12	-9	-4	-1	det1=true
[2547]	29	71	-13	-9	-4	1	det1=true
[2548]	40	71	-14	-6	-4	3	det1=true
[2549]	41	71	-13	-3	-5	1	det1=true
[2550]	43	71	-16	-5	-5	-1	det1=true
[2551]	43	71	-17	-5	-5	1	det1=true
[2552]	43	71	-14	-7	-1	-5	det1=true
[2553]	43	71	-19	-7	-1	5	det1=true
[2554]	50	71	-19	-6	-2	-5	det1=true
[2555]	50	71	-24	-6	-2	5	det1=true
[2556]	55	71	-1	-3	-1	-6	det1=true
[2557]	55	71	-7	-3	-1	6	det1=true
[2558]	61	71	-25	-2	-3	-5	det1=true
[2559]	63	71	-27	-23	-5	-2	det1=true
[2560]	63	71	-29	-23	-5	2	det1=true
[2561]	64	71	-16	-17	-1	-6	det1=true
[2562]	64	71	-22	-17	-1	6	det1=true
[2563]	65	71	-28	-11	-5	-3	det1=true
[2564]	65	71	-31	-11	-5	3	det1=true
[2565]	65	71	-27	-12	-3	-5	det1=true
[2566]	65	71	-32	-12	-3	5	det1=true
[2567]	65	71	-26	-14	-3	-5	det1=true
[2568]	67	71	-31	-7	-3	-5	det1=true
[2569]	70	71	-28	-11	-1	-6	det1=true
[2570]	70	71	-34	-11	-1	6	det1=true
[2571]	71	71	-35	-30	-5	-1	det1=true
[2572]	71	71	-36	-30	-5	1	det1=true
[2573]	71	71	-26	-2	-2	-6	det1=true
[2574]	71	71	-32	-2	-2	6	det1=true
[2575]	71	71	-24	-12	-6	-2	det1=true
[2576]	71	71	-26	-12	-6	2	det1=true
[2577]	32	72	-11	-6	-4	-2	det1=true
[2578]	32	72	-13	-6	-4	2	det1=true
[2579]	48	72	-18	-5	-5	-2	det1=true
[2580]	48	72	-20	-5	-5	2	det1=true
[2581]	50	72	-21	-2	-2	-5	det1=true
[2582]	50	72	-26	-2	-2	5	det1=true
[2583]	53	72	-21	-14	-2	-5	det1=true
[2584]	53	72	-26	-14	-2	5	det1=true
[2585]	63	72	-26	0	-6	1	det1=true
[2586]	65	72	-13	-10	-4	-5	det1=true
[2587]	65	72	-18	-10	-4	5	det1=true
[2588]	66	72	-25	-12	-6	-1	det1=true
[2589]	66	72	-26	-12	-6	1	det1=true
[2590]	67	72	-30	-26	-2	-5	det1=true
[2591]	67	72	-35	-26	-2	5	det1=true
[2592]	67	72	-14	-14	-4	-5	det1=true
[2593]	67	72	-19	-14	-4	5	det1=true
[2594]	69	72	-25	-18	-6	-1	det1=true
[2595]	70	72	-23	-16	-4	5	det1=true
[2596]	71	72	-55	-8	-4	2	det1=true
[2597]	71	72	-24	-22	-1	-6	det1=true
[2598]	71	72	-30	-22	-1	6	det1=true
[2599]	71	72	-22	-13	-5	-4	det1=true
[2600]	28	69	-10	-2	-1	-4	det1=true
[2601]	28	69	-14	-2	-1	4	det1=true
[2602]	31	69	-13	-11	-1	-4	det1=true
[2603]	31	69	-17	-11	-1	4	det1=true
[2604]	31	69	-13	-5	-3	-3	det1=true
[2605]	31	69	-16	-5	-3	3	det1=true
[2606]	34	69	-12	-7	-4	-2	det1=true
[2607]	34	69	-14	-7	-4	2	det1=true
[2608]	34	69	-11	-8	-2	-4	det1=true
[2609]	34	69	-15	-8	-2	4	det1=true
[2610]	47	69	-19	-7	-1	-5	det1=true
[2611]	53	69	-23	-17	-5	-1	det1=true
[2612]	53	69	-24	-17	-5	1	det1=true
[2613]	53	69	-26	-19	-1	5	det1=true
[2614]	60	69	-26	-16	-2	-5	det1=true
[2615]	60	69	-31	-16	-2	5	det1=true
[2616]	61	69	-2	0	-6	-2	det1=true
[2617]	64	69	-12	1	-2	-6	det1=true
[2618]	64	69	-18	1	-2	6	det1=true
[2619]	65	69	-26	-9	-3	-5	det1=true
[2620]	65	69	-31	-9	-3	5	det1=true
[2621]	65	69	-11	-2	-5	-4	det1=true
[2622]	22	70	-10	-6	-3	-2	det1=true
[2623]	22	70	-12	-6	-3	2	det1=true
[2624]	50	70	-20	-2	-5	-2	det1=true
[2625]	50	70	-22	-2	-5	2	det1=true
[2626]	51	70	-20	-7	-5	-2	det1=true
[2627]	51	70	-22	-7	-5	2	det1=true
[2628]	52	70	-18	-13	-5	-2	det1=true
[2629]	52	70	-20	-13	-5	2	det1=true
[2630]	61	70	-24	-22	-2	-5	det1=true
[2631]	61	70	-29	-22	-2	5	det1=true
[2632]	61	70	-17	-8	-6	1	det1=true
[2633]	62	70	-18	-8	-6	-1	det1=true
[2634]	62	70	-19	-8	-6	1	det1=true
[2635]	64	70	-12	-7	-2	-6	det1=true
[2636]	64	70	-18	-7	-2	6	det1=true
[2637]	66	70	-20	2	-5	4	det1=true
[2638]	70	70	-19	-14	-2	-6	det1=true
[2639]	20	71	-6	0	-2	-3	det1=true
[2640]	20	71	-9	0	-2	3	det1=true
[2641]	37	71	-1	1	-4	-3	det1=true
[2642]	37	71	-4	1	-4	3	det1=true
[2643]	41	71	-15	0	-3	-4	det1=true
[2644]	41	71	-19	0	-3	4	det1=true
[2645]	41	71	-12	-3	-5	-1	det1=true
[2646]	47	71	-15	-4	-5	-2	det1=true
[2647]	47	71	-17	-4	-5	2	det1=true
[2648]	51	71	-23	0	-5	-2	det1=true
[2649]	51	71	-25	0	-5	2	det1=true
[2650]	51	71	-19	-11	-5	-2	det1=true
[2651]	51	71	-21	-11	-5	2	det1=true
[2652]	57	71	-26	-13	-2	-5	det1=true
[2653]	57	71	-31	-13	-2	5	det1=true
[2654]	62	71	-8	0	-5	-4	det1=true
[2655]	62	71	-12	0	-5	4	det1=true
[2656]	62	71	-7	-2	-4	-5	det1=true
[2657]	62	71	-12	-2	-4	5	det1=true
[2658]	63	71	-21	-4	-1	-6	det1=true
[2659]	63	71	-27	-4	-1	6	det1=true
[2660]	63	71	-9	-5	-5	-4	det1=true
[2661]	63	71	-13	-5	-5	4	det1=true
[2662]	65	71	-27	-13	-5	-3	det1=true
[2663]	65	71	-17	-7	-6	-2	det1=true
[2664]	65	71	-19	-7	-6	2	det1=true
[2665]	67	71	-19	-2	-5	-4	det1=true
[2666]	67	71	-23	-2	-5	4	det1=true
[2667]	67	71	-22	-7	-4	5	det1=true
[2668]	68	71	-18	-13	-2	-6	det1=true
[2669]	68	71	-24	-13	-2	6	det1=true
[2670]	29	72	-12	-10	-1	-4	det1=true
[2671]	29	72	-16	-10	-1	4	det1=true
[2672]	47	72	-16	-5	-5	-2	det1=true
[2673]	47	72	-18	-5	-5	2	det1=true
[2674]	51	72	-18	-14	-5	-2	det1=true
[2675]	51	72	-20	-14	-5	2	det1=true
[2676]	60	72	-26	-21	-5	-2	det1=true
[2677]	60	72	-28	-21	-5	2	det1=true
[2678]	61	72	-22	0	-6	-1	det1=true
[2679]	62	72	-22	-6	-6	-1	det1=true
[2680]	62	72	-9	-4	-4	-5	det1=true
[2681]	62	72	-14	-4	-4	5	det1=true
[2682]	63	72	-25	0	-6	-1	det1=true
[2683]	64	72	-25	-6	-6	-1	det1=true
[2684]	64	72	-26	-6	-6	1	det1=true
[2685]	66	72	-18	-4	-4	-5	det1=true
[2686]	66	72	-23	-4	-4	5	det1=true
[2687]	68	72	-22	2	-4	-5	det1=true
[2688]	68	72	-27	2	-4	5	det1=true
[2689]	68	72	-10	-4	-6	-3	det1=true
[2690]	26	69	-3	2	-4	-1	det1=true
[2691]	26	69	-4	2	-4	1	det1=true
[2692]	34	69	-14	-3	-4	-2	det1=true
[2693]	34	69	-16	-3	-4	2	det1=true
[2694]	36	69	-17	-6	-4	-2	det1=true
[2695]	36	69	-19	-6	-4	2	det1=true
[2696]	43	69	-16	1	-5	1	det1=true
[2697]	53	69	-21	-19	-1	-5	det1=true
[2698]	64	69	-10	-5	-5	4	det1=true
[2699]	65	69	-27	-8	-5	-3	det1=true
[2700]	65	69	-23	-15	-3	-5	det1=true
[2701]	26	70	-4	-1	-1	-4	det1=true
[2702]	26	70	-8	-1	-1	4	det1=true
[2703]	36	70	-16	-9	-2	-4	det1=true
[2704]	36	70	-20	-9	-2	4	det1=true
[2705]	51	70	-15	-14	-2	-5	det1=true
[2706]	52	70	-22	0	-2	-5	det1=true
[2707]	52	70	-27	0	-2	5	det1=true
[2708]	54	70	-17	-18	-2	-5	det1=true
[2709]	54	70	-22	-18	-2	5	det1=true
[2710]	65	70	-10	-8	-5	-4	det1=true
[2711]	68	70	-19	-10	-6	-2	det1=true
[2712]	68	70	-21	-10	-6	2	det1=true
[2713]	68	70	-17	-12	-2	-6	det1=true
[2714]	68	70	-23	-12	-2	6	det1=true
[2715]	69	70	-32	-24	-5	-2	det1=true
[2716]	70	70	-26	-13	-1	-6	det1=true
[2717]	40	71	-11	-6	-4	-3	det1=true
[2718]	41	71	-13	-7	-4	-3	det1=true
[2719]	41	71	-16	-7	-4	3	det1=true
[2720]	45	71	-9	-5	-5	-2	det1=true
[2721]	45	71	-11	-5	-5	2	det1=true
[2722]	46	71	-14	1	-5	-2	det1=true
[2723]	46	71	-16	1	-5	2	det1=true
[2724]	51	71	-6	1	-5	-3	det1=true
[2725]	51	71	-9	1	-5	3	det1=true
[2726]	61	71	-23	-15	-5	3	det1=true
[2727]	63	71	-15	-16	-1	-6	det1=true
[2728]	63	71	-21	-16	-1	6	det1=true
[2729]	65	71	-31	-14	-3	5	det1=true
[2730]	71	71	-26	-8	-6	-2	det1=true
[2731]	71	71	-28	-8	-6	2	det1=true
[2732]	71	71	-22	-14	-2	-6	det1=true
[2733]	71	71	-28	-14	-2	6	det1=true
[2734]	55	72	-6	-1	-1	-6	det1=true
[2735]	55	72	-12	-1	-1	6	det1=true
[2736]	57	72	-12	-1	-1	-6	det1=true
[2737]	57	72	-18	-1	-1	6	det1=true
[2738]	60	72	-2	0	-4	-5	det1=true
[2739]	60	72	-7	0	-4	5	det1=true
[2740]	62	72	-23	-6	-6	1	det1=true
[2741]	64	72	-24	-1	-1	-6	det1=true
[2742]	64	72	-30	-1	-1	6	det1=true
[2743]	69	72	-26	-18	-6	1	det1=true
[2744]	69	72	-18	-14	-5	-4	det1=true
[2745]	69	72	-22	-14	-5	4	det1=true
[2746]	72	72	-32	-30	-5	-2	det1=true
[2747]	43	69	-13	-1	-1	-5	det1=true
[2748]	43	69	-18	-1	-1	5	det1=true
[2749]	45	69	-7	1	-5	-2	det1=true
[2750]	45	69	-9	1	-5	2	det1=true
[2751]	47	69	-20	-3	-1	-5	det1=true
[2752]	47	69	-25	-3	-1	5	det1=true
[2753]	47	69	-21	-5	-5	-1	det1=true
[2754]	47	69	-22	-5	-5	1	det1=true
[2755]	49	69	-16	1	-2	-5	det1=true
[2756]	49	69	-21	1	-2	5	det1=true
[2757]	52	69	-24	-2	-5	2	det1=true
[2758]	53	69	-23	-4	-5	-2	det1=true
[2759]	53	69	-25	-4	-5	2	det1=true
[2760]	55	69	-19	1	-4	-4	det1=true
[2761]	55	69	-23	1	-4	4	det1=true
[2762]	60	69	-13	-6	-6	-1	det1=true
[2763]	60	69	-14	-6	-6	1	det1=true
[2764]	65	69	-30	-8	-5	3	det1=true
[2765]	65	69	-28	-15	-3	5	det1=true
[2766]	68	69	-28	-26	-5	-2	det1=true
[2767]	68	69	-30	-26	-5	2	det1=true
[2768]	27	70	-8	-4	-4	-1	det1=true
[2769]	27	70	-9	-4	-4	1	det1=true
[2770]	39	70	-9	2	-4	-3	det1=true
[2771]	39	70	-12	2	-4	3	det1=true
[2772]	52	70	-24	-6	-5	2	det1=true
[2773]	61	70	-16	-8	-6	-1	det1=true
[2774]	67	70	-29	2	-6	1	det1=true
[2775]	70	70	-32	-13	-1	6	det1=true
[2776]	35	71	-16	-8	-4	-2	det1=true
[2777]	38	71	-8	-4	-4	3	det1=true
[2778]	45	71	-17	-9	-1	-5	det1=true
[2779]	45	71	-22	-9	-1	5	det1=true
[2780]	45	71	-11	-1	-5	-2	det1=true
[2781]	45	71	-13	-1	-5	2	det1=true
[2782]	58	71	-15	2	-6	-1	det1=true
[2783]	58	71	-16	2	-6	1	det1=true
[2784]	61	71	-20	-15	-5	-3	det1=true
[2785]	62	71	-6	-4	-5	-4	det1=true
[2786]	62	71	-10	-4	-5	4	det1=true
[2787]	65	71	-31	-21	-5	-2	det1=true
[2788]	65	71	-33	-21	-5	2	det1=true
[2789]	65	71	-27	-3	-6	1	det1=true
[2790]	71	71	-47	-3	-3	-4	det1=true
[2791]	28	72	-10	-9	-1	-4	det1=true
[2792]	28	72	-14	-9	-1	4	det1=true
[2793]	51	72	-21	-8	-2	-5	det1=true
[2794]	51	72	-26	-8	-2	5	det1=true
[2795]	54	72	0	-1	-1	-6	det1=true
[2796]	54	72	-6	-1	-1	6	det1=true
[2797]	60	72	-18	-1	-1	-6	det1=true
[2798]	60	72	-24	-1	-1	6	det1=true
[2799]	61	72	-23	0	-6	1	det1=true
[2800]	66	72	-16	-9	-5	-4	det1=true
[2801]	66	72	-20	-9	-5	4	det1=true
[2802]	68	72	-11	-2	-6	-3	det1=true
[2803]	43	69	-15	1	-5	-1	det1=true
[2804]	48	69	-19	0	-2	5	det1=true
[2805]	51	69	-17	-10	-5	-2	det1=true
[2806]	51	69	-19	-10	-5	2	det1=true
[2807]	52	70	-22	-6	-5	-2	det1=true
[2808]	54	70	-26	-1	-5	-2	det1=true
[2809]	54	70	-28	-1	-5	2	det1=true
[2810]	59	70	-23	-20	-2	-5	det1=true
[2811]	59	70	-28	-20	-2	5	det1=true
[2812]	60	70	-2	3	-6	-2	det1=true
[2813]	62	70	-7	-6	-2	-6	det1=true
[2814]	62	70	-13	-6	-2	6	det1=true
[2815]	66	70	-16	2	-5	-4	det1=true
[2816]	44	71	-24	-3	-3	4	det1=true
[2817]	53	71	-8	-8	-3	-5	det1=true
[2818]	53	71	-13	-8	-3	5	det1=true
[2819]	61	71	-28	-27	-4	-3	det1=true
[2820]	61	71	-19	-16	-3	-5	det1=true
[2821]	61	71	-24	-16	-3	5	det1=true
[2822]	30	72	-12	-13	-1	-4	det1=true
[2823]	30	72	-16	-13	-1	4	det1=true
[2824]	31	72	-8	-5	-2	-4	det1=true
[2825]	31	72	-12	-5	-2	4	det1=true
[2826]	64	72	-22	-12	-6	-1	det1=true
[2827]	64	72	-23	-12	-6	1	det1=true
[2828]	65	72	-17	0	-4	-5	det1=true
[2829]	65	72	-22	0	-4	5	det1=true
[2830]	67	72	-22	-18	-6	-1	det1=true
[2831]	67	72	-23	-18	-6	1	det1=true
[2832]	70	72	-22	-10	-4	-5	det1=true
[2833]	70	72	-27	-10	-4	5	det1=true
[2834]	71	72	-26	0	-4	-5	det1=true
[2835]	71	72	-31	0	-4	5	det1=true
[2836]	72	72	-34	-30	-5	2	det1=true
[2837]	47	69	-22	-1	-5	-1	det1=true
[2838]	47	69	-23	-1	-5	1	det1=true
[2839]	64	69	-6	-5	-5	-4	det1=true
[2840]	69	69	-13	-13	-4	-5	det1=true
[2841]	69	69	-18	-13	-4	5	det1=true
[2842]	59	70	-11	-8	-6	-1	det1=true
[2843]	59	70	-12	-8	-6	1	det1=true
[2844]	61	70	-27	-18	-2	-5	det1=true
[2845]	61	70	-32	-18	-2	5	det1=true
[2846]	70	70	-22	0	-4	-5	det1=true
[2847]	70	70	-27	0	-4	5	det1=true
[2848]	39	71	-6	1	-5	-1	det1=true
[2849]	39	71	-7	1	-5	1	det1=true
[2850]	43	71	-17	-7	-3	-4	det1=true
[2851]	53	71	-9	-7	-5	-3	det1=true
[2852]	53	71	-12	-7	-5	3	det1=true
[2853]	58	71	-10	-8	-1	-6	det1=true
[2854]	58	71	-16	-8	-1	6	det1=true
[2855]	61	71	-31	-27	-4	3	det1=true
[2856]	64	71	-14	-7	-2	-6	det1=true
[2857]	65	71	-26	-3	-6	-1	det1=true
[2858]	67	71	-17	-7	-4	-5	det1=true
[2859]	68	71	-26	-10	-1	-6	det1=true
[2860]	29	69	-14	-1	-4	-1	det1=true
[2861]	29	69	-15	-1	-4	1	det1=true
[2862]	38	69	0	2	-4	-3	det1=true
[2863]	38	69	-3	2	-4	3	det1=true
[2864]	55	69	-23	-20	-1	-5	det1=true
[2865]	55	69	-28	-20	-1	5	det1=true
[2866]	57	69	-24	-22	-1	-5	det1=true
[2867]	45	70	-8	0	-2	-5	det1=true
[2868]	45	70	-13	0	-2	5	det1=true
[2869]	48	70	-14	-6	-2	-5	det1=true
[2870]	48	70	-19	-6	-2	5	det1=true
[2871]	47	71	-17	-15	-5	-1	det1=true
[2872]	47	71	-18	-15	-5	1	det1=true
[2873]	68	71	-32	-10	-1	6	det1=true
[2874]	57	69	-29	-22	-1	5	det1=true
[2875]	38	71	-5	-4	-4	-3	det1=true
[2876]	63	71	-29	-27	-1	-5	det1=true
[2877]	63	71	-34	-27	-1	5	det1=true
[2878]	69	71	-33	-31	-4	-3	det1=true
[2879]	69	71	-36	-31	-4	3	det1=true
[2880]	50	72	-16	-14	-5	-2	det1=true
[2881]	50	72	-18	-14	-5	2	det1=true
[2882]	49	69	-22	-7	-1	-5	det1=true
[2883]	49	69	-27	-7	-1	5	det1=true
[2884]	31	70	-6	-3	-4	-2	det1=true
[2885]	31	70	-8	-3	-4	2	det1=true
[2886]	62	70	-9	-4	-6	-2	det1=true
[2887]	62	70	-11	-4	-6	2	det1=true
[2888]	57	69	-26	-20	-5	-1	det1=true
[2889]	57	69	-27	-20	-5	1	det1=true
[2890]	51	70	-22	1	-5	-2	det1=true
[2891]	51	70	-24	1	-5	2	det1=true
[2892]	57	69	-7	3	-6	-1	det1=true
[2893]	57	69	-8	3	-6	1	det1=true
[2894]	52	70	-21	-6	-2	-5	det1=true
[2895]	52	70	-26	-6	-2	5	det1=true
[2896]	68	70	-29	-26	-2	-5	det1=true
[2897]	68	70	-34	-26	-2	5	det1=true
[2898]	55	71	-13	-9	-5	-3	det1=true
[2899]	55	71	-16	-9	-5	3	det1=true
[2900]	45	70	-8	-3	-5	-2	det1=true
[2901]	71	71	-33	-32	-1	-5	det1=true
[2902]	71	71	-38	-32	-1	5	det1=true
[2903]	65	71	-15	-9	-2	-6	det1=true
[2904]	65	71	-21	-9	-2	6	det1=true
[2905]	68	70	-26	-6	-1	-6	det1=true
[2906]	68	70	-32	-6	-1	6	det1=true
[2907]	46	70	-14	-6	-2	5	det1=true
[2908]	46	70	-14	-1	-5	2	det1=true
[2909]	46	70	-9	-6	-2	-5	det1=true
[2910]	46	70	-12	-1	-5	-2	det1=true
[2911]	46	70	-10	-4	-2	-5	det1=true
[2912]	68	71	-29	-6	-6	-1	det1=true
[2913]	68	71	-30	-6	-6	1	det1=true
[2914]	6	70	0	1	-2	0	det1=true
[2915]	12	70	0	1	-2	-2	det1=true
[2916]	30	70	0	1	-2	-4	det1=true
[2917]	60	70	0	1	-2	-6	det1=true
[2918]	3	71	-1	0	-1	-1	det1=true
[2919]	3	71	-2	0	-1	1	det1=true
[2920]	12	71	-2	-1	-2	-2	det1=true
[2921]	12	71	-4	-1	-2	2	det1=true
[2922]	12	72	-4	1	-2	-2	det1=true
[2923]	12	72	-6	1	-2	2	det1=true
[2924]	12	72	-3	-2	-2	-2	det1=true
[2925]	12	72	-5	-2	-2	2	det1=true
[2926]	30	72	-6	1	-2	-4	det1=true
[2927]	30	71	-3	-2	-2	-4	det1=true
[2928]	30	71	-7	-2	-2	4	det1=true
[2929]	69	73	-32	-33	-1	-5	det1=true
[2930]	69	73	-37	-33	-1	5	det1=true
[2931]	58	74	-26	-20	-2	-5	det1=true
[2932]	58	74	-31	-20	-2	5	det1=true
[2933]	65	76	-10	-6	-3	-6	det1=true
[2934]	65	76	-16	-6	-3	6	det1=true
[2935]	40	73	-11	-10	-4	-3	det1=true
[2936]	40	73	-14	-10	-4	3	det1=true
[2937]	48	73	-13	-14	-2	-5	det1=true
[2938]	48	73	-18	-14	-2	5	det1=true
[2939]	52	73	-24	-9	-5	-2	det1=true
[2940]	52	73	-26	-9	-5	2	det1=true
[2941]	60	73	-26	-22	-2	-5	det1=true
[2942]	73	73	-29	-6	-5	-4	det1=true
[2943]	73	73	-33	-6	-5	4	det1=true
[2944]	73	73	-10	3	-7	1	det1=true
[2945]	47	75	-21	1	-5	-2	det1=true
[2946]	47	75	-23	1	-5	2	det1=true
[2947]	58	76	-22	-2	-6	-1	det1=true
[2948]	58	76	-23	-2	-6	1	det1=true
[2949]	60	76	-34	-22	-2	5	det1=true
[2950]	75	76	-30	-17	-5	-4	det1=true
[2951]	75	76	-34	-17	-5	4	det1=true
[2952]	14	73	-5	-6	0	-3	det1=true
[2953]	25	73	-6	1	-4	-1	det1=true
[2954]	42	73	-4	1	-5	-2	det1=true
[2955]	42	73	-6	1	-5	2	det1=true
[2956]	53	73	-15	1	-3	-5	det1=true
[2957]	53	73	-20	1	-3	5	det1=true
[2958]	58	73	-12	-11	-1	-6	det1=true
[2959]	58	73	-18	-11	-1	6	det1=true
[2960]	61	73	-33	-21	-2	5	det1=true
[2961]	61	73	-28	-2	-5	-3	det1=true
[2962]	61	73	-31	-2	-5	3	det1=true
[2963]	67	73	-30	-15	-3	-5	det1=true
[2964]	67	73	-35	-15	-3	5	det1=true
[2965]	67	73	-29	-9	-6	-1	det1=true
[2966]	67	73	-30	-9	-6	1	det1=true
[2967]	73	73	-9	3	-7	-1	det1=true
[2968]	54	74	-10	0	-6	-1	det1=true
[2969]	54	74	-11	0	-6	1	det1=true
[2970]	57	74	-23	-22	-2	-5	det1=true
[2971]	57	74	-28	-22	-2	5	det1=true
[2972]	60	74	-10	2	-5	-4	det1=true
[2973]	60	74	-14	2	-5	4	det1=true
[2974]	61	74	-11	-4	-4	-5	det1=true
[2975]	61	74	-16	-4	-4	5	det1=true
[2976]	28	75	-1	2	-4	-2	det1=true
[2977]	31	75	-14	0	-4	-2	det1=true
[2978]	31	75	-16	0	-4	2	det1=true
[2979]	41	75	-13	-10	-1	-5	det1=true
[2980]	41	75	-18	-10	-1	5	det1=true
[2981]	63	75	-18	-1	-4	-5	det1=true
[2982]	63	75	-23	-1	-4	5	det1=true
[2983]	65	75	-31	-26	-5	-2	det1=true
[2984]	65	75	-33	-26	-5	2	det1=true
[2985]	68	75	-26	-2	-5	-4	det1=true
[2986]	68	75	-30	-2	-5	4	det1=true
[2987]	69	75	-27	-1	-4	-5	det1=true
[2988]	69	75	-32	-1	-4	5	det1=true
[2989]	19	76	-7	-2	-2	-3	det1=true
[2990]	19	76	-10	-2	-2	3	det1=true
[2991]	19	76	-6	-4	-2	-3	det1=true
[2992]	19	76	-9	-4	-2	3	det1=true
[2993]	52	76	-21	-18	-2	-5	det1=true
[2994]	64	76	-22	-9	-6	-2	det1=true
[2995]	64	76	-24	-9	-6	2	det1=true
[2996]	69	76	-26	-15	-6	-2	det1=true
[2997]	20	73	-7	-4	-2	-3	det1=true
[2998]	20	73	-10	-4	-2	3	det1=true
[2999]	25	73	-7	1	-4	1	det1=true
[3000]	39	73	-8	-3	-1	-5	det1=true
[3001]	39	73	-13	-3	-1	5	det1=true
[3002]	41	73	-21	-2	-3	4	det1=true
[3003]	43	73	-16	-8	-1	-5	det1=true
[3004]	43	73	-21	-8	-1	5	det1=true
[3005]	45	73	-11	-7	-2	-5	det1=true
[3006]	45	73	-16	-7	-2	5	det1=true
[3007]	53	73	-16	2	-5	-3	det1=true
[3008]	53	73	-19	2	-5	3	det1=true
[3009]	54	73	-19	-20	-2	-5	det1=true
[3010]	54	73	-24	-20	-2	5	det1=true
[3011]	59	73	-24	-5	-3	-5	det1=true
[3012]	59	73	-29	-5	-3	5	det1=true
[3013]	60	73	-6	-2	-5	-4	det1=true
[3014]	61	73	-28	-21	-2	-5	det1=true
[3015]	61	73	-21	0	-1	-6	det1=true
[3016]	61	73	-27	0	-1	6	det1=true
[3017]	64	73	-17	-8	-2	-6	det1=true
[3018]	64	73	-23	-8	-2	6	det1=true
[3019]	66	73	-20	-2	-4	-5	det1=true
[3020]	66	73	-25	-2	-4	5	det1=true
[3021]	67	73	-31	-14	-5	-3	det1=true
[3022]	67	73	-34	-14	-5	3	det1=true
[3023]	68	73	-21	-14	-6	-2	det1=true
[3024]	68	73	-23	-14	-6	2	det1=true
[3025]	69	73	-25	-1	-5	-4	det1=true
[3026]	69	73	-29	-1	-5	4	det1=true
[3027]	72	73	-34	-29	-5	-2	det1=true
[3028]	72	73	-36	-29	-5	2	det1=true
[3029]	72	73	-24	-25	-1	-6	det1=true
[3030]	72	73	-30	-25	-1	6	det1=true
[3031]	73	73	-32	-4	-6	-2	det1=true
[3032]	73	73	-34	-4	-6	2	det1=true
[3033]	26	74	-8	-6	-1	-4	det1=true
[3034]	26	74	-12	-6	-1	4	det1=true
[3035]	33	74	-13	-10	-2	-4	det1=true
[3036]	33	74	-17	-10	-2	4	det1=true
[3037]	41	74	-20	-8	-3	4	det1=true
[3038]	43	74	-20	-8	-4	-3	det1=true
[3039]	58	74	-11	2	-6	2	det1=true
[3040]	58	74	-13	0	-2	6	det1=true
[3041]	61	74	-22	-3	-1	-6	det1=true
[3042]	62	74	-26	0	-6	-1	det1=true
[3043]	62	74	-27	0	-6	1	det1=true
[3044]	63	74	-16	-4	-5	-4	det1=true
[3045]	63	74	-20	-4	-5	4	det1=true
[3046]	65	74	-20	-3	-5	-4	det1=true
[3047]	65	74	-24	-3	-5	4	det1=true
[3048]	66	74	-32	-25	-5	-2	det1=true
[3049]	66	74	-34	-25	-5	2	det1=true
[3050]	68	74	-26	1	-2	-6	det1=true
[3051]	68	74	-32	1	-2	6	det1=true
[3052]	74	74	-30	-15	-6	-2	det1=true
[3053]	74	74	-32	-15	-6	2	det1=true
[3054]	25	75	-7	-3	-1	-4	det1=true
[3055]	25	75	-11	-3	-1	4	det1=true
[3056]	37	75	-5	-2	-5	-1	det1=true
[3057]	37	75	-6	-2	-5	1	det1=true
[3058]	37	75	-3	-4	-1	-5	det1=true
[3059]	37	75	-8	-4	-1	5	det1=true
[3060]	39	75	-8	-9	-1	-5	det1=true
[3061]	43	75	-18	-13	-4	-3	det1=true
[3062]	45	75	-17	-1	-5	-2	det1=true
[3063]	45	75	-19	-1	-5	2	det1=true
[3064]	45	75	-14	-7	-2	-5	det1=true
[3065]	45	75	-19	-7	-2	5	det1=true
[3066]	49	75	-22	-5	-2	-5	det1=true
[3067]	49	75	-27	-5	-2	5	det1=true
[3068]	49	75	-6	-5	-5	-3	det1=true
[3069]	49	75	-9	-5	-5	3	det1=true
[3070]	50	75	-22	-11	-5	-2	det1=true
[3071]	50	75	-24	-11	-5	2	det1=true
[3072]	55	75	-22	-12	-4	-4	det1=true
[3073]	55	75	-26	-12	-4	4	det1=true
[3074]	64	75	-20	-2	-5	-4	det1=true
[3075]	64	75	-24	-2	-5	4	det1=true
[3076]	67	75	-25	2	-5	-4	det1=true
[3077]	67	75	-29	2	-5	4	det1=true
[3078]	67	75	-13	-7	-6	-3	det1=true
[3079]	74	75	-22	-13	-3	-6	det1=true
[3080]	74	75	-20	-16	-3	-6	det1=true
[3081]	74	75	-26	-16	-3	6	det1=true
[3082]	75	75	-5	1	-2	-7	det1=true
[3083]	75	75	-12	1	-2	7	det1=true
[3084]	19	76	-10	1	-3	2	det1=true
[3085]	37	76	-11	-4	-4	-3	det1=true
[3086]	38	76	-12	-7	-3	-4	det1=true
[3087]	38	76	-16	-7	-3	4	det1=true
[3088]	41	76	-20	-2	-3	-4	det1=true
[3089]	42	76	-8	-6	-5	-2	det1=true
[3090]	42	76	-10	-6	-5	2	det1=true
[3091]	52	76	-26	-18	-2	5	det1=true
[3092]	61	76	-24	-5	-1	-6	det1=true
[3093]	61	76	-30	-5	-1	6	det1=true
[3094]	62	76	-17	-4	-4	-5	det1=true
[3095]	62	76	-22	-4	-4	5	det1=true
[3096]	63	76	-24	-13	-1	-6	det1=true
[3097]	63	76	-30	-13	-1	6	det1=true
[3098]	67	76	-27	0	-2	-6	det1=true
[3099]	67	76	-33	0	-2	6	det1=true
[3100]	68	76	-34	-3	-2	6	det1=true
[3101]	74	76	-33	-22	-6	-1	det1=true
[3102]	74	76	-34	-22	-6	1	det1=true
[3103]	75	76	-33	-10	-4	-5	det1=true
[3104]	75	76	-38	-10	-4	5	det1=true
[3105]	27	73	-5	-5	-3	-3	det1=true
[3106]	37	73	-7	1	-3	-4	det1=true
[3107]	37	73	-11	1	-3	4	det1=true
[3108]	38	73	-8	-6	-4	-3	det1=true
[3109]	39	73	-10	-1	-5	-1	det1=true
[3110]	39	73	-11	-1	-5	1	det1=true
[3111]	56	73	-15	2	-6	1	det1=true
[3112]	60	73	-10	-2	-5	4	det1=true
[3113]	61	73	-27	-3	-3	-5	det1=true
[3114]	61	73	-32	-3	-3	5	det1=true
[3115]	64	73	-19	-6	-6	-2	det1=true
[3116]	64	73	-21	-6	-6	2	det1=true
[3117]	66	73	-30	-19	-4	-4	det1=true
[3118]	69	73	-17	-17	-4	-5	det1=true
[3119]	69	73	-22	-17	-4	5	det1=true
[3120]	38	74	-11	-4	-4	-3	det1=true
[3121]	45	74	-12	-8	-2	-5	det1=true
[3122]	45	74	-17	-8	-2	5	det1=true
[3123]	56	74	-18	-6	-1	6	det1=true
[3124]	61	74	-28	-3	-1	6	det1=true
[3125]	64	74	-22	-1	-6	-2	det1=true
[3126]	64	74	-24	-1	-6	2	det1=true
[3127]	64	74	-20	-3	-2	-6	det1=true
[3128]	64	74	-26	-3	-2	6	det1=true
[3129]	65	74	-28	-8	-6	-1	det1=true
[3130]	65	74	-29	-8	-6	1	det1=true
[3131]	66	74	-26	-1	-5	4	det1=true
[3132]	70	74	-17	-12	-6	3	det1=true
[3133]	74	74	-30	-13	-2	-6	det1=true
[3134]	74	74	-36	-13	-2	6	det1=true
[3135]	74	74	-29	-24	-6	-1	det1=true
[3136]	74	74	-30	-24	-6	1	det1=true
[3137]	43	75	-21	-13	-4	3	det1=true
[3138]	49	75	-8	0	-3	-5	det1=true
[3139]	49	75	-13	0	-3	5	det1=true
[3140]	51	75	-24	-17	-2	5	det1=true
[3141]	59	75	-14	0	-6	-2	det1=true
[3142]	59	75	-16	0	-6	2	det1=true
[3143]	63	75	-17	-5	-4	-5	det1=true
[3144]	68	75	-27	-2	-2	-6	det1=true
[3145]	68	75	-33	-2	-2	6	det1=true
[3146]	74	75	-32	-6	-4	-5	det1=true
[3147]	74	75	-37	-6	-4	5	det1=true
[3148]	75	75	-31	-13	-5	-4	det1=true
[3149]	24	76	-4	-2	-1	-4	det1=true
[3150]	24	76	-8	-2	-1	4	det1=true
[3151]	40	76	-2	2	-5	2	det1=true
[3152]	41	76	-14	-14	-3	-4	det1=true
[3153]	41	76	-18	-14	-3	4	det1=true
[3154]	58	76	-18	-9	-1	-6	det1=true
[3155]	58	76	-24	-9	-1	6	det1=true
[3156]	61	76	-13	-8	-4	-5	det1=true
[3157]	61	76	-18	-8	-4	5	det1=true
[3158]	64	76	-21	-2	-4	-5	det1=true
[3159]	65	76	-26	-16	-6	-1	det1=true
[3160]	65	76	-27	-16	-6	1	det1=true
[3161]	67	76	-23	-14	-2	-6	det1=true
[3162]	67	76	-29	-14	-2	6	det1=true
[3163]	68	76	-33	-10	-6	-1	det1=true
[3164]	68	76	-34	-10	-6	1	det1=true
[3165]	69	76	-24	-17	-2	-6	det1=true
[3166]	71	76	-24	-14	-3	6	det1=true
[3167]	72	76	-36	-2	-5	4	det1=true
[3168]	73	76	-7	2	-4	-6	det1=true
[3169]	73	76	-13	2	-4	6	det1=true
[3170]	76	76	-21	0	-4	6	det1=true
[3171]	49	73	-2	1	-5	-3	det1=true
[3172]	49	73	-5	1	-5	3	det1=true
[3173]	49	73	-1	0	-3	-5	det1=true
[3174]	49	73	-6	0	-3	5	det1=true
[3175]	53	73	-20	-17	-2	-5	det1=true
[3176]	53	73	-25	-17	-2	5	det1=true
[3177]	55	73	-17	-7	-3	-5	det1=true
[3178]	55	73	-22	-7	-3	5	det1=true
[3179]	56	73	-14	2	-6	-1	det1=true
[3180]	56	73	-10	-6	-1	-6	det1=true
[3181]	56	73	-16	-6	-1	6	det1=true
[3182]	61	73	-24	-13	-5	-3	det1=true
[3183]	61	73	-27	-13	-5	3	det1=true
[3184]	61	73	-23	-14	-3	-5	det1=true
[3185]	67	73	-15	-15	-4	-5	det1=true
[3186]	67	73	-20	-15	-4	5	det1=true
[3187]	69	73	-34	-31	-5	-1	det1=true
[3188]	69	73	-35	-31	-5	1	det1=true
[3189]	69	73	-16	-1	-6	-3	det1=true
[3190]	69	73	-19	-1	-6	3	det1=true
[3191]	21	74	-9	-8	-2	-3	det1=true
[3192]	21	74	-12	-8	-2	3	det1=true
[3193]	32	74	-14	-3	-2	-4	det1=true
[3194]	32	74	-18	-3	-2	4	det1=true
[3195]	41	74	-16	-8	-3	-4	det1=true
[3196]	42	74	-6	-2	-5	-2	det1=true
[3197]	42	74	-8	-2	-5	2	det1=true
[3198]	48	74	-20	-6	-5	-2	det1=true
[3199]	50	74	-22	-9	-5	-2	det1=true
[3200]	50	74	-24	-9	-5	2	det1=true
[3201]	51	74	-24	-8	-5	-2	det1=true
[3202]	51	74	-26	-8	-5	2	det1=true
[3203]	55	74	-8	-8	-1	-6	det1=true
[3204]	55	74	-14	-8	-1	6	det1=true
[3205]	59	74	-24	-24	-2	-5	det1=true
[3206]	59	74	-29	-24	-2	5	det1=true
[3207]	63	74	-24	-7	-1	-6	det1=true
[3208]	63	74	-30	-7	-1	6	det1=true
[3209]	63	74	-14	-8	-5	-4	det1=true
[3210]	63	74	-18	-8	-5	4	det1=true
[3211]	67	74	-26	-15	-1	-6	det1=true
[3212]	67	74	-32	-15	-1	6	det1=true
[3213]	68	74	-30	-12	-6	-1	det1=true
[3214]	68	74	-31	-12	-6	1	det1=true
[3215]	71	74	-24	-14	-4	-5	det1=true
[3216]	71	74	-29	-14	-4	5	det1=true
[3217]	24	75	-2	-1	-1	-4	det1=true
[3218]	26	75	-11	-4	-4	-1	det1=true
[3219]	29	75	-11	-10	-3	-3	det1=true
[3220]	29	75	-14	-10	-3	3	det1=true
[3221]	41	75	-15	-8	-5	-1	det1=true
[3222]	41	75	-16	-8	-5	1	det1=true
[3223]	48	75	-21	-2	-2	-5	det1=true
[3224]	48	75	-26	-2	-2	5	det1=true
[3225]	54	75	-23	-18	-2	-5	det1=true
[3226]	59	75	-12	-2	-2	-6	det1=true
[3227]	59	75	-18	-2	-2	6	det1=true
[3228]	71	75	-23	-13	-3	6	det1=true
[3229]	71	75	-7	-2	-7	-1	det1=true
[3230]	71	75	-8	-2	-7	1	det1=true
[3231]	73	75	-23	-21	-4	-5	det1=true
[3232]	24	76	-6	2	-4	-1	det1=true
[3233]	24	76	-7	2	-4	1	det1=true
[3234]	40	76	0	2	-5	-2	det1=true
[3235]	45	76	-14	-10	-5	-2	det1=true
[3236]	45	76	-16	-10	-5	2	det1=true
[3237]	49	76	-22	-10	-5	-2	det1=true
[3238]	49	76	-24	-10	-5	2	det1=true
[3239]	54	76	-12	-1	-1	-6	det1=true
[3240]	54	76	-18	-1	-1	6	det1=true
[3241]	56	76	-14	-10	-6	-1	det1=true
[3242]	56	76	-15	-10	-6	1	det1=true
[3243]	56	76	-4	-3	-2	-6	det1=true
[3244]	61	76	-15	-10	-2	-6	det1=true
[3245]	61	76	-21	-10	-2	6	det1=true
[3246]	62	76	-17	-10	-2	-6	det1=true
[3247]	62	76	-23	-10	-2	6	det1=true
[3248]	64	76	-26	-2	-4	5	det1=true
[3249]	66	76	-10	-10	-3	-6	det1=true
[3250]	66	76	-16	-10	-3	6	det1=true
[3251]	67	76	-26	-1	-5	-4	det1=true
[3252]	67	76	-22	-12	-4	-5	det1=true
[3253]	67	76	-27	-12	-4	5	det1=true
[3254]	68	76	-28	-3	-2	-6	det1=true
[3255]	68	76	-30	-16	-6	-1	det1=true
[3256]	68	76	-31	-16	-6	1	det1=true
[3257]	69	76	-24	-14	-5	-4	det1=true
[3258]	70	76	-30	-13	-5	4	det1=true
[3259]	70	76	-26	-17	-6	-2	det1=true
[3260]	70	76	-28	-17	-6	2	det1=true
[3261]	71	76	-29	-22	-2	6	det1=true
[3262]	72	76	-32	-2	-5	-4	det1=true
[3263]	27	73	-11	-4	-1	-4	det1=true
[3264]	27	73	-15	-4	-1	4	det1=true
[3265]	29	73	-13	-3	-3	-3	det1=true
[3266]	29	73	-16	-3	-3	3	det1=true
[3267]	38	73	-11	-6	-4	3	det1=true
[3268]	45	73	-12	-5	-2	-5	det1=true
[3269]	45	73	-17	-5	-2	5	det1=true
[3270]	49	73	-16	-13	-2	-5	det1=true
[3271]	49	73	-21	-13	-2	5	det1=true
[3272]	55	73	-18	-6	-5	-3	det1=true
[3273]	55	73	-21	-6	-5	3	det1=true
[3274]	59	73	-25	-4	-5	-3	det1=true
[3275]	59	73	-28	-4	-5	3	det1=true
[3276]	64	73	-22	-14	-6	-1	det1=true
[3277]	64	73	-23	-14	-6	1	det1=true
[3278]	64	73	-15	-12	-6	-2	det1=true
[3279]	64	73	-17	-12	-6	2	det1=true
[3280]	64	73	-13	-14	-2	-6	det1=true
[3281]	64	73	-19	-14	-2	6	det1=true
[3282]	68	73	-19	-16	-2	-6	det1=true
[3283]	68	73	-25	-16	-2	6	det1=true
[3284]	59	74	-6	0	-5	-4	det1=true
[3285]	59	74	-10	0	-5	4	det1=true
[3286]	64	74	-16	-13	-6	-2	det1=true
[3287]	66	74	-22	-1	-5	-4	det1=true
[3288]	69	74	-16	-4	-3	-6	det1=true
[3289]	69	74	-22	-4	-3	6	det1=true
[3290]	70	74	-14	-12	-6	-3	det1=true
[3291]	74	74	-28	-17	-2	-6	det1=true
[3292]	74	74	-34	-17	-2	6	det1=true
[3293]	7	75	0	1	-2	-1	det1=true
[3294]	7	75	-1	1	-2	1	det1=true
[3295]	46	75	-24	-16	-4	3	det1=true
[3296]	47	75	-16	-11	-2	-5	det1=true
[3297]	47	75	-21	-11	-2	5	det1=true
[3298]	48	75	-16	-14	-5	-2	det1=true
[3299]	48	75	-18	-14	-5	2	det1=true
[3300]	51	75	-23	-12	-5	-2	det1=true
[3301]	51	75	-25	-12	-5	2	det1=true
[3302]	53	75	-23	-24	-1	-5	det1=true
[3303]	53	75	-28	-24	-1	5	det1=true
[3304]	54	75	-28	-18	-2	5	det1=true
[3305]	60	75	-24	-13	-1	6	det1=true
[3306]	61	75	-11	-8	-5	-4	det1=true
[3307]	61	75	-15	-8	-5	4	det1=true
[3308]	62	75	-16	-3	-5	-4	det1=true
[3309]	62	75	-20	-3	-5	4	det1=true
[3310]	62	75	-12	-10	-4	-5	det1=true
[3311]	62	75	-17	-10	-4	5	det1=true
[3312]	63	75	-22	-5	-4	5	det1=true
[3313]	66	75	-16	-2	-6	3	det1=true
[3314]	71	75	-17	-13	-3	-6	det1=true
[3315]	73	75	-31	-7	-5	-4	det1=true
[3316]	73	75	-35	-7	-5	4	det1=true
[3317]	74	75	-28	-16	-4	-5	det1=true
[3318]	74	75	-33	-16	-4	5	det1=true
[3319]	75	75	-35	-13	-5	4	det1=true
[3320]	75	75	-4	-3	-2	-7	det1=true
[3321]	75	75	-11	-3	-2	7	det1=true
[3322]	7	76	-2	0	-2	-1	det1=true
[3323]	7	76	-3	0	-2	1	det1=true
[3324]	19	76	-8	1	-3	-2	det1=true
[3325]	46	76	-22	-16	-4	-3	det1=true
[3326]	56	76	-10	-3	-2	6	det1=true
[3327]	57	76	-4	2	-5	-4	det1=true
[3328]	57	76	-8	2	-5	4	det1=true
[3329]	60	76	-14	-9	-6	-2	det1=true
[3330]	60	76	-16	-9	-6	2	det1=true
[3331]	61	76	-28	-25	-5	-2	det1=true
[3332]	61	76	-30	-25	-5	2	det1=true
[3333]	62	76	-20	-17	-1	-6	det1=true
[3334]	62	76	-19	-8	-6	-2	det1=true
[3335]	62	76	-21	-8	-6	2	det1=true
[3336]	64	76	-20	-11	-2	-6	det1=true
[3337]	64	76	-26	-11	-2	6	det1=true
[3338]	67	76	-25	-12	-6	-2	det1=true
[3339]	69	76	-28	-14	-5	4	det1=true
[3340]	70	76	-34	2	-5	4	det1=true
[3341]	70	76	-24	-19	-2	-6	det1=true
[3342]	70	76	-30	-19	-2	6	det1=true
[3343]	71	76	-31	-6	-2	-6	det1=true
[3344]	71	76	-37	-6	-2	6	det1=true
[3345]	71	76	-25	-20	-6	-2	det1=true
[3346]	71	76	-27	-20	-6	2	det1=true
[3347]	71	76	-23	-22	-2	-6	det1=true
[3348]	72	76	-30	-22	-1	-6	det1=true
[3349]	72	76	-36	-22	-1	6	det1=true
[3350]	73	76	-6	-3	-6	-4	det1=true
[3351]	73	76	-10	-3	-6	4	det1=true
[3352]	76	76	-15	0	-4	-6	det1=true
[3353]	37	73	-7	-1	-4	-3	det1=true
[3354]	37	73	-10	-1	-4	3	det1=true
[3355]	37	73	-9	-3	-4	3	det1=true
[3356]	39	73	-13	0	-3	-4	det1=true
[3357]	39	73	-17	0	-3	4	det1=true
[3358]	43	73	-18	-6	-5	-1	det1=true
[3359]	43	73	-19	-6	-5	1	det1=true
[3360]	52	73	-23	-22	-4	-3	det1=true
[3361]	52	73	-26	-22	-4	3	det1=true
[3362]	59	73	-17	-5	-1	-6	det1=true
[3363]	59	73	-23	-5	-1	6	det1=true
[3364]	59	73	-1	1	-5	-4	det1=true
[3365]	59	73	-5	1	-5	4	det1=true
[3366]	61	73	-28	-14	-3	5	det1=true
[3367]	61	73	-14	-3	-4	5	det1=true
[3368]	19	74	-5	0	-2	-3	det1=true
[3369]	19	74	-8	0	-2	3	det1=true
[3370]	33	74	-16	-9	-4	2	det1=true
[3371]	48	74	-22	-6	-5	2	det1=true
[3372]	56	74	-12	-6	-1	-6	det1=true
[3373]	62	74	-18	-3	-6	-2	det1=true
[3374]	62	74	-20	-3	-6	2	det1=true
[3375]	64	74	-18	-13	-6	2	det1=true
[3376]	65	74	-28	-28	-2	-5	det1=true
[3377]	65	74	-33	-28	-2	5	det1=true
[3378]	66	74	-26	-4	-4	5	det1=true
[3379]	39	75	-10	-7	-5	-1	det1=true
[3380]	40	75	-16	-6	-3	-4	det1=true
[3381]	40	75	-20	-6	-3	4	det1=true
[3382]	43	75	-11	-4	-5	-2	det1=true
[3383]	43	75	-13	-4	-5	2	det1=true
[3384]	47	75	-18	-19	-1	-5	det1=true
[3385]	47	75	-23	-19	-1	5	det1=true
[3386]	52	75	-20	-18	-5	-2	det1=true
[3387]	52	75	-22	-18	-5	2	det1=true
[3388]	55	75	-17	-12	-3	-5	det1=true
[3389]	55	75	-22	-12	-3	5	det1=true
[3390]	60	75	-18	-13	-1	-6	det1=true
[3391]	63	75	-28	-3	-6	-1	det1=true
[3392]	63	75	-29	-3	-6	1	det1=true
[3393]	66	75	-23	0	-4	-5	det1=true
[3394]	66	75	-13	-2	-6	-3	det1=true
[3395]	45	76	-18	-2	-5	-2	det1=true
[3396]	55	76	-13	-8	-6	-1	det1=true
[3397]	55	76	-14	-8	-6	1	det1=true
[3398]	57	76	-2	-2	-4	-5	det1=true
[3399]	57	76	-7	-2	-4	5	det1=true
[3400]	58	76	-20	-1	-1	-6	det1=true
[3401]	58	76	-26	-1	-1	6	det1=true
[3402]	58	76	-8	-1	-5	-4	det1=true
[3403]	58	76	-12	-1	-5	4	det1=true
[3404]	61	76	-18	-1	-2	-6	det1=true
[3405]	61	76	-24	-1	-2	6	det1=true
[3406]	67	76	-27	-12	-6	2	det1=true
[3407]	70	76	-30	2	-5	-4	det1=true
[3408]	70	76	-26	-13	-5	-4	det1=true
[3409]	71	76	-23	-6	-6	-3	det1=true
[3410]	71	76	-26	-6	-6	3	det1=true
[3411]	71	76	-18	-14	-3	-6	det1=true
[3412]	72	76	-22	-22	-4	-5	det1=true
[3413]	76	76	-33	-16	-2	-6	det1=true
[3414]	76	76	-39	-16	-2	6	det1=true
[3415]	43	73	-9	2	-5	-2	det1=true
[3416]	43	73	-11	2	-5	2	det1=true
[3417]	54	73	-7	0	-6	-1	det1=true
[3418]	54	73	-8	0	-6	1	det1=true
[3419]	55	73	-17	-8	-5	-3	det1=true
[3420]	61	73	-9	-3	-4	-5	det1=true
[3421]	63	73	-11	-9	-4	-5	det1=true
[3422]	63	73	-16	-9	-4	5	det1=true
[3423]	65	73	-20	-4	-2	-6	det1=true
[3424]	65	73	-26	-4	-2	6	det1=true
[3425]	68	73	-14	0	-6	-3	det1=true
[3426]	68	73	-17	0	-6	3	det1=true
[3427]	64	74	-14	-15	-2	-6	det1=true
[3428]	64	74	-20	-15	-2	6	det1=true
[3429]	69	74	-17	-4	-6	-3	det1=true
[3430]	69	74	-20	-4	-6	3	det1=true
[3431]	70	74	-26	-21	-1	-6	det1=true
[3432]	70	74	-32	-21	-1	6	det1=true
[3433]	20	75	-8	-6	-3	-2	det1=true
[3434]	20	75	-10	-6	-3	2	det1=true
[3435]	26	75	-12	-4	-4	1	det1=true
[3436]	31	75	-13	-1	-2	-4	det1=true
[3437]	31	75	-17	-1	-2	4	det1=true
[3438]	42	75	-13	0	-2	5	det1=true
[3439]	49	75	-17	-15	-2	-5	det1=true
[3440]	49	75	-22	-15	-2	5	det1=true
[3441]	51	75	-19	-17	-2	-5	det1=true
[3442]	61	75	-21	-20	-5	-3	det1=true
[3443]	61	75	-24	-20	-5	3	det1=true
[3444]	63	75	-21	-16	-1	-6	det1=true
[3445]	63	75	-27	-16	-1	6	det1=true
[3446]	45	76	-17	0	-2	-5	det1=true
[3447]	45	76	-20	-2	-5	2	det1=true
[3448]	56	76	-14	-9	-1	-6	det1=true
[3449]	56	76	-20	-9	-1	6	det1=true
[3450]	56	76	-6	-1	-6	-2	det1=true
[3451]	56	76	-8	-1	-6	2	det1=true
[3452]	62	76	-26	-17	-1	6	det1=true
[3453]	63	76	-7	2	-6	-3	det1=true
[3454]	63	76	-10	2	-6	3	det1=true
[3455]	67	76	-30	-1	-5	4	det1=true
[3456]	69	76	-14	-14	-3	-6	det1=true
[3457]	69	76	-20	-14	-3	6	det1=true
[3458]	65	73	-22	-2	-6	-2	det1=true
[3459]	65	73	-24	-2	-6	2	det1=true
[3460]	40	74	-14	-8	-4	-3	det1=true
[3461]	40	74	-17	-8	-4	3	det1=true
[3462]	49	74	-20	-8	-2	-5	det1=true
[3463]	49	74	-25	-8	-2	5	det1=true
[3464]	62	74	-16	-5	-2	-6	det1=true
[3465]	66	74	-21	-4	-4	-5	det1=true
[3466]	59	76	-16	1	-6	-2	det1=true
[3467]	60	76	-12	-11	-2	-6	det1=true
[3468]	60	76	-18	-11	-2	6	det1=true
[3469]	73	76	-30	-12	-4	-5	det1=true
[3470]	73	76	-35	-12	-4	5	det1=true
[3471]	73	76	-5	-4	-4	-6	det1=true
[3472]	73	76	-11	-4	-4	6	det1=true
[3473]	57	73	-27	-25	-4	-3	det1=true
[3474]	57	73	-30	-25	-4	3	det1=true
[3475]	45	74	-16	1	-5	-2	det1=true
[3476]	45	74	-18	1	-5	2	det1=true
[3477]	52	74	-24	-22	-3	-4	det1=true
[3478]	52	74	-28	-22	-3	4	det1=true
[3479]	62	74	-22	-5	-2	6	det1=true
[3480]	67	74	-32	-2	-6	-1	det1=true
[3481]	67	74	-33	-2	-6	1	det1=true
[3482]	72	74	-28	-9	-5	-4	det1=true
[3483]	72	74	-32	-9	-5	4	det1=true
[3484]	74	74	-32	-11	-6	-2	det1=true
[3485]	74	74	-34	-11	-6	2	det1=true
[3486]	15	75	-7	-3	-3	-1	det1=true
[3487]	15	75	-8	-3	-3	1	det1=true
[3488]	42	75	-8	0	-2	-5	det1=true
[3489]	65	75	-11	1	-6	-3	det1=true
[3490]	58	76	-17	-12	-6	-1	det1=true
[3491]	58	76	-18	-12	-6	1	det1=true
[3492]	55	73	-20	-8	-5	3	det1=true
[3493]	56	73	-8	-9	-1	-6	det1=true
[3494]	56	73	-14	-9	-1	6	det1=true
[3495]	62	73	-24	-4	-6	-1	det1=true
[3496]	62	73	-25	-4	-6	1	det1=true
[3497]	67	74	-23	-20	-6	-1	det1=true
[3498]	67	74	-24	-20	-6	1	det1=true
[3499]	47	76	-22	-18	-4	-3	det1=true
[3500]	47	76	-25	-18	-4	3	det1=true
[3501]	53	76	-8	-5	-1	-6	det1=true
[3502]	53	76	-14	-5	-1	6	det1=true
[3503]	70	76	-34	-30	-5	-2	det1=true
[3504]	70	76	-36	-30	-5	2	det1=true
[3505]	59	73	-7	-3	-2	-6	det1=true
[3506]	59	73	-13	-3	-2	6	det1=true
[3507]	68	73	-28	-21	-1	6	det1=true
[3508]	40	75	-18	2	-4	-3	det1=true
[3509]	40	75	-21	2	-4	3	det1=true
[3510]	66	75	-31	-6	-6	-1	det1=true
[3511]	67	75	-26	-24	-3	-5	det1=true
[3512]	67	75	-31	-24	-3	5	det1=true
[3513]	70	75	-31	-32	-2	-5	det1=true
[3514]	70	75	-36	-32	-2	5	det1=true
[3515]	40	76	-18	-3	-3	-4	det1=true
[3516]	40	76	-22	-3	-3	4	det1=true
[3517]	68	73	-22	-21	-1	-6	det1=true
[3518]	15	75	-6	-4	-1	-3	det1=true
[3519]	15	75	-9	-4	-1	3	det1=true
[3520]	62	75	-30	-23	-5	-2	det1=true
[3521]	62	75	-32	-23	-5	2	det1=true
[3522]	66	75	-32	-6	-6	1	det1=true
[3523]	67	75	-27	-23	-5	-3	det1=true
[3524]	67	75	-30	-23	-5	3	det1=true
[3525]	59	76	-14	-1	-2	-6	det1=true
[3526]	61	76	-20	1	-6	-2	det1=true
[3527]	61	76	-22	1	-6	2	det1=true
[3528]	61	73	-10	1	-4	-5	det1=true
[3529]	61	73	-15	1	-4	5	det1=true
[3530]	70	73	-26	-3	-5	-4	det1=true
[3531]	70	73	-30	-3	-5	4	det1=true
[3532]	53	74	-2	-4	-1	-6	det1=true
[3533]	53	74	-8	-4	-1	6	det1=true
[3534]	74	74	-30	-10	-5	-4	det1=true
[3535]	74	74	-34	-10	-5	4	det1=true
[3536]	47	75	-20	-17	-5	-1	det1=true
[3537]	47	75	-21	-17	-5	1	det1=true
[3538]	55	75	-20	-6	-3	-5	det1=true
[3539]	55	75	-25	-6	-3	5	det1=true
[3540]	70	73	-28	-16	-1	-6	det1=true
[3541]	70	73	-34	-16	-1	6	det1=true
[3542]	73	73	-30	-6	-2	-6	det1=true
[3543]	73	73	-36	-6	-2	6	det1=true
[3544]	44	76	-20	-14	-3	-4	det1=true
[3545]	44	76	-24	-14	-3	4	det1=true
[3546]	73	73	-27	-23	-1	-6	det1=true
[3547]	73	73	-33	-23	-1	6	det1=true
[3548]	42	75	-8	-3	-5	-2	det1=true
[3549]	43	74	-16	-14	-4	-3	det1=true
[3550]	43	74	-19	-14	-4	3	det1=true
[3551]	73	74	-20	-12	-6	-3	det1=true
[3552]	61	76	-17	-8	-6	-2	det1=true
[3553]	61	76	-19	-8	-6	2	det1=true
[3554]	74	76	-20	-18	-3	-6	det1=true
[3555]	74	76	-26	-18	-3	6	det1=true
[3556]	41	75	-5	2	-5	-2	det1=true
[3557]	41	75	-7	2	-5	2	det1=true
[3558]	76	76	-35	-14	-6	-2	det1=true
[3559]	76	76	-37	-14	-6	2	det1=true
[3560]	70	74	-28	-18	-1	-6	det1=true
[3561]	70	74	-34	-18	-1	6	det1=true
[3562]	12	75	-5	-4	-2	-2	det1=true
[3563]	6	73	-3	-2	-2	0	det1=true
[3564]	59	77	-27	-9	-3	-5	det1=true
[3565]	59	77	-32	-9	-3	5	det1=true
[3566]	56	77	-8	1	-2	-6	det1=true
[3567]	56	77	-14	1	-2	6	det1=true
[3568]	77	77	-33	-27	-1	-6	det1=true
[3569]	77	77	-39	-27	-1	6	det1=true
[3570]	77	77	-24	-6	-7	-1	det1=true
[3571]	77	77	-25	-6	-7	1	det1=true
[3572]	23	78	-3	2	-4	-1	det1=true
[3573]	23	78	-4	2	-4	1	det1=true
[3574]	59	78	-15	2	-4	-5	det1=true
[3575]	59	78	-20	2	-4	5	det1=true
[3576]	73	78	-10	-1	-7	-2	det1=true
[3577]	73	78	-12	-1	-7	2	det1=true
[3578]	37	79	-12	-9	-4	-3	det1=true
[3579]	37	79	-15	-9	-4	3	det1=true
[3580]	63	79	-27	-7	-4	5	det1=true
[3581]	63	79	-19	-13	-5	-4	det1=true
[3582]	63	79	-23	-13	-5	4	det1=true
[3583]	69	79	-28	-13	-4	-5	det1=true
[3584]	69	79	-33	-13	-4	5	det1=true
[3585]	69	79	-12	1	-5	-5	det1=true
[3586]	62	80	-22	-6	-4	-5	det1=true
[3587]	62	80	-27	-6	-4	5	det1=true
[3588]	73	80	-31	-22	-6	-2	det1=true
[3589]	73	80	-33	-22	-6	2	det1=true
[3590]	38	77	-12	-9	-3	-4	det1=true
[3591]	38	77	-16	-9	-3	4	det1=true
[3592]	53	77	-19	-6	-3	-5	det1=true
[3593]	53	77	-24	-6	-3	5	det1=true
[3594]	61	77	-20	-17	-6	-1	det1=true
[3595]	61	77	-21	-17	-6	1	det1=true
[3596]	63	77	-25	-15	-6	-1	det1=true
[3597]	63	77	-26	-15	-6	1	det1=true
[3598]	49	78	-20	-16	-5	-2	det1=true
[3599]	49	78	-22	-16	-5	2	det1=true
[3600]	51	78	-23	-16	-2	-5	det1=true
[3601]	51	78	-28	-16	-2	5	det1=true
[3602]	63	78	-28	-12	-6	-1	det1=true
[3603]	63	78	-29	-12	-6	1	det1=true
[3604]	66	78	-16	-7	-3	-6	det1=true
[3605]	66	78	-22	-7	-3	6	det1=true
[3606]	74	78	-11	-2	-2	-7	det1=true
[3607]	74	78	-18	-2	-2	7	det1=true
[3608]	78	78	-14	-14	-2	-7	det1=true
[3609]	78	78	-21	-14	-2	7	det1=true
[3610]	28	79	-8	-3	-2	-4	det1=true
[3611]	28	79	-12	-3	-2	4	det1=true
[3612]	56	79	-12	-5	-6	-2	det1=true
[3613]	59	79	-25	0	-1	-6	det1=true
[3614]	59	79	-31	0	-1	6	det1=true
[3615]	59	79	-26	-16	-5	-3	det1=true
[3616]	59	79	-29	-16	-5	3	det1=true
[3617]	73	79	-27	-25	-2	-6	det1=true
[3618]	73	79	-33	-25	-2	6	det1=true
[3619]	79	79	-32	-28	-6	-2	det1=true
[3620]	79	79	-34	-28	-6	2	det1=true
[3621]	60	80	-20	-2	-5	-4	det1=true
[3622]	60	80	-24	-2	-5	4	det1=true
[3623]	62	80	-22	-11	-2	-6	det1=true
[3624]	62	80	-28	-11	-2	6	det1=true
[3625]	66	80	-30	1	-2	-6	det1=true
[3626]	66	80	-36	1	-2	6	det1=true
[3627]	77	80	-23	-4	-4	-6	det1=true
[3628]	77	80	-29	-4	-4	6	det1=true
[3629]	78	80	-18	-14	-2	-7	det1=true
[3630]	78	80	-25	-14	-2	7	det1=true
[3631]	29	77	-9	-3	-2	-4	det1=true
[3632]	29	77	-13	-3	-2	4	det1=true
[3633]	41	77	-16	-9	-1	-5	det1=true
[3634]	41	77	-21	-9	-1	5	det1=true
[3635]	51	77	-12	-11	-5	-3	det1=true
[3636]	51	77	-15	-11	-5	3	det1=true
[3637]	54	77	-16	0	-6	-1	det1=true
[3638]	54	77	-17	0	-6	1	det1=true
[3639]	56	77	-10	3	-6	-2	det1=true
[3640]	56	77	-12	3	-6	2	det1=true
[3641]	59	77	-25	-1	-6	-1	det1=true
[3642]	59	77	-26	-1	-6	1	det1=true
[3643]	59	77	-18	-15	-6	-1	det1=true
[3644]	59	77	-19	-15	-6	1	det1=true
[3645]	64	77	-26	-14	-1	-6	det1=true
[3646]	64	77	-32	-14	-1	6	det1=true
[3647]	65	77	-18	-15	-4	-5	det1=true
[3648]	65	77	-23	-15	-4	5	det1=true
[3649]	67	77	-18	-5	-6	-3	det1=true
[3650]	67	77	-21	-5	-6	3	det1=true
[3651]	69	77	-29	-3	-4	-5	det1=true
[3652]	69	77	-34	-3	-4	5	det1=true
[3653]	71	77	-34	-17	-6	-1	det1=true
[3654]	71	77	-35	-17	-6	1	det1=true
[3655]	73	77	-35	-19	-6	-1	det1=true
[3656]	73	77	-36	-19	-6	1	det1=true
[3657]	75	77	-17	-10	-5	-5	det1=true
[3658]	75	77	-22	-10	-5	5	det1=true
[3659]	24	78	-9	2	-4	-1	det1=true
[3660]	24	78	-10	2	-4	1	det1=true
[3661]	35	78	-9	2	-4	-3	det1=true
[3662]	35	78	-12	2	-4	3	det1=true
[3663]	39	78	1	0	-2	-5	det1=true
[3664]	50	78	-22	-18	-5	2	det1=true
[3665]	56	78	-5	-2	-4	-5	det1=true
[3666]	56	78	-10	-2	-4	5	det1=true
[3667]	60	78	-13	-10	-4	-5	det1=true
[3668]	60	78	-18	-10	-4	5	det1=true
[3669]	71	78	-7	0	-6	-4	det1=true
[3670]	71	78	-11	0	-6	4	det1=true
[3671]	75	78	-14	-5	-7	-2	det1=true
[3672]	75	78	-16	-5	-7	2	det1=true
[3673]	25	79	-9	-8	-1	-4	det1=true
[3674]	25	79	-13	-8	-1	4	det1=true
[3675]	28	79	-9	-2	-4	-2	det1=true
[3676]	28	79	-11	-2	-4	2	det1=true
[3677]	34	79	-6	0	-3	-4	det1=true
[3678]	37	79	-12	-4	-5	-1	det1=true
[3679]	37	79	-13	-4	-5	1	det1=true
[3680]	39	79	-7	0	-5	2	det1=true
[3681]	49	79	-15	0	-3	-5	det1=true
[3682]	49	79	-20	0	-3	5	det1=true
[3683]	55	79	-16	-11	-6	-1	det1=true
[3684]	55	79	-17	-11	-6	1	det1=true
[3685]	57	79	-11	-3	-4	-5	det1=true
[3686]	64	79	-26	-20	-6	1	det1=true
[3687]	65	79	-28	-24	-5	-3	det1=true
[3688]	65	79	-31	-24	-5	3	det1=true
[3689]	66	79	-22	-16	-5	-4	det1=true
[3690]	66	79	-26	-16	-5	4	det1=true
[3691]	70	79	-12	1	-4	6	det1=true
[3692]	75	79	-16	-17	-1	-7	det1=true
[3693]	75	79	-23	-17	-1	7	det1=true
[3694]	76	79	-32	-21	-5	-4	det1=true
[3695]	76	79	-36	-21	-5	4	det1=true
[3696]	77	79	-34	-33	-5	-3	det1=true
[3697]	77	79	-37	-33	-5	3	det1=true
[3698]	78	79	-32	-24	-4	-5	det1=true
[3699]	78	79	-37	-24	-4	5	det1=true
[3700]	79	79	-36	-22	-2	-6	det1=true
[3701]	79	79	-42	-22	-2	6	det1=true
[3702]	79	79	-31	-5	-7	1	det1=true
[3703]	47	80	-21	-12	-2	-5	det1=true
[3704]	47	80	-26	-12	-2	5	det1=true
[3705]	50	80	-8	-1	-1	-6	det1=true
[3706]	50	80	-14	-1	-1	6	det1=true
[3707]	53	80	-16	-1	-1	-6	det1=true
[3708]	53	80	-22	-1	-1	6	det1=true
[3709]	54	80	-18	-1	-1	-6	det1=true
[3710]	54	80	-24	-1	-1	6	det1=true
[3711]	58	80	-20	-2	-5	4	det1=true
[3712]	62	80	-24	-9	-6	-2	det1=true
[3713]	62	80	-26	-9	-6	2	det1=true
[3714]	62	80	-12	-3	-3	-6	det1=true
[3715]	62	80	-18	-3	-3	6	det1=true
[3716]	63	80	-23	-16	-4	5	det1=true
[3717]	67	80	-33	-16	-6	-1	det1=true
[3718]	67	80	-34	-16	-6	1	det1=true
[3719]	69	80	-8	-3	-6	4	det1=true
[3720]	70	80	-25	-24	-2	-6	det1=true
[3721]	70	80	-31	-24	-2	6	det1=true
[3722]	24	77	-4	-5	-1	-4	det1=true
[3723]	24	77	-8	-5	-1	4	det1=true
[3724]	39	77	-16	0	-5	-1	det1=true
[3725]	39	77	-17	0	-5	1	det1=true
[3726]	53	77	-24	-1	-5	3	det1=true
[3727]	55	77	-18	-1	-6	-1	det1=true
[3728]	56	77	-12	-14	-1	-6	det1=true
[3729]	56	77	-18	-14	-1	6	det1=true
[3730]	56	77	-2	2	-5	-4	det1=true
[3731]	56	77	-6	2	-5	4	det1=true
[3732]	59	77	-28	-8	-5	-3	det1=true
[3733]	59	77	-31	-8	-5	3	det1=true
[3734]	63	77	-20	-5	-4	-5	det1=true
[3735]	63	77	-25	-5	-4	5	det1=true
[3736]	67	77	-21	-19	-6	-2	det1=true
[3737]	67	77	-23	-19	-6	2	det1=true
[3738]	69	77	-12	-1	-1	7	det1=true
[3739]	71	77	-12	-5	-7	-1	det1=true
[3740]	71	77	-13	-5	-7	1	det1=true
[3741]	71	77	-9	-8	-1	-7	det1=true
[3742]	71	77	-16	-8	-1	7	det1=true
[3743]	73	77	-16	-1	-1	-7	det1=true
[3744]	73	77	-23	-1	-1	7	det1=true
[3745]	75	77	-35	-8	-5	-4	det1=true
[3746]	75	77	-39	-8	-5	4	det1=true
[3747]	39	78	-4	0	-2	5	det1=true
[3748]	43	78	-15	-2	-2	-5	det1=true
[3749]	43	78	-20	-2	-2	5	det1=true
[3750]	47	78	-20	-10	-2	-5	det1=true
[3751]	47	78	-25	-10	-2	5	det1=true
[3752]	57	78	-10	0	-5	-4	det1=true
[3753]	57	78	-14	0	-5	4	det1=true
[3754]	60	78	-17	0	-4	-5	det1=true
[3755]	60	78	-22	0	-4	5	det1=true
[3756]	61	78	-19	2	-4	-5	det1=true
[3757]	61	78	-24	2	-4	5	det1=true
[3758]	62	78	-10	-4	-6	3	det1=true
[3759]	63	78	-22	-4	-5	-4	det1=true
[3760]	63	78	-26	-4	-5	4	det1=true
[3761]	68	78	-26	-12	-4	-5	det1=true
[3762]	68	78	-31	-12	-4	5	det1=true
[3763]	69	78	-16	-16	-3	-6	det1=true
[3764]	69	78	-22	-16	-3	6	det1=true
[3765]	72	78	-36	-25	-1	6	det1=true
[3766]	35	79	-4	-2	-5	-1	det1=true
[3767]	35	79	-5	-2	-5	1	det1=true
[3768]	39	79	-5	0	-5	-2	det1=true
[3769]	51	79	-20	-21	-2	-5	det1=true
[3770]	51	79	-25	-21	-2	5	det1=true
[3771]	53	79	-22	-6	-5	-3	det1=true
[3772]	53	79	-25	-6	-5	3	det1=true
[3773]	53	79	-21	-7	-3	-5	det1=true
[3774]	53	79	-26	-7	-3	5	det1=true
[3775]	53	79	-17	1	-6	-1	det1=true
[3776]	53	79	-14	-7	-6	-1	det1=true
[3777]	53	79	-15	-7	-6	1	det1=true
[3778]	57	79	-16	-3	-4	5	det1=true
[3779]	60	79	-17	-6	-4	-5	det1=true
[3780]	60	79	-22	-6	-4	5	det1=true
[3781]	63	79	-23	-5	-5	-4	det1=true
[3782]	63	79	-27	-5	-5	4	det1=true
[3783]	63	79	-22	-7	-4	-5	det1=true
[3784]	66	79	-20	-13	-3	6	det1=true
[3785]	67	79	-31	-10	-5	4	det1=true
[3786]	67	79	-6	0	-7	-1	det1=true
[3787]	67	79	-7	0	-7	1	det1=true
[3788]	67	79	-3	-3	-1	-7	det1=true
[3789]	68	79	-29	-22	-6	-1	det1=true
[3790]	68	79	-30	-22	-6	1	det1=true
[3791]	69	79	-14	2	-7	-1	det1=true
[3792]	69	79	-15	2	-7	1	det1=true
[3793]	69	79	-13	-2	-7	-1	det1=true
[3794]	69	79	-14	-2	-7	1	det1=true
[3795]	69	79	-10	-5	-1	-7	det1=true
[3796]	69	79	-17	-5	-1	7	det1=true
[3797]	70	79	-34	-12	-5	4	det1=true
[3798]	70	79	-6	1	-4	-6	det1=true
[3799]	72	79	-29	-18	-4	-5	det1=true
[3800]	72	79	-34	-18	-4	5	det1=true
[3801]	73	79	-11	-1	-2	-7	det1=true
[3802]	73	79	-18	-1	-2	7	det1=true
[3803]	77	79	1	1	-3	-7	det1=true
[3804]	77	79	-6	1	-3	7	det1=true
[3805]	78	79	-21	-2	-2	-7	det1=true
[3806]	37	80	-14	-8	-4	-3	det1=true
[3807]	37	80	-17	-8	-4	3	det1=true
[3808]	42	80	-13	-8	-2	-5	det1=true
[3809]	42	80	-18	-8	-2	5	det1=true
[3810]	50	80	-22	-18	-2	-5	det1=true
[3811]	50	80	-27	-18	-2	5	det1=true
[3812]	51	80	-22	-20	-2	-5	det1=true
[3813]	54	80	-26	-21	-5	-2	det1=true
[3814]	54	80	-28	-21	-5	2	det1=true
[3815]	56	80	-14	-5	-6	-2	det1=true
[3816]	56	80	-16	-5	-6	2	det1=true
[3817]	57	80	-12	-11	-2	-6	det1=true
[3818]	57	80	-18	-11	-2	6	det1=true
[3819]	58	80	-16	-2	-5	-4	det1=true
[3820]	59	80	-18	0	-4	-5	det1=true
[3821]	59	80	-23	0	-4	5	det1=true
[3822]	61	80	-24	-5	-6	-2	det1=true
[3823]	61	80	-26	-5	-6	2	det1=true
[3824]	61	80	-22	-7	-2	-6	det1=true
[3825]	61	80	-28	-7	-2	6	det1=true
[3826]	63	80	-22	-10	-4	-5	det1=true
[3827]	63	80	-27	-10	-4	5	det1=true
[3828]	68	80	-33	-12	-6	2	det1=true
[3829]	71	80	-30	-19	-2	-6	det1=true
[3830]	71	80	-36	-19	-2	6	det1=true
[3831]	73	80	-33	-26	-6	-1	det1=true
[3832]	73	80	-29	-24	-2	-6	det1=true
[3833]	73	80	-12	-11	-6	-4	det1=true
[3834]	73	80	-16	-11	-6	4	det1=true
[3835]	77	80	-24	-3	-6	-4	det1=true
[3836]	77	80	-28	-3	-6	4	det1=true
[3837]	79	80	-23	-12	-4	-6	det1=true
[3838]	79	80	-29	-12	-4	6	det1=true
[3839]	24	77	-6	-1	-1	-4	det1=true
[3840]	49	77	-12	1	-3	-5	det1=true
[3841]	49	77	-17	1	-3	5	det1=true
[3842]	53	77	-21	-1	-5	-3	det1=true
[3843]	53	77	-20	-2	-3	-5	det1=true
[3844]	53	77	-25	-2	-3	5	det1=true
[3845]	53	77	-20	-5	-5	-3	det1=true
[3846]	53	77	-23	-5	-5	3	det1=true
[3847]	59	77	-23	-17	-5	-3	det1=true
[3848]	59	77	-26	-17	-5	3	det1=true
[3849]	62	77	-26	-7	-1	-6	det1=true
[3850]	62	77	-32	-7	-1	6	det1=true
[3851]	62	77	-28	-16	-1	6	det1=true
[3852]	64	77	-28	-9	-1	-6	det1=true
[3853]	64	77	-34	-9	-1	6	det1=true
[3854]	66	77	-19	-16	-4	-5	det1=true
[3855]	66	77	-24	-16	-4	5	det1=true
[3856]	68	77	-26	-10	-5	-4	det1=true
[3857]	70	77	-21	-10	-6	-3	det1=true
[3858]	70	77	-24	-10	-6	3	det1=true
[3859]	71	77	-29	-12	-5	-4	det1=true
[3860]	71	77	-33	-12	-5	4	det1=true
[3861]	73	77	-16	-7	-7	-1	det1=true
[3862]	73	77	-17	-7	-7	1	det1=true
[3863]	73	77	-13	-10	-1	-7	det1=true
[3864]	74	77	-15	-6	-6	4	det1=true
[3865]	74	77	-10	-7	-4	-6	det1=true
[3866]	74	77	-16	-7	-4	6	det1=true
[3867]	7	78	-3	-2	-2	-1	det1=true
[3868]	7	78	-4	-2	-2	1	det1=true
[3869]	40	78	-8	2	-5	-2	det1=true
[3870]	40	78	-10	2	-5	2	det1=true
[3871]	42	78	-10	-8	-2	-5	det1=true
[3872]	42	78	-15	-8	-2	5	det1=true
[3873]	44	78	-14	-10	-2	-5	det1=true
[3874]	51	78	-6	-4	-1	-6	det1=true
[3875]	51	78	-12	-4	-1	6	det1=true
[3876]	54	78	-12	-10	-1	-6	det1=true
[3877]	54	78	-18	-10	-1	6	det1=true
[3878]	59	78	-12	-8	-5	-4	det1=true
[3879]	59	78	-16	-8	-5	4	det1=true
[3880]	62	78	-7	-4	-6	-3	det1=true
[3881]	64	78	-26	-10	-4	5	det1=true
[3882]	67	78	-28	-3	-5	-4	det1=true
[3883]	67	78	-32	-3	-5	4	det1=true
[3884]	68	78	-29	-2	-4	-5	det1=true
[3885]	68	78	-34	-2	-4	5	det1=true
[3886]	73	78	-8	-2	-2	-7	det1=true
[3887]	73	78	-15	-2	-2	7	det1=true
[3888]	37	79	-10	-6	-1	-5	det1=true
[3889]	37	79	-15	-6	-1	5	det1=true
[3890]	49	79	-16	1	-5	-3	det1=true
[3891]	49	79	-19	1	-5	3	det1=true
[3892]	50	79	-8	2	-6	-1	det1=true
[3893]	58	79	-12	-7	-5	-4	det1=true
[3894]	58	79	-16	-7	-5	4	det1=true
[3895]	64	79	-23	-14	-6	-2	det1=true
[3896]	64	79	-25	-14	-6	2	det1=true
[3897]	65	79	-23	-3	-3	6	det1=true
[3898]	67	79	-27	-10	-5	-4	det1=true
[3899]	70	79	-30	-12	-5	-4	det1=true
[3900]	71	79	-5	-1	-7	-2	det1=true
[3901]	71	79	-7	-1	-7	2	det1=true
[3902]	74	79	-28	-23	-5	-4	det1=true
[3903]	74	79	-32	-23	-5	4	det1=true
[3904]	77	79	-35	-3	-6	-3	det1=true
[3905]	77	79	-38	-3	-6	3	det1=true
[3906]	79	79	-30	-5	-7	-1	det1=true
[3907]	33	80	-3	2	-4	-3	det1=true
[3908]	33	80	-6	2	-4	3	det1=true
[3909]	39	80	-8	2	-5	-2	det1=true
[3910]	39	80	-10	2	-5	2	det1=true
[3911]	42	80	-14	-6	-2	-5	det1=true
[3912]	42	80	-19	-6	-2	5	det1=true
[3913]	48	80	-22	-14	-5	-2	det1=true
[3914]	48	80	-24	-14	-5	2	det1=true
[3915]	51	80	-27	-20	-2	5	det1=true
[3916]	54	80	-2	0	-4	-5	det1=true
[3917]	54	80	-7	0	-4	5	det1=true
[3918]	57	80	-14	-9	-6	-2	det1=true
[3919]	57	80	-16	-9	-6	2	det1=true
[3920]	61	80	-17	-16	-2	-6	det1=true
[3921]	61	80	-23	-16	-2	6	det1=true
[3922]	64	80	-22	-17	-6	-2	det1=true
[3923]	64	80	-24	-17	-6	2	det1=true
[3924]	64	80	-21	-2	-6	3	det1=true
[3925]	69	80	-26	-4	-6	-3	det1=true
[3926]	69	80	-29	-4	-6	3	det1=true
[3927]	71	80	-11	-4	-4	-6	det1=true
[3928]	71	80	-17	-4	-4	6	det1=true
[3929]	78	80	-62	-3	-3	4	det1=true
[3930]	80	80	-30	1	-7	2	det1=true
[3931]	29	77	-10	-2	-4	-2	det1=true
[3932]	29	77	-12	-2	-4	2	det1=true
[3933]	47	77	-21	-18	-1	-5	det1=true
[3934]	47	77	-26	-18	-1	5	det1=true
[3935]	47	77	-5	1	-3	-5	det1=true
[3936]	47	77	-10	1	-3	5	det1=true
[3937]	49	77	-13	2	-5	-3	det1=true
[3938]	49	77	-16	2	-5	3	det1=true
[3939]	54	77	-12	-7	-1	-6	det1=true
[3940]	54	77	-18	-7	-1	6	det1=true
[3941]	55	77	-19	-1	-6	1	det1=true
[3942]	56	77	-6	0	-4	5	det1=true
[3943]	59	77	-22	-18	-3	-5	det1=true
[3944]	59	77	-27	-18	-3	5	det1=true
[3945]	59	77	-21	-9	-1	-6	det1=true
[3946]	59	77	-27	-9	-1	6	det1=true
[3947]	60	77	-16	2	-5	-4	det1=true
[3948]	60	77	-20	2	-5	4	det1=true
[3949]	62	77	-22	-16	-1	-6	det1=true
[3950]	62	77	-19	-2	-4	-5	det1=true
[3951]	62	77	-24	-2	-4	5	det1=true
[3952]	64	77	-22	-5	-5	-4	det1=true
[3953]	64	77	-26	-5	-5	4	det1=true
[3954]	65	77	-21	-23	-1	-6	det1=true
[3955]	69	77	-5	-1	-1	-7	det1=true
[3956]	70	77	-28	-23	-1	-6	det1=true
[3957]	70	77	-34	-23	-1	6	det1=true
[3958]	73	77	-24	-13	-6	-3	det1=true
[3959]	73	77	-27	-13	-6	3	det1=true
[3960]	73	77	-21	-17	-6	-3	det1=true
[3961]	73	77	-19	2	-7	-1	det1=true
[3962]	73	77	-20	2	-7	1	det1=true
[3963]	73	77	-20	-10	-1	7	det1=true
[3964]	73	77	-11	1	-6	-4	det1=true
[3965]	74	77	-11	-6	-6	-4	det1=true
[3966]	75	77	-19	-5	-1	-7	det1=true
[3967]	75	77	-26	-5	-1	7	det1=true
[3968]	77	77	-21	-9	-1	-7	det1=true
[3969]	77	77	-28	-9	-1	7	det1=true
[3970]	40	78	-5	-4	-2	-5	det1=true
[3971]	40	78	-10	-4	-2	5	det1=true
[3972]	44	78	-19	-10	-2	5	det1=true
[3973]	50	78	-20	-18	-5	-2	det1=true
[3974]	64	78	-34	-30	-2	5	det1=true
[3975]	68	78	-19	-10	-6	-3	det1=true
[3976]	68	78	-22	-10	-6	3	det1=true
[3977]	76	78	-30	-22	-4	-5	det1=true
[3978]	76	78	-35	-22	-4	5	det1=true
[3979]	43	79	-21	-12	-5	-1	det1=true
[3980]	43	79	-22	-12	-5	1	det1=true
[3981]	50	79	-9	2	-6	1	det1=true
[3982]	54	79	-19	0	-6	-1	det1=true
[3983]	54	79	-20	0	-6	1	det1=true
[3984]	55	79	-24	-9	-5	-3	det1=true
[3985]	55	79	-27	-9	-5	3	det1=true
[3986]	55	79	-23	-11	-5	-3	det1=true
[3987]	55	79	-26	-11	-5	3	det1=true
[3988]	55	79	-5	2	-5	-4	det1=true
[3989]	55	79	-9	2	-5	4	det1=true
[3990]	58	79	-18	-3	-5	4	det1=true
[3991]	59	79	-25	-17	-3	-5	det1=true
[3992]	59	79	-30	-17	-3	5	det1=true
[3993]	60	79	-17	-12	-6	-2	det1=true
[3994]	60	79	-19	-12	-6	2	det1=true
[3995]	60	79	-15	-14	-2	-6	det1=true
[3996]	60	79	-21	-14	-2	6	det1=true
[3997]	61	79	-21	-9	-6	-2	det1=true
[3998]	61	79	-23	-9	-6	2	det1=true
[3999]	64	79	-30	-30	-2	-5	det1=true
[4000]	64	79	-25	0	-4	-5	det1=true
[4001]	65	79	-17	-3	-3	-6	det1=true
[4002]	66	79	-14	-13	-3	-6	det1=true
[4003]	67	79	-10	-3	-1	7	det1=true
[4004]	69	79	-16	-7	-1	7	det1=true
[4005]	71	79	-4	1	-2	-7	det1=true
[4006]	71	79	-11	1	-2	7	det1=true
[4007]	72	79	-7	-4	-2	-7	det1=true
[4008]	72	79	-14	-4	-2	7	det1=true
[4009]	74	79	-32	0	-6	-3	det1=true
[4010]	74	79	-35	0	-6	3	det1=true
[4011]	74	79	-22	-21	-3	-6	det1=true
[4012]	34	80	-8	1	-3	-4	det1=true
[4013]	34	80	-12	1	-3	4	det1=true
[4014]	56	80	-12	-7	-2	-6	det1=true
[4015]	56	80	-18	-7	-2	6	det1=true
[4016]	63	80	-18	-16	-4	-5	det1=true
[4017]	67	80	-28	-3	-3	6	det1=true
[4018]	68	80	-31	-12	-6	-2	det1=true
[4019]	68	80	-35	-14	-2	6	det1=true
[4020]	71	80	-26	-22	-5	-4	det1=true
[4021]	71	80	-30	-22	-5	4	det1=true
[4022]	72	80	-10	-4	-2	-7	det1=true
[4023]	72	80	-17	-4	-2	7	det1=true
[4024]	73	80	-35	-24	-2	6	det1=true
[4025]	74	80	-15	-4	-2	-7	det1=true
[4026]	74	80	-22	-4	-2	7	det1=true
[4027]	78	80	-58	-3	-3	-4	det1=true
[4028]	78	80	-34	-11	-3	-6	det1=true
[4029]	79	80	-46	-6	-1	-6	det1=true
[4030]	24	77	-10	-1	-1	4	det1=true
[4031]	41	77	-18	-7	-5	-1	det1=true
[4032]	41	77	-19	-7	-5	1	det1=true
[4033]	56	77	-1	0	-4	-5	det1=true
[4034]	59	77	-19	-13	-1	-6	det1=true
[4035]	59	77	-25	-13	-1	6	det1=true
[4036]	61	77	-27	-5	-6	-1	det1=true
[4037]	61	77	-28	-5	-6	1	det1=true
[4038]	66	77	-24	-8	-5	-4	det1=true
[4039]	69	77	-8	2	-7	-1	det1=true
[4040]	69	77	-9	2	-7	1	det1=true
[4041]	75	77	-19	-9	-7	-1	det1=true
[4042]	75	77	-20	-9	-7	1	det1=true
[4043]	40	78	-6	-2	-2	-5	det1=true
[4044]	40	78	-11	-2	-2	5	det1=true
[4045]	42	78	-14	-1	-5	-2	det1=true
[4046]	42	78	-16	-1	-5	2	det1=true
[4047]	45	78	-16	-11	-5	-2	det1=true
[4048]	45	78	-18	-11	-5	2	det1=true
[4049]	46	78	-22	-2	-5	-2	det1=true
[4050]	46	78	-24	-2	-5	2	det1=true
[4051]	64	78	-23	-12	-6	-2	det1=true
[4052]	64	78	-25	-12	-6	2	det1=true
[4053]	64	78	-21	-14	-2	-6	det1=true
[4054]	64	78	-27	-14	-2	6	det1=true
[4055]	64	78	-21	-10	-4	-5	det1=true
[4056]	72	78	-30	-25	-1	-6	det1=true
[4057]	74	78	-29	-20	-4	-5	det1=true
[4058]	34	79	-10	0	-3	4	det1=true
[4059]	40	79	-6	-6	-2	-5	det1=true
[4060]	40	79	-11	-6	-2	5	det1=true
[4061]	41	79	-11	-5	-5	-2	det1=true
[4062]	41	79	-13	-5	-5	2	det1=true
[4063]	53	79	-18	1	-6	1	det1=true
[4064]	60	79	-8	1	-3	6	det1=true
[4065]	61	79	-33	-6	-1	6	det1=true
[4066]	64	79	-25	-20	-6	-1	det1=true
[4067]	64	79	-21	-16	-2	-6	det1=true
[4068]	64	79	-27	-16	-2	6	det1=true
[4069]	65	79	-27	-25	-3	-5	det1=true
[4070]	65	79	-32	-25	-3	5	det1=true
[4071]	69	79	-12	-4	-7	-1	det1=true
[4072]	69	79	-13	-4	-7	1	det1=true
[4073]	69	79	-9	-7	-1	-7	det1=true
[4074]	75	79	-19	-3	-6	-4	det1=true
[4075]	75	79	-23	-3	-6	4	det1=true
[4076]	78	79	-28	-2	-2	7	det1=true
[4077]	39	80	-6	-2	-2	-5	det1=true
[4078]	39	80	-11	-2	-2	5	det1=true
[4079]	64	80	-18	-2	-6	-3	det1=true
[4080]	67	80	-22	-3	-3	-6	det1=true
[4081]	71	80	-10	1	-7	-2	det1=true
[4082]	71	80	-12	1	-7	2	det1=true
[4083]	78	80	-40	-11	-3	6	det1=true
[4084]	79	80	-38	-28	-6	-1	det1=true
[4085]	79	80	-39	-28	-6	1	det1=true
[4086]	79	80	-32	-18	-3	-6	det1=true
[4087]	52	77	-8	-2	-1	-6	det1=true
[4088]	52	77	-14	-2	-1	6	det1=true
[4089]	58	77	-20	-10	-6	-1	det1=true
[4090]	58	77	-21	-10	-6	1	det1=true
[4091]	64	77	-30	-8	-6	-1	det1=true
[4092]	64	77	-31	-8	-6	1	det1=true
[4093]	65	77	-27	-23	-1	6	det1=true
[4094]	69	77	-29	-5	-5	-4	det1=true
[4095]	69	77	-33	-5	-5	4	det1=true
[4096]	71	77	-31	-5	-4	-5	det1=true
[4097]	71	77	-36	-5	-4	5	det1=true
[4098]	73	77	-15	1	-6	4	det1=true
[4099]	56	78	-6	2	-4	-5	det1=true
[4100]	56	78	-11	2	-4	5	det1=true
[4101]	58	78	-25	-26	-2	-5	det1=true
[4102]	58	78	-30	-26	-2	5	det1=true
[4103]	67	78	-28	2	-4	-5	det1=true
[4104]	67	78	-33	2	-4	5	det1=true
[4105]	78	78	-20	-6	-7	-2	det1=true
[4106]	78	78	-22	-6	-7	2	det1=true
[4107]	58	79	-14	-3	-5	-4	det1=true
[4108]	53	80	-4	1	-2	-6	det1=true
[4109]	53	80	-10	1	-2	6	det1=true
[4110]	59	80	-26	-1	-1	-6	det1=true
[4111]	59	80	-32	-1	-1	6	det1=true
[4112]	59	80	-22	3	-6	-2	det1=true
[4113]	59	80	-24	3	-6	2	det1=true
[4114]	69	80	-4	-3	-6	-4	det1=true
[4115]	70	80	-27	-22	-6	-2	det1=true
[4116]	70	80	-29	-22	-6	2	det1=true
[4117]	80	80	-28	1	-7	-2	det1=true
[4118]	55	77	-23	-6	-5	-3	det1=true
[4119]	55	77	-26	-6	-5	3	det1=true
[4120]	57	77	-7	-1	-5	-4	det1=true
[4121]	57	77	-11	-1	-5	4	det1=true
[4122]	66	77	-26	1	-5	-4	det1=true
[4123]	66	77	-22	-12	-5	-4	det1=true
[4124]	66	77	-26	-12	-5	4	det1=true
[4125]	75	77	-16	-12	-1	-7	det1=true
[4126]	75	77	-23	-12	-1	7	det1=true
[4127]	45	78	-19	-2	-2	-5	det1=true
[4128]	45	78	-20	-3	-5	-2	det1=true
[4129]	45	78	-22	-3	-5	2	det1=true
[4130]	46	78	-17	-12	-2	-5	det1=true
[4131]	46	78	-22	-12	-2	5	det1=true
[4132]	62	78	-20	-5	-5	-4	det1=true
[4133]	62	78	-24	-5	-5	4	det1=true
[4134]	64	78	-24	-2	-5	-4	det1=true
[4135]	64	78	-28	-2	-5	4	det1=true
[4136]	24	79	-10	0	-4	-1	det1=true
[4137]	24	79	-11	0	-4	1	det1=true
[4138]	43	79	-16	-3	-2	-5	det1=true
[4139]	43	79	-21	-3	-2	5	det1=true
[4140]	61	79	-19	-11	-2	-6	det1=true
[4141]	61	79	-25	-11	-2	6	det1=true
[4142]	79	79	-25	-5	-6	-4	det1=true
[4143]	79	79	-29	-5	-6	4	det1=true
[4144]	41	80	-13	0	-2	-5	det1=true
[4145]	41	80	-18	0	-2	5	det1=true
[4146]	68	80	-29	-14	-2	-6	det1=true
[4147]	71	80	-12	-3	-6	-4	det1=true
[4148]	71	80	-16	-3	-6	4	det1=true
[4149]	43	77	-14	1	-2	-5	det1=true
[4150]	43	77	-19	1	-2	5	det1=true
[4151]	66	77	-30	1	-5	4	det1=true
[4152]	72	78	-32	-18	-5	4	det1=true
[4153]	42	79	-12	-8	-5	-2	det1=true
[4154]	42	79	-14	-8	-5	2	det1=true
[4155]	69	79	-11	-1	-1	-7	det1=true
[4156]	69	79	-18	-1	-1	7	det1=true
[4157]	75	79	-19	-14	-7	-1	det1=true
[4158]	75	79	-20	-14	-7	1	det1=true
[4159]	39	80	-5	-4	-2	-5	det1=true
[4160]	39	80	-10	-4	-2	5	det1=true
[4161]	47	77	-23	-16	-5	-1	det1=true
[4162]	47	77	-24	-16	-5	1	det1=true
[4163]	47	77	-6	2	-5	-3	det1=true
[4164]	47	77	-9	2	-5	3	det1=true
[4165]	77	77	-17	-7	-4	-6	det1=true
[4166]	77	77	-23	-7	-4	6	det1=true
[4167]	41	78	-8	-6	-2	-5	det1=true
[4168]	41	78	-13	-6	-2	5	det1=true
[4169]	45	78	-18	-8	-5	-2	det1=true
[4170]	45	78	-20	-8	-5	2	det1=true
[4171]	70	78	-26	-17	-5	-4	det1=true
[4172]	72	78	-28	-18	-5	-4	det1=true
[4173]	55	79	-23	-10	-3	-5	det1=true
[4174]	55	79	-28	-10	-3	5	det1=true
[4175]	55	79	-22	-12	-3	-5	det1=true
[4176]	55	79	-27	-12	-3	5	det1=true
[4177]	56	79	-10	-7	-2	-6	det1=true
[4178]	70	79	-26	-28	-1	-6	det1=true
[4179]	70	79	-32	-28	-1	6	det1=true
[4180]	73	79	-29	-23	-6	-2	det1=true
[4181]	73	79	-31	-23	-6	2	det1=true
[4182]	79	79	-25	-1	-4	-6	det1=true
[4183]	79	79	-31	-1	-4	6	det1=true
[4184]	49	80	-6	2	-6	-1	det1=true
[4185]	49	80	-7	2	-6	1	det1=true
[4186]	50	80	-6	-6	-1	-6	det1=true
[4187]	65	80	-24	-18	-5	4	det1=true
[4188]	41	77	-20	-1	-5	-1	det1=true
[4189]	41	77	-21	-1	-5	1	det1=true
[4190]	74	77	-12	-3	-4	-6	det1=true
[4191]	74	77	-18	-3	-4	6	det1=true
[4192]	70	78	-30	-17	-5	4	det1=true
[4193]	41	80	-12	-6	-5	-2	det1=true
[4194]	41	80	-14	-6	-5	2	det1=true
[4195]	55	77	-22	-7	-3	-5	det1=true
[4196]	75	77	-32	-15	-4	-5	det1=true
[4197]	75	77	-37	-15	-4	5	det1=true
[4198]	71	78	-28	-16	-5	-4	det1=true
[4199]	75	78	-13	-4	-2	-7	det1=true
[4200]	75	78	-20	-4	-2	7	det1=true
[4201]	65	80	-20	-18	-5	-4	det1=true
[4202]	72	77	-29	-14	-4	-5	det1=true
[4203]	72	77	-34	-14	-4	5	det1=true
[4204]	74	77	-13	-2	-6	-4	det1=true
[4205]	74	77	-17	-2	-6	4	det1=true
[4206]	71	78	-32	-16	-5	4	det1=true
[4207]	74	78	-34	-10	-4	-5	det1=true
[4208]	74	78	-39	-10	-4	5	det1=true
[4209]	74	78	-15	2	-4	-6	det1=true
[4210]	71	79	-32	-23	-6	-1	det1=true
[4211]	71	79	-33	-23	-6	1	det1=true
[4212]	55	77	-19	-13	-3	-5	det1=true
[4213]	55	77	-24	-13	-3	5	det1=true
[4214]	52	79	-12	-2	-1	-6	det1=true
[4215]	52	79	-18	-2	-1	6	det1=true
[4216]	68	79	-33	-2	-6	-2	det1=true
[4217]	68	79	-35	-2	-6	2	det1=true
[4218]	68	79	-31	-4	-2	-6	det1=true
[4219]	68	79	-37	-4	-2	6	det1=true
[4220]	79	79	-38	-20	-6	-2	det1=true
[4221]	79	79	-40	-20	-6	2	det1=true
[4222]	79	79	-30	-30	-2	-6	det1=true
[4223]	79	79	-36	-30	-2	6	det1=true
[4224]	56	80	-14	1	-2	-6	det1=true
[4225]	56	80	-20	1	-2	6	det1=true
[4226]	75	80	-34	-2	-6	-3	det1=true
[4227]	75	80	-37	-2	-6	3	det1=true
[4228]	52	79	-8	-10	-1	-6	det1=true
[4229]	52	79	-14	-10	-1	6	det1=true
[4230]	68	80	-33	-18	-6	-1	det1=true
[4231]	68	80	-34	-18	-6	1	det1=true
[4232]	61	80	-19	-14	-6	-2	det1=true
[4233]	61	80	-21	-14	-6	2	det1=true
[4234]	64	80	-20	-19	-2	-6	det1=true
[4235]	64	80	-26	-19	-2	6	det1=true
[4236]	71	80	-32	-17	-6	-2	det1=true
[4237]	71	80	-34	-17	-6	2	det1=true
[4238]	70	79	-7	2	-6	-4	det1=true
[4239]	70	79	-11	2	-6	4	det1=true
[4240]	79	79	-25	0	-7	-2	det1=true
[4241]	79	79	-27	0	-7	2	det1=true
[4242]	53	80	-6	3	-6	-2	det1=true
[4243]	53	80	-8	3	-6	2	det1=true
[4244]	74	79	-34	-24	-1	-6	det1=true
[4245]	74	79	-40	-24	-1	6	det1=true
[4246]	59	80	-20	1	-2	-6	det1=true
[4247]	59	80	-26	1	-2	6	det1=true
[4248]	77	77	-18	-6	-6	-4	det1=true
[4249]	77	77	-22	-6	-6	4	det1=true
[4250]	77	77	-14	-12	-6	-4	det1=true
[4251]	77	77	-18	-12	-6	4	det1=true
[4252]	79	79	-26	0	-6	-4	det1=true
[4253]	79	79	-24	-6	-4	-6	det1=true
[4254]	79	79	-30	-6	-4	6	det1=true
[4255]	30	78	-10	-9	-2	-4	det1=true
[4256]	30	78	-14	-9	-2	4	det1=true
[4257]	83	83	-25	1	-3	-7	det1=true
[4258]	81	81	-28	-3	-2	-7	det1=true
[4259]	81	81	-35	-3	-2	7	det1=true
[4260]	26	82	-4	1	-2	-4	det1=true
[4261]	26	82	-8	1	-2	4	det1=true
[4262]	38	83	-7	-4	-2	-5	det1=true
[4263]	38	83	-12	-4	-2	5	det1=true
[4264]	67	83	-24	-11	-6	-3	det1=true
[4265]	67	83	-27	-11	-6	3	det1=true
[4266]	83	83	-27	3	-7	-3	det1=true
[4267]	68	84	-26	-11	-3	-6	det1=true
[4268]	68	84	-32	-11	-3	6	det1=true
[4269]	84	84	-10	-6	-4	-7	det1=true
[4270]	84	84	-17	-6	-4	7	det1=true
[4271]	26	81	-1	0	-2	-4	det1=true
[4272]	26	81	-5	0	-2	4	det1=true
[4273]	61	81	-11	-4	-3	-6	det1=true
[4274]	61	81	-17	-4	-3	6	det1=true
[4275]	69	81	-25	-8	-3	-6	det1=true
[4276]	66	82	-22	-7	-3	-6	det1=true
[4277]	66	82	-28	-7	-3	6	det1=true
[4278]	82	82	-37	-30	-6	-2	det1=true
[4279]	82	82	-39	-30	-6	2	det1=true
[4280]	13	83	-5	1	-3	-1	det1=true
[4281]	13	83	-6	1	-3	1	det1=true
[4282]	13	83	-4	0	-1	-3	det1=true
[4283]	13	83	-7	0	-1	3	det1=true
[4284]	27	83	-8	-6	-4	-2	det1=true
[4285]	27	83	-10	-6	-4	2	det1=true
[4286]	27	83	-7	-7	-2	-4	det1=true
[4287]	27	83	-11	-7	-2	4	det1=true
[4288]	66	83	-24	-20	-5	-4	det1=true
[4289]	66	83	-28	-20	-5	4	det1=true
[4290]	70	83	-28	-12	-6	-3	det1=true
[4291]	70	83	-31	-12	-6	3	det1=true
[4292]	69	84	-26	-14	-3	-6	det1=true
[4293]	69	84	-32	-14	-3	6	det1=true
[4294]	82	84	-38	-29	-5	-4	det1=true
[4295]	82	84	-42	-29	-5	4	det1=true
[4296]	45	81	-19	-11	-2	-5	det1=true
[4297]	45	81	-24	-11	-2	5	det1=true
[4298]	59	81	-19	-4	-5	-4	det1=true
[4299]	59	81	-23	-4	-5	4	det1=true
[4300]	71	81	-13	2	-7	-2	det1=true
[4301]	71	81	-15	2	-7	2	det1=true
[4302]	72	81	-12	-7	-7	-2	det1=true
[4303]	17	82	-4	0	-2	-3	det1=true
[4304]	17	82	-7	0	-2	3	det1=true
[4305]	28	82	-13	0	-4	-2	det1=true
[4306]	28	82	-15	0	-4	2	det1=true
[4307]	28	82	-9	-8	-4	-2	det1=true
[4308]	28	82	-11	-8	-4	2	det1=true
[4309]	37	82	-20	-8	-3	4	det1=true
[4310]	55	82	-23	-6	-6	-1	det1=true
[4311]	55	82	-24	-6	-6	1	det1=true
[4312]	70	82	-14	-3	-6	-4	det1=true
[4313]	70	82	-18	-3	-6	4	det1=true
[4314]	79	82	-6	0	-5	-6	det1=true
[4315]	79	82	-12	0	-5	6	det1=true
[4316]	37	83	-17	-8	-3	-4	det1=true
[4317]	53	83	-15	-7	-2	6	det1=true
[4318]	54	83	-19	-12	-6	-1	det1=true
[4319]	54	83	-20	-12	-6	1	det1=true
[4320]	57	83	-2	1	-6	-3	det1=true
[4321]	57	83	-5	1	-6	3	det1=true
[4322]	65	83	-12	3	-7	-1	det1=true
[4323]	65	83	-13	3	-7	1	det1=true
[4324]	67	83	-25	-9	-6	-3	det1=true
[4325]	67	83	-28	-9	-6	3	det1=true
[4326]	79	83	-14	-12	-7	-3	det1=true
[4327]	79	83	-17	-12	-7	3	det1=true
[4328]	22	84	-6	-1	-1	-4	det1=true
[4329]	22	84	-10	-1	-1	4	det1=true
[4330]	58	84	-22	2	-5	-4	det1=true
[4331]	58	84	-26	2	-5	4	det1=true
[4332]	59	84	-10	-7	-3	-6	det1=true
[4333]	59	84	-16	-7	-3	6	det1=true
[4334]	71	84	-29	-24	-4	-5	det1=true
[4335]	35	81	-7	-4	-1	-5	det1=true
[4336]	35	81	-12	-4	-1	5	det1=true
[4337]	37	81	-11	-9	-1	-5	det1=true
[4338]	37	81	-16	-9	-1	5	det1=true
[4339]	54	81	-18	-7	-1	-6	det1=true
[4340]	54	81	-24	-7	-1	6	det1=true
[4341]	54	81	-17	-12	-6	1	det1=true
[4342]	56	81	-25	0	-6	-1	det1=true
[4343]	56	81	-26	0	-6	1	det1=true
[4344]	58	81	-18	-19	-1	-6	det1=true
[4345]	58	81	-24	-19	-1	6	det1=true
[4346]	66	81	-30	-19	-1	-6	det1=true
[4347]	66	81	-36	-19	-1	6	det1=true
[4348]	67	81	-27	-25	-1	-6	det1=true
[4349]	71	81	-13	-15	-1	-7	det1=true
[4350]	71	81	-20	-15	-1	7	det1=true
[4351]	72	81	-32	-17	-5	-4	det1=true
[4352]	72	81	-36	-17	-5	4	det1=true
[4353]	74	81	-31	-22	-4	-5	det1=true
[4354]	74	81	-36	-22	-4	5	det1=true
[4355]	78	81	-31	-2	-2	7	det1=true
[4356]	79	81	-23	-11	-2	-7	det1=true
[4357]	39	82	-8	-6	-2	-5	det1=true
[4358]	39	82	-13	-6	-2	5	det1=true
[4359]	49	82	-12	0	-6	1	det1=true
[4360]	54	82	-18	-10	-1	-6	det1=true
[4361]	58	82	-24	-3	-6	2	det1=true
[4362]	59	82	-20	-4	-4	-5	det1=true
[4363]	59	82	-25	-4	-4	5	det1=true
[4364]	68	82	-26	-3	-3	-6	det1=true
[4365]	68	82	-32	-3	-3	6	det1=true
[4366]	80	82	-10	2	-5	-6	det1=true
[4367]	32	83	-4	1	-3	-4	det1=true
[4368]	32	83	-8	1	-3	4	det1=true
[4369]	32	83	-3	-2	-4	-3	det1=true
[4370]	32	83	-6	-2	-4	3	det1=true
[4371]	39	83	-15	1	-5	2	det1=true
[4372]	43	83	0	1	-3	-5	det1=true
[4373]	49	83	-19	-5	-3	-5	det1=true
[4374]	49	83	-24	-5	-3	5	det1=true
[4375]	52	83	-8	-1	-2	-6	det1=true
[4376]	52	83	-14	-1	-2	6	det1=true
[4377]	52	83	-7	-4	-2	-6	det1=true
[4378]	53	83	-22	-1	-6	-1	det1=true
[4379]	53	83	-23	-1	-6	1	det1=true
[4380]	56	83	-24	-6	-1	-6	det1=true
[4381]	56	83	-30	-6	-1	6	det1=true
[4382]	65	83	-28	-11	-4	-5	det1=true
[4383]	65	83	-10	2	-5	-5	det1=true
[4384]	67	83	-28	-20	-6	-2	det1=true
[4385]	67	83	-30	-20	-6	2	det1=true
[4386]	67	83	-6	-4	-6	-4	det1=true
[4387]	67	83	-10	-4	-6	4	det1=true
[4388]	67	83	-5	-5	-4	-6	det1=true
[4389]	67	83	-11	-5	-4	6	det1=true
[4390]	68	83	-12	3	-6	-4	det1=true
[4391]	68	83	-16	3	-6	4	det1=true
[4392]	68	83	-6	0	-2	-7	det1=true
[4393]	68	83	-13	0	-2	7	det1=true
[4394]	77	83	-24	-20	-7	-1	det1=true
[4395]	77	83	-25	-20	-7	1	det1=true
[4396]	77	83	-12	-8	-7	-3	det1=true
[4397]	77	83	-15	-8	-7	3	det1=true
[4398]	77	83	-10	-10	-3	-7	det1=true
[4399]	77	83	-17	-10	-3	7	det1=true
[4400]	78	83	-6	1	-5	-6	det1=true
[4401]	78	83	-12	1	-5	6	det1=true
[4402]	79	83	-28	-19	-7	-1	det1=true
[4403]	79	83	-29	-19	-7	1	det1=true
[4404]	83	83	-39	-6	-7	-1	det1=true
[4405]	83	83	-40	-6	-7	1	det1=true
[4406]	25	84	0	1	-2	-4	det1=true
[4407]	25	84	-4	1	-2	4	det1=true
[4408]	38	84	-8	-6	-5	-2	det1=true
[4409]	38	84	-10	-6	-5	2	det1=true
[4410]	45	84	-17	-18	-2	-5	det1=true
[4411]	45	84	-22	-18	-2	5	det1=true
[4412]	52	84	-5	-2	-4	-5	det1=true
[4413]	52	84	-10	-2	-4	5	det1=true
[4414]	67	84	-22	-16	-6	-3	det1=true
[4415]	68	84	-7	-6	-2	-7	det1=true
[4416]	74	84	-35	-24	-6	-2	det1=true
[4417]	74	84	-37	-24	-6	2	det1=true
[4418]	82	84	-34	-9	-6	-4	det1=true
[4419]	82	84	-38	-9	-6	4	det1=true
[4420]	23	81	-7	0	-1	-4	det1=true
[4421]	23	81	-11	0	-1	4	det1=true
[4422]	35	81	-11	2	-5	1	det1=true
[4423]	35	81	-9	-2	-5	-1	det1=true
[4424]	35	81	-10	-2	-5	1	det1=true
[4425]	37	81	-13	-7	-5	-1	det1=true
[4426]	37	81	-14	-7	-5	1	det1=true
[4427]	54	81	-16	-12	-6	-1	det1=true
[4428]	58	81	-28	0	-6	-1	det1=true
[4429]	58	81	-29	0	-6	1	det1=true
[4430]	60	81	-16	-13	-5	-4	det1=true
[4431]	63	81	-13	-10	-3	-6	det1=true
[4432]	63	81	-19	-10	-3	6	det1=true
[4433]	66	81	-22	-1	-3	-6	det1=true
[4434]	66	81	-28	-1	-3	6	det1=true
[4435]	71	81	-10	-3	-2	-7	det1=true
[4436]	71	81	-17	-3	-2	7	det1=true
[4437]	72	81	-26	-16	-6	-3	det1=true
[4438]	72	81	-29	-16	-6	3	det1=true
[4439]	75	81	-19	-3	-2	-7	det1=true
[4440]	77	81	-31	1	-7	-1	det1=true
[4441]	77	81	-32	1	-7	1	det1=true
[4442]	79	81	-22	-13	-2	-7	det1=true
[4443]	79	81	-29	-13	-2	7	det1=true
[4444]	40	82	-13	0	-2	-5	det1=true
[4445]	40	82	-18	0	-2	5	det1=true
[4446]	49	82	-11	0	-6	-1	det1=true
[4447]	52	82	-24	-22	-5	-2	det1=true
[4448]	52	82	-26	-22	-5	2	det1=true
[4449]	55	82	-16	-16	-1	-6	det1=true
[4450]	55	82	-22	-16	-1	6	det1=true
[4451]	59	82	-24	-16	-6	-1	det1=true
[4452]	59	82	-25	-16	-6	1	det1=true
[4453]	61	82	-24	-3	-5	-4	det1=true
[4454]	61	82	-28	-3	-5	4	det1=true
[4455]	61	82	-22	-15	-5	4	det1=true
[4456]	64	82	-21	-18	-4	-5	det1=true
[4457]	68	82	-29	-18	-2	-6	det1=true
[4458]	68	82	-35	-18	-2	6	det1=true
[4459]	68	82	-27	-4	-6	-3	det1=true
[4460]	68	82	-30	-4	-6	3	det1=true
[4461]	69	82	-4	-6	-2	-7	det1=true
[4462]	69	82	-11	-6	-2	7	det1=true
[4463]	70	82	-34	-15	-6	-2	det1=true
[4464]	70	82	-36	-15	-6	2	det1=true
[4465]	70	82	-13	-4	-4	-6	det1=true
[4466]	70	82	-19	-4	-4	6	det1=true
[4467]	74	82	-19	-2	-2	-7	det1=true
[4468]	80	82	-16	2	-5	6	det1=true
[4469]	82	82	-30	-6	-2	-7	det1=true
[4470]	82	82	-37	-6	-2	7	det1=true
[4471]	23	83	-9	-2	-1	-4	det1=true
[4472]	23	83	-13	-2	-1	4	det1=true
[4473]	33	83	-3	1	-5	-1	det1=true
[4474]	33	83	-4	1	-5	1	det1=true
[4475]	39	83	-13	1	-5	-2	det1=true
[4476]	43	83	-5	1	-3	5	det1=true
[4477]	47	83	-11	-11	-3	-5	det1=true
[4478]	47	83	-16	-11	-3	5	det1=true
[4479]	52	83	-9	-2	-6	-2	det1=true
[4480]	52	83	-13	-4	-2	6	det1=true
[4481]	53	83	-9	-7	-2	-6	det1=true
[4482]	59	83	-22	1	-4	-5	det1=true
[4483]	59	83	-17	-13	-5	-4	det1=true
[4484]	59	83	-21	-13	-5	4	det1=true
[4485]	63	83	-19	-4	-3	-6	det1=true
[4486]	63	83	-25	-4	-3	6	det1=true
[4487]	65	83	-33	-11	-4	5	det1=true
[4488]	69	83	-25	-24	-5	-4	det1=true
[4489]	69	83	-29	-24	-5	4	det1=true
[4490]	69	83	-14	-13	-1	-7	det1=true
[4491]	69	83	-21	-13	-1	7	det1=true
[4492]	70	83	-32	-16	-4	-5	det1=true
[4493]	70	83	-37	-16	-4	5	det1=true
[4494]	70	83	-17	2	-6	-4	det1=true
[4495]	71	83	-21	-9	-4	6	det1=true
[4496]	72	83	-15	-8	-2	-7	det1=true
[4497]	76	83	-35	-28	-6	2	det1=true
[4498]	77	83	-15	-3	-7	-3	det1=true
[4499]	77	83	-18	-3	-7	3	det1=true
[4500]	80	83	-24	-18	-7	-2	det1=true
[4501]	80	83	-26	-18	-7	2	det1=true
[4502]	80	83	-13	0	-6	-5	det1=true
[4503]	80	83	-18	0	-6	5	det1=true
[4504]	81	83	-35	-23	-6	-3	det1=true
[4505]	83	83	-33	-1	-2	-7	det1=true
[4506]	83	83	-40	-1	-2	7	det1=true
[4507]	83	83	-27	-20	-7	-2	det1=true
[4508]	83	83	-21	-14	-7	-3	det1=true
[4509]	83	83	-24	-14	-7	3	det1=true
[4510]	37	84	-6	-2	-5	-2	det1=true
[4511]	37	84	-8	-2	-5	2	det1=true
[4512]	41	84	-17	-4	-2	-5	det1=true
[4513]	60	84	-18	-16	-4	-5	det1=true
[4514]	60	84	-23	-16	-4	5	det1=true
[4515]	62	84	-26	-8	-4	-5	det1=true
[4516]	62	84	-31	-8	-4	5	det1=true
[4517]	63	84	-22	-2	-6	-3	det1=true
[4518]	68	84	-14	-6	-2	7	det1=true
[4519]	69	84	-28	-22	-5	-4	det1=true
[4520]	69	84	-32	-22	-5	4	det1=true
[4521]	73	84	-33	-22	-4	-5	det1=true
[4522]	73	84	-38	-22	-4	5	det1=true
[4523]	75	84	-34	-20	-6	3	det1=true
[4524]	75	84	-20	-14	-7	-2	det1=true
[4525]	75	84	-22	-14	-7	2	det1=true
[4526]	22	81	0	2	-4	-1	det1=true
[4527]	22	81	-1	2	-4	1	det1=true
[4528]	43	81	-17	-7	-2	-5	det1=true
[4529]	43	81	-22	-7	-2	5	det1=true
[4530]	48	81	0	-1	-1	-6	det1=true
[4531]	48	81	-6	-1	-1	6	det1=true
[4532]	55	81	-21	-1	-1	-6	det1=true
[4533]	55	81	-27	-1	-1	6	det1=true
[4534]	57	81	-14	-5	-4	-5	det1=true
[4535]	57	81	-19	-5	-4	5	det1=true
[4536]	59	81	-5	1	-3	-6	det1=true
[4537]	59	81	-11	1	-3	6	det1=true
[4538]	60	81	-20	-13	-5	4	det1=true
[4539]	61	81	-23	-13	-4	5	det1=true
[4540]	67	81	-23	-20	-5	-4	det1=true
[4541]	67	81	-27	-20	-5	4	det1=true
[4542]	69	81	-15	-7	-7	-1	det1=true
[4543]	71	81	-19	-8	-7	-1	det1=true
[4544]	71	81	-20	-8	-7	1	det1=true
[4545]	71	81	-16	-12	-7	-1	det1=true
[4546]	71	81	-17	-12	-7	1	det1=true
[4547]	72	81	-14	-7	-7	2	det1=true
[4548]	74	81	-13	-12	-2	-7	det1=true
[4549]	75	81	-26	-3	-2	7	det1=true
[4550]	78	81	-24	-2	-2	-7	det1=true
[4551]	17	82	-4	-1	-3	-2	det1=true
[4552]	17	82	-6	-1	-3	2	det1=true
[4553]	43	82	-19	-4	-2	-5	det1=true
[4554]	43	82	-24	-4	-2	5	det1=true
[4555]	45	82	-20	-12	-5	-2	det1=true
[4556]	45	82	-22	-12	-5	2	det1=true
[4557]	52	82	-5	-2	-2	-6	det1=true
[4558]	54	82	-24	-10	-1	6	det1=true
[4559]	56	82	-22	-9	-1	-6	det1=true
[4560]	56	82	-28	-9	-1	6	det1=true
[4561]	58	82	-22	-3	-6	-2	det1=true
[4562]	68	82	-31	-16	-6	-2	det1=true
[4563]	68	82	-33	-16	-6	2	det1=true
[4564]	68	82	-6	-5	-6	-4	det1=true
[4565]	68	82	-10	-5	-6	4	det1=true
[4566]	69	82	-28	-19	-5	-4	det1=true
[4567]	69	82	-32	-19	-5	4	det1=true
[4568]	70	82	-32	-17	-2	-6	det1=true
[4569]	70	82	-38	-17	-2	6	det1=true
[4570]	73	82	-30	-12	-3	-6	det1=true
[4571]	73	82	-36	-12	-3	6	det1=true
[4572]	75	82	-20	-9	-7	-2	det1=true
[4573]	75	82	-22	-9	-7	2	det1=true
[4574]	78	82	-28	2	-7	-2	det1=true
[4575]	33	83	-9	-1	-4	-3	det1=true
[4576]	33	83	-6	-1	-1	5	det1=true
[4577]	41	83	-3	-3	-4	-4	det1=true
[4578]	47	83	-19	-19	-2	-5	det1=true
[4579]	47	83	-24	-19	-2	5	det1=true
[4580]	49	83	-7	-9	-1	-6	det1=true
[4581]	49	83	-13	-9	-1	6	det1=true
[4582]	50	83	-16	2	-6	-1	det1=true
[4583]	50	83	-17	2	-6	1	det1=true
[4584]	52	83	-11	-2	-6	2	det1=true
[4585]	52	83	-2	2	-4	-5	det1=true
[4586]	52	83	-7	2	-4	5	det1=true
[4587]	54	83	-11	0	-4	-5	det1=true
[4588]	54	83	-16	0	-4	5	det1=true
[4589]	55	83	-23	-3	-1	-6	det1=true
[4590]	55	83	-29	-3	-1	6	det1=true
[4591]	56	83	-25	-8	-6	-1	det1=true
[4592]	59	83	-27	1	-4	5	det1=true
[4593]	59	83	-21	-6	-5	-4	det1=true
[4594]	59	83	-25	-6	-5	4	det1=true
[4595]	65	83	-9	0	-1	-7	det1=true
[4596]	65	83	-16	0	-1	7	det1=true
[4597]	69	83	-18	-10	-7	1	det1=true
[4598]	70	83	-16	1	-4	-6	det1=true
[4599]	70	83	-22	1	-4	6	det1=true
[4600]	71	83	-15	-9	-4	-6	det1=true
[4601]	72	83	-22	-8	-2	7	det1=true
[4602]	75	83	-27	-7	-1	-7	det1=true
[4603]	75	83	-34	-7	-1	7	det1=true
[4604]	76	83	-33	-28	-6	-2	det1=true
[4605]	77	83	-33	-18	-3	-6	det1=true
[4606]	77	83	-39	-18	-3	6	det1=true
[4607]	79	83	-25	-22	-1	-7	det1=true
[4608]	83	83	-26	-4	-7	-3	det1=true
[4609]	83	83	-24	-6	-3	-7	det1=true
[4610]	83	83	-19	-16	-3	-7	det1=true
[4611]	83	83	-26	-16	-3	7	det1=true
[4612]	24	84	-10	-9	-1	-4	det1=true
[4613]	39	84	-16	-1	-5	2	det1=true
[4614]	40	84	-13	-8	-2	-5	det1=true
[4615]	51	84	-12	-13	-1	-6	det1=true
[4616]	51	84	-18	-13	-1	6	det1=true
[4617]	52	84	-6	2	-4	-5	det1=true
[4618]	52	84	-11	2	-4	5	det1=true
[4619]	53	84	-14	-3	-6	-2	det1=true
[4620]	53	84	-16	-3	-6	2	det1=true
[4621]	53	84	-12	-5	-2	-6	det1=true
[4622]	53	84	-10	2	-4	-5	det1=true
[4623]	53	84	-15	2	-4	5	det1=true
[4624]	59	84	-18	-17	-2	-6	det1=true
[4625]	59	84	-24	-17	-2	6	det1=true
[4626]	62	84	-28	-1	-5	-4	det1=true
[4627]	62	84	-16	-10	-3	-6	det1=true
[4628]	62	84	-22	-10	-3	6	det1=true
[4629]	67	84	-25	-22	-4	-5	det1=true
[4630]	67	84	-30	-22	-4	5	det1=true
[4631]	74	84	-33	-26	-2	-6	det1=true
[4632]	74	84	-39	-26	-2	6	det1=true
[4633]	75	84	-31	-20	-6	-3	det1=true
[4634]	79	84	-12	-2	-5	-6	det1=true
[4635]	79	84	-18	-2	-5	6	det1=true
[4636]	82	84	-14	-12	-6	-5	det1=true
[4637]	82	84	-19	-12	-6	5	det1=true
[4638]	35	81	-10	2	-5	-1	det1=true
[4639]	39	81	-7	-5	-5	-2	det1=true
[4640]	39	81	-9	-5	-5	2	det1=true
[4641]	58	81	-22	1	-5	4	det1=true
[4642]	60	81	-18	-10	-4	-5	det1=true
[4643]	60	81	-23	-10	-4	5	det1=true
[4644]	61	81	-18	-13	-4	-5	det1=true
[4645]	63	81	-27	-11	-5	4	det1=true
[4646]	67	81	-13	1	-7	-1	det1=true
[4647]	67	81	-14	1	-7	1	det1=true
[4648]	67	81	-11	-4	-7	-1	det1=true
[4649]	67	81	-12	-4	-7	1	det1=true
[4650]	69	81	-1	-3	-2	-7	det1=true
[4651]	69	81	-8	-3	-2	7	det1=true
[4652]	77	81	-28	-2	-1	-7	det1=true
[4653]	77	81	-35	-2	-1	7	det1=true
[4654]	22	82	-2	-2	-1	-4	det1=true
[4655]	22	82	-6	-2	-1	4	det1=true
[4656]	34	82	-10	-4	-4	-3	det1=true
[4657]	34	82	-13	-4	-4	3	det1=true
[4658]	42	82	-17	-4	-2	-5	det1=true
[4659]	42	82	-22	-4	-2	5	det1=true
[4660]	49	82	-8	-4	-1	-6	det1=true
[4661]	49	82	-14	-4	-1	6	det1=true
[4662]	52	82	-11	-2	-2	6	det1=true
[4663]	55	82	-12	0	-4	-5	det1=true
[4664]	55	82	-17	0	-4	5	det1=true
[4665]	56	82	-19	2	-6	-2	det1=true
[4666]	56	82	-21	2	-6	2	det1=true
[4667]	57	82	-16	-4	-4	-5	det1=true
[4668]	57	82	-21	-4	-4	5	det1=true
[4669]	60	82	-24	1	-2	-6	det1=true
[4670]	60	82	-30	1	-2	6	det1=true
[4671]	61	82	-24	0	-4	-5	det1=true
[4672]	61	82	-29	0	-4	5	det1=true
[4673]	61	82	-18	-15	-5	-4	det1=true
[4674]	64	82	-30	-18	-6	-1	det1=true
[4675]	68	82	-28	-17	-5	-4	det1=true
[4676]	68	82	-32	-17	-5	4	det1=true
[4677]	74	82	-26	-2	-2	7	det1=true
[4678]	75	82	-32	-13	-3	-6	det1=true
[4679]	75	82	-38	-13	-3	6	det1=true
[4680]	79	82	-24	-12	-2	-7	det1=true
[4681]	82	82	-35	-32	-2	-6	det1=true
[4682]	82	82	-41	-32	-2	6	det1=true
[4683]	17	83	-5	-2	-3	-2	det1=true
[4684]	17	83	-7	-2	-3	2	det1=true
[4685]	33	83	-12	-1	-4	3	det1=true
[4686]	39	83	-16	-13	-5	-1	det1=true
[4687]	39	83	-17	-13	-5	1	det1=true
[4688]	39	83	-14	-15	-1	-5	det1=true
[4689]	39	83	-19	-15	-1	5	det1=true
[4690]	39	83	-16	-3	-2	5	det1=true
[4691]	40	83	-14	-2	-2	-5	det1=true
[4692]	40	83	-19	-2	-2	5	det1=true
[4693]	40	83	-14	-5	-5	-2	det1=true
[4694]	40	83	-16	-5	-5	2	det1=true
[4695]	49	83	-23	-4	-5	3	det1=true
[4696]	56	83	-26	-8	-6	1	det1=true
[4697]	56	83	-12	-10	-5	-4	det1=true
[4698]	56	83	-16	-10	-5	4	det1=true
[4699]	59	83	-21	-5	-4	-5	det1=true
[4700]	59	83	-26	-5	-4	5	det1=true
[4701]	60	83	-14	-2	-6	-3	det1=true
[4702]	67	83	-26	-22	-2	-6	det1=true
[4703]	67	83	-32	-22	-2	6	det1=true
[4704]	69	83	-17	-10	-7	-1	det1=true
[4705]	69	83	-11	-2	-7	-2	det1=true
[4706]	69	83	-13	-2	-7	2	det1=true
[4707]	71	83	-29	-31	-1	-6	det1=true
[4708]	71	83	-35	-31	-1	6	det1=true
[4709]	71	83	-18	0	-4	-6	det1=true
[4710]	71	83	-24	0	-4	6	det1=true
[4711]	71	83	-12	-9	-2	-7	det1=true
[4712]	71	83	-19	-9	-2	7	det1=true
[4713]	76	83	-31	-30	-2	-6	det1=true
[4714]	76	83	-37	-30	-2	6	det1=true
[4715]	80	83	-31	-4	-4	-6	det1=true
[4716]	80	83	-37	-4	-4	6	det1=true
[4717]	40	84	-18	-8	-2	5	det1=true
[4718]	43	84	-20	-9	-5	-2	det1=true
[4719]	43	84	-22	-9	-5	2	det1=true
[4720]	47	84	-24	-17	-5	2	det1=true
[4721]	53	84	-12	-5	-5	4	det1=true
[4722]	63	84	-25	-2	-6	3	det1=true
[4723]	67	84	-32	-7	-3	6	det1=true
[4724]	74	84	-34	-10	-3	-6	det1=true
[4725]	74	84	-40	-10	-3	6	det1=true
[4726]	76	84	-28	-3	-6	-4	det1=true
[4727]	76	84	-32	-3	-6	4	det1=true
[4728]	76	84	-27	-4	-4	-6	det1=true
[4729]	76	84	-33	-4	-4	6	det1=true
[4730]	84	84	-14	-2	-8	-1	det1=true
[4731]	84	84	-15	-2	-8	1	det1=true
[4732]	63	81	-23	-11	-5	-4	det1=true
[4733]	64	81	-19	-4	-6	-3	det1=true
[4734]	64	81	-22	-4	-6	3	det1=true
[4735]	69	81	-12	-10	-1	-7	det1=true
[4736]	69	81	-19	-10	-1	7	det1=true
[4737]	71	81	-19	-2	-1	-7	det1=true
[4738]	71	81	-26	-2	-1	7	det1=true
[4739]	40	82	-12	-6	-5	-2	det1=true
[4740]	40	82	-14	-6	-5	2	det1=true
[4741]	60	82	-11	-4	-6	-3	det1=true
[4742]	60	82	-14	-4	-6	3	det1=true
[4743]	64	82	-26	-18	-4	5	det1=true
[4744]	76	82	-26	3	-6	-4	det1=true
[4745]	77	82	-28	-24	-6	-3	det1=true
[4746]	77	82	-31	-24	-6	3	det1=true
[4747]	82	82	-30	-11	-7	-2	det1=true
[4748]	82	82	-32	-11	-7	2	det1=true
[4749]	34	83	-12	-1	-3	-4	det1=true
[4750]	34	83	-16	-1	-3	4	det1=true
[4751]	35	83	-9	-7	-5	-1	det1=true
[4752]	35	83	-10	-7	-5	1	det1=true
[4753]	39	83	-11	-3	-2	-5	det1=true
[4754]	43	83	-1	2	-5	-3	det1=true
[4755]	43	83	-4	2	-5	3	det1=true
[4756]	49	83	-20	-4	-5	-3	det1=true
[4757]	69	83	-7	-7	-2	-7	det1=true
[4758]	69	83	-14	-7	-2	7	det1=true
[4759]	71	83	-19	1	-6	-4	det1=true
[4760]	71	83	-23	1	-6	4	det1=true
[4761]	75	83	-21	-13	-7	2	det1=true
[4762]	77	83	-21	-23	-1	-7	det1=true
[4763]	77	83	-28	-23	-1	7	det1=true
[4764]	79	83	-32	-22	-1	7	det1=true
[4765]	22	84	-4	-5	-1	-4	det1=true
[4766]	22	84	-8	-5	-1	4	det1=true
[4767]	39	84	-14	-1	-5	-2	det1=true
[4768]	41	84	-22	-4	-2	5	det1=true
[4769]	54	84	-13	2	-4	-5	det1=true
[4770]	54	84	-18	2	-4	5	det1=true
[4771]	59	84	-26	-3	-6	-2	det1=true
[4772]	59	84	-28	-3	-6	2	det1=true
[4773]	64	84	-30	-5	-5	-4	det1=true
[4774]	64	84	-34	-5	-5	4	det1=true
[4775]	67	84	-26	-7	-3	-6	det1=true
[4776]	67	84	-9	-4	-4	-6	det1=true
[4777]	67	84	-15	-4	-4	6	det1=true
[4778]	73	84	-30	-26	-5	-4	det1=true
[4779]	73	84	-34	-26	-5	4	det1=true
[4780]	81	84	-36	-37	-1	-6	det1=true
[4781]	81	84	-42	-37	-1	6	det1=true
[4782]	52	81	-12	-10	-1	-6	det1=true
[4783]	58	81	-18	1	-5	-4	det1=true
[4784]	67	81	-31	-4	-5	-4	det1=true
[4785]	67	81	-35	-4	-5	4	det1=true
[4786]	69	81	-27	-28	-1	-6	det1=true
[4787]	69	81	-33	-28	-1	6	det1=true
[4788]	69	81	-16	-7	-7	1	det1=true
[4789]	52	82	-17	-6	-6	-1	det1=true
[4790]	52	82	-18	-6	-6	1	det1=true
[4791]	52	82	-9	0	-6	2	det1=true
[4792]	58	82	-20	-5	-2	-6	det1=true
[4793]	58	82	-26	-5	-2	6	det1=true
[4794]	73	82	-21	0	-6	-4	det1=true
[4795]	73	82	-25	0	-6	4	det1=true
[4796]	73	82	-20	-1	-4	-6	det1=true
[4797]	73	82	-26	-1	-4	6	det1=true
[4798]	78	82	-30	2	-7	2	det1=true
[4799]	33	83	-1	-1	-1	-5	det1=true
[4800]	38	83	-16	-13	-3	-4	det1=true
[4801]	38	83	-20	-13	-3	4	det1=true
[4802]	47	83	-12	-10	-5	-3	det1=true
[4803]	47	83	-15	-10	-5	3	det1=true
[4804]	68	83	-6	-3	-7	-2	det1=true
[4805]	68	83	-8	-3	-7	2	det1=true
[4806]	71	83	-16	-8	-6	-4	det1=true
[4807]	71	83	-20	-8	-6	4	det1=true
[4808]	73	83	-19	1	-2	-7	det1=true
[4809]	73	83	-26	1	-2	7	det1=true
[4810]	75	83	-19	-13	-7	-2	det1=true
[4811]	40	84	-14	-6	-2	-5	det1=true
[4812]	40	84	-19	-6	-2	5	det1=true
[4813]	53	84	-18	-5	-2	6	det1=true
[4814]	67	84	-10	-3	-6	-4	det1=true
[4815]	67	84	-14	-3	-6	4	det1=true
[4816]	45	81	-20	-9	-2	-5	det1=true
[4817]	51	81	-9	-10	-1	-6	det1=true
[4818]	51	81	-15	-10	-1	6	det1=true
[4819]	56	81	-13	2	-4	-5	det1=true
[4820]	56	81	-18	2	-4	5	det1=true
[4821]	52	82	-7	0	-6	-2	det1=true
[4822]	73	82	-18	-5	-7	-2	det1=true
[4823]	73	82	-20	-5	-7	2	det1=true
[4824]	59	83	-26	-6	-6	2	det1=true
[4825]	59	83	-22	-8	-2	-6	det1=true
[4826]	59	83	-28	-8	-2	6	det1=true
[4827]	61	83	-23	-13	-2	-6	det1=true
[4828]	61	83	-29	-13	-2	6	det1=true
[4829]	77	83	-30	-5	-1	-7	det1=true
[4830]	77	83	-37	-5	-1	7	det1=true
[4831]	83	83	-25	-7	-7	-3	det1=true
[4832]	83	83	-23	-9	-3	-7	det1=true
[4833]	47	84	-22	-17	-5	-2	det1=true
[4834]	50	84	-2	3	-6	-2	det1=true
[4835]	50	84	-4	3	-6	2	det1=true
[4836]	54	84	-25	0	-6	-1	det1=true
[4837]	54	84	-26	0	-6	1	det1=true
[4838]	59	84	-20	-15	-6	-2	det1=true
[4839]	59	84	-22	-15	-6	2	det1=true
[4840]	82	84	-34	-7	-7	-2	det1=true
[4841]	82	84	-36	-7	-7	2	det1=true
[4842]	46	81	-19	-14	-2	-5	det1=true
[4843]	46	81	-24	-14	-2	5	det1=true
[4844]	57	81	-13	-7	-4	-5	det1=true
[4845]	65	81	-1	-2	-1	-7	det1=true
[4846]	65	81	-8	-2	-1	7	det1=true
[4847]	70	81	-29	-2	-6	-3	det1=true
[4848]	70	81	-32	-2	-6	3	det1=true
[4849]	71	81	-22	1	-7	-1	det1=true
[4850]	71	81	-23	1	-7	1	det1=true
[4851]	80	81	-23	-14	-2	-7	det1=true
[4852]	80	81	-30	-14	-2	7	det1=true
[4853]	81	81	-34	-8	-7	-1	det1=true
[4854]	81	81	-35	-8	-7	1	det1=true
[4855]	61	83	-30	-13	-6	-1	det1=true
[4856]	61	83	-31	-13	-6	1	det1=true
[4857]	69	83	-31	-16	-5	-4	det1=true
[4858]	69	83	-35	-16	-5	4	det1=true
[4859]	75	83	-30	-4	-7	-1	det1=true
[4860]	75	83	-31	-4	-7	1	det1=true
[4861]	77	83	-33	-2	-7	-1	det1=true
[4862]	62	84	-32	-1	-5	4	det1=true
[4863]	63	84	-22	-18	-5	-4	det1=true
[4864]	63	84	-26	-18	-5	4	det1=true
[4865]	41	81	-16	-9	-2	5	det1=true
[4866]	53	81	-19	-3	-6	-1	det1=true
[4867]	53	81	-20	-3	-6	1	det1=true
[4868]	57	81	-18	-7	-4	5	det1=true
[4869]	78	81	-31	-28	-4	-5	det1=true
[4870]	78	81	-36	-28	-4	5	det1=true
[4871]	51	83	-23	-3	-3	-5	det1=true
[4872]	51	83	-28	-3	-3	5	det1=true
[4873]	59	83	-24	-6	-6	-2	det1=true
[4874]	61	83	-25	-11	-6	-2	det1=true
[4875]	61	83	-27	-11	-6	2	det1=true
[4876]	71	83	-27	-25	-5	-4	det1=true
[4877]	71	83	-31	-25	-5	4	det1=true
[4878]	77	83	-33	-27	-5	-4	det1=true
[4879]	77	83	-37	-27	-5	4	det1=true
[4880]	83	83	-59	-2	-5	3	det1=true
[4881]	10	84	0	1	-2	-2	det1=true
[4882]	50	84	0	1	-2	-6	det1=true
[4883]	53	84	-10	-1	-5	-4	det1=true
[4884]	53	84	-14	-1	-5	4	det1=true
[4885]	57	82	-12	-11	-5	-4	det1=true
[4886]	64	82	-25	-12	-4	-5	det1=true
[4887]	39	83	-17	-11	-1	-5	det1=true
[4888]	39	83	-22	-11	-1	5	det1=true
[4889]	51	83	-24	-2	-5	-3	det1=true
[4890]	63	83	-26	-9	-4	-5	det1=true
[4891]	63	83	-31	-9	-4	5	det1=true
[4892]	83	83	-36	-9	-1	-7	det1=true
[4893]	83	83	-43	-9	-1	7	det1=true
[4894]	82	84	-39	-10	-4	6	det1=true
[4895]	82	84	-24	-5	-5	6	det1=true
[4896]	84	84	-13	-4	-8	-1	det1=true
[4897]	84	84	-14	-4	-8	1	det1=true
[4898]	41	81	-11	-9	-2	-5	det1=true
[4899]	54	81	-4	-4	-4	-5	det1=true
[4900]	54	81	-9	-4	-4	5	det1=true
[4901]	82	84	-33	-10	-4	-6	det1=true
[4902]	82	84	-18	-5	-5	-6	det1=true
[4903]	55	81	-8	-5	-4	-5	det1=true
[4904]	55	81	-13	-5	-4	5	det1=true
[4905]	61	81	-27	-2	-5	4	det1=true
[4906]	72	82	-15	-2	-2	-7	det1=true
[4907]	72	82	-22	-2	-2	7	det1=true
[4908]	39	83	-19	-9	-5	-1	det1=true
[4909]	39	83	-20	-9	-5	1	det1=true
[4910]	68	83	-11	2	-4	-6	det1=true
[4911]	68	83	-17	2	-4	6	det1=true
[4912]	53	81	-16	-9	-6	-1	det1=true
[4913]	53	81	-17	-9	-6	1	det1=true
[4914]	61	81	-23	-2	-5	-4	det1=true
[4915]	81	81	-25	-13	-2	-7	det1=true
[4916]	54	83	-10	-4	-5	-4	det1=true
[4917]	54	83	-14	-4	-5	4	det1=true
[4918]	65	81	-28	-21	-6	-1	det1=true
[4919]	65	81	-29	-21	-6	1	det1=true
[4920]	73	83	-17	-10	-7	-2	det1=true
[4921]	68	81	-32	-5	-5	-4	det1=true
[4922]	68	81	-36	-5	-5	4	det1=true
[4923]	70	82	-30	-18	-5	-4	det1=true
[4924]	70	82	-34	-18	-5	4	det1=true
[4925]	54	82	-9	2	-4	-5	det1=true
[4926]	54	82	-14	2	-4	5	det1=true
[4927]	63	82	-27	2	-4	-5	det1=true
[4928]	63	82	-32	2	-4	5	det1=true
[4929]	67	81	-31	-1	-4	-5	det1=true
[4930]	67	81	-36	-1	-4	5	det1=true
[4931]	73	81	-29	-23	-4	-5	det1=true
[4932]	81	81	-38	-23	-4	-5	det1=true
[4933]	60	82	-26	3	-6	-2	det1=true
[4934]	30	83	-13	-12	-2	-4	det1=true
[4935]	72	81	-34	-13	-5	-4	det1=true
[4936]	81	85	-35	-13	-5	-5	det1=true
[4937]	81	85	-40	-13	-5	5	det1=true
[4938]	66	87	-12	-1	-7	-2	det1=true
[4939]	66	87	-14	-1	-7	2	det1=true
[4940]	87	87	-31	-28	-7	-2	det1=true
[4941]	87	87	-33	-28	-7	2	det1=true
[4942]	36	85	-2	0	-2	-5	det1=true
[4943]	36	85	-7	0	-2	5	det1=true
[4944]	51	85	-11	3	-6	-2	det1=true
[4945]	51	85	-13	3	-6	2	det1=true
[4946]	71	85	-31	-23	-5	-4	det1=true
[4947]	71	85	-35	-23	-5	4	det1=true
[4948]	74	85	-26	1	-4	-6	det1=true
[4949]	74	85	-32	1	-4	6	det1=true
[4950]	36	86	-5	0	-2	-5	det1=true
[4951]	36	86	-10	0	-2	5	det1=true
[4952]	62	86	-21	-20	-4	-5	det1=true
[4953]	62	86	-26	-20	-4	5	det1=true
[4954]	83	87	-33	-25	-1	-7	det1=true
[4955]	83	87	-40	-25	-1	7	det1=true
[4956]	76	88	-12	-6	-5	-6	det1=true
[4957]	76	88	-18	-6	-5	6	det1=true
[4958]	87	88	-26	-8	-8	-1	det1=true
[4959]	87	88	-27	-8	-8	1	det1=true
[4960]	43	85	-7	-2	-5	-3	det1=true
[4961]	43	85	-10	-2	-5	3	det1=true
[4962]	49	85	-19	-11	-5	-3	det1=true
[4963]	49	85	-22	-11	-5	3	det1=true
[4964]	55	85	-21	3	-6	-2	det1=true
[4965]	55	85	-23	3	-6	2	det1=true
[4966]	55	85	-19	1	-2	-6	det1=true
[4967]	55	85	-25	1	-2	6	det1=true
[4968]	55	85	-15	-7	-5	-4	det1=true
[4969]	55	85	-19	-7	-5	4	det1=true
[4970]	56	85	-2	-3	-3	-6	det1=true
[4971]	56	85	-8	-3	-3	6	det1=true
[4972]	60	85	-26	-2	-5	-4	det1=true
[4973]	60	85	-30	-2	-5	4	det1=true
[4974]	64	85	-31	-12	-6	-2	det1=true
[4975]	64	85	-33	-12	-6	2	det1=true
[4976]	66	85	-4	0	-2	-7	det1=true
[4977]	66	85	-11	0	-2	7	det1=true
[4978]	68	85	-31	0	-6	-3	det1=true
[4979]	68	85	-34	0	-6	3	det1=true
[4980]	75	85	-36	-35	-5	-3	det1=true
[4981]	75	85	-39	-35	-5	3	det1=true
[4982]	80	85	-32	-11	-6	-4	det1=true
[4983]	80	85	-36	-11	-6	4	det1=true
[4984]	82	85	-12	2	-8	-1	det1=true
[4985]	82	85	-13	2	-8	1	det1=true
[4986]	85	85	-37	-13	-6	-4	det1=true
[4987]	85	85	-41	-13	-6	4	det1=true
[4988]	85	85	-32	-27	-7	-1	det1=true
[4989]	85	85	-33	-27	-7	1	det1=true
[4990]	80	86	-36	-38	-1	-6	det1=true
[4991]	80	86	-42	-38	-1	6	det1=true
[4992]	83	86	-37	-10	-6	-4	det1=true
[4993]	60	87	-22	-16	-4	-5	det1=true
[4994]	60	87	-27	-16	-4	5	det1=true
[4995]	61	87	-7	0	-7	-1	det1=true
[4996]	61	87	-8	0	-7	1	det1=true
[4997]	69	87	-31	-10	-3	-6	det1=true
[4998]	69	87	-37	-10	-3	6	det1=true
[4999]	69	87	-14	-11	-2	-7	det1=true
[5000]	69	87	-21	-11	-2	7	det1=true
[5001]	78	87	-30	-13	-7	-2	det1=true
[5002]	78	87	-32	-13	-7	2	det1=true
[5003]	80	87	-34	-10	-7	-2	det1=true
[5004]	80	87	-36	-10	-7	2	det1=true
[5005]	87	87	-72	-10	-4	-2	det1=true
[5006]	49	88	-8	1	-2	-6	det1=true
[5007]	49	88	-14	1	-2	6	det1=true
[5008]	54	88	-18	-4	-4	-5	det1=true
[5009]	54	88	-23	-4	-4	5	det1=true
[5010]	75	88	-22	-21	-6	-4	det1=true
[5011]	75	88	-26	-21	-6	4	det1=true
[5012]	79	88	-14	-14	-5	-6	det1=true
[5013]	81	88	-1	4	-8	-2	det1=true
[5014]	81	88	-3	4	-8	2	det1=true
[5015]	84	88	-40	-34	-5	-4	det1=true
[5016]	84	88	-44	-34	-5	4	det1=true
[5017]	84	88	-29	0	-6	-5	det1=true
[5018]	84	88	-34	0	-6	5	det1=true
[5019]	37	85	-7	-3	-2	-5	det1=true
[5020]	37	85	-12	-3	-2	5	det1=true
[5021]	53	85	-22	-17	-3	-5	det1=true
[5022]	53	85	-27	-17	-3	5	det1=true
[5023]	55	85	-12	-11	-4	-5	det1=true
[5024]	55	85	-17	-11	-4	5	det1=true
[5025]	62	85	-28	-16	-4	5	det1=true
[5026]	70	85	-27	-26	-4	-5	det1=true
[5027]	70	85	-32	-26	-4	5	det1=true
[5028]	73	85	-24	-14	-1	-7	det1=true
[5029]	73	85	-31	-14	-1	7	det1=true
[5030]	77	85	-27	-13	-6	-4	det1=true
[5031]	77	85	-31	-13	-6	4	det1=true
[5032]	77	85	-20	1	-7	-3	det1=true
[5033]	77	85	-23	1	-7	3	det1=true
[5034]	79	85	-29	-20	-1	-7	det1=true
[5035]	79	85	-36	-20	-1	7	det1=true
[5036]	79	85	-15	2	-5	-6	det1=true
[5037]	79	85	-21	2	-5	6	det1=true
[5038]	81	85	-24	-23	-2	-7	det1=true
[5039]	81	85	-31	-23	-2	7	det1=true
[5040]	84	85	-16	1	-7	-4	det1=true
[5041]	85	85	-58	0	-3	-5	det1=true
[5042]	85	85	-63	0	-3	5	det1=true
[5043]	85	85	-37	-35	-4	-5	det1=true
[5044]	85	85	-36	-14	-4	-6	det1=true
[5045]	85	85	-42	-14	-4	6	det1=true
[5046]	16	86	-2	0	-2	-3	det1=true
[5047]	16	86	-5	0	-2	3	det1=true
[5048]	39	86	-15	-2	-2	-5	det1=true
[5049]	39	86	-20	-2	-2	5	det1=true
[5050]	47	86	-13	0	-6	1	det1=true
[5051]	53	86	-24	-21	-4	-4	det1=true
[5052]	53	86	-28	-21	-4	4	det1=true
[5053]	53	86	-24	-6	-6	-1	det1=true
[5054]	56	86	-24	-14	-1	-6	det1=true
[5055]	56	86	-22	1	-2	-6	det1=true
[5056]	64	86	-29	-16	-2	-6	det1=true
[5057]	64	86	-35	-16	-2	6	det1=true
[5058]	67	86	-19	-2	-6	4	det1=true
[5059]	68	86	-17	2	-4	-6	det1=true
[5060]	68	86	-23	2	-4	6	det1=true
[5061]	68	86	-16	1	-7	-2	det1=true
[5062]	68	86	-18	1	-7	2	det1=true
[5063]	69	86	-14	-9	-7	-2	det1=true
[5064]	69	86	-16	-9	-7	2	det1=true
[5065]	75	86	-28	-4	-7	-2	det1=true
[5066]	75	86	-30	-4	-7	2	det1=true
[5067]	77	86	-8	-8	-5	-6	det1=true
[5068]	77	86	-14	-8	-5	6	det1=true
[5069]	78	86	-27	-14	-2	-7	det1=true
[5070]	78	86	-34	-14	-2	7	det1=true
[5071]	80	86	-30	-24	-2	7	det1=true
[5072]	81	86	-33	-8	-2	-7	det1=true
[5073]	81	86	-40	-8	-2	7	det1=true
[5074]	81	86	-8	-4	-7	-4	det1=true
[5075]	81	86	-12	-4	-7	4	det1=true
[5076]	83	86	-36	-11	-4	-6	det1=true
[5077]	45	87	-9	-1	-1	6	det1=true
[5078]	54	87	-18	1	-5	-4	det1=true
[5079]	54	87	-22	1	-5	4	det1=true
[5080]	58	87	-23	-8	-4	-5	det1=true
[5081]	58	87	-28	-8	-4	5	det1=true
[5082]	63	87	-15	2	-7	-1	det1=true
[5083]	63	87	-16	2	-7	1	det1=true
[5084]	63	87	-12	-1	-1	-7	det1=true
[5085]	63	87	-19	-1	-1	7	det1=true
[5086]	68	87	-16	-9	-6	-4	det1=true
[5087]	68	87	-20	-9	-6	4	det1=true
[5088]	71	87	-24	-13	-1	-7	det1=true
[5089]	71	87	-31	-13	-1	7	det1=true
[5090]	73	87	-22	-21	-1	-7	det1=true
[5091]	73	87	-29	-21	-1	7	det1=true
[5092]	81	87	-11	-3	-1	-8	det1=true
[5093]	81	87	-19	-3	-1	8	det1=true
[5094]	83	87	-40	-15	-7	-1	det1=true
[5095]	83	87	-41	-15	-7	1	det1=true
[5096]	85	87	-27	-19	-7	-3	det1=true
[5097]	85	87	-30	-19	-7	3	det1=true
[5098]	86	87	-18	-13	-7	-4	det1=true
[5099]	86	87	-22	-13	-7	4	det1=true
[5100]	87	87	-25	-2	-7	-4	det1=true
[5101]	87	87	-29	-2	-7	4	det1=true
[5102]	46	88	-9	-6	-6	-1	det1=true
[5103]	47	88	-14	-4	-6	-1	det1=true
[5104]	47	88	-15	-4	-6	1	det1=true
[5105]	52	88	-25	-4	-6	-1	det1=true
[5106]	56	88	-22	-5	-5	-4	det1=true
[5107]	56	88	-26	-5	-5	4	det1=true
[5108]	58	88	-24	-9	-5	-4	det1=true
[5109]	58	88	-28	-9	-5	4	det1=true
[5110]	58	88	-21	-14	-4	-5	det1=true
[5111]	58	88	-26	-14	-4	5	det1=true
[5112]	63	88	-29	-14	-4	-5	det1=true
[5113]	63	88	-34	-14	-4	5	det1=true
[5114]	66	88	-16	-2	-7	2	det1=true
[5115]	67	88	-15	0	-2	-7	det1=true
[5116]	67	88	-22	0	-2	7	det1=true
[5117]	79	88	-20	-14	-5	6	det1=true
[5118]	80	88	-34	-8	-2	-7	det1=true
[5119]	80	88	-41	-8	-2	7	det1=true
[5120]	85	88	-17	-6	-8	2	det1=true
[5121]	86	88	-30	-8	-6	-5	det1=true
[5122]	86	88	-35	-8	-6	5	det1=true
[5123]	42	85	-15	-14	-2	-5	det1=true
[5124]	42	85	-20	-14	-2	5	det1=true
[5125]	43	85	-6	-3	-3	-5	det1=true
[5126]	43	85	-11	-3	-3	5	det1=true
[5127]	56	85	-17	-12	-2	-6	det1=true
[5128]	56	85	-23	-12	-2	6	det1=true
[5129]	57	85	-21	-2	-5	-4	det1=true
[5130]	57	85	-25	-2	-5	4	det1=true
[5131]	62	85	-23	-16	-4	-5	det1=true
[5132]	63	85	-10	1	-7	-1	det1=true
[5133]	63	85	-11	1	-7	1	det1=true
[5134]	68	85	-14	2	-7	-2	det1=true
[5135]	69	85	-15	-4	-7	-2	det1=true
[5136]	69	85	-17	-4	-7	2	det1=true
[5137]	73	85	-20	-9	-2	-7	det1=true
[5138]	73	85	-27	-9	-2	7	det1=true
[5139]	77	85	-26	-14	-4	-6	det1=true
[5140]	77	85	-32	-14	-4	6	det1=true
[5141]	79	85	-33	1	-7	-2	det1=true
[5142]	79	85	-32	-17	-7	-1	det1=true
[5143]	79	85	-33	-17	-7	1	det1=true
[5144]	80	85	-13	-10	-6	-5	det1=true
[5145]	80	85	-18	-10	-6	5	det1=true
[5146]	85	85	-42	-35	-4	5	det1=true
[5147]	85	85	-29	-30	-1	-7	det1=true
[5148]	85	85	-36	-30	-1	7	det1=true
[5149]	85	85	-6	0	-2	-8	det1=true
[5150]	85	85	-14	0	-2	8	det1=true
[5151]	31	86	-5	0	-4	-3	det1=true
[5152]	31	86	-8	0	-4	3	det1=true
[5153]	47	86	-12	0	-6	-1	det1=true
[5154]	55	86	-16	-8	-5	-4	det1=true
[5155]	55	86	-20	-8	-5	4	det1=true
[5156]	56	86	-24	3	-6	-2	det1=true
[5157]	56	86	-26	3	-6	2	det1=true
[5158]	56	86	-18	-8	-4	-5	det1=true
[5159]	56	86	-23	-8	-4	5	det1=true
[5160]	59	86	-28	-18	-6	1	det1=true
[5161]	60	86	-20	-17	-5	-4	det1=true
[5162]	60	86	-24	-17	-5	4	det1=true
[5163]	67	86	-15	-2	-6	-4	det1=true
[5164]	75	86	-24	-13	-7	-2	det1=true
[5165]	75	86	-26	-13	-7	2	det1=true
[5166]	77	86	-12	0	-5	-6	det1=true
[5167]	77	86	-18	0	-5	6	det1=true
[5168]	79	86	-16	-4	-5	-6	det1=true
[5169]	79	86	-22	-4	-5	6	det1=true
[5170]	80	86	-23	-24	-2	-7	det1=true
[5171]	81	86	-9	2	-4	-7	det1=true
[5172]	81	86	-16	2	-4	7	det1=true
[5173]	81	86	-6	-7	-1	-8	det1=true
[5174]	81	86	-14	-7	-1	8	det1=true
[5175]	82	86	-37	0	-4	-6	det1=true
[5176]	82	86	-43	0	-4	6	det1=true
[5177]	82	86	-20	-9	-5	-6	det1=true
[5178]	82	86	-26	-9	-5	6	det1=true
[5179]	83	86	-18	-5	-7	4	det1=true
[5180]	84	86	-7	-2	-8	-2	det1=true
[5181]	84	86	-9	-2	-8	2	det1=true
[5182]	84	86	-4	-5	-2	-8	det1=true
[5183]	84	86	-12	-5	-2	8	det1=true
[5184]	33	87	-10	-5	-5	1	det1=true
[5185]	33	87	-7	-7	-1	-5	det1=true
[5186]	33	87	-12	-7	-1	5	det1=true
[5187]	39	87	-17	-3	-5	-2	det1=true
[5188]	56	87	-22	2	-5	-4	det1=true
[5189]	56	87	-26	2	-5	4	det1=true
[5190]	63	87	-23	-8	-3	-6	det1=true
[5191]	63	87	-29	-8	-3	6	det1=true
[5192]	67	87	-16	-14	-1	-7	det1=true
[5193]	72	87	-34	-14	-6	-3	det1=true
[5194]	72	87	-37	-14	-6	3	det1=true
[5195]	72	87	-23	-2	-2	-7	det1=true
[5196]	73	87	-30	-10	-7	-1	det1=true
[5197]	73	87	-31	-10	-7	1	det1=true
[5198]	73	87	-15	2	-7	-3	det1=true
[5199]	73	87	-18	2	-7	3	det1=true
[5200]	81	87	-9	-7	-4	-7	det1=true
[5201]	81	87	-16	-7	-4	7	det1=true
[5202]	83	87	-20	-15	-6	-5	det1=true
[5203]	86	87	-37	-16	-2	-7	det1=true
[5204]	86	87	-44	-16	-2	7	det1=true
[5205]	86	87	-36	1	-5	6	det1=true
[5206]	16	88	-4	-3	-3	-2	det1=true
[5207]	16	88	-6	-3	-3	2	det1=true
[5208]	21	88	-6	-1	-1	-4	det1=true
[5209]	21	88	-10	-1	-1	4	det1=true
[5210]	22	88	-9	-6	-4	-1	det1=true
[5211]	22	88	-10	-6	-4	1	det1=true
[5212]	34	88	-15	-8	-4	-3	det1=true
[5213]	34	88	-18	-8	-4	3	det1=true
[5214]	46	88	-10	-1	-1	-6	det1=true
[5215]	46	88	-10	-6	-6	1	det1=true
[5216]	66	88	-14	-2	-7	-2	det1=true
[5217]	71	88	-30	-1	-6	4	det1=true
[5218]	72	88	-20	-15	-7	-2	det1=true
[5219]	72	88	-22	-15	-7	2	det1=true
[5220]	78	88	-38	-10	-2	7	det1=true
[5221]	85	88	-15	-6	-8	-2	det1=true
[5222]	86	88	-35	-24	-4	-6	det1=true
[5223]	86	88	-41	-24	-4	6	det1=true
[5224]	86	88	-22	-21	-5	-6	det1=true
[5225]	86	88	-28	-21	-5	6	det1=true
[5226]	88	88	-29	-16	-6	-5	det1=true
[5227]	88	88	-34	-16	-6	5	det1=true
[5228]	35	85	-16	-5	-4	-3	det1=true
[5229]	35	85	-19	-5	-4	3	det1=true
[5230]	37	85	-14	-12	-5	-1	det1=true
[5231]	37	85	-15	-12	-5	1	det1=true
[5232]	39	85	-15	-2	-5	-2	det1=true
[5233]	39	85	-17	-2	-5	2	det1=true
[5234]	39	85	-11	-9	-5	-2	det1=true
[5235]	39	85	-13	-9	-5	2	det1=true
[5236]	46	85	-22	-16	-5	-2	det1=true
[5237]	46	85	-24	-16	-5	2	det1=true
[5238]	47	85	-17	-7	-5	-3	det1=true
[5239]	49	85	-18	-12	-3	-5	det1=true
[5240]	49	85	-23	-12	-3	5	det1=true
[5241]	49	85	-16	-1	-6	-1	det1=true
[5242]	49	85	-17	-1	-6	1	det1=true
[5243]	53	85	-23	-16	-5	-3	det1=true
[5244]	53	85	-16	-2	-6	-2	det1=true
[5245]	53	85	-18	-2	-6	2	det1=true
[5246]	57	85	-7	-4	-3	-6	det1=true
[5247]	57	85	-13	-4	-3	6	det1=true
[5248]	62	85	-26	-23	-1	-6	det1=true
[5249]	62	85	-32	-23	-1	6	det1=true
[5250]	68	85	-16	2	-7	2	det1=true
[5251]	72	85	-15	-14	-2	-7	det1=true
[5252]	80	85	-31	-12	-4	-6	det1=true
[5253]	80	85	-24	-23	-6	-4	det1=true
[5254]	80	85	-28	-23	-6	4	det1=true
[5255]	81	85	-34	-15	-1	-7	det1=true
[5256]	81	85	-41	-15	-1	7	det1=true
[5257]	84	85	-3	4	-8	-2	det1=true
[5258]	84	85	-5	4	-8	2	det1=true
[5259]	31	86	-4	-2	-4	-3	det1=true
[5260]	31	86	-7	-2	-4	3	det1=true
[5261]	37	86	-16	-14	-4	-3	det1=true
[5262]	37	86	-19	-14	-4	3	det1=true
[5263]	39	86	-14	-7	-5	-2	det1=true
[5264]	39	86	-16	-7	-5	2	det1=true
[5265]	50	86	-18	-6	-6	-1	det1=true
[5266]	50	86	-19	-6	-6	1	det1=true
[5267]	52	86	-15	-2	-6	-2	det1=true
[5268]	52	86	-17	-2	-6	2	det1=true
[5269]	52	86	-13	-4	-2	-6	det1=true
[5270]	53	86	-25	-6	-6	1	det1=true
[5271]	56	86	-25	-14	-6	-1	det1=true
[5272]	56	86	-26	-14	-6	1	det1=true
[5273]	56	86	-19	-12	-6	-2	det1=true
[5274]	56	86	-21	-12	-6	2	det1=true
[5275]	56	86	-17	-14	-2	-6	det1=true
[5276]	56	86	-23	-14	-2	6	det1=true
[5277]	65	86	-4	0	-7	-2	det1=true
[5278]	65	86	-6	0	-7	2	det1=true
[5279]	66	86	-10	2	-7	-2	det1=true
[5280]	66	86	-12	2	-7	2	det1=true
[5281]	68	86	-13	-10	-4	-6	det1=true
[5282]	68	86	-19	-10	-4	6	det1=true
[5283]	69	86	-16	0	-2	-7	det1=true
[5284]	69	86	-23	0	-2	7	det1=true
[5285]	71	86	-20	0	-2	-7	det1=true
[5286]	74	86	-27	-2	-4	-6	det1=true
[5287]	81	86	-8	-3	-1	-8	det1=true
[5288]	81	86	-16	-3	-1	8	det1=true
[5289]	83	86	-28	-25	-4	-6	det1=true
[5290]	83	86	-34	-25	-4	6	det1=true
[5291]	83	86	-14	-5	-7	-4	det1=true
[5292]	86	86	-42	-18	-2	7	det1=true
[5293]	16	87	-3	-2	-2	-3	det1=true
[5294]	16	87	-6	-2	-2	3	det1=true
[5295]	33	87	-9	-5	-5	-1	det1=true
[5296]	45	87	-3	-1	-1	-6	det1=true
[5297]	53	87	-13	-7	-5	-4	det1=true
[5298]	53	87	-17	-7	-5	4	det1=true
[5299]	61	87	-4	-3	-1	-7	det1=true
[5300]	61	87	-11	-3	-1	7	det1=true
[5301]	63	87	-11	-7	-7	-1	det1=true
[5302]	63	87	-8	-10	-1	-7	det1=true
[5303]	65	87	-17	-7	-7	-1	det1=true
[5304]	65	87	-18	-7	-7	1	det1=true
[5305]	65	87	-14	-10	-1	-7	det1=true
[5306]	65	87	-21	-10	-1	7	det1=true
[5307]	65	87	-9	2	-7	-2	det1=true
[5308]	65	87	-11	2	-7	2	det1=true
[5309]	66	87	-27	-22	-4	-5	det1=true
[5310]	66	87	-32	-22	-4	5	det1=true
[5311]	67	87	-17	-1	-7	2	det1=true
[5312]	67	87	-12	-5	-2	-7	det1=true
[5313]	67	87	-19	-5	-2	7	det1=true
[5314]	72	87	-32	-26	-5	-4	det1=true
[5315]	72	87	-36	-26	-5	4	det1=true
[5316]	75	87	-29	-5	-7	-2	det1=true
[5317]	75	87	-31	-5	-7	2	det1=true
[5318]	77	87	-14	-3	-6	-5	det1=true
[5319]	77	87	-19	-3	-6	5	det1=true
[5320]	85	87	-25	-21	-3	-7	det1=true
[5321]	85	87	-32	-21	-3	7	det1=true
[5322]	85	87	-19	-7	-1	-8	det1=true
[5323]	85	87	-27	-7	-1	8	det1=true
[5324]	86	87	-23	-18	-6	-5	det1=true
[5325]	86	87	-28	-18	-6	5	det1=true
[5326]	31	88	-10	-4	-4	3	det1=true
[5327]	32	88	-12	1	-3	-4	det1=true
[5328]	32	88	-16	1	-3	4	det1=true
[5329]	39	88	-14	-10	-2	-5	det1=true
[5330]	39	88	-19	-10	-2	5	det1=true
[5331]	61	88	-26	-25	-1	-6	det1=true
[5332]	64	88	-26	-21	-5	-4	det1=true
[5333]	64	88	-30	-21	-5	4	det1=true
[5334]	69	88	-29	-26	-4	-5	det1=true
[5335]	69	88	-34	-26	-4	5	det1=true
[5336]	71	88	-26	-1	-6	-4	det1=true
[5337]	73	88	-28	-2	-7	-2	det1=true
[5338]	73	88	-30	-2	-7	2	det1=true
[5339]	73	88	-22	-15	-7	-2	det1=true
[5340]	73	88	-24	-15	-7	2	det1=true
[5341]	76	88	-14	-2	-6	-5	det1=true
[5342]	76	88	-19	-2	-6	5	det1=true
[5343]	78	88	-31	-10	-2	-7	det1=true
[5344]	78	88	-26	-20	-2	-7	det1=true
[5345]	78	88	-33	-20	-2	7	det1=true
[5346]	82	88	-36	-15	-6	-4	det1=true
[5347]	82	88	-40	-15	-6	4	det1=true
[5348]	82	88	-18	-4	-8	-1	det1=true
[5349]	83	88	-38	-13	-6	-4	det1=true
[5350]	83	88	-8	-5	-2	-8	det1=true
[5351]	83	88	-16	-5	-2	8	det1=true
[5352]	85	88	-39	-10	-2	-7	det1=true
[5353]	85	88	-46	-10	-2	7	det1=true
[5354]	86	88	-36	-23	-6	-4	det1=true
[5355]	86	88	-40	-23	-6	4	det1=true
[5356]	88	88	-30	2	-8	-1	det1=true
[5357]	88	88	-31	2	-8	1	det1=true
[5358]	88	88	-29	-4	-8	-1	det1=true
[5359]	88	88	-30	-4	-8	1	det1=true
[5360]	25	85	-3	-1	-2	-4	det1=true
[5361]	36	85	-1	-2	-2	-5	det1=true
[5362]	36	85	-6	-2	-2	5	det1=true
[5363]	37	85	-7	-4	-5	-2	det1=true
[5364]	37	85	-9	-4	-5	2	det1=true
[5365]	38	85	-8	-8	-2	-5	det1=true
[5366]	38	85	-13	-8	-2	5	det1=true
[5367]	39	85	-13	-5	-2	-5	det1=true
[5368]	40	85	-16	-6	-5	-2	det1=true
[5369]	40	85	-18	-6	-5	2	det1=true
[5370]	43	85	-18	-13	-2	-5	det1=true
[5371]	43	85	-23	-13	-2	5	det1=true
[5372]	43	85	-8	1	-5	-3	det1=true
[5373]	43	85	-11	1	-5	3	det1=true
[5374]	45	85	-19	-17	-2	-5	det1=true
[5375]	47	85	-20	-7	-5	3	det1=true
[5376]	53	85	-26	-16	-5	3	det1=true
[5377]	53	85	-14	-4	-2	-6	det1=true
[5378]	53	85	-20	-4	-2	6	det1=true
[5379]	72	85	-22	-14	-2	7	det1=true
[5380]	73	85	-7	-4	-7	-3	det1=true
[5381]	73	85	-10	-4	-7	3	det1=true
[5382]	74	85	-27	2	-6	-4	det1=true
[5383]	74	85	-31	2	-6	4	det1=true
[5384]	75	85	-24	-19	-1	-7	det1=true
[5385]	75	85	-31	-19	-1	7	det1=true
[5386]	76	85	-4	-2	-5	-6	det1=true
[5387]	76	85	-10	-2	-5	6	det1=true
[5388]	77	85	-7	-5	-6	-5	det1=true
[5389]	77	85	-12	-5	-6	5	det1=true
[5390]	80	85	-37	-12	-4	6	det1=true
[5391]	82	85	-9	0	-4	-7	det1=true
[5392]	82	85	-16	0	-4	7	det1=true
[5393]	83	85	-11	-4	-1	-8	det1=true
[5394]	83	85	-19	-4	-1	8	det1=true
[5395]	85	85	-65	-7	-5	2	det1=true
[5396]	34	86	-14	-6	-4	-3	det1=true
[5397]	34	86	-17	-6	-4	3	det1=true
[5398]	55	86	0	-1	-3	-6	det1=true
[5399]	57	86	-20	-8	-4	-5	det1=true
[5400]	57	86	-25	-8	-4	5	det1=true
[5401]	58	86	-29	-10	-2	6	det1=true
[5402]	59	86	-27	-18	-6	-1	det1=true
[5403]	68	86	-14	-9	-6	-4	det1=true
[5404]	68	86	-18	-9	-6	4	det1=true
[5405]	76	86	-29	-6	-4	-6	det1=true
[5406]	76	86	-35	-6	-4	6	det1=true
[5407]	77	86	-11	-4	-6	-5	det1=true
[5408]	77	86	-16	-4	-6	5	det1=true
[5409]	80	86	-37	-30	-4	-5	det1=true
[5410]	80	86	-42	-30	-4	5	det1=true
[5411]	80	86	-4	-2	-1	-8	det1=true
[5412]	80	86	-12	-2	-1	8	det1=true
[5413]	81	86	-12	4	-8	-1	det1=true
[5414]	81	86	-13	4	-8	1	det1=true
[5415]	86	86	-45	-10	-2	7	det1=true
[5416]	86	86	-35	-18	-2	-7	det1=true
[5417]	35	87	-12	-10	-1	-5	det1=true
[5418]	35	87	-17	-10	-1	5	det1=true
[5419]	36	87	-8	-1	-5	-2	det1=true
[5420]	36	87	-10	-1	-5	2	det1=true
[5421]	38	87	-14	-4	-5	-2	det1=true
[5422]	38	87	-16	-4	-5	2	det1=true
[5423]	45	87	-26	-17	-2	5	det1=true
[5424]	47	87	-20	-3	-3	-5	det1=true
[5425]	47	87	-25	-3	-3	5	det1=true
[5426]	52	87	-17	0	-6	-2	det1=true
[5427]	52	87	-19	0	-6	2	det1=true
[5428]	61	87	-23	-17	-4	-5	det1=true
[5429]	61	87	-28	-17	-4	5	det1=true
[5430]	64	87	-2	1	-7	-2	det1=true
[5431]	64	87	-4	1	-7	2	det1=true
[5432]	67	87	-19	-11	-7	-1	det1=true
[5433]	67	87	-20	-11	-7	1	det1=true
[5434]	72	87	-30	-2	-2	7	det1=true
[5435]	73	87	-34	-13	-1	7	det1=true
[5436]	79	87	-37	-30	-5	-4	det1=true
[5437]	79	87	-41	-30	-5	4	det1=true
[5438]	79	87	-29	-17	-7	-2	det1=true
[5439]	80	87	-8	-2	-1	-8	det1=true
[5440]	80	87	-16	-2	-1	8	det1=true
[5441]	81	87	-12	-5	-8	-1	det1=true
[5442]	81	87	-13	-5	-8	1	det1=true
[5443]	86	87	-30	1	-5	-6	det1=true
[5444]	32	88	-10	-6	-4	-3	det1=true
[5445]	32	88	-13	-6	-4	3	det1=true
[5446]	46	88	-16	-1	-1	6	det1=true
[5447]	49	88	-10	3	-6	-2	det1=true
[5448]	49	88	-12	3	-6	2	det1=true
[5449]	49	88	-2	2	-5	-4	det1=true
[5450]	49	88	-6	2	-5	4	det1=true
[5451]	54	88	-18	-5	-5	-4	det1=true
[5452]	54	88	-22	-5	-5	4	det1=true
[5453]	54	88	-16	-9	-5	-4	det1=true
[5454]	54	88	-20	-9	-5	4	det1=true
[5455]	56	88	-10	-6	-6	-3	det1=true
[5456]	65	88	-22	-18	-3	-6	det1=true
[5457]	65	88	-28	-18	-3	6	det1=true
[5458]	65	88	-13	-2	-4	-6	det1=true
[5459]	65	88	-19	-2	-4	6	det1=true
[5460]	73	88	-26	0	-2	-7	det1=true
[5461]	73	88	-33	0	-2	7	det1=true
[5462]	80	88	-22	-4	-6	-5	det1=true
[5463]	80	88	-27	-4	-6	5	det1=true
[5464]	82	88	-19	-4	-8	1	det1=true
[5465]	82	88	-14	-10	-8	-1	det1=true
[5466]	82	88	-15	-10	-8	1	det1=true
[5467]	83	88	-26	-6	-5	-6	det1=true
[5468]	83	88	-32	-6	-5	6	det1=true
[5469]	83	88	-26	-16	-6	5	det1=true
[5470]	85	88	-12	-9	-2	-8	det1=true
[5471]	85	88	-20	-9	-2	8	det1=true
[5472]	39	85	-14	-1	-2	-5	det1=true
[5473]	39	85	-19	-1	-2	5	det1=true
[5474]	51	85	-3	-1	-4	-5	det1=true
[5475]	51	85	-8	-1	-4	5	det1=true
[5476]	61	85	-22	-15	-4	-5	det1=true
[5477]	61	85	-27	-15	-4	5	det1=true
[5478]	63	85	-17	-14	-3	-6	det1=true
[5479]	63	85	-23	-14	-3	6	det1=true
[5480]	67	85	-9	-3	-7	-2	det1=true
[5481]	67	85	-11	-3	-7	2	det1=true
[5482]	73	85	-27	-11	-7	-1	det1=true
[5483]	73	85	-28	-11	-7	1	det1=true
[5484]	73	85	-23	-7	-4	-6	det1=true
[5485]	73	85	-29	-7	-4	6	det1=true
[5486]	77	85	-28	1	-2	-7	det1=true
[5487]	77	85	-35	1	-2	7	det1=true
[5488]	77	85	-29	-27	-6	-3	det1=true
[5489]	77	85	-32	-27	-6	3	det1=true
[5490]	81	85	-37	-12	-7	-1	det1=true
[5491]	81	85	-38	-12	-7	1	det1=true
[5492]	85	85	-9	3	-8	-2	det1=true
[5493]	85	85	-11	3	-8	2	det1=true
[5494]	51	86	-7	2	-4	-5	det1=true
[5495]	51	86	-12	2	-4	5	det1=true
[5496]	52	86	-17	-14	-6	-1	det1=true
[5497]	52	86	-18	-14	-6	1	det1=true
[5498]	52	86	-19	-4	-2	6	det1=true
[5499]	55	86	-6	-1	-3	6	det1=true
[5500]	58	86	-25	-8	-6	-2	det1=true
[5501]	58	86	-27	-8	-6	2	det1=true
[5502]	71	86	-27	0	-2	7	det1=true
[5503]	76	86	-30	-5	-6	-4	det1=true
[5504]	76	86	-34	-5	-6	4	det1=true
[5505]	83	86	-38	-1	-4	-6	det1=true
[5506]	83	86	-44	-1	-4	6	det1=true
[5507]	84	86	-16	-6	-7	-4	det1=true
[5508]	84	86	-20	-6	-7	4	det1=true
[5509]	86	86	-38	-10	-2	-7	det1=true
[5510]	35	87	-14	-8	-5	-1	det1=true
[5511]	35	87	-15	-8	-5	1	det1=true
[5512]	35	87	-1	1	-5	-2	det1=true
[5513]	35	87	-3	1	-5	2	det1=true
[5514]	56	87	-17	-12	-4	-5	det1=true
[5515]	56	87	-22	-12	-4	5	det1=true
[5516]	57	87	-14	1	-6	-3	det1=true
[5517]	57	87	-17	1	-6	3	det1=true
[5518]	59	87	-25	-7	-4	-5	det1=true
[5519]	59	87	-30	-7	-4	5	det1=true
[5520]	67	87	-23	-14	-1	7	det1=true
[5521]	72	87	-22	-10	-7	-2	det1=true
[5522]	72	87	-24	-10	-7	2	det1=true
[5523]	83	87	-35	-25	-2	7	det1=true
[5524]	83	87	-25	-15	-6	5	det1=true
[5525]	47	88	-10	-9	-1	-6	det1=true
[5526]	47	88	-16	-9	-1	6	det1=true
[5527]	49	88	-1	0	-4	-5	det1=true
[5528]	56	88	-13	-6	-6	3	det1=true
[5529]	61	88	-32	-25	-1	6	det1=true
[5530]	66	88	-28	-10	-3	-6	det1=true
[5531]	66	88	-34	-10	-3	6	det1=true
[5532]	70	88	-24	-3	-6	-4	det1=true
[5533]	70	88	-28	-3	-6	4	det1=true
[5534]	71	88	-18	-17	-6	-4	det1=true
[5535]	71	88	-22	-17	-6	4	det1=true
[5536]	74	88	-6	-4	-6	-5	det1=true
[5537]	74	88	-11	-4	-6	5	det1=true
[5538]	79	88	-26	-22	-2	-7	det1=true
[5539]	79	88	-33	-22	-2	7	det1=true
[5540]	79	88	-21	0	-6	-5	det1=true
[5541]	82	88	-35	-16	-4	-6	det1=true
[5542]	82	88	-41	-16	-4	6	det1=true
[5543]	82	88	-17	-6	-8	-1	det1=true
[5544]	82	88	-18	-6	-8	1	det1=true
[5545]	84	88	-24	-14	-5	-6	det1=true
[5546]	84	88	-30	-14	-5	6	det1=true
[5547]	84	88	-18	-10	-7	-4	det1=true
[5548]	84	88	-22	-10	-7	4	det1=true
[5549]	22	85	-8	-2	-4	-1	det1=true
[5550]	37	85	-9	0	-5	-2	det1=true
[5551]	37	85	-11	0	-5	2	det1=true
[5552]	39	85	-18	-5	-2	5	det1=true
[5553]	42	85	-20	-7	-5	-2	det1=true
[5554]	47	85	-19	-1	-5	-3	det1=true
[5555]	47	85	-22	-1	-5	3	det1=true
[5556]	52	85	-16	-13	-1	-6	det1=true
[5557]	52	85	-22	-13	-1	6	det1=true
[5558]	55	85	-24	-19	-5	-3	det1=true
[5559]	55	85	-27	-19	-5	3	det1=true
[5560]	63	85	-7	-2	-1	-7	det1=true
[5561]	64	85	-29	-14	-2	-6	det1=true
[5562]	64	85	-35	-14	-2	6	det1=true
[5563]	79	85	-19	-10	-3	-7	det1=true
[5564]	79	85	-26	-10	-3	7	det1=true
[5565]	82	85	-36	1	-4	-6	det1=true
[5566]	82	85	-42	1	-4	6	det1=true
[5567]	33	86	-12	-4	-4	-3	det1=true
[5568]	33	86	-15	-4	-4	3	det1=true
[5569]	57	86	-19	-10	-4	-5	det1=true
[5570]	57	86	-24	-10	-4	5	det1=true
[5571]	64	86	-31	-14	-6	-2	det1=true
[5572]	64	86	-33	-14	-6	2	det1=true
[5573]	68	86	-18	3	-6	-4	det1=true
[5574]	83	86	-18	-15	-5	-6	det1=true
[5575]	83	86	-24	-15	-5	6	det1=true
[5576]	32	87	-10	-3	-3	-4	det1=true
[5577]	32	87	-14	-3	-3	4	det1=true
[5578]	41	87	0	1	-5	-3	det1=true
[5579]	41	87	-3	1	-5	3	det1=true
[5580]	53	87	-20	-1	-4	5	det1=true
[5581]	68	87	-15	-10	-4	-6	det1=true
[5582]	68	87	-21	-10	-4	6	det1=true
[5583]	71	87	-27	-10	-7	-1	det1=true
[5584]	71	87	-28	-10	-7	1	det1=true
[5585]	73	87	-27	-13	-1	-7	det1=true
[5586]	76	87	-31	-26	-6	-3	det1=true
[5587]	76	87	-34	-26	-6	3	det1=true
[5588]	83	87	-28	-25	-2	-7	det1=true
[5589]	87	87	-23	-5	-1	-8	det1=true
[5590]	87	87	-31	-5	-1	8	det1=true
[5591]	30	88	-3	2	-4	-3	det1=true
[5592]	30	88	-6	2	-4	3	det1=true
[5593]	31	88	-7	-4	-4	-3	det1=true
[5594]	66	88	-16	-3	-6	-4	det1=true
[5595]	66	88	-20	-3	-6	4	det1=true
[5596]	66	88	-15	-4	-4	-6	det1=true
[5597]	66	88	-21	-4	-4	6	det1=true
[5598]	70	88	-23	-4	-4	-6	det1=true
[5599]	70	88	-29	-4	-4	6	det1=true
[5600]	72	88	-23	-8	-2	-7	det1=true
[5601]	72	88	-30	-8	-2	7	det1=true
[5602]	79	88	-26	0	-6	5	det1=true
[5603]	82	88	-22	-12	-6	-5	det1=true
[5604]	82	88	-27	-12	-6	5	det1=true
[5605]	82	88	-11	-12	-4	-7	det1=true
[5606]	82	88	-18	-12	-4	7	det1=true
[5607]	83	88	-21	-16	-6	-5	det1=true
[5608]	86	88	-20	-13	-1	-8	det1=true
[5609]	86	88	-28	-13	-1	8	det1=true
[5610]	22	85	-9	-2	-4	1	det1=true
[5611]	32	85	-8	1	-3	-4	det1=true
[5612]	32	85	-12	1	-3	4	det1=true
[5613]	40	85	-13	-10	-2	-5	det1=true
[5614]	40	85	-18	-10	-2	5	det1=true
[5615]	55	85	-23	-20	-3	-5	det1=true
[5616]	55	85	-28	-20	-3	5	det1=true
[5617]	32	86	-10	2	-4	-3	det1=true
[5618]	58	86	-23	-10	-2	-6	det1=true
[5619]	83	86	-10	-11	-1	-8	det1=true
[5620]	83	86	-18	-11	-1	8	det1=true
[5621]	39	87	-19	-3	-5	2	det1=true
[5622]	51	87	-9	-1	-4	-5	det1=true
[5623]	51	87	-14	-1	-4	5	det1=true
[5624]	53	87	-15	-1	-4	-5	det1=true
[5625]	67	87	-15	-1	-7	-2	det1=true
[5626]	86	87	-16	-16	-1	-8	det1=true
[5627]	86	87	-24	-16	-1	8	det1=true
[5628]	54	88	-25	-12	-6	-1	det1=true
[5629]	54	88	-26	-12	-6	1	det1=true
[5630]	73	88	-23	-12	-2	-7	det1=true
[5631]	73	88	-30	-12	-2	7	det1=true
[5632]	85	88	-30	2	-5	-6	det1=true
[5633]	85	88	-36	2	-5	6	det1=true
[5634]	39	85	-19	-12	-5	-1	det1=true
[5635]	39	85	-20	-12	-5	1	det1=true
[5636]	47	85	-18	-2	-3	-5	det1=true
[5637]	47	85	-23	-2	-3	5	det1=true
[5638]	51	85	-9	1	-2	-6	det1=true
[5639]	51	85	-15	1	-2	6	det1=true
[5640]	52	85	-14	1	-6	-2	det1=true
[5641]	67	85	-27	-21	-4	-5	det1=true
[5642]	67	85	-32	-21	-4	5	det1=true
[5643]	85	85	-39	-5	-7	-2	det1=true
[5644]	46	86	-4	-5	-1	-6	det1=true
[5645]	46	86	-10	-5	-1	6	det1=true
[5646]	53	86	-14	0	-5	-4	det1=true
[5647]	53	86	-18	0	-5	4	det1=true
[5648]	74	86	-28	-1	-6	-4	det1=true
[5649]	83	86	-36	-4	-2	-7	det1=true
[5650]	86	86	-20	-3	-2	8	det1=true
[5651]	79	87	-31	-17	-7	2	det1=true
[5652]	10	88	-4	-3	-2	-2	det1=true
[5653]	10	88	-6	-3	-2	2	det1=true
[5654]	51	88	-10	-4	-4	-5	det1=true
[5655]	51	88	-15	-4	-4	5	det1=true
[5656]	71	88	-25	-2	-4	-6	det1=true
[5657]	84	88	-16	-13	-1	-8	det1=true
[5658]	84	88	-24	-13	-1	8	det1=true
[5659]	88	88	-42	-15	-7	-2	det1=true
[5660]	39	85	-17	-14	-1	-5	det1=true
[5661]	39	85	-22	-14	-1	5	det1=true
[5662]	52	85	-12	-1	-2	-6	det1=true
[5663]	52	85	-18	-1	-2	6	det1=true
[5664]	73	85	-24	-6	-6	-4	det1=true
[5665]	73	85	-28	-6	-6	4	det1=true
[5666]	77	85	-18	-1	-3	-7	det1=true
[5667]	77	85	-25	-1	-3	7	det1=true
[5668]	83	86	-43	-4	-2	7	det1=true
[5669]	83	86	-29	-24	-6	-4	det1=true
[5670]	83	86	-33	-24	-6	4	det1=true
[5671]	83	86	-12	-8	-1	-8	det1=true
[5672]	83	86	-20	-8	-1	8	det1=true
[5673]	35	87	0	1	-2	-5	det1=true
[5674]	35	87	-5	1	-2	5	det1=true
[5675]	73	85	-5	-6	-3	-7	det1=true
[5676]	73	85	-12	-6	-3	7	det1=true
[5677]	75	85	-34	-17	-6	-3	det1=true
[5678]	75	85	-37	-17	-6	3	det1=true
[5679]	57	86	-22	-3	-5	-4	det1=true
[5680]	57	86	-26	-3	-5	4	det1=true
[5681]	83	86	-12	-8	-7	-4	det1=true
[5682]	83	86	-16	-8	-7	4	det1=true
[5683]	68	87	-20	2	-7	2	det1=true
[5684]	71	88	-31	-2	-4	6	det1=true
[5685]	82	88	-30	-23	-7	-2	det1=true
[5686]	82	88	-32	-23	-7	2	det1=true
[5687]	86	86	-12	-3	-2	-8	det1=true
[5688]	47	85	-16	-8	-3	-5	det1=true
[5689]	47	85	-21	-8	-3	5	det1=true
[5690]	42	86	-20	-9	-5	-2	det1=true
[5691]	42	86	-22	-9	-5	2	det1=true
[5692]	50	86	-9	0	-6	-2	det1=true
[5693]	50	86	-11	0	-6	2	det1=true
[5694]	86	86	-52	-22	-5	4	det1=true
[5695]	41	87	-14	-15	-2	-5	det1=true
[5696]	41	87	-19	-15	-2	5	det1=true
[5697]	68	87	-18	2	-7	-2	det1=true
[5698]	67	88	-30	-30	-1	-6	det1=true
[5699]	67	88	-36	-30	-1	6	det1=true
[5700]	72	86	-34	-22	-5	-4	det1=true
[5701]	83	87	-5	-3	-2	-8	det1=true
[5702]	47	87	-21	-2	-5	-3	det1=true
[5703]	47	87	-24	-2	-5	3	det1=true
[5704]	50	86	-7	-2	-2	-6	det1=true
[5705]	50	86	-13	-2	-2	6	det1=true
[5706]	71	87	-25	3	-6	-4	det1=true
[5707]	71	87	-29	3	-6	4	det1=true
[5708]	60	86	-19	-2	-6	-3	det1=true
[5709]	60	86	-22	-2	-6	3	det1=true
[5710]	82	88	-21	-8	-4	7	det1=true
[5711]	82	88	-15	-6	-4	-7	det1=true
[5712]	82	88	-22	-6	-4	7	det1=true
[5713]	82	88	-14	-8	-4	-7	det1=true
[5714]	80	86	-37	-32	-2	-6	det1=true
[5715]	80	86	-43	-32	-2	6	det1=true
[5716]	82	88	-18	1	-7	-4	det1=true
[5717]	77	89	-35	-11	-1	-7	det1=true
[5718]	77	89	-42	-11	-1	7	det1=true
[5719]	88	89	-14	3	-6	-6	det1=true
[5720]	88	89	-20	3	-6	6	det1=true
[5721]	24	90	-6	1	-2	-4	det1=true
[5722]	24	90	-10	1	-2	4	det1=true
[5723]	34	91	-3	-4	-2	-5	det1=true
[5724]	34	91	-8	-4	-2	5	det1=true
[5725]	73	91	-33	-8	-1	-7	det1=true
[5726]	73	91	-40	-8	-1	7	det1=true
[5727]	48	92	-14	3	-6	-2	det1=true
[5728]	48	92	-16	3	-6	2	det1=true
[5729]	76	92	-10	2	-4	-7	det1=true
[5730]	76	92	-17	2	-4	7	det1=true
[5731]	87	89	-7	-7	-6	-6	det1=true
[5732]	89	89	-39	-30	-7	-1	det1=true
[5733]	89	89	-40	-30	-7	1	det1=true
[5734]	34	90	-1	-2	-2	-5	det1=true
[5735]	34	90	-6	-2	-2	5	det1=true
[5736]	54	90	-18	-10	-4	-5	det1=true
[5737]	54	90	-23	-10	-4	5	det1=true
[5738]	57	90	-28	-18	-6	-1	det1=true
[5739]	57	90	-29	-18	-6	1	det1=true
[5740]	57	91	-27	-26	-5	-3	det1=true
[5741]	57	91	-30	-26	-5	3	det1=true
[5742]	73	91	-27	-14	-7	-2	det1=true
[5743]	73	91	-29	-14	-7	2	det1=true
[5744]	73	91	-26	-23	-7	-1	det1=true
[5745]	73	91	-27	-23	-7	1	det1=true
[5746]	84	91	-34	-27	-6	-4	det1=true
[5747]	84	91	-38	-27	-6	4	det1=true
[5748]	36	92	-14	0	-2	-5	det1=true
[5749]	36	92	-19	0	-2	5	det1=true
[5750]	74	92	-25	-22	-4	-6	det1=true
[5751]	74	92	-31	-22	-4	6	det1=true
[5752]	79	92	-8	1	-2	-8	det1=true
[5753]	79	92	-16	1	-2	8	det1=true
[5754]	84	92	-20	-18	-1	-8	det1=true
[5755]	84	92	-28	-18	-1	8	det1=true
[5756]	35	89	-7	-1	-5	-2	det1=true
[5757]	35	89	-9	-1	-5	2	det1=true
[5758]	56	89	-26	-5	-6	-2	det1=true
[5759]	56	89	-28	-5	-6	2	det1=true
[5760]	57	89	-20	-18	-6	-2	det1=true
[5761]	57	89	-22	-18	-6	2	det1=true
[5762]	59	89	-4	3	-7	1	det1=true
[5763]	71	89	-29	-11	-7	-1	det1=true
[5764]	71	89	-30	-11	-7	1	det1=true
[5765]	73	89	-30	-2	-6	-4	det1=true
[5766]	73	89	-34	-2	-6	4	det1=true
[5767]	73	89	-7	0	-5	-6	det1=true
[5768]	73	89	-13	0	-5	6	det1=true
[5769]	73	89	-7	-1	-6	-5	det1=true
[5770]	73	89	-12	-1	-6	5	det1=true
[5771]	82	89	-39	-10	-6	-4	det1=true
[5772]	84	89	-41	-36	-6	-2	det1=true
[5773]	84	89	-20	-9	-1	-8	det1=true
[5774]	84	89	-28	-9	-1	8	det1=true
[5775]	86	89	-1	4	-8	-3	det1=true
[5776]	86	89	-4	4	-8	3	det1=true
[5777]	88	89	-34	-6	-5	-6	det1=true
[5778]	88	89	-40	-6	-5	6	det1=true
[5779]	89	89	-58	-2	-2	-6	det1=true
[5780]	24	90	-7	2	-4	-2	det1=true
[5781]	24	90	-9	2	-4	2	det1=true
[5782]	26	90	-11	-8	-4	-2	det1=true
[5783]	26	90	-13	-8	-4	2	det1=true
[5784]	78	90	-14	4	-8	-1	det1=true
[5785]	78	90	-15	4	-8	1	det1=true
[5786]	78	90	-11	2	-4	-7	det1=true
[5787]	78	90	-18	2	-4	7	det1=true
[5788]	82	90	-22	-4	-8	-1	det1=true
[5789]	20	91	-4	-1	-1	-4	det1=true
[5790]	20	91	-8	-1	-1	4	det1=true
[5791]	51	91	-15	-5	-5	-4	det1=true
[5792]	51	91	-19	-5	-5	4	det1=true
[5793]	53	91	-19	-21	-1	-6	det1=true
[5794]	53	91	-25	-21	-1	6	det1=true
[5795]	56	91	-25	-10	-2	-6	det1=true
[5796]	56	91	-31	-10	-2	6	det1=true
[5797]	68	91	-19	-14	-4	-6	det1=true
[5798]	68	91	-25	-14	-4	6	det1=true
[5799]	70	91	-27	-6	-6	-4	det1=true
[5800]	70	91	-31	-6	-6	4	det1=true
[5801]	87	91	-31	-24	-3	-7	det1=true
[5802]	87	91	-38	-24	-3	7	det1=true
[5803]	89	91	-36	-20	-3	-7	det1=true
[5804]	89	91	-43	-20	-3	7	det1=true
[5805]	91	91	-22	-5	-8	-3	det1=true
[5806]	91	91	-25	-5	-8	3	det1=true
[5807]	48	92	-12	1	-2	-6	det1=true
[5808]	48	92	-18	1	-2	6	det1=true
[5809]	49	92	-21	-10	-6	-1	det1=true
[5810]	49	92	-22	-10	-6	1	det1=true
[5811]	62	92	-13	2	-4	-6	det1=true
[5812]	62	92	-19	2	-4	6	det1=true
[5813]	69	92	-21	-16	-4	-6	det1=true
[5814]	69	92	-27	-16	-4	6	det1=true
[5815]	74	92	-26	-21	-6	-4	det1=true
[5816]	74	92	-30	-21	-6	4	det1=true
[5817]	75	92	-9	4	-8	-1	det1=true
[5818]	75	92	-10	4	-8	1	det1=true
[5819]	76	92	-16	-13	-5	-6	det1=true
[5820]	77	92	-35	-6	-2	-7	det1=true
[5821]	77	92	-42	-6	-2	7	det1=true
[5822]	80	92	-24	-13	-5	-6	det1=true
[5823]	80	92	-30	-13	-5	6	det1=true
[5824]	84	92	-22	-15	-7	-4	det1=true
[5825]	84	92	-26	-15	-7	4	det1=true
[5826]	90	92	-44	-23	-7	-2	det1=true
[5827]	90	92	-46	-23	-7	2	det1=true
[5828]	90	92	-20	-6	-3	-8	det1=true
[5829]	90	92	-28	-6	-3	8	det1=true
[5830]	91	92	-18	-14	-3	-8	det1=true
[5831]	91	92	-26	-14	-3	8	det1=true
[5832]	33	89	-10	-7	-1	-5	det1=true
[5833]	33	89	-15	-7	-1	5	det1=true
[5834]	54	89	-18	-8	-5	-4	det1=true
[5835]	54	89	-22	-8	-5	4	det1=true
[5836]	71	89	-25	-6	-7	-2	det1=true
[5837]	71	89	-27	-6	-7	2	det1=true
[5838]	71	89	-12	0	-3	-7	det1=true
[5839]	71	89	-19	0	-3	7	det1=true
[5840]	73	89	-29	-3	-4	-6	det1=true
[5841]	73	89	-35	-3	-4	6	det1=true
[5842]	74	89	-30	-5	-7	-2	det1=true
[5843]	74	89	-32	-5	-7	2	det1=true
[5844]	75	89	-27	-22	-1	-7	det1=true
[5845]	75	89	-34	-22	-1	7	det1=true
[5846]	76	89	-16	-1	-5	-6	det1=true
[5847]	76	89	-22	-1	-5	6	det1=true
[5848]	80	89	-24	2	-5	-6	det1=true
[5849]	80	89	-30	2	-5	6	det1=true
[5850]	80	89	-11	-8	-4	-7	det1=true
[5851]	80	89	-18	-8	-4	7	det1=true
[5852]	84	89	-18	-13	-1	-8	det1=true
[5853]	84	89	-26	-13	-1	8	det1=true
[5854]	85	89	-35	-9	-7	-3	det1=true
[5855]	85	89	-38	-9	-7	3	det1=true
[5856]	85	89	-31	-29	-4	-6	det1=true
[5857]	85	89	-37	-29	-4	6	det1=true
[5858]	88	89	-43	-26	-4	6	det1=true
[5859]	48	90	-2	0	-4	-5	det1=true
[5860]	48	90	-7	0	-4	5	det1=true
[5861]	50	90	-24	-13	-1	6	det1=true
[5862]	54	90	-16	-13	-5	-4	det1=true
[5863]	72	90	-23	-14	-2	-7	det1=true
[5864]	72	90	-30	-14	-2	7	det1=true
[5865]	73	90	-30	-4	-7	-2	det1=true
[5866]	73	90	-32	-4	-7	2	det1=true
[5867]	82	90	-23	-4	-8	1	det1=true
[5868]	84	90	-16	-5	-2	-8	det1=true
[5869]	84	90	-24	-5	-2	8	det1=true
[5870]	35	91	-8	-5	-2	-5	det1=true
[5871]	35	91	-13	-5	-2	5	det1=true
[5872]	41	91	-10	-2	-3	-5	det1=true
[5873]	41	91	-15	-2	-3	5	det1=true
[5874]	43	91	-13	-9	-3	-5	det1=true
[5875]	61	91	-27	-21	-6	-2	det1=true
[5876]	61	91	-29	-21	-6	2	det1=true
[5877]	63	91	-26	-23	-4	-5	det1=true
[5878]	67	91	-26	-9	-7	-1	det1=true
[5879]	67	91	-27	-9	-7	1	det1=true
[5880]	68	91	-34	-28	-4	5	det1=true
[5881]	71	91	-17	-3	-7	-3	det1=true
[5882]	71	91	-20	-3	-7	3	det1=true
[5883]	71	91	-15	-5	-3	-7	det1=true
[5884]	71	91	-22	-5	-3	7	det1=true
[5885]	75	91	-33	-7	-4	-6	det1=true
[5886]	79	91	-24	-18	-7	-3	det1=true
[5887]	79	91	-27	-18	-7	3	det1=true
[5888]	79	91	-22	-20	-3	-7	det1=true
[5889]	79	91	-29	-20	-3	7	det1=true
[5890]	82	91	-23	-6	-8	-1	det1=true
[5891]	82	91	-16	-3	-8	-2	det1=true
[5892]	82	91	-18	-3	-8	2	det1=true
[5893]	83	91	-29	-19	-3	-7	det1=true
[5894]	83	91	-36	-19	-3	7	det1=true
[5895]	85	91	-5	-1	-3	-8	det1=true
[5896]	85	91	-13	-1	-3	8	det1=true
[5897]	87	91	-27	1	-8	-2	det1=true
[5898]	87	91	-29	1	-8	2	det1=true
[5899]	89	91	-41	-5	-3	-7	det1=true
[5900]	89	91	-48	-5	-3	7	det1=true
[5901]	91	91	-35	-19	-6	-5	det1=true
[5902]	91	91	-40	-19	-6	5	det1=true
[5903]	91	91	-33	3	-8	-2	det1=true
[5904]	91	91	-35	3	-8	2	det1=true
[5905]	44	92	-10	-1	-1	-6	det1=true
[5906]	46	92	-17	-4	-6	-1	det1=true
[5907]	46	92	-18	-4	-6	1	det1=true
[5908]	47	92	-2	-1	-5	-4	det1=true
[5909]	47	92	-6	-1	-5	4	det1=true
[5910]	48	92	-8	-2	-5	-4	det1=true
[5911]	54	92	-25	-18	-6	-1	det1=true
[5912]	54	92	-26	-18	-6	1	det1=true
[5913]	57	92	-26	-15	-6	-2	det1=true
[5914]	57	92	-28	-15	-6	2	det1=true
[5915]	57	92	-24	-17	-2	-6	det1=true
[5916]	57	92	-30	-17	-2	6	det1=true
[5917]	60	92	-4	-3	-6	-4	det1=true
[5918]	60	92	-8	-3	-6	4	det1=true
[5919]	74	92	-34	-2	-7	-2	det1=true
[5920]	76	92	-21	-4	-6	-5	det1=true
[5921]	76	92	-26	-4	-6	5	det1=true
[5922]	85	92	-6	-7	-3	-8	det1=true
[5923]	86	92	-27	2	-8	-2	det1=true
[5924]	86	92	-29	2	-8	2	det1=true
[5925]	87	92	-29	-14	-8	-1	det1=true
[5926]	87	92	-30	-14	-8	1	det1=true
[5927]	89	92	-18	-6	-3	-8	det1=true
[5928]	89	92	-26	-6	-3	8	det1=true
[5929]	91	92	-32	-25	-5	-6	det1=true
[5930]	91	92	-38	-25	-5	6	det1=true
[5931]	33	89	-14	1	-5	-1	det1=true
[5932]	33	89	-15	1	-5	1	det1=true
[5933]	33	89	-13	-3	-5	-1	det1=true
[5934]	33	89	-14	-3	-5	1	det1=true
[5935]	47	89	-17	3	-6	-1	det1=true
[5936]	47	89	-18	3	-6	1	det1=true
[5937]	55	89	-23	-18	-1	-6	det1=true
[5938]	55	89	-29	-18	-1	6	det1=true
[5939]	59	89	-23	-19	-6	-2	det1=true
[5940]	59	89	-25	-19	-6	2	det1=true
[5941]	59	89	-3	3	-7	-1	det1=true
[5942]	59	89	0	0	-1	-7	det1=true
[5943]	59	89	-7	0	-1	7	det1=true
[5944]	60	89	-22	1	-3	-6	det1=true
[5945]	63	89	-27	-19	-4	-5	det1=true
[5946]	63	89	-32	-19	-4	5	det1=true
[5947]	66	89	-13	-6	-2	-7	det1=true
[5948]	68	89	-16	-11	-7	-2	det1=true
[5949]	68	89	-18	-11	-7	2	det1=true
[5950]	69	89	-23	0	-7	-2	det1=true
[5951]	69	89	-25	0	-7	2	det1=true
[5952]	71	89	-14	2	-7	-3	det1=true
[5953]	71	89	-17	2	-7	3	det1=true
[5954]	73	89	-19	3	-7	-3	det1=true
[5955]	74	89	-30	-5	-4	-6	det1=true
[5956]	74	89	-36	-5	-4	6	det1=true
[5957]	75	89	-30	1	-2	-7	det1=true
[5958]	75	89	-37	1	-2	7	det1=true
[5959]	77	89	-25	-23	-6	-4	det1=true
[5960]	77	89	-29	-23	-6	4	det1=true
[5961]	77	89	-24	-24	-4	-6	det1=true
[5962]	79	89	-19	-10	-5	-6	det1=true
[5963]	79	89	-25	-10	-5	6	det1=true
[5964]	81	89	-33	-17	-2	-7	det1=true
[5965]	81	89	-40	-17	-2	7	det1=true
[5966]	83	89	-29	-16	-7	-3	det1=true
[5967]	83	89	-32	-16	-7	3	det1=true
[5968]	84	89	-35	-20	-2	-7	det1=true
[5969]	84	89	-42	-20	-2	7	det1=true
[5970]	87	89	-28	-7	-8	-1	det1=true
[5971]	87	89	-29	-7	-8	1	det1=true
[5972]	88	89	-37	-26	-4	-6	det1=true
[5973]	89	89	-10	0	-7	-5	det1=true
[5974]	89	89	-15	0	-7	5	det1=true
[5975]	21	90	-8	-4	-4	-1	det1=true
[5976]	21	90	-9	-4	-4	1	det1=true
[5977]	46	90	-13	-6	-6	-1	det1=true
[5978]	46	90	-14	-6	-6	1	det1=true
[5979]	54	90	-20	-13	-5	4	det1=true
[5980]	59	90	-27	-10	-4	-5	det1=true
[5981]	59	90	-32	-10	-4	5	det1=true
[5982]	64	90	-10	-4	-2	-7	det1=true
[5983]	64	90	-17	-4	-2	7	det1=true
[5984]	70	90	-20	-14	-7	-2	det1=true
[5985]	70	90	-22	-14	-7	2	det1=true
[5986]	78	90	-30	-19	-7	-2	det1=true
[5987]	78	90	-32	-19	-7	2	det1=true
[5988]	79	90	-33	-14	-2	-7	det1=true
[5989]	79	90	-40	-14	-2	7	det1=true
[5990]	81	90	-16	-8	-4	-7	det1=true
[5991]	81	90	-23	-8	-4	7	det1=true
[5992]	84	90	-22	-8	-4	-7	det1=true
[5993]	84	90	-29	-8	-4	7	det1=true
[5994]	84	90	-19	-2	-8	-2	det1=true
[5995]	84	90	-21	-2	-8	2	det1=true
[5996]	85	90	-26	-4	-7	-4	det1=true
[5997]	85	90	-30	-4	-7	4	det1=true
[5998]	85	90	-24	-7	-1	-8	det1=true
[5999]	85	90	-32	-7	-1	8	det1=true
[6000]	86	90	-30	4	-8	-1	det1=true
[6001]	86	90	-31	4	-8	1	det1=true
[6002]	86	90	-26	-5	-1	-8	det1=true
[6003]	86	90	-34	-5	-1	8	det1=true
[6004]	87	90	-21	-8	-2	-8	det1=true
[6005]	87	90	-29	-8	-2	8	det1=true
[6006]	88	90	-15	4	-8	-3	det1=true
[6007]	88	90	-18	4	-8	3	det1=true
[6008]	90	90	-34	-6	-8	-1	det1=true
[6009]	90	90	-35	-6	-8	1	det1=true
[6010]	34	91	-6	0	-5	-2	det1=true
[6011]	34	91	-8	0	-5	2	det1=true
[6012]	36	91	-10	-8	-2	-5	det1=true
[6013]	36	91	-15	-8	-2	5	det1=true
[6014]	45	91	-13	-3	-6	-1	det1=true
[6015]	45	91	-14	-3	-6	1	det1=true
[6016]	48	91	-6	2	-4	-5	det1=true
[6017]	48	91	-11	2	-4	5	det1=true
[6018]	52	91	-20	-7	-6	-2	det1=true
[6019]	54	91	-22	-4	-5	-4	det1=true
[6020]	55	91	-27	-23	-1	6	det1=true
[6021]	59	91	-7	-4	-1	-7	det1=true
[6022]	59	91	-14	-4	-1	7	det1=true
[6023]	61	91	-12	-8	-1	-7	det1=true
[6024]	61	91	-19	-8	-1	7	det1=true
[6025]	63	91	-31	-23	-4	5	det1=true
[6026]	67	91	-20	-17	-1	-7	det1=true
[6027]	67	91	-27	-17	-1	7	det1=true
[6028]	69	91	-10	-3	-3	-7	det1=true
[6029]	77	91	-22	-1	-6	-5	det1=true
[6030]	77	91	-27	-1	-6	5	det1=true
[6031]	79	91	-13	-9	-1	-8	det1=true
[6032]	79	91	-21	-9	-1	8	det1=true
[6033]	79	91	-6	0	-8	-2	det1=true
[6034]	80	91	-32	-23	-6	-4	det1=true
[6035]	80	91	-36	-23	-6	4	det1=true
[6036]	80	91	-31	-24	-4	-6	det1=true
[6037]	80	91	-37	-24	-4	6	det1=true
[6038]	81	91	-27	-1	-4	7	det1=true
[6039]	81	91	-19	-13	-7	4	det1=true
[6040]	90	91	-29	-16	-4	-7	det1=true
[6041]	90	91	-36	-16	-4	7	det1=true
[6042]	20	92	-6	-2	-4	-1	det1=true
[6043]	45	92	-13	-6	-6	-1	det1=true
[6044]	45	92	-14	-6	-6	1	det1=true
[6045]	46	92	-4	-1	-6	-2	det1=true
[6046]	48	92	-9	-8	-2	-6	det1=true
[6047]	49	92	-13	-8	-6	-2	det1=true
[6048]	49	92	-15	-8	-6	2	det1=true
[6049]	51	92	-17	-2	-4	-5	det1=true
[6050]	51	92	-22	-2	-4	5	det1=true
[6051]	51	92	-16	-6	-5	-4	det1=true
[6052]	51	92	-20	-6	-5	4	det1=true
[6053]	52	92	-22	-5	-6	-2	det1=true
[6054]	52	92	-24	-5	-6	2	det1=true
[6055]	53	92	-25	0	-6	-2	det1=true
[6056]	53	92	-27	0	-6	2	det1=true
[6057]	53	92	-16	-17	-2	-6	det1=true
[6058]	53	92	-22	-17	-2	6	det1=true
[6059]	57	92	-24	-14	-5	-4	det1=true
[6060]	57	92	-28	-14	-5	4	det1=true
[6061]	58	92	-29	-16	-6	2	det1=true
[6062]	68	92	-19	-16	-4	-6	det1=true
[6063]	68	92	-25	-16	-4	6	det1=true
[6064]	68	92	-18	-15	-7	-2	det1=true
[6065]	68	92	-20	-15	-7	2	det1=true
[6066]	72	92	-26	-15	-7	-2	det1=true
[6067]	72	92	-28	-15	-7	2	det1=true
[6068]	74	92	-33	-6	-4	-6	det1=true
[6069]	74	92	-36	-2	-7	2	det1=true
[6070]	75	92	-6	2	-4	-7	det1=true
[6071]	75	92	-13	2	-4	7	det1=true
[6072]	78	92	-16	-3	-7	-4	det1=true
[6073]	78	92	-20	-3	-7	4	det1=true
[6074]	78	92	-14	-6	-1	-8	det1=true
[6075]	78	92	-22	-6	-1	8	det1=true
[6076]	78	92	-14	-7	-7	-4	det1=true
[6077]	78	92	-18	-7	-7	4	det1=true
[6078]	78	92	-2	-3	-2	-8	det1=true
[6079]	81	92	-14	-1	-2	-8	det1=true
[6080]	81	92	-22	-1	-2	8	det1=true
[6081]	83	92	-30	-10	-5	-6	det1=true
[6082]	83	92	-36	-10	-5	6	det1=true
[6083]	83	92	-24	-6	-1	-8	det1=true
[6084]	83	92	-32	-6	-1	8	det1=true
[6085]	85	92	-14	-7	-3	8	det1=true
[6086]	86	92	-23	-18	-4	-7	det1=true
[6087]	86	92	-30	-18	-4	7	det1=true
[6088]	87	92	-34	2	-8	-1	det1=true
[6089]	87	92	-35	2	-8	1	det1=true
[6090]	89	92	-26	-22	-8	-1	det1=true
[6091]	90	92	-33	4	-8	-2	det1=true
[6092]	90	92	-35	4	-8	2	det1=true
[6093]	92	92	-42	-28	-2	-7	det1=true
[6094]	92	92	-49	-28	-2	7	det1=true
[6095]	16	89	-6	-2	-3	-2	det1=true
[6096]	16	89	-8	-2	-3	2	det1=true
[6097]	33	89	-11	-5	-1	-5	det1=true
[6098]	33	89	-16	-5	-1	5	det1=true
[6099]	41	89	-19	-12	-5	-2	det1=true
[6100]	41	89	-21	-12	-5	2	det1=true
[6101]	43	89	-10	-9	-5	-3	det1=true
[6102]	43	89	-13	-9	-5	3	det1=true
[6103]	57	89	-21	-13	-4	-5	det1=true
[6104]	57	89	-26	-13	-4	5	det1=true
[6105]	64	89	-28	-3	-3	-6	det1=true
[6106]	65	89	-17	-12	-7	-1	det1=true
[6107]	65	89	-18	-12	-7	1	det1=true
[6108]	66	89	-19	-8	-2	7	det1=true
[6109]	68	89	-32	-22	-5	-4	det1=true
[6110]	68	89	-36	-22	-5	4	det1=true
[6111]	68	89	-28	-29	-2	-6	det1=true
[6112]	69	89	-31	-25	-5	-4	det1=true
[6113]	71	89	-23	-7	-2	-7	det1=true
[6114]	73	89	-22	3	-7	3	det1=true
[6115]	73	89	-5	-4	-5	-6	det1=true
[6116]	73	89	-11	-4	-5	6	det1=true
[6117]	77	89	-34	-33	-4	-5	det1=true
[6118]	77	89	-24	-3	-3	-7	det1=true
[6119]	77	89	-31	-3	-3	7	det1=true
[6120]	77	89	-30	-24	-4	6	det1=true
[6121]	77	89	-19	3	-6	-5	det1=true
[6122]	77	89	-24	3	-6	5	det1=true
[6123]	80	89	-14	-6	-8	-1	det1=true
[6124]	80	89	-15	-6	-8	1	det1=true
[6125]	81	89	-37	-3	-2	-7	det1=true
[6126]	81	89	-44	-3	-2	7	det1=true
[6127]	81	89	-29	-24	-7	-2	det1=true
[6128]	81	89	-31	-24	-7	2	det1=true
[6129]	82	89	-33	-22	-6	-4	det1=true
[6130]	82	89	-37	-22	-6	4	det1=true
[6131]	84	89	-20	-10	-7	-4	det1=true
[6132]	84	89	-24	-10	-7	4	det1=true
[6133]	85	89	-41	-36	-3	6	det1=true
[6134]	87	89	-25	-9	-4	-7	det1=true
[6135]	87	89	-32	-9	-4	7	det1=true
[6136]	89	89	-44	-23	-7	-1	det1=true
[6137]	89	89	-41	-26	-1	-7	det1=true
[6138]	89	89	-29	-20	-5	-6	det1=true
[6139]	89	89	-35	-20	-5	6	det1=true
[6140]	89	89	-25	-7	-8	-2	det1=true
[6141]	34	90	-2	0	-2	-5	det1=true
[6142]	34	90	-7	0	-2	5	det1=true
[6143]	35	90	-10	-3	-5	2	det1=true
[6144]	42	90	-17	-18	-2	-5	det1=true
[6145]	42	90	-22	-18	-2	5	det1=true
[6146]	56	90	-18	-16	-4	-5	det1=true
[6147]	56	90	-23	-16	-4	5	det1=true
[6148]	58	90	-22	-16	-4	-5	det1=true
[6149]	69	90	-28	-22	-6	-3	det1=true
[6150]	69	90	-31	-22	-6	3	det1=true
[6151]	77	90	-4	-7	-1	-8	det1=true
[6152]	77	90	-12	-7	-1	8	det1=true
[6153]	78	90	-7	-8	-4	-7	det1=true
[6154]	78	90	-14	-8	-4	7	det1=true
[6155]	79	90	-12	-8	-8	-1	det1=true
[6156]	79	90	-13	-8	-8	1	det1=true
[6157]	81	90	-16	-9	-7	-4	det1=true
[6158]	81	90	-20	-9	-7	4	det1=true
[6159]	81	90	-14	-12	-1	-8	det1=true
[6160]	86	90	-28	-2	-7	-4	det1=true
[6161]	87	90	-24	-5	-8	-2	det1=true
[6162]	87	90	-26	-5	-8	2	det1=true
[6163]	33	91	-16	0	-5	-1	det1=true
[6164]	33	91	-17	0	-5	1	det1=true
[6165]	40	91	-18	-13	-5	-2	det1=true
[6166]	40	91	-20	-13	-5	2	det1=true
[6167]	50	91	-23	-8	-6	-1	det1=true
[6168]	50	91	-24	-8	-6	1	det1=true
[6169]	50	91	-10	-8	-5	-4	det1=true
[6170]	50	91	-14	-8	-5	4	det1=true
[6171]	51	91	-20	0	-6	-2	det1=true
[6172]	51	91	-22	0	-6	2	det1=true
[6173]	52	91	-22	-7	-6	2	det1=true
[6174]	54	91	-26	-4	-5	4	det1=true
[6175]	55	91	-18	-15	-4	-5	det1=true
[6176]	55	91	-23	-15	-4	5	det1=true
[6177]	57	91	-17	-7	-3	-6	det1=true
[6178]	57	91	-23	-7	-3	6	det1=true
[6179]	61	91	-18	1	-7	1	det1=true
[6180]	61	91	-12	-9	-7	-1	det1=true
[6181]	61	91	-13	-9	-7	1	det1=true
[6182]	64	91	-36	-3	-3	6	det1=true
[6183]	67	91	-1	1	-3	-7	det1=true
[6184]	67	91	-8	1	-3	7	det1=true
[6185]	68	91	-29	-28	-4	-5	det1=true
[6186]	68	91	-29	-6	-4	6	det1=true
[6187]	68	91	-20	-13	-6	-4	det1=true
[6188]	68	91	-24	-13	-6	4	det1=true
[6189]	71	91	-25	-19	-6	4	det1=true
[6190]	71	91	-20	-20	-4	-6	det1=true
[6191]	71	91	-26	-20	-4	6	det1=true
[6192]	73	91	-35	-31	-6	-2	det1=true
[6193]	73	91	-33	-33	-2	-6	det1=true
[6194]	73	91	-39	-33	-2	6	det1=true
[6195]	73	91	-11	-5	-5	-6	det1=true
[6196]	73	91	-17	-5	-5	6	det1=true
[6197]	74	91	-16	2	-6	-5	det1=true
[6198]	75	91	-15	-8	-5	-6	det1=true
[6199]	75	91	-21	-8	-5	6	det1=true
[6200]	75	91	1	-2	-1	-8	det1=true
[6201]	75	91	-7	-2	-1	8	det1=true
[6202]	77	91	-32	3	-7	3	det1=true
[6203]	78	91	-13	-2	-4	-7	det1=true
[6204]	78	91	-20	-2	-4	7	det1=true
[6205]	79	91	-29	-6	-3	-7	det1=true
[6206]	79	91	-36	-6	-3	7	det1=true
[6207]	80	91	-22	-14	-6	-5	det1=true
[6208]	80	91	-27	-14	-6	5	det1=true
[6209]	81	91	-42	-25	-1	7	det1=true
[6210]	82	91	-28	-8	-5	-6	det1=true
[6211]	82	91	-34	-8	-5	6	det1=true
[6212]	82	91	-24	-6	-8	1	det1=true
[6213]	83	91	-31	0	-5	-6	det1=true
[6214]	83	91	-37	0	-5	6	det1=true
[6215]	83	91	-31	-17	-7	-3	det1=true
[6216]	83	91	-34	-17	-7	3	det1=true
[6217]	84	91	-38	-34	-6	-3	det1=true
[6218]	84	91	-41	-34	-6	3	det1=true
[6219]	84	91	-31	-18	-6	5	det1=true
[6220]	89	91	-23	-8	-3	8	det1=true
[6221]	90	91	-21	-2	-8	-3	det1=true
[6222]	91	91	-15	-15	-3	-8	det1=true
[6223]	91	91	-23	-15	-3	8	det1=true
[6224]	31	92	-10	-8	-4	-3	det1=true
[6225]	31	92	-13	-8	-4	3	det1=true
[6226]	44	92	-16	-1	-1	6	det1=true
[6227]	46	92	-6	-1	-6	2	det1=true
[6228]	48	92	-12	-2	-5	4	det1=true
[6229]	49	92	-18	-14	-6	-1	det1=true
[6230]	49	92	-19	-14	-6	1	det1=true
[6231]	49	92	-11	-10	-2	-6	det1=true
[6232]	49	92	-17	-10	-2	6	det1=true
[6233]	53	92	-18	-15	-6	-2	det1=true
[6234]	53	92	-20	-15	-6	2	det1=true
[6235]	54	92	-18	-14	-5	-4	det1=true
[6236]	54	92	-22	-14	-5	4	det1=true
[6237]	54	92	-10	-8	-6	-3	det1=true
[6238]	54	92	-13	-8	-6	3	det1=true
[6239]	56	92	-26	-6	-5	-4	det1=true
[6240]	56	92	-30	-6	-5	4	det1=true
[6241]	58	92	-25	-18	-2	-6	det1=true
[6242]	58	92	-31	-18	-2	6	det1=true
[6243]	61	92	-22	-15	-3	-6	det1=true
[6244]	61	92	-28	-15	-3	6	det1=true
[6245]	61	92	-7	-6	-4	-6	det1=true
[6246]	61	92	-13	-6	-4	6	det1=true
[6247]	65	92	-14	-10	-2	-7	det1=true
[6248]	65	92	-21	-10	-2	7	det1=true
[6249]	68	92	-23	0	-2	-7	det1=true
[6250]	68	92	-20	-15	-6	-4	det1=true
[6251]	68	92	-24	-15	-6	4	det1=true
[6252]	69	92	-38	-25	-5	4	det1=true
[6253]	70	92	-4	2	-5	-6	det1=true
[6254]	70	92	-10	2	-5	6	det1=true
[6255]	71	92	-8	-2	-5	-6	det1=true
[6256]	71	92	-14	-2	-5	6	det1=true
[6257]	73	92	-38	-31	-6	2	det1=true
[6258]	73	92	-10	-10	-5	-6	det1=true
[6259]	73	92	-16	-10	-5	6	det1=true
[6260]	74	92	-16	-5	-5	-6	det1=true
[6261]	74	92	-22	-5	-5	6	det1=true
[6262]	75	92	-30	-14	-2	-7	det1=true
[6263]	75	92	-37	-14	-2	7	det1=true
[6264]	78	92	-12	-10	-1	-8	det1=true
[6265]	78	92	-20	-10	-1	8	det1=true
[6266]	81	92	-17	2	-8	-2	det1=true
[6267]	81	92	-19	2	-8	2	det1=true
[6268]	83	92	-38	-18	-2	-7	det1=true
[6269]	83	92	-45	-18	-2	7	det1=true
[6270]	83	92	-20	-15	-7	-4	det1=true
[6271]	83	92	-24	-15	-7	4	det1=true
[6272]	85	92	-28	-7	-7	-4	det1=true
[6273]	85	92	-32	-7	-7	4	det1=true
[6274]	85	92	-26	-10	-1	-8	det1=true
[6275]	85	92	-34	-10	-1	8	det1=true
[6276]	85	92	-11	0	-8	-3	det1=true
[6277]	85	92	-14	0	-8	3	det1=true
[6278]	86	92	-42	2	-5	6	det1=true
[6279]	86	92	-29	-20	-6	-5	det1=true
[6280]	86	92	-34	-20	-6	5	det1=true
[6281]	87	92	-31	0	-4	-7	det1=true
[6282]	87	92	-38	0	-4	7	det1=true
[6283]	89	92	-27	-22	-8	1	det1=true
[6284]	90	92	-26	-15	-2	-8	det1=true
[6285]	90	92	-34	-15	-2	8	det1=true
[6286]	92	92	-52	-7	-6	-4	det1=true
[6287]	92	92	-56	-7	-6	4	det1=true
[6288]	92	92	-36	-11	-7	-4	det1=true
[6289]	92	92	-40	-11	-7	4	det1=true
[6290]	21	89	-7	-2	-1	-4	det1=true
[6291]	31	89	-8	-5	-4	-3	det1=true
[6292]	31	89	-11	-5	-4	3	det1=true
[6293]	33	89	-12	-1	-1	-5	det1=true
[6294]	33	89	-17	-1	-1	5	det1=true
[6295]	35	89	-6	-1	-2	-5	det1=true
[6296]	41	89	-6	-3	-5	-3	det1=true
[6297]	44	89	-5	0	-6	-1	det1=true
[6298]	44	89	-6	0	-6	1	det1=true
[6299]	49	89	-20	-5	-6	-1	det1=true
[6300]	49	89	-21	-5	-6	1	det1=true
[6301]	49	89	-5	-1	-4	-5	det1=true
[6302]	49	89	-10	-1	-4	5	det1=true
[6303]	53	89	-15	-9	-5	-4	det1=true
[6304]	53	89	-19	-9	-5	4	det1=true
[6305]	56	89	-24	-1	-5	-4	det1=true
[6306]	56	89	-28	-1	-5	4	det1=true
[6307]	66	89	-20	-6	-2	7	det1=true
[6308]	68	89	-34	-29	-2	6	det1=true
[6309]	69	89	-20	-5	-2	-7	det1=true
[6310]	69	89	-27	-5	-2	7	det1=true
[6311]	75	89	-30	-19	-7	-1	det1=true
[6312]	75	89	-31	-19	-7	1	det1=true
[6313]	78	89	-11	4	-8	-1	det1=true
[6314]	78	89	-12	4	-8	1	det1=true
[6315]	79	89	-35	-10	-7	-2	det1=true
[6316]	79	89	-37	-10	-7	2	det1=true
[6317]	79	89	-17	-13	-5	-6	det1=true
[6318]	79	89	-23	-13	-5	6	det1=true
[6319]	82	89	-32	-23	-4	-6	det1=true
[6320]	83	89	-29	1	-6	-5	det1=true
[6321]	83	89	-34	1	-6	5	det1=true
[6322]	84	89	-15	-16	-4	-7	det1=true
[6323]	84	89	-22	-16	-4	7	det1=true
[6324]	85	89	-35	-1	-3	-7	det1=true
[6325]	85	89	-42	-1	-3	7	det1=true
[6326]	86	89	2	0	-3	-8	det1=true
[6327]	86	89	-6	0	-3	8	det1=true
[6328]	88	89	-26	-22	-5	-6	det1=true
[6329]	89	89	-22	-10	-2	-8	det1=true
[6330]	89	89	-15	3	-8	-3	det1=true
[6331]	20	90	-2	-1	-1	-4	det1=true
[6332]	35	90	-8	-3	-5	-2	det1=true
[6333]	39	90	-18	-8	-5	-2	det1=true
[6334]	39	90	-16	-11	-5	-2	det1=true
[6335]	47	90	-16	-6	-6	-1	det1=true
[6336]	47	90	-17	-6	-6	1	det1=true
[6337]	50	90	-18	-13	-1	-6	det1=true
[6338]	58	90	-27	-16	-4	5	det1=true
[6339]	62	90	-4	2	-7	-2	det1=true
[6340]	62	90	-6	2	-7	2	det1=true
[6341]	64	90	-22	-19	-3	-6	det1=true
[6342]	64	90	-28	-19	-3	6	det1=true
[6343]	65	90	-16	-5	-7	2	det1=true
[6344]	76	90	-34	-26	-3	-6	det1=true
[6345]	76	90	-40	-26	-3	6	det1=true
[6346]	81	90	-22	-12	-1	8	det1=true
[6347]	82	90	-26	-6	-4	7	det1=true
[6348]	85	90	0	4	-8	-3	det1=true
[6349]	85	90	-3	4	-8	3	det1=true
[6350]	86	90	-32	-2	-7	4	det1=true
[6351]	21	91	-2	-2	-3	-3	det1=true
[6352]	31	91	-7	-2	-1	-5	det1=true
[6353]	31	91	-12	-2	-1	5	det1=true
[6354]	35	91	-11	1	-5	-2	det1=true
[6355]	35	91	-13	1	-5	2	det1=true
[6356]	36	91	-14	-1	-5	-2	det1=true
[6357]	36	91	-16	-1	-5	2	det1=true
[6358]	39	91	-21	-8	-5	2	det1=true
[6359]	42	91	-20	-16	-5	-2	det1=true
[6360]	42	91	-22	-16	-5	2	det1=true
[6361]	52	91	-18	-9	-2	-6	det1=true
[6362]	52	91	-24	-9	-2	6	det1=true
[6363]	52	91	-18	-2	-4	-5	det1=true
[6364]	55	91	-21	-23	-1	-6	det1=true
[6365]	61	91	-17	1	-7	-1	det1=true
[6366]	61	91	-14	-2	-1	-7	det1=true
[6367]	61	91	-21	-2	-1	7	det1=true
[6368]	62	91	-11	-2	-6	-4	det1=true
[6369]	62	91	-15	-2	-6	4	det1=true
[6370]	67	91	-23	-12	-1	-7	det1=true
[6371]	67	91	-30	-12	-1	7	det1=true
[6372]	67	91	-23	-14	-7	-1	det1=true
[6373]	67	91	-24	-14	-7	1	det1=true
[6374]	68	91	-23	-6	-4	-6	det1=true
[6375]	69	91	-30	-7	-7	-1	det1=true
[6376]	69	91	-31	-7	-7	1	det1=true
[6377]	69	91	-27	-10	-1	-7	det1=true
[6378]	69	91	-34	-10	-1	7	det1=true
[6379]	75	91	-34	-6	-6	-4	det1=true
[6380]	75	91	-38	-6	-6	4	det1=true
[6381]	76	91	-6	-2	-1	-8	det1=true
[6382]	76	91	-14	-2	-1	8	det1=true
[6383]	76	91	-9	0	-8	-1	det1=true
[6384]	76	91	-10	0	-8	1	det1=true
[6385]	76	91	-4	-6	-1	-8	det1=true
[6386]	76	91	-12	-6	-1	8	det1=true
[6387]	77	91	-29	3	-7	-3	det1=true
[6388]	79	91	-11	-11	-4	-7	det1=true
[6389]	79	91	-18	-11	-4	7	det1=true
[6390]	81	91	-35	-25	-1	-7	det1=true
[6391]	81	91	-23	1	-8	-1	det1=true
[6392]	81	91	-15	-13	-7	-4	det1=true
[6393]	82	91	-24	-16	-5	-6	det1=true
[6394]	82	91	-30	-16	-5	6	det1=true
[6395]	82	91	-20	-8	-4	-7	det1=true
[6396]	82	91	-27	-8	-4	7	det1=true
[6397]	83	91	-40	-38	-6	-2	det1=true
[6398]	87	91	-31	-7	-2	8	det1=true
[6399]	89	91	-38	-18	-7	-3	det1=true
[6400]	89	91	-41	-18	-7	3	det1=true
[6401]	89	91	-15	-8	-3	-8	det1=true
[6402]	90	91	-25	-14	-2	-8	det1=true
[6403]	90	91	-33	-14	-2	8	det1=true
[6404]	90	91	-26	-17	-8	2	det1=true
[6405]	90	91	-24	-2	-8	3	det1=true
[6406]	20	92	-7	-2	-4	1	det1=true
[6407]	21	92	-14	-2	-1	4	det1=true
[6408]	29	92	-8	-2	-3	4	det1=true
[6409]	44	92	-9	-6	-6	-1	det1=true
[6410]	44	92	-10	-6	-6	1	det1=true
[6411]	48	92	-11	-6	-6	-2	det1=true
[6412]	48	92	-13	-6	-6	2	det1=true
[6413]	48	92	-15	-8	-2	6	det1=true
[6414]	48	92	-6	-5	-5	-4	det1=true
[6415]	48	92	-10	-5	-5	4	det1=true
[6416]	56	92	-25	-22	-6	-1	det1=true
[6417]	56	92	-27	-14	-4	5	det1=true
[6418]	68	92	-30	0	-2	7	det1=true
[6419]	69	92	-19	-16	-2	-7	det1=true
[6420]	69	92	-26	-16	-2	7	det1=true
[6421]	71	92	-9	0	-6	-5	det1=true
[6422]	71	92	-14	0	-6	5	det1=true
[6423]	73	92	-25	-20	-4	-6	det1=true
[6424]	73	92	-31	-20	-4	6	det1=true
[6425]	77	92	-34	-14	-7	-2	det1=true
[6426]	77	92	-36	-14	-7	2	det1=true
[6427]	79	92	-25	-8	-6	-5	det1=true
[6428]	79	92	-30	-8	-6	5	det1=true
[6429]	85	92	-33	-10	-6	-5	det1=true
[6430]	85	92	-38	-10	-6	5	det1=true
[6431]	86	92	-26	-16	-8	-1	det1=true
[6432]	86	92	-27	-16	-8	1	det1=true
[6433]	87	92	-38	-27	-7	-2	det1=true
[6434]	87	92	-40	-27	-7	2	det1=true
[6435]	89	92	-33	-12	-8	-1	det1=true
[6436]	89	92	-34	-12	-8	1	det1=true
[6437]	91	92	-40	-9	-5	-6	det1=true
[6438]	91	92	-46	-9	-5	6	det1=true
[6439]	92	92	-36	-21	-5	-6	det1=true
[6440]	92	92	-42	-21	-5	6	det1=true
[6441]	92	92	-20	-14	-3	-8	det1=true
[6442]	92	92	-28	-14	-3	8	det1=true
[6443]	48	89	-8	3	-6	-2	det1=true
[6444]	48	89	-10	3	-6	2	det1=true
[6445]	59	89	-2	1	-7	-1	det1=true
[6446]	59	89	-3	1	-7	1	det1=true
[6447]	65	89	-8	-9	-2	-7	det1=true
[6448]	65	89	-15	-9	-2	7	det1=true
[6449]	68	89	-30	-27	-6	-2	det1=true
[6450]	68	89	-32	-27	-6	2	det1=true
[6451]	69	89	-28	-6	-7	-1	det1=true
[6452]	69	89	-29	-6	-7	1	det1=true
[6453]	71	89	-30	-7	-2	7	det1=true
[6454]	71	89	-10	-7	-7	-3	det1=true
[6455]	71	89	-13	-7	-7	3	det1=true
[6456]	71	89	-8	-9	-3	-7	det1=true
[6457]	71	89	-15	-9	-3	7	det1=true
[6458]	77	89	-39	-33	-4	5	det1=true
[6459]	77	89	-26	-1	-7	-3	det1=true
[6460]	77	89	-29	-1	-7	3	det1=true
[6461]	80	89	-17	2	-8	-1	det1=true
[6462]	80	89	-18	2	-8	1	det1=true
[6463]	81	89	-21	-10	-1	8	det1=true
[6464]	82	89	-38	-23	-4	6	det1=true
[6465]	84	89	-18	-14	-8	-1	det1=true
[6466]	84	89	-19	-14	-8	1	det1=true
[6467]	86	89	-40	-17	-7	-2	det1=true
[6468]	86	89	-42	-17	-7	2	det1=true
[6469]	87	89	-34	-27	-2	-7	det1=true
[6470]	87	89	-41	-27	-2	7	det1=true
[6471]	87	89	-39	-5	-5	6	det1=true
[6472]	89	89	-9	-1	-5	-7	det1=true
[6473]	89	89	-16	-1	-5	7	det1=true
[6474]	6	90	-2	-2	-1	-2	det1=true
[6475]	6	90	-4	-2	-1	2	det1=true
[6476]	20	90	-6	-1	-1	4	det1=true
[6477]	37	90	-16	1	-5	-2	det1=true
[6478]	37	90	-18	1	-5	2	det1=true
[6479]	38	90	-14	-10	-5	-2	det1=true
[6480]	38	90	-16	-10	-5	2	det1=true
[6481]	39	90	-18	-11	-5	2	det1=true
[6482]	49	90	-8	0	-4	-5	det1=true
[6483]	49	90	-13	0	-4	5	det1=true
[6484]	51	90	-18	-16	-1	-6	det1=true
[6485]	55	90	-23	0	-4	-5	det1=true
[6486]	55	90	-28	0	-4	5	det1=true
[6487]	65	90	-14	-5	-7	-2	det1=true
[6488]	78	90	-10	-6	-8	-1	det1=true
[6489]	78	90	-11	-6	-8	1	det1=true
[6490]	81	90	-19	-6	-8	-1	det1=true
[6491]	82	90	-38	-14	-7	-2	det1=true
[6492]	82	90	-40	-14	-7	2	det1=true
[6493]	87	90	-12	4	-8	-3	det1=true
[6494]	87	90	-15	4	-8	3	det1=true
[6495]	31	91	-9	0	-5	-1	det1=true
[6496]	31	91	-10	0	-5	1	det1=true
[6497]	33	91	-14	-2	-1	-5	det1=true
[6498]	33	91	-19	-2	-1	5	det1=true
[6499]	37	91	-15	-6	-5	-2	det1=true
[6500]	37	91	-17	-6	-5	2	det1=true
[6501]	41	91	-11	-1	-5	-3	det1=true
[6502]	41	91	-14	-1	-5	3	det1=true
[6503]	43	91	-14	-8	-5	-3	det1=true
[6504]	43	91	-18	-9	-3	5	det1=true
[6505]	52	91	-23	-2	-4	5	det1=true
[6506]	59	91	-10	-1	-7	-1	det1=true
[6507]	59	91	-11	-1	-7	1	det1=true
[6508]	68	91	-24	-5	-6	-4	det1=true
[6509]	68	91	-28	-5	-6	4	det1=true
[6510]	69	91	-17	-3	-3	7	det1=true
[6511]	74	91	-21	2	-6	5	det1=true
[6512]	76	91	-6	-2	-4	-7	det1=true
[6513]	76	91	-13	-2	-4	7	det1=true
[6514]	76	91	-10	-3	-7	4	det1=true
[6515]	78	91	-16	0	-8	-1	det1=true
[6516]	78	91	-17	0	-8	1	det1=true
[6517]	79	91	-29	-10	-7	-3	det1=true
[6518]	79	91	-32	-10	-7	3	det1=true
[6519]	81	91	-38	-22	-7	-1	det1=true
[6520]	81	91	-39	-22	-7	1	det1=true
[6521]	81	91	-24	1	-8	1	det1=true
[6522]	84	91	-26	-18	-6	-5	det1=true
[6523]	84	91	-21	-2	-8	-2	det1=true
[6524]	84	91	-18	-5	-2	-8	det1=true
[6525]	84	91	-26	-5	-2	8	det1=true
[6526]	52	92	-4	-3	-3	-6	det1=true
[6527]	52	92	-10	-3	-3	6	det1=true
[6528]	56	92	-26	-22	-6	1	det1=true
[6529]	56	92	-22	-14	-4	-5	det1=true
[6530]	59	92	-18	-15	-3	-6	det1=true
[6531]	59	92	-24	-15	-3	6	det1=true
[6532]	61	92	-26	-6	-3	-6	det1=true
[6533]	61	92	-32	-6	-3	6	det1=true
[6534]	62	92	-12	-2	-7	2	det1=true
[6535]	69	92	-22	-15	-6	-4	det1=true
[6536]	69	92	-26	-15	-6	4	det1=true
[6537]	74	92	-39	-6	-4	6	det1=true
[6538]	76	92	-20	-6	-5	-6	det1=true
[6539]	76	92	-26	-6	-5	6	det1=true
[6540]	83	92	-32	-2	-5	-6	det1=true
[6541]	83	92	-38	-2	-5	6	det1=true
[6542]	89	92	-30	-14	-4	-7	det1=true
[6543]	92	92	-43	-28	-4	-6	det1=true
[6544]	92	92	-49	-28	-4	6	det1=true
[6545]	37	89	-11	-8	-5	-2	det1=true
[6546]	37	89	-13	-8	-5	2	det1=true
[6547]	38	89	-16	0	-2	-5	det1=true
[6548]	38	89	-21	0	-2	5	det1=true
[6549]	54	89	-20	0	-4	-5	det1=true
[6550]	64	89	-27	-10	-6	-3	det1=true
[6551]	65	89	-14	-15	-1	-7	det1=true
[6552]	65	89	-21	-15	-1	7	det1=true
[6553]	66	89	-12	-8	-2	-7	det1=true
[6554]	81	89	-13	-10	-1	-8	det1=true
[6555]	40	90	-16	-14	-5	-2	det1=true
[6556]	40	90	-18	-14	-5	2	det1=true
[6557]	51	90	-24	-16	-1	6	det1=true
[6558]	52	90	-17	0	-4	-5	det1=true
[6559]	65	90	-13	-4	-2	-7	det1=true
[6560]	65	90	-20	-4	-2	7	det1=true
[6561]	71	90	-24	-8	-2	-7	det1=true
[6562]	71	90	-31	-8	-2	7	det1=true
[6563]	77	90	-36	-32	-5	-4	det1=true
[6564]	77	90	-40	-32	-5	4	det1=true
[6565]	86	90	-40	-19	-7	-2	det1=true
[6566]	86	90	-42	-19	-7	2	det1=true
[6567]	87	90	-38	-24	-7	-2	det1=true
[6568]	87	90	-40	-24	-7	2	det1=true
[6569]	37	91	-13	-9	-5	-2	det1=true
[6570]	37	91	-15	-9	-5	2	det1=true
[6571]	48	91	-5	-2	-4	-5	det1=true
[6572]	48	91	-10	-2	-4	5	det1=true
[6573]	49	91	-13	-4	-5	4	det1=true
[6574]	71	91	-21	-19	-6	-4	det1=true
[6575]	76	91	-6	-3	-7	-4	det1=true
[6576]	77	91	-27	1	-3	-7	det1=true
[6577]	77	91	-34	1	-3	7	det1=true
[6578]	77	91	-18	-11	-6	-5	det1=true
[6579]	77	91	-23	-11	-6	5	det1=true
[6580]	86	91	-32	-12	-5	-6	det1=true
[6581]	86	91	-38	-12	-5	6	det1=true
[6582]	90	91	-24	-17	-8	-2	det1=true
[6583]	23	92	-3	0	-4	-2	det1=true
[6584]	23	92	-5	0	-4	2	det1=true
[6585]	58	92	-27	-16	-6	-2	det1=true
[6586]	92	92	-29	-24	-8	-1	det1=true
[6587]	92	92	-30	-24	-8	1	det1=true
[6588]	34	89	-13	-12	-4	-3	det1=true
[6589]	34	89	-16	-12	-4	3	det1=true
[6590]	50	89	-18	-11	-1	-6	det1=true
[6591]	50	89	-24	-11	-1	6	det1=true
[6592]	58	89	-27	-20	-6	-1	det1=true
[6593]	58	89	-28	-20	-6	1	det1=true
[6594]	77	89	-38	-8	-7	-1	det1=true
[6595]	77	89	-39	-8	-7	1	det1=true
[6596]	83	89	-21	-18	-5	-6	det1=true
[6597]	83	89	-27	-18	-5	6	det1=true
[6598]	83	89	-20	-3	-4	-7	det1=true
[6599]	84	89	-39	-38	-2	-6	det1=true
[6600]	86	89	-32	-28	-2	-7	det1=true
[6601]	86	89	-39	-28	-2	7	det1=true
[6602]	86	89	-18	-9	-8	-2	det1=true
[6603]	86	89	-20	-9	-8	2	det1=true
[6604]	87	89	-33	-5	-5	-6	det1=true
[6605]	44	90	-6	-1	-1	-6	det1=true
[6606]	52	90	-22	0	-4	5	det1=true
[6607]	56	90	-22	-10	-4	-5	det1=true
[6608]	56	90	-27	-10	-4	5	det1=true
[6609]	77	90	-6	-4	-1	-8	det1=true
[6610]	77	90	-14	-4	-1	8	det1=true
[6611]	77	90	-6	-4	-7	-4	det1=true
[6612]	77	90	-10	-4	-7	4	det1=true
[6613]	82	90	-19	-6	-4	-7	det1=true
[6614]	82	90	-12	1	-2	-8	det1=true
[6615]	43	91	-17	-8	-5	3	det1=true
[6616]	52	91	-13	-12	-4	-5	det1=true
[6617]	52	91	-18	-12	-4	5	det1=true
[6618]	84	91	-33	-28	-4	-6	det1=true
[6619]	84	91	-39	-28	-4	6	det1=true
[6620]	86	91	-41	-20	-6	-4	det1=true
[6621]	86	91	-45	-20	-6	4	det1=true
[6622]	29	92	-4	-2	-3	-4	det1=true
[6623]	35	92	-12	-1	-5	-2	det1=true
[6624]	35	92	-14	-1	-5	2	det1=true
[6625]	35	92	-9	-6	-2	-5	det1=true
[6626]	35	92	-14	-6	-2	5	det1=true
[6627]	70	92	-34	-29	-6	-2	det1=true
[6628]	70	92	-36	-29	-6	2	det1=true
[6629]	70	92	-32	-31	-2	-6	det1=true
[6630]	70	92	-38	-31	-2	6	det1=true
[6631]	76	92	-13	4	-8	-1	det1=true
[6632]	76	92	-14	4	-8	1	det1=true
[6633]	78	92	-24	-5	-5	-6	det1=true
[6634]	78	92	-30	-5	-5	6	det1=true
[6635]	86	92	-36	2	-5	-6	det1=true
[6636]	87	92	-33	-16	-4	7	det1=true
[6637]	89	92	-37	-14	-4	7	det1=true
[6638]	41	89	-9	-3	-5	3	det1=true
[6639]	47	89	-18	-13	-5	-3	det1=true
[6640]	47	89	-21	-13	-5	3	det1=true
[6641]	75	89	-37	-2	-7	-1	det1=true
[6642]	75	89	-38	-2	-7	1	det1=true
[6643]	37	90	-12	-8	-2	-5	det1=true
[6644]	37	90	-17	-8	-2	5	det1=true
[6645]	71	90	-25	-4	-2	-7	det1=true
[6646]	71	90	-32	-4	-2	7	det1=true
[6647]	49	91	-9	-4	-5	-4	det1=true
[6648]	61	91	-25	-23	-2	-6	det1=true
[6649]	61	91	-31	-23	-2	6	det1=true
[6650]	63	91	-23	-17	-3	-6	det1=true
[6651]	63	91	-29	-17	-3	6	det1=true
[6652]	88	91	-30	-6	-1	-8	det1=true
[6653]	88	91	-38	-6	-1	8	det1=true
[6654]	79	92	-11	4	-8	-2	det1=true
[6655]	79	92	-13	4	-8	2	det1=true
[6656]	87	92	-26	-16	-4	-7	det1=true
[6657]	89	92	-23	-24	-4	-7	det1=true
[6658]	89	92	-30	-24	-4	7	det1=true
[6659]	52	89	-21	-14	-6	-1	det1=true
[6660]	52	89	-22	-14	-6	1	det1=true
[6661]	75	89	-34	-5	-1	-7	det1=true
[6662]	75	89	-41	-5	-1	7	det1=true
[6663]	44	90	-12	-1	-1	6	det1=true
[6664]	68	91	-33	-26	-6	-2	det1=true
[6665]	68	91	-35	-26	-6	2	det1=true
[6666]	85	91	-27	-9	-8	-1	det1=true
[6667]	85	91	-28	-9	-8	1	det1=true
[6668]	87	91	-41	-21	-7	-2	det1=true
[6669]	87	91	-43	-21	-7	2	det1=true
[6670]	50	92	-17	-2	-2	-6	det1=true
[6671]	50	92	-23	-2	-2	6	det1=true
[6672]	77	89	-35	-3	-6	-4	det1=true
[6673]	77	89	-39	-3	-6	4	det1=true
[6674]	68	90	-15	-14	-2	-7	det1=true
[6675]	68	90	-22	-14	-2	7	det1=true
[6676]	90	90	-24	-22	-1	-8	det1=true
[6677]	90	90	-32	-22	-1	8	det1=true
[6678]	43	91	-4	-1	-6	-1	det1=true
[6679]	43	91	-5	-1	-6	1	det1=true
[6680]	81	91	-13	-16	-1	-8	det1=true
[6681]	81	91	-21	-16	-1	8	det1=true
[6682]	88	91	-32	-3	-7	-4	det1=true
[6683]	88	91	-36	-3	-7	4	det1=true
[6684]	41	89	-5	-4	-3	-5	det1=true
[6685]	41	89	-10	-4	-3	5	det1=true
[6686]	71	89	-26	-14	-1	-7	det1=true
[6687]	44	91	-8	-2	-1	-6	det1=true
[6688]	44	91	-14	-2	-1	6	det1=true
[6689]	51	91	-18	-2	-2	-6	det1=true
[6690]	51	91	-24	-2	-2	6	det1=true
[6691]	69	91	-12	-1	-7	-3	det1=true
[6692]	69	91	-15	-1	-7	3	det1=true
[6693]	71	91	-5	0	-5	-6	det1=true
[6694]	71	91	-11	0	-5	6	det1=true
[6695]	50	92	-19	0	-6	-2	det1=true
[6696]	50	92	-21	0	-6	2	det1=true
[6697]	69	89	-25	-9	-1	-7	det1=true
[6698]	69	89	-32	-9	-1	7	det1=true
[6699]	61	90	-27	-16	-4	-5	det1=true
[6700]	61	90	-32	-16	-4	5	det1=true
[6701]	58	91	-24	-15	-5	-4	det1=true
[6702]	58	91	-28	-15	-5	4	det1=true
[6703]	50	89	-7	-6	-4	-5	det1=true
[6704]	50	89	-12	-6	-4	5	det1=true
[6705]	60	89	-23	-2	-6	-3	det1=true
[6706]	60	89	-26	-2	-6	3	det1=true
[6707]	81	89	-6	-2	-8	-2	det1=true
[6708]	77	91	-21	-5	-6	-5	det1=true
[6709]	77	91	-26	-5	-6	5	det1=true
[6710]	64	92	-14	-7	-7	-2	det1=true
[6711]	64	92	-16	-7	-7	2	det1=true
[6712]	78	92	-5	0	-8	-2	det1=true
[6713]	81	89	-5	-1	-2	-8	det1=true
[6714]	73	91	-33	-31	-5	-4	det1=true
[6715]	73	91	-37	-31	-5	4	det1=true
[6716]	47	89	-17	-14	-3	-5	det1=true
[6717]	47	89	-22	-14	-3	5	det1=true
[6718]	84	89	-22	-2	-4	-7	det1=true
[6719]	84	89	-22	-6	-7	-4	det1=true
[6720]	84	89	-26	-6	-7	4	det1=true
[6721]	83	92	-30	-30	-2	-7	det1=true
[6722]	83	92	-37	-30	-2	7	det1=true
[6723]	67	93	-28	0	-1	-7	det1=true
[6724]	67	93	-35	0	-1	7	det1=true
[6725]	95	95	-34	-22	-8	-2	det1=true
[6726]	95	95	-36	-22	-8	2	det1=true
[6727]	95	95	-31	-25	-2	-8	det1=true
[6728]	95	95	-39	-25	-2	8	det1=true
[6729]	95	95	-28	-15	-7	-5	det1=true
[6730]	95	95	-33	-15	-7	5	det1=true
[6731]	51	96	-22	2	-4	-5	det1=true
[6732]	51	96	-27	2	-4	5	det1=true
[6733]	79	93	-34	-26	-1	-7	det1=true
[6734]	79	93	-41	-26	-1	7	det1=true
[6735]	87	93	-31	-13	-8	-1	det1=true
[6736]	87	93	-32	-13	-8	1	det1=true
[6737]	53	94	-23	-4	-4	-5	det1=true
[6738]	53	94	-28	-4	-4	5	det1=true
[6739]	84	94	-23	-10	-8	-2	det1=true
[6740]	84	94	-25	-10	-8	2	det1=true
[6741]	84	94	-20	-13	-2	-8	det1=true
[6742]	84	94	-28	-13	-2	8	det1=true
[6743]	88	94	-30	-17	-1	-8	det1=true
[6744]	88	94	-38	-17	-1	8	det1=true
[6745]	47	95	-23	-3	-6	-1	det1=true
[6746]	47	95	-24	-3	-6	1	det1=true
[6747]	67	95	-11	-8	-7	-3	det1=true
[6748]	67	95	-14	-8	-7	3	det1=true
[6749]	19	96	-6	2	-4	-1	det1=true
[6750]	19	96	-7	2	-4	1	det1=true
[6751]	50	93	-16	-3	-5	-4	det1=true
[6752]	50	93	-20	-3	-5	4	det1=true
[6753]	53	93	-13	1	-6	-3	det1=true
[6754]	74	93	-32	-12	-7	-2	det1=true
[6755]	74	93	-34	-12	-7	2	det1=true
[6756]	77	93	-27	-13	-7	-3	det1=true
[6757]	77	93	-30	-13	-7	3	det1=true
[6758]	81	93	-39	-16	-7	-2	det1=true
[6759]	81	93	-41	-16	-7	2	det1=true
[6760]	81	93	-38	-25	-7	-1	det1=true
[6761]	81	93	-35	-28	-1	-7	det1=true
[6762]	81	93	-42	-28	-1	7	det1=true
[6763]	81	93	-19	1	-8	-2	det1=true
[6764]	81	93	-21	1	-8	2	det1=true
[6765]	83	93	-41	-35	-6	3	det1=true
[6766]	87	93	-10	-10	-5	-7	det1=true
[6767]	87	93	-17	-10	-5	7	det1=true
[6768]	93	93	-41	-33	-7	-2	det1=true
[6769]	93	93	-43	-33	-7	2	det1=true
[6770]	47	94	-20	-3	-1	-6	det1=true
[6771]	47	94	-26	-3	-1	6	det1=true
[6772]	62	94	-30	-23	-6	-2	det1=true
[6773]	62	94	-32	-23	-6	2	det1=true
[6774]	67	94	-26	-1	-4	-6	det1=true
[6775]	67	94	-32	-1	-4	6	det1=true
[6776]	82	94	-18	-9	-2	-8	det1=true
[6777]	82	94	-26	-9	-2	8	det1=true
[6778]	85	94	-28	-12	-1	-8	det1=true
[6779]	85	94	-36	-12	-1	8	det1=true
[6780]	85	94	-16	-2	-8	-3	det1=true
[6781]	85	94	-19	-2	-8	3	det1=true
[6782]	36	95	-14	-10	-5	-2	det1=true
[6783]	36	95	-16	-10	-5	2	det1=true
[6784]	67	95	-9	-10	-3	-7	det1=true
[6785]	67	95	-16	-10	-3	7	det1=true
[6786]	82	95	-27	-20	-6	-5	det1=true
[6787]	82	95	-32	-20	-6	5	det1=true
[6788]	83	95	-11	-5	-8	-3	det1=true
[6789]	83	95	-14	-5	-8	3	det1=true
[6790]	87	95	-37	-33	-6	-4	det1=true
[6791]	87	95	-41	-33	-6	4	det1=true
[6792]	92	95	-33	-30	-6	-5	det1=true
[6793]	92	95	-38	-30	-6	5	det1=true
[6794]	95	95	-39	-27	-5	-6	det1=true
[6795]	95	95	-45	-27	-5	6	det1=true
[6796]	95	95	-41	-32	-5	6	det1=true
[6797]	95	95	-7	-1	-7	-6	det1=true
[6798]	34	96	-14	2	-5	-2	det1=true
[6799]	34	96	-16	2	-5	2	det1=true
[6800]	46	96	-11	-6	-6	-2	det1=true
[6801]	46	96	-13	-6	-6	2	det1=true
[6802]	86	96	-34	-12	-8	-1	det1=true
[6803]	86	96	-35	-12	-8	1	det1=true
[6804]	86	96	-30	-16	-4	-7	det1=true
[6805]	86	96	-37	-16	-4	7	det1=true
[6806]	93	96	-26	-18	-3	-8	det1=true
[6807]	93	96	-34	-18	-3	8	det1=true
[6808]	96	96	-32	-15	-3	-8	det1=true
[6809]	96	96	-40	-15	-3	8	det1=true
[6810]	48	93	-9	-4	-4	-5	det1=true
[6811]	48	93	-14	-4	-4	5	det1=true
[6812]	53	93	-16	1	-6	3	det1=true
[6813]	61	93	-15	-7	-4	6	det1=true
[6814]	61	93	-11	-1	-7	2	det1=true
[6815]	65	93	-25	-9	-7	-1	det1=true
[6816]	65	93	-26	-9	-7	1	det1=true
[6817]	72	93	-23	-20	-2	-7	det1=true
[6818]	72	93	-30	-20	-2	7	det1=true
[6819]	76	93	-34	-15	-6	-4	det1=true
[6820]	77	93	-25	-15	-3	-7	det1=true
[6821]	77	93	-10	-11	-4	-7	det1=true
[6822]	77	93	-17	-11	-4	7	det1=true
[6823]	78	93	-10	1	-8	-2	det1=true
[6824]	78	93	-8	-3	-8	-2	det1=true
[6825]	79	93	-27	-5	-5	-6	det1=true
[6826]	79	93	-33	-5	-5	6	det1=true
[6827]	82	93	-25	0	-4	-7	det1=true
[6828]	82	93	-32	0	-4	7	det1=true
[6829]	85	93	-29	-11	-8	-1	det1=true
[6830]	85	93	-30	-11	-8	1	det1=true
[6831]	89	93	-16	-10	-7	-5	det1=true
[6832]	89	93	-21	-10	-7	5	det1=true
[6833]	91	93	-43	-33	-7	-1	det1=true
[6834]	91	93	-44	-33	-7	1	det1=true
[6835]	91	93	-21	-8	-5	-7	det1=true
[6836]	91	93	-28	-8	-5	7	det1=true
[6837]	93	93	-35	-1	-2	-8	det1=true
[6838]	93	93	-43	-1	-2	8	det1=true
[6839]	93	93	-3	-1	-1	-9	det1=true
[6840]	93	93	-12	-1	-1	9	det1=true
[6841]	29	94	-8	-1	-3	-4	det1=true
[6842]	29	94	-12	-1	-3	4	det1=true
[6843]	45	94	-16	-6	-6	-1	det1=true
[6844]	45	94	-17	-6	-6	1	det1=true
[6845]	46	94	-2	-1	-5	-4	det1=true
[6846]	46	94	-6	-1	-5	4	det1=true
[6847]	49	94	-12	-8	-4	-5	det1=true
[6848]	49	94	-17	-8	-4	5	det1=true
[6849]	50	94	-21	-2	-6	-2	det1=true
[6850]	50	94	-23	-2	-6	2	det1=true
[6851]	50	94	-19	-4	-2	-6	det1=true
[6852]	50	94	-25	-4	-2	6	det1=true
[6853]	50	94	-22	-16	-6	1	det1=true
[6854]	52	94	-25	-16	-6	-1	det1=true
[6855]	52	94	-26	-16	-6	1	det1=true
[6856]	52	94	-18	-15	-2	-6	det1=true
[6857]	52	94	-24	-15	-2	6	det1=true
[6858]	54	94	-18	-17	-5	-4	det1=true
[6859]	54	94	-14	-7	-3	-6	det1=true
[6860]	54	94	-20	-7	-3	6	det1=true
[6861]	56	94	-25	-16	-2	-6	det1=true
[6862]	56	94	-31	-16	-2	6	det1=true
[6863]	61	94	-8	-6	-2	-7	det1=true
[6864]	62	94	-28	-25	-2	-6	det1=true
[6865]	62	94	-34	-25	-2	6	det1=true
[6866]	66	94	-22	-11	-7	2	det1=true
[6867]	70	94	-10	-2	-5	-6	det1=true
[6868]	74	94	-11	-2	-8	1	det1=true
[6869]	76	94	-33	-18	-4	-6	det1=true
[6870]	76	94	-39	-18	-4	6	det1=true
[6871]	78	94	-23	0	-8	1	det1=true
[6872]	79	94	-18	-11	-1	-8	det1=true
[6873]	79	94	-26	-11	-1	8	det1=true
[6874]	81	94	-20	-3	-8	-2	det1=true
[6875]	81	94	-22	-3	-8	2	det1=true
[6876]	81	94	-17	-6	-2	-8	det1=true
[6877]	81	94	-25	-6	-2	8	det1=true
[6878]	82	94	-34	-27	-7	-2	det1=true
[6879]	82	94	-36	-27	-7	2	det1=true
[6880]	85	94	-25	-4	-2	-8	det1=true
[6881]	85	94	-33	-4	-2	8	det1=true
[6882]	86	94	-14	-10	-8	-3	det1=true
[6883]	86	94	-17	-10	-8	3	det1=true
[6884]	94	94	-81	-2	-4	-2	det1=true
[6885]	94	94	-83	-2	-4	2	det1=true
[6886]	94	94	-76	-10	-3	-4	det1=true
[6887]	94	94	-30	-29	-1	-8	det1=true
[6888]	94	94	-38	-29	-1	8	det1=true
[6889]	41	95	-7	-1	-1	6	det1=true
[6890]	51	95	-17	-11	-4	-5	det1=true
[6891]	51	95	-22	-11	-4	5	det1=true
[6892]	52	95	-12	1	-3	-6	det1=true
[6893]	52	95	-18	1	-3	6	det1=true
[6894]	56	95	-26	-13	-5	-4	det1=true
[6895]	56	95	-30	-13	-5	4	det1=true
[6896]	62	95	-22	-7	-4	6	det1=true
[6897]	67	95	-25	1	-2	-7	det1=true
[6898]	67	95	-32	1	-2	7	det1=true
[6899]	71	95	-12	-9	-6	-5	det1=true
[6900]	71	95	-17	-9	-6	5	det1=true
[6901]	73	95	-28	-9	-7	3	det1=true
[6902]	79	95	-30	-16	-3	-7	det1=true
[6903]	79	95	-37	-16	-3	7	det1=true
[6904]	87	95	-16	-9	-5	-7	det1=true
[6905]	87	95	-23	-9	-5	7	det1=true
[6906]	89	95	-21	-12	-3	-8	det1=true
[6907]	89	95	-29	-12	-3	8	det1=true
[6908]	93	95	-29	-6	-7	-5	det1=true
[6909]	95	95	-35	-32	-5	-6	det1=true
[6910]	95	95	-27	-16	-5	-7	det1=true
[6911]	95	95	-34	-16	-5	7	det1=true
[6912]	29	96	-10	-3	-3	-4	det1=true
[6913]	29	96	-14	-3	-3	4	det1=true
[6914]	34	96	-12	-5	-5	-2	det1=true
[6915]	34	96	-14	-5	-5	2	det1=true
[6916]	46	96	-14	3	-6	-2	det1=true
[6917]	46	96	-16	3	-6	2	det1=true
[6918]	62	96	-28	-25	-5	-4	det1=true
[6919]	62	96	-32	-25	-5	4	det1=true
[6920]	67	96	-33	-2	-2	7	det1=true
[6921]	71	96	0	2	-7	-4	det1=true
[6922]	74	96	-31	-18	-2	-7	det1=true
[6923]	74	96	-38	-18	-2	7	det1=true
[6924]	74	96	-18	-14	-5	-6	det1=true
[6925]	74	96	-24	-14	-5	6	det1=true
[6926]	76	96	-20	2	-7	-4	det1=true
[6927]	76	96	-24	2	-7	4	det1=true
[6928]	76	96	-18	-8	-8	-1	det1=true
[6929]	76	96	-19	-8	-8	1	det1=true
[6930]	80	96	-26	2	-4	-7	det1=true
[6931]	84	96	-21	-2	-8	3	det1=true
[6932]	88	96	-34	-15	-7	-4	det1=true
[6933]	94	96	-7	0	-6	-7	det1=true
[6934]	96	96	-58	-10	-7	-2	det1=true
[6935]	20	93	-6	-4	-4	-1	det1=true
[6936]	20	93	-7	-4	-4	1	det1=true
[6937]	31	93	-12	1	-5	-1	det1=true
[6938]	31	93	-13	1	-5	1	det1=true
[6939]	48	93	-22	-6	-6	-1	det1=true
[6940]	51	93	-19	0	-5	-4	det1=true
[6941]	51	93	-23	0	-5	4	det1=true
[6942]	53	93	-17	-14	-5	-4	det1=true
[6943]	53	93	-21	-14	-5	4	det1=true
[6944]	61	93	-10	-6	-6	-4	det1=true
[6945]	61	93	-14	-6	-6	4	det1=true
[6946]	61	93	-9	-1	-7	-2	det1=true
[6947]	61	93	-7	-4	-7	-2	det1=true
[6948]	62	93	-8	-8	-2	-7	det1=true
[6949]	62	93	-15	-8	-2	7	det1=true
[6950]	67	93	-25	2	-7	-2	det1=true
[6951]	67	93	-27	2	-7	2	det1=true
[6952]	69	93	-30	-7	-1	-7	det1=true
[6953]	69	93	-37	-7	-1	7	det1=true
[6954]	71	93	-22	-19	-2	-7	det1=true
[6955]	72	93	-30	-10	-7	-2	det1=true
[6956]	72	93	-32	-10	-7	2	det1=true
[6957]	73	93	-28	-18	-6	-4	det1=true
[6958]	73	93	-32	-18	-6	4	det1=true
[6959]	75	93	-9	-1	-4	-7	det1=true
[6960]	76	93	-14	2	-7	-4	det1=true
[6961]	76	93	-18	2	-7	4	det1=true
[6962]	77	93	-18	1	-8	-1	det1=true
[6963]	77	93	-19	1	-8	1	det1=true
[6964]	78	93	-10	-3	-8	2	det1=true
[6965]	82	93	-31	-30	-6	-4	det1=true
[6966]	82	93	-35	-30	-6	4	det1=true
[6967]	82	93	-28	2	-8	-1	det1=true
[6968]	82	93	-29	2	-8	1	det1=true
[6969]	83	93	-28	-24	-3	-7	det1=true
[6970]	85	93	-26	-13	-4	-7	det1=true
[6971]	85	93	-33	-13	-4	7	det1=true
[6972]	87	93	-28	-15	-4	-7	det1=true
[6973]	87	93	-35	-15	-4	7	det1=true
[6974]	87	93	-17	0	-3	-8	det1=true
[6975]	87	93	-25	0	-3	8	det1=true
[6976]	87	93	-16	-9	-7	5	det1=true
[6977]	88	93	-36	-14	-5	-6	det1=true
[6978]	89	93	-15	-11	-5	-7	det1=true
[6979]	89	93	-22	-11	-5	7	det1=true
[6980]	93	93	-39	-5	-8	2	det1=true
[6981]	32	94	-18	-10	-3	4	det1=true
[6982]	36	94	-16	-5	-5	-2	det1=true
[6983]	36	94	-18	-5	-5	2	det1=true
[6984]	48	94	-12	-2	-5	-4	det1=true
[6985]	50	94	-21	-16	-6	-1	det1=true
[6986]	52	94	-20	-13	-6	-2	det1=true
[6987]	54	94	-22	-17	-5	4	det1=true
[6988]	54	94	-16	1	-3	-6	det1=true
[6989]	54	94	-22	1	-3	6	det1=true
[6990]	59	94	-5	-4	-6	-4	det1=true
[6991]	59	94	-9	-4	-6	4	det1=true
[6992]	67	94	-27	0	-6	-4	det1=true
[6993]	67	94	-31	0	-6	4	det1=true
[6994]	75	94	-23	0	-6	-5	det1=true
[6995]	75	94	-28	0	-6	5	det1=true
[6996]	75	94	-15	4	-8	-1	det1=true
[6997]	75	94	-16	4	-8	1	det1=true
[6998]	79	94	-20	-6	-4	-7	det1=true
[6999]	79	94	-27	-6	-4	7	det1=true
[7000]	81	94	-33	-26	-2	-7	det1=true
[7001]	81	94	-40	-26	-2	7	det1=true
[7002]	81	94	-26	-1	-7	-4	det1=true
[7003]	81	94	-30	-1	-7	4	det1=true
[7004]	83	94	-34	-4	-5	-6	det1=true
[7005]	83	94	-40	-4	-5	6	det1=true
[7006]	89	94	-40	-10	-6	-5	det1=true
[7007]	89	94	-45	-10	-6	5	det1=true
[7008]	91	94	-35	-18	-8	-1	det1=true
[7009]	91	94	-36	-18	-8	1	det1=true
[7010]	91	94	-27	-12	-8	3	det1=true
[7011]	93	94	-29	-22	-2	-8	det1=true
[7012]	93	94	-37	-22	-2	8	det1=true
[7013]	94	94	-40	-9	-1	-8	det1=true
[7014]	94	94	-48	-9	-1	8	det1=true
[7015]	94	94	-30	-10	-8	-3	det1=true
[7016]	94	94	-33	-10	-8	3	det1=true
[7017]	34	95	-11	-2	-2	-5	det1=true
[7018]	34	95	-16	-2	-2	5	det1=true
[7019]	35	95	-13	-7	-5	-2	det1=true
[7020]	35	95	-15	-7	-5	2	det1=true
[7021]	41	95	-1	-1	-1	-6	det1=true
[7022]	46	95	-16	-11	-1	-6	det1=true
[7023]	46	95	-22	-11	-1	6	det1=true
[7024]	47	95	-11	2	-5	-4	det1=true
[7025]	47	95	-15	2	-5	4	det1=true
[7026]	51	95	-21	-2	-5	-4	det1=true
[7027]	51	95	-25	-2	-5	4	det1=true
[7028]	51	95	-7	-4	-3	-6	det1=true
[7029]	51	95	-13	-4	-3	6	det1=true
[7030]	68	95	-4	-2	-5	-6	det1=true
[7031]	68	95	-10	-2	-5	6	det1=true
[7032]	74	95	-13	-4	-8	1	det1=true
[7033]	75	95	-17	1	-8	-1	det1=true
[7034]	75	95	-18	1	-8	1	det1=true
[7035]	77	95	-31	-10	-7	-3	det1=true
[7036]	77	95	-34	-10	-7	3	det1=true
[7037]	81	95	-31	-12	-1	8	det1=true
[7038]	82	95	-34	-3	-5	-6	det1=true
[7039]	82	95	-40	-3	-5	6	det1=true
[7040]	82	95	-6	-5	-3	-8	det1=true
[7041]	82	95	-14	-5	-3	8	det1=true
[7042]	83	95	-11	-2	-3	-8	det1=true
[7043]	83	95	-19	-2	-3	8	det1=true
[7044]	85	95	-35	-13	-5	-6	det1=true
[7045]	85	95	-41	-13	-5	6	det1=true
[7046]	87	95	-19	0	-5	-7	det1=true
[7047]	87	95	-26	0	-5	7	det1=true
[7048]	87	95	-14	-12	-7	-5	det1=true
[7049]	87	95	-19	-12	-7	5	det1=true
[7050]	88	95	-37	-8	-8	-1	det1=true
[7051]	88	95	-38	-8	-8	1	det1=true
[7052]	88	95	-28	-22	-7	-4	det1=true
[7053]	89	95	-23	2	-5	-7	det1=true
[7054]	89	95	-30	2	-5	7	det1=true
[7055]	91	95	-11	-3	-1	9	det1=true
[7056]	95	95	-41	-42	-1	-7	det1=true
[7057]	95	95	-13	-1	-7	6	det1=true
[7058]	19	96	-4	-2	-1	-4	det1=true
[7059]	46	96	-12	1	-2	-6	det1=true
[7060]	46	96	-18	1	-2	6	det1=true
[7061]	46	96	-9	-8	-2	-6	det1=true
[7062]	46	96	-15	-8	-2	6	det1=true
[7063]	48	96	-26	-6	-6	1	det1=true
[7064]	51	96	-10	-2	-3	-6	det1=true
[7065]	51	96	-16	-2	-3	6	det1=true
[7066]	52	96	-24	-2	-5	-4	det1=true
[7067]	52	96	-28	-2	-5	4	det1=true
[7068]	52	96	-25	-12	-6	2	det1=true
[7069]	56	96	-25	-16	-4	-5	det1=true
[7070]	67	96	-26	-2	-2	-7	det1=true
[7071]	83	96	-33	-2	-8	-1	det1=true
[7072]	83	96	-34	-2	-8	1	det1=true
[7073]	83	96	-30	-4	-4	-7	det1=true
[7074]	83	96	-37	-4	-4	7	det1=true
[7075]	84	96	-18	-2	-8	-3	det1=true
[7076]	86	96	-38	-12	-6	-5	det1=true
[7077]	86	96	-43	-12	-6	5	det1=true
[7078]	88	96	-38	-15	-7	4	det1=true
[7079]	90	96	-40	-34	-7	-2	det1=true
[7080]	90	96	-42	-34	-7	2	det1=true
[7081]	90	96	-30	-26	-8	-1	det1=true
[7082]	90	96	-31	-26	-8	1	det1=true
[7083]	93	96	-40	-13	-1	-8	det1=true
[7084]	93	96	-48	-13	-1	8	det1=true
[7085]	95	96	-43	-30	-6	5	det1=true
[7086]	33	93	-3	1	-2	-5	det1=true
[7087]	33	93	-8	1	-2	5	det1=true
[7088]	35	93	-13	-2	-5	-2	det1=true
[7089]	53	93	-21	-7	-4	-5	det1=true
[7090]	53	93	-26	-7	-4	5	det1=true
[7091]	59	93	-25	-19	-5	-4	det1=true
[7092]	63	93	-19	-12	-7	-1	det1=true
[7093]	63	93	-20	-12	-7	1	det1=true
[7094]	70	93	-8	0	-6	-5	det1=true
[7095]	70	93	-13	0	-6	5	det1=true
[7096]	71	93	-29	-19	-2	7	det1=true
[7097]	77	93	-15	-1	-4	-7	det1=true
[7098]	77	93	-22	-1	-4	7	det1=true
[7099]	77	93	-13	-9	-8	-1	det1=true
[7100]	77	93	-14	-9	-8	1	det1=true
[7101]	78	93	-13	-6	-2	8	det1=true
[7102]	79	93	-31	-9	-6	5	det1=true
[7103]	81	93	-39	-25	-7	1	det1=true
[7104]	82	93	-24	-20	-5	-6	det1=true
[7105]	82	93	-30	-20	-5	6	det1=true
[7106]	83	93	-38	-35	-6	-3	det1=true
[7107]	85	93	-32	-15	-6	-5	det1=true
[7108]	85	93	-37	-15	-6	5	det1=true
[7109]	85	93	-29	-2	-1	-8	det1=true
[7110]	86	93	-31	-10	-8	-1	det1=true
[7111]	86	93	-32	-10	-8	1	det1=true
[7112]	87	93	-23	-23	-1	-8	det1=true
[7113]	87	93	-31	-23	-1	8	det1=true
[7114]	88	93	-34	-34	-2	-7	det1=true
[7115]	88	93	-41	-34	-2	7	det1=true
[7116]	89	93	-29	-7	-2	-8	det1=true
[7117]	89	93	-27	-22	-1	-8	det1=true
[7118]	89	93	-35	-22	-1	8	det1=true
[7119]	91	93	-25	-28	-1	-8	det1=true
[7120]	91	93	-33	-28	-1	8	det1=true
[7121]	93	93	-29	-21	-8	-2	det1=true
[7122]	93	93	-31	-21	-8	2	det1=true
[7123]	93	93	-7	3	-9	-1	det1=true
[7124]	93	93	-8	3	-9	1	det1=true
[7125]	48	94	-16	-2	-5	4	det1=true
[7126]	52	94	-22	-13	-6	2	det1=true
[7127]	53	94	-26	-8	-5	4	det1=true
[7128]	64	94	-15	-10	-2	-7	det1=true
[7129]	64	94	-22	-10	-2	7	det1=true
[7130]	67	94	-23	-12	-6	-4	det1=true
[7131]	67	94	-27	-12	-6	4	det1=true
[7132]	67	94	-22	-13	-4	-6	det1=true
[7133]	67	94	-28	-13	-4	6	det1=true
[7134]	73	94	-19	0	-6	-5	det1=true
[7135]	73	94	-24	0	-6	5	det1=true
[7136]	73	94	-16	-8	-5	-6	det1=true
[7137]	73	94	-22	-8	-5	6	det1=true
[7138]	74	94	-30	-19	-6	-4	det1=true
[7139]	74	94	-34	-19	-6	4	det1=true
[7140]	74	94	-10	-2	-8	-1	det1=true
[7141]	76	94	-34	-17	-6	-4	det1=true
[7142]	76	94	-38	-17	-6	4	det1=true
[7143]	78	94	-22	0	-8	-1	det1=true
[7144]	85	94	-17	4	-8	-3	det1=true
[7145]	85	94	-20	4	-8	3	det1=true
[7146]	86	94	-39	-16	-6	5	det1=true
[7147]	87	94	-36	-2	-8	-1	det1=true
[7148]	87	94	-37	-2	-8	1	det1=true
[7149]	87	94	-32	-8	-1	-8	det1=true
[7150]	87	94	-40	-8	-1	8	det1=true
[7151]	89	94	-25	0	-8	-3	det1=true
[7152]	89	94	-28	0	-8	3	det1=true
[7153]	89	94	-22	-5	-3	-8	det1=true
[7154]	91	94	-39	-18	-6	-5	det1=true
[7155]	91	94	-44	-18	-6	5	det1=true
[7156]	92	94	-38	-37	-6	-4	det1=true
[7157]	92	94	-42	-37	-6	4	det1=true
[7158]	94	94	-42	-6	-7	-4	det1=true
[7159]	44	95	-13	-8	-6	-1	det1=true
[7160]	59	95	-9	-3	-6	-4	det1=true
[7161]	59	95	-13	-3	-6	4	det1=true
[7162]	62	95	-18	1	-4	-6	det1=true
[7163]	62	95	-24	1	-4	6	det1=true
[7164]	62	95	-16	-7	-4	-6	det1=true
[7165]	65	95	-27	-2	-1	-7	det1=true
[7166]	65	95	-34	-2	-1	7	det1=true
[7167]	70	95	-10	-7	-5	-6	det1=true
[7168]	70	95	-16	-7	-5	6	det1=true
[7169]	73	95	-23	-11	-3	-7	det1=true
[7170]	73	95	-30	-11	-3	7	det1=true
[7171]	74	95	-12	-4	-8	-1	det1=true
[7172]	75	95	-28	-6	-3	-7	det1=true
[7173]	75	95	-35	-6	-3	7	det1=true
[7174]	81	95	-23	-12	-1	-8	det1=true
[7175]	86	95	-21	0	-8	-3	det1=true
[7176]	86	95	-24	0	-8	3	det1=true
[7177]	87	95	-37	-3	-8	-1	det1=true
[7178]	87	95	-38	-3	-8	1	det1=true
[7179]	88	95	-32	-22	-7	4	det1=true
[7180]	89	95	-31	-20	-1	-8	det1=true
[7181]	89	95	-39	-20	-1	8	det1=true
[7182]	90	95	-40	-6	-8	-1	det1=true
[7183]	90	95	-41	-6	-8	1	det1=true
[7184]	92	95	-36	-3	-2	-8	det1=true
[7185]	92	95	-44	-3	-2	8	det1=true
[7186]	93	95	-34	-6	-7	5	det1=true
[7187]	95	95	-7	-3	-9	-2	det1=true
[7188]	19	96	-8	-2	-1	4	det1=true
[7189]	47	96	-10	-6	-5	-4	det1=true
[7190]	47	96	-14	-6	-5	4	det1=true
[7191]	52	96	-23	-12	-6	-2	det1=true
[7192]	56	96	-30	-16	-4	5	det1=true
[7193]	59	96	-10	-2	-7	2	det1=true
[7194]	66	96	-20	-15	-7	-2	det1=true
[7195]	66	96	-22	-15	-7	2	det1=true
[7196]	68	96	-6	-5	-5	-6	det1=true
[7197]	68	96	-12	-5	-5	6	det1=true
[7198]	69	96	-26	-15	-7	-2	det1=true
[7199]	69	96	-28	-15	-7	2	det1=true
[7200]	71	96	2	-1	-1	-8	det1=true
[7201]	71	96	-6	-1	-1	8	det1=true
[7202]	72	96	-8	2	-7	-4	det1=true
[7203]	72	96	-12	2	-7	4	det1=true
[7204]	72	96	-6	-1	-1	-8	det1=true
[7205]	73	96	-13	0	-8	-1	det1=true
[7206]	73	96	-14	0	-8	1	det1=true
[7207]	74	96	-32	-18	-7	-2	det1=true
[7208]	74	96	-34	-18	-7	2	det1=true
[7209]	76	96	-18	-1	-1	-8	det1=true
[7210]	76	96	-26	-1	-1	8	det1=true
[7211]	77	96	-24	-14	-5	-6	det1=true
[7212]	77	96	-30	-14	-5	6	det1=true
[7213]	83	96	-34	-31	-7	-2	det1=true
[7214]	83	96	-36	-31	-7	2	det1=true
[7215]	83	96	-30	-1	-1	-8	det1=true
[7216]	83	96	-38	-1	-1	8	det1=true
[7217]	84	96	-35	-4	-8	1	det1=true
[7218]	87	96	-18	-14	-8	-3	det1=true
[7219]	87	96	-21	-14	-8	3	det1=true
[7220]	94	96	-45	-8	-8	-1	det1=true
[7221]	96	96	-30	-20	-8	-3	det1=true
[7222]	96	96	-33	-20	-8	3	det1=true
[7223]	21	93	-9	-7	-4	-1	det1=true
[7224]	21	93	-10	-7	-4	1	det1=true
[7225]	31	93	-12	-7	-4	-3	det1=true
[7226]	31	93	-15	-7	-4	3	det1=true
[7227]	35	93	-15	-2	-5	2	det1=true
[7228]	36	93	-16	-2	-5	-2	det1=true
[7229]	36	93	-18	-2	-5	2	det1=true
[7230]	61	93	-9	-4	-7	2	det1=true
[7231]	63	93	-16	-15	-1	-7	det1=true
[7232]	63	93	-23	-15	-1	7	det1=true
[7233]	64	93	-28	-25	-5	-4	det1=true
[7234]	64	93	-32	-25	-5	4	det1=true
[7235]	67	93	-32	3	-7	1	det1=true
[7236]	69	93	-21	-16	-7	-2	det1=true
[7237]	75	93	-12	1	-8	-1	det1=true
[7238]	75	93	-13	1	-8	1	det1=true
[7239]	75	93	-16	-1	-4	7	det1=true
[7240]	78	93	-5	-6	-2	-8	det1=true
[7241]	79	93	-37	-23	-7	-1	det1=true
[7242]	79	93	-26	-9	-6	-5	det1=true
[7243]	79	93	-21	-17	-5	-6	det1=true
[7244]	79	93	-27	-17	-5	6	det1=true
[7245]	82	93	-38	-20	-7	-2	det1=true
[7246]	82	93	-40	-20	-7	2	det1=true
[7247]	82	93	-22	-12	-7	-4	det1=true
[7248]	87	93	-33	-11	-8	1	det1=true
[7249]	87	93	-11	-9	-7	-5	det1=true
[7250]	88	93	-42	-14	-5	6	det1=true
[7251]	88	93	-36	-5	-2	8	det1=true
[7252]	89	93	-37	-7	-2	8	det1=true
[7253]	93	93	-34	-8	-2	-8	det1=true
[7254]	93	93	-42	-8	-2	8	det1=true
[7255]	28	94	-2	2	-4	-3	det1=true
[7256]	28	94	-5	2	-4	3	det1=true
[7257]	30	94	-10	-6	-3	-4	det1=true
[7258]	30	94	-14	-6	-3	4	det1=true
[7259]	52	94	-23	-8	-6	-2	det1=true
[7260]	52	94	-25	-8	-6	2	det1=true
[7261]	56	94	-27	-14	-6	-2	det1=true
[7262]	56	94	-29	-14	-6	2	det1=true
[7263]	58	94	0	3	-6	-4	det1=true
[7264]	58	94	-4	3	-6	4	det1=true
[7265]	61	94	-15	-6	-2	7	det1=true
[7266]	64	94	-18	0	-2	-7	det1=true
[7267]	64	94	-25	0	-2	7	det1=true
[7268]	66	94	-22	0	-2	-7	det1=true
[7269]	66	94	-29	0	-2	7	det1=true
[7270]	66	94	-20	-11	-7	-2	det1=true
[7271]	68	94	-26	-7	-7	-2	det1=true
[7272]	68	94	-28	-7	-7	2	det1=true
[7273]	70	94	-16	-2	-5	6	det1=true
[7274]	83	94	-31	-14	-6	-5	det1=true
[7275]	83	94	-36	-14	-6	5	det1=true
[7276]	83	94	-31	4	-8	-1	det1=true
[7277]	83	94	-32	4	-8	1	det1=true
[7278]	85	94	-40	-24	-7	-2	det1=true
[7279]	85	94	-42	-24	-7	2	det1=true
[7280]	85	94	-30	-9	-7	-4	det1=true
[7281]	85	94	-34	-9	-7	4	det1=true
[7282]	89	94	-20	-12	-8	-3	det1=true
[7283]	89	94	-23	-12	-8	3	det1=true
[7284]	91	94	-24	-12	-8	-3	det1=true
[7285]	93	94	-15	2	-4	-8	det1=true
[7286]	93	94	-23	2	-4	8	det1=true
[7287]	29	95	-6	2	-5	1	det1=true
[7288]	44	95	-14	-8	-6	1	det1=true
[7289]	48	95	-16	-9	-6	2	det1=true
[7290]	48	95	-12	-11	-2	-6	det1=true
[7291]	48	95	-18	-11	-2	6	det1=true
[7292]	63	95	-19	-15	-1	-7	det1=true
[7293]	63	95	-26	-15	-1	7	det1=true
[7294]	65	95	-11	-5	-3	7	det1=true
[7295]	73	95	-25	-9	-7	-3	det1=true
[7296]	75	95	-30	-4	-7	-3	det1=true
[7297]	77	95	-29	-12	-3	-7	det1=true
[7298]	77	95	-36	-12	-3	7	det1=true
[7299]	78	95	-21	2	-4	-7	det1=true
[7300]	78	95	-28	2	-4	7	det1=true
[7301]	80	95	-32	-2	-1	8	det1=true
[7302]	80	95	-18	-17	-1	-8	det1=true
[7303]	83	95	-7	-3	-7	-5	det1=true
[7304]	83	95	-12	-3	-7	5	det1=true
[7305]	87	95	-13	-13	-5	-7	det1=true
[7306]	87	95	-20	-13	-5	7	det1=true
[7307]	91	95	-2	-3	-1	-9	det1=true
[7308]	45	96	-2	0	-4	-5	det1=true
[7309]	45	96	-7	0	-4	5	det1=true
[7310]	46	96	-8	-2	-5	-4	det1=true
[7311]	46	96	-12	-2	-5	4	det1=true
[7312]	46	96	-6	-5	-5	-4	det1=true
[7313]	46	96	-10	-5	-5	4	det1=true
[7314]	48	96	-23	-12	-6	1	det1=true
[7315]	58	96	-2	1	-7	-2	det1=true
[7316]	58	96	-4	1	-7	2	det1=true
[7317]	59	96	-8	-2	-7	-2	det1=true
[7318]	61	96	-10	-10	-2	-7	det1=true
[7319]	65	96	-18	-14	-2	-7	det1=true
[7320]	65	96	-25	-14	-2	7	det1=true
[7321]	71	96	-4	2	-7	4	det1=true
[7322]	76	96	-15	-10	-4	-7	det1=true
[7323]	76	96	-22	-10	-4	7	det1=true
[7324]	77	96	-29	0	-6	-5	det1=true
[7325]	77	96	-34	0	-6	5	det1=true
[7326]	78	96	-34	-22	-2	-7	det1=true
[7327]	78	96	-41	-22	-2	7	det1=true
[7328]	81	96	-38	-23	-7	-2	det1=true
[7329]	81	96	-40	-23	-7	2	det1=true
[7330]	81	96	-27	-4	-4	-7	det1=true
[7331]	81	96	-34	-4	-4	7	det1=true
[7332]	83	96	-36	-5	-5	-6	det1=true
[7333]	83	96	-42	-5	-5	6	det1=true
[7334]	84	96	-34	-4	-8	-1	det1=true
[7335]	84	96	-30	-14	-8	-1	det1=true
[7336]	84	96	-31	-14	-8	1	det1=true
[7337]	86	96	-36	2	-7	-4	det1=true
[7338]	86	96	-29	-20	-8	-1	det1=true
[7339]	86	96	-30	-20	-8	1	det1=true
[7340]	86	96	-26	-22	-4	-7	det1=true
[7341]	86	96	-33	-22	-4	7	det1=true
[7342]	93	96	-42	-10	-7	-4	det1=true
[7343]	93	96	-46	-10	-7	4	det1=true
[7344]	43	93	-18	-5	-5	-3	det1=true
[7345]	43	93	-17	-6	-3	-5	det1=true
[7346]	67	93	-31	3	-7	-1	det1=true
[7347]	68	93	-22	-10	-2	-7	det1=true
[7348]	68	93	-29	-10	-2	7	det1=true
[7349]	69	93	-23	-16	-7	2	det1=true
[7350]	70	93	-32	-30	-4	-5	det1=true
[7351]	70	93	-37	-30	-4	5	det1=true
[7352]	76	93	-38	-15	-6	4	det1=true
[7353]	78	93	-16	-6	-4	-7	det1=true
[7354]	78	93	-23	-6	-4	7	det1=true
[7355]	79	93	-38	-23	-7	1	det1=true
[7356]	85	93	-35	-29	-7	-2	det1=true
[7357]	85	93	-7	-4	-5	-7	det1=true
[7358]	85	93	-14	-4	-5	7	det1=true
[7359]	87	93	-32	-11	-8	-1	det1=true
[7360]	87	93	-36	-13	-4	7	det1=true
[7361]	93	93	-37	-5	-8	-2	det1=true
[7362]	44	94	-14	-4	-6	-1	det1=true
[7363]	44	94	-15	-4	-6	1	det1=true
[7364]	78	94	-19	-2	-4	-7	det1=true
[7365]	79	94	-21	-2	-4	-7	det1=true
[7366]	79	94	-28	-2	-4	7	det1=true
[7367]	79	94	-20	-8	-7	-4	det1=true
[7368]	79	94	-24	-8	-7	4	det1=true
[7369]	86	94	-38	-1	-5	-6	det1=true
[7370]	86	94	-44	-1	-5	6	det1=true
[7371]	88	94	-42	-26	-7	-2	det1=true
[7372]	88	94	-44	-26	-7	2	det1=true
[7373]	89	94	-30	-5	-3	8	det1=true
[7374]	91	94	-32	-20	-4	-7	det1=true
[7375]	94	94	-46	-6	-7	4	det1=true
[7376]	29	95	-12	-3	-4	3	det1=true
[7377]	53	95	-21	-12	-5	-4	det1=true
[7378]	59	95	-14	-9	-7	-1	det1=true
[7379]	59	95	-15	-9	-7	1	det1=true
[7380]	59	95	-8	-4	-4	-6	det1=true
[7381]	59	95	-14	-4	-4	6	det1=true
[7382]	63	95	-22	-12	-7	-1	det1=true
[7383]	63	95	-23	-12	-7	1	det1=true
[7384]	65	95	-6	-3	-7	-3	det1=true
[7385]	65	95	-9	-3	-7	3	det1=true
[7386]	65	95	-4	-5	-3	-7	det1=true
[7387]	74	95	-9	-6	-4	-7	det1=true
[7388]	74	95	-16	-6	-4	7	det1=true
[7389]	75	95	-14	-1	-4	-7	det1=true
[7390]	75	95	-21	-1	-4	7	det1=true
[7391]	79	95	-32	-14	-7	-3	det1=true
[7392]	79	95	-35	-14	-7	3	det1=true
[7393]	83	95	-6	-4	-5	-7	det1=true
[7394]	83	95	-13	-4	-5	7	det1=true
[7395]	87	95	-22	-8	-7	5	det1=true
[7396]	89	95	-37	-17	-7	4	det1=true
[7397]	61	96	-17	-10	-2	7	det1=true
[7398]	73	96	-10	-2	-4	-7	det1=true
[7399]	74	96	-38	-10	-7	2	det1=true
[7400]	77	96	-26	1	-7	4	det1=true
[7401]	81	96	-30	-2	-8	-1	det1=true
[7402]	81	96	-31	-2	-8	1	det1=true
[7403]	81	96	-24	-13	-1	-8	det1=true
[7404]	81	96	-32	-13	-1	8	det1=true
[7405]	84	96	-15	-8	-8	-3	det1=true
[7406]	84	96	-18	-8	-8	3	det1=true
[7407]	86	96	-40	2	-7	4	det1=true
[7408]	88	96	-39	-32	-2	-7	det1=true
[7409]	94	96	-46	-8	-8	1	det1=true
[7410]	95	96	-38	-30	-6	-5	det1=true
[7411]	35	93	-11	-6	-5	-2	det1=true
[7412]	35	93	-13	-6	-5	2	det1=true
[7413]	43	93	-21	-5	-5	3	det1=true
[7414]	43	93	-22	-6	-3	5	det1=true
[7415]	57	93	-23	-17	-5	-4	det1=true
[7416]	59	93	-29	-19	-5	4	det1=true
[7417]	63	93	-24	-1	-7	-1	det1=true
[7418]	63	93	-25	-1	-7	1	det1=true
[7419]	64	93	-16	-7	-7	-2	det1=true
[7420]	64	93	-18	-7	-7	2	det1=true
[7421]	66	93	-22	-4	-7	-2	det1=true
[7422]	66	93	-24	-4	-7	2	det1=true
[7423]	68	93	-26	-3	-7	-2	det1=true
[7424]	68	93	-28	-3	-7	2	det1=true
[7425]	71	93	-28	-20	-7	-1	det1=true
[7426]	71	93	-29	-20	-7	1	det1=true
[7427]	74	93	-8	4	-8	-1	det1=true
[7428]	74	93	-9	4	-8	1	det1=true
[7429]	74	93	-4	-2	-4	-7	det1=true
[7430]	74	93	-11	-2	-4	7	det1=true
[7431]	83	93	-35	-24	-3	7	det1=true
[7432]	85	93	-37	-2	-1	8	det1=true
[7433]	48	94	-10	-6	-5	-4	det1=true
[7434]	53	94	-22	-8	-5	-4	det1=true
[7435]	58	94	-25	-18	-4	-5	det1=true
[7436]	58	94	-30	-18	-4	5	det1=true
[7437]	60	94	-8	1	-7	-2	det1=true
[7438]	60	94	-10	1	-7	2	det1=true
[7439]	61	94	-12	0	-7	-2	det1=true
[7440]	61	94	-14	0	-7	2	det1=true
[7441]	61	94	-9	-4	-2	-7	det1=true
[7442]	61	94	-16	-4	-2	7	det1=true
[7443]	69	94	-25	-10	-2	-7	det1=true
[7444]	69	94	-32	-10	-2	7	det1=true
[7445]	73	94	-32	-6	-2	-7	det1=true
[7446]	73	94	-39	-6	-2	7	det1=true
[7447]	73	94	-18	-3	-5	-6	det1=true
[7448]	73	94	-24	-3	-5	6	det1=true
[7449]	74	94	-10	2	-7	-4	det1=true
[7450]	74	94	-14	2	-7	4	det1=true
[7451]	79	94	-24	0	-8	-1	det1=true
[7452]	79	94	-25	0	-8	1	det1=true
[7453]	80	94	-22	-20	-6	-5	det1=true
[7454]	80	94	-27	-20	-6	5	det1=true
[7455]	82	94	-21	-6	-8	-2	det1=true
[7456]	82	94	-23	-6	-8	2	det1=true
[7457]	85	94	-28	-1	-8	-2	det1=true
[7458]	85	94	-30	-1	-8	2	det1=true
[7459]	90	94	-27	4	-8	-3	det1=true
[7460]	90	94	-30	4	-8	3	det1=true
[7461]	91	94	-39	-20	-4	7	det1=true
[7462]	35	95	-15	-3	-5	-2	det1=true
[7463]	35	95	-17	-3	-5	2	det1=true
[7464]	43	95	-11	-3	-1	-6	det1=true
[7465]	43	95	-17	-3	-1	6	det1=true
[7466]	48	95	-14	-9	-6	-2	det1=true
[7467]	59	95	-11	-12	-1	-7	det1=true
[7468]	59	95	-18	-12	-1	7	det1=true
[7469]	71	95	-15	-3	-5	-6	det1=true
[7470]	71	95	-21	-3	-5	6	det1=true
[7471]	75	95	-33	-4	-7	3	det1=true
[7472]	78	95	-36	-19	-4	-6	det1=true
[7473]	78	95	-24	4	-8	-1	det1=true
[7474]	78	95	-25	4	-8	1	det1=true
[7475]	80	95	-26	1	-7	-4	det1=true
[7476]	80	95	-30	1	-7	4	det1=true
[7477]	80	95	-24	-2	-1	-8	det1=true
[7478]	89	95	-33	-17	-7	-4	det1=true
[7479]	91	95	-35	-11	-8	-2	det1=true
[7480]	91	95	-37	-11	-8	2	det1=true
[7481]	48	96	-22	-12	-6	-1	det1=true
[7482]	66	96	-23	-8	-2	-7	det1=true
[7483]	66	96	-30	-8	-2	7	det1=true
[7484]	84	96	-27	-16	-4	-7	det1=true
[7485]	84	96	-34	-16	-4	7	det1=true
[7486]	88	96	-46	-32	-2	7	det1=true
[7487]	94	96	-42	-10	-4	-7	det1=true
[7488]	94	96	-49	-10	-4	7	det1=true
[7489]	57	93	-27	-17	-5	4	det1=true
[7490]	57	93	-3	-4	-1	-7	det1=true
[7491]	57	93	-10	-4	-1	7	det1=true
[7492]	60	93	-22	-14	-3	-6	det1=true
[7493]	63	93	-14	1	-2	-7	det1=true
[7494]	63	93	-21	1	-2	7	det1=true
[7495]	71	93	-21	-1	-7	-3	det1=true
[7496]	71	93	-24	-1	-7	3	det1=true
[7497]	71	93	-19	-3	-3	-7	det1=true
[7498]	71	93	-26	-3	-3	7	det1=true
[7499]	77	93	-28	-30	-1	-7	det1=true
[7500]	77	93	-35	-30	-1	7	det1=true
[7501]	83	93	-30	-22	-7	-3	det1=true
[7502]	83	93	-33	-22	-7	3	det1=true
[7503]	84	93	-8	-3	-3	-8	det1=true
[7504]	87	93	-33	-4	-7	-4	det1=true
[7505]	87	93	-29	-13	-4	-7	det1=true
[7506]	91	93	-35	-11	-1	-8	det1=true
[7507]	91	93	-43	-11	-1	8	det1=true
[7508]	93	93	-23	-15	-3	-8	det1=true
[7509]	93	93	-31	-15	-3	8	det1=true
[7510]	48	94	-14	-6	-5	4	det1=true
[7511]	73	94	-14	-11	-5	-6	det1=true
[7512]	73	94	-20	-11	-5	6	det1=true
[7513]	74	94	-7	-4	-4	-7	det1=true
[7514]	74	94	-14	-4	-4	7	det1=true
[7515]	82	94	-26	-10	-8	-1	det1=true
[7516]	82	94	-27	-10	-8	1	det1=true
[7517]	86	94	-34	-16	-6	-5	det1=true
[7518]	29	95	-9	-3	-4	-3	det1=true
[7519]	29	95	-5	2	-5	-1	det1=true
[7520]	31	95	-11	-11	-3	-4	det1=true
[7521]	53	95	-25	-12	-5	4	det1=true
[7522]	62	95	-19	2	-6	-4	det1=true
[7523]	62	95	-23	2	-6	4	det1=true
[7524]	69	95	-9	-2	-5	-6	det1=true
[7525]	69	95	-15	-2	-5	6	det1=true
[7526]	82	95	-20	-11	-8	-2	det1=true
[7527]	82	95	-17	-14	-2	-8	det1=true
[7528]	82	95	-25	-14	-2	8	det1=true
[7529]	88	95	-26	-25	-1	-8	det1=true
[7530]	88	95	-34	-25	-1	8	det1=true
[7531]	78	96	-24	2	-7	-4	det1=true
[7532]	78	96	-28	2	-7	4	det1=true
[7533]	88	96	-32	-18	-1	-8	det1=true
[7534]	88	96	-40	-18	-1	8	det1=true
[7535]	83	93	-35	-26	-7	-2	det1=true
[7536]	83	93	-37	-26	-7	2	det1=true
[7537]	85	93	-37	-29	-7	2	det1=true
[7538]	88	93	-28	-5	-2	-8	det1=true
[7539]	88	93	-23	-18	-8	-2	det1=true
[7540]	88	93	-25	-18	-8	2	det1=true
[7541]	91	93	-40	-36	-1	-7	det1=true
[7542]	91	93	-47	-36	-1	7	det1=true
[7543]	43	94	-12	0	-6	-1	det1=true
[7544]	72	94	-31	-4	-2	-7	det1=true
[7545]	72	94	-38	-4	-2	7	det1=true
[7546]	92	94	-23	-16	-8	-3	det1=true
[7547]	65	95	-30	1	-7	-1	det1=true
[7548]	82	95	-22	-11	-8	2	det1=true
[7549]	87	95	-17	-8	-7	-5	det1=true
[7550]	89	95	-19	-12	-7	-5	det1=true
[7551]	89	95	-24	-12	-7	5	det1=true
[7552]	72	96	-31	-12	-2	-7	det1=true
[7553]	57	93	-4	-2	-1	-7	det1=true
[7554]	57	93	-11	-2	-1	7	det1=true
[7555]	61	93	-12	2	-4	-6	det1=true
[7556]	61	93	-18	2	-4	6	det1=true
[7557]	74	93	-5	2	-4	-7	det1=true
[7558]	74	93	-12	2	-4	7	det1=true
[7559]	84	93	-16	-3	-3	8	det1=true
[7560]	87	93	-37	-4	-7	4	det1=true
[7561]	88	93	-20	-21	-2	-8	det1=true
[7562]	88	93	-28	-21	-2	8	det1=true
[7563]	91	93	-37	-8	-7	-4	det1=true
[7564]	91	93	-41	-8	-7	4	det1=true
[7565]	43	94	-13	0	-6	1	det1=true
[7566]	67	94	-24	-9	-4	-6	det1=true
[7567]	67	94	-30	-9	-4	6	det1=true
[7568]	86	94	-19	0	-8	-3	det1=true
[7569]	86	94	-22	0	-8	3	det1=true
[7570]	65	95	-31	1	-7	1	det1=true
[7571]	79	95	-29	-7	-5	-6	det1=true
[7572]	79	95	-35	-7	-5	6	det1=true
[7573]	80	95	-20	-14	-7	-4	det1=true
[7574]	80	95	-24	-14	-7	4	det1=true
[7575]	86	95	-35	-6	-8	-1	det1=true
[7576]	89	95	-25	-13	-5	7	det1=true
[7577]	47	96	-12	-2	-5	-4	det1=true
[7578]	47	96	-16	-2	-5	4	det1=true
[7579]	77	96	-16	-13	-1	-8	det1=true
[7580]	77	96	-24	-13	-1	8	det1=true
[7581]	80	96	-29	4	-8	-1	det1=true
[7582]	80	96	-30	4	-8	1	det1=true
[7583]	57	95	-9	-4	-1	-7	det1=true
[7584]	57	95	-16	-4	-1	7	det1=true
[7585]	85	95	-16	-7	-8	-3	det1=true
[7586]	85	95	-19	-7	-8	3	det1=true
[7587]	89	95	-18	-13	-5	-7	det1=true
[7588]	50	96	-20	-2	-5	-4	det1=true
[7589]	50	96	-24	-2	-5	4	det1=true
[7590]	86	96	-42	-1	-1	8	det1=true
[7591]	75	93	-34	-3	-2	-7	det1=true
[7592]	87	95	-20	1	-7	-5	det1=true
[7593]	87	95	-25	1	-7	5	det1=true
[7594]	78	96	-22	-1	-1	-8	det1=true
[7595]	78	96	-30	-1	-1	8	det1=true
[7596]	86	96	-34	-1	-1	-8	det1=true
[7597]	63	93	-13	-7	-7	-2	det1=true
[7598]	63	93	-15	-7	-7	2	det1=true
[7599]	74	93	-7	0	-8	-1	det1=true
[7600]	74	93	-8	0	-8	1	det1=true
[7601]	76	93	-12	-1	-1	-8	det1=true
[7602]	76	93	-20	-1	-1	8	det1=true
[7603]	81	94	-24	-4	-1	-8	det1=true
[7604]	73	95	-34	-19	-7	-1	det1=true
[7605]	73	95	-35	-19	-7	1	det1=true
[7606]	91	95	-25	-11	-3	-8	det1=true
[7607]	91	95	-33	-11	-3	8	det1=true
[7608]	86	96	-31	-14	-4	-7	det1=true
[7609]	86	96	-38	-14	-4	7	det1=true
[7610]	77	93	-31	-27	-7	-1	det1=true
[7611]	77	93	-32	-27	-7	1	det1=true
[7612]	78	93	-32	-20	-2	-7	det1=true
[7613]	78	93	-39	-20	-2	7	det1=true
[7614]	93	93	-26	-24	-2	-8	det1=true
[7615]	93	93	-34	-24	-2	8	det1=true
[7616]	75	94	-34	-13	-7	-2	det1=true
[7617]	75	94	-36	-13	-7	2	det1=true
[7618]	75	94	-29	-20	-2	-7	det1=true
[7619]	75	94	-36	-20	-2	7	det1=true
[7620]	81	94	-32	-4	-1	8	det1=true
[7621]	71	93	-25	-23	-1	-7	det1=true
[7622]	71	93	-32	-23	-1	7	det1=true
[7623]	88	94	-32	-14	-7	-4	det1=true
[7624]	88	94	-36	-14	-7	4	det1=true
[7625]	95	95	-9	0	-9	-2	det1=true
[7626]	95	95	-11	0	-9	2	det1=true
[7627]	83	94	-28	2	-4	-7	det1=true
[7628]	83	94	-35	2	-4	7	det1=true
[7629]	80	93	-14	-17	-1	-8	det1=true
[7630]	80	93	-22	-17	-1	8	det1=true
[7631]	63	93	-28	-4	-1	7	det1=true
[7632]	63	93	-21	-4	-1	-7	det1=true
[7633]	78	95	-37	-18	-6	-4	det1=true
[7634]	57	93	-6	-1	-7	-1	det1=true
[7635]	57	93	-7	-1	-7	1	det1=true
[7636]	57	93	-7	1	-7	-1	det1=true
[7637]	57	93	-8	1	-7	1	det1=true
[7638]	49	98	-6	-1	-3	-6	det1=true
[7639]	49	98	-12	-1	-3	6	det1=true
[7640]	82	98	-38	-39	-3	-6	det1=true
[7641]	82	98	-44	-39	-3	6	det1=true
[7642]	18	99	0	2	-4	-1	det1=true
[7643]	18	99	-1	2	-4	1	det1=true
[7644]	72	99	2	1	-2	-8	det1=true
[7645]	72	99	-6	1	-2	8	det1=true
[7646]	93	99	-28	-19	-5	-7	det1=true
[7647]	93	99	-35	-19	-5	7	det1=true
[7648]	80	100	-34	4	-8	-1	det1=true
[7649]	80	100	-35	4	-8	1	det1=true
[7650]	80	100	-31	2	-4	-7	det1=true
[7651]	80	100	-38	2	-4	7	det1=true
[7652]	11	97	-2	-2	-1	-3	det1=true
[7653]	11	97	-5	-2	-1	3	det1=true
[7654]	90	97	-20	-21	-3	-8	det1=true
[7655]	90	97	-28	-21	-3	8	det1=true
[7656]	97	97	-47	-5	-4	-7	det1=true
[7657]	44	98	-2	2	-5	-4	det1=true
[7658]	76	98	-30	2	-6	-5	det1=true
[7659]	76	98	-35	2	-6	5	det1=true
[7660]	83	98	-17	-8	-8	-3	det1=true
[7661]	84	98	-27	-14	-8	-2	det1=true
[7662]	84	98	-29	-14	-8	2	det1=true
[7663]	92	98	-7	2	-6	-7	det1=true
[7664]	92	98	-6	-2	-7	-6	det1=true
[7665]	92	98	-12	-2	-7	6	det1=true
[7666]	93	98	-44	-14	-8	-1	det1=true
[7667]	93	98	-45	-14	-8	1	det1=true
[7668]	98	98	-40	-3	-3	-8	det1=true
[7669]	98	98	-48	-3	-3	8	det1=true
[7670]	11	99	-4	-3	-3	-1	det1=true
[7671]	11	99	-5	-3	-3	1	det1=true
[7672]	74	99	-30	-25	-7	-2	det1=true
[7673]	74	99	-32	-25	-7	2	det1=true
[7674]	97	99	-48	-17	-8	-1	det1=true
[7675]	97	99	-49	-17	-8	1	det1=true
[7676]	98	99	-10	-11	-5	-8	det1=true
[7677]	98	99	-18	-11	-5	8	det1=true
[7678]	99	99	-38	-30	-8	-2	det1=true
[7679]	99	99	-40	-30	-8	2	det1=true
[7680]	99	99	-35	-33	-2	-8	det1=true
[7681]	99	99	-43	-33	-2	8	det1=true
[7682]	84	100	-34	-16	-8	-1	det1=true
[7683]	84	100	-35	-16	-8	1	det1=true
[7684]	100	100	-18	-12	-8	-5	det1=true
[7685]	100	100	-23	-12	-8	5	det1=true
[7686]	11	97	-3	-1	-3	-1	det1=true
[7687]	11	97	-4	-1	-3	1	det1=true
[7688]	19	97	-5	-3	-1	-4	det1=true
[7689]	19	97	-9	-3	-1	4	det1=true
[7690]	37	97	-2	-1	-3	-5	det1=true
[7691]	37	97	-7	-1	-3	5	det1=true
[7692]	46	97	-20	-7	-1	-6	det1=true
[7693]	46	97	-26	-7	-1	6	det1=true
[7694]	60	97	-14	-3	-7	-2	det1=true
[7695]	60	97	-16	-3	-7	2	det1=true
[7696]	67	97	-17	0	-3	-7	det1=true
[7697]	67	97	-24	0	-3	7	det1=true
[7698]	67	97	-14	-10	-7	-3	det1=true
[7699]	67	97	-17	-10	-7	3	det1=true
[7700]	69	97	-21	-7	-7	-3	det1=true
[7701]	69	97	-24	-7	-7	3	det1=true
[7702]	77	97	-27	-20	-3	-7	det1=true
[7703]	78	97	-27	4	-8	-1	det1=true
[7704]	78	97	-28	4	-8	1	det1=true
[7705]	82	97	-31	-18	-6	-5	det1=true
[7706]	82	97	-36	-18	-6	5	det1=true
[7707]	85	97	-33	-11	-7	-4	det1=true
[7708]	85	97	-37	-11	-7	4	det1=true
[7709]	89	97	-6	4	-9	-1	det1=true
[7710]	89	97	-7	4	-9	1	det1=true
[7711]	92	97	-34	0	-8	-3	det1=true
[7712]	92	97	-37	0	-8	3	det1=true
[7713]	94	97	-36	-4	-8	-3	det1=true
[7714]	97	97	-35	-14	-3	-8	det1=true
[7715]	97	97	-43	-14	-3	8	det1=true
[7716]	97	97	-28	2	-9	-1	det1=true
[7717]	97	97	-29	2	-9	1	det1=true
[7718]	14	98	-2	1	-3	-2	det1=true
[7719]	14	98	-4	1	-3	2	det1=true
[7720]	47	98	-15	0	-4	-5	det1=true
[7721]	47	98	-20	0	-4	5	det1=true
[7722]	53	98	-24	-12	-4	-5	det1=true
[7723]	53	98	-29	-12	-4	5	det1=true
[7724]	73	98	-14	-4	-1	-8	det1=true
[7725]	73	98	-22	-4	-1	8	det1=true
[7726]	74	98	-26	-2	-5	-6	det1=true
[7727]	74	98	-32	-2	-5	6	det1=true
[7728]	75	98	-16	3	-8	2	det1=true
[7729]	78	98	-23	-2	-8	2	det1=true
[7730]	83	98	-20	-8	-8	3	det1=true
[7731]	87	98	-34	-16	-1	-8	det1=true
[7732]	87	98	-42	-16	-1	8	det1=true
[7733]	87	98	-30	-17	-8	-2	det1=true
[7734]	87	98	-32	-17	-8	2	det1=true
[7735]	89	98	-38	-23	-5	-6	det1=true
[7736]	89	98	-44	-23	-5	6	det1=true
[7737]	92	98	-44	-6	-7	-4	det1=true
[7738]	92	98	-48	-6	-7	4	det1=true
[7739]	92	98	-42	-9	-1	-8	det1=true
[7740]	92	98	-50	-9	-1	8	det1=true
[7741]	94	98	-13	0	-2	-9	det1=true
[7742]	94	98	-22	0	-2	9	det1=true
[7743]	95	98	-31	-30	-2	-8	det1=true
[7744]	95	98	-39	-30	-2	8	det1=true
[7745]	96	98	-42	-29	-5	-6	det1=true
[7746]	96	98	-48	-29	-5	6	det1=true
[7747]	98	98	-46	-26	-5	-6	det1=true
[7748]	98	98	-31	-26	-8	-3	det1=true
[7749]	98	98	-34	-26	-8	3	det1=true
[7750]	19	99	-9	-1	-4	-1	det1=true
[7751]	19	99	-10	-1	-4	1	det1=true
[7752]	52	99	-16	-7	-3	-6	det1=true
[7753]	59	99	-24	2	-7	-1	det1=true
[7754]	59	99	-21	-1	-1	-7	det1=true
[7755]	59	99	-28	-1	-1	7	det1=true
[7756]	71	99	-14	1	-8	-1	det1=true
[7757]	71	99	-15	1	-8	1	det1=true
[7758]	78	99	-25	-8	-4	-7	det1=true
[7759]	78	99	-32	-8	-4	7	det1=true
[7760]	79	99	-28	-10	-2	8	det1=true
[7761]	79	99	-5	0	-7	-5	det1=true
[7762]	79	99	-10	0	-7	5	det1=true
[7763]	88	99	-34	-11	-2	-8	det1=true
[7764]	97	99	-38	-11	-7	-5	det1=true
[7765]	97	99	-43	-11	-7	5	det1=true
[7766]	98	99	-39	-26	-2	-8	det1=true
[7767]	98	99	-47	-26	-2	8	det1=true
[7768]	99	99	-53	-33	-7	-2	det1=true
[7769]	18	100	-2	-1	-1	-4	det1=true
[7770]	18	100	-6	-1	-1	4	det1=true
[7771]	31	100	-6	-1	-5	-2	det1=true
[7772]	31	100	-8	-1	-5	2	det1=true
[7773]	59	100	-13	-12	-4	-6	det1=true
[7774]	59	100	-19	-12	-4	6	det1=true
[7775]	68	100	-31	-12	-4	-6	det1=true
[7776]	68	100	-37	-12	-4	6	det1=true
[7777]	69	100	-28	-19	-7	-2	det1=true
[7778]	69	100	-30	-19	-7	2	det1=true
[7779]	78	100	-22	1	-2	-8	det1=true
[7780]	78	100	-30	1	-2	8	det1=true
[7781]	86	100	-22	-16	-8	-3	det1=true
[7782]	90	100	-34	-26	-4	-7	det1=true
[7783]	90	100	-41	-26	-4	7	det1=true
[7784]	91	100	-42	-24	-6	-5	det1=true
[7785]	91	100	-47	-24	-6	5	det1=true
[7786]	100	100	-25	-14	-2	-9	det1=true
[7787]	100	100	-34	-14	-2	9	det1=true
[7788]	15	97	-6	-5	-2	-3	det1=true
[7789]	41	97	-17	-6	-5	-3	det1=true
[7790]	41	97	-20	-6	-5	3	det1=true
[7791]	49	97	-18	-10	-2	-6	det1=true
[7792]	52	97	-20	-17	-2	-6	det1=true
[7793]	58	97	-11	0	-6	-4	det1=true
[7794]	58	97	-15	0	-6	4	det1=true
[7795]	67	97	-21	-18	-7	-2	det1=true
[7796]	72	97	-7	-6	-4	-7	det1=true
[7797]	72	97	-14	-6	-4	7	det1=true
[7798]	75	97	-15	-11	-8	-1	det1=true
[7799]	75	97	-16	-11	-8	1	det1=true
[7800]	75	97	-12	-13	-4	-7	det1=true
[7801]	75	97	-19	-13	-4	7	det1=true
[7802]	76	97	-25	-12	-6	-5	det1=true
[7803]	76	97	-30	-12	-6	5	det1=true
[7804]	77	97	-34	-20	-3	7	det1=true
[7805]	78	97	-20	3	-8	-2	det1=true
[7806]	78	97	-22	3	-8	2	det1=true
[7807]	80	97	-36	-31	-6	4	det1=true
[7808]	81	97	-23	-1	-2	-8	det1=true
[7809]	81	97	-31	-1	-2	8	det1=true
[7810]	82	97	-36	-6	-6	-5	det1=true
[7811]	82	97	-41	-6	-6	5	det1=true
[7812]	85	97	-18	-3	-5	-7	det1=true
[7813]	85	97	-25	-3	-5	7	det1=true
[7814]	87	97	-37	-39	-1	-7	det1=true
[7815]	87	97	-44	-39	-1	7	det1=true
[7816]	87	97	-17	-14	-7	-5	det1=true
[7817]	87	97	-22	-14	-7	5	det1=true
[7818]	91	97	-35	-29	-5	-6	det1=true
[7819]	91	97	-41	-29	-5	6	det1=true
[7820]	91	97	-24	-19	-8	-3	det1=true
[7821]	91	97	-27	-19	-8	3	det1=true
[7822]	95	97	-31	-14	-5	-7	det1=true
[7823]	95	97	-38	-14	-5	7	det1=true
[7824]	97	97	-45	-19	-8	-1	det1=true
[7825]	97	97	-46	-19	-8	1	det1=true
[7826]	97	97	-39	-7	-8	-3	det1=true
[7827]	97	97	-42	-7	-8	3	det1=true
[7828]	97	97	-30	-21	-7	-5	det1=true
[7829]	97	97	-35	-21	-7	5	det1=true
[7830]	41	98	-11	0	-6	-1	det1=true
[7831]	41	98	-12	0	-6	1	det1=true
[7832]	41	98	-8	-4	-1	-6	det1=true
[7833]	41	98	-14	-4	-1	6	det1=true
[7834]	44	98	-8	1	-2	-6	det1=true
[7835]	44	98	-14	1	-2	6	det1=true
[7836]	44	98	-6	2	-5	4	det1=true
[7837]	58	98	-26	-22	-4	-5	det1=true
[7838]	58	98	-31	-22	-4	5	det1=true
[7839]	71	98	-8	-2	-4	-7	det1=true
[7840]	74	98	-24	-9	-5	-6	det1=true
[7841]	74	98	-30	-9	-5	6	det1=true
[7842]	77	98	-34	-25	-4	-6	det1=true
[7843]	77	98	-40	-25	-4	6	det1=true
[7844]	78	98	-26	-18	-6	-5	det1=true
[7845]	78	98	-31	-18	-6	5	det1=true
[7846]	82	98	-12	-10	-3	-8	det1=true
[7847]	82	98	-20	-10	-3	8	det1=true
[7848]	83	98	-27	-6	-2	-8	det1=true
[7849]	83	98	-35	-6	-2	8	det1=true
[7850]	89	98	-38	-27	-1	8	det1=true
[7851]	31	99	-3	1	-2	-5	det1=true
[7852]	31	99	-8	1	-2	5	det1=true
[7853]	59	99	-17	-13	-1	-7	det1=true
[7854]	59	99	-24	-13	-1	7	det1=true
[7855]	59	99	-20	-3	-2	7	det1=true
[7856]	60	99	-21	-8	-2	7	det1=true
[7857]	69	99	0	-1	-4	-7	det1=true
[7858]	69	99	-7	-1	-4	7	det1=true
[7859]	71	99	-11	-1	-4	-7	det1=true
[7860]	74	99	-7	-8	-2	-8	det1=true
[7861]	74	99	-15	-8	-2	8	det1=true
[7862]	76	99	-12	-11	-2	-8	det1=true
[7863]	76	99	-20	-11	-2	8	det1=true
[7864]	79	99	-31	-5	-8	1	det1=true
[7865]	80	99	-28	-11	-7	-4	det1=true
[7866]	80	99	-32	-11	-7	4	det1=true
[7867]	83	99	-31	-13	-1	-8	det1=true
[7868]	83	99	-39	-13	-1	8	det1=true
[7869]	83	99	-19	2	-7	-5	det1=true
[7870]	83	99	-24	2	-7	5	det1=true
[7871]	84	99	-32	-14	-1	-8	det1=true
[7872]	84	99	-40	-14	-1	8	det1=true
[7873]	86	99	-36	-10	-4	-7	det1=true
[7874]	86	99	-43	-10	-4	7	det1=true
[7875]	87	99	-4	3	-9	-1	det1=true
[7876]	87	99	-5	3	-9	1	det1=true
[7877]	89	99	-20	-20	-5	-7	det1=true
[7878]	89	99	-27	-20	-5	7	det1=true
[7879]	89	99	-10	-6	-9	-1	det1=true
[7880]	89	99	-11	-6	-9	1	det1=true
[7881]	90	99	-46	-33	-7	2	det1=true
[7882]	92	99	-44	-10	-7	-4	det1=true
[7883]	92	99	-48	-10	-7	4	det1=true
[7884]	92	99	-41	-20	-8	-1	det1=true
[7885]	92	99	-42	-20	-8	1	det1=true
[7886]	94	99	-44	-16	-7	-4	det1=true
[7887]	96	99	-46	-30	-1	8	det1=true
[7888]	97	99	-10	-2	-9	-3	det1=true
[7889]	97	99	-13	-2	-9	3	det1=true
[7890]	40	100	-6	-6	-1	-6	det1=true
[7891]	40	100	-12	-6	-1	6	det1=true
[7892]	42	100	-2	3	-6	-2	det1=true
[7893]	53	100	-24	-19	-6	-2	det1=true
[7894]	53	100	-26	-19	-6	2	det1=true
[7895]	56	100	-27	-22	-6	-2	det1=true
[7896]	56	100	-29	-22	-6	2	det1=true
[7897]	64	100	0	2	-5	-6	det1=true
[7898]	64	100	-6	2	-5	6	det1=true
[7899]	67	100	-24	-21	-6	-4	det1=true
[7900]	73	100	-20	1	-7	-4	det1=true
[7901]	73	100	-24	1	-7	4	det1=true
[7902]	79	100	-34	-30	-7	-2	det1=true
[7903]	79	100	-36	-30	-7	2	det1=true
[7904]	79	100	-24	-17	-1	-8	det1=true
[7905]	79	100	-32	-17	-1	8	det1=true
[7906]	81	100	-23	-16	-8	-2	det1=true
[7907]	81	100	-25	-16	-8	2	det1=true
[7908]	81	100	-20	-19	-2	-8	det1=true
[7909]	81	100	-28	-19	-2	8	det1=true
[7910]	86	100	-29	-20	-8	-2	det1=true
[7911]	86	100	-31	-20	-8	2	det1=true
[7912]	86	100	-25	-16	-8	3	det1=true
[7913]	99	100	-20	2	-5	-8	det1=true
[7914]	99	100	-28	2	-5	8	det1=true
[7915]	100	100	-32	2	-9	-2	det1=true
[7916]	100	100	-34	2	-9	2	det1=true
[7917]	31	97	-13	-6	-1	-5	det1=true
[7918]	31	97	-18	-6	-1	5	det1=true
[7919]	37	97	-3	0	-5	-3	det1=true
[7920]	37	97	-6	0	-5	3	det1=true
[7921]	41	97	-21	-7	-3	5	det1=true
[7922]	44	97	-16	-5	-1	-6	det1=true
[7923]	44	97	-22	-5	-1	6	det1=true
[7924]	52	97	-26	-17	-2	6	det1=true
[7925]	63	97	-21	-16	-1	-7	det1=true
[7926]	65	97	-27	-1	-6	-4	det1=true
[7927]	65	97	-31	-1	-6	4	det1=true
[7928]	67	97	-23	-18	-7	2	det1=true
[7929]	69	97	-31	-18	-7	-1	det1=true
[7930]	71	97	-28	-13	-3	7	det1=true
[7931]	73	97	-28	-2	-3	-7	det1=true
[7932]	73	97	-35	-2	-3	7	det1=true
[7933]	76	97	-17	-12	-8	-1	det1=true
[7934]	80	97	-6	-2	-3	-8	det1=true
[7935]	85	97	-17	-11	-3	-8	det1=true
[7936]	85	97	-25	-11	-3	8	det1=true
[7937]	85	97	-17	-6	-5	-7	det1=true
[7938]	85	97	-24	-6	-5	7	det1=true
[7939]	89	97	-41	-15	-5	-6	det1=true
[7940]	89	97	-47	-15	-5	6	det1=true
[7941]	89	97	-1	-3	-1	-9	det1=true
[7942]	89	97	-10	-3	-1	9	det1=true
[7943]	91	97	-38	-31	-7	-3	det1=true
[7944]	91	97	-41	-31	-7	3	det1=true
[7945]	95	97	-43	-16	-7	-4	det1=true
[7946]	95	97	-47	-16	-7	4	det1=true
[7947]	95	97	-41	-19	-1	-8	det1=true
[7948]	95	97	-49	-19	-1	8	det1=true
[7949]	95	97	-46	-35	-3	7	det1=true
[7950]	95	97	-34	-5	-5	-7	det1=true
[7951]	95	97	-41	-5	-5	7	det1=true
[7952]	95	97	-31	-17	-3	-8	det1=true
[7953]	95	97	-39	-17	-3	8	det1=true
[7954]	97	97	-44	-39	-2	-7	det1=true
[7955]	46	98	-21	-10	-6	-1	det1=true
[7956]	46	98	-22	-10	-6	1	det1=true
[7957]	46	98	-11	-10	-2	-6	det1=true
[7958]	46	98	-17	-10	-2	6	det1=true
[7959]	47	98	-12	-8	-4	-5	det1=true
[7960]	51	98	-20	-12	-4	-5	det1=true
[7961]	51	98	-25	-12	-4	5	det1=true
[7962]	55	98	-24	-2	-6	-3	det1=true
[7963]	59	98	-26	-24	-5	-4	det1=true
[7964]	59	98	-30	-24	-5	4	det1=true
[7965]	61	98	-20	1	-4	-6	det1=true
[7966]	61	98	-26	1	-4	6	det1=true
[7967]	62	98	-24	-9	-6	4	det1=true
[7968]	72	98	-10	-6	-4	-7	det1=true
[7969]	72	98	-17	-6	-4	7	det1=true
[7970]	73	98	-16	-1	-7	-4	det1=true
[7971]	75	98	-14	3	-8	-2	det1=true
[7972]	78	98	-18	-5	-2	-8	det1=true
[7973]	78	98	-26	-5	-2	8	det1=true
[7974]	78	98	-14	-13	-2	-8	det1=true
[7975]	78	98	-22	-13	-2	8	det1=true
[7976]	82	98	-34	-2	-8	-1	det1=true
[7977]	82	98	-35	-2	-8	1	det1=true
[7978]	91	98	-28	-16	-8	-3	det1=true
[7979]	91	98	-31	-16	-8	3	det1=true
[7980]	92	98	-39	-18	-4	-7	det1=true
[7981]	92	98	-32	-7	-3	-8	det1=true
[7982]	92	98	-40	-7	-3	8	det1=true
[7983]	95	98	-15	-4	-2	-9	det1=true
[7984]	95	98	-24	-4	-2	9	det1=true
[7985]	97	98	-44	-41	-4	-6	det1=true
[7986]	97	98	-50	-41	-4	6	det1=true
[7987]	29	99	-9	-5	-5	-1	det1=true
[7988]	48	99	-16	-9	-5	-4	det1=true
[7989]	59	99	-25	2	-7	1	det1=true
[7990]	59	99	-13	-3	-2	-7	det1=true
[7991]	64	99	-23	-8	-2	-7	det1=true
[7992]	64	99	-30	-8	-2	7	det1=true
[7993]	69	99	-31	-21	-7	-1	det1=true
[7994]	69	99	-32	-21	-7	1	det1=true
[7995]	69	99	-28	-24	-1	-7	det1=true
[7996]	69	99	-35	-24	-1	7	det1=true
[7997]	73	99	-17	-4	-7	-4	det1=true
[7998]	76	99	-15	-8	-8	-2	det1=true
[7999]	76	99	-17	-8	-8	2	det1=true
[8000]	77	99	-25	1	-4	-7	det1=true
[8001]	77	99	-32	1	-4	7	det1=true
[8002]	79	99	-27	-7	-4	-7	det1=true
[8003]	79	99	-34	-7	-4	7	det1=true
[8004]	79	99	-20	-10	-2	-8	det1=true
[8005]	81	99	-12	-4	-7	-5	det1=true
[8006]	81	99	-17	-4	-7	5	det1=true
[8007]	82	99	-38	0	-7	4	det1=true
[8008]	83	99	-18	1	-5	-7	det1=true
[8009]	84	99	-33	-2	-8	-2	det1=true
[8010]	84	99	-35	-2	-8	2	det1=true
[8011]	84	99	-30	-5	-2	-8	det1=true
[8012]	84	99	-38	-5	-2	8	det1=true
[8013]	85	99	-39	-19	-1	8	det1=true
[8014]	85	99	-19	-10	-5	-7	det1=true
[8015]	87	99	-41	-5	-8	-1	det1=true
[8016]	87	99	-42	-5	-8	1	det1=true
[8017]	87	99	0	-1	-1	-9	det1=true
[8018]	87	99	-9	-1	-1	9	det1=true
[8019]	88	99	-39	-8	-8	2	det1=true
[8020]	91	99	-34	-20	-2	-8	det1=true
[8021]	91	99	-42	-20	-2	8	det1=true
[8022]	92	99	-38	-22	-4	-7	det1=true
[8023]	92	99	-45	-22	-4	7	det1=true
[8024]	93	99	-29	-18	-7	-5	det1=true
[8025]	93	99	-34	-18	-7	5	det1=true
[8026]	97	99	-53	-39	-2	7	det1=true
[8027]	97	99	-37	-12	-5	-7	det1=true
[8028]	97	99	-44	-12	-5	7	det1=true
[8029]	99	99	-34	0	-9	-1	det1=true
[8030]	99	99	-35	0	-9	1	det1=true
[8031]	46	100	-17	-2	-2	-6	det1=true
[8032]	46	100	-23	-2	-2	6	det1=true
[8033]	49	100	-21	-12	-6	-2	det1=true
[8034]	49	100	-23	-12	-6	2	det1=true
[8035]	53	100	-28	-21	-2	6	det1=true
[8036]	55	100	-3	-2	-4	-6	det1=true
[8037]	55	100	-9	-2	-4	6	det1=true
[8038]	56	100	-25	-24	-2	-6	det1=true
[8039]	56	100	-31	-24	-2	6	det1=true
[8040]	59	100	-18	-11	-6	4	det1=true
[8041]	64	100	-30	1	-7	2	det1=true
[8042]	70	100	-22	0	-6	-5	det1=true
[8043]	70	100	-27	0	-6	5	det1=true
[8044]	76	100	-24	-2	-1	-8	det1=true
[8045]	76	100	-32	-2	-1	8	det1=true
[8046]	78	100	-28	-6	-7	-4	det1=true
[8047]	78	100	-32	-6	-7	4	det1=true
[8048]	78	100	-19	-20	-4	-7	det1=true
[8049]	78	100	-26	-20	-4	7	det1=true
[8050]	80	100	-10	-11	-3	-8	det1=true
[8051]	80	100	-18	-11	-3	8	det1=true
[8052]	81	100	-24	-22	-1	-8	det1=true
[8053]	81	100	-32	-22	-1	8	det1=true
[8054]	82	100	-25	-16	-8	-2	det1=true
[8055]	82	100	-27	-16	-8	2	det1=true
[8056]	82	100	-22	-19	-2	-8	det1=true
[8057]	86	100	-26	-10	-8	-3	det1=true
[8058]	86	100	-29	-10	-8	3	det1=true
[8059]	87	100	-29	-22	-8	-2	det1=true
[8060]	87	100	-31	-22	-8	2	det1=true
[8061]	89	100	-34	-26	-8	-1	det1=true
[8062]	89	100	-35	-26	-8	1	det1=true
[8063]	89	100	-31	-10	-8	-3	det1=true
[8064]	91	100	-26	-22	-3	-8	det1=true
[8065]	91	100	-34	-22	-3	8	det1=true
[8066]	96	100	-12	-2	-5	-8	det1=true
[8067]	96	100	-20	-2	-5	8	det1=true
[8068]	99	100	-22	-10	-8	5	det1=true
[8069]	38	97	-16	-1	-4	-4	det1=true
[8070]	44	97	-18	-4	-6	-1	det1=true
[8071]	49	97	-20	-8	-6	-2	det1=true
[8072]	52	97	-21	-12	-4	-5	det1=true
[8073]	63	97	-24	-13	-7	-1	det1=true
[8074]	63	97	-25	-13	-7	1	det1=true
[8075]	67	97	-27	-3	-2	-7	det1=true
[8076]	67	97	-34	-3	-2	7	det1=true
[8077]	67	97	-19	2	-7	-3	det1=true
[8078]	67	97	-22	2	-7	3	det1=true
[8079]	67	97	-21	-3	-7	3	det1=true
[8080]	71	97	-13	-13	-5	-6	det1=true
[8081]	71	97	-19	-13	-5	6	det1=true
[8082]	72	97	-10	-4	-8	-1	det1=true
[8083]	72	97	-11	-4	-8	1	det1=true
[8084]	73	97	-30	0	-7	-3	det1=true
[8085]	73	97	-33	0	-7	3	det1=true
[8086]	76	97	-18	-12	-8	1	det1=true
[8087]	77	97	-26	1	-8	1	det1=true
[8088]	79	97	-27	0	-7	-4	det1=true
[8089]	79	97	-31	0	-7	4	det1=true
[8090]	79	97	1	-1	-3	-8	det1=true
[8091]	79	97	-7	-1	-3	8	det1=true
[8092]	82	97	-36	-28	-2	-7	det1=true
[8093]	82	97	-43	-28	-2	7	det1=true
[8094]	83	97	-37	-34	-7	-1	det1=true
[8095]	83	97	-38	-34	-7	1	det1=true
[8096]	88	97	-33	-12	-8	-2	det1=true
[8097]	88	97	-35	-12	-8	2	det1=true
[8098]	88	97	-30	-15	-2	-8	det1=true
[8099]	88	97	-38	-15	-2	8	det1=true
[8100]	89	97	-5	1	-9	-1	det1=true
[8101]	89	97	-6	1	-9	1	det1=true
[8102]	90	97	-38	-12	-1	-8	det1=true
[8103]	90	97	-46	-12	-1	8	det1=true
[8104]	91	97	-36	-33	-3	-7	det1=true
[8105]	91	97	-43	-33	-3	7	det1=true
[8106]	92	97	-22	-23	-3	-8	det1=true
[8107]	92	97	-30	-23	-3	8	det1=true
[8108]	94	97	-48	-24	-5	6	det1=true
[8109]	95	97	-44	-33	-7	3	det1=true
[8110]	32	98	-6	-4	-2	-5	det1=true
[8111]	44	98	-1	0	-4	-5	det1=true
[8112]	47	98	-17	-8	-4	5	det1=true
[8113]	54	98	-22	-18	-5	-4	det1=true
[8114]	54	98	-26	-18	-5	4	det1=true
[8115]	54	98	-22	-2	-6	-3	det1=true
[8116]	54	98	-25	-2	-6	3	det1=true
[8117]	57	98	-30	-20	-5	4	det1=true
[8118]	61	98	-17	-10	-6	-4	det1=true
[8119]	61	98	-21	-10	-6	4	det1=true
[8120]	65	98	-27	-6	-6	-4	det1=true
[8121]	65	98	-31	-6	-6	4	det1=true
[8122]	70	98	-31	-14	-4	-6	det1=true
[8123]	70	98	-37	-14	-4	6	det1=true
[8124]	78	98	-17	-10	-8	-2	det1=true
[8125]	78	98	-19	-10	-8	2	det1=true
[8126]	79	98	-8	2	-8	-3	det1=true
[8127]	79	98	-11	2	-8	3	det1=true
[8128]	84	98	-24	-17	-2	-8	det1=true
[8129]	88	98	-44	-21	-5	6	det1=true
[8130]	90	98	-26	-15	-3	-8	det1=true
[8131]	90	98	-34	-15	-3	8	det1=true
[8132]	92	98	-42	-22	-5	-6	det1=true
[8133]	92	98	-48	-22	-5	6	det1=true
[8134]	97	98	-30	-25	-3	-8	det1=true
[8135]	97	98	-38	-25	-3	8	det1=true
[8136]	48	99	-20	-9	-5	4	det1=true
[8137]	53	99	-2	2	-7	-1	det1=true
[8138]	53	99	-3	2	-7	1	det1=true
[8139]	57	99	-27	-20	-5	-4	det1=true
[8140]	57	99	-16	-8	-7	-1	det1=true
[8141]	57	99	-17	-8	-7	1	det1=true
[8142]	57	99	-13	-11	-1	-7	det1=true
[8143]	57	99	-20	-11	-1	7	det1=true
[8144]	60	99	-14	-8	-2	-7	det1=true
[8145]	66	99	-30	-1	-7	-2	det1=true
[8146]	66	99	-32	-1	-7	2	det1=true
[8147]	66	99	-24	-14	-2	-7	det1=true
[8148]	66	99	-31	-14	-2	7	det1=true
[8149]	67	99	-24	-17	-2	-7	det1=true
[8150]	67	99	-31	-17	-2	7	det1=true
[8151]	69	99	-4	3	-8	-1	det1=true
[8152]	69	99	-5	3	-8	1	det1=true
[8153]	69	99	-1	1	-4	-7	det1=true
[8154]	69	99	-8	1	-4	7	det1=true
[8155]	69	99	-3	1	-8	-1	det1=true
[8156]	69	99	-4	1	-8	1	det1=true
[8157]	70	99	-4	-7	-1	-8	det1=true
[8158]	70	99	-12	-7	-1	8	det1=true
[8159]	71	99	-28	-21	-2	-7	det1=true
[8160]	71	99	-35	-21	-2	7	det1=true
[8161]	73	99	-21	-4	-7	4	det1=true
[8162]	74	99	-33	-20	-2	-7	det1=true
[8163]	74	99	-40	-20	-2	7	det1=true
[8164]	76	99	-25	-4	-8	-1	det1=true
[8165]	76	99	-26	-4	-8	1	det1=true
[8166]	78	99	-26	-3	-1	-8	det1=true
[8167]	79	99	-30	-5	-8	-1	det1=true
[8168]	79	99	-20	-12	-8	-2	det1=true
[8169]	79	99	-22	-12	-8	2	det1=true
[8170]	79	99	-17	-15	-2	-8	det1=true
[8171]	79	99	-25	-15	-2	8	det1=true
[8172]	82	99	-34	0	-7	-4	det1=true
[8173]	82	99	-32	-3	-1	-8	det1=true
[8174]	82	99	-40	-3	-1	8	det1=true
[8175]	83	99	-25	1	-5	7	det1=true
[8176]	84	99	-27	-22	-4	-7	det1=true
[8177]	84	99	-34	-22	-4	7	det1=true
[8178]	85	99	-31	-19	-1	-8	det1=true
[8179]	87	99	-32	-16	-8	-2	det1=true
[8180]	88	99	-37	-8	-8	-2	det1=true
[8181]	90	99	-21	4	-8	-4	det1=true
[8182]	91	99	-37	-17	-8	-2	det1=true
[8183]	96	99	-38	-30	-1	-8	det1=true
[8184]	97	99	-27	-4	-1	-9	det1=true
[8185]	99	99	-30	-4	-1	-9	det1=true
[8186]	99	99	-39	-4	-1	9	det1=true
[8187]	40	100	-8	-1	-1	-6	det1=true
[8188]	40	100	-14	-1	-1	6	det1=true
[8189]	53	100	-22	-21	-2	-6	det1=true
[8190]	59	100	-14	-11	-6	-4	det1=true
[8191]	66	100	-22	-21	-6	-4	det1=true
[8192]	66	100	-26	-21	-6	4	det1=true
[8193]	68	100	-13	-10	-6	-5	det1=true
[8194]	68	100	-18	-10	-6	5	det1=true
[8195]	69	100	-30	-14	-2	-7	det1=true
[8196]	69	100	-37	-14	-2	7	det1=true
[8197]	73	100	-30	-24	-2	-7	det1=true
[8198]	73	100	-37	-24	-2	7	det1=true
[8199]	76	100	-18	-17	-1	-8	det1=true
[8200]	76	100	-26	-17	-1	8	det1=true
[8201]	77	100	-20	1	-2	-8	det1=true
[8202]	77	100	-28	1	-2	8	det1=true
[8203]	78	100	-26	-9	-1	-8	det1=true
[8204]	78	100	-34	-9	-1	8	det1=true
[8205]	78	100	-25	4	-8	-2	det1=true
[8206]	78	100	-27	4	-8	2	det1=true
[8207]	79	100	-26	-14	-7	-4	det1=true
[8208]	79	100	-30	-14	-7	4	det1=true
[8209]	79	100	-10	-6	-3	-8	det1=true
[8210]	79	100	-18	-6	-3	8	det1=true
[8211]	80	100	-34	-13	-5	-6	det1=true
[8212]	80	100	-40	-13	-5	6	det1=true
[8213]	82	100	-30	-19	-2	8	det1=true
[8214]	83	100	-22	-6	-8	-3	det1=true
[8215]	83	100	-25	-6	-8	3	det1=true
[8216]	90	100	-37	-24	-8	-1	det1=true
[8217]	90	100	-38	-24	-8	1	det1=true
[8218]	93	100	-44	-38	-7	-2	det1=true
[8219]	93	100	-46	-38	-7	2	det1=true
[8220]	96	100	-13	-2	-8	-5	det1=true
[8221]	96	100	-18	-2	-8	5	det1=true
[8222]	99	100	-17	-10	-8	-5	det1=true
[8223]	29	97	-9	-7	-3	-4	det1=true
[8224]	29	97	-13	-7	-3	4	det1=true
[8225]	31	97	-15	-4	-5	-1	det1=true
[8226]	31	97	-16	-4	-5	1	det1=true
[8227]	32	97	-5	-2	-2	-5	det1=true
[8228]	32	97	-10	-2	-2	5	det1=true
[8229]	49	97	-23	-15	-6	-1	det1=true
[8230]	49	97	-24	-15	-6	1	det1=true
[8231]	49	97	-22	-8	-6	2	det1=true
[8232]	51	97	-23	1	-4	-5	det1=true
[8233]	51	97	-28	1	-4	5	det1=true
[8234]	52	97	-26	-12	-4	5	det1=true
[8235]	62	97	-16	-8	-2	-7	det1=true
[8236]	62	97	-23	-8	-2	7	det1=true
[8237]	63	97	-28	-16	-1	7	det1=true
[8238]	65	97	-11	-5	-7	-3	det1=true
[8239]	65	97	-14	-5	-7	3	det1=true
[8240]	67	97	-18	-3	-7	-3	det1=true
[8241]	68	97	-15	-4	-6	5	det1=true
[8242]	69	97	-32	-18	-7	1	det1=true
[8243]	76	97	-14	-14	-4	-7	det1=true
[8244]	77	97	-34	-8	-7	-3	det1=true
[8245]	77	97	-37	-8	-7	3	det1=true
[8246]	77	97	-25	1	-8	-1	det1=true
[8247]	78	97	-18	-5	-8	-2	det1=true
[8248]	78	97	-20	-5	-8	2	det1=true
[8249]	80	97	-32	-31	-6	-4	det1=true
[8250]	83	97	-15	-5	-3	-8	det1=true
[8251]	83	97	-23	-5	-3	8	det1=true
[8252]	85	97	-19	-2	-7	-5	det1=true
[8253]	85	97	-24	-2	-7	5	det1=true
[8254]	87	97	-40	-36	-7	-1	det1=true
[8255]	87	97	-41	-36	-7	1	det1=true
[8256]	93	97	-38	-23	-8	-1	det1=true
[8257]	93	97	-39	-23	-8	1	det1=true
[8258]	93	97	-34	-29	-8	1	det1=true
[8259]	95	97	-41	-33	-7	-3	det1=true
[8260]	95	97	-25	-23	-5	-7	det1=true
[8261]	95	97	-32	-23	-5	7	det1=true
[8262]	95	97	-13	-1	-2	-9	det1=true
[8263]	95	97	-22	-1	-2	9	det1=true
[8264]	97	97	-39	-25	-8	2	det1=true
[8265]	97	97	-29	-22	-5	-7	det1=true
[8266]	97	97	-36	-22	-5	7	det1=true
[8267]	97	97	-21	0	-9	-2	det1=true
[8268]	44	98	-10	3	-6	-2	det1=true
[8269]	44	98	-12	3	-6	2	det1=true
[8270]	50	98	-21	-12	-6	-2	det1=true
[8271]	50	98	-23	-12	-6	2	det1=true
[8272]	62	98	-20	-9	-6	-4	det1=true
[8273]	62	98	-19	-10	-4	-6	det1=true
[8274]	62	98	-25	-10	-4	6	det1=true
[8275]	72	98	-11	-4	-4	-7	det1=true
[8276]	72	98	-18	-4	-4	7	det1=true
[8277]	72	98	-13	-4	-8	-1	det1=true
[8278]	72	98	-14	-4	-8	1	det1=true
[8279]	74	98	-18	-18	-5	-6	det1=true
[8280]	74	98	-24	-18	-5	6	det1=true
[8281]	74	98	-15	-8	-4	-7	det1=true
[8282]	74	98	-22	-8	-4	7	det1=true
[8283]	80	98	-28	-2	-1	-8	det1=true
[8284]	80	98	-36	-2	-1	8	det1=true
[8285]	80	98	-27	-8	-4	-7	det1=true
[8286]	80	98	-34	-8	-4	7	det1=true
[8287]	83	98	-18	0	-3	-8	det1=true
[8288]	83	98	-26	0	-3	8	det1=true
[8289]	84	98	-34	-2	-4	-7	det1=true
[8290]	84	98	-41	-2	-4	7	det1=true
[8291]	84	98	-32	-17	-2	8	det1=true
[8292]	87	98	-36	-13	-7	-4	det1=true
[8293]	87	98	-40	-13	-7	4	det1=true
[8294]	87	98	-34	-17	-7	-4	det1=true
[8295]	87	98	-38	-17	-7	4	det1=true
[8296]	89	98	-30	-27	-1	-8	det1=true
[8297]	90	98	-32	-19	-2	-8	det1=true
[8298]	90	98	-40	-19	-2	8	det1=true
[8299]	91	98	-32	-28	-1	-8	det1=true
[8300]	91	98	-40	-28	-1	8	det1=true
[8301]	92	98	-42	-16	-8	-1	det1=true
[8302]	92	98	-43	-16	-8	1	det1=true
[8303]	92	98	-41	-18	-8	-1	det1=true
[8304]	92	98	-42	-18	-8	1	det1=true
[8305]	92	98	-35	-2	-8	-3	det1=true
[8306]	94	98	-41	-14	-8	-2	det1=true
[8307]	94	98	-43	-14	-8	2	det1=true
[8308]	95	98	-16	-2	-6	-7	det1=true
[8309]	95	98	-23	-2	-6	7	det1=true
[8310]	97	98	-26	-13	-4	-8	det1=true
[8311]	29	99	-7	-7	-1	-5	det1=true
[8312]	29	99	-12	-7	-1	5	det1=true
[8313]	41	99	-13	3	-6	-1	det1=true
[8314]	41	99	-14	3	-6	1	det1=true
[8315]	44	99	-5	0	-4	-5	det1=true
[8316]	44	99	-10	0	-4	5	det1=true
[8317]	49	99	-25	-5	-4	5	det1=true
[8318]	54	99	-17	-14	-6	-3	det1=true
[8319]	54	99	-20	-14	-6	3	det1=true
[8320]	61	99	-20	-16	-7	-1	det1=true
[8321]	61	99	-21	-16	-7	1	det1=true
[8322]	62	99	-22	-4	-7	-2	det1=true
[8323]	62	99	-24	-4	-7	2	det1=true
[8324]	68	99	-22	-22	-2	-7	det1=true
[8325]	68	99	-29	-22	-2	7	det1=true
[8326]	69	99	-23	-23	-2	-7	det1=true
[8327]	69	99	-30	-23	-2	7	det1=true
[8328]	76	99	-19	4	-8	-2	det1=true
[8329]	76	99	-21	4	-8	2	det1=true
[8330]	78	99	-34	-3	-1	8	det1=true
[8331]	79	99	-22	-17	-4	-7	det1=true
[8332]	79	99	-29	-17	-4	7	det1=true
[8333]	80	99	-34	-30	-2	-7	det1=true
[8334]	80	99	-41	-30	-2	7	det1=true
[8335]	81	99	-11	-5	-5	-7	det1=true
[8336]	81	99	-18	-5	-5	7	det1=true
[8337]	83	99	-37	-31	-2	-7	det1=true
[8338]	83	99	-44	-31	-2	7	det1=true
[8339]	83	99	-37	3	-8	-1	det1=true
[8340]	83	99	-38	3	-8	1	det1=true
[8341]	83	99	-34	1	-4	-7	det1=true
[8342]	83	99	-41	1	-4	7	det1=true
[8343]	83	99	-29	-1	-2	-8	det1=true
[8344]	83	99	-37	-1	-2	8	det1=true
[8345]	85	99	-26	-10	-5	7	det1=true
[8346]	89	99	-35	2	-7	5	det1=true
[8347]	94	99	-48	-16	-7	4	det1=true
[8348]	94	99	-42	-19	-1	-8	det1=true
[8349]	94	99	-50	-19	-1	8	det1=true
[8350]	99	99	-57	-13	-1	8	det1=true
[8351]	45	100	-18	-13	-1	-6	det1=true
[8352]	45	100	-24	-13	-1	6	det1=true
[8353]	48	100	-20	-2	-5	-4	det1=true
[8354]	48	100	-24	-2	-5	4	det1=true
[8355]	52	100	-20	-18	-5	-4	det1=true
[8356]	52	100	-24	-18	-5	4	det1=true
[8357]	63	100	-20	-14	-7	-2	det1=true
[8358]	63	100	-22	-14	-7	2	det1=true
[8359]	64	100	-28	1	-7	-2	det1=true
[8360]	68	100	-32	-11	-6	-4	det1=true
[8361]	69	100	-9	4	-8	-1	det1=true
[8362]	69	100	-10	4	-8	1	det1=true
[8363]	76	100	-20	-14	-7	-4	det1=true
[8364]	76	100	-24	-14	-7	4	det1=true
[8365]	94	100	-42	-24	-8	-1	det1=true
[8366]	94	100	-43	-24	-8	1	det1=true
[8367]	95	100	-14	-14	-6	-7	det1=true
[8368]	95	100	-21	-14	-6	7	det1=true
[8369]	96	100	-36	-34	-1	-8	det1=true
[8370]	96	100	-44	-34	-1	8	det1=true
[8371]	41	97	-16	-7	-3	-5	det1=true
[8372]	49	97	-24	-10	-2	6	det1=true
[8373]	51	97	-19	-12	-5	-4	det1=true
[8374]	51	97	-23	-12	-5	4	det1=true
[8375]	76	97	-29	-28	-4	-6	det1=true
[8376]	76	97	-28	-2	-5	-6	det1=true
[8377]	76	97	-34	-2	-5	6	det1=true
[8378]	76	97	-31	-10	-6	5	det1=true
[8379]	76	97	-18	-8	-4	-7	det1=true
[8380]	77	97	-32	-10	-3	-7	det1=true
[8381]	77	97	-39	-10	-3	7	det1=true
[8382]	79	97	-25	-3	-1	-8	det1=true
[8383]	79	97	-33	-3	-1	8	det1=true
[8384]	80	97	-34	2	-5	-6	det1=true
[8385]	80	97	-40	2	-5	6	det1=true
[8386]	80	97	-14	-2	-3	8	det1=true
[8387]	84	97	-31	4	-8	-2	det1=true
[8388]	84	97	-33	4	-8	2	det1=true
[8389]	84	97	-28	1	-2	-8	det1=true
[8390]	84	97	-36	1	-2	8	det1=true
[8391]	88	97	-30	-30	-5	-6	det1=true
[8392]	88	97	-36	-30	-5	6	det1=true
[8393]	88	97	-30	-23	-7	-4	det1=true
[8394]	88	97	-34	-23	-7	4	det1=true
[8395]	88	97	-28	-26	-1	-8	det1=true
[8396]	88	97	-36	-26	-1	8	det1=true
[8397]	91	97	-32	-27	-8	-1	det1=true
[8398]	91	97	-33	-27	-8	1	det1=true
[8399]	92	97	-29	-26	-8	-2	det1=true
[8400]	92	97	-31	-26	-8	2	det1=true
[8401]	93	97	-35	-25	-4	-7	det1=true
[8402]	93	97	-42	-25	-4	7	det1=true
[8403]	93	97	-33	-29	-8	-1	det1=true
[8404]	94	97	-42	-24	-5	-6	det1=true
[8405]	94	97	-39	-4	-8	3	det1=true
[8406]	94	97	-7	-8	-2	-9	det1=true
[8407]	94	97	-16	-8	-2	9	det1=true
[8408]	95	97	-19	-8	-1	-9	det1=true
[8409]	95	97	-28	-8	-1	9	det1=true
[8410]	97	97	-37	-25	-8	-2	det1=true
[8411]	97	97	-23	0	-9	2	det1=true
[8412]	40	98	-6	2	-6	-1	det1=true
[8413]	40	98	-7	2	-6	1	det1=true
[8414]	46	98	-13	-8	-6	-2	det1=true
[8415]	46	98	-15	-8	-6	2	det1=true
[8416]	56	98	-3	0	-4	-6	det1=true
[8417]	56	98	-9	0	-4	6	det1=true
[8418]	69	98	-31	-12	-6	-4	det1=true
[8419]	71	98	-11	0	-8	-1	det1=true
[8420]	71	98	-12	0	-8	1	det1=true
[8421]	74	98	-18	-3	-7	-4	det1=true
[8422]	74	98	-22	-3	-7	4	det1=true
[8423]	78	98	-34	-27	-6	-4	det1=true
[8424]	78	98	-38	-27	-6	4	det1=true
[8425]	78	98	-33	-28	-4	-6	det1=true
[8426]	78	98	-39	-28	-4	6	det1=true
[8427]	80	98	-30	1	-7	-4	det1=true
[8428]	80	98	-34	1	-7	4	det1=true
[8429]	83	98	-28	-9	-8	-2	det1=true
[8430]	83	98	-30	-9	-8	2	det1=true
[8431]	87	98	-35	-24	-6	-5	det1=true
[8432]	87	98	-40	-24	-6	5	det1=true
[8433]	89	98	-29	-8	-8	-3	det1=true
[8434]	89	98	-32	-8	-8	3	det1=true
[8435]	90	98	-35	-16	-8	-2	det1=true
[8436]	90	98	-37	-16	-8	2	det1=true
[8437]	92	98	-38	-20	-4	-7	det1=true
[8438]	92	98	-45	-20	-4	7	det1=true
[8439]	95	98	-34	-32	-1	-8	det1=true
[8440]	95	98	-42	-32	-1	8	det1=true
[8441]	95	98	-34	-27	-8	-2	det1=true
[8442]	95	98	-36	-27	-8	2	det1=true
[8443]	97	98	-28	-11	-8	-4	det1=true
[8444]	40	99	-6	-1	-1	-6	det1=true
[8445]	40	99	-12	-1	-1	6	det1=true
[8446]	42	99	-16	0	-6	-1	det1=true
[8447]	42	99	-17	0	-6	1	det1=true
[8448]	49	99	-20	-5	-4	-5	det1=true
[8449]	54	99	-23	-18	-4	-5	det1=true
[8450]	54	99	-28	-18	-4	5	det1=true
[8451]	61	99	-15	-11	-2	-7	det1=true
[8452]	61	99	-22	-11	-2	7	det1=true
[8453]	68	99	-32	-6	-7	-2	det1=true
[8454]	68	99	-34	-6	-7	2	det1=true
[8455]	80	99	-34	-14	-1	8	det1=true
[8456]	81	99	-9	-8	-5	-7	det1=true
[8457]	81	99	-16	-8	-5	7	det1=true
[8458]	86	99	-37	-6	-4	-7	det1=true
[8459]	86	99	-44	-6	-4	7	det1=true
[8460]	86	99	-39	-8	-8	-1	det1=true
[8461]	86	99	-40	-8	-8	1	det1=true
[8462]	91	99	-39	-17	-8	2	det1=true
[8463]	92	99	-42	-13	-1	-8	det1=true
[8464]	93	99	-22	-6	-9	-1	det1=true
[8465]	93	99	-23	-6	-9	1	det1=true
[8466]	95	99	-31	-19	-5	-7	det1=true
[8467]	96	99	-40	-27	-7	-4	det1=true
[8468]	96	99	-44	-27	-7	4	det1=true
[8469]	97	99	-36	-4	-1	9	det1=true
[8470]	98	99	-16	-2	-8	-5	det1=true
[8471]	98	99	-21	-2	-8	5	det1=true
[8472]	60	100	-20	1	-7	-2	det1=true
[8473]	60	100	-22	1	-7	2	det1=true
[8474]	68	100	-24	-23	-6	-4	det1=true
[8475]	68	100	-28	-23	-6	4	det1=true
[8476]	70	100	-8	-6	-7	-4	det1=true
[8477]	70	100	-12	-6	-7	4	det1=true
[8478]	78	100	-20	-9	-2	-8	det1=true
[8479]	78	100	-28	-9	-2	8	det1=true
[8480]	79	100	-22	-9	-2	-8	det1=true
[8481]	79	100	-30	-9	-2	8	det1=true
[8482]	81	100	-34	-6	-8	-1	det1=true
[8483]	81	100	-35	-6	-8	1	det1=true
[8484]	89	100	-34	-10	-8	3	det1=true
[8485]	91	100	-39	-20	-4	-7	det1=true
[8486]	91	100	-46	-20	-4	7	det1=true
[8487]	93	100	-36	-23	-2	-8	det1=true
[8488]	93	100	-44	-23	-2	8	det1=true
[8489]	94	100	-36	-25	-2	-8	det1=true
[8490]	94	100	-44	-25	-2	8	det1=true
[8491]	95	100	-13	-16	-2	-9	det1=true
[8492]	95	100	-22	-16	-2	9	det1=true
[8493]	55	97	-6	-2	-1	-7	det1=true
[8494]	55	97	-13	-2	-1	7	det1=true
[8495]	65	97	-26	-2	-4	-6	det1=true
[8496]	65	97	-32	-2	-4	6	det1=true
[8497]	69	97	-29	-12	-7	-2	det1=true
[8498]	69	97	-31	-12	-7	2	det1=true
[8499]	71	97	-21	-13	-3	-7	det1=true
[8500]	76	97	-35	-28	-4	6	det1=true
[8501]	76	97	-26	-10	-6	-5	det1=true
[8502]	83	97	-37	-7	-6	-5	det1=true
[8503]	83	97	-42	-7	-6	5	det1=true
[8504]	86	97	-18	-13	-3	-8	det1=true
[8505]	86	97	-26	-13	-3	8	det1=true
[8506]	87	97	-16	-15	-5	-7	det1=true
[8507]	87	97	-23	-15	-5	7	det1=true
[8508]	94	97	-33	-24	-2	-8	det1=true
[8509]	94	97	-41	-24	-2	8	det1=true
[8510]	32	98	-11	-4	-2	5	det1=true
[8511]	44	98	-12	-14	-1	-6	det1=true
[8512]	44	98	-18	-14	-1	6	det1=true
[8513]	45	98	-8	0	-4	-5	det1=true
[8514]	45	98	-13	0	-4	5	det1=true
[8515]	49	98	-16	-11	-5	-4	det1=true
[8516]	49	98	-20	-11	-5	4	det1=true
[8517]	75	98	-20	-4	-7	-4	det1=true
[8518]	75	98	-24	-4	-7	4	det1=true
[8519]	76	98	-17	4	-8	-2	det1=true
[8520]	76	98	-19	4	-8	2	det1=true
[8521]	87	98	-40	-20	-1	8	det1=true
[8522]	88	98	-38	-21	-5	-6	det1=true
[8523]	89	98	-32	-24	-7	-4	det1=true
[8524]	89	98	-36	-24	-7	4	det1=true
[8525]	91	98	-34	-25	-7	-4	det1=true
[8526]	91	98	-38	-25	-7	4	det1=true
[8527]	92	98	-46	-18	-4	7	det1=true
[8528]	92	98	-38	-2	-8	3	det1=true
[8529]	92	98	-8	-1	-9	-2	det1=true
[8530]	92	98	-10	-1	-9	2	det1=true
[8531]	48	99	-18	-4	-4	-5	det1=true
[8532]	61	99	-23	2	-7	2	det1=true
[8533]	61	99	-17	-19	-1	-7	det1=true
[8534]	61	99	-24	-19	-1	7	det1=true
[8535]	64	99	-20	-15	-7	-2	det1=true
[8536]	64	99	-22	-15	-7	2	det1=true
[8537]	71	99	-33	-11	-2	-7	det1=true
[8538]	76	99	-22	-6	-4	-7	det1=true
[8539]	76	99	-29	-6	-4	7	det1=true
[8540]	80	99	-26	-14	-1	-8	det1=true
[8541]	85	99	-23	0	-7	-5	det1=true
[8542]	85	99	-28	0	-7	5	det1=true
[8543]	85	99	-21	-7	-7	-5	det1=true
[8544]	85	99	-26	-7	-7	5	det1=true
[8545]	87	99	-12	-2	-8	-4	det1=true
[8546]	87	99	-16	-2	-8	4	det1=true
[8547]	89	99	-30	2	-7	-5	det1=true
[8548]	93	99	-46	-39	-7	-1	det1=true
[8549]	93	99	-47	-39	-7	1	det1=true
[8550]	95	99	-28	3	-9	-1	det1=true
[8551]	97	99	-31	0	-9	-1	det1=true
[8552]	97	99	-32	0	-9	1	det1=true
[8553]	73	100	-20	-17	-5	-6	det1=true
[8554]	73	100	-26	-17	-5	6	det1=true
[8555]	73	100	-18	-2	-1	-8	det1=true
[8556]	73	100	-26	-2	-1	8	det1=true
[8557]	95	100	-44	-41	-6	-4	det1=true
[8558]	95	100	-48	-41	-6	4	det1=true
[8559]	95	100	-49	-42	-4	6	det1=true
[8560]	97	100	-18	-16	-2	-9	det1=true
[8561]	97	100	-27	-16	-2	9	det1=true
[8562]	66	97	-24	-13	-4	-6	det1=true
[8563]	66	97	-30	-13	-4	6	det1=true
[8564]	66	97	0	1	-5	-6	det1=true
[8565]	66	97	-6	1	-5	6	det1=true
[8566]	68	97	-10	-4	-6	-5	det1=true
[8567]	70	97	-34	0	-7	-2	det1=true
[8568]	70	97	-36	0	-7	2	det1=true
[8569]	84	97	-36	-10	-7	4	det1=true
[8570]	88	97	-38	0	-4	-7	det1=true
[8571]	95	97	-23	-4	-9	-1	det1=true
[8572]	95	97	-24	-4	-9	1	det1=true
[8573]	67	98	-10	0	-5	-6	det1=true
[8574]	67	98	-16	0	-5	6	det1=true
[8575]	77	98	-28	-12	-6	-5	det1=true
[8576]	77	98	-33	-12	-6	5	det1=true
[8577]	87	98	-32	-20	-1	-8	det1=true
[8578]	95	98	-36	-29	-7	-4	det1=true
[8579]	95	98	-40	-29	-7	4	det1=true
[8580]	46	99	-14	1	-5	-4	det1=true
[8581]	46	99	-18	1	-5	4	det1=true
[8582]	53	99	1	-1	-1	-7	det1=true
[8583]	53	99	-6	-1	-1	7	det1=true
[8584]	67	99	-31	-4	-7	-2	det1=true
[8585]	67	99	-33	-4	-7	2	det1=true
[8586]	78	99	-28	0	-7	-4	det1=true
[8587]	78	99	-32	0	-7	4	det1=true
[8588]	78	99	-28	-6	-8	-1	det1=true
[8589]	78	99	-29	-6	-8	1	det1=true
[8590]	91	99	-39	-5	-2	-8	det1=true
[8591]	91	99	-47	-5	-2	8	det1=true
[8592]	95	99	-32	-18	-7	-5	det1=true
[8593]	95	99	-37	-18	-7	5	det1=true
[8594]	97	99	-7	-5	-3	-9	det1=true
[8595]	97	99	-16	-5	-3	9	det1=true
[8596]	77	100	-33	-4	-6	-5	det1=true
[8597]	77	100	-38	-4	-6	5	det1=true
[8598]	84	100	-31	-18	-4	-7	det1=true
[8599]	84	100	-38	-18	-4	7	det1=true
[8600]	85	100	-36	-9	-1	-8	det1=true
[8601]	85	100	-44	-9	-1	8	det1=true
[8602]	86	100	-26	-23	-2	-8	det1=true
[8603]	86	100	-34	-23	-2	8	det1=true
[8604]	90	100	-32	-6	-3	-8	det1=true
[8605]	90	100	-40	-6	-3	8	det1=true
[8606]	95	100	-43	-42	-4	-6	det1=true
[8607]	45	97	-5	-2	-5	-4	det1=true
[8608]	45	97	-9	-2	-5	4	det1=true
[8609]	63	97	-26	-1	-1	-7	det1=true
[8610]	63	97	-33	-1	-1	7	det1=true
[8611]	72	97	-32	-15	-7	-2	det1=true
[8612]	72	97	-34	-15	-7	2	det1=true
[8613]	76	97	-30	-27	-6	-4	det1=true
[8614]	76	97	-34	-27	-6	4	det1=true
[8615]	76	97	-21	-6	-8	-1	det1=true
[8616]	76	97	-21	-14	-4	7	det1=true
[8617]	77	97	-29	-18	-7	-3	det1=true
[8618]	77	97	-32	-18	-7	3	det1=true
[8619]	78	97	-24	2	-4	-7	det1=true
[8620]	78	97	-31	2	-4	7	det1=true
[8621]	84	97	-32	-10	-7	-4	det1=true
[8622]	91	97	-29	-8	-3	-8	det1=true
[8623]	91	97	-37	-8	-3	8	det1=true
[8624]	69	98	-30	-13	-4	-6	det1=true
[8625]	69	98	-36	-13	-4	6	det1=true
[8626]	74	98	-16	-6	-1	-8	det1=true
[8627]	74	98	-24	-6	-1	8	det1=true
[8628]	75	98	-18	-7	-1	-8	det1=true
[8629]	75	98	-26	-7	-1	8	det1=true
[8630]	75	98	-11	0	-2	-8	det1=true
[8631]	75	98	-19	0	-2	8	det1=true
[8632]	81	98	-20	-23	-1	-8	det1=true
[8633]	81	98	-28	-23	-1	8	det1=true
[8634]	82	98	-25	-20	-8	-1	det1=true
[8635]	82	98	-26	-20	-8	1	det1=true
[8636]	93	98	-41	-16	-4	-7	det1=true
[8637]	93	98	-48	-16	-4	7	det1=true
[8638]	95	98	-36	-12	-8	-3	det1=true
[8639]	95	98	-39	-12	-8	3	det1=true
[8640]	48	99	-23	-4	-4	5	det1=true
[8641]	61	99	-21	2	-7	-2	det1=true
[8642]	66	99	-25	-12	-2	-7	det1=true
[8643]	66	99	-32	-12	-2	7	det1=true
[8644]	67	99	-33	-13	-7	-1	det1=true
[8645]	67	99	-34	-13	-7	1	det1=true
[8646]	73	99	-31	-21	-2	-7	det1=true
[8647]	73	99	-38	-21	-2	7	det1=true
[8648]	85	99	-20	-8	-5	-7	det1=true
[8649]	85	99	-27	-8	-5	7	det1=true
[8650]	76	100	-26	1	-7	-4	det1=true
[8651]	76	100	-30	1	-7	4	det1=true
[8652]	94	100	-39	-26	-4	-7	det1=true
[8653]	94	100	-46	-26	-4	7	det1=true
[8654]	94	100	-38	-34	-6	-5	det1=true
[8655]	94	100	-43	-34	-6	5	det1=true
[8656]	97	100	-32	-26	-3	-8	det1=true
[8657]	97	100	-40	-26	-3	8	det1=true
[8658]	58	97	-5	0	-2	-7	det1=true
[8659]	58	97	-12	0	-2	7	det1=true
[8660]	90	97	-26	-12	-3	-8	det1=true
[8661]	90	97	-34	-12	-3	8	det1=true
[8662]	95	97	-35	-4	-7	-5	det1=true
[8663]	95	97	-40	-4	-7	5	det1=true
[8664]	97	97	-45	-9	-8	-2	det1=true
[8665]	97	97	-47	-9	-8	2	det1=true
[8666]	97	97	-43	-41	-6	-4	det1=true
[8667]	97	97	-47	-41	-6	4	det1=true
[8668]	81	98	-22	-20	-7	-4	det1=true
[8669]	81	98	-26	-20	-7	4	det1=true
[8670]	87	98	-27	-20	-2	-8	det1=true
[8671]	87	98	-35	-20	-2	8	det1=true
[8672]	70	99	-8	-1	-7	-4	det1=true
[8673]	70	99	-12	-1	-7	4	det1=true
[8674]	95	99	-29	3	-9	1	det1=true
[8675]	46	100	-19	0	-6	-2	det1=true
[8676]	46	100	-21	0	-6	2	det1=true
[8677]	82	100	-38	-10	-6	-5	det1=true
[8678]	82	100	-43	-10	-6	5	det1=true
[8679]	82	97	-36	-4	-5	-6	det1=true
[8680]	82	97	-42	-4	-5	6	det1=true
[8681]	97	97	-19	-1	-7	-6	det1=true
[8682]	97	97	-25	-1	-7	6	det1=true
[8683]	82	98	-22	-22	-4	-7	det1=true
[8684]	82	98	-29	-22	-4	7	det1=true
[8685]	43	99	-19	3	-6	-1	det1=true
[8686]	43	99	-20	3	-6	1	det1=true
[8687]	59	99	-20	-10	-7	-1	det1=true
[8688]	59	99	-21	-10	-7	1	det1=true
[8689]	71	99	-31	-24	-1	-7	det1=true
[8690]	71	99	-38	-24	-1	7	det1=true
[8691]	95	99	-38	-19	-5	7	det1=true
[8692]	77	100	-23	4	-8	-2	det1=true
[8693]	77	100	-25	4	-8	2	det1=true
[8694]	82	100	-22	4	-8	-3	det1=true
[8695]	82	100	-25	4	-8	3	det1=true
[8696]	78	97	-20	-13	-7	-4	det1=true
[8697]	78	97	-24	-13	-7	4	det1=true
[8698]	78	97	-18	-16	-1	-8	det1=true
[8699]	78	97	-26	-16	-1	8	det1=true
[8700]	94	97	-8	-6	-6	-7	det1=true
[8701]	94	97	-15	-6	-6	7	det1=true
[8702]	95	97	-14	1	-6	-7	det1=true
[8703]	95	97	-21	1	-6	7	det1=true
[8704]	94	98	-14	2	-6	-7	det1=true
[8705]	94	98	-21	2	-6	7	det1=true
[8706]	97	98	-20	-5	-7	-6	det1=true
[8707]	97	98	-26	-5	-7	6	det1=true
[8708]	45	99	-8	-5	-4	-5	det1=true
[8709]	45	99	-13	-5	-4	5	det1=true
[8710]	65	99	-23	-14	-7	-2	det1=true
[8711]	65	99	-25	-14	-7	2	det1=true
[8712]	70	99	-6	-4	-1	-8	det1=true
[8713]	70	99	-14	-4	-1	8	det1=true
[8714]	84	99	-34	-11	-7	-4	det1=true
[8715]	84	99	-38	-11	-7	4	det1=true
[8716]	43	100	-7	-2	-2	-6	det1=true
[8717]	43	100	-13	-2	-2	6	det1=true
[8718]	72	98	-14	-2	-8	-1	det1=true
[8719]	72	98	-15	-2	-8	1	det1=true
[8720]	89	99	-37	-17	-4	-7	det1=true
[8721]	89	99	-44	-17	-4	7	det1=true
[8722]	89	100	-31	-28	-4	-7	det1=true
[8723]	89	100	-38	-28	-4	7	det1=true
[8724]	97	100	-19	-14	-6	-7	det1=true
[8725]	97	100	-26	-14	-6	7	det1=true
[8726]	97	97	-42	-42	-4	-6	det1=true
[8727]	97	97	-48	-42	-4	6	det1=true
[8728]	74	98	-18	-6	-8	-1	det1=true
[8729]	74	98	-19	-6	-8	1	det1=true
[8730]	89	99	-36	-19	-4	-7	det1=true
[8731]	89	99	-43	-19	-4	7	det1=true
[8732]	93	99	-27	-10	-1	9	det1=true
[8733]	50	100	-17	-16	-4	-5	det1=true
[8734]	50	100	-22	-16	-4	5	det1=true
[8735]	83	98	-32	-6	-4	-7	det1=true
[8736]	83	98	-39	-6	-4	7	det1=true
[8737]	93	99	-18	-10	-1	-9	det1=true
[8738]	81	100	-31	-8	-4	-7	det1=true
[8739]	81	100	-38	-8	-4	7	det1=true
[8740]	92	100	-14	1	-7	-6	det1=true
[8741]	92	100	-20	1	-7	6	det1=true
[8742]	97	97	-39	-33	-6	-5	det1=true
[8743]	97	97	-44	-33	-6	5	det1=true
[8744]	86	98	-16	-18	-3	-8	det1=true
[8745]	86	98	-24	-18	-3	8	det1=true
[8746]	63	99	-28	-2	-1	-7	det1=true
[8747]	63	99	-35	-2	-1	7	det1=true
[8748]	87	99	-43	-35	-7	-1	det1=true
[8749]	91	99	-33	-23	-8	-2	det1=true
[8750]	91	99	-35	-23	-8	2	det1=true
[8751]	98	100	-36	-22	-3	-8	det1=true
[8752]	98	100	-44	-22	-3	8	det1=true
[8753]	97	97	-42	-12	-2	-8	det1=true
[8754]	97	97	-50	-12	-2	8	det1=true
[8755]	100	100	-26	-12	-6	-7	det1=true
[8756]	100	100	-33	-12	-6	7	det1=true
[8757]	83	99	-33	-10	-7	-4	det1=true
[8758]	83	99	-37	-10	-7	4	det1=true
[8759]	93	99	-43	-42	-1	-7	det1=true
[8760]	94	99	-23	-12	-4	-8	det1=true
[8761]	94	99	-31	-12	-4	8	det1=true
[8762]	91	100	-32	-11	-3	-8	det1=true
[8763]	91	100	-40	-11	-3	8	det1=true
[8764]	22	103	-9	-6	-2	-4	det1=true
[8765]	79	103	-22	-18	-8	-2	det1=true
[8766]	79	103	-24	-18	-8	2	det1=true
[8767]	92	104	-42	3	-6	-6	det1=true
[8768]	92	104	-48	3	-6	6	det1=true
[8769]	48	101	-21	-8	-2	-6	det1=true
[8770]	48	101	-27	-8	-2	6	det1=true
[8771]	60	101	-22	-3	-6	-4	det1=true
[8772]	60	101	-26	-3	-6	4	det1=true
[8773]	69	101	-21	1	-5	-6	det1=true
[8774]	69	101	-27	1	-5	6	det1=true
[8775]	74	101	-36	-20	-7	-2	det1=true
[8776]	91	101	-25	-25	-3	-8	det1=true
[8777]	91	101	-33	-25	-3	8	det1=true
[8778]	101	101	-34	-16	-9	-1	det1=true
[8779]	47	102	-19	-4	-4	-5	det1=true
[8780]	47	102	-24	-4	-4	5	det1=true
[8781]	51	102	-23	-14	-4	-5	det1=true
[8782]	51	102	-28	-14	-4	5	det1=true
[8783]	75	102	0	4	-8	-3	det1=true
[8784]	75	102	-3	4	-8	3	det1=true
[8785]	22	103	-10	-5	-4	-2	det1=true
[8786]	22	103	-12	-5	-4	2	det1=true
[8787]	58	103	-17	0	-2	-7	det1=true
[8788]	58	103	-24	0	-2	7	det1=true
[8789]	69	103	-16	-1	-8	-1	det1=true
[8790]	74	103	-25	2	-4	-7	det1=true
[8791]	74	103	-32	2	-4	7	det1=true
[8792]	79	103	-36	-31	-2	-7	det1=true
[8793]	79	103	-43	-31	-2	7	det1=true
[8794]	88	103	-36	3	-6	-6	det1=true
[8795]	88	103	-42	3	-6	6	det1=true
[8796]	97	103	-18	-9	-9	-3	det1=true
[8797]	97	103	-21	-9	-9	3	det1=true
[8798]	34	104	-14	-14	-2	-5	det1=true
[8799]	34	104	-19	-14	-2	5	det1=true
[8800]	75	104	-22	-18	-8	-1	det1=true
[8801]	75	104	-23	-18	-8	1	det1=true
[8802]	77	104	-29	-22	-6	-5	det1=true
[8803]	77	104	-34	-22	-6	5	det1=true
[8804]	50	101	-12	-9	-3	-6	det1=true
[8805]	50	101	-18	-9	-3	6	det1=true
[8806]	76	101	-35	-26	-4	-6	det1=true
[8807]	76	101	-41	-26	-4	6	det1=true
[8808]	77	101	-35	-32	-1	-7	det1=true
[8809]	77	101	-42	-32	-1	7	det1=true
[8810]	79	101	-13	-5	-3	-8	det1=true
[8811]	79	101	-21	-5	-3	8	det1=true
[8812]	83	101	-21	-3	-5	-7	det1=true
[8813]	83	101	-28	-3	-5	7	det1=true
[8814]	84	101	-27	-20	-8	-2	det1=true
[8815]	84	101	-29	-20	-8	2	det1=true
[8816]	96	101	-19	-6	-8	5	det1=true
[8817]	99	101	-23	-1	-8	-5	det1=true
[8818]	99	101	-28	-1	-8	5	det1=true
[8819]	37	102	-13	-12	-4	-4	det1=true
[8820]	64	102	-6	-5	-5	-6	det1=true
[8821]	64	102	-12	-5	-5	6	det1=true
[8822]	77	102	-28	-4	-1	-8	det1=true
[8823]	77	102	-36	-4	-1	8	det1=true
[8824]	84	102	-38	-4	-4	-7	det1=true
[8825]	84	102	-45	-4	-4	7	det1=true
[8826]	97	102	-40	-29	-8	-2	det1=true
[8827]	97	102	-42	-29	-8	2	det1=true
[8828]	98	102	-50	-30	-4	7	det1=true
[8829]	101	102	-37	-16	-8	-4	det1=true
[8830]	101	102	-41	-16	-8	4	det1=true
[8831]	26	103	-5	-2	-4	-3	det1=true
[8832]	26	103	-8	-2	-4	3	det1=true
[8833]	43	103	-9	-1	-5	-4	det1=true
[8834]	43	103	-13	-1	-5	4	det1=true
[8835]	53	103	-10	-7	-7	-1	det1=true
[8836]	53	103	-11	-7	-7	1	det1=true
[8837]	67	103	-27	0	-7	-3	det1=true
[8838]	67	103	-30	0	-7	3	det1=true
[8839]	73	103	-35	-7	-7	-3	det1=true
[8840]	73	103	-38	-7	-7	3	det1=true
[8841]	73	103	-24	-15	-4	7	det1=true
[8842]	87	103	-23	-20	-5	-7	det1=true
[8843]	87	103	-30	-20	-5	7	det1=true
[8844]	89	103	-15	2	-9	-2	det1=true
[8845]	89	103	-17	2	-9	2	det1=true
[8846]	89	103	-13	1	-7	-6	det1=true
[8847]	89	103	-19	1	-7	6	det1=true
[8848]	94	103	-20	-12	-6	-7	det1=true
[8849]	94	103	-27	-12	-6	7	det1=true
[8850]	99	103	-46	-31	-8	-1	det1=true
[8851]	99	103	-47	-31	-8	1	det1=true
[8852]	99	103	-40	-21	-5	-7	det1=true
[8853]	99	103	-47	-21	-5	7	det1=true
[8854]	101	103	-46	-42	-7	-3	det1=true
[8855]	101	103	-37	-9	-1	-9	det1=true
[8856]	101	103	-46	-9	-1	9	det1=true
[8857]	101	103	-22	-15	-3	-9	det1=true
[8858]	101	103	-31	-15	-3	9	det1=true
[8859]	102	103	-50	-45	-7	-2	det1=true
[8860]	102	103	-52	-45	-7	2	det1=true
[8861]	102	103	-43	-6	-8	-4	det1=true
[8862]	41	104	-17	-6	-6	-1	det1=true
[8863]	41	104	-18	-6	-6	1	det1=true
[8864]	48	104	-23	-12	-6	-2	det1=true
[8865]	48	104	-25	-12	-6	2	det1=true
[8866]	48	104	-21	-10	-4	-5	det1=true
[8867]	49	104	-18	2	-6	-3	det1=true
[8868]	49	104	-21	2	-6	3	det1=true
[8869]	55	104	-14	-1	-6	-4	det1=true
[8870]	60	104	-18	-14	-2	-7	det1=true
[8871]	60	104	-25	-14	-2	7	det1=true
[8872]	68	104	-12	-2	-1	-8	det1=true
[8873]	68	104	-20	-2	-1	8	det1=true
[8874]	71	104	-12	-1	-2	-8	det1=true
[8875]	74	104	-26	-2	-4	-7	det1=true
[8876]	74	104	-33	-2	-4	7	det1=true
[8877]	77	104	-21	-16	-8	-2	det1=true
[8878]	77	104	-23	-16	-8	2	det1=true
[8879]	77	104	-18	-19	-2	-8	det1=true
[8880]	77	104	-26	-19	-2	8	det1=true
[8881]	78	104	-32	-2	-1	-8	det1=true
[8882]	78	104	-40	-2	-1	8	det1=true
[8883]	87	104	-36	-17	-2	-8	det1=true
[8884]	87	104	-44	-17	-2	8	det1=true
[8885]	89	104	-14	-2	-2	-9	det1=true
[8886]	89	104	-23	-2	-2	9	det1=true
[8887]	91	104	-35	-18	-8	-3	det1=true
[8888]	91	104	-38	-18	-8	3	det1=true
[8889]	99	104	-26	-6	-5	-8	det1=true
[8890]	99	104	-34	-6	-5	8	det1=true
[8891]	21	101	-3	1	-2	-4	det1=true
[8892]	21	101	-7	1	-2	4	det1=true
[8893]	27	101	-1	2	-5	-1	det1=true
[8894]	27	101	-2	2	-5	1	det1=true
[8895]	43	101	-21	1	-6	-1	det1=true
[8896]	43	101	-22	1	-6	1	det1=true
[8897]	53	101	-8	-3	-7	-1	det1=true
[8898]	53	101	-9	-3	-7	1	det1=true
[8899]	60	101	-19	0	-2	-7	det1=true
[8900]	60	101	-26	0	-2	7	det1=true
[8901]	65	101	-24	-15	-2	-7	det1=true
[8902]	65	101	-31	-15	-2	7	det1=true
[8903]	67	101	-23	-6	-7	-3	det1=true
[8904]	67	101	-26	-6	-7	3	det1=true
[8905]	74	101	-21	-6	-4	-7	det1=true
[8906]	74	101	-28	-6	-4	7	det1=true
[8907]	77	101	-38	-29	-7	-1	det1=true
[8908]	77	101	-39	-29	-7	1	det1=true
[8909]	81	101	-33	-1	-1	-8	det1=true
[8910]	84	101	-28	-25	-1	-8	det1=true
[8911]	85	101	-41	-23	-7	-3	det1=true
[8912]	85	101	-44	-23	-7	3	det1=true
[8913]	89	101	-28	-14	-7	-5	det1=true
[8914]	89	101	-5	-1	-7	-6	det1=true
[8915]	89	101	-11	-1	-7	6	det1=true
[8916]	95	101	-47	-19	-8	-1	det1=true
[8917]	95	101	-48	-19	-8	1	det1=true
[8918]	98	101	-27	0	-2	-9	det1=true
[8919]	98	101	-36	0	-2	9	det1=true
[8920]	101	101	-30	-20	-1	-9	det1=true
[8921]	101	101	-39	-20	-1	9	det1=true
[8922]	39	102	-6	-4	-1	-6	det1=true
[8923]	39	102	-12	-4	-1	6	det1=true
[8924]	58	102	-16	-9	-6	-4	det1=true
[8925]	58	102	-20	-9	-6	4	det1=true
[8926]	67	102	-29	-14	-2	-7	det1=true
[8927]	67	102	-36	-14	-2	7	det1=true
[8928]	68	102	-6	-4	-4	-7	det1=true
[8929]	68	102	-13	-4	-4	7	det1=true
[8930]	70	102	-24	-2	-5	-6	det1=true
[8931]	70	102	-30	-2	-5	6	det1=true
[8932]	77	102	-23	0	-2	-8	det1=true
[8933]	83	102	-36	-14	-8	-1	det1=true
[8934]	83	102	-37	-14	-8	1	det1=true
[8935]	84	102	-41	-2	-8	-1	det1=true
[8936]	84	102	-42	-2	-8	1	det1=true
[8937]	92	102	-45	-8	-8	-2	det1=true
[8938]	92	102	-47	-8	-8	2	det1=true
[8939]	92	102	-42	-11	-2	-8	det1=true
[8940]	92	102	-50	-11	-2	8	det1=true
[8941]	93	102	-38	-25	-8	-2	det1=true
[8942]	93	102	-40	-25	-8	2	det1=true
[8943]	94	102	-38	-32	-8	-1	det1=true
[8944]	94	102	-39	-32	-8	1	det1=true
[8945]	95	102	-44	-26	-8	-1	det1=true
[8946]	95	102	-45	-26	-8	1	det1=true
[8947]	95	102	-41	-28	-4	-7	det1=true
[8948]	100	102	-49	-20	-8	-2	det1=true
[8949]	100	102	-51	-20	-8	2	det1=true
[8950]	101	102	-35	-18	-4	-8	det1=true
[8951]	101	102	-43	-18	-4	8	det1=true
[8952]	102	102	-56	-23	-2	8	det1=true
[8953]	61	103	-30	-18	-1	7	det1=true
[8954]	63	103	-29	-16	-7	-1	det1=true
[8955]	63	103	-30	-16	-7	1	det1=true
[8956]	67	103	-25	-2	-3	-7	det1=true
[8957]	67	103	-32	-2	-3	7	det1=true
[8958]	69	103	-29	-28	-1	-7	det1=true
[8959]	69	103	-36	-28	-1	7	det1=true
[8960]	71	103	-30	-26	-6	-4	det1=true
[8961]	71	103	-34	-26	-6	4	det1=true
[8962]	72	103	-20	-5	-1	-8	det1=true
[8963]	72	103	-28	-5	-1	8	det1=true
[8964]	79	103	-23	-23	-4	-7	det1=true
[8965]	79	103	-30	-23	-4	7	det1=true
[8966]	79	103	-15	-4	-5	-7	det1=true
[8967]	79	103	-22	-4	-5	7	det1=true
[8968]	83	103	-31	-22	-7	-4	det1=true
[8969]	83	103	-35	-22	-7	4	det1=true
[8970]	83	103	-29	-25	-1	-8	det1=true
[8971]	83	103	-37	-25	-1	8	det1=true
[8972]	87	103	-3	1	-2	-9	det1=true
[8973]	87	103	-12	1	-2	9	det1=true
[8974]	87	103	-3	-1	-7	-6	det1=true
[8975]	87	103	-9	-1	-7	6	det1=true
[8976]	88	103	-38	-27	-2	8	det1=true
[8977]	90	103	-40	-26	-8	1	det1=true
[8978]	95	103	-38	-8	-1	9	det1=true
[8979]	103	103	-47	-15	-5	-7	det1=true
[8980]	103	103	-54	-15	-5	7	det1=true
[8981]	103	103	1	-3	-1	-10	det1=true
[8982]	103	103	-9	-3	-1	10	det1=true
[8983]	46	104	-20	-7	-2	-6	det1=true
[8984]	46	104	-26	-7	-2	6	det1=true
[8985]	48	104	-26	-10	-4	5	det1=true
[8986]	55	104	-18	-1	-6	4	det1=true
[8987]	62	104	-26	-4	-2	-7	det1=true
[8988]	69	104	-2	-3	-2	-8	det1=true
[8989]	69	104	-10	-3	-2	8	det1=true
[8990]	71	104	-18	-9	-1	-8	det1=true
[8991]	71	104	-20	-1	-2	8	det1=true
[8992]	76	104	-14	0	-8	-3	det1=true
[8993]	76	104	-17	0	-8	3	det1=true
[8994]	78	104	-36	-31	-7	-2	det1=true
[8995]	78	104	-34	1	-7	-4	det1=true
[8996]	78	104	-38	1	-7	4	det1=true
[8997]	79	104	-34	-7	-7	-4	det1=true
[8998]	79	104	-38	-7	-7	4	det1=true
[8999]	81	104	-38	-11	-2	8	det1=true
[9000]	94	104	-23	-10	-6	-7	det1=true
[9001]	94	104	-30	-10	-6	7	det1=true
[9002]	99	104	-46	-41	-1	8	det1=true
[9003]	104	104	-70	-28	-2	7	det1=true
[9004]	104	104	-42	-42	-4	-7	det1=true
[9005]	26	101	-1	2	-4	-3	det1=true
[9006]	26	101	-4	2	-4	3	det1=true
[9007]	32	101	-10	-6	-5	-2	det1=true
[9008]	32	101	-12	-6	-5	2	det1=true
[9009]	46	101	-20	-15	-1	-6	det1=true
[9010]	46	101	-26	-15	-1	6	det1=true
[9011]	59	101	-14	-9	-2	-7	det1=true
[9012]	59	101	-21	-9	-2	7	det1=true
[9013]	59	101	-18	-13	-2	7	det1=true
[9014]	61	101	-5	-3	-7	-3	det1=true
[9015]	61	101	-8	-3	-7	3	det1=true
[9016]	64	101	-6	2	-6	-5	det1=true
[9017]	64	101	-11	2	-6	5	det1=true
[9018]	68	101	-3	-2	-4	-7	det1=true
[9019]	68	101	-10	-2	-4	7	det1=true
[9020]	71	101	-33	-18	-7	-2	det1=true
[9021]	71	101	-35	-18	-7	2	det1=true
[9022]	72	101	-11	2	-8	-2	det1=true
[9023]	72	101	-13	2	-8	2	det1=true
[9024]	73	101	-29	-14	-3	-7	det1=true
[9025]	75	101	-30	-29	-2	-7	det1=true
[9026]	75	101	-37	-29	-2	7	det1=true
[9027]	75	101	-30	-19	-7	-3	det1=true
[9028]	75	101	-33	-19	-7	3	det1=true
[9029]	75	101	-24	-1	-4	-7	det1=true
[9030]	76	101	-38	-2	-6	5	det1=true
[9031]	77	101	-27	-2	-1	-8	det1=true
[9032]	77	101	-35	-2	-1	8	det1=true
[9033]	77	101	-21	-18	-1	-8	det1=true
[9034]	77	101	-29	-18	-1	8	det1=true
[9035]	78	101	-35	-6	-6	-5	det1=true
[9036]	78	101	-40	-6	-6	5	det1=true
[9037]	78	101	-29	-12	-8	1	det1=true
[9038]	78	101	-25	-14	-4	-7	det1=true
[9039]	78	101	-32	-14	-4	7	det1=true
[9040]	80	101	-29	-16	-8	-1	det1=true
[9041]	81	101	-14	-9	-7	-5	det1=true
[9042]	81	101	-19	-9	-7	5	det1=true
[9043]	81	101	-13	-10	-5	-7	det1=true
[9044]	81	101	-20	-10	-5	7	det1=true
[9045]	84	101	-36	-25	-1	8	det1=true
[9046]	89	101	-28	-28	-2	-8	det1=true
[9047]	89	101	-36	-28	-2	8	det1=true
[9048]	92	101	-42	-22	-8	-1	det1=true
[9049]	92	101	-43	-22	-8	1	det1=true
[9050]	93	101	-33	-16	-7	-5	det1=true
[9051]	93	101	-38	-16	-7	5	det1=true
[9052]	95	101	-6	-6	-3	-9	det1=true
[9053]	95	101	-15	-6	-3	9	det1=true
[9054]	96	101	-38	-33	-1	-8	det1=true
[9055]	96	101	-46	-33	-1	8	det1=true
[9056]	96	101	-14	-6	-8	-5	det1=true
[9057]	97	101	-43	-9	-8	-3	det1=true
[9058]	97	101	-46	-9	-8	3	det1=true
[9059]	98	101	-19	-20	-2	-9	det1=true
[9060]	101	101	-50	-25	-8	-1	det1=true
[9061]	42	102	-12	-13	-1	-6	det1=true
[9062]	42	102	-18	-13	-1	6	det1=true
[9063]	43	102	-7	2	-4	-5	det1=true
[9064]	43	102	-12	2	-4	5	det1=true
[9065]	60	102	-15	-14	-2	-7	det1=true
[9066]	60	102	-22	-14	-2	7	det1=true
[9067]	61	102	-16	-16	-2	-7	det1=true
[9068]	61	102	-23	-16	-2	7	det1=true
[9069]	62	102	-28	-3	-7	2	det1=true
[9070]	62	102	-29	-10	-2	7	det1=true
[9071]	66	102	-22	-22	-2	-7	det1=true
[9072]	66	102	-29	-22	-2	7	det1=true
[9073]	69	102	-24	-26	-2	-7	det1=true
[9074]	69	102	-31	-26	-2	7	det1=true
[9075]	74	102	-26	-2	-8	-1	det1=true
[9076]	74	102	-27	-2	-8	1	det1=true
[9077]	77	102	-30	-1	-7	-4	det1=true
[9078]	78	102	-23	-12	-8	-2	det1=true
[9079]	85	102	-38	-1	-8	-2	det1=true
[9080]	85	102	-40	-1	-8	2	det1=true
[9081]	85	102	-11	-6	-4	-8	det1=true
[9082]	85	102	-19	-6	-4	8	det1=true
[9083]	87	102	-24	-20	-8	-3	det1=true
[9084]	87	102	-27	-20	-8	3	det1=true
[9085]	95	102	-48	-28	-4	7	det1=true
[9086]	96	102	-38	-18	-3	-8	det1=true
[9087]	96	102	-46	-18	-3	8	det1=true
[9088]	96	102	-19	-10	-8	5	det1=true
[9089]	97	102	-37	-36	-4	-7	det1=true
[9090]	97	102	-44	-36	-4	7	det1=true
[9091]	97	102	-20	-4	-8	-5	det1=true
[9092]	97	102	-25	-4	-8	5	det1=true
[9093]	98	102	-16	-14	-5	-8	det1=true
[9094]	98	102	-24	-14	-5	8	det1=true
[9095]	59	103	-22	0	-4	-6	det1=true
[9096]	59	103	-28	0	-4	6	det1=true
[9097]	61	103	-23	-18	-1	-7	det1=true
[9098]	66	103	-32	-9	-7	-2	det1=true
[9099]	66	103	-34	-9	-7	2	det1=true
[9100]	67	103	-6	1	-4	-7	det1=true
[9101]	67	103	-13	1	-4	7	det1=true
[9102]	69	103	-32	-25	-7	-1	det1=true
[9103]	69	103	-33	-25	-7	1	det1=true
[9104]	69	103	-13	-3	-4	-7	det1=true
[9105]	69	103	-20	-3	-4	7	det1=true
[9106]	70	103	-23	-10	-6	-5	det1=true
[9107]	70	103	-16	0	-1	-8	det1=true
[9108]	70	103	-24	0	-1	8	det1=true
[9109]	73	103	-17	-15	-4	-7	det1=true
[9110]	75	103	-28	-4	-2	8	det1=true
[9111]	81	103	-37	0	-7	-4	det1=true
[9112]	81	103	-41	0	-7	4	det1=true
[9113]	81	103	-17	-11	-7	-5	det1=true
[9114]	81	103	-22	-11	-7	5	det1=true
[9115]	85	103	-39	-22	-5	-6	det1=true
[9116]	85	103	-45	-22	-5	6	det1=true
[9117]	88	103	-30	-27	-2	-8	det1=true
[9118]	91	103	-24	-9	-9	-1	det1=true
[9119]	91	103	-25	-9	-9	1	det1=true
[9120]	92	103	-18	-10	-9	-2	det1=true
[9121]	92	103	-20	-10	-9	2	det1=true
[9122]	95	103	-17	-2	-5	-8	det1=true
[9123]	96	103	-18	-8	-8	-5	det1=true
[9124]	96	103	-23	-8	-8	5	det1=true
[9125]	101	103	-49	-42	-7	3	det1=true
[9126]	101	103	-35	-1	-6	-7	det1=true
[9127]	101	103	-42	-1	-6	7	det1=true
[9128]	101	103	-31	-23	-1	-9	det1=true
[9129]	101	103	-40	-23	-1	9	det1=true
[9130]	101	103	-31	-15	-7	-6	det1=true
[9131]	42	104	-6	2	-4	-5	det1=true
[9132]	42	104	-11	2	-4	5	det1=true
[9133]	47	104	-18	-15	-2	-6	det1=true
[9134]	47	104	-24	-15	-2	6	det1=true
[9135]	50	104	-20	-18	-5	-4	det1=true
[9136]	50	104	-24	-18	-5	4	det1=true
[9137]	62	104	-24	-15	-6	-4	det1=true
[9138]	62	104	-28	-15	-6	4	det1=true
[9139]	68	104	-22	-5	-5	-6	det1=true
[9140]	68	104	-28	-5	-5	6	det1=true
[9141]	71	104	-30	-26	-7	-2	det1=true
[9142]	71	104	-32	-26	-7	2	det1=true
[9143]	71	104	-21	-18	-6	-5	det1=true
[9144]	71	104	-26	-18	-6	5	det1=true
[9145]	71	104	-20	-6	-7	-4	det1=true
[9146]	71	104	-13	-4	-8	-2	det1=true
[9147]	71	104	-10	-7	-2	-8	det1=true
[9148]	74	104	-10	-2	-3	8	det1=true
[9149]	76	104	-28	-21	-5	-6	det1=true
[9150]	76	104	-34	-21	-5	6	det1=true
[9151]	78	104	-34	-24	-6	5	det1=true
[9152]	79	104	-32	-10	-1	-8	det1=true
[9153]	79	104	-40	-10	-1	8	det1=true
[9154]	79	104	-32	-22	-5	-6	det1=true
[9155]	79	104	-38	-22	-5	6	det1=true
[9156]	81	104	-30	-11	-2	-8	det1=true
[9157]	86	104	-28	-15	-3	-8	det1=true
[9158]	86	104	-36	-15	-3	8	det1=true
[9159]	92	104	-38	-11	-3	-8	det1=true
[9160]	92	104	-46	-11	-3	8	det1=true
[9161]	94	104	-42	-2	-3	-8	det1=true
[9162]	94	104	-50	-2	-3	8	det1=true
[9163]	94	104	-26	-15	-7	6	det1=true
[9164]	95	104	-40	-38	-5	-6	det1=true
[9165]	95	104	-46	-38	-5	6	det1=true
[9166]	95	104	-35	-26	-8	-3	det1=true
[9167]	95	104	-38	-26	-8	3	det1=true
[9168]	95	104	-16	-10	-5	-8	det1=true
[9169]	95	104	-24	-10	-5	8	det1=true
[9170]	97	104	-28	-14	-9	-2	det1=true
[9171]	97	104	-30	-14	-9	2	det1=true
[9172]	104	104	-49	-42	-4	7	det1=true
[9173]	104	104	-21	0	-4	-9	det1=true
[9174]	104	104	-30	0	-4	9	det1=true
[9175]	28	101	-12	-2	-3	-4	det1=true
[9176]	28	101	-16	-2	-3	4	det1=true
[9177]	31	101	-5	-5	-2	-5	det1=true
[9178]	31	101	-10	-5	-2	5	det1=true
[9179]	40	101	-14	-6	-1	6	det1=true
[9180]	44	101	-19	-12	-6	1	det1=true
[9181]	58	101	-14	-9	-4	-6	det1=true
[9182]	58	101	-20	-9	-4	6	det1=true
[9183]	59	101	-22	-7	-2	7	det1=true
[9184]	61	101	-28	-7	-7	-1	det1=true
[9185]	61	101	-29	-7	-7	1	det1=true
[9186]	61	101	-29	-16	-1	7	det1=true
[9187]	65	101	-8	-5	-6	-5	det1=true
[9188]	71	101	-15	0	-1	-8	det1=true
[9189]	71	101	-23	0	-1	8	det1=true
[9190]	71	101	-16	-7	-8	1	det1=true
[9191]	76	101	-33	-2	-6	-5	det1=true
[9192]	76	101	0	-2	-3	-8	det1=true
[9193]	76	101	-8	-2	-3	8	det1=true
[9194]	78	101	-28	-12	-8	-1	det1=true
[9195]	79	101	-16	-1	-8	-3	det1=true
[9196]	81	101	-40	-35	-2	7	det1=true
[9197]	82	101	-38	-12	-5	-6	det1=true
[9198]	82	101	-44	-12	-5	6	det1=true
[9199]	83	101	-31	-1	-3	8	det1=true
[9200]	84	101	-31	-20	-4	-7	det1=true
[9201]	85	101	-25	-2	-5	-7	det1=true
[9202]	85	101	-32	-2	-5	7	det1=true
[9203]	86	101	-12	-5	-4	-8	det1=true
[9204]	86	101	-20	-5	-4	8	det1=true
[9205]	89	101	-38	-33	-3	-7	det1=true
[9206]	89	101	-45	-33	-3	7	det1=true
[9207]	89	101	-34	-5	-8	-3	det1=true
[9208]	89	101	-37	-5	-8	3	det1=true
[9209]	89	101	-33	-14	-7	5	det1=true
[9210]	89	101	-7	0	-9	-2	det1=true
[9211]	89	101	-9	0	-9	2	det1=true
[9212]	92	101	-39	-24	-4	-7	det1=true
[9213]	92	101	-46	-24	-4	7	det1=true
[9214]	92	101	-13	-8	-2	-9	det1=true
[9215]	92	101	-22	-8	-2	9	det1=true
[9216]	95	101	-39	-31	-8	-1	det1=true
[9217]	95	101	-40	-31	-8	1	det1=true
[9218]	95	101	-31	1	-9	-1	det1=true
[9219]	95	101	-32	1	-9	1	det1=true
[9220]	96	101	-44	-30	-7	4	det1=true
[9221]	98	101	-32	-15	-8	-4	det1=true
[9222]	99	101	-33	-1	-1	-9	det1=true
[9223]	99	101	-42	-1	-1	9	det1=true
[9224]	32	102	-12	-5	-5	-2	det1=true
[9225]	32	102	-14	-5	-5	2	det1=true
[9226]	58	102	-18	2	-7	-2	det1=true
[9227]	58	102	-20	2	-7	2	det1=true
[9228]	62	102	-22	-10	-2	-7	det1=true
[9229]	67	102	-4	2	-8	-1	det1=true
[9230]	67	102	-5	2	-8	1	det1=true
[9231]	68	102	-9	-2	-8	-1	det1=true
[9232]	68	102	-10	-2	-8	1	det1=true
[9233]	73	102	-16	-14	-4	-7	det1=true
[9234]	73	102	-23	-14	-4	7	det1=true
[9235]	75	102	-24	-7	-1	-8	det1=true
[9236]	75	102	-32	-7	-1	8	det1=true
[9237]	76	102	-28	-3	-7	-4	det1=true
[9238]	76	102	-32	-3	-7	4	det1=true
[9239]	76	102	-34	-6	-1	8	det1=true
[9240]	77	102	-26	3	-8	-2	det1=true
[9241]	77	102	-28	3	-8	2	det1=true
[9242]	79	102	-28	-14	-4	-7	det1=true
[9243]	79	102	-35	-14	-4	7	det1=true
[9244]	82	102	-34	-10	-1	-8	det1=true
[9245]	82	102	-42	-10	-1	8	det1=true
[9246]	84	102	-34	-18	-7	-4	det1=true
[9247]	84	102	-38	-18	-7	4	det1=true
[9248]	88	102	-32	-29	-1	-8	det1=true
[9249]	88	102	-40	-29	-1	8	det1=true
[9250]	92	102	-45	-14	-8	2	det1=true
[9251]	94	102	-35	-34	-4	-7	det1=true
[9252]	94	102	-42	-34	-4	7	det1=true
[9253]	96	102	-14	-10	-8	-5	det1=true
[9254]	38	103	-2	-3	-1	-6	det1=true
[9255]	59	103	-21	-7	-6	-4	det1=true
[9256]	59	103	-25	-7	-6	4	det1=true
[9257]	59	103	-26	-8	-4	6	det1=true
[9258]	63	103	-26	-19	-1	-7	det1=true
[9259]	63	103	-33	-19	-1	7	det1=true
[9260]	63	103	-25	-21	-7	-1	det1=true
[9261]	63	103	-26	-21	-7	1	det1=true
[9262]	63	103	-22	-24	-1	-7	det1=true
[9263]	63	103	-29	-24	-1	7	det1=true
[9264]	68	103	-32	-17	-6	-4	det1=true
[9265]	68	103	-36	-17	-6	4	det1=true
[9266]	70	103	-28	-10	-6	5	det1=true
[9267]	72	103	-19	-8	-4	-7	det1=true
[9268]	72	103	-26	-8	-4	7	det1=true
[9269]	72	103	-22	-8	-8	1	det1=true
[9270]	72	103	-15	-2	-8	-2	det1=true
[9271]	72	103	-17	-2	-8	2	det1=true
[9272]	73	103	-32	-12	-3	-7	det1=true
[9273]	73	103	-39	-12	-3	7	det1=true
[9274]	73	103	-21	-21	-5	-6	det1=true
[9275]	73	103	-27	-21	-5	6	det1=true
[9276]	74	103	-29	-20	-6	5	det1=true
[9277]	75	103	-23	-1	-8	-2	det1=true
[9278]	75	103	-20	-4	-2	-8	det1=true
[9279]	79	103	-31	-28	-3	-7	det1=true
[9280]	79	103	-38	-28	-3	7	det1=true
[9281]	81	103	-39	-31	-7	-2	det1=true
[9282]	82	103	-27	-18	-2	-8	det1=true
[9283]	82	103	-35	-18	-2	8	det1=true
[9284]	85	103	-28	-5	-7	-5	det1=true
[9285]	85	103	-33	-5	-7	5	det1=true
[9286]	85	103	-32	-8	-7	5	det1=true
[9287]	89	103	-25	-12	-1	9	det1=true
[9288]	94	103	-44	-24	-7	-4	det1=true
[9289]	94	103	-48	-24	-7	4	det1=true
[9290]	95	103	-33	-4	-9	-1	det1=true
[9291]	95	103	-34	-4	-9	1	det1=true
[9292]	95	103	-29	-8	-1	-9	det1=true
[9293]	95	103	-25	-2	-5	8	det1=true
[9294]	97	103	-15	-15	-5	-8	det1=true
[9295]	97	103	-23	-15	-5	8	det1=true
[9296]	101	103	-42	2	-9	-1	det1=true
[9297]	101	103	-43	2	-9	1	det1=true
[9298]	101	103	-38	-2	-1	-9	det1=true
[9299]	101	103	-47	-2	-1	9	det1=true
[9300]	102	103	-16	0	-9	-4	det1=true
[9301]	103	103	-35	-11	-2	-9	det1=true
[9302]	103	103	-19	2	-9	-4	det1=true
[9303]	103	103	-23	2	-9	4	det1=true
[9304]	26	104	-6	-3	-3	-4	det1=true
[9305]	26	104	-10	-3	-3	4	det1=true
[9306]	45	104	-17	0	-4	-5	det1=true
[9307]	45	104	-22	0	-4	5	det1=true
[9308]	58	104	-20	-7	-6	-4	det1=true
[9309]	58	104	-24	-7	-6	4	det1=true
[9310]	62	104	-33	-4	-2	7	det1=true
[9311]	69	104	-24	-5	-5	-6	det1=true
[9312]	71	104	-24	-6	-7	4	det1=true
[9313]	71	104	-15	-4	-8	2	det1=true
[9314]	72	104	-24	2	-7	-4	det1=true
[9315]	75	104	-34	-28	-2	-7	det1=true
[9316]	75	104	-34	-9	-1	8	det1=true
[9317]	76	104	-11	-6	-8	-3	det1=true
[9318]	76	104	-14	-6	-8	3	det1=true
[9319]	78	104	-38	-31	-7	2	det1=true
[9320]	79	104	-32	-19	-7	4	det1=true
[9321]	81	104	-42	-31	-7	2	det1=true
[9322]	81	104	-26	-19	-2	-8	det1=true
[9323]	81	104	-34	-19	-2	8	det1=true
[9324]	94	104	-20	-15	-7	-6	det1=true
[9325]	100	104	-25	-24	-2	-9	det1=true
[9326]	100	104	-34	-24	-2	9	det1=true
[9327]	101	104	-44	-22	-3	-8	det1=true
[9328]	101	104	-28	-10	-5	-8	det1=true
[9329]	103	104	-26	-20	-8	-5	det1=true
[9330]	103	104	-31	-20	-8	5	det1=true
[9331]	18	101	-4	0	-1	-4	det1=true
[9332]	18	101	-8	0	-1	4	det1=true
[9333]	18	101	-4	-2	-4	-1	det1=true
[9334]	18	101	-5	-2	-4	1	det1=true
[9335]	37	101	-10	-4	-5	-3	det1=true
[9336]	37	101	-13	-4	-5	3	det1=true
[9337]	44	101	-9	-2	-4	-5	det1=true
[9338]	61	101	-25	-10	-1	-7	det1=true
[9339]	61	101	-32	-10	-1	7	det1=true
[9340]	61	101	-22	-16	-1	-7	det1=true
[9341]	61	101	-5	-2	-3	-7	det1=true
[9342]	61	101	-12	-2	-3	7	det1=true
[9343]	65	101	-24	-18	-6	-4	det1=true
[9344]	65	101	-28	-18	-6	4	det1=true
[9345]	68	101	-6	0	-8	-1	det1=true
[9346]	68	101	-7	0	-8	1	det1=true
[9347]	69	101	-11	-3	-8	1	det1=true
[9348]	69	101	-7	-5	-4	-7	det1=true
[9349]	69	101	-14	-5	-4	7	det1=true
[9350]	71	101	-15	-5	-7	-4	det1=true
[9351]	71	101	-19	-5	-7	4	det1=true
[9352]	71	101	-15	-7	-8	-1	det1=true
[9353]	72	101	-31	-22	-2	-7	det1=true
[9354]	78	101	-23	-4	-2	-8	det1=true
[9355]	78	101	-31	-4	-2	8	det1=true
[9356]	79	101	-19	-1	-8	3	det1=true
[9357]	81	101	-35	2	-7	-4	det1=true
[9358]	81	101	-39	2	-7	4	det1=true
[9359]	83	101	-23	-1	-3	-8	det1=true
[9360]	83	101	-22	-2	-7	-5	det1=true
[9361]	83	101	-18	-11	-7	-5	det1=true
[9362]	83	101	-23	-11	-7	5	det1=true
[9363]	83	101	-17	-12	-5	-7	det1=true
[9364]	84	101	-34	-18	-8	-1	det1=true
[9365]	84	101	-35	-18	-8	1	det1=true
[9366]	84	101	-38	-20	-4	7	det1=true
[9367]	85	101	-26	-1	-7	-5	det1=true
[9368]	85	101	-31	-1	-7	5	det1=true
[9369]	87	101	-29	-3	-7	-5	det1=true
[9370]	89	101	-39	-3	-2	-8	det1=true
[9371]	89	101	-40	-31	-7	-3	det1=true
[9372]	89	101	-43	-31	-7	3	det1=true
[9373]	89	101	-35	1	-8	-3	det1=true
[9374]	89	101	-38	1	-8	3	det1=true
[9375]	91	101	-13	-5	-9	-2	det1=true
[9376]	91	101	-15	-5	-9	2	det1=true
[9377]	91	101	-11	-6	-7	-6	det1=true
[9378]	91	101	-17	-6	-7	6	det1=true
[9379]	93	101	-36	-26	-8	-2	det1=true
[9380]	93	101	-38	-26	-8	2	det1=true
[9381]	95	101	-43	-33	-4	7	det1=true
[9382]	95	101	-27	-3	-1	-9	det1=true
[9383]	95	101	-36	-3	-1	9	det1=true
[9384]	97	101	-40	-37	-6	-5	det1=true
[9385]	97	101	-45	-37	-6	5	det1=true
[9386]	98	101	-28	-20	-2	9	det1=true
[9387]	98	101	-18	-7	-5	-8	det1=true
[9388]	98	101	-26	-7	-5	8	det1=true
[9389]	100	101	-46	-10	-8	-3	det1=true
[9390]	100	101	-49	-10	-8	3	det1=true
[9391]	101	101	-57	-21	-4	7	det1=true
[9392]	101	101	-40	-5	-2	9	det1=true
[9393]	31	102	-8	-4	-5	-2	det1=true
[9394]	31	102	-10	-4	-5	2	det1=true
[9395]	62	102	-26	-3	-7	-2	det1=true
[9396]	72	102	-14	-14	-1	-8	det1=true
[9397]	72	102	-22	-14	-1	8	det1=true
[9398]	78	102	-25	-12	-8	2	det1=true
[9399]	78	102	-20	-15	-2	-8	det1=true
[9400]	81	102	-32	-3	-8	-2	det1=true
[9401]	82	102	-36	-7	-7	-4	det1=true
[9402]	82	102	-40	-7	-7	4	det1=true
[9403]	91	102	-28	3	-8	-4	det1=true
[9404]	91	102	-32	3	-8	4	det1=true
[9405]	92	102	-44	-39	-7	-2	det1=true
[9406]	92	102	-43	-14	-8	-2	det1=true
[9407]	93	102	-43	-24	-8	-1	det1=true
[9408]	93	102	-22	-19	-8	-4	det1=true
[9409]	93	102	-26	-19	-8	4	det1=true
[9410]	95	102	-14	-4	-5	-8	det1=true
[9411]	95	102	-22	-4	-5	8	det1=true
[9412]	100	102	-26	-4	-8	-5	det1=true
[9413]	100	102	-31	-4	-8	5	det1=true
[9414]	101	102	-40	-38	-4	-7	det1=true
[9415]	101	102	-47	-38	-4	7	det1=true
[9416]	18	103	-7	-2	-4	-1	det1=true
[9417]	18	103	-8	-2	-4	1	det1=true
[9418]	31	103	-7	-7	-2	-5	det1=true
[9419]	31	103	-12	-7	-2	5	det1=true
[9420]	35	103	-4	1	-3	-5	det1=true
[9421]	35	103	-9	1	-3	5	det1=true
[9422]	38	103	-8	-3	-1	6	det1=true
[9423]	46	103	-16	-8	-4	-5	det1=true
[9424]	46	103	-21	-8	-4	5	det1=true
[9425]	47	103	-8	-3	-6	-3	det1=true
[9426]	54	103	-2	3	-7	-2	det1=true
[9427]	54	103	-4	3	-7	2	det1=true
[9428]	55	103	-20	1	-7	-1	det1=true
[9429]	55	103	-21	1	-7	1	det1=true
[9430]	55	103	-17	-2	-1	-7	det1=true
[9431]	55	103	-24	-2	-1	7	det1=true
[9432]	59	103	-20	-8	-4	-6	det1=true
[9433]	60	103	-19	-10	-2	-7	det1=true
[9434]	60	103	-26	-10	-2	7	det1=true
[9435]	67	103	-20	1	-6	-5	det1=true
[9436]	67	103	-25	1	-6	5	det1=true
[9437]	69	103	-13	-5	-7	-4	det1=true
[9438]	69	103	-17	-5	-7	4	det1=true
[9439]	72	103	-22	-2	-7	-4	det1=true
[9440]	72	103	-26	-2	-7	4	det1=true
[9441]	72	103	-22	-6	-8	-1	det1=true
[9442]	72	103	-23	-6	-8	1	det1=true
[9443]	83	103	-36	-23	-6	-5	det1=true
[9444]	83	103	-41	-23	-6	5	det1=true
[9445]	85	103	-27	-6	-5	-7	det1=true
[9446]	85	103	-34	-6	-5	7	det1=true
[9447]	89	103	-16	-12	-1	-9	det1=true
[9448]	90	103	-39	-26	-8	-1	det1=true
[9449]	91	103	-20	-13	-1	-9	det1=true
[9450]	91	103	-29	-13	-1	9	det1=true
[9451]	96	103	-14	-13	-5	-8	det1=true
[9452]	96	103	-22	-13	-5	8	det1=true
[9453]	97	103	-35	-25	-5	-7	det1=true
[9454]	97	103	-42	-25	-5	7	det1=true
[9455]	97	103	-34	-10	-9	-1	det1=true
[9456]	97	103	-35	-10	-9	1	det1=true
[9457]	99	103	-50	-33	-4	7	det1=true
[9458]	100	103	-30	-14	-7	-6	det1=true
[9459]	100	103	-36	-14	-7	6	det1=true
[9460]	101	103	-34	-3	-2	-9	det1=true
[9461]	101	103	-43	-3	-2	9	det1=true
[9462]	102	103	-22	-20	-5	-8	det1=true
[9463]	102	103	-30	-20	-5	8	det1=true
[9464]	30	104	-5	-4	-2	-5	det1=true
[9465]	30	104	-10	-4	-2	5	det1=true
[9466]	33	104	-14	-10	-2	-5	det1=true
[9467]	33	104	-19	-10	-2	5	det1=true
[9468]	43	104	-13	-4	-2	-6	det1=true
[9469]	43	104	-19	-4	-2	6	det1=true
[9470]	45	104	-13	-10	-4	-5	det1=true
[9471]	45	104	-18	-10	-4	5	det1=true
[9472]	46	104	-22	-5	-6	-2	det1=true
[9473]	46	104	-24	-5	-6	2	det1=true
[9474]	69	104	-14	-7	-7	-4	det1=true
[9475]	69	104	-18	-7	-7	4	det1=true
[9476]	71	104	-18	-7	-2	8	det1=true
[9477]	72	104	-41	-22	-2	7	det1=true
[9478]	72	104	-28	2	-7	4	det1=true
[9479]	73	104	-28	-13	-5	-6	det1=true
[9480]	73	104	-34	-13	-5	6	det1=true
[9481]	73	104	-14	-11	-2	-8	det1=true
[9482]	73	104	-22	-11	-2	8	det1=true
[9483]	74	104	-29	0	-8	-1	det1=true
[9484]	74	104	-30	0	-8	1	det1=true
[9485]	74	104	-30	-14	-1	8	det1=true
[9486]	74	104	-2	-2	-3	-8	det1=true
[9487]	75	104	-26	-9	-1	-8	det1=true
[9488]	78	104	-29	-24	-6	-5	det1=true
[9489]	89	104	-50	-3	-2	8	det1=true
[9490]	91	104	-38	-12	-8	-3	det1=true
[9491]	91	104	-41	-12	-8	3	det1=true
[9492]	92	104	-48	-39	-7	2	det1=true
[9493]	94	104	-26	2	-6	-7	det1=true
[9494]	94	104	-33	2	-6	7	det1=true
[9495]	99	104	-40	-38	-7	-4	det1=true
[9496]	100	104	-47	-16	-8	-3	det1=true
[9497]	100	104	-50	-16	-8	3	det1=true
[9498]	101	104	-43	-34	-8	-2	det1=true
[9499]	101	104	-45	-34	-8	2	det1=true
[9500]	101	104	-36	-10	-5	8	det1=true
[9501]	102	104	-38	-9	-9	-2	det1=true
[9502]	102	104	-40	-9	-9	2	det1=true
[9503]	103	104	-38	0	-2	-9	det1=true
[9504]	103	104	-47	0	-2	9	det1=true
[9505]	27	101	1	0	-1	-5	det1=true
[9506]	27	101	-4	0	-1	5	det1=true
[9507]	40	101	-8	-6	-1	-6	det1=true
[9508]	44	101	-18	-12	-6	-1	det1=true
[9509]	53	101	-5	-6	-1	-7	det1=true
[9510]	53	101	-12	-6	-1	7	det1=true
[9511]	71	101	-17	-17	-5	-6	det1=true
[9512]	71	101	-23	-17	-5	6	det1=true
[9513]	71	101	-13	-8	-1	-8	det1=true
[9514]	71	101	-21	-8	-1	8	det1=true
[9515]	71	101	-12	-9	-4	-7	det1=true
[9516]	73	101	-36	-14	-3	7	det1=true
[9517]	77	101	-29	1	-7	-4	det1=true
[9518]	77	101	-33	1	-7	4	det1=true
[9519]	78	101	-19	-14	-2	-8	det1=true
[9520]	78	101	-27	-14	-2	8	det1=true
[9521]	81	101	-41	-1	-1	8	det1=true
[9522]	81	101	-33	-35	-2	-7	det1=true
[9523]	82	101	-37	-32	-2	-7	det1=true
[9524]	82	101	-44	-32	-2	7	det1=true
[9525]	82	101	-28	-28	-5	-6	det1=true
[9526]	82	101	-34	-28	-5	6	det1=true
[9527]	83	101	-24	-12	-5	7	det1=true
[9528]	84	101	-24	-23	-2	-8	det1=true
[9529]	84	101	-32	-23	-2	8	det1=true
[9530]	87	101	-28	-4	-5	-7	det1=true
[9531]	87	101	-35	-4	-5	7	det1=true
[9532]	89	101	-27	-15	-5	-7	det1=true
[9533]	89	101	-34	-15	-5	7	det1=true
[9534]	95	101	-36	-33	-4	-7	det1=true
[9535]	98	101	-28	2	-6	-7	det1=true
[9536]	98	101	-35	2	-6	7	det1=true
[9537]	49	102	-20	-12	-4	-5	det1=true
[9538]	49	102	-25	-12	-4	5	det1=true
[9539]	68	102	-10	0	-8	-1	det1=true
[9540]	68	102	-11	0	-8	1	det1=true
[9541]	70	102	-14	-2	-1	-8	det1=true
[9542]	70	102	-22	-2	-1	8	det1=true
[9543]	74	102	-23	-4	-4	-7	det1=true
[9544]	74	102	-30	-4	-4	7	det1=true
[9545]	74	102	-17	-6	-8	-2	det1=true
[9546]	74	102	-19	-6	-8	2	det1=true
[9547]	76	102	-26	-6	-1	-8	det1=true
[9548]	78	102	-18	-2	-8	3	det1=true
[9549]	81	102	-28	-20	-7	-4	det1=true
[9550]	81	102	-32	-20	-7	4	det1=true
[9551]	85	102	-35	-4	-2	-8	det1=true
[9552]	85	102	-43	-4	-2	8	det1=true
[9553]	95	102	-24	-4	-7	-6	det1=true
[9554]	95	102	-30	-4	-7	6	det1=true
[9555]	98	102	-46	-28	-8	-1	det1=true
[9556]	98	102	-47	-28	-8	1	det1=true
[9557]	39	103	-14	-12	-3	-5	det1=true
[9558]	39	103	-19	-12	-3	5	det1=true
[9559]	41	103	-18	1	-6	-1	det1=true
[9560]	41	103	-19	1	-6	1	det1=true
[9561]	46	103	-18	-20	-1	-6	det1=true
[9562]	46	103	-24	-20	-1	6	det1=true
[9563]	56	103	-14	-5	-6	-4	det1=true
[9564]	56	103	-18	-5	-6	4	det1=true
[9565]	71	103	-27	-16	-3	-7	det1=true
[9566]	71	103	-34	-16	-3	7	det1=true
[9567]	72	103	-21	-8	-8	-1	det1=true
[9568]	72	103	-18	-10	-4	-7	det1=true
[9569]	72	103	-25	-10	-4	7	det1=true
[9570]	72	103	-12	-5	-2	-8	det1=true
[9571]	73	103	-34	-10	-7	-3	det1=true
[9572]	73	103	-37	-10	-7	3	det1=true
[9573]	74	103	-24	-20	-6	-5	det1=true
[9574]	75	103	-32	-9	-6	-5	det1=true
[9575]	75	103	-37	-9	-6	5	det1=true
[9576]	75	103	-25	-1	-8	2	det1=true
[9577]	79	103	-16	-3	-7	-5	det1=true
[9578]	79	103	-21	-3	-7	5	det1=true
[9579]	87	103	-31	-29	-4	-7	det1=true
[9580]	87	103	-38	-29	-4	7	det1=true
[9581]	88	103	-44	-29	-5	6	det1=true
[9582]	89	103	-21	-8	-9	1	det1=true
[9583]	91	103	-41	-25	-8	-1	det1=true
[9584]	91	103	-42	-25	-8	1	det1=true
[9585]	91	103	-13	-11	-6	-7	det1=true
[9586]	93	103	-45	-1	-7	5	det1=true
[9587]	94	103	-16	0	-8	-5	det1=true
[9588]	94	103	-21	0	-8	5	det1=true
[9589]	99	103	-23	-2	-3	-9	det1=true
[9590]	101	103	-37	-15	-7	6	det1=true
[9591]	43	104	-17	-14	-6	-1	det1=true
[9592]	43	104	-18	-14	-6	1	det1=true
[9593]	67	104	-21	-2	-6	-5	det1=true
[9594]	67	104	-26	-2	-6	5	det1=true
[9595]	69	104	-30	-5	-5	6	det1=true
[9596]	71	104	-29	2	-6	-5	det1=true
[9597]	71	104	-34	2	-6	5	det1=true
[9598]	71	104	-26	-9	-1	8	det1=true
[9599]	76	104	-12	1	-3	-8	det1=true
[9600]	77	104	-30	-6	-1	-8	det1=true
[9601]	77	104	-38	-6	-1	8	det1=true
[9602]	79	104	-34	2	-4	-7	det1=true
[9603]	79	104	-41	2	-4	7	det1=true
[9604]	86	104	-2	0	-6	-7	det1=true
[9605]	86	104	-9	0	-6	7	det1=true
[9606]	89	104	-38	-32	-6	-5	det1=true
[9607]	89	104	-43	-32	-6	5	det1=true
[9608]	99	104	-44	-38	-7	4	det1=true
[9609]	101	104	-14	2	-4	-9	det1=true
[9610]	101	104	-23	2	-4	9	det1=true
[9611]	56	101	-10	-5	-6	-4	det1=true
[9612]	56	101	-14	-5	-6	4	det1=true
[9613]	59	101	-19	1	-7	-2	det1=true
[9614]	59	101	-21	1	-7	2	det1=true
[9615]	59	101	-11	-13	-2	-7	det1=true
[9616]	64	101	-26	-10	-7	-2	det1=true
[9617]	65	101	-16	-10	-7	-3	det1=true
[9618]	65	101	-19	-10	-7	3	det1=true
[9619]	67	101	-21	-8	-3	-7	det1=true
[9620]	67	101	-28	-8	-3	7	det1=true
[9621]	73	101	-31	-12	-7	-3	det1=true
[9622]	73	101	-34	-12	-7	3	det1=true
[9623]	75	101	-28	-21	-3	-7	det1=true
[9624]	75	101	-35	-21	-3	7	det1=true
[9625]	79	101	-34	-13	-6	-5	det1=true
[9626]	79	101	-39	-13	-6	5	det1=true
[9627]	84	101	-35	-4	-8	-2	det1=true
[9628]	84	101	-37	-4	-8	2	det1=true
[9629]	84	101	-30	-22	-7	-4	det1=true
[9630]	84	101	-34	-22	-7	4	det1=true
[9631]	87	101	-34	-3	-7	5	det1=true
[9632]	72	102	-32	-23	-7	-2	det1=true
[9633]	72	102	-34	-23	-7	2	det1=true
[9634]	73	102	-28	-4	-4	7	det1=true
[9635]	79	102	-37	-30	-6	-4	det1=true
[9636]	79	102	-41	-30	-6	4	det1=true
[9637]	81	102	-34	-3	-8	2	det1=true
[9638]	93	102	-44	-24	-8	1	det1=true
[9639]	98	102	-30	2	-7	-6	det1=true
[9640]	98	102	-36	2	-7	6	det1=true
[9641]	35	103	-4	-1	-5	-3	det1=true
[9642]	49	103	-19	-15	-4	-5	det1=true
[9643]	49	103	-24	-15	-4	5	det1=true
[9644]	60	103	-24	2	-7	-2	det1=true
[9645]	60	103	-26	2	-7	2	det1=true
[9646]	64	103	-26	-12	-2	-7	det1=true
[9647]	64	103	-33	-12	-2	7	det1=true
[9648]	66	103	-12	-11	-5	-6	det1=true
[9649]	66	103	-18	-11	-5	6	det1=true
[9650]	69	103	-19	-8	-1	8	det1=true
[9651]	73	103	-20	-13	-8	-1	det1=true
[9652]	73	103	-21	-13	-8	1	det1=true
[9653]	77	103	-25	-25	-5	-6	det1=true
[9654]	77	103	-31	-25	-5	6	det1=true
[9655]	81	103	-16	-12	-5	-7	det1=true
[9656]	81	103	-23	-12	-5	7	det1=true
[9657]	89	103	-35	-34	-5	-6	det1=true
[9658]	89	103	-41	-34	-5	6	det1=true
[9659]	93	103	-40	-1	-7	-5	det1=true
[9660]	93	103	-35	-17	-7	-5	det1=true
[9661]	93	103	-40	-17	-7	5	det1=true
[9662]	97	103	-41	-33	-7	-4	det1=true
[9663]	97	103	-45	-33	-7	4	det1=true
[9664]	97	103	-21	-4	-5	-8	det1=true
[9665]	97	103	-29	-4	-5	8	det1=true
[9666]	99	103	-32	-2	-3	9	det1=true
[9667]	69	104	-12	-10	-1	-8	det1=true
[9668]	69	104	-20	-10	-1	8	det1=true
[9669]	75	104	-20	-9	-2	-8	det1=true
[9670]	75	104	-28	-9	-2	8	det1=true
[9671]	75	104	-19	-20	-4	-7	det1=true
[9672]	75	104	-26	-20	-4	7	det1=true
[9673]	79	104	-28	-19	-7	-4	det1=true
[9674]	86	104	-1	-2	-2	-9	det1=true
[9675]	86	104	-10	-2	-2	9	det1=true
[9676]	87	104	-39	-14	-8	-2	det1=true
[9677]	87	104	-41	-14	-8	2	det1=true
[9678]	87	104	-31	-26	-8	-2	det1=true
[9679]	87	104	-33	-26	-8	2	det1=true
[9680]	94	104	-26	-2	-7	-6	det1=true
[9681]	94	104	-22	-14	-9	-2	det1=true
[9682]	94	104	-24	-14	-9	2	det1=true
[9683]	98	104	-44	-14	-3	-8	det1=true
[9684]	98	104	-52	-14	-3	8	det1=true
[9685]	99	104	-38	-41	-1	-8	det1=true
[9686]	100	104	-12	-2	-9	-4	det1=true
[9687]	100	104	-16	-2	-9	4	det1=true
[9688]	45	101	-13	-1	-4	-5	det1=true
[9689]	45	101	-18	-1	-4	5	det1=true
[9690]	59	101	-15	-7	-2	-7	det1=true
[9691]	61	101	-7	0	-7	-3	det1=true
[9692]	61	101	-10	0	-7	3	det1=true
[9693]	65	101	-14	-12	-3	-7	det1=true
[9694]	65	101	-21	-12	-3	7	det1=true
[9695]	83	101	-27	-2	-7	5	det1=true
[9696]	90	101	-18	-13	-4	-8	det1=true
[9697]	94	101	-16	-12	-2	-9	det1=true
[9698]	94	101	-25	-12	-2	9	det1=true
[9699]	96	101	-40	-30	-7	-4	det1=true
[9700]	30	102	-1	-2	-2	-5	det1=true
[9701]	30	102	-6	-2	-2	5	det1=true
[9702]	45	102	-18	-16	-1	-6	det1=true
[9703]	45	102	-24	-16	-1	6	det1=true
[9704]	46	102	-17	-2	-4	-5	det1=true
[9705]	46	102	-22	-2	-4	5	det1=true
[9706]	51	102	-20	-18	-4	-5	det1=true
[9707]	51	102	-25	-18	-4	5	det1=true
[9708]	59	102	-12	-14	-2	-7	det1=true
[9709]	59	102	-19	-14	-2	7	det1=true
[9710]	73	102	-19	-12	-8	-1	det1=true
[9711]	73	102	-20	-12	-8	1	det1=true
[9712]	77	102	-34	-1	-7	4	det1=true
[9713]	78	102	-15	-2	-8	-3	det1=true
[9714]	83	102	-36	-7	-1	-8	det1=true
[9715]	83	102	-44	-7	-1	8	det1=true
[9716]	85	102	-32	-30	-6	-5	det1=true
[9717]	85	102	-37	-30	-6	5	det1=true
[9718]	35	103	-7	-1	-5	3	det1=true
[9719]	58	103	-16	-8	-7	-2	det1=true
[9720]	58	103	-18	-8	-7	2	det1=true
[9721]	69	103	-11	-8	-1	-8	det1=true
[9722]	85	103	-27	-8	-7	-5	det1=true
[9723]	87	103	-5	0	-9	-2	det1=true
[9724]	87	103	-7	0	-9	2	det1=true
[9725]	88	103	-38	-29	-5	-6	det1=true
[9726]	89	103	-20	-8	-9	-1	det1=true
[9727]	93	103	-41	-33	-6	-5	det1=true
[9728]	93	103	-46	-33	-6	5	det1=true
[9729]	103	103	-37	-5	-6	-7	det1=true
[9730]	103	103	-44	-5	-6	7	det1=true
[9731]	64	104	-13	-2	-6	-5	det1=true
[9732]	64	104	-18	-2	-6	5	det1=true
[9733]	74	104	-22	-14	-1	-8	det1=true
[9734]	76	104	-20	1	-3	8	det1=true
[9735]	94	104	-32	-2	-7	6	det1=true
[9736]	95	104	-18	-6	-5	-8	det1=true
[9737]	52	101	-26	-17	-5	4	det1=true
[9738]	57	101	-18	-7	-1	-7	det1=true
[9739]	62	101	-17	-16	-2	-7	det1=true
[9740]	62	101	-24	-16	-2	7	det1=true
[9741]	78	101	-22	-11	-8	-2	det1=true
[9742]	78	101	-24	-11	-8	2	det1=true
[9743]	81	101	-30	-17	-8	-1	det1=true
[9744]	93	101	-32	-17	-5	-7	det1=true
[9745]	93	101	-39	-17	-5	7	det1=true
[9746]	101	101	-45	-27	-8	-2	det1=true
[9747]	101	101	-47	-27	-8	2	det1=true
[9748]	73	102	-21	-4	-4	-7	det1=true
[9749]	76	102	-30	-14	-5	-6	det1=true
[9750]	76	102	-36	-14	-5	6	det1=true
[9751]	78	102	-28	-15	-2	8	det1=true
[9752]	90	102	-30	-29	-2	-8	det1=true
[9753]	91	103	-34	-28	-8	-2	det1=true
[9754]	91	103	-36	-28	-8	2	det1=true
[9755]	75	104	-23	-6	-8	-2	det1=true
[9756]	75	104	-25	-6	-8	2	det1=true
[9757]	101	104	-26	-24	-6	-7	det1=true
[9758]	101	104	-33	-24	-6	7	det1=true
[9759]	101	104	-25	-26	-2	-9	det1=true
[9760]	101	104	-34	-26	-2	9	det1=true
[9761]	26	101	0	0	-3	-4	det1=true
[9762]	26	101	-4	0	-3	4	det1=true
[9763]	48	101	-23	-6	-6	-2	det1=true
[9764]	48	101	-25	-6	-6	2	det1=true
[9765]	63	101	-31	-8	-7	-1	det1=true
[9766]	63	101	-32	-8	-7	1	det1=true
[9767]	91	101	-13	-2	-7	-6	det1=true
[9768]	91	101	-19	-2	-7	6	det1=true
[9769]	94	101	-17	-10	-6	-7	det1=true
[9770]	67	102	-18	1	-5	-6	det1=true
[9771]	67	102	-24	1	-5	6	det1=true
[9772]	79	102	-31	-12	-8	-1	det1=true
[9773]	79	102	-32	-12	-8	1	det1=true
[9774]	84	102	-37	4	-8	-2	det1=true
[9775]	84	102	-39	4	-8	2	det1=true
[9776]	90	102	-38	-29	-2	8	det1=true
[9777]	93	102	-20	-21	-4	-8	det1=true
[9778]	93	102	-28	-21	-4	8	det1=true
[9779]	27	103	-5	0	-1	-5	det1=true
[9780]	27	103	-10	0	-1	5	det1=true
[9781]	100	103	-46	-25	-2	-8	det1=true
[9782]	100	103	-54	-25	-2	8	det1=true
[9783]	68	104	-22	-6	-6	-5	det1=true
[9784]	68	104	-27	-6	-6	5	det1=true
[9785]	69	104	-14	-6	-1	-8	det1=true
[9786]	69	104	-22	-6	-1	8	det1=true
[9787]	95	104	-26	-6	-5	8	det1=true
[9788]	52	101	-22	-17	-5	-4	det1=true
[9789]	79	101	-13	-7	-8	-3	det1=true
[9790]	79	101	-16	-7	-8	3	det1=true
[9791]	94	101	-24	-10	-6	7	det1=true
[9792]	67	102	-28	-16	-2	-7	det1=true
[9793]	67	102	-35	-16	-2	7	det1=true
[9794]	87	102	-40	-37	-7	-2	det1=true
[9795]	87	102	-42	-37	-7	2	det1=true
[9796]	95	102	-12	-8	-5	-8	det1=true
[9797]	97	102	-40	-34	-8	-1	det1=true
[9798]	97	102	-41	-34	-8	1	det1=true
[9799]	79	103	-33	-26	-7	-3	det1=true
[9800]	79	103	-36	-26	-7	3	det1=true
[9801]	87	103	-42	-28	-7	-3	det1=true
[9802]	87	103	-45	-28	-7	3	det1=true
[9803]	81	104	-29	-16	-8	-2	det1=true
[9804]	81	102	-40	-12	-1	8	det1=true
[9805]	103	103	-45	-21	-7	-5	det1=true
[9806]	103	103	-50	-21	-7	5	det1=true
[9807]	89	104	-10	-10	-6	-7	det1=true
[9808]	89	104	-17	-10	-6	7	det1=true
[9809]	74	101	-24	-4	-8	-1	det1=true
[9810]	74	101	-25	-4	-8	1	det1=true
[9811]	68	102	-7	-2	-4	-7	det1=true
[9812]	68	102	-14	-2	-4	7	det1=true
[9813]	81	102	-32	-12	-1	-8	det1=true
[9814]	92	103	-20	-3	-7	-6	det1=true
[9815]	92	103	-26	-3	-7	6	det1=true
[9816]	62	104	-5	2	-6	-5	det1=true
[9817]	62	104	-10	2	-6	5	det1=true
[9818]	68	103	-31	-18	-4	-6	det1=true
[9819]	68	103	-37	-18	-4	6	det1=true
[9820]	94	103	-45	-42	-6	-4	det1=true
[9821]	94	103	-49	-42	-6	4	det1=true
[9822]	91	104	-20	-2	-7	-6	det1=true
[9823]	91	104	-26	-2	-7	6	det1=true
[9824]	101	104	-38	-32	-8	-3	det1=true
[9825]	101	104	-41	-32	-8	3	det1=true
[9826]	75	101	-27	1	-8	-1	det1=true
[9827]	75	101	-28	1	-8	1	det1=true
[9828]	88	101	-26	-18	-8	-3	det1=true
[9829]	88	101	-29	-18	-8	3	det1=true
[9830]	89	101	-27	-19	-8	-3	det1=true
[9831]	89	101	-30	-19	-8	3	det1=true
[9832]	91	101	-25	-5	-8	-4	det1=true
[9833]	91	101	-29	-5	-8	4	det1=true
[9834]	98	102	-22	-18	-6	-7	det1=true
[9835]	98	102	-29	-18	-6	7	det1=true
[9836]	51	103	0	-1	-1	-7	det1=true
[9837]	51	103	-7	-1	-1	7	det1=true
[9838]	83	102	-37	-2	-4	-7	det1=true
[9839]	83	102	-44	-2	-4	7	det1=true
[9840]	35	103	-5	2	-5	-3	det1=true
[9841]	35	103	-8	2	-5	3	det1=true
[9842]	72	101	-18	2	-4	-7	det1=true
[9843]	72	101	-25	2	-4	7	det1=true
[9844]	84	101	-32	-7	-2	-8	det1=true
[9845]	84	101	-40	-7	-2	8	det1=true
[9846]	92	101	-14	-6	-6	-7	det1=true
[9847]	92	101	-21	-6	-6	7	det1=true
[9848]	102	102	-46	-48	-2	-7	det1=true
[9849]	102	102	-53	-48	-2	7	det1=true
[9850]	101	104	-47	-48	-2	-7	det1=true
[9851]	101	104	-54	-48	-2	7	det1=true
[9852]	63	101	-28	-11	-1	-7	det1=true
[9853]	63	101	-35	-11	-1	7	det1=true
[9854]	72	101	-8	-1	-2	-8	det1=true
[9855]	73	102	-24	-2	-8	-1	det1=true
[9856]	73	102	-25	-2	-8	1	det1=true
[9857]	87	102	-33	-2	-8	-3	det1=true
[9858]	87	102	-36	-2	-8	3	det1=true
[9859]	91	103	-39	-19	-2	-8	det1=true
[9860]	75	101	-37	-27	-7	-1	det1=true
[9861]	75	101	-38	-27	-7	1	det1=true
[9862]	78	101	-26	-1	-8	-2	det1=true
[9863]	78	101	-28	-1	-8	2	det1=true
[9864]	35	103	-3	-2	-3	-5	det1=true
[9865]	35	103	-8	-2	-3	5	det1=true
[9866]	70	102	0	1	-2	-8	det1=true
[9867]	101	101	-48	-22	-8	-2	det1=true
[9868]	101	101	-50	-22	-8	2	det1=true
[9869]	101	101	-42	-30	-2	-8	det1=true
[9870]	101	101	-50	-30	-2	8	det1=true
[9871]	84	102	-34	1	-2	-8	det1=true
[9872]	88	103	-43	2	-8	-2	det1=true
[9873]	98	101	-20	-18	-6	-7	det1=true
[9874]	98	101	-27	-18	-6	7	det1=true
[9875]	77	102	-20	-13	-8	-2	det1=true
[9876]	77	102	-22	-13	-8	2	det1=true
[9877]	102	104	0	-1	-1	-10	det1=true
[9878]	102	104	-10	-1	-1	10	det1=true
[9879]	57	101	-21	-4	-7	-1	det1=true
[9880]	90	102	-33	-26	-8	-2	det1=true
[9881]	90	102	-35	-26	-8	2	det1=true
[9882]	61	105	-15	-4	-7	-3	det1=true
[9883]	61	105	-18	-4	-7	3	det1=true
[9884]	94	105	-35	-34	-2	-8	det1=true
[9885]	94	105	-43	-34	-2	8	det1=true
[9886]	94	105	-31	-16	-8	-4	det1=true
[9887]	94	105	-35	-16	-8	4	det1=true
[9888]	98	107	-45	-30	-2	-8	det1=true
[9889]	98	107	-53	-30	-2	8	det1=true
[9890]	101	107	-16	-13	-4	-9	det1=true
[9891]	29	105	-12	-10	-1	-5	det1=true
[9892]	29	105	-17	-10	-1	5	det1=true
[9893]	72	105	-19	-2	-8	-2	det1=true
[9894]	72	105	-21	-2	-8	2	det1=true
[9895]	89	105	-28	-4	-8	-4	det1=true
[9896]	89	105	-32	-4	-8	4	det1=true
[9897]	95	105	-16	-11	-9	-3	det1=true
[9898]	95	105	-19	-11	-9	3	det1=true
[9899]	95	105	-13	-14	-3	-9	det1=true
[9900]	95	105	-22	-14	-3	9	det1=true
[9901]	30	106	-10	-2	-5	-2	det1=true
[9902]	30	106	-12	-2	-5	2	det1=true
[9903]	72	107	-14	-15	-2	-8	det1=true
[9904]	72	107	-22	-15	-2	8	det1=true
[9905]	82	107	-38	-24	-5	-6	det1=true
[9906]	82	107	-44	-24	-5	6	det1=true
[9907]	82	107	-28	-12	-8	-3	det1=true
[9908]	82	107	-31	-12	-8	3	det1=true
[9909]	83	107	-16	-8	-4	-8	det1=true
[9910]	83	107	-24	-8	-4	8	det1=true
[9911]	87	107	-26	-8	-8	-4	det1=true
[9912]	87	107	-30	-8	-8	4	det1=true
[9913]	99	107	-34	-24	-9	-1	det1=true
[9914]	99	107	-35	-24	-9	1	det1=true
[9915]	107	107	-45	-12	-7	-6	det1=true
[9916]	107	107	-51	-12	-7	6	det1=true
[9917]	44	108	-18	-5	-5	-4	det1=true
[9918]	44	108	-22	-5	-5	4	det1=true
[9919]	78	108	-29	-16	-8	-2	det1=true
[9920]	78	108	-31	-16	-8	2	det1=true
[9921]	103	108	-14	-13	-1	-10	det1=true
[9922]	103	108	-24	-13	-1	10	det1=true
[9923]	70	105	-19	0	-2	8	det1=true
[9924]	80	105	-34	-16	-8	-1	det1=true
[9925]	80	105	-31	-18	-4	-7	det1=true
[9926]	81	105	-34	-15	-4	-7	det1=true
[9927]	81	105	-41	-15	-4	7	det1=true
[9928]	84	105	-35	-16	-8	-2	det1=true
[9929]	99	105	-43	-36	-7	-4	det1=true
[9930]	99	105	-47	-36	-7	4	det1=true
[9931]	99	105	-27	-8	-5	-8	det1=true
[9932]	99	105	-35	-8	-5	8	det1=true
[9933]	100	105	-22	-20	-8	-5	det1=true
[9934]	100	105	-27	-20	-8	5	det1=true
[9935]	101	105	-31	-21	-5	8	det1=true
[9936]	104	105	-46	-35	-2	-8	det1=true
[9937]	104	105	-54	-35	-2	8	det1=true
[9938]	105	105	-37	-2	-5	-8	det1=true
[9939]	65	106	-14	-12	-5	-6	det1=true
[9940]	65	106	-20	-12	-5	6	det1=true
[9941]	69	106	-20	-1	-7	-4	det1=true
[9942]	81	106	-28	-26	-4	-7	det1=true
[9943]	81	106	-35	-26	-4	7	det1=true
[9944]	90	106	-30	-26	-8	-3	det1=true
[9945]	90	106	-33	-26	-8	3	det1=true
[9946]	97	106	-38	-28	-3	-8	det1=true
[9947]	97	106	-46	-28	-3	8	det1=true
[9948]	104	106	-18	-5	-6	-8	det1=true
[9949]	104	106	-26	-5	-6	8	det1=true
[9950]	105	106	-38	-4	-5	-8	det1=true
[9951]	105	106	-46	-4	-5	8	det1=true
[9952]	105	106	-30	-23	-5	-8	det1=true
[9953]	105	106	-38	-23	-5	8	det1=true
[9954]	61	107	-14	-11	-7	-3	det1=true
[9955]	61	107	-17	-11	-7	3	det1=true
[9956]	62	107	-29	-12	-6	-4	det1=true
[9957]	62	107	-33	-12	-6	4	det1=true
[9958]	65	107	-15	-13	-5	-6	det1=true
[9959]	65	107	-21	-13	-5	6	det1=true
[9960]	69	107	-29	3	-6	-5	det1=true
[9961]	69	107	-34	3	-6	5	det1=true
[9962]	69	107	-17	-11	-1	-8	det1=true
[9963]	69	107	-25	-11	-1	8	det1=true
[9964]	70	107	-28	-10	-6	-5	det1=true
[9965]	70	107	-33	-10	-6	5	det1=true
[9966]	77	107	-36	-24	-7	-3	det1=true
[9967]	77	107	-39	-24	-7	3	det1=true
[9968]	87	107	-41	-22	-7	-4	det1=true
[9969]	87	107	-45	-22	-7	4	det1=true
[9970]	89	107	-19	-19	-1	-9	det1=true
[9971]	90	107	-10	-8	-5	-8	det1=true
[9972]	92	107	-24	-11	-7	-6	det1=true
[9973]	92	107	-30	-11	-7	6	det1=true
[9974]	97	107	-38	-13	-9	-1	det1=true
[9975]	97	107	-39	-13	-9	1	det1=true
[9976]	98	107	1	2	-6	-8	det1=true
[9977]	98	107	-7	2	-6	8	det1=true
[9978]	99	107	-30	-28	-1	-9	det1=true
[9979]	99	107	-39	-28	-1	9	det1=true
[9980]	100	107	-46	-22	-3	-8	det1=true
[9981]	100	107	-54	-22	-3	8	det1=true
[9982]	105	107	-38	1	-3	-9	det1=true
[9983]	105	107	-47	1	-3	9	det1=true
[9984]	61	108	-26	-14	-7	-2	det1=true
[9985]	61	108	-28	-14	-7	2	det1=true
[9986]	68	108	-14	-14	-1	-8	det1=true
[9987]	68	108	-22	-14	-1	8	det1=true
[9988]	70	108	-19	-2	-8	-2	det1=true
[9989]	89	108	-14	0	-8	-5	det1=true
[9990]	89	108	-19	0	-8	5	det1=true
[9991]	100	108	-39	-8	-8	5	det1=true
[9992]	107	108	-24	-1	-10	-2	det1=true
[9993]	107	108	-26	-1	-10	2	det1=true
[9994]	70	105	-20	-4	-7	-4	det1=true
[9995]	70	105	-24	-4	-7	4	det1=true
[9996]	75	105	-32	1	-8	-1	det1=true
[9997]	75	105	-33	1	-8	1	det1=true
[9998]	79	105	-36	-25	-7	-3	det1=true
[9999]	79	105	-39	-25	-7	3	det1=true
[10000]	84	105	-32	-19	-2	-8	det1=true
[10001]	84	105	-40	-19	-2	8	det1=true
[10002]	85	105	-31	-23	-2	-8	det1=true
[10003]	85	105	-39	-23	-2	8	det1=true
[10004]	90	105	-8	0	-8	-5	det1=true
[10005]	90	105	-13	0	-8	5	det1=true
[10006]	92	105	-14	-4	-8	-5	det1=true
[10007]	92	105	-19	-4	-8	5	det1=true
[10008]	99	105	-23	-16	-5	-8	det1=true
[10009]	99	105	-31	-16	-5	8	det1=true
[10010]	100	105	-46	-34	-1	-8	det1=true
[10011]	100	105	-54	-34	-1	8	det1=true
[10012]	101	105	-52	-39	-6	5	det1=true
[10013]	104	105	-22	-9	-9	-4	det1=true
[10014]	105	105	-42	-16	-1	-9	det1=true
[10015]	105	105	-51	-16	-1	9	det1=true
[10016]	40	106	-16	-1	-1	-6	det1=true
[10017]	40	106	-22	-1	-1	6	det1=true
[10018]	46	106	-16	-17	-2	-6	det1=true
[10019]	46	106	-22	-17	-2	6	det1=true
[10020]	50	106	-24	-19	-6	-2	det1=true
[10021]	50	106	-26	-19	-6	2	det1=true
[10022]	55	106	-9	-10	-2	-7	det1=true
[10023]	55	106	-16	-10	-2	7	det1=true
[10024]	56	106	-19	0	-4	-6	det1=true
[10025]	56	106	-25	0	-4	6	det1=true
[10026]	61	106	-20	-18	-2	-7	det1=true
[10027]	61	106	-27	-18	-2	7	det1=true
[10028]	64	106	-26	-18	-2	-7	det1=true
[10029]	64	106	-33	-18	-2	7	det1=true
[10030]	80	106	-22	-11	-3	-8	det1=true
[10031]	80	106	-30	-11	-3	8	det1=true
[10032]	81	106	-31	-24	-8	-1	det1=true
[10033]	81	106	-32	-24	-8	1	det1=true
[10034]	84	106	-34	-25	-1	-8	det1=true
[10035]	84	106	-42	-25	-1	8	det1=true
[10036]	84	106	-32	-21	-2	-8	det1=true
[10037]	84	106	-40	-21	-2	8	det1=true
[10038]	87	106	-38	-25	-7	-4	det1=true
[10039]	87	106	-42	-25	-7	4	det1=true
[10040]	89	106	-40	-4	-8	-3	det1=true
[10041]	89	106	-20	3	-7	-6	det1=true
[10042]	89	106	-26	3	-7	6	det1=true
[10043]	91	106	-32	-25	-3	-8	det1=true
[10044]	91	106	-40	-25	-3	8	det1=true
[10045]	91	106	-15	0	-8	-5	det1=true
[10046]	93	106	-40	-32	-4	-7	det1=true
[10047]	93	106	-22	-12	-5	8	det1=true
[10048]	98	106	-34	0	-2	-9	det1=true
[10049]	98	106	-43	0	-2	9	det1=true
[10050]	99	106	-42	-35	-8	-2	det1=true
[10051]	99	106	-44	-35	-8	2	det1=true
[10052]	103	106	-39	-10	-2	-9	det1=true
[10053]	103	106	-48	-10	-2	9	det1=true
[10054]	59	107	-31	-7	-4	6	det1=true
[10055]	64	107	-4	2	-7	-4	det1=true
[10056]	64	107	-2	-1	-1	-8	det1=true
[10057]	64	107	-10	-1	-1	8	det1=true
[10058]	65	107	-18	-9	-6	-5	det1=true
[10059]	65	107	-23	-9	-6	5	det1=true
[10060]	67	107	-2	-2	-2	-8	det1=true
[10061]	67	107	-10	-2	-2	8	det1=true
[10062]	72	107	-26	-7	-7	-4	det1=true
[10063]	73	107	-28	-1	-4	-7	det1=true
[10064]	75	107	-27	-11	-8	2	det1=true
[10065]	85	107	-21	-2	-9	-1	det1=true
[10066]	85	107	-22	-2	-9	1	det1=true
[10067]	88	107	-25	-4	-6	7	det1=true
[10068]	95	107	-42	-21	-8	-3	det1=true
[10069]	96	107	-22	-14	-5	-8	det1=true
[10070]	96	107	-30	-14	-5	8	det1=true
[10071]	101	107	-49	-39	-6	-5	det1=true
[10072]	107	107	-36	-18	-3	-9	det1=true
[10073]	107	107	-45	-18	-3	9	det1=true
[10074]	107	107	-33	-25	-5	-8	det1=true
[10075]	107	107	-41	-25	-5	8	det1=true
[10076]	42	108	-13	2	-4	-5	det1=true
[10077]	42	108	-18	2	-4	5	det1=true
[10078]	47	108	-18	-17	-5	-4	det1=true
[10079]	47	108	-22	-17	-5	4	det1=true
[10080]	49	108	-26	-18	-5	4	det1=true
[10081]	60	108	-23	-14	-2	-7	det1=true
[10082]	60	108	-30	-14	-2	7	det1=true
[10083]	62	108	-23	-20	-2	-7	det1=true
[10084]	62	108	-30	-20	-2	7	det1=true
[10085]	69	108	-22	-1	-2	8	det1=true
[10086]	71	108	-3	4	-8	-3	det1=true
[10087]	71	108	-6	4	-8	3	det1=true
[10088]	83	108	-30	-14	-8	-3	det1=true
[10089]	83	108	-33	-14	-8	3	det1=true
[10090]	90	108	-14	-6	-5	-8	det1=true
[10091]	91	108	-42	-32	-8	1	det1=true
[10092]	91	108	-45	-34	-4	7	det1=true
[10093]	100	108	-34	-8	-8	-5	det1=true
[10094]	106	108	-3	2	-10	-3	det1=true
[10095]	106	108	-6	2	-10	3	det1=true
[10096]	27	105	-8	0	-1	-5	det1=true
[10097]	27	105	-13	0	-1	5	det1=true
[10098]	31	105	-13	-2	-5	-2	det1=true
[10099]	31	105	-15	-2	-5	2	det1=true
[10100]	31	105	-11	-6	-5	-2	det1=true
[10101]	31	105	-13	-6	-5	2	det1=true
[10102]	35	105	-9	1	-5	-3	det1=true
[10103]	35	105	-12	1	-5	3	det1=true
[10104]	45	105	-18	-1	-4	-5	det1=true
[10105]	45	105	-23	-1	-4	5	det1=true
[10106]	45	105	-17	-5	-4	-5	det1=true
[10107]	45	105	-22	-5	-4	5	det1=true
[10108]	53	105	-18	-1	-7	1	det1=true
[10109]	60	105	-20	-14	-7	-2	det1=true
[10110]	60	105	-22	-14	-7	2	det1=true
[10111]	61	105	-13	-6	-3	-7	det1=true
[10112]	61	105	-20	-6	-3	7	det1=true
[10113]	69	105	-10	4	-8	-2	det1=true
[10114]	69	105	-12	4	-8	2	det1=true
[10115]	69	105	-7	1	-2	-8	det1=true
[10116]	69	105	-15	1	-2	8	det1=true
[10117]	70	105	-11	0	-2	-8	det1=true
[10118]	75	105	-29	-1	-4	-7	det1=true
[10119]	77	105	-30	4	-8	-2	det1=true
[10120]	77	105	-32	4	-8	2	det1=true
[10121]	77	105	-25	-21	-8	-1	det1=true
[10122]	77	105	-26	-21	-8	1	det1=true
[10123]	80	105	-38	-18	-4	7	det1=true
[10124]	87	105	-36	-5	-8	-3	det1=true
[10125]	87	105	-39	-5	-8	3	det1=true
[10126]	87	105	-25	-1	-8	-4	det1=true
[10127]	87	105	-29	-1	-8	4	det1=true
[10128]	89	105	-42	-23	-8	-1	det1=true
[10129]	89	105	-43	-23	-8	1	det1=true
[10130]	93	105	-43	-27	-7	-4	det1=true
[10131]	93	105	-47	-27	-7	4	det1=true
[10132]	93	105	-14	-9	-8	-5	det1=true
[10133]	101	105	-23	-21	-5	-8	det1=true
[10134]	103	105	-47	-41	-7	4	det1=true
[10135]	104	105	-26	-24	-8	-5	det1=true
[10136]	104	105	-31	-24	-8	5	det1=true
[10137]	105	105	-20	-3	-10	1	det1=true
[10138]	43	106	-14	0	-5	-4	det1=true
[10139]	43	106	-18	0	-5	4	det1=true
[10140]	50	106	-22	-21	-2	-6	det1=true
[10141]	50	106	-28	-21	-2	6	det1=true
[10142]	54	106	-12	2	-7	-2	det1=true
[10143]	54	106	-14	2	-7	2	det1=true
[10144]	69	106	-24	-1	-7	4	det1=true
[10145]	70	106	-18	-11	-7	-4	det1=true
[10146]	70	106	-22	-11	-7	4	det1=true
[10147]	74	106	-10	1	-3	-8	det1=true
[10148]	74	106	-18	1	-3	8	det1=true
[10149]	77	106	-18	-4	-3	-8	det1=true
[10150]	77	106	-26	-4	-3	8	det1=true
[10151]	84	106	-41	0	-8	-2	det1=true
[10152]	84	106	-43	0	-8	2	det1=true
[10153]	90	106	-10	-2	-5	-8	det1=true
[10154]	90	106	-18	-2	-5	8	det1=true
[10155]	93	106	-47	-32	-4	7	det1=true
[10156]	93	106	-14	-12	-5	-8	det1=true
[10157]	94	106	-18	-10	-5	-8	det1=true
[10158]	94	106	-26	-10	-5	8	det1=true
[10159]	97	106	-24	-12	-8	-5	det1=true
[10160]	97	106	-29	-12	-8	5	det1=true
[10161]	101	106	-40	-32	-3	-8	det1=true
[10162]	101	106	-48	-32	-3	8	det1=true
[10163]	105	106	-19	-8	-10	-1	det1=true
[10164]	105	106	-20	-8	-10	1	det1=true
[10165]	106	106	-43	-10	-6	-7	det1=true
[10166]	106	106	-50	-10	-6	7	det1=true
[10167]	106	106	-42	-12	-2	-9	det1=true
[10168]	106	106	-51	-12	-2	9	det1=true
[10169]	106	106	-20	-5	-1	-10	det1=true
[10170]	106	106	-30	-5	-1	10	det1=true
[10171]	49	107	-1	2	-7	-1	det1=true
[10172]	49	107	-2	2	-7	1	det1=true
[10173]	53	107	-20	0	-7	-1	det1=true
[10174]	53	107	-21	0	-7	1	det1=true
[10175]	53	107	-24	-3	-1	7	det1=true
[10176]	59	107	-25	-7	-4	-6	det1=true
[10177]	69	107	-34	-29	-2	7	det1=true
[10178]	71	107	-29	-11	-5	-6	det1=true
[10179]	71	107	-26	-24	-3	-7	det1=true
[10180]	71	107	-33	-24	-3	7	det1=true
[10181]	72	107	-20	-1	-2	-8	det1=true
[10182]	72	107	-28	-1	-2	8	det1=true
[10183]	73	107	-11	1	-5	7	det1=true
[10184]	78	107	-32	-16	-7	-4	det1=true
[10185]	78	107	-36	-16	-7	4	det1=true
[10186]	80	107	-26	-2	-3	-8	det1=true
[10187]	80	107	-34	-2	-3	8	det1=true
[10188]	82	107	-32	-17	-3	8	det1=true
[10189]	83	107	-33	-26	-1	-8	det1=true
[10190]	83	107	-41	-26	-1	8	det1=true
[10191]	88	107	-15	-10	-6	-7	det1=true
[10192]	89	107	-37	-11	-7	-5	det1=true
[10193]	89	107	-42	-11	-7	5	det1=true
[10194]	89	107	-23	-2	-9	-2	det1=true
[10195]	89	107	-25	-2	-9	2	det1=true
[10196]	89	107	-24	-15	-9	1	det1=true
[10197]	90	107	-38	-32	-1	-8	det1=true
[10198]	90	107	-46	-32	-1	8	det1=true
[10199]	90	107	-18	-8	-5	8	det1=true
[10200]	91	107	-39	-14	-3	-8	det1=true
[10201]	91	107	-47	-14	-3	8	det1=true
[10202]	92	107	-18	-6	-8	-5	det1=true
[10203]	92	107	-23	-6	-8	5	det1=true
[10204]	95	107	-45	-21	-8	3	det1=true
[10205]	97	107	-35	-2	-7	-6	det1=true
[10206]	97	107	-41	-2	-7	6	det1=true
[10207]	97	107	-32	0	-9	3	det1=true
[10208]	98	107	-45	-22	-8	-3	det1=true
[10209]	98	107	-48	-22	-8	3	det1=true
[10210]	99	107	-41	-37	-2	-8	det1=true
[10211]	99	107	-49	-37	-2	8	det1=true
[10212]	99	107	-39	-10	-1	-9	det1=true
[10213]	99	107	-48	-10	-1	9	det1=true
[10214]	99	107	-29	-5	-3	-9	det1=true
[10215]	99	107	-38	-5	-3	9	det1=true
[10216]	100	107	-14	-12	-4	-9	det1=true
[10217]	100	107	-23	-12	-4	9	det1=true
[10218]	101	107	-38	-34	-5	-7	det1=true
[10219]	101	107	-45	-34	-5	7	det1=true
[10220]	103	107	-35	-29	-1	-9	det1=true
[10221]	103	107	-44	-29	-1	9	det1=true
[10222]	59	108	-26	-6	-7	-2	det1=true
[10223]	59	108	-28	-6	-7	2	det1=true
[10224]	59	108	-22	-12	-2	-7	det1=true
[10225]	59	108	-29	-12	-2	7	det1=true
[10226]	61	108	-22	-19	-7	-2	det1=true
[10227]	61	108	-24	-19	-7	2	det1=true
[10228]	69	108	-14	-1	-2	-8	det1=true
[10229]	70	108	-21	-2	-8	2	det1=true
[10230]	70	108	-16	-5	-2	-8	det1=true
[10231]	70	108	-24	-5	-2	8	det1=true
[10232]	71	108	-16	-11	-2	-8	det1=true
[10233]	73	108	-27	-10	-4	-7	det1=true
[10234]	73	108	-34	-10	-4	7	det1=true
[10235]	75	108	-31	-8	-4	-7	det1=true
[10236]	75	108	-38	-8	-4	7	det1=true
[10237]	77	108	-37	-6	-8	-1	det1=true
[10238]	77	108	-34	-8	-4	-7	det1=true
[10239]	77	108	-41	-8	-4	7	det1=true
[10240]	78	108	-30	-11	-2	-8	det1=true
[10241]	78	108	-38	-11	-2	8	det1=true
[10242]	90	108	-22	-6	-5	8	det1=true
[10243]	91	108	-41	-32	-8	-1	det1=true
[10244]	91	108	-26	-2	-5	8	det1=true
[10245]	93	108	-38	-33	-2	-8	det1=true
[10246]	94	108	-42	-34	-7	-4	det1=true
[10247]	94	108	-46	-34	-7	4	det1=true
[10248]	94	108	-48	-37	-1	8	det1=true
[10249]	47	105	-21	-8	-5	-4	det1=true
[10250]	47	105	-25	-8	-5	4	det1=true
[10251]	48	105	-18	-16	-4	-5	det1=true
[10252]	48	105	-23	-16	-4	5	det1=true
[10253]	53	105	-17	-1	-7	-1	det1=true
[10254]	59	105	-26	-14	-7	1	det1=true
[10255]	68	105	-14	-2	-1	-8	det1=true
[10256]	68	105	-22	-2	-1	8	det1=true
[10257]	70	105	-18	-7	-1	-8	det1=true
[10258]	71	105	-21	-4	-1	-8	det1=true
[10259]	71	105	-29	-4	-1	8	det1=true
[10260]	71	105	-20	-11	-8	-1	det1=true
[10261]	71	105	-21	-11	-8	1	det1=true
[10262]	74	105	-24	-23	-5	-6	det1=true
[10263]	74	105	-30	-23	-5	6	det1=true
[10264]	75	105	-36	-1	-4	7	det1=true
[10265]	75	105	-11	0	-3	-8	det1=true
[10266]	75	105	-19	0	-3	8	det1=true
[10267]	78	105	-32	-14	-8	-1	det1=true
[10268]	78	105	-29	-20	-2	8	det1=true
[10269]	78	105	-21	-2	-8	-3	det1=true
[10270]	79	105	-27	-23	-8	-1	det1=true
[10271]	88	105	-14	-6	-9	-2	det1=true
[10272]	88	105	-16	-6	-9	2	det1=true
[10273]	89	105	-34	-21	-7	5	det1=true
[10274]	89	105	-28	-22	-5	-7	det1=true
[10275]	89	105	-35	-22	-5	7	det1=true
[10276]	99	105	-26	-10	-9	-3	det1=true
[10277]	99	105	-29	-10	-9	3	det1=true
[10278]	103	105	-43	-41	-7	-4	det1=true
[10279]	104	105	-37	-2	-8	-5	det1=true
[10280]	104	105	-26	-9	-9	4	det1=true
[10281]	105	105	-45	-2	-5	8	det1=true
[10282]	26	106	-7	-6	-4	-3	det1=true
[10283]	26	106	-10	-6	-4	3	det1=true
[10284]	30	106	-9	-2	-2	-5	det1=true
[10285]	30	106	-14	-2	-2	5	det1=true
[10286]	46	106	-18	-15	-6	-2	det1=true
[10287]	46	106	-20	-15	-6	2	det1=true
[10288]	60	106	-24	-10	-7	-2	det1=true
[10289]	60	106	-26	-10	-7	2	det1=true
[10290]	61	106	-25	-14	-6	-4	det1=true
[10291]	61	106	-29	-14	-6	4	det1=true
[10292]	70	106	-16	-14	-1	-8	det1=true
[10293]	70	106	-24	-14	-1	8	det1=true
[10294]	77	106	-36	-14	-6	-5	det1=true
[10295]	77	106	-41	-14	-6	5	det1=true
[10296]	79	106	-32	-13	-8	2	det1=true
[10297]	79	106	-24	-21	-8	-2	det1=true
[10298]	79	106	-26	-21	-8	2	det1=true
[10299]	82	106	-28	-3	-3	-8	det1=true
[10300]	82	106	-36	-3	-3	8	det1=true
[10301]	85	106	-34	-27	-1	-8	det1=true
[10302]	85	106	-42	-27	-1	8	det1=true
[10303]	86	106	-16	-3	-7	6	det1=true
[10304]	89	106	-43	-4	-8	3	det1=true
[10305]	89	106	-16	-11	-9	-2	det1=true
[10306]	89	106	-18	-11	-9	2	det1=true
[10307]	91	106	-26	1	-9	-2	det1=true
[10308]	91	106	-28	1	-9	2	det1=true
[10309]	91	106	-24	0	-7	-6	det1=true
[10310]	91	106	-30	0	-7	6	det1=true
[10311]	92	106	-26	1	-7	-6	det1=true
[10312]	92	106	-32	1	-7	6	det1=true
[10313]	94	106	-38	-22	-3	-8	det1=true
[10314]	94	106	-46	-22	-3	8	det1=true
[10315]	94	106	-16	-13	-5	-8	det1=true
[10316]	94	106	-24	-13	-5	8	det1=true
[10317]	96	106	-46	-32	-8	1	det1=true
[10318]	96	106	-30	-10	-7	-6	det1=true
[10319]	96	106	-36	-10	-7	6	det1=true
[10320]	97	106	-8	0	-9	-4	det1=true
[10321]	97	106	-12	0	-9	4	det1=true
[10322]	98	106	-46	-18	-8	-3	det1=true
[10323]	98	106	-49	-18	-8	3	det1=true
[10324]	99	106	-39	-38	-2	-8	det1=true
[10325]	99	106	-47	-38	-2	8	det1=true
[10326]	100	106	-34	-14	-6	-7	det1=true
[10327]	100	106	-41	-14	-6	7	det1=true
[10328]	100	106	-33	-16	-2	-9	det1=true
[10329]	100	106	-42	-16	-2	9	det1=true
[10330]	103	106	-40	-8	-6	-7	det1=true
[10331]	103	106	-15	-6	-6	-8	det1=true
[10332]	103	106	-23	-6	-6	8	det1=true
[10333]	104	106	-47	-28	-8	-3	det1=true
[10334]	104	106	-50	-28	-8	3	det1=true
[10335]	42	107	-12	1	-5	-4	det1=true
[10336]	43	107	-18	-4	-6	-2	det1=true
[10337]	43	107	-20	-4	-6	2	det1=true
[10338]	44	107	-18	-1	-5	-4	det1=true
[10339]	44	107	-22	-1	-5	4	det1=true
[10340]	44	107	-14	-10	-5	-4	det1=true
[10341]	44	107	-18	-10	-5	4	det1=true
[10342]	52	107	-2	2	-7	-2	det1=true
[10343]	52	107	-4	2	-7	2	det1=true
[10344]	53	107	-17	-3	-1	-7	det1=true
[10345]	53	107	-15	-9	-1	-7	det1=true
[10346]	53	107	-22	-9	-1	7	det1=true
[10347]	57	107	-22	-14	-1	-7	det1=true
[10348]	57	107	-29	-14	-1	7	det1=true
[10349]	59	107	-22	-14	-6	-4	det1=true
[10350]	59	107	-21	-15	-4	-6	det1=true
[10351]	59	107	-27	-15	-4	6	det1=true
[10352]	61	107	-22	-17	-2	-7	det1=true
[10353]	61	107	-29	-17	-2	7	det1=true
[10354]	61	107	-12	-13	-3	-7	det1=true
[10355]	61	107	-19	-13	-3	7	det1=true
[10356]	62	107	-28	-12	-7	-2	det1=true
[10357]	62	107	-30	-12	-7	2	det1=true
[10358]	62	107	-20	-22	-2	-7	det1=true
[10359]	62	107	-27	-22	-2	7	det1=true
[10360]	68	107	-18	0	-4	-7	det1=true
[10361]	68	107	-25	0	-4	7	det1=true
[10362]	72	107	-30	-7	-7	4	det1=true
[10363]	72	107	-23	2	-8	-2	det1=true
[10364]	73	107	-35	-1	-4	7	det1=true
[10365]	75	107	-25	-11	-8	-2	det1=true
[10366]	76	107	-19	-4	-8	-3	det1=true
[10367]	76	107	-22	-4	-8	3	det1=true
[10368]	80	107	-36	-14	-7	-4	det1=true
[10369]	80	107	-40	-14	-7	4	det1=true
[10370]	83	107	-30	-5	-7	-5	det1=true
[10371]	83	107	-35	-5	-7	5	det1=true
[10372]	85	107	-17	-6	-1	-9	det1=true
[10373]	85	107	-26	-6	-1	9	det1=true
[10374]	86	107	-39	-30	-6	-5	det1=true
[10375]	86	107	-44	-30	-6	5	det1=true
[10376]	88	107	-17	-6	-2	-9	det1=true
[10377]	88	107	-26	-6	-2	9	det1=true
[10378]	88	107	-22	-10	-6	7	det1=true
[10379]	89	107	-44	-37	-7	3	det1=true
[10380]	89	107	-31	-24	-3	-8	det1=true
[10381]	89	107	-39	-24	-3	8	det1=true
[10382]	91	107	-41	-19	-8	3	det1=true
[10383]	91	107	-28	-9	-1	-9	det1=true
[10384]	91	107	-37	-9	-1	9	det1=true
[10385]	92	107	-26	-10	-9	-2	det1=true
[10386]	92	107	-28	-10	-9	2	det1=true
[10387]	92	107	-21	-16	-2	-9	det1=true
[10388]	92	107	-30	-16	-2	9	det1=true
[10389]	97	107	-34	-17	-1	-9	det1=true
[10390]	97	107	-43	-17	-1	9	det1=true
[10391]	97	107	-29	0	-9	-3	det1=true
[10392]	97	107	-26	-3	-3	-9	det1=true
[10393]	97	107	-35	-3	-3	9	det1=true
[10394]	98	107	-42	-39	-1	-8	det1=true
[10395]	98	107	-50	-39	-1	8	det1=true
[10396]	99	107	-32	-2	-9	-3	det1=true
[10397]	99	107	-35	-2	-9	3	det1=true
[10398]	99	107	-6	-2	-8	-6	det1=true
[10399]	99	107	-12	-2	-8	6	det1=true
[10400]	101	107	-46	-23	-7	-5	det1=true
[10401]	101	107	-51	-23	-7	5	det1=true
[10402]	103	107	-37	-6	-9	-3	det1=true
[10403]	103	107	-40	-6	-9	3	det1=true
[10404]	103	107	-34	-9	-3	-9	det1=true
[10405]	103	107	-43	-9	-3	9	det1=true
[10406]	103	107	-32	-27	-2	-9	det1=true
[10407]	103	107	-41	-27	-2	9	det1=true
[10408]	105	107	-27	-7	-4	-9	det1=true
[10409]	105	107	-36	-7	-4	9	det1=true
[10410]	105	107	-17	1	-10	-2	det1=true
[10411]	106	107	-30	-8	-9	-4	det1=true
[10412]	106	107	-34	-8	-9	4	det1=true
[10413]	107	107	-48	-18	-9	-1	det1=true
[10414]	107	107	-49	-18	-9	1	det1=true
[10415]	45	108	-16	-13	-5	-4	det1=true
[10416]	45	108	-20	-13	-5	4	det1=true
[10417]	46	108	-18	-14	-5	-4	det1=true
[10418]	46	108	-22	-14	-5	4	det1=true
[10419]	49	108	-22	-18	-5	-4	det1=true
[10420]	54	108	-12	-7	-7	-2	det1=true
[10421]	54	108	-14	-7	-7	2	det1=true
[10422]	65	108	-30	-19	-7	-2	det1=true
[10423]	65	108	-32	-19	-7	2	det1=true
[10424]	70	108	-22	-8	-4	-7	det1=true
[10425]	70	108	-29	-8	-4	7	det1=true
[10426]	71	108	-24	-11	-2	8	det1=true
[10427]	75	108	-24	-22	-1	-8	det1=true
[10428]	75	108	-32	-22	-1	8	det1=true
[10429]	77	108	-38	-6	-8	1	det1=true
[10430]	77	108	-32	-14	-1	-8	det1=true
[10431]	77	108	-40	-14	-1	8	det1=true
[10432]	77	108	-35	-2	-8	2	det1=true
[10433]	80	108	-27	-28	-4	-7	det1=true
[10434]	80	108	-34	-28	-4	7	det1=true
[10435]	82	108	-30	-23	-2	-8	det1=true
[10436]	82	108	-38	-23	-2	8	det1=true
[10437]	91	108	-38	-34	-4	-7	det1=true
[10438]	91	108	-18	-2	-5	-8	det1=true
[10439]	94	108	-40	-37	-1	-8	det1=true
[10440]	98	108	-39	-32	-8	-3	det1=true
[10441]	98	108	-42	-32	-8	3	det1=true
[10442]	99	108	-32	-6	-5	-8	det1=true
[10443]	99	108	-40	-6	-5	8	det1=true
[10444]	104	108	-34	-20	-8	-5	det1=true
[10445]	104	108	-39	-20	-8	5	det1=true
[10446]	106	108	-38	-18	-8	-5	det1=true
[10447]	106	108	-43	-18	-8	5	det1=true
[10448]	55	105	-19	-5	-1	-7	det1=true
[10449]	55	105	-26	-5	-1	7	det1=true
[10450]	59	105	-22	-17	-1	-7	det1=true
[10451]	59	105	-29	-17	-1	7	det1=true
[10452]	63	105	-26	-22	-1	-7	det1=true
[10453]	66	105	-6	-4	-7	-4	det1=true
[10454]	66	105	-10	-4	-7	4	det1=true
[10455]	71	105	-23	-1	-7	-4	det1=true
[10456]	71	105	-27	-1	-7	4	det1=true
[10457]	75	105	-8	0	-7	-5	det1=true
[10458]	75	105	-13	0	-7	5	det1=true
[10459]	75	105	-7	-1	-5	-7	det1=true
[10460]	75	105	-14	-1	-5	7	det1=true
[10461]	78	105	-21	-20	-2	-8	det1=true
[10462]	89	105	-29	-21	-7	-5	det1=true
[10463]	91	105	-11	-3	-8	-5	det1=true
[10464]	91	105	-16	-3	-8	5	det1=true
[10465]	91	105	-7	-8	-5	-8	det1=true
[10466]	91	105	-15	-8	-5	8	det1=true
[10467]	95	105	-17	-12	-5	-8	det1=true
[10468]	95	105	-25	-12	-5	8	det1=true
[10469]	97	105	-25	-2	-5	-8	det1=true
[10470]	97	105	-33	-2	-5	8	det1=true
[10471]	101	105	-31	-5	-5	-8	det1=true
[10472]	101	105	-39	-5	-5	8	det1=true
[10473]	101	105	-28	-13	-9	-3	det1=true
[10474]	101	105	-31	-13	-9	3	det1=true
[10475]	101	105	-4	3	-10	-1	det1=true
[10476]	101	105	-5	3	-10	1	det1=true
[10477]	102	105	-12	1	-8	-6	det1=true
[10478]	102	105	-18	1	-8	6	det1=true
[10479]	103	105	-25	-23	-5	-8	det1=true
[10480]	103	105	-33	-23	-5	8	det1=true
[10481]	104	105	-42	-2	-8	5	det1=true
[10482]	105	105	-19	-3	-10	-1	det1=true
[10483]	42	106	-8	-5	-5	-4	det1=true
[10484]	42	106	-12	-5	-5	4	det1=true
[10485]	66	106	-17	-12	-6	-5	det1=true
[10486]	66	106	-22	-12	-6	5	det1=true
[10487]	67	106	-20	-11	-5	-6	det1=true
[10488]	67	106	-26	-11	-5	6	det1=true
[10489]	75	106	-26	-15	-1	-8	det1=true
[10490]	75	106	-34	-15	-1	8	det1=true
[10491]	79	106	-36	0	-4	-7	det1=true
[10492]	79	106	-43	0	-4	7	det1=true
[10493]	79	106	-30	-13	-8	-2	det1=true
[10494]	82	106	-38	-16	-8	-1	det1=true
[10495]	82	106	-39	-16	-8	1	det1=true
[10496]	82	106	-27	-24	-8	-2	det1=true
[10497]	84	106	-36	-22	-7	-4	det1=true
[10498]	84	106	-40	-22	-7	4	det1=true
[10499]	86	106	-34	-28	-4	-7	det1=true
[10500]	86	106	-41	-28	-4	7	det1=true
[10501]	89	106	-34	-17	-3	-8	det1=true
[10502]	89	106	-42	-17	-3	8	det1=true
[10503]	91	106	-16	-16	-6	-7	det1=true
[10504]	91	106	-23	-16	-6	7	det1=true
[10505]	94	106	-41	-38	-6	-5	det1=true
[10506]	94	106	-46	-38	-6	5	det1=true
[10507]	100	106	-14	-9	-9	-4	det1=true
[10508]	103	106	-47	-8	-6	7	det1=true
[10509]	106	106	-38	-22	-7	-6	det1=true
[10510]	106	106	-44	-22	-7	6	det1=true
[10511]	35	107	-9	-6	-5	-3	det1=true
[10512]	35	107	-12	-6	-5	3	det1=true
[10513]	37	107	-14	-10	-5	-3	det1=true
[10514]	37	107	-17	-10	-5	3	det1=true
[10515]	40	107	-16	-6	-1	-6	det1=true
[10516]	40	107	-22	-6	-1	6	det1=true
[10517]	61	107	-9	1	-6	-5	det1=true
[10518]	61	107	-14	1	-6	5	det1=true
[10519]	64	107	-8	2	-7	4	det1=true
[10520]	68	107	-24	-10	-5	-6	det1=true
[10521]	68	107	-30	-10	-5	6	det1=true
[10522]	71	107	-35	-11	-5	6	det1=true
[10523]	71	107	-27	-15	-5	-6	det1=true
[10524]	71	107	-33	-15	-5	6	det1=true
[10525]	71	107	-31	-22	-7	3	det1=true
[10526]	72	107	-6	4	-8	-3	det1=true
[10527]	73	107	-4	1	-5	-7	det1=true
[10528]	78	107	-32	-15	-1	-8	det1=true
[10529]	78	107	-40	-15	-1	8	det1=true
[10530]	82	107	-32	2	-8	-3	det1=true
[10531]	82	107	-35	2	-8	3	det1=true
[10532]	82	107	-29	-10	-8	-3	det1=true
[10533]	82	107	-32	-10	-8	3	det1=true
[10534]	86	107	-14	-4	-9	-2	det1=true
[10535]	86	107	-16	-4	-9	2	det1=true
[10536]	89	107	-26	-1	-1	-9	det1=true
[10537]	89	107	-35	-1	-1	9	det1=true
[10538]	89	107	-23	-15	-9	-1	det1=true
[10539]	91	107	-23	-9	-7	-6	det1=true
[10540]	91	107	-29	-9	-7	6	det1=true
[10541]	92	107	-29	-14	-6	7	det1=true
[10542]	93	107	-37	-3	-8	-4	det1=true
[10543]	93	107	-41	-3	-8	4	det1=true
[10544]	95	107	-32	3	-6	-7	det1=true
[10545]	95	107	-39	3	-6	7	det1=true
[10546]	95	107	-31	1	-2	-9	det1=true
[10547]	95	107	-40	1	-2	9	det1=true
[10548]	95	107	-25	2	-5	-8	det1=true
[10549]	95	107	-33	2	-5	8	det1=true
[10550]	98	107	0	3	-8	-6	det1=true
[10551]	98	107	-6	3	-8	6	det1=true
[10552]	99	107	-43	-6	-9	-1	det1=true
[10553]	99	107	-44	-6	-9	1	det1=true
[10554]	101	107	-39	-33	-7	-5	det1=true
[10555]	101	107	-44	-33	-7	5	det1=true
[10556]	101	107	-23	0	-9	-4	det1=true
[10557]	101	107	-27	0	-9	4	det1=true
[10558]	107	107	-43	-45	-2	-8	det1=true
[10559]	107	107	-51	-45	-2	8	det1=true
[10560]	39	108	-18	-10	-1	6	det1=true
[10561]	75	108	-35	-6	-8	1	det1=true
[10562]	77	108	-34	-11	-7	-4	det1=true
[10563]	77	108	-38	-11	-7	4	det1=true
[10564]	77	108	-33	-2	-8	-2	det1=true
[10565]	77	108	-30	-5	-2	-8	det1=true
[10566]	77	108	-38	-5	-2	8	det1=true
[10567]	88	108	-40	-27	-7	-4	det1=true
[10568]	88	108	-44	-27	-7	4	det1=true
[10569]	101	108	-46	-40	-8	-1	det1=true
[10570]	103	108	-50	-38	-8	-1	det1=true
[10571]	103	108	-51	-38	-8	1	det1=true
[10572]	107	108	-20	-5	-2	-10	det1=true
[10573]	67	105	-11	0	-1	-8	det1=true
[10574]	67	105	-19	0	-1	8	det1=true
[10575]	69	105	-13	-11	-7	-4	det1=true
[10576]	69	105	-17	-11	-7	4	det1=true
[10577]	69	105	-11	-14	-1	-8	det1=true
[10578]	69	105	-19	-14	-1	8	det1=true
[10579]	78	105	-24	-2	-8	3	det1=true
[10580]	79	105	-28	-23	-8	1	det1=true
[10581]	85	105	-1	3	-6	-7	det1=true
[10582]	85	105	-8	3	-6	7	det1=true
[10583]	92	105	-36	-34	-7	-4	det1=true
[10584]	92	105	-40	-34	-7	4	det1=true
[10585]	93	105	-17	2	-5	-8	det1=true
[10586]	93	105	-25	2	-5	8	det1=true
[10587]	96	105	-18	-14	-5	-8	det1=true
[10588]	99	105	-31	-24	-9	-1	det1=true
[10589]	99	105	-32	-24	-9	1	det1=true
[10590]	101	105	-34	-16	-3	9	det1=true
[10591]	101	105	-19	3	-9	-4	det1=true
[10592]	101	105	-23	3	-9	4	det1=true
[10593]	102	105	-44	-3	-4	-8	det1=true
[10594]	102	105	-11	0	-6	-8	det1=true
[10595]	102	105	-19	0	-6	8	det1=true
[10596]	42	106	-14	-3	-6	-2	det1=true
[10597]	42	106	-16	-3	-6	2	det1=true
[10598]	66	106	-13	2	-8	-1	det1=true
[10599]	66	106	-14	2	-8	1	det1=true
[10600]	70	106	-15	-6	-8	2	det1=true
[10601]	86	106	-10	-3	-7	-6	det1=true
[10602]	87	106	-36	-28	-1	-8	det1=true
[10603]	87	106	-44	-28	-1	8	det1=true
[10604]	88	106	-14	-8	-2	-9	det1=true
[10605]	88	106	-23	-8	-2	9	det1=true
[10606]	103	106	-17	2	-6	-8	det1=true
[10607]	104	106	-49	-38	-8	-1	det1=true
[10608]	104	106	-50	-38	-8	1	det1=true
[10609]	30	107	-7	-8	-2	-5	det1=true
[10610]	69	107	-27	-29	-2	-7	det1=true
[10611]	71	107	-28	-22	-7	-3	det1=true
[10612]	75	107	-34	-1	-8	-1	det1=true
[10613]	75	107	-35	-1	-8	1	det1=true
[10614]	78	107	-34	-12	-7	-4	det1=true
[10615]	78	107	-38	-12	-7	4	det1=true
[10616]	80	107	-27	-6	-8	-3	det1=true
[10617]	80	107	-30	-6	-8	3	det1=true
[10618]	89	107	-41	-37	-7	-3	det1=true
[10619]	91	107	-35	-37	-1	-8	det1=true
[10620]	91	107	-43	-37	-1	8	det1=true
[10621]	91	107	-25	-8	-9	-2	det1=true
[10622]	91	107	-27	-8	-9	2	det1=true
[10623]	93	107	-25	-7	-8	5	det1=true
[10624]	105	107	-19	1	-10	2	det1=true
[10625]	39	108	-12	-10	-1	-6	det1=true
[10626]	68	108	-20	-11	-7	4	det1=true
[10627]	70	108	-25	-6	-8	-1	det1=true
[10628]	70	108	-26	-6	-8	1	det1=true
[10629]	75	108	-34	-6	-8	-1	det1=true
[10630]	78	108	-33	-8	-8	-2	det1=true
[10631]	78	108	-35	-8	-8	2	det1=true
[10632]	80	108	-30	4	-8	-3	det1=true
[10633]	80	108	-33	4	-8	3	det1=true
[10634]	82	108	-33	-20	-8	-2	det1=true
[10635]	82	108	-35	-20	-8	2	det1=true
[10636]	92	108	-40	-34	-1	-8	det1=true
[10637]	92	108	-48	-34	-1	8	det1=true
[10638]	101	108	-47	-40	-8	1	det1=true
[10639]	107	108	-30	-5	-2	10	det1=true
[10640]	108	108	-51	-44	-8	1	det1=true
[10641]	35	105	-6	-5	-5	-3	det1=true
[10642]	35	105	-9	-5	-5	3	det1=true
[10643]	63	105	-29	-19	-7	-1	det1=true
[10644]	63	105	-30	-19	-7	1	det1=true
[10645]	65	105	1	-2	-1	-8	det1=true
[10646]	65	105	-7	-2	-1	8	det1=true
[10647]	67	105	-9	-7	-1	-8	det1=true
[10648]	72	105	-24	-5	-2	8	det1=true
[10649]	78	105	-24	-17	-8	-2	det1=true
[10650]	78	105	-26	-17	-8	2	det1=true
[10651]	85	105	-34	-20	-8	-2	det1=true
[10652]	85	105	-36	-20	-8	2	det1=true
[10653]	88	105	-34	-30	-4	-7	det1=true
[10654]	88	105	-41	-30	-4	7	det1=true
[10655]	91	105	-11	0	-5	-8	det1=true
[10656]	91	105	-19	0	-5	8	det1=true
[10657]	93	105	-42	-11	-8	-3	det1=true
[10658]	93	105	-45	-11	-8	3	det1=true
[10659]	96	105	-26	-14	-5	8	det1=true
[10660]	97	105	-31	-15	-9	2	det1=true
[10661]	99	105	-27	-28	-1	-9	det1=true
[10662]	99	105	-36	-28	-1	9	det1=true
[10663]	53	106	-9	-4	-6	-4	det1=true
[10664]	53	106	-13	-4	-6	4	det1=true
[10665]	70	106	-13	-6	-8	-2	det1=true
[10666]	82	106	-29	-24	-8	2	det1=true
[10667]	84	106	-35	-18	-8	-2	det1=true
[10668]	84	106	-37	-18	-8	2	det1=true
[10669]	100	106	-22	-22	-5	-8	det1=true
[10670]	100	106	-30	-22	-5	8	det1=true
[10671]	103	106	-25	2	-6	8	det1=true
[10672]	30	107	-12	-8	-2	5	det1=true
[10673]	35	107	-12	2	-5	-3	det1=true
[10674]	35	107	-15	2	-5	3	det1=true
[10675]	35	107	-8	-7	-3	-5	det1=true
[10676]	35	107	-13	-7	-3	5	det1=true
[10677]	43	107	-22	-6	-2	6	det1=true
[10678]	73	107	-5	2	-7	-5	det1=true
[10679]	73	107	-10	2	-7	5	det1=true
[10680]	75	107	-14	3	-7	-5	det1=true
[10681]	75	107	-19	3	-7	5	det1=true
[10682]	85	107	-35	-33	-5	-6	det1=true
[10683]	85	107	-41	-33	-5	6	det1=true
[10684]	85	107	-9	-5	-9	-2	det1=true
[10685]	85	107	-11	-5	-9	2	det1=true
[10686]	93	107	-20	-7	-8	-5	det1=true
[10687]	95	107	-35	-28	-5	-7	det1=true
[10688]	65	108	-7	-8	-4	-7	det1=true
[10689]	97	108	3	4	-8	-6	det1=true
[10690]	97	108	-3	4	-8	6	det1=true
[10691]	108	108	-50	-44	-8	-1	det1=true
[10692]	53	105	-7	-3	-6	-4	det1=true
[10693]	53	105	-11	-3	-6	4	det1=true
[10694]	67	105	-11	-4	-7	-4	det1=true
[10695]	67	105	-15	-4	-7	4	det1=true
[10696]	72	105	-16	-5	-2	-8	det1=true
[10697]	86	105	-40	-11	-8	-2	det1=true
[10698]	86	105	-42	-11	-8	2	det1=true
[10699]	91	105	-18	-11	-2	-9	det1=true
[10700]	91	105	-27	-11	-2	9	det1=true
[10701]	97	105	-29	-15	-9	-2	det1=true
[10702]	97	105	-23	-8	-9	-3	det1=true
[10703]	101	105	-25	-16	-3	-9	det1=true
[10704]	103	105	-43	-28	-7	-5	det1=true
[10705]	103	105	-48	-28	-7	5	det1=true
[10706]	76	106	-24	-21	-1	-8	det1=true
[10707]	76	106	-32	-21	-1	8	det1=true
[10708]	102	106	-13	-2	-10	-1	det1=true
[10709]	102	106	-14	-2	-10	1	det1=true
[10710]	30	107	-12	1	-5	-2	det1=true
[10711]	30	107	-14	1	-5	2	det1=true
[10712]	52	107	-8	-1	-6	-4	det1=true
[10713]	52	107	-12	-1	-6	4	det1=true
[10714]	57	107	-3	2	-7	-3	det1=true
[10715]	57	107	-6	2	-7	3	det1=true
[10716]	72	107	-25	2	-8	2	det1=true
[10717]	81	107	-12	-4	-1	9	det1=true
[10718]	83	107	-29	-6	-5	-7	det1=true
[10719]	83	107	-36	-6	-5	7	det1=true
[10720]	86	107	-12	-5	-7	-6	det1=true
[10721]	86	107	-18	-5	-7	6	det1=true
[10722]	89	107	-39	-39	-3	-7	det1=true
[10723]	89	107	-46	-39	-3	7	det1=true
[10724]	89	107	-30	3	-9	-1	det1=true
[10725]	89	107	-31	3	-9	1	det1=true
[10726]	91	107	-38	-19	-8	-3	det1=true
[10727]	91	107	-37	-34	-7	-4	det1=true
[10728]	91	107	-41	-34	-7	4	det1=true
[10729]	99	107	-44	-34	-8	-2	det1=true
[10730]	99	107	-46	-34	-8	2	det1=true
[10731]	101	107	-47	-1	-8	-4	det1=true
[10732]	101	107	-51	-1	-8	4	det1=true
[10733]	103	107	-19	-1	-6	-8	det1=true
[10734]	103	107	-27	-1	-6	8	det1=true
[10735]	40	108	-2	0	-4	-5	det1=true
[10736]	40	108	-7	0	-4	5	det1=true
[10737]	53	108	-12	2	-7	-2	det1=true
[10738]	53	108	-14	2	-7	2	det1=true
[10739]	68	108	-32	-23	-7	-2	det1=true
[10740]	68	108	-34	-23	-7	2	det1=true
[10741]	68	108	-16	-11	-7	-4	det1=true
[10742]	72	108	-24	-13	-1	-8	det1=true
[10743]	72	108	-32	-13	-1	8	det1=true
[10744]	83	108	-32	-3	-3	-8	det1=true
[10745]	83	108	-40	-3	-3	8	det1=true
[10746]	90	108	-17	0	-8	-5	det1=true
[10747]	90	108	-22	0	-8	5	det1=true
[10748]	98	108	-1	4	-10	-1	det1=true
[10749]	98	108	-2	4	-10	1	det1=true
[10750]	102	108	-10	-14	-1	-10	det1=true
[10751]	102	108	-20	-14	-1	10	det1=true
[10752]	30	105	-8	0	-2	-5	det1=true
[10753]	30	105	-13	0	-2	5	det1=true
[10754]	102	105	-48	-26	-8	3	det1=true
[10755]	53	106	-8	-5	-4	-6	det1=true
[10756]	53	106	-14	-5	-4	6	det1=true
[10757]	62	106	-10	-1	-5	-6	det1=true
[10758]	62	106	-16	-1	-5	6	det1=true
[10759]	86	106	-10	-5	-9	-2	det1=true
[10760]	86	106	-12	-5	-9	2	det1=true
[10761]	97	106	-34	-33	-3	-8	det1=true
[10762]	97	106	-42	-33	-3	8	det1=true
[10763]	43	107	-16	-6	-2	-6	det1=true
[10764]	72	107	-2	-3	-3	-8	det1=true
[10765]	72	107	-10	-3	-3	8	det1=true
[10766]	75	107	-10	-7	-5	-7	det1=true
[10767]	75	107	-17	-7	-5	7	det1=true
[10768]	81	107	-3	-4	-1	-9	det1=true
[10769]	98	107	-43	-42	-6	-5	det1=true
[10770]	98	107	-48	-42	-6	5	det1=true
[10771]	98	108	-47	-30	-8	-2	det1=true
[10772]	98	108	-49	-30	-8	2	det1=true
[10773]	101	108	-43	-42	-4	-7	det1=true
[10774]	101	108	-50	-42	-4	7	det1=true
[10775]	27	105	-10	2	-5	-1	det1=true
[10776]	27	105	-11	2	-5	1	det1=true
[10777]	27	105	-7	-4	-1	-5	det1=true
[10778]	27	105	-12	-4	-1	5	det1=true
[10779]	89	105	-35	-8	-5	-7	det1=true
[10780]	89	105	-42	-8	-5	7	det1=true
[10781]	97	105	-20	-11	-3	-9	det1=true
[10782]	105	105	-14	-12	-6	-8	det1=true
[10783]	84	106	-38	-3	-2	-8	det1=true
[10784]	84	106	-46	-3	-2	8	det1=true
[10785]	102	106	-26	-22	-8	-5	det1=true
[10786]	102	106	-31	-22	-8	5	det1=true
[10787]	40	107	-7	-2	-6	-2	det1=true
[10788]	40	107	-9	-2	-6	2	det1=true
[10789]	49	107	-20	-19	-4	-5	det1=true
[10790]	49	107	-25	-19	-4	5	det1=true
[10791]	57	107	-25	-11	-7	-1	det1=true
[10792]	57	107	-26	-11	-7	1	det1=true
[10793]	73	107	-15	-5	-3	8	det1=true
[10794]	89	107	-33	-21	-3	-8	det1=true
[10795]	89	107	-41	-21	-3	8	det1=true
[10796]	90	107	-36	-20	-8	-3	det1=true
[10797]	90	107	-39	-20	-8	3	det1=true
[10798]	37	108	-10	0	-6	-1	det1=true
[10799]	37	108	-11	0	-6	1	det1=true
[10800]	38	108	-12	-1	-1	-6	det1=true
[10801]	38	108	-18	-1	-1	6	det1=true
[10802]	35	105	-8	0	-3	-5	det1=true
[10803]	90	105	-7	-2	-8	-5	det1=true
[10804]	90	105	-12	-2	-8	5	det1=true
[10805]	45	106	-4	-1	-3	-6	det1=true
[10806]	45	106	-10	-1	-3	6	det1=true
[10807]	87	106	-19	-16	-8	-4	det1=true
[10808]	87	106	-23	-16	-8	4	det1=true
[10809]	29	107	-7	2	-5	-2	det1=true
[10810]	29	107	-9	2	-5	2	det1=true
[10811]	72	107	-24	-10	-1	-8	det1=true
[10812]	73	107	-7	-5	-3	-8	det1=true
[10813]	89	107	-36	-12	-5	-7	det1=true
[10814]	89	107	-43	-12	-5	7	det1=true
[10815]	75	108	-20	-19	-2	-8	det1=true
[10816]	75	108	-28	-19	-2	8	det1=true
[10817]	94	108	-26	0	-8	-5	det1=true
[10818]	94	108	-31	0	-8	5	det1=true
[10819]	30	105	-8	-3	-5	-2	det1=true
[10820]	30	105	-10	-3	-5	2	det1=true
[10821]	77	105	-22	-23	-4	-7	det1=true
[10822]	77	105	-29	-23	-4	7	det1=true
[10823]	54	106	-6	-8	-2	-7	det1=true
[10824]	54	106	-13	-8	-2	7	det1=true
[10825]	62	106	-10	-2	-6	-5	det1=true
[10826]	62	106	-15	-2	-6	5	det1=true
[10827]	66	106	-10	0	-4	-7	det1=true
[10828]	66	106	-17	0	-4	7	det1=true
[10829]	93	106	-43	-30	-8	-1	det1=true
[10830]	93	106	-44	-30	-8	1	det1=true
[10831]	98	106	-12	-1	-9	-4	det1=true
[10832]	98	106	-16	-1	-9	4	det1=true
[10833]	72	107	-32	-10	-1	8	det1=true
[10834]	86	108	-39	4	-8	-3	det1=true
[10835]	86	108	-42	4	-8	3	det1=true
[10836]	42	105	-8	0	-4	-5	det1=true
[10837]	42	105	-13	0	-4	5	det1=true
[10838]	46	105	-16	-12	-5	-4	det1=true
[10839]	46	105	-20	-12	-5	4	det1=true
[10840]	93	105	-41	-30	-1	-8	det1=true
[10841]	93	105	-49	-30	-1	8	det1=true
[10842]	76	106	-30	-9	-1	-8	det1=true
[10843]	76	106	-38	-9	-1	8	det1=true
[10844]	86	106	-8	-6	-7	-6	det1=true
[10845]	86	106	-14	-6	-7	6	det1=true
[10846]	106	106	-30	-25	-5	-8	det1=true
[10847]	106	106	-38	-25	-5	8	det1=true
[10848]	41	107	-7	1	-4	-5	det1=true
[10849]	41	107	-12	1	-4	5	det1=true
[10850]	75	107	-31	-3	-4	-7	det1=true
[10851]	75	107	-38	-3	-4	7	det1=true
[10852]	86	107	-13	-2	-6	-7	det1=true
[10853]	86	107	-20	-2	-6	7	det1=true
[10854]	96	107	-6	2	-4	-9	det1=true
[10855]	96	107	-15	2	-4	9	det1=true
[10856]	27	105	-9	-2	-5	-1	det1=true
[10857]	27	105	-10	-2	-5	1	det1=true
[10858]	105	105	-4	-6	-2	-10	det1=true
[10859]	105	105	-14	-6	-2	10	det1=true
[10860]	40	106	-4	1	-2	-6	det1=true
[10861]	40	106	-10	1	-2	6	det1=true
[10862]	42	106	-10	2	-4	-5	det1=true
[10863]	42	106	-15	2	-4	5	det1=true
[10864]	74	106	-10	-4	-8	-3	det1=true
[10865]	74	106	-13	-4	-8	3	det1=true
[10866]	77	106	-34	-4	-7	-4	det1=true
[10867]	77	106	-38	-4	-7	4	det1=true
[10868]	107	107	-46	-42	-8	-2	det1=true
[10869]	107	107	-48	-42	-8	2	det1=true
[10870]	102	108	-10	5	-10	-2	det1=true
[10871]	102	108	-12	5	-10	2	det1=true
[10872]	92	105	-34	-37	-1	-8	det1=true
[10873]	92	105	-42	-37	-1	8	det1=true
[10874]	98	107	-44	-36	-7	-4	det1=true
[10875]	98	107	-48	-36	-7	4	det1=true
[10876]	29	108	-8	-1	-5	-2	det1=true
[10877]	29	108	-10	-1	-5	2	det1=true
[10878]	87	108	-6	4	-8	-5	det1=true
[10879]	87	108	-11	4	-8	5	det1=true
[10880]	40	105	-2	3	-6	-2	det1=true
[10881]	40	105	-4	3	-6	2	det1=true
[10882]	73	106	-26	-20	-5	-6	det1=true
[10883]	73	106	-32	-20	-5	6	det1=true
[10884]	105	107	-13	-7	-10	-2	det1=true
[10885]	105	107	-15	-7	-10	2	det1=true
[10886]	51	105	-7	-2	-1	-7	det1=true
[10887]	51	105	-14	-2	-1	7	det1=true
[10888]	52	106	-5	2	-4	-6	det1=true
[10889]	52	106	-11	2	-4	6	det1=true
[10890]	64	106	-23	-22	-2	-7	det1=true
[10891]	64	106	-30	-22	-2	7	det1=true
[10892]	94	106	-39	-22	-8	-3	det1=true
[10893]	94	106	-42	-22	-8	3	det1=true
[10894]	71	107	-32	-27	-2	-7	det1=true
[10895]	71	107	-39	-27	-2	7	det1=true
[10896]	84	107	-6	2	-7	-6	det1=true
[10897]	84	107	-12	2	-7	6	det1=true
[10898]	84	107	-8	3	-9	-2	det1=true
[10899]	84	107	-10	3	-9	2	det1=true
[10900]	99	107	-5	-3	-6	-8	det1=true
[10901]	99	107	-13	-3	-6	8	det1=true
[10902]	66	106	-10	-3	-7	-4	det1=true
[10903]	66	106	-14	-3	-7	4	det1=true
[10904]	66	107	-10	-7	-1	-8	det1=true
[10905]	86	107	-12	-4	-2	-9	det1=true
[10906]	86	107	-21	-4	-2	9	det1=true
[10907]	20	108	-7	2	-4	-2	det1=true
[10908]	20	105	-1	2	-4	-2	det1=true
[10909]	42	106	-10	-1	-5	-4	det1=true
[10910]	66	106	-8	-6	-1	-8	det1=true
[10911]	65	108	-10	-6	-8	-1	det1=true
[10912]	97	106	-6	-3	-9	-4	det1=true
[10913]	54	107	-12	-4	-7	-2	det1=true
[10914]	54	107	-14	-4	-7	2	det1=true
[10915]	17	105	-1	1	-4	-1	det1=true
[10916]	17	105	-2	1	-4	1	det1=true
[10917]	61	107	-6	-5	-6	-5	det1=true
[10918]	61	107	-11	-5	-6	5	det1=true
[10919]	105	108	-20	3	-10	-2	det1=true
[10920]	105	108	-22	3	-10	2	det1=true
[10921]	65	105	-1	1	-7	-4	det1=true
[10922]	65	105	-5	1	-7	4	det1=true
[10923]	103	105	-42	-29	-5	-7	det1=true
[10924]	103	105	-49	-29	-5	7	det1=true
[10925]	99	106	0	1	-8	-6	det1=true
[10926]	99	106	-6	1	-8	6	det1=true
[10927]	102	106	-10	-2	-1	-10	det1=true
[10928]	54	107	-14	3	-7	-2	det1=true
[10929]	54	107	-16	3	-7	2	det1=true
[10930]	85	107	-7	-6	-7	-6	det1=true
[10931]	85	107	-13	-6	-7	6	det1=true
[10932]	100	107	-10	2	-10	-1	det1=true
[10933]	100	107	-11	2	-10	1	det1=true
[10934]	53	108	-6	-8	-2	-7	det1=true
[10935]	53	108	-13	-8	-2	7	det1=true
[10936]	29	105	-1	1	-5	-2	det1=true
[10937]	29	105	-3	1	-5	2	det1=true
[10938]	53	105	-6	-4	-4	-6	det1=true
[10939]	53	105	-12	-4	-4	6	det1=true
[10940]	89	105	-36	-7	-7	-5	det1=true
[10941]	89	105	-41	-7	-7	5	det1=true
[10942]	85	106	-3	-6	-2	-9	det1=true
[10943]	85	106	-12	-6	-2	9	det1=true
[10944]	90	106	-8	-6	-5	-8	det1=true
[10945]	90	106	-16	-6	-5	8	det1=true
[10946]	41	107	-5	-4	-5	-4	det1=true
[10947]	75	107	-13	2	-5	-7	det1=true
[10948]	75	107	-20	2	-5	7	det1=true
[10949]	13	106	-2	-1	-3	-2	det1=true
[10950]	13	106	-4	-1	-3	2	det1=true
[10951]	13	107	-3	-2	-3	-2	det1=true
[10952]	13	107	-5	-2	-3	2	det1=true
[10953]	105	105	-10	2	-10	-2	det1=true
[10954]	105	105	-12	2	-10	2	det1=true
[10955]	105	105	-8	-2	-10	-2	det1=true
[10956]	4	106	-2	1	-2	0	det1=true
[10957]	8	106	-2	1	-2	-2	det1=true
[10958]	8	106	-4	1	-2	2	det1=true
[10959]	40	106	-6	3	-6	-2	det1=true
[10960]	40	106	-8	3	-6	2	det1=true
[10961]	52	106	-6	3	-6	-4	det1=true
[10962]	20	108	-6	1	-2	-4	det1=true
[10963]	100	108	-14	3	-6	-8	det1=true
[10964]	100	108	-22	3	-6	8	det1=true
[10965]	8	105	0	1	-2	-2	det1=true
[10966]	8	105	-2	1	-2	2	det1=true
[10967]	20	105	0	1	-2	-4	det1=true
[10968]	85	105	0	1	-2	-9	det1=true
[10969]	85	105	-9	1	-2	9	det1=true
[10970]	73	106	-8	4	-8	-3	det1=true
[10971]	89	106	-8	4	-8	-5	det1=true
[10972]	89	106	-13	4	-8	5	det1=true
[10973]	68	105	0	1	-2	-8	det1=true
[10974]	68	105	-8	1	-2	8	det1=true
[10975]	65	108	-11	2	-4	-7	det1=true
[10976]	65	108	-18	2	-4	7	det1=true
[10977]	13	105	0	1	-2	-3	det1=true
[10978]	13	105	-3	1	-2	3	det1=true
[10979]	40	105	0	1	-2	-6	det1=true
[10980]	40	105	-6	1	-2	6	det1=true
[10981]	17	106	-4	2	-4	-1	det1=true
[10982]	17	106	-5	2	-4	1	det1=true
[10983]	41	108	-9	2	-4	-5	det1=true
[10984]	41	108	-14	2	-4	5	det1=true
[10985]	53	105	0	1	-2	-7	det1=true
[10986]	53	105	-7	1	-2	7	det1=true
[10987]	25	106	-4	2	-4	-3	det1=true
[10988]	29	105	0	1	-2	-5	det1=true
[10989]	29	105	-5	1	-2	5	det1=true
[10990]	108	108	-10	-3	-3	-10	det1=true
[10991]	5	105	0	1	-2	-1	det1=true
[10992]	5	107	-2	-1	-2	-1	det1=true
[10993]	110	110	-48	-6	-5	-8	det1=true
[10994]	110	110	-56	-6	-5	8	det1=true
[10995]	51	109	1	1	-2	-7	det1=true
[10996]	51	109	-6	1	-2	7	det1=true
[10997]	109	109	-23	-23	-6	-8	det1=true
[10998]	109	109	-24	-14	-10	-2	det1=true
[10999]	109	109	-26	-14	-10	2	det1=true
[11000]	89	110	-26	-21	-8	-4	det1=true
[11001]	110	110	-51	-12	-6	-7	det1=true
[11002]	61	112	-28	-19	-6	-4	det1=true
[11003]	44	109	-19	-10	-2	-6	det1=true
[11004]	72	109	-16	-17	-2	-8	det1=true
[11005]	72	109	-24	-17	-2	8	det1=true
[11006]	107	109	-43	-41	-3	-8	det1=true
[11007]	107	109	-51	-41	-3	8	det1=true
[11008]	108	109	-34	4	-10	-1	det1=true
[11009]	108	109	-35	4	-10	1	det1=true
[11010]	109	109	-47	-17	-2	-9	det1=true
[11011]	109	109	-56	-17	-2	9	det1=true
[11012]	97	110	-10	-1	-8	-6	det1=true
[11013]	97	110	-16	-1	-8	6	det1=true
[11014]	105	110	-38	-19	-5	-8	det1=true
[11015]	105	110	-46	-19	-5	8	det1=true
[11016]	107	110	-17	2	-10	-3	det1=true
[11017]	107	110	-20	2	-10	3	det1=true
[11018]	67	111	-22	-7	-8	-1	det1=true
[11019]	67	111	-23	-7	-8	1	det1=true
[11020]	89	111	-11	-13	-3	-9	det1=true
[11021]	89	111	-20	-13	-3	9	det1=true
[11022]	90	111	-44	-25	-8	-2	det1=true
[11023]	90	111	-46	-25	-8	2	det1=true
[11024]	90	111	-41	-28	-2	-8	det1=true
[11025]	95	111	-37	3	-6	-7	det1=true
[11026]	109	111	-26	-9	-9	-5	det1=true
[11027]	109	111	-31	-9	-9	5	det1=true
[11028]	111	111	-55	-21	-9	-1	det1=true
[11029]	111	111	-56	-21	-9	1	det1=true
[11030]	111	111	-50	-11	-9	-3	det1=true
[11031]	111	111	-53	-11	-9	3	det1=true
[11032]	64	112	-18	0	-8	-1	det1=true
[11033]	64	112	-19	0	-8	1	det1=true
[11034]	107	112	-32	5	-10	-2	det1=true
[11035]	107	112	-34	5	-10	2	det1=true
[11036]	61	109	-27	-21	-6	4	det1=true
[11037]	67	109	-27	-1	-5	-6	det1=true
[11038]	67	109	-33	-1	-5	6	det1=true
[11039]	69	109	-19	-13	-1	-8	det1=true
[11040]	69	109	-27	-13	-1	8	det1=true
[11041]	70	109	-20	-16	-8	-1	det1=true
[11042]	70	109	-21	-16	-8	1	det1=true
[11043]	70	109	-17	-18	-4	-7	det1=true
[11044]	72	109	-19	-14	-8	-2	det1=true
[11045]	72	109	-21	-14	-8	2	det1=true
[11046]	73	109	-27	-3	-8	-2	det1=true
[11047]	73	109	-29	-3	-8	2	det1=true
[11048]	73	109	-9	-5	-7	-5	det1=true
[11049]	73	109	-14	-5	-7	5	det1=true
[11050]	76	109	-33	2	-8	-2	det1=true
[11051]	76	109	-35	2	-8	2	det1=true
[11052]	84	109	-34	-30	-8	-1	det1=true
[11053]	84	109	-35	-30	-8	1	det1=true
[11054]	84	109	-31	-32	-4	-7	det1=true
[11055]	84	109	-38	-32	-4	7	det1=true
[11056]	87	109	-39	-28	-7	-4	det1=true
[11057]	87	109	-43	-28	-7	4	det1=true
[11058]	90	109	-26	-21	-4	-8	det1=true
[11059]	91	109	-39	-35	-1	-8	det1=true
[11060]	91	109	-47	-35	-1	8	det1=true
[11061]	95	109	-42	-2	-9	1	det1=true
[11062]	99	109	-45	-25	-4	8	det1=true
[11063]	100	109	-47	-26	-8	-3	det1=true
[11064]	100	109	-50	-26	-8	3	det1=true
[11065]	104	109	-46	-2	-7	-6	det1=true
[11066]	104	109	-52	-2	-7	6	det1=true
[11067]	109	109	-20	-18	-2	-10	det1=true
[11068]	109	109	-30	-18	-2	10	det1=true
[11069]	58	110	-23	-14	-4	-6	det1=true
[11070]	58	110	-29	-14	-4	6	det1=true
[11071]	66	110	-9	-2	-8	-2	det1=true
[11072]	66	110	-11	-2	-8	2	det1=true
[11073]	69	110	-32	0	-6	-5	det1=true
[11074]	69	110	-37	0	-6	5	det1=true
[11075]	76	110	-37	-8	-8	-1	det1=true
[11076]	76	110	-38	-8	-8	1	det1=true
[11077]	77	110	-35	-16	-8	-1	det1=true
[11078]	77	110	-36	-16	-8	1	det1=true
[11079]	92	110	-24	-1	-5	-8	det1=true
[11080]	92	110	-32	-1	-5	8	det1=true
[11081]	94	110	-40	-26	-3	-8	det1=true
[11082]	94	110	-48	-26	-3	8	det1=true
[11083]	102	110	-32	-22	-5	-8	det1=true
[11084]	102	110	-40	-22	-5	8	det1=true
[11085]	104	110	-27	-4	-8	-6	det1=true
[11086]	104	110	-33	-4	-8	6	det1=true
[11087]	106	110	-8	-7	-3	-10	det1=true
[11088]	106	110	-18	-7	-3	10	det1=true
[11089]	110	110	-33	-2	-10	-2	det1=true
[11090]	110	110	-35	-2	-10	2	det1=true
[11091]	27	111	-11	-9	-1	-5	det1=true
[11092]	27	111	-16	-9	-1	5	det1=true
[11093]	84	111	-39	-2	-8	-3	det1=true
[11094]	84	111	-42	-2	-8	3	det1=true
[11095]	89	111	-21	-17	-2	-9	det1=true
[11096]	89	111	-30	-17	-2	9	det1=true
[11097]	89	111	-14	-10	-9	-3	det1=true
[11098]	89	111	-17	-10	-9	3	det1=true
[11099]	94	111	-12	2	-4	-9	det1=true
[11100]	94	111	-21	2	-4	9	det1=true
[11101]	95	111	-36	1	-2	-9	det1=true
[11102]	95	111	-45	1	-2	9	det1=true
[11103]	95	111	-37	-9	-5	8	det1=true
[11104]	97	111	-13	3	-10	-1	det1=true
[11105]	97	111	-14	3	-10	1	det1=true
[11106]	104	111	-47	-42	-8	-2	det1=true
[11107]	104	111	-49	-42	-8	2	det1=true
[11108]	105	111	-41	-11	-3	-9	det1=true
[11109]	105	111	-50	-11	-3	9	det1=true
[11110]	107	111	-27	-16	-1	-10	det1=true
[11111]	107	111	-37	-16	-1	10	det1=true
[11112]	107	111	-28	-17	-10	-1	det1=true
[11113]	107	111	-29	-17	-10	1	det1=true
[11114]	108	111	-32	3	-10	-2	det1=true
[11115]	108	111	-34	3	-10	2	det1=true
[11116]	110	111	-38	-31	-5	-8	det1=true
[11117]	110	111	-46	-31	-5	8	det1=true
[11118]	111	111	-38	-6	-6	-8	det1=true
[11119]	111	111	-46	-6	-6	8	det1=true
[11120]	70	112	-28	-2	-1	-8	det1=true
[11121]	70	112	-36	-2	-1	8	det1=true
[11122]	70	112	-11	-2	-8	-3	det1=true
[11123]	80	112	-31	-12	-8	-3	det1=true
[11124]	80	112	-34	-12	-8	3	det1=true
[11125]	80	112	-6	2	-9	-2	det1=true
[11126]	80	112	-8	2	-9	2	det1=true
[11127]	88	112	-40	-15	-3	-8	det1=true
[11128]	88	112	-48	-15	-3	8	det1=true
[11129]	90	112	-25	4	-8	-5	det1=true
[11130]	90	112	-30	4	-8	5	det1=true
[11131]	95	112	-7	-4	-8	-6	det1=true
[11132]	95	112	-13	-4	-8	6	det1=true
[11133]	99	112	-43	-44	-4	-7	det1=true
[11134]	99	112	-50	-44	-4	7	det1=true
[11135]	103	112	-28	-3	-6	-8	det1=true
[11136]	103	112	-36	-3	-6	8	det1=true
[11137]	105	112	-44	-9	-5	-8	det1=true
[11138]	105	112	-52	-9	-5	8	det1=true
[11139]	106	112	-30	1	-10	-2	det1=true
[11140]	106	112	-32	1	-10	2	det1=true
[11141]	107	112	-7	-2	-8	-7	det1=true
[11142]	107	112	-14	-2	-8	7	det1=true
[11143]	108	112	-20	-23	-2	-10	det1=true
[11144]	108	112	-30	-23	-2	10	det1=true
[11145]	109	112	-42	-6	-9	-4	det1=true
[11146]	109	112	-46	-6	-9	4	det1=true
[11147]	111	112	-33	-22	-10	-1	det1=true
[11148]	111	112	-34	-22	-10	1	det1=true
[11149]	112	112	-33	-24	-10	-1	det1=true
[11150]	112	112	-34	-24	-10	1	det1=true
[11151]	31	109	-13	-9	-2	-5	det1=true
[11152]	31	109	-18	-9	-2	5	det1=true
[11153]	43	109	-17	-3	-5	-4	det1=true
[11154]	43	109	-21	-3	-5	4	det1=true
[11155]	43	109	-21	-5	-4	5	det1=true
[11156]	49	109	-5	-5	-1	-7	det1=true
[11157]	49	109	-12	-5	-1	7	det1=true
[11158]	51	109	-1	2	-7	-2	det1=true
[11159]	51	109	-3	2	-7	2	det1=true
[11160]	57	109	-25	-3	-6	-4	det1=true
[11161]	57	109	-29	-3	-6	4	det1=true
[11162]	61	109	-23	-21	-6	-4	det1=true
[11163]	65	109	-23	-16	-3	-7	det1=true
[11164]	65	109	-30	-16	-3	7	det1=true
[11165]	79	109	-24	-9	-7	-5	det1=true
[11166]	79	109	-29	-9	-7	5	det1=true
[11167]	81	109	-39	-22	-7	4	det1=true
[11168]	83	109	-37	-30	-5	-6	det1=true
[11169]	83	109	-43	-30	-5	6	det1=true
[11170]	83	109	-33	-4	-3	-8	det1=true
[11171]	83	109	-41	-4	-3	8	det1=true
[11172]	85	109	-25	-24	-7	-5	det1=true
[11173]	85	109	-30	-24	-7	5	det1=true
[11174]	87	109	-23	3	-9	-2	det1=true
[11175]	87	109	-25	3	-9	2	det1=true
[11176]	89	109	-27	1	-9	-2	det1=true
[11177]	89	109	-29	1	-9	2	det1=true
[11178]	89	109	-20	-13	-2	-9	det1=true
[11179]	89	109	-29	-13	-2	9	det1=true
[11180]	93	109	-22	-8	-9	-3	det1=true
[11181]	93	109	-25	-8	-9	3	det1=true
[11182]	94	109	-32	-6	-6	-7	det1=true
[11183]	94	109	-39	-6	-6	7	det1=true
[11184]	94	109	-30	-15	-9	-2	det1=true
[11185]	95	109	-41	-2	-9	-1	det1=true
[11186]	97	109	-39	-9	-1	-9	det1=true
[11187]	97	109	-48	-9	-1	9	det1=true
[11188]	99	109	-37	-25	-4	-8	det1=true
[11189]	99	109	-27	-20	-5	-8	det1=true
[11190]	99	109	-35	-20	-5	8	det1=true
[11191]	106	109	-46	-36	-3	-8	det1=true
[11192]	106	109	-54	-36	-3	8	det1=true
[11193]	106	109	-27	-18	-4	-9	det1=true
[11194]	107	109	-53	-10	-9	-1	det1=true
[11195]	107	109	-54	-10	-9	1	det1=true
[11196]	108	109	-30	-1	-10	2	det1=true
[11197]	108	109	-24	-5	-2	-10	det1=true
[11198]	108	109	-34	-5	-2	10	det1=true
[11199]	109	109	-45	-10	-5	-8	det1=true
[11200]	109	109	-53	-10	-5	8	det1=true
[11201]	109	109	-33	-3	-6	-8	det1=true
[11202]	109	109	-41	-3	-6	8	det1=true
[11203]	109	109	-30	-21	-4	-9	det1=true
[11204]	58	110	-24	-13	-6	-4	det1=true
[11205]	71	110	-24	-16	-8	-1	det1=true
[11206]	71	110	-25	-16	-8	1	det1=true
[11207]	77	110	-34	-7	-8	-2	det1=true
[11208]	77	110	-36	-7	-8	2	det1=true
[11209]	79	110	-40	-28	-5	6	det1=true
[11210]	84	110	-41	-30	-4	7	det1=true
[11211]	85	110	-14	-9	-7	-6	det1=true
[11212]	85	110	-20	-9	-7	6	det1=true
[11213]	98	110	-34	-21	-9	-2	det1=true
[11214]	98	110	-36	-21	-9	2	det1=true
[11215]	101	110	-41	-12	-6	-7	det1=true
[11216]	101	110	-48	-12	-6	7	det1=true
[11217]	103	110	-43	-12	-2	-9	det1=true
[11218]	103	110	-52	-12	-2	9	det1=true
[11219]	104	110	-22	1	-10	-2	det1=true
[11220]	104	110	-24	1	-10	2	det1=true
[11221]	105	110	-24	-22	-4	-9	det1=true
[11222]	106	110	-20	-13	-10	-2	det1=true
[11223]	106	110	-22	-13	-10	2	det1=true
[11224]	107	110	-50	-4	-7	-6	det1=true
[11225]	107	110	-56	-4	-7	6	det1=true
[11226]	107	110	-37	-32	-6	-7	det1=true
[11227]	107	110	-44	-32	-6	7	det1=true
[11228]	108	110	-42	-20	-8	-5	det1=true
[11229]	108	110	-47	-20	-8	5	det1=true
[11230]	108	110	-28	-7	-10	-2	det1=true
[11231]	108	110	-30	-7	-10	2	det1=true
[11232]	108	110	-26	-11	-10	-2	det1=true
[11233]	108	110	-28	-11	-10	2	det1=true
[11234]	110	110	-21	-22	-2	-10	det1=true
[11235]	110	110	-31	-22	-2	10	det1=true
[11236]	42	111	-20	-4	-5	4	det1=true
[11237]	59	111	-23	-17	-7	-2	det1=true
[11238]	59	111	-25	-17	-7	2	det1=true
[11239]	62	111	-8	4	-8	-1	det1=true
[11240]	62	111	-9	4	-8	1	det1=true
[11241]	71	111	-23	-18	-1	-8	det1=true
[11242]	71	111	-31	-18	-1	8	det1=true
[11243]	85	111	-27	-25	-7	-5	det1=true
[11244]	85	111	-32	-25	-7	5	det1=true
[11245]	85	111	-26	-26	-5	-7	det1=true
[11246]	89	111	-22	-15	-6	-7	det1=true
[11247]	89	111	-29	-15	-6	7	det1=true
[11248]	97	111	-40	-31	-5	-7	det1=true
[11249]	97	111	-47	-31	-5	7	det1=true
[11250]	101	111	-33	-29	-2	-9	det1=true
[11251]	101	111	-42	-29	-2	9	det1=true
[11252]	103	111	-18	-2	-2	-10	det1=true
[11253]	103	111	-28	-2	-2	10	det1=true
[11254]	111	111	-11	5	-10	-4	det1=true
[11255]	111	111	-15	5	-10	4	det1=true
[11256]	28	112	-6	-4	-2	-5	det1=true
[11257]	28	112	-11	-4	-2	5	det1=true
[11258]	68	112	-22	-22	-5	-6	det1=true
[11259]	68	112	-28	-22	-5	6	det1=true
[11260]	70	112	-30	1	-7	-4	det1=true
[11261]	70	112	-34	1	-7	4	det1=true
[11262]	75	112	-34	-16	-8	-1	det1=true
[11263]	75	112	-35	-16	-8	1	det1=true
[11264]	79	112	-31	-8	-8	-3	det1=true
[11265]	79	112	-34	-8	-8	3	det1=true
[11266]	80	112	-30	-11	-3	-8	det1=true
[11267]	80	112	-38	-11	-3	8	det1=true
[11268]	80	112	-4	1	-7	-6	det1=true
[11269]	80	112	-10	1	-7	6	det1=true
[11270]	82	112	-32	-14	-3	-8	det1=true
[11271]	82	112	-40	-14	-3	8	det1=true
[11272]	83	112	-15	-4	-6	-7	det1=true
[11273]	83	112	-22	-4	-6	7	det1=true
[11274]	83	112	-14	-6	-2	-9	det1=true
[11275]	83	112	-23	-6	-2	9	det1=true
[11276]	85	112	-18	2	-5	8	det1=true
[11277]	86	112	-14	-2	-8	-5	det1=true
[11278]	86	112	-19	-2	-8	5	det1=true
[11279]	87	112	-24	-7	-7	-6	det1=true
[11280]	87	112	-30	-7	-7	6	det1=true
[11281]	87	112	-18	4	-8	-5	det1=true
[11282]	87	112	-23	4	-8	5	det1=true
[11283]	88	112	-26	-7	-7	-6	det1=true
[11284]	88	112	-32	-7	-7	6	det1=true
[11285]	92	112	-43	-22	-8	-3	det1=true
[11286]	92	112	-46	-22	-8	3	det1=true
[11287]	92	112	-8	-2	-9	-4	det1=true
[11288]	92	112	-12	-2	-9	4	det1=true
[11289]	93	112	-30	-2	-8	-5	det1=true
[11290]	93	112	-35	-2	-8	5	det1=true
[11291]	94	112	-24	-18	-5	-8	det1=true
[11292]	94	112	-32	-18	-5	8	det1=true
[11293]	94	112	-18	-6	-9	4	det1=true
[11294]	94	112	-2	-1	-6	-8	det1=true
[11295]	94	112	-10	-1	-6	8	det1=true
[11296]	98	112	-49	2	-6	7	det1=true
[11297]	98	112	-41	0	-2	-9	det1=true
[11298]	98	112	-50	0	-2	9	det1=true
[11299]	98	112	-4	1	-2	-10	det1=true
[11300]	98	112	-14	1	-2	10	det1=true
[11301]	99	112	-22	4	-10	-1	det1=true
[11302]	99	112	-23	4	-10	1	det1=true
[11303]	103	112	-48	-2	-7	-6	det1=true
[11304]	103	112	-54	-2	-7	6	det1=true
[11305]	103	112	-46	-8	-2	-9	det1=true
[11306]	103	112	-55	-8	-2	9	det1=true
[11307]	103	112	-29	-2	-8	-6	det1=true
[11308]	103	112	-35	-2	-8	6	det1=true
[11309]	103	112	-30	0	-10	-1	det1=true
[11310]	103	112	-31	0	-10	1	det1=true
[11311]	104	112	-46	-15	-7	-6	det1=true
[11312]	104	112	-52	-15	-7	6	det1=true
[11313]	104	112	-36	-2	-9	-4	det1=true
[11314]	104	112	-40	-2	-9	4	det1=true
[11315]	104	112	-30	-1	-6	-8	det1=true
[11316]	104	112	-38	-1	-6	8	det1=true
[11317]	106	112	-26	-3	-2	-10	det1=true
[11318]	106	112	-36	-3	-2	10	det1=true
[11319]	107	112	-46	-22	-2	-9	det1=true
[11320]	107	112	-55	-22	-2	9	det1=true
[11321]	108	112	-26	-19	-10	2	det1=true
[11322]	109	112	-27	-16	-2	-10	det1=true
[11323]	109	112	-37	-16	-2	10	det1=true
[11324]	111	112	-38	1	-10	-2	det1=true
[11325]	111	112	-40	1	-10	2	det1=true
[11326]	111	112	-34	-3	-2	-10	det1=true
[11327]	111	112	-44	-3	-2	10	det1=true
[11328]	112	112	-50	-43	-3	-8	det1=true
[11329]	112	112	-58	-43	-3	8	det1=true
[11330]	112	112	-12	-9	-10	-4	det1=true
[11331]	112	112	-16	-9	-10	4	det1=true
[11332]	35	109	-13	-4	-5	-3	det1=true
[11333]	67	109	-15	-11	-1	-8	det1=true
[11334]	67	109	-23	-11	-1	8	det1=true
[11335]	69	109	-23	-1	-4	-7	det1=true
[11336]	69	109	-30	-1	-4	7	det1=true
[11337]	70	109	-24	-18	-4	7	det1=true
[11338]	75	109	-18	-10	-7	5	det1=true
[11339]	76	109	-34	-5	-1	-8	det1=true
[11340]	76	109	-22	-21	-2	-8	det1=true
[11341]	76	109	-30	-21	-2	8	det1=true
[11342]	78	109	-32	-13	-8	-2	det1=true
[11343]	80	109	-31	0	-8	-3	det1=true
[11344]	80	109	-34	0	-8	3	det1=true
[11345]	81	109	-30	-1	-7	-5	det1=true
[11346]	81	109	-35	-1	-7	5	det1=true
[11347]	83	109	-28	-19	-8	-3	det1=true
[11348]	83	109	-31	-19	-8	3	det1=true
[11349]	88	109	-18	-12	-6	-7	det1=true
[11350]	88	109	-25	-12	-6	7	det1=true
[11351]	89	109	-40	-5	-5	-7	det1=true
[11352]	89	109	-47	-5	-5	7	det1=true
[11353]	89	109	-12	1	-3	-9	det1=true
[11354]	91	109	-25	-11	-2	-9	det1=true
[11355]	91	109	-34	-11	-2	9	det1=true
[11356]	92	109	-43	-16	-8	-3	det1=true
[11357]	92	109	-46	-16	-8	3	det1=true
[11358]	92	109	-30	2	-6	-7	det1=true
[11359]	92	109	-17	-14	-8	-5	det1=true
[11360]	93	109	-25	2	-9	-3	det1=true
[11361]	93	109	-28	2	-9	3	det1=true
[11362]	95	109	-35	1	-7	-6	det1=true
[11363]	95	109	-41	1	-7	6	det1=true
[11364]	97	109	-40	-1	-1	-9	det1=true
[11365]	97	109	-49	-1	-1	9	det1=true
[11366]	97	109	-40	-14	-9	-1	det1=true
[11367]	97	109	-41	-14	-9	1	det1=true
[11368]	97	109	-43	-33	-5	7	det1=true
[11369]	98	109	-36	-19	-9	2	det1=true
[11370]	99	109	-28	-16	-3	-9	det1=true
[11371]	99	109	-37	-16	-3	9	det1=true
[11372]	101	109	-38	0	-9	-3	det1=true
[11373]	101	109	-41	0	-9	3	det1=true
[11374]	101	109	-19	1	-6	-8	det1=true
[11375]	101	109	-27	1	-6	8	det1=true
[11376]	103	109	-45	-31	-5	-7	det1=true
[11377]	103	109	-52	-31	-5	7	det1=true
[11378]	103	109	-47	-15	-9	-1	det1=true
[11379]	103	109	-48	-15	-9	1	det1=true
[11380]	105	109	-39	-14	-5	-8	det1=true
[11381]	105	109	-47	-14	-5	8	det1=true
[11382]	106	109	-36	-30	-6	-7	det1=true
[11383]	106	109	-43	-30	-6	7	det1=true
[11384]	106	109	-36	-18	-4	9	det1=true
[11385]	107	109	-42	-14	-9	-3	det1=true
[11386]	107	109	-45	-14	-9	3	det1=true
[11387]	107	109	-35	-7	-9	-4	det1=true
[11388]	107	109	-39	-7	-9	4	det1=true
[11389]	108	109	-28	-1	-10	-2	det1=true
[11390]	109	109	-39	-21	-4	9	det1=true
[11391]	50	110	-4	-1	-6	-4	det1=true
[11392]	55	110	-20	-4	-7	-2	det1=true
[11393]	55	110	-22	-4	-7	2	det1=true
[11394]	56	110	-23	-4	-4	-6	det1=true
[11395]	56	110	-29	-4	-4	6	det1=true
[11396]	62	110	1	0	-4	-7	det1=true
[11397]	62	110	-6	0	-4	7	det1=true
[11398]	78	110	-28	-26	-7	-4	det1=true
[11399]	79	110	-34	-28	-5	-6	det1=true
[11400]	83	110	-37	4	-8	-3	det1=true
[11401]	83	110	-40	4	-8	3	det1=true
[11402]	83	110	-10	-4	-7	-6	det1=true
[11403]	83	110	-16	-4	-7	6	det1=true
[11404]	89	110	-26	-8	-9	-2	det1=true
[11405]	89	110	-28	-8	-9	2	det1=true
[11406]	95	110	-28	-10	-8	-5	det1=true
[11407]	95	110	-33	-10	-8	5	det1=true
[11408]	95	110	-32	-12	-8	5	det1=true
[11409]	100	110	-42	-2	-6	-7	det1=true
[11410]	100	110	-49	-2	-6	7	det1=true
[11411]	100	110	-39	-14	-6	-7	det1=true
[11412]	100	110	-46	-14	-6	7	det1=true
[11413]	101	110	-24	-12	-9	-4	det1=true
[11414]	101	110	-28	-12	-9	4	det1=true
[11415]	101	110	-21	0	-6	-8	det1=true
[11416]	101	110	-29	0	-6	8	det1=true
[11417]	102	110	-46	-9	-5	8	det1=true
[11418]	102	110	-14	-5	-10	-2	det1=true
[11419]	102	110	-16	-5	-10	2	det1=true
[11420]	105	110	-44	-4	-8	-5	det1=true
[11421]	105	110	-49	-4	-8	5	det1=true
[11422]	105	110	-42	-8	-5	-8	det1=true
[11423]	105	110	-50	-8	-5	8	det1=true
[11424]	107	110	-36	-34	-2	-9	det1=true
[11425]	107	110	-45	-34	-2	9	det1=true
[11426]	110	110	-12	1	-7	-8	det1=true
[11427]	25	111	-3	-4	-1	-5	det1=true
[11428]	25	111	-8	-4	-1	5	det1=true
[11429]	51	111	-12	-5	-2	7	det1=true
[11430]	66	111	-30	-25	-7	-2	det1=true
[11431]	66	111	-32	-25	-7	2	det1=true
[11432]	69	111	1	0	-3	-8	det1=true
[11433]	69	111	-7	0	-3	8	det1=true
[11434]	71	111	-30	-25	-7	-3	det1=true
[11435]	71	111	-33	-25	-7	3	det1=true
[11436]	71	111	-5	-5	-5	-7	det1=true
[11437]	72	111	-14	-3	-3	-8	det1=true
[11438]	72	111	-22	-3	-3	8	det1=true
[11439]	74	111	-35	-8	-8	-1	det1=true
[11440]	74	111	-36	-8	-8	1	det1=true
[11441]	74	111	-29	0	-2	-8	det1=true
[11442]	74	111	-37	0	-2	8	det1=true
[11443]	81	111	-33	-28	-1	-8	det1=true
[11444]	81	111	-41	-28	-1	8	det1=true
[11445]	81	111	-29	-11	-5	-7	det1=true
[11446]	81	111	-36	-11	-5	7	det1=true
[11447]	85	111	-37	-4	-5	-7	det1=true
[11448]	85	111	-44	-4	-5	7	det1=true
[11449]	87	111	-40	-1	-5	-7	det1=true
[11450]	87	111	-47	-1	-5	7	det1=true
[11451]	93	111	-49	-24	-3	8	det1=true
[11452]	93	111	-38	-27	-7	-5	det1=true
[11453]	98	111	-39	-8	-2	-9	det1=true
[11454]	98	111	-48	-8	-2	9	det1=true
[11455]	101	111	-34	-27	-6	-7	det1=true
[11456]	101	111	-41	-27	-6	7	det1=true
[11457]	103	111	-22	2	-10	-2	det1=true
[11458]	103	111	-24	2	-10	2	det1=true
[11459]	103	111	-12	-5	-5	-9	det1=true
[11460]	109	111	-41	-23	-3	-9	det1=true
[11461]	109	111	-50	-23	-3	9	det1=true
[11462]	110	111	-13	-6	-8	-7	det1=true
[11463]	110	111	-20	-6	-8	7	det1=true
[11464]	16	112	-2	0	-4	-1	det1=true
[11465]	16	112	-3	0	-4	1	det1=true
[11466]	38	112	-6	-1	-6	-2	det1=true
[11467]	38	112	-8	-1	-6	2	det1=true
[11468]	63	112	-13	-4	-8	-1	det1=true
[11469]	63	112	-14	-4	-8	1	det1=true
[11470]	64	112	-21	-12	-6	-5	det1=true
[11471]	64	112	-26	-12	-6	5	det1=true
[11472]	85	112	-10	2	-5	-8	det1=true
[11473]	86	112	-30	-2	-6	7	det1=true
[11474]	88	112	-26	-6	-6	-7	det1=true
[11475]	88	112	-33	-6	-6	7	det1=true
[11476]	88	112	-28	-6	-9	-2	det1=true
[11477]	91	112	-1	2	-4	-9	det1=true
[11478]	91	112	-10	2	-4	9	det1=true
[11479]	92	112	-36	-31	-3	-8	det1=true
[11480]	92	112	-44	-31	-3	8	det1=true
[11481]	93	112	-10	-6	-9	-4	det1=true
[11482]	93	112	-14	-6	-9	4	det1=true
[11483]	97	112	-32	-25	-9	-2	det1=true
[11484]	97	112	-34	-25	-9	2	det1=true
[11485]	97	112	-14	-5	-6	-8	det1=true
[11486]	97	112	-22	-5	-6	8	det1=true
[11487]	98	112	-42	2	-6	-7	det1=true
[11488]	98	112	-26	-1	-6	8	det1=true
[11489]	103	112	-33	-34	-2	-9	det1=true
[11490]	103	112	-42	-34	-2	9	det1=true
[11491]	104	112	-26	-22	-9	-4	det1=true
[11492]	105	112	-28	-9	-1	-10	det1=true
[11493]	105	112	-38	-9	-1	10	det1=true
[11494]	105	112	-27	-4	-10	-2	det1=true
[11495]	105	112	-29	-4	-10	2	det1=true
[11496]	105	112	-23	-8	-2	-10	det1=true
[11497]	105	112	-33	-8	-2	10	det1=true
[11498]	105	112	-25	-18	-10	-1	det1=true
[11499]	105	112	-26	-18	-10	1	det1=true
[11500]	107	112	-28	1	-2	-10	det1=true
[11501]	107	112	-38	1	-2	10	det1=true
[11502]	108	112	-12	2	-7	-8	det1=true
[11503]	108	112	-20	2	-7	8	det1=true
[11504]	110	112	-34	-17	-6	-8	det1=true
[11505]	110	112	-42	-17	-6	8	det1=true
[11506]	35	109	-16	-4	-5	3	det1=true
[11507]	38	109	-16	-2	-6	1	det1=true
[11508]	43	109	-16	-5	-4	-5	det1=true
[11509]	55	109	-19	-3	-7	-2	det1=true
[11510]	55	109	-21	-3	-7	2	det1=true
[11511]	57	109	-24	-4	-4	-6	det1=true
[11512]	57	109	-30	-4	-4	6	det1=true
[11513]	57	109	-27	-13	-7	1	det1=true
[11514]	58	109	-21	-12	-2	-7	det1=true
[11515]	58	109	-28	-12	-2	7	det1=true
[11516]	58	109	-22	-12	-7	-2	det1=true
[11517]	58	109	-24	-12	-7	2	det1=true
[11518]	63	109	-4	1	-4	-7	det1=true
[11519]	66	109	-16	0	-4	-7	det1=true
[11520]	66	109	-23	0	-4	7	det1=true
[11521]	76	109	-42	-5	-1	8	det1=true
[11522]	81	109	-35	-22	-7	-4	det1=true
[11523]	81	109	-33	-25	-1	-8	det1=true
[11524]	86	109	-28	-25	-3	-8	det1=true
[11525]	87	109	-8	-3	-8	-5	det1=true
[11526]	87	109	-13	-3	-8	5	det1=true
[11527]	87	109	-5	1	-9	-3	det1=true
[11528]	87	109	-8	1	-9	3	det1=true
[11529]	89	109	-15	4	-9	-3	det1=true
[11530]	89	109	-18	4	-9	3	det1=true
[11531]	90	109	-16	-8	-8	-5	det1=true
[11532]	90	109	-21	-8	-8	5	det1=true
[11533]	92	109	-37	2	-6	7	det1=true
[11534]	93	109	-42	-35	-8	-1	det1=true
[11535]	93	109	-43	-35	-8	1	det1=true
[11536]	94	109	-32	-15	-9	2	det1=true
[11537]	95	109	-9	-4	-9	-4	det1=true
[11538]	95	109	-13	-4	-9	4	det1=true
[11539]	97	109	-42	-36	-8	-2	det1=true
[11540]	97	109	-44	-36	-8	2	det1=true
[11541]	97	109	-36	-33	-5	-7	det1=true
[11542]	97	109	-32	-25	-1	-9	det1=true
[11543]	97	109	-41	-25	-1	9	det1=true
[11544]	97	109	-27	-25	-2	-9	det1=true
[11545]	97	109	-36	-25	-2	9	det1=true
[11546]	97	109	-5	-1	-6	-8	det1=true
[11547]	97	109	-13	-1	-6	8	det1=true
[11548]	98	109	-14	-4	-1	10	det1=true
[11549]	99	109	-32	-4	-3	-9	det1=true
[11550]	99	109	-41	-4	-3	9	det1=true
[11551]	100	109	-28	-21	-5	-8	det1=true
[11552]	100	109	-36	-21	-5	8	det1=true
[11553]	101	109	-19	-3	-8	-6	det1=true
[11554]	101	109	-25	-3	-8	6	det1=true
[11555]	102	109	-24	-10	-4	-9	det1=true
[11556]	102	109	-33	-10	-4	9	det1=true
[11557]	103	109	-46	-30	-7	-5	det1=true
[11558]	103	109	-51	-30	-7	5	det1=true
[11559]	104	109	-42	-16	-6	-7	det1=true
[11560]	104	109	-41	-18	-2	-9	det1=true
[11561]	104	109	-50	-18	-2	9	det1=true
[11562]	105	109	-44	-10	-9	3	det1=true
[11563]	106	109	-9	0	-10	-3	det1=true
[11564]	106	109	-12	0	-10	3	det1=true
[11565]	107	109	-39	-17	-3	-9	det1=true
[11566]	107	109	-48	-17	-3	9	det1=true
[11567]	107	109	-19	-22	-1	-10	det1=true
[11568]	107	109	-29	-22	-1	10	det1=true
[11569]	50	110	-8	-1	-6	4	det1=true
[11570]	51	110	-11	0	-2	7	det1=true
[11571]	58	110	-28	-13	-6	4	det1=true
[11572]	64	110	-22	-4	-6	-5	det1=true
[11573]	64	110	-27	-4	-6	5	det1=true
[11574]	74	110	-30	-16	-8	-1	det1=true
[11575]	74	110	-31	-16	-8	1	det1=true
[11576]	83	110	-14	4	-9	-2	det1=true
[11577]	83	110	-16	4	-9	2	det1=true
[11578]	86	110	-9	2	-8	-5	det1=true
[11579]	86	110	-14	2	-8	5	det1=true
[11580]	91	110	-28	-2	-8	5	det1=true
[11581]	92	110	-30	-4	-2	-9	det1=true
[11582]	92	110	-39	-4	-2	9	det1=true
[11583]	92	110	-22	-10	-8	-5	det1=true
[11584]	92	110	-27	-10	-8	5	det1=true
[11585]	94	110	-34	-10	-9	-2	det1=true
[11586]	94	110	-32	-11	-7	-6	det1=true
[11587]	94	110	-38	-11	-7	6	det1=true
[11588]	95	110	-27	-12	-8	-5	det1=true
[11589]	98	110	-42	-1	-5	8	det1=true
[11590]	98	110	-36	-18	-9	-2	det1=true
[11591]	98	110	-38	-18	-9	2	det1=true
[11592]	99	110	-12	-4	-1	-10	det1=true
[11593]	99	110	-22	-4	-1	10	det1=true
[11594]	100	110	-34	-25	-9	-2	det1=true
[11595]	100	110	-32	-26	-7	-6	det1=true
[11596]	100	110	-38	-26	-7	6	det1=true
[11597]	101	110	-34	-16	-5	-8	det1=true
[11598]	101	110	-42	-16	-5	8	det1=true
[11599]	102	110	-38	-9	-5	-8	det1=true
[11600]	103	110	-34	-29	-7	-6	det1=true
[11601]	103	110	-40	-29	-7	6	det1=true
[11602]	105	110	-45	-44	-2	-8	det1=true
[11603]	105	110	-53	-44	-2	8	det1=true
[11604]	106	110	-32	-14	-9	-4	det1=true
[11605]	106	110	-25	-16	-8	-6	det1=true
[11606]	106	110	-31	-16	-8	6	det1=true
[11607]	108	110	-54	-5	-5	8	det1=true
[11608]	110	110	-20	1	-7	8	det1=true
[11609]	42	111	-16	-4	-5	-4	det1=true
[11610]	51	111	-24	-1	-1	7	det1=true
[11611]	51	111	-15	-10	-7	-1	det1=true
[11612]	51	111	-16	-10	-7	1	det1=true
[11613]	51	111	-5	-5	-2	-7	det1=true
[11614]	52	111	-18	-2	-2	7	det1=true
[11615]	62	111	-7	0	-8	-1	det1=true
[11616]	62	111	-8	0	-8	1	det1=true
[11617]	67	111	-23	2	-7	-4	det1=true
[11618]	67	111	-27	2	-7	4	det1=true
[11619]	71	111	-29	-7	-7	-4	det1=true
[11620]	71	111	-33	-7	-7	4	det1=true
[11621]	71	111	-22	-8	-2	-8	det1=true
[11622]	87	111	-38	-11	-5	-7	det1=true
[11623]	87	111	-45	-11	-5	7	det1=true
[11624]	93	111	-43	-27	-7	5	det1=true
[11625]	95	111	-29	-9	-5	-8	det1=true
[11626]	95	111	-33	-17	-5	8	det1=true
[11627]	97	111	-35	2	-9	-3	det1=true
[11628]	97	111	-38	2	-9	3	det1=true
[11629]	97	111	-15	-13	-4	-9	det1=true
[11630]	97	111	-24	-13	-4	9	det1=true
[11631]	99	111	-38	-1	-8	-5	det1=true
[11632]	109	111	-44	-20	-9	-3	det1=true
[11633]	109	111	-47	-20	-9	3	det1=true
[11634]	111	111	-66	-29	-8	-1	det1=true
[11635]	111	111	-67	-29	-8	1	det1=true
[11636]	111	111	-51	-25	-1	-9	det1=true
[11637]	111	111	-60	-25	-1	9	det1=true
[11638]	38	112	-4	-3	-2	-6	det1=true
[11639]	38	112	-10	-3	-2	6	det1=true
[11640]	39	112	-6	2	-4	-5	det1=true
[11641]	39	112	-11	2	-4	5	det1=true
[11642]	45	112	-18	-16	-4	-5	det1=true
[11643]	45	112	-23	-16	-4	5	det1=true
[11644]	49	112	-3	0	-4	-6	det1=true
[11645]	49	112	-9	0	-4	6	det1=true
[11646]	59	112	-28	-19	-6	4	det1=true
[11647]	61	112	0	-2	-1	-8	det1=true
[11648]	61	112	-8	-2	-1	8	det1=true
[11649]	66	112	-18	-10	-7	-4	det1=true
[11650]	66	112	-22	-10	-7	4	det1=true
[11651]	69	112	-28	-18	-1	8	det1=true
[11652]	71	112	-28	-22	-5	-6	det1=true
[11653]	71	112	-34	-22	-5	6	det1=true
[11654]	74	112	-16	-14	-3	-8	det1=true
[11655]	74	112	-24	-14	-3	8	det1=true
[11656]	82	112	-12	-6	-9	-2	det1=true
[11657]	82	112	-14	-6	-9	2	det1=true
[11658]	83	112	-16	-2	-7	-6	det1=true
[11659]	83	112	-22	-2	-7	6	det1=true
[11660]	86	112	-23	-2	-6	-7	det1=true
[11661]	92	112	-38	-1	-9	2	det1=true
[11662]	93	112	-29	-6	-8	-5	det1=true
[11663]	93	112	-34	-6	-8	5	det1=true
[11664]	94	112	-16	-2	-9	-4	det1=true
[11665]	95	112	-40	-31	-3	-8	det1=true
[11666]	95	112	-48	-31	-3	8	det1=true
[11667]	98	112	-17	-6	-8	-6	det1=true
[11668]	98	112	-23	-6	-8	6	det1=true
[11669]	99	112	-46	-42	-8	-1	det1=true
[11670]	99	112	-47	-42	-8	1	det1=true
[11671]	100	112	-22	-3	-2	10	det1=true
[11672]	103	112	-21	-18	-8	-6	det1=true
[11673]	103	112	-27	-18	-8	6	det1=true
[11674]	104	112	-31	0	-8	-6	det1=true
[11675]	104	112	-37	0	-8	6	det1=true
[11676]	108	112	-24	-19	-10	-2	det1=true
[11677]	109	112	-44	-46	-3	-8	det1=true
[11678]	109	112	-52	-46	-3	8	det1=true
[11679]	109	112	-31	-12	-10	-2	det1=true
[11680]	109	112	-33	-12	-10	2	det1=true
[11681]	109	112	-27	-18	-10	-2	det1=true
[11682]	109	112	-29	-18	-10	2	det1=true
[11683]	30	109	-14	0	-5	-2	det1=true
[11684]	30	109	-16	0	-5	2	det1=true
[11685]	35	109	-14	-1	-5	-3	det1=true
[11686]	35	109	-17	-1	-5	3	det1=true
[11687]	38	109	-15	-2	-6	-1	det1=true
[11688]	49	109	-6	-3	-1	-7	det1=true
[11689]	51	109	-11	-10	-1	-7	det1=true
[11690]	51	109	-18	-10	-1	7	det1=true
[11691]	56	109	-18	-13	-6	-4	det1=true
[11692]	56	109	-22	-13	-6	4	det1=true
[11693]	61	109	-20	-7	-7	-3	det1=true
[11694]	61	109	-23	-7	-7	3	det1=true
[11695]	63	109	-7	3	-8	-1	det1=true
[11696]	63	109	-8	3	-8	1	det1=true
[11697]	65	109	-29	-23	-6	-4	det1=true
[11698]	67	109	-26	-7	-6	-5	det1=true
[11699]	67	109	-31	-7	-6	5	det1=true
[11700]	73	109	-24	-6	-2	-8	det1=true
[11701]	73	109	-32	-6	-2	8	det1=true
[11702]	76	109	-23	-2	-8	-3	det1=true
[11703]	76	109	-26	-2	-8	3	det1=true
[11704]	78	109	-29	-16	-2	-8	det1=true
[11705]	78	109	-37	-16	-2	8	det1=true
[11706]	81	109	-41	-25	-1	8	det1=true
[11707]	81	109	-31	-27	-7	-4	det1=true
[11708]	86	109	-16	-6	-2	-9	det1=true
[11709]	86	109	-25	-6	-2	9	det1=true
[11710]	89	109	-21	1	-3	9	det1=true
[11711]	89	109	-9	-8	-3	-9	det1=true
[11712]	89	109	-18	-8	-3	9	det1=true
[11713]	91	109	-20	-13	-8	5	det1=true
[11714]	93	109	-39	-37	-4	-7	det1=true
[11715]	93	109	-46	-37	-4	7	det1=true
[11716]	99	109	-31	-13	-9	-3	det1=true
[11717]	99	109	-34	-13	-9	3	det1=true
[11718]	105	109	-41	-10	-9	-3	det1=true
[11719]	105	109	-37	-27	-6	-7	det1=true
[11720]	105	109	-44	-27	-6	7	det1=true
[11721]	107	109	-51	-16	-9	-1	det1=true
[11722]	107	109	-52	-16	-9	1	det1=true
[11723]	109	109	-39	-24	-9	-3	det1=true
[11724]	109	109	-42	-24	-9	3	det1=true
[11725]	109	109	-36	-27	-3	-9	det1=true
[11726]	109	109	-45	-27	-3	9	det1=true
[11727]	24	110	-3	2	-4	-3	det1=true
[11728]	24	110	-6	2	-4	3	det1=true
[11729]	38	110	-14	-8	-6	1	det1=true
[11730]	63	110	-14	-4	-1	8	det1=true
[11731]	65	110	-24	-3	-5	-6	det1=true
[11732]	69	110	-16	-19	-1	-8	det1=true
[11733]	69	110	-24	-19	-1	8	det1=true
[11734]	70	110	-20	1	-2	-8	det1=true
[11735]	70	110	-28	1	-2	8	det1=true
[11736]	74	110	-34	-18	-4	7	det1=true
[11737]	76	110	-28	-22	-7	-4	det1=true
[11738]	76	110	-32	-22	-7	4	det1=true
[11739]	84	110	-34	-30	-4	-7	det1=true
[11740]	85	110	-37	-28	-4	-7	det1=true
[11741]	85	110	-44	-28	-4	7	det1=true
[11742]	91	110	-23	-2	-8	-5	det1=true
[11743]	92	110	-31	-2	-6	-7	det1=true
[11744]	92	110	-38	-2	-6	7	det1=true
[11745]	93	110	-20	-16	-8	-5	det1=true
[11746]	93	110	-25	-16	-8	5	det1=true
[11747]	95	110	-31	2	-8	-5	det1=true
[11748]	95	110	-36	2	-8	5	det1=true
[11749]	100	110	-38	-2	-8	-5	det1=true
[11750]	100	110	-43	-2	-8	5	det1=true
[11751]	100	110	-36	-25	-9	2	det1=true
[11752]	101	110	-39	-4	-8	-5	det1=true
[11753]	102	110	-16	-1	-10	-2	det1=true
[11754]	102	110	-18	-1	-10	2	det1=true
[11755]	104	110	-34	-24	-8	-5	det1=true
[11756]	104	110	-39	-24	-8	5	det1=true
[11757]	104	110	-16	-11	-10	-2	det1=true
[11758]	104	110	-18	-11	-10	2	det1=true
[11759]	106	110	-36	-14	-9	4	det1=true
[11760]	108	110	-24	-11	-2	-10	det1=true
[11761]	108	110	-34	-11	-2	10	det1=true
[11762]	27	111	-13	-7	-5	-1	det1=true
[11763]	27	111	-14	-7	-5	1	det1=true
[11764]	52	111	-11	-2	-2	-7	det1=true
[11765]	62	111	-5	2	-4	-7	det1=true
[11766]	71	111	-30	-8	-2	8	det1=true
[11767]	71	111	-12	-5	-5	7	det1=true
[11768]	72	111	-22	-22	-1	-8	det1=true
[11769]	72	111	-30	-22	-1	8	det1=true
[11770]	73	111	-27	-26	-5	-6	det1=true
[11771]	73	111	-33	-26	-5	6	det1=true
[11772]	75	111	-19	-7	-7	-5	det1=true
[11773]	75	111	-24	-7	-7	5	det1=true
[11774]	83	111	-12	-5	-2	-9	det1=true
[11775]	83	111	-21	-5	-2	9	det1=true
[11776]	85	111	-33	-26	-5	7	det1=true
[11777]	87	111	-41	0	-7	-5	det1=true
[11778]	87	111	-46	0	-7	5	det1=true
[11779]	89	111	-19	-1	-9	-3	det1=true
[11780]	89	111	-22	-1	-9	3	det1=true
[11781]	89	111	-16	-4	-3	-9	det1=true
[11782]	89	111	-25	-4	-3	9	det1=true
[11783]	91	111	-21	-11	-8	-5	det1=true
[11784]	91	111	-26	-11	-8	5	det1=true
[11785]	93	111	-41	-24	-3	-8	det1=true
[11786]	93	111	-37	-28	-5	-7	det1=true
[11787]	93	111	-44	-28	-5	7	det1=true
[11788]	95	111	-25	-17	-5	-8	det1=true
[11789]	97	111	-41	-30	-7	-5	det1=true
[11790]	97	111	-46	-30	-7	5	det1=true
[11791]	99	111	-37	-27	-9	-1	det1=true
[11792]	99	111	-38	-27	-9	1	det1=true
[11793]	99	111	-33	-31	-1	-9	det1=true
[11794]	99	111	-42	-31	-1	9	det1=true
[11795]	100	111	-9	-2	-2	-10	det1=true
[11796]	100	111	-19	-2	-2	10	det1=true
[11797]	101	111	-42	-11	-2	-9	det1=true
[11798]	101	111	-51	-11	-2	9	det1=true
[11799]	59	112	-24	-19	-6	-4	det1=true
[11800]	63	112	-10	-6	-4	-7	det1=true
[11801]	63	112	-17	-6	-4	7	det1=true
[11802]	66	112	-16	-13	-1	-8	det1=true
[11803]	66	112	-24	-13	-1	8	det1=true
[11804]	67	112	-18	-14	-1	-8	det1=true
[11805]	73	112	-32	-11	-7	-4	det1=true
[11806]	73	112	-36	-11	-7	4	det1=true
[11807]	76	112	-18	-18	-3	-8	det1=true
[11808]	76	112	-26	-18	-3	8	det1=true
[11809]	88	112	-25	-8	-2	-9	det1=true
[11810]	88	112	-34	-8	-2	9	det1=true
[11811]	88	112	-30	-6	-9	2	det1=true
[11812]	92	112	-36	-1	-9	-2	det1=true
[11813]	94	112	-14	-6	-9	-4	det1=true
[11814]	95	112	-32	-2	-5	-8	det1=true
[11815]	95	112	-40	-2	-5	8	det1=true
[11816]	95	112	-34	-14	-8	5	det1=true
[11817]	100	112	-22	-17	-9	-4	det1=true
[11818]	100	112	-26	-17	-9	4	det1=true
[11819]	100	112	-16	1	-10	-2	det1=true
[11820]	100	112	-18	1	-10	2	det1=true
[11821]	104	112	-34	-17	-9	4	det1=true
[11822]	104	112	-30	-22	-9	4	det1=true
[11823]	111	112	-42	-29	-5	-8	det1=true
[11824]	111	112	-50	-29	-5	8	det1=true
[11825]	30	109	-11	-6	-2	-5	det1=true
[11826]	30	109	-16	-6	-2	5	det1=true
[11827]	49	109	-13	-3	-1	7	det1=true
[11828]	49	109	-8	-2	-7	-1	det1=true
[11829]	49	109	-9	-2	-7	1	det1=true
[11830]	61	109	-22	-22	-4	-6	det1=true
[11831]	61	109	-20	-3	-3	-7	det1=true
[11832]	61	109	-27	-3	-3	7	det1=true
[11833]	61	109	-25	-9	-3	7	det1=true
[11834]	66	109	-12	-10	-4	-7	det1=true
[11835]	66	109	-19	-10	-4	7	det1=true
[11836]	81	109	-29	-2	-5	-7	det1=true
[11837]	81	109	-36	-2	-5	7	det1=true
[11838]	83	109	-7	-3	-7	-6	det1=true
[11839]	83	109	-13	-3	-7	6	det1=true
[11840]	86	109	-36	-25	-3	8	det1=true
[11841]	87	109	-37	-7	-5	-7	det1=true
[11842]	87	109	-44	-7	-5	7	det1=true
[11843]	91	109	-32	-12	-9	-1	det1=true
[11844]	91	109	-33	-12	-9	1	det1=true
[11845]	91	109	-15	-13	-8	-5	det1=true
[11846]	93	109	-19	-11	-3	-9	det1=true
[11847]	94	109	-31	-8	-2	-9	det1=true
[11848]	98	109	-34	-19	-9	-2	det1=true
[11849]	100	109	-22	-5	-1	10	det1=true
[11850]	101	109	-35	-3	-3	-9	det1=true
[11851]	101	109	-44	-3	-3	9	det1=true
[11852]	103	109	-43	-19	-1	-9	det1=true
[11853]	103	109	-52	-19	-1	9	det1=true
[11854]	104	109	-49	-16	-6	7	det1=true
[11855]	105	109	-17	-19	-1	-10	det1=true
[11856]	105	109	-27	-19	-1	10	det1=true
[11857]	108	109	-22	-21	-1	-10	det1=true
[11858]	108	109	-32	-21	-1	10	det1=true
[11859]	38	110	-13	-8	-6	-1	det1=true
[11860]	56	110	-24	-3	-6	-4	det1=true
[11861]	56	110	-28	-3	-6	4	det1=true
[11862]	60	110	-26	-21	-6	4	det1=true
[11863]	62	110	-17	-4	-6	-5	det1=true
[11864]	62	110	-22	-4	-6	5	det1=true
[11865]	63	110	-6	-4	-1	-8	det1=true
[11866]	67	110	-29	-28	-6	-4	det1=true
[11867]	67	110	-33	-28	-6	4	det1=true
[11868]	69	110	-18	-16	-7	-4	det1=true
[11869]	69	110	-22	-16	-7	4	det1=true
[11870]	94	110	-36	-10	-9	2	det1=true
[11871]	98	110	-34	-1	-5	-8	det1=true
[11872]	101	110	-44	-4	-8	5	det1=true
[11873]	102	110	-18	-10	-1	-10	det1=true
[11874]	102	110	-28	-10	-1	10	det1=true
[11875]	102	110	-10	-9	-2	-10	det1=true
[11876]	102	110	-20	-9	-2	10	det1=true
[11877]	105	110	-48	-41	-8	-2	det1=true
[11878]	105	110	-50	-41	-8	2	det1=true
[11879]	106	110	-16	-17	-2	-10	det1=true
[11880]	106	110	-26	-17	-2	10	det1=true
[11881]	106	110	-14	4	-10	-3	det1=true
[11882]	106	110	-17	4	-10	3	det1=true
[11883]	108	110	-46	-5	-5	-8	det1=true
[11884]	61	111	-15	-5	-5	-6	det1=true
[11885]	61	111	-21	-5	-5	6	det1=true
[11886]	71	111	-28	-27	-3	-7	det1=true
[11887]	71	111	-35	-27	-3	7	det1=true
[11888]	71	111	-27	-10	-1	-8	det1=true
[11889]	71	111	-35	-10	-1	8	det1=true
[11890]	71	111	-6	-4	-7	-5	det1=true
[11891]	71	111	-11	-4	-7	5	det1=true
[11892]	81	111	-19	0	-9	-1	det1=true
[11893]	81	111	-20	0	-9	1	det1=true
[11894]	81	111	-15	-4	-1	-9	det1=true
[11895]	81	111	-24	-4	-1	9	det1=true
[11896]	99	111	-43	-1	-8	5	det1=true
[11897]	104	111	-44	-45	-2	-8	det1=true
[11898]	108	111	-38	-28	-8	-5	det1=true
[11899]	108	111	-43	-28	-8	5	det1=true
[11900]	109	111	-24	-11	-5	-9	det1=true
[11901]	109	111	-33	-11	-5	9	det1=true
[11902]	110	111	-48	-11	-5	-8	det1=true
[11903]	110	111	-56	-11	-5	8	det1=true
[11904]	38	112	-7	2	-6	-2	det1=true
[11905]	38	112	-9	2	-6	2	det1=true
[11906]	51	112	-7	-6	-2	-7	det1=true
[11907]	51	112	-14	-6	-2	7	det1=true
[11908]	66	112	-26	1	-7	4	det1=true
[11909]	67	112	-20	-11	-7	-4	det1=true
[11910]	67	112	-24	-11	-7	4	det1=true
[11911]	69	112	-20	-18	-1	-8	det1=true
[11912]	72	112	-15	-8	-8	-3	det1=true
[11913]	72	112	-18	-8	-8	3	det1=true
[11914]	73	112	-30	-14	-1	-8	det1=true
[11915]	73	112	-38	-14	-1	8	det1=true
[11916]	74	112	-18	-11	-3	-8	det1=true
[11917]	83	112	-18	-1	-9	-2	det1=true
[11918]	83	112	-20	-1	-9	2	det1=true
[11919]	84	112	-4	-2	-5	-8	det1=true
[11920]	84	112	-12	-2	-5	8	det1=true
[11921]	85	112	-9	-4	-8	-5	det1=true
[11922]	89	112	-23	-16	-6	-7	det1=true
[11923]	89	112	-30	-16	-6	7	det1=true
[11924]	90	112	-18	-14	-5	-8	det1=true
[11925]	90	112	-26	-14	-5	8	det1=true
[11926]	92	112	-33	-20	-6	7	det1=true
[11927]	94	112	-20	-2	-9	4	det1=true
[11928]	98	112	-18	-1	-6	-8	det1=true
[11929]	99	112	-38	2	-5	-8	det1=true
[11930]	100	112	-17	-14	-8	-6	det1=true
[11931]	100	112	-23	-14	-8	6	det1=true
[11932]	105	112	-46	-49	-1	-8	det1=true
[11933]	105	112	-34	-29	-5	-8	det1=true
[11934]	109	112	-50	-22	-9	-2	det1=true
[11935]	109	112	-52	-22	-9	2	det1=true
[11936]	109	112	-30	-21	-6	-8	det1=true
[11937]	109	112	-38	-21	-6	8	det1=true
[11938]	111	112	-38	-1	-1	-10	det1=true
[11939]	111	112	-48	-1	-1	10	det1=true
[11940]	112	112	-43	-28	-4	9	det1=true
[11941]	49	109	-9	0	-7	-1	det1=true
[11942]	49	109	-10	0	-7	1	det1=true
[11943]	52	109	-6	-4	-2	-7	det1=true
[11944]	52	109	-13	-4	-2	7	det1=true
[11945]	56	109	-20	-7	-7	-2	det1=true
[11946]	56	109	-22	-7	-7	2	det1=true
[11947]	57	109	-26	-13	-7	-1	det1=true
[11948]	57	109	-23	-16	-1	-7	det1=true
[11949]	57	109	-30	-16	-1	7	det1=true
[11950]	61	109	-28	-22	-4	6	det1=true
[11951]	61	109	-18	-9	-3	-7	det1=true
[11952]	64	109	-20	-5	-5	-6	det1=true
[11953]	64	109	-26	-5	-5	6	det1=true
[11954]	69	109	-18	-2	-8	-2	det1=true
[11955]	69	109	-20	-2	-8	2	det1=true
[11956]	72	109	-20	-21	-1	-8	det1=true
[11957]	72	109	-28	-21	-1	8	det1=true
[11958]	72	109	-8	-6	-3	-8	det1=true
[11959]	72	109	-16	-6	-3	8	det1=true
[11960]	79	109	-20	-15	-5	-7	det1=true
[11961]	81	109	-35	-27	-7	4	det1=true
[11962]	85	109	-36	-2	-7	-5	det1=true
[11963]	85	109	-41	-2	-7	5	det1=true
[11964]	88	109	-17	-14	-2	-9	det1=true
[11965]	88	109	-26	-14	-2	9	det1=true
[11966]	88	109	-12	-1	-5	-8	det1=true
[11967]	89	109	-25	0	-7	-6	det1=true
[11968]	89	109	-31	0	-7	6	det1=true
[11969]	91	109	-41	-32	-7	-4	det1=true
[11970]	91	109	-45	-32	-7	4	det1=true
[11971]	92	109	-22	-14	-8	5	det1=true
[11972]	93	109	-28	-11	-3	9	det1=true
[11973]	94	109	-6	0	-9	-4	det1=true
[11974]	99	109	-35	-1	-9	-3	det1=true
[11975]	99	109	-38	-1	-9	3	det1=true
[11976]	100	109	-12	-5	-1	-10	det1=true
[11977]	105	109	-36	-29	-2	-9	det1=true
[11978]	105	109	-45	-29	-2	9	det1=true
[11979]	107	109	-47	-20	-1	-9	det1=true
[11980]	107	109	-56	-20	-1	9	det1=true
[11981]	107	109	-25	-13	-1	-10	det1=true
[11982]	107	109	-35	-13	-1	10	det1=true
[11983]	107	109	-17	3	-10	3	det1=true
[11984]	59	110	-7	0	-6	-5	det1=true
[11985]	59	110	-12	0	-6	5	det1=true
[11986]	61	110	-14	-3	-5	-6	det1=true
[11987]	61	110	-20	-3	-5	6	det1=true
[11988]	63	110	-6	-4	-7	-4	det1=true
[11989]	65	110	-30	-3	-5	6	det1=true
[11990]	66	110	-6	-5	-2	-8	det1=true
[11991]	66	110	-14	-5	-2	8	det1=true
[11992]	77	110	-32	-18	-4	-7	det1=true
[11993]	82	110	-34	-33	-5	-6	det1=true
[11994]	82	110	-40	-33	-5	6	det1=true
[11995]	86	110	-6	-4	-8	-5	det1=true
[11996]	86	110	-11	-4	-8	5	det1=true
[11997]	91	110	-29	-4	-6	-7	det1=true
[11998]	91	110	-28	-6	-2	-9	det1=true
[11999]	91	110	-37	-6	-2	9	det1=true
[12000]	98	110	-33	-10	-8	-5	det1=true
[12001]	98	110	-38	-10	-8	5	det1=true
[12002]	104	110	-42	2	-5	-8	det1=true
[12003]	104	110	-50	2	-5	8	det1=true
[12004]	53	111	-18	-13	-1	-7	det1=true
[12005]	53	111	-25	-13	-1	7	det1=true
[12006]	68	111	-14	-9	-2	-8	det1=true
[12007]	68	111	-22	-9	-2	8	det1=true
[12008]	73	111	-13	-7	-7	-5	det1=true
[12009]	76	111	-36	-10	-7	-4	det1=true
[12010]	76	111	-40	-10	-7	4	det1=true
[12011]	97	111	-32	-1	-3	-9	det1=true
[12012]	97	111	-41	-1	-3	9	det1=true
[12013]	101	111	-43	-9	-6	-7	det1=true
[12014]	102	111	-19	-14	-10	-1	det1=true
[12015]	103	111	-30	-7	-4	-9	det1=true
[12016]	103	111	-39	-7	-4	9	det1=true
[12017]	104	111	-52	-45	-2	8	det1=true
[12018]	109	111	-38	-1	-10	-1	det1=true
[12019]	109	111	-39	-1	-10	1	det1=true
[12020]	111	111	-38	-32	-9	-3	det1=true
[12021]	111	111	-41	-32	-9	3	det1=true
[12022]	58	112	-5	-4	-6	-5	det1=true
[12023]	58	112	-10	-4	-6	5	det1=true
[12024]	61	112	-2	1	-7	-4	det1=true
[12025]	61	112	-6	1	-7	4	det1=true
[12026]	65	112	-22	-14	-6	-5	det1=true
[12027]	65	112	-27	-14	-6	5	det1=true
[12028]	66	112	-22	1	-7	-4	det1=true
[12029]	67	112	-26	-14	-1	8	det1=true
[12030]	74	112	-34	-10	-7	-4	det1=true
[12031]	74	112	-38	-10	-7	4	det1=true
[12032]	92	112	-26	-20	-6	-7	det1=true
[12033]	95	112	-6	-5	-6	-8	det1=true
[12034]	95	112	-14	-5	-6	8	det1=true
[12035]	96	112	-32	-9	-5	-8	det1=true
[12036]	96	112	-40	-9	-5	8	det1=true
[12037]	100	112	-46	-32	-8	-3	det1=true
[12038]	100	112	-49	-32	-8	3	det1=true
[12039]	104	112	-30	-17	-9	-4	det1=true
[12040]	107	112	-29	-18	-8	-6	det1=true
[12041]	107	112	-35	-18	-8	6	det1=true
[12042]	110	112	-44	-2	-9	-4	det1=true
[12043]	110	112	-48	-2	-9	4	det1=true
[12044]	112	112	-34	-28	-4	-9	det1=true
[12045]	62	109	-16	0	-5	-6	det1=true
[12046]	62	109	-22	0	-5	6	det1=true
[12047]	75	109	-17	1	-5	-7	det1=true
[12048]	75	109	-13	-10	-7	-5	det1=true
[12049]	79	109	-23	-10	-5	-7	det1=true
[12050]	79	109	-30	-10	-5	7	det1=true
[12051]	79	109	-27	-15	-5	7	det1=true
[12052]	82	109	-17	-10	-8	-4	det1=true
[12053]	82	109	-21	-10	-8	4	det1=true
[12054]	89	109	-21	-11	-6	-7	det1=true
[12055]	89	109	-28	-11	-6	7	det1=true
[12056]	91	109	-26	-9	-6	-7	det1=true
[12057]	91	109	-33	-9	-6	7	det1=true
[12058]	94	109	-40	-8	-2	9	det1=true
[12059]	94	109	-25	-20	-6	-7	det1=true
[12060]	94	109	-32	-20	-6	7	det1=true
[12061]	97	109	-36	-21	-9	-1	det1=true
[12062]	97	109	-37	-21	-9	1	det1=true
[12063]	98	109	-4	-4	-1	-10	det1=true
[12064]	107	109	-21	2	-9	-5	det1=true
[12065]	42	110	-16	2	-5	-4	det1=true
[12066]	42	110	-20	2	-5	4	det1=true
[12067]	97	110	-44	-43	-5	-6	det1=true
[12068]	97	110	-50	-43	-5	6	det1=true
[12069]	97	110	-44	-35	-8	-2	det1=true
[12070]	97	110	-46	-35	-8	2	det1=true
[12071]	104	110	-18	-3	-2	-10	det1=true
[12072]	104	110	-28	-3	-2	10	det1=true
[12073]	105	110	-32	-28	-5	-8	det1=true
[12074]	105	110	-40	-28	-5	8	det1=true
[12075]	106	110	-22	-5	-2	-10	det1=true
[12076]	106	110	-32	-5	-2	10	det1=true
[12077]	108	110	-28	-14	-1	-10	det1=true
[12078]	108	110	-38	-14	-1	10	det1=true
[12079]	109	110	-14	-13	-3	-10	det1=true
[12080]	109	110	-24	-13	-3	10	det1=true
[12081]	41	111	-15	-5	-2	-6	det1=true
[12082]	41	111	-21	-5	-2	6	det1=true
[12083]	41	111	-13	-3	-5	-4	det1=true
[12084]	41	111	-17	-3	-5	4	det1=true
[12085]	42	111	-14	-8	-5	-4	det1=true
[12086]	42	111	-18	-8	-5	4	det1=true
[12087]	73	111	-12	-8	-5	-7	det1=true
[12088]	73	111	-19	-8	-5	7	det1=true
[12089]	85	111	-5	-3	-5	-8	det1=true
[12090]	85	111	-13	-3	-5	8	det1=true
[12091]	35	112	-6	2	-6	-1	det1=true
[12092]	35	112	-7	2	-6	1	det1=true
[12093]	66	112	-24	-14	-5	-6	det1=true
[12094]	66	112	-30	-14	-5	6	det1=true
[12095]	73	112	-30	-24	-6	-5	det1=true
[12096]	82	112	-34	-30	-1	-8	det1=true
[12097]	82	112	-42	-30	-1	8	det1=true
[12098]	101	112	-22	-10	-10	-1	det1=true
[12099]	101	112	-23	-10	-10	1	det1=true
[12100]	106	112	-30	-14	-10	-1	det1=true
[12101]	106	112	-31	-14	-10	1	det1=true
[12102]	112	112	-35	-6	-2	-10	det1=true
[12103]	37	109	-9	-3	-1	-6	det1=true
[12104]	37	109	-15	-3	-1	6	det1=true
[12105]	40	109	-11	-2	-6	-2	det1=true
[12106]	40	109	-13	-2	-6	2	det1=true
[12107]	66	109	-32	-20	-7	-2	det1=true
[12108]	66	109	-34	-20	-7	2	det1=true
[12109]	66	109	-15	-8	-8	-1	det1=true
[12110]	70	109	-27	-4	-8	-1	det1=true
[12111]	70	109	-28	-4	-8	1	det1=true
[12112]	71	109	-3	-5	-3	-8	det1=true
[12113]	71	109	-11	-5	-3	8	det1=true
[12114]	75	109	-12	-11	-5	-7	det1=true
[12115]	75	109	-19	-11	-5	7	det1=true
[12116]	79	109	-21	-14	-7	-5	det1=true
[12117]	79	109	-26	-14	-7	5	det1=true
[12118]	81	109	-13	-3	-9	-1	det1=true
[12119]	81	109	-14	-3	-9	1	det1=true
[12120]	95	109	-37	2	-9	-2	det1=true
[12121]	95	109	-39	2	-9	2	det1=true
[12122]	101	109	-18	-4	-6	-8	det1=true
[12123]	101	109	-26	-4	-6	8	det1=true
[12124]	104	109	-39	-22	-6	-7	det1=true
[12125]	104	109	-46	-22	-6	7	det1=true
[12126]	107	109	-14	3	-10	-3	det1=true
[12127]	52	110	-13	-2	-4	-6	det1=true
[12128]	52	110	-19	-2	-4	6	det1=true
[12129]	60	110	-22	-21	-6	-4	det1=true
[12130]	74	110	-27	-18	-4	-7	det1=true
[12131]	98	110	-30	-16	-8	-5	det1=true
[12132]	98	110	-35	-16	-8	5	det1=true
[12133]	102	110	-41	2	-8	-5	det1=true
[12134]	102	110	-46	2	-8	5	det1=true
[12135]	55	111	-21	-7	-4	-6	det1=true
[12136]	55	111	-27	-7	-4	6	det1=true
[12137]	73	111	-18	-7	-7	5	det1=true
[12138]	85	111	-8	3	-8	-5	det1=true
[12139]	85	111	-13	3	-8	5	det1=true
[12140]	89	111	-20	-3	-8	-5	det1=true
[12141]	89	111	-25	-3	-8	5	det1=true
[12142]	90	111	-18	-11	-5	-8	det1=true
[12143]	90	111	-26	-11	-5	8	det1=true
[12144]	111	111	-25	-3	-7	8	det1=true
[12145]	80	112	-2	-2	-6	-7	det1=true
[12146]	80	112	-9	-2	-6	7	det1=true
[12147]	85	112	-14	-4	-8	5	det1=true
[12148]	87	112	-26	-6	-9	-2	det1=true
[12149]	87	112	-28	-6	-9	2	det1=true
[12150]	89	112	-22	-18	-2	-9	det1=true
[12151]	89	112	-31	-18	-2	9	det1=true
[12152]	92	112	-34	-2	-7	-6	det1=true
[12153]	92	112	-40	-2	-7	6	det1=true
[12154]	95	112	-29	-14	-8	-5	det1=true
[12155]	97	112	-27	-12	-4	9	det1=true
[12156]	103	112	-24	1	-10	-2	det1=true
[12157]	103	112	-26	1	-10	2	det1=true
[12158]	62	109	-16	-2	-6	-5	det1=true
[12159]	62	109	-21	-2	-6	5	det1=true
[12160]	88	109	-10	-6	-5	-8	det1=true
[12161]	88	109	-18	-6	-5	8	det1=true
[12162]	91	109	-28	-16	-1	-9	det1=true
[12163]	91	109	-37	-16	-1	9	det1=true
[12164]	101	109	-27	2	-9	-4	det1=true
[12165]	101	109	-31	2	-9	4	det1=true
[12166]	107	109	-49	-14	-1	-9	det1=true
[12167]	107	109	-58	-14	-1	9	det1=true
[12168]	53	110	-9	-10	-2	-7	det1=true
[12169]	65	110	-28	-24	-7	-2	det1=true
[12170]	65	110	-30	-24	-7	2	det1=true
[12171]	84	110	-12	-7	-7	-6	det1=true
[12172]	84	110	-18	-7	-7	6	det1=true
[12173]	49	111	-7	-9	-1	-7	det1=true
[12174]	49	111	-14	-9	-1	7	det1=true
[12175]	101	111	-50	-9	-6	7	det1=true
[12176]	111	111	-17	-3	-7	-8	det1=true
[12177]	73	112	-35	-24	-6	5	det1=true
[12178]	74	112	-40	-13	-1	8	det1=true
[12179]	86	112	-22	-4	-2	-9	det1=true
[12180]	86	112	-31	-4	-2	9	det1=true
[12181]	100	112	-49	-12	-6	7	det1=true
[12182]	102	112	-22	5	-10	-2	det1=true
[12183]	30	109	-10	-8	-5	-2	det1=true
[12184]	30	109	-12	-8	-5	2	det1=true
[12185]	66	109	-16	-8	-8	1	det1=true
[12186]	97	109	-28	-23	-6	-7	det1=true
[12187]	97	109	-35	-23	-6	7	det1=true
[12188]	65	110	-15	-6	-8	-1	det1=true
[12189]	65	110	-16	-6	-8	1	det1=true
[12190]	65	110	-12	-8	-4	-7	det1=true
[12191]	65	110	-19	-8	-4	7	det1=true
[12192]	68	110	-15	-6	-8	-2	det1=true
[12193]	68	110	-17	-6	-8	2	det1=true
[12194]	99	110	-43	-18	-8	-4	det1=true
[12195]	102	110	-12	-5	-2	-10	det1=true
[12196]	102	110	-22	-5	-2	10	det1=true
[12197]	107	110	-50	-44	-7	-4	det1=true
[12198]	107	110	-54	-44	-7	4	det1=true
[12199]	46	111	-17	-4	-6	-3	det1=true
[12200]	46	111	-20	-4	-6	3	det1=true
[12201]	76	111	-34	-13	-1	-8	det1=true
[12202]	76	111	-42	-13	-1	8	det1=true
[12203]	90	111	-23	0	-8	-5	det1=true
[12204]	90	111	-28	0	-8	5	det1=true
[12205]	61	112	-27	-20	-4	-6	det1=true
[12206]	74	112	-32	-13	-1	-8	det1=true
[12207]	100	112	-42	-12	-6	-7	det1=true
[12208]	57	109	-18	-16	-4	-6	det1=true
[12209]	57	109	-24	-16	-4	6	det1=true
[12210]	73	109	-8	-6	-5	-7	det1=true
[12211]	73	109	-15	-6	-5	7	det1=true
[12212]	66	110	-21	-10	-4	7	det1=true
[12213]	85	110	-17	-2	-6	-7	det1=true
[12214]	85	110	-24	-2	-6	7	det1=true
[12215]	85	110	-16	-4	-2	-9	det1=true
[12216]	85	110	-25	-4	-2	9	det1=true
[12217]	99	110	-47	-18	-8	4	det1=true
[12218]	101	110	-40	-14	-2	-9	det1=true
[12219]	104	110	-12	-15	-2	-10	det1=true
[12220]	104	110	-22	-15	-2	10	det1=true
[12221]	63	111	-10	1	-4	-7	det1=true
[12222]	108	111	-28	-1	-2	-10	det1=true
[12223]	108	111	-38	-1	-2	10	det1=true
[12224]	74	112	-30	-26	-6	-5	det1=true
[12225]	74	112	-35	-26	-6	5	det1=true
[12226]	100	112	-41	-14	-2	-9	det1=true
[12227]	94	109	-33	0	-6	-7	det1=true
[12228]	94	109	-40	0	-6	7	det1=true
[12229]	94	109	-32	-2	-2	-9	det1=true
[12230]	94	109	-41	-2	-2	9	det1=true
[12231]	29	110	-10	-3	-5	-2	det1=true
[12232]	41	110	-12	0	-4	-5	det1=true
[12233]	41	110	-17	0	-4	5	det1=true
[12234]	66	110	-14	-10	-4	-7	det1=true
[12235]	95	110	-24	-16	-5	-8	det1=true
[12236]	95	110	-32	-16	-5	8	det1=true
[12237]	97	112	-18	-12	-4	-9	det1=true
[12238]	100	112	-50	-14	-2	9	det1=true
[12239]	102	109	-38	-3	-5	-8	det1=true
[12240]	102	109	-46	-3	-5	8	det1=true
[12241]	109	109	-30	0	-10	-2	det1=true
[12242]	109	109	-32	0	-10	2	det1=true
[12243]	25	110	-8	-4	-3	-4	det1=true
[12244]	25	110	-12	-4	-3	4	det1=true
[12245]	72	110	-26	-14	-1	-8	det1=true
[12246]	72	110	-34	-14	-1	8	det1=true
[12247]	90	110	-17	-10	-8	-5	det1=true
[12248]	90	110	-22	-10	-8	5	det1=true
[12249]	111	111	-10	0	-10	-4	det1=true
[12250]	111	111	-14	0	-10	4	det1=true
[12251]	40	112	-16	3	-6	-2	det1=true
[12252]	40	112	-18	3	-6	2	det1=true
[12253]	44	112	-10	-6	-6	-3	det1=true
[12254]	44	112	-13	-6	-6	3	det1=true
[12255]	53	112	-19	0	-4	-6	det1=true
[12256]	53	112	-25	0	-4	6	det1=true
[12257]	98	112	-8	5	-10	-2	det1=true
[12258]	98	112	-10	5	-10	2	det1=true
[12259]	103	112	-20	-19	-6	-8	det1=true
[12260]	103	112	-28	-19	-6	8	det1=true
[12261]	35	109	-13	-2	-3	-5	det1=true
[12262]	76	109	-36	-2	-7	-4	det1=true
[12263]	76	109	-40	-2	-7	4	det1=true
[12264]	85	109	-30	-21	-8	-3	det1=true
[12265]	85	109	-33	-21	-8	3	det1=true
[12266]	70	112	-31	-6	-8	1	det1=true
[12267]	38	112	-14	-9	-1	-6	det1=true
[12268]	38	112	-20	-9	-1	6	det1=true
[12269]	75	109	-16	-4	-5	-7	det1=true
[12270]	94	109	-24	-22	-2	-9	det1=true
[12271]	94	109	-33	-22	-2	9	det1=true
[12272]	29	110	-12	-3	-5	2	det1=true
[12273]	72	112	-27	-16	-4	-7	det1=true
[12274]	72	112	-34	-16	-4	7	det1=true
[12275]	38	112	-15	-10	-6	1	det1=true
[12276]	112	112	-46	-32	-2	-9	det1=true
[12277]	112	112	-55	-32	-2	9	det1=true
[12278]	59	109	-17	0	-7	-3	det1=true
[12279]	59	109	-20	0	-7	3	det1=true
[12280]	64	111	-18	-14	-5	-6	det1=true
[12281]	64	111	-24	-14	-5	6	det1=true
[12282]	111	111	-35	-35	-3	-9	det1=true
[12283]	111	111	-44	-35	-3	9	det1=true
[12284]	38	112	-14	-10	-6	-1	det1=true
[12285]	97	112	-30	-18	-8	-5	det1=true
[12286]	97	112	-35	-18	-8	5	det1=true
[12287]	67	112	-32	-14	-5	6	det1=true
[12288]	67	112	-26	-14	-5	-6	det1=true
[12289]	89	109	-12	-5	-9	-3	det1=true
[12290]	89	109	-15	-5	-9	3	det1=true
[12291]	93	112	-43	-36	-4	-7	det1=true
[12292]	73	112	-15	-12	-8	-3	det1=true
[12293]	73	112	-18	-12	-8	3	det1=true
[12294]	98	111	-10	-8	-1	-10	det1=true
[12295]	98	111	-20	-8	-1	10	det1=true
[12296]	108	111	-30	-13	-1	-10	det1=true
[12297]	108	111	-40	-13	-1	10	det1=true
[12298]	83	112	-34	-31	-7	-4	det1=true
[12299]	83	112	-38	-31	-7	4	det1=true
[12300]	112	112	-47	-30	-6	-7	det1=true
[12301]	25	109	-6	-5	-4	-3	det1=true
[12302]	25	109	-9	-5	-4	3	det1=true
[12303]	103	112	-20	-3	-2	-10	det1=true
[12304]	105	111	-30	-7	-10	-1	det1=true
[12305]	105	111	-31	-7	-10	1	det1=true
[12306]	111	111	-40	-5	-10	-1	det1=true
[12307]	111	111	-41	-5	-10	1	det1=true
[12308]	40	112	-14	1	-2	-6	det1=true
[12309]	40	112	-20	1	-2	6	det1=true
[12310]	37	109	-12	3	-6	-1	det1=true
[12311]	37	109	-13	3	-6	1	det1=true
[12312]	20	110	-9	0	-4	-2	det1=true
[12313]	112	112	-23	2	-8	-7	det1=true
[12314]	112	112	-30	2	-8	7	det1=true
[12315]	112	112	-22	-2	-7	-8	det1=true
[12316]	112	112	-30	-2	-7	8	det1=true
[12317]	112	112	-16	-14	-7	-8	det1=true
[12318]	112	112	-24	-14	-7	8	det1=true
[12319]	17	110	-8	-2	-4	-1	det1=true
[12320]	17	110	-9	-2	-4	1	det1=true
[12321]	40	109	-12	3	-6	-2	det1=true
[12322]	40	109	-14	3	-6	2	det1=true
[12323]	13	110	-5	-4	-2	-3	det1=true
[12324]	13	110	-8	-4	-2	3	det1=true
[12325]	110	110	-16	-14	-3	-10	det1=true
[12326]	110	110	-26	-14	-3	10	det1=true
[12327]	52	111	-16	3	-6	-4	det1=true
[12328]	52	111	-20	3	-6	4	det1=true
[12329]	97	112	-22	2	-4	-9	det1=true
[12330]	97	112	-31	2	-4	9	det1=true
[12331]	61	111	-17	3	-6	-5	det1=true
[12332]	61	111	-22	3	-6	5	det1=true
[12333]	101	113	-21	-15	-8	-6	det1=true
[12334]	101	113	-27	-15	-8	6	det1=true
[12335]	68	113	-2	1	-3	-8	det1=true
[12336]	70	115	-24	-20	-4	-7	det1=true
[12337]	70	115	-31	-20	-4	7	det1=true
[12338]	38	113	-16	-7	-1	-6	det1=true
[12339]	38	113	-22	-7	-1	6	det1=true
[12340]	55	113	-10	1	-7	-3	det1=true
[12341]	55	113	-13	1	-7	3	det1=true
[12342]	68	113	-29	2	-8	-1	det1=true
[12343]	68	113	-30	2	-8	1	det1=true
[12344]	75	113	-36	-28	-7	-3	det1=true
[12345]	75	113	-39	-28	-7	3	det1=true
[12346]	77	113	-10	4	-9	-1	det1=true
[12347]	77	113	-11	4	-9	1	det1=true
[12348]	83	113	-35	-13	-3	-8	det1=true
[12349]	83	113	-43	-13	-3	8	det1=true
[12350]	99	113	-37	-30	-9	-1	det1=true
[12351]	99	113	-38	-30	-9	1	det1=true
[12352]	113	113	-21	-14	-7	-8	det1=true
[12353]	113	113	-29	-14	-7	8	det1=true
[12354]	23	114	0	2	-4	-3	det1=true
[12355]	23	114	-3	2	-4	3	det1=true
[12356]	74	114	-35	0	-8	-2	det1=true
[12357]	74	114	-37	0	-8	2	det1=true
[12358]	87	114	-18	-8	-5	-8	det1=true
[12359]	87	114	-26	-8	-5	8	det1=true
[12360]	95	114	-44	-40	-4	-7	det1=true
[12361]	95	114	-51	-40	-4	7	det1=true
[12362]	37	115	-7	3	-6	-2	det1=true
[12363]	37	115	-9	3	-6	2	det1=true
[12364]	87	115	-19	-8	-9	-3	det1=true
[12365]	105	115	-41	-33	-9	-2	det1=true
[12366]	105	115	-43	-33	-9	2	det1=true
[12367]	106	115	-30	-21	-8	-6	det1=true
[12368]	106	115	-36	-21	-8	6	det1=true
[12369]	112	115	-32	-30	-1	-10	det1=true
[12370]	112	115	-42	-30	-1	10	det1=true
[12371]	12	116	-3	-2	-2	-3	det1=true
[12372]	12	116	-6	-2	-2	3	det1=true
[12373]	102	116	-19	-18	-2	-10	det1=true
[12374]	102	116	-29	-18	-2	10	det1=true
[12375]	104	116	-38	4	-10	-1	det1=true
[12376]	104	116	-39	4	-10	1	det1=true
[12377]	105	116	-29	-22	-10	-1	det1=true
[12378]	105	116	-30	-22	-10	1	det1=true
[12379]	113	116	-39	-2	-10	-3	det1=true
[12380]	113	116	-42	-2	-10	3	det1=true
[12381]	116	116	-18	5	-11	-2	det1=true
[12382]	116	116	-20	5	-11	2	det1=true
[12383]	47	113	-5	0	-1	-7	det1=true
[12384]	47	113	-12	0	-1	7	det1=true
[12385]	81	113	-15	-13	-1	-9	det1=true
[12386]	81	113	-24	-13	-1	9	det1=true
[12387]	99	113	-33	-34	-1	-9	det1=true
[12388]	99	113	-42	-34	-1	9	det1=true
[12389]	101	113	-46	-16	-1	-9	det1=true
[12390]	101	113	-55	-16	-1	9	det1=true
[12391]	103	113	-38	-21	-9	-3	det1=true
[12392]	103	113	-35	-24	-3	-9	det1=true
[12393]	108	113	-12	-7	-7	-8	det1=true
[12394]	108	113	-20	-7	-7	8	det1=true
[12395]	112	113	-50	-20	-8	-5	det1=true
[12396]	112	113	-55	-20	-8	5	det1=true
[12397]	113	113	-47	-35	-9	-2	det1=true
[12398]	113	113	-49	-35	-9	2	det1=true
[12399]	16	114	-6	2	-4	-1	det1=true
[12400]	16	114	-7	2	-4	1	det1=true
[12401]	66	114	-15	-8	-8	-2	det1=true
[12402]	66	114	-17	-8	-8	2	det1=true
[12403]	69	114	-28	-6	-4	-7	det1=true
[12404]	69	114	-35	-6	-4	7	det1=true
[12405]	71	114	-19	-20	-2	-8	det1=true
[12406]	71	114	-27	-20	-2	8	det1=true
[12407]	77	114	-30	-28	-1	-8	det1=true
[12408]	77	114	-38	-28	-1	8	det1=true
[12409]	77	114	-15	-4	-4	-8	det1=true
[12410]	77	114	-23	-4	-4	8	det1=true
[12411]	82	114	-18	2	-7	-6	det1=true
[12412]	82	114	-24	2	-7	6	det1=true
[12413]	92	114	-24	-17	-5	-8	det1=true
[12414]	92	114	-32	-17	-5	8	det1=true
[12415]	93	114	-38	-33	-3	-8	det1=true
[12416]	96	114	-6	5	-10	-2	det1=true
[12417]	96	114	-8	5	-10	2	det1=true
[12418]	97	114	-35	-32	-4	-8	det1=true
[12419]	97	114	-43	-32	-4	8	det1=true
[12420]	98	114	-32	-21	-5	-8	det1=true
[12421]	98	114	-40	-21	-5	8	det1=true
[12422]	102	114	-42	-14	-8	-5	det1=true
[12423]	102	114	-47	-14	-8	5	det1=true
[12424]	108	114	-10	1	-10	-4	det1=true
[12425]	108	114	-14	1	-10	4	det1=true
[12426]	111	114	-34	-23	-1	-10	det1=true
[12427]	111	114	-44	-23	-1	10	det1=true
[12428]	35	115	-16	-10	-5	-3	det1=true
[12429]	35	115	-19	-10	-5	3	det1=true
[12430]	61	115	-26	-10	-7	-3	det1=true
[12431]	61	115	-29	-10	-7	3	det1=true
[12432]	63	115	-10	4	-8	-2	det1=true
[12433]	63	115	-12	4	-8	2	det1=true
[12434]	63	115	-7	1	-2	-8	det1=true
[12435]	63	115	-15	1	-2	8	det1=true
[12436]	73	115	-29	-21	-4	-7	det1=true
[12437]	76	115	-33	-30	-6	-5	det1=true
[12438]	76	115	-38	-30	-6	5	det1=true
[12439]	79	115	-34	3	-7	-5	det1=true
[12440]	79	115	-39	3	-7	5	det1=true
[12441]	81	115	-36	1	-5	-7	det1=true
[12442]	82	115	-40	-21	-8	-2	det1=true
[12443]	82	115	-42	-21	-8	2	det1=true
[12444]	82	115	-4	-4	-5	-8	det1=true
[12445]	82	115	-12	-4	-5	8	det1=true
[12446]	88	115	-31	-2	-6	-7	det1=true
[12447]	93	115	-43	-13	-8	-4	det1=true
[12448]	93	115	-47	-13	-8	4	det1=true
[12449]	93	115	-31	-10	-9	-3	det1=true
[12450]	93	115	-34	-10	-9	3	det1=true
[12451]	94	115	-40	-4	-7	-6	det1=true
[12452]	94	115	-46	-4	-7	6	det1=true
[12453]	99	115	-33	1	-8	6	det1=true
[12454]	100	115	-27	-10	-2	10	det1=true
[12455]	100	115	-6	0	-10	-3	det1=true
[12456]	100	115	-9	0	-10	3	det1=true
[12457]	107	115	-45	-46	-3	-8	det1=true
[12458]	107	115	-53	-46	-3	8	det1=true
[12459]	108	115	-29	-20	-10	-2	det1=true
[12460]	108	115	-31	-20	-10	2	det1=true
[12461]	110	115	-42	-19	-9	-4	det1=true
[12462]	110	115	-46	-19	-9	4	det1=true
[12463]	111	115	-50	-44	-7	-5	det1=true
[12464]	112	115	-54	-30	-5	8	det1=true
[12465]	112	115	-39	-6	-2	-10	det1=true
[12466]	112	115	-49	-6	-2	10	det1=true
[12467]	62	116	-24	-6	-5	-6	det1=true
[12468]	62	116	-30	-6	-5	6	det1=true
[12469]	67	116	-25	-22	-6	-5	det1=true
[12470]	67	116	-30	-22	-6	5	det1=true
[12471]	84	116	-16	-2	-5	-8	det1=true
[12472]	84	116	-24	-2	-5	8	det1=true
[12473]	99	116	-6	2	-10	-3	det1=true
[12474]	99	116	-9	2	-10	3	det1=true
[12475]	101	116	-46	-16	-6	-7	det1=true
[12476]	101	116	-53	-16	-6	7	det1=true
[12477]	102	116	-36	-34	-7	-6	det1=true
[12478]	102	116	-42	-34	-7	6	det1=true
[12479]	109	116	-38	-24	-4	-9	det1=true
[12480]	109	116	-47	-24	-4	9	det1=true
[12481]	111	116	-46	-36	-6	-7	det1=true
[12482]	111	116	-53	-36	-6	7	det1=true
[12483]	111	116	-20	-5	-9	-6	det1=true
[12484]	112	116	-34	-23	-2	-10	det1=true
[12485]	112	116	-44	-23	-2	10	det1=true
[12486]	116	116	-40	-2	-3	-10	det1=true
[12487]	116	116	-50	-2	-3	10	det1=true
[12488]	68	113	-26	0	-4	-7	det1=true
[12489]	68	113	-33	0	-4	7	det1=true
[12490]	68	113	-26	-6	-7	-4	det1=true
[12491]	68	113	-30	-6	-7	4	det1=true
[12492]	73	113	-32	-2	-8	-2	det1=true
[12493]	75	113	-22	-6	-5	-7	det1=true
[12494]	75	113	-29	-6	-5	7	det1=true
[12495]	77	113	-9	0	-9	-1	det1=true
[12496]	77	113	-10	0	-9	1	det1=true
[12497]	78	113	-35	-12	-2	-8	det1=true
[12498]	78	113	-43	-12	-2	8	det1=true
[12499]	82	113	-30	-20	-3	-8	det1=true
[12500]	82	113	-38	-20	-3	8	det1=true
[12501]	83	113	-26	-25	-5	-7	det1=true
[12502]	83	113	-33	-25	-5	7	det1=true
[12503]	85	113	-23	-17	-9	-1	det1=true
[12504]	91	113	-24	-5	-3	-9	det1=true
[12505]	91	113	-33	-5	-3	9	det1=true
[12506]	92	113	-34	-2	-2	-9	det1=true
[12507]	92	113	-43	-2	-2	9	det1=true
[12508]	95	113	-38	-33	-5	-7	det1=true
[12509]	96	113	-22	-6	-9	-4	det1=true
[12510]	96	113	-26	-6	-9	4	det1=true
[12511]	98	113	-28	1	-9	-4	det1=true
[12512]	98	113	-32	1	-9	4	det1=true
[12513]	99	113	-37	-11	-5	-8	det1=true
[12514]	99	113	-45	-11	-5	8	det1=true
[12515]	99	113	-35	-16	-5	-8	det1=true
[12516]	99	113	-43	-16	-5	8	det1=true
[12517]	105	113	-26	-2	-2	-10	det1=true
[12518]	105	113	-36	-2	-2	10	det1=true
[12519]	110	113	-32	-23	-8	-6	det1=true
[12520]	110	113	-38	-23	-8	6	det1=true
[12521]	113	113	-72	-30	-3	-7	det1=true
[12522]	113	113	-38	-4	-2	-10	det1=true
[12523]	113	113	-48	-4	-2	10	det1=true
[12524]	113	113	-17	-11	-10	-4	det1=true
[12525]	113	113	-21	-11	-10	4	det1=true
[12526]	113	113	-14	-14	-4	-10	det1=true
[12527]	59	114	-12	-8	-5	-6	det1=true
[12528]	59	114	-18	-8	-5	6	det1=true
[12529]	61	114	-8	0	-1	-8	det1=true
[12530]	61	114	-16	0	-1	8	det1=true
[12531]	62	114	-14	2	-7	-4	det1=true
[12532]	62	114	-18	2	-7	4	det1=true
[12533]	62	114	-12	-1	-1	-8	det1=true
[12534]	62	114	-20	-1	-1	8	det1=true
[12535]	66	114	-22	-6	-4	-7	det1=true
[12536]	66	114	-29	-6	-4	7	det1=true
[12537]	67	114	-28	0	-8	-1	det1=true
[12538]	67	114	-29	0	-8	1	det1=true
[12539]	79	114	-8	0	-9	-2	det1=true
[12540]	79	114	-10	0	-9	2	det1=true
[12541]	91	114	-32	-15	-9	-2	det1=true
[12542]	92	114	-9	-10	-4	-9	det1=true
[12543]	92	114	-18	-10	-4	9	det1=true
[12544]	95	114	-15	2	-10	-1	det1=true
[12545]	95	114	-16	2	-10	1	det1=true
[12546]	101	114	-28	-6	-10	-1	det1=true
[12547]	101	114	-29	-6	-10	1	det1=true
[12548]	103	114	-44	-24	-9	-2	det1=true
[12549]	103	114	-46	-24	-9	2	det1=true
[12550]	105	114	-44	-18	-8	-5	det1=true
[12551]	105	114	-49	-18	-8	5	det1=true
[12552]	107	114	-40	-12	-9	-4	det1=true
[12553]	107	114	-44	-12	-9	4	det1=true
[12554]	108	114	-27	-4	-10	-3	det1=true
[12555]	110	114	-28	-29	-1	-10	det1=true
[12556]	110	114	-38	-29	-1	10	det1=true
[12557]	110	114	-19	-10	-8	-7	det1=true
[12558]	112	114	-17	-4	-6	-9	det1=true
[12559]	47	115	-10	-4	-7	-1	det1=true
[12560]	47	115	-11	-4	-7	1	det1=true
[12561]	48	115	-8	-3	-6	4	det1=true
[12562]	49	115	-15	-9	-7	-1	det1=true
[12563]	66	115	-20	-1	-8	-2	det1=true
[12564]	66	115	-22	-1	-8	2	det1=true
[12565]	73	115	-20	-7	-5	-7	det1=true
[12566]	73	115	-27	-7	-5	7	det1=true
[12567]	76	115	-31	-2	-8	-3	det1=true
[12568]	76	115	-34	-2	-8	3	det1=true
[12569]	79	115	-26	-19	-5	-7	det1=true
[12570]	79	115	-33	-19	-5	7	det1=true
[12571]	82	115	-37	-24	-2	-8	det1=true
[12572]	83	115	-38	-26	-8	-2	det1=true
[12573]	84	115	-34	-37	-1	-8	det1=true
[12574]	84	115	-42	-37	-1	8	det1=true
[12575]	87	115	-22	-5	-8	-5	det1=true
[12576]	87	115	-27	-5	-8	5	det1=true
[12577]	87	115	-22	-8	-9	3	det1=true
[12578]	88	115	-38	-2	-6	7	det1=true
[12579]	89	115	-26	-19	-2	-9	det1=true
[12580]	89	115	-35	-19	-2	9	det1=true
[12581]	90	115	-36	-32	-8	-3	det1=true
[12582]	90	115	-39	-32	-8	3	det1=true
[12583]	94	115	-22	-4	-9	-4	det1=true
[12584]	94	115	-26	-4	-9	4	det1=true
[12585]	95	115	-37	-17	-7	-6	det1=true
[12586]	95	115	-43	-17	-7	6	det1=true
[12587]	96	115	-11	4	-10	-2	det1=true
[12588]	96	115	-13	4	-10	2	det1=true
[12589]	98	115	-32	-23	-5	-8	det1=true
[12590]	98	115	-40	-23	-5	8	det1=true
[12591]	100	115	-40	-13	-5	-8	det1=true
[12592]	100	115	-48	-13	-5	8	det1=true
[12593]	100	115	-34	-2	-9	-4	det1=true
[12594]	100	115	-38	-2	-9	4	det1=true
[12595]	101	115	-47	-11	-7	-6	det1=true
[12596]	103	115	-39	3	-9	-4	det1=true
[12597]	103	115	-35	3	-10	-1	det1=true
[12598]	103	115	-36	3	-10	1	det1=true
[12599]	104	115	-29	-24	-4	-9	det1=true
[12600]	104	115	-38	-24	-4	9	det1=true
[12601]	106	115	-40	-28	-5	-8	det1=true
[12602]	106	115	-48	-28	-5	8	det1=true
[12603]	107	115	-41	-29	-8	-5	det1=true
[12604]	107	115	-46	-29	-8	5	det1=true
[12605]	108	115	-33	-8	-2	-10	det1=true
[12606]	108	115	-43	-8	-2	10	det1=true
[12607]	109	115	-27	-30	-1	-10	det1=true
[12608]	109	115	-37	-30	-1	10	det1=true
[12609]	109	115	-21	-5	-7	-8	det1=true
[12610]	109	115	-29	-5	-7	8	det1=true
[12611]	112	115	-51	-6	-8	6	det1=true
[12612]	113	115	-38	1	-10	-3	det1=true
[12613]	115	115	-37	-13	-10	-3	det1=true
[12614]	115	115	-40	-13	-10	3	det1=true
[12615]	115	115	-32	-26	-9	-5	det1=true
[12616]	115	115	-37	-26	-9	5	det1=true
[12617]	60	116	-8	-2	-1	-8	det1=true
[12618]	60	116	-16	-2	-1	8	det1=true
[12619]	65	116	-19	0	-8	-2	det1=true
[12620]	65	116	-21	0	-8	2	det1=true
[12621]	66	116	-23	-10	-4	-7	det1=true
[12622]	66	116	-30	-10	-4	7	det1=true
[12623]	74	116	-24	-25	-2	-8	det1=true
[12624]	74	116	-32	-25	-2	8	det1=true
[12625]	78	116	-28	-29	-2	-8	det1=true
[12626]	79	116	-10	-6	-2	-9	det1=true
[12627]	79	116	-19	-6	-2	9	det1=true
[12628]	81	116	-10	0	-8	5	det1=true
[12629]	86	116	-41	-34	-8	-1	det1=true
[12630]	86	116	-42	-34	-8	1	det1=true
[12631]	90	116	-45	-26	-8	3	det1=true
[12632]	94	116	-2	5	-10	-2	det1=true
[12633]	94	116	-4	5	-10	2	det1=true
[12634]	97	116	-34	-29	-9	-2	det1=true
[12635]	97	116	-36	-29	-9	2	det1=true
[12636]	97	116	-22	-7	-6	-8	det1=true
[12637]	97	116	-30	-7	-6	8	det1=true
[12638]	101	116	-54	-11	-7	6	det1=true
[12639]	104	116	-54	-13	-5	8	det1=true
[12640]	105	116	-32	-9	-10	-2	det1=true
[12641]	105	116	-34	-9	-10	2	det1=true
[12642]	105	116	-30	-13	-10	-2	det1=true
[12643]	105	116	-32	-13	-10	2	det1=true
[12644]	107	116	-32	-21	-1	-10	det1=true
[12645]	107	116	-14	3	-10	-4	det1=true
[12646]	107	116	-18	3	-10	4	det1=true
[12647]	114	116	-42	-28	-4	-9	det1=true
[12648]	114	116	-51	-28	-4	9	det1=true
[12649]	114	116	-22	-14	-9	-6	det1=true
[12650]	114	116	-28	-14	-9	6	det1=true
[12651]	115	116	-58	-22	-2	-9	det1=true
[12652]	115	116	-67	-22	-2	9	det1=true
[12653]	116	116	-50	-16	-4	-9	det1=true
[12654]	116	116	-59	-16	-4	9	det1=true
[12655]	116	116	-39	-24	-2	-10	det1=true
[12656]	116	116	-49	-24	-2	10	det1=true
[12657]	24	113	-6	-4	-4	-3	det1=true
[12658]	24	113	-9	-4	-4	3	det1=true
[12659]	33	113	-9	-5	-5	-3	det1=true
[12660]	33	113	-12	-5	-5	3	det1=true
[12661]	35	113	-6	-3	-6	-1	det1=true
[12662]	35	113	-7	-3	-6	1	det1=true
[12663]	48	113	-22	-21	-5	-4	det1=true
[12664]	48	113	-26	-21	-5	4	det1=true
[12665]	50	113	-9	-6	-6	-4	det1=true
[12666]	50	113	-13	-6	-6	4	det1=true
[12667]	51	113	-11	1	-2	-7	det1=true
[12668]	51	113	-18	1	-2	7	det1=true
[12669]	59	113	-13	-2	-5	-6	det1=true
[12670]	59	113	-19	-2	-5	6	det1=true
[12671]	64	113	-21	-14	-6	-5	det1=true
[12672]	64	113	-26	-14	-6	5	det1=true
[12673]	65	113	-10	-4	-2	-8	det1=true
[12674]	65	113	-18	-4	-2	8	det1=true
[12675]	69	113	-9	2	-7	5	det1=true
[12676]	73	113	-22	-3	-8	-3	det1=true
[12677]	73	113	-25	-3	-8	3	det1=true
[12678]	75	113	-41	-30	-3	7	det1=true
[12679]	79	113	-13	-5	-1	-9	det1=true
[12680]	79	113	-22	-5	-1	9	det1=true
[12681]	79	113	-3	2	-9	-2	det1=true
[12682]	79	113	-5	2	-9	2	det1=true
[12683]	81	113	-20	-12	-4	-8	det1=true
[12684]	81	113	-28	-12	-4	8	det1=true
[12685]	83	113	-31	-21	-3	-8	det1=true
[12686]	83	113	-3	0	-5	-8	det1=true
[12687]	83	113	-11	0	-5	8	det1=true
[12688]	85	113	-35	-21	-8	-3	det1=true
[12689]	85	113	-38	-21	-8	3	det1=true
[12690]	95	113	-31	-13	-8	-5	det1=true
[12691]	95	113	-36	-13	-8	5	det1=true
[12692]	98	113	-14	-11	-1	-10	det1=true
[12693]	98	113	-24	-11	-1	10	det1=true
[12694]	99	113	-45	-43	-4	-7	det1=true
[12695]	99	113	-52	-43	-4	7	det1=true
[12696]	99	113	-15	-1	-10	-2	det1=true
[12697]	102	113	-48	-1	-7	-6	det1=true
[12698]	102	113	-54	-1	-7	6	det1=true
[12699]	111	113	-50	-17	-9	-3	det1=true
[12700]	111	113	-53	-17	-9	3	det1=true
[12701]	112	113	-14	-6	-9	-6	det1=true
[12702]	112	113	-20	-6	-9	6	det1=true
[12703]	60	114	-2	2	-4	-7	det1=true
[12704]	60	114	-9	2	-4	7	det1=true
[12705]	63	114	-13	-8	-4	-7	det1=true
[12706]	63	114	-20	-8	-4	7	det1=true
[12707]	67	114	-13	-14	-2	-8	det1=true
[12708]	67	114	-21	-14	-2	8	det1=true
[12709]	81	114	-40	-24	-8	-1	det1=true
[12710]	81	114	-41	-24	-8	1	det1=true
[12711]	85	114	-14	-4	-5	-8	det1=true
[12712]	85	114	-22	-4	-5	8	det1=true
[12713]	88	114	-20	-9	-5	-8	det1=true
[12714]	88	114	-28	-9	-5	8	det1=true
[12715]	93	114	-46	-33	-3	8	det1=true
[12716]	93	114	-4	4	-10	-1	det1=true
[12717]	93	114	-5	4	-10	1	det1=true
[12718]	95	114	-41	-40	-2	-8	det1=true
[12719]	95	114	-49	-40	-2	8	det1=true
[12720]	103	114	-42	-25	-7	-6	det1=true
[12721]	103	114	-48	-25	-7	6	det1=true
[12722]	105	114	-43	-20	-8	-5	det1=true
[12723]	106	114	-45	-26	-2	-9	det1=true
[12724]	106	114	-54	-26	-2	9	det1=true
[12725]	107	114	-48	-14	-8	-5	det1=true
[12726]	107	114	-53	-14	-8	5	det1=true
[12727]	110	114	-38	-10	-1	-10	det1=true
[12728]	110	114	-48	-10	-1	10	det1=true
[12729]	112	114	-36	-22	-1	-10	det1=true
[12730]	112	114	-46	-22	-1	10	det1=true
[12731]	112	114	-26	-2	-7	-8	det1=true
[12732]	112	114	-34	-2	-7	8	det1=true
[12733]	114	114	-20	-10	-9	-6	det1=true
[12734]	114	114	-26	-10	-9	6	det1=true
[12735]	16	115	-6	-2	-4	-1	det1=true
[12736]	16	115	-7	-2	-4	1	det1=true
[12737]	49	115	-16	-9	-7	1	det1=true
[12738]	79	115	-27	-21	-8	-3	det1=true
[12739]	79	115	-30	-21	-8	3	det1=true
[12740]	81	115	-29	-20	-5	-7	det1=true
[12741]	81	115	-36	-20	-5	7	det1=true
[12742]	84	115	-14	-1	-5	-8	det1=true
[12743]	87	115	-32	-29	-5	-7	det1=true
[12744]	87	115	-17	-13	-5	-8	det1=true
[12745]	87	115	-25	-13	-5	8	det1=true
[12746]	89	115	-27	-17	-6	-7	det1=true
[12747]	89	115	-34	-17	-6	7	det1=true
[12748]	91	115	-9	-9	-4	-9	det1=true
[12749]	91	115	-18	-9	-4	9	det1=true
[12750]	94	115	-34	-4	-5	-8	det1=true
[12751]	96	115	-42	-7	-7	-6	det1=true
[12752]	96	115	-48	-7	-7	6	det1=true
[12753]	96	115	-34	-14	-5	-8	det1=true
[12754]	96	115	-33	-26	-2	-9	det1=true
[12755]	96	115	-42	-26	-2	9	det1=true
[12756]	97	115	-15	-3	-10	2	det1=true
[12757]	98	115	-38	-11	-5	-8	det1=true
[12758]	98	115	-46	-11	-5	8	det1=true
[12759]	98	115	-21	-10	-6	-8	det1=true
[12760]	100	115	-32	-9	-9	-4	det1=true
[12761]	100	115	-36	-9	-9	4	det1=true
[12762]	102	115	-27	-22	-4	-9	det1=true
[12763]	103	115	-43	3	-9	4	det1=true
[12764]	103	115	-42	-27	-8	5	det1=true
[12765]	103	115	-21	-7	-5	-9	det1=true
[12766]	103	115	-30	-7	-5	9	det1=true
[12767]	104	115	-22	-25	-1	-10	det1=true
[12768]	106	115	-48	-32	-7	6	det1=true
[12769]	106	115	-42	-15	-1	10	det1=true
[12770]	111	115	-55	-44	-7	5	det1=true
[12771]	111	115	-46	-29	-8	-5	det1=true
[12772]	111	115	-51	-29	-8	5	det1=true
[12773]	112	115	-46	-30	-5	-8	det1=true
[12774]	27	116	-8	-1	-5	-2	det1=true
[12775]	27	116	-10	-1	-5	2	det1=true
[12776]	35	116	-13	2	-6	-1	det1=true
[12777]	35	116	-14	2	-6	1	det1=true
[12778]	55	116	-23	-14	-4	-6	det1=true
[12779]	55	116	-29	-14	-4	6	det1=true
[12780]	60	116	-10	1	-7	-4	det1=true
[12781]	60	116	-14	1	-7	4	det1=true
[12782]	65	116	-24	-18	-5	-6	det1=true
[12783]	65	116	-30	-18	-5	6	det1=true
[12784]	70	116	-16	-7	-3	-8	det1=true
[12785]	79	116	-11	-4	-6	-7	det1=true
[12786]	79	116	-18	-4	-6	7	det1=true
[12787]	80	116	-31	-20	-8	-3	det1=true
[12788]	80	116	-34	-20	-8	3	det1=true
[12789]	81	116	-6	4	-8	-5	det1=true
[12790]	81	116	-11	4	-8	5	det1=true
[12791]	83	116	-44	-18	-3	8	det1=true
[12792]	88	116	-34	-15	-7	6	det1=true
[12793]	88	116	-32	-18	-7	6	det1=true
[12794]	97	116	-37	-24	-2	-9	det1=true
[12795]	97	116	-46	-24	-2	9	det1=true
[12796]	97	116	-26	-13	-9	-4	det1=true
[12797]	97	116	-30	-13	-9	4	det1=true
[12798]	98	116	-34	-22	-5	-8	det1=true
[12799]	98	116	-42	-22	-5	8	det1=true
[12800]	101	116	-45	-18	-2	-9	det1=true
[12801]	101	116	-54	-18	-2	9	det1=true
[12802]	103	116	-18	1	-3	-10	det1=true
[12803]	103	116	-28	1	-3	10	det1=true
[12804]	103	116	-7	4	-8	-7	det1=true
[12805]	103	116	-14	4	-8	7	det1=true
[12806]	104	116	-50	-47	-7	-4	det1=true
[12807]	104	116	-54	-47	-7	4	det1=true
[12808]	104	116	-50	-38	-8	-3	det1=true
[12809]	104	116	-53	-38	-8	3	det1=true
[12810]	104	116	-11	0	-8	-7	det1=true
[12811]	104	116	-18	0	-8	7	det1=true
[12812]	107	116	-42	-21	-1	10	det1=true
[12813]	107	116	-29	-18	-2	-10	det1=true
[12814]	107	116	-39	-18	-2	10	det1=true
[12815]	107	116	-16	-3	-10	4	det1=true
[12816]	110	116	-27	-28	-2	-10	det1=true
[12817]	110	116	-37	-28	-2	10	det1=true
[12818]	110	116	-27	-18	-10	-3	det1=true
[12819]	110	116	-30	-18	-10	3	det1=true
[12820]	112	116	-47	-30	-4	9	det1=true
[12821]	113	116	-26	-16	-8	-7	det1=true
[12822]	113	116	-33	-16	-8	7	det1=true
[12823]	116	116	-78	-18	-8	-1	det1=true
[12824]	116	116	-79	-18	-8	1	det1=true
[12825]	116	116	-30	-18	-7	-8	det1=true
[12826]	36	113	-13	0	-6	-1	det1=true
[12827]	36	113	-14	0	-6	1	det1=true
[12828]	39	113	-7	-3	-5	-4	det1=true
[12829]	39	113	-11	-3	-5	4	det1=true
[12830]	47	113	-6	-2	-7	-1	det1=true
[12831]	47	113	-7	-2	-7	1	det1=true
[12832]	50	113	-5	-4	-2	-7	det1=true
[12833]	50	113	-12	-4	-2	7	det1=true
[12834]	51	113	-7	-9	-2	-7	det1=true
[12835]	51	113	-14	-9	-2	7	det1=true
[12836]	57	113	-29	-23	-1	7	det1=true
[12837]	61	113	-5	-1	-1	-8	det1=true
[12838]	61	113	-13	-1	-1	8	det1=true
[12839]	65	113	-21	1	-7	-4	det1=true
[12840]	65	113	-25	1	-7	4	det1=true
[12841]	69	113	-4	2	-7	-5	det1=true
[12842]	71	113	-31	-26	-3	-7	det1=true
[12843]	71	113	-38	-26	-3	7	det1=true
[12844]	71	113	-35	-21	-6	5	det1=true
[12845]	73	113	-19	-7	-3	-8	det1=true
[12846]	73	113	-27	-7	-3	8	det1=true
[12847]	75	113	-23	-2	-5	-7	det1=true
[12848]	75	113	-30	-2	-5	7	det1=true
[12849]	80	113	-33	-16	-8	3	det1=true
[12850]	81	113	-31	-12	-5	-7	det1=true
[12851]	81	113	-38	-12	-5	7	det1=true
[12852]	81	113	-22	-3	-9	-1	det1=true
[12853]	81	113	-23	-3	-9	1	det1=true
[12854]	82	113	-16	-4	-9	-2	det1=true
[12855]	82	113	-18	-4	-9	2	det1=true
[12856]	82	113	-12	-8	-6	-7	det1=true
[12857]	82	113	-19	-8	-6	7	det1=true
[12858]	83	113	-40	1	-8	-3	det1=true
[12859]	83	113	-43	1	-8	3	det1=true
[12860]	85	113	-19	-21	-1	-9	det1=true
[12861]	86	113	-38	-16	-3	-8	det1=true
[12862]	86	113	-46	-16	-3	8	det1=true
[12863]	90	113	-23	-10	-8	-5	det1=true
[12864]	90	113	-28	-10	-8	5	det1=true
[12865]	91	113	-29	-15	-2	-9	det1=true
[12866]	91	113	-38	-15	-2	9	det1=true
[12867]	92	113	-14	-5	-9	4	det1=true
[12868]	94	113	-30	-23	-9	-2	det1=true
[12869]	94	113	-32	-23	-9	2	det1=true
[12870]	95	113	-45	-33	-5	7	det1=true
[12871]	95	113	-27	-27	-6	-7	det1=true
[12872]	95	113	-34	-27	-6	7	det1=true
[12873]	99	113	-22	-5	-10	-1	det1=true
[12874]	99	113	-23	-5	-10	1	det1=true
[12875]	100	113	-13	-8	-2	-10	det1=true
[12876]	100	113	-23	-8	-2	10	det1=true
[12877]	101	113	-37	-19	-8	-5	det1=true
[12878]	101	113	-42	-19	-8	5	det1=true
[12879]	105	113	-28	-6	-9	5	det1=true
[12880]	106	113	-32	-20	-4	-9	det1=true
[12881]	107	113	-40	-27	-8	-5	det1=true
[12882]	107	113	-45	-27	-8	5	det1=true
[12883]	109	113	-44	-31	-6	-7	det1=true
[12884]	109	113	-51	-31	-6	7	det1=true
[12885]	109	113	-30	-8	-9	-5	det1=true
[12886]	109	113	-35	-8	-9	5	det1=true
[12887]	109	113	-25	-16	-5	-9	det1=true
[12888]	109	113	-34	-16	-5	9	det1=true
[12889]	111	113	-47	-47	-6	-6	det1=true
[12890]	38	114	-4	2	-5	-4	det1=true
[12891]	38	114	-8	2	-5	4	det1=true
[12892]	63	114	-16	-6	-8	-1	det1=true
[12893]	63	114	-17	-6	-8	1	det1=true
[12894]	67	114	-25	-2	-4	-7	det1=true
[12895]	67	114	-32	-2	-4	7	det1=true
[12896]	67	114	-16	-11	-8	-2	det1=true
[12897]	77	114	-32	-25	-7	-4	det1=true
[12898]	77	114	-36	-25	-7	4	det1=true
[12899]	84	114	-35	-30	-8	-2	det1=true
[12900]	84	114	-37	-30	-8	2	det1=true
[12901]	84	114	-18	-5	-5	8	det1=true
[12902]	91	114	-34	-15	-9	2	det1=true
[12903]	91	114	-30	-16	-7	-6	det1=true
[12904]	91	114	-36	-16	-7	6	det1=true
[12905]	101	114	-35	-24	-8	-5	det1=true
[12906]	101	114	-40	-24	-8	5	det1=true
[12907]	105	114	-48	-20	-8	5	det1=true
[12908]	106	114	-28	-9	-2	-10	det1=true
[12909]	106	114	-38	-9	-2	10	det1=true
[12910]	108	114	-34	-14	-1	-10	det1=true
[12911]	108	114	-44	-14	-1	10	det1=true
[12912]	108	114	-30	-22	-1	-10	det1=true
[12913]	108	114	-40	-22	-1	10	det1=true
[12914]	108	114	-30	-4	-10	3	det1=true
[12915]	109	114	-40	-32	-8	-5	det1=true
[12916]	112	114	-14	-10	-6	-9	det1=true
[12917]	112	114	-23	-10	-6	9	det1=true
[12918]	113	114	-71	-30	-6	-5	det1=true
[12919]	40	115	-13	-6	-4	-5	det1=true
[12920]	47	115	-14	-7	-1	7	det1=true
[12921]	49	115	-17	-6	-7	-1	det1=true
[12922]	49	115	-18	-6	-7	1	det1=true
[12923]	49	115	-12	-12	-1	-7	det1=true
[12924]	49	115	-19	-12	-1	7	det1=true
[12925]	60	115	-28	-19	-7	-2	det1=true
[12926]	60	115	-30	-19	-7	2	det1=true
[12927]	62	115	-20	-12	-5	-6	det1=true
[12928]	62	115	-26	-12	-5	6	det1=true
[12929]	63	115	-13	-11	-7	-4	det1=true
[12930]	63	115	-17	-11	-7	4	det1=true
[12931]	69	115	-8	-5	-7	-5	det1=true
[12932]	69	115	-13	-5	-7	5	det1=true
[12933]	69	115	-7	-6	-5	-7	det1=true
[12934]	69	115	-14	-6	-5	7	det1=true
[12935]	73	115	-28	-4	-5	7	det1=true
[12936]	77	115	-35	-8	-5	7	det1=true
[12937]	79	115	-32	-18	-7	5	det1=true
[12938]	83	115	-21	-8	-9	-2	det1=true
[12939]	83	115	-23	-8	-9	2	det1=true
[12940]	83	115	-17	-12	-7	-6	det1=true
[12941]	83	115	-23	-12	-7	6	det1=true
[12942]	83	115	-9	2	-9	-3	det1=true
[12943]	83	115	-6	-1	-3	-9	det1=true
[12944]	85	115	-25	1	-2	-9	det1=true
[12945]	85	115	-34	1	-2	9	det1=true
[12946]	87	115	-39	-29	-5	7	det1=true
[12947]	87	115	-21	-5	-5	-8	det1=true
[12948]	87	115	-29	-5	-5	8	det1=true
[12949]	91	115	-35	1	-2	-9	det1=true
[12950]	91	115	-44	1	-2	9	det1=true
[12951]	92	115	-34	-14	-7	-6	det1=true
[12952]	92	115	-40	-14	-7	6	det1=true
[12953]	94	115	-28	-19	-5	-8	det1=true
[12954]	94	115	-36	-19	-5	8	det1=true
[12955]	95	115	-13	-4	-1	-10	det1=true
[12956]	96	115	-42	-14	-5	8	det1=true
[12957]	97	115	-43	-33	-7	-5	det1=true
[12958]	97	115	-48	-33	-7	5	det1=true
[12959]	99	115	-37	-17	-5	-8	det1=true
[12960]	99	115	-45	-17	-5	8	det1=true
[12961]	99	115	-27	1	-8	-6	det1=true
[12962]	101	115	-16	-7	-5	-9	det1=true
[12963]	101	115	-25	-7	-5	9	det1=true
[12964]	102	115	-36	-22	-4	9	det1=true
[12965]	103	115	-46	-9	-8	-5	det1=true
[12966]	103	115	-51	-9	-8	5	det1=true
[12967]	106	115	-42	-32	-7	-6	det1=true
[12968]	106	115	-32	-15	-1	-10	det1=true
[12969]	107	115	-39	-17	-9	-4	det1=true
[12970]	109	115	-55	-41	-8	3	det1=true
[12971]	111	115	-42	-19	-4	-9	det1=true
[12972]	111	115	-51	-19	-4	9	det1=true
[12973]	112	115	-18	-9	-9	-6	det1=true
[12974]	112	115	-24	-9	-9	6	det1=true
[12975]	113	115	-37	-25	-1	-10	det1=true
[12976]	113	115	-47	-25	-1	10	det1=true
[12977]	38	116	-18	-12	-6	1	det1=true
[12978]	48	116	-2	1	-7	-2	det1=true
[12979]	48	116	-4	1	-7	2	det1=true
[12980]	51	116	-16	-9	-6	-4	det1=true
[12981]	51	116	-20	-9	-6	4	det1=true
[12982]	65	116	-16	-3	-2	-8	det1=true
[12983]	65	116	-24	-3	-2	8	det1=true
[12984]	76	116	-34	-30	-5	-6	det1=true
[12985]	76	116	-40	-30	-5	6	det1=true
[12986]	78	116	-31	-26	-8	-2	det1=true
[12987]	78	116	-33	-26	-8	2	det1=true
[12988]	78	116	-36	-29	-2	8	det1=true
[12989]	79	116	-12	-5	-9	-2	det1=true
[12990]	79	116	-14	-5	-9	2	det1=true
[12991]	81	116	-5	0	-8	-5	det1=true
[12992]	83	116	-36	-18	-3	-8	det1=true
[12993]	86	116	-30	-6	-9	-2	det1=true
[12994]	86	116	-32	-6	-9	2	det1=true
[12995]	88	116	-32	-14	-9	2	det1=true
[12996]	88	116	-26	-18	-7	-6	det1=true
[12997]	92	116	-11	4	-8	-6	det1=true
[12998]	92	116	-17	4	-8	6	det1=true
[12999]	95	116	-5	-4	-2	-10	det1=true
[13000]	95	116	-15	-4	-2	10	det1=true
[13001]	96	116	-22	-2	-10	-1	det1=true
[13002]	96	116	-23	-2	-10	1	det1=true
[13003]	96	116	-10	-3	-2	-10	det1=true
[13004]	96	116	-20	-3	-2	10	det1=true
[13005]	100	116	-8	-2	-3	-10	det1=true
[13006]	100	116	-18	-2	-3	10	det1=true
[13007]	104	116	-33	-14	-10	-1	det1=true
[13008]	104	116	-34	-14	-10	1	det1=true
[13009]	105	116	-28	-13	-2	-10	det1=true
[13010]	105	116	-26	-17	-2	-10	det1=true
[13011]	105	116	-36	-17	-2	10	det1=true
[13012]	107	116	-44	-34	-9	-2	det1=true
[13013]	107	116	-46	-34	-9	2	det1=true
[13014]	107	116	-38	-21	-9	-4	det1=true
[13015]	107	116	-42	-21	-9	4	det1=true
[13016]	107	116	-28	-21	-10	-2	det1=true
[13017]	107	116	-30	-21	-10	2	det1=true
[13018]	107	116	-18	-6	-7	-8	det1=true
[13019]	107	116	-26	-6	-7	8	det1=true
[13020]	110	116	-31	-24	-10	-2	det1=true
[13021]	113	116	-46	3	-10	-2	det1=true
[13022]	113	116	-48	3	-10	2	det1=true
[13023]	114	116	-35	-26	-2	-10	det1=true
[13024]	114	116	-45	-26	-2	10	det1=true
[13025]	47	113	-3	-5	-1	-7	det1=true
[13026]	47	113	-10	-5	-1	7	det1=true
[13027]	63	113	-13	-4	-1	-8	det1=true
[13028]	63	113	-21	-4	-1	8	det1=true
[13029]	69	113	-3	1	-5	-7	det1=true
[13030]	69	113	-10	1	-5	7	det1=true
[13031]	71	113	-19	-3	-5	7	det1=true
[13032]	75	113	-24	-1	-7	-5	det1=true
[13033]	75	113	-29	-1	-7	5	det1=true
[13034]	78	113	-30	-23	-8	-2	det1=true
[13035]	79	113	-17	-1	-9	-1	det1=true
[13036]	79	113	-18	-1	-9	1	det1=true
[13037]	80	113	-30	-16	-8	-3	det1=true
[13038]	82	113	-14	-5	-7	-6	det1=true
[13039]	82	113	-20	-5	-7	6	det1=true
[13040]	83	113	-3	-1	-8	-5	det1=true
[13041]	83	113	-8	-1	-8	5	det1=true
[13042]	85	113	-24	-17	-9	1	det1=true
[13043]	92	113	-30	0	-8	-5	det1=true
[13044]	92	113	-10	-5	-9	-4	det1=true
[13045]	95	113	-33	-4	-5	-8	det1=true
[13046]	95	113	-37	-24	-9	1	det1=true
[13047]	97	113	-47	-27	-8	-3	det1=true
[13048]	97	113	-50	-27	-8	3	det1=true
[13049]	100	113	-24	-17	-9	-4	det1=true
[13050]	100	113	-28	-17	-9	4	det1=true
[13051]	103	113	-19	-4	-9	-5	det1=true
[13052]	107	113	-26	-5	-5	-9	det1=true
[13053]	107	113	-35	-5	-5	9	det1=true
[13054]	109	113	-31	-5	-9	-5	det1=true
[13055]	109	113	-36	-5	-9	5	det1=true
[13056]	109	113	-37	-10	-5	9	det1=true
[13057]	112	113	-42	-38	-6	-7	det1=true
[13058]	112	113	-49	-38	-6	7	det1=true
[13059]	113	113	-62	-29	-8	-3	det1=true
[13060]	113	113	-45	-36	-7	-6	det1=true
[13061]	113	113	-51	-36	-7	6	det1=true
[13062]	60	114	-5	4	-8	-1	det1=true
[13063]	60	114	-6	4	-8	1	det1=true
[13064]	63	114	-3	-2	-2	-8	det1=true
[13065]	63	114	-11	-2	-2	8	det1=true
[13066]	67	114	-18	-11	-8	2	det1=true
[13067]	69	114	-29	2	-4	-7	det1=true
[13068]	69	114	-36	2	-4	7	det1=true
[13069]	78	114	-34	-24	-4	-7	det1=true
[13070]	78	114	-41	-24	-4	7	det1=true
[13071]	82	114	-2	2	-8	-5	det1=true
[13072]	82	114	-7	2	-8	5	det1=true
[13073]	84	114	-10	-5	-5	-8	det1=true
[13074]	86	114	-17	-6	-8	-5	det1=true
[13075]	86	114	-22	-6	-8	5	det1=true
[13076]	93	114	-24	-20	-8	-5	det1=true
[13077]	93	114	-29	-20	-8	5	det1=true
[13078]	94	114	-29	-16	-8	-5	det1=true
[13079]	94	114	-34	-16	-8	5	det1=true
[13080]	102	114	-44	2	-5	-8	det1=true
[13081]	102	114	-52	2	-5	8	det1=true
[13082]	105	114	-32	-4	-1	-10	det1=true
[13083]	105	114	-42	-4	-1	10	det1=true
[13084]	108	114	-28	-19	-10	-2	det1=true
[13085]	108	114	-30	-19	-10	2	det1=true
[13086]	109	114	-45	-32	-8	5	det1=true
[13087]	110	114	-26	-10	-8	7	det1=true
[13088]	110	114	-20	-3	-10	4	det1=true
[13089]	35	115	-11	-1	-6	-1	det1=true
[13090]	35	115	-12	-1	-6	1	det1=true
[13091]	67	115	-26	-3	-4	-7	det1=true
[13092]	68	115	-32	-7	-7	4	det1=true
[13093]	77	115	-28	-8	-5	-7	det1=true
[13094]	78	115	-36	-26	-8	1	det1=true
[13095]	79	115	-33	2	-5	-7	det1=true
[13096]	79	115	-40	2	-5	7	det1=true
[13097]	79	115	-32	-6	-5	-7	det1=true
[13098]	79	115	-39	-6	-5	7	det1=true
[13099]	79	115	-30	-12	-5	-7	det1=true
[13100]	79	115	-37	-12	-5	7	det1=true
[13101]	79	115	-27	-18	-7	-5	det1=true
[13102]	83	115	-40	-26	-8	2	det1=true
[13103]	84	115	-22	-1	-5	8	det1=true
[13104]	87	115	-16	-11	-3	-9	det1=true
[13105]	87	115	-25	-11	-3	9	det1=true
[13106]	94	115	-42	-4	-5	8	det1=true
[13107]	95	115	-24	-4	-6	8	det1=true
[13108]	95	115	-23	-4	-1	10	det1=true
[13109]	101	115	-41	-15	-9	-3	det1=true
[13110]	101	115	-44	-15	-9	3	det1=true
[13111]	103	115	-37	-27	-8	-5	det1=true
[13112]	103	115	-32	-8	-8	-6	det1=true
[13113]	103	115	-38	-8	-8	6	det1=true
[13114]	104	115	-32	-25	-1	10	det1=true
[13115]	104	115	-19	-6	-10	-3	det1=true
[13116]	104	115	-22	-6	-10	3	det1=true
[13117]	105	115	-9	-5	-8	-7	det1=true
[13118]	105	115	-16	-5	-8	7	det1=true
[13119]	108	115	-25	-24	-2	-10	det1=true
[13120]	108	115	-35	-24	-2	10	det1=true
[13121]	108	115	-20	1	-7	-8	det1=true
[13122]	108	115	-28	1	-7	8	det1=true
[13123]	109	115	-30	-13	-5	-9	det1=true
[13124]	109	115	-39	-13	-5	9	det1=true
[13125]	109	115	-33	-17	-10	-2	det1=true
[13126]	109	115	-35	-17	-10	2	det1=true
[13127]	109	115	-29	-21	-2	-10	det1=true
[13128]	109	115	-39	-21	-2	10	det1=true
[13129]	112	115	-45	-6	-8	-6	det1=true
[13130]	23	116	-4	-2	-3	-4	det1=true
[13131]	23	116	-8	-2	-3	4	det1=true
[13132]	24	116	-10	-3	-3	-4	det1=true
[13133]	24	116	-14	-3	-3	4	det1=true
[13134]	34	116	-6	-2	-6	-1	det1=true
[13135]	34	116	-7	-2	-6	1	det1=true
[13136]	51	116	-18	2	-7	-2	det1=true
[13137]	51	116	-20	2	-7	2	det1=true
[13138]	56	116	-5	-4	-6	-5	det1=true
[13139]	56	116	-10	-4	-6	5	det1=true
[13140]	63	116	-18	-4	-4	-7	det1=true
[13141]	63	116	-25	-4	-4	7	det1=true
[13142]	69	116	-34	2	-8	-1	det1=true
[13143]	69	116	-35	2	-8	1	det1=true
[13144]	75	116	-26	-25	-2	-8	det1=true
[13145]	75	116	-34	-25	-2	8	det1=true
[13146]	77	116	-4	3	-9	-2	det1=true
[13147]	85	116	-27	-2	-6	-7	det1=true
[13148]	85	116	-34	-2	-6	7	det1=true
[13149]	88	116	-30	-14	-9	-2	det1=true
[13150]	90	116	-42	-26	-8	-3	det1=true
[13151]	100	116	-10	-2	-10	-3	det1=true
[13152]	100	116	-13	-2	-10	3	det1=true
[13153]	106	116	-47	-26	-6	-7	det1=true
[13154]	106	116	-54	-26	-6	7	det1=true
[13155]	107	116	-42	-35	-7	-6	det1=true
[13156]	107	116	-48	-35	-7	6	det1=true
[13157]	107	116	-42	0	-10	-1	det1=true
[13158]	107	116	-43	0	-10	1	det1=true
[13159]	107	116	-24	-25	-2	-10	det1=true
[13160]	107	116	-34	-25	-2	10	det1=true
[13161]	112	116	-50	-32	-6	-7	det1=true
[13162]	112	116	-57	-32	-6	7	det1=true
[13163]	112	116	-38	-30	-4	-9	det1=true
[13164]	115	116	-32	-22	-3	-10	det1=true
[13165]	115	116	-42	-22	-3	10	det1=true
[13166]	116	116	-38	-18	-7	8	det1=true
[13167]	41	113	-16	-8	-2	-6	det1=true
[13168]	41	113	-22	-8	-2	6	det1=true
[13169]	50	113	-8	-7	-4	-6	det1=true
[13170]	50	113	-14	-7	-4	6	det1=true
[13171]	54	113	-16	-12	-2	-7	det1=true
[13172]	54	113	-23	-12	-2	7	det1=true
[13173]	55	113	-8	-1	-3	-7	det1=true
[13174]	55	113	-15	-1	-3	7	det1=true
[13175]	58	113	-8	-4	-5	-6	det1=true
[13176]	58	113	-14	-4	-5	6	det1=true
[13177]	68	113	-3	0	-8	-3	det1=true
[13178]	68	113	-6	0	-8	3	det1=true
[13179]	73	113	-29	-11	-8	-2	det1=true
[13180]	73	113	-31	-11	-8	2	det1=true
[13181]	77	113	-15	0	-1	9	det1=true
[13182]	78	113	-32	-23	-8	2	det1=true
[13183]	80	113	-42	-30	-6	5	det1=true
[13184]	81	113	-19	-9	-9	-1	det1=true
[13185]	81	113	-20	-9	-9	1	det1=true
[13186]	85	113	-14	1	-8	-5	det1=true
[13187]	85	113	-19	1	-8	5	det1=true
[13188]	86	113	-33	-34	-2	-8	det1=true
[13189]	86	113	-41	-34	-2	8	det1=true
[13190]	88	113	-25	-12	-2	-9	det1=true
[13191]	88	113	-34	-12	-2	9	det1=true
[13192]	92	113	-42	-33	-2	-8	det1=true
[13193]	92	113	-50	-33	-2	8	det1=true
[13194]	94	113	-28	-24	-7	-6	det1=true
[13195]	95	113	-39	-32	-7	-5	det1=true
[13196]	95	113	-44	-32	-7	5	det1=true
[13197]	95	113	-41	-4	-5	8	det1=true
[13198]	95	113	-36	-24	-9	-1	det1=true
[13199]	98	113	-37	-20	-6	-7	det1=true
[13200]	102	113	-40	-24	-6	-7	det1=true
[13201]	102	113	-47	-24	-6	7	det1=true
[13202]	102	113	-39	-26	-2	-9	det1=true
[13203]	102	113	-48	-26	-2	9	det1=true
[13204]	103	113	-24	-4	-9	5	det1=true
[13205]	104	113	-33	-2	-10	-1	det1=true
[13206]	104	113	-34	-2	-10	1	det1=true
[13207]	105	113	-30	2	-10	-2	det1=true
[13208]	105	113	-32	2	-10	2	det1=true
[13209]	105	113	-23	-6	-9	-5	det1=true
[13210]	112	113	-43	-4	-8	-6	det1=true
[13211]	112	113	-49	-4	-8	6	det1=true
[13212]	69	114	-28	-9	-7	-4	det1=true
[13213]	69	114	-32	-9	-7	4	det1=true
[13214]	71	114	-30	1	-8	-2	det1=true
[13215]	71	114	-32	1	-8	2	det1=true
[13216]	84	114	-32	-33	-2	-8	det1=true
[13217]	84	114	-40	-33	-2	8	det1=true
[13218]	85	114	-12	-8	-5	-8	det1=true
[13219]	85	114	-20	-8	-5	8	det1=true
[13220]	89	114	-40	-36	-4	-7	det1=true
[13221]	89	114	-47	-36	-4	7	det1=true
[13222]	96	114	-14	-1	-1	-10	det1=true
[13223]	96	114	-24	-1	-1	10	det1=true
[13224]	99	114	-24	-5	-8	-6	det1=true
[13225]	99	114	-30	-5	-8	6	det1=true
[13226]	100	114	-33	-32	-2	-9	det1=true
[13227]	100	114	-42	-32	-2	9	det1=true
[13228]	103	114	-32	-31	-5	-8	det1=true
[13229]	103	114	-40	-31	-5	8	det1=true
[13230]	108	114	-50	-6	-5	-8	det1=true
[13231]	108	114	-58	-6	-5	8	det1=true
[13232]	109	114	-20	0	-7	-8	det1=true
[13233]	109	114	-28	0	-7	8	det1=true
[13234]	111	114	-22	-21	-3	-10	det1=true
[13235]	111	114	-32	-21	-3	10	det1=true
[13236]	113	114	-29	-2	-6	9	det1=true
[13237]	35	115	-15	-11	-3	-5	det1=true
[13238]	35	115	-20	-11	-3	5	det1=true
[13239]	39	115	-11	-2	-5	-4	det1=true
[13240]	39	115	-15	-2	-5	4	det1=true
[13241]	47	115	-7	-7	-1	-7	det1=true
[13242]	52	115	-14	-10	-2	-7	det1=true
[13243]	52	115	-21	-10	-2	7	det1=true
[13244]	63	115	-11	-14	-1	-8	det1=true
[13245]	63	115	-19	-14	-1	8	det1=true
[13246]	67	115	-30	-21	-3	-7	det1=true
[13247]	67	115	-37	-21	-3	7	det1=true
[13248]	73	115	-21	-4	-5	-7	det1=true
[13249]	78	115	-35	-26	-8	-1	det1=true
[13250]	79	115	-31	-11	-7	-5	det1=true
[13251]	79	115	-36	-11	-7	5	det1=true
[13252]	83	115	-31	-25	-8	-3	det1=true
[13253]	83	115	-34	-25	-8	3	det1=true
[13254]	85	115	-37	-18	-7	-5	det1=true
[13255]	85	115	-42	-18	-7	5	det1=true
[13256]	85	115	-36	-19	-5	-7	det1=true
[13257]	85	115	-43	-19	-5	7	det1=true
[13258]	89	115	-21	-11	-3	-9	det1=true
[13259]	89	115	-30	-11	-3	9	det1=true
[13260]	89	115	-13	1	-4	9	det1=true
[13261]	92	115	-36	-13	-9	-2	det1=true
[13262]	92	115	-38	-13	-9	2	det1=true
[13263]	93	115	-28	-13	-3	-9	det1=true
[13264]	96	115	-32	-18	-5	-8	det1=true
[13265]	96	115	-40	-18	-5	8	det1=true
[13266]	100	115	-21	-6	-10	-2	det1=true
[13267]	100	115	-23	-6	-10	2	det1=true
[13268]	113	115	-29	-19	-3	-10	det1=true
[13269]	113	115	-39	-19	-3	10	det1=true
[13270]	114	115	-44	-36	-5	-8	det1=true
[13271]	114	115	-52	-36	-5	8	det1=true
[13272]	66	116	-26	-8	-8	-1	det1=true
[13273]	66	116	-27	-8	-8	1	det1=true
[13274]	85	116	-30	-31	-3	-8	det1=true
[13275]	85	116	-38	-31	-3	8	det1=true
[13276]	86	116	-21	-6	-8	-5	det1=true
[13277]	91	116	-4	-1	-6	-8	det1=true
[13278]	91	116	-12	-1	-6	8	det1=true
[13279]	95	116	-24	-9	-6	8	det1=true
[13280]	98	116	-33	-24	-8	-5	det1=true
[13281]	99	116	-33	-26	-8	-5	det1=true
[13282]	99	116	-38	-26	-8	5	det1=true
[13283]	104	116	-46	-13	-5	-8	det1=true
[13284]	104	116	-45	-18	-8	-5	det1=true
[13285]	104	116	-50	-18	-8	5	det1=true
[13286]	104	116	-42	-30	-6	-7	det1=true
[13287]	104	116	-49	-30	-6	7	det1=true
[13288]	105	116	-38	-13	-2	10	det1=true
[13289]	106	116	-46	-28	-2	-9	det1=true
[13290]	106	116	-55	-28	-2	9	det1=true
[13291]	107	116	-11	0	-4	-10	det1=true
[13292]	107	116	-21	0	-4	10	det1=true
[13293]	107	116	-12	-3	-10	-4	det1=true
[13294]	108	116	-38	-3	-3	10	det1=true
[13295]	109	116	-54	-26	-9	2	det1=true
[13296]	110	116	-49	-24	-8	-5	det1=true
[13297]	110	116	-54	-24	-8	5	det1=true
[13298]	110	116	-33	-24	-10	2	det1=true
[13299]	112	116	-43	-16	-8	-6	det1=true
[13300]	114	116	-31	-10	-8	-7	det1=true
[13301]	114	116	-38	-10	-8	7	det1=true
[13302]	33	113	-8	-6	-3	-5	det1=true
[13303]	33	113	-13	-6	-3	5	det1=true
[13304]	35	113	-16	-11	-5	3	det1=true
[13305]	37	113	-15	-5	-6	-1	det1=true
[13306]	37	113	-16	-5	-6	1	det1=true
[13307]	66	113	-20	-8	-1	-8	det1=true
[13308]	66	113	-28	-8	-1	8	det1=true
[13309]	72	113	-22	-25	-1	-8	det1=true
[13310]	72	113	-30	-25	-1	8	det1=true
[13311]	73	113	-26	-14	-2	-8	det1=true
[13312]	73	113	-34	-14	-2	8	det1=true
[13313]	77	113	-6	0	-1	-9	det1=true
[13314]	87	113	-20	3	-8	-5	det1=true
[13315]	87	113	-25	3	-8	5	det1=true
[13316]	91	113	-39	-7	-9	-1	det1=true
[13317]	91	113	-40	-7	-9	1	det1=true
[13318]	91	113	-4	-5	-4	-9	det1=true
[13319]	91	113	-13	-5	-4	9	det1=true
[13320]	94	113	-34	-24	-7	6	det1=true
[13321]	98	113	-44	-20	-6	7	det1=true
[13322]	99	113	-51	-29	-8	3	det1=true
[13323]	100	113	-17	-4	-10	-2	det1=true
[13324]	100	113	-19	-4	-10	2	det1=true
[13325]	101	113	-43	-26	-9	-1	det1=true
[13326]	101	113	-44	-26	-9	1	det1=true
[13327]	101	113	-20	-16	-6	-8	det1=true
[13328]	101	113	-28	-16	-6	8	det1=true
[13329]	104	113	-24	-3	-2	-10	det1=true
[13330]	104	113	-34	-3	-2	10	det1=true
[13331]	108	113	-50	-39	-3	-8	det1=true
[13332]	108	113	-58	-39	-3	8	det1=true
[13333]	108	113	-14	-3	-7	-8	det1=true
[13334]	108	113	-22	-3	-7	8	det1=true
[13335]	113	113	-42	0	-10	-2	det1=true
[13336]	113	113	-44	0	-10	2	det1=true
[13337]	66	114	-16	1	-2	-8	det1=true
[13338]	66	114	-24	1	-2	8	det1=true
[13339]	68	114	-30	-14	-5	-6	det1=true
[13340]	68	114	-18	-11	-2	-8	det1=true
[13341]	68	114	-26	-11	-2	8	det1=true
[13342]	108	114	-7	-2	-4	-10	det1=true
[13343]	108	114	-17	-2	-4	10	det1=true
[13344]	112	114	-46	0	-10	-1	det1=true
[13345]	112	114	-47	0	-10	1	det1=true
[13346]	113	114	-20	-2	-6	-9	det1=true
[13347]	40	115	-18	-6	-4	5	det1=true
[13348]	53	115	-2	1	-7	-3	det1=true
[13349]	53	115	-5	1	-7	3	det1=true
[13350]	66	115	-17	-4	-2	-8	det1=true
[13351]	68	115	-28	-7	-7	-4	det1=true
[13352]	91	115	-39	-42	-1	-8	det1=true
[13353]	91	115	-47	-42	-1	8	det1=true
[13354]	95	115	-16	-4	-6	-8	det1=true
[13355]	99	115	-26	0	-6	-8	det1=true
[13356]	99	115	-34	0	-6	8	det1=true
[13357]	38	116	-17	-12	-6	-1	det1=true
[13358]	68	116	-38	-14	-5	6	det1=true
[13359]	77	116	-6	3	-9	2	det1=true
[13360]	77	116	-2	2	-7	-6	det1=true
[13361]	77	116	-8	2	-7	6	det1=true
[13362]	86	116	-26	-6	-8	5	det1=true
[13363]	95	116	-16	-9	-6	-8	det1=true
[13364]	96	116	-21	-16	-4	-9	det1=true
[13365]	96	116	-30	-16	-4	9	det1=true
[13366]	98	116	-38	-24	-8	5	det1=true
[13367]	101	116	-36	-6	-9	-4	det1=true
[13368]	101	116	-40	-6	-9	4	det1=true
[13369]	101	116	-10	-7	-3	-10	det1=true
[13370]	101	116	-20	-7	-3	10	det1=true
[13371]	104	116	-20	-3	-3	-10	det1=true
[13372]	104	116	-30	-3	-3	10	det1=true
[13373]	105	116	-44	-21	-5	-8	det1=true
[13374]	105	116	-52	-21	-5	8	det1=true
[13375]	108	116	-41	-10	-10	-1	det1=true
[13376]	108	116	-42	-10	-10	1	det1=true
[13377]	111	116	-20	-18	-7	-8	det1=true
[13378]	111	116	-28	-18	-7	8	det1=true
[13379]	112	116	-47	0	-8	-6	det1=true
[13380]	35	113	-13	-11	-5	-3	det1=true
[13381]	36	113	-10	-6	-6	-1	det1=true
[13382]	36	113	-11	-6	-6	1	det1=true
[13383]	41	113	-18	-6	-6	-2	det1=true
[13384]	41	113	-20	-6	-6	2	det1=true
[13385]	53	113	-18	-8	-4	-6	det1=true
[13386]	53	113	-24	-8	-4	6	det1=true
[13387]	59	113	-16	-13	-3	-7	det1=true
[13388]	73	113	-37	-24	-5	6	det1=true
[13389]	80	113	-6	-4	-2	-9	det1=true
[13390]	80	113	-15	-4	-2	9	det1=true
[13391]	83	113	-39	-21	-3	8	det1=true
[13392]	92	113	-35	0	-8	5	det1=true
[13393]	99	113	-21	-7	-10	-1	det1=true
[13394]	99	113	-22	-7	-10	1	det1=true
[13395]	105	113	-21	-8	-5	-9	det1=true
[13396]	105	113	-30	-8	-5	9	det1=true
[13397]	106	113	-41	-20	-4	9	det1=true
[13398]	109	113	-28	-10	-5	-9	det1=true
[13399]	111	113	-13	-1	-9	-6	det1=true
[13400]	111	113	-19	-1	-9	6	det1=true
[13401]	59	114	-32	-18	-2	7	det1=true
[13402]	69	114	-32	4	-8	-1	det1=true
[13403]	69	114	-33	4	-8	1	det1=true
[13404]	110	114	-16	-3	-10	-4	det1=true
[13405]	27	115	-5	-3	-5	-2	det1=true
[13406]	27	115	-7	-3	-5	2	det1=true
[13407]	58	115	-24	-18	-2	-7	det1=true
[13408]	58	115	-31	-18	-2	7	det1=true
[13409]	66	115	-25	-4	-2	8	det1=true
[13410]	67	115	-33	-3	-4	7	det1=true
[13411]	68	115	-6	-7	-3	-8	det1=true
[13412]	68	115	-14	-7	-3	8	det1=true
[13413]	92	115	-36	-35	-3	-8	det1=true
[13414]	97	115	-15	3	-10	-2	det1=true
[13415]	97	115	-17	3	-10	2	det1=true
[13416]	103	115	-33	3	-6	-8	det1=true
[13417]	103	115	-41	3	-6	8	det1=true
[13418]	107	115	-43	-17	-9	4	det1=true
[13419]	107	115	-10	2	-10	-4	det1=true
[13420]	107	115	-14	2	-10	4	det1=true
[13421]	59	116	-27	-18	-2	-7	det1=true
[13422]	88	116	-28	-15	-7	-6	det1=true
[13423]	93	116	-13	0	-10	-1	det1=true
[13424]	93	116	-14	0	-10	1	det1=true
[13425]	112	116	-53	0	-8	6	det1=true
[13426]	113	116	-42	-1	-2	-10	det1=true
[13427]	113	116	-52	-1	-2	10	det1=true
[13428]	59	113	-18	-11	-7	-3	det1=true
[13429]	59	113	-21	-11	-7	3	det1=true
[13430]	59	113	-23	-13	-3	7	det1=true
[13431]	62	113	-11	-4	-8	-1	det1=true
[13432]	62	113	-12	-4	-8	1	det1=true
[13433]	71	113	-12	-3	-5	-7	det1=true
[13434]	72	113	-34	-2	-7	-4	det1=true
[13435]	72	113	-38	-2	-7	4	det1=true
[13436]	73	113	-31	-24	-5	-6	det1=true
[13437]	95	113	-37	-36	-3	-8	det1=true
[13438]	95	113	-45	-36	-3	8	det1=true
[13439]	40	114	-12	-11	-2	-6	det1=true
[13440]	40	114	-18	-11	-2	6	det1=true
[13441]	71	114	-27	-2	-2	-8	det1=true
[13442]	71	114	-35	-2	-2	8	det1=true
[13443]	93	114	-3	2	-10	-1	det1=true
[13444]	93	114	-4	2	-10	1	det1=true
[13445]	105	114	-16	-9	-3	-10	det1=true
[13446]	105	114	-26	-9	-3	10	det1=true
[13447]	110	114	-53	-46	-8	-2	det1=true
[13448]	110	114	-55	-46	-8	2	det1=true
[13449]	59	115	-22	-9	-7	-3	det1=true
[13450]	59	115	-25	-9	-7	3	det1=true
[13451]	72	115	-26	-15	-2	-8	det1=true
[13452]	72	115	-34	-15	-2	8	det1=true
[13453]	71	116	-20	-2	-3	-8	det1=true
[13454]	71	116	-28	-2	-3	8	det1=true
[13455]	85	116	-26	-4	-2	-9	det1=true
[13456]	85	116	-35	-4	-2	9	det1=true
[13457]	95	116	-24	-9	-9	-4	det1=true
[13458]	95	116	-28	-9	-9	4	det1=true
[13459]	105	116	-14	-2	-8	-7	det1=true
[13460]	105	116	-21	-2	-8	7	det1=true
[13461]	108	116	-28	-3	-3	-10	det1=true
[13462]	73	113	-15	-14	-3	-8	det1=true
[13463]	73	113	-23	-14	-3	8	det1=true
[13464]	85	113	-21	-7	-6	-7	det1=true
[13465]	85	113	-28	-7	-6	7	det1=true
[13466]	86	113	-24	0	-2	-9	det1=true
[13467]	86	113	-33	0	-2	9	det1=true
[13468]	95	113	-9	-3	-10	-1	det1=true
[13469]	113	113	-51	-18	-5	-8	det1=true
[13470]	113	113	-59	-18	-5	8	det1=true
[13471]	113	113	-25	-6	-7	-8	det1=true
[13472]	113	113	-33	-6	-7	8	det1=true
[13473]	69	114	-22	-19	-1	-8	det1=true
[13474]	69	114	-30	-19	-1	8	det1=true
[13475]	69	114	-12	-2	-8	-3	det1=true
[13476]	106	114	-56	-5	-5	8	det1=true
[13477]	59	115	-30	-1	-3	7	det1=true
[13478]	89	115	-4	1	-4	-9	det1=true
[13479]	92	115	-44	-35	-3	8	det1=true
[13480]	92	115	-7	2	-8	-6	det1=true
[13481]	92	115	-13	2	-8	6	det1=true
[13482]	40	116	-16	-2	-5	-4	det1=true
[13483]	52	116	-19	-8	-4	-6	det1=true
[13484]	52	116	-25	-8	-4	6	det1=true
[13485]	93	116	-34	-2	-5	-8	det1=true
[13486]	93	116	-42	-2	-5	8	det1=true
[13487]	106	116	-50	-5	-5	-8	det1=true
[13488]	109	116	-52	-26	-9	-2	det1=true
[13489]	49	113	-6	-2	-6	-4	det1=true
[13490]	49	113	-10	-2	-6	4	det1=true
[13491]	53	113	-17	-3	-2	-7	det1=true
[13492]	53	113	-24	-3	-2	7	det1=true
[13493]	61	113	-7	2	-7	-4	det1=true
[13494]	61	113	-11	2	-7	4	det1=true
[13495]	69	113	-19	-11	-2	-8	det1=true
[13496]	69	113	-27	-11	-2	8	det1=true
[13497]	71	113	-33	-24	-7	-3	det1=true
[13498]	71	113	-36	-24	-7	3	det1=true
[13499]	92	113	-40	-27	-3	-8	det1=true
[13500]	92	113	-48	-27	-3	8	det1=true
[13501]	95	113	-41	-28	-1	9	det1=true
[13502]	101	113	-21	-12	-1	-10	det1=true
[13503]	101	113	-31	-12	-1	10	det1=true
[13504]	102	113	-41	-32	-8	-4	det1=true
[13505]	102	113	-45	-32	-8	4	det1=true
[13506]	107	113	-49	-17	-2	-9	det1=true
[13507]	107	113	-58	-17	-2	9	det1=true
[13508]	110	113	-31	-24	-6	-8	det1=true
[13509]	69	114	-32	-4	-8	1	det1=true
[13510]	96	114	-14	-9	-6	-8	det1=true
[13511]	53	115	-26	-5	-2	7	det1=true
[13512]	59	115	-23	-1	-3	-7	det1=true
[13513]	70	115	-16	0	-3	-8	det1=true
[13514]	70	115	-24	0	-3	8	det1=true
[13515]	97	115	-19	-19	-4	-9	det1=true
[13516]	97	115	-28	-19	-4	9	det1=true
[13517]	97	115	-11	-1	-2	-10	det1=true
[13518]	97	115	-21	-1	-2	10	det1=true
[13519]	103	115	-23	-5	-9	-5	det1=true
[13520]	103	115	-28	-5	-9	5	det1=true
[13521]	110	115	-28	-14	-10	-3	det1=true
[13522]	110	115	-31	-14	-10	3	det1=true
[13523]	111	115	-47	-20	-1	10	det1=true
[13524]	69	116	-26	-16	-4	-7	det1=true
[13525]	95	116	-42	-6	-7	-6	det1=true
[13526]	95	116	-48	-6	-7	6	det1=true
[13527]	98	116	-30	-9	-9	-4	det1=true
[13528]	98	116	-34	-9	-9	4	det1=true
[13529]	110	116	-26	-18	-3	-10	det1=true
[13530]	110	116	-36	-18	-3	10	det1=true
[13531]	111	116	-49	-26	-8	-5	det1=true
[13532]	30	113	-11	-12	-2	-5	det1=true
[13533]	30	113	-16	-12	-2	5	det1=true
[13534]	53	113	-12	-13	-2	-7	det1=true
[13535]	53	113	-19	-13	-2	7	det1=true
[13536]	91	113	-34	-14	-1	-9	det1=true
[13537]	91	113	-43	-14	-1	9	det1=true
[13538]	94	113	-7	-2	-6	-8	det1=true
[13539]	94	113	-15	-2	-6	8	det1=true
[13540]	95	113	-32	-28	-1	-9	det1=true
[13541]	41	114	-16	-4	-4	-5	det1=true
[13542]	66	114	-12	-11	-2	-8	det1=true
[13543]	66	114	-20	-11	-2	8	det1=true
[13544]	69	114	-31	-4	-8	-1	det1=true
[13545]	28	115	-9	-6	-2	-5	det1=true
[13546]	28	115	-14	-6	-2	5	det1=true
[13547]	66	115	-18	-16	-7	-4	det1=true
[13548]	66	115	-22	-16	-7	4	det1=true
[13549]	73	115	-21	-6	-7	-5	det1=true
[13550]	73	115	-26	-6	-7	5	det1=true
[13551]	75	115	-31	-23	-4	-7	det1=true
[13552]	75	115	-38	-23	-4	7	det1=true
[13553]	75	115	-26	1	-5	-7	det1=true
[13554]	75	115	-33	1	-5	7	det1=true
[13555]	101	115	-18	-5	-9	-5	det1=true
[13556]	101	115	-23	-5	-9	5	det1=true
[13557]	61	116	-20	-10	-5	-6	det1=true
[13558]	61	116	-26	-10	-5	6	det1=true
[13559]	69	116	-33	-16	-4	7	det1=true
[13560]	111	116	-46	-10	-10	1	det1=true
[13561]	91	113	-27	-2	-9	-3	det1=true
[13562]	91	113	-30	-2	-9	3	det1=true
[13563]	28	115	-10	-4	-2	-5	det1=true
[13564]	28	115	-15	-4	-2	5	det1=true
[13565]	53	115	-19	-5	-2	-7	det1=true
[13566]	74	115	-20	-16	-8	-3	det1=true
[13567]	74	115	-23	-16	-8	3	det1=true
[13568]	111	115	-37	-20	-1	-10	det1=true
[13569]	62	116	-20	-14	-5	-6	det1=true
[13570]	62	116	-26	-14	-5	6	det1=true
[13571]	91	116	-5	0	-8	-6	det1=true
[13572]	91	116	-11	0	-8	6	det1=true
[13573]	92	116	-18	-6	-9	-4	det1=true
[13574]	92	116	-22	-6	-9	4	det1=true
[13575]	95	116	-17	-8	-8	-6	det1=true
[13576]	95	116	-23	-8	-8	6	det1=true
[13577]	108	116	-22	-18	-3	-10	det1=true
[13578]	108	116	-32	-18	-3	10	det1=true
[13579]	111	116	-54	-26	-8	5	det1=true
[13580]	111	116	-45	-10	-10	-1	det1=true
[13581]	111	116	-15	-16	-4	-10	det1=true
[13582]	51	113	-18	-10	-7	-1	det1=true
[13583]	51	113	-19	-10	-7	1	det1=true
[13584]	80	113	-7	-2	-6	-7	det1=true
[13585]	80	113	-14	-2	-6	7	det1=true
[13586]	101	113	-39	-13	-5	-8	det1=true
[13587]	101	113	-47	-13	-5	8	det1=true
[13588]	41	114	-21	-4	-4	5	det1=true
[13589]	79	114	-6	-1	-7	-6	det1=true
[13590]	79	114	-12	-1	-7	6	det1=true
[13591]	98	115	-22	-9	-8	-6	det1=true
[13592]	57	113	-12	-10	-7	-3	det1=true
[13593]	57	113	-15	-10	-7	3	det1=true
[13594]	79	113	-1	1	-7	-6	det1=true
[13595]	79	113	-7	1	-7	6	det1=true
[13596]	40	116	-19	-4	-6	-2	det1=true
[13597]	40	116	-21	-4	-6	2	det1=true
[13598]	106	114	-34	-5	-10	2	det1=true
[13599]	114	114	-30	-34	-1	-10	det1=true
[13600]	114	114	-40	-34	-1	10	det1=true
[13601]	98	115	-44	-9	-7	-6	det1=true
[13602]	98	115	-50	-9	-7	6	det1=true
[13603]	84	116	-26	-6	-9	-2	det1=true
[13604]	84	116	-28	-6	-9	2	det1=true
[13605]	106	114	-32	-5	-10	-2	det1=true
[13606]	100	115	-29	4	-8	-6	det1=true
[13607]	100	115	-35	4	-8	6	det1=true
[13608]	113	115	-65	-41	-8	1	det1=true
[13609]	106	116	-7	2	-4	-10	det1=true
[13610]	106	116	-17	2	-4	10	det1=true
[13611]	84	113	-19	-6	-6	-7	det1=true
[13612]	84	113	-26	-6	-6	7	det1=true
[13613]	86	113	-25	2	-6	-7	det1=true
[13614]	86	113	-32	2	-6	7	det1=true
[13615]	72	113	-32	-5	-1	-8	det1=true
[13616]	72	113	-40	-5	-1	8	det1=true
[13617]	114	114	-50	-25	-5	-8	det1=true
[13618]	114	114	-58	-25	-5	8	det1=true
[13619]	111	115	-23	-11	-8	-7	det1=true
[13620]	111	115	-30	-11	-8	7	det1=true
[13621]	115	115	-36	-26	-10	-2	det1=true
[13622]	115	115	-38	-26	-10	2	det1=true
[13623]	41	114	-12	-11	-5	-4	det1=true
[13624]	73	116	-19	-16	-8	-3	det1=true
[13625]	73	116	-22	-16	-8	3	det1=true
[13626]	90	113	-24	-8	-8	-5	det1=true
[13627]	90	113	-29	-8	-8	5	det1=true
[13628]	53	116	-14	-16	-2	-7	det1=true
[13629]	66	116	-22	-12	-4	-7	det1=true
[13630]	66	116	-29	-12	-4	7	det1=true
[13631]	66	114	-25	-4	-8	-1	det1=true
[13632]	66	114	-26	-4	-8	1	det1=true
[13633]	37	115	-11	-13	-1	-6	det1=true
[13634]	37	115	-17	-13	-1	6	det1=true
[13635]	66	113	-22	-5	-7	-4	det1=true
[13636]	66	113	-26	-5	-7	4	det1=true
[13637]	20	113	-9	-6	-4	-2	det1=true
[13638]	104	114	-30	5	-10	-2	det1=true
[13639]	115	115	-30	-2	-10	-4	det1=true
[13640]	115	115	-34	-2	-10	4	det1=true
[13641]	106	116	-10	5	-10	-4	det1=true
[13642]	106	116	-14	5	-10	4	det1=true
[13643]	85	115	-26	3	-6	-7	det1=true
[13644]	85	115	-33	3	-6	7	det1=true
[13645]	114	114	-30	2	-7	-8	det1=true
[13646]	115	115	-97	-3	-6	1	det1=true
[13647]	114	114	-30	-2	-8	-7	det1=true
[13648]	69	117	-29	-3	-8	-2	det1=true
[13649]	69	117	-31	-3	-8	2	det1=true
[13650]	115	117	-42	-7	-10	-3	det1=true
[13651]	115	117	-45	-7	-10	3	det1=true
[13652]	42	118	-20	-15	-6	-2	det1=true
[13653]	42	118	-22	-15	-6	2	det1=true
[13654]	111	119	-36	-31	-10	-1	det1=true
[13655]	111	119	-37	-31	-10	1	det1=true
[13656]	119	119	-31	-1	-11	-2	det1=true
[13657]	119	119	-33	-1	-11	2	det1=true
[13658]	102	120	-38	3	-6	-8	det1=true
[13659]	102	120	-46	3	-6	8	det1=true
[13660]	28	117	-10	-8	-2	-5	det1=true
[13661]	28	117	-15	-8	-2	5	det1=true
[13662]	84	117	-18	-2	-5	-8	det1=true
[13663]	84	117	-26	-2	-5	8	det1=true
[13664]	112	117	-46	5	-10	-2	det1=true
[13665]	112	117	-48	5	-10	2	det1=true
[13666]	112	117	-42	1	-2	-10	det1=true
[13667]	112	117	-52	1	-2	10	det1=true
[13668]	116	117	-34	-33	-2	-10	det1=true
[13669]	116	117	-44	-33	-2	10	det1=true
[13670]	117	117	-37	-21	-3	-10	det1=true
[13671]	117	117	-47	-21	-3	10	det1=true
[13672]	23	118	-6	-4	-3	-4	det1=true
[13673]	23	118	-10	-4	-3	4	det1=true
[13674]	39	118	-12	-8	-5	-4	det1=true
[13675]	39	118	-16	-8	-5	4	det1=true
[13676]	62	118	-22	4	-8	-1	det1=true
[13677]	62	118	-23	4	-8	1	det1=true
[13678]	71	118	-28	-22	-4	-7	det1=true
[13679]	106	118	-11	-8	-4	-10	det1=true
[13680]	106	118	-21	-8	-4	10	det1=true
[13681]	108	118	-26	-2	-6	9	det1=true
[13682]	117	118	-22	-8	-11	-2	det1=true
[13683]	117	118	-24	-8	-11	2	det1=true
[13684]	118	118	-42	-38	-4	-9	det1=true
[13685]	118	118	-51	-38	-4	9	det1=true
[13686]	9	119	-3	-1	-1	-3	det1=true
[13687]	9	119	-6	-1	-1	3	det1=true
[13688]	60	119	0	1	-2	-8	det1=true
[13689]	60	119	-8	1	-2	8	det1=true
[13690]	77	119	-17	-10	-1	-9	det1=true
[13691]	77	119	-26	-10	-1	9	det1=true
[13692]	80	119	-10	2	-5	-8	det1=true
[13693]	80	119	-18	2	-5	8	det1=true
[13694]	93	119	-43	3	-6	-7	det1=true
[13695]	93	119	-50	3	-6	7	det1=true
[13696]	109	119	-46	-30	-3	-9	det1=true
[13697]	109	119	-55	-30	-3	9	det1=true
[13698]	119	119	-70	-4	-1	-9	det1=true
[13699]	119	119	-79	-4	-1	9	det1=true
[13700]	75	120	-37	-24	-8	-1	det1=true
[13701]	75	120	-38	-24	-8	1	det1=true
[13702]	90	120	-14	3	-6	-8	det1=true
[13703]	90	120	-22	3	-6	8	det1=true
[13704]	107	120	-43	2	-10	-2	det1=true
[13705]	107	120	-45	2	-10	2	det1=true
[13706]	111	120	-42	-19	-10	-2	det1=true
[13707]	111	120	-44	-19	-10	2	det1=true
[13708]	60	117	-10	-6	-8	-1	det1=true
[13709]	60	117	-11	-6	-8	1	det1=true
[13710]	60	117	-7	-8	-4	-7	det1=true
[13711]	71	117	-29	-19	-4	-7	det1=true
[13712]	77	117	-35	-23	-8	2	det1=true
[13713]	93	117	-38	-35	-5	-7	det1=true
[13714]	94	117	-32	-18	-8	-5	det1=true
[13715]	94	117	-37	-18	-8	5	det1=true
[13716]	98	117	-45	-46	-4	-7	det1=true
[13717]	98	117	-52	-46	-4	7	det1=true
[13718]	109	117	-42	2	-10	-2	det1=true
[13719]	109	117	-44	2	-10	2	det1=true
[13720]	113	117	-4	-5	-2	-11	det1=true
[13721]	113	117	-15	-5	-2	11	det1=true
[13722]	23	118	-8	0	-4	-3	det1=true
[13723]	23	118	-11	0	-4	3	det1=true
[13724]	42	118	-10	-7	-3	-6	det1=true
[13725]	42	118	-16	-7	-3	6	det1=true
[13726]	69	118	-24	-22	-4	-7	det1=true
[13727]	69	118	-31	-22	-4	7	det1=true
[13728]	69	118	-26	-13	-8	-2	det1=true
[13729]	76	118	-26	-19	-3	-8	det1=true
[13730]	76	118	-34	-19	-3	8	det1=true
[13731]	77	118	-9	-2	-6	-7	det1=true
[13732]	77	118	-16	-2	-6	7	det1=true
[13733]	79	118	-33	-18	-8	-3	det1=true
[13734]	79	118	-36	-18	-8	3	det1=true
[13735]	84	118	-41	-28	-8	-2	det1=true
[13736]	84	118	-43	-28	-8	2	det1=true
[13737]	87	118	-34	-4	-5	8	det1=true
[13738]	95	118	-43	-6	-2	-9	det1=true
[13739]	95	118	-52	-6	-2	9	det1=true
[13740]	100	118	-38	-32	-2	-9	det1=true
[13741]	100	118	-47	-32	-2	9	det1=true
[13742]	100	118	-14	-3	-3	-10	det1=true
[13743]	100	118	-24	-3	-3	10	det1=true
[13744]	108	118	-29	-12	-8	7	det1=true
[13745]	108	118	-17	-2	-6	-9	det1=true
[13746]	110	118	-47	2	-8	-6	det1=true
[13747]	110	118	-53	2	-8	6	det1=true
[13748]	112	118	-49	-2	-8	-6	det1=true
[13749]	112	118	-55	-2	-8	6	det1=true
[13750]	113	118	-44	-28	-9	-4	det1=true
[13751]	117	118	-75	-20	-2	-8	det1=true
[13752]	59	119	-7	-9	-1	-8	det1=true
[13753]	59	119	-15	-9	-1	8	det1=true
[13754]	62	119	-20	-2	-4	-7	det1=true
[13755]	62	119	-27	-2	-4	7	det1=true
[13756]	64	119	-22	-22	-5	-6	det1=true
[13757]	64	119	-28	-22	-5	6	det1=true
[13758]	75	119	-1	3	-6	-7	det1=true
[13759]	75	119	-8	3	-6	7	det1=true
[13760]	81	119	-31	-3	-9	-1	det1=true
[13761]	81	119	-32	-3	-9	1	det1=true
[13762]	82	119	-28	1	-9	-2	det1=true
[13763]	82	119	-30	1	-9	2	det1=true
[13764]	84	119	-21	-20	-2	-9	det1=true
[13765]	84	119	-30	-20	-2	9	det1=true
[13766]	94	119	-46	-4	-9	-2	det1=true
[13767]	94	119	-48	-4	-9	2	det1=true
[13768]	95	119	-39	-9	-5	-8	det1=true
[13769]	95	119	-47	-9	-5	8	det1=true
[13770]	95	119	-41	-27	-9	-1	det1=true
[13771]	95	119	-42	-27	-9	1	det1=true
[13772]	100	119	-34	-14	-4	-9	det1=true
[13773]	100	119	-43	-14	-4	9	det1=true
[13774]	104	119	-6	0	-6	-9	det1=true
[13775]	104	119	-15	0	-6	9	det1=true
[13776]	111	119	-44	-12	-10	-2	det1=true
[13777]	111	119	-46	-12	-10	2	det1=true
[13778]	113	119	-48	-21	-4	-9	det1=true
[13779]	113	119	-57	-21	-4	9	det1=true
[13780]	119	119	-48	-49	-2	-9	det1=true
[13781]	119	119	-57	-49	-2	9	det1=true
[13782]	18	120	-7	2	-4	-2	det1=true
[13783]	18	120	-9	2	-4	2	det1=true
[13784]	26	120	-8	2	-5	-2	det1=true
[13785]	26	120	-10	2	-5	2	det1=true
[13786]	26	120	-6	-2	-2	-5	det1=true
[13787]	26	120	-11	-2	-2	5	det1=true
[13788]	77	120	-14	-6	-9	-2	det1=true
[13789]	78	120	-2	2	-5	-8	det1=true
[13790]	78	120	-10	2	-5	8	det1=true
[13791]	84	120	-18	-14	-5	-8	det1=true
[13792]	84	120	-26	-14	-5	8	det1=true
[13793]	99	120	-28	-7	-10	-2	det1=true
[13794]	99	120	-30	-7	-10	2	det1=true
[13795]	102	120	-34	-11	-10	2	det1=true
[13796]	105	120	-14	2	-6	-9	det1=true
[13797]	105	120	-23	2	-6	9	det1=true
[13798]	112	120	-48	-7	-10	-2	det1=true
[13799]	112	120	-50	-7	-10	2	det1=true
[13800]	114	120	-52	-27	-6	8	det1=true
[13801]	47	117	-12	-4	-1	-7	det1=true
[13802]	47	117	-19	-4	-1	7	det1=true
[13803]	52	117	-14	-14	-2	-7	det1=true
[13804]	52	117	-21	-14	-2	7	det1=true
[13805]	59	117	-7	0	-7	-4	det1=true
[13806]	59	117	-11	0	-7	4	det1=true
[13807]	70	117	-25	-14	-2	-8	det1=true
[13808]	70	117	-33	-14	-2	8	det1=true
[13809]	71	117	-24	1	-8	-3	det1=true
[13810]	71	117	-27	1	-8	3	det1=true
[13811]	71	117	-21	2	-7	-5	det1=true
[13812]	71	117	-26	2	-7	5	det1=true
[13813]	71	117	-20	1	-5	-7	det1=true
[13814]	77	117	-33	-23	-8	-2	det1=true
[13815]	79	117	-29	-21	-3	-8	det1=true
[13816]	79	117	-37	-21	-3	8	det1=true
[13817]	79	117	-15	-16	-1	-9	det1=true
[13818]	79	117	-24	-16	-1	9	det1=true
[13819]	83	117	-13	-4	-9	-3	det1=true
[13820]	83	117	-16	-4	-9	3	det1=true
[13821]	85	117	-38	-20	-7	-5	det1=true
[13822]	85	117	-43	-20	-7	5	det1=true
[13823]	87	117	-37	-9	-9	-1	det1=true
[13824]	87	117	-38	-9	-9	1	det1=true
[13825]	92	117	-13	4	-10	-1	det1=true
[13826]	92	117	-14	4	-10	1	det1=true
[13827]	92	117	-9	-8	-8	-6	det1=true
[13828]	92	117	-15	-8	-8	6	det1=true
[13829]	95	117	-13	-14	-1	-10	det1=true
[13830]	95	117	-23	-14	-1	10	det1=true
[13831]	96	117	-41	0	-8	-5	det1=true
[13832]	97	117	-23	-9	-6	-8	det1=true
[13833]	97	117	-31	-9	-6	8	det1=true
[13834]	100	117	-41	-18	-8	-5	det1=true
[13835]	100	117	-46	-18	-8	5	det1=true
[13836]	102	117	-24	-23	-8	-6	det1=true
[13837]	102	117	-30	-23	-8	6	det1=true
[13838]	105	117	-39	-7	-10	-1	det1=true
[13839]	105	117	-40	-7	-10	1	det1=true
[13840]	106	117	-8	-7	-4	-10	det1=true
[13841]	106	117	-18	-7	-4	10	det1=true
[13842]	114	117	-26	-13	-4	-10	det1=true
[13843]	114	117	-36	-13	-4	10	det1=true
[13844]	115	117	-31	-2	-9	-6	det1=true
[13845]	115	117	-37	-2	-9	6	det1=true
[13846]	116	117	-48	-13	-1	-10	det1=true
[13847]	116	117	-58	-13	-1	10	det1=true
[13848]	117	117	-39	2	-7	-8	det1=true
[13849]	117	117	-23	-23	-6	-9	det1=true
[13850]	117	117	-32	-23	-6	9	det1=true
[13851]	62	118	-16	-10	-7	-4	det1=true
[13852]	67	118	-36	-8	-1	8	det1=true
[13853]	77	118	-10	0	-7	-6	det1=true
[13854]	77	118	-16	0	-7	6	det1=true
[13855]	77	118	-8	-4	-2	-9	det1=true
[13856]	77	118	-17	-4	-2	9	det1=true
[13857]	79	118	-18	-3	-9	-2	det1=true
[13858]	79	118	-20	-3	-9	2	det1=true
[13859]	82	118	-30	-3	-7	6	det1=true
[13860]	84	118	-21	-2	-8	-5	det1=true
[13861]	84	118	-26	-2	-8	5	det1=true
[13862]	87	118	-26	-4	-5	-8	det1=true
[13863]	89	118	-28	-23	-9	-2	det1=true
[13864]	89	118	-30	-23	-9	2	det1=true
[13865]	89	118	-32	-24	-7	6	det1=true
[13866]	91	118	-28	-26	-6	-7	det1=true
[13867]	91	118	-35	-26	-6	7	det1=true
[13868]	91	118	-27	-28	-2	-9	det1=true
[13869]	91	118	-36	-28	-2	9	det1=true
[13870]	94	118	-51	-4	-2	9	det1=true
[13871]	97	118	-28	1	-8	-6	det1=true
[13872]	97	118	-34	1	-8	6	det1=true
[13873]	97	118	-27	-18	-6	8	det1=true
[13874]	98	118	-29	-4	-8	-6	det1=true
[13875]	98	118	-35	-4	-8	6	det1=true
[13876]	101	118	-44	-33	-7	6	det1=true
[13877]	103	118	-40	-28	-8	-5	det1=true
[13878]	103	118	-45	-28	-8	5	det1=true
[13879]	106	118	-42	-6	-10	-1	det1=true
[13880]	106	118	-43	-6	-10	1	det1=true
[13881]	108	118	-41	-16	-10	-1	det1=true
[13882]	108	118	-42	-16	-10	1	det1=true
[13883]	109	118	-42	-15	-8	-6	det1=true
[13884]	109	118	-48	-15	-8	6	det1=true
[13885]	109	118	-36	-24	-1	-10	det1=true
[13886]	109	118	-46	-24	-1	10	det1=true
[13887]	112	118	-52	-25	-5	-8	det1=true
[13888]	112	118	-60	-25	-5	8	det1=true
[13889]	114	118	-14	-6	-11	-2	det1=true
[13890]	114	118	-16	-6	-11	2	det1=true
[13891]	118	118	-49	-18	-10	-2	det1=true
[13892]	46	119	-2	1	-4	-6	det1=true
[13893]	46	119	-8	1	-4	6	det1=true
[13894]	47	119	-15	-3	-1	-7	det1=true
[13895]	47	119	-22	-3	-1	7	det1=true
[13896]	47	119	-7	-5	-6	-4	det1=true
[13897]	47	119	-11	-5	-6	4	det1=true
[13898]	53	119	-13	-1	-7	-3	det1=true
[13899]	53	119	-16	-1	-7	3	det1=true
[13900]	55	119	-20	1	-7	-3	det1=true
[13901]	58	119	-19	-4	-6	-5	det1=true
[13902]	58	119	-24	-4	-6	5	det1=true
[13903]	60	119	-14	-2	-1	-8	det1=true
[13904]	67	119	-9	-11	-3	-8	det1=true
[13905]	67	119	-17	-11	-3	8	det1=true
[13906]	70	119	-22	-1	-3	-8	det1=true
[13907]	70	119	-30	-1	-3	8	det1=true
[13908]	71	119	-19	-15	-3	-8	det1=true
[13909]	71	119	-27	-15	-3	8	det1=true
[13910]	79	119	-20	-14	-1	-9	det1=true
[13911]	79	119	-29	-14	-1	9	det1=true
[13912]	80	119	-14	-4	-8	5	det1=true
[13913]	82	119	-26	0	-7	-6	det1=true
[13914]	82	119	-32	0	-7	6	det1=true
[13915]	84	119	-30	2	-7	-6	det1=true
[13916]	84	119	-36	2	-7	6	det1=true
[13917]	84	119	-16	-14	-5	-8	det1=true
[13918]	84	119	-24	-14	-5	8	det1=true
[13919]	85	119	-34	-6	-1	-9	det1=true
[13920]	85	119	-43	-6	-1	9	det1=true
[13921]	88	119	-36	-14	-9	2	det1=true
[13922]	90	119	-12	1	-8	-6	det1=true
[13923]	92	119	-18	0	-10	-1	det1=true
[13924]	92	119	-19	0	-10	1	det1=true
[13925]	94	119	-43	-4	-2	-9	det1=true
[13926]	94	119	-36	-28	-9	2	det1=true
[13927]	96	119	-22	5	-10	-2	det1=true
[13928]	96	119	-24	5	-10	2	det1=true
[13929]	103	119	-38	-6	-8	-6	det1=true
[13930]	103	119	-44	-6	-8	6	det1=true
[13931]	103	119	-40	-1	-10	-1	det1=true
[13932]	103	119	-41	-1	-10	1	det1=true
[13933]	103	119	-31	-1	-9	-5	det1=true
[13934]	103	119	-36	-1	-9	5	det1=true
[13935]	104	119	-49	-16	-8	-5	det1=true
[13936]	104	119	-54	-16	-8	5	det1=true
[13937]	105	119	-11	-2	-9	-6	det1=true
[13938]	105	119	-17	-2	-9	6	det1=true
[13939]	107	119	-26	-1	-8	-7	det1=true
[13940]	107	119	-33	-1	-8	7	det1=true
[13941]	112	119	-28	-6	-9	-6	det1=true
[13942]	112	119	-34	-6	-9	6	det1=true
[13943]	115	119	-44	-9	-10	-3	det1=true
[13944]	115	119	-47	-9	-10	3	det1=true
[13945]	116	119	-51	-28	-8	6	det1=true
[13946]	116	119	-40	-2	-7	-8	det1=true
[13947]	116	119	-48	-2	-7	8	det1=true
[13948]	118	119	-28	-24	-6	-9	det1=true
[13949]	118	119	-37	-24	-6	9	det1=true
[13950]	119	119	-24	-13	-2	-11	det1=true
[13951]	119	119	-35	-13	-2	11	det1=true
[13952]	51	120	-15	-14	-2	-7	det1=true
[13953]	51	120	-22	-14	-2	7	det1=true
[13954]	69	120	-20	-6	-3	-8	det1=true
[13955]	69	120	-28	-6	-3	8	det1=true
[13956]	70	120	-31	-18	-4	-7	det1=true
[13957]	70	120	-38	-18	-4	7	det1=true
[13958]	80	120	-13	-2	-8	-5	det1=true
[13959]	86	120	-34	0	-6	-7	det1=true
[13960]	86	120	-41	0	-6	7	det1=true
[13961]	95	120	-14	-11	-2	-10	det1=true
[13962]	95	120	-24	-11	-2	10	det1=true
[13963]	96	120	-20	1	-2	-10	det1=true
[13964]	101	120	-10	-6	-8	-7	det1=true
[13965]	101	120	-17	-6	-8	7	det1=true
[13966]	102	120	-32	-11	-10	-2	det1=true
[13967]	104	120	-31	-16	-2	-10	det1=true
[13968]	104	120	-41	-16	-2	10	det1=true
[13969]	106	120	-31	-22	-2	-10	det1=true
[13970]	106	120	-41	-22	-2	10	det1=true
[13971]	106	120	-20	-14	-7	-8	det1=true
[13972]	106	120	-28	-14	-7	8	det1=true
[13973]	107	120	-48	-26	-5	-8	det1=true
[13974]	107	120	-56	-26	-5	8	det1=true
[13975]	110	120	-49	-8	-10	-1	det1=true
[13976]	110	120	-50	-8	-10	1	det1=true
[13977]	111	120	-44	-18	-3	10	det1=true
[13978]	112	120	-44	-31	-2	10	det1=true
[13979]	113	120	-49	-18	-10	-1	det1=true
[13980]	113	120	-47	-14	-10	-2	det1=true
[13981]	113	120	-49	-14	-10	2	det1=true
[13982]	119	120	-54	-22	-10	-1	det1=true
[13983]	119	120	-55	-22	-10	1	det1=true
[13984]	18	117	-1	0	-2	-4	det1=true
[13985]	18	117	-5	0	-2	4	det1=true
[13986]	25	117	-8	-9	-1	-5	det1=true
[13987]	25	117	-13	-9	-1	5	det1=true
[13988]	26	117	1	0	-2	-5	det1=true
[13989]	26	117	-4	0	-2	5	det1=true
[13990]	45	117	-4	1	-7	-1	det1=true
[13991]	45	117	-5	1	-7	1	det1=true
[13992]	60	117	-14	-8	-4	7	det1=true
[13993]	64	117	-22	-1	-1	-8	det1=true
[13994]	64	117	-30	-1	-1	8	det1=true
[13995]	65	117	-19	-5	-8	-2	det1=true
[13996]	65	117	-21	-5	-8	2	det1=true
[13997]	65	117	-15	-11	-8	-2	det1=true
[13998]	65	117	-17	-11	-8	2	det1=true
[13999]	73	117	-25	-23	-2	-8	det1=true
[14000]	73	117	-33	-23	-2	8	det1=true
[14001]	74	117	-34	-20	-7	-4	det1=true
[14002]	74	117	-38	-20	-7	4	det1=true
[14003]	75	117	-26	-11	-7	-5	det1=true
[14004]	75	117	-31	-11	-7	5	det1=true
[14005]	80	117	-2	2	-5	-8	det1=true
[14006]	86	117	-24	-2	-8	-5	det1=true
[14007]	86	117	-29	-2	-8	5	det1=true
[14008]	91	117	-3	-1	-1	-10	det1=true
[14009]	91	117	-13	-1	-1	10	det1=true
[14010]	93	117	-45	-35	-5	7	det1=true
[14011]	93	117	-36	-25	-1	-9	det1=true
[14012]	93	117	-45	-25	-1	9	det1=true
[14013]	94	117	-18	-5	-8	-6	det1=true
[14014]	96	117	-34	-20	-8	-5	det1=true
[14015]	96	117	-39	-20	-8	5	det1=true
[14016]	97	117	-24	-8	-8	-6	det1=true
[14017]	97	117	-30	-8	-8	6	det1=true
[14018]	100	117	-26	-15	-6	-8	det1=true
[14019]	100	117	-34	-15	-6	8	det1=true
[14020]	103	117	-33	5	-10	-2	det1=true
[14021]	103	117	-35	5	-10	2	det1=true
[14022]	105	117	-17	1	-7	-8	det1=true
[14023]	105	117	-25	1	-7	8	det1=true
[14024]	112	117	-46	-14	-10	-1	det1=true
[14025]	112	117	-47	-14	-10	1	det1=true
[14026]	114	117	-33	-22	-10	-3	det1=true
[14027]	114	117	-36	-22	-10	3	det1=true
[14028]	117	117	-47	2	-7	8	det1=true
[14029]	39	118	-15	2	-4	-5	det1=true
[14030]	39	118	-20	2	-4	5	det1=true
[14031]	42	118	-18	-17	-2	-6	det1=true
[14032]	42	118	-24	-17	-2	6	det1=true
[14033]	47	118	-5	-4	-6	-4	det1=true
[14034]	54	118	-26	-6	-7	-2	det1=true
[14035]	54	118	-28	-6	-7	2	det1=true
[14036]	54	118	-29	-12	-2	7	det1=true
[14037]	77	118	-43	-20	-2	8	det1=true
[14038]	77	118	-7	-6	-2	-9	det1=true
[14039]	77	118	-16	-6	-2	9	det1=true
[14040]	87	118	-30	-13	-7	-6	det1=true
[14041]	87	118	-36	-13	-7	6	det1=true
[14042]	89	118	-26	-24	-7	-6	det1=true
[14043]	89	118	-1	2	-6	-8	det1=true
[14044]	91	118	-15	-12	-4	-9	det1=true
[14045]	91	118	-24	-12	-4	9	det1=true
[14046]	93	118	-16	-6	-10	-1	det1=true
[14047]	93	118	-17	-6	-10	1	det1=true
[14048]	94	118	-28	-1	-9	-4	det1=true
[14049]	100	118	-24	-7	-2	-10	det1=true
[14050]	100	118	-34	-7	-2	10	det1=true
[14051]	103	118	-20	-9	-3	-10	det1=true
[14052]	103	118	-30	-9	-3	10	det1=true
[14053]	104	118	-35	-4	-10	-2	det1=true
[14054]	104	118	-37	-4	-10	2	det1=true
[14055]	106	118	-46	-2	-9	-4	det1=true
[14056]	106	118	-50	-2	-9	4	det1=true
[14057]	106	118	-33	-12	-2	-10	det1=true
[14058]	106	118	-43	-12	-2	10	det1=true
[14059]	112	118	-23	-22	-8	-7	det1=true
[14060]	112	118	-30	-22	-8	7	det1=true
[14061]	112	118	-10	5	-11	-2	det1=true
[14062]	112	118	-12	5	-11	2	det1=true
[14063]	113	118	-50	-3	-8	-6	det1=true
[14064]	113	118	-56	-3	-8	6	det1=true
[14065]	113	118	-48	-28	-9	4	det1=true
[14066]	118	118	-51	-18	-10	2	det1=true
[14067]	36	119	-12	-13	-1	-6	det1=true
[14068]	36	119	-18	-13	-1	6	det1=true
[14069]	62	119	-24	0	-8	1	det1=true
[14070]	66	119	-28	-4	-1	-8	det1=true
[14071]	66	119	-36	-4	-1	8	det1=true
[14072]	76	119	-35	-4	-8	-3	det1=true
[14073]	76	119	-38	-4	-8	3	det1=true
[14074]	77	119	-23	0	-9	-1	det1=true
[14075]	77	119	-24	0	-9	1	det1=true
[14076]	80	119	-9	-4	-8	-5	det1=true
[14077]	85	119	-38	-2	-9	-1	det1=true
[14078]	89	119	-15	-5	-4	-9	det1=true
[14079]	89	119	-24	-5	-4	9	det1=true
[14080]	92	119	-37	-4	-8	-5	det1=true
[14081]	92	119	-42	-4	-8	5	det1=true
[14082]	96	119	-24	-1	-1	-10	det1=true
[14083]	98	119	-28	-11	-8	-6	det1=true
[14084]	98	119	-34	-11	-8	6	det1=true
[14085]	102	119	-9	-8	-8	-7	det1=true
[14086]	102	119	-16	-8	-8	7	det1=true
[14087]	103	119	-30	-22	-6	-8	det1=true
[14088]	103	119	-38	-22	-6	8	det1=true
[14089]	109	119	-47	-30	-9	-3	det1=true
[14090]	109	119	-50	-30	-9	3	det1=true
[14091]	109	119	-45	-20	-9	-4	det1=true
[14092]	109	119	-49	-20	-9	4	det1=true
[14093]	113	119	-13	-7	-11	-2	det1=true
[14094]	113	119	-15	-7	-11	2	det1=true
[14095]	116	119	-54	-14	-10	1	det1=true
[14096]	117	119	-39	-37	-1	-10	det1=true
[14097]	117	119	-49	-37	-1	10	det1=true
[14098]	117	119	-29	-11	-11	-1	det1=true
[14099]	26	120	-5	-4	-2	-5	det1=true
[14100]	26	120	-10	-4	-2	5	det1=true
[14101]	38	120	-16	-9	-6	2	det1=true
[14102]	38	120	-12	-11	-2	-6	det1=true
[14103]	38	120	-18	-11	-2	6	det1=true
[14104]	54	120	-23	-14	-2	-7	det1=true
[14105]	54	120	-30	-14	-2	7	det1=true
[14106]	63	120	-19	-2	-8	-2	det1=true
[14107]	63	120	-21	-2	-8	2	det1=true
[14108]	77	120	-37	-28	-8	-1	det1=true
[14109]	77	120	-38	-28	-8	1	det1=true
[14110]	79	120	-8	-1	-5	-8	det1=true
[14111]	79	120	-16	-1	-5	8	det1=true
[14112]	80	120	-18	-2	-8	5	det1=true
[14113]	85	120	-21	-14	-8	-5	det1=true
[14114]	85	120	-26	-14	-8	5	det1=true
[14115]	92	120	-32	-18	-5	-8	det1=true
[14116]	92	120	-40	-18	-5	8	det1=true
[14117]	96	120	-26	-9	-6	-8	det1=true
[14118]	96	120	-34	-9	-6	8	det1=true
[14119]	97	120	-38	-21	-5	-8	det1=true
[14120]	97	120	-46	-21	-5	8	det1=true
[14121]	99	120	-32	-15	-2	10	det1=true
[14122]	100	120	-27	-8	-2	-10	det1=true
[14123]	100	120	-37	-8	-2	10	det1=true
[14124]	100	120	-19	-22	-2	-10	det1=true
[14125]	100	120	-29	-22	-2	10	det1=true
[14126]	102	120	-31	-6	-2	-10	det1=true
[14127]	102	120	-41	-6	-2	10	det1=true
[14128]	107	120	-36	-19	-10	-2	det1=true
[14129]	107	120	-32	-23	-2	-10	det1=true
[14130]	107	120	-42	-23	-2	10	det1=true
[14131]	108	120	-20	-13	-10	-4	det1=true
[14132]	108	120	-24	-13	-10	4	det1=true
[14133]	109	120	-38	-25	-1	-10	det1=true
[14134]	109	120	-48	-25	-1	10	det1=true
[14135]	109	120	-26	-7	-10	-4	det1=true
[14136]	109	120	-30	-7	-10	4	det1=true
[14137]	109	120	-17	-16	-6	-9	det1=true
[14138]	109	120	-26	-16	-6	9	det1=true
[14139]	111	120	-35	4	-8	-7	det1=true
[14140]	111	120	-42	4	-8	7	det1=true
[14141]	111	120	-37	-10	-4	10	det1=true
[14142]	111	120	-12	-2	-11	-2	det1=true
[14143]	111	120	-14	-2	-11	2	det1=true
[14144]	112	120	-46	-38	-8	-5	det1=true
[14145]	112	120	-51	-38	-8	5	det1=true
[14146]	113	120	-50	-18	-10	1	det1=true
[14147]	113	120	-36	-31	-10	-2	det1=true
[14148]	113	120	-38	-31	-10	2	det1=true
[14149]	116	120	-52	-9	-1	-10	det1=true
[14150]	116	120	-62	-9	-1	10	det1=true
[14151]	119	120	-48	-23	-2	-10	det1=true
[14152]	119	120	-58	-23	-2	10	det1=true
[14153]	120	120	-50	-32	-10	1	det1=true
[14154]	39	117	-13	-4	-5	-4	det1=true
[14155]	39	117	-17	-4	-5	4	det1=true
[14156]	55	117	-23	-14	-7	-2	det1=true
[14157]	55	117	-25	-14	-7	2	det1=true
[14158]	62	117	-16	-6	-4	-7	det1=true
[14159]	62	117	-23	-6	-4	7	det1=true
[14160]	62	117	-7	-2	-2	-8	det1=true
[14161]	62	117	-15	-2	-2	8	det1=true
[14162]	65	117	-12	-14	-2	-8	det1=true
[14163]	65	117	-20	-14	-2	8	det1=true
[14164]	74	117	-40	-23	-1	8	det1=true
[14165]	75	117	-25	-12	-5	-7	det1=true
[14166]	75	117	-32	-12	-5	7	det1=true
[14167]	75	117	-9	-1	-1	-9	det1=true
[14168]	75	117	-18	-1	-1	9	det1=true
[14169]	82	117	-32	-24	-3	-8	det1=true
[14170]	82	117	-40	-24	-3	8	det1=true
[14171]	89	117	-40	-9	-9	-1	det1=true
[14172]	89	117	-41	-9	-9	1	det1=true
[14173]	89	117	-29	2	-5	-8	det1=true
[14174]	89	117	-37	2	-5	8	det1=true
[14175]	91	117	-37	-21	-9	-1	det1=true
[14176]	91	117	-38	-21	-9	1	det1=true
[14177]	94	117	-24	-5	-8	6	det1=true
[14178]	100	117	-44	-6	-5	-8	det1=true
[14179]	100	117	-52	-6	-5	8	det1=true
[14180]	103	117	-19	-6	-3	-10	det1=true
[14181]	103	117	-29	-6	-3	10	det1=true
[14182]	103	117	-8	-5	-8	-7	det1=true
[14183]	103	117	-15	-5	-8	7	det1=true
[14184]	106	117	-11	-4	-10	-4	det1=true
[14185]	106	117	-15	-4	-10	4	det1=true
[14186]	108	117	-20	5	-10	-4	det1=true
[14187]	108	117	-24	5	-10	4	det1=true
[14188]	109	117	-52	-17	-9	-3	det1=true
[14189]	109	117	-48	-46	-7	-5	det1=true
[14190]	109	117	-53	-46	-7	5	det1=true
[14191]	111	117	-23	-17	-7	-8	det1=true
[14192]	111	117	-31	-17	-7	8	det1=true
[14193]	115	117	-47	-11	-10	-2	det1=true
[14194]	115	117	-49	-11	-10	2	det1=true
[14195]	26	118	-2	-2	-2	-5	det1=true
[14196]	26	118	-7	-2	-2	5	det1=true
[14197]	47	118	-9	-4	-6	4	det1=true
[14198]	52	118	-18	-10	-2	-7	det1=true
[14199]	52	118	-25	-10	-2	7	det1=true
[14200]	54	118	-22	-12	-2	-7	det1=true
[14201]	55	118	-7	0	-6	-5	det1=true
[14202]	55	118	-12	0	-6	5	det1=true
[14203]	61	118	-14	-8	-7	-4	det1=true
[14204]	61	118	-18	-8	-7	4	det1=true
[14205]	62	118	-25	-10	-6	-5	det1=true
[14206]	62	118	-30	-10	-6	5	det1=true
[14207]	64	118	-16	-18	-1	-8	det1=true
[14208]	64	118	-24	-18	-1	8	det1=true
[14209]	67	118	-28	-8	-1	-8	det1=true
[14210]	73	118	-24	-12	-3	-8	det1=true
[14211]	73	118	-32	-12	-3	8	det1=true
[14212]	76	118	-34	-19	-2	-8	det1=true
[14213]	76	118	-42	-19	-2	8	det1=true
[14214]	81	118	-8	-7	-5	-8	det1=true
[14215]	81	118	-16	-7	-5	8	det1=true
[14216]	82	118	-22	-8	-6	-7	det1=true
[14217]	82	118	-29	-8	-6	7	det1=true
[14218]	88	118	-36	-6	-9	-2	det1=true
[14219]	88	118	-38	-6	-9	2	det1=true
[14220]	91	118	-12	4	-10	-1	det1=true
[14221]	91	118	-13	4	-10	1	det1=true
[14222]	97	118	-19	-18	-6	-8	det1=true
[14223]	98	118	-46	-40	-8	3	det1=true
[14224]	99	118	-44	-10	-8	-5	det1=true
[14225]	99	118	-49	-10	-8	5	det1=true
[14226]	101	118	-38	-33	-7	-6	det1=true
[14227]	102	118	-37	-2	-10	-1	det1=true
[14228]	102	118	-38	-2	-10	1	det1=true
[14229]	108	118	-46	4	-10	-1	det1=true
[14230]	108	118	-47	4	-10	1	det1=true
[14231]	108	118	-26	1	-7	-8	det1=true
[14232]	108	118	-34	1	-7	8	det1=true
[14233]	109	118	-42	-8	-1	-10	det1=true
[14234]	109	118	-52	-8	-1	10	det1=true
[14235]	113	118	-52	-49	-3	-8	det1=true
[14236]	115	118	-32	-5	-4	-10	det1=true
[14237]	115	118	-42	-5	-4	10	det1=true
[14238]	116	118	-46	-22	-1	-10	det1=true
[14239]	116	118	-56	-22	-1	10	det1=true
[14240]	117	118	-54	-5	-8	-6	det1=true
[14241]	117	118	-60	-5	-8	6	det1=true
[14242]	27	119	-8	-7	-2	-5	det1=true
[14243]	27	119	-13	-7	-2	5	det1=true
[14244]	35	119	-16	-1	-6	-1	det1=true
[14245]	35	119	-17	-1	-6	1	det1=true
[14246]	57	119	-22	-6	-3	-7	det1=true
[14247]	57	119	-29	-6	-3	7	det1=true
[14248]	62	119	-23	0	-8	-1	det1=true
[14249]	65	119	-5	-1	-3	-8	det1=true
[14250]	66	119	-20	-13	-8	-2	det1=true
[14251]	66	119	-22	-13	-8	2	det1=true
[14252]	67	119	-8	-7	-7	-5	det1=true
[14253]	67	119	-13	-7	-7	5	det1=true
[14254]	71	119	-28	-18	-8	-2	det1=true
[14255]	71	119	-30	-18	-8	2	det1=true
[14256]	71	119	-25	-21	-2	-8	det1=true
[14257]	73	119	-28	-9	-8	-3	det1=true
[14258]	73	119	-31	-9	-8	3	det1=true
[14259]	74	119	-34	-23	-1	-8	det1=true
[14260]	74	119	-28	-25	-8	-2	det1=true
[14261]	74	119	-30	-25	-8	2	det1=true
[14262]	76	119	-30	-14	-3	-8	det1=true
[14263]	76	119	-6	-4	-6	-7	det1=true
[14264]	76	119	-13	-4	-6	7	det1=true
[14265]	85	119	-39	-2	-9	1	det1=true
[14266]	86	119	-30	-12	-7	-6	det1=true
[14267]	86	119	-36	-12	-7	6	det1=true
[14268]	86	119	-4	2	-4	-9	det1=true
[14269]	88	119	-34	-14	-9	-2	det1=true
[14270]	92	119	-6	3	-10	-2	det1=true
[14271]	92	119	-8	3	-10	2	det1=true
[14272]	95	119	-39	-25	-5	8	det1=true
[14273]	95	119	-30	-6	-8	6	det1=true
[14274]	96	119	-34	-1	-1	10	det1=true
[14275]	97	119	-35	1	-9	-4	det1=true
[14276]	97	119	-39	1	-9	4	det1=true
[14277]	98	119	-24	-15	-1	-10	det1=true
[14278]	99	119	-32	0	-6	-8	det1=true
[14279]	99	119	-40	0	-6	8	det1=true
[14280]	99	119	-23	-21	-6	-8	det1=true
[14281]	99	119	-31	-21	-6	8	det1=true
[14282]	100	119	-29	-16	-8	-6	det1=true
[14283]	100	119	-35	-16	-8	6	det1=true
[14284]	101	119	-27	-9	-2	-10	det1=true
[14285]	101	119	-37	-9	-2	10	det1=true
[14286]	101	119	-8	-3	-8	-7	det1=true
[14287]	101	119	-15	-3	-8	7	det1=true
[14288]	103	119	-41	-3	-4	-9	det1=true
[14289]	107	119	-37	-21	-6	-8	det1=true
[14290]	107	119	-45	-21	-6	8	det1=true
[14291]	107	119	-32	-28	-6	-8	det1=true
[14292]	107	119	-40	-28	-6	8	det1=true
[14293]	109	119	-57	-17	-9	3	det1=true
[14294]	111	119	-30	-32	-2	-10	det1=true
[14295]	111	119	-40	-32	-2	10	det1=true
[14296]	113	119	-39	-30	-1	-10	det1=true
[14297]	114	119	-16	-8	-11	-2	det1=true
[14298]	114	119	-18	-8	-11	2	det1=true
[14299]	116	119	-53	-14	-10	-1	det1=true
[14300]	116	119	-45	-28	-8	-6	det1=true
[14301]	117	119	-51	-13	-10	-2	det1=true
[14302]	117	119	-53	-13	-10	2	det1=true
[14303]	117	119	-30	-11	-11	1	det1=true
[14304]	22	120	-3	2	-4	-3	det1=true
[14305]	22	120	-6	2	-4	3	det1=true
[14306]	33	120	-6	-1	-1	-6	det1=true
[14307]	33	120	-12	-1	-1	6	det1=true
[14308]	36	120	-2	0	-4	-5	det1=true
[14309]	36	120	-7	0	-4	5	det1=true
[14310]	38	120	-14	-9	-6	-2	det1=true
[14311]	39	120	-17	0	-4	-5	det1=true
[14312]	39	120	-22	0	-4	5	det1=true
[14313]	75	120	-34	-26	-4	-7	det1=true
[14314]	75	120	-41	-26	-4	7	det1=true
[14315]	75	120	-32	-6	-3	-8	det1=true
[14316]	75	120	-40	-6	-3	8	det1=true
[14317]	78	120	-7	0	-8	5	det1=true
[14318]	79	120	-10	4	-8	-5	det1=true
[14319]	79	120	-15	4	-8	5	det1=true
[14320]	90	120	-14	2	-10	-1	det1=true
[14321]	92	120	-44	-6	-9	-2	det1=true
[14322]	92	120	-46	-6	-9	2	det1=true
[14323]	93	120	-43	-10	-8	5	det1=true
[14324]	94	120	-41	-4	-8	-5	det1=true
[14325]	94	120	-46	-4	-8	5	det1=true
[14326]	96	120	-25	-12	-10	-1	det1=true
[14327]	96	120	-26	-12	-10	1	det1=true
[14328]	97	120	-44	-1	-5	-8	det1=true
[14329]	97	120	-52	-1	-5	8	det1=true
[14330]	97	120	-48	-17	-5	8	det1=true
[14331]	102	120	-31	-22	-10	1	det1=true
[14332]	102	120	-27	2	-10	-3	det1=true
[14333]	102	120	-30	2	-10	3	det1=true
[14334]	103	120	-33	-16	-10	2	det1=true
[14335]	105	120	-32	-25	-1	-10	det1=true
[14336]	105	120	-42	-25	-1	10	det1=true
[14337]	106	120	-35	-14	-2	-10	det1=true
[14338]	106	120	-45	-14	-2	10	det1=true
[14339]	108	120	-17	-16	-4	-10	det1=true
[14340]	108	120	-27	-16	-4	10	det1=true
[14341]	110	120	-53	0	-2	10	det1=true
[14342]	110	120	-34	-27	-2	-10	det1=true
[14343]	110	120	-44	-27	-2	10	det1=true
[14344]	111	120	-50	-51	-3	-8	det1=true
[14345]	111	120	-58	-51	-3	8	det1=true
[14346]	111	120	-43	-10	-2	-10	det1=true
[14347]	111	120	-53	-10	-2	10	det1=true
[14348]	111	120	-27	-10	-4	-10	det1=true
[14349]	111	120	-22	-16	-6	-9	det1=true
[14350]	111	120	-31	-16	-6	9	det1=true
[14351]	114	120	-28	-17	-9	-6	det1=true
[14352]	114	120	-34	-17	-9	6	det1=true
[14353]	116	120	-48	-41	-5	-8	det1=true
[14354]	116	120	-56	-41	-5	8	det1=true
[14355]	116	120	-36	-13	-10	-4	det1=true
[14356]	116	120	-40	-13	-10	4	det1=true
[14357]	119	120	-52	-19	-10	-2	det1=true
[14358]	47	117	-15	-1	-7	-1	det1=true
[14359]	47	117	-16	-1	-7	1	det1=true
[14360]	61	117	1	-1	-2	-8	det1=true
[14361]	61	117	-7	-1	-2	8	det1=true
[14362]	67	117	-12	1	-8	-3	det1=true
[14363]	67	117	-15	1	-8	3	det1=true
[14364]	70	117	-21	-2	-8	-3	det1=true
[14365]	70	117	-24	-2	-8	3	det1=true
[14366]	71	117	-31	-16	-1	-8	det1=true
[14367]	71	117	-39	-16	-1	8	det1=true
[14368]	73	117	-33	-19	-7	-4	det1=true
[14369]	73	117	-37	-19	-7	4	det1=true
[14370]	73	117	-31	-22	-1	-8	det1=true
[14371]	73	117	-39	-22	-1	8	det1=true
[14372]	75	117	-28	-3	-5	-7	det1=true
[14373]	75	117	-35	-3	-5	7	det1=true
[14374]	78	117	-32	-12	-3	-8	det1=true
[14375]	78	117	-40	-12	-3	8	det1=true
[14376]	80	117	-2	0	-8	-5	det1=true
[14377]	80	117	-7	0	-8	5	det1=true
[14378]	85	117	-37	-21	-5	-7	det1=true
[14379]	85	117	-44	-21	-5	7	det1=true
[14380]	89	117	-36	-13	-1	-9	det1=true
[14381]	89	117	-45	-13	-1	9	det1=true
[14382]	91	117	-26	-17	-9	-3	det1=true
[14383]	91	117	-29	-17	-9	3	det1=true
[14384]	101	117	-24	-8	-2	-10	det1=true
[14385]	101	117	-34	-8	-2	10	det1=true
[14386]	104	117	-22	-3	-3	-10	det1=true
[14387]	104	117	-32	-3	-3	10	det1=true
[14388]	107	117	-21	-4	-7	-8	det1=true
[14389]	107	117	-13	2	-9	-6	det1=true
[14390]	107	117	-19	2	-9	6	det1=true
[14391]	108	117	-40	-5	-1	-10	det1=true
[14392]	110	117	-52	-20	-8	-5	det1=true
[14393]	110	117	-57	-20	-8	5	det1=true
[14394]	112	117	-45	-14	-8	-6	det1=true
[14395]	37	118	-6	0	-5	-4	det1=true
[14396]	37	118	-10	0	-5	4	det1=true
[14397]	57	118	-12	-8	-5	-6	det1=true
[14398]	57	118	-18	-8	-5	6	det1=true
[14399]	62	118	-20	-10	-7	4	det1=true
[14400]	83	118	-32	-28	-8	-3	det1=true
[14401]	83	118	-35	-28	-8	3	det1=true
[14402]	90	118	-9	4	-8	-6	det1=true
[14403]	90	118	-15	4	-8	6	det1=true
[14404]	92	118	-24	-10	-9	4	det1=true
[14405]	94	118	-40	-18	-9	-2	det1=true
[14406]	94	118	-38	-19	-7	-6	det1=true
[14407]	94	118	-44	-19	-7	6	det1=true
[14408]	94	118	-32	-1	-9	4	det1=true
[14409]	96	118	-16	-17	-1	-10	det1=true
[14410]	96	118	-26	-17	-1	10	det1=true
[14411]	97	118	-20	-15	-1	-10	det1=true
[14412]	97	118	-30	-15	-1	10	det1=true
[14413]	98	118	-43	-40	-8	-3	det1=true
[14414]	99	118	-28	-3	-1	-10	det1=true
[14415]	99	118	-38	-3	-1	10	det1=true
[14416]	100	118	-42	-26	-7	-6	det1=true
[14417]	100	118	-48	-26	-7	6	det1=true
[14418]	101	118	-32	-20	-9	-4	det1=true
[14419]	101	118	-36	-20	-9	4	det1=true
[14420]	104	118	-24	-2	-3	-10	det1=true
[14421]	104	118	-34	-2	-3	10	det1=true
[14422]	109	118	-30	-32	-1	-10	det1=true
[14423]	109	118	-40	-32	-1	10	det1=true
[14424]	110	118	-38	4	-10	-3	det1=true
[14425]	112	118	-50	-50	-3	-8	det1=true
[14426]	112	118	-58	-50	-3	8	det1=true
[14427]	112	118	-30	-12	-8	-7	det1=true
[14428]	112	118	-37	-12	-8	7	det1=true
[14429]	112	118	-3	-6	-2	-11	det1=true
[14430]	112	118	-14	-6	-2	11	det1=true
[14431]	115	118	-54	-12	-9	-4	det1=true
[14432]	115	118	-58	-12	-9	4	det1=true
[14433]	115	118	-36	-8	-7	-8	det1=true
[14434]	115	118	-44	-8	-7	8	det1=true
[14435]	115	118	-29	-22	-8	-7	det1=true
[14436]	115	118	-36	-22	-8	7	det1=true
[14437]	115	118	-12	-12	-2	-11	det1=true
[14438]	115	118	-23	-12	-2	11	det1=true
[14439]	117	118	-30	-25	-7	-8	det1=true
[14440]	117	118	-38	-25	-7	8	det1=true
[14441]	117	118	-24	2	-10	-5	det1=true
[14442]	117	118	-29	2	-10	5	det1=true
[14443]	45	119	-7	-2	-1	-7	det1=true
[14444]	45	119	-14	-2	-1	7	det1=true
[14445]	47	119	-12	-6	-4	6	det1=true
[14446]	55	119	-23	1	-7	3	det1=true
[14447]	57	119	-24	-4	-7	-3	det1=true
[14448]	59	119	-9	-6	-7	-4	det1=true
[14449]	59	119	-13	-6	-7	4	det1=true
[14450]	60	119	-22	-2	-1	8	det1=true
[14451]	63	119	-14	-6	-2	-8	det1=true
[14452]	63	119	-22	-6	-2	8	det1=true
[14453]	75	119	0	1	-2	-9	det1=true
[14454]	75	119	-9	1	-2	9	det1=true
[14455]	79	119	-19	0	-7	-6	det1=true
[14456]	79	119	-25	0	-7	6	det1=true
[14457]	80	119	-36	-15	-3	-8	det1=true
[14458]	80	119	-44	-15	-3	8	det1=true
[14459]	86	119	-24	-21	-7	-6	det1=true
[14460]	86	119	-30	-21	-7	6	det1=true
[14461]	87	119	-6	-7	-4	-9	det1=true
[14462]	87	119	-15	-7	-4	9	det1=true
[14463]	90	119	-11	0	-6	-8	det1=true
[14464]	90	119	-19	0	-6	8	det1=true
[14465]	92	119	-12	-1	-2	10	det1=true
[14466]	93	119	-17	-1	-1	-10	det1=true
[14467]	93	119	-27	-1	-1	10	det1=true
[14468]	95	119	-43	-11	-2	-9	det1=true
[14469]	95	119	-42	-36	-5	-7	det1=true
[14470]	95	119	-49	-36	-5	7	det1=true
[14471]	95	119	-42	3	-8	-5	det1=true
[14472]	95	119	-47	3	-8	5	det1=true
[14473]	95	119	-18	-2	-10	-2	det1=true
[14474]	95	119	-20	-2	-10	2	det1=true
[14475]	97	119	-22	-9	-5	9	det1=true
[14476]	98	119	-34	-15	-1	10	det1=true
[14477]	98	119	-23	-18	-10	-1	det1=true
[14478]	100	119	-38	-26	-5	-8	det1=true
[14479]	102	119	-37	-10	-10	1	det1=true
[14480]	103	119	-37	-7	-6	-8	det1=true
[14481]	103	119	-45	-7	-6	8	det1=true
[14482]	115	119	-48	-1	-9	-5	det1=true
[14483]	115	119	-53	-1	-9	5	det1=true
[14484]	115	119	-34	-17	-8	-7	det1=true
[14485]	115	119	-31	-12	-9	-6	det1=true
[14486]	115	119	-37	-12	-9	6	det1=true
[14487]	116	119	-35	-18	-8	-7	det1=true
[14488]	116	119	-42	-18	-8	7	det1=true
[14489]	119	119	-55	-40	-7	-6	det1=true
[14490]	47	120	-10	1	-7	2	det1=true
[14491]	61	120	-13	4	-8	-2	det1=true
[14492]	61	120	-15	4	-8	2	det1=true
[14493]	63	120	-22	-8	-4	-7	det1=true
[14494]	63	120	-29	-8	-4	7	det1=true
[14495]	78	120	-2	0	-8	-5	det1=true
[14496]	91	120	-22	-9	-9	-4	det1=true
[14497]	91	120	-26	-9	-9	4	det1=true
[14498]	91	120	-3	2	-10	-2	det1=true
[14499]	91	120	-5	2	-10	2	det1=true
[14500]	93	120	-15	2	-10	-2	det1=true
[14501]	93	120	-17	2	-10	2	det1=true
[14502]	95	120	-33	-32	-2	-9	det1=true
[14503]	95	120	-42	-32	-2	9	det1=true
[14504]	95	120	-25	-8	-10	-1	det1=true
[14505]	95	120	-26	-8	-10	1	det1=true
[14506]	96	120	-23	-2	-10	-2	det1=true
[14507]	96	120	-25	-2	-10	2	det1=true
[14508]	99	120	-22	-15	-2	-10	det1=true
[14509]	99	120	-2	1	-7	-8	det1=true
[14510]	99	120	-10	1	-7	8	det1=true
[14511]	102	120	-30	-22	-10	-1	det1=true
[14512]	103	120	-35	-8	-10	-2	det1=true
[14513]	103	120	-37	-8	-10	2	det1=true
[14514]	104	120	-45	-26	-8	-5	det1=true
[14515]	105	120	-19	-12	-8	-7	det1=true
[14516]	105	120	-26	-12	-8	7	det1=true
[14517]	107	120	-39	-2	-2	-10	det1=true
[14518]	107	120	-49	-2	-2	10	det1=true
[14519]	107	120	-38	-19	-10	2	det1=true
[14520]	108	120	-34	-3	-3	-10	det1=true
[14521]	108	120	-44	-3	-3	10	det1=true
[14522]	112	120	-36	2	-7	-8	det1=true
[14523]	112	120	-44	2	-7	8	det1=true
[14524]	112	120	-34	-31	-2	-10	det1=true
[14525]	113	120	-39	-26	-2	-10	det1=true
[14526]	113	120	-32	-35	-2	-10	det1=true
[14527]	113	120	-42	-35	-2	10	det1=true
[14528]	114	120	-39	-2	-8	-7	det1=true
[14529]	114	120	-46	-2	-8	7	det1=true
[14530]	116	120	-19	-14	-2	-11	det1=true
[14531]	116	120	-30	-14	-2	11	det1=true
[14532]	119	120	-54	-19	-10	2	det1=true
[14533]	40	117	-17	0	-4	-5	det1=true
[14534]	59	117	-5	-3	-1	-8	det1=true
[14535]	59	117	-13	-3	-1	8	det1=true
[14536]	62	117	-19	-4	-8	-1	det1=true
[14537]	62	117	-20	-4	-8	1	det1=true
[14538]	62	117	-13	-6	-2	8	det1=true
[14539]	69	117	-21	-17	-2	-8	det1=true
[14540]	69	117	-29	-17	-2	8	det1=true
[14541]	77	117	-29	-15	-3	-8	det1=true
[14542]	77	117	-37	-15	-3	8	det1=true
[14543]	80	117	-26	-27	-3	-8	det1=true
[14544]	80	117	-34	-27	-3	8	det1=true
[14545]	80	117	-10	2	-5	8	det1=true
[14546]	81	117	-5	-6	-5	-8	det1=true
[14547]	81	117	-13	-6	-5	8	det1=true
[14548]	82	117	-23	-20	-4	-8	det1=true
[14549]	82	117	-31	-20	-4	8	det1=true
[14550]	83	117	-19	-7	-3	9	det1=true
[14551]	93	117	-40	-21	-9	-1	det1=true
[14552]	93	117	-41	-21	-9	1	det1=true
[14553]	94	117	-14	-7	-1	-10	det1=true
[14554]	94	117	-24	-7	-1	10	det1=true
[14555]	99	117	-7	-3	-3	-10	det1=true
[14556]	99	117	-17	-3	-3	10	det1=true
[14557]	100	117	-15	2	-10	-3	det1=true
[14558]	101	117	-37	-26	-5	-8	det1=true
[14559]	101	117	-45	-26	-5	8	det1=true
[14560]	105	117	-46	-16	-3	-9	det1=true
[14561]	105	117	-55	-16	-3	9	det1=true
[14562]	108	117	-50	-5	-1	10	det1=true
[14563]	108	117	-29	-24	-10	-2	det1=true
[14564]	108	117	-31	-24	-10	2	det1=true
[14565]	108	117	-10	-10	-6	-9	det1=true
[14566]	108	117	-19	-10	-6	9	det1=true
[14567]	109	117	-41	-7	-1	-10	det1=true
[14568]	109	117	-51	-7	-1	10	det1=true
[14569]	109	117	-22	0	-10	-4	det1=true
[14570]	109	117	-26	0	-10	4	det1=true
[14571]	111	117	-48	-40	-1	-9	det1=true
[14572]	111	117	-57	-40	-1	9	det1=true
[14573]	112	117	-30	-8	-8	-7	det1=true
[14574]	112	117	-37	-8	-8	7	det1=true
[14575]	113	117	-5	-3	-2	-11	det1=true
[14576]	114	117	-56	-12	-1	10	det1=true
[14577]	115	117	-50	-13	-10	-1	det1=true
[14578]	115	117	-51	-13	-10	1	det1=true
[14579]	117	117	-55	3	-7	-7	det1=true
[14580]	50	118	-18	-11	-6	4	det1=true
[14581]	67	118	-24	-17	-7	-4	det1=true
[14582]	67	118	-28	-17	-7	4	det1=true
[14583]	92	118	-20	-10	-9	-4	det1=true
[14584]	101	118	-38	-8	-9	-4	det1=true
[14585]	101	118	-42	-8	-9	4	det1=true
[14586]	106	118	-30	-32	-4	-9	det1=true
[14587]	106	118	-39	-32	-4	9	det1=true
[14588]	107	118	-52	-42	-8	-3	det1=true
[14589]	108	118	-26	1	-10	4	det1=true
[14590]	118	118	-45	-22	-2	-10	det1=true
[14591]	118	118	-55	-22	-2	10	det1=true
[14592]	26	119	-8	-4	-2	5	det1=true
[14593]	38	119	-12	-3	-5	-4	det1=true
[14594]	38	119	-16	-3	-5	4	det1=true
[14595]	45	119	-10	1	-7	-1	det1=true
[14596]	45	119	-11	1	-7	1	det1=true
[14597]	60	119	-24	-2	-5	-6	det1=true
[14598]	60	119	-30	-2	-5	6	det1=true
[14599]	60	119	-16	1	-7	-4	det1=true
[14600]	60	119	-20	1	-7	4	det1=true
[14601]	63	119	-18	-13	-4	-7	det1=true
[14602]	65	119	-27	-9	-8	-1	det1=true
[14603]	65	119	-28	-9	-8	1	det1=true
[14604]	76	119	-38	-14	-3	8	det1=true
[14605]	76	119	-5	-6	-2	-9	det1=true
[14606]	76	119	-14	-6	-2	9	det1=true
[14607]	77	119	-19	-4	-1	-9	det1=true
[14608]	77	119	-28	-4	-1	9	det1=true
[14609]	92	119	-2	-1	-2	-10	det1=true
[14610]	94	119	-40	-20	-9	-2	det1=true
[14611]	94	119	-42	-20	-9	2	det1=true
[14612]	95	119	-6	-7	-5	-9	det1=true
[14613]	95	119	-15	-7	-5	9	det1=true
[14614]	97	119	-13	-9	-5	-9	det1=true
[14615]	98	119	-32	0	-10	-1	det1=true
[14616]	99	119	-33	1	-8	-6	det1=true
[14617]	99	119	-39	1	-8	6	det1=true
[14618]	99	119	-32	-7	-10	-1	det1=true
[14619]	99	119	-33	-7	-10	1	det1=true
[14620]	104	119	-30	-30	-4	-9	det1=true
[14621]	104	119	-39	-30	-4	9	det1=true
[14622]	106	119	-39	-14	-6	-8	det1=true
[14623]	106	119	-47	-14	-6	8	det1=true
[14624]	110	119	-42	-27	-9	-4	det1=true
[14625]	113	119	-49	-30	-1	10	det1=true
[14626]	117	119	-24	-16	-1	-11	det1=true
[14627]	117	119	-35	-16	-1	11	det1=true
[14628]	119	119	-61	-40	-7	6	det1=true
[14629]	43	120	-14	-11	-3	-6	det1=true
[14630]	43	120	-20	-11	-3	6	det1=true
[14631]	55	120	-22	-21	-6	-4	det1=true
[14632]	55	120	-26	-21	-6	4	det1=true
[14633]	63	120	-25	-6	-8	-1	det1=true
[14634]	63	120	-26	-6	-8	1	det1=true
[14635]	65	120	-26	-9	-1	-8	det1=true
[14636]	65	120	-34	-9	-1	8	det1=true
[14637]	91	120	-31	-24	-8	5	det1=true
[14638]	92	120	-42	-7	-7	-6	det1=true
[14639]	92	120	-48	-7	-7	6	det1=true
[14640]	93	120	-33	-20	-8	-5	det1=true
[14641]	93	120	-38	-20	-8	5	det1=true
[14642]	94	120	-30	-26	-8	-5	det1=true
[14643]	94	120	-35	-26	-8	5	det1=true
[14644]	97	120	-40	-17	-5	-8	det1=true
[14645]	99	120	-32	-33	-5	-8	det1=true
[14646]	100	120	-28	-3	-2	-10	det1=true
[14647]	100	120	-38	-3	-2	10	det1=true
[14648]	100	120	-31	-4	-10	-2	det1=true
[14649]	100	120	-33	-4	-10	2	det1=true
[14650]	105	120	-28	-30	-1	-10	det1=true
[14651]	105	120	-38	-30	-1	10	det1=true
[14652]	108	120	-44	-34	-5	-8	det1=true
[14653]	108	120	-52	-34	-5	8	det1=true
[14654]	114	120	-45	-26	-8	-6	det1=true
[14655]	114	120	-51	-26	-8	6	det1=true
[14656]	117	120	-38	-35	-2	-10	det1=true
[14657]	117	120	-48	-35	-2	10	det1=true
[14658]	118	120	-27	-2	-2	-11	det1=true
[14659]	119	120	-40	-19	-7	-8	det1=true
[14660]	119	120	-48	-19	-7	8	det1=true
[14661]	120	120	-49	-32	-10	-1	det1=true
[14662]	45	117	-1	-2	-1	-7	det1=true
[14663]	45	117	-8	-2	-1	7	det1=true
[14664]	62	117	-5	-6	-2	-8	det1=true
[14665]	70	117	-28	-11	-8	-2	det1=true
[14666]	79	117	-25	3	-9	-1	det1=true
[14667]	79	117	-26	3	-9	1	det1=true
[14668]	83	117	-10	-7	-3	-9	det1=true
[14669]	96	117	-16	-14	-1	-10	det1=true
[14670]	96	117	-26	-14	-1	10	det1=true
[14671]	106	117	-51	-44	-8	3	det1=true
[14672]	106	117	-22	-12	-7	8	det1=true
[14673]	112	117	-51	-14	-8	6	det1=true
[14674]	113	117	-45	-17	-8	-6	det1=true
[14675]	113	117	-25	-11	-4	-10	det1=true
[14676]	113	117	-35	-11	-4	10	det1=true
[14677]	50	118	-14	-11	-6	-4	det1=true
[14678]	61	118	-12	-11	-1	-8	det1=true
[14679]	61	118	-20	-11	-1	8	det1=true
[14680]	67	118	-22	-20	-1	-8	det1=true
[14681]	67	118	-30	-20	-1	8	det1=true
[14682]	68	118	-20	-17	-2	-8	det1=true
[14683]	68	118	-28	-17	-2	8	det1=true
[14684]	72	118	-20	-15	-3	-8	det1=true
[14685]	72	118	-28	-15	-3	8	det1=true
[14686]	73	118	-29	-2	-8	-3	det1=true
[14687]	73	118	-32	-2	-8	3	det1=true
[14688]	79	118	-28	-24	-3	-8	det1=true
[14689]	79	118	-36	-24	-3	8	det1=true
[14690]	94	118	-42	-18	-9	2	det1=true
[14691]	96	118	-38	-13	-5	-8	det1=true
[14692]	96	118	-46	-13	-5	8	det1=true
[14693]	100	118	-44	-25	-9	-2	det1=true
[14694]	100	118	-46	-25	-9	2	det1=true
[14695]	101	118	-40	-32	-9	-2	det1=true
[14696]	101	118	-35	-12	-4	-9	det1=true
[14697]	101	118	-44	-12	-4	9	det1=true
[14698]	108	118	-22	1	-10	-4	det1=true
[14699]	109	118	-47	0	-10	-1	det1=true
[14700]	109	118	-48	0	-10	1	det1=true
[14701]	118	118	-42	0	-8	-7	det1=true
[14702]	118	118	-49	0	-8	7	det1=true
[14703]	26	119	-3	-4	-2	-5	det1=true
[14704]	47	119	-6	-6	-4	-6	det1=true
[14705]	57	119	-27	-4	-7	3	det1=true
[14706]	86	119	-26	-20	-9	-2	det1=true
[14707]	86	119	-28	-20	-9	2	det1=true
[14708]	95	119	-31	-25	-5	-8	det1=true
[14709]	95	119	-23	-7	-6	-8	det1=true
[14710]	95	119	-31	-7	-6	8	det1=true
[14711]	95	119	-16	-6	-10	-2	det1=true
[14712]	97	119	-43	-22	-9	-2	det1=true
[14713]	97	119	-45	-22	-9	2	det1=true
[14714]	98	119	-24	-18	-10	1	det1=true
[14715]	100	119	-46	-26	-5	8	det1=true
[14716]	102	119	-36	-10	-10	-1	det1=true
[14717]	110	119	-46	-27	-9	4	det1=true
[14718]	111	119	-27	-17	-8	-7	det1=true
[14719]	111	119	-34	-17	-8	7	det1=true
[14720]	114	119	-47	-22	-10	-1	det1=true
[14721]	114	119	-48	-22	-10	1	det1=true
[14722]	47	120	-8	1	-7	-2	det1=true
[14723]	53	120	-24	-10	-7	-2	det1=true
[14724]	53	120	-26	-10	-7	2	det1=true
[14725]	67	120	-29	0	-8	-2	det1=true
[14726]	67	120	-31	0	-8	2	det1=true
[14727]	86	120	-20	-18	-5	-8	det1=true
[14728]	90	120	-15	2	-10	1	det1=true
[14729]	91	120	-26	-24	-8	-5	det1=true
[14730]	93	120	-38	-10	-8	-5	det1=true
[14731]	99	120	-28	-14	-1	-10	det1=true
[14732]	99	120	-38	-14	-1	10	det1=true
[14733]	104	120	-50	-26	-8	5	det1=true
[14734]	109	120	-23	-10	-4	-10	det1=true
[14735]	109	120	-33	-10	-4	10	det1=true
[14736]	110	120	-43	0	-2	-10	det1=true
[14737]	111	120	-42	2	-10	-3	det1=true
[14738]	111	120	-45	2	-10	3	det1=true
[14739]	111	120	-34	-18	-3	-10	det1=true
[14740]	111	120	-28	-27	-3	-10	det1=true
[14741]	112	120	-44	-11	-2	-10	det1=true
[14742]	112	120	-54	-11	-2	10	det1=true
[14743]	115	120	-50	-37	-5	-8	det1=true
[14744]	115	120	-58	-37	-5	8	det1=true
[14745]	115	120	-26	-22	-9	-6	det1=true
[14746]	115	120	-32	-22	-9	6	det1=true
[14747]	66	117	-25	-8	-4	-7	det1=true
[14748]	66	117	-32	-8	-4	7	det1=true
[14749]	67	117	-9	-5	-8	-3	det1=true
[14750]	67	117	-12	-5	-8	3	det1=true
[14751]	68	117	-20	-15	-2	-8	det1=true
[14752]	68	117	-28	-15	-2	8	det1=true
[14753]	70	117	-30	-11	-8	2	det1=true
[14754]	79	117	-21	-1	-1	-9	det1=true
[14755]	79	117	-30	-1	-1	9	det1=true
[14756]	81	117	-18	-19	-1	-9	det1=true
[14757]	81	117	-27	-19	-1	9	det1=true
[14758]	83	117	-35	-20	-7	-5	det1=true
[14759]	95	117	-39	-37	-7	-5	det1=true
[14760]	95	117	-44	-37	-7	5	det1=true
[14761]	106	117	-48	-44	-8	-3	det1=true
[14762]	106	117	-13	0	-10	-4	det1=true
[14763]	106	117	-17	0	-10	4	det1=true
[14764]	108	117	-25	-28	-2	-10	det1=true
[14765]	108	117	-35	-28	-2	10	det1=true
[14766]	111	117	-30	-19	-10	-3	det1=true
[14767]	111	117	-33	-19	-10	3	det1=true
[14768]	117	117	-21	-5	-11	-2	det1=true
[14769]	117	117	-23	-5	-11	2	det1=true
[14770]	57	118	-25	-18	-2	-7	det1=true
[14771]	57	118	-32	-18	-2	7	det1=true
[14772]	99	118	-28	-12	-10	-1	det1=true
[14773]	99	118	-29	-12	-10	1	det1=true
[14774]	104	118	-31	-8	-2	-10	det1=true
[14775]	104	118	-41	-8	-2	10	det1=true
[14776]	106	118	-14	-5	-10	-4	det1=true
[14777]	106	118	-18	-5	-10	4	det1=true
[14778]	108	118	-38	1	-2	-10	det1=true
[14779]	110	118	-44	-22	-9	-4	det1=true
[14780]	110	118	-48	-22	-9	4	det1=true
[14781]	117	118	-48	-23	-8	-6	det1=true
[14782]	117	118	-54	-23	-8	6	det1=true
[14783]	52	119	-20	-13	-6	-4	det1=true
[14784]	52	119	-24	-13	-6	4	det1=true
[14785]	79	119	-13	-12	-7	-6	det1=true
[14786]	79	119	-19	-12	-7	6	det1=true
[14787]	90	119	-32	-7	-5	-8	det1=true
[14788]	90	119	-40	-7	-5	8	det1=true
[14789]	95	119	-24	-6	-8	-6	det1=true
[14790]	95	119	-18	-6	-10	2	det1=true
[14791]	97	119	-41	-23	-7	-6	det1=true
[14792]	97	119	-47	-23	-7	6	det1=true
[14793]	97	119	-32	-27	-9	-3	det1=true
[14794]	104	119	-46	-21	-5	-8	det1=true
[14795]	104	119	-54	-21	-5	8	det1=true
[14796]	114	119	-18	-5	-11	-2	det1=true
[14797]	114	119	-20	-5	-11	2	det1=true
[14798]	115	119	-48	-38	-9	-3	det1=true
[14799]	116	119	-46	-42	-5	-8	det1=true
[14800]	116	119	-54	-42	-5	8	det1=true
[14801]	118	119	-17	-20	-2	-11	det1=true
[14802]	118	119	-28	-20	-2	11	det1=true
[14803]	48	120	-10	-4	-2	-7	det1=true
[14804]	48	120	-17	-4	-2	7	det1=true
[14805]	69	120	-29	-12	-8	-2	det1=true
[14806]	69	120	-31	-12	-8	2	det1=true
[14807]	93	120	-28	-26	-5	-8	det1=true
[14808]	93	120	-36	-26	-5	8	det1=true
[14809]	96	120	-24	5	-10	-2	det1=true
[14810]	97	120	-38	-22	-8	-5	det1=true
[14811]	97	120	-43	-22	-8	5	det1=true
[14812]	99	120	-40	-33	-5	8	det1=true
[14813]	102	120	-16	2	-7	-8	det1=true
[14814]	102	120	-24	2	-7	8	det1=true
[14815]	103	120	-31	-16	-10	-2	det1=true
[14816]	111	120	-40	-19	-2	-10	det1=true
[14817]	111	120	-50	-19	-2	10	det1=true
[14818]	111	120	-38	-27	-3	10	det1=true
[14819]	113	120	-46	-7	-2	-10	det1=true
[14820]	113	120	-49	-26	-2	10	det1=true
[14821]	120	120	-56	-15	-6	-8	det1=true
[14822]	120	120	-64	-15	-6	8	det1=true
[14823]	95	117	-29	-24	-5	-8	det1=true
[14824]	95	117	-37	-24	-5	8	det1=true
[14825]	107	117	-29	-4	-7	8	det1=true
[14826]	109	117	-52	-33	-9	-1	det1=true
[14827]	109	117	-53	-33	-9	1	det1=true
[14828]	110	117	-26	-8	-7	-8	det1=true
[14829]	110	117	-34	-8	-7	8	det1=true
[14830]	72	119	-32	-21	-1	-8	det1=true
[14831]	72	119	-40	-21	-1	8	det1=true
[14832]	89	119	-16	-1	-4	-9	det1=true
[14833]	89	119	-25	-1	-4	9	det1=true
[14834]	107	119	-35	-23	-1	-10	det1=true
[14835]	107	119	-45	-23	-1	10	det1=true
[14836]	107	119	-34	-31	-4	-9	det1=true
[14837]	107	119	-43	-31	-4	9	det1=true
[14838]	111	119	-16	-7	-11	-1	det1=true
[14839]	111	119	-17	-7	-11	1	det1=true
[14840]	90	120	-34	-8	-8	-5	det1=true
[14841]	90	120	-39	-8	-8	5	det1=true
[14842]	90	120	-29	-18	-8	-5	det1=true
[14843]	90	120	-34	-18	-8	5	det1=true
[14844]	96	120	-4	-3	-3	-10	det1=true
[14845]	96	120	-14	-3	-3	10	det1=true
[14846]	114	120	-22	-2	-11	-2	det1=true
[14847]	114	120	-24	-2	-11	2	det1=true
[14848]	117	120	-52	-14	-1	-10	det1=true
[14849]	117	120	-62	-14	-1	10	det1=true
[14850]	117	120	-46	-3	-3	-10	det1=true
[14851]	117	120	-56	-3	-3	10	det1=true
[14852]	107	117	-39	-1	-1	-10	det1=true
[14853]	114	117	-46	-12	-1	-10	det1=true
[14854]	97	118	-42	0	-5	-8	det1=true
[14855]	97	118	-50	0	-5	8	det1=true
[14856]	114	118	-32	-7	-10	-4	det1=true
[14857]	114	118	-36	-7	-10	4	det1=true
[14858]	116	118	-43	-12	-10	-3	det1=true
[14859]	116	118	-46	-12	-10	3	det1=true
[14860]	52	119	-19	-14	-4	-6	det1=true
[14861]	52	119	-25	-14	-4	6	det1=true
[14862]	92	119	-22	-10	-9	-4	det1=true
[14863]	92	119	-26	-10	-9	4	det1=true
[14864]	98	119	-33	0	-10	1	det1=true
[14865]	100	119	-37	-2	-4	-9	det1=true
[14866]	100	119	-46	-2	-4	9	det1=true
[14867]	113	119	-33	-12	-7	-8	det1=true
[14868]	113	119	-41	-12	-7	8	det1=true
[14869]	58	120	-8	-2	-1	-8	det1=true
[14870]	58	120	-16	-2	-1	8	det1=true
[14871]	65	120	-19	-20	-4	-7	det1=true
[14872]	77	120	-18	-7	-7	6	det1=true
[14873]	84	120	-25	4	-8	-5	det1=true
[14874]	84	120	-30	4	-8	5	det1=true
[14875]	96	120	-30	2	-10	-1	det1=true
[14876]	96	120	-31	2	-10	1	det1=true
[14877]	99	120	-42	-20	-8	-5	det1=true
[14878]	99	120	-47	-20	-8	5	det1=true
[14879]	69	117	-26	-6	-2	-8	det1=true
[14880]	69	117	-34	-6	-2	8	det1=true
[14881]	91	117	-23	-20	-3	-9	det1=true
[14882]	91	117	-32	-20	-3	9	det1=true
[14883]	100	117	-10	-6	-3	-10	det1=true
[14884]	100	117	-20	-6	-3	10	det1=true
[14885]	101	117	-26	-18	-6	-8	det1=true
[14886]	101	117	-34	-18	-6	8	det1=true
[14887]	105	117	-46	-20	-9	-3	det1=true
[14888]	105	117	-49	-20	-9	3	det1=true
[14889]	88	118	-30	2	-8	-5	det1=true
[14890]	88	118	-35	2	-8	5	det1=true
[14891]	105	118	-7	2	-6	-9	det1=true
[14892]	105	118	-16	2	-6	9	det1=true
[14893]	117	118	-45	-10	-10	-3	det1=true
[14894]	117	118	-48	-10	-10	3	det1=true
[14895]	58	119	-7	-2	-8	-1	det1=true
[14896]	58	119	-8	-2	-8	1	det1=true
[14897]	94	119	-44	-5	-7	-6	det1=true
[14898]	94	119	-50	-5	-7	6	det1=true
[14899]	95	119	-29	-9	-9	-4	det1=true
[14900]	95	119	-33	-9	-9	4	det1=true
[14901]	77	120	-12	-7	-7	-6	det1=true
[14902]	86	120	-28	-18	-5	8	det1=true
[14903]	103	120	-42	-4	-4	-9	det1=true
[14904]	40	117	-13	-10	-4	-5	det1=true
[14905]	40	117	-18	-10	-4	5	det1=true
[14906]	94	117	-28	-23	-5	-8	det1=true
[14907]	94	117	-36	-23	-5	8	det1=true
[14908]	56	118	-23	-20	-4	-6	det1=true
[14909]	65	118	0	-1	-3	-8	det1=true
[14910]	87	118	-32	-23	-8	-4	det1=true
[14911]	97	119	-23	-23	-4	-9	det1=true
[14912]	97	119	-32	-23	-4	9	det1=true
[14913]	111	119	-5	-1	-2	-11	det1=true
[14914]	41	117	-17	-9	-4	-5	det1=true
[14915]	41	117	-22	-9	-4	5	det1=true
[14916]	103	117	-25	-15	-2	-10	det1=true
[14917]	103	117	-35	-15	-2	10	det1=true
[14918]	110	118	-50	-26	-8	-5	det1=true
[14919]	110	118	-55	-26	-8	5	det1=true
[14920]	91	119	-23	-2	-9	-4	det1=true
[14921]	109	119	-37	-13	-9	-5	det1=true
[14922]	52	120	-18	-14	-2	-7	det1=true
[14923]	52	120	-25	-14	-2	7	det1=true
[14924]	66	120	-26	-14	-1	-8	det1=true
[14925]	66	120	-34	-14	-1	8	det1=true
[14926]	86	120	-33	-2	-2	-9	det1=true
[14927]	86	120	-42	-2	-2	9	det1=true
[14928]	117	120	-42	-31	-10	-2	det1=true
[14929]	86	117	-39	-32	-2	-8	det1=true
[14930]	86	117	-47	-32	-2	8	det1=true
[14931]	108	117	-14	-5	-9	-6	det1=true
[14932]	108	117	-20	-5	-9	6	det1=true
[14933]	62	118	-19	2	-4	-7	det1=true
[14934]	62	118	-26	2	-4	7	det1=true
[14935]	40	119	-19	-10	-6	-2	det1=true
[14936]	40	119	-21	-10	-6	2	det1=true
[14937]	113	119	-36	-24	-5	-9	det1=true
[14938]	113	119	-45	-24	-5	9	det1=true
[14939]	119	119	-30	-26	-4	-10	det1=true
[14940]	119	119	-40	-26	-4	10	det1=true
[14941]	66	120	-15	4	-8	-3	det1=true
[14942]	66	120	-18	4	-8	3	det1=true
[14943]	97	117	-41	2	-5	-8	det1=true
[14944]	97	117	-49	2	-5	8	det1=true
[14945]	84	119	-32	3	-9	-2	det1=true
[14946]	84	119	-34	3	-9	2	det1=true
[14947]	95	119	-8	-5	-9	-5	det1=true
[14948]	95	119	-13	-5	-9	5	det1=true
[14949]	111	120	-30	-7	-10	-4	det1=true
[14950]	111	120	-34	-7	-10	4	det1=true
[14951]	112	120	-32	-14	-7	-8	det1=true
[14952]	112	120	-40	-14	-7	8	det1=true
[14953]	120	120	-42	-28	-10	-3	det1=true
[14954]	117	117	-30	-23	-8	-7	det1=true
[14955]	117	117	-37	-23	-8	7	det1=true
[14956]	91	119	-27	-2	-9	4	det1=true
[14957]	94	119	-26	-11	-9	-4	det1=true
[14958]	94	119	-30	-11	-9	4	det1=true
[14959]	112	119	-50	-12	-4	-9	det1=true
[14960]	71	119	-23	-7	-3	-8	det1=true
[14961]	71	119	-31	-7	-3	8	det1=true
[14962]	116	120	-28	-22	-9	-6	det1=true
[14963]	116	120	-34	-22	-9	6	det1=true
[14964]	66	117	-26	-3	-1	-8	det1=true
[14965]	66	117	-34	-3	-1	8	det1=true
[14966]	118	118	-30	-27	-7	-8	det1=true
[14967]	118	118	-38	-27	-7	8	det1=true
[14968]	108	120	-30	4	-8	-7	det1=true
[14969]	108	120	-37	4	-8	7	det1=true
[14970]	112	117	-50	-28	-8	-5	det1=true
[14971]	112	117	-55	-28	-8	5	det1=true
[14972]	68	118	-29	4	-8	-2	det1=true
[14973]	68	118	-31	4	-8	2	det1=true
[14974]	101	119	-23	5	-10	-3	det1=true
[14975]	101	119	-26	5	-10	3	det1=true
[14976]	80	120	-36	-34	-1	-8	det1=true
[14977]	80	120	-44	-34	-1	8	det1=true
[14978]	91	118	-11	0	-10	-1	det1=true
[14979]	91	118	-12	0	-10	1	det1=true
[14980]	114	118	-29	-10	-4	-10	det1=true
[14981]	114	118	-39	-10	-4	10	det1=true
[14982]	102	117	-47	-46	-2	-8	det1=true
[14983]	102	117	-55	-46	-2	8	det1=true
[14984]	105	118	-48	-26	-2	-9	det1=true
[14985]	105	118	-57	-26	-2	9	det1=true
[14986]	120	120	-78	-26	-8	3	det1=true
[14987]	87	120	-42	-26	-8	-3	det1=true
[14988]	88	119	-13	0	-4	-9	det1=true
[14989]	88	119	-22	0	-4	9	det1=true
[14990]	91	119	-38	-23	-9	-1	det1=true
[14991]	97	119	-29	-30	-3	-9	det1=true
[14992]	110	119	-44	-24	-9	-4	det1=true
[14993]	110	119	-48	-24	-9	4	det1=true
[14994]	111	119	-11	-12	-1	-11	det1=true
[14995]	111	119	-22	-12	-1	11	det1=true
[14996]	115	119	-45	-41	-3	-9	det1=true
[14997]	73	119	-9	2	-9	-1	det1=true
[14998]	73	119	-10	2	-9	1	det1=true
[14999]	91	119	-17	-13	-9	-4	det1=true
[15000]	91	119	-21	-13	-9	4	det1=true
[15001]	65	120	-22	-18	-8	-1	det1=true
[15002]	40	119	-17	-12	-2	-6	det1=true
[15003]	29	117	-12	-11	-2	-5	det1=true
[15004]	29	117	-17	-11	-2	5	det1=true
[15005]	41	117	-18	-7	-4	-5	det1=true
[15006]	41	117	-23	-7	-4	5	det1=true
[15007]	122	122	-18	-6	-11	-4	det1=true
[15008]	122	122	-22	-6	-11	4	det1=true
[15009]	38	123	-16	-4	-4	-5	det1=true
[15010]	38	123	-21	-4	-4	5	det1=true
[15011]	71	124	-31	-6	-8	-3	det1=true
[15012]	71	124	-34	-6	-8	3	det1=true
[15013]	18	121	-8	1	-4	-2	det1=true
[15014]	18	121	-10	1	-4	2	det1=true
[15015]	79	121	-24	-12	-1	-9	det1=true
[15016]	79	121	-33	-12	-1	9	det1=true
[15017]	98	121	-48	-19	-9	-2	det1=true
[15018]	98	121	-50	-19	-9	2	det1=true
[15019]	120	121	-6	-4	-4	-11	det1=true
[15020]	120	121	-17	-4	-4	11	det1=true
[15021]	110	122	-49	0	-10	-2	det1=true
[15022]	110	122	-51	0	-10	2	det1=true
[15023]	39	123	-17	-9	-4	-5	det1=true
[15024]	39	123	-22	-9	-4	5	det1=true
[15025]	55	123	-21	-10	-7	-3	det1=true
[15026]	55	123	-24	-10	-7	3	det1=true
[15027]	78	123	-32	-24	-3	-8	det1=true
[15028]	78	123	-40	-24	-3	8	det1=true
[15029]	89	123	-11	-10	-1	-10	det1=true
[15030]	89	123	-21	-10	-1	10	det1=true
[15031]	116	123	-37	-14	-6	-9	det1=true
[15032]	116	123	-46	-14	-6	9	det1=true
[15033]	121	123	-55	-26	-1	-10	det1=true
[15034]	121	123	-65	-26	-1	10	det1=true
[15035]	51	124	-22	-10	-2	-7	det1=true
[15036]	51	124	-29	-10	-2	7	det1=true
[15037]	85	124	-5	4	-8	-6	det1=true
[15038]	85	124	-11	4	-8	6	det1=true
[15039]	120	124	-47	-36	-10	-2	det1=true
[15040]	120	124	-49	-36	-10	2	det1=true
[15041]	46	121	0	0	-2	-7	det1=true
[15042]	46	121	-7	0	-2	7	det1=true
[15043]	49	121	-19	-13	-4	6	det1=true
[15044]	61	121	-19	-6	-1	-8	det1=true
[15045]	61	121	-27	-6	-1	8	det1=true
[15046]	73	121	-12	-12	-4	-8	det1=true
[15047]	73	121	-20	-12	-4	8	det1=true
[15048]	97	121	-29	0	-1	-10	det1=true
[15049]	97	121	-39	0	-1	10	det1=true
[15050]	97	121	-27	-15	-8	-6	det1=true
[15051]	97	121	-33	-15	-8	6	det1=true
[15052]	109	121	-37	-1	-3	-10	det1=true
[15053]	109	121	-47	-1	-3	10	det1=true
[15054]	112	121	-47	-20	-8	-6	det1=true
[15055]	112	121	-53	-20	-8	6	det1=true
[15056]	115	121	-47	-7	-10	-3	det1=true
[15057]	115	121	-50	-7	-10	3	det1=true
[15058]	120	121	-59	0	-10	-2	det1=true
[15059]	120	121	-61	0	-10	2	det1=true
[15060]	120	121	-50	-27	-10	-2	det1=true
[15061]	120	121	-46	-10	-7	-8	det1=true
[15062]	120	121	-44	-35	-10	-2	det1=true
[15063]	121	121	-49	-16	-3	-10	det1=true
[15064]	121	121	-59	-16	-3	10	det1=true
[15065]	47	122	-12	0	-7	-2	det1=true
[15066]	47	122	-14	0	-7	2	det1=true
[15067]	84	122	-22	-14	-8	-5	det1=true
[15068]	84	122	-27	-14	-8	5	det1=true
[15069]	86	122	-30	-1	-5	-8	det1=true
[15070]	86	122	-38	-1	-5	8	det1=true
[15071]	101	122	-9	-2	-10	-4	det1=true
[15072]	102	122	-53	-30	-6	7	det1=true
[15073]	103	122	-40	-40	-2	-9	det1=true
[15074]	103	122	-14	0	-9	-6	det1=true
[15075]	103	122	-20	0	-9	6	det1=true
[15076]	108	122	-25	-4	-6	-9	det1=true
[15077]	108	122	-8	5	-11	-2	det1=true
[15078]	108	122	-10	5	-11	2	det1=true
[15079]	113	122	-40	-17	-3	-10	det1=true
[15080]	113	122	-50	-17	-3	10	det1=true
[15081]	115	122	-36	-29	-3	-10	det1=true
[15082]	115	122	-46	-29	-3	10	det1=true
[15083]	116	122	-34	-26	-7	-8	det1=true
[15084]	116	122	-42	-26	-7	8	det1=true
[15085]	121	122	-34	-31	-4	-10	det1=true
[15086]	121	122	-44	-31	-4	10	det1=true
[15087]	27	123	-11	-9	-2	-5	det1=true
[15088]	27	123	-16	-9	-2	5	det1=true
[15089]	48	123	-15	-2	-2	-7	det1=true
[15090]	48	123	-22	-2	-2	7	det1=true
[15091]	63	123	-22	-15	-4	-7	det1=true
[15092]	71	123	-32	-7	-7	5	det1=true
[15093]	89	123	-13	-6	-1	-10	det1=true
[15094]	89	123	-23	-6	-1	10	det1=true
[15095]	99	123	-39	-1	-10	-1	det1=true
[15096]	99	123	-40	-1	-10	1	det1=true
[15097]	103	123	-43	-9	-10	-1	det1=true
[15098]	107	123	-26	-10	-10	-4	det1=true
[15099]	107	123	-30	-10	-10	4	det1=true
[15100]	107	123	-7	4	-11	-2	det1=true
[15101]	107	123	-9	4	-11	2	det1=true
[15102]	111	123	-31	-11	-9	-6	det1=true
[15103]	111	123	-37	-11	-9	6	det1=true
[15104]	111	123	-19	-16	-1	-11	det1=true
[15105]	111	123	-30	-16	-1	11	det1=true
[15106]	121	123	-23	-13	-4	11	det1=true
[15107]	52	124	-5	2	-6	-5	det1=true
[15108]	52	124	-10	2	-6	5	det1=true
[15109]	65	124	-16	-2	-3	-8	det1=true
[15110]	70	124	-33	-16	-8	-2	det1=true
[15111]	70	124	-35	-16	-8	2	det1=true
[15112]	79	124	-38	-30	-3	8	det1=true
[15113]	80	124	-14	-14	-5	-8	det1=true
[15114]	80	124	-22	-14	-5	8	det1=true
[15115]	85	124	-12	-9	-9	-4	det1=true
[15116]	85	124	-16	-9	-9	4	det1=true
[15117]	91	124	-19	-14	-8	-6	det1=true
[15118]	91	124	-25	-14	-8	6	det1=true
[15119]	93	124	-24	-10	-1	-10	det1=true
[15120]	93	124	-34	-10	-1	10	det1=true
[15121]	100	124	-29	-26	-8	-6	det1=true
[15122]	100	124	-35	-26	-8	6	det1=true
[15123]	100	124	-28	-27	-6	-8	det1=true
[15124]	100	124	-36	-27	-6	8	det1=true
[15125]	101	124	-20	-7	-7	-8	det1=true
[15126]	101	124	-28	-7	-7	8	det1=true
[15127]	108	124	-51	4	-8	-6	det1=true
[15128]	108	124	-57	4	-8	6	det1=true
[15129]	108	124	-56	-14	-1	10	det1=true
[15130]	120	124	-43	-40	-2	-10	det1=true
[15131]	120	124	-53	-40	-2	10	det1=true
[15132]	121	124	-18	-8	-4	-11	det1=true
[15133]	124	124	-42	-4	-2	-11	det1=true
[15134]	124	124	-53	-4	-2	11	det1=true
[15135]	124	124	-13	4	-12	-1	det1=true
[15136]	9	121	-4	-3	-3	-1	det1=true
[15137]	9	121	-5	-3	-3	1	det1=true
[15138]	23	121	-5	-1	-1	-5	det1=true
[15139]	23	121	-10	-1	-1	5	det1=true
[15140]	50	121	-13	-14	-2	-7	det1=true
[15141]	50	121	-20	-14	-2	7	det1=true
[15142]	51	121	-23	-3	-7	-2	det1=true
[15143]	59	121	-21	-11	-6	-5	det1=true
[15144]	59	121	-26	-11	-6	5	det1=true
[15145]	60	121	-6	-5	-2	-8	det1=true
[15146]	60	121	-14	-5	-2	8	det1=true
[15147]	64	121	-29	-16	-6	-5	det1=true
[15148]	64	121	-34	-16	-6	5	det1=true
[15149]	79	121	-28	-8	-9	-1	det1=true
[15150]	79	121	-29	-8	-9	1	det1=true
[15151]	81	121	-29	-29	-5	-7	det1=true
[15152]	81	121	-36	-29	-5	7	det1=true
[15153]	82	121	-28	-2	-6	-7	det1=true
[15154]	82	121	-35	-2	-6	7	det1=true
[15155]	83	121	-29	-18	-7	6	det1=true
[15156]	85	121	-27	-26	-1	-9	det1=true
[15157]	85	121	-36	-26	-1	9	det1=true
[15158]	92	121	-16	-13	-6	-8	det1=true
[15159]	92	121	-24	-13	-6	8	det1=true
[15160]	95	121	-47	-27	-2	9	det1=true
[15161]	103	121	-21	3	-7	-8	det1=true
[15162]	104	121	-44	-13	-9	-4	det1=true
[15163]	104	121	-48	-13	-9	4	det1=true
[15164]	109	121	-21	-17	-4	-10	det1=true
[15165]	109	121	-31	-17	-4	10	det1=true
[15166]	115	121	-41	-18	-3	-10	det1=true
[15167]	115	121	-51	-18	-3	10	det1=true
[15168]	115	121	-22	-7	-2	-11	det1=true
[15169]	115	121	-33	-7	-2	11	det1=true
[15170]	116	121	-49	-14	-2	-10	det1=true
[15171]	116	121	-59	-14	-2	10	det1=true
[15172]	117	121	-30	-17	-11	1	det1=true
[15173]	120	121	-46	-3	-10	-4	det1=true
[15174]	120	121	-50	-3	-10	4	det1=true
[15175]	121	121	-24	-11	-7	-9	det1=true
[15176]	121	121	-33	-11	-7	9	det1=true
[15177]	121	121	-23	-13	-3	-11	det1=true
[15178]	121	121	-34	-13	-3	11	det1=true
[15179]	121	121	-12	-8	-10	-6	det1=true
[15180]	121	121	-18	-8	-10	6	det1=true
[15181]	32	122	-2	-1	-1	-6	det1=true
[15182]	32	122	-8	-1	-1	6	det1=true
[15183]	35	122	-16	-8	-6	-1	det1=true
[15184]	35	122	-17	-8	-6	1	det1=true
[15185]	46	122	-7	-6	-4	-6	det1=true
[15186]	46	122	-13	-6	-4	6	det1=true
[15187]	67	122	-18	-5	-3	-8	det1=true
[15188]	67	122	-26	-5	-3	8	det1=true
[15189]	85	122	-12	1	-9	-4	det1=true
[15190]	85	122	-16	1	-9	4	det1=true
[15191]	89	122	-42	-12	-9	2	det1=true
[15192]	90	122	-12	-10	-1	-10	det1=true
[15193]	90	122	-22	-10	-1	10	det1=true
[15194]	90	122	-6	-1	-10	-2	det1=true
[15195]	90	122	-8	-1	-10	2	det1=true
[15196]	90	122	-2	-5	-2	-10	det1=true
[15197]	90	122	-12	-5	-2	10	det1=true
[15198]	100	122	-22	-23	-2	-10	det1=true
[15199]	100	122	-32	-23	-2	10	det1=true
[15200]	101	122	-8	1	-4	-10	det1=true
[15201]	101	122	-18	1	-4	10	det1=true
[15202]	102	122	-46	-30	-6	-7	det1=true
[15203]	109	122	-38	-4	-3	-10	det1=true
[15204]	109	122	-48	-4	-3	10	det1=true
[15205]	109	122	-27	-4	-6	-9	det1=true
[15206]	110	122	-55	-4	-2	10	det1=true
[15207]	116	122	-51	-10	-2	-10	det1=true
[15208]	116	122	-61	-10	-2	10	det1=true
[15209]	117	122	-32	-4	-11	-2	det1=true
[15210]	117	122	-28	-28	-6	-9	det1=true
[15211]	117	122	-37	-28	-6	9	det1=true
[15212]	29	123	0	1	-5	-3	det1=true
[15213]	29	123	-3	1	-5	3	det1=true
[15214]	37	123	-15	-5	-2	-6	det1=true
[15215]	37	123	-21	-5	-2	6	det1=true
[15216]	45	123	-12	-7	-1	-7	det1=true
[15217]	48	123	-10	-12	-2	-7	det1=true
[15218]	48	123	-17	-12	-2	7	det1=true
[15219]	65	123	-12	1	-5	-7	det1=true
[15220]	65	123	-19	1	-5	7	det1=true
[15221]	69	123	-19	-13	-7	-5	det1=true
[15222]	69	123	-24	-13	-7	5	det1=true
[15223]	71	123	-27	-7	-7	-5	det1=true
[15224]	79	123	-14	-7	-8	-5	det1=true
[15225]	79	123	-19	-7	-8	5	det1=true
[15226]	99	123	-29	-12	-3	10	det1=true
[15227]	101	123	-43	-1	-10	1	det1=true
[15228]	104	123	-20	2	-9	-6	det1=true
[15229]	104	123	-26	2	-9	6	det1=true
[15230]	107	123	-52	-25	-9	-3	det1=true
[15231]	107	123	-55	-25	-9	3	det1=true
[15232]	110	123	-32	-1	-4	-10	det1=true
[15233]	110	123	-42	-1	-4	10	det1=true
[15234]	115	123	-55	-17	-10	-1	det1=true
[15235]	115	123	-56	-17	-10	1	det1=true
[15236]	115	123	-40	-34	-2	-10	det1=true
[15237]	115	123	-50	-34	-2	10	det1=true
[15238]	115	123	-21	1	-11	-3	det1=true
[15239]	115	123	-24	1	-11	3	det1=true
[15240]	116	123	-56	-30	-9	4	det1=true
[15241]	117	123	-23	-21	-2	-11	det1=true
[15242]	117	123	-34	-21	-2	11	det1=true
[15243]	117	123	0	-1	-4	-11	det1=true
[15244]	117	123	-11	-1	-4	11	det1=true
[15245]	120	123	-51	-26	-2	-10	det1=true
[15246]	120	123	-61	-26	-2	10	det1=true
[15247]	121	123	-12	-13	-4	-11	det1=true
[15248]	34	124	-2	1	-2	-6	det1=true
[15249]	34	124	-8	1	-2	6	det1=true
[15250]	46	124	-14	3	-6	-4	det1=true
[15251]	46	124	-18	3	-6	4	det1=true
[15252]	51	124	-28	-3	-7	2	det1=true
[15253]	58	124	-24	-6	-5	-6	det1=true
[15254]	58	124	-30	-6	-5	6	det1=true
[15255]	58	124	-20	-14	-5	-6	det1=true
[15256]	58	124	-26	-14	-5	6	det1=true
[15257]	64	124	-27	-12	-4	-7	det1=true
[15258]	64	124	-34	-12	-4	7	det1=true
[15259]	76	124	-30	-24	-8	-3	det1=true
[15260]	76	124	-33	-24	-8	3	det1=true
[15261]	88	124	-14	-6	-10	-1	det1=true
[15262]	88	124	-15	-6	-10	1	det1=true
[15263]	104	124	-50	-1	-9	-4	det1=true
[15264]	104	124	-54	-1	-9	4	det1=true
[15265]	104	124	-20	-6	-9	-6	det1=true
[15266]	104	124	-26	-6	-9	6	det1=true
[15267]	105	124	-30	-29	-2	-10	det1=true
[15268]	105	124	-40	-29	-2	10	det1=true
[15269]	108	124	-46	-14	-1	-10	det1=true
[15270]	108	124	-49	-14	-10	-1	det1=true
[15271]	108	124	-50	-14	-10	1	det1=true
[15272]	108	124	-34	-7	-7	-8	det1=true
[15273]	108	124	-42	-7	-7	8	det1=true
[15274]	109	124	-50	-21	-9	-4	det1=true
[15275]	109	124	-54	-21	-9	4	det1=true
[15276]	110	124	-46	-11	-2	-10	det1=true
[15277]	110	124	-56	-11	-2	10	det1=true
[15278]	110	124	-32	-19	-7	-8	det1=true
[15279]	116	124	-58	-11	-3	10	det1=true
[15280]	122	124	-20	-13	-6	-10	det1=true
[15281]	22	121	-5	2	-4	-3	det1=true
[15282]	22	121	-8	2	-4	3	det1=true
[15283]	37	121	-11	-1	-5	-4	det1=true
[15284]	37	121	-15	-1	-5	4	det1=true
[15285]	48	121	-16	-3	-6	-4	det1=true
[15286]	48	121	-20	-3	-6	4	det1=true
[15287]	57	121	-20	3	-6	-5	det1=true
[15288]	57	121	-25	3	-6	5	det1=true
[15289]	61	121	-17	-11	-7	-4	det1=true
[15290]	61	121	-21	-11	-7	4	det1=true
[15291]	77	121	-19	-9	-7	6	det1=true
[15292]	81	121	-30	-28	-7	-5	det1=true
[15293]	83	121	-23	-18	-7	-6	det1=true
[15294]	93	121	-38	-13	-8	-5	det1=true
[15295]	93	121	-43	-13	-8	5	det1=true
[15296]	93	121	-15	-16	-1	-10	det1=true
[15297]	93	121	-25	-16	-1	10	det1=true
[15298]	94	121	-24	-18	-4	-9	det1=true
[15299]	94	121	-33	-18	-4	9	det1=true
[15300]	94	121	-23	-10	-6	-8	det1=true
[15301]	94	121	-31	-10	-6	8	det1=true
[15302]	96	121	-42	-31	-7	6	det1=true
[15303]	100	121	-33	-2	-10	-2	det1=true
[15304]	100	121	-35	-2	-10	2	det1=true
[15305]	100	121	-25	-18	-10	-2	det1=true
[15306]	100	121	-21	-22	-2	-10	det1=true
[15307]	100	121	-31	-22	-2	10	det1=true
[15308]	101	121	-41	-10	-9	-4	det1=true
[15309]	101	121	-38	-4	-8	-6	det1=true
[15310]	101	121	-44	-4	-8	6	det1=true
[15311]	101	121	-27	-25	-6	-8	det1=true
[15312]	101	121	-35	-25	-6	8	det1=true
[15313]	107	121	-46	-42	-1	-9	det1=true
[15314]	107	121	-55	-42	-1	9	det1=true
[15315]	107	121	-35	-33	-4	-9	det1=true
[15316]	107	121	-44	-33	-4	9	det1=true
[15317]	108	121	-42	-38	-8	-5	det1=true
[15318]	108	121	-47	-38	-8	5	det1=true
[15319]	109	121	-48	-11	-10	-1	det1=true
[15320]	109	121	-49	-11	-10	1	det1=true
[15321]	109	121	-45	-41	-7	-6	det1=true
[15322]	109	121	-51	-41	-7	6	det1=true
[15323]	110	121	-40	-8	-10	-3	det1=true
[15324]	110	121	-43	-8	-10	3	det1=true
[15325]	110	121	-36	-13	-3	-10	det1=true
[15326]	110	121	-46	-13	-3	10	det1=true
[15327]	111	121	-17	2	-11	-2	det1=true
[15328]	111	121	-19	2	-11	2	det1=true
[15329]	111	121	-22	-7	-2	11	det1=true
[15330]	112	121	-44	-15	-2	-10	det1=true
[15331]	112	121	-27	-24	-8	-7	det1=true
[15332]	112	121	-34	-24	-8	7	det1=true
[15333]	113	121	-3	1	-9	-7	det1=true
[15334]	113	121	-10	1	-9	7	det1=true
[15335]	115	121	-10	-6	-3	-11	det1=true
[15336]	115	121	-21	-6	-3	11	det1=true
[15337]	116	121	-55	-10	-8	-6	det1=true
[15338]	116	121	-61	-10	-8	6	det1=true
[15339]	117	121	-29	-17	-11	-1	det1=true
[15340]	118	121	-56	-40	-7	-6	det1=true
[15341]	118	121	-62	-40	-7	6	det1=true
[15342]	118	121	-42	-24	-3	-10	det1=true
[15343]	118	121	-52	-24	-3	10	det1=true
[15344]	119	121	-57	-23	-9	-4	det1=true
[15345]	119	121	-61	-23	-9	4	det1=true
[15346]	120	121	-58	-7	-10	-2	det1=true
[15347]	120	121	-60	-7	-10	2	det1=true
[15348]	120	121	-40	-39	-2	-10	det1=true
[15349]	120	121	-50	-39	-2	10	det1=true
[15350]	121	121	-45	-30	-7	8	det1=true
[15351]	22	122	-6	1	-3	-4	det1=true
[15352]	22	122	-10	1	-3	4	det1=true
[15353]	47	122	-9	-4	-2	-7	det1=true
[15354]	56	122	0	-2	-1	-8	det1=true
[15355]	56	122	-8	-2	-1	8	det1=true
[15356]	59	122	-12	-11	-1	-8	det1=true
[15357]	65	122	-12	-6	-8	-3	det1=true
[15358]	65	122	-15	-6	-8	3	det1=true
[15359]	75	122	-18	-1	-7	6	det1=true
[15360]	76	122	-15	-2	-6	-7	det1=true
[15361]	76	122	-22	-2	-6	7	det1=true
[15362]	77	122	-4	0	-5	-8	det1=true
[15363]	77	122	-12	0	-5	8	det1=true
[15364]	78	122	-10	-2	-8	-5	det1=true
[15365]	78	122	-15	-2	-8	5	det1=true
[15366]	87	122	-32	-6	-8	-5	det1=true
[15367]	87	122	-37	-6	-8	5	det1=true
[15368]	90	122	-38	0	-8	-5	det1=true
[15369]	90	122	-43	0	-8	5	det1=true
[15370]	90	122	-26	-25	-5	-8	det1=true
[15371]	90	122	-34	-25	-5	8	det1=true
[15372]	91	122	-21	2	-6	-8	det1=true
[15373]	91	122	-29	2	-6	8	det1=true
[15374]	96	122	-33	2	-10	-1	det1=true
[15375]	96	122	-34	2	-10	1	det1=true
[15376]	101	122	-15	4	-10	4	det1=true
[15377]	102	122	-36	-13	-1	-10	det1=true
[15378]	102	122	-46	-13	-1	10	det1=true
[15379]	102	122	-21	-4	-4	10	det1=true
[15380]	103	122	-46	-32	-7	-6	det1=true
[15381]	103	122	-52	-32	-7	6	det1=true
[15382]	112	122	-49	-18	-8	-6	det1=true
[15383]	112	122	-55	-18	-8	6	det1=true
[15384]	113	122	-44	-30	-10	-1	det1=true
[15385]	113	122	-45	-30	-10	1	det1=true
[15386]	114	122	-42	4	-8	-7	det1=true
[15387]	114	122	-49	4	-8	7	det1=true
[15388]	114	122	-23	0	-2	-11	det1=true
[15389]	114	122	-34	0	-2	11	det1=true
[15390]	115	122	-44	-13	-3	-10	det1=true
[15391]	115	122	-54	-13	-3	10	det1=true
[15392]	117	122	-34	-28	-7	-8	det1=true
[15393]	117	122	-42	-28	-7	8	det1=true
[15394]	117	122	-34	-4	-11	2	det1=true
[15395]	122	122	-58	-29	-9	-4	det1=true
[15396]	122	122	-62	-29	-9	4	det1=true
[15397]	25	123	-5	2	-5	-2	det1=true
[15398]	56	123	-14	-12	-6	-5	det1=true
[15399]	56	123	-19	-12	-6	5	det1=true
[15400]	58	123	-16	3	-7	-4	det1=true
[15401]	58	123	-20	3	-7	4	det1=true
[15402]	58	123	-14	0	-1	-8	det1=true
[15403]	58	123	-22	0	-1	8	det1=true
[15404]	58	123	1	0	-2	-8	det1=true
[15405]	58	123	-7	0	-2	8	det1=true
[15406]	59	123	-19	1	-7	-4	det1=true
[15407]	65	123	-13	2	-7	-5	det1=true
[15408]	65	123	-18	2	-7	5	det1=true
[15409]	69	123	-21	-10	-7	-5	det1=true
[15410]	69	123	-26	-10	-7	5	det1=true
[15411]	69	123	-18	-14	-5	-7	det1=true
[15412]	69	123	-25	-14	-5	7	det1=true
[15413]	86	123	-28	-14	-8	-5	det1=true
[15414]	88	123	-30	-26	-2	-9	det1=true
[15415]	88	123	-39	-26	-2	9	det1=true
[15416]	93	123	-40	-4	-3	-9	det1=true
[15417]	93	123	-49	-4	-3	9	det1=true
[15418]	96	123	-18	2	-10	-3	det1=true
[15419]	96	123	-21	2	-10	3	det1=true
[15420]	99	123	-32	-22	-7	-7	det1=true
[15421]	99	123	-39	-22	-7	7	det1=true
[15422]	99	123	-19	-12	-3	-10	det1=true
[15423]	100	123	-32	-5	-2	-10	det1=true
[15424]	100	123	-42	-5	-2	10	det1=true
[15425]	103	123	-44	-9	-10	1	det1=true
[15426]	105	123	-43	-35	-8	-5	det1=true
[15427]	107	123	-35	-21	-9	-5	det1=true
[15428]	107	123	-40	-21	-9	5	det1=true
[15429]	108	123	-39	-10	-10	-3	det1=true
[15430]	108	123	-42	-10	-10	3	det1=true
[15431]	112	123	-19	-8	-2	-11	det1=true
[15432]	112	123	-30	-8	-2	11	det1=true
[15433]	114	123	-46	0	-3	-10	det1=true
[15434]	114	123	-56	0	-3	10	det1=true
[15435]	115	123	-52	-16	-10	-2	det1=true
[15436]	115	123	-54	-16	-10	2	det1=true
[15437]	116	123	-52	-30	-9	-4	det1=true
[15438]	116	123	-34	-28	-8	-7	det1=true
[15439]	116	123	-41	-28	-8	7	det1=true
[15440]	117	123	-49	-6	-3	-10	det1=true
[15441]	117	123	-59	-6	-3	10	det1=true
[15442]	120	123	-50	1	-7	-8	det1=true
[15443]	120	123	-58	1	-7	8	det1=true
[15444]	121	123	-51	-1	-7	-8	det1=true
[15445]	121	123	-59	-1	-7	8	det1=true
[15446]	121	123	-33	-11	-11	3	det1=true
[15447]	123	123	-43	-23	-9	-6	det1=true
[15448]	123	123	-49	-23	-9	6	det1=true
[15449]	38	124	-19	-10	-4	5	det1=true
[15450]	46	124	-13	2	-4	-6	det1=true
[15451]	46	124	-19	2	-4	6	det1=true
[15452]	59	124	-22	4	-8	-1	det1=true
[15453]	59	124	-23	4	-8	1	det1=true
[15454]	60	124	-16	-14	-7	-4	det1=true
[15455]	60	124	-20	-14	-7	4	det1=true
[15456]	60	124	-14	-17	-1	-8	det1=true
[15457]	60	124	-22	-17	-1	8	det1=true
[15458]	68	124	-24	1	-3	-8	det1=true
[15459]	68	124	-32	1	-3	8	det1=true
[15460]	87	124	-34	-2	-5	-8	det1=true
[15461]	87	124	-42	-2	-5	8	det1=true
[15462]	90	124	-28	-26	-5	-8	det1=true
[15463]	90	124	-36	-26	-5	8	det1=true
[15464]	91	124	-37	-16	-8	-5	det1=true
[15465]	91	124	-42	-16	-8	5	det1=true
[15466]	101	124	-29	-22	-10	-2	det1=true
[15467]	101	124	-31	-22	-10	2	det1=true
[15468]	103	124	-42	-34	-5	-8	det1=true
[15469]	103	124	-50	-34	-5	8	det1=true
[15470]	103	124	-27	2	-8	-7	det1=true
[15471]	110	124	-43	-20	-2	-10	det1=true
[15472]	110	124	-53	-20	-2	10	det1=true
[15473]	116	124	-50	-44	-8	-5	det1=true
[15474]	116	124	-55	-44	-8	5	det1=true
[15475]	121	124	-45	-34	-8	7	det1=true
[15476]	121	124	-23	-4	-10	-6	det1=true
[15477]	121	124	-29	-4	-10	6	det1=true
[15478]	122	124	-30	-13	-6	10	det1=true
[15479]	123	124	-94	-18	-1	8	det1=true
[15480]	55	121	-14	-15	-3	-7	det1=true
[15481]	55	121	-21	-15	-3	7	det1=true
[15482]	65	121	-8	2	-7	-5	det1=true
[15483]	65	121	-13	2	-7	5	det1=true
[15484]	65	121	-5	-4	-7	-5	det1=true
[15485]	65	121	-10	-4	-7	5	det1=true
[15486]	66	121	-21	-22	-4	-7	det1=true
[15487]	66	121	-28	-22	-4	7	det1=true
[15488]	67	121	-16	0	-7	-5	det1=true
[15489]	67	121	-21	0	-7	5	det1=true
[15490]	77	121	-17	0	-7	-6	det1=true
[15491]	77	121	-23	0	-7	6	det1=true
[15492]	79	121	-6	-3	-3	-9	det1=true
[15493]	79	121	-15	-3	-3	9	det1=true
[15494]	85	121	-22	-15	-8	-5	det1=true
[15495]	85	121	-27	-15	-8	5	det1=true
[15496]	89	121	-33	-28	-9	-1	det1=true
[15497]	89	121	-34	-28	-9	1	det1=true
[15498]	89	121	-14	2	-8	-6	det1=true
[15499]	89	121	-20	2	-8	6	det1=true
[15500]	92	121	-17	-12	-8	-6	det1=true
[15501]	92	121	-23	-12	-8	6	det1=true
[15502]	95	121	-38	-27	-2	-9	det1=true
[15503]	100	121	-42	3	-9	-4	det1=true
[15504]	100	121	-46	3	-9	4	det1=true
[15505]	100	121	-29	-6	-2	-10	det1=true
[15506]	100	121	-27	-18	-10	2	det1=true
[15507]	101	121	-37	-5	-6	-8	det1=true
[15508]	101	121	-45	-5	-6	8	det1=true
[15509]	103	121	-27	-23	-10	-2	det1=true
[15510]	103	121	-29	-23	-10	2	det1=true
[15511]	105	121	-50	-21	-8	-5	det1=true
[15512]	105	121	-55	-21	-8	5	det1=true
[15513]	105	121	-44	-7	-10	-1	det1=true
[15514]	105	121	-45	-7	-10	1	det1=true
[15515]	105	121	-32	-20	-2	-10	det1=true
[15516]	105	121	-42	-20	-2	10	det1=true
[15517]	106	121	-23	-2	-10	-4	det1=true
[15518]	106	121	-27	-2	-10	4	det1=true
[15519]	106	121	-20	-5	-4	-10	det1=true
[15520]	107	121	-43	-21	-4	-9	det1=true
[15521]	107	121	-52	-21	-4	9	det1=true
[15522]	108	121	-37	-22	-10	-2	det1=true
[15523]	108	121	-39	-22	-10	2	det1=true
[15524]	111	121	-49	-1	-10	-2	det1=true
[15525]	112	121	-48	-11	-10	-2	det1=true
[15526]	114	121	-29	-26	-8	-7	det1=true
[15527]	114	121	-36	-26	-8	7	det1=true
[15528]	115	121	-53	-52	-5	-7	det1=true
[15529]	115	121	-12	-3	-9	-7	det1=true
[15530]	115	121	-19	-3	-9	7	det1=true
[15531]	117	121	-45	-19	-10	-3	det1=true
[15532]	117	121	-48	-19	-10	3	det1=true
[15533]	51	122	-16	-16	-2	-7	det1=true
[15534]	54	122	-22	-19	-7	-2	det1=true
[15535]	54	122	-24	-19	-7	2	det1=true
[15536]	65	122	-29	-6	-4	-7	det1=true
[15537]	65	122	-36	-6	-4	7	det1=true
[15538]	71	122	-28	-8	-8	-3	det1=true
[15539]	71	122	-31	-8	-8	3	det1=true
[15540]	75	122	-12	-1	-7	-6	det1=true
[15541]	76	122	-14	-4	-2	-9	det1=true
[15542]	76	122	-23	-4	-2	9	det1=true
[15543]	83	122	-32	-7	-9	-2	det1=true
[15544]	83	122	-34	-7	-9	2	det1=true
[15545]	89	122	-40	-12	-9	-2	det1=true
[15546]	91	122	-22	3	-8	-6	det1=true
[15547]	94	122	-2	1	-3	-10	det1=true
[15548]	94	122	-12	1	-3	10	det1=true
[15549]	95	122	-32	-12	-9	-4	det1=true
[15550]	99	122	-24	2	-10	-3	det1=true
[15551]	99	122	-27	2	-10	3	det1=true
[15552]	102	122	-45	-32	-2	-9	det1=true
[15553]	102	122	-54	-32	-2	9	det1=true
[15554]	103	122	-49	-40	-2	9	det1=true
[15555]	108	122	-27	2	-4	-10	det1=true
[15556]	108	122	-37	2	-4	10	det1=true
[15557]	108	122	-2	-4	-2	-11	det1=true
[15558]	110	122	-52	-14	-9	-4	det1=true
[15559]	110	122	-56	-14	-9	4	det1=true
[15560]	110	122	-45	-4	-2	-10	det1=true
[15561]	110	122	-35	-6	-8	-7	det1=true
[15562]	110	122	-42	-6	-8	7	det1=true
[15563]	116	122	-46	-3	-10	4	det1=true
[15564]	45	123	-19	-7	-1	7	det1=true
[15565]	46	123	-11	-6	-2	7	det1=true
[15566]	58	123	-2	3	-8	-2	det1=true
[15567]	58	123	-4	3	-8	2	det1=true
[15568]	63	123	-24	4	-8	-2	det1=true
[15569]	63	123	-26	4	-8	2	det1=true
[15570]	63	123	-19	-11	-8	-2	det1=true
[15571]	65	123	-9	-7	-7	-5	det1=true
[15572]	65	123	-14	-7	-7	5	det1=true
[15573]	77	123	-5	4	-9	-3	det1=true
[15574]	87	123	-5	-4	-1	-10	det1=true
[15575]	91	123	-33	-28	-7	-6	det1=true
[15576]	91	123	-39	-28	-7	6	det1=true
[15577]	93	123	-19	-7	-10	-2	det1=true
[15578]	93	123	-21	-7	-10	2	det1=true
[15579]	99	123	-28	-23	-10	-1	det1=true
[15580]	99	123	-29	-23	-10	1	det1=true
[15581]	99	123	0	2	-4	-10	det1=true
[15582]	99	123	-10	2	-4	10	det1=true
[15583]	100	123	-26	-21	-10	-2	det1=true
[15584]	100	123	-28	-21	-10	2	det1=true
[15585]	105	123	-41	-11	-10	-2	det1=true
[15586]	105	123	-6	-1	-1	-11	det1=true
[15587]	105	123	-17	-1	-1	11	det1=true
[15588]	107	123	-49	-28	-3	-9	det1=true
[15589]	107	123	-58	-28	-3	9	det1=true
[15590]	108	123	-12	1	-11	-2	det1=true
[15591]	108	123	-14	1	-11	2	det1=true
[15592]	113	123	-48	-41	-8	-5	det1=true
[15593]	113	123	-53	-41	-8	5	det1=true
[15594]	115	123	-43	-35	-1	-10	det1=true
[15595]	115	123	-53	-35	-1	10	det1=true
[15596]	115	123	-23	-23	-1	-11	det1=true
[15597]	115	123	-34	-23	-1	11	det1=true
[15598]	123	123	-53	-25	-8	7	det1=true
[15599]	123	123	-53	-36	-3	10	det1=true
[15600]	25	124	-6	-1	-5	-2	det1=true
[15601]	38	124	-14	-10	-4	-5	det1=true
[15602]	54	124	-23	-20	-2	-7	det1=true
[15603]	54	124	-30	-20	-2	7	det1=true
[15604]	55	124	-2	2	-8	-1	det1=true
[15605]	55	124	-3	2	-8	1	det1=true
[15606]	59	124	-22	-13	-1	8	det1=true
[15607]	61	124	-26	-16	-6	-5	det1=true
[15608]	61	124	-31	-16	-6	5	det1=true
[15609]	71	124	-26	-16	-8	-3	det1=true
[15610]	71	124	-29	-16	-8	3	det1=true
[15611]	91	124	-16	-5	-10	-2	det1=true
[15612]	91	124	-18	-5	-10	2	det1=true
[15613]	97	124	-23	2	-10	-3	det1=true
[15614]	97	124	-26	2	-10	3	det1=true
[15615]	100	124	-27	-8	-10	-3	det1=true
[15616]	100	124	-30	-8	-10	3	det1=true
[15617]	101	124	-22	-2	-8	-7	det1=true
[15618]	101	124	-29	-2	-8	7	det1=true
[15619]	103	124	-34	2	-8	7	det1=true
[15620]	109	124	-40	-7	-3	-10	det1=true
[15621]	109	124	-50	-7	-3	10	det1=true
[15622]	109	124	-16	-6	-11	-2	det1=true
[15623]	109	124	-18	-6	-11	2	det1=true
[15624]	112	124	-46	-23	-10	-2	det1=true
[15625]	112	124	-48	-23	-10	2	det1=true
[15626]	118	124	-48	-6	-7	-8	det1=true
[15627]	118	124	-56	-6	-7	8	det1=true
[15628]	119	124	-50	2	-7	-8	det1=true
[15629]	119	124	-58	2	-7	8	det1=true
[15630]	119	124	-40	-21	-9	-6	det1=true
[15631]	119	124	-46	-21	-9	6	det1=true
[15632]	121	124	-52	-2	-7	-8	det1=true
[15633]	121	124	-60	-2	-7	8	det1=true
[15634]	121	124	-21	-6	-6	-10	det1=true
[15635]	121	124	-31	-6	-6	10	det1=true
[15636]	122	124	-78	-26	-3	-8	det1=true
[15637]	122	124	-86	-26	-3	8	det1=true
[15638]	122	124	-49	0	-6	-9	det1=true
[15639]	122	124	-58	0	-6	9	det1=true
[15640]	123	124	-86	-18	-1	-8	det1=true
[15641]	124	124	-34	-27	-11	-2	det1=true
[15642]	124	124	-36	-27	-11	2	det1=true
[15643]	37	121	-9	-5	-4	-5	det1=true
[15644]	37	121	-14	-5	-4	5	det1=true
[15645]	49	121	-13	-13	-4	-6	det1=true
[15646]	55	121	-16	-13	-7	-3	det1=true
[15647]	55	121	-19	-13	-7	3	det1=true
[15648]	74	121	-6	4	-9	-2	det1=true
[15649]	74	121	-8	4	-9	2	det1=true
[15650]	77	121	-15	-8	-9	-2	det1=true
[15651]	77	121	-17	-8	-9	2	det1=true
[15652]	77	121	-13	-9	-7	-6	det1=true
[15653]	78	121	-31	-32	-2	-8	det1=true
[15654]	78	121	-39	-32	-2	8	det1=true
[15655]	86	121	-28	-20	-5	8	det1=true
[15656]	89	121	-13	1	-6	-8	det1=true
[15657]	89	121	-21	1	-6	8	det1=true
[15658]	95	121	-46	-25	-6	7	det1=true
[15659]	96	121	-36	-31	-7	-6	det1=true
[15660]	100	121	-39	-6	-2	10	det1=true
[15661]	100	121	-30	-6	-3	10	det1=true
[15662]	100	121	-16	-14	-3	-10	det1=true
[15663]	100	121	-26	-14	-3	10	det1=true
[15664]	101	121	-45	-10	-9	4	det1=true
[15665]	103	121	-51	-28	-5	8	det1=true
[15666]	107	121	-29	-1	-7	-8	det1=true
[15667]	107	121	-37	-1	-7	8	det1=true
[15668]	108	121	-38	-17	-2	-10	det1=true
[15669]	108	121	-43	-26	-2	10	det1=true
[15670]	109	121	-7	0	-11	-2	det1=true
[15671]	109	121	-9	0	-11	2	det1=true
[15672]	111	121	-11	-7	-2	-11	det1=true
[15673]	112	121	-50	-11	-10	2	det1=true
[15674]	113	121	-34	-10	-10	-4	det1=true
[15675]	113	121	-38	-10	-10	4	det1=true
[15676]	114	121	-40	-1	-7	-8	det1=true
[15677]	114	121	-48	-1	-7	8	det1=true
[15678]	114	121	-40	-4	-8	-7	det1=true
[15679]	114	121	-47	-4	-8	7	det1=true
[15680]	116	121	-54	-11	-6	-8	det1=true
[15681]	116	121	-62	-11	-6	8	det1=true
[15682]	118	121	-28	-13	-11	-2	det1=true
[15683]	118	121	-30	-13	-11	2	det1=true
[15684]	38	122	-13	-8	-4	-5	det1=true
[15685]	38	122	-18	-8	-4	5	det1=true
[15686]	46	122	-8	-5	-6	-4	det1=true
[15687]	59	122	-20	-11	-1	8	det1=true
[15688]	61	122	-20	-7	-1	-8	det1=true
[15689]	61	122	-28	-7	-1	8	det1=true
[15690]	62	122	-26	-16	-6	-5	det1=true
[15691]	62	122	-31	-16	-6	5	det1=true
[15692]	63	122	-28	-4	-8	-1	det1=true
[15693]	63	122	-29	-4	-8	1	det1=true
[15694]	64	122	-11	2	-8	-3	det1=true
[15695]	64	122	-14	2	-8	3	det1=true
[15696]	66	122	-28	-15	-7	-4	det1=true
[15697]	66	122	-32	-15	-7	4	det1=true
[15698]	75	122	-14	0	-9	-2	det1=true
[15699]	75	122	-16	0	-9	2	det1=true
[15700]	83	122	-30	-15	-9	2	det1=true
[15701]	86	122	-1	4	-8	-6	det1=true
[15702]	86	122	-7	4	-8	6	det1=true
[15703]	88	122	-18	-5	-6	8	det1=true
[15704]	97	122	-35	-36	-2	-9	det1=true
[15705]	97	122	-44	-36	-2	9	det1=true
[15706]	98	122	-35	-2	-8	-6	det1=true
[15707]	98	122	-41	-2	-8	6	det1=true
[15708]	100	122	-26	0	-10	-3	det1=true
[15709]	100	122	-29	0	-10	3	det1=true
[15710]	101	122	-11	4	-10	-4	det1=true
[15711]	103	122	-32	0	-10	-3	det1=true
[15712]	103	122	-35	0	-10	3	det1=true
[15713]	108	122	-30	-10	-7	-8	det1=true
[15714]	108	122	-38	-10	-7	8	det1=true
[15715]	110	122	-42	-21	-10	-2	det1=true
[15716]	110	122	-44	-21	-10	2	det1=true
[15717]	110	122	-36	-29	-10	-2	det1=true
[15718]	110	122	-38	-29	-10	2	det1=true
[15719]	110	122	-32	-33	-2	-10	det1=true
[15720]	110	122	-42	-33	-2	10	det1=true
[15721]	114	122	-29	-20	-6	-9	det1=true
[15722]	114	122	-38	-20	-6	9	det1=true
[15723]	115	122	-52	-19	-8	-6	det1=true
[15724]	115	122	-58	-19	-8	6	det1=true
[15725]	116	122	-46	-10	-3	-10	det1=true
[15726]	116	122	-56	-10	-3	10	det1=true
[15727]	119	122	-30	-16	-11	-2	det1=true
[15728]	119	122	-32	-16	-11	2	det1=true
[15729]	46	123	-4	-6	-2	-7	det1=true
[15730]	47	123	-16	0	-6	-4	det1=true
[15731]	47	123	-20	0	-6	4	det1=true
[15732]	71	123	-22	-16	-7	-5	det1=true
[15733]	71	123	-27	-16	-7	5	det1=true
[15734]	87	123	-12	4	-8	-6	det1=true
[15735]	87	123	-18	4	-8	6	det1=true
[15736]	88	123	-34	-5	-5	-8	det1=true
[15737]	88	123	-42	-5	-5	8	det1=true
[15738]	100	123	-7	0	-4	-10	det1=true
[15739]	100	123	-17	0	-4	10	det1=true
[15740]	101	123	-42	-1	-10	-1	det1=true
[15741]	101	123	-19	-4	-7	-8	det1=true
[15742]	101	123	-27	-4	-7	8	det1=true
[15743]	102	123	-20	-8	-7	-8	det1=true
[15744]	102	123	-28	-8	-7	8	det1=true
[15745]	102	123	-11	-4	-6	-9	det1=true
[15746]	102	123	-20	-4	-6	9	det1=true
[15747]	103	123	-43	-31	-9	-3	det1=true
[15748]	103	123	-46	-31	-9	3	det1=true
[15749]	104	123	-22	-3	-10	-4	det1=true
[15750]	104	123	-26	-3	-10	4	det1=true
[15751]	112	123	-48	2	-7	8	det1=true
[15752]	115	123	-28	-3	-3	11	det1=true
[15753]	119	123	-56	-6	-9	-5	det1=true
[15754]	119	123	-61	-6	-9	5	det1=true
[15755]	121	123	-67	-51	-7	5	det1=true
[15756]	123	123	-46	-25	-8	-7	det1=true
[15757]	23	124	-10	-8	-4	-3	det1=true
[15758]	23	124	-13	-8	-4	3	det1=true
[15759]	25	124	-8	-1	-5	2	det1=true
[15760]	32	124	-4	-6	-1	-6	det1=true
[15761]	32	124	-10	-6	-1	6	det1=true
[15762]	53	124	-9	-4	-6	-5	det1=true
[15763]	53	124	-14	-4	-6	5	det1=true
[15764]	55	124	1	0	-4	-7	det1=true
[15765]	55	124	-6	0	-4	7	det1=true
[15766]	59	124	-14	-13	-1	-8	det1=true
[15767]	64	124	-24	-18	-1	-8	det1=true
[15768]	64	124	-32	-18	-1	8	det1=true
[15769]	65	124	-12	-11	-3	-8	det1=true
[15770]	65	124	-20	-11	-3	8	det1=true
[15771]	76	124	-6	2	-5	-8	det1=true
[15772]	76	124	-14	2	-5	8	det1=true
[15773]	88	124	-12	-6	-1	-10	det1=true
[15774]	88	124	-22	-6	-1	10	det1=true
[15775]	88	124	-3	4	-10	-2	det1=true
[15776]	88	124	1	0	-2	-10	det1=true
[15777]	91	124	-18	-15	-6	-8	det1=true
[15778]	91	124	-26	-15	-6	8	det1=true
[15779]	93	124	-20	-9	-10	-2	det1=true
[15780]	93	124	-22	-9	-10	2	det1=true
[15781]	94	124	-42	-42	-3	-8	det1=true
[15782]	94	124	-50	-42	-3	8	det1=true
[15783]	95	124	-38	-10	-1	10	det1=true
[15784]	96	124	-45	-14	-8	-5	det1=true
[15785]	99	124	-37	-12	-10	-1	det1=true
[15786]	99	124	-38	-12	-10	1	det1=true
[15787]	99	124	-33	-10	-10	-2	det1=true
[15788]	99	124	-35	-10	-10	2	det1=true
[15789]	99	124	-27	-26	-8	-6	det1=true
[15790]	99	124	-33	-26	-8	6	det1=true
[15791]	101	124	-25	-26	-2	-10	det1=true
[15792]	101	124	-35	-26	-2	10	det1=true
[15793]	102	124	-34	-30	-9	-4	det1=true
[15794]	102	124	-38	-30	-9	4	det1=true
[15795]	102	124	-22	-1	-9	6	det1=true
[15796]	103	124	-38	-18	-1	-10	det1=true
[15797]	103	124	-48	-18	-1	10	det1=true
[15798]	103	124	-40	-9	-10	-2	det1=true
[15799]	103	124	-42	-9	-10	2	det1=true
[15800]	103	124	-30	-14	-10	-3	det1=true
[15801]	103	124	-33	-14	-10	3	det1=true
[15802]	103	124	-27	0	-6	9	det1=true
[15803]	107	124	-35	-6	-6	9	det1=true
[15804]	110	124	-47	-16	-10	-2	det1=true
[15805]	110	124	-49	-16	-10	2	det1=true
[15806]	110	124	-40	-19	-7	8	det1=true
[15807]	110	124	-34	-26	-10	-3	det1=true
[15808]	110	124	-37	-26	-10	3	det1=true
[15809]	111	124	-34	-2	-6	-9	det1=true
[15810]	111	124	-43	-2	-6	9	det1=true
[15811]	113	124	-40	-37	-1	-10	det1=true
[15812]	113	124	-50	-37	-1	10	det1=true
[15813]	115	124	-46	-14	-3	-10	det1=true
[15814]	115	124	-56	-14	-3	10	det1=true
[15815]	117	124	-38	-41	-2	-10	det1=true
[15816]	117	124	-48	-41	-2	10	det1=true
[15817]	119	124	-17	-2	-6	-10	det1=true
[15818]	119	124	-27	-2	-6	10	det1=true
[15819]	120	124	-54	-34	-4	-9	det1=true
[15820]	120	124	-63	-34	-4	9	det1=true
[15821]	124	124	-6	-6	-1	-12	det1=true
[15822]	39	121	-16	-7	-4	-5	det1=true
[15823]	39	121	-21	-7	-4	5	det1=true
[15824]	52	121	-22	-11	-7	-2	det1=true
[15825]	52	121	-24	-11	-7	2	det1=true
[15826]	53	121	-24	-14	-6	-4	det1=true
[15827]	59	121	-23	-6	-5	-6	det1=true
[15828]	59	121	-29	-6	-5	6	det1=true
[15829]	65	121	-7	1	-5	-7	det1=true
[15830]	65	121	-14	1	-5	7	det1=true
[15831]	79	121	-22	1	-6	-7	det1=true
[15832]	79	121	-18	-21	-1	-9	det1=true
[15833]	79	121	-27	-21	-1	9	det1=true
[15834]	82	121	-27	-4	-2	-9	det1=true
[15835]	82	121	-36	-4	-2	9	det1=true
[15836]	83	121	-25	-17	-9	-2	det1=true
[15837]	83	121	-27	-17	-9	2	det1=true
[15838]	86	121	-20	-20	-5	-8	det1=true
[15839]	91	121	-5	-3	-2	-10	det1=true
[15840]	91	121	-15	-3	-2	10	det1=true
[15841]	95	121	-39	-25	-6	-7	det1=true
[15842]	103	121	-43	-28	-5	-8	det1=true
[15843]	103	121	-21	-1	-8	-7	det1=true
[15844]	103	121	-28	-1	-8	7	det1=true
[15845]	107	121	-23	-16	-7	-8	det1=true
[15846]	107	121	-31	-16	-7	8	det1=true
[15847]	108	121	-48	-17	-2	10	det1=true
[15848]	113	121	-31	-13	-4	-10	det1=true
[15849]	113	121	-41	-13	-4	10	det1=true
[15850]	115	121	-54	-51	-7	-5	det1=true
[15851]	116	121	-46	-14	-10	-3	det1=true
[15852]	116	121	-49	-14	-10	3	det1=true
[15853]	116	121	-42	-35	-6	-8	det1=true
[15854]	116	121	-50	-35	-6	8	det1=true
[15855]	121	121	-37	-30	-7	-8	det1=true
[15856]	46	122	-12	-5	-6	4	det1=true
[15857]	51	122	-23	-16	-2	7	det1=true
[15858]	68	122	-30	-18	-7	-4	det1=true
[15859]	68	122	-34	-18	-7	4	det1=true
[15860]	82	122	-26	-12	-2	-9	det1=true
[15861]	82	122	-35	-12	-2	9	det1=true
[15862]	83	122	-28	-15	-9	-2	det1=true
[15863]	83	122	-26	-16	-7	-6	det1=true
[15864]	83	122	-32	-16	-7	6	det1=true
[15865]	86	122	-16	2	-9	-4	det1=true
[15866]	86	122	-20	2	-9	4	det1=true
[15867]	88	122	-10	-5	-6	-8	det1=true
[15868]	91	122	-28	3	-8	6	det1=true
[15869]	95	122	-36	-12	-9	4	det1=true
[15870]	97	122	-38	-4	-9	-4	det1=true
[15871]	97	122	-42	-4	-9	4	det1=true
[15872]	102	122	-14	-1	-10	-4	det1=true
[15873]	103	122	-41	-38	-6	-7	det1=true
[15874]	103	122	-48	-38	-6	7	det1=true
[15875]	108	122	-44	-11	-10	-2	det1=true
[15876]	108	122	-46	-11	-10	2	det1=true
[15877]	110	122	-49	-34	-8	-5	det1=true
[15878]	110	122	-54	-34	-8	5	det1=true
[15879]	111	122	-31	-2	-6	-9	det1=true
[15880]	111	122	-40	-2	-6	9	det1=true
[15881]	113	122	-40	0	-7	-8	det1=true
[15882]	113	122	-48	0	-7	8	det1=true
[15883]	114	122	-34	-10	-6	-9	det1=true
[15884]	114	122	-43	-10	-6	9	det1=true
[15885]	115	122	-28	-24	-9	-6	det1=true
[15886]	115	122	-34	-24	-9	6	det1=true
[15887]	116	122	-42	-3	-10	-4	det1=true
[15888]	118	122	-52	-25	-6	-8	det1=true
[15889]	118	122	-60	-25	-6	8	det1=true
[15890]	121	122	-46	-1	-4	-10	det1=true
[15891]	121	122	-56	-1	-4	10	det1=true
[15892]	25	123	-7	2	-5	2	det1=true
[15893]	47	123	-15	-1	-4	-6	det1=true
[15894]	47	123	-21	-1	-4	6	det1=true
[15895]	63	123	-25	-13	-8	-1	det1=true
[15896]	63	123	-26	-13	-8	1	det1=true
[15897]	63	123	-21	-11	-8	2	det1=true
[15898]	79	123	-24	1	-2	-9	det1=true
[15899]	79	123	-33	1	-2	9	det1=true
[15900]	86	123	-33	-14	-8	5	det1=true
[15901]	87	123	-8	-6	-6	-8	det1=true
[15902]	87	123	-16	-6	-6	8	det1=true
[15903]	87	123	-15	-4	-1	10	det1=true
[15904]	87	123	-3	-7	-1	-10	det1=true
[15905]	87	123	-13	-7	-1	10	det1=true
[15906]	94	123	-28	-8	-10	-1	det1=true
[15907]	94	123	-29	-8	-10	1	det1=true
[15908]	98	123	-10	-1	-7	-8	det1=true
[15909]	98	123	-18	-1	-7	8	det1=true
[15910]	99	123	-2	2	-10	-4	det1=true
[15911]	99	123	-6	2	-10	4	det1=true
[15912]	101	123	-31	-18	-9	5	det1=true
[15913]	104	123	-33	-28	-10	-1	det1=true
[15914]	104	123	-34	-28	-10	1	det1=true
[15915]	105	123	-48	-35	-8	5	det1=true
[15916]	105	123	-43	-11	-10	2	det1=true
[15917]	106	123	-23	-2	-6	-9	det1=true
[15918]	106	123	-32	-2	-6	9	det1=true
[15919]	107	123	-5	0	-11	-2	det1=true
[15920]	107	123	-7	0	-11	2	det1=true
[15921]	111	123	-48	-20	-8	-6	det1=true
[15922]	111	123	-54	-20	-8	6	det1=true
[15923]	112	123	-40	2	-7	-8	det1=true
[15924]	115	123	-48	-10	-4	10	det1=true
[15925]	116	123	-23	-18	-2	-11	det1=true
[15926]	116	123	-34	-18	-2	11	det1=true
[15927]	119	123	-54	-8	-5	-9	det1=true
[15928]	121	123	-28	-12	-9	-7	det1=true
[15929]	121	123	-35	-12	-9	7	det1=true
[15930]	123	123	-43	-36	-3	-10	det1=true
[15931]	64	124	-26	-15	-7	-4	det1=true
[15932]	64	124	-30	-15	-7	4	det1=true
[15933]	95	124	-28	-10	-1	-10	det1=true
[15934]	99	124	-12	-10	-7	-8	det1=true
[15935]	99	124	-20	-10	-7	8	det1=true
[15936]	103	124	-36	-13	-2	-10	det1=true
[15937]	103	124	-46	-13	-2	10	det1=true
[15938]	103	124	-18	0	-6	-9	det1=true
[15939]	108	124	-14	-3	-11	-2	det1=true
[15940]	108	124	-16	-3	-11	2	det1=true
[15941]	109	124	-45	-40	-8	-5	det1=true
[15942]	109	124	-50	-40	-8	5	det1=true
[15943]	115	124	-42	-33	-2	-10	det1=true
[15944]	116	124	-48	-11	-3	-10	det1=true
[15945]	121	124	-40	-38	-3	-10	det1=true
[15946]	124	124	-14	4	-12	1	det1=true
[15947]	58	121	-20	-8	-6	-5	det1=true
[15948]	64	121	-26	-6	-4	-7	det1=true
[15949]	64	121	-33	-6	-4	7	det1=true
[15950]	69	121	-20	-6	-7	-5	det1=true
[15951]	69	121	-25	-6	-7	5	det1=true
[15952]	76	121	-11	-6	-6	-7	det1=true
[15953]	76	121	-18	-6	-6	7	det1=true
[15954]	79	121	-29	1	-6	7	det1=true
[15955]	79	121	-22	-17	-9	-1	det1=true
[15956]	79	121	-23	-17	-9	1	det1=true
[15957]	79	121	-12	-1	-8	-5	det1=true
[15958]	79	121	-17	-1	-8	5	det1=true
[15959]	86	121	-11	0	-4	-9	det1=true
[15960]	86	121	-20	0	-4	9	det1=true
[15961]	89	121	-37	-16	-9	-2	det1=true
[15962]	89	121	-39	-16	-9	2	det1=true
[15963]	96	121	-45	-2	-8	-5	det1=true
[15964]	96	121	-50	-2	-8	5	det1=true
[15965]	105	121	-38	-12	-10	-2	det1=true
[15966]	105	121	-40	-12	-10	2	det1=true
[15967]	108	121	-33	-26	-2	-10	det1=true
[15968]	109	121	-27	-9	-10	-4	det1=true
[15969]	109	121	-31	-9	-10	4	det1=true
[15970]	111	121	-51	-1	-10	2	det1=true
[15971]	115	121	-15	-19	-2	-11	det1=true
[15972]	115	121	-26	-19	-2	11	det1=true
[15973]	120	121	-54	-10	-7	8	det1=true
[15974]	68	122	-28	-21	-1	-8	det1=true
[15975]	68	122	-36	-21	-1	8	det1=true
[15976]	88	122	-36	-17	-9	-2	det1=true
[15977]	91	122	-26	-8	-9	-4	det1=true
[15978]	91	122	-30	-8	-9	4	det1=true
[15979]	98	122	-34	-3	-6	-8	det1=true
[15980]	98	122	-42	-3	-6	8	det1=true
[15981]	99	122	-12	4	-8	-7	det1=true
[15982]	99	122	-19	4	-8	7	det1=true
[15983]	102	122	-11	-4	-4	-10	det1=true
[15984]	104	122	-38	-20	-10	-1	det1=true
[15985]	104	122	-39	-20	-10	1	det1=true
[15986]	105	122	-38	-19	-1	-10	det1=true
[15987]	105	122	-48	-19	-1	10	det1=true
[15988]	110	122	-38	-25	-2	-10	det1=true
[15989]	111	122	-36	-8	-8	-7	det1=true
[15990]	111	122	-43	-8	-8	7	det1=true
[15991]	114	122	-42	-34	-10	-1	det1=true
[15992]	114	122	-43	-34	-10	1	det1=true
[15993]	67	123	-22	-20	-2	-8	det1=true
[15994]	67	123	-30	-20	-2	8	det1=true
[15995]	76	123	-2	2	-8	-5	det1=true
[15996]	76	123	-7	2	-8	5	det1=true
[15997]	99	123	1	-1	-4	-10	det1=true
[15998]	99	123	-9	-1	-4	10	det1=true
[15999]	100	123	-10	3	-10	-4	det1=true
[16000]	100	123	-11	2	-6	9	det1=true
[16001]	115	123	-17	-3	-3	-11	det1=true
[16002]	32	124	-9	2	-6	-1	det1=true
[16003]	32	124	-10	2	-6	1	det1=true
[16004]	59	124	-19	2	-4	-7	det1=true
[16005]	59	124	-26	2	-4	7	det1=true
[16006]	87	124	-13	0	-10	-1	det1=true
[16007]	87	124	-14	0	-10	1	det1=true
[16008]	95	124	-12	-7	-3	-10	det1=true
[16009]	95	124	-22	-7	-3	10	det1=true
[16010]	100	124	-26	-10	-10	-3	det1=true
[16011]	100	124	-29	-10	-10	3	det1=true
[16012]	102	124	-42	-16	-4	-9	det1=true
[16013]	102	124	-51	-16	-4	9	det1=true
[16014]	105	124	-41	-14	-10	-2	det1=true
[16015]	105	124	-43	-14	-10	2	det1=true
[16016]	115	124	-42	-42	-4	-9	det1=true
[16017]	115	124	-51	-42	-4	9	det1=true
[16018]	121	124	-50	-38	-3	10	det1=true
[16019]	124	124	-52	-39	-6	-8	det1=true
[16020]	124	124	-18	-6	-1	12	det1=true
[16021]	85	121	-31	-22	-9	-1	det1=true
[16022]	86	121	-36	-7	-9	-2	det1=true
[16023]	86	121	-38	-7	-9	2	det1=true
[16024]	100	121	-20	-6	-3	-10	det1=true
[16025]	106	121	-30	-12	-3	-10	det1=true
[16026]	106	121	-40	-12	-3	10	det1=true
[16027]	47	122	-16	-4	-2	7	det1=true
[16028]	67	122	-20	-4	-8	-3	det1=true
[16029]	67	122	-23	-4	-8	3	det1=true
[16030]	97	122	-42	-44	-3	-8	det1=true
[16031]	97	122	-50	-44	-3	8	det1=true
[16032]	112	122	-54	-44	-6	7	det1=true
[16033]	67	123	-15	-10	-7	-5	det1=true
[16034]	77	123	-8	4	-9	3	det1=true
[16035]	85	123	-33	-11	-2	-9	det1=true
[16036]	85	123	-42	-11	-2	9	det1=true
[16037]	85	123	-31	1	-8	-5	det1=true
[16038]	85	123	-36	1	-8	5	det1=true
[16039]	89	123	-1	-3	-2	-10	det1=true
[16040]	89	123	-11	-3	-2	10	det1=true
[16041]	99	123	-46	-27	-8	5	det1=true
[16042]	100	123	-14	3	-10	4	det1=true
[16043]	100	123	-2	2	-6	-9	det1=true
[16044]	101	123	-26	-18	-9	-5	det1=true
[16045]	103	123	-45	-29	-8	-5	det1=true
[16046]	103	123	-50	-29	-8	5	det1=true
[16047]	105	123	-11	4	-11	-1	det1=true
[16048]	105	123	-12	4	-11	1	det1=true
[16049]	114	123	-21	-14	-2	-11	det1=true
[16050]	114	123	-32	-14	-2	11	det1=true
[16051]	45	124	-4	2	-7	-2	det1=true
[16052]	45	124	-6	2	-7	2	det1=true
[16053]	86	124	-13	-12	-4	-9	det1=true
[16054]	86	124	-22	-12	-4	9	det1=true
[16055]	93	124	-29	-4	-10	-1	det1=true
[16056]	93	124	-30	-4	-10	1	det1=true
[16057]	107	124	-26	-6	-6	-9	det1=true
[16058]	108	124	-42	-4	-10	-3	det1=true
[16059]	108	124	-45	-4	-10	3	det1=true
[16060]	119	124	-45	-4	-6	-9	det1=true
[16061]	119	124	-54	-4	-6	9	det1=true
[16062]	124	124	-53	-38	-8	-6	det1=true
[16063]	49	121	-14	-12	-6	-4	det1=true
[16064]	49	121	-18	-12	-6	4	det1=true
[16065]	58	121	-25	-8	-6	5	det1=true
[16066]	78	121	-34	-29	-8	-2	det1=true
[16067]	78	121	-36	-29	-8	2	det1=true
[16068]	78	121	-8	2	-8	-5	det1=true
[16069]	78	121	-13	2	-8	5	det1=true
[16070]	86	121	-32	-12	-2	-9	det1=true
[16071]	86	121	-41	-12	-2	9	det1=true
[16072]	95	121	-38	-18	-9	-3	det1=true
[16073]	95	121	-41	-18	-9	3	det1=true
[16074]	58	122	-20	-10	-5	-6	det1=true
[16075]	58	122	-26	-10	-5	6	det1=true
[16076]	60	122	-16	-10	-1	-8	det1=true
[16077]	60	122	-24	-10	-1	8	det1=true
[16078]	112	122	-47	-44	-6	-7	det1=true
[16079]	116	122	-39	-6	-4	-10	det1=true
[16080]	116	122	-49	-6	-4	10	det1=true
[16081]	65	123	-8	-8	-5	-7	det1=true
[16082]	65	123	-15	-8	-5	7	det1=true
[16083]	88	123	-31	-24	-6	-7	det1=true
[16084]	88	123	-38	-24	-6	7	det1=true
[16085]	99	123	-41	-27	-8	-5	det1=true
[16086]	108	123	-30	-14	-8	-7	det1=true
[16087]	108	123	-37	-14	-8	7	det1=true
[16088]	109	123	-39	-23	-2	-10	det1=true
[16089]	109	123	-49	-23	-2	10	det1=true
[16090]	111	123	-32	-5	-6	-9	det1=true
[16091]	111	123	-41	-5	-6	9	det1=true
[16092]	121	123	-44	-9	-11	1	det1=true
[16093]	66	124	-31	-2	-8	-2	det1=true
[16094]	66	124	-33	-2	-8	2	det1=true
[16095]	97	124	-33	-12	-8	-6	det1=true
[16096]	97	124	-39	-12	-8	6	det1=true
[16097]	112	124	-42	-33	-6	-8	det1=true
[16098]	112	124	-50	-33	-6	8	det1=true
[16099]	115	124	-38	-30	-3	-10	det1=true
[16100]	115	124	-48	-30	-3	10	det1=true
[16101]	81	121	-14	-4	-3	-9	det1=true
[16102]	81	121	-23	-4	-3	9	det1=true
[16103]	109	121	-4	-1	-2	-11	det1=true
[16104]	109	121	-15	-1	-2	11	det1=true
[16105]	110	121	-38	-5	-3	-10	det1=true
[16106]	110	121	-48	-5	-3	10	det1=true
[16107]	88	122	-30	-25	-9	-2	det1=true
[16108]	88	122	-32	-25	-9	2	det1=true
[16109]	89	122	-27	-30	-2	-9	det1=true
[16110]	89	122	-36	-30	-2	9	det1=true
[16111]	102	122	-34	-13	-10	-2	det1=true
[16112]	102	122	-36	-13	-10	2	det1=true
[16113]	107	122	-40	-23	-8	-6	det1=true
[16114]	107	122	-46	-23	-8	6	det1=true
[16115]	115	122	-32	-18	-6	-9	det1=true
[16116]	115	122	-41	-18	-6	9	det1=true
[16117]	86	123	-12	-10	-4	-9	det1=true
[16118]	86	123	-21	-10	-4	9	det1=true
[16119]	96	123	-30	-1	-1	-10	det1=true
[16120]	111	123	-31	-21	-8	-7	det1=true
[16121]	111	123	-38	-21	-8	7	det1=true
[16122]	113	123	-37	-16	-7	-8	det1=true
[16123]	113	123	-45	-16	-7	8	det1=true
[16124]	36	124	-14	-4	-4	5	det1=true
[16125]	88	124	-17	0	-10	-1	det1=true
[16126]	88	124	-18	0	-10	1	det1=true
[16127]	103	124	-52	-6	-9	4	det1=true
[16128]	64	121	-29	-4	-8	-1	det1=true
[16129]	64	121	-30	-4	-8	1	det1=true
[16130]	73	121	-11	-6	-9	-1	det1=true
[16131]	74	122	-10	3	-9	-2	det1=true
[16132]	74	122	-12	3	-9	2	det1=true
[16133]	89	122	-38	-13	-7	-6	det1=true
[16134]	89	122	-44	-13	-7	6	det1=true
[16135]	90	122	-36	-5	-5	-8	det1=true
[16136]	90	122	-44	-5	-5	8	det1=true
[16137]	119	122	-56	-27	-9	-4	det1=true
[16138]	119	122	-60	-27	-9	4	det1=true
[16139]	98	123	-8	-5	-7	-8	det1=true
[16140]	98	123	-16	-5	-7	8	det1=true
[16141]	120	123	-35	-4	-2	-11	det1=true
[16142]	113	124	-47	-36	-8	6	det1=true
[16143]	96	121	-22	-17	-1	-10	det1=true
[16144]	96	121	-32	-17	-1	10	det1=true
[16145]	96	121	-18	-22	-1	-10	det1=true
[16146]	96	121	-28	-22	-1	10	det1=true
[16147]	101	121	-28	-24	-8	-6	det1=true
[16148]	101	121	-34	-24	-8	6	det1=true
[16149]	105	121	-40	-17	-10	-1	det1=true
[16150]	105	121	-41	-17	-10	1	det1=true
[16151]	115	121	-50	-23	-10	-1	det1=true
[16152]	115	121	-51	-23	-10	1	det1=true
[16153]	102	122	-34	-18	-1	-10	det1=true
[16154]	102	122	-44	-18	-1	10	det1=true
[16155]	36	123	-9	2	-4	-5	det1=true
[16156]	36	123	-14	2	-4	5	det1=true
[16157]	93	123	-43	-1	-9	-3	det1=true
[16158]	93	123	-46	-1	-9	3	det1=true
[16159]	120	123	-46	-4	-2	11	det1=true
[16160]	121	123	-43	-9	-11	-1	det1=true
[16161]	36	124	-9	-4	-4	-5	det1=true
[16162]	64	124	-30	-10	-8	-1	det1=true
[16163]	64	124	-31	-10	-8	1	det1=true
[16164]	86	124	-4	-1	-1	-10	det1=true
[16165]	86	124	-14	-1	-1	10	det1=true
[16166]	90	124	-38	-10	-8	-5	det1=true
[16167]	90	124	-43	-10	-8	5	det1=true
[16168]	103	124	-48	-6	-9	-4	det1=true
[16169]	117	124	-42	-37	-10	-2	det1=true
[16170]	117	124	-44	-37	-10	2	det1=true
[16171]	115	121	-14	-2	-11	-3	det1=true
[16172]	115	121	-17	-2	-11	3	det1=true
[16173]	96	122	-33	-10	-4	-9	det1=true
[16174]	96	122	-42	-10	-4	9	det1=true
[16175]	96	123	-40	-1	-1	10	det1=true
[16176]	102	123	-10	-11	-4	-10	det1=true
[16177]	102	123	-20	-11	-4	10	det1=true
[16178]	74	124	-35	-10	-8	-3	det1=true
[16179]	74	124	-38	-10	-8	3	det1=true
[16180]	113	124	-41	-36	-8	-6	det1=true
[16181]	95	122	-29	-2	-6	-8	det1=true
[16182]	95	122	-37	-2	-6	8	det1=true
[16183]	97	122	-36	-34	-6	-7	det1=true
[16184]	97	122	-43	-34	-6	7	det1=true
[16185]	103	122	-48	-31	-9	-2	det1=true
[16186]	103	122	-50	-31	-9	2	det1=true
[16187]	81	123	-30	-13	-1	-9	det1=true
[16188]	81	123	-39	-13	-1	9	det1=true
[16189]	102	124	-38	-37	-5	-8	det1=true
[16190]	102	124	-46	-37	-5	8	det1=true
[16191]	107	124	-44	-38	-5	-8	det1=true
[16192]	107	124	-52	-38	-5	8	det1=true
[16193]	37	121	-10	-3	-4	-5	det1=true
[16194]	37	121	-15	-3	-4	5	det1=true
[16195]	59	121	-26	-14	-7	-3	det1=true
[16196]	59	121	-29	-14	-7	3	det1=true
[16197]	86	121	-33	-10	-6	-7	det1=true
[16198]	86	121	-40	-10	-6	7	det1=true
[16199]	98	122	-31	-14	-8	-6	det1=true
[16200]	98	122	-37	-14	-8	6	det1=true
[16201]	110	123	-28	-15	-4	-10	det1=true
[16202]	110	123	-38	-15	-4	10	det1=true
[16203]	110	124	-42	-2	-3	-10	det1=true
[16204]	110	124	-52	-2	-3	10	det1=true
[16205]	91	121	-39	-18	-9	-2	det1=true
[16206]	91	121	-41	-18	-9	2	det1=true
[16207]	57	122	-8	0	-1	-8	det1=true
[16208]	57	122	-16	0	-1	8	det1=true
[16209]	103	123	-13	-8	-9	-6	det1=true
[16210]	109	121	-24	-12	-4	-10	det1=true
[16211]	109	121	-34	-12	-4	10	det1=true
[16212]	113	121	-34	2	-4	-10	det1=true
[16213]	113	121	-44	2	-4	10	det1=true
[16214]	72	122	-33	-8	-8	3	det1=true
[16215]	112	124	-36	-6	-9	-6	det1=true
[16216]	112	124	-42	-6	-9	6	det1=true
[16217]	77	121	-36	-35	-6	-5	det1=true
[16218]	77	121	-41	-35	-6	5	det1=true
[16219]	72	122	-30	-8	-8	-3	det1=true
[16220]	99	123	-3	5	-10	-4	det1=true
[16221]	99	123	-7	5	-10	4	det1=true
[16222]	103	123	-19	-8	-9	6	det1=true
[16223]	90	121	-41	-20	-4	-8	det1=true
[16224]	116	123	-41	2	-4	-10	det1=true
[16225]	116	123	-51	2	-4	10	det1=true
[16226]	123	123	-36	-34	-4	-10	det1=true
[16227]	123	123	-46	-34	-4	10	det1=true
[16228]	73	121	-7	-10	-1	-9	det1=true
[16229]	73	121	-16	-10	-1	9	det1=true
[16230]	61	121	-20	-19	-6	-5	det1=true
[16231]	61	121	-25	-19	-6	5	det1=true
[16232]	121	121	-60	-15	-10	-1	det1=true
[16233]	121	121	-61	-15	-10	1	det1=true
[16234]	114	124	-52	-17	-1	-10	det1=true
[16235]	114	124	-62	-17	-1	10	det1=true
[16236]	99	121	-7	-1	-7	-8	det1=true
[16237]	99	121	-15	-1	-7	8	det1=true
[16238]	117	121	-37	-17	-10	-4	det1=true
[16239]	117	121	-41	-17	-10	4	det1=true
[16240]	115	121	-33	2	-11	-1	det1=true
[16241]	115	121	-34	2	-11	1	det1=true
[16242]	121	121	-30	-24	-1	-11	det1=true
[16243]	121	121	-41	-24	-1	11	det1=true
[16244]	95	123	-33	-29	-5	-8	det1=true
[16245]	95	123	-41	-29	-5	8	det1=true
[16246]	119	123	-45	-43	-4	-9	det1=true
[16247]	119	123	-54	-43	-4	9	det1=true
[16248]	111	121	-49	-15	-10	-1	det1=true
[16249]	111	121	-50	-15	-10	1	det1=true
[16250]	67	124	-27	-16	-8	-2	det1=true
[16251]	67	124	-29	-16	-8	2	det1=true
[16252]	101	121	-40	5	-10	-1	det1=true
[16253]	101	121	-41	5	-10	1	det1=true
[16254]	124	124	-40	-19	-11	-2	det1=true
[16255]	124	124	-42	-19	-11	2	det1=true
[16256]	122	122	-89	-4	-8	-1	det1=true
[16257]	65	122	-33	-4	-8	1	det1=true
[16258]	55	126	-6	-4	-1	-8	det1=true
[16259]	55	126	-14	-4	-1	8	det1=true
[16260]	118	126	-46	-37	-10	-2	det1=true
[16261]	118	126	-48	-37	-10	2	det1=true
[16262]	70	127	-26	-17	-3	-8	det1=true
[16263]	70	127	-34	-17	-3	8	det1=true
[16264]	106	127	-48	-8	-1	-10	det1=true
[16265]	106	127	-58	-8	-1	10	det1=true
[16266]	54	128	-6	-1	-1	-8	det1=true
[16267]	54	128	-14	-1	-1	8	det1=true
[16268]	128	128	-25	-14	-8	-9	det1=true
[16269]	128	128	-34	-14	-8	9	det1=true
[16270]	72	125	-32	-6	-3	-8	det1=true
[16271]	72	125	-40	-6	-3	8	det1=true
[16272]	89	125	-29	3	-9	-4	det1=true
[16273]	89	125	-33	3	-9	4	det1=true
[16274]	99	125	-19	-18	-3	-10	det1=true
[16275]	99	125	-29	-18	-3	10	det1=true
[16276]	118	125	-38	-37	-3	-10	det1=true
[16277]	118	125	-48	-37	-3	10	det1=true
[16278]	124	125	-17	4	-12	-1	det1=true
[16279]	124	125	-18	4	-12	1	det1=true
[16280]	125	125	-49	0	-11	-2	det1=true
[16281]	125	125	-51	0	-11	2	det1=true
[16282]	112	126	-51	-8	-2	-10	det1=true
[16283]	112	126	-61	-8	-2	10	det1=true
[16284]	114	126	-34	-22	-6	-9	det1=true
[16285]	114	126	-43	-22	-6	9	det1=true
[16286]	121	126	-7	6	-12	-1	det1=true
[16287]	121	126	-8	6	-12	1	det1=true
[16288]	124	126	-50	-26	-7	-8	det1=true
[16289]	124	126	-58	-26	-7	8	det1=true
[16290]	97	127	-43	-7	-9	-4	det1=true
[16291]	97	127	-47	-7	-9	4	det1=true
[16292]	113	127	-22	-2	-7	-9	det1=true
[16293]	113	127	-31	-2	-7	9	det1=true
[16294]	127	127	-24	-6	-11	-5	det1=true
[16295]	127	127	-29	-6	-11	5	det1=true
[16296]	62	128	-27	-12	-4	-7	det1=true
[16297]	62	128	-34	-12	-4	7	det1=true
[16298]	72	128	-32	-15	-3	-8	det1=true
[16299]	101	128	-21	-8	-4	-10	det1=true
[16300]	101	128	-31	-8	-4	10	det1=true
[16301]	49	125	-3	-1	-3	-7	det1=true
[16302]	49	125	-10	-1	-3	7	det1=true
[16303]	55	125	-7	1	-8	-1	det1=true
[16304]	55	125	-8	1	-8	1	det1=true
[16305]	71	125	-30	2	-5	-7	det1=true
[16306]	71	125	-37	2	-5	7	det1=true
[16307]	77	125	-27	-6	-1	-9	det1=true
[16308]	79	125	-26	-7	-6	-7	det1=true
[16309]	79	125	-33	-7	-6	7	det1=true
[16310]	81	125	-23	-6	-5	-8	det1=true
[16311]	81	125	-31	-6	-5	8	det1=true
[16312]	84	125	-22	-20	-8	-5	det1=true
[16313]	84	125	-27	-20	-8	5	det1=true
[16314]	85	125	-38	-19	-9	-1	det1=true
[16315]	85	125	-39	-19	-9	1	det1=true
[16316]	88	125	-39	-14	-6	-7	det1=true
[16317]	88	125	-46	-14	-6	7	det1=true
[16318]	88	125	-36	-25	-9	2	det1=true
[16319]	91	125	-37	-26	-7	-6	det1=true
[16320]	91	125	-43	-26	-7	6	det1=true
[16321]	98	125	-36	-34	-8	-5	det1=true
[16322]	99	125	-45	-23	-5	-8	det1=true
[16323]	99	125	-53	-23	-5	8	det1=true
[16324]	101	125	-27	-21	-9	-5	det1=true
[16325]	101	125	-32	-21	-9	5	det1=true
[16326]	104	125	-42	-14	-1	-10	det1=true
[16327]	104	125	-52	-14	-1	10	det1=true
[16328]	107	125	-16	-11	-1	-11	det1=true
[16329]	107	125	-27	-11	-1	11	det1=true
[16330]	109	125	-41	-8	-3	-10	det1=true
[16331]	109	125	-51	-8	-3	10	det1=true
[16332]	114	125	-35	-22	-10	-4	det1=true
[16333]	114	125	-39	-22	-10	4	det1=true
[16334]	115	125	-47	-47	-5	-8	det1=true
[16335]	115	125	-55	-47	-5	8	det1=true
[16336]	120	125	-52	-14	-9	6	det1=true
[16337]	125	125	-56	-25	-10	-3	det1=true
[16338]	125	125	-59	-25	-10	3	det1=true
[16339]	82	126	-29	0	-8	-5	det1=true
[16340]	82	126	-34	0	-8	5	det1=true
[16341]	92	126	-23	-6	-10	-2	det1=true
[16342]	92	126	-25	-6	-10	2	det1=true
[16343]	92	126	-29	-10	-2	10	det1=true
[16344]	94	126	-29	-2	-10	-2	det1=true
[16345]	94	126	-31	-2	-10	2	det1=true
[16346]	104	126	-30	-7	-7	-8	det1=true
[16347]	114	126	-30	-2	-2	-11	det1=true
[16348]	114	126	-41	-2	-2	11	det1=true
[16349]	116	126	-12	-7	-10	-6	det1=true
[16350]	116	126	-18	-7	-10	6	det1=true
[16351]	116	126	-10	-9	-6	-10	det1=true
[16352]	116	126	-20	-9	-6	10	det1=true
[16353]	122	126	-13	6	-12	-1	det1=true
[16354]	122	126	-14	6	-12	1	det1=true
[16355]	51	127	-16	-3	-3	-7	det1=true
[16356]	51	127	-23	-3	-3	7	det1=true
[16357]	58	127	-20	-5	-7	-4	det1=true
[16358]	58	127	-24	-5	-7	4	det1=true
[16359]	86	127	-23	0	-4	-9	det1=true
[16360]	86	127	-32	0	-4	9	det1=true
[16361]	97	127	-25	1	-3	-10	det1=true
[16362]	97	127	-35	1	-3	10	det1=true
[16363]	100	127	-33	-18	-2	-10	det1=true
[16364]	100	127	-43	-18	-2	10	det1=true
[16365]	101	127	-34	-13	-5	-9	det1=true
[16366]	101	127	-43	-13	-5	9	det1=true
[16367]	106	127	-28	-21	-7	-8	det1=true
[16368]	109	127	-30	-6	-11	-1	det1=true
[16369]	109	127	-31	-6	-11	1	det1=true
[16370]	112	127	-47	-24	-2	-10	det1=true
[16371]	112	127	-57	-24	-2	10	det1=true
[16372]	127	127	-54	-24	-10	-4	det1=true
[16373]	127	127	-58	-24	-10	4	det1=true
[16374]	56	128	-15	-2	-4	-7	det1=true
[16375]	56	128	-22	-2	-4	7	det1=true
[16376]	68	128	-30	-26	-7	-4	det1=true
[16377]	68	128	-34	-26	-7	4	det1=true
[16378]	68	128	-28	-29	-1	-8	det1=true
[16379]	68	128	-36	-29	-1	8	det1=true
[16380]	81	128	-28	-2	-5	-8	det1=true
[16381]	91	128	-36	-2	-9	-4	det1=true
[16382]	91	128	-40	-2	-9	4	det1=true
[16383]	95	128	-34	-25	-6	8	det1=true
[16384]	104	128	-40	-27	-6	-8	det1=true
[16385]	104	128	-48	-27	-6	8	det1=true
[16386]	104	128	-42	4	-10	-3	det1=true
[16387]	104	128	-45	4	-10	3	det1=true
[16388]	107	128	-34	-26	-3	-10	det1=true
[16389]	107	128	-44	-26	-3	10	det1=true
[16390]	112	128	-49	-30	-8	-6	det1=true
[16391]	121	128	-30	-1	-6	-10	det1=true
[16392]	122	128	-32	3	-6	-10	det1=true
[16393]	122	128	-42	3	-6	10	det1=true
[16394]	124	128	-37	0	-10	-6	det1=true
[16395]	124	128	-43	0	-10	6	det1=true
[16396]	124	128	-26	-23	-10	-6	det1=true
[16397]	124	128	-24	-25	-6	-10	det1=true
[16398]	124	128	-34	-25	-6	10	det1=true
[16399]	31	125	-13	-7	-3	-5	det1=true
[16400]	31	125	-18	-7	-3	5	det1=true
[16401]	32	125	-8	-1	-1	-6	det1=true
[16402]	32	125	-14	-1	-1	6	det1=true
[16403]	47	125	-14	-3	-2	-7	det1=true
[16404]	47	125	-21	-3	-2	7	det1=true
[16405]	56	125	-27	0	-6	5	det1=true
[16406]	71	125	-24	-17	-7	-5	det1=true
[16407]	71	125	-29	-17	-7	5	det1=true
[16408]	73	125	-37	-10	-7	5	det1=true
[16409]	77	125	-36	-6	-1	9	det1=true
[16410]	84	125	-30	-2	-5	-8	det1=true
[16411]	87	125	-33	-11	-5	-8	det1=true
[16412]	87	125	-41	-11	-5	8	det1=true
[16413]	87	125	-19	-12	-9	-4	det1=true
[16414]	87	125	-23	-12	-9	4	det1=true
[16415]	95	125	-46	-29	-9	-1	det1=true
[16416]	95	125	-47	-29	-9	1	det1=true
[16417]	97	125	-22	-16	-9	-5	det1=true
[16418]	97	125	-27	-16	-9	5	det1=true
[16419]	97	125	-20	-18	-5	-9	det1=true
[16420]	97	125	-29	-18	-5	9	det1=true
[16421]	99	125	-33	-5	-2	-10	det1=true
[16422]	99	125	-43	-5	-2	10	det1=true
[16423]	100	125	-46	-47	-3	-8	det1=true
[16424]	100	125	-54	-47	-3	8	det1=true
[16425]	100	125	-34	-22	-10	-1	det1=true
[16426]	101	125	-32	-18	-2	-10	det1=true
[16427]	101	125	-42	-18	-2	10	det1=true
[16428]	103	125	-32	-11	-8	7	det1=true
[16429]	105	125	-36	-17	-5	-9	det1=true
[16430]	105	125	-45	-17	-5	9	det1=true
[16431]	108	125	-39	-16	-10	-3	det1=true
[16432]	108	125	-42	-16	-10	3	det1=true
[16433]	108	125	-14	-4	-2	-11	det1=true
[16434]	108	125	-25	-4	-2	11	det1=true
[16435]	110	125	-48	-39	-5	-8	det1=true
[16436]	110	125	-56	-39	-5	8	det1=true
[16437]	115	125	-29	-14	-11	-2	det1=true
[16438]	115	125	-31	-14	-11	2	det1=true
[16439]	119	125	-55	-43	-5	-8	det1=true
[16440]	119	125	-63	-43	-5	8	det1=true
[16441]	120	125	-54	-7	-10	4	det1=true
[16442]	123	125	-38	-26	-1	-11	det1=true
[16443]	123	125	-49	-26	-1	11	det1=true
[16444]	124	125	-54	-23	-3	-10	det1=true
[16445]	124	125	-64	-23	-3	10	det1=true
[16446]	124	125	-10	-6	-8	-9	det1=true
[16447]	124	125	-19	-6	-8	9	det1=true
[16448]	125	125	-9	-14	-1	-12	det1=true
[16449]	125	125	-21	-14	-1	12	det1=true
[16450]	26	126	-10	-8	-2	-5	det1=true
[16451]	26	126	-15	-8	-2	5	det1=true
[16452]	33	126	-16	0	-6	-1	det1=true
[16453]	33	126	-17	0	-6	1	det1=true
[16454]	55	126	-6	-4	-7	-4	det1=true
[16455]	55	126	-10	-4	-7	4	det1=true
[16456]	65	126	-25	-14	-2	-8	det1=true
[16457]	65	126	-33	-14	-2	8	det1=true
[16458]	82	126	-26	-10	-8	-5	det1=true
[16459]	83	126	-28	-18	-8	5	det1=true
[16460]	89	126	-24	1	-8	-6	det1=true
[16461]	89	126	-30	1	-8	6	det1=true
[16462]	89	126	-23	-4	-10	-1	det1=true
[16463]	89	126	-24	-4	-10	1	det1=true
[16464]	95	126	-43	-20	-8	-5	det1=true
[16465]	97	126	-39	-4	-10	-1	det1=true
[16466]	98	126	-33	-20	-8	-6	det1=true
[16467]	99	126	-16	-12	-8	-7	det1=true
[16468]	99	126	-23	-12	-8	7	det1=true
[16469]	100	126	-19	-12	-8	-7	det1=true
[16470]	100	126	-26	-12	-8	7	det1=true
[16471]	104	126	-44	-15	-6	-8	det1=true
[16472]	104	126	-52	-15	-6	8	det1=true
[16473]	104	126	-30	-8	-8	-7	det1=true
[16474]	104	126	-37	-8	-8	7	det1=true
[16475]	104	126	-2	5	-11	-2	det1=true
[16476]	104	126	-4	5	-11	2	det1=true
[16477]	106	126	-35	-2	-8	-7	det1=true
[16478]	106	126	-42	-2	-8	7	det1=true
[16479]	111	126	-46	-44	-5	-8	det1=true
[16480]	111	126	-54	-44	-5	8	det1=true
[16481]	113	126	-32	-23	-9	-6	det1=true
[16482]	113	126	-38	-23	-9	6	det1=true
[16483]	115	126	-48	4	-8	-7	det1=true
[16484]	115	126	-55	4	-8	7	det1=true
[16485]	122	126	-52	-5	-9	-6	det1=true
[16486]	126	126	-58	-12	-8	-7	det1=true
[16487]	126	126	-50	-30	-7	-8	det1=true
[16488]	36	127	-14	0	-4	-5	det1=true
[16489]	36	127	-19	0	-4	5	det1=true
[16490]	61	127	-8	1	-8	-3	det1=true
[16491]	61	127	-11	1	-8	3	det1=true
[16492]	67	127	-28	-18	-2	-8	det1=true
[16493]	67	127	-36	-18	-2	8	det1=true
[16494]	69	127	-31	-27	-8	-1	det1=true
[16495]	69	127	-32	-27	-8	1	det1=true
[16496]	89	127	-38	-23	-6	-7	det1=true
[16497]	89	127	-45	-23	-6	7	det1=true
[16498]	91	127	-14	-8	-5	-9	det1=true
[16499]	91	127	-23	-8	-5	9	det1=true
[16500]	94	127	-40	1	-9	-4	det1=true
[16501]	99	127	-43	-5	-10	-1	det1=true
[16502]	99	127	-44	-5	-10	1	det1=true
[16503]	99	127	-36	-20	-8	-6	det1=true
[16504]	102	127	-22	-4	-9	-6	det1=true
[16505]	102	127	-28	-4	-9	6	det1=true
[16506]	103	127	-21	-15	-10	-4	det1=true
[16507]	103	127	-25	-15	-10	4	det1=true
[16508]	106	127	-41	-28	-6	-8	det1=true
[16509]	106	127	-49	-28	-6	8	det1=true
[16510]	106	127	-36	-21	-7	8	det1=true
[16511]	109	127	-39	-9	-7	-8	det1=true
[16512]	109	127	-47	-9	-7	8	det1=true
[16513]	109	127	-12	-1	-11	-3	det1=true
[16514]	109	127	-15	-1	-11	3	det1=true
[16515]	110	127	-38	-25	-3	-10	det1=true
[16516]	110	127	-48	-25	-3	10	det1=true
[16517]	111	127	-37	-11	-9	-6	det1=true
[16518]	111	127	-43	-11	-9	6	det1=true
[16519]	111	127	-35	-2	-11	-1	det1=true
[16520]	111	127	-36	-2	-11	1	det1=true
[16521]	113	127	-25	0	-11	-3	det1=true
[16522]	113	127	-28	0	-11	3	det1=true
[16523]	115	127	-51	-45	-5	-8	det1=true
[16524]	115	127	-59	-45	-5	8	det1=true
[16525]	117	127	-47	-41	-10	1	det1=true
[16526]	121	127	-45	-7	-11	-2	det1=true
[16527]	121	127	-47	-7	-11	2	det1=true
[16528]	125	127	-66	-49	-9	-1	det1=true
[16529]	127	127	-48	-17	-10	-5	det1=true
[16530]	127	127	-53	-17	-10	5	det1=true
[16531]	63	128	-31	-14	-8	1	det1=true
[16532]	81	128	-36	-2	-5	8	det1=true
[16533]	84	128	-30	-14	-5	-8	det1=true
[16534]	88	128	-22	-18	-4	-9	det1=true
[16535]	88	128	-31	-18	-4	9	det1=true
[16536]	89	128	-26	-1	-6	-8	det1=true
[16537]	89	128	-34	-1	-6	8	det1=true
[16538]	90	128	-15	-14	-2	-10	det1=true
[16539]	90	128	-25	-14	-2	10	det1=true
[16540]	94	128	-38	-6	-4	-9	det1=true
[16541]	94	128	-47	-6	-4	9	det1=true
[16542]	95	128	-26	-25	-6	-8	det1=true
[16543]	96	128	-1	2	-6	-9	det1=true
[16544]	96	128	-10	2	-6	9	det1=true
[16545]	96	128	-2	2	-9	-6	det1=true
[16546]	96	128	-8	2	-9	6	det1=true
[16547]	98	128	-31	-20	-10	-2	det1=true
[16548]	98	128	-33	-20	-10	2	det1=true
[16549]	99	128	-17	-4	-4	-10	det1=true
[16550]	99	128	-27	-4	-4	10	det1=true
[16551]	104	128	-52	-38	-9	2	det1=true
[16552]	107	128	-24	-3	-11	2	det1=true
[16553]	108	128	-47	-20	-10	-2	det1=true
[16554]	110	128	-38	-27	-3	-10	det1=true
[16555]	110	128	-48	-27	-3	10	det1=true
[16556]	112	128	-55	-30	-8	6	det1=true
[16557]	118	128	-24	-1	-6	-10	det1=true
[16558]	118	128	-34	-1	-6	10	det1=true
[16559]	119	128	-54	-2	-7	-8	det1=true
[16560]	119	128	-62	-2	-7	8	det1=true
[16561]	119	128	-6	6	-12	-1	det1=true
[16562]	119	128	-7	6	-12	1	det1=true
[16563]	120	128	-40	-33	-10	-4	det1=true
[16564]	120	128	-44	-33	-10	4	det1=true
[16565]	120	128	-23	-12	-4	-11	det1=true
[16566]	120	128	-34	-12	-4	11	det1=true
[16567]	121	128	-26	-15	-10	-6	det1=true
[16568]	121	128	-32	-15	-10	6	det1=true
[16569]	121	128	-12	-2	-9	-8	det1=true
[16570]	121	128	-20	-2	-9	8	det1=true
[16571]	124	128	-32	-23	-10	6	det1=true
[16572]	125	128	-15	-2	-10	-7	det1=true
[16573]	125	128	-22	-2	-10	7	det1=true
[16574]	31	125	-14	-6	-5	-3	det1=true
[16575]	31	125	-17	-6	-5	3	det1=true
[16576]	53	125	-9	-7	-5	-6	det1=true
[16577]	53	125	-15	-7	-5	6	det1=true
[16578]	56	125	-22	0	-6	-5	det1=true
[16579]	57	125	-19	-9	-1	8	det1=true
[16580]	73	125	-32	-10	-7	-5	det1=true
[16581]	73	125	-29	-16	-7	-5	det1=true
[16582]	73	125	-34	-16	-7	5	det1=true
[16583]	74	125	-26	-25	-3	-8	det1=true
[16584]	74	125	-34	-25	-3	8	det1=true
[16585]	83	125	-34	-5	-6	-7	det1=true
[16586]	83	125	-41	-5	-6	7	det1=true
[16587]	83	125	-25	-12	-5	-8	det1=true
[16588]	83	125	-33	-12	-5	8	det1=true
[16589]	84	125	-36	-19	-7	6	det1=true
[16590]	86	125	-8	0	-1	-10	det1=true
[16591]	87	125	-29	-19	-5	-8	det1=true
[16592]	87	125	-37	-19	-5	8	det1=true
[16593]	89	125	0	2	-5	-9	det1=true
[16594]	89	125	-9	2	-5	9	det1=true
[16595]	92	125	-47	-10	-8	5	det1=true
[16596]	92	125	-21	-6	-10	-2	det1=true
[16597]	92	125	-23	-6	-10	2	det1=true
[16598]	92	125	-7	2	-10	-3	det1=true
[16599]	92	125	-10	2	-10	3	det1=true
[16600]	93	125	-41	-41	-5	-7	det1=true
[16601]	93	125	-48	-41	-5	7	det1=true
[16602]	95	125	-39	-24	-5	-8	det1=true
[16603]	96	125	-19	-22	-2	-10	det1=true
[16604]	97	125	-15	-16	-3	-10	det1=true
[16605]	97	125	-25	-16	-3	10	det1=true
[16606]	100	125	-35	-22	-10	1	det1=true
[16607]	101	125	-39	-17	-10	-1	det1=true
[16608]	101	125	-40	-17	-10	1	det1=true
[16609]	103	125	-25	-11	-8	-7	det1=true
[16610]	104	125	-54	-28	-8	5	det1=true
[16611]	105	125	-18	4	-11	-1	det1=true
[16612]	107	125	-47	-9	-1	-10	det1=true
[16613]	107	125	-57	-9	-1	10	det1=true
[16614]	107	125	-18	-6	-1	-11	det1=true
[16615]	107	125	-29	-6	-1	11	det1=true
[16616]	108	125	-40	-6	-3	-10	det1=true
[16617]	109	125	-32	-3	-6	-9	det1=true
[16618]	109	125	-41	-3	-6	9	det1=true
[16619]	109	125	-33	-4	-9	-6	det1=true
[16620]	109	125	-39	-4	-9	6	det1=true
[16621]	109	125	-33	-31	-9	-5	det1=true
[16622]	109	125	3	1	-3	-11	det1=true
[16623]	109	125	-8	1	-3	11	det1=true
[16624]	112	125	-54	-41	-9	-2	det1=true
[16625]	112	125	-56	-41	-9	2	det1=true
[16626]	113	125	-41	-25	-10	-3	det1=true
[16627]	113	125	-44	-25	-10	3	det1=true
[16628]	113	125	-33	-21	-4	-10	det1=true
[16629]	113	125	-43	-21	-4	10	det1=true
[16630]	116	125	-54	4	-10	-3	det1=true
[16631]	116	125	-57	4	-10	3	det1=true
[16632]	116	125	-50	-32	-10	-1	det1=true
[16633]	116	125	-51	-32	-10	1	det1=true
[16634]	116	125	-45	-38	-10	-1	det1=true
[16635]	116	125	-46	-38	-10	1	det1=true
[16636]	117	125	-46	-8	-10	-4	det1=true
[16637]	117	125	-50	-8	-10	4	det1=true
[16638]	119	125	-59	-49	-9	1	det1=true
[16639]	120	125	-22	-3	-11	-4	det1=true
[16640]	123	125	-49	-13	-6	-9	det1=true
[16641]	123	125	-58	-13	-6	9	det1=true
[16642]	125	125	-75	-19	-2	-9	det1=true
[16643]	125	125	-84	-19	-2	9	det1=true
[16644]	33	126	-12	-7	-1	-6	det1=true
[16645]	33	126	-18	-7	-1	6	det1=true
[16646]	55	126	-4	-7	-1	-8	det1=true
[16647]	55	126	-12	-7	-1	8	det1=true
[16648]	70	126	-26	-15	-3	-8	det1=true
[16649]	70	126	-34	-15	-3	8	det1=true
[16650]	75	126	-7	-2	-8	-5	det1=true
[16651]	75	126	-12	-2	-8	5	det1=true
[16652]	82	126	-31	-10	-8	5	det1=true
[16653]	86	126	-10	-5	-1	-10	det1=true
[16654]	92	126	-19	-10	-2	-10	det1=true
[16655]	97	126	-40	-4	-10	1	det1=true
[16656]	97	126	-28	-23	-1	-10	det1=true
[16657]	100	126	-14	2	-6	-9	det1=true
[16658]	100	126	-23	2	-6	9	det1=true
[16659]	104	126	-50	-28	-8	-5	det1=true
[16660]	105	126	-26	-7	-9	-6	det1=true
[16661]	105	126	-32	-7	-9	6	det1=true
[16662]	112	126	-50	-22	-1	-10	det1=true
[16663]	112	126	-46	-32	-10	-1	det1=true
[16664]	112	126	-47	-32	-10	1	det1=true
[16665]	118	126	-42	-41	-2	-10	det1=true
[16666]	118	126	-52	-41	-2	10	det1=true
[16667]	118	126	-32	-23	-11	2	det1=true
[16668]	119	126	-44	-26	-8	-7	det1=true
[16669]	119	126	-51	-26	-8	7	det1=true
[16670]	120	126	-47	-38	-2	-10	det1=true
[16671]	120	126	-57	-38	-2	10	det1=true
[16672]	122	126	-33	-10	-10	6	det1=true
[16673]	124	126	-14	-6	-9	-8	det1=true
[16674]	124	126	-22	-6	-9	8	det1=true
[16675]	51	127	-21	-17	-2	-7	det1=true
[16676]	51	127	-28	-17	-2	7	det1=true
[16677]	51	127	-18	-1	-7	-3	det1=true
[16678]	51	127	-21	-1	-7	3	det1=true
[16679]	55	127	-24	-25	-2	-7	det1=true
[16680]	55	127	-31	-25	-2	7	det1=true
[16681]	63	127	-25	-18	-7	-4	det1=true
[16682]	63	127	-29	-18	-7	4	det1=true
[16683]	74	127	-20	-7	-9	2	det1=true
[16684]	77	127	-28	-11	-1	-9	det1=true
[16685]	77	127	-11	-9	-3	-9	det1=true
[16686]	79	127	-35	-9	-9	-1	det1=true
[16687]	79	127	-36	-9	-9	1	det1=true
[16688]	82	127	-30	-17	-7	-6	det1=true
[16689]	88	127	-15	0	-10	-2	det1=true
[16690]	88	127	-17	0	-10	2	det1=true
[16691]	95	127	-46	-15	-9	-3	det1=true
[16692]	95	127	-49	-15	-9	3	det1=true
[16693]	95	127	-22	-20	-2	-10	det1=true
[16694]	95	127	-32	-20	-2	10	det1=true
[16695]	96	127	-35	4	-10	-2	det1=true
[16696]	96	127	-37	4	-10	2	det1=true
[16697]	96	127	-26	-25	-1	-10	det1=true
[16698]	96	127	-36	-25	-1	10	det1=true
[16699]	97	127	-26	-7	-10	-3	det1=true
[16700]	102	127	-26	-17	-4	10	det1=true
[16701]	103	127	-55	0	-1	10	det1=true
[16702]	103	127	-14	-4	-11	-1	det1=true
[16703]	103	127	-15	-4	-11	1	det1=true
[16704]	104	127	-32	-19	-3	-10	det1=true
[16705]	104	127	-42	-19	-3	10	det1=true
[16706]	106	127	-18	3	-11	-2	det1=true
[16707]	106	127	-20	3	-11	2	det1=true
[16708]	110	127	-36	-28	-3	-10	det1=true
[16709]	110	127	-46	-28	-3	10	det1=true
[16710]	110	127	-28	-25	-4	-10	det1=true
[16711]	110	127	-38	-25	-4	10	det1=true
[16712]	112	127	-19	-22	-2	-11	det1=true
[16713]	112	127	-30	-22	-2	11	det1=true
[16714]	113	127	-21	-4	-3	-11	det1=true
[16715]	113	127	-20	-8	-7	-9	det1=true
[16716]	113	127	-29	-8	-7	9	det1=true
[16717]	117	127	-21	-1	-10	-6	det1=true
[16718]	117	127	-27	-1	-10	6	det1=true
[16719]	120	127	-49	-8	-6	-9	det1=true
[16720]	121	127	-33	-15	-7	-9	det1=true
[16721]	121	127	-42	-15	-7	9	det1=true
[16722]	121	127	-30	-22	-11	-3	det1=true
[16723]	121	127	-33	-22	-11	3	det1=true
[16724]	124	127	-54	-45	-9	-4	det1=true
[16725]	124	127	-58	-45	-9	4	det1=true
[16726]	127	127	-34	-16	-6	-10	det1=true
[16727]	127	127	-44	-16	-6	10	det1=true
[16728]	59	128	-16	-18	-1	-8	det1=true
[16729]	63	128	-30	-14	-8	-1	det1=true
[16730]	80	128	-22	-13	-5	-8	det1=true
[16731]	84	128	-9	-4	-10	-1	det1=true
[16732]	84	128	-10	-4	-10	1	det1=true
[16733]	86	128	-34	-13	-5	-8	det1=true
[16734]	86	128	-42	-13	-5	8	det1=true
[16735]	88	128	-14	-7	-10	-2	det1=true
[16736]	88	128	-16	-7	-10	2	det1=true
[16737]	92	128	-45	-10	-8	-5	det1=true
[16738]	92	128	-24	-11	-10	-2	det1=true
[16739]	92	128	-26	-11	-10	2	det1=true
[16740]	95	128	-32	-14	-1	-10	det1=true
[16741]	95	128	-42	-14	-1	10	det1=true
[16742]	101	128	-24	-5	-10	-4	det1=true
[16743]	101	128	-28	-5	-10	4	det1=true
[16744]	103	128	-22	-12	-6	-9	det1=true
[16745]	103	128	-31	-12	-6	9	det1=true
[16746]	104	128	-50	-38	-9	-2	det1=true
[16747]	105	128	-46	-38	-8	-5	det1=true
[16748]	106	128	-43	-8	-10	-3	det1=true
[16749]	106	128	-46	-8	-10	3	det1=true
[16750]	110	128	-49	-26	-8	-6	det1=true
[16751]	112	128	-62	-22	-1	10	det1=true
[16752]	114	128	-48	-31	-10	-2	det1=true
[16753]	114	128	-50	-31	-10	2	det1=true
[16754]	119	128	-54	-36	-10	-1	det1=true
[16755]	119	128	-55	-36	-10	1	det1=true
[16756]	120	128	-26	-2	-4	-11	det1=true
[16757]	120	128	-37	-2	-4	11	det1=true
[16758]	122	128	-53	-8	-4	-10	det1=true
[16759]	122	128	-63	-8	-4	10	det1=true
[16760]	122	128	-30	-9	-6	-10	det1=true
[16761]	122	128	-40	-9	-6	10	det1=true
[16762]	123	128	-49	-24	-4	-10	det1=true
[16763]	123	128	-59	-24	-4	10	det1=true
[16764]	29	125	-6	0	-5	-3	det1=true
[16765]	29	125	-9	0	-5	3	det1=true
[16766]	29	125	-5	-1	-3	-5	det1=true
[16767]	29	125	-10	-1	-3	5	det1=true
[16768]	50	125	-18	-17	-4	-6	det1=true
[16769]	50	125	-24	-17	-4	6	det1=true
[16770]	53	125	-19	-5	-3	-7	det1=true
[16771]	53	125	-26	-5	-3	7	det1=true
[16772]	57	125	-11	-9	-1	-8	det1=true
[16773]	65	125	-16	-2	-7	-5	det1=true
[16774]	65	125	-21	-2	-7	5	det1=true
[16775]	69	125	-22	-13	-7	-5	det1=true
[16776]	69	125	-27	-13	-7	5	det1=true
[16777]	70	125	-25	-16	-8	-3	det1=true
[16778]	70	125	-28	-16	-8	3	det1=true
[16779]	71	125	-21	-3	-1	9	det1=true
[16780]	73	125	-21	-4	-9	-1	det1=true
[16781]	73	125	-22	-4	-9	1	det1=true
[16782]	76	125	-14	-14	-6	-7	det1=true
[16783]	76	125	-21	-14	-6	7	det1=true
[16784]	85	125	-32	-26	-1	-9	det1=true
[16785]	85	125	-41	-26	-1	9	det1=true
[16786]	86	125	-18	0	-1	10	det1=true
[16787]	88	125	-34	-25	-9	-2	det1=true
[16788]	96	125	-26	-11	-2	-10	det1=true
[16789]	96	125	-36	-11	-2	10	det1=true
[16790]	96	125	-25	-18	-10	2	det1=true
[16791]	96	125	-29	-22	-2	10	det1=true
[16792]	97	125	-29	-27	-4	-9	det1=true
[16793]	97	125	-38	-27	-4	9	det1=true
[16794]	99	125	-47	-5	-1	10	det1=true
[16795]	99	125	-37	-1	-10	-2	det1=true
[16796]	99	125	-39	-1	-10	2	det1=true
[16797]	99	125	-33	-13	-10	-2	det1=true
[16798]	99	125	-30	-7	-10	3	det1=true
[16799]	101	125	-33	1	-10	-3	det1=true
[16800]	101	125	-36	1	-10	3	det1=true
[16801]	103	125	-21	-2	-9	-6	det1=true
[16802]	103	125	-27	-2	-9	6	det1=true
[16803]	104	125	-42	-37	-5	-8	det1=true
[16804]	104	125	-50	-37	-5	8	det1=true
[16805]	104	125	-39	-12	-2	-10	det1=true
[16806]	104	125	-49	-12	-2	10	det1=true
[16807]	104	125	-23	-6	-4	-10	det1=true
[16808]	105	125	-43	-15	-1	-10	det1=true
[16809]	105	125	-53	-15	-1	10	det1=true
[16810]	107	125	-39	-3	-3	-10	det1=true
[16811]	107	125	-49	-3	-3	10	det1=true
[16812]	108	125	-50	-6	-3	10	det1=true
[16813]	108	125	-41	-24	-10	-2	det1=true
[16814]	108	125	-43	-24	-10	2	det1=true
[16815]	109	125	-38	-31	-9	5	det1=true
[16816]	111	125	-54	-13	-10	-1	det1=true
[16817]	111	125	-55	-13	-10	1	det1=true
[16818]	111	125	-49	-21	-10	2	det1=true
[16819]	111	125	-41	0	-7	-8	det1=true
[16820]	111	125	-49	0	-7	8	det1=true
[16821]	117	125	-46	-34	-10	-2	det1=true
[16822]	117	125	-48	-34	-10	2	det1=true
[16823]	119	125	-59	0	-7	8	det1=true
[16824]	120	125	-50	-7	-10	-4	det1=true
[16825]	120	125	-26	-3	-11	4	det1=true
[16826]	123	125	-53	-30	-9	-5	det1=true
[16827]	123	125	-58	-30	-9	5	det1=true
[16828]	125	125	-57	-23	-10	-3	det1=true
[16829]	125	125	-60	-23	-10	3	det1=true
[16830]	65	126	-28	-11	-8	-2	det1=true
[16831]	65	126	-30	-11	-8	2	det1=true
[16832]	81	126	-28	-15	-5	8	det1=true
[16833]	94	126	-38	-25	-5	-8	det1=true
[16834]	94	126	-46	-25	-5	8	det1=true
[16835]	94	126	-25	-6	-2	-10	det1=true
[16836]	94	126	-35	-6	-2	10	det1=true
[16837]	99	126	-21	-2	-8	-7	det1=true
[16838]	99	126	-28	-2	-8	7	det1=true
[16839]	101	126	-16	-4	-6	-9	det1=true
[16840]	101	126	-25	-4	-6	9	det1=true
[16841]	103	126	-26	-12	-7	-8	det1=true
[16842]	103	126	-34	-12	-7	8	det1=true
[16843]	111	126	-35	-10	-6	-9	det1=true
[16844]	113	126	-40	2	-6	-9	det1=true
[16845]	113	126	-49	2	-6	9	det1=true
[16846]	119	126	-49	-16	-8	-7	det1=true
[16847]	119	126	-56	-16	-8	7	det1=true
[16848]	119	126	-44	-19	-4	-10	det1=true
[16849]	119	126	-54	-19	-4	10	det1=true
[16850]	120	126	-51	-34	-10	-2	det1=true
[16851]	120	126	-53	-34	-10	2	det1=true
[16852]	124	126	-12	-10	-1	-12	det1=true
[16853]	124	126	-24	-10	-1	12	det1=true
[16854]	33	127	1	3	-6	-2	det1=true
[16855]	33	127	-1	3	-6	2	det1=true
[16856]	36	127	-10	-9	-5	-4	det1=true
[16857]	43	127	-11	-3	-1	-7	det1=true
[16858]	43	127	-18	-3	-1	7	det1=true
[16859]	43	127	0	0	-4	-6	det1=true
[16860]	43	127	-6	0	-4	6	det1=true
[16861]	45	127	-20	-4	-7	-1	det1=true
[16862]	45	127	-21	-4	-7	1	det1=true
[16863]	46	127	-12	-6	-2	-7	det1=true
[16864]	46	127	-13	-10	-6	-4	det1=true
[16865]	67	127	-24	2	-5	-7	det1=true
[16866]	67	127	-31	2	-5	7	det1=true
[16867]	71	127	-9	1	-9	-2	det1=true
[16868]	71	127	-11	1	-9	2	det1=true
[16869]	73	127	-17	-2	-9	-2	det1=true
[16870]	73	127	-19	-2	-9	2	det1=true
[16871]	74	127	-18	-7	-9	-2	det1=true
[16872]	76	127	-12	-6	-5	-8	det1=true
[16873]	76	127	-20	-6	-5	8	det1=true
[16874]	77	127	-37	-11	-1	9	det1=true
[16875]	77	127	-20	-9	-3	9	det1=true
[16876]	82	127	-12	-3	-9	-4	det1=true
[16877]	82	127	-16	-3	-9	4	det1=true
[16878]	85	127	-36	-36	-5	-7	det1=true
[16879]	85	127	-43	-36	-5	7	det1=true
[16880]	90	127	-36	-20	-5	-8	det1=true
[16881]	90	127	-44	-20	-5	8	det1=true
[16882]	91	127	-24	-6	-5	9	det1=true
[16883]	92	127	-38	-18	-4	9	det1=true
[16884]	93	127	-36	-1	-4	-9	det1=true
[16885]	93	127	-45	-1	-4	9	det1=true
[16886]	93	127	-23	-3	-9	-5	det1=true
[16887]	93	127	-28	-3	-9	5	det1=true
[16888]	97	127	-41	1	-10	-1	det1=true
[16889]	97	127	-42	1	-10	1	det1=true
[16890]	97	127	-33	-15	-10	2	det1=true
[16891]	101	127	-31	-19	-5	-9	det1=true
[16892]	101	127	-40	-19	-5	9	det1=true
[16893]	103	127	-45	0	-1	-10	det1=true
[16894]	103	127	-9	-9	-1	-11	det1=true
[16895]	103	127	-20	-9	-1	11	det1=true
[16896]	104	127	-26	-6	-9	-6	det1=true
[16897]	105	127	-18	-1	-1	-11	det1=true
[16898]	105	127	-29	-1	-1	11	det1=true
[16899]	110	127	-31	-22	-10	-4	det1=true
[16900]	110	127	-35	-22	-10	4	det1=true
[16901]	113	127	-32	-4	-3	11	det1=true
[16902]	114	127	-5	-2	-4	-11	det1=true
[16903]	114	127	-16	-2	-4	11	det1=true
[16904]	115	127	-51	-18	-5	-9	det1=true
[16905]	115	127	-60	-18	-5	9	det1=true
[16906]	115	127	-45	-27	-10	-3	det1=true
[16907]	115	127	-48	-27	-10	3	det1=true
[16908]	115	127	-25	-6	-3	-11	det1=true
[16909]	115	127	-36	-6	-3	11	det1=true
[16910]	117	127	-37	-16	-1	-11	det1=true
[16911]	117	127	-48	-16	-1	11	det1=true
[16912]	118	127	-42	-1	-11	-2	det1=true
[16913]	118	127	-44	-1	-11	2	det1=true
[16914]	119	127	-45	-19	-9	-6	det1=true
[16915]	119	127	-51	-19	-9	6	det1=true
[16916]	120	127	-58	-8	-6	9	det1=true
[16917]	120	127	-49	-42	-10	-1	det1=true
[16918]	120	127	-50	-42	-10	1	det1=true
[16919]	121	127	-7	-3	-9	-8	det1=true
[16920]	121	127	-15	-3	-9	8	det1=true
[16921]	124	127	-32	-10	-11	-4	det1=true
[16922]	124	127	-36	-10	-11	4	det1=true
[16923]	125	127	-51	-22	-9	-6	det1=true
[16924]	125	127	-46	5	-11	-3	det1=true
[16925]	125	127	-49	5	-11	3	det1=true
[16926]	125	127	-17	-12	-1	-12	det1=true
[16927]	125	127	-29	-12	-1	12	det1=true
[16928]	127	127	-21	-14	-1	-12	det1=true
[16929]	127	127	-33	-14	-1	12	det1=true
[16930]	47	128	-15	-10	-2	-7	det1=true
[16931]	47	128	-22	-10	-2	7	det1=true
[16932]	62	128	-15	0	-8	-3	det1=true
[16933]	62	128	-18	0	-8	3	det1=true
[16934]	65	128	-16	-15	-3	-8	det1=true
[16935]	65	128	-24	-15	-3	8	det1=true
[16936]	69	128	-33	-26	-8	-1	det1=true
[16937]	69	128	-34	-26	-8	1	det1=true
[16938]	71	128	-32	-30	-7	-4	det1=true
[16939]	71	128	-36	-30	-7	4	det1=true
[16940]	71	128	-9	0	-2	-9	det1=true
[16941]	71	128	-18	0	-2	9	det1=true
[16942]	80	128	-30	-13	-5	8	det1=true
[16943]	84	128	-38	-14	-5	8	det1=true
[16944]	85	128	-38	-12	-2	-9	det1=true
[16945]	85	128	-47	-12	-2	9	det1=true
[16946]	85	128	-31	-2	-4	9	det1=true
[16947]	85	128	-17	2	-8	-6	det1=true
[16948]	87	128	-21	-16	-4	-9	det1=true
[16949]	87	128	-30	-16	-4	9	det1=true
[16950]	87	128	-10	-3	-2	-10	det1=true
[16951]	88	128	-25	2	-8	-6	det1=true
[16952]	88	128	-31	2	-8	6	det1=true
[16953]	92	128	-42	-30	-9	2	det1=true
[16954]	96	128	-8	-1	-10	-4	det1=true
[16955]	96	128	-12	-1	-10	4	det1=true
[16956]	99	128	-38	-11	-10	-2	det1=true
[16957]	99	128	-40	-11	-10	2	det1=true
[16958]	99	128	-34	-15	-2	-10	det1=true
[16959]	99	128	-44	-15	-2	10	det1=true
[16960]	101	128	-30	-33	-1	-10	det1=true
[16961]	101	128	-40	-33	-1	10	det1=true
[16962]	104	128	-39	0	-4	10	det1=true
[16963]	105	128	-51	-38	-8	5	det1=true
[16964]	105	128	-38	-27	-10	-2	det1=true
[16965]	105	128	-40	-27	-10	2	det1=true
[16966]	106	128	-34	-14	-8	-7	det1=true
[16967]	106	128	-41	-14	-8	7	det1=true
[16968]	107	128	-30	-23	-7	-8	det1=true
[16969]	107	128	-38	-23	-7	8	det1=true
[16970]	107	128	-18	-10	-11	-2	det1=true
[16971]	107	128	-20	-10	-11	2	det1=true
[16972]	108	128	-43	-24	-2	-10	det1=true
[16973]	110	128	-55	-26	-8	6	det1=true
[16974]	111	128	-32	-25	-10	-4	det1=true
[16975]	111	128	-36	-25	-10	4	det1=true
[16976]	114	128	-41	-16	-4	-10	det1=true
[16977]	114	128	-51	-16	-4	10	det1=true
[16978]	114	128	-34	-11	-11	-2	det1=true
[16979]	114	128	-36	-11	-11	2	det1=true
[16980]	116	128	-55	-12	-4	10	det1=true
[16981]	116	128	-21	0	-10	-6	det1=true
[16982]	120	128	-35	-24	-2	-11	det1=true
[16983]	120	128	-46	-24	-2	11	det1=true
[16984]	121	128	-58	-18	-10	-3	det1=true
[16985]	121	128	-61	-18	-10	3	det1=true
[16986]	123	128	-52	-17	-9	-6	det1=true
[16987]	123	128	-58	-17	-9	6	det1=true
[16988]	123	128	-34	-32	-2	-11	det1=true
[16989]	125	128	-47	-48	-2	-10	det1=true
[16990]	125	128	-57	-48	-2	10	det1=true
[16991]	125	128	-42	-27	-11	-2	det1=true
[16992]	125	128	-44	-27	-11	2	det1=true
[16993]	29	125	-5	-2	-5	-3	det1=true
[16994]	29	125	-8	-2	-5	3	det1=true
[16995]	50	125	-23	-16	-6	4	det1=true
[16996]	56	125	-8	-6	-7	-4	det1=true
[16997]	56	125	-12	-6	-7	4	det1=true
[16998]	60	125	-24	-17	-5	-6	det1=true
[16999]	60	125	-30	-17	-5	6	det1=true
[17000]	71	125	-12	-3	-1	-9	det1=true
[17001]	73	125	-31	-11	-5	-7	det1=true
[17002]	73	125	-38	-11	-5	7	det1=true
[17003]	73	125	-8	-7	-2	-9	det1=true
[17004]	73	125	-17	-7	-2	9	det1=true
[17005]	74	125	-16	-3	-9	-2	det1=true
[17006]	74	125	-18	-3	-9	2	det1=true
[17007]	75	125	-3	1	-5	-8	det1=true
[17008]	81	125	-36	-26	-5	-7	det1=true
[17009]	81	125	-43	-26	-5	7	det1=true
[17010]	81	125	-27	-14	-5	8	det1=true
[17011]	84	125	-30	-19	-7	-6	det1=true
[17012]	87	125	-38	-35	-7	-5	det1=true
[17013]	87	125	-43	-35	-7	5	det1=true
[17014]	87	125	-32	-15	-8	-5	det1=true
[17015]	87	125	-37	-15	-8	5	det1=true
[17016]	88	125	-38	-16	-2	-9	det1=true
[17017]	88	125	-47	-16	-2	9	det1=true
[17018]	89	125	-2	4	-9	-5	det1=true
[17019]	89	125	-7	4	-9	5	det1=true
[17020]	91	125	-39	-25	-9	-2	det1=true
[17021]	91	125	-41	-25	-9	2	det1=true
[17022]	92	125	-6	0	-10	-3	det1=true
[17023]	92	125	-9	0	-10	3	det1=true
[17024]	95	125	-49	-27	-6	7	det1=true
[17025]	95	125	-47	-24	-5	8	det1=true
[17026]	96	125	-41	-24	-8	-5	det1=true
[17027]	96	125	-46	-24	-8	5	det1=true
[17028]	96	125	-23	-18	-10	-2	det1=true
[17029]	99	125	-27	-7	-10	-3	det1=true
[17030]	101	125	-40	-2	-10	-2	det1=true
[17031]	101	125	-42	-2	-10	2	det1=true
[17032]	104	125	-43	-8	-10	-2	det1=true
[17033]	104	125	-45	-8	-10	2	det1=true
[17034]	108	125	-30	-13	-10	-4	det1=true
[17035]	108	125	-34	-13	-10	4	det1=true
[17036]	111	125	-47	-21	-10	-2	det1=true
[17037]	112	125	-44	-37	-9	-4	det1=true
[17038]	112	125	-48	-37	-9	4	det1=true
[17039]	113	125	-36	2	-11	-1	det1=true
[17040]	113	125	-37	2	-11	1	det1=true
[17041]	117	125	-53	-27	-6	-8	det1=true
[17042]	117	125	-61	-27	-6	8	det1=true
[17043]	118	125	-55	-28	-10	-1	det1=true
[17044]	118	125	-56	-28	-10	1	det1=true
[17045]	119	125	-51	0	-7	-8	det1=true
[17046]	119	125	-19	-7	-10	-6	det1=true
[17047]	119	125	-25	-7	-10	6	det1=true
[17048]	120	125	-46	-14	-9	-6	det1=true
[17049]	121	125	-56	-15	-10	-3	det1=true
[17050]	121	125	-59	-15	-10	3	det1=true
[17051]	122	125	-51	-12	-10	-4	det1=true
[17052]	122	125	-55	-12	-10	4	det1=true
[17053]	122	125	-44	-12	-11	2	det1=true
[17054]	122	125	-34	-25	-11	-2	det1=true
[17055]	122	125	-36	-25	-11	2	det1=true
[17056]	124	125	-44	-14	-11	-2	det1=true
[17057]	124	125	-46	-14	-11	2	det1=true
[17058]	125	125	-34	-20	-9	-7	det1=true
[17059]	125	125	-41	-20	-9	7	det1=true
[17060]	125	125	-30	-12	-10	-6	det1=true
[17061]	125	125	-36	-12	-10	6	det1=true
[17062]	125	125	-28	-14	-6	-10	det1=true
[17063]	125	125	-38	-14	-6	10	det1=true
[17064]	34	126	-12	-13	-1	-6	det1=true
[17065]	34	126	-18	-13	-1	6	det1=true
[17066]	37	126	-16	-4	-5	-4	det1=true
[17067]	60	126	-22	-8	-4	-7	det1=true
[17068]	61	126	-25	-6	-4	-7	det1=true
[17069]	61	126	-32	-6	-4	7	det1=true
[17070]	63	126	-22	-20	-7	-4	det1=true
[17071]	63	126	-26	-20	-7	4	det1=true
[17072]	65	126	-21	-20	-2	-8	det1=true
[17073]	65	126	-29	-20	-2	8	det1=true
[17074]	75	126	-28	-9	-8	-4	det1=true
[17075]	80	126	-25	4	-8	-5	det1=true
[17076]	80	126	-30	4	-8	5	det1=true
[17077]	81	126	-20	-15	-5	-8	det1=true
[17078]	87	126	-19	4	-10	-1	det1=true
[17079]	88	126	-7	-6	-2	-10	det1=true
[17080]	88	126	-17	-6	-2	10	det1=true
[17081]	95	126	-48	-20	-8	5	det1=true
[17082]	98	126	-12	5	-10	-4	det1=true
[17083]	98	126	-16	5	-10	4	det1=true
[17084]	100	126	-42	-32	-8	-5	det1=true
[17085]	100	126	-47	-32	-8	5	det1=true
[17086]	112	126	-46	-30	-1	-10	det1=true
[17087]	113	126	-46	-32	-1	-10	det1=true
[17088]	113	126	-56	-32	-1	10	det1=true
[17089]	118	126	-30	-23	-11	-2	det1=true
[17090]	120	126	-22	-9	-6	-10	det1=true
[17091]	120	126	-32	-9	-6	10	det1=true
[17092]	121	126	-50	-40	-1	-10	det1=true
[17093]	121	126	-60	-40	-1	10	det1=true
[17094]	122	126	-58	-5	-9	6	det1=true
[17095]	122	126	-27	-10	-10	-6	det1=true
[17096]	123	126	-16	0	-12	-1	det1=true
[17097]	123	126	-17	0	-12	1	det1=true
[17098]	29	127	-7	-4	-3	-5	det1=true
[17099]	29	127	-12	-4	-3	5	det1=true
[17100]	37	127	-21	-4	-5	4	det1=true
[17101]	46	127	-19	-6	-2	7	det1=true
[17102]	46	127	-12	-11	-4	-6	det1=true
[17103]	46	127	-18	-11	-4	6	det1=true
[17104]	49	127	-8	-4	-7	-3	det1=true
[17105]	49	127	-11	-4	-7	3	det1=true
[17106]	56	127	-21	-10	-6	-5	det1=true
[17107]	56	127	-26	-10	-6	5	det1=true
[17108]	62	127	-16	0	-8	3	det1=true
[17109]	66	127	-26	-19	-8	-2	det1=true
[17110]	66	127	-28	-19	-8	2	det1=true
[17111]	66	127	1	4	-8	-4	det1=true
[17112]	66	127	-3	4	-8	4	det1=true
[17113]	81	127	-25	-8	-9	-3	det1=true
[17114]	81	127	-28	-8	-9	3	det1=true
[17115]	81	127	-22	-11	-3	-9	det1=true
[17116]	81	127	-31	-11	-3	9	det1=true
[17117]	88	127	-11	-4	-2	-10	det1=true
[17118]	90	127	-24	-11	-8	-6	det1=true
[17119]	90	127	-30	-11	-8	6	det1=true
[17120]	90	127	2	0	-3	-10	det1=true
[17121]	90	127	-8	0	-3	10	det1=true
[17122]	91	127	-15	-6	-5	-9	det1=true
[17123]	92	127	-29	-18	-4	-9	det1=true
[17124]	93	127	-21	-5	-5	-9	det1=true
[17125]	93	127	-30	-5	-5	9	det1=true
[17126]	94	127	-44	1	-9	4	det1=true
[17127]	94	127	-27	-26	-4	-9	det1=true
[17128]	94	127	-36	-26	-4	9	det1=true
[17129]	95	127	-26	-16	-10	-2	det1=true
[17130]	95	127	-28	-16	-10	2	det1=true
[17131]	98	127	-38	-13	-8	-6	det1=true
[17132]	98	127	-44	-13	-8	6	det1=true
[17133]	98	127	-31	-30	-4	-9	det1=true
[17134]	98	127	-40	-30	-4	9	det1=true
[17135]	99	127	-10	-12	-4	-10	det1=true
[17136]	99	127	-20	-12	-4	10	det1=true
[17137]	100	127	-30	-12	-10	-3	det1=true
[17138]	100	127	-33	-12	-10	3	det1=true
[17139]	101	127	-29	-22	-5	-9	det1=true
[17140]	101	127	-38	-22	-5	9	det1=true
[17141]	103	127	-30	-30	-2	-10	det1=true
[17142]	103	127	-40	-30	-2	10	det1=true
[17143]	109	127	-35	-32	-9	-5	det1=true
[17144]	109	127	-40	-32	-9	5	det1=true
[17145]	109	127	-22	-17	-1	-11	det1=true
[17146]	109	127	-33	-17	-1	11	det1=true
[17147]	109	127	-8	-5	-3	-11	det1=true
[17148]	109	127	-19	-5	-3	11	det1=true
[17149]	110	127	-50	-44	-7	-6	det1=true
[17150]	110	127	-56	-44	-7	6	det1=true
[17151]	111	127	-42	2	-10	-4	det1=true
[17152]	111	127	-32	-22	-4	-10	det1=true
[17153]	111	127	-42	-22	-4	10	det1=true
[17154]	113	127	-19	-10	-3	-11	det1=true
[17155]	116	127	-16	-2	-11	-4	det1=true
[17156]	116	127	-20	-2	-11	4	det1=true
[17157]	118	127	-42	-23	-4	-10	det1=true
[17158]	118	127	-52	-23	-4	10	det1=true
[17159]	120	127	-43	-26	-4	-10	det1=true
[17160]	120	127	-53	-26	-4	10	det1=true
[17161]	121	127	-51	-27	-3	-10	det1=true
[17162]	121	127	-61	-27	-3	10	det1=true
[17163]	123	127	-31	-24	-9	-7	det1=true
[17164]	123	127	-38	-24	-9	7	det1=true
[17165]	123	127	-29	-27	-3	-11	det1=true
[17166]	123	127	-40	-27	-3	11	det1=true
[17167]	126	127	-20	-6	-10	7	det1=true
[17168]	127	127	-61	-27	-4	10	det1=true
[17169]	127	127	-21	-13	-8	-9	det1=true
[17170]	127	127	-30	-13	-8	9	det1=true
[17171]	57	128	-18	-8	-8	-1	det1=true
[17172]	63	128	-18	-8	-8	3	det1=true
[17173]	68	128	-24	-15	-3	-8	det1=true
[17174]	68	128	-32	-15	-3	8	det1=true
[17175]	83	128	-31	-20	-6	-7	det1=true
[17176]	83	128	-38	-20	-6	7	det1=true
[17177]	83	128	-6	4	-10	-1	det1=true
[17178]	85	128	-23	2	-8	6	det1=true
[17179]	88	128	-10	-11	-2	-10	det1=true
[17180]	88	128	-20	-11	-2	10	det1=true
[17181]	93	128	-27	-10	-10	-2	det1=true
[17182]	93	128	-29	-10	-10	2	det1=true
[17183]	95	128	0	3	-10	-4	det1=true
[17184]	98	128	-39	-2	-10	-2	det1=true
[17185]	98	128	-41	-2	-10	2	det1=true
[17186]	99	128	-32	-27	-6	-8	det1=true
[17187]	99	128	-20	-1	-10	-4	det1=true
[17188]	99	128	-24	-1	-10	4	det1=true
[17189]	100	128	-42	-22	-9	-4	det1=true
[17190]	100	128	-46	-22	-9	4	det1=true
[17191]	100	128	-26	-19	-3	-10	det1=true
[17192]	103	128	-46	-1	-1	-10	det1=true
[17193]	103	128	-56	-1	-1	10	det1=true
[17194]	103	128	-44	-42	-7	-6	det1=true
[17195]	103	128	-50	-42	-7	6	det1=true
[17196]	108	128	-49	-20	-10	2	det1=true
[17197]	108	128	-53	-24	-2	10	det1=true
[17198]	108	128	-32	-14	-9	-6	det1=true
[17199]	108	128	-38	-14	-9	6	det1=true
[17200]	109	128	-44	-10	-3	-10	det1=true
[17201]	109	128	-54	-10	-3	10	det1=true
[17202]	110	128	-54	-18	-10	-1	det1=true
[17203]	110	128	-55	-18	-10	1	det1=true
[17204]	110	128	-46	-45	-5	-8	det1=true
[17205]	110	128	-54	-45	-5	8	det1=true
[17206]	114	128	-44	-13	-10	-4	det1=true
[17207]	114	128	-48	-13	-10	4	det1=true
[17208]	114	128	-40	-21	-10	-4	det1=true
[17209]	114	128	-44	-21	-10	4	det1=true
[17210]	114	128	-37	-24	-4	-10	det1=true
[17211]	114	128	-47	-24	-4	10	det1=true
[17212]	116	128	-45	-12	-4	-10	det1=true
[17213]	116	128	-27	0	-10	6	det1=true
[17214]	117	128	-52	2	-7	-8	det1=true
[17215]	117	128	-60	2	-7	8	det1=true
[17216]	119	128	-22	-13	-6	-10	det1=true
[17217]	119	128	-32	-13	-6	10	det1=true
[17218]	123	128	-45	-32	-2	11	det1=true
[17219]	123	128	-7	0	-10	-7	det1=true
[17220]	123	128	-14	0	-10	7	det1=true
[17221]	124	128	-32	-13	-6	-10	det1=true
[17222]	124	128	-42	-13	-6	10	det1=true
[17223]	125	128	-56	-43	-3	10	det1=true
[17224]	125	128	-14	-2	-7	-10	det1=true
[17225]	50	125	-19	-16	-6	-4	det1=true
[17226]	69	125	-34	-21	-8	-1	det1=true
[17227]	69	125	-35	-21	-8	1	det1=true
[17228]	73	125	-17	-8	-1	-9	det1=true
[17229]	73	125	-26	-8	-1	9	det1=true
[17230]	74	125	-14	-4	-7	-6	det1=true
[17231]	74	125	-20	-4	-7	6	det1=true
[17232]	77	125	-31	-2	-9	-1	det1=true
[17233]	77	125	-32	-2	-9	1	det1=true
[17234]	79	125	-25	-9	-2	-9	det1=true
[17235]	80	125	-18	-12	-8	-5	det1=true
[17236]	80	125	-23	-12	-8	5	det1=true
[17237]	81	125	-19	-14	-5	-8	det1=true
[17238]	92	125	-17	-10	-2	-10	det1=true
[17239]	92	125	-27	-10	-2	10	det1=true
[17240]	95	125	-43	-16	-5	-8	det1=true
[17241]	95	125	-51	-16	-5	8	det1=true
[17242]	104	125	-50	-44	-2	9	det1=true
[17243]	104	125	-33	-6	-4	10	det1=true
[17244]	105	125	-19	4	-11	1	det1=true
[17245]	111	125	-31	-25	-7	-8	det1=true
[17246]	111	125	-39	-25	-7	8	det1=true
[17247]	116	125	-50	-6	-3	-10	det1=true
[17248]	116	125	-60	-6	-3	10	det1=true
[17249]	119	125	-31	-22	-11	-2	det1=true
[17250]	119	125	-33	-22	-11	2	det1=true
[17251]	125	125	-94	-23	-4	7	det1=true
[17252]	74	126	-32	-18	-3	-8	det1=true
[17253]	74	126	-40	-18	-3	8	det1=true
[17254]	80	126	-18	-14	-5	-8	det1=true
[17255]	80	126	-26	-14	-5	8	det1=true
[17256]	86	126	-14	-3	-6	-8	det1=true
[17257]	86	126	-22	-3	-6	8	det1=true
[17258]	97	126	-32	-16	-1	-10	det1=true
[17259]	97	126	-42	-16	-1	10	det1=true
[17260]	98	126	-33	-2	-2	-10	det1=true
[17261]	98	126	-43	-2	-2	10	det1=true
[17262]	108	126	-44	-42	-5	-8	det1=true
[17263]	108	126	-52	-42	-5	8	det1=true
[17264]	111	126	-44	-10	-6	9	det1=true
[17265]	113	126	-30	-8	-11	-2	det1=true
[17266]	113	126	-32	-8	-11	2	det1=true
[17267]	114	126	2	2	-4	-11	det1=true
[17268]	114	126	-9	2	-4	11	det1=true
[17269]	115	126	-51	-44	-8	-5	det1=true
[17270]	115	126	-56	-44	-8	5	det1=true
[17271]	119	126	-38	-28	-9	-6	det1=true
[17272]	119	126	-44	-28	-9	6	det1=true
[17273]	123	126	-50	-43	-1	-10	det1=true
[17274]	123	126	-60	-43	-1	10	det1=true
[17275]	126	126	-20	-6	-9	-8	det1=true
[17276]	126	126	-28	-6	-9	8	det1=true
[17277]	22	127	-9	-6	-4	-3	det1=true
[17278]	34	127	-16	-10	-6	-1	det1=true
[17279]	34	127	-17	-10	-6	1	det1=true
[17280]	36	127	-14	-9	-5	4	det1=true
[17281]	43	127	-14	0	-7	-1	det1=true
[17282]	46	127	-17	-10	-6	4	det1=true
[17283]	64	127	-18	-6	-8	-3	det1=true
[17284]	64	127	-21	-6	-8	3	det1=true
[17285]	73	127	-15	-3	-7	-6	det1=true
[17286]	73	127	-21	-3	-7	6	det1=true
[17287]	76	127	-18	-9	-5	8	det1=true
[17288]	79	127	-18	-13	-8	-5	det1=true
[17289]	85	127	-37	-35	-7	-5	det1=true
[17290]	85	127	-42	-35	-7	5	det1=true
[17291]	98	127	-39	-8	-6	-8	det1=true
[17292]	98	127	-40	-10	-10	-1	det1=true
[17293]	98	127	-41	-10	-10	1	det1=true
[17294]	101	127	-36	-11	-9	-5	det1=true
[17295]	101	127	-41	-11	-9	5	det1=true
[17296]	102	127	-16	-17	-4	-10	det1=true
[17297]	103	127	-30	-7	-8	-7	det1=true
[17298]	103	127	-37	-7	-8	7	det1=true
[17299]	108	127	-40	-5	-9	6	det1=true
[17300]	111	127	-46	2	-10	4	det1=true
[17301]	113	127	-30	-10	-3	11	det1=true
[17302]	117	127	-42	-11	-11	-1	det1=true
[17303]	117	127	-43	-11	-11	1	det1=true
[17304]	118	127	-52	0	-7	-8	det1=true
[17305]	118	127	-60	0	-7	8	det1=true
[17306]	118	127	-45	-20	-10	-4	det1=true
[17307]	118	127	-49	-20	-10	4	det1=true
[17308]	123	127	-3	-5	-2	-12	det1=true
[17309]	123	127	-15	-5	-2	12	det1=true
[17310]	124	127	-11	-4	-12	-2	det1=true
[17311]	124	127	-13	-4	-12	2	det1=true
[17312]	127	127	-51	-27	-4	-10	det1=true
[17313]	127	127	-17	-5	-10	-7	det1=true
[17314]	63	128	-15	-8	-8	-3	det1=true
[17315]	68	128	-22	-18	-3	-8	det1=true
[17316]	68	128	-30	-18	-3	8	det1=true
[17317]	86	128	-21	-12	-4	-9	det1=true
[17318]	86	128	-30	-12	-4	9	det1=true
[17319]	90	128	-22	-14	-1	-10	det1=true
[17320]	90	128	-32	-14	-1	10	det1=true
[17321]	92	128	-44	-31	-7	6	det1=true
[17322]	92	128	-30	-9	-6	-8	det1=true
[17323]	92	128	-38	-9	-6	8	det1=true
[17324]	95	128	-27	-24	-8	-6	det1=true
[17325]	95	128	-33	-24	-8	6	det1=true
[17326]	98	128	-38	-22	-4	-9	det1=true
[17327]	98	128	-47	-22	-4	9	det1=true
[17328]	98	128	-35	-6	-2	-10	det1=true
[17329]	98	128	-45	-6	-2	10	det1=true
[17330]	100	128	-26	-20	-10	-3	det1=true
[17331]	100	128	-29	-20	-10	3	det1=true
[17332]	104	128	-29	0	-4	-10	det1=true
[17333]	105	128	-52	-25	-1	10	det1=true
[17334]	107	128	-19	0	-2	-11	det1=true
[17335]	107	128	-30	0	-2	11	det1=true
[17336]	113	128	-50	-3	-3	-10	det1=true
[17337]	113	128	-60	-3	-3	10	det1=true
[17338]	113	128	-44	-38	-1	-10	det1=true
[17339]	113	128	-54	-38	-1	10	det1=true
[17340]	119	128	-26	-7	-10	-6	det1=true
[17341]	119	128	-32	-7	-10	6	det1=true
[17342]	122	128	-38	-7	-10	6	det1=true
[17343]	123	128	-46	-34	-7	-8	det1=true
[17344]	123	128	-54	-34	-7	8	det1=true
[17345]	125	128	-56	-17	-10	-4	det1=true
[17346]	125	128	-60	-17	-10	4	det1=true
[17347]	125	128	-27	-24	-6	-10	det1=true
[17348]	125	128	-37	-24	-6	10	det1=true
[17349]	29	125	-4	-3	-3	-5	det1=true
[17350]	29	125	-9	-3	-3	5	det1=true
[17351]	69	125	-31	-23	-4	-7	det1=true
[17352]	71	125	-23	-18	-5	-7	det1=true
[17353]	71	125	-30	-18	-5	7	det1=true
[17354]	85	125	-33	2	-9	-3	det1=true
[17355]	85	125	-36	2	-9	3	det1=true
[17356]	86	125	-32	-23	-9	-2	det1=true
[17357]	86	125	-34	-23	-9	2	det1=true
[17358]	86	125	-12	-3	-8	-6	det1=true
[17359]	86	125	-18	-3	-8	6	det1=true
[17360]	91	125	-39	-13	-9	-3	det1=true
[17361]	94	125	-12	-5	-3	-10	det1=true
[17362]	94	125	-22	-5	-3	10	det1=true
[17363]	97	125	-21	-4	-3	-10	det1=true
[17364]	97	125	-31	-4	-3	10	det1=true
[17365]	99	125	-37	-5	-1	-10	det1=true
[17366]	103	125	-35	-12	-5	-9	det1=true
[17367]	103	125	-44	-12	-5	9	det1=true
[17368]	108	125	-50	3	-10	-2	det1=true
[17369]	108	125	-52	3	-10	2	det1=true
[17370]	108	125	-27	-16	-4	-10	det1=true
[17371]	108	125	-37	-16	-4	10	det1=true
[17372]	112	125	-54	-22	-9	-4	det1=true
[17373]	112	125	-58	-22	-9	4	det1=true
[17374]	112	125	-53	-28	-8	6	det1=true
[17375]	112	125	-46	-29	-6	-8	det1=true
[17376]	112	125	-54	-29	-6	8	det1=true
[17377]	113	125	-48	-11	-10	-3	det1=true
[17378]	113	125	-51	-11	-10	3	det1=true
[17379]	113	125	-26	4	-9	7	det1=true
[17380]	115	125	-23	-7	-11	-3	det1=true
[17381]	115	125	-26	-7	-11	3	det1=true
[17382]	122	125	-42	-12	-11	-2	det1=true
[17383]	125	125	-57	-39	-4	-9	det1=true
[17384]	125	125	-66	-39	-4	9	det1=true
[17385]	84	126	-39	-32	-8	-3	det1=true
[17386]	84	126	-42	-32	-8	3	det1=true
[17387]	86	126	-20	-5	-1	10	det1=true
[17388]	95	126	-32	-4	-1	-10	det1=true
[17389]	95	126	-42	-4	-1	10	det1=true
[17390]	97	126	-38	-23	-1	10	det1=true
[17391]	97	126	-16	2	-8	-7	det1=true
[17392]	97	126	-23	2	-8	7	det1=true
[17393]	100	126	-28	-30	-1	-10	det1=true
[17394]	100	126	-38	-30	-1	10	det1=true
[17395]	108	126	-38	1	-7	-8	det1=true
[17396]	108	126	-46	1	-7	8	det1=true
[17397]	109	126	-32	-21	-7	-8	det1=true
[17398]	109	126	-40	-21	-7	8	det1=true
[17399]	111	126	-40	-12	-8	-7	det1=true
[17400]	111	126	-47	-12	-8	7	det1=true
[17401]	112	126	-56	-30	-1	10	det1=true
[17402]	116	126	-35	-32	-8	-7	det1=true
[17403]	116	126	-42	-32	-8	7	det1=true
[17404]	118	126	-31	-20	-2	-11	det1=true
[17405]	118	126	-42	-20	-2	11	det1=true
[17406]	121	126	0	-4	-1	-12	det1=true
[17407]	121	126	-12	-4	-1	12	det1=true
[17408]	54	127	-2	-3	-1	-8	det1=true
[17409]	54	127	-10	-3	-1	8	det1=true
[17410]	57	127	-27	-14	-5	6	det1=true
[17411]	59	127	-24	-17	-6	-5	det1=true
[17412]	59	127	-29	-17	-6	5	det1=true
[17413]	73	127	-25	-1	-9	-1	det1=true
[17414]	73	127	-26	-1	-9	1	det1=true
[17415]	76	127	-10	-9	-5	-8	det1=true
[17416]	85	127	-14	3	-10	-1	det1=true
[17417]	85	127	-15	3	-10	1	det1=true
[17418]	91	127	-17	-4	-9	-5	det1=true
[17419]	91	127	-22	-4	-9	5	det1=true
[17420]	95	127	-32	-4	-10	-2	det1=true
[17421]	95	127	-34	-4	-10	2	det1=true
[17422]	99	127	-21	-7	-7	-8	det1=true
[17423]	99	127	-29	-7	-7	8	det1=true
[17424]	104	127	-32	-6	-9	6	det1=true
[17425]	107	127	-49	-41	-7	-6	det1=true
[17426]	107	127	-55	-41	-7	6	det1=true
[17427]	111	127	-36	-38	-2	-10	det1=true
[17428]	111	127	-46	-38	-2	10	det1=true
[17429]	113	127	-46	-21	-10	-3	det1=true
[17430]	113	127	-49	-21	-10	3	det1=true
[17431]	115	127	-53	-16	-9	-5	det1=true
[17432]	115	127	-58	-16	-9	5	det1=true
[17433]	119	127	-53	-24	-5	-9	det1=true
[17434]	119	127	-62	-24	-5	9	det1=true
[17435]	123	127	-40	-6	-9	-7	det1=true
[17436]	123	127	-47	-6	-9	7	det1=true
[17437]	123	127	-38	-9	-3	-11	det1=true
[17438]	123	127	-49	-9	-3	11	det1=true
[17439]	74	128	-14	-14	-2	-9	det1=true
[17440]	74	128	-23	-14	-2	9	det1=true
[17441]	83	128	-7	4	-10	1	det1=true
[17442]	90	128	-26	-9	-6	-8	det1=true
[17443]	90	128	-34	-9	-6	8	det1=true
[17444]	92	128	-26	-17	-6	-8	det1=true
[17445]	92	128	-34	-17	-6	8	det1=true
[17446]	99	128	-40	-27	-6	8	det1=true
[17447]	104	128	-31	-20	-4	10	det1=true
[17448]	105	128	-42	-25	-1	-10	det1=true
[17449]	106	128	-40	-31	-6	-8	det1=true
[17450]	106	128	-48	-31	-6	8	det1=true
[17451]	107	128	-48	-15	-10	-2	det1=true
[17452]	107	128	-50	-15	-10	2	det1=true
[17453]	116	128	-48	-14	-7	-8	det1=true
[17454]	117	128	-46	-10	-6	-9	det1=true
[17455]	117	128	-55	-10	-6	9	det1=true
[17456]	119	128	-24	-11	-10	-6	det1=true
[17457]	119	128	-30	-11	-10	6	det1=true
[17458]	120	128	-46	-2	-11	-2	det1=true
[17459]	120	128	-48	-2	-11	2	det1=true
[17460]	125	128	-29	-22	-10	-6	det1=true
[17461]	125	128	-35	-22	-10	6	det1=true
[17462]	45	125	-5	1	-2	-7	det1=true
[17463]	97	125	-28	-5	-9	-5	det1=true
[17464]	97	125	-33	-5	-9	5	det1=true
[17465]	100	125	-34	-14	-3	10	det1=true
[17466]	104	125	-41	-44	-2	-9	det1=true
[17467]	112	125	-47	-28	-8	-6	det1=true
[17468]	113	125	-19	4	-9	-7	det1=true
[17469]	118	125	-38	-24	-9	-6	det1=true
[17470]	118	125	-44	-24	-9	6	det1=true
[17471]	56	126	-13	-4	-8	-1	det1=true
[17472]	56	126	-14	-4	-8	1	det1=true
[17473]	60	126	-29	-8	-4	7	det1=true
[17474]	64	126	-30	-14	-8	-1	det1=true
[17475]	73	126	-26	-24	-3	-8	det1=true
[17476]	73	126	-34	-24	-3	8	det1=true
[17477]	83	126	-28	-8	-5	-8	det1=true
[17478]	83	126	-36	-8	-5	8	det1=true
[17479]	106	126	-45	-20	-8	-6	det1=true
[17480]	106	126	-51	-20	-8	6	det1=true
[17481]	107	126	-37	2	-8	-7	det1=true
[17482]	107	126	-44	2	-8	7	det1=true
[17483]	109	126	-44	-12	-8	7	det1=true
[17484]	111	126	-38	-28	-7	8	det1=true
[17485]	115	126	-32	-12	-11	-2	det1=true
[17486]	115	126	-34	-12	-11	2	det1=true
[17487]	122	126	-58	-32	-10	-1	det1=true
[17488]	122	126	-59	-32	-10	1	det1=true
[17489]	124	126	-33	-4	-10	-6	det1=true
[17490]	124	126	-39	-4	-10	6	det1=true
[17491]	55	127	-9	-2	-1	-8	det1=true
[17492]	55	127	-17	-2	-1	8	det1=true
[17493]	73	127	-15	-6	-9	-2	det1=true
[17494]	73	127	-17	-6	-9	2	det1=true
[17495]	79	127	-23	-13	-8	5	det1=true
[17496]	87	127	-45	-16	-7	6	det1=true
[17497]	89	127	-8	-4	-5	-9	det1=true
[17498]	89	127	-17	-4	-5	9	det1=true
[17499]	91	127	-35	-37	-1	-9	det1=true
[17500]	91	127	-44	-37	-1	9	det1=true
[17501]	91	127	-16	-6	-9	-5	det1=true
[17502]	91	127	-21	-6	-9	5	det1=true
[17503]	95	127	-28	-1	-9	-5	det1=true
[17504]	95	127	-33	-1	-9	5	det1=true
[17505]	100	127	-31	-10	-10	-3	det1=true
[17506]	100	127	-34	-10	-10	3	det1=true
[17507]	105	127	-44	-39	-8	-5	det1=true
[17508]	105	127	-49	-39	-8	5	det1=true
[17509]	109	127	-27	-12	-11	-1	det1=true
[17510]	109	127	-28	-12	-11	1	det1=true
[17511]	113	127	-34	-14	-11	-1	det1=true
[17512]	113	127	-35	-14	-11	1	det1=true
[17513]	115	127	-26	-4	-7	-9	det1=true
[17514]	115	127	-35	-4	-7	9	det1=true
[17515]	126	127	-13	-6	-10	-7	det1=true
[17516]	127	127	-24	-5	-10	7	det1=true
[17517]	127	127	-14	-14	-2	-12	det1=true
[17518]	127	127	-26	-14	-2	12	det1=true
[17519]	70	128	-31	-12	-8	-3	det1=true
[17520]	70	128	-34	-12	-8	3	det1=true
[17521]	74	128	-15	-12	-6	-7	det1=true
[17522]	74	128	-22	-12	-6	7	det1=true
[17523]	76	128	-22	-10	-2	-9	det1=true
[17524]	76	128	-31	-10	-2	9	det1=true
[17525]	92	128	-38	-31	-7	-6	det1=true
[17526]	100	128	-34	-32	-4	-9	det1=true
[17527]	100	128	-43	-32	-4	9	det1=true
[17528]	101	128	-46	-17	-9	-4	det1=true
[17529]	101	128	-50	-17	-9	4	det1=true
[17530]	104	128	-21	-20	-4	-10	det1=true
[17531]	120	128	-44	-10	-11	-2	det1=true
[17532]	120	128	-46	-10	-11	2	det1=true
[17533]	122	128	-34	-30	-2	-11	det1=true
[17534]	122	128	-45	-30	-2	11	det1=true
[17535]	122	128	-32	-7	-10	-6	det1=true
[17536]	128	128	-44	-41	-10	-4	det1=true
[17537]	128	128	-48	-41	-10	4	det1=true
[17538]	50	125	-24	-5	-7	-2	det1=true
[17539]	50	125	-26	-5	-7	2	det1=true
[17540]	73	125	-9	-5	-6	-7	det1=true
[17541]	73	125	-16	-5	-6	7	det1=true
[17542]	75	125	-11	1	-5	8	det1=true
[17543]	100	125	-24	-14	-3	-10	det1=true
[17544]	103	125	-44	-17	-4	-9	det1=true
[17545]	103	125	-53	-17	-4	9	det1=true
[17546]	107	125	-21	-6	-11	-1	det1=true
[17547]	107	125	-22	-6	-11	1	det1=true
[17548]	108	125	-48	-10	-1	-10	det1=true
[17549]	108	125	-58	-10	-1	10	det1=true
[17550]	117	125	-44	-1	-6	-9	det1=true
[17551]	117	125	-53	-1	-6	9	det1=true
[17552]	120	125	-48	-35	-2	-10	det1=true
[17553]	120	125	-58	-35	-2	10	det1=true
[17554]	125	125	-13	-4	-11	-5	det1=true
[17555]	125	125	-18	-4	-11	5	det1=true
[17556]	104	126	-46	-14	-10	-1	det1=true
[17557]	43	127	-15	0	-7	1	det1=true
[17558]	48	127	-16	-15	-6	-4	det1=true
[17559]	48	127	-20	-15	-6	4	det1=true
[17560]	55	127	-19	-8	-5	-6	det1=true
[17561]	55	127	-25	-8	-5	6	det1=true
[17562]	70	127	-32	-28	-8	-1	det1=true
[17563]	70	127	-33	-28	-8	1	det1=true
[17564]	78	127	-20	0	-5	-8	det1=true
[17565]	78	127	-28	0	-5	8	det1=true
[17566]	86	127	-28	-30	-2	-9	det1=true
[17567]	86	127	-37	-30	-2	9	det1=true
[17568]	87	127	-39	-16	-7	-6	det1=true
[17569]	96	127	-14	-2	-7	-8	det1=true
[17570]	96	127	-22	-2	-7	8	det1=true
[17571]	103	127	-36	-11	-10	-3	det1=true
[17572]	103	127	-39	-11	-10	3	det1=true
[17573]	105	127	-41	-17	-2	-10	det1=true
[17574]	105	127	-51	-17	-2	10	det1=true
[17575]	111	127	-39	-1	-4	-10	det1=true
[17576]	111	127	-49	-1	-4	10	det1=true
[17577]	126	127	-28	6	-12	-1	det1=true
[17578]	59	128	-24	-18	-1	8	det1=true
[17579]	90	128	-27	-8	-8	-6	det1=true
[17580]	90	128	-33	-8	-8	6	det1=true
[17581]	99	128	-27	-16	-10	-3	det1=true
[17582]	99	128	-30	-16	-10	3	det1=true
[17583]	102	128	-43	-10	-10	-2	det1=true
[17584]	102	128	-45	-10	-10	2	det1=true
[17585]	65	125	-13	-8	-7	-5	det1=true
[17586]	103	125	-31	-15	-10	-3	det1=true
[17587]	103	125	-34	-15	-10	3	det1=true
[17588]	117	125	-54	-26	-8	-6	det1=true
[17589]	117	125	-60	-26	-8	6	det1=true
[17590]	125	125	-39	-25	-11	-2	det1=true
[17591]	125	125	-41	-25	-11	2	det1=true
[17592]	61	126	-20	-16	-4	-7	det1=true
[17593]	61	126	-27	-16	-4	7	det1=true
[17594]	109	126	-37	-12	-8	-7	det1=true
[17595]	111	126	-30	-28	-7	-8	det1=true
[17596]	57	127	-21	-14	-5	-6	det1=true
[17597]	58	127	-18	-9	-7	-4	det1=true
[17598]	58	127	-22	-9	-7	4	det1=true
[17599]	83	127	-15	-5	-9	-4	det1=true
[17600]	83	127	-19	-5	-9	4	det1=true
[17601]	84	127	-18	2	-4	-9	det1=true
[17602]	84	127	-27	2	-4	9	det1=true
[17603]	101	127	-33	-17	-9	-5	det1=true
[17604]	101	127	-38	-17	-9	5	det1=true
[17605]	107	127	-23	-21	-6	-9	det1=true
[17606]	44	128	-6	-2	-7	-2	det1=true
[17607]	44	128	-8	-2	-7	2	det1=true
[17608]	116	128	-56	-14	-7	8	det1=true
[17609]	62	125	-24	-12	-1	-8	det1=true
[17610]	62	125	-32	-12	-1	8	det1=true
[17611]	86	125	-30	-24	-7	-6	det1=true
[17612]	101	125	-33	-24	-1	-10	det1=true
[17613]	101	125	-43	-24	-1	10	det1=true
[17614]	122	125	-48	-15	-4	-10	det1=true
[17615]	122	125	-58	-15	-4	10	det1=true
[17616]	36	126	-13	2	-4	-5	det1=true
[17617]	36	126	-18	2	-4	5	det1=true
[17618]	67	126	-32	-20	-8	-1	det1=true
[17619]	67	126	-33	-20	-8	1	det1=true
[17620]	94	126	1	4	-8	-7	det1=true
[17621]	94	126	-6	4	-8	7	det1=true
[17622]	58	127	-16	-12	-1	-8	det1=true
[17623]	58	127	-24	-12	-1	8	det1=true
[17624]	77	127	-25	-6	-7	-6	det1=true
[17625]	77	127	-31	-6	-7	6	det1=true
[17626]	89	127	-10	-2	-9	-5	det1=true
[17627]	107	127	-32	-21	-6	9	det1=true
[17628]	110	127	-47	-32	-4	-9	det1=true
[17629]	110	127	-56	-32	-4	9	det1=true
[17630]	51	128	-6	-5	-5	-6	det1=true
[17631]	51	128	-12	-5	-5	6	det1=true
[17632]	72	128	-30	-20	-8	-3	det1=true
[17633]	72	128	-33	-20	-8	3	det1=true
[17634]	86	128	-17	-6	-10	-1	det1=true
[17635]	86	128	-18	-6	-10	1	det1=true
[17636]	90	128	-26	-12	-10	1	det1=true
[17637]	96	128	-14	-8	-8	-7	det1=true
[17638]	96	128	-21	-8	-8	7	det1=true
[17639]	114	128	-38	-20	-6	-9	det1=true
[17640]	114	128	-47	-20	-6	9	det1=true
[17641]	86	125	-36	-24	-7	6	det1=true
[17642]	97	125	-25	3	-10	-3	det1=true
[17643]	101	125	-35	-23	-10	-1	det1=true
[17644]	101	125	-36	-23	-10	1	det1=true
[17645]	125	125	-21	-7	-5	11	det1=true
[17646]	88	126	-22	4	-10	-1	det1=true
[17647]	88	126	-23	4	-10	1	det1=true
[17648]	109	126	-22	-5	-11	-2	det1=true
[17649]	85	127	-34	-19	-6	-7	det1=true
[17650]	85	127	-41	-19	-6	7	det1=true
[17651]	110	127	-52	-43	-9	-2	det1=true
[17652]	110	127	-54	-43	-9	2	det1=true
[17653]	73	128	-2	4	-8	-5	det1=true
[17654]	73	128	-7	4	-8	5	det1=true
[17655]	90	128	-25	-12	-10	-1	det1=true
[17656]	101	128	-24	-14	-7	-8	det1=true
[17657]	101	128	-32	-14	-7	8	det1=true
[17658]	92	125	-29	-2	-10	-1	det1=true
[17659]	92	125	-30	-2	-10	1	det1=true
[17660]	97	125	-28	3	-10	3	det1=true
[17661]	121	126	-29	-30	-2	-11	det1=true
[17662]	121	126	-40	-30	-2	11	det1=true
[17663]	36	127	-14	-2	-5	-4	det1=true
[17664]	36	127	-18	-2	-5	4	det1=true
[17665]	107	127	-51	-40	-9	-2	det1=true
[17666]	85	128	-16	1	-6	-8	det1=true
[17667]	85	128	-24	1	-6	8	det1=true
[17668]	114	128	-50	-46	-5	-8	det1=true
[17669]	114	128	-58	-46	-5	8	det1=true
[17670]	115	125	-50	-49	-2	-9	det1=true
[17671]	115	125	-59	-49	-2	9	det1=true
[17672]	125	125	-10	-7	-5	-11	det1=true
[17673]	84	126	-33	4	-8	-5	det1=true
[17674]	84	126	-38	4	-8	5	det1=true
[17675]	31	127	-7	1	-6	-1	det1=true
[17676]	31	127	-8	1	-6	1	det1=true
[17677]	57	125	-14	-1	-4	-7	det1=true
[17678]	57	125	-21	-1	-4	7	det1=true
[17679]	84	125	-32	-18	-9	-2	det1=true
[17680]	84	125	-34	-18	-9	2	det1=true
[17681]	114	125	-36	-25	-7	-8	det1=true
[17682]	114	125	-44	-25	-7	8	det1=true
[17683]	102	126	-30	-16	-10	-3	det1=true
[17684]	102	126	-33	-16	-10	3	det1=true
[17685]	99	128	-13	-12	-4	-10	det1=true
[17686]	105	128	-32	-14	-7	-8	det1=true
[17687]	105	128	-40	-14	-7	8	det1=true
[17688]	96	125	-32	1	-10	-2	det1=true
[17689]	96	125	-34	1	-10	2	det1=true
[17690]	63	128	-27	-16	-4	-7	det1=true
[17691]	63	128	-34	-16	-4	7	det1=true
[17692]	84	128	-34	-18	-6	-7	det1=true
[17693]	84	128	-41	-18	-6	7	det1=true
[17694]	110	125	-36	-24	-3	-10	det1=true
[17695]	110	125	-46	-24	-3	10	det1=true
[17696]	57	126	-17	-6	-8	1	det1=true
[17697]	92	126	-30	-4	-10	-1	det1=true
[17698]	92	126	-31	-4	-10	1	det1=true
[17699]	84	128	-33	-20	-2	-9	det1=true
[17700]	84	128	-42	-20	-2	9	det1=true
[17701]	92	128	-10	-10	-3	-10	det1=true
[17702]	92	128	-20	-10	-3	10	det1=true
[17703]	94	125	-16	0	-10	-3	det1=true
[17704]	94	125	-19	0	-10	3	det1=true
[17705]	118	128	-54	-38	-9	-4	det1=true
[17706]	118	128	-58	-38	-9	4	det1=true
[17707]	98	125	-16	0	-7	-8	det1=true
[17708]	98	125	-24	0	-7	8	det1=true
[17709]	92	127	-14	0	-10	-3	det1=true
[17710]	92	127	-17	0	-10	3	det1=true
[17711]	128	128	-29	-12	-12	-1	det1=true
[17712]	91	125	-36	-16	-3	-9	det1=true
[17713]	116	127	-45	-2	-6	-9	det1=true
[17714]	116	127	-54	-2	-6	9	det1=true
[17715]	110	125	-45	-8	-10	-3	det1=true
[17716]	110	125	-48	-8	-10	3	det1=true
[17717]	100	126	-32	-25	-1	-10	det1=true
[17718]	100	126	-42	-25	-1	10	det1=true
[17719]	117	127	-43	-25	-7	-8	det1=true
[17720]	117	127	-51	-25	-7	8	det1=true
[17721]	66	126	-30	-20	-8	-1	det1=true
[17722]	66	126	-31	-20	-8	1	det1=true
[17723]	115	127	-39	-27	-8	-7	det1=true
[17724]	115	127	-46	-27	-8	7	det1=true
[17725]	98	128	-23	2	-8	-7	det1=true
[17726]	98	128	-30	2	-8	7	det1=true
[17727]	98	128	-16	-14	-7	-8	det1=true
[17728]	98	128	-24	-14	-7	8	det1=true
[17729]	98	128	-22	-2	-7	-8	det1=true
[17730]	126	126	-48	-14	-11	-2	det1=true
[17731]	126	126	-50	-14	-11	2	det1=true
[17732]	98	128	-30	-2	-7	8	det1=true
[17733]	126	126	-38	-30	-11	-2	det1=true
[17734]	124	130	-30	6	-12	-1	det1=true
[17735]	71	129	-11	-6	-9	-2	det1=true
[17736]	71	129	-13	-6	-9	2	det1=true
[17737]	113	129	-38	-22	-4	-10	det1=true
[17738]	113	129	-48	-22	-4	10	det1=true
[17739]	94	130	-29	-12	-2	-10	det1=true
[17740]	94	130	-39	-12	-2	10	det1=true
[17741]	131	131	-60	-26	-4	-10	det1=true
[17742]	131	131	-70	-26	-4	10	det1=true
[17743]	131	131	-30	-18	-2	-12	det1=true
[17744]	131	131	-42	-18	-2	12	det1=true
[17745]	131	131	-18	6	-12	-4	det1=true
[17746]	131	131	-22	6	-12	4	det1=true
[17747]	51	132	-22	-22	-2	-7	det1=true
[17748]	51	132	-29	-22	-2	7	det1=true
[17749]	73	132	-12	-5	-5	-8	det1=true
[17750]	73	132	-20	-5	-5	8	det1=true
[17751]	91	129	-44	-11	-9	-3	det1=true
[17752]	91	129	-47	-11	-9	3	det1=true
[17753]	122	129	-9	-2	-2	-12	det1=true
[17754]	127	129	-29	-27	-4	-11	det1=true
[17755]	61	130	-12	-6	-8	-3	det1=true
[17756]	61	130	-15	-6	-8	3	det1=true
[17757]	71	130	-12	-8	-9	-2	det1=true
[17758]	71	130	-14	-8	-9	2	det1=true
[17759]	91	130	-24	-21	-8	-6	det1=true
[17760]	91	130	-30	-21	-8	6	det1=true
[17761]	93	130	-10	-4	-7	-8	det1=true
[17762]	93	130	-18	-4	-7	8	det1=true
[17763]	102	130	-26	-13	-10	-4	det1=true
[17764]	102	130	-30	-13	-10	4	det1=true
[17765]	112	130	-51	-22	-2	-10	det1=true
[17766]	112	130	-61	-22	-2	10	det1=true
[17767]	124	130	-28	-25	-6	-10	det1=true
[17768]	124	130	-38	-25	-6	10	det1=true
[17769]	45	131	-15	1	-2	-7	det1=true
[17770]	45	131	-22	1	-2	7	det1=true
[17771]	79	131	-28	-26	-1	-9	det1=true
[17772]	79	131	-37	-26	-1	9	det1=true
[17773]	94	131	-7	-4	-10	-4	det1=true
[17774]	94	131	-11	-4	-10	4	det1=true
[17775]	113	131	-39	-16	-11	-1	det1=true
[17776]	113	131	-40	-16	-11	1	det1=true
[17777]	129	131	-31	-14	-5	-11	det1=true
[17778]	129	131	-42	-14	-5	11	det1=true
[17779]	131	131	-63	-23	-10	-4	det1=true
[17780]	131	131	-67	-23	-10	4	det1=true
[17781]	107	132	-51	-22	-10	2	det1=true
[17782]	24	129	-5	0	-2	-5	det1=true
[17783]	24	129	-10	0	-2	5	det1=true
[17784]	44	129	-10	-3	-7	2	det1=true
[17785]	69	129	-28	-10	-5	-7	det1=true
[17786]	69	129	-35	-10	-5	7	det1=true
[17787]	76	129	-14	-10	-5	-8	det1=true
[17788]	83	129	-33	-19	-7	-6	det1=true
[17789]	83	129	-39	-19	-7	6	det1=true
[17790]	84	129	-14	-3	-6	-8	det1=true
[17791]	86	129	-26	-27	-5	-8	det1=true
[17792]	86	129	-34	-27	-5	8	det1=true
[17793]	96	129	-44	-25	-5	-8	det1=true
[17794]	96	129	-52	-25	-5	8	det1=true
[17795]	113	129	-41	-19	-10	-4	det1=true
[17796]	113	129	-45	-19	-10	4	det1=true
[17797]	120	129	-56	-3	-7	-8	det1=true
[17798]	120	129	-64	-3	-7	8	det1=true
[17799]	120	129	-46	-27	-10	-4	det1=true
[17800]	120	129	-50	-27	-10	4	det1=true
[17801]	121	129	-54	-43	-4	-9	det1=true
[17802]	121	129	-63	-43	-4	9	det1=true
[17803]	122	129	-29	-12	-4	-11	det1=true
[17804]	122	129	-40	-12	-4	11	det1=true
[17805]	125	129	-52	-23	-6	-9	det1=true
[17806]	125	129	-61	-23	-6	9	det1=true
[17807]	125	129	-44	-6	-3	-11	det1=true
[17808]	125	129	-55	-6	-3	11	det1=true
[17809]	53	130	-14	-12	-5	-6	det1=true
[17810]	53	130	-20	-12	-5	6	det1=true
[17811]	95	130	-44	-4	-9	-4	det1=true
[17812]	95	130	-48	-4	-9	4	det1=true
[17813]	103	130	-42	-24	-1	-10	det1=true
[17814]	106	130	-47	2	-10	-3	det1=true
[17815]	106	130	-50	2	-10	3	det1=true
[17816]	109	130	-41	-8	-10	-4	det1=true
[17817]	109	130	-45	-8	-10	4	det1=true
[17818]	115	130	-13	-14	-4	-11	det1=true
[17819]	115	130	-24	-14	-4	11	det1=true
[17820]	117	130	-46	-33	-3	-10	det1=true
[17821]	117	130	-56	-33	-3	10	det1=true
[17822]	124	130	-30	-23	-10	-6	det1=true
[17823]	124	130	-36	-23	-10	6	det1=true
[17824]	124	130	-26	-1	-9	-8	det1=true
[17825]	124	130	-34	-1	-9	8	det1=true
[17826]	128	130	-34	-26	-11	-4	det1=true
[17827]	128	130	-38	-26	-11	4	det1=true
[17828]	129	130	-34	-28	-11	-4	det1=true
[17829]	129	130	-38	-28	-11	4	det1=true
[17830]	130	130	-54	-44	-10	-3	det1=true
[17831]	130	130	-57	-44	-10	3	det1=true
[17832]	130	130	-43	-12	-4	-11	det1=true
[17833]	130	130	-54	-12	-4	11	det1=true
[17834]	43	131	-10	-2	-4	-6	det1=true
[17835]	51	131	-23	-20	-7	-2	det1=true
[17836]	51	131	-25	-20	-7	2	det1=true
[17837]	52	131	-18	2	-6	-5	det1=true
[17838]	52	131	-23	2	-6	5	det1=true
[17839]	53	131	-21	3	-6	-5	det1=true
[17840]	53	131	-26	3	-6	5	det1=true
[17841]	59	131	-18	-10	-2	-8	det1=true
[17842]	59	131	-26	-10	-2	8	det1=true
[17843]	65	131	-24	0	-5	-7	det1=true
[17844]	65	131	-31	0	-5	7	det1=true
[17845]	75	131	-29	0	-9	-2	det1=true
[17846]	75	131	-31	0	-9	2	det1=true
[17847]	76	131	-26	-10	-2	-9	det1=true
[17848]	76	131	-35	-10	-2	9	det1=true
[17849]	87	131	-9	-8	-5	-9	det1=true
[17850]	87	131	-18	-8	-5	9	det1=true
[17851]	98	131	-35	-26	-6	-8	det1=true
[17852]	98	131	-43	-26	-6	8	det1=true
[17853]	101	131	-15	-5	-1	-11	det1=true
[17854]	102	131	-35	-6	-10	4	det1=true
[17855]	105	131	-43	-29	-1	-10	det1=true
[17856]	105	131	-53	-29	-1	10	det1=true
[17857]	109	131	-26	-22	-1	-11	det1=true
[17858]	109	131	-37	-22	-1	11	det1=true
[17859]	110	131	-34	-4	-11	-2	det1=true
[17860]	113	131	-45	-41	-1	-10	det1=true
[17861]	113	131	-55	-41	-1	10	det1=true
[17862]	117	131	-3	-7	-1	-12	det1=true
[17863]	117	131	-15	-7	-1	12	det1=true
[17864]	128	131	-43	-6	-4	-11	det1=true
[17865]	128	131	-54	-6	-4	11	det1=true
[17866]	36	132	-16	-9	-5	-4	det1=true
[17867]	36	132	-20	-9	-5	4	det1=true
[17868]	74	132	-17	-4	-8	-5	det1=true
[17869]	74	132	-22	-4	-8	5	det1=true
[17870]	84	132	-23	4	-10	1	det1=true
[17871]	88	132	-36	-31	-7	-6	det1=true
[17872]	88	132	-42	-31	-7	6	det1=true
[17873]	89	132	-22	-13	-10	-2	det1=true
[17874]	89	132	-24	-13	-10	2	det1=true
[17875]	95	132	-19	-10	-8	-7	det1=true
[17876]	95	132	-26	-10	-8	7	det1=true
[17877]	98	132	-38	-22	-1	-10	det1=true
[17878]	98	132	-48	-22	-1	10	det1=true
[17879]	103	132	-36	5	-10	-4	det1=true
[17880]	103	132	-40	5	-10	4	det1=true
[17881]	107	132	-49	-22	-10	-2	det1=true
[17882]	108	132	-32	-30	-7	-8	det1=true
[17883]	117	132	-6	-10	-1	-12	det1=true
[17884]	117	132	-18	-10	-1	12	det1=true
[17885]	126	132	-24	-10	-7	-10	det1=true
[17886]	126	132	-34	-10	-7	10	det1=true
[17887]	130	132	-34	-2	-7	-10	det1=true
[17888]	130	132	-44	-2	-7	10	det1=true
[17889]	132	132	-59	-12	-2	-11	det1=true
[17890]	132	132	-70	-12	-2	11	det1=true
[17891]	44	129	-8	-3	-7	-2	det1=true
[17892]	76	129	-17	-6	-8	-5	det1=true
[17893]	76	129	-22	-6	-8	5	det1=true
[17894]	76	129	-22	-10	-5	8	det1=true
[17895]	79	129	-20	-15	-8	-5	det1=true
[17896]	79	129	-25	-15	-8	5	det1=true
[17897]	80	129	-20	-18	-5	-8	det1=true
[17898]	80	129	-28	-18	-5	8	det1=true
[17899]	84	129	-22	-3	-6	8	det1=true
[17900]	85	129	-29	-21	-5	-8	det1=true
[17901]	85	129	-37	-21	-5	8	det1=true
[17902]	87	129	-40	-27	-9	-1	det1=true
[17903]	87	129	-41	-27	-9	1	det1=true
[17904]	91	129	-31	-32	-5	-8	det1=true
[17905]	91	129	-39	-32	-5	8	det1=true
[17906]	93	129	-37	-29	-5	-8	det1=true
[17907]	93	129	-45	-29	-5	8	det1=true
[17908]	94	129	-36	-16	-4	-9	det1=true
[17909]	94	129	-45	-16	-4	9	det1=true
[17910]	97	129	-14	2	-4	-10	det1=true
[17911]	97	129	-24	2	-4	10	det1=true
[17912]	99	129	-32	-7	-8	7	det1=true
[17913]	100	129	-40	-38	-5	-8	det1=true
[17914]	100	129	-48	-38	-5	8	det1=true
[17915]	103	129	-49	-11	-10	-1	det1=true
[17916]	103	129	-50	-11	-10	1	det1=true
[17917]	106	129	-51	-16	-10	-1	det1=true
[17918]	106	129	-52	-16	-10	1	det1=true
[17919]	109	129	-50	-40	-9	-3	det1=true
[17920]	109	129	-53	-40	-9	3	det1=true
[17921]	109	129	-30	-4	-1	-11	det1=true
[17922]	109	129	-41	-4	-1	11	det1=true
[17923]	113	129	-40	-7	-11	-1	det1=true
[17924]	113	129	-41	-7	-11	1	det1=true
[17925]	118	129	-24	2	-4	-11	det1=true
[17926]	118	129	-35	2	-4	11	det1=true
[17927]	121	129	-47	-8	-1	-11	det1=true
[17928]	121	129	-58	-8	-1	11	det1=true
[17929]	123	129	-19	-5	-11	-5	det1=true
[17930]	123	129	-24	-5	-11	5	det1=true
[17931]	126	129	-55	-38	-8	7	det1=true
[17932]	128	129	-62	-40	-10	-1	det1=true
[17933]	128	129	-63	-40	-10	1	det1=true
[17934]	80	130	-12	-2	-9	-4	det1=true
[17935]	80	130	-16	-2	-9	4	det1=true
[17936]	88	130	-26	-5	-6	-8	det1=true
[17937]	88	130	-34	-5	-6	8	det1=true
[17938]	96	130	-35	-12	-10	-2	det1=true
[17939]	97	130	-22	-20	-3	-10	det1=true
[17940]	97	130	-32	-20	-3	10	det1=true
[17941]	98	130	-44	-17	-9	-4	det1=true
[17942]	98	130	-48	-17	-9	4	det1=true
[17943]	98	130	-41	-4	-10	-2	det1=true
[17944]	98	130	-43	-4	-10	2	det1=true
[17945]	100	130	-23	-6	-4	-10	det1=true
[17946]	100	130	-33	-6	-4	10	det1=true
[17947]	103	130	-52	-24	-1	10	det1=true
[17948]	106	130	-44	-21	-2	-10	det1=true
[17949]	106	130	-32	-30	-3	-10	det1=true
[17950]	106	130	-42	-30	-3	10	det1=true
[17951]	112	130	-36	-30	-7	-8	det1=true
[17952]	112	130	-44	-30	-7	8	det1=true
[17953]	121	130	-9	0	-2	-12	det1=true
[17954]	121	130	-21	0	-2	12	det1=true
[17955]	52	131	-14	-9	-5	-6	det1=true
[17956]	52	131	-20	-9	-5	6	det1=true
[17957]	66	131	-30	-25	-7	-4	det1=true
[17958]	66	131	-34	-25	-7	4	det1=true
[17959]	79	131	-35	-31	-7	-5	det1=true
[17960]	79	131	-40	-31	-7	5	det1=true
[17961]	80	131	-28	-9	-5	-8	det1=true
[17962]	80	131	-36	-9	-5	8	det1=true
[17963]	87	131	-35	-21	-5	-8	det1=true
[17964]	87	131	-43	-21	-5	8	det1=true
[17965]	94	131	-42	-35	-9	-2	det1=true
[17966]	101	131	-26	-5	-1	11	det1=true
[17967]	102	131	-28	-4	-6	-9	det1=true
[17968]	102	131	-37	-4	-6	9	det1=true
[17969]	105	131	-34	-1	-6	-9	det1=true
[17970]	105	131	-43	-1	-6	9	det1=true
[17971]	107	131	-41	1	-10	-4	det1=true
[17972]	107	131	-45	1	-10	4	det1=true
[17973]	110	131	-36	-4	-11	2	det1=true
[17974]	119	131	-33	2	-11	-4	det1=true
[17975]	119	131	-37	2	-11	4	det1=true
[17976]	119	131	-6	0	-12	-2	det1=true
[17977]	119	131	-8	0	-12	2	det1=true
[17978]	120	131	-44	-19	-11	-2	det1=true
[17979]	131	131	-34	-15	-5	-11	det1=true
[17980]	131	131	-45	-15	-5	11	det1=true
[17981]	81	132	-32	-6	-5	-8	det1=true
[17982]	81	132	-40	-6	-5	8	det1=true
[17983]	83	132	-21	-10	-4	-9	det1=true
[17984]	85	132	-38	-12	-8	-5	det1=true
[17985]	85	132	-43	-12	-8	5	det1=true
[17986]	85	132	-16	-1	-10	-2	det1=true
[17987]	85	132	-18	-1	-10	2	det1=true
[17988]	86	132	-26	-3	-2	10	det1=true
[17989]	87	132	-6	2	-10	-3	det1=true
[17990]	87	132	-9	2	-10	3	det1=true
[17991]	90	132	-32	-33	-5	-8	det1=true
[17992]	96	132	-38	-11	-10	-2	det1=true
[17993]	96	132	-40	-11	-10	2	det1=true
[17994]	99	132	-28	1	-10	-4	det1=true
[17995]	99	132	-32	1	-10	4	det1=true
[17996]	108	132	-49	-30	-10	-1	det1=true
[17997]	108	132	-50	-30	-10	1	det1=true
[17998]	110	132	-36	-2	-11	-2	det1=true
[17999]	110	132	-38	-2	-11	2	det1=true
[18000]	114	132	-26	-30	-2	-11	det1=true
[18001]	114	132	-37	-30	-2	11	det1=true
[18002]	114	132	-18	-10	-4	-11	det1=true
[18003]	114	132	-29	-10	-4	11	det1=true
[18004]	115	132	-54	-2	-8	-7	det1=true
[18005]	115	132	-61	-2	-8	7	det1=true
[18006]	118	132	-54	-40	-10	-1	det1=true
[18007]	125	132	-46	-43	-7	-8	det1=true
[18008]	125	132	-54	-43	-7	8	det1=true
[18009]	126	132	-37	0	-12	-1	det1=true
[18010]	126	132	-38	0	-12	1	det1=true
[18011]	127	132	-57	-44	-2	-10	det1=true
[18012]	127	132	-67	-44	-2	10	det1=true
[18013]	127	132	-61	-44	-10	-1	det1=true
[18014]	127	132	-62	-44	-10	1	det1=true
[18015]	131	132	-36	2	-7	-10	det1=true
[18016]	131	132	-46	2	-7	10	det1=true
[18017]	75	129	-14	2	-9	-3	det1=true
[18018]	75	129	-17	2	-9	3	det1=true
[18019]	88	129	-25	-6	-10	-1	det1=true
[18020]	88	129	-26	-6	-10	1	det1=true
[18021]	88	129	-16	-3	-2	-10	det1=true
[18022]	88	129	-26	-3	-2	10	det1=true
[18023]	90	129	-12	2	-10	-3	det1=true
[18024]	90	129	-15	2	-10	3	det1=true
[18025]	96	129	-38	-9	-6	-8	det1=true
[18026]	96	129	-46	-9	-6	8	det1=true
[18027]	96	129	-28	-19	-2	-10	det1=true
[18028]	96	129	-38	-19	-2	10	det1=true
[18029]	96	129	-12	-1	-10	-4	det1=true
[18030]	96	129	-16	-1	-10	4	det1=true
[18031]	99	129	-25	-7	-8	-7	det1=true
[18032]	102	129	-28	-24	-3	-10	det1=true
[18033]	102	129	-38	-24	-3	10	det1=true
[18034]	103	129	-28	0	-1	11	det1=true
[18035]	105	129	-37	-7	-9	6	det1=true
[18036]	107	129	-34	-5	-6	-9	det1=true
[18037]	108	129	-34	-13	-9	-6	det1=true
[18038]	108	129	-40	-13	-9	6	det1=true
[18039]	109	129	-47	-18	-9	-5	det1=true
[18040]	109	129	-52	-18	-9	5	det1=true
[18041]	111	129	-38	-13	-6	-9	det1=true
[18042]	114	129	-52	-32	-10	-1	det1=true
[18043]	114	129	-53	-32	-10	1	det1=true
[18044]	114	129	-9	-10	-4	-11	det1=true
[18045]	114	129	-20	-10	-4	11	det1=true
[18046]	116	129	-50	-11	-7	-8	det1=true
[18047]	116	129	-58	-11	-7	8	det1=true
[18048]	116	129	-53	-34	-10	-1	det1=true
[18049]	116	129	-54	-34	-10	1	det1=true
[18050]	116	129	-42	1	-11	-2	det1=true
[18051]	116	129	-44	1	-11	2	det1=true
[18052]	117	129	-53	1	-7	-8	det1=true
[18053]	122	129	-14	3	-12	-2	det1=true
[18054]	122	129	-16	3	-12	2	det1=true
[18055]	124	129	-50	-32	-8	-7	det1=true
[18056]	124	129	-57	-32	-8	7	det1=true
[18057]	125	129	-43	-31	-1	-11	det1=true
[18058]	125	129	-54	-31	-1	11	det1=true
[18059]	126	129	-48	-38	-8	-7	det1=true
[18060]	126	129	-24	-10	-10	7	det1=true
[18061]	36	130	-13	-10	-4	-5	det1=true
[18062]	36	130	-18	-10	-4	5	det1=true
[18063]	54	130	-14	4	-8	-1	det1=true
[18064]	54	130	-15	4	-8	1	det1=true
[18065]	63	130	-21	-2	-8	-3	det1=true
[18066]	73	130	-22	-3	-9	-2	det1=true
[18067]	73	130	-24	-3	-9	2	det1=true
[18068]	83	130	-32	-22	-6	-7	det1=true
[18069]	83	130	-39	-22	-6	7	det1=true
[18070]	94	130	-28	-17	-10	-2	det1=true
[18071]	94	130	-30	-17	-10	2	det1=true
[18072]	96	130	-31	-16	-2	-10	det1=true
[18073]	96	130	-13	0	-4	-10	det1=true
[18074]	96	130	-23	0	-4	10	det1=true
[18075]	98	130	-26	2	-7	-8	det1=true
[18076]	98	130	-34	2	-7	8	det1=true
[18077]	107	130	-26	-24	-9	-6	det1=true
[18078]	107	130	-32	-24	-9	6	det1=true
[18079]	113	130	-44	-28	-3	-10	det1=true
[18080]	113	130	-54	-28	-3	10	det1=true
[18081]	116	130	-43	-36	-10	-3	det1=true
[18082]	116	130	-46	-36	-10	3	det1=true
[18083]	116	130	-25	-2	-10	-6	det1=true
[18084]	116	130	-31	-2	-10	6	det1=true
[18085]	118	130	-47	-20	-4	-10	det1=true
[18086]	118	130	-57	-20	-4	10	det1=true
[18087]	122	130	-35	-8	-10	-6	det1=true
[18088]	122	130	-41	-8	-10	6	det1=true
[18089]	130	130	-30	-9	-2	-12	det1=true
[18090]	21	131	-2	-2	-1	-5	det1=true
[18091]	21	131	-7	-2	-1	5	det1=true
[18092]	35	131	-13	-5	-4	-5	det1=true
[18093]	61	131	-11	-4	-7	-5	det1=true
[18094]	61	131	-16	-4	-7	5	det1=true
[18095]	76	131	-27	-8	-6	-7	det1=true
[18096]	76	131	-34	-8	-6	7	det1=true
[18097]	86	131	-34	-28	-7	-6	det1=true
[18098]	86	131	-40	-28	-7	6	det1=true
[18099]	88	131	-22	-16	-10	-1	det1=true
[18100]	88	131	-23	-16	-10	1	det1=true
[18101]	92	131	-33	4	-10	-2	det1=true
[18102]	92	131	-35	4	-10	2	det1=true
[18103]	94	131	-44	-35	-9	2	det1=true
[18104]	97	131	-35	-4	-5	-9	det1=true
[18105]	98	131	-36	-25	-8	-6	det1=true
[18106]	98	131	-42	-25	-8	6	det1=true
[18107]	101	131	-43	-3	-9	-5	det1=true
[18108]	101	131	-48	-3	-9	5	det1=true
[18109]	101	131	-15	-9	-11	-1	det1=true
[18110]	101	131	-16	-9	-11	1	det1=true
[18111]	105	131	-26	-11	-11	-1	det1=true
[18112]	105	131	-27	-11	-11	1	det1=true
[18113]	116	131	-20	-15	-6	-10	det1=true
[18114]	118	131	-12	1	-9	-8	det1=true
[18115]	118	131	-20	1	-9	8	det1=true
[18116]	118	131	-8	-8	-1	-12	det1=true
[18117]	118	131	-20	-8	-1	12	det1=true
[18118]	119	131	-13	-6	-9	-8	det1=true
[18119]	119	131	-21	-6	-9	8	det1=true
[18120]	120	131	-46	-19	-11	2	det1=true
[18121]	123	131	-23	0	-5	-11	det1=true
[18122]	123	131	-34	0	-5	11	det1=true
[18123]	127	131	-52	-7	-11	-3	det1=true
[18124]	127	131	-55	-7	-11	3	det1=true
[18125]	128	131	-30	-32	-4	-11	det1=true
[18126]	131	131	-70	-20	-5	-9	det1=true
[18127]	48	132	-20	-15	-7	-2	det1=true
[18128]	48	132	-22	-15	-7	2	det1=true
[18129]	53	132	-13	2	-8	-1	det1=true
[18130]	53	132	-14	2	-8	1	det1=true
[18131]	58	132	-25	-10	-8	-1	det1=true
[18132]	60	132	-15	4	-8	-3	det1=true
[18133]	60	132	-18	4	-8	3	det1=true
[18134]	70	132	-14	-6	-9	-2	det1=true
[18135]	70	132	-16	-6	-9	2	det1=true
[18136]	71	132	-2	-1	-5	-8	det1=true
[18137]	71	132	-10	-1	-5	8	det1=true
[18138]	84	132	-22	4	-10	-1	det1=true
[18139]	86	132	-16	-3	-2	-10	det1=true
[18140]	90	132	-26	-11	-10	-2	det1=true
[18141]	90	132	-28	-11	-10	2	det1=true
[18142]	92	132	-33	-22	-4	-9	det1=true
[18143]	94	132	-19	-4	-8	-7	det1=true
[18144]	94	132	-11	2	-4	-10	det1=true
[18145]	94	132	-21	2	-4	10	det1=true
[18146]	95	132	-13	-6	-4	-10	det1=true
[18147]	95	132	-23	-6	-4	10	det1=true
[18148]	99	132	-42	-13	-10	-2	det1=true
[18149]	99	132	-44	-13	-10	2	det1=true
[18150]	103	132	-14	-10	-2	-11	det1=true
[18151]	103	132	-25	-10	-2	11	det1=true
[18152]	104	132	-43	-22	-2	-10	det1=true
[18153]	104	132	-53	-22	-2	10	det1=true
[18154]	108	132	-40	-30	-7	8	det1=true
[18155]	109	132	-44	-37	-1	-10	det1=true
[18156]	109	132	-54	-37	-1	10	det1=true
[18157]	114	132	-35	-34	-4	-10	det1=true
[18158]	114	132	-45	-34	-4	10	det1=true
[18159]	117	132	-64	1	-7	8	det1=true
[18160]	119	132	-54	-19	-7	-8	det1=true
[18161]	119	132	-62	-19	-7	8	det1=true
[18162]	123	132	-28	-27	-6	-10	det1=true
[18163]	123	132	-38	-27	-6	10	det1=true
[18164]	126	132	-45	-4	-10	-6	det1=true
[18165]	126	132	-51	-4	-10	6	det1=true
[18166]	128	132	-57	-28	-4	-10	det1=true
[18167]	129	132	-43	-16	-4	-11	det1=true
[18168]	129	132	-54	-16	-4	11	det1=true
[18169]	23	129	-11	-8	-5	-1	det1=true
[18170]	23	129	-12	-8	-5	1	det1=true
[18171]	23	129	-9	-10	-1	-5	det1=true
[18172]	23	129	-14	-10	-1	5	det1=true
[18173]	53	129	-22	-9	-3	-7	det1=true
[18174]	53	129	-29	-9	-3	7	det1=true
[18175]	54	129	-8	-3	-1	-8	det1=true
[18176]	54	129	-16	-3	-1	8	det1=true
[18177]	54	129	-6	-7	-1	-8	det1=true
[18178]	54	129	-14	-7	-1	8	det1=true
[18179]	55	129	-17	-15	-6	-5	det1=true
[18180]	55	129	-22	-15	-6	5	det1=true
[18181]	71	129	-9	-7	-7	-6	det1=true
[18182]	71	129	-15	-7	-7	6	det1=true
[18183]	75	129	-16	1	-8	-5	det1=true
[18184]	75	129	-21	1	-8	5	det1=true
[18185]	88	129	-22	-6	-1	-10	det1=true
[18186]	89	129	-27	-7	-10	-1	det1=true
[18187]	89	129	-28	-7	-10	1	det1=true
[18188]	93	129	-36	4	-8	-6	det1=true
[18189]	93	129	-42	4	-8	6	det1=true
[18190]	93	129	-32	-12	-6	-8	det1=true
[18191]	93	129	-40	-12	-6	8	det1=true
[18192]	95	129	-44	-23	-9	-3	det1=true
[18193]	95	129	-47	-23	-9	3	det1=true
[18194]	97	129	-33	1	-5	-9	det1=true
[18195]	97	129	-42	1	-5	9	det1=true
[18196]	98	129	-44	-30	-8	-5	det1=true
[18197]	98	129	-49	-30	-8	5	det1=true
[18198]	98	129	-16	-5	-4	-10	det1=true
[18199]	98	129	-26	-5	-4	10	det1=true
[18200]	105	129	-44	-20	-10	-2	det1=true
[18201]	105	129	-46	-20	-10	2	det1=true
[18202]	105	129	-31	-7	-9	-6	det1=true
[18203]	107	129	-8	0	-3	-11	det1=true
[18204]	107	129	-19	0	-3	11	det1=true
[18205]	109	129	-35	1	-11	-1	det1=true
[18206]	113	129	-36	5	-10	-5	det1=true
[18207]	113	129	-41	5	-10	5	det1=true
[18208]	114	129	-44	-11	-9	-6	det1=true
[18209]	114	129	-50	-11	-9	6	det1=true
[18210]	115	129	-55	-27	-10	2	det1=true
[18211]	117	129	-49	-7	-9	-6	det1=true
[18212]	117	129	-55	-7	-9	6	det1=true
[18213]	117	129	-47	-2	-11	-1	det1=true
[18214]	117	129	-48	-2	-11	1	det1=true
[18215]	120	129	-43	-30	-4	-10	det1=true
[18216]	120	129	-53	-30	-4	10	det1=true
[18217]	121	129	-52	-3	-11	-1	det1=true
[18218]	121	129	-53	-3	-11	1	det1=true
[18219]	122	129	-34	-4	-11	-4	det1=true
[18220]	122	129	-38	-4	-11	4	det1=true
[18221]	123	129	-31	-15	-6	-10	det1=true
[18222]	123	129	-41	-15	-6	10	det1=true
[18223]	125	129	-48	-26	-11	-1	det1=true
[18224]	125	129	-7	1	-12	-3	det1=true
[18225]	125	129	-10	1	-12	3	det1=true
[18226]	129	129	-49	-23	-2	-11	det1=true
[18227]	129	129	-60	-23	-2	11	det1=true
[18228]	35	130	-10	-8	-5	-4	det1=true
[18229]	35	130	-14	-8	-5	4	det1=true
[18230]	63	130	-29	-20	-2	8	det1=true
[18231]	63	130	-24	-2	-8	3	det1=true
[18232]	71	130	-10	-9	-7	-6	det1=true
[18233]	79	130	-28	0	-8	-5	det1=true
[18234]	82	130	-24	-21	-5	-8	det1=true
[18235]	82	130	-32	-21	-5	8	det1=true
[18236]	88	130	-22	-15	-2	10	det1=true
[18237]	90	130	-18	2	-10	3	det1=true
[18238]	101	130	-36	-4	-3	-10	det1=true
[18239]	101	130	-46	-4	-3	10	det1=true
[18240]	103	130	-16	3	-11	-2	det1=true
[18241]	103	130	-18	3	-11	2	det1=true
[18242]	104	130	-34	-24	-10	-3	det1=true
[18243]	104	130	-37	-24	-10	3	det1=true
[18244]	107	130	-36	-7	-9	-6	det1=true
[18245]	107	130	-42	-7	-9	6	det1=true
[18246]	110	130	-47	-18	-10	-3	det1=true
[18247]	110	130	-50	-18	-10	3	det1=true
[18248]	110	130	-46	-20	-10	-3	det1=true
[18249]	112	130	-34	-10	-11	-2	det1=true
[18250]	112	130	-36	-10	-11	2	det1=true
[18251]	117	130	-4	6	-12	-1	det1=true
[18252]	117	130	-5	6	-12	1	det1=true
[18253]	118	130	-55	-22	-10	-3	det1=true
[18254]	118	130	-58	-22	-10	3	det1=true
[18255]	122	130	-33	-10	-6	-10	det1=true
[18256]	122	130	-43	-10	-6	10	det1=true
[18257]	124	130	-57	-6	-6	-9	det1=true
[18258]	124	130	-66	-6	-6	9	det1=true
[18259]	129	130	-28	-5	-7	-10	det1=true
[18260]	129	130	-38	-5	-7	10	det1=true
[18261]	130	130	-74	-52	-6	7	det1=true
[18262]	47	131	-20	-12	-6	-4	det1=true
[18263]	47	131	-24	-12	-6	4	det1=true
[18264]	76	131	-20	-5	-5	-8	det1=true
[18265]	76	131	-28	-5	-5	8	det1=true
[18266]	87	131	-11	-6	-9	-5	det1=true
[18267]	87	131	-16	-6	-9	5	det1=true
[18268]	91	131	-27	-19	-6	-8	det1=true
[18269]	91	131	-35	-19	-6	8	det1=true
[18270]	99	131	-6	-7	-1	-11	det1=true
[18271]	102	131	-31	-6	-10	-4	det1=true
[18272]	103	131	-47	-26	-9	-4	det1=true
[18273]	103	131	-51	-26	-9	4	det1=true
[18274]	103	131	-43	-9	-5	-9	det1=true
[18275]	107	131	-45	-19	-5	-9	det1=true
[18276]	107	131	-54	-19	-5	9	det1=true
[18277]	109	131	-15	-14	-3	-11	det1=true
[18278]	113	131	-61	-20	-5	9	det1=true
[18279]	116	131	-2	6	-12	-1	det1=true
[18280]	116	131	-3	6	-12	1	det1=true
[18281]	117	131	-55	-31	-10	-2	det1=true
[18282]	117	131	-57	-31	-10	2	det1=true
[18283]	119	131	-48	-21	-6	-9	det1=true
[18284]	119	131	-57	-21	-6	9	det1=true
[18285]	122	131	-57	-18	-8	-7	det1=true
[18286]	122	131	-64	-18	-8	7	det1=true
[18287]	124	131	-31	-24	-10	-6	det1=true
[18288]	124	131	-37	-24	-10	6	det1=true
[18289]	124	131	-23	-10	-12	2	det1=true
[18290]	129	131	-31	-5	-10	-7	det1=true
[18291]	129	131	-38	-5	-10	7	det1=true
[18292]	131	131	-43	-33	-3	-11	det1=true
[18293]	131	131	-54	-33	-3	11	det1=true
[18294]	55	132	-9	-2	-8	-2	det1=true
[18295]	55	132	-11	-2	-8	2	det1=true
[18296]	55	132	-6	-5	-2	-8	det1=true
[18297]	55	132	-14	-5	-2	8	det1=true
[18298]	58	132	-26	-10	-8	1	det1=true
[18299]	61	132	-27	-8	-8	-2	det1=true
[18300]	61	132	-29	-8	-8	2	det1=true
[18301]	84	132	-11	-2	-10	-2	det1=true
[18302]	84	132	-13	-2	-10	2	det1=true
[18303]	85	132	-18	-10	-1	-10	det1=true
[18304]	90	132	-40	-33	-5	8	det1=true
[18305]	93	132	-12	-10	-7	-8	det1=true
[18306]	93	132	-20	-10	-7	8	det1=true
[18307]	99	132	-42	-38	-8	-5	det1=true
[18308]	104	132	-28	-21	-10	-4	det1=true
[18309]	110	132	-50	-27	-10	-2	det1=true
[18310]	110	132	-52	-27	-10	2	det1=true
[18311]	110	132	-46	-10	-7	-8	det1=true
[18312]	112	132	-35	-6	-2	-11	det1=true
[18313]	112	132	-46	-6	-2	11	det1=true
[18314]	112	132	-34	-19	-11	2	det1=true
[18315]	114	132	-21	-10	-10	-6	det1=true
[18316]	114	132	-27	-10	-10	6	det1=true
[18317]	120	132	-57	-38	-8	-6	det1=true
[18318]	120	132	-63	-38	-8	6	det1=true
[18319]	121	132	-47	-10	-2	-11	det1=true
[18320]	121	132	-58	-10	-2	11	det1=true
[18321]	122	132	-51	-32	-8	-7	det1=true
[18322]	122	132	-58	-32	-8	7	det1=true
[18323]	123	132	-19	-6	-10	-7	det1=true
[18324]	123	132	-26	-6	-10	7	det1=true
[18325]	129	132	-68	-39	-3	10	det1=true
[18326]	130	132	-50	-43	-10	-4	det1=true
[18327]	130	132	-54	-43	-10	4	det1=true
[18328]	47	129	-20	-16	-1	-7	det1=true
[18329]	47	129	-27	-16	-1	7	det1=true
[18330]	47	129	-19	-1	-2	-7	det1=true
[18331]	47	129	-26	-1	-2	7	det1=true
[18332]	54	129	-12	4	-8	-1	det1=true
[18333]	54	129	-13	4	-8	1	det1=true
[18334]	54	129	-8	-4	-7	-4	det1=true
[18335]	54	129	-12	-4	-7	4	det1=true
[18336]	56	129	-6	1	-2	-8	det1=true
[18337]	59	129	-23	-8	-1	-8	det1=true
[18338]	59	129	-31	-8	-1	8	det1=true
[18339]	61	129	-20	-12	-2	-8	det1=true
[18340]	61	129	-28	-12	-2	8	det1=true
[18341]	67	129	-31	-25	-8	-1	det1=true
[18342]	67	129	-32	-25	-8	1	det1=true
[18343]	67	129	-32	-1	-7	5	det1=true
[18344]	69	129	-30	-17	-8	3	det1=true
[18345]	86	129	-16	-8	-1	-10	det1=true
[18346]	86	129	-26	-8	-1	10	det1=true
[18347]	88	129	-32	-6	-1	10	det1=true
[18348]	97	129	-8	-7	-6	-9	det1=true
[18349]	97	129	-17	-7	-6	9	det1=true
[18350]	105	129	-42	-20	-2	-10	det1=true
[18351]	105	129	-52	-20	-2	10	det1=true
[18352]	107	129	-43	-5	-6	9	det1=true
[18353]	111	129	-37	-17	-9	-6	det1=true
[18354]	111	129	-43	-17	-9	6	det1=true
[18355]	112	129	-40	-14	-9	-6	det1=true
[18356]	112	129	-46	-14	-9	6	det1=true
[18357]	113	129	-43	-9	-4	-10	det1=true
[18358]	113	129	-53	-9	-4	10	det1=true
[18359]	114	129	-40	-21	-4	-10	det1=true
[18360]	114	129	-50	-21	-4	10	det1=true
[18361]	115	129	-53	-27	-10	-2	det1=true
[18362]	117	129	-45	-19	-4	-10	det1=true
[18363]	117	129	-55	-19	-4	10	det1=true
[18364]	117	129	-42	-7	-1	-11	det1=true
[18365]	117	129	-43	-15	-11	-1	det1=true
[18366]	117	129	-44	-15	-11	1	det1=true
[18367]	118	129	-50	-8	-9	-6	det1=true
[18368]	118	129	-56	-8	-9	6	det1=true
[18369]	120	129	-28	-9	-6	-10	det1=true
[18370]	120	129	-38	-9	-6	10	det1=true
[18371]	121	129	-61	-43	-1	10	det1=true
[18372]	125	129	-49	-26	-11	1	det1=true
[18373]	24	130	-6	-2	-2	-5	det1=true
[18374]	24	130	-11	-2	-2	5	det1=true
[18375]	58	130	-16	-3	-2	-8	det1=true
[18376]	58	130	-24	-3	-2	8	det1=true
[18377]	63	130	-21	-20	-2	-8	det1=true
[18378]	71	130	-16	-9	-7	6	det1=true
[18379]	72	130	-2	0	-8	-5	det1=true
[18380]	72	130	-7	0	-8	5	det1=true
[18381]	73	130	-20	-4	-7	-6	det1=true
[18382]	73	130	-26	-4	-7	6	det1=true
[18383]	76	130	-26	2	-8	5	det1=true
[18384]	76	130	-18	-6	-5	-8	det1=true
[18385]	84	130	-22	-9	-9	-4	det1=true
[18386]	88	130	-2	2	-10	-3	det1=true
[18387]	88	130	-5	2	-10	3	det1=true
[18388]	90	130	-15	2	-10	-3	det1=true
[18389]	94	130	-18	-15	-3	-10	det1=true
[18390]	94	130	-28	-15	-3	10	det1=true
[18391]	97	130	-15	-8	-10	-4	det1=true
[18392]	97	130	-19	-8	-10	4	det1=true
[18393]	100	130	-42	-37	-5	-8	det1=true
[18394]	102	130	-28	-2	-9	-6	det1=true
[18395]	105	130	-44	-28	-10	-1	det1=true
[18396]	106	130	-54	-21	-2	10	det1=true
[18397]	108	130	-49	-24	-10	2	det1=true
[18398]	114	130	-50	-29	-2	-10	det1=true
[18399]	116	130	-44	-34	-3	-10	det1=true
[18400]	116	130	-54	-34	-3	10	det1=true
[18401]	118	130	-18	-2	-1	12	det1=true
[18402]	125	130	-24	-5	-12	-2	det1=true
[18403]	125	130	-26	-5	-12	2	det1=true
[18404]	128	130	-58	-36	-10	-3	det1=true
[18405]	128	130	-61	-36	-10	3	det1=true
[18406]	130	130	-42	-9	-2	12	det1=true
[18407]	49	131	-17	3	-7	-3	det1=true
[18408]	49	131	-20	3	-7	3	det1=true
[18409]	60	131	-26	-16	-8	1	det1=true
[18410]	67	131	-23	-19	-8	-3	det1=true
[18411]	68	131	3	0	-2	-9	det1=true
[18412]	68	131	-6	0	-2	9	det1=true
[18413]	71	131	-16	-1	-6	-7	det1=true
[18414]	71	131	-23	-1	-6	7	det1=true
[18415]	73	131	-31	-2	-9	1	det1=true
[18416]	73	131	-26	-6	-1	-9	det1=true
[18417]	73	131	-35	-6	-1	9	det1=true
[18418]	73	131	-19	-20	-1	-9	det1=true
[18419]	73	131	-28	-20	-1	9	det1=true
[18420]	74	131	-15	-4	-8	-5	det1=true
[18421]	74	131	-20	-4	-8	5	det1=true
[18422]	78	131	-8	0	-9	4	det1=true
[18423]	92	131	-34	-23	-6	8	det1=true
[18424]	93	131	-35	-1	-1	-10	det1=true
[18425]	95	131	-12	0	-4	-10	det1=true
[18426]	95	131	-22	0	-4	10	det1=true
[18427]	96	131	-40	5	-10	-2	det1=true
[18428]	96	131	-42	5	-10	2	det1=true
[18429]	97	131	-44	-4	-5	9	det1=true
[18430]	99	131	-44	-2	-10	-2	det1=true
[18431]	99	131	-46	-2	-10	2	det1=true
[18432]	99	131	-50	-6	-2	10	det1=true
[18433]	99	131	-8	-2	-1	-11	det1=true
[18434]	99	131	-19	-2	-1	11	det1=true
[18435]	99	131	-17	-7	-1	11	det1=true
[18436]	101	131	-10	-14	-1	-11	det1=true
[18437]	101	131	-21	-14	-1	11	det1=true
[18438]	103	131	-52	-9	-5	9	det1=true
[18439]	109	131	-47	-11	-3	-10	det1=true
[18440]	109	131	-57	-11	-3	10	det1=true
[18441]	109	131	-26	-14	-3	11	det1=true
[18442]	110	131	-48	-12	-3	-10	det1=true
[18443]	110	131	-58	-12	-3	10	det1=true
[18444]	110	131	-44	-38	-10	-1	det1=true
[18445]	110	131	-45	-38	-10	1	det1=true
[18446]	111	131	-24	-7	-7	-9	det1=true
[18447]	111	131	-33	-7	-7	9	det1=true
[18448]	113	131	-39	-40	-5	-9	det1=true
[18449]	113	131	-48	-40	-5	9	det1=true
[18450]	114	131	-47	-2	-6	-9	det1=true
[18451]	114	131	-56	-2	-6	9	det1=true
[18452]	115	131	-18	-14	-6	-10	det1=true
[18453]	115	131	-28	-14	-6	10	det1=true
[18454]	116	131	4	-1	-1	-12	det1=true
[18455]	116	131	-8	-1	-1	12	det1=true
[18456]	118	131	-52	0	-6	-9	det1=true
[18457]	118	131	-61	0	-6	9	det1=true
[18458]	121	131	-43	-26	-11	2	det1=true
[18459]	121	131	-17	-11	-1	-12	det1=true
[18460]	121	131	-29	-11	-1	12	det1=true
[18461]	125	131	-57	-41	-10	-2	det1=true
[18462]	125	131	-59	-41	-10	2	det1=true
[18463]	126	131	-32	0	-9	-8	det1=true
[18464]	126	131	-40	0	-9	8	det1=true
[18465]	126	131	-27	-14	-8	-9	det1=true
[18466]	126	131	-36	-14	-8	9	det1=true
[18467]	126	131	-23	2	-12	3	det1=true
[18468]	127	131	-48	-11	-3	-11	det1=true
[18469]	53	132	-16	-6	-1	8	det1=true
[18470]	92	132	-42	-22	-4	9	det1=true
[18471]	94	132	-34	-17	-1	-10	det1=true
[18472]	94	132	-44	-17	-1	10	det1=true
[18473]	94	132	-26	-4	-8	7	det1=true
[18474]	96	132	-34	-15	-2	-10	det1=true
[18475]	96	132	-44	-15	-2	10	det1=true
[18476]	96	132	-17	-4	-4	-10	det1=true
[18477]	99	132	-40	-21	-1	-10	det1=true
[18478]	102	132	-34	1	-10	-4	det1=true
[18479]	102	132	-38	1	-10	4	det1=true
[18480]	102	132	-31	-2	-4	-10	det1=true
[18481]	102	132	-41	-2	-4	10	det1=true
[18482]	104	132	-18	-8	-2	-11	det1=true
[18483]	104	132	-29	-8	-2	11	det1=true
[18484]	105	132	-22	-2	-2	-11	det1=true
[18485]	105	132	-33	-2	-2	11	det1=true
[18486]	111	132	-45	2	-4	-10	det1=true
[18487]	111	132	-55	2	-4	10	det1=true
[18488]	120	132	-56	-39	-6	-8	det1=true
[18489]	120	132	-64	-39	-6	8	det1=true
[18490]	120	132	-6	-7	-7	-10	det1=true
[18491]	120	132	-16	-7	-7	10	det1=true
[18492]	124	132	-62	-8	-2	11	det1=true
[18493]	124	132	-22	-2	-7	-10	det1=true
[18494]	124	132	-32	-2	-7	10	det1=true
[18495]	56	129	-16	-6	-7	-4	det1=true
[18496]	58	129	-16	-16	-1	-8	det1=true
[18497]	58	129	-24	-16	-1	8	det1=true
[18498]	59	129	-21	-13	-7	-4	det1=true
[18499]	67	129	-27	-1	-7	-5	det1=true
[18500]	77	129	-20	-2	-9	-3	det1=true
[18501]	77	129	-23	-2	-9	3	det1=true
[18502]	77	129	-17	-5	-3	-9	det1=true
[18503]	77	129	-26	-5	-3	9	det1=true
[18504]	97	129	-35	3	-9	-5	det1=true
[18505]	97	129	-40	3	-9	5	det1=true
[18506]	100	129	-36	-17	-2	-10	det1=true
[18507]	100	129	-46	-17	-2	10	det1=true
[18508]	103	129	-17	0	-1	-11	det1=true
[18509]	111	129	-38	-2	-11	-1	det1=true
[18510]	111	129	-39	-2	-11	1	det1=true
[18511]	117	129	-53	-7	-1	11	det1=true
[18512]	117	129	-39	-34	-7	-8	det1=true
[18513]	117	129	-47	-34	-7	8	det1=true
[18514]	117	129	-25	2	-11	-4	det1=true
[18515]	117	129	-29	2	-11	4	det1=true
[18516]	120	129	-49	-16	-6	-9	det1=true
[18517]	120	129	-58	-16	-6	9	det1=true
[18518]	124	129	-50	-26	-9	-6	det1=true
[18519]	124	129	-56	-26	-9	6	det1=true
[18520]	126	129	-17	-10	-10	-7	det1=true
[18521]	129	129	-83	-35	-5	-7	det1=true
[18522]	55	130	-15	-6	-8	-1	det1=true
[18523]	55	130	-16	-6	-8	1	det1=true
[18524]	76	130	-26	-6	-5	8	det1=true
[18525]	77	130	-29	-4	-6	-7	det1=true
[18526]	77	130	-36	-4	-6	7	det1=true
[18527]	77	130	-20	-8	-5	-8	det1=true
[18528]	77	130	-28	-8	-5	8	det1=true
[18529]	79	130	-33	0	-8	5	det1=true
[18530]	84	130	-26	-9	-9	4	det1=true
[18531]	85	130	-28	-24	-5	-8	det1=true
[18532]	85	130	-36	-24	-5	8	det1=true
[18533]	93	130	-28	-20	-1	-10	det1=true
[18534]	93	130	-38	-20	-1	10	det1=true
[18535]	94	130	-34	-22	-4	-9	det1=true
[18536]	94	130	-43	-22	-4	9	det1=true
[18537]	94	130	-30	-9	-2	-10	det1=true
[18538]	94	130	-40	-9	-2	10	det1=true
[18539]	95	130	-39	-2	-6	-8	det1=true
[18540]	95	130	-47	-2	-6	8	det1=true
[18541]	95	130	-6	1	-9	-6	det1=true
[18542]	95	130	-12	1	-9	6	det1=true
[18543]	100	130	-50	-37	-5	8	det1=true
[18544]	107	130	-54	-8	-3	10	det1=true
[18545]	110	130	-49	-20	-10	3	det1=true
[18546]	111	130	-34	-5	-11	-2	det1=true
[18547]	111	130	-36	-5	-11	2	det1=true
[18548]	114	130	-60	-29	-2	10	det1=true
[18549]	117	130	-44	-4	-11	-2	det1=true
[18550]	117	130	-46	-4	-11	2	det1=true
[18551]	118	130	-50	-42	-10	-1	det1=true
[18552]	118	130	-6	-2	-1	-12	det1=true
[18553]	119	130	-56	-52	-6	-7	det1=true
[18554]	121	130	-52	-24	-7	-8	det1=true
[18555]	122	130	-15	-4	-12	-2	det1=true
[18556]	122	130	-17	-4	-12	2	det1=true
[18557]	129	130	-54	-20	-11	-2	det1=true
[18558]	129	130	-56	-20	-11	2	det1=true
[18559]	45	131	-14	-5	-2	-7	det1=true
[18560]	45	131	-21	-5	-2	7	det1=true
[18561]	52	131	2	2	-4	-7	det1=true
[18562]	52	131	-5	2	-4	7	det1=true
[18563]	55	131	-8	4	-8	-2	det1=true
[18564]	55	131	-10	4	-8	2	det1=true
[18565]	60	131	-25	-16	-8	-1	det1=true
[18566]	63	131	-18	-11	-8	-3	det1=true
[18567]	63	131	-21	-11	-8	3	det1=true
[18568]	73	131	-30	-2	-9	-1	det1=true
[18569]	83	131	-31	-25	-7	-6	det1=true
[18570]	83	131	-37	-25	-7	6	det1=true
[18571]	91	131	-35	3	-8	-6	det1=true
[18572]	91	131	-41	3	-8	6	det1=true
[18573]	93	131	-25	-26	-1	-10	det1=true
[18574]	93	131	-35	-26	-1	10	det1=true
[18575]	95	131	-27	0	-3	-10	det1=true
[18576]	95	131	-37	0	-3	10	det1=true
[18577]	101	131	-41	-5	-5	-9	det1=true
[18578]	101	131	-50	-5	-5	9	det1=true
[18579]	113	131	-41	-38	-9	-5	det1=true
[18580]	113	131	-46	-38	-9	5	det1=true
[18581]	121	131	-41	-26	-11	-2	det1=true
[18582]	126	131	-20	2	-12	-3	det1=true
[18583]	128	131	-45	-44	-4	-10	det1=true
[18584]	128	131	-55	-44	-4	10	det1=true
[18585]	131	131	-55	2	-7	-9	det1=true
[18586]	131	131	-64	2	-7	9	det1=true
[18587]	33	132	-5	0	-4	-5	det1=true
[18588]	33	132	-10	0	-4	5	det1=true
[18589]	53	132	-8	-6	-1	-8	det1=true
[18590]	56	132	-24	-13	-1	8	det1=true
[18591]	62	132	-20	-21	-2	-8	det1=true
[18592]	62	132	-28	-21	-2	8	det1=true
[18593]	85	132	-32	-22	-5	-8	det1=true
[18594]	85	132	-40	-22	-5	8	det1=true
[18595]	94	132	-23	-26	-2	-10	det1=true
[18596]	94	132	-33	-26	-2	10	det1=true
[18597]	96	132	-27	-4	-4	10	det1=true
[18598]	98	132	-35	-20	-2	-10	det1=true
[18599]	98	132	-45	-20	-2	10	det1=true
[18600]	100	132	-38	-23	-10	-2	det1=true
[18601]	103	132	-38	-2	-8	-7	det1=true
[18602]	103	132	-45	-2	-8	7	det1=true
[18603]	104	132	-25	-24	-4	-10	det1=true
[18604]	110	132	-54	-10	-7	8	det1=true
[18605]	114	132	-40	-11	-11	-2	det1=true
[18606]	114	132	-42	-11	-11	2	det1=true
[18607]	124	132	-30	-26	-11	-4	det1=true
[18608]	125	132	-32	-26	-11	-4	det1=true
[18609]	125	132	-36	-26	-11	4	det1=true
[18610]	69	129	-27	-17	-8	-3	det1=true
[18611]	85	129	-46	-35	-5	7	det1=true
[18612]	85	129	-19	3	-10	-1	det1=true
[18613]	89	129	-14	-14	-2	-10	det1=true
[18614]	89	129	-24	-14	-2	10	det1=true
[18615]	95	129	-41	-26	-3	-9	det1=true
[18616]	95	129	-50	-26	-3	9	det1=true
[18617]	98	129	-24	-1	-7	-8	det1=true
[18618]	98	129	-32	-1	-7	8	det1=true
[18619]	101	129	-23	-1	-6	-9	det1=true
[18620]	101	129	-32	-1	-6	9	det1=true
[18621]	109	129	-36	1	-11	1	det1=true
[18622]	114	129	-40	-20	-9	-6	det1=true
[18623]	114	129	-46	-20	-9	6	det1=true
[18624]	115	129	-35	-9	-2	-11	det1=true
[18625]	115	129	-46	-9	-2	11	det1=true
[18626]	117	129	-48	-16	-10	-4	det1=true
[18627]	117	129	-52	-16	-10	4	det1=true
[18628]	121	129	-51	-43	-1	-10	det1=true
[18629]	124	129	-14	-4	-10	-7	det1=true
[18630]	124	129	-21	-4	-10	7	det1=true
[18631]	63	130	-28	-11	-8	-2	det1=true
[18632]	63	130	-30	-11	-8	2	det1=true
[18633]	76	130	-21	2	-8	-5	det1=true
[18634]	88	130	-38	-26	-2	-9	det1=true
[18635]	88	130	-47	-26	-2	9	det1=true
[18636]	88	130	-12	-15	-2	-10	det1=true
[18637]	92	130	-18	-2	-3	-10	det1=true
[18638]	92	130	-28	-2	-3	10	det1=true
[18639]	100	130	-43	-8	-10	-2	det1=true
[18640]	100	130	-45	-8	-10	2	det1=true
[18641]	104	130	-43	-6	-10	-3	det1=true
[18642]	104	130	-46	-6	-10	3	det1=true
[18643]	105	130	-45	-28	-10	1	det1=true
[18644]	106	130	-48	-17	-10	-2	det1=true
[18645]	106	130	-50	-17	-10	2	det1=true
[18646]	108	130	-47	-24	-10	-2	det1=true
[18647]	126	130	-47	-22	-2	-11	det1=true
[18648]	126	130	-58	-22	-2	11	det1=true
[18649]	43	131	-11	-1	-6	-4	det1=true
[18650]	59	131	-29	-3	-8	-1	det1=true
[18651]	59	131	-30	-3	-8	1	det1=true
[18652]	67	131	-26	-19	-8	3	det1=true
[18653]	92	131	-26	-23	-6	-8	det1=true
[18654]	104	131	-38	-4	-8	-7	det1=true
[18655]	107	131	-17	-2	-11	-3	det1=true
[18656]	107	131	-20	-2	-11	3	det1=true
[18657]	115	131	-19	-11	-11	-4	det1=true
[18658]	115	131	-23	-11	-11	4	det1=true
[18659]	116	131	-40	-15	-11	-2	det1=true
[18660]	116	131	-42	-15	-11	2	det1=true
[18661]	116	131	-27	-2	-10	-6	det1=true
[18662]	116	131	-33	-2	-10	6	det1=true
[18663]	119	131	-46	-12	-1	-11	det1=true
[18664]	119	131	-57	-12	-1	11	det1=true
[18665]	119	131	-8	4	-12	-2	det1=true
[18666]	119	131	-10	4	-12	2	det1=true
[18667]	126	131	-20	-13	-7	-10	det1=true
[18668]	126	131	-30	-13	-7	10	det1=true
[18669]	58	132	-26	-8	-8	-1	det1=true
[18670]	58	132	-27	-8	-8	1	det1=true
[18671]	78	132	-26	-6	-5	-8	det1=true
[18672]	78	132	-34	-6	-5	8	det1=true
[18673]	89	132	-18	-17	-2	-10	det1=true
[18674]	89	132	-28	-17	-2	10	det1=true
[18675]	104	132	-35	-24	-4	10	det1=true
[18676]	111	132	-46	-9	-10	-4	det1=true
[18677]	111	132	-50	-9	-10	4	det1=true
[18678]	112	132	-32	-19	-11	-2	det1=true
[18679]	115	132	-53	-32	-10	-2	det1=true
[18680]	115	132	-55	-32	-10	2	det1=true
[18681]	123	132	-50	-35	-7	-8	det1=true
[18682]	123	132	-58	-35	-7	8	det1=true
[18683]	129	132	-58	-39	-3	-10	det1=true
[18684]	53	129	-1	-1	-1	-8	det1=true
[18685]	53	129	-9	-1	-1	8	det1=true
[18686]	56	129	-4	-5	-2	-8	det1=true
[18687]	56	129	-12	-5	-2	8	det1=true
[18688]	59	129	-25	-13	-7	4	det1=true
[18689]	59	129	-27	-16	-1	8	det1=true
[18690]	75	129	-28	-12	-9	-1	det1=true
[18691]	75	129	-29	-12	-9	1	det1=true
[18692]	79	129	-26	2	-9	-3	det1=true
[18693]	79	129	-29	2	-9	3	det1=true
[18694]	102	129	-48	-10	-10	-1	det1=true
[18695]	102	129	-49	-10	-10	1	det1=true
[18696]	102	129	-40	-23	-1	-10	det1=true
[18697]	102	129	-50	-23	-1	10	det1=true
[18698]	103	129	-7	-5	-2	-11	det1=true
[18699]	103	129	-18	-5	-2	11	det1=true
[18700]	105	129	-50	-2	-10	-2	det1=true
[18701]	105	129	-52	-2	-10	2	det1=true
[18702]	109	129	-47	-43	-3	-9	det1=true
[18703]	109	129	-56	-43	-3	9	det1=true
[18704]	117	129	-38	-20	-1	-11	det1=true
[18705]	117	129	-49	-20	-1	11	det1=true
[18706]	129	129	-56	-44	-2	-10	det1=true
[18707]	129	129	-66	-44	-2	10	det1=true
[18708]	129	129	-25	-8	-7	-10	det1=true
[18709]	129	129	-35	-8	-7	10	det1=true
[18710]	54	130	-10	-6	-8	-1	det1=true
[18711]	102	130	-34	-2	-9	6	det1=true
[18712]	107	130	-50	-21	-8	-6	det1=true
[18713]	107	130	-44	-8	-3	-10	det1=true
[18714]	35	131	-18	-5	-4	5	det1=true
[18715]	46	131	-15	-14	-6	-4	det1=true
[18716]	46	131	-19	-14	-6	4	det1=true
[18717]	60	131	-22	-18	-4	-7	det1=true
[18718]	60	131	-29	-18	-4	7	det1=true
[18719]	77	131	-30	-17	-1	-9	det1=true
[18720]	77	131	-39	-17	-1	9	det1=true
[18721]	87	131	-28	3	-10	-1	det1=true
[18722]	87	131	-29	3	-10	1	det1=true
[18723]	93	131	-31	-17	-1	-10	det1=true
[18724]	93	131	-41	-17	-1	10	det1=true
[18725]	96	131	-13	-8	-4	-10	det1=true
[18726]	96	131	-23	-8	-4	10	det1=true
[18727]	101	131	-43	-15	-10	-2	det1=true
[18728]	101	131	-45	-15	-10	2	det1=true
[18729]	103	131	-28	-16	-10	-4	det1=true
[18730]	103	131	-32	-16	-10	4	det1=true
[18731]	120	131	-55	-34	-2	-10	det1=true
[18732]	123	131	-17	-1	-7	-10	det1=true
[18733]	123	131	-27	-1	-7	10	det1=true
[18734]	124	131	-21	-10	-12	-2	det1=true
[18735]	56	132	-18	-10	-7	-4	det1=true
[18736]	56	132	-22	-10	-7	4	det1=true
[18737]	56	132	-16	-13	-1	-8	det1=true
[18738]	73	132	-22	-6	-6	-7	det1=true
[18739]	73	132	-29	-6	-6	7	det1=true
[18740]	86	132	-22	-6	-1	-10	det1=true
[18741]	86	132	-32	-6	-1	10	det1=true
[18742]	87	132	-21	-16	-10	-1	det1=true
[18743]	90	132	-3	4	-8	-7	det1=true
[18744]	90	132	-10	4	-8	7	det1=true
[18745]	94	132	-14	5	-10	-4	det1=true
[18746]	94	132	-18	5	-10	4	det1=true
[18747]	114	132	-24	1	-11	-4	det1=true
[18748]	120	132	-23	-24	-4	-11	det1=true
[18749]	120	132	-34	-24	-4	11	det1=true
[18750]	122	132	-7	4	-12	-3	det1=true
[18751]	122	132	-10	4	-12	3	det1=true
[18752]	123	132	-34	-16	-4	-11	det1=true
[18753]	123	132	-45	-16	-4	11	det1=true
[18754]	124	132	-14	-4	-12	-3	det1=true
[18755]	124	132	-17	-4	-12	3	det1=true
[18756]	132	132	-48	-19	-10	-6	det1=true
[18757]	132	132	-54	-19	-10	6	det1=true
[18758]	45	129	-13	-4	-7	-2	det1=true
[18759]	59	129	-19	-16	-1	-8	det1=true
[18760]	67	129	-28	-27	-4	-7	det1=true
[18761]	67	129	-35	-27	-4	7	det1=true
[18762]	93	129	-7	-3	-8	-7	det1=true
[18763]	93	129	-14	-3	-8	7	det1=true
[18764]	113	129	-35	-12	-1	-11	det1=true
[18765]	113	129	-46	-12	-1	11	det1=true
[18766]	55	130	-12	-8	-4	-7	det1=true
[18767]	55	130	-19	-8	-4	7	det1=true
[18768]	88	130	-3	4	-10	-3	det1=true
[18769]	88	130	-6	4	-10	3	det1=true
[18770]	89	130	-6	-4	-3	-10	det1=true
[18771]	89	130	-16	-4	-3	10	det1=true
[18772]	115	130	-46	-29	-3	-10	det1=true
[18773]	115	130	-56	-29	-3	10	det1=true
[18774]	93	131	-45	-1	-1	10	det1=true
[18775]	107	131	-30	-24	-10	-4	det1=true
[18776]	107	131	-34	-24	-10	4	det1=true
[18777]	107	131	-30	-12	-11	-1	det1=true
[18778]	107	131	-31	-12	-11	1	det1=true
[18779]	111	131	-44	-20	-10	4	det1=true
[18780]	115	131	-53	-21	-10	-3	det1=true
[18781]	115	131	-56	-21	-10	3	det1=true
[18782]	128	131	-54	-30	-6	-9	det1=true
[18783]	128	131	-63	-30	-6	9	det1=true
[18784]	94	132	-32	-11	-2	-10	det1=true
[18785]	94	132	-42	-11	-2	10	det1=true
[18786]	46	129	-16	0	-2	-7	det1=true
[18787]	46	129	-23	0	-2	7	det1=true
[18788]	82	129	-32	-4	-8	-5	det1=true
[18789]	82	129	-37	-4	-8	5	det1=true
[18790]	102	129	-47	-6	-6	-8	det1=true
[18791]	106	129	-34	1	-4	-10	det1=true
[18792]	115	129	-49	-31	-2	-10	det1=true
[18793]	115	129	-59	-31	-2	10	det1=true
[18794]	129	129	-34	-25	-4	-11	det1=true
[18795]	129	129	-45	-25	-4	11	det1=true
[18796]	106	130	-42	-25	-2	-10	det1=true
[18797]	106	130	-52	-25	-2	10	det1=true
[18798]	110	130	-48	-7	-3	-10	det1=true
[18799]	110	130	-58	-7	-3	10	det1=true
[18800]	46	131	-21	-4	-6	-4	det1=true
[18801]	78	131	-4	0	-9	-4	det1=true
[18802]	97	131	-37	-2	-9	-5	det1=true
[18803]	97	131	-42	-2	-9	5	det1=true
[18804]	100	131	-36	-29	-6	-8	det1=true
[18805]	100	131	-44	-29	-6	8	det1=true
[18806]	111	131	-40	-20	-10	-4	det1=true
[18807]	117	131	-5	-3	-9	-8	det1=true
[18808]	117	131	-13	-3	-9	8	det1=true
[18809]	121	131	-37	3	-10	-6	det1=true
[18810]	121	131	-43	3	-10	6	det1=true
[18811]	121	131	-35	1	-6	-10	det1=true
[18812]	121	131	-45	1	-6	10	det1=true
[18813]	123	131	-55	-17	-4	-10	det1=true
[18814]	123	131	-65	-17	-4	10	det1=true
[18815]	57	132	-19	4	-8	-2	det1=true
[18816]	57	132	-21	4	-8	2	det1=true
[18817]	109	132	1	-2	-4	-11	det1=true
[18818]	109	132	-10	-2	-4	11	det1=true
[18819]	56	129	-14	-9	-1	-8	det1=true
[18820]	121	130	-52	-47	-9	-4	det1=true
[18821]	89	131	-40	-19	-8	-5	det1=true
[18822]	89	131	-45	-19	-8	5	det1=true
[18823]	103	131	-41	-34	-9	-4	det1=true
[18824]	103	131	-45	-34	-9	4	det1=true
[18825]	109	131	-35	-34	-3	-10	det1=true
[18826]	109	131	-45	-34	-3	10	det1=true
[18827]	130	131	-34	-15	-1	-12	det1=true
[18828]	130	131	-46	-15	-1	12	det1=true
[18829]	88	132	-41	-16	-8	-5	det1=true
[18830]	56	129	-22	-9	-1	8	det1=true
[18831]	71	129	-24	-23	-5	-7	det1=true
[18832]	71	129	-31	-23	-5	7	det1=true
[18833]	99	129	-37	-23	-10	-1	det1=true
[18834]	99	129	-38	-23	-10	1	det1=true
[18835]	117	129	-44	-19	-6	-9	det1=true
[18836]	128	129	-19	-2	-12	-3	det1=true
[18837]	128	129	-22	-2	-12	3	det1=true
[18838]	121	130	-56	-47	-9	4	det1=true
[18839]	121	130	-16	-7	-1	-12	det1=true
[18840]	121	130	-28	-7	-1	12	det1=true
[18841]	55	131	-5	1	-2	-8	det1=true
[18842]	71	131	-25	-27	-3	-8	det1=true
[18843]	84	131	-5	-2	-2	-10	det1=true
[18844]	84	131	-15	-2	-2	10	det1=true
[18845]	116	131	-30	-28	-2	-11	det1=true
[18846]	92	132	-38	-4	-10	-1	det1=true
[18847]	92	132	-39	-4	-10	1	det1=true
[18848]	93	132	-39	-2	-8	-6	det1=true
[18849]	93	132	-45	-2	-8	6	det1=true
[18850]	94	132	-38	-34	-8	-5	det1=true
[18851]	94	132	-43	-34	-8	5	det1=true
[18852]	104	132	-40	-33	-1	-10	det1=true
[18853]	104	132	-50	-33	-1	10	det1=true
[18854]	118	132	-5	0	-12	-2	det1=true
[18855]	118	132	-7	0	-12	2	det1=true
[18856]	45	129	-15	-4	-7	2	det1=true
[18857]	108	129	-34	-30	-3	-10	det1=true
[18858]	108	129	-44	-30	-3	10	det1=true
[18859]	91	130	-36	-28	-8	-5	det1=true
[18860]	91	130	-41	-28	-8	5	det1=true
[18861]	91	131	-5	2	-7	-8	det1=true
[18862]	91	131	-13	2	-7	8	det1=true
[18863]	92	131	-44	-29	-9	-2	det1=true
[18864]	92	131	-46	-29	-9	2	det1=true
[18865]	108	132	-40	-27	-3	-10	det1=true
[18866]	108	132	-50	-27	-3	10	det1=true
[18867]	109	130	-38	-11	-4	-10	det1=true
[18868]	109	130	-48	-11	-4	10	det1=true
[18869]	71	131	-17	-4	-9	-2	det1=true
[18870]	71	131	-19	-4	-9	2	det1=true
[18871]	111	131	-37	4	-11	-2	det1=true
[18872]	111	131	-39	4	-11	2	det1=true
[18873]	111	131	-27	-5	-11	-3	det1=true
[18874]	111	131	-30	-5	-11	3	det1=true
[18875]	128	131	-48	-41	-10	-4	det1=true
[18876]	93	131	-21	-4	-7	8	det1=true
[18877]	115	132	-23	-2	-4	-11	det1=true
[18878]	115	132	-34	-2	-4	11	det1=true
[18879]	61	129	-26	0	-8	-2	det1=true
[18880]	61	129	-28	0	-8	2	det1=true
[18881]	109	129	-27	-8	-11	-2	det1=true
[18882]	76	130	-35	-26	-8	-3	det1=true
[18883]	76	130	-38	-26	-8	3	det1=true
[18884]	96	131	-40	-21	-9	-4	det1=true
[18885]	96	131	-44	-21	-9	4	det1=true
[18886]	125	131	-55	-37	-10	-3	det1=true
[18887]	125	131	-58	-37	-10	3	det1=true
[18888]	73	132	-26	3	-9	-2	det1=true
[18889]	73	132	-28	3	-9	2	det1=true
[18890]	132	132	-35	-2	-12	-3	det1=true
[18891]	132	132	-38	-2	-12	3	det1=true
[18892]	106	130	-46	-21	-10	-2	det1=true
[18893]	106	130	-48	-21	-10	2	det1=true
[18894]	99	131	-39	-23	-8	-6	det1=true
[18895]	99	131	-45	-23	-8	6	det1=true
[18896]	90	132	-28	-14	-1	-10	det1=true
[18897]	90	132	-38	-14	-1	10	det1=true
[18898]	111	131	-22	-12	-9	-7	det1=true
[18899]	111	131	-29	-12	-9	7	det1=true
[18900]	60	129	-28	-2	-7	-4	det1=true
[18901]	109	129	-29	-8	-11	2	det1=true
[18902]	89	131	-14	5	-10	-3	det1=true
[18903]	89	131	-17	5	-10	3	det1=true
[18904]	131	131	-60	-18	-7	9	det1=true
[18905]	125	130	-19	-10	-2	-12	det1=true
[18906]	79	131	-29	-17	-7	-6	det1=true
[18907]	131	131	-51	-18	-7	-9	det1=true
[18908]	98	132	-23	2	-4	-10	det1=true
[18909]	98	132	-33	2	-4	10	det1=true
[18910]	129	129	-54	-50	-8	-6	det1=true
[18911]	89	129	-29	-29	-3	-9	det1=true
[18912]	79	131	-35	-17	-7	6	det1=true
[18913]	106	129	-37	-10	-8	-7	det1=true
[18914]	111	129	-33	-7	-1	-11	det1=true
[18915]	111	129	-44	-7	-1	11	det1=true
[18916]	131	131	-45	-30	-3	-11	det1=true
[18917]	110	129	-32	-29	-7	-8	det1=true
[18918]	90	130	-41	-18	-8	-5	det1=true
[18919]	107	131	-27	-27	-4	-10	det1=true
[18920]	107	131	-37	-27	-4	10	det1=true
[18921]	106	129	-28	-25	-7	-8	det1=true
[18922]	106	129	-36	-25	-7	8	det1=true
[18923]	72	130	-26	-27	-3	-8	det1=true
[18924]	111	129	-37	-25	-8	-7	det1=true
[18925]	100	130	-42	-14	-1	-10	det1=true
[18926]	100	130	-52	-14	-1	10	det1=true
[18927]	57	132	-25	-4	-8	-1	det1=true
[18928]	57	132	-26	-4	-8	1	det1=true
[18929]	111	129	-44	-25	-8	7	det1=true
[18930]	104	131	-51	0	-10	-2	det1=true
[18931]	101	131	-50	-5	-10	-1	det1=true
[18932]	101	131	-51	-5	-10	1	det1=true
[18933]	88	135	-3	4	-8	-7	det1=true
[18934]	88	135	-10	4	-8	7	det1=true
[18935]	81	136	-10	5	-10	-2	det1=true
[18936]	81	136	-12	5	-10	2	det1=true
[18937]	56	133	-17	4	-8	-2	det1=true
[18938]	56	133	-19	4	-8	2	det1=true
[18939]	77	133	-26	-3	-9	-3	det1=true
[18940]	94	133	-42	3	-8	-6	det1=true
[18941]	102	133	-40	-36	-9	-4	det1=true
[18942]	102	133	-44	-36	-9	4	det1=true
[18943]	60	134	-29	0	-8	-2	det1=true
[18944]	60	134	-31	0	-8	2	det1=true
[18945]	106	134	-46	-18	-10	-3	det1=true
[18946]	106	134	-49	-18	-10	3	det1=true
[18947]	132	134	-51	-10	-4	-11	det1=true
[18948]	52	135	-7	-8	-4	-7	det1=true
[18949]	52	135	-14	-8	-4	7	det1=true
[18950]	59	135	-20	-16	-8	-2	det1=true
[18951]	59	135	-22	-16	-8	2	det1=true
[18952]	71	135	-24	-13	-1	-9	det1=true
[18953]	71	135	-33	-13	-1	9	det1=true
[18954]	78	135	-26	-15	-5	-8	det1=true
[18955]	78	135	-34	-15	-5	8	det1=true
[18956]	79	135	-3	-4	-1	-10	det1=true
[18957]	79	135	-13	-4	-1	10	det1=true
[18958]	81	135	-5	3	-10	-2	det1=true
[18959]	81	135	-7	3	-10	2	det1=true
[18960]	97	135	-13	-6	-11	-1	det1=true
[18961]	97	135	-14	-6	-11	1	det1=true
[18962]	101	135	-39	-19	-10	-3	det1=true
[18963]	101	135	-42	-19	-10	3	det1=true
[18964]	126	135	-58	-44	-7	8	det1=true
[18965]	130	135	-32	-14	-12	-3	det1=true
[18966]	130	135	-35	-14	-12	3	det1=true
[18967]	135	135	-61	-43	-7	-8	det1=true
[18968]	135	135	-69	-43	-7	8	det1=true
[18969]	76	136	-24	-23	-7	-6	det1=true
[18970]	76	136	-30	-23	-7	6	det1=true
[18971]	88	136	-32	-11	-6	-8	det1=true
[18972]	100	136	-33	0	-4	-10	det1=true
[18973]	100	136	-43	0	-4	10	det1=true
[18974]	103	136	-38	-11	-10	-4	det1=true
[18975]	103	136	-42	-11	-10	4	det1=true
[18976]	118	136	-32	-19	-10	-6	det1=true
[18977]	118	136	-38	-19	-10	6	det1=true
[18978]	21	133	-7	-1	-5	-1	det1=true
[18979]	21	133	-8	-1	-5	1	det1=true
[18980]	81	133	-12	-1	-10	-1	det1=true
[18981]	81	133	-13	-1	-10	1	det1=true
[18982]	89	133	-39	-32	-9	-2	det1=true
[18983]	105	133	-24	1	-2	-11	det1=true
[18984]	105	133	-35	1	-2	11	det1=true
[18985]	107	133	-45	-25	-9	-5	det1=true
[18986]	107	133	-50	-25	-9	5	det1=true
[18987]	107	133	-29	0	-7	9	det1=true
[18988]	109	133	-44	-39	-10	-1	det1=true
[18989]	109	133	-45	-39	-10	1	det1=true
[18990]	116	133	-38	-20	-2	-11	det1=true
[18991]	117	133	-44	-3	-2	-11	det1=true
[18992]	117	133	-55	-3	-2	11	det1=true
[18993]	118	133	-40	-22	-2	-11	det1=true
[18994]	123	133	-11	-5	-3	-12	det1=true
[18995]	123	133	-23	-5	-3	12	det1=true
[18996]	129	133	-23	-17	-12	-3	det1=true
[18997]	129	133	-26	-17	-12	3	det1=true
[18998]	132	133	-58	-40	-8	-7	det1=true
[18999]	132	133	-65	-40	-8	7	det1=true
[19000]	132	133	-38	-10	-10	-7	det1=true
[19001]	132	133	-45	-10	-10	7	det1=true
[19002]	42	134	-9	-4	-4	-6	det1=true
[19003]	42	134	-15	-4	-4	6	det1=true
[19004]	53	134	-24	0	-6	-5	det1=true
[19005]	53	134	-29	0	-6	5	det1=true
[19006]	83	134	-34	-27	-9	-2	det1=true
[19007]	83	134	-36	-27	-9	2	det1=true
[19008]	92	134	-41	0	-10	-1	det1=true
[19009]	92	134	-42	0	-10	1	det1=true
[19010]	92	134	-32	-7	-2	-10	det1=true
[19011]	92	134	-42	-7	-2	10	det1=true
[19012]	94	134	-42	-23	-6	8	det1=true
[19013]	104	134	-28	5	-11	-2	det1=true
[19014]	104	134	-30	5	-11	2	det1=true
[19015]	106	134	-49	-28	-8	-6	det1=true
[19016]	106	134	-55	-28	-8	6	det1=true
[19017]	108	134	-10	3	-6	-10	det1=true
[19018]	108	134	-20	3	-6	10	det1=true
[19019]	116	134	-51	-14	-4	-10	det1=true
[19020]	116	134	-61	-14	-4	10	det1=true
[19021]	131	134	-56	-39	-4	-10	det1=true
[19022]	131	134	-66	-39	-4	10	det1=true
[19023]	134	134	-44	-17	-9	-8	det1=true
[19024]	134	134	-52	-17	-9	8	det1=true
[19025]	21	135	-8	0	-1	-5	det1=true
[19026]	21	135	-13	0	-1	5	det1=true
[19027]	71	135	-27	-1	-1	-9	det1=true
[19028]	78	135	-28	-11	-5	-8	det1=true
[19029]	78	135	-36	-11	-5	8	det1=true
[19030]	81	135	-14	-7	-10	-1	det1=true
[19031]	81	135	-15	-7	-10	1	det1=true
[19032]	83	135	-23	3	-6	-8	det1=true
[19033]	87	135	-22	-10	-2	-10	det1=true
[19034]	87	135	-32	-10	-2	10	det1=true
[19035]	92	135	-16	-10	-7	-8	det1=true
[19036]	92	135	-24	-10	-7	8	det1=true
[19037]	95	135	-41	-15	-6	-8	det1=true
[19038]	95	135	-49	-15	-6	8	det1=true
[19039]	95	135	-38	-8	-2	-10	det1=true
[19040]	95	135	-48	-8	-2	10	det1=true
[19041]	95	135	-36	5	-10	-3	det1=true
[19042]	95	135	-39	5	-10	3	det1=true
[19043]	95	135	-18	-10	-4	-10	det1=true
[19044]	95	135	-28	-10	-4	10	det1=true
[19045]	96	135	-17	-16	-4	-10	det1=true
[19046]	96	135	-27	-16	-4	10	det1=true
[19047]	98	135	-41	-24	-6	-8	det1=true
[19048]	98	135	-49	-24	-6	8	det1=true
[19049]	99	135	-35	1	-7	-8	det1=true
[19050]	102	135	-28	-21	-4	-10	det1=true
[19051]	102	135	-38	-21	-4	10	det1=true
[19052]	103	135	-47	-42	-5	-8	det1=true
[19053]	103	135	-55	-42	-5	8	det1=true
[19054]	105	135	-44	-5	-8	-7	det1=true
[19055]	105	135	-51	-5	-8	7	det1=true
[19056]	117	135	-19	-9	-12	-1	det1=true
[19057]	117	135	-20	-9	-12	1	det1=true
[19058]	119	135	-13	-8	-7	-10	det1=true
[19059]	119	135	-23	-8	-7	10	det1=true
[19060]	121	135	-27	-7	-1	-12	det1=true
[19061]	121	135	-39	-7	-1	12	det1=true
[19062]	122	135	-22	-8	-7	-10	det1=true
[19063]	122	135	-32	-8	-7	10	det1=true
[19064]	123	135	-34	-9	-12	-1	det1=true
[19065]	123	135	-35	-9	-12	1	det1=true
[19066]	125	135	-29	-7	-7	-10	det1=true
[19067]	125	135	-39	-7	-7	10	det1=true
[19068]	133	135	-59	-30	-11	-2	det1=true
[19069]	133	135	-61	-30	-11	2	det1=true
[19070]	134	135	-62	-20	-5	-10	det1=true
[19071]	134	135	-72	-20	-5	10	det1=true
[19072]	52	136	-22	-6	-6	-5	det1=true
[19073]	52	136	-27	-6	-6	5	det1=true
[19074]	64	136	-30	-4	-8	-3	det1=true
[19075]	64	136	-33	-4	-8	3	det1=true
[19076]	80	136	-22	-2	-4	-9	det1=true
[19077]	80	136	-31	-2	-4	9	det1=true
[19078]	86	136	-31	-4	-8	-6	det1=true
[19079]	89	136	-34	-1	-1	-10	det1=true
[19080]	89	136	-44	-1	-1	10	det1=true
[19081]	93	136	-16	-1	-9	-6	det1=true
[19082]	93	136	-22	-1	-9	6	det1=true
[19083]	94	136	-35	-16	-2	-10	det1=true
[19084]	94	136	-45	-16	-2	10	det1=true
[19085]	96	136	-25	0	-4	-10	det1=true
[19086]	96	136	-35	0	-4	10	det1=true
[19087]	104	136	-38	-6	-6	-9	det1=true
[19088]	107	136	-13	-2	-10	-6	det1=true
[19089]	107	136	-19	-2	-10	6	det1=true
[19090]	111	136	-50	-1	-9	-6	det1=true
[19091]	111	136	-56	-1	-9	6	det1=true
[19092]	119	136	-26	-4	-8	-9	det1=true
[19093]	119	136	-35	-4	-8	9	det1=true
[19094]	121	136	-50	-35	-10	-4	det1=true
[19095]	121	136	-54	-35	-10	4	det1=true
[19096]	129	136	-56	-38	-9	-6	det1=true
[19097]	129	136	-62	-38	-9	6	det1=true
[19098]	24	133	-8	-6	-5	-2	det1=true
[19099]	51	133	-24	-4	-7	-3	det1=true
[19100]	51	133	-27	-4	-7	3	det1=true
[19101]	59	133	-25	-13	-4	-7	det1=true
[19102]	59	133	-32	-13	-4	7	det1=true
[19103]	67	133	1	3	-6	-7	det1=true
[19104]	67	133	-6	3	-6	7	det1=true
[19105]	80	133	-32	-2	-5	-8	det1=true
[19106]	80	133	-40	-2	-5	8	det1=true
[19107]	83	133	-23	-9	-4	-9	det1=true
[19108]	83	133	-32	-9	-4	9	det1=true
[19109]	89	133	-41	-32	-9	2	det1=true
[19110]	89	133	-24	-1	-9	-5	det1=true
[19111]	89	133	-29	-1	-9	5	det1=true
[19112]	92	133	-40	-35	-7	-6	det1=true
[19113]	92	133	-46	-35	-7	6	det1=true
[19114]	93	133	-50	-28	-3	9	det1=true
[19115]	93	133	-25	-6	-7	8	det1=true
[19116]	97	133	-40	-20	-8	-6	det1=true
[19117]	97	133	-46	-20	-8	6	det1=true
[19118]	97	133	-39	-21	-6	-8	det1=true
[19119]	97	133	-47	-21	-6	8	det1=true
[19120]	100	133	-50	3	-10	2	det1=true
[19121]	100	133	-42	-13	-2	-10	det1=true
[19122]	101	133	-42	-26	-6	-8	det1=true
[19123]	101	133	-50	-26	-6	8	det1=true
[19124]	101	133	-29	-19	-7	-8	det1=true
[19125]	101	133	-37	-19	-7	8	det1=true
[19126]	107	133	-20	0	-7	-9	det1=true
[19127]	109	133	-10	-4	-10	-6	det1=true
[19128]	112	133	-48	-35	-10	-2	det1=true
[19129]	112	133	-50	-35	-10	2	det1=true
[19130]	112	133	-44	-39	-2	-10	det1=true
[19131]	112	133	-54	-39	-2	10	det1=true
[19132]	112	133	-44	-43	-6	-8	det1=true
[19133]	112	133	-52	-43	-6	8	det1=true
[19134]	122	133	-19	-18	-8	-9	det1=true
[19135]	126	133	-31	-18	-12	-1	det1=true
[19136]	126	133	-32	-18	-12	1	det1=true
[19137]	127	133	-50	-34	-11	-1	det1=true
[19138]	127	133	-51	-34	-11	1	det1=true
[19139]	130	133	-36	3	-7	-10	det1=true
[19140]	130	133	-46	3	-7	10	det1=true
[19141]	57	134	-21	-14	-2	8	det1=true
[19142]	59	134	-22	-20	-1	-8	det1=true
[19143]	59	134	-30	-20	-1	8	det1=true
[19144]	70	134	-14	-10	-6	-7	det1=true
[19145]	70	134	-21	-10	-6	7	det1=true
[19146]	71	134	-6	-7	-5	-8	det1=true
[19147]	71	134	-14	-7	-5	8	det1=true
[19148]	78	134	-20	-21	-5	-8	det1=true
[19149]	78	134	-28	-21	-5	8	det1=true
[19150]	80	134	-30	-13	-5	-8	det1=true
[19151]	80	134	-38	-13	-5	8	det1=true
[19152]	82	134	-29	-30	-2	-9	det1=true
[19153]	82	134	-38	-30	-2	9	det1=true
[19154]	94	134	-43	2	-8	-6	det1=true
[19155]	98	134	-36	-29	-1	-10	det1=true
[19156]	98	134	-46	-29	-1	10	det1=true
[19157]	99	134	-28	-3	-4	-10	det1=true
[19158]	99	134	-38	-3	-4	10	det1=true
[19159]	104	134	-42	-20	-10	-3	det1=true
[19160]	104	134	-45	-20	-10	3	det1=true
[19161]	108	134	-34	-31	-7	-8	det1=true
[19162]	108	134	-42	-31	-7	8	det1=true
[19163]	112	134	-15	-16	-6	-10	det1=true
[19164]	120	134	-14	-7	-7	-10	det1=true
[19165]	120	134	-24	-7	-7	10	det1=true
[19166]	122	134	-58	-54	-8	-5	det1=true
[19167]	122	134	-63	-54	-8	5	det1=true
[19168]	122	134	-36	-18	-11	-4	det1=true
[19169]	125	134	-36	-24	-4	-11	det1=true
[19170]	125	134	-47	-24	-4	11	det1=true
[19171]	126	134	-22	-20	-10	-7	det1=true
[19172]	126	134	-29	-20	-10	7	det1=true
[19173]	129	134	-44	-20	-4	-11	det1=true
[19174]	129	134	-5	0	-10	-8	det1=true
[19175]	129	134	-13	0	-10	8	det1=true
[19176]	129	134	-4	-1	-8	-10	det1=true
[19177]	129	134	-14	-1	-8	10	det1=true
[19178]	134	134	-50	-25	-10	-6	det1=true
[19179]	134	134	-56	-25	-10	6	det1=true
[19180]	52	135	-10	-6	-8	-1	det1=true
[19181]	52	135	-11	-6	-8	1	det1=true
[19182]	65	135	-9	-1	-1	-9	det1=true
[19183]	65	135	-18	-1	-1	9	det1=true
[19184]	78	135	-32	0	-8	-5	det1=true
[19185]	78	135	-37	0	-8	5	det1=true
[19186]	80	135	-15	4	-8	-6	det1=true
[19187]	80	135	-21	4	-8	6	det1=true
[19188]	87	135	-28	2	-10	-2	det1=true
[19189]	87	135	-30	2	-10	2	det1=true
[19190]	93	135	-43	-28	-3	-9	det1=true
[19191]	95	135	-48	-14	-8	6	det1=true
[19192]	95	135	-28	-1	-6	9	det1=true
[19193]	98	135	-5	-4	-2	-11	det1=true
[19194]	98	135	-16	-4	-2	11	det1=true
[19195]	100	135	-50	3	-10	-2	det1=true
[19196]	104	135	-42	-22	-10	-3	det1=true
[19197]	104	135	-45	-22	-10	3	det1=true
[19198]	109	135	-38	-6	-1	-11	det1=true
[19199]	109	135	-49	-6	-1	11	det1=true
[19200]	111	135	-22	0	-6	-10	det1=true
[19201]	111	135	-32	0	-6	10	det1=true
[19202]	113	135	-44	-31	-1	11	det1=true
[19203]	117	135	-51	-41	-2	-10	det1=true
[19204]	117	135	-61	-41	-2	10	det1=true
[19205]	126	135	-50	-44	-7	-8	det1=true
[19206]	128	135	-13	-2	-8	10	det1=true
[19207]	129	135	-54	-49	-10	-3	det1=true
[19208]	129	135	-37	-3	-7	-10	det1=true
[19209]	129	135	-47	-3	-7	10	det1=true
[19210]	130	135	-64	-48	-10	-1	det1=true
[19211]	130	135	-65	-48	-10	1	det1=true
[19212]	133	135	-48	1	-8	-9	det1=true
[19213]	70	136	-9	-4	-8	-5	det1=true
[19214]	70	136	-14	-4	-8	5	det1=true
[19215]	73	136	-22	2	-8	-5	det1=true
[19216]	82	136	-14	-14	-1	-10	det1=true
[19217]	82	136	-24	-14	-1	10	det1=true
[19218]	83	136	-26	-12	-4	-9	det1=true
[19219]	83	136	-35	-12	-4	9	det1=true
[19220]	83	136	-25	-14	-4	-9	det1=true
[19221]	85	136	-31	-2	-10	1	det1=true
[19222]	86	136	-37	-4	-8	6	det1=true
[19223]	88	136	-23	-16	-2	-10	det1=true
[19224]	88	136	-33	-16	-2	10	det1=true
[19225]	93	136	-40	-6	-1	-10	det1=true
[19226]	93	136	-50	-6	-1	10	det1=true
[19227]	97	136	-43	-14	-10	-2	det1=true
[19228]	97	136	-45	-14	-10	2	det1=true
[19229]	102	136	-46	-33	-9	-4	det1=true
[19230]	102	136	-50	-33	-9	4	det1=true
[19231]	104	136	-48	-34	-9	-4	det1=true
[19232]	104	136	-52	-34	-9	4	det1=true
[19233]	104	136	-47	-6	-6	9	det1=true
[19234]	111	136	-46	-14	-6	-9	det1=true
[19235]	111	136	-55	-14	-6	9	det1=true
[19236]	112	136	0	-2	-1	-12	det1=true
[19237]	115	136	-13	-8	-8	-9	det1=true
[19238]	115	136	-22	-8	-8	9	det1=true
[19239]	121	136	-47	-38	-4	-10	det1=true
[19240]	121	136	-57	-38	-4	10	det1=true
[19241]	123	136	-46	-41	-9	-6	det1=true
[19242]	123	136	-52	-41	-9	6	det1=true
[19243]	123	136	-38	-20	-4	-11	det1=true
[19244]	123	136	-49	-20	-4	11	det1=true
[19245]	127	136	-39	-30	-6	-10	det1=true
[19246]	127	136	-49	-30	-6	10	det1=true
[19247]	128	136	-57	-34	-6	-9	det1=true
[19248]	128	136	-66	-34	-6	9	det1=true
[19249]	133	136	-17	4	-12	-5	det1=true
[19250]	133	136	-22	4	-12	5	det1=true
[19251]	134	136	-58	-11	-11	-4	det1=true
[19252]	134	136	-62	-11	-11	4	det1=true
[19253]	134	136	-51	2	-12	-2	det1=true
[19254]	134	136	-53	2	-12	2	det1=true
[19255]	134	136	-8	2	-13	-2	det1=true
[19256]	134	136	-10	2	-13	2	det1=true
[19257]	135	136	-90	-38	-5	8	det1=true
[19258]	135	136	-36	-37	-1	-12	det1=true
[19259]	135	136	-48	-37	-1	12	det1=true
[19260]	69	133	-13	3	-6	-7	det1=true
[19261]	69	133	-20	3	-6	7	det1=true
[19262]	73	133	-27	0	-9	-2	det1=true
[19263]	79	133	-27	-23	-7	-6	det1=true
[19264]	79	133	-33	-23	-7	6	det1=true
[19265]	91	133	-29	2	-9	-5	det1=true
[19266]	91	133	-34	2	-9	5	det1=true
[19267]	93	133	-27	-14	-5	-9	det1=true
[19268]	93	133	-36	-14	-5	9	det1=true
[19269]	93	133	-19	-1	-8	-7	det1=true
[19270]	93	133	-26	-1	-8	7	det1=true
[19271]	96	133	-17	-4	-6	-9	det1=true
[19272]	96	133	-26	-4	-6	9	det1=true
[19273]	100	133	-52	-13	-2	10	det1=true
[19274]	102	133	-31	-4	-6	-9	det1=true
[19275]	102	133	-40	-4	-6	9	det1=true
[19276]	103	133	-19	-1	-2	-11	det1=true
[19277]	106	133	-26	-4	-5	-10	det1=true
[19278]	107	133	-39	-10	-9	-6	det1=true
[19279]	107	133	-45	-10	-9	6	det1=true
[19280]	108	133	-14	-3	-6	10	det1=true
[19281]	111	133	-51	-37	-4	-9	det1=true
[19282]	111	133	-60	-37	-4	9	det1=true
[19283]	116	133	-10	-2	-9	-8	det1=true
[19284]	116	133	-18	-2	-9	8	det1=true
[19285]	117	133	-49	-20	-9	-6	det1=true
[19286]	117	133	-55	-20	-9	6	det1=true
[19287]	120	133	-15	2	-10	-7	det1=true
[19288]	120	133	-22	2	-10	7	det1=true
[19289]	121	133	-9	3	-12	3	det1=true
[19290]	122	133	-28	-18	-8	9	det1=true
[19291]	125	133	-31	-10	-9	-8	det1=true
[19292]	125	133	-39	-10	-9	8	det1=true
[19293]	130	133	-36	-6	-10	-7	det1=true
[19294]	33	134	-8	-2	-4	-5	det1=true
[19295]	33	134	-13	-2	-4	5	det1=true
[19296]	67	134	-4	0	-2	-9	det1=true
[19297]	74	134	-26	-8	-2	-9	det1=true
[19298]	74	134	-35	-8	-2	9	det1=true
[19299]	79	134	-16	0	-4	-9	det1=true
[19300]	79	134	-25	0	-4	9	det1=true
[19301]	84	134	-25	0	-10	-1	det1=true
[19302]	84	134	-26	0	-10	1	det1=true
[19303]	86	134	-9	-2	-10	3	det1=true
[19304]	89	134	-34	-5	-8	-6	det1=true
[19305]	89	134	-40	-5	-8	6	det1=true
[19306]	89	134	-21	4	-10	-3	det1=true
[19307]	92	134	-16	-6	-7	-8	det1=true
[19308]	92	134	-24	-6	-7	8	det1=true
[19309]	94	134	-34	-23	-6	-8	det1=true
[19310]	96	134	-33	-34	-4	-9	det1=true
[19311]	96	134	-42	-34	-4	9	det1=true
[19312]	104	134	-18	-16	-2	-11	det1=true
[19313]	106	134	-38	-30	-10	-3	det1=true
[19314]	106	134	-41	-30	-10	3	det1=true
[19315]	108	134	-9	-4	-10	-6	det1=true
[19316]	108	134	-15	-4	-10	6	det1=true
[19317]	110	134	-47	-38	-8	-6	det1=true
[19318]	110	134	-53	-38	-8	6	det1=true
[19319]	119	134	-18	-3	-12	-2	det1=true
[19320]	119	134	-20	-3	-12	2	det1=true
[19321]	121	134	-16	-10	-10	-7	det1=true
[19322]	121	134	-23	-10	-10	7	det1=true
[19323]	122	134	-33	0	-12	-1	det1=true
[19324]	122	134	-34	0	-12	1	det1=true
[19325]	126	134	-46	-3	-6	-10	det1=true
[19326]	126	134	-56	-3	-6	10	det1=true
[19327]	129	134	-56	-34	-6	-9	det1=true
[19328]	129	134	-65	-34	-6	9	det1=true
[19329]	129	134	-55	-20	-4	11	det1=true
[19330]	130	134	-55	-48	-10	-3	det1=true
[19331]	134	134	-54	-6	-4	-11	det1=true
[19332]	134	134	-65	-6	-4	11	det1=true
[19333]	16	135	-6	1	-2	-4	det1=true
[19334]	16	135	-10	1	-2	4	det1=true
[19335]	54	135	-19	-6	-8	-1	det1=true
[19336]	54	135	-20	-6	-8	1	det1=true
[19337]	79	135	-35	-17	-5	8	det1=true
[19338]	81	135	-27	-23	-5	-8	det1=true
[19339]	81	135	-35	-23	-5	8	det1=true
[19340]	87	135	-28	-6	-10	2	det1=true
[19341]	87	135	-24	-10	-10	-2	det1=true
[19342]	87	135	-26	-10	-10	2	det1=true
[19343]	87	135	-12	-7	-10	-3	det1=true
[19344]	87	135	-15	-7	-10	3	det1=true
[19345]	88	135	-22	-15	-2	-10	det1=true
[19346]	89	135	-19	-3	-3	-10	det1=true
[19347]	89	135	-29	-3	-3	10	det1=true
[19348]	89	135	-7	-4	-7	-8	det1=true
[19349]	89	135	-15	-4	-7	8	det1=true
[19350]	95	135	-34	-24	-10	2	det1=true
[19351]	98	135	-42	-23	-8	-6	det1=true
[19352]	98	135	-48	-23	-8	6	det1=true
[19353]	98	135	-34	1	-9	6	det1=true
[19354]	100	135	-30	-19	-7	-8	det1=true
[19355]	100	135	-38	-19	-7	8	det1=true
[19356]	104	135	-46	-3	-3	-10	det1=true
[19357]	105	135	-33	-17	-2	11	det1=true
[19358]	111	135	-18	-7	-4	-11	det1=true
[19359]	111	135	-17	-11	-11	-4	det1=true
[19360]	111	135	-21	-11	-11	4	det1=true
[19361]	113	135	-33	-31	-1	-11	det1=true
[19362]	117	135	-10	3	-10	-7	det1=true
[19363]	117	135	-17	3	-10	7	det1=true
[19364]	119	135	-15	-4	-7	-10	det1=true
[19365]	119	135	-25	-4	-7	10	det1=true
[19366]	121	135	-55	-43	-10	-2	det1=true
[19367]	122	135	-44	4	-11	-4	det1=true
[19368]	122	135	-48	4	-11	4	det1=true
[19369]	124	135	-38	-3	-7	10	det1=true
[19370]	125	135	-57	-49	-1	-10	det1=true
[19371]	125	135	-67	-49	-1	10	det1=true
[19372]	129	135	-49	-16	-11	-4	det1=true
[19373]	129	135	-53	-16	-11	4	det1=true
[19374]	132	135	-29	-4	-8	10	det1=true
[19375]	133	135	-3	-7	-1	-13	det1=true
[19376]	16	136	-6	-3	-2	-4	det1=true
[19377]	16	136	-10	-3	-2	4	det1=true
[19378]	34	136	-14	-11	-2	-6	det1=true
[19379]	34	136	-20	-11	-2	6	det1=true
[19380]	43	136	-14	-9	-6	-4	det1=true
[19381]	43	136	-18	-9	-6	4	det1=true
[19382]	51	136	-9	-2	-8	-1	det1=true
[19383]	51	136	-10	-2	-8	1	det1=true
[19384]	51	136	-6	-4	-4	-7	det1=true
[19385]	51	136	-13	-4	-4	7	det1=true
[19386]	64	136	-22	-18	-3	-8	det1=true
[19387]	73	136	-27	2	-8	5	det1=true
[19388]	79	136	-22	-9	-9	4	det1=true
[19389]	85	136	-30	-2	-10	-1	det1=true
[19390]	88	136	-18	-8	-10	-3	det1=true
[19391]	88	136	-21	-8	-10	3	det1=true
[19392]	95	136	-40	1	-2	-10	det1=true
[19393]	95	136	-50	1	-2	10	det1=true
[19394]	103	136	-18	-18	-2	-11	det1=true
[19395]	103	136	-29	-18	-2	11	det1=true
[19396]	111	136	-46	-39	-2	-10	det1=true
[19397]	118	136	-19	-6	-12	-2	det1=true
[19398]	118	136	-21	-6	-12	2	det1=true
[19399]	119	136	-47	4	-10	6	det1=true
[19400]	121	136	-60	-35	-7	8	det1=true
[19401]	123	136	-46	-3	-11	-4	det1=true
[19402]	123	136	-50	-3	-11	4	det1=true
[19403]	124	136	-48	2	-11	-4	det1=true
[19404]	124	136	-52	2	-11	4	det1=true
[19405]	124	136	-30	-2	-7	-10	det1=true
[19406]	124	136	-40	-2	-7	10	det1=true
[19407]	125	136	-34	-14	-1	-12	det1=true
[19408]	125	136	-46	-14	-1	12	det1=true
[19409]	128	136	-34	-12	-12	3	det1=true
[19410]	130	136	-54	-34	-11	-2	det1=true
[19411]	130	136	-56	-34	-11	2	det1=true
[19412]	135	136	-44	-38	-11	-4	det1=true
[19413]	135	136	-48	-38	-11	4	det1=true
[19414]	33	133	-11	-1	-5	4	det1=true
[19415]	59	133	-9	-4	-3	-8	det1=true
[19416]	59	133	-17	-4	-3	8	det1=true
[19417]	75	133	-17	-12	-5	-8	det1=true
[19418]	76	133	-24	2	-5	-8	det1=true
[19419]	76	133	-32	2	-5	8	det1=true
[19420]	80	133	-17	-2	-4	-9	det1=true
[19421]	80	133	-26	-2	-4	9	det1=true
[19422]	85	133	-18	-2	-10	-2	det1=true
[19423]	85	133	-20	-2	-10	2	det1=true
[19424]	88	133	-27	0	-10	-2	det1=true
[19425]	88	133	-29	0	-10	2	det1=true
[19426]	88	133	-23	-4	-2	-10	det1=true
[19427]	88	133	-33	-4	-2	10	det1=true
[19428]	89	133	-22	-7	-9	-5	det1=true
[19429]	89	133	-27	-7	-9	5	det1=true
[19430]	91	133	-39	-5	-4	-9	det1=true
[19431]	91	133	-48	-5	-4	9	det1=true
[19432]	96	133	-14	-10	-6	-9	det1=true
[19433]	96	133	-23	-10	-6	9	det1=true
[19434]	101	133	-43	-6	-5	-9	det1=true
[19435]	101	133	-52	-6	-5	9	det1=true
[19436]	103	133	-41	-22	-9	-5	det1=true
[19437]	103	133	-46	-22	-9	5	det1=true
[19438]	103	133	-33	-19	-8	-7	det1=true
[19439]	103	133	-40	-19	-8	7	det1=true
[19440]	103	133	-30	-1	-2	11	det1=true
[19441]	108	133	-30	-2	-2	-11	det1=true
[19442]	108	133	-41	-2	-2	11	det1=true
[19443]	109	133	-34	-12	-1	-11	det1=true
[19444]	109	133	-45	-12	-1	11	det1=true
[19445]	114	133	-46	-44	-1	-10	det1=true
[19446]	114	133	-46	-28	-9	6	det1=true
[19447]	115	133	-46	-38	-5	-9	det1=true
[19448]	115	133	-55	-38	-5	9	det1=true
[19449]	115	133	-37	-22	-11	-2	det1=true
[19450]	115	133	-3	-3	-8	-9	det1=true
[19451]	115	133	-12	-3	-8	9	det1=true
[19452]	117	133	-17	-2	-11	5	det1=true
[19453]	119	133	-47	-43	-5	-9	det1=true
[19454]	119	133	-56	-43	-5	9	det1=true
[19455]	121	133	-42	-32	-1	-11	det1=true
[19456]	121	133	-53	-32	-1	11	det1=true
[19457]	126	133	-56	-26	-6	-9	det1=true
[19458]	126	133	-65	-26	-6	9	det1=true
[19459]	126	133	-27	-20	-8	-9	det1=true
[19460]	126	133	-36	-20	-8	9	det1=true
[19461]	130	133	-43	-6	-10	7	det1=true
[19462]	133	133	-46	-1	-11	-5	det1=true
[19463]	133	133	-51	-1	-11	5	det1=true
[19464]	57	134	-16	-11	-8	-2	det1=true
[19465]	57	134	-18	-11	-8	2	det1=true
[19466]	67	134	-13	0	-2	9	det1=true
[19467]	70	134	-31	-22	-8	-3	det1=true
[19468]	70	134	-34	-22	-8	3	det1=true
[19469]	73	134	-23	-10	-2	-9	det1=true
[19470]	73	134	-32	-10	-2	9	det1=true
[19471]	74	134	-34	-6	-6	7	det1=true
[19472]	80	134	-30	-24	-2	-9	det1=true
[19473]	80	134	-39	-24	-2	9	det1=true
[19474]	85	134	-22	-13	-8	-6	det1=true
[19475]	85	134	-28	-13	-8	6	det1=true
[19476]	86	134	-6	-2	-10	-3	det1=true
[19477]	95	134	-33	-6	-10	-3	det1=true
[19478]	95	134	-36	-6	-10	3	det1=true
[19479]	96	134	-28	2	-7	-8	det1=true
[19480]	96	134	-36	2	-7	8	det1=true
[19481]	96	134	-23	-14	-8	-7	det1=true
[19482]	96	134	-30	-14	-8	7	det1=true
[19483]	99	134	-4	-8	-2	-11	det1=true
[19484]	99	134	-15	-8	-2	11	det1=true
[19485]	103	134	-36	-25	-3	-10	det1=true
[19486]	103	134	-46	-25	-3	10	det1=true
[19487]	107	134	-28	-10	-2	-11	det1=true
[19488]	107	134	-39	-10	-2	11	det1=true
[19489]	108	134	-46	1	-10	-4	det1=true
[19490]	108	134	-50	1	-10	4	det1=true
[19491]	113	134	-20	-12	-11	-4	det1=true
[19492]	113	134	-24	-12	-11	4	det1=true
[19493]	115	134	-52	-1	-4	-10	det1=true
[19494]	121	134	-52	-32	-8	-7	det1=true
[19495]	125	134	-56	-40	-10	-3	det1=true
[19496]	125	134	-59	-40	-10	3	det1=true
[19497]	131	134	-36	-24	-1	-12	det1=true
[19498]	131	134	-48	-24	-1	12	det1=true
[19499]	132	134	-52	-15	-11	-4	det1=true
[19500]	132	134	-56	-15	-11	4	det1=true
[19501]	134	134	-8	-5	-5	-12	det1=true
[19502]	59	135	-17	-19	-2	-8	det1=true
[19503]	59	135	-25	-19	-2	8	det1=true
[19504]	65	135	-26	-11	-7	-5	det1=true
[19505]	65	135	-31	-11	-7	5	det1=true
[19506]	74	135	-23	0	-8	-5	det1=true
[19507]	74	135	-28	0	-8	5	det1=true
[19508]	79	135	-26	-19	-8	-5	det1=true
[19509]	79	135	-31	-19	-8	5	det1=true
[19510]	81	135	-1	-1	-2	-10	det1=true
[19511]	81	135	-11	-1	-2	10	det1=true
[19512]	84	135	-19	-6	-10	2	det1=true
[19513]	91	135	-40	-7	-10	1	det1=true
[19514]	95	135	-42	-14	-8	-6	det1=true
[19515]	95	135	-42	-4	-10	-2	det1=true
[19516]	95	135	-44	-4	-10	2	det1=true
[19517]	99	135	-45	-38	-5	-8	det1=true
[19518]	100	135	-14	-4	-2	-11	det1=true
[19519]	100	135	-25	-4	-2	11	det1=true
[19520]	101	135	-42	-13	-10	-3	det1=true
[19521]	101	135	-45	-13	-10	3	det1=true
[19522]	103	135	-45	-13	-10	-3	det1=true
[19523]	103	135	-48	-13	-10	3	det1=true
[19524]	107	135	-43	-4	-9	-6	det1=true
[19525]	107	135	-49	-4	-9	6	det1=true
[19526]	109	135	-33	-23	-11	-1	det1=true
[19527]	109	135	-34	-23	-11	1	det1=true
[19528]	115	135	-47	-32	-9	6	det1=true
[19529]	115	135	-11	-6	-9	-8	det1=true
[19530]	115	135	-19	-6	-9	8	det1=true
[19531]	116	135	-52	-30	-3	-10	det1=true
[19532]	116	135	-62	-30	-3	10	det1=true
[19533]	117	135	-55	-37	-10	-2	det1=true
[19534]	117	135	-57	-37	-10	2	det1=true
[19535]	121	135	-47	-21	-2	-11	det1=true
[19536]	121	135	-58	-21	-2	11	det1=true
[19537]	122	135	-55	-48	-10	-1	det1=true
[19538]	122	135	-56	-48	-10	1	det1=true
[19539]	124	135	-20	-19	-7	-10	det1=true
[19540]	124	135	-30	-19	-7	10	det1=true
[19541]	125	135	-53	-34	-9	-6	det1=true
[19542]	125	135	-59	-34	-9	6	det1=true
[19543]	125	135	-43	-15	-6	-10	det1=true
[19544]	125	135	-53	-15	-6	10	det1=true
[19545]	127	135	-58	-30	-4	-10	det1=true
[19546]	128	135	-3	-2	-8	-10	det1=true
[19547]	129	135	-35	-13	-10	-7	det1=true
[19548]	129	135	-42	-13	-10	7	det1=true
[19549]	130	135	-40	-2	-10	-7	det1=true
[19550]	130	135	-47	-2	-10	7	det1=true
[19551]	130	135	-14	1	-8	-10	det1=true
[19552]	130	135	-24	1	-8	10	det1=true
[19553]	132	135	-19	-4	-8	-10	det1=true
[19554]	133	135	-16	-7	-1	13	det1=true
[19555]	135	135	-14	-5	-11	-7	det1=true
[19556]	48	136	-6	-5	-5	-6	det1=true
[19557]	48	136	-12	-5	-5	6	det1=true
[19558]	68	136	-22	2	-6	7	det1=true
[19559]	74	136	-25	-16	-2	-9	det1=true
[19560]	74	136	-34	-16	-2	9	det1=true
[19561]	76	136	-32	-14	-9	-2	det1=true
[19562]	76	136	-34	-14	-9	2	det1=true
[19563]	79	136	-18	-9	-9	-4	det1=true
[19564]	80	136	-17	-14	-4	-9	det1=true
[19565]	80	136	-26	-14	-4	9	det1=true
[19566]	85	136	-10	2	-10	-3	det1=true
[19567]	85	136	-13	2	-10	3	det1=true
[19568]	86	136	-23	-10	-10	-2	det1=true
[19569]	86	136	-25	-10	-10	2	det1=true
[19570]	88	136	-31	-2	-10	-2	det1=true
[19571]	88	136	-33	-2	-10	2	det1=true
[19572]	88	136	-27	-12	-10	-2	det1=true
[19573]	90	136	-31	-6	-2	-10	det1=true
[19574]	90	136	-41	-6	-2	10	det1=true
[19575]	90	136	-32	-11	-10	-2	det1=true
[19576]	90	136	-34	-11	-10	2	det1=true
[19577]	90	136	-28	-15	-2	-10	det1=true
[19578]	90	136	-38	-15	-2	10	det1=true
[19579]	90	136	-31	-22	-10	1	det1=true
[19580]	93	136	-46	-9	-9	-4	det1=true
[19581]	93	136	-38	-37	-5	-8	det1=true
[19582]	93	136	-46	-37	-5	8	det1=true
[19583]	97	136	-26	-27	-3	-10	det1=true
[19584]	97	136	-36	-27	-3	10	det1=true
[19585]	98	136	-28	-6	-9	-6	det1=true
[19586]	98	136	-34	-6	-9	6	det1=true
[19587]	101	136	-34	-6	-9	-6	det1=true
[19588]	101	136	-40	-6	-9	6	det1=true
[19589]	102	136	-48	-19	-10	-2	det1=true
[19590]	102	136	-50	-19	-10	2	det1=true
[19591]	103	136	-42	-18	-3	-10	det1=true
[19592]	103	136	-52	-18	-3	10	det1=true
[19593]	104	136	-43	-8	-8	-7	det1=true
[19594]	109	136	-51	-30	-10	-2	det1=true
[19595]	109	136	-53	-30	-10	2	det1=true
[19596]	112	136	-12	-2	-1	12	det1=true
[19597]	118	136	-48	-30	-9	-6	det1=true
[19598]	118	136	-54	-30	-9	6	det1=true
[19599]	118	136	-14	-11	-2	-12	det1=true
[19600]	118	136	-26	-11	-2	12	det1=true
[19601]	121	136	-52	-35	-7	-8	det1=true
[19602]	122	136	-31	-2	-12	-2	det1=true
[19603]	122	136	-33	-2	-12	2	det1=true
[19604]	126	136	-57	-52	-10	-1	det1=true
[19605]	126	136	-58	-52	-10	1	det1=true
[19606]	126	136	-50	-30	-2	-11	det1=true
[19607]	126	136	-61	-30	-2	11	det1=true
[19608]	127	136	-69	-30	-4	10	det1=true
[19609]	132	136	-61	-36	-4	-10	det1=true
[19610]	132	136	-71	-36	-4	10	det1=true
[19611]	133	136	-90	-9	-9	4	det1=true
[19612]	134	136	-46	-3	-2	-12	det1=true
[19613]	134	136	-58	-3	-2	12	det1=true
[19614]	136	136	-81	-40	-8	6	det1=true
[19615]	33	133	-7	-1	-5	-4	det1=true
[19616]	49	133	-17	-3	-3	-7	det1=true
[19617]	49	133	-24	-3	-3	7	det1=true
[19618]	54	133	-16	-6	-8	-1	det1=true
[19619]	54	133	-17	-6	-8	1	det1=true
[19620]	54	133	-13	-8	-4	-7	det1=true
[19621]	54	133	-20	-8	-4	7	det1=true
[19622]	67	133	1	2	-7	-6	det1=true
[19623]	68	133	-6	-4	-6	-7	det1=true
[19624]	75	133	-25	-12	-5	8	det1=true
[19625]	79	133	-25	-16	-5	-8	det1=true
[19626]	79	133	-33	-16	-5	8	det1=true
[19627]	79	133	-15	-3	-9	-4	det1=true
[19628]	79	133	-19	-3	-9	4	det1=true
[19629]	85	133	-14	-6	-2	-10	det1=true
[19630]	85	133	-24	-6	-2	10	det1=true
[19631]	86	133	-25	-8	-6	-8	det1=true
[19632]	87	133	-40	-17	-8	-5	det1=true
[19633]	87	133	-45	-17	-8	5	det1=true
[19634]	87	133	-40	-16	-9	-3	det1=true
[19635]	87	133	-43	-16	-9	3	det1=true
[19636]	87	133	-25	-9	-1	-10	det1=true
[19637]	87	133	-35	-9	-1	10	det1=true
[19638]	90	133	-16	-9	-3	-10	det1=true
[19639]	90	133	-26	-9	-3	10	det1=true
[19640]	92	133	-42	-34	-9	-2	det1=true
[19641]	92	133	-44	-34	-9	2	det1=true
[19642]	93	133	-17	-6	-7	-8	det1=true
[19643]	95	133	-14	-3	-6	-9	det1=true
[19644]	97	133	-37	5	-10	-3	det1=true
[19645]	97	133	-40	5	-10	3	det1=true
[19646]	104	133	-41	-38	-4	-9	det1=true
[19647]	104	133	-50	-38	-4	9	det1=true
[19648]	108	133	-4	-3	-6	-10	det1=true
[19649]	109	133	-16	-4	-10	6	det1=true
[19650]	114	133	-44	-1	-11	-2	det1=true
[19651]	114	133	-46	-1	-11	2	det1=true
[19652]	115	133	-39	-22	-11	2	det1=true
[19653]	117	133	-12	-2	-11	-5	det1=true
[19654]	121	133	-52	-2	-1	-11	det1=true
[19655]	123	133	-49	-53	-1	-10	det1=true
[19656]	127	133	-54	-15	-2	-11	det1=true
[19657]	127	133	-65	-15	-2	11	det1=true
[19658]	127	133	-45	-39	-1	-11	det1=true
[19659]	127	133	-56	-39	-1	11	det1=true
[19660]	127	133	-14	-5	-6	-11	det1=true
[19661]	127	133	-25	-5	-6	11	det1=true
[19662]	129	133	-59	-16	-11	-2	det1=true
[19663]	129	133	-61	-16	-11	2	det1=true
[19664]	129	133	-49	-37	-1	-11	det1=true
[19665]	129	133	-60	-37	-1	11	det1=true
[19666]	129	133	-47	-5	-4	-11	det1=true
[19667]	129	133	-58	-5	-4	11	det1=true
[19668]	131	133	-59	-55	-9	-4	det1=true
[19669]	131	133	-63	-55	-9	4	det1=true
[19670]	20	134	-6	0	-4	-3	det1=true
[19671]	42	134	-10	-3	-6	-4	det1=true
[19672]	42	134	-14	-3	-6	4	det1=true
[19673]	71	134	-20	-2	-2	-9	det1=true
[19674]	74	134	-27	-6	-6	-7	det1=true
[19675]	74	134	-21	-18	-2	-9	det1=true
[19676]	74	134	-30	-18	-2	9	det1=true
[19677]	82	134	-10	-13	-1	-10	det1=true
[19678]	85	134	-32	-32	-6	-7	det1=true
[19679]	85	134	-39	-32	-6	7	det1=true
[19680]	86	134	-22	-5	-10	-2	det1=true
[19681]	86	134	-24	-5	-10	2	det1=true
[19682]	89	134	-32	-12	-10	-1	det1=true
[19683]	89	134	-33	-12	-10	1	det1=true
[19684]	90	134	-33	2	-10	-2	det1=true
[19685]	90	134	-35	2	-10	2	det1=true
[19686]	95	134	-31	-16	-10	3	det1=true
[19687]	97	134	-44	-25	-8	6	det1=true
[19688]	105	134	-38	-40	-1	-10	det1=true
[19689]	105	134	-48	-40	-1	10	det1=true
[19690]	110	134	-48	-33	-10	-2	det1=true
[19691]	110	134	-50	-33	-10	2	det1=true
[19692]	112	134	-25	-16	-6	10	det1=true
[19693]	116	134	-10	-8	-8	-9	det1=true
[19694]	116	134	-19	-8	-8	9	det1=true
[19695]	122	134	-57	-38	-10	3	det1=true
[19696]	125	134	-35	4	-8	-9	det1=true
[19697]	125	134	-44	4	-8	9	det1=true
[19698]	131	134	-46	1	-12	2	det1=true
[19699]	133	134	-50	-48	-9	-6	det1=true
[19700]	133	134	-56	-48	-9	6	det1=true
[19701]	134	134	-30	-33	-2	-12	det1=true
[19702]	134	134	-42	-33	-2	12	det1=true
[19703]	134	134	-30	-15	-11	-6	det1=true
[19704]	134	134	-20	-5	-5	12	det1=true
[19705]	39	135	-1	-2	-1	-7	det1=true
[19706]	39	135	-8	-2	-1	7	det1=true
[19707]	60	135	-26	-19	-7	-4	det1=true
[19708]	60	135	-30	-19	-7	4	det1=true
[19709]	61	135	-14	-11	-7	-5	det1=true
[19710]	61	135	-19	-11	-7	5	det1=true
[19711]	71	135	-36	-1	-1	9	det1=true
[19712]	73	135	-27	-16	-1	-9	det1=true
[19713]	73	135	-36	-16	-1	9	det1=true
[19714]	73	135	-19	1	-5	-8	det1=true
[19715]	73	135	-27	1	-5	8	det1=true
[19716]	77	135	-23	-16	-5	-8	det1=true
[19717]	77	135	-31	-16	-5	8	det1=true
[19718]	79	135	-27	-17	-5	-8	det1=true
[19719]	84	135	-16	-1	-2	-10	det1=true
[19720]	84	135	-26	-1	-2	10	det1=true
[19721]	87	135	-23	-19	-1	-10	det1=true
[19722]	87	135	-33	-19	-1	10	det1=true
[19723]	87	135	-26	-6	-10	-2	det1=true
[19724]	88	135	-32	-15	-2	10	det1=true
[19725]	91	135	-39	-7	-10	-1	det1=true
[19726]	92	135	-28	1	-7	8	det1=true
[19727]	95	135	-32	-24	-10	-2	det1=true
[19728]	95	135	-21	-7	-10	-4	det1=true
[19729]	95	135	-25	-7	-10	4	det1=true
[19730]	97	135	-16	-1	-11	-1	det1=true
[19731]	97	135	-17	-1	-11	1	det1=true
[19732]	97	135	-11	-6	-1	-11	det1=true
[19733]	97	135	-22	-6	-1	11	det1=true
[19734]	99	135	-37	-12	-3	-10	det1=true
[19735]	99	135	-47	-12	-3	10	det1=true
[19736]	100	135	-41	-24	-10	-2	det1=true
[19737]	100	135	-43	-24	-10	2	det1=true
[19738]	100	135	-28	-30	-3	-10	det1=true
[19739]	100	135	-38	-30	-3	10	det1=true
[19740]	103	135	-48	-1	-10	-3	det1=true
[19741]	103	135	-51	-1	-10	3	det1=true
[19742]	105	135	-22	-17	-2	-11	det1=true
[19743]	114	135	-8	-3	-9	-8	det1=true
[19744]	114	135	-16	-3	-9	8	det1=true
[19745]	115	135	-41	-32	-9	-6	det1=true
[19746]	115	135	-23	-17	-4	-11	det1=true
[19747]	115	135	-34	-17	-4	11	det1=true
[19748]	115	135	-9	-10	-1	-12	det1=true
[19749]	116	135	-3	2	-10	-7	det1=true
[19750]	116	135	-10	2	-10	7	det1=true
[19751]	122	135	-16	-17	-7	-10	det1=true
[19752]	122	135	-26	-17	-7	10	det1=true
[19753]	123	135	-52	-31	-6	-9	det1=true
[19754]	124	135	-28	-3	-7	-10	det1=true
[19755]	125	135	-61	-55	-9	-3	det1=true
[19756]	128	135	-53	-40	-4	-10	det1=true
[19757]	128	135	-63	-40	-4	10	det1=true
[19758]	130	135	-12	-5	-8	-10	det1=true
[19759]	130	135	-22	-5	-8	10	det1=true
[19760]	133	135	-57	1	-8	9	det1=true
[19761]	135	135	-59	-41	-6	-9	det1=true
[19762]	135	135	-12	-7	-7	-11	det1=true
[19763]	135	135	-23	-7	-7	11	det1=true
[19764]	42	136	-7	-6	-2	-7	det1=true
[19765]	42	136	-14	-6	-2	7	det1=true
[19766]	73	136	-28	-9	-9	-2	det1=true
[19767]	86	136	-19	-14	-2	-10	det1=true
[19768]	86	136	-29	-14	-2	10	det1=true
[19769]	90	136	-30	-22	-10	-1	det1=true
[19770]	91	136	-41	-10	-4	-9	det1=true
[19771]	91	136	-50	-10	-4	9	det1=true
[19772]	95	136	-44	-39	-7	-6	det1=true
[19773]	95	136	-50	-39	-7	6	det1=true
[19774]	97	136	-39	-18	-2	-10	det1=true
[19775]	97	136	-49	-18	-2	10	det1=true
[19776]	97	136	-26	-11	-10	-4	det1=true
[19777]	97	136	-30	-11	-10	4	det1=true
[19778]	97	136	-3	-4	-2	-11	det1=true
[19779]	97	136	-14	-4	-2	11	det1=true
[19780]	109	136	-42	-26	-7	-8	det1=true
[19781]	111	136	-56	-39	-2	10	det1=true
[19782]	117	136	-34	2	-4	-11	det1=true
[19783]	117	136	-45	2	-4	11	det1=true
[19784]	119	136	-41	4	-10	-6	det1=true
[19785]	119	136	-28	-13	-2	12	det1=true
[19786]	127	136	-41	-28	-10	-6	det1=true
[19787]	127	136	-47	-28	-10	6	det1=true
[19788]	128	136	-41	-30	-10	-6	det1=true
[19789]	128	136	-47	-30	-10	6	det1=true
[19790]	130	136	-15	-6	-8	-10	det1=true
[19791]	130	136	-25	-6	-8	10	det1=true
[19792]	131	136	-40	-13	-2	-12	det1=true
[19793]	131	136	-52	-13	-2	12	det1=true
[19794]	135	136	-6	-8	-2	-13	det1=true
[19795]	135	136	-19	-8	-2	13	det1=true
[19796]	136	136	-75	-40	-8	-6	det1=true
[19797]	53	133	-20	-19	-3	-7	det1=true
[19798]	53	133	-27	-19	-3	7	det1=true
[19799]	64	133	-18	-18	-3	-8	det1=true
[19800]	64	133	-26	-18	-3	8	det1=true
[19801]	68	133	-13	-4	-6	7	det1=true
[19802]	82	133	-8	-12	-1	-10	det1=true
[19803]	82	133	-18	-12	-1	10	det1=true
[19804]	85	133	-17	-15	-1	-10	det1=true
[19805]	85	133	-27	-15	-1	10	det1=true
[19806]	86	133	-33	-8	-6	8	det1=true
[19807]	91	133	-12	-1	-8	-7	det1=true
[19808]	91	133	-19	-1	-8	7	det1=true
[19809]	94	133	-36	-15	-1	-10	det1=true
[19810]	94	133	-46	-15	-1	10	det1=true
[19811]	97	133	-4	-5	-1	-11	det1=true
[19812]	97	133	-15	-5	-1	11	det1=true
[19813]	105	133	-40	-2	-10	-4	det1=true
[19814]	105	133	-44	-2	-10	4	det1=true
[19815]	107	133	-16	-12	-11	-3	det1=true
[19816]	108	133	-6	-1	-10	-6	det1=true
[19817]	108	133	-12	-1	-10	6	det1=true
[19818]	121	133	-63	-2	-1	11	det1=true
[19819]	129	133	-53	-42	-7	-8	det1=true
[19820]	129	133	-61	-42	-7	8	det1=true
[19821]	130	133	-49	-34	-2	-11	det1=true
[19822]	130	133	-60	-34	-2	11	det1=true
[19823]	59	134	-24	-17	-7	-4	det1=true
[19824]	59	134	-28	-17	-7	4	det1=true
[19825]	63	134	-24	-8	-8	-3	det1=true
[19826]	63	134	-27	-8	-8	3	det1=true
[19827]	82	134	-13	-12	-8	-6	det1=true
[19828]	82	134	-19	-12	-8	6	det1=true
[19829]	86	134	-18	-9	-2	-10	det1=true
[19830]	92	134	-18	1	-7	-8	det1=true
[19831]	92	134	-26	1	-7	8	det1=true
[19832]	95	134	-28	-16	-10	-3	det1=true
[19833]	99	134	-14	4	-11	2	det1=true
[19834]	104	134	-29	-16	-2	11	det1=true
[19835]	114	134	-50	-20	-8	-7	det1=true
[19836]	114	134	-57	-20	-8	7	det1=true
[19837]	116	134	-14	-6	-12	-1	det1=true
[19838]	116	134	-15	-6	-12	1	det1=true
[19839]	116	134	-5	4	-12	-2	det1=true
[19840]	116	134	-7	4	-12	2	det1=true
[19841]	120	134	-42	-26	-2	-11	det1=true
[19842]	120	134	-53	-26	-2	11	det1=true
[19843]	121	134	-59	-32	-8	7	det1=true
[19844]	122	134	-40	-18	-11	4	det1=true
[19845]	123	134	-51	-34	-10	-4	det1=true
[19846]	123	134	-55	-34	-10	4	det1=true
[19847]	128	134	-60	-29	-10	-4	det1=true
[19848]	92	135	-20	1	-7	-8	det1=true
[19849]	100	135	-34	-12	-8	-7	det1=true
[19850]	100	135	-41	-12	-8	7	det1=true
[19851]	109	135	-17	4	-11	-4	det1=true
[19852]	109	135	-21	4	-11	4	det1=true
[19853]	110	135	-40	-36	-3	-10	det1=true
[19854]	110	135	-50	-36	-3	10	det1=true
[19855]	114	135	-40	-14	-2	-11	det1=true
[19856]	114	135	-51	-14	-2	11	det1=true
[19857]	117	135	-38	-33	-1	-11	det1=true
[19858]	117	135	-49	-33	-1	11	det1=true
[19859]	122	135	-42	-8	-11	-4	det1=true
[19860]	122	135	-46	-8	-11	4	det1=true
[19861]	123	135	-19	-17	-7	-10	det1=true
[19862]	123	135	-29	-17	-7	10	det1=true
[19863]	131	135	-58	-33	-11	-1	det1=true
[19864]	131	135	-59	-33	-11	1	det1=true
[19865]	135	135	-21	-5	-11	7	det1=true
[19866]	62	136	-24	1	-3	-8	det1=true
[19867]	62	136	-32	1	-3	8	det1=true
[19868]	68	136	-15	2	-6	-7	det1=true
[19869]	73	136	-30	-9	-9	2	det1=true
[19870]	74	136	-26	-14	-6	-7	det1=true
[19871]	74	136	-33	-14	-6	7	det1=true
[19872]	76	136	-6	-6	-4	-9	det1=true
[19873]	76	136	-15	-6	-4	9	det1=true
[19874]	82	136	-33	-28	-2	-9	det1=true
[19875]	82	136	-42	-28	-2	9	det1=true
[19876]	88	136	-18	-3	-3	-10	det1=true
[19877]	88	136	-28	-3	-3	10	det1=true
[19878]	102	136	-18	-14	-2	-11	det1=true
[19879]	102	136	-29	-14	-2	11	det1=true
[19880]	103	136	-28	-3	-11	-2	det1=true
[19881]	103	136	-30	-3	-11	2	det1=true
[19882]	104	136	-50	-8	-8	7	det1=true
[19883]	105	136	-46	-27	-2	-10	det1=true
[19884]	105	136	-56	-27	-2	10	det1=true
[19885]	108	136	-16	2	-11	-4	det1=true
[19886]	108	136	-20	2	-11	4	det1=true
[19887]	115	136	-32	-6	-11	-4	det1=true
[19888]	115	136	-36	-6	-11	4	det1=true
[19889]	115	136	0	1	-7	-10	det1=true
[19890]	115	136	-10	1	-7	10	det1=true
[19891]	119	136	-20	-1	-2	-12	det1=true
[19892]	119	136	-32	-1	-2	12	det1=true
[19893]	119	136	-16	-13	-2	-12	det1=true
[19894]	128	136	-31	-12	-12	-3	det1=true
[19895]	133	136	-58	-30	-2	-11	det1=true
[19896]	134	136	-32	-18	-11	-6	det1=true
[19897]	136	136	-40	-34	-1	-12	det1=true
[19898]	136	136	-52	-34	-1	12	det1=true
[19899]	77	133	-25	-20	-7	-6	det1=true
[19900]	77	133	-31	-20	-7	6	det1=true
[19901]	87	133	-35	-25	-8	-5	det1=true
[19902]	87	133	-40	-25	-8	5	det1=true
[19903]	99	133	-19	3	-11	-1	det1=true
[19904]	99	133	-20	3	-11	1	det1=true
[19905]	114	133	-56	-44	-1	10	det1=true
[19906]	114	133	-40	-28	-9	-6	det1=true
[19907]	125	133	-44	-8	-10	-6	det1=true
[19908]	125	133	-50	-8	-10	6	det1=true
[19909]	126	133	-55	-28	-6	-9	det1=true
[19910]	126	133	-64	-28	-6	9	det1=true
[19911]	133	133	-22	-10	-4	-12	det1=true
[19912]	133	133	-34	-10	-4	12	det1=true
[19913]	20	134	-9	0	-4	3	det1=true
[19914]	71	134	-29	-2	-2	9	det1=true
[19915]	82	134	-20	-13	-1	10	det1=true
[19916]	84	134	-14	1	-2	-10	det1=true
[19917]	86	134	-34	-25	-5	-8	det1=true
[19918]	86	134	-42	-25	-5	8	det1=true
[19919]	112	134	-17	-14	-10	-6	det1=true
[19920]	112	134	-23	-14	-10	6	det1=true
[19921]	122	134	-54	-38	-10	-3	det1=true
[19922]	130	134	-26	-6	-11	-6	det1=true
[19923]	130	134	-32	-6	-11	6	det1=true
[19924]	131	134	-44	1	-12	-2	det1=true
[19925]	134	134	-30	-30	-7	-10	det1=true
[19926]	70	135	-8	0	-8	-5	det1=true
[19927]	70	135	-13	0	-8	5	det1=true
[19928]	88	135	-18	-4	-10	-3	det1=true
[19929]	98	135	-28	1	-9	-6	det1=true
[19930]	106	135	-45	-22	-10	-3	det1=true
[19931]	106	135	-48	-22	-10	3	det1=true
[19932]	109	135	-39	1	-11	-2	det1=true
[19933]	109	135	-41	1	-11	2	det1=true
[19934]	110	135	-16	-4	-4	-11	det1=true
[19935]	110	135	-27	-4	-4	11	det1=true
[19936]	111	135	-49	-24	-3	-10	det1=true
[19937]	131	135	-33	-29	-8	-9	det1=true
[19938]	131	135	-42	-29	-8	9	det1=true
[19939]	95	136	-34	-10	-7	8	det1=true
[19940]	103	136	-42	-6	-8	-7	det1=true
[19941]	103	136	-49	-6	-8	7	det1=true
[19942]	109	136	-50	-26	-7	8	det1=true
[19943]	126	136	-48	-35	-11	-2	det1=true
[19944]	126	136	-50	-35	-11	2	det1=true
[19945]	133	136	-98	-20	-2	9	det1=true
[19946]	133	136	-69	-30	-2	11	det1=true
[19947]	58	133	-20	-17	-7	-4	det1=true
[19948]	58	133	-24	-17	-7	4	det1=true
[19949]	63	133	-23	0	-3	-8	det1=true
[19950]	63	133	-31	0	-3	8	det1=true
[19951]	67	133	2	1	-2	-9	det1=true
[19952]	67	133	-7	1	-2	9	det1=true
[19953]	82	133	-35	-20	-2	-9	det1=true
[19954]	86	133	-31	-2	-4	-9	det1=true
[19955]	86	133	-40	-2	-4	9	det1=true
[19956]	92	133	-35	-20	-2	10	det1=true
[19957]	96	133	-46	0	-10	-1	det1=true
[19958]	96	133	-47	0	-10	1	det1=true
[19959]	100	133	-33	-30	-2	-10	det1=true
[19960]	101	133	-20	-1	-1	-11	det1=true
[19961]	101	133	-31	-1	-1	11	det1=true
[19962]	112	133	-50	-40	-4	-9	det1=true
[19963]	131	133	-47	-21	-10	-6	det1=true
[19964]	131	133	-53	-21	-10	6	det1=true
[19965]	59	134	-12	0	-3	-8	det1=true
[19966]	59	134	-20	0	-3	8	det1=true
[19967]	73	134	-24	-8	-6	-7	det1=true
[19968]	73	134	-31	-8	-6	7	det1=true
[19969]	86	134	-36	-22	-5	-8	det1=true
[19970]	86	134	-28	-9	-2	10	det1=true
[19971]	90	134	-24	-17	-2	-10	det1=true
[19972]	90	134	-34	-17	-2	10	det1=true
[19973]	92	134	-37	-34	-8	-5	det1=true
[19974]	92	134	-42	-34	-8	5	det1=true
[19975]	97	134	-38	-25	-8	-6	det1=true
[19976]	99	134	-12	4	-11	-2	det1=true
[19977]	128	134	-64	-29	-10	4	det1=true
[19978]	56	135	-25	-6	-8	-1	det1=true
[19979]	56	135	-26	-6	-8	1	det1=true
[19980]	73	135	-20	-1	-8	-5	det1=true
[19981]	73	135	-25	-1	-8	5	det1=true
[19982]	81	135	-35	-7	-5	-8	det1=true
[19983]	81	135	-43	-7	-5	8	det1=true
[19984]	84	135	-17	-6	-10	-2	det1=true
[19985]	87	135	-34	-28	-9	-3	det1=true
[19986]	87	135	-37	-28	-9	3	det1=true
[19987]	88	135	-21	-4	-10	3	det1=true
[19988]	95	135	-28	-28	-2	-10	det1=true
[19989]	95	135	-38	-28	-2	10	det1=true
[19990]	111	135	-59	-24	-3	10	det1=true
[19991]	112	135	-44	5	-11	-2	det1=true
[19992]	112	135	-46	5	-11	2	det1=true
[19993]	43	136	-19	-10	-4	6	det1=true
[19994]	75	136	-4	3	-9	-4	det1=true
[19995]	75	136	-8	3	-9	4	det1=true
[19996]	82	136	-22	3	-6	-8	det1=true
[19997]	87	136	-36	-34	-7	-6	det1=true
[19998]	87	136	-42	-34	-7	6	det1=true
[19999]	88	136	-27	-6	-2	-10	det1=true
[20000]	88	136	-37	-6	-2	10	det1=true
[20001]	95	136	-26	-10	-7	-8	det1=true
[20002]	115	136	-58	-43	-2	10	det1=true
[20003]	120	136	-32	-23	-11	-4	det1=true
[20004]	120	136	-36	-23	-11	4	det1=true
[20005]	121	136	-29	-8	-8	-9	det1=true
[20006]	121	136	-38	-8	-8	9	det1=true
[20007]	130	136	-32	-23	-7	-10	det1=true
[20008]	130	136	-42	-23	-7	10	det1=true
[20009]	92	133	-25	-20	-2	-10	det1=true
[20010]	107	133	-21	1	-9	-7	det1=true
[20011]	107	133	-28	1	-9	7	det1=true
[20012]	111	133	-37	-25	-6	-9	det1=true
[20013]	111	133	-46	-25	-6	9	det1=true
[20014]	127	133	-57	-33	-7	-8	det1=true
[20015]	127	133	-65	-33	-7	8	det1=true
[20016]	133	133	-46	-47	-1	-11	det1=true
[20017]	133	133	-57	-47	-1	11	det1=true
[20018]	65	134	-27	-24	-2	-8	det1=true
[20019]	65	134	-35	-24	-2	8	det1=true
[20020]	74	134	-22	-16	-6	-7	det1=true
[20021]	74	134	-29	-16	-6	7	det1=true
[20022]	80	134	-31	-22	-6	-7	det1=true
[20023]	80	134	-38	-22	-6	7	det1=true
[20024]	92	134	-33	-20	-10	-1	det1=true
[20025]	92	134	-34	-20	-10	1	det1=true
[20026]	94	134	-20	-10	-7	-8	det1=true
[20027]	94	134	-28	-10	-7	8	det1=true
[20028]	123	134	-41	-34	-2	-11	det1=true
[20029]	123	134	-52	-34	-2	11	det1=true
[20030]	134	134	-40	-30	-7	10	det1=true
[20031]	56	135	-19	-2	-8	-2	det1=true
[20032]	56	135	-21	-2	-8	2	det1=true
[20033]	104	135	-47	-24	-10	-2	det1=true
[20034]	104	135	-49	-24	-10	2	det1=true
[20035]	81	136	-6	1	-2	-10	det1=true
[20036]	81	136	-16	1	-2	10	det1=true
[20037]	112	136	-22	-13	-6	-10	det1=true
[20038]	112	136	-32	-13	-6	10	det1=true
[20039]	115	136	-48	-43	-2	-10	det1=true
[20040]	135	136	-60	-7	-10	-6	det1=true
[20041]	31	133	-13	-5	-6	-1	det1=true
[20042]	31	133	-14	-5	-6	1	det1=true
[20043]	67	133	-5	2	-7	6	det1=true
[20044]	89	133	-35	-29	-5	-8	det1=true
[20045]	100	133	-43	-30	-2	10	det1=true
[20046]	127	133	-43	-37	-2	-11	det1=true
[20047]	127	133	-54	-37	-2	11	det1=true
[20048]	75	134	-30	-4	-7	-6	det1=true
[20049]	75	134	-36	-4	-7	6	det1=true
[20050]	88	135	-16	-3	-3	-10	det1=true
[20051]	88	135	-26	-3	-3	10	det1=true
[20052]	58	136	-14	4	-8	-3	det1=true
[20053]	58	136	-17	4	-8	3	det1=true
[20054]	84	136	-18	1	-2	-10	det1=true
[20055]	84	136	-28	1	-2	10	det1=true
[20056]	98	136	-24	-14	-9	-6	det1=true
[20057]	121	136	-33	-6	-12	-1	det1=true
[20058]	121	136	-34	-6	-12	1	det1=true
[20059]	130	136	-49	-22	-10	-6	det1=true
[20060]	130	136	-55	-22	-10	6	det1=true
[20061]	133	136	-54	-12	-4	-11	det1=true
[20062]	133	136	-65	-12	-4	11	det1=true
[20063]	135	136	-66	-7	-10	6	det1=true
[20064]	95	134	-40	-36	-8	-5	det1=true
[20065]	112	135	-24	-7	-10	-6	det1=true
[20066]	112	135	-30	-7	-10	6	det1=true
[20067]	43	136	-13	-10	-4	-6	det1=true
[20068]	126	136	-36	-13	-1	-12	det1=true
[20069]	126	136	-48	-13	-1	12	det1=true
[20070]	89	133	-43	-29	-5	8	det1=true
[20071]	133	133	-39	-21	-9	-8	det1=true
[20072]	56	135	-16	-5	-2	-8	det1=true
[20073]	56	135	-24	-5	-2	8	det1=true
[20074]	92	135	-38	-34	-5	-8	det1=true
[20075]	92	135	-46	-34	-5	8	det1=true
[20076]	99	135	-22	-20	-4	-10	det1=true
[20077]	99	135	-32	-20	-4	10	det1=true
[20078]	125	136	-47	-4	-6	-10	det1=true
[20079]	125	136	-57	-4	-6	10	det1=true
[20080]	107	133	-45	-47	-3	-9	det1=true
[20081]	121	133	-39	-36	-1	-11	det1=true
[20082]	121	133	-50	-36	-1	11	det1=true
[20083]	125	135	-28	-20	-11	-5	det1=true
[20084]	125	135	-33	-20	-11	5	det1=true
[20085]	132	135	-62	-22	-11	-2	det1=true
[20086]	132	135	-64	-22	-11	2	det1=true
[20087]	119	136	-25	4	-12	-2	det1=true
[20088]	119	136	-27	4	-12	2	det1=true
[20089]	43	133	-15	-12	-7	-1	det1=true
[20090]	43	133	-16	-12	-7	1	det1=true
[20091]	98	134	-45	-6	-10	-2	det1=true
[20092]	98	134	-47	-6	-10	2	det1=true
[20093]	102	134	-36	-37	-1	-10	det1=true
[20094]	102	134	-46	-37	-1	10	det1=true
[20095]	111	135	-24	2	-10	-6	det1=true
[20096]	111	135	-30	2	-10	6	det1=true
[20097]	106	136	-8	3	-6	-10	det1=true
[20098]	106	136	-18	3	-6	10	det1=true
[20099]	129	136	-50	-36	-2	-11	det1=true
[20100]	129	136	-61	-36	-2	11	det1=true
[20101]	111	133	-39	-1	-1	-11	det1=true
[20102]	111	133	-50	-1	-1	11	det1=true
[20103]	123	135	-37	3	-12	-1	det1=true
[20104]	123	135	-38	3	-12	1	det1=true
[20105]	79	133	-34	-11	-6	-7	det1=true
[20106]	120	135	-24	-10	-1	-12	det1=true
[20107]	120	135	-36	-10	-1	12	det1=true
[20108]	98	133	-44	-23	-9	-4	det1=true
[20109]	115	134	-12	-2	-12	-1	det1=true
[20110]	121	134	-22	-15	-1	-12	det1=true
[20111]	121	134	-34	-15	-1	12	det1=true
[20112]	93	136	-42	-16	-4	-9	det1=true
[20113]	93	136	-51	-16	-4	9	det1=true
[20114]	98	133	-48	-23	-9	4	det1=true
[20115]	111	133	-38	-9	-1	-11	det1=true
[20116]	111	133	-49	-9	-1	11	det1=true
[20117]	98	135	-28	-16	-8	-7	det1=true
[20118]	98	135	-35	-16	-8	7	det1=true
[20119]	114	135	-44	-32	-8	-7	det1=true
[20120]	114	135	-51	-32	-8	7	det1=true
[20121]	127	135	-68	-11	-2	11	det1=true
[20122]	97	133	-9	0	-11	-1	det1=true
[20123]	115	134	-13	-2	-12	1	det1=true
[20124]	127	135	-57	-11	-2	-11	det1=true
[20125]	97	133	-10	0	-11	1	det1=true
[20126]	127	136	-50	3	-6	-10	det1=true
[20127]	127	136	-60	3	-6	10	det1=true
[20128]	98	134	-41	-28	-4	-9	det1=true
[20129]	98	134	-50	-28	-4	9	det1=true
[20130]	50	133	-10	-7	-5	-6	det1=true
[20131]	50	133	-16	-7	-5	6	det1=true
[20132]	111	133	-37	-20	-11	1	det1=true
[20133]	111	133	-36	-20	-11	-1	det1=true
[20134]	85	134	-31	-34	-2	-9	det1=true
[20135]	85	134	-40	-34	-2	9	det1=true
[20136]	112	135	-22	-9	-6	-10	det1=true
[20137]	112	135	-32	-9	-6	10	det1=true
[20138]	123	135	-56	-6	-1	-11	det1=true
[20139]	123	135	-67	-6	-1	11	det1=true
[20140]	116	135	-53	-10	-4	-10	det1=true
[20141]	116	135	-63	-10	-4	10	det1=true
[20142]	108	136	-16	3	-6	-10	det1=true
[20143]	127	136	-52	5	-10	-6	det1=true
[20144]	127	136	-58	5	-10	6	det1=true
[20145]	111	133	-31	-25	-1	-11	det1=true
[20146]	111	133	-42	-25	-1	11	det1=true
[20147]	73	133	-35	-23	-8	-3	det1=true
[20148]	127	139	-59	-31	-11	-1	det1=true
[20149]	127	139	-60	-31	-11	1	det1=true
[20150]	47	137	-16	-4	-7	-3	det1=true
[20151]	47	137	-19	-4	-7	3	det1=true
[20152]	89	137	-35	-11	-6	-8	det1=true
[20153]	107	137	-34	-1	-2	-11	det1=true
[20154]	107	137	-45	-1	-2	11	det1=true
[20155]	131	137	-48	3	-8	-9	det1=true
[20156]	131	137	-57	3	-8	9	det1=true
[20157]	135	137	-47	-10	-7	-10	det1=true
[20158]	135	137	-57	-10	-7	10	det1=true
[20159]	117	138	-49	-8	-2	-11	det1=true
[20160]	117	138	-60	-8	-2	11	det1=true
[20161]	121	138	-28	3	-7	-10	det1=true
[20162]	121	138	-38	3	-7	10	det1=true
[20163]	125	138	-28	-20	-7	-10	det1=true
[20164]	135	138	-29	-14	-10	-8	det1=true
[20165]	135	138	-37	-14	-10	8	det1=true
[20166]	90	139	-42	1	-8	-6	det1=true
[20167]	90	139	-48	1	-8	6	det1=true
[20168]	130	139	-18	-15	-8	-10	det1=true
[20169]	130	139	-28	-15	-8	10	det1=true
[20170]	137	139	-11	-8	-3	-13	det1=true
[20171]	137	139	-24	-8	-3	13	det1=true
[20172]	74	140	-28	-1	-5	-8	det1=true
[20173]	74	140	-36	-1	-5	8	det1=true
[20174]	83	140	-22	-9	-10	-2	det1=true
[20175]	83	140	-24	-9	-10	2	det1=true
[20176]	114	140	-15	2	-10	-7	det1=true
[20177]	114	140	-22	2	-10	7	det1=true
[20178]	94	137	-35	-32	-4	-9	det1=true
[20179]	94	137	-44	-32	-4	9	det1=true
[20180]	102	137	-28	-23	-9	-6	det1=true
[20181]	102	137	-34	-23	-9	6	det1=true
[20182]	106	137	-44	-25	-3	-10	det1=true
[20183]	106	137	-54	-25	-3	10	det1=true
[20184]	108	137	-14	-6	-4	-11	det1=true
[20185]	108	137	-25	-6	-4	11	det1=true
[20186]	113	137	-7	-3	-5	-11	det1=true
[20187]	113	137	-18	-3	-5	11	det1=true
[20188]	123	137	-44	-5	-4	-11	det1=true
[20189]	123	137	-55	-5	-4	11	det1=true
[20190]	129	137	-57	-13	-7	-9	det1=true
[20191]	129	137	-66	-13	-7	9	det1=true
[20192]	130	137	-59	-36	-6	-9	det1=true
[20193]	130	137	-68	-36	-6	9	det1=true
[20194]	134	137	-61	-28	-2	-11	det1=true
[20195]	134	137	-72	-28	-2	11	det1=true
[20196]	55	138	-18	-16	-7	-4	det1=true
[20197]	55	138	-22	-16	-7	4	det1=true
[20198]	59	138	-24	-22	-4	-7	det1=true
[20199]	59	138	-31	-22	-4	7	det1=true
[20200]	102	138	-45	-32	-8	-6	det1=true
[20201]	102	138	-51	-32	-8	6	det1=true
[20202]	115	138	-55	-42	-10	-1	det1=true
[20203]	115	138	-56	-42	-10	1	det1=true
[20204]	117	138	-24	-8	-8	-9	det1=true
[20205]	117	138	-33	-8	-8	9	det1=true
[20206]	71	139	-19	0	-9	-3	det1=true
[20207]	75	139	-29	-1	-5	-8	det1=true
[20208]	75	139	-37	-1	-5	8	det1=true
[20209]	82	139	-38	-25	-7	-6	det1=true
[20210]	82	139	-44	-25	-7	6	det1=true
[20211]	83	139	-29	-19	-1	10	det1=true
[20212]	90	139	-41	-12	-10	1	det1=true
[20213]	97	139	-21	-10	-11	-1	det1=true
[20214]	97	139	-22	-10	-11	1	det1=true
[20215]	99	139	-38	-36	-6	-8	det1=true
[20216]	99	139	-46	-36	-6	8	det1=true
[20217]	123	139	-20	3	-6	-11	det1=true
[20218]	123	139	-31	3	-6	11	det1=true
[20219]	129	139	-4	-3	-1	-13	det1=true
[20220]	133	139	-35	-17	-6	-11	det1=true
[20221]	133	139	-46	-17	-6	11	det1=true
[20222]	136	139	-51	-36	-6	-10	det1=true
[20223]	136	139	-61	-36	-6	10	det1=true
[20224]	139	139	-100	-35	-2	9	det1=true
[20225]	139	139	-65	-56	-9	-5	det1=true
[20226]	139	139	-70	-56	-9	5	det1=true
[20227]	64	140	-6	2	-9	-2	det1=true
[20228]	64	140	-8	2	-9	2	det1=true
[20229]	79	140	-19	-6	-8	-6	det1=true
[20230]	79	140	-25	-6	-8	6	det1=true
[20231]	86	140	-18	1	-7	8	det1=true
[20232]	95	140	-38	-29	-1	-10	det1=true
[20233]	95	140	-48	-29	-1	10	det1=true
[20234]	116	140	-20	1	-7	-10	det1=true
[20235]	116	140	-30	1	-7	10	det1=true
[20236]	117	140	-22	-3	-7	-10	det1=true
[20237]	117	140	-32	-3	-7	10	det1=true
[20238]	120	140	-31	4	-10	-7	det1=true
[20239]	120	140	-38	4	-10	7	det1=true
[20240]	124	140	-45	-4	-12	-1	det1=true
[20241]	124	140	-46	-4	-12	1	det1=true
[20242]	127	140	-55	-8	-10	-6	det1=true
[20243]	127	140	-61	-8	-10	6	det1=true
[20244]	128	140	-18	-11	-10	-8	det1=true
[20245]	128	140	-26	-11	-10	8	det1=true
[20246]	134	140	-48	-15	-7	-10	det1=true
[20247]	134	140	-58	-15	-7	10	det1=true
[20248]	139	140	-55	-38	-10	-6	det1=true
[20249]	139	140	-61	-38	-10	6	det1=true
[20250]	140	140	-18	-6	-9	-10	det1=true
[20251]	47	137	-15	-6	-7	-3	det1=true
[20252]	47	137	-18	-6	-7	3	det1=true
[20253]	74	137	-28	-13	-7	-6	det1=true
[20254]	74	137	-34	-13	-7	6	det1=true
[20255]	77	137	-30	-9	-8	-5	det1=true
[20256]	77	137	-35	-9	-8	5	det1=true
[20257]	77	137	-21	-22	-5	-8	det1=true
[20258]	77	137	-29	-22	-5	8	det1=true
[20259]	78	137	-15	-10	-4	-9	det1=true
[20260]	78	137	-24	-10	-4	9	det1=true
[20261]	80	137	-6	1	-10	-2	det1=true
[20262]	80	137	-8	1	-10	2	det1=true
[20263]	87	137	-5	3	-7	-8	det1=true
[20264]	87	137	-13	3	-7	8	det1=true
[20265]	91	137	-6	-7	-6	-9	det1=true
[20266]	91	137	-15	-7	-6	9	det1=true
[20267]	95	137	-37	-32	-9	-4	det1=true
[20268]	95	137	-41	-32	-9	4	det1=true
[20269]	96	137	-40	-41	-5	-8	det1=true
[20270]	96	137	-2	0	-2	-11	det1=true
[20271]	96	137	-13	0	-2	11	det1=true
[20272]	98	137	-9	-10	-2	-11	det1=true
[20273]	98	137	-20	-10	-2	11	det1=true
[20274]	110	137	-27	-14	-4	11	det1=true
[20275]	111	137	-52	-13	-8	-7	det1=true
[20276]	111	137	-59	-13	-8	7	det1=true
[20277]	111	137	-46	-17	-6	-9	det1=true
[20278]	111	137	-55	-17	-6	9	det1=true
[20279]	112	137	-24	-13	-6	-10	det1=true
[20280]	112	137	-34	-13	-6	10	det1=true
[20281]	118	137	-55	-44	-6	-8	det1=true
[20282]	118	137	-63	-44	-6	8	det1=true
[20283]	119	137	-49	-23	-1	-11	det1=true
[20284]	119	137	-60	-23	-1	11	det1=true
[20285]	124	137	-15	-8	-6	-11	det1=true
[20286]	125	137	-46	-9	-4	-11	det1=true
[20287]	125	137	-57	-9	-4	11	det1=true
[20288]	126	137	-34	-8	-7	-10	det1=true
[20289]	126	137	-44	-8	-7	10	det1=true
[20290]	131	137	-49	5	-11	-5	det1=true
[20291]	131	137	-12	4	-13	1	det1=true
[20292]	132	137	-17	6	-12	-5	det1=true
[20293]	132	137	-22	6	-12	5	det1=true
[20294]	133	137	-53	-7	-12	-1	det1=true
[20295]	133	137	-54	-7	-12	1	det1=true
[20296]	133	137	-49	-9	-8	-9	det1=true
[20297]	133	137	-58	-9	-8	9	det1=true
[20298]	134	137	-58	-53	-3	-10	det1=true
[20299]	137	137	-54	-54	-4	-10	det1=true
[20300]	137	137	-64	-54	-4	10	det1=true
[20301]	137	137	-50	-44	-3	-11	det1=true
[20302]	137	137	-61	-44	-3	11	det1=true
[20303]	60	138	-29	-12	-8	-2	det1=true
[20304]	60	138	-31	-12	-8	2	det1=true
[20305]	68	138	-5	2	-8	-5	det1=true
[20306]	68	138	-10	2	-8	5	det1=true
[20307]	89	138	-7	-2	-10	-4	det1=true
[20308]	90	138	-22	-15	-3	-10	det1=true
[20309]	90	138	-32	-15	-3	10	det1=true
[20310]	100	138	-26	-22	-9	-6	det1=true
[20311]	100	138	-32	-22	-9	6	det1=true
[20312]	111	138	-25	-4	-4	-11	det1=true
[20313]	111	138	-36	-4	-4	11	det1=true
[20314]	122	138	-55	-8	-2	-11	det1=true
[20315]	122	138	-66	-8	-2	11	det1=true
[20316]	122	138	-38	-42	-2	-11	det1=true
[20317]	122	138	-49	-42	-2	11	det1=true
[20318]	129	138	-52	-10	-4	-11	det1=true
[20319]	129	138	-63	-10	-4	11	det1=true
[20320]	130	138	-43	-8	-10	-7	det1=true
[20321]	130	138	-50	-8	-10	7	det1=true
[20322]	132	138	-50	-6	-9	-8	det1=true
[20323]	132	138	-58	-6	-9	8	det1=true
[20324]	133	138	-40	-13	-3	-12	det1=true
[20325]	138	138	-61	-18	-6	-10	det1=true
[20326]	138	138	-71	-18	-6	10	det1=true
[20327]	54	139	-20	-10	-4	-7	det1=true
[20328]	54	139	-27	-10	-4	7	det1=true
[20329]	75	139	-23	-14	-3	-9	det1=true
[20330]	75	139	-32	-14	-3	9	det1=true
[20331]	79	139	-21	-11	-4	-9	det1=true
[20332]	79	139	-30	-11	-4	9	det1=true
[20333]	80	139	-14	5	-10	-2	det1=true
[20334]	80	139	-16	5	-10	2	det1=true
[20335]	87	139	-39	-35	-2	-9	det1=true
[20336]	90	139	-40	-12	-10	-1	det1=true
[20337]	92	139	-37	-30	-8	6	det1=true
[20338]	102	139	-40	1	-4	-10	det1=true
[20339]	102	139	-50	1	-4	10	det1=true
[20340]	103	139	-39	-17	-10	-4	det1=true
[20341]	103	139	-43	-17	-10	4	det1=true
[20342]	111	139	-49	-21	-10	-4	det1=true
[20343]	111	139	-53	-21	-10	4	det1=true
[20344]	113	139	-55	-27	-6	9	det1=true
[20345]	117	139	-13	1	-12	-3	det1=true
[20346]	117	139	-16	1	-12	3	det1=true
[20347]	122	139	-50	-39	-9	-6	det1=true
[20348]	122	139	-56	-39	-9	6	det1=true
[20349]	126	139	-38	-4	-7	-10	det1=true
[20350]	126	139	-48	-4	-7	10	det1=true
[20351]	129	139	-17	-3	-1	13	det1=true
[20352]	131	139	-49	-10	-9	-8	det1=true
[20353]	131	139	-57	-10	-9	8	det1=true
[20354]	131	139	-51	5	-12	-2	det1=true
[20355]	131	139	-53	5	-12	2	det1=true
[20356]	133	139	-54	5	-11	-5	det1=true
[20357]	134	139	-52	-8	-1	-12	det1=true
[20358]	134	139	-64	-8	-1	12	det1=true
[20359]	135	139	-31	-14	-7	11	det1=true
[20360]	137	139	-29	2	-13	-2	det1=true
[20361]	137	139	-31	2	-13	2	det1=true
[20362]	139	139	-42	0	-10	-8	det1=true
[20363]	139	139	-50	0	-10	8	det1=true
[20364]	139	139	-27	-21	-13	-1	det1=true
[20365]	139	139	-28	-21	-13	1	det1=true
[20366]	64	140	-4	1	-7	-6	det1=true
[20367]	64	140	-10	1	-7	6	det1=true
[20368]	84	140	-23	-12	-10	-2	det1=true
[20369]	84	140	-25	-12	-10	2	det1=true
[20370]	93	140	-41	-2	-2	-10	det1=true
[20371]	93	140	-51	-2	-2	10	det1=true
[20372]	96	140	-36	2	-7	-8	det1=true
[20373]	98	140	-35	-34	-2	-10	det1=true
[20374]	98	140	-45	-34	-2	10	det1=true
[20375]	106	140	-18	-5	-6	-10	det1=true
[20376]	106	140	-28	-5	-6	10	det1=true
[20377]	108	140	-46	-17	-9	-6	det1=true
[20378]	113	140	-38	-19	-6	10	det1=true
[20379]	119	140	-37	-2	-12	-1	det1=true
[20380]	119	140	-38	-2	-12	1	det1=true
[20381]	131	140	-44	-25	-1	-12	det1=true
[20382]	131	140	-56	-25	-1	12	det1=true
[20383]	132	140	-29	-8	-8	-10	det1=true
[20384]	132	140	-39	-8	-8	10	det1=true
[20385]	133	140	-31	-8	-8	-10	det1=true
[20386]	136	140	-50	-19	-2	-12	det1=true
[20387]	136	140	-62	-19	-2	12	det1=true
[20388]	52	137	1	4	-8	-2	det1=true
[20389]	52	137	-1	4	-8	2	det1=true
[20390]	77	137	-33	-23	-1	-9	det1=true
[20391]	77	137	-42	-23	-1	9	det1=true
[20392]	80	137	-2	-3	-2	-10	det1=true
[20393]	82	137	-28	-2	-4	-9	det1=true
[20394]	82	137	-37	-2	-4	9	det1=true
[20395]	86	137	-32	-5	-8	-6	det1=true
[20396]	86	137	-38	-5	-8	6	det1=true
[20397]	87	137	-12	1	-8	7	det1=true
[20398]	94	137	-29	-18	-10	-3	det1=true
[20399]	94	137	-32	-18	-10	3	det1=true
[20400]	95	137	-43	-36	-5	-8	det1=true
[20401]	97	137	-17	-1	-1	-11	det1=true
[20402]	97	137	-28	-1	-1	11	det1=true
[20403]	98	137	-12	-4	-2	-11	det1=true
[20404]	98	137	-23	-4	-2	11	det1=true
[20405]	99	137	-25	-6	-11	-1	det1=true
[20406]	99	137	-26	-6	-11	1	det1=true
[20407]	100	137	-46	-23	-3	10	det1=true
[20408]	101	137	-45	-11	-10	-3	det1=true
[20409]	101	137	-48	-11	-10	3	det1=true
[20410]	101	137	-41	-32	-3	10	det1=true
[20411]	101	137	-32	5	-11	-1	det1=true
[20412]	101	137	-33	5	-11	1	det1=true
[20413]	103	137	-18	-1	-9	-7	det1=true
[20414]	103	137	-25	-1	-9	7	det1=true
[20415]	107	137	-27	-6	-9	-7	det1=true
[20416]	107	137	-34	-6	-9	7	det1=true
[20417]	113	137	-14	-3	-12	-1	det1=true
[20418]	113	137	-15	-3	-12	1	det1=true
[20419]	113	137	-10	-5	-8	-9	det1=true
[20420]	113	137	-15	0	-11	5	det1=true
[20421]	119	137	-25	-12	-9	-8	det1=true
[20422]	119	137	-33	-12	-9	8	det1=true
[20423]	119	137	-23	-16	-1	-12	det1=true
[20424]	119	137	-35	-16	-1	12	det1=true
[20425]	121	137	-17	-3	-3	-12	det1=true
[20426]	121	137	-29	-3	-3	12	det1=true
[20427]	133	137	-42	-29	-12	-1	det1=true
[20428]	133	137	-43	-29	-12	1	det1=true
[20429]	52	138	-5	0	-8	-2	det1=true
[20430]	52	138	-7	0	-8	2	det1=true
[20431]	75	138	-28	1	-5	-8	det1=true
[20432]	76	138	-9	-10	-4	-9	det1=true
[20433]	76	138	-18	-10	-4	9	det1=true
[20434]	79	138	-16	-2	-10	-1	det1=true
[20435]	80	138	-11	4	-10	-2	det1=true
[20436]	80	138	-13	4	-10	2	det1=true
[20437]	84	138	-19	-10	-2	-10	det1=true
[20438]	84	138	-29	-10	-2	10	det1=true
[20439]	87	138	-35	0	-6	-8	det1=true
[20440]	87	138	-43	0	-6	8	det1=true
[20441]	89	138	-11	-2	-10	4	det1=true
[20442]	95	138	-52	-36	-5	8	det1=true
[20443]	96	138	-47	-2	-10	-2	det1=true
[20444]	96	138	-49	-2	-10	2	det1=true
[20445]	99	138	-40	-32	-1	-10	det1=true
[20446]	99	138	-50	-32	-1	10	det1=true
[20447]	102	138	-40	-33	-2	-10	det1=true
[20448]	102	138	-50	-33	-2	10	det1=true
[20449]	108	138	-21	-4	-10	-6	det1=true
[20450]	108	138	-27	-4	-10	6	det1=true
[20451]	109	138	-43	-20	-6	-9	det1=true
[20452]	109	138	-52	-20	-6	9	det1=true
[20453]	116	138	-52	-43	-10	-2	det1=true
[20454]	116	138	-54	-43	-10	2	det1=true
[20455]	118	138	-17	2	-12	3	det1=true
[20456]	118	138	-14	-4	-12	3	det1=true
[20457]	122	138	-46	-32	-2	-11	det1=true
[20458]	122	138	-57	-32	-2	11	det1=true
[20459]	125	138	-36	-4	-10	-7	det1=true
[20460]	125	138	-43	-4	-10	7	det1=true
[20461]	136	138	-33	-8	-8	-10	det1=true
[20462]	136	138	-43	-8	-8	10	det1=true
[20463]	66	139	-26	1	-8	-4	det1=true
[20464]	79	139	-25	-5	-9	-4	det1=true
[20465]	79	139	-29	-5	-9	4	det1=true
[20466]	80	139	-31	-14	-4	9	det1=true
[20467]	83	139	-19	-19	-1	-10	det1=true
[20468]	89	139	-26	-9	-10	-3	det1=true
[20469]	89	139	-29	-9	-10	3	det1=true
[20470]	90	139	-7	-8	-6	-9	det1=true
[20471]	90	139	-16	-8	-6	9	det1=true
[20472]	91	139	-40	-14	-8	-6	det1=true
[20473]	94	139	-20	-15	-4	-10	det1=true
[20474]	94	139	-30	-15	-4	10	det1=true
[20475]	96	139	-32	-1	-10	-4	det1=true
[20476]	96	139	-36	-1	-10	4	det1=true
[20477]	97	139	-17	-6	-11	2	det1=true
[20478]	100	139	-49	-10	-10	3	det1=true
[20479]	103	139	-44	-2	-10	-4	det1=true
[20480]	103	139	-48	-2	-10	4	det1=true
[20481]	104	139	-46	5	-10	-4	det1=true
[20482]	104	139	-50	5	-10	4	det1=true
[20483]	109	139	-34	-11	-11	-3	det1=true
[20484]	109	139	-37	-11	-11	3	det1=true
[20485]	109	139	-29	-17	-3	-11	det1=true
[20486]	109	139	-40	-17	-3	11	det1=true
[20487]	111	139	-43	-28	-9	-6	det1=true
[20488]	111	139	-49	-28	-9	6	det1=true
[20489]	116	139	-26	2	-10	7	det1=true
[20490]	118	139	-53	-30	-10	-4	det1=true
[20491]	118	139	-57	-30	-10	4	det1=true
[20492]	118	139	-24	-16	-8	-9	det1=true
[20493]	118	139	-33	-16	-8	9	det1=true
[20494]	119	139	-28	-8	-12	-2	det1=true
[20495]	119	139	-30	-8	-12	2	det1=true
[20496]	120	139	-50	-37	-5	10	det1=true
[20497]	120	139	-22	-15	-7	-10	det1=true
[20498]	120	139	-32	-15	-7	10	det1=true
[20499]	121	139	-36	-1	-11	-5	det1=true
[20500]	121	139	-41	-1	-11	5	det1=true
[20501]	129	139	-9	1	-5	-12	det1=true
[20502]	129	139	-21	1	-5	12	det1=true
[20503]	132	139	-12	-1	-13	-2	det1=true
[20504]	135	139	-57	-41	-2	-11	det1=true
[20505]	139	139	-44	-2	-7	11	det1=true
[20506]	68	140	-9	-4	-8	-5	det1=true
[20507]	68	140	-14	-4	-8	5	det1=true
[20508]	69	140	-14	-4	-8	-5	det1=true
[20509]	69	140	-19	-4	-8	5	det1=true
[20510]	73	140	-32	-6	-7	-6	det1=true
[20511]	73	140	-38	-6	-7	6	det1=true
[20512]	86	140	-23	-18	-2	-10	det1=true
[20513]	86	140	-33	-18	-2	10	det1=true
[20514]	87	140	-37	-32	-8	-5	det1=true
[20515]	87	140	-42	-32	-8	5	det1=true
[20516]	87	140	-32	-9	-10	-2	det1=true
[20517]	97	140	-42	-34	-9	-4	det1=true
[20518]	97	140	-46	-34	-9	4	det1=true
[20519]	98	140	-26	-23	-10	-4	det1=true
[20520]	98	140	-30	-23	-10	4	det1=true
[20521]	101	140	-24	-15	-11	-2	det1=true
[20522]	101	140	-26	-15	-11	2	det1=true
[20523]	106	140	-20	-3	-10	-6	det1=true
[20524]	106	140	-26	-3	-10	6	det1=true
[20525]	107	140	-22	1	-6	-10	det1=true
[20526]	107	140	-32	1	-6	10	det1=true
[20527]	108	140	-51	-34	-10	-2	det1=true
[20528]	108	140	-53	-34	-10	2	det1=true
[20529]	110	140	-54	-38	-10	-1	det1=true
[20530]	110	140	-55	-38	-10	1	det1=true
[20531]	110	140	-14	6	-12	-1	det1=true
[20532]	114	140	-10	-8	-10	-7	det1=true
[20533]	114	140	-17	-8	-10	7	det1=true
[20534]	119	140	-52	-22	-11	-2	det1=true
[20535]	121	140	-47	-32	-2	-11	det1=true
[20536]	121	140	-58	-32	-2	11	det1=true
[20537]	131	140	-22	-17	-10	-8	det1=true
[20538]	131	140	-30	-17	-10	8	det1=true
[20539]	132	140	-70	-34	-2	11	det1=true
[20540]	132	140	-54	-26	-11	-4	det1=true
[20541]	133	140	-59	-18	-10	-6	det1=true
[20542]	133	140	-65	-18	-10	6	det1=true
[20543]	140	140	-7	-4	-8	-11	det1=true
[20544]	41	137	-10	-2	-6	-4	det1=true
[20545]	41	137	-14	-2	-6	4	det1=true
[20546]	60	137	-26	-13	-2	-8	det1=true
[20547]	60	137	-34	-13	-2	8	det1=true
[20548]	66	137	-6	-4	-7	-6	det1=true
[20549]	66	137	-12	-4	-7	6	det1=true
[20550]	80	137	-12	-3	-2	10	det1=true
[20551]	87	137	-24	1	-5	-9	det1=true
[20552]	88	137	-10	-2	-8	-7	det1=true
[20553]	88	137	-17	-2	-8	7	det1=true
[20554]	89	137	-33	-23	-4	-9	det1=true
[20555]	89	137	-42	-23	-4	9	det1=true
[20556]	95	137	-21	-20	-7	-8	det1=true
[20557]	95	137	-29	-20	-7	8	det1=true
[20558]	100	137	-14	-14	-2	-11	det1=true
[20559]	100	137	-25	-14	-2	11	det1=true
[20560]	101	137	-31	-32	-3	-10	det1=true
[20561]	107	137	-39	-35	-10	-3	det1=true
[20562]	107	137	-42	-35	-10	3	det1=true
[20563]	112	137	-26	-11	-10	-6	det1=true
[20564]	112	137	-32	-11	-10	6	det1=true
[20565]	113	137	-35	-15	-9	-7	det1=true
[20566]	113	137	-42	-15	-9	7	det1=true
[20567]	113	137	-10	0	-11	-5	det1=true
[20568]	127	137	-41	0	-1	-12	det1=true
[20569]	129	137	-58	-52	-2	-10	det1=true
[20570]	129	137	-68	-52	-2	10	det1=true
[20571]	129	137	-39	-11	-2	-12	det1=true
[20572]	129	137	-51	-11	-2	12	det1=true
[20573]	134	137	-68	-53	-3	10	det1=true
[20574]	135	137	-56	-17	-4	-11	det1=true
[20575]	135	137	-67	-17	-4	11	det1=true
[20576]	75	138	-36	1	-5	8	det1=true
[20577]	79	138	-17	-2	-10	1	det1=true
[20578]	80	138	-32	-18	-5	-8	det1=true
[20579]	80	138	-40	-18	-5	8	det1=true
[20580]	84	138	-23	-6	-10	-2	det1=true
[20581]	84	138	-25	-6	-10	2	det1=true
[20582]	84	138	-20	-11	-10	-2	det1=true
[20583]	84	138	-22	-11	-10	2	det1=true
[20584]	87	138	-29	-18	-6	-8	det1=true
[20585]	87	138	-37	-18	-6	8	det1=true
[20586]	88	138	-27	-14	-2	-10	det1=true
[20587]	88	138	-37	-14	-2	10	det1=true
[20588]	89	138	-16	-4	-8	-7	det1=true
[20589]	89	138	-2	4	-9	-6	det1=true
[20590]	89	138	-8	4	-9	6	det1=true
[20591]	90	138	-30	2	-10	-3	det1=true
[20592]	93	138	-20	-17	-7	-8	det1=true
[20593]	93	138	-28	-17	-7	8	det1=true
[20594]	99	138	-13	-14	-2	-11	det1=true
[20595]	99	138	-24	-14	-2	11	det1=true
[20596]	109	138	-51	-4	-10	-4	det1=true
[20597]	109	138	-55	-4	-10	4	det1=true
[20598]	112	138	-43	-2	-2	-11	det1=true
[20599]	112	138	-54	-2	-2	11	det1=true
[20600]	114	138	-6	2	-7	-10	det1=true
[20601]	114	138	-16	2	-7	10	det1=true
[20602]	116	138	-42	-16	-4	11	det1=true
[20603]	118	138	-19	-8	-10	-7	det1=true
[20604]	118	138	-26	-8	-10	7	det1=true
[20605]	118	138	-11	-4	-12	-3	det1=true
[20606]	119	138	-25	4	-10	-7	det1=true
[20607]	119	138	-32	4	-10	7	det1=true
[20608]	129	138	-58	-39	-4	-10	det1=true
[20609]	132	138	-59	-30	-2	-11	det1=true
[20610]	137	138	-60	-13	-7	10	det1=true
[20611]	137	138	-20	-8	-2	-13	det1=true
[20612]	137	138	-33	-8	-2	13	det1=true
[20613]	138	138	-47	-6	-8	10	det1=true
[20614]	41	139	-7	-5	-2	-7	det1=true
[20615]	41	139	-14	-5	-2	7	det1=true
[20616]	49	139	-18	3	-6	-5	det1=true
[20617]	49	139	-23	3	-6	5	det1=true
[20618]	54	139	-22	-4	-1	-8	det1=true
[20619]	54	139	-30	-4	-1	8	det1=true
[20620]	70	139	-21	-12	-6	-7	det1=true
[20621]	70	139	-28	-12	-6	7	det1=true
[20622]	70	139	-20	-14	-2	-9	det1=true
[20623]	70	139	-29	-14	-2	9	det1=true
[20624]	71	139	-22	0	-9	3	det1=true
[20625]	74	139	-30	-16	-9	-2	det1=true
[20626]	74	139	-32	-16	-9	2	det1=true
[20627]	77	139	-29	-25	-2	-9	det1=true
[20628]	77	139	-38	-25	-2	9	det1=true
[20629]	77	139	-23	-23	-5	-8	det1=true
[20630]	77	139	-31	-23	-5	8	det1=true
[20631]	83	139	-28	-6	-8	-6	det1=true
[20632]	84	139	-29	-10	-10	-1	det1=true
[20633]	88	139	-6	1	-10	-4	det1=true
[20634]	88	139	-10	1	-10	4	det1=true
[20635]	91	139	-48	-39	-6	7	det1=true
[20636]	95	139	-33	-17	-3	-10	det1=true
[20637]	95	139	-43	-17	-3	10	det1=true
[20638]	97	139	-15	-6	-11	-2	det1=true
[20639]	101	139	-37	-9	-9	-6	det1=true
[20640]	103	139	-28	-9	-2	-11	det1=true
[20641]	103	139	-39	-9	-2	11	det1=true
[20642]	108	139	-38	-4	-2	-11	det1=true
[20643]	108	139	-49	-4	-2	11	det1=true
[20644]	110	139	-6	4	-9	-8	det1=true
[20645]	110	139	-14	4	-9	8	det1=true
[20646]	113	139	-46	-27	-6	-9	det1=true
[20647]	113	139	-31	-26	-3	-11	det1=true
[20648]	113	139	-42	-26	-3	11	det1=true
[20649]	115	139	-48	-18	-1	-11	det1=true
[20650]	115	139	-59	-18	-1	11	det1=true
[20651]	116	139	-19	2	-10	-7	det1=true
[20652]	117	139	-31	-7	-11	5	det1=true
[20653]	120	139	-26	-7	-7	-10	det1=true
[20654]	121	139	-35	-38	-3	-11	det1=true
[20655]	121	139	-46	-38	-3	11	det1=true
[20656]	124	139	-37	-14	-8	-9	det1=true
[20657]	124	139	-46	-14	-8	9	det1=true
[20658]	128	139	-56	-3	-10	-6	det1=true
[20659]	128	139	-62	-3	-10	6	det1=true
[20660]	129	139	-27	-7	-4	-12	det1=true
[20661]	129	139	-39	-7	-4	12	det1=true
[20662]	131	139	-59	-25	-11	-3	det1=true
[20663]	132	139	-27	-8	-8	-10	det1=true
[20664]	132	139	-37	-8	-8	10	det1=true
[20665]	133	139	-55	-42	-11	-2	det1=true
[20666]	133	139	-57	-42	-11	2	det1=true
[20667]	134	139	-54	-4	-9	-8	det1=true
[20668]	134	139	-62	-4	-9	8	det1=true
[20669]	135	139	-35	-3	-10	-8	det1=true
[20670]	135	139	-43	-3	-10	8	det1=true
[20671]	137	139	-86	-17	-10	3	det1=true
[20672]	137	139	-57	-7	-9	-8	det1=true
[20673]	137	139	-65	-7	-9	8	det1=true
[20674]	139	139	-33	-2	-7	-11	det1=true
[20675]	51	140	-16	1	-7	-4	det1=true
[20676]	72	140	-18	-14	-5	-8	det1=true
[20677]	76	140	-6	-5	-6	-8	det1=true
[20678]	76	140	-14	-5	-6	8	det1=true
[20679]	80	140	-21	-6	-2	10	det1=true
[20680]	85	140	-43	-14	-4	9	det1=true
[20681]	86	140	-10	1	-7	-8	det1=true
[20682]	89	140	-38	-5	-1	-10	det1=true
[20683]	89	140	-48	-5	-1	10	det1=true
[20684]	89	140	-42	-13	-2	10	det1=true
[20685]	90	140	-19	-12	-8	-7	det1=true
[20686]	90	140	-26	-12	-8	7	det1=true
[20687]	95	140	-33	-30	-2	-10	det1=true
[20688]	95	140	-30	-14	-7	-8	det1=true
[20689]	95	140	-38	-14	-7	8	det1=true
[20690]	96	140	-44	2	-7	8	det1=true
[20691]	96	140	-34	-31	-2	-10	det1=true
[20692]	96	140	-44	-31	-2	10	det1=true
[20693]	99	140	-30	-26	-8	-7	det1=true
[20694]	99	140	-37	-26	-8	7	det1=true
[20695]	105	140	-34	-14	-11	-2	det1=true
[20696]	105	140	-36	-14	-11	2	det1=true
[20697]	115	140	-19	-8	-12	-2	det1=true
[20698]	115	140	-21	-8	-12	2	det1=true
[20699]	119	140	-33	-4	-8	-9	det1=true
[20700]	119	140	-42	-4	-8	9	det1=true
[20701]	119	140	-26	-6	-7	-10	det1=true
[20702]	119	140	-36	-6	-7	10	det1=true
[20703]	121	140	-34	-13	-9	-8	det1=true
[20704]	122	140	-54	-40	-8	-7	det1=true
[20705]	122	140	-61	-40	-8	7	det1=true
[20706]	127	140	-58	-53	-2	-10	det1=true
[20707]	127	140	-68	-53	-2	10	det1=true
[20708]	130	140	-44	-13	-2	-12	det1=true
[20709]	130	140	-56	-13	-2	12	det1=true
[20710]	130	140	-10	-13	-5	-12	det1=true
[20711]	130	140	-22	-13	-5	12	det1=true
[20712]	132	140	-58	-26	-11	4	det1=true
[20713]	133	140	-41	-8	-8	10	det1=true
[20714]	140	140	-28	-6	-9	10	det1=true
[20715]	47	137	-17	-1	-7	-3	det1=true
[20716]	47	137	-20	-1	-7	3	det1=true
[20717]	54	137	-20	-3	-1	-8	det1=true
[20718]	65	137	-13	-7	-9	-1	det1=true
[20719]	65	137	-14	-7	-9	1	det1=true
[20720]	67	137	-10	-7	-2	-9	det1=true
[20721]	67	137	-19	-7	-2	9	det1=true
[20722]	79	137	-21	-7	-9	-4	det1=true
[20723]	79	137	-25	-7	-9	4	det1=true
[20724]	80	137	-19	4	-8	-6	det1=true
[20725]	80	137	-25	4	-8	6	det1=true
[20726]	86	137	-31	-6	-6	-8	det1=true
[20727]	86	137	-39	-6	-6	8	det1=true
[20728]	87	137	-29	-13	-1	-10	det1=true
[20729]	87	137	-39	-13	-1	10	det1=true
[20730]	87	137	-31	5	-10	-2	det1=true
[20731]	87	137	-33	5	-10	2	det1=true
[20732]	87	137	-33	1	-5	9	det1=true
[20733]	89	137	-41	-9	-9	-4	det1=true
[20734]	90	137	-8	-1	-4	-10	det1=true
[20735]	90	137	-18	-1	-4	10	det1=true
[20736]	91	137	-28	-15	-5	-9	det1=true
[20737]	91	137	-37	-15	-5	9	det1=true
[20738]	96	137	-48	-41	-5	8	det1=true
[20739]	96	137	-36	-23	-2	-10	det1=true
[20740]	96	137	-46	-23	-2	10	det1=true
[20741]	101	137	-45	-33	-4	-9	det1=true
[20742]	101	137	-54	-33	-4	9	det1=true
[20743]	103	137	-20	0	-11	-3	det1=true
[20744]	103	137	-23	0	-11	3	det1=true
[20745]	105	137	-48	-28	-10	-2	det1=true
[20746]	105	137	-50	-28	-10	2	det1=true
[20747]	107	137	-28	-27	-1	-11	det1=true
[20748]	107	137	-39	-27	-1	11	det1=true
[20749]	110	137	-16	-14	-4	-11	det1=true
[20750]	113	137	-50	-20	-10	-4	det1=true
[20751]	113	137	-54	-20	-10	4	det1=true
[20752]	113	137	-19	-5	-8	9	det1=true
[20753]	115	137	-29	-17	-10	-6	det1=true
[20754]	115	137	-35	-17	-10	6	det1=true
[20755]	116	137	-22	4	-8	-9	det1=true
[20756]	116	137	-31	4	-8	9	det1=true
[20757]	117	137	-42	-31	-1	-11	det1=true
[20758]	117	137	-53	-31	-1	11	det1=true
[20759]	117	137	-21	-8	-11	-5	det1=true
[20760]	117	137	-26	-8	-11	5	det1=true
[20761]	121	137	-46	-16	-3	-11	det1=true
[20762]	121	137	-57	-16	-3	11	det1=true
[20763]	124	137	-41	-22	-6	-10	det1=true
[20764]	124	137	-51	-22	-6	10	det1=true
[20765]	125	137	-33	-9	-2	-12	det1=true
[20766]	125	137	-45	-9	-2	12	det1=true
[20767]	127	137	-18	-17	-6	-11	det1=true
[20768]	127	137	-29	-17	-6	11	det1=true
[20769]	129	137	-63	-11	-11	3	det1=true
[20770]	130	137	-34	-12	-3	-12	det1=true
[20771]	131	137	-33	-21	-12	-3	det1=true
[20772]	131	137	-36	-21	-12	3	det1=true
[20773]	131	137	-11	4	-13	-1	det1=true
[20774]	137	137	-26	-4	-11	-7	det1=true
[20775]	137	137	-33	-4	-11	7	det1=true
[20776]	70	138	-14	-4	-8	-5	det1=true
[20777]	70	138	-19	-4	-8	5	det1=true
[20778]	77	138	0	-4	-1	-10	det1=true
[20779]	77	138	-10	-4	-1	10	det1=true
[20780]	80	138	-34	-14	-5	-8	det1=true
[20781]	80	138	-42	-14	-5	8	det1=true
[20782]	82	138	-14	-9	-10	-2	det1=true
[20783]	82	138	-16	-9	-10	2	det1=true
[20784]	82	138	-10	-13	-2	-10	det1=true
[20785]	82	138	-20	-13	-2	10	det1=true
[20786]	88	138	-33	-16	-10	-1	det1=true
[20787]	90	138	-33	2	-10	3	det1=true
[20788]	90	138	-16	-10	-7	-8	det1=true
[20789]	90	138	-24	-10	-7	8	det1=true
[20790]	95	138	-2	3	-11	-2	det1=true
[20791]	95	138	-4	3	-11	2	det1=true
[20792]	96	138	-28	-9	-10	-4	det1=true
[20793]	96	138	-32	-9	-10	4	det1=true
[20794]	101	138	-28	4	-11	-2	det1=true
[20795]	101	138	-30	4	-11	2	det1=true
[20796]	104	138	-38	-14	-6	-9	det1=true
[20797]	104	138	-47	-14	-6	9	det1=true
[20798]	107	138	-42	-25	-7	-8	det1=true
[20799]	107	138	-50	-25	-7	8	det1=true
[20800]	116	138	-48	-47	-2	-10	det1=true
[20801]	116	138	-58	-47	-2	10	det1=true
[20802]	121	138	-50	-37	-4	-10	det1=true
[20803]	121	138	-60	-37	-4	10	det1=true
[20804]	127	138	-62	-16	-11	-2	det1=true
[20805]	127	138	-64	-16	-11	2	det1=true
[20806]	127	138	-54	-32	-11	-2	det1=true
[20807]	127	138	-56	-32	-11	2	det1=true
[20808]	127	138	-11	-6	-10	-8	det1=true
[20809]	127	138	-19	-6	-10	8	det1=true
[20810]	128	138	-40	-2	-7	-10	det1=true
[20811]	128	138	-50	-2	-7	10	det1=true
[20812]	128	138	-26	-12	-6	-11	det1=true
[20813]	128	138	-37	-12	-6	11	det1=true
[20814]	132	138	-48	-10	-1	-12	det1=true
[20815]	132	138	-60	-10	-1	12	det1=true
[20816]	136	138	-59	-14	-4	-11	det1=true
[20817]	138	138	-37	-6	-8	-10	det1=true
[20818]	71	139	-16	-3	-3	-9	det1=true
[20819]	71	139	-25	-3	-3	9	det1=true
[20820]	74	139	-32	-9	-7	-6	det1=true
[20821]	74	139	-38	-9	-7	6	det1=true
[20822]	91	139	-41	-39	-6	-7	det1=true
[20823]	91	139	-46	-14	-8	6	det1=true
[20824]	100	139	-36	-18	-7	-8	det1=true
[20825]	100	139	-44	-18	-7	8	det1=true
[20826]	101	139	-15	1	-3	-11	det1=true
[20827]	101	139	-26	1	-3	11	det1=true
[20828]	111	139	-38	-27	-1	-11	det1=true
[20829]	111	139	-49	-27	-1	11	det1=true
[20830]	112	139	-2	1	-2	-12	det1=true
[20831]	112	139	-14	1	-2	12	det1=true
[20832]	113	139	-35	1	-10	-6	det1=true
[20833]	113	139	-41	1	-10	6	det1=true
[20834]	115	139	-53	-13	-11	-1	det1=true
[20835]	115	139	-54	-13	-11	1	det1=true
[20836]	115	139	-22	-4	-11	-5	det1=true
[20837]	115	139	-27	-4	-11	5	det1=true
[20838]	116	139	-38	-9	-10	-6	det1=true
[20839]	126	139	-44	0	-9	-8	det1=true
[20840]	126	139	-52	0	-9	8	det1=true
[20841]	127	139	-37	-21	-5	-11	det1=true
[20842]	127	139	-48	-21	-5	11	det1=true
[20843]	127	139	-35	-8	-11	6	det1=true
[20844]	130	139	-46	-15	-9	-8	det1=true
[20845]	130	139	-54	-15	-9	8	det1=true
[20846]	131	139	-57	-26	-9	-7	det1=true
[20847]	131	139	-64	-26	-9	7	det1=true
[20848]	131	139	-50	-3	-8	-9	det1=true
[20849]	133	139	-59	-9	-6	-10	det1=true
[20850]	133	139	-69	-9	-6	10	det1=true
[20851]	133	139	-51	-12	-9	-8	det1=true
[20852]	133	139	-59	-12	-9	8	det1=true
[20853]	133	139	-24	-3	-12	-5	det1=true
[20854]	133	139	-29	-3	-12	5	det1=true
[20855]	134	139	-47	-24	-8	-9	det1=true
[20856]	134	139	-56	-24	-8	9	det1=true
[20857]	135	139	-20	-14	-7	-11	det1=true
[20858]	72	140	-26	-14	-5	8	det1=true
[20859]	79	140	-22	-12	-4	-9	det1=true
[20860]	79	140	-31	-12	-4	9	det1=true
[20861]	80	140	-11	-6	-2	-10	det1=true
[20862]	87	140	-30	-13	-10	-2	det1=true
[20863]	87	140	-32	-13	-10	2	det1=true
[20864]	89	140	-48	-9	-9	4	det1=true
[20865]	89	140	-32	-13	-2	-10	det1=true
[20866]	92	140	-31	-26	-10	-2	det1=true
[20867]	92	140	-33	-26	-10	2	det1=true
[20868]	96	140	-32	-14	-7	-8	det1=true
[20869]	103	140	-46	-18	-6	9	det1=true
[20870]	109	140	-42	-26	-6	-9	det1=true
[20871]	109	140	-51	-26	-6	9	det1=true
[20872]	110	140	-28	-5	-6	-10	det1=true
[20873]	114	140	-52	-2	-11	-2	det1=true
[20874]	114	140	-54	-2	-11	2	det1=true
[20875]	120	140	-50	-24	-2	-11	det1=true
[20876]	120	140	-61	-24	-2	11	det1=true
[20877]	124	140	-41	-6	-8	-9	det1=true
[20878]	124	140	-50	-6	-8	9	det1=true
[20879]	129	140	-38	-22	-10	-7	det1=true
[20880]	129	140	-45	-22	-10	7	det1=true
[20881]	130	140	-50	-44	-2	-11	det1=true
[20882]	130	140	-61	-44	-2	11	det1=true
[20883]	130	140	-52	-6	-3	12	det1=true
[20884]	132	140	-59	-34	-2	-11	det1=true
[20885]	132	140	-31	2	-8	-10	det1=true
[20886]	133	140	-44	-30	-1	-12	det1=true
[20887]	133	140	-56	-30	-1	12	det1=true
[20888]	134	140	-50	-12	-10	-7	det1=true
[20889]	135	140	-56	-6	-9	-8	det1=true
[20890]	135	140	-64	-6	-9	8	det1=true
[20891]	140	140	-18	-4	-8	11	det1=true
[20892]	20	137	-8	-3	-3	-4	det1=true
[20893]	20	137	-12	-3	-3	4	det1=true
[20894]	32	137	-11	-4	-6	-2	det1=true
[20895]	32	137	-13	-4	-6	2	det1=true
[20896]	53	137	-21	-6	-7	4	det1=true
[20897]	57	137	-4	2	-5	-7	det1=true
[20898]	57	137	-11	2	-5	7	det1=true
[20899]	71	137	-27	-15	-9	-1	det1=true
[20900]	71	137	-28	-15	-9	1	det1=true
[20901]	73	137	-20	-6	-9	-3	det1=true
[20902]	73	137	-23	-6	-9	3	det1=true
[20903]	74	137	-30	-12	-9	-2	det1=true
[20904]	74	137	-32	-12	-9	2	det1=true
[20905]	86	137	-14	0	-3	-10	det1=true
[20906]	86	137	-24	0	-3	10	det1=true
[20907]	87	137	-5	1	-8	-7	det1=true
[20908]	89	137	-3	1	-10	-4	det1=true
[20909]	89	137	-7	1	-10	4	det1=true
[20910]	97	137	-22	4	-11	-1	det1=true
[20911]	97	137	-23	4	-11	1	det1=true
[20912]	101	137	-44	-17	-5	-9	det1=true
[20913]	101	137	-53	-17	-5	9	det1=true
[20914]	107	137	-51	-17	-10	-3	det1=true
[20915]	113	137	-11	-1	-1	-12	det1=true
[20916]	113	137	-23	-1	-1	12	det1=true
[20917]	119	137	-29	-27	-6	-10	det1=true
[20918]	119	137	-39	-27	-6	10	det1=true
[20919]	121	137	-53	-25	-3	11	det1=true
[20920]	124	137	-54	-34	-9	-6	det1=true
[20921]	124	137	-60	-34	-9	6	det1=true
[20922]	125	137	-44	-31	-3	-11	det1=true
[20923]	125	137	-55	-31	-3	11	det1=true
[20924]	125	137	-38	-4	-12	-2	det1=true
[20925]	125	137	-40	-4	-12	2	det1=true
[20926]	127	137	-58	-10	-11	-3	det1=true
[20927]	127	137	-61	-10	-11	3	det1=true
[20928]	128	137	-44	-2	-9	-8	det1=true
[20929]	128	137	-52	-2	-9	8	det1=true
[20930]	129	137	-58	-12	-9	-7	det1=true
[20931]	129	137	-65	-12	-9	7	det1=true
[20932]	129	137	-41	-42	-3	-11	det1=true
[20933]	129	137	-52	-42	-3	11	det1=true
[20934]	134	137	-48	-48	-2	-11	det1=true
[20935]	134	137	-59	-48	-2	11	det1=true
[20936]	137	137	-57	-51	-10	-4	det1=true
[20937]	137	137	-61	-51	-10	4	det1=true
[20938]	137	137	-35	-36	-7	-10	det1=true
[20939]	137	137	-45	-36	-7	10	det1=true
[20940]	50	138	-9	4	-8	-1	det1=true
[20941]	50	138	-10	4	-8	1	det1=true
[20942]	50	138	-6	2	-4	-7	det1=true
[20943]	50	138	-13	2	-4	7	det1=true
[20944]	76	138	-24	-17	-5	-8	det1=true
[20945]	76	138	-32	-17	-5	8	det1=true
[20946]	79	138	-15	-4	-10	-1	det1=true
[20947]	79	138	-16	-4	-10	1	det1=true
[20948]	88	138	-34	-16	-10	1	det1=true
[20949]	113	138	-44	-6	-2	-11	det1=true
[20950]	113	138	-55	-6	-2	11	det1=true
[20951]	117	138	-48	-20	-11	-2	det1=true
[20952]	123	138	-40	-6	-12	-1	det1=true
[20953]	123	138	-41	-6	-12	1	det1=true
[20954]	132	138	-70	-30	-2	11	det1=true
[20955]	136	138	-42	-28	-10	-7	det1=true
[20956]	31	139	-1	1	-4	-5	det1=true
[20957]	31	139	-6	1	-4	5	det1=true
[20958]	51	139	-9	-10	-1	-8	det1=true
[20959]	51	139	-17	-10	-1	8	det1=true
[20960]	65	139	-9	-1	-9	-2	det1=true
[20961]	65	139	-11	-1	-9	2	det1=true
[20962]	80	139	-22	-14	-4	-9	det1=true
[20963]	83	139	-28	-7	-10	-1	det1=true
[20964]	83	139	-29	-7	-10	1	det1=true
[20965]	84	139	-30	-10	-10	1	det1=true
[20966]	91	139	-35	-23	-8	-6	det1=true
[20967]	91	139	-41	-23	-8	6	det1=true
[20968]	100	139	-46	-10	-10	-3	det1=true
[20969]	115	139	-48	-30	-4	-10	det1=true
[20970]	115	139	-58	-30	-4	10	det1=true
[20971]	116	139	-44	-9	-10	6	det1=true
[20972]	120	139	-36	-7	-7	10	det1=true
[20973]	122	139	-13	-10	-6	-11	det1=true
[20974]	122	139	-24	-10	-6	11	det1=true
[20975]	125	139	-61	-23	-11	-1	det1=true
[20976]	125	139	-62	-23	-11	1	det1=true
[20977]	127	139	-29	-8	-11	-6	det1=true
[20978]	135	139	-68	-41	-2	11	det1=true
[20979]	135	139	-49	-15	-10	-7	det1=true
[20980]	135	139	-56	-15	-10	7	det1=true
[20981]	136	139	-24	-6	-13	-2	det1=true
[20982]	28	140	-7	2	-6	1	det1=true
[20983]	65	140	-26	-22	-3	-8	det1=true
[20984]	65	140	-34	-22	-3	8	det1=true
[20985]	75	140	-30	-2	-5	-8	det1=true
[20986]	75	140	-38	-2	-5	8	det1=true
[20987]	77	140	-36	-18	-9	-2	det1=true
[20988]	77	140	-40	-19	-7	6	det1=true
[20989]	85	140	-28	-17	-6	-8	det1=true
[20990]	85	140	-36	-17	-6	8	det1=true
[20991]	86	140	-37	-30	-8	-5	det1=true
[20992]	86	140	-42	-30	-8	5	det1=true
[20993]	87	140	-34	-9	-10	2	det1=true
[20994]	103	140	-44	-23	-3	-10	det1=true
[20995]	103	140	-54	-23	-3	10	det1=true
[20996]	109	140	-20	-17	-10	-6	det1=true
[20997]	109	140	-26	-17	-10	6	det1=true
[20998]	115	140	-34	-17	-10	-6	det1=true
[20999]	117	140	-46	-30	-11	2	det1=true
[21000]	118	140	-28	-13	-9	-8	det1=true
[21001]	118	140	-36	-13	-9	8	det1=true
[21002]	130	140	-40	-6	-3	-12	det1=true
[21003]	132	140	-41	2	-8	10	det1=true
[21004]	135	140	-52	-3	-7	-10	det1=true
[21005]	41	137	-17	-5	-7	-1	det1=true
[21006]	41	137	-18	-5	-7	1	det1=true
[21007]	53	137	-17	-6	-7	-4	det1=true
[21008]	93	137	-18	-17	-8	-7	det1=true
[21009]	93	137	-25	-17	-8	7	det1=true
[21010]	99	137	-24	-8	-11	-1	det1=true
[21011]	99	137	-25	-8	-11	1	det1=true
[21012]	105	137	-36	-11	-11	-1	det1=true
[21013]	105	137	-37	-11	-11	1	det1=true
[21014]	109	137	-44	-33	-10	-3	det1=true
[21015]	109	137	-47	-33	-10	3	det1=true
[21016]	113	137	-50	-35	-5	-9	det1=true
[21017]	113	137	-59	-35	-5	9	det1=true
[21018]	113	137	-37	-14	-11	-3	det1=true
[21019]	113	137	-40	-14	-11	3	det1=true
[21020]	121	137	-42	-25	-3	-11	det1=true
[21021]	129	137	-60	-11	-11	-3	det1=true
[21022]	134	137	-28	-19	-4	-12	det1=true
[21023]	134	137	-40	-19	-4	12	det1=true
[21024]	94	138	-34	-29	-1	-10	det1=true
[21025]	94	138	-44	-29	-1	10	det1=true
[21026]	106	138	-36	-31	-7	-8	det1=true
[21027]	106	138	-44	-31	-7	8	det1=true
[21028]	117	138	-50	-20	-11	2	det1=true
[21029]	117	138	-24	-7	-1	-12	det1=true
[21030]	117	138	-36	-7	-1	12	det1=true
[21031]	119	138	-40	2	-4	-11	det1=true
[21032]	119	138	-51	2	-4	11	det1=true
[21033]	120	138	-43	0	-6	-10	det1=true
[21034]	120	138	-53	0	-6	10	det1=true
[21035]	135	138	-33	-4	-10	-8	det1=true
[21036]	135	138	-41	-4	-10	8	det1=true
[21037]	71	139	-29	-12	-1	-9	det1=true
[21038]	71	139	-38	-12	-1	9	det1=true
[21039]	82	139	-26	-5	-8	-6	det1=true
[21040]	82	139	-32	-5	-8	6	det1=true
[21041]	83	139	-34	-6	-8	6	det1=true
[21042]	100	139	-39	-12	-8	-7	det1=true
[21043]	100	139	-46	-12	-8	7	det1=true
[21044]	108	139	-24	-13	-10	6	det1=true
[21045]	109	139	-31	-13	-7	-9	det1=true
[21046]	109	139	-40	-13	-7	9	det1=true
[21047]	117	139	-41	-41	-6	-9	det1=true
[21048]	117	139	-50	-41	-6	9	det1=true
[21049]	129	139	-61	-26	-11	-2	det1=true
[21050]	129	139	-63	-26	-11	2	det1=true
[21051]	135	139	-49	-12	-7	-10	det1=true
[21052]	135	139	-59	-12	-7	10	det1=true
[21053]	28	140	-6	2	-6	-1	det1=true
[21054]	51	140	-20	1	-7	4	det1=true
[21055]	77	140	-34	-19	-7	-6	det1=true
[21056]	80	140	-15	-2	-10	-2	det1=true
[21057]	80	140	-17	-2	-10	2	det1=true
[21058]	81	140	-22	-5	-1	-10	det1=true
[21059]	81	140	-32	-5	-1	10	det1=true
[21060]	95	140	-43	-30	-2	10	det1=true
[21061]	96	140	-40	-14	-7	8	det1=true
[21062]	103	140	-37	-18	-6	-9	det1=true
[21063]	112	140	-16	-2	-1	-12	det1=true
[21064]	112	140	-28	-2	-1	12	det1=true
[21065]	115	140	-40	-17	-10	6	det1=true
[21066]	131	140	-22	0	-12	-5	det1=true
[21067]	131	140	-27	0	-12	5	det1=true
[21068]	134	140	-57	-12	-10	7	det1=true
[21069]	83	137	-17	-17	-1	-10	det1=true
[21070]	83	137	-27	-17	-1	10	det1=true
[21071]	91	137	-32	-3	-5	-9	det1=true
[21072]	91	137	-41	-3	-5	9	det1=true
[21073]	105	137	-29	-9	-2	-11	det1=true
[21074]	105	137	-40	-9	-2	11	det1=true
[21075]	117	137	-17	5	-10	-7	det1=true
[21076]	117	137	-24	5	-10	7	det1=true
[21077]	117	137	-15	-1	-7	-10	det1=true
[21078]	117	137	-25	-1	-7	10	det1=true
[21079]	120	137	-38	-12	-4	-11	det1=true
[21080]	120	137	-49	-12	-4	11	det1=true
[21081]	121	137	-47	-14	-7	-9	det1=true
[21082]	121	137	-56	-14	-7	9	det1=true
[21083]	131	137	-49	-23	-4	-11	det1=true
[21084]	131	137	-60	-23	-4	11	det1=true
[21085]	88	138	-31	-10	-10	-2	det1=true
[21086]	92	138	-22	-10	-7	-8	det1=true
[21087]	102	138	-44	-29	-10	-2	det1=true
[21088]	102	138	-46	-29	-10	2	det1=true
[21089]	120	138	-52	-42	-3	-10	det1=true
[21090]	120	138	-62	-42	-3	10	det1=true
[21091]	120	138	-50	-39	-7	-8	det1=true
[21092]	120	138	-58	-39	-7	8	det1=true
[21093]	130	138	-28	-26	-3	-12	det1=true
[21094]	130	138	-40	-26	-3	12	det1=true
[21095]	65	139	-7	-2	-7	-6	det1=true
[21096]	65	139	-13	-2	-7	6	det1=true
[21097]	83	139	-18	1	-9	-5	det1=true
[21098]	83	139	-23	1	-9	5	det1=true
[21099]	88	139	-40	-13	-9	-4	det1=true
[21100]	88	139	-44	-13	-9	4	det1=true
[21101]	92	139	-43	-10	-8	-6	det1=true
[21102]	99	139	-24	-14	-11	-1	det1=true
[21103]	99	139	-25	-14	-11	1	det1=true
[21104]	117	139	-53	-25	-9	-6	det1=true
[21105]	117	139	-26	-7	-11	-5	det1=true
[21106]	123	139	-54	-4	-7	-9	det1=true
[21107]	123	139	-63	-4	-7	9	det1=true
[21108]	135	139	-35	-31	-3	-12	det1=true
[21109]	135	139	-47	-31	-3	12	det1=true
[21110]	135	139	-19	-17	-1	-13	det1=true
[21111]	135	139	-32	-17	-1	13	det1=true
[21112]	139	139	-54	-45	-3	-11	det1=true
[21113]	50	140	-6	-9	-1	-8	det1=true
[21114]	50	140	-14	-9	-1	8	det1=true
[21115]	66	140	-14	-6	-9	-2	det1=true
[21116]	66	140	-16	-6	-9	2	det1=true
[21117]	87	140	-28	-13	-2	-10	det1=true
[21118]	87	140	-38	-13	-2	10	det1=true
[21119]	104	140	-34	-10	-11	-2	det1=true
[21120]	104	140	-36	-10	-11	2	det1=true
[21121]	110	140	-38	-5	-6	10	det1=true
[21122]	116	140	-18	-8	-10	-7	det1=true
[21123]	116	140	-25	-8	-10	7	det1=true
[21124]	121	140	-42	-13	-9	8	det1=true
[21125]	137	140	-35	-16	-8	-10	det1=true
[21126]	137	140	-45	-16	-8	10	det1=true
[21127]	41	137	-11	3	-6	-4	det1=true
[21128]	41	137	-15	3	-6	4	det1=true
[21129]	81	137	-34	-17	-8	-5	det1=true
[21130]	81	137	-39	-17	-8	5	det1=true
[21131]	83	137	-8	-8	-5	-9	det1=true
[21132]	113	137	-47	-23	-4	-10	det1=true
[21133]	113	137	-57	-23	-4	10	det1=true
[21134]	114	137	-41	-18	-2	-11	det1=true
[21135]	114	137	-52	-18	-2	11	det1=true
[21136]	137	137	-9	3	-13	-3	det1=true
[21137]	137	137	-12	3	-13	3	det1=true
[21138]	92	138	-30	-10	-7	8	det1=true
[21139]	98	138	-28	-13	-9	-6	det1=true
[21140]	98	138	-34	-13	-9	6	det1=true
[21141]	113	138	-49	-24	-10	-4	det1=true
[21142]	113	138	-53	-24	-10	4	det1=true
[21143]	136	138	-14	-14	-2	-13	det1=true
[21144]	136	138	-27	-14	-2	13	det1=true
[21145]	138	138	-64	-3	-6	-10	det1=true
[21146]	138	138	-74	-3	-6	10	det1=true
[21147]	76	139	-18	3	-9	-4	det1=true
[21148]	108	139	-18	-13	-10	-6	det1=true
[21149]	113	139	-35	-22	-11	-3	det1=true
[21150]	113	139	-38	-22	-11	3	det1=true
[21151]	121	139	-47	-21	-9	-7	det1=true
[21152]	121	139	-54	-21	-9	7	det1=true
[21153]	132	139	-14	-1	-13	2	det1=true
[21154]	139	139	-65	-45	-3	11	det1=true
[21155]	86	140	-27	-14	-10	-2	det1=true
[21156]	86	140	-29	-14	-10	2	det1=true
[21157]	53	137	-15	-9	-1	-8	det1=true
[21158]	53	137	-23	-9	-1	8	det1=true
[21159]	117	137	-51	-7	-1	-11	det1=true
[21160]	117	137	-62	-7	-1	11	det1=true
[21161]	121	137	-46	-21	-11	-3	det1=true
[21162]	127	137	-22	-11	-6	-11	det1=true
[21163]	127	137	-33	-11	-6	11	det1=true
[21164]	109	138	-36	-14	-2	-11	det1=true
[21165]	109	138	-47	-14	-2	11	det1=true
[21166]	76	139	-22	3	-9	4	det1=true
[21167]	97	139	-21	-21	-6	-9	det1=true
[21168]	97	139	-30	-21	-6	9	det1=true
[21169]	132	139	-38	0	-6	-11	det1=true
[21170]	132	139	-49	0	-6	11	det1=true
[21171]	83	140	-29	-8	-10	-1	det1=true
[21172]	103	140	-46	-35	-6	-8	det1=true
[21173]	103	140	-54	-35	-6	8	det1=true
[21174]	116	140	-15	-12	-10	-7	det1=true
[21175]	116	140	-22	-12	-10	7	det1=true
[21176]	124	140	-54	-38	-6	-9	det1=true
[21177]	124	140	-63	-38	-6	9	det1=true
[21178]	132	140	-25	-16	-8	-10	det1=true
[21179]	132	140	-35	-16	-8	10	det1=true
[21180]	133	140	-32	-7	-10	-8	det1=true
[21181]	56	137	-25	-18	-4	7	det1=true
[21182]	120	137	-42	-32	-2	-11	det1=true
[21183]	120	137	-53	-32	-2	11	det1=true
[21184]	138	138	-63	-16	-10	-6	det1=true
[21185]	99	139	-39	-35	-8	-6	det1=true
[21186]	99	139	-45	-35	-8	6	det1=true
[21187]	126	139	-42	-4	-1	-12	det1=true
[21188]	126	139	-54	-4	-1	12	det1=true
[21189]	51	140	-3	4	-8	-2	det1=true
[21190]	51	140	-5	4	-8	2	det1=true
[21191]	125	140	-38	-3	-7	-10	det1=true
[21192]	125	140	-48	-3	-7	10	det1=true
[21193]	56	137	-18	-18	-4	-7	det1=true
[21194]	120	137	-24	-5	-2	-12	det1=true
[21195]	120	137	-36	-5	-2	12	det1=true
[21196]	89	138	-9	2	-10	-4	det1=true
[21197]	89	138	-13	2	-10	4	det1=true
[21198]	96	138	-8	-3	-11	-2	det1=true
[21199]	96	138	-10	-3	-11	2	det1=true
[21200]	113	138	-3	-2	-2	-12	det1=true
[21201]	113	138	-15	-2	-2	12	det1=true
[21202]	131	138	-22	-9	-8	-10	det1=true
[21203]	131	138	-32	-9	-8	10	det1=true
[21204]	93	139	-36	-11	-5	-9	det1=true
[21205]	93	139	-45	-11	-5	9	det1=true
[21206]	95	139	-25	-13	-10	-4	det1=true
[21207]	95	139	-29	-13	-10	4	det1=true
[21208]	139	139	-63	-63	-6	-8	det1=true
[21209]	139	139	-49	-35	-12	-1	det1=true
[21210]	115	140	-38	1	-6	-10	det1=true
[21211]	115	140	-48	1	-6	10	det1=true
[21212]	128	140	-30	-24	-12	-3	det1=true
[21213]	128	140	-33	-24	-12	3	det1=true
[21214]	63	138	-25	-26	-2	-8	det1=true
[21215]	63	138	-33	-26	-2	8	det1=true
[21216]	91	138	-14	1	-9	-6	det1=true
[21217]	91	138	-20	1	-9	6	det1=true
[21218]	125	138	-52	-41	-4	-10	det1=true
[21219]	125	138	-62	-41	-4	10	det1=true
[21220]	132	138	-49	-18	-12	-1	det1=true
[21221]	132	138	-50	-18	-12	1	det1=true
[21222]	130	139	-44	-19	-1	-12	det1=true
[21223]	133	140	-40	-7	-10	8	det1=true
[21224]	113	137	-33	-18	-3	-11	det1=true
[21225]	113	137	-44	-18	-3	11	det1=true
[21226]	131	137	-63	-22	-11	-2	det1=true
[21227]	131	137	-65	-22	-11	2	det1=true
[21228]	137	137	-4	-2	-3	-13	det1=true
[21229]	137	137	-17	-2	-3	13	det1=true
[21230]	102	139	-40	-4	-9	-6	det1=true
[21231]	102	139	-46	-4	-9	6	det1=true
[21232]	109	139	-27	3	-10	-6	det1=true
[21233]	109	139	-33	3	-10	6	det1=true
[21234]	72	140	-25	4	-8	-5	det1=true
[21235]	72	140	-30	4	-8	5	det1=true
[21236]	116	138	-35	-2	-4	-11	det1=true
[21237]	116	138	-46	-2	-4	11	det1=true
[21238]	122	139	-29	6	-12	-3	det1=true
[21239]	118	140	-26	-17	-1	-12	det1=true
[21240]	96	137	-28	-5	-10	-4	det1=true
[21241]	123	139	-47	-39	-1	-11	det1=true
[21242]	123	139	-58	-39	-1	11	det1=true
[21243]	131	139	-55	-29	-3	-11	det1=true
[21244]	131	139	-66	-29	-3	11	det1=true
[21245]	131	140	-38	-29	-2	-12	det1=true
[21246]	131	140	-50	-29	-2	12	det1=true
[21247]	87	137	-4	-1	-8	-7	det1=true
[21248]	87	137	-11	-1	-8	7	det1=true
[21249]	90	140	-32	-25	-1	-10	det1=true
[21250]	90	140	-42	-25	-1	10	det1=true
[21251]	137	137	-25	-2	-7	-11	det1=true
[21252]	137	137	-36	-2	-7	11	det1=true
[21253]	91	140	-44	-17	-2	10	det1=true
[21254]	134	140	-24	-10	-5	-12	det1=true
[21255]	129	137	-48	-38	-11	3	det1=true
[21256]	125	137	-33	-19	-8	-9	det1=true
[21257]	129	137	-45	-38	-11	-3	det1=true
[21258]	139	139	-33	0	-13	-2	det1=true
[21259]	139	139	-35	0	-13	2	det1=true
[21260]	91	140	-34	-17	-2	-10	det1=true
[21261]	134	140	-36	-10	-5	12	det1=true
[21262]	101	137	-46	-11	-5	-9	det1=true
[21263]	125	137	-42	-19	-8	9	det1=true
[21264]	96	139	-10	-2	-2	-11	det1=true
[21265]	30	140	-2	3	-6	-2	det1=true
[21266]	131	140	-43	-24	-12	-2	det1=true
[21267]	131	140	-45	-24	-12	2	det1=true
[21268]	139	139	-64	-62	-8	-6	det1=true
[21269]	6	140	0	1	-2	-2	det1=true
[21270]	125	138	-48	-4	-4	-11	det1=true
[21271]	125	138	-59	-4	-4	11	det1=true
[21272]	136	137	-52	-13	-9	-8	det1=true
[21273]	136	137	-60	-13	-9	8	det1=true
[21274]	106	142	-41	-26	-4	-10	det1=true
[21275]	61	143	-7	0	-1	-9	det1=true
[21276]	61	143	-16	0	-1	9	det1=true
[21277]	79	143	-28	-27	-3	-9	det1=true
[21278]	117	143	-13	-17	-3	-12	det1=true
[21279]	117	143	-25	-17	-3	12	det1=true
[21280]	97	141	-2	0	-3	-11	det1=true
[21281]	97	141	-13	0	-3	11	det1=true
[21282]	111	141	-19	-3	-12	-1	det1=true
[21283]	111	141	-20	-3	-12	1	det1=true
[21284]	122	141	-36	-32	-11	-4	det1=true
[21285]	122	141	-40	-32	-11	4	det1=true
[21286]	139	141	-25	-21	-2	-13	det1=true
[21287]	139	141	-38	-21	-2	13	det1=true
[21288]	69	142	-24	-8	-2	-9	det1=true
[21289]	69	142	-33	-8	-2	9	det1=true
[21290]	112	142	-14	1	-2	-12	det1=true
[21291]	112	142	-26	1	-2	12	det1=true
[21292]	99	143	-39	-13	-10	-4	det1=true
[21293]	99	143	-43	-13	-10	4	det1=true
[21294]	124	143	2	-1	-5	-12	det1=true
[21295]	99	144	2	3	-6	-10	det1=true
[21296]	99	144	-8	3	-6	10	det1=true
[21297]	100	144	-9	2	-10	-6	det1=true
[21298]	135	144	-56	-21	-9	-8	det1=true
[21299]	135	144	-64	-21	-9	8	det1=true
[21300]	50	141	-15	4	-8	-1	det1=true
[21301]	50	141	-16	4	-8	1	det1=true
[21302]	50	141	-12	2	-4	-7	det1=true
[21303]	50	141	-19	2	-4	7	det1=true
[21304]	83	141	-24	-25	-4	-9	det1=true
[21305]	83	141	-33	-25	-4	9	det1=true
[21306]	107	141	-43	-2	-11	-2	det1=true
[21307]	107	141	-45	-2	-11	2	det1=true
[21308]	109	141	-39	-5	-11	-3	det1=true
[21309]	109	141	-42	-5	-11	3	det1=true
[21310]	113	141	-43	-35	-9	-6	det1=true
[21311]	113	141	-49	-35	-9	6	det1=true
[21312]	121	141	-33	-17	-11	-5	det1=true
[21313]	121	141	-38	-17	-11	5	det1=true
[21314]	123	141	-27	-29	-5	-11	det1=true
[21315]	123	141	-38	-29	-5	11	det1=true
[21316]	131	141	-27	-5	-11	7	det1=true
[21317]	131	141	-17	-9	-7	-11	det1=true
[21318]	131	141	-28	-9	-7	11	det1=true
[21319]	133	141	-37	-17	-10	8	det1=true
[21320]	77	142	-16	-4	-10	-1	det1=true
[21321]	77	142	-17	-4	-10	1	det1=true
[21322]	83	142	-35	-6	-4	-9	det1=true
[21323]	83	142	-44	-6	-4	9	det1=true
[21324]	86	142	-34	-16	-10	-1	det1=true
[21325]	93	142	-5	0	-2	-11	det1=true
[21326]	93	142	-16	0	-2	11	det1=true
[21327]	97	142	-48	-24	-10	-1	det1=true
[21328]	97	142	-49	-24	-10	1	det1=true
[21329]	110	142	-47	-38	-10	-3	det1=true
[21330]	114	142	-46	-20	-2	-11	det1=true
[21331]	114	142	-57	-20	-2	11	det1=true
[21332]	118	142	-55	-50	-8	-6	det1=true
[21333]	118	142	-61	-50	-8	6	det1=true
[21334]	120	142	-28	-15	-7	-10	det1=true
[21335]	120	142	-38	-15	-7	10	det1=true
[21336]	124	142	-50	-18	-11	-4	det1=true
[21337]	124	142	-54	-18	-11	4	det1=true
[21338]	133	142	-61	-36	-2	-11	det1=true
[21339]	133	142	-72	-36	-2	11	det1=true
[21340]	79	143	-22	-10	-8	-6	det1=true
[21341]	79	143	-28	-10	-8	6	det1=true
[21342]	82	143	-28	-7	-1	-10	det1=true
[21343]	82	143	-38	-7	-1	10	det1=true
[21344]	93	143	-17	-3	-1	-11	det1=true
[21345]	93	143	-28	-3	-1	11	det1=true
[21346]	100	143	-47	-18	-10	-3	det1=true
[21347]	100	143	-50	-18	-10	3	det1=true
[21348]	104	143	-19	-4	-6	-10	det1=true
[21349]	104	143	-29	-4	-6	10	det1=true
[21350]	111	143	-37	5	-11	-4	det1=true
[21351]	117	143	-47	-31	-11	-2	det1=true
[21352]	117	143	-49	-31	-11	2	det1=true
[21353]	125	143	-7	1	-5	-12	det1=true
[21354]	125	143	-19	1	-5	12	det1=true
[21355]	143	143	-69	-27	-11	-4	det1=true
[21356]	89	144	-38	-21	-6	-8	det1=true
[21357]	92	144	-8	-3	-11	-2	det1=true
[21358]	92	144	-10	-3	-11	2	det1=true
[21359]	100	144	-15	2	-10	6	det1=true
[21360]	111	144	-21	-8	-8	-9	det1=true
[21361]	111	144	-30	-8	-8	9	det1=true
[21362]	131	144	-25	-24	-8	-10	det1=true
[21363]	131	144	-35	-24	-8	10	det1=true
[21364]	137	144	-37	-24	-8	-10	det1=true
[21365]	137	144	-47	-24	-8	10	det1=true
[21366]	138	144	-61	-24	-12	-1	det1=true
[21367]	138	144	-62	-24	-12	1	det1=true
[21368]	140	144	-50	-3	-10	-8	det1=true
[21369]	140	144	-58	-3	-10	8	det1=true
[21370]	141	144	-66	-31	-10	-6	det1=true
[21371]	141	144	-72	-31	-10	6	det1=true
[21372]	141	144	-64	-33	-6	-10	det1=true
[21373]	141	144	-74	-33	-6	10	det1=true
[21374]	31	141	-11	-3	-6	-2	det1=true
[21375]	31	141	-13	-3	-6	2	det1=true
[21376]	52	141	-11	-4	-8	-2	det1=true
[21377]	54	141	-17	-6	-2	-8	det1=true
[21378]	54	141	-25	-6	-2	8	det1=true
[21379]	57	141	-21	1	-8	3	det1=true
[21380]	61	141	-20	-15	-7	-5	det1=true
[21381]	78	141	-18	-5	-8	-6	det1=true
[21382]	91	141	-44	-32	-9	-3	det1=true
[21383]	91	141	-47	-32	-9	3	det1=true
[21384]	97	141	-28	-20	-10	-4	det1=true
[21385]	97	141	-32	-20	-10	4	det1=true
[21386]	100	141	-34	-16	-6	-9	det1=true
[21387]	100	141	-43	-16	-6	9	det1=true
[21388]	108	141	-48	-19	-10	-4	det1=true
[21389]	108	141	-52	-19	-10	4	det1=true
[21390]	115	141	-18	-7	-10	-7	det1=true
[21391]	115	141	-25	-7	-10	7	det1=true
[21392]	117	141	-28	-11	-11	-5	det1=true
[21393]	117	141	-33	-11	-11	5	det1=true
[21394]	121	141	-45	-28	-7	-9	det1=true
[21395]	121	141	-54	-28	-7	9	det1=true
[21396]	128	141	-12	-2	-5	-12	det1=true
[21397]	128	141	-24	-2	-5	12	det1=true
[21398]	129	141	-5	1	-13	-2	det1=true
[21399]	129	141	-7	1	-13	2	det1=true
[21400]	130	141	-45	-14	-2	-12	det1=true
[21401]	130	141	-57	-14	-2	12	det1=true
[21402]	131	141	-20	-5	-11	-7	det1=true
[21403]	133	141	-23	-8	-7	-11	det1=true
[21404]	133	141	-34	-8	-7	11	det1=true
[21405]	137	141	-31	-25	-8	-10	det1=true
[21406]	137	141	-23	-17	-2	-13	det1=true
[21407]	137	141	-36	-17	-2	13	det1=true
[21408]	140	141	-43	-12	-8	-10	det1=true
[21409]	141	141	-40	-22	-8	-10	det1=true
[21410]	141	141	-50	-22	-8	10	det1=true
[21411]	19	142	-5	-4	-4	-3	det1=true
[21412]	77	142	-14	-9	-8	-6	det1=true
[21413]	77	142	-20	-9	-8	6	det1=true
[21414]	77	142	-13	-10	-6	-8	det1=true
[21415]	79	142	-28	2	-4	-9	det1=true
[21416]	79	142	-37	2	-4	9	det1=true
[21417]	90	142	-37	-10	-2	-10	det1=true
[21418]	90	142	-47	-10	-2	10	det1=true
[21419]	98	142	-40	5	-10	-4	det1=true
[21420]	98	142	-44	5	-10	4	det1=true
[21421]	104	142	-41	-18	-6	-9	det1=true
[21422]	104	142	-50	-18	-6	9	det1=true
[21423]	105	142	-37	-2	-2	-11	det1=true
[21424]	106	142	-42	-24	-2	11	det1=true
[21425]	109	142	-28	0	-4	-11	det1=true
[21426]	109	142	-39	0	-4	11	det1=true
[21427]	118	142	-48	-30	-11	-2	det1=true
[21428]	118	142	-50	-30	-11	2	det1=true
[21429]	126	142	-54	2	-4	-11	det1=true
[21430]	126	142	-65	2	-4	11	det1=true
[21431]	127	142	-24	0	-5	12	det1=true
[21432]	130	142	-25	6	-12	-5	det1=true
[21433]	130	142	-30	6	-12	5	det1=true
[21434]	133	142	-48	3	-12	4	det1=true
[21435]	139	142	-55	-26	-6	11	det1=true
[21436]	140	142	-62	-22	-12	-1	det1=true
[21437]	140	142	-63	-22	-12	1	det1=true
[21438]	72	143	-26	-6	-5	-8	det1=true
[21439]	72	143	-34	-6	-5	8	det1=true
[21440]	75	143	-28	-14	-3	-9	det1=true
[21441]	75	143	-37	-14	-3	9	det1=true
[21442]	75	143	-17	0	-1	10	det1=true
[21443]	83	143	-34	-13	-4	-9	det1=true
[21444]	84	143	-22	-26	-1	-10	det1=true
[21445]	84	143	-32	-26	-1	10	det1=true
[21446]	86	143	-6	-3	-4	-10	det1=true
[21447]	86	143	-16	-3	-4	10	det1=true
[21448]	122	143	-57	-54	-6	-8	det1=true
[21449]	122	143	-65	-54	-6	8	det1=true
[21450]	129	143	-44	-24	-5	-11	det1=true
[21451]	129	143	-55	-24	-5	11	det1=true
[21452]	135	143	-58	-30	-6	-10	det1=true
[21453]	136	143	-62	-58	-3	-10	det1=true
[21454]	136	143	-72	-58	-3	10	det1=true
[21455]	136	143	-50	-33	-1	-12	det1=true
[21456]	136	143	-62	-33	-1	12	det1=true
[21457]	137	143	-54	-47	-7	-9	det1=true
[21458]	137	143	-63	-47	-7	9	det1=true
[21459]	139	143	-61	-43	-11	-3	det1=true
[21460]	139	143	-64	-43	-11	3	det1=true
[21461]	139	143	-23	-13	-4	13	det1=true
[21462]	140	143	-36	-21	-5	-12	det1=true
[21463]	140	143	-48	-21	-5	12	det1=true
[21464]	140	143	-38	-20	-12	-5	det1=true
[21465]	140	143	-43	-20	-12	5	det1=true
[21466]	143	143	-93	1	-10	4	det1=true
[21467]	76	144	-14	-1	-1	-10	det1=true
[21468]	76	144	-24	-1	-1	10	det1=true
[21469]	77	144	-27	-2	-8	6	det1=true
[21470]	88	144	-27	-16	-10	-3	det1=true
[21471]	88	144	-30	-16	-10	3	det1=true
[21472]	93	144	-14	-3	-11	-2	det1=true
[21473]	94	144	-42	-10	-10	-3	det1=true
[21474]	94	144	-45	-10	-10	3	det1=true
[21475]	100	144	-43	-16	-8	-7	det1=true
[21476]	100	144	-34	-30	-8	-7	det1=true
[21477]	100	144	-41	-30	-8	7	det1=true
[21478]	101	144	-7	-4	-4	-11	det1=true
[21479]	101	144	-18	-4	-4	11	det1=true
[21480]	104	144	-22	3	-6	-10	det1=true
[21481]	104	144	-32	3	-6	10	det1=true
[21482]	110	144	-10	1	-7	-10	det1=true
[21483]	110	144	-20	1	-7	10	det1=true
[21484]	111	144	-27	-22	-4	-11	det1=true
[21485]	111	144	-38	-22	-4	11	det1=true
[21486]	112	144	-40	2	-11	-4	det1=true
[21487]	112	144	-44	2	-11	4	det1=true
[21488]	116	144	-19	-10	-12	-3	det1=true
[21489]	116	144	-22	-10	-12	3	det1=true
[21490]	117	144	-19	-14	-12	-3	det1=true
[21491]	117	144	-22	-14	-12	3	det1=true
[21492]	122	144	-52	-45	-10	-4	det1=true
[21493]	122	144	-56	-45	-10	4	det1=true
[21494]	125	144	-44	-18	-9	-8	det1=true
[21495]	125	144	-52	-18	-9	8	det1=true
[21496]	126	144	-38	-30	-9	-8	det1=true
[21497]	126	144	-46	-30	-9	8	det1=true
[21498]	139	144	-14	-12	-8	-11	det1=true
[21499]	139	144	-25	-12	-8	11	det1=true
[21500]	140	144	-66	-55	-7	-8	det1=true
[21501]	140	144	-74	-55	-7	8	det1=true
[21502]	61	141	-25	-15	-7	5	det1=true
[21503]	65	141	-25	-22	-5	-7	det1=true
[21504]	65	141	-32	-22	-5	7	det1=true
[21505]	67	141	-19	-3	-6	-7	det1=true
[21506]	67	141	-26	-3	-6	7	det1=true
[21507]	71	141	-14	-14	-3	-9	det1=true
[21508]	71	141	-23	-14	-3	9	det1=true
[21509]	78	141	-24	-5	-8	6	det1=true
[21510]	79	141	-32	-21	-8	-5	det1=true
[21511]	79	141	-37	-21	-8	5	det1=true
[21512]	82	141	-27	-10	-10	-1	det1=true
[21513]	82	141	-28	-10	-10	1	det1=true
[21514]	84	141	-25	-6	-2	-10	det1=true
[21515]	84	141	-35	-6	-2	10	det1=true
[21516]	84	141	-24	-13	-10	-2	det1=true
[21517]	84	141	-26	-13	-10	2	det1=true
[21518]	87	141	-16	-3	-8	-7	det1=true
[21519]	87	141	-23	-3	-8	7	det1=true
[21520]	90	141	-33	-4	-10	-3	det1=true
[21521]	90	141	-36	-4	-10	3	det1=true
[21522]	96	141	-42	-10	-10	-3	det1=true
[21523]	96	141	-45	-10	-10	3	det1=true
[21524]	98	141	-30	-19	-4	-10	det1=true
[21525]	101	141	-45	2	-7	-8	det1=true
[21526]	102	141	0	2	-4	-11	det1=true
[21527]	102	141	-11	2	-4	11	det1=true
[21528]	106	141	-42	4	-11	-2	det1=true
[21529]	106	141	-44	4	-11	2	det1=true
[21530]	108	141	-45	-22	-4	-10	det1=true
[21531]	108	141	-55	-22	-4	10	det1=true
[21532]	114	141	-52	-30	-8	-7	det1=true
[21533]	116	141	-38	-36	-2	-11	det1=true
[21534]	116	141	-49	-36	-2	11	det1=true
[21535]	120	141	-38	-24	-4	-11	det1=true
[21536]	120	141	-49	-24	-4	11	det1=true
[21537]	121	141	-48	-26	-11	-3	det1=true
[21538]	124	141	-55	-26	-2	-11	det1=true
[21539]	124	141	-66	-26	-2	11	det1=true
[21540]	125	141	-41	-1	-10	-7	det1=true
[21541]	125	141	-48	-1	-10	7	det1=true
[21542]	127	141	-55	-12	-11	-4	det1=true
[21543]	127	141	-59	-12	-11	4	det1=true
[21544]	128	141	-50	-26	-11	-4	det1=true
[21545]	128	141	-54	-26	-11	4	det1=true
[21546]	130	141	-68	-45	-4	10	det1=true
[21547]	133	141	-56	6	-12	-2	det1=true
[21548]	133	141	-58	6	-12	2	det1=true
[21549]	133	141	-29	-17	-10	-8	det1=true
[21550]	135	141	-29	3	-13	-2	det1=true
[21551]	135	141	-31	3	-13	2	det1=true
[21552]	140	141	-53	-12	-8	10	det1=true
[21553]	40	142	-12	-3	-6	-4	det1=true
[21554]	52	142	-18	-9	-1	-8	det1=true
[21555]	52	142	-26	-9	-1	8	det1=true
[21556]	55	142	-24	-16	-8	-1	det1=true
[21557]	55	142	-25	-16	-8	1	det1=true
[21558]	55	142	-21	-18	-4	-7	det1=true
[21559]	55	142	-28	-18	-4	7	det1=true
[21560]	72	142	-25	-8	-8	-5	det1=true
[21561]	72	142	-30	-8	-8	5	det1=true
[21562]	77	142	-23	-2	-4	-9	det1=true
[21563]	77	142	-32	-2	-4	9	det1=true
[21564]	80	142	-25	-6	-8	-6	det1=true
[21565]	80	142	-31	-6	-8	6	det1=true
[21566]	84	142	-34	-10	-10	1	det1=true
[21567]	88	142	-46	-13	-6	8	det1=true
[21568]	96	142	-36	-1	-10	-4	det1=true
[21569]	96	142	-40	-1	-10	4	det1=true
[21570]	96	142	-29	-16	-4	-10	det1=true
[21571]	96	142	-39	-16	-4	10	det1=true
[21572]	103	142	-41	-20	-10	-4	det1=true
[21573]	103	142	-45	-20	-10	4	det1=true
[21574]	105	142	-48	-2	-2	11	det1=true
[21575]	110	142	-50	-38	-10	3	det1=true
[21576]	116	142	-41	-12	-10	-6	det1=true
[21577]	116	142	-47	-12	-10	6	det1=true
[21578]	124	142	-66	-57	-1	10	det1=true
[21579]	124	142	-52	-22	-11	4	det1=true
[21580]	124	142	-46	-10	-12	-1	det1=true
[21581]	127	142	-12	0	-5	-12	det1=true
[21582]	128	142	-42	-10	-12	-3	det1=true
[21583]	128	142	-45	-10	-12	3	det1=true
[21584]	131	142	-24	-8	-12	-5	det1=true
[21585]	133	142	-44	3	-12	-4	det1=true
[21586]	135	142	-64	-16	-11	-4	det1=true
[21587]	135	142	-68	-16	-11	4	det1=true
[21588]	135	142	-58	-52	-9	-6	det1=true
[21589]	135	142	-64	-52	-9	6	det1=true
[21590]	135	142	-60	-26	-8	9	det1=true
[21591]	136	142	-40	-9	-10	-8	det1=true
[21592]	136	142	-48	-9	-10	8	det1=true
[21593]	139	142	-44	-26	-6	-11	det1=true
[21594]	139	142	-19	-10	-10	-9	det1=true
[21595]	139	142	-28	-10	-10	9	det1=true
[21596]	141	142	-44	-17	-8	-10	det1=true
[21597]	141	142	-54	-17	-8	10	det1=true
[21598]	51	143	-17	-6	-1	-8	det1=true
[21599]	56	143	-21	-16	-8	-2	det1=true
[21600]	56	143	-23	-16	-8	2	det1=true
[21601]	68	143	-24	-6	-7	-6	det1=true
[21602]	68	143	-30	-6	-7	6	det1=true
[21603]	82	143	-32	-1	-8	-6	det1=true
[21604]	82	143	-38	-1	-8	6	det1=true
[21605]	83	143	-29	-11	-1	-10	det1=true
[21606]	83	143	-39	-11	-1	10	det1=true
[21607]	87	143	-13	-3	-10	-4	det1=true
[21608]	89	143	-33	-21	-10	-2	det1=true
[21609]	89	143	-35	-21	-10	2	det1=true
[21610]	101	143	-19	-13	-7	-9	det1=true
[21611]	101	143	-28	-13	-7	9	det1=true
[21612]	104	143	-42	-23	-10	-4	det1=true
[21613]	104	143	-46	-23	-10	4	det1=true
[21614]	113	143	-42	-33	-1	-11	det1=true
[21615]	113	143	-53	-33	-1	11	det1=true
[21616]	117	143	-30	5	-10	-7	det1=true
[21617]	117	143	-37	5	-10	7	det1=true
[21618]	118	143	-25	-6	-12	-3	det1=true
[21619]	118	143	-28	-6	-12	3	det1=true
[21620]	119	143	-38	-28	-10	-6	det1=true
[21621]	119	143	-44	-28	-10	6	det1=true
[21622]	120	143	-50	-43	-10	-4	det1=true
[21623]	121	143	-19	-13	-6	-11	det1=true
[21624]	121	143	-30	-13	-6	11	det1=true
[21625]	129	143	-52	-21	-11	5	det1=true
[21626]	131	143	-49	-21	-12	-2	det1=true
[21627]	131	143	-51	-21	-12	2	det1=true
[21628]	131	143	-19	-8	-13	-2	det1=true
[21629]	131	143	-21	-8	-13	2	det1=true
[21630]	133	143	-14	-5	-13	-3	det1=true
[21631]	133	143	-17	-5	-13	3	det1=true
[21632]	134	143	-48	-32	-1	-12	det1=true
[21633]	134	143	-60	-32	-1	12	det1=true
[21634]	135	143	-37	-15	-8	-10	det1=true
[21635]	137	143	-57	-22	-11	-5	det1=true
[21636]	137	143	-62	-22	-11	5	det1=true
[21637]	138	143	-41	-18	-10	-8	det1=true
[21638]	138	143	-49	-18	-10	8	det1=true
[21639]	139	143	-34	-23	-12	-5	det1=true
[21640]	139	143	-39	-23	-12	5	det1=true
[21641]	139	143	-10	-13	-4	-13	det1=true
[21642]	140	143	-38	-17	-5	-12	det1=true
[21643]	141	143	-43	2	-7	-11	det1=true
[21644]	141	143	-54	2	-7	11	det1=true
[21645]	141	143	-21	-5	-8	-11	det1=true
[21646]	143	143	-66	-4	-5	-11	det1=true
[21647]	143	143	-77	-4	-5	11	det1=true
[21648]	68	144	-14	-10	-8	-5	det1=true
[21649]	68	144	-19	-10	-8	5	det1=true
[21650]	84	144	-12	2	-7	-8	det1=true
[21651]	84	144	-20	2	-7	8	det1=true
[21652]	87	144	-41	-10	-10	-1	det1=true
[21653]	87	144	-42	-10	-10	1	det1=true
[21654]	88	144	-16	-9	-10	-4	det1=true
[21655]	88	144	-20	-9	-10	4	det1=true
[21656]	94	144	-40	-30	-1	-10	det1=true
[21657]	94	144	-50	-30	-1	10	det1=true
[21658]	94	144	-25	-20	-4	-10	det1=true
[21659]	94	144	-35	-20	-4	10	det1=true
[21660]	98	144	-38	-4	-6	-9	det1=true
[21661]	98	144	-37	-12	-4	-10	det1=true
[21662]	98	144	-47	-12	-4	10	det1=true
[21663]	98	144	-26	-4	-2	-11	det1=true
[21664]	98	144	-37	-4	-2	11	det1=true
[21665]	99	144	-26	-12	-2	-11	det1=true
[21666]	100	144	-50	-16	-8	7	det1=true
[21667]	101	144	-56	2	-7	8	det1=true
[21668]	102	144	-50	-16	-6	9	det1=true
[21669]	104	144	-52	-13	-10	4	det1=true
[21670]	105	144	-24	-7	-10	-6	det1=true
[21671]	105	144	-30	-7	-10	6	det1=true
[21672]	108	144	-48	-2	-11	-2	det1=true
[21673]	108	144	-50	-2	-11	2	det1=true
[21674]	109	144	-18	4	-8	-9	det1=true
[21675]	120	144	-34	-24	-12	-1	det1=true
[21676]	120	144	-35	-24	-12	1	det1=true
[21677]	121	144	-52	-7	-11	-4	det1=true
[21678]	121	144	-56	-7	-11	4	det1=true
[21679]	124	144	-58	-57	-1	-10	det1=true
[21680]	125	144	-21	-8	-8	-10	det1=true
[21681]	125	144	-31	-8	-8	10	det1=true
[21682]	127	144	-46	4	-12	-3	det1=true
[21683]	127	144	-49	4	-12	3	det1=true
[21684]	129	144	-20	3	-13	-2	det1=true
[21685]	132	144	-42	-31	-7	-10	det1=true
[21686]	133	144	-58	-44	-2	-11	det1=true
[21687]	133	144	-69	-44	-2	11	det1=true
[21688]	135	144	-2	2	-8	-11	det1=true
[21689]	135	144	-13	2	-8	11	det1=true
[21690]	141	144	-38	-22	-13	2	det1=true
[21691]	57	141	-19	0	-7	5	det1=true
[21692]	57	141	-13	-1	-5	-7	det1=true
[21693]	57	141	-20	-1	-5	7	det1=true
[21694]	67	141	-28	-24	-5	-7	det1=true
[21695]	67	141	-35	-24	-5	7	det1=true
[21696]	67	141	-27	-5	-2	9	det1=true
[21697]	77	141	-15	-1	-10	-1	det1=true
[21698]	77	141	-16	-1	-10	1	det1=true
[21699]	77	141	-7	-11	-1	-10	det1=true
[21700]	77	141	-17	-11	-1	10	det1=true
[21701]	83	141	-33	5	-10	-1	det1=true
[21702]	83	141	-34	5	-10	1	det1=true
[21703]	88	141	-38	-34	-8	-5	det1=true
[21704]	88	141	-43	-34	-8	5	det1=true
[21705]	89	141	-38	-35	-9	-3	det1=true
[21706]	89	141	-29	-28	-1	-10	det1=true
[21707]	89	141	-39	-28	-1	10	det1=true
[21708]	106	141	-42	-28	-7	-8	det1=true
[21709]	106	141	-50	-28	-7	8	det1=true
[21710]	111	141	-35	-9	-11	4	det1=true
[21711]	115	141	-45	-41	-8	-7	det1=true
[21712]	115	141	-52	-41	-8	7	det1=true
[21713]	115	141	-32	-33	-3	-11	det1=true
[21714]	116	141	-16	-14	-7	-10	det1=true
[21715]	116	141	-26	-14	-7	10	det1=true
[21716]	117	141	-49	-45	-3	-10	det1=true
[21717]	117	141	-59	-45	-3	10	det1=true
[21718]	117	141	-46	-43	-8	-7	det1=true
[21719]	117	141	-53	-43	-8	7	det1=true
[21720]	117	141	-25	-14	-5	-11	det1=true
[21721]	117	141	-36	-14	-5	11	det1=true
[21722]	122	141	-50	-43	-4	-10	det1=true
[21723]	122	141	-60	-43	-4	10	det1=true
[21724]	124	141	-32	-19	-7	-10	det1=true
[21725]	126	141	-42	-16	-1	-12	det1=true
[21726]	126	141	-54	-16	-1	12	det1=true
[21727]	130	141	-58	-45	-4	-10	det1=true
[21728]	132	141	-38	-26	-12	-3	det1=true
[21729]	132	141	-41	-26	-12	3	det1=true
[21730]	134	141	-52	4	-12	-3	det1=true
[21731]	137	141	-47	-45	-4	-11	det1=true
[21732]	137	141	-58	-45	-4	11	det1=true
[21733]	140	141	-66	-61	-10	-2	det1=true
[21734]	140	141	-68	-61	-10	2	det1=true
[21735]	140	141	-25	-24	-2	-13	det1=true
[21736]	140	141	-38	-24	-2	13	det1=true
[21737]	141	141	-61	-34	-11	-4	det1=true
[21738]	141	141	-65	-34	-11	4	det1=true
[21739]	141	141	-14	-7	-8	-11	det1=true
[21740]	141	141	-25	-7	-8	11	det1=true
[21741]	141	141	-13	-9	-4	-13	det1=true
[21742]	141	141	-26	-9	-4	13	det1=true
[21743]	31	142	-6	-4	-5	-4	det1=true
[21744]	31	142	-10	-4	-5	4	det1=true
[21745]	40	142	-16	-3	-6	4	det1=true
[21746]	48	142	-2	4	-8	-1	det1=true
[21747]	48	142	-3	4	-8	1	det1=true
[21748]	61	142	-31	-8	-8	3	det1=true
[21749]	67	142	-20	-2	-2	-9	det1=true
[21750]	85	142	-34	-11	-8	-6	det1=true
[21751]	87	142	-9	-4	-10	-4	det1=true
[21752]	87	142	-13	-4	-10	4	det1=true
[21753]	88	142	-38	-13	-6	-8	det1=true
[21754]	89	142	-29	-12	-10	-3	det1=true
[21755]	89	142	-32	-12	-10	3	det1=true
[21756]	90	142	-20	-7	-10	-4	det1=true
[21757]	90	142	-24	-7	-10	4	det1=true
[21758]	102	142	-42	-20	-8	-7	det1=true
[21759]	104	142	-11	-10	-4	-11	det1=true
[21760]	104	142	-22	-10	-4	11	det1=true
[21761]	106	142	-44	-23	-10	-4	det1=true
[21762]	106	142	-48	-23	-10	4	det1=true
[21763]	122	142	-43	-26	-10	-6	det1=true
[21764]	122	142	-49	-26	-10	6	det1=true
[21765]	122	142	-34	0	-12	-3	det1=true
[21766]	122	142	-37	0	-12	3	det1=true
[21767]	122	142	-22	-8	-6	-11	det1=true
[21768]	122	142	-33	-8	-6	11	det1=true
[21769]	124	142	-47	-10	-12	1	det1=true
[21770]	125	142	-26	-16	-11	-6	det1=true
[21771]	125	142	-32	-16	-11	6	det1=true
[21772]	131	142	-29	-8	-12	5	det1=true
[21773]	136	142	-57	-24	-10	7	det1=true
[21774]	138	142	-59	-4	-10	-7	det1=true
[21775]	142	142	-72	-29	-10	6	det1=true
[21776]	142	142	-64	-31	-6	-10	det1=true
[21777]	142	142	-42	-10	-5	-12	det1=true
[21778]	31	143	-11	-5	-5	4	det1=true
[21779]	59	143	-27	-19	-8	-2	det1=true
[21780]	61	143	-10	-2	-9	1	det1=true
[21781]	70	143	-29	-4	-6	-7	det1=true
[21782]	70	143	-36	-4	-6	7	det1=true
[21783]	71	143	-28	-13	-6	-7	det1=true
[21784]	71	143	-35	-13	-6	7	det1=true
[21785]	75	143	-7	0	-1	-10	det1=true
[21786]	84	143	-25	-16	-10	-2	det1=true
[21787]	84	143	-27	-16	-10	2	det1=true
[21788]	84	143	-31	-20	-2	10	det1=true
[21789]	84	143	-7	-4	-8	-7	det1=true
[21790]	84	143	-14	-4	-8	7	det1=true
[21791]	96	143	-34	-18	-8	-7	det1=true
[21792]	96	143	-41	-18	-8	7	det1=true
[21793]	101	143	-37	-34	-3	-10	det1=true
[21794]	101	143	-33	0	-7	9	det1=true
[21795]	101	143	-20	-12	-9	-7	det1=true
[21796]	101	143	-27	-12	-9	7	det1=true
[21797]	105	143	-43	-13	-11	-1	det1=true
[21798]	105	143	-44	-13	-11	1	det1=true
[21799]	107	143	-45	-4	-11	-2	det1=true
[21800]	107	143	-47	-4	-11	2	det1=true
[21801]	110	143	-42	-35	-4	-10	det1=true
[21802]	112	143	-34	-15	-10	-6	det1=true
[21803]	112	143	-40	-15	-10	6	det1=true
[21804]	114	143	-36	-17	-11	-4	det1=true
[21805]	114	143	-40	-17	-11	4	det1=true
[21806]	124	143	-46	-2	-9	-8	det1=true
[21807]	127	143	-50	-5	-11	-5	det1=true
[21808]	127	143	-55	-5	-11	5	det1=true
[21809]	131	143	-18	-16	-11	-7	det1=true
[21810]	135	143	-68	-30	-6	10	det1=true
[21811]	135	143	-38	-14	-10	-8	det1=true
[21812]	135	143	-46	-14	-10	8	det1=true
[21813]	136	143	-49	-32	-12	-2	det1=true
[21814]	136	143	-51	-32	-12	2	det1=true
[21815]	137	143	-45	-35	-7	-10	det1=true
[21816]	137	143	-55	-35	-7	10	det1=true
[21817]	138	143	-58	-9	-7	-10	det1=true
[21818]	140	143	-50	-17	-5	12	det1=true
[21819]	140	143	-16	-10	-11	-8	det1=true
[21820]	140	143	-24	-10	-11	8	det1=true
[21821]	143	143	-89	1	-10	-4	det1=true
[21822]	61	144	-30	-8	-8	-3	det1=true
[21823]	77	144	-21	-2	-8	-6	det1=true
[21824]	78	144	-16	-14	-1	-10	det1=true
[21825]	78	144	-26	-14	-1	10	det1=true
[21826]	89	144	-46	-21	-6	8	det1=true
[21827]	93	144	-16	-3	-11	2	det1=true
[21828]	102	144	-41	-16	-6	-9	det1=true
[21829]	110	144	-21	4	-8	-9	det1=true
[21830]	110	144	-30	4	-8	9	det1=true
[21831]	110	144	-10	-2	-10	-7	det1=true
[21832]	110	144	-17	-2	-10	7	det1=true
[21833]	113	144	-42	5	-10	-6	det1=true
[21834]	113	144	-48	5	-10	6	det1=true
[21835]	129	144	-22	3	-13	2	det1=true
[21836]	132	144	-52	-31	-7	10	det1=true
[21837]	134	144	-48	-34	-1	-12	det1=true
[21838]	134	144	-60	-34	-1	12	det1=true
[21839]	134	144	-22	-18	-2	-13	det1=true
[21840]	134	144	-35	-18	-2	13	det1=true
[21841]	135	144	-50	-39	-7	10	det1=true
[21842]	140	144	-44	3	-13	-2	det1=true
[21843]	140	144	-46	3	-13	2	det1=true
[21844]	141	144	-37	-16	-2	-13	det1=true
[21845]	141	144	-50	-16	-2	13	det1=true
[21846]	57	141	-18	1	-8	-3	det1=true
[21847]	57	141	-14	0	-7	-5	det1=true
[21848]	63	141	-12	-4	-1	-9	det1=true
[21849]	63	141	-21	-4	-1	9	det1=true
[21850]	76	141	-10	0	-10	-1	det1=true
[21851]	76	141	-11	0	-10	1	det1=true
[21852]	82	141	-26	-4	-1	-10	det1=true
[21853]	82	141	-36	-4	-1	10	det1=true
[21854]	82	141	-28	-8	-10	-1	det1=true
[21855]	98	141	-40	-19	-4	10	det1=true
[21856]	109	141	-26	-3	-4	-11	det1=true
[21857]	109	141	-37	-3	-4	11	det1=true
[21858]	109	141	-6	4	-11	-5	det1=true
[21859]	109	141	-11	4	-11	5	det1=true
[21860]	111	141	-49	-15	-11	-1	det1=true
[21861]	111	141	-50	-15	-11	1	det1=true
[21862]	125	141	-59	-25	-11	-2	det1=true
[21863]	125	141	-61	-25	-11	2	det1=true
[21864]	40	142	-10	1	-7	-2	det1=true
[21865]	40	142	-12	1	-7	2	det1=true
[21866]	65	142	-12	-8	-9	-2	det1=true
[21867]	65	142	-14	-8	-9	2	det1=true
[21868]	67	142	-14	-7	-5	8	det1=true
[21869]	86	142	-38	-10	-10	1	det1=true
[21870]	88	142	-39	-12	-8	-6	det1=true
[21871]	88	142	-45	-12	-8	6	det1=true
[21872]	89	142	-12	-8	-9	-6	det1=true
[21873]	89	142	-18	-8	-9	6	det1=true
[21874]	99	142	-39	-10	-10	-4	det1=true
[21875]	102	142	-49	-20	-8	7	det1=true
[21876]	112	142	-10	-11	-2	-12	det1=true
[21877]	112	142	-22	-11	-2	12	det1=true
[21878]	115	142	-42	-1	-11	-4	det1=true
[21879]	119	142	-28	-23	-1	-12	det1=true
[21880]	131	142	-43	-30	-8	-9	det1=true
[21881]	131	142	-52	-30	-8	9	det1=true
[21882]	134	142	-42	-37	-9	-8	det1=true
[21883]	135	142	-54	-19	-1	-12	det1=true
[21884]	135	142	-66	-19	-1	12	det1=true
[21885]	135	142	-50	-1	-3	-12	det1=true
[21886]	135	142	-62	-1	-3	12	det1=true
[21887]	140	142	-58	-24	-8	-9	det1=true
[21888]	140	142	-67	-24	-8	9	det1=true
[21889]	142	142	-66	-29	-10	-6	det1=true
[21890]	142	142	-74	-31	-6	10	det1=true
[21891]	31	143	-7	-5	-5	-4	det1=true
[21892]	51	143	-25	-6	-1	8	det1=true
[21893]	61	143	-9	-2	-9	-1	det1=true
[21894]	61	143	-5	-6	-1	-9	det1=true
[21895]	61	143	-14	-6	-1	9	det1=true
[21896]	82	143	-16	4	-10	-3	det1=true
[21897]	84	143	-21	-20	-2	-10	det1=true
[21898]	99	143	-24	-22	-1	-11	det1=true
[21899]	99	143	-35	-22	-1	11	det1=true
[21900]	101	143	-39	-24	-7	-8	det1=true
[21901]	101	143	-47	-24	-7	8	det1=true
[21902]	101	143	-47	-34	-3	10	det1=true
[21903]	101	143	-31	-3	-2	-11	det1=true
[21904]	101	143	-42	-3	-2	11	det1=true
[21905]	101	143	-23	-2	-3	-11	det1=true
[21906]	107	143	-44	-2	-9	7	det1=true
[21907]	111	143	-41	-30	-1	-11	det1=true
[21908]	111	143	-52	-30	-1	11	det1=true
[21909]	116	143	-45	-42	-4	-10	det1=true
[21910]	116	143	-55	-42	-4	10	det1=true
[21911]	117	143	-43	-3	-5	11	det1=true
[21912]	117	143	-36	-20	-5	11	det1=true
[21913]	129	143	-47	-21	-11	-5	det1=true
[21914]	129	143	-16	-11	-1	-13	det1=true
[21915]	129	143	-29	-11	-1	13	det1=true
[21916]	133	143	-29	-7	-5	-12	det1=true
[21917]	133	143	-41	-7	-5	12	det1=true
[21918]	135	143	-41	-4	-11	7	det1=true
[21919]	136	143	-33	-16	-12	-5	det1=true
[21920]	139	143	-17	-2	-11	-8	det1=true
[21921]	139	143	-25	-2	-11	8	det1=true
[21922]	143	143	-52	-16	-4	-12	det1=true
[21923]	143	143	-64	-16	-4	12	det1=true
[21924]	49	144	-13	-4	-8	-1	det1=true
[21925]	49	144	-14	-4	-8	1	det1=true
[21926]	80	144	-30	2	-10	-1	det1=true
[21927]	80	144	-31	2	-10	1	det1=true
[21928]	80	144	-15	-14	-2	-10	det1=true
[21929]	80	144	-25	-14	-2	10	det1=true
[21930]	90	144	-20	-13	-10	-4	det1=true
[21931]	90	144	-24	-13	-10	4	det1=true
[21932]	98	144	-47	-4	-6	9	det1=true
[21933]	104	144	-48	-13	-10	-4	det1=true
[21934]	109	144	-41	-34	-6	-9	det1=true
[21935]	109	144	-50	-34	-6	9	det1=true
[21936]	109	144	-22	6	-12	-1	det1=true
[21937]	109	144	-23	6	-12	1	det1=true
[21938]	120	144	-56	-51	-10	-2	det1=true
[21939]	120	144	-58	-51	-10	2	det1=true
[21940]	127	144	-56	-46	-9	-6	det1=true
[21941]	127	144	-62	-46	-9	6	det1=true
[21942]	133	144	-46	-19	-3	-12	det1=true
[21943]	135	144	-40	-39	-7	-10	det1=true
[21944]	136	144	-44	-5	-10	-8	det1=true
[21945]	136	144	-52	-5	-10	8	det1=true
[21946]	144	144	-59	-58	-2	-11	det1=true
[21947]	144	144	-70	-58	-2	11	det1=true
[21948]	144	144	-10	4	-14	1	det1=true
[21949]	67	141	-18	-5	-2	-9	det1=true
[21950]	76	141	-29	-16	-8	-5	det1=true
[21951]	95	141	-45	-23	-5	9	det1=true
[21952]	96	141	-38	-33	-6	-8	det1=true
[21953]	96	141	-46	-33	-6	8	det1=true
[21954]	101	141	-43	-3	-10	-4	det1=true
[21955]	101	141	-47	-3	-10	4	det1=true
[21956]	108	141	-18	-16	-4	-11	det1=true
[21957]	108	141	-29	-16	-4	11	det1=true
[21958]	117	141	-40	-1	-5	11	det1=true
[21959]	117	141	-29	-9	-11	-5	det1=true
[21960]	117	141	-34	-9	-11	5	det1=true
[21961]	123	141	-51	-8	-11	-4	det1=true
[21962]	123	141	-55	-8	-11	4	det1=true
[21963]	134	141	-55	4	-12	3	det1=true
[21964]	135	141	-43	-30	-7	-10	det1=true
[21965]	141	141	-37	-15	-13	2	det1=true
[21966]	67	142	-29	-2	-2	9	det1=true
[21967]	67	142	-6	-7	-5	-8	det1=true
[21968]	75	142	-32	-3	-5	-8	det1=true
[21969]	75	142	-40	-3	-5	8	det1=true
[21970]	82	142	-18	-6	-3	10	det1=true
[21971]	94	142	-42	-30	-4	-9	det1=true
[21972]	94	142	-51	-30	-4	9	det1=true
[21973]	118	142	-45	0	-6	-10	det1=true
[21974]	118	142	-55	0	-6	10	det1=true
[21975]	119	142	-40	-23	-1	12	det1=true
[21976]	120	142	-22	-23	-7	-10	det1=true
[21977]	120	142	-32	-23	-7	10	det1=true
[21978]	124	142	-51	-6	-4	-11	det1=true
[21979]	124	142	-62	-6	-4	11	det1=true
[21980]	124	142	-48	-22	-11	-4	det1=true
[21981]	125	142	-56	-50	-10	-3	det1=true
[21982]	125	142	-59	-50	-10	3	det1=true
[21983]	130	142	-57	-60	-2	-10	det1=true
[21984]	130	142	-67	-60	-2	10	det1=true
[21985]	136	142	-50	-24	-10	-7	det1=true
[21986]	139	142	-54	-9	-3	-12	det1=true
[21987]	139	142	-66	-9	-3	12	det1=true
[21988]	43	143	-5	-2	-7	-3	det1=true
[21989]	43	143	-8	-2	-7	3	det1=true
[21990]	77	143	-9	1	-10	-2	det1=true
[21991]	77	143	-11	1	-10	2	det1=true
[21992]	79	143	-31	-24	-9	-3	det1=true
[21993]	79	143	-34	-24	-9	3	det1=true
[21994]	82	143	-19	4	-10	3	det1=true
[21995]	89	143	-39	-14	-1	-10	det1=true
[21996]	89	143	-49	-14	-1	10	det1=true
[21997]	91	143	-23	3	-6	-9	det1=true
[21998]	91	143	-32	3	-6	9	det1=true
[21999]	95	143	-42	-24	-10	-2	det1=true
[22000]	101	143	-24	0	-7	-9	det1=true
[22001]	104	143	-20	3	-6	-10	det1=true
[22002]	104	143	-30	3	-6	10	det1=true
[22003]	106	143	-48	-29	-3	-10	det1=true
[22004]	106	143	-58	-29	-3	10	det1=true
[22005]	107	143	-36	-21	-2	-11	det1=true
[22006]	107	143	-47	-21	-2	11	det1=true
[22007]	116	143	-48	-39	-10	-4	det1=true
[22008]	116	143	-52	-39	-10	4	det1=true
[22009]	120	143	-47	-46	-4	-10	det1=true
[22010]	120	143	-57	-46	-4	10	det1=true
[22011]	123	143	-36	-23	-11	-5	det1=true
[22012]	123	143	-41	-23	-11	5	det1=true
[22013]	123	143	-25	-23	-3	-12	det1=true
[22014]	123	143	-37	-23	-3	12	det1=true
[22015]	124	143	-54	-2	-9	8	det1=true
[22016]	128	143	-42	-20	-10	-7	det1=true
[22017]	128	143	-49	-20	-10	7	det1=true
[22018]	129	143	-54	-34	-7	-9	det1=true
[22019]	129	143	-63	-34	-7	9	det1=true
[22020]	130	143	-47	-28	-10	7	det1=true
[22021]	134	143	-47	6	-12	-4	det1=true
[22022]	134	143	-51	6	-12	4	det1=true
[22023]	135	143	-50	-28	-5	-11	det1=true
[22024]	135	143	-47	-15	-8	10	det1=true
[22025]	135	143	-34	-4	-11	-7	det1=true
[22026]	141	143	-37	-21	-1	-13	det1=true
[22027]	141	143	-50	-21	-1	13	det1=true
[22028]	76	144	-15	-8	-8	-6	det1=true
[22029]	76	144	-21	-8	-8	6	det1=true
[22030]	76	144	-2	1	-2	-10	det1=true
[22031]	76	144	-12	1	-2	10	det1=true
[22032]	80	144	-25	-12	-10	-1	det1=true
[22033]	84	144	-33	-14	-8	-6	det1=true
[22034]	84	144	-39	-14	-8	6	det1=true
[22035]	90	144	-22	2	-6	-9	det1=true
[22036]	90	144	-31	2	-6	9	det1=true
[22037]	99	144	-37	-12	-2	11	det1=true
[22038]	110	144	-25	6	-12	-1	det1=true
[22039]	110	144	-26	6	-12	1	det1=true
[22040]	118	144	-46	-9	-6	-10	det1=true
[22041]	118	144	-56	-9	-6	10	det1=true
[22042]	119	144	-50	-35	-11	2	det1=true
[22043]	120	144	-42	-26	-11	-4	det1=true
[22044]	120	144	-46	-26	-11	4	det1=true
[22045]	129	144	-60	-14	-11	-4	det1=true
[22046]	129	144	-64	-14	-11	4	det1=true
[22047]	144	144	-9	4	-14	-1	det1=true
[22048]	51	141	-13	-9	-7	-4	det1=true
[22049]	51	141	-17	-9	-7	4	det1=true
[22050]	63	141	-9	-10	-1	-9	det1=true
[22051]	63	141	-18	-10	-1	9	det1=true
[22052]	78	141	-14	-7	-1	-10	det1=true
[22053]	78	141	-24	-7	-1	10	det1=true
[22054]	88	141	-32	-11	-2	-10	det1=true
[22055]	88	141	-42	-11	-2	10	det1=true
[22056]	95	141	-36	-23	-5	-9	det1=true
[22057]	97	141	-36	-4	-10	-4	det1=true
[22058]	99	141	-21	-14	-11	-2	det1=true
[22059]	99	141	-23	-14	-11	2	det1=true
[22060]	117	141	-29	-1	-5	-11	det1=true
[22061]	123	141	-55	-37	-9	-6	det1=true
[22062]	123	141	-61	-37	-9	6	det1=true
[22063]	123	141	-47	-42	-1	-11	det1=true
[22064]	123	141	-58	-42	-1	11	det1=true
[22065]	125	141	-22	-6	-10	8	det1=true
[22066]	141	141	-35	-15	-13	-2	det1=true
[22067]	29	142	-10	-8	-1	-6	det1=true
[22068]	29	142	-16	-8	-1	6	det1=true
[22069]	56	142	-14	-4	-8	-3	det1=true
[22070]	56	142	-17	-4	-8	3	det1=true
[22071]	70	142	-22	-18	-9	-2	det1=true
[22072]	79	142	-27	-6	-4	-9	det1=true
[22073]	79	142	-36	-6	-4	9	det1=true
[22074]	82	142	-8	-6	-3	-10	det1=true
[22075]	86	142	-37	-10	-10	-1	det1=true
[22076]	97	142	-32	-22	-8	-7	det1=true
[22077]	97	142	-39	-22	-8	7	det1=true
[22078]	100	142	-44	-34	-3	10	det1=true
[22079]	102	142	-43	-18	-8	-7	det1=true
[22080]	102	142	-50	-18	-8	7	det1=true
[22081]	109	142	-40	-21	-11	-2	det1=true
[22082]	109	142	-42	-21	-11	2	det1=true
[22083]	113	142	-20	-12	-8	-9	det1=true
[22084]	113	142	-29	-12	-8	9	det1=true
[22085]	115	142	-46	-1	-11	4	det1=true
[22086]	116	142	-42	-1	-6	-10	det1=true
[22087]	116	142	-52	-1	-6	10	det1=true
[22088]	119	142	-49	-44	-8	-7	det1=true
[22089]	132	142	-50	-7	-7	-10	det1=true
[22090]	132	142	-60	-7	-7	10	det1=true
[22091]	132	142	-42	-11	-11	-6	det1=true
[22092]	132	142	-48	-11	-11	6	det1=true
[22093]	138	142	-29	-24	-12	-5	det1=true
[22094]	139	142	-13	0	-8	-11	det1=true
[22095]	139	142	-24	0	-8	11	det1=true
[22096]	47	143	-15	0	-5	-6	det1=true
[22097]	47	143	-21	0	-5	6	det1=true
[22098]	74	143	-5	-2	-6	-8	det1=true
[22099]	74	143	-13	-2	-6	8	det1=true
[22100]	82	143	-35	0	-4	-9	det1=true
[22101]	82	143	-44	0	-4	9	det1=true
[22102]	98	143	-41	-10	-8	-7	det1=true
[22103]	98	143	-48	-10	-8	7	det1=true
[22104]	103	143	-25	-12	-7	-9	det1=true
[22105]	103	143	-34	-12	-7	9	det1=true
[22106]	107	143	-37	-2	-9	-7	det1=true
[22107]	107	143	-3	-5	-1	-12	det1=true
[22108]	117	143	-25	-20	-5	-11	det1=true
[22109]	118	143	-28	-17	-12	-2	det1=true
[22110]	118	143	-30	-17	-12	2	det1=true
[22111]	121	143	-22	-7	-6	-11	det1=true
[22112]	121	143	-33	-7	-6	11	det1=true
[22113]	122	143	-40	-30	-4	-11	det1=true
[22114]	122	143	-51	-30	-4	11	det1=true
[22115]	127	143	-37	-33	-1	-12	det1=true
[22116]	127	143	-49	-33	-1	12	det1=true
[22117]	129	143	-53	-3	-11	-5	det1=true
[22118]	129	143	-58	-3	-11	5	det1=true
[22119]	130	143	-40	-28	-10	-7	det1=true
[22120]	133	143	-40	-39	-8	-9	det1=true
[22121]	133	143	-49	-39	-8	9	det1=true
[22122]	136	143	-38	-16	-12	5	det1=true
[22123]	140	143	-38	-38	-6	-11	det1=true
[22124]	140	143	-49	-38	-6	11	det1=true
[22125]	49	144	-14	-2	-8	-1	det1=true
[22126]	49	144	-15	-2	-8	1	det1=true
[22127]	108	144	-49	-20	-4	-10	det1=true
[22128]	108	144	-59	-20	-4	10	det1=true
[22129]	108	144	-48	-25	-10	-4	det1=true
[22130]	108	144	-52	-25	-10	4	det1=true
[22131]	109	144	-50	-45	-6	-8	det1=true
[22132]	109	144	-58	-45	-6	8	det1=true
[22133]	119	144	-48	-35	-11	-2	det1=true
[22134]	119	144	-30	-25	-1	-12	det1=true
[22135]	124	144	-20	-5	-10	-8	det1=true
[22136]	124	144	-28	-5	-10	8	det1=true
[22137]	144	144	-60	-34	-1	-12	det1=true
[22138]	144	144	-72	-34	-1	12	det1=true
[22139]	72	141	-26	0	-8	-5	det1=true
[22140]	73	141	-25	-21	-6	-7	det1=true
[22141]	73	141	-32	-21	-6	7	det1=true
[22142]	92	141	-34	-29	-1	-10	det1=true
[22143]	92	141	-44	-29	-1	10	det1=true
[22144]	92	141	-23	-4	-4	-10	det1=true
[22145]	92	141	-33	-4	-4	10	det1=true
[22146]	97	141	-40	-4	-10	4	det1=true
[22147]	118	141	-46	-40	-9	-6	det1=true
[22148]	118	141	-52	-40	-9	6	det1=true
[22149]	123	141	-29	-8	-3	-12	det1=true
[22150]	123	141	-41	-8	-3	12	det1=true
[22151]	124	141	-54	-58	-1	-10	det1=true
[22152]	124	141	-64	-58	-1	10	det1=true
[22153]	125	141	-13	-7	-8	-10	det1=true
[22154]	125	141	-23	-7	-8	10	det1=true
[22155]	132	141	-48	-37	-10	-6	det1=true
[22156]	132	141	-54	-37	-10	6	det1=true
[22157]	135	141	-48	-29	-8	-9	det1=true
[22158]	135	141	-57	-29	-8	9	det1=true
[22159]	70	142	-24	-18	-9	2	det1=true
[22160]	98	142	-20	-14	-11	-2	det1=true
[22161]	98	142	-22	-14	-11	2	det1=true
[22162]	126	142	-32	-19	-3	-12	det1=true
[22163]	126	142	-44	-19	-3	12	det1=true
[22164]	132	142	-38	-28	-12	-3	det1=true
[22165]	132	142	-41	-28	-12	3	det1=true
[22166]	133	142	-20	-20	-5	-12	det1=true
[22167]	142	142	-45	-18	-8	-10	det1=true
[22168]	57	143	-15	-5	-5	-7	det1=true
[22169]	57	143	-22	-5	-5	7	det1=true
[22170]	110	143	-52	-35	-4	10	det1=true
[22171]	119	143	-46	-10	-6	-10	det1=true
[22172]	119	143	-56	-10	-6	10	det1=true
[22173]	139	143	-21	-11	-9	-10	det1=true
[22174]	139	143	-31	-11	-9	10	det1=true
[22175]	74	144	-25	-20	-8	-5	det1=true
[22176]	74	144	-30	-20	-8	5	det1=true
[22177]	79	144	-21	-14	-8	-6	det1=true
[22178]	79	144	-27	-14	-8	6	det1=true
[22179]	119	144	-42	-25	-1	12	det1=true
[22180]	138	144	-42	-19	-10	-8	det1=true
[22181]	138	144	-50	-19	-10	8	det1=true
[22182]	139	144	-19	-2	-8	-11	det1=true
[22183]	139	144	-30	-2	-8	11	det1=true
[22184]	83	141	-37	-22	-3	-9	det1=true
[22185]	83	141	-46	-22	-3	9	det1=true
[22186]	108	141	-27	-4	-10	-6	det1=true
[22187]	109	141	-35	-9	-3	-11	det1=true
[22188]	109	141	-46	-9	-3	11	det1=true
[22189]	109	141	-3	1	-5	-11	det1=true
[22190]	109	141	-14	1	-5	11	det1=true
[22191]	121	141	-54	-1	-7	-9	det1=true
[22192]	121	141	-63	-1	-7	9	det1=true
[22193]	134	141	-40	-32	-7	-10	det1=true
[22194]	134	141	-50	-32	-7	10	det1=true
[22195]	135	141	-22	-9	-2	-13	det1=true
[22196]	135	141	-35	-9	-2	13	det1=true
[22197]	142	142	-55	-18	-8	10	det1=true
[22198]	82	143	-31	-2	-6	-8	det1=true
[22199]	84	143	-8	-2	-7	-8	det1=true
[22200]	91	143	-34	-35	-4	-9	det1=true
[22201]	91	143	-43	-35	-4	9	det1=true
[22202]	111	143	-26	-21	-4	-11	det1=true
[22203]	121	143	-24	-19	-12	-3	det1=true
[22204]	128	143	-6	-4	-2	-13	det1=true
[22205]	128	143	-19	-4	-2	13	det1=true
[22206]	133	143	-34	2	-13	-1	det1=true
[22207]	133	143	-35	2	-13	1	det1=true
[22208]	92	144	-28	-9	-10	-4	det1=true
[22209]	92	144	-32	-9	-10	4	det1=true
[22210]	98	144	-30	-2	-11	-2	det1=true
[22211]	98	144	-32	-2	-11	2	det1=true
[22212]	119	144	-36	-13	-1	-12	det1=true
[22213]	119	144	-48	-13	-1	12	det1=true
[22214]	121	144	-28	-14	-3	-12	det1=true
[22215]	121	144	-40	-14	-3	12	det1=true
[22216]	127	144	-6	-2	-2	-13	det1=true
[22217]	127	144	-19	-2	-2	13	det1=true
[22218]	132	144	-58	-27	-11	-4	det1=true
[22219]	132	144	-62	-27	-11	4	det1=true
[22220]	142	144	-59	-42	-4	-11	det1=true
[22221]	142	144	-70	-42	-4	11	det1=true
[22222]	72	141	-31	0	-8	5	det1=true
[22223]	81	141	-40	-30	-9	-1	det1=true
[22224]	81	141	-41	-30	-9	1	det1=true
[22225]	108	141	-33	-4	-10	6	det1=true
[22226]	126	141	-36	-28	-1	-12	det1=true
[22227]	126	141	-48	-28	-1	12	det1=true
[22228]	82	142	-34	2	-4	-9	det1=true
[22229]	82	142	-43	2	-4	9	det1=true
[22230]	92	142	-22	-9	-9	-6	det1=true
[22231]	92	142	-28	-9	-9	6	det1=true
[22232]	136	142	-54	-42	-11	4	det1=true
[22233]	82	143	-39	-2	-6	8	det1=true
[22234]	107	143	-15	-5	-1	12	det1=true
[22235]	121	143	-27	-19	-12	3	det1=true
[22236]	130	143	-49	-10	-10	-7	det1=true
[22237]	130	143	-56	-10	-10	7	det1=true
[22238]	143	143	-47	-49	-1	-12	det1=true
[22239]	143	143	-59	-49	-1	12	det1=true
[22240]	85	144	-31	-6	-2	-10	det1=true
[22241]	85	144	-41	-6	-2	10	det1=true
[22242]	136	142	-50	-42	-11	-4	det1=true
[22243]	55	144	-15	4	-8	-3	det1=true
[22244]	55	144	-18	4	-8	3	det1=true
[22245]	119	141	-36	4	-11	-5	det1=true
[22246]	142	142	-102	3	-9	4	det1=true
[22247]	80	143	-34	-24	-8	-5	det1=true
[22248]	80	143	-39	-24	-8	5	det1=true
[22249]	110	143	-16	-7	-1	-12	det1=true
[22250]	110	143	-28	-7	-1	12	det1=true
[22251]	75	144	-15	4	-8	-6	det1=true
[22252]	75	144	-21	4	-8	6	det1=true
[22253]	113	141	-61	-19	-6	9	det1=true
[22254]	111	143	-33	-35	-2	-11	det1=true
[22255]	111	143	-44	-35	-2	11	det1=true
[22256]	137	143	-57	-45	-11	-3	det1=true
[22257]	137	143	-60	-45	-11	3	det1=true
[22258]	75	141	-28	-8	-3	-9	det1=true
[22259]	74	143	-18	0	-9	-4	det1=true
[22260]	74	143	-22	0	-9	4	det1=true
[22261]	79	144	-19	-4	-10	-2	det1=true
[22262]	79	144	-21	-4	-10	2	det1=true
[22263]	132	144	-37	-4	-8	-10	det1=true
[22264]	132	144	-47	-4	-8	10	det1=true
[22265]	134	144	-42	5	-10	-8	det1=true
[22266]	134	144	-50	5	-10	8	det1=true
[22267]	104	141	-42	-19	-10	-4	det1=true
[22268]	104	141	-46	-19	-10	4	det1=true
[22269]	139	142	-64	3	-12	-2	det1=true
[22270]	139	142	-66	3	-12	2	det1=true
[22271]	76	143	-18	-13	-9	-4	det1=true
[22272]	87	143	-12	2	-4	-10	det1=true
[22273]	87	143	-22	2	-4	10	det1=true
[22274]	74	142	-14	-5	-9	-4	det1=true
[22275]	74	142	-18	-5	-9	4	det1=true
[22276]	76	142	-16	-13	-9	-4	det1=true
[22277]	76	142	-20	-13	-9	4	det1=true
[22278]	76	143	-29	-28	-2	-9	det1=true
[22279]	76	143	-38	-28	-2	9	det1=true
[22280]	78	142	-38	-21	-9	-2	det1=true
[22281]	78	142	-40	-21	-9	2	det1=true
[22282]	118	142	-47	2	-10	-6	det1=true
[22283]	118	142	-53	2	-10	6	det1=true
[22284]	76	143	-22	-13	-9	4	det1=true
[22285]	133	143	-17	1	-13	-3	det1=true
[22286]	133	143	-20	1	-13	3	det1=true
[22287]	75	141	-31	-5	-9	-3	det1=true
[22288]	108	141	-25	-6	-6	-10	det1=true
[22289]	108	141	-35	-6	-6	10	det1=true
[22290]	136	142	-63	-18	-6	-10	det1=true
[22291]	136	142	-73	-18	-6	10	det1=true
[22292]	142	142	-46	-17	-10	-8	det1=true
[22293]	142	142	-54	-17	-10	8	det1=true
[22294]	119	143	-33	-13	-5	-11	det1=true
[22295]	119	143	-44	-13	-5	11	det1=true
[22296]	110	143	-6	3	-7	-10	det1=true
[22297]	116	143	-43	-10	-10	-6	det1=true
[22298]	116	143	-49	-10	-10	6	det1=true
[22299]	122	143	-47	6	-12	-1	det1=true
[22300]	140	143	-18	-9	-13	-4	det1=true
[22301]	140	143	-22	-9	-13	4	det1=true
[22302]	101	143	-9	3	-6	-10	det1=true
[22303]	101	143	-19	3	-6	10	det1=true
[22304]	131	143	-58	-5	-12	-1	det1=true
[22305]	132	141	-58	6	-12	-1	det1=true
[22306]	127	143	-50	3	-8	-9	det1=true
[22307]	142	142	-69	-6	-12	-1	det1=true
[22308]	141	144	-70	-6	-12	-1	det1=true
[22309]	136	142	-65	-16	-10	-6	det1=true
[22310]	143	143	-66	-13	-8	-9	det1=true
[22311]	109	142	-53	-28	-10	-3	det1=true
[22312]	127	146	-32	-19	-12	-4	det1=true
[22313]	95	145	-8	3	-7	-9	det1=true
[22314]	95	145	-17	3	-7	9	det1=true
[22315]	77	145	-21	-5	-6	-8	det1=true
[22316]	77	145	-29	-5	-6	8	det1=true
[22317]	96	145	-33	-16	-4	-10	det1=true
[22318]	97	145	-43	-17	-3	-10	det1=true
[22319]	97	145	-53	-17	-3	10	det1=true
[22320]	97	145	-46	-26	-10	-2	det1=true
[22321]	97	145	-48	-26	-10	2	det1=true
[22322]	97	145	-38	-6	-4	-10	det1=true
[22323]	97	145	-48	-6	-4	10	det1=true
[22324]	124	145	-24	1	-10	-8	det1=true
[22325]	124	145	-32	1	-10	8	det1=true
[22326]	133	145	-13	4	-9	-10	det1=true
[22327]	133	145	-23	4	-9	10	det1=true
[22328]	144	145	-50	-6	-13	-2	det1=true
[22329]	144	145	-52	-6	-13	2	det1=true
[22330]	39	146	-10	-1	-7	-2	det1=true
[22331]	39	146	-12	-1	-7	2	det1=true
[22332]	108	146	-7	-2	-10	-7	det1=true
[22333]	108	146	-14	-2	-10	7	det1=true
[22334]	114	146	-56	-45	-10	-2	det1=true
[22335]	114	146	-58	-45	-10	2	det1=true
[22336]	117	146	-52	-39	-4	-10	det1=true
[22337]	117	146	-62	-39	-4	10	det1=true
[22338]	120	146	-59	-50	-10	-2	det1=true
[22339]	120	146	-61	-50	-10	2	det1=true
[22340]	127	146	-28	-23	-4	-12	det1=true
[22341]	146	146	-54	-1	-5	-12	det1=true
[22342]	146	146	-66	-1	-5	12	det1=true
[22343]	87	147	-16	-12	-4	-10	det1=true
[22344]	87	147	-26	-12	-4	10	det1=true
[22345]	142	147	-48	-35	-5	12	det1=true
[22346]	143	147	-19	5	-14	-1	det1=true
[22347]	143	147	-20	5	-14	1	det1=true
[22348]	98	148	-13	4	-10	-6	det1=true
[22349]	98	148	-19	4	-10	6	det1=true
[22350]	101	148	-21	-2	-6	-10	det1=true
[22351]	101	148	-31	-2	-6	10	det1=true
[22352]	148	148	-14	0	-6	-13	det1=true
[22353]	148	148	-27	0	-6	13	det1=true
[22354]	69	145	-19	-8	-9	-3	det1=true
[22355]	69	145	-22	-8	-9	3	det1=true
[22356]	89	145	-35	-27	-5	9	det1=true
[22357]	91	145	-40	-8	-5	-9	det1=true
[22358]	91	145	-49	-8	-5	9	det1=true
[22359]	96	145	-43	-28	-10	-2	det1=true
[22360]	97	145	-42	-30	-2	-10	det1=true
[22361]	97	145	-52	-30	-2	10	det1=true
[22362]	100	145	-40	-31	-3	-10	det1=true
[22363]	100	145	-50	-31	-3	10	det1=true
[22364]	106	145	-48	-35	-4	10	det1=true
[22365]	119	145	-23	-6	-11	-6	det1=true
[22366]	119	145	-29	-6	-11	6	det1=true
[22367]	124	145	-60	-53	-10	-2	det1=true
[22368]	124	145	-62	-53	-10	2	det1=true
[22369]	124	145	-55	-34	-2	-11	det1=true
[22370]	124	145	-66	-34	-2	11	det1=true
[22371]	124	145	-10	-2	-5	-12	det1=true
[22372]	131	145	-11	-5	-3	-13	det1=true
[22373]	131	145	-24	-5	-3	13	det1=true
[22374]	140	145	-58	-6	-11	-6	det1=true
[22375]	140	145	-64	-6	-11	6	det1=true
[22376]	145	145	-45	-33	-10	-8	det1=true
[22377]	145	145	-44	-34	-8	-10	det1=true
[22378]	96	146	-43	0	-8	-7	det1=true
[22379]	96	146	-50	0	-8	7	det1=true
[22380]	108	146	-34	3	-6	-10	det1=true
[22381]	108	146	-44	3	-6	10	det1=true
[22382]	116	146	-34	-30	-4	-11	det1=true
[22383]	116	146	-45	-30	-4	11	det1=true
[22384]	121	146	-25	-14	-6	-11	det1=true
[22385]	121	146	-36	-14	-6	11	det1=true
[22386]	131	146	-58	-45	-11	-2	det1=true
[22387]	131	146	-60	-45	-11	2	det1=true
[22388]	88	147	-39	-16	-10	-2	det1=true
[22389]	89	147	-16	0	-11	-1	det1=true
[22390]	89	147	-17	0	-11	1	det1=true
[22391]	90	147	-42	-23	-8	-6	det1=true
[22392]	90	147	-41	-24	-6	-8	det1=true
[22393]	90	147	-49	-24	-6	8	det1=true
[22394]	95	147	-40	-2	-10	-4	det1=true
[22395]	95	147	-44	-2	-10	4	det1=true
[22396]	97	147	-41	-35	-10	-2	det1=true
[22397]	97	147	-43	-35	-10	2	det1=true
[22398]	107	147	-44	-27	-11	1	det1=true
[22399]	127	147	-19	-14	-1	-13	det1=true
[22400]	127	147	-32	-14	-1	13	det1=true
[22401]	130	147	-28	-25	-8	-10	det1=true
[22402]	130	147	-38	-25	-8	10	det1=true
[22403]	140	147	-48	-43	-7	-10	det1=true
[22404]	140	147	-58	-43	-7	10	det1=true
[22405]	143	147	-51	-1	-7	-11	det1=true
[22406]	143	147	-62	-1	-7	11	det1=true
[22407]	127	148	-60	-39	-11	-2	det1=true
[22408]	127	148	-62	-39	-11	2	det1=true
[22409]	144	148	-18	7	-14	-2	det1=true
[22410]	144	148	-20	7	-14	2	det1=true
[22411]	25	145	-4	-3	-3	-5	det1=true
[22412]	25	145	-9	-3	-3	5	det1=true
[22413]	39	145	-9	2	-7	-2	det1=true
[22414]	39	145	-11	2	-7	2	det1=true
[22415]	46	145	-10	-8	-5	-6	det1=true
[22416]	46	145	-16	-8	-5	6	det1=true
[22417]	49	145	-15	1	-7	-4	det1=true
[22418]	49	145	-19	1	-7	4	det1=true
[22419]	57	145	-20	1	-7	-5	det1=true
[22420]	57	145	-25	1	-7	5	det1=true
[22421]	81	145	-24	-2	-2	-10	det1=true
[22422]	107	145	-50	-33	-10	-3	det1=true
[22423]	107	145	-53	-33	-10	3	det1=true
[22424]	112	145	-51	-46	-2	-10	det1=true
[22425]	112	145	-21	-16	-8	-9	det1=true
[22426]	112	145	-30	-16	-8	9	det1=true
[22427]	116	145	-55	-42	-10	-3	det1=true
[22428]	116	145	-58	-42	-10	3	det1=true
[22429]	118	145	-36	-12	-1	-12	det1=true
[22430]	118	145	-48	-12	-1	12	det1=true
[22431]	132	145	-54	-10	-10	-7	det1=true
[22432]	132	145	-61	-10	-10	7	det1=true
[22433]	136	145	-54	-30	-1	-12	det1=true
[22434]	136	145	-66	-30	-1	12	det1=true
[22435]	137	145	-41	-33	-11	-6	det1=true
[22436]	137	145	-47	-33	-11	6	det1=true
[22437]	140	145	-67	-44	-6	10	det1=true
[22438]	143	145	-61	-32	-1	-12	det1=true
[22439]	143	145	-73	-32	-1	12	det1=true
[22440]	144	145	-65	-6	-8	10	det1=true
[22441]	38	146	-7	2	-4	-6	det1=true
[22442]	38	146	-13	2	-4	6	det1=true
[22443]	51	146	-19	-12	-8	-1	det1=true
[22444]	51	146	-20	-12	-8	1	det1=true
[22445]	83	146	-35	-8	-6	-8	det1=true
[22446]	83	146	-43	-8	-6	8	det1=true
[22447]	91	146	-39	-28	-6	-8	det1=true
[22448]	91	146	-47	-28	-6	8	det1=true
[22449]	91	146	-19	-2	-2	11	det1=true
[22450]	96	146	-37	-8	-4	-10	det1=true
[22451]	101	146	-42	-33	-4	10	det1=true
[22452]	113	146	-21	-12	-10	-7	det1=true
[22453]	113	146	-28	-12	-10	7	det1=true
[22454]	126	146	-52	-27	-6	-10	det1=true
[22455]	128	146	-33	-4	-8	-10	det1=true
[22456]	128	146	-43	-4	-8	10	det1=true
[22457]	130	146	-37	-2	-8	-10	det1=true
[22458]	134	146	-38	-32	-6	-11	det1=true
[22459]	134	146	-49	-32	-6	11	det1=true
[22460]	143	146	-60	-36	-1	-12	det1=true
[22461]	143	146	-72	-36	-1	12	det1=true
[22462]	144	146	-66	-62	-8	-7	det1=true
[22463]	144	146	-73	-62	-8	7	det1=true
[22464]	57	147	-23	0	-3	-8	det1=true
[22465]	57	147	-31	0	-3	8	det1=true
[22466]	75	147	-4	-6	-2	-10	det1=true
[22467]	75	147	-14	-6	-2	10	det1=true
[22468]	77	147	-26	-1	-10	-1	det1=true
[22469]	77	147	-27	-1	-10	1	det1=true
[22470]	84	147	-16	-7	-7	-8	det1=true
[22471]	85	147	-41	-24	-9	4	det1=true
[22472]	88	147	-35	-20	-2	-10	det1=true
[22473]	88	147	-45	-20	-2	10	det1=true
[22474]	106	147	-44	-16	-11	-2	det1=true
[22475]	106	147	-46	-16	-11	2	det1=true
[22476]	114	147	-31	-18	-12	-1	det1=true
[22477]	114	147	-32	-18	-12	1	det1=true
[22478]	115	147	-39	-1	-10	7	det1=true
[22479]	117	147	-36	-11	-5	-11	det1=true
[22480]	117	147	-47	-11	-5	11	det1=true
[22481]	124	147	-34	-23	-3	-12	det1=true
[22482]	124	147	-1	-6	-2	-13	det1=true
[22483]	124	147	-14	-6	-2	13	det1=true
[22484]	131	147	-45	-17	-11	-6	det1=true
[22485]	131	147	-51	-17	-11	6	det1=true
[22486]	133	147	-35	-4	-1	-13	det1=true
[22487]	133	147	-48	-4	-1	13	det1=true
[22488]	135	147	-44	-1	-13	-1	det1=true
[22489]	135	147	-45	-1	-13	1	det1=true
[22490]	144	147	-54	2	-13	-2	det1=true
[22491]	144	147	-56	2	-13	2	det1=true
[22492]	145	147	-44	-29	-7	-11	det1=true
[22493]	145	147	-31	-21	-4	-13	det1=true
[22494]	147	147	-92	-11	-11	-1	det1=true
[22495]	70	148	-21	-18	-8	-5	det1=true
[22496]	70	148	-26	-18	-8	5	det1=true
[22497]	90	148	-35	4	-8	-7	det1=true
[22498]	90	148	-42	4	-8	7	det1=true
[22499]	97	148	-42	-39	-6	-8	det1=true
[22500]	97	148	-50	-39	-6	8	det1=true
[22501]	115	148	-48	-18	-11	4	det1=true
[22502]	116	148	-40	-2	-9	-8	det1=true
[22503]	116	148	-48	-2	-9	8	det1=true
[22504]	118	148	-51	-6	-6	-10	det1=true
[22505]	120	148	-55	-46	-8	-7	det1=true
[22506]	120	148	-62	-46	-8	7	det1=true
[22507]	121	148	-54	-2	-4	-11	det1=true
[22508]	129	148	-26	-18	-12	-5	det1=true
[22509]	129	148	-31	-18	-12	5	det1=true
[22510]	141	148	-59	-36	-12	-2	det1=true
[22511]	147	148	-80	-50	-7	-8	det1=true
[22512]	148	148	-54	-22	-5	-12	det1=true
[22513]	61	145	-9	-8	-1	-9	det1=true
[22514]	61	145	-18	-8	-1	9	det1=true
[22515]	70	145	-32	-1	-7	-6	det1=true
[22516]	70	145	-38	-1	-7	6	det1=true
[22517]	75	145	-29	-19	-5	-8	det1=true
[22518]	75	145	-37	-19	-5	8	det1=true
[22519]	76	145	-17	-8	-8	-6	det1=true
[22520]	76	145	-23	-8	-8	6	det1=true
[22521]	76	145	-9	0	-10	-2	det1=true
[22522]	81	145	-20	-14	-2	-10	det1=true
[22523]	95	145	-31	4	-11	-1	det1=true
[22524]	95	145	-32	4	-11	1	det1=true
[22525]	101	145	-44	-3	-6	-9	det1=true
[22526]	102	145	-43	-16	-2	11	det1=true
[22527]	103	145	-27	-27	-2	-11	det1=true
[22528]	103	145	-16	-9	-4	-11	det1=true
[22529]	103	145	-27	-9	-4	11	det1=true
[22530]	106	145	-38	-35	-4	-10	det1=true
[22531]	108	145	-30	-13	-10	-6	det1=true
[22532]	109	145	-41	-14	-11	-3	det1=true
[22533]	109	145	-44	-14	-11	3	det1=true
[22534]	110	145	-48	-40	-3	-10	det1=true
[22535]	117	145	-37	-5	-11	-5	det1=true
[22536]	117	145	-42	-5	-11	5	det1=true
[22537]	125	145	-59	-20	-9	-7	det1=true
[22538]	126	145	-48	2	-10	-7	det1=true
[22539]	126	145	-55	2	-10	7	det1=true
[22540]	128	145	-25	-4	-12	-5	det1=true
[22541]	128	145	-30	-4	-12	5	det1=true
[22542]	129	145	-35	3	-10	-8	det1=true
[22543]	129	145	-43	3	-10	8	det1=true
[22544]	131	145	-16	0	-13	-3	det1=true
[22545]	133	145	-57	1	-10	-7	det1=true
[22546]	133	145	-64	1	-10	7	det1=true
[22547]	134	145	-34	-23	-8	-10	det1=true
[22548]	134	145	-26	-24	-5	-12	det1=true
[22549]	134	145	-38	-24	-5	12	det1=true
[22550]	135	145	-30	-19	-7	-11	det1=true
[22551]	135	145	-41	-19	-7	11	det1=true
[22552]	138	145	-35	-24	-12	-5	det1=true
[22553]	140	145	-57	-44	-6	-10	det1=true
[22554]	144	145	-55	-6	-8	-10	det1=true
[22555]	145	145	-44	-40	-4	-12	det1=true
[22556]	145	145	-56	-40	-4	12	det1=true
[22557]	27	146	-7	0	-6	-1	det1=true
[22558]	46	146	-10	-10	-5	-6	det1=true
[22559]	46	146	-16	-10	-5	6	det1=true
[22560]	67	146	-24	-8	-6	-7	det1=true
[22561]	67	146	-31	-8	-6	7	det1=true
[22562]	67	146	-32	-10	-2	9	det1=true
[22563]	90	146	-38	-27	-6	-8	det1=true
[22564]	90	146	-46	-27	-6	8	det1=true
[22565]	96	146	-47	-8	-4	10	det1=true
[22566]	112	146	-30	2	-9	-8	det1=true
[22567]	112	146	-38	2	-9	8	det1=true
[22568]	115	146	-53	-44	-10	-3	det1=true
[22569]	115	146	-56	-44	-10	3	det1=true
[22570]	123	146	-54	-49	-7	-8	det1=true
[22571]	123	146	-62	-49	-7	8	det1=true
[22572]	123	146	-44	-32	-4	-11	det1=true
[22573]	123	146	-55	-32	-4	11	det1=true
[22574]	123	146	-22	-3	-8	-10	det1=true
[22575]	123	146	-32	-3	-8	10	det1=true
[22576]	126	146	-60	-25	-10	6	det1=true
[22577]	126	146	-62	-27	-6	10	det1=true
[22578]	134	146	-51	-44	-10	-6	det1=true
[22579]	134	146	-57	-44	-10	6	det1=true
[22580]	135	146	-16	4	-13	-4	det1=true
[22581]	135	146	-20	4	-13	4	det1=true
[22582]	141	146	-54	-13	-4	-12	det1=true
[22583]	142	146	-46	-20	-12	-5	det1=true
[22584]	142	146	-51	-20	-12	5	det1=true
[22585]	56	147	-27	-14	-8	-2	det1=true
[22586]	56	147	-29	-14	-8	2	det1=true
[22587]	67	147	-16	1	-3	-9	det1=true
[22588]	67	147	-25	1	-3	9	det1=true
[22589]	80	147	-28	-9	-1	-10	det1=true
[22590]	80	147	-38	-9	-1	10	det1=true
[22591]	81	147	-21	-25	-1	-10	det1=true
[22592]	81	147	-31	-25	-1	10	det1=true
[22593]	94	147	-41	4	-8	-7	det1=true
[22594]	94	147	-48	4	-8	7	det1=true
[22595]	100	147	-46	-2	-9	-6	det1=true
[22596]	100	147	-52	-2	-9	6	det1=true
[22597]	102	147	-44	-26	-8	-7	det1=true
[22598]	103	147	-40	-30	-10	-4	det1=true
[22599]	103	147	-44	-30	-10	4	det1=true
[22600]	103	147	-37	-33	-4	-10	det1=true
[22601]	103	147	-47	-33	-4	10	det1=true
[22602]	105	147	-50	-43	-10	-1	det1=true
[22603]	105	147	-51	-43	-10	1	det1=true
[22604]	107	147	-43	-27	-11	-1	det1=true
[22605]	108	147	-54	-17	-5	10	det1=true
[22606]	109	147	-53	-14	-11	-1	det1=true
[22607]	109	147	-54	-14	-11	1	det1=true
[22608]	115	147	-29	-18	-5	-11	det1=true
[22609]	115	147	-40	-18	-5	11	det1=true
[22610]	117	147	-35	-1	-12	3	det1=true
[22611]	119	147	-9	-7	-10	-8	det1=true
[22612]	129	147	-47	-22	-7	-10	det1=true
[22613]	129	147	-57	-22	-7	10	det1=true
[22614]	129	147	-25	-13	-11	-7	det1=true
[22615]	129	147	-32	-13	-11	7	det1=true
[22616]	131	147	-34	-1	-11	-7	det1=true
[22617]	131	147	-41	-1	-11	7	det1=true
[22618]	134	147	-52	-16	-3	-12	det1=true
[22619]	139	147	-47	4	-13	-2	det1=true
[22620]	141	147	-61	-13	-3	-12	det1=true
[22621]	141	147	-73	-13	-3	12	det1=true
[22622]	143	147	-15	-5	-14	-1	det1=true
[22623]	145	147	-32	-19	-8	-11	det1=true
[22624]	76	148	-20	-6	-1	-10	det1=true
[22625]	83	148	-34	-13	-1	-10	det1=true
[22626]	83	148	-44	-13	-1	10	det1=true
[22627]	84	148	-18	-7	-7	-8	det1=true
[22628]	84	148	-26	-7	-7	8	det1=true
[22629]	84	148	-10	2	-9	-6	det1=true
[22630]	84	148	-16	2	-9	6	det1=true
[22631]	94	148	-38	-38	-1	-10	det1=true
[22632]	99	148	-43	-12	-4	-10	det1=true
[22633]	99	148	-53	-12	-4	10	det1=true
[22634]	100	148	-39	-30	-8	-7	det1=true
[22635]	105	148	-44	-15	-11	-2	det1=true
[22636]	113	148	-7	-8	-6	-11	det1=true
[22637]	115	148	-57	-2	-4	11	det1=true
[22638]	115	148	-44	-18	-11	-4	det1=true
[22639]	118	148	-61	-6	-6	10	det1=true
[22640]	122	148	-53	4	-12	-1	det1=true
[22641]	122	148	-54	4	-12	1	det1=true
[22642]	123	148	-2	-2	-2	-13	det1=true
[22643]	123	148	-15	-2	-2	13	det1=true
[22644]	129	148	-64	2	-7	10	det1=true
[22645]	132	148	-14	3	-13	4	det1=true
[22646]	137	148	-63	-20	-12	-2	det1=true
[22647]	137	148	-65	-20	-12	2	det1=true
[22648]	137	148	-30	-5	-9	-10	det1=true
[22649]	137	148	-40	-5	-9	10	det1=true
[22650]	138	148	-50	-34	-3	-12	det1=true
[22651]	138	148	-62	-34	-3	12	det1=true
[22652]	146	148	-4	-2	-3	-14	det1=true
[22653]	22	145	-10	-3	-5	-2	det1=true
[22654]	22	145	-12	-3	-5	2	det1=true
[22655]	25	145	-9	0	-5	3	det1=true
[22656]	69	145	-25	-11	-3	9	det1=true
[22657]	79	145	-11	-8	-5	-9	det1=true
[22658]	79	145	-20	-8	-5	9	det1=true
[22659]	80	145	-28	-7	-6	-8	det1=true
[22660]	80	145	-36	-7	-6	8	det1=true
[22661]	83	145	-23	1	-10	-3	det1=true
[22662]	83	145	-26	1	-10	3	det1=true
[22663]	89	145	-40	3	-10	3	det1=true
[22664]	92	145	-38	-14	-10	-3	det1=true
[22665]	92	145	-41	-14	-10	3	det1=true
[22666]	99	145	-39	-31	-10	-3	det1=true
[22667]	99	145	-42	-31	-10	3	det1=true
[22668]	101	145	-26	-8	-9	-7	det1=true
[22669]	101	145	-33	-8	-9	7	det1=true
[22670]	108	145	-34	2	-11	-4	det1=true
[22671]	108	145	-38	2	-11	4	det1=true
[22672]	109	145	-51	3	-11	-2	det1=true
[22673]	112	145	-25	-14	-12	-1	det1=true
[22674]	112	145	-26	-14	-12	1	det1=true
[22675]	118	145	-48	-37	-11	2	det1=true
[22676]	121	145	-52	-4	-6	-10	det1=true
[22677]	121	145	-62	-4	-6	10	det1=true
[22678]	122	145	-46	4	-9	-8	det1=true
[22679]	122	145	-44	-16	-10	7	det1=true
[22680]	122	145	-34	-25	-12	-2	det1=true
[22681]	123	145	-4	4	-13	-1	det1=true
[22682]	123	145	-5	4	-13	1	det1=true
[22683]	124	145	-34	-34	-1	-12	det1=true
[22684]	124	145	-46	-34	-1	12	det1=true
[22685]	128	145	-54	2	-9	-8	det1=true
[22686]	128	145	-22	-10	-12	-5	det1=true
[22687]	130	145	-56	4	-8	-9	det1=true
[22688]	130	145	-65	4	-8	9	det1=true
[22689]	133	145	-29	-15	-11	-7	det1=true
[22690]	134	145	-44	-23	-8	10	det1=true
[22691]	136	145	-26	-29	-5	-12	det1=true
[22692]	136	145	-38	-29	-5	12	det1=true
[22693]	138	145	-14	-12	-11	-8	det1=true
[22694]	138	145	-22	-12	-11	8	det1=true
[22695]	139	145	-62	-43	-3	-11	det1=true
[22696]	139	145	-73	-43	-3	11	det1=true
[22697]	141	145	-67	-31	-11	-4	det1=true
[22698]	141	145	-71	-31	-11	4	det1=true
[22699]	50	146	-18	-6	-7	-4	det1=true
[22700]	50	146	-22	-6	-7	4	det1=true
[22701]	70	146	-34	-5	-9	-2	det1=true
[22702]	70	146	-36	-5	-9	2	det1=true
[22703]	76	146	-22	2	-10	-1	det1=true
[22704]	98	146	-42	-16	-8	-7	det1=true
[22705]	98	146	-49	-16	-8	7	det1=true
[22706]	102	146	-36	-31	-10	-4	det1=true
[22707]	109	146	-16	-5	-12	-2	det1=true
[22708]	109	146	-18	-5	-12	2	det1=true
[22709]	111	146	-16	-9	-7	-10	det1=true
[22710]	111	146	-26	-9	-7	10	det1=true
[22711]	114	146	-22	-2	-12	-3	det1=true
[22712]	119	146	-9	0	-10	-8	det1=true
[22713]	119	146	-17	0	-10	8	det1=true
[22714]	124	146	-32	-33	-2	-12	det1=true
[22715]	126	146	-54	-25	-10	-6	det1=true
[22716]	133	146	-4	5	-13	-4	det1=true
[22717]	134	146	-35	-24	-8	-10	det1=true
[22718]	136	146	-63	-10	-12	-2	det1=true
[22719]	136	146	-65	-10	-12	2	det1=true
[22720]	138	146	-64	-26	-3	12	det1=true
[22721]	73	147	-31	-11	-5	-8	det1=true
[22722]	73	147	-39	-11	-5	8	det1=true
[22723]	87	147	-19	-9	-10	-4	det1=true
[22724]	91	147	-30	-16	-10	4	det1=true
[22725]	93	147	-14	-13	-2	-11	det1=true
[22726]	93	147	-25	-13	-2	11	det1=true
[22727]	100	147	-34	-14	-11	-2	det1=true
[22728]	100	147	-36	-14	-11	2	det1=true
[22729]	102	147	-51	-26	-8	7	det1=true
[22730]	107	147	-6	-8	-2	-12	det1=true
[22731]	107	147	-18	-8	-2	12	det1=true
[22732]	109	147	-55	-11	-11	1	det1=true
[22733]	111	147	-47	-37	-10	-4	det1=true
[22734]	111	147	-51	-37	-10	4	det1=true
[22735]	115	147	-32	-1	-10	-7	det1=true
[22736]	117	147	-47	-41	-11	-1	det1=true
[22737]	117	147	-48	-41	-11	1	det1=true
[22738]	117	147	-44	-8	-11	5	det1=true
[22739]	119	147	-36	-14	-2	-12	det1=true
[22740]	119	147	-17	-7	-10	8	det1=true
[22741]	123	147	-47	-21	-12	1	det1=true
[22742]	123	147	-7	-9	-1	-13	det1=true
[22743]	123	147	-20	-9	-1	13	det1=true
[22744]	139	147	-49	4	-13	2	det1=true
[22745]	139	147	-7	2	-13	-5	det1=true
[22746]	139	147	-12	2	-13	5	det1=true
[22747]	140	147	-64	-11	-7	-10	det1=true
[22748]	145	147	-44	-21	-4	13	det1=true
[22749]	145	147	-19	-1	-1	-14	det1=true
[22750]	147	147	-64	-33	-10	-7	det1=true
[22751]	147	147	-71	-33	-10	7	det1=true
[22752]	49	148	-18	-3	-7	-4	det1=true
[22753]	53	148	-10	1	-3	-8	det1=true
[22754]	53	148	-18	1	-3	8	det1=true
[22755]	68	148	-26	-14	-6	-7	det1=true
[22756]	68	148	-33	-14	-6	7	det1=true
[22757]	86	148	-16	-6	-9	-6	det1=true
[22758]	86	148	-22	-6	-9	6	det1=true
[22759]	88	148	-30	-4	-8	-7	det1=true
[22760]	88	148	-37	-4	-8	7	det1=true
[22761]	100	148	-46	-30	-8	7	det1=true
[22762]	103	148	-49	-38	-10	-2	det1=true
[22763]	103	148	-51	-38	-10	2	det1=true
[22764]	103	148	-45	-42	-2	-10	det1=true
[22765]	103	148	-55	-42	-2	10	det1=true
[22766]	128	148	-50	-24	-8	-9	det1=true
[22767]	128	148	-59	-24	-8	9	det1=true
[22768]	128	148	-25	-16	-12	-5	det1=true
[22769]	128	148	-30	-16	-12	5	det1=true
[22770]	132	148	-8	-1	-13	-4	det1=true
[22771]	133	148	-54	-18	-12	-3	det1=true
[22772]	133	148	-57	-18	-12	3	det1=true
[22773]	138	148	-56	-22	-3	-12	det1=true
[22774]	139	148	-54	-35	-7	-10	det1=true
[22775]	139	148	-64	-35	-7	10	det1=true
[22776]	139	148	-47	-34	-6	-11	det1=true
[22777]	139	148	-58	-34	-6	11	det1=true
[22778]	139	148	-26	-21	-9	-10	det1=true
[22779]	139	148	-36	-21	-9	10	det1=true
[22780]	148	148	-66	-22	-5	12	det1=true
[22781]	148	148	-27	-6	-14	-2	det1=true
[22782]	148	148	-29	-6	-14	2	det1=true
[22783]	25	145	-6	0	-5	-3	det1=true
[22784]	48	145	-8	-2	-1	-8	det1=true
[22785]	48	145	-16	-2	-1	8	det1=true
[22786]	55	145	-12	0	-7	-5	det1=true
[22787]	55	145	-17	0	-7	5	det1=true
[22788]	67	145	-15	-3	-5	-8	det1=true
[22789]	67	145	-23	-3	-5	8	det1=true
[22790]	68	145	-27	-2	-6	-7	det1=true
[22791]	68	145	-34	-2	-6	7	det1=true
[22792]	69	145	-16	-11	-3	-9	det1=true
[22793]	70	145	-32	-8	-9	-2	det1=true
[22794]	70	145	-34	-8	-9	2	det1=true
[22795]	73	145	-13	1	-8	6	det1=true
[22796]	79	145	-30	3	-10	1	det1=true
[22797]	86	145	-34	-21	-8	-6	det1=true
[22798]	86	145	-40	-21	-8	6	det1=true
[22799]	86	145	-20	-4	-7	-8	det1=true
[22800]	86	145	-28	-4	-7	8	det1=true
[22801]	92	145	-32	-22	-3	-10	det1=true
[22802]	102	145	-32	-16	-2	-11	det1=true
[22803]	103	145	-38	-27	-2	11	det1=true
[22804]	109	145	-53	3	-11	2	det1=true
[22805]	109	145	-37	-18	-3	-11	det1=true
[22806]	109	145	-48	-18	-3	11	det1=true
[22807]	115	145	-49	-17	-11	-3	det1=true
[22808]	115	145	-52	-17	-11	3	det1=true
[22809]	121	145	-14	2	-8	-10	det1=true
[22810]	121	145	-24	2	-8	10	det1=true
[22811]	122	145	-37	-16	-10	-7	det1=true
[22812]	124	145	-14	4	-12	-5	det1=true
[22813]	125	145	-61	-19	-11	-3	det1=true
[22814]	125	145	-64	-19	-11	3	det1=true
[22815]	125	145	-52	-14	-11	5	det1=true
[22816]	125	145	5	1	-2	-13	det1=true
[22817]	125	145	-8	1	-2	13	det1=true
[22818]	128	145	-62	2	-9	8	det1=true
[22819]	130	145	-46	-36	-7	10	det1=true
[22820]	131	145	-12	-1	-3	-13	det1=true
[22821]	131	145	-25	-1	-3	13	det1=true
[22822]	145	145	0	-4	-2	-14	det1=true
[22823]	145	145	-14	-4	-2	14	det1=true
[22824]	28	146	-8	-9	-1	-6	det1=true
[22825]	28	146	-14	-9	-1	6	det1=true
[22826]	72	146	-2	3	-6	-8	det1=true
[22827]	72	146	-10	3	-6	8	det1=true
[22828]	85	146	-18	-20	-3	-10	det1=true
[22829]	86	146	-22	-3	-7	-8	det1=true
[22830]	86	146	-30	-3	-7	8	det1=true
[22831]	89	146	-36	-8	-10	-3	det1=true
[22832]	89	146	-39	-8	-10	3	det1=true
[22833]	91	146	-8	-2	-2	-11	det1=true
[22834]	114	146	-25	-2	-12	3	det1=true
[22835]	115	146	-32	-12	-1	-12	det1=true
[22836]	124	146	-44	-33	-2	12	det1=true
[22837]	128	146	-34	-3	-10	-8	det1=true
[22838]	128	146	-42	-3	-10	8	det1=true
[22839]	129	146	-41	-12	-6	-11	det1=true
[22840]	129	146	-52	-12	-6	11	det1=true
[22841]	131	146	-50	-40	-11	-4	det1=true
[22842]	131	146	-54	-40	-11	4	det1=true
[22843]	134	146	-45	-24	-8	10	det1=true
[22844]	137	146	-40	-11	-5	-12	det1=true
[22845]	137	146	-52	-11	-5	12	det1=true
[22846]	137	146	-27	-2	-10	-9	det1=true
[22847]	137	146	-36	-2	-10	9	det1=true
[22848]	21	147	-5	-1	-5	-2	det1=true
[22849]	21	147	-7	-1	-5	2	det1=true
[22850]	54	147	-28	-23	-1	8	det1=true
[22851]	76	147	-9	-8	-2	-10	det1=true
[22852]	76	147	-19	-8	-2	10	det1=true
[22853]	79	147	-20	3	-9	-5	det1=true
[22854]	79	147	-25	3	-9	5	det1=true
[22855]	85	147	-38	-34	-3	-9	det1=true
[22856]	85	147	-47	-34	-3	9	det1=true
[22857]	85	147	-37	-24	-9	-4	det1=true
[22858]	87	147	-26	-5	-8	-7	det1=true
[22859]	91	147	-26	-16	-10	-4	det1=true
[22860]	91	147	-23	-19	-4	-10	det1=true
[22861]	91	147	-33	-19	-4	10	det1=true
[22862]	96	147	-38	-4	-6	-9	det1=true
[22863]	96	147	-47	-4	-6	9	det1=true
[22864]	97	147	-41	-17	-8	-7	det1=true
[22865]	97	147	-48	-17	-8	7	det1=true
[22866]	99	147	-33	-20	-11	-1	det1=true
[22867]	99	147	-34	-20	-11	1	det1=true
[22868]	107	147	-9	1	-2	-12	det1=true
[22869]	107	147	-21	1	-2	12	det1=true
[22870]	115	147	-32	-15	-11	-5	det1=true
[22871]	115	147	-37	-15	-11	5	det1=true
[22872]	116	147	-14	-12	-6	-11	det1=true
[22873]	116	147	-25	-12	-6	11	det1=true
[22874]	117	147	-42	-46	-1	-11	det1=true
[22875]	117	147	-53	-46	-1	11	det1=true
[22876]	123	147	-46	-21	-12	-1	det1=true
[22877]	123	147	-13	-3	-13	-1	det1=true
[22878]	123	147	-14	-3	-13	1	det1=true
[22879]	124	147	-44	-26	-3	12	det1=true
[22880]	128	147	-50	-10	-7	-10	det1=true
[22881]	128	147	-60	-10	-7	10	det1=true
[22882]	128	147	-44	-1	-10	8	det1=true
[22883]	133	147	-35	-15	-12	-5	det1=true
[22884]	133	147	-40	-15	-12	5	det1=true
[22885]	135	147	-38	-7	-1	-13	det1=true
[22886]	135	147	-51	-7	-1	13	det1=true
[22887]	138	147	-16	-18	-4	-13	det1=true
[22888]	138	147	-29	-18	-4	13	det1=true
[22889]	21	148	-6	-2	-5	-2	det1=true
[22890]	21	148	-8	-2	-5	2	det1=true
[22891]	44	148	-6	-4	-6	-5	det1=true
[22892]	44	148	-11	-4	-6	5	det1=true
[22893]	49	148	-22	-3	-7	4	det1=true
[22894]	59	148	-23	-18	-8	-3	det1=true
[22895]	61	148	-14	2	-7	6	det1=true
[22896]	76	148	-30	-6	-1	10	det1=true
[22897]	85	148	-33	-18	-10	-2	det1=true
[22898]	85	148	-35	-18	-10	2	det1=true
[22899]	86	148	-38	-38	-5	-8	det1=true
[22900]	88	148	-27	-12	-8	-7	det1=true
[22901]	88	148	-34	-12	-8	7	det1=true
[22902]	90	148	-28	-27	-3	-10	det1=true
[22903]	95	148	-37	-6	-6	-9	det1=true
[22904]	95	148	-46	-6	-6	9	det1=true
[22905]	103	148	-39	-32	-4	-10	det1=true
[22906]	103	148	-49	-32	-4	10	det1=true
[22907]	105	148	-40	-18	-5	-10	det1=true
[22908]	115	148	-46	-2	-4	-11	det1=true
[22909]	118	148	-38	1	-7	-10	det1=true
[22910]	118	148	-48	1	-7	10	det1=true
[22911]	128	148	-38	5	-10	-8	det1=true
[22912]	128	148	-46	5	-10	8	det1=true
[22913]	141	148	-61	-36	-12	2	det1=true
[22914]	146	148	-18	-2	-3	14	det1=true
[22915]	147	148	-50	-30	-12	-5	det1=true
[22916]	57	145	-19	0	-5	-7	det1=true
[22917]	57	145	-26	0	-5	7	det1=true
[22918]	76	145	-16	-9	-6	-8	det1=true
[22919]	76	145	-24	-9	-6	8	det1=true
[22920]	76	145	-11	0	-10	2	det1=true
[22921]	89	145	-37	3	-10	-3	det1=true
[22922]	92	145	-42	-22	-3	10	det1=true
[22923]	95	145	-34	-3	-6	-9	det1=true
[22924]	95	145	-43	-3	-6	9	det1=true
[22925]	95	145	-26	-1	-1	-11	det1=true
[22926]	95	145	-37	-1	-1	11	det1=true
[22927]	99	145	-43	-33	-2	-10	det1=true
[22928]	99	145	-53	-33	-2	10	det1=true
[22929]	102	145	-14	-8	-11	-4	det1=true
[22930]	102	145	-18	-8	-11	4	det1=true
[22931]	110	145	-58	-40	-3	10	det1=true
[22932]	113	145	-38	-14	-6	-10	det1=true
[22933]	113	145	-48	-14	-6	10	det1=true
[22934]	122	145	-36	-25	-12	2	det1=true
[22935]	124	145	-19	4	-12	5	det1=true
[22936]	125	145	-47	-14	-11	-5	det1=true
[22937]	128	145	-27	-10	-12	5	det1=true
[22938]	130	145	-36	-36	-7	-10	det1=true
[22939]	133	145	-48	-8	-10	8	det1=true
[22940]	133	145	-39	-9	-8	-10	det1=true
[22941]	133	145	-49	-9	-8	10	det1=true
[22942]	136	145	-42	0	-12	-5	det1=true
[22943]	136	145	-47	0	-12	5	det1=true
[22944]	139	145	-44	-11	-12	-5	det1=true
[22945]	99	146	-48	-34	-10	-1	det1=true
[22946]	99	146	-49	-34	-10	1	det1=true
[22947]	106	146	-8	-9	-1	-12	det1=true
[22948]	106	146	-20	-9	-1	12	det1=true
[22949]	111	146	-40	-4	-11	-4	det1=true
[22950]	111	146	-44	-4	-11	4	det1=true
[22951]	115	146	-44	-12	-1	12	det1=true
[22952]	129	146	-24	-7	-13	2	det1=true
[22953]	146	146	-30	-22	-8	-11	det1=true
[22954]	146	146	-41	-22	-8	11	det1=true
[22955]	48	147	-11	-4	-4	-7	det1=true
[22956]	48	147	-18	-4	-4	7	det1=true
[22957]	54	147	-20	-23	-1	-8	det1=true
[22958]	68	147	-21	-20	-2	-9	det1=true
[22959]	68	147	-30	-20	-2	9	det1=true
[22960]	81	147	-3	-1	-7	-8	det1=true
[22961]	81	147	-11	-1	-7	8	det1=true
[22962]	84	147	-12	5	-10	-4	det1=true
[22963]	84	147	-16	5	-10	4	det1=true
[22964]	113	147	-51	-23	-11	-2	det1=true
[22965]	113	147	-53	-23	-11	2	det1=true
[22966]	117	147	-41	2	-11	-5	det1=true
[22967]	117	147	-46	2	-11	5	det1=true
[22968]	122	147	-35	-22	-12	3	det1=true
[22969]	124	147	-46	-23	-3	12	det1=true
[22970]	124	147	-32	-26	-3	-12	det1=true
[22971]	128	147	-36	-1	-10	-8	det1=true
[22972]	131	147	-43	-38	-11	-5	det1=true
[22973]	131	147	-48	-38	-11	5	det1=true
[22974]	131	147	-31	-4	-13	-2	det1=true
[22975]	131	147	-33	-4	-13	2	det1=true
[22976]	136	147	-42	2	-13	-2	det1=true
[22977]	136	147	-44	2	-13	2	det1=true
[22978]	140	147	-74	-11	-7	10	det1=true
[22979]	143	147	-50	-4	-1	-13	det1=true
[22980]	143	147	-63	-4	-1	13	det1=true
[22981]	143	147	-16	-5	-14	1	det1=true
[22982]	147	147	-41	-13	-13	-4	det1=true
[22983]	147	147	-45	-13	-13	4	det1=true
[22984]	86	148	-46	-38	-5	8	det1=true
[22985]	94	148	-48	-38	-1	10	det1=true
[22986]	105	148	-46	-15	-11	2	det1=true
[22987]	106	148	-42	0	-4	11	det1=true
[22988]	118	148	-53	-4	-10	-6	det1=true
[22989]	118	148	-59	-4	-10	6	det1=true
[22990]	118	148	-26	-2	-6	-11	det1=true
[22991]	118	148	-37	-2	-6	11	det1=true
[22992]	120	148	-19	2	-8	-10	det1=true
[22993]	120	148	-29	2	-8	10	det1=true
[22994]	120	148	-5	6	-12	-5	det1=true
[22995]	120	148	-10	6	-12	5	det1=true
[22996]	123	148	-51	-52	-4	-10	det1=true
[22997]	127	148	-30	-30	-6	-11	det1=true
[22998]	127	148	-41	-30	-6	11	det1=true
[22999]	133	148	-9	-6	-4	-13	det1=true
[23000]	144	148	-68	-62	-7	-8	det1=true
[23001]	144	148	-76	-62	-7	8	det1=true
[23002]	147	148	-55	-30	-12	5	det1=true
[23003]	148	148	-21	-12	-2	-14	det1=true
[23004]	148	148	-35	-12	-2	14	det1=true
[23005]	66	145	-12	-2	-8	-5	det1=true
[23006]	66	145	-17	-2	-8	5	det1=true
[23007]	73	145	-7	1	-8	-6	det1=true
[23008]	73	145	-6	0	-6	-8	det1=true
[23009]	73	145	-14	0	-6	8	det1=true
[23010]	76	145	-5	-4	-2	-10	det1=true
[23011]	76	145	-15	-4	-2	10	det1=true
[23012]	79	145	-29	3	-10	-1	det1=true
[23013]	101	145	-47	-35	-9	5	det1=true
[23014]	125	145	-49	-5	-12	-2	det1=true
[23015]	125	145	-51	-5	-12	2	det1=true
[23016]	126	145	-29	4	-10	-8	det1=true
[23017]	126	145	-37	4	-10	8	det1=true
[23018]	133	145	-40	-8	-10	-8	det1=true
[23019]	141	145	-42	-16	-7	-11	det1=true
[23020]	141	145	-53	-16	-7	11	det1=true
[23021]	27	146	-8	0	-6	1	det1=true
[23022]	49	146	-16	-1	-7	-4	det1=true
[23023]	49	146	-20	-1	-7	4	det1=true
[23024]	89	146	-29	-6	-8	-7	det1=true
[23025]	89	146	-36	-6	-8	7	det1=true
[23026]	100	146	-38	-35	-3	-10	det1=true
[23027]	100	146	-48	-35	-3	10	det1=true
[23028]	129	146	-22	-7	-13	-2	det1=true
[23029]	133	146	-8	5	-13	4	det1=true
[23030]	139	146	-40	-29	-8	-10	det1=true
[23031]	139	146	-50	-29	-8	10	det1=true
[23032]	50	147	-20	-4	-7	-4	det1=true
[23033]	50	147	-24	-4	-7	4	det1=true
[23034]	91	147	-40	-29	-10	-1	det1=true
[23035]	91	147	-41	-29	-10	1	det1=true
[23036]	105	147	-11	0	-9	-8	det1=true
[23037]	122	147	-32	-22	-12	-3	det1=true
[23038]	133	147	-44	-40	-5	-11	det1=true
[23039]	133	147	-55	-40	-5	11	det1=true
[23040]	139	147	-45	-11	-11	-7	det1=true
[23041]	139	147	-52	-11	-11	7	det1=true
[23042]	139	147	-41	-18	-7	-11	det1=true
[23043]	139	147	-52	-18	-7	11	det1=true
[23044]	147	147	-68	-61	-6	-9	det1=true
[23045]	147	147	-77	-61	-6	9	det1=true
[23046]	51	148	-17	-6	-8	-2	det1=true
[23047]	51	148	-19	-6	-8	2	det1=true
[23048]	59	148	-26	-18	-8	3	det1=true
[23049]	76	148	-20	-11	-6	-8	det1=true
[23050]	106	148	-31	0	-4	-11	det1=true
[23051]	122	148	-38	-30	-1	-12	det1=true
[23052]	122	148	-50	-30	-1	12	det1=true
[23053]	125	148	-53	2	-8	-9	det1=true
[23054]	57	145	-14	-12	-7	-5	det1=true
[23055]	57	145	-19	-12	-7	5	det1=true
[23056]	67	145	-27	-11	-1	-9	det1=true
[23057]	67	145	-36	-11	-1	9	det1=true
[23058]	120	145	-56	-27	-11	-2	det1=true
[23059]	120	145	-58	-27	-11	2	det1=true
[23060]	136	145	-28	-21	-13	-2	det1=true
[23061]	136	145	-30	-21	-13	2	det1=true
[23062]	137	145	-37	-19	-13	-1	det1=true
[23063]	137	145	-38	-19	-13	1	det1=true
[23064]	67	146	-23	-10	-2	-9	det1=true
[23065]	78	146	-13	-12	-2	-10	det1=true
[23066]	78	146	-23	-12	-2	10	det1=true
[23067]	101	146	-39	-22	-2	11	det1=true
[23068]	110	146	-52	-7	-11	-2	det1=true
[23069]	110	146	-54	-7	-11	2	det1=true
[23070]	130	146	-46	-6	-11	-6	det1=true
[23071]	130	146	-52	-6	-11	6	det1=true
[23072]	133	146	-40	-28	-11	-6	det1=true
[23073]	133	146	-46	-28	-11	6	det1=true
[23074]	137	146	-39	-18	-12	-5	det1=true
[23075]	137	146	-44	-18	-12	5	det1=true
[23076]	105	147	-5	-3	-5	-11	det1=true
[23077]	105	147	-16	-3	-5	11	det1=true
[23078]	121	147	-44	-4	-5	-11	det1=true
[23079]	121	147	-55	-4	-5	11	det1=true
[23080]	132	147	-45	-38	-8	-9	det1=true
[23081]	132	147	-54	-38	-8	9	det1=true
[23082]	138	147	-48	-40	-10	-7	det1=true
[23083]	138	147	-55	-40	-10	7	det1=true
[23084]	141	147	-47	-7	-1	-13	det1=true
[23085]	141	147	-60	-7	-1	13	det1=true
[23086]	78	148	-26	-1	-1	-10	det1=true
[23087]	78	148	-36	-1	-1	10	det1=true
[23088]	90	148	-38	-27	-3	10	det1=true
[23089]	144	148	-65	-62	-6	-9	det1=true
[23090]	144	148	-74	-62	-6	9	det1=true
[23091]	80	145	-29	-6	-8	-6	det1=true
[23092]	82	145	-16	-4	-3	-10	det1=true
[23093]	82	145	-26	-4	-3	10	det1=true
[23094]	121	145	-54	-45	-8	-7	det1=true
[23095]	121	145	-61	-45	-8	7	det1=true
[23096]	126	145	-52	-12	-12	-1	det1=true
[23097]	126	145	-53	-12	-12	1	det1=true
[23098]	128	145	-54	-14	-12	-1	det1=true
[23099]	128	145	-55	-14	-12	1	det1=true
[23100]	129	145	-1	0	-3	-13	det1=true
[23101]	129	145	-14	0	-3	13	det1=true
[23102]	78	146	-21	2	-10	-2	det1=true
[23103]	78	146	-23	2	-10	2	det1=true
[23104]	117	146	-55	-36	-10	-4	det1=true
[23105]	121	146	-23	-6	-4	-12	det1=true
[23106]	121	146	-35	-6	-4	12	det1=true
[23107]	128	146	-51	-48	-2	-11	det1=true
[23108]	146	146	-7	-12	-2	-14	det1=true
[23109]	146	146	-21	-12	-2	14	det1=true
[23110]	84	147	-9	2	-4	-10	det1=true
[23111]	84	147	-19	2	-4	10	det1=true
[23112]	99	147	-40	-6	-11	-1	det1=true
[23113]	99	147	-41	-6	-11	1	det1=true
[23114]	105	147	-19	0	-9	8	det1=true
[23115]	121	147	-41	-19	-11	-5	det1=true
[23116]	121	147	-46	-19	-11	5	det1=true
[23117]	127	147	-22	-9	-11	-7	det1=true
[23118]	127	147	-29	-9	-11	7	det1=true
[23119]	135	147	-33	-31	-10	-8	det1=true
[23120]	135	147	-41	-31	-10	8	det1=true
[23121]	76	148	-14	-17	-1	-10	det1=true
[23122]	76	148	-24	-17	-1	10	det1=true
[23123]	125	148	-62	2	-8	9	det1=true
[23124]	128	148	-22	-2	-2	-13	det1=true
[23125]	128	148	-35	-2	-2	13	det1=true
[23126]	134	148	-56	-21	-2	-12	det1=true
[23127]	134	148	-68	-21	-2	12	det1=true
[23128]	147	148	-15	4	-14	-3	det1=true
[23129]	147	148	-18	4	-14	3	det1=true
[23130]	90	145	-22	-11	-4	-10	det1=true
[23131]	105	145	-43	-31	-8	-7	det1=true
[23132]	105	145	-50	-31	-8	7	det1=true
[23133]	129	145	-33	-5	-8	-10	det1=true
[23134]	129	145	-43	-5	-8	10	det1=true
[23135]	132	145	-30	-1	-13	-2	det1=true
[23136]	132	145	-32	-1	-13	2	det1=true
[23137]	133	145	-27	-17	-7	-11	det1=true
[23138]	142	145	-36	-31	-5	-12	det1=true
[23139]	142	145	-48	-31	-5	12	det1=true
[23140]	117	147	-49	-3	-6	-10	det1=true
[23141]	117	147	-59	-3	-6	10	det1=true
[23142]	120	147	-31	-24	-10	-7	det1=true
[23143]	120	147	-38	-24	-10	7	det1=true
[23144]	125	147	-43	-18	-7	-10	det1=true
[23145]	125	147	-53	-18	-7	10	det1=true
[23146]	57	145	-13	-13	-5	-7	det1=true
[23147]	74	145	-34	-20	-9	-2	det1=true
[23148]	74	145	-36	-20	-9	2	det1=true
[23149]	85	145	-28	-1	-10	-3	det1=true
[23150]	90	145	-32	-11	-4	10	det1=true
[23151]	76	146	-25	-6	-4	-9	det1=true
[23152]	76	146	-34	-6	-4	9	det1=true
[23153]	101	146	-28	-22	-2	-11	det1=true
[23154]	119	146	-8	-1	-8	-10	det1=true
[23155]	119	146	-18	-1	-8	10	det1=true
[23156]	131	146	-60	-20	-4	-11	det1=true
[23157]	108	147	-44	-22	-11	-2	det1=true
[23158]	113	147	-33	-2	-11	-5	det1=true
[23159]	113	147	-38	-2	-11	5	det1=true
[23160]	137	147	-31	-25	-13	-2	det1=true
[23161]	137	147	-33	-25	-13	2	det1=true
[23162]	141	147	-40	-27	-1	-13	det1=true
[23163]	141	147	-53	-27	-1	13	det1=true
[23164]	142	147	-12	-2	-14	-1	det1=true
[23165]	113	148	-28	-7	-2	-12	det1=true
[23166]	113	148	-40	-7	-2	12	det1=true
[23167]	144	148	-60	-1	-10	-8	det1=true
[23168]	144	148	-68	-1	-10	8	det1=true
[23169]	85	145	-32	-1	-9	-5	det1=true
[23170]	85	145	-37	-1	-9	5	det1=true
[23171]	107	145	-41	-43	-3	-10	det1=true
[23172]	133	145	-48	-12	-8	10	det1=true
[23173]	128	146	-57	-24	-10	-6	det1=true
[23174]	128	146	-63	-24	-10	6	det1=true
[23175]	143	146	-32	-2	-4	-13	det1=true
[23176]	143	146	-45	-2	-4	13	det1=true
[23177]	79	147	-18	1	-5	-9	det1=true
[23178]	79	147	-27	1	-5	9	det1=true
[23179]	110	147	-4	-5	-3	-12	det1=true
[23180]	110	147	-16	-5	-3	12	det1=true
[23181]	120	147	-52	-9	-6	-10	det1=true
[23182]	120	147	-62	-9	-6	10	det1=true
[23183]	49	148	-15	-8	-4	-7	det1=true
[23184]	49	148	-22	-8	-4	7	det1=true
[23185]	107	145	-51	-43	-3	10	det1=true
[23186]	64	146	-2	4	-8	-5	det1=true
[23187]	64	146	-7	4	-8	5	det1=true
[23188]	135	146	-42	-40	-7	-10	det1=true
[23189]	135	146	-52	-40	-7	10	det1=true
[23190]	111	147	-23	-12	-5	-11	det1=true
[23191]	111	147	-34	-12	-5	11	det1=true
[23192]	61	148	-8	-2	-9	-2	det1=true
[23193]	133	148	-45	2	-8	-10	det1=true
[23194]	133	148	-33	0	-2	-13	det1=true
[23195]	133	148	-46	0	-2	13	det1=true
[23196]	133	145	-38	-12	-8	-10	det1=true
[23197]	136	146	-46	-42	-8	-9	det1=true
[23198]	136	146	-55	-42	-8	9	det1=true
[23199]	86	145	-33	-22	-6	-8	det1=true
[23200]	86	145	-41	-22	-6	8	det1=true
[23201]	131	146	-32	0	-13	2	det1=true
[23202]	91	147	-41	-15	-9	-5	det1=true
[23203]	91	147	-46	-15	-9	5	det1=true
[23204]	141	147	-68	-16	-11	-5	det1=true
[23205]	141	147	-73	-16	-11	5	det1=true
[23206]	131	146	-30	0	-13	-2	det1=true
[23207]	137	146	-57	-22	-2	-12	det1=true
[23208]	137	146	-69	-22	-2	12	det1=true
[23209]	133	147	-55	-15	-7	-10	det1=true
[23210]	131	145	-56	-40	-11	-3	det1=true
[23211]	131	145	-59	-40	-11	3	det1=true
[23212]	135	147	-64	-19	-10	7	det1=true
[23213]	135	147	-57	-19	-10	-7	det1=true
[23214]	145	145	-6	2	-14	-2	det1=true
[23215]	145	145	-8	2	-14	2	det1=true
[23216]	126	147	-61	-44	-10	-4	det1=true
[23217]	126	147	-65	-44	-10	4	det1=true
[23218]	139	145	-64	-3	-5	-11	det1=true
[23219]	139	145	-75	-3	-5	11	det1=true
[23220]	141	147	-65	-19	-5	-11	det1=true
[23221]	141	147	-76	-19	-5	11	det1=true
[23222]	126	145	-51	4	-8	-9	det1=true
[23223]	105	149	-45	1	-2	-11	det1=true
[23224]	105	149	-56	1	-2	11	det1=true
[23225]	149	149	-36	-35	-10	-9	det1=true
[23226]	149	149	-45	-35	-10	9	det1=true
[23227]	119	151	-43	-4	-7	-10	det1=true
[23228]	119	151	-53	-4	-7	10	det1=true
[23229]	68	152	-30	-15	-7	-6	det1=true
[23230]	68	152	-36	-15	-7	6	det1=true
[23231]	66	149	-20	2	-8	-5	det1=true
[23232]	66	149	-25	2	-8	5	det1=true
[23233]	149	149	-65	-59	-11	-3	det1=true
[23234]	149	149	-68	-59	-11	3	det1=true
[23235]	142	150	-58	-38	-7	-10	det1=true
[23236]	142	150	-68	-38	-7	10	det1=true
[23237]	94	151	-36	-17	-4	-10	det1=true
[23238]	94	151	-46	-17	-4	10	det1=true
[23239]	104	151	-8	-1	-2	-12	det1=true
[23240]	128	151	-60	-2	-9	-8	det1=true
[23241]	128	151	-68	-2	-9	8	det1=true
[23242]	53	149	-21	-21	-1	-8	det1=true
[23243]	56	149	-22	-3	-3	-8	det1=true
[23244]	56	149	-30	-3	-3	8	det1=true
[23245]	86	149	-36	-23	-1	-10	det1=true
[23246]	86	149	-46	-23	-1	10	det1=true
[23247]	91	149	-37	-29	-2	-10	det1=true
[23248]	91	149	-47	-29	-2	10	det1=true
[23249]	104	149	-17	6	-12	-1	det1=true
[23250]	104	149	-18	6	-12	1	det1=true
[23251]	105	149	-45	-34	-7	-8	det1=true
[23252]	105	149	-53	-34	-7	8	det1=true
[23253]	112	149	-45	-26	-6	10	det1=true
[23254]	114	149	-48	-43	-4	-10	det1=true
[23255]	114	149	-58	-43	-4	10	det1=true
[23256]	119	149	-38	-15	-10	-7	det1=true
[23257]	119	149	-45	-15	-10	7	det1=true
[23258]	121	149	-7	-5	-11	-7	det1=true
[23259]	121	149	-14	-5	-11	7	det1=true
[23260]	129	149	-36	-16	-10	-8	det1=true
[23261]	129	149	-44	-16	-10	8	det1=true
[23262]	132	149	-58	-28	-10	7	det1=true
[23263]	141	149	-16	-3	-14	-1	det1=true
[23264]	141	149	-17	-3	-14	1	det1=true
[23265]	149	149	-70	-60	-9	7	det1=true
[23266]	64	150	-8	-9	-5	-8	det1=true
[23267]	64	150	-16	-9	-5	8	det1=true
[23268]	87	150	-30	-4	-7	-8	det1=true
[23269]	121	150	-40	-1	-3	-12	det1=true
[23270]	144	150	-61	-4	-8	-10	det1=true
[23271]	144	150	-71	-4	-8	10	det1=true
[23272]	54	151	-21	4	-8	-3	det1=true
[23273]	69	151	-29	0	-5	-8	det1=true
[23274]	69	151	-37	0	-5	8	det1=true
[23275]	79	151	-24	3	-10	3	det1=true
[23276]	81	151	-27	5	-10	-3	det1=true
[23277]	81	151	-30	5	-10	3	det1=true
[23278]	129	151	-24	-7	-13	-3	det1=true
[23279]	129	151	-27	-7	-13	3	det1=true
[23280]	131	151	-46	4	-8	-10	det1=true
[23281]	131	151	-56	4	-8	10	det1=true
[23282]	136	151	-48	3	-13	-2	det1=true
[23283]	136	151	-50	3	-13	2	det1=true
[23284]	139	151	-22	-5	-12	-7	det1=true
[23285]	139	151	-29	-5	-12	7	det1=true
[23286]	151	151	-69	-43	-8	-9	det1=true
[23287]	151	151	-78	-43	-8	9	det1=true
[23288]	151	151	-19	-24	-3	-14	det1=true
[23289]	151	151	-33	-24	-3	14	det1=true
[23290]	53	152	-32	-21	-1	8	det1=true
[23291]	85	152	-31	-26	-2	-10	det1=true
[23292]	85	152	-41	-26	-2	10	det1=true
[23293]	94	152	-38	-12	-6	-9	det1=true
[23294]	94	152	-47	-12	-6	9	det1=true
[23295]	99	152	-42	-11	-11	2	det1=true
[23296]	121	152	-50	-39	-10	6	det1=true
[23297]	122	152	-22	-5	-5	-12	det1=true
[23298]	122	152	-34	-5	-5	12	det1=true
[23299]	123	152	-40	-22	-3	-12	det1=true
[23300]	138	152	-38	-30	-13	-2	det1=true
[23301]	138	152	-40	-30	-13	2	det1=true
[23302]	138	152	-22	-26	-4	-13	det1=true
[23303]	138	152	-35	-26	-4	13	det1=true
[23304]	141	152	-67	-64	-8	-7	det1=true
[23305]	141	152	-74	-64	-8	7	det1=true
[23306]	143	152	-38	-21	-13	-4	det1=true
[23307]	143	152	-42	-21	-13	4	det1=true
[23308]	77	149	-22	-2	-10	-2	det1=true
[23309]	77	149	-24	-2	-10	2	det1=true
[23310]	80	149	-31	4	-10	-2	det1=true
[23311]	80	149	-33	4	-10	2	det1=true
[23312]	89	149	-20	-20	-4	-10	det1=true
[23313]	91	149	-32	-31	-5	-9	det1=true
[23314]	91	149	-41	-31	-5	9	det1=true
[23315]	109	149	-41	-20	-7	-9	det1=true
[23316]	110	149	-40	-34	-2	-11	det1=true
[23317]	114	149	-40	-24	-11	-4	det1=true
[23318]	114	149	-44	-24	-11	4	det1=true
[23319]	115	149	-23	2	-11	-6	det1=true
[23320]	115	149	-29	2	-11	6	det1=true
[23321]	129	149	-28	-15	-11	-7	det1=true
[23322]	129	149	-35	-15	-11	7	det1=true
[23323]	132	149	-51	-28	-10	-7	det1=true
[23324]	137	149	-35	-28	-11	-7	det1=true
[23325]	140	149	-53	-54	-6	-10	det1=true
[23326]	140	149	-50	-14	-12	-5	det1=true
[23327]	141	149	-34	-39	-1	-13	det1=true
[23328]	141	149	-47	-39	-1	13	det1=true
[23329]	82	150	-7	0	-4	-10	det1=true
[23330]	82	150	-17	0	-4	10	det1=true
[23331]	117	150	-40	-2	-10	-7	det1=true
[23332]	120	150	-21	-8	-8	-10	det1=true
[23333]	120	150	-31	-8	-8	10	det1=true
[23334]	129	150	-40	-38	-10	-7	det1=true
[23335]	131	150	-58	-5	-7	-10	det1=true
[23336]	55	151	-20	2	-5	-7	det1=true
[23337]	55	151	-27	2	-5	7	det1=true
[23338]	55	151	-18	-8	-7	-5	det1=true
[23339]	55	151	-23	-8	-7	5	det1=true
[23340]	63	151	-24	-10	-1	-9	det1=true
[23341]	63	151	-33	-10	-1	9	det1=true
[23342]	73	151	-18	-5	-10	-1	det1=true
[23343]	73	151	-19	-5	-10	1	det1=true
[23344]	82	151	-37	-12	-6	-8	det1=true
[23345]	84	151	-41	0	-10	-2	det1=true
[23346]	84	151	-43	0	-10	2	det1=true
[23347]	87	151	-29	-11	-7	-8	det1=true
[23348]	87	151	-37	-11	-7	8	det1=true
[23349]	87	151	-1	1	-2	-11	det1=true
[23350]	87	151	-12	1	-2	11	det1=true
[23351]	99	151	-41	-4	-11	-2	det1=true
[23352]	99	151	-43	-4	-11	2	det1=true
[23353]	100	151	-50	-4	-2	11	det1=true
[23354]	101	151	-34	-7	-3	-11	det1=true
[23355]	109	151	-31	1	-8	-9	det1=true
[23356]	109	151	-40	1	-8	9	det1=true
[23357]	116	151	-45	-10	-12	-1	det1=true
[23358]	116	151	-46	-10	-12	1	det1=true
[23359]	119	151	-39	-26	-9	-8	det1=true
[23360]	119	151	-47	-26	-9	8	det1=true
[23361]	121	151	-52	3	-11	-5	det1=true
[23362]	121	151	-57	3	-11	5	det1=true
[23363]	121	151	-15	-3	-7	-11	det1=true
[23364]	127	151	-45	-34	-5	-11	det1=true
[23365]	127	151	-56	-34	-5	11	det1=true
[23366]	128	151	-14	2	-9	-10	det1=true
[23367]	128	151	-24	2	-9	10	det1=true
[23368]	141	151	-65	-23	-12	-3	det1=true
[23369]	141	151	-68	-23	-12	3	det1=true
[23370]	143	151	-61	5	-13	-1	det1=true
[23371]	143	151	-62	5	-13	1	det1=true
[23372]	143	151	-17	-19	-1	-14	det1=true
[23373]	143	151	-31	-19	-1	14	det1=true
[23374]	148	151	-29	-22	-14	-1	det1=true
[23375]	148	151	-30	-22	-14	1	det1=true
[23376]	74	152	-20	-6	-1	-10	det1=true
[23377]	74	152	-30	-6	-1	10	det1=true
[23378]	96	152	-38	-20	-6	-9	det1=true
[23379]	96	152	-47	-20	-6	9	det1=true
[23380]	101	152	-42	0	-2	-11	det1=true
[23381]	101	152	-53	0	-2	11	det1=true
[23382]	104	152	-48	-29	-10	-4	det1=true
[23383]	104	152	-52	-29	-10	4	det1=true
[23384]	104	152	-27	-18	-4	-11	det1=true
[23385]	107	152	-32	-22	-11	-4	det1=true
[23386]	108	152	-42	-7	-10	-6	det1=true
[23387]	116	152	-42	-30	-4	-11	det1=true
[23388]	116	152	-53	-30	-4	11	det1=true
[23389]	118	152	-46	-6	-1	-12	det1=true
[23390]	118	152	-58	-6	-1	12	det1=true
[23391]	119	152	-49	-2	-8	-9	det1=true
[23392]	119	152	-58	-2	-8	9	det1=true
[23393]	121	152	-44	-39	-10	-6	det1=true
[23394]	127	152	-43	-30	-12	-3	det1=true
[23395]	127	152	-46	-30	-12	3	det1=true
[23396]	131	152	-25	-4	-10	-9	det1=true
[23397]	131	152	-34	-4	-10	9	det1=true
[23398]	138	152	-46	-31	-10	-8	det1=true
[23399]	138	152	-54	-31	-10	8	det1=true
[23400]	150	152	-56	-1	-13	-4	det1=true
[23401]	150	152	-60	-1	-13	4	det1=true
[23402]	152	152	-55	-4	-8	-11	det1=true
[23403]	152	152	-66	-4	-8	11	det1=true
[23404]	48	149	-14	-4	-4	-7	det1=true
[23405]	48	149	-21	-4	-4	7	det1=true
[23406]	65	149	-13	-6	-5	-8	det1=true
[23407]	80	149	-19	-4	-10	-3	det1=true
[23408]	80	149	-22	-4	-10	3	det1=true
[23409]	83	149	-33	-18	-1	-10	det1=true
[23410]	83	149	-43	-18	-1	10	det1=true
[23411]	87	149	-23	-13	-9	6	det1=true
[23412]	88	149	-46	-2	-3	10	det1=true
[23413]	92	149	-36	-15	-10	4	det1=true
[23414]	104	149	-54	-6	-2	11	det1=true
[23415]	108	149	-39	-4	-10	-6	det1=true
[23416]	108	149	-45	-4	-10	6	det1=true
[23417]	112	149	-35	-26	-6	-10	det1=true
[23418]	115	149	-32	-20	-11	-5	det1=true
[23419]	115	149	-29	-23	-5	-11	det1=true
[23420]	115	149	-40	-23	-5	11	det1=true
[23421]	123	149	-41	-27	-5	-11	det1=true
[23422]	125	149	-40	-4	-12	-4	det1=true
[23423]	125	149	-44	-4	-12	4	det1=true
[23424]	128	149	-59	-24	-6	-10	det1=true
[23425]	128	149	-69	-24	-6	10	det1=true
[23426]	135	149	-37	-9	-2	-13	det1=true
[23427]	137	149	-34	-16	-13	-3	det1=true
[23428]	137	149	-37	-16	-13	3	det1=true
[23429]	138	149	-24	-16	-13	-4	det1=true
[23430]	138	149	-28	-16	-13	4	det1=true
[23431]	139	149	-13	-8	-7	-12	det1=true
[23432]	139	149	-25	-8	-7	12	det1=true
[23433]	140	149	-63	-54	-6	10	det1=true
[23434]	141	149	-45	-22	-7	-11	det1=true
[23435]	141	149	-56	-22	-7	11	det1=true
[23436]	142	149	-59	-20	-12	-4	det1=true
[23437]	142	149	-63	-20	-12	4	det1=true
[23438]	146	149	-64	-39	-12	-2	det1=true
[23439]	52	150	-22	-18	-8	-1	det1=true
[23440]	78	150	-15	2	-10	-3	det1=true
[23441]	78	150	-18	2	-10	3	det1=true
[23442]	80	150	-31	-4	-10	-2	det1=true
[23443]	87	150	-38	-4	-7	8	det1=true
[23444]	90	150	-41	-12	-8	7	det1=true
[23445]	121	150	-26	1	-8	-10	det1=true
[23446]	121	150	-36	1	-8	10	det1=true
[23447]	121	150	-18	-17	-8	-10	det1=true
[23448]	121	150	-28	-17	-8	10	det1=true
[23449]	122	150	-46	-6	-7	-10	det1=true
[23450]	122	150	-56	-6	-7	10	det1=true
[23451]	126	150	-56	-6	-9	-8	det1=true
[23452]	126	150	-64	-6	-9	8	det1=true
[23453]	132	150	-22	2	-13	4	det1=true
[23454]	133	150	-37	-28	-10	-8	det1=true
[23455]	133	150	-45	-28	-10	8	det1=true
[23456]	135	150	-56	-40	-3	12	det1=true
[23457]	150	150	-18	1	-14	4	det1=true
[23458]	61	151	-13	-6	-9	-2	det1=true
[23459]	61	151	-15	-6	-9	2	det1=true
[23460]	69	151	-31	-15	-6	-7	det1=true
[23461]	69	151	-38	-15	-6	7	det1=true
[23462]	72	151	-12	-1	-1	-10	det1=true
[23463]	72	151	-22	-1	-1	10	det1=true
[23464]	75	151	-20	-13	-10	-1	det1=true
[23465]	75	151	-21	-13	-10	1	det1=true
[23466]	79	151	-21	3	-10	-3	det1=true
[23467]	85	151	-36	-7	-5	-9	det1=true
[23468]	85	151	-45	-7	-5	9	det1=true
[23469]	95	151	-16	-14	-7	-9	det1=true
[23470]	96	151	-33	-28	-4	-10	det1=true
[23471]	96	151	-43	-28	-4	10	det1=true
[23472]	101	151	-27	-22	-9	-7	det1=true
[23473]	101	151	-34	-22	-9	7	det1=true
[23474]	101	151	-26	-23	-7	-9	det1=true
[23475]	101	151	-35	-23	-7	9	det1=true
[23476]	101	151	-11	1	-9	8	det1=true
[23477]	104	151	-34	-2	-11	-4	det1=true
[23478]	104	151	-38	-2	-11	4	det1=true
[23479]	104	151	-20	-1	-2	12	det1=true
[23480]	106	151	-29	4	-12	1	det1=true
[23481]	109	151	-21	-19	-5	-11	det1=true
[23482]	109	151	-32	-19	-5	11	det1=true
[23483]	111	151	2	6	-12	-4	det1=true
[23484]	111	151	-2	6	-12	4	det1=true
[23485]	112	151	-24	-18	-7	-10	det1=true
[23486]	121	151	-49	-12	-9	-8	det1=true
[23487]	121	151	-17	-1	-11	-7	det1=true
[23488]	121	151	-24	-1	-11	7	det1=true
[23489]	127	151	-47	-31	-12	-2	det1=true
[23490]	127	151	-49	-31	-12	2	det1=true
[23491]	127	151	-42	-36	-2	-12	det1=true
[23492]	127	151	-54	-36	-2	12	det1=true
[23493]	131	151	-57	-25	-9	-8	det1=true
[23494]	131	151	-65	-25	-9	8	det1=true
[23495]	131	151	-50	-35	-5	-11	det1=true
[23496]	131	151	-61	-35	-5	11	det1=true
[23497]	139	151	-47	-1	-2	-13	det1=true
[23498]	139	151	-60	-1	-2	13	det1=true
[23499]	139	151	-39	-20	-13	-3	det1=true
[23500]	139	151	-42	-20	-13	3	det1=true
[23501]	139	151	-21	-3	-7	-12	det1=true
[23502]	139	151	-33	-3	-7	12	det1=true
[23503]	142	151	-42	-12	-9	-10	det1=true
[23504]	142	151	-52	-12	-9	10	det1=true
[23505]	146	151	-16	-8	-13	-6	det1=true
[23506]	146	151	-22	-8	-13	6	det1=true
[23507]	151	151	-29	-4	-3	-14	det1=true
[23508]	151	151	-43	-4	-3	14	det1=true
[23509]	44	152	-12	-6	-5	-6	det1=true
[23510]	99	152	-40	-11	-11	-2	det1=true
[23511]	103	152	-22	4	-12	1	det1=true
[23512]	110	152	-43	-2	-4	-11	det1=true
[23513]	110	152	-54	-2	-4	11	det1=true
[23514]	112	152	-41	-24	-10	-6	det1=true
[23515]	112	152	-47	-24	-10	6	det1=true
[23516]	119	152	-58	-19	-11	4	det1=true
[23517]	123	152	-52	-22	-3	12	det1=true
[23518]	125	152	-33	0	-12	-5	det1=true
[23519]	125	152	-38	0	-12	5	det1=true
[23520]	137	152	-30	-14	-13	-4	det1=true
[23521]	137	152	-34	-14	-13	4	det1=true
[23522]	150	152	-41	-14	-14	-1	det1=true
[23523]	150	152	-42	-14	-14	1	det1=true
[23524]	50	149	-18	-12	-1	-8	det1=true
[23525]	50	149	-26	-12	-1	8	det1=true
[23526]	80	149	-34	-17	-9	-4	det1=true
[23527]	81	149	-7	-7	-7	-8	det1=true
[23528]	81	149	-15	-7	-7	8	det1=true
[23529]	87	149	-38	-25	-10	-1	det1=true
[23530]	87	149	-39	-25	-10	1	det1=true
[23531]	87	149	-17	-13	-9	-6	det1=true
[23532]	101	149	-42	-26	-10	-4	det1=true
[23533]	101	149	-46	-26	-10	4	det1=true
[23534]	107	149	-32	-28	-7	-9	det1=true
[23535]	107	149	-41	-28	-7	9	det1=true
[23536]	109	149	-49	-3	-11	-3	det1=true
[23537]	109	149	-52	-3	-11	3	det1=true
[23538]	110	149	-20	-9	-7	-10	det1=true
[23539]	110	149	-30	-9	-7	10	det1=true
[23540]	119	149	-17	-19	-4	-12	det1=true
[23541]	119	149	-29	-19	-4	12	det1=true
[23542]	121	149	-50	-11	-12	-1	det1=true
[23543]	121	149	-51	-11	-12	1	det1=true
[23544]	129	149	-35	-17	-8	-10	det1=true
[23545]	129	149	-45	-17	-8	10	det1=true
[23546]	133	149	-58	-38	-10	-6	det1=true
[23547]	133	149	-64	-38	-10	6	det1=true
[23548]	134	149	-50	-40	-1	-12	det1=true
[23549]	140	149	-55	-14	-12	5	det1=true
[23550]	141	149	-64	-62	-4	-10	det1=true
[23551]	141	149	-74	-62	-4	10	det1=true
[23552]	145	149	-57	-13	-12	-5	det1=true
[23553]	145	149	-62	-13	-12	5	det1=true
[23554]	146	149	-62	-52	-11	-4	det1=true
[23555]	146	149	-44	-16	-10	-9	det1=true
[23556]	146	149	-24	-12	-1	-14	det1=true
[23557]	146	149	-38	-12	-1	14	det1=true
[23558]	146	149	-6	-9	-3	-14	det1=true
[23559]	146	149	-20	-9	-3	14	det1=true
[23560]	148	149	-22	2	-14	-3	det1=true
[23561]	148	149	-25	2	-14	3	det1=true
[23562]	61	150	-12	-1	-7	-6	det1=true
[23563]	69	150	-28	1	-5	-8	det1=true
[23564]	69	150	-36	1	-5	8	det1=true
[23565]	80	150	-33	-4	-10	2	det1=true
[23566]	80	150	-30	-7	-10	-2	det1=true
[23567]	80	150	-32	-7	-10	2	det1=true
[23568]	86	150	-36	-17	-2	-10	det1=true
[23569]	86	150	-46	-17	-2	10	det1=true
[23570]	88	150	-38	-23	-10	-2	det1=true
[23571]	94	150	-24	-14	-11	-2	det1=true
[23572]	94	150	-26	-14	-11	2	det1=true
[23573]	111	150	-21	-16	-10	-7	det1=true
[23574]	111	150	-28	-16	-10	7	det1=true
[23575]	114	150	-39	-28	-10	-6	det1=true
[23576]	115	150	-38	-9	-12	-2	det1=true
[23577]	118	150	-23	-18	-6	-11	det1=true
[23578]	118	150	-34	-18	-6	11	det1=true
[23579]	120	150	-44	-18	-9	-8	det1=true
[23580]	120	150	-52	-18	-9	8	det1=true
[23581]	127	150	-51	-38	-2	12	det1=true
[23582]	131	150	-68	-5	-7	10	det1=true
[23583]	131	150	-42	-23	-5	12	det1=true
[23584]	132	150	-18	2	-13	-4	det1=true
[23585]	138	150	-28	-14	-13	-4	det1=true
[23586]	138	150	-32	-14	-13	4	det1=true
[23587]	142	150	-38	-7	-11	-8	det1=true
[23588]	142	150	-46	-7	-11	8	det1=true
[23589]	146	150	-41	-38	-2	-13	det1=true
[23590]	146	150	-54	-38	-2	13	det1=true
[23591]	146	150	-29	0	-14	-2	det1=true
[23592]	146	150	-31	0	-14	2	det1=true
[23593]	147	150	-9	-2	-8	-12	det1=true
[23594]	147	150	-21	-2	-8	12	det1=true
[23595]	37	151	-18	1	-7	-1	det1=true
[23596]	37	151	-19	1	-7	1	det1=true
[23597]	55	151	-19	-6	-7	-5	det1=true
[23598]	55	151	-24	-6	-7	5	det1=true
[23599]	103	151	-40	-26	-1	-11	det1=true
[23600]	103	151	-51	-26	-1	11	det1=true
[23601]	106	151	-28	4	-12	-1	det1=true
[23602]	113	151	-18	-5	-6	-11	det1=true
[23603]	115	151	-9	1	-10	-8	det1=true
[23604]	119	151	-45	-1	-12	3	det1=true
[23605]	131	151	-59	-43	-9	-7	det1=true
[23606]	131	151	-66	-43	-9	7	det1=true
[23607]	135	151	-23	-13	-13	-4	det1=true
[23608]	135	151	-27	-13	-13	4	det1=true
[23609]	139	151	-43	-24	-13	-2	det1=true
[23610]	139	151	-45	-24	-13	2	det1=true
[23611]	141	151	-6	1	-11	-9	det1=true
[23612]	141	151	-15	1	-11	9	det1=true
[23613]	142	151	-36	-24	-10	-9	det1=true
[23614]	142	151	-45	-24	-10	9	det1=true
[23615]	145	151	-37	3	-13	-5	det1=true
[23616]	52	152	-14	0	-8	-3	det1=true
[23617]	88	152	-14	-2	-11	-2	det1=true
[23618]	88	152	-16	-2	-11	2	det1=true
[23619]	94	152	-2	1	-10	-6	det1=true
[23620]	94	152	-8	1	-10	6	det1=true
[23621]	97	152	-42	-17	-9	-6	det1=true
[23622]	97	152	-48	-17	-9	6	det1=true
[23623]	101	152	-30	1	-10	-6	det1=true
[23624]	101	152	-36	1	-10	6	det1=true
[23625]	101	152	-21	-18	-10	-6	det1=true
[23626]	101	152	-27	-18	-10	6	det1=true
[23627]	108	152	-48	-7	-10	6	det1=true
[23628]	108	152	-40	-9	-6	-10	det1=true
[23629]	110	152	-26	-22	-1	-12	det1=true
[23630]	110	152	-38	-22	-1	12	det1=true
[23631]	118	152	-55	-10	-8	9	det1=true
[23632]	124	152	-54	-4	-6	11	det1=true
[23633]	125	152	-47	-24	-10	-7	det1=true
[23634]	125	152	-54	-24	-10	7	det1=true
[23635]	129	152	-35	-36	-6	-11	det1=true
[23636]	129	152	-46	-36	-6	11	det1=true
[23637]	139	152	-42	-32	-12	-5	det1=true
[23638]	139	152	-47	-32	-12	5	det1=true
[23639]	142	152	-28	-11	-7	-12	det1=true
[23640]	142	152	-40	-11	-7	12	det1=true
[23641]	145	152	-63	-20	-12	5	det1=true
[23642]	147	152	-38	-8	-14	-1	det1=true
[23643]	147	152	-39	-8	-14	1	det1=true
[23644]	149	152	-66	-42	-10	-7	det1=true
[23645]	149	152	-73	-42	-10	7	det1=true
[23646]	66	149	-16	-8	-5	-8	det1=true
[23647]	74	149	-20	-15	-9	-4	det1=true
[23648]	79	149	-35	-5	-4	-9	det1=true
[23649]	79	149	-44	-5	-4	9	det1=true
[23650]	87	149	-42	-19	-10	-1	det1=true
[23651]	87	149	-43	-19	-10	1	det1=true
[23652]	97	149	-7	1	-11	-4	det1=true
[23653]	97	149	-11	1	-11	4	det1=true
[23654]	98	149	-33	-4	-2	-11	det1=true
[23655]	98	149	-44	-4	-2	11	det1=true
[23656]	101	149	-42	-3	-1	-11	det1=true
[23657]	101	149	-53	-3	-1	11	det1=true
[23658]	104	149	-8	-10	-1	-12	det1=true
[23659]	105	149	-44	-9	-2	-11	det1=true
[23660]	105	149	-55	-9	-2	11	det1=true
[23661]	109	149	-30	-5	-12	-1	det1=true
[23662]	109	149	-31	-5	-12	1	det1=true
[23663]	111	149	-41	-3	-4	-11	det1=true
[23664]	111	149	-52	-3	-4	11	det1=true
[23665]	111	149	-39	-17	-11	-4	det1=true
[23666]	111	149	-43	-17	-11	4	det1=true
[23667]	115	149	-44	-31	-9	-7	det1=true
[23668]	115	149	-51	-31	-9	7	det1=true
[23669]	116	149	-43	2	-12	2	det1=true
[23670]	121	149	-33	-7	-6	-11	det1=true
[23671]	121	149	-44	-7	-6	11	det1=true
[23672]	122	149	-6	4	-13	-2	det1=true
[23673]	122	149	-8	4	-13	2	det1=true
[23674]	125	149	-30	-12	-10	-8	det1=true
[23675]	125	149	-38	-12	-10	8	det1=true
[23676]	128	149	-57	-6	-8	-9	det1=true
[23677]	128	149	-66	-6	-8	9	det1=true
[23678]	129	149	-25	-20	-1	-13	det1=true
[23679]	129	149	-38	-20	-1	13	det1=true
[23680]	137	149	-42	-21	-12	-5	det1=true
[23681]	137	149	-47	-21	-12	5	det1=true
[23682]	143	149	-43	-13	-3	-13	det1=true
[23683]	143	149	-56	-13	-3	13	det1=true
[23684]	149	149	-63	-60	-9	-7	det1=true
[23685]	52	150	-22	1	-2	-8	det1=true
[23686]	52	150	-30	1	-2	8	det1=true
[23687]	70	150	-30	-19	-7	-6	det1=true
[23688]	70	150	-36	-19	-7	6	det1=true
[23689]	84	150	-14	2	-6	-9	det1=true
[23690]	86	150	-40	-13	-10	-2	det1=true
[23691]	86	150	-42	-13	-10	2	det1=true
[23692]	88	150	-40	-23	-10	2	det1=true
[23693]	90	150	-27	-16	-4	-10	det1=true
[23694]	90	150	-37	-16	-4	10	det1=true
[23695]	96	150	-43	-16	-8	-7	det1=true
[23696]	96	150	-50	-16	-8	7	det1=true
[23697]	106	150	-47	-6	-2	-11	det1=true
[23698]	106	150	-58	-6	-2	11	det1=true
[23699]	110	150	-38	-14	-4	-11	det1=true
[23700]	110	150	-49	-14	-4	11	det1=true
[23701]	113	150	-33	2	-10	-7	det1=true
[23702]	113	150	-40	2	-10	7	det1=true
[23703]	118	150	-35	-24	-12	-2	det1=true
[23704]	118	150	-37	-24	-12	2	det1=true
[23705]	121	150	-42	-8	-11	6	det1=true
[23706]	123	150	-60	-52	-10	-3	det1=true
[23707]	123	150	-63	-52	-10	3	det1=true
[23708]	124	150	-56	-49	-9	-6	det1=true
[23709]	129	150	-15	2	-10	-9	det1=true
[23710]	129	150	-24	2	-10	9	det1=true
[23711]	131	150	-58	-41	-11	4	det1=true
[23712]	131	150	-30	-23	-5	-12	det1=true
[23713]	132	150	-52	-45	-6	-10	det1=true
[23714]	132	150	-62	-45	-6	10	det1=true
[23715]	136	150	-71	-58	-6	9	det1=true
[23716]	136	150	-38	-21	-13	-2	det1=true
[23717]	136	150	-40	-21	-13	2	det1=true
[23718]	150	150	-14	1	-14	-4	det1=true
[23719]	72	151	-14	-4	-10	-1	det1=true
[23720]	72	151	-15	-4	-10	1	det1=true
[23721]	88	151	-34	1	-7	-8	det1=true
[23722]	88	151	-42	1	-7	8	det1=true
[23723]	91	151	-30	0	-11	-1	det1=true
[23724]	91	151	-31	0	-11	1	det1=true
[23725]	94	151	-44	-24	-7	8	det1=true
[23726]	101	151	-3	1	-9	-8	det1=true
[23727]	103	151	-28	-27	-3	-11	det1=true
[23728]	103	151	-39	-27	-3	11	det1=true
[23729]	107	151	-25	-2	-1	-12	det1=true
[23730]	107	151	-37	-2	-1	12	det1=true
[23731]	108	151	-42	-1	-10	-6	det1=true
[23732]	108	151	-48	-1	-10	6	det1=true
[23733]	113	151	-29	-5	-6	11	det1=true
[23734]	117	151	-41	-12	-5	-11	det1=true
[23735]	117	151	-52	-12	-5	11	det1=true
[23736]	145	151	-66	-54	-7	-9	det1=true
[23737]	146	151	-72	-34	-12	-1	det1=true
[23738]	146	151	-73	-34	-12	1	det1=true
[23739]	146	151	-12	-13	-3	-14	det1=true
[23740]	146	151	-26	-13	-3	14	det1=true
[23741]	149	151	-59	-53	-11	-5	det1=true
[23742]	149	151	-64	-53	-11	5	det1=true
[23743]	48	152	-20	2	-7	-4	det1=true
[23744]	48	152	-24	2	-7	4	det1=true
[23745]	52	152	-17	0	-8	3	det1=true
[23746]	83	152	-15	-6	-4	-10	det1=true
[23747]	83	152	-25	-6	-4	10	det1=true
[23748]	84	152	-27	4	-8	-7	det1=true
[23749]	84	152	-34	4	-8	7	det1=true
[23750]	85	152	-20	-19	-7	-8	det1=true
[23751]	85	152	-28	-19	-7	8	det1=true
[23752]	101	152	-28	-7	-10	-6	det1=true
[23753]	101	152	-34	-7	-10	6	det1=true
[23754]	104	152	-45	-32	-4	-10	det1=true
[23755]	104	152	-55	-32	-4	10	det1=true
[23756]	106	152	-29	-24	-10	-6	det1=true
[23757]	106	152	-35	-24	-10	6	det1=true
[23758]	108	152	-25	-18	-12	-1	det1=true
[23759]	108	152	-26	-18	-12	1	det1=true
[23760]	109	152	-26	-20	-12	-1	det1=true
[23761]	109	152	-27	-20	-12	1	det1=true
[23762]	112	152	-30	4	-12	-3	det1=true
[23763]	112	152	-33	4	-12	3	det1=true
[23764]	116	152	-54	-23	-10	6	det1=true
[23765]	124	152	-43	-4	-6	-11	det1=true
[23766]	126	152	-48	-43	-10	-6	det1=true
[23767]	126	152	-54	-43	-10	6	det1=true
[23768]	126	152	-46	-45	-6	-10	det1=true
[23769]	126	152	-56	-45	-6	10	det1=true
[23770]	129	152	-48	-31	-7	-10	det1=true
[23771]	129	152	-58	-31	-7	10	det1=true
[23772]	135	152	-58	-45	-6	-10	det1=true
[23773]	135	152	-68	-45	-6	10	det1=true
[23774]	145	152	-58	-20	-12	-5	det1=true
[23775]	149	152	-54	-5	-13	-4	det1=true
[23776]	66	149	-24	-8	-5	8	det1=true
[23777]	80	149	-38	-17	-9	4	det1=true
[23778]	99	149	-35	-3	-2	-11	det1=true
[23779]	101	149	-30	-12	-7	-9	det1=true
[23780]	101	149	-39	-12	-7	9	det1=true
[23781]	104	149	-27	-12	-6	-10	det1=true
[23782]	104	149	-37	-12	-6	10	det1=true
[23783]	104	149	-20	-10	-1	12	det1=true
[23784]	107	149	-16	-12	-11	-5	det1=true
[23785]	110	149	-51	-34	-2	11	det1=true
[23786]	116	149	-41	2	-12	-2	det1=true
[23787]	134	149	-62	-40	-1	12	det1=true
[23788]	137	149	-55	-47	-4	-11	det1=true
[23789]	137	149	-66	-47	-4	11	det1=true
[23790]	137	149	-25	-19	-9	-10	det1=true
[23791]	137	149	-35	-19	-9	10	det1=true
[23792]	141	149	-37	-34	-11	-7	det1=true
[23793]	143	149	-48	-8	-13	-3	det1=true
[23794]	143	149	-51	-8	-13	3	det1=true
[23795]	61	150	-18	-1	-7	6	det1=true
[23796]	81	150	-24	-4	-10	-3	det1=true
[23797]	81	150	-27	-4	-10	3	det1=true
[23798]	100	150	-46	-14	-9	-6	det1=true
[23799]	100	150	-52	-14	-9	6	det1=true
[23800]	124	150	-52	-31	-11	-4	det1=true
[23801]	124	150	-56	-31	-11	4	det1=true
[23802]	130	150	-4	-2	-11	-8	det1=true
[23803]	131	150	-54	-41	-11	-4	det1=true
[23804]	135	150	-44	-40	-3	-12	det1=true
[23805]	136	150	-62	-58	-6	-9	det1=true
[23806]	73	151	-27	0	-9	-4	det1=true
[23807]	73	151	-31	0	-9	4	det1=true
[23808]	115	151	-36	-9	-10	-7	det1=true
[23809]	115	151	-43	-9	-10	7	det1=true
[23810]	115	151	-17	1	-10	8	det1=true
[23811]	117	151	-36	-23	-5	-11	det1=true
[23812]	118	151	-44	-11	-12	-2	det1=true
[23813]	118	151	-46	-11	-12	2	det1=true
[23814]	121	151	-14	-7	-11	-7	det1=true
[23815]	121	151	-21	-7	-11	7	det1=true
[23816]	121	151	-12	-9	-7	-11	det1=true
[23817]	121	151	-23	-9	-7	11	det1=true
[23818]	135	151	-21	-14	-11	-8	det1=true
[23819]	135	151	-29	-14	-11	8	det1=true
[23820]	136	151	-48	-45	-2	-12	det1=true
[23821]	136	151	-60	-45	-2	12	det1=true
[23822]	138	151	-52	-41	-7	-10	det1=true
[23823]	138	151	-62	-41	-7	10	det1=true
[23824]	140	151	-55	-44	-12	-2	det1=true
[23825]	140	151	-57	-44	-12	2	det1=true
[23826]	44	152	-18	-6	-5	6	det1=true
[23827]	73	152	-26	0	-4	-9	det1=true
[23828]	73	152	-35	0	-4	9	det1=true
[23829]	108	152	-50	-9	-6	10	det1=true
[23830]	123	152	-36	-34	-7	-10	det1=true
[23831]	123	152	-46	-34	-7	10	det1=true
[23832]	130	152	-44	-45	-1	-12	det1=true
[23833]	133	152	-40	-1	-9	10	det1=true
[23834]	142	152	-56	-50	-1	-12	det1=true
[23835]	142	152	-68	-50	-1	12	det1=true
[23836]	146	152	-34	3	-14	-2	det1=true
[23837]	146	152	-36	3	-14	2	det1=true
[23838]	150	152	-69	-8	-8	-10	det1=true
[23839]	150	152	-79	-8	-8	10	det1=true
[23840]	74	149	-24	-15	-9	4	det1=true
[23841]	77	149	-30	-9	-4	-9	det1=true
[23842]	77	149	-39	-9	-4	9	det1=true
[23843]	89	149	-30	-20	-4	10	det1=true
[23844]	107	149	-21	-12	-11	5	det1=true
[23845]	126	149	-19	0	-2	-13	det1=true
[23846]	126	149	-32	0	-2	13	det1=true
[23847]	127	149	-50	-46	-11	-3	det1=true
[23848]	127	149	-53	-46	-11	3	det1=true
[23849]	133	149	-20	-11	-10	-9	det1=true
[23850]	133	149	-29	-11	-10	9	det1=true
[23851]	141	149	-44	-34	-11	7	det1=true
[23852]	21	150	-8	-3	-5	-2	det1=true
[23853]	21	150	-10	-3	-5	2	det1=true
[23854]	74	150	-12	-1	-10	-2	det1=true
[23855]	74	150	-14	-1	-10	2	det1=true
[23856]	90	150	-37	-28	-2	-10	det1=true
[23857]	96	150	-4	2	-11	-4	det1=true
[23858]	96	150	-8	2	-11	4	det1=true
[23859]	98	150	-40	-23	-10	-4	det1=true
[23860]	98	150	-44	-23	-10	4	det1=true
[23861]	124	150	-62	-49	-9	6	det1=true
[23862]	130	150	-43	0	-8	-10	det1=true
[23863]	130	150	-53	0	-8	10	det1=true
[23864]	143	150	-56	-12	-12	-5	det1=true
[23865]	143	150	-61	-12	-12	5	det1=true
[23866]	74	151	-19	-10	-6	-8	det1=true
[23867]	87	151	-5	3	-11	-2	det1=true
[23868]	87	151	-7	3	-11	2	det1=true
[23869]	88	151	-10	-3	-11	-2	det1=true
[23870]	88	151	-12	-3	-11	2	det1=true
[23871]	109	151	-31	-1	-11	-5	det1=true
[23872]	109	151	-36	-1	-11	5	det1=true
[23873]	117	151	-47	-23	-5	11	det1=true
[23874]	118	151	-39	-16	-2	-12	det1=true
[23875]	118	151	-51	-16	-2	12	det1=true
[23876]	119	151	-42	-1	-12	-3	det1=true
[23877]	120	151	-51	-22	-4	-11	det1=true
[23878]	120	151	-62	-22	-4	11	det1=true
[23879]	125	151	-11	-2	-13	-3	det1=true
[23880]	125	151	-14	-2	-13	3	det1=true
[23881]	128	151	-62	-35	-10	6	det1=true
[23882]	132	151	-18	4	-8	-11	det1=true
[23883]	132	151	-29	4	-8	11	det1=true
[23884]	135	151	-50	-12	-10	-8	det1=true
[23885]	135	151	-58	-12	-10	8	det1=true
[23886]	135	151	-41	-29	-8	-10	det1=true
[23887]	135	151	-51	-29	-8	10	det1=true
[23888]	136	151	-26	-8	-4	-13	det1=true
[23889]	136	151	-39	-8	-4	13	det1=true
[23890]	145	151	-74	-53	-9	7	det1=true
[23891]	145	151	-75	-54	-7	9	det1=true
[23892]	75	152	-16	-7	-2	-10	det1=true
[23893]	75	152	-26	-7	-2	10	det1=true
[23894]	94	152	-42	2	-9	-6	det1=true
[23895]	96	152	-34	-11	-11	-2	det1=true
[23896]	109	152	-3	-4	-6	-11	det1=true
[23897]	109	152	-14	-4	-6	11	det1=true
[23898]	115	152	-42	-16	-12	-1	det1=true
[23899]	115	152	-43	-16	-12	1	det1=true
[23900]	116	152	-48	-23	-10	-6	det1=true
[23901]	118	152	-46	-10	-8	-9	det1=true
[23902]	130	152	-56	-45	-1	12	det1=true
[23903]	83	149	-31	1	-5	-9	det1=true
[23904]	83	149	-40	1	-5	9	det1=true
[23905]	101	149	-42	-16	-11	-1	det1=true
[23906]	101	149	-43	-16	-11	1	det1=true
[23907]	101	149	-31	-11	-9	-7	det1=true
[23908]	115	149	-42	-34	-3	-11	det1=true
[23909]	115	149	-53	-34	-3	11	det1=true
[23910]	122	149	-50	-28	-11	-4	det1=true
[23911]	122	149	-54	-28	-11	4	det1=true
[23912]	123	149	-16	-4	-7	-11	det1=true
[23913]	123	149	-27	-4	-7	11	det1=true
[23914]	126	149	-49	-8	-12	-3	det1=true
[23915]	126	149	-52	-8	-12	3	det1=true
[23916]	146	149	-60	-6	-12	-5	det1=true
[23917]	146	149	-65	-6	-12	5	det1=true
[23918]	90	150	-34	-12	-8	-7	det1=true
[23919]	90	150	-28	-30	-3	-10	det1=true
[23920]	90	150	-38	-30	-3	10	det1=true
[23921]	125	150	-34	-3	-8	-10	det1=true
[23922]	125	150	-44	-3	-8	10	det1=true
[23923]	97	151	-44	-32	-5	-9	det1=true
[23924]	97	151	-53	-32	-5	9	det1=true
[23925]	118	151	-13	4	-12	5	det1=true
[23926]	121	151	-57	-12	-9	8	det1=true
[23927]	128	151	-56	-35	-10	-6	det1=true
[23928]	130	151	-64	-14	-10	7	det1=true
[23929]	139	151	-61	-52	-7	-9	det1=true
[23930]	139	151	-70	-52	-7	9	det1=true
[23931]	46	152	-10	2	-4	-7	det1=true
[23932]	46	152	-17	2	-4	7	det1=true
[23933]	131	152	-50	-38	-9	-8	det1=true
[23934]	131	152	-58	-38	-9	8	det1=true
[23935]	138	152	-34	-2	-8	-11	det1=true
[23936]	138	152	-45	-2	-8	11	det1=true
[23937]	61	149	-14	-12	-1	-9	det1=true
[23938]	61	149	-23	-12	-1	9	det1=true
[23939]	108	149	-37	-6	-6	-10	det1=true
[23940]	108	149	-47	-6	-6	10	det1=true
[23941]	112	149	-38	2	-12	-1	det1=true
[23942]	112	149	-39	2	-12	1	det1=true
[23943]	144	149	-66	-32	-8	-9	det1=true
[23944]	145	149	-61	-37	-7	-10	det1=true
[23945]	145	149	-71	-37	-7	10	det1=true
[23946]	149	149	-45	-15	-11	-8	det1=true
[23947]	63	150	-7	-2	-8	-5	det1=true
[23948]	63	150	-12	-2	-8	5	det1=true
[23949]	89	150	-14	0	-11	-2	det1=true
[23950]	89	150	-16	0	-11	2	det1=true
[23951]	109	150	-42	-32	-11	-2	det1=true
[23952]	109	150	-44	-32	-11	2	det1=true
[23953]	141	150	-47	-32	-10	-8	det1=true
[23954]	141	150	-55	-32	-10	8	det1=true
[23955]	97	151	-46	-30	-9	-5	det1=true
[23956]	97	151	-51	-30	-9	5	det1=true
[23957]	106	151	-20	-11	-9	-8	det1=true
[23958]	106	151	-28	-11	-9	8	det1=true
[23959]	131	151	-61	-42	-11	-3	det1=true
[23960]	131	151	-64	-42	-11	3	det1=true
[23961]	141	151	-20	-15	-13	-5	det1=true
[23962]	141	151	-25	-15	-13	5	det1=true
[23963]	142	151	-70	-17	-11	6	det1=true
[23964]	145	151	-67	-53	-9	-7	det1=true
[23965]	96	152	-36	-11	-11	2	det1=true
[23966]	119	152	-30	-18	-11	-6	det1=true
[23967]	119	152	-36	-18	-11	6	det1=true
[23968]	133	152	-30	-1	-9	-10	det1=true
[23969]	69	149	-6	-1	-4	-9	det1=true
[23970]	69	149	-15	-1	-4	9	det1=true
[23971]	121	149	-42	-20	-12	-2	det1=true
[23972]	123	149	-49	-14	-11	-5	det1=true
[23973]	123	149	-54	-14	-11	5	det1=true
[23974]	131	149	-33	-9	-13	-2	det1=true
[23975]	149	149	-51	3	-13	-4	det1=true
[23976]	149	149	-55	3	-13	4	det1=true
[23977]	64	150	-13	-2	-8	-5	det1=true
[23978]	64	150	-18	-2	-8	5	det1=true
[23979]	103	150	-45	-28	-10	-4	det1=true
[23980]	103	150	-49	-28	-10	4	det1=true
[23981]	136	150	-54	-35	-2	-12	det1=true
[23982]	136	150	-66	-35	-2	12	det1=true
[23983]	89	151	-17	1	-11	-2	det1=true
[23984]	89	151	-19	1	-11	2	det1=true
[23985]	118	151	-8	4	-12	-5	det1=true
[23986]	135	151	-51	-37	-7	-10	det1=true
[23987]	135	151	-61	-37	-7	10	det1=true
[23988]	141	151	-70	-54	-11	-1	det1=true
[23989]	141	151	-71	-54	-11	1	det1=true
[23990]	151	151	-43	-10	-7	-12	det1=true
[23991]	109	152	-29	-12	-8	-9	det1=true
[23992]	109	152	-38	-12	-8	9	det1=true
[23993]	146	152	-53	-22	-2	-13	det1=true
[23994]	146	152	-66	-22	-2	13	det1=true
[23995]	121	149	-44	-20	-12	2	det1=true
[23996]	131	149	-35	-9	-13	2	det1=true
[23997]	149	149	-47	-14	-13	-4	det1=true
[23998]	149	149	-51	-14	-13	4	det1=true
[23999]	149	149	-53	-15	-11	8	det1=true
[24000]	72	150	-15	4	-8	-6	det1=true
[24001]	72	150	-21	4	-8	6	det1=true
[24002]	99	150	-16	-4	-4	-11	det1=true
[24003]	99	150	-27	-4	-4	11	det1=true
[24004]	114	150	-35	2	-10	-7	det1=true
[24005]	114	150	-42	2	-10	7	det1=true
[24006]	69	151	-30	-17	-2	-9	det1=true
[24007]	76	151	-27	-6	-8	-6	det1=true
[24008]	109	151	-35	3	-12	-1	det1=true
[24009]	109	151	-36	3	-12	1	det1=true
[24010]	126	151	-53	-10	-10	-7	det1=true
[24011]	126	151	-60	-10	-10	7	det1=true
[24012]	130	151	-57	-14	-10	-7	det1=true
[24013]	142	151	-64	-17	-11	-6	det1=true
[24014]	118	150	-14	-9	-10	-8	det1=true
[24015]	143	150	-40	4	-8	-11	det1=true
[24016]	143	150	-51	4	-8	11	det1=true
[24017]	115	151	-7	-3	-10	-8	det1=true
[24018]	131	149	-18	-15	-3	-13	det1=true
[24019]	131	149	-31	-15	-3	13	det1=true
[24020]	135	149	-21	-5	-11	-8	det1=true
[24021]	135	149	-29	-5	-11	8	det1=true
[24022]	102	151	-43	-30	-10	-4	det1=true
[24023]	102	151	-47	-30	-10	4	det1=true
[24024]	115	151	-15	-3	-10	8	det1=true
[24025]	97	152	-35	-2	-2	-11	det1=true
[24026]	97	152	-46	-2	-2	11	det1=true
[24027]	147	151	-57	-41	-5	12	det1=true
[24028]	125	152	-54	-14	-1	-12	det1=true
[24029]	97	150	-32	-6	-2	-11	det1=true
[24030]	97	150	-43	-6	-2	11	det1=true
[24031]	146	150	-54	-41	-5	12	det1=true
[24032]	136	149	-52	-34	-7	-10	det1=true
[24033]	141	150	-46	-33	-8	-10	det1=true
[24034]	141	150	-56	-33	-8	10	det1=true
[24035]	146	150	-42	-41	-5	-12	det1=true
[24036]	65	151	-18	2	-9	-3	det1=true
[24037]	65	151	-21	2	-9	3	det1=true
[24038]	125	149	-41	-1	-6	-11	det1=true
[24039]	82	150	-36	-1	-10	-2	det1=true
[24040]	136	151	-27	-6	-8	-11	det1=true
[24041]	92	152	-42	-2	-7	-8	det1=true
[24042]	92	152	-50	-2	-7	8	det1=true
[24043]	112	151	-37	4	-8	-9	det1=true
[24044]	112	151	-46	4	-8	9	det1=true
[24045]	144	149	-70	-30	-12	-1	det1=true
[24046]	133	152	-31	-18	-12	6	det1=true
[24047]	129	151	-51	-25	-10	-7	det1=true
[24048]	129	151	-58	-25	-10	7	det1=true
[24049]	100	151	-18	-15	-6	-10	det1=true
[24050]	126	152	-39	-2	-8	-10	det1=true
[24051]	126	152	-49	-2	-8	10	det1=true
[24052]	72	150	-14	3	-6	-8	det1=true
[24053]	72	150	-22	3	-6	8	det1=true
[24054]	138	152	-4	7	-14	-2	det1=true
[24055]	76	152	-10	4	-10	-3	det1=true
[24056]	120	150	-42	-10	-7	-10	det1=true
[24057]	149	149	-65	-25	-6	-11	det1=true
[24058]	123	153	-56	-47	-1	-11	det1=true
[24059]	123	153	-67	-47	-1	11	det1=true
[24060]	61	153	-28	-22	-7	-5	det1=true
[24061]	61	153	-33	-22	-7	5	det1=true
[24062]	107	153	-30	1	-11	-5	det1=true
[24063]	107	153	-35	1	-11	5	det1=true
[24064]	134	153	-28	4	-8	-11	det1=true
[24065]	147	153	-65	-10	-13	2	det1=true
[24066]	79	154	-10	-8	-7	-8	det1=true
[24067]	79	154	-18	-8	-7	8	det1=true
[24068]	135	154	-64	-20	-10	-7	det1=true
[24069]	135	154	-71	-20	-10	7	det1=true
[24070]	37	155	-10	1	-2	-7	det1=true
[24071]	37	155	-17	1	-2	7	det1=true
[24072]	139	155	-14	-1	-11	-9	det1=true
[24073]	139	155	-23	-1	-11	9	det1=true
[24074]	131	156	-25	-6	-4	-13	det1=true
[24075]	131	156	-38	-6	-4	13	det1=true
[24076]	91	153	-29	-11	-11	-1	det1=true
[24077]	91	153	-30	-11	-11	1	det1=true
[24078]	112	153	-52	-43	-7	-8	det1=true
[24079]	112	153	-60	-43	-7	8	det1=true
[24080]	117	153	-6	4	-11	-7	det1=true
[24081]	117	153	-13	4	-11	7	det1=true
[24082]	131	153	-38	-15	-7	-11	det1=true
[24083]	131	153	-49	-15	-7	11	det1=true
[24084]	136	153	-6	-1	-1	-14	det1=true
[24085]	136	153	-20	-1	-1	14	det1=true
[24086]	100	154	-10	4	-8	-9	det1=true
[24087]	100	154	-19	4	-8	9	det1=true
[24088]	130	154	-36	-21	-5	-12	det1=true
[24089]	130	154	-48	-21	-5	12	det1=true
[24090]	153	154	-20	-23	-4	-14	det1=true
[24091]	141	155	-56	-21	-12	-5	det1=true
[24092]	141	155	-61	-21	-12	5	det1=true
[24093]	146	155	-68	-7	-8	-10	det1=true
[24094]	146	155	-78	-7	-8	10	det1=true
[24095]	75	156	-15	2	-10	-3	det1=true
[24096]	75	156	-18	2	-10	3	det1=true
[24097]	130	156	-54	-31	-7	-10	det1=true
[24098]	130	156	-64	-31	-7	10	det1=true
[24099]	144	156	-9	2	-4	-14	det1=true
[24100]	144	156	-23	2	-4	14	det1=true
[24101]	150	156	-52	-30	-9	-10	det1=true
[24102]	39	153	-17	-6	-7	-2	det1=true
[24103]	39	153	-19	-6	-7	2	det1=true
[24104]	68	153	-25	-14	-8	-5	det1=true
[24105]	68	153	-30	-14	-8	5	det1=true
[24106]	93	153	-32	-6	-1	-11	det1=true
[24107]	93	153	-43	-6	-1	11	det1=true
[24108]	111	153	-35	-12	-9	-8	det1=true
[24109]	111	153	-43	-12	-9	8	det1=true
[24110]	117	153	-33	-34	-1	-12	det1=true
[24111]	117	153	-45	-34	-1	12	det1=true
[24112]	124	153	-57	4	-8	-9	det1=true
[24113]	127	153	-58	-47	-2	-11	det1=true
[24114]	127	153	-69	-47	-2	11	det1=true
[24115]	137	153	-50	-5	-7	-11	det1=true
[24116]	137	153	-61	-5	-7	11	det1=true
[24117]	140	153	-44	-39	-10	-8	det1=true
[24118]	140	153	-52	-39	-10	8	det1=true
[24119]	140	153	-43	-40	-8	-10	det1=true
[24120]	140	153	-53	-40	-8	10	det1=true
[24121]	143	153	-64	-41	-11	-5	det1=true
[24122]	143	153	-69	-41	-11	5	det1=true
[24123]	147	153	-63	-10	-13	-2	det1=true
[24124]	45	154	-4	-7	-1	-8	det1=true
[24125]	45	154	-12	-7	-1	8	det1=true
[24126]	59	154	-10	0	-7	-6	det1=true
[24127]	59	154	-16	0	-7	6	det1=true
[24128]	59	154	-9	-2	-6	-7	det1=true
[24129]	73	154	-23	-16	-4	-9	det1=true
[24130]	73	154	-32	-16	-4	9	det1=true
[24131]	74	154	-30	-10	-9	-4	det1=true
[24132]	74	154	-34	-10	-9	4	det1=true
[24133]	81	154	-21	-2	-8	-7	det1=true
[24134]	81	154	-28	-2	-8	7	det1=true
[24135]	101	154	-4	1	-12	-2	det1=true
[24136]	101	154	-6	1	-12	2	det1=true
[24137]	110	154	-34	-13	-9	-8	det1=true
[24138]	131	154	-19	-10	-4	-13	det1=true
[24139]	131	154	-32	-10	-4	13	det1=true
[24140]	136	154	-57	-42	-12	2	det1=true
[24141]	136	154	-38	-28	-2	-13	det1=true
[24142]	148	154	-56	-6	-9	-10	det1=true
[24143]	148	154	-66	-6	-9	10	det1=true
[24144]	149	154	-25	4	-14	-4	det1=true
[24145]	153	154	-34	-23	-4	14	det1=true
[24146]	154	154	-62	-9	-13	-4	det1=true
[24147]	68	155	-5	4	-8	-6	det1=true
[24148]	68	155	-11	4	-8	6	det1=true
[24149]	69	155	-28	-17	-8	-5	det1=true
[24150]	69	155	-33	-17	-8	5	det1=true
[24151]	89	155	-33	-21	-8	-7	det1=true
[24152]	89	155	-40	-21	-8	7	det1=true
[24153]	89	155	-11	1	-11	-3	det1=true
[24154]	95	155	-33	-21	-1	-11	det1=true
[24155]	95	155	-44	-21	-1	11	det1=true
[24156]	96	155	-11	-14	-4	-11	det1=true
[24157]	96	155	-22	-14	-4	11	det1=true
[24158]	97	155	-34	-7	-11	-3	det1=true
[24159]	97	155	-37	-7	-11	3	det1=true
[24160]	97	155	-32	-8	-9	-7	det1=true
[24161]	97	155	-39	-8	-9	7	det1=true
[24162]	111	155	-36	-1	-10	-7	det1=true
[24163]	111	155	-43	-1	-10	7	det1=true
[24164]	115	155	-39	-13	-6	11	det1=true
[24165]	119	155	-49	-41	-9	-7	det1=true
[24166]	119	155	-56	-41	-9	7	det1=true
[24167]	124	155	-46	-8	-6	-11	det1=true
[24168]	124	155	-57	-8	-6	11	det1=true
[24169]	124	155	-33	-10	-12	-5	det1=true
[24170]	124	155	-38	-10	-12	5	det1=true
[24171]	126	155	-31	0	-2	-13	det1=true
[24172]	126	155	-44	0	-2	13	det1=true
[24173]	131	155	-46	-20	-10	-8	det1=true
[24174]	131	155	-54	-20	-10	8	det1=true
[24175]	133	155	-7	-8	-5	-13	det1=true
[24176]	133	155	-20	-8	-5	13	det1=true
[24177]	140	155	-54	-29	-10	-8	det1=true
[24178]	140	155	-62	-29	-10	8	det1=true
[24179]	141	155	-13	3	-6	-13	det1=true
[24180]	141	155	-26	3	-6	13	det1=true
[24181]	145	155	-61	-17	-11	-7	det1=true
[24182]	145	155	-68	-17	-11	7	det1=true
[24183]	146	155	-54	-32	-13	-2	det1=true
[24184]	146	155	-56	-32	-13	2	det1=true
[24185]	149	155	-67	-2	-7	-11	det1=true
[24186]	149	155	-78	-2	-7	11	det1=true
[24187]	150	155	-49	-26	-8	-11	det1=true
[24188]	150	155	-60	-26	-8	11	det1=true
[24189]	152	155	-46	-13	-14	-2	det1=true
[24190]	152	155	-48	-13	-14	2	det1=true
[24191]	153	155	-62	-29	-2	-13	det1=true
[24192]	153	155	-75	-29	-2	13	det1=true
[24193]	155	155	-70	-32	-10	-8	det1=true
[24194]	155	155	-78	-32	-10	8	det1=true
[24195]	70	156	-26	-24	-8	-5	det1=true
[24196]	86	156	-10	-8	-2	-11	det1=true
[24197]	86	156	-21	-8	-2	11	det1=true
[24198]	107	156	-47	-44	-8	-7	det1=true
[24199]	107	156	-54	-44	-8	7	det1=true
[24200]	108	156	-44	-14	-11	-4	det1=true
[24201]	108	156	-48	-14	-11	4	det1=true
[24202]	133	156	-34	-2	-13	-4	det1=true
[24203]	83	153	-17	-2	-9	-6	det1=true
[24204]	83	153	-23	-2	-9	6	det1=true
[24205]	88	153	-34	-10	-7	-8	det1=true
[24206]	88	153	-42	-10	-7	8	det1=true
[24207]	90	153	-20	-4	-2	-11	det1=true
[24208]	90	153	-31	-4	-2	11	det1=true
[24209]	100	153	-32	-15	-6	10	det1=true
[24210]	117	153	-44	-10	-5	-11	det1=true
[24211]	117	153	-55	-10	-5	11	det1=true
[24212]	117	153	-44	-1	-10	-7	det1=true
[24213]	117	153	-51	-1	-10	7	det1=true
[24214]	133	153	-51	-7	-10	-8	det1=true
[24215]	133	153	-50	-8	-8	-10	det1=true
[24216]	133	153	-60	-8	-8	10	det1=true
[24217]	143	153	-61	-44	-5	-11	det1=true
[24218]	143	153	-72	-44	-5	11	det1=true
[24219]	143	153	-49	-25	-2	-13	det1=true
[24220]	143	153	-62	-25	-2	13	det1=true
[24221]	143	153	-43	-5	-4	-13	det1=true
[24222]	143	153	-56	-5	-4	13	det1=true
[24223]	150	153	-36	-40	-4	-13	det1=true
[24224]	150	153	-49	-40	-4	13	det1=true
[24225]	45	154	-8	-1	-7	-4	det1=true
[24226]	45	154	-12	-1	-7	4	det1=true
[24227]	61	154	-4	0	-5	-8	det1=true
[24228]	83	154	-44	-21	-8	6	det1=true
[24229]	86	154	-32	-7	-7	-8	det1=true
[24230]	86	154	-40	-7	-7	8	det1=true
[24231]	94	154	-22	-24	-2	-11	det1=true
[24232]	94	154	-33	-24	-2	11	det1=true
[24233]	97	154	-33	-18	-2	-11	det1=true
[24234]	97	154	-44	-18	-2	11	det1=true
[24235]	108	154	-31	-30	-6	-10	det1=true
[24236]	108	154	-41	-30	-6	10	det1=true
[24237]	115	154	-48	-6	-10	7	det1=true
[24238]	119	154	-51	-16	-12	-1	det1=true
[24239]	119	154	-52	-16	-12	1	det1=true
[24240]	124	154	-54	1	-7	-10	det1=true
[24241]	126	154	-40	-34	-3	-12	det1=true
[24242]	133	154	-60	-24	-10	-7	det1=true
[24243]	135	154	-57	-34	-10	-7	det1=true
[24244]	138	154	-38	-10	-13	-4	det1=true
[24245]	138	154	-42	-10	-13	4	det1=true
[24246]	143	154	-52	-45	-11	-6	det1=true
[24247]	143	154	-58	-45	-11	6	det1=true
[24248]	146	154	-70	-36	-12	3	det1=true
[24249]	35	155	-12	-2	-7	-1	det1=true
[24250]	35	155	-13	-2	-7	1	det1=true
[24251]	57	155	-29	-16	-7	5	det1=true
[24252]	63	155	-31	-9	-9	-1	det1=true
[24253]	63	155	-32	-9	-9	1	det1=true
[24254]	72	155	-33	-20	-8	-5	det1=true
[24255]	72	155	-11	-6	-10	-2	det1=true
[24256]	72	155	-13	-6	-10	2	det1=true
[24257]	82	155	-18	1	-9	-6	det1=true
[24258]	89	155	-7	-3	-3	-11	det1=true
[24259]	100	155	-10	-6	-8	-9	det1=true
[24260]	100	155	-19	-6	-8	9	det1=true
[24261]	119	155	-53	2	-9	-8	det1=true
[24262]	119	155	-61	2	-9	8	det1=true
[24263]	125	155	-29	-17	-1	-13	det1=true
[24264]	126	155	-52	-24	-10	-7	det1=true
[24265]	126	155	-59	-24	-10	7	det1=true
[24266]	127	155	-54	-28	-12	-2	det1=true
[24267]	127	155	-56	-28	-12	2	det1=true
[24268]	129	155	-46	-39	-10	-7	det1=true
[24269]	129	155	-53	-39	-10	7	det1=true
[24270]	135	155	-36	-13	-10	-9	det1=true
[24271]	135	155	-45	-13	-10	9	det1=true
[24272]	137	155	-3	3	-9	-11	det1=true
[24273]	137	155	-14	3	-9	11	det1=true
[24274]	141	155	-43	-3	-4	-13	det1=true
[24275]	141	155	-56	-3	-4	13	det1=true
[24276]	141	155	-29	5	-14	-2	det1=true
[24277]	141	155	-31	5	-14	2	det1=true
[24278]	145	155	-58	-22	-1	-13	det1=true
[24279]	145	155	-71	-22	-1	13	det1=true
[24280]	146	155	-69	-6	-10	-8	det1=true
[24281]	146	155	-77	-6	-10	8	det1=true
[24282]	149	155	-64	-52	-5	-11	det1=true
[24283]	149	155	-75	-52	-5	11	det1=true
[24284]	155	155	-63	-14	-13	-4	det1=true
[24285]	155	155	-67	-14	-13	4	det1=true
[24286]	155	155	-43	-7	-6	-13	det1=true
[24287]	155	155	-56	-7	-6	13	det1=true
[24288]	92	156	-39	-38	-2	-10	det1=true
[24289]	92	156	-49	-38	-2	10	det1=true
[24290]	115	156	-46	-22	-7	10	det1=true
[24291]	126	156	-58	-50	-11	-2	det1=true
[24292]	126	156	-60	-50	-11	2	det1=true
[24293]	136	156	-47	-12	-4	13	det1=true
[24294]	136	156	-15	4	-14	-2	det1=true
[24295]	136	156	-17	4	-14	2	det1=true
[24296]	137	156	-49	-12	-2	-13	det1=true
[24297]	137	156	-62	-12	-2	13	det1=true
[24298]	142	156	-46	-2	-4	-13	det1=true
[24299]	142	156	-59	-2	-4	13	det1=true
[24300]	145	156	-60	-43	-10	8	det1=true
[24301]	151	156	-39	-14	-14	-3	det1=true
[24302]	151	156	-42	-14	-14	3	det1=true
[24303]	68	153	-28	-5	-5	-8	det1=true
[24304]	68	153	-36	-5	-5	8	det1=true
[24305]	73	153	-16	-2	-10	2	det1=true
[24306]	75	153	-1	-3	-3	-10	det1=true
[24307]	92	153	-30	1	-11	-2	det1=true
[24308]	92	153	-32	1	-11	2	det1=true
[24309]	97	153	-35	-31	-4	-10	det1=true
[24310]	97	153	-45	-31	-4	10	det1=true
[24311]	98	153	-44	-19	-4	-10	det1=true
[24312]	98	153	-54	-19	-4	10	det1=true
[24313]	101	153	-47	-25	-10	-4	det1=true
[24314]	107	153	-31	-25	-11	-4	det1=true
[24315]	107	153	-35	-25	-11	4	det1=true
[24316]	110	153	-24	-16	-7	-10	det1=true
[24317]	110	153	-34	-16	-7	10	det1=true
[24318]	128	153	-44	-5	-10	-8	det1=true
[24319]	128	153	-52	-5	-10	8	det1=true
[24320]	129	153	-60	-34	-10	-6	det1=true
[24321]	129	153	-66	-34	-10	6	det1=true
[24322]	131	153	-62	-7	-10	-7	det1=true
[24323]	131	153	-69	-7	-10	7	det1=true
[24324]	136	153	-9	-2	-14	-1	det1=true
[24325]	136	153	-10	-2	-14	1	det1=true
[24326]	138	153	-44	-20	-2	-13	det1=true
[24327]	138	153	-57	-20	-2	13	det1=true
[24328]	149	153	-59	-35	-8	-10	det1=true
[24329]	149	153	-69	-35	-8	10	det1=true
[24330]	153	153	-66	-53	-11	-5	det1=true
[24331]	153	153	-71	-53	-11	5	det1=true
[24332]	58	154	-8	2	-7	6	det1=true
[24333]	61	154	-12	0	-5	8	det1=true
[24334]	75	154	-22	-15	-1	-10	det1=true
[24335]	75	154	-32	-15	-1	10	det1=true
[24336]	96	154	-32	-19	-11	-2	det1=true
[24337]	96	154	-34	-19	-11	2	det1=true
[24338]	122	154	-42	-34	-9	-8	det1=true
[24339]	122	154	-50	-34	-9	8	det1=true
[24340]	134	154	-38	-25	-13	-2	det1=true
[24341]	134	154	-40	-25	-13	2	det1=true
[24342]	141	154	-50	-28	-13	2	det1=true
[24343]	146	154	-67	-36	-12	-3	det1=true
[24344]	148	154	-36	-17	-1	-14	det1=true
[24345]	35	155	-9	-5	-1	-7	det1=true
[24346]	45	155	-9	-1	-4	-7	det1=true
[24347]	57	155	-24	-16	-7	-5	det1=true
[24348]	72	155	-7	-10	-2	-10	det1=true
[24349]	72	155	-17	-10	-2	10	det1=true
[24350]	101	155	-11	-11	-8	-9	det1=true
[24351]	101	155	-20	-11	-8	9	det1=true
[24352]	110	155	-24	-21	-7	-10	det1=true
[24353]	110	155	-34	-21	-7	10	det1=true
[24354]	110	155	-9	-6	-4	-12	det1=true
[24355]	110	155	-21	-6	-4	12	det1=true
[24356]	112	155	-26	-3	-11	-6	det1=true
[24357]	112	155	-32	-3	-11	6	det1=true
[24358]	116	155	-14	4	-12	-5	det1=true
[24359]	116	155	-19	4	-12	5	det1=true
[24360]	118	155	-48	-4	-12	3	det1=true
[24361]	119	155	-48	-42	-7	-9	det1=true
[24362]	119	155	-57	-42	-7	9	det1=true
[24363]	124	155	-32	-6	-5	-12	det1=true
[24364]	124	155	-44	-6	-5	12	det1=true
[24365]	132	155	-41	-8	-2	-13	det1=true
[24366]	132	155	-54	-8	-2	13	det1=true
[24367]	137	155	-45	4	-13	4	det1=true
[24368]	138	155	-71	-30	-10	7	det1=true
[24369]	139	155	-53	-16	-13	-2	det1=true
[24370]	139	155	-55	-16	-13	2	det1=true
[24371]	140	155	-6	-6	-3	-14	det1=true
[24372]	140	155	-20	-6	-3	14	det1=true
[24373]	142	155	-10	1	-12	-8	det1=true
[24374]	147	155	-31	1	-4	14	det1=true
[24375]	150	155	-60	-31	-13	-2	det1=true
[24376]	150	155	-29	-2	-14	-4	det1=true
[24377]	150	155	-33	-2	-14	4	det1=true
[24378]	152	155	-40	-19	-2	-14	det1=true
[24379]	152	155	-54	-19	-2	14	det1=true
[24380]	155	155	-55	-53	-10	-8	det1=true
[24381]	90	156	-42	-22	-10	-3	det1=true
[24382]	90	156	-45	-22	-10	3	det1=true
[24383]	99	156	-46	-30	-8	-7	det1=true
[24384]	99	156	-53	-30	-8	7	det1=true
[24385]	101	156	-54	-25	-10	4	det1=true
[24386]	105	156	-8	-11	-3	-12	det1=true
[24387]	105	156	-20	-11	-3	12	det1=true
[24388]	128	156	-44	-17	-10	-8	det1=true
[24389]	128	156	-52	-17	-10	8	det1=true
[24390]	129	156	-15	-14	-8	-11	det1=true
[24391]	129	156	-26	-14	-8	11	det1=true
[24392]	134	156	-44	-21	-13	-2	det1=true
[24393]	136	156	-34	-12	-4	-13	det1=true
[24394]	137	156	-18	-10	-1	-14	det1=true
[24395]	137	156	-32	-10	-1	14	det1=true
[24396]	144	156	-34	-36	-4	-13	det1=true
[24397]	144	156	-47	-36	-4	13	det1=true
[24398]	145	156	-52	-43	-10	-8	det1=true
[24399]	146	156	-39	-8	-14	-2	det1=true
[24400]	146	156	-41	-8	-14	2	det1=true
[24401]	150	156	-63	-64	-4	-11	det1=true
[24402]	151	156	-46	-10	-1	-14	det1=true
[24403]	151	156	-60	-10	-1	14	det1=true
[24404]	152	156	-21	4	-14	-5	det1=true
[24405]	152	156	-26	4	-14	5	det1=true
[24406]	152	156	-10	-14	-5	-14	det1=true
[24407]	152	156	-24	-14	-5	14	det1=true
[24408]	55	153	-20	-9	-7	-5	det1=true
[24409]	73	153	-14	-2	-10	-2	det1=true
[24410]	75	153	-11	-3	-3	10	det1=true
[24411]	79	153	-19	1	-8	7	det1=true
[24412]	83	153	-14	-7	-6	-9	det1=true
[24413]	83	153	-23	-7	-6	9	det1=true
[24414]	86	153	-28	-24	-3	-10	det1=true
[24415]	86	153	-38	-24	-3	10	det1=true
[24416]	89	153	-34	-8	-10	-4	det1=true
[24417]	89	153	-38	-8	-10	4	det1=true
[24418]	92	153	-27	-28	-4	-10	det1=true
[24419]	92	153	-37	-28	-4	10	det1=true
[24420]	93	153	-35	-26	-7	-8	det1=true
[24421]	97	153	-35	-20	-1	-11	det1=true
[24422]	97	153	-46	-20	-1	11	det1=true
[24423]	120	153	-44	-38	-11	-4	det1=true
[24424]	120	153	-48	-38	-11	4	det1=true
[24425]	121	153	-50	-16	-11	-5	det1=true
[24426]	121	153	-55	-16	-11	5	det1=true
[24427]	124	153	-54	-13	-1	-12	det1=true
[24428]	125	153	-32	-2	-11	-7	det1=true
[24429]	125	153	-39	-2	-11	7	det1=true
[24430]	130	153	-17	2	-8	-11	det1=true
[24431]	131	153	-43	-3	-11	-7	det1=true
[24432]	131	153	-50	-3	-11	7	det1=true
[24433]	136	153	-34	-5	-13	-4	det1=true
[24434]	137	153	-46	-21	-11	-7	det1=true
[24435]	139	153	-37	-5	-8	-11	det1=true
[24436]	139	153	-48	-5	-8	11	det1=true
[24437]	143	153	-45	-34	-13	-2	det1=true
[24438]	143	153	-47	-34	-13	2	det1=true
[24439]	152	153	-32	-27	-2	-14	det1=true
[24440]	152	153	-46	-27	-2	14	det1=true
[24441]	58	154	-2	2	-7	-6	det1=true
[24442]	60	154	-12	-7	-7	-6	det1=true
[24443]	60	154	-18	-7	-7	6	det1=true
[24444]	64	154	-16	-9	-5	-8	det1=true
[24445]	64	154	-24	-9	-5	8	det1=true
[24446]	71	154	-16	-4	-10	-1	det1=true
[24447]	86	154	-30	-23	-3	-10	det1=true
[24448]	86	154	-40	-23	-3	10	det1=true
[24449]	101	154	-44	-2	-2	-11	det1=true
[24450]	101	154	-55	-2	-2	11	det1=true
[24451]	101	154	-1	0	-2	-12	det1=true
[24452]	101	154	-13	0	-2	12	det1=true
[24453]	113	154	-30	-28	-9	-8	det1=true
[24454]	113	154	-38	-28	-9	8	det1=true
[24455]	115	154	-41	-6	-10	-7	det1=true
[24456]	121	154	-12	-12	-2	-13	det1=true
[24457]	135	154	-53	-14	-10	-8	det1=true
[24458]	135	154	-61	-14	-10	8	det1=true
[24459]	135	154	-52	-15	-8	-10	det1=true
[24460]	136	154	-55	-42	-12	-2	det1=true
[24461]	136	154	-51	-28	-2	13	det1=true
[24462]	142	154	-40	-18	-11	-8	det1=true
[24463]	142	154	-48	-18	-11	8	det1=true
[24464]	144	154	-40	-30	-9	-10	det1=true
[24465]	144	154	-50	-30	-9	10	det1=true
[24466]	145	154	-64	-45	-12	-2	det1=true
[24467]	145	154	-66	-45	-12	2	det1=true
[24468]	59	155	-11	1	-2	-9	det1=true
[24469]	59	155	-20	1	-2	9	det1=true
[24470]	71	155	-30	-21	-8	-5	det1=true
[24471]	71	155	-35	-21	-8	5	det1=true
[24472]	81	155	-33	-7	-10	3	det1=true
[24473]	84	155	-22	-19	-7	-8	det1=true
[24474]	84	155	-30	-19	-7	8	det1=true
[24475]	111	155	-38	-29	-4	-11	det1=true
[24476]	111	155	-49	-29	-4	11	det1=true
[24477]	115	155	-28	-13	-6	-11	det1=true
[24478]	123	155	-48	-2	-8	10	det1=true
[24479]	131	155	-54	-48	-10	-6	det1=true
[24480]	131	155	-51	-5	-10	-8	det1=true
[24481]	131	155	-37	-33	-10	-8	det1=true
[24482]	131	155	-45	-33	-10	8	det1=true
[24483]	136	155	-40	-33	-5	-12	det1=true
[24484]	136	155	-52	-33	-5	12	det1=true
[24485]	137	155	-61	-63	-1	-11	det1=true
[24486]	137	155	-72	-63	-1	11	det1=true
[24487]	140	155	-58	-21	-10	-8	det1=true
[24488]	140	155	-66	-21	-10	8	det1=true
[24489]	143	155	-68	-33	-10	-7	det1=true
[24490]	143	155	-75	-33	-10	7	det1=true
[24491]	146	155	-71	-26	-10	8	det1=true
[24492]	149	155	-52	-41	-7	-11	det1=true
[24493]	149	155	-63	-41	-7	11	det1=true
[24494]	150	155	-62	-31	-13	2	det1=true
[24495]	152	155	-66	-62	-4	-11	det1=true
[24496]	152	155	-77	-62	-4	11	det1=true
[24497]	153	155	-61	-5	-11	-8	det1=true
[24498]	153	155	-69	-5	-11	8	det1=true
[24499]	155	155	-54	-54	-8	-10	det1=true
[24500]	49	156	-14	-13	-2	-8	det1=true
[24501]	49	156	-22	-13	-2	8	det1=true
[24502]	88	156	-18	-11	-11	-2	det1=true
[24503]	88	156	-20	-11	-11	2	det1=true
[24504]	114	156	-49	-6	-12	-1	det1=true
[24505]	114	156	-50	-6	-12	1	det1=true
[24506]	115	156	-36	-22	-7	-10	det1=true
[24507]	119	156	-26	-17	-10	-8	det1=true
[24508]	119	156	-34	-17	-10	8	det1=true
[24509]	121	156	-54	-47	-11	-2	det1=true
[24510]	121	156	-56	-47	-11	2	det1=true
[24511]	125	156	-6	1	-11	-8	det1=true
[24512]	125	156	-14	1	-11	8	det1=true
[24513]	128	156	-18	-2	-8	-11	det1=true
[24514]	128	156	-29	-2	-8	11	det1=true
[24515]	135	156	-18	-2	-14	-1	det1=true
[24516]	135	156	-19	-2	-14	1	det1=true
[24517]	149	156	-50	-24	-8	-11	det1=true
[24518]	149	156	-61	-24	-8	11	det1=true
[24519]	150	156	-74	-64	-4	11	det1=true
[24520]	71	153	-13	-5	-10	-1	det1=true
[24521]	71	153	-14	-5	-10	1	det1=true
[24522]	76	153	-28	3	-10	2	det1=true
[24523]	92	153	-22	-14	-2	-11	det1=true
[24524]	92	153	-33	-14	-2	11	det1=true
[24525]	95	153	-31	-29	-9	-6	det1=true
[24526]	95	153	-37	-29	-9	6	det1=true
[24527]	100	153	-22	-15	-6	-10	det1=true
[24528]	102	153	-48	-5	-11	-2	det1=true
[24529]	102	153	-50	-5	-11	2	det1=true
[24530]	106	153	-27	-2	-8	-9	det1=true
[24531]	106	153	-36	-2	-8	9	det1=true
[24532]	114	153	-53	-24	-8	-8	det1=true
[24533]	133	153	-59	-7	-10	8	det1=true
[24534]	136	153	-38	-5	-13	4	det1=true
[24535]	137	153	-44	-23	-7	-11	det1=true
[24536]	137	153	-55	-23	-7	11	det1=true
[24537]	145	153	-34	4	-14	-2	det1=true
[24538]	145	153	-36	4	-14	2	det1=true
[24539]	150	153	-68	-17	-8	-10	det1=true
[24540]	71	154	-17	-4	-10	1	det1=true
[24541]	104	154	-24	-2	-9	-8	det1=true
[24542]	104	154	-32	-2	-9	8	det1=true
[24543]	125	154	-36	-2	-12	-5	det1=true
[24544]	125	154	-41	-2	-12	5	det1=true
[24545]	128	154	-61	-32	-10	-6	det1=true
[24546]	128	154	-67	-32	-10	6	det1=true
[24547]	142	154	-15	-4	-14	-3	det1=true
[24548]	142	154	-18	-4	-14	3	det1=true
[24549]	149	154	-60	-55	-12	-2	det1=true
[24550]	149	154	-62	-55	-12	2	det1=true
[24551]	45	155	-16	-1	-4	7	det1=true
[24552]	89	155	-18	-3	-3	11	det1=true
[24553]	96	155	-47	-36	-10	-2	det1=true
[24554]	96	155	-49	-36	-10	2	det1=true
[24555]	104	155	-26	-1	-9	-8	det1=true
[24556]	104	155	-34	-1	-9	8	det1=true
[24557]	115	155	-40	-13	-10	-7	det1=true
[24558]	123	155	-38	-2	-8	-10	det1=true
[24559]	131	155	-59	-5	-10	8	det1=true
[24560]	133	155	-55	-34	-7	-10	det1=true
[24561]	134	155	-36	-8	-10	-9	det1=true
[24562]	134	155	-45	-8	-10	9	det1=true
[24563]	137	155	-41	4	-13	-4	det1=true
[24564]	138	155	-64	-30	-10	-7	det1=true
[24565]	139	155	-64	-48	-10	-6	det1=true
[24566]	146	155	-62	-27	-8	-10	det1=true
[24567]	146	155	-72	-27	-8	10	det1=true
[24568]	147	155	-17	1	-4	-14	det1=true
[24569]	149	155	-51	-44	-1	-13	det1=true
[24570]	149	155	-64	-44	-1	13	det1=true
[24571]	152	155	-38	-34	-7	-12	det1=true
[24572]	152	155	-50	-34	-7	12	det1=true
[24573]	77	156	-7	-4	-8	-7	det1=true
[24574]	77	156	-14	-4	-8	7	det1=true
[24575]	78	156	1	2	-4	-10	det1=true
[24576]	78	156	-9	2	-4	10	det1=true
[24577]	82	156	-22	-3	-10	-4	det1=true
[24578]	82	156	-26	-3	-10	4	det1=true
[24579]	94	156	-42	-19	-10	-4	det1=true
[24580]	94	156	-46	-19	-10	4	det1=true
[24581]	113	156	-28	-27	-7	-10	det1=true
[24582]	113	156	-38	-27	-7	10	det1=true
[24583]	149	156	-46	-33	-13	-4	det1=true
[24584]	150	156	-56	-15	-11	-8	det1=true
[24585]	150	156	-64	-15	-11	8	det1=true
[24586]	151	156	-17	2	-14	-5	det1=true
[24587]	151	156	-22	2	-14	5	det1=true
[24588]	154	156	-59	-18	-8	-11	det1=true
[24589]	154	156	-70	-18	-8	11	det1=true
[24590]	55	153	-25	-9	-7	5	det1=true
[24591]	76	153	-26	3	-10	-2	det1=true
[24592]	79	153	-12	1	-8	-7	det1=true
[24593]	92	153	-35	-16	-4	-10	det1=true
[24594]	92	153	-45	-16	-4	10	det1=true
[24595]	93	153	-43	-26	-7	8	det1=true
[24596]	105	153	-56	-31	-6	9	det1=true
[24597]	119	153	-36	-32	-5	-11	det1=true
[24598]	119	153	-47	-32	-5	11	det1=true
[24599]	130	153	-28	2	-8	11	det1=true
[24600]	52	154	-18	-19	-2	-8	det1=true
[24601]	76	154	-23	-4	-2	-10	det1=true
[24602]	76	154	-33	-4	-2	10	det1=true
[24603]	78	154	-7	-4	-8	-7	det1=true
[24604]	94	154	-30	-15	-11	-2	det1=true
[24605]	94	154	-32	-15	-11	2	det1=true
[24606]	106	154	-20	-6	-7	-10	det1=true
[24607]	106	154	-30	-6	-7	10	det1=true
[24608]	115	154	-32	-24	-10	-7	det1=true
[24609]	115	154	-39	-24	-10	7	det1=true
[24610]	125	154	-55	-4	-2	-12	det1=true
[24611]	125	154	-67	-4	-2	12	det1=true
[24612]	130	154	-16	-10	-11	-8	det1=true
[24613]	130	154	-24	-10	-11	8	det1=true
[24614]	135	154	-2	-8	-1	-14	det1=true
[24615]	135	154	-16	-8	-1	14	det1=true
[24616]	136	154	-61	-46	-10	-6	det1=true
[24617]	137	154	-58	-25	-11	-6	det1=true
[24618]	137	154	-64	-25	-11	6	det1=true
[24619]	148	154	-50	-17	-1	14	det1=true
[24620]	150	154	-72	-38	-11	6	det1=true
[24621]	151	154	-32	-7	-12	-8	det1=true
[24622]	151	154	-40	-7	-12	8	det1=true
[24623]	82	155	-24	1	-9	6	det1=true
[24624]	105	155	-49	-31	-6	-9	det1=true
[24625]	116	155	-10	-2	-5	-12	det1=true
[24626]	116	155	-22	-2	-5	12	det1=true
[24627]	133	155	-65	-34	-7	10	det1=true
[24628]	146	155	-63	-26	-10	-8	det1=true
[24629]	146	155	-36	-36	-4	-13	det1=true
[24630]	146	155	-49	-36	-4	13	det1=true
[24631]	151	155	-5	-8	-5	-14	det1=true
[24632]	151	155	-19	-8	-5	14	det1=true
[24633]	155	155	-99	-12	-11	-3	det1=true
[24634]	155	155	-102	-12	-11	3	det1=true
[24635]	61	156	-10	-2	-8	-5	det1=true
[24636]	61	156	-15	-2	-8	5	det1=true
[24637]	120	156	-38	-26	-3	-12	det1=true
[24638]	120	156	-50	-26	-3	12	det1=true
[24639]	135	156	-3	-2	-2	-14	det1=true
[24640]	135	156	-17	-2	-2	14	det1=true
[24641]	144	156	-70	-42	-12	-1	det1=true
[24642]	146	156	-35	-16	-14	-2	det1=true
[24643]	146	156	-37	-16	-14	2	det1=true
[24644]	155	156	-14	-10	-9	-12	det1=true
[24645]	155	156	-26	-10	-9	12	det1=true
[24646]	92	153	-30	-25	-10	-4	det1=true
[24647]	92	153	-34	-25	-10	4	det1=true
[24648]	125	153	-29	-7	-1	-13	det1=true
[24649]	125	153	-42	-7	-1	13	det1=true
[24650]	129	153	-11	-6	-11	-8	det1=true
[24651]	129	153	-19	-6	-11	8	det1=true
[24652]	130	153	-53	-44	-4	-11	det1=true
[24653]	130	153	-64	-44	-4	11	det1=true
[24654]	150	153	-78	-17	-8	10	det1=true
[24655]	59	154	-7	-6	-2	-9	det1=true
[24656]	59	154	-16	-6	-2	9	det1=true
[24657]	78	154	-14	-4	-8	7	det1=true
[24658]	123	154	-36	-5	-8	-10	det1=true
[24659]	123	154	-46	-5	-8	10	det1=true
[24660]	136	154	-67	-46	-10	6	det1=true
[24661]	141	154	-39	-38	-2	-13	det1=true
[24662]	141	154	-52	-38	-2	13	det1=true
[24663]	57	155	-23	-17	-5	-7	det1=true
[24664]	57	155	-30	-17	-5	7	det1=true
[24665]	77	155	-29	-17	-10	-1	det1=true
[24666]	77	155	-30	-17	-10	1	det1=true
[24667]	115	155	-47	-13	-10	7	det1=true
[24668]	131	155	-50	-6	-8	-10	det1=true
[24669]	131	155	-60	-6	-8	10	det1=true
[24670]	137	155	-24	-8	-13	-5	det1=true
[24671]	137	155	-29	-8	-13	5	det1=true
[24672]	146	155	-56	-46	-6	-11	det1=true
[24673]	75	156	-10	-6	-3	-10	det1=true
[24674]	75	156	-20	-6	-3	10	det1=true
[24675]	48	153	-16	-11	-7	-4	det1=true
[24676]	48	153	-20	-11	-7	4	det1=true
[24677]	81	153	-10	-2	-4	-10	det1=true
[24678]	81	153	-20	-2	-4	10	det1=true
[24679]	122	153	-15	-8	-2	-13	det1=true
[24680]	122	153	-28	-8	-2	13	det1=true
[24681]	141	153	-23	-18	-13	-5	det1=true
[24682]	141	153	-28	-18	-13	5	det1=true
[24683]	151	153	-35	-26	-1	-14	det1=true
[24684]	151	153	-49	-26	-1	14	det1=true
[24685]	111	154	-28	-8	-12	-3	det1=true
[24686]	111	154	-31	-8	-12	3	det1=true
[24687]	120	155	-47	-16	-10	-7	det1=true
[24688]	120	155	-54	-16	-10	7	det1=true
[24689]	126	155	-53	-22	-10	-7	det1=true
[24690]	126	155	-60	-22	-10	7	det1=true
[24691]	128	155	-54	-43	-11	-4	det1=true
[24692]	128	155	-58	-43	-11	4	det1=true
[24693]	147	155	-27	-31	-1	-14	det1=true
[24694]	112	156	-34	-15	-7	-10	det1=true
[24695]	112	156	-44	-15	-7	10	det1=true
[24696]	75	153	-19	-1	-2	-10	det1=true
[24697]	75	153	-29	-1	-2	10	det1=true
[24698]	149	153	-41	-25	-13	5	det1=true
[24699]	153	153	-43	-16	-1	-14	det1=true
[24700]	153	153	-57	-16	-1	14	det1=true
[24701]	102	154	-6	2	-10	-7	det1=true
[24702]	102	154	-13	2	-10	7	det1=true
[24703]	81	155	-13	-2	-9	-6	det1=true
[24704]	81	155	-19	-2	-9	6	det1=true
[24705]	134	153	-27	2	-4	-13	det1=true
[24706]	134	153	-40	2	-4	13	det1=true
[24707]	152	155	-32	-7	-14	-4	det1=true
[24708]	152	155	-36	-7	-14	4	det1=true
[24709]	136	156	-51	-26	-8	-10	det1=true
[24710]	136	156	-61	-26	-8	10	det1=true
[24711]	90	153	-28	-21	-4	-10	det1=true
[24712]	90	153	-38	-21	-4	10	det1=true
[24713]	129	153	-51	-28	-7	-10	det1=true
[24714]	129	153	-61	-28	-7	10	det1=true
[24715]	148	154	-28	-30	-1	-14	det1=true
[24716]	101	155	-39	-6	-3	-11	det1=true
[24717]	101	155	-50	-6	-3	11	det1=true
[24718]	115	155	-37	-19	-10	-7	det1=true
[24719]	115	155	-44	-19	-10	7	det1=true
[24720]	141	153	-57	-47	-8	-9	det1=true
[24721]	141	153	-66	-47	-8	9	det1=true
[24722]	115	154	-44	-4	-1	-12	det1=true
[24723]	115	154	-56	-4	-1	12	det1=true
[24724]	144	154	-59	-26	-8	-10	det1=true
[24725]	144	154	-69	-26	-8	10	det1=true
[24726]	128	156	-38	-27	-10	-8	det1=true
[24727]	128	156	-46	-27	-10	8	det1=true
[24728]	145	156	-32	-21	-1	-14	det1=true
[24729]	145	156	-46	-21	-1	14	det1=true
[24730]	76	155	-32	-17	-9	-4	det1=true
[24731]	76	155	-36	-17	-9	4	det1=true
[24732]	110	155	-13	-2	-12	-4	det1=true
[24733]	110	155	-17	-2	-12	4	det1=true
[24734]	119	154	-44	-24	-8	-9	det1=true
[24735]	119	154	-53	-24	-8	9	det1=true
[24736]	105	153	-15	-4	-7	-10	det1=true
[24737]	105	153	-25	-4	-7	10	det1=true
[24738]	130	155	-48	-26	-6	-11	det1=true
[24739]	132	155	-48	-19	-10	-8	det1=true
[24740]	153	153	-15	-7	-7	-13	det1=true
[24741]	153	153	-28	-7	-7	13	det1=true
[24742]	123	154	-56	-52	-6	-9	det1=true
[24743]	96	155	-43	-40	-2	-10	det1=true
[24744]	96	155	-53	-40	-2	10	det1=true
[24745]	70	156	0	1	-2	-10	det1=true
[24746]	108	153	-10	-14	-3	-12	det1=true
[24747]	144	153	-67	-48	-6	-10	det1=true
[24748]	99	155	-18	-19	-4	-11	det1=true
[24749]	99	155	-41	-35	-7	-8	det1=true
[24750]	99	155	-49	-35	-7	8	det1=true
[24751]	145	154	-56	-55	-9	-8	det1=true
[24752]	101	156	-30	-14	-11	-4	det1=true
[24753]	119	153	-44	-19	-5	-11	det1=true
