p=347
# format: u v w x y z where a = w + x*i + y*(i+j)/2 + z*(1+k)/2
[1]	1	1	0	0	0	0	det1=true
[2]	9	10	-1	0	0	-1	det1=true
[3]	10	10	-3	0	0	-1	det1=true
[4]	8	11	0	0	0	-1	det1=true
[5]	9	11	-3	-1	-1	0	det1=true
[6]	10	11	-4	-2	-1	0	det1=true
[7]	9	12	-4	0	0	-1	det1=true
[8]	12	12	-6	-4	-1	0	det1=true
[9]	7	13	-1	-1	0	-1	det1=true
[10]	8	13	-4	0	-1	0	det1=true
[11]	8	13	-3	-2	0	-1	det1=true
[12]	9	13	-4	-3	0	-1	det1=true
[13]	11	13	-5	-5	0	-1	det1=true
[14]	7	14	-2	-2	0	-1	det1=true
[15]	6	15	-1	0	0	-1	det1=true
[16]	13	15	-4	0	-1	-1	det1=true
[17]	13	15	-5	0	-1	1	det1=true
[18]	15	15	-5	-4	-1	-1	det1=true
[19]	15	15	-6	-4	-1	1	det1=true
[20]	11	17	-3	0	-1	-1	det1=true
[21]	11	17	-4	0	-1	1	det1=true
[22]	11	17	-2	-2	-1	-1	det1=true
[23]	5	18	-1	0	0	-1	det1=true
[24]	17	17	-8	-6	-1	-1	det1=true
[25]	17	17	-9	-6	-1	1	det1=true
[26]	19	19	-2	-2	0	-2	det1=true
[27]	20	20	-6	-3	-2	0	det1=true
[28]	20	20	-5	-4	0	-2	det1=true
[29]	19	20	-4	-3	-2	0	det1=true
[30]	19	19	-12	-5	-1	-1	det1=true
[31]	5	19	-2	-1	0	-1	det1=true
[32]	13	19	-7	-5	-1	1	det1=true
[33]	19	19	-3	-1	-2	0	det1=true
[34]	16	22	-2	1	-2	0	det1=true
[35]	17	22	-5	0	-2	0	det1=true
[36]	22	22	-9	-6	0	-2	det1=true
[37]	20	21	-6	-5	-2	0	det1=true
[38]	21	21	-2	1	-2	-1	det1=true
[39]	21	21	-3	1	-2	1	det1=true
[40]	17	22	-4	-1	0	-2	det1=true
[41]	9	21	-3	-1	-1	-1	det1=true
[42]	9	21	-4	-1	-1	1	det1=true
[43]	21	22	-4	-1	-1	-2	det1=true
[44]	21	22	-6	-1	-1	2	det1=true
[45]	22	22	-6	0	-1	-2	det1=true
[46]	22	22	-8	0	-1	2	det1=true
[47]	21	21	-1	-1	-1	-2	det1=true
[48]	21	21	-3	-1	-1	2	det1=true
[49]	17	21	-3	1	-2	0	det1=true
[50]	4	22	0	0	0	-1	det1=true
[51]	23	23	-10	-8	-2	0	det1=true
[52]	16	24	-6	1	-2	0	det1=true
[53]	16	24	-5	0	0	-2	det1=true
[54]	16	23	-3	-2	0	-2	det1=true
[55]	19	23	-1	1	-2	-1	det1=true
[56]	19	23	-2	1	-2	1	det1=true
[57]	21	23	-5	-3	-1	-2	det1=true
[58]	21	23	-7	-3	-1	2	det1=true
[59]	23	23	-9	-9	0	-2	det1=true
[60]	23	23	-9	-1	-2	-1	det1=true
[61]	23	23	-10	-1	-2	1	det1=true
[62]	22	24	-8	-3	-1	-2	det1=true
[63]	22	24	-10	-3	-1	2	det1=true
[64]	16	23	-4	-1	-2	0	det1=true
[65]	19	24	-4	0	-2	-1	det1=true
[66]	19	24	-5	0	-2	1	det1=true
[67]	24	24	-11	-2	-2	-1	det1=true
[68]	24	24	-12	-2	-2	1	det1=true
[69]	24	24	-10	-4	-1	-2	det1=true
[70]	24	24	-12	-4	-1	2	det1=true
[71]	9	23	-4	-3	-1	-1	det1=true
[72]	9	23	-5	-3	-1	1	det1=true
[73]	19	23	-7	-5	0	-2	det1=true
[74]	20	24	-6	-4	-1	2	det1=true
[75]	20	23	-6	0	-1	2	det1=true
[76]	21	24	-6	-4	-1	-2	det1=true
[77]	21	24	-8	-4	-1	2	det1=true
[78]	23	23	-7	-5	-1	-2	det1=true
[79]	19	24	-3	-2	-2	-1	det1=true
[80]	19	24	-4	-2	-2	1	det1=true
[81]	20	24	-4	-4	-1	-2	det1=true
[82]	20	23	-4	0	-1	-2	det1=true
[83]	23	23	-9	-5	-1	2	det1=true
[84]	4	23	-2	0	-1	0	det1=true
[85]	14	26	-4	1	-2	0	det1=true
[86]	14	26	-3	0	0	-2	det1=true
[87]	16	26	-7	-2	0	-2	det1=true
[88]	17	26	-3	0	-2	1	det1=true
[89]	22	26	-10	-7	-1	2	det1=true
[90]	16	25	-6	-3	-2	0	det1=true
[91]	22	25	-10	-4	-2	1	det1=true
[92]	17	26	-2	0	-2	-1	det1=true
[93]	21	26	-10	0	-2	-1	det1=true
[94]	21	26	-11	0	-2	1	det1=true
[95]	22	26	-8	-7	-1	-2	det1=true
[96]	14	25	-1	0	-2	0	det1=true
[97]	20	25	-7	-2	-2	-1	det1=true
[98]	20	25	-8	-2	-2	1	det1=true
[99]	21	25	-9	1	-2	-1	det1=true
[100]	21	25	-10	1	-2	1	det1=true
[101]	22	25	-9	-4	-2	-1	det1=true
[102]	25	25	-9	-9	-1	-2	det1=true
[103]	25	25	-11	-9	-1	2	det1=true
[104]	21	26	-8	-5	-1	-2	det1=true
[105]	21	26	-10	-5	-1	2	det1=true
[106]	23	26	-12	-6	-1	2	det1=true
[107]	23	26	-10	-6	-1	-2	det1=true
[108]	26	26	-12	-8	-1	-2	det1=true
[109]	26	26	-14	-8	-1	2	det1=true
[110]	18	25	-2	-2	-1	-2	det1=true
[111]	18	25	-4	-2	-1	2	det1=true
[112]	7	25	0	0	-1	-1	det1=true
[113]	24	27	-11	-8	-2	-1	det1=true
[114]	24	27	-12	-8	-2	1	det1=true
[115]	13	28	-3	0	0	-2	det1=true
[116]	15	28	-6	-5	-2	0	det1=true
[117]	17	28	-8	-7	-2	0	det1=true
[118]	22	27	-10	-6	-2	-1	det1=true
[119]	22	27	-11	-6	-2	1	det1=true
[120]	27	27	-4	-2	-2	-2	det1=true
[121]	27	27	-6	-2	-2	2	det1=true
[122]	13	28	-4	1	-2	0	det1=true
[123]	16	28	-3	0	-2	-1	det1=true
[124]	18	28	-6	-4	-1	-2	det1=true
[125]	18	28	-8	-4	-1	2	det1=true
[126]	19	28	-8	-4	-2	-1	det1=true
[127]	19	28	-9	-4	-2	1	det1=true
[128]	18	27	-6	-2	-2	-1	det1=true
[129]	18	27	-7	-2	-2	1	det1=true
[130]	19	27	-7	-5	-2	1	det1=true
[131]	16	28	-8	-5	-2	0	det1=true
[132]	16	28	-7	-6	0	-2	det1=true
[133]	16	28	-4	0	-2	1	det1=true
[134]	28	28	-7	-4	-2	-2	det1=true
[135]	28	28	-9	-4	-2	2	det1=true
[136]	18	27	-6	-1	-1	-2	det1=true
[137]	18	27	-8	-1	-1	2	det1=true
[138]	21	28	-8	-8	-1	-2	det1=true
[139]	21	28	-10	-8	-1	2	det1=true
[140]	27	28	-5	-4	-2	-2	det1=true
[141]	27	28	-7	-4	-2	2	det1=true
[142]	7	27	-3	-1	-1	-1	det1=true
[143]	7	27	-4	-1	-1	1	det1=true
[144]	19	27	-6	-5	-2	-1	det1=true
[145]	28	28	0	0	0	-3	det1=true
[146]	17	27	-4	-1	-2	-1	det1=true
[147]	20	27	-7	-6	-2	-1	det1=true
[148]	20	27	-8	-6	-2	1	det1=true
[149]	25	28	-1	0	-2	-2	det1=true
[150]	25	28	-3	0	-2	2	det1=true
[151]	17	27	-5	-1	-2	1	det1=true
[152]	13	29	-4	-2	0	-2	det1=true
[153]	29	29	-14	-13	-2	-1	det1=true
[154]	27	29	-1	1	-3	0	det1=true
[155]	28	30	-5	-4	0	-3	det1=true
[156]	14	29	-7	-2	-2	0	det1=true
[157]	17	29	-7	-3	-2	1	det1=true
[158]	28	29	-8	-5	-2	-2	det1=true
[159]	28	29	-10	-5	-2	2	det1=true
[160]	29	29	-19	-2	-1	-2	det1=true
[161]	29	29	-21	-2	-1	2	det1=true
[162]	29	29	-18	-9	-2	1	det1=true
[163]	29	29	-10	-4	-2	-2	det1=true
[164]	29	29	-12	-4	-2	2	det1=true
[165]	26	30	-6	-5	-2	-2	det1=true
[166]	26	30	-8	-5	-2	2	det1=true
[167]	29	30	-7	-4	0	-3	det1=true
[168]	17	29	-6	-3	-2	-1	det1=true
[169]	16	30	-4	-4	-1	-2	det1=true
[170]	18	30	-7	-6	-2	-1	det1=true
[171]	24	30	-4	1	-2	-2	det1=true
[172]	24	30	-6	1	-2	2	det1=true
[173]	24	30	-3	-2	-2	-2	det1=true
[174]	24	30	-5	-2	-2	2	det1=true
[175]	28	30	-11	0	-2	-2	det1=true
[176]	28	30	-8	-7	-2	-2	det1=true
[177]	28	30	-10	-7	-2	2	det1=true
[178]	30	30	-13	-2	-2	-2	det1=true
[179]	30	30	-15	-2	-2	2	det1=true
[180]	30	30	-12	-5	-2	-2	det1=true
[181]	30	30	-14	-5	-2	2	det1=true
[182]	13	29	-5	-1	-2	0	det1=true
[183]	14	29	-6	-3	0	-2	det1=true
[184]	16	29	-4	-2	-2	-1	det1=true
[185]	16	29	-5	-2	-2	1	det1=true
[186]	23	29	-11	-9	-2	-1	det1=true
[187]	16	30	-6	-4	-1	2	det1=true
[188]	12	29	0	1	-2	0	det1=true
[189]	21	29	-10	-7	-2	-1	det1=true
[190]	21	29	-11	-7	-2	1	det1=true
[191]	15	30	-2	-2	-1	-2	det1=true
[192]	15	30	-4	-2	-1	2	det1=true
[193]	18	30	-8	-6	-2	1	det1=true
[194]	15	29	0	1	-2	-1	det1=true
[195]	15	29	-1	1	-2	1	det1=true
[196]	24	29	0	1	-2	-2	det1=true
[197]	24	29	-2	1	-2	2	det1=true
[198]	3	30	-1	0	0	-1	det1=true
[199]	30	31	-10	-4	0	-3	det1=true
[200]	25	31	-7	-3	-2	-2	det1=true
[201]	25	31	-9	-3	-2	2	det1=true
[202]	22	32	-2	1	-2	-2	det1=true
[203]	22	32	-4	1	-2	2	det1=true
[204]	29	32	-12	-7	-2	-2	det1=true
[205]	29	32	-14	-7	-2	2	det1=true
[206]	27	31	-4	-5	0	-3	det1=true
[207]	29	31	-5	1	-3	-1	det1=true
[208]	29	31	-6	1	-3	1	det1=true
[209]	29	31	-4	0	-1	-3	det1=true
[210]	29	31	-7	0	-1	3	det1=true
[211]	11	32	-2	1	-2	0	det1=true
[212]	26	32	-10	-3	-2	-2	det1=true
[213]	26	32	-12	-3	-2	2	det1=true
[214]	27	32	-11	-4	-2	-2	det1=true
[215]	27	32	-13	-4	-2	2	det1=true
[216]	17	31	-7	-5	-2	-1	det1=true
[217]	17	31	-8	-5	-2	1	det1=true
[218]	23	31	-2	-2	-2	-2	det1=true
[219]	31	31	-8	-1	-1	-3	det1=true
[220]	31	31	-11	-1	-1	3	det1=true
[221]	14	32	-3	0	-2	-1	det1=true
[222]	14	32	-4	0	-2	1	det1=true
[223]	31	32	-13	0	0	-3	det1=true
[224]	19	31	-9	-7	-2	-1	det1=true
[225]	19	31	-10	-7	-2	1	det1=true
[226]	28	31	-12	-1	-2	-2	det1=true
[227]	31	31	-7	-4	-1	-3	det1=true
[228]	31	31	-10	-4	-1	3	det1=true
[229]	23	32	-4	-3	-2	-2	det1=true
[230]	23	32	-6	-3	-2	2	det1=true
[231]	27	32	-12	1	-2	-2	det1=true
[232]	27	32	-14	1	-2	2	det1=true
[233]	30	32	-11	-10	-2	-2	det1=true
[234]	30	32	-13	-10	-2	2	det1=true
[235]	16	31	-6	-3	-1	-2	det1=true
[236]	16	31	-8	-3	-1	2	det1=true
[237]	12	32	-6	1	-2	0	det1=true
[238]	24	32	-7	-2	-2	-2	det1=true
[239]	24	32	-9	-2	-2	2	det1=true
[240]	29	32	-9	-6	0	-3	det1=true
[241]	18	31	-8	-6	-1	-2	det1=true
[242]	18	31	-10	-6	-1	2	det1=true
[243]	24	31	-6	1	-2	-2	det1=true
[244]	24	31	-8	1	-2	2	det1=true
[245]	31	31	-9	0	-3	-1	det1=true
[246]	31	31	-10	0	-3	1	det1=true
[247]	15	31	-5	1	-2	-1	det1=true
[248]	15	31	-6	1	-2	1	det1=true
[249]	31	31	-8	-3	-3	-1	det1=true
[250]	31	31	-9	-3	-3	1	det1=true
[251]	15	32	-4	-4	-1	-2	det1=true
[252]	15	32	-6	-4	-1	2	det1=true
[253]	31	33	-14	-1	0	-3	det1=true
[254]	33	33	-14	-12	-2	-2	det1=true
[255]	33	33	-16	-12	-2	2	det1=true
[256]	33	33	-10	-9	-3	-1	det1=true
[257]	33	33	-11	-9	-3	1	det1=true
[258]	27	34	-7	-8	0	-3	det1=true
[259]	14	33	-4	-1	-1	-2	det1=true
[260]	14	33	-6	-1	-1	2	det1=true
[261]	25	33	-8	-6	-2	-2	det1=true
[262]	25	33	-10	-6	-2	2	det1=true
[263]	23	33	-7	1	-2	-2	det1=true
[264]	23	33	-9	1	-2	2	det1=true
[265]	25	33	-10	-2	-2	-2	det1=true
[266]	25	33	-12	-2	-2	2	det1=true
[267]	27	33	-4	0	-3	-1	det1=true
[268]	27	33	-5	0	-3	1	det1=true
[269]	30	34	-14	-9	-2	-2	det1=true
[270]	30	34	-16	-9	-2	2	det1=true
[271]	24	33	-8	-3	-2	-2	det1=true
[272]	24	33	-10	-3	-2	2	det1=true
[273]	24	34	-10	1	-2	-2	det1=true
[274]	24	34	-12	1	-2	2	det1=true
[275]	34	34	-6	0	-3	2	det1=true
[276]	15	33	-7	-1	-2	-1	det1=true
[277]	15	33	-8	-1	-2	1	det1=true
[278]	34	34	-4	0	-3	-2	det1=true
[279]	27	33	-3	-1	-1	-3	det1=true
[280]	27	33	-6	-1	-1	3	det1=true
[281]	31	36	-14	-13	-2	-2	det1=true
[282]	31	36	-16	-13	-2	2	det1=true
[283]	34	35	-6	-2	-3	-2	det1=true
[284]	34	35	-8	-2	-3	2	det1=true
[285]	22	36	-8	-3	-2	-2	det1=true
[286]	22	36	-10	-3	-2	2	det1=true
[287]	25	35	-11	-5	-2	-2	det1=true
[288]	25	35	-13	-5	-2	2	det1=true
[289]	27	35	-12	-8	-2	-2	det1=true
[290]	27	35	-14	-8	-2	2	det1=true
[291]	28	35	-12	-4	0	-3	det1=true
[292]	26	36	-8	-8	0	-3	det1=true
[293]	36	36	-22	-4	-3	0	det1=true
[294]	27	35	-7	-3	-3	-1	det1=true
[295]	27	35	-8	-3	-3	1	det1=true
[296]	14	35	-6	-2	-1	-2	det1=true
[297]	14	35	-8	-2	-1	2	det1=true
[298]	29	35	-9	-6	-3	-1	det1=true
[299]	29	35	-10	-6	-3	1	det1=true
[300]	29	35	-8	-7	-1	-3	det1=true
[301]	29	35	-11	-7	-1	3	det1=true
[302]	24	35	-8	-7	-2	-2	det1=true
[303]	24	35	-10	-7	-2	2	det1=true
[304]	25	35	-3	1	-3	1	det1=true
[305]	31	35	-13	-2	-1	-3	det1=true
[306]	31	35	-16	-2	-1	3	det1=true
[307]	36	36	-28	-4	-1	-2	det1=true
[308]	13	35	-4	1	-2	-1	det1=true
[309]	13	35	-5	1	-2	1	det1=true
[310]	14	35	-5	-4	-2	-1	det1=true
[311]	14	35	-6	-4	-2	1	det1=true
[312]	27	35	-6	-4	-1	-3	det1=true
[313]	27	35	-9	-4	-1	3	det1=true
[314]	14	36	-8	-4	-1	2	det1=true
[315]	23	36	-4	-4	0	-3	det1=true
[316]	12	35	-6	-5	-2	0	det1=true
[317]	25	35	-2	1	-3	-1	det1=true
[318]	31	35	-14	-1	-3	-1	det1=true
[319]	31	35	-15	-1	-3	1	det1=true
[320]	20	36	-4	1	-2	-2	det1=true
[321]	20	36	-6	1	-2	2	det1=true
[322]	20	36	-3	-2	-2	-2	det1=true
[323]	20	36	-5	-2	-2	2	det1=true
[324]	24	36	-11	-4	-2	-2	det1=true
[325]	24	36	-13	-4	-2	2	det1=true
[326]	10	35	-1	0	-2	0	det1=true
[327]	15	36	-7	-6	-2	-1	det1=true
[328]	15	36	-8	-6	-2	1	det1=true
[329]	5	35	0	0	-1	-1	det1=true
[330]	20	35	-1	0	-2	-2	det1=true
[331]	20	35	-3	0	-2	2	det1=true
[332]	23	37	-7	-3	-3	0	det1=true
[333]	37	37	-14	1	-2	-3	det1=true
[334]	37	37	-17	1	-2	3	det1=true
[335]	12	38	-5	0	-2	1	det1=true
[336]	12	38	-3	-2	-2	-1	det1=true
[337]	12	38	-4	-2	-2	1	det1=true
[338]	13	37	-6	-1	-2	-1	det1=true
[339]	13	37	-7	-1	-2	1	det1=true
[340]	13	37	-5	-3	-2	-1	det1=true
[341]	13	37	-6	-3	-2	1	det1=true
[342]	33	37	-6	-5	-2	-3	det1=true
[343]	33	37	-9	-5	-2	3	det1=true
[344]	12	38	-4	0	-2	-1	det1=true
[345]	30	38	-2	0	-3	-2	det1=true
[346]	30	38	-4	0	-3	2	det1=true
[347]	37	38	-4	1	-4	0	det1=true
[348]	19	37	-1	-1	-2	-2	det1=true
[349]	24	37	-11	-6	-2	-2	det1=true
[350]	24	37	-13	-6	-2	2	det1=true
[351]	25	37	-8	1	-3	1	det1=true
[352]	25	37	-6	0	-1	-3	det1=true
[353]	25	37	-9	0	-1	3	det1=true
[354]	27	37	-10	-3	-3	-1	det1=true
[355]	27	37	-11	-3	-3	1	det1=true
[356]	27	37	-9	-4	-1	-3	det1=true
[357]	27	37	-12	-4	-1	3	det1=true
[358]	29	37	-10	-8	-1	-3	det1=true
[359]	29	37	-13	-8	-1	3	det1=true
[360]	37	38	-11	-10	-2	-3	det1=true
[361]	37	38	-14	-10	-2	3	det1=true
[362]	29	37	-11	-7	-3	-1	det1=true
[363]	29	37	-12	-7	-3	1	det1=true
[364]	32	38	-8	-1	-3	-2	det1=true
[365]	32	38	-10	-1	-3	2	det1=true
[366]	32	37	-6	-1	-3	-2	det1=true
[367]	32	37	-8	-1	-3	2	det1=true
[368]	32	37	-4	-4	-2	-3	det1=true
[369]	32	37	-7	-4	-2	3	det1=true
[370]	31	38	-8	1	-3	2	det1=true
[371]	34	38	-10	-5	-3	-2	det1=true
[372]	34	38	-12	-5	-3	2	det1=true
[373]	31	38	-6	1	-3	-2	det1=true
[374]	20	37	-5	-2	-2	-2	det1=true
[375]	20	37	-7	-2	-2	2	det1=true
[376]	20	38	-7	0	-2	-2	det1=true
[377]	20	38	-6	-3	-2	-2	det1=true
[378]	20	38	-8	-3	-2	2	det1=true
[379]	31	37	-3	0	-3	-2	det1=true
[380]	31	37	-5	0	-3	2	det1=true
[381]	38	38	-16	-2	-2	-3	det1=true
[382]	38	38	-19	-2	-2	3	det1=true
[383]	38	38	-16	-8	-3	2	det1=true
[384]	38	38	-14	-8	-3	-2	det1=true
[385]	22	40	-10	-7	-2	-2	det1=true
[386]	22	40	-12	-7	-2	2	det1=true
[387]	27	39	-13	0	-3	-1	det1=true
[388]	27	39	-14	0	-3	1	det1=true
[389]	12	40	-4	-4	-1	-2	det1=true
[390]	12	40	-6	-4	-1	2	det1=true
[391]	18	40	-4	1	-2	-2	det1=true
[392]	18	40	-6	1	-2	2	det1=true
[393]	39	40	-6	-4	-1	-4	det1=true
[394]	39	40	-10	-4	-1	4	det1=true
[395]	23	39	-10	-8	-2	-2	det1=true
[396]	23	39	-12	-8	-2	2	det1=true
[397]	38	39	-2	2	-4	-1	det1=true
[398]	38	39	-3	2	-4	1	det1=true
[399]	18	40	-3	-2	-2	-2	det1=true
[400]	18	40	-5	-2	-2	2	det1=true
[401]	33	40	-12	-2	-2	-3	det1=true
[402]	33	40	-15	-2	-2	3	det1=true
[403]	34	40	-12	-6	-2	-3	det1=true
[404]	34	40	-15	-6	-2	3	det1=true
[405]	38	40	-17	-6	-2	-3	det1=true
[406]	38	40	-20	-6	-2	3	det1=true
[407]	21	40	-8	-7	-2	-2	det1=true
[408]	21	40	-10	-7	-2	2	det1=true
[409]	29	40	-4	0	-2	-3	det1=true
[410]	29	40	-7	0	-2	3	det1=true
[411]	32	40	-10	-4	-3	-2	det1=true
[412]	32	40	-12	-4	-3	2	det1=true
[413]	32	39	-9	-2	-2	-3	det1=true
[414]	32	39	-12	-2	-2	3	det1=true
[415]	38	39	-15	-8	-2	-3	det1=true
[416]	38	39	-18	-8	-2	3	det1=true
[417]	19	40	-6	-3	-2	-2	det1=true
[418]	19	40	-8	-3	-2	2	det1=true
[419]	31	40	-8	-4	-3	-2	det1=true
[420]	31	40	-10	-4	-3	2	det1=true
[421]	33	40	-9	-8	-2	-3	det1=true
[422]	33	40	-12	-8	-2	3	det1=true
[423]	37	40	-12	-12	-2	-3	det1=true
[424]	37	40	-15	-12	-2	3	det1=true
[425]	27	39	-12	-1	-1	-3	det1=true
[426]	27	39	-15	-1	-1	3	det1=true
[427]	39	39	-19	-15	-3	-1	det1=true
[428]	39	39	-20	-15	-3	1	det1=true
[429]	39	39	-18	-16	-1	-3	det1=true
[430]	39	39	-21	-16	-1	3	det1=true
[431]	39	39	-3	-4	-1	-4	det1=true
[432]	39	39	-7	-4	-1	4	det1=true
[433]	29	40	-4	-1	-3	-2	det1=true
[434]	34	40	-10	-9	-3	-2	det1=true
[435]	34	40	-12	-9	-3	2	det1=true
[436]	20	39	-6	-5	-2	-2	det1=true
[437]	20	39	-8	-5	-2	2	det1=true
[438]	29	39	0	1	-2	-3	det1=true
[439]	29	39	-3	1	-2	3	det1=true
[440]	29	40	-6	-1	-3	2	det1=true
[441]	20	39	-8	-1	-2	-2	det1=true
[442]	31	40	-9	0	-2	-3	det1=true
[443]	31	40	-12	0	-2	3	det1=true
[444]	38	40	-18	-4	-3	-2	det1=true
[445]	38	40	-20	-4	-3	2	det1=true
[446]	40	40	-18	-9	-3	-2	det1=true
[447]	40	40	-20	-9	-3	2	det1=true
[448]	40	40	-16	-12	-3	-2	det1=true
[449]	40	40	-18	-12	-3	2	det1=true
[450]	34	40	-14	-1	-3	-2	det1=true
[451]	34	40	-16	-1	-3	2	det1=true
[452]	40	41	-10	-4	-1	-4	det1=true
[453]	18	44	-8	-3	-2	-2	det1=true
[454]	18	44	-10	-3	-2	2	det1=true
[455]	44	44	-9	-8	-4	-2	det1=true
[456]	44	44	-11	-8	-4	2	det1=true
[457]	11	41	-3	0	-1	-2	det1=true
[458]	11	41	-5	0	-1	2	det1=true
[459]	36	42	-4	-2	-4	-1	det1=true
[460]	36	43	-8	2	-4	-1	det1=true
[461]	36	43	-9	2	-4	1	det1=true
[462]	35	44	-6	0	-1	-4	det1=true
[463]	35	44	-10	0	-1	4	det1=true
[464]	11	41	-3	-1	-2	-1	det1=true
[465]	11	41	-4	-1	-2	1	det1=true
[466]	29	41	-13	-10	-1	-3	det1=true
[467]	29	41	-16	-10	-1	3	det1=true
[468]	29	41	-6	-1	-2	-3	det1=true
[469]	29	41	-9	-1	-2	3	det1=true
[470]	32	41	-12	0	-2	-3	det1=true
[471]	39	41	-4	-1	-3	-3	det1=true
[472]	39	41	-7	-1	-3	3	det1=true
[473]	11	42	-4	-1	-1	-2	det1=true
[474]	11	42	-6	-1	-1	2	det1=true
[475]	36	42	-5	-2	-4	1	det1=true
[476]	41	42	-14	-4	-4	-1	det1=true
[477]	41	42	-15	-4	-4	1	det1=true
[478]	17	43	-5	1	-2	-2	det1=true
[479]	17	43	-7	1	-2	2	det1=true
[480]	39	43	-7	-5	-3	-3	det1=true
[481]	39	43	-10	-5	-3	3	det1=true
[482]	43	43	-6	-6	-2	-4	det1=true
[483]	43	43	-10	-6	-2	4	det1=true
[484]	38	44	-18	-12	-3	-2	det1=true
[485]	38	44	-20	-12	-3	2	det1=true
[486]	41	44	-14	-8	-1	-4	det1=true
[487]	41	44	-18	-8	-1	4	det1=true
[488]	30	41	-8	-3	-3	-2	det1=true
[489]	30	41	-10	-3	-3	2	det1=true
[490]	31	41	-9	-5	-3	-2	det1=true
[491]	31	41	-11	-5	-3	2	det1=true
[492]	32	41	-15	0	-2	3	det1=true
[493]	35	41	-13	-9	-3	-2	det1=true
[494]	18	42	-5	-4	-2	-2	det1=true
[495]	18	42	-7	-4	-2	2	det1=true
[496]	41	42	-13	-6	-4	-1	det1=true
[497]	41	42	-14	-6	-4	1	det1=true
[498]	23	43	-9	-4	-3	-1	det1=true
[499]	23	43	-10	-4	-3	1	det1=true
[500]	34	43	-6	-3	0	-4	det1=true
[501]	31	44	-16	-4	-2	3	det1=true
[502]	32	44	-12	-9	-3	-2	det1=true
[503]	32	44	-14	-9	-3	2	det1=true
[504]	41	44	-16	-11	-1	4	det1=true
[505]	42	44	-17	-8	-4	1	det1=true
[506]	43	44	-19	-4	-4	-1	det1=true
[507]	43	44	-20	-4	-4	1	det1=true
[508]	25	41	-11	0	-1	-3	det1=true
[509]	25	41	-14	0	-1	3	det1=true
[510]	27	41	-13	-6	-3	-1	det1=true
[511]	27	41	-14	-6	-3	1	det1=true
[512]	39	41	-9	-1	-1	-4	det1=true
[513]	39	41	-13	-1	-1	4	det1=true
[514]	40	41	-17	-12	-2	-3	det1=true
[515]	41	41	-29	1	-3	1	det1=true
[516]	41	41	-12	-5	-4	-1	det1=true
[517]	41	41	-13	-5	-4	1	det1=true
[518]	36	42	-4	0	-1	-4	det1=true
[519]	37	43	-9	-3	-4	-1	det1=true
[520]	37	43	-10	-3	-4	1	det1=true
[521]	43	43	-31	-10	-1	3	det1=true
[522]	36	44	-8	-4	-4	-1	det1=true
[523]	36	44	-9	-4	-4	1	det1=true
[524]	38	44	-12	0	-1	-4	det1=true
[525]	38	44	-16	0	-1	4	det1=true
[526]	38	44	-11	-6	-4	-1	det1=true
[527]	38	44	-12	-6	-4	1	det1=true
[528]	39	44	-15	2	-4	-1	det1=true
[529]	39	44	-16	2	-4	1	det1=true
[530]	23	41	-8	0	-3	-1	det1=true
[531]	23	41	-9	0	-3	1	det1=true
[532]	27	41	-12	-7	-1	-3	det1=true
[533]	27	41	-15	-7	-1	3	det1=true
[534]	37	41	-18	-16	-3	-1	det1=true
[535]	37	41	-19	-16	-3	1	det1=true
[536]	37	41	-17	-17	-1	-3	det1=true
[537]	37	41	-20	-17	-1	3	det1=true
[538]	37	41	-15	-10	-3	-2	det1=true
[539]	37	41	-17	-10	-3	2	det1=true
[540]	37	42	-6	-4	-4	-1	det1=true
[541]	37	42	-7	-4	-4	1	det1=true
[542]	38	42	-12	-4	-1	4	det1=true
[543]	23	43	-8	-5	-1	-3	det1=true
[544]	23	43	-11	-5	-1	3	det1=true
[545]	27	43	-13	-9	-3	-1	det1=true
[546]	27	43	-14	-9	-3	1	det1=true
[547]	27	43	-12	-10	-1	-3	det1=true
[548]	40	43	-15	0	-4	-1	det1=true
[549]	40	43	-16	0	-4	1	det1=true
[550]	41	43	-9	-8	-3	-3	det1=true
[551]	41	43	-12	-8	-3	3	det1=true
[552]	43	43	-17	-3	-1	-4	det1=true
[553]	43	43	-21	-3	-1	4	det1=true
[554]	30	44	-9	-8	-2	-3	det1=true
[555]	30	44	-12	-8	-2	3	det1=true
[556]	25	41	-12	1	-3	-1	det1=true
[557]	29	41	-14	-9	-3	-1	det1=true
[558]	29	41	-15	-9	-3	1	det1=true
[559]	36	42	-8	0	-1	4	det1=true
[560]	38	42	-8	-4	-1	-4	det1=true
[561]	36	43	-7	-2	-4	-1	det1=true
[562]	36	43	-8	-2	-4	1	det1=true
[563]	42	43	-16	-2	-1	-4	det1=true
[564]	42	43	-20	-2	-1	4	det1=true
[565]	43	43	-7	-5	-4	-2	det1=true
[566]	43	43	-9	-5	-4	2	det1=true
[567]	18	44	-1	-2	0	-3	det1=true
[568]	30	44	-12	-2	-2	-3	det1=true
[569]	30	44	-15	-2	-2	3	det1=true
[570]	31	44	-13	-4	-2	-3	det1=true
[571]	41	44	-12	-11	-1	-4	det1=true
[572]	43	44	-16	-10	-4	-1	det1=true
[573]	43	44	-17	-10	-4	1	det1=true
[574]	20	41	-9	-4	-2	-2	det1=true
[575]	20	41	-11	-4	-2	2	det1=true
[576]	23	41	-7	-1	-1	-3	det1=true
[577]	23	41	-10	-1	-1	3	det1=true
[578]	39	41	-7	-6	-1	-4	det1=true
[579]	39	41	-11	-6	-1	4	det1=true
[580]	41	41	-16	-4	-4	0	det1=true
[581]	35	43	-4	-1	-4	-1	det1=true
[582]	35	43	-5	-1	-4	1	det1=true
[583]	26	44	-2	-1	-3	-2	det1=true
[584]	26	44	-4	-1	-3	2	det1=true
[585]	40	44	-17	-16	-2	-3	det1=true
[586]	41	44	-7	0	-4	-2	det1=true
[587]	41	44	-9	0	-4	2	det1=true
[588]	41	44	-6	-1	-2	-4	det1=true
[589]	41	44	-10	-1	-2	4	det1=true
[590]	42	44	-16	-8	-4	-1	det1=true
[591]	34	41	-14	-4	-2	-3	det1=true
[592]	34	41	-17	-4	-2	3	det1=true
[593]	42	42	-16	-2	-4	-1	det1=true
[594]	42	42	-17	-2	-4	1	det1=true
[595]	37	44	-16	-13	-3	-2	det1=true
[596]	37	44	-18	-13	-3	2	det1=true
[597]	38	42	-10	-7	-1	4	det1=true
[598]	44	44	-13	0	-4	-2	det1=true
[599]	44	44	-15	0	-4	2	det1=true
[600]	38	42	-6	-7	-1	-4	det1=true
[601]	8	44	-2	1	-2	0	det1=true
[602]	16	44	-2	1	-2	-2	det1=true
[603]	16	44	-4	1	-2	2	det1=true
[604]	34	44	-4	2	-4	-1	det1=true
[605]	34	44	-5	2	-4	1	det1=true
[606]	2	44	0	0	0	-1	det1=true
[607]	45	45	-16	2	-4	-2	det1=true
[608]	45	45	-18	2	-4	2	det1=true
[609]	44	45	-20	-4	-1	-4	det1=true
[610]	44	45	-24	-4	-1	4	det1=true
[611]	33	46	-6	2	-4	-1	det1=true
[612]	33	46	-7	2	-4	1	det1=true
[613]	43	46	-17	-12	-4	-1	det1=true
[614]	43	46	-18	-12	-4	1	det1=true
[615]	43	46	-10	-9	-4	-2	det1=true
[616]	43	46	-12	-9	-4	2	det1=true
[617]	38	47	-4	-3	-4	-2	det1=true
[618]	38	47	-6	-3	-4	2	det1=true
[619]	44	45	-10	-9	-2	-4	det1=true
[620]	44	45	-14	-9	-2	4	det1=true
[621]	37	46	-13	-10	-4	0	det1=true
[622]	30	47	-14	-6	-3	-2	det1=true
[623]	30	47	-16	-6	-3	2	det1=true
[624]	38	47	-6	1	-4	-2	det1=true
[625]	38	47	-8	1	-4	2	det1=true
[626]	37	48	-4	-1	-2	-4	det1=true
[627]	37	48	-8	-1	-2	4	det1=true
[628]	23	45	-10	-11	0	-3	det1=true
[629]	35	45	-1	-1	-3	-3	det1=true
[630]	44	45	-11	-8	-4	-2	det1=true
[631]	44	45	-13	-8	-4	2	det1=true
[632]	45	45	-15	1	-2	-4	det1=true
[633]	45	45	-19	1	-2	4	det1=true
[634]	29	46	-14	-6	-2	3	det1=true
[635]	37	46	-12	-5	-1	-4	det1=true
[636]	37	46	-16	-5	-1	4	det1=true
[637]	44	46	-11	-10	-4	-2	det1=true
[638]	44	46	-13	-10	-4	2	det1=true
[639]	38	47	-5	0	-2	-4	det1=true
[640]	38	47	-9	0	-2	4	det1=true
[641]	31	48	-3	2	-4	-1	det1=true
[642]	31	48	-4	2	-4	1	det1=true
[643]	37	48	-5	0	-4	-2	det1=true
[644]	37	48	-7	0	-4	2	det1=true
[645]	44	48	-19	-14	-4	-1	det1=true
[646]	44	48	-20	-14	-4	1	det1=true
[647]	21	45	-7	-3	-3	-1	det1=true
[648]	21	45	-8	-3	-3	1	det1=true
[649]	37	45	-8	-2	-3	-3	det1=true
[650]	37	45	-11	-2	-3	3	det1=true
[651]	45	45	-13	-7	-2	-4	det1=true
[652]	45	45	-17	-7	-2	4	det1=true
[653]	29	46	-11	-6	-2	-3	det1=true
[654]	34	46	-14	-13	-3	-2	det1=true
[655]	34	46	-16	-13	-3	2	det1=true
[656]	42	46	-20	-4	-4	-1	det1=true
[657]	42	46	-21	-4	-4	1	det1=true
[658]	25	47	-5	-1	-2	-3	det1=true
[659]	32	47	-2	-3	-1	-4	det1=true
[660]	32	47	-6	-3	-1	4	det1=true
[661]	37	47	-13	-7	-4	-1	det1=true
[662]	37	47	-14	-7	-4	1	det1=true
[663]	39	47	-13	-11	-1	-4	det1=true
[664]	39	47	-17	-11	-1	4	det1=true
[665]	39	47	-8	-2	-4	-2	det1=true
[666]	39	47	-10	-2	-4	2	det1=true
[667]	41	47	-17	-9	-1	-4	det1=true
[668]	32	48	-14	-12	-3	-2	det1=true
[669]	32	48	-16	-12	-3	2	det1=true
[670]	33	48	-9	-4	-4	1	det1=true
[671]	39	48	-9	-4	-4	-2	det1=true
[672]	39	48	-11	-4	-4	2	det1=true
[673]	40	48	-19	-6	-4	-1	det1=true
[674]	40	48	-20	-6	-4	1	det1=true
[675]	45	48	-16	-9	-2	-4	det1=true
[676]	18	45	-4	-2	-3	0	det1=true
[677]	23	45	-9	-7	-1	-3	det1=true
[678]	23	45	-12	-7	-1	3	det1=true
[679]	39	45	-11	-10	-1	-4	det1=true
[680]	39	45	-15	-10	-1	4	det1=true
[681]	41	45	-13	-7	-3	-3	det1=true
[682]	41	45	-16	-7	-3	3	det1=true
[683]	43	45	-17	-4	-3	-3	det1=true
[684]	43	45	-20	-4	-3	3	det1=true
[685]	45	45	-20	1	-3	-3	det1=true
[686]	45	45	-23	1	-3	3	det1=true
[687]	45	45	-19	-5	-3	-3	det1=true
[688]	45	45	-22	-5	-3	3	det1=true
[689]	25	46	-3	0	-2	-3	det1=true
[690]	25	46	-6	0	-2	3	det1=true
[691]	31	46	-14	-7	-3	-2	det1=true
[692]	31	46	-16	-7	-3	2	det1=true
[693]	37	46	-14	-2	-4	-1	det1=true
[694]	42	46	-13	2	-4	-2	det1=true
[695]	42	46	-15	2	-4	2	det1=true
[696]	40	47	-11	2	-4	-2	det1=true
[697]	40	47	-13	2	-4	2	det1=true
[698]	41	47	-21	-9	-1	4	det1=true
[699]	15	48	-4	1	-2	-2	det1=true
[700]	15	48	-6	1	-2	2	det1=true
[701]	33	48	-8	-4	-4	-1	det1=true
[702]	36	48	-12	-7	-1	-4	det1=true
[703]	36	48	-16	-7	-1	4	det1=true
[704]	37	48	-12	-10	-4	-1	det1=true
[705]	37	48	-13	-10	-4	1	det1=true
[706]	43	48	-17	0	-4	-2	det1=true
[707]	43	48	-19	0	-4	2	det1=true
[708]	46	48	-4	0	-3	-4	det1=true
[709]	46	48	-8	0	-3	4	det1=true
[710]	47	48	-17	-12	-4	-2	det1=true
[711]	47	48	-19	-12	-4	2	det1=true
[712]	47	48	-16	-13	-2	-4	det1=true
[713]	47	48	-20	-13	-2	4	det1=true
[714]	48	48	-28	-2	-4	-1	det1=true
[715]	23	45	-10	-6	-3	-1	det1=true
[716]	23	45	-11	-6	-3	1	det1=true
[717]	37	45	-11	-4	-1	-4	det1=true
[718]	37	45	-15	-4	-1	4	det1=true
[719]	42	45	-16	-9	-1	-4	det1=true
[720]	42	45	-20	-9	-1	4	det1=true
[721]	25	46	-2	-2	-2	-3	det1=true
[722]	25	46	-5	-2	-2	3	det1=true
[723]	28	46	-9	-6	-2	-3	det1=true
[724]	28	46	-12	-6	-2	3	det1=true
[725]	37	46	-15	-2	-4	1	det1=true
[726]	42	46	-12	1	-2	-4	det1=true
[727]	42	46	-16	1	-2	4	det1=true
[728]	39	47	-7	-3	-2	-4	det1=true
[729]	39	47	-11	-3	-2	4	det1=true
[730]	47	47	-4	-1	-4	-3	det1=true
[731]	47	47	-7	-1	-4	3	det1=true
[732]	29	48	-12	-8	-2	-3	det1=true
[733]	29	48	-15	-8	-2	3	det1=true
[734]	34	48	-10	-3	-1	-4	det1=true
[735]	39	48	-8	-5	-2	-4	det1=true
[736]	39	48	-12	-5	-2	4	det1=true
[737]	41	48	-12	-5	-2	-4	det1=true
[738]	41	48	-16	-5	-2	4	det1=true
[739]	45	48	-20	-9	-2	4	det1=true
[740]	47	48	-20	-5	-2	-4	det1=true
[741]	47	48	-24	-5	-2	4	det1=true
[742]	21	45	-6	-4	-1	-3	det1=true
[743]	21	45	-9	-4	-1	3	det1=true
[744]	33	45	-1	0	-1	-4	det1=true
[745]	33	45	-5	0	-1	4	det1=true
[746]	40	45	-16	0	-1	-4	det1=true
[747]	40	45	-20	0	-1	4	det1=true
[748]	41	45	-9	-1	-4	-2	det1=true
[749]	41	45	-11	-1	-4	2	det1=true
[750]	42	46	-18	-7	-1	-4	det1=true
[751]	42	46	-22	-7	-1	4	det1=true
[752]	46	46	-18	-15	-1	-4	det1=true
[753]	46	46	-22	-15	-1	4	det1=true
[754]	19	47	-3	-2	-3	-1	det1=true
[755]	19	47	-4	-2	-3	1	det1=true
[756]	25	47	-8	-1	-2	3	det1=true
[757]	36	47	-12	-4	-1	-4	det1=true
[758]	36	47	-16	-4	-1	4	det1=true
[759]	45	47	-19	-10	-3	-3	det1=true
[760]	45	47	-22	-10	-3	3	det1=true
[761]	34	48	-14	-3	-1	4	det1=true
[762]	34	48	-8	-7	-1	-4	det1=true
[763]	34	48	-12	-7	-1	4	det1=true
[764]	39	48	-20	-2	-4	1	det1=true
[765]	47	48	-18	-19	-1	-4	det1=true
[766]	47	48	-22	-19	-1	4	det1=true
[767]	38	45	-14	-9	-1	4	det1=true
[768]	42	46	-16	-11	-1	-4	det1=true
[769]	42	46	-20	-11	-1	4	det1=true
[770]	25	47	-4	-3	-2	-3	det1=true
[771]	25	47	-7	-3	-2	3	det1=true
[772]	36	47	-10	-8	-1	-4	det1=true
[773]	36	47	-14	-8	-1	4	det1=true
[774]	35	45	-9	-1	-4	-1	det1=true
[775]	35	45	-10	-1	-4	1	det1=true
[776]	40	45	-7	2	-4	-2	det1=true
[777]	40	45	-9	2	-4	2	det1=true
[778]	26	47	-8	-2	-3	-2	det1=true
[779]	26	47	-10	-2	-3	2	det1=true
[780]	29	47	-11	-8	-3	-2	det1=true
[781]	38	47	-14	-8	-4	-1	det1=true
[782]	41	48	-13	-4	-4	-2	det1=true
[783]	41	48	-15	-4	-4	2	det1=true
[784]	45	45	-20	-11	-4	1	det1=true
[785]	33	46	-4	-2	-1	-4	det1=true
[786]	33	46	-8	-2	-1	4	det1=true
[787]	38	46	-16	2	-4	-1	det1=true
[788]	38	46	-17	2	-4	1	det1=true
[789]	31	47	-15	-10	-3	2	det1=true
[790]	47	47	-29	-17	-2	3	det1=true
[791]	26	48	-9	-2	-2	-3	det1=true
[792]	26	48	-12	-2	-2	3	det1=true
[793]	38	45	-10	-9	-1	-4	det1=true
[794]	31	47	-13	-10	-3	-2	det1=true
[795]	45	45	-19	-11	-4	-1	det1=true
[796]	29	47	-13	-8	-3	2	det1=true
[797]	39	47	-18	-17	-2	-3	det1=true
[798]	39	48	-16	-8	-1	-4	det1=true
[799]	39	48	-20	-8	-1	4	det1=true
[800]	16	45	-3	-2	-2	-2	det1=true
[801]	16	45	-5	-2	-2	2	det1=true
[802]	8	46	-3	-2	0	-2	det1=true
[803]	16	46	-4	-3	-2	-2	det1=true
[804]	16	46	-6	-3	-2	2	det1=true
[805]	40	46	-9	0	-4	-2	det1=true
[806]	40	46	-11	0	-4	2	det1=true
[807]	16	45	-4	1	-2	-2	det1=true
[808]	16	45	-6	1	-2	2	det1=true
[809]	16	48	-7	-2	-2	-2	det1=true
[810]	16	48	-9	-2	-2	2	det1=true
[811]	38	47	-17	0	-4	-1	det1=true
[812]	38	47	-18	0	-4	1	det1=true
[813]	26	46	-5	-4	-2	-3	det1=true
[814]	10	45	-2	-2	-1	-2	det1=true
[815]	10	45	-4	-2	-1	2	det1=true
[816]	40	45	-6	1	-2	-4	det1=true
[817]	40	45	-10	1	-2	4	det1=true
[818]	10	46	-4	0	-1	-2	det1=true
[819]	10	46	-6	0	-1	2	det1=true
[820]	10	48	-4	-4	-1	-2	det1=true
[821]	10	48	-6	-4	-1	2	det1=true
[822]	26	46	-8	-4	-2	3	det1=true
[823]	34	46	-8	-2	-4	-1	det1=true
[824]	34	46	-9	-2	-4	1	det1=true
[825]	40	47	-10	1	-2	-4	det1=true
[826]	40	47	-14	1	-2	4	det1=true
[827]	34	48	-12	2	-4	-1	det1=true
[828]	34	48	-13	2	-4	1	det1=true
[829]	48	49	-23	-16	-4	-1	det1=true
[830]	48	49	-24	-16	-4	1	det1=true
[831]	36	52	-9	-4	-4	-2	det1=true
[832]	36	52	-11	-4	-4	2	det1=true
[833]	9	49	-2	1	-2	-1	det1=true
[834]	9	49	-3	1	-2	1	det1=true
[835]	33	49	-5	-2	-3	-3	det1=true
[836]	33	49	-8	-2	-3	3	det1=true
[837]	41	50	-15	-4	-2	-4	det1=true
[838]	41	50	-19	-4	-2	4	det1=true
[839]	50	50	-16	-1	-3	-4	det1=true
[840]	50	50	-20	-1	-3	4	det1=true
[841]	9	49	-1	-1	-1	-2	det1=true
[842]	9	49	-3	-1	-1	2	det1=true
[843]	39	49	-17	-1	-3	-3	det1=true
[844]	39	49	-20	-1	-3	3	det1=true
[845]	29	51	-1	1	-4	-1	det1=true
[846]	29	51	-2	1	-4	1	det1=true
[847]	32	51	-8	-7	-1	-4	det1=true
[848]	32	51	-12	-7	-1	4	det1=true
[849]	49	51	-13	-1	-1	-5	det1=true
[850]	49	51	-18	-1	-1	5	det1=true
[851]	29	52	-13	-12	-2	-3	det1=true
[852]	29	52	-16	-12	-2	3	det1=true
[853]	46	52	-18	-15	-2	-4	det1=true
[854]	46	52	-22	-15	-2	4	det1=true
[855]	48	52	-12	-10	-4	-3	det1=true
[856]	48	52	-15	-10	-4	3	det1=true
[857]	51	52	-24	-22	-4	-1	det1=true
[858]	51	52	-25	-22	-4	1	det1=true
[859]	51	52	-13	-4	-2	5	det1=true
[860]	19	49	-6	-3	-3	-1	det1=true
[861]	19	49	-7	-3	-3	1	det1=true
[862]	48	49	-12	2	-4	-3	det1=true
[863]	48	49	-15	2	-4	3	det1=true
[864]	23	50	-3	0	-2	-3	det1=true
[865]	23	50	-6	0	-2	3	det1=true
[866]	25	50	-7	-6	-2	-3	det1=true
[867]	25	50	-10	-6	-2	3	det1=true
[868]	44	50	-22	-7	-2	4	det1=true
[869]	32	51	-10	-3	-1	-4	det1=true
[870]	42	51	-18	-16	-4	-1	det1=true
[871]	42	51	-19	-16	-4	1	det1=true
[872]	43	51	-20	-2	-4	-2	det1=true
[873]	43	51	-19	-3	-2	-4	det1=true
[874]	43	51	-23	-3	-2	4	det1=true
[875]	46	51	-22	-7	-4	-2	det1=true
[876]	46	51	-24	-7	-4	2	det1=true
[877]	47	51	-8	-5	-1	-5	det1=true
[878]	47	51	-13	-5	-1	5	det1=true
[879]	23	52	-5	-4	-2	-3	det1=true
[880]	23	52	-8	-4	-2	3	det1=true
[881]	30	52	-10	-4	-1	4	det1=true
[882]	31	52	-11	0	-4	-1	det1=true
[883]	31	52	-12	0	-4	1	det1=true
[884]	31	52	-8	-6	-4	-1	det1=true
[885]	31	52	-9	-6	-4	1	det1=true
[886]	43	52	-23	-2	-4	2	det1=true
[887]	43	52	-6	0	-3	-4	det1=true
[888]	43	52	-10	0	-3	4	det1=true
[889]	45	52	-20	-19	-1	-4	det1=true
[890]	50	52	-8	1	-5	-2	det1=true
[891]	50	52	-10	1	-5	2	det1=true
[892]	19	49	-5	-4	-1	-3	det1=true
[893]	19	49	-8	-4	-1	3	det1=true
[894]	31	49	-6	1	-4	-1	det1=true
[895]	31	49	-7	1	-4	1	det1=true
[896]	32	49	-7	-4	-4	-1	det1=true
[897]	32	49	-8	-4	-4	1	det1=true
[898]	36	49	-16	-2	-4	-1	det1=true
[899]	36	49	-17	-2	-4	1	det1=true
[900]	42	49	-18	-13	-1	-4	det1=true
[901]	42	49	-22	-13	-1	4	det1=true
[902]	46	49	-6	-3	-3	-4	det1=true
[903]	46	49	-10	-3	-3	4	det1=true
[904]	47	49	-10	1	-4	-3	det1=true
[905]	49	49	-11	-1	-5	-1	det1=true
[906]	49	49	-12	-1	-5	1	det1=true
[907]	49	49	-8	-6	-5	-1	det1=true
[908]	49	49	-9	-6	-5	1	det1=true
[909]	9	50	-2	-2	-1	-2	det1=true
[910]	9	50	-4	-2	-1	2	det1=true
[911]	25	50	-10	1	-3	-2	det1=true
[912]	25	50	-12	1	-3	2	det1=true
[913]	36	50	-7	2	-4	-2	det1=true
[914]	36	50	-9	2	-4	2	det1=true
[915]	38	50	-8	-7	-2	-4	det1=true
[916]	38	50	-12	-7	-2	4	det1=true
[917]	45	50	-15	-14	-2	-4	det1=true
[918]	45	50	-19	-14	-2	4	det1=true
[919]	9	51	-4	-1	-2	-1	det1=true
[920]	9	51	-5	-1	-2	1	det1=true
[921]	31	51	-7	-5	-4	-1	det1=true
[922]	31	51	-8	-5	-4	1	det1=true
[923]	32	51	-14	-3	-1	4	det1=true
[924]	36	51	-8	1	-2	-4	det1=true
[925]	36	51	-12	1	-2	4	det1=true
[926]	15	52	-6	-5	-2	-2	det1=true
[927]	15	52	-8	-5	-2	2	det1=true
[928]	22	52	-2	-1	-3	-2	det1=true
[929]	24	52	-9	-2	-2	-3	det1=true
[930]	30	52	-6	-4	-1	-4	det1=true
[931]	33	52	-15	2	-4	-1	det1=true
[932]	33	52	-16	2	-4	1	det1=true
[933]	51	52	-8	-4	-2	-5	det1=true
[934]	33	49	-9	-4	-1	-4	det1=true
[935]	33	49	-13	-4	-1	4	det1=true
[936]	35	49	-9	-5	-3	-3	det1=true
[937]	35	49	-12	-5	-3	3	det1=true
[938]	43	49	-21	-11	-4	-1	det1=true
[939]	43	49	-22	-11	-4	1	det1=true
[940]	43	49	-18	-15	-4	-1	det1=true
[941]	43	49	-19	-15	-4	1	det1=true
[942]	49	49	-13	-1	-3	-4	det1=true
[943]	49	49	-17	-1	-3	4	det1=true
[944]	23	50	-2	-2	-2	-3	det1=true
[945]	44	50	-18	-7	-2	-4	det1=true
[946]	46	50	-8	-4	-3	-4	det1=true
[947]	46	50	-12	-4	-3	4	det1=true
[948]	33	51	-13	-3	-4	-1	det1=true
[949]	33	51	-14	-3	-4	1	det1=true
[950]	36	51	-7	-4	-4	-2	det1=true
[951]	36	51	-9	-4	-4	2	det1=true
[952]	38	51	-9	-8	-2	-4	det1=true
[953]	38	51	-13	-8	-2	4	det1=true
[954]	43	51	-19	-13	-3	-3	det1=true
[955]	43	51	-22	-13	-3	3	det1=true
[956]	46	51	-20	-11	-4	-2	det1=true
[957]	46	51	-22	-11	-4	2	det1=true
[958]	51	51	-7	-2	-5	-2	det1=true
[959]	51	51	-9	-2	-5	2	det1=true
[960]	22	52	-4	-1	-3	2	det1=true
[961]	36	52	-8	-5	-2	-4	det1=true
[962]	36	52	-12	-5	-2	4	det1=true
[963]	43	52	-18	-9	-2	-4	det1=true
[964]	43	52	-22	-9	-2	4	det1=true
[965]	49	52	-17	-4	-4	-3	det1=true
[966]	49	52	-20	-4	-4	3	det1=true
[967]	19	49	-7	-1	-3	-1	det1=true
[968]	19	49	-6	-2	-1	-3	det1=true
[969]	19	49	-9	-2	-1	3	det1=true
[970]	33	49	-11	-1	-4	-1	det1=true
[971]	33	49	-12	-1	-4	1	det1=true
[972]	39	49	-13	-14	-1	-4	det1=true
[973]	39	49	-17	-14	-1	4	det1=true
[974]	49	49	-9	-3	-1	-5	det1=true
[975]	49	49	-14	-3	-1	5	det1=true
[976]	23	50	-5	-2	-2	3	det1=true
[977]	35	50	-14	-6	-4	-1	det1=true
[978]	35	50	-15	-6	-4	1	det1=true
[979]	25	51	-11	0	-3	-2	det1=true
[980]	25	51	-13	0	-3	2	det1=true
[981]	32	51	-12	2	-4	-1	det1=true
[982]	32	51	-13	2	-4	1	det1=true
[983]	36	51	-9	2	-4	-2	det1=true
[984]	36	51	-11	2	-4	2	det1=true
[985]	36	51	-6	-5	-2	-4	det1=true
[986]	36	51	-10	-5	-2	4	det1=true
[987]	38	51	-10	-7	-4	-2	det1=true
[988]	38	51	-12	-7	-4	2	det1=true
[989]	49	51	-15	1	-5	-1	det1=true
[990]	49	51	-16	1	-5	1	det1=true
[991]	49	51	-9	-10	-1	-5	det1=true
[992]	49	51	-14	-10	-1	5	det1=true
[993]	50	51	-16	-6	-3	-4	det1=true
[994]	50	51	-20	-6	-3	4	det1=true
[995]	51	51	-23	-15	-4	-2	det1=true
[996]	51	51	-25	-15	-4	2	det1=true
[997]	36	52	-16	-8	-1	-4	det1=true
[998]	36	52	-20	-8	-1	4	det1=true
[999]	49	52	-4	0	-5	-2	det1=true
[1000]	49	52	-6	0	-5	2	det1=true
[1001]	36	50	-6	1	-2	-4	det1=true
[1002]	36	50	-10	1	-2	4	det1=true
[1003]	25	51	-9	-5	-2	-3	det1=true
[1004]	25	51	-12	-5	-2	3	det1=true
[1005]	34	51	-14	-1	-1	-4	det1=true
[1006]	34	51	-18	-1	-1	4	det1=true
[1007]	40	51	-16	-15	-1	-4	det1=true
[1008]	40	51	-20	-15	-1	4	det1=true
[1009]	46	51	-21	-8	-2	-4	det1=true
[1010]	46	51	-25	-8	-2	4	det1=true
[1011]	47	51	-13	0	-3	-4	det1=true
[1012]	47	51	-17	0	-3	4	det1=true
[1013]	51	51	-16	-6	-5	-1	det1=true
[1014]	51	51	-17	-6	-5	1	det1=true
[1015]	24	52	-12	-2	-2	3	det1=true
[1016]	39	52	-14	-5	-2	-4	det1=true
[1017]	39	52	-18	-5	-2	4	det1=true
[1018]	49	52	-3	0	-2	-5	det1=true
[1019]	49	52	-8	0	-2	5	det1=true
[1020]	52	52	-21	-20	-4	-2	det1=true
[1021]	52	52	-23	-20	-4	2	det1=true
[1022]	52	52	-16	-13	-3	-4	det1=true
[1023]	52	52	-20	-13	-3	4	det1=true
[1024]	19	49	-8	-1	-3	1	det1=true
[1025]	38	50	-9	-6	-4	-2	det1=true
[1026]	38	50	-11	-6	-4	2	det1=true
[1027]	45	50	-16	-13	-4	-2	det1=true
[1028]	45	50	-18	-13	-4	2	det1=true
[1029]	43	52	-4	-4	-3	-4	det1=true
[1030]	43	52	-8	-4	-3	4	det1=true
[1031]	47	52	-13	-6	-4	-3	det1=true
[1032]	47	52	-16	-6	-4	3	det1=true
[1033]	50	52	-18	-4	-3	-4	det1=true
[1034]	50	52	-22	-4	-3	4	det1=true
[1035]	34	49	-8	-9	-1	-4	det1=true
[1036]	34	49	-12	-9	-1	4	det1=true
[1037]	47	49	-9	-2	-3	-4	det1=true
[1038]	47	49	-13	-2	-3	4	det1=true
[1039]	30	50	-4	0	-4	-1	det1=true
[1040]	30	50	-5	0	-4	1	det1=true
[1041]	44	50	-20	-15	-1	-4	det1=true
[1042]	44	50	-24	-15	-1	4	det1=true
[1043]	35	51	-15	-4	-1	-4	det1=true
[1044]	35	51	-19	-4	-1	4	det1=true
[1045]	48	52	-16	0	-3	-4	det1=true
[1046]	48	52	-20	0	-3	4	det1=true
[1047]	52	52	-24	-23	-1	-4	det1=true
[1048]	52	52	-28	-23	-1	4	det1=true
[1049]	33	50	-10	-5	-1	-4	det1=true
[1050]	33	50	-14	-5	-1	4	det1=true
[1051]	49	51	-11	-8	-5	-1	det1=true
[1052]	49	51	-12	-8	-5	1	det1=true
[1053]	16	49	-7	-4	-2	-2	det1=true
[1054]	16	49	-9	-4	-2	2	det1=true
[1055]	33	50	-10	-6	-4	-1	det1=true
[1056]	33	50	-11	-6	-4	1	det1=true
[1057]	41	50	-16	-3	-4	-2	det1=true
[1058]	41	50	-18	-3	-4	2	det1=true
[1059]	44	50	-19	-6	-4	-2	det1=true
[1060]	44	50	-21	-6	-4	2	det1=true
[1061]	47	51	-10	-3	-5	-1	det1=true
[1062]	47	51	-11	-3	-5	1	det1=true
[1063]	51	51	-19	1	-5	1	det1=true
[1064]	49	52	-12	-12	-3	-4	det1=true
[1065]	49	52	-16	-12	-3	4	det1=true
[1066]	51	51	-18	1	-5	-1	det1=true
[1067]	49	49	-12	-5	-4	-3	det1=true
[1068]	49	49	-15	-5	-4	3	det1=true
[1069]	26	50	-12	0	-3	-2	det1=true
[1070]	26	50	-14	0	-3	2	det1=true
[1071]	51	51	-16	-1	-1	-5	det1=true
[1072]	51	51	-21	-1	-1	5	det1=true
[1073]	49	49	-9	-9	-3	-4	det1=true
[1074]	49	49	-13	-9	-3	4	det1=true
[1075]	44	50	-4	2	-4	-3	det1=true
[1076]	44	50	-7	2	-4	3	det1=true
[1077]	53	53	-2	-2	-4	-4	det1=true
[1078]	37	53	-14	2	-4	-2	det1=true
[1079]	37	53	-16	2	-4	2	det1=true
[1080]	42	53	-19	-6	-2	-4	det1=true
[1081]	42	53	-23	-6	-2	4	det1=true
[1082]	50	53	-18	-8	-4	-3	det1=true
[1083]	50	53	-21	-8	-4	3	det1=true
[1084]	51	53	-11	-1	-2	-5	det1=true
[1085]	51	53	-16	-1	-2	5	det1=true
[1086]	34	54	-8	1	-2	-4	det1=true
[1087]	34	54	-12	1	-2	4	det1=true
[1088]	47	54	-20	-17	-4	-2	det1=true
[1089]	47	54	-22	-17	-4	2	det1=true
[1090]	47	54	-19	-18	-2	-4	det1=true
[1091]	47	54	-23	-18	-2	4	det1=true
[1092]	23	55	-10	-1	-2	-3	det1=true
[1093]	23	55	-13	-1	-2	3	det1=true
[1094]	31	56	1	2	-4	-2	det1=true
[1095]	31	56	-1	2	-4	2	det1=true
[1096]	30	53	-10	0	-4	-1	det1=true
[1097]	30	53	-11	0	-4	1	det1=true
[1098]	33	53	-2	0	-4	-2	det1=true
[1099]	33	53	-4	0	-4	2	det1=true
[1100]	44	53	-18	-13	-2	-4	det1=true
[1101]	44	53	-22	-13	-2	4	det1=true
[1102]	45	53	-8	-5	-5	-1	det1=true
[1103]	45	53	-9	-5	-5	1	det1=true
[1104]	50	53	-10	-1	-5	-2	det1=true
[1105]	28	54	-4	0	-1	-4	det1=true
[1106]	28	54	-8	0	-1	4	det1=true
[1107]	39	54	-17	-2	-2	-4	det1=true
[1108]	39	54	-21	-2	-2	4	det1=true
[1109]	39	54	-16	-7	-4	-2	det1=true
[1110]	39	54	-18	-7	-4	2	det1=true
[1111]	53	54	-5	-4	-4	-4	det1=true
[1112]	53	54	-9	-4	-4	4	det1=true
[1113]	22	55	-7	-2	-2	-3	det1=true
[1114]	22	55	-10	-2	-2	3	det1=true
[1115]	27	55	-1	0	-1	-4	det1=true
[1116]	27	55	-5	0	-1	4	det1=true
[1117]	33	55	-14	-2	-3	-3	det1=true
[1118]	33	55	-17	-2	-3	3	det1=true
[1119]	39	55	-19	-15	-4	-1	det1=true
[1120]	39	55	-20	-15	-4	1	det1=true
[1121]	48	55	-10	1	-5	-2	det1=true
[1122]	48	55	-12	1	-5	2	det1=true
[1123]	51	55	-22	-4	-5	-1	det1=true
[1124]	51	55	-23	-4	-5	1	det1=true
[1125]	51	55	-20	-6	-1	-5	det1=true
[1126]	51	55	-25	-6	-1	5	det1=true
[1127]	52	55	-16	0	-2	-5	det1=true
[1128]	55	55	-19	-17	-1	-5	det1=true
[1129]	55	55	-24	-17	-1	5	det1=true
[1130]	23	56	-9	-6	-2	-3	det1=true
[1131]	23	56	-12	-6	-2	3	det1=true
[1132]	47	56	-20	2	-4	-3	det1=true
[1133]	47	56	-23	2	-4	3	det1=true
[1134]	52	56	-18	-17	-3	-4	det1=true
[1135]	52	56	-22	-17	-3	4	det1=true
[1136]	22	53	-4	-2	-3	-2	det1=true
[1137]	22	53	-6	-2	-3	2	det1=true
[1138]	29	53	-5	-3	-1	-4	det1=true
[1139]	29	53	-9	-3	-1	4	det1=true
[1140]	33	53	-16	1	-4	-1	det1=true
[1141]	33	53	-17	1	-4	1	det1=true
[1142]	47	53	-14	-7	-4	-3	det1=true
[1143]	47	53	-17	-7	-4	3	det1=true
[1144]	48	53	-4	1	-5	-2	det1=true
[1145]	48	53	-6	1	-5	2	det1=true
[1146]	32	54	-12	-7	-1	-4	det1=true
[1147]	32	54	-16	-7	-1	4	det1=true
[1148]	39	54	-16	-17	-1	-4	det1=true
[1149]	39	54	-20	-17	-1	4	det1=true
[1150]	43	54	-18	-13	-4	-2	det1=true
[1151]	43	54	-20	-13	-4	2	det1=true
[1152]	51	54	-10	-8	-2	-5	det1=true
[1153]	51	54	-15	-8	-2	5	det1=true
[1154]	52	54	-16	1	-5	-2	det1=true
[1155]	52	54	-18	1	-5	2	det1=true
[1156]	53	54	-16	-5	-5	-2	det1=true
[1157]	53	54	-18	-5	-5	2	det1=true
[1158]	29	55	-10	-1	-4	-1	det1=true
[1159]	29	55	-11	-1	-4	1	det1=true
[1160]	52	55	-21	0	-2	5	det1=true
[1161]	54	55	-20	-1	-5	-2	det1=true
[1162]	54	55	-22	-1	-5	2	det1=true
[1163]	55	55	-22	-15	-5	1	det1=true
[1164]	27	56	-4	0	-1	-4	det1=true
[1165]	27	56	-8	0	-1	4	det1=true
[1166]	28	56	-7	-4	-4	-1	det1=true
[1167]	28	56	-8	-4	-4	1	det1=true
[1168]	29	56	-11	-2	-4	-1	det1=true
[1169]	29	56	-12	-2	-4	1	det1=true
[1170]	17	53	-4	-2	-3	-1	det1=true
[1171]	17	53	-5	-2	-3	1	det1=true
[1172]	32	53	-12	-6	-4	-1	det1=true
[1173]	32	53	-13	-6	-4	1	det1=true
[1174]	35	53	-14	-11	-4	-1	det1=true
[1175]	35	53	-15	-11	-4	1	det1=true
[1176]	37	53	-11	-7	-4	-2	det1=true
[1177]	37	53	-13	-7	-4	2	det1=true
[1178]	41	53	0	1	-4	-3	det1=true
[1179]	41	53	-3	1	-4	3	det1=true
[1180]	42	53	-20	-5	-4	-2	det1=true
[1181]	42	53	-22	-5	-4	2	det1=true
[1182]	50	53	-24	-15	-4	-2	det1=true
[1183]	50	53	-26	-15	-4	2	det1=true
[1184]	51	53	-11	-4	-5	-2	det1=true
[1185]	51	53	-13	-4	-5	2	det1=true
[1186]	14	54	-5	-4	-2	-2	det1=true
[1187]	14	54	-7	-4	-2	2	det1=true
[1188]	28	54	-5	-2	-4	1	det1=true
[1189]	31	54	-13	-2	-4	-1	det1=true
[1190]	31	54	-14	-2	-4	1	det1=true
[1191]	33	54	-12	-10	-1	-4	det1=true
[1192]	33	54	-16	-10	-1	4	det1=true
[1193]	34	54	-6	-5	-2	-4	det1=true
[1194]	34	54	-10	-5	-2	4	det1=true
[1195]	40	54	-19	-8	-4	2	det1=true
[1196]	47	54	-2	0	-2	-5	det1=true
[1197]	47	54	-7	0	-2	5	det1=true
[1198]	52	54	-12	-8	-2	-5	det1=true
[1199]	22	55	-6	-4	-2	-3	det1=true
[1200]	22	55	-9	-4	-2	3	det1=true
[1201]	47	55	-16	-5	-5	-1	det1=true
[1202]	47	55	-17	-5	-5	1	det1=true
[1203]	49	55	-15	-11	-1	-5	det1=true
[1204]	55	55	-21	-15	-5	-1	det1=true
[1205]	55	55	-7	1	-5	-3	det1=true
[1206]	55	55	-10	1	-5	3	det1=true
[1207]	38	56	-15	-12	-4	2	det1=true
[1208]	40	56	-6	-1	-3	-4	det1=true
[1209]	40	56	-10	-1	-3	4	det1=true
[1210]	41	56	-20	-18	-4	-1	det1=true
[1211]	41	56	-21	-18	-4	1	det1=true
[1212]	41	56	-9	-2	-4	-3	det1=true
[1213]	41	56	-12	-2	-4	3	det1=true
[1214]	47	56	-12	-4	-2	5	det1=true
[1215]	17	53	-5	0	-3	-1	det1=true
[1216]	17	53	-6	0	-3	1	det1=true
[1217]	17	53	-4	-1	-1	-3	det1=true
[1218]	17	53	-7	-1	-1	3	det1=true
[1219]	17	53	-6	-3	-1	3	det1=true
[1220]	23	53	-8	1	-2	-3	det1=true
[1221]	23	53	-11	1	-2	3	det1=true
[1222]	33	53	-1	-1	-2	-4	det1=true
[1223]	37	53	-10	-8	-2	-4	det1=true
[1224]	37	53	-14	-8	-2	4	det1=true
[1225]	43	53	-2	-1	-1	-5	det1=true
[1226]	43	53	-7	-1	-1	5	det1=true
[1227]	46	53	-12	-7	-3	-4	det1=true
[1228]	46	53	-16	-7	-3	4	det1=true
[1229]	47	53	-15	-5	-4	-3	det1=true
[1230]	47	53	-18	-5	-4	3	det1=true
[1231]	53	53	-21	-7	-5	-1	det1=true
[1232]	53	53	-22	-7	-5	1	det1=true
[1233]	30	54	-10	0	-1	-4	det1=true
[1234]	30	54	-14	0	-1	4	det1=true
[1235]	31	54	-12	-1	-1	-4	det1=true
[1236]	31	54	-16	-1	-1	4	det1=true
[1237]	34	54	-7	-4	-4	-2	det1=true
[1238]	34	54	-9	-4	-4	2	det1=true
[1239]	36	54	-16	-12	-4	-1	det1=true
[1240]	36	54	-17	-12	-4	1	det1=true
[1241]	36	54	-11	-6	-4	-2	det1=true
[1242]	36	54	-13	-6	-4	2	det1=true
[1243]	47	54	-1	-2	-2	-5	det1=true
[1244]	47	54	-6	-2	-2	5	det1=true
[1245]	50	54	-11	0	-2	-5	det1=true
[1246]	50	54	-16	0	-2	5	det1=true
[1247]	51	54	-14	-1	-5	-2	det1=true
[1248]	48	55	-8	-4	-5	-2	det1=true
[1249]	49	55	-18	-9	-5	1	det1=true
[1250]	51	55	-14	-3	-2	-5	det1=true
[1251]	51	55	-19	-3	-2	5	det1=true
[1252]	27	56	-4	-2	-4	-1	det1=true
[1253]	27	56	-5	-2	-4	1	det1=true
[1254]	33	56	-16	-8	-4	-1	det1=true
[1255]	33	56	-17	-8	-4	1	det1=true
[1256]	38	56	-13	-12	-4	-2	det1=true
[1257]	43	56	-12	-5	-3	-4	det1=true
[1258]	43	56	-16	-5	-3	4	det1=true
[1259]	47	56	-7	-4	-2	-5	det1=true
[1260]	48	56	-7	-8	-2	-5	det1=true
[1261]	48	56	-12	-8	-2	5	det1=true
[1262]	51	56	-24	-4	-4	-3	det1=true
[1263]	51	56	-27	-4	-4	3	det1=true
[1264]	56	56	-22	-7	-5	-2	det1=true
[1265]	56	56	-24	-7	-5	2	det1=true
[1266]	17	53	-3	-3	-1	-3	det1=true
[1267]	34	53	-13	-10	-4	-1	det1=true
[1268]	34	53	-14	-10	-4	1	det1=true
[1269]	28	54	-4	-2	-4	-1	det1=true
[1270]	39	54	-18	-1	-4	-2	det1=true
[1271]	39	54	-20	-1	-4	2	det1=true
[1272]	40	54	-17	-8	-4	-2	det1=true
[1273]	22	55	-8	1	-3	-2	det1=true
[1274]	22	55	-10	1	-3	2	det1=true
[1275]	24	55	-9	-8	-2	-3	det1=true
[1276]	24	55	-12	-8	-2	3	det1=true
[1277]	40	55	-4	2	-4	-3	det1=true
[1278]	40	55	-7	2	-4	3	det1=true
[1279]	48	55	-10	-4	-5	2	det1=true
[1280]	49	55	-17	-9	-5	-1	det1=true
[1281]	49	55	-20	-11	-1	5	det1=true
[1282]	45	56	-4	0	-2	5	det1=true
[1283]	48	56	-12	1	-5	-2	det1=true
[1284]	48	56	-14	1	-5	2	det1=true
[1285]	49	56	-20	-8	-3	-4	det1=true
[1286]	49	56	-24	-8	-3	4	det1=true
[1287]	49	56	-14	1	-5	-2	det1=true
[1288]	49	56	-16	1	-5	2	det1=true
[1289]	54	56	-20	0	-2	-5	det1=true
[1290]	54	56	-25	0	-2	5	det1=true
[1291]	25	53	-10	-7	-2	-3	det1=true
[1292]	25	53	-13	-7	-2	3	det1=true
[1293]	33	53	-5	-1	-2	4	det1=true
[1294]	42	53	-6	2	-4	-3	det1=true
[1295]	42	53	-9	2	-4	3	det1=true
[1296]	45	53	-6	-7	-1	-5	det1=true
[1297]	45	53	-11	-7	-1	5	det1=true
[1298]	53	53	-25	-9	-3	4	det1=true
[1299]	53	53	-16	-14	-1	-5	det1=true
[1300]	23	55	-7	-7	-2	-3	det1=true
[1301]	55	55	-11	0	-3	5	det1=true
[1302]	41	56	-8	-4	-4	-3	det1=true
[1303]	45	56	1	0	-2	-5	det1=true
[1304]	46	56	-18	-1	-3	-4	det1=true
[1305]	46	56	-22	-1	-3	4	det1=true
[1306]	38	53	-18	-12	-4	-1	det1=true
[1307]	38	53	-19	-12	-4	1	det1=true
[1308]	49	53	-16	-9	-4	-3	det1=true
[1309]	49	53	-19	-9	-4	3	det1=true
[1310]	53	53	-21	-9	-3	-4	det1=true
[1311]	53	53	-21	-14	-1	5	det1=true
[1312]	39	54	-15	-8	-2	-4	det1=true
[1313]	39	54	-19	-8	-2	4	det1=true
[1314]	23	55	-10	-7	-2	3	det1=true
[1315]	47	55	-14	-7	-1	-5	det1=true
[1316]	47	55	-19	-7	-1	5	det1=true
[1317]	53	55	-25	-24	-3	-3	det1=true
[1318]	53	55	-28	-24	-3	3	det1=true
[1319]	55	55	-25	-3	-1	-5	det1=true
[1320]	55	55	-30	-3	-1	5	det1=true
[1321]	55	55	-6	0	-3	-5	det1=true
[1322]	41	56	-11	-4	-4	3	det1=true
[1323]	46	56	-17	-6	-4	-3	det1=true
[1324]	46	56	-20	-6	-4	3	det1=true
[1325]	46	56	-16	-8	-4	-3	det1=true
[1326]	46	56	-19	-8	-4	3	det1=true
[1327]	51	56	-22	-9	-3	-4	det1=true
[1328]	51	56	-26	-9	-3	4	det1=true
[1329]	42	53	-4	-3	-3	-4	det1=true
[1330]	42	53	-8	-3	-3	4	det1=true
[1331]	43	53	-4	1	-5	-1	det1=true
[1332]	43	53	-5	1	-5	1	det1=true
[1333]	29	54	-9	2	-4	-1	det1=true
[1334]	29	54	-10	2	-4	1	det1=true
[1335]	53	53	-20	-9	-5	-1	det1=true
[1336]	53	53	-21	-9	-5	1	det1=true
[1337]	30	55	-10	-5	-1	-4	det1=true
[1338]	30	55	-14	-5	-1	4	det1=true
[1339]	50	56	-16	-16	-3	-4	det1=true
[1340]	50	56	-20	-16	-3	4	det1=true
[1341]	40	55	-19	-6	-4	-2	det1=true
[1342]	40	55	-21	-6	-4	2	det1=true
[1343]	30	55	-10	-6	-4	-1	det1=true
[1344]	30	55	-11	-6	-4	1	det1=true
[1345]	37	53	-13	1	-2	-4	det1=true
[1346]	37	53	-17	1	-2	4	det1=true
[1347]	40	54	-16	-9	-2	-4	det1=true
[1348]	40	54	-20	-9	-2	4	det1=true
[1349]	46	56	-13	-12	-4	-3	det1=true
[1350]	46	56	-16	-12	-4	3	det1=true
[1351]	46	53	-14	-2	-3	-4	det1=true
[1352]	46	53	-18	-2	-3	4	det1=true
[1353]	50	53	-20	-11	-3	4	det1=true
[1354]	53	53	-19	-9	-1	-5	det1=true
[1355]	53	53	-24	-9	-1	5	det1=true
[1356]	26	55	-12	-10	-3	-2	det1=true
[1357]	26	55	-14	-10	-3	2	det1=true
[1358]	50	53	-16	-11	-3	-4	det1=true
[1359]	53	53	-18	-12	-5	-1	det1=true
[1360]	53	53	-19	-12	-5	1	det1=true
[1361]	57	57	-23	-18	-1	-5	det1=true
[1362]	57	57	-28	-18	-1	5	det1=true
[1363]	21	59	-9	1	-2	-3	det1=true
[1364]	21	59	-12	1	-2	3	det1=true
[1365]	26	57	-2	2	-4	-1	det1=true
[1366]	26	57	-3	2	-4	1	det1=true
[1367]	37	57	-16	-6	-2	-4	det1=true
[1368]	37	57	-20	-6	-2	4	det1=true
[1369]	51	57	-25	2	-5	-1	det1=true
[1370]	51	57	-26	2	-5	1	det1=true
[1371]	43	58	-16	1	-3	-4	det1=true
[1372]	43	58	-20	1	-3	4	det1=true
[1373]	56	58	-20	-14	-2	-5	det1=true
[1374]	56	58	-25	-14	-2	5	det1=true
[1375]	29	59	-14	-3	-4	-1	det1=true
[1376]	29	59	-15	-3	-4	1	det1=true
[1377]	41	59	-7	-8	-1	-5	det1=true
[1378]	41	59	-12	-8	-1	5	det1=true
[1379]	58	59	-8	-9	-1	-6	det1=true
[1380]	58	59	-14	-9	-1	6	det1=true
[1381]	59	59	-18	-9	-3	-5	det1=true
[1382]	59	59	-23	-9	-3	5	det1=true
[1383]	47	60	-21	-10	-4	-3	det1=true
[1384]	47	60	-24	-10	-4	3	det1=true
[1385]	40	57	-9	2	-4	-3	det1=true
[1386]	46	57	-5	-6	-2	-5	det1=true
[1387]	46	57	-10	-6	-2	5	det1=true
[1388]	55	57	-23	-4	-5	-2	det1=true
[1389]	55	57	-25	-4	-5	2	det1=true
[1390]	57	57	-25	-16	-5	-1	det1=true
[1391]	57	57	-26	-16	-5	1	det1=true
[1392]	48	58	-14	-4	-5	-2	det1=true
[1393]	48	58	-16	-4	-5	2	det1=true
[1394]	57	58	-27	-16	-4	-3	det1=true
[1395]	57	58	-30	-16	-4	3	det1=true
[1396]	13	59	-5	-5	-2	-2	det1=true
[1397]	32	59	-14	-12	-1	-4	det1=true
[1398]	32	59	-18	-12	-1	4	det1=true
[1399]	41	59	-9	-6	-5	-1	det1=true
[1400]	41	59	-10	-6	-5	1	det1=true
[1401]	50	59	-18	-6	-5	-2	det1=true
[1402]	50	59	-20	-6	-5	2	det1=true
[1403]	26	60	-6	-4	-1	-4	det1=true
[1404]	26	60	-10	-4	-1	4	det1=true
[1405]	36	60	-17	-8	-4	-2	det1=true
[1406]	36	60	-19	-8	-4	2	det1=true
[1407]	51	60	-18	-11	-5	-2	det1=true
[1408]	20	57	-2	0	-3	-2	det1=true
[1409]	20	57	-4	0	-3	2	det1=true
[1410]	40	57	-12	2	-4	3	det1=true
[1411]	49	57	-22	-3	-5	-1	det1=true
[1412]	53	57	-23	-2	-5	2	det1=true
[1413]	56	57	-20	-12	-2	-5	det1=true
[1414]	20	58	-4	0	-2	-3	det1=true
[1415]	20	58	-7	0	-2	3	det1=true
[1416]	27	58	-9	2	-4	-1	det1=true
[1417]	27	58	-10	2	-4	1	det1=true
[1418]	39	58	-6	-4	-4	-3	det1=true
[1419]	39	58	-9	-4	-4	3	det1=true
[1420]	49	58	-18	-15	-3	-4	det1=true
[1421]	49	58	-22	-15	-3	4	det1=true
[1422]	56	58	-28	-8	-2	5	det1=true
[1423]	58	58	-12	-8	-1	6	det1=true
[1424]	36	59	-16	-7	-2	-4	det1=true
[1425]	36	59	-20	-7	-2	4	det1=true
[1426]	37	59	-2	1	-4	-3	det1=true
[1427]	37	59	-5	1	-4	3	det1=true
[1428]	45	59	-16	-7	-1	-5	det1=true
[1429]	45	59	-21	-7	-1	5	det1=true
[1430]	47	59	-15	2	-5	-2	det1=true
[1431]	47	59	-13	-3	-2	-5	det1=true
[1432]	47	59	-18	-3	-2	5	det1=true
[1433]	47	59	-10	-9	-2	-5	det1=true
[1434]	47	59	-15	-9	-2	5	det1=true
[1435]	49	59	-23	-9	-4	-3	det1=true
[1436]	49	59	-26	-9	-4	3	det1=true
[1437]	51	59	-6	1	-5	-3	det1=true
[1438]	51	59	-9	1	-5	3	det1=true
[1439]	51	59	-5	0	-3	-5	det1=true
[1440]	51	59	-10	0	-3	5	det1=true
[1441]	53	59	-19	-12	-5	-2	det1=true
[1442]	53	59	-21	-12	-5	2	det1=true
[1443]	53	59	-11	-2	-5	-3	det1=true
[1444]	53	59	-14	-2	-5	3	det1=true
[1445]	58	59	-14	2	-6	-1	det1=true
[1446]	58	59	-15	2	-6	1	det1=true
[1447]	19	60	-2	0	-3	-2	det1=true
[1448]	19	60	-4	0	-3	2	det1=true
[1449]	25	60	-5	0	-4	1	det1=true
[1450]	45	60	-11	0	-2	-5	det1=true
[1451]	45	60	-16	0	-2	5	det1=true
[1452]	55	60	-20	-16	-5	-2	det1=true
[1453]	57	60	-19	-20	-2	-5	det1=true
[1454]	57	60	-24	-20	-2	5	det1=true
[1455]	26	57	0	-1	-1	-4	det1=true
[1456]	26	57	-4	-1	-1	4	det1=true
[1457]	28	57	-8	-4	-1	-4	det1=true
[1458]	47	57	-15	-11	-5	-1	det1=true
[1459]	47	57	-16	-11	-5	1	det1=true
[1460]	49	57	-23	-3	-5	1	det1=true
[1461]	49	57	-11	-9	-5	-2	det1=true
[1462]	49	57	-13	-9	-5	2	det1=true
[1463]	52	57	-24	-10	-4	-3	det1=true
[1464]	52	57	-20	0	-5	-2	det1=true
[1465]	52	57	-22	0	-5	2	det1=true
[1466]	55	57	-11	0	-3	-5	det1=true
[1467]	55	57	-16	0	-3	5	det1=true
[1468]	56	57	-23	-4	-2	-5	det1=true
[1469]	56	57	-28	-4	-2	5	det1=true
[1470]	28	58	-11	-2	-4	-1	det1=true
[1471]	28	58	-12	-2	-4	1	det1=true
[1472]	33	58	-14	-13	-1	-4	det1=true
[1473]	33	58	-18	-13	-1	4	det1=true
[1474]	37	58	-15	-10	-2	-4	det1=true
[1475]	37	58	-19	-10	-2	4	det1=true
[1476]	47	58	-18	-11	-3	-4	det1=true
[1477]	47	58	-22	-11	-3	4	det1=true
[1478]	52	58	-28	-10	-4	3	det1=true
[1479]	20	59	-6	0	-3	-2	det1=true
[1480]	26	59	-6	-2	-4	-1	det1=true
[1481]	26	59	-7	-2	-4	1	det1=true
[1482]	38	59	-7	2	-4	-3	det1=true
[1483]	38	59	-10	2	-4	3	det1=true
[1484]	41	59	-14	-1	-4	-3	det1=true
[1485]	41	59	-17	-1	-4	3	det1=true
[1486]	41	59	-12	0	-5	-1	det1=true
[1487]	41	59	-13	0	-5	1	det1=true
[1488]	41	59	-10	-2	-1	-5	det1=true
[1489]	41	59	-15	-2	-1	5	det1=true
[1490]	41	59	-11	-3	-5	-1	det1=true
[1491]	41	59	-12	-3	-5	1	det1=true
[1492]	41	59	-9	-5	-1	-5	det1=true
[1493]	41	59	-14	-5	-1	5	det1=true
[1494]	42	59	-15	-4	-4	-3	det1=true
[1495]	42	59	-18	-4	-4	3	det1=true
[1496]	43	59	-17	-3	-4	-3	det1=true
[1497]	43	59	-20	-3	-4	3	det1=true
[1498]	54	59	-22	-16	-2	5	det1=true
[1499]	56	59	-24	-20	-4	-3	det1=true
[1500]	56	59	-27	-20	-4	3	det1=true
[1501]	56	59	-6	-3	-1	-6	det1=true
[1502]	56	59	-12	-3	-1	6	det1=true
[1503]	57	59	-27	-22	-1	5	det1=true
[1504]	25	60	-4	0	-4	-1	det1=true
[1505]	27	60	-10	0	-1	-4	det1=true
[1506]	27	60	-14	0	-1	4	det1=true
[1507]	33	60	-11	-8	-4	-2	det1=true
[1508]	33	60	-13	-8	-4	2	det1=true
[1509]	44	60	-8	-4	-5	-2	det1=true
[1510]	44	60	-10	-4	-5	2	det1=true
[1511]	47	60	-11	-10	-2	-5	det1=true
[1512]	48	60	-18	1	-5	-2	det1=true
[1513]	48	60	-20	1	-5	2	det1=true
[1514]	50	60	-21	-16	-4	-3	det1=true
[1515]	50	60	-24	-16	-4	3	det1=true
[1516]	51	60	-19	-8	-2	-5	det1=true
[1517]	51	60	-24	-8	-2	5	det1=true
[1518]	51	60	-20	-11	-5	2	det1=true
[1519]	55	60	-22	-16	-5	2	det1=true
[1520]	8	57	-3	-2	-2	-1	det1=true
[1521]	8	57	-4	-2	-2	1	det1=true
[1522]	14	57	-4	1	-3	0	det1=true
[1523]	30	57	-10	-9	-1	-4	det1=true
[1524]	30	57	-14	-9	-1	4	det1=true
[1525]	31	57	-14	-7	-4	-1	det1=true
[1526]	31	57	-15	-7	-4	1	det1=true
[1527]	48	57	-12	-2	-2	-5	det1=true
[1528]	48	57	-17	-2	-2	5	det1=true
[1529]	49	57	-14	-1	-2	-5	det1=true
[1530]	49	57	-19	-1	-2	5	det1=true
[1531]	53	57	-21	-2	-5	-2	det1=true
[1532]	54	57	-16	-14	-5	-2	det1=true
[1533]	54	57	-18	-14	-5	2	det1=true
[1534]	56	57	-25	-12	-2	5	det1=true
[1535]	52	58	-24	-12	-4	-3	det1=true
[1536]	52	58	-27	-12	-4	3	det1=true
[1537]	56	58	-23	-8	-2	-5	det1=true
[1538]	20	59	-8	0	-3	2	det1=true
[1539]	20	59	-5	-2	-2	-3	det1=true
[1540]	20	59	-8	-2	-2	3	det1=true
[1541]	31	59	-11	-9	-3	-3	det1=true
[1542]	31	59	-14	-9	-3	3	det1=true
[1543]	38	59	-6	-2	-4	-3	det1=true
[1544]	38	59	-9	-2	-4	3	det1=true
[1545]	43	59	-2	1	-2	-5	det1=true
[1546]	43	59	-7	1	-2	5	det1=true
[1547]	45	59	-18	-5	-5	-1	det1=true
[1548]	45	59	-19	-5	-5	1	det1=true
[1549]	47	59	-20	-14	-1	5	det1=true
[1550]	47	59	-17	2	-5	2	det1=true
[1551]	48	59	-15	-2	-2	-5	det1=true
[1552]	48	59	-20	-2	-2	5	det1=true
[1553]	49	59	-22	-11	-4	-3	det1=true
[1554]	54	59	-17	-16	-2	-5	det1=true
[1555]	55	59	-5	1	-6	-1	det1=true
[1556]	55	59	-6	1	-6	1	det1=true
[1557]	57	59	-22	-22	-1	-5	det1=true
[1558]	59	59	-19	-8	-5	-3	det1=true
[1559]	59	59	-22	-8	-5	3	det1=true
[1560]	54	60	-4	0	-6	-1	det1=true
[1561]	55	60	-24	-8	-2	-5	det1=true
[1562]	55	60	-29	-8	-2	5	det1=true
[1563]	29	57	-9	-7	-1	-4	det1=true
[1564]	29	57	-13	-7	-1	4	det1=true
[1565]	37	57	-17	-5	-4	-2	det1=true
[1566]	37	57	-19	-5	-4	2	det1=true
[1567]	49	57	-13	-5	-2	-5	det1=true
[1568]	49	57	-18	-5	-2	5	det1=true
[1569]	38	58	-4	0	-4	-3	det1=true
[1570]	38	58	-7	0	-4	3	det1=true
[1571]	45	58	-8	-1	-5	-2	det1=true
[1572]	45	58	-10	-1	-5	2	det1=true
[1573]	46	58	-20	-4	-4	-3	det1=true
[1574]	46	58	-23	-4	-4	3	det1=true
[1575]	53	58	-20	-19	-3	-4	det1=true
[1576]	53	58	-24	-19	-3	4	det1=true
[1577]	56	58	-2	-3	-1	-6	det1=true
[1578]	56	58	-8	-3	-1	6	det1=true
[1579]	58	58	-6	-8	-1	-6	det1=true
[1580]	36	59	-17	-6	-4	-2	det1=true
[1581]	36	59	-19	-6	-4	2	det1=true
[1582]	44	59	-6	-3	-5	-2	det1=true
[1583]	44	59	-8	-3	-5	2	det1=true
[1584]	47	59	-15	-14	-1	-5	det1=true
[1585]	57	59	-24	-20	-5	-1	det1=true
[1586]	57	59	-25	-20	-5	1	det1=true
[1587]	38	60	-9	2	-4	-3	det1=true
[1588]	38	60	-12	2	-4	3	det1=true
[1589]	47	60	-16	-10	-2	5	det1=true
[1590]	54	60	-5	0	-6	1	det1=true
[1591]	40	57	-18	-11	-2	-4	det1=true
[1592]	40	57	-22	-11	-2	4	det1=true
[1593]	49	57	-17	-12	-1	-5	det1=true
[1594]	49	57	-22	-12	-1	5	det1=true
[1595]	54	57	-21	-2	-2	-5	det1=true
[1596]	54	57	-26	-2	-2	5	det1=true
[1597]	20	58	-4	-1	-3	-2	det1=true
[1598]	20	58	-6	-1	-3	2	det1=true
[1599]	41	58	-12	-2	-3	-4	det1=true
[1600]	41	58	-16	-2	-3	4	det1=true
[1601]	47	58	-22	0	-4	-3	det1=true
[1602]	47	58	-25	0	-4	3	det1=true
[1603]	56	58	-26	1	-5	-2	det1=true
[1604]	30	59	-6	-1	-4	2	det1=true
[1605]	39	59	-4	-1	-1	-5	det1=true
[1606]	39	59	-9	-1	-1	5	det1=true
[1607]	53	59	-10	-3	-3	-5	det1=true
[1608]	53	59	-15	-3	-3	5	det1=true
[1609]	58	59	-10	-6	-1	-6	det1=true
[1610]	58	59	-16	-6	-1	6	det1=true
[1611]	30	60	-7	2	-4	-2	det1=true
[1612]	30	60	-9	2	-4	2	det1=true
[1613]	31	60	-15	-10	-4	-1	det1=true
[1614]	31	60	-16	-10	-4	1	det1=true
[1615]	49	57	-25	-5	-1	5	det1=true
[1616]	38	58	-17	-10	-4	-2	det1=true
[1617]	38	58	-19	-10	-4	2	det1=true
[1618]	40	58	-10	-1	-3	-4	det1=true
[1619]	40	58	-14	-1	-3	4	det1=true
[1620]	49	58	-12	-10	-5	-2	det1=true
[1621]	49	58	-14	-10	-5	2	det1=true
[1622]	39	59	-6	1	-5	-1	det1=true
[1623]	39	59	-7	1	-5	1	det1=true
[1624]	41	60	-19	-16	-4	-2	det1=true
[1625]	41	60	-21	-16	-4	2	det1=true
[1626]	49	60	-16	-8	-2	-5	det1=true
[1627]	49	60	-21	-8	-2	5	det1=true
[1628]	60	60	-19	0	-6	-1	det1=true
[1629]	60	60	-20	0	-6	1	det1=true
[1630]	60	60	-4	0	-5	-4	det1=true
[1631]	60	60	-8	0	-5	4	det1=true
[1632]	28	57	-10	-7	-1	4	det1=true
[1633]	43	57	-13	-1	-5	-1	det1=true
[1634]	43	57	-14	-1	-5	1	det1=true
[1635]	45	57	-15	-1	-1	-5	det1=true
[1636]	49	57	-19	-12	-3	-4	det1=true
[1637]	49	57	-23	-12	-3	4	det1=true
[1638]	30	59	-4	-1	-4	-2	det1=true
[1639]	43	59	-17	-1	-3	-4	det1=true
[1640]	43	59	-21	-1	-3	4	det1=true
[1641]	49	59	-25	-11	-4	3	det1=true
[1642]	50	59	-18	-18	-3	-4	det1=true
[1643]	57	59	-23	-13	-2	-5	det1=true
[1644]	57	59	-28	-13	-2	5	det1=true
[1645]	50	60	-22	-4	-5	2	det1=true
[1646]	45	57	-17	1	-5	-1	det1=true
[1647]	45	57	-18	1	-5	1	det1=true
[1648]	45	57	-20	-1	-1	5	det1=true
[1649]	49	57	-15	-2	-5	-2	det1=true
[1650]	49	57	-17	-2	-5	2	det1=true
[1651]	34	58	-14	-15	-1	-4	det1=true
[1652]	34	58	-18	-15	-1	4	det1=true
[1653]	50	59	-22	-18	-3	4	det1=true
[1654]	28	57	-6	-7	-1	-4	det1=true
[1655]	40	57	-19	-10	-4	-2	det1=true
[1656]	40	57	-21	-10	-4	2	det1=true
[1657]	49	57	-20	-5	-1	-5	det1=true
[1658]	50	60	-20	-4	-5	-2	det1=true
[1659]	43	57	-13	-6	-3	-4	det1=true
[1660]	43	57	-17	-6	-3	4	det1=true
[1661]	59	59	-28	-19	-4	-3	det1=true
[1662]	59	59	-31	-19	-4	3	det1=true
[1663]	43	57	-11	-3	-1	-5	det1=true
[1664]	43	57	-16	-3	-1	5	det1=true
[1665]	47	57	-13	-13	-1	-5	det1=true
[1666]	47	57	-18	-13	-1	5	det1=true
[1667]	57	57	-23	-10	-5	-2	det1=true
[1668]	57	57	-25	-10	-5	2	det1=true
[1669]	47	57	-19	-4	-5	-1	det1=true
[1670]	47	57	-20	-4	-5	1	det1=true
[1671]	47	57	-17	-6	-1	-5	det1=true
[1672]	47	57	-22	-6	-1	5	det1=true
[1673]	57	57	-25	-5	-5	-2	det1=true
[1674]	57	57	-27	-5	-5	2	det1=true
[1675]	52	58	-16	-12	-5	-2	det1=true
[1676]	43	57	-15	-1	-4	-3	det1=true
[1677]	43	57	-18	-1	-4	3	det1=true
[1678]	47	57	-20	1	-5	-1	det1=true
[1679]	6	58	0	1	-2	0	det1=true
[1680]	12	58	0	1	-2	-2	det1=true
[1681]	30	58	0	1	-2	-4	det1=true
[1682]	30	58	-4	1	-2	4	det1=true
[1683]	47	57	-21	1	-5	1	det1=true
[1684]	58	58	-28	0	-5	-2	det1=true
[1685]	3	59	-1	0	-1	-1	det1=true
[1686]	3	59	-2	0	-1	1	det1=true
[1687]	12	59	-2	-1	-2	-2	det1=true
[1688]	12	59	-4	-1	-2	2	det1=true
[1689]	12	60	-4	1	-2	-2	det1=true
[1690]	12	60	-6	1	-2	2	det1=true
[1691]	12	60	-3	-2	-2	-2	det1=true
[1692]	12	60	-5	-2	-2	2	det1=true
[1693]	30	59	-3	-2	-2	-4	det1=true
[1694]	30	59	-7	-2	-2	4	det1=true
[1695]	49	61	-22	-11	-1	-5	det1=true
[1696]	49	61	-27	-11	-1	5	det1=true
[1697]	53	62	-20	-3	-4	-4	det1=true
[1698]	53	62	-24	-3	-4	4	det1=true
[1699]	55	62	-26	-20	-4	-3	det1=true
[1700]	55	62	-29	-20	-4	3	det1=true
[1701]	11	64	-2	1	-2	-2	det1=true
[1702]	11	64	-4	1	-2	2	det1=true
[1703]	64	64	-12	0	-6	-3	det1=true
[1704]	64	64	-15	0	-6	3	det1=true
[1705]	20	61	-6	-5	-3	-2	det1=true
[1706]	20	61	-8	-5	-3	2	det1=true
[1707]	27	61	-11	-1	-1	-4	det1=true
[1708]	27	61	-15	-1	-1	4	det1=true
[1709]	27	61	-9	-7	-4	-1	det1=true
[1710]	27	61	-10	-7	-4	1	det1=true
[1711]	33	61	-14	-13	-3	-3	det1=true
[1712]	33	61	-17	-13	-3	3	det1=true
[1713]	37	61	0	2	-5	-1	det1=true
[1714]	37	61	-1	2	-5	1	det1=true
[1715]	61	61	-9	-4	-5	-4	det1=true
[1716]	61	61	-13	-4	-5	4	det1=true
[1717]	24	62	-3	2	-4	-1	det1=true
[1718]	24	62	-4	2	-4	1	det1=true
[1719]	26	62	-8	-6	-4	-1	det1=true
[1720]	26	62	-9	-6	-4	1	det1=true
[1721]	28	62	1	2	-4	-2	det1=true
[1722]	28	62	-1	2	-4	2	det1=true
[1723]	55	62	-10	-5	-1	-6	det1=true
[1724]	55	62	-16	-5	-1	6	det1=true
[1725]	62	62	-16	-16	-1	-6	det1=true
[1726]	62	62	-22	-16	-1	6	det1=true
[1727]	29	63	-13	-11	-4	-1	det1=true
[1728]	29	63	-14	-11	-4	1	det1=true
[1729]	44	63	-16	-3	-5	2	det1=true
[1730]	51	63	-21	-11	-2	-5	det1=true
[1731]	53	63	-24	-19	-1	-5	det1=true
[1732]	53	63	-29	-19	-1	5	det1=true
[1733]	55	63	-15	-10	-1	6	det1=true
[1734]	59	63	-22	3	-6	-1	det1=true
[1735]	59	63	-23	3	-6	1	det1=true
[1736]	42	64	-12	1	-5	-2	det1=true
[1737]	42	64	-14	1	-5	2	det1=true
[1738]	45	64	-18	1	-5	-2	det1=true
[1739]	45	64	-20	1	-5	2	det1=true
[1740]	53	64	-10	-3	-1	-6	det1=true
[1741]	53	64	-16	-3	-1	6	det1=true
[1742]	64	64	-22	1	-2	-6	det1=true
[1743]	64	64	-28	1	-2	6	det1=true
[1744]	26	61	-10	2	-4	-1	det1=true
[1745]	26	61	-11	2	-4	1	det1=true
[1746]	38	61	-10	-2	-4	-3	det1=true
[1747]	38	61	-13	-2	-4	3	det1=true
[1748]	43	61	-9	0	-5	-2	det1=true
[1749]	43	61	-11	0	-5	2	det1=true
[1750]	46	61	-13	-6	-2	-5	det1=true
[1751]	46	61	-18	-6	-2	5	det1=true
[1752]	49	61	-19	-6	-5	-2	det1=true
[1753]	49	61	-21	-6	-5	2	det1=true
[1754]	52	61	-24	-3	-5	-2	det1=true
[1755]	52	61	-26	-3	-5	2	det1=true
[1756]	53	61	-13	-6	-5	-3	det1=true
[1757]	53	61	-16	-6	-5	3	det1=true
[1758]	55	61	-27	-16	-5	-1	det1=true
[1759]	55	61	-28	-16	-5	1	det1=true
[1760]	55	61	-15	-9	-5	-3	det1=true
[1761]	55	61	-18	-9	-5	3	det1=true
[1762]	60	61	-8	1	-5	-4	det1=true
[1763]	60	61	-12	1	-5	4	det1=true
[1764]	61	61	-22	1	-6	-1	det1=true
[1765]	61	61	-23	1	-6	1	det1=true
[1766]	38	62	-12	0	-4	-3	det1=true
[1767]	44	62	-10	-7	-5	-2	det1=true
[1768]	44	62	-12	-7	-5	2	det1=true
[1769]	53	62	-22	-13	-5	-2	det1=true
[1770]	53	62	-24	-13	-5	2	det1=true
[1771]	54	62	-6	-7	-1	-6	det1=true
[1772]	54	62	-12	-7	-1	6	det1=true
[1773]	61	62	-16	-14	-1	-6	det1=true
[1774]	61	62	-22	-14	-1	6	det1=true
[1775]	62	62	-12	-7	-5	-4	det1=true
[1776]	62	62	-16	-7	-5	4	det1=true
[1777]	24	63	-4	0	-1	-4	det1=true
[1778]	24	63	-8	0	-1	4	det1=true
[1779]	25	63	-9	-1	-4	-1	det1=true
[1780]	25	63	-10	-1	-4	1	det1=true
[1781]	39	63	-8	-9	-1	-5	det1=true
[1782]	39	63	-13	-9	-1	5	det1=true
[1783]	45	63	-22	-6	-5	-1	det1=true
[1784]	45	63	-23	-6	-5	1	det1=true
[1785]	45	63	-20	-8	-1	-5	det1=true
[1786]	45	63	-25	-8	-1	5	det1=true
[1787]	45	63	-18	-14	-5	1	det1=true
[1788]	46	63	-14	-10	-5	-2	det1=true
[1789]	46	63	-16	-10	-5	2	det1=true
[1790]	54	63	-10	-6	-6	-1	det1=true
[1791]	54	63	-11	-6	-6	1	det1=true
[1792]	55	63	-9	-10	-1	-6	det1=true
[1793]	61	63	-27	-13	-4	-4	det1=true
[1794]	63	63	-11	1	-3	6	det1=true
[1795]	37	64	-12	-2	-4	-3	det1=true
[1796]	37	64	-15	-2	-4	3	det1=true
[1797]	53	64	-23	-14	-2	-5	det1=true
[1798]	53	64	-28	-14	-2	5	det1=true
[1799]	55	64	-6	3	-6	-2	det1=true
[1800]	55	64	-8	3	-6	2	det1=true
[1801]	56	64	-16	-3	-1	-6	det1=true
[1802]	56	64	-22	-3	-1	6	det1=true
[1803]	60	64	-12	-11	-2	-6	det1=true
[1804]	60	64	-18	-11	-2	6	det1=true
[1805]	61	64	-14	-11	-2	-6	det1=true
[1806]	61	64	-20	-11	-2	6	det1=true
[1807]	63	64	-18	-19	-1	-6	det1=true
[1808]	63	64	-24	-19	-1	6	det1=true
[1809]	64	64	-24	3	-6	-2	det1=true
[1810]	64	64	-26	3	-6	2	det1=true
[1811]	64	64	-19	-12	-6	-2	det1=true
[1812]	64	64	-21	-12	-6	2	det1=true
[1813]	64	64	-17	-14	-2	-6	det1=true
[1814]	64	64	-23	-14	-2	6	det1=true
[1815]	20	61	-8	0	-2	-3	det1=true
[1816]	20	61	-11	0	-2	3	det1=true
[1817]	27	61	-5	-5	-3	-3	det1=true
[1818]	33	61	-13	-7	-4	-2	det1=true
[1819]	37	61	-11	-1	-3	4	det1=true
[1820]	41	61	-13	-9	-4	-3	det1=true
[1821]	41	61	-16	-9	-4	3	det1=true
[1822]	44	61	-20	-4	-3	-4	det1=true
[1823]	44	61	-24	-4	-3	4	det1=true
[1824]	48	61	-22	-12	-3	-4	det1=true
[1825]	48	61	-26	-12	-3	4	det1=true
[1826]	53	61	-14	-4	-5	-3	det1=true
[1827]	53	61	-17	-4	-5	3	det1=true
[1828]	53	61	-1	-2	-1	-6	det1=true
[1829]	53	61	-7	-2	-1	6	det1=true
[1830]	56	61	-12	-4	-6	-1	det1=true
[1831]	59	61	-16	-16	-3	-5	det1=true
[1832]	59	61	-21	-16	-3	5	det1=true
[1833]	26	62	-11	0	-4	-1	det1=true
[1834]	26	62	-12	0	-4	1	det1=true
[1835]	27	62	-13	-2	-4	-1	det1=true
[1836]	27	62	-14	-2	-4	1	det1=true
[1837]	38	62	-10	-5	-3	-4	det1=true
[1838]	38	62	-14	-5	-3	4	det1=true
[1839]	42	62	-8	0	-5	-2	det1=true
[1840]	42	62	-10	0	-5	2	det1=true
[1841]	43	62	-14	-14	-3	-4	det1=true
[1842]	43	62	-18	-14	-3	4	det1=true
[1843]	44	62	-12	0	-2	-5	det1=true
[1844]	44	62	-17	0	-2	5	det1=true
[1845]	51	62	-24	-2	-5	-2	det1=true
[1846]	51	62	-26	-2	-5	2	det1=true
[1847]	58	62	-4	1	-5	-4	det1=true
[1848]	58	62	-8	1	-5	4	det1=true
[1849]	59	62	-30	-24	-4	3	det1=true
[1850]	7	63	-2	1	-2	-1	det1=true
[1851]	7	63	-3	1	-2	1	det1=true
[1852]	37	63	-6	-1	-1	-5	det1=true
[1853]	37	63	-11	-1	-1	5	det1=true
[1854]	43	63	-19	-6	-5	-1	det1=true
[1855]	43	63	-20	-6	-5	1	det1=true
[1856]	43	63	-18	-8	-5	-1	det1=true
[1857]	43	63	-19	-8	-5	1	det1=true
[1858]	44	63	-14	-3	-5	-2	det1=true
[1859]	45	63	-17	-14	-5	-1	det1=true
[1860]	45	63	-15	-16	-1	-5	det1=true
[1861]	45	63	-20	-16	-1	5	det1=true
[1862]	46	63	-18	-2	-5	-2	det1=true
[1863]	52	63	-7	0	-6	-1	det1=true
[1864]	52	63	-8	0	-6	1	det1=true
[1865]	63	63	-29	-21	-5	-2	det1=true
[1866]	63	63	-31	-21	-5	2	det1=true
[1867]	43	64	-12	-4	-2	-5	det1=true
[1868]	43	64	-17	-4	-2	5	det1=true
[1869]	53	64	-12	-2	-6	-1	det1=true
[1870]	53	64	-13	-2	-6	1	det1=true
[1871]	59	64	-29	-24	-4	-3	det1=true
[1872]	59	64	-13	-6	-2	-6	det1=true
[1873]	59	64	-19	-6	-2	6	det1=true
[1874]	61	64	-14	-7	-5	-4	det1=true
[1875]	61	64	-18	-7	-5	4	det1=true
[1876]	64	64	-16	-12	-4	-5	det1=true
[1877]	64	64	-21	-12	-4	5	det1=true
[1878]	39	61	-10	-1	-5	-1	det1=true
[1879]	39	61	-11	-1	-5	1	det1=true
[1880]	41	61	-15	-5	-3	-4	det1=true
[1881]	41	61	-19	-5	-3	4	det1=true
[1882]	43	61	-12	-12	-1	-5	det1=true
[1883]	43	61	-17	-12	-1	5	det1=true
[1884]	43	61	-7	-3	-2	-5	det1=true
[1885]	43	61	-12	-3	-2	5	det1=true
[1886]	43	61	-9	-4	-5	2	det1=true
[1887]	45	61	-20	-13	-1	5	det1=true
[1888]	51	61	-23	-8	-5	2	det1=true
[1889]	54	61	-6	-1	-1	-6	det1=true
[1890]	54	61	-12	-1	-1	6	det1=true
[1891]	56	61	-13	-4	-6	1	det1=true
[1892]	57	61	-25	-3	-3	5	det1=true
[1893]	59	61	-17	-15	-5	-3	det1=true
[1894]	59	61	-20	-15	-5	3	det1=true
[1895]	60	61	-24	-20	-2	-5	det1=true
[1896]	60	61	-29	-20	-2	5	det1=true
[1897]	61	61	-12	-6	-6	-2	det1=true
[1898]	61	61	-14	-6	-6	2	det1=true
[1899]	20	62	-10	-4	-3	2	det1=true
[1900]	35	62	1	2	-4	-3	det1=true
[1901]	35	62	-2	2	-4	3	det1=true
[1902]	38	62	-15	0	-4	3	det1=true
[1903]	46	62	-14	-8	-5	-2	det1=true
[1904]	46	62	-16	-8	-5	2	det1=true
[1905]	58	62	-9	-2	-6	-2	det1=true
[1906]	58	62	-11	-2	-6	2	det1=true
[1907]	61	62	-38	-2	-3	-4	det1=true
[1908]	61	62	-42	-2	-3	4	det1=true
[1909]	61	62	-26	-6	-1	6	det1=true
[1910]	62	62	-23	-6	-6	-1	det1=true
[1911]	62	62	-17	-4	-6	-2	det1=true
[1912]	62	62	-19	-4	-6	2	det1=true
[1913]	24	63	-4	-2	-4	-1	det1=true
[1914]	37	63	-8	1	-5	-1	det1=true
[1915]	37	63	-9	1	-5	1	det1=true
[1916]	39	63	-10	-7	-5	-1	det1=true
[1917]	39	63	-11	-7	-5	1	det1=true
[1918]	41	63	-18	-2	-5	1	det1=true
[1919]	41	63	-9	1	-5	2	det1=true
[1920]	41	63	-5	-3	-5	-2	det1=true
[1921]	41	63	-7	-3	-5	2	det1=true
[1922]	47	63	-17	-7	-2	-5	det1=true
[1923]	47	63	-22	-7	-2	5	det1=true
[1924]	54	63	-13	0	-6	-1	det1=true
[1925]	54	63	-14	0	-6	1	det1=true
[1926]	55	63	-26	-20	-5	-1	det1=true
[1927]	55	63	-27	-20	-5	1	det1=true
[1928]	56	63	-23	-18	-2	-5	det1=true
[1929]	56	63	-28	-18	-2	5	det1=true
[1930]	57	63	-15	-7	-1	-6	det1=true
[1931]	57	63	-21	-7	-1	6	det1=true
[1932]	58	63	-18	-1	-1	-6	det1=true
[1933]	58	63	-24	-1	-1	6	det1=true
[1934]	59	63	-15	-13	-1	-6	det1=true
[1935]	59	63	-21	-13	-1	6	det1=true
[1936]	59	63	-8	-5	-4	-5	det1=true
[1937]	59	63	-13	-5	-4	5	det1=true
[1938]	61	63	-25	-23	-5	-2	det1=true
[1939]	61	63	-27	-23	-5	2	det1=true
[1940]	62	63	2	1	-3	-6	det1=true
[1941]	63	63	-21	-13	-1	-6	det1=true
[1942]	63	63	-27	-13	-1	6	det1=true
[1943]	63	63	-5	1	-3	-6	det1=true
[1944]	20	64	-10	-4	-3	-2	det1=true
[1945]	34	64	0	0	-3	-4	det1=true
[1946]	34	64	-4	0	-3	4	det1=true
[1947]	37	64	-12	0	-3	-4	det1=true
[1948]	37	64	-16	0	-3	4	det1=true
[1949]	38	64	-18	-1	-3	4	det1=true
[1950]	54	64	-23	-16	-2	-5	det1=true
[1951]	54	64	-28	-16	-2	5	det1=true
[1952]	55	64	-14	-4	-1	-6	det1=true
[1953]	55	64	-20	-4	-1	6	det1=true
[1954]	56	64	-7	-4	-6	-2	det1=true
[1955]	56	64	-9	-4	-6	2	det1=true
[1956]	58	64	-19	-8	-6	-1	det1=true
[1957]	58	64	-20	-8	-6	1	det1=true
[1958]	58	64	-12	-3	-2	-6	det1=true
[1959]	58	64	-18	-3	-2	6	det1=true
[1960]	59	64	-16	-1	-6	-2	det1=true
[1961]	59	64	-18	-1	-6	2	det1=true
[1962]	59	64	-11	-4	-4	-5	det1=true
[1963]	60	64	-11	-8	-4	-5	det1=true
[1964]	60	64	-16	-8	-4	5	det1=true
[1965]	19	61	-4	1	-2	-3	det1=true
[1966]	19	61	-7	1	-2	3	det1=true
[1967]	28	61	-11	-8	-4	-1	det1=true
[1968]	28	61	-12	-8	-4	1	det1=true
[1969]	33	61	-15	-7	-4	2	det1=true
[1970]	37	61	-7	-1	-3	-4	det1=true
[1971]	39	61	-8	-3	-1	-5	det1=true
[1972]	39	61	-13	-3	-1	5	det1=true
[1973]	43	61	-7	-4	-5	-2	det1=true
[1974]	45	61	-17	-11	-5	-1	det1=true
[1975]	45	61	-18	-11	-5	1	det1=true
[1976]	49	61	-12	-2	-4	-4	det1=true
[1977]	49	61	-16	-2	-4	4	det1=true
[1978]	51	61	-21	-8	-5	-2	det1=true
[1979]	55	61	-9	0	-1	-6	det1=true
[1980]	55	61	-15	0	-1	6	det1=true
[1981]	57	61	-20	-3	-3	-5	det1=true
[1982]	59	61	-25	-20	-5	2	det1=true
[1983]	59	61	-13	-11	-1	-6	det1=true
[1984]	59	61	-19	-11	-1	6	det1=true
[1985]	19	62	-6	1	-3	-2	det1=true
[1986]	40	62	-16	0	-4	-3	det1=true
[1987]	40	62	-19	0	-4	3	det1=true
[1988]	40	62	-13	-8	-4	-3	det1=true
[1989]	41	62	-15	-8	-4	-3	det1=true
[1990]	41	62	-18	-8	-4	3	det1=true
[1991]	44	62	-12	-4	-5	-2	det1=true
[1992]	44	62	-14	-4	-5	2	det1=true
[1993]	45	62	-14	0	-2	-5	det1=true
[1994]	45	62	-19	0	-2	5	det1=true
[1995]	47	62	-19	-16	-4	-3	det1=true
[1996]	47	62	-22	-16	-4	3	det1=true
[1997]	50	62	-19	-10	-2	-5	det1=true
[1998]	50	62	-24	-10	-2	5	det1=true
[1999]	61	62	-20	-6	-1	-6	det1=true
[2000]	62	62	-29	-24	-2	5	det1=true
[2001]	41	63	-7	1	-5	-2	det1=true
[2002]	43	63	-15	-5	-2	5	det1=true
[2003]	46	63	-20	-2	-5	2	det1=true
[2004]	48	63	-25	0	-2	5	det1=true
[2005]	54	63	-26	-10	-5	-2	det1=true
[2006]	54	63	-28	-10	-5	2	det1=true
[2007]	55	63	-25	-14	-5	-2	det1=true
[2008]	55	63	-27	-14	-5	2	det1=true
[2009]	57	63	-19	3	-6	-1	det1=true
[2010]	57	63	-20	3	-6	1	det1=true
[2011]	34	64	-1	2	-4	-3	det1=true
[2012]	34	64	-4	2	-4	3	det1=true
[2013]	39	64	-16	0	-3	-4	det1=true
[2014]	39	64	-20	0	-3	4	det1=true
[2015]	43	64	-18	-12	-3	-4	det1=true
[2016]	43	64	-22	-12	-3	4	det1=true
[2017]	53	64	-11	-4	-6	-1	det1=true
[2018]	54	64	-26	-12	-5	-2	det1=true
[2019]	54	64	-28	-12	-5	2	det1=true
[2020]	54	64	-12	-4	-1	-6	det1=true
[2021]	54	64	-18	-4	-1	6	det1=true
[2022]	59	64	-17	-4	-6	2	det1=true
[2023]	60	64	-14	-9	-6	-2	det1=true
[2024]	60	64	-16	-9	-6	2	det1=true
[2025]	61	64	-16	0	-4	-5	det1=true
[2026]	61	64	-21	0	-4	5	det1=true
[2027]	64	64	-23	-4	-6	-2	det1=true
[2028]	64	64	-25	-4	-6	2	det1=true
[2029]	41	61	-16	-3	-4	-3	det1=true
[2030]	41	61	-19	-3	-4	3	det1=true
[2031]	45	61	-15	-13	-1	-5	det1=true
[2032]	53	61	-13	-5	-3	-5	det1=true
[2033]	53	61	-18	-5	-3	5	det1=true
[2034]	53	61	-12	-7	-3	-5	det1=true
[2035]	53	61	-17	-7	-3	5	det1=true
[2036]	59	61	-23	-20	-5	-2	det1=true
[2037]	59	61	-7	-5	-6	-2	det1=true
[2038]	59	61	-9	-5	-6	2	det1=true
[2039]	40	62	-16	-8	-4	3	det1=true
[2040]	53	62	-22	-12	-2	-5	det1=true
[2041]	53	62	-27	-12	-2	5	det1=true
[2042]	62	62	-24	-24	-2	-5	det1=true
[2043]	24	63	-5	-2	-4	1	det1=true
[2044]	27	63	-11	-7	-1	-4	det1=true
[2045]	27	63	-15	-7	-1	4	det1=true
[2046]	51	63	-23	-17	-1	-5	det1=true
[2047]	51	63	-28	-17	-1	5	det1=true
[2048]	55	63	-24	-22	-1	-5	det1=true
[2049]	55	63	-29	-22	-1	5	det1=true
[2050]	42	64	-7	-8	-2	-5	det1=true
[2051]	42	64	-12	-8	-2	5	det1=true
[2052]	53	64	-12	-4	-6	1	det1=true
[2053]	55	64	-4	1	-2	-6	det1=true
[2054]	55	64	-10	1	-2	6	det1=true
[2055]	57	64	-7	2	-4	-5	det1=true
[2056]	57	64	-12	2	-4	5	det1=true
[2057]	58	64	-16	-1	-6	2	det1=true
[2058]	59	64	-14	-3	-2	-6	det1=true
[2059]	59	64	-20	-3	-2	6	det1=true
[2060]	59	64	-15	-4	-6	-2	det1=true
[2061]	62	64	-22	-11	-1	-6	det1=true
[2062]	62	64	-28	-11	-1	6	det1=true
[2063]	63	64	-8	-1	-3	-6	det1=true
[2064]	63	64	-14	-1	-3	6	det1=true
[2065]	57	61	-21	-2	-5	-3	det1=true
[2066]	57	61	-24	-2	-5	3	det1=true
[2067]	42	62	-16	-9	-3	-4	det1=true
[2068]	42	62	-20	-9	-3	4	det1=true
[2069]	59	62	-18	-2	-1	-6	det1=true
[2070]	59	62	-24	-2	-1	6	det1=true
[2071]	60	62	-28	-24	-3	-4	det1=true
[2072]	60	62	-32	-24	-3	4	det1=true
[2073]	62	62	-15	-6	-2	-6	det1=true
[2074]	62	62	-21	-6	-2	6	det1=true
[2075]	15	63	-6	-4	-1	-3	det1=true
[2076]	15	63	-9	-4	-1	3	det1=true
[2077]	41	63	-17	-2	-5	-1	det1=true
[2078]	43	63	-10	-5	-2	-5	det1=true
[2079]	35	64	-6	-1	-3	-4	det1=true
[2080]	35	64	-10	-1	-3	4	det1=true
[2081]	38	64	-14	-1	-3	-4	det1=true
[2082]	48	64	-20	-6	-2	-5	det1=true
[2083]	56	64	-5	-6	-2	-6	det1=true
[2084]	56	64	-11	-6	-2	6	det1=true
[2085]	58	64	-7	-6	-4	-5	det1=true
[2086]	58	64	-12	-6	-4	5	det1=true
[2087]	30	61	-14	-10	-4	-1	det1=true
[2088]	30	61	-15	-10	-4	1	det1=true
[2089]	19	62	-8	1	-3	2	det1=true
[2090]	48	63	-20	0	-2	-5	det1=true
[2091]	49	63	-25	-7	-2	5	det1=true
[2092]	24	64	-7	0	-4	-1	det1=true
[2093]	24	64	-8	0	-4	1	det1=true
[2094]	58	64	-14	-1	-6	-2	det1=true
[2095]	53	61	-25	-17	-4	-3	det1=true
[2096]	53	61	-28	-17	-4	3	det1=true
[2097]	55	61	-25	-18	-1	-5	det1=true
[2098]	55	61	-30	-18	-1	5	det1=true
[2099]	61	61	-27	-18	-5	-2	det1=true
[2100]	61	61	-29	-18	-5	2	det1=true
[2101]	15	63	-7	-3	-3	-1	det1=true
[2102]	15	63	-8	-3	-3	1	det1=true
[2103]	61	63	-21	-7	-1	-6	det1=true
[2104]	61	63	-27	-7	-1	6	det1=true
[2105]	46	61	-18	-14	-4	-3	det1=true
[2106]	46	61	-21	-14	-4	3	det1=true
[2107]	55	61	-14	-10	-3	-5	det1=true
[2108]	55	61	-19	-10	-3	5	det1=true
[2109]	58	64	-20	-6	-6	-1	det1=true
[2110]	50	63	-26	-8	-2	5	det1=true
[2111]	58	64	-21	-6	-6	1	det1=true
[2112]	56	61	-26	-20	-3	-4	det1=true
[2113]	56	61	-30	-20	-3	4	det1=true
[2114]	46	64	-15	-10	-2	-5	det1=true
[2115]	46	64	-20	-10	-2	5	det1=true
[2116]	57	64	-24	-20	-5	-2	det1=true
[2117]	57	64	-26	-20	-5	2	det1=true
[2118]	46	63	-17	0	-2	-5	det1=true
[2119]	46	63	-22	0	-2	5	det1=true
[2120]	61	64	-16	-9	-6	-2	det1=true
[2121]	61	64	-18	-9	-6	2	det1=true
[2122]	64	64	-24	-12	-1	-6	det1=true
[2123]	64	64	-30	-12	-1	6	det1=true
[2124]	64	64	-21	-6	-2	-6	det1=true
[2125]	64	64	-27	-6	-2	6	det1=true
[2126]	61	61	-12	-4	-2	-6	det1=true
[2127]	61	61	-18	-4	-2	6	det1=true
[2128]	12	63	-5	-4	-2	-2	det1=true
[2129]	6	61	-3	-2	-2	0	det1=true
[2130]	61	61	-14	-2	-6	-2	det1=true
[2131]	61	61	-10	-8	-2	-6	det1=true
[2132]	61	61	-16	-8	-2	6	det1=true
[2133]	38	65	-11	-10	-4	-3	det1=true
[2134]	38	65	-14	-10	-4	3	det1=true
[2135]	59	68	-27	-24	-2	-5	det1=true
[2136]	59	68	-32	-24	-2	5	det1=true
[2137]	47	65	-16	-13	-2	-5	det1=true
[2138]	47	65	-21	-13	-2	5	det1=true
[2139]	51	65	-23	-20	-5	-1	det1=true
[2140]	51	65	-24	-20	-5	1	det1=true
[2141]	55	65	-9	1	-6	-2	det1=true
[2142]	55	65	-11	1	-6	2	det1=true
[2143]	65	65	-20	-14	-2	-6	det1=true
[2144]	65	65	-26	-14	-2	6	det1=true
[2145]	25	66	-10	-6	-4	-1	det1=true
[2146]	25	66	-11	-6	-4	1	det1=true
[2147]	55	67	-20	-14	-5	-3	det1=true
[2148]	55	67	-23	-14	-5	3	det1=true
[2149]	27	68	-7	-4	-4	-2	det1=true
[2150]	27	68	-9	-4	-4	2	det1=true
[2151]	27	68	-6	-5	-2	-4	det1=true
[2152]	27	68	-10	-5	-2	4	det1=true
[2153]	38	68	-4	-4	-2	-5	det1=true
[2154]	38	68	-9	-4	-2	5	det1=true
[2155]	55	68	-11	2	-4	-5	det1=true
[2156]	55	68	-16	2	-4	5	det1=true
[2157]	58	68	-4	0	-6	-3	det1=true
[2158]	58	68	-7	0	-6	3	det1=true
[2159]	62	68	-23	-10	-6	-2	det1=true
[2160]	62	68	-25	-10	-6	2	det1=true
[2161]	19	65	-8	-3	-2	-3	det1=true
[2162]	19	65	-11	-3	-2	3	det1=true
[2163]	29	65	-8	-6	-2	-4	det1=true
[2164]	29	65	-12	-6	-2	4	det1=true
[2165]	37	65	-13	-3	-4	-3	det1=true
[2166]	37	65	-16	-3	-4	3	det1=true
[2167]	39	65	-3	1	-5	-2	det1=true
[2168]	39	65	-5	1	-5	2	det1=true
[2169]	61	65	-22	-19	-5	-3	det1=true
[2170]	61	65	-25	-19	-5	3	det1=true
[2171]	61	65	-21	-20	-3	-5	det1=true
[2172]	61	65	-26	-20	-3	5	det1=true
[2173]	63	65	-7	-8	-3	-6	det1=true
[2174]	63	65	-13	-8	-3	6	det1=true
[2175]	64	65	-24	-5	-6	-2	det1=true
[2176]	64	65	-26	-5	-6	2	det1=true
[2177]	65	65	-27	-19	-5	-3	det1=true
[2178]	65	65	-30	-19	-5	3	det1=true
[2179]	65	65	-24	-4	-2	-6	det1=true
[2180]	65	65	-30	-4	-2	6	det1=true
[2181]	43	66	-14	-6	-2	-5	det1=true
[2182]	43	66	-19	-6	-2	5	det1=true
[2183]	54	66	0	2	-4	-5	det1=true
[2184]	54	66	-5	2	-4	5	det1=true
[2185]	54	66	0	1	-5	-4	det1=true
[2186]	55	66	-21	-16	-4	-4	det1=true
[2187]	55	66	-25	-16	-4	4	det1=true
[2188]	60	66	-18	1	-5	-4	det1=true
[2189]	60	66	-22	1	-5	4	det1=true
[2190]	63	66	-22	2	-4	-5	det1=true
[2191]	63	66	-27	2	-4	5	det1=true
[2192]	63	66	-23	-18	-6	1	det1=true
[2193]	13	67	0	0	-1	-3	det1=true
[2194]	13	67	-3	0	-1	3	det1=true
[2195]	52	67	-24	-16	-5	-2	det1=true
[2196]	52	67	-26	-16	-5	2	det1=true
[2197]	54	67	-12	-13	-1	-6	det1=true
[2198]	60	67	-15	-14	-2	-6	det1=true
[2199]	60	67	-21	-14	-2	6	det1=true
[2200]	61	67	-23	-15	-6	-1	det1=true
[2201]	61	67	-24	-15	-6	1	det1=true
[2202]	61	67	-15	-13	-5	-4	det1=true
[2203]	65	67	-25	-24	-5	-3	det1=true
[2204]	65	67	-28	-24	-5	3	det1=true
[2205]	66	67	-16	-11	-3	-6	det1=true
[2206]	17	68	-4	0	-3	-2	det1=true
[2207]	17	68	-6	0	-3	2	det1=true
[2208]	53	68	-24	-19	-5	-2	det1=true
[2209]	53	68	-26	-19	-5	2	det1=true
[2210]	65	68	-29	-4	-6	-2	det1=true
[2211]	65	68	-31	-4	-6	2	det1=true
[2212]	27	65	-11	-10	-1	-4	det1=true
[2213]	27	65	-15	-10	-1	4	det1=true
[2214]	35	65	-4	0	-5	1	det1=true
[2215]	44	65	-16	0	-2	-5	det1=true
[2216]	56	65	-12	3	-6	-2	det1=true
[2217]	56	65	-14	3	-6	2	det1=true
[2218]	56	65	-11	-2	-6	-2	det1=true
[2219]	56	65	-13	-2	-6	2	det1=true
[2220]	56	65	-9	-4	-2	-6	det1=true
[2221]	56	65	-15	-4	-2	6	det1=true
[2222]	57	65	-14	0	-6	-2	det1=true
[2223]	57	65	-16	0	-6	2	det1=true
[2224]	59	65	-24	-12	-3	-5	det1=true
[2225]	59	65	-29	-12	-3	5	det1=true
[2226]	62	65	-24	-9	-1	-6	det1=true
[2227]	62	65	-30	-9	-1	6	det1=true
[2228]	64	65	-20	-20	-1	-6	det1=true
[2229]	64	65	-26	-20	-1	6	det1=true
[2230]	65	65	-23	-4	-5	-4	det1=true
[2231]	65	65	-27	-4	-5	4	det1=true
[2232]	39	66	-5	0	-2	-5	det1=true
[2233]	39	66	-10	0	-2	5	det1=true
[2234]	44	66	-15	-8	-2	-5	det1=true
[2235]	44	66	-20	-8	-2	5	det1=true
[2236]	54	66	-4	1	-5	4	det1=true
[2237]	57	66	-18	-10	-1	-6	det1=true
[2238]	64	66	-20	-11	-5	-4	det1=true
[2239]	64	66	-24	-11	-5	4	det1=true
[2240]	65	66	-24	-5	-5	-4	det1=true
[2241]	65	66	-28	-5	-5	4	det1=true
[2242]	13	67	-1	1	-3	-1	det1=true
[2243]	37	67	-9	-9	-1	-5	det1=true
[2244]	41	67	-17	-10	-1	-5	det1=true
[2245]	41	67	-22	-10	-1	5	det1=true
[2246]	46	67	-15	-2	-4	-4	det1=true
[2247]	46	67	-19	-2	-4	4	det1=true
[2248]	53	67	-15	-7	-6	-1	det1=true
[2249]	53	67	-16	-7	-6	1	det1=true
[2250]	54	67	-18	-13	-1	6	det1=true
[2251]	55	67	-22	-11	-5	-3	det1=true
[2252]	58	67	-14	-6	-5	-4	det1=true
[2253]	58	67	-18	-6	-5	4	det1=true
[2254]	59	67	-16	-10	-2	-6	det1=true
[2255]	59	67	-22	-10	-2	6	det1=true
[2256]	61	67	-12	3	-6	-3	det1=true
[2257]	61	67	-15	3	-6	3	det1=true
[2258]	62	67	-16	-14	-5	-4	det1=true
[2259]	63	67	-27	-10	-1	-6	det1=true
[2260]	63	67	-33	-10	-1	6	det1=true
[2261]	43	68	-14	-11	-5	-2	det1=true
[2262]	43	68	-16	-11	-5	2	det1=true
[2263]	45	68	-18	-11	-5	-2	det1=true
[2264]	49	68	-8	0	-1	-6	det1=true
[2265]	54	68	-13	0	-4	5	det1=true
[2266]	55	68	-10	-9	-2	-6	det1=true
[2267]	56	68	-13	-8	-2	-6	det1=true
[2268]	59	68	-20	-16	-1	-6	det1=true
[2269]	59	68	-26	-16	-1	6	det1=true
[2270]	59	68	-20	-7	-6	-2	det1=true
[2271]	59	68	-22	-7	-6	2	det1=true
[2272]	62	68	-26	-1	-6	-2	det1=true
[2273]	62	68	-28	-1	-6	2	det1=true
[2274]	64	68	-24	-13	-6	-2	det1=true
[2275]	20	65	-8	-8	-2	-3	det1=true
[2276]	20	65	-11	-8	-2	3	det1=true
[2277]	24	65	-6	-4	-1	-4	det1=true
[2278]	24	65	-10	-4	-1	4	det1=true
[2279]	35	65	-3	0	-5	-1	det1=true
[2280]	42	65	-9	-8	-2	-5	det1=true
[2281]	42	65	-14	-8	-2	5	det1=true
[2282]	50	65	-6	0	-6	1	det1=true
[2283]	53	65	-9	-9	-1	-6	det1=true
[2284]	53	65	-15	-9	-1	6	det1=true
[2285]	59	65	-27	-6	-5	-3	det1=true
[2286]	59	65	-30	-6	-5	3	det1=true
[2287]	59	65	-26	-7	-3	-5	det1=true
[2288]	59	65	-31	-7	-3	5	det1=true
[2289]	62	65	-18	-6	-5	-4	det1=true
[2290]	62	65	-22	-6	-5	4	det1=true
[2291]	65	65	-26	-2	-6	-2	det1=true
[2292]	65	65	-28	-2	-6	2	det1=true
[2293]	23	66	-4	-2	-1	-4	det1=true
[2294]	23	66	-8	-2	-1	4	det1=true
[2295]	25	66	-10	-5	-1	-4	det1=true
[2296]	25	66	-14	-5	-1	4	det1=true
[2297]	47	66	-22	-5	-5	-2	det1=true
[2298]	47	66	-24	-5	-5	2	det1=true
[2299]	56	66	-14	3	-6	-2	det1=true
[2300]	56	66	-16	3	-6	2	det1=true
[2301]	57	66	-24	-10	-1	6	det1=true
[2302]	60	66	-24	-4	-1	-6	det1=true
[2303]	60	66	-30	-4	-1	6	det1=true
[2304]	65	66	-39	-20	-2	5	det1=true
[2305]	34	67	-7	-4	-4	-3	det1=true
[2306]	34	67	-10	-4	-4	3	det1=true
[2307]	37	67	-14	-1	-5	-1	det1=true
[2308]	37	67	-15	-1	-5	1	det1=true
[2309]	37	67	-11	-7	-5	-1	det1=true
[2310]	37	67	-12	-7	-5	1	det1=true
[2311]	41	67	-19	-8	-5	-1	det1=true
[2312]	41	67	-20	-8	-5	1	det1=true
[2313]	50	67	-9	-4	-6	-1	det1=true
[2314]	50	67	-10	-4	-6	1	det1=true
[2315]	53	67	-26	2	-5	3	det1=true
[2316]	54	67	-5	0	-4	-5	det1=true
[2317]	54	67	-10	0	-4	5	det1=true
[2318]	56	67	-26	-20	-5	-2	det1=true
[2319]	56	67	-28	-20	-5	2	det1=true
[2320]	56	67	-20	-3	-1	-6	det1=true
[2321]	56	67	-26	-3	-1	6	det1=true
[2322]	59	67	-18	-8	-6	-2	det1=true
[2323]	59	67	-20	-8	-6	2	det1=true
[2324]	61	67	-21	2	-5	-4	det1=true
[2325]	61	67	-25	2	-5	4	det1=true
[2326]	62	67	-14	0	-6	-3	det1=true
[2327]	62	67	-17	0	-6	3	det1=true
[2328]	64	67	-28	-28	-2	-5	det1=true
[2329]	64	67	-33	-28	-2	5	det1=true
[2330]	66	67	-22	-11	-3	6	det1=true
[2331]	44	68	-15	-12	-2	-5	det1=true
[2332]	44	68	-20	-12	-2	5	det1=true
[2333]	45	68	-20	-11	-5	2	det1=true
[2334]	49	68	-14	0	-1	6	det1=true
[2335]	54	68	-19	-6	-6	-1	det1=true
[2336]	54	68	-20	-6	-6	1	det1=true
[2337]	54	68	-8	0	-4	-5	det1=true
[2338]	55	68	-12	-7	-6	-2	det1=true
[2339]	55	68	-14	-7	-6	2	det1=true
[2340]	56	68	-19	-8	-2	6	det1=true
[2341]	62	68	-21	-12	-2	-6	det1=true
[2342]	62	68	-27	-12	-2	6	det1=true
[2343]	62	68	-19	-12	-4	-5	det1=true
[2344]	64	68	-26	-13	-6	2	det1=true
[2345]	64	68	-22	-15	-2	-6	det1=true
[2346]	65	68	-19	-18	-4	-5	det1=true
[2347]	65	68	-24	-18	-4	5	det1=true
[2348]	66	68	-28	-3	-5	-4	det1=true
[2349]	66	68	-32	-3	-5	4	det1=true
[2350]	67	68	-18	-13	-3	-6	det1=true
[2351]	67	68	-24	-13	-3	6	det1=true
[2352]	35	65	-1	-2	-1	-5	det1=true
[2353]	35	65	-6	-2	-1	5	det1=true
[2354]	40	65	-18	-4	-3	-4	det1=true
[2355]	40	65	-22	-4	-3	4	det1=true
[2356]	44	65	-21	0	-2	5	det1=true
[2357]	46	65	-19	-18	-4	-3	det1=true
[2358]	46	65	-22	-18	-4	3	det1=true
[2359]	50	65	-5	0	-6	-1	det1=true
[2360]	52	65	-10	0	-1	-6	det1=true
[2361]	52	65	-16	0	-1	6	det1=true
[2362]	54	65	-21	-20	-2	-5	det1=true
[2363]	58	65	-26	-20	-2	-5	det1=true
[2364]	58	65	-20	-5	-1	-6	det1=true
[2365]	58	65	-26	-5	-1	6	det1=true
[2366]	59	65	-25	-11	-5	-3	det1=true
[2367]	59	65	-28	-11	-5	3	det1=true
[2368]	64	65	-17	-16	-2	-6	det1=true
[2369]	64	65	-23	-16	-2	6	det1=true
[2370]	65	65	-26	-20	-3	-5	det1=true
[2371]	65	65	-31	-20	-3	5	det1=true
[2372]	24	66	-8	-4	-4	-1	det1=true
[2373]	24	66	-9	-4	-4	1	det1=true
[2374]	42	66	-14	-3	-5	-2	det1=true
[2375]	42	66	-16	-3	-5	2	det1=true
[2376]	48	66	-20	-12	-5	-2	det1=true
[2377]	48	66	-22	-12	-5	2	det1=true
[2378]	56	66	-12	1	-2	-6	det1=true
[2379]	56	66	-18	1	-2	6	det1=true
[2380]	59	66	-16	-1	-5	-4	det1=true
[2381]	59	66	-20	-1	-5	4	det1=true
[2382]	59	66	-14	-6	-4	-5	det1=true
[2383]	59	66	-19	-6	-4	5	det1=true
[2384]	63	66	-22	-18	-6	-1	det1=true
[2385]	64	66	-23	-2	-4	-5	det1=true
[2386]	64	66	-28	-2	-4	5	det1=true
[2387]	17	67	-4	-1	-2	3	det1=true
[2388]	37	67	-15	-3	-3	-4	det1=true
[2389]	37	67	-19	-3	-3	4	det1=true
[2390]	37	67	-17	-3	-1	5	det1=true
[2391]	37	67	-14	-9	-1	5	det1=true
[2392]	59	67	-17	-18	-1	-6	det1=true
[2393]	60	67	-19	2	-4	-5	det1=true
[2394]	60	67	-24	2	-4	5	det1=true
[2395]	60	67	-17	-12	-6	-2	det1=true
[2396]	60	67	-19	-12	-6	2	det1=true
[2397]	66	67	-20	-17	-5	-4	det1=true
[2398]	66	67	-24	-17	-5	4	det1=true
[2399]	49	68	-8	-4	-6	-1	det1=true
[2400]	49	68	-9	-4	-6	1	det1=true
[2401]	50	68	-10	-4	-1	-6	det1=true
[2402]	50	68	-16	-4	-1	6	det1=true
[2403]	55	68	-16	-9	-2	6	det1=true
[2404]	59	68	-18	-9	-2	-6	det1=true
[2405]	63	68	-13	-10	-6	-3	det1=true
[2406]	64	68	-23	-10	-4	-5	det1=true
[2407]	64	68	-28	-10	-4	5	det1=true
[2408]	64	68	-28	-15	-2	6	det1=true
[2409]	65	68	-56	-5	-3	-2	det1=true
[2410]	68	68	-58	-3	-1	4	det1=true
[2411]	25	65	-6	-1	-3	-3	det1=true
[2412]	25	65	-9	-1	-3	3	det1=true
[2413]	39	65	-16	0	-5	-1	det1=true
[2414]	39	65	-17	0	-5	1	det1=true
[2415]	51	65	-21	-1	-4	-4	det1=true
[2416]	51	65	-25	-1	-4	4	det1=true
[2417]	51	65	-12	-11	-5	-3	det1=true
[2418]	51	65	-15	-11	-5	3	det1=true
[2419]	55	65	-21	-7	-3	-5	det1=true
[2420]	55	65	-26	-7	-3	5	det1=true
[2421]	56	65	-10	1	-2	-6	det1=true
[2422]	56	65	-16	1	-2	6	det1=true
[2423]	62	65	-30	-21	-5	-2	det1=true
[2424]	62	65	-32	-21	-5	2	det1=true
[2425]	64	65	-19	-14	-6	-2	det1=true
[2426]	64	65	-21	-14	-6	2	det1=true
[2427]	23	66	-6	2	-4	-1	det1=true
[2428]	23	66	-7	2	-4	1	det1=true
[2429]	56	66	-11	-6	-6	-2	det1=true
[2430]	56	66	-13	-6	-6	2	det1=true
[2431]	60	66	-4	-1	-3	-6	det1=true
[2432]	60	66	-10	-1	-3	6	det1=true
[2433]	64	66	-26	-7	-5	4	det1=true
[2434]	23	67	-7	-1	-4	-1	det1=true
[2435]	23	67	-8	-1	-4	1	det1=true
[2436]	37	67	-12	-3	-1	-5	det1=true
[2437]	38	67	-2	-2	-2	-5	det1=true
[2438]	38	67	-7	-2	-2	5	det1=true
[2439]	47	67	-14	-4	-5	3	det1=true
[2440]	52	67	-2	1	-6	-2	det1=true
[2441]	52	67	-4	1	-6	2	det1=true
[2442]	61	67	-25	-18	-3	-5	det1=true
[2443]	67	67	-26	-21	-6	-1	det1=true
[2444]	67	67	-27	-21	-6	1	det1=true
[2445]	24	68	-10	-3	-1	-4	det1=true
[2446]	32	68	-1	2	-4	-3	det1=true
[2447]	32	68	-4	2	-4	3	det1=true
[2448]	37	68	-14	-8	-3	-4	det1=true
[2449]	38	68	-16	-8	-3	-4	det1=true
[2450]	38	68	-20	-8	-3	4	det1=true
[2451]	53	68	-4	0	-4	-5	det1=true
[2452]	53	68	-9	0	-4	5	det1=true
[2453]	53	68	-3	-2	-4	-5	det1=true
[2454]	53	68	-8	-2	-4	5	det1=true
[2455]	56	68	-15	-6	-6	-2	det1=true
[2456]	56	68	-17	-6	-6	2	det1=true
[2457]	59	68	-30	-8	-1	6	det1=true
[2458]	59	68	-24	-9	-2	6	det1=true
[2459]	60	68	-25	-2	-4	5	det1=true
[2460]	63	68	-16	-10	-6	3	det1=true
[2461]	66	68	-28	2	-4	-5	det1=true
[2462]	66	68	-33	2	-4	5	det1=true
[2463]	67	68	-12	-8	0	-7	det1=true
[2464]	68	68	-27	-12	-4	-5	det1=true
[2465]	68	68	-32	-12	-4	5	det1=true
[2466]	19	65	-9	-5	-3	2	det1=true
[2467]	39	65	-14	-2	-1	-5	det1=true
[2468]	39	65	-19	-2	-1	5	det1=true
[2469]	40	65	-10	1	-5	2	det1=true
[2470]	53	65	-24	-23	-4	-3	det1=true
[2471]	53	65	-27	-23	-4	3	det1=true
[2472]	59	65	-10	-9	-4	-5	det1=true
[2473]	59	65	-15	-9	-4	5	det1=true
[2474]	61	65	-13	-11	-5	-4	det1=true
[2475]	65	65	-22	-12	-6	-2	det1=true
[2476]	65	65	-24	-12	-6	2	det1=true
[2477]	40	66	-8	-4	-5	-2	det1=true
[2478]	40	66	-10	-4	-5	2	det1=true
[2479]	43	66	-13	-8	-2	-5	det1=true
[2480]	43	66	-18	-8	-2	5	det1=true
[2481]	45	66	-20	-1	-5	-2	det1=true
[2482]	45	66	-22	-1	-5	2	det1=true
[2483]	50	66	-20	-16	-5	-2	det1=true
[2484]	50	66	-22	-16	-5	2	det1=true
[2485]	55	66	-5	-2	-4	-5	det1=true
[2486]	55	66	-10	-2	-4	5	det1=true
[2487]	56	66	-9	-8	-2	-6	det1=true
[2488]	56	66	-15	-8	-2	6	det1=true
[2489]	61	66	-14	-12	-4	-5	det1=true
[2490]	61	66	-19	-12	-4	5	det1=true
[2491]	64	66	-22	-7	-5	-4	det1=true
[2492]	64	66	-16	-16	-4	-5	det1=true
[2493]	64	66	-21	-16	-4	5	det1=true
[2494]	66	66	-30	-7	-1	-6	det1=true
[2495]	66	66	-36	-7	-1	6	det1=true
[2496]	17	67	-1	-1	-2	-3	det1=true
[2497]	42	67	-14	-6	-5	-2	det1=true
[2498]	42	67	-16	-6	-5	2	det1=true
[2499]	52	67	-17	2	-6	1	det1=true
[2500]	53	67	-23	2	-5	-3	det1=true
[2501]	58	67	-12	-9	-5	-4	det1=true
[2502]	58	67	-16	-9	-5	4	det1=true
[2503]	59	67	-28	-9	-5	-3	det1=true
[2504]	59	67	-31	-9	-5	3	det1=true
[2505]	59	67	-23	-18	-1	6	det1=true
[2506]	61	67	-30	-18	-3	5	det1=true
[2507]	67	67	-24	-16	-2	-6	det1=true
[2508]	67	67	-30	-16	-2	6	det1=true
[2509]	23	68	-8	-2	-4	-1	det1=true
[2510]	23	68	-9	-2	-4	1	det1=true
[2511]	48	68	-20	-15	-5	-2	det1=true
[2512]	53	68	-16	-8	-6	-1	det1=true
[2513]	53	68	-17	-8	-6	1	det1=true
[2514]	55	68	-14	-15	-1	-6	det1=true
[2515]	55	68	-20	-15	-1	6	det1=true
[2516]	59	68	-24	-8	-1	-6	det1=true
[2517]	60	68	-20	-2	-4	-5	det1=true
[2518]	62	68	-24	-12	-4	5	det1=true
[2519]	68	68	-48	0	-4	-3	det1=true
[2520]	40	65	-8	1	-5	-2	det1=true
[2521]	54	65	-26	-20	-2	5	det1=true
[2522]	64	65	-22	-7	-2	-6	det1=true
[2523]	64	65	-28	-7	-2	6	det1=true
[2524]	30	66	-13	-8	-4	2	det1=true
[2525]	41	66	-12	-2	-5	-2	det1=true
[2526]	41	66	-14	-2	-5	2	det1=true
[2527]	66	66	-16	-8	-3	-6	det1=true
[2528]	66	66	-22	-8	-3	6	det1=true
[2529]	13	67	-2	1	-3	1	det1=true
[2530]	25	67	-6	-6	-3	-3	det1=true
[2531]	47	67	-11	-4	-5	-3	det1=true
[2532]	52	67	-16	2	-6	-1	det1=true
[2533]	57	67	-26	-6	-3	-5	det1=true
[2534]	57	67	-31	-6	-3	5	det1=true
[2535]	34	68	-8	-5	-3	-4	det1=true
[2536]	34	68	-12	-5	-3	4	det1=true
[2537]	35	68	-9	-8	-4	-3	det1=true
[2538]	35	68	-12	-8	-4	3	det1=true
[2539]	37	68	-20	0	-4	3	det1=true
[2540]	37	68	-18	-8	-3	4	det1=true
[2541]	39	68	-8	-4	-2	-5	det1=true
[2542]	39	68	-13	-4	-2	5	det1=true
[2543]	48	68	-22	-15	-5	2	det1=true
[2544]	29	65	-9	-5	-4	-2	det1=true
[2545]	29	65	-11	-5	-4	2	det1=true
[2546]	60	65	-16	2	-4	-5	det1=true
[2547]	60	65	-21	2	-4	5	det1=true
[2548]	30	66	-11	-8	-4	-2	det1=true
[2549]	42	67	-14	-4	-2	-5	det1=true
[2550]	42	67	-19	-4	-2	5	det1=true
[2551]	56	67	-15	-2	-6	-2	det1=true
[2552]	56	67	-17	-2	-6	2	det1=true
[2553]	22	68	-4	2	-4	-1	det1=true
[2554]	22	68	-5	2	-4	1	det1=true
[2555]	65	68	-24	-15	-6	-2	det1=true
[2556]	65	68	-26	-15	-6	2	det1=true
[2557]	68	68	-30	-4	-5	-4	det1=true
[2558]	68	68	-34	-4	-5	4	det1=true
[2559]	56	65	-20	0	-6	-1	det1=true
[2560]	56	65	-21	0	-6	1	det1=true
[2561]	60	65	-15	-4	-4	-5	det1=true
[2562]	60	65	-20	-4	-4	5	det1=true
[2563]	40	66	-10	1	-5	-2	det1=true
[2564]	40	66	-12	1	-5	2	det1=true
[2565]	56	66	-23	-22	-2	-5	det1=true
[2566]	56	66	-28	-22	-2	5	det1=true
[2567]	65	66	-30	-26	-5	-2	det1=true
[2568]	65	66	-32	-26	-5	2	det1=true
[2569]	65	66	-22	-10	-5	-4	det1=true
[2570]	30	67	-14	-5	-4	-2	det1=true
[2571]	30	67	-16	-5	-4	2	det1=true
[2572]	35	67	-11	-1	-3	-4	det1=true
[2573]	56	67	-20	-8	-6	-1	det1=true
[2574]	56	67	-21	-8	-6	1	det1=true
[2575]	58	67	-25	-2	-6	-1	det1=true
[2576]	58	67	-26	-2	-6	1	det1=true
[2577]	58	67	-22	-10	-6	-1	det1=true
[2578]	58	67	-23	-10	-6	1	det1=true
[2579]	60	66	-4	-2	-6	-3	det1=true
[2580]	60	66	-7	-2	-6	3	det1=true
[2581]	61	67	-26	-17	-5	-3	det1=true
[2582]	61	67	-29	-17	-5	3	det1=true
[2583]	67	67	-26	-14	-6	-2	det1=true
[2584]	67	67	-28	-14	-6	2	det1=true
[2585]	55	66	-6	2	-4	-5	det1=true
[2586]	55	66	-11	2	-4	5	det1=true
[2587]	55	67	-21	-12	-3	-5	det1=true
[2588]	65	65	-17	-15	-5	-4	det1=true
[2589]	59	67	-27	-10	-3	-5	det1=true
[2590]	59	67	-32	-10	-3	5	det1=true
[2591]	61	67	-28	-5	-6	-1	det1=true
[2592]	61	67	-29	-5	-6	1	det1=true
[2593]	45	68	-19	-8	-2	-5	det1=true
[2594]	57	67	-27	-5	-5	-3	det1=true
[2595]	57	67	-30	-5	-5	3	det1=true
[2596]	54	68	-18	-4	-1	-6	det1=true
[2597]	54	68	-24	-4	-1	6	det1=true
[2598]	62	68	-22	-19	-1	-6	det1=true
[2599]	62	68	-28	-19	-1	6	det1=true
[2600]	30	67	-13	-6	-2	-4	det1=true
[2601]	30	67	-17	-6	-2	4	det1=true
[2602]	30	66	-10	-9	-2	-4	det1=true
[2603]	30	66	-14	-9	-2	4	det1=true
[2604]	47	67	-10	-5	-3	-5	det1=true
[2605]	47	67	-15	-5	-3	5	det1=true
[2606]	28	69	-12	1	-2	-4	det1=true
[2607]	63	71	-22	-1	-6	-3	det1=true
[2608]	63	71	-25	-1	-6	3	det1=true
[2609]	66	71	-26	-2	-6	-3	det1=true
[2610]	66	71	-29	-2	-6	3	det1=true
[2611]	33	69	-4	2	-5	-1	det1=true
[2612]	33	69	-5	2	-5	1	det1=true
[2613]	47	69	-14	-3	-3	-5	det1=true
[2614]	47	69	-19	-3	-3	5	det1=true
[2615]	69	70	-10	-6	-2	-7	det1=true
[2616]	69	70	-17	-6	-2	7	det1=true
[2617]	35	71	-10	-8	-1	-5	det1=true
[2618]	35	71	-15	-8	-1	5	det1=true
[2619]	53	71	-15	-3	-6	-2	det1=true
[2620]	53	71	-17	-3	-6	2	det1=true
[2621]	71	71	-26	3	-7	-1	det1=true
[2622]	71	71	-27	3	-7	1	det1=true
[2623]	71	72	-20	-5	-7	-2	det1=true
[2624]	26	69	-5	-2	-2	-4	det1=true
[2625]	26	69	-9	-2	-2	4	det1=true
[2626]	52	69	-8	-3	-6	-2	det1=true
[2627]	52	69	-10	-3	-6	2	det1=true
[2628]	62	69	-16	-2	-3	-6	det1=true
[2629]	63	69	-17	-5	-3	-6	det1=true
[2630]	63	69	-23	-5	-3	6	det1=true
[2631]	63	69	1	-1	-1	-7	det1=true
[2632]	63	69	-6	-1	-1	7	det1=true
[2633]	67	69	-16	0	-7	-1	det1=true
[2634]	67	69	-17	0	-7	1	det1=true
[2635]	34	70	-9	-8	-4	-3	det1=true
[2636]	34	70	-12	-8	-4	3	det1=true
[2637]	52	70	-19	-4	-6	-1	det1=true
[2638]	52	70	-20	-4	-6	1	det1=true
[2639]	13	71	-6	-2	-3	-1	det1=true
[2640]	13	71	-7	-2	-3	1	det1=true
[2641]	13	71	-5	-3	-1	-3	det1=true
[2642]	13	71	-8	-3	-1	3	det1=true
[2643]	36	71	-3	-2	-2	-5	det1=true
[2644]	36	71	-8	-2	-2	5	det1=true
[2645]	39	71	-16	-13	-5	-1	det1=true
[2646]	39	71	-17	-13	-5	1	det1=true
[2647]	39	71	-13	-5	-5	-2	det1=true
[2648]	39	71	-15	-5	-5	2	det1=true
[2649]	46	71	-10	-2	-1	6	det1=true
[2650]	53	71	-23	3	-6	-1	det1=true
[2651]	53	71	-24	3	-6	1	det1=true
[2652]	64	71	-25	-16	-2	-6	det1=true
[2653]	64	71	-31	-16	-2	6	det1=true
[2654]	64	71	-2	-1	-6	-4	det1=true
[2655]	64	71	-6	-1	-6	4	det1=true
[2656]	67	71	-29	-23	-6	-1	det1=true
[2657]	67	71	-30	-23	-6	1	det1=true
[2658]	69	71	-29	-17	-5	-4	det1=true
[2659]	69	71	-33	-17	-5	4	det1=true
[2660]	69	71	-9	-11	-2	-7	det1=true
[2661]	69	71	-16	-11	-2	7	det1=true
[2662]	71	71	-1	2	-7	-3	det1=true
[2663]	71	71	-4	2	-7	3	det1=true
[2664]	54	72	-16	0	-5	-4	det1=true
[2665]	54	72	-20	0	-5	4	det1=true
[2666]	66	72	-27	-16	-4	-5	det1=true
[2667]	66	72	-32	-16	-4	5	det1=true
[2668]	28	69	-13	2	-4	-2	det1=true
[2669]	28	69	-15	2	-4	2	det1=true
[2670]	35	69	-13	-3	-3	-4	det1=true
[2671]	35	69	-17	-3	-3	4	det1=true
[2672]	37	69	-13	-7	-1	-5	det1=true
[2673]	37	69	-18	-7	-1	5	det1=true
[2674]	42	69	-17	0	-2	-5	det1=true
[2675]	43	69	-20	-11	-2	5	det1=true
[2676]	48	69	-6	-4	-1	-6	det1=true
[2677]	48	69	-12	-4	-1	6	det1=true
[2678]	56	69	-12	-8	-5	-4	det1=true
[2679]	56	69	-16	-8	-5	4	det1=true
[2680]	65	69	-24	-13	-4	-5	det1=true
[2681]	65	69	-29	-13	-4	5	det1=true
[2682]	65	69	-9	-4	-7	-1	det1=true
[2683]	65	69	-10	-4	-7	1	det1=true
[2684]	69	69	-15	-10	-7	-1	det1=true
[2685]	69	69	-16	-10	-7	1	det1=true
[2686]	17	70	-6	-2	-3	-2	det1=true
[2687]	17	70	-8	-2	-3	2	det1=true
[2688]	32	70	-6	-1	-3	-4	det1=true
[2689]	32	70	-10	-1	-3	4	det1=true
[2690]	47	70	-4	-5	-1	-6	det1=true
[2691]	47	70	-10	-5	-1	6	det1=true
[2692]	50	70	-20	0	-1	6	det1=true
[2693]	50	70	-15	-4	-6	-1	det1=true
[2694]	50	70	-16	-4	-6	1	det1=true
[2695]	52	70	-12	3	-6	-2	det1=true
[2696]	52	70	-14	3	-6	2	det1=true
[2697]	58	70	-15	-12	-4	-5	det1=true
[2698]	58	70	-20	-12	-4	5	det1=true
[2699]	62	70	-24	-20	-6	-1	det1=true
[2700]	62	70	-25	-20	-6	1	det1=true
[2701]	64	70	-29	-12	-6	2	det1=true
[2702]	16	71	-1	0	-2	-3	det1=true
[2703]	16	71	-4	0	-2	3	det1=true
[2704]	17	71	-5	-5	-2	-3	det1=true
[2705]	17	71	-8	-5	-2	3	det1=true
[2706]	33	71	-8	-3	-5	1	det1=true
[2707]	43	71	-6	-4	-3	-5	det1=true
[2708]	43	71	-11	-4	-3	5	det1=true
[2709]	53	71	-15	-5	-4	5	det1=true
[2710]	56	71	-27	0	-6	-1	det1=true
[2711]	56	71	-28	0	-6	1	det1=true
[2712]	56	71	-20	-5	-6	-2	det1=true
[2713]	56	71	-22	-5	-6	2	det1=true
[2714]	56	71	-20	-9	-6	2	det1=true
[2715]	56	71	-16	-11	-2	-6	det1=true
[2716]	56	71	-22	-11	-2	6	det1=true
[2717]	59	71	-23	0	-5	-4	det1=true
[2718]	63	71	-12	2	-7	1	det1=true
[2719]	63	71	-8	-1	-1	-7	det1=true
[2720]	69	71	-26	-21	-4	-5	det1=true
[2721]	69	71	-31	-21	-4	5	det1=true
[2722]	71	71	-26	-26	-2	-6	det1=true
[2723]	71	71	-32	-26	-2	6	det1=true
[2724]	42	72	-25	0	-2	5	det1=true
[2725]	45	72	-4	0	-6	-1	det1=true
[2726]	45	72	-5	0	-6	1	det1=true
[2727]	46	72	-6	-4	-1	-6	det1=true
[2728]	46	72	-12	-4	-1	6	det1=true
[2729]	50	72	-19	0	-6	-1	det1=true
[2730]	50	72	-20	0	-6	1	det1=true
[2731]	50	72	-4	2	-4	-5	det1=true
[2732]	50	72	-9	2	-4	5	det1=true
[2733]	55	72	-4	-2	-6	-3	det1=true
[2734]	55	72	-7	-2	-6	3	det1=true
[2735]	62	72	-27	-4	-4	-5	det1=true
[2736]	62	72	-32	-4	-4	5	det1=true
[2737]	64	72	-23	-18	-4	-5	det1=true
[2738]	64	72	-28	-18	-4	5	det1=true
[2739]	65	72	-4	-4	-2	-7	det1=true
[2740]	65	72	-11	-4	-2	7	det1=true
[2741]	70	72	-20	3	-7	-2	det1=true
[2742]	70	72	-22	3	-7	2	det1=true
[2743]	29	69	-11	-9	-4	-2	det1=true
[2744]	29	69	-13	-9	-4	2	det1=true
[2745]	33	69	-2	0	-1	-5	det1=true
[2746]	33	69	-7	0	-1	5	det1=true
[2747]	35	69	-12	1	-5	-1	det1=true
[2748]	35	69	-10	-1	-1	-5	det1=true
[2749]	39	69	-11	-3	-5	-2	det1=true
[2750]	39	69	-8	-7	-2	-5	det1=true
[2751]	39	69	-13	-7	-2	5	det1=true
[2752]	42	69	-18	-2	-5	-2	det1=true
[2753]	42	69	-20	-2	-5	2	det1=true
[2754]	42	69	-14	-10	-5	-2	det1=true
[2755]	42	69	-16	-10	-5	2	det1=true
[2756]	45	69	-22	-16	-5	-1	det1=true
[2757]	45	69	-23	-16	-5	1	det1=true
[2758]	47	69	-15	-2	-5	-3	det1=true
[2759]	47	69	-18	-2	-5	3	det1=true
[2760]	51	69	-16	-3	-6	-1	det1=true
[2761]	51	69	-17	-3	-6	1	det1=true
[2762]	53	69	-12	-1	-4	5	det1=true
[2763]	55	69	-15	1	-2	-6	det1=true
[2764]	55	69	-21	1	-2	6	det1=true
[2765]	55	69	-10	-7	-4	-5	det1=true
[2766]	55	69	-15	-7	-4	5	det1=true
[2767]	59	69	-19	-6	-5	-4	det1=true
[2768]	59	69	-23	-6	-5	4	det1=true
[2769]	60	69	-18	-11	-5	-4	det1=true
[2770]	60	69	-22	-11	-5	4	det1=true
[2771]	61	69	-26	0	-6	-2	det1=true
[2772]	61	69	-28	0	-6	2	det1=true
[2773]	61	69	-23	1	-4	-5	det1=true
[2774]	61	69	-28	1	-4	5	det1=true
[2775]	61	69	-19	-12	-5	-4	det1=true
[2776]	61	69	-23	-12	-5	4	det1=true
[2777]	62	69	-22	-2	-3	6	det1=true
[2778]	63	69	-28	-15	-6	-1	det1=true
[2779]	63	69	-29	-15	-6	1	det1=true
[2780]	63	69	-2	2	-7	-1	det1=true
[2781]	63	69	-3	2	-7	1	det1=true
[2782]	67	69	-30	-1	-4	-5	det1=true
[2783]	68	69	-30	-8	-5	-4	det1=true
[2784]	68	69	-34	-8	-5	4	det1=true
[2785]	68	69	-23	-20	-4	-5	det1=true
[2786]	68	69	-28	-20	-4	5	det1=true
[2787]	69	69	-26	-7	-6	-3	det1=true
[2788]	69	69	-29	-7	-6	3	det1=true
[2789]	39	70	-9	-8	-2	-5	det1=true
[2790]	39	70	-14	-8	-2	5	det1=true
[2791]	40	70	-16	-16	-3	-4	det1=true
[2792]	40	70	-20	-16	-3	4	det1=true
[2793]	46	70	0	0	-1	-6	det1=true
[2794]	46	70	-6	0	-1	6	det1=true
[2795]	49	70	-14	0	-6	-1	det1=true
[2796]	52	70	-10	1	-2	-6	det1=true
[2797]	52	70	-16	1	-2	6	det1=true
[2798]	53	70	-14	-14	-1	-6	det1=true
[2799]	53	70	-20	-14	-1	6	det1=true
[2800]	59	70	-29	-4	-6	-1	det1=true
[2801]	59	70	-30	-4	-6	1	det1=true
[2802]	60	70	-24	1	-2	-6	det1=true
[2803]	60	70	-30	1	-2	6	det1=true
[2804]	64	70	-25	-14	-2	-6	det1=true
[2805]	64	70	-31	-14	-2	6	det1=true
[2806]	67	70	-6	-3	-7	-2	det1=true
[2807]	69	70	-10	-7	-7	-2	det1=true
[2808]	69	70	-12	-7	-7	2	det1=true
[2809]	23	71	-11	-3	-4	-1	det1=true
[2810]	23	71	-12	-3	-4	1	det1=true
[2811]	27	71	-8	-8	-2	-4	det1=true
[2812]	34	71	-14	0	-4	-3	det1=true
[2813]	34	71	-17	0	-4	3	det1=true
[2814]	35	71	-16	-1	-4	-3	det1=true
[2815]	35	71	-19	-1	-4	3	det1=true
[2816]	35	71	-13	-8	-3	-4	det1=true
[2817]	35	71	-17	-8	-3	4	det1=true
[2818]	35	71	-12	-6	-5	-1	det1=true
[2819]	35	71	-13	-6	-5	1	det1=true
[2820]	42	71	-13	-14	-2	-5	det1=true
[2821]	42	71	-18	-14	-2	5	det1=true
[2822]	43	71	-7	-2	-3	-5	det1=true
[2823]	43	71	-12	-2	-3	5	det1=true
[2824]	43	71	-7	-3	-5	-3	det1=true
[2825]	43	71	-10	-3	-5	3	det1=true
[2826]	46	71	-4	-2	-1	-6	det1=true
[2827]	47	71	-18	-19	-2	-5	det1=true
[2828]	47	71	-23	-19	-2	5	det1=true
[2829]	47	71	-10	-1	-6	-1	det1=true
[2830]	47	71	-11	-1	-6	1	det1=true
[2831]	54	71	-14	-2	-5	-4	det1=true
[2832]	54	71	-10	-9	-5	-4	det1=true
[2833]	54	71	-14	-9	-5	4	det1=true
[2834]	56	71	-18	-9	-6	-2	det1=true
[2835]	60	71	-20	-12	-4	-5	det1=true
[2836]	60	71	-25	-12	-4	5	det1=true
[2837]	63	71	-11	2	-7	-1	det1=true
[2838]	66	71	-8	1	-7	-2	det1=true
[2839]	66	71	-10	1	-7	2	det1=true
[2840]	67	71	-31	-8	-5	-4	det1=true
[2841]	67	71	-35	-8	-5	4	det1=true
[2842]	67	71	-11	-5	-4	-6	det1=true
[2843]	67	71	-17	-5	-4	6	det1=true
[2844]	68	71	-31	-22	-6	-1	det1=true
[2845]	68	71	-32	-22	-6	1	det1=true
[2846]	68	71	-27	-18	-4	-5	det1=true
[2847]	70	71	-14	-11	-4	-6	det1=true
[2848]	70	71	-20	-11	-4	6	det1=true
[2849]	71	71	-31	-27	-6	1	det1=true
[2850]	39	72	-16	1	-5	-2	det1=true
[2851]	39	72	-18	1	-5	2	det1=true
[2852]	44	72	-20	-12	-5	-2	det1=true
[2853]	44	72	-22	-12	-5	2	det1=true
[2854]	46	72	-20	-16	-2	-5	det1=true
[2855]	46	72	-25	-16	-2	5	det1=true
[2856]	47	72	-25	-18	-2	5	det1=true
[2857]	55	72	-18	1	-5	-4	det1=true
[2858]	55	72	-22	1	-5	4	det1=true
[2859]	57	72	-28	-6	-6	-1	det1=true
[2860]	57	72	-29	-6	-6	1	det1=true
[2861]	59	72	-17	2	-6	-3	det1=true
[2862]	59	72	-20	2	-6	3	det1=true
[2863]	60	72	-30	-19	-1	6	det1=true
[2864]	63	72	-17	-14	-6	-3	det1=true
[2865]	63	72	-20	-14	-6	3	det1=true
[2866]	66	72	-28	-24	-6	-1	det1=true
[2867]	66	72	-29	-24	-6	1	det1=true
[2868]	67	72	-31	-10	-4	-5	det1=true
[2869]	67	72	-36	-10	-4	5	det1=true
[2870]	68	72	-13	-4	-2	-7	det1=true
[2871]	70	72	-13	-12	-2	-7	det1=true
[2872]	70	72	-20	-12	-2	7	det1=true
[2873]	71	72	-30	-28	-1	-6	det1=true
[2874]	71	72	-36	-28	-1	6	det1=true
[2875]	25	69	-8	-7	-3	-3	det1=true
[2876]	25	69	-11	-7	-3	3	det1=true
[2877]	35	69	-13	1	-5	1	det1=true
[2878]	35	69	-15	-1	-1	5	det1=true
[2879]	39	69	-13	-3	-5	2	det1=true
[2880]	43	69	-15	-11	-2	-5	det1=true
[2881]	53	69	-7	-1	-4	-5	det1=true
[2882]	54	69	-22	0	-6	-1	det1=true
[2883]	54	69	-23	0	-6	1	det1=true
[2884]	60	69	-13	-2	-6	-3	det1=true
[2885]	63	69	-17	-7	-6	-3	det1=true
[2886]	63	69	-20	-7	-6	3	det1=true
[2887]	64	69	-24	-11	-5	-4	det1=true
[2888]	65	69	-6	-7	-1	-7	det1=true
[2889]	65	69	-13	-7	-1	7	det1=true
[2890]	69	69	-27	-25	-1	-6	det1=true
[2891]	69	69	-33	-25	-1	6	det1=true
[2892]	69	69	-17	-1	-1	-7	det1=true
[2893]	69	69	-24	-1	-1	7	det1=true
[2894]	36	70	1	0	-2	-5	det1=true
[2895]	36	70	-4	0	-2	5	det1=true
[2896]	41	70	-14	-8	-2	-5	det1=true
[2897]	41	70	-19	-8	-2	5	det1=true
[2898]	45	70	-20	-14	-5	2	det1=true
[2899]	49	70	-15	0	-6	1	det1=true
[2900]	50	70	-14	0	-1	-6	det1=true
[2901]	56	70	-19	-4	-6	-2	det1=true
[2902]	56	70	-21	-4	-6	2	det1=true
[2903]	56	70	-17	-6	-2	-6	det1=true
[2904]	56	70	-23	-6	-2	6	det1=true
[2905]	67	70	-6	0	-2	-7	det1=true
[2906]	67	70	-13	0	-2	7	det1=true
[2907]	67	70	-8	-3	-7	2	det1=true
[2908]	69	70	-14	1	-7	-2	det1=true
[2909]	69	70	-16	1	-7	2	det1=true
[2910]	33	71	-7	-3	-5	-1	det1=true
[2911]	38	71	-15	-14	-4	-3	det1=true
[2912]	38	71	-18	-14	-4	3	det1=true
[2913]	41	71	-18	-17	-4	-3	det1=true
[2914]	41	71	-21	-17	-4	3	det1=true
[2915]	43	71	-8	-1	-5	-3	det1=true
[2916]	43	71	-11	-1	-5	3	det1=true
[2917]	46	71	-5	-2	-6	-1	det1=true
[2918]	46	71	-6	-2	-6	1	det1=true
[2919]	53	71	-20	-16	-3	-5	det1=true
[2920]	53	71	-25	-16	-3	5	det1=true
[2921]	53	71	-10	-5	-4	-5	det1=true
[2922]	54	71	-24	-13	-1	6	det1=true
[2923]	54	71	-18	-2	-5	4	det1=true
[2924]	55	71	-19	-14	-1	-6	det1=true
[2925]	55	71	-25	-14	-1	6	det1=true
[2926]	59	71	-19	-11	-4	-5	det1=true
[2927]	59	71	-16	-15	-4	-5	det1=true
[2928]	59	71	-21	-15	-4	5	det1=true
[2929]	62	71	-24	-21	-1	-6	det1=true
[2930]	62	71	-30	-21	-1	6	det1=true
[2931]	70	71	-34	0	-6	3	det1=true
[2932]	71	71	-30	-27	-6	-1	det1=true
[2933]	21	72	-4	-2	-4	-1	det1=true
[2934]	21	72	-5	-2	-4	1	det1=true
[2935]	39	72	-12	-8	-2	-5	det1=true
[2936]	39	72	-17	-8	-2	5	det1=true
[2937]	51	72	-8	0	-4	-5	det1=true
[2938]	51	72	-13	0	-4	5	det1=true
[2939]	52	72	-10	-4	-5	-4	det1=true
[2940]	52	72	-14	-4	-5	4	det1=true
[2941]	56	72	-18	-19	-1	-6	det1=true
[2942]	60	72	-24	-19	-1	-6	det1=true
[2943]	62	72	-25	-18	-4	5	det1=true
[2944]	63	72	-20	-10	-6	-3	det1=true
[2945]	63	72	-23	-10	-6	3	det1=true
[2946]	67	72	-14	3	-7	-2	det1=true
[2947]	67	72	-16	3	-7	2	det1=true
[2948]	22	69	-4	-2	-1	-4	det1=true
[2949]	22	69	-8	-2	-1	4	det1=true
[2950]	32	69	-4	0	-3	-4	det1=true
[2951]	32	69	-8	0	-3	4	det1=true
[2952]	37	69	-15	-5	-5	-1	det1=true
[2953]	37	69	-16	-5	-5	1	det1=true
[2954]	48	69	-20	-16	-2	-5	det1=true
[2955]	48	69	-25	-16	-2	5	det1=true
[2956]	55	69	-13	-1	-5	-4	det1=true
[2957]	55	69	-17	-1	-5	4	det1=true
[2958]	64	69	-28	-11	-5	4	det1=true
[2959]	66	69	-22	-18	-5	-4	det1=true
[2960]	66	69	-26	-18	-5	4	det1=true
[2961]	67	69	-23	-5	-3	-6	det1=true
[2962]	67	69	-29	-5	-3	6	det1=true
[2963]	68	69	-9	-4	-4	-6	det1=true
[2964]	68	69	-15	-4	-4	6	det1=true
[2965]	69	69	-20	2	-7	-1	det1=true
[2966]	69	69	-21	2	-7	1	det1=true
[2967]	37	70	-6	0	-2	-5	det1=true
[2968]	37	70	-11	0	-2	5	det1=true
[2969]	45	70	-18	-14	-5	-2	det1=true
[2970]	64	70	-27	-12	-6	-2	det1=true
[2971]	67	70	-11	0	-6	-4	det1=true
[2972]	67	70	-15	0	-6	4	det1=true
[2973]	70	70	-27	-22	-2	-6	det1=true
[2974]	70	70	-33	-22	-2	6	det1=true
[2975]	70	70	-12	-8	-7	-2	det1=true
[2976]	70	70	-14	-8	-7	2	det1=true
[2977]	21	71	-1	-2	-1	-4	det1=true
[2978]	21	71	-5	-2	-1	4	det1=true
[2979]	27	71	-12	-8	-2	4	det1=true
[2980]	31	71	-4	1	-4	-3	det1=true
[2981]	31	71	-7	1	-4	3	det1=true
[2982]	49	71	-13	-3	-1	-6	det1=true
[2983]	49	71	-19	-3	-1	6	det1=true
[2984]	57	71	-21	1	-2	-6	det1=true
[2985]	57	71	-27	1	-2	6	det1=true
[2986]	59	71	-27	0	-5	4	det1=true
[2987]	63	71	-15	-1	-1	7	det1=true
[2988]	70	71	-31	0	-6	-3	det1=true
[2989]	71	71	-18	-15	-1	-7	det1=true
[2990]	71	71	-25	-15	-1	7	det1=true
[2991]	27	72	-11	-6	-4	-2	det1=true
[2992]	27	72	-13	-6	-4	2	det1=true
[2993]	35	72	1	0	-2	-5	det1=true
[2994]	35	72	-4	0	-2	5	det1=true
[2995]	41	72	-14	-12	-5	-2	det1=true
[2996]	47	72	-20	-18	-2	-5	det1=true
[2997]	48	72	-12	-4	-1	-6	det1=true
[2998]	48	72	-18	-4	-1	6	det1=true
[2999]	51	72	-18	-4	-1	-6	det1=true
[3000]	51	72	-24	-4	-1	6	det1=true
[3001]	51	72	-19	-6	-6	-1	det1=true
[3002]	51	72	-20	-6	-6	1	det1=true
[3003]	52	72	-16	0	-4	5	det1=true
[3004]	60	72	-20	-14	-4	-5	det1=true
[3005]	60	72	-25	-14	-4	5	det1=true
[3006]	62	72	-20	-18	-4	-5	det1=true
[3007]	65	72	-5	-2	-2	-7	det1=true
[3008]	65	72	-12	-2	-2	7	det1=true
[3009]	68	72	-20	-4	-2	7	det1=true
[3010]	38	69	-5	-6	-2	-5	det1=true
[3011]	38	69	-10	-6	-2	5	det1=true
[3012]	58	69	-17	-6	-4	-5	det1=true
[3013]	60	69	-22	0	-5	-4	det1=true
[3014]	60	69	-26	0	-5	4	det1=true
[3015]	60	69	-16	-2	-6	3	det1=true
[3016]	69	69	-31	-7	-4	-5	det1=true
[3017]	69	69	-36	-7	-4	5	det1=true
[3018]	69	69	-12	-13	-1	-7	det1=true
[3019]	69	69	-19	-13	-1	7	det1=true
[3020]	52	70	-11	-2	-6	-2	det1=true
[3021]	52	70	-13	-2	-6	2	det1=true
[3022]	52	70	-15	-4	-2	6	det1=true
[3023]	67	70	-16	-1	-4	6	det1=true
[3024]	49	71	-1	1	-6	-2	det1=true
[3025]	51	71	-23	-3	-3	-5	det1=true
[3026]	51	71	-28	-3	-3	5	det1=true
[3027]	53	71	-24	-9	-3	-5	det1=true
[3028]	53	71	-29	-9	-3	5	det1=true
[3029]	59	71	-24	-11	-4	5	det1=true
[3030]	60	71	-24	2	-4	-5	det1=true
[3031]	60	71	-29	2	-4	5	det1=true
[3032]	71	71	-28	-24	-6	-2	det1=true
[3033]	71	71	-30	-24	-6	2	det1=true
[3034]	71	71	-15	-9	-2	-7	det1=true
[3035]	10	72	-4	1	-2	-2	det1=true
[3036]	10	72	-6	1	-2	2	det1=true
[3037]	52	72	-11	0	-4	-5	det1=true
[3038]	53	72	-14	1	-5	-4	det1=true
[3039]	53	72	-18	1	-5	4	det1=true
[3040]	47	69	-11	-9	-3	-5	det1=true
[3041]	49	69	-23	-17	-5	2	det1=true
[3042]	53	69	-24	-5	-5	-3	det1=true
[3043]	53	69	-27	-5	-5	3	det1=true
[3044]	53	69	-23	-6	-3	-5	det1=true
[3045]	53	69	-28	-6	-3	5	det1=true
[3046]	56	69	-15	2	-4	-5	det1=true
[3047]	56	69	-20	2	-4	5	det1=true
[3048]	58	69	-25	-26	-2	-5	det1=true
[3049]	67	69	-13	-3	-1	-7	det1=true
[3050]	67	69	-20	-3	-1	7	det1=true
[3051]	69	69	-25	-7	-3	-6	det1=true
[3052]	69	69	-31	-7	-3	6	det1=true
[3053]	31	70	1	2	-4	-3	det1=true
[3054]	31	70	-2	2	-4	3	det1=true
[3055]	34	70	-13	2	-4	-3	det1=true
[3056]	34	70	-16	2	-4	3	det1=true
[3057]	52	70	-9	-4	-2	-6	det1=true
[3058]	67	70	-24	-6	-3	-6	det1=true
[3059]	67	70	-30	-6	-3	6	det1=true
[3060]	39	71	-17	-11	-1	-5	det1=true
[3061]	39	71	-22	-11	-1	5	det1=true
[3062]	47	71	-18	0	-5	-3	det1=true
[3063]	47	71	-21	0	-5	3	det1=true
[3064]	53	71	-25	-8	-5	-3	det1=true
[3065]	53	71	-28	-8	-5	3	det1=true
[3066]	54	71	-18	-13	-1	-6	det1=true
[3067]	65	71	-3	3	-7	-2	det1=true
[3068]	65	71	-5	3	-7	2	det1=true
[3069]	69	71	-25	-13	-3	-6	det1=true
[3070]	69	71	-31	-13	-3	6	det1=true
[3071]	41	72	-16	-12	-5	2	det1=true
[3072]	53	72	-19	-12	-6	-1	det1=true
[3073]	53	72	-20	-12	-6	1	det1=true
[3074]	58	72	-22	-4	-5	-4	det1=true
[3075]	58	72	-26	-4	-5	4	det1=true
[3076]	72	72	-40	-11	-5	4	det1=true
[3077]	37	69	-5	2	-5	-2	det1=true
[3078]	37	69	-7	2	-5	2	det1=true
[3079]	49	69	-21	-17	-5	-2	det1=true
[3080]	54	69	-9	-4	-4	-5	det1=true
[3081]	54	69	-14	-4	-4	5	det1=true
[3082]	63	69	-28	-29	-2	-5	det1=true
[3083]	63	69	-33	-29	-2	5	det1=true
[3084]	32	71	-8	0	-3	-4	det1=true
[3085]	32	71	-12	0	-3	4	det1=true
[3086]	37	71	-8	1	-2	-5	det1=true
[3087]	37	71	-13	1	-2	5	det1=true
[3088]	38	71	-12	-1	-5	-2	det1=true
[3089]	38	71	-14	-1	-5	2	det1=true
[3090]	39	71	-19	-9	-5	-1	det1=true
[3091]	39	71	-20	-9	-5	1	det1=true
[3092]	62	71	-15	-12	-6	-3	det1=true
[3093]	62	71	-18	-12	-6	3	det1=true
[3094]	71	71	-22	-9	-2	7	det1=true
[3095]	21	72	-4	0	-1	-4	det1=true
[3096]	21	72	-8	0	-1	4	det1=true
[3097]	62	72	-23	-14	-4	-5	det1=true
[3098]	62	72	-28	-14	-4	5	det1=true
[3099]	72	72	-36	-11	-5	-4	det1=true
[3100]	37	69	-2	-3	-2	-5	det1=true
[3101]	37	69	-7	-3	-2	5	det1=true
[3102]	55	69	-24	-23	-2	-5	det1=true
[3103]	55	69	-29	-23	-2	5	det1=true
[3104]	66	69	-29	0	-4	-5	det1=true
[3105]	43	70	-18	-9	-5	-2	det1=true
[3106]	43	70	-20	-9	-5	2	det1=true
[3107]	55	70	-20	-10	-1	-6	det1=true
[3108]	55	70	-26	-10	-1	6	det1=true
[3109]	53	71	-21	-15	-5	-3	det1=true
[3110]	53	71	-24	-15	-5	3	det1=true
[3111]	29	69	-10	-10	-2	-4	det1=true
[3112]	29	69	-14	-10	-2	4	det1=true
[3113]	42	70	-16	-8	-2	-5	det1=true
[3114]	42	70	-21	-8	-2	5	det1=true
[3115]	52	70	-20	0	-6	-1	det1=true
[3116]	52	70	-21	0	-6	1	det1=true
[3117]	38	71	-10	-4	-2	-5	det1=true
[3118]	38	71	-15	-4	-2	5	det1=true
[3119]	47	71	-17	-1	-3	-5	det1=true
[3120]	47	71	-22	-1	-3	5	det1=true
[3121]	51	71	-24	-2	-5	-3	det1=true
[3122]	51	71	-27	-2	-5	3	det1=true
[3123]	62	72	-28	0	-5	-4	det1=true
[3124]	62	72	-32	0	-5	4	det1=true
[3125]	38	71	-9	-6	-2	-5	det1=true
[3126]	46	70	-18	-16	-5	-2	det1=true
[3127]	46	70	-20	-16	-5	2	det1=true
[3128]	70	70	-15	-6	-4	-6	det1=true
[3129]	70	70	-21	-6	-4	6	det1=true
[3130]	70	70	-16	0	-7	-2	det1=true
[3131]	70	70	-36	-24	-1	6	det1=true
[3132]	60	70	-26	3	-6	-2	det1=true
[3133]	60	70	-28	3	-6	2	det1=true
[3134]	70	70	-29	-20	-6	-2	det1=true
[3135]	70	70	-31	-20	-6	2	det1=true
[3136]	47	69	-12	-8	-5	-3	det1=true
[3137]	58	70	-28	-24	-5	-2	det1=true
[3138]	52	73	-16	-3	-6	-2	det1=true
[3139]	52	73	-18	-3	-6	2	det1=true
[3140]	73	73	-2	-1	-6	-5	det1=true
[3141]	73	73	-7	-1	-6	5	det1=true
[3142]	70	74	-32	-21	-2	-6	det1=true
[3143]	70	74	-38	-21	-2	6	det1=true
[3144]	55	73	-9	3	-6	-3	det1=true
[3145]	55	73	-12	3	-6	3	det1=true
[3146]	67	73	-20	-8	-7	-1	det1=true
[3147]	67	73	-21	-8	-7	1	det1=true
[3148]	73	73	-14	-4	-7	-3	det1=true
[3149]	73	73	-17	-4	-7	3	det1=true
[3150]	52	74	-15	-8	-6	-2	det1=true
[3151]	52	74	-17	-8	-6	2	det1=true
[3152]	22	75	-10	-6	-4	-1	det1=true
[3153]	22	75	-11	-6	-4	1	det1=true
[3154]	44	75	-20	-16	-5	-2	det1=true
[3155]	44	75	-22	-16	-5	2	det1=true
[3156]	71	75	-30	-4	-7	-1	det1=true
[3157]	71	75	-31	-4	-7	1	det1=true
[3158]	48	76	-7	2	-4	-5	det1=true
[3159]	48	76	-12	2	-4	5	det1=true
[3160]	52	76	-13	-14	-2	-6	det1=true
[3161]	52	76	-19	-14	-2	6	det1=true
[3162]	53	76	-16	-13	-2	-6	det1=true
[3163]	53	76	-22	-13	-2	6	det1=true
[3164]	25	73	-6	-4	-2	-4	det1=true
[3165]	25	73	-10	-4	-2	4	det1=true
[3166]	42	73	-17	-12	-2	-5	det1=true
[3167]	42	73	-22	-12	-2	5	det1=true
[3168]	52	73	-14	-5	-2	-6	det1=true
[3169]	52	73	-20	-5	-2	6	det1=true
[3170]	54	73	-17	0	-4	-5	det1=true
[3171]	54	73	-22	0	-4	5	det1=true
[3172]	61	73	-12	-6	-1	7	det1=true
[3173]	69	73	-15	-10	-7	-2	det1=true
[3174]	16	74	-6	-1	-3	-2	det1=true
[3175]	16	74	-8	-1	-3	2	det1=true
[3176]	32	74	-12	0	-3	-4	det1=true
[3177]	32	74	-16	0	-3	4	det1=true
[3178]	33	74	-15	2	-4	-3	det1=true
[3179]	33	74	-18	2	-4	3	det1=true
[3180]	48	74	-22	-20	-5	-2	det1=true
[3181]	48	74	-24	-20	-5	2	det1=true
[3182]	61	74	-28	-5	-5	-4	det1=true
[3183]	61	74	-32	-5	-5	4	det1=true
[3184]	62	74	-25	-18	-6	-2	det1=true
[3185]	62	74	-27	-18	-6	2	det1=true
[3186]	69	74	-26	0	-2	7	det1=true
[3187]	74	74	-47	0	-6	-1	det1=true
[3188]	74	74	-48	0	-6	1	det1=true
[3189]	74	74	-28	-5	-6	-4	det1=true
[3190]	74	74	-32	-5	-6	4	det1=true
[3191]	42	75	-18	-14	-5	-2	det1=true
[3192]	42	75	-20	-14	-5	2	det1=true
[3193]	48	75	-20	0	-6	1	det1=true
[3194]	48	75	-4	2	-4	-5	det1=true
[3195]	48	75	-9	2	-4	5	det1=true
[3196]	56	75	-26	3	-6	-2	det1=true
[3197]	56	75	-28	3	-6	2	det1=true
[3198]	65	75	-15	-1	-7	-2	det1=true
[3199]	65	75	-17	-1	-7	2	det1=true
[3200]	65	75	-12	-5	-2	-7	det1=true
[3201]	67	75	-31	-5	-6	-3	det1=true
[3202]	67	75	-34	-5	-6	3	det1=true
[3203]	69	75	-16	-13	-2	-7	det1=true
[3204]	69	75	-23	-13	-2	7	det1=true
[3205]	72	75	-26	-5	-7	-2	det1=true
[3206]	72	75	-28	-5	-7	2	det1=true
[3207]	75	75	-23	-17	-2	-7	det1=true
[3208]	75	75	-30	-17	-2	7	det1=true
[3209]	36	76	-12	-2	-2	-5	det1=true
[3210]	36	76	-17	-2	-2	5	det1=true
[3211]	43	76	-19	-16	-2	-5	det1=true
[3212]	43	76	-24	-16	-2	5	det1=true
[3213]	52	76	-19	-6	-6	-2	det1=true
[3214]	52	76	-21	-6	-6	2	det1=true
[3215]	52	76	-17	-8	-2	-6	det1=true
[3216]	52	76	-23	-8	-2	6	det1=true
[3217]	64	76	-12	-4	-2	-7	det1=true
[3218]	64	76	-19	-4	-2	7	det1=true
[3219]	71	76	-26	-7	-6	-4	det1=true
[3220]	71	76	-30	-7	-6	4	det1=true
[3221]	71	76	-20	-17	-6	-4	det1=true
[3222]	71	76	-24	-17	-6	4	det1=true
[3223]	74	76	-15	-2	-6	-5	det1=true
[3224]	74	76	-20	-2	-6	5	det1=true
[3225]	76	76	-18	-4	-5	-6	det1=true
[3226]	76	76	-24	-4	-5	6	det1=true
[3227]	76	76	-5	-6	-4	-7	det1=true
[3228]	76	76	-12	-6	-4	7	det1=true
[3229]	16	73	-4	-2	-2	-3	det1=true
[3230]	22	73	-8	-5	-1	-4	det1=true
[3231]	22	73	-12	-5	-1	4	det1=true
[3232]	33	73	-9	-4	-1	-5	det1=true
[3233]	33	73	-14	-4	-1	5	det1=true
[3234]	34	73	-14	-6	-3	-4	det1=true
[3235]	34	73	-18	-6	-3	4	det1=true
[3236]	37	73	-16	-13	-4	-3	det1=true
[3237]	37	73	-19	-13	-4	3	det1=true
[3238]	41	73	-5	2	-5	-3	det1=true
[3239]	41	73	-8	2	-5	3	det1=true
[3240]	41	73	-3	-2	-3	-5	det1=true
[3241]	41	73	-8	-2	-3	5	det1=true
[3242]	43	73	-10	-5	-5	-3	det1=true
[3243]	43	73	-13	-5	-5	3	det1=true
[3244]	43	73	-9	-6	-3	-5	det1=true
[3245]	54	73	-25	-6	-6	-1	det1=true
[3246]	54	73	-26	-6	-6	1	det1=true
[3247]	54	73	-22	-12	-6	-1	det1=true
[3248]	55	73	-19	-9	-6	-2	det1=true
[3249]	55	73	-21	-9	-6	2	det1=true
[3250]	59	73	-25	-2	-5	-4	det1=true
[3251]	59	73	-29	-2	-5	4	det1=true
[3252]	64	73	-30	-7	-5	-4	det1=true
[3253]	64	73	-34	-7	-5	4	det1=true
[3254]	64	73	-10	-1	-6	-4	det1=true
[3255]	64	73	-14	-1	-6	4	det1=true
[3256]	65	73	-11	2	-7	-2	det1=true
[3257]	65	73	-13	2	-7	2	det1=true
[3258]	67	73	-23	3	-7	-1	det1=true
[3259]	71	73	-25	-21	-6	-3	det1=true
[3260]	71	73	-28	-21	-6	3	det1=true
[3261]	16	74	-4	-4	-2	-3	det1=true
[3262]	16	74	-7	-4	-2	3	det1=true
[3263]	20	74	0	0	-1	-4	det1=true
[3264]	20	74	-4	0	-1	4	det1=true
[3265]	46	74	-8	-8	-1	-6	det1=true
[3266]	46	74	-14	-8	-1	6	det1=true
[3267]	48	74	-6	1	-2	-6	det1=true
[3268]	48	74	-12	1	-2	6	det1=true
[3269]	50	74	-12	-4	-5	4	det1=true
[3270]	51	74	-12	-2	-5	-4	det1=true
[3271]	51	74	-16	-2	-5	4	det1=true
[3272]	52	74	-16	-3	-2	-6	det1=true
[3273]	52	74	-22	-3	-2	6	det1=true
[3274]	56	74	-20	-11	-2	-6	det1=true
[3275]	56	74	-26	-11	-2	6	det1=true
[3276]	58	74	-22	-13	-2	-6	det1=true
[3277]	58	74	-28	-13	-2	6	det1=true
[3278]	61	74	-26	-21	-1	-6	det1=true
[3279]	61	74	-32	-21	-1	6	det1=true
[3280]	61	74	-23	0	-6	-3	det1=true
[3281]	61	74	-26	0	-6	3	det1=true
[3282]	66	74	-29	-4	-6	-3	det1=true
[3283]	66	74	-32	-4	-6	3	det1=true
[3284]	70	74	-34	-19	-6	-2	det1=true
[3285]	70	74	-36	-19	-6	2	det1=true
[3286]	71	74	-24	-2	-7	-2	det1=true
[3287]	71	74	-26	-2	-7	2	det1=true
[3288]	73	74	-27	-4	-6	-4	det1=true
[3289]	73	74	-31	-4	-6	4	det1=true
[3290]	73	74	-20	-17	-4	-6	det1=true
[3291]	73	74	-26	-17	-4	6	det1=true
[3292]	74	74	-38	-17	-2	-6	det1=true
[3293]	74	74	-44	-17	-2	6	det1=true
[3294]	74	74	-24	-10	-2	-7	det1=true
[3295]	74	74	-31	-10	-2	7	det1=true
[3296]	31	75	-7	-1	-5	-1	det1=true
[3297]	31	75	-8	-1	-5	1	det1=true
[3298]	36	75	-11	0	-2	-5	det1=true
[3299]	36	75	-16	0	-2	5	det1=true
[3300]	37	75	-15	1	-5	-2	det1=true
[3301]	48	75	-19	0	-6	-1	det1=true
[3302]	59	75	-28	-12	-6	2	det1=true
[3303]	63	75	-16	-2	-1	-7	det1=true
[3304]	63	75	-23	-2	-1	7	det1=true
[3305]	64	75	-28	-16	-5	-4	det1=true
[3306]	64	75	-32	-16	-5	4	det1=true
[3307]	67	75	-19	-14	-7	-1	det1=true
[3308]	67	75	-20	-14	-7	1	det1=true
[3309]	25	76	-8	-7	-2	-4	det1=true
[3310]	25	76	-12	-7	-2	4	det1=true
[3311]	47	76	-15	-8	-6	-1	det1=true
[3312]	47	76	-16	-8	-6	1	det1=true
[3313]	51	76	-15	-8	-2	-6	det1=true
[3314]	51	76	-21	-8	-2	6	det1=true
[3315]	52	76	-19	-16	-6	-1	det1=true
[3316]	52	76	-20	-16	-6	1	det1=true
[3317]	52	76	-17	-12	-6	2	det1=true
[3318]	55	76	-21	-12	-6	-2	det1=true
[3319]	55	76	-23	-12	-6	2	det1=true
[3320]	55	76	-19	-14	-2	-6	det1=true
[3321]	55	76	-25	-14	-2	6	det1=true
[3322]	56	76	-22	-13	-6	-2	det1=true
[3323]	56	76	-24	-13	-6	2	det1=true
[3324]	61	76	-4	0	-7	-2	det1=true
[3325]	62	76	-26	-19	-2	-6	det1=true
[3326]	62	76	-32	-19	-2	6	det1=true
[3327]	70	76	-19	-16	-4	-6	det1=true
[3328]	70	76	-25	-16	-4	6	det1=true
[3329]	75	76	-12	-11	-5	-6	det1=true
[3330]	75	76	-18	-11	-5	6	det1=true
[3331]	76	76	-8	0	-4	-7	det1=true
[3332]	76	76	-15	0	-4	7	det1=true
[3333]	25	73	-7	-3	-4	-2	det1=true
[3334]	25	73	-9	-3	-4	2	det1=true
[3335]	31	73	-7	-2	-3	-4	det1=true
[3336]	31	73	-11	-2	-3	4	det1=true
[3337]	39	73	-17	0	-5	-2	det1=true
[3338]	41	73	-4	1	-3	-5	det1=true
[3339]	41	73	-9	1	-3	5	det1=true
[3340]	43	73	-21	-18	-5	-1	det1=true
[3341]	43	73	-22	-18	-5	1	det1=true
[3342]	43	73	-19	-20	-1	-5	det1=true
[3343]	43	73	-24	-20	-1	5	det1=true
[3344]	43	73	-14	-6	-3	5	det1=true
[3345]	49	73	-18	-18	-4	-4	det1=true
[3346]	49	73	-8	-2	-6	-2	det1=true
[3347]	49	73	-10	-2	-6	2	det1=true
[3348]	52	73	-17	2	-6	-2	det1=true
[3349]	52	73	-19	2	-6	2	det1=true
[3350]	52	73	-15	0	-2	-6	det1=true
[3351]	52	73	-21	0	-2	6	det1=true
[3352]	54	73	-23	-12	-6	1	det1=true
[3353]	59	73	-26	-22	-5	-3	det1=true
[3354]	59	73	-29	-22	-5	3	det1=true
[3355]	63	73	-16	-1	-7	1	det1=true
[3356]	65	73	-11	-5	-6	-4	det1=true
[3357]	65	73	-15	-5	-6	4	det1=true
[3358]	65	73	-10	-6	-4	-6	det1=true
[3359]	65	73	-16	-6	-4	6	det1=true
[3360]	67	73	-24	3	-7	1	det1=true
[3361]	67	73	-21	-6	-7	-1	det1=true
[3362]	67	73	-22	-6	-7	1	det1=true
[3363]	67	73	-24	-11	-1	7	det1=true
[3364]	69	73	-17	-10	-7	2	det1=true
[3365]	70	73	-22	-12	-2	7	det1=true
[3366]	34	74	-14	-8	-3	-4	det1=true
[3367]	34	74	-18	-8	-3	4	det1=true
[3368]	48	74	-8	3	-6	-2	det1=true
[3369]	48	74	-10	3	-6	2	det1=true
[3370]	51	74	-10	-6	-5	-4	det1=true
[3371]	62	74	-23	-20	-2	-6	det1=true
[3372]	62	74	-29	-20	-2	6	det1=true
[3373]	65	74	-30	-12	-4	-5	det1=true
[3374]	65	74	-35	-12	-4	5	det1=true
[3375]	65	74	-12	-3	-7	-2	det1=true
[3376]	65	74	-14	-3	-7	2	det1=true
[3377]	67	74	-33	-22	-6	-1	det1=true
[3378]	67	74	-34	-22	-6	1	det1=true
[3379]	74	74	-50	-7	-1	6	det1=true
[3380]	45	75	-15	-4	-1	6	det1=true
[3381]	58	75	-25	-4	-4	-5	det1=true
[3382]	58	75	-30	-4	-4	5	det1=true
[3383]	62	75	-3	-2	-2	-7	det1=true
[3384]	62	75	-10	-2	-2	7	det1=true
[3385]	65	75	-19	-5	-1	-7	det1=true
[3386]	68	75	-33	-26	-2	6	det1=true
[3387]	68	75	-16	-10	-2	-7	det1=true
[3388]	69	75	-23	3	-7	-2	det1=true
[3389]	70	75	-24	-1	-4	-6	det1=true
[3390]	70	75	-30	-1	-4	6	det1=true
[3391]	15	76	-2	0	-3	-2	det1=true
[3392]	15	76	-4	0	-3	2	det1=true
[3393]	28	76	-13	-12	-4	-2	det1=true
[3394]	31	76	-10	-5	-3	-4	det1=true
[3395]	34	76	-4	-4	-2	-5	det1=true
[3396]	34	76	-9	-4	-2	5	det1=true
[3397]	46	76	-2	1	-2	-6	det1=true
[3398]	46	76	-8	1	-2	6	det1=true
[3399]	46	76	-3	0	-6	-2	det1=true
[3400]	46	76	-5	0	-6	2	det1=true
[3401]	47	76	-14	-8	-1	-6	det1=true
[3402]	47	76	-20	-8	-1	6	det1=true
[3403]	53	76	-18	-11	-6	-2	det1=true
[3404]	53	76	-20	-11	-6	2	det1=true
[3405]	56	76	-25	0	-2	-6	det1=true
[3406]	56	76	-31	0	-2	6	det1=true
[3407]	59	76	-24	-19	-6	2	det1=true
[3408]	61	76	-6	0	-7	2	det1=true
[3409]	64	76	-26	-28	-1	-6	det1=true
[3410]	64	76	-32	-28	-1	6	det1=true
[3411]	70	76	-21	-10	-2	-7	det1=true
[3412]	75	76	-32	0	-7	-2	det1=true
[3413]	75	76	-34	0	-7	2	det1=true
[3414]	76	76	-63	-12	-4	2	det1=true
[3415]	16	73	-7	-2	-2	3	det1=true
[3416]	21	73	-7	1	-4	-1	det1=true
[3417]	21	73	-8	1	-4	1	det1=true
[3418]	33	73	-8	-6	-1	-5	det1=true
[3419]	33	73	-13	-6	-1	5	det1=true
[3420]	43	73	-11	-1	-3	-5	det1=true
[3421]	51	73	-15	-1	-4	5	det1=true
[3422]	52	73	-14	-7	-6	-2	det1=true
[3423]	52	73	-16	-7	-6	2	det1=true
[3424]	52	73	-12	-9	-2	-6	det1=true
[3425]	52	73	-18	-9	-2	6	det1=true
[3426]	54	73	-2	-2	-3	-6	det1=true
[3427]	54	73	-8	-2	-3	6	det1=true
[3428]	55	73	-17	-11	-2	-6	det1=true
[3429]	55	73	-23	-11	-2	6	det1=true
[3430]	58	73	-18	-14	-4	-5	det1=true
[3431]	59	73	-25	-23	-3	-5	det1=true
[3432]	59	73	-30	-23	-3	5	det1=true
[3433]	61	73	-5	-6	-1	-7	det1=true
[3434]	63	73	-22	-19	-4	-5	det1=true
[3435]	64	73	-24	-21	-6	-2	det1=true
[3436]	64	73	-26	-21	-6	2	det1=true
[3437]	64	73	-22	-23	-2	-6	det1=true
[3438]	64	73	-28	-23	-2	6	det1=true
[3439]	64	73	-9	-2	-4	-6	det1=true
[3440]	64	73	-15	-2	-4	6	det1=true
[3441]	65	73	-7	-5	-2	-7	det1=true
[3442]	65	73	-14	-5	-2	7	det1=true
[3443]	66	73	-12	-7	-4	-6	det1=true
[3444]	66	73	-18	-7	-4	6	det1=true
[3445]	67	73	-20	0	-1	-7	det1=true
[3446]	67	73	-27	0	-1	7	det1=true
[3447]	67	73	-17	-11	-1	-7	det1=true
[3448]	67	73	-22	-14	-1	7	det1=true
[3449]	70	73	-25	-6	-2	7	det1=true
[3450]	21	74	-6	-4	-4	-1	det1=true
[3451]	21	74	-7	-4	-4	1	det1=true
[3452]	32	74	-12	-2	-4	-3	det1=true
[3453]	32	74	-15	-2	-4	3	det1=true
[3454]	51	74	-14	-6	-5	4	det1=true
[3455]	52	74	-18	-1	-6	-2	det1=true
[3456]	52	74	-20	-1	-6	2	det1=true
[3457]	54	74	-14	-11	-5	-4	det1=true
[3458]	60	74	-22	-15	-5	-4	det1=true
[3459]	60	74	-26	-15	-5	4	det1=true
[3460]	60	74	-20	-1	-3	-6	det1=true
[3461]	60	74	-26	-1	-3	6	det1=true
[3462]	61	74	1	2	-6	-4	det1=true
[3463]	68	74	-19	-4	-4	-6	det1=true
[3464]	68	74	-15	-12	-4	-6	det1=true
[3465]	69	74	-19	0	-2	-7	det1=true
[3466]	72	74	-28	-20	-3	-6	det1=true
[3467]	72	74	-34	-20	-3	6	det1=true
[3468]	72	74	-26	3	-7	-2	det1=true
[3469]	72	74	-28	3	-7	2	det1=true
[3470]	73	74	-26	-5	-4	-6	det1=true
[3471]	73	74	-32	-5	-4	6	det1=true
[3472]	6	75	-2	-2	-1	-2	det1=true
[3473]	6	75	-4	-2	-1	2	det1=true
[3474]	37	75	-17	1	-5	2	det1=true
[3475]	43	75	-14	0	-3	-5	det1=true
[3476]	43	75	-19	0	-3	5	det1=true
[3477]	51	75	-13	-4	-5	-4	det1=true
[3478]	51	75	-17	-4	-5	4	det1=true
[3479]	52	75	-16	2	-4	-5	det1=true
[3480]	52	75	-21	2	-4	5	det1=true
[3481]	59	75	-24	-14	-2	-6	det1=true
[3482]	59	75	-30	-14	-2	6	det1=true
[3483]	63	75	-13	-5	-2	7	det1=true
[3484]	65	75	-28	-7	-6	-3	det1=true
[3485]	65	75	-26	-5	-1	7	det1=true
[3486]	65	75	-13	-1	-2	-7	det1=true
[3487]	65	75	-20	-1	-2	7	det1=true
[3488]	66	75	-29	-18	-4	-5	det1=true
[3489]	67	75	-29	-20	-5	-4	det1=true
[3490]	67	75	-33	-20	-5	4	det1=true
[3491]	68	75	-27	-26	-2	-6	det1=true
[3492]	68	75	-23	-10	-2	7	det1=true
[3493]	70	75	-25	0	-6	-4	det1=true
[3494]	70	75	-29	0	-6	4	det1=true
[3495]	70	75	-20	-11	-7	-2	det1=true
[3496]	70	75	-22	-11	-7	2	det1=true
[3497]	71	75	-13	-3	-3	-7	det1=true
[3498]	71	75	-20	-3	-3	7	det1=true
[3499]	31	76	-12	0	-4	-3	det1=true
[3500]	46	76	-4	3	-6	-2	det1=true
[3501]	46	76	-7	-2	-2	6	det1=true
[3502]	49	76	-18	-8	-1	-6	det1=true
[3503]	49	76	-24	-8	-1	6	det1=true
[3504]	51	76	-17	-6	-6	-2	det1=true
[3505]	51	76	-19	-6	-6	2	det1=true
[3506]	55	76	-24	-15	-1	-6	det1=true
[3507]	55	76	-30	-15	-1	6	det1=true
[3508]	56	76	-27	-14	-6	-1	det1=true
[3509]	56	76	-28	-14	-6	1	det1=true
[3510]	59	76	-22	-19	-6	-2	det1=true
[3511]	70	76	-28	-10	-2	7	det1=true
[3512]	70	76	-20	-12	-2	-7	det1=true
[3513]	70	76	-27	-12	-2	7	det1=true
[3514]	70	76	-20	-15	-6	-4	det1=true
[3515]	70	76	-24	-15	-6	4	det1=true
[3516]	71	76	-19	-18	-4	-6	det1=true
[3517]	71	76	-25	-18	-4	6	det1=true
[3518]	73	76	-22	-17	-7	-2	det1=true
[3519]	73	76	-24	-17	-7	2	det1=true
[3520]	6	73	-1	0	-2	-1	det1=true
[3521]	6	73	-2	0	-2	1	det1=true
[3522]	30	73	-3	2	-4	-3	det1=true
[3523]	30	73	-6	2	-4	3	det1=true
[3524]	33	73	-10	-4	-5	-1	det1=true
[3525]	33	73	-11	-4	-5	1	det1=true
[3526]	35	73	-5	1	-5	-2	det1=true
[3527]	35	73	-7	1	-5	2	det1=true
[3528]	36	73	-8	0	-2	-5	det1=true
[3529]	36	73	-13	0	-2	5	det1=true
[3530]	43	73	-12	0	-5	-3	det1=true
[3531]	43	73	-15	0	-5	3	det1=true
[3532]	43	73	-16	-1	-3	5	det1=true
[3533]	51	73	-10	-1	-4	-5	det1=true
[3534]	53	73	-21	-11	-6	-1	det1=true
[3535]	53	73	-22	-11	-6	1	det1=true
[3536]	58	73	-23	-14	-4	5	det1=true
[3537]	67	73	-18	-11	-7	-1	det1=true
[3538]	67	73	-19	-11	-7	1	det1=true
[3539]	68	73	-14	-11	-6	-4	det1=true
[3540]	68	73	-13	-12	-4	-6	det1=true
[3541]	68	73	-19	-12	-4	6	det1=true
[3542]	69	73	0	2	-7	-3	det1=true
[3543]	69	73	-3	2	-7	3	det1=true
[3544]	70	73	-15	-12	-2	-7	det1=true
[3545]	73	73	-28	-27	-4	-5	det1=true
[3546]	73	73	-33	-27	-4	5	det1=true
[3547]	6	74	-2	0	-1	-2	det1=true
[3548]	6	74	-4	0	-1	2	det1=true
[3549]	35	74	-6	0	-2	-5	det1=true
[3550]	35	74	-11	0	-2	5	det1=true
[3551]	54	74	-24	-7	-1	-6	det1=true
[3552]	56	74	-22	-9	-6	-2	det1=true
[3553]	56	74	-24	-9	-6	2	det1=true
[3554]	59	74	-21	-14	-4	-5	det1=true
[3555]	59	74	-26	-14	-4	5	det1=true
[3556]	61	74	-3	2	-6	4	det1=true
[3557]	65	74	-15	0	-6	-4	det1=true
[3558]	65	74	-19	0	-6	4	det1=true
[3559]	65	74	-14	-1	-4	-6	det1=true
[3560]	65	74	-20	-1	-4	6	det1=true
[3561]	65	74	-10	-6	-7	-2	det1=true
[3562]	65	74	-12	-6	-7	2	det1=true
[3563]	68	74	-25	-4	-4	6	det1=true
[3564]	68	74	-18	-5	-7	-2	det1=true
[3565]	68	74	-20	-5	-7	2	det1=true
[3566]	68	74	-16	-11	-6	-4	det1=true
[3567]	68	74	-20	-11	-6	4	det1=true
[3568]	68	74	-21	-12	-4	6	det1=true
[3569]	69	74	-28	-14	-3	-6	det1=true
[3570]	69	74	-34	-14	-3	6	det1=true
[3571]	73	74	-31	-18	-6	-3	det1=true
[3572]	73	74	-34	-18	-6	3	det1=true
[3573]	43	75	-15	1	-5	-3	det1=true
[3574]	43	75	-18	1	-5	3	det1=true
[3575]	50	75	-10	-4	-4	-5	det1=true
[3576]	50	75	-15	-4	-4	5	det1=true
[3577]	59	75	-26	-12	-6	-2	det1=true
[3578]	59	75	-20	-17	-4	-5	det1=true
[3579]	59	75	-4	-5	-1	-7	det1=true
[3580]	59	75	-11	-5	-1	7	det1=true
[3581]	63	75	-6	-5	-2	-7	det1=true
[3582]	65	75	-31	-7	-6	3	det1=true
[3583]	69	75	-29	-23	-4	-5	det1=true
[3584]	69	75	-34	-23	-4	5	det1=true
[3585]	69	75	-25	3	-7	2	det1=true
[3586]	73	75	-25	-7	-2	-7	det1=true
[3587]	73	75	-32	-7	-2	7	det1=true
[3588]	21	76	-8	-4	-1	-4	det1=true
[3589]	21	76	-12	-4	-1	4	det1=true
[3590]	30	76	-9	2	-4	-3	det1=true
[3591]	30	76	-12	2	-4	3	det1=true
[3592]	31	76	-15	0	-4	3	det1=true
[3593]	31	76	-14	-5	-3	4	det1=true
[3594]	44	76	-11	2	-6	-1	det1=true
[3595]	44	76	-12	2	-6	1	det1=true
[3596]	44	76	-8	-3	-1	-6	det1=true
[3597]	44	76	-14	-3	-1	6	det1=true
[3598]	47	76	-16	0	-1	-6	det1=true
[3599]	47	76	-22	0	-1	6	det1=true
[3600]	47	76	-9	2	-6	-2	det1=true
[3601]	47	76	-11	2	-6	2	det1=true
[3602]	52	76	-15	-12	-6	-2	det1=true
[3603]	56	76	-22	-20	-1	-6	det1=true
[3604]	56	76	-28	-20	-1	6	det1=true
[3605]	57	76	-16	-8	-6	-3	det1=true
[3606]	57	76	-19	-8	-6	3	det1=true
[3607]	67	76	-21	0	-4	-6	det1=true
[3608]	67	76	-27	0	-4	6	det1=true
[3609]	68	76	-18	-13	-6	-4	det1=true
[3610]	68	76	-22	-13	-6	4	det1=true
[3611]	68	76	-23	-14	-4	6	det1=true
[3612]	33	73	-11	-2	-5	-1	det1=true
[3613]	33	73	-12	-2	-5	1	det1=true
[3614]	47	73	-12	-5	-6	-1	det1=true
[3615]	47	73	-13	-5	-6	1	det1=true
[3616]	49	73	-13	-10	-1	-6	det1=true
[3617]	49	73	-19	-10	-1	6	det1=true
[3618]	54	73	-13	-10	-4	-5	det1=true
[3619]	54	73	-18	-10	-4	5	det1=true
[3620]	56	73	-27	-8	-6	-1	det1=true
[3621]	56	73	-28	-8	-6	1	det1=true
[3622]	57	73	-13	1	-3	-6	det1=true
[3623]	57	73	-19	1	-3	6	det1=true
[3624]	59	73	-23	-20	-1	-6	det1=true
[3625]	59	73	-29	-20	-1	6	det1=true
[3626]	63	73	-12	-4	-1	-7	det1=true
[3627]	63	73	-19	-4	-1	7	det1=true
[3628]	66	73	-11	-2	-2	-7	det1=true
[3629]	66	73	-18	-2	-2	7	det1=true
[3630]	41	74	-18	-10	-5	-2	det1=true
[3631]	41	74	-20	-10	-5	2	det1=true
[3632]	54	74	-18	-11	-5	4	det1=true
[3633]	58	74	-24	-11	-6	-2	det1=true
[3634]	58	74	-26	-11	-6	2	det1=true
[3635]	61	74	-26	-10	-4	-5	det1=true
[3636]	61	74	-31	-10	-4	5	det1=true
[3637]	63	74	-22	-10	-3	-6	det1=true
[3638]	63	74	-28	-10	-3	6	det1=true
[3639]	65	74	-29	-24	-6	-1	det1=true
[3640]	65	74	-30	-24	-6	1	det1=true
[3641]	74	74	-27	-6	-4	-6	det1=true
[3642]	74	74	-33	-6	-4	6	det1=true
[3643]	45	75	-9	-4	-1	-6	det1=true
[3644]	59	75	-25	-17	-4	5	det1=true
[3645]	60	75	-28	-4	-5	-4	det1=true
[3646]	60	75	-32	-4	-5	4	det1=true
[3647]	61	75	-27	-26	-5	-3	det1=true
[3648]	61	75	-30	-26	-5	3	det1=true
[3649]	63	75	-19	1	-7	-1	det1=true
[3650]	63	75	-20	1	-7	1	det1=true
[3651]	71	75	-15	-1	-7	-3	det1=true
[3652]	71	75	-10	-9	-3	-7	det1=true
[3653]	71	75	-17	-9	-3	7	det1=true
[3654]	72	75	-22	-13	-7	-2	det1=true
[3655]	72	75	-24	-13	-7	2	det1=true
[3656]	73	75	-27	-16	-7	-1	det1=true
[3657]	73	75	-28	-16	-7	1	det1=true
[3658]	73	75	-20	-17	-2	-7	det1=true
[3659]	73	75	-27	-17	-2	7	det1=true
[3660]	74	75	-26	-8	-2	-7	det1=true
[3661]	74	75	-33	-8	-2	7	det1=true
[3662]	74	75	-28	-7	-7	-2	det1=true
[3663]	74	75	-30	-7	-7	2	det1=true
[3664]	21	76	-6	-7	-1	-4	det1=true
[3665]	21	76	-10	-7	-1	4	det1=true
[3666]	46	76	-1	-2	-2	-6	det1=true
[3667]	66	76	-20	-4	-7	2	det1=true
[3668]	67	76	-15	-14	-4	-6	det1=true
[3669]	67	76	-21	-14	-4	6	det1=true
[3670]	72	76	-32	-17	-3	-6	det1=true
[3671]	72	76	-38	-17	-3	6	det1=true
[3672]	74	76	-12	-8	-6	-5	det1=true
[3673]	74	76	-17	-8	-6	5	det1=true
[3674]	41	73	-7	-1	-5	3	det1=true
[3675]	56	73	-16	-15	-2	-6	det1=true
[3676]	63	73	-15	-1	-7	-1	det1=true
[3677]	38	74	-16	0	-5	-2	det1=true
[3678]	61	74	-22	-17	-5	-4	det1=true
[3679]	61	74	-26	-17	-5	4	det1=true
[3680]	48	75	-4	0	-5	-4	det1=true
[3681]	64	75	-10	-9	-6	-4	det1=true
[3682]	64	75	-14	-9	-6	4	det1=true
[3683]	65	75	-11	-8	-7	-2	det1=true
[3684]	65	75	-13	-8	-7	2	det1=true
[3685]	66	75	-15	-2	-2	-7	det1=true
[3686]	66	75	-22	-2	-2	7	det1=true
[3687]	66	75	-10	-12	-2	-7	det1=true
[3688]	66	75	-17	-12	-2	7	det1=true
[3689]	67	75	-16	-17	-1	-7	det1=true
[3690]	67	75	-23	-17	-1	7	det1=true
[3691]	71	75	-27	-7	-1	-7	det1=true
[3692]	71	75	-34	-7	-1	7	det1=true
[3693]	62	76	-8	-7	-6	-4	det1=true
[3694]	62	76	-12	-7	-6	4	det1=true
[3695]	66	76	-18	-4	-7	-2	det1=true
[3696]	67	76	-16	-13	-6	-4	det1=true
[3697]	67	76	-20	-13	-6	4	det1=true
[3698]	68	76	-17	-14	-4	-6	det1=true
[3699]	76	76	-8	-4	-8	-1	det1=true
[3700]	76	76	-9	-4	-8	1	det1=true
[3701]	41	73	-4	-1	-5	-3	det1=true
[3702]	56	73	-18	-13	-6	-2	det1=true
[3703]	56	73	-20	-13	-6	2	det1=true
[3704]	63	73	-27	-19	-4	5	det1=true
[3705]	67	73	-15	-14	-1	-7	det1=true
[3706]	50	74	-8	-4	-5	-4	det1=true
[3707]	65	74	-11	0	-2	-7	det1=true
[3708]	65	74	-18	0	-2	7	det1=true
[3709]	65	75	-16	-12	-1	-7	det1=true
[3710]	65	75	-23	-12	-1	7	det1=true
[3711]	68	75	-17	-8	-2	-7	det1=true
[3712]	68	75	-24	-8	-2	7	det1=true
[3713]	75	75	-31	2	-7	-2	det1=true
[3714]	75	75	-33	2	-7	2	det1=true
[3715]	29	76	-4	0	-4	-3	det1=true
[3716]	29	76	-7	0	-4	3	det1=true
[3717]	37	76	-16	0	-5	-2	det1=true
[3718]	43	76	-7	2	-6	-1	det1=true
[3719]	43	76	-8	2	-6	1	det1=true
[3720]	50	76	-20	-10	-6	-1	det1=true
[3721]	50	76	-21	-10	-6	1	det1=true
[3722]	59	76	-20	-21	-2	-6	det1=true
[3723]	59	76	-26	-21	-2	6	det1=true
[3724]	61	76	-28	-15	-6	-2	det1=true
[3725]	61	76	-30	-15	-6	2	det1=true
[3726]	69	76	-17	-14	-2	-7	det1=true
[3727]	69	76	-24	-14	-2	7	det1=true
[3728]	39	73	-19	-12	-5	-1	det1=true
[3729]	39	73	-20	-12	-5	1	det1=true
[3730]	56	73	-22	-15	-2	6	det1=true
[3731]	61	73	-9	-3	-7	1	det1=true
[3732]	67	73	-18	-9	-1	-7	det1=true
[3733]	67	73	-25	-9	-1	7	det1=true
[3734]	59	74	-28	-9	-5	4	det1=true
[3735]	35	75	-6	-5	-2	-5	det1=true
[3736]	52	75	-15	-4	-4	-5	det1=true
[3737]	52	75	-20	-4	-4	5	det1=true
[3738]	53	75	-17	-5	-5	-4	det1=true
[3739]	53	75	-21	-5	-5	4	det1=true
[3740]	70	75	-22	0	-2	-7	det1=true
[3741]	70	75	-29	0	-2	7	det1=true
[3742]	67	76	-18	-8	-7	-2	det1=true
[3743]	67	76	-20	-8	-7	2	det1=true
[3744]	58	73	-24	2	-5	-4	det1=true
[3745]	58	73	-28	2	-5	4	det1=true
[3746]	61	73	-8	-3	-7	-1	det1=true
[3747]	63	73	-29	-5	-4	-5	det1=true
[3748]	63	73	-34	-5	-4	5	det1=true
[3749]	73	73	-51	-14	-1	-5	det1=true
[3750]	73	73	-56	-14	-1	5	det1=true
[3751]	73	73	-12	-6	-3	-7	det1=true
[3752]	73	73	-19	-6	-3	7	det1=true
[3753]	59	74	-24	-9	-5	-4	det1=true
[3754]	58	75	-14	-11	-3	-6	det1=true
[3755]	58	75	-20	-11	-3	6	det1=true
[3756]	60	75	-16	-14	-6	-3	det1=true
[3757]	60	75	-19	-14	-6	3	det1=true
[3758]	62	75	-6	2	-7	-2	det1=true
[3759]	62	75	-8	2	-7	2	det1=true
[3760]	63	75	-7	-3	-2	-7	det1=true
[3761]	63	75	-14	-3	-2	7	det1=true
[3762]	67	76	-22	1	-6	-4	det1=true
[3763]	67	76	-26	1	-6	4	det1=true
[3764]	71	75	-12	-7	-7	-3	det1=true
[3765]	71	75	-15	-7	-7	3	det1=true
[3766]	56	76	-20	-15	-2	-6	det1=true
[3767]	56	76	-26	-15	-2	6	det1=true
[3768]	74	76	-33	-20	-6	-3	det1=true
[3769]	74	76	-36	-20	-6	3	det1=true
[3770]	31	73	0	0	-1	-5	det1=true
[3771]	31	73	-5	0	-1	5	det1=true
[3772]	52	73	-20	-7	-1	-6	det1=true
[3773]	52	73	-26	-7	-1	6	det1=true
[3774]	61	73	-27	-18	-1	-6	det1=true
[3775]	61	73	-33	-18	-1	6	det1=true
[3776]	56	76	-12	-10	-6	-3	det1=true
[3777]	56	76	-15	-10	-6	3	det1=true
[3778]	75	76	-25	-16	-2	-7	det1=true
[3779]	75	76	-32	-16	-2	7	det1=true
[3780]	47	73	-14	-13	-5	-3	det1=true
[3781]	47	73	-17	-13	-5	3	det1=true
[3782]	62	76	-28	-17	-6	-2	det1=true
[3783]	69	76	-24	-1	-7	-2	det1=true
[3784]	69	76	-26	-1	-7	2	det1=true
[3785]	61	76	-26	-17	-2	-6	det1=true
[3786]	61	76	-32	-17	-2	6	det1=true
[3787]	58	73	-26	-13	-1	-6	det1=true
[3788]	58	73	-32	-13	-1	6	det1=true
[3789]	54	75	-24	-10	-1	-6	det1=true
[3790]	54	75	-30	-10	-1	6	det1=true
[3791]	59	74	-18	-6	-6	-3	det1=true
[3792]	59	74	-21	-6	-6	3	det1=true
[3793]	50	73	-5	-4	-4	-5	det1=true
[3794]	50	73	-10	-4	-4	5	det1=true
[3795]	64	77	-26	3	-7	0	det1=true
[3796]	76	77	-38	-9	-7	0	det1=true
[3797]	64	78	-13	-10	-2	-7	det1=true
[3798]	64	78	-20	-10	-2	7	det1=true
[3799]	22	79	0	1	-4	-2	det1=true
[3800]	22	79	-2	1	-4	2	det1=true
[3801]	70	79	-27	0	-2	-7	det1=true
[3802]	70	79	-34	0	-2	7	det1=true
[3803]	44	80	-4	1	-2	-6	det1=true
[3804]	44	80	-10	1	-2	6	det1=true
[3805]	57	77	-19	-5	-6	-3	det1=true
[3806]	57	77	-22	-5	-6	3	det1=true
[3807]	75	77	-32	-16	-7	-1	det1=true
[3808]	75	77	-21	-23	-2	-7	det1=true
[3809]	75	77	-28	-23	-2	7	det1=true
[3810]	77	77	-36	-30	-6	-2	det1=true
[3811]	77	77	-38	-30	-6	2	det1=true
[3812]	19	78	-2	2	-4	-1	det1=true
[3813]	19	78	-3	2	-4	1	det1=true
[3814]	24	78	-9	-4	-4	-2	det1=true
[3815]	24	78	-11	-4	-4	2	det1=true
[3816]	72	78	-28	-4	-2	-7	det1=true
[3817]	72	78	-35	-4	-2	7	det1=true
[3818]	78	78	-24	-26	-2	-7	det1=true
[3819]	78	78	-31	-26	-2	7	det1=true
[3820]	78	78	-16	-6	-4	-7	det1=true
[3821]	78	78	-23	-6	-4	7	det1=true
[3822]	24	79	-11	-2	-4	-2	det1=true
[3823]	24	79	-13	-2	-4	2	det1=true
[3824]	30	79	-10	-6	-3	-4	det1=true
[3825]	30	79	-14	-6	-3	4	det1=true
[3826]	37	79	-17	-13	-2	5	det1=true
[3827]	45	79	-15	-4	-1	-6	det1=true
[3828]	45	79	-21	-4	-1	6	det1=true
[3829]	79	79	-25	-19	-7	-3	det1=true
[3830]	79	79	-28	-19	-7	3	det1=true
[3831]	79	79	-23	-21	-3	-7	det1=true
[3832]	79	79	-30	-21	-3	7	det1=true
[3833]	47	80	-20	-4	-1	-6	det1=true
[3834]	47	80	-26	-4	-1	6	det1=true
[3835]	66	80	-21	-8	-2	-7	det1=true
[3836]	66	80	-28	-8	-2	7	det1=true
[3837]	66	80	-20	-12	-7	-2	det1=true
[3838]	66	80	-22	-12	-7	2	det1=true
[3839]	68	80	-20	-16	-2	-7	det1=true
[3840]	68	80	-27	-16	-2	7	det1=true
[3841]	72	80	-28	-12	-2	-7	det1=true
[3842]	78	80	-21	2	-4	-7	det1=true
[3843]	78	80	-28	2	-4	7	det1=true
[3844]	80	80	-27	2	-8	-1	det1=true
[3845]	80	80	-28	2	-8	1	det1=true
[3846]	53	77	-22	-6	-6	-2	det1=true
[3847]	53	77	-24	-6	-6	2	det1=true
[3848]	61	77	-10	-2	-4	-6	det1=true
[3849]	61	77	-16	-2	-4	6	det1=true
[3850]	63	77	-16	-12	-7	-1	det1=true
[3851]	63	77	-17	-12	-7	1	det1=true
[3852]	63	77	-13	-15	-1	-7	det1=true
[3853]	63	77	-20	-15	-1	7	det1=true
[3854]	64	77	-34	-27	-1	6	det1=true
[3855]	64	77	-18	-1	-6	-4	det1=true
[3856]	64	77	-22	-1	-6	4	det1=true
[3857]	69	77	-2	3	-6	-5	det1=true
[3858]	69	77	-7	3	-6	5	det1=true
[3859]	76	77	-34	-31	-6	-2	det1=true
[3860]	76	77	-36	-31	-6	2	det1=true
[3861]	32	78	-12	-10	-4	-3	det1=true
[3862]	32	78	-15	-10	-4	3	det1=true
[3863]	50	78	-16	2	-4	-5	det1=true
[3864]	50	78	-21	2	-4	5	det1=true
[3865]	54	78	-24	-16	-1	-6	det1=true
[3866]	54	78	-30	-16	-1	6	det1=true
[3867]	57	78	-19	-8	-6	-3	det1=true
[3868]	57	78	-22	-8	-6	3	det1=true
[3869]	66	78	-16	-12	-2	-7	det1=true
[3870]	66	78	-23	-12	-2	7	det1=true
[3871]	77	78	-14	-6	-1	-8	det1=true
[3872]	77	78	-22	-6	-1	8	det1=true
[3873]	77	78	-5	-4	-2	-8	det1=true
[3874]	77	78	-13	-4	-2	8	det1=true
[3875]	78	78	-32	-14	-2	-7	det1=true
[3876]	78	78	-39	-14	-2	7	det1=true
[3877]	23	79	-7	1	-2	-4	det1=true
[3878]	23	79	-11	1	-2	4	det1=true
[3879]	29	79	-9	1	-3	-4	det1=true
[3880]	32	79	-2	1	-5	-2	det1=true
[3881]	32	79	-4	1	-5	2	det1=true
[3882]	37	79	-12	-13	-2	-5	det1=true
[3883]	49	79	-13	-11	-2	-6	det1=true
[3884]	49	79	-19	-11	-2	6	det1=true
[3885]	51	79	-19	-1	-4	-5	det1=true
[3886]	51	79	-24	-1	-4	5	det1=true
[3887]	52	79	-20	-11	-6	-2	det1=true
[3888]	52	79	-22	-11	-6	2	det1=true
[3889]	60	79	-24	-20	-5	-4	det1=true
[3890]	60	79	-28	-20	-5	4	det1=true
[3891]	64	79	-30	-27	-1	-6	det1=true
[3892]	66	79	-28	-25	-5	-4	det1=true
[3893]	67	79	-14	-1	-7	-3	det1=true
[3894]	67	79	-17	-1	-7	3	det1=true
[3895]	69	79	-27	-13	-1	-7	det1=true
[3896]	69	79	-34	-13	-1	7	det1=true
[3897]	77	79	-17	-1	-1	-8	det1=true
[3898]	77	79	-25	-1	-1	8	det1=true
[3899]	47	80	-12	0	-5	-4	det1=true
[3900]	47	80	-16	0	-5	4	det1=true
[3901]	48	80	-11	-8	-4	-5	det1=true
[3902]	48	80	-16	-8	-4	5	det1=true
[3903]	49	80	0	-1	-3	-6	det1=true
[3904]	49	80	-6	-1	-3	6	det1=true
[3905]	52	80	-17	-16	-2	-6	det1=true
[3906]	52	80	-23	-16	-2	6	det1=true
[3907]	21	77	-5	-2	-3	-3	det1=true
[3908]	21	77	-8	-2	-3	3	det1=true
[3909]	31	77	-8	-4	-1	-5	det1=true
[3910]	31	77	-13	-4	-1	5	det1=true
[3911]	44	77	-8	-7	-1	-6	det1=true
[3912]	44	77	-14	-7	-1	6	det1=true
[3913]	45	77	-9	-10	-1	-6	det1=true
[3914]	45	77	-15	-10	-1	6	det1=true
[3915]	46	77	-14	-8	-6	-1	det1=true
[3916]	46	77	-15	-8	-6	1	det1=true
[3917]	47	77	-9	-1	-2	-6	det1=true
[3918]	52	77	-21	-4	-6	-2	det1=true
[3919]	52	77	-23	-4	-6	2	det1=true
[3920]	53	77	-20	-8	-2	-6	det1=true
[3921]	53	77	-26	-8	-2	6	det1=true
[3922]	53	77	-20	-10	-6	-2	det1=true
[3923]	53	77	-18	-12	-2	-6	det1=true
[3924]	53	77	-24	-12	-2	6	det1=true
[3925]	56	77	-20	-17	-6	-2	det1=true
[3926]	56	77	-22	-17	-6	2	det1=true
[3927]	59	77	-11	-5	-7	-1	det1=true
[3928]	59	77	-12	-5	-7	1	det1=true
[3929]	60	77	0	-2	-2	-7	det1=true
[3930]	60	77	-7	-2	-2	7	det1=true
[3931]	63	77	-16	-11	-1	-7	det1=true
[3932]	63	77	-23	-11	-1	7	det1=true
[3933]	68	77	-17	-16	-4	-6	det1=true
[3934]	68	77	-23	-16	-4	6	det1=true
[3935]	69	77	-22	-12	-6	-4	det1=true
[3936]	69	77	-26	-12	-6	4	det1=true
[3937]	74	77	-17	-2	-6	-5	det1=true
[3938]	74	77	-22	-2	-6	5	det1=true
[3939]	77	77	-22	-3	-6	-5	det1=true
[3940]	77	77	-27	-3	-6	5	det1=true
[3941]	19	78	0	-1	-1	-4	det1=true
[3942]	19	78	-4	-1	-1	4	det1=true
[3943]	33	78	-5	0	-2	-5	det1=true
[3944]	33	78	-10	0	-2	5	det1=true
[3945]	52	78	-19	-4	-4	-5	det1=true
[3946]	52	78	-24	-4	-4	5	det1=true
[3947]	52	78	-20	-9	-6	-2	det1=true
[3948]	52	78	-22	-9	-6	2	det1=true
[3949]	55	78	-22	-10	-5	-4	det1=true
[3950]	55	78	-26	-10	-5	4	det1=true
[3951]	60	78	-8	3	-7	-2	det1=true
[3952]	60	78	-10	3	-7	2	det1=true
[3953]	65	78	-16	-10	-7	-2	det1=true
[3954]	65	78	-18	-10	-7	2	det1=true
[3955]	67	78	-34	-24	-4	5	det1=true
[3956]	68	78	0	1	-5	-6	det1=true
[3957]	68	78	-6	1	-5	6	det1=true
[3958]	73	78	-26	-14	-2	-7	det1=true
[3959]	73	78	-33	-14	-2	7	det1=true
[3960]	74	78	-32	-30	-4	-5	det1=true
[3961]	74	78	-37	-30	-4	5	det1=true
[3962]	74	78	-8	2	-4	-7	det1=true
[3963]	74	78	-15	2	-4	7	det1=true
[3964]	75	78	-7	-8	-4	-7	det1=true
[3965]	77	78	-12	-10	-1	-8	det1=true
[3966]	77	78	-20	-10	-1	8	det1=true
[3967]	19	79	-3	0	-1	-4	det1=true
[3968]	28	79	-5	2	-4	-3	det1=true
[3969]	28	79	-8	2	-4	3	det1=true
[3970]	39	79	-17	-13	-5	-2	det1=true
[3971]	39	79	-19	-13	-5	2	det1=true
[3972]	43	79	-9	-6	-1	-6	det1=true
[3973]	43	79	-15	-6	-1	6	det1=true
[3974]	44	79	-15	-2	-6	-1	det1=true
[3975]	44	79	-1	2	-6	-2	det1=true
[3976]	44	79	-3	2	-6	2	det1=true
[3977]	46	79	-6	-1	-5	-4	det1=true
[3978]	46	79	-10	-1	-5	4	det1=true
[3979]	47	79	-10	-8	-6	-2	det1=true
[3980]	47	79	-12	-8	-6	2	det1=true
[3981]	48	79	-14	-7	-5	4	det1=true
[3982]	53	79	-12	-7	-6	-3	det1=true
[3983]	53	79	-15	-7	-6	3	det1=true
[3984]	55	79	-26	-19	-6	1	det1=true
[3985]	55	79	-6	0	-1	7	det1=true
[3986]	59	79	-8	-4	-6	-4	det1=true
[3987]	59	79	-12	-4	-6	4	det1=true
[3988]	61	79	-16	-12	-7	1	det1=true
[3989]	61	79	-9	-7	-2	-7	det1=true
[3990]	61	79	-16	-7	-2	7	det1=true
[3991]	64	79	-18	-9	-6	-4	det1=true
[3992]	65	79	-6	-2	-3	-7	det1=true
[3993]	65	79	-13	-2	-3	7	det1=true
[3994]	66	79	-32	-25	-5	4	det1=true
[3995]	69	79	-25	-18	-7	-1	det1=true
[3996]	69	79	-26	-18	-7	1	det1=true
[3997]	70	79	-28	-6	-7	-2	det1=true
[3998]	70	79	-30	-6	-7	2	det1=true
[3999]	71	79	-29	-7	-7	-2	det1=true
[4000]	71	79	-31	-7	-7	2	det1=true
[4001]	73	79	-20	-13	-7	-3	det1=true
[4002]	73	79	-23	-13	-7	3	det1=true
[4003]	74	79	-38	-29	-5	4	det1=true
[4004]	75	79	-35	-29	-4	-5	det1=true
[4005]	77	79	-19	-15	-5	-6	det1=true
[4006]	77	79	-25	-15	-5	6	det1=true
[4007]	79	79	-54	-12	-5	-3	det1=true
[4008]	79	79	-39	-3	-7	-2	det1=true
[4009]	79	79	-36	-18	-1	-7	det1=true
[4010]	79	79	-43	-18	-1	7	det1=true
[4011]	79	79	-21	1	-4	-7	det1=true
[4012]	79	79	-28	1	-4	7	det1=true
[4013]	79	79	-17	-12	-7	-4	det1=true
[4014]	79	79	-21	-12	-7	4	det1=true
[4015]	29	80	-10	-1	-3	-4	det1=true
[4016]	29	80	-14	-1	-3	4	det1=true
[4017]	49	80	-20	-14	-6	-1	det1=true
[4018]	54	80	-24	-19	-1	-6	det1=true
[4019]	54	80	-30	-19	-1	6	det1=true
[4020]	54	80	-20	-14	-4	-5	det1=true
[4021]	54	80	-25	-14	-4	5	det1=true
[4022]	55	80	-22	-17	-6	-2	det1=true
[4023]	55	80	-24	-17	-6	2	det1=true
[4024]	61	80	-14	-4	-7	-2	det1=true
[4025]	62	80	-12	-10	-2	-7	det1=true
[4026]	62	80	-19	-10	-2	7	det1=true
[4027]	65	80	-18	-12	-7	-2	det1=true
[4028]	65	80	-20	-12	-7	2	det1=true
[4029]	70	80	-28	-2	-2	-7	det1=true
[4030]	70	80	-35	-2	-2	7	det1=true
[4031]	70	80	-26	-13	-7	-2	det1=true
[4032]	70	80	-28	-13	-7	2	det1=true
[4033]	70	80	-15	2	-6	-5	det1=true
[4034]	71	80	-29	-4	-2	-7	det1=true
[4035]	71	80	-36	-4	-2	7	det1=true
[4036]	71	80	-28	-12	-7	-2	det1=true
[4037]	71	80	-30	-12	-7	2	det1=true
[4038]	72	80	-35	-12	-2	7	det1=true
[4039]	72	80	-6	-4	-1	-8	det1=true
[4040]	78	80	-18	-11	-2	8	det1=true
[4041]	80	80	-36	-30	-6	-3	det1=true
[4042]	80	80	-39	-30	-6	3	det1=true
[4043]	80	80	-16	-9	-2	-8	det1=true
[4044]	80	80	-24	-9	-2	8	det1=true
[4045]	80	80	-4	0	-3	-8	det1=true
[4046]	80	80	-12	0	-3	8	det1=true
[4047]	80	80	-10	-4	-3	8	det1=true
[4048]	48	77	-14	3	-6	-2	det1=true
[4049]	48	77	-12	1	-2	-6	det1=true
[4050]	48	77	-18	1	-2	6	det1=true
[4051]	48	77	-9	-8	-2	-6	det1=true
[4052]	49	77	-17	-13	-6	-1	det1=true
[4053]	49	77	-18	-13	-6	1	det1=true
[4054]	52	77	-19	-6	-2	-6	det1=true
[4055]	52	77	-25	-6	-2	6	det1=true
[4056]	54	77	-22	-18	-6	-1	det1=true
[4057]	54	77	-23	-18	-6	1	det1=true
[4058]	55	77	-21	-1	-3	6	det1=true
[4059]	58	77	-14	-15	-3	-6	det1=true
[4060]	58	77	-20	-15	-3	6	det1=true
[4061]	63	77	-19	-20	-3	-6	det1=true
[4062]	63	77	-25	-20	-3	6	det1=true
[4063]	65	77	-22	-7	-2	7	det1=true
[4064]	65	77	-14	-9	-2	-7	det1=true
[4065]	65	77	-21	-9	-2	7	det1=true
[4066]	67	77	-29	-15	-6	-3	det1=true
[4067]	67	77	-32	-15	-6	3	det1=true
[4068]	71	77	-29	-8	-1	-7	det1=true
[4069]	71	77	-36	-8	-1	7	det1=true
[4070]	42	78	-7	0	-6	-1	det1=true
[4071]	42	78	-8	0	-6	1	det1=true
[4072]	47	78	-6	-4	-4	-5	det1=true
[4073]	47	78	-11	-4	-4	5	det1=true
[4074]	48	78	-10	-4	-5	-4	det1=true
[4075]	48	78	-14	-4	-5	4	det1=true
[4076]	53	78	-22	2	-5	-4	det1=true
[4077]	53	78	-26	2	-5	4	det1=true
[4078]	56	78	-20	2	-6	-3	det1=true
[4079]	57	78	-24	-22	-1	-6	det1=true
[4080]	57	78	-30	-22	-1	6	det1=true
[4081]	59	78	-7	0	-6	-4	det1=true
[4082]	59	78	-11	0	-6	4	det1=true
[4083]	61	78	-14	-6	-2	7	det1=true
[4084]	63	78	-14	-2	-2	-7	det1=true
[4085]	63	78	-21	-2	-2	7	det1=true
[4086]	63	78	-14	-6	-7	-2	det1=true
[4087]	63	78	-16	-6	-7	2	det1=true
[4088]	66	78	-22	-1	-7	-2	det1=true
[4089]	67	78	-29	-24	-4	-5	det1=true
[4090]	70	78	-32	-27	-6	-2	det1=true
[4091]	70	78	-34	-27	-6	2	det1=true
[4092]	70	78	-20	-17	-7	-2	det1=true
[4093]	70	78	-22	-17	-7	2	det1=true
[4094]	71	78	-12	-2	-5	-6	det1=true
[4095]	76	78	-16	0	-8	-1	det1=true
[4096]	76	78	-17	0	-8	1	det1=true
[4097]	15	79	-5	-3	-3	-2	det1=true
[4098]	15	79	-7	-3	-3	2	det1=true
[4099]	19	79	-7	0	-1	4	det1=true
[4100]	33	79	-13	-10	-1	-5	det1=true
[4101]	33	79	-18	-10	-1	5	det1=true
[4102]	35	79	-16	-15	-4	-3	det1=true
[4103]	35	79	-19	-15	-4	3	det1=true
[4104]	46	79	-18	-6	-6	-1	det1=true
[4105]	46	79	-19	-6	-6	1	det1=true
[4106]	48	79	-10	-7	-5	-4	det1=true
[4107]	54	79	-22	-9	-5	-4	det1=true
[4108]	54	79	-26	-9	-5	4	det1=true
[4109]	55	79	1	0	-1	-7	det1=true
[4110]	59	79	-26	3	-6	-3	det1=true
[4111]	59	79	-29	3	-6	3	det1=true
[4112]	62	79	-17	-2	-6	-4	det1=true
[4113]	62	79	-21	-2	-6	4	det1=true
[4114]	65	79	-8	0	-7	-3	det1=true
[4115]	65	79	-11	0	-7	3	det1=true
[4116]	69	79	-29	-7	-1	-7	det1=true
[4117]	69	79	-22	-21	-1	-7	det1=true
[4118]	69	79	-29	-21	-1	7	det1=true
[4119]	70	79	-25	-14	-6	-4	det1=true
[4120]	70	79	-29	-14	-6	4	det1=true
[4121]	71	79	-22	-9	-7	3	det1=true
[4122]	71	79	-17	-11	-3	-7	det1=true
[4123]	72	79	-4	0	-7	-4	det1=true
[4124]	72	79	-8	0	-7	4	det1=true
[4125]	72	79	-2	-3	-1	-8	det1=true
[4126]	72	79	-10	-3	-1	8	det1=true
[4127]	76	79	-24	0	-6	-5	det1=true
[4128]	76	79	-29	0	-6	5	det1=true
[4129]	79	79	-58	-7	-2	-5	det1=true
[4130]	79	79	-63	-7	-2	5	det1=true
[4131]	79	79	-37	-16	-5	-5	det1=true
[4132]	79	79	-42	-16	-5	5	det1=true
[4133]	45	80	-19	0	-6	-1	det1=true
[4134]	51	80	-25	-2	-4	5	det1=true
[4135]	52	80	-20	-20	-1	-6	det1=true
[4136]	52	80	-26	-20	-1	6	det1=true
[4137]	53	80	-24	0	-5	-4	det1=true
[4138]	53	80	-28	0	-5	4	det1=true
[4139]	58	80	-30	-1	-3	6	det1=true
[4140]	59	80	-10	3	-7	-2	det1=true
[4141]	59	80	-12	3	-7	2	det1=true
[4142]	61	80	-13	-2	-2	-7	det1=true
[4143]	61	80	-20	-2	-2	7	det1=true
[4144]	61	80	-16	-4	-7	2	det1=true
[4145]	62	80	-16	-5	-7	-2	det1=true
[4146]	62	80	-18	-5	-7	2	det1=true
[4147]	65	80	-28	0	-2	7	det1=true
[4148]	69	80	-12	1	-5	-6	det1=true
[4149]	69	80	-18	1	-5	6	det1=true
[4150]	76	80	-26	-25	-6	-4	det1=true
[4151]	76	80	-30	-25	-6	4	det1=true
[4152]	76	80	-11	-2	-8	-2	det1=true
[4153]	76	80	-13	-2	-8	2	det1=true
[4154]	77	80	-15	2	-8	-2	det1=true
[4155]	77	80	-17	2	-8	2	det1=true
[4156]	79	80	-29	-26	-4	-6	det1=true
[4157]	79	80	-35	-26	-4	6	det1=true
[4158]	80	80	-47	-22	-6	-2	det1=true
[4159]	80	80	-49	-22	-6	2	det1=true
[4160]	80	80	-2	-4	-3	-8	det1=true
[4161]	33	77	-16	-1	-5	-1	det1=true
[4162]	33	77	-17	-1	-5	1	det1=true
[4163]	34	77	-8	-2	-5	-2	det1=true
[4164]	34	77	-10	-2	-5	2	det1=true
[4165]	35	77	-15	-11	-1	-5	det1=true
[4166]	35	77	-20	-11	-1	5	det1=true
[4167]	38	77	-13	-12	-2	-5	det1=true
[4168]	38	77	-18	-12	-2	5	det1=true
[4169]	41	77	-19	-13	-5	-2	det1=true
[4170]	41	77	-21	-13	-5	2	det1=true
[4171]	48	77	-15	-8	-2	6	det1=true
[4172]	49	77	-21	-7	-6	-1	det1=true
[4173]	49	77	-22	-7	-6	1	det1=true
[4174]	52	77	-24	1	-6	2	det1=true
[4175]	52	77	-26	-1	-2	6	det1=true
[4176]	59	77	-8	-8	-1	-7	det1=true
[4177]	59	77	-15	-8	-1	7	det1=true
[4178]	61	77	-25	-26	-1	-6	det1=true
[4179]	64	77	-26	-12	-3	-6	det1=true
[4180]	64	77	-32	-12	-3	6	det1=true
[4181]	65	77	-15	-7	-2	-7	det1=true
[4182]	65	77	-20	-10	-6	4	det1=true
[4183]	69	77	-26	-13	-7	-1	det1=true
[4184]	69	77	-27	-13	-7	1	det1=true
[4185]	70	77	-11	-2	-6	5	det1=true
[4186]	71	77	-8	-5	-6	-5	det1=true
[4187]	74	77	-3	-2	-4	-7	det1=true
[4188]	74	77	-10	-2	-4	7	det1=true
[4189]	75	77	-7	-3	-4	-7	det1=true
[4190]	75	77	-14	-3	-4	7	det1=true
[4191]	76	77	-32	-33	-2	-6	det1=true
[4192]	76	77	-38	-33	-2	6	det1=true
[4193]	20	78	-6	-4	-1	-4	det1=true
[4194]	20	78	-10	-4	-1	4	det1=true
[4195]	34	78	-8	-4	-2	-5	det1=true
[4196]	34	78	-13	-4	-2	5	det1=true
[4197]	36	78	-16	1	-5	-2	det1=true
[4198]	36	78	-18	1	-5	2	det1=true
[4199]	46	78	-8	-3	-6	-2	det1=true
[4200]	46	78	-10	-3	-6	2	det1=true
[4201]	46	78	-6	-5	-2	-6	det1=true
[4202]	46	78	-12	-5	-2	6	det1=true
[4203]	52	78	-27	-2	-2	6	det1=true
[4204]	52	78	-18	-11	-2	-6	det1=true
[4205]	52	78	-24	-11	-2	6	det1=true
[4206]	55	78	-24	-5	-5	-4	det1=true
[4207]	55	78	-28	-5	-5	4	det1=true
[4208]	59	78	-6	-1	-4	-6	det1=true
[4209]	59	78	-12	-1	-4	6	det1=true
[4210]	69	78	-23	-8	-2	-7	det1=true
[4211]	69	78	-30	-8	-2	7	det1=true
[4212]	70	78	-26	-8	-7	-2	det1=true
[4213]	70	78	-28	-8	-7	2	det1=true
[4214]	71	78	-18	-2	-5	6	det1=true
[4215]	72	78	-30	-4	-7	-2	det1=true
[4216]	72	78	-32	-4	-7	2	det1=true
[4217]	74	78	-25	-18	-2	-7	det1=true
[4218]	75	78	-14	4	-8	-1	det1=true
[4219]	75	78	-15	4	-8	1	det1=true
[4220]	75	78	-11	2	-4	-7	det1=true
[4221]	75	78	-18	2	-4	7	det1=true
[4222]	76	78	-13	-2	-4	-7	det1=true
[4223]	76	78	-20	-2	-4	7	det1=true
[4224]	77	78	-18	-14	-5	-6	det1=true
[4225]	77	78	-24	-14	-5	6	det1=true
[4226]	28	79	-4	-1	-3	-4	det1=true
[4227]	28	79	-8	-1	-3	4	det1=true
[4228]	29	79	-13	1	-3	4	det1=true
[4229]	41	79	-1	-3	-1	-6	det1=true
[4230]	41	79	-7	-3	-1	6	det1=true
[4231]	44	79	-16	-2	-6	1	det1=true
[4232]	47	79	-18	-11	-6	1	det1=true
[4233]	54	79	-14	-8	-6	-3	det1=true
[4234]	54	79	-17	-8	-6	3	det1=true
[4235]	55	79	-2	3	-7	-1	det1=true
[4236]	55	79	-3	3	-7	1	det1=true
[4237]	60	79	-8	-2	-2	-7	det1=true
[4238]	60	79	-15	-2	-2	7	det1=true
[4239]	61	79	-15	-12	-7	-1	det1=true
[4240]	67	79	-27	-21	-6	-3	det1=true
[4241]	67	79	-30	-21	-6	3	det1=true
[4242]	69	79	-32	-4	-7	-1	det1=true
[4243]	73	79	-33	-35	-1	-6	det1=true
[4244]	73	79	-39	-35	-1	6	det1=true
[4245]	73	79	-22	-10	-7	-3	det1=true
[4246]	73	79	-25	-10	-7	3	det1=true
[4247]	73	79	-20	-12	-3	-7	det1=true
[4248]	73	79	-27	-12	-3	7	det1=true
[4249]	74	79	-34	-29	-5	-4	det1=true
[4250]	78	79	-22	0	-8	-1	det1=true
[4251]	78	79	-23	0	-8	1	det1=true
[4252]	79	79	-41	-3	-7	2	det1=true
[4253]	31	80	-13	-8	-4	-3	det1=true
[4254]	31	80	-16	-8	-4	3	det1=true
[4255]	32	80	-4	0	-2	-5	det1=true
[4256]	32	80	-9	0	-2	5	det1=true
[4257]	33	80	-8	-4	-5	-2	det1=true
[4258]	33	80	-10	-4	-5	2	det1=true
[4259]	41	80	-4	-4	-1	-6	det1=true
[4260]	41	80	-10	-4	-1	6	det1=true
[4261]	44	80	-14	-4	-1	-6	det1=true
[4262]	44	80	-20	-4	-1	6	det1=true
[4263]	47	80	-16	3	-6	-2	det1=true
[4264]	47	80	-18	3	-6	2	det1=true
[4265]	50	80	-18	-4	-5	-4	det1=true
[4266]	50	80	-22	-4	-5	4	det1=true
[4267]	58	80	-22	-20	-5	-4	det1=true
[4268]	58	80	-26	-20	-5	4	det1=true
[4269]	68	80	-28	3	-7	-2	det1=true
[4270]	68	80	-30	3	-7	2	det1=true
[4271]	70	80	-30	-5	-6	-4	det1=true
[4272]	70	80	-34	-5	-6	4	det1=true
[4273]	70	80	-20	2	-6	5	det1=true
[4274]	72	80	-32	-5	-7	-2	det1=true
[4275]	72	80	-34	-5	-7	2	det1=true
[4276]	75	80	-6	1	-2	-8	det1=true
[4277]	75	80	-14	1	-2	8	det1=true
[4278]	77	80	-20	-1	-2	8	det1=true
[4279]	78	80	-14	-3	-2	-8	det1=true
[4280]	79	80	-32	-33	-3	-6	det1=true
[4281]	53	77	-22	-10	-6	2	det1=true
[4282]	55	77	-15	-1	-3	-6	det1=true
[4283]	57	77	-25	1	-3	6	det1=true
[4284]	61	77	-31	-26	-1	6	det1=true
[4285]	61	77	-8	-6	-4	-6	det1=true
[4286]	61	77	-14	-6	-4	6	det1=true
[4287]	65	77	-11	-13	-2	-7	det1=true
[4288]	65	77	-18	-13	-2	7	det1=true
[4289]	66	77	-20	-3	-7	-2	det1=true
[4290]	66	77	-22	-3	-7	2	det1=true
[4291]	68	77	-32	-23	-6	-2	det1=true
[4292]	68	77	-34	-23	-6	2	det1=true
[4293]	70	77	-6	-2	-6	-5	det1=true
[4294]	73	77	-33	-19	-3	-6	det1=true
[4295]	77	77	-31	-14	-7	-2	det1=true
[4296]	77	77	-33	-14	-7	2	det1=true
[4297]	29	78	-6	-4	-4	-3	det1=true
[4298]	29	78	-9	-4	-4	3	det1=true
[4299]	53	78	-17	-12	-4	-5	det1=true
[4300]	53	78	-22	-12	-4	5	det1=true
[4301]	56	78	-23	2	-6	3	det1=true
[4302]	58	78	-26	-11	-5	-4	det1=true
[4303]	58	78	-30	-11	-5	4	det1=true
[4304]	58	78	-24	-17	-2	-6	det1=true
[4305]	59	78	2	0	-2	-7	det1=true
[4306]	59	78	-5	0	-2	7	det1=true
[4307]	61	78	-7	-6	-2	-7	det1=true
[4308]	62	78	-15	2	-4	-6	det1=true
[4309]	62	78	-21	2	-4	6	det1=true
[4310]	62	78	-14	0	-7	-2	det1=true
[4311]	62	78	-16	0	-7	2	det1=true
[4312]	64	78	-26	-23	-5	-4	det1=true
[4313]	64	78	-30	-23	-5	4	det1=true
[4314]	67	78	-19	-10	-2	-7	det1=true
[4315]	69	78	-20	-15	-7	-2	det1=true
[4316]	69	78	-22	-15	-7	2	det1=true
[4317]	70	78	-25	-6	-2	-7	det1=true
[4318]	70	78	-32	-6	-2	7	det1=true
[4319]	73	78	-40	-19	-3	6	det1=true
[4320]	73	78	-34	1	-7	2	det1=true
[4321]	74	78	-32	-18	-2	7	det1=true
[4322]	77	78	-16	-3	-7	-4	det1=true
[4323]	77	78	-20	-3	-7	4	det1=true
[4324]	31	79	-11	-9	-3	-4	det1=true
[4325]	31	79	-15	-9	-3	4	det1=true
[4326]	47	79	-17	-11	-6	-1	det1=true
[4327]	51	79	-15	-11	-5	-4	det1=true
[4328]	51	79	-19	-11	-5	4	det1=true
[4329]	58	79	-30	-13	-5	4	det1=true
[4330]	63	79	-15	-5	-2	-7	det1=true
[4331]	64	79	-22	-9	-6	4	det1=true
[4332]	65	79	-5	-4	-3	-7	det1=true
[4333]	65	79	-12	-4	-3	7	det1=true
[4334]	69	79	-36	-7	-1	7	det1=true
[4335]	71	79	-24	-11	-3	7	det1=true
[4336]	73	79	-30	-17	-1	-7	det1=true
[4337]	77	79	-25	0	-5	-6	det1=true
[4338]	79	79	-15	-15	-1	-8	det1=true
[4339]	79	79	-23	-15	-1	8	det1=true
[4340]	45	80	-20	0	-6	1	det1=true
[4341]	46	80	-20	-4	-6	-1	det1=true
[4342]	46	80	-21	-4	-6	1	det1=true
[4343]	51	80	-20	-2	-4	-5	det1=true
[4344]	58	80	-24	-1	-3	-6	det1=true
[4345]	58	80	-6	-5	-6	-4	det1=true
[4346]	58	80	-10	-5	-6	4	det1=true
[4347]	59	80	-9	-6	-4	-6	det1=true
[4348]	59	80	-15	-6	-4	6	det1=true
[4349]	65	80	-21	0	-2	-7	det1=true
[4350]	65	80	-20	-6	-2	-7	det1=true
[4351]	65	80	-27	-6	-2	7	det1=true
[4352]	65	80	-22	-5	-7	-2	det1=true
[4353]	65	80	-24	-5	-7	2	det1=true
[4354]	67	80	-26	-5	-6	-4	det1=true
[4355]	67	80	-30	-5	-6	4	det1=true
[4356]	74	80	-22	1	-5	-6	det1=true
[4357]	74	80	-28	1	-5	6	det1=true
[4358]	77	80	-12	-1	-2	-8	det1=true
[4359]	77	80	-10	-7	-2	-8	det1=true
[4360]	77	80	-18	-7	-2	8	det1=true
[4361]	78	80	-17	0	-8	-2	det1=true
[4362]	78	80	-19	0	-8	2	det1=true
[4363]	78	80	-10	-11	-2	-8	det1=true
[4364]	35	77	-17	-9	-5	-1	det1=true
[4365]	35	77	-18	-9	-5	1	det1=true
[4366]	47	77	-5	-1	-5	-4	det1=true
[4367]	47	77	-9	-1	-5	4	det1=true
[4368]	48	77	-11	-6	-6	-2	det1=true
[4369]	48	77	-13	-6	-6	2	det1=true
[4370]	52	77	-22	1	-6	-2	det1=true
[4371]	52	77	-20	-1	-2	-6	det1=true
[4372]	57	77	-2	-4	-1	-7	det1=true
[4373]	57	77	-9	-4	-1	7	det1=true
[4374]	62	77	-12	1	-7	-2	det1=true
[4375]	62	77	-14	1	-7	2	det1=true
[4376]	63	77	-19	-8	-7	-1	det1=true
[4377]	63	77	-20	-8	-7	1	det1=true
[4378]	65	77	-16	-10	-6	-4	det1=true
[4379]	75	77	-27	-22	-1	-7	det1=true
[4380]	35	78	-9	-8	-2	-5	det1=true
[4381]	35	78	-14	-8	-2	5	det1=true
[4382]	52	78	-23	0	-6	-2	det1=true
[4383]	52	78	-25	0	-6	2	det1=true
[4384]	62	78	-24	-22	-4	-5	det1=true
[4385]	62	78	-29	-22	-4	5	det1=true
[4386]	65	78	-20	-2	-7	-2	det1=true
[4387]	65	78	-22	-2	-7	2	det1=true
[4388]	65	78	-18	-7	-7	-2	det1=true
[4389]	67	78	-26	-10	-2	7	det1=true
[4390]	70	78	-28	-1	-7	-2	det1=true
[4391]	70	78	-30	-1	-7	2	det1=true
[4392]	73	78	-32	1	-7	-2	det1=true
[4393]	51	79	-17	-8	-5	-4	det1=true
[4394]	51	79	-21	-8	-5	4	det1=true
[4395]	58	79	-26	-13	-5	-4	det1=true
[4396]	63	79	-22	-5	-2	7	det1=true
[4397]	63	79	-13	-10	-7	-2	det1=true
[4398]	63	79	-15	-10	-7	2	det1=true
[4399]	69	79	-33	-4	-7	1	det1=true
[4400]	70	79	-12	-1	-5	-6	det1=true
[4401]	70	79	-18	-1	-5	6	det1=true
[4402]	71	79	-27	-13	-6	-4	det1=true
[4403]	71	79	-31	-13	-6	4	det1=true
[4404]	71	79	-19	-9	-7	-3	det1=true
[4405]	73	79	-33	0	-7	-2	det1=true
[4406]	73	79	-35	0	-7	2	det1=true
[4407]	74	79	-21	2	-6	-5	det1=true
[4408]	74	79	-26	2	-6	5	det1=true
[4409]	76	79	-20	-11	-5	-6	det1=true
[4410]	76	79	-26	-11	-5	6	det1=true
[4411]	76	79	-9	2	-8	-2	det1=true
[4412]	76	79	-11	2	-8	2	det1=true
[4413]	77	79	-31	0	-5	6	det1=true
[4414]	78	79	-26	-2	-4	7	det1=true
[4415]	28	80	-6	-1	-3	-4	det1=true
[4416]	28	80	-10	-1	-3	4	det1=true
[4417]	50	80	-22	3	-6	-2	det1=true
[4418]	50	80	-24	3	-6	2	det1=true
[4419]	59	80	-10	-5	-6	-4	det1=true
[4420]	59	80	-14	-5	-6	4	det1=true
[4421]	70	80	-35	-6	-4	6	det1=true
[4422]	72	80	-6	-4	-7	-4	det1=true
[4423]	72	80	-10	-4	-7	4	det1=true
[4424]	75	80	-7	-2	-8	-2	det1=true
[4425]	75	80	-9	-2	-8	2	det1=true
[4426]	75	80	-4	-5	-2	-8	det1=true
[4427]	75	80	-12	-5	-2	8	det1=true
[4428]	77	80	-20	-6	-8	-1	det1=true
[4429]	77	80	-21	-6	-8	1	det1=true
[4430]	78	80	-22	-3	-2	8	det1=true
[4431]	33	77	-14	-3	-1	-5	det1=true
[4432]	33	77	-19	-3	-1	5	det1=true
[4433]	71	77	-13	-5	-6	5	det1=true
[4434]	73	77	-11	-9	-5	-6	det1=true
[4435]	73	77	-17	-9	-5	6	det1=true
[4436]	75	77	-34	-5	-1	-7	det1=true
[4437]	75	77	-41	-5	-1	7	det1=true
[4438]	75	77	-33	-1	-7	-2	det1=true
[4439]	75	77	-35	-1	-7	2	det1=true
[4440]	75	77	-34	-22	-1	7	det1=true
[4441]	52	78	-21	-2	-2	-6	det1=true
[4442]	37	79	-15	-9	-2	-5	det1=true
[4443]	37	79	-20	-9	-2	5	det1=true
[4444]	52	79	-18	-13	-2	-6	det1=true
[4445]	52	79	-24	-13	-2	6	det1=true
[4446]	64	79	-17	-10	-4	-6	det1=true
[4447]	64	79	-23	-10	-4	6	det1=true
[4448]	72	79	-32	3	-7	-2	det1=true
[4449]	72	79	-34	3	-7	2	det1=true
[4450]	73	79	-37	-17	-1	7	det1=true
[4451]	73	79	-9	1	-7	-4	det1=true
[4452]	73	79	-13	1	-7	4	det1=true
[4453]	53	80	-18	-9	-3	6	det1=true
[4454]	71	80	-15	-6	-6	-5	det1=true
[4455]	71	80	-20	-6	-6	5	det1=true
[4456]	72	80	-14	-4	-1	8	det1=true
[4457]	73	80	-10	-4	-7	-4	det1=true
[4458]	73	80	-14	-4	-7	4	det1=true
[4459]	77	80	-13	-4	-8	-2	det1=true
[4460]	77	80	-15	-4	-8	2	det1=true
[4461]	56	77	-18	-12	-3	6	det1=true
[4462]	63	77	-26	-2	-1	7	det1=true
[4463]	75	77	-10	-1	-8	-1	det1=true
[4464]	75	77	-11	-1	-8	1	det1=true
[4465]	51	78	-18	-2	-5	-4	det1=true
[4466]	51	78	-22	-2	-5	4	det1=true
[4467]	54	78	-23	0	-4	-5	det1=true
[4468]	54	78	-28	0	-4	5	det1=true
[4469]	62	78	-9	-8	-2	-7	det1=true
[4470]	62	78	-16	-8	-2	7	det1=true
[4471]	65	78	-20	-7	-7	2	det1=true
[4472]	71	78	-22	-16	-2	-7	det1=true
[4473]	71	78	-29	-16	-2	7	det1=true
[4474]	77	78	-8	-1	-8	-2	det1=true
[4475]	77	78	-10	-1	-8	2	det1=true
[4476]	44	79	1	0	-2	-6	det1=true
[4477]	44	79	-5	0	-2	6	det1=true
[4478]	49	79	-15	-9	-6	-2	det1=true
[4479]	49	79	-17	-9	-6	2	det1=true
[4480]	63	79	-19	-11	-1	-7	det1=true
[4481]	63	79	-26	-11	-1	7	det1=true
[4482]	67	79	-12	-3	-3	-7	det1=true
[4483]	67	79	-19	-3	-3	7	det1=true
[4484]	70	79	-24	-15	-4	-6	det1=true
[4485]	70	79	-30	-15	-4	6	det1=true
[4486]	76	79	-34	-11	-6	-4	det1=true
[4487]	76	79	-38	-11	-6	4	det1=true
[4488]	78	79	-19	-2	-4	-7	det1=true
[4489]	79	79	-35	-20	-1	-7	det1=true
[4490]	79	79	-42	-20	-1	7	det1=true
[4491]	47	80	-19	-10	-6	-1	det1=true
[4492]	47	80	-20	-10	-6	1	det1=true
[4493]	63	80	-13	-12	-2	-7	det1=true
[4494]	63	80	-20	-12	-2	7	det1=true
[4495]	67	80	-4	-2	-6	-5	det1=true
[4496]	67	80	-9	-2	-6	5	det1=true
[4497]	71	80	-20	-22	-2	-7	det1=true
[4498]	71	80	-27	-22	-2	7	det1=true
[4499]	43	77	-7	0	-1	-6	det1=true
[4500]	60	77	-1	0	-2	-7	det1=true
[4501]	63	77	-13	-4	-7	-2	det1=true
[4502]	63	77	-15	-4	-7	2	det1=true
[4503]	68	77	-24	0	-7	-2	det1=true
[4504]	68	77	-26	0	-7	2	det1=true
[4505]	71	77	-32	-5	-7	-1	det1=true
[4506]	77	77	-27	-21	-6	-4	det1=true
[4507]	77	77	-31	-21	-6	4	det1=true
[4508]	51	78	-18	2	-4	-5	det1=true
[4509]	51	78	-23	2	-4	5	det1=true
[4510]	73	79	-7	-2	-1	-8	det1=true
[4511]	73	79	-15	-2	-1	8	det1=true
[4512]	75	79	-35	-2	-7	-2	det1=true
[4513]	75	79	-37	-2	-7	2	det1=true
[4514]	45	80	-4	0	-5	-4	det1=true
[4515]	45	80	-8	0	-5	4	det1=true
[4516]	70	80	-29	-6	-4	-6	det1=true
[4517]	60	77	-8	0	-2	7	det1=true
[4518]	61	77	-11	-1	-6	-4	det1=true
[4519]	61	77	-15	-1	-6	4	det1=true
[4520]	63	77	-19	-2	-1	-7	det1=true
[4521]	69	77	-22	-7	-2	-7	det1=true
[4522]	69	77	-29	-7	-2	7	det1=true
[4523]	71	77	-33	-5	-7	1	det1=true
[4524]	74	77	-29	-12	-6	-4	det1=true
[4525]	74	77	-33	-12	-6	4	det1=true
[4526]	74	77	-28	-13	-4	-6	det1=true
[4527]	74	77	-34	-13	-4	6	det1=true
[4528]	77	77	-34	-32	-2	-6	det1=true
[4529]	77	77	-40	-32	-2	6	det1=true
[4530]	50	78	-15	-4	-4	-5	det1=true
[4531]	50	78	-20	-4	-4	5	det1=true
[4532]	78	78	-19	-4	-8	-1	det1=true
[4533]	43	79	-13	1	-6	-1	det1=true
[4534]	43	79	-14	1	-6	1	det1=true
[4535]	56	79	-27	-10	-6	-2	det1=true
[4536]	56	79	-29	-10	-6	2	det1=true
[4537]	44	80	-6	3	-6	-2	det1=true
[4538]	44	80	-8	3	-6	2	det1=true
[4539]	50	80	-20	1	-2	-6	det1=true
[4540]	50	80	-26	1	-2	6	det1=true
[4541]	77	80	-30	-21	-7	-2	det1=true
[4542]	77	80	-32	-21	-7	2	det1=true
[4543]	65	77	-19	1	-7	-2	det1=true
[4544]	65	77	-21	1	-7	2	det1=true
[4545]	78	78	-20	-4	-8	1	det1=true
[4546]	50	79	-20	-14	-1	-6	det1=true
[4547]	50	79	-26	-14	-1	6	det1=true
[4548]	31	77	-10	-2	-5	-1	det1=true
[4549]	31	77	-11	-2	-5	1	det1=true
[4550]	61	79	-27	-18	-5	-4	det1=true
[4551]	47	79	-18	-17	-3	-5	det1=true
[4552]	47	79	-23	-17	-3	5	det1=true
[4553]	47	80	-14	1	-2	-6	det1=true
[4554]	47	80	-20	1	-2	6	det1=true
[4555]	49	80	-17	-6	-2	-6	det1=true
[4556]	49	80	-23	-6	-2	6	det1=true
[4557]	55	80	-20	-19	-2	-6	det1=true
[4558]	55	80	-26	-19	-2	6	det1=true
[4559]	57	77	-5	-1	-7	-1	det1=true
[4560]	57	77	-6	-1	-7	1	det1=true
[4561]	68	77	-18	-15	-6	-4	det1=true
[4562]	62	79	-16	-3	-4	-6	det1=true
[4563]	54	77	-22	2	-4	-5	det1=true
[4564]	54	77	-27	2	-4	5	det1=true
[4565]	77	77	-26	-22	-4	-6	det1=true
[4566]	77	77	-32	-22	-4	6	det1=true
[4567]	62	78	-16	3	-6	-4	det1=true
[4568]	62	78	-20	3	-6	4	det1=true
[4569]	51	84	-14	-8	-3	-6	det1=true
[4570]	51	84	-20	-8	-3	6	det1=true
[4571]	18	82	0	2	-4	-1	det1=true
[4572]	18	82	-1	2	-4	1	det1=true
[4573]	55	83	-4	0	-4	-6	det1=true
[4574]	69	84	-6	-7	-1	-8	det1=true
[4575]	69	84	-14	-7	-1	8	det1=true
[4576]	71	84	-16	3	-7	-4	det1=true
[4577]	71	84	-20	3	-7	4	det1=true
[4578]	71	84	-4	1	-2	-8	det1=true
[4579]	71	84	-12	1	-2	8	det1=true
[4580]	24	81	-10	-7	-2	-4	det1=true
[4581]	24	81	-14	-7	-2	4	det1=true
[4582]	54	81	-22	-13	-5	-4	det1=true
[4583]	48	82	-16	-4	-4	-5	det1=true
[4584]	48	82	-21	-4	-4	5	det1=true
[4585]	48	82	-4	2	-6	-3	det1=true
[4586]	48	82	-7	2	-6	3	det1=true
[4587]	61	82	-19	-4	-6	-4	det1=true
[4588]	61	82	-23	-4	-6	4	det1=true
[4589]	78	82	-24	2	-4	-7	det1=true
[4590]	78	82	-31	2	-4	7	det1=true
[4591]	19	83	-7	-4	-1	-4	det1=true
[4592]	19	83	-11	-4	-1	4	det1=true
[4593]	41	83	-17	-7	-3	-5	det1=true
[4594]	41	83	-22	-7	-3	5	det1=true
[4595]	43	83	-19	-11	-3	-5	det1=true
[4596]	43	83	-24	-11	-3	5	det1=true
[4597]	44	84	-14	3	-6	-2	det1=true
[4598]	44	84	-16	3	-6	2	det1=true
[4599]	47	84	-5	2	-6	-3	det1=true
[4600]	47	84	-8	2	-6	3	det1=true
[4601]	55	84	-22	-8	-3	-6	det1=true
[4602]	55	84	-28	-8	-3	6	det1=true
[4603]	68	84	-28	-13	-7	-2	det1=true
[4604]	68	84	-30	-13	-7	2	det1=true
[4605]	78	84	-28	-6	-8	-1	det1=true
[4606]	78	84	-29	-6	-8	1	det1=true
[4607]	29	81	-8	-2	-5	-1	det1=true
[4608]	29	81	-9	-2	-5	1	det1=true
[4609]	33	81	-9	-5	-5	-2	det1=true
[4610]	33	81	-11	-5	-5	2	det1=true
[4611]	35	81	-5	-1	-4	-4	det1=true
[4612]	35	81	-9	-1	-4	4	det1=true
[4613]	55	81	-10	1	-7	-1	det1=true
[4614]	55	81	-11	1	-7	1	det1=true
[4615]	56	81	-22	-1	-3	-6	det1=true
[4616]	56	81	-28	-1	-3	6	det1=true
[4617]	61	81	-21	-1	-1	-7	det1=true
[4618]	61	81	-28	-1	-1	7	det1=true
[4619]	77	81	-35	-15	-7	-2	det1=true
[4620]	77	81	-37	-15	-7	2	det1=true
[4621]	79	81	-23	-5	-1	-8	det1=true
[4622]	79	81	-31	-5	-1	8	det1=true
[4623]	58	82	-9	-8	-4	-6	det1=true
[4624]	58	82	-15	-8	-4	6	det1=true
[4625]	66	82	-27	2	-4	-6	det1=true
[4626]	66	82	-33	2	-4	6	det1=true
[4627]	70	82	-14	0	-1	8	det1=true
[4628]	73	82	-14	-6	-7	-4	det1=true
[4629]	73	82	-18	-6	-7	4	det1=true
[4630]	75	82	-22	2	-8	-1	det1=true
[4631]	75	82	-23	2	-8	1	det1=true
[4632]	18	83	-2	-1	-1	-4	det1=true
[4633]	18	83	-6	-1	-1	4	det1=true
[4634]	36	83	-16	-11	-5	-2	det1=true
[4635]	36	83	-18	-11	-5	2	det1=true
[4636]	49	83	-17	-13	-2	-6	det1=true
[4637]	49	83	-23	-13	-2	6	det1=true
[4638]	52	83	-25	-10	-6	-2	det1=true
[4639]	52	83	-27	-10	-6	2	det1=true
[4640]	63	83	-25	-12	-7	-1	det1=true
[4641]	63	83	-26	-12	-7	1	det1=true
[4642]	75	83	-27	-16	-7	-3	det1=true
[4643]	75	83	-30	-16	-7	3	det1=true
[4644]	77	83	-33	-27	-7	-1	det1=true
[4645]	77	83	-34	-27	-7	1	det1=true
[4646]	77	83	-6	3	-8	-3	det1=true
[4647]	77	83	-9	3	-8	3	det1=true
[4648]	80	83	-21	-12	-8	-2	det1=true
[4649]	80	83	-23	-12	-8	2	det1=true
[4650]	80	83	-18	-15	-2	-8	det1=true
[4651]	80	83	-26	-15	-2	8	det1=true
[4652]	82	83	-16	-7	-3	-8	det1=true
[4653]	82	83	-24	-7	-3	8	det1=true
[4654]	44	84	-12	1	-2	-6	det1=true
[4655]	44	84	-18	1	-2	6	det1=true
[4656]	47	84	-24	-5	-2	6	det1=true
[4657]	49	84	-8	-8	-3	-6	det1=true
[4658]	49	84	-14	-8	-3	6	det1=true
[4659]	55	84	0	-2	-2	-7	det1=true
[4660]	55	84	-7	-2	-2	7	det1=true
[4661]	68	84	-28	-10	-2	-7	det1=true
[4662]	68	84	-35	-10	-2	7	det1=true
[4663]	70	84	-15	4	-8	-1	det1=true
[4664]	70	84	-16	4	-8	1	det1=true
[4665]	71	84	-7	4	-8	-2	det1=true
[4666]	71	84	-9	4	-8	2	det1=true
[4667]	73	84	-13	-2	-8	-2	det1=true
[4668]	73	84	-15	-2	-8	2	det1=true
[4669]	75	84	-32	-20	-2	-7	det1=true
[4670]	75	84	-39	-20	-2	7	det1=true
[4671]	75	84	-15	-8	-8	-2	det1=true
[4672]	75	84	-17	-8	-8	2	det1=true
[4673]	77	84	-28	0	-8	-1	det1=true
[4674]	77	84	-29	0	-8	1	det1=true
[4675]	78	84	-28	0	-7	-4	det1=true
[4676]	78	84	-32	0	-7	4	det1=true
[4677]	78	84	-25	-8	-4	-7	det1=true
[4678]	78	84	-32	-8	-4	7	det1=true
[4679]	78	84	-12	-2	-8	-3	det1=true
[4680]	78	84	-15	-2	-8	3	det1=true
[4681]	82	84	-30	-20	-5	-6	det1=true
[4682]	82	84	-36	-20	-5	6	det1=true
[4683]	84	84	-53	-30	-6	1	det1=true
[4684]	29	81	-9	1	-5	-1	det1=true
[4685]	29	81	-10	1	-5	1	det1=true
[4686]	29	81	-12	-1	-1	5	det1=true
[4687]	42	81	-14	0	-6	1	det1=true
[4688]	45	81	-7	0	-5	-4	det1=true
[4689]	45	81	-11	0	-5	4	det1=true
[4690]	49	81	-21	-13	-1	-6	det1=true
[4691]	49	81	-27	-13	-1	6	det1=true
[4692]	49	81	-5	1	-3	-6	det1=true
[4693]	49	81	-11	1	-3	6	det1=true
[4694]	52	81	-23	0	-4	-5	det1=true
[4695]	52	81	-28	0	-4	5	det1=true
[4696]	53	81	-27	-8	-5	4	det1=true
[4697]	63	81	-31	-27	-6	-1	det1=true
[4698]	65	81	-29	-4	-7	-1	det1=true
[4699]	65	81	-30	-4	-7	1	det1=true
[4700]	65	81	-26	-7	-1	-7	det1=true
[4701]	65	81	-33	-7	-1	7	det1=true
[4702]	69	81	-26	-19	-1	-7	det1=true
[4703]	69	81	-33	-19	-1	7	det1=true
[4704]	71	81	-28	-21	-7	-1	det1=true
[4705]	71	81	-29	-21	-7	1	det1=true
[4706]	71	81	-7	1	-4	-7	det1=true
[4707]	71	81	-14	1	-4	7	det1=true
[4708]	71	81	-5	-5	-1	-8	det1=true
[4709]	71	81	-13	-5	-1	8	det1=true
[4710]	75	81	-11	-14	-1	-8	det1=true
[4711]	75	81	-19	-14	-1	8	det1=true
[4712]	80	81	-14	-15	-2	-8	det1=true
[4713]	80	81	-22	-15	-2	8	det1=true
[4714]	81	81	-11	0	-3	-8	det1=true
[4715]	81	81	-19	0	-3	8	det1=true
[4716]	43	82	-17	0	-6	-1	det1=true
[4717]	52	82	-18	-15	-5	-4	det1=true
[4718]	52	82	-22	-15	-5	4	det1=true
[4719]	55	82	-21	-18	-4	-5	det1=true
[4720]	55	82	-26	-18	-4	5	det1=true
[4721]	56	82	-11	-2	-4	6	det1=true
[4722]	65	82	-26	2	-7	-2	det1=true
[4723]	65	82	-28	2	-7	2	det1=true
[4724]	65	82	-22	-8	-2	-7	det1=true
[4725]	65	82	-29	-8	-2	7	det1=true
[4726]	66	82	-22	-15	-6	-4	det1=true
[4727]	66	82	-26	-15	-6	4	det1=true
[4728]	70	82	-6	0	-1	-8	det1=true
[4729]	73	82	-15	0	-4	-7	det1=true
[4730]	73	82	-22	0	-4	7	det1=true
[4731]	76	82	-28	0	-6	-5	det1=true
[4732]	76	82	-33	0	-6	5	det1=true
[4733]	78	82	-18	-16	-1	-8	det1=true
[4734]	78	82	-26	-16	-1	8	det1=true
[4735]	81	82	-15	-2	-8	-3	det1=true
[4736]	82	82	-44	-36	-4	5	det1=true
[4737]	29	83	-11	-7	-4	-3	det1=true
[4738]	29	83	-14	-7	-4	3	det1=true
[4739]	41	83	-12	-3	-6	-1	det1=true
[4740]	41	83	-13	-3	-6	1	det1=true
[4741]	57	83	-8	1	-2	-7	det1=true
[4742]	57	83	-15	1	-2	7	det1=true
[4743]	61	83	-4	3	-7	-3	det1=true
[4744]	61	83	-7	3	-7	3	det1=true
[4745]	62	83	-23	0	-6	-4	det1=true
[4746]	64	83	-20	-13	-7	-2	det1=true
[4747]	65	83	-21	-13	-2	-7	det1=true
[4748]	65	83	-28	-13	-2	7	det1=true
[4749]	68	83	0	3	-7	-4	det1=true
[4750]	68	83	-4	3	-7	4	det1=true
[4751]	69	83	-5	-2	-1	-8	det1=true
[4752]	69	83	-13	-2	-1	8	det1=true
[4753]	79	83	-23	-5	-8	-2	det1=true
[4754]	80	83	-24	-16	-8	-1	det1=true
[4755]	80	83	-25	-16	-8	1	det1=true
[4756]	80	83	-10	-9	-3	-8	det1=true
[4757]	80	83	-18	-9	-3	8	det1=true
[4758]	82	83	-28	-21	-5	-6	det1=true
[4759]	82	83	-34	-21	-5	6	det1=true
[4760]	31	84	-8	0	-5	-2	det1=true
[4761]	31	84	-10	0	-5	2	det1=true
[4762]	39	84	-7	0	-6	-1	det1=true
[4763]	39	84	-8	0	-6	1	det1=true
[4764]	47	84	-18	-5	-2	-6	det1=true
[4765]	53	84	-26	-8	-5	-4	det1=true
[4766]	60	84	-20	3	-7	-2	det1=true
[4767]	60	84	-22	3	-7	2	det1=true
[4768]	62	84	-32	-20	-3	6	det1=true
[4769]	68	84	-5	2	-4	-7	det1=true
[4770]	68	84	-12	2	-4	7	det1=true
[4771]	70	84	-34	-4	-7	-2	det1=true
[4772]	70	84	-36	-4	-7	2	det1=true
[4773]	71	84	-14	0	-1	-8	det1=true
[4774]	71	84	-22	0	-1	8	det1=true
[4775]	72	84	-11	2	-8	-2	det1=true
[4776]	72	84	-13	2	-8	2	det1=true
[4777]	74	84	-20	0	-1	-8	det1=true
[4778]	74	84	-28	0	-1	8	det1=true
[4779]	76	84	-17	-16	-4	-7	det1=true
[4780]	76	84	-24	-16	-4	7	det1=true
[4781]	80	84	-27	-2	-8	-2	det1=true
[4782]	81	84	-26	-1	-2	-8	det1=true
[4783]	81	84	-34	-1	-2	8	det1=true
[4784]	81	84	-24	-19	-1	-8	det1=true
[4785]	81	84	-32	-19	-1	8	det1=true
[4786]	83	84	-52	-5	-3	-6	det1=true
[4787]	84	84	-50	-17	-3	-6	det1=true
[4788]	84	84	-25	-2	-6	-6	det1=true
[4789]	84	84	-31	-2	-6	6	det1=true
[4790]	34	81	-14	-1	-5	-2	det1=true
[4791]	34	81	-16	-1	-5	2	det1=true
[4792]	40	81	-4	0	-6	-1	det1=true
[4793]	40	81	-5	0	-6	1	det1=true
[4794]	43	81	-16	3	-6	-1	det1=true
[4795]	43	81	-17	3	-6	1	det1=true
[4796]	45	81	-15	-10	-1	-6	det1=true
[4797]	45	81	-21	-10	-1	6	det1=true
[4798]	46	81	-22	0	-6	-1	det1=true
[4799]	46	81	-23	0	-6	1	det1=true
[4800]	48	81	-16	0	-5	-4	det1=true
[4801]	51	81	-19	-9	-5	-4	det1=true
[4802]	51	81	-23	-9	-5	4	det1=true
[4803]	55	81	-23	-14	-5	-4	det1=true
[4804]	57	81	-3	2	-7	-2	det1=true
[4805]	58	81	-6	-2	-2	-7	det1=true
[4806]	58	81	-13	-2	-2	7	det1=true
[4807]	59	81	-27	-17	-5	-4	det1=true
[4808]	61	81	-17	-13	-1	-7	det1=true
[4809]	61	81	-14	-5	-2	-7	det1=true
[4810]	61	81	-21	-5	-2	7	det1=true
[4811]	65	81	-23	-17	-7	1	det1=true
[4812]	71	81	-28	-20	-1	-7	det1=true
[4813]	71	81	-35	-20	-1	7	det1=true
[4814]	71	81	-25	-24	-1	-7	det1=true
[4815]	71	81	-32	-24	-1	7	det1=true
[4816]	72	81	-13	-2	-8	1	det1=true
[4817]	74	81	-11	-10	-4	-7	det1=true
[4818]	74	81	-18	-10	-4	7	det1=true
[4819]	76	81	-12	1	-2	-8	det1=true
[4820]	76	81	-20	1	-2	8	det1=true
[4821]	80	81	-23	2	-8	-2	det1=true
[4822]	80	81	-25	2	-8	2	det1=true
[4823]	81	81	-13	-2	-7	5	det1=true
[4824]	28	82	-9	-2	-4	-3	det1=true
[4825]	28	82	-12	-2	-4	3	det1=true
[4826]	28	82	-11	-4	-4	3	det1=true
[4827]	33	82	-14	-2	-5	2	det1=true
[4828]	40	82	-4	-4	-1	-6	det1=true
[4829]	40	82	-10	-4	-1	6	det1=true
[4830]	43	82	-18	0	-6	1	det1=true
[4831]	46	82	-12	0	-4	-5	det1=true
[4832]	46	82	-17	0	-4	5	det1=true
[4833]	50	82	-25	-4	-4	5	det1=true
[4834]	52	82	-24	-3	-5	-4	det1=true
[4835]	57	82	-7	-6	-6	-4	det1=true
[4836]	59	82	-32	-17	-5	4	det1=true
[4837]	61	82	-18	-5	-4	-6	det1=true
[4838]	61	82	-24	-5	-4	6	det1=true
[4839]	61	82	-18	-3	-7	-2	det1=true
[4840]	61	82	-20	-3	-7	2	det1=true
[4841]	65	82	-21	-14	-6	-4	det1=true
[4842]	65	82	-25	-14	-6	4	det1=true
[4843]	69	82	0	-1	-1	-8	det1=true
[4844]	69	82	-8	-1	-1	8	det1=true
[4845]	70	82	-18	0	-5	-6	det1=true
[4846]	70	82	-24	0	-5	6	det1=true
[4847]	75	82	-12	-5	-8	-2	det1=true
[4848]	75	82	-14	-5	-8	2	det1=true
[4849]	77	82	-29	-26	-6	-4	det1=true
[4850]	77	82	-33	-26	-6	4	det1=true
[4851]	80	82	-32	-4	-5	-6	det1=true
[4852]	80	82	-38	-4	-5	6	det1=true
[4853]	80	82	-16	0	-8	3	det1=true
[4854]	82	82	-39	-36	-4	-5	det1=true
[4855]	41	83	-16	-9	-3	-5	det1=true
[4856]	41	83	-21	-9	-3	5	det1=true
[4857]	43	83	-1	1	-5	-4	det1=true
[4858]	43	83	-5	1	-5	4	det1=true
[4859]	44	83	-9	-6	-6	-2	det1=true
[4860]	44	83	-11	-6	-6	2	det1=true
[4861]	44	83	-7	-8	-2	-6	det1=true
[4862]	44	83	-13	-8	-2	6	det1=true
[4863]	47	83	-16	1	-4	-5	det1=true
[4864]	47	83	-21	1	-4	5	det1=true
[4865]	52	83	-19	-18	-2	-6	det1=true
[4866]	54	83	-22	-16	-4	-5	det1=true
[4867]	54	83	-27	-16	-4	5	det1=true
[4868]	56	83	-7	-4	-4	-6	det1=true
[4869]	56	83	-13	-4	-4	6	det1=true
[4870]	57	83	-31	-5	-3	6	det1=true
[4871]	62	83	-22	-1	-4	-6	det1=true
[4872]	62	83	-28	-1	-4	6	det1=true
[4873]	68	83	-16	0	-6	-5	det1=true
[4874]	71	83	-32	-12	-6	-4	det1=true
[4875]	71	83	-36	-12	-6	4	det1=true
[4876]	71	83	-22	3	-6	-5	det1=true
[4877]	71	83	-27	3	-6	5	det1=true
[4878]	72	83	-14	-3	-1	-8	det1=true
[4879]	72	83	-22	-3	-1	8	det1=true
[4880]	72	83	-13	-6	-4	-7	det1=true
[4881]	72	83	-20	-6	-4	7	det1=true
[4882]	73	83	-23	-7	-5	-6	det1=true
[4883]	73	83	-29	-7	-5	6	det1=true
[4884]	74	83	-17	-10	-8	-1	det1=true
[4885]	75	83	-19	-7	-1	-8	det1=true
[4886]	75	83	-27	-7	-1	8	det1=true
[4887]	75	83	-17	3	-8	-2	det1=true
[4888]	75	83	-19	3	-8	2	det1=true
[4889]	78	83	-34	-22	-7	-2	det1=true
[4890]	78	83	-36	-22	-7	2	det1=true
[4891]	79	83	-35	-23	-6	-4	det1=true
[4892]	79	83	-39	-23	-6	4	det1=true
[4893]	79	83	-33	1	-6	-5	det1=true
[4894]	79	83	-38	1	-6	5	det1=true
[4895]	79	83	-35	-13	-5	6	det1=true
[4896]	32	84	-7	-8	-2	-5	det1=true
[4897]	32	84	-12	-8	-2	5	det1=true
[4898]	46	84	-15	2	-4	-5	det1=true
[4899]	46	84	-20	2	-4	5	det1=true
[4900]	48	84	-18	-19	-1	-6	det1=true
[4901]	48	84	-24	-19	-1	6	det1=true
[4902]	54	84	-22	-1	-3	-6	det1=true
[4903]	61	84	-21	-4	-4	-6	det1=true
[4904]	61	84	-27	-4	-4	6	det1=true
[4905]	62	84	-26	-20	-3	-6	det1=true
[4906]	64	84	-6	1	-5	-6	det1=true
[4907]	64	84	-12	1	-5	6	det1=true
[4908]	67	84	-18	-8	-5	6	det1=true
[4909]	69	84	-24	-20	-2	-7	det1=true
[4910]	69	84	-31	-20	-2	7	det1=true
[4911]	69	84	-10	0	-7	-4	det1=true
[4912]	69	84	-14	0	-7	4	det1=true
[4913]	70	84	-26	-20	-7	-2	det1=true
[4914]	70	84	-28	-20	-7	2	det1=true
[4915]	70	84	-20	-6	-6	-5	det1=true
[4916]	70	84	-25	-6	-6	5	det1=true
[4917]	76	84	-29	-26	-2	-7	det1=true
[4918]	76	84	-36	-26	-2	7	det1=true
[4919]	76	84	-23	-18	-6	-5	det1=true
[4920]	76	84	-28	-18	-6	5	det1=true
[4921]	76	84	-21	4	-8	-2	det1=true
[4922]	76	84	-23	4	-8	2	det1=true
[4923]	76	84	-20	-14	-8	-1	det1=true
[4924]	76	84	-21	-14	-8	1	det1=true
[4925]	77	84	-25	-2	-4	-7	det1=true
[4926]	77	84	-32	-2	-4	7	det1=true
[4927]	80	84	-29	-2	-8	2	det1=true
[4928]	82	84	-36	-26	-2	-7	det1=true
[4929]	82	84	-43	-26	-2	7	det1=true
[4930]	33	81	-11	-1	-5	-2	det1=true
[4931]	33	81	-13	-1	-5	2	det1=true
[4932]	34	81	-10	-8	-2	-5	det1=true
[4933]	34	81	-15	-8	-2	5	det1=true
[4934]	37	81	-17	-10	-5	-2	det1=true
[4935]	37	81	-19	-10	-5	2	det1=true
[4936]	42	81	-13	0	-6	-1	det1=true
[4937]	55	81	-7	-2	-1	-7	det1=true
[4938]	55	81	-14	-2	-1	7	det1=true
[4939]	59	81	-20	-1	-7	-1	det1=true
[4940]	59	81	-21	-1	-7	1	det1=true
[4941]	61	81	-20	-10	-7	-1	det1=true
[4942]	61	81	-21	-10	-7	1	det1=true
[4943]	63	81	-21	-1	-7	-2	det1=true
[4944]	63	81	-23	-1	-7	2	det1=true
[4945]	65	81	-23	-6	-7	-2	det1=true
[4946]	65	81	-25	-6	-7	2	det1=true
[4947]	70	81	-30	-7	-7	-2	det1=true
[4948]	70	81	-32	-7	-7	2	det1=true
[4949]	71	81	-31	-17	-7	-1	det1=true
[4950]	71	81	-32	-17	-7	1	det1=true
[4951]	72	81	-30	-13	-7	-2	det1=true
[4952]	72	81	-32	-13	-7	2	det1=true
[4953]	73	81	-13	1	-4	-7	det1=true
[4954]	73	81	-20	1	-4	7	det1=true
[4955]	74	81	-16	-2	-7	-4	det1=true
[4956]	74	81	-20	-2	-7	4	det1=true
[4957]	74	81	-14	-5	-1	-8	det1=true
[4958]	74	81	-14	-8	-8	-1	det1=true
[4959]	74	81	-15	-8	-8	1	det1=true
[4960]	76	81	-33	-14	-2	-7	det1=true
[4961]	76	81	-40	-14	-2	7	det1=true
[4962]	79	81	-31	-29	-1	-7	det1=true
[4963]	79	81	-38	-29	-1	7	det1=true
[4964]	80	81	-20	-1	-2	-8	det1=true
[4965]	80	81	-28	-1	-2	8	det1=true
[4966]	81	81	-8	-2	-7	-5	det1=true
[4967]	28	82	-8	-4	-4	-3	det1=true
[4968]	36	82	-14	-12	-5	-2	det1=true
[4969]	36	82	-16	-12	-5	2	det1=true
[4970]	41	82	-8	-5	-1	-6	det1=true
[4971]	41	82	-14	-5	-1	6	det1=true
[4972]	56	82	-27	-22	-6	-1	det1=true
[4973]	58	82	-9	0	-2	-7	det1=true
[4974]	58	82	-16	0	-2	7	det1=true
[4975]	60	82	-13	-6	-2	-7	det1=true
[4976]	60	82	-20	-6	-2	7	det1=true
[4977]	60	82	-12	-8	-2	-7	det1=true
[4978]	60	82	-19	-8	-2	7	det1=true
[4979]	63	82	-15	-14	-2	-7	det1=true
[4980]	63	82	-22	-14	-2	7	det1=true
[4981]	65	82	-8	-1	-5	6	det1=true
[4982]	66	82	-13	0	-6	5	det1=true
[4983]	75	82	-32	-18	-7	-2	det1=true
[4984]	75	82	-34	-18	-7	2	det1=true
[4985]	75	82	-17	-8	-2	8	det1=true
[4986]	77	82	-28	-27	-4	-6	det1=true
[4987]	77	82	-34	-27	-4	6	det1=true
[4988]	79	82	-19	-6	-2	-8	det1=true
[4989]	79	82	-27	-6	-2	8	det1=true
[4990]	80	82	-28	-1	-7	-4	det1=true
[4991]	80	82	-32	-1	-7	4	det1=true
[4992]	80	82	-13	0	-8	-3	det1=true
[4993]	82	82	-35	-2	-6	-5	det1=true
[4994]	82	82	-40	-2	-6	5	det1=true
[4995]	82	82	-25	-18	-8	1	det1=true
[4996]	37	83	-8	-3	-5	-3	det1=true
[4997]	37	83	-11	-3	-5	3	det1=true
[4998]	43	83	-18	-1	-6	-1	det1=true
[4999]	43	83	-19	-1	-6	1	det1=true
[5000]	43	83	-6	-4	-6	-2	det1=true
[5001]	43	83	-8	-4	-6	2	det1=true
[5002]	49	83	-19	-11	-6	-2	det1=true
[5003]	49	83	-21	-11	-6	2	det1=true
[5004]	52	83	-22	-11	-5	-4	det1=true
[5005]	53	83	-5	-2	-7	-1	det1=true
[5006]	56	83	-29	-22	-6	1	det1=true
[5007]	59	83	-23	1	-7	-1	det1=true
[5008]	59	83	-24	1	-7	1	det1=true
[5009]	59	83	-20	-2	-1	-7	det1=true
[5010]	59	83	-27	-2	-1	7	det1=true
[5011]	63	83	-22	-15	-1	-7	det1=true
[5012]	63	83	-29	-15	-1	7	det1=true
[5013]	64	83	-26	-1	-6	-4	det1=true
[5014]	64	83	-30	-1	-6	4	det1=true
[5015]	64	83	-22	-13	-7	2	det1=true
[5016]	65	83	-13	-8	-3	-7	det1=true
[5017]	65	83	-20	-8	-3	7	det1=true
[5018]	65	83	-7	1	-5	-6	det1=true
[5019]	65	83	-13	1	-5	6	det1=true
[5020]	68	83	-21	0	-6	5	det1=true
[5021]	68	83	2	0	-1	-8	det1=true
[5022]	71	83	-37	-13	-4	6	det1=true
[5023]	73	83	-28	-9	-7	-3	det1=true
[5024]	73	83	-24	-5	-6	-5	det1=true
[5025]	73	83	-29	-5	-6	5	det1=true
[5026]	74	83	-18	-10	-8	1	det1=true
[5027]	75	83	-11	-9	-2	-8	det1=true
[5028]	75	83	-19	-9	-2	8	det1=true
[5029]	77	83	-30	-30	-1	-7	det1=true
[5030]	77	83	-21	-13	-8	-1	det1=true
[5031]	77	83	-22	-13	-8	1	det1=true
[5032]	80	83	-21	-18	-4	-7	det1=true
[5033]	80	83	-28	-18	-4	7	det1=true
[5034]	44	84	-11	-6	-6	-2	det1=true
[5035]	44	84	-13	-6	-6	2	det1=true
[5036]	44	84	-9	-8	-2	-6	det1=true
[5037]	47	84	-20	-3	-6	-2	det1=true
[5038]	47	84	-22	-3	-6	2	det1=true
[5039]	48	84	-8	-1	-3	-6	det1=true
[5040]	58	84	-15	-4	-4	-6	det1=true
[5041]	58	84	-21	-4	-4	6	det1=true
[5042]	60	84	-13	-12	-2	-7	det1=true
[5043]	60	84	-20	-12	-2	7	det1=true
[5044]	61	84	-22	-3	-6	-4	det1=true
[5045]	61	84	-26	-3	-6	4	det1=true
[5046]	62	84	-34	-17	-3	6	det1=true
[5047]	62	84	-21	-2	-2	-7	det1=true
[5048]	67	84	-12	-8	-5	-6	det1=true
[5049]	69	84	-28	-29	-3	-6	det1=true
[5050]	69	84	-34	-29	-3	6	det1=true
[5051]	70	84	-29	-14	-2	-7	det1=true
[5052]	70	84	-36	-14	-2	7	det1=true
[5053]	73	84	-10	-5	-2	-8	det1=true
[5054]	73	84	-18	-5	-2	8	det1=true
[5055]	74	84	-22	3	-7	-4	det1=true
[5056]	74	84	-26	3	-7	4	det1=true
[5057]	74	84	-19	-10	-8	-1	det1=true
[5058]	74	84	-20	-10	-8	1	det1=true
[5059]	75	84	-12	-11	-2	-8	det1=true
[5060]	76	84	-34	-21	-6	-4	det1=true
[5061]	76	84	-38	-21	-6	4	det1=true
[5062]	79	84	-31	2	-8	-1	det1=true
[5063]	79	84	-32	2	-8	1	det1=true
[5064]	80	84	-38	-21	-7	-2	det1=true
[5065]	80	84	-40	-21	-7	2	det1=true
[5066]	80	84	-30	-4	-7	-4	det1=true
[5067]	80	84	-34	-4	-7	4	det1=true
[5068]	80	84	-32	-5	-2	8	det1=true
[5069]	80	84	-24	-16	-4	-7	det1=true
[5070]	80	84	-31	-16	-4	7	det1=true
[5071]	29	81	-7	-1	-1	-5	det1=true
[5072]	61	81	-24	-13	-1	7	det1=true
[5073]	61	81	-15	1	-2	-7	det1=true
[5074]	61	81	-22	1	-2	7	det1=true
[5075]	62	81	-15	-8	-2	-7	det1=true
[5076]	62	81	-22	-8	-2	7	det1=true
[5077]	65	81	-19	-20	-1	-7	det1=true
[5078]	65	81	-26	-20	-1	7	det1=true
[5079]	66	81	-20	-14	-7	-2	det1=true
[5080]	66	81	-22	-14	-7	2	det1=true
[5081]	69	81	-25	-21	-7	-1	det1=true
[5082]	69	81	-26	-21	-7	1	det1=true
[5083]	74	81	-22	-5	-1	8	det1=true
[5084]	75	81	-13	-11	-7	-4	det1=true
[5085]	78	81	-24	2	-7	-4	det1=true
[5086]	78	81	-28	2	-7	4	det1=true
[5087]	78	81	-22	-1	-1	-8	det1=true
[5088]	78	81	-30	-1	-1	8	det1=true
[5089]	79	81	-34	-26	-7	-1	det1=true
[5090]	79	81	-35	-26	-7	1	det1=true
[5091]	81	81	-24	-2	-8	-2	det1=true
[5092]	33	82	-12	-2	-5	-2	det1=true
[5093]	46	82	-14	-16	-1	-6	det1=true
[5094]	46	82	-20	-16	-1	6	det1=true
[5095]	56	82	-5	-2	-4	-6	det1=true
[5096]	60	82	-28	-19	-5	-4	det1=true
[5097]	60	82	-32	-19	-5	4	det1=true
[5098]	65	82	-20	-15	-4	-6	det1=true
[5099]	65	82	-26	-15	-4	6	det1=true
[5100]	66	82	-8	0	-6	-5	det1=true
[5101]	74	82	-32	-17	-6	-4	det1=true
[5102]	74	82	-36	-17	-6	4	det1=true
[5103]	75	82	-9	-8	-2	-8	det1=true
[5104]	78	82	-20	-13	-7	-4	det1=true
[5105]	78	82	-24	-13	-7	4	det1=true
[5106]	80	82	-30	-29	-6	-4	det1=true
[5107]	80	82	-34	-29	-6	4	det1=true
[5108]	82	82	-21	-20	-4	-7	det1=true
[5109]	82	82	-28	-20	-4	7	det1=true
[5110]	44	83	-6	-3	-5	-4	det1=true
[5111]	44	83	-10	-3	-5	4	det1=true
[5112]	51	83	-25	-11	-4	5	det1=true
[5113]	51	83	-13	-7	-3	-6	det1=true
[5114]	52	83	-25	-18	-2	6	det1=true
[5115]	53	83	-6	-2	-7	1	det1=true
[5116]	55	83	-5	1	-6	-4	det1=true
[5117]	55	83	-9	1	-6	4	det1=true
[5118]	56	83	-6	3	-7	-2	det1=true
[5119]	56	83	-8	3	-7	2	det1=true
[5120]	61	83	-2	1	-3	-7	det1=true
[5121]	61	83	-9	1	-3	7	det1=true
[5122]	63	83	-29	-1	-7	-1	det1=true
[5123]	63	83	-30	-1	-7	1	det1=true
[5124]	64	83	-25	-2	-4	-6	det1=true
[5125]	64	83	-31	-2	-4	6	det1=true
[5126]	64	83	-18	-17	-6	-4	det1=true
[5127]	64	83	-22	-17	-6	4	det1=true
[5128]	65	83	-31	-27	-6	-2	det1=true
[5129]	65	83	-33	-27	-6	2	det1=true
[5130]	65	83	-17	-1	-7	-3	det1=true
[5131]	65	83	-20	-1	-7	3	det1=true
[5132]	66	83	-26	-2	-2	-7	det1=true
[5133]	67	83	-29	-3	-4	-6	det1=true
[5134]	67	83	-13	-1	-5	-6	det1=true
[5135]	67	83	-19	-1	-5	6	det1=true
[5136]	68	83	-6	0	-1	8	det1=true
[5137]	69	83	-23	-20	-7	-2	det1=true
[5138]	69	83	-25	-20	-7	2	det1=true
[5139]	70	83	-16	-10	-5	-6	det1=true
[5140]	70	83	-22	-10	-5	6	det1=true
[5141]	71	83	-31	-13	-4	-6	det1=true
[5142]	77	83	-37	-30	-1	7	det1=true
[5143]	77	83	-26	-3	-8	-1	det1=true
[5144]	77	83	-27	-3	-8	1	det1=true
[5145]	77	83	-18	-15	-4	-7	det1=true
[5146]	77	83	-25	-15	-4	7	det1=true
[5147]	79	83	-37	-25	-7	-1	det1=true
[5148]	79	83	-38	-25	-7	1	det1=true
[5149]	79	83	-34	-28	-1	-7	det1=true
[5150]	79	83	-41	-28	-1	7	det1=true
[5151]	80	83	-31	-12	-6	-5	det1=true
[5152]	80	83	-36	-12	-6	5	det1=true
[5153]	18	84	-4	-2	-4	-1	det1=true
[5154]	18	84	-5	-2	-4	1	det1=true
[5155]	19	84	-6	-7	-1	-4	det1=true
[5156]	19	84	-10	-7	-1	4	det1=true
[5157]	44	84	-15	-8	-2	6	det1=true
[5158]	46	84	-12	-8	-5	-4	det1=true
[5159]	46	84	-16	-8	-5	4	det1=true
[5160]	59	84	-14	-8	-7	-2	det1=true
[5161]	59	84	-16	-8	-7	2	det1=true
[5162]	62	84	-28	-2	-2	7	det1=true
[5163]	69	84	-8	-3	-1	-8	det1=true
[5164]	69	84	-16	-3	-1	8	det1=true
[5165]	76	84	-30	1	-5	-6	det1=true
[5166]	76	84	-36	1	-5	6	det1=true
[5167]	78	84	-28	-30	-2	-7	det1=true
[5168]	78	84	-35	-30	-2	7	det1=true
[5169]	79	84	-28	0	-4	-7	det1=true
[5170]	79	84	-35	0	-4	7	det1=true
[5171]	79	84	-22	-17	-7	-4	det1=true
[5172]	79	84	-26	-17	-7	4	det1=true
[5173]	80	84	-24	-5	-2	-8	det1=true
[5174]	80	84	-30	-11	-2	8	det1=true
[5175]	82	84	-28	-14	-4	-7	det1=true
[5176]	82	84	-35	-14	-4	7	det1=true
[5177]	83	84	-33	2	-4	-7	det1=true
[5178]	83	84	-40	2	-4	7	det1=true
[5179]	38	81	-16	-14	-5	-2	det1=true
[5180]	38	81	-18	-14	-5	2	det1=true
[5181]	74	81	-32	-14	-7	-2	det1=true
[5182]	74	81	-34	-14	-7	2	det1=true
[5183]	75	81	-35	-21	-2	7	det1=true
[5184]	75	81	-17	-11	-7	4	det1=true
[5185]	55	82	-25	-12	-4	-5	det1=true
[5186]	55	82	-30	-12	-4	5	det1=true
[5187]	65	82	-2	-1	-5	-6	det1=true
[5188]	66	82	-21	-16	-4	-6	det1=true
[5189]	66	82	-27	-16	-4	6	det1=true
[5190]	69	82	-2	2	-7	-4	det1=true
[5191]	69	82	-6	2	-7	4	det1=true
[5192]	75	82	-31	-18	-2	-7	det1=true
[5193]	75	82	-38	-18	-2	7	det1=true
[5194]	75	82	-14	-1	-8	-2	det1=true
[5195]	75	82	-16	-1	-8	2	det1=true
[5196]	76	82	-24	-12	-5	-6	det1=true
[5197]	76	82	-30	-12	-5	6	det1=true
[5198]	76	82	-23	-14	-6	-5	det1=true
[5199]	76	82	-28	-14	-6	5	det1=true
[5200]	80	82	-28	-15	-5	-6	det1=true
[5201]	80	82	-34	-15	-5	6	det1=true
[5202]	82	82	-36	-24	-7	-2	det1=true
[5203]	82	82	-38	-24	-7	2	det1=true
[5204]	28	83	-8	-6	-4	-3	det1=true
[5205]	28	83	-11	-6	-4	3	det1=true
[5206]	51	83	-20	-11	-4	-5	det1=true
[5207]	51	83	-19	-7	-3	6	det1=true
[5208]	52	83	-21	-16	-6	-2	det1=true
[5209]	52	83	-23	-16	-6	2	det1=true
[5210]	53	83	-21	-15	-4	-5	det1=true
[5211]	53	83	-26	-15	-4	5	det1=true
[5212]	60	83	-14	-9	-7	-2	det1=true
[5213]	60	83	-16	-9	-7	2	det1=true
[5214]	66	83	-33	-2	-2	7	det1=true
[5215]	67	83	-27	-26	-3	-6	det1=true
[5216]	67	83	-33	-26	-3	6	det1=true
[5217]	69	83	-7	1	-7	-4	det1=true
[5218]	69	83	-11	1	-7	4	det1=true
[5219]	75	83	-33	2	-7	-3	det1=true
[5220]	75	83	-36	2	-7	3	det1=true
[5221]	79	83	-29	-13	-5	-6	det1=true
[5222]	54	84	-28	-1	-3	6	det1=true
[5223]	73	84	-34	-15	-6	-4	det1=true
[5224]	73	84	-38	-15	-6	4	det1=true
[5225]	76	84	-24	-8	-8	-1	det1=true
[5226]	76	84	-25	-8	-8	1	det1=true
[5227]	79	84	-20	-20	-1	-8	det1=true
[5228]	79	84	-28	-20	-1	8	det1=true
[5229]	80	84	-28	-14	-8	1	det1=true
[5230]	80	84	-22	-11	-2	-8	det1=true
[5231]	81	84	-29	2	-8	-2	det1=true
[5232]	81	84	-31	2	-8	2	det1=true
[5233]	42	81	-10	-6	-6	-1	det1=true
[5234]	42	81	-11	-6	-6	1	det1=true
[5235]	65	81	-21	-10	-7	-2	det1=true
[5236]	65	81	-23	-10	-7	2	det1=true
[5237]	75	81	-28	-21	-2	-7	det1=true
[5238]	78	81	-38	-22	-2	7	det1=true
[5239]	79	81	-6	1	-8	-3	det1=true
[5240]	79	81	-9	1	-8	3	det1=true
[5241]	48	82	-12	-11	-5	-4	det1=true
[5242]	48	82	-16	-11	-5	4	det1=true
[5243]	58	82	-8	-4	-2	-7	det1=true
[5244]	58	82	-15	-4	-2	7	det1=true
[5245]	74	82	-34	-16	-7	2	det1=true
[5246]	82	82	-24	-18	-8	-1	det1=true
[5247]	73	83	-31	-9	-7	3	det1=true
[5248]	77	83	-23	-5	-4	-7	det1=true
[5249]	77	83	-30	-5	-4	7	det1=true
[5250]	83	83	-37	-3	-6	-5	det1=true
[5251]	83	83	-42	-3	-6	5	det1=true
[5252]	32	84	-12	1	-5	-2	det1=true
[5253]	75	84	-20	-11	-2	8	det1=true
[5254]	84	84	-33	4	-8	-2	det1=true
[5255]	44	81	0	1	-5	-4	det1=true
[5256]	44	81	-4	1	-5	4	det1=true
[5257]	48	81	-20	0	-5	4	det1=true
[5258]	64	81	-22	-4	-7	-2	det1=true
[5259]	64	81	-24	-4	-7	2	det1=true
[5260]	78	81	-31	-22	-2	-7	det1=true
[5261]	73	82	-18	2	-8	-1	det1=true
[5262]	73	82	-19	2	-8	1	det1=true
[5263]	74	82	-32	-16	-7	-2	det1=true
[5264]	75	82	-19	0	-4	-7	det1=true
[5265]	44	83	-16	-10	-6	-1	det1=true
[5266]	44	83	-17	-10	-6	1	det1=true
[5267]	57	83	-23	-3	-1	7	det1=true
[5268]	57	83	-11	-13	-1	-7	det1=true
[5269]	65	83	-32	3	-7	-1	det1=true
[5270]	65	83	-33	3	-7	1	det1=true
[5271]	65	83	-27	0	-7	-2	det1=true
[5272]	65	83	-29	0	-7	2	det1=true
[5273]	72	83	-16	-4	-8	-1	det1=true
[5274]	72	83	-17	-4	-8	1	det1=true
[5275]	55	84	-1	0	-2	-7	det1=true
[5276]	55	84	-8	0	-2	7	det1=true
[5277]	68	84	-4	-2	-4	-7	det1=true
[5278]	68	84	-11	-2	-4	7	det1=true
[5279]	81	84	-26	-16	-7	-4	det1=true
[5280]	47	81	-15	-16	-1	-6	det1=true
[5281]	47	81	-21	-16	-1	6	det1=true
[5282]	57	81	-16	1	-7	-1	det1=true
[5283]	57	81	-17	1	-7	1	det1=true
[5284]	58	82	-10	-7	-6	-4	det1=true
[5285]	58	82	-14	-7	-6	4	det1=true
[5286]	72	82	-32	-32	-4	-5	det1=true
[5287]	72	82	-37	-32	-4	5	det1=true
[5288]	45	83	-9	-5	-5	-4	det1=true
[5289]	45	83	-13	-5	-5	4	det1=true
[5290]	57	83	-16	-3	-1	-7	det1=true
[5291]	63	83	-17	-14	-7	-2	det1=true
[5292]	63	83	-19	-14	-7	2	det1=true
[5293]	67	83	-35	-3	-4	6	det1=true
[5294]	83	83	-18	0	-5	-7	det1=true
[5295]	83	83	-25	0	-5	7	det1=true
[5296]	61	81	-24	2	-7	-1	det1=true
[5297]	61	81	-25	2	-7	1	det1=true
[5298]	65	81	-22	-3	-2	-7	det1=true
[5299]	65	81	-29	-3	-2	7	det1=true
[5300]	43	82	-12	-9	-1	-6	det1=true
[5301]	43	82	-18	-9	-1	6	det1=true
[5302]	65	82	-19	-14	-2	-7	det1=true
[5303]	65	82	-26	-14	-2	7	det1=true
[5304]	82	82	-30	-24	-5	6	det1=true
[5305]	81	84	-30	-16	-7	4	det1=true
[5306]	84	84	-29	-12	-8	-2	det1=true
[5307]	47	81	-13	-1	-4	-5	det1=true
[5308]	47	81	-18	-1	-4	5	det1=true
[5309]	53	81	-21	-22	-1	-6	det1=true
[5310]	53	81	-27	-22	-1	6	det1=true
[5311]	59	81	-28	1	-6	-3	det1=true
[5312]	59	81	-31	1	-6	3	det1=true
[5313]	50	82	-20	-9	-2	-6	det1=true
[5314]	50	82	-26	-9	-2	6	det1=true
[5315]	56	82	-6	-1	-6	-4	det1=true
[5316]	56	82	-10	-1	-6	4	det1=true
[5317]	60	83	-16	0	-2	-7	det1=true
[5318]	60	83	-23	0	-2	7	det1=true
[5319]	72	83	-16	0	-7	-4	det1=true
[5320]	72	83	-20	0	-7	4	det1=true
[5321]	64	84	-20	-14	-2	-7	det1=true
[5322]	64	84	-27	-14	-2	7	det1=true
[5323]	70	84	-12	2	-4	-7	det1=true
[5324]	70	84	-19	2	-4	7	det1=true
[5325]	59	81	-17	-4	-1	-7	det1=true
[5326]	59	81	-24	-4	-1	7	det1=true
[5327]	64	82	-21	-6	-2	-7	det1=true
[5328]	64	82	-28	-6	-2	7	det1=true
[5329]	75	82	-26	0	-4	7	det1=true
[5330]	67	83	-11	-6	-5	-6	det1=true
[5331]	67	83	-17	-6	-5	6	det1=true
[5332]	73	81	-16	3	-8	-1	det1=true
[5333]	73	81	-17	3	-8	1	det1=true
[5334]	50	82	-22	-7	-6	-2	det1=true
[5335]	50	82	-24	-7	-6	2	det1=true
[5336]	57	83	-26	-17	-4	-5	det1=true
[5337]	57	83	-31	-17	-4	5	det1=true
[5338]	58	84	-16	-3	-6	-4	det1=true
[5339]	58	84	-20	-3	-6	4	det1=true
[5340]	84	84	-26	-15	-2	-8	det1=true
[5341]	84	84	-34	-15	-2	8	det1=true
[5342]	65	84	-32	-6	-2	7	det1=true
[5343]	75	81	-33	-11	-2	-7	det1=true
[5344]	75	81	-40	-11	-2	7	det1=true
[5345]	76	81	-15	4	-8	-2	det1=true
[5346]	76	81	-17	4	-8	2	det1=true
[5347]	65	84	-25	-6	-2	-7	det1=true
[5348]	56	83	-26	-15	-5	-4	det1=true
[5349]	72	83	-34	-31	-5	-4	det1=true
[5350]	72	83	-38	-31	-5	4	det1=true
[5351]	74	83	-28	-23	-7	-2	det1=true
[5352]	78	83	-37	-18	-6	-4	det1=true
[5353]	78	83	-41	-18	-6	4	det1=true
[5354]	74	83	-30	-23	-7	2	det1=true
[5355]	65	84	-26	-8	-7	-2	det1=true
[5356]	65	84	-28	-8	-7	2	det1=true
[5357]	75	83	-21	-4	-7	-4	det1=true
[5358]	75	83	-25	-4	-7	4	det1=true
[5359]	83	84	-24	-22	-4	-7	det1=true
[5360]	65	84	-20	-17	-7	-2	det1=true
[5361]	65	84	-22	-17	-7	2	det1=true
[5362]	51	83	-23	-3	-4	-5	det1=true
[5363]	50	85	-14	-6	-3	-6	det1=true
[5364]	50	85	-20	-6	-3	6	det1=true
[5365]	85	85	-25	-21	-2	-8	det1=true
[5366]	85	85	-33	-21	-2	8	det1=true
[5367]	43	85	-6	-3	-4	-5	det1=true
[5368]	43	85	-11	-3	-4	5	det1=true
[5369]	67	85	-24	-24	-1	-7	det1=true
[5370]	67	85	-31	-24	-1	7	det1=true
[5371]	67	85	-22	-2	-3	-7	det1=true
[5372]	67	85	-22	-7	-7	-3	det1=true
[5373]	67	85	-25	-7	-7	3	det1=true
[5374]	74	85	-22	2	-4	-7	det1=true
[5375]	74	85	-29	2	-4	7	det1=true
[5376]	75	85	-25	1	-7	-4	det1=true
[5377]	75	85	-29	1	-7	4	det1=true
[5378]	79	85	-28	-25	-7	-3	det1=true
[5379]	79	85	-31	-25	-7	3	det1=true
[5380]	85	85	-48	-2	-7	3	det1=true
[5381]	85	85	-28	-18	-8	-2	det1=true
[5382]	85	85	-30	-18	-8	2	det1=true
[5383]	85	85	-19	-15	-7	-5	det1=true
[5384]	85	85	-24	-15	-7	5	det1=true
[5385]	85	85	-10	4	-9	-1	det1=true
[5386]	85	85	-11	4	-9	1	det1=true
[5387]	85	85	-9	0	-9	-1	det1=true
[5388]	85	85	-10	0	-9	1	det1=true
[5389]	48	86	-23	-6	-6	-2	det1=true
[5390]	48	86	-25	-6	-6	2	det1=true
[5391]	79	86	-34	-10	-6	-5	det1=true
[5392]	79	86	-39	-10	-6	5	det1=true
[5393]	61	87	-28	-9	-7	-1	det1=true
[5394]	61	87	-29	-9	-7	1	det1=true
[5395]	71	87	-31	-21	-6	-4	det1=true
[5396]	71	87	-35	-21	-6	4	det1=true
[5397]	42	88	-12	1	-2	-6	det1=true
[5398]	42	88	-18	1	-2	6	det1=true
[5399]	46	88	-20	0	-5	-4	det1=true
[5400]	46	88	-24	0	-5	4	det1=true
[5401]	48	88	-22	-7	-5	-4	det1=true
[5402]	48	88	-26	-7	-5	4	det1=true
[5403]	48	88	-16	-16	-4	-5	det1=true
[5404]	76	88	-18	3	-6	-6	det1=true
[5405]	88	88	-36	-28	-5	-6	det1=true
[5406]	88	88	-42	-28	-5	6	det1=true
[5407]	47	85	-8	3	-6	-3	det1=true
[5408]	47	85	-11	3	-6	3	det1=true
[5409]	53	85	-20	-19	-4	-5	det1=true
[5410]	53	85	-25	-19	-4	5	det1=true
[5411]	55	85	-25	-17	-4	-5	det1=true
[5412]	55	85	-30	-17	-4	5	det1=true
[5413]	55	85	-7	0	-7	-2	det1=true
[5414]	55	85	-9	0	-7	2	det1=true
[5415]	57	85	-16	0	-6	-4	det1=true
[5416]	57	85	-20	0	-6	4	det1=true
[5417]	65	85	-18	-4	-3	-7	det1=true
[5418]	65	85	-25	-4	-3	7	det1=true
[5419]	68	85	-19	-2	-6	-5	det1=true
[5420]	68	85	-24	-2	-6	5	det1=true
[5421]	70	85	-6	-1	-8	2	det1=true
[5422]	72	85	-16	-8	-4	-7	det1=true
[5423]	72	85	-23	-8	-4	7	det1=true
[5424]	77	85	-13	3	-8	-3	det1=true
[5425]	77	85	-16	3	-8	3	det1=true
[5426]	80	85	-23	-14	-8	-2	det1=true
[5427]	80	85	-25	-14	-8	2	det1=true
[5428]	83	85	-36	-20	-3	-7	det1=true
[5429]	83	85	-43	-20	-3	7	det1=true
[5430]	83	85	-25	-9	-8	3	det1=true
[5431]	85	85	-37	-22	-3	-7	det1=true
[5432]	85	85	-44	-22	-3	7	det1=true
[5433]	85	85	-18	-16	-5	-7	det1=true
[5434]	85	85	-25	-16	-5	7	det1=true
[5435]	33	86	-13	-8	-2	-5	det1=true
[5436]	33	86	-18	-8	-2	5	det1=true
[5437]	44	86	-12	-2	-4	-5	det1=true
[5438]	44	86	-17	-2	-4	5	det1=true
[5439]	47	86	-18	-6	-4	-5	det1=true
[5440]	47	86	-23	-6	-4	5	det1=true
[5441]	48	86	-21	-8	-2	-6	det1=true
[5442]	48	86	-27	-8	-2	6	det1=true
[5443]	50	86	-18	-16	-5	-4	det1=true
[5444]	50	86	-22	-16	-5	4	det1=true
[5445]	56	86	-24	-12	-3	-6	det1=true
[5446]	56	86	-30	-12	-3	6	det1=true
[5447]	58	86	-28	-23	-6	-2	det1=true
[5448]	58	86	-30	-23	-6	2	det1=true
[5449]	62	86	-28	-29	-2	-6	det1=true
[5450]	62	86	-34	-29	-2	6	det1=true
[5451]	67	86	-28	-15	-4	-6	det1=true
[5452]	67	86	-34	-15	-4	6	det1=true
[5453]	71	86	-18	0	-4	-7	det1=true
[5454]	71	86	-25	0	-4	7	det1=true
[5455]	78	86	-35	0	-6	-5	det1=true
[5456]	78	86	-40	0	-6	5	det1=true
[5457]	81	86	-20	-6	-3	-8	det1=true
[5458]	81	86	-28	-6	-3	8	det1=true
[5459]	84	86	-35	-14	-8	-1	det1=true
[5460]	84	86	-36	-14	-8	1	det1=true
[5461]	84	86	-32	-16	-4	-7	det1=true
[5462]	84	86	-39	-16	-4	7	det1=true
[5463]	86	86	-32	-21	-7	-4	det1=true
[5464]	86	86	-36	-21	-7	4	det1=true
[5465]	30	87	-8	-1	-5	-2	det1=true
[5466]	30	87	-10	-1	-5	2	det1=true
[5467]	59	87	-17	-11	-7	-2	det1=true
[5468]	59	87	-19	-11	-7	2	det1=true
[5469]	74	87	-19	-2	-2	-8	det1=true
[5470]	74	87	-27	-2	-2	8	det1=true
[5471]	77	87	-33	-8	-5	-6	det1=true
[5472]	77	87	-39	-8	-5	6	det1=true
[5473]	77	87	-14	1	-7	-5	det1=true
[5474]	77	87	-19	1	-7	5	det1=true
[5475]	83	87	-35	-1	-8	-2	det1=true
[5476]	83	87	-37	-1	-8	2	det1=true
[5477]	42	88	-13	-6	-6	2	det1=true
[5478]	48	88	-21	-16	-4	5	det1=true
[5479]	48	88	-14	-4	-3	-6	det1=true
[5480]	48	88	-20	-4	-3	6	det1=true
[5481]	56	88	-18	-1	-6	-4	det1=true
[5482]	56	88	-22	-1	-6	4	det1=true
[5483]	60	88	-21	-8	-2	-7	det1=true
[5484]	60	88	-28	-8	-2	7	det1=true
[5485]	66	88	-20	0	-6	-5	det1=true
[5486]	66	88	-25	0	-6	5	det1=true
[5487]	70	88	-17	-8	-4	-7	det1=true
[5488]	70	88	-24	-8	-4	7	det1=true
[5489]	73	88	-31	0	-6	-5	det1=true
[5490]	76	88	-30	-15	-5	-6	det1=true
[5491]	76	88	-36	-15	-5	6	det1=true
[5492]	84	88	-32	-13	-2	-8	det1=true
[5493]	84	88	-40	-13	-2	8	det1=true
[5494]	87	88	-66	1	-5	4	det1=true
[5495]	87	88	-28	-31	-1	-8	det1=true
[5496]	14	85	-6	-2	-3	-2	det1=true
[5497]	14	85	-8	-2	-3	2	det1=true
[5498]	55	85	-5	-1	-2	-7	det1=true
[5499]	55	85	-12	-1	-2	7	det1=true
[5500]	58	85	-11	-10	-2	-7	det1=true
[5501]	58	85	-18	-10	-2	7	det1=true
[5502]	59	85	-16	-5	-2	-7	det1=true
[5503]	59	85	-23	-5	-2	7	det1=true
[5504]	60	85	-16	-10	-2	-7	det1=true
[5505]	60	85	-23	-10	-2	7	det1=true
[5506]	61	85	-27	-18	-3	-6	det1=true
[5507]	61	85	-33	-18	-3	6	det1=true
[5508]	61	85	-9	-3	-7	-3	det1=true
[5509]	61	85	-12	-3	-7	3	det1=true
[5510]	67	85	-29	-2	-3	7	det1=true
[5511]	67	85	-5	-1	-8	-1	det1=true
[5512]	67	85	-6	-1	-8	1	det1=true
[5513]	67	85	-9	-3	-4	7	det1=true
[5514]	69	85	-30	-11	-2	-7	det1=true
[5515]	70	85	-3	0	-2	-8	det1=true
[5516]	70	85	-11	0	-2	8	det1=true
[5517]	71	85	-27	-7	-3	-7	det1=true
[5518]	71	85	-34	-7	-3	7	det1=true
[5519]	72	85	-14	-12	-1	-8	det1=true
[5520]	72	85	-22	-12	-1	8	det1=true
[5521]	73	85	-34	-25	-2	7	det1=true
[5522]	74	85	-19	-10	-4	-7	det1=true
[5523]	74	85	-26	-10	-4	7	det1=true
[5524]	75	85	-21	-20	-5	-6	det1=true
[5525]	75	85	-27	-20	-5	6	det1=true
[5526]	76	85	-20	-16	-8	-1	det1=true
[5527]	76	85	-21	-16	-8	1	det1=true
[5528]	76	85	-8	-2	-8	-3	det1=true
[5529]	76	85	-11	-2	-8	3	det1=true
[5530]	77	85	-37	-2	-7	-3	det1=true
[5531]	77	85	-26	-24	-7	-3	det1=true
[5532]	77	85	-29	-24	-7	3	det1=true
[5533]	77	85	-7	-8	-3	-8	det1=true
[5534]	77	85	-15	-8	-3	8	det1=true
[5535]	78	85	-22	-18	-8	-1	det1=true
[5536]	79	85	-33	-27	-2	-7	det1=true
[5537]	82	85	-36	-10	-5	-6	det1=true
[5538]	82	85	-30	-16	-8	-1	det1=true
[5539]	82	85	-31	-16	-8	1	det1=true
[5540]	47	86	-20	2	-5	-4	det1=true
[5541]	47	86	-24	2	-5	4	det1=true
[5542]	53	86	-22	-18	-4	-5	det1=true
[5543]	53	86	-27	-18	-4	5	det1=true
[5544]	58	86	-16	-2	-2	-7	det1=true
[5545]	58	86	-23	-2	-2	7	det1=true
[5546]	59	86	-18	-9	-4	-6	det1=true
[5547]	59	86	-24	-9	-4	6	det1=true
[5548]	62	86	-24	-9	-6	-4	det1=true
[5549]	62	86	-28	-9	-6	4	det1=true
[5550]	63	86	-22	-12	-2	-7	det1=true
[5551]	63	86	-29	-12	-2	7	det1=true
[5552]	64	86	-10	-4	-5	-6	det1=true
[5553]	64	86	-16	-4	-5	6	det1=true
[5554]	68	86	-10	-3	-1	-8	det1=true
[5555]	68	86	-18	-3	-1	8	det1=true
[5556]	74	86	-19	-4	-8	-2	det1=true
[5557]	74	86	-4	4	-8	-3	det1=true
[5558]	74	86	-7	4	-8	3	det1=true
[5559]	77	86	-15	0	-8	-3	det1=true
[5560]	77	86	-18	0	-8	3	det1=true
[5561]	80	86	-36	-29	-7	2	det1=true
[5562]	81	86	-24	-22	-7	-4	det1=true
[5563]	81	86	-28	-22	-7	4	det1=true
[5564]	85	86	-38	-31	-7	-2	det1=true
[5565]	85	86	-40	-31	-7	2	det1=true
[5566]	86	86	-38	-9	-7	-4	det1=true
[5567]	86	86	-42	-9	-7	4	det1=true
[5568]	26	87	-6	-4	-4	-3	det1=true
[5569]	26	87	-9	-4	-4	3	det1=true
[5570]	34	87	-14	-12	-2	-5	det1=true
[5571]	34	87	-19	-12	-2	5	det1=true
[5572]	45	87	-13	-9	-5	-4	det1=true
[5573]	45	87	-17	-9	-5	4	det1=true
[5574]	53	87	-13	-6	-7	-1	det1=true
[5575]	53	87	-14	-6	-7	1	det1=true
[5576]	64	87	-26	-12	-7	-2	det1=true
[5577]	64	87	-28	-12	-7	2	det1=true
[5578]	66	87	-23	-20	-2	-7	det1=true
[5579]	66	87	-30	-20	-2	7	det1=true
[5580]	68	87	-12	-4	-4	-7	det1=true
[5581]	68	87	-19	-4	-4	7	det1=true
[5582]	68	87	-10	-8	-7	-4	det1=true
[5583]	68	87	-14	-8	-7	4	det1=true
[5584]	69	87	-39	-11	-2	7	det1=true
[5585]	69	87	-17	2	-7	-4	det1=true
[5586]	69	87	-21	2	-7	4	det1=true
[5587]	70	87	-21	-10	-4	7	det1=true
[5588]	74	87	-30	-5	-5	-6	det1=true
[5589]	74	87	-36	-5	-5	6	det1=true
[5590]	75	87	-25	-9	-7	-4	det1=true
[5591]	75	87	-23	-3	-8	-2	det1=true
[5592]	75	87	-25	-3	-8	2	det1=true
[5593]	75	87	-20	-6	-2	-8	det1=true
[5594]	75	87	-28	-6	-2	8	det1=true
[5595]	75	87	-9	-5	-8	-3	det1=true
[5596]	75	87	-12	-5	-8	3	det1=true
[5597]	76	87	-25	-2	-8	-2	det1=true
[5598]	76	87	-27	-2	-8	2	det1=true
[5599]	79	87	-27	-16	-1	-8	det1=true
[5600]	79	87	-35	-16	-1	8	det1=true
[5601]	79	87	-17	-5	-7	-5	det1=true
[5602]	79	87	-22	-5	-7	5	det1=true
[5603]	80	87	-36	-28	-7	-2	det1=true
[5604]	80	87	-28	-17	-7	-4	det1=true
[5605]	80	87	-32	-17	-7	4	det1=true
[5606]	84	87	-31	-22	-8	-1	det1=true
[5607]	84	87	-32	-22	-8	1	det1=true
[5608]	87	87	-12	-13	-1	-9	det1=true
[5609]	87	87	-21	-13	-1	9	det1=true
[5610]	42	88	-9	-8	-2	-6	det1=true
[5611]	42	88	-15	-8	-2	6	det1=true
[5612]	43	88	-12	-2	-4	-5	det1=true
[5613]	43	88	-17	-2	-4	5	det1=true
[5614]	43	88	-12	-9	-6	-2	det1=true
[5615]	43	88	-14	-9	-6	2	det1=true
[5616]	45	88	-18	1	-5	-4	det1=true
[5617]	47	88	-22	1	-5	-4	det1=true
[5618]	51	88	-23	-18	-6	-2	det1=true
[5619]	51	88	-25	-18	-6	2	det1=true
[5620]	52	88	-27	-22	-2	6	det1=true
[5621]	67	88	-28	-19	-6	-4	det1=true
[5622]	67	88	-32	-19	-6	4	det1=true
[5623]	67	88	-15	0	-8	-1	det1=true
[5624]	67	88	-16	0	-8	1	det1=true
[5625]	71	88	-33	-2	-6	5	det1=true
[5626]	72	88	-16	-5	-2	-8	det1=true
[5627]	72	88	-24	-5	-2	8	det1=true
[5628]	72	88	0	4	-8	-3	det1=true
[5629]	72	88	-3	4	-8	3	det1=true
[5630]	77	88	-28	-10	-4	-7	det1=true
[5631]	77	88	-35	-10	-4	7	det1=true
[5632]	78	88	-31	-4	-8	2	det1=true
[5633]	78	88	-26	-7	-2	-8	det1=true
[5634]	78	88	-34	-7	-2	8	det1=true
[5635]	79	88	-32	-12	-8	-1	det1=true
[5636]	79	88	-33	-12	-8	1	det1=true
[5637]	80	88	-22	-4	-3	-8	det1=true
[5638]	80	88	-30	-4	-3	8	det1=true
[5639]	81	88	-25	-24	-4	-7	det1=true
[5640]	82	88	-34	-11	-1	-8	det1=true
[5641]	82	88	-42	-11	-1	8	det1=true
[5642]	84	88	-35	-10	-8	-2	det1=true
[5643]	84	88	-37	-10	-8	2	det1=true
[5644]	85	88	-32	-24	-8	-1	det1=true
[5645]	85	88	-33	-24	-8	1	det1=true
[5646]	86	88	-28	-13	-3	-8	det1=true
[5647]	86	88	-36	-13	-3	8	det1=true
[5648]	88	88	-36	2	-8	-3	det1=true
[5649]	21	85	-6	2	-4	-2	det1=true
[5650]	21	85	-8	2	-4	2	det1=true
[5651]	45	85	-13	-4	-5	-4	det1=true
[5652]	45	85	-17	-4	-5	4	det1=true
[5653]	48	85	-20	-2	-4	-5	det1=true
[5654]	48	85	-25	-2	-4	5	det1=true
[5655]	52	85	-19	-18	-4	-5	det1=true
[5656]	53	85	-10	-4	-7	-1	det1=true
[5657]	53	85	-14	-7	-1	7	det1=true
[5658]	55	85	-17	-2	-7	-1	det1=true
[5659]	55	85	-18	-2	-7	1	det1=true
[5660]	57	85	-19	0	-1	-7	det1=true
[5661]	59	85	-13	-11	-2	-7	det1=true
[5662]	59	85	-20	-11	-2	7	det1=true
[5663]	61	85	-24	-9	-1	-7	det1=true
[5664]	61	85	-31	-9	-1	7	det1=true
[5665]	61	85	-26	-10	-4	6	det1=true
[5666]	63	85	-24	1	-2	-7	det1=true
[5667]	63	85	-31	1	-2	7	det1=true
[5668]	63	85	-21	-13	-7	-2	det1=true
[5669]	63	85	-23	-13	-7	2	det1=true
[5670]	64	85	-26	-9	-6	-4	det1=true
[5671]	64	85	-30	-9	-6	4	det1=true
[5672]	65	85	-19	-5	-7	-3	det1=true
[5673]	65	85	-22	-5	-7	3	det1=true
[5674]	66	85	-27	-8	-2	-7	det1=true
[5675]	66	85	-34	-8	-2	7	det1=true
[5676]	67	85	-33	-5	-7	2	det1=true
[5677]	67	85	-25	-17	-7	-2	det1=true
[5678]	67	85	-27	-17	-7	2	det1=true
[5679]	67	85	-24	0	-7	-3	det1=true
[5680]	67	85	-27	0	-7	3	det1=true
[5681]	67	85	-20	-9	-3	-7	det1=true
[5682]	67	85	-27	-9	-3	7	det1=true
[5683]	67	85	-21	-9	-7	-3	det1=true
[5684]	67	85	-24	-9	-7	3	det1=true
[5685]	67	85	-5	1	-7	-4	det1=true
[5686]	67	85	-9	1	-7	4	det1=true
[5687]	69	85	-27	-1	-7	-3	det1=true
[5688]	69	85	-9	-7	-1	-8	det1=true
[5689]	69	85	-17	-7	-1	8	det1=true
[5690]	70	85	-17	2	-8	-1	det1=true
[5691]	70	85	-18	2	-8	1	det1=true
[5692]	70	85	-14	-6	-8	-1	det1=true
[5693]	70	85	-15	-6	-8	1	det1=true
[5694]	71	85	-31	-22	-1	-7	det1=true
[5695]	71	85	-38	-22	-1	7	det1=true
[5696]	71	85	-26	-10	-3	-7	det1=true
[5697]	71	85	-33	-10	-3	7	det1=true
[5698]	72	85	-28	-22	-2	-7	det1=true
[5699]	73	85	-27	-25	-2	-7	det1=true
[5700]	73	85	-13	-3	-2	-8	det1=true
[5701]	73	85	-21	-3	-2	8	det1=true
[5702]	73	85	-15	-3	-8	-2	det1=true
[5703]	74	85	-26	-10	-5	-6	det1=true
[5704]	74	85	-32	-10	-5	6	det1=true
[5705]	74	85	-22	-8	-8	-1	det1=true
[5706]	74	85	-23	-8	-8	1	det1=true
[5707]	77	85	-35	-22	-7	-2	det1=true
[5708]	77	85	-37	-22	-7	2	det1=true
[5709]	78	85	-23	-18	-8	1	det1=true
[5710]	79	85	-40	-1	-6	5	det1=true
[5711]	79	85	-40	-27	-2	7	det1=true
[5712]	79	85	-26	-27	-3	-7	det1=true
[5713]	79	85	-33	-27	-3	7	det1=true
[5714]	80	85	-26	1	-2	-8	det1=true
[5715]	80	85	-34	1	-2	8	det1=true
[5716]	81	85	-29	-12	-1	-8	det1=true
[5717]	81	85	-37	-12	-1	8	det1=true
[5718]	82	85	-30	-14	-7	-4	det1=true
[5719]	82	85	-28	-17	-1	-8	det1=true
[5720]	82	85	-36	-17	-1	8	det1=true
[5721]	82	85	-23	-2	-8	-3	det1=true
[5722]	83	85	-22	-9	-8	-3	det1=true
[5723]	84	85	-35	-18	-6	-5	det1=true
[5724]	84	85	-40	-18	-6	5	det1=true
[5725]	84	85	-28	-21	-7	-4	det1=true
[5726]	84	85	-32	-21	-7	4	det1=true
[5727]	85	85	-55	-25	-1	-6	det1=true
[5728]	41	86	-18	-9	-1	6	det1=true
[5729]	43	86	-21	-2	-6	-1	det1=true
[5730]	43	86	-22	-2	-6	1	det1=true
[5731]	44	86	-24	-11	-1	6	det1=true
[5732]	44	86	-10	-11	-2	-6	det1=true
[5733]	44	86	-16	-11	-2	6	det1=true
[5734]	59	86	-21	-12	-2	7	det1=true
[5735]	60	86	-16	-15	-6	-4	det1=true
[5736]	60	86	-20	-15	-6	4	det1=true
[5737]	62	86	-30	-27	-6	-2	det1=true
[5738]	62	86	-32	-27	-6	2	det1=true
[5739]	62	86	-26	-3	-6	-4	det1=true
[5740]	62	86	-30	-3	-6	4	det1=true
[5741]	63	86	-26	-6	-7	-2	det1=true
[5742]	63	86	-28	-6	-7	2	det1=true
[5743]	65	86	-23	-16	-2	-7	det1=true
[5744]	65	86	-30	-16	-2	7	det1=true
[5745]	65	86	-22	-18	-7	-2	det1=true
[5746]	65	86	-24	-18	-7	2	det1=true
[5747]	65	86	-14	-2	-6	-5	det1=true
[5748]	65	86	-19	-2	-6	5	det1=true
[5749]	65	86	-18	-6	-5	6	det1=true
[5750]	67	86	-29	-14	-6	-4	det1=true
[5751]	67	86	-33	-14	-6	4	det1=true
[5752]	74	86	-30	-16	-5	6	det1=true
[5753]	74	86	-16	-7	-2	-8	det1=true
[5754]	74	86	-24	-7	-2	8	det1=true
[5755]	79	86	-40	-9	-5	6	det1=true
[5756]	80	86	-34	-29	-7	-2	det1=true
[5757]	81	86	-34	-30	-2	-7	det1=true
[5758]	81	86	-41	-30	-2	7	det1=true
[5759]	83	86	-12	3	-8	-4	det1=true
[5760]	83	86	-16	3	-8	4	det1=true
[5761]	47	87	-15	-13	-4	-5	det1=true
[5762]	51	87	-11	-6	-1	7	det1=true
[5763]	53	87	-13	0	-1	-7	det1=true
[5764]	53	87	-20	0	-1	7	det1=true
[5765]	56	87	-13	0	-2	-7	det1=true
[5766]	56	87	-20	0	-2	7	det1=true
[5767]	57	87	-24	-1	-7	-1	det1=true
[5768]	57	87	-25	-1	-7	1	det1=true
[5769]	61	87	-22	-18	-7	-1	det1=true
[5770]	61	87	-23	-18	-7	1	det1=true
[5771]	62	87	-19	-16	-2	-7	det1=true
[5772]	62	87	-26	-16	-2	7	det1=true
[5773]	63	87	-29	-13	-7	-1	det1=true
[5774]	63	87	-30	-13	-7	1	det1=true
[5775]	63	87	-23	-14	-7	-2	det1=true
[5776]	63	87	-25	-14	-7	2	det1=true
[5777]	65	87	-27	-13	-7	-2	det1=true
[5778]	65	87	-29	-13	-7	2	det1=true
[5779]	65	87	-25	-16	-7	-2	det1=true
[5780]	65	87	-27	-16	-7	2	det1=true
[5781]	66	87	-30	-10	-7	-2	det1=true
[5782]	66	87	-32	-10	-7	2	det1=true
[5783]	67	87	-9	-4	-1	-8	det1=true
[5784]	67	87	-17	-4	-1	8	det1=true
[5785]	68	87	-16	2	-8	-1	det1=true
[5786]	68	87	-17	2	-8	1	det1=true
[5787]	68	87	-20	-4	-1	8	det1=true
[5788]	70	87	-17	-8	-8	-1	det1=true
[5789]	70	87	-18	-8	-8	1	det1=true
[5790]	70	87	-14	-10	-4	-7	det1=true
[5791]	74	87	-22	1	-8	-2	det1=true
[5792]	74	87	-24	1	-8	2	det1=true
[5793]	75	87	-19	-11	-8	-2	det1=true
[5794]	75	87	-21	-11	-8	2	det1=true
[5795]	75	87	-12	1	-8	-3	det1=true
[5796]	75	87	-15	1	-8	3	det1=true
[5797]	76	87	-26	-8	-1	-8	det1=true
[5798]	76	87	-34	-8	-1	8	det1=true
[5799]	77	87	-13	0	-5	-7	det1=true
[5800]	77	87	-20	0	-5	7	det1=true
[5801]	79	87	-29	-13	-7	-4	det1=true
[5802]	79	87	-33	-13	-7	4	det1=true
[5803]	81	87	-17	-15	-3	-8	det1=true
[5804]	81	87	-25	-15	-3	8	det1=true
[5805]	84	87	-35	-24	-4	7	det1=true
[5806]	85	87	-50	-19	-7	-1	det1=true
[5807]	87	87	-34	-14	-2	-8	det1=true
[5808]	87	87	-42	-14	-2	8	det1=true
[5809]	31	88	-12	-4	-5	-2	det1=true
[5810]	31	88	-14	-4	-5	2	det1=true
[5811]	42	88	-11	-6	-6	-2	det1=true
[5812]	44	88	-20	-11	-1	-6	det1=true
[5813]	48	88	-20	-11	-5	-4	det1=true
[5814]	48	88	-24	-11	-5	4	det1=true
[5815]	52	88	-24	-16	-5	-4	det1=true
[5816]	52	88	-28	-16	-5	4	det1=true
[5817]	55	88	-12	0	-2	-7	det1=true
[5818]	55	88	-19	0	-2	7	det1=true
[5819]	61	88	-22	-12	-7	-2	det1=true
[5820]	61	88	-24	-12	-7	2	det1=true
[5821]	67	88	-34	-5	-7	-2	det1=true
[5822]	70	88	-13	-4	-8	-2	det1=true
[5823]	70	88	-15	-4	-8	2	det1=true
[5824]	72	88	-23	-8	-8	-1	det1=true
[5825]	72	88	-24	-8	-8	1	det1=true
[5826]	72	88	-20	-10	-4	-7	det1=true
[5827]	72	88	-27	-10	-4	7	det1=true
[5828]	73	88	-36	-21	-7	2	det1=true
[5829]	73	88	-26	3	-7	-4	det1=true
[5830]	73	88	-30	3	-7	4	det1=true
[5831]	76	88	-27	2	-8	-2	det1=true
[5832]	79	88	-29	-14	-4	-7	det1=true
[5833]	79	88	-36	-14	-4	7	det1=true
[5834]	79	88	-28	-24	-6	-5	det1=true
[5835]	79	88	-33	-24	-6	5	det1=true
[5836]	80	88	-16	-16	-3	-8	det1=true
[5837]	80	88	-24	-16	-3	8	det1=true
[5838]	81	88	-32	-24	-4	7	det1=true
[5839]	81	88	-24	-8	-8	-3	det1=true
[5840]	81	88	-27	-8	-8	3	det1=true
[5841]	82	88	-41	-18	-6	5	det1=true
[5842]	83	88	-39	-14	-6	-5	det1=true
[5843]	83	88	-44	-14	-6	5	det1=true
[5844]	83	88	-36	-20	-6	-5	det1=true
[5845]	83	88	-41	-20	-6	5	det1=true
[5846]	85	88	-59	-24	-6	-1	det1=true
[5847]	85	88	-38	-12	-7	-4	det1=true
[5848]	85	88	-42	-12	-7	4	det1=true
[5849]	86	88	-10	-4	-9	-2	det1=true
[5850]	86	88	-12	-4	-9	2	det1=true
[5851]	87	88	-36	-31	-1	8	det1=true
[5852]	88	88	-39	2	-8	3	det1=true
[5853]	41	85	-14	-5	-6	-1	det1=true
[5854]	41	85	-15	-5	-6	1	det1=true
[5855]	44	85	-10	-9	-2	-6	det1=true
[5856]	44	85	-16	-9	-2	6	det1=true
[5857]	60	85	-27	-26	-2	-6	det1=true
[5858]	60	85	-33	-26	-2	6	det1=true
[5859]	61	85	-20	-10	-4	-6	det1=true
[5860]	62	85	-28	-26	-5	-4	det1=true
[5861]	62	85	-32	-26	-5	4	det1=true
[5862]	64	85	-20	-16	-2	-7	det1=true
[5863]	64	85	-27	-16	-2	7	det1=true
[5864]	65	85	-20	-20	-4	-6	det1=true
[5865]	65	85	-26	-20	-4	6	det1=true
[5866]	66	85	-22	-18	-2	-7	det1=true
[5867]	66	85	-29	-18	-2	7	det1=true
[5868]	67	85	-27	-21	-7	-1	det1=true
[5869]	67	85	-3	-2	-1	-8	det1=true
[5870]	67	85	-11	-2	-1	8	det1=true
[5871]	67	85	-2	-3	-4	-7	det1=true
[5872]	68	85	-26	-19	-6	-4	det1=true
[5873]	68	85	-25	-20	-4	-6	det1=true
[5874]	68	85	-31	-20	-4	6	det1=true
[5875]	69	85	-30	-1	-7	3	det1=true
[5876]	72	85	-35	-22	-2	7	det1=true
[5877]	73	85	-30	-21	-2	-7	det1=true
[5878]	73	85	-37	-21	-2	7	det1=true
[5879]	73	85	-18	0	-8	2	det1=true
[5880]	73	85	-17	-3	-8	2	det1=true
[5881]	76	85	-33	-22	-2	-7	det1=true
[5882]	76	85	-40	-22	-2	7	det1=true
[5883]	79	85	-15	-3	-3	-8	det1=true
[5884]	79	85	-23	-3	-3	8	det1=true
[5885]	80	85	-29	4	-8	-2	det1=true
[5886]	80	85	-31	4	-8	2	det1=true
[5887]	81	85	-23	-15	-2	-8	det1=true
[5888]	81	85	-31	-15	-2	8	det1=true
[5889]	82	85	-18	-12	-8	-3	det1=true
[5890]	82	85	-21	-12	-8	3	det1=true
[5891]	85	85	-36	-3	-4	-7	det1=true
[5892]	85	85	-43	-3	-4	7	det1=true
[5893]	85	85	-32	-19	-8	-1	det1=true
[5894]	85	85	-33	-19	-8	1	det1=true
[5895]	45	86	-14	-5	-5	-4	det1=true
[5896]	45	86	-18	-5	-5	4	det1=true
[5897]	59	86	-14	-12	-2	-7	det1=true
[5898]	62	86	-25	-4	-4	-6	det1=true
[5899]	62	86	-31	-4	-4	6	det1=true
[5900]	65	86	-30	-2	-7	-2	det1=true
[5901]	65	86	-32	-2	-7	2	det1=true
[5902]	69	86	-4	1	-8	-2	det1=true
[5903]	69	86	-6	1	-8	2	det1=true
[5904]	71	86	-14	-11	-7	-4	det1=true
[5905]	71	86	-18	-11	-7	4	det1=true
[5906]	74	86	-21	-4	-8	2	det1=true
[5907]	76	86	-31	-8	-6	-5	det1=true
[5908]	76	86	-36	-8	-6	5	det1=true
[5909]	77	86	-24	-22	-5	-6	det1=true
[5910]	77	86	-30	-22	-5	6	det1=true
[5911]	78	86	-34	-27	-6	-4	det1=true
[5912]	78	86	-38	-27	-6	4	det1=true
[5913]	78	86	-33	-28	-4	-6	det1=true
[5914]	78	86	-39	-28	-4	6	det1=true
[5915]	79	86	-34	-9	-5	-6	det1=true
[5916]	80	86	-24	-13	-2	-8	det1=true
[5917]	80	86	-32	-13	-2	8	det1=true
[5918]	81	86	-38	-2	-7	4	det1=true
[5919]	81	86	-22	-25	-1	-8	det1=true
[5920]	81	86	-30	-25	-1	8	det1=true
[5921]	82	86	-22	-5	-3	-8	det1=true
[5922]	82	86	-30	-5	-3	8	det1=true
[5923]	82	86	-20	-12	-8	-3	det1=true
[5924]	82	86	-23	-12	-8	3	det1=true
[5925]	27	87	-9	1	-5	-1	det1=true
[5926]	27	87	-10	1	-5	1	det1=true
[5927]	47	87	-20	-13	-4	5	det1=true
[5928]	53	87	-10	-9	-1	-7	det1=true
[5929]	53	87	-17	-9	-1	7	det1=true
[5930]	56	87	-16	-3	-6	-4	det1=true
[5931]	56	87	-15	-4	-4	-6	det1=true
[5932]	56	87	-21	-4	-4	6	det1=true
[5933]	67	87	-11	-1	-7	-4	det1=true
[5934]	67	87	-15	-1	-7	4	det1=true
[5935]	68	87	-12	-4	-1	-8	det1=true
[5936]	68	87	-8	-11	-1	-8	det1=true
[5937]	68	87	-16	-11	-1	8	det1=true
[5938]	69	87	-15	-1	-1	-8	det1=true
[5939]	69	87	-23	-1	-1	8	det1=true
[5940]	70	87	-28	-22	-7	-2	det1=true
[5941]	70	87	-30	-22	-7	2	det1=true
[5942]	75	87	-16	-14	-2	-8	det1=true
[5943]	75	87	-24	-14	-2	8	det1=true
[5944]	79	87	-31	-24	-3	-7	det1=true
[5945]	79	87	-38	-24	-3	7	det1=true
[5946]	80	87	-38	-28	-7	2	det1=true
[5947]	80	87	-26	-20	-1	-8	det1=true
[5948]	80	87	-34	-20	-1	8	det1=true
[5949]	81	87	-34	1	-4	-7	det1=true
[5950]	85	87	-37	-33	-2	-7	det1=true
[5951]	85	87	-44	-33	-2	7	det1=true
[5952]	41	88	-10	-1	-6	-2	det1=true
[5953]	43	88	-10	-11	-2	-6	det1=true
[5954]	43	88	-16	-11	-2	6	det1=true
[5955]	52	88	-23	-20	-6	-2	det1=true
[5956]	52	88	-25	-20	-6	2	det1=true
[5957]	52	88	-21	-22	-2	-6	det1=true
[5958]	59	88	-19	-12	-4	-6	det1=true
[5959]	59	88	-25	-12	-4	6	det1=true
[5960]	60	88	-20	-12	-7	-2	det1=true
[5961]	60	88	-22	-12	-7	2	det1=true
[5962]	67	88	-27	-20	-4	-6	det1=true
[5963]	67	88	-33	-20	-4	6	det1=true
[5964]	67	88	-12	-6	-8	-1	det1=true
[5965]	67	88	-13	-6	-8	1	det1=true
[5966]	70	88	-10	-7	-2	-8	det1=true
[5967]	70	88	-18	-7	-2	8	det1=true
[5968]	74	88	-28	-14	-6	-5	det1=true
[5969]	74	88	-33	-14	-6	5	det1=true
[5970]	76	88	-29	2	-8	2	det1=true
[5971]	81	88	-28	-22	-8	-1	det1=true
[5972]	81	88	-29	-22	-8	1	det1=true
[5973]	37	85	-11	-2	-3	-5	det1=true
[5974]	37	85	-16	-2	-3	5	det1=true
[5975]	40	85	-10	-4	-1	-6	det1=true
[5976]	40	85	-16	-4	-1	6	det1=true
[5977]	44	85	-12	-7	-6	-2	det1=true
[5978]	44	85	-14	-7	-6	2	det1=true
[5979]	52	85	-24	-18	-4	5	det1=true
[5980]	53	85	-11	-4	-7	1	det1=true
[5981]	53	85	-7	-7	-1	-7	det1=true
[5982]	57	85	-26	0	-1	7	det1=true
[5983]	61	85	-10	-1	-7	-3	det1=true
[5984]	61	85	-13	-1	-7	3	det1=true
[5985]	61	85	-7	-5	-3	-7	det1=true
[5986]	61	85	-14	-5	-3	7	det1=true
[5987]	69	85	-25	-3	-3	-7	det1=true
[5988]	69	85	-32	-3	-3	7	det1=true
[5989]	71	85	-35	-19	-7	1	det1=true
[5990]	73	85	-27	-1	-5	-6	det1=true
[5991]	73	85	-33	-1	-5	6	det1=true
[5992]	73	85	-26	-7	-6	-5	det1=true
[5993]	73	85	-31	-7	-6	5	det1=true
[5994]	73	85	-16	0	-8	-2	det1=true
[5995]	73	85	-12	-6	-2	-8	det1=true
[5996]	73	85	-20	-6	-2	8	det1=true
[5997]	75	85	-27	-11	-5	-6	det1=true
[5998]	75	85	-33	-11	-5	6	det1=true
[5999]	76	85	-24	-6	-4	-7	det1=true
[6000]	76	85	-31	-6	-4	7	det1=true
[6001]	77	85	-9	-5	-3	-8	det1=true
[6002]	77	85	-17	-5	-3	8	det1=true
[6003]	78	85	-17	-16	-2	-8	det1=true
[6004]	78	85	-25	-16	-2	8	det1=true
[6005]	81	85	-25	-11	-2	-8	det1=true
[6006]	81	85	-33	-11	-2	8	det1=true
[6007]	82	85	-42	-10	-5	6	det1=true
[6008]	83	85	-31	-13	-4	-7	det1=true
[6009]	83	85	-38	-13	-4	7	det1=true
[6010]	26	86	-6	0	-3	-4	det1=true
[6011]	26	86	-10	0	-3	4	det1=true
[6012]	41	86	-17	0	-6	-1	det1=true
[6013]	41	86	-18	0	-6	1	det1=true
[6014]	59	86	-19	-8	-6	-4	det1=true
[6015]	59	86	-23	-8	-6	4	det1=true
[6016]	60	86	-20	-2	-2	-7	det1=true
[6017]	60	86	-27	-2	-2	7	det1=true
[6018]	60	86	-16	-13	-7	-2	det1=true
[6019]	60	86	-18	-13	-7	2	det1=true
[6020]	65	86	-26	-10	-2	-7	det1=true
[6021]	65	86	-33	-10	-2	7	det1=true
[6022]	65	86	-12	-6	-5	-6	det1=true
[6023]	66	86	-2	0	-1	-8	det1=true
[6024]	66	86	-10	0	-1	8	det1=true
[6025]	68	86	-12	0	-7	-4	det1=true
[6026]	68	86	-16	0	-7	4	det1=true
[6027]	72	86	-15	-2	-8	-2	det1=true
[6028]	72	86	-17	-2	-8	2	det1=true
[6029]	74	86	-28	-8	-5	-6	det1=true
[6030]	74	86	-34	-8	-5	6	det1=true
[6031]	74	86	-24	-16	-5	-6	det1=true
[6032]	81	86	-24	-17	-8	-2	det1=true
[6033]	81	86	-26	-17	-8	2	det1=true
[6034]	83	86	-30	-25	-5	-6	det1=true
[6035]	83	86	-36	-25	-5	6	det1=true
[6036]	86	86	-36	-12	-4	-7	det1=true
[6037]	57	87	-19	-12	-7	-1	det1=true
[6038]	57	87	-20	-12	-7	1	det1=true
[6039]	58	87	-26	-24	-4	-5	det1=true
[6040]	58	87	-31	-24	-4	5	det1=true
[6041]	65	87	-28	-7	-2	-7	det1=true
[6042]	65	87	-35	-7	-2	7	det1=true
[6043]	71	87	-10	-8	-2	-8	det1=true
[6044]	71	87	-18	-8	-2	8	det1=true
[6045]	75	87	-29	-9	-7	4	det1=true
[6046]	75	87	-23	-12	-1	-8	det1=true
[6047]	75	87	-31	-12	-1	8	det1=true
[6048]	79	87	-33	-22	-7	-3	det1=true
[6049]	84	87	-28	-24	-4	-7	det1=true
[6050]	86	87	-39	-4	-4	-7	det1=true
[6051]	87	87	-28	-10	-5	-7	det1=true
[6052]	87	87	-35	-10	-5	7	det1=true
[6053]	53	88	-4	-2	-2	-7	det1=true
[6054]	53	88	-11	-2	-2	7	det1=true
[6055]	59	88	-24	1	-6	-4	det1=true
[6056]	59	88	-28	1	-6	4	det1=true
[6057]	70	88	-20	-6	-8	-1	det1=true
[6058]	70	88	-21	-6	-8	1	det1=true
[6059]	71	88	-28	-2	-6	-5	det1=true
[6060]	74	88	-28	-5	-2	8	det1=true
[6061]	78	88	-29	-4	-8	-2	det1=true
[6062]	82	88	-36	-18	-6	-5	det1=true
[6063]	82	88	-36	-8	-7	-4	det1=true
[6064]	82	88	-40	-8	-7	4	det1=true
[6065]	85	88	-4	-4	-6	-7	det1=true
[6066]	85	88	-11	-4	-6	7	det1=true
[6067]	87	88	-30	-28	-7	-4	det1=true
[6068]	87	88	-34	-28	-7	4	det1=true
[6069]	46	85	-12	-10	-5	-4	det1=true
[6070]	46	85	-16	-10	-5	4	det1=true
[6071]	51	85	-21	-13	-4	-5	det1=true
[6072]	51	85	-26	-13	-4	5	det1=true
[6073]	64	85	-25	-10	-4	-6	det1=true
[6074]	64	85	-31	-10	-4	6	det1=true
[6075]	69	85	-22	-12	-3	-7	det1=true
[6076]	69	85	-29	-12	-3	7	det1=true
[6077]	75	85	-21	-10	-1	-8	det1=true
[6078]	75	85	-29	-10	-1	8	det1=true
[6079]	76	85	-17	-18	-4	-7	det1=true
[6080]	78	85	-34	-24	-2	-7	det1=true
[6081]	78	85	-41	-24	-2	7	det1=true
[6082]	78	85	-26	3	-8	-2	det1=true
[6083]	78	85	-19	-20	-4	-7	det1=true
[6084]	78	85	-26	-20	-4	7	det1=true
[6085]	79	85	-11	-11	-3	-8	det1=true
[6086]	79	85	-19	-11	-3	8	det1=true
[6087]	80	85	-12	-13	-3	-8	det1=true
[6088]	80	85	-20	-13	-3	8	det1=true
[6089]	81	85	-18	1	-5	-7	det1=true
[6090]	81	85	-25	1	-5	7	det1=true
[6091]	82	85	-34	-14	-7	4	det1=true
[6092]	83	85	-23	-7	-8	-3	det1=true
[6093]	83	85	-26	-7	-8	3	det1=true
[6094]	18	86	-7	-2	-4	-1	det1=true
[6095]	18	86	-8	-2	-4	1	det1=true
[6096]	41	86	-12	-9	-1	-6	det1=true
[6097]	55	86	-10	-5	-4	-6	det1=true
[6098]	55	86	-16	-5	-4	6	det1=true
[6099]	66	86	-1	-2	-4	-7	det1=true
[6100]	66	86	-8	-2	-4	7	det1=true
[6101]	69	86	-1	-2	-2	-8	det1=true
[6102]	69	86	-9	-2	-2	8	det1=true
[6103]	71	86	-21	2	-8	-1	det1=true
[6104]	71	86	-22	2	-8	1	det1=true
[6105]	77	86	-18	-15	-8	-2	det1=true
[6106]	77	86	-20	-15	-8	2	det1=true
[6107]	81	86	-34	-2	-7	-4	det1=true
[6108]	81	86	-25	-14	-2	-8	det1=true
[6109]	81	86	-33	-14	-2	8	det1=true
[6110]	86	86	-43	-12	-4	7	det1=true
[6111]	35	87	-14	-15	-2	-5	det1=true
[6112]	35	87	-19	-15	-2	5	det1=true
[6113]	51	87	-8	-3	-7	1	det1=true
[6114]	56	87	-20	-3	-6	4	det1=true
[6115]	65	87	1	-2	-1	-8	det1=true
[6116]	65	87	-7	-2	-1	8	det1=true
[6117]	73	87	-27	-19	-7	-3	det1=true
[6118]	73	87	-30	-19	-7	3	det1=true
[6119]	79	87	-16	-6	-5	-7	det1=true
[6120]	79	87	-23	-6	-5	7	det1=true
[6121]	80	87	-31	-2	-8	-2	det1=true
[6122]	80	87	-33	-2	-8	2	det1=true
[6123]	82	87	-34	1	-8	-2	det1=true
[6124]	82	87	-36	1	-8	2	det1=true
[6125]	42	88	-14	3	-6	-2	det1=true
[6126]	42	88	-16	3	-6	2	det1=true
[6127]	58	88	-22	-1	-6	-4	det1=true
[6128]	58	88	-26	-1	-6	4	det1=true
[6129]	59	88	-20	-11	-6	-4	det1=true
[6130]	59	88	-24	-11	-6	4	det1=true
[6131]	67	88	-14	3	-7	-4	det1=true
[6132]	67	88	-18	3	-7	4	det1=true
[6133]	70	88	-20	-16	-6	-5	det1=true
[6134]	70	88	-25	-16	-6	5	det1=true
[6135]	73	88	-30	-4	-5	-6	det1=true
[6136]	73	88	-36	-4	-5	6	det1=true
[6137]	74	88	-23	-2	-8	-2	det1=true
[6138]	74	88	-25	-2	-8	2	det1=true
[6139]	76	88	-14	-4	-3	-8	det1=true
[6140]	76	88	-22	-4	-3	8	det1=true
[6141]	55	85	-14	-5	-1	-7	det1=true
[6142]	55	85	-21	-5	-1	7	det1=true
[6143]	69	85	-11	0	-1	-8	det1=true
[6144]	69	85	-19	0	-1	8	det1=true
[6145]	72	85	-19	-6	-8	-1	det1=true
[6146]	72	85	-20	-6	-8	1	det1=true
[6147]	78	85	-38	-28	-2	7	det1=true
[6148]	78	85	-28	3	-8	2	det1=true
[6149]	79	85	-35	-1	-6	-5	det1=true
[6150]	81	85	-31	-9	-7	-4	det1=true
[6151]	81	85	-35	-9	-7	4	det1=true
[6152]	54	86	-4	-1	-7	-2	det1=true
[6153]	67	86	-23	-22	-6	-4	det1=true
[6154]	67	86	-27	-22	-6	4	det1=true
[6155]	68	86	-20	-4	-6	-5	det1=true
[6156]	27	87	-8	-2	-5	-1	det1=true
[6157]	27	87	-9	-2	-5	1	det1=true
[6158]	51	87	-7	-3	-7	-1	det1=true
[6159]	61	87	-19	-21	-1	-7	det1=true
[6160]	61	87	-26	-21	-1	7	det1=true
[6161]	73	87	-26	1	-8	-1	det1=true
[6162]	79	87	-36	-22	-7	3	det1=true
[6163]	83	87	-17	-17	-5	-7	det1=true
[6164]	83	87	-24	-17	-5	7	det1=true
[6165]	87	87	-73	-5	-5	1	det1=true
[6166]	56	88	-17	-2	-4	-6	det1=true
[6167]	56	88	-23	-2	-4	6	det1=true
[6168]	73	88	-34	-21	-7	-2	det1=true
[6169]	74	88	-20	-5	-2	-8	det1=true
[6170]	77	88	-28	-14	-8	-1	det1=true
[6171]	77	88	-29	-14	-8	1	det1=true
[6172]	82	88	-30	-20	-1	-8	det1=true
[6173]	82	88	-38	-20	-1	8	det1=true
[6174]	28	85	-9	-8	-4	-3	det1=true
[6175]	28	85	-12	-8	-4	3	det1=true
[6176]	67	85	-19	-11	-3	-7	det1=true
[6177]	67	85	-26	-11	-3	7	det1=true
[6178]	69	85	-11	-4	-7	-4	det1=true
[6179]	69	85	-15	-4	-7	4	det1=true
[6180]	76	85	-24	-18	-4	7	det1=true
[6181]	78	85	-20	-13	-8	-2	det1=true
[6182]	78	86	-21	-14	-8	-2	det1=true
[6183]	78	86	-18	-17	-2	-8	det1=true
[6184]	78	86	-26	-17	-2	8	det1=true
[6185]	29	87	-14	-5	-5	-1	det1=true
[6186]	46	87	-17	-6	-4	-5	det1=true
[6187]	46	87	-22	-6	-4	5	det1=true
[6188]	61	87	-13	0	-3	-7	det1=true
[6189]	63	87	-26	-16	-1	-7	det1=true
[6190]	63	87	-33	-16	-1	7	det1=true
[6191]	73	87	-27	1	-8	1	det1=true
[6192]	41	88	-12	-1	-6	2	det1=true
[6193]	50	88	-22	-17	-6	-2	det1=true
[6194]	50	88	-24	-17	-6	2	det1=true
[6195]	51	88	-21	-20	-2	-6	det1=true
[6196]	51	88	-27	-20	-2	6	det1=true
[6197]	62	88	-8	-4	-5	-6	det1=true
[6198]	62	88	-14	-4	-5	6	det1=true
[6199]	65	88	-15	-8	-6	-5	det1=true
[6200]	65	88	-20	-8	-6	5	det1=true
[6201]	72	88	-24	-1	-7	-4	det1=true
[6202]	72	88	-28	-1	-7	4	det1=true
[6203]	72	88	-22	-4	-1	-8	det1=true
[6204]	73	88	-22	-20	-5	-6	det1=true
[6205]	73	88	-28	-20	-5	6	det1=true
[6206]	79	88	-20	-5	-3	-8	det1=true
[6207]	79	88	-28	-5	-3	8	det1=true
[6208]	85	88	-36	-15	-1	-8	det1=true
[6209]	74	85	-25	4	-8	-1	det1=true
[6210]	74	85	-26	4	-8	1	det1=true
[6211]	78	85	-31	-28	-2	-7	det1=true
[6212]	81	85	-33	-1	-7	-4	det1=true
[6213]	81	85	-37	-1	-7	4	det1=true
[6214]	68	86	-25	-4	-6	5	det1=true
[6215]	72	86	-20	2	-4	-7	det1=true
[6216]	72	86	-27	2	-4	7	det1=true
[6217]	53	87	-17	-16	-3	-6	det1=true
[6218]	53	87	-23	-16	-3	6	det1=true
[6219]	46	88	-18	-7	-5	-4	det1=true
[6220]	46	88	-22	-7	-5	4	det1=true
[6221]	64	88	-30	-5	-7	-2	det1=true
[6222]	64	88	-32	-5	-7	2	det1=true
[6223]	72	88	-30	-4	-1	8	det1=true
[6224]	71	85	-17	-16	-5	-6	det1=true
[6225]	71	85	-23	-16	-5	6	det1=true
[6226]	85	85	-33	-9	-8	-2	det1=true
[6227]	85	85	-35	-9	-8	2	det1=true
[6228]	38	88	-11	2	-6	-1	det1=true
[6229]	38	88	-12	2	-6	1	det1=true
[6230]	40	88	-4	1	-2	-6	det1=true
[6231]	40	88	-10	1	-2	6	det1=true
[6232]	26	86	-4	-4	-3	-4	det1=true
[6233]	26	86	-8	-4	-3	4	det1=true
[6234]	38	86	-7	2	-6	-1	det1=true
[6235]	38	86	-8	2	-6	1	det1=true
[6236]	75	86	-30	-26	-2	-7	det1=true
[6237]	75	86	-37	-26	-2	7	det1=true
[6238]	66	87	-8	2	-7	-4	det1=true
[6239]	66	87	-12	2	-7	4	det1=true
[6240]	87	87	-34	-9	-7	5	det1=true
[6241]	65	85	-17	-7	-3	-7	det1=true
[6242]	65	85	-24	-7	-3	7	det1=true
[6243]	67	85	-17	1	-5	-6	det1=true
[6244]	67	85	-23	1	-5	6	det1=true
[6245]	71	86	-26	2	-6	-5	det1=true
[6246]	84	87	-24	-14	-8	-3	det1=true
[6247]	84	87	-27	-14	-8	3	det1=true
[6248]	87	87	-29	-9	-7	-5	det1=true
[6249]	87	87	-23	-21	-3	-8	det1=true
[6250]	87	87	-31	-21	-3	8	det1=true
[6251]	71	86	-31	2	-6	5	det1=true
[6252]	30	88	-8	-4	-5	-2	det1=true
[6253]	30	88	-10	-4	-5	2	det1=true
[6254]	54	87	-6	-2	-2	-7	det1=true
[6255]	54	87	-13	-2	-2	7	det1=true
[6256]	20	87	-1	2	-4	-2	det1=true
[6257]	20	87	-3	2	-4	2	det1=true
[6258]	57	85	-22	3	-7	-1	det1=true
[6259]	57	85	-23	3	-7	1	det1=true
[6260]	67	86	-18	-4	-6	-5	det1=true
[6261]	67	86	-23	-4	-6	5	det1=true
[6262]	73	87	-19	-13	-1	-8	det1=true
[6263]	73	87	-27	-13	-1	8	det1=true
[6264]	60	85	-29	-24	-6	-2	det1=true
[6265]	60	85	-31	-24	-6	2	det1=true
[6266]	85	85	-30	-12	-2	-8	det1=true
[6267]	85	85	-38	-12	-2	8	det1=true
[6268]	29	87	-1	1	-5	-2	det1=true
[6269]	82	88	-30	-20	-7	-4	det1=true
[6270]	82	88	-34	-20	-7	4	det1=true
[6271]	88	88	-42	-33	-6	-4	det1=true
[6272]	88	88	-46	-33	-6	4	det1=true
[6273]	65	87	-1	1	-7	-4	det1=true
[6274]	65	87	-5	1	-7	4	det1=true
[6275]	85	88	-3	-6	-2	-9	det1=true
[6276]	85	88	-12	-6	-2	9	det1=true
[6277]	17	87	-1	1	-4	-1	det1=true
[6278]	17	87	-2	1	-4	1	det1=true
[6279]	37	88	-2	-4	-1	-6	det1=true
[6280]	37	88	-8	-4	-1	6	det1=true
[6281]	13	88	-2	-1	-3	-2	det1=true
[6282]	4	88	-2	1	-2	0	det1=true
[6283]	8	88	-2	1	-2	-2	det1=true
[6284]	8	88	-4	1	-2	2	det1=true
[6285]	40	88	-6	3	-6	-2	det1=true
[6286]	52	88	-6	3	-6	-4	det1=true
[6287]	52	88	-10	3	-6	4	det1=true
[6288]	86	86	0	0	-2	-9	det1=true
[6289]	86	86	-9	0	-2	9	det1=true
[6290]	29	87	0	1	-2	-5	det1=true
[6291]	20	87	0	1	-2	-4	det1=true
[6292]	20	87	-4	1	-2	4	det1=true
[6293]	25	88	-4	2	-4	-3	det1=true
[6294]	25	88	-7	2	-4	3	det1=true
[6295]	73	88	-8	4	-8	-3	det1=true
[6296]	73	88	-11	4	-8	3	det1=true
[6297]	88	88	0	0	-5	-8	det1=true
[6298]	88	88	-8	0	-5	8	det1=true
[6299]	53	87	0	1	-2	-7	det1=true
[6300]	53	87	-7	1	-2	7	det1=true
[6301]	68	87	0	1	-2	-8	det1=true
[6302]	68	87	-8	1	-2	8	det1=true
[6303]	17	88	-4	2	-4	-1	det1=true
[6304]	17	88	-5	2	-4	1	det1=true
[6305]	86	86	0	0	-6	-7	det1=true
[6306]	86	86	-7	0	-6	7	det1=true
[6307]	13	87	0	1	-2	-3	det1=true
[6308]	13	87	-3	1	-2	3	det1=true
[6309]	40	87	0	1	-2	-6	det1=true
[6310]	5	87	0	1	-2	-1	det1=true
[6311]	5	87	-1	1	-2	1	det1=true
[6312]	67	91	-13	3	-8	-2	det1=true
[6313]	67	91	-15	3	-8	2	det1=true
[6314]	88	91	-42	-36	-7	-2	det1=true
[6315]	88	91	-44	-36	-7	2	det1=true
[6316]	47	92	-5	0	0	-7	det1=true
[6317]	37	89	-16	1	-3	-5	det1=true
[6318]	37	89	-21	1	-3	5	det1=true
[6319]	48	89	-23	-12	-6	-2	det1=true
[6320]	48	89	-25	-12	-6	2	det1=true
[6321]	48	89	-21	-14	-2	-6	det1=true
[6322]	48	89	-27	-14	-2	6	det1=true
[6323]	58	89	-16	-15	-4	-6	det1=true
[6324]	58	89	-22	-15	-4	6	det1=true
[6325]	77	89	-27	-9	-8	-2	det1=true
[6326]	77	89	-29	-9	-8	2	det1=true
[6327]	77	89	-15	-7	-5	-7	det1=true
[6328]	77	89	-22	-7	-5	7	det1=true
[6329]	89	89	-24	-12	-4	-8	det1=true
[6330]	89	89	-32	-12	-4	8	det1=true
[6331]	57	90	-20	-6	-7	-2	det1=true
[6332]	57	90	-22	-6	-7	2	det1=true
[6333]	62	90	-30	-1	-7	-2	det1=true
[6334]	62	90	-32	-1	-7	2	det1=true
[6335]	70	90	-16	1	-2	-8	det1=true
[6336]	70	90	-24	1	-2	8	det1=true
[6337]	79	90	-34	-6	-4	-7	det1=true
[6338]	79	90	-41	-6	-4	7	det1=true
[6339]	82	90	-40	-6	-8	-1	det1=true
[6340]	82	90	-41	-6	-8	1	det1=true
[6341]	83	90	-19	2	-4	-8	det1=true
[6342]	83	90	-27	2	-4	8	det1=true
[6343]	44	91	-19	-6	-2	-6	det1=true
[6344]	44	91	-25	-6	-2	6	det1=true
[6345]	59	91	-25	-16	-7	-1	det1=true
[6346]	59	91	-26	-16	-7	1	det1=true
[6347]	73	91	-9	-6	-7	-5	det1=true
[6348]	73	91	-14	-6	-7	5	det1=true
[6349]	91	91	-73	-7	-2	-5	det1=true
[6350]	39	92	-3	2	-4	-5	det1=true
[6351]	39	92	-8	2	-4	5	det1=true
[6352]	56	92	-20	0	-2	-7	det1=true
[6353]	56	92	-27	0	-2	7	det1=true
[6354]	72	92	-19	-14	-8	-2	det1=true
[6355]	72	92	-21	-14	-8	2	det1=true
[6356]	75	92	-32	2	-4	-7	det1=true
[6357]	75	92	-39	2	-4	7	det1=true
[6358]	78	92	-30	-19	-1	-8	det1=true
[6359]	78	92	-38	-19	-1	8	det1=true
[6360]	85	92	-16	-8	-9	-2	det1=true
[6361]	85	92	-18	-8	-9	2	det1=true
[6362]	32	89	-12	-10	-2	-5	det1=true
[6363]	32	89	-17	-10	-2	5	det1=true
[6364]	43	89	-15	-7	-6	-2	det1=true
[6365]	43	89	-17	-7	-6	2	det1=true
[6366]	58	89	-23	-2	-6	-4	det1=true
[6367]	59	89	-29	-3	-7	-1	det1=true
[6368]	59	89	-30	-3	-7	1	det1=true
[6369]	64	89	-26	-17	-6	-4	det1=true
[6370]	64	89	-30	-17	-6	4	det1=true
[6371]	73	89	-35	-8	-7	-3	det1=true
[6372]	73	89	-38	-8	-7	3	det1=true
[6373]	73	89	-37	-17	-3	7	det1=true
[6374]	74	89	-30	0	-8	-1	det1=true
[6375]	74	89	-31	0	-8	1	det1=true
[6376]	75	89	-25	-14	-7	-4	det1=true
[6377]	75	89	-29	-14	-7	4	det1=true
[6378]	77	89	-17	-1	-5	-7	det1=true
[6379]	77	89	-24	-1	-5	7	det1=true
[6380]	78	89	1	4	-8	-4	det1=true
[6381]	78	89	-3	4	-8	4	det1=true
[6382]	78	89	3	2	-4	-8	det1=true
[6383]	78	89	-5	2	-4	8	det1=true
[6384]	80	89	-22	-9	-3	-8	det1=true
[6385]	80	89	-30	-9	-3	8	det1=true
[6386]	84	89	-35	-20	-8	-1	det1=true
[6387]	84	89	-36	-20	-8	1	det1=true
[6388]	89	89	-38	-39	-2	-7	det1=true
[6389]	89	89	-45	-39	-2	7	det1=true
[6390]	89	89	-39	-13	-5	7	det1=true
[6391]	47	90	-18	-14	-5	-4	det1=true
[6392]	47	90	-22	-14	-5	4	det1=true
[6393]	71	90	-25	-6	-8	-1	det1=true
[6394]	71	90	-22	-8	-4	-7	det1=true
[6395]	71	90	-29	-8	-4	7	det1=true
[6396]	72	90	-26	-4	-7	-4	det1=true
[6397]	72	90	-30	-4	-7	4	det1=true
[6398]	72	90	-17	-12	-8	-2	det1=true
[6399]	72	90	-19	-12	-8	2	det1=true
[6400]	72	90	-14	-15	-2	-8	det1=true
[6401]	72	90	-22	-15	-2	8	det1=true
[6402]	75	90	-26	-14	-1	-8	det1=true
[6403]	75	90	-34	-14	-1	8	det1=true
[6404]	82	90	-37	-8	-4	-7	det1=true
[6405]	82	90	-44	-8	-4	7	det1=true
[6406]	90	90	-41	-38	-2	-7	det1=true
[6407]	90	90	-48	-38	-2	7	det1=true
[6408]	31	91	-18	-7	-2	5	det1=true
[6409]	37	91	-15	-9	-3	-5	det1=true
[6410]	37	91	-20	-9	-3	5	det1=true
[6411]	62	91	-1	4	-8	-1	det1=true
[6412]	62	91	-2	4	-8	1	det1=true
[6413]	64	91	-20	-2	-6	-5	det1=true
[6414]	77	91	-22	-7	-8	-3	det1=true
[6415]	81	91	-28	-1	-7	-5	det1=true
[6416]	81	91	-33	-1	-7	5	det1=true
[6417]	82	91	-8	2	-9	-2	det1=true
[6418]	91	91	-29	2	-9	-2	det1=true
[6419]	91	91	-31	2	-9	2	det1=true
[6420]	91	91	-27	1	-7	-6	det1=true
[6421]	91	91	-33	1	-7	6	det1=true
[6422]	38	92	-2	1	-2	-6	det1=true
[6423]	38	92	-8	1	-2	6	det1=true
[6424]	50	92	0	3	-7	-2	det1=true
[6425]	50	92	-2	3	-7	2	det1=true
[6426]	51	92	-23	-20	-4	-5	det1=true
[6427]	51	92	-28	-20	-4	5	det1=true
[6428]	63	92	-10	0	-7	-4	det1=true
[6429]	63	92	-14	0	-7	4	det1=true
[6430]	64	92	-15	-14	-6	-5	det1=true
[6431]	64	92	-20	-14	-6	5	det1=true
[6432]	65	92	-24	-24	-2	-7	det1=true
[6433]	65	92	-31	-24	-2	7	det1=true
[6434]	71	92	-10	0	-3	-8	det1=true
[6435]	71	92	-18	0	-3	8	det1=true
[6436]	76	92	-34	-4	-7	-4	det1=true
[6437]	76	92	-38	-4	-7	4	det1=true
[6438]	77	92	-28	-20	-1	-8	det1=true
[6439]	77	92	-36	-20	-1	8	det1=true
[6440]	83	92	-34	-23	-1	-8	det1=true
[6441]	83	92	-42	-23	-1	8	det1=true
[6442]	85	92	-14	-9	-7	-6	det1=true
[6443]	85	92	-20	-9	-7	6	det1=true
[6444]	90	92	-32	-24	-3	-8	det1=true
[6445]	90	92	-40	-24	-3	8	det1=true
[6446]	58	89	-27	-2	-6	4	det1=true
[6447]	59	89	-20	-9	-2	-7	det1=true
[6448]	59	89	-27	-9	-2	7	det1=true
[6449]	61	89	-14	-9	-7	-3	det1=true
[6450]	61	89	-17	-9	-7	3	det1=true
[6451]	64	89	-4	-1	-7	-4	det1=true
[6452]	64	89	-8	-1	-7	4	det1=true
[6453]	69	89	-20	-5	-8	-1	det1=true
[6454]	69	89	-21	-5	-8	1	det1=true
[6455]	75	89	-11	-5	-7	-5	det1=true
[6456]	75	89	-16	-5	-7	5	det1=true
[6457]	75	89	-17	-6	-5	7	det1=true
[6458]	76	89	-16	-4	-3	-8	det1=true
[6459]	76	89	-24	-4	-3	8	det1=true
[6460]	78	89	-34	1	-7	-4	det1=true
[6461]	78	89	-38	1	-7	4	det1=true
[6462]	83	89	-16	4	-9	-1	det1=true
[6463]	83	89	-17	4	-9	1	det1=true
[6464]	83	89	-12	0	-1	-9	det1=true
[6465]	83	89	-21	0	-1	9	det1=true
[6466]	84	89	-38	-8	-1	-8	det1=true
[6467]	84	89	-46	-8	-1	8	det1=true
[6468]	84	89	-40	-10	-8	-1	det1=true
[6469]	84	89	-41	-10	-8	1	det1=true
[6470]	86	89	-10	-7	-7	-6	det1=true
[6471]	86	89	-16	-7	-7	6	det1=true
[6472]	89	89	-39	-21	-7	-4	det1=true
[6473]	89	89	-43	-21	-7	4	det1=true
[6474]	89	89	-32	-13	-5	-7	det1=true
[6475]	89	89	-33	-29	-7	-4	det1=true
[6476]	89	89	-37	-29	-7	4	det1=true
[6477]	48	90	-25	-14	-4	5	det1=true
[6478]	57	90	-19	-4	-2	-7	det1=true
[6479]	57	90	-26	-4	-2	7	det1=true
[6480]	63	90	-30	-7	-7	-2	det1=true
[6481]	64	90	-6	-4	-7	-4	det1=true
[6482]	64	90	-10	-4	-7	4	det1=true
[6483]	64	90	-12	-7	-1	8	det1=true
[6484]	69	90	-22	-4	-8	-1	det1=true
[6485]	69	90	-23	-4	-8	1	det1=true
[6486]	71	90	-17	-6	-2	-8	det1=true
[6487]	71	90	-25	-6	-2	8	det1=true
[6488]	72	90	-23	2	-8	-2	det1=true
[6489]	72	90	-25	2	-8	2	det1=true
[6490]	72	90	-8	0	-3	-8	det1=true
[6491]	72	90	-16	0	-3	8	det1=true
[6492]	73	90	-27	2	-4	-7	det1=true
[6493]	73	90	-34	2	-4	7	det1=true
[6494]	75	90	-26	-11	-8	2	det1=true
[6495]	75	90	-21	-14	-2	-8	det1=true
[6496]	75	90	-29	-14	-2	8	det1=true
[6497]	75	90	-15	-8	-8	-3	det1=true
[6498]	75	90	-18	-8	-8	3	det1=true
[6499]	78	90	-33	-32	-2	-7	det1=true
[6500]	78	90	-40	-32	-2	7	det1=true
[6501]	79	90	-37	-4	-8	-1	det1=true
[6502]	79	90	-38	-4	-8	1	det1=true
[6503]	83	90	-40	-31	-7	-2	det1=true
[6504]	83	90	-42	-31	-7	2	det1=true
[6505]	83	90	-38	-3	-8	-2	det1=true
[6506]	83	90	-40	-3	-8	2	det1=true
[6507]	83	90	-30	-8	-8	-3	det1=true
[6508]	83	90	-33	-8	-8	3	det1=true
[6509]	83	90	-27	-14	-8	-3	det1=true
[6510]	83	90	-30	-14	-8	3	det1=true
[6511]	87	90	-42	-5	-8	-2	det1=true
[6512]	87	90	-44	-5	-8	2	det1=true
[6513]	87	90	-38	-24	-8	1	det1=true
[6514]	88	90	-11	0	-8	-5	det1=true
[6515]	89	90	-42	-2	-8	3	det1=true
[6516]	90	90	-36	-28	-4	-7	det1=true
[6517]	28	91	-4	0	-5	-2	det1=true
[6518]	28	91	-6	0	-5	2	det1=true
[6519]	43	91	-15	-5	-4	-5	det1=true
[6520]	49	91	-10	-2	-7	1	det1=true
[6521]	52	91	-8	0	-2	-7	det1=true
[6522]	52	91	-15	0	-2	7	det1=true
[6523]	59	91	-26	-2	-4	-6	det1=true
[6524]	59	91	-32	-2	-4	6	det1=true
[6525]	60	91	-28	-1	-7	-2	det1=true
[6526]	60	91	-30	-1	-7	2	det1=true
[6527]	61	91	-26	-18	-1	-7	det1=true
[6528]	61	91	-33	-18	-1	7	det1=true
[6529]	61	91	-20	-19	-2	-7	det1=true
[6530]	61	91	-27	-19	-2	7	det1=true
[6531]	63	91	-33	-7	-7	2	det1=true
[6532]	64	91	-26	-21	-7	2	det1=true
[6533]	64	91	-26	1	-5	6	det1=true
[6534]	65	91	-26	-2	-3	-7	det1=true
[6535]	65	91	-33	-2	-3	7	det1=true
[6536]	67	91	-31	-2	-5	6	det1=true
[6537]	70	91	-27	-28	-2	-7	det1=true
[6538]	70	91	-34	-28	-2	7	det1=true
[6539]	73	91	-11	-1	-5	-7	det1=true
[6540]	74	91	-16	1	-3	-8	det1=true
[6541]	79	91	-37	-31	-6	-4	det1=true
[6542]	79	91	-41	-31	-6	4	det1=true
[6543]	81	91	-27	-11	-8	-3	det1=true
[6544]	81	91	-30	-11	-8	3	det1=true
[6545]	82	91	-38	-20	-6	-5	det1=true
[6546]	82	91	-43	-20	-6	5	det1=true
[6547]	82	91	-10	2	-9	2	det1=true
[6548]	85	91	-33	-26	-7	-4	det1=true
[6549]	85	91	-37	-26	-7	4	det1=true
[6550]	87	91	-43	-27	-1	8	det1=true
[6551]	87	91	-34	-7	-5	-7	det1=true
[6552]	87	91	-41	-7	-5	7	det1=true
[6553]	88	91	-33	-18	-8	-3	det1=true
[6554]	88	91	-36	-18	-8	3	det1=true
[6555]	89	91	-19	-12	-7	-6	det1=true
[6556]	89	91	-25	-12	-7	6	det1=true
[6557]	91	91	-45	-15	-1	-8	det1=true
[6558]	47	92	-20	-17	-2	-6	det1=true
[6559]	47	92	-26	-17	-2	6	det1=true
[6560]	57	92	-17	-14	-2	-7	det1=true
[6561]	57	92	-24	-14	-2	7	det1=true
[6562]	59	92	-13	-2	-6	5	det1=true
[6563]	65	92	-19	-12	-6	-5	det1=true
[6564]	65	92	-7	0	-8	-2	det1=true
[6565]	65	92	-9	0	-8	2	det1=true
[6566]	70	92	-26	-15	-5	-6	det1=true
[6567]	72	92	-16	-17	-2	-8	det1=true
[6568]	72	92	-24	-17	-2	8	det1=true
[6569]	87	92	-40	-21	-7	-4	det1=true
[6570]	88	92	-32	-29	-2	-8	det1=true
[6571]	88	92	-40	-29	-2	8	det1=true
[6572]	92	92	-16	-16	-5	-8	det1=true
[6573]	92	92	-24	-16	-5	8	det1=true
[6574]	92	92	-4	1	-9	-4	det1=true
[6575]	92	92	-8	1	-9	4	det1=true
[6576]	52	89	-1	-2	-2	-7	det1=true
[6577]	52	89	-8	-2	-2	7	det1=true
[6578]	57	89	-20	-13	-1	-7	det1=true
[6579]	57	89	-27	-13	-1	7	det1=true
[6580]	59	89	-26	-11	-7	-1	det1=true
[6581]	59	89	-27	-11	-7	1	det1=true
[6582]	60	89	-26	0	-7	-2	det1=true
[6583]	60	89	-28	0	-7	2	det1=true
[6584]	60	89	-16	-18	-2	-7	det1=true
[6585]	60	89	-23	-18	-2	7	det1=true
[6586]	61	89	-21	-8	-3	7	det1=true
[6587]	64	89	-25	-18	-4	-6	det1=true
[6588]	67	89	-28	-25	-7	-1	det1=true
[6589]	67	89	-29	-25	-7	1	det1=true
[6590]	69	89	-27	-25	-4	-6	det1=true
[6591]	69	89	-33	-25	-4	6	det1=true
[6592]	73	89	-29	-29	-4	-6	det1=true
[6593]	73	89	-35	-29	-4	6	det1=true
[6594]	73	89	-25	-18	-5	-6	det1=true
[6595]	73	89	-31	-18	-5	6	det1=true
[6596]	74	89	-20	-18	-7	-4	det1=true
[6597]	74	89	-24	-18	-7	4	det1=true
[6598]	75	89	-21	-19	-7	-4	det1=true
[6599]	75	89	-25	-19	-7	4	det1=true
[6600]	80	89	-36	-30	-2	-7	det1=true
[6601]	80	89	-43	-30	-2	7	det1=true
[6602]	80	89	-35	-4	-8	2	det1=true
[6603]	80	89	-28	-13	-2	-8	det1=true
[6604]	80	89	-36	-13	-2	8	det1=true
[6605]	80	89	-24	0	-3	-8	det1=true
[6606]	80	89	-32	0	-3	8	det1=true
[6607]	84	89	-32	-22	-4	-7	det1=true
[6608]	84	89	-39	-22	-4	7	det1=true
[6609]	84	89	-30	-25	-7	-4	det1=true
[6610]	84	89	-34	-25	-7	4	det1=true
[6611]	84	89	-31	-22	-8	2	det1=true
[6612]	85	89	-25	-19	-8	-3	det1=true
[6613]	85	89	-28	-19	-8	3	det1=true
[6614]	86	89	-31	-22	-2	-8	det1=true
[6615]	44	90	-18	1	-5	-4	det1=true
[6616]	60	90	-26	-5	-7	-2	det1=true
[6617]	64	90	-6	-4	-1	-8	det1=true
[6618]	64	90	-14	-4	-1	8	det1=true
[6619]	67	90	-13	-6	-2	8	det1=true
[6620]	68	90	-19	-6	-8	-1	det1=true
[6621]	69	90	-19	-6	-4	-7	det1=true
[6622]	69	90	-26	-6	-4	7	det1=true
[6623]	72	90	-24	-7	-1	-8	det1=true
[6624]	72	90	-32	-7	-1	8	det1=true
[6625]	75	90	-31	-30	-2	-7	det1=true
[6626]	75	90	-26	-7	-8	-2	det1=true
[6627]	75	90	-28	-7	-8	2	det1=true
[6628]	75	90	-24	-11	-8	-2	det1=true
[6629]	75	90	-18	-2	-8	-3	det1=true
[6630]	75	90	-21	-2	-8	3	det1=true
[6631]	76	90	-29	-10	-4	-7	det1=true
[6632]	76	90	-36	-10	-4	7	det1=true
[6633]	77	90	-14	-15	-3	-8	det1=true
[6634]	77	90	-22	-15	-3	8	det1=true
[6635]	78	90	-32	-14	-8	-1	det1=true
[6636]	78	90	-33	-14	-8	1	det1=true
[6637]	78	90	-29	-16	-4	-7	det1=true
[6638]	78	90	-20	-9	-3	-8	det1=true
[6639]	78	90	-28	-9	-3	8	det1=true
[6640]	80	90	-35	2	-8	-2	det1=true
[6641]	80	90	-33	-8	-8	-2	det1=true
[6642]	80	90	-35	-8	-8	2	det1=true
[6643]	81	90	-26	-6	-3	-8	det1=true
[6644]	81	90	-27	-8	-8	-3	det1=true
[6645]	81	90	-30	-8	-8	3	det1=true
[6646]	84	90	-33	-2	-8	-3	det1=true
[6647]	84	90	-36	-2	-8	3	det1=true
[6648]	87	90	-37	-24	-8	-1	det1=true
[6649]	87	90	-34	-26	-4	-7	det1=true
[6650]	87	90	-41	-26	-4	7	det1=true
[6651]	44	91	-21	-4	-6	-2	det1=true
[6652]	44	91	-23	-4	-6	2	det1=true
[6653]	55	91	-19	1	-7	-2	det1=true
[6654]	55	91	-21	1	-7	2	det1=true
[6655]	57	91	-20	-5	-2	-7	det1=true
[6656]	57	91	-27	-5	-2	7	det1=true
[6657]	57	91	-23	-15	-7	1	det1=true
[6658]	59	91	-27	-1	-6	-4	det1=true
[6659]	59	91	-31	-1	-6	4	det1=true
[6660]	60	91	-20	-17	-7	-2	det1=true
[6661]	60	91	-22	-17	-7	2	det1=true
[6662]	61	91	-19	-2	-3	-7	det1=true
[6663]	61	91	-26	-2	-3	7	det1=true
[6664]	62	91	-29	-10	-6	-4	det1=true
[6665]	62	91	-33	-10	-6	4	det1=true
[6666]	62	91	-28	-11	-4	-6	det1=true
[6667]	62	91	-34	-11	-4	6	det1=true
[6668]	62	91	-26	-15	-4	-6	det1=true
[6669]	62	91	-32	-15	-4	6	det1=true
[6670]	63	91	-5	-3	-1	-8	det1=true
[6671]	63	91	-13	-3	-1	8	det1=true
[6672]	64	91	-20	1	-5	-6	det1=true
[6673]	64	91	-25	-2	-6	5	det1=true
[6674]	64	91	-15	-12	-6	-5	det1=true
[6675]	64	91	-20	-12	-6	5	det1=true
[6676]	65	91	-23	-17	-7	3	det1=true
[6677]	67	91	-25	-2	-5	-6	det1=true
[6678]	72	91	-25	-8	-4	-7	det1=true
[6679]	72	91	-32	-8	-4	7	det1=true
[6680]	72	91	-12	-2	-8	-3	det1=true
[6681]	79	91	-39	-7	-2	8	det1=true
[6682]	85	91	-31	-29	-1	-8	det1=true
[6683]	85	91	-39	-29	-1	8	det1=true
[6684]	85	91	-20	-4	-1	-9	det1=true
[6685]	85	91	-29	-4	-1	9	det1=true
[6686]	87	91	-35	-27	-1	-8	det1=true
[6687]	89	91	-35	-13	-7	-5	det1=true
[6688]	90	91	-28	-13	-4	-8	det1=true
[6689]	90	91	-36	-13	-4	8	det1=true
[6690]	91	91	-32	-6	-9	-1	det1=true
[6691]	91	91	-33	-6	-9	1	det1=true
[6692]	38	92	-3	0	-6	-2	det1=true
[6693]	38	92	-5	0	-6	2	det1=true
[6694]	47	92	-22	-15	-6	-2	det1=true
[6695]	51	92	-8	0	-7	-2	det1=true
[6696]	51	92	-10	0	-7	2	det1=true
[6697]	52	92	-28	-22	-4	5	det1=true
[6698]	55	92	-19	-6	-4	-6	det1=true
[6699]	55	92	-25	-6	-4	6	det1=true
[6700]	59	92	-8	-2	-6	-5	det1=true
[6701]	63	92	-6	-7	-1	-8	det1=true
[6702]	63	92	-14	-7	-1	8	det1=true
[6703]	65	92	-24	-12	-6	5	det1=true
[6704]	67	92	-20	-8	-8	1	det1=true
[6705]	67	92	-16	-10	-4	-7	det1=true
[6706]	67	92	-23	-10	-4	7	det1=true
[6707]	70	92	-6	-1	-3	-8	det1=true
[6708]	70	92	-14	-1	-3	8	det1=true
[6709]	77	92	-24	-19	-2	-8	det1=true
[6710]	77	92	-32	-19	-2	8	det1=true
[6711]	77	92	-24	-6	-8	-3	det1=true
[6712]	77	92	-27	-6	-8	3	det1=true
[6713]	80	92	-37	0	-8	-2	det1=true
[6714]	80	92	-39	0	-8	2	det1=true
[6715]	80	92	-28	0	-3	-8	det1=true
[6716]	80	92	-36	0	-3	8	det1=true
[6717]	84	92	-41	-4	-8	-2	det1=true
[6718]	84	92	-43	-4	-8	2	det1=true
[6719]	85	92	-24	-25	-3	-8	det1=true
[6720]	85	92	-32	-25	-3	8	det1=true
[6721]	87	92	-46	-24	-1	8	det1=true
[6722]	92	92	-68	0	-5	-4	det1=true
[6723]	92	92	-72	0	-5	4	det1=true
[6724]	92	92	-30	3	-7	-6	det1=true
[6725]	92	92	-36	3	-7	6	det1=true
[6726]	41	89	-13	-13	-1	-6	det1=true
[6727]	41	89	-19	-13	-1	6	det1=true
[6728]	45	89	-23	0	-5	4	det1=true
[6729]	49	89	-4	2	-7	-1	det1=true
[6730]	49	89	-5	2	-7	1	det1=true
[6731]	53	89	-12	0	-6	-4	det1=true
[6732]	53	89	-16	0	-6	4	det1=true
[6733]	53	89	-16	-4	-4	6	det1=true
[6734]	58	89	-21	-8	-6	-4	det1=true
[6735]	58	89	-25	-8	-6	4	det1=true
[6736]	61	89	-16	-6	-7	-3	det1=true
[6737]	61	89	-19	-6	-7	3	det1=true
[6738]	61	89	-12	-11	-3	-7	det1=true
[6739]	64	89	-31	-18	-4	6	det1=true
[6740]	64	89	-2	-4	-1	-8	det1=true
[6741]	64	89	-10	-4	-1	8	det1=true
[6742]	65	89	-23	-21	-2	-7	det1=true
[6743]	65	89	-30	-21	-2	7	det1=true
[6744]	67	89	-27	1	-3	-7	det1=true
[6745]	69	89	-26	-3	-6	-5	det1=true
[6746]	69	89	-31	-3	-6	5	det1=true
[6747]	69	89	-16	-9	-4	-7	det1=true
[6748]	69	89	-14	0	-8	-2	det1=true
[6749]	69	89	-16	0	-8	2	det1=true
[6750]	73	89	-30	-28	-6	-4	det1=true
[6751]	73	89	-34	-28	-6	4	det1=true
[6752]	75	89	-19	-22	-1	-8	det1=true
[6753]	75	89	-27	-22	-1	8	det1=true
[6754]	75	89	-10	-6	-5	-7	det1=true
[6755]	77	89	-24	-12	-2	-8	det1=true
[6756]	77	89	-32	-12	-2	8	det1=true
[6757]	80	89	-33	-4	-8	-2	det1=true
[6758]	80	89	-30	-7	-2	-8	det1=true
[6759]	80	89	-38	-7	-2	8	det1=true
[6760]	80	89	-20	-14	-8	-3	det1=true
[6761]	80	89	-23	-14	-8	3	det1=true
[6762]	83	89	-37	-23	-4	7	det1=true
[6763]	84	89	-29	-22	-8	-2	det1=true
[6764]	84	89	-26	-25	-2	-8	det1=true
[6765]	84	89	-34	-25	-2	8	det1=true
[6766]	86	89	-39	-22	-2	8	det1=true
[6767]	89	89	-63	-6	-1	7	det1=true
[6768]	89	89	-37	-24	-1	-8	det1=true
[6769]	89	89	-45	-24	-1	8	det1=true
[6770]	89	89	-37	-34	-7	-3	det1=true
[6771]	89	89	-34	-33	-6	-5	det1=true
[6772]	89	89	-39	-33	-6	5	det1=true
[6773]	89	89	-31	-32	-1	-8	det1=true
[6774]	89	89	-39	-32	-1	8	det1=true
[6775]	57	90	-21	-14	-2	7	det1=true
[6776]	60	90	-28	-5	-7	2	det1=true
[6777]	63	90	-28	-15	-7	2	det1=true
[6778]	66	90	-25	-22	-2	-7	det1=true
[6779]	68	90	-20	-6	-8	1	det1=true
[6780]	73	90	-30	4	-8	-1	det1=true
[6781]	73	90	-31	4	-8	1	det1=true
[6782]	75	90	-38	-30	-2	7	det1=true
[6783]	80	90	-37	2	-8	2	det1=true
[6784]	81	90	-34	-6	-3	8	det1=true
[6785]	82	90	-37	-2	-8	-2	det1=true
[6786]	82	90	-39	-2	-8	2	det1=true
[6787]	87	90	-29	-28	-2	-8	det1=true
[6788]	87	90	-37	-28	-2	8	det1=true
[6789]	89	90	-39	-2	-8	-3	det1=true
[6790]	89	90	-32	-18	-3	-8	det1=true
[6791]	89	90	-40	-18	-3	8	det1=true
[6792]	48	91	-20	2	-6	-3	det1=true
[6793]	48	91	-23	2	-6	3	det1=true
[6794]	49	91	-9	-2	-7	-1	det1=true
[6795]	51	91	-16	-2	-7	-1	det1=true
[6796]	51	91	-17	-2	-7	1	det1=true
[6797]	55	91	-16	-10	-6	-4	det1=true
[6798]	55	91	-20	-10	-6	4	det1=true
[6799]	56	91	-20	-7	-6	-4	det1=true
[6800]	56	91	-24	-7	-6	4	det1=true
[6801]	57	91	-22	-15	-7	-1	det1=true
[6802]	61	91	-29	-15	-7	-1	det1=true
[6803]	61	91	-30	-15	-7	1	det1=true
[6804]	61	91	-20	-4	-7	-3	det1=true
[6805]	61	91	-23	-4	-7	3	det1=true
[6806]	64	91	-24	-21	-7	-2	det1=true
[6807]	66	91	-16	-3	-7	-4	det1=true
[6808]	66	91	-20	-3	-7	4	det1=true
[6809]	66	91	-8	-1	-8	-2	det1=true
[6810]	66	91	-10	-1	-8	2	det1=true
[6811]	67	91	-28	-7	-3	-7	det1=true
[6812]	67	91	-35	-7	-3	7	det1=true
[6813]	71	91	-31	-1	-5	-6	det1=true
[6814]	71	91	-25	-1	-4	-7	det1=true
[6815]	71	91	-19	-16	-7	-4	det1=true
[6816]	71	91	-23	-16	-7	4	det1=true
[6817]	73	91	-31	-19	-3	-7	det1=true
[6818]	76	91	-28	-21	-7	4	det1=true
[6819]	76	91	-16	-12	-3	-8	det1=true
[6820]	76	91	-24	-12	-3	8	det1=true
[6821]	77	91	-25	-7	-8	3	det1=true
[6822]	79	91	-32	-15	-4	-7	det1=true
[6823]	79	91	-39	-15	-4	7	det1=true
[6824]	80	91	-29	0	-8	-3	det1=true
[6825]	80	91	-32	0	-8	3	det1=true
[6826]	81	91	-31	-22	-1	-8	det1=true
[6827]	81	91	-39	-22	-1	8	det1=true
[6828]	85	91	-15	-15	-1	-9	det1=true
[6829]	87	91	-37	-24	-7	-4	det1=true
[6830]	87	91	-41	-24	-7	4	det1=true
[6831]	88	91	-16	-13	-7	-6	det1=true
[6832]	88	91	-22	-13	-7	6	det1=true
[6833]	89	91	-41	-32	-7	-3	det1=true
[6834]	89	91	-44	-32	-7	3	det1=true
[6835]	89	91	-40	-13	-7	5	det1=true
[6836]	38	92	-1	-2	-2	-6	det1=true
[6837]	38	92	-7	-2	-2	6	det1=true
[6838]	43	92	-14	-13	-2	-6	det1=true
[6839]	43	92	-20	-13	-2	6	det1=true
[6840]	45	92	-22	0	-5	-4	det1=true
[6841]	55	92	-20	-5	-6	-4	det1=true
[6842]	55	92	-24	-5	-6	4	det1=true
[6843]	55	92	-20	-1	-7	-2	det1=true
[6844]	55	92	-22	-1	-7	2	det1=true
[6845]	57	92	-24	-1	-7	-2	det1=true
[6846]	57	92	-26	-1	-7	2	det1=true
[6847]	63	92	-8	-4	-7	-4	det1=true
[6848]	63	92	-12	-4	-7	4	det1=true
[6849]	68	92	-24	0	-8	-1	det1=true
[6850]	68	92	-25	0	-8	1	det1=true
[6851]	71	92	-12	0	-8	-3	det1=true
[6852]	71	92	-15	0	-8	3	det1=true
[6853]	73	92	-28	-19	-5	-6	det1=true
[6854]	73	92	-34	-19	-5	6	det1=true
[6855]	75	92	-26	-9	-2	-8	det1=true
[6856]	75	92	-34	-9	-2	8	det1=true
[6857]	75	92	-25	-14	-8	-2	det1=true
[6858]	75	92	-27	-14	-8	2	det1=true
[6859]	79	92	-28	-4	-8	-3	det1=true
[6860]	79	92	-31	-4	-8	3	det1=true
[6861]	87	92	-38	-24	-1	-8	det1=true
[6862]	88	92	-38	-31	-5	-6	det1=true
[6863]	88	92	-44	-31	-5	6	det1=true
[6864]	46	89	-10	-3	-3	-6	det1=true
[6865]	46	89	-16	-3	-3	6	det1=true
[6866]	53	89	-10	-4	-4	-6	det1=true
[6867]	61	89	-14	-8	-3	-7	det1=true
[6868]	62	89	-10	-5	-5	-6	det1=true
[6869]	62	89	-16	-5	-5	6	det1=true
[6870]	63	89	-28	-3	-2	-7	det1=true
[6871]	63	89	-35	-3	-2	7	det1=true
[6872]	67	89	-34	1	-3	7	det1=true
[6873]	69	89	-17	-7	-4	-7	det1=true
[6874]	69	89	-24	-7	-4	7	det1=true
[6875]	69	89	-23	-9	-4	7	det1=true
[6876]	75	89	-34	-30	-1	-7	det1=true
[6877]	75	89	-41	-30	-1	7	det1=true
[6878]	78	89	-27	-8	-2	-8	det1=true
[6879]	78	89	-35	-8	-2	8	det1=true
[6880]	83	89	-30	-23	-4	-7	det1=true
[6881]	87	89	-37	-8	-7	5	det1=true
[6882]	87	89	-2	3	-8	-5	det1=true
[6883]	89	89	-49	-10	-3	-7	det1=true
[6884]	89	89	-56	-10	-3	7	det1=true
[6885]	89	89	-9	-3	-5	-8	det1=true
[6886]	37	90	-10	0	-6	-1	det1=true
[6887]	37	90	-11	0	-6	1	det1=true
[6888]	57	90	-14	-14	-2	-7	det1=true
[6889]	63	90	-26	-15	-7	-2	det1=true
[6890]	63	90	-2	2	-4	-7	det1=true
[6891]	63	90	-9	2	-4	7	det1=true
[6892]	66	90	-12	-8	-8	-1	det1=true
[6893]	66	90	-13	-8	-8	1	det1=true
[6894]	67	90	-5	-6	-2	-8	det1=true
[6895]	76	90	-14	-12	-3	-8	det1=true
[6896]	76	90	-22	-12	-3	8	det1=true
[6897]	78	90	-27	-2	-8	3	det1=true
[6898]	86	90	-26	-21	-3	-8	det1=true
[6899]	90	90	-43	-28	-4	7	det1=true
[6900]	55	91	-24	0	-6	4	det1=true
[6901]	57	91	-23	0	-7	-2	det1=true
[6902]	57	91	-25	0	-7	2	det1=true
[6903]	59	91	-14	-4	-3	-7	det1=true
[6904]	59	91	-21	-4	-3	7	det1=true
[6905]	63	91	-7	0	-7	-4	det1=true
[6906]	63	91	-11	0	-7	4	det1=true
[6907]	67	91	-30	-5	-7	-3	det1=true
[6908]	67	91	-33	-5	-7	3	det1=true
[6909]	72	91	-28	-6	-8	-1	det1=true
[6910]	72	91	-29	-6	-8	1	det1=true
[6911]	72	91	-15	-2	-8	3	det1=true
[6912]	73	91	-29	-3	-7	-4	det1=true
[6913]	75	91	-23	-13	-2	-8	det1=true
[6914]	75	91	-31	-13	-2	8	det1=true
[6915]	75	91	-21	-17	-8	-2	det1=true
[6916]	75	91	-23	-17	-8	2	det1=true
[6917]	76	91	-35	0	-8	-1	det1=true
[6918]	76	91	-36	0	-8	1	det1=true
[6919]	85	91	-19	-11	-9	-1	det1=true
[6920]	85	91	-20	-11	-9	1	det1=true
[6921]	85	91	-24	-15	-1	9	det1=true
[6922]	87	91	-18	-5	-2	-9	det1=true
[6923]	87	91	-27	-5	-2	9	det1=true
[6924]	41	92	-14	-16	-1	-6	det1=true
[6925]	41	92	-20	-16	-1	6	det1=true
[6926]	63	92	-12	4	-8	-1	det1=true
[6927]	63	92	-13	4	-8	1	det1=true
[6928]	68	92	-28	1	-5	-6	det1=true
[6929]	68	92	-34	1	-5	6	det1=true
[6930]	68	92	-21	-2	-4	-7	det1=true
[6931]	68	92	-28	-2	-4	7	det1=true
[6932]	68	92	-17	-12	-4	-7	det1=true
[6933]	68	92	-24	-12	-4	7	det1=true
[6934]	74	92	-32	0	-7	-4	det1=true
[6935]	74	92	-36	0	-7	4	det1=true
[6936]	77	92	-30	-24	-5	-6	det1=true
[6937]	78	92	-32	-15	-1	-8	det1=true
[6938]	78	92	-40	-15	-1	8	det1=true
[6939]	83	92	-36	-20	-7	-4	det1=true
[6940]	83	92	-40	-20	-7	4	det1=true
[6941]	85	92	-37	2	-8	-3	det1=true
[6942]	85	92	-40	2	-8	3	det1=true
[6943]	89	92	-12	-12	-5	-8	det1=true
[6944]	89	92	-20	-12	-5	8	det1=true
[6945]	38	89	-10	-1	-1	-6	det1=true
[6946]	38	89	-16	-1	-1	6	det1=true
[6947]	40	89	1	2	-4	-5	det1=true
[6948]	40	89	-4	2	-4	5	det1=true
[6949]	41	89	-12	0	-6	-2	det1=true
[6950]	41	89	-14	0	-6	2	det1=true
[6951]	57	89	-3	-1	-7	-3	det1=true
[6952]	57	89	-6	-1	-7	3	det1=true
[6953]	58	89	-17	-14	-6	-4	det1=true
[6954]	59	89	-26	-6	-1	-7	det1=true
[6955]	66	89	-22	-24	-2	-7	det1=true
[6956]	66	89	-29	-24	-2	7	det1=true
[6957]	69	89	-19	-7	-8	-1	det1=true
[6958]	69	89	-20	-7	-8	1	det1=true
[6959]	83	89	-25	-11	-7	-5	det1=true
[6960]	85	89	-35	-11	-2	-8	det1=true
[6961]	85	89	-43	-11	-2	8	det1=true
[6962]	87	89	-32	-8	-7	-5	det1=true
[6963]	89	89	-40	-34	-7	3	det1=true
[6964]	89	89	-33	-12	-7	-5	det1=true
[6965]	89	89	-38	-12	-7	5	det1=true
[6966]	48	90	-20	-14	-4	-5	det1=true
[6967]	52	90	-5	-2	-2	-7	det1=true
[6968]	52	90	-12	-2	-2	7	det1=true
[6969]	53	90	-12	2	-7	-2	det1=true
[6970]	53	90	-14	2	-7	2	det1=true
[6971]	64	90	-4	-7	-1	-8	det1=true
[6972]	66	90	-32	-22	-2	7	det1=true
[6973]	78	90	-24	-2	-8	-3	det1=true
[6974]	82	90	-30	-17	-2	-8	det1=true
[6975]	82	90	-38	-17	-2	8	det1=true
[6976]	25	91	-3	0	-5	-1	det1=true
[6977]	25	91	-4	0	-5	1	det1=true
[6978]	43	91	-20	-5	-4	5	det1=true
[6979]	55	91	-20	0	-6	-4	det1=true
[6980]	55	91	-19	-1	-4	-6	det1=true
[6981]	55	91	-25	-1	-4	6	det1=true
[6982]	56	91	-20	-4	-7	-2	det1=true
[6983]	56	91	-22	-4	-7	2	det1=true
[6984]	61	91	-21	0	-7	-3	det1=true
[6985]	61	91	-24	0	-7	3	det1=true
[6986]	66	91	-18	-7	-7	4	det1=true
[6987]	69	91	-21	-7	-7	-4	det1=true
[6988]	69	91	-25	-7	-7	4	det1=true
[6989]	71	91	-37	-1	-5	6	det1=true
[6990]	73	91	-18	-1	-5	7	det1=true
[6991]	76	91	-24	-21	-7	-4	det1=true
[6992]	79	91	-31	-7	-2	-8	det1=true
[6993]	83	91	-29	-13	-8	-3	det1=true
[6994]	83	91	-32	-13	-8	3	det1=true
[6995]	85	91	-24	0	-9	-1	det1=true
[6996]	85	91	-25	0	-9	1	det1=true
[6997]	85	91	-1	3	-8	-5	det1=true
[6998]	85	91	-6	3	-8	5	det1=true
[6999]	88	91	-12	-3	-5	-8	det1=true
[7000]	88	91	-20	-3	-5	8	det1=true
[7001]	42	92	-12	-8	-5	-4	det1=true
[7002]	42	92	-16	-8	-5	4	det1=true
[7003]	52	92	-23	-22	-4	-5	det1=true
[7004]	61	92	-14	-3	-5	-6	det1=true
[7005]	61	92	-20	-3	-5	6	det1=true
[7006]	67	92	-19	-8	-8	-1	det1=true
[7007]	68	92	-12	-9	-2	-8	det1=true
[7008]	68	92	-20	-9	-2	8	det1=true
[7009]	74	92	-30	-3	-1	-8	det1=true
[7010]	74	92	-38	-3	-1	8	det1=true
[7011]	75	92	-22	-17	-2	-8	det1=true
[7012]	75	92	-30	-17	-2	8	det1=true
[7013]	77	92	-36	-24	-5	6	det1=true
[7014]	78	92	-32	-16	-7	-4	det1=true
[7015]	78	92	-36	-16	-7	4	det1=true
[7016]	80	92	-24	-25	-2	-8	det1=true
[7017]	80	92	-32	-25	-2	8	det1=true
[7018]	84	92	2	1	-5	-8	det1=true
[7019]	87	92	-11	-6	-8	-5	det1=true
[7020]	87	92	-16	-6	-8	5	det1=true
[7021]	88	92	-27	-10	-6	7	det1=true
[7022]	88	92	-19	-12	-2	-9	det1=true
[7023]	88	92	-28	-12	-2	9	det1=true
[7024]	27	89	-7	-7	-1	-5	det1=true
[7025]	27	89	-12	-7	-1	5	det1=true
[7026]	29	89	-7	2	-5	-2	det1=true
[7027]	29	89	-9	2	-5	2	det1=true
[7028]	38	89	-9	-6	-6	-1	det1=true
[7029]	38	89	-10	-6	-6	1	det1=true
[7030]	51	89	-10	-6	-7	-1	det1=true
[7031]	73	89	-32	-15	-7	-3	det1=true
[7032]	73	89	-35	-15	-7	3	det1=true
[7033]	73	89	-7	-5	-3	-8	det1=true
[7034]	73	89	-15	-5	-3	8	det1=true
[7035]	78	89	-30	-5	-8	-2	det1=true
[7036]	78	89	-32	-5	-8	2	det1=true
[7037]	87	89	-31	-9	-5	-7	det1=true
[7038]	87	89	-38	-9	-5	7	det1=true
[7039]	68	90	-35	-22	-2	7	det1=true
[7040]	77	90	-24	-22	-1	-8	det1=true
[7041]	77	90	-32	-22	-1	8	det1=true
[7042]	90	90	-33	-20	-8	-3	det1=true
[7043]	90	90	-36	-20	-8	3	det1=true
[7044]	56	91	-13	-14	-2	-7	det1=true
[7045]	56	91	-20	-14	-2	7	det1=true
[7046]	59	91	-5	-1	-5	-6	det1=true
[7047]	59	91	-11	-1	-5	6	det1=true
[7048]	65	91	-20	-17	-7	-3	det1=true
[7049]	66	91	-18	-14	-5	-6	det1=true
[7050]	66	91	-24	-14	-5	6	det1=true
[7051]	73	91	-27	-6	-1	-8	det1=true
[7052]	73	91	-12	0	-7	-5	det1=true
[7053]	73	91	-17	0	-7	5	det1=true
[7054]	73	91	-8	-7	-5	-7	det1=true
[7055]	73	91	-15	-7	-5	7	det1=true
[7056]	83	91	-17	-7	-9	-1	det1=true
[7057]	83	91	-18	-7	-9	1	det1=true
[7058]	84	91	-36	-11	-2	-8	det1=true
[7059]	84	91	-44	-11	-2	8	det1=true
[7060]	86	91	-16	-6	-7	-6	det1=true
[7061]	86	91	-22	-6	-7	6	det1=true
[7062]	91	91	-18	-19	-2	-9	det1=true
[7063]	91	91	-27	-19	-2	9	det1=true
[7064]	88	92	-20	-10	-6	-7	det1=true
[7065]	40	89	-7	-2	-6	-2	det1=true
[7066]	40	89	-9	-2	-6	2	det1=true
[7067]	43	89	-20	-11	-6	-1	det1=true
[7068]	43	89	-21	-11	-6	1	det1=true
[7069]	52	89	-8	-1	-6	-4	det1=true
[7070]	52	89	-12	-1	-6	4	det1=true
[7071]	89	89	-51	-27	-7	-1	det1=true
[7072]	89	89	-52	-27	-7	1	det1=true
[7073]	68	90	-28	-22	-2	-7	det1=true
[7074]	77	90	-26	-19	-7	-4	det1=true
[7075]	77	90	-30	-19	-7	4	det1=true
[7076]	88	90	-10	1	-5	-8	det1=true
[7077]	88	90	-18	1	-5	8	det1=true
[7078]	30	91	-9	-8	-2	-5	det1=true
[7079]	30	91	-14	-8	-2	5	det1=true
[7080]	49	91	-6	-5	-1	-7	det1=true
[7081]	51	91	-5	1	-7	-2	det1=true
[7082]	51	91	-7	1	-7	2	det1=true
[7083]	73	91	-33	-17	-7	-3	det1=true
[7084]	73	91	-36	-17	-7	3	det1=true
[7085]	73	91	-13	-3	-3	-8	det1=true
[7086]	74	91	-26	-22	-5	-6	det1=true
[7087]	79	91	-33	-22	-5	-6	det1=true
[7088]	79	91	-39	-22	-5	6	det1=true
[7089]	79	91	-19	-14	-7	-5	det1=true
[7090]	79	91	-24	-14	-7	5	det1=true
[7091]	87	91	-19	-3	-6	-7	det1=true
[7092]	52	92	-13	-2	-4	-6	det1=true
[7093]	52	92	-19	-2	-4	6	det1=true
[7094]	80	92	-25	-14	-8	-3	det1=true
[7095]	80	92	-28	-14	-8	3	det1=true
[7096]	41	89	-7	1	-4	-5	det1=true
[7097]	41	89	-12	1	-4	5	det1=true
[7098]	73	89	-5	-1	-7	-5	det1=true
[7099]	73	89	-10	-1	-7	5	det1=true
[7100]	85	89	-29	-23	-2	-8	det1=true
[7101]	85	89	-37	-23	-2	8	det1=true
[7102]	40	90	-4	0	-5	-4	det1=true
[7103]	40	90	-8	0	-5	4	det1=true
[7104]	67	90	-10	1	-8	-2	det1=true
[7105]	67	90	-12	1	-8	2	det1=true
[7106]	71	90	-32	-23	-7	-2	det1=true
[7107]	71	90	-34	-23	-7	2	det1=true
[7108]	74	90	-14	0	-3	-8	det1=true
[7109]	80	90	-26	-19	-2	-8	det1=true
[7110]	80	90	-34	-19	-2	8	det1=true
[7111]	36	91	-7	0	-6	-1	det1=true
[7112]	36	91	-8	0	-6	1	det1=true
[7113]	74	91	-32	-22	-5	6	det1=true
[7114]	75	91	-35	-27	-7	-2	det1=true
[7115]	75	91	-37	-27	-7	2	det1=true
[7116]	91	91	-28	-10	-1	-9	det1=true
[7117]	91	91	-37	-10	-1	9	det1=true
[7118]	41	92	-17	0	-4	5	det1=true
[7119]	65	92	-12	-8	-4	-7	det1=true
[7120]	65	92	-19	-8	-4	7	det1=true
[7121]	85	92	-28	-20	-3	-8	det1=true
[7122]	85	92	-36	-20	-3	8	det1=true
[7123]	85	92	-17	-2	-6	-7	det1=true
[7124]	85	92	-24	-2	-6	7	det1=true
[7125]	85	92	-16	-4	-2	-9	det1=true
[7126]	85	92	-25	-4	-2	9	det1=true
[7127]	87	92	-36	-32	-5	-6	det1=true
[7128]	87	92	-42	-32	-5	6	det1=true
[7129]	25	89	-5	-1	-3	-4	det1=true
[7130]	25	89	-9	-1	-3	4	det1=true
[7131]	57	89	-18	-16	-1	-7	det1=true
[7132]	57	89	-25	-16	-1	7	det1=true
[7133]	74	89	-27	-2	-4	-7	det1=true
[7134]	74	89	-34	-2	-4	7	det1=true
[7135]	74	89	-18	-21	-1	-8	det1=true
[7136]	74	89	-26	-21	-1	8	det1=true
[7137]	59	91	-16	-2	-7	-3	det1=true
[7138]	59	91	-19	-2	-7	3	det1=true
[7139]	81	91	-35	-14	-1	-8	det1=true
[7140]	88	91	-19	-8	-2	-9	det1=true
[7141]	88	91	-28	-8	-2	9	det1=true
[7142]	29	92	-10	-3	-5	-2	det1=true
[7143]	41	92	-12	0	-4	-5	det1=true
[7144]	43	89	-13	-9	-2	-6	det1=true
[7145]	43	89	-19	-9	-2	6	det1=true
[7146]	57	89	-23	-10	-7	-1	det1=true
[7147]	57	89	-24	-10	-7	1	det1=true
[7148]	59	89	-27	-9	-7	-1	det1=true
[7149]	59	89	-28	-9	-7	1	det1=true
[7150]	61	89	-19	-17	-2	-7	det1=true
[7151]	61	89	-26	-17	-2	7	det1=true
[7152]	84	89	-6	-1	-7	-6	det1=true
[7153]	84	89	-12	-1	-7	6	det1=true
[7154]	87	90	-6	-2	-8	-5	det1=true
[7155]	87	90	-11	-2	-8	5	det1=true
[7156]	37	91	-7	-7	-1	-6	det1=true
[7157]	37	91	-13	-7	-1	6	det1=true
[7158]	49	91	-13	-5	-1	7	det1=true
[7159]	73	91	-21	-3	-3	8	det1=true
[7160]	82	91	-6	1	-7	-6	det1=true
[7161]	82	91	-12	1	-7	6	det1=true
[7162]	29	92	-12	-3	-5	2	det1=true
[7163]	37	92	-8	-8	-1	-6	det1=true
[7164]	37	92	-14	-8	-1	6	det1=true
[7165]	65	92	-15	-6	-8	-1	det1=true
[7166]	65	92	-16	-6	-8	1	det1=true
[7167]	84	89	-40	-5	-7	-4	det1=true
[7168]	84	89	-44	-5	-7	4	det1=true
[7169]	71	90	-6	4	-8	-3	det1=true
[7170]	71	90	-9	4	-8	3	det1=true
[7171]	79	90	-32	-7	-8	-2	det1=true
[7172]	79	90	-34	-7	-8	2	det1=true
[7173]	86	91	-18	-5	-9	-2	det1=true
[7174]	86	91	-20	-5	-9	2	det1=true
[7175]	91	91	-33	-21	-7	-5	det1=true
[7176]	91	91	-38	-21	-7	5	det1=true
[7177]	91	91	-21	-15	-2	-9	det1=true
[7178]	91	91	-30	-15	-2	9	det1=true
[7179]	67	92	-24	-10	-6	-5	det1=true
[7180]	67	92	-29	-10	-6	5	det1=true
[7181]	84	92	0	4	-8	-5	det1=true
[7182]	84	92	-5	4	-8	5	det1=true
[7183]	51	89	-14	-9	-1	7	det1=true
[7184]	62	89	-12	2	-5	-6	det1=true
[7185]	62	89	-18	2	-5	6	det1=true
[7186]	83	89	-33	-21	-8	-1	det1=true
[7187]	67	91	-32	-23	-7	-1	det1=true
[7188]	67	91	-33	-23	-7	1	det1=true
[7189]	88	91	-20	-6	-6	-7	det1=true
[7190]	88	91	-27	-6	-6	7	det1=true
[7191]	60	92	-12	1	-5	-6	det1=true
[7192]	60	92	-18	1	-5	6	det1=true
[7193]	84	92	-13	-6	-6	-7	det1=true
[7194]	84	92	-20	-6	-6	7	det1=true
[7195]	89	92	-45	-12	-4	-7	det1=true
[7196]	54	89	-10	-4	-2	-7	det1=true
[7197]	54	89	-17	-4	-2	7	det1=true
[7198]	84	89	-44	-12	-4	7	det1=true
[7199]	73	90	-34	-5	-1	8	det1=true
[7200]	82	90	-33	-14	-8	-2	det1=true
[7201]	82	90	-35	-14	-8	2	det1=true
[7202]	90	90	-39	-26	-8	-1	det1=true
[7203]	90	90	-40	-26	-8	1	det1=true
[7204]	51	92	-10	-3	-6	-4	det1=true
[7205]	51	92	-14	-3	-6	4	det1=true
[7206]	83	89	-34	-21	-8	1	det1=true
[7207]	50	91	-22	-3	-3	-6	det1=true
[7208]	91	91	-40	-11	-8	-3	det1=true
[7209]	91	91	-43	-11	-8	3	det1=true
[7210]	53	89	-11	-3	-6	-4	det1=true
[7211]	53	89	-15	-3	-6	4	det1=true
[7212]	87	91	-42	-28	-7	-3	det1=true
[7213]	87	91	-45	-28	-7	3	det1=true
[7214]	91	91	-26	-3	-6	-7	det1=true
[7215]	91	91	-33	-3	-6	7	det1=true
[7216]	36	92	-6	-4	-1	-6	det1=true
[7217]	36	92	-12	-4	-1	6	det1=true
[7218]	83	89	-9	-9	-1	-9	det1=true
[7219]	83	89	-18	-9	-1	9	det1=true
[7220]	46	91	-12	-6	-3	-6	det1=true
[7221]	87	89	-1	1	-8	-5	det1=true
[7222]	87	89	-6	1	-8	5	det1=true
[7223]	53	90	-6	-8	-2	-7	det1=true
[7224]	53	90	-13	-8	-2	7	det1=true
[7225]	79	90	-8	-3	-4	-8	det1=true
[7226]	79	90	-16	-3	-4	8	det1=true
[7227]	86	90	0	1	-5	-8	det1=true
[7228]	61	89	-6	-5	-6	-5	det1=true
[7229]	61	89	-11	-5	-6	5	det1=true
[7230]	66	89	-8	-9	-1	-8	det1=true
[7231]	66	89	-16	-9	-1	8	det1=true
[7232]	65	90	-10	-6	-8	-1	det1=true
[7233]	65	90	-11	-6	-8	1	det1=true
[7234]	66	90	-9	-10	-4	-7	det1=true
[7235]	66	90	-16	-10	-4	7	det1=true
[7236]	83	90	-27	-28	-4	-7	det1=true
[7237]	83	90	-34	-28	-4	7	det1=true
[7238]	25	91	-6	-5	-4	-3	det1=true
[7239]	25	91	-9	-5	-4	3	det1=true
[7240]	73	89	-4	-2	-5	-7	det1=true
[7241]	73	89	-11	-2	-5	7	det1=true
[7242]	85	89	-7	-6	-7	-6	det1=true
[7243]	41	89	-5	-4	-5	-4	det1=true
[7244]	41	89	-9	-4	-5	4	det1=true
[7245]	67	90	-7	-2	-2	-8	det1=true
[7246]	67	90	-15	-2	-2	8	det1=true
[7247]	13	89	-3	-2	-3	-2	det1=true
[7248]	20	90	-6	1	-2	-4	det1=true
[7249]	20	90	-10	1	-2	4	det1=true
[7250]	13	92	-5	-4	-2	-3	det1=true
[7251]	13	92	-8	-4	-2	3	det1=true
[7252]	40	91	-12	3	-6	-2	det1=true
[7253]	40	91	-14	3	-6	2	det1=true
[7254]	41	90	-9	2	-4	-5	det1=true
[7255]	90	90	-16	-2	-8	-5	det1=true
[7256]	90	90	-21	-2	-8	5	det1=true
[7257]	73	93	-25	-17	-7	-4	det1=true
[7258]	73	93	-29	-17	-7	4	det1=true
[7259]	44	95	-19	-14	-2	-6	det1=true
[7260]	44	95	-25	-14	-2	6	det1=true
[7261]	95	95	-40	-34	-8	-2	det1=true
[7262]	95	95	-42	-34	-8	2	det1=true
[7263]	95	95	0	4	-10	-2	det1=true
[7264]	96	96	-11	-2	-10	-2	det1=true
[7265]	96	96	-13	-2	-10	2	det1=true
[7266]	39	93	-19	-3	-6	-1	det1=true
[7267]	39	93	-20	-3	-6	1	det1=true
[7268]	39	93	-5	-2	-5	-4	det1=true
[7269]	39	93	-9	-2	-5	4	det1=true
[7270]	85	93	-38	-18	-8	-2	det1=true
[7271]	85	93	-40	-18	-8	2	det1=true
[7272]	43	94	-18	-6	-4	-5	det1=true
[7273]	43	94	-23	-6	-4	5	det1=true
[7274]	52	94	-12	-6	-2	-7	det1=true
[7275]	52	94	-19	-6	-2	7	det1=true
[7276]	79	94	-4	2	-7	-6	det1=true
[7277]	79	94	-10	2	-7	6	det1=true
[7278]	87	94	-30	-7	-4	-8	det1=true
[7279]	87	94	-38	-7	-4	8	det1=true
[7280]	89	94	-28	-2	-7	-6	det1=true
[7281]	89	94	-34	-2	-7	6	det1=true
[7282]	91	94	-21	-22	-2	-9	det1=true
[7283]	91	94	-30	-22	-2	9	det1=true
[7284]	94	94	-28	-7	-5	-8	det1=true
[7285]	94	94	-36	-7	-5	8	det1=true
[7286]	94	94	-18	0	-9	-4	det1=true
[7287]	94	94	-22	0	-9	4	det1=true
[7288]	64	95	-11	-2	-8	-2	det1=true
[7289]	64	95	-13	-2	-8	2	det1=true
[7290]	65	95	-26	-15	-3	-7	det1=true
[7291]	66	95	-13	-8	-2	-8	det1=true
[7292]	66	95	-21	-8	-2	8	det1=true
[7293]	83	95	-19	1	-6	-7	det1=true
[7294]	83	95	-26	1	-6	7	det1=true
[7295]	95	95	-37	-37	-2	-8	det1=true
[7296]	95	95	-45	-37	-2	8	det1=true
[7297]	95	95	-27	-16	-5	-8	det1=true
[7298]	95	95	-35	-16	-5	8	det1=true
[7299]	16	96	-7	0	-4	-1	det1=true
[7300]	16	96	-8	0	-4	1	det1=true
[7301]	37	96	-8	3	-6	-2	det1=true
[7302]	37	96	-10	3	-6	2	det1=true
[7303]	67	96	-27	-2	-8	-1	det1=true
[7304]	67	96	-28	-2	-8	1	det1=true
[7305]	68	96	-24	-20	-5	-6	det1=true
[7306]	47	93	-20	1	-6	-3	det1=true
[7307]	47	93	-23	1	-6	3	det1=true
[7308]	57	93	-23	1	-2	-7	det1=true
[7309]	57	93	-30	1	-2	7	det1=true
[7310]	64	93	-23	0	-6	-5	det1=true
[7311]	64	93	-28	0	-6	5	det1=true
[7312]	70	93	-20	-9	-8	-2	det1=true
[7313]	70	93	-22	-9	-8	2	det1=true
[7314]	70	93	-17	-12	-2	-8	det1=true
[7315]	70	93	-25	-12	-2	8	det1=true
[7316]	83	93	-17	0	-9	-2	det1=true
[7317]	83	93	-19	0	-9	2	det1=true
[7318]	84	93	-7	4	-8	-5	det1=true
[7319]	84	93	-12	4	-8	5	det1=true
[7320]	55	94	-22	-3	-7	-2	det1=true
[7321]	55	94	-24	-3	-7	2	det1=true
[7322]	66	94	-14	-15	-1	-8	det1=true
[7323]	66	94	-22	-15	-1	8	det1=true
[7324]	69	94	-18	-11	-8	-2	det1=true
[7325]	69	94	-20	-11	-8	2	det1=true
[7326]	74	94	-31	-14	-8	-1	det1=true
[7327]	74	94	-32	-14	-8	1	det1=true
[7328]	74	94	-34	-24	-5	6	det1=true
[7329]	61	95	-20	-13	-3	-7	det1=true
[7330]	61	95	-27	-13	-3	7	det1=true
[7331]	69	95	-9	2	-7	-5	det1=true
[7332]	69	95	-14	2	-7	5	det1=true
[7333]	71	95	-25	-1	-2	-8	det1=true
[7334]	71	95	-25	-9	-8	-2	det1=true
[7335]	76	95	-32	-24	-5	-6	det1=true
[7336]	76	95	-38	-24	-5	6	det1=true
[7337]	80	95	-12	-3	-9	-2	det1=true
[7338]	80	95	-14	-3	-9	2	det1=true
[7339]	84	95	-35	-24	-8	-2	det1=true
[7340]	84	95	-37	-24	-8	2	det1=true
[7341]	37	96	-6	1	-2	-6	det1=true
[7342]	37	96	-12	1	-2	6	det1=true
[7343]	39	96	-11	0	-4	-5	det1=true
[7344]	39	96	-16	0	-4	5	det1=true
[7345]	51	96	-14	-5	-7	-2	det1=true
[7346]	51	96	-16	-5	-7	2	det1=true
[7347]	63	96	-11	2	-8	-2	det1=true
[7348]	63	96	-13	2	-8	2	det1=true
[7349]	64	96	-8	-9	-2	-8	det1=true
[7350]	68	96	-30	-20	-5	6	det1=true
[7351]	71	96	-24	-20	-8	-1	det1=true
[7352]	71	96	-25	-20	-8	1	det1=true
[7353]	73	96	-36	-2	-8	-1	det1=true
[7354]	73	96	-37	-2	-8	1	det1=true
[7355]	79	96	-26	-27	-2	-8	det1=true
[7356]	79	96	-34	-27	-2	8	det1=true
[7357]	82	96	-32	-25	-2	-8	det1=true
[7358]	82	96	-40	-25	-2	8	det1=true
[7359]	84	96	-37	-26	-4	-7	det1=true
[7360]	84	96	-44	-26	-4	7	det1=true
[7361]	92	96	-26	-12	-5	-8	det1=true
[7362]	92	96	-34	-12	-5	8	det1=true
[7363]	96	96	-53	-16	-8	-2	det1=true
[7364]	27	93	-13	-6	-5	-1	det1=true
[7365]	27	93	-14	-6	-5	1	det1=true
[7366]	39	93	-16	-9	-6	-1	det1=true
[7367]	39	93	-17	-9	-6	1	det1=true
[7368]	47	93	-2	-1	-1	-7	det1=true
[7369]	47	93	-9	-1	-1	7	det1=true
[7370]	50	93	-6	2	-7	-2	det1=true
[7371]	50	93	-8	2	-7	2	det1=true
[7372]	52	93	-14	0	-7	-2	det1=true
[7373]	57	93	-19	-13	-2	-7	det1=true
[7374]	57	93	-26	-13	-2	7	det1=true
[7375]	58	93	-19	-18	-6	-4	det1=true
[7376]	58	93	-23	-18	-6	4	det1=true
[7377]	60	93	-25	-12	-2	-7	det1=true
[7378]	63	93	-11	-1	-4	-7	det1=true
[7379]	63	93	-18	-1	-4	7	det1=true
[7380]	64	93	-12	-7	-1	-8	det1=true
[7381]	64	93	-20	-7	-1	8	det1=true
[7382]	64	93	-5	0	-8	-2	det1=true
[7383]	64	93	-7	0	-8	2	det1=true
[7384]	66	93	-18	-4	-4	-7	det1=true
[7385]	66	93	-25	-4	-4	7	det1=true
[7386]	73	93	-35	-31	-7	-1	det1=true
[7387]	73	93	-36	-31	-7	1	det1=true
[7388]	73	93	-32	-34	-1	-7	det1=true
[7389]	73	93	-39	-34	-1	7	det1=true
[7390]	74	93	-28	-15	-7	-4	det1=true
[7391]	75	93	-20	1	-5	-7	det1=true
[7392]	75	93	-27	1	-5	7	det1=true
[7393]	76	93	-28	-11	-2	-8	det1=true
[7394]	76	93	-36	-11	-2	8	det1=true
[7395]	77	93	-31	-5	-2	-8	det1=true
[7396]	77	93	-39	-5	-2	8	det1=true
[7397]	81	93	-30	-4	-7	-5	det1=true
[7398]	81	93	-35	-4	-7	5	det1=true
[7399]	87	93	-41	-23	-8	-1	det1=true
[7400]	87	93	-42	-23	-8	1	det1=true
[7401]	87	93	-35	-30	-1	-8	det1=true
[7402]	87	93	-43	-30	-1	8	det1=true
[7403]	91	93	-17	-15	-8	-5	det1=true
[7404]	91	93	-22	-15	-8	5	det1=true
[7405]	93	93	-37	-35	-4	-7	det1=true
[7406]	93	93	-44	-35	-4	7	det1=true
[7407]	57	94	-28	-2	-7	2	det1=true
[7408]	59	94	-9	-8	-6	-5	det1=true
[7409]	59	94	-14	-8	-6	5	det1=true
[7410]	61	94	-10	-2	-7	4	det1=true
[7411]	70	94	-12	-4	-8	-3	det1=true
[7412]	70	94	-15	-4	-8	3	det1=true
[7413]	71	94	-28	-18	-5	-6	det1=true
[7414]	71	94	-34	-18	-5	6	det1=true
[7415]	76	94	-36	-24	-6	5	det1=true
[7416]	79	94	-3	0	-6	-7	det1=true
[7417]	79	94	-10	0	-6	7	det1=true
[7418]	83	94	-21	-8	-6	7	det1=true
[7419]	85	94	-26	-26	-3	-8	det1=true
[7420]	85	94	-34	-26	-3	8	det1=true
[7421]	87	94	-18	-2	-8	-5	det1=true
[7422]	87	94	-23	-2	-8	5	det1=true
[7423]	88	94	-26	-4	-7	-6	det1=true
[7424]	88	94	-32	-4	-7	6	det1=true
[7425]	88	94	-22	-13	-7	-6	det1=true
[7426]	88	94	-28	-13	-7	6	det1=true
[7427]	90	94	-40	-29	-7	-4	det1=true
[7428]	90	94	-44	-29	-7	4	det1=true
[7429]	27	95	-5	-1	-5	-2	det1=true
[7430]	27	95	-7	-1	-5	2	det1=true
[7431]	35	95	-10	1	-6	-1	det1=true
[7432]	35	95	-11	1	-6	1	det1=true
[7433]	60	95	-7	2	-8	-1	det1=true
[7434]	60	95	-8	2	-8	1	det1=true
[7435]	61	95	-22	-11	-7	-3	det1=true
[7436]	61	95	-25	-11	-7	3	det1=true
[7437]	65	95	-28	-13	-7	-3	det1=true
[7438]	65	95	-31	-13	-7	3	det1=true
[7439]	67	95	-4	3	-8	-3	det1=true
[7440]	67	95	-7	3	-8	3	det1=true
[7441]	71	95	-27	-9	-8	2	det1=true
[7442]	75	95	-35	-11	-8	-1	det1=true
[7443]	75	95	-36	-11	-8	1	det1=true
[7444]	77	95	-27	-3	-3	-8	det1=true
[7445]	77	95	-35	-3	-3	8	det1=true
[7446]	79	95	-35	-13	-3	8	det1=true
[7447]	80	95	-30	-9	-3	-8	det1=true
[7448]	80	95	-38	-9	-3	8	det1=true
[7449]	83	95	-37	-29	-5	-6	det1=true
[7450]	83	95	-43	-29	-5	6	det1=true
[7451]	86	95	-39	-10	-8	-3	det1=true
[7452]	86	95	-42	-10	-8	3	det1=true
[7453]	88	95	-30	-28	-3	-8	det1=true
[7454]	88	95	-38	-28	-3	8	det1=true
[7455]	95	95	-11	-2	-1	-10	det1=true
[7456]	95	95	-21	-2	-1	10	det1=true
[7457]	42	96	-8	-1	-3	-6	det1=true
[7458]	54	96	-22	-4	-7	-2	det1=true
[7459]	54	96	-24	-4	-7	2	det1=true
[7460]	58	96	-28	-12	-7	2	det1=true
[7461]	60	96	-35	-12	-2	7	det1=true
[7462]	61	96	-8	-8	-1	-8	det1=true
[7463]	61	96	-16	-8	-1	8	det1=true
[7464]	65	96	-10	-11	-2	-8	det1=true
[7465]	65	96	-18	-11	-2	8	det1=true
[7466]	66	96	-22	-4	-1	-8	det1=true
[7467]	66	96	-30	-4	-1	8	det1=true
[7468]	66	96	-27	-10	-4	7	det1=true
[7469]	66	96	-16	-5	-2	-8	det1=true
[7470]	66	96	-24	-5	-2	8	det1=true
[7471]	70	96	-30	-4	-7	-4	det1=true
[7472]	70	96	-34	-4	-7	4	det1=true
[7473]	70	96	-27	-14	-8	-1	det1=true
[7474]	70	96	-28	-14	-8	1	det1=true
[7475]	70	96	-22	-11	-2	-8	det1=true
[7476]	70	96	-30	-11	-2	8	det1=true
[7477]	76	96	-26	-27	-1	-8	det1=true
[7478]	76	96	-34	-27	-1	8	det1=true
[7479]	84	96	-43	-16	-8	2	det1=true
[7480]	91	96	-40	-33	-7	-4	det1=true
[7481]	91	96	-44	-33	-7	4	det1=true
[7482]	25	93	-7	-1	-5	-1	det1=true
[7483]	25	93	-8	-1	-5	1	det1=true
[7484]	43	93	-19	2	-5	-4	det1=true
[7485]	44	93	-16	-12	-5	-4	det1=true
[7486]	44	93	-20	-12	-5	4	det1=true
[7487]	47	93	-5	2	-7	-1	det1=true
[7488]	52	93	-16	0	-7	2	det1=true
[7489]	65	93	-19	-1	-8	-1	det1=true
[7490]	65	93	-20	-1	-8	1	det1=true
[7491]	65	93	-16	-3	-4	-7	det1=true
[7492]	65	93	-23	-3	-4	7	det1=true
[7493]	67	93	-29	-23	-2	-7	det1=true
[7494]	67	93	-36	-23	-2	7	det1=true
[7495]	71	93	-29	2	-7	-4	det1=true
[7496]	71	93	-33	2	-7	4	det1=true
[7497]	72	93	-29	2	-4	-7	det1=true
[7498]	72	93	-36	2	-4	7	det1=true
[7499]	72	93	-24	-16	-7	-4	det1=true
[7500]	72	93	-28	-16	-7	4	det1=true
[7501]	74	93	-32	-15	-7	4	det1=true
[7502]	74	93	-26	-18	-1	-8	det1=true
[7503]	74	93	-34	-18	-1	8	det1=true
[7504]	76	93	-32	-13	-7	-4	det1=true
[7505]	76	93	-36	-13	-7	4	det1=true
[7506]	78	93	-23	-24	-2	-8	det1=true
[7507]	78	93	-31	-24	-2	8	det1=true
[7508]	79	93	-32	-4	-7	5	det1=true
[7509]	81	93	-22	-19	-5	-7	det1=true
[7510]	82	93	-36	-26	-5	-6	det1=true
[7511]	82	93	-42	-26	-5	6	det1=true
[7512]	85	93	-40	-21	-8	-1	det1=true
[7513]	85	93	-41	-21	-8	1	det1=true
[7514]	92	93	-43	-28	-8	-1	det1=true
[7515]	92	93	-44	-28	-8	1	det1=true
[7516]	93	93	-39	-19	-7	-5	det1=true
[7517]	93	93	-44	-19	-7	5	det1=true
[7518]	40	94	-12	0	-5	-4	det1=true
[7519]	40	94	-16	0	-5	4	det1=true
[7520]	46	94	-22	-15	-6	-2	det1=true
[7521]	57	94	-5	0	-6	-5	det1=true
[7522]	57	94	-10	0	-6	5	det1=true
[7523]	61	94	-18	2	-5	-6	det1=true
[7524]	61	94	-24	2	-5	6	det1=true
[7525]	61	94	-6	-2	-7	-4	det1=true
[7526]	63	94	-17	-8	-4	7	det1=true
[7527]	66	94	-17	-10	-4	-7	det1=true
[7528]	66	94	-24	-10	-4	7	det1=true
[7529]	71	94	-25	-22	-6	-5	det1=true
[7530]	71	94	-30	-22	-6	5	det1=true
[7531]	76	94	-31	-24	-6	-5	det1=true
[7532]	80	94	-30	-4	-3	-8	det1=true
[7533]	83	94	-14	-8	-6	-7	det1=true
[7534]	83	94	-22	-10	-2	9	det1=true
[7535]	84	94	-8	-3	-5	-8	det1=true
[7536]	84	94	-16	-3	-5	8	det1=true
[7537]	91	94	-41	-34	-6	-5	det1=true
[7538]	91	94	-46	-34	-6	5	det1=true
[7539]	92	94	-34	-28	-3	-8	det1=true
[7540]	92	94	-42	-28	-3	8	det1=true
[7541]	92	94	-7	-8	-4	-9	det1=true
[7542]	93	94	-9	-10	-4	-9	det1=true
[7543]	93	94	-18	-10	-4	9	det1=true
[7544]	94	94	-9	0	-8	-6	det1=true
[7545]	94	94	-8	-1	-6	-8	det1=true
[7546]	94	94	-16	-1	-6	8	det1=true
[7547]	50	95	-10	-2	-7	-2	det1=true
[7548]	54	95	-19	-4	-2	-7	det1=true
[7549]	54	95	-26	-4	-2	7	det1=true
[7550]	57	95	-15	-7	-7	-3	det1=true
[7551]	57	95	-18	-7	-7	3	det1=true
[7552]	58	95	-26	-10	-7	-2	det1=true
[7553]	59	95	-13	-5	-5	-6	det1=true
[7554]	59	95	-19	-5	-5	6	det1=true
[7555]	63	95	-13	-1	-2	8	det1=true
[7556]	67	95	-32	-11	-7	-3	det1=true
[7557]	67	95	-35	-11	-7	3	det1=true
[7558]	67	95	-30	-1	-6	-5	det1=true
[7559]	68	95	-27	-4	-8	-1	det1=true
[7560]	68	95	-28	-4	-8	1	det1=true
[7561]	68	95	-20	-16	-8	-1	det1=true
[7562]	70	95	-26	-10	-1	-8	det1=true
[7563]	70	95	-34	-10	-1	8	det1=true
[7564]	71	95	-28	2	-8	-2	det1=true
[7565]	71	95	-30	2	-8	2	det1=true
[7566]	71	95	-21	-15	-8	-2	det1=true
[7567]	75	95	-32	-13	-4	-7	det1=true
[7568]	75	95	-39	-13	-4	7	det1=true
[7569]	75	95	-34	4	-8	-2	det1=true
[7570]	75	95	-36	4	-8	2	det1=true
[7571]	77	95	-20	-16	-5	-7	det1=true
[7572]	77	95	-27	-16	-5	7	det1=true
[7573]	77	95	-6	-9	-1	-9	det1=true
[7574]	77	95	-15	-9	-1	9	det1=true
[7575]	81	95	-29	-15	-3	-8	det1=true
[7576]	81	95	-37	-15	-3	8	det1=true
[7577]	83	95	-31	-27	-8	-2	det1=true
[7578]	83	95	-33	-27	-8	2	det1=true
[7579]	85	95	-38	-35	-7	-3	det1=true
[7580]	85	95	-41	-35	-7	3	det1=true
[7581]	89	95	-34	-23	-7	-5	det1=true
[7582]	89	95	-39	-23	-7	5	det1=true
[7583]	89	95	-33	-24	-5	-7	det1=true
[7584]	89	95	-40	-24	-5	7	det1=true
[7585]	89	95	-29	-4	-7	-6	det1=true
[7586]	89	95	-35	-4	-7	6	det1=true
[7587]	90	95	-38	1	-8	-4	det1=true
[7588]	90	95	-42	1	-8	4	det1=true
[7589]	90	95	-26	0	-8	-5	det1=true
[7590]	90	95	-31	0	-8	5	det1=true
[7591]	93	95	-25	-14	-5	-8	det1=true
[7592]	93	95	-33	-14	-5	8	det1=true
[7593]	58	96	-26	-12	-7	-2	det1=true
[7594]	62	96	-12	-7	-1	-8	det1=true
[7595]	67	96	-24	-4	-4	-7	det1=true
[7596]	69	96	-16	-17	-2	-8	det1=true
[7597]	69	96	-24	-17	-2	8	det1=true
[7598]	71	96	-30	-4	-1	-8	det1=true
[7599]	71	96	-38	-4	-1	8	det1=true
[7600]	75	96	-33	-8	-8	-2	det1=true
[7601]	75	96	-35	-8	-8	2	det1=true
[7602]	76	96	-32	-9	-2	-8	det1=true
[7603]	76	96	-40	-9	-2	8	det1=true
[7604]	78	96	-34	-20	-7	-4	det1=true
[7605]	82	96	-36	-26	-8	-1	det1=true
[7606]	82	96	-37	-26	-8	1	det1=true
[7607]	82	96	-33	-28	-4	-7	det1=true
[7608]	82	96	-40	-28	-4	7	det1=true
[7609]	83	96	-12	-2	-8	-5	det1=true
[7610]	83	96	-17	-2	-8	5	det1=true
[7611]	84	96	-15	-2	-8	-5	det1=true
[7612]	84	96	-20	-2	-8	5	det1=true
[7613]	87	96	-35	-30	-8	-2	det1=true
[7614]	87	96	-37	-30	-8	2	det1=true
[7615]	87	96	-14	-15	-5	-8	det1=true
[7616]	87	96	-22	-15	-5	8	det1=true
[7617]	90	96	-20	-16	-5	-8	det1=true
[7618]	90	96	-28	-16	-5	8	det1=true
[7619]	91	96	-45	-26	-8	2	det1=true
[7620]	16	93	-3	2	-4	-1	det1=true
[7621]	16	93	-4	2	-4	1	det1=true
[7622]	45	93	-20	-9	-4	-5	det1=true
[7623]	45	93	-25	-9	-4	5	det1=true
[7624]	48	93	-20	-18	-4	-5	det1=true
[7625]	48	93	-25	-18	-4	5	det1=true
[7626]	49	93	-4	0	-6	-4	det1=true
[7627]	49	93	-8	0	-6	4	det1=true
[7628]	49	93	-9	-1	-4	6	det1=true
[7629]	51	93	-16	-8	-7	-1	det1=true
[7630]	52	93	-16	-8	-2	7	det1=true
[7631]	55	93	-27	-1	-7	-1	det1=true
[7632]	55	93	-28	-1	-7	1	det1=true
[7633]	64	93	-18	-4	-7	4	det1=true
[7634]	65	93	-29	-25	-1	-7	det1=true
[7635]	65	93	-36	-25	-1	7	det1=true
[7636]	68	93	-14	-9	-2	-8	det1=true
[7637]	68	93	-22	-9	-2	8	det1=true
[7638]	75	93	-33	-7	-7	-4	det1=true
[7639]	75	93	-37	-7	-7	4	det1=true
[7640]	79	93	-27	-4	-7	-5	det1=true
[7641]	80	93	-4	0	-6	-7	det1=true
[7642]	80	93	-11	0	-6	7	det1=true
[7643]	81	93	-29	-9	-3	-8	det1=true
[7644]	81	93	-37	-9	-3	8	det1=true
[7645]	81	93	-29	-5	-5	-7	det1=true
[7646]	81	93	-36	-5	-5	7	det1=true
[7647]	81	93	-29	-19	-5	7	det1=true
[7648]	83	93	-29	-14	-7	-5	det1=true
[7649]	83	93	-34	-14	-7	5	det1=true
[7650]	84	93	-32	-12	-3	-8	det1=true
[7651]	84	93	-40	-12	-3	8	det1=true
[7652]	85	93	-36	2	-7	-5	det1=true
[7653]	85	93	-41	2	-7	5	det1=true
[7654]	85	93	-11	3	-8	-5	det1=true
[7655]	86	93	-12	-2	-5	-8	det1=true
[7656]	86	93	-20	-2	-5	8	det1=true
[7657]	86	93	-13	-2	-8	-5	det1=true
[7658]	86	93	-18	-2	-8	5	det1=true
[7659]	35	94	-4	-5	-1	-6	det1=true
[7660]	35	94	-10	-5	-1	6	det1=true
[7661]	57	94	-26	-2	-7	-2	det1=true
[7662]	58	94	-8	-4	-6	-5	det1=true
[7663]	58	94	-13	-4	-6	5	det1=true
[7664]	63	94	-10	-8	-4	-7	det1=true
[7665]	64	94	-9	0	-8	-2	det1=true
[7666]	64	94	-11	0	-8	2	det1=true
[7667]	64	94	-6	-3	-2	-8	det1=true
[7668]	64	94	-14	-3	-2	8	det1=true
[7669]	67	94	-22	-17	-5	-6	det1=true
[7670]	67	94	-28	-17	-5	6	det1=true
[7671]	69	94	-25	-10	-8	-1	det1=true
[7672]	69	94	-26	-10	-8	1	det1=true
[7673]	70	94	-34	-24	-7	-2	det1=true
[7674]	70	94	-36	-24	-7	2	det1=true
[7675]	70	94	-18	-13	-2	-8	det1=true
[7676]	70	94	-26	-13	-2	8	det1=true
[7677]	72	94	-28	-23	-1	8	det1=true
[7678]	74	94	-28	-24	-5	-6	det1=true
[7679]	80	94	-38	-4	-3	8	det1=true
[7680]	81	94	-34	-24	-8	-1	det1=true
[7681]	81	94	-35	-24	-8	1	det1=true
[7682]	82	94	-28	-27	-2	-8	det1=true
[7683]	82	94	-36	-27	-2	8	det1=true
[7684]	83	94	-13	-10	-2	-9	det1=true
[7685]	85	94	-10	-6	-5	-8	det1=true
[7686]	85	94	-18	-6	-5	8	det1=true
[7687]	87	94	-16	-5	-5	-8	det1=true
[7688]	87	94	-24	-5	-5	8	det1=true
[7689]	88	94	-24	-12	-9	-2	det1=true
[7690]	88	94	-26	-12	-9	2	det1=true
[7691]	89	94	-30	-1	-9	-2	det1=true
[7692]	89	94	-22	-16	-2	-9	det1=true
[7693]	89	94	-31	-16	-2	9	det1=true
[7694]	89	94	-24	-17	-9	2	det1=true
[7695]	90	94	-38	-32	-1	-8	det1=true
[7696]	90	94	-46	-32	-1	8	det1=true
[7697]	92	94	-16	-8	-4	9	det1=true
[7698]	93	94	-42	-32	-8	-1	det1=true
[7699]	93	94	-43	-32	-8	1	det1=true
[7700]	26	95	-11	-10	-4	-3	det1=true
[7701]	26	95	-14	-10	-4	3	det1=true
[7702]	50	95	-12	-2	-7	2	det1=true
[7703]	55	95	-22	-16	-7	-1	det1=true
[7704]	55	95	-23	-16	-7	1	det1=true
[7705]	56	95	-20	-12	-2	-7	det1=true
[7706]	56	95	-27	-12	-2	7	det1=true
[7707]	58	95	-28	-10	-7	2	det1=true
[7708]	63	95	-5	-1	-2	-8	det1=true
[7709]	64	95	-8	-5	-2	-8	det1=true
[7710]	64	95	-16	-5	-2	8	det1=true
[7711]	68	95	-21	-16	-8	1	det1=true
[7712]	71	95	-30	-12	-2	8	det1=true
[7713]	71	95	-23	-15	-8	2	det1=true
[7714]	75	95	-24	-20	-2	-8	det1=true
[7715]	75	95	-32	-20	-2	8	det1=true
[7716]	75	95	-29	2	-7	5	det1=true
[7717]	76	95	-28	0	-8	-3	det1=true
[7718]	76	95	-31	0	-8	3	det1=true
[7719]	77	95	-27	-9	-8	-3	det1=true
[7720]	77	95	-30	-9	-8	3	det1=true
[7721]	79	95	-31	-30	-5	-6	det1=true
[7722]	79	95	-27	-13	-3	-8	det1=true
[7723]	80	95	-36	-9	-2	-8	det1=true
[7724]	80	95	-44	-9	-2	8	det1=true
[7725]	80	95	-28	-25	-2	-8	det1=true
[7726]	80	95	-36	-25	-2	8	det1=true
[7727]	83	95	-34	-8	-7	-5	det1=true
[7728]	83	95	-39	-8	-7	5	det1=true
[7729]	83	95	-33	-9	-5	-7	det1=true
[7730]	83	95	-40	-9	-5	7	det1=true
[7731]	83	95	-17	-7	-7	-6	det1=true
[7732]	83	95	-23	-7	-7	6	det1=true
[7733]	83	95	-15	-4	-5	8	det1=true
[7734]	85	95	-29	-5	-9	-1	det1=true
[7735]	85	95	-30	-5	-9	1	det1=true
[7736]	86	95	-36	-30	-1	-8	det1=true
[7737]	86	95	-44	-30	-1	8	det1=true
[7738]	87	95	-19	-5	-8	-5	det1=true
[7739]	87	95	-24	-5	-8	5	det1=true
[7740]	89	95	-35	-23	-3	-8	det1=true
[7741]	89	95	-43	-23	-3	8	det1=true
[7742]	91	95	-41	-39	-7	-3	det1=true
[7743]	91	95	-26	-24	-1	-9	det1=true
[7744]	91	95	-35	-24	-1	9	det1=true
[7745]	91	95	-26	-17	-6	-7	det1=true
[7746]	91	95	-33	-17	-6	7	det1=true
[7747]	44	96	-16	-16	-4	-5	det1=true
[7748]	44	96	-21	-16	-4	5	det1=true
[7749]	61	96	-12	-1	-7	-4	det1=true
[7750]	61	96	-16	-1	-7	4	det1=true
[7751]	66	96	-20	-10	-4	-7	det1=true
[7752]	67	96	-31	-4	-4	7	det1=true
[7753]	70	96	-28	-7	-1	-8	det1=true
[7754]	70	96	-36	-7	-1	8	det1=true
[7755]	71	96	-29	0	-8	-2	det1=true
[7756]	71	96	-31	0	-8	2	det1=true
[7757]	71	96	-21	-22	-4	-7	det1=true
[7758]	73	96	-40	-8	-1	8	det1=true
[7759]	73	96	-24	-17	-2	-8	det1=true
[7760]	73	96	-32	-17	-2	8	det1=true
[7761]	75	96	-35	2	-8	-2	det1=true
[7762]	78	96	-37	-8	-8	-2	det1=true
[7763]	78	96	-39	-8	-8	2	det1=true
[7764]	79	96	-29	-24	-8	-2	det1=true
[7765]	79	96	-31	-24	-8	2	det1=true
[7766]	80	96	-36	-38	-2	-7	det1=true
[7767]	80	96	-43	-38	-2	7	det1=true
[7768]	80	96	-32	-21	-2	-8	det1=true
[7769]	80	96	-40	-21	-2	8	det1=true
[7770]	82	96	-20	-3	-9	-2	det1=true
[7771]	82	96	-13	-12	-6	-7	det1=true
[7772]	82	96	-20	-12	-6	7	det1=true
[7773]	85	96	-38	-27	-1	-8	det1=true
[7774]	85	96	-46	-27	-1	8	det1=true
[7775]	87	96	-32	-33	-2	-8	det1=true
[7776]	91	96	-43	-26	-8	-2	det1=true
[7777]	91	96	-40	-29	-2	-8	det1=true
[7778]	91	96	-48	-29	-2	8	det1=true
[7779]	96	96	-16	-3	-1	-10	det1=true
[7780]	96	96	-26	-3	-1	10	det1=true
[7781]	47	93	-6	2	-7	1	det1=true
[7782]	47	93	-5	0	-7	1	det1=true
[7783]	49	93	-3	-1	-4	-6	det1=true
[7784]	51	93	-11	3	-7	-2	det1=true
[7785]	51	93	-13	3	-7	2	det1=true
[7786]	52	93	-9	-8	-2	-7	det1=true
[7787]	53	93	-17	1	-7	-2	det1=true
[7788]	53	93	-19	1	-7	2	det1=true
[7789]	59	93	-15	-10	-7	-3	det1=true
[7790]	62	93	-6	-4	-4	-7	det1=true
[7791]	62	93	-13	-4	-4	7	det1=true
[7792]	64	93	-14	-4	-7	-4	det1=true
[7793]	65	93	-30	-1	-7	-3	det1=true
[7794]	65	93	-33	-1	-7	3	det1=true
[7795]	65	93	-26	-23	-2	-7	det1=true
[7796]	65	93	-33	-23	-2	7	det1=true
[7797]	70	93	-29	4	-8	-1	det1=true
[7798]	70	93	-30	4	-8	1	det1=true
[7799]	71	93	-35	-1	-1	8	det1=true
[7800]	71	93	-8	-5	-7	-5	det1=true
[7801]	71	93	-13	-5	-7	5	det1=true
[7802]	72	93	-32	-16	-1	8	det1=true
[7803]	75	93	-21	2	-7	-5	det1=true
[7804]	75	93	-26	2	-7	5	det1=true
[7805]	77	93	-26	-18	-2	-8	det1=true
[7806]	81	93	-28	-10	-7	-5	det1=true
[7807]	81	93	-33	-10	-7	5	det1=true
[7808]	86	93	-18	-10	-7	-6	det1=true
[7809]	86	93	-24	-10	-7	6	det1=true
[7810]	86	93	-14	2	-8	-5	det1=true
[7811]	86	93	-19	2	-8	5	det1=true
[7812]	87	93	-37	-27	-7	-4	det1=true
[7813]	87	93	-41	-27	-7	4	det1=true
[7814]	90	93	-42	-8	-8	-3	det1=true
[7815]	90	93	-45	-8	-8	3	det1=true
[7816]	50	94	-8	-1	-7	-2	det1=true
[7817]	50	94	-10	-1	-7	2	det1=true
[7818]	67	94	-18	-12	-4	-7	det1=true
[7819]	69	94	-22	-12	-4	-7	det1=true
[7820]	69	94	-29	-12	-4	7	det1=true
[7821]	70	94	-21	-10	-8	-2	det1=true
[7822]	70	94	-23	-10	-8	2	det1=true
[7823]	79	94	-34	-18	-1	-8	det1=true
[7824]	79	94	-42	-18	-1	8	det1=true
[7825]	79	94	-2	-2	-2	-9	det1=true
[7826]	79	94	-11	-2	-2	9	det1=true
[7827]	85	94	-39	0	-8	-3	det1=true
[7828]	85	94	-42	0	-8	3	det1=true
[7829]	89	94	-32	-1	-9	2	det1=true
[7830]	89	94	-23	-14	-6	-7	det1=true
[7831]	89	94	-30	-14	-6	7	det1=true
[7832]	89	94	-22	-17	-9	-2	det1=true
[7833]	91	94	-30	-6	-7	-6	det1=true
[7834]	91	94	-29	-20	-6	7	det1=true
[7835]	23	95	-1	-1	-3	-4	det1=true
[7836]	23	95	-5	-1	-3	4	det1=true
[7837]	61	95	-24	-1	-3	-7	det1=true
[7838]	61	95	-31	-1	-3	7	det1=true
[7839]	63	95	-8	2	-8	-2	det1=true
[7840]	63	95	-10	2	-8	2	det1=true
[7841]	65	95	-21	1	-7	-4	det1=true
[7842]	65	95	-25	1	-7	4	det1=true
[7843]	65	95	-19	-2	-1	-8	det1=true
[7844]	65	95	-27	-2	-1	8	det1=true
[7845]	71	95	-22	-12	-2	-8	det1=true
[7846]	77	95	-31	-27	-6	-5	det1=true
[7847]	77	95	-36	-27	-6	5	det1=true
[7848]	79	95	-37	-30	-5	6	det1=true
[7849]	83	95	-7	-4	-5	-8	det1=true
[7850]	84	95	-32	-27	-2	-8	det1=true
[7851]	84	95	-40	-27	-2	8	det1=true
[7852]	86	95	-28	-27	-3	-8	det1=true
[7853]	89	95	-36	-20	-7	-5	det1=true
[7854]	89	95	-41	-20	-7	5	det1=true
[7855]	91	95	-44	-39	-7	3	det1=true
[7856]	91	95	-25	-19	-2	-9	det1=true
[7857]	91	95	-34	-19	-2	9	det1=true
[7858]	93	95	-45	-37	-7	-3	det1=true
[7859]	93	95	-48	-37	-7	3	det1=true
[7860]	59	96	-22	-21	-6	-4	det1=true
[7861]	70	96	-24	-16	-4	-7	det1=true
[7862]	70	96	-31	-16	-4	7	det1=true
[7863]	70	96	-25	-8	-8	-2	det1=true
[7864]	70	96	-27	-8	-8	2	det1=true
[7865]	73	96	-32	-8	-1	-8	det1=true
[7866]	75	96	-37	2	-8	2	det1=true
[7867]	47	93	-4	0	-7	-1	det1=true
[7868]	51	93	-13	-11	-1	-7	det1=true
[7869]	51	93	-20	-11	-1	7	det1=true
[7870]	69	93	-5	0	-3	-8	det1=true
[7871]	69	93	-13	0	-3	8	det1=true
[7872]	71	93	-27	-1	-1	-8	det1=true
[7873]	72	93	-26	-13	-7	-4	det1=true
[7874]	72	93	-30	-13	-7	4	det1=true
[7875]	77	93	-34	-18	-2	8	det1=true
[7876]	78	93	-26	-3	-3	-8	det1=true
[7877]	78	93	-34	-3	-3	8	det1=true
[7878]	81	93	-23	-18	-7	-5	det1=true
[7879]	81	93	-28	-18	-7	5	det1=true
[7880]	83	93	-21	-1	-7	6	det1=true
[7881]	85	93	-35	1	-5	-7	det1=true
[7882]	37	94	-12	-6	-1	-6	det1=true
[7883]	37	94	-18	-6	-1	6	det1=true
[7884]	80	94	-29	-12	-8	-3	det1=true
[7885]	80	94	-32	-12	-8	3	det1=true
[7886]	81	94	-31	-26	-4	-7	det1=true
[7887]	81	94	-38	-26	-4	7	det1=true
[7888]	81	94	-32	-21	-8	-2	det1=true
[7889]	81	94	-34	-21	-8	2	det1=true
[7890]	82	94	-31	-24	-8	-2	det1=true
[7891]	82	94	-33	-24	-8	2	det1=true
[7892]	85	94	-35	-14	-8	-3	det1=true
[7893]	85	94	-38	-14	-8	3	det1=true
[7894]	85	94	-12	-1	-5	-8	det1=true
[7895]	85	94	-20	-1	-5	8	det1=true
[7896]	91	94	-36	-6	-7	6	det1=true
[7897]	39	95	-14	0	-6	-2	det1=true
[7898]	39	95	-16	0	-6	2	det1=true
[7899]	56	95	-2	1	-5	-6	det1=true
[7900]	56	95	-8	1	-5	6	det1=true
[7901]	57	95	-23	-12	-7	-2	det1=true
[7902]	57	95	-25	-12	-7	2	det1=true
[7903]	63	95	-13	-7	-1	-8	det1=true
[7904]	68	95	-24	-6	-4	-7	det1=true
[7905]	68	95	-31	-6	-4	7	det1=true
[7906]	71	95	-33	-1	-2	8	det1=true
[7907]	74	95	-30	-9	-8	-2	det1=true
[7908]	74	95	-32	-9	-8	2	det1=true
[7909]	75	95	-24	2	-7	-5	det1=true
[7910]	76	95	-22	-13	-3	-8	det1=true
[7911]	76	95	-30	-13	-3	8	det1=true
[7912]	80	95	-39	-6	-8	-2	det1=true
[7913]	80	95	-41	-6	-8	2	det1=true
[7914]	81	95	-25	-19	-5	-7	det1=true
[7915]	83	95	-31	-15	-7	-5	det1=true
[7916]	83	95	-36	-15	-7	5	det1=true
[7917]	85	95	-13	-3	-9	-3	det1=true
[7918]	86	95	-36	-27	-3	8	det1=true
[7919]	55	96	-24	-4	-7	-2	det1=true
[7920]	55	96	-26	-4	-7	2	det1=true
[7921]	61	96	-10	-5	-7	-4	det1=true
[7922]	61	96	-14	-5	-7	4	det1=true
[7923]	77	96	-35	-10	-8	-2	det1=true
[7924]	77	96	-37	-10	-8	2	det1=true
[7925]	78	96	-38	-20	-7	4	det1=true
[7926]	78	96	-32	-23	-1	-8	det1=true
[7927]	78	96	-40	-23	-1	8	det1=true
[7928]	87	96	-40	-33	-2	8	det1=true
[7929]	96	96	-7	-6	-2	-10	det1=true
[7930]	96	96	-17	-6	-2	10	det1=true
[7931]	51	93	-17	-8	-7	1	det1=true
[7932]	63	93	-29	-22	-7	-1	det1=true
[7933]	63	93	-30	-22	-7	1	det1=true
[7934]	85	93	-42	-14	-8	2	det1=true
[7935]	67	94	-25	-12	-4	7	det1=true
[7936]	74	94	-28	-16	-4	-7	det1=true
[7937]	74	94	-35	-16	-4	7	det1=true
[7938]	75	94	-12	1	-8	4	det1=true
[7939]	79	94	-6	3	-9	-2	det1=true
[7940]	79	94	-8	3	-9	2	det1=true
[7941]	37	95	-15	-5	-6	-1	det1=true
[7942]	37	95	-16	-5	-6	1	det1=true
[7943]	51	95	-10	-7	-2	-7	det1=true
[7944]	51	95	-17	-7	-2	7	det1=true
[7945]	61	95	-26	1	-7	-3	det1=true
[7946]	61	95	-29	1	-7	3	det1=true
[7947]	65	95	-21	-15	-5	-6	det1=true
[7948]	67	95	-35	-1	-6	5	det1=true
[7949]	77	95	-26	-11	-8	-3	det1=true
[7950]	77	95	-29	-11	-8	3	det1=true
[7951]	80	95	-10	-4	-7	-6	det1=true
[7952]	80	95	-16	-4	-7	6	det1=true
[7953]	81	95	-32	-19	-5	7	det1=true
[7954]	85	95	-36	-37	-3	-7	det1=true
[7955]	85	95	-28	-7	-6	7	det1=true
[7956]	92	95	-5	4	-8	-6	det1=true
[7957]	92	95	-11	4	-8	6	det1=true
[7958]	94	95	-20	-1	-9	-4	det1=true
[7959]	95	95	-35	-21	-9	-1	det1=true
[7960]	95	95	-36	-21	-9	1	det1=true
[7961]	68	96	-18	-11	-2	-8	det1=true
[7962]	68	96	-26	-11	-2	8	det1=true
[7963]	76	96	-28	-24	-7	-4	det1=true
[7964]	76	96	-32	-24	-7	4	det1=true
[7965]	92	96	-12	-10	-4	-9	det1=true
[7966]	92	96	-21	-10	-4	9	det1=true
[7967]	55	93	-24	-4	-1	-7	det1=true
[7968]	55	93	-31	-4	-1	7	det1=true
[7969]	58	93	-19	-16	-2	-7	det1=true
[7970]	58	93	-26	-16	-2	7	det1=true
[7971]	66	93	-21	-2	-8	-1	det1=true
[7972]	66	93	-22	-2	-8	1	det1=true
[7973]	72	93	-24	-16	-1	-8	det1=true
[7974]	73	93	-23	-20	-1	-8	det1=true
[7975]	77	93	-29	-15	-8	-2	det1=true
[7976]	83	93	-15	-1	-7	-6	det1=true
[7977]	87	93	-36	-8	-5	-7	det1=true
[7978]	87	93	-43	-8	-5	7	det1=true
[7979]	70	94	-25	2	-8	-2	det1=true
[7980]	70	94	-27	2	-8	2	det1=true
[7981]	84	94	-36	-25	-7	-4	det1=true
[7982]	84	94	-40	-25	-7	4	det1=true
[7983]	88	94	-28	-3	-9	-2	det1=true
[7984]	88	94	-30	-3	-9	2	det1=true
[7985]	29	95	-13	-4	-5	-2	det1=true
[7986]	29	95	-15	-4	-5	2	det1=true
[7987]	49	95	-5	-1	-7	-2	det1=true
[7988]	49	95	-7	-1	-7	2	det1=true
[7989]	74	95	-25	-16	-2	-8	det1=true
[7990]	74	95	-33	-16	-2	8	det1=true
[7991]	83	95	-6	0	-9	-3	det1=true
[7992]	83	95	-9	0	-9	3	det1=true
[7993]	85	95	-43	-37	-3	7	det1=true
[7994]	28	96	-7	-8	-2	-5	det1=true
[7995]	28	96	-12	-8	-2	5	det1=true
[7996]	52	96	-13	-10	-2	-7	det1=true
[7997]	52	96	-20	-10	-2	7	det1=true
[7998]	65	96	-14	-3	-2	-8	det1=true
[7999]	65	96	-22	-3	-2	8	det1=true
[8000]	76	96	-33	-16	-4	-7	det1=true
[8001]	76	96	-40	-16	-4	7	det1=true
[8002]	81	96	-36	-22	-4	-7	det1=true
[8003]	63	93	-26	-25	-1	-7	det1=true
[8004]	77	93	-34	-33	-2	-7	det1=true
[8005]	77	93	-41	-33	-2	7	det1=true
[8006]	86	93	-20	-9	-9	-2	det1=true
[8007]	86	93	-22	-9	-9	2	det1=true
[8008]	38	94	-14	-8	-1	-6	det1=true
[8009]	38	94	-20	-8	-1	6	det1=true
[8010]	69	94	-26	-8	-8	-1	det1=true
[8011]	69	94	-27	-8	-8	1	det1=true
[8012]	75	94	-8	1	-8	-4	det1=true
[8013]	86	94	-17	-14	-6	-7	det1=true
[8014]	86	94	-24	-14	-6	7	det1=true
[8015]	66	95	-16	-5	-8	-2	det1=true
[8016]	66	95	-18	-5	-8	2	det1=true
[8017]	72	95	-14	-12	-3	-8	det1=true
[8018]	72	95	-22	-12	-3	8	det1=true
[8019]	84	95	-16	-12	-6	-7	det1=true
[8020]	85	95	-21	-7	-6	-7	det1=true
[8021]	36	96	-12	-4	-1	-6	det1=true
[8022]	36	96	-18	-4	-1	6	det1=true
[8023]	53	96	-21	2	-4	-6	det1=true
[8024]	53	96	-27	2	-4	6	det1=true
[8025]	66	96	-24	-1	-7	-4	det1=true
[8026]	66	96	-28	-1	-7	4	det1=true
[8027]	68	96	-21	-8	-8	-2	det1=true
[8028]	68	96	-23	-8	-8	2	det1=true
[8029]	70	96	-27	-2	-8	-2	det1=true
[8030]	70	96	-29	-2	-8	2	det1=true
[8031]	72	96	-20	0	-3	-8	det1=true
[8032]	72	96	-28	0	-3	8	det1=true
[8033]	62	93	-7	-2	-4	-7	det1=true
[8034]	62	93	-14	-2	-4	7	det1=true
[8035]	63	93	-33	-25	-1	7	det1=true
[8036]	76	93	-30	-16	-1	-8	det1=true
[8037]	76	93	-38	-16	-1	8	det1=true
[8038]	73	94	-33	-6	-8	-1	det1=true
[8039]	80	95	-32	-8	-8	-3	det1=true
[8040]	80	95	-35	-8	-8	3	det1=true
[8041]	41	96	-16	-4	-4	-5	det1=true
[8042]	41	96	-21	-4	-4	5	det1=true
[8043]	64	96	-18	-4	-1	-8	det1=true
[8044]	64	96	-26	-4	-1	8	det1=true
[8045]	65	96	-13	-8	-8	-2	det1=true
[8046]	65	96	-15	-8	-8	2	det1=true
[8047]	56	95	-21	-10	-2	-7	det1=true
[8048]	56	95	-28	-10	-2	7	det1=true
[8049]	62	95	-18	-10	-5	-6	det1=true
[8050]	62	95	-24	-10	-5	6	det1=true
[8051]	40	96	-11	-8	-4	-5	det1=true
[8052]	40	96	-16	-8	-4	5	det1=true
[8053]	74	95	-22	-3	-3	-8	det1=true
[8054]	74	95	-30	-3	-3	8	det1=true
[8055]	75	95	-23	1	-5	-7	det1=true
[8056]	75	95	-30	1	-5	7	det1=true
[8057]	36	93	-6	-7	-1	-6	det1=true
[8058]	36	93	-12	-7	-1	6	det1=true
[8059]	72	93	-22	-19	-1	-8	det1=true
[8060]	74	94	-32	-4	-1	-8	det1=true
[8061]	74	94	-40	-4	-1	8	det1=true
[8062]	33	95	-15	1	-5	3	det1=true
[8063]	59	95	-22	-1	-7	-3	det1=true
[8064]	61	95	-19	-15	-7	-3	det1=true
[8065]	61	95	-22	-15	-7	3	det1=true
[8066]	74	95	-22	-8	-8	-3	det1=true
[8067]	74	95	-25	-8	-8	3	det1=true
[8068]	84	95	-15	-14	-2	-9	det1=true
[8069]	84	95	-24	-14	-2	9	det1=true
[8070]	52	93	-15	2	-4	-6	det1=true
[8071]	52	93	-21	2	-4	6	det1=true
[8072]	72	93	-32	4	-8	-1	det1=true
[8073]	72	93	-33	4	-8	1	det1=true
[8074]	84	94	-8	-4	-8	-5	det1=true
[8075]	57	95	-16	0	-3	-7	det1=true
[8076]	57	95	-23	0	-3	7	det1=true
[8077]	59	95	-20	-7	-7	-3	det1=true
[8078]	60	95	-12	-11	-5	-6	det1=true
[8079]	60	95	-18	-11	-5	6	det1=true
[8080]	95	95	-31	-25	-1	-9	det1=true
[8081]	95	95	-40	-25	-1	9	det1=true
[8082]	77	96	-32	-13	-2	-8	det1=true
[8083]	77	96	-40	-13	-2	8	det1=true
[8084]	54	95	-22	2	-7	-2	det1=true
[8085]	54	95	-24	2	-7	2	det1=true
[8086]	86	95	-19	-14	-6	-7	det1=true
[8087]	86	95	-26	-14	-6	7	det1=true
[8088]	87	95	-15	-11	-5	-8	det1=true
[8089]	84	94	-13	-4	-8	5	det1=true
[8090]	51	95	-15	-1	-4	-6	det1=true
[8091]	59	95	-23	-7	-7	3	det1=true
[8092]	87	95	-23	-11	-5	8	det1=true
[8093]	69	96	-19	-14	-8	-2	det1=true
[8094]	69	96	-21	-14	-8	2	det1=true
[8095]	72	93	-32	-4	-8	1	det1=true
[8096]	72	93	-31	-4	-8	-1	det1=true
[8097]	41	96	-12	-11	-5	-4	det1=true
[8098]	41	96	-16	-11	-5	4	det1=true
[8099]	17	93	-7	-5	-4	-1	det1=true
[8100]	17	93	-8	-5	-4	1	det1=true
[8101]	51	95	-22	3	-7	-1	det1=true
[8102]	51	95	-23	3	-7	1	det1=true
[8103]	73	94	-15	-12	-8	-3	det1=true
[8104]	73	94	-18	-12	-8	3	det1=true
[8105]	54	95	-20	-6	-7	-2	det1=true
[8106]	54	95	-22	-6	-7	2	det1=true
[8107]	40	94	-14	1	-2	-6	det1=true
[8108]	40	94	-20	1	-2	6	det1=true
[8109]	20	95	-9	-6	-4	-2	det1=true
[8110]	52	93	-16	3	-6	-4	det1=true
[8111]	52	93	-20	3	-6	4	det1=true
[8112]	49	98	-14	1	-4	-6	det1=true
[8113]	49	98	-20	1	-4	6	det1=true
[8114]	54	97	-22	-7	-7	-2	det1=true
[8115]	54	97	-24	-7	-7	2	det1=true
[8116]	97	97	-23	1	-6	-8	det1=true
[8117]	97	97	-31	1	-6	8	det1=true
[8118]	68	98	-28	0	-1	-8	det1=true
[8119]	68	98	-36	0	-1	8	det1=true
[8120]	88	98	-12	1	-9	-4	det1=true
[8121]	88	98	-16	1	-9	4	det1=true
[8122]	9	99	-3	-1	-1	-3	det1=true
[8123]	9	99	-6	-1	-1	3	det1=true
[8124]	47	99	-22	-11	-6	-3	det1=true
[8125]	47	99	-25	-11	-6	3	det1=true
[8126]	64	99	-19	-2	-8	-2	det1=true
[8127]	64	99	-21	-2	-8	2	det1=true
[8128]	74	99	-30	4	-8	-3	det1=true
[8129]	74	99	-33	4	-8	3	det1=true
[8130]	99	99	-40	-2	-3	-9	det1=true
[8131]	99	99	-49	-2	-3	9	det1=true
[8132]	99	99	-13	-3	-3	-10	det1=true
[8133]	99	99	-23	-3	-3	10	det1=true
[8134]	63	97	-21	1	-8	-1	det1=true
[8135]	63	97	-22	1	-8	1	det1=true
[8136]	70	97	-19	-18	-2	-8	det1=true
[8137]	70	97	-27	-18	-2	8	det1=true
[8138]	71	97	-22	3	-8	-3	det1=true
[8139]	71	97	-25	3	-8	3	det1=true
[8140]	79	97	-29	-14	-3	-8	det1=true
[8141]	79	97	-37	-14	-3	8	det1=true
[8142]	79	97	-23	-23	-3	-8	det1=true
[8143]	79	97	-31	-23	-3	8	det1=true
[8144]	81	97	-5	2	-9	-3	det1=true
[8145]	81	97	-8	2	-9	3	det1=true
[8146]	97	97	-36	-28	-8	-4	det1=true
[8147]	97	97	-40	-28	-8	4	det1=true
[8148]	97	97	-8	-5	-5	-9	det1=true
[8149]	97	97	-17	-5	-5	9	det1=true
[8150]	49	98	-10	-9	-4	-6	det1=true
[8151]	49	98	-16	-9	-4	6	det1=true
[8152]	80	98	-36	-24	-1	-8	det1=true
[8153]	80	98	-44	-24	-1	8	det1=true
[8154]	81	98	-18	-2	-5	8	det1=true
[8155]	60	99	-9	-10	-4	-7	det1=true
[8156]	60	99	-16	-10	-4	7	det1=true
[8157]	62	99	-18	-4	-4	-7	det1=true
[8158]	62	99	-25	-4	-4	7	det1=true
[8159]	81	99	-14	-1	-8	-5	det1=true
[8160]	81	99	-19	-1	-8	5	det1=true
[8161]	97	99	-32	-20	-3	-9	det1=true
[8162]	97	99	-41	-20	-3	9	det1=true
[8163]	99	99	-43	1	-9	-3	det1=true
[8164]	99	99	-46	1	-9	3	det1=true
[8165]	99	99	-22	-6	-2	-10	det1=true
[8166]	99	99	-32	-6	-2	10	det1=true
[8167]	81	100	-10	-11	-5	-8	det1=true
[8168]	81	100	-18	-11	-5	8	det1=true
[8169]	99	100	-44	0	-8	-5	det1=true
[8170]	99	100	-49	0	-8	5	det1=true
[8171]	28	97	-12	-3	-5	-2	det1=true
[8172]	28	97	-14	-3	-5	2	det1=true
[8173]	55	97	-24	-15	-1	-7	det1=true
[8174]	55	97	-31	-15	-1	7	det1=true
[8175]	65	97	-25	-13	-6	-5	det1=true
[8176]	68	97	-28	-4	-7	-4	det1=true
[8177]	68	97	-32	-4	-7	4	det1=true
[8178]	81	97	-30	-16	-7	-5	det1=true
[8179]	81	97	-35	-16	-7	5	det1=true
[8180]	95	97	-1	2	-9	-5	det1=true
[8181]	95	97	-6	2	-9	5	det1=true
[8182]	95	97	1	0	-5	-9	det1=true
[8183]	95	97	-8	0	-5	9	det1=true
[8184]	97	97	-37	0	-5	-8	det1=true
[8185]	97	97	-45	0	-5	8	det1=true
[8186]	97	97	-10	1	-5	-9	det1=true
[8187]	97	97	-19	1	-5	9	det1=true
[8188]	97	97	-11	-1	-9	-5	det1=true
[8189]	23	98	-6	-3	-3	-4	det1=true
[8190]	23	98	-10	-3	-3	4	det1=true
[8191]	52	98	-20	-14	-2	7	det1=true
[8192]	55	98	-26	-24	-6	-3	det1=true
[8193]	55	98	-29	-24	-6	3	det1=true
[8194]	58	98	-16	-3	-5	-6	det1=true
[8195]	58	98	-22	-3	-5	6	det1=true
[8196]	60	98	-15	4	-8	-1	det1=true
[8197]	60	98	-16	4	-8	1	det1=true
[8198]	68	98	-26	-12	-7	-4	det1=true
[8199]	68	98	-30	-12	-7	4	det1=true
[8200]	71	98	-22	-19	-8	-2	det1=true
[8201]	71	98	-24	-19	-8	2	det1=true
[8202]	75	98	-29	-18	-2	-8	det1=true
[8203]	75	98	-37	-18	-2	8	det1=true
[8204]	89	98	-26	-19	-7	-6	det1=true
[8205]	89	98	-32	-19	-7	6	det1=true
[8206]	94	98	-40	-30	-8	-3	det1=true
[8207]	94	98	-43	-30	-8	3	det1=true
[8208]	94	98	-26	1	-9	-4	det1=true
[8209]	94	98	-30	1	-9	4	det1=true
[8210]	98	98	-24	-9	-6	-8	det1=true
[8211]	98	98	-32	-9	-6	8	det1=true
[8212]	26	99	-5	0	-2	-5	det1=true
[8213]	26	99	-10	0	-2	5	det1=true
[8214]	33	99	-3	-4	-1	-6	det1=true
[8215]	33	99	-9	-4	-1	6	det1=true
[8216]	35	99	-9	-10	-1	-6	det1=true
[8217]	35	99	-15	-10	-1	6	det1=true
[8218]	50	99	-22	-19	-3	-6	det1=true
[8219]	50	99	-28	-19	-3	6	det1=true
[8220]	58	99	-8	2	-7	-4	det1=true
[8221]	58	99	-12	2	-7	4	det1=true
[8222]	60	99	-12	-8	-8	-1	det1=true
[8223]	60	99	-13	-8	-8	1	det1=true
[8224]	60	99	-7	2	-8	2	det1=true
[8225]	61	99	-15	-7	-7	-4	det1=true
[8226]	61	99	-19	-7	-7	4	det1=true
[8227]	63	99	-23	-9	-7	4	det1=true
[8228]	71	99	-21	-4	-7	-5	det1=true
[8229]	71	99	-26	-4	-7	5	det1=true
[8230]	75	99	-20	4	-8	-4	det1=true
[8231]	75	99	-24	4	-8	4	det1=true
[8232]	79	99	-32	-24	-2	-8	det1=true
[8233]	79	99	-40	-24	-2	8	det1=true
[8234]	83	99	-37	-10	-5	-7	det1=true
[8235]	83	99	-44	-10	-5	7	det1=true
[8236]	85	99	-30	-10	-1	-9	det1=true
[8237]	85	99	-39	-10	-1	9	det1=true
[8238]	92	99	-8	3	-10	-2	det1=true
[8239]	92	99	-10	3	-10	2	det1=true
[8240]	93	99	-25	-23	-8	-5	det1=true
[8241]	93	99	-30	-23	-8	5	det1=true
[8242]	39	100	-15	-4	-4	-5	det1=true
[8243]	39	100	-20	-4	-4	5	det1=true
[8244]	46	100	0	3	-7	-2	det1=true
[8245]	46	100	-2	3	-7	2	det1=true
[8246]	60	100	-9	4	-8	-2	det1=true
[8247]	60	100	-11	4	-8	2	det1=true
[8248]	64	100	-4	0	-3	-8	det1=true
[8249]	64	100	-12	0	-3	8	det1=true
[8250]	84	100	-36	-29	-2	-8	det1=true
[8251]	84	100	-44	-29	-2	8	det1=true
[8252]	88	100	-38	-36	-7	-4	det1=true
[8253]	88	100	-42	-36	-7	4	det1=true
[8254]	92	100	-26	4	-9	-4	det1=true
[8255]	92	100	-30	4	-9	4	det1=true
[8256]	96	100	-28	0	-10	-1	det1=true
[8257]	96	100	-29	0	-10	1	det1=true
[8258]	100	100	-72	-5	-7	-2	det1=true
[8259]	100	100	-74	-5	-7	2	det1=true
[8260]	16	97	-6	-3	-1	-4	det1=true
[8261]	16	97	-10	-3	-1	4	det1=true
[8262]	27	97	-9	1	-5	-2	det1=true
[8263]	27	97	-11	1	-5	2	det1=true
[8264]	31	97	-5	1	-3	-5	det1=true
[8265]	31	97	-10	1	-3	5	det1=true
[8266]	37	97	-3	1	-4	-5	det1=true
[8267]	37	97	-8	1	-4	5	det1=true
[8268]	45	97	-1	-2	-1	-7	det1=true
[8269]	45	97	-8	-2	-1	7	det1=true
[8270]	46	97	-20	-18	-5	-4	det1=true
[8271]	46	97	-24	-18	-5	4	det1=true
[8272]	48	97	-20	-14	-6	-3	det1=true
[8273]	48	97	-23	-14	-6	3	det1=true
[8274]	49	97	-12	-2	-4	-6	det1=true
[8275]	49	97	-18	-2	-4	6	det1=true
[8276]	50	97	-15	-4	-6	-4	det1=true
[8277]	59	97	-11	2	-7	4	det1=true
[8278]	67	97	-5	0	-5	-7	det1=true
[8279]	68	97	-28	-16	-5	-6	det1=true
[8280]	68	97	-34	-16	-5	6	det1=true
[8281]	68	97	-12	-1	-3	-8	det1=true
[8282]	70	97	-28	-3	-8	-2	det1=true
[8283]	70	97	-30	-3	-8	2	det1=true
[8284]	73	97	-30	-4	-2	-8	det1=true
[8285]	73	97	-38	-4	-2	8	det1=true
[8286]	76	97	-33	-18	-4	-7	det1=true
[8287]	76	97	-40	-18	-4	7	det1=true
[8288]	77	97	-28	-5	-5	-7	det1=true
[8289]	77	97	-35	-5	-5	7	det1=true
[8290]	78	97	-31	-20	-2	-8	det1=true
[8291]	78	97	-39	-20	-2	8	det1=true
[8292]	79	97	-27	-6	-1	9	det1=true
[8293]	85	97	-35	-16	-5	-7	det1=true
[8294]	88	97	-28	-10	-6	-7	det1=true
[8295]	88	97	-35	-10	-6	7	det1=true
[8296]	89	97	-41	-29	-3	8	det1=true
[8297]	90	97	-31	-10	-8	5	det1=true
[8298]	91	97	-35	-8	-9	-2	det1=true
[8299]	91	97	-37	-8	-9	2	det1=true
[8300]	93	97	-29	-12	-5	-8	det1=true
[8301]	93	97	-37	-12	-5	8	det1=true
[8302]	93	97	-28	-14	-9	-3	det1=true
[8303]	96	97	-32	-16	-8	-5	det1=true
[8304]	96	97	-37	-16	-8	5	det1=true
[8305]	97	97	-34	-30	-4	-8	det1=true
[8306]	97	97	-42	-30	-4	8	det1=true
[8307]	26	98	-3	0	-2	-5	det1=true
[8308]	26	98	-8	0	-2	5	det1=true
[8309]	47	98	1	0	-2	-7	det1=true
[8310]	47	98	-6	0	-2	7	det1=true
[8311]	52	98	-13	-14	-2	-7	det1=true
[8312]	60	98	-12	2	-4	-7	det1=true
[8313]	60	98	-19	2	-4	7	det1=true
[8314]	62	98	-15	-10	-8	-1	det1=true
[8315]	64	98	-28	-4	-6	-5	det1=true
[8316]	64	98	-33	-4	-6	5	det1=true
[8317]	71	98	-33	-10	-8	-1	det1=true
[8318]	71	98	-34	-10	-8	1	det1=true
[8319]	71	98	-30	-12	-4	-7	det1=true
[8320]	71	98	-37	-12	-4	7	det1=true
[8321]	77	98	-30	-26	-4	-7	det1=true
[8322]	77	98	-37	-26	-4	7	det1=true
[8323]	79	98	-14	-4	-2	-9	det1=true
[8324]	79	98	-23	-4	-2	9	det1=true
[8325]	81	98	-10	-2	-5	-8	det1=true
[8326]	83	98	-12	-10	-5	-8	det1=true
[8327]	83	98	-20	-10	-5	8	det1=true
[8328]	85	98	-34	-22	-3	-8	det1=true
[8329]	85	98	-42	-22	-3	8	det1=true
[8330]	86	98	-30	-3	-5	8	det1=true
[8331]	87	98	-24	-2	-5	-8	det1=true
[8332]	87	98	-32	-2	-5	8	det1=true
[8333]	92	98	-34	-13	-7	-6	det1=true
[8334]	92	98	-40	-13	-7	6	det1=true
[8335]	93	98	-29	-16	-8	-5	det1=true
[8336]	93	98	-34	-16	-8	5	det1=true
[8337]	94	98	-43	-40	-6	-5	det1=true
[8338]	94	98	-48	-40	-6	5	det1=true
[8339]	94	98	-40	-8	-9	-2	det1=true
[8340]	94	98	-42	-8	-9	2	det1=true
[8341]	95	98	-21	0	-6	-8	det1=true
[8342]	95	98	-29	0	-6	8	det1=true
[8343]	49	99	-22	1	-7	-1	det1=true
[8344]	49	99	-23	1	-7	1	det1=true
[8345]	50	99	-10	-12	-2	-7	det1=true
[8346]	55	99	-22	-13	-2	-7	det1=true
[8347]	55	99	-21	-22	-1	-7	det1=true
[8348]	55	99	-28	-22	-1	7	det1=true
[8349]	63	99	-19	-9	-7	-4	det1=true
[8350]	68	99	-33	-2	-8	1	det1=true
[8351]	70	99	-14	-15	-3	-8	det1=true
[8352]	70	99	-22	-15	-3	8	det1=true
[8353]	71	99	-20	-5	-5	-7	det1=true
[8354]	71	99	-27	-5	-5	7	det1=true
[8355]	72	99	-25	-24	-4	-7	det1=true
[8356]	75	99	-18	2	-4	-8	det1=true
[8357]	75	99	-26	2	-4	8	det1=true
[8358]	77	99	-28	-12	-5	-7	det1=true
[8359]	77	99	-35	-12	-5	7	det1=true
[8360]	77	99	-27	-14	-5	-7	det1=true
[8361]	77	99	-34	-14	-5	7	det1=true
[8362]	82	99	-17	0	-8	-5	det1=true
[8363]	82	99	-22	0	-8	5	det1=true
[8364]	85	99	-38	-14	-5	-7	det1=true
[8365]	85	99	-45	-14	-5	7	det1=true
[8366]	87	99	-36	-22	-1	9	det1=true
[8367]	89	99	-28	-7	-9	-3	det1=true
[8368]	89	99	-31	-7	-9	3	det1=true
[8369]	90	99	-11	0	-6	-8	det1=true
[8370]	90	99	-19	0	-6	8	det1=true
[8371]	94	99	-14	-13	-1	-10	det1=true
[8372]	94	99	-24	-13	-1	10	det1=true
[8373]	95	99	-40	-21	-9	-1	det1=true
[8374]	96	99	-38	-36	-3	-8	det1=true
[8375]	96	99	-46	-36	-3	8	det1=true
[8376]	96	99	-32	-3	-1	10	det1=true
[8377]	97	99	-35	-17	-9	-3	det1=true
[8378]	97	99	-38	-17	-9	3	det1=true
[8379]	99	99	-26	-2	-10	-2	det1=true
[8380]	99	99	-28	-2	-10	2	det1=true
[8381]	37	100	-14	1	-6	-2	det1=true
[8382]	37	100	-16	1	-6	2	det1=true
[8383]	40	100	-18	-4	-5	-4	det1=true
[8384]	40	100	-22	-4	-5	4	det1=true
[8385]	49	100	-16	0	-7	-2	det1=true
[8386]	49	100	-18	0	-7	2	det1=true
[8387]	57	100	-12	-11	-5	-6	det1=true
[8388]	57	100	-18	-11	-5	6	det1=true
[8389]	61	100	-10	-1	-2	-8	det1=true
[8390]	61	100	-18	-1	-2	8	det1=true
[8391]	76	100	-12	3	-7	-6	det1=true
[8392]	76	100	-18	3	-7	6	det1=true
[8393]	77	100	-30	-13	-3	-8	det1=true
[8394]	77	100	-38	-13	-3	8	det1=true
[8395]	77	100	-36	-17	-3	8	det1=true
[8396]	88	100	-38	-25	-3	-8	det1=true
[8397]	88	100	-46	-25	-3	8	det1=true
[8398]	89	100	-16	-6	-4	-9	det1=true
[8399]	89	100	-25	-6	-4	9	det1=true
[8400]	94	100	-14	-3	-2	-10	det1=true
[8401]	94	100	-24	-3	-2	10	det1=true
[8402]	100	100	-49	-36	-8	-2	det1=true
[8403]	100	100	-51	-36	-8	2	det1=true
[8404]	49	97	-18	-5	-7	-1	det1=true
[8405]	49	97	-19	-5	-7	1	det1=true
[8406]	49	97	-15	-8	-1	-7	det1=true
[8407]	49	97	-22	-8	-1	7	det1=true
[8408]	55	97	-27	-12	-7	-1	det1=true
[8409]	55	97	-28	-12	-7	1	det1=true
[8410]	57	97	-21	-19	-4	-6	det1=true
[8411]	57	97	-27	-19	-4	6	det1=true
[8412]	59	97	-17	-3	-5	-6	det1=true
[8413]	59	97	-23	-3	-5	6	det1=true
[8414]	63	97	-15	-10	-7	-4	det1=true
[8415]	63	97	-19	-10	-7	4	det1=true
[8416]	65	97	-27	-17	-3	-7	det1=true
[8417]	66	97	-24	-17	-5	-6	det1=true
[8418]	66	97	-30	-17	-5	6	det1=true
[8419]	67	97	-27	-15	-5	-6	det1=true
[8420]	67	97	-33	-15	-5	6	det1=true
[8421]	67	97	-11	1	-8	-3	det1=true
[8422]	67	97	-14	1	-8	3	det1=true
[8423]	67	97	-12	0	-5	7	det1=true
[8424]	68	97	-32	-10	-4	7	det1=true
[8425]	68	97	-20	-1	-3	8	det1=true
[8426]	69	97	-10	-7	-5	-7	det1=true
[8427]	69	97	-17	-7	-5	7	det1=true
[8428]	70	97	-22	-15	-8	-2	det1=true
[8429]	70	97	-24	-15	-8	2	det1=true
[8430]	72	97	-24	4	-8	-3	det1=true
[8431]	72	97	-27	4	-8	3	det1=true
[8432]	73	97	-17	-13	-5	-7	det1=true
[8433]	73	97	-24	-13	-5	7	det1=true
[8434]	76	97	-20	-20	-3	-8	det1=true
[8435]	79	97	-18	-6	-1	-9	det1=true
[8436]	81	97	-33	-28	-7	-4	det1=true
[8437]	81	97	-37	-28	-7	4	det1=true
[8438]	81	97	-26	-2	-4	-8	det1=true
[8439]	81	97	-34	-2	-4	8	det1=true
[8440]	82	97	-40	-26	-7	4	det1=true
[8441]	85	97	-36	-15	-7	-5	det1=true
[8442]	85	97	-42	-16	-5	7	det1=true
[8443]	89	97	-31	-11	-5	8	det1=true
[8444]	91	97	-40	-4	-9	-1	det1=true
[8445]	91	97	-41	-4	-9	1	det1=true
[8446]	91	97	-35	-3	-8	5	det1=true
[8447]	92	97	-31	-16	-2	-9	det1=true
[8448]	92	97	-40	-16	-2	9	det1=true
[8449]	93	97	-31	-14	-9	3	det1=true
[8450]	94	97	-30	-13	-5	-8	det1=true
[8451]	94	97	-38	-13	-5	8	det1=true
[8452]	94	97	-17	2	-6	-8	det1=true
[8453]	95	97	-39	-11	-9	-2	det1=true
[8454]	95	97	-41	-11	-9	2	det1=true
[8455]	97	97	-18	0	-10	-2	det1=true
[8456]	97	97	-20	0	-10	2	det1=true
[8457]	97	97	-9	-3	-5	-9	det1=true
[8458]	97	97	-18	-3	-5	9	det1=true
[8459]	50	98	-16	0	-7	-2	det1=true
[8460]	50	98	-18	0	-7	2	det1=true
[8461]	55	98	-6	-2	-6	-5	det1=true
[8462]	55	98	-11	-2	-6	5	det1=true
[8463]	56	98	-21	-18	-4	-6	det1=true
[8464]	56	98	-27	-18	-4	6	det1=true
[8465]	62	98	-20	0	-8	-1	det1=true
[8466]	62	98	-21	0	-8	1	det1=true
[8467]	66	98	-25	-2	-4	-7	det1=true
[8468]	66	98	-32	-2	-4	7	det1=true
[8469]	69	98	-30	-17	-5	-6	det1=true
[8470]	69	98	-36	-17	-5	6	det1=true
[8471]	70	98	-26	-5	-3	8	det1=true
[8472]	70	98	-20	-4	-8	-3	det1=true
[8473]	70	98	-23	-4	-8	3	det1=true
[8474]	76	98	-5	2	-6	-7	det1=true
[8475]	76	98	-12	2	-6	7	det1=true
[8476]	76	98	-4	0	-2	-9	det1=true
[8477]	76	98	-13	0	-2	9	det1=true
[8478]	77	98	-30	-6	-3	-8	det1=true
[8479]	77	98	-38	-6	-3	8	det1=true
[8480]	79	98	-18	2	-9	-2	det1=true
[8481]	79	98	-20	2	-9	2	det1=true
[8482]	86	98	-24	2	-8	-5	det1=true
[8483]	89	98	-30	-12	-6	-7	det1=true
[8484]	89	98	-37	-12	-6	7	det1=true
[8485]	91	98	-38	-28	-8	-3	det1=true
[8486]	91	98	-41	-28	-8	3	det1=true
[8487]	92	98	-42	-35	-1	-8	det1=true
[8488]	92	98	-50	-35	-1	8	det1=true
[8489]	92	98	-36	-12	-9	-2	det1=true
[8490]	92	98	-38	-12	-9	2	det1=true
[8491]	92	98	-10	-9	-6	-8	det1=true
[8492]	92	98	-18	-9	-6	8	det1=true
[8493]	97	98	-42	-31	-3	-8	det1=true
[8494]	97	98	-50	-31	-3	8	det1=true
[8495]	98	98	-23	-12	-10	-1	det1=true
[8496]	98	98	-24	-12	-10	1	det1=true
[8497]	27	99	-11	-1	-5	-2	det1=true
[8498]	55	99	-29	-13	-2	7	det1=true
[8499]	57	99	-1	3	-8	-1	det1=true
[8500]	57	99	-2	3	-8	1	det1=true
[8501]	60	99	-5	2	-8	-2	det1=true
[8502]	67	99	-20	-19	-4	-7	det1=true
[8503]	67	99	-27	-19	-4	7	det1=true
[8504]	68	99	-32	-2	-8	-1	det1=true
[8505]	72	99	-32	-24	-4	7	det1=true
[8506]	75	99	-29	0	-3	-8	det1=true
[8507]	75	99	-37	0	-3	8	det1=true
[8508]	76	99	-33	4	-8	-3	det1=true
[8509]	76	99	-36	4	-8	3	det1=true
[8510]	77	99	-28	-20	-7	5	det1=true
[8511]	78	99	-37	-22	-8	-1	det1=true
[8512]	79	99	-35	-21	-8	-2	det1=true
[8513]	79	99	-37	-21	-8	2	det1=true
[8514]	79	99	-21	-7	-1	-9	det1=true
[8515]	79	99	-30	-7	-1	9	det1=true
[8516]	79	99	-2	4	-9	-3	det1=true
[8517]	79	99	-5	4	-9	3	det1=true
[8518]	80	99	-34	-23	-2	-8	det1=true
[8519]	80	99	-42	-23	-2	8	det1=true
[8520]	85	99	-34	-6	-9	-1	det1=true
[8521]	85	99	-35	-6	-9	1	det1=true
[8522]	87	99	-31	-18	-9	-1	det1=true
[8523]	87	99	-32	-18	-9	1	det1=true
[8524]	89	99	-41	-3	-9	1	det1=true
[8525]	89	99	-30	-22	-1	-9	det1=true
[8526]	89	99	-39	-22	-1	9	det1=true
[8527]	89	99	-1	-3	-1	-10	det1=true
[8528]	89	99	-11	-3	-1	10	det1=true
[8529]	91	99	-14	-1	-10	-1	det1=true
[8530]	91	99	-15	-1	-10	1	det1=true
[8531]	94	99	-33	-14	-8	-5	det1=true
[8532]	94	99	-38	-14	-8	5	det1=true
[8533]	96	99	-22	-3	-1	-10	det1=true
[8534]	26	100	-8	1	-5	-2	det1=true
[8535]	26	100	-10	1	-5	2	det1=true
[8536]	52	100	-22	-5	-7	-2	det1=true
[8537]	53	100	-5	2	-6	5	det1=true
[8538]	68	100	-20	2	-8	-3	det1=true
[8539]	71	100	-25	-4	-8	-3	det1=true
[8540]	71	100	-28	-4	-8	3	det1=true
[8541]	72	100	-29	-16	-8	-2	det1=true
[8542]	76	100	-12	-3	-9	-2	det1=true
[8543]	76	100	-14	-3	-9	2	det1=true
[8544]	78	100	-32	-28	-4	-7	det1=true
[8545]	78	100	-39	-28	-4	7	det1=true
[8546]	82	100	-20	-14	-2	-9	det1=true
[8547]	82	100	-29	-14	-2	9	det1=true
[8548]	84	100	-22	1	-5	-8	det1=true
[8549]	84	100	-30	1	-5	8	det1=true
[8550]	86	100	-28	-12	-2	-9	det1=true
[8551]	86	100	-37	-12	-2	9	det1=true
[8552]	94	100	-17	-14	-8	-6	det1=true
[8553]	94	100	-23	-14	-8	6	det1=true
[8554]	94	100	-16	-15	-6	-8	det1=true
[8555]	94	100	-24	-15	-6	8	det1=true
[8556]	94	100	-18	1	-10	-2	det1=true
[8557]	98	100	-52	-12	-2	9	det1=true
[8558]	99	100	-32	-4	-10	-1	det1=true
[8559]	99	100	-33	-4	-10	1	det1=true
[8560]	100	100	-42	-21	-7	-6	det1=true
[8561]	100	100	-48	-21	-7	6	det1=true
[8562]	100	100	-8	-4	-8	-7	det1=true
[8563]	100	100	-15	-4	-8	7	det1=true
[8564]	23	97	-5	-2	-3	-4	det1=true
[8565]	23	97	-9	-2	-3	4	det1=true
[8566]	39	97	-11	-5	-5	-4	det1=true
[8567]	39	97	-15	-5	-5	4	det1=true
[8568]	47	97	-10	-7	-7	-1	det1=true
[8569]	47	97	-11	-7	-7	1	det1=true
[8570]	50	97	-19	-4	-6	4	det1=true
[8571]	57	97	-22	-18	-6	-4	det1=true
[8572]	57	97	-26	-18	-6	4	det1=true
[8573]	59	97	-7	2	-7	-4	det1=true
[8574]	59	97	-13	-1	-1	8	det1=true
[8575]	61	97	-27	-5	-7	-3	det1=true
[8576]	61	97	-30	-5	-7	3	det1=true
[8577]	61	97	-25	-10	-7	-3	det1=true
[8578]	61	97	-28	-10	-7	3	det1=true
[8579]	65	97	-30	-13	-6	5	det1=true
[8580]	70	97	-30	-18	-6	-5	det1=true
[8581]	70	97	-35	-18	-6	5	det1=true
[8582]	70	97	-19	-2	-8	-3	det1=true
[8583]	70	97	-22	-2	-8	3	det1=true
[8584]	73	97	-31	-28	-7	-3	det1=true
[8585]	73	97	-34	-28	-7	3	det1=true
[8586]	73	97	-29	-30	-3	-7	det1=true
[8587]	73	97	-36	-30	-3	7	det1=true
[8588]	75	97	-25	-4	-5	-7	det1=true
[8589]	75	97	-32	-4	-5	7	det1=true
[8590]	79	97	-23	-2	-9	1	det1=true
[8591]	79	97	-12	-3	-2	-9	det1=true
[8592]	79	97	-21	-3	-2	9	det1=true
[8593]	84	97	-38	-21	-2	-8	det1=true
[8594]	84	97	-46	-21	-2	8	det1=true
[8595]	87	97	-23	-1	-9	-3	det1=true
[8596]	87	97	-26	-1	-9	3	det1=true
[8597]	88	97	-30	-5	-7	-6	det1=true
[8598]	88	97	-36	-5	-7	6	det1=true
[8599]	89	97	-28	-21	-1	-9	det1=true
[8600]	91	97	-40	-21	-7	-5	det1=true
[8601]	91	97	-45	-21	-7	5	det1=true
[8602]	91	97	-30	-3	-8	-5	det1=true
[8603]	93	97	-25	-17	-3	-9	det1=true
[8604]	93	97	-34	-17	-3	9	det1=true
[8605]	97	97	-43	-39	-1	-8	det1=true
[8606]	97	97	-51	-39	-1	8	det1=true
[8607]	97	97	-16	-1	-9	5	det1=true
[8608]	26	98	-4	0	-5	-2	det1=true
[8609]	26	98	-6	0	-5	2	det1=true
[8610]	50	98	-16	-5	-6	-4	det1=true
[8611]	50	98	-20	-5	-6	4	det1=true
[8612]	51	98	-16	-7	-7	-2	det1=true
[8613]	51	98	-18	-7	-7	2	det1=true
[8614]	62	98	-24	-6	-6	-5	det1=true
[8615]	62	98	-29	-6	-6	5	det1=true
[8616]	62	98	-16	-10	-8	1	det1=true
[8617]	65	98	-34	-28	-2	7	det1=true
[8618]	65	98	-2	1	-3	-8	det1=true
[8619]	65	98	-10	1	-3	8	det1=true
[8620]	70	98	-32	-16	-5	-6	det1=true
[8621]	70	98	-38	-16	-5	6	det1=true
[8622]	70	98	-18	-5	-3	-8	det1=true
[8623]	74	98	-30	-13	-2	-8	det1=true
[8624]	74	98	-38	-13	-2	8	det1=true
[8625]	80	98	-11	-14	-2	-9	det1=true
[8626]	80	98	-20	-14	-2	9	det1=true
[8627]	91	98	-13	-12	-4	-9	det1=true
[8628]	91	98	-22	-12	-4	9	det1=true
[8629]	92	98	-36	-6	-6	-7	det1=true
[8630]	92	98	-43	-6	-6	7	det1=true
[8631]	92	98	-11	-8	-8	-6	det1=true
[8632]	92	98	-17	-8	-8	6	det1=true
[8633]	94	98	-20	-12	-4	-9	det1=true
[8634]	94	98	-29	-12	-4	9	det1=true
[8635]	95	98	-34	-20	-6	-7	det1=true
[8636]	95	98	-41	-20	-6	7	det1=true
[8637]	19	99	-7	-7	-2	-4	det1=true
[8638]	27	99	-9	-5	-5	-2	det1=true
[8639]	27	99	-11	-5	-5	2	det1=true
[8640]	45	99	-10	1	-7	-1	det1=true
[8641]	45	99	-11	1	-7	1	det1=true
[8642]	47	99	-10	-11	-1	-7	det1=true
[8643]	64	99	-16	-5	-2	-8	det1=true
[8644]	64	99	-24	-5	-2	8	det1=true
[8645]	66	99	-21	-2	-2	-8	det1=true
[8646]	66	99	-29	-2	-2	8	det1=true
[8647]	67	99	-26	2	-8	-2	det1=true
[8648]	67	99	-28	2	-8	2	det1=true
[8649]	68	99	-23	-12	-8	-2	det1=true
[8650]	68	99	-25	-12	-8	2	det1=true
[8651]	69	99	-16	-3	-5	-7	det1=true
[8652]	69	99	-15	-11	-8	-3	det1=true
[8653]	69	99	-18	-11	-8	3	det1=true
[8654]	70	99	-24	-22	-1	-8	det1=true
[8655]	70	99	-32	-22	-1	8	det1=true
[8656]	75	99	-26	-24	-2	-8	det1=true
[8657]	77	99	-23	-20	-7	-5	det1=true
[8658]	79	99	-25	-3	-9	-1	det1=true
[8659]	79	99	-26	-3	-9	1	det1=true
[8660]	84	99	-36	-20	-8	-3	det1=true
[8661]	89	99	-40	-3	-9	-1	det1=true
[8662]	91	99	-23	-20	-9	-3	det1=true
[8663]	91	99	-26	-20	-9	3	det1=true
[8664]	92	99	-38	-37	-2	-8	det1=true
[8665]	92	99	-46	-37	-2	8	det1=true
[8666]	95	99	-23	3	-6	-8	det1=true
[8667]	95	99	-31	3	-6	8	det1=true
[8668]	96	99	-44	-39	-1	-8	det1=true
[8669]	96	99	-52	-39	-1	8	det1=true
[8670]	98	99	-30	2	-10	-1	det1=true
[8671]	98	99	-31	2	-10	1	det1=true
[8672]	19	100	-12	-7	-2	4	det1=true
[8673]	43	100	-18	-16	-5	-4	det1=true
[8674]	43	100	-22	-16	-5	4	det1=true
[8675]	56	100	-15	2	-6	-5	det1=true
[8676]	56	100	-20	2	-6	5	det1=true
[8677]	72	100	-31	-16	-8	2	det1=true
[8678]	73	100	-32	-18	-4	-7	det1=true
[8679]	73	100	-39	-18	-4	7	det1=true
[8680]	77	100	-28	-17	-3	-8	det1=true
[8681]	80	100	-21	-2	-6	-7	det1=true
[8682]	81	100	-36	-28	-4	-7	det1=true
[8683]	81	100	-43	-28	-4	7	det1=true
[8684]	86	100	-34	4	-9	-2	det1=true
[8685]	86	100	-36	4	-9	2	det1=true
[8686]	86	100	-24	-20	-9	-2	det1=true
[8687]	91	100	-24	-22	-8	-5	det1=true
[8688]	91	100	-29	-22	-8	5	det1=true
[8689]	92	100	-32	-11	-5	-8	det1=true
[8690]	92	100	-40	-11	-5	8	det1=true
[8691]	25	97	-10	-3	-1	-5	det1=true
[8692]	25	97	-15	-3	-1	5	det1=true
[8693]	41	97	-7	3	-6	-3	det1=true
[8694]	41	97	-10	3	-6	3	det1=true
[8695]	61	97	-24	-24	-4	-6	det1=true
[8696]	61	97	-30	-24	-4	6	det1=true
[8697]	63	97	-17	-5	-1	-8	det1=true
[8698]	63	97	-25	-5	-1	8	det1=true
[8699]	65	97	-29	-15	-7	-3	det1=true
[8700]	65	97	-32	-15	-7	3	det1=true
[8701]	68	97	-25	-10	-4	-7	det1=true
[8702]	68	97	-20	-19	-1	-8	det1=true
[8703]	68	97	-28	-19	-1	8	det1=true
[8704]	69	97	-24	-2	-2	-8	det1=true
[8705]	69	97	-32	-2	-2	8	det1=true
[8706]	73	97	-18	-12	-7	-5	det1=true
[8707]	73	97	-23	-12	-7	5	det1=true
[8708]	76	97	-32	-22	-8	-1	det1=true
[8709]	76	97	-33	-22	-8	1	det1=true
[8710]	76	97	-28	-20	-3	8	det1=true
[8711]	77	97	-5	-2	-7	-6	det1=true
[8712]	79	97	-22	-2	-9	-1	det1=true
[8713]	83	97	-23	3	-7	-6	det1=true
[8714]	83	97	-29	3	-7	6	det1=true
[8715]	86	97	-28	1	-7	-6	det1=true
[8716]	86	97	-34	1	-7	6	det1=true
[8717]	89	97	-37	-21	-1	9	det1=true
[8718]	90	97	-26	-10	-8	-5	det1=true
[8719]	94	97	-42	-33	-8	-2	det1=true
[8720]	94	97	-25	2	-6	8	det1=true
[8721]	95	97	-26	-21	-9	-3	det1=true
[8722]	95	97	-29	-21	-9	3	det1=true
[8723]	95	97	-23	-24	-3	-9	det1=true
[8724]	95	97	-32	-24	-3	9	det1=true
[8725]	97	97	-46	-39	-6	-5	det1=true
[8726]	97	97	-51	-39	-6	5	det1=true
[8727]	50	98	-12	-8	-7	-2	det1=true
[8728]	50	98	-14	-8	-7	2	det1=true
[8729]	61	98	-20	-10	-5	-6	det1=true
[8730]	61	98	-26	-10	-5	6	det1=true
[8731]	63	98	-14	-14	-1	-8	det1=true
[8732]	63	98	-22	-14	-1	8	det1=true
[8733]	65	98	-27	-28	-2	-7	det1=true
[8734]	75	98	-31	-14	-2	-8	det1=true
[8735]	75	98	-39	-14	-2	8	det1=true
[8736]	79	98	-16	1	-7	-6	det1=true
[8737]	79	98	-22	1	-7	6	det1=true
[8738]	80	98	-36	-24	-7	-4	det1=true
[8739]	80	98	-40	-24	-7	4	det1=true
[8740]	83	98	-26	-1	-9	-2	det1=true
[8741]	83	98	-28	-1	-9	2	det1=true
[8742]	87	98	-40	-30	-7	-4	det1=true
[8743]	87	98	-44	-30	-7	4	det1=true
[8744]	90	98	-40	-33	-3	8	det1=true
[8745]	39	99	-11	-9	-4	-5	det1=true
[8746]	39	99	-16	-9	-4	5	det1=true
[8747]	48	99	-8	-5	-7	-2	det1=true
[8748]	50	99	-17	-12	-2	7	det1=true
[8749]	67	99	-23	-1	-2	-8	det1=true
[8750]	67	99	-31	-1	-2	8	det1=true
[8751]	67	99	-11	-2	-7	-5	det1=true
[8752]	67	99	-16	-2	-7	5	det1=true
[8753]	69	99	-23	-3	-5	7	det1=true
[8754]	73	99	-23	-9	-7	-5	det1=true
[8755]	73	99	-28	-9	-7	5	det1=true
[8756]	73	99	-7	-3	-9	-1	det1=true
[8757]	73	99	-8	-3	-9	1	det1=true
[8758]	75	99	-29	-25	-4	-7	det1=true
[8759]	75	99	-36	-25	-4	7	det1=true
[8760]	75	99	-34	-24	-2	8	det1=true
[8761]	79	99	-36	-5	-8	-3	det1=true
[8762]	79	99	-39	-5	-8	3	det1=true
[8763]	84	99	-39	-20	-8	3	det1=true
[8764]	86	99	-25	-2	-8	-5	det1=true
[8765]	86	99	-30	-2	-8	5	det1=true
[8766]	87	99	-17	-17	-3	-9	det1=true
[8767]	87	99	-26	-17	-3	9	det1=true
[8768]	90	99	-29	-10	-8	-5	det1=true
[8769]	90	99	-34	-10	-8	5	det1=true
[8770]	95	99	-41	-21	-9	1	det1=true
[8771]	96	99	-21	-14	-2	10	det1=true
[8772]	99	99	-43	1	-8	-5	det1=true
[8773]	53	100	0	2	-6	-5	det1=true
[8774]	64	100	-21	0	-8	-2	det1=true
[8775]	68	100	-20	-17	-2	-8	det1=true
[8776]	68	100	-28	-17	-2	8	det1=true
[8777]	70	100	-20	-14	-8	3	det1=true
[8778]	72	100	-30	-11	-2	-8	det1=true
[8779]	72	100	-38	-11	-2	8	det1=true
[8780]	73	100	-35	-16	-8	-1	det1=true
[8781]	73	100	-36	-16	-8	1	det1=true
[8782]	73	100	-29	-2	-8	-3	det1=true
[8783]	74	100	-28	-5	-3	-8	det1=true
[8784]	74	100	-36	-5	-3	8	det1=true
[8785]	76	100	-30	-9	-3	-8	det1=true
[8786]	76	100	-33	-22	-8	2	det1=true
[8787]	76	100	-10	-4	-7	-6	det1=true
[8788]	76	100	-16	-4	-7	6	det1=true
[8789]	80	100	-20	-4	-2	-9	det1=true
[8790]	80	100	-29	-4	-2	9	det1=true
[8791]	83	100	-37	-18	-8	-3	det1=true
[8792]	83	100	-40	-18	-8	3	det1=true
[8793]	83	100	-23	-12	-2	-9	det1=true
[8794]	83	100	-32	-12	-2	9	det1=true
[8795]	85	100	-36	-35	-1	-8	det1=true
[8796]	94	100	-20	1	-10	2	det1=true
[8797]	98	100	-43	-12	-2	-9	det1=true
[8798]	100	100	-24	-12	-3	10	det1=true
[8799]	48	97	-9	2	-4	-6	det1=true
[8800]	48	97	-15	2	-4	6	det1=true
[8801]	59	97	-23	-6	-7	-3	det1=true
[8802]	59	97	-26	-6	-7	3	det1=true
[8803]	59	97	-5	-1	-1	-8	det1=true
[8804]	63	97	-18	-1	-4	-7	det1=true
[8805]	65	97	-34	-17	-3	7	det1=true
[8806]	68	97	-28	-8	-8	-1	det1=true
[8807]	68	97	-29	-8	-8	1	det1=true
[8808]	68	97	-22	-16	-7	-4	det1=true
[8809]	68	97	-26	-16	-7	4	det1=true
[8810]	77	97	-29	-4	-7	-5	det1=true
[8811]	77	97	-34	-4	-7	5	det1=true
[8812]	77	97	-7	-1	-9	-2	det1=true
[8813]	81	97	-27	-20	-5	-7	det1=true
[8814]	81	97	-34	-20	-5	7	det1=true
[8815]	81	97	-2	-1	-3	-9	det1=true
[8816]	81	97	-11	-1	-3	9	det1=true
[8817]	83	97	-17	-13	-6	-7	det1=true
[8818]	83	97	-24	-13	-6	7	det1=true
[8819]	89	97	-33	-29	-3	-8	det1=true
[8820]	93	97	-11	-1	-1	-10	det1=true
[8821]	93	97	-21	-1	-1	10	det1=true
[8822]	94	97	-44	-33	-8	2	det1=true
[8823]	94	97	-34	-4	-8	-5	det1=true
[8824]	94	97	-39	-4	-8	5	det1=true
[8825]	94	97	-18	-12	-4	-9	det1=true
[8826]	56	98	-26	-17	-6	4	det1=true
[8827]	60	98	-26	-20	-7	-2	det1=true
[8828]	60	98	-28	-20	-7	2	det1=true
[8829]	61	98	-26	-22	-7	-2	det1=true
[8830]	61	98	-28	-22	-7	2	det1=true
[8831]	71	98	-2	3	-8	-4	det1=true
[8832]	75	98	-32	-15	-8	-2	det1=true
[8833]	75	98	-34	-15	-8	2	det1=true
[8834]	76	98	-32	-28	-5	-6	det1=true
[8835]	76	98	-38	-28	-5	6	det1=true
[8836]	80	98	-32	-13	-3	-8	det1=true
[8837]	80	98	-40	-13	-3	8	det1=true
[8838]	85	98	-27	-2	-6	-7	det1=true
[8839]	85	98	-34	-2	-6	7	det1=true
[8840]	85	98	-26	-4	-2	-9	det1=true
[8841]	85	98	-35	-4	-2	9	det1=true
[8842]	86	98	-29	2	-8	5	det1=true
[8843]	86	98	-22	-3	-5	-8	det1=true
[8844]	89	98	-38	-14	-2	9	det1=true
[8845]	96	98	-20	-4	-1	-10	det1=true
[8846]	96	98	-30	-4	-1	10	det1=true
[8847]	47	99	-16	-3	-7	-1	det1=true
[8848]	47	99	-17	-3	-7	1	det1=true
[8849]	48	99	-10	-5	-7	2	det1=true
[8850]	53	99	-23	-5	-7	-2	det1=true
[8851]	53	99	-25	-5	-7	2	det1=true
[8852]	58	99	-23	-20	-2	-7	det1=true
[8853]	58	99	-30	-20	-2	7	det1=true
[8854]	58	99	-6	-1	-1	-8	det1=true
[8855]	58	99	-14	-1	-1	8	det1=true
[8856]	60	99	-25	-22	-2	-7	det1=true
[8857]	60	99	-32	-22	-2	7	det1=true
[8858]	60	99	-2	-1	-2	-8	det1=true
[8859]	60	99	-10	-1	-2	8	det1=true
[8860]	64	99	-20	-10	-4	-7	det1=true
[8861]	64	99	-27	-10	-4	7	det1=true
[8862]	68	99	-28	-8	-4	-7	det1=true
[8863]	68	99	-35	-8	-4	7	det1=true
[8864]	89	99	-34	-18	-9	-1	det1=true
[8865]	89	99	-35	-18	-9	1	det1=true
[8866]	92	99	-41	-34	-8	-2	det1=true
[8867]	92	99	-43	-34	-8	2	det1=true
[8868]	93	99	-19	-3	-10	-1	det1=true
[8869]	93	99	-20	-3	-10	1	det1=true
[8870]	99	99	-48	1	-8	5	det1=true
[8871]	22	100	-4	2	-4	-3	det1=true
[8872]	22	100	-7	2	-4	3	det1=true
[8873]	37	100	-8	-4	-5	-4	det1=true
[8874]	37	100	-12	-4	-5	4	det1=true
[8875]	52	100	-24	-5	-7	2	det1=true
[8876]	61	100	-22	-11	-5	-6	det1=true
[8877]	61	100	-28	-11	-5	6	det1=true
[8878]	64	100	-24	0	-4	-7	det1=true
[8879]	64	100	-31	0	-4	7	det1=true
[8880]	68	100	-23	-14	-8	-2	det1=true
[8881]	68	100	-25	-14	-8	2	det1=true
[8882]	70	100	-17	-14	-8	-3	det1=true
[8883]	73	100	-32	-2	-8	3	det1=true
[8884]	76	100	-38	-9	-3	8	det1=true
[8885]	76	100	-31	-22	-8	-2	det1=true
[8886]	80	100	-28	-2	-6	7	det1=true
[8887]	84	100	-41	-26	-8	2	det1=true
[8888]	90	100	-10	-3	-1	-10	det1=true
[8889]	90	100	-13	-4	-10	1	det1=true
[8890]	96	100	-43	-38	-8	-2	det1=true
[8891]	96	100	-45	-38	-8	2	det1=true
[8892]	100	100	-14	-12	-3	-10	det1=true
[8893]	45	97	-4	1	-7	-1	det1=true
[8894]	45	97	-5	1	-7	1	det1=true
[8895]	61	97	-23	-12	-3	-7	det1=true
[8896]	61	97	-30	-12	-3	7	det1=true
[8897]	63	97	-25	-1	-4	7	det1=true
[8898]	69	97	-26	-4	-8	-2	det1=true
[8899]	69	97	-28	-4	-8	2	det1=true
[8900]	73	97	-27	-21	-7	-4	det1=true
[8901]	73	97	-31	-21	-7	4	det1=true
[8902]	77	97	-9	-1	-9	2	det1=true
[8903]	85	97	-30	-24	-5	-7	det1=true
[8904]	85	97	-37	-24	-5	7	det1=true
[8905]	85	97	-18	-3	-9	-3	det1=true
[8906]	85	97	-21	-3	-9	3	det1=true
[8907]	94	97	-27	-12	-4	9	det1=true
[8908]	74	98	-30	-27	-5	-6	det1=true
[8909]	74	98	-36	-27	-5	6	det1=true
[8910]	80	98	-33	-24	-8	-2	det1=true
[8911]	80	98	-35	-24	-8	2	det1=true
[8912]	86	98	1	2	-4	-9	det1=true
[8913]	86	98	-8	2	-4	9	det1=true
[8914]	88	98	-26	1	-5	-8	det1=true
[8915]	88	98	-34	1	-5	8	det1=true
[8916]	89	98	-29	-14	-2	-9	det1=true
[8917]	90	98	-38	-33	-2	-8	det1=true
[8918]	90	98	-46	-33	-2	8	det1=true
[8919]	95	98	-34	-12	-8	-5	det1=true
[8920]	95	98	-39	-12	-8	5	det1=true
[8921]	19	99	-8	-6	-4	-2	det1=true
[8922]	55	99	-24	-19	-7	-1	det1=true
[8923]	55	99	-25	-19	-7	1	det1=true
[8924]	57	99	-5	1	-4	7	det1=true
[8925]	63	99	-25	-12	-1	8	det1=true
[8926]	73	99	-27	-5	-8	-3	det1=true
[8927]	73	99	-30	-5	-8	3	det1=true
[8928]	85	99	-44	-13	-7	5	det1=true
[8929]	95	99	-45	1	-5	8	det1=true
[8930]	96	99	-19	-14	-10	-1	det1=true
[8931]	96	99	-20	-14	-10	1	det1=true
[8932]	49	100	-21	-6	-4	6	det1=true
[8933]	68	100	-12	-13	-3	-8	det1=true
[8934]	68	100	-20	-13	-3	8	det1=true
[8935]	90	100	-12	-4	-10	-1	det1=true
[8936]	94	100	-11	-10	-2	-10	det1=true
[8937]	98	100	-44	-10	-6	-7	det1=true
[8938]	98	100	-51	-10	-6	7	det1=true
[8939]	68	97	-26	-19	-5	-6	det1=true
[8940]	68	97	-32	-19	-5	6	det1=true
[8941]	77	97	-11	-2	-7	6	det1=true
[8942]	82	97	-36	-26	-7	-4	det1=true
[8943]	83	97	-26	-2	-1	-9	det1=true
[8944]	83	97	-35	-2	-1	9	det1=true
[8945]	85	97	-15	-6	-3	-9	det1=true
[8946]	85	97	-24	-6	-3	9	det1=true
[8947]	88	97	-27	-12	-2	-9	det1=true
[8948]	89	97	-32	-17	-9	-1	det1=true
[8949]	89	97	-33	-17	-9	1	det1=true
[8950]	89	97	-23	-11	-5	-8	det1=true
[8951]	73	98	-26	-4	-8	-3	det1=true
[8952]	73	98	-29	-4	-8	3	det1=true
[8953]	36	99	-16	-6	-6	-1	det1=true
[8954]	36	99	-17	-6	-6	1	det1=true
[8955]	47	99	-13	-6	-1	-7	det1=true
[8956]	47	99	-20	-6	-1	7	det1=true
[8957]	63	99	-17	-12	-1	-8	det1=true
[8958]	80	99	-10	1	-5	-8	det1=true
[8959]	80	99	-18	1	-5	8	det1=true
[8960]	85	99	-39	-13	-7	-5	det1=true
[8961]	95	99	-37	1	-5	-8	det1=true
[8962]	40	100	-16	-8	-4	-5	det1=true
[8963]	40	100	-21	-8	-4	5	det1=true
[8964]	49	100	-15	-6	-4	-6	det1=true
[8965]	61	100	-9	-6	-8	-2	det1=true
[8966]	61	100	-11	-6	-8	2	det1=true
[8967]	67	100	-12	-9	-3	-8	det1=true
[8968]	67	100	-20	-9	-3	8	det1=true
[8969]	91	100	-39	-36	-8	-2	det1=true
[8970]	91	100	-41	-36	-8	2	det1=true
[8971]	62	97	-22	-8	-6	-5	det1=true
[8972]	62	97	-27	-8	-6	5	det1=true
[8973]	70	97	-25	-6	-2	-8	det1=true
[8974]	70	97	-33	-6	-2	8	det1=true
[8975]	88	97	-36	-12	-2	9	det1=true
[8976]	93	97	-32	-5	-9	-3	det1=true
[8977]	93	97	-35	-5	-9	3	det1=true
[8978]	64	98	-22	-4	-7	-4	det1=true
[8979]	64	98	-26	-4	-7	4	det1=true
[8980]	72	98	-29	-12	-8	-2	det1=true
[8981]	72	98	-31	-12	-8	2	det1=true
[8982]	74	98	-33	-10	-8	-2	det1=true
[8983]	57	99	2	1	-4	-7	det1=true
[8984]	78	99	-27	-20	-8	-3	det1=true
[8985]	99	99	-19	-21	-1	-10	det1=true
[8986]	99	99	-29	-21	-1	10	det1=true
[8987]	36	100	-4	2	-4	-5	det1=true
[8988]	36	100	-9	2	-4	5	det1=true
[8989]	84	100	-39	-26	-8	-2	det1=true
[8990]	53	97	-19	-5	-2	-7	det1=true
[8991]	53	97	-26	-5	-2	7	det1=true
[8992]	84	97	-41	-18	-8	-2	det1=true
[8993]	84	97	-43	-18	-8	2	det1=true
[8994]	86	97	-35	-22	-8	-3	det1=true
[8995]	86	97	-38	-22	-8	3	det1=true
[8996]	91	97	-37	-13	-9	-1	det1=true
[8997]	91	97	-38	-13	-9	1	det1=true
[8998]	56	98	-22	-17	-6	-4	det1=true
[8999]	72	98	-33	4	-8	-2	det1=true
[9000]	72	98	-35	4	-8	2	det1=true
[9001]	36	100	-4	0	-5	-4	det1=true
[9002]	36	100	-8	0	-5	4	det1=true
[9003]	55	100	-11	-2	-6	-5	det1=true
[9004]	55	100	-16	-2	-6	5	det1=true
[9005]	92	100	-32	-21	-7	-6	det1=true
[9006]	72	98	-26	-15	-2	-8	det1=true
[9007]	72	98	-34	-15	-2	8	det1=true
[9008]	74	98	-20	-17	-3	-8	det1=true
[9009]	74	98	-28	-17	-3	8	det1=true
[9010]	65	99	-19	-15	-4	-7	det1=true
[9011]	65	99	-26	-15	-4	7	det1=true
[9012]	75	99	-24	-17	-8	-3	det1=true
[9013]	75	99	-27	-17	-8	3	det1=true
[9014]	92	100	-40	-29	-3	-8	det1=true
[9015]	92	100	-48	-29	-3	8	det1=true
[9016]	73	97	-17	-16	-3	-8	det1=true
[9017]	73	97	-25	-16	-3	8	det1=true
[9018]	75	97	-31	-3	-7	5	det1=true
[9019]	87	98	-38	-33	-1	-8	det1=true
[9020]	87	98	-46	-33	-1	8	det1=true
[9021]	87	98	-6	2	-4	-9	det1=true
[9022]	87	98	-15	2	-4	9	det1=true
[9023]	69	100	-22	-17	-2	-8	det1=true
[9024]	69	100	-30	-17	-2	8	det1=true
[9025]	56	97	-7	-4	-6	-5	det1=true
[9026]	56	97	-12	-4	-6	5	det1=true
[9027]	61	97	-25	-23	-6	-4	det1=true
[9028]	61	97	-29	-23	-6	4	det1=true
[9029]	75	97	-26	-3	-7	-5	det1=true
[9030]	77	97	-6	1	-6	-7	det1=true
[9031]	77	97	-13	1	-6	7	det1=true
[9032]	89	98	-12	-6	-9	-4	det1=true
[9033]	89	98	-16	-6	-9	4	det1=true
[9034]	92	99	-12	-7	-1	-10	det1=true
[9035]	92	99	-22	-7	-1	10	det1=true
[9036]	87	99	-33	-29	-8	-3	det1=true
[9037]	87	99	-36	-29	-8	3	det1=true
[9038]	38	97	-17	-10	-6	-1	det1=true
[9039]	38	97	-18	-10	-6	1	det1=true
[9040]	81	97	-8	-1	-8	-5	det1=true
[9041]	81	97	-13	-1	-8	5	det1=true
[9042]	75	98	-34	-11	-8	-2	det1=true
[9043]	83	99	-35	-32	-1	-8	det1=true
[9044]	83	99	-43	-32	-1	8	det1=true
[9045]	99	99	-27	-11	-8	-6	det1=true
[9046]	93	98	-30	-22	-7	-6	det1=true
[9047]	93	98	-36	-22	-7	6	det1=true
[9048]	98	98	-60	-21	-7	4	det1=true
[9049]	97	97	-14	-4	-2	-10	det1=true
[9050]	80	98	-38	-21	-7	-4	det1=true
[9051]	100	100	-31	-16	-4	-9	det1=true
[9052]	100	100	-40	-16	-4	9	det1=true
[9053]	51	99	-21	-10	-1	-7	det1=true
[9054]	66	97	-19	-14	-4	-7	det1=true
[9055]	66	97	-26	-14	-4	7	det1=true
[9056]	88	97	-6	-3	-9	-4	det1=true
[9057]	88	97	-10	-3	-9	4	det1=true
[9058]	67	98	-20	-11	-8	-2	det1=true
[9059]	67	98	-22	-11	-8	2	det1=true
[9060]	71	100	-22	-8	-3	-8	det1=true
[9061]	71	100	-30	-8	-3	8	det1=true
[9062]	51	97	-23	-4	-7	-1	det1=true
[9063]	51	97	-24	-4	-7	1	det1=true
[9064]	66	97	-22	-12	-8	-1	det1=true
[9065]	66	97	-23	-12	-8	1	det1=true
[9066]	72	97	-21	-8	-8	-3	det1=true
[9067]	72	97	-24	-8	-8	3	det1=true
[9068]	53	98	-14	-16	-2	-7	det1=true
[9069]	53	98	-21	-16	-2	7	det1=true
[9070]	98	98	-40	-16	-7	-6	det1=true
[9071]	98	98	-46	-16	-7	6	det1=true
[9072]	70	100	-24	0	-8	-3	det1=true
[9073]	70	100	-27	0	-8	3	det1=true
[9074]	94	100	-20	-3	-1	-10	det1=true
[9075]	94	100	-30	-3	-1	10	det1=true
[9076]	90	97	-29	0	-8	-5	det1=true
[9077]	90	97	-34	0	-8	5	det1=true
[9078]	62	98	-18	-16	-5	-6	det1=true
[9079]	62	98	-24	-16	-5	6	det1=true
[9080]	73	98	-19	-16	-8	-3	det1=true
[9081]	73	98	-22	-16	-8	3	det1=true
[9082]	52	99	-22	-1	-7	-2	det1=true
[9083]	52	99	-24	-1	-7	2	det1=true
[9084]	95	100	-40	-34	-8	-3	det1=true
[9085]	95	100	-43	-34	-8	3	det1=true
[9086]	29	98	-12	-10	-5	-2	det1=true
[9087]	90	100	-24	-20	-8	-5	det1=true
[9088]	90	100	-29	-20	-8	5	det1=true
[9089]	99	99	-30	-2	-8	-6	det1=true
[9090]	99	99	-36	-2	-8	6	det1=true
[9091]	37	97	-18	-3	-6	-1	det1=true
[9092]	37	97	-19	-3	-6	1	det1=true
[9093]	98	98	-27	-12	-4	-9	det1=true
[9094]	98	98	-36	-12	-4	9	det1=true
[9095]	100	100	-30	-3	-1	-10	det1=true
[9096]	85	97	-26	3	-6	-7	det1=true
[9097]	85	97	-33	3	-6	7	det1=true
[9098]	101	101	-26	-22	-6	-8	det1=true
[9099]	101	101	-34	-22	-6	8	det1=true
[9100]	97	101	-35	1	-9	-4	det1=true
[9101]	97	101	-39	1	-9	4	det1=true
[9102]	60	102	-16	-8	-4	-7	det1=true
[9103]	60	102	-23	-8	-4	7	det1=true
[9104]	73	102	-19	-4	-8	-4	det1=true
[9105]	73	102	-23	-4	-8	4	det1=true
[9106]	15	101	-5	-1	-4	-1	det1=true
[9107]	15	101	-6	-1	-4	1	det1=true
[9108]	85	101	-11	4	-9	-4	det1=true
[9109]	85	101	-15	4	-9	4	det1=true
[9110]	89	101	-44	-33	-8	-1	det1=true
[9111]	89	101	-45	-33	-8	1	det1=true
[9112]	92	101	-19	-16	-4	-9	det1=true
[9113]	92	101	-28	-16	-4	9	det1=true
[9114]	95	102	-39	-28	-4	-8	det1=true
[9115]	95	102	-47	-28	-4	8	det1=true
[9116]	96	102	-43	4	-8	-5	det1=true
[9117]	96	102	-48	4	-8	5	det1=true
[9118]	102	102	-13	-2	-4	-10	det1=true
[9119]	102	102	-23	-2	-4	10	det1=true
[9120]	64	103	-27	-10	-8	-1	det1=true
[9121]	64	103	-28	-10	-8	1	det1=true
[9122]	64	103	-30	-3	-2	8	det1=true
[9123]	71	103	-32	-14	-8	-2	det1=true
[9124]	71	103	-34	-14	-8	2	det1=true
[9125]	71	103	-8	-6	-1	-9	det1=true
[9126]	71	103	-17	-6	-1	9	det1=true
[9127]	83	103	-24	-5	-9	-3	det1=true
[9128]	83	103	-27	-5	-9	3	det1=true
[9129]	83	103	-21	-8	-3	-9	det1=true
[9130]	83	103	-30	-8	-3	9	det1=true
[9131]	86	103	-29	-18	-2	-9	det1=true
[9132]	86	103	-38	-18	-2	9	det1=true
[9133]	87	103	-36	-20	-8	-4	det1=true
[9134]	87	103	-40	-20	-8	4	det1=true
[9135]	89	103	-7	1	-2	-10	det1=true
[9136]	89	103	-17	1	-2	10	det1=true
[9137]	90	103	-23	4	-10	1	det1=true
[9138]	93	103	-15	1	-5	-9	det1=true
[9139]	98	103	-40	-26	-7	-6	det1=true
[9140]	98	103	-46	-26	-7	6	det1=true
[9141]	103	103	-33	0	-5	-9	det1=true
[9142]	103	103	-42	0	-5	9	det1=true
[9143]	57	104	-13	-2	-4	-7	det1=true
[9144]	57	104	-20	-2	-4	7	det1=true
[9145]	89	104	-34	-7	-5	-8	det1=true
[9146]	89	104	-42	-7	-5	8	det1=true
[9147]	89	104	-14	-13	-6	-8	det1=true
[9148]	89	104	-22	-13	-6	8	det1=true
[9149]	91	104	-36	-20	-6	-7	det1=true
[9150]	91	104	-43	-20	-6	7	det1=true
[9151]	75	101	-11	-3	-9	-2	det1=true
[9152]	75	101	-13	-3	-9	2	det1=true
[9153]	92	101	-12	-5	-10	-2	det1=true
[9154]	92	101	-14	-5	-10	2	det1=true
[9155]	92	101	-8	-9	-2	-10	det1=true
[9156]	92	101	-18	-9	-2	10	det1=true
[9157]	97	101	-43	-14	-7	-6	det1=true
[9158]	97	101	-49	-14	-7	6	det1=true
[9159]	97	101	-33	-8	-9	-4	det1=true
[9160]	97	101	-37	-8	-9	4	det1=true
[9161]	59	102	-12	-10	-7	-4	det1=true
[9162]	59	102	-16	-10	-7	4	det1=true
[9163]	63	102	-6	-2	-8	-3	det1=true
[9164]	63	102	-9	-2	-8	3	det1=true
[9165]	64	102	-24	-20	-5	-6	det1=true
[9166]	64	102	-30	-20	-5	6	det1=true
[9167]	68	102	-28	-18	-8	-1	det1=true
[9168]	70	102	-28	-21	-7	-4	det1=true
[9169]	70	102	-32	-21	-7	4	det1=true
[9170]	79	102	-14	-4	-8	-5	det1=true
[9171]	79	102	-19	-4	-8	5	det1=true
[9172]	84	102	-24	-8	-8	-5	det1=true
[9173]	84	102	-29	-8	-8	5	det1=true
[9174]	93	102	-38	2	-5	-8	det1=true
[9175]	94	102	-32	-22	-8	-5	det1=true
[9176]	101	102	-46	-46	-1	-8	det1=true
[9177]	101	102	-54	-46	-1	8	det1=true
[9178]	11	103	-1	1	-3	-2	det1=true
[9179]	11	103	-3	1	-3	2	det1=true
[9180]	74	103	-30	-10	-3	-8	det1=true
[9181]	85	103	-27	-6	-5	-8	det1=true
[9182]	85	103	-35	-6	-5	8	det1=true
[9183]	86	103	-18	-2	-9	-4	det1=true
[9184]	86	103	-22	-2	-9	4	det1=true
[9185]	88	103	-4	1	-10	-2	det1=true
[9186]	88	103	-6	1	-10	2	det1=true
[9187]	89	103	-29	-30	-1	-9	det1=true
[9188]	89	103	-38	-30	-1	9	det1=true
[9189]	90	103	-22	4	-10	-1	det1=true
[9190]	93	103	-24	1	-5	9	det1=true
[9191]	94	103	-32	-6	-9	-4	det1=true
[9192]	94	103	-36	-6	-9	4	det1=true
[9193]	95	103	-35	4	-9	-4	det1=true
[9194]	95	103	-39	4	-9	4	det1=true
[9195]	96	103	-23	-8	-2	-10	det1=true
[9196]	96	103	-33	-8	-2	10	det1=true
[9197]	100	103	-24	0	-3	-10	det1=true
[9198]	100	103	-34	0	-3	10	det1=true
[9199]	102	103	-17	-4	-10	-4	det1=true
[9200]	102	103	-21	-4	-10	4	det1=true
[9201]	34	104	-6	-1	-6	-2	det1=true
[9202]	34	104	-8	-1	-6	2	det1=true
[9203]	45	104	-5	-2	-2	-7	det1=true
[9204]	45	104	-12	-2	-2	7	det1=true
[9205]	49	104	-19	-8	-4	-6	det1=true
[9206]	65	104	-28	-20	-5	-6	det1=true
[9207]	79	104	-28	4	-9	-2	det1=true
[9208]	79	104	-30	4	-9	2	det1=true
[9209]	81	104	-33	-26	-8	-3	det1=true
[9210]	87	104	-32	-3	-5	-8	det1=true
[9211]	87	104	-40	-3	-5	8	det1=true
[9212]	88	104	-32	-20	-7	-6	det1=true
[9213]	88	104	-38	-20	-7	6	det1=true
[9214]	89	104	-14	-11	-1	-10	det1=true
[9215]	89	104	-24	-11	-1	10	det1=true
[9216]	101	104	-39	-12	-4	-9	det1=true
[9217]	101	104	-48	-12	-4	9	det1=true
[9218]	53	101	-20	-21	-1	-7	det1=true
[9219]	53	101	-27	-21	-1	7	det1=true
[9220]	59	101	-21	-7	-5	-6	det1=true
[9221]	59	101	-27	-7	-5	6	det1=true
[9222]	64	101	-6	-4	-3	-8	det1=true
[9223]	64	101	-14	-4	-3	8	det1=true
[9224]	69	101	-20	-3	-7	-5	det1=true
[9225]	69	101	-25	-3	-7	5	det1=true
[9226]	70	101	-32	-5	-8	-2	det1=true
[9227]	70	101	-34	-5	-8	2	det1=true
[9228]	71	101	-29	-5	-8	3	det1=true
[9229]	77	101	-25	-21	-7	-5	det1=true
[9230]	77	101	-30	-21	-7	5	det1=true
[9231]	84	101	-20	-12	-8	-5	det1=true
[9232]	84	101	-25	-12	-8	5	det1=true
[9233]	86	101	-29	-24	-8	-4	det1=true
[9234]	86	101	-33	-24	-8	4	det1=true
[9235]	95	101	-45	-33	-8	3	det1=true
[9236]	96	101	-18	-11	-2	-10	det1=true
[9237]	97	101	-49	-26	-1	9	det1=true
[9238]	98	101	-15	-8	-10	-3	det1=true
[9239]	98	101	-18	-8	-10	3	det1=true
[9240]	101	101	-9	1	-10	-4	det1=true
[9241]	101	101	-13	1	-10	4	det1=true
[9242]	46	102	-8	0	-7	-2	det1=true
[9243]	46	102	-10	0	-7	2	det1=true
[9244]	57	102	-7	-6	-4	-7	det1=true
[9245]	57	102	-14	-6	-4	7	det1=true
[9246]	58	102	-12	-4	-1	-8	det1=true
[9247]	58	102	-20	-4	-1	8	det1=true
[9248]	58	102	-12	-4	-4	-7	det1=true
[9249]	58	102	-19	-4	-4	7	det1=true
[9250]	69	102	-29	-6	-2	-8	det1=true
[9251]	69	102	-37	-6	-2	8	det1=true
[9252]	69	102	-18	-14	-8	-3	det1=true
[9253]	69	102	-21	-14	-8	3	det1=true
[9254]	75	102	-20	-11	-8	-4	det1=true
[9255]	75	102	-24	-11	-8	4	det1=true
[9256]	77	102	-31	-26	-2	-8	det1=true
[9257]	77	102	-39	-26	-2	8	det1=true
[9258]	77	102	-31	-30	-4	-7	det1=true
[9259]	87	102	-39	-26	-8	-3	det1=true
[9260]	87	102	-42	-26	-8	3	det1=true
[9261]	93	102	-24	-5	-8	-6	det1=true
[9262]	93	102	-30	-5	-8	6	det1=true
[9263]	94	102	-37	-22	-8	5	det1=true
[9264]	102	102	-12	-7	-10	-4	det1=true
[9265]	102	102	-16	-7	-10	4	det1=true
[9266]	37	103	-17	-1	-6	-2	det1=true
[9267]	37	103	-19	-1	-6	2	det1=true
[9268]	37	103	-15	-3	-2	-6	det1=true
[9269]	37	103	-21	-3	-2	6	det1=true
[9270]	45	103	-16	-4	-7	1	det1=true
[9271]	55	103	-3	3	-7	-4	det1=true
[9272]	55	103	-7	3	-7	4	det1=true
[9273]	64	103	-22	-3	-2	-8	det1=true
[9274]	65	103	-14	-7	-8	-3	det1=true
[9275]	65	103	-17	-7	-8	3	det1=true
[9276]	79	103	-28	-10	-9	-1	det1=true
[9277]	81	103	-28	-28	-5	-7	det1=true
[9278]	83	103	-7	1	-4	-9	det1=true
[9279]	85	103	-35	-29	-8	-3	det1=true
[9280]	85	103	-38	-29	-8	3	det1=true
[9281]	86	103	-29	-8	-8	-5	det1=true
[9282]	86	103	-34	-8	-8	5	det1=true
[9283]	89	103	-11	5	-10	-2	det1=true
[9284]	89	103	-13	5	-10	2	det1=true
[9285]	91	103	-31	-19	-8	-5	det1=true
[9286]	91	103	-36	-19	-8	5	det1=true
[9287]	93	103	-28	3	-10	-1	det1=true
[9288]	93	103	-29	3	-10	1	det1=true
[9289]	93	103	-14	-6	-9	-5	det1=true
[9290]	93	103	-19	-6	-9	5	det1=true
[9291]	95	103	-21	-19	-6	-8	det1=true
[9292]	95	103	-29	-19	-6	8	det1=true
[9293]	96	103	-25	-12	-10	2	det1=true
[9294]	97	103	-29	-8	-1	-10	det1=true
[9295]	97	103	-39	-8	-1	10	det1=true
[9296]	99	103	-47	-1	-8	-5	det1=true
[9297]	99	103	-52	-1	-8	5	det1=true
[9298]	103	103	-35	2	-9	-5	det1=true
[9299]	103	103	-40	2	-9	5	det1=true
[9300]	45	104	-11	-4	-2	7	det1=true
[9301]	60	104	-28	2	-4	7	det1=true
[9302]	65	104	-34	-20	-5	6	det1=true
[9303]	68	104	-24	-24	-4	-7	det1=true
[9304]	68	104	-31	-24	-4	7	det1=true
[9305]	75	104	-39	-28	-4	7	det1=true
[9306]	77	104	-16	-13	-7	-6	det1=true
[9307]	77	104	-22	-13	-7	6	det1=true
[9308]	85	104	-40	-28	-8	3	det1=true
[9309]	86	104	-11	-2	-10	-1	det1=true
[9310]	86	104	-12	-2	-10	1	det1=true
[9311]	93	104	-40	-8	-8	-5	det1=true
[9312]	93	104	-45	-8	-8	5	det1=true
[9313]	95	104	-5	2	-8	-7	det1=true
[9314]	101	104	-21	-6	-8	-7	det1=true
[9315]	101	104	-28	-6	-8	7	det1=true
[9316]	102	104	-87	-8	-2	-5	det1=true
[9317]	102	104	-38	-3	-10	-2	det1=true
[9318]	102	104	-40	-3	-10	2	det1=true
[9319]	104	104	-44	-32	-2	-9	det1=true
[9320]	104	104	-53	-32	-2	9	det1=true
[9321]	32	101	-4	2	-6	-1	det1=true
[9322]	32	101	-5	2	-6	1	det1=true
[9323]	50	101	-20	-1	-4	-6	det1=true
[9324]	50	101	-26	-1	-4	6	det1=true
[9325]	65	101	-12	-3	-8	-3	det1=true
[9326]	65	101	-15	-3	-8	3	det1=true
[9327]	69	101	-19	-4	-5	-7	det1=true
[9328]	69	101	-26	-4	-5	7	det1=true
[9329]	71	101	-26	-5	-8	-3	det1=true
[9330]	74	101	-5	-2	-2	-9	det1=true
[9331]	74	101	-14	-2	-2	9	det1=true
[9332]	77	101	-18	-12	-1	-9	det1=true
[9333]	77	101	-27	-12	-1	9	det1=true
[9334]	77	101	-3	0	-5	-8	det1=true
[9335]	77	101	-11	0	-5	8	det1=true
[9336]	78	101	-10	4	-8	-5	det1=true
[9337]	78	101	-15	4	-8	5	det1=true
[9338]	80	101	-33	-28	-8	-2	det1=true
[9339]	80	101	-35	-28	-8	2	det1=true
[9340]	83	101	-28	-1	-6	-7	det1=true
[9341]	83	101	-35	-1	-6	7	det1=true
[9342]	83	101	-27	-3	-2	-9	det1=true
[9343]	83	101	-36	-3	-2	9	det1=true
[9344]	88	101	-18	-1	-6	8	det1=true
[9345]	89	101	-31	-4	-5	-8	det1=true
[9346]	89	101	-39	-4	-5	8	det1=true
[9347]	89	101	-9	-5	-1	-10	det1=true
[9348]	89	101	-19	-5	-1	10	det1=true
[9349]	93	101	-37	-34	-5	-7	det1=true
[9350]	93	101	-44	-34	-5	7	det1=true
[9351]	93	101	-18	2	-10	-2	det1=true
[9352]	93	101	-20	2	-10	2	det1=true
[9353]	94	101	-27	-14	-6	8	det1=true
[9354]	95	101	-42	-33	-8	-3	det1=true
[9355]	96	101	-38	-12	-5	-8	det1=true
[9356]	96	101	-46	-12	-5	8	det1=true
[9357]	96	101	-32	-24	-8	-5	det1=true
[9358]	96	101	-28	-15	-9	-4	det1=true
[9359]	96	101	-32	-15	-9	4	det1=true
[9360]	97	101	-39	-29	-9	-1	det1=true
[9361]	97	101	-40	-29	-9	1	det1=true
[9362]	99	101	-41	-39	-3	-8	det1=true
[9363]	99	101	-49	-39	-3	8	det1=true
[9364]	101	101	-29	1	-9	-5	det1=true
[9365]	101	101	-34	1	-9	5	det1=true
[9366]	27	102	-15	-8	-2	5	det1=true
[9367]	61	102	-18	-10	-7	-4	det1=true
[9368]	61	102	-22	-10	-7	4	det1=true
[9369]	68	102	-29	-18	-8	1	det1=true
[9370]	69	102	-32	-3	-8	-2	det1=true
[9371]	69	102	-34	-3	-8	2	det1=true
[9372]	75	102	-32	-3	-3	-8	det1=true
[9373]	75	102	-40	-3	-3	8	det1=true
[9374]	77	102	-38	-30	-4	7	det1=true
[9375]	79	102	-38	-30	-7	4	det1=true
[9376]	80	102	-26	-3	-9	-2	det1=true
[9377]	80	102	-28	-3	-9	2	det1=true
[9378]	84	102	-23	-10	-8	-5	det1=true
[9379]	84	102	-28	-10	-8	5	det1=true
[9380]	88	102	-32	-4	-8	-5	det1=true
[9381]	88	102	-37	-4	-8	5	det1=true
[9382]	92	102	-41	-40	-4	-7	det1=true
[9383]	92	102	-48	-40	-4	7	det1=true
[9384]	94	102	-24	-1	-10	2	det1=true
[9385]	96	102	-20	-11	-2	-10	det1=true
[9386]	96	102	-30	-11	-2	10	det1=true
[9387]	97	102	-42	-5	-5	-8	det1=true
[9388]	97	102	-28	-6	-1	-10	det1=true
[9389]	98	102	-26	-16	-1	-10	det1=true
[9390]	100	102	-12	-1	-10	4	det1=true
[9391]	101	102	-8	-1	-9	-6	det1=true
[9392]	101	102	-14	-1	-9	6	det1=true
[9393]	23	103	-8	-1	-1	-5	det1=true
[9394]	23	103	-13	-1	-1	5	det1=true
[9395]	23	103	-8	-5	-5	1	det1=true
[9396]	25	103	-9	-3	-2	5	det1=true
[9397]	29	103	-4	0	-5	-3	det1=true
[9398]	29	103	-7	0	-5	3	det1=true
[9399]	46	103	-12	1	-4	-6	det1=true
[9400]	46	103	-18	1	-4	6	det1=true
[9401]	49	103	0	0	-3	-7	det1=true
[9402]	49	103	-7	0	-3	7	det1=true
[9403]	57	103	-21	1	-5	-6	det1=true
[9404]	57	103	-27	1	-5	6	det1=true
[9405]	57	103	-11	-2	-1	-8	det1=true
[9406]	57	103	-19	-2	-1	8	det1=true
[9407]	57	103	-9	-7	-7	-4	det1=true
[9408]	57	103	-13	-7	-7	4	det1=true
[9409]	58	103	-22	-6	-6	-5	det1=true
[9410]	58	103	-27	-6	-6	5	det1=true
[9411]	64	103	-24	-12	-4	-7	det1=true
[9412]	64	103	-23	-16	-8	-1	det1=true
[9413]	64	103	-24	-16	-8	1	det1=true
[9414]	64	103	-20	-18	-4	-7	det1=true
[9415]	64	103	-27	-18	-4	7	det1=true
[9416]	67	103	-31	-25	-7	-3	det1=true
[9417]	67	103	-34	-25	-7	3	det1=true
[9418]	70	103	-22	-14	-8	-3	det1=true
[9419]	70	103	-25	-14	-8	3	det1=true
[9420]	72	103	-26	-12	-3	-8	det1=true
[9421]	72	103	-20	-21	-3	-8	det1=true
[9422]	72	103	-28	-21	-3	8	det1=true
[9423]	73	103	-25	-15	-7	-5	det1=true
[9424]	73	103	-30	-15	-7	5	det1=true
[9425]	73	103	-16	-7	-9	-1	det1=true
[9426]	73	103	-17	-7	-9	1	det1=true
[9427]	79	103	-36	-5	-1	9	det1=true
[9428]	79	103	-29	-10	-9	1	det1=true
[9429]	80	103	-22	-12	-7	-6	det1=true
[9430]	80	103	-28	-12	-7	6	det1=true
[9431]	82	103	-26	-14	-9	-2	det1=true
[9432]	82	103	-28	-14	-9	2	det1=true
[9433]	88	103	-30	-21	-7	-6	det1=true
[9434]	88	103	-36	-21	-7	6	det1=true
[9435]	88	103	-10	-3	-2	10	det1=true
[9436]	89	103	-33	-26	-9	-1	det1=true
[9437]	89	103	-34	-26	-9	1	det1=true
[9438]	91	103	-20	-8	-6	-8	det1=true
[9439]	91	103	-28	-8	-6	8	det1=true
[9440]	92	103	-41	-8	-6	-7	det1=true
[9441]	92	103	-48	-8	-6	7	det1=true
[9442]	47	104	-16	3	-7	-2	det1=true
[9443]	47	104	-18	3	-7	2	det1=true
[9444]	47	104	-12	-6	-2	-7	det1=true
[9445]	47	104	-19	-6	-2	7	det1=true
[9446]	49	104	-25	-8	-4	6	det1=true
[9447]	50	104	-22	-5	-7	-2	det1=true
[9448]	50	104	-24	-5	-7	2	det1=true
[9449]	60	104	-15	-8	-8	2	det1=true
[9450]	62	104	-22	-11	-1	-8	det1=true
[9451]	63	104	-26	-3	-1	-8	det1=true
[9452]	63	104	-34	-3	-1	8	det1=true
[9453]	63	104	-15	-2	-8	3	det1=true
[9454]	69	104	-30	-19	-1	-8	det1=true
[9455]	69	104	-38	-19	-1	8	det1=true
[9456]	77	104	-33	-18	-8	-3	det1=true
[9457]	77	104	-36	-18	-8	3	det1=true
[9458]	77	104	-18	-12	-9	-2	det1=true
[9459]	77	104	-20	-12	-9	2	det1=true
[9460]	84	104	-38	-36	-1	-8	det1=true
[9461]	84	104	-46	-36	-1	8	det1=true
[9462]	92	104	-4	-4	-3	-10	det1=true
[9463]	92	104	-14	-4	-3	10	det1=true
[9464]	94	104	-40	-20	-7	-6	det1=true
[9465]	94	104	-46	-20	-7	6	det1=true
[9466]	97	104	-38	-4	-9	-4	det1=true
[9467]	98	104	-35	-8	-10	-1	det1=true
[9468]	98	104	-36	-8	-10	1	det1=true
[9469]	100	104	-35	-4	-10	-2	det1=true
[9470]	100	104	-37	-4	-10	2	det1=true
[9471]	104	104	-43	-28	-8	-5	det1=true
[9472]	104	104	-48	-28	-8	5	det1=true
[9473]	32	101	-3	0	-6	-1	det1=true
[9474]	62	101	-24	-13	-5	-6	det1=true
[9475]	62	101	-30	-13	-5	6	det1=true
[9476]	63	101	-3	1	-8	-3	det1=true
[9477]	65	101	-24	-11	-4	-7	det1=true
[9478]	65	101	-31	-11	-4	7	det1=true
[9479]	68	101	-30	-8	-1	-8	det1=true
[9480]	68	101	-38	-8	-1	8	det1=true
[9481]	74	101	-13	0	-6	7	det1=true
[9482]	81	101	-17	-1	-9	-3	det1=true
[9483]	81	101	-20	-1	-9	3	det1=true
[9484]	81	101	-14	-4	-3	-9	det1=true
[9485]	81	101	-23	-4	-3	9	det1=true
[9486]	83	101	-32	-24	-5	-7	det1=true
[9487]	83	101	-39	-24	-5	7	det1=true
[9488]	86	101	-31	-8	-6	-7	det1=true
[9489]	86	101	-38	-8	-6	7	det1=true
[9490]	88	101	-34	-20	-7	6	det1=true
[9491]	88	101	-11	0	-8	-6	det1=true
[9492]	88	101	-10	-1	-6	-8	det1=true
[9493]	91	101	-32	-21	-2	-9	det1=true
[9494]	91	101	-41	-21	-2	9	det1=true
[9495]	93	101	-14	-2	-2	-10	det1=true
[9496]	93	101	-24	-2	-2	10	det1=true
[9497]	94	101	-42	-4	-6	-7	det1=true
[9498]	96	101	-22	-7	-10	-2	det1=true
[9499]	96	101	-24	-7	-10	2	det1=true
[9500]	96	101	-28	-11	-2	10	det1=true
[9501]	97	101	-40	-26	-1	-9	det1=true
[9502]	49	102	-16	-7	-7	-2	det1=true
[9503]	49	102	-18	-7	-7	2	det1=true
[9504]	52	102	-6	1	-5	6	det1=true
[9505]	60	102	-14	-12	-1	-8	det1=true
[9506]	60	102	-22	-12	-1	8	det1=true
[9507]	65	102	-28	-6	-7	-4	det1=true
[9508]	65	102	-32	-6	-7	4	det1=true
[9509]	65	102	-26	-9	-1	-8	det1=true
[9510]	65	102	-34	-9	-1	8	det1=true
[9511]	67	102	-26	-16	-4	-7	det1=true
[9512]	67	102	-33	-16	-4	7	det1=true
[9513]	79	102	-34	-30	-7	-4	det1=true
[9514]	83	102	-22	-8	-8	-5	det1=true
[9515]	83	102	-27	-8	-8	5	det1=true
[9516]	88	102	-11	-4	-10	-1	det1=true
[9517]	88	102	-12	-4	-10	1	det1=true
[9518]	97	102	-33	2	-10	-1	det1=true
[9519]	97	102	-34	2	-10	1	det1=true
[9520]	97	102	-38	-6	-1	10	det1=true
[9521]	98	102	-36	-16	-1	10	det1=true
[9522]	99	102	-44	-6	-5	-8	det1=true
[9523]	100	102	-40	0	-9	-4	det1=true
[9524]	100	102	-44	0	-9	4	det1=true
[9525]	100	102	-8	-1	-10	-4	det1=true
[9526]	23	103	-7	-5	-5	-1	det1=true
[9527]	25	103	-4	-3	-2	-5	det1=true
[9528]	34	103	-15	-6	-6	1	det1=true
[9529]	36	103	-16	-12	-6	-1	det1=true
[9530]	36	103	-17	-12	-6	1	det1=true
[9531]	37	103	-13	-9	-6	-2	det1=true
[9532]	37	103	-15	-9	-6	2	det1=true
[9533]	45	103	-15	-4	-7	-1	det1=true
[9534]	63	103	-10	0	-7	5	det1=true
[9535]	64	103	-31	-12	-4	7	det1=true
[9536]	65	103	-13	-7	-3	-8	det1=true
[9537]	65	103	-21	-7	-3	8	det1=true
[9538]	67	103	-25	-20	-1	-8	det1=true
[9539]	67	103	-33	-20	-1	8	det1=true
[9540]	71	103	-12	-2	-9	-1	det1=true
[9541]	71	103	-13	-2	-9	1	det1=true
[9542]	73	103	-12	-11	-1	-9	det1=true
[9543]	73	103	-21	-11	-1	9	det1=true
[9544]	77	103	-19	-1	-2	-9	det1=true
[9545]	77	103	-28	-1	-2	9	det1=true
[9546]	77	103	-19	-5	-7	-6	det1=true
[9547]	77	103	-25	-5	-7	6	det1=true
[9548]	79	103	-37	-9	-7	-5	det1=true
[9549]	79	103	-42	-9	-7	5	det1=true
[9550]	79	103	-31	-1	-9	-1	det1=true
[9551]	79	103	-32	-1	-9	1	det1=true
[9552]	81	103	-20	-4	-9	-3	det1=true
[9553]	85	103	-28	-17	-2	-9	det1=true
[9554]	85	103	-37	-17	-2	9	det1=true
[9555]	87	103	-23	-19	-9	-3	det1=true
[9556]	87	103	-26	-19	-9	3	det1=true
[9557]	88	103	0	-3	-2	-10	det1=true
[9558]	91	103	-10	0	-9	-5	det1=true
[9559]	91	103	-15	0	-9	5	det1=true
[9560]	92	103	-31	-28	-2	-9	det1=true
[9561]	92	103	-40	-28	-2	9	det1=true
[9562]	99	103	-2	1	-6	-9	det1=true
[9563]	99	103	-11	1	-6	9	det1=true
[9564]	100	103	-35	-16	-4	-9	det1=true
[9565]	100	103	-44	-16	-4	9	det1=true
[9566]	102	103	-62	-22	-4	-7	det1=true
[9567]	103	103	-45	-27	-7	-6	det1=true
[9568]	103	103	-51	-27	-7	6	det1=true
[9569]	25	104	-8	1	-5	-2	det1=true
[9570]	36	104	-11	0	-4	-5	det1=true
[9571]	36	104	-16	0	-4	5	det1=true
[9572]	45	104	-4	-4	-2	-7	det1=true
[9573]	57	104	-26	-21	-7	-2	det1=true
[9574]	57	104	-28	-21	-7	2	det1=true
[9575]	62	104	-28	-12	-6	-5	det1=true
[9576]	62	104	-24	-12	-8	1	det1=true
[9577]	62	104	-21	-4	-8	-2	det1=true
[9578]	62	104	-23	-4	-8	2	det1=true
[9579]	71	104	-24	-16	-8	-3	det1=true
[9580]	71	104	-27	-16	-8	3	det1=true
[9581]	85	104	-40	-24	-8	-3	det1=true
[9582]	85	104	-43	-24	-8	3	det1=true
[9583]	85	104	-37	-28	-8	-3	det1=true
[9584]	85	104	-7	-4	-8	-6	det1=true
[9585]	85	104	-13	-4	-8	6	det1=true
[9586]	87	104	-22	-3	-9	-4	det1=true
[9587]	87	104	-26	-3	-9	4	det1=true
[9588]	92	104	-18	-3	-2	-10	det1=true
[9589]	92	104	-28	-3	-2	10	det1=true
[9590]	93	104	-44	-12	-9	-2	det1=true
[9591]	94	104	-52	-4	-6	7	det1=true
[9592]	95	104	-41	-22	-8	5	det1=true
[9593]	95	104	-17	-4	-10	-3	det1=true
[9594]	95	104	-20	-4	-10	3	det1=true
[9595]	98	104	-22	-1	-3	-10	det1=true
[9596]	98	104	-32	-1	-3	10	det1=true
[9597]	99	104	-44	-3	-1	10	det1=true
[9598]	100	104	-40	0	-4	-9	det1=true
[9599]	100	104	-14	-13	-7	-8	det1=true
[9600]	100	104	-22	-13	-7	8	det1=true
[9601]	101	104	-38	-5	-6	-8	det1=true
[9602]	101	104	-46	-5	-6	8	det1=true
[9603]	103	104	-19	0	-6	-9	det1=true
[9604]	103	104	-28	0	-6	9	det1=true
[9605]	32	101	-4	0	-6	1	det1=true
[9606]	39	101	-13	-10	-5	-4	det1=true
[9607]	39	101	-17	-10	-5	4	det1=true
[9608]	63	101	-6	1	-8	3	det1=true
[9609]	65	101	-27	-9	-8	-1	det1=true
[9610]	65	101	-28	-9	-8	1	det1=true
[9611]	66	101	-23	-16	-4	-7	det1=true
[9612]	66	101	-30	-16	-4	7	det1=true
[9613]	74	101	-6	0	-6	-7	det1=true
[9614]	77	101	-22	-8	-9	-1	det1=true
[9615]	77	101	-23	-8	-9	1	det1=true
[9616]	79	101	-31	-19	-3	-8	det1=true
[9617]	79	101	-39	-19	-3	8	det1=true
[9618]	79	101	-21	1	-6	-7	det1=true
[9619]	79	101	-28	1	-6	7	det1=true
[9620]	81	101	-14	-7	-9	-3	det1=true
[9621]	81	101	-17	-7	-9	3	det1=true
[9622]	83	101	-39	-12	-7	-5	det1=true
[9623]	83	101	-44	-12	-7	5	det1=true
[9624]	85	101	-31	-14	-1	-9	det1=true
[9625]	85	101	-40	-14	-1	9	det1=true
[9626]	88	101	-17	0	-8	6	det1=true
[9627]	89	101	-9	-9	-6	-8	det1=true
[9628]	89	101	-17	-9	-6	8	det1=true
[9629]	90	101	-38	-30	-3	-8	det1=true
[9630]	90	101	-46	-30	-3	8	det1=true
[9631]	91	101	-33	-19	-6	-7	det1=true
[9632]	91	101	-40	-19	-6	7	det1=true
[9633]	91	101	-29	-17	-5	-8	det1=true
[9634]	91	101	-37	-17	-5	8	det1=true
[9635]	95	101	-16	-3	-9	-5	det1=true
[9636]	95	101	-21	-3	-9	5	det1=true
[9637]	96	101	-37	-24	-8	5	det1=true
[9638]	97	101	-34	-21	-3	-9	det1=true
[9639]	97	101	-43	-21	-3	9	det1=true
[9640]	99	101	-39	-31	-1	-9	det1=true
[9641]	99	101	-48	-31	-1	9	det1=true
[9642]	101	101	-35	-13	-4	-9	det1=true
[9643]	101	101	-44	-13	-4	9	det1=true
[9644]	53	102	-24	-10	-7	-2	det1=true
[9645]	53	102	-26	-10	-7	2	det1=true
[9646]	58	102	-8	-11	-1	-8	det1=true
[9647]	58	102	-16	-11	-1	8	det1=true
[9648]	63	102	-26	2	-7	-4	det1=true
[9649]	63	102	-30	2	-7	4	det1=true
[9650]	65	102	-19	-20	-4	-7	det1=true
[9651]	65	102	-26	-20	-4	7	det1=true
[9652]	71	102	-28	-23	-7	-4	det1=true
[9653]	71	102	-32	-23	-7	4	det1=true
[9654]	76	102	-3	4	-8	-5	det1=true
[9655]	80	102	-24	-4	-7	-6	det1=true
[9656]	94	102	-28	-12	-9	-4	det1=true
[9657]	94	102	-32	-12	-9	4	det1=true
[9658]	94	102	-22	-1	-10	-2	det1=true
[9659]	96	102	-38	-15	-5	-8	det1=true
[9660]	96	102	-46	-15	-5	8	det1=true
[9661]	31	103	-10	-8	-5	-3	det1=true
[9662]	31	103	-13	-8	-5	3	det1=true
[9663]	45	103	-5	3	-7	-2	det1=true
[9664]	45	103	-7	3	-7	2	det1=true
[9665]	49	103	-2	2	-7	-3	det1=true
[9666]	49	103	-5	2	-7	3	det1=true
[9667]	58	103	-22	-5	-5	-6	det1=true
[9668]	63	103	-5	0	-7	-5	det1=true
[9669]	76	103	-34	-21	-2	-8	det1=true
[9670]	76	103	-42	-21	-2	8	det1=true
[9671]	76	103	-18	0	-7	-6	det1=true
[9672]	76	103	-24	0	-7	6	det1=true
[9673]	79	103	-27	-5	-1	-9	det1=true
[9674]	81	103	-29	-27	-7	-5	det1=true
[9675]	96	103	-32	-27	-5	-8	det1=true
[9676]	96	103	-40	-27	-5	8	det1=true
[9677]	96	103	-23	-12	-10	-2	det1=true
[9678]	97	103	-33	-11	-4	-9	det1=true
[9679]	97	103	-42	-11	-4	9	det1=true
[9680]	99	103	-43	-30	-9	-1	det1=true
[9681]	99	103	-44	-30	-9	1	det1=true
[9682]	42	104	-17	-8	-6	-3	det1=true
[9683]	49	104	-20	-4	-7	-2	det1=true
[9684]	49	104	-22	-4	-7	2	det1=true
[9685]	53	104	-20	-18	-2	-7	det1=true
[9686]	53	104	-27	-18	-2	7	det1=true
[9687]	55	104	-15	-8	-6	-5	det1=true
[9688]	55	104	-20	-8	-6	5	det1=true
[9689]	59	104	-32	1	-5	6	det1=true
[9690]	60	104	-21	2	-4	-7	det1=true
[9691]	60	104	-13	-8	-8	-2	det1=true
[9692]	62	104	-30	-11	-1	8	det1=true
[9693]	63	104	-12	-2	-8	-3	det1=true
[9694]	76	104	-16	-11	-9	-2	det1=true
[9695]	76	104	-18	-11	-9	2	det1=true
[9696]	77	104	-28	-24	-3	-8	det1=true
[9697]	77	104	-36	-24	-3	8	det1=true
[9698]	79	104	-19	-16	-2	-9	det1=true
[9699]	79	104	-28	-16	-2	9	det1=true
[9700]	81	104	-36	-26	-8	3	det1=true
[9701]	82	104	-12	1	-9	4	det1=true
[9702]	86	104	-36	0	-6	-7	det1=true
[9703]	86	104	-43	0	-6	7	det1=true
[9704]	89	104	-30	-3	-9	4	det1=true
[9705]	92	104	-27	-2	-10	-1	det1=true
[9706]	92	104	-28	-2	-10	1	det1=true
[9707]	95	104	-36	-22	-8	-5	det1=true
[9708]	95	104	-12	2	-8	7	det1=true
[9709]	99	104	-34	-3	-1	-10	det1=true
[9710]	24	101	-10	-9	-3	-4	det1=true
[9711]	24	101	-14	-9	-3	4	det1=true
[9712]	61	101	-11	-5	-2	-8	det1=true
[9713]	61	101	-19	-5	-2	8	det1=true
[9714]	65	101	-9	0	-7	-5	det1=true
[9715]	65	101	-14	0	-7	5	det1=true
[9716]	70	101	-32	-21	-5	-6	det1=true
[9717]	70	101	-38	-21	-5	6	det1=true
[9718]	71	101	-27	-1	-8	-3	det1=true
[9719]	71	101	-30	-1	-8	3	det1=true
[9720]	72	101	-32	-20	-8	-1	det1=true
[9721]	72	101	-33	-20	-8	1	det1=true
[9722]	88	101	-28	-20	-7	-6	det1=true
[9723]	93	101	-42	-28	-7	-5	det1=true
[9724]	93	101	-47	-28	-7	5	det1=true
[9725]	94	101	-25	-4	-10	-1	det1=true
[9726]	94	101	-26	-4	-10	1	det1=true
[9727]	94	101	-19	-14	-6	-8	det1=true
[9728]	95	101	-14	-5	-5	-9	det1=true
[9729]	95	101	-23	-5	-5	9	det1=true
[9730]	97	101	-31	-9	-4	-9	det1=true
[9731]	97	101	-40	-9	-4	9	det1=true
[9732]	46	102	-10	-3	-6	-4	det1=true
[9733]	46	102	-14	-3	-6	4	det1=true
[9734]	48	102	-16	-5	-7	2	det1=true
[9735]	62	102	-17	-6	-8	-2	det1=true
[9736]	62	102	-19	-6	-8	2	det1=true
[9737]	63	102	-20	-14	-1	-8	det1=true
[9738]	63	102	-28	-14	-1	8	det1=true
[9739]	80	102	-30	-4	-7	6	det1=true
[9740]	83	102	-22	-18	-6	-7	det1=true
[9741]	83	102	-29	-18	-6	7	det1=true
[9742]	100	102	-28	-20	-10	-1	det1=true
[9743]	100	102	-29	-20	-10	1	det1=true
[9744]	34	103	-14	-6	-6	-1	det1=true
[9745]	40	103	-15	-14	-4	-5	det1=true
[9746]	40	103	-20	-14	-4	5	det1=true
[9747]	57	103	-10	-5	-4	-7	det1=true
[9748]	57	103	-17	-5	-4	7	det1=true
[9749]	72	103	-34	-12	-3	8	det1=true
[9750]	79	103	-24	-14	-1	-9	det1=true
[9751]	79	103	-33	-14	-1	9	det1=true
[9752]	79	103	-15	-3	-9	-3	det1=true
[9753]	79	103	-18	-3	-9	3	det1=true
[9754]	83	103	-9	1	-9	-4	det1=true
[9755]	83	103	-13	1	-9	4	det1=true
[9756]	85	103	-29	-15	-6	-7	det1=true
[9757]	85	103	-36	-15	-6	7	det1=true
[9758]	86	103	-14	-8	-4	-9	det1=true
[9759]	86	103	-23	-8	-4	9	det1=true
[9760]	89	103	-17	-15	-4	-9	det1=true
[9761]	90	103	-39	-32	-8	-3	det1=true
[9762]	90	103	-42	-32	-8	3	det1=true
[9763]	93	103	-17	3	-9	-5	det1=true
[9764]	93	103	-22	3	-9	5	det1=true
[9765]	97	103	-39	-18	-5	-8	det1=true
[9766]	97	103	-47	-18	-5	8	det1=true
[9767]	99	103	-35	3	-6	-8	det1=true
[9768]	99	103	-43	3	-6	8	det1=true
[9769]	99	103	-23	-25	-1	-10	det1=true
[9770]	99	103	-33	-25	-1	10	det1=true
[9771]	102	103	-30	-28	-4	-9	det1=true
[9772]	102	103	-39	-28	-4	9	det1=true
[9773]	25	104	-10	1	-5	2	det1=true
[9774]	34	104	-4	-3	-2	-6	det1=true
[9775]	34	104	-10	-3	-2	6	det1=true
[9776]	35	104	-9	-4	-2	-6	det1=true
[9777]	56	104	-20	1	-5	-6	det1=true
[9778]	56	104	-26	1	-5	6	det1=true
[9779]	59	104	-26	1	-5	-6	det1=true
[9780]	63	104	-28	0	-7	-4	det1=true
[9781]	63	104	-32	0	-7	4	det1=true
[9782]	68	104	-25	-2	-8	-3	det1=true
[9783]	68	104	-28	-2	-8	3	det1=true
[9784]	70	104	-29	0	-8	-3	det1=true
[9785]	70	104	-32	0	-8	3	det1=true
[9786]	77	104	-20	-6	-6	-7	det1=true
[9787]	77	104	-27	-6	-6	7	det1=true
[9788]	82	104	-8	1	-9	-4	det1=true
[9789]	87	104	-22	-23	-5	-8	det1=true
[9790]	87	104	-30	-23	-5	8	det1=true
[9791]	91	104	-25	2	-8	-6	det1=true
[9792]	91	104	-31	2	-8	6	det1=true
[9793]	97	104	-42	-4	-9	4	det1=true
[9794]	97	104	-31	-12	-8	-6	det1=true
[9795]	97	104	-37	-12	-8	6	det1=true
[9796]	102	104	-34	-7	-2	-10	det1=true
[9797]	102	104	-44	-7	-2	10	det1=true
[9798]	35	101	-7	3	-6	-2	det1=true
[9799]	35	101	-9	3	-6	2	det1=true
[9800]	68	101	-14	-13	-3	-8	det1=true
[9801]	68	101	-22	-13	-3	8	det1=true
[9802]	77	101	-23	-6	-9	-1	det1=true
[9803]	77	101	-24	-6	-9	1	det1=true
[9804]	77	101	-17	2	-7	-6	det1=true
[9805]	77	101	-23	2	-7	6	det1=true
[9806]	36	102	-8	0	-4	-5	det1=true
[9807]	36	102	-13	0	-4	5	det1=true
[9808]	73	102	-30	-25	-1	-8	det1=true
[9809]	73	102	-38	-25	-1	8	det1=true
[9810]	83	102	-30	-20	-2	9	det1=true
[9811]	99	102	0	-1	-4	-10	det1=true
[9812]	99	102	-10	-1	-4	10	det1=true
[9813]	56	103	-15	-10	-6	-5	det1=true
[9814]	56	103	-20	-10	-6	5	det1=true
[9815]	57	103	-13	1	-7	-4	det1=true
[9816]	57	103	-17	1	-7	4	det1=true
[9817]	58	103	-28	-5	-5	6	det1=true
[9818]	68	103	-27	-26	-6	-5	det1=true
[9819]	68	103	-32	-26	-6	5	det1=true
[9820]	76	103	-20	1	-9	-2	det1=true
[9821]	76	103	-22	1	-9	2	det1=true
[9822]	76	103	-6	0	-5	-8	det1=true
[9823]	77	103	-17	-9	-7	-6	det1=true
[9824]	77	103	-23	-9	-7	6	det1=true
[9825]	79	103	-12	-6	-3	-9	det1=true
[9826]	79	103	-21	-6	-3	9	det1=true
[9827]	80	103	-34	-20	-3	-8	det1=true
[9828]	81	103	-23	-4	-9	3	det1=true
[9829]	87	103	-39	-37	-7	-4	det1=true
[9830]	87	103	-43	-37	-7	4	det1=true
[9831]	89	103	-26	-15	-4	9	det1=true
[9832]	91	103	-17	-13	-6	-8	det1=true
[9833]	91	103	-25	-13	-6	8	det1=true
[9834]	97	103	-42	-13	-8	-5	det1=true
[9835]	97	103	-47	-13	-8	5	det1=true
[9836]	35	104	-11	-2	-6	-2	det1=true
[9837]	35	104	-13	-2	-6	2	det1=true
[9838]	35	104	-15	-4	-2	6	det1=true
[9839]	46	104	-13	-2	-4	-6	det1=true
[9840]	46	104	-19	-2	-4	6	det1=true
[9841]	62	104	-33	-12	-6	5	det1=true
[9842]	85	104	-6	-5	-6	-8	det1=true
[9843]	85	104	-14	-5	-6	8	det1=true
[9844]	89	104	-26	-3	-9	-4	det1=true
[9845]	90	104	-16	-12	-1	-10	det1=true
[9846]	90	104	-26	-12	-1	10	det1=true
[9847]	94	104	-35	-28	-2	-9	det1=true
[9848]	100	104	-11	0	-6	-9	det1=true
[9849]	58	101	-13	-2	-8	-1	det1=true
[9850]	58	101	-14	-2	-8	1	det1=true
[9851]	94	101	-23	-10	-10	1	det1=true
[9852]	95	101	-33	-18	-3	-9	det1=true
[9853]	95	101	-42	-18	-3	9	det1=true
[9854]	97	101	-23	-23	-4	-9	det1=true
[9855]	97	101	-32	-23	-4	9	det1=true
[9856]	59	102	-18	-2	-8	-1	det1=true
[9857]	61	102	-20	-2	-1	-8	det1=true
[9858]	61	102	-28	-2	-1	8	det1=true
[9859]	63	102	-30	-10	-1	8	det1=true
[9860]	87	102	-4	-5	-1	-10	det1=true
[9861]	87	102	-14	-5	-1	10	det1=true
[9862]	99	102	-3	2	-10	-4	det1=true
[9863]	99	102	-7	2	-10	4	det1=true
[9864]	75	103	1	3	-8	-5	det1=true
[9865]	75	103	-4	3	-8	5	det1=true
[9866]	76	103	-14	0	-5	8	det1=true
[9867]	88	103	-22	-4	-9	-4	det1=true
[9868]	96	103	-12	-1	-7	8	det1=true
[9869]	98	103	-33	-4	-6	-8	det1=true
[9870]	98	103	-41	-4	-6	8	det1=true
[9871]	99	103	-39	-34	-1	-9	det1=true
[9872]	101	103	-17	-20	-3	-10	det1=true
[9873]	101	103	-27	-20	-3	10	det1=true
[9874]	36	104	-10	-4	-5	-4	det1=true
[9875]	36	104	-14	-4	-5	4	det1=true
[9876]	51	104	0	1	-5	-6	det1=true
[9877]	89	104	-15	-12	-8	-6	det1=true
[9878]	89	104	-21	-12	-8	6	det1=true
[9879]	56	101	0	0	-4	-7	det1=true
[9880]	56	101	-7	0	-4	7	det1=true
[9881]	75	101	-9	-4	-7	-6	det1=true
[9882]	75	101	-15	-4	-7	6	det1=true
[9883]	77	101	-25	1	-9	-1	det1=true
[9884]	77	101	-26	1	-9	1	det1=true
[9885]	88	101	-18	-4	-9	-4	det1=true
[9886]	88	101	-22	-4	-9	4	det1=true
[9887]	94	101	-32	-1	-1	10	det1=true
[9888]	94	101	-22	-10	-10	-1	det1=true
[9889]	101	101	-28	-25	-4	-9	det1=true
[9890]	101	101	-37	-25	-4	9	det1=true
[9891]	48	102	-14	-5	-7	-2	det1=true
[9892]	54	102	-24	-16	-7	2	det1=true
[9893]	58	102	-3	4	-8	-2	det1=true
[9894]	58	102	-5	4	-8	2	det1=true
[9895]	59	102	-19	-2	-8	1	det1=true
[9896]	66	102	-31	-6	-8	-1	det1=true
[9897]	66	102	-32	-6	-8	1	det1=true
[9898]	71	102	-26	-26	-1	-8	det1=true
[9899]	71	102	-34	-26	-1	8	det1=true
[9900]	74	102	-36	-20	-8	-1	det1=true
[9901]	74	102	-37	-20	-8	1	det1=true
[9902]	78	102	-30	-29	-2	-8	det1=true
[9903]	78	102	-38	-29	-2	8	det1=true
[9904]	80	103	-36	-16	-3	-8	det1=true
[9905]	88	103	-8	-11	-1	-10	det1=true
[9906]	88	103	-18	-11	-1	10	det1=true
[9907]	92	103	-25	0	-8	-6	det1=true
[9908]	92	103	-31	0	-8	6	det1=true
[9909]	100	104	-20	0	-6	9	det1=true
[9910]	53	101	-19	-17	-6	-4	det1=true
[9911]	53	101	-23	-17	-6	4	det1=true
[9912]	83	101	-33	-23	-7	-5	det1=true
[9913]	83	101	-38	-23	-7	5	det1=true
[9914]	56	102	-4	-2	-4	-7	det1=true
[9915]	92	102	-44	-38	-8	-1	det1=true
[9916]	92	102	-45	-38	-8	1	det1=true
[9917]	44	103	-1	0	-4	-6	det1=true
[9918]	44	103	-7	0	-4	6	det1=true
[9919]	96	103	-36	-28	-7	-6	det1=true
[9920]	96	103	-42	-28	-7	6	det1=true
[9921]	103	103	-38	-10	-6	-8	det1=true
[9922]	103	103	-46	-10	-6	8	det1=true
[9923]	103	103	-30	-20	-10	-2	det1=true
[9924]	103	103	-32	-20	-10	2	det1=true
[9925]	87	104	1	-2	-2	-10	det1=true
[9926]	87	104	-9	-2	-2	10	det1=true
[9927]	99	104	-9	-4	-4	-10	det1=true
[9928]	99	104	-19	-4	-4	10	det1=true
[9929]	36	101	-9	-4	-4	5	det1=true
[9930]	56	102	-7	0	-8	-1	det1=true
[9931]	56	102	-8	0	-8	1	det1=true
[9932]	56	102	-11	-2	-4	7	det1=true
[9933]	59	103	-25	-15	-7	-3	det1=true
[9934]	59	103	-28	-15	-7	3	det1=true
[9935]	96	104	-27	-22	-4	-9	det1=true
[9936]	96	104	-36	-22	-4	9	det1=true
[9937]	68	101	-22	-23	-1	-8	det1=true
[9938]	68	101	-30	-23	-1	8	det1=true
[9939]	66	104	-26	-7	-2	-8	det1=true
[9940]	66	104	-34	-7	-2	8	det1=true
[9941]	84	104	-32	-12	-9	-2	det1=true
[9942]	84	104	-34	-12	-9	2	det1=true
[9943]	33	101	-14	-9	-3	-5	det1=true
[9944]	33	101	-19	-9	-3	5	det1=true
[9945]	36	101	-4	-4	-4	-5	det1=true
[9946]	84	101	-24	-16	-7	-6	det1=true
[9947]	84	101	-30	-16	-7	6	det1=true
[9948]	98	101	-43	-16	-6	-7	det1=true
[9949]	58	102	-15	-2	-8	-1	det1=true
[9950]	70	102	-26	-24	-1	-8	det1=true
[9951]	70	102	-34	-24	-1	8	det1=true
[9952]	102	102	-46	-11	-5	-8	det1=true
[9953]	102	102	-54	-11	-5	8	det1=true
[9954]	86	101	-25	-20	-2	-9	det1=true
[9955]	86	101	-34	-20	-2	9	det1=true
[9956]	101	101	-35	1	-6	-8	det1=true
[9957]	101	101	-43	1	-6	8	det1=true
[9958]	58	102	-16	2	-8	-1	det1=true
[9959]	58	102	-17	2	-8	1	det1=true
[9960]	104	104	-24	-12	-8	-7	det1=true
[9961]	104	104	-31	-12	-8	7	det1=true
[9962]	67	102	-31	-24	-6	5	det1=true
[9963]	87	104	-4	5	-10	-2	det1=true
[9964]	87	104	-6	5	-10	2	det1=true
[9965]	74	101	-26	-14	-3	-8	det1=true
[9966]	74	101	-34	-14	-3	8	det1=true
[9967]	58	102	0	1	-2	-8	det1=true
[9968]	58	102	-8	1	-2	8	det1=true
[9969]	67	102	-26	-24	-6	-5	det1=true
[9970]	92	102	-18	5	-10	-2	det1=true
[9971]	92	102	-20	5	-10	2	det1=true
[9972]	103	103	-46	-46	-2	-8	det1=true
[9973]	103	103	-54	-46	-2	8	det1=true
[9974]	57	103	-7	-10	-1	-8	det1=true
[9975]	57	103	-15	-10	-1	8	det1=true
[9976]	61	103	-20	-19	-6	-5	det1=true
[9977]	61	103	-25	-19	-6	5	det1=true
[9978]	99	103	-33	-11	-8	-6	det1=true
[9979]	99	103	-39	-11	-8	6	det1=true
[9980]	66	101	-26	-14	-8	-1	det1=true
[9981]	66	101	-27	-14	-8	1	det1=true
[9982]	78	102	-33	-26	-8	-2	det1=true
[9983]	78	102	-35	-26	-8	2	det1=true
[9984]	65	102	-22	-18	-8	-1	det1=true
[9985]	65	102	-23	-18	-8	1	det1=true
[9986]	98	102	-40	-24	-6	-7	det1=true
[9987]	53	104	-23	-16	-4	-6	det1=true
[9988]	53	104	-29	-16	-4	6	det1=true
[9989]	51	101	-19	-17	-1	-7	det1=true
[9990]	51	101	-26	-17	-1	7	det1=true
[9991]	69	101	-29	-9	-8	-2	det1=true
[9992]	69	101	-31	-9	-8	2	det1=true
[9993]	52	101	-23	-6	-4	-6	det1=true
[9994]	52	101	-29	-6	-4	6	det1=true
[9995]	103	103	-26	-24	-2	-10	det1=true
[9996]	96	104	-30	5	-10	-2	det1=true
[9997]	96	104	-32	5	-10	2	det1=true
[9998]	102	102	-39	-4	-10	-1	det1=true
[9999]	102	102	-40	-4	-10	1	det1=true
[10000]	91	104	-20	5	-10	-2	det1=true
[10001]	91	104	-22	5	-10	2	det1=true
[10002]	102	102	-32	-16	-1	-10	det1=true
[10003]	102	102	-42	-16	-1	10	det1=true
[10004]	46	105	-14	1	-7	-2	det1=true
[10005]	46	105	-16	1	-7	2	det1=true
[10006]	76	105	-16	-12	-6	-7	det1=true
[10007]	76	105	-23	-12	-6	7	det1=true
[10008]	103	105	-49	-17	-8	-5	det1=true
[10009]	24	105	1	0	-2	-5	det1=true
[10010]	24	105	-4	0	-2	5	det1=true
[10011]	56	105	-26	-20	-7	-2	det1=true
[10012]	56	105	-28	-20	-7	2	det1=true
[10013]	62	105	-29	4	-8	-1	det1=true
[10014]	62	105	-30	4	-8	1	det1=true
[10015]	69	105	-32	-12	-8	-2	det1=true
[10016]	69	105	-34	-12	-8	2	det1=true
[10017]	77	105	-35	-11	-5	-7	det1=true
[10018]	77	105	-42	-11	-5	7	det1=true
[10019]	84	105	-9	4	-8	-6	det1=true
[10020]	84	105	-15	4	-8	6	det1=true
[10021]	102	105	-22	-12	-8	-7	det1=true
[10022]	102	105	-29	-12	-8	7	det1=true
[10023]	105	105	-20	1	-11	-1	det1=true
[10024]	105	105	-21	1	-11	1	det1=true
[10025]	21	106	-6	2	-4	-3	det1=true
[10026]	21	106	-9	2	-4	3	det1=true
[10027]	66	106	-29	-10	-8	-2	det1=true
[10028]	66	106	-31	-10	-8	2	det1=true
[10029]	72	106	-30	-23	-2	-8	det1=true
[10030]	72	106	-38	-23	-2	8	det1=true
[10031]	80	106	-6	4	-9	-4	det1=true
[10032]	91	106	-45	-40	-8	-1	det1=true
[10033]	91	106	-46	-40	-8	1	det1=true
[10034]	92	106	-26	5	-10	-2	det1=true
[10035]	92	106	-28	5	-10	2	det1=true
[10036]	98	106	-38	-33	-7	-6	det1=true
[10037]	98	106	-44	-33	-7	6	det1=true
[10038]	106	106	-48	-32	-7	-6	det1=true
[10039]	106	106	-54	-32	-7	6	det1=true
[10040]	106	106	-43	-34	-8	-5	det1=true
[10041]	106	106	-48	-34	-8	5	det1=true
[10042]	58	107	-11	-8	-2	-8	det1=true
[10043]	58	107	-19	-8	-2	8	det1=true
[10044]	62	107	-28	-17	-5	-6	det1=true
[10045]	62	107	-34	-17	-5	6	det1=true
[10046]	99	107	-47	-38	-7	-5	det1=true
[10047]	99	107	-52	-38	-7	5	det1=true
[10048]	99	107	-46	-39	-5	-7	det1=true
[10049]	99	107	-53	-39	-5	7	det1=true
[10050]	99	107	-45	-32	-5	8	det1=true
[10051]	101	107	-30	-18	-5	-9	det1=true
[10052]	101	107	-39	-18	-5	9	det1=true
[10053]	104	107	-40	-36	-8	-5	det1=true
[10054]	104	107	-45	-36	-8	5	det1=true
[10055]	105	107	-49	-43	-7	-5	det1=true
[10056]	105	107	-54	-43	-7	5	det1=true
[10057]	82	108	-23	-18	-8	-5	det1=true
[10058]	82	108	-28	-18	-8	5	det1=true
[10059]	102	108	-42	-7	-10	-2	det1=true
[10060]	107	108	-31	-12	-4	-10	det1=true
[10061]	107	108	-41	-12	-4	10	det1=true
[10062]	54	105	-5	4	-8	-1	det1=true
[10063]	54	105	-6	4	-8	1	det1=true
[10064]	57	105	-3	-5	-2	-8	det1=true
[10065]	57	105	-11	-5	-2	8	det1=true
[10066]	59	105	-19	-5	-4	-7	det1=true
[10067]	59	105	-26	-5	-4	7	det1=true
[10068]	64	105	-25	-8	-8	-2	det1=true
[10069]	64	105	-27	-8	-8	2	det1=true
[10070]	70	105	-32	-15	-8	-2	det1=true
[10071]	73	105	-29	-25	-2	-8	det1=true
[10072]	73	105	-37	-25	-2	8	det1=true
[10073]	81	105	-37	-33	-4	-7	det1=true
[10074]	81	105	-44	-33	-4	7	det1=true
[10075]	94	105	-33	-32	-2	-9	det1=true
[10076]	94	105	-42	-32	-2	9	det1=true
[10077]	94	105	-4	2	-7	-8	det1=true
[10078]	94	105	-12	2	-7	8	det1=true
[10079]	97	105	-9	5	-10	-4	det1=true
[10080]	97	105	-13	5	-10	4	det1=true
[10081]	98	105	-41	-22	-8	-5	det1=true
[10082]	100	105	-36	-32	-8	-5	det1=true
[10083]	100	105	-27	-8	-8	7	det1=true
[10084]	101	105	-43	-1	-10	1	det1=true
[10085]	102	105	-26	-2	-8	-7	det1=true
[10086]	103	105	-31	-27	-1	-10	det1=true
[10087]	103	105	-41	-27	-1	10	det1=true
[10088]	44	106	-4	-2	-2	-7	det1=true
[10089]	44	106	-11	-2	-2	7	det1=true
[10090]	46	106	-9	-10	-2	-7	det1=true
[10091]	51	106	-24	-10	-7	-2	det1=true
[10092]	51	106	-26	-10	-7	2	det1=true
[10093]	59	106	-22	-16	-6	-5	det1=true
[10094]	59	106	-27	-16	-6	5	det1=true
[10095]	68	106	-28	2	-8	-3	det1=true
[10096]	68	106	-31	2	-8	3	det1=true
[10097]	68	106	-24	-8	-3	-8	det1=true
[10098]	68	106	-32	-8	-3	8	det1=true
[10099]	74	106	-17	-4	-6	-7	det1=true
[10100]	74	106	-24	-4	-6	7	det1=true
[10101]	82	106	-1	4	-8	-6	det1=true
[10102]	82	106	-7	4	-8	6	det1=true
[10103]	100	106	-36	-12	-1	-10	det1=true
[10104]	100	106	-46	-12	-1	10	det1=true
[10105]	100	106	-26	-12	-3	-10	det1=true
[10106]	103	106	-30	-30	-1	-10	det1=true
[10107]	103	106	-40	-30	-1	10	det1=true
[10108]	106	106	-48	-6	-10	-1	det1=true
[10109]	106	106	-49	-6	-10	1	det1=true
[10110]	31	107	-13	-10	-5	-3	det1=true
[10111]	31	107	-16	-10	-5	3	det1=true
[10112]	63	107	-28	4	-8	-2	det1=true
[10113]	63	107	-30	4	-8	2	det1=true
[10114]	67	107	-19	-16	-3	-8	det1=true
[10115]	67	107	-27	-16	-3	8	det1=true
[10116]	70	107	-30	1	-3	-8	det1=true
[10117]	70	107	-38	1	-3	8	det1=true
[10118]	79	107	-23	1	-5	-8	det1=true
[10119]	79	107	-31	1	-5	8	det1=true
[10120]	80	107	-32	-29	-3	-8	det1=true
[10121]	80	107	-40	-29	-3	8	det1=true
[10122]	84	107	-8	-7	-1	-10	det1=true
[10123]	84	107	-18	-7	-1	10	det1=true
[10124]	89	107	-27	3	-10	-1	det1=true
[10125]	89	107	-28	3	-10	1	det1=true
[10126]	99	107	-37	-32	-5	-8	det1=true
[10127]	101	107	-49	-9	-9	4	det1=true
[10128]	48	108	-24	-4	-7	2	det1=true
[10129]	54	108	-9	-4	-4	-7	det1=true
[10130]	54	108	-16	-4	-4	7	det1=true
[10131]	63	108	-24	-19	-1	-8	det1=true
[10132]	63	108	-32	-19	-1	8	det1=true
[10133]	92	108	-8	4	-8	-7	det1=true
[10134]	92	108	-15	4	-8	7	det1=true
[10135]	95	108	-30	-16	-1	-10	det1=true
[10136]	95	108	-40	-16	-1	10	det1=true
[10137]	101	108	-41	-6	-10	-2	det1=true
[10138]	101	108	-43	-6	-10	2	det1=true
[10139]	102	108	-4	-8	-2	-11	det1=true
[10140]	102	108	-15	-8	-2	11	det1=true
[10141]	103	108	-32	-31	-1	-10	det1=true
[10142]	103	108	-42	-31	-1	10	det1=true
[10143]	108	108	-30	-19	-10	-4	det1=true
[10144]	108	108	-34	-19	-10	4	det1=true
[10145]	108	108	-26	-4	-11	-2	det1=true
[10146]	108	108	-28	-4	-11	2	det1=true
[10147]	26	105	-9	-8	-2	-5	det1=true
[10148]	26	105	-14	-8	-2	5	det1=true
[10149]	46	105	-10	-6	-2	-7	det1=true
[10150]	46	105	-17	-6	-2	7	det1=true
[10151]	57	105	-6	-2	-8	-2	det1=true
[10152]	57	105	-8	-2	-8	2	det1=true
[10153]	64	105	-31	-16	-4	7	det1=true
[10154]	69	105	-6	-4	-1	-9	det1=true
[10155]	69	105	-15	-4	-1	9	det1=true
[10156]	70	105	-34	-15	-8	2	det1=true
[10157]	81	105	-40	-31	-8	-1	det1=true
[10158]	81	105	-41	-31	-8	1	det1=true
[10159]	83	105	-21	-17	-8	-5	det1=true
[10160]	83	105	-26	-17	-8	5	det1=true
[10161]	92	105	-20	-9	-10	-2	det1=true
[10162]	92	105	-22	-9	-10	2	det1=true
[10163]	95	105	-28	-15	-10	-1	det1=true
[10164]	95	105	-29	-15	-10	1	det1=true
[10165]	95	105	-18	-14	-5	-9	det1=true
[10166]	95	105	-27	-14	-5	9	det1=true
[10167]	98	105	-40	-6	-9	-4	det1=true
[10168]	102	105	-33	-2	-8	7	det1=true
[10169]	103	105	-27	-5	-8	-7	det1=true
[10170]	103	105	-34	-5	-8	7	det1=true
[10171]	105	105	-30	-19	-10	-3	det1=true
[10172]	105	105	-33	-19	-10	3	det1=true
[10173]	105	105	-29	5	-10	-4	det1=true
[10174]	105	105	-33	5	-10	4	det1=true
[10175]	46	106	-16	-10	-2	7	det1=true
[10176]	57	106	-24	-2	-5	-6	det1=true
[10177]	57	106	-30	-2	-5	6	det1=true
[10178]	64	106	-18	-19	-2	-8	det1=true
[10179]	66	106	-26	-13	-2	-8	det1=true
[10180]	66	106	-34	-13	-2	8	det1=true
[10181]	69	106	-34	-22	-7	4	det1=true
[10182]	80	106	-10	4	-9	4	det1=true
[10183]	85	106	-30	-9	-5	-8	det1=true
[10184]	85	106	-38	-9	-5	8	det1=true
[10185]	88	106	-31	-18	-8	-5	det1=true
[10186]	88	106	-36	-18	-8	5	det1=true
[10187]	95	106	-36	-10	-9	-4	det1=true
[10188]	95	106	-40	-10	-9	4	det1=true
[10189]	101	106	-49	-42	-8	3	det1=true
[10190]	101	106	-18	-4	-6	-9	det1=true
[10191]	101	106	-27	-4	-6	9	det1=true
[10192]	104	106	-44	-14	-4	-9	det1=true
[10193]	104	106	-53	-14	-4	9	det1=true
[10194]	53	107	-21	-8	-7	-3	det1=true
[10195]	53	107	-24	-8	-7	3	det1=true
[10196]	55	107	-11	-4	-1	-8	det1=true
[10197]	55	107	-19	-4	-1	8	det1=true
[10198]	60	107	-17	-10	-8	-2	det1=true
[10199]	60	107	-19	-10	-8	2	det1=true
[10200]	63	107	-20	-16	-8	-2	det1=true
[10201]	69	107	-32	-27	-6	-5	det1=true
[10202]	69	107	-37	-27	-6	5	det1=true
[10203]	74	107	-17	-8	-2	-9	det1=true
[10204]	74	107	-26	-8	-2	9	det1=true
[10205]	74	107	-18	-9	-9	-2	det1=true
[10206]	75	107	-21	1	-2	-9	det1=true
[10207]	75	107	-30	1	-2	9	det1=true
[10208]	77	107	-21	-15	-9	-2	det1=true
[10209]	83	107	-42	-9	-2	9	det1=true
[10210]	83	107	-11	-13	-4	-9	det1=true
[10211]	85	107	-35	-20	-1	-9	det1=true
[10212]	85	107	-44	-20	-1	9	det1=true
[10213]	89	107	-48	-15	-2	9	det1=true
[10214]	89	107	-19	-5	-10	-2	det1=true
[10215]	89	107	-21	-5	-10	2	det1=true
[10216]	93	107	-39	-17	-5	-8	det1=true
[10217]	93	107	-47	-17	-5	8	det1=true
[10218]	94	107	-38	-28	-6	-7	det1=true
[10219]	94	107	-45	-28	-6	7	det1=true
[10220]	94	107	-26	4	-10	3	det1=true
[10221]	95	107	-29	-17	-6	-8	det1=true
[10222]	95	107	-37	-17	-6	8	det1=true
[10223]	98	107	-36	-13	-8	-6	det1=true
[10224]	98	107	-42	-13	-8	6	det1=true
[10225]	99	107	-24	-26	-2	-10	det1=true
[10226]	99	107	-34	-26	-2	10	det1=true
[10227]	99	107	-23	-2	-9	6	det1=true
[10228]	100	107	-31	-30	-4	-9	det1=true
[10229]	100	107	-40	-30	-4	9	det1=true
[10230]	101	107	-45	-9	-9	-4	det1=true
[10231]	101	107	-12	-4	-11	1	det1=true
[10232]	101	107	-6	-9	-1	-11	det1=true
[10233]	105	107	-29	-19	-6	9	det1=true
[10234]	106	107	-34	-36	-4	-9	det1=true
[10235]	106	107	-24	-17	-9	-6	det1=true
[10236]	106	107	-30	-17	-9	6	det1=true
[10237]	107	107	-39	-17	-7	8	det1=true
[10238]	56	108	-13	2	-8	2	det1=true
[10239]	60	108	-26	-4	-7	-4	det1=true
[10240]	60	108	-30	-4	-7	4	det1=true
[10241]	76	108	-16	-8	-8	-5	det1=true
[10242]	76	108	-21	-8	-8	5	det1=true
[10243]	78	108	-24	4	-8	-5	det1=true
[10244]	78	108	-29	4	-8	5	det1=true
[10245]	84	108	-12	-4	-1	-10	det1=true
[10246]	84	108	-22	-4	-1	10	det1=true
[10247]	87	108	-32	-18	-8	-5	det1=true
[10248]	91	108	-44	-20	-5	8	det1=true
[10249]	93	108	-32	-10	-10	-1	det1=true
[10250]	93	108	-33	-10	-10	1	det1=true
[10251]	93	108	-31	-12	-10	-1	det1=true
[10252]	93	108	-32	-12	-10	1	det1=true
[10253]	98	108	-16	-4	-9	-6	det1=true
[10254]	98	108	-22	-4	-9	6	det1=true
[10255]	100	108	-30	-28	-1	-10	det1=true
[10256]	100	108	-40	-28	-1	10	det1=true
[10257]	101	108	-42	-1	-10	-2	det1=true
[10258]	101	108	-44	-1	-10	2	det1=true
[10259]	102	108	-44	-7	-10	2	det1=true
[10260]	104	108	-32	-8	-7	-8	det1=true
[10261]	104	108	-40	-8	-7	8	det1=true
[10262]	106	108	-28	-17	-10	-4	det1=true
[10263]	106	108	-32	-17	-10	4	det1=true
[10264]	108	108	-28	-19	-9	-6	det1=true
[10265]	108	108	-34	-19	-9	6	det1=true
[10266]	46	105	-10	-7	-7	-2	det1=true
[10267]	46	105	-12	-7	-7	2	det1=true
[10268]	56	105	-20	-6	-6	-5	det1=true
[10269]	56	105	-25	-6	-6	5	det1=true
[10270]	60	105	-16	1	-2	-8	det1=true
[10271]	60	105	-24	1	-2	8	det1=true
[10272]	62	105	-20	-9	-8	-2	det1=true
[10273]	62	105	-22	-9	-8	2	det1=true
[10274]	63	105	-15	1	-8	-3	det1=true
[10275]	64	105	-24	-16	-4	-7	det1=true
[10276]	66	105	-24	-22	-1	-8	det1=true
[10277]	66	105	-32	-22	-1	8	det1=true
[10278]	66	105	-14	-15	-3	-8	det1=true
[10279]	75	105	-27	-23	-8	-3	det1=true
[10280]	75	105	-30	-23	-8	3	det1=true
[10281]	75	105	-19	-15	-9	-1	det1=true
[10282]	75	105	-20	-15	-9	1	det1=true
[10283]	75	105	-5	-6	-5	-8	det1=true
[10284]	75	105	-13	-6	-5	8	det1=true
[10285]	85	105	-34	-9	-6	-7	det1=true
[10286]	85	105	-41	-9	-6	7	det1=true
[10287]	88	105	-36	-14	-2	-9	det1=true
[10288]	88	105	-45	-14	-2	9	det1=true
[10289]	91	105	-27	-1	-10	-1	det1=true
[10290]	91	105	-28	-1	-10	1	det1=true
[10291]	92	105	-16	-13	-2	-10	det1=true
[10292]	92	105	-26	-13	-2	10	det1=true
[10293]	94	105	-41	-12	-8	-5	det1=true
[10294]	94	105	-46	-12	-8	5	det1=true
[10295]	94	105	-30	-29	-5	-8	det1=true
[10296]	94	105	-38	-29	-5	8	det1=true
[10297]	96	105	1	2	-4	-10	det1=true
[10298]	96	105	-9	2	-4	10	det1=true
[10299]	98	105	-10	1	-4	-10	det1=true
[10300]	98	105	-20	1	-4	10	det1=true
[10301]	99	105	-45	-14	-5	-8	det1=true
[10302]	99	105	-53	-14	-5	8	det1=true
[10303]	99	105	-11	1	-6	-9	det1=true
[10304]	99	105	-20	1	-6	9	det1=true
[10305]	100	105	-20	-8	-8	-7	det1=true
[10306]	101	105	-42	-1	-10	-1	det1=true
[10307]	102	105	-42	1	-8	-6	det1=true
[10308]	102	105	-48	1	-8	6	det1=true
[10309]	102	105	-41	0	-6	-8	det1=true
[10310]	102	105	-49	0	-6	8	det1=true
[10311]	48	106	-22	3	-6	-4	det1=true
[10312]	48	106	-26	3	-6	4	det1=true
[10313]	61	106	-20	-15	-7	-4	det1=true
[10314]	61	106	-24	-15	-7	4	det1=true
[10315]	61	106	-10	4	-8	-3	det1=true
[10316]	61	106	-13	4	-8	3	det1=true
[10317]	64	106	-24	-9	-2	-8	det1=true
[10318]	64	106	-32	-9	-2	8	det1=true
[10319]	69	106	-30	-22	-7	-4	det1=true
[10320]	70	106	-28	-27	-1	-8	det1=true
[10321]	73	106	-16	2	-7	-6	det1=true
[10322]	76	106	-21	-6	-6	-7	det1=true
[10323]	76	106	-28	-6	-6	7	det1=true
[10324]	76	106	-20	-8	-2	-9	det1=true
[10325]	76	106	-20	-11	-9	-2	det1=true
[10326]	76	106	-22	-11	-9	2	det1=true
[10327]	80	106	-32	-28	-8	-3	det1=true
[10328]	80	106	-35	-28	-8	3	det1=true
[10329]	82	106	-10	-7	-9	-4	det1=true
[10330]	82	106	-14	-7	-9	4	det1=true
[10331]	94	106	-21	4	-10	-3	det1=true
[10332]	94	106	-24	4	-10	3	det1=true
[10333]	95	106	-42	-22	-6	-7	det1=true
[10334]	97	106	-8	-5	-4	-10	det1=true
[10335]	97	106	-18	-5	-4	10	det1=true
[10336]	98	106	-29	4	-10	-3	det1=true
[10337]	98	106	-32	4	-10	3	det1=true
[10338]	99	106	-41	2	-10	-1	det1=true
[10339]	99	106	-42	2	-10	1	det1=true
[10340]	100	106	-44	-16	-9	4	det1=true
[10341]	100	106	-24	0	-7	-8	det1=true
[10342]	100	106	-32	0	-7	8	det1=true
[10343]	102	106	-28	0	-8	-7	det1=true
[10344]	24	107	-6	1	-5	-2	det1=true
[10345]	24	107	-8	1	-5	2	det1=true
[10346]	29	107	-9	-3	-3	-5	det1=true
[10347]	29	107	-14	-3	-3	5	det1=true
[10348]	46	107	-14	-9	-4	-6	det1=true
[10349]	47	107	-21	-2	-7	2	det1=true
[10350]	67	107	-21	-13	-3	-8	det1=true
[10351]	67	107	-29	-13	-3	8	det1=true
[10352]	67	107	-2	-3	-1	-9	det1=true
[10353]	67	107	-11	-3	-1	9	det1=true
[10354]	71	107	-25	-17	-7	-5	det1=true
[10355]	71	107	-24	-18	-5	-7	det1=true
[10356]	71	107	-31	-18	-5	7	det1=true
[10357]	74	107	-32	-30	-7	-4	det1=true
[10358]	74	107	-36	-30	-7	4	det1=true
[10359]	74	107	-30	-33	-1	-8	det1=true
[10360]	74	107	-38	-33	-1	8	det1=true
[10361]	74	107	-20	-9	-9	2	det1=true
[10362]	75	107	-13	2	-9	-3	det1=true
[10363]	77	107	-23	-15	-9	2	det1=true
[10364]	77	107	-23	-10	-5	8	det1=true
[10365]	82	107	-25	-22	-2	-9	det1=true
[10366]	82	107	-10	-3	-8	6	det1=true
[10367]	83	107	-41	-7	-6	7	det1=true
[10368]	84	107	-31	-8	-8	-5	det1=true
[10369]	84	107	-36	-8	-8	5	det1=true
[10370]	87	107	-24	-7	-4	-9	det1=true
[10371]	87	107	-33	-7	-4	9	det1=true
[10372]	87	107	-5	-3	-9	-5	det1=true
[10373]	87	107	-10	-3	-9	5	det1=true
[10374]	92	107	-29	-8	-8	-6	det1=true
[10375]	92	107	-35	-8	-8	6	det1=true
[10376]	92	107	-28	-9	-6	-8	det1=true
[10377]	92	107	-36	-9	-6	8	det1=true
[10378]	94	107	-23	4	-10	-3	det1=true
[10379]	96	107	-7	-6	-4	-10	det1=true
[10380]	96	107	-8	4	-9	-6	det1=true
[10381]	97	107	-40	-31	-2	-9	det1=true
[10382]	97	107	-49	-31	-2	9	det1=true
[10383]	100	107	-20	0	-9	-6	det1=true
[10384]	101	107	-17	-9	-1	11	det1=true
[10385]	32	108	-12	-4	-1	-6	det1=true
[10386]	32	108	-18	-4	-1	6	det1=true
[10387]	33	108	0	1	-5	-4	det1=true
[10388]	33	108	-4	1	-5	4	det1=true
[10389]	34	108	-8	0	-4	-5	det1=true
[10390]	34	108	-13	0	-4	5	det1=true
[10391]	48	108	-22	-4	-7	-2	det1=true
[10392]	53	108	-6	-1	-7	-4	det1=true
[10393]	53	108	-10	-1	-7	4	det1=true
[10394]	57	108	-15	4	-8	-2	det1=true
[10395]	57	108	-17	4	-8	2	det1=true
[10396]	60	108	-19	-12	-8	2	det1=true
[10397]	60	108	-14	-15	-2	-8	det1=true
[10398]	60	108	-22	-15	-2	8	det1=true
[10399]	62	108	-22	-19	-1	-8	det1=true
[10400]	62	108	-30	-19	-1	8	det1=true
[10401]	65	108	-28	-9	-3	8	det1=true
[10402]	85	108	-14	-7	-1	-10	det1=true
[10403]	85	108	-24	-7	-1	10	det1=true
[10404]	91	108	-38	-16	-5	-8	det1=true
[10405]	91	108	-46	-16	-5	8	det1=true
[10406]	96	108	-30	-19	-1	-10	det1=true
[10407]	96	108	-40	-19	-1	10	det1=true
[10408]	99	108	-17	-10	-4	-10	det1=true
[10409]	99	108	-27	-10	-4	10	det1=true
[10410]	105	108	-40	-23	-1	-10	det1=true
[10411]	105	108	-50	-23	-1	10	det1=true
[10412]	105	108	-45	-26	-8	6	det1=true
[10413]	44	105	0	-2	-2	-7	det1=true
[10414]	44	105	-7	-2	-2	7	det1=true
[10415]	51	105	-21	-13	-7	-2	det1=true
[10416]	51	105	-23	-13	-7	2	det1=true
[10417]	58	105	-21	-10	-4	7	det1=true
[10418]	63	105	-18	1	-8	3	det1=true
[10419]	64	105	-27	-2	-8	-2	det1=true
[10420]	64	105	-29	-2	-8	2	det1=true
[10421]	64	105	-24	-5	-2	-8	det1=true
[10422]	64	105	-32	-5	-2	8	det1=true
[10423]	64	105	-22	-11	-2	-8	det1=true
[10424]	64	105	-30	-11	-2	8	det1=true
[10425]	66	105	-22	-15	-3	8	det1=true
[10426]	80	105	-36	-29	-2	-8	det1=true
[10427]	81	105	-24	-5	-8	-5	det1=true
[10428]	81	105	-29	-5	-8	5	det1=true
[10429]	87	105	-34	-5	-8	-5	det1=true
[10430]	96	105	-2	5	-10	-4	det1=true
[10431]	96	105	-6	5	-10	4	det1=true
[10432]	98	105	-46	-22	-8	5	det1=true
[10433]	98	105	-44	-6	-9	4	det1=true
[10434]	105	105	-69	-29	-2	8	det1=true
[10435]	24	106	-6	1	-5	2	det1=true
[10436]	50	106	0	2	-6	-5	det1=true
[10437]	50	106	-5	2	-6	5	det1=true
[10438]	62	106	-10	-5	-3	-8	det1=true
[10439]	62	106	-18	-5	-3	8	det1=true
[10440]	71	106	-10	-1	-9	-2	det1=true
[10441]	71	106	-8	-2	-7	-6	det1=true
[10442]	73	106	-22	2	-7	6	det1=true
[10443]	76	106	-29	-8	-2	9	det1=true
[10444]	84	106	-11	2	-10	-1	det1=true
[10445]	84	106	-12	2	-10	1	det1=true
[10446]	88	106	-27	-30	-2	-9	det1=true
[10447]	88	106	-36	-30	-2	9	det1=true
[10448]	94	106	-26	-15	-1	-10	det1=true
[10449]	94	106	-36	-15	-1	10	det1=true
[10450]	99	106	-30	-22	-1	-10	det1=true
[10451]	99	106	-40	-22	-1	10	det1=true
[10452]	100	106	-40	-16	-9	-4	det1=true
[10453]	101	106	-46	-42	-8	-3	det1=true
[10454]	101	106	-44	-30	-7	-6	det1=true
[10455]	101	106	-50	-30	-7	6	det1=true
[10456]	102	106	-35	0	-8	7	det1=true
[10457]	29	107	-10	-2	-5	-3	det1=true
[10458]	29	107	-13	-2	-5	3	det1=true
[10459]	29	107	-8	-5	-3	-5	det1=true
[10460]	29	107	-13	-5	-3	5	det1=true
[10461]	31	107	-9	-1	-6	-1	det1=true
[10462]	31	107	-10	-1	-6	1	det1=true
[10463]	45	107	-17	-7	-1	-7	det1=true
[10464]	56	107	-12	-9	-7	-4	det1=true
[10465]	56	107	-16	-9	-7	4	det1=true
[10466]	62	107	-24	-14	-1	-8	det1=true
[10467]	62	107	-32	-14	-1	8	det1=true
[10468]	71	107	-30	-17	-7	5	det1=true
[10469]	71	107	-12	-14	-1	-9	det1=true
[10470]	71	107	-21	-14	-1	9	det1=true
[10471]	75	107	-22	3	-6	-7	det1=true
[10472]	75	107	-29	3	-6	7	det1=true
[10473]	75	107	-10	-1	-3	-9	det1=true
[10474]	75	107	-19	-1	-3	9	det1=true
[10475]	76	107	-23	0	-2	-9	det1=true
[10476]	76	107	-32	0	-2	9	det1=true
[10477]	77	107	-15	-10	-5	-8	det1=true
[10478]	81	107	-35	-27	-3	-8	det1=true
[10479]	81	107	-43	-27	-3	8	det1=true
[10480]	82	107	-4	-3	-8	-6	det1=true
[10481]	83	107	-34	-7	-6	-7	det1=true
[10482]	83	107	-27	-21	-6	-7	det1=true
[10483]	83	107	-34	-21	-6	7	det1=true
[10484]	83	107	-11	1	-8	-6	det1=true
[10485]	83	107	-17	1	-8	6	det1=true
[10486]	83	107	-17	-3	-6	8	det1=true
[10487]	89	107	-39	-15	-2	-9	det1=true
[10488]	89	107	-31	-28	-7	-6	det1=true
[10489]	89	107	-37	-28	-7	6	det1=true
[10490]	93	107	-31	-9	-10	-1	det1=true
[10491]	93	107	-32	-9	-10	1	det1=true
[10492]	95	107	-36	-27	-8	-5	det1=true
[10493]	95	107	-41	-27	-8	5	det1=true
[10494]	98	107	-12	-6	-9	-6	det1=true
[10495]	100	107	-26	0	-9	6	det1=true
[10496]	101	107	-14	2	-11	-1	det1=true
[10497]	101	107	-15	2	-11	1	det1=true
[10498]	102	107	-8	1	-11	2	det1=true
[10499]	105	107	-20	-19	-6	-9	det1=true
[10500]	56	108	-11	2	-8	-2	det1=true
[10501]	60	108	-8	0	-3	-8	det1=true
[10502]	60	108	-16	0	-3	8	det1=true
[10503]	65	108	-24	-2	-8	-3	det1=true
[10504]	68	108	-26	-9	-3	-8	det1=true
[10505]	68	108	-34	-9	-3	8	det1=true
[10506]	73	108	-26	-24	-3	-8	det1=true
[10507]	73	108	-34	-24	-3	8	det1=true
[10508]	88	108	-22	-3	-1	-10	det1=true
[10509]	88	108	-32	-3	-1	10	det1=true
[10510]	89	108	-35	-18	-8	-5	det1=true
[10511]	90	108	-26	-9	-6	-8	det1=true
[10512]	90	108	-34	-9	-6	8	det1=true
[10513]	90	108	-23	-6	-10	-2	det1=true
[10514]	90	108	-25	-6	-10	2	det1=true
[10515]	98	108	-39	-8	-8	-6	det1=true
[10516]	98	108	-45	-8	-8	6	det1=true
[10517]	99	108	-20	-7	-10	-4	det1=true
[10518]	99	108	-24	-7	-10	4	det1=true
[10519]	101	108	-39	-26	-2	10	det1=true
[10520]	103	108	-26	-17	-7	-8	det1=true
[10521]	103	108	-34	-17	-7	8	det1=true
[10522]	105	108	-39	-26	-8	-6	det1=true
[10523]	108	108	-91	-6	-6	-1	det1=true
[10524]	47	105	-19	-9	-1	-7	det1=true
[10525]	47	105	-26	-9	-1	7	det1=true
[10526]	47	105	-13	-7	-2	-7	det1=true
[10527]	47	105	-20	-7	-2	7	det1=true
[10528]	57	105	-8	2	-8	-2	det1=true
[10529]	57	105	-10	2	-8	2	det1=true
[10530]	58	105	-14	-10	-4	-7	det1=true
[10531]	63	105	-11	0	-7	-5	det1=true
[10532]	63	105	-16	0	-7	5	det1=true
[10533]	90	105	-21	-10	-10	-1	det1=true
[10534]	90	105	-22	-10	-10	1	det1=true
[10535]	92	105	-20	-16	-1	-10	det1=true
[10536]	92	105	-30	-16	-1	10	det1=true
[10537]	97	105	-45	-19	-7	-6	det1=true
[10538]	97	105	-51	-19	-7	6	det1=true
[10539]	100	105	-41	-32	-8	5	det1=true
[10540]	101	105	-35	3	-9	-5	det1=true
[10541]	101	105	-40	3	-9	5	det1=true
[10542]	24	106	-4	1	-5	-2	det1=true
[10543]	25	106	-10	-1	-5	-2	det1=true
[10544]	61	106	-24	-6	-1	-8	det1=true
[10545]	61	106	-32	-6	-1	8	det1=true
[10546]	70	106	-36	-27	-1	8	det1=true
[10547]	71	106	-12	-1	-9	2	det1=true
[10548]	73	106	-34	-8	-8	-3	det1=true
[10549]	73	106	-37	-8	-8	3	det1=true
[10550]	76	106	-22	-4	-7	-6	det1=true
[10551]	76	106	-28	-4	-7	6	det1=true
[10552]	76	106	-18	-12	-7	-6	det1=true
[10553]	76	106	-24	-12	-7	6	det1=true
[10554]	84	106	-22	-20	-5	-8	det1=true
[10555]	84	106	-30	-20	-5	8	det1=true
[10556]	88	106	-28	-28	-6	-7	det1=true
[10557]	88	106	-35	-28	-6	7	det1=true
[10558]	90	106	-23	-10	-10	-1	det1=true
[10559]	90	106	-24	-10	-10	1	det1=true
[10560]	91	106	-28	1	-8	-6	det1=true
[10561]	91	106	-34	1	-8	6	det1=true
[10562]	91	106	-20	-17	-8	-6	det1=true
[10563]	91	106	-26	-17	-8	6	det1=true
[10564]	95	106	-49	-22	-6	7	det1=true
[10565]	95	106	-32	-9	-8	-6	det1=true
[10566]	95	106	-38	-9	-8	6	det1=true
[10567]	97	106	-15	-2	-10	4	det1=true
[10568]	100	106	-36	-12	-3	10	det1=true
[10569]	101	106	-40	-35	-7	-6	det1=true
[10570]	29	107	-9	-4	-5	-3	det1=true
[10571]	29	107	-12	-4	-5	3	det1=true
[10572]	47	107	-19	-2	-7	-2	det1=true
[10573]	53	107	-26	-10	-3	7	det1=true
[10574]	63	107	-25	1	-2	-8	det1=true
[10575]	63	107	-33	1	-2	8	det1=true
[10576]	71	107	-27	-14	-7	-5	det1=true
[10577]	71	107	-26	-15	-5	-7	det1=true
[10578]	71	107	-33	-15	-5	7	det1=true
[10579]	73	107	-11	-13	-2	-9	det1=true
[10580]	73	107	-20	-13	-2	9	det1=true
[10581]	75	107	-34	-13	-7	-5	det1=true
[10582]	75	107	-39	-13	-7	5	det1=true
[10583]	81	107	-22	-11	-3	-9	det1=true
[10584]	81	107	-31	-11	-3	9	det1=true
[10585]	82	107	-34	-22	-2	9	det1=true
[10586]	83	107	-33	-9	-2	-9	det1=true
[10587]	83	107	-26	-23	-2	-9	det1=true
[10588]	83	107	-35	-23	-2	9	det1=true
[10589]	83	107	-27	-13	-8	-5	det1=true
[10590]	83	107	-32	-13	-8	5	det1=true
[10591]	86	107	-36	-14	-7	-6	det1=true
[10592]	86	107	-42	-14	-7	6	det1=true
[10593]	89	107	-13	-2	-5	-9	det1=true
[10594]	89	107	-22	-2	-5	9	det1=true
[10595]	90	107	-23	-14	-10	1	det1=true
[10596]	96	107	-14	4	-9	6	det1=true
[10597]	101	107	-41	-25	-9	4	det1=true
[10598]	102	107	-45	-4	-10	-1	det1=true
[10599]	102	107	-46	-4	-10	1	det1=true
[10600]	102	107	-6	1	-11	-2	det1=true
[10601]	103	107	-36	-14	-9	-5	det1=true
[10602]	104	107	-42	-12	-1	-10	det1=true
[10603]	104	107	-52	-12	-1	10	det1=true
[10604]	107	107	-31	-17	-7	-8	det1=true
[10605]	33	108	-17	-6	-6	1	det1=true
[10606]	55	108	-2	-1	-2	-8	det1=true
[10607]	55	108	-10	-1	-2	8	det1=true
[10608]	60	108	-17	-12	-8	-2	det1=true
[10609]	65	108	-32	-14	-8	-1	det1=true
[10610]	65	108	-33	-14	-8	1	det1=true
[10611]	65	108	-27	-2	-8	3	det1=true
[10612]	65	108	-20	-9	-3	-8	det1=true
[10613]	67	108	-28	-24	-8	-1	det1=true
[10614]	67	108	-29	-24	-8	1	det1=true
[10615]	83	108	-26	-16	-5	-8	det1=true
[10616]	83	108	-34	-16	-5	8	det1=true
[10617]	91	108	-36	-20	-5	-8	det1=true
[10618]	92	108	-43	-8	-8	-5	det1=true
[10619]	92	108	-48	-8	-8	5	det1=true
[10620]	94	108	-22	-19	-2	-10	det1=true
[10621]	94	108	-32	-19	-2	10	det1=true
[10622]	95	108	-12	5	-10	-4	det1=true
[10623]	95	108	-16	5	-10	4	det1=true
[10624]	98	108	-16	-9	-10	-4	det1=true
[10625]	98	108	-20	-9	-10	4	det1=true
[10626]	99	108	-26	1	-9	6	det1=true
[10627]	99	108	-16	-8	-6	-9	det1=true
[10628]	55	105	-14	-3	-4	7	det1=true
[10629]	60	105	-21	4	-8	2	det1=true
[10630]	62	105	-17	-12	-2	-8	det1=true
[10631]	62	105	-25	-12	-2	8	det1=true
[10632]	72	105	-33	-2	-8	-3	det1=true
[10633]	72	105	-36	-2	-8	3	det1=true
[10634]	86	105	-10	-6	-1	-10	det1=true
[10635]	86	105	-20	-6	-1	10	det1=true
[10636]	89	105	-38	-40	-2	-8	det1=true
[10637]	89	105	-46	-40	-2	8	det1=true
[10638]	92	105	-24	-7	-1	-10	det1=true
[10639]	92	105	-34	-7	-1	10	det1=true
[10640]	98	105	-18	2	-7	-8	det1=true
[10641]	98	105	-26	2	-7	8	det1=true
[10642]	102	105	-26	1	-7	-8	det1=true
[10643]	102	105	-34	1	-7	8	det1=true
[10644]	102	105	-19	-16	-8	-7	det1=true
[10645]	102	105	-26	-16	-8	7	det1=true
[10646]	32	106	-12	-4	-6	1	det1=true
[10647]	34	106	-3	-2	-4	-5	det1=true
[10648]	34	106	-8	-2	-4	5	det1=true
[10649]	49	106	-14	-16	-2	-7	det1=true
[10650]	49	106	-21	-16	-2	7	det1=true
[10651]	57	106	-18	2	-7	-4	det1=true
[10652]	57	106	-22	2	-7	4	det1=true
[10653]	71	106	-14	-2	-7	6	det1=true
[10654]	80	106	-34	-25	-3	-8	det1=true
[10655]	83	106	-30	-17	-9	-2	det1=true
[10656]	83	106	-32	-17	-9	2	det1=true
[10657]	87	106	-34	-5	-5	-8	det1=true
[10658]	87	106	-42	-5	-5	8	det1=true
[10659]	102	106	-25	-10	-8	-7	det1=true
[10660]	102	106	-32	-10	-8	7	det1=true
[10661]	103	106	-40	-33	-5	-8	det1=true
[10662]	103	106	-48	-33	-5	8	det1=true
[10663]	46	107	-20	-9	-4	6	det1=true
[10664]	53	107	-19	-10	-3	-7	det1=true
[10665]	58	107	-21	-16	-6	-5	det1=true
[10666]	58	107	-26	-16	-6	5	det1=true
[10667]	71	107	-32	-14	-7	5	det1=true
[10668]	79	107	-23	-5	-8	-5	det1=true
[10669]	79	107	-28	-5	-8	5	det1=true
[10670]	82	107	-26	-20	-6	-7	det1=true
[10671]	82	107	-33	-20	-6	7	det1=true
[10672]	83	107	-35	-10	-9	-2	det1=true
[10673]	83	107	-37	-10	-9	2	det1=true
[10674]	92	107	-39	-16	-8	-5	det1=true
[10675]	92	107	-44	-16	-8	5	det1=true
[10676]	95	107	-30	-16	-8	-6	det1=true
[10677]	95	107	-36	-16	-8	6	det1=true
[10678]	99	107	-38	-2	-10	-2	det1=true
[10679]	99	107	-40	-2	-10	2	det1=true
[10680]	99	107	-17	-2	-9	-6	det1=true
[10681]	105	107	-48	-44	-5	-7	det1=true
[10682]	105	107	-55	-44	-5	7	det1=true
[10683]	61	108	-22	-16	-1	-8	det1=true
[10684]	61	108	-30	-16	-1	8	det1=true
[10685]	62	108	-28	-9	-7	-4	det1=true
[10686]	62	108	-32	-9	-7	4	det1=true
[10687]	66	108	-24	-8	-8	-3	det1=true
[10688]	66	108	-27	-8	-8	3	det1=true
[10689]	90	108	-19	-10	-2	-10	det1=true
[10690]	90	108	-29	-10	-2	10	det1=true
[10691]	91	108	-32	2	-10	-1	det1=true
[10692]	91	108	-33	2	-10	1	det1=true
[10693]	99	108	-22	-21	-3	-10	det1=true
[10694]	99	108	-32	-21	-3	10	det1=true
[10695]	99	108	-20	1	-9	-6	det1=true
[10696]	100	108	-28	2	-8	-7	det1=true
[10697]	100	108	-35	2	-8	7	det1=true
[10698]	100	108	-20	-17	-7	-8	det1=true
[10699]	100	108	-28	-17	-7	8	det1=true
[10700]	102	108	-39	-20	-8	-6	det1=true
[10701]	102	108	-45	-20	-8	6	det1=true
[10702]	60	105	-19	4	-8	-2	det1=true
[10703]	64	105	-27	-14	-8	-1	det1=true
[10704]	64	105	-28	-14	-8	1	det1=true
[10705]	83	105	-29	3	-8	-5	det1=true
[10706]	87	105	-39	-5	-8	5	det1=true
[10707]	99	105	-32	-19	-10	-1	det1=true
[10708]	99	105	-33	-19	-10	1	det1=true
[10709]	105	105	-46	-5	-10	-1	det1=true
[10710]	105	105	-47	-5	-10	1	det1=true
[10711]	82	106	-27	-6	-8	-5	det1=true
[10712]	82	106	-32	-6	-8	5	det1=true
[10713]	82	106	-18	0	-9	4	det1=true
[10714]	92	106	-26	-19	-9	-4	det1=true
[10715]	92	106	-30	-19	-9	4	det1=true
[10716]	101	106	-46	-35	-7	6	det1=true
[10717]	53	107	-16	-3	-6	-5	det1=true
[10718]	60	107	-21	-2	-8	-2	det1=true
[10719]	60	107	-23	-2	-8	2	det1=true
[10720]	71	107	-17	-10	-9	1	det1=true
[10721]	83	107	-9	-3	-6	-8	det1=true
[10722]	88	107	-23	-4	-8	-6	det1=true
[10723]	88	107	-29	-4	-8	6	det1=true
[10724]	90	107	-22	-14	-10	-1	det1=true
[10725]	91	107	-28	-6	-8	-6	det1=true
[10726]	91	107	-34	-6	-8	6	det1=true
[10727]	101	107	-44	-3	-10	-1	det1=true
[10728]	101	107	-45	-3	-10	1	det1=true
[10729]	51	108	-22	-16	-7	-2	det1=true
[10730]	51	108	-24	-16	-7	2	det1=true
[10731]	55	108	-5	2	-8	-2	det1=true
[10732]	55	108	-7	2	-8	2	det1=true
[10733]	75	108	-10	-11	-5	-8	det1=true
[10734]	99	108	-40	-12	-10	-1	det1=true
[10735]	99	108	-41	-12	-10	1	det1=true
[10736]	44	105	-1	0	-2	-7	det1=true
[10737]	44	105	-8	0	-2	7	det1=true
[10738]	65	105	-13	-9	-5	-7	det1=true
[10739]	65	105	-20	-9	-5	7	det1=true
[10740]	85	105	-33	-11	-2	-9	det1=true
[10741]	85	105	-42	-11	-2	9	det1=true
[10742]	89	105	-19	-2	-1	-10	det1=true
[10743]	105	105	-15	-4	-1	-11	det1=true
[10744]	105	105	-26	-4	-1	11	det1=true
[10745]	32	106	-12	-2	-6	-1	det1=true
[10746]	61	106	-26	-3	-7	-4	det1=true
[10747]	61	106	-30	-3	-7	4	det1=true
[10748]	81	106	-18	-17	-5	-8	det1=true
[10749]	81	106	-26	-17	-5	8	det1=true
[10750]	82	106	-14	0	-9	-4	det1=true
[10751]	94	106	-9	2	-8	-7	det1=true
[10752]	94	106	-16	2	-8	7	det1=true
[10753]	62	107	-11	-8	-8	-3	det1=true
[10754]	62	107	-14	-8	-8	3	det1=true
[10755]	71	107	-16	-10	-9	-1	det1=true
[10756]	95	107	-41	-41	-3	-8	det1=true
[10757]	95	107	-49	-41	-3	8	det1=true
[10758]	97	107	-48	-29	-6	7	det1=true
[10759]	101	107	-35	-23	-10	-1	det1=true
[10760]	101	107	-36	-23	-10	1	det1=true
[10761]	95	108	-32	-16	-10	-1	det1=true
[10762]	95	108	-33	-16	-10	1	det1=true
[10763]	43	105	-12	-1	-7	-1	det1=true
[10764]	43	105	-13	-1	-7	1	det1=true
[10765]	66	105	-26	-19	-7	-4	det1=true
[10766]	66	105	-30	-19	-7	4	det1=true
[10767]	99	105	-37	-29	-5	-8	det1=true
[10768]	99	105	-45	-29	-5	8	det1=true
[10769]	32	106	-13	-2	-6	1	det1=true
[10770]	61	106	-18	-18	-1	-8	det1=true
[10771]	61	106	-26	-18	-1	8	det1=true
[10772]	97	106	-11	-2	-10	-4	det1=true
[10773]	41	107	-6	1	-7	-1	det1=true
[10774]	41	107	-7	1	-7	1	det1=true
[10775]	45	107	-20	-4	-7	-1	det1=true
[10776]	45	107	-21	-4	-7	1	det1=true
[10777]	63	107	-25	-15	-4	-7	det1=true
[10778]	63	107	-32	-15	-4	7	det1=true
[10779]	63	107	-17	-19	-2	-8	det1=true
[10780]	94	107	-14	-14	-3	-10	det1=true
[10781]	94	107	-24	-14	-3	10	det1=true
[10782]	97	107	-41	-29	-6	-7	det1=true
[10783]	98	107	-22	1	-7	-8	det1=true
[10784]	98	107	-30	1	-7	8	det1=true
[10785]	100	107	-24	-10	-6	9	det1=true
[10786]	75	108	-18	-11	-5	8	det1=true
[10787]	72	105	-24	-20	-8	-3	det1=true
[10788]	72	105	-27	-20	-8	3	det1=true
[10789]	87	105	-36	-19	-1	-9	det1=true
[10790]	87	105	-45	-19	-1	9	det1=true
[10791]	89	105	-29	-2	-1	10	det1=true
[10792]	77	107	-29	-1	-1	-9	det1=true
[10793]	77	107	-38	-1	-1	9	det1=true
[10794]	90	107	-24	-11	-8	-6	det1=true
[10795]	90	107	-30	-11	-8	6	det1=true
[10796]	100	107	-15	-10	-6	-9	det1=true
[10797]	101	107	-33	-24	-1	-10	det1=true
[10798]	101	107	-43	-24	-1	10	det1=true
[10799]	31	108	-6	-7	-1	-6	det1=true
[10800]	86	108	-20	-3	-6	-8	det1=true
[10801]	103	108	-19	-20	-4	-10	det1=true
[10802]	103	108	-29	-20	-4	10	det1=true
[10803]	100	105	-22	-1	-7	-8	det1=true
[10804]	100	105	-30	-1	-7	8	det1=true
[10805]	74	107	-34	-14	-8	-3	det1=true
[10806]	81	105	-17	-16	-5	-8	det1=true
[10807]	81	105	-25	-16	-5	8	det1=true
[10808]	56	107	-10	-12	-1	-8	det1=true
[10809]	65	107	-19	-5	-7	-5	det1=true
[10810]	87	107	-8	3	-9	-5	det1=true
[10811]	87	107	-13	3	-9	5	det1=true
[10812]	96	105	-8	-8	-7	-8	det1=true
[10813]	96	105	-16	-8	-7	8	det1=true
[10814]	100	106	-21	-10	-8	-7	det1=true
[10815]	100	106	-28	-10	-8	7	det1=true
[10816]	86	108	-28	-3	-6	8	det1=true
[10817]	107	107	-40	-14	-5	-9	det1=true
[10818]	107	107	-49	-14	-5	9	det1=true
[10819]	54	105	-26	-15	-7	-2	det1=true
[10820]	54	105	-28	-15	-7	2	det1=true
[10821]	101	105	-23	-5	-7	-8	det1=true
[10822]	106	106	-44	-8	-1	-10	det1=true
[10823]	106	106	-54	-8	-1	10	det1=true
[10824]	102	106	-41	0	-10	-2	det1=true
[10825]	102	106	-43	0	-10	2	det1=true
[10826]	93	105	-30	4	-8	-6	det1=true
[10827]	93	105	-36	4	-8	6	det1=true
[10828]	75	107	-33	-14	-5	-7	det1=true
[10829]	75	107	-40	-14	-5	7	det1=true
[10830]	69	105	-26	0	-7	-5	det1=true
[10831]	69	105	-31	0	-7	5	det1=true
[10832]	75	105	-28	-19	-5	-7	det1=true
[10833]	75	105	-35	-19	-5	7	det1=true
[10834]	107	107	-41	-11	-5	-9	det1=true
[10835]	107	107	-50	-11	-5	9	det1=true
[10836]	107	107	-42	-7	-5	-9	det1=true
[10837]	107	107	-51	-7	-5	9	det1=true
[10838]	107	107	-31	-29	-5	-9	det1=true
[10839]	52	106	-23	-16	-4	-6	det1=true
[10840]	52	106	-29	-16	-4	6	det1=true
[10841]	109	109	-50	-14	-6	-8	det1=true
[10842]	109	109	-58	-14	-6	8	det1=true
[10843]	110	110	-42	-5	-10	-4	det1=true
[10844]	110	110	-46	-5	-10	4	det1=true
[10845]	41	109	-7	-4	-1	-7	det1=true
[10846]	41	109	-14	-4	-1	7	det1=true
[10847]	45	109	-14	1	-2	-7	det1=true
[10848]	45	109	-21	1	-2	7	det1=true
[10849]	109	109	-23	4	-11	-3	det1=true
[10850]	109	109	-26	4	-11	3	det1=true
[10851]	31	110	-10	-5	-1	-6	det1=true
[10852]	31	110	-16	-5	-1	6	det1=true
[10853]	57	110	-13	-8	-2	-8	det1=true
[10854]	80	110	0	-3	-1	-10	det1=true
[10855]	86	110	-24	3	-6	-8	det1=true
[10856]	86	110	-32	3	-6	8	det1=true
[10857]	92	110	-28	-11	-10	-2	det1=true
[10858]	92	110	-30	-11	-10	2	det1=true
[10859]	110	110	-45	-26	-10	-2	det1=true
[10860]	110	110	-47	-26	-10	2	det1=true
[10861]	21	111	-8	1	-5	-1	det1=true
[10862]	21	111	-9	1	-5	1	det1=true
[10863]	82	111	-37	-38	-2	-8	det1=true
[10864]	82	111	-45	-38	-2	8	det1=true
[10865]	82	111	-22	-6	-9	-4	det1=true
[10866]	82	111	-26	-6	-9	4	det1=true
[10867]	97	111	-19	-5	-6	-9	det1=true
[10868]	97	111	-28	-5	-6	9	det1=true
[10869]	101	111	-31	-10	-7	-8	det1=true
[10870]	101	111	-39	-10	-7	8	det1=true
[10871]	102	111	-28	-10	-9	-6	det1=true
[10872]	102	111	-34	-10	-9	6	det1=true
[10873]	104	111	-29	-16	-4	-10	det1=true
[10874]	104	111	-39	-16	-4	10	det1=true
[10875]	51	112	-7	0	-8	-1	det1=true
[10876]	51	112	-8	0	-8	1	det1=true
[10877]	94	112	-22	-17	-3	-10	det1=true
[10878]	94	112	-32	-17	-3	10	det1=true
[10879]	110	112	-17	-6	-10	-6	det1=true
[10880]	110	112	-23	-6	-10	6	det1=true
[10881]	24	109	-7	-2	-2	-5	det1=true
[10882]	24	109	-12	-2	-2	5	det1=true
[10883]	41	109	-19	-9	-6	-3	det1=true
[10884]	41	109	-22	-9	-6	3	det1=true
[10885]	70	109	-28	-15	-3	-8	det1=true
[10886]	70	109	-36	-15	-3	8	det1=true
[10887]	80	109	-29	-14	-6	-7	det1=true
[10888]	80	109	-36	-14	-6	7	det1=true
[10889]	82	109	-34	-8	-2	-9	det1=true
[10890]	89	109	-29	3	-8	-6	det1=true
[10891]	89	109	-35	3	-8	6	det1=true
[10892]	89	109	-28	-4	-8	-6	det1=true
[10893]	89	109	-34	-4	-8	6	det1=true
[10894]	91	109	-22	-2	-5	-9	det1=true
[10895]	91	109	-31	-2	-5	9	det1=true
[10896]	94	109	-26	-28	-4	-9	det1=true
[10897]	94	109	-35	-28	-4	9	det1=true
[10898]	101	109	-40	2	-9	-5	det1=true
[10899]	101	109	-45	2	-9	5	det1=true
[10900]	103	109	-53	-10	-9	4	det1=true
[10901]	105	109	-7	-3	-9	-7	det1=true
[10902]	105	109	-14	-3	-9	7	det1=true
[10903]	107	109	-45	-10	-9	-5	det1=true
[10904]	107	109	-50	-10	-9	5	det1=true
[10905]	107	109	-41	-8	-3	-10	det1=true
[10906]	107	109	-13	-5	-3	-11	det1=true
[10907]	107	109	-24	-5	-3	11	det1=true
[10908]	109	109	-18	-21	-2	-11	det1=true
[10909]	109	109	-29	-21	-2	11	det1=true
[10910]	57	110	-21	-8	-2	8	det1=true
[10911]	63	110	-24	-22	-1	-8	det1=true
[10912]	79	110	-35	-28	-8	-3	det1=true
[10913]	79	110	-38	-28	-8	3	det1=true
[10914]	100	110	-44	-34	-6	-7	det1=true
[10915]	100	110	-51	-34	-6	7	det1=true
[10916]	102	110	-32	5	-10	-4	det1=true
[10917]	102	110	-36	5	-10	4	det1=true
[10918]	102	110	-28	-11	-10	-4	det1=true
[10919]	102	110	-32	-11	-10	4	det1=true
[10920]	103	110	-50	-10	-9	-4	det1=true
[10921]	45	111	-16	-3	-2	-7	det1=true
[10922]	45	111	-23	-3	-2	7	det1=true
[10923]	54	111	-20	-2	-7	4	det1=true
[10924]	56	111	-19	-10	-8	-1	det1=true
[10925]	56	111	-20	-10	-8	1	det1=true
[10926]	63	111	-31	-15	-8	-1	det1=true
[10927]	63	111	-32	-15	-8	1	det1=true
[10928]	66	111	-30	4	-8	-3	det1=true
[10929]	66	111	-33	4	-8	3	det1=true
[10930]	74	111	-24	-7	-7	-6	det1=true
[10931]	74	111	-30	-7	-7	6	det1=true
[10932]	83	111	-25	-22	-9	-3	det1=true
[10933]	92	111	-25	-16	-2	-10	det1=true
[10934]	100	111	-28	-13	-7	-8	det1=true
[10935]	100	111	-36	-13	-7	8	det1=true
[10936]	103	111	-32	2	-4	-10	det1=true
[10937]	103	111	-42	2	-4	10	det1=true
[10938]	110	111	-43	-6	-10	-4	det1=true
[10939]	110	111	-47	-6	-10	4	det1=true
[10940]	52	112	-24	-21	-7	-2	det1=true
[10941]	52	112	-26	-21	-7	2	det1=true
[10942]	52	112	-15	-12	-6	-5	det1=true
[10943]	52	112	-20	-12	-6	5	det1=true
[10944]	83	112	-34	-20	-7	-6	det1=true
[10945]	83	112	-40	-20	-7	6	det1=true
[10946]	97	112	-26	1	-10	-4	det1=true
[10947]	97	112	-30	1	-10	4	det1=true
[10948]	101	112	-43	-40	-2	-9	det1=true
[10949]	101	112	-52	-40	-2	9	det1=true
[10950]	105	112	-40	-1	-7	-8	det1=true
[10951]	111	112	-38	-20	-9	-6	det1=true
[10952]	111	112	-44	-20	-9	6	det1=true
[10953]	112	112	-22	-1	-6	-10	det1=true
[10954]	112	112	-32	-1	-6	10	det1=true
[10955]	48	109	-18	-13	-7	-2	det1=true
[10956]	48	109	-20	-13	-7	2	det1=true
[10957]	49	109	-19	-15	-7	-2	det1=true
[10958]	49	109	-21	-15	-7	2	det1=true
[10959]	58	109	-24	1	-7	-4	det1=true
[10960]	58	109	-28	1	-7	4	det1=true
[10961]	64	109	-27	-16	-8	2	det1=true
[10962]	67	109	-35	-26	-1	8	det1=true
[10963]	67	109	-26	-1	-5	-7	det1=true
[10964]	67	109	-33	-1	-5	7	det1=true
[10965]	73	109	-23	2	-9	-2	det1=true
[10966]	73	109	-25	2	-9	2	det1=true
[10967]	79	109	-30	-17	-1	-9	det1=true
[10968]	82	109	-43	-8	-2	9	det1=true
[10969]	88	109	-34	-27	-9	-2	det1=true
[10970]	88	109	-36	-27	-9	2	det1=true
[10971]	92	109	-38	1	-9	-4	det1=true
[10972]	92	109	-42	1	-9	4	det1=true
[10973]	93	109	-28	-4	-2	-10	det1=true
[10974]	93	109	-38	-4	-2	10	det1=true
[10975]	95	109	-25	-7	-7	8	det1=true
[10976]	99	109	-37	-13	-10	-2	det1=true
[10977]	99	109	-39	-13	-10	2	det1=true
[10978]	102	109	-22	-14	-9	-6	det1=true
[10979]	104	109	-52	-36	-7	6	det1=true
[10980]	105	109	-12	-2	-11	3	det1=true
[10981]	108	109	-40	-32	-10	-1	det1=true
[10982]	108	109	-41	-32	-10	1	det1=true
[10983]	109	109	-53	-11	-10	-1	det1=true
[10984]	109	109	-54	-11	-10	1	det1=true
[10985]	109	109	-49	-29	-8	6	det1=true
[10986]	58	110	-22	-19	-5	-6	det1=true
[10987]	58	110	-28	-19	-5	6	det1=true
[10988]	58	110	-4	0	-8	-3	det1=true
[10989]	58	110	-7	0	-8	3	det1=true
[10990]	59	110	-11	4	-8	-3	det1=true
[10991]	59	110	-14	4	-8	3	det1=true
[10992]	71	110	-12	-11	-7	-6	det1=true
[10993]	85	110	-22	-4	-10	-1	det1=true
[10994]	85	110	-23	-4	-10	1	det1=true
[10995]	107	110	-36	-3	-4	-10	det1=true
[10996]	107	110	-46	-3	-4	10	det1=true
[10997]	41	111	-13	-2	-7	-1	det1=true
[10998]	41	111	-14	-2	-7	1	det1=true
[10999]	41	111	-9	-7	-1	-7	det1=true
[11000]	41	111	-16	-7	-1	7	det1=true
[11001]	54	111	-11	-10	-4	-7	det1=true
[11002]	54	111	-18	-10	-4	7	det1=true
[11003]	59	111	-5	-5	-5	-7	det1=true
[11004]	59	111	-12	-5	-5	7	det1=true
[11005]	61	111	-12	-8	-5	-7	det1=true
[11006]	61	111	-19	-8	-5	7	det1=true
[11007]	63	111	-24	-7	-7	5	det1=true
[11008]	77	111	-27	-13	-7	-6	det1=true
[11009]	77	111	-33	-13	-7	6	det1=true
[11010]	82	111	-30	-14	-8	-5	det1=true
[11011]	82	111	-35	-14	-8	5	det1=true
[11012]	88	111	-22	-3	-2	-10	det1=true
[11013]	88	111	-32	-3	-2	10	det1=true
[11014]	90	111	-30	-11	-8	-6	det1=true
[11015]	90	111	-36	-11	-8	6	det1=true
[11016]	90	111	-10	2	-8	-7	det1=true
[11017]	90	111	-17	2	-8	7	det1=true
[11018]	93	111	-38	-27	-8	-5	det1=true
[11019]	93	111	-43	-27	-8	5	det1=true
[11020]	93	111	-25	-19	-2	-10	det1=true
[11021]	93	111	-35	-19	-2	10	det1=true
[11022]	95	111	-40	-26	-3	-9	det1=true
[11023]	95	111	-49	-26	-3	9	det1=true
[11024]	97	111	-13	5	-11	-1	det1=true
[11025]	97	111	-14	5	-11	1	det1=true
[11026]	97	111	-5	-8	-1	-11	det1=true
[11027]	97	111	-16	-8	-1	11	det1=true
[11028]	101	111	-17	-1	-11	-2	det1=true
[11029]	101	111	-19	-1	-11	2	det1=true
[11030]	107	111	-43	-20	-7	8	det1=true
[11031]	41	112	-6	-1	-6	-4	det1=true
[11032]	41	112	-10	-1	-6	4	det1=true
[11033]	73	112	-24	-5	-7	-6	det1=true
[11034]	73	112	-30	-5	-7	6	det1=true
[11035]	73	112	-20	-13	-7	-6	det1=true
[11036]	91	112	-40	1	-9	-4	det1=true
[11037]	91	112	-44	1	-9	4	det1=true
[11038]	94	112	-36	-9	-3	10	det1=true
[11039]	94	112	-18	-12	-7	-8	det1=true
[11040]	94	112	-26	-12	-7	8	det1=true
[11041]	97	112	-18	-15	-10	-4	det1=true
[11042]	97	112	-22	-15	-10	4	det1=true
[11043]	99	112	-36	-10	-10	-3	det1=true
[11044]	99	112	-39	-10	-10	3	det1=true
[11045]	102	112	-23	-22	-4	-10	det1=true
[11046]	105	112	-48	-1	-7	8	det1=true
[11047]	109	112	-44	-27	-2	-10	det1=true
[11048]	109	112	-54	-27	-2	10	det1=true
[11049]	53	109	-7	-4	-7	-4	det1=true
[11050]	53	109	-11	-4	-7	4	det1=true
[11051]	61	109	-16	1	-8	-3	det1=true
[11052]	61	109	-19	1	-8	3	det1=true
[11053]	65	109	-20	-13	-8	-3	det1=true
[11054]	65	109	-23	-13	-8	3	det1=true
[11055]	67	109	-23	-14	-3	-8	det1=true
[11056]	67	109	-31	-14	-3	8	det1=true
[11057]	70	109	-27	-18	-8	-3	det1=true
[11058]	70	109	-30	-18	-8	3	det1=true
[11059]	73	109	-28	-1	-9	-1	det1=true
[11060]	73	109	-29	-1	-9	1	det1=true
[11061]	75	109	-13	-8	-9	-3	det1=true
[11062]	75	109	-16	-8	-9	3	det1=true
[11063]	76	109	-19	-6	-8	-5	det1=true
[11064]	76	109	-24	-6	-8	5	det1=true
[11065]	79	109	-35	-26	-3	-8	det1=true
[11066]	79	109	-43	-26	-3	8	det1=true
[11067]	82	109	-30	-18	-6	-7	det1=true
[11068]	84	109	-32	-23	-5	8	det1=true
[11069]	85	109	-25	-24	-5	-8	det1=true
[11070]	85	109	-33	-24	-5	8	det1=true
[11071]	88	109	-27	0	-8	-6	det1=true
[11072]	88	109	-20	-22	-4	-9	det1=true
[11073]	88	109	-29	-22	-4	9	det1=true
[11074]	89	109	-31	-3	-4	-9	det1=true
[11075]	89	109	-40	-3	-4	9	det1=true
[11076]	92	109	-30	-11	-6	-8	det1=true
[11077]	92	109	-38	-11	-6	8	det1=true
[11078]	94	109	-33	-14	-10	-1	det1=true
[11079]	94	109	-34	-14	-10	1	det1=true
[11080]	95	109	-17	-7	-7	-8	det1=true
[11081]	96	109	-35	-16	-10	-1	det1=true
[11082]	96	109	-36	-16	-10	1	det1=true
[11083]	97	109	-43	-7	-9	-4	det1=true
[11084]	97	109	-47	-7	-9	4	det1=true
[11085]	97	109	-35	-14	-1	-10	det1=true
[11086]	97	109	-45	-14	-1	10	det1=true
[11087]	99	109	-33	-17	-2	-10	det1=true
[11088]	99	109	-43	-17	-2	10	det1=true
[11089]	100	109	0	-4	-2	-11	det1=true
[11090]	100	109	-11	-4	-2	11	det1=true
[11091]	101	109	-28	-25	-5	-9	det1=true
[11092]	101	109	-37	-25	-5	9	det1=true
[11093]	103	109	-45	-17	-4	-9	det1=true
[11094]	103	109	-54	-17	-4	9	det1=true
[11095]	104	109	-46	-36	-7	-6	det1=true
[11096]	105	109	-45	-13	-1	-10	det1=true
[11097]	105	109	-55	-13	-1	10	det1=true
[11098]	106	109	-40	-7	-3	-10	det1=true
[11099]	106	109	-32	-9	-4	-10	det1=true
[11100]	106	109	-42	-9	-4	10	det1=true
[11101]	45	110	-15	-2	-2	-7	det1=true
[11102]	45	110	-22	-2	-2	7	det1=true
[11103]	54	110	-7	2	-8	2	det1=true
[11104]	56	110	-20	-16	-6	-5	det1=true
[11105]	56	110	-25	-16	-6	5	det1=true
[11106]	56	110	-17	2	-8	2	det1=true
[11107]	63	110	-20	-3	-3	-8	det1=true
[11108]	63	110	-28	-3	-3	8	det1=true
[11109]	64	110	-25	2	-8	-3	det1=true
[11110]	64	110	-28	2	-8	3	det1=true
[11111]	65	110	-27	2	-8	-3	det1=true
[11112]	65	110	-30	2	-8	3	det1=true
[11113]	65	110	-26	-21	-8	2	det1=true
[11114]	77	110	-25	-14	-2	-9	det1=true
[11115]	79	110	-34	-5	-9	-2	det1=true
[11116]	79	110	-36	-5	-9	2	det1=true
[11117]	79	110	-38	-6	-7	6	det1=true
[11118]	90	110	-24	-5	-2	-10	det1=true
[11119]	90	110	-34	-5	-2	10	det1=true
[11120]	96	110	-38	1	-10	-2	det1=true
[11121]	96	110	-40	1	-10	2	det1=true
[11122]	96	110	-18	-13	-7	-8	det1=true
[11123]	101	110	-43	-12	-6	-8	det1=true
[11124]	101	110	-51	-12	-6	8	det1=true
[11125]	101	110	-40	-26	-9	-4	det1=true
[11126]	101	110	-44	-26	-9	4	det1=true
[11127]	105	110	-46	-20	-10	-1	det1=true
[11128]	105	110	-47	-20	-10	1	det1=true
[11129]	108	110	-26	-12	-11	-2	det1=true
[11130]	108	110	-28	-12	-11	2	det1=true
[11131]	109	110	-46	-30	-4	-9	det1=true
[11132]	109	110	-55	-30	-4	9	det1=true
[11133]	110	110	-44	-25	-2	-10	det1=true
[11134]	110	110	-54	-25	-2	10	det1=true
[11135]	23	111	-2	-3	-2	-5	det1=true
[11136]	23	111	-7	-3	-2	5	det1=true
[11137]	43	111	-11	-2	-7	-2	det1=true
[11138]	43	111	-13	-2	-7	2	det1=true
[11139]	51	111	-5	3	-8	1	det1=true
[11140]	75	111	-16	-10	-9	-3	det1=true
[11141]	75	111	-19	-10	-9	3	det1=true
[11142]	75	111	-13	-13	-3	-9	det1=true
[11143]	75	111	-22	-13	-3	9	det1=true
[11144]	83	111	-25	-23	-5	-8	det1=true
[11145]	83	111	-28	-22	-9	3	det1=true
[11146]	84	111	-12	-16	-1	-10	det1=true
[11147]	84	111	-22	-16	-1	10	det1=true
[11148]	85	111	-11	-3	-9	-5	det1=true
[11149]	85	111	-16	-3	-9	5	det1=true
[11150]	87	111	-35	-19	-8	-5	det1=true
[11151]	87	111	-40	-19	-8	5	det1=true
[11152]	88	111	-23	-8	-10	-2	det1=true
[11153]	88	111	-25	-8	-10	2	det1=true
[11154]	92	111	-44	-24	-9	-2	det1=true
[11155]	92	111	-46	-24	-9	2	det1=true
[11156]	92	111	-32	-5	-10	-2	det1=true
[11157]	92	111	-34	-5	-10	2	det1=true
[11158]	97	111	-35	-11	-2	-10	det1=true
[11159]	97	111	-45	-11	-2	10	det1=true
[11160]	97	111	-32	-15	-9	-5	det1=true
[11161]	97	111	-37	-15	-9	5	det1=true
[11162]	99	111	-20	-16	-10	-4	det1=true
[11163]	102	111	-35	-2	-8	-7	det1=true
[11164]	103	111	-43	-27	-9	-4	det1=true
[11165]	103	111	-47	-27	-9	4	det1=true
[11166]	103	111	-30	-10	-4	-10	det1=true
[11167]	103	111	-40	-10	-4	10	det1=true
[11168]	103	111	-23	2	-11	-2	det1=true
[11169]	104	111	-20	-6	-2	-11	det1=true
[11170]	104	111	-31	-6	-2	11	det1=true
[11171]	106	111	-45	-28	-4	-9	det1=true
[11172]	106	111	-54	-28	-4	9	det1=true
[11173]	108	111	-21	-20	-2	-11	det1=true
[11174]	108	111	-32	-20	-2	11	det1=true
[11175]	52	112	-20	1	-5	-6	det1=true
[11176]	52	112	-26	1	-5	6	det1=true
[11177]	55	112	-25	-16	-6	5	det1=true
[11178]	56	112	-22	-4	-7	-4	det1=true
[11179]	56	112	-26	-4	-7	4	det1=true
[11180]	56	112	-20	-7	-1	-8	det1=true
[11181]	56	112	-28	-7	-1	8	det1=true
[11182]	57	112	-23	-18	-6	-5	det1=true
[11183]	57	112	-28	-18	-6	5	det1=true
[11184]	58	112	-16	-13	-2	-8	det1=true
[11185]	58	112	-24	-13	-2	8	det1=true
[11186]	71	112	-30	-20	-3	-8	det1=true
[11187]	71	112	-38	-20	-3	8	det1=true
[11188]	72	112	-15	-2	-8	-5	det1=true
[11189]	72	112	-20	-2	-8	5	det1=true
[11190]	73	112	-26	-13	-7	6	det1=true
[11191]	78	112	-30	-13	-7	-6	det1=true
[11192]	78	112	-36	-13	-7	6	det1=true
[11193]	88	112	-23	-6	-2	-10	det1=true
[11194]	88	112	-33	-6	-2	10	det1=true
[11195]	88	112	-12	-9	-3	-10	det1=true
[11196]	91	112	-36	-27	-5	-8	det1=true
[11197]	91	112	-44	-27	-5	8	det1=true
[11198]	91	112	-36	-8	-10	1	det1=true
[11199]	92	112	-36	-34	-6	-7	det1=true
[11200]	92	112	-43	-34	-6	7	det1=true
[11201]	93	112	-34	-11	-1	-10	det1=true
[11202]	93	112	-44	-11	-1	10	det1=true
[11203]	97	112	-35	-24	-10	-1	det1=true
[11204]	97	112	-36	-24	-10	1	det1=true
[11205]	99	112	-48	-32	-8	5	det1=true
[11206]	102	112	-33	-22	-4	10	det1=true
[11207]	104	112	-32	-12	-9	-6	det1=true
[11208]	104	112	-38	-12	-9	6	det1=true
[11209]	106	112	-5	2	-10	-6	det1=true
[11210]	106	112	-11	2	-10	6	det1=true
[11211]	106	112	-3	0	-6	-10	det1=true
[11212]	106	112	-13	0	-6	10	det1=true
[11213]	109	112	-17	2	-10	-6	det1=true
[11214]	109	112	-23	2	-10	6	det1=true
[11215]	110	112	-44	-20	-3	-10	det1=true
[11216]	110	112	-54	-20	-3	10	det1=true
[11217]	36	109	-14	-8	-5	-4	det1=true
[11218]	36	109	-18	-8	-5	4	det1=true
[11219]	51	109	-21	-1	-7	-3	det1=true
[11220]	53	109	-19	2	-5	-6	det1=true
[11221]	53	109	-25	2	-5	6	det1=true
[11222]	53	109	-5	-7	-1	-8	det1=true
[11223]	53	109	-13	-7	-1	8	det1=true
[11224]	57	109	-12	-8	-8	-2	det1=true
[11225]	57	109	-14	-8	-8	2	det1=true
[11226]	57	109	-17	-11	-2	8	det1=true
[11227]	60	109	-27	-8	-8	-1	det1=true
[11228]	60	109	-28	-8	-8	1	det1=true
[11229]	61	109	-19	-8	-3	8	det1=true
[11230]	61	109	-9	-6	-5	-7	det1=true
[11231]	61	109	-16	-6	-5	7	det1=true
[11232]	67	109	-27	-26	-1	-8	det1=true
[11233]	67	109	-27	0	-7	-5	det1=true
[11234]	67	109	-32	0	-7	5	det1=true
[11235]	69	109	-11	3	-9	-2	det1=true
[11236]	69	109	-13	3	-9	2	det1=true
[11237]	77	109	-33	-8	-9	-1	det1=true
[11238]	77	109	-34	-8	-9	1	det1=true
[11239]	81	109	-3	-1	-1	-10	det1=true
[11240]	81	109	-13	-1	-1	10	det1=true
[11241]	84	109	-24	-23	-5	-8	det1=true
[11242]	84	109	-16	-6	-10	-1	det1=true
[11243]	84	109	-17	-6	-10	1	det1=true
[11244]	87	109	-32	-17	-3	-9	det1=true
[11245]	87	109	-41	-17	-3	9	det1=true
[11246]	88	109	-32	-28	-7	-6	det1=true
[11247]	88	109	-38	-28	-7	6	det1=true
[11248]	88	109	-33	0	-8	6	det1=true
[11249]	94	109	-38	4	-10	-1	det1=true
[11250]	94	109	-39	4	-10	1	det1=true
[11251]	97	109	-24	0	-10	4	det1=true
[11252]	99	109	-37	-34	-3	-9	det1=true
[11253]	99	109	-46	-34	-3	9	det1=true
[11254]	104	109	-48	-16	-9	-4	det1=true
[11255]	47	110	-22	-3	-7	-2	det1=true
[11256]	47	110	-24	-3	-7	2	det1=true
[11257]	47	110	-18	-11	-7	-2	det1=true
[11258]	47	110	-20	-11	-7	2	det1=true
[11259]	56	110	-20	-6	-8	-1	det1=true
[11260]	77	110	-21	-10	-8	-5	det1=true
[11261]	80	110	-34	-4	-7	-6	det1=true
[11262]	80	110	-40	-4	-7	6	det1=true
[11263]	85	110	-25	-6	-4	-9	det1=true
[11264]	85	110	-34	-6	-4	9	det1=true
[11265]	88	110	-31	0	-4	-9	det1=true
[11266]	88	110	-40	0	-4	9	det1=true
[11267]	95	110	-21	0	-10	4	det1=true
[11268]	96	110	-44	-22	-8	-5	det1=true
[11269]	96	110	-49	-22	-8	5	det1=true
[11270]	102	110	-45	-4	-10	-2	det1=true
[11271]	102	110	-47	-4	-10	2	det1=true
[11272]	110	110	-9	0	-4	-11	det1=true
[11273]	110	110	-20	0	-4	11	det1=true
[11274]	14	111	-6	-4	-4	-1	det1=true
[11275]	14	111	-7	-4	-4	1	det1=true
[11276]	47	111	-10	0	-3	-7	det1=true
[11277]	47	111	-17	0	-3	7	det1=true
[11278]	51	111	-4	3	-8	-1	det1=true
[11279]	54	111	-16	-2	-7	-4	det1=true
[11280]	55	111	-13	1	-8	-2	det1=true
[11281]	55	111	-15	1	-8	2	det1=true
[11282]	76	111	-28	-4	-8	5	det1=true
[11283]	90	111	-29	-12	-6	-8	det1=true
[11284]	90	111	-37	-12	-6	8	det1=true
[11285]	92	111	-35	-16	-2	10	det1=true
[11286]	97	111	-16	-11	-6	-9	det1=true
[11287]	97	111	-25	-11	-6	9	det1=true
[11288]	98	111	-27	-8	-8	-7	det1=true
[11289]	98	111	-34	-8	-8	7	det1=true
[11290]	99	111	-25	-3	-4	-10	det1=true
[11291]	99	111	-35	-3	-4	10	det1=true
[11292]	100	111	-20	-16	-9	-6	det1=true
[11293]	101	111	-15	-5	-11	-2	det1=true
[11294]	102	111	-22	-21	-4	-10	det1=true
[11295]	102	111	-32	-21	-4	10	det1=true
[11296]	107	111	-35	-20	-7	-8	det1=true
[11297]	108	111	-34	-25	-10	4	det1=true
[11298]	109	111	-70	-30	-7	5	det1=true
[11299]	109	111	-25	-17	-2	-11	det1=true
[11300]	109	111	-36	-17	-2	11	det1=true
[11301]	110	111	-40	-9	-4	-10	det1=true
[11302]	110	111	-50	-9	-4	10	det1=true
[11303]	55	112	-15	2	-8	-2	det1=true
[11304]	62	112	-16	-13	-3	-8	det1=true
[11305]	62	112	-24	-13	-3	8	det1=true
[11306]	71	112	-19	-4	-2	-9	det1=true
[11307]	71	112	-28	-4	-2	9	det1=true
[11308]	85	112	-32	-28	-9	-2	det1=true
[11309]	85	112	-34	-28	-9	2	det1=true
[11310]	97	112	-30	-12	-3	-10	det1=true
[11311]	97	112	-40	-12	-3	10	det1=true
[11312]	98	112	-20	-12	-6	-9	det1=true
[11313]	98	112	-29	-12	-6	9	det1=true
[11314]	99	112	-43	-32	-8	-5	det1=true
[11315]	107	112	-8	-1	-6	-10	det1=true
[11316]	107	112	-18	-1	-6	10	det1=true
[11317]	20	109	-1	0	-4	-3	det1=true
[11318]	20	109	-4	0	-4	3	det1=true
[11319]	50	109	-9	-2	-6	-5	det1=true
[11320]	51	109	-24	-1	-7	3	det1=true
[11321]	60	109	-24	-10	-4	-7	det1=true
[11322]	60	109	-31	-10	-4	7	det1=true
[11323]	61	109	-11	-8	-3	-8	det1=true
[11324]	64	109	-25	-16	-8	-2	det1=true
[11325]	65	109	-25	-3	-8	-3	det1=true
[11326]	65	109	-28	-3	-8	3	det1=true
[11327]	67	109	-29	-23	-7	-4	det1=true
[11328]	67	109	-33	-23	-7	4	det1=true
[11329]	69	109	-6	-5	-2	-9	det1=true
[11330]	69	109	-15	-5	-2	9	det1=true
[11331]	71	109	-19	-8	-1	-9	det1=true
[11332]	71	109	-28	-8	-1	9	det1=true
[11333]	74	109	-31	-22	-8	-3	det1=true
[11334]	74	109	-34	-22	-8	3	det1=true
[11335]	79	109	-33	-27	-7	-5	det1=true
[11336]	79	109	-38	-27	-7	5	det1=true
[11337]	79	109	-32	-28	-5	-7	det1=true
[11338]	79	109	-39	-17	-1	9	det1=true
[11339]	89	109	-19	-2	-9	-5	det1=true
[11340]	89	109	-24	-2	-9	5	det1=true
[11341]	91	109	-29	0	-1	-10	det1=true
[11342]	91	109	-39	0	-1	10	det1=true
[11343]	96	109	-18	5	-10	-4	det1=true
[11344]	96	109	-22	5	-10	4	det1=true
[11345]	97	109	-27	-12	-7	8	det1=true
[11346]	99	109	-42	-29	-8	-5	det1=true
[11347]	99	109	-47	-29	-8	5	det1=true
[11348]	99	109	-41	3	-10	-2	det1=true
[11349]	99	109	-43	3	-10	2	det1=true
[11350]	106	109	-29	-18	-10	-4	det1=true
[11351]	106	109	-33	-18	-10	4	det1=true
[11352]	107	109	-15	-2	-9	-7	det1=true
[11353]	107	109	-22	-2	-9	7	det1=true
[11354]	108	109	-47	-36	-8	-5	det1=true
[11355]	109	109	-42	-30	-6	-8	det1=true
[11356]	109	109	-20	2	-7	-9	det1=true
[11357]	109	109	-29	2	-7	9	det1=true
[11358]	109	109	-16	-10	-7	-9	det1=true
[11359]	109	109	-25	-10	-7	9	det1=true
[11360]	109	109	-15	-12	-3	-11	det1=true
[11361]	109	109	-26	-12	-3	11	det1=true
[11362]	43	110	-10	-5	-4	-6	det1=true
[11363]	43	110	-16	-5	-4	6	det1=true
[11364]	48	110	-20	-12	-7	-2	det1=true
[11365]	48	110	-22	-12	-7	2	det1=true
[11366]	54	110	-5	2	-8	-2	det1=true
[11367]	56	110	-15	2	-8	-2	det1=true
[11368]	65	110	-30	-13	-8	-2	det1=true
[11369]	65	110	-32	-13	-8	2	det1=true
[11370]	65	110	-24	-21	-8	-2	det1=true
[11371]	65	110	-20	-14	-3	-8	det1=true
[11372]	65	110	-28	-14	-3	8	det1=true
[11373]	71	110	-18	-11	-7	6	det1=true
[11374]	92	110	-35	-10	-4	-9	det1=true
[11375]	92	110	-44	-10	-4	9	det1=true
[11376]	94	110	-46	-23	-9	-2	det1=true
[11377]	94	110	-48	-23	-9	2	det1=true
[11378]	95	110	-17	0	-10	-4	det1=true
[11379]	96	110	-30	-19	-10	-2	det1=true
[11380]	96	110	-32	-19	-10	2	det1=true
[11381]	102	110	-38	-21	-10	-2	det1=true
[11382]	102	110	-40	-21	-10	2	det1=true
[11383]	55	111	-12	-2	-8	-2	det1=true
[11384]	55	111	-14	-2	-8	2	det1=true
[11385]	61	111	-23	-19	-7	-4	det1=true
[11386]	61	111	-27	-19	-7	4	det1=true
[11387]	63	111	-20	-2	-5	-7	det1=true
[11388]	63	111	-19	-7	-7	-5	det1=true
[11389]	76	111	-23	-4	-8	-5	det1=true
[11390]	79	111	-12	-7	-4	-9	det1=true
[11391]	79	111	-21	-7	-4	9	det1=true
[11392]	81	111	-35	-21	-4	-8	det1=true
[11393]	81	111	-43	-21	-4	8	det1=true
[11394]	82	111	-21	-4	-4	-9	det1=true
[11395]	82	111	-30	-4	-4	9	det1=true
[11396]	91	111	-19	-5	-7	8	det1=true
[11397]	99	111	-16	-6	-11	-1	det1=true
[11398]	101	111	-17	-5	-11	2	det1=true
[11399]	103	111	-18	-5	-2	-11	det1=true
[11400]	103	111	-29	-5	-2	11	det1=true
[11401]	103	111	-17	-18	-1	-11	det1=true
[11402]	105	111	-47	-34	-5	-8	det1=true
[11403]	105	111	-55	-34	-5	8	det1=true
[11404]	108	111	-30	-25	-10	-4	det1=true
[11405]	111	111	-42	-32	-2	-10	det1=true
[11406]	111	111	-52	-32	-2	10	det1=true
[11407]	111	111	-13	-9	-11	-4	det1=true
[11408]	55	112	-20	-16	-6	-5	det1=true
[11409]	55	112	-17	2	-8	2	det1=true
[11410]	83	112	-35	-18	-2	-9	det1=true
[11411]	83	112	-44	-18	-2	9	det1=true
[11412]	87	112	-26	-4	-1	-10	det1=true
[11413]	87	112	-36	-4	-1	10	det1=true
[11414]	88	112	-37	-26	-6	-7	det1=true
[11415]	88	112	-44	-26	-6	7	det1=true
[11416]	91	112	-35	-8	-10	-1	det1=true
[11417]	95	112	-34	-17	-3	10	det1=true
[11418]	103	112	-36	-8	-7	-8	det1=true
[11419]	105	112	-40	-4	-8	-7	det1=true
[11420]	105	112	-47	-4	-8	7	det1=true
[11421]	108	112	-5	-8	-4	-11	det1=true
[11422]	108	112	-16	-8	-4	11	det1=true
[11423]	37	109	-15	-11	-4	-5	det1=true
[11424]	37	109	-20	-11	-4	5	det1=true
[11425]	49	109	-3	-1	-5	-6	det1=true
[11426]	49	109	-9	-1	-5	6	det1=true
[11427]	66	109	-30	-26	-5	-6	det1=true
[11428]	66	109	-36	-26	-5	6	det1=true
[11429]	74	109	-35	-16	-8	-3	det1=true
[11430]	79	109	-39	-28	-5	7	det1=true
[11431]	93	109	-27	-25	-4	-9	det1=true
[11432]	93	109	-36	-25	-4	9	det1=true
[11433]	97	109	-19	-12	-7	-8	det1=true
[11434]	99	109	-33	-7	-10	-3	det1=true
[11435]	99	109	-36	-7	-10	3	det1=true
[11436]	104	109	-52	-16	-9	4	det1=true
[11437]	66	110	-24	-23	-2	-8	det1=true
[11438]	66	110	-32	-23	-2	8	det1=true
[11439]	72	110	-11	0	-8	-5	det1=true
[11440]	72	110	-16	0	-8	5	det1=true
[11441]	77	110	-34	-14	-2	9	det1=true
[11442]	83	110	-39	-30	-8	-3	det1=true
[11443]	83	110	-42	-30	-8	3	det1=true
[11444]	97	110	-33	-22	-6	-8	det1=true
[11445]	97	110	-41	-22	-6	8	det1=true
[11446]	59	111	-19	-19	-1	-8	det1=true
[11447]	85	111	-15	-16	-1	-10	det1=true
[11448]	91	111	-11	-5	-7	-8	det1=true
[11449]	99	111	-17	-19	-4	-10	det1=true
[11450]	99	111	-17	-6	-11	1	det1=true
[11451]	102	111	-42	-2	-8	7	det1=true
[11452]	104	111	-35	-30	-10	-2	det1=true
[11453]	104	111	-37	-30	-10	2	det1=true
[11454]	111	111	-41	-7	-6	-9	det1=true
[11455]	111	111	-50	-7	-6	9	det1=true
[11456]	82	112	-34	-36	-3	-8	det1=true
[11457]	82	112	-42	-36	-3	8	det1=true
[11458]	90	112	-12	-2	-8	-7	det1=true
[11459]	90	112	-19	-2	-8	7	det1=true
[11460]	93	112	-38	-28	-5	-8	det1=true
[11461]	93	112	-46	-28	-5	8	det1=true
[11462]	103	112	-44	-8	-7	8	det1=true
[11463]	21	109	-2	-3	-1	-5	det1=true
[11464]	21	109	-7	-3	-1	5	det1=true
[11465]	64	109	-24	-23	-1	-8	det1=true
[11466]	85	109	-39	-30	-7	-5	det1=true
[11467]	103	109	-44	-17	-10	-1	det1=true
[11468]	103	109	-45	-17	-10	1	det1=true
[11469]	109	109	-39	-23	-10	-3	det1=true
[11470]	109	109	-42	-23	-10	3	det1=true
[11471]	82	110	-34	-16	-9	-2	det1=true
[11472]	82	110	-36	-16	-9	2	det1=true
[11473]	92	110	-35	4	-8	-6	det1=true
[11474]	92	110	-41	4	-8	6	det1=true
[11475]	94	110	-44	-24	-7	-6	det1=true
[11476]	94	110	-50	-24	-7	6	det1=true
[11477]	33	111	-5	-5	-4	-5	det1=true
[11478]	33	111	-10	-5	-4	5	det1=true
[11479]	51	111	0	-1	-4	-7	det1=true
[11480]	51	111	-7	-1	-4	7	det1=true
[11481]	52	111	-11	4	-8	-1	det1=true
[11482]	52	111	-12	4	-8	1	det1=true
[11483]	62	111	-26	-18	-1	-8	det1=true
[11484]	62	111	-34	-18	-1	8	det1=true
[11485]	93	111	-35	3	-10	-2	det1=true
[11486]	93	111	-37	3	-10	2	det1=true
[11487]	96	111	-19	-2	-4	-10	det1=true
[11488]	96	111	-29	-2	-4	10	det1=true
[11489]	108	111	-34	-37	-2	-10	det1=true
[11490]	108	111	-44	-37	-2	10	det1=true
[11491]	111	111	-26	-21	-2	-11	det1=true
[11492]	111	111	-37	-21	-2	11	det1=true
[11493]	51	112	-5	2	-4	-7	det1=true
[11494]	51	112	-12	2	-4	7	det1=true
[11495]	79	112	-24	-16	-5	-8	det1=true
[11496]	84	112	-20	-10	-10	-1	det1=true
[11497]	84	112	-21	-10	-10	1	det1=true
[11498]	88	112	-26	-11	-1	-10	det1=true
[11499]	91	112	-20	-8	-7	8	det1=true
[11500]	95	112	-24	-17	-3	-10	det1=true
[11501]	50	109	-14	-2	-6	5	det1=true
[11502]	57	109	-9	-11	-2	-8	det1=true
[11503]	64	109	-32	-23	-1	8	det1=true
[11504]	83	109	-32	-24	-1	-9	det1=true
[11505]	83	109	-41	-24	-1	9	det1=true
[11506]	105	109	-20	-14	-1	-11	det1=true
[11507]	105	109	-31	-14	-1	11	det1=true
[11508]	90	110	-16	0	-3	-10	det1=true
[11509]	90	110	-26	0	-3	10	det1=true
[11510]	95	110	-33	4	-10	3	det1=true
[11511]	99	110	-4	1	-11	-2	det1=true
[11512]	99	110	-6	1	-11	2	det1=true
[11513]	101	110	-10	-4	-2	-11	det1=true
[11514]	101	110	-21	-4	-2	11	det1=true
[11515]	110	110	-41	-30	-2	-10	det1=true
[11516]	110	110	-51	-30	-2	10	det1=true
[11517]	63	111	-28	-17	-4	-7	det1=true
[11518]	63	111	-35	-17	-4	7	det1=true
[11519]	91	111	-13	-1	-8	-7	det1=true
[11520]	91	111	-20	-1	-8	7	det1=true
[11521]	103	111	-22	-13	-11	-1	det1=true
[11522]	103	111	-23	-13	-11	1	det1=true
[11523]	109	111	-42	-11	-8	-7	det1=true
[11524]	109	111	-49	-11	-8	7	det1=true
[11525]	93	112	-20	-2	-6	9	det1=true
[11526]	102	112	-36	-1	-7	-8	det1=true
[11527]	102	112	-44	-1	-7	8	det1=true
[11528]	21	109	-5	1	-5	-1	det1=true
[11529]	21	109	-6	1	-5	1	det1=true
[11530]	82	109	-38	-2	-9	-2	det1=true
[11531]	82	109	-40	-2	-9	2	det1=true
[11532]	83	109	-39	-4	-9	-2	det1=true
[11533]	83	109	-41	-4	-9	2	det1=true
[11534]	79	110	-32	-6	-7	-6	det1=true
[11535]	84	110	-36	-2	-8	-5	det1=true
[11536]	84	110	-41	-2	-8	5	det1=true
[11537]	59	111	-27	-19	-1	8	det1=true
[11538]	84	111	-26	-24	-5	-8	det1=true
[11539]	100	111	-47	-4	-10	-1	det1=true
[11540]	100	111	-48	-4	-10	1	det1=true
[11541]	79	112	-32	-16	-5	8	det1=true
[11542]	91	112	-12	-8	-7	-8	det1=true
[11543]	95	110	-30	4	-10	-3	det1=true
[11544]	71	111	-19	-9	-9	2	det1=true
[11545]	99	111	-7	2	-5	-10	det1=true
[11546]	99	111	-17	2	-5	10	det1=true
[11547]	73	109	-21	1	-7	-6	det1=true
[11548]	73	109	-27	1	-7	6	det1=true
[11549]	82	109	-29	-20	-2	-9	det1=true
[11550]	82	109	-38	-20	-2	9	det1=true
[11551]	76	110	-30	-28	-3	-8	det1=true
[11552]	76	110	-38	-28	-3	8	det1=true
[11553]	71	111	-17	-9	-9	-2	det1=true
[11554]	111	111	-34	-7	-10	-5	det1=true
[11555]	111	111	-39	-7	-10	5	det1=true
[11556]	71	112	-20	-2	-6	-7	det1=true
[11557]	71	112	-27	-2	-6	7	det1=true
[11558]	4	109	0	0	-1	-2	det1=true
[11559]	85	109	-33	-21	-2	-9	det1=true
[11560]	85	109	-42	-21	-2	9	det1=true
[11561]	109	111	-31	-13	-1	-11	det1=true
[11562]	109	111	-42	-13	-1	11	det1=true
[11563]	73	109	-19	-9	-9	-2	det1=true
[11564]	73	109	-21	-9	-9	2	det1=true
[11565]	98	110	-40	-20	-9	-4	det1=true
[11566]	60	111	-22	0	-3	8	det1=true
[11567]	99	111	-37	-21	-1	-10	det1=true
[11568]	99	111	-47	-21	-1	10	det1=true
[11569]	107	110	-39	0	-10	-4	det1=true
[11570]	107	110	-43	0	-10	4	det1=true
[11571]	60	111	-14	0	-3	-8	det1=true
[11572]	85	112	-20	-11	-1	-10	det1=true
[11573]	85	112	-30	-11	-1	10	det1=true
[11574]	83	109	-37	-14	-1	-9	det1=true
[11575]	83	109	-46	-14	-1	9	det1=true
[11576]	109	109	-17	-9	-9	-7	det1=true
[11577]	109	109	-24	-9	-9	7	det1=true
[11578]	86	111	-36	-22	-7	-6	det1=true
[11579]	76	112	-28	-8	-2	-9	det1=true
[11580]	31	109	-11	-3	-6	-1	det1=true
[11581]	31	109	-12	-3	-6	1	det1=true
[11582]	111	111	-18	-4	-10	-6	det1=true
[11583]	111	111	-24	-4	-10	6	det1=true
[11584]	73	109	-21	-15	-9	-1	det1=true
[11585]	73	109	-22	-15	-9	1	det1=true
[11586]	103	112	-51	-6	-10	-1	det1=true
[11587]	103	112	-52	-6	-10	1	det1=true
[11588]	50	110	-11	-2	-6	-5	det1=true
[11589]	50	110	-16	-2	-6	5	det1=true
[11590]	93	112	-24	-28	-1	-10	det1=true
[11591]	91	111	-29	-13	-1	-10	det1=true
[11592]	91	111	-39	-13	-1	10	det1=true
[11593]	91	111	-31	-6	-1	-10	det1=true
[11594]	110	110	-46	-5	-3	-10	det1=true
[11595]	110	110	-56	-5	-3	10	det1=true
[11596]	21	113	-10	0	-5	-1	det1=true
[11597]	21	113	-11	0	-5	1	det1=true
[11598]	77	113	-25	-21	-9	-2	det1=true
[11599]	77	113	-27	-21	-9	2	det1=true
[11600]	55	114	-18	1	-8	-2	det1=true
[11601]	55	114	-20	1	-8	2	det1=true
[11602]	66	116	-28	-31	-1	-8	det1=true
[11603]	66	116	-36	-31	-1	8	det1=true
[11604]	116	116	-28	-2	-12	-1	det1=true
[11605]	10	113	0	1	-3	-2	det1=true
[11606]	10	113	-2	1	-3	2	det1=true
[11607]	57	113	-1	2	-5	-7	det1=true
[11608]	76	113	-8	-4	-9	-4	det1=true
[11609]	76	113	-12	-4	-9	4	det1=true
[11610]	81	113	-35	1	-9	-3	det1=true
[11611]	81	113	-38	1	-9	3	det1=true
[11612]	95	113	-36	-3	-9	-5	det1=true
[11613]	95	113	-41	-3	-9	5	det1=true
[11614]	107	113	-23	1	-3	-11	det1=true
[11615]	107	113	-34	1	-3	11	det1=true
[11616]	113	113	-38	-21	-11	-1	det1=true
[11617]	113	113	-39	-21	-11	1	det1=true
[11618]	56	114	-21	4	-8	-2	det1=true
[11619]	56	114	-23	4	-8	2	det1=true
[11620]	68	114	-3	4	-8	-5	det1=true
[11621]	68	114	-8	4	-8	5	det1=true
[11622]	86	114	-33	-22	-4	9	det1=true
[11623]	86	115	-36	-1	-9	-4	det1=true
[11624]	86	115	-40	-1	-9	4	det1=true
[11625]	88	116	-20	-12	-10	-3	det1=true
[11626]	88	116	-23	-12	-10	3	det1=true
[11627]	89	116	-14	3	-10	-4	det1=true
[11628]	89	116	-18	3	-10	4	det1=true
[11629]	90	116	-38	3	-6	-8	det1=true
[11630]	90	116	-46	3	-6	8	det1=true
[11631]	93	116	-28	-25	-2	-10	det1=true
[11632]	93	116	-38	-25	-2	10	det1=true
[11633]	109	116	-4	4	-9	-8	det1=true
[11634]	109	116	-12	4	-9	8	det1=true
[11635]	109	116	-2	0	-1	-12	det1=true
[11636]	49	113	-20	-3	-7	-3	det1=true
[11637]	49	113	-23	-3	-7	3	det1=true
[11638]	71	113	-9	-9	-5	-8	det1=true
[11639]	71	113	-17	-9	-5	8	det1=true
[11640]	72	113	-14	-7	-5	-8	det1=true
[11641]	72	113	-22	-7	-5	8	det1=true
[11642]	73	113	-16	-3	-3	-9	det1=true
[11643]	73	113	-25	-3	-3	9	det1=true
[11644]	79	113	-17	-5	-4	-9	det1=true
[11645]	79	113	-26	-5	-4	9	det1=true
[11646]	81	113	-29	-16	-5	-8	det1=true
[11647]	81	113	-37	-16	-5	8	det1=true
[11648]	83	113	-24	1	-10	-1	det1=true
[11649]	83	113	-25	1	-10	1	det1=true
[11650]	89	113	-35	-7	-4	-9	det1=true
[11651]	89	113	-44	-7	-4	9	det1=true
[11652]	91	113	-28	-3	-5	-9	det1=true
[11653]	91	113	-37	-3	-5	9	det1=true
[11654]	94	113	-37	-20	-4	-9	det1=true
[11655]	94	113	-46	-20	-4	9	det1=true
[11656]	101	113	-43	-36	-5	-8	det1=true
[11657]	101	113	-51	-36	-5	8	det1=true
[11658]	52	114	-13	-2	-4	-7	det1=true
[11659]	52	114	-20	-2	-4	7	det1=true
[11660]	56	114	-18	1	-2	-8	det1=true
[11661]	56	114	-26	1	-2	8	det1=true
[11662]	89	114	-38	-24	-8	-5	det1=true
[11663]	89	114	-43	-24	-8	5	det1=true
[11664]	92	114	-42	-23	-5	-8	det1=true
[11665]	92	114	-50	-23	-5	8	det1=true
[11666]	96	114	-26	-12	-7	-8	det1=true
[11667]	96	114	-34	-12	-7	8	det1=true
[11668]	109	114	-48	-46	-7	-6	det1=true
[11669]	52	115	-7	0	-8	-2	det1=true
[11670]	52	115	-9	0	-8	2	det1=true
[11671]	58	115	-15	-4	-8	-3	det1=true
[11672]	58	115	-18	-4	-8	3	det1=true
[11673]	63	115	-23	-12	-3	-8	det1=true
[11674]	65	115	-9	4	-9	-2	det1=true
[11675]	65	115	-11	4	-9	2	det1=true
[11676]	82	115	-24	-1	-8	-6	det1=true
[11677]	84	115	-24	-7	-1	-10	det1=true
[11678]	84	115	-34	-7	-1	10	det1=true
[11679]	96	115	-22	-15	-10	-4	det1=true
[11680]	96	115	-26	-15	-10	4	det1=true
[11681]	99	115	-31	-3	-4	-10	det1=true
[11682]	99	115	-41	-3	-4	10	det1=true
[11683]	99	115	-15	-19	-1	-11	det1=true
[11684]	99	115	-26	-19	-1	11	det1=true
[11685]	107	115	-28	-7	-11	-3	det1=true
[11686]	107	115	-31	-7	-11	3	det1=true
[11687]	56	116	-26	-5	-7	-4	det1=true
[11688]	56	116	-30	-5	-7	4	det1=true
[11689]	71	116	-25	-4	-6	-7	det1=true
[11690]	71	116	-32	-4	-6	7	det1=true
[11691]	93	116	-39	-38	-2	-9	det1=true
[11692]	93	116	-48	-38	-2	9	det1=true
[11693]	103	116	-50	-13	-10	-2	det1=true
[11694]	109	116	-21	-10	-6	-10	det1=true
[11695]	109	116	-31	-10	-6	10	det1=true
[11696]	113	116	-28	-8	-4	-11	det1=true
[11697]	113	116	-39	-8	-4	11	det1=true
[11698]	114	116	-52	-39	-9	-4	det1=true
[11699]	114	116	-56	-39	-9	4	det1=true
[11700]	62	113	-16	-15	-3	-8	det1=true
[11701]	62	113	-24	-15	-3	8	det1=true
[11702]	74	113	-18	-10	-5	-8	det1=true
[11703]	74	113	-26	-10	-5	8	det1=true
[11704]	82	113	-32	-26	-9	2	det1=true
[11705]	87	113	-30	-13	-4	-9	det1=true
[11706]	91	113	-23	-5	-3	-10	det1=true
[11707]	91	113	-33	-5	-3	10	det1=true
[11708]	92	113	-12	0	-9	-6	det1=true
[11709]	93	113	-16	-6	-10	-4	det1=true
[11710]	93	113	-20	-6	-10	4	det1=true
[11711]	95	113	-40	-40	-1	-9	det1=true
[11712]	95	113	-35	-7	-9	-5	det1=true
[11713]	95	113	-40	-7	-9	5	det1=true
[11714]	103	113	-44	-7	-5	-9	det1=true
[11715]	103	113	-53	-7	-5	9	det1=true
[11716]	103	113	-40	-19	-5	-9	det1=true
[11717]	103	113	-49	-19	-5	9	det1=true
[11718]	105	113	-42	-20	-5	-9	det1=true
[11719]	105	113	-51	-20	-5	9	det1=true
[11720]	105	113	-40	-9	-8	-7	det1=true
[11721]	105	113	-37	-19	-10	4	det1=true
[11722]	10	114	-2	0	-3	-2	det1=true
[11723]	10	114	-4	0	-3	2	det1=true
[11724]	60	114	-14	-12	-3	-8	det1=true
[11725]	60	114	-22	-12	-3	8	det1=true
[11726]	63	114	-30	-17	-8	2	det1=true
[11727]	63	114	-25	-20	-2	-8	det1=true
[11728]	63	114	-33	-20	-2	8	det1=true
[11729]	79	114	-38	-6	-9	-2	det1=true
[11730]	79	114	-40	-6	-9	2	det1=true
[11731]	81	114	-12	-13	-1	-10	det1=true
[11732]	82	114	-34	-11	-5	-8	det1=true
[11733]	82	114	-42	-11	-5	8	det1=true
[11734]	86	114	-31	-2	-10	-1	det1=true
[11735]	86	114	-32	-2	-10	1	det1=true
[11736]	91	114	-19	-4	-8	-7	det1=true
[11737]	91	114	-26	-4	-8	7	det1=true
[11738]	94	114	-36	-16	-1	-10	det1=true
[11739]	94	114	-46	-16	-1	10	det1=true
[11740]	96	114	-43	-12	-10	-1	det1=true
[11741]	96	114	-44	-12	-10	1	det1=true
[11742]	97	114	-46	-10	-10	1	det1=true
[11743]	99	114	-35	-30	-6	-8	det1=true
[11744]	99	114	-43	-30	-6	8	det1=true
[11745]	107	114	-44	-6	-7	-8	det1=true
[11746]	107	114	-52	-6	-7	8	det1=true
[11747]	107	114	-29	-14	-10	-5	det1=true
[11748]	107	114	-34	-14	-10	5	det1=true
[11749]	114	114	-46	-37	-10	-2	det1=true
[11750]	114	114	-48	-37	-10	2	det1=true
[11751]	19	115	-5	-1	-3	4	det1=true
[11752]	39	115	-9	-4	-7	-1	det1=true
[11753]	39	115	-10	-4	-7	1	det1=true
[11754]	49	115	-17	-12	-3	-7	det1=true
[11755]	49	115	-24	-12	-3	7	det1=true
[11756]	53	115	-24	-7	-6	-5	det1=true
[11757]	53	115	-29	-7	-6	5	det1=true
[11758]	56	115	-14	-1	-3	8	det1=true
[11759]	56	115	-4	-5	-3	-8	det1=true
[11760]	60	115	-29	-6	-8	-2	det1=true
[11761]	60	115	-31	-6	-8	2	det1=true
[11762]	61	115	-26	-5	-8	3	det1=true
[11763]	61	115	-20	-4	-5	-7	det1=true
[11764]	63	115	-10	0	-9	-1	det1=true
[11765]	63	115	-11	0	-9	1	det1=true
[11766]	83	115	-13	-4	-5	-9	det1=true
[11767]	84	115	-20	-16	-1	-10	det1=true
[11768]	84	115	-30	-16	-1	10	det1=true
[11769]	92	115	-40	-34	-2	-9	det1=true
[11770]	92	115	-49	-34	-2	9	det1=true
[11771]	96	115	-44	-30	-8	-5	det1=true
[11772]	96	115	-49	-30	-8	5	det1=true
[11773]	99	115	-21	-2	-11	-2	det1=true
[11774]	99	115	-23	-2	-11	2	det1=true
[11775]	102	115	-34	-10	-9	-6	det1=true
[11776]	102	115	-40	-10	-9	6	det1=true
[11777]	102	115	-33	-16	-10	-4	det1=true
[11778]	102	115	-37	-16	-10	4	det1=true
[11779]	107	115	-35	-11	-3	11	det1=true
[11780]	108	115	-40	-16	-9	-6	det1=true
[11781]	108	115	-46	-16	-9	6	det1=true
[11782]	109	115	-54	-45	-9	-1	det1=true
[11783]	109	115	-55	-45	-9	1	det1=true
[11784]	41	116	-9	-8	-4	-6	det1=true
[11785]	41	116	-15	-8	-4	6	det1=true
[11786]	49	116	-21	-4	-6	5	det1=true
[11787]	51	116	-13	0	-4	-7	det1=true
[11788]	59	116	-24	-20	-1	-8	det1=true
[11789]	59	116	-32	-20	-1	8	det1=true
[11790]	63	116	-28	-24	-4	-7	det1=true
[11791]	63	116	-35	-24	-4	7	det1=true
[11792]	73	116	-30	-7	-9	-2	det1=true
[11793]	73	116	-32	-7	-9	2	det1=true
[11794]	76	116	-36	-4	-9	-2	det1=true
[11795]	76	116	-38	-4	-9	2	det1=true
[11796]	79	116	-19	2	-8	-6	det1=true
[11797]	79	116	-25	2	-8	6	det1=true
[11798]	79	116	-18	1	-6	-8	det1=true
[11799]	79	116	-26	1	-6	8	det1=true
[11800]	85	116	-36	4	-9	-4	det1=true
[11801]	85	116	-40	4	-9	4	det1=true
[11802]	85	116	-4	4	-8	-7	det1=true
[11803]	85	116	-11	4	-8	7	det1=true
[11804]	95	116	-34	-5	-3	-10	det1=true
[11805]	98	116	-43	-20	-8	-6	det1=true
[11806]	98	116	-49	-20	-8	6	det1=true
[11807]	104	116	-11	0	-6	-10	det1=true
[11808]	104	116	-21	0	-6	10	det1=true
[11809]	108	116	-44	-17	-7	-8	det1=true
[11810]	108	116	-52	-17	-7	8	det1=true
[11811]	115	116	-21	2	-12	-2	det1=true
[11812]	115	116	-23	2	-12	2	det1=true
[11813]	116	116	-24	-4	-8	-9	det1=true
[11814]	116	116	-33	-4	-8	9	det1=true
[11815]	32	113	-11	2	-6	-2	det1=true
[11816]	32	113	-13	2	-6	2	det1=true
[11817]	65	113	-14	0	-9	-1	det1=true
[11818]	65	113	-15	0	-9	1	det1=true
[11819]	73	113	-25	-6	-7	-6	det1=true
[11820]	82	113	-30	-26	-9	-2	det1=true
[11821]	86	113	-31	0	-10	1	det1=true
[11822]	87	113	-39	-13	-4	9	det1=true
[11823]	90	113	-12	-7	-7	-8	det1=true
[11824]	90	113	-20	-7	-7	8	det1=true
[11825]	93	113	-44	-21	-8	-5	det1=true
[11826]	93	113	-49	-21	-8	5	det1=true
[11827]	94	113	-38	-18	-4	-9	det1=true
[11828]	94	113	-47	-18	-4	9	det1=true
[11829]	97	113	-42	-10	-6	-8	det1=true
[11830]	97	113	-50	-10	-6	8	det1=true
[11831]	97	113	-34	-26	-6	-8	det1=true
[11832]	97	113	-42	-26	-6	8	det1=true
[11833]	98	113	-27	-8	-10	-4	det1=true
[11834]	98	113	-31	-8	-10	4	det1=true
[11835]	99	113	-19	-1	-1	-11	det1=true
[11836]	99	113	-20	-8	-11	-1	det1=true
[11837]	102	113	-24	-2	-11	-2	det1=true
[11838]	102	113	-26	-2	-11	2	det1=true
[11839]	105	113	-44	-18	-9	-5	det1=true
[11840]	105	113	-47	-9	-8	7	det1=true
[11841]	105	113	-33	-19	-10	-4	det1=true
[11842]	107	113	-33	-4	-11	-2	det1=true
[11843]	107	113	-35	-4	-11	2	det1=true
[11844]	107	113	-22	-7	-7	-9	det1=true
[11845]	107	113	-31	-7	-7	9	det1=true
[11846]	108	113	-50	-33	-2	10	det1=true
[11847]	110	113	-27	-22	-2	-11	det1=true
[11848]	110	113	-38	-22	-2	11	det1=true
[11849]	53	114	-18	2	-7	-4	det1=true
[11850]	53	114	-22	2	-7	4	det1=true
[11851]	53	114	-16	-1	-1	-8	det1=true
[11852]	53	114	-24	-1	-1	8	det1=true
[11853]	56	114	-28	-18	-6	5	det1=true
[11854]	70	114	-15	-14	-2	-9	det1=true
[11855]	70	114	-24	-14	-2	9	det1=true
[11856]	73	114	-19	-18	-6	-7	det1=true
[11857]	77	114	-30	4	-8	-5	det1=true
[11858]	96	114	-4	-2	-2	-11	det1=true
[11859]	96	114	-15	-2	-2	11	det1=true
[11860]	102	114	-44	-24	-3	10	det1=true
[11861]	102	114	-21	-8	-2	-11	det1=true
[11862]	102	114	-32	-8	-2	11	det1=true
[11863]	106	114	-40	-11	-10	-4	det1=true
[11864]	106	114	-44	-11	-10	4	det1=true
[11865]	44	115	-20	-5	-6	-4	det1=true
[11866]	44	115	-24	-5	-6	4	det1=true
[11867]	47	115	-7	-1	-5	-6	det1=true
[11868]	47	115	-13	-1	-5	6	det1=true
[11869]	53	115	-28	-20	-3	7	det1=true
[11870]	56	115	-12	-5	-3	8	det1=true
[11871]	61	115	-18	-9	-5	-7	det1=true
[11872]	61	115	-25	-9	-5	7	det1=true
[11873]	62	115	-23	-10	-8	-3	det1=true
[11874]	62	115	-26	-10	-8	3	det1=true
[11875]	63	115	-25	-1	-5	-7	det1=true
[11876]	63	115	-32	-1	-5	7	det1=true
[11877]	63	115	-21	-13	-7	-5	det1=true
[11878]	63	115	-26	-13	-7	5	det1=true
[11879]	70	115	-29	-2	-6	7	det1=true
[11880]	72	115	-32	-24	-3	-8	det1=true
[11881]	72	115	-40	-24	-3	8	det1=true
[11882]	83	115	-22	-4	-5	9	det1=true
[11883]	85	115	-18	-6	-5	-9	det1=true
[11884]	85	115	-27	-6	-5	9	det1=true
[11885]	91	115	-45	-1	-8	6	det1=true
[11886]	91	115	-38	-2	-6	-8	det1=true
[11887]	91	115	-46	-2	-6	8	det1=true
[11888]	93	115	-11	5	-11	1	det1=true
[11889]	95	115	-39	2	-9	-5	det1=true
[11890]	95	115	-44	2	-9	5	det1=true
[11891]	96	115	-19	-18	-4	-10	det1=true
[11892]	96	115	-29	-18	-4	10	det1=true
[11893]	103	115	-30	-19	-2	11	det1=true
[11894]	109	115	-39	-4	-11	-2	det1=true
[11895]	109	115	-41	-4	-11	2	det1=true
[11896]	110	115	-47	-24	-10	-3	det1=true
[11897]	110	115	-50	-24	-10	3	det1=true
[11898]	110	115	-4	2	-9	-8	det1=true
[11899]	110	115	-12	2	-9	8	det1=true
[11900]	111	115	-51	-35	-5	9	det1=true
[11901]	114	115	-35	-24	-2	-11	det1=true
[11902]	114	115	-46	-24	-2	11	det1=true
[11903]	115	115	-53	-35	-10	-1	det1=true
[11904]	115	115	-54	-35	-10	1	det1=true
[11905]	115	115	-50	-4	-11	-1	det1=true
[11906]	115	115	-51	-4	-11	1	det1=true
[11907]	57	116	-27	-2	-8	2	det1=true
[11908]	76	116	-26	-21	-7	-6	det1=true
[11909]	76	116	-32	-21	-7	6	det1=true
[11910]	77	116	-12	3	-6	-8	det1=true
[11911]	77	116	-20	3	-6	8	det1=true
[11912]	81	116	-32	-18	-8	-5	det1=true
[11913]	81	116	-37	-18	-8	5	det1=true
[11914]	83	116	-34	-19	-5	-8	det1=true
[11915]	86	116	-37	-28	-6	-7	det1=true
[11916]	86	116	-44	-28	-6	7	det1=true
[11917]	87	116	-13	0	-8	-7	det1=true
[11918]	87	116	-20	0	-8	7	det1=true
[11919]	88	116	-32	-32	-5	-8	det1=true
[11920]	88	116	-40	-32	-5	8	det1=true
[11921]	92	116	-39	-2	-10	-2	det1=true
[11922]	92	116	-41	-2	-10	2	det1=true
[11923]	93	116	-40	-36	-6	-7	det1=true
[11924]	93	116	-47	-36	-6	7	det1=true
[11925]	93	116	-32	-21	-10	-2	det1=true
[11926]	93	116	-34	-21	-10	2	det1=true
[11927]	100	116	-50	-28	-1	10	det1=true
[11928]	110	116	-50	-36	-9	-4	det1=true
[11929]	111	116	-17	-20	-4	-11	det1=true
[11930]	111	116	-28	-20	-4	11	det1=true
[11931]	59	113	-9	-7	-5	-7	det1=true
[11932]	65	113	-10	-4	-1	-9	det1=true
[11933]	65	113	-19	-4	-1	9	det1=true
[11934]	68	113	-14	-1	-7	-6	det1=true
[11935]	71	113	-23	-4	-9	-2	det1=true
[11936]	71	113	-25	-4	-9	2	det1=true
[11937]	73	113	-25	-1	-2	-9	det1=true
[11938]	73	113	-34	-1	-2	9	det1=true
[11939]	73	113	-31	-6	-7	6	det1=true
[11940]	79	113	-7	-4	-1	-10	det1=true
[11941]	79	113	-17	-4	-1	10	det1=true
[11942]	81	113	-35	-1	-8	-5	det1=true
[11943]	89	113	-31	-11	-8	-6	det1=true
[11944]	89	113	-37	-11	-8	6	det1=true
[11945]	94	113	-44	-5	-9	-4	det1=true
[11946]	94	113	-48	-5	-9	4	det1=true
[11947]	95	113	-44	-36	-9	-1	det1=true
[11948]	97	113	-43	-9	-8	-6	det1=true
[11949]	97	113	-49	-9	-8	6	det1=true
[11950]	99	113	-30	-1	-1	11	det1=true
[11951]	103	113	-46	-5	-9	-5	det1=true
[11952]	103	113	-51	-5	-9	5	det1=true
[11953]	104	113	-44	-10	-10	-3	det1=true
[11954]	104	113	-47	-10	-10	3	det1=true
[11955]	104	113	-39	-36	-4	-9	det1=true
[11956]	104	113	-48	-36	-4	9	det1=true
[11957]	108	113	-15	-4	-10	-6	det1=true
[11958]	108	113	-21	-4	-10	6	det1=true
[11959]	113	113	-26	0	-6	-10	det1=true
[11960]	113	113	-36	0	-6	10	det1=true
[11961]	58	114	-25	-2	-8	-2	det1=true
[11962]	58	114	-27	-2	-8	2	det1=true
[11963]	63	114	-28	-17	-8	-2	det1=true
[11964]	65	114	-26	-29	-1	-8	det1=true
[11965]	65	114	-34	-29	-1	8	det1=true
[11966]	75	114	-26	0	-8	-5	det1=true
[11967]	75	114	-31	0	-8	5	det1=true
[11968]	77	114	-26	-10	-5	-8	det1=true
[11969]	77	114	-34	-10	-5	8	det1=true
[11970]	80	114	-8	1	-10	-2	det1=true
[11971]	81	114	-22	-13	-1	10	det1=true
[11972]	86	114	-40	-22	-8	5	det1=true
[11973]	87	114	-18	-4	-10	-3	det1=true
[11974]	88	114	-27	-10	-10	-2	det1=true
[11975]	88	114	-29	-10	-10	2	det1=true
[11976]	94	114	-32	-17	-2	-10	det1=true
[11977]	95	114	-50	-6	-1	10	det1=true
[11978]	97	114	-42	-38	-2	-9	det1=true
[11979]	97	114	-51	-38	-2	9	det1=true
[11980]	97	114	-6	-8	-2	-11	det1=true
[11981]	97	114	-17	-8	-2	11	det1=true
[11982]	100	114	-43	-16	-10	-2	det1=true
[11983]	100	114	-45	-16	-10	2	det1=true
[11984]	102	114	-34	-16	-7	-8	det1=true
[11985]	104	114	-25	-8	-2	-11	det1=true
[11986]	104	114	-36	-8	-2	11	det1=true
[11987]	107	114	-26	-18	-2	-11	det1=true
[11988]	112	114	-22	-12	-11	-4	det1=true
[11989]	112	114	-26	-12	-11	4	det1=true
[11990]	114	114	-16	-6	-12	-1	det1=true
[11991]	114	114	-17	-6	-12	1	det1=true
[11992]	19	115	-1	-1	-3	-4	det1=true
[11993]	49	115	-15	-3	-6	-5	det1=true
[11994]	49	115	-20	-3	-6	5	det1=true
[11995]	53	115	-21	-20	-3	-7	det1=true
[11996]	56	115	-6	-1	-3	-8	det1=true
[11997]	61	115	-19	-8	-7	-5	det1=true
[11998]	61	115	-24	-8	-7	5	det1=true
[11999]	68	115	-14	-9	-7	-6	det1=true
[12000]	68	115	-20	-9	-7	6	det1=true
[12001]	70	115	-10	-9	-5	-8	det1=true
[12002]	70	115	-18	-9	-5	8	det1=true
[12003]	81	115	-35	-6	-5	-8	det1=true
[12004]	81	115	-43	-6	-5	8	det1=true
[12005]	82	115	-30	-1	-8	6	det1=true
[12006]	82	115	-20	-11	-8	-6	det1=true
[12007]	82	115	-26	-11	-8	6	det1=true
[12008]	85	115	-13	-14	-5	-9	det1=true
[12009]	85	115	-22	-14	-5	9	det1=true
[12010]	88	115	-39	-22	-8	-5	det1=true
[12011]	91	115	-27	-9	-10	-3	det1=true
[12012]	91	115	-30	-9	-10	3	det1=true
[12013]	92	115	-38	-1	-10	-2	det1=true
[12014]	92	115	-40	-1	-10	2	det1=true
[12015]	98	115	-36	-10	-3	-10	det1=true
[12016]	98	115	-46	-10	-3	10	det1=true
[12017]	103	115	-19	-19	-2	-11	det1=true
[12018]	111	115	-42	-35	-5	-9	det1=true
[12019]	114	115	-44	-10	-11	-2	det1=true
[12020]	41	116	-16	0	-2	7	det1=true
[12021]	47	116	-8	-4	-6	-5	det1=true
[12022]	47	116	-13	-4	-6	5	det1=true
[12023]	66	116	-12	-2	-2	-9	det1=true
[12024]	66	116	-21	-2	-2	9	det1=true
[12025]	78	116	-30	-23	-5	8	det1=true
[12026]	78	116	-22	-3	-9	-4	det1=true
[12027]	79	116	-36	-16	-9	-2	det1=true
[12028]	79	116	-38	-16	-9	2	det1=true
[12029]	79	116	-24	-4	-9	-4	det1=true
[12030]	83	116	-42	-19	-5	8	det1=true
[12031]	86	116	-6	-5	-7	-8	det1=true
[12032]	96	116	-28	-31	-2	-10	det1=true
[12033]	96	116	-38	-31	-2	10	det1=true
[12034]	100	116	-40	-28	-1	-10	det1=true
[12035]	100	116	-36	-20	-3	-10	det1=true
[12036]	100	116	-46	-20	-3	10	det1=true
[12037]	102	116	-50	-27	-2	10	det1=true
[12038]	102	116	-28	-22	-6	-9	det1=true
[12039]	102	116	-37	-22	-6	9	det1=true
[12040]	110	116	-54	-36	-9	4	det1=true
[12041]	110	116	-45	-12	-4	-10	det1=true
[12042]	110	116	-55	-12	-4	10	det1=true
[12043]	112	116	-4	2	-10	-7	det1=true
[12044]	112	116	-11	2	-10	7	det1=true
[12045]	114	116	-50	-35	-10	-2	det1=true
[12046]	114	116	-52	-35	-10	2	det1=true
[12047]	32	113	-8	-5	-6	-2	det1=true
[12048]	32	113	-10	-5	-6	2	det1=true
[12049]	51	113	-7	-1	-1	-8	det1=true
[12050]	51	113	-15	-1	-1	8	det1=true
[12051]	51	113	-7	-3	-7	-4	det1=true
[12052]	51	113	-11	-3	-7	4	det1=true
[12053]	59	113	-16	-7	-5	7	det1=true
[12054]	71	113	-27	-9	-4	-8	det1=true
[12055]	71	113	-35	-9	-4	8	det1=true
[12056]	79	113	-28	-27	-1	-9	det1=true
[12057]	79	113	-37	-27	-1	9	det1=true
[12058]	81	113	-40	-1	-8	5	det1=true
[12059]	86	113	-30	0	-10	-1	det1=true
[12060]	88	113	-20	0	-10	-3	det1=true
[12061]	88	113	-23	0	-10	3	det1=true
[12062]	101	113	-33	-12	-7	-8	det1=true
[12063]	101	113	-41	-12	-7	8	det1=true
[12064]	108	113	-40	-33	-2	-10	det1=true
[12065]	110	113	-34	-4	-2	-11	det1=true
[12066]	110	113	-45	-4	-2	11	det1=true
[12067]	111	113	-28	-23	-2	-11	det1=true
[12068]	111	113	-39	-23	-2	11	det1=true
[12069]	56	114	-23	-18	-6	-5	det1=true
[12070]	73	114	-26	-18	-6	7	det1=true
[12071]	84	114	-20	-15	-6	-8	det1=true
[12072]	84	114	-28	-15	-6	8	det1=true
[12073]	85	114	-30	-26	-5	-8	det1=true
[12074]	85	114	-38	-26	-5	8	det1=true
[12075]	95	114	-42	-29	-5	-8	det1=true
[12076]	95	114	-50	-29	-5	8	det1=true
[12077]	96	114	-31	-24	-2	-10	det1=true
[12078]	107	114	-37	-18	-2	11	det1=true
[12079]	114	114	-52	-44	-8	-5	det1=true
[12080]	114	114	-57	-44	-8	5	det1=true
[12081]	31	115	0	1	-4	-5	det1=true
[12082]	31	115	-5	1	-4	5	det1=true
[12083]	47	115	-14	-8	-7	-3	det1=true
[12084]	47	115	-17	-8	-7	3	det1=true
[12085]	63	115	-26	0	-7	-5	det1=true
[12086]	63	115	-31	0	-7	5	det1=true
[12087]	67	115	-15	1	-7	-6	det1=true
[12088]	67	115	-21	1	-7	6	det1=true
[12089]	69	115	-14	-5	-8	5	det1=true
[12090]	79	115	-16	0	-6	-8	det1=true
[12091]	79	115	-24	0	-6	8	det1=true
[12092]	88	115	-44	-22	-8	5	det1=true
[12093]	88	115	-36	0	-10	-1	det1=true
[12094]	101	115	-20	-19	-1	-11	det1=true
[12095]	101	115	-31	-19	-1	11	det1=true
[12096]	106	115	-46	-42	-8	-5	det1=true
[12097]	107	115	-25	-9	-7	-9	det1=true
[12098]	107	115	-34	-9	-7	9	det1=true
[12099]	111	115	-44	-33	-9	-5	det1=true
[12100]	111	115	-49	-33	-9	5	det1=true
[12101]	31	116	-4	1	-5	-4	det1=true
[12102]	31	116	-8	1	-5	4	det1=true
[12103]	51	116	-20	0	-4	7	det1=true
[12104]	72	116	-14	-15	-5	-8	det1=true
[12105]	72	116	-22	-15	-5	8	det1=true
[12106]	78	116	-22	-23	-5	-8	det1=true
[12107]	79	116	-35	-2	-8	-5	det1=true
[12108]	82	116	-24	-16	-9	-4	det1=true
[12109]	82	116	-28	-16	-9	4	det1=true
[12110]	83	116	-24	-18	-4	-9	det1=true
[12111]	83	116	-33	-18	-4	9	det1=true
[12112]	92	116	-36	-24	-9	-4	det1=true
[12113]	92	116	-40	-24	-9	4	det1=true
[12114]	95	116	-44	-5	-3	10	det1=true
[12115]	95	116	-32	-16	-10	-3	det1=true
[12116]	95	116	-35	-16	-10	3	det1=true
[12117]	102	116	-40	-27	-2	-10	det1=true
[12118]	106	116	-30	-28	-9	-6	det1=true
[12119]	107	116	-40	-29	-3	-10	det1=true
[12120]	107	116	-50	-29	-3	10	det1=true
[12121]	109	116	-19	-14	-10	-6	det1=true
[12122]	116	116	-63	-34	-8	-5	det1=true
[12123]	116	116	-68	-34	-8	5	det1=true
[12124]	54	113	-10	-5	-8	-2	det1=true
[12125]	54	113	-12	-5	-8	2	det1=true
[12126]	56	113	-24	0	-7	-4	det1=true
[12127]	56	113	-28	0	-7	4	det1=true
[12128]	63	113	-1	3	-9	-1	det1=true
[12129]	63	113	-2	3	-9	1	det1=true
[12130]	71	113	-13	-1	-5	-8	det1=true
[12131]	71	113	-21	-1	-5	8	det1=true
[12132]	79	113	-14	-11	-4	-9	det1=true
[12133]	79	113	-23	-11	-4	9	det1=true
[12134]	83	113	-20	-9	-10	-1	det1=true
[12135]	83	113	-21	-9	-10	1	det1=true
[12136]	88	113	-25	-18	-8	-6	det1=true
[12137]	88	113	-31	-18	-8	6	det1=true
[12138]	99	113	-21	-8	-11	1	det1=true
[12139]	100	113	-36	-29	-6	-8	det1=true
[12140]	100	113	-44	-29	-6	8	det1=true
[12141]	101	113	-36	-3	-8	-7	det1=true
[12142]	101	113	-43	-3	-8	7	det1=true
[12143]	101	113	-22	-8	-1	-11	det1=true
[12144]	101	113	-33	-8	-1	11	det1=true
[12145]	101	113	-8	3	-9	-7	det1=true
[12146]	101	113	-15	3	-9	7	det1=true
[12147]	107	113	-13	-1	-10	-6	det1=true
[12148]	107	113	-19	-1	-10	6	det1=true
[12149]	112	113	-34	-1	-6	10	det1=true
[12150]	113	113	-91	-12	-7	1	det1=true
[12151]	113	113	-4	-1	-5	-11	det1=true
[12152]	113	113	-15	-1	-5	11	det1=true
[12153]	50	114	-4	0	-4	-7	det1=true
[12154]	50	114	-11	0	-4	7	det1=true
[12155]	86	114	-35	-22	-8	-5	det1=true
[12156]	87	114	-21	-4	-10	3	det1=true
[12157]	100	114	-17	-6	-2	-11	det1=true
[12158]	102	114	-34	-24	-3	-10	det1=true
[12159]	102	114	-42	-16	-7	8	det1=true
[12160]	61	115	-23	-5	-8	-3	det1=true
[12161]	88	115	-37	0	-10	1	det1=true
[12162]	95	115	-39	-17	-6	-8	det1=true
[12163]	95	115	-47	-17	-6	8	det1=true
[12164]	96	115	-44	-36	-9	-2	det1=true
[12165]	96	115	-46	-36	-9	2	det1=true
[12166]	100	115	-36	-36	-4	-9	det1=true
[12167]	100	115	-45	-36	-4	9	det1=true
[12168]	108	115	-16	-9	-11	-4	det1=true
[12169]	108	115	-20	-9	-11	4	det1=true
[12170]	19	116	-4	0	-4	-3	det1=true
[12171]	19	116	-7	0	-4	3	det1=true
[12172]	41	116	-9	0	-2	-7	det1=true
[12173]	57	116	-25	-2	-8	-2	det1=true
[12174]	60	116	-23	-18	-8	-2	det1=true
[12175]	60	116	-25	-18	-8	2	det1=true
[12176]	79	116	-40	-2	-8	5	det1=true
[12177]	83	116	-20	-15	-1	-10	det1=true
[12178]	87	116	-28	-15	-1	-10	det1=true
[12179]	87	116	-38	-15	-1	10	det1=true
[12180]	102	116	-44	-23	-10	-2	det1=true
[12181]	102	116	-46	-23	-10	2	det1=true
[12182]	103	116	-43	-30	-8	-6	det1=true
[12183]	109	116	-25	-14	-10	6	det1=true
[12184]	45	113	-22	-12	-7	-1	det1=true
[12185]	47	113	-1	1	-5	-6	det1=true
[12186]	47	113	-7	1	-5	6	det1=true
[12187]	85	113	-19	-17	-6	-8	det1=true
[12188]	85	113	-27	-17	-6	8	det1=true
[12189]	98	113	-24	-11	-4	-10	det1=true
[12190]	98	113	-34	-11	-4	10	det1=true
[12191]	113	113	-43	-24	-7	-8	det1=true
[12192]	113	113	-51	-24	-7	8	det1=true
[12193]	86	114	-24	-16	-10	-1	det1=true
[12194]	95	114	-40	-6	-1	-10	det1=true
[12195]	100	114	-39	-20	-2	-10	det1=true
[12196]	100	114	-49	-20	-2	10	det1=true
[12197]	100	114	-28	-6	-2	11	det1=true
[12198]	108	114	-30	-17	-11	-2	det1=true
[12199]	108	114	-32	-17	-11	2	det1=true
[12200]	70	115	-22	-2	-6	-7	det1=true
[12201]	88	115	-28	-11	-10	-2	det1=true
[12202]	91	115	-39	-1	-8	-6	det1=true
[12203]	93	115	-27	-20	-5	-9	det1=true
[12204]	93	115	-36	-20	-5	9	det1=true
[12205]	99	115	-20	-14	-11	-1	det1=true
[12206]	99	115	-21	-14	-11	1	det1=true
[12207]	111	115	-40	-10	-1	-11	det1=true
[12208]	111	115	-51	-10	-1	11	det1=true
[12209]	112	115	-12	-6	-12	-1	det1=true
[12210]	112	115	-13	-6	-12	1	det1=true
[12211]	78	116	-26	-3	-9	4	det1=true
[12212]	79	116	-28	-4	-9	4	det1=true
[12213]	83	116	-32	-3	-9	-4	det1=true
[12214]	83	116	-36	-3	-9	4	det1=true
[12215]	84	116	-31	-26	-8	-5	det1=true
[12216]	84	116	-36	-26	-8	5	det1=true
[12217]	86	116	-33	2	-8	-6	det1=true
[12218]	86	116	-39	2	-8	6	det1=true
[12219]	95	116	-35	-26	-8	-6	det1=true
[12220]	95	116	-41	-26	-8	6	det1=true
[12221]	102	116	-44	-28	-10	-1	det1=true
[12222]	103	116	-49	-30	-8	6	det1=true
[12223]	106	116	-36	-28	-9	6	det1=true
[12224]	83	113	-15	-6	-5	9	det1=true
[12225]	88	113	-24	-19	-6	-8	det1=true
[12226]	88	113	-32	-19	-6	8	det1=true
[12227]	98	113	-26	-5	-4	-10	det1=true
[12228]	98	113	-36	-5	-4	10	det1=true
[12229]	106	113	-40	-34	-1	-10	det1=true
[12230]	106	113	-50	-34	-1	10	det1=true
[12231]	107	113	-23	-4	-7	-9	det1=true
[12232]	107	113	-32	-4	-7	9	det1=true
[12233]	107	113	-22	-6	-3	-11	det1=true
[12234]	107	113	-33	-6	-3	11	det1=true
[12235]	110	113	-30	-30	-6	-9	det1=true
[12236]	110	113	-39	-30	-6	9	det1=true
[12237]	111	113	-37	-18	-11	-1	det1=true
[12238]	111	113	-38	-18	-11	1	det1=true
[12239]	113	113	-7	2	-11	-5	det1=true
[12240]	113	113	-12	2	-11	5	det1=true
[12241]	64	114	-26	-27	-1	-8	det1=true
[12242]	64	114	-34	-27	-1	8	det1=true
[12243]	86	114	-25	-16	-10	1	det1=true
[12244]	100	114	-25	-24	-8	-7	det1=true
[12245]	86	116	-14	-5	-7	8	det1=true
[12246]	93	116	-15	-16	-4	-10	det1=true
[12247]	93	116	-25	-16	-4	10	det1=true
[12248]	108	116	-43	-8	-6	-9	det1=true
[12249]	108	116	-52	-8	-6	9	det1=true
[12250]	112	116	-27	-10	-6	-10	det1=true
[12251]	81	113	-23	-24	-5	-8	det1=true
[12252]	81	113	-31	-24	-5	8	det1=true
[12253]	81	113	-17	-3	-6	-8	det1=true
[12254]	81	113	-25	-3	-6	8	det1=true
[12255]	97	113	-39	-34	-3	-9	det1=true
[12256]	97	113	-48	-34	-3	9	det1=true
[12257]	107	113	-18	-14	-7	-9	det1=true
[12258]	107	113	-27	-14	-7	9	det1=true
[12259]	113	113	-36	-21	-1	-11	det1=true
[12260]	113	113	-47	-21	-1	11	det1=true
[12261]	81	114	-21	2	-10	-1	det1=true
[12262]	81	114	-22	2	-10	1	det1=true
[12263]	90	114	-30	-16	-1	-10	det1=true
[12264]	90	114	-40	-16	-1	10	det1=true
[12265]	96	114	-34	-19	-2	-10	det1=true
[12266]	96	114	-32	-28	-1	-10	det1=true
[12267]	96	114	-42	-28	-1	10	det1=true
[12268]	99	114	-46	-14	-10	-1	det1=true
[12269]	99	114	-47	-14	-10	1	det1=true
[12270]	101	114	-36	-7	-7	-8	det1=true
[12271]	101	114	-44	-7	-7	8	det1=true
[12272]	88	115	-30	-11	-10	2	det1=true
[12273]	111	115	-46	-5	-6	-9	det1=true
[12274]	71	116	-26	-1	-7	-6	det1=true
[12275]	71	116	-32	-1	-7	6	det1=true
[12276]	89	116	-32	-22	-4	-9	det1=true
[12277]	89	116	-41	-22	-4	9	det1=true
[12278]	110	116	-52	-9	-10	4	det1=true
[12279]	77	113	0	0	-6	-8	det1=true
[12280]	77	113	-8	0	-6	8	det1=true
[12281]	83	113	-6	-6	-5	-9	det1=true
[12282]	113	113	-50	4	-10	-4	det1=true
[12283]	113	113	-54	4	-10	4	det1=true
[12284]	113	113	-20	-16	-10	-6	det1=true
[12285]	113	113	-26	-16	-10	6	det1=true
[12286]	90	114	-12	5	-10	-4	det1=true
[12287]	90	114	-16	5	-10	4	det1=true
[12288]	95	115	-40	-21	-4	-9	det1=true
[12289]	99	115	-41	-25	-10	-1	det1=true
[12290]	99	115	-42	-25	-10	1	det1=true
[12291]	56	116	-24	-12	-8	-1	det1=true
[12292]	56	116	-25	-12	-8	1	det1=true
[12293]	110	116	-48	-9	-10	-4	det1=true
[12294]	81	113	-10	2	-10	-2	det1=true
[12295]	89	115	-35	-29	-5	-8	det1=true
[12296]	89	113	-40	-19	-8	-5	det1=true
[12297]	89	113	-45	-19	-8	5	det1=true
[12298]	113	114	-44	2	-11	-2	det1=true
[12299]	113	114	-46	2	-11	2	det1=true
[12300]	115	115	-37	-13	-9	-7	det1=true
[12301]	56	113	-24	-15	-5	-6	det1=true
[12302]	56	113	-30	-15	-5	6	det1=true
[12303]	71	113	-33	-15	-7	-5	det1=true
[12304]	71	113	-38	-15	-7	5	det1=true
[12305]	67	115	-29	-17	-8	-3	det1=true
[12306]	67	115	-32	-17	-8	3	det1=true
[12307]	115	115	-44	-13	-9	7	det1=true
[12308]	50	114	-18	-11	-5	6	det1=true
[12309]	84	114	-38	-7	-5	-8	det1=true
[12310]	84	114	-46	-7	-5	8	det1=true
[12311]	95	114	-30	-14	-8	7	det1=true
[12312]	84	116	-37	-24	-6	-7	det1=true
[12313]	50	114	-12	-11	-5	-6	det1=true
[12314]	89	114	-14	-2	-8	-7	det1=true
[12315]	89	114	-21	-2	-8	7	det1=true
[12316]	95	114	-23	-14	-8	-7	det1=true
[12317]	49	115	-23	2	-7	-3	det1=true
[12318]	49	115	-26	2	-7	3	det1=true
[12319]	30	116	-2	3	-6	-2	det1=true
[12320]	30	116	-4	3	-6	2	det1=true
[12321]	32	116	-12	-6	-4	5	det1=true
[12322]	78	116	-4	5	-10	-2	det1=true
[12323]	102	116	-35	-8	-6	-9	det1=true
[12324]	102	116	-44	-8	-6	9	det1=true
[12325]	108	116	-44	-2	-6	-9	det1=true
[12326]	30	116	0	1	-2	-6	det1=true
[12327]	30	116	-6	1	-2	6	det1=true
[12328]	90	114	-32	-16	-10	-1	det1=true
[12329]	90	114	-33	-16	-10	1	det1=true
[12330]	32	116	-7	-6	-4	-5	det1=true
[12331]	90	114	-14	-8	-7	-8	det1=true
[12332]	90	114	-22	-8	-7	8	det1=true
[12333]	50	113	-12	-9	-5	-6	det1=true
[12334]	50	113	-18	-9	-5	6	det1=true
[12335]	115	115	-54	0	-10	-4	det1=true
[12336]	88	116	-10	5	-10	-4	det1=true
[12337]	88	116	-14	5	-10	4	det1=true
[12338]	105	116	-44	5	-10	-4	det1=true
[12339]	105	116	-48	5	-10	4	det1=true
[12340]	116	116	-54	-3	-9	-6	det1=true
[12341]	116	116	-60	-3	-9	6	det1=true
[12342]	114	114	-52	-4	-7	-8	det1=true
[12343]	114	114	-60	-4	-7	8	det1=true
[12344]	77	119	-35	-33	-5	-7	det1=true
[12345]	77	119	-42	-33	-5	7	det1=true
[12346]	77	118	-15	-4	-6	-8	det1=true
[12347]	77	118	-23	-4	-6	8	det1=true
[12348]	73	117	-23	-9	-8	-5	det1=true
[12349]	73	117	-28	-9	-8	5	det1=true
[12350]	93	117	-1	2	-5	-10	det1=true
[12351]	93	117	-11	2	-5	10	det1=true
[12352]	97	117	-42	5	-10	-3	det1=true
[12353]	97	117	-45	5	-10	3	det1=true
[12354]	104	117	-38	-21	-7	-8	det1=true
[12355]	104	117	-46	-21	-7	8	det1=true
[12356]	109	117	-22	-12	-6	-10	det1=true
[12357]	109	117	-32	-12	-6	10	det1=true
[12358]	76	118	-34	-33	-3	-8	det1=true
[12359]	76	118	-42	-33	-3	8	det1=true
[12360]	81	118	-38	-10	-8	-5	det1=true
[12361]	81	118	-43	-10	-8	5	det1=true
[12362]	91	118	-20	-5	-4	-10	det1=true
[12363]	91	118	-30	-5	-4	10	det1=true
[12364]	118	118	-21	-6	-12	-3	det1=true
[12365]	118	118	-24	-6	-12	3	det1=true
[12366]	32	119	-13	-8	-2	-6	det1=true
[12367]	32	119	-19	-8	-2	6	det1=true
[12368]	48	119	-8	4	-8	-1	det1=true
[12369]	48	119	-9	4	-8	1	det1=true
[12370]	60	119	-26	-24	-1	-8	det1=true
[12371]	60	119	-34	-24	-1	8	det1=true
[12372]	65	119	-20	-4	-1	-9	det1=true
[12373]	65	119	-29	-4	-1	9	det1=true
[12374]	93	119	-31	-7	-9	6	det1=true
[12375]	101	119	-22	-5	-9	-7	det1=true
[12376]	101	119	-29	-5	-9	7	det1=true
[12377]	116	119	-36	-15	-6	-10	det1=true
[12378]	116	119	-46	-15	-6	10	det1=true
[12379]	117	119	-37	-23	-11	4	det1=true
[12380]	100	120	-39	2	-4	-10	det1=true
[12381]	100	120	-49	2	-4	10	det1=true
[12382]	108	120	-44	-4	-11	-2	det1=true
[12383]	108	120	-46	-4	-11	2	det1=true
[12384]	120	120	-48	-40	-7	-8	det1=true
[12385]	120	120	-56	-40	-7	8	det1=true
[12386]	23	117	-8	-7	-2	-5	det1=true
[12387]	23	117	-13	-7	-2	5	det1=true
[12388]	69	117	-29	-24	-3	-8	det1=true
[12389]	69	117	-37	-24	-3	8	det1=true
[12390]	85	117	-24	-8	-2	-10	det1=true
[12391]	85	117	-34	-8	-2	10	det1=true
[12392]	115	117	-52	-39	-10	-1	det1=true
[12393]	115	117	-53	-39	-10	1	det1=true
[12394]	115	117	-34	-1	-4	-11	det1=true
[12395]	115	117	-45	-1	-4	11	det1=true
[12396]	115	117	-10	-1	-12	-3	det1=true
[12397]	40	118	-12	-6	-2	7	det1=true
[12398]	56	118	-13	-4	-8	-3	det1=true
[12399]	56	118	-16	-4	-8	3	det1=true
[12400]	64	118	-8	-4	-7	-6	det1=true
[12401]	64	118	-14	-4	-7	6	det1=true
[12402]	74	118	-26	-8	-5	-8	det1=true
[12403]	74	118	-34	-8	-5	8	det1=true
[12404]	75	118	-20	-21	-5	-8	det1=true
[12405]	75	118	-28	-21	-5	8	det1=true
[12406]	77	118	-13	-8	-6	-8	det1=true
[12407]	77	118	-21	-8	-6	8	det1=true
[12408]	79	118	-34	-10	-5	-8	det1=true
[12409]	82	118	-24	-8	-1	-10	det1=true
[12410]	82	118	-34	-8	-1	10	det1=true
[12411]	102	118	-33	-26	-8	-7	det1=true
[12412]	102	118	-40	-26	-8	7	det1=true
[12413]	106	118	-41	-36	-2	-10	det1=true
[12414]	106	118	-51	-36	-2	10	det1=true
[12415]	108	118	-44	-39	-6	-8	det1=true
[12416]	108	118	-52	-39	-6	8	det1=true
[12417]	118	118	-43	2	-10	-6	det1=true
[12418]	118	118	-49	2	-10	6	det1=true
[12419]	45	119	-21	-13	-7	-2	det1=true
[12420]	45	119	-23	-13	-7	2	det1=true
[12421]	48	119	-7	0	-8	-1	det1=true
[12422]	48	119	-8	0	-8	1	det1=true
[12423]	50	119	-3	0	-2	-8	det1=true
[12424]	50	119	-11	0	-2	8	det1=true
[12425]	63	119	-12	-10	-1	-9	det1=true
[12426]	63	119	-21	-10	-1	9	det1=true
[12427]	69	119	-32	-21	-7	-5	det1=true
[12428]	69	119	-37	-21	-7	5	det1=true
[12429]	72	119	-28	-10	-8	5	det1=true
[12430]	80	119	-32	-28	-9	-2	det1=true
[12431]	80	119	-34	-28	-9	2	det1=true
[12432]	98	119	-42	-27	-8	-6	det1=true
[12433]	98	119	-48	-27	-8	6	det1=true
[12434]	103	119	-43	-34	-1	-10	det1=true
[12435]	103	119	-53	-34	-1	10	det1=true
[12436]	104	119	-44	-9	-10	-4	det1=true
[12437]	104	119	-48	-9	-10	4	det1=true
[12438]	104	119	-32	-29	-10	-4	det1=true
[12439]	104	119	-36	-29	-10	4	det1=true
[12440]	112	119	-16	-1	-2	-12	det1=true
[12441]	112	119	-28	-1	-2	12	det1=true
[12442]	114	119	-18	-7	-7	-10	det1=true
[12443]	114	119	-28	-7	-7	10	det1=true
[12444]	115	119	-41	-19	-11	-3	det1=true
[12445]	115	119	-44	-19	-11	3	det1=true
[12446]	117	119	-33	-23	-11	-4	det1=true
[12447]	119	119	-36	-24	-10	-6	det1=true
[12448]	119	119	-42	-24	-10	6	det1=true
[12449]	56	120	-27	-2	-8	-2	det1=true
[12450]	56	120	-29	-2	-8	2	det1=true
[12451]	70	120	-22	1	-5	-8	det1=true
[12452]	70	120	-30	1	-5	8	det1=true
[12453]	86	120	-35	4	-10	-2	det1=true
[12454]	86	120	-37	4	-10	2	det1=true
[12455]	101	120	-37	-22	-8	-7	det1=true
[12456]	101	120	-44	-22	-8	7	det1=true
[12457]	115	120	-20	-2	-12	-3	det1=true
[12458]	115	120	-23	-2	-12	3	det1=true
[12459]	31	117	-5	-2	-5	-4	det1=true
[12460]	57	117	-24	-8	-8	-2	det1=true
[12461]	57	117	-26	-8	-8	2	det1=true
[12462]	65	117	-20	-6	-9	1	det1=true
[12463]	72	117	-24	4	-8	-5	det1=true
[12464]	72	117	-29	4	-8	5	det1=true
[12465]	91	117	-43	-36	-9	-1	det1=true
[12466]	91	117	-44	-36	-9	1	det1=true
[12467]	96	117	-28	-2	-6	-9	det1=true
[12468]	96	117	-37	-2	-6	9	det1=true
[12469]	105	117	-43	-9	-10	-4	det1=true
[12470]	105	117	-47	-9	-10	4	det1=true
[12471]	109	117	-31	-23	-2	-11	det1=true
[12472]	109	117	-42	-23	-2	11	det1=true
[12473]	109	117	-17	-17	-4	-11	det1=true
[12474]	109	117	-28	-17	-4	11	det1=true
[12475]	109	117	-5	0	-11	-5	det1=true
[12476]	109	117	-10	0	-11	5	det1=true
[12477]	115	117	-13	-1	-12	3	det1=true
[12478]	116	117	-53	-20	-8	-7	det1=true
[12479]	44	118	-19	-12	-4	-6	det1=true
[12480]	44	118	-25	-12	-4	6	det1=true
[12481]	67	118	-13	-14	-2	-9	det1=true
[12482]	67	118	-22	-14	-2	9	det1=true
[12483]	68	118	-21	-4	-6	-7	det1=true
[12484]	68	118	-28	-4	-6	7	det1=true
[12485]	78	118	-5	-8	-2	-10	det1=true
[12486]	78	118	-15	-8	-2	10	det1=true
[12487]	79	118	-42	-10	-5	8	det1=true
[12488]	90	118	-25	2	-8	-7	det1=true
[12489]	90	118	-32	2	-8	7	det1=true
[12490]	92	118	-38	-29	-6	8	det1=true
[12491]	95	118	-36	-7	-3	-10	det1=true
[12492]	95	118	-46	-7	-3	10	det1=true
[12493]	105	118	-44	-1	-9	-6	det1=true
[12494]	112	118	-19	-10	-12	-1	det1=true
[12495]	112	118	-20	-10	-12	1	det1=true
[12496]	112	118	-12	3	-7	-10	det1=true
[12497]	112	118	-22	3	-7	10	det1=true
[12498]	114	118	-18	-5	-2	-12	det1=true
[12499]	114	118	-30	-5	-2	12	det1=true
[12500]	115	118	-27	-18	-8	9	det1=true
[12501]	42	119	-16	-7	-7	-2	det1=true
[12502]	42	119	-18	-7	-7	2	det1=true
[12503]	57	119	-14	-5	-5	-7	det1=true
[12504]	57	119	-21	-5	-5	7	det1=true
[12505]	59	119	-24	-23	-4	-7	det1=true
[12506]	59	119	-31	-23	-4	7	det1=true
[12507]	64	119	-16	-5	-7	6	det1=true
[12508]	90	119	-19	-16	-8	-7	det1=true
[12509]	90	119	-26	-16	-8	7	det1=true
[12510]	93	119	-21	1	-11	-1	det1=true
[12511]	93	119	-22	1	-11	1	det1=true
[12512]	98	119	-44	-34	-9	4	det1=true
[12513]	101	119	-43	1	-7	-8	det1=true
[12514]	101	119	-51	1	-7	8	det1=true
[12515]	108	119	-26	-8	-11	-4	det1=true
[12516]	108	119	-30	-8	-11	4	det1=true
[12517]	112	119	-32	-4	-4	-11	det1=true
[12518]	112	119	-43	-4	-4	11	det1=true
[12519]	30	120	-4	0	-5	-4	det1=true
[12520]	30	120	-8	0	-5	4	det1=true
[12521]	50	120	-9	4	-8	-2	det1=true
[12522]	50	120	-11	4	-8	2	det1=true
[12523]	50	120	-6	1	-2	-8	det1=true
[12524]	50	120	-14	1	-2	8	det1=true
[12525]	52	120	-20	-18	-6	-5	det1=true
[12526]	73	120	-20	-19	-5	-8	det1=true
[12527]	73	120	-28	-19	-5	8	det1=true
[12528]	81	120	-26	-9	-6	-8	det1=true
[12529]	81	120	-34	-9	-6	8	det1=true
[12530]	83	120	-27	-16	-10	-1	det1=true
[12531]	90	120	-34	-15	-2	-10	det1=true
[12532]	90	120	-44	-15	-2	10	det1=true
[12533]	95	120	-25	-24	-8	-7	det1=true
[12534]	95	120	-32	-24	-8	7	det1=true
[12535]	101	120	-40	-36	-1	-10	det1=true
[12536]	101	120	-50	-36	-1	10	det1=true
[12537]	102	120	-32	-12	-11	-2	det1=true
[12538]	102	120	-34	-12	-11	2	det1=true
[12539]	108	120	-15	4	-8	-9	det1=true
[12540]	108	120	-24	4	-8	9	det1=true
[12541]	108	120	-14	-3	-9	-8	det1=true
[12542]	108	120	-22	-3	-9	8	det1=true
[12543]	109	120	-48	-32	-8	7	det1=true
[12544]	117	120	-49	-14	-2	-11	det1=true
[12545]	117	120	-60	-14	-2	11	det1=true
[12546]	40	117	-8	3	-7	-2	det1=true
[12547]	40	117	-10	3	-7	2	det1=true
[12548]	45	117	-21	-10	-7	-2	det1=true
[12549]	45	117	-23	-10	-7	2	det1=true
[12550]	50	117	-7	-8	-4	-7	det1=true
[12551]	50	117	-14	-8	-4	7	det1=true
[12552]	63	117	-27	-11	-8	-3	det1=true
[12553]	63	117	-30	-11	-8	3	det1=true
[12554]	75	117	-26	-10	-9	-3	det1=true
[12555]	75	117	-29	-10	-9	3	det1=true
[12556]	89	117	-43	-33	-9	-1	det1=true
[12557]	89	117	-44	-33	-9	1	det1=true
[12558]	89	117	-39	-37	-1	-9	det1=true
[12559]	89	117	-48	-37	-1	9	det1=true
[12560]	89	117	-33	-17	-8	-6	det1=true
[12561]	89	117	-39	-17	-8	6	det1=true
[12562]	91	117	-33	2	-7	8	det1=true
[12563]	93	117	-38	-18	-6	-8	det1=true
[12564]	93	117	-46	-18	-6	8	det1=true
[12565]	97	117	-39	-25	-1	-10	det1=true
[12566]	97	117	-49	-25	-1	10	det1=true
[12567]	97	117	-33	-25	-10	3	det1=true
[12568]	98	117	-34	-12	-8	-7	det1=true
[12569]	98	117	-41	-12	-8	7	det1=true
[12570]	103	117	-34	-25	-8	-7	det1=true
[12571]	103	117	-41	-25	-8	7	det1=true
[12572]	103	117	-29	-12	-11	-2	det1=true
[12573]	103	117	-31	-12	-11	2	det1=true
[12574]	109	117	-46	3	-11	-1	det1=true
[12575]	109	117	-47	3	-11	1	det1=true
[12576]	109	117	-2	-3	-5	-11	det1=true
[12577]	109	117	-13	-3	-5	11	det1=true
[12578]	116	117	-46	-21	-11	2	det1=true
[12579]	116	117	-10	-5	-3	-12	det1=true
[12580]	116	117	-22	-5	-3	12	det1=true
[12581]	117	117	-29	0	-11	-5	det1=true
[12582]	117	117	-34	0	-11	5	det1=true
[12583]	117	117	-26	-9	-11	-5	det1=true
[12584]	117	117	-31	-9	-11	5	det1=true
[12585]	40	118	-9	-6	-4	-6	det1=true
[12586]	40	118	-15	-6	-4	6	det1=true
[12587]	40	118	-5	-6	-2	-7	det1=true
[12588]	55	118	-11	4	-8	-3	det1=true
[12589]	55	118	-14	4	-8	3	det1=true
[12590]	67	118	-14	-12	-6	-7	det1=true
[12591]	67	118	-21	-12	-6	7	det1=true
[12592]	76	118	-13	-2	-8	-6	det1=true
[12593]	76	118	-19	-2	-8	6	det1=true
[12594]	89	118	-32	-26	-9	-4	det1=true
[12595]	89	118	-36	-26	-9	4	det1=true
[12596]	91	118	-30	-12	-10	-3	det1=true
[12597]	91	118	-33	-12	-10	3	det1=true
[12598]	91	118	-18	-6	-6	-9	det1=true
[12599]	91	118	-27	-6	-6	9	det1=true
[12600]	92	118	-30	-29	-6	-8	det1=true
[12601]	101	118	-44	-41	-5	-8	det1=true
[12602]	101	118	-52	-41	-5	8	det1=true
[12603]	103	118	-30	-6	-2	-11	det1=true
[12604]	103	118	-41	-6	-2	11	det1=true
[12605]	109	118	-48	-6	-9	-6	det1=true
[12606]	109	118	-54	-6	-9	6	det1=true
[12607]	111	118	-23	-18	-4	-11	det1=true
[12608]	111	118	-34	-18	-4	11	det1=true
[12609]	115	118	-18	-18	-8	-9	det1=true
[12610]	116	118	-49	-36	-10	-3	det1=true
[12611]	116	118	-52	-36	-10	3	det1=true
[12612]	118	118	-55	-48	-2	10	det1=true
[12613]	118	118	-41	0	-6	-10	det1=true
[12614]	118	118	-51	0	-6	10	det1=true
[12615]	19	119	-1	1	-5	-1	det1=true
[12616]	19	119	-2	1	-5	1	det1=true
[12617]	31	119	-12	-4	-6	-2	det1=true
[12618]	31	119	-14	-4	-6	2	det1=true
[12619]	53	119	-23	-3	-7	-4	det1=true
[12620]	53	119	-27	-3	-7	4	det1=true
[12621]	63	119	-16	-6	-9	-1	det1=true
[12622]	63	119	-17	-6	-9	1	det1=true
[12623]	65	119	-19	-11	-9	-1	det1=true
[12624]	65	119	-20	-11	-9	1	det1=true
[12625]	67	119	-14	-15	-2	-9	det1=true
[12626]	67	119	-23	-15	-2	9	det1=true
[12627]	70	119	-34	-2	-6	7	det1=true
[12628]	73	119	-28	-15	-2	-9	det1=true
[12629]	73	119	-37	-15	-2	9	det1=true
[12630]	75	119	-36	-5	-8	5	det1=true
[12631]	77	119	-33	-6	-5	-8	det1=true
[12632]	77	119	-41	-6	-5	8	det1=true
[12633]	82	119	-12	-2	-3	-10	det1=true
[12634]	82	119	-22	-2	-3	10	det1=true
[12635]	91	119	-35	-6	-5	-9	det1=true
[12636]	91	119	-44	-6	-5	9	det1=true
[12637]	93	119	-44	-13	-10	-1	det1=true
[12638]	93	119	-45	-13	-10	1	det1=true
[12639]	93	119	-25	-7	-9	-6	det1=true
[12640]	96	119	-38	-28	-1	-10	det1=true
[12641]	96	119	-48	-28	-1	10	det1=true
[12642]	97	119	-29	-29	-3	-10	det1=true
[12643]	97	119	-39	-29	-3	10	det1=true
[12644]	98	119	-40	-34	-9	-4	det1=true
[12645]	102	119	-12	-2	-11	-4	det1=true
[12646]	102	119	-16	-2	-11	4	det1=true
[12647]	106	119	-1	2	-8	-9	det1=true
[12648]	106	119	-10	2	-8	9	det1=true
[12649]	108	119	-22	-15	-6	-10	det1=true
[12650]	109	119	-34	-10	-3	-11	det1=true
[12651]	109	119	-45	-10	-3	11	det1=true
[12652]	109	119	-37	-9	-11	-3	det1=true
[12653]	109	119	-40	-9	-11	3	det1=true
[12654]	110	119	-12	-3	-12	-2	det1=true
[12655]	112	119	-22	-4	-9	-8	det1=true
[12656]	112	119	-30	-4	-9	8	det1=true
[12657]	115	119	-32	-1	-12	-1	det1=true
[12658]	115	119	-33	-1	-12	1	det1=true
[12659]	119	119	-40	-27	-3	-11	det1=true
[12660]	119	119	-51	-27	-3	11	det1=true
[12661]	52	120	-13	-8	-8	-2	det1=true
[12662]	52	120	-15	-8	-8	2	det1=true
[12663]	56	120	-24	-5	-2	-8	det1=true
[12664]	56	120	-32	-5	-2	8	det1=true
[12665]	62	120	-3	-2	-2	-9	det1=true
[12666]	62	120	-12	-2	-2	9	det1=true
[12667]	77	120	-36	-2	-8	-5	det1=true
[12668]	77	120	-41	-2	-8	5	det1=true
[12669]	81	120	-20	-11	-10	-2	det1=true
[12670]	81	120	-22	-11	-10	2	det1=true
[12671]	83	120	-28	-16	-10	1	det1=true
[12672]	96	120	-34	-13	-7	-8	det1=true
[12673]	99	120	-43	-30	-10	-1	det1=true
[12674]	99	120	-44	-30	-10	1	det1=true
[12675]	43	117	-21	-13	-7	1	det1=true
[12676]	57	117	-21	-11	-2	-8	det1=true
[12677]	57	117	-29	-11	-2	8	det1=true
[12678]	61	117	-5	3	-9	1	det1=true
[12679]	63	117	-34	-2	-5	7	det1=true
[12680]	65	117	-19	-6	-9	-1	det1=true
[12681]	69	117	-32	-18	-7	-5	det1=true
[12682]	69	117	-37	-18	-7	5	det1=true
[12683]	78	117	-18	1	-8	-6	det1=true
[12684]	78	117	-24	1	-8	6	det1=true
[12685]	79	117	-34	-19	-8	5	det1=true
[12686]	83	117	-31	-16	-1	10	det1=true
[12687]	97	117	-30	-25	-10	-3	det1=true
[12688]	101	117	-26	-15	-1	-11	det1=true
[12689]	101	117	-37	-15	-1	11	det1=true
[12690]	101	117	-6	2	-10	6	det1=true
[12691]	104	117	-18	-7	-10	6	det1=true
[12692]	106	117	-31	-14	-2	-11	det1=true
[12693]	106	117	-42	-14	-2	11	det1=true
[12694]	32	118	-13	-6	-2	-6	det1=true
[12695]	32	118	-19	-6	-2	6	det1=true
[12696]	51	118	-15	-4	-4	-7	det1=true
[12697]	67	118	-18	-6	-7	-6	det1=true
[12698]	67	118	-24	-6	-7	6	det1=true
[12699]	81	118	-28	-26	-5	-8	det1=true
[12700]	81	118	-36	-26	-5	8	det1=true
[12701]	85	118	-16	-10	-3	-10	det1=true
[12702]	85	118	-26	-10	-3	10	det1=true
[12703]	100	118	-34	-20	-7	-8	det1=true
[12704]	100	118	-42	-20	-7	8	det1=true
[12705]	105	118	-20	1	-11	-4	det1=true
[12706]	105	118	-24	1	-11	4	det1=true
[12707]	112	118	-44	-30	-8	-7	det1=true
[12708]	112	118	-51	-30	-8	7	det1=true
[12709]	112	118	-31	-8	-6	-10	det1=true
[12710]	112	118	-41	-8	-6	10	det1=true
[12711]	118	118	-48	-48	-1	-10	det1=true
[12712]	118	118	-58	-48	-1	10	det1=true
[12713]	43	119	-22	-13	-7	-1	det1=true
[12714]	61	119	-7	-3	-1	-9	det1=true
[12715]	63	119	-15	-1	-1	-9	det1=true
[12716]	64	119	-10	-5	-7	-6	det1=true
[12717]	65	119	-24	0	-9	-1	det1=true
[12718]	65	119	-25	0	-9	1	det1=true
[12719]	74	119	-32	-14	-9	-2	det1=true
[12720]	74	119	-34	-14	-9	2	det1=true
[12721]	74	119	-7	0	-6	-8	det1=true
[12722]	74	119	-15	0	-6	8	det1=true
[12723]	79	119	-19	-11	-6	-8	det1=true
[12724]	79	119	-27	-11	-6	8	det1=true
[12725]	86	119	-41	-34	-8	-4	det1=true
[12726]	86	119	-45	-34	-8	4	det1=true
[12727]	44	120	-20	-12	-7	-2	det1=true
[12728]	44	120	-22	-12	-7	2	det1=true
[12729]	48	120	-6	-4	-1	-8	det1=true
[12730]	48	120	-14	-4	-1	8	det1=true
[12731]	56	120	-27	-8	-8	2	det1=true
[12732]	84	120	-16	-12	-3	-10	det1=true
[12733]	84	120	-26	-12	-3	10	det1=true
[12734]	87	120	-21	-2	-8	-7	det1=true
[12735]	87	120	-28	-2	-8	7	det1=true
[12736]	92	120	-22	-15	-10	-4	det1=true
[12737]	92	120	-26	-15	-10	4	det1=true
[12738]	104	120	-20	-5	-11	-4	det1=true
[12739]	109	120	-41	-32	-8	-7	det1=true
[12740]	111	120	-36	5	-10	-6	det1=true
[12741]	111	120	-42	5	-10	6	det1=true
[12742]	113	120	-46	-43	-2	-10	det1=true
[12743]	113	120	-56	-43	-2	10	det1=true
[12744]	34	117	-7	2	-6	-3	det1=true
[12745]	55	117	-1	2	-7	-5	det1=true
[12746]	55	117	-6	2	-7	5	det1=true
[12747]	63	117	-28	-1	-7	-5	det1=true
[12748]	63	117	-33	-1	-7	5	det1=true
[12749]	71	117	-28	-15	-9	-1	det1=true
[12750]	71	117	-29	-15	-9	1	det1=true
[12751]	77	117	-14	0	-6	-8	det1=true
[12752]	77	117	-22	0	-6	8	det1=true
[12753]	78	117	-17	0	-6	-8	det1=true
[12754]	78	117	-25	0	-6	8	det1=true
[12755]	85	117	-21	-22	-1	-10	det1=true
[12756]	89	117	-37	-29	-9	-3	det1=true
[12757]	89	117	-40	-29	-9	3	det1=true
[12758]	89	117	-19	-18	-3	-10	det1=true
[12759]	89	117	-29	-18	-3	10	det1=true
[12760]	90	117	-19	0	-10	-4	det1=true
[12761]	90	117	-23	0	-10	4	det1=true
[12762]	96	117	-27	-10	-4	-10	det1=true
[12763]	96	117	-37	-10	-4	10	det1=true
[12764]	99	117	-26	-2	-1	-11	det1=true
[12765]	99	117	-37	-2	-1	11	det1=true
[12766]	100	117	-34	-33	-2	-10	det1=true
[12767]	101	117	-28	-10	-1	-11	det1=true
[12768]	101	117	-39	-10	-1	11	det1=true
[12769]	101	117	0	2	-10	-6	det1=true
[12770]	106	117	-44	-2	-9	-6	det1=true
[12771]	106	117	-50	-2	-9	6	det1=true
[12772]	111	117	-49	-7	-9	-6	det1=true
[12773]	111	117	-55	-7	-9	6	det1=true
[12774]	112	117	-24	-19	-10	-6	det1=true
[12775]	112	117	-30	-19	-10	6	det1=true
[12776]	113	117	-52	-46	-9	-3	det1=true
[12777]	113	117	-55	-46	-9	3	det1=true
[12778]	113	117	-49	-49	-3	-9	det1=true
[12779]	113	117	-58	-49	-3	9	det1=true
[12780]	114	117	-18	-13	-1	-12	det1=true
[12781]	114	117	-30	-13	-1	12	det1=true
[12782]	117	117	-29	0	-9	-8	det1=true
[12783]	117	117	-37	0	-9	8	det1=true
[12784]	117	117	-19	-11	-10	-7	det1=true
[12785]	117	117	-26	-11	-10	7	det1=true
[12786]	46	118	-8	-2	-6	-5	det1=true
[12787]	46	118	-13	-2	-6	5	det1=true
[12788]	51	118	-22	-4	-4	7	det1=true
[12789]	82	118	-28	-28	-5	-8	det1=true
[12790]	82	118	-36	-28	-5	8	det1=true
[12791]	86	118	-38	-7	-9	-4	det1=true
[12792]	86	118	-42	-7	-9	4	det1=true
[12793]	94	118	-39	-26	-4	-9	det1=true
[12794]	94	118	-48	-26	-4	9	det1=true
[12795]	102	118	-10	3	-11	-4	det1=true
[12796]	102	118	-14	3	-11	4	det1=true
[12797]	105	118	-40	-22	-7	-8	det1=true
[12798]	105	118	-48	-22	-7	8	det1=true
[12799]	107	118	-6	4	-12	-1	det1=true
[12800]	107	118	-7	4	-12	1	det1=true
[12801]	110	118	-31	0	-10	-6	det1=true
[12802]	110	118	-37	0	-10	6	det1=true
[12803]	116	118	-27	-2	-12	-2	det1=true
[12804]	116	118	-29	-2	-12	2	det1=true
[12805]	117	118	-25	-18	-12	-1	det1=true
[12806]	117	118	-26	-18	-12	1	det1=true
[12807]	118	118	-45	-48	-2	-10	det1=true
[12808]	19	119	-5	-5	-3	-4	det1=true
[12809]	19	119	-9	-5	-3	4	det1=true
[12810]	52	119	-11	-8	-8	-2	det1=true
[12811]	52	119	-13	-8	-8	2	det1=true
[12812]	54	119	-21	-14	-8	-1	det1=true
[12813]	57	119	-23	-19	-4	-7	det1=true
[12814]	57	119	-30	-19	-4	7	det1=true
[12815]	60	119	-28	-21	-7	-4	det1=true
[12816]	60	119	-32	-21	-7	4	det1=true
[12817]	63	119	-24	-1	-1	9	det1=true
[12818]	72	119	-24	-8	-8	-5	det1=true
[12819]	72	119	-29	-8	-8	5	det1=true
[12820]	72	119	-23	-10	-8	-5	det1=true
[12821]	75	119	-31	-5	-8	-5	det1=true
[12822]	85	119	-20	-9	-10	-3	det1=true
[12823]	85	119	-23	-9	-10	3	det1=true
[12824]	87	119	-34	-15	-10	-1	det1=true
[12825]	87	119	-35	-15	-10	1	det1=true
[12826]	115	119	-21	-13	-12	-2	det1=true
[12827]	46	120	-12	1	-5	-6	det1=true
[12828]	46	120	-18	1	-5	6	det1=true
[12829]	54	120	-8	0	-3	-8	det1=true
[12830]	54	120	-16	0	-3	8	det1=true
[12831]	56	120	-25	-8	-8	-2	det1=true
[12832]	71	120	-30	-4	-7	-6	det1=true
[12833]	71	120	-36	-4	-7	6	det1=true
[12834]	95	120	-39	-20	-2	-10	det1=true
[12835]	95	120	-49	-20	-2	10	det1=true
[12836]	104	120	-24	-5	-11	4	det1=true
[12837]	113	120	-52	-22	-8	-7	det1=true
[12838]	113	120	-59	-22	-8	7	det1=true
[12839]	113	120	-24	-13	-7	10	det1=true
[12840]	116	120	-20	-16	-10	-7	det1=true
[12841]	117	120	-52	-30	-8	-7	det1=true
[12842]	117	120	-59	-30	-8	7	det1=true
[12843]	34	117	-10	2	-6	3	det1=true
[12844]	55	117	-5	-3	-3	-8	det1=true
[12845]	55	117	-13	-3	-3	8	det1=true
[12846]	56	117	-12	-2	-8	-3	det1=true
[12847]	56	117	-15	-2	-8	3	det1=true
[12848]	69	117	-16	1	-8	-5	det1=true
[12849]	69	117	-21	1	-8	5	det1=true
[12850]	79	117	-29	-19	-8	-5	det1=true
[12851]	89	117	-27	-7	-10	-3	det1=true
[12852]	89	117	-30	-7	-10	3	det1=true
[12853]	91	117	-33	5	-10	-3	det1=true
[12854]	91	117	-36	5	-10	3	det1=true
[12855]	93	117	-42	2	-10	-2	det1=true
[12856]	93	117	-44	2	-10	2	det1=true
[12857]	104	117	-12	-7	-10	-6	det1=true
[12858]	107	117	-45	-25	-10	-3	det1=true
[12859]	107	117	-48	-25	-10	3	det1=true
[12860]	76	118	-30	-7	-5	-8	det1=true
[12861]	76	118	-38	-7	-5	8	det1=true
[12862]	85	118	-26	-17	-1	-10	det1=true
[12863]	85	118	-36	-17	-1	10	det1=true
[12864]	92	118	-42	-5	-6	-8	det1=true
[12865]	92	118	-50	-5	-6	8	det1=true
[12866]	94	118	-33	-24	-2	-10	det1=true
[12867]	94	118	-43	-24	-2	10	det1=true
[12868]	99	118	-22	-8	-2	-11	det1=true
[12869]	99	118	-33	-8	-2	11	det1=true
[12870]	100	118	2	5	-10	-6	det1=true
[12871]	100	118	-4	5	-10	6	det1=true
[12872]	118	118	-49	-44	-10	-2	det1=true
[12873]	118	118	-51	-44	-10	2	det1=true
[12874]	27	119	-1	3	-6	-1	det1=true
[12875]	27	119	-2	3	-6	1	det1=true
[12876]	54	119	-22	-14	-8	1	det1=true
[12877]	56	119	-14	-1	-3	-8	det1=true
[12878]	56	119	-22	-1	-3	8	det1=true
[12879]	79	119	-27	-23	-3	-9	det1=true
[12880]	79	119	-36	-23	-3	9	det1=true
[12881]	95	119	-35	-22	-9	-5	det1=true
[12882]	96	119	-26	-19	-10	-4	det1=true
[12883]	96	119	-30	-19	-10	4	det1=true
[12884]	102	119	-40	-5	-4	-10	det1=true
[12885]	102	119	-50	-5	-4	10	det1=true
[12886]	107	119	-36	-33	-8	-7	det1=true
[12887]	107	119	-43	-33	-8	7	det1=true
[12888]	108	119	-16	6	-12	-1	det1=true
[12889]	108	119	-17	6	-12	1	det1=true
[12890]	109	119	-47	-31	-5	-9	det1=true
[12891]	109	119	-56	-31	-5	9	det1=true
[12892]	112	119	-21	4	-12	-2	det1=true
[12893]	113	119	-37	-32	-1	-11	det1=true
[12894]	113	119	-48	-32	-1	11	det1=true
[12895]	113	119	-18	-15	-8	-9	det1=true
[12896]	113	119	-27	-15	-8	9	det1=true
[12897]	115	119	-23	-13	-12	2	det1=true
[12898]	98	120	-40	-4	-8	-7	det1=true
[12899]	98	120	-47	-4	-8	7	det1=true
[12900]	102	120	-35	-22	-4	-10	det1=true
[12901]	102	120	-45	-22	-4	10	det1=true
[12902]	103	120	-32	-32	-7	-8	det1=true
[12903]	103	120	-40	-32	-7	8	det1=true
[12904]	113	120	-14	-13	-7	-10	det1=true
[12905]	116	120	-27	-16	-10	7	det1=true
[12906]	50	117	-10	-6	-8	-1	det1=true
[12907]	50	117	-11	-6	-8	1	det1=true
[12908]	59	117	-18	-2	-5	-7	det1=true
[12909]	62	117	-34	-3	-3	8	det1=true
[12910]	91	117	-25	2	-7	-8	det1=true
[12911]	93	117	-10	-7	-1	-11	det1=true
[12912]	117	117	-27	-4	-1	-12	det1=true
[12913]	117	117	-39	-4	-1	12	det1=true
[12914]	55	118	-8	-2	-3	-8	det1=true
[12915]	55	118	-16	-2	-3	8	det1=true
[12916]	58	118	-16	-9	-3	-8	det1=true
[12917]	58	118	-24	-9	-3	8	det1=true
[12918]	84	118	-22	-20	-1	-10	det1=true
[12919]	84	118	-32	-20	-1	10	det1=true
[12920]	92	118	-31	-28	-8	-6	det1=true
[12921]	92	118	-37	-28	-8	6	det1=true
[12922]	103	118	-12	-3	-11	-4	det1=true
[12923]	103	118	-16	-3	-11	4	det1=true
[12924]	115	118	-36	-10	-11	-4	det1=true
[12925]	115	118	-40	-10	-11	4	det1=true
[12926]	117	118	-40	-7	-11	-4	det1=true
[12927]	117	118	-44	-7	-11	4	det1=true
[12928]	38	119	-1	2	-6	-4	det1=true
[12929]	38	119	-5	2	-6	4	det1=true
[12930]	39	119	-3	1	-2	-7	det1=true
[12931]	39	119	-10	1	-2	7	det1=true
[12932]	62	119	-28	-3	-3	-8	det1=true
[12933]	95	119	-40	-22	-9	5	det1=true
[12934]	97	119	-45	-5	-9	-5	det1=true
[12935]	97	119	-50	-5	-9	5	det1=true
[12936]	107	119	-52	-8	-10	4	det1=true
[12937]	112	119	-23	4	-12	2	det1=true
[12938]	115	119	-50	-4	-1	-11	det1=true
[12939]	115	119	-61	-4	-1	11	det1=true
[12940]	116	119	-24	-7	-2	-12	det1=true
[12941]	116	119	-36	-7	-2	12	det1=true
[12942]	76	120	-10	-11	-1	-10	det1=true
[12943]	76	120	-20	-11	-1	10	det1=true
[12944]	105	120	-48	-1	-10	-4	det1=true
[12945]	105	120	-52	-1	-10	4	det1=true
[12946]	105	120	0	4	-8	-9	det1=true
[12947]	105	120	-9	4	-8	9	det1=true
[12948]	108	120	-50	-12	-7	-8	det1=true
[12949]	108	120	-58	-12	-7	8	det1=true
[12950]	108	120	-19	6	-12	-1	det1=true
[12951]	108	120	-20	6	-12	1	det1=true
[12952]	110	120	-12	-5	-2	-12	det1=true
[12953]	110	120	-24	-5	-2	12	det1=true
[12954]	84	117	-32	2	-10	-1	det1=true
[12955]	84	117	-33	2	-10	1	det1=true
[12956]	93	117	-21	-7	-1	11	det1=true
[12957]	105	117	-43	-13	-7	-8	det1=true
[12958]	105	117	-51	-13	-7	8	det1=true
[12959]	91	118	-23	-2	-10	-4	det1=true
[12960]	91	118	-27	-2	-10	4	det1=true
[12961]	83	119	-21	-3	-5	-9	det1=true
[12962]	83	119	-30	-3	-5	9	det1=true
[12963]	87	119	-12	2	-4	-10	det1=true
[12964]	87	119	-22	2	-4	10	det1=true
[12965]	90	119	-27	-16	-10	-3	det1=true
[12966]	90	119	-30	-16	-10	3	det1=true
[12967]	101	119	-45	-15	-10	-3	det1=true
[12968]	101	119	-48	-15	-10	3	det1=true
[12969]	107	119	-48	-8	-10	-4	det1=true
[12970]	107	119	-42	-13	-11	-1	det1=true
[12971]	107	119	-43	-13	-11	1	det1=true
[12972]	110	119	-18	2	-8	-9	det1=true
[12973]	110	119	-27	2	-8	9	det1=true
[12974]	111	119	-49	-11	-6	-9	det1=true
[12975]	111	119	-58	-11	-6	9	det1=true
[12976]	42	120	-13	-12	-2	-7	det1=true
[12977]	42	120	-20	-12	-2	7	det1=true
[12978]	31	117	-9	-2	-5	4	det1=true
[12979]	96	117	-12	-8	-2	-11	det1=true
[12980]	96	117	-23	-8	-2	11	det1=true
[12981]	99	117	-31	3	-11	-1	det1=true
[12982]	99	117	-32	3	-11	1	det1=true
[12983]	100	117	-38	-8	-7	-8	det1=true
[12984]	100	117	-46	-8	-7	8	det1=true
[12985]	105	117	-37	-25	-8	-7	det1=true
[12986]	107	117	-44	-1	-6	-9	det1=true
[12987]	111	117	-41	-15	-1	-11	det1=true
[12988]	111	117	-52	-15	-1	11	det1=true
[12989]	48	118	-1	0	-4	-7	det1=true
[12990]	48	118	-8	0	-4	7	det1=true
[12991]	80	118	-26	-11	-9	-4	det1=true
[12992]	80	118	-30	-11	-9	4	det1=true
[12993]	51	119	-12	4	-8	-2	det1=true
[12994]	51	119	-14	4	-8	2	det1=true
[12995]	62	119	2	2	-6	-7	det1=true
[12996]	62	119	-5	2	-6	7	det1=true
[12997]	95	119	-31	-22	-3	-10	det1=true
[12998]	95	119	-41	-22	-3	10	det1=true
[12999]	103	119	-41	-3	-6	-9	det1=true
[13000]	103	119	-50	-3	-6	9	det1=true
[13001]	88	120	-11	-10	-6	-9	det1=true
[13002]	88	120	-20	-10	-6	9	det1=true
[13003]	105	117	-44	-25	-8	7	det1=true
[13004]	117	117	-23	-12	-5	-11	det1=true
[13005]	117	117	-34	-12	-5	11	det1=true
[13006]	61	118	-18	-18	-3	-8	det1=true
[13007]	61	118	-26	-18	-3	8	det1=true
[13008]	94	119	-20	-18	-9	-6	det1=true
[13009]	104	119	-51	-26	-10	-1	det1=true
[13010]	104	119	-52	-26	-10	1	det1=true
[13011]	82	118	-30	-15	-6	8	det1=true
[13012]	105	119	-43	-19	-8	-7	det1=true
[13013]	105	119	-50	-19	-8	7	det1=true
[13014]	86	120	-11	2	-4	-10	det1=true
[13015]	86	120	-21	2	-4	10	det1=true
[13016]	102	118	-39	-4	-4	-10	det1=true
[13017]	102	118	-49	-4	-4	10	det1=true
[13018]	94	119	-26	-18	-9	6	det1=true
[13019]	110	119	-7	-8	-2	-12	det1=true
[13020]	110	119	-19	-8	-2	12	det1=true
[13021]	29	120	0	1	-2	-6	det1=true
[13022]	29	120	-6	1	-2	6	det1=true
[13023]	87	120	-38	3	-6	-8	det1=true
[13024]	92	120	-34	-27	-1	-10	det1=true
[13025]	92	120	-44	-27	-1	10	det1=true
[13026]	114	119	-50	-26	-8	-7	det1=true
[13027]	114	119	-57	-26	-8	7	det1=true
[13028]	82	118	-23	-14	-8	-6	det1=true
[13029]	84	120	-8	-8	-7	-8	det1=true
[13030]	107	117	-29	-21	-2	-11	det1=true
[13031]	52	117	-19	-4	-8	-1	det1=true
[13032]	52	117	-20	-4	-8	1	det1=true
[13033]	107	117	-40	-21	-2	11	det1=true
[13034]	117	117	-79	-29	-2	-8	det1=true
[13035]	68	117	-38	-29	-2	8	det1=true
[13036]	90	118	-29	-20	-2	-10	det1=true
[13037]	90	118	-39	-20	-2	10	det1=true
[13038]	95	119	1	-1	-3	-11	det1=true
[13039]	95	119	-10	-1	-3	11	det1=true
[13040]	102	120	-18	5	-10	-6	det1=true
[13041]	102	120	-24	5	-10	6	det1=true
[13042]	93	120	-14	-4	-11	-2	det1=true
[13043]	93	120	-16	-4	-11	2	det1=true
[13044]	68	117	-33	-26	-8	-2	det1=true
[13045]	68	117	-35	-26	-8	2	det1=true
[13046]	73	123	-29	-11	-9	-3	det1=true
[13047]	73	123	-32	-11	-9	3	det1=true
[13048]	113	121	-55	-27	-10	-3	det1=true
[13049]	113	121	-58	-27	-10	3	det1=true
[13050]	115	121	-43	5	-10	-6	det1=true
[13051]	115	121	-49	5	-10	6	det1=true
[13052]	92	121	-28	0	-9	-6	det1=true
[13053]	92	121	-34	0	-9	6	det1=true
[13054]	48	122	-10	-4	-1	-8	det1=true
[13055]	48	122	-18	-4	-1	8	det1=true
[13056]	95	123	-35	-5	-9	-6	det1=true
[13057]	95	123	-41	-5	-9	6	det1=true
[13058]	110	123	-53	-16	-10	-4	det1=true
[13059]	110	123	-57	-16	-10	4	det1=true
[13060]	112	123	-24	-5	-2	-12	det1=true
[13061]	112	123	-36	-5	-2	12	det1=true
[13062]	84	124	-11	-2	-6	-9	det1=true
[13063]	84	124	-20	-2	-6	9	det1=true
[13064]	85	124	-38	-7	-6	-8	det1=true
[13065]	85	124	-46	-7	-6	8	det1=true
[13066]	113	124	-23	-22	-8	-9	det1=true
[13067]	113	124	-32	-22	-8	9	det1=true
[13068]	120	124	-11	0	-12	-5	det1=true
[13069]	120	124	-16	0	-12	5	det1=true
[13070]	19	121	-5	-1	-5	-1	det1=true
[13071]	19	121	-6	-1	-5	1	det1=true
[13072]	30	121	-10	-2	-4	5	det1=true
[13073]	49	121	-15	3	-7	-4	det1=true
[13074]	49	121	-19	3	-7	4	det1=true
[13075]	59	121	-3	1	-9	-1	det1=true
[13076]	59	121	-4	1	-9	1	det1=true
[13077]	61	121	-26	-7	-5	-7	det1=true
[13078]	61	121	-33	-7	-5	7	det1=true
[13079]	88	121	-17	-8	-4	-10	det1=true
[13080]	88	121	-27	-8	-4	10	det1=true
[13081]	101	121	-43	-23	-10	-3	det1=true
[13082]	101	121	-46	-23	-10	3	det1=true
[13083]	105	121	-20	-11	-4	-11	det1=true
[13084]	105	121	-31	-11	-4	11	det1=true
[13085]	109	121	-45	-43	-8	-6	det1=true
[13086]	109	121	-51	-43	-8	6	det1=true
[13087]	113	121	-25	-11	-1	-12	det1=true
[13088]	113	121	-37	-11	-1	12	det1=true
[13089]	114	121	-45	-34	-10	-4	det1=true
[13090]	114	121	-49	-34	-10	4	det1=true
[13091]	117	121	-51	-19	-1	-11	det1=true
[13092]	117	121	-62	-19	-1	11	det1=true
[13093]	121	121	-93	-12	-5	7	det1=true
[13094]	121	121	-39	-9	-8	-9	det1=true
[13095]	121	121	-48	-9	-8	9	det1=true
[13096]	121	121	-37	-15	-9	-8	det1=true
[13097]	121	121	-45	-15	-9	8	det1=true
[13098]	121	121	-29	-23	-2	-12	det1=true
[13099]	121	121	-41	-23	-2	12	det1=true
[13100]	80	122	-24	-12	-1	-10	det1=true
[13101]	80	122	-34	-12	-1	10	det1=true
[13102]	97	122	-42	-34	-9	-4	det1=true
[13103]	97	122	-46	-34	-9	4	det1=true
[13104]	106	122	-42	-23	-9	-6	det1=true
[13105]	109	122	-20	-6	-1	-12	det1=true
[13106]	109	122	-32	-6	-1	12	det1=true
[13107]	115	122	-10	-10	-6	-11	det1=true
[13108]	115	122	-21	-10	-6	11	det1=true
[13109]	71	123	-32	-30	-7	-5	det1=true
[13110]	71	123	-37	-30	-7	5	det1=true
[13111]	86	123	-42	2	-10	-1	det1=true
[13112]	86	123	-43	2	-10	1	det1=true
[13113]	93	123	-31	-7	-9	-6	det1=true
[13114]	93	123	-37	-7	-9	6	det1=true
[13115]	102	123	-40	1	-11	-2	det1=true
[13116]	102	123	-42	1	-11	2	det1=true
[13117]	48	124	-5	0	-8	-2	det1=true
[13118]	48	124	-7	0	-8	2	det1=true
[13119]	52	124	-9	2	-8	-3	det1=true
[13120]	65	124	-26	-9	-7	6	det1=true
[13121]	71	124	-26	-11	-5	-8	det1=true
[13122]	71	124	-34	-11	-5	8	det1=true
[13123]	79	124	-28	-16	-4	-9	det1=true
[13124]	98	124	-44	-13	-10	4	det1=true
[13125]	99	124	-45	-32	-8	-6	det1=true
[13126]	99	124	-51	-32	-8	6	det1=true
[13127]	100	124	-25	-24	-2	-11	det1=true
[13128]	100	124	-36	-24	-2	11	det1=true
[13129]	112	124	-50	-36	-3	-10	det1=true
[13130]	112	124	-60	-36	-3	10	det1=true
[13131]	27	121	-7	3	-6	-1	det1=true
[13132]	27	121	-8	3	-6	1	det1=true
[13133]	41	121	-17	-5	-4	-6	det1=true
[13134]	51	121	-22	-1	-8	-1	det1=true
[13135]	51	121	-23	-1	-8	1	det1=true
[13136]	68	121	-28	1	-9	-2	det1=true
[13137]	68	121	-30	1	-9	2	det1=true
[13138]	80	121	-31	0	-4	-9	det1=true
[13139]	80	121	-40	0	-4	9	det1=true
[13140]	80	121	-19	-8	-2	-10	det1=true
[13141]	80	121	-29	-8	-2	10	det1=true
[13142]	81	121	-32	-25	-9	-3	det1=true
[13143]	81	121	-35	-25	-9	3	det1=true
[13144]	88	121	-41	-34	-8	5	det1=true
[13145]	94	121	-36	-30	-1	-10	det1=true
[13146]	94	121	-46	-30	-1	10	det1=true
[13147]	100	121	-41	-30	-2	-10	det1=true
[13148]	100	121	-51	-30	-2	10	det1=true
[13149]	100	121	-34	0	-11	-2	det1=true
[13150]	100	121	-36	0	-11	2	det1=true
[13151]	101	121	-20	-15	-7	-9	det1=true
[13152]	101	121	-29	-15	-7	9	det1=true
[13153]	103	121	-35	-36	-3	-10	det1=true
[13154]	103	121	-45	-36	-3	10	det1=true
[13155]	109	121	-12	-4	-2	-12	det1=true
[13156]	109	121	-24	-4	-2	12	det1=true
[13157]	112	121	-33	-34	-2	-11	det1=true
[13158]	114	121	-22	-4	-12	3	det1=true
[13159]	116	121	-49	-6	-10	6	det1=true
[13160]	121	121	-52	-48	-10	-2	det1=true
[13161]	121	121	-54	-48	-10	2	det1=true
[13162]	121	121	-54	-24	-9	7	det1=true
[13163]	51	122	-20	-2	-1	-8	det1=true
[13164]	51	122	-28	-2	-1	8	det1=true
[13165]	65	122	-27	-24	-8	-3	det1=true
[13166]	65	122	-30	-24	-8	3	det1=true
[13167]	74	122	-28	-24	-9	-2	det1=true
[13168]	74	122	-30	-24	-9	2	det1=true
[13169]	103	122	-46	-38	-4	-9	det1=true
[13170]	105	122	-44	-23	-7	-8	det1=true
[13171]	105	122	-52	-23	-7	8	det1=true
[13172]	107	122	-32	2	-11	-4	det1=true
[13173]	107	122	-36	2	-11	4	det1=true
[13174]	109	122	-21	-10	-12	-1	det1=true
[13175]	116	122	-18	-4	-11	-6	det1=true
[13176]	117	122	-52	-29	-4	-10	det1=true
[13177]	117	122	-62	-29	-4	10	det1=true
[13178]	117	122	-30	-10	-10	-7	det1=true
[13179]	120	122	-36	-5	-2	-12	det1=true
[13180]	120	122	-48	-5	-2	12	det1=true
[13181]	29	123	-1	2	-5	-4	det1=true
[13182]	57	123	-17	-11	-7	-5	det1=true
[13183]	61	123	-23	-17	-5	-7	det1=true
[13184]	61	123	-30	-17	-5	7	det1=true
[13185]	69	123	-27	-19	-1	-9	det1=true
[13186]	69	123	-36	-19	-1	9	det1=true
[13187]	71	123	-31	-31	-5	-7	det1=true
[13188]	87	123	-26	-12	-4	10	det1=true
[13189]	90	123	-25	-4	-6	-9	det1=true
[13190]	90	123	-34	-4	-6	9	det1=true
[13191]	94	123	-42	-44	-2	-9	det1=true
[13192]	94	123	-51	-44	-2	9	det1=true
[13193]	104	123	-28	-18	-4	11	det1=true
[13194]	113	123	-23	-18	-5	-11	det1=true
[13195]	116	123	-32	-4	-10	-7	det1=true
[13196]	116	123	-39	-4	-10	7	det1=true
[13197]	117	123	-59	-8	-11	2	det1=true
[13198]	123	123	-52	-6	-6	-10	det1=true
[13199]	123	123	-62	-6	-6	10	det1=true
[13200]	40	124	-16	-5	-7	-2	det1=true
[13201]	40	124	-18	-5	-7	2	det1=true
[13202]	52	124	-24	-8	-7	-4	det1=true
[13203]	52	124	-28	-8	-7	4	det1=true
[13204]	59	124	-22	-16	-3	-8	det1=true
[13205]	59	124	-30	-16	-3	8	det1=true
[13206]	65	124	-22	-8	-9	-2	det1=true
[13207]	68	124	-8	0	-4	9	det1=true
[13208]	85	124	-15	0	-6	-9	det1=true
[13209]	85	124	-24	0	-6	9	det1=true
[13210]	87	124	-18	-13	-10	-4	det1=true
[13211]	87	124	-22	-13	-10	4	det1=true
[13212]	97	124	-38	-33	-2	-10	det1=true
[13213]	97	124	-48	-33	-2	10	det1=true
[13214]	106	124	-44	-44	-1	-10	det1=true
[13215]	107	124	-48	-16	-6	-9	det1=true
[13216]	107	124	-57	-16	-6	9	det1=true
[13217]	117	124	-58	-8	-11	-2	det1=true
[13218]	121	124	-43	-28	-10	-6	det1=true
[13219]	121	124	-49	-28	-10	6	det1=true
[13220]	30	121	-5	-2	-4	-5	det1=true
[13221]	31	121	-9	-6	-5	-4	det1=true
[13222]	51	121	-19	-1	-1	-8	det1=true
[13223]	51	121	-27	-1	-1	8	det1=true
[13224]	52	121	-13	-10	-8	-2	det1=true
[13225]	52	121	-15	-10	-8	2	det1=true
[13226]	61	121	1	3	-6	-7	det1=true
[13227]	61	121	-6	3	-6	7	det1=true
[13228]	61	121	1	2	-7	-6	det1=true
[13229]	61	121	-5	2	-7	6	det1=true
[13230]	67	121	-27	-25	-5	-7	det1=true
[13231]	67	121	-34	-25	-5	7	det1=true
[13232]	70	121	-22	-6	-5	-8	det1=true
[13233]	70	121	-30	-6	-5	8	det1=true
[13234]	75	121	-31	-10	-9	-3	det1=true
[13235]	75	121	-34	-10	-9	3	det1=true
[13236]	79	121	-5	0	-3	-10	det1=true
[13237]	79	121	-15	0	-3	10	det1=true
[13238]	85	121	-12	0	-10	-4	det1=true
[13239]	85	121	-16	0	-10	4	det1=true
[13240]	101	121	-29	2	-11	-3	det1=true
[13241]	101	121	-32	2	-11	3	det1=true
[13242]	106	121	-39	0	-2	-11	det1=true
[13243]	106	121	-50	0	-2	11	det1=true
[13244]	106	121	-42	-6	-11	-2	det1=true
[13245]	106	121	-44	-6	-11	2	det1=true
[13246]	109	121	-30	-24	-3	-11	det1=true
[13247]	112	121	-44	-34	-2	11	det1=true
[13248]	114	121	-19	-4	-12	-3	det1=true
[13249]	116	121	-43	-6	-10	-6	det1=true
[13250]	119	121	-47	-48	-5	-9	det1=true
[13251]	48	122	-12	-1	-7	-4	det1=true
[13252]	48	122	-16	-1	-7	4	det1=true
[13253]	77	122	-30	-27	-7	-6	det1=true
[13254]	77	122	-36	-27	-7	6	det1=true
[13255]	78	122	-17	-2	-2	-10	det1=true
[13256]	78	122	-27	-2	-2	10	det1=true
[13257]	83	122	-36	-15	-8	6	det1=true
[13258]	90	122	-25	-2	-4	-10	det1=true
[13259]	90	122	-35	-2	-4	10	det1=true
[13260]	92	122	-16	-4	-11	-2	det1=true
[13261]	92	122	-18	-4	-11	2	det1=true
[13262]	103	122	-38	-34	-3	-10	det1=true
[13263]	103	122	-48	-34	-3	10	det1=true
[13264]	104	122	-36	-10	-2	-11	det1=true
[13265]	106	122	-48	-23	-9	6	det1=true
[13266]	109	122	-22	0	-8	-9	det1=true
[13267]	109	122	-31	0	-8	9	det1=true
[13268]	110	122	-34	-7	-6	-10	det1=true
[13269]	110	122	-44	-7	-6	10	det1=true
[13270]	113	122	-52	-6	-11	-2	det1=true
[13271]	113	122	-54	-6	-11	2	det1=true
[13272]	116	122	-44	-7	-10	-6	det1=true
[13273]	116	122	-50	-7	-10	6	det1=true
[13274]	116	122	-24	-4	-11	6	det1=true
[13275]	117	122	-37	-10	-10	7	det1=true
[13276]	121	122	-30	-25	-12	-2	det1=true
[13277]	122	122	-46	-19	-6	-10	det1=true
[13278]	122	122	-56	-19	-6	10	det1=true
[13279]	53	123	-5	-3	-7	-5	det1=true
[13280]	53	123	-10	-3	-7	5	det1=true
[13281]	80	123	-8	0	-8	7	det1=true
[13282]	87	123	-25	-4	-7	-8	det1=true
[13283]	87	123	-33	-4	-7	8	det1=true
[13284]	87	123	-16	-12	-4	-10	det1=true
[13285]	100	123	-16	-4	-11	-4	det1=true
[13286]	100	123	-20	-4	-11	4	det1=true
[13287]	103	123	-37	-14	-11	-2	det1=true
[13288]	103	123	-39	-14	-11	2	det1=true
[13289]	113	123	-28	-8	-5	-11	det1=true
[13290]	113	123	-39	-8	-5	11	det1=true
[13291]	113	123	-34	-18	-5	11	det1=true
[13292]	48	124	-2	-3	-2	-8	det1=true
[13293]	48	124	-10	-3	-2	8	det1=true
[13294]	68	124	1	0	-4	-9	det1=true
[13295]	73	124	-4	3	-10	-2	det1=true
[13296]	79	124	-37	-16	-4	9	det1=true
[13297]	86	124	-34	-19	-1	-10	det1=true
[13298]	86	124	-44	-19	-1	10	det1=true
[13299]	87	124	-15	-16	-4	-10	det1=true
[13300]	88	124	-36	-2	-10	-3	det1=true
[13301]	88	124	-39	-2	-10	3	det1=true
[13302]	93	124	-16	-14	-2	-11	det1=true
[13303]	98	124	-40	-13	-10	-4	det1=true
[13304]	116	124	-39	-4	-12	2	det1=true
[13305]	117	124	-44	-17	-11	-4	det1=true
[13306]	117	124	-48	-17	-11	4	det1=true
[13307]	49	121	-22	-13	-6	5	det1=true
[13308]	51	121	-17	-9	-1	-8	det1=true
[13309]	51	121	-25	-9	-1	8	det1=true
[13310]	67	121	-25	-14	-9	-1	det1=true
[13311]	73	121	-3	-2	-1	-10	det1=true
[13312]	73	121	-13	-2	-1	10	det1=true
[13313]	83	121	-25	-19	-1	-10	det1=true
[13314]	83	121	-35	-19	-1	10	det1=true
[13315]	86	121	-34	-15	-8	-6	det1=true
[13316]	86	121	-40	-15	-8	6	det1=true
[13317]	86	121	-33	-16	-6	-8	det1=true
[13318]	86	121	-41	-16	-6	8	det1=true
[13319]	88	121	-36	-34	-8	-5	det1=true
[13320]	89	121	-35	-1	-5	-9	det1=true
[13321]	89	121	-44	-1	-5	9	det1=true
[13322]	109	121	-44	-44	-6	-8	det1=true
[13323]	109	121	-52	-44	-6	8	det1=true
[13324]	116	121	-56	-37	-10	-2	det1=true
[13325]	116	121	-58	-37	-10	2	det1=true
[13326]	117	121	-49	-23	-11	-2	det1=true
[13327]	121	121	-86	-12	-5	-7	det1=true
[13328]	77	122	-36	-21	-9	-2	det1=true
[13329]	77	122	-38	-21	-9	2	det1=true
[13330]	82	122	-29	-4	-10	-2	det1=true
[13331]	82	122	-31	-4	-10	2	det1=true
[13332]	83	122	-30	-15	-8	-6	det1=true
[13333]	92	122	-27	-6	-6	-9	det1=true
[13334]	99	122	-42	-22	-10	-3	det1=true
[13335]	99	122	-45	-22	-10	3	det1=true
[13336]	112	122	-40	1	-10	-6	det1=true
[13337]	115	122	-8	-1	-12	-4	det1=true
[13338]	115	122	-12	-1	-12	4	det1=true
[13339]	118	122	-36	-16	-12	-1	det1=true
[13340]	118	122	-37	-16	-12	1	det1=true
[13341]	27	123	-10	3	-6	-1	det1=true
[13342]	27	123	-11	3	-6	1	det1=true
[13343]	50	123	-18	-7	-7	-4	det1=true
[13344]	54	123	-15	-2	-8	-3	det1=true
[13345]	54	123	-18	-2	-8	3	det1=true
[13346]	57	123	-22	-11	-7	5	det1=true
[13347]	87	123	-10	3	-11	-1	det1=true
[13348]	87	123	-11	3	-11	1	det1=true
[13349]	101	123	-49	-25	-10	-2	det1=true
[13350]	103	123	-40	-24	-10	-4	det1=true
[13351]	103	123	-44	-24	-10	4	det1=true
[13352]	104	123	-31	-14	-4	11	det1=true
[13353]	105	123	-40	1	-2	-11	det1=true
[13354]	105	123	-51	1	-2	11	det1=true
[13355]	114	123	-48	-49	-1	-10	det1=true
[13356]	114	123	-58	-49	-1	10	det1=true
[13357]	49	124	-20	0	-8	-1	det1=true
[13358]	49	124	-21	0	-8	1	det1=true
[13359]	55	124	-18	0	-3	-8	det1=true
[13360]	55	124	-26	0	-3	8	det1=true
[13361]	64	124	-20	0	-6	-7	det1=true
[13362]	64	124	-27	0	-6	7	det1=true
[13363]	73	124	-20	-4	-4	-9	det1=true
[13364]	73	124	-6	3	-10	2	det1=true
[13365]	74	124	-16	-7	-6	-8	det1=true
[13366]	74	124	-24	-7	-6	8	det1=true
[13367]	81	124	-32	-10	-10	-1	det1=true
[13368]	81	124	-33	-10	-10	1	det1=true
[13369]	81	124	-22	-23	-1	-10	det1=true
[13370]	81	124	-32	-23	-1	10	det1=true
[13371]	87	124	-28	1	-9	6	det1=true
[13372]	90	124	-35	-24	-10	-2	det1=true
[13373]	90	124	-37	-24	-10	2	det1=true
[13374]	91	124	-39	-26	-10	-1	det1=true
[13375]	91	124	-40	-26	-10	1	det1=true
[13376]	94	124	-36	-38	-4	-9	det1=true
[13377]	94	124	-45	-38	-4	9	det1=true
[13378]	99	124	-16	-3	-6	-10	det1=true
[13379]	99	124	-26	-3	-6	10	det1=true
[13380]	100	124	-42	-15	-10	-4	det1=true
[13381]	100	124	-46	-15	-10	4	det1=true
[13382]	100	124	-39	-18	-4	-10	det1=true
[13383]	100	124	-49	-18	-4	10	det1=true
[13384]	105	124	-6	-5	-2	-12	det1=true
[13385]	105	124	-18	-5	-2	12	det1=true
[13386]	105	124	-4	0	-7	-10	det1=true
[13387]	105	124	-14	0	-7	10	det1=true
[13388]	111	124	-52	-5	-11	-2	det1=true
[13389]	121	124	-36	-24	-8	-9	det1=true
[13390]	121	124	-45	-24	-8	9	det1=true
[13391]	31	121	-13	-6	-5	4	det1=true
[13392]	67	121	-26	-14	-9	1	det1=true
[13393]	72	121	-2	3	-6	-8	det1=true
[13394]	72	121	-10	3	-6	8	det1=true
[13395]	73	121	-17	-3	-9	-4	det1=true
[13396]	73	121	-21	-3	-9	4	det1=true
[13397]	86	121	-38	-3	-8	-6	det1=true
[13398]	86	121	-44	-3	-8	6	det1=true
[13399]	89	121	-34	-14	-2	-10	det1=true
[13400]	89	121	-32	-13	-5	-9	det1=true
[13401]	89	121	-41	-13	-5	9	det1=true
[13402]	93	121	-43	-24	-9	-4	det1=true
[13403]	93	121	-47	-24	-9	4	det1=true
[13404]	109	121	-32	-21	-9	-7	det1=true
[13405]	109	121	-39	-21	-9	7	det1=true
[13406]	109	121	-41	-24	-3	11	det1=true
[13407]	109	121	-27	-16	-11	-4	det1=true
[13408]	109	121	-31	-16	-11	4	det1=true
[13409]	119	121	-56	-48	-5	9	det1=true
[13410]	121	121	-47	-24	-9	-7	det1=true
[13411]	54	122	-22	-16	-1	-8	det1=true
[13412]	54	122	-30	-16	-1	8	det1=true
[13413]	67	122	-31	-24	-8	-3	det1=true
[13414]	67	122	-34	-24	-8	3	det1=true
[13415]	87	122	-17	2	-6	-9	det1=true
[13416]	87	122	-26	2	-6	9	det1=true
[13417]	90	122	-34	0	-3	-10	det1=true
[13418]	90	122	-44	0	-3	10	det1=true
[13419]	92	122	-29	0	-4	-10	det1=true
[13420]	92	122	-39	0	-4	10	det1=true
[13421]	104	122	-47	-10	-2	11	det1=true
[13422]	112	122	-43	-34	-4	-10	det1=true
[13423]	112	122	-53	-34	-4	10	det1=true
[13424]	112	122	-46	1	-10	6	det1=true
[13425]	112	122	-35	-24	-10	6	det1=true
[13426]	122	122	-44	-12	-12	-1	det1=true
[13427]	122	122	-45	-12	-12	1	det1=true
[13428]	29	123	-5	2	-5	4	det1=true
[13429]	71	123	-38	-31	-5	7	det1=true
[13430]	80	123	-1	0	-8	-7	det1=true
[13431]	81	123	-21	5	-10	-3	det1=true
[13432]	81	123	-24	5	-10	3	det1=true
[13433]	104	123	-20	-14	-4	-11	det1=true
[13434]	104	123	-17	-18	-4	-11	det1=true
[13435]	108	123	-19	-12	-12	-1	det1=true
[13436]	121	123	-60	-8	-11	3	det1=true
[13437]	123	123	-14	3	-7	-11	det1=true
[13438]	123	123	-25	3	-7	11	det1=true
[13439]	65	124	-24	-8	-9	2	det1=true
[13440]	73	124	-29	-4	-4	9	det1=true
[13441]	76	124	-27	-2	-4	-9	det1=true
[13442]	84	124	-38	-28	-5	-8	det1=true
[13443]	84	124	-46	-28	-5	8	det1=true
[13444]	85	124	-30	-23	-1	-10	det1=true
[13445]	85	124	-40	-23	-1	10	det1=true
[13446]	109	124	-36	-3	-6	-10	det1=true
[13447]	109	124	-46	-3	-6	10	det1=true
[13448]	118	124	-15	2	-8	-10	det1=true
[13449]	119	124	-49	-24	-10	6	det1=true
[13450]	122	124	-48	-8	-12	-1	det1=true
[13451]	124	124	-40	-28	-12	-1	det1=true
[13452]	124	124	-41	-28	-12	1	det1=true
[13453]	33	121	-13	-12	-5	-4	det1=true
[13454]	33	121	-17	-12	-5	4	det1=true
[13455]	40	121	-16	1	-6	-4	det1=true
[13456]	40	121	-20	1	-6	4	det1=true
[13457]	51	121	-17	-11	-8	-1	det1=true
[13458]	51	121	-18	-11	-8	1	det1=true
[13459]	63	121	-27	-14	-5	-7	det1=true
[13460]	65	121	-19	1	-7	-6	det1=true
[13461]	65	121	-25	1	-7	6	det1=true
[13462]	70	121	-21	-10	-8	-5	det1=true
[13463]	70	121	-26	-10	-8	5	det1=true
[13464]	88	121	-24	-5	-10	4	det1=true
[13465]	89	121	-44	-14	-2	10	det1=true
[13466]	109	121	-20	1	-8	-9	det1=true
[13467]	109	121	-29	1	-8	9	det1=true
[13468]	121	121	-44	-18	-6	-10	det1=true
[13469]	121	121	-54	-18	-6	10	det1=true
[13470]	40	122	-13	-2	-2	-7	det1=true
[13471]	40	122	-20	-2	-2	7	det1=true
[13472]	64	122	-18	-4	-9	-2	det1=true
[13473]	64	122	-20	-4	-9	2	det1=true
[13474]	85	122	-24	-7	-3	-10	det1=true
[13475]	85	122	-34	-7	-3	10	det1=true
[13476]	109	122	-17	-12	-8	-9	det1=true
[13477]	109	122	-26	-12	-8	9	det1=true
[13478]	110	122	-6	0	-3	-12	det1=true
[13479]	110	122	-18	0	-3	12	det1=true
[13480]	116	122	-40	-12	-4	-11	det1=true
[13481]	116	122	-51	-12	-4	11	det1=true
[13482]	37	123	-13	-2	-7	-1	det1=true
[13483]	37	123	-14	-2	-7	1	det1=true
[13484]	50	123	-22	-7	-7	4	det1=true
[13485]	51	123	-23	-5	-8	-1	det1=true
[13486]	51	123	-24	-5	-8	1	det1=true
[13487]	63	123	-36	-14	-5	7	det1=true
[13488]	81	123	-32	-7	-10	-1	det1=true
[13489]	81	123	-33	-7	-10	1	det1=true
[13490]	92	123	-20	-5	-11	2	det1=true
[13491]	113	123	-38	-9	-4	-11	det1=true
[13492]	113	123	-49	-9	-4	11	det1=true
[13493]	74	124	-23	0	-4	-9	det1=true
[13494]	74	124	-32	0	-4	9	det1=true
[13495]	93	124	-27	-14	-2	11	det1=true
[13496]	102	124	-50	-27	-10	-2	det1=true
[13497]	102	124	-52	-27	-10	2	det1=true
[13498]	104	124	-44	-32	-10	-3	det1=true
[13499]	104	124	-47	-32	-10	3	det1=true
[13500]	104	124	-28	-5	-11	-4	det1=true
[13501]	104	124	-32	-5	-11	4	det1=true
[13502]	110	124	-34	-3	-2	12	det1=true
[13503]	111	124	-54	-5	-11	2	det1=true
[13504]	118	124	-54	-51	-9	-4	det1=true
[13505]	118	124	-58	-51	-9	4	det1=true
[13506]	118	124	-25	2	-8	10	det1=true
[13507]	49	121	-4	2	-8	-2	det1=true
[13508]	49	121	-6	2	-8	2	det1=true
[13509]	84	121	-5	2	-4	-10	det1=true
[13510]	84	121	-15	2	-4	10	det1=true
[13511]	89	121	-27	-22	-9	-5	det1=true
[13512]	89	121	-32	-22	-9	5	det1=true
[13513]	109	121	-36	-36	-4	-10	det1=true
[13514]	109	121	-46	-36	-4	10	det1=true
[13515]	111	121	-52	-4	-11	-1	det1=true
[13516]	111	121	-53	-4	-11	1	det1=true
[13517]	115	121	-29	-10	-1	-12	det1=true
[13518]	115	121	-41	-10	-1	12	det1=true
[13519]	112	122	-29	-24	-10	-6	det1=true
[13520]	112	122	-24	-16	-12	-1	det1=true
[13521]	112	122	-25	-16	-12	1	det1=true
[13522]	113	122	-46	-35	-7	-8	det1=true
[13523]	113	122	-54	-35	-7	8	det1=true
[13524]	113	122	-40	-30	-11	-2	det1=true
[13525]	65	123	-14	3	-8	-5	det1=true
[13526]	65	123	-19	3	-8	5	det1=true
[13527]	89	123	-16	-4	-11	-1	det1=true
[13528]	89	123	-17	-4	-11	1	det1=true
[13529]	108	123	-20	-12	-12	1	det1=true
[13530]	113	123	-34	-10	-11	5	det1=true
[13531]	120	123	-28	-24	-10	-7	det1=true
[13532]	120	123	-35	-24	-10	7	det1=true
[13533]	110	124	-22	-3	-2	-12	det1=true
[13534]	116	124	-37	-4	-12	-2	det1=true
[13535]	119	124	-43	-24	-10	-6	det1=true
[13536]	70	121	-32	2	-9	-2	det1=true
[13537]	70	121	-34	2	-9	2	det1=true
[13538]	121	121	-44	-3	-12	-1	det1=true
[13539]	121	121	-45	-3	-12	1	det1=true
[13540]	101	122	-39	-30	-10	-3	det1=true
[13541]	101	122	-42	-30	-10	3	det1=true
[13542]	102	122	-24	-26	-2	-11	det1=true
[13543]	102	122	-35	-26	-2	11	det1=true
[13544]	114	122	-52	-28	-8	-7	det1=true
[13545]	114	122	-59	-28	-8	7	det1=true
[13546]	119	122	-40	3	-9	-8	det1=true
[13547]	119	122	-48	3	-9	8	det1=true
[13548]	113	123	-29	-10	-11	-5	det1=true
[13549]	119	123	-46	-41	-6	-9	det1=true
[13550]	119	123	-55	-41	-6	9	det1=true
[13551]	120	123	-45	-16	-4	-11	det1=true
[13552]	120	123	-56	-16	-4	11	det1=true
[13553]	97	121	-24	-18	-11	-1	det1=true
[13554]	122	122	-47	-44	-4	-10	det1=true
[13555]	122	122	-57	-44	-4	10	det1=true
[13556]	107	124	-20	-3	-1	-12	det1=true
[13557]	107	124	-32	-3	-1	12	det1=true
[13558]	49	121	-15	-3	-8	-1	det1=true
[13559]	49	121	-16	-3	-8	1	det1=true
[13560]	96	121	-47	-12	-10	-2	det1=true
[13561]	96	121	-49	-12	-10	2	det1=true
[13562]	69	122	-22	-2	-5	-8	det1=true
[13563]	69	122	-30	-2	-5	8	det1=true
[13564]	111	124	-42	-37	-10	-4	det1=true
[13565]	111	124	-46	-37	-10	4	det1=true
[13566]	71	121	-28	-20	-1	-9	det1=true
[13567]	71	121	-37	-20	-1	9	det1=true
[13568]	104	121	-20	-11	-10	-6	det1=true
[13569]	104	121	-26	-11	-10	6	det1=true
[13570]	33	122	-14	-12	-4	-5	det1=true
[13571]	33	122	-19	-12	-4	5	det1=true
[13572]	86	122	-28	-21	-3	10	det1=true
[13573]	46	123	0	-1	-1	-8	det1=true
[13574]	46	123	-8	-1	-1	8	det1=true
[13575]	91	123	-23	-2	-11	-1	det1=true
[13576]	91	124	-34	-16	-3	-10	det1=true
[13577]	91	124	-44	-16	-3	10	det1=true
[13578]	109	124	-38	-1	-10	-6	det1=true
[13579]	109	124	-44	-1	-10	6	det1=true
[13580]	86	122	-18	-21	-3	-10	det1=true
[13581]	113	122	-39	-30	-2	-11	det1=true
[13582]	113	122	-50	-30	-2	11	det1=true
[13583]	75	123	-34	-8	-9	-3	det1=true
[13584]	75	123	-37	-8	-9	3	det1=true
[13585]	104	123	-36	-14	-2	-11	det1=true
[13586]	104	123	-47	-14	-2	11	det1=true
[13587]	108	124	-34	-9	-11	-4	det1=true
[13588]	108	124	-38	-9	-11	4	det1=true
[13589]	50	121	-22	-9	-5	-6	det1=true
[13590]	97	121	-19	-23	-1	-11	det1=true
[13591]	89	123	-11	-9	-1	-11	det1=true
[13592]	89	123	-22	-9	-1	11	det1=true
[13593]	109	124	-53	-28	-10	-3	det1=true
[13594]	109	124	-56	-28	-10	3	det1=true
[13595]	118	124	-58	-12	-11	-2	det1=true
[13596]	118	124	-60	-12	-11	2	det1=true
[13597]	39	125	-16	-12	-1	-7	det1=true
[13598]	39	125	-23	-12	-1	7	det1=true
[13599]	96	125	-42	5	-10	-4	det1=true
[13600]	96	125	-46	5	-10	4	det1=true
[13601]	63	128	-16	4	-8	-5	det1=true
[13602]	80	128	-25	-4	-10	-3	det1=true
[13603]	80	128	-28	-4	-10	3	det1=true
[13604]	39	125	-19	-9	-7	-1	det1=true
[13605]	39	125	-20	-9	-7	1	det1=true
[13606]	57	125	-27	-23	-8	-1	det1=true
[13607]	57	125	-28	-23	-8	1	det1=true
[13608]	83	125	-31	-3	-9	-5	det1=true
[13609]	83	125	-36	-3	-9	5	det1=true
[13610]	92	125	-41	-18	-2	-10	det1=true
[13611]	92	125	-51	-18	-2	10	det1=true
[13612]	109	125	-44	-5	-9	-7	det1=true
[13613]	109	125	-51	-5	-9	7	det1=true
[13614]	114	125	-56	-7	-11	-2	det1=true
[13615]	114	125	-58	-7	-11	2	det1=true
[13616]	124	125	-50	-23	-6	-10	det1=true
[13617]	124	125	-60	-23	-6	10	det1=true
[13618]	72	126	-2	1	-2	-10	det1=true
[13619]	72	126	-12	1	-2	10	det1=true
[13620]	107	126	-40	-34	-9	-6	det1=true
[13621]	110	126	-40	-9	-11	-4	det1=true
[13622]	110	126	-44	-9	-11	4	det1=true
[13623]	117	126	-22	-11	-8	10	det1=true
[13624]	109	128	-12	-2	-6	-11	det1=true
[13625]	109	128	-23	-2	-6	11	det1=true
[13626]	117	128	-48	-19	-10	-6	det1=true
[13627]	117	128	-54	-19	-10	6	det1=true
[13628]	73	125	-17	-3	-8	-6	det1=true
[13629]	73	125	-23	-3	-8	6	det1=true
[13630]	95	125	-25	-9	-2	-11	det1=true
[13631]	95	125	-36	-9	-2	11	det1=true
[13632]	121	125	-52	-13	-8	9	det1=true
[13633]	122	125	-48	3	-12	-2	det1=true
[13634]	122	125	-50	3	-12	2	det1=true
[13635]	123	125	-34	-23	-12	-3	det1=true
[13636]	123	125	-37	-23	-12	3	det1=true
[13637]	124	125	-30	-29	-3	-12	det1=true
[13638]	124	125	-42	-29	-3	12	det1=true
[13639]	60	126	-24	-20	-8	-3	det1=true
[13640]	60	126	-27	-20	-8	3	det1=true
[13641]	81	126	-4	2	-9	-6	det1=true
[13642]	81	126	-10	2	-9	6	det1=true
[13643]	100	126	-37	-30	-8	-7	det1=true
[13644]	100	126	-44	-30	-8	7	det1=true
[13645]	103	126	-2	2	-7	-10	det1=true
[13646]	103	126	-12	2	-7	10	det1=true
[13647]	104	126	-31	0	-6	-10	det1=true
[13648]	104	126	-41	0	-6	10	det1=true
[13649]	91	127	-33	-5	-4	-10	det1=true
[13650]	91	127	-43	-5	-4	10	det1=true
[13651]	115	127	-40	-6	-11	-5	det1=true
[13652]	115	127	-45	-6	-11	5	det1=true
[13653]	117	127	-9	2	-13	-1	det1=true
[13654]	117	127	-10	2	-13	1	det1=true
[13655]	70	128	-28	-22	-2	-9	det1=true
[13656]	70	128	-37	-22	-2	9	det1=true
[13657]	71	128	-7	4	-10	-2	det1=true
[13658]	71	128	-9	4	-10	2	det1=true
[13659]	71	128	-3	0	-2	-10	det1=true
[13660]	71	128	-13	0	-2	10	det1=true
[13661]	82	128	-28	-8	-10	-3	det1=true
[13662]	82	128	-31	-8	-10	3	det1=true
[13663]	82	128	-14	-3	-9	-6	det1=true
[13664]	82	128	-20	-3	-9	6	det1=true
[13665]	118	128	-33	2	-6	-11	det1=true
[13666]	118	128	-44	2	-6	11	det1=true
[13667]	120	128	-7	-12	-2	-13	det1=true
[13668]	120	128	-20	-12	-2	13	det1=true
[13669]	53	125	-22	-6	-2	-8	det1=true
[13670]	53	125	-30	-6	-2	8	det1=true
[13671]	53	125	-24	-6	-8	-2	det1=true
[13672]	53	125	-26	-6	-8	2	det1=true
[13673]	61	125	-20	-5	-9	-1	det1=true
[13674]	61	125	-21	-5	-9	1	det1=true
[13675]	77	125	-14	-8	-9	-5	det1=true
[13676]	77	125	-19	-8	-9	5	det1=true
[13677]	85	125	-31	-13	-9	-5	det1=true
[13678]	85	125	-36	-13	-9	5	det1=true
[13679]	100	125	-31	-30	-6	-9	det1=true
[13680]	106	125	-16	-5	-12	-2	det1=true
[13681]	106	125	-18	-5	-12	2	det1=true
[13682]	109	125	-19	-20	-1	-12	det1=true
[13683]	109	125	-31	-20	-1	12	det1=true
[13684]	113	125	-49	0	-11	4	det1=true
[13685]	113	125	-10	-4	-12	-4	det1=true
[13686]	113	125	-14	-4	-12	4	det1=true
[13687]	114	125	-54	-14	-11	-2	det1=true
[13688]	114	125	-56	-14	-11	2	det1=true
[13689]	114	125	-13	-6	-12	-4	det1=true
[13690]	114	125	-17	-6	-12	4	det1=true
[13691]	117	125	-32	-21	-5	-11	det1=true
[13692]	117	125	-43	-21	-5	11	det1=true
[13693]	121	125	-43	-13	-8	-9	det1=true
[13694]	125	125	-51	0	-9	-8	det1=true
[13695]	125	125	-59	0	-9	8	det1=true
[13696]	125	125	-49	-12	-11	-5	det1=true
[13697]	125	125	-54	-12	-11	5	det1=true
[13698]	125	125	-41	-23	-2	-12	det1=true
[13699]	125	125	-53	-23	-2	12	det1=true
[13700]	49	126	-16	-11	-7	-4	det1=true
[13701]	49	126	-20	-11	-7	4	det1=true
[13702]	86	126	-43	-2	-10	2	det1=true
[13703]	95	126	-44	-30	-3	10	det1=true
[13704]	105	126	-18	-8	-8	-9	det1=true
[13705]	105	126	-27	-8	-8	9	det1=true
[13706]	115	126	-35	-4	-10	-7	det1=true
[13707]	115	126	-42	-4	-10	7	det1=true
[13708]	28	127	-4	-5	-2	-6	det1=true
[13709]	28	127	-10	-5	-2	6	det1=true
[13710]	46	127	-17	-10	-6	-5	det1=true
[13711]	46	127	-22	-10	-6	5	det1=true
[13712]	48	127	-13	4	-8	-2	det1=true
[13713]	48	127	-15	4	-8	2	det1=true
[13714]	53	127	-25	-17	-8	-1	det1=true
[13715]	58	127	-28	-21	-8	-2	det1=true
[13716]	58	127	-30	-21	-8	2	det1=true
[13717]	71	127	-20	1	-4	-9	det1=true
[13718]	71	127	-29	1	-4	9	det1=true
[13719]	71	127	-17	-11	-9	-4	det1=true
[13720]	71	127	-21	-11	-9	4	det1=true
[13721]	91	127	-30	-1	-11	-1	det1=true
[13722]	91	127	-31	-1	-11	1	det1=true
[13723]	107	127	-42	-11	-9	-7	det1=true
[13724]	107	127	-49	-11	-9	7	det1=true
[13725]	118	127	-12	2	-5	-12	det1=true
[13726]	118	127	-24	2	-5	12	det1=true
[13727]	127	127	-26	-7	-2	-13	det1=true
[13728]	127	127	-39	-7	-2	13	det1=true
[13729]	53	128	-16	-8	-8	-3	det1=true
[13730]	53	128	-19	-8	-8	3	det1=true
[13731]	95	128	-44	-6	-8	-7	det1=true
[13732]	95	128	-51	-6	-8	7	det1=true
[13733]	110	128	-50	-12	-5	-10	det1=true
[13734]	110	128	-60	-12	-5	10	det1=true
[13735]	113	128	-44	-16	-11	-4	det1=true
[13736]	113	128	-48	-16	-11	4	det1=true
[13737]	119	128	-20	-2	-12	-5	det1=true
[13738]	49	125	-11	-5	-8	-2	det1=true
[13739]	49	125	-13	-5	-8	2	det1=true
[13740]	51	125	-23	-7	-7	-4	det1=true
[13741]	53	125	-21	-9	-2	-8	det1=true
[13742]	81	125	-4	0	-10	-4	det1=true
[13743]	81	125	-8	0	-10	4	det1=true
[13744]	83	125	-29	-13	-2	-10	det1=true
[13745]	83	125	-39	-13	-2	10	det1=true
[13746]	83	125	-19	-17	-3	-10	det1=true
[13747]	83	125	-29	-17	-3	10	det1=true
[13748]	85	125	-25	1	-8	-7	det1=true
[13749]	85	125	-32	1	-8	7	det1=true
[13750]	91	125	-40	-9	-10	-3	det1=true
[13751]	92	125	-45	-14	-10	-2	det1=true
[13752]	92	125	-47	-14	-10	2	det1=true
[13753]	105	125	-49	-4	-11	-1	det1=true
[13754]	105	125	-50	-4	-11	1	det1=true
[13755]	108	125	-36	-4	-1	12	det1=true
[13756]	111	125	-33	-31	-7	-9	det1=true
[13757]	111	125	-42	-31	-7	9	det1=true
[13758]	112	125	-25	-16	-12	-2	det1=true
[13759]	112	125	-27	-16	-12	2	det1=true
[13760]	116	125	-33	0	-12	-3	det1=true
[13761]	116	125	-36	0	-12	3	det1=true
[13762]	117	125	-35	-18	-11	-5	det1=true
[13763]	117	125	-40	-18	-11	5	det1=true
[13764]	119	125	-50	-43	-8	-7	det1=true
[13765]	119	125	-57	-43	-8	7	det1=true
[13766]	121	125	-55	-14	-7	-9	det1=true
[13767]	121	125	-64	-14	-7	9	det1=true
[13768]	121	125	-16	-5	-12	-5	det1=true
[13769]	123	125	-15	-14	-5	-12	det1=true
[13770]	123	125	-27	-14	-5	12	det1=true
[13771]	124	125	-46	-16	-9	-8	det1=true
[13772]	124	125	-54	-16	-9	8	det1=true
[13773]	66	126	-18	-8	-5	-8	det1=true
[13774]	66	126	-26	-8	-5	8	det1=true
[13775]	73	126	-10	-14	-1	-10	det1=true
[13776]	73	126	-20	-14	-1	10	det1=true
[13777]	85	126	-27	-16	-10	-3	det1=true
[13778]	85	126	-30	-16	-10	3	det1=true
[13779]	94	126	-45	-10	-10	-3	det1=true
[13780]	94	126	-3	2	-10	-6	det1=true
[13781]	94	126	-9	2	-10	6	det1=true
[13782]	104	126	-24	-19	-10	-6	det1=true
[13783]	104	126	-30	-19	-10	6	det1=true
[13784]	106	126	-34	-3	-6	-10	det1=true
[13785]	106	126	-44	-3	-6	10	det1=true
[13786]	106	126	-43	-6	-4	11	det1=true
[13787]	107	126	-24	-1	-1	-12	det1=true
[13788]	120	126	-8	1	-13	-2	det1=true
[13789]	120	126	-10	1	-13	2	det1=true
[13790]	71	127	-7	-10	-1	-10	det1=true
[13791]	71	127	-17	-10	-1	10	det1=true
[13792]	73	127	-27	-21	-9	-3	det1=true
[13793]	73	127	-30	-21	-9	3	det1=true
[13794]	76	127	-27	-16	-8	6	det1=true
[13795]	94	127	-41	0	-10	-4	det1=true
[13796]	94	127	-45	0	-10	4	det1=true
[13797]	95	127	-24	-1	-9	-7	det1=true
[13798]	95	127	-31	-1	-9	7	det1=true
[13799]	109	127	-21	-12	-7	-10	det1=true
[13800]	114	127	-22	-19	-3	-12	det1=true
[13801]	115	127	-52	-3	-3	-11	det1=true
[13802]	115	127	-63	-3	-3	11	det1=true
[13803]	115	127	-49	-30	-11	-2	det1=true
[13804]	119	127	-43	-11	-1	-12	det1=true
[13805]	119	127	-55	-11	-1	12	det1=true
[13806]	123	127	-28	-11	-11	7	det1=true
[13807]	53	128	-32	-9	-2	8	det1=true
[13808]	58	128	-6	4	-9	-2	det1=true
[13809]	58	128	-8	4	-9	2	det1=true
[13810]	59	128	-8	-4	-7	-6	det1=true
[13811]	59	128	-14	-4	-7	6	det1=true
[13812]	99	128	-38	-12	-11	-2	det1=true
[13813]	99	128	-40	-12	-11	2	det1=true
[13814]	106	128	-47	-48	-4	-9	det1=true
[13815]	107	128	-52	-1	-11	-2	det1=true
[13816]	107	128	-54	-1	-11	2	det1=true
[13817]	115	128	-52	-44	-10	-3	det1=true
[13818]	115	128	-55	-44	-10	3	det1=true
[13819]	120	128	-30	-20	-11	-6	det1=true
[13820]	120	128	-36	-20	-11	6	det1=true
[13821]	124	128	-55	-56	-2	-10	det1=true
[13822]	54	125	-26	-11	-8	2	det1=true
[13823]	81	125	-1	-3	-4	-10	det1=true
[13824]	81	125	-11	-3	-4	10	det1=true
[13825]	88	125	-35	-30	-4	-9	det1=true
[13826]	88	125	-44	-30	-4	9	det1=true
[13827]	93	125	-30	-5	-11	-1	det1=true
[13828]	93	125	-31	-5	-11	1	det1=true
[13829]	93	125	-25	-10	-1	-11	det1=true
[13830]	93	125	-36	-10	-1	11	det1=true
[13831]	100	125	-40	-30	-6	9	det1=true
[13832]	101	125	-39	-23	-4	-10	det1=true
[13833]	101	125	-49	-23	-4	10	det1=true
[13834]	104	125	-44	-12	-11	2	det1=true
[13835]	105	125	-44	-9	-1	-11	det1=true
[13836]	105	125	-55	-9	-1	11	det1=true
[13837]	108	125	-24	-4	-1	-12	det1=true
[13838]	109	125	-31	-20	-11	-4	det1=true
[13839]	109	125	-35	-20	-11	4	det1=true
[13840]	111	125	-47	-35	-8	-7	det1=true
[13841]	111	125	-54	-35	-8	7	det1=true
[13842]	120	125	-28	-9	-10	8	det1=true
[13843]	110	126	-24	-19	-1	-12	det1=true
[13844]	110	126	-36	-19	-1	12	det1=true
[13845]	117	126	-12	-11	-8	-10	det1=true
[13846]	28	127	-6	-3	-6	-2	det1=true
[13847]	28	127	-8	-3	-6	2	det1=true
[13848]	53	127	-26	-17	-8	1	det1=true
[13849]	64	127	-12	-10	-8	-5	det1=true
[13850]	64	127	-17	-10	-8	5	det1=true
[13851]	67	127	-7	1	-9	-4	det1=true
[13852]	67	127	-11	1	-9	4	det1=true
[13853]	76	127	-21	-16	-8	-6	det1=true
[13854]	105	127	-34	-21	-9	-7	det1=true
[13855]	109	127	-31	-12	-7	10	det1=true
[13856]	110	127	-28	-11	-12	-2	det1=true
[13857]	110	127	-30	-11	-12	2	det1=true
[13858]	111	127	-47	-45	-9	-5	det1=true
[13859]	111	127	-52	-45	-9	5	det1=true
[13860]	114	127	-34	-19	-3	12	det1=true
[13861]	118	127	-30	-3	-12	-4	det1=true
[13862]	118	127	-34	-3	-12	4	det1=true
[13863]	124	127	-22	-8	-13	-2	det1=true
[13864]	124	127	-24	-8	-13	2	det1=true
[13865]	46	128	-20	-14	-6	5	det1=true
[13866]	50	128	-18	-3	-2	-8	det1=true
[13867]	50	128	-26	-3	-2	8	det1=true
[13868]	61	128	-22	-5	-7	6	det1=true
[13869]	86	128	-24	-17	-7	-8	det1=true
[13870]	86	128	-32	-17	-7	8	det1=true
[13871]	97	128	-16	-11	-10	-6	det1=true
[13872]	103	128	-34	4	-11	-4	det1=true
[13873]	103	128	-38	4	-11	4	det1=true
[13874]	104	128	-25	-22	-10	-6	det1=true
[13875]	104	128	-31	-22	-10	6	det1=true
[13876]	124	128	-65	-56	-2	10	det1=true
[13877]	125	128	-30	-4	-5	-12	det1=true
[13878]	126	128	-43	-42	-6	-10	det1=true
[13879]	126	128	-53	-42	-6	10	det1=true
[13880]	54	125	-24	-11	-8	-2	det1=true
[13881]	86	125	-39	-12	-6	-8	det1=true
[13882]	86	125	-47	-12	-6	8	det1=true
[13883]	97	125	-41	-22	-3	-10	det1=true
[13884]	97	125	-51	-22	-3	10	det1=true
[13885]	101	125	-1	0	-9	-8	det1=true
[13886]	101	125	-9	0	-9	8	det1=true
[13887]	104	125	-42	-12	-11	-2	det1=true
[13888]	108	125	-8	-4	-3	-12	det1=true
[13889]	108	125	-20	-4	-3	12	det1=true
[13890]	120	125	-59	-42	-8	7	det1=true
[13891]	121	125	-21	-5	-12	5	det1=true
[13892]	72	126	-6	5	-10	-2	det1=true
[13893]	95	126	-34	-30	-3	-10	det1=true
[13894]	107	126	-36	-1	-1	12	det1=true
[13895]	116	126	-28	-21	-7	-10	det1=true
[13896]	116	126	-38	-21	-7	10	det1=true
[13897]	103	127	-9	-3	-2	-12	det1=true
[13898]	103	127	-21	-3	-2	12	det1=true
[13899]	106	127	-40	-43	-3	-10	det1=true
[13900]	106	127	-50	-43	-3	10	det1=true
[13901]	108	127	-17	-4	-12	-3	det1=true
[13902]	115	127	-51	-30	-11	2	det1=true
[13903]	115	127	-12	-6	-10	-8	det1=true
[13904]	115	127	-20	-6	-10	8	det1=true
[13905]	123	127	-21	-11	-11	-7	det1=true
[13906]	127	127	-30	-22	-8	-10	det1=true
[13907]	127	127	-40	-22	-8	10	det1=true
[13908]	61	128	-16	-5	-7	-6	det1=true
[13909]	71	128	-18	-12	-9	-4	det1=true
[13910]	71	128	-22	-12	-9	4	det1=true
[13911]	78	128	-34	-12	-9	-4	det1=true
[13912]	78	128	-38	-12	-9	4	det1=true
[13913]	95	128	-16	5	-10	-6	det1=true
[13914]	95	128	-22	5	-10	6	det1=true
[13915]	116	128	-32	4	-11	-6	det1=true
[13916]	116	128	-38	4	-11	6	det1=true
[13917]	120	128	-56	-5	-11	-4	det1=true
[13918]	120	128	-60	-5	-11	4	det1=true
[13919]	121	128	-54	-49	-3	-10	det1=true
[13920]	124	128	-50	-12	-1	-12	det1=true
[13921]	124	128	-62	-12	-1	12	det1=true
[13922]	126	128	-42	-28	-7	-10	det1=true
[13923]	126	128	-52	-28	-7	10	det1=true
[13924]	42	125	-20	-11	-7	-2	det1=true
[13925]	42	125	-22	-11	-7	2	det1=true
[13926]	54	125	-15	-8	-8	-3	det1=true
[13927]	54	125	-18	-8	-8	3	det1=true
[13928]	56	125	-17	-14	-8	-3	det1=true
[13929]	64	125	-21	-2	-6	-7	det1=true
[13930]	64	125	-28	-2	-6	7	det1=true
[13931]	74	125	-32	-22	-7	-6	det1=true
[13932]	74	125	-38	-22	-7	6	det1=true
[13933]	78	125	-30	-10	-4	-9	det1=true
[13934]	78	125	-39	-10	-4	9	det1=true
[13935]	85	125	-29	-15	-5	-9	det1=true
[13936]	85	125	-38	-15	-5	9	det1=true
[13937]	87	125	-27	-7	-7	-8	det1=true
[13938]	87	125	-35	-7	-7	8	det1=true
[13939]	97	125	-39	-10	-9	-6	det1=true
[13940]	97	125	-45	-10	-9	6	det1=true
[13941]	101	125	-31	-8	-9	-7	det1=true
[13942]	101	125	-38	-8	-9	7	det1=true
[13943]	101	125	-25	-9	-11	4	det1=true
[13944]	104	125	-6	-3	-2	-12	det1=true
[13945]	104	125	-18	-3	-2	12	det1=true
[13946]	120	125	-52	-42	-8	-7	det1=true
[13947]	120	125	-20	-9	-10	-8	det1=true
[13948]	121	125	-32	-21	-12	-3	det1=true
[13949]	121	125	-35	-21	-12	3	det1=true
[13950]	76	126	-28	4	-10	-1	det1=true
[13951]	76	126	-29	4	-10	1	det1=true
[13952]	104	126	-15	-8	-8	-9	det1=true
[13953]	106	126	-32	-6	-4	-11	det1=true
[13954]	108	127	-20	-4	-12	3	det1=true
[13955]	115	127	-41	-24	-11	-4	det1=true
[13956]	115	127	-45	-24	-11	4	det1=true
[13957]	117	127	-51	-7	-10	-6	det1=true
[13958]	117	127	-57	-7	-10	6	det1=true
[13959]	118	127	-25	-10	-4	-12	det1=true
[13960]	118	127	-37	-10	-4	12	det1=true
[13961]	61	128	-18	-4	-9	-2	det1=true
[13962]	61	128	-20	-4	-9	2	det1=true
[13963]	68	128	-30	-12	-7	-6	det1=true
[13964]	68	128	-36	-12	-7	6	det1=true
[13965]	107	128	-21	-8	-10	-7	det1=true
[13966]	107	128	-28	-8	-10	7	det1=true
[13967]	108	128	-55	-22	-2	11	det1=true
[13968]	119	128	-28	-20	-11	-6	det1=true
[13969]	119	128	-34	-20	-11	6	det1=true
[13970]	104	125	-11	2	-12	-2	det1=true
[13971]	104	125	-13	2	-12	2	det1=true
[13972]	109	125	-23	-13	-8	-9	det1=true
[13973]	109	125	-32	-13	-8	9	det1=true
[13974]	111	125	-21	-20	-5	-11	det1=true
[13975]	111	125	-32	-20	-5	11	det1=true
[13976]	113	125	-42	-31	-2	-11	det1=true
[13977]	113	125	-53	-31	-2	11	det1=true
[13978]	116	125	-24	-18	-12	-3	det1=true
[13979]	116	125	-27	-18	-12	3	det1=true
[13980]	63	126	-10	-2	-5	-8	det1=true
[13981]	63	126	-18	-2	-5	8	det1=true
[13982]	68	126	-24	-8	-8	-5	det1=true
[13983]	68	126	-29	-8	-8	5	det1=true
[13984]	65	127	-26	-14	-1	-9	det1=true
[13985]	94	127	-39	-24	-10	-3	det1=true
[13986]	99	127	-16	-13	-4	-11	det1=true
[13987]	66	128	-28	-6	-6	-7	det1=true
[13988]	66	128	-35	-6	-6	7	det1=true
[13989]	95	128	-36	-24	-7	-8	det1=true
[13990]	95	128	-44	-24	-7	8	det1=true
[13991]	97	128	-22	-11	-10	6	det1=true
[13992]	108	128	-44	-22	-2	-11	det1=true
[13993]	113	128	-43	-16	-6	-10	det1=true
[13994]	113	128	-53	-16	-6	10	det1=true
[13995]	97	125	-40	-29	-9	-5	det1=true
[13996]	97	125	-45	-29	-9	5	det1=true
[13997]	109	125	-43	-6	-7	-9	det1=true
[13998]	109	125	-52	-6	-7	9	det1=true
[13999]	75	127	-19	-3	-9	5	det1=true
[14000]	97	127	-41	2	-11	-1	det1=true
[14001]	97	127	-42	2	-11	1	det1=true
[14002]	121	127	-60	-28	-11	-1	det1=true
[14003]	74	128	2	-1	-3	-10	det1=true
[14004]	74	128	-8	-1	-3	10	det1=true
[14005]	103	128	-29	-14	-10	-6	det1=true
[14006]	103	128	-35	-14	-10	6	det1=true
[14007]	101	125	-30	-9	-7	-9	det1=true
[14008]	101	125	-21	-9	-11	-4	det1=true
[14009]	104	125	-30	-4	-11	-4	det1=true
[14010]	104	125	-34	-4	-11	4	det1=true
[14011]	111	125	-9	-5	-11	-6	det1=true
[14012]	111	125	-15	-5	-11	6	det1=true
[14013]	122	125	-35	-26	-2	-12	det1=true
[14014]	122	125	-47	-26	-2	12	det1=true
[14015]	46	127	-20	-2	-5	-6	det1=true
[14016]	46	127	-26	-2	-5	6	det1=true
[14017]	75	127	-14	-3	-9	-5	det1=true
[14018]	113	127	-50	-10	-9	-7	det1=true
[14019]	113	127	-57	-10	-9	7	det1=true
[14020]	123	127	-46	-39	-9	-7	det1=true
[14021]	78	128	-27	-22	-4	-9	det1=true
[14022]	78	128	-36	-22	-4	9	det1=true
[14023]	121	128	-51	-10	-12	-1	det1=true
[14024]	121	128	-52	-10	-12	1	det1=true
[14025]	125	125	-38	-6	-12	-4	det1=true
[14026]	125	125	-42	-6	-12	4	det1=true
[14027]	102	126	-34	-32	-9	-6	det1=true
[14028]	102	126	-40	-32	-9	6	det1=true
[14029]	104	126	-24	-8	-8	9	det1=true
[14030]	93	127	-35	-7	-6	-9	det1=true
[14031]	93	127	-44	-7	-6	9	det1=true
[14032]	99	127	-27	-13	-4	11	det1=true
[14033]	113	127	-26	-25	-8	-9	det1=true
[14034]	113	127	-35	-25	-8	9	det1=true
[14035]	115	127	-41	4	-9	-8	det1=true
[14036]	115	127	-49	4	-9	8	det1=true
[14037]	74	128	-27	-6	-4	-9	det1=true
[14038]	74	128	-36	-6	-4	9	det1=true
[14039]	124	128	-52	-6	-8	-9	det1=true
[14040]	124	128	-61	-6	-8	9	det1=true
[14041]	125	125	-9	-2	-13	-3	det1=true
[14042]	125	125	-12	-2	-13	3	det1=true
[14043]	90	125	-34	-15	-3	-10	det1=true
[14044]	90	125	-44	-15	-3	10	det1=true
[14045]	118	125	-56	-50	-9	-4	det1=true
[14046]	118	125	-60	-50	-9	4	det1=true
[14047]	85	126	-22	-12	-8	-7	det1=true
[14048]	85	126	-29	-12	-8	7	det1=true
[14049]	121	127	-42	-21	-8	-9	det1=true
[14050]	121	127	-51	-21	-8	9	det1=true
[14051]	61	127	-12	-9	-2	-9	det1=true
[14052]	61	127	-21	-9	-2	9	det1=true
[14053]	120	127	-63	-32	-2	11	det1=true
[14054]	118	125	-41	-6	-8	-9	det1=true
[14055]	116	125	-38	-8	-9	-8	det1=true
[14056]	116	125	-46	-8	-9	8	det1=true
[14057]	110	126	-42	-1	-10	-6	det1=true
[14058]	110	126	-48	-1	-10	6	det1=true
[14059]	120	127	-52	-32	-2	-11	det1=true
[14060]	96	127	-28	-17	-11	-2	det1=true
[14061]	96	127	-30	-17	-11	2	det1=true
[14062]	112	127	-51	-30	-4	-10	det1=true
[14063]	78	128	-30	5	-10	-2	det1=true
[14064]	78	128	-32	5	-10	2	det1=true
[14065]	106	126	-48	-26	-8	-7	det1=true
[14066]	83	125	-25	-21	-10	-2	det1=true
[14067]	83	125	-27	-21	-10	2	det1=true
[14068]	85	127	-23	-13	-8	-7	det1=true
[14069]	85	127	-30	-13	-8	7	det1=true
[14070]	117	129	-20	-12	-10	-8	det1=true
[14071]	117	129	-28	-12	-10	8	det1=true
[14072]	51	129	-22	-15	-4	-7	det1=true
[14073]	51	129	-29	-15	-4	7	det1=true
[14074]	71	129	-5	-5	-2	-10	det1=true
[14075]	71	129	-15	-5	-2	10	det1=true
[14076]	111	129	-44	-31	-2	-11	det1=true
[14077]	111	129	-55	-31	-2	11	det1=true
[14078]	59	131	-18	-12	-9	-1	det1=true
[14079]	59	131	-19	-12	-9	1	det1=true
[14080]	102	131	-10	-11	-7	-10	det1=true
[14081]	102	131	-20	-11	-7	10	det1=true
[14082]	131	131	-84	-9	-5	-9	det1=true
[14083]	131	131	-93	-9	-5	9	det1=true
[14084]	35	132	0	-2	-2	-7	det1=true
[14085]	35	132	-7	-2	-2	7	det1=true
[14086]	59	132	-4	1	-5	-8	det1=true
[14087]	59	132	-12	1	-5	8	det1=true
[14088]	105	132	-29	-26	-4	-11	det1=true
[14089]	105	132	-40	-26	-4	11	det1=true
[14090]	111	132	-13	-6	-8	-10	det1=true
[14091]	111	132	-23	-6	-8	10	det1=true
[14092]	79	129	-29	3	-9	-5	det1=true
[14093]	79	129	-34	3	-9	5	det1=true
[14094]	79	129	-24	-11	-5	-9	det1=true
[14095]	79	129	-33	-11	-5	9	det1=true
[14096]	95	129	-38	-23	-8	-7	det1=true
[14097]	95	129	-45	-23	-8	7	det1=true
[14098]	103	129	-30	-2	-5	11	det1=true
[14099]	113	129	-49	-37	-9	-6	det1=true
[14100]	28	130	-10	1	-2	-6	det1=true
[14101]	28	130	-16	1	-2	6	det1=true
[14102]	62	130	-20	-9	-7	-6	det1=true
[14103]	62	130	-26	-9	-7	6	det1=true
[14104]	82	130	-21	-12	-8	-7	det1=true
[14105]	88	130	-40	-31	-9	-4	det1=true
[14106]	88	130	-44	-31	-9	4	det1=true
[14107]	90	130	-38	-8	-7	-8	det1=true
[14108]	90	130	-46	-8	-7	8	det1=true
[14109]	104	130	-44	-20	-11	-2	det1=true
[14110]	104	130	-46	-20	-11	2	det1=true
[14111]	110	130	-32	-3	-2	-12	det1=true
[14112]	116	130	-38	-35	-10	-6	det1=true
[14113]	116	130	-44	-35	-10	6	det1=true
[14114]	117	130	-38	1	-3	-12	det1=true
[14115]	117	130	-50	1	-3	12	det1=true
[14116]	47	131	-19	-17	-5	-6	det1=true
[14117]	47	131	-25	-17	-5	6	det1=true
[14118]	71	131	-25	-8	-9	-4	det1=true
[14119]	71	131	-29	-8	-9	4	det1=true
[14120]	83	131	-12	-6	-11	-1	det1=true
[14121]	84	131	-29	-8	-8	-7	det1=true
[14122]	84	131	-36	-8	-8	7	det1=true
[14123]	110	131	-33	-6	-2	-12	det1=true
[14124]	110	131	-45	-6	-2	12	det1=true
[14125]	112	131	-40	-8	-9	-8	det1=true
[14126]	112	131	-48	-8	-9	8	det1=true
[14127]	115	131	-43	-37	-11	-3	det1=true
[14128]	115	131	-46	-37	-11	3	det1=true
[14129]	115	131	-38	-16	-2	-12	det1=true
[14130]	115	131	-50	-16	-2	12	det1=true
[14131]	129	131	-41	-43	-5	-11	det1=true
[14132]	131	131	-13	-4	-7	-12	det1=true
[14133]	131	131	-25	-4	-7	12	det1=true
[14134]	83	132	-36	-28	-4	-9	det1=true
[14135]	83	132	-45	-28	-4	9	det1=true
[14136]	89	132	-25	-26	-4	-10	det1=true
[14137]	89	132	-35	-26	-4	10	det1=true
[14138]	96	132	-16	-16	-4	-11	det1=true
[14139]	96	132	-27	-16	-4	11	det1=true
[14140]	120	132	-49	-44	-2	-11	det1=true
[14141]	123	132	-36	5	-13	2	det1=true
[14142]	129	132	-55	-56	-4	-10	det1=true
[14143]	129	132	-65	-56	-4	10	det1=true
[14144]	49	129	-14	-10	-8	-2	det1=true
[14145]	49	129	-16	-10	-8	2	det1=true
[14146]	79	129	-36	1	-5	9	det1=true
[14147]	101	129	-37	-33	-10	-4	det1=true
[14148]	101	129	-41	-33	-10	4	det1=true
[14149]	105	129	-19	-3	-7	-10	det1=true
[14150]	105	129	-29	-3	-7	10	det1=true
[14151]	48	130	-10	-11	-2	-8	det1=true
[14152]	49	130	-3	0	-8	-3	det1=true
[14153]	49	130	-6	0	-8	3	det1=true
[14154]	72	130	-21	-8	-2	10	det1=true
[14155]	112	130	-44	6	-12	-1	det1=true
[14156]	112	130	-45	6	-12	1	det1=true
[14157]	115	130	-28	-7	-12	-4	det1=true
[14158]	116	130	-44	0	-1	-12	det1=true
[14159]	125	130	-34	-10	-12	-5	det1=true
[14160]	125	130	-39	-10	-12	5	det1=true
[14161]	39	131	-6	-1	-7	-3	det1=true
[14162]	39	131	-9	-1	-7	3	det1=true
[14163]	43	131	-13	-7	-6	-5	det1=true
[14164]	43	131	-18	-7	-6	5	det1=true
[14165]	61	131	-9	1	-3	-9	det1=true
[14166]	61	131	-18	1	-3	9	det1=true
[14167]	69	131	-19	-9	-9	-4	det1=true
[14168]	69	131	-23	-9	-9	4	det1=true
[14169]	78	131	-14	-6	-7	-8	det1=true
[14170]	83	131	-13	-6	-11	1	det1=true
[14171]	91	131	-21	-2	-9	-7	det1=true
[14172]	91	131	-28	-2	-9	7	det1=true
[14173]	99	131	-39	-11	-2	-11	det1=true
[14174]	101	131	-25	5	-12	-1	det1=true
[14175]	107	131	-33	-4	-11	-5	det1=true
[14176]	107	131	-38	-4	-11	5	det1=true
[14177]	107	131	-21	-3	-11	6	det1=true
[14178]	119	131	-42	-24	-12	-2	det1=true
[14179]	119	131	-44	-24	-12	2	det1=true
[14180]	120	131	-32	-9	-10	-8	det1=true
[14181]	120	131	-22	-7	-13	-2	det1=true
[14182]	120	131	-24	-7	-13	2	det1=true
[14183]	122	131	-8	-6	-9	-10	det1=true
[14184]	122	131	-18	-6	-9	10	det1=true
[14185]	131	131	-35	-25	-11	-7	det1=true
[14186]	45	132	-12	-8	-8	-1	det1=true
[14187]	45	132	-13	-8	-8	1	det1=true
[14188]	74	132	-34	-3	-9	-4	det1=true
[14189]	85	132	-28	-11	-10	-4	det1=true
[14190]	85	132	-32	-11	-10	4	det1=true
[14191]	82	129	-12	-13	-4	-10	det1=true
[14192]	82	129	-22	-13	-4	10	det1=true
[14193]	89	129	-8	-3	-3	-11	det1=true
[14194]	99	129	-13	3	-12	-1	det1=true
[14195]	99	129	-14	3	-12	1	det1=true
[14196]	105	129	-40	-39	-8	-7	det1=true
[14197]	105	129	-47	-39	-8	7	det1=true
[14198]	109	129	-54	-17	-11	-1	det1=true
[14199]	109	129	-55	-17	-11	1	det1=true
[14200]	113	129	-55	-37	-9	6	det1=true
[14201]	117	129	-53	-8	-11	-4	det1=true
[14202]	117	129	-57	-8	-11	4	det1=true
[14203]	117	129	-53	-31	-11	-2	det1=true
[14204]	117	129	-55	-31	-11	2	det1=true
[14205]	40	130	-18	-12	-7	-2	det1=true
[14206]	40	130	-20	-12	-7	2	det1=true
[14207]	48	130	-18	-11	-2	8	det1=true
[14208]	54	130	-24	-2	-8	-3	det1=true
[14209]	54	130	-27	-2	-8	3	det1=true
[14210]	72	130	-32	-16	-5	-8	det1=true
[14211]	72	130	-40	-16	-5	8	det1=true
[14212]	93	130	-36	1	-11	2	det1=true
[14213]	96	130	-40	-24	-8	-7	det1=true
[14214]	96	130	-47	-24	-8	7	det1=true
[14215]	100	130	-40	-32	-7	-8	det1=true
[14216]	100	130	-48	-32	-7	8	det1=true
[14217]	100	130	-20	-21	-6	-10	det1=true
[14218]	100	130	-30	-21	-6	10	det1=true
[14219]	120	130	-46	-28	-7	10	det1=true
[14220]	121	130	-36	-30	-7	-10	det1=true
[14221]	121	130	-46	-30	-7	10	det1=true
[14222]	89	131	-33	-30	-5	-9	det1=true
[14223]	89	131	-42	-30	-5	9	det1=true
[14224]	92	131	-42	-8	-7	-8	det1=true
[14225]	92	131	-50	-8	-7	8	det1=true
[14226]	97	131	-28	-16	-3	-11	det1=true
[14227]	97	131	-39	-16	-3	11	det1=true
[14228]	100	131	-23	-20	-10	-6	det1=true
[14229]	100	131	-29	-20	-10	6	det1=true
[14230]	118	131	-36	-19	-3	-12	det1=true
[14231]	118	131	-48	-19	-3	12	det1=true
[14232]	118	131	-41	-28	-12	-1	det1=true
[14233]	118	131	-42	-28	-12	1	det1=true
[14234]	119	131	-46	-48	-1	-11	det1=true
[14235]	119	131	-57	-48	-1	11	det1=true
[14236]	124	131	-36	-4	-12	-5	det1=true
[14237]	124	131	-41	-4	-12	5	det1=true
[14238]	131	131	-42	-25	-11	7	det1=true
[14239]	63	132	-18	-8	-5	-8	det1=true
[14240]	106	132	-29	2	-10	-7	det1=true
[14241]	106	132	-36	2	-10	7	det1=true
[14242]	115	132	-41	-18	-12	-2	det1=true
[14243]	115	132	-43	-18	-12	2	det1=true
[14244]	122	132	-59	-54	-10	-2	det1=true
[14245]	123	132	-49	-36	-6	-10	det1=true
[14246]	123	132	-34	5	-13	-2	det1=true
[14247]	49	129	-21	-7	-4	-7	det1=true
[14248]	49	129	-28	-7	-4	7	det1=true
[14249]	61	129	-4	-1	-9	-3	det1=true
[14250]	61	129	-7	-1	-9	3	det1=true
[14251]	79	129	-34	-29	-9	-3	det1=true
[14252]	79	129	-37	-29	-9	3	det1=true
[14253]	79	129	-27	1	-5	-9	det1=true
[14254]	93	129	-28	-19	-11	-1	det1=true
[14255]	96	129	-16	-9	-6	-10	det1=true
[14256]	96	129	-26	-9	-6	10	det1=true
[14257]	119	129	-32	-15	-6	-11	det1=true
[14258]	119	129	-43	-15	-6	11	det1=true
[14259]	123	129	-47	-33	-4	-11	det1=true
[14260]	123	129	-58	-33	-4	11	det1=true
[14261]	125	129	-24	-19	-7	-11	det1=true
[14262]	125	129	-35	-19	-7	11	det1=true
[14263]	127	129	-58	-2	-11	-5	det1=true
[14264]	127	129	-63	-2	-11	5	det1=true
[14265]	79	130	-18	2	-8	-7	det1=true
[14266]	79	130	-25	2	-8	7	det1=true
[14267]	85	130	-7	-6	-2	-11	det1=true
[14268]	85	130	-18	-6	-2	11	det1=true
[14269]	115	130	-32	-7	-12	4	det1=true
[14270]	115	130	-15	-14	-10	-8	det1=true
[14271]	115	130	-23	-14	-10	8	det1=true
[14272]	55	131	-25	-9	-8	-3	det1=true
[14273]	55	131	-28	-9	-8	3	det1=true
[14274]	67	131	-18	-20	-3	-9	det1=true
[14275]	77	131	-25	-2	-5	-9	det1=true
[14276]	77	131	-34	-2	-5	9	det1=true
[14277]	89	131	-14	1	-3	-11	det1=true
[14278]	89	131	-25	1	-3	11	det1=true
[14279]	107	131	-33	-33	-7	-9	det1=true
[14280]	107	131	-42	-33	-7	9	det1=true
[14281]	107	131	-30	-7	-5	-11	det1=true
[14282]	107	131	-41	-7	-5	11	det1=true
[14283]	107	131	-15	-3	-11	-6	det1=true
[14284]	131	131	-103	-8	-1	-8	det1=true
[14285]	131	131	-111	-8	-1	8	det1=true
[14286]	72	132	-15	-8	-2	-10	det1=true
[14287]	72	132	-25	-8	-2	10	det1=true
[14288]	85	132	-25	-14	-4	-10	det1=true
[14289]	85	132	-35	-14	-4	10	det1=true
[14290]	93	132	-34	-23	-9	-6	det1=true
[14291]	103	132	-38	-5	-11	-4	det1=true
[14292]	103	132	-42	-5	-11	4	det1=true
[14293]	113	132	-32	-22	-10	-7	det1=true
[14294]	113	132	-39	-22	-10	7	det1=true
[14295]	119	132	-38	-13	-10	8	det1=true
[14296]	122	132	-61	-54	-10	2	det1=true
[14297]	123	132	-59	-36	-6	10	det1=true
[14298]	128	132	-32	-12	-4	13	det1=true
[14299]	129	132	-56	-16	-7	-10	det1=true
[14300]	129	132	-66	-16	-7	10	det1=true
[14301]	44	129	-1	-2	-4	-7	det1=true
[14302]	44	129	-8	-2	-4	7	det1=true
[14303]	85	129	-19	5	-11	-1	det1=true
[14304]	87	129	-37	0	-3	-10	det1=true
[14305]	89	129	-19	-3	-3	11	det1=true
[14306]	95	129	-43	-35	-10	-1	det1=true
[14307]	101	129	-37	-31	-6	-9	det1=true
[14308]	101	129	-46	-31	-6	9	det1=true
[14309]	102	129	-20	3	-9	-8	det1=true
[14310]	102	129	-28	3	-9	8	det1=true
[14311]	111	129	-35	-1	-5	-11	det1=true
[14312]	111	129	-46	-1	-5	11	det1=true
[14313]	116	129	-30	-25	-7	-10	det1=true
[14314]	116	129	-40	-25	-7	10	det1=true
[14315]	119	129	-55	-21	-9	-7	det1=true
[14316]	119	129	-62	-21	-9	7	det1=true
[14317]	121	129	-25	-15	-12	5	det1=true
[14318]	43	130	-14	-2	-6	-5	det1=true
[14319]	81	130	-19	0	-10	-4	det1=true
[14320]	81	130	-23	0	-10	4	det1=true
[14321]	83	130	-36	-26	-9	-4	det1=true
[14322]	83	130	-40	-26	-9	4	det1=true
[14323]	106	130	-44	-35	-10	-4	det1=true
[14324]	106	130	-48	-35	-10	4	det1=true
[14325]	111	130	-50	-38	-8	-7	det1=true
[14326]	111	130	-57	-38	-8	7	det1=true
[14327]	116	130	-36	-5	-3	-12	det1=true
[14328]	116	130	-48	-5	-3	12	det1=true
[14329]	122	130	-43	-28	-8	-9	det1=true
[14330]	122	130	-52	-28	-8	9	det1=true
[14331]	67	131	-27	-20	-3	9	det1=true
[14332]	78	131	-22	-6	-7	8	det1=true
[14333]	90	131	-42	-16	-10	-3	det1=true
[14334]	90	131	-45	-16	-10	3	det1=true
[14335]	97	131	-32	-12	-11	-3	det1=true
[14336]	104	131	-38	-7	-10	-6	det1=true
[14337]	104	131	-44	-7	-10	6	det1=true
[14338]	105	131	-25	1	-10	-7	det1=true
[14339]	105	131	-32	1	-10	7	det1=true
[14340]	107	131	-34	-32	-9	-7	det1=true
[14341]	107	131	-41	-32	-9	7	det1=true
[14342]	120	131	-40	-9	-10	8	det1=true
[14343]	129	131	-31	-21	-2	-13	det1=true
[14344]	129	131	-44	-21	-2	13	det1=true
[14345]	28	132	-11	-6	-6	-2	det1=true
[14346]	28	132	-13	-6	-6	2	det1=true
[14347]	28	132	-9	-8	-2	-6	det1=true
[14348]	28	132	-15	-8	-2	6	det1=true
[14349]	76	132	-27	-10	-10	-2	det1=true
[14350]	119	132	-30	-13	-10	-8	det1=true
[14351]	128	132	-21	-8	-8	-11	det1=true
[14352]	128	132	-32	-8	-8	11	det1=true
[14353]	47	129	-18	-5	-8	-1	det1=true
[14354]	47	129	-19	-5	-8	1	det1=true
[14355]	84	129	-22	-9	-10	-4	det1=true
[14356]	84	129	-26	-9	-10	4	det1=true
[14357]	90	129	-37	0	-10	-4	det1=true
[14358]	90	129	-41	0	-10	4	det1=true
[14359]	92	129	-45	-22	-10	-2	det1=true
[14360]	92	129	-47	-22	-10	2	det1=true
[14361]	92	129	-41	-26	-2	-10	det1=true
[14362]	92	129	-51	-26	-2	10	det1=true
[14363]	113	129	-49	-4	-11	-4	det1=true
[14364]	113	129	-53	-4	-11	4	det1=true
[14365]	113	129	-41	-21	-4	-11	det1=true
[14366]	113	129	-52	-21	-4	11	det1=true
[14367]	121	129	-20	-15	-12	-5	det1=true
[14368]	126	129	-41	4	-10	-8	det1=true
[14369]	70	130	-24	-22	-8	-5	det1=true
[14370]	70	130	-29	-22	-8	5	det1=true
[14371]	72	130	-11	-8	-2	-10	det1=true
[14372]	76	130	-5	2	-8	-7	det1=true
[14373]	76	130	-12	2	-8	7	det1=true
[14374]	100	130	-22	-19	-10	-6	det1=true
[14375]	100	130	-28	-19	-10	6	det1=true
[14376]	108	130	-25	-2	-12	-3	det1=true
[14377]	116	130	-52	-11	-10	-6	det1=true
[14378]	116	130	-58	-11	-10	6	det1=true
[14379]	120	130	-36	-28	-7	-10	det1=true
[14380]	41	131	-17	-11	-3	7	det1=true
[14381]	45	131	-11	-5	-1	-8	det1=true
[14382]	45	131	-19	-5	-1	8	det1=true
[14383]	61	131	-28	-1	-6	7	det1=true
[14384]	65	131	-5	-1	-4	-9	det1=true
[14385]	87	131	-26	-5	-11	-1	det1=true
[14386]	87	131	-27	-5	-11	1	det1=true
[14387]	100	131	-21	-22	-6	-10	det1=true
[14388]	100	131	-31	-22	-6	10	det1=true
[14389]	113	131	-39	-10	-5	-11	det1=true
[14390]	113	131	-50	-10	-5	11	det1=true
[14391]	119	131	-40	-31	-12	-1	det1=true
[14392]	119	131	-41	-31	-12	1	det1=true
[14393]	120	131	-42	-23	-2	-12	det1=true
[14394]	116	132	-50	-44	-9	-6	det1=true
[14395]	123	132	-10	0	-13	-4	det1=true
[14396]	128	132	-19	-12	-4	-13	det1=true
[14397]	75	129	-28	-5	-10	-1	det1=true
[14398]	75	129	-29	-5	-10	1	det1=true
[14399]	113	129	-47	-33	-9	7	det1=true
[14400]	59	130	-16	2	-9	-2	det1=true
[14401]	59	130	-18	2	-9	2	det1=true
[14402]	94	130	-36	3	-11	-2	det1=true
[14403]	94	130	-38	3	-11	2	det1=true
[14404]	116	130	-41	6	-12	-3	det1=true
[14405]	116	130	-44	6	-12	3	det1=true
[14406]	121	130	-55	-34	-2	-11	det1=true
[14407]	121	130	-66	-34	-2	11	det1=true
[14408]	65	131	-14	-1	-4	9	det1=true
[14409]	66	131	-30	-10	-7	-6	det1=true
[14410]	66	131	-36	-10	-7	6	det1=true
[14411]	120	131	-54	-23	-2	12	det1=true
[14412]	123	131	-25	-18	-11	-7	det1=true
[14413]	123	131	-32	-18	-11	7	det1=true
[14414]	127	131	-32	-2	-13	-3	det1=true
[14415]	113	132	-52	-39	-10	-4	det1=true
[14416]	113	132	-56	-39	-10	4	det1=true
[14417]	128	132	-44	-32	-3	-12	det1=true
[14418]	128	132	-56	-32	-3	12	det1=true
[14419]	132	132	-34	-28	-13	-2	det1=true
[14420]	96	129	-46	1	-10	-4	det1=true
[14421]	96	129	-50	1	-10	4	det1=true
[14422]	41	131	-10	-11	-3	-7	det1=true
[14423]	51	131	-12	-2	-5	-7	det1=true
[14424]	51	131	-19	-2	-5	7	det1=true
[14425]	111	131	-29	-5	-3	-12	det1=true
[14426]	111	131	-41	-5	-3	12	det1=true
[14427]	127	131	-35	-2	-13	3	det1=true
[14428]	104	132	-18	-13	-7	-10	det1=true
[14429]	104	132	-28	-13	-7	10	det1=true
[14430]	124	132	-28	-12	-2	-13	det1=true
[14431]	124	132	-41	-12	-2	13	det1=true
[14432]	113	129	-40	-33	-9	-7	det1=true
[14433]	82	130	-30	-21	-10	-2	det1=true
[14434]	82	130	-32	-21	-10	2	det1=true
[14435]	118	130	-42	-13	-2	-12	det1=true
[14436]	118	130	-54	-13	-2	12	det1=true
[14437]	50	131	-8	-7	-3	-8	det1=true
[14438]	50	131	-16	-7	-3	8	det1=true
[14439]	63	131	-17	-7	-5	-8	det1=true
[14440]	59	132	-2	-3	-5	-8	det1=true
[14441]	59	132	-10	-3	-5	8	det1=true
[14442]	82	132	-34	-19	-10	-2	det1=true
[14443]	82	132	-36	-19	-10	2	det1=true
[14444]	111	132	-14	-5	-10	-8	det1=true
[14445]	111	132	-22	-5	-10	8	det1=true
[14446]	95	131	-35	-19	-11	-1	det1=true
[14447]	95	131	-36	-19	-11	1	det1=true
[14448]	124	132	-58	-47	-10	-4	det1=true
[14449]	124	132	-62	-47	-10	4	det1=true
[14450]	124	132	-55	-50	-4	-10	det1=true
[14451]	124	132	-65	-50	-4	10	det1=true
[14452]	58	130	-8	-2	-2	-9	det1=true
[14453]	95	131	-43	-29	-5	-9	det1=true
[14454]	71	132	-17	0	-10	-2	det1=true
[14455]	71	132	-19	0	-10	2	det1=true
[14456]	49	129	-24	-5	-8	-1	det1=true
[14457]	49	129	-25	-5	-8	1	det1=true
[14458]	95	129	-39	-5	-11	-1	det1=true
[14459]	95	129	-40	-5	-11	1	det1=true
[14460]	58	130	-17	-2	-2	9	det1=true
[14461]	125	130	-44	-15	-11	-6	det1=true
[14462]	125	130	-50	-15	-11	6	det1=true
[14463]	111	131	-52	-9	-9	-7	det1=true
[14464]	111	131	-59	-9	-9	7	det1=true
[14465]	51	129	-25	-13	-8	-1	det1=true
[14466]	51	129	-26	-13	-8	1	det1=true
[14467]	117	131	-45	-8	-5	-11	det1=true
[14468]	117	131	-56	-8	-5	11	det1=true
[14469]	103	132	-16	2	-12	-3	det1=true
[14470]	103	132	-19	2	-12	3	det1=true
[14471]	105	129	-42	-10	-10	6	det1=true
[14472]	105	129	-36	-10	-10	-6	det1=true
[14473]	107	129	-8	3	-6	-11	det1=true
[14474]	96	130	-43	-34	-10	-2	det1=true
[14475]	96	130	-45	-34	-10	2	det1=true
[14476]	111	131	-51	-10	-7	-9	det1=true
[14477]	111	131	-60	-10	-7	9	det1=true
[14478]	59	134	-24	-6	-7	6	det1=true
[14479]	100	135	-26	0	-9	-8	det1=true
[14480]	100	135	-34	0	-9	8	det1=true
[14481]	116	135	-52	-12	-12	-1	det1=true
[14482]	116	135	-53	-12	-12	1	det1=true
[14483]	120	135	-56	0	-9	-8	det1=true
[14484]	120	135	-64	0	-9	8	det1=true
[14485]	19	136	-4	-4	-2	-5	det1=true
[14486]	19	136	-9	-4	-2	5	det1=true
[14487]	119	136	-55	-4	-8	-9	det1=true
[14488]	119	136	-64	-4	-8	9	det1=true
[14489]	45	133	-15	-4	-7	-4	det1=true
[14490]	86	133	-30	-26	-3	-10	det1=true
[14491]	97	133	-41	-32	-1	11	det1=true
[14492]	124	133	-18	0	-13	-4	det1=true
[14493]	127	133	-39	-8	-1	-13	det1=true
[14494]	127	133	-35	-20	-1	-13	det1=true
[14495]	131	133	-57	-29	-9	-8	det1=true
[14496]	131	133	-65	-29	-9	8	det1=true
[14497]	64	134	-8	0	-4	-9	det1=true
[14498]	64	134	-17	0	-4	9	det1=true
[14499]	95	134	-30	-24	-2	-11	det1=true
[14500]	95	134	-41	-24	-2	11	det1=true
[14501]	100	134	-28	-2	-12	1	det1=true
[14502]	109	134	-17	-12	-4	-12	det1=true
[14503]	109	134	-29	-12	-4	12	det1=true
[14504]	110	134	-47	-16	-10	-6	det1=true
[14505]	110	134	-53	-16	-10	6	det1=true
[14506]	117	134	-31	-10	-10	-8	det1=true
[14507]	117	134	-39	-10	-10	8	det1=true
[14508]	86	135	-34	-3	-4	-10	det1=true
[14509]	86	135	-44	-3	-4	10	det1=true
[14510]	92	135	-40	-16	-9	-6	det1=true
[14511]	92	135	-46	-16	-9	6	det1=true
[14512]	97	135	-31	3	-6	-10	det1=true
[14513]	97	135	-41	3	-6	10	det1=true
[14514]	112	135	-36	-26	-8	-9	det1=true
[14515]	112	135	-45	-26	-8	9	det1=true
[14516]	133	135	-44	-24	-7	-11	det1=true
[14517]	133	135	-55	-24	-7	11	det1=true
[14518]	45	136	-19	-6	-8	-1	det1=true
[14519]	45	136	-20	-6	-8	1	det1=true
[14520]	101	136	-4	-2	-6	-11	det1=true
[14521]	101	136	-15	-2	-6	11	det1=true
[14522]	106	136	-38	-4	-9	-8	det1=true
[14523]	106	136	-46	-4	-9	8	det1=true
[14524]	131	136	-40	5	-13	-4	det1=true
[14525]	131	136	-44	5	-13	4	det1=true
[14526]	45	133	-19	-4	-7	4	det1=true
[14527]	59	133	-17	-5	-7	-6	det1=true
[14528]	77	133	-22	-16	-5	-9	det1=true
[14529]	77	133	-31	-16	-5	9	det1=true
[14530]	78	133	-26	-25	-1	-10	det1=true
[14531]	88	133	-46	-35	-1	10	det1=true
[14532]	89	133	-28	1	-7	9	det1=true
[14533]	91	133	-32	-16	-11	-1	det1=true
[14534]	91	133	-33	-16	-11	1	det1=true
[14535]	96	133	-22	-12	-11	-4	det1=true
[14536]	119	133	-55	-47	-8	-7	det1=true
[14537]	119	133	-62	-47	-8	7	det1=true
[14538]	127	133	-32	-19	-2	-13	det1=true
[14539]	127	133	-45	-19	-2	13	det1=true
[14540]	133	133	-51	-39	-2	-12	det1=true
[14541]	133	133	-63	-39	-2	12	det1=true
[14542]	67	134	-13	-14	-4	-9	det1=true
[14543]	68	134	-17	-2	-8	-6	det1=true
[14544]	68	134	-23	-2	-8	6	det1=true
[14545]	71	134	-6	4	-10	-3	det1=true
[14546]	71	134	-9	4	-10	3	det1=true
[14547]	72	134	-22	-12	-1	-10	det1=true
[14548]	72	134	-32	-12	-1	10	det1=true
[14549]	79	134	-23	-18	-10	-3	det1=true
[14550]	86	134	-26	-21	-10	-4	det1=true
[14551]	100	134	-27	-2	-12	-1	det1=true
[14552]	100	134	-16	-16	-8	-9	det1=true
[14553]	100	134	-25	-16	-8	9	det1=true
[14554]	106	134	-16	-8	-6	-11	det1=true
[14555]	106	134	-27	-8	-6	11	det1=true
[14556]	113	134	-50	-18	-11	-4	det1=true
[14557]	113	134	-54	-18	-11	4	det1=true
[14558]	128	134	-52	-12	-6	-11	det1=true
[14559]	128	134	-63	-12	-6	11	det1=true
[14560]	96	135	-38	-31	-10	-4	det1=true
[14561]	98	135	-44	-30	-7	-8	det1=true
[14562]	112	135	-46	-25	-11	-4	det1=true
[14563]	112	135	-50	-25	-11	4	det1=true
[14564]	114	135	-52	-46	-7	-8	det1=true
[14565]	114	135	-60	-46	-7	8	det1=true
[14566]	124	135	-49	-42	-6	-10	det1=true
[14567]	124	135	-59	-42	-6	10	det1=true
[14568]	129	135	-25	-24	-9	-10	det1=true
[14569]	129	135	-35	-24	-9	10	det1=true
[14570]	132	135	-54	-40	-1	-12	det1=true
[14571]	133	135	-46	-22	-11	-7	det1=true
[14572]	133	135	-53	-22	-11	7	det1=true
[14573]	79	136	-30	-27	-1	-10	det1=true
[14574]	79	136	-40	-27	-1	10	det1=true
[14575]	81	136	-30	-4	-7	-8	det1=true
[14576]	86	133	-40	-26	-3	10	det1=true
[14577]	106	133	-26	-17	-12	-2	det1=true
[14578]	106	133	-28	-17	-12	2	det1=true
[14579]	107	133	-50	-5	-9	-7	det1=true
[14580]	107	133	-57	-5	-9	7	det1=true
[14581]	109	133	-18	-6	-8	10	det1=true
[14582]	115	133	-49	-31	-9	-7	det1=true
[14583]	115	133	-56	-31	-9	7	det1=true
[14584]	117	133	-22	-4	-7	-11	det1=true
[14585]	117	133	-33	-4	-7	11	det1=true
[14586]	79	134	-26	-18	-10	3	det1=true
[14587]	89	134	-28	-10	-11	-2	det1=true
[14588]	89	134	-30	-10	-11	2	det1=true
[14589]	102	134	-22	0	-7	-10	det1=true
[14590]	102	134	-32	0	-7	10	det1=true
[14591]	112	134	-48	-17	-6	-10	det1=true
[14592]	112	134	-58	-17	-6	10	det1=true
[14593]	76	135	-29	-8	-2	-10	det1=true
[14594]	97	135	-18	1	-8	-9	det1=true
[14595]	97	135	-27	1	-8	9	det1=true
[14596]	115	135	-24	1	-11	-7	det1=true
[14597]	115	135	-31	1	-11	7	det1=true
[14598]	132	135	-66	-40	-1	12	det1=true
[14599]	111	136	-12	-8	-5	-12	det1=true
[14600]	111	136	-24	-8	-5	12	det1=true
[14601]	114	136	-45	-10	-10	-7	det1=true
[14602]	114	136	-52	-10	-10	7	det1=true
[14603]	121	136	-11	-8	-4	-13	det1=true
[14604]	121	136	-24	-8	-4	13	det1=true
[14605]	136	136	-43	-36	-12	-5	det1=true
[14606]	136	136	-48	-36	-12	5	det1=true
[14607]	70	133	-26	-6	-9	-4	det1=true
[14608]	70	133	-30	-6	-9	4	det1=true
[14609]	78	133	-36	-25	-1	10	det1=true
[14610]	87	133	-12	-5	-11	-3	det1=true
[14611]	87	133	-15	-5	-11	3	det1=true
[14612]	89	133	-19	1	-7	-9	det1=true
[14613]	94	133	-15	-12	-4	-11	det1=true
[14614]	103	133	-46	-21	-1	-11	det1=true
[14615]	103	133	-57	-21	-1	11	det1=true
[14616]	107	133	-48	-8	-3	-11	det1=true
[14617]	107	133	-59	-8	-3	11	det1=true
[14618]	118	133	-24	-21	-8	-10	det1=true
[14619]	121	133	-28	-24	-10	-8	det1=true
[14620]	126	133	-22	-5	-13	-4	det1=true
[14621]	126	133	-26	-5	-13	4	det1=true
[14622]	127	133	-53	-39	-11	-4	det1=true
[14623]	127	133	-57	-39	-11	4	det1=true
[14624]	47	134	-21	-10	-8	-1	det1=true
[14625]	86	134	-36	1	-10	-4	det1=true
[14626]	86	134	-40	1	-10	4	det1=true
[14627]	107	134	-32	-17	-9	-8	det1=true
[14628]	107	134	-40	-17	-9	8	det1=true
[14629]	108	134	-27	-26	-8	-9	det1=true
[14630]	116	134	-42	-19	-2	-12	det1=true
[14631]	116	134	-54	-19	-2	12	det1=true
[14632]	120	134	-49	-10	-12	-3	det1=true
[14633]	120	134	-52	-10	-12	3	det1=true
[14634]	120	134	-30	-4	-13	-2	det1=true
[14635]	120	134	-32	-4	-13	2	det1=true
[14636]	128	134	-41	-34	-6	-11	det1=true
[14637]	128	134	-52	-34	-6	11	det1=true
[14638]	129	134	-48	-35	-11	6	det1=true
[14639]	77	135	-32	-19	-10	-1	det1=true
[14640]	89	135	-29	-15	-1	-11	det1=true
[14641]	89	135	-40	-15	-1	11	det1=true
[14642]	96	135	-42	-31	-10	4	det1=true
[14643]	107	135	-35	-1	-10	-7	det1=true
[14644]	107	135	-42	-1	-10	7	det1=true
[14645]	108	135	-49	-38	-4	-10	det1=true
[14646]	108	135	-59	-38	-4	10	det1=true
[14647]	117	135	-47	-7	-12	-3	det1=true
[14648]	117	135	-50	-7	-12	3	det1=true
[14649]	117	135	-23	-8	-13	-2	det1=true
[14650]	117	135	-25	-8	-13	2	det1=true
[14651]	125	135	-4	5	-13	-5	det1=true
[14652]	125	135	-9	5	-13	5	det1=true
[14653]	131	135	-22	-4	-5	-13	det1=true
[14654]	131	135	-35	-4	-5	13	det1=true
[14655]	133	135	-40	-27	-2	-13	det1=true
[14656]	133	135	-53	-27	-2	13	det1=true
[14657]	34	136	-4	3	-7	-2	det1=true
[14658]	73	136	-12	-12	-3	-10	det1=true
[14659]	73	136	-22	-12	-3	10	det1=true
[14660]	89	136	-20	1	-10	6	det1=true
[14661]	91	136	-40	-39	-6	-8	det1=true
[14662]	91	136	-48	-39	-6	8	det1=true
[14663]	106	136	-26	-28	-1	-12	det1=true
[14664]	106	136	-38	-28	-1	12	det1=true
[14665]	112	136	-20	-2	-12	-5	det1=true
[14666]	112	136	-25	-2	-12	5	det1=true
[14667]	121	136	-8	-12	-4	-13	det1=true
[14668]	121	136	-21	-12	-4	13	det1=true
[14669]	124	136	-28	-4	-9	-10	det1=true
[14670]	124	136	-38	-4	-9	10	det1=true
[14671]	129	136	-36	-26	-2	-13	det1=true
[14672]	129	136	-49	-26	-2	13	det1=true
[14673]	131	136	-57	-14	-6	-11	det1=true
[14674]	131	136	-68	-14	-6	11	det1=true
[14675]	131	136	-2	4	-13	-6	det1=true
[14676]	131	136	-8	4	-13	6	det1=true
[14677]	45	133	-8	2	-8	-2	det1=true
[14678]	45	133	-10	2	-8	2	det1=true
[14679]	61	133	-23	-3	-6	-7	det1=true
[14680]	61	133	-30	-3	-6	7	det1=true
[14681]	71	133	-13	2	-9	-5	det1=true
[14682]	71	133	-18	2	-9	5	det1=true
[14683]	89	133	-43	-15	-10	-3	det1=true
[14684]	89	133	-46	-15	-10	3	det1=true
[14685]	98	133	-47	-30	-10	-3	det1=true
[14686]	101	133	-13	-10	-7	-10	det1=true
[14687]	101	133	-23	-10	-7	10	det1=true
[14688]	109	133	-8	-6	-8	-10	det1=true
[14689]	116	133	-47	-10	-8	-9	det1=true
[14690]	116	133	-56	-10	-8	9	det1=true
[14691]	117	133	-21	-7	-7	-11	det1=true
[14692]	117	133	-32	-7	-7	11	det1=true
[14693]	47	134	-22	-10	-8	1	det1=true
[14694]	86	134	-30	-21	-10	4	det1=true
[14695]	103	134	-30	5	-12	-2	det1=true
[14696]	103	134	-32	5	-12	2	det1=true
[14697]	122	134	-18	0	-13	4	det1=true
[14698]	48	135	-8	0	-3	-8	det1=true
[14699]	76	135	-30	-16	-1	-10	det1=true
[14700]	76	135	-40	-16	-1	10	det1=true
[14701]	77	135	-33	-19	-10	1	det1=true
[14702]	102	135	-30	4	-8	-9	det1=true
[14703]	102	135	-39	4	-8	9	det1=true
[14704]	109	135	-51	1	-11	-4	det1=true
[14705]	109	135	-55	1	-11	4	det1=true
[14706]	113	135	-37	-10	-3	-12	det1=true
[14707]	113	135	-49	-10	-3	12	det1=true
[14708]	118	135	-45	-26	-8	-9	det1=true
[14709]	118	135	-54	-26	-8	9	det1=true
[14710]	127	135	-40	-21	-13	-1	det1=true
[14711]	34	136	-6	3	-7	2	det1=true
[14712]	124	136	-36	-6	-2	-13	det1=true
[14713]	124	136	-49	-6	-2	13	det1=true
[14714]	127	136	-12	2	-14	-1	det1=true
[14715]	127	136	-13	2	-14	1	det1=true
[14716]	134	136	-44	-8	-10	-9	det1=true
[14717]	134	136	-53	-8	-10	9	det1=true
[14718]	55	133	-26	-11	-8	-3	det1=true
[14719]	55	133	-29	-11	-8	3	det1=true
[14720]	88	133	-36	-35	-1	-10	det1=true
[14721]	111	133	0	4	-11	-7	det1=true
[14722]	111	133	-7	4	-11	7	det1=true
[14723]	117	133	-21	-7	-1	-13	det1=true
[14724]	117	133	-34	-7	-1	13	det1=true
[14725]	117	133	-22	-11	-13	-1	det1=true
[14726]	117	133	-23	-11	-13	1	det1=true
[14727]	124	133	-22	0	-13	4	det1=true
[14728]	93	134	-14	-12	-4	-11	det1=true
[14729]	98	134	-39	-30	-6	-9	det1=true
[14730]	98	134	-48	-30	-6	9	det1=true
[14731]	120	134	-26	-12	-13	-2	det1=true
[14732]	120	134	-28	-12	-13	2	det1=true
[14733]	122	134	-14	0	-13	-4	det1=true
[14734]	128	134	-21	-16	-8	-11	det1=true
[14735]	128	134	-32	-16	-8	11	det1=true
[14736]	48	135	-16	0	-3	8	det1=true
[14737]	49	135	-11	0	-7	-5	det1=true
[14738]	49	135	-16	0	-7	5	det1=true
[14739]	51	135	-17	-9	-3	-8	det1=true
[14740]	93	135	-14	-15	-4	-11	det1=true
[14741]	112	135	-42	-31	-10	-6	det1=true
[14742]	114	135	-35	-22	-12	-3	det1=true
[14743]	114	135	-38	-22	-12	3	det1=true
[14744]	114	135	-13	0	-2	-13	det1=true
[14745]	127	135	-41	-21	-13	1	det1=true
[14746]	81	136	-38	-4	-7	8	det1=true
[14747]	86	136	-32	-28	-3	-10	det1=true
[14748]	86	136	-42	-28	-3	10	det1=true
[14749]	89	136	-14	1	-10	-6	det1=true
[14750]	116	136	-53	-24	-10	-6	det1=true
[14751]	116	136	-59	-24	-10	6	det1=true
[14752]	126	136	-27	-16	-10	-9	det1=true
[14753]	126	136	-36	-16	-10	9	det1=true
[14754]	87	133	-25	-7	-1	-11	det1=true
[14755]	87	133	-36	-7	-1	11	det1=true
[14756]	99	133	-43	-36	-3	-10	det1=true
[14757]	99	133	-53	-36	-3	10	det1=true
[14758]	106	134	-26	-24	-1	-12	det1=true
[14759]	106	134	-38	-24	-1	12	det1=true
[14760]	113	134	-28	-13	-12	-4	det1=true
[14761]	113	134	-32	-13	-12	4	det1=true
[14762]	129	134	-42	-35	-11	-6	det1=true
[14763]	83	135	-29	-1	-9	-6	det1=true
[14764]	83	135	-35	-1	-9	6	det1=true
[14765]	114	135	-26	0	-2	13	det1=true
[14766]	124	135	-39	-20	-8	-10	det1=true
[14767]	124	135	-49	-20	-8	10	det1=true
[14768]	73	136	-22	-21	-6	-8	det1=true
[14769]	73	136	-30	-21	-6	8	det1=true
[14770]	118	136	-48	-12	-12	-3	det1=true
[14771]	118	136	-51	-12	-12	3	det1=true
[14772]	64	133	-32	0	-5	8	det1=true
[14773]	100	133	-40	-36	-7	-8	det1=true
[14774]	100	133	-48	-36	-7	8	det1=true
[14775]	116	134	-36	-21	-3	-12	det1=true
[14776]	116	134	-48	-21	-3	12	det1=true
[14777]	134	134	-18	-15	-1	-14	det1=true
[14778]	134	134	-32	-15	-1	14	det1=true
[14779]	102	135	-24	2	-7	-10	det1=true
[14780]	100	136	-45	-34	-8	-7	det1=true
[14781]	100	136	-52	-34	-8	7	det1=true
[14782]	103	136	-30	-11	-1	-12	det1=true
[14783]	103	136	-42	-11	-1	12	det1=true
[14784]	125	136	-50	-31	-2	-12	det1=true
[14785]	132	136	-47	-8	-2	-13	det1=true
[14786]	132	136	-60	-8	-2	13	det1=true
[14787]	46	133	-18	-2	-4	-7	det1=true
[14788]	46	133	-25	-2	-4	7	det1=true
[14789]	127	133	-38	-15	-11	-7	det1=true
[14790]	127	133	-45	-15	-11	7	det1=true
[14791]	88	134	-34	-12	-9	-6	det1=true
[14792]	88	134	-40	-12	-9	6	det1=true
[14793]	131	134	-29	-22	-10	-9	det1=true
[14794]	104	136	-28	-10	-10	-7	det1=true
[14795]	104	136	-35	-10	-10	7	det1=true
[14796]	64	133	-24	0	-5	-8	det1=true
[14797]	72	134	-24	5	-10	-2	det1=true
[14798]	72	134	-26	5	-10	2	det1=true
[14799]	88	134	-30	-19	-9	-6	det1=true
[14800]	88	134	-36	-19	-9	6	det1=true
[14801]	100	136	-25	-26	-4	-11	det1=true
[14802]	100	136	-36	-26	-4	11	det1=true
[14803]	79	134	-19	-4	-10	-4	det1=true
[14804]	79	134	-23	-4	-10	4	det1=true
[14805]	67	135	-13	-5	-10	-1	det1=true
[14806]	67	135	-14	-5	-10	1	det1=true
[14807]	96	135	-19	6	-12	-1	det1=true
[14808]	96	135	-20	6	-12	1	det1=true
[14809]	112	133	-50	-12	-11	-4	det1=true
[14810]	105	135	-28	-11	-10	-7	det1=true
[14811]	105	135	-35	-11	-10	7	det1=true
[14812]	115	136	-44	-23	-9	-8	det1=true
[14813]	115	136	-52	-23	-9	8	det1=true
[14814]	133	135	-53	1	-13	-2	det1=true
[14815]	133	135	-55	1	-13	2	det1=true
[14816]	119	136	-31	-14	-12	-5	det1=true
[14817]	119	136	-36	-14	-12	5	det1=true
[14818]	127	136	-28	-6	-8	-11	det1=true
[14819]	127	136	-39	-6	-8	11	det1=true
[14820]	90	139	-40	-41	-1	-10	det1=true
[14821]	90	139	-50	-41	-1	10	det1=true
[14822]	56	137	-14	-4	-9	-2	det1=true
[14823]	56	137	-16	-4	-9	2	det1=true
[14824]	83	137	-3	-3	-3	-11	det1=true
[14825]	83	137	-14	-3	-3	11	det1=true
[14826]	110	137	-25	4	-10	-8	det1=true
[14827]	134	137	-58	0	-12	-5	det1=true
[14828]	134	137	-63	0	-12	5	det1=true
[14829]	116	138	-31	-18	-8	-10	det1=true
[14830]	109	139	-48	-37	-2	-11	det1=true
[14831]	109	139	-59	-37	-2	11	det1=true
[14832]	123	139	-59	-46	-11	-2	det1=true
[14833]	123	139	-61	-46	-11	2	det1=true
[14834]	139	139	-64	-62	-1	-11	det1=true
[14835]	139	139	-75	-62	-1	11	det1=true
[14836]	101	140	-43	-10	-10	-6	det1=true
[14837]	101	140	-49	-10	-10	6	det1=true
[14838]	116	140	-49	-24	-12	-2	det1=true
[14839]	116	140	-51	-24	-12	2	det1=true
[14840]	126	140	-19	-6	-14	-1	det1=true
[14841]	126	140	-20	-6	-14	1	det1=true
[14842]	98	137	-18	-9	-12	-2	det1=true
[14843]	98	137	-20	-9	-12	2	det1=true
[14844]	107	137	-45	3	-12	-1	det1=true
[14845]	107	137	-46	3	-12	1	det1=true
[14846]	113	137	-34	2	-4	-12	det1=true
[14847]	113	137	-46	2	-4	12	det1=true
[14848]	119	137	-5	-9	-4	-13	det1=true
[14849]	119	137	-18	-9	-4	13	det1=true
[14850]	135	137	-41	-35	-13	-2	det1=true
[14851]	135	137	-43	-35	-13	2	det1=true
[14852]	68	138	-30	-20	-5	-8	det1=true
[14853]	68	138	-38	-20	-5	8	det1=true
[14854]	87	138	-38	-4	-6	-9	det1=true
[14855]	126	138	-30	-8	-11	-8	det1=true
[14856]	126	138	-38	-8	-11	8	det1=true
[14857]	134	138	-56	-30	-6	-11	det1=true
[14858]	134	138	-67	-30	-6	11	det1=true
[14859]	103	139	-37	-23	-4	-11	det1=true
[14860]	103	139	-48	-23	-4	11	det1=true
[14861]	105	139	-28	-21	-10	-7	det1=true
[14862]	105	139	-35	-21	-10	7	det1=true
[14863]	122	139	-43	-24	-4	-12	det1=true
[14864]	122	139	-55	-24	-4	12	det1=true
[14865]	124	139	-56	-28	-1	-12	det1=true
[14866]	124	139	-68	-28	-1	12	det1=true
[14867]	124	139	-32	-18	-8	11	det1=true
[14868]	104	140	-46	-44	-7	-8	det1=true
[14869]	104	140	-54	-44	-7	8	det1=true
[14870]	111	140	-16	-4	-2	-13	det1=true
[14871]	111	140	-29	-4	-2	13	det1=true
[14872]	123	140	-27	-32	-2	-13	det1=true
[14873]	123	140	-40	-32	-2	13	det1=true
[14874]	132	140	-32	-28	-8	-11	det1=true
[14875]	132	140	-43	-28	-8	11	det1=true
[14876]	135	140	-60	-19	-10	-8	det1=true
[14877]	135	140	-68	-19	-10	8	det1=true
[14878]	49	137	-13	-8	-3	-8	det1=true
[14879]	72	137	-10	-12	-3	-10	det1=true
[14880]	72	137	-20	-12	-3	10	det1=true
[14881]	74	137	-5	0	-10	-4	det1=true
[14882]	74	137	-9	0	-10	4	det1=true
[14883]	93	137	-44	-32	-4	10	det1=true
[14884]	97	137	-25	-13	-8	9	det1=true
[14885]	119	137	-45	-33	-1	-12	det1=true
[14886]	119	137	-32	-8	-1	-13	det1=true
[14887]	131	137	-39	-33	-5	-12	det1=true
[14888]	131	137	-51	-33	-5	12	det1=true
[14889]	137	137	-12	-2	-4	-14	det1=true
[14890]	137	137	-26	-2	-4	14	det1=true
[14891]	79	138	-38	-30	-9	4	det1=true
[14892]	80	138	-34	-27	-1	-10	det1=true
[14893]	80	138	-44	-27	-1	10	det1=true
[14894]	122	138	-42	-29	-11	-6	det1=true
[14895]	122	138	-48	-29	-11	6	det1=true
[14896]	132	138	-57	-8	-8	-10	det1=true
[14897]	132	138	-67	-8	-8	10	det1=true
[14898]	85	139	-21	0	-11	-3	det1=true
[14899]	86	139	-26	-14	-11	-2	det1=true
[14900]	86	139	-28	-14	-11	2	det1=true
[14901]	111	139	-29	-29	-3	-12	det1=true
[14902]	115	139	-47	-23	-12	-2	det1=true
[14903]	115	139	-49	-23	-12	2	det1=true
[14904]	116	139	-44	-41	-10	-6	det1=true
[14905]	116	139	-50	-41	-10	6	det1=true
[14906]	117	139	-42	-35	-8	-9	det1=true
[14907]	117	139	-51	-35	-8	9	det1=true
[14908]	119	139	-31	0	-13	-3	det1=true
[14909]	119	139	-34	0	-13	3	det1=true
[14910]	139	139	-39	-20	-7	-12	det1=true
[14911]	91	140	-24	-7	-6	-10	det1=true
[14912]	91	140	-12	4	-12	-1	det1=true
[14913]	91	140	-13	4	-12	1	det1=true
[14914]	98	140	-41	-22	-6	10	det1=true
[14915]	121	140	-50	-43	-6	-10	det1=true
[14916]	121	140	-60	-43	-6	10	det1=true
[14917]	122	140	-30	4	-13	-4	det1=true
[14918]	122	140	-34	4	-13	4	det1=true
[14919]	138	140	-36	-19	-1	-14	det1=true
[14920]	138	140	-50	-19	-1	14	det1=true
[14921]	72	137	-24	1	-2	-10	det1=true
[14922]	72	137	-34	1	-2	10	det1=true
[14923]	75	137	-18	1	-8	-7	det1=true
[14924]	75	137	-25	1	-8	7	det1=true
[14925]	84	137	-32	-2	-6	-9	det1=true
[14926]	84	137	-41	-2	-6	9	det1=true
[14927]	113	137	-38	6	-12	-4	det1=true
[14928]	113	137	-42	6	-12	4	det1=true
[14929]	114	137	-38	-22	-12	-3	det1=true
[14930]	120	137	-31	-4	-2	-13	det1=true
[14931]	120	137	-44	-4	-2	13	det1=true
[14932]	124	137	-52	-13	-11	-6	det1=true
[14933]	124	137	-58	-13	-11	6	det1=true
[14934]	125	137	-45	-11	-13	-1	det1=true
[14935]	125	137	-46	-11	-13	1	det1=true
[14936]	130	137	-44	-39	-11	-6	det1=true
[14937]	130	137	-50	-39	-11	6	det1=true
[14938]	134	137	-28	-6	-1	-14	det1=true
[14939]	134	137	-42	-6	-1	14	det1=true
[14940]	79	138	-34	-30	-9	-4	det1=true
[14941]	116	138	-37	0	-8	-10	det1=true
[14942]	116	138	-47	0	-8	10	det1=true
[14943]	128	138	-14	-11	-1	-14	det1=true
[14944]	128	138	-28	-11	-1	14	det1=true
[14945]	88	139	-14	-7	-10	-6	det1=true
[14946]	88	139	-20	-7	-10	6	det1=true
[14947]	95	139	-24	1	-12	-1	det1=true
[14948]	95	139	-25	1	-12	1	det1=true
[14949]	108	139	-45	-22	-4	-11	det1=true
[14950]	108	139	-56	-22	-4	11	det1=true
[14951]	115	139	-45	-44	-7	-9	det1=true
[14952]	115	139	-54	-44	-7	9	det1=true
[14953]	124	139	-21	-18	-8	-11	det1=true
[14954]	127	139	-51	-15	-10	-8	det1=true
[14955]	134	139	-44	-22	-13	4	det1=true
[14956]	136	139	-31	-16	-14	-2	det1=true
[14957]	136	139	-33	-16	-14	2	det1=true
[14958]	138	139	-61	-22	-10	-8	det1=true
[14959]	139	139	-9	3	-14	-5	det1=true
[14960]	139	139	-14	3	-14	5	det1=true
[14961]	76	140	-19	2	-4	-10	det1=true
[14962]	76	140	-29	2	-4	10	det1=true
[14963]	123	140	-46	5	-13	-2	det1=true
[14964]	127	140	-20	-16	-12	-7	det1=true
[14965]	127	140	-27	-16	-12	7	det1=true
[14966]	140	140	-60	-12	-2	-13	det1=true
[14967]	140	140	-73	-12	-2	13	det1=true
[14968]	58	137	-16	-11	-7	-6	det1=true
[14969]	58	137	-22	-11	-7	6	det1=true
[14970]	68	137	-28	4	-9	-4	det1=true
[14971]	74	137	-16	-14	-3	-10	det1=true
[14972]	87	137	-32	-13	-11	1	det1=true
[14973]	106	137	-19	-2	-4	-12	det1=true
[14974]	106	137	-31	-2	-4	12	det1=true
[14975]	107	137	-28	-27	-5	-11	det1=true
[14976]	107	137	-39	-27	-5	11	det1=true
[14977]	113	137	-19	-2	-13	-2	det1=true
[14978]	113	137	-21	-2	-13	2	det1=true
[14979]	117	137	-31	-19	-10	-8	det1=true
[14980]	117	137	-39	-19	-10	8	det1=true
[14981]	119	137	-45	-8	-1	13	det1=true
[14982]	119	137	-6	-7	-8	-11	det1=true
[14983]	123	137	-23	-3	-11	-8	det1=true
[14984]	123	137	-31	-3	-11	8	det1=true
[14985]	126	137	-51	2	-10	-8	det1=true
[14986]	126	137	-59	2	-10	8	det1=true
[14987]	129	137	-15	-17	-5	-13	det1=true
[14988]	129	137	-28	-17	-5	13	det1=true
[14989]	115	138	-34	-7	-8	-10	det1=true
[14990]	115	138	-44	-7	-8	10	det1=true
[14991]	85	139	-24	0	-11	3	det1=true
[14992]	86	139	-46	-6	-6	9	det1=true
[14993]	105	139	-39	-25	-4	-11	det1=true
[14994]	105	139	-50	-25	-4	11	det1=true
[14995]	134	139	-40	-22	-13	-4	det1=true
[14996]	101	140	-40	-34	-2	-11	det1=true
[14997]	113	140	-36	-36	-8	-9	det1=true
[14998]	81	137	-16	-10	-11	-1	det1=true
[14999]	97	137	-16	-13	-8	-9	det1=true
[15000]	106	137	-23	2	-12	-4	det1=true
[15001]	106	137	-27	2	-12	4	det1=true
[15002]	119	137	-57	-33	-1	12	det1=true
[15003]	120	137	-60	-29	-11	4	det1=true
[15004]	123	137	-34	-21	-1	-13	det1=true
[15005]	123	137	-47	-21	-1	13	det1=true
[15006]	128	137	-33	2	-8	-11	det1=true
[15007]	128	137	-44	2	-8	11	det1=true
[15008]	89	138	-23	-24	-2	-11	det1=true
[15009]	89	138	-34	-24	-2	11	det1=true
[15010]	122	138	-22	-8	-13	-4	det1=true
[15011]	122	138	-26	-8	-13	4	det1=true
[15012]	67	139	-27	-3	-9	-4	det1=true
[15013]	67	139	-31	-3	-9	4	det1=true
[15014]	87	139	-37	-14	-9	-6	det1=true
[15015]	87	139	-25	3	-9	-7	det1=true
[15016]	87	139	-32	3	-9	7	det1=true
[15017]	91	139	-32	2	-10	6	det1=true
[15018]	107	139	-37	-10	-7	-10	det1=true
[15019]	107	139	-47	-10	-7	10	det1=true
[15020]	115	139	-50	-9	-10	-7	det1=true
[15021]	115	139	-49	-35	-2	12	det1=true
[15022]	133	139	-41	-38	-1	-13	det1=true
[15023]	133	139	-54	-38	-1	13	det1=true
[15024]	89	140	-20	-4	-11	-4	det1=true
[15025]	89	140	-24	-4	-11	4	det1=true
[15026]	91	140	-34	-7	-6	10	det1=true
[15027]	101	140	-51	-34	-2	11	det1=true
[15028]	113	140	-45	-36	-8	9	det1=true
[15029]	137	140	-58	-48	-9	-8	det1=true
[15030]	137	140	-66	-48	-9	8	det1=true
[15031]	87	137	-31	-13	-11	-1	det1=true
[15032]	109	137	-13	5	-13	-1	det1=true
[15033]	109	137	-14	5	-13	1	det1=true
[15034]	120	137	-56	-29	-11	-4	det1=true
[15035]	124	137	-12	4	-12	-7	det1=true
[15036]	124	137	-19	4	-12	7	det1=true
[15037]	125	137	-34	-5	-3	-13	det1=true
[15038]	125	137	-47	-5	-3	13	det1=true
[15039]	72	138	-32	-28	-8	-5	det1=true
[15040]	72	138	-37	-28	-8	5	det1=true
[15041]	63	139	-23	-15	-5	-8	det1=true
[15042]	63	139	-31	-15	-5	8	det1=true
[15043]	63	139	-5	3	-6	-8	det1=true
[15044]	63	139	-13	3	-6	8	det1=true
[15045]	115	139	-37	-35	-2	-12	det1=true
[15046]	105	140	-26	-25	-7	-10	det1=true
[15047]	105	140	-36	-25	-7	10	det1=true
[15048]	123	140	-48	5	-13	2	det1=true
[15049]	81	137	-17	-10	-11	1	det1=true
[15050]	135	137	-49	-48	-7	-10	det1=true
[15051]	135	137	-59	-48	-7	10	det1=true
[15052]	42	138	-12	4	-8	-1	det1=true
[15053]	42	138	-13	4	-8	1	det1=true
[15054]	98	138	-43	-32	-4	-10	det1=true
[15055]	91	139	-26	2	-10	-6	det1=true
[15056]	97	139	-51	-3	-7	9	det1=true
[15057]	120	139	-32	-29	-10	-8	det1=true
[15058]	120	139	-40	-29	-10	8	det1=true
[15059]	111	140	-29	-24	-6	-11	det1=true
[15060]	111	140	-40	-24	-6	11	det1=true
[15061]	53	137	-25	-11	-8	-3	det1=true
[15062]	121	137	-45	-25	-3	-12	det1=true
[15063]	121	137	-57	-25	-3	12	det1=true
[15064]	128	137	-10	-12	-1	-14	det1=true
[15065]	128	137	-24	-12	-1	14	det1=true
[15066]	109	138	-12	-5	-5	-12	det1=true
[15067]	137	138	-15	-8	-14	-4	det1=true
[15068]	137	138	-19	-8	-14	4	det1=true
[15069]	79	139	-36	-24	-8	-6	det1=true
[15070]	79	139	-42	-24	-8	6	det1=true
[15071]	65	140	-24	-22	-8	-5	det1=true
[15072]	65	140	-29	-22	-8	5	det1=true
[15073]	73	138	-34	-6	-10	-1	det1=true
[15074]	73	138	-35	-6	-10	1	det1=true
[15075]	109	138	-24	-5	-5	12	det1=true
[15076]	118	139	-38	-4	-12	-5	det1=true
[15077]	118	139	-43	-4	-12	5	det1=true
[15078]	135	139	-31	-22	-13	-5	det1=true
[15079]	135	139	-36	-22	-13	5	det1=true
[15080]	123	140	-40	-6	-2	-13	det1=true
[15081]	123	140	-53	-6	-2	13	det1=true
[15082]	105	137	-47	-41	-7	-8	det1=true
[15083]	105	137	-55	-41	-7	8	det1=true
[15084]	130	139	-56	-7	-8	-10	det1=true
[15085]	130	139	-66	-7	-8	10	det1=true
[15086]	106	140	-34	-19	-2	-12	det1=true
[15087]	106	140	-46	-19	-2	12	det1=true
[15088]	109	138	-42	-28	-4	-11	det1=true
[15089]	109	138	-53	-28	-4	11	det1=true
[15090]	99	137	-21	-1	-10	-7	det1=true
[15091]	42	139	-12	2	-7	-4	det1=true
[15092]	42	139	-16	2	-7	4	det1=true
[15093]	110	138	-32	-22	-12	-3	det1=true
[15094]	110	138	-35	-22	-12	3	det1=true
[15095]	132	138	-58	-7	-10	-8	det1=true
[15096]	132	138	-66	-7	-10	8	det1=true
[15097]	125	140	-3	-6	-2	-14	det1=true
[15098]	125	140	-17	-6	-2	14	det1=true
[15099]	123	137	-25	-2	-13	-4	det1=true
[15100]	123	137	-29	-2	-13	4	det1=true
[15101]	63	139	-6	4	-8	-6	det1=true
[15102]	63	139	-12	4	-8	6	det1=true
[15103]	115	139	-27	-12	-11	-7	det1=true
[15104]	85	140	-34	-15	-9	-6	det1=true
[15105]	119	137	-51	-33	-4	-11	det1=true
[15106]	119	137	-62	-33	-4	11	det1=true
[15107]	117	138	-52	-50	-9	-6	det1=true
[15108]	99	140	-40	-9	-11	-4	det1=true
[15109]	137	137	-59	-39	-10	-7	det1=true
[15110]	33	141	-13	-6	-1	-7	det1=true
[15111]	33	141	-20	-6	-1	7	det1=true
[15112]	70	142	-5	-4	-8	-7	det1=true
[15113]	70	142	-12	-4	-8	7	det1=true
[15114]	125	143	-24	-12	-13	-5	det1=true
[15115]	125	143	-29	-12	-13	5	det1=true
[15116]	132	143	-38	5	-14	-2	det1=true
[15117]	132	143	-40	5	-14	2	det1=true
[15118]	78	144	-12	-8	-2	-11	det1=true
[15119]	78	144	-23	-8	-2	11	det1=true
[15120]	115	144	-28	-18	-2	-13	det1=true
[15121]	115	144	-41	-18	-2	13	det1=true
[15122]	79	141	-18	-1	-1	-11	det1=true
[15123]	113	141	-18	-4	-13	-3	det1=true
[15124]	113	141	-21	-4	-13	3	det1=true
[15125]	117	141	-32	-26	-8	-10	det1=true
[15126]	117	141	-42	-26	-8	10	det1=true
[15127]	85	142	-34	5	-11	-2	det1=true
[15128]	85	142	-36	5	-11	2	det1=true
[15129]	127	142	-36	-21	-9	-10	det1=true
[15130]	127	142	-46	-21	-9	10	det1=true
[15131]	140	142	-58	-31	-5	-12	det1=true
[15132]	140	142	-70	-31	-5	12	det1=true
[15133]	86	143	-18	2	-11	-4	det1=true
[15134]	86	143	-22	2	-11	4	det1=true
[15135]	89	143	-25	-7	-10	-6	det1=true
[15136]	89	143	-31	-7	-10	6	det1=true
[15137]	111	143	-55	-25	-5	11	det1=true
[15138]	127	143	-26	-2	-14	-2	det1=true
[15139]	127	143	-28	-2	-14	2	det1=true
[15140]	132	143	-19	-18	-6	-13	det1=true
[15141]	143	143	-59	-21	-9	-10	det1=true
[15142]	143	143	-69	-21	-9	10	det1=true
[15143]	66	144	-15	-10	-10	-2	det1=true
[15144]	144	144	-31	-14	-14	-5	det1=true
[15145]	144	144	-36	-14	-14	5	det1=true
[15146]	116	141	-10	-5	-11	-8	det1=true
[15147]	116	141	-18	-5	-11	8	det1=true
[15148]	118	141	-18	-2	-8	-11	det1=true
[15149]	118	141	-29	-2	-8	11	det1=true
[15150]	126	141	-50	-6	-13	-2	det1=true
[15151]	126	141	-52	-6	-13	2	det1=true
[15152]	138	141	-27	-8	-14	-4	det1=true
[15153]	138	141	-31	-8	-14	4	det1=true
[15154]	97	142	-30	2	-8	-9	det1=true
[15155]	130	142	-24	2	-14	-3	det1=true
[15156]	130	142	-27	2	-14	3	det1=true
[15157]	130	142	-16	-10	-6	-13	det1=true
[15158]	130	142	-29	-10	-6	13	det1=true
[15159]	137	142	-41	-36	-10	-9	det1=true
[15160]	137	142	-50	-36	-10	9	det1=true
[15161]	104	143	-48	0	-12	1	det1=true
[15162]	119	143	-54	6	-12	-4	det1=true
[15163]	119	143	-58	6	-12	4	det1=true
[15164]	119	143	-36	-21	-1	-13	det1=true
[15165]	119	143	-49	-21	-1	13	det1=true
[15166]	119	143	-30	-25	-2	-13	det1=true
[15167]	119	143	-43	-25	-2	13	det1=true
[15168]	132	143	-32	-18	-6	13	det1=true
[15169]	135	143	-34	-25	-14	-1	det1=true
[15170]	135	143	-35	-25	-14	1	det1=true
[15171]	69	144	-32	-28	-8	-5	det1=true
[15172]	109	144	-42	-28	-1	-12	det1=true
[15173]	109	144	-54	-28	-1	12	det1=true
[15174]	139	144	-16	1	-9	-12	det1=true
[15175]	139	144	-28	1	-9	12	det1=true
[15176]	85	141	-29	-10	-11	-2	det1=true
[15177]	85	141	-31	-10	-11	2	det1=true
[15178]	131	141	-31	-29	-8	-11	det1=true
[15179]	118	142	-48	-35	-1	-12	det1=true
[15180]	118	142	-60	-35	-1	12	det1=true
[15181]	121	142	-48	-30	-3	-12	det1=true
[15182]	121	142	-60	-30	-3	12	det1=true
[15183]	139	142	-54	-17	-13	-4	det1=true
[15184]	139	142	-58	-17	-13	4	det1=true
[15185]	142	142	-45	-36	-2	14	det1=true
[15186]	55	143	-19	-5	-9	-2	det1=true
[15187]	55	143	-21	-5	-9	2	det1=true
[15188]	74	143	-34	-25	-9	-4	det1=true
[15189]	74	143	-38	-25	-9	4	det1=true
[15190]	81	143	-41	-7	-6	9	det1=true
[15191]	92	143	-20	4	-9	-8	det1=true
[15192]	92	143	-28	4	-9	8	det1=true
[15193]	97	143	-26	-15	-8	-9	det1=true
[15194]	97	143	-35	-15	-8	9	det1=true
[15195]	105	143	-6	-10	-1	-13	det1=true
[15196]	105	143	-19	-10	-1	13	det1=true
[15197]	107	143	-32	-12	-10	8	det1=true
[15198]	120	143	-14	-4	-1	14	det1=true
[15199]	125	143	-43	-24	-13	-2	det1=true
[15200]	130	143	-34	-28	-4	-13	det1=true
[15201]	130	143	-47	-28	-4	13	det1=true
[15202]	132	143	-29	2	-4	14	det1=true
[15203]	139	143	-63	-61	-3	-11	det1=true
[15204]	139	143	-74	-61	-3	11	det1=true
[15205]	141	143	-62	-59	-4	-11	det1=true
[15206]	141	143	-73	-59	-4	11	det1=true
[15207]	88	144	-24	-7	-10	-6	det1=true
[15208]	88	144	-30	-7	-10	6	det1=true
[15209]	99	144	-36	-2	-8	-9	det1=true
[15210]	99	144	-45	-2	-8	9	det1=true
[15211]	111	144	-46	-36	-9	8	det1=true
[15212]	124	144	-36	2	-4	-13	det1=true
[15213]	124	144	-49	2	-4	13	det1=true
[15214]	124	144	-44	-14	-8	11	det1=true
[15215]	126	144	-42	-20	-11	8	det1=true
[15216]	142	144	-62	-49	-3	-12	det1=true
[15217]	142	144	-74	-49	-3	12	det1=true
[15218]	104	141	-36	-4	-7	-10	det1=true
[15219]	104	141	-46	-4	-7	10	det1=true
[15220]	121	141	-35	-21	-13	-2	det1=true
[15221]	121	141	-37	-21	-13	2	det1=true
[15222]	131	141	-21	-4	-13	-6	det1=true
[15223]	131	141	-27	-4	-13	6	det1=true
[15224]	98	142	-41	2	-8	9	det1=true
[15225]	141	142	-13	-8	-12	-9	det1=true
[15226]	141	142	-22	-8	-12	9	det1=true
[15227]	142	142	-39	-30	-14	2	det1=true
[15228]	35	143	-11	-13	-2	-7	det1=true
[15229]	35	143	-18	-13	-2	7	det1=true
[15230]	79	143	0	2	-9	-7	det1=true
[15231]	84	143	-37	-34	-2	-10	det1=true
[15232]	104	143	-47	0	-12	-1	det1=true
[15233]	117	143	-58	-21	-12	-1	det1=true
[15234]	117	143	-59	-21	-12	1	det1=true
[15235]	120	143	0	-4	-1	-14	det1=true
[15236]	125	143	-39	-32	-1	-13	det1=true
[15237]	125	143	-52	-32	-1	13	det1=true
[15238]	125	143	-45	-24	-13	2	det1=true
[15239]	134	143	-60	-45	-12	-2	det1=true
[15240]	135	143	-59	-48	-9	-8	det1=true
[15241]	40	144	-6	-4	-7	-4	det1=true
[15242]	74	144	-19	-2	-4	-10	det1=true
[15243]	74	144	-29	-2	-4	10	det1=true
[15244]	97	144	-29	-18	-12	1	det1=true
[15245]	107	144	-48	-41	-11	-2	det1=true
[15246]	107	144	-50	-41	-11	2	det1=true
[15247]	119	144	-36	-16	-10	9	det1=true
[15248]	124	144	-33	-14	-8	-11	det1=true
[15249]	126	144	-34	-20	-11	-8	det1=true
[15250]	131	144	-50	-4	-13	-4	det1=true
[15251]	131	144	-54	-4	-13	4	det1=true
[15252]	134	144	-46	-27	-9	-10	det1=true
[15253]	134	144	-56	-27	-9	10	det1=true
[15254]	140	144	-48	-32	-11	-8	det1=true
[15255]	140	144	-56	-32	-11	8	det1=true
[15256]	93	141	-32	-33	-1	-11	det1=true
[15257]	93	141	-43	-33	-1	11	det1=true
[15258]	131	141	-40	-39	-1	-13	det1=true
[15259]	131	141	-53	-39	-1	13	det1=true
[15260]	98	142	-31	-26	-10	-6	det1=true
[15261]	101	142	-30	-8	-6	11	det1=true
[15262]	119	142	-6	-2	-12	-7	det1=true
[15263]	121	142	-36	-25	-5	-12	det1=true
[15264]	129	142	-52	-25	-8	-10	det1=true
[15265]	142	142	-31	-36	-2	-14	det1=true
[15266]	83	143	-27	-10	-11	-2	det1=true
[15267]	83	143	-29	-10	-11	2	det1=true
[15268]	101	143	-35	-14	-9	-8	det1=true
[15269]	101	143	-43	-14	-9	8	det1=true
[15270]	107	143	-24	-12	-10	-8	det1=true
[15271]	111	143	-28	-6	-11	-7	det1=true
[15272]	111	143	-35	-6	-11	7	det1=true
[15273]	119	143	-46	-12	-10	-8	det1=true
[15274]	119	143	-54	-12	-10	8	det1=true
[15275]	135	143	-67	-48	-9	8	det1=true
[15276]	140	143	-60	-60	-4	-11	det1=true
[15277]	79	144	-31	-2	-4	-10	det1=true
[15278]	79	144	-41	-2	-4	10	det1=true
[15279]	85	144	-35	-20	-6	-9	det1=true
[15280]	85	144	-44	-20	-6	9	det1=true
[15281]	119	144	-27	-16	-10	-9	det1=true
[15282]	125	144	-44	-20	-2	-13	det1=true
[15283]	125	144	-57	-20	-2	13	det1=true
[15284]	70	141	-2	-2	-7	-8	det1=true
[15285]	70	141	-10	-2	-7	8	det1=true
[15286]	71	141	-26	3	-9	-5	det1=true
[15287]	71	141	-31	3	-9	5	det1=true
[15288]	136	141	-64	-13	-10	-8	det1=true
[15289]	136	141	-72	-13	-10	8	det1=true
[15290]	43	142	-12	-14	-1	-8	det1=true
[15291]	43	142	-20	-14	-1	8	det1=true
[15292]	97	142	-39	2	-8	9	det1=true
[15293]	98	142	-37	-26	-10	6	det1=true
[15294]	101	142	-19	-8	-6	-11	det1=true
[15295]	124	142	-62	-17	-11	6	det1=true
[15296]	42	143	-16	-3	-7	-4	det1=true
[15297]	42	143	-20	-3	-7	4	det1=true
[15298]	108	143	-51	-22	-10	-6	det1=true
[15299]	108	143	-57	-22	-10	6	det1=true
[15300]	130	143	-63	-16	-12	-4	det1=true
[15301]	130	143	-67	-16	-12	4	det1=true
[15302]	143	143	-44	-4	-12	-8	det1=true
[15303]	143	143	-52	-4	-12	8	det1=true
[15304]	40	144	-10	-4	-7	4	det1=true
[15305]	97	144	-28	-18	-12	-1	det1=true
[15306]	69	141	-30	-1	-10	-1	det1=true
[15307]	69	141	-31	-1	-10	1	det1=true
[15308]	131	141	-59	-7	-13	-1	det1=true
[15309]	131	141	-60	-7	-13	1	det1=true
[15310]	89	142	-38	-35	-3	-10	det1=true
[15311]	89	142	-48	-35	-3	10	det1=true
[15312]	98	142	-32	2	-8	-9	det1=true
[15313]	124	142	-56	-17	-11	-6	det1=true
[15314]	132	142	-53	-44	-12	-3	det1=true
[15315]	132	142	-56	-44	-12	3	det1=true
[15316]	133	142	-48	-39	-8	-10	det1=true
[15317]	133	142	-58	-39	-8	10	det1=true
[15318]	129	143	-20	-12	-9	-11	det1=true
[15319]	129	143	-31	-12	-9	11	det1=true
[15320]	136	143	-28	-20	-13	-6	det1=true
[15321]	136	143	-34	-20	-13	6	det1=true
[15322]	137	143	-35	1	-12	-8	det1=true
[15323]	137	143	-43	1	-12	8	det1=true
[15324]	91	144	-24	-19	-10	-6	det1=true
[15325]	135	143	-45	-5	-14	-1	det1=true
[15326]	135	143	-46	-5	-14	1	det1=true
[15327]	142	142	-27	-4	-14	-5	det1=true
[15328]	117	143	-41	4	-11	-7	det1=true
[15329]	117	143	-48	4	-11	7	det1=true
[15330]	63	143	-14	-1	-10	-1	det1=true
[15331]	63	143	-15	-1	-10	1	det1=true
[15332]	123	143	-34	-21	-3	-13	det1=true
[15333]	123	143	-47	-21	-3	13	det1=true
[15334]	77	141	-22	1	-6	-9	det1=true
[15335]	77	141	-31	1	-6	9	det1=true
[15336]	116	142	-18	-11	-9	-10	det1=true
[15337]	139	142	-42	-22	-14	-1	det1=true
[15338]	139	142	-43	-22	-14	1	det1=true
[15339]	130	144	-30	1	-2	-14	det1=true
[15340]	130	144	-44	1	-2	14	det1=true
[15341]	125	144	-57	-56	-2	-11	det1=true
[15342]	125	144	-68	-56	-2	11	det1=true
[15343]	145	145	-41	-21	-14	-4	det1=true
[15344]	145	145	-45	-21	-14	4	det1=true
[15345]	108	147	-48	-19	-1	-12	det1=true
[15346]	108	147	-60	-19	-1	12	det1=true
[15347]	72	145	-35	-6	-10	-2	det1=true
[15348]	72	145	-37	-6	-10	2	det1=true
[15349]	141	145	-35	-15	-4	-14	det1=true
[15350]	103	146	-29	-8	-12	-4	det1=true
[15351]	103	146	-33	-8	-12	4	det1=true
[15352]	128	146	-20	-14	-14	-3	det1=true
[15353]	116	145	-52	-12	-3	-12	det1=true
[15354]	116	145	-64	-12	-3	12	det1=true
[15355]	120	145	-46	-7	-13	-2	det1=true
[15356]	120	145	-48	-7	-13	2	det1=true
[15357]	135	145	-55	-12	-9	-10	det1=true
[15358]	135	145	-65	-12	-9	10	det1=true
[15359]	143	145	-57	-34	-3	-13	det1=true
[15360]	143	145	-70	-34	-3	13	det1=true
[15361]	130	146	-36	-20	-12	-7	det1=true
[15362]	130	146	-43	-20	-12	7	det1=true
[15363]	131	146	-34	-13	-13	6	det1=true
[15364]	103	147	-14	-7	-13	-1	det1=true
[15365]	103	147	-15	-7	-13	1	det1=true
[15366]	124	147	-48	-31	-10	-8	det1=true
[15367]	124	147	-56	-31	-10	8	det1=true
[15368]	49	145	-21	-8	-7	-5	det1=true
[15369]	49	145	-26	-8	-7	5	det1=true
[15370]	83	145	-21	-8	-9	-7	det1=true
[15371]	83	145	-28	-8	-9	7	det1=true
[15372]	114	145	-56	-15	-12	-2	det1=true
[15373]	114	145	-58	-15	-12	2	det1=true
[15374]	125	146	-47	-50	-2	-12	det1=true
[15375]	125	146	-59	-50	-2	12	det1=true
[15376]	131	146	-28	-13	-13	-6	det1=true
[15377]	60	147	-9	4	-8	-6	det1=true
[15378]	60	147	-15	4	-8	6	det1=true
[15379]	110	147	-32	-2	-13	-2	det1=true
[15380]	110	147	-34	-2	-13	2	det1=true
[15381]	120	147	-28	-18	-4	-13	det1=true
[15382]	120	147	-41	-18	-4	13	det1=true
[15383]	132	147	-11	0	-14	-5	det1=true
[15384]	132	147	-16	0	-14	5	det1=true
[15385]	133	147	-16	-8	-7	-13	det1=true
[15386]	133	147	-29	-8	-7	13	det1=true
[15387]	135	147	-63	-28	-13	1	det1=true
[15388]	143	147	-31	-7	-9	-12	det1=true
[15389]	143	147	-43	-7	-9	12	det1=true
[15390]	100	148	-36	-13	-2	-12	det1=true
[15391]	117	148	-44	-23	-10	-8	det1=true
[15392]	146	148	-56	-12	-13	-6	det1=true
[15393]	146	148	-62	-12	-13	6	det1=true
[15394]	105	145	-47	-33	-3	-11	det1=true
[15395]	105	145	-58	-33	-3	11	det1=true
[15396]	111	145	-43	-19	-3	-12	det1=true
[15397]	111	145	-55	-19	-3	12	det1=true
[15398]	124	145	-22	-3	-14	-2	det1=true
[15399]	124	145	-24	-3	-14	2	det1=true
[15400]	131	145	-31	-9	-11	-9	det1=true
[15401]	145	145	-96	-30	-9	7	det1=true
[15402]	110	146	-10	-7	-9	-10	det1=true
[15403]	110	146	-20	-7	-9	10	det1=true
[15404]	128	146	-23	-14	-14	3	det1=true
[15405]	132	146	-52	-11	-13	-4	det1=true
[15406]	132	146	-56	-11	-13	4	det1=true
[15407]	146	146	-7	4	-12	-10	det1=true
[15408]	146	146	-17	4	-12	10	det1=true
[15409]	111	147	-11	-1	-11	-8	det1=true
[15410]	111	147	-19	-1	-11	8	det1=true
[15411]	114	147	-22	-5	-13	-4	det1=true
[15412]	135	147	-62	-28	-13	-1	det1=true
[15413]	90	148	-34	3	-6	-10	det1=true
[15414]	90	148	-44	3	-6	10	det1=true
[15415]	96	148	-30	-4	-7	-10	det1=true
[15416]	96	148	-40	-4	-7	10	det1=true
[15417]	105	148	-31	0	-8	-10	det1=true
[15418]	117	148	-52	-23	-10	8	det1=true
[15419]	130	148	-44	-6	-14	-1	det1=true
[15420]	130	148	-45	-6	-14	1	det1=true
[15421]	140	148	-28	4	-15	-2	det1=true
[15422]	55	145	-21	3	-6	-7	det1=true
[15423]	55	145	-28	3	-6	7	det1=true
[15424]	79	145	-11	1	-11	-3	det1=true
[15425]	79	145	-14	1	-11	3	det1=true
[15426]	118	145	-33	4	-10	-9	det1=true
[15427]	118	145	-42	4	-10	9	det1=true
[15428]	122	145	-27	2	-12	-7	det1=true
[15429]	122	145	-34	2	-12	7	det1=true
[15430]	124	145	-42	-27	-13	-2	det1=true
[15431]	124	145	-44	-27	-13	2	det1=true
[15432]	100	146	-36	-16	-9	-8	det1=true
[15433]	100	146	-44	-16	-9	8	det1=true
[15434]	104	146	-33	-6	-6	-11	det1=true
[15435]	104	146	-44	-6	-6	11	det1=true
[15436]	108	146	-46	-12	-7	-10	det1=true
[15437]	108	146	-56	-12	-7	10	det1=true
[15438]	113	146	-33	-18	-12	-5	det1=true
[15439]	113	146	-38	-18	-12	5	det1=true
[15440]	138	146	-60	4	-11	-8	det1=true
[15441]	138	146	-68	4	-11	8	det1=true
[15442]	63	147	-20	0	-6	-8	det1=true
[15443]	93	147	-31	-21	-6	-10	det1=true
[15444]	93	147	-41	-21	-6	10	det1=true
[15445]	114	147	-26	-5	-13	4	det1=true
[15446]	133	147	-33	-17	-14	-3	det1=true
[15447]	133	147	-36	-17	-14	3	det1=true
[15448]	38	148	-20	-4	-5	6	det1=true
[15449]	117	148	-51	-46	-10	-6	det1=true
[15450]	117	148	-57	-46	-10	6	det1=true
[15451]	127	148	-19	-16	-6	-13	det1=true
[15452]	127	148	-32	-16	-6	13	det1=true
[15453]	140	148	-30	4	-15	2	det1=true
[15454]	46	145	-14	-2	-3	-8	det1=true
[15455]	46	145	-22	-2	-3	8	det1=true
[15456]	105	145	-49	-30	-9	-7	det1=true
[15457]	109	145	-51	-42	-11	-2	det1=true
[15458]	109	145	-53	-42	-11	2	det1=true
[15459]	125	145	-4	2	-12	-8	det1=true
[15460]	119	146	-29	-6	-4	-13	det1=true
[15461]	119	146	-42	-6	-4	13	det1=true
[15462]	120	146	-48	-41	-2	-12	det1=true
[15463]	120	146	-60	-41	-2	12	det1=true
[15464]	71	147	-13	-1	-9	-6	det1=true
[15465]	85	147	-35	-20	-11	-1	det1=true
[15466]	85	147	-36	-20	-11	1	det1=true
[15467]	86	147	-41	-22	-10	-4	det1=true
[15468]	103	147	-21	-13	-1	13	det1=true
[15469]	121	147	-40	-12	-3	-13	det1=true
[15470]	129	147	-61	-4	-13	-2	det1=true
[15471]	129	147	-63	-4	-13	2	det1=true
[15472]	105	148	-41	0	-8	10	det1=true
[15473]	122	148	-55	-40	-8	-9	det1=true
[15474]	130	148	-30	-1	-14	4	det1=true
[15475]	88	145	-26	3	-6	-10	det1=true
[15476]	88	145	-36	3	-6	10	det1=true
[15477]	136	145	-39	-38	-4	-13	det1=true
[15478]	136	145	-52	-38	-4	13	det1=true
[15479]	109	146	-31	-28	-6	-11	det1=true
[15480]	109	146	-42	-28	-6	11	det1=true
[15481]	63	147	-28	0	-6	8	det1=true
[15482]	103	147	-8	-13	-1	-13	det1=true
[15483]	113	147	-31	-13	-2	-13	det1=true
[15484]	113	147	-44	-13	-2	13	det1=true
[15485]	38	148	-14	-4	-5	-6	det1=true
[15486]	100	148	-48	-13	-2	12	det1=true
[15487]	109	148	-47	-26	-8	-9	det1=true
[15488]	109	148	-56	-26	-8	9	det1=true
[15489]	115	148	-24	-6	-8	-11	det1=true
[15490]	130	148	-26	-1	-14	-4	det1=true
[15491]	74	146	-28	-3	-10	4	det1=true
[15492]	98	146	-16	-12	-6	-11	det1=true
[15493]	98	146	-27	-12	-6	11	det1=true
[15494]	127	147	-56	-14	-11	-7	det1=true
[15495]	127	147	-63	-14	-11	7	det1=true
[15496]	125	148	-43	2	-4	-13	det1=true
[15497]	125	148	-56	2	-4	13	det1=true
[15498]	24	145	-2	3	-6	-2	det1=true
[15499]	24	145	-4	3	-6	2	det1=true
[15500]	135	145	-60	-11	-2	-13	det1=true
[15501]	135	145	-73	-11	-2	13	det1=true
[15502]	74	146	-24	-3	-10	-4	det1=true
[15503]	110	145	-44	-29	-1	-12	det1=true
[15504]	110	145	-56	-29	-1	12	det1=true
[15505]	145	145	-51	-30	-13	-5	det1=true
[15506]	145	145	-56	-30	-13	5	det1=true
[15507]	139	147	-19	-13	-12	-9	det1=true
[15508]	139	147	-28	-13	-12	9	det1=true
[15509]	78	147	-32	-5	-9	-6	det1=true
[15510]	105	145	-38	-19	-10	-7	det1=true
[15511]	105	145	-45	-19	-10	7	det1=true
[15512]	116	145	-32	-31	-10	-8	det1=true
[15513]	116	145	-40	-31	-10	8	det1=true
[15514]	143	147	-67	-8	-13	-4	det1=true
[15515]	143	147	-71	-8	-13	4	det1=true
[15516]	114	145	-16	-6	-13	-4	det1=true
[15517]	114	145	-20	-6	-13	4	det1=true
[15518]	118	145	-38	-10	-2	-13	det1=true
[15519]	118	145	-51	-10	-2	13	det1=true
[15520]	132	145	-35	-4	-2	-14	det1=true
[15521]	132	145	-49	-4	-2	14	det1=true
[15522]	96	148	-29	-10	-10	-7	det1=true
[15523]	126	146	-51	-8	-2	-13	det1=true
[15524]	136	146	-64	-47	-9	-8	det1=true
[15525]	147	147	-68	-57	-5	-11	det1=true
[15526]	141	150	-53	-50	-2	-13	det1=true
[15527]	141	150	-66	-50	-2	13	det1=true
[15528]	108	152	-16	-12	-9	-10	det1=true
[15529]	108	152	-26	-12	-9	10	det1=true
[15530]	35	149	-12	3	-7	-3	det1=true
[15531]	100	149	-8	-4	-5	-12	det1=true
[15532]	137	150	-50	-14	-1	-14	det1=true
[15533]	69	151	-13	1	-9	-6	det1=true
[15534]	151	151	-21	-15	-13	-9	det1=true
[15535]	151	151	-30	-15	-13	9	det1=true
[15536]	76	152	-30	-28	-3	-10	det1=true
[15537]	76	152	-40	-28	-3	10	det1=true
[15538]	93	152	-30	1	-2	-12	det1=true
[15539]	93	152	-42	1	-2	12	det1=true
[15540]	107	152	-24	-24	-5	-12	det1=true
[15541]	133	152	-56	-4	-3	14	det1=true
[15542]	107	149	-33	-2	-13	-1	det1=true
[15543]	107	149	-34	-2	-13	1	det1=true
[15544]	113	149	-33	-22	-11	-7	det1=true
[15545]	113	149	-40	-22	-11	7	det1=true
[15546]	126	149	-34	-1	-1	-14	det1=true
[15547]	126	149	-48	-1	-1	14	det1=true
[15548]	108	150	-45	-40	-4	-11	det1=true
[15549]	108	150	-56	-40	-4	11	det1=true
[15550]	118	150	-56	-44	-11	-4	det1=true
[15551]	128	150	-20	-11	-14	-4	det1=true
[15552]	128	150	-24	-11	-14	4	det1=true
[15553]	130	150	-21	-16	-4	-14	det1=true
[15554]	130	150	-35	-16	-4	14	det1=true
[15555]	62	151	-20	-17	-9	-4	det1=true
[15556]	62	151	-24	-17	-9	4	det1=true
[15557]	86	151	-14	-4	-8	-9	det1=true
[15558]	125	151	-35	-4	-1	-14	det1=true
[15559]	125	151	-49	-4	-1	14	det1=true
[15560]	102	152	-45	-10	-10	-7	det1=true
[15561]	102	152	-52	-10	-10	7	det1=true
[15562]	118	152	-23	4	-14	-2	det1=true
[15563]	118	152	-25	4	-14	2	det1=true
[15564]	95	149	-33	-9	-8	-9	det1=true
[15565]	95	149	-42	-9	-8	9	det1=true
[15566]	140	149	-31	-30	-4	-14	det1=true
[15567]	140	149	-45	-30	-4	14	det1=true
[15568]	96	151	-32	-4	-12	-3	det1=true
[15569]	96	151	-35	-4	-12	3	det1=true
[15570]	130	151	-30	-21	-13	-6	det1=true
[15571]	130	151	-36	-21	-13	6	det1=true
[15572]	139	151	-34	-15	-14	-5	det1=true
[15573]	139	151	-39	-15	-14	5	det1=true
[15574]	145	152	-29	-28	-2	-15	det1=true
[15575]	152	152	-15	-4	-8	-14	det1=true
[15576]	152	152	-29	-4	-8	14	det1=true
[15577]	117	149	-50	-12	-10	-8	det1=true
[15578]	117	149	-58	-12	-10	8	det1=true
[15579]	139	149	-18	2	-15	-3	det1=true
[15580]	141	149	-52	-25	-5	-13	det1=true
[15581]	141	149	-65	-25	-5	13	det1=true
[15582]	53	151	-11	-5	-5	-8	det1=true
[15583]	53	151	-19	-5	-5	8	det1=true
[15584]	63	151	-16	-6	-2	-10	det1=true
[15585]	63	151	-26	-6	-2	10	det1=true
[15586]	65	151	-17	1	-10	-3	det1=true
[15587]	65	151	-20	1	-10	3	det1=true
[15588]	70	151	-22	-6	-7	-8	det1=true
[15589]	70	151	-30	-6	-7	8	det1=true
[15590]	86	151	-23	-4	-8	9	det1=true
[15591]	106	151	-29	-28	-4	-12	det1=true
[15592]	106	151	-41	-28	-4	12	det1=true
[15593]	117	152	-40	-3	-9	-10	det1=true
[15594]	117	152	-50	-3	-9	10	det1=true
[15595]	84	150	-20	-6	-4	-11	det1=true
[15596]	105	150	-26	3	-13	-2	det1=true
[15597]	105	150	-28	3	-13	2	det1=true
[15598]	129	150	-23	-18	-12	-8	det1=true
[15599]	129	150	-31	-18	-12	8	det1=true
[15600]	94	151	-39	-36	-2	-11	det1=true
[15601]	94	151	-50	-36	-2	11	det1=true
[15602]	105	151	-45	-19	-10	-7	det1=true
[15603]	135	151	-55	-11	-14	1	det1=true
[15604]	147	151	-63	-49	-7	-11	det1=true
[15605]	147	151	-74	-49	-7	11	det1=true
[15606]	147	151	-29	3	-9	13	det1=true
[15607]	135	152	-58	-23	-13	-4	det1=true
[15608]	135	152	-62	-23	-13	4	det1=true
[15609]	142	152	-64	-44	-12	-5	det1=true
[15610]	145	151	-58	-31	-12	-7	det1=true
[15611]	145	151	-65	-31	-12	7	det1=true
[15612]	147	151	-16	3	-9	-13	det1=true
[15613]	81	149	-34	-20	-4	-10	det1=true
[15614]	106	150	-41	-30	-12	-2	det1=true
[15615]	106	150	-43	-30	-12	2	det1=true
[15616]	110	150	-12	-8	-8	-11	det1=true
[15617]	110	150	-23	-8	-8	11	det1=true
[15618]	76	151	-29	-14	-4	-10	det1=true
[15619]	143	151	-23	-19	-13	-8	det1=true
[15620]	143	151	-31	-19	-13	8	det1=true
[15621]	65	152	-27	-14	-10	-1	det1=true
[15622]	65	152	-28	-14	-10	1	det1=true
[15623]	100	152	-7	-2	-2	-13	det1=true
[15624]	149	152	-63	-52	-2	-13	det1=true
[15625]	149	152	-76	-52	-2	13	det1=true
[15626]	98	149	-44	-19	-11	-4	det1=true
[15627]	91	152	-28	-10	-8	-9	det1=true
[15628]	72	151	-32	-27	-6	-8	det1=true
[15629]	72	151	-40	-27	-6	8	det1=true
[15630]	151	151	-70	-45	-7	-11	det1=true
[15631]	113	152	-24	-12	-8	-11	det1=true
[15632]	136	152	-52	2	-14	-3	det1=true
[15633]	136	152	-55	2	-14	3	det1=true
[15634]	130	149	-53	-14	-10	-9	det1=true
[15635]	130	149	-62	-14	-10	9	det1=true
[15636]	140	150	-34	-12	-11	-10	det1=true
[15637]	140	150	-44	-12	-11	10	det1=true
[15638]	102	152	-34	-29	-7	-10	det1=true
[15639]	102	152	-44	-29	-7	10	det1=true
[15640]	143	150	-42	-34	-13	-6	det1=true
[15641]	54	150	-16	-2	-8	-5	det1=true
[15642]	149	149	-58	-30	-14	-2	det1=true
[15643]	87	151	-11	5	-10	-7	det1=true
[15644]	131	150	-39	-8	-14	-3	det1=true
[15645]	131	150	-42	-8	-14	3	det1=true
[15646]	129	150	-6	-2	-11	-10	det1=true
[15647]	129	150	-16	-2	-11	10	det1=true
[15648]	112	153	-27	-16	-10	-9	det1=true
[15649]	112	153	-36	-16	-10	9	det1=true
[15650]	61	156	-17	-8	-10	-2	det1=true
[15651]	61	156	-19	-8	-10	2	det1=true
[15652]	72	156	-37	-2	-6	9	det1=true
[15653]	111	156	-28	-8	-8	-11	det1=true
[15654]	111	156	-39	-8	-8	11	det1=true
[15655]	80	153	-18	5	-10	-6	det1=true
[15656]	80	153	-24	5	-10	6	det1=true
[15657]	130	153	-42	-40	-10	-9	det1=true
[15658]	130	153	-51	-40	-10	9	det1=true
[15659]	59	154	-16	-3	-8	-6	det1=true
[15660]	124	154	-52	-44	-11	-6	det1=true
[15661]	124	154	-58	-44	-11	6	det1=true
[15662]	43	155	-13	-7	-8	-3	det1=true
[15663]	136	155	-5	-2	-4	-15	det1=true
[15664]	136	155	-20	-2	-4	15	det1=true
[15665]	149	155	-41	-21	-8	-13	det1=true
[15666]	149	155	-54	-21	-8	13	det1=true
[15667]	155	155	-62	-17	-7	-13	det1=true
[15668]	155	155	-75	-17	-7	13	det1=true
[15669]	156	156	-77	-64	-12	-3	det1=true
[15670]	150	154	-54	-49	-7	-12	det1=true
[15671]	150	154	-66	-49	-7	12	det1=true
[15672]	104	155	-51	-18	-12	-2	det1=true
[15673]	104	155	-53	-18	-12	2	det1=true
[15674]	115	153	-43	-19	-13	-2	det1=true
[15675]	148	153	-63	-40	-4	-13	det1=true
[15676]	148	153	-76	-40	-4	13	det1=true
[15677]	153	153	-21	-16	-1	-16	det1=true
[15678]	153	153	-37	-16	-1	16	det1=true
[15679]	142	154	-62	-35	-13	-4	det1=true
[15680]	142	154	-66	-35	-13	4	det1=true
[15681]	95	155	-41	-35	-11	-3	det1=true
[15682]	106	155	-14	-2	-11	-8	det1=true
[15683]	106	155	-22	-2	-11	8	det1=true
[15684]	115	155	-34	-27	-13	-3	det1=true
[15685]	115	155	-37	-27	-13	3	det1=true
[15686]	138	155	-65	-44	-10	-8	det1=true
[15687]	138	155	-73	-44	-10	8	det1=true
[15688]	140	155	-48	-42	-12	-7	det1=true
[15689]	155	155	-30	-6	-8	-14	det1=true
[15690]	155	155	-44	-6	-8	14	det1=true
[15691]	79	156	-36	-5	-11	-2	det1=true
[15692]	79	156	-38	-5	-11	2	det1=true
[15693]	111	156	-27	-10	-4	-13	det1=true
[15694]	112	156	-8	-12	-1	-14	det1=true
[15695]	136	156	-24	-4	-4	15	det1=true
[15696]	144	156	-47	-32	-4	-14	det1=true
[15697]	144	156	-61	-32	-4	14	det1=true
[15698]	155	156	-79	-64	-12	3	det1=true
[15699]	61	153	-20	-6	-6	-8	det1=true
[15700]	61	153	-28	-6	-6	8	det1=true
[15701]	138	153	-44	-9	-4	-14	det1=true
[15702]	138	153	-34	-15	-11	-10	det1=true
[15703]	114	154	-32	-9	-11	-8	det1=true
[15704]	83	155	-26	-10	-10	-6	det1=true
[15705]	83	155	-32	-10	-10	6	det1=true
[15706]	89	155	-30	-1	-8	-9	det1=true
[15707]	89	155	-39	-1	-8	9	det1=true
[15708]	95	155	-44	-35	-11	3	det1=true
[15709]	129	155	-49	-5	-14	-2	det1=true
[15710]	133	155	-16	-13	-2	-15	det1=true
[15711]	133	155	-31	-13	-2	15	det1=true
[15712]	137	155	-33	-19	-5	-14	det1=true
[15713]	137	155	-47	-19	-5	14	det1=true
[15714]	58	156	-3	2	-10	-2	det1=true
[15715]	58	156	-5	2	-10	2	det1=true
[15716]	72	156	-28	-2	-6	-9	det1=true
[15717]	71	153	-3	4	-11	-2	det1=true
[15718]	71	153	-5	4	-11	2	det1=true
[15719]	87	153	-37	-35	-9	-6	det1=true
[15720]	87	153	-43	-35	-9	6	det1=true
[15721]	139	153	-64	3	-14	-1	det1=true
[15722]	139	153	-65	3	-14	1	det1=true
[15723]	143	154	-62	3	-13	-6	det1=true
[15724]	143	154	-68	3	-13	6	det1=true
[15725]	101	155	-21	-15	-12	-5	det1=true
[15726]	101	155	-26	-15	-12	5	det1=true
[15727]	146	155	-6	3	-16	-2	det1=true
[15728]	138	156	-12	-1	-10	-12	det1=true
[15729]	140	153	-35	-22	-14	-5	det1=true
[15730]	140	153	-40	-22	-14	5	det1=true
[15731]	139	154	-65	2	-14	-1	det1=true
[15732]	139	154	-66	2	-14	1	det1=true
[15733]	144	154	-34	-28	-9	-12	det1=true
[15734]	144	154	-46	-28	-9	12	det1=true
[15735]	68	155	-29	-18	-2	-10	det1=true
[15736]	68	155	-39	-18	-2	10	det1=true
[15737]	102	155	-40	-19	-3	-12	det1=true
[15738]	102	155	-52	-19	-3	12	det1=true
[15739]	103	155	-11	2	-9	-10	det1=true
[15740]	126	155	-26	-5	-4	-14	det1=true
[15741]	104	156	-8	0	-11	-8	det1=true
[15742]	118	156	-52	-10	-8	11	det1=true
[15743]	121	156	-26	0	-3	-14	det1=true
[15744]	136	156	-26	3	-6	-14	det1=true
[15745]	136	156	-40	3	-6	14	det1=true
[15746]	148	156	-55	-44	-14	-2	det1=true
[15747]	148	156	-57	-44	-14	2	det1=true
[15748]	99	153	-38	-35	-4	-11	det1=true
[15749]	99	153	-49	-35	-4	11	det1=true
[15750]	67	154	-18	-2	-7	-8	det1=true
[15751]	67	154	-26	-2	-7	8	det1=true
[15752]	82	153	-40	1	-11	-2	det1=true
[15753]	82	153	-42	1	-11	2	det1=true
[15754]	83	153	-2	2	-11	-5	det1=true
[15755]	83	153	-7	2	-11	5	det1=true
[15756]	136	153	-43	-32	-14	-2	det1=true
[15757]	85	155	-37	-8	-3	-11	det1=true
[15758]	85	155	-48	-8	-3	11	det1=true
[15759]	107	155	-39	-44	-1	-12	det1=true
[15760]	138	153	-52	-42	-9	-10	det1=true
[15761]	156	156	-92	-4	-1	14	det1=true
[15762]	149	153	-25	-21	-12	-10	det1=true
[15763]	149	153	-35	-21	-12	10	det1=true
[15764]	72	155	-35	-24	-10	-2	det1=true
[15765]	142	156	-64	-4	-1	-14	det1=true
[15766]	145	155	-70	-46	-13	-1	det1=true
[15767]	133	155	-12	-4	-15	-3	det1=true
[15768]	118	155	-8	-3	-8	-12	det1=true
[15769]	128	155	-56	-56	-8	-9	det1=true
[15770]	128	155	-65	-56	-8	9	det1=true
