p=383
# format: u v w x y z where a = w + x*i + y*(i+j)/2 + z*(1+k)/2
[1]	1	1	0	0	0	0	det1=true
[2]	10	10	-1	-1	0	-1	det1=true
[3]	9	11	-1	0	0	-1	det1=true
[4]	10	11	-3	-1	0	-1	det1=true
[5]	11	11	-4	-2	0	-1	det1=true
[6]	9	12	-3	-1	-1	0	det1=true
[7]	8	13	-2	-1	0	-1	det1=true
[8]	9	13	-4	0	0	-1	det1=true
[9]	11	13	-5	-4	0	-1	det1=true
[10]	7	14	-1	0	-1	0	det1=true
[11]	8	14	-3	-2	-1	0	det1=true
[12]	9	14	-4	-3	0	-1	det1=true
[13]	15	15	-6	-1	-1	1	det1=true
[14]	7	16	-3	-2	-1	0	det1=true
[15]	15	15	-4	-3	-1	-1	det1=true
[16]	15	15	-5	-1	-1	-1	det1=true
[17]	15	15	-5	-3	-1	1	det1=true
[18]	13	15	-1	0	-1	-1	det1=true
[19]	13	15	-2	0	-1	1	det1=true
[20]	15	17	-7	-2	-1	-1	det1=true
[21]	15	17	-8	-2	-1	1	det1=true
[22]	15	17	-6	-4	-1	-1	det1=true
[23]	15	17	-7	-4	-1	1	det1=true
[24]	6	18	-3	-1	-1	0	det1=true
[25]	20	20	-4	1	-2	0	det1=true
[26]	20	20	-3	0	0	-2	det1=true
[27]	13	19	-6	-3	-1	-1	det1=true
[28]	13	19	-7	-3	-1	1	det1=true
[29]	5	20	-1	-1	0	-1	det1=true
[30]	22	22	-10	1	-2	0	det1=true
[31]	22	22	-9	0	0	-2	det1=true
[32]	22	22	-8	-5	-2	0	det1=true
[33]	22	22	-7	-6	0	-2	det1=true
[34]	20	21	-5	0	0	-2	det1=true
[35]	19	22	-5	-2	-2	0	det1=true
[36]	19	22	-4	-3	0	-2	det1=true
[37]	22	22	-1	0	-1	-2	det1=true
[38]	22	22	-3	0	-1	2	det1=true
[39]	20	21	-6	1	-2	0	det1=true
[40]	23	23	-8	-8	0	-2	det1=true
[41]	16	24	0	1	-2	0	det1=true
[42]	19	24	-6	-5	-2	0	det1=true
[43]	21	23	-1	0	-2	-1	det1=true
[44]	23	23	-6	0	-1	-2	det1=true
[45]	23	23	-8	0	-1	2	det1=true
[46]	23	23	-9	-7	-2	0	det1=true
[47]	9	23	-3	-1	-1	-1	det1=true
[48]	9	23	-4	-1	-1	1	det1=true
[49]	11	23	-5	-5	-1	-1	det1=true
[50]	22	23	-10	-1	0	-2	det1=true
[51]	23	24	-7	-3	-2	-1	det1=true
[52]	23	24	-8	-3	-2	1	det1=true
[53]	21	24	-4	-1	-2	-1	det1=true
[54]	21	24	-5	-1	-2	1	det1=true
[55]	20	24	0	1	-2	-1	det1=true
[56]	20	24	-1	1	-2	1	det1=true
[57]	23	24	-8	1	-2	-1	det1=true
[58]	23	24	-9	1	-2	1	det1=true
[59]	22	24	-5	-3	-1	-2	det1=true
[60]	22	24	-7	-3	-1	2	det1=true
[61]	19	23	-7	-1	-2	0	det1=true
[62]	17	25	-4	-4	0	-2	det1=true
[63]	20	25	-9	-4	0	-2	det1=true
[64]	16	26	-4	-3	-2	0	det1=true
[65]	20	26	-10	-5	-2	0	det1=true
[66]	20	26	-9	-6	0	-2	det1=true
[67]	21	26	-9	-8	-2	0	det1=true
[68]	16	25	-3	0	0	-2	det1=true
[69]	17	26	-6	-3	0	-2	det1=true
[70]	20	25	-10	-3	-2	0	det1=true
[71]	20	25	-4	1	-2	-1	det1=true
[72]	20	25	-5	1	-2	1	det1=true
[73]	22	25	-7	-2	-1	-2	det1=true
[74]	24	25	-9	-4	-1	-2	det1=true
[75]	24	25	-11	-4	-1	2	det1=true
[76]	24	25	-7	-7	-1	-2	det1=true
[77]	21	26	-7	-1	-1	-2	det1=true
[78]	21	26	-9	-1	-1	2	det1=true
[79]	22	26	-7	-5	-2	-1	det1=true
[80]	22	26	-8	-5	-2	1	det1=true
[81]	24	26	-11	0	-1	-2	det1=true
[82]	24	26	-13	0	-1	2	det1=true
[83]	9	25	-4	-3	-1	-1	det1=true
[84]	9	25	-5	-3	-1	1	det1=true
[85]	16	25	-4	1	-2	0	det1=true
[86]	21	25	-4	-4	-1	-2	det1=true
[87]	21	25	-6	-4	-1	2	det1=true
[88]	24	25	-9	-7	-1	2	det1=true
[89]	21	26	-5	-5	-1	-2	det1=true
[90]	21	26	-7	-5	-1	2	det1=true
[91]	26	26	-11	-7	-2	-1	det1=true
[92]	26	26	-12	-7	-2	1	det1=true
[93]	22	25	-9	-2	-1	2	det1=true
[94]	4	25	-1	-1	0	-1	det1=true
[95]	15	28	-5	0	0	-2	det1=true
[96]	18	27	-2	1	-2	-1	det1=true
[97]	18	27	-3	1	-2	1	det1=true
[98]	21	28	-8	-5	-2	-1	det1=true
[99]	21	28	-9	-5	-2	1	det1=true
[100]	27	28	-11	-11	-1	-2	det1=true
[101]	27	28	-13	-11	-1	2	det1=true
[102]	23	27	-10	-4	-1	-2	det1=true
[103]	23	27	-12	-4	-1	2	det1=true
[104]	16	28	-8	1	-2	0	det1=true
[105]	16	28	-7	0	0	-2	det1=true
[106]	18	28	-4	-1	-2	-1	det1=true
[107]	22	28	-8	-7	-2	-1	det1=true
[108]	22	28	-9	-7	-2	1	det1=true
[109]	24	28	-12	-11	-2	0	det1=true
[110]	27	28	-16	-5	-2	1	det1=true
[111]	28	28	-3	0	-2	-2	det1=true
[112]	22	27	-11	-1	-2	1	det1=true
[113]	23	27	-11	-2	-2	-1	det1=true
[114]	23	27	-12	-2	-2	1	det1=true
[115]	15	28	-6	1	-2	0	det1=true
[116]	18	28	-5	-1	-2	1	det1=true
[117]	22	28	-11	-1	-2	-1	det1=true
[118]	18	27	-1	-1	-1	-2	det1=true
[119]	18	27	-3	-1	-1	2	det1=true
[120]	21	27	-8	-2	-1	-2	det1=true
[121]	21	27	-10	-2	-1	2	det1=true
[122]	24	27	-11	-5	-2	-1	det1=true
[123]	20	27	-7	-1	-2	-1	det1=true
[124]	20	27	-8	-1	-2	1	det1=true
[125]	28	28	-16	-7	-2	1	det1=true
[126]	25	28	-12	-7	-2	-1	det1=true
[127]	26	30	-12	-11	-2	-1	det1=true
[128]	16	29	-7	-4	0	-2	det1=true
[129]	18	29	-6	1	-2	-1	det1=true
[130]	18	29	-7	1	-2	1	det1=true
[131]	19	30	-9	1	-2	-1	det1=true
[132]	19	30	-10	1	-2	1	det1=true
[133]	26	30	-13	-11	-2	1	det1=true
[134]	29	30	-1	-1	0	-3	det1=true
[135]	24	29	-11	-8	-1	-2	det1=true
[136]	24	29	-13	-8	-1	2	det1=true
[137]	27	29	-3	1	-2	-2	det1=true
[138]	29	29	-6	-4	-2	-2	det1=true
[139]	29	29	-8	-4	-2	2	det1=true
[140]	14	30	-6	1	-2	0	det1=true
[141]	14	30	-5	0	0	-2	det1=true
[142]	28	30	-7	-2	-2	-2	det1=true
[143]	28	30	-9	-2	-2	2	det1=true
[144]	16	29	-8	-3	-2	0	det1=true
[145]	16	30	0	1	-2	-1	det1=true
[146]	16	30	-1	1	-2	1	det1=true
[147]	23	30	-10	-9	-2	-1	det1=true
[148]	23	30	-11	-9	-2	1	det1=true
[149]	17	29	-3	0	-2	-1	det1=true
[150]	17	29	-4	0	-2	1	det1=true
[151]	20	29	-9	0	-1	-2	det1=true
[152]	20	29	-11	0	-1	2	det1=true
[153]	28	29	-5	-2	-2	-2	det1=true
[154]	28	29	-7	-2	-2	2	det1=true
[155]	20	30	-9	-7	-1	2	det1=true
[156]	18	29	-5	-2	-1	-2	det1=true
[157]	18	29	-7	-2	-1	2	det1=true
[158]	17	30	-5	1	-2	-1	det1=true
[159]	17	30	-6	1	-2	1	det1=true
[160]	20	30	-9	-4	-1	-2	det1=true
[161]	20	30	-7	-7	-1	-2	det1=true
[162]	27	29	-13	-10	-2	-1	det1=true
[163]	27	29	-14	-10	-2	1	det1=true
[164]	18	30	-7	-1	-2	-1	det1=true
[165]	18	30	-8	-1	-2	1	det1=true
[166]	13	32	-4	-3	-2	0	det1=true
[167]	26	32	-6	-3	-2	-2	det1=true
[168]	26	32	-8	-3	-2	2	det1=true
[169]	30	32	-7	-5	0	-3	det1=true
[170]	31	32	-11	-8	-2	-2	det1=true
[171]	31	32	-13	-8	-2	2	det1=true
[172]	31	31	-12	-4	-2	-2	det1=true
[173]	31	31	-14	-4	-2	2	det1=true
[174]	26	32	-7	0	-2	-2	det1=true
[175]	27	32	-1	1	-3	0	det1=true
[176]	18	31	-6	-5	-2	-1	det1=true
[177]	18	31	-7	-5	-2	1	det1=true
[178]	27	32	-8	-3	-2	-2	det1=true
[179]	27	32	-10	-3	-2	2	det1=true
[180]	30	32	-11	-6	-2	-2	det1=true
[181]	30	32	-13	-6	-2	2	det1=true
[182]	16	31	-3	0	-1	-2	det1=true
[183]	16	31	-5	0	-1	2	det1=true
[184]	21	31	-9	-8	-2	-1	det1=true
[185]	21	31	-10	-8	-2	1	det1=true
[186]	12	32	0	1	-2	0	det1=true
[187]	16	32	-8	-7	-2	0	det1=true
[188]	17	32	-7	0	-1	-2	det1=true
[189]	24	32	0	1	-2	-2	det1=true
[190]	29	32	-6	-3	0	-3	det1=true
[191]	31	32	-14	1	-2	-2	det1=true
[192]	32	32	-15	0	-2	-2	det1=true
[193]	16	31	-3	-1	-2	-1	det1=true
[194]	16	31	-4	-1	-2	1	det1=true
[195]	28	31	-9	0	-2	-2	det1=true
[196]	28	31	-11	0	-2	2	det1=true
[197]	7	31	-3	-3	-1	-1	det1=true
[198]	14	31	-6	-1	0	-2	det1=true
[199]	31	31	0	0	-1	-3	det1=true
[200]	31	31	-3	0	-1	3	det1=true
[201]	27	33	-4	-2	-3	0	det1=true
[202]	33	33	-14	-4	-3	0	det1=true
[203]	13	33	-6	-2	-2	0	det1=true
[204]	33	33	-10	-3	-3	-1	det1=true
[205]	33	33	-11	-3	-3	1	det1=true
[206]	33	33	-9	-4	-1	-3	det1=true
[207]	33	33	-12	-4	-1	3	det1=true
[208]	17	33	-8	-2	-2	-1	det1=true
[209]	17	33	-9	-2	-2	1	det1=true
[210]	17	33	-7	-4	-2	-1	det1=true
[211]	17	33	-8	-4	-2	1	det1=true
[212]	32	33	-14	-7	-2	-2	det1=true
[213]	13	33	-5	-3	0	-2	det1=true
[214]	26	34	-8	-5	-2	-2	det1=true
[215]	26	34	-10	-5	-2	2	det1=true
[216]	27	34	-4	-5	0	-3	det1=true
[217]	32	34	-13	-6	-3	0	det1=true
[218]	16	33	-5	-3	-1	-2	det1=true
[219]	16	33	-7	-3	-1	2	det1=true
[220]	25	33	-6	-2	-2	-2	det1=true
[221]	25	33	-8	-2	-2	2	det1=true
[222]	28	33	-10	-5	-2	-2	det1=true
[223]	28	33	-12	-5	-2	2	det1=true
[224]	16	34	-7	0	-1	-2	det1=true
[225]	16	34	-9	0	-1	2	det1=true
[226]	24	34	-6	1	-2	-2	det1=true
[227]	24	34	-8	1	-2	2	det1=true
[228]	28	34	-10	-7	-2	-2	det1=true
[229]	28	34	-12	-7	-2	2	det1=true
[230]	34	34	-16	-9	-2	-2	det1=true
[231]	34	34	-18	-9	-2	2	det1=true
[232]	24	33	-3	-2	-2	-2	det1=true
[233]	24	33	-5	-2	-2	2	det1=true
[234]	24	33	-4	1	-2	-2	det1=true
[235]	24	33	-6	1	-2	2	det1=true
[236]	15	33	-2	-2	-1	-2	det1=true
[237]	15	33	-4	-2	-1	2	det1=true
[238]	15	34	-5	1	-2	-1	det1=true
[239]	15	34	-6	1	-2	1	det1=true
[240]	3	33	-1	0	0	-1	det1=true
[241]	35	35	-16	-12	-2	-2	det1=true
[242]	35	35	-18	-12	-2	2	det1=true
[243]	33	36	-14	-13	-2	-2	det1=true
[244]	33	36	-16	-13	-2	2	det1=true
[245]	22	36	-4	1	-2	-2	det1=true
[246]	22	36	-6	1	-2	2	det1=true
[247]	34	36	-17	-7	-3	0	det1=true
[248]	22	36	-3	-2	-2	-2	det1=true
[249]	22	36	-5	-2	-2	2	det1=true
[250]	26	36	-12	1	-2	-2	det1=true
[251]	26	36	-14	1	-2	2	det1=true
[252]	26	36	-11	-4	-2	-2	det1=true
[253]	26	36	-13	-4	-2	2	det1=true
[254]	27	36	-12	-5	-2	-2	det1=true
[255]	27	36	-14	-5	-2	2	det1=true
[256]	14	35	-2	-1	-2	-1	det1=true
[257]	14	35	-3	-1	-2	1	det1=true
[258]	35	35	-15	-6	-3	1	det1=true
[259]	35	35	-13	-7	-1	-3	det1=true
[260]	35	35	-16	-7	-1	3	det1=true
[261]	25	36	-5	-2	-3	0	det1=true
[262]	29	36	-10	-7	0	-3	det1=true
[263]	27	35	-12	-2	-2	-2	det1=true
[264]	27	35	-14	-2	-2	2	det1=true
[265]	35	35	-14	-6	-3	-1	det1=true
[266]	35	35	-11	-10	-1	-3	det1=true
[267]	35	35	-14	-10	-1	3	det1=true
[268]	23	36	-5	-4	-2	-2	det1=true
[269]	23	36	-7	-4	-2	2	det1=true
[270]	26	36	-7	-1	0	-3	det1=true
[271]	30	36	-12	-11	-2	-2	det1=true
[272]	30	36	-14	-11	-2	2	det1=true
[273]	29	35	-7	1	-3	-1	det1=true
[274]	29	35	-8	1	-3	1	det1=true
[275]	29	35	-6	0	-1	-3	det1=true
[276]	29	35	-9	0	-1	3	det1=true
[277]	14	36	-5	-1	-2	1	det1=true
[278]	12	35	-5	0	0	-2	det1=true
[279]	14	36	-4	-1	-2	-1	det1=true
[280]	24	35	-7	-2	-2	-2	det1=true
[281]	24	35	-9	-2	-2	2	det1=true
[282]	35	35	-12	-9	-3	-1	det1=true
[283]	35	35	-13	-9	-3	1	det1=true
[284]	24	36	-8	-3	-2	-2	det1=true
[285]	24	36	-10	-3	-2	2	det1=true
[286]	12	35	-6	1	-2	0	det1=true
[287]	15	35	-4	-4	-1	-2	det1=true
[288]	15	35	-6	-4	-1	2	det1=true
[289]	15	36	-7	-1	-2	-1	det1=true
[290]	15	36	-8	-1	-2	1	det1=true
[291]	27	37	-4	-3	-3	-1	det1=true
[292]	27	37	-5	-3	-3	1	det1=true
[293]	35	37	-17	-4	-3	-1	det1=true
[294]	35	37	-18	-4	-3	1	det1=true
[295]	13	37	0	0	-1	-2	det1=true
[296]	27	37	-7	-8	0	-3	det1=true
[297]	34	37	-2	1	-2	-3	det1=true
[298]	34	37	-5	1	-2	3	det1=true
[299]	11	38	-4	-3	0	-2	det1=true
[300]	26	38	-10	-9	-2	-2	det1=true
[301]	26	38	-12	-9	-2	2	det1=true
[302]	28	37	-12	-9	-2	-2	det1=true
[303]	37	37	-8	-5	-3	-2	det1=true
[304]	37	37	-10	-5	-3	2	det1=true
[305]	37	38	-11	-1	-2	-3	det1=true
[306]	37	38	-14	-1	-2	3	det1=true
[307]	29	37	-8	-5	-3	-1	det1=true
[308]	32	37	-14	-9	0	-3	det1=true
[309]	35	37	-6	1	-3	-2	det1=true
[310]	35	37	-8	1	-3	2	det1=true
[311]	37	37	-18	-5	-1	-3	det1=true
[312]	37	37	-21	-5	-1	3	det1=true
[313]	13	37	-2	0	-1	2	det1=true
[314]	29	37	-9	-5	-3	1	det1=true
[315]	31	37	-10	-7	-1	-3	det1=true
[316]	31	37	-13	-7	-1	3	det1=true
[317]	37	37	-10	0	-3	-2	det1=true
[318]	37	37	-12	0	-3	2	det1=true
[319]	34	38	-5	-1	-2	-3	det1=true
[320]	34	38	-4	-3	-2	-3	det1=true
[321]	34	38	-7	-3	-2	3	det1=true
[322]	29	37	-7	-6	-1	-3	det1=true
[323]	29	37	-10	-6	-1	3	det1=true
[324]	31	37	-12	-2	-1	-3	det1=true
[325]	31	37	-15	-2	-1	3	det1=true
[326]	35	38	-7	-3	-3	-2	det1=true
[327]	35	38	-9	-3	-3	2	det1=true
[328]	31	37	-13	-1	-3	-1	det1=true
[329]	31	37	-14	-1	-3	1	det1=true
[330]	31	37	-11	-6	-3	-1	det1=true
[331]	31	37	-12	-6	-3	1	det1=true
[332]	34	38	-8	-1	-2	3	det1=true
[333]	24	37	-10	1	-2	-2	det1=true
[334]	12	38	-6	-5	-2	0	det1=true
[335]	24	38	-11	0	-2	-2	det1=true
[336]	24	38	-8	-7	-2	-2	det1=true
[337]	24	38	-10	-7	-2	2	det1=true
[338]	38	38	-12	-3	-2	-3	det1=true
[339]	38	38	-15	-3	-2	3	det1=true
[340]	14	37	-5	-1	-1	-2	det1=true
[341]	14	37	-7	-1	-1	2	det1=true
[342]	38	38	-13	0	-3	-2	det1=true
[343]	38	38	-15	0	-3	2	det1=true
[344]	32	39	-15	-14	-2	-2	det1=true
[345]	22	40	-7	-6	-2	-2	det1=true
[346]	22	40	-9	-6	-2	2	det1=true
[347]	27	40	-12	-11	-2	-2	det1=true
[348]	27	40	-14	-11	-2	2	det1=true
[349]	13	39	-4	-1	-1	-2	det1=true
[350]	13	39	-6	-1	-1	2	det1=true
[351]	27	39	-10	-8	-3	0	det1=true
[352]	12	40	0	1	-2	-1	det1=true
[353]	12	40	-1	1	-2	1	det1=true
[354]	14	39	-5	-5	-1	-2	det1=true
[355]	14	39	-7	-5	-1	2	det1=true
[356]	21	39	-5	-3	-2	-2	det1=true
[357]	21	39	-7	-3	-2	2	det1=true
[358]	23	39	-10	-2	-2	-2	det1=true
[359]	23	39	-12	-2	-2	2	det1=true
[360]	23	39	-8	-6	-2	-2	det1=true
[361]	23	39	-10	-6	-2	2	det1=true
[362]	35	39	-9	-2	-2	-3	det1=true
[363]	35	39	-12	-2	-2	3	det1=true
[364]	39	39	-24	-7	-1	3	det1=true
[365]	32	40	-4	-1	-2	-3	det1=true
[366]	32	40	-7	-1	-2	3	det1=true
[367]	24	39	-11	-4	-2	-2	det1=true
[368]	24	39	-13	-4	-2	2	det1=true
[369]	39	39	-19	-12	-3	-1	det1=true
[370]	39	39	-20	-12	-3	1	det1=true
[371]	21	40	-7	-2	-2	-2	det1=true
[372]	21	40	-9	-2	-2	2	det1=true
[373]	35	40	-8	-7	-2	-3	det1=true
[374]	35	40	-11	-7	-2	3	det1=true
[375]	33	39	-16	-6	-3	-1	det1=true
[376]	33	39	-17	-6	-3	1	det1=true
[377]	33	39	-15	-7	-1	-3	det1=true
[378]	39	39	-18	-13	-1	-3	det1=true
[379]	39	39	-21	-13	-1	3	det1=true
[380]	34	40	-9	-1	-2	-3	det1=true
[381]	34	40	-12	-1	-2	3	det1=true
[382]	37	40	-11	-8	-3	-2	det1=true
[383]	37	40	-13	-8	-3	2	det1=true
[384]	10	40	-4	1	-2	0	det1=true
[385]	10	40	-3	0	0	-2	det1=true
[386]	24	40	-11	-6	-2	-2	det1=true
[387]	24	40	-13	-6	-2	2	det1=true
[388]	38	40	-13	-7	-2	-3	det1=true
[389]	38	40	-16	-7	-2	3	det1=true
[390]	40	40	-17	-4	-3	-2	det1=true
[391]	40	40	-19	-4	-3	2	det1=true
[392]	15	39	-7	-6	-2	-1	det1=true
[393]	15	39	-8	-6	-2	1	det1=true
[394]	40	40	-13	-11	-2	-3	det1=true
[395]	40	40	-16	-11	-2	3	det1=true
[396]	5	39	-1	0	-1	-1	det1=true
[397]	5	39	-2	0	-1	1	det1=true
[398]	20	39	-2	-1	-2	-2	det1=true
[399]	20	39	-4	-1	-2	2	det1=true
[400]	32	39	0	1	-2	-3	det1=true
[401]	32	39	-3	1	-2	3	det1=true
[402]	29	41	-14	-3	-3	-1	det1=true
[403]	29	41	-15	-3	-3	1	det1=true
[404]	23	43	-9	-4	0	-3	det1=true
[405]	12	43	-5	0	-1	-2	det1=true
[406]	12	43	-7	0	-1	2	det1=true
[407]	29	43	0	1	-3	-2	det1=true
[408]	29	43	-2	1	-3	2	det1=true
[409]	27	44	-13	-11	-3	0	det1=true
[410]	12	41	-3	1	-2	-1	det1=true
[411]	12	41	-4	1	-2	1	det1=true
[412]	32	41	-5	-4	-3	-2	det1=true
[413]	32	41	-7	-4	-3	2	det1=true
[414]	12	42	-4	-1	-2	-1	det1=true
[415]	12	42	-5	-1	-2	1	det1=true
[416]	22	42	-10	-5	-2	-2	det1=true
[417]	22	42	-12	-5	-2	2	det1=true
[418]	31	42	-5	-3	-3	-2	det1=true
[419]	31	42	-7	-3	-3	2	det1=true
[420]	11	44	-1	0	-1	-2	det1=true
[421]	11	44	-3	0	-1	2	det1=true
[422]	18	44	-4	1	-2	-2	det1=true
[423]	18	44	-6	1	-2	2	det1=true
[424]	29	44	-4	1	-2	-3	det1=true
[425]	29	44	-7	1	-2	3	det1=true
[426]	43	44	-13	-7	-4	-1	det1=true
[427]	43	44	-14	-7	-4	1	det1=true
[428]	40	41	-1	-1	-1	-4	det1=true
[429]	40	41	-5	-1	-1	4	det1=true
[430]	31	42	-6	1	-2	-3	det1=true
[431]	31	42	-9	1	-2	3	det1=true
[432]	34	42	-12	1	-2	-3	det1=true
[433]	34	42	-15	1	-2	3	det1=true
[434]	23	43	-5	1	-3	-1	det1=true
[435]	23	43	-6	1	-3	1	det1=true
[436]	23	43	-4	0	-1	-3	det1=true
[437]	23	43	-7	0	-1	3	det1=true
[438]	43	43	-29	-3	-3	-1	det1=true
[439]	18	44	-3	-2	-2	-2	det1=true
[440]	18	44	-5	-2	-2	2	det1=true
[441]	38	44	-6	1	-4	-1	det1=true
[442]	38	44	-7	1	-4	1	det1=true
[443]	29	41	-13	-4	-1	-3	det1=true
[444]	39	41	-15	-8	-2	-3	det1=true
[445]	39	41	-18	-8	-2	3	det1=true
[446]	40	42	-19	-9	-3	2	det1=true
[447]	40	42	-5	-1	-1	-4	det1=true
[448]	40	42	-9	-1	-1	4	det1=true
[449]	41	42	-7	-3	-1	-4	det1=true
[450]	41	42	-11	-3	-1	4	det1=true
[451]	42	42	-10	-3	-4	-1	det1=true
[452]	42	42	-11	-3	-4	1	det1=true
[453]	19	43	-4	-4	-2	-2	det1=true
[454]	21	43	-9	-5	-2	-2	det1=true
[455]	21	43	-11	-5	-2	2	det1=true
[456]	32	43	-9	-4	-3	-2	det1=true
[457]	32	43	-11	-4	-3	2	det1=true
[458]	34	43	-13	-3	-3	-2	det1=true
[459]	34	43	-15	-3	-3	2	det1=true
[460]	37	43	-16	-6	-3	-2	det1=true
[461]	40	43	-5	-6	-1	-4	det1=true
[462]	40	43	-9	-6	-1	4	det1=true
[463]	12	44	-7	-3	-1	2	det1=true
[464]	39	44	-7	-2	-1	-4	det1=true
[465]	39	44	-11	-2	-1	4	det1=true
[466]	42	44	-14	-1	-4	-1	det1=true
[467]	42	44	-15	-1	-4	1	det1=true
[468]	35	41	-12	-3	-3	-2	det1=true
[469]	35	41	-14	-3	-3	2	det1=true
[470]	41	41	-14	-13	-3	-2	det1=true
[471]	41	41	-16	-13	-3	2	det1=true
[472]	37	42	-15	-5	-2	-3	det1=true
[473]	37	42	-18	-5	-2	3	det1=true
[474]	39	42	-1	0	-1	-4	det1=true
[475]	39	42	-5	0	-1	4	det1=true
[476]	40	42	-6	-1	-4	-1	det1=true
[477]	24	43	-11	-10	-2	-2	det1=true
[478]	27	43	-14	-3	-3	1	det1=true
[479]	27	43	-12	-4	-1	-3	det1=true
[480]	27	43	-15	-4	-1	3	det1=true
[481]	35	43	-17	-14	-3	-1	det1=true
[482]	35	43	-18	-14	-3	1	det1=true
[483]	37	43	-18	-6	-3	2	det1=true
[484]	42	43	-9	-7	-1	-4	det1=true
[485]	42	43	-13	-7	-1	4	det1=true
[486]	12	44	-5	-3	-1	-2	det1=true
[487]	31	41	-6	1	-3	2	det1=true
[488]	32	41	-7	0	-3	-2	det1=true
[489]	32	41	-9	0	-3	2	det1=true
[490]	41	41	-25	-7	-3	-1	det1=true
[491]	41	41	-18	-18	-1	-3	det1=true
[492]	40	42	-7	-1	-4	1	det1=true
[493]	25	43	-10	-1	-3	-1	det1=true
[494]	25	43	-11	-1	-3	1	det1=true
[495]	29	43	-12	-10	-3	-1	det1=true
[496]	29	43	-13	-10	-3	1	det1=true
[497]	31	43	-8	-1	-3	-2	det1=true
[498]	34	43	-11	-7	-3	-2	det1=true
[499]	35	43	-13	-6	-2	-3	det1=true
[500]	35	43	-16	-6	-2	3	det1=true
[501]	35	43	-12	-8	-3	-2	det1=true
[502]	35	43	-14	-8	-3	2	det1=true
[503]	39	43	-4	-3	-1	-4	det1=true
[504]	39	43	-8	-3	-1	4	det1=true
[505]	40	43	-9	1	-4	-1	det1=true
[506]	40	43	-10	1	-4	1	det1=true
[507]	41	43	-18	-11	-3	-2	det1=true
[508]	41	43	-20	-11	-3	2	det1=true
[509]	43	43	-12	-6	-4	-1	det1=true
[510]	43	43	-13	-6	-4	1	det1=true
[511]	44	44	-17	1	-4	-1	det1=true
[512]	31	41	-12	-11	-3	-1	det1=true
[513]	31	41	-13	-11	-3	1	det1=true
[514]	31	41	-4	1	-3	-2	det1=true
[515]	38	41	-15	-6	-3	-2	det1=true
[516]	38	41	-17	-6	-3	2	det1=true
[517]	41	41	-19	-17	-3	-1	det1=true
[518]	29	43	-11	-11	-1	-3	det1=true
[519]	29	43	-14	-11	-1	3	det1=true
[520]	31	43	-10	-1	-3	2	det1=true
[521]	31	41	-16	-7	-3	1	det1=true
[522]	40	42	-17	-9	-3	-2	det1=true
[523]	41	44	-11	-2	-1	-4	det1=true
[524]	41	44	-15	-2	-1	4	det1=true
[525]	44	44	-18	1	-4	1	det1=true
[526]	31	41	-14	-8	-1	-3	det1=true
[527]	31	41	-17	-8	-1	3	det1=true
[528]	34	41	-10	-3	-2	-3	det1=true
[529]	34	41	-13	-3	-2	3	det1=true
[530]	34	43	-13	-7	-3	2	det1=true
[531]	20	41	-6	-1	-2	-2	det1=true
[532]	20	41	-8	-1	-2	2	det1=true
[533]	20	42	-7	-2	-2	-2	det1=true
[534]	20	42	-9	-2	-2	2	det1=true
[535]	5	41	-2	-2	-1	-1	det1=true
[536]	10	41	-4	-1	0	-2	det1=true
[537]	20	44	-7	-6	-2	-2	det1=true
[538]	20	44	-9	-6	-2	2	det1=true
[539]	44	48	-12	1	-2	-4	det1=true
[540]	44	48	-16	1	-2	4	det1=true
[541]	45	45	-16	-8	-1	-4	det1=true
[542]	45	45	-20	-8	-1	4	det1=true
[543]	20	46	-6	-1	0	-3	det1=true
[544]	37	46	-11	0	0	-4	det1=true
[545]	46	46	-9	-8	-4	-2	det1=true
[546]	46	46	-11	-8	-4	2	det1=true
[547]	11	47	-4	-3	-1	-2	det1=true
[548]	11	47	-6	-3	-1	2	det1=true
[549]	34	47	-13	-11	-3	-2	det1=true
[550]	34	47	-15	-11	-3	2	det1=true
[551]	18	48	-8	-3	-2	-2	det1=true
[552]	18	48	-10	-3	-2	2	det1=true
[553]	11	45	-2	-2	-1	-2	det1=true
[554]	11	45	-4	-2	-1	2	det1=true
[555]	38	45	-7	0	-1	-4	det1=true
[556]	38	45	-11	0	-1	4	det1=true
[557]	44	45	-13	-11	-4	-1	det1=true
[558]	44	45	-14	-11	-4	1	det1=true
[559]	33	46	-15	1	-2	-3	det1=true
[560]	33	46	-18	1	-2	3	det1=true
[561]	42	48	-9	2	-4	-2	det1=true
[562]	42	48	-11	2	-4	2	det1=true
[563]	43	48	-13	-14	-1	-4	det1=true
[564]	43	48	-17	-14	-1	4	det1=true
[565]	47	48	-13	-10	-4	-2	det1=true
[566]	47	48	-15	-10	-4	2	det1=true
[567]	25	45	-9	-7	-1	-3	det1=true
[568]	25	45	-12	-7	-1	3	det1=true
[569]	41	45	-10	-8	-1	-4	det1=true
[570]	41	45	-14	-8	-1	4	det1=true
[571]	41	45	-8	-4	-3	-3	det1=true
[572]	41	45	-11	-4	-3	3	det1=true
[573]	28	46	-5	1	-2	-3	det1=true
[574]	28	46	-8	1	-2	3	det1=true
[575]	32	46	-13	-4	-3	-2	det1=true
[576]	38	46	-16	-13	-2	-3	det1=true
[577]	38	46	-19	-13	-2	3	det1=true
[578]	42	46	-2	1	-2	-4	det1=true
[579]	17	47	-3	-3	-2	-2	det1=true
[580]	40	48	-14	-7	-4	-1	det1=true
[581]	40	48	-15	-7	-4	1	det1=true
[582]	42	48	-17	-7	-4	-1	det1=true
[583]	42	48	-18	-7	-4	1	det1=true
[584]	43	48	-11	0	-4	-2	det1=true
[585]	44	48	-13	2	-4	-2	det1=true
[586]	44	48	-15	2	-4	2	det1=true
[587]	45	48	-13	-8	-4	2	det1=true
[588]	39	45	-10	-2	-4	-1	det1=true
[589]	39	45	-11	-2	-4	1	det1=true
[590]	43	45	-12	-10	-1	-4	det1=true
[591]	43	45	-16	-10	-1	4	det1=true
[592]	45	45	-8	-2	-2	-4	det1=true
[593]	45	45	-12	-2	-2	4	det1=true
[594]	18	46	-5	-4	-2	-2	det1=true
[595]	18	46	-7	-4	-2	2	det1=true
[596]	38	46	-10	-1	-4	-1	det1=true
[597]	38	46	-11	-1	-4	1	det1=true
[598]	40	46	-11	-6	-1	-4	det1=true
[599]	40	46	-15	-6	-1	4	det1=true
[600]	40	46	-13	-9	-1	4	det1=true
[601]	42	46	-14	-9	-4	1	det1=true
[602]	46	46	-21	-3	-4	-1	det1=true
[603]	46	46	-22	-3	-4	1	det1=true
[604]	23	47	-10	-2	-3	-1	det1=true
[605]	23	47	-11	-2	-3	1	det1=true
[606]	35	47	-18	-9	-3	2	det1=true
[607]	42	47	-5	-2	-2	-4	det1=true
[608]	42	47	-9	-2	-2	4	det1=true
[609]	17	48	-6	1	-2	-2	det1=true
[610]	17	48	-8	1	-2	2	det1=true
[611]	35	48	-17	-9	-3	-2	det1=true
[612]	42	48	-6	-5	-2	-4	det1=true
[613]	42	48	-10	-5	-2	4	det1=true
[614]	43	48	-10	-1	-2	-4	det1=true
[615]	43	48	-14	-1	-2	4	det1=true
[616]	44	48	-19	-6	-1	-4	det1=true
[617]	44	48	-23	-6	-1	4	det1=true
[618]	45	48	-11	-8	-4	-2	det1=true
[619]	47	48	-22	-9	-4	-1	det1=true
[620]	47	48	-23	-9	-4	1	det1=true
[621]	23	45	-6	-4	-1	-3	det1=true
[622]	23	45	-9	-4	-1	3	det1=true
[623]	25	45	-10	-6	-3	-1	det1=true
[624]	25	45	-11	-6	-3	1	det1=true
[625]	37	45	-4	0	-1	-4	det1=true
[626]	37	45	-8	0	-1	4	det1=true
[627]	38	45	-7	-3	-4	-1	det1=true
[628]	38	45	-8	-3	-4	1	det1=true
[629]	40	45	-9	-7	-4	-1	det1=true
[630]	40	45	-10	-7	-4	1	det1=true
[631]	41	45	-12	-4	-1	-4	det1=true
[632]	44	45	-18	-1	-4	-1	det1=true
[633]	44	45	-19	-1	-4	1	det1=true
[634]	45	45	-9	-1	-4	-2	det1=true
[635]	45	45	-11	-1	-4	2	det1=true
[636]	29	46	-7	-3	-2	-3	det1=true
[637]	29	46	-10	-3	-2	3	det1=true
[638]	37	46	-17	-10	-3	-2	det1=true
[639]	37	46	-19	-10	-3	2	det1=true
[640]	40	46	-14	1	-4	-1	det1=true
[641]	40	46	-15	1	-4	1	det1=true
[642]	40	46	-9	-9	-1	-4	det1=true
[643]	42	46	-13	-9	-4	-1	det1=true
[644]	45	46	-16	-11	-4	-1	det1=true
[645]	45	46	-17	-11	-4	1	det1=true
[646]	46	46	-13	0	-4	-2	det1=true
[647]	46	46	-15	0	-4	2	det1=true
[648]	28	47	-7	-1	-3	-2	det1=true
[649]	28	47	-9	-1	-3	2	det1=true
[650]	30	47	-11	-3	-3	-2	det1=true
[651]	30	47	-13	-3	-3	2	det1=true
[652]	32	47	-15	0	-3	-2	det1=true
[653]	32	47	-17	0	-3	2	det1=true
[654]	35	47	-2	0	-1	-4	det1=true
[655]	35	47	-6	0	-1	4	det1=true
[656]	37	47	-10	2	-4	-1	det1=true
[657]	37	47	-11	2	-4	1	det1=true
[658]	41	47	-14	-6	-1	-4	det1=true
[659]	41	47	-18	-6	-1	4	det1=true
[660]	42	47	-6	-1	-4	-2	det1=true
[661]	19	48	-8	-7	-2	-2	det1=true
[662]	19	48	-10	-7	-2	2	det1=true
[663]	29	48	-9	-5	-2	-3	det1=true
[664]	29	48	-12	-5	-2	3	det1=true
[665]	36	48	-9	-1	-4	-1	det1=true
[666]	36	48	-10	-1	-4	1	det1=true
[667]	43	48	-13	0	-4	2	det1=true
[668]	45	48	-22	-3	-4	-1	det1=true
[669]	45	48	-23	-3	-4	1	det1=true
[670]	47	48	-16	-3	-2	-4	det1=true
[671]	47	48	-20	-3	-2	4	det1=true
[672]	47	48	-12	-11	-2	-4	det1=true
[673]	37	45	-4	-2	-4	-1	det1=true
[674]	37	45	-5	-2	-4	1	det1=true
[675]	39	45	-9	-4	-4	-1	det1=true
[676]	39	45	-10	-4	-4	1	det1=true
[677]	41	45	-16	-4	-1	4	det1=true
[678]	28	46	-5	-1	-3	-2	det1=true
[679]	32	46	-15	-4	-3	2	det1=true
[680]	36	46	-3	-1	-1	-4	det1=true
[681]	36	46	-7	-1	-1	4	det1=true
[682]	39	46	-15	-4	-4	0	det1=true
[683]	39	46	-12	-1	-4	-1	det1=true
[684]	39	46	-13	-1	-4	1	det1=true
[685]	41	46	-19	-14	-3	-2	det1=true
[686]	42	47	-8	-1	-4	2	det1=true
[687]	47	47	-16	0	-4	-2	det1=true
[688]	47	47	-18	0	-4	2	det1=true
[689]	47	47	-15	-1	-2	-4	det1=true
[690]	47	47	-19	-1	-2	4	det1=true
[691]	35	48	-6	-1	-4	-1	det1=true
[692]	35	48	-7	-1	-4	1	det1=true
[693]	45	48	-19	-9	-1	-4	det1=true
[694]	45	48	-23	-9	-1	4	det1=true
[695]	45	48	-17	-13	-4	-1	det1=true
[696]	45	48	-18	-13	-4	1	det1=true
[697]	45	48	-10	-9	-2	-4	det1=true
[698]	45	48	-14	-9	-2	4	det1=true
[699]	47	48	-16	-11	-2	4	det1=true
[700]	48	48	-16	-7	-2	-4	det1=true
[701]	48	48	-20	-7	-2	4	det1=true
[702]	23	45	-7	-3	-3	-1	det1=true
[703]	23	45	-8	-3	-3	1	det1=true
[704]	38	45	-8	-1	-4	-1	det1=true
[705]	38	45	-9	-1	-4	1	det1=true
[706]	43	45	-17	2	-4	-1	det1=true
[707]	43	45	-18	2	-4	1	det1=true
[708]	32	46	-13	-3	-2	-3	det1=true
[709]	32	46	-16	-3	-2	3	det1=true
[710]	31	47	-13	0	-2	-3	det1=true
[711]	43	47	-14	-6	-3	-3	det1=true
[712]	43	47	-17	-6	-3	3	det1=true
[713]	41	48	-5	-2	-4	-2	det1=true
[714]	41	48	-7	-2	-4	2	det1=true
[715]	46	48	-14	-5	-2	-4	det1=true
[716]	46	48	-18	-5	-2	4	det1=true
[717]	23	47	-9	-3	-1	-3	det1=true
[718]	23	47	-12	-3	-1	3	det1=true
[719]	31	47	-12	-5	-3	-2	det1=true
[720]	31	47	-14	-5	-3	2	det1=true
[721]	34	48	-1	1	-4	-1	det1=true
[722]	34	48	-2	1	-4	1	det1=true
[723]	40	48	-15	-1	-1	-4	det1=true
[724]	40	48	-19	-1	-1	4	det1=true
[725]	47	48	-17	-2	-4	-2	det1=true
[726]	47	48	-19	-2	-4	2	det1=true
[727]	28	46	-7	-1	-3	2	det1=true
[728]	45	47	-18	-10	-4	-1	det1=true
[729]	45	47	-19	-10	-4	1	det1=true
[730]	31	47	-10	-8	-3	-2	det1=true
[731]	31	47	-12	-8	-3	2	det1=true
[732]	35	47	-3	0	-4	-1	det1=true
[733]	35	47	-4	0	-4	1	det1=true
[734]	42	47	-15	-7	-1	-4	det1=true
[735]	42	47	-19	-7	-1	4	det1=true
[736]	35	48	-5	-1	-1	-4	det1=true
[737]	35	48	-9	-1	-1	4	det1=true
[738]	41	48	-4	-3	-2	-4	det1=true
[739]	41	48	-8	-3	-2	4	det1=true
[740]	48	48	-22	-11	-4	-1	det1=true
[741]	48	48	-23	-11	-4	1	det1=true
[742]	48	48	-17	-6	-4	-2	det1=true
[743]	48	48	-19	-6	-4	2	det1=true
[744]	37	46	-9	1	-4	1	det1=true
[745]	45	45	-19	-2	-4	-1	det1=true
[746]	45	45	-20	-2	-4	1	det1=true
[747]	37	46	-8	1	-4	-1	det1=true
[748]	38	47	-12	1	-4	-1	det1=true
[749]	38	47	-13	1	-4	1	det1=true
[750]	38	47	-11	-3	-4	-1	det1=true
[751]	38	47	-12	-3	-4	1	det1=true
[752]	8	48	0	1	-2	0	det1=true
[753]	16	48	0	1	-2	-2	det1=true
[754]	40	48	0	1	-2	-4	det1=true
[755]	10	48	0	1	-2	-1	det1=true
[756]	10	48	-1	1	-2	1	det1=true
[757]	26	48	0	1	-2	-3	det1=true
[758]	43	49	-20	-19	-3	-2	det1=true
[759]	43	49	-22	-19	-3	2	det1=true
[760]	43	52	-15	-6	-4	-2	det1=true
[761]	43	52	-17	-6	-4	2	det1=true
[762]	27	49	-13	-12	-3	-1	det1=true
[763]	27	49	-14	-12	-3	1	det1=true
[764]	39	49	-11	-4	-3	-3	det1=true
[765]	39	49	-14	-4	-3	3	det1=true
[766]	35	50	-8	-5	-4	-1	det1=true
[767]	35	50	-9	-5	-4	1	det1=true
[768]	39	50	-4	-1	-4	-2	det1=true
[769]	39	50	-6	-1	-4	2	det1=true
[770]	48	52	-16	-15	-2	-4	det1=true
[771]	48	52	-20	-15	-2	4	det1=true
[772]	36	49	-10	-3	-4	-1	det1=true
[773]	36	49	-11	-3	-4	1	det1=true
[774]	45	49	-19	-12	-4	-1	det1=true
[775]	45	49	-20	-12	-4	1	det1=true
[776]	25	50	-1	1	-3	-2	det1=true
[777]	25	50	-3	1	-3	2	det1=true
[778]	31	50	-14	-7	-2	-3	det1=true
[779]	31	50	-17	-7	-2	3	det1=true
[780]	32	50	-13	-11	-2	-3	det1=true
[781]	32	50	-16	-11	-2	3	det1=true
[782]	36	50	-11	-1	-1	-4	det1=true
[783]	36	50	-15	-1	-1	4	det1=true
[784]	42	50	-15	-13	-1	-4	det1=true
[785]	42	50	-19	-13	-1	4	det1=true
[786]	49	50	-5	-1	-3	-4	det1=true
[787]	49	50	-9	-1	-3	4	det1=true
[788]	42	51	-17	0	-2	4	det1=true
[789]	45	52	-17	-8	-4	-2	det1=true
[790]	45	52	-19	-8	-4	2	det1=true
[791]	47	52	-5	1	-3	-4	det1=true
[792]	47	52	-9	1	-3	4	det1=true
[793]	25	49	-12	-9	-3	-1	det1=true
[794]	25	49	-13	-9	-3	1	det1=true
[795]	37	49	-17	-14	-2	-3	det1=true
[796]	37	49	-20	-14	-2	3	det1=true
[797]	39	49	-13	-8	-4	-1	det1=true
[798]	41	49	-16	-7	-1	-4	det1=true
[799]	42	49	-20	-1	-4	-1	det1=true
[800]	43	49	-21	-2	-4	-1	det1=true
[801]	43	49	-22	-2	-4	1	det1=true
[802]	48	49	-19	-4	-4	-2	det1=true
[803]	48	49	-18	-5	-2	-4	det1=true
[804]	48	49	-22	-5	-2	4	det1=true
[805]	49	49	-21	1	-4	-2	det1=true
[806]	49	49	-23	1	-4	2	det1=true
[807]	39	50	-15	-7	-4	-1	det1=true
[808]	39	50	-16	-7	-4	1	det1=true
[809]	42	50	-22	-1	-4	1	det1=true
[810]	42	50	-17	-10	-1	-4	det1=true
[811]	42	50	-21	-10	-1	4	det1=true
[812]	43	50	-14	-1	-4	-2	det1=true
[813]	43	50	-16	-1	-4	2	det1=true
[814]	48	50	-21	2	-4	-2	det1=true
[815]	48	50	-23	2	-4	2	det1=true
[816]	49	50	-19	-19	-1	-4	det1=true
[817]	49	50	-23	-19	-1	4	det1=true
[818]	50	50	-21	-8	-4	-2	det1=true
[819]	50	50	-23	-8	-4	2	det1=true
[820]	36	51	-13	-3	-4	-1	det1=true
[821]	37	51	-10	-4	-3	-3	det1=true
[822]	37	51	-13	-4	-3	3	det1=true
[823]	39	51	-10	-10	-3	-3	det1=true
[824]	39	51	-10	-2	-2	4	det1=true
[825]	45	51	-18	-16	-4	-1	det1=true
[826]	45	51	-19	-16	-4	1	det1=true
[827]	49	51	-2	1	-5	-1	det1=true
[828]	49	51	-3	1	-5	1	det1=true
[829]	50	51	-24	-1	-4	-2	det1=true
[830]	50	51	-26	-1	-4	2	det1=true
[831]	51	51	-8	0	-1	-5	det1=true
[832]	51	51	-13	0	-1	5	det1=true
[833]	15	52	-2	-1	-2	-2	det1=true
[834]	15	52	-4	-1	-2	2	det1=true
[835]	39	52	-15	-10	-1	-4	det1=true
[836]	39	52	-19	-10	-1	4	det1=true
[837]	40	52	-17	-9	-1	-4	det1=true
[838]	48	52	-23	0	-4	-2	det1=true
[839]	48	52	-25	0	-4	2	det1=true
[840]	48	52	-7	-3	-3	-4	det1=true
[841]	48	52	-11	-3	-3	4	det1=true
[842]	52	52	-15	-3	-3	-4	det1=true
[843]	52	52	-19	-3	-3	4	det1=true
[844]	28	49	-8	-5	-2	-3	det1=true
[845]	40	49	-17	-3	-4	-1	det1=true
[846]	40	49	-18	-3	-4	1	det1=true
[847]	40	49	-14	-9	-4	-1	det1=true
[848]	40	49	-15	-9	-4	1	det1=true
[849]	41	49	-15	-2	-3	-3	det1=true
[850]	41	49	-18	-2	-3	3	det1=true
[851]	42	49	-19	-5	-4	-1	det1=true
[852]	42	49	-20	-5	-4	1	det1=true
[853]	49	49	-15	-13	-2	-4	det1=true
[854]	49	49	-19	-13	-2	4	det1=true
[855]	28	50	-8	-7	-2	-3	det1=true
[856]	28	50	-11	-7	-2	3	det1=true
[857]	39	50	-16	-5	-4	-1	det1=true
[858]	39	50	-17	-5	-4	1	det1=true
[859]	21	51	-10	0	-3	-1	det1=true
[860]	21	51	-11	0	-3	1	det1=true
[861]	32	51	-1	1	-4	-1	det1=true
[862]	32	51	-2	1	-4	1	det1=true
[863]	35	51	-8	-7	-1	-4	det1=true
[864]	35	51	-12	-7	-1	4	det1=true
[865]	36	51	-14	-3	-4	1	det1=true
[866]	39	51	-6	-2	-2	-4	det1=true
[867]	44	51	-17	0	-4	-2	det1=true
[868]	44	51	-19	0	-4	2	det1=true
[869]	51	51	-39	-1	-1	-3	det1=true
[870]	37	52	-1	0	-4	-2	det1=true
[871]	37	52	-3	0	-4	2	det1=true
[872]	40	52	-8	-7	-2	-4	det1=true
[873]	51	52	-27	-13	-1	-4	det1=true
[874]	28	49	-11	-5	-2	3	det1=true
[875]	34	49	-3	-3	-1	-4	det1=true
[876]	34	49	-7	-3	-1	4	det1=true
[877]	39	49	-14	-8	-4	1	det1=true
[878]	40	49	-15	-6	-1	-4	det1=true
[879]	40	49	-19	-6	-1	4	det1=true
[880]	41	49	-20	-7	-1	4	det1=true
[881]	18	50	-5	-2	-3	0	det1=true
[882]	35	50	-9	0	-1	-4	det1=true
[883]	35	50	-13	0	-1	4	det1=true
[884]	41	50	-15	-11	-1	-4	det1=true
[885]	41	50	-19	-11	-1	4	det1=true
[886]	21	51	-12	-1	-1	3	det1=true
[887]	35	51	-10	-3	-1	-4	det1=true
[888]	35	51	-14	-3	-1	4	det1=true
[889]	42	51	-14	1	-4	-2	det1=true
[890]	42	51	-16	1	-4	2	det1=true
[891]	42	51	-13	0	-2	-4	det1=true
[892]	43	51	-20	-1	-3	-3	det1=true
[893]	43	51	-23	-1	-3	3	det1=true
[894]	43	51	-16	-15	-1	-4	det1=true
[895]	43	51	-20	-15	-1	4	det1=true
[896]	44	51	-16	-1	-2	-4	det1=true
[897]	44	51	-20	-1	-2	4	det1=true
[898]	47	51	0	2	-4	-3	det1=true
[899]	47	51	-3	2	-4	3	det1=true
[900]	51	51	-7	-4	-1	-5	det1=true
[901]	51	51	-12	-4	-1	5	det1=true
[902]	24	52	0	1	-2	-3	det1=true
[903]	45	52	-25	-13	-1	4	det1=true
[904]	49	52	-7	-7	-3	-4	det1=true
[905]	49	52	-11	-7	-3	4	det1=true
[906]	25	49	-11	-10	-1	-3	det1=true
[907]	25	49	-14	-10	-1	3	det1=true
[908]	46	49	-16	-5	-4	-2	det1=true
[909]	46	49	-18	-5	-4	2	det1=true
[910]	46	49	-15	-6	-2	-4	det1=true
[911]	46	49	-19	-6	-2	4	det1=true
[912]	46	49	-12	-11	-4	-2	det1=true
[913]	46	49	-14	-11	-4	2	det1=true
[914]	48	49	-21	-4	-4	2	det1=true
[915]	30	50	-11	-9	-3	-2	det1=true
[916]	30	50	-13	-9	-3	2	det1=true
[917]	36	50	-9	-7	-4	-1	det1=true
[918]	36	50	-10	-7	-4	1	det1=true
[919]	44	50	-17	-14	-1	-4	det1=true
[920]	44	50	-21	-14	-1	4	det1=true
[921]	50	50	-6	-5	-4	-3	det1=true
[922]	50	50	-9	-5	-4	3	det1=true
[923]	34	51	-7	-5	-4	-1	det1=true
[924]	34	51	-8	-5	-4	1	det1=true
[925]	37	51	-14	-1	-1	-4	det1=true
[926]	37	51	-18	-1	-1	4	det1=true
[927]	42	51	-19	-8	-1	-4	det1=true
[928]	42	51	-23	-8	-1	4	det1=true
[929]	43	51	-20	-10	-4	-1	det1=true
[930]	43	51	-21	-10	-4	1	det1=true
[931]	47	51	-19	-7	-4	-2	det1=true
[932]	47	51	-21	-7	-4	2	det1=true
[933]	40	52	-12	-7	-2	4	det1=true
[934]	48	52	-22	-17	-4	-1	det1=true
[935]	48	52	-23	-17	-4	1	det1=true
[936]	28	49	-12	-3	-2	3	det1=true
[937]	39	50	-18	-17	-2	-3	det1=true
[938]	39	50	-21	-17	-2	3	det1=true
[939]	21	51	-7	-6	-3	-1	det1=true
[940]	21	51	-8	-6	-3	1	det1=true
[941]	49	51	0	-1	-1	-5	det1=true
[942]	49	51	-5	-1	-1	5	det1=true
[943]	33	52	-7	-2	-1	-4	det1=true
[944]	33	52	-11	-2	-1	4	det1=true
[945]	48	52	-17	-14	-4	-2	det1=true
[946]	48	52	-19	-14	-4	2	det1=true
[947]	41	49	-19	2	-4	-1	det1=true
[948]	41	49	-20	2	-4	1	det1=true
[949]	49	49	-20	0	-2	-4	det1=true
[950]	49	49	-24	0	-2	4	det1=true
[951]	49	49	-16	-12	-4	-2	det1=true
[952]	49	49	-18	-12	-4	2	det1=true
[953]	41	50	-20	1	-4	-1	det1=true
[954]	41	50	-21	1	-4	1	det1=true
[955]	42	50	-19	-5	-1	-4	det1=true
[956]	42	50	-23	-5	-1	4	det1=true
[957]	50	51	-23	-2	-2	-4	det1=true
[958]	50	51	-27	-2	-2	4	det1=true
[959]	51	51	-18	-16	-4	-2	det1=true
[960]	51	51	-20	-16	-4	2	det1=true
[961]	26	52	-9	-1	-3	-2	det1=true
[962]	26	52	-11	-1	-3	2	det1=true
[963]	34	52	-9	-5	-4	-1	det1=true
[964]	34	52	-10	-5	-4	1	det1=true
[965]	28	49	-9	-3	-2	-3	det1=true
[966]	45	49	-14	-14	-3	-3	det1=true
[967]	43	50	-13	-2	-2	-4	det1=true
[968]	43	50	-17	-2	-2	4	det1=true
[969]	47	50	-23	-11	-4	-1	det1=true
[970]	47	50	-24	-11	-4	1	det1=true
[971]	50	50	-20	-9	-2	-4	det1=true
[972]	50	50	-24	-9	-2	4	det1=true
[973]	26	49	-3	-2	-3	-2	det1=true
[974]	26	49	-5	-2	-3	2	det1=true
[975]	45	49	-15	1	-2	-4	det1=true
[976]	45	49	-19	1	-2	4	det1=true
[977]	49	50	-4	-3	-4	-3	det1=true
[978]	49	50	-7	-3	-4	3	det1=true
[979]	33	50	-4	1	-4	-1	det1=true
[980]	33	50	-5	1	-4	1	det1=true
[981]	25	51	-3	-2	-2	-3	det1=true
[982]	25	51	-6	-2	-2	3	det1=true
[983]	35	51	-12	2	-4	-1	det1=true
[984]	35	51	-13	2	-4	1	det1=true
[985]	38	51	-15	-4	-1	-4	det1=true
[986]	35	52	-13	-1	-4	-1	det1=true
[987]	35	52	-14	-1	-4	1	det1=true
[988]	39	50	-3	-2	-2	-4	det1=true
[989]	39	50	-7	-2	-2	4	det1=true
[990]	38	51	-19	-4	-1	4	det1=true
[991]	39	51	-7	-1	-4	-2	det1=true
[992]	35	52	-10	-7	-4	-1	det1=true
[993]	35	52	-11	-7	-4	1	det1=true
[994]	49	49	0	0	0	-5	det1=true
[995]	8	50	-4	1	-2	0	det1=true
[996]	33	50	-3	-1	-4	-1	det1=true
[997]	33	50	-4	-1	-4	1	det1=true
[998]	39	51	-9	-1	-4	2	det1=true
[999]	16	49	-3	0	-2	-2	det1=true
[1000]	16	49	-5	0	-2	2	det1=true
[1001]	16	51	-6	1	-2	-2	det1=true
[1002]	8	52	-4	-3	-2	0	det1=true
[1003]	16	52	-7	0	-2	-2	det1=true
[1004]	40	52	-9	-6	-4	-2	det1=true
[1005]	40	52	-11	-6	-4	2	det1=true
[1006]	50	52	-11	-5	-4	-3	det1=true
[1007]	50	52	-14	-5	-4	3	det1=true
[1008]	26	52	-7	-5	-3	-2	det1=true
[1009]	26	52	-9	-5	-3	2	det1=true
[1010]	49	49	0	0	-3	-4	det1=true
[1011]	49	49	-4	0	-3	4	det1=true
[1012]	51	51	-9	-2	-5	-1	det1=true
[1013]	10	49	-2	-1	-2	-1	det1=true
[1014]	10	50	-4	1	-2	-1	det1=true
[1015]	10	50	-5	1	-2	1	det1=true
[1016]	10	49	-3	-1	-2	1	det1=true
[1017]	50	50	-21	-18	-1	-4	det1=true
[1018]	50	50	-25	-18	-1	4	det1=true
[1019]	2	49	-1	0	-1	0	det1=true
[1020]	52	53	-14	-9	-4	-3	det1=true
[1021]	52	53	-17	-9	-4	3	det1=true
[1022]	48	54	-22	-9	-2	-4	det1=true
[1023]	48	54	-26	-9	-2	4	det1=true
[1024]	44	55	-5	2	-5	0	det1=true
[1025]	33	53	-2	-2	-3	-3	det1=true
[1026]	38	54	-18	-7	-4	-1	det1=true
[1027]	38	54	-19	-7	-4	1	det1=true
[1028]	33	55	-8	1	-3	-3	det1=true
[1029]	33	55	-11	1	-3	3	det1=true
[1030]	9	54	-2	1	-2	-1	det1=true
[1031]	9	54	-3	1	-2	1	det1=true
[1032]	37	54	-8	1	-4	-2	det1=true
[1033]	37	54	-10	1	-4	2	det1=true
[1034]	37	54	-7	0	-2	-4	det1=true
[1035]	37	54	-11	0	-2	4	det1=true
[1036]	45	54	-18	-13	-4	2	det1=true
[1037]	48	54	-23	-8	-4	-2	det1=true
[1038]	48	54	-25	-8	-4	2	det1=true
[1039]	54	54	-25	-16	-4	-2	det1=true
[1040]	54	54	-27	-16	-4	2	det1=true
[1041]	36	55	-7	2	-4	-2	det1=true
[1042]	36	55	-9	2	-4	2	det1=true
[1043]	39	55	-13	-13	-3	-3	det1=true
[1044]	46	55	-8	-5	0	-5	det1=true
[1045]	55	55	-23	-21	-2	-4	det1=true
[1046]	55	55	-27	-21	-2	4	det1=true
[1047]	23	56	-5	1	-2	-3	det1=true
[1048]	23	56	-8	1	-2	3	det1=true
[1049]	29	56	-13	-12	-3	-2	det1=true
[1050]	29	56	-15	-12	-3	2	det1=true
[1051]	36	56	-9	2	-4	-2	det1=true
[1052]	36	56	-11	2	-4	2	det1=true
[1053]	36	56	-8	1	-2	-4	det1=true
[1054]	36	56	-12	1	-2	4	det1=true
[1055]	55	56	-21	-11	-3	-4	det1=true
[1056]	55	56	-25	-11	-3	4	det1=true
[1057]	56	56	-25	-2	-3	-4	det1=true
[1058]	56	56	-29	-2	-3	4	det1=true
[1059]	33	53	-6	-7	-1	-4	det1=true
[1060]	33	53	-10	-7	-1	4	det1=true
[1061]	47	53	0	2	-5	-1	det1=true
[1062]	52	53	-17	-6	-5	0	det1=true
[1063]	53	53	-18	-7	-5	0	det1=true
[1064]	9	54	-1	-1	-1	-2	det1=true
[1065]	9	54	-3	-1	-1	2	det1=true
[1066]	33	54	-7	-8	-1	-4	det1=true
[1067]	33	54	-11	-8	-1	4	det1=true
[1068]	38	54	-9	-4	-4	-2	det1=true
[1069]	38	54	-11	-4	-4	2	det1=true
[1070]	45	54	-16	-13	-4	-2	det1=true
[1071]	45	54	-15	-14	-2	-4	det1=true
[1072]	45	54	-19	-14	-2	4	det1=true
[1073]	31	55	-6	-3	-1	-4	det1=true
[1074]	31	55	-10	-3	-1	4	det1=true
[1075]	39	55	-14	0	-4	-2	det1=true
[1076]	39	55	-16	0	-4	2	det1=true
[1077]	51	55	-16	-4	-5	-1	det1=true
[1078]	54	55	-10	-5	-2	-5	det1=true
[1079]	54	55	-15	-5	-2	5	det1=true
[1080]	33	56	-14	-1	-4	-1	det1=true
[1081]	33	56	-15	-1	-4	1	det1=true
[1082]	35	56	-17	-3	-4	-1	det1=true
[1083]	35	56	-18	-3	-4	1	det1=true
[1084]	36	56	-17	-7	-4	-1	det1=true
[1085]	38	56	-15	-14	-1	-4	det1=true
[1086]	38	56	-19	-14	-1	4	det1=true
[1087]	42	56	-19	-4	-4	-2	det1=true
[1088]	42	56	-21	-4	-4	2	det1=true
[1089]	43	56	-2	1	-4	-3	det1=true
[1090]	43	56	-5	1	-4	3	det1=true
[1091]	44	56	-21	-6	-4	-2	det1=true
[1092]	44	56	-23	-6	-4	2	det1=true
[1093]	52	56	-17	-11	-3	-4	det1=true
[1094]	52	56	-21	-11	-3	4	det1=true
[1095]	56	56	-18	-17	-4	-3	det1=true
[1096]	56	56	-21	-17	-4	3	det1=true
[1097]	33	53	-8	-4	-1	-4	det1=true
[1098]	33	53	-12	-4	-1	4	det1=true
[1099]	37	53	-5	-1	-4	-2	det1=true
[1100]	37	53	-7	-1	-4	2	det1=true
[1101]	39	53	-16	-10	-3	3	det1=true
[1102]	44	53	-18	-3	-2	-4	det1=true
[1103]	44	53	-22	-3	-2	4	det1=true
[1104]	46	53	-20	-7	-4	-2	det1=true
[1105]	46	53	-22	-7	-4	2	det1=true
[1106]	51	53	-14	1	-5	-1	det1=true
[1107]	51	53	-15	1	-5	1	det1=true
[1108]	32	54	-9	-1	-4	-1	det1=true
[1109]	32	54	-10	-1	-4	1	det1=true
[1110]	36	54	-13	-9	-1	-4	det1=true
[1111]	36	54	-17	-9	-1	4	det1=true
[1112]	49	54	-19	-16	-2	-4	det1=true
[1113]	49	54	-23	-16	-2	4	det1=true
[1114]	53	54	-7	-2	-5	-2	det1=true
[1115]	53	54	-9	-2	-5	2	det1=true
[1116]	15	55	-6	-2	-2	-2	det1=true
[1117]	15	55	-8	-2	-2	2	det1=true
[1118]	31	55	-8	0	-4	-1	det1=true
[1119]	31	55	-9	0	-4	1	det1=true
[1120]	37	55	-17	-8	-4	-1	det1=true
[1121]	47	55	-8	-8	-3	-4	det1=true
[1122]	47	55	-12	-8	-3	4	det1=true
[1123]	49	55	-9	-8	-1	-5	det1=true
[1124]	53	55	-8	-5	-5	-2	det1=true
[1125]	53	55	-10	-5	-5	2	det1=true
[1126]	25	56	-8	-7	-2	-3	det1=true
[1127]	25	56	-11	-7	-2	3	det1=true
[1128]	35	56	-15	-6	-1	-4	det1=true
[1129]	35	56	-19	-6	-1	4	det1=true
[1130]	46	56	-14	-3	-4	3	det1=true
[1131]	47	56	-11	-7	-4	-3	det1=true
[1132]	47	56	-14	-7	-4	3	det1=true
[1133]	48	56	-22	-13	-2	-4	det1=true
[1134]	48	56	-26	-13	-2	4	det1=true
[1135]	56	56	-31	-12	-4	-2	det1=true
[1136]	56	56	-16	-3	-2	-5	det1=true
[1137]	56	56	-21	-3	-2	5	det1=true
[1138]	25	53	-6	-4	-3	-2	det1=true
[1139]	25	53	-8	-4	-3	2	det1=true
[1140]	28	53	-13	-5	-3	-2	det1=true
[1141]	28	53	-15	-5	-3	2	det1=true
[1142]	39	53	-14	-13	-1	-4	det1=true
[1143]	47	53	-21	-18	-4	-1	det1=true
[1144]	47	53	-22	-18	-4	1	det1=true
[1145]	49	53	-12	-1	-3	-4	det1=true
[1146]	49	53	-16	-1	-3	4	det1=true
[1147]	51	53	-11	-5	-1	-5	det1=true
[1148]	51	53	-16	-5	-1	5	det1=true
[1149]	52	53	-17	1	-3	-4	det1=true
[1150]	52	53	-21	1	-3	4	det1=true
[1151]	52	53	-15	-7	-3	-4	det1=true
[1152]	9	55	-2	-2	-1	-2	det1=true
[1153]	9	55	-4	-2	-1	2	det1=true
[1154]	19	55	-6	-5	-1	-3	det1=true
[1155]	19	55	-9	-5	-1	3	det1=true
[1156]	36	55	-13	-11	-4	-1	det1=true
[1157]	36	55	-14	-11	-4	1	det1=true
[1158]	38	55	-19	-12	-4	0	det1=true
[1159]	42	55	-19	-15	-1	-4	det1=true
[1160]	42	55	-23	-15	-1	4	det1=true
[1161]	43	55	-18	-6	-2	-4	det1=true
[1162]	43	55	-22	-6	-2	4	det1=true
[1163]	44	55	-3	1	-3	-4	det1=true
[1164]	44	55	-7	1	-3	4	det1=true
[1165]	46	55	-9	-3	-4	-3	det1=true
[1166]	46	55	-12	-3	-4	3	det1=true
[1167]	48	55	-13	-3	-3	-4	det1=true
[1168]	48	55	-17	-3	-3	4	det1=true
[1169]	49	55	-11	-6	-5	-1	det1=true
[1170]	49	55	-14	-8	-1	5	det1=true
[1171]	51	55	-13	-9	-5	-1	det1=true
[1172]	51	55	-14	-9	-5	1	det1=true
[1173]	51	55	-11	-11	-1	-5	det1=true
[1174]	51	55	-16	-11	-1	5	det1=true
[1175]	55	55	-21	-6	-5	-1	det1=true
[1176]	55	55	-22	-6	-5	1	det1=true
[1177]	9	56	-4	-1	-2	-1	det1=true
[1178]	9	56	-5	-1	-2	1	det1=true
[1179]	23	56	-5	-1	-3	-2	det1=true
[1180]	23	56	-7	-1	-3	2	det1=true
[1181]	32	56	-9	-6	-1	-4	det1=true
[1182]	32	56	-13	-6	-1	4	det1=true
[1183]	36	56	-7	-4	-4	-2	det1=true
[1184]	36	56	-9	-4	-4	2	det1=true
[1185]	36	56	-6	-5	-2	-4	det1=true
[1186]	36	56	-10	-5	-2	4	det1=true
[1187]	46	56	-11	-3	-4	-3	det1=true
[1188]	48	56	-25	-12	-4	2	det1=true
[1189]	51	56	-19	-3	-3	-4	det1=true
[1190]	51	56	-23	-3	-3	4	det1=true
[1191]	54	56	-12	-5	-2	-5	det1=true
[1192]	54	56	-17	-5	-2	5	det1=true
[1193]	32	53	-6	-3	-4	-1	det1=true
[1194]	32	53	-7	-3	-4	1	det1=true
[1195]	35	53	-14	-2	-4	-1	det1=true
[1196]	35	53	-15	-2	-4	1	det1=true
[1197]	36	53	-15	-10	-1	4	det1=true
[1198]	38	53	-6	-5	-4	-2	det1=true
[1199]	39	53	-13	-10	-3	-3	det1=true
[1200]	41	53	-15	1	-4	-2	det1=true
[1201]	41	53	-17	1	-4	2	det1=true
[1202]	42	53	-19	-12	-1	-4	det1=true
[1203]	42	53	-23	-12	-1	4	det1=true
[1204]	50	53	-13	-4	-3	-4	det1=true
[1205]	52	53	-19	-7	-3	4	det1=true
[1206]	35	55	-9	-8	-3	-3	det1=true
[1207]	37	55	-14	-12	-4	-1	det1=true
[1208]	37	55	-15	-12	-4	1	det1=true
[1209]	42	55	-17	-12	-2	4	det1=true
[1210]	49	55	-11	-10	-4	-3	det1=true
[1211]	49	55	-14	-10	-4	3	det1=true
[1212]	49	55	-12	-6	-5	1	det1=true
[1213]	51	55	-17	-4	-5	1	det1=true
[1214]	51	55	-14	-6	-1	-5	det1=true
[1215]	51	55	-19	-6	-1	5	det1=true
[1216]	55	55	-24	-20	-4	-2	det1=true
[1217]	55	55	-26	-20	-4	2	det1=true
[1218]	14	56	-3	0	-2	-2	det1=true
[1219]	30	56	-6	-1	-4	-1	det1=true
[1220]	30	56	-7	-1	-4	1	det1=true
[1221]	38	56	-13	-2	-4	-2	det1=true
[1222]	38	56	-12	-3	-2	-4	det1=true
[1223]	38	56	-16	-3	-2	4	det1=true
[1224]	46	56	-22	-19	-4	-1	det1=true
[1225]	46	56	-23	-19	-4	1	det1=true
[1226]	47	56	-13	-2	-3	-4	det1=true
[1227]	47	56	-17	-2	-3	4	det1=true
[1228]	51	56	-4	-5	-2	-5	det1=true
[1229]	51	56	-9	-5	-2	5	det1=true
[1230]	29	53	-13	-8	-2	-3	det1=true
[1231]	29	53	-16	-8	-2	3	det1=true
[1232]	35	53	-12	-5	-1	-4	det1=true
[1233]	35	53	-16	-5	-1	4	det1=true
[1234]	36	53	-11	-10	-1	-4	det1=true
[1235]	38	53	-8	-5	-4	2	det1=true
[1236]	44	53	-21	-18	-1	4	det1=true
[1237]	53	53	-17	-1	-5	-1	det1=true
[1238]	53	53	-18	-1	-5	1	det1=true
[1239]	31	54	-3	-4	-1	-4	det1=true
[1240]	40	54	-17	-13	-4	-1	det1=true
[1241]	40	54	-18	-13	-4	1	det1=true
[1242]	40	54	-11	-8	-4	-2	det1=true
[1243]	40	54	-13	-8	-4	2	det1=true
[1244]	47	54	-21	-19	-1	-4	det1=true
[1245]	47	54	-25	-19	-1	4	det1=true
[1246]	49	54	-20	-15	-4	-2	det1=true
[1247]	49	54	-22	-15	-4	2	det1=true
[1248]	19	55	-7	-4	-3	-1	det1=true
[1249]	19	55	-8	-4	-3	1	det1=true
[1250]	33	55	-13	0	-4	-1	det1=true
[1251]	33	55	-14	0	-4	1	det1=true
[1252]	39	55	-13	-1	-2	-4	det1=true
[1253]	39	55	-17	-1	-2	4	det1=true
[1254]	42	55	-13	-12	-2	-4	det1=true
[1255]	51	55	-24	-22	-4	-1	det1=true
[1256]	51	55	-25	-22	-4	1	det1=true
[1257]	52	55	-14	-13	-4	-3	det1=true
[1258]	52	55	-17	-13	-4	3	det1=true
[1259]	38	56	-15	-2	-4	2	det1=true
[1260]	46	56	-10	-5	-4	-3	det1=true
[1261]	46	56	-13	-5	-4	3	det1=true
[1262]	53	56	-19	-10	-3	-4	det1=true
[1263]	53	56	-23	-10	-3	4	det1=true
[1264]	54	56	-11	-7	-2	-5	det1=true
[1265]	54	56	-16	-7	-2	5	det1=true
[1266]	19	53	-6	-1	-3	-1	det1=true
[1267]	19	53	-7	-1	-3	1	det1=true
[1268]	19	53	-5	-2	-1	-3	det1=true
[1269]	19	53	-8	-2	-1	3	det1=true
[1270]	39	53	-18	-13	-1	4	det1=true
[1271]	46	53	-5	1	-4	-3	det1=true
[1272]	46	53	-8	1	-4	3	det1=true
[1273]	50	53	-17	-4	-3	4	det1=true
[1274]	53	53	-16	-8	-3	-4	det1=true
[1275]	53	53	-20	-8	-3	4	det1=true
[1276]	31	54	-7	-4	-1	4	det1=true
[1277]	38	54	-8	-5	-2	-4	det1=true
[1278]	38	54	-12	-5	-2	4	det1=true
[1279]	41	54	-16	-1	-4	-2	det1=true
[1280]	41	54	-18	-1	-4	2	det1=true
[1281]	37	55	-18	-6	-4	-1	det1=true
[1282]	37	55	-19	-6	-4	1	det1=true
[1283]	40	55	-17	-14	-1	-4	det1=true
[1284]	40	55	-21	-14	-1	4	det1=true
[1285]	41	56	-17	-17	-1	-4	det1=true
[1286]	41	56	-21	-17	-1	4	det1=true
[1287]	53	56	-9	-7	-5	-2	det1=true
[1288]	53	56	-11	-7	-5	2	det1=true
[1289]	53	55	-19	-8	-4	-3	det1=true
[1290]	53	55	-22	-8	-4	3	det1=true
[1291]	55	55	-24	-24	-3	-3	det1=true
[1292]	30	56	-5	-1	-1	-4	det1=true
[1293]	30	56	-9	-1	-1	4	det1=true
[1294]	35	56	-14	-9	-4	-1	det1=true
[1295]	35	56	-15	-9	-4	1	det1=true
[1296]	44	56	-5	-3	-3	-4	det1=true
[1297]	44	56	-9	-3	-3	4	det1=true
[1298]	35	53	-9	-3	-3	-3	det1=true
[1299]	35	53	-12	-3	-3	3	det1=true
[1300]	44	53	-17	-18	-1	-4	det1=true
[1301]	51	53	-15	-4	-4	-3	det1=true
[1302]	51	53	-13	-3	-5	-1	det1=true
[1303]	51	53	-14	-3	-5	1	det1=true
[1304]	33	55	-10	-6	-1	-4	det1=true
[1305]	33	55	-14	-6	-1	4	det1=true
[1306]	48	55	-21	-16	-4	2	det1=true
[1307]	55	55	-16	-16	-3	-4	det1=true
[1308]	55	55	-20	-16	-3	4	det1=true
[1309]	48	55	-19	-16	-4	-2	det1=true
[1310]	46	56	-11	-2	-3	-4	det1=true
[1311]	46	56	-15	-2	-3	4	det1=true
[1312]	51	56	-18	-7	-4	-3	det1=true
[1313]	51	56	-21	-7	-4	3	det1=true
[1314]	30	55	-3	-1	-4	-1	det1=true
[1315]	30	55	-4	-1	-4	1	det1=true
[1316]	50	56	-18	-3	-4	-3	det1=true
[1317]	16	55	-7	-6	-2	-2	det1=true
[1318]	50	56	-20	-19	-2	-4	det1=true
[1319]	50	56	-24	-19	-2	4	det1=true
[1320]	40	56	-16	1	-2	-4	det1=true
[1321]	40	56	-20	1	-2	4	det1=true
[1322]	40	54	-10	-9	-2	-4	det1=true
[1323]	40	54	-14	-9	-2	4	det1=true
[1324]	53	53	-15	-3	-1	-5	det1=true
[1325]	53	53	-20	-3	-1	5	det1=true
[1326]	34	55	-15	-8	-1	4	det1=true
[1327]	34	55	-11	-8	-1	-4	det1=true
[1328]	60	60	-7	3	-6	-1	det1=true
[1329]	60	60	-8	3	-6	1	det1=true
[1330]	38	57	-14	-3	-4	-2	det1=true
[1331]	38	57	-16	-3	-4	2	det1=true
[1332]	43	57	-6	2	-4	-3	det1=true
[1333]	43	57	-9	2	-4	3	det1=true
[1334]	39	58	-17	-16	-1	-4	det1=true
[1335]	39	58	-21	-16	-1	4	det1=true
[1336]	13	59	1	1	-2	-2	det1=true
[1337]	56	59	-19	-7	-2	-5	det1=true
[1338]	56	59	-24	-7	-2	5	det1=true
[1339]	59	59	-11	-5	-3	-5	det1=true
[1340]	59	59	-16	-5	-3	5	det1=true
[1341]	33	60	-7	2	-4	-2	det1=true
[1342]	33	60	-9	2	-4	2	det1=true
[1343]	39	60	-17	-8	-4	-2	det1=true
[1344]	39	60	-19	-8	-4	2	det1=true
[1345]	41	60	-18	-11	-2	-4	det1=true
[1346]	41	60	-22	-11	-2	4	det1=true
[1347]	30	57	-7	0	-1	-4	det1=true
[1348]	30	57	-11	0	-1	4	det1=true
[1349]	38	57	-13	-4	-2	-4	det1=true
[1350]	38	57	-17	-4	-2	4	det1=true
[1351]	52	57	-11	-1	-2	-5	det1=true
[1352]	52	57	-16	-1	-2	5	det1=true
[1353]	28	58	-13	-12	-3	-2	det1=true
[1354]	28	58	-15	-12	-3	2	det1=true
[1355]	30	58	-10	1	-4	-1	det1=true
[1356]	30	58	-11	1	-4	1	det1=true
[1357]	46	58	-15	1	-4	-3	det1=true
[1358]	33	59	-13	-2	-3	-3	det1=true
[1359]	33	59	-16	-2	-3	3	det1=true
[1360]	42	59	-7	0	-3	-4	det1=true
[1361]	42	59	-11	0	-3	4	det1=true
[1362]	52	59	-22	-9	-4	-3	det1=true
[1363]	52	59	-25	-9	-4	3	det1=true
[1364]	29	60	-7	-5	-1	-4	det1=true
[1365]	29	60	-11	-5	-1	4	det1=true
[1366]	47	60	-4	1	-2	-5	det1=true
[1367]	47	60	-9	1	-2	5	det1=true
[1368]	53	60	-19	1	-5	-2	det1=true
[1369]	53	60	-21	1	-5	2	det1=true
[1370]	58	60	-20	-13	-2	-5	det1=true
[1371]	58	60	-25	-13	-2	5	det1=true
[1372]	29	57	-5	0	-4	1	det1=true
[1373]	35	57	-14	-10	-1	-4	det1=true
[1374]	35	57	-18	-10	-1	4	det1=true
[1375]	37	57	-11	-5	-4	-2	det1=true
[1376]	37	57	-13	-5	-4	2	det1=true
[1377]	38	57	-12	-7	-4	-2	det1=true
[1378]	38	57	-14	-7	-4	2	det1=true
[1379]	41	57	-14	-12	-4	-2	det1=true
[1380]	41	57	-16	-12	-4	2	det1=true
[1381]	46	57	-13	0	-3	-4	det1=true
[1382]	46	57	-17	0	-3	4	det1=true
[1383]	49	57	-2	0	-5	-2	det1=true
[1384]	49	57	-4	0	-5	2	det1=true
[1385]	53	57	-20	-8	-5	-1	det1=true
[1386]	53	57	-21	-8	-5	1	det1=true
[1387]	55	57	-14	-9	-5	-2	det1=true
[1388]	55	57	-16	-9	-5	2	det1=true
[1389]	24	58	-11	0	-3	-2	det1=true
[1390]	24	58	-13	0	-3	2	det1=true
[1391]	39	58	-13	-10	-2	-4	det1=true
[1392]	39	58	-17	-10	-2	4	det1=true
[1393]	52	58	-13	-4	-5	-2	det1=true
[1394]	52	58	-15	-4	-5	2	det1=true
[1395]	54	58	-17	-3	-5	-2	det1=true
[1396]	54	58	-19	-3	-5	2	det1=true
[1397]	55	58	-19	-1	-5	-2	det1=true
[1398]	55	58	-21	-1	-5	2	det1=true
[1399]	58	58	-25	-14	-3	-4	det1=true
[1400]	58	58	-29	-14	-3	4	det1=true
[1401]	23	59	-9	0	-2	-3	det1=true
[1402]	23	59	-12	0	-2	3	det1=true
[1403]	32	59	-14	-5	-4	-1	det1=true
[1404]	32	59	-15	-5	-4	1	det1=true
[1405]	49	59	-20	-2	-3	-4	det1=true
[1406]	49	59	-24	-2	-3	4	det1=true
[1407]	51	59	-14	0	-5	-2	det1=true
[1408]	51	59	-16	0	-5	2	det1=true
[1409]	30	60	-11	-1	-1	-4	det1=true
[1410]	30	60	-15	-1	-1	4	det1=true
[1411]	41	60	-6	-1	-4	-3	det1=true
[1412]	41	60	-9	-1	-4	3	det1=true
[1413]	44	60	-13	-3	-3	-4	det1=true
[1414]	58	60	-45	-1	-1	4	det1=true
[1415]	59	60	-20	-15	-2	-5	det1=true
[1416]	59	60	-25	-15	-2	5	det1=true
[1417]	33	57	-12	-7	-1	-4	det1=true
[1418]	33	57	-16	-7	-1	4	det1=true
[1419]	33	57	-11	1	-3	-3	det1=true
[1420]	33	57	-14	1	-3	3	det1=true
[1421]	35	57	-14	-4	-3	-3	det1=true
[1422]	35	57	-17	-4	-3	3	det1=true
[1423]	37	57	-16	-12	-1	-4	det1=true
[1424]	37	57	-20	-12	-1	4	det1=true
[1425]	37	57	-10	-6	-2	-4	det1=true
[1426]	37	57	-14	-6	-2	4	det1=true
[1427]	49	57	-14	-5	-1	-5	det1=true
[1428]	49	57	-19	-5	-1	5	det1=true
[1429]	52	57	-11	-4	-5	-2	det1=true
[1430]	52	57	-13	-4	-5	2	det1=true
[1431]	24	58	-9	-5	-2	-3	det1=true
[1432]	24	58	-12	-5	-2	3	det1=true
[1433]	42	58	-17	-12	-4	-2	det1=true
[1434]	42	58	-19	-12	-4	2	det1=true
[1435]	47	58	-19	-3	-4	3	det1=true
[1436]	19	59	-9	-7	-3	-1	det1=true
[1437]	19	59	-10	-7	-3	1	det1=true
[1438]	30	59	-11	-1	-4	-1	det1=true
[1439]	30	59	-12	-1	-4	1	det1=true
[1440]	35	59	-15	-12	-4	-1	det1=true
[1441]	35	59	-16	-12	-4	1	det1=true
[1442]	41	59	-6	0	-4	3	det1=true
[1443]	42	59	-20	-9	-4	-2	det1=true
[1444]	42	59	-22	-9	-4	2	det1=true
[1445]	46	59	-15	-4	-3	-4	det1=true
[1446]	46	59	-19	-4	-3	4	det1=true
[1447]	49	59	-17	-4	-1	-5	det1=true
[1448]	49	59	-22	-4	-1	5	det1=true
[1449]	50	59	-21	-5	-4	-3	det1=true
[1450]	50	59	-24	-5	-4	3	det1=true
[1451]	51	59	-19	-7	-1	-5	det1=true
[1452]	51	59	-24	-7	-1	5	det1=true
[1453]	51	59	-11	-6	-2	-5	det1=true
[1454]	51	59	-16	-6	-2	5	det1=true
[1455]	57	59	-22	-16	-1	-5	det1=true
[1456]	57	59	-27	-16	-1	5	det1=true
[1457]	8	60	0	1	-2	-1	det1=true
[1458]	8	60	-1	1	-2	1	det1=true
[1459]	29	60	-11	1	-4	1	det1=true
[1460]	31	60	-13	-10	-1	4	det1=true
[1461]	44	60	-17	-3	-3	4	det1=true
[1462]	50	60	-18	-13	-4	-3	det1=true
[1463]	50	60	-21	-13	-4	3	det1=true
[1464]	51	60	-11	-9	-2	-5	det1=true
[1465]	51	60	-16	-9	-2	5	det1=true
[1466]	37	57	-17	-5	-3	-3	det1=true
[1467]	37	57	-20	-5	-3	3	det1=true
[1468]	32	58	-13	-1	-1	-4	det1=true
[1469]	47	58	-16	-3	-4	-3	det1=true
[1470]	53	58	-1	2	-4	-4	det1=true
[1471]	53	58	-5	2	-4	4	det1=true
[1472]	55	58	-21	-15	-4	-3	det1=true
[1473]	55	58	-24	-15	-4	3	det1=true
[1474]	35	59	-9	-5	-4	-2	det1=true
[1475]	35	59	-11	-5	-4	2	det1=true
[1476]	41	59	-3	0	-4	-3	det1=true
[1477]	42	59	-19	-10	-2	-4	det1=true
[1478]	44	59	-21	-12	-4	-2	det1=true
[1479]	44	59	-23	-12	-4	2	det1=true
[1480]	47	59	-12	-12	-3	-4	det1=true
[1481]	47	59	-16	-12	-3	4	det1=true
[1482]	50	59	-9	-6	-5	-2	det1=true
[1483]	50	59	-11	-6	-5	2	det1=true
[1484]	51	59	-22	-1	-5	-1	det1=true
[1485]	51	59	-23	-1	-5	1	det1=true
[1486]	59	59	-48	-8	-1	-3	det1=true
[1487]	59	59	-51	-8	-1	3	det1=true
[1488]	28	60	-7	-1	-4	1	det1=true
[1489]	31	60	-17	-2	-1	4	det1=true
[1490]	32	60	-14	-7	-4	-1	det1=true
[1491]	36	60	-17	-13	-4	-1	det1=true
[1492]	36	60	-11	-8	-4	-2	det1=true
[1493]	36	60	-13	-8	-4	2	det1=true
[1494]	47	60	-5	0	-5	-2	det1=true
[1495]	47	60	-7	0	-5	2	det1=true
[1496]	48	60	-9	1	-5	-2	det1=true
[1497]	48	60	-11	1	-5	2	det1=true
[1498]	52	60	-16	1	-2	-5	det1=true
[1499]	52	60	-21	1	-2	5	det1=true
[1500]	52	60	-15	-5	-2	-5	det1=true
[1501]	52	60	-20	-5	-2	5	det1=true
[1502]	56	60	-21	-11	-5	2	det1=true
[1503]	29	57	-4	0	-4	-1	det1=true
[1504]	36	57	-9	-4	-4	-2	det1=true
[1505]	41	57	-16	-16	-3	-3	det1=true
[1506]	43	57	-19	-16	-3	-3	det1=true
[1507]	43	57	-22	-16	-3	3	det1=true
[1508]	45	57	-8	1	-5	-1	det1=true
[1509]	50	57	-6	1	-2	-5	det1=true
[1510]	50	57	-11	1	-2	5	det1=true
[1511]	14	58	-5	-2	-2	-2	det1=true
[1512]	14	58	-7	-2	-2	2	det1=true
[1513]	23	58	-7	-3	-2	-3	det1=true
[1514]	23	58	-10	-3	-2	3	det1=true
[1515]	30	58	-7	-5	-1	-4	det1=true
[1516]	30	58	-11	-5	-1	4	det1=true
[1517]	31	58	-15	0	-1	4	det1=true
[1518]	38	58	-11	-10	-4	-2	det1=true
[1519]	38	58	-13	-10	-4	2	det1=true
[1520]	44	58	-10	-3	-4	-3	det1=true
[1521]	44	58	-13	-3	-4	3	det1=true
[1522]	48	58	-18	-1	-4	-3	det1=true
[1523]	48	58	-21	-1	-4	3	det1=true
[1524]	57	58	-25	-12	-3	-4	det1=true
[1525]	57	58	-29	-12	-3	4	det1=true
[1526]	17	59	-6	0	-3	-1	det1=true
[1527]	17	59	-7	0	-3	1	det1=true
[1528]	17	59	-5	-1	-1	-3	det1=true
[1529]	17	59	-8	-1	-1	3	det1=true
[1530]	23	59	-8	-4	-3	-2	det1=true
[1531]	23	59	-10	-4	-3	2	det1=true
[1532]	31	59	-10	-7	-1	-4	det1=true
[1533]	31	59	-14	-7	-1	4	det1=true
[1534]	35	59	-8	-6	-2	-4	det1=true
[1535]	47	59	-20	-4	-4	3	det1=true
[1536]	47	59	-14	-6	-5	-1	det1=true
[1537]	47	59	-15	-6	-5	1	det1=true
[1538]	53	59	-22	-11	-3	-4	det1=true
[1539]	53	59	-26	-11	-3	4	det1=true
[1540]	28	60	-5	-1	-1	-4	det1=true
[1541]	28	60	-9	-1	-1	4	det1=true
[1542]	31	60	-13	-2	-1	-4	det1=true
[1543]	31	60	-13	-5	-4	-1	det1=true
[1544]	31	60	-14	-5	-4	1	det1=true
[1545]	54	60	-19	1	-2	-5	det1=true
[1546]	54	60	-24	1	-2	5	det1=true
[1547]	30	57	-8	-1	-4	-1	det1=true
[1548]	30	57	-9	-1	-4	1	det1=true
[1549]	36	57	-11	-4	-4	2	det1=true
[1550]	36	57	-8	-5	-2	-4	det1=true
[1551]	45	57	-9	1	-5	1	det1=true
[1552]	47	57	-13	0	-5	-1	det1=true
[1553]	47	57	-14	0	-5	1	det1=true
[1554]	55	57	-19	-13	-1	-5	det1=true
[1555]	55	57	-24	-13	-1	5	det1=true
[1556]	57	57	-24	-7	-1	-5	det1=true
[1557]	57	57	-29	-7	-1	5	det1=true
[1558]	37	58	-16	-17	0	-4	det1=true
[1559]	55	58	-15	-10	-5	-2	det1=true
[1560]	55	58	-17	-10	-5	2	det1=true
[1561]	36	59	-11	-6	-4	-2	det1=true
[1562]	36	59	-13	-6	-4	2	det1=true
[1563]	53	59	-24	-6	-3	-4	det1=true
[1564]	53	59	-28	-6	-3	4	det1=true
[1565]	56	59	-21	-18	-3	-4	det1=true
[1566]	56	59	-25	-18	-3	4	det1=true
[1567]	57	59	-22	-5	-5	-2	det1=true
[1568]	57	59	-24	-5	-5	2	det1=true
[1569]	59	59	-12	-4	-5	-3	det1=true
[1570]	59	59	-15	-4	-5	3	det1=true
[1571]	25	60	-11	-9	-3	-2	det1=true
[1572]	25	60	-13	-9	-3	2	det1=true
[1573]	31	60	-9	-10	-1	-4	det1=true
[1574]	32	60	-15	-7	-4	1	det1=true
[1575]	36	60	-10	-9	-2	-4	det1=true
[1576]	36	60	-14	-9	-2	4	det1=true
[1577]	56	60	-23	0	-5	-2	det1=true
[1578]	56	60	-25	0	-5	2	det1=true
[1579]	56	60	-19	-11	-5	-2	det1=true
[1580]	23	57	-6	-2	-2	-3	det1=true
[1581]	23	57	-9	-2	-2	3	det1=true
[1582]	38	57	-11	-8	-2	-4	det1=true
[1583]	38	57	-15	-8	-2	4	det1=true
[1584]	50	57	-5	-3	-2	-5	det1=true
[1585]	50	57	-10	-3	-2	5	det1=true
[1586]	55	57	-21	-11	-5	-1	det1=true
[1587]	57	57	-26	-5	-5	-1	det1=true
[1588]	57	57	-27	-5	-5	1	det1=true
[1589]	31	58	-11	0	-1	-4	det1=true
[1590]	42	58	-20	-13	-2	4	det1=true
[1591]	47	58	-15	-5	-3	-4	det1=true
[1592]	47	58	-19	-5	-3	4	det1=true
[1593]	49	58	-19	-1	-3	-4	det1=true
[1594]	49	58	-23	-1	-3	4	det1=true
[1595]	32	59	-11	-9	-1	-4	det1=true
[1596]	32	59	-15	-9	-1	4	det1=true
[1597]	47	59	-17	-4	-4	-3	det1=true
[1598]	47	59	-15	-4	-5	-1	det1=true
[1599]	47	59	-16	-4	-5	1	det1=true
[1600]	49	59	-19	-2	-5	-1	det1=true
[1601]	49	59	-20	-2	-5	1	det1=true
[1602]	49	59	-14	-14	-3	-4	det1=true
[1603]	49	59	-18	-14	-3	4	det1=true
[1604]	51	59	-21	-5	-5	-1	det1=true
[1605]	51	59	-22	-5	-5	1	det1=true
[1606]	29	60	-10	1	-4	-1	det1=true
[1607]	35	60	-15	-13	-1	-4	det1=true
[1608]	35	60	-19	-13	-1	4	det1=true
[1609]	55	60	-20	-3	-2	-5	det1=true
[1610]	55	60	-25	-3	-2	5	det1=true
[1611]	60	60	-28	-27	-2	-4	det1=true
[1612]	60	60	-32	-27	-2	4	det1=true
[1613]	30	57	-8	-3	-4	1	det1=true
[1614]	41	57	-17	-13	-2	4	det1=true
[1615]	45	57	-6	-1	-1	-5	det1=true
[1616]	45	57	-11	-1	-1	5	det1=true
[1617]	47	57	-11	-5	-5	-1	det1=true
[1618]	47	57	-12	-5	-5	1	det1=true
[1619]	51	57	-15	-10	-1	-5	det1=true
[1620]	51	57	-20	-10	-1	5	det1=true
[1621]	55	57	-22	-11	-5	1	det1=true
[1622]	22	58	-4	1	-2	-3	det1=true
[1623]	22	58	-7	1	-2	3	det1=true
[1624]	42	58	-16	-13	-2	-4	det1=true
[1625]	57	58	-14	-15	-2	-5	det1=true
[1626]	57	58	-19	-15	-2	5	det1=true
[1627]	30	59	-9	-4	-1	-4	det1=true
[1628]	51	59	-20	-3	-1	-5	det1=true
[1629]	51	59	-25	-3	-1	5	det1=true
[1630]	28	60	-6	-1	-4	-1	det1=true
[1631]	30	60	-9	-7	-4	-1	det1=true
[1632]	33	60	-13	-11	-4	-1	det1=true
[1633]	33	60	-14	-11	-4	1	det1=true
[1634]	39	60	-16	-9	-2	-4	det1=true
[1635]	41	57	-13	-13	-2	-4	det1=true
[1636]	54	57	-10	-11	-2	-5	det1=true
[1637]	54	57	-15	-11	-2	5	det1=true
[1638]	48	58	-1	1	-5	-2	det1=true
[1639]	48	58	-3	1	-5	2	det1=true
[1640]	30	59	-13	-4	-1	4	det1=true
[1641]	50	59	-10	-3	-2	-5	det1=true
[1642]	50	59	-15	-3	-2	5	det1=true
[1643]	56	59	-21	-4	-5	-2	det1=true
[1644]	56	59	-23	-4	-5	2	det1=true
[1645]	41	60	-19	-10	-4	-2	det1=true
[1646]	41	60	-21	-10	-4	2	det1=true
[1647]	44	60	-19	-16	-4	-2	det1=true
[1648]	44	60	-21	-16	-4	2	det1=true
[1649]	30	57	-7	-3	-4	-1	det1=true
[1650]	53	57	-18	-10	-1	-5	det1=true
[1651]	53	57	-23	-10	-1	5	det1=true
[1652]	55	58	-8	-3	-4	-4	det1=true
[1653]	47	59	-12	-8	-1	-5	det1=true
[1654]	47	59	-17	-8	-1	5	det1=true
[1655]	60	60	-3	-4	-1	-6	det1=true
[1656]	47	58	-13	-9	-4	-3	det1=true
[1657]	47	58	-16	-9	-4	3	det1=true
[1658]	47	59	-13	-6	-1	-5	det1=true
[1659]	47	59	-18	-6	-1	5	det1=true
[1660]	49	57	-16	-3	-5	-1	det1=true
[1661]	49	57	-17	-3	-5	1	det1=true
[1662]	43	58	-8	-1	-4	-3	det1=true
[1663]	43	58	-11	-1	-4	3	det1=true
[1664]	51	59	-10	-8	-5	-2	det1=true
[1665]	51	59	-12	-8	-5	2	det1=true
[1666]	33	60	-6	1	-2	-4	det1=true
[1667]	33	60	-10	1	-2	4	det1=true
[1668]	60	60	-9	-4	-1	6	det1=true
[1669]	60	60	-29	-26	-4	-2	det1=true
[1670]	60	60	-31	-26	-4	2	det1=true
[1671]	44	58	-11	1	-4	-3	det1=true
[1672]	51	57	-17	-8	-5	-1	det1=true
[1673]	51	57	-18	-8	-5	1	det1=true
[1674]	57	57	-16	-11	-5	-2	det1=true
[1675]	54	58	-12	-11	-2	-5	det1=true
[1676]	54	58	-17	-11	-2	5	det1=true
[1677]	34	57	-15	-4	-1	-4	det1=true
[1678]	34	57	-19	-4	-1	4	det1=true
[1679]	47	57	-9	-7	-1	-5	det1=true
[1680]	47	57	-14	-7	-1	5	det1=true
[1681]	59	59	-18	-16	-5	-2	det1=true
[1682]	59	59	-20	-16	-5	2	det1=true
[1683]	43	57	-4	-3	-3	-4	det1=true
[1684]	43	57	-8	-3	-3	4	det1=true
[1685]	48	58	0	1	-2	-5	det1=true
[1686]	48	58	-5	1	-2	5	det1=true
[1687]	57	57	-19	-2	-2	-5	det1=true
[1688]	47	57	-11	-2	-1	-5	det1=true
[1689]	47	57	-16	-2	-1	5	det1=true
[1690]	57	57	-24	-2	-2	5	det1=true
[1691]	57	57	-20	-3	-5	-2	det1=true
[1692]	57	57	-22	-3	-5	2	det1=true
[1693]	57	57	-18	-8	-5	-2	det1=true
[1694]	57	57	-20	-8	-5	2	det1=true
[1695]	32	63	-8	1	-2	-4	det1=true
[1696]	32	63	-12	1	-2	4	det1=true
[1697]	61	61	-24	-24	-3	-4	det1=true
[1698]	61	61	-28	-24	-3	4	det1=true
[1699]	33	62	-9	-2	-2	-4	det1=true
[1700]	33	62	-13	-2	-2	4	det1=true
[1701]	33	62	-7	-6	-2	-4	det1=true
[1702]	33	62	-11	-6	-2	4	det1=true
[1703]	54	62	-20	-7	-2	-5	det1=true
[1704]	54	62	-25	-7	-2	5	det1=true
[1705]	59	62	-10	1	-6	-1	det1=true
[1706]	59	62	-11	1	-6	1	det1=true
[1707]	32	63	-9	2	-4	-2	det1=true
[1708]	32	63	-11	2	-4	2	det1=true
[1709]	36	64	-17	-6	-4	-2	det1=true
[1710]	36	64	-19	-6	-4	2	det1=true
[1711]	57	64	-27	-19	-4	-3	det1=true
[1712]	57	64	-30	-19	-4	3	det1=true
[1713]	45	61	-11	-8	-1	-5	det1=true
[1714]	45	61	-16	-8	-1	5	det1=true
[1715]	59	61	-17	2	-5	-3	det1=true
[1716]	59	61	-20	2	-5	3	det1=true
[1717]	59	61	-13	-9	-5	-3	det1=true
[1718]	59	61	-16	-9	-5	3	det1=true
[1719]	60	61	-23	-15	-5	-2	det1=true
[1720]	60	61	-25	-15	-5	2	det1=true
[1721]	29	62	-11	0	-1	-4	det1=true
[1722]	29	62	-15	0	-1	4	det1=true
[1723]	30	62	-13	-2	-1	-4	det1=true
[1724]	30	62	-17	-2	-1	4	det1=true
[1725]	33	62	-8	-5	-4	-2	det1=true
[1726]	33	62	-10	-5	-4	2	det1=true
[1727]	48	62	-23	-20	-4	-2	det1=true
[1728]	48	62	-25	-20	-4	2	det1=true
[1729]	57	62	-25	1	-2	-5	det1=true
[1730]	61	62	-17	-6	-1	6	det1=true
[1731]	13	63	-5	-3	-2	-2	det1=true
[1732]	13	63	-7	-3	-2	2	det1=true
[1733]	45	63	-5	0	-2	-5	det1=true
[1734]	45	63	-10	0	-2	5	det1=true
[1735]	54	63	-14	-7	-4	-4	det1=true
[1736]	54	63	-18	-7	-4	4	det1=true
[1737]	58	63	-26	-7	-2	-5	det1=true
[1738]	58	63	-31	-7	-2	5	det1=true
[1739]	61	63	-25	-5	-4	-4	det1=true
[1740]	33	64	-12	1	-2	-4	det1=true
[1741]	37	64	-18	-13	-2	4	det1=true
[1742]	46	64	-23	-2	-5	0	det1=true
[1743]	62	64	-8	-3	-2	-6	det1=true
[1744]	62	64	-14	-3	-2	6	det1=true
[1745]	63	64	-28	-17	-2	-5	det1=true
[1746]	63	64	-33	-17	-2	5	det1=true
[1747]	32	61	-4	1	-2	-4	det1=true
[1748]	32	61	-8	1	-2	4	det1=true
[1749]	8	62	-3	0	-1	-2	det1=true
[1750]	8	62	-5	0	-1	2	det1=true
[1751]	30	62	-13	-5	-4	-1	det1=true
[1752]	30	62	-14	-5	-4	1	det1=true
[1753]	45	62	-1	1	-2	-5	det1=true
[1754]	45	62	-6	1	-2	5	det1=true
[1755]	50	62	-15	-3	-2	-5	det1=true
[1756]	50	62	-20	-3	-2	5	det1=true
[1757]	51	62	-17	-1	-2	-5	det1=true
[1758]	51	62	-22	-1	-2	5	det1=true
[1759]	53	62	-9	-8	-4	-4	det1=true
[1760]	53	62	-13	-8	-4	4	det1=true
[1761]	62	62	-27	-13	-2	-5	det1=true
[1762]	29	63	-12	-1	-1	-4	det1=true
[1763]	32	63	-7	-4	-4	-2	det1=true
[1764]	32	63	-9	-4	-4	2	det1=true
[1765]	32	63	-6	-5	-2	-4	det1=true
[1766]	32	63	-10	-5	-2	4	det1=true
[1767]	41	63	-8	-2	-5	-1	det1=true
[1768]	41	63	-9	-2	-5	1	det1=true
[1769]	41	63	-6	-4	-1	-5	det1=true
[1770]	41	63	-11	-4	-1	5	det1=true
[1771]	45	63	-14	-8	-1	-5	det1=true
[1772]	47	63	-11	0	-2	-5	det1=true
[1773]	47	63	-16	0	-2	5	det1=true
[1774]	50	63	-14	-9	-2	-5	det1=true
[1775]	50	63	-19	-9	-2	5	det1=true
[1776]	53	63	-16	-14	-5	-2	det1=true
[1777]	53	63	-18	-14	-5	2	det1=true
[1778]	62	63	-23	-21	-5	-2	det1=true
[1779]	62	63	-25	-21	-5	2	det1=true
[1780]	63	63	-4	2	-4	-5	det1=true
[1781]	63	63	-9	2	-4	5	det1=true
[1782]	29	64	-17	-1	-1	4	det1=true
[1783]	37	64	-15	-12	-4	-2	det1=true
[1784]	37	64	-17	-12	-4	2	det1=true
[1785]	37	64	-14	-13	-2	-4	det1=true
[1786]	49	64	-16	-3	-2	-5	det1=true
[1787]	49	64	-21	-3	-2	5	det1=true
[1788]	51	64	-21	1	-5	-2	det1=true
[1789]	51	64	-23	1	-5	2	det1=true
[1790]	51	64	-16	-11	-2	-5	det1=true
[1791]	61	64	-27	-16	-5	-2	det1=true
[1792]	61	64	-29	-16	-5	2	det1=true
[1793]	62	64	-10	-1	-6	-2	det1=true
[1794]	62	64	-12	-1	-6	2	det1=true
[1795]	28	61	-5	-5	-1	-4	det1=true
[1796]	28	61	-9	-5	-1	4	det1=true
[1797]	33	61	-7	-3	-2	-4	det1=true
[1798]	33	61	-11	-3	-2	4	det1=true
[1799]	41	61	-6	-5	-3	-4	det1=true
[1800]	41	61	-10	-5	-3	4	det1=true
[1801]	49	61	-16	-12	-1	-5	det1=true
[1802]	49	61	-21	-12	-1	5	det1=true
[1803]	55	61	-21	-4	-2	-5	det1=true
[1804]	55	61	-26	-4	-2	5	det1=true
[1805]	57	61	-22	-21	-3	-4	det1=true
[1806]	57	61	-26	-21	-3	4	det1=true
[1807]	58	61	-25	-19	-4	-3	det1=true
[1808]	58	61	-28	-19	-4	3	det1=true
[1809]	59	61	-26	-19	-3	-4	det1=true
[1810]	59	61	-30	-19	-3	4	det1=true
[1811]	21	62	-6	1	-2	-3	det1=true
[1812]	21	62	-9	1	-2	3	det1=true
[1813]	51	62	-13	-11	-2	-5	det1=true
[1814]	51	62	-18	-11	-2	5	det1=true
[1815]	61	62	-11	-6	-1	-6	det1=true
[1816]	62	62	-31	-4	-5	-2	det1=true
[1817]	27	63	-8	2	-4	-1	det1=true
[1818]	27	63	-9	2	-4	1	det1=true
[1819]	28	63	-10	-3	-4	-1	det1=true
[1820]	28	63	-11	-3	-4	1	det1=true
[1821]	29	63	-14	-2	-4	1	det1=true
[1822]	41	63	-9	1	-5	-1	det1=true
[1823]	41	63	-10	1	-5	1	det1=true
[1824]	42	63	-19	-16	-2	-4	det1=true
[1825]	42	63	-23	-16	-2	4	det1=true
[1826]	45	63	-16	-1	-1	-5	det1=true
[1827]	45	63	-21	-1	-1	5	det1=true
[1828]	46	63	-7	-5	-5	-2	det1=true
[1829]	46	63	-9	-5	-5	2	det1=true
[1830]	47	63	-17	-9	-1	-5	det1=true
[1831]	47	63	-22	-9	-1	5	det1=true
[1832]	48	63	-11	-7	-2	-5	det1=true
[1833]	49	63	-22	-7	-5	-1	det1=true
[1834]	49	63	-23	-7	-5	1	det1=true
[1835]	52	63	-19	-5	-2	-5	det1=true
[1836]	52	63	-24	-5	-2	5	det1=true
[1837]	53	63	-21	-2	-2	-5	det1=true
[1838]	53	63	-26	-2	-2	5	det1=true
[1839]	55	63	-26	-14	-5	-1	det1=true
[1840]	55	63	-27	-14	-5	1	det1=true
[1841]	61	63	-26	-23	-5	-1	det1=true
[1842]	61	63	-27	-23	-5	1	det1=true
[1843]	20	64	-4	-1	-2	-3	det1=true
[1844]	28	64	-9	-6	-1	-4	det1=true
[1845]	28	64	-13	-6	-1	4	det1=true
[1846]	30	64	-14	-7	-4	-1	det1=true
[1847]	30	64	-15	-7	-4	1	det1=true
[1848]	39	64	-16	-15	-2	-4	det1=true
[1849]	59	64	-11	-7	-6	-1	det1=true
[1850]	59	64	-12	-7	-6	1	det1=true
[1851]	61	64	-27	-15	-2	-5	det1=true
[1852]	61	64	-32	-15	-2	5	det1=true
[1853]	62	64	-20	1	-6	-1	det1=true
[1854]	62	64	-21	1	-6	1	det1=true
[1855]	63	64	-5	-5	-4	-5	det1=true
[1856]	63	64	-10	-5	-4	5	det1=true
[1857]	64	64	-9	-10	-2	-6	det1=true
[1858]	27	61	-2	-1	-1	-4	det1=true
[1859]	27	61	-6	-1	-1	4	det1=true
[1860]	32	61	-5	2	-4	-2	det1=true
[1861]	32	61	-7	2	-4	2	det1=true
[1862]	33	61	-8	-2	-4	-2	det1=true
[1863]	40	61	-3	-3	-3	-4	det1=true
[1864]	40	61	-7	-3	-3	4	det1=true
[1865]	41	61	-8	-1	-3	-4	det1=true
[1866]	41	61	-12	-1	-3	4	det1=true
[1867]	43	61	-9	0	-1	-5	det1=true
[1868]	49	61	-20	-9	-3	-4	det1=true
[1869]	50	61	-19	1	-2	5	det1=true
[1870]	55	61	-6	-4	-5	-3	det1=true
[1871]	59	61	-20	-17	-5	-2	det1=true
[1872]	59	61	-22	-17	-5	2	det1=true
[1873]	61	61	-20	1	-5	-3	det1=true
[1874]	27	62	-3	-4	-1	-4	det1=true
[1875]	27	62	-7	-4	-1	4	det1=true
[1876]	55	62	-23	-5	-5	-2	det1=true
[1877]	55	62	-25	-5	-5	2	det1=true
[1878]	56	62	-21	-12	-5	-2	det1=true
[1879]	56	62	-23	-12	-5	2	det1=true
[1880]	62	62	-32	-13	-2	5	det1=true
[1881]	41	63	-7	-1	-1	-5	det1=true
[1882]	41	63	-12	-1	-1	5	det1=true
[1883]	42	63	-20	-15	-4	-2	det1=true
[1884]	42	63	-22	-15	-4	2	det1=true
[1885]	45	63	-18	1	-5	-1	det1=true
[1886]	45	63	-19	1	-5	1	det1=true
[1887]	45	63	-17	-6	-5	1	det1=true
[1888]	47	63	-19	-7	-5	-1	det1=true
[1889]	47	63	-20	-7	-5	1	det1=true
[1890]	51	63	-23	-8	-1	-5	det1=true
[1891]	51	63	-28	-8	-1	5	det1=true
[1892]	51	63	-14	-12	-5	-2	det1=true
[1893]	51	63	-16	-12	-5	2	det1=true
[1894]	53	63	-20	-18	-1	-5	det1=true
[1895]	53	63	-25	-18	-1	5	det1=true
[1896]	55	63	-19	-14	-2	-5	det1=true
[1897]	57	63	-26	0	-2	-5	det1=true
[1898]	59	63	-28	-12	-5	2	det1=true
[1899]	34	64	-15	0	-4	-2	det1=true
[1900]	34	64	-17	0	-4	2	det1=true
[1901]	38	64	-7	-2	-3	4	det1=true
[1902]	39	64	-7	-3	-3	-4	det1=true
[1903]	39	64	-11	-3	-3	4	det1=true
[1904]	44	64	-19	1	-4	-3	det1=true
[1905]	44	64	-22	1	-4	3	det1=true
[1906]	44	64	-5	1	-5	-2	det1=true
[1907]	44	64	-7	1	-5	2	det1=true
[1908]	46	64	-18	-11	-4	-3	det1=true
[1909]	46	64	-21	-11	-4	3	det1=true
[1910]	55	64	-19	-16	-5	-2	det1=true
[1911]	55	64	-21	-16	-5	2	det1=true
[1912]	61	64	-28	-13	-2	-5	det1=true
[1913]	61	64	-33	-13	-2	5	det1=true
[1914]	63	64	-45	2	-4	-2	det1=true
[1915]	63	64	-47	2	-4	2	det1=true
[1916]	64	64	-15	-10	-2	6	det1=true
[1917]	17	61	-8	-1	-3	-1	det1=true
[1918]	17	61	-9	-1	-3	1	det1=true
[1919]	17	61	-7	-2	-1	-3	det1=true
[1920]	17	61	-10	-2	-1	3	det1=true
[1921]	33	61	-15	-10	-4	-1	det1=true
[1922]	33	61	-16	-10	-4	1	det1=true
[1923]	33	61	-10	-2	-4	2	det1=true
[1924]	43	61	-11	2	-5	-1	det1=true
[1925]	43	61	-14	0	-1	5	det1=true
[1926]	43	61	-9	-4	-5	-1	det1=true
[1927]	43	61	-10	-4	-5	1	det1=true
[1928]	44	61	-15	1	-3	-4	det1=true
[1929]	44	61	-19	1	-3	4	det1=true
[1930]	44	61	-14	-5	-4	-3	det1=true
[1931]	44	61	-17	-5	-4	3	det1=true
[1932]	45	61	-13	-6	-5	-1	det1=true
[1933]	46	61	-21	-18	-2	-4	det1=true
[1934]	46	61	-25	-18	-2	4	det1=true
[1935]	49	61	-24	-9	-3	4	det1=true
[1936]	49	61	-10	-7	-5	-2	det1=true
[1937]	49	61	-12	-7	-5	2	det1=true
[1938]	50	61	-14	1	-2	-5	det1=true
[1939]	51	61	-24	-2	-5	-1	det1=true
[1940]	51	61	-25	-2	-5	1	det1=true
[1941]	51	61	-19	-13	-5	-1	det1=true
[1942]	51	61	-20	-13	-5	1	det1=true
[1943]	52	61	-22	-13	-4	-3	det1=true
[1944]	52	61	-25	-13	-4	3	det1=true
[1945]	55	61	-15	1	-4	-4	det1=true
[1946]	55	61	-19	1	-4	4	det1=true
[1947]	55	61	-5	-5	-3	-5	det1=true
[1948]	55	61	-10	-5	-3	5	det1=true
[1949]	57	61	-9	-8	-5	-3	det1=true
[1950]	57	61	-12	-8	-5	3	det1=true
[1951]	61	61	-23	1	-5	3	det1=true
[1952]	61	61	-19	0	-3	-5	det1=true
[1953]	61	61	-24	0	-3	5	det1=true
[1954]	21	62	-5	-3	-3	-2	det1=true
[1955]	21	62	-7	-3	-3	2	det1=true
[1956]	30	62	-9	-10	-1	-4	det1=true
[1957]	30	62	-13	-10	-1	4	det1=true
[1958]	47	62	-11	-7	-2	5	det1=true
[1959]	17	63	-7	-6	-3	-1	det1=true
[1960]	26	63	-1	0	-1	-4	det1=true
[1961]	26	63	-5	0	-1	4	det1=true
[1962]	27	63	-7	-2	-4	-1	det1=true
[1963]	27	63	-8	-2	-4	1	det1=true
[1964]	29	63	-13	-2	-4	-1	det1=true
[1965]	34	63	-14	1	-4	-2	det1=true
[1966]	46	63	-9	-2	-5	-2	det1=true
[1967]	46	63	-11	-2	-5	2	det1=true
[1968]	48	63	-16	-7	-2	5	det1=true
[1969]	51	63	-25	-6	-5	-1	det1=true
[1970]	51	63	-26	-6	-5	1	det1=true
[1971]	55	63	-24	-14	-2	5	det1=true
[1972]	20	64	-7	-1	-2	3	det1=true
[1973]	34	64	-13	-6	-4	-2	det1=true
[1974]	34	64	-15	-6	-4	2	det1=true
[1975]	39	64	-20	-15	-2	4	det1=true
[1976]	40	64	-11	-1	-4	-3	det1=true
[1977]	40	64	-14	-1	-4	3	det1=true
[1978]	43	64	-13	-10	-3	-4	det1=true
[1979]	43	64	-17	-10	-3	4	det1=true
[1980]	44	64	-15	-10	-3	-4	det1=true
[1981]	44	64	-19	-10	-3	4	det1=true
[1982]	45	64	-9	1	-5	-2	det1=true
[1983]	45	64	-11	1	-5	2	det1=true
[1984]	51	64	-21	-11	-2	5	det1=true
[1985]	54	64	-25	1	-5	-2	det1=true
[1986]	54	64	-27	1	-5	2	det1=true
[1987]	58	64	-11	-3	-6	-1	det1=true
[1988]	58	64	-12	-3	-6	1	det1=true
[1989]	64	64	-11	-8	-6	-2	det1=true
[1990]	41	61	-8	-2	-4	-3	det1=true
[1991]	41	61	-11	-2	-4	3	det1=true
[1992]	43	61	-12	2	-5	1	det1=true
[1993]	43	61	-7	-6	-1	-5	det1=true
[1994]	43	61	-12	-6	-1	5	det1=true
[1995]	45	61	-14	-6	-5	1	det1=true
[1996]	47	61	-18	-7	-3	-4	det1=true
[1997]	47	61	-22	-7	-3	4	det1=true
[1998]	55	61	-9	-4	-5	3	det1=true
[1999]	59	61	-5	-2	-6	-1	det1=true
[2000]	59	61	-6	-2	-6	1	det1=true
[2001]	61	61	-51	-4	-2	3	det1=true
[2002]	61	61	-26	-23	-5	0	det1=true
[2003]	33	62	-10	-1	-4	-2	det1=true
[2004]	33	62	-12	-1	-4	2	det1=true
[2005]	47	62	-6	-7	-2	-5	det1=true
[2006]	48	62	-15	1	-5	2	det1=true
[2007]	48	62	-16	-3	-2	5	det1=true
[2008]	60	62	-31	-4	-5	2	det1=true
[2009]	34	63	-16	1	-4	2	det1=true
[2010]	48	63	-17	-5	-2	5	det1=true
[2011]	55	63	-24	-16	-1	-5	det1=true
[2012]	55	63	-29	-16	-1	5	det1=true
[2013]	58	63	-11	3	-6	1	det1=true
[2014]	59	63	-26	-12	-5	-2	det1=true
[2015]	63	63	-26	-19	-5	-2	det1=true
[2016]	33	64	-13	2	-4	-2	det1=true
[2017]	33	64	-15	2	-4	2	det1=true
[2018]	38	64	-3	-2	-3	-4	det1=true
[2019]	46	64	-21	-3	-3	-4	det1=true
[2020]	46	64	-25	-3	-3	4	det1=true
[2021]	64	64	-13	-8	-6	2	det1=true
[2022]	23	61	-10	-4	-2	-3	det1=true
[2023]	48	61	-11	0	-5	-2	det1=true
[2024]	48	61	-13	0	-5	2	det1=true
[2025]	49	61	-18	-10	-5	-1	det1=true
[2026]	49	61	-19	-10	-5	1	det1=true
[2027]	49	61	-12	0	-2	-5	det1=true
[2028]	49	61	-17	0	-2	5	det1=true
[2029]	51	61	-22	-4	-1	-5	det1=true
[2030]	51	61	-27	-4	-1	5	det1=true
[2031]	61	61	-8	-7	-1	-6	det1=true
[2032]	61	61	-14	-7	-1	6	det1=true
[2033]	47	62	-14	-1	-2	5	det1=true
[2034]	48	62	-13	1	-5	-2	det1=true
[2035]	48	62	-11	-3	-2	-5	det1=true
[2036]	62	62	-12	-9	-6	-1	det1=true
[2037]	62	62	-13	-9	-6	1	det1=true
[2038]	45	63	-16	-6	-5	-1	det1=true
[2039]	49	63	-16	-2	-5	-2	det1=true
[2040]	49	63	-18	-2	-5	2	det1=true
[2041]	56	63	-23	-9	-2	-5	det1=true
[2042]	56	63	-28	-9	-2	5	det1=true
[2043]	58	63	-10	3	-6	-1	det1=true
[2044]	61	63	-24	-25	-1	-5	det1=true
[2045]	61	63	-29	-25	-1	5	det1=true
[2046]	63	63	-28	-19	-5	2	det1=true
[2047]	63	63	-4	0	-5	-4	det1=true
[2048]	63	63	-8	0	-5	4	det1=true
[2049]	27	64	-9	-1	-4	-1	det1=true
[2050]	27	64	-10	-1	-4	1	det1=true
[2051]	61	64	-7	0	-6	-2	det1=true
[2052]	64	64	-15	0	-6	-2	det1=true
[2053]	64	64	-17	0	-6	2	det1=true
[2054]	31	61	-9	-6	-3	-3	det1=true
[2055]	31	61	-12	-6	-3	3	det1=true
[2056]	51	61	-17	-15	-1	-5	det1=true
[2057]	51	61	-22	-15	-1	5	det1=true
[2058]	62	62	-36	-21	-2	-4	det1=true
[2059]	48	63	-12	-5	-2	-5	det1=true
[2060]	49	63	-20	-9	-1	-5	det1=true
[2061]	49	63	-25	-9	-1	5	det1=true
[2062]	51	63	-19	-16	-5	-1	det1=true
[2063]	51	63	-20	-16	-5	1	det1=true
[2064]	39	64	-17	-14	-4	-2	det1=true
[2065]	39	64	-19	-14	-4	2	det1=true
[2066]	46	61	-3	-1	-5	-2	det1=true
[2067]	46	61	-5	-1	-5	2	det1=true
[2068]	59	61	-10	-2	-1	6	det1=true
[2069]	47	62	-9	-1	-2	-5	det1=true
[2070]	31	64	-7	0	-4	-2	det1=true
[2071]	31	64	-9	0	-4	2	det1=true
[2072]	61	64	-9	0	-6	2	det1=true
[2073]	48	62	-26	-21	-2	4	det1=true
[2074]	51	63	-17	-18	-1	-5	det1=true
[2075]	53	63	-22	-16	-5	-1	det1=true
[2076]	53	63	-23	-16	-5	1	det1=true
[2077]	49	64	-18	-17	-4	-3	det1=true
[2078]	49	64	-21	-17	-4	3	det1=true
[2079]	59	64	-26	-23	-4	-3	det1=true
[2080]	59	64	-29	-23	-4	3	det1=true
[2081]	59	61	-4	-2	-1	-6	det1=true
[2082]	59	63	-23	-16	-2	-5	det1=true
[2083]	59	63	-28	-16	-2	5	det1=true
[2084]	61	64	-5	-2	-2	-6	det1=true
[2085]	61	64	-11	-2	-2	6	det1=true
[2086]	57	62	-21	-14	-5	-2	det1=true
[2087]	57	62	-23	-14	-5	2	det1=true
[2088]	34	61	-15	-12	-1	-4	det1=true
[2089]	34	61	-19	-12	-1	4	det1=true
[2090]	50	61	-23	-4	-3	-4	det1=true
[2091]	6	64	0	1	-2	0	det1=true
[2092]	12	64	0	1	-2	-2	det1=true
[2093]	30	64	0	1	-2	-4	det1=true
[2094]	30	64	-4	1	-2	4	det1=true
[2095]	66	66	-28	3	-6	-1	det1=true
[2096]	66	66	-29	3	-6	1	det1=true
[2097]	66	66	-17	-5	-4	-5	det1=true
[2098]	66	66	-22	-5	-4	5	det1=true
[2099]	32	65	-8	-7	-2	-4	det1=true
[2100]	32	65	-12	-7	-2	4	det1=true
[2101]	58	67	-27	-24	-3	-4	det1=true
[2102]	58	67	-31	-24	-3	4	det1=true
[2103]	59	68	-9	-6	-6	-2	det1=true
[2104]	59	68	-11	-6	-6	2	det1=true
[2105]	66	68	-23	-6	-6	-2	det1=true
[2106]	66	68	-25	-6	-6	2	det1=true
[2107]	40	65	-11	-5	-4	-3	det1=true
[2108]	40	65	-14	-5	-4	3	det1=true
[2109]	41	65	-9	-6	-1	-5	det1=true
[2110]	41	65	-14	-6	-1	5	det1=true
[2111]	55	65	-5	2	-6	-1	det1=true
[2112]	55	65	-6	2	-6	1	det1=true
[2113]	58	65	-15	-1	-6	1	det1=true
[2114]	59	65	-21	-6	-5	-3	det1=true
[2115]	59	65	-24	-6	-5	3	det1=true
[2116]	59	65	-20	-7	-3	-5	det1=true
[2117]	59	65	-25	-7	-3	5	det1=true
[2118]	59	65	-19	-14	-5	3	det1=true
[2119]	65	65	-26	-11	-3	-5	det1=true
[2120]	65	65	-31	-11	-3	5	det1=true
[2121]	25	66	-4	1	-4	-1	det1=true
[2122]	25	66	-5	1	-4	1	det1=true
[2123]	31	66	-9	-2	-2	-4	det1=true
[2124]	31	66	-13	-2	-2	4	det1=true
[2125]	57	66	-22	-9	-4	-4	det1=true
[2126]	57	66	-26	-9	-4	4	det1=true
[2127]	25	67	-5	-2	-4	-1	det1=true
[2128]	25	67	-6	-2	-4	1	det1=true
[2129]	46	67	-13	-7	-2	-5	det1=true
[2130]	46	67	-18	-7	-2	5	det1=true
[2131]	49	67	-23	-13	-5	-1	det1=true
[2132]	49	67	-24	-13	-5	1	det1=true
[2133]	55	67	-14	-11	-3	-5	det1=true
[2134]	55	67	-19	-11	-3	5	det1=true
[2135]	56	67	-23	-17	-2	-5	det1=true
[2136]	56	67	-28	-17	-2	5	det1=true
[2137]	61	67	-16	-13	-1	-6	det1=true
[2138]	61	67	-22	-13	-1	6	det1=true
[2139]	62	67	-17	-14	-1	-6	det1=true
[2140]	62	67	-23	-14	-1	6	det1=true
[2141]	26	68	-9	-5	-4	-1	det1=true
[2142]	26	68	-10	-5	-4	1	det1=true
[2143]	32	68	-15	0	-4	-2	det1=true
[2144]	32	68	-17	0	-4	2	det1=true
[2145]	37	68	-7	-5	-4	-3	det1=true
[2146]	37	68	-10	-5	-4	3	det1=true
[2147]	44	68	-19	-11	-3	-4	det1=true
[2148]	44	68	-23	-11	-3	4	det1=true
[2149]	64	68	-19	-8	-6	-2	det1=true
[2150]	64	68	-21	-8	-6	2	det1=true
[2151]	64	68	-17	-10	-2	-6	det1=true
[2152]	64	68	-23	-10	-2	6	det1=true
[2153]	36	65	-17	-8	-4	-2	det1=true
[2154]	36	65	-19	-8	-4	2	det1=true
[2155]	43	65	-18	1	-3	-4	det1=true
[2156]	43	65	-22	1	-3	4	det1=true
[2157]	58	65	-14	-1	-6	-1	det1=true
[2158]	59	65	-16	-14	-5	-3	det1=true
[2159]	61	65	-24	-1	-3	-5	det1=true
[2160]	61	65	-22	-10	-5	-3	det1=true
[2161]	61	65	-25	-10	-5	3	det1=true
[2162]	61	65	-20	-11	-1	6	det1=true
[2163]	63	65	-24	-10	-1	6	det1=true
[2164]	65	65	-14	-4	-5	-4	det1=true
[2165]	65	65	-18	-4	-5	4	det1=true
[2166]	65	65	-12	-12	-2	-6	det1=true
[2167]	65	65	-18	-12	-2	6	det1=true
[2168]	25	66	-3	-1	-4	-1	det1=true
[2169]	25	66	-4	-1	-4	1	det1=true
[2170]	26	66	-11	-2	-1	4	det1=true
[2171]	31	66	-7	-6	-2	-4	det1=true
[2172]	31	66	-11	-6	-2	4	det1=true
[2173]	43	66	-5	-1	-2	-5	det1=true
[2174]	43	66	-10	-1	-2	5	det1=true
[2175]	61	66	-7	-1	-4	-5	det1=true
[2176]	61	66	-12	-1	-4	5	det1=true
[2177]	64	66	-14	-3	-4	-5	det1=true
[2178]	64	66	-19	-3	-4	5	det1=true
[2179]	19	67	-4	0	-3	-2	det1=true
[2180]	19	67	-6	0	-3	2	det1=true
[2181]	20	67	-7	-4	-3	-2	det1=true
[2182]	20	67	-9	-4	-3	2	det1=true
[2183]	49	67	-21	-15	-1	-5	det1=true
[2184]	49	67	-26	-15	-1	5	det1=true
[2185]	60	67	-29	-16	-5	-2	det1=true
[2186]	60	67	-31	-16	-5	2	det1=true
[2187]	61	67	-10	0	-4	-5	det1=true
[2188]	61	67	-15	0	-4	5	det1=true
[2189]	65	67	-38	-5	-5	-2	det1=true
[2190]	65	67	-40	-5	-5	2	det1=true
[2191]	43	68	-11	1	-5	-2	det1=true
[2192]	43	68	-13	1	-5	2	det1=true
[2193]	55	68	-17	0	-1	6	det1=true
[2194]	59	68	-16	-11	-6	-1	det1=true
[2195]	59	68	-17	-11	-6	1	det1=true
[2196]	61	68	-13	-8	-6	-2	det1=true
[2197]	61	68	-15	-8	-6	2	det1=true
[2198]	62	68	-13	-5	-4	-5	det1=true
[2199]	62	68	-18	-5	-4	5	det1=true
[2200]	68	68	-29	-7	-1	-6	det1=true
[2201]	68	68	-35	-7	-1	6	det1=true
[2202]	21	65	-9	-2	-2	-3	det1=true
[2203]	21	65	-12	-2	-2	3	det1=true
[2204]	27	65	-9	-4	-4	-1	det1=true
[2205]	27	65	-10	-4	-4	1	det1=true
[2206]	29	65	-12	-8	-4	-1	det1=true
[2207]	33	65	-14	0	-4	-2	det1=true
[2208]	33	65	-16	0	-4	2	det1=true
[2209]	37	65	-1	0	-4	-3	det1=true
[2210]	37	65	-4	0	-4	3	det1=true
[2211]	42	65	-13	-9	-3	-4	det1=true
[2212]	42	65	-17	-9	-3	4	det1=true
[2213]	47	65	-10	-10	-2	-5	det1=true
[2214]	48	65	-15	-5	-2	-5	det1=true
[2215]	48	65	-20	-5	-2	5	det1=true
[2216]	51	65	-21	-16	-1	-5	det1=true
[2217]	51	65	-26	-16	-1	5	det1=true
[2218]	57	65	-24	-14	-2	-5	det1=true
[2219]	61	65	-14	-11	-1	-6	det1=true
[2220]	62	65	-19	-1	-1	-6	det1=true
[2221]	62	65	-25	-1	-1	6	det1=true
[2222]	62	65	-18	-9	-6	-1	det1=true
[2223]	62	65	-19	-9	-6	1	det1=true
[2224]	63	65	-9	-4	-4	-5	det1=true
[2225]	63	65	-14	-4	-4	5	det1=true
[2226]	64	65	-24	-1	-6	-1	det1=true
[2227]	64	65	-25	-1	-6	1	det1=true
[2228]	64	65	-19	-11	-1	-6	det1=true
[2229]	64	65	-25	-11	-1	6	det1=true
[2230]	65	65	-39	-3	-1	-5	det1=true
[2231]	65	65	-44	-3	-1	5	det1=true
[2232]	65	65	-18	-15	-1	-6	det1=true
[2233]	65	65	-24	-15	-1	6	det1=true
[2234]	26	66	-7	-2	-1	-4	det1=true
[2235]	35	66	-14	-11	-4	-2	det1=true
[2236]	35	66	-16	-11	-4	2	det1=true
[2237]	44	66	-8	-3	-2	-5	det1=true
[2238]	44	66	-13	-3	-2	5	det1=true
[2239]	45	66	-10	-5	-2	-5	det1=true
[2240]	45	66	-15	-5	-2	5	det1=true
[2241]	50	66	-25	-3	-2	5	det1=true
[2242]	54	66	-19	-17	-2	-5	det1=true
[2243]	54	66	-24	-17	-2	5	det1=true
[2244]	60	66	-19	-3	-6	-1	det1=true
[2245]	60	66	-20	-3	-6	1	det1=true
[2246]	64	66	-27	-23	-2	-5	det1=true
[2247]	64	66	-32	-23	-2	5	det1=true
[2248]	20	67	-8	-1	-2	-3	det1=true
[2249]	20	67	-11	-1	-2	3	det1=true
[2250]	27	67	-5	-5	-3	-3	det1=true
[2251]	46	67	-2	1	-4	-4	det1=true
[2252]	49	67	-3	0	-5	-3	det1=true
[2253]	52	67	-25	-3	-5	-2	det1=true
[2254]	52	67	-27	-3	-5	2	det1=true
[2255]	55	67	-11	0	-6	-1	det1=true
[2256]	59	67	-28	-23	-5	-1	det1=true
[2257]	59	67	-29	-23	-5	1	det1=true
[2258]	59	67	-26	-25	-1	-5	det1=true
[2259]	59	67	-31	-25	-1	5	det1=true
[2260]	60	67	-7	-1	-5	-4	det1=true
[2261]	60	67	-11	-1	-5	4	det1=true
[2262]	62	67	-13	1	-5	-4	det1=true
[2263]	62	67	-17	1	-5	4	det1=true
[2264]	41	68	-15	-9	-4	-3	det1=true
[2265]	41	68	-18	-9	-4	3	det1=true
[2266]	43	68	-15	-14	-3	-4	det1=true
[2267]	43	68	-19	-14	-3	4	det1=true
[2268]	43	68	-13	-5	-2	5	det1=true
[2269]	45	68	-11	-9	-2	-5	det1=true
[2270]	45	68	-16	-9	-2	5	det1=true
[2271]	58	68	-17	0	-1	-6	det1=true
[2272]	58	68	-23	0	-1	6	det1=true
[2273]	58	68	-5	-6	-2	-6	det1=true
[2274]	58	68	-11	-6	-2	6	det1=true
[2275]	60	68	-11	-6	-5	4	det1=true
[2276]	62	68	-19	2	-5	4	det1=true
[2277]	67	68	-25	-4	-6	-2	det1=true
[2278]	67	68	-27	-4	-6	2	det1=true
[2279]	67	68	-24	-7	-6	-2	det1=true
[2280]	67	68	-26	-7	-6	2	det1=true
[2281]	68	68	-24	-7	-2	-6	det1=true
[2282]	46	65	-16	-15	-4	-3	det1=true
[2283]	46	65	-19	-15	-4	3	det1=true
[2284]	50	65	-11	-2	-4	-4	det1=true
[2285]	50	65	-15	-2	-4	4	det1=true
[2286]	51	65	-23	-14	-5	-1	det1=true
[2287]	51	65	-24	-14	-5	1	det1=true
[2288]	53	65	-24	-18	-4	-3	det1=true
[2289]	53	65	-27	-18	-4	3	det1=true
[2290]	53	65	-10	-5	-5	-3	det1=true
[2291]	53	65	-13	-5	-5	3	det1=true
[2292]	55	65	-2	-2	-1	-6	det1=true
[2293]	55	65	-8	-2	-1	6	det1=true
[2294]	57	65	-29	-14	-2	5	det1=true
[2295]	61	65	-25	0	-5	-3	det1=true
[2296]	61	65	-28	0	-5	3	det1=true
[2297]	61	65	-21	-11	-3	-5	det1=true
[2298]	61	65	-26	-11	-3	5	det1=true
[2299]	63	65	-18	-10	-1	-6	det1=true
[2300]	64	65	-23	-5	-6	-1	det1=true
[2301]	64	65	-24	-5	-6	1	det1=true
[2302]	64	65	-21	-11	-6	1	det1=true
[2303]	65	65	-30	-10	-5	3	det1=true
[2304]	65	65	-21	-19	-5	-3	det1=true
[2305]	65	65	-24	-19	-5	3	det1=true
[2306]	30	66	-13	-11	-4	-1	det1=true
[2307]	30	66	-14	-11	-4	1	det1=true
[2308]	32	66	-12	1	-2	-4	det1=true
[2309]	40	66	-13	-3	-3	-4	det1=true
[2310]	40	66	-17	-3	-3	4	det1=true
[2311]	47	66	-17	2	-5	-2	det1=true
[2312]	47	66	-19	2	-5	2	det1=true
[2313]	50	66	-20	-3	-2	-5	det1=true
[2314]	52	66	-23	-1	-2	-5	det1=true
[2315]	52	66	-28	-1	-2	5	det1=true
[2316]	54	66	-25	-8	-5	-2	det1=true
[2317]	54	66	-23	-12	-5	-2	det1=true
[2318]	54	66	-25	-12	-5	2	det1=true
[2319]	60	66	-25	-20	-5	-2	det1=true
[2320]	60	66	-27	-20	-5	2	det1=true
[2321]	60	66	-16	-9	-6	-1	det1=true
[2322]	60	66	-17	-9	-6	1	det1=true
[2323]	62	66	-12	-5	-2	-6	det1=true
[2324]	62	66	-18	-5	-2	6	det1=true
[2325]	62	66	-10	-1	-4	-5	det1=true
[2326]	62	66	-15	-1	-4	5	det1=true
[2327]	39	67	-10	-1	-5	-1	det1=true
[2328]	39	67	-11	-1	-5	1	det1=true
[2329]	45	67	-18	-11	-5	-1	det1=true
[2330]	45	67	-19	-11	-5	1	det1=true
[2331]	45	67	-16	-13	-1	-5	det1=true
[2332]	45	67	-21	-13	-1	5	det1=true
[2333]	45	67	-10	-8	-2	-5	det1=true
[2334]	45	67	-15	-8	-2	5	det1=true
[2335]	48	67	-15	-11	-5	-2	det1=true
[2336]	49	67	-6	0	-5	3	det1=true
[2337]	51	67	-22	-18	-5	-1	det1=true
[2338]	51	67	-23	-18	-5	1	det1=true
[2339]	52	67	-19	-15	-5	-2	det1=true
[2340]	52	67	-21	-15	-5	2	det1=true
[2341]	55	67	-15	-10	-5	-3	det1=true
[2342]	55	67	-18	-10	-5	3	det1=true
[2343]	57	67	-21	-5	-5	-3	det1=true
[2344]	57	67	-24	-5	-5	3	det1=true
[2345]	57	67	-20	-6	-3	-5	det1=true
[2346]	57	67	-25	-6	-3	5	det1=true
[2347]	57	67	-17	-12	-3	-5	det1=true
[2348]	57	67	-22	-12	-3	5	det1=true
[2349]	61	67	-21	-6	-6	-1	det1=true
[2350]	64	67	-24	-9	-6	-1	det1=true
[2351]	64	67	-25	-9	-6	1	det1=true
[2352]	64	67	-15	-6	-5	-4	det1=true
[2353]	64	67	-19	-6	-5	4	det1=true
[2354]	64	67	-13	-9	-4	-5	det1=true
[2355]	64	67	-18	-9	-4	5	det1=true
[2356]	66	67	-7	-2	-3	-6	det1=true
[2357]	66	67	-13	-2	-3	6	det1=true
[2358]	67	67	-27	-28	-2	-5	det1=true
[2359]	19	68	-7	-3	-2	3	det1=true
[2360]	37	68	-13	1	-3	4	det1=true
[2361]	42	68	-18	-7	-4	-3	det1=true
[2362]	42	68	-21	-7	-4	3	det1=true
[2363]	44	68	-12	-1	-2	-5	det1=true
[2364]	53	68	-21	-16	-5	-2	det1=true
[2365]	53	68	-23	-16	-5	2	det1=true
[2366]	54	68	-29	-8	-5	2	det1=true
[2367]	58	68	-7	-4	-6	-2	det1=true
[2368]	58	68	-9	-4	-6	2	det1=true
[2369]	62	68	-17	-16	-1	-6	det1=true
[2370]	62	68	-23	-16	-1	6	det1=true
[2371]	63	68	-28	-23	-2	-5	det1=true
[2372]	63	68	-33	-23	-2	5	det1=true
[2373]	64	68	-24	-13	-6	1	det1=true
[2374]	65	68	-23	-15	-6	-1	det1=true
[2375]	65	68	-24	-15	-6	1	det1=true
[2376]	67	68	-29	-6	-2	6	det1=true
[2377]	68	68	-27	-15	-6	-1	det1=true
[2378]	68	68	-28	-15	-6	1	det1=true
[2379]	27	65	-10	-2	-4	-1	det1=true
[2380]	27	65	-11	-2	-4	1	det1=true
[2381]	28	65	-13	-1	-4	-1	det1=true
[2382]	28	65	-14	-1	-4	1	det1=true
[2383]	28	65	-10	-7	-4	-1	det1=true
[2384]	28	65	-11	-7	-4	1	det1=true
[2385]	29	65	-13	-8	-4	1	det1=true
[2386]	32	65	-9	-6	-4	-2	det1=true
[2387]	49	65	-14	-11	-5	-2	det1=true
[2388]	49	65	-16	-11	-5	2	det1=true
[2389]	50	65	-19	-6	-5	-2	det1=true
[2390]	50	65	-21	-6	-5	2	det1=true
[2391]	53	65	-24	-4	-5	-2	det1=true
[2392]	53	65	-26	-4	-5	2	det1=true
[2393]	53	65	-18	-15	-5	-2	det1=true
[2394]	53	65	-20	-15	-5	2	det1=true
[2395]	53	65	-12	0	-5	-3	det1=true
[2396]	53	65	-15	0	-5	3	det1=true
[2397]	54	65	-23	-10	-5	-2	det1=true
[2398]	54	65	-25	-10	-5	2	det1=true
[2399]	58	65	-11	-5	-1	-6	det1=true
[2400]	58	65	-17	-5	-1	6	det1=true
[2401]	64	65	-20	-11	-6	-1	det1=true
[2402]	65	65	-27	-10	-5	-3	det1=true
[2403]	32	66	-13	2	-4	-2	det1=true
[2404]	32	66	-15	2	-4	2	det1=true
[2405]	46	66	-15	1	-5	-2	det1=true
[2406]	46	66	-17	1	-5	2	det1=true
[2407]	49	66	-19	-5	-5	-2	det1=true
[2408]	49	66	-21	-5	-5	2	det1=true
[2409]	49	66	-17	-9	-5	-2	det1=true
[2410]	49	66	-19	-9	-5	2	det1=true
[2411]	55	66	-25	-21	-3	-4	det1=true
[2412]	55	66	-29	-21	-3	4	det1=true
[2413]	56	66	-23	-16	-5	-2	det1=true
[2414]	56	66	-25	-16	-5	2	det1=true
[2415]	57	66	-13	-3	-6	-1	det1=true
[2416]	64	66	-13	-6	-5	-4	det1=true
[2417]	64	66	-17	-6	-5	4	det1=true
[2418]	37	67	-6	-3	-3	-4	det1=true
[2419]	39	67	-8	-3	-1	-5	det1=true
[2420]	39	67	-13	-3	-1	5	det1=true
[2421]	45	67	-14	-1	-5	-2	det1=true
[2422]	45	67	-16	-1	-5	2	det1=true
[2423]	46	67	-20	-13	-4	-3	det1=true
[2424]	46	67	-23	-13	-4	3	det1=true
[2425]	56	67	-11	-3	-1	-6	det1=true
[2426]	56	67	-17	-3	-1	6	det1=true
[2427]	67	67	-32	-28	-2	5	det1=true
[2428]	19	68	-5	-1	-2	-3	det1=true
[2429]	19	68	-8	-1	-2	3	det1=true
[2430]	19	68	-4	-3	-2	-3	det1=true
[2431]	37	68	-9	1	-3	-4	det1=true
[2432]	38	68	-11	-3	-3	-4	det1=true
[2433]	38	68	-15	-3	-3	4	det1=true
[2434]	40	68	-11	-11	-3	-4	det1=true
[2435]	40	68	-15	-11	-3	4	det1=true
[2436]	52	68	-25	-11	-5	2	det1=true
[2437]	55	68	-11	0	-1	-6	det1=true
[2438]	55	68	-11	-5	-6	-1	det1=true
[2439]	55	68	-12	-5	-6	1	det1=true
[2440]	57	68	-3	-2	-2	-6	det1=true
[2441]	57	68	-9	-2	-2	6	det1=true
[2442]	59	68	-7	-8	-2	-6	det1=true
[2443]	59	68	-13	-8	-2	6	det1=true
[2444]	60	68	-7	-6	-5	-4	det1=true
[2445]	63	68	-13	-9	-5	-4	det1=true
[2446]	63	68	-17	-9	-5	4	det1=true
[2447]	66	68	-26	-1	-4	5	det1=true
[2448]	66	68	-15	-14	-5	-4	det1=true
[2449]	66	68	-19	-14	-5	4	det1=true
[2450]	67	68	-23	-6	-2	-6	det1=true
[2451]	68	68	-30	-7	-2	6	det1=true
[2452]	32	65	-11	-6	-4	2	det1=true
[2453]	44	65	-14	-13	-4	-3	det1=true
[2454]	44	65	-17	-13	-4	3	det1=true
[2455]	47	65	-15	-10	-2	5	det1=true
[2456]	48	65	-16	1	-2	-5	det1=true
[2457]	48	65	-21	1	-2	5	det1=true
[2458]	55	65	-16	-1	-5	-3	det1=true
[2459]	55	65	-19	-1	-5	3	det1=true
[2460]	55	65	-15	-2	-3	-5	det1=true
[2461]	55	65	-20	-2	-3	5	det1=true
[2462]	59	65	-15	-15	-3	-5	det1=true
[2463]	59	65	-20	-15	-3	5	det1=true
[2464]	61	65	-20	2	-6	-1	det1=true
[2465]	61	65	-21	2	-6	1	det1=true
[2466]	61	65	-4	1	-5	-4	det1=true
[2467]	61	65	-8	1	-5	4	det1=true
[2468]	65	65	-20	-20	-3	-5	det1=true
[2469]	65	65	-25	-20	-3	5	det1=true
[2470]	27	66	-7	-8	-1	-4	det1=true
[2471]	27	66	-11	-8	-1	4	det1=true
[2472]	43	66	-19	0	-3	-4	det1=true
[2473]	43	66	-23	0	-3	4	det1=true
[2474]	44	66	-7	-5	-2	-5	det1=true
[2475]	44	66	-12	-5	-2	5	det1=true
[2476]	57	66	-14	-3	-6	1	det1=true
[2477]	63	66	-11	-5	-4	-5	det1=true
[2478]	63	66	-16	-5	-4	5	det1=true
[2479]	25	67	-6	0	-4	-1	det1=true
[2480]	25	67	-7	0	-4	1	det1=true
[2481]	37	67	-10	-3	-3	4	det1=true
[2482]	38	67	-9	-4	-3	-4	det1=true
[2483]	38	67	-13	-4	-3	4	det1=true
[2484]	41	67	-12	-11	-3	-4	det1=true
[2485]	41	67	-16	-11	-3	4	det1=true
[2486]	51	67	-22	-8	-5	-2	det1=true
[2487]	51	67	-24	-8	-5	2	det1=true
[2488]	55	67	-12	0	-6	1	det1=true
[2489]	64	67	-20	-1	-6	-2	det1=true
[2490]	64	67	-22	-1	-6	2	det1=true
[2491]	65	67	-26	-16	-5	-3	det1=true
[2492]	65	67	-29	-16	-5	3	det1=true
[2493]	67	67	-19	-8	-4	-5	det1=true
[2494]	67	67	-24	-8	-4	5	det1=true
[2495]	67	67	-15	-14	-4	-5	det1=true
[2496]	67	67	-20	-14	-4	5	det1=true
[2497]	27	68	-13	-3	-4	-1	det1=true
[2498]	27	68	-14	-3	-4	1	det1=true
[2499]	43	68	-8	-5	-2	-5	det1=true
[2500]	44	68	-17	-1	-2	5	det1=true
[2501]	47	68	-21	-15	-3	-4	det1=true
[2502]	47	68	-25	-15	-3	4	det1=true
[2503]	48	68	-16	-11	-2	-5	det1=true
[2504]	48	68	-21	-11	-2	5	det1=true
[2505]	52	68	-23	-11	-5	-2	det1=true
[2506]	62	68	-15	2	-5	-4	det1=true
[2507]	64	68	-23	-13	-6	-1	det1=true
[2508]	56	65	-19	-19	-2	-5	det1=true
[2509]	56	65	-24	-19	-2	5	det1=true
[2510]	59	65	-14	-1	-1	-6	det1=true
[2511]	51	66	-26	-5	-2	5	det1=true
[2512]	54	66	-4	3	-6	-1	det1=true
[2513]	54	66	-5	3	-6	1	det1=true
[2514]	62	66	-14	-3	-6	-2	det1=true
[2515]	62	66	-16	-3	-6	2	det1=true
[2516]	63	66	-13	0	-5	-4	det1=true
[2517]	63	66	-17	0	-5	4	det1=true
[2518]	42	67	-5	2	-5	-2	det1=true
[2519]	42	67	-7	2	-5	2	det1=true
[2520]	48	67	-17	-11	-5	2	det1=true
[2521]	53	67	-3	2	-6	1	det1=true
[2522]	59	67	-15	-10	-6	-1	det1=true
[2523]	59	67	-16	-10	-6	1	det1=true
[2524]	65	67	-25	-17	-3	-5	det1=true
[2525]	65	67	-30	-17	-3	5	det1=true
[2526]	67	67	-29	-14	-3	-5	det1=true
[2527]	67	67	-34	-14	-3	5	det1=true
[2528]	67	67	-26	-19	-3	-5	det1=true
[2529]	67	67	-31	-19	-3	5	det1=true
[2530]	39	65	-6	1	-5	-1	det1=true
[2531]	39	65	-7	1	-5	1	det1=true
[2532]	47	65	-23	-1	-5	-1	det1=true
[2533]	47	65	-24	-1	-5	1	det1=true
[2534]	49	65	-20	-16	-3	-4	det1=true
[2535]	49	65	-24	-16	-3	4	det1=true
[2536]	59	65	-20	-1	-1	6	det1=true
[2537]	65	65	-24	-6	-6	-1	det1=true
[2538]	65	65	-25	-6	-6	1	det1=true
[2539]	65	65	-14	-10	-6	-2	det1=true
[2540]	65	65	-16	-10	-6	2	det1=true
[2541]	40	66	-18	-17	-2	-4	det1=true
[2542]	40	66	-22	-17	-2	4	det1=true
[2543]	47	66	-4	1	-4	-4	det1=true
[2544]	48	67	-19	-18	-3	-4	det1=true
[2545]	48	67	-23	-18	-3	4	det1=true
[2546]	55	67	-8	-4	-1	-6	det1=true
[2547]	55	67	-14	-4	-1	6	det1=true
[2548]	57	67	-21	-11	-5	3	det1=true
[2549]	61	67	-22	-6	-6	1	det1=true
[2550]	65	67	-31	-4	-5	-3	det1=true
[2551]	65	67	-34	-4	-5	3	det1=true
[2552]	57	68	-5	0	-6	-2	det1=true
[2553]	57	68	-7	0	-6	2	det1=true
[2554]	68	68	-26	-5	-6	-2	det1=true
[2555]	68	68	-28	-5	-6	2	det1=true
[2556]	30	66	-7	2	-4	-2	det1=true
[2557]	30	66	-9	2	-4	2	det1=true
[2558]	31	66	-8	-5	-4	-2	det1=true
[2559]	31	66	-10	-5	-4	2	det1=true
[2560]	51	66	-21	-5	-2	-5	det1=true
[2561]	30	67	-13	-12	-1	-4	det1=true
[2562]	42	67	-2	-3	-2	-5	det1=true
[2563]	42	67	-7	-3	-2	5	det1=true
[2564]	49	67	-2	-1	-3	-5	det1=true
[2565]	49	67	-7	-1	-3	5	det1=true
[2566]	57	67	-18	-11	-5	-3	det1=true
[2567]	64	67	-20	-15	-6	-1	det1=true
[2568]	64	67	-21	-15	-6	1	det1=true
[2569]	67	67	-31	-9	-3	-5	det1=true
[2570]	67	67	-36	-9	-3	5	det1=true
[2571]	24	68	-1	1	-4	-1	det1=true
[2572]	24	68	-2	1	-4	1	det1=true
[2573]	66	68	-21	-1	-4	-5	det1=true
[2574]	30	65	-6	-1	-4	2	det1=true
[2575]	59	65	-14	-6	-6	-1	det1=true
[2576]	59	65	-15	-6	-6	1	det1=true
[2577]	31	66	-10	-1	-4	-2	det1=true
[2578]	31	66	-12	-1	-4	2	det1=true
[2579]	51	66	-23	-1	-5	-2	det1=true
[2580]	51	66	-25	-1	-5	2	det1=true
[2581]	53	67	-2	2	-6	-1	det1=true
[2582]	57	67	-22	-20	-2	-5	det1=true
[2583]	57	67	-27	-20	-2	5	det1=true
[2584]	58	67	-18	3	-6	-1	det1=true
[2585]	58	67	-19	3	-6	1	det1=true
[2586]	58	67	-17	-3	-6	-1	det1=true
[2587]	58	67	-18	-3	-6	1	det1=true
[2588]	41	68	0	-1	-2	-5	det1=true
[2589]	41	68	-5	-1	-2	5	det1=true
[2590]	30	65	-4	-1	-4	-2	det1=true
[2591]	53	68	-7	1	-6	-1	det1=true
[2592]	53	68	-8	1	-6	1	det1=true
[2593]	65	65	-29	-28	-4	-3	det1=true
[2594]	51	67	-20	-20	-1	-5	det1=true
[2595]	51	67	-25	-20	-1	5	det1=true
[2596]	65	65	-24	-20	-4	-4	det1=true
[2597]	65	65	-28	-20	-4	4	det1=true
[2598]	49	66	-23	-5	-2	5	det1=true
[2599]	49	66	-18	-5	-2	-5	det1=true
[2600]	65	68	-28	-5	-6	-1	det1=true
[2601]	65	68	-29	-5	-6	1	det1=true
[2602]	61	68	-11	-10	-2	-6	det1=true
[2603]	61	68	-17	-10	-2	6	det1=true
[2604]	67	67	-30	-13	-5	-3	det1=true
[2605]	67	67	-33	-13	-5	3	det1=true
[2606]	67	67	-27	-18	-5	-3	det1=true
[2607]	67	67	-30	-18	-5	3	det1=true
[2608]	67	68	-27	-13	-6	-1	det1=true
[2609]	65	67	-30	-5	-3	-5	det1=true
[2610]	65	67	-35	-5	-3	5	det1=true
[2611]	68	68	-27	0	-6	-2	det1=true
[2612]	68	68	-29	0	-6	2	det1=true
[2613]	40	66	-19	-16	-4	-2	det1=true
[2614]	40	66	-21	-16	-4	2	det1=true
[2615]	61	68	-25	1	-6	1	det1=true
[2616]	64	68	-23	-11	-1	-6	det1=true
[2617]	64	68	-29	-11	-1	6	det1=true
[2618]	68	68	-41	-18	-3	-4	det1=true
[2619]	3	65	-1	0	-1	-1	det1=true
[2620]	3	65	-2	0	-1	1	det1=true
[2621]	12	65	-2	-1	-2	-2	det1=true
[2622]	12	65	-4	-1	-2	2	det1=true
[2623]	12	66	-4	1	-2	-2	det1=true
[2624]	12	66	-6	1	-2	2	det1=true
[2625]	12	66	-3	-2	-2	-2	det1=true
[2626]	12	66	-5	-2	-2	2	det1=true
[2627]	30	66	-6	1	-2	-4	det1=true
[2628]	30	66	-10	1	-2	4	det1=true
[2629]	6	67	-3	-2	-2	0	det1=true
[2630]	50	68	-27	-18	-3	4	det1=true
[2631]	61	68	-24	1	-6	-1	det1=true
[2632]	30	65	-3	-2	-2	-4	det1=true
[2633]	30	65	-7	-2	-2	4	det1=true
[2634]	67	67	-32	-8	-5	-3	det1=true
[2635]	67	67	-35	-8	-5	3	det1=true
[2636]	63	72	-31	3	-6	-1	det1=true
[2637]	63	72	-32	3	-6	1	det1=true
[2638]	35	69	-3	2	-4	-3	det1=true
[2639]	35	69	-6	2	-4	3	det1=true
[2640]	71	71	-13	-1	-5	-5	det1=true
[2641]	71	71	-18	-1	-5	5	det1=true
[2642]	37	69	-6	-2	-5	-1	det1=true
[2643]	37	69	-7	-2	-5	1	det1=true
[2644]	37	69	-4	-4	-1	-5	det1=true
[2645]	37	69	-9	-4	-1	5	det1=true
[2646]	41	69	-11	-12	-1	-5	det1=true
[2647]	41	69	-16	-12	-1	5	det1=true
[2648]	46	69	-17	-3	-2	-5	det1=true
[2649]	46	69	-22	-3	-2	5	det1=true
[2650]	60	69	-21	-4	-1	-6	det1=true
[2651]	60	69	-27	-4	-1	6	det1=true
[2652]	64	69	-20	-9	-6	-2	det1=true
[2653]	64	69	-22	-9	-6	2	det1=true
[2654]	64	69	-7	-1	-3	-6	det1=true
[2655]	64	69	-13	-1	-3	6	det1=true
[2656]	24	70	-6	-1	-4	-1	det1=true
[2657]	24	70	-7	-1	-4	1	det1=true
[2658]	41	70	-19	-11	-4	3	det1=true
[2659]	55	70	-17	3	-6	-1	det1=true
[2660]	55	70	-18	3	-6	1	det1=true
[2661]	41	71	-9	0	-2	-5	det1=true
[2662]	41	71	-14	0	-2	5	det1=true
[2663]	43	71	-17	-13	-1	-5	det1=true
[2664]	53	71	-21	-11	-4	-4	det1=true
[2665]	53	71	-25	-11	-4	4	det1=true
[2666]	57	71	-10	-5	-5	4	det1=true
[2667]	61	71	-17	-9	-2	-6	det1=true
[2668]	61	71	-23	-9	-2	6	det1=true
[2669]	69	71	-10	3	-7	-1	det1=true
[2670]	69	71	-11	3	-7	1	det1=true
[2671]	71	71	-53	0	-1	5	det1=true
[2672]	71	71	-15	-3	-7	1	det1=true
[2673]	54	72	-15	-4	-1	-6	det1=true
[2674]	54	72	-21	-4	-1	6	det1=true
[2675]	57	72	-9	-5	-5	-4	det1=true
[2676]	57	72	-13	-5	-5	4	det1=true
[2677]	28	69	-13	-9	-4	-1	det1=true
[2678]	28	69	-3	2	-4	-2	det1=true
[2679]	28	69	-5	2	-4	2	det1=true
[2680]	42	69	-7	-5	-5	-2	det1=true
[2681]	42	69	-9	-5	-5	2	det1=true
[2682]	43	69	-20	-5	-5	-1	det1=true
[2683]	43	69	-21	-5	-5	1	det1=true
[2684]	43	69	-18	-7	-1	-5	det1=true
[2685]	43	69	-23	-7	-1	5	det1=true
[2686]	46	69	-17	-6	-5	-2	det1=true
[2687]	51	69	-17	-18	-2	-5	det1=true
[2688]	51	69	-22	-18	-2	5	det1=true
[2689]	57	69	0	2	-4	-5	det1=true
[2690]	57	69	-5	2	-4	5	det1=true
[2691]	57	69	0	1	-5	-4	det1=true
[2692]	57	69	-4	1	-5	4	det1=true
[2693]	60	69	-9	-7	-4	-5	det1=true
[2694]	60	69	-14	-7	-4	5	det1=true
[2695]	63	69	-18	-2	-5	-4	det1=true
[2696]	63	69	-22	-2	-5	4	det1=true
[2697]	67	69	-32	-25	-5	-2	det1=true
[2698]	67	69	-34	-25	-5	2	det1=true
[2699]	25	70	-13	0	-1	4	det1=true
[2700]	25	70	-8	-5	-4	-1	det1=true
[2701]	25	70	-9	-5	-4	1	det1=true
[2702]	28	70	-15	-9	-4	1	det1=true
[2703]	40	70	-3	0	-5	-2	det1=true
[2704]	40	70	-5	0	-5	2	det1=true
[2705]	57	70	-20	-19	-4	-4	det1=true
[2706]	60	70	-14	1	-4	-5	det1=true
[2707]	60	70	-19	1	-4	5	det1=true
[2708]	60	70	-14	-9	-6	-2	det1=true
[2709]	60	70	-16	-9	-6	2	det1=true
[2710]	60	70	-12	-11	-2	-6	det1=true
[2711]	60	70	-18	-11	-2	6	det1=true
[2712]	63	70	-7	1	-3	-6	det1=true
[2713]	63	70	-13	1	-3	6	det1=true
[2714]	68	70	-16	-9	-6	-3	det1=true
[2715]	68	70	-19	-9	-6	3	det1=true
[2716]	25	71	-14	-1	-1	4	det1=true
[2717]	28	71	-5	-4	-4	-2	det1=true
[2718]	28	71	-7	-4	-4	2	det1=true
[2719]	39	71	-16	0	-5	-1	det1=true
[2720]	39	71	-17	0	-5	1	det1=true
[2721]	41	71	-18	0	-1	-5	det1=true
[2722]	55	71	-16	0	-1	-6	det1=true
[2723]	55	71	-22	0	-1	6	det1=true
[2724]	55	71	-17	-15	-5	-3	det1=true
[2725]	55	71	-20	-15	-5	3	det1=true
[2726]	55	71	-4	-4	-2	-6	det1=true
[2727]	55	71	-10	-4	-2	6	det1=true
[2728]	56	71	-11	2	-6	-2	det1=true
[2729]	56	71	-13	2	-6	2	det1=true
[2730]	56	71	-8	-5	-6	-2	det1=true
[2731]	56	71	-10	-5	-6	2	det1=true
[2732]	57	71	-6	-5	-5	-4	det1=true
[2733]	59	71	-21	-18	-3	-5	det1=true
[2734]	59	71	-26	-18	-3	5	det1=true
[2735]	65	71	-28	-10	-1	-6	det1=true
[2736]	71	71	-24	0	-3	-6	det1=true
[2737]	71	71	-30	0	-3	6	det1=true
[2738]	71	71	-15	0	-7	-1	det1=true
[2739]	71	71	-16	0	-7	1	det1=true
[2740]	71	71	-12	-3	-1	-7	det1=true
[2741]	71	71	-19	-3	-1	7	det1=true
[2742]	71	71	-11	-6	-1	-7	det1=true
[2743]	25	72	-11	-1	-1	-4	det1=true
[2744]	45	72	-19	1	-2	-5	det1=true
[2745]	45	72	-24	1	-2	5	det1=true
[2746]	53	72	-16	3	-6	-1	det1=true
[2747]	53	72	-17	3	-6	1	det1=true
[2748]	59	72	-14	-5	-4	-5	det1=true
[2749]	59	72	-19	-5	-4	5	det1=true
[2750]	59	72	-13	-7	-4	-5	det1=true
[2751]	59	72	-18	-7	-4	5	det1=true
[2752]	65	72	-31	-9	-6	-1	det1=true
[2753]	65	72	-32	-9	-6	1	det1=true
[2754]	66	72	-22	-13	-4	-5	det1=true
[2755]	66	72	-27	-13	-4	5	det1=true
[2756]	70	72	-29	-9	-4	-5	det1=true
[2757]	70	72	-34	-9	-4	5	det1=true
[2758]	71	72	-5	3	-7	-2	det1=true
[2759]	72	72	-28	1	-6	-3	det1=true
[2760]	26	69	-12	-1	-4	-1	det1=true
[2761]	26	69	-13	-1	-4	1	det1=true
[2762]	32	69	-15	-4	-4	-2	det1=true
[2763]	32	69	-17	-4	-4	2	det1=true
[2764]	38	69	-13	0	-3	-4	det1=true
[2765]	38	69	-17	0	-3	4	det1=true
[2766]	44	69	-15	1	-5	-2	det1=true
[2767]	48	69	-17	-12	-5	-2	det1=true
[2768]	54	69	-25	-14	-5	-2	det1=true
[2769]	57	69	-20	0	-6	1	det1=true
[2770]	61	69	-11	-8	-4	-5	det1=true
[2771]	61	69	-16	-8	-4	5	det1=true
[2772]	41	70	-16	-11	-4	-3	det1=true
[2773]	56	70	-5	-4	-2	-6	det1=true
[2774]	56	70	-11	-4	-2	6	det1=true
[2775]	69	70	-19	-19	-4	-5	det1=true
[2776]	69	70	-24	-19	-4	5	det1=true
[2777]	41	71	-14	-12	-5	-1	det1=true
[2778]	41	71	-15	-12	-5	1	det1=true
[2779]	43	71	-20	-11	-5	1	det1=true
[2780]	43	71	-22	-13	-1	5	det1=true
[2781]	44	71	-16	-1	-2	-5	det1=true
[2782]	44	71	-21	-1	-2	5	det1=true
[2783]	49	71	-10	-7	-5	-3	det1=true
[2784]	49	71	-13	-7	-5	3	det1=true
[2785]	50	71	-5	-1	-1	6	det1=true
[2786]	53	71	-21	2	-5	-3	det1=true
[2787]	53	71	-24	2	-5	3	det1=true
[2788]	54	71	-29	-14	-5	2	det1=true
[2789]	55	71	-14	-8	-1	-6	det1=true
[2790]	55	71	-20	-8	-1	6	det1=true
[2791]	55	71	-15	-8	-6	-1	det1=true
[2792]	55	71	-16	-8	-6	1	det1=true
[2793]	58	71	-11	-1	-4	-5	det1=true
[2794]	58	71	-16	-1	-4	5	det1=true
[2795]	58	71	-8	-7	-4	-5	det1=true
[2796]	58	71	-13	-7	-4	5	det1=true
[2797]	59	71	-22	-17	-5	-3	det1=true
[2798]	59	71	-25	-17	-5	3	det1=true
[2799]	62	71	-15	-11	-4	-5	det1=true
[2800]	62	71	-20	-11	-4	5	det1=true
[2801]	65	71	-34	-10	-1	6	det1=true
[2802]	68	71	-28	-5	-2	-6	det1=true
[2803]	68	71	-34	-5	-2	6	det1=true
[2804]	69	71	-29	-24	-3	-5	det1=true
[2805]	69	71	-34	-24	-3	5	det1=true
[2806]	69	71	-6	-4	-1	-7	det1=true
[2807]	69	71	-13	-4	-1	7	det1=true
[2808]	71	71	-32	-18	-6	-1	det1=true
[2809]	25	72	-9	-7	-4	-1	det1=true
[2810]	25	72	-10	-7	-4	1	det1=true
[2811]	42	72	-11	-7	-2	-5	det1=true
[2812]	42	72	-16	-7	-2	5	det1=true
[2813]	50	72	-7	3	-6	-1	det1=true
[2814]	50	72	-8	3	-6	1	det1=true
[2815]	59	72	-20	-15	-6	1	det1=true
[2816]	64	72	-19	-13	-5	-4	det1=true
[2817]	64	72	-23	-13	-5	4	det1=true
[2818]	65	72	-28	-15	-6	-1	det1=true
[2819]	65	72	-29	-15	-6	1	det1=true
[2820]	29	69	-7	-1	-2	-4	det1=true
[2821]	29	69	-11	-1	-2	4	det1=true
[2822]	35	69	-2	0	0	-5	det1=true
[2823]	37	69	-7	0	-5	-1	det1=true
[2824]	37	69	-8	0	-5	1	det1=true
[2825]	39	69	-10	-7	-5	-1	det1=true
[2826]	41	69	-13	-10	-5	-1	det1=true
[2827]	41	69	-14	-10	-5	1	det1=true
[2828]	47	69	-13	-14	-2	-5	det1=true
[2829]	47	69	-18	-14	-2	5	det1=true
[2830]	59	69	-10	2	-5	-4	det1=true
[2831]	59	69	-14	2	-5	4	det1=true
[2832]	64	69	-25	0	-6	2	det1=true
[2833]	7	70	-2	-1	-2	-1	det1=true
[2834]	7	70	-3	-1	-2	1	det1=true
[2835]	19	70	-7	-3	-3	-2	det1=true
[2836]	19	70	-9	-3	-3	2	det1=true
[2837]	24	70	-9	-1	-1	4	det1=true
[2838]	25	70	-9	0	-1	-4	det1=true
[2839]	26	70	-10	-7	-4	-1	det1=true
[2840]	26	70	-11	-7	-4	1	det1=true
[2841]	35	70	-4	-3	-4	-3	det1=true
[2842]	41	70	-5	-5	-2	-5	det1=true
[2843]	41	70	-10	-5	-2	5	det1=true
[2844]	48	70	-19	-11	-5	-2	det1=true
[2845]	48	70	-21	-11	-5	2	det1=true
[2846]	52	70	-19	-19	-2	-5	det1=true
[2847]	52	70	-24	-19	-2	5	det1=true
[2848]	61	70	-21	1	-4	5	det1=true
[2849]	62	70	-25	-3	-1	-6	det1=true
[2850]	62	70	-31	-3	-1	6	det1=true
[2851]	65	70	-23	-11	-5	4	det1=true
[2852]	68	70	-20	-19	-2	-6	det1=true
[2853]	68	70	-26	-19	-2	6	det1=true
[2854]	70	70	-29	-1	-5	-4	det1=true
[2855]	70	70	-33	-1	-5	4	det1=true
[2856]	25	71	-10	-4	-4	-1	det1=true
[2857]	32	71	-15	-8	-4	-2	det1=true
[2858]	32	71	-17	-8	-4	2	det1=true
[2859]	35	71	-8	2	-4	-3	det1=true
[2860]	35	71	-11	2	-4	3	det1=true
[2861]	40	71	-15	-11	-3	-4	det1=true
[2862]	40	71	-19	-11	-3	4	det1=true
[2863]	43	71	-20	-12	-4	-3	det1=true
[2864]	43	71	-23	-12	-4	3	det1=true
[2865]	43	71	-19	-11	-5	-1	det1=true
[2866]	46	71	-21	-17	-3	-4	det1=true
[2867]	46	71	-25	-17	-3	4	det1=true
[2868]	49	71	-9	-8	-3	-5	det1=true
[2869]	49	71	-14	-8	-3	5	det1=true
[2870]	51	71	-12	-11	-5	-3	det1=true
[2871]	51	71	-15	-11	-5	3	det1=true
[2872]	55	71	-8	-2	-6	2	det1=true
[2873]	58	71	-19	-9	-1	-6	det1=true
[2874]	58	71	-25	-9	-1	6	det1=true
[2875]	61	71	-19	-3	-2	-6	det1=true
[2876]	61	71	-25	-3	-2	6	det1=true
[2877]	65	71	-24	-18	-1	-6	det1=true
[2878]	65	71	-30	-18	-1	6	det1=true
[2879]	67	71	-20	-16	-4	-5	det1=true
[2880]	67	71	-25	-16	-4	5	det1=true
[2881]	68	71	-30	-3	-6	-2	det1=true
[2882]	68	71	-32	-3	-6	2	det1=true
[2883]	71	71	-30	-10	-2	-6	det1=true
[2884]	71	71	-36	-10	-2	6	det1=true
[2885]	71	71	-33	-18	-6	1	det1=true
[2886]	71	71	-14	-3	-7	-1	det1=true
[2887]	39	72	-3	1	-2	-5	det1=true
[2888]	39	72	-8	1	-2	5	det1=true
[2889]	42	72	-12	-5	-2	-5	det1=true
[2890]	42	72	-17	-5	-2	5	det1=true
[2891]	47	72	-19	-11	-2	-5	det1=true
[2892]	47	72	-24	-11	-2	5	det1=true
[2893]	50	72	-3	-4	-1	-6	det1=true
[2894]	50	72	-9	-4	-1	6	det1=true
[2895]	52	72	-9	-7	-1	-6	det1=true
[2896]	52	72	-15	-7	-1	6	det1=true
[2897]	55	72	-19	-3	-6	-1	det1=true
[2898]	55	72	-20	-3	-6	1	det1=true
[2899]	59	72	-19	-15	-6	-1	det1=true
[2900]	60	72	-14	-9	-4	-5	det1=true
[2901]	60	72	-19	-9	-4	5	det1=true
[2902]	64	72	-27	-7	-4	5	det1=true
[2903]	66	72	-17	-7	-6	-3	det1=true
[2904]	66	72	-20	-7	-6	3	det1=true
[2905]	71	72	-25	-7	-6	-3	det1=true
[2906]	71	72	-1	-3	-2	-7	det1=true
[2907]	71	72	-8	-3	-2	7	det1=true
[2908]	72	72	-31	1	-6	3	det1=true
[2909]	72	72	-25	-8	-3	-6	det1=true
[2910]	72	72	-31	-8	-3	6	det1=true
[2911]	19	69	-6	-2	-2	-3	det1=true
[2912]	27	69	-10	-9	-1	-4	det1=true
[2913]	27	69	-14	-9	-1	4	det1=true
[2914]	41	69	-6	1	-5	-2	det1=true
[2915]	41	69	-8	1	-5	2	det1=true
[2916]	44	69	-17	1	-5	2	det1=true
[2917]	45	69	-16	-16	-1	-5	det1=true
[2918]	45	69	-21	-16	-1	5	det1=true
[2919]	46	69	-19	-6	-5	2	det1=true
[2920]	48	69	-19	-12	-5	2	det1=true
[2921]	53	69	-17	-3	-3	-5	det1=true
[2922]	53	69	-22	-3	-3	5	det1=true
[2923]	57	69	-19	0	-6	-1	det1=true
[2924]	60	69	-21	-16	-1	6	det1=true
[2925]	62	69	-16	-1	-4	-5	det1=true
[2926]	62	69	-21	-1	-4	5	det1=true
[2927]	64	69	-23	0	-6	-2	det1=true
[2928]	66	69	-29	-27	-2	-5	det1=true
[2929]	66	69	-34	-27	-2	5	det1=true
[2930]	66	69	-23	1	-5	-4	det1=true
[2931]	66	69	-27	1	-5	4	det1=true
[2932]	24	70	-5	-1	-1	-4	det1=true
[2933]	35	70	-7	-3	-4	3	det1=true
[2934]	38	70	-14	-3	-4	-3	det1=true
[2935]	38	70	-17	-3	-4	3	det1=true
[2936]	45	70	-14	-9	-2	-5	det1=true
[2937]	45	70	-19	-9	-2	5	det1=true
[2938]	58	70	-9	1	-4	-5	det1=true
[2939]	58	70	-14	1	-4	5	det1=true
[2940]	61	70	-16	1	-4	-5	det1=true
[2941]	65	70	-19	-11	-5	-4	det1=true
[2942]	68	70	-22	-17	-6	-2	det1=true
[2943]	68	70	-24	-17	-6	2	det1=true
[2944]	37	71	-10	-8	-4	-3	det1=true
[2945]	37	71	-13	-8	-4	3	det1=true
[2946]	38	71	-12	-9	-4	-3	det1=true
[2947]	38	71	-15	-9	-4	3	det1=true
[2948]	41	71	-10	-1	-5	-2	det1=true
[2949]	41	71	-12	-1	-5	2	det1=true
[2950]	48	71	-19	-15	-5	2	det1=true
[2951]	49	71	-13	-1	-5	-3	det1=true
[2952]	49	71	-16	-1	-5	3	det1=true
[2953]	49	71	-12	-2	-3	-5	det1=true
[2954]	49	71	-17	-2	-3	5	det1=true
[2955]	50	71	1	-1	-1	-6	det1=true
[2956]	52	71	-12	-1	-6	1	det1=true
[2957]	57	71	-8	-2	-5	-4	det1=true
[2958]	65	71	-24	-1	-5	-4	det1=true
[2959]	65	71	-28	-1	-5	4	det1=true
[2960]	69	71	-7	0	-1	-7	det1=true
[2961]	69	71	-14	0	-1	7	det1=true
[2962]	71	71	-32	-8	-6	-2	det1=true
[2963]	71	71	-34	-8	-6	2	det1=true
[2964]	71	71	-3	-3	-4	-6	det1=true
[2965]	71	71	-9	-3	-4	6	det1=true
[2966]	40	72	-9	1	-5	-2	det1=true
[2967]	40	72	-11	1	-5	2	det1=true
[2968]	55	72	-16	-9	-6	-1	det1=true
[2969]	55	72	-17	-9	-6	1	det1=true
[2970]	56	72	-5	-5	-4	-5	det1=true
[2971]	56	72	-10	-5	-4	5	det1=true
[2972]	71	72	-31	-21	-6	-1	det1=true
[2973]	71	72	-32	-21	-6	1	det1=true
[2974]	19	69	-9	-2	-2	3	det1=true
[2975]	39	69	-11	-7	-5	1	det1=true
[2976]	39	69	-8	-9	-1	-5	det1=true
[2977]	39	69	-13	-9	-1	5	det1=true
[2978]	41	69	-20	-9	-3	4	det1=true
[2979]	42	69	-9	-2	-5	-2	det1=true
[2980]	42	69	-11	-2	-5	2	det1=true
[2981]	43	69	-12	-2	-5	-2	det1=true
[2982]	43	69	-14	-2	-5	2	det1=true
[2983]	45	69	-18	-14	-5	-1	det1=true
[2984]	45	69	-19	-14	-5	1	det1=true
[2985]	53	69	-18	-2	-5	-3	det1=true
[2986]	53	69	-21	-2	-5	3	det1=true
[2987]	60	69	-15	-16	-1	-6	det1=true
[2988]	61	69	-26	-24	-5	-2	det1=true
[2989]	61	69	-28	-24	-5	2	det1=true
[2990]	39	70	-13	-9	-3	-4	det1=true
[2991]	39	70	-17	-9	-3	4	det1=true
[2992]	43	70	-14	-9	-2	5	det1=true
[2993]	56	70	-7	-2	-6	-2	det1=true
[2994]	56	70	-9	-2	-6	2	det1=true
[2995]	62	70	-24	-11	-6	-1	det1=true
[2996]	62	70	-25	-11	-6	1	det1=true
[2997]	25	71	-11	-4	-4	1	det1=true
[2998]	44	71	-15	-7	-5	-2	det1=true
[2999]	44	71	-17	-7	-5	2	det1=true
[3000]	52	71	-11	-1	-6	-1	det1=true
[3001]	55	71	-6	-2	-6	-2	det1=true
[3002]	24	72	-9	-1	-4	-1	det1=true
[3003]	24	72	-10	-1	-4	1	det1=true
[3004]	41	72	-8	-7	-2	-5	det1=true
[3005]	41	72	-13	-7	-2	5	det1=true
[3006]	64	72	-28	-29	-2	-5	det1=true
[3007]	64	72	-33	-29	-2	5	det1=true
[3008]	69	72	-22	-19	-4	-5	det1=true
[3009]	69	72	-27	-19	-4	5	det1=true
[3010]	70	72	-27	-14	-5	-4	det1=true
[3011]	70	72	-31	-14	-5	4	det1=true
[3012]	71	72	-28	-7	-6	3	det1=true
[3013]	54	69	-13	3	-6	-1	det1=true
[3014]	54	69	-14	3	-6	1	det1=true
[3015]	66	69	-27	-10	-1	-6	det1=true
[3016]	67	69	-21	-10	-4	-5	det1=true
[3017]	67	69	-26	-10	-4	5	det1=true
[3018]	69	69	-32	-12	-6	1	det1=true
[3019]	43	70	-9	-9	-2	-5	det1=true
[3020]	55	70	-11	-10	-1	-6	det1=true
[3021]	55	70	-17	-10	-1	6	det1=true
[3022]	58	70	-9	-1	-5	-4	det1=true
[3023]	58	70	-13	-1	-5	4	det1=true
[3024]	62	70	-21	-2	-6	-2	det1=true
[3025]	62	70	-23	-2	-6	2	det1=true
[3026]	62	70	-19	-4	-2	-6	det1=true
[3027]	63	70	-19	-4	-5	-4	det1=true
[3028]	63	70	-23	-4	-5	4	det1=true
[3029]	70	70	-29	-10	-6	-2	det1=true
[3030]	70	70	-31	-10	-6	2	det1=true
[3031]	23	71	0	0	-1	-4	det1=true
[3032]	23	71	-4	0	-1	4	det1=true
[3033]	45	71	-18	-5	-5	-2	det1=true
[3034]	45	71	-20	-5	-5	2	det1=true
[3035]	59	71	-22	-4	-1	-6	det1=true
[3036]	59	71	-28	-4	-1	6	det1=true
[3037]	59	71	-20	-12	-6	-1	det1=true
[3038]	65	71	-27	3	-6	-2	det1=true
[3039]	65	71	-29	3	-6	2	det1=true
[3040]	23	72	-7	-1	-1	4	det1=true
[3041]	57	72	-25	-23	-5	-2	det1=true
[3042]	57	72	-27	-23	-5	2	det1=true
[3043]	58	72	-21	-7	-1	-6	det1=true
[3044]	58	72	-27	-7	-1	6	det1=true
[3045]	62	72	-27	-4	-1	-6	det1=true
[3046]	62	72	-33	-4	-1	6	det1=true
[3047]	63	72	-11	-4	-3	-6	det1=true
[3048]	63	72	-17	-4	-3	6	det1=true
[3049]	41	69	-16	-9	-3	-4	det1=true
[3050]	60	69	-29	-19	-5	-2	det1=true
[3051]	60	69	-31	-19	-5	2	det1=true
[3052]	66	69	-20	-9	-4	-5	det1=true
[3053]	66	69	-25	-9	-4	5	det1=true
[3054]	69	69	-31	-12	-6	-1	det1=true
[3055]	49	70	-21	-9	-2	-5	det1=true
[3056]	49	70	-26	-9	-2	5	det1=true
[3057]	64	70	-21	1	-4	-5	det1=true
[3058]	64	70	-26	1	-4	5	det1=true
[3059]	50	71	-15	-12	-4	-4	det1=true
[3060]	57	71	-12	-2	-5	4	det1=true
[3061]	71	71	-4	-2	-6	-4	det1=true
[3062]	71	71	-8	-2	-6	4	det1=true
[3063]	23	72	-3	-1	-1	-4	det1=true
[3064]	30	72	-13	-8	-4	2	det1=true
[3065]	53	72	-23	-19	-5	-2	det1=true
[3066]	53	72	-25	-19	-5	2	det1=true
[3067]	61	72	-28	-3	-6	-1	det1=true
[3068]	61	72	-29	-3	-6	1	det1=true
[3069]	61	72	-13	-13	-4	-5	det1=true
[3070]	61	72	-18	-13	-4	5	det1=true
[3071]	64	72	-22	-7	-4	-5	det1=true
[3072]	69	72	-29	-5	-4	-5	det1=true
[3073]	69	72	-34	-5	-4	5	det1=true
[3074]	72	72	-5	-5	-2	-7	det1=true
[3075]	72	72	-12	-5	-2	7	det1=true
[3076]	24	69	-3	-1	-1	-4	det1=true
[3077]	24	69	-7	-1	-1	4	det1=true
[3078]	50	69	-19	-14	-5	-2	det1=true
[3079]	50	69	-21	-14	-5	2	det1=true
[3080]	66	69	-33	-10	-1	6	det1=true
[3081]	48	71	-17	-15	-5	-2	det1=true
[3082]	59	71	-21	-12	-6	1	det1=true
[3083]	62	71	-23	-13	-1	-6	det1=true
[3084]	62	71	-29	-13	-1	6	det1=true
[3085]	62	71	-6	-3	-6	-3	det1=true
[3086]	62	71	-9	-3	-6	3	det1=true
[3087]	69	71	-9	-1	-7	-1	det1=true
[3088]	69	71	-10	-1	-7	1	det1=true
[3089]	30	72	-11	-8	-4	-2	det1=true
[3090]	41	72	-11	-3	-5	-2	det1=true
[3091]	41	72	-13	-3	-5	2	det1=true
[3092]	63	72	-22	-1	-4	-5	det1=true
[3093]	63	72	-27	-1	-4	5	det1=true
[3094]	67	72	-27	-19	-1	-6	det1=true
[3095]	59	69	-27	1	-5	-3	det1=true
[3096]	59	69	-30	1	-5	3	det1=true
[3097]	59	69	-26	0	-3	-5	det1=true
[3098]	59	69	-31	0	-3	5	det1=true
[3099]	62	70	-25	-4	-2	6	det1=true
[3100]	47	72	-20	-9	-2	-5	det1=true
[3101]	58	72	-13	-1	-4	-5	det1=true
[3102]	64	72	-23	-5	-5	-4	det1=true
[3103]	67	72	-33	-19	-1	6	det1=true
[3104]	15	69	-6	-4	-1	-3	det1=true
[3105]	15	69	-9	-4	-1	3	det1=true
[3106]	41	69	-4	-2	-2	-5	det1=true
[3107]	41	69	-9	-2	-2	5	det1=true
[3108]	53	71	-14	0	-6	-1	det1=true
[3109]	53	71	-15	0	-6	1	det1=true
[3110]	46	72	-17	-12	-5	-2	det1=true
[3111]	46	72	-19	-12	-5	2	det1=true
[3112]	58	72	-18	-1	-4	5	det1=true
[3113]	61	72	-21	-16	-1	-6	det1=true
[3114]	61	72	-27	-16	-1	6	det1=true
[3115]	29	69	-8	0	-4	-2	det1=true
[3116]	29	69	-10	0	-4	2	det1=true
[3117]	61	71	-21	-1	-6	-2	det1=true
[3118]	61	71	-23	-1	-6	2	det1=true
[3119]	71	71	-30	-7	-5	-4	det1=true
[3120]	71	71	-34	-7	-5	4	det1=true
[3121]	70	70	-27	-9	-5	-4	det1=true
[3122]	46	70	-19	-4	-5	-2	det1=true
[3123]	46	70	-16	-9	-2	-5	det1=true
[3124]	46	70	-21	-9	-2	5	det1=true
[3125]	46	70	-21	-4	-5	2	det1=true
[3126]	12	69	-5	-4	-2	-2	det1=true
[3127]	70	70	-27	-12	-2	-6	det1=true
[3128]	70	70	-33	-12	-2	6	det1=true
[3129]	66	73	-30	-25	-4	-4	det1=true
[3130]	44	73	-17	-8	-5	-2	det1=true
[3131]	44	73	-19	-8	-5	2	det1=true
[3132]	66	74	-24	-17	-2	-6	det1=true
[3133]	66	74	-30	-17	-2	6	det1=true
[3134]	61	76	-18	-15	-4	-5	det1=true
[3135]	75	76	-21	-10	-4	-6	det1=true
[3136]	75	76	-27	-10	-4	6	det1=true
[3137]	55	73	-24	-6	-3	-5	det1=true
[3138]	55	73	-29	-6	-3	5	det1=true
[3139]	63	73	-14	1	-3	-6	det1=true
[3140]	63	73	-20	1	-3	6	det1=true
[3141]	67	73	-9	0	-7	-1	det1=true
[3142]	67	73	-10	0	-7	1	det1=true
[3143]	71	73	-33	-11	-6	-2	det1=true
[3144]	73	73	-34	-26	-5	-3	det1=true
[3145]	38	74	-17	-6	-3	-4	det1=true
[3146]	38	74	-21	-6	-3	4	det1=true
[3147]	60	74	-23	-6	-5	4	det1=true
[3148]	74	74	-33	-15	-4	-5	det1=true
[3149]	74	74	-38	-15	-4	5	det1=true
[3150]	26	75	-4	-1	-4	-2	det1=true
[3151]	26	75	-6	-1	-4	2	det1=true
[3152]	37	75	-16	-6	-3	-4	det1=true
[3153]	37	75	-20	-6	-3	4	det1=true
[3154]	54	75	-15	-13	-1	-6	det1=true
[3155]	55	75	-22	-20	-4	-4	det1=true
[3156]	59	75	-19	-4	-4	-5	det1=true
[3157]	59	75	-24	-4	-4	5	det1=true
[3158]	69	75	-34	-14	-4	5	det1=true
[3159]	27	76	-9	-4	-4	-2	det1=true
[3160]	27	76	-11	-4	-4	2	det1=true
[3161]	52	76	-10	3	-6	-2	det1=true
[3162]	52	76	-12	3	-6	2	det1=true
[3163]	53	76	-15	2	-6	2	det1=true
[3164]	56	76	-19	-2	-6	-2	det1=true
[3165]	56	76	-21	-2	-6	2	det1=true
[3166]	56	76	-17	-4	-2	-6	det1=true
[3167]	56	76	-23	-4	-2	6	det1=true
[3168]	58	76	-23	2	-6	-2	det1=true
[3169]	58	76	-25	2	-6	2	det1=true
[3170]	69	76	-32	-15	-6	-2	det1=true
[3171]	69	76	-34	-15	-6	2	det1=true
[3172]	71	76	-38	-11	-6	2	det1=true
[3173]	73	76	-34	-15	-4	-5	det1=true
[3174]	73	76	-39	-15	-4	5	det1=true
[3175]	75	76	-34	-19	-4	-5	det1=true
[3176]	75	76	-39	-19	-4	5	det1=true
[3177]	76	76	-36	-21	-6	-2	det1=true
[3178]	28	73	-7	-6	-4	-2	det1=true
[3179]	28	73	-9	-6	-4	2	det1=true
[3180]	53	73	-16	-15	-5	-3	det1=true
[3181]	53	73	-19	-15	-5	3	det1=true
[3182]	53	73	-10	-12	-1	-6	det1=true
[3183]	55	73	-25	0	-3	-5	det1=true
[3184]	55	73	-30	0	-3	5	det1=true
[3185]	55	73	-14	-13	-1	-6	det1=true
[3186]	55	73	-20	-13	-1	6	det1=true
[3187]	55	73	-11	-2	-4	5	det1=true
[3188]	60	73	-29	-24	-5	-2	det1=true
[3189]	60	73	-31	-24	-5	2	det1=true
[3190]	65	73	-26	-14	-6	2	det1=true
[3191]	67	73	-31	-3	-6	-2	det1=true
[3192]	67	73	-33	-3	-6	2	det1=true
[3193]	67	73	-23	-19	-6	-2	det1=true
[3194]	67	73	-25	-19	-6	2	det1=true
[3195]	39	74	-6	-5	-2	-5	det1=true
[3196]	52	74	-15	-5	-6	-1	det1=true
[3197]	52	74	-16	-5	-6	1	det1=true
[3198]	60	74	-19	-6	-5	-4	det1=true
[3199]	67	74	-30	-19	-6	-1	det1=true
[3200]	67	74	-31	-19	-6	1	det1=true
[3201]	68	74	-22	-23	-2	-6	det1=true
[3202]	68	74	-28	-23	-2	6	det1=true
[3203]	70	74	-8	-7	-6	-4	det1=true
[3204]	70	74	-12	-7	-6	4	det1=true
[3205]	17	75	-3	-2	-2	-3	det1=true
[3206]	17	75	-6	-2	-2	3	det1=true
[3207]	48	75	-7	3	-6	-1	det1=true
[3208]	48	75	-8	3	-6	1	det1=true
[3209]	53	75	-9	1	-2	-6	det1=true
[3210]	53	75	-15	1	-2	6	det1=true
[3211]	55	75	-11	-2	-4	-5	det1=true
[3212]	55	75	-16	-2	-4	5	det1=true
[3213]	56	75	-16	-9	-6	2	det1=true
[3214]	65	75	-29	-9	-6	-2	det1=true
[3215]	65	75	-31	-9	-6	2	det1=true
[3216]	66	75	-27	-11	-5	-4	det1=true
[3217]	68	75	-26	-17	-4	-5	det1=true
[3218]	68	75	-31	-17	-4	5	det1=true
[3219]	69	75	-29	-14	-4	-5	det1=true
[3220]	71	75	-12	-2	-2	-7	det1=true
[3221]	71	75	-19	-2	-2	7	det1=true
[3222]	17	76	-4	-3	-2	-3	det1=true
[3223]	28	76	-12	-3	-2	-4	det1=true
[3224]	28	76	-16	-3	-2	4	det1=true
[3225]	39	76	-11	-4	-5	-2	det1=true
[3226]	39	76	-13	-4	-5	2	det1=true
[3227]	50	76	-16	-1	-6	1	det1=true
[3228]	51	76	-5	0	-6	-2	det1=true
[3229]	51	76	-7	0	-6	2	det1=true
[3230]	52	76	-8	1	-2	-6	det1=true
[3231]	52	76	-14	1	-2	6	det1=true
[3232]	52	76	-3	2	-5	-4	det1=true
[3233]	52	76	-7	2	-5	4	det1=true
[3234]	53	76	-20	-5	-6	-1	det1=true
[3235]	53	76	-21	-5	-6	1	det1=true
[3236]	54	76	-25	-23	-5	-2	det1=true
[3237]	54	76	-27	-23	-5	2	det1=true
[3238]	55	76	-19	-13	-6	-1	det1=true
[3239]	55	76	-20	-13	-6	1	det1=true
[3240]	55	76	-15	-4	-2	-6	det1=true
[3241]	55	76	-21	-4	-2	6	det1=true
[3242]	56	76	-15	-10	-6	-2	det1=true
[3243]	56	76	-17	-10	-6	2	det1=true
[3244]	58	76	-19	-19	-1	-6	det1=true
[3245]	58	76	-25	-19	-1	6	det1=true
[3246]	60	76	-17	-14	-5	-4	det1=true
[3247]	64	76	-29	-2	-2	-6	det1=true
[3248]	64	76	-35	-2	-2	6	det1=true
[3249]	70	76	-32	-25	-6	1	det1=true
[3250]	71	76	-18	-1	-6	-4	det1=true
[3251]	76	76	-36	-27	-6	-1	det1=true
[3252]	76	76	-37	-27	-6	1	det1=true
[3253]	25	73	-11	-6	-4	-1	det1=true
[3254]	25	73	-12	-6	-4	1	det1=true
[3255]	34	73	-7	-1	-3	-4	det1=true
[3256]	37	73	-12	-9	-3	-4	det1=true
[3257]	37	73	-16	-9	-3	4	det1=true
[3258]	45	73	-20	0	-2	-5	det1=true
[3259]	53	73	-23	-20	-2	-5	det1=true
[3260]	53	73	-28	-20	-2	5	det1=true
[3261]	53	73	-26	-1	-5	3	det1=true
[3262]	55	73	-26	1	-5	-3	det1=true
[3263]	55	73	-29	1	-5	3	det1=true
[3264]	59	73	-16	-5	-5	-4	det1=true
[3265]	59	73	-20	-5	-5	4	det1=true
[3266]	64	73	-26	1	-2	-6	det1=true
[3267]	64	73	-32	1	-2	6	det1=true
[3268]	65	73	-28	-15	-1	-6	det1=true
[3269]	65	73	-34	-15	-1	6	det1=true
[3270]	65	73	-22	-16	-2	-6	det1=true
[3271]	65	73	-28	-16	-2	6	det1=true
[3272]	67	73	-29	-5	-2	-6	det1=true
[3273]	67	73	-9	-2	-7	1	det1=true
[3274]	71	73	-31	-27	-5	-3	det1=true
[3275]	72	73	-31	-13	-5	-4	det1=true
[3276]	72	73	-35	-13	-5	4	det1=true
[3277]	73	73	-53	0	-2	5	det1=true
[3278]	23	74	-8	1	-4	-1	det1=true
[3279]	23	74	-9	1	-4	1	det1=true
[3280]	39	74	-11	-5	-2	5	det1=true
[3281]	52	74	-3	2	-6	-2	det1=true
[3282]	52	74	-5	2	-6	2	det1=true
[3283]	55	74	-21	-5	-6	-1	det1=true
[3284]	55	74	-22	-5	-6	1	det1=true
[3285]	61	74	-29	-7	-6	-1	det1=true
[3286]	61	74	-30	-7	-6	1	det1=true
[3287]	62	74	-25	-6	-6	-2	det1=true
[3288]	62	74	-27	-6	-6	2	det1=true
[3289]	68	74	-4	-1	-6	-4	det1=true
[3290]	27	75	-8	-2	-2	-4	det1=true
[3291]	38	75	-5	-3	-2	-5	det1=true
[3292]	38	75	-10	-3	-2	5	det1=true
[3293]	43	75	-21	-14	-5	-1	det1=true
[3294]	43	75	-19	-16	-1	-5	det1=true
[3295]	43	75	-24	-16	-1	5	det1=true
[3296]	48	75	-3	-4	-1	-6	det1=true
[3297]	48	75	-9	-4	-1	6	det1=true
[3298]	54	75	-22	3	-6	-1	det1=true
[3299]	54	75	-23	3	-6	1	det1=true
[3300]	54	75	-21	-13	-1	6	det1=true
[3301]	55	75	-12	1	-5	-4	det1=true
[3302]	55	75	-16	1	-5	4	det1=true
[3303]	56	75	-14	-9	-6	-2	det1=true
[3304]	57	75	-22	-12	-6	-1	det1=true
[3305]	57	75	-23	-12	-6	1	det1=true
[3306]	58	75	-16	-7	-4	-5	det1=true
[3307]	62	75	-14	-7	-6	-3	det1=true
[3308]	62	75	-17	-7	-6	3	det1=true
[3309]	67	75	-3	-1	-4	-6	det1=true
[3310]	67	75	-9	-1	-4	6	det1=true
[3311]	71	75	-22	-2	-7	-1	det1=true
[3312]	73	75	-19	-14	-7	-1	det1=true
[3313]	73	75	-16	-7	-7	-2	det1=true
[3314]	73	75	-18	-7	-7	2	det1=true
[3315]	28	76	-13	-2	-4	-2	det1=true
[3316]	28	76	-15	-2	-4	2	det1=true
[3317]	53	76	-19	0	-1	-6	det1=true
[3318]	53	76	-25	0	-1	6	det1=true
[3319]	56	76	-18	-5	-6	-2	det1=true
[3320]	56	76	-16	-7	-2	-6	det1=true
[3321]	60	76	-21	-7	-4	-5	det1=true
[3322]	60	76	-26	-7	-4	5	det1=true
[3323]	62	76	-25	-5	-5	-4	det1=true
[3324]	62	76	-29	-5	-5	4	det1=true
[3325]	65	76	-24	-19	-6	-2	det1=true
[3326]	65	76	-26	-19	-6	2	det1=true
[3327]	67	76	-38	-5	-2	6	det1=true
[3328]	67	76	-27	-18	-2	-6	det1=true
[3329]	67	76	-3	3	-7	-2	det1=true
[3330]	67	76	-5	3	-7	2	det1=true
[3331]	68	76	-4	-5	-2	-7	det1=true
[3332]	68	76	-11	-5	-2	7	det1=true
[3333]	69	76	-28	-5	-6	-3	det1=true
[3334]	69	76	-31	-5	-6	3	det1=true
[3335]	70	76	-12	-1	-2	-7	det1=true
[3336]	70	76	-19	-1	-2	7	det1=true
[3337]	70	76	-11	-10	-4	-6	det1=true
[3338]	70	76	-17	-10	-4	6	det1=true
[3339]	73	76	-33	-17	-4	-5	det1=true
[3340]	73	76	-38	-17	-4	5	det1=true
[3341]	35	73	-11	0	-4	-3	det1=true
[3342]	35	73	-14	0	-4	3	det1=true
[3343]	43	73	-13	-10	-2	-5	det1=true
[3344]	43	73	-18	-10	-2	5	det1=true
[3345]	49	73	-13	-8	-5	-3	det1=true
[3346]	49	73	-16	-8	-5	3	det1=true
[3347]	49	73	-12	-9	-3	-5	det1=true
[3348]	49	73	-17	-9	-3	5	det1=true
[3349]	53	73	-16	-12	-1	6	det1=true
[3350]	55	73	-18	-5	-1	-6	det1=true
[3351]	55	73	-24	-5	-1	6	det1=true
[3352]	55	73	-6	-2	-4	-5	det1=true
[3353]	57	73	-10	-7	-5	-4	det1=true
[3354]	57	73	-14	-7	-5	4	det1=true
[3355]	58	73	-20	1	-4	5	det1=true
[3356]	61	73	-20	-19	-1	-6	det1=true
[3357]	61	73	-26	-19	-1	6	det1=true
[3358]	61	73	-20	-4	-5	-4	det1=true
[3359]	61	73	-24	-4	-5	4	det1=true
[3360]	67	73	-21	-21	-2	-6	det1=true
[3361]	68	73	-26	-13	-4	-5	det1=true
[3362]	70	73	-2	-1	-2	-7	det1=true
[3363]	70	73	-9	-1	-2	7	det1=true
[3364]	34	74	-7	-5	-4	-3	det1=true
[3365]	34	74	-10	-5	-4	3	det1=true
[3366]	41	74	-15	2	-5	-2	det1=true
[3367]	41	74	-17	2	-5	2	det1=true
[3368]	54	74	-5	-2	-5	-4	det1=true
[3369]	54	74	-9	-2	-5	4	det1=true
[3370]	56	74	-12	-9	-6	-2	det1=true
[3371]	56	74	-14	-9	-6	2	det1=true
[3372]	57	74	-15	1	-5	-4	det1=true
[3373]	62	74	-23	-8	-2	-6	det1=true
[3374]	62	74	-29	-8	-2	6	det1=true
[3375]	64	74	-28	-5	-6	-2	det1=true
[3376]	64	74	-30	-5	-6	2	det1=true
[3377]	64	74	-26	-7	-2	-6	det1=true
[3378]	64	74	-32	-7	-2	6	det1=true
[3379]	66	74	-26	-15	-6	-2	det1=true
[3380]	66	74	-28	-15	-6	2	det1=true
[3381]	68	74	-28	-23	-6	-1	det1=true
[3382]	68	74	-29	-23	-6	1	det1=true
[3383]	68	74	-8	-1	-6	4	det1=true
[3384]	68	74	-3	-2	-4	-6	det1=true
[3385]	68	74	-9	-2	-4	6	det1=true
[3386]	71	74	-24	-23	-4	-5	det1=true
[3387]	71	74	-29	-23	-4	5	det1=true
[3388]	72	74	-13	-4	-7	-2	det1=true
[3389]	73	74	-31	-26	-1	-6	det1=true
[3390]	42	75	-14	-9	-2	-5	det1=true
[3391]	42	75	-19	-9	-2	5	det1=true
[3392]	53	75	-4	-1	-5	-4	det1=true
[3393]	54	75	-9	1	-5	-4	det1=true
[3394]	57	75	-24	-1	-1	-6	det1=true
[3395]	57	75	-30	-1	-1	6	det1=true
[3396]	60	75	-28	-9	-6	-1	det1=true
[3397]	60	75	-29	-9	-6	1	det1=true
[3398]	60	75	-23	-9	-5	4	det1=true
[3399]	61	75	-27	-20	-5	-3	det1=true
[3400]	61	75	-30	-20	-5	3	det1=true
[3401]	61	75	-22	-6	-5	-4	det1=true
[3402]	65	75	-24	-14	-5	-4	det1=true
[3403]	66	75	-31	-11	-5	4	det1=true
[3404]	70	75	-11	-2	-7	-2	det1=true
[3405]	70	75	-13	-2	-7	2	det1=true
[3406]	70	75	-7	-7	-2	-7	det1=true
[3407]	70	75	-14	-7	-2	7	det1=true
[3408]	71	75	-23	-2	-7	1	det1=true
[3409]	75	75	-31	-22	-4	-5	det1=true
[3410]	75	75	-36	-22	-4	5	det1=true
[3411]	17	76	-5	-1	-2	-3	det1=true
[3412]	27	76	-8	-5	-2	-4	det1=true
[3413]	37	76	-3	-1	-2	-5	det1=true
[3414]	37	76	-8	-1	-2	5	det1=true
[3415]	50	76	-15	-1	-6	-1	det1=true
[3416]	55	76	-17	-2	-6	-2	det1=true
[3417]	55	76	-19	-2	-6	2	det1=true
[3418]	56	76	-20	-5	-6	2	det1=true
[3419]	56	76	-22	-7	-2	6	det1=true
[3420]	60	76	-21	-14	-5	4	det1=true
[3421]	62	76	-22	-15	-2	-6	det1=true
[3422]	62	76	-28	-15	-2	6	det1=true
[3423]	65	76	-22	-21	-2	-6	det1=true
[3424]	65	76	-28	-21	-2	6	det1=true
[3425]	66	76	-3	2	-4	-6	det1=true
[3426]	66	76	-9	2	-4	6	det1=true
[3427]	67	76	-33	-18	-2	6	det1=true
[3428]	70	76	-32	-17	-6	-2	det1=true
[3429]	70	76	-34	-17	-6	2	det1=true
[3430]	70	76	-31	-25	-6	-1	det1=true
[3431]	70	76	-27	-21	-5	-4	det1=true
[3432]	70	76	-12	-9	-6	-4	det1=true
[3433]	70	76	-16	-9	-6	4	det1=true
[3434]	71	76	-22	-1	-6	4	det1=true
[3435]	71	76	-17	-2	-4	-6	det1=true
[3436]	71	76	-23	-2	-4	6	det1=true
[3437]	75	76	-29	-26	-5	-4	det1=true
[3438]	75	76	-33	-26	-5	4	det1=true
[3439]	34	73	-11	-1	-3	4	det1=true
[3440]	37	73	-14	2	-5	-1	det1=true
[3441]	37	73	-15	2	-5	1	det1=true
[3442]	38	73	-15	-8	-3	-4	det1=true
[3443]	38	73	-19	-8	-3	4	det1=true
[3444]	38	73	-16	-11	-4	3	det1=true
[3445]	39	73	-6	-2	-5	-2	det1=true
[3446]	39	73	-8	-2	-5	2	det1=true
[3447]	50	73	-7	-2	-1	-6	det1=true
[3448]	50	73	-13	-2	-1	6	det1=true
[3449]	58	73	-15	1	-4	-5	det1=true
[3450]	60	73	-17	-12	-6	-2	det1=true
[3451]	60	73	-19	-12	-6	2	det1=true
[3452]	63	73	-18	-14	-5	-4	det1=true
[3453]	63	73	-22	-14	-5	4	det1=true
[3454]	64	73	-28	3	-6	-2	det1=true
[3455]	64	73	-30	3	-6	2	det1=true
[3456]	64	73	-21	-23	-1	-6	det1=true
[3457]	64	73	-27	-23	-1	6	det1=true
[3458]	64	73	-18	-19	-2	-6	det1=true
[3459]	67	73	-8	-2	-7	-1	det1=true
[3460]	69	73	-32	-12	-5	4	det1=true
[3461]	69	73	-25	-2	-6	-3	det1=true
[3462]	69	73	-28	-2	-6	3	det1=true
[3463]	70	73	-9	0	-6	-4	det1=true
[3464]	70	73	-13	0	-6	4	det1=true
[3465]	71	73	-30	-28	-3	-5	det1=true
[3466]	71	73	-35	-28	-3	5	det1=true
[3467]	73	73	-16	-2	-6	-4	det1=true
[3468]	73	73	-20	-2	-6	4	det1=true
[3469]	32	74	-14	-13	-2	-4	det1=true
[3470]	32	74	-18	-13	-2	4	det1=true
[3471]	38	74	-3	-1	-2	-5	det1=true
[3472]	38	74	-8	-1	-2	5	det1=true
[3473]	41	74	-10	-9	-2	-5	det1=true
[3474]	41	74	-15	-9	-2	5	det1=true
[3475]	44	74	-19	-3	-2	-5	det1=true
[3476]	44	74	-24	-3	-2	5	det1=true
[3477]	50	74	-15	-3	-1	6	det1=true
[3478]	50	74	-7	-7	-1	-6	det1=true
[3479]	50	74	-13	-7	-1	6	det1=true
[3480]	57	74	-19	1	-5	4	det1=true
[3481]	58	74	-18	-7	-6	-2	det1=true
[3482]	58	74	-22	-9	-2	6	det1=true
[3483]	68	74	-24	-21	-6	-2	det1=true
[3484]	69	74	-31	-7	-5	-4	det1=true
[3485]	69	74	-35	-7	-5	4	det1=true
[3486]	69	74	-28	-21	-4	5	det1=true
[3487]	70	74	-11	0	-4	-6	det1=true
[3488]	70	74	-17	0	-4	6	det1=true
[3489]	72	74	-15	-4	-7	2	det1=true
[3490]	73	74	-31	-3	-6	-3	det1=true
[3491]	73	74	-34	-3	-6	3	det1=true
[3492]	22	75	-4	1	-4	-1	det1=true
[3493]	22	75	-5	1	-4	1	det1=true
[3494]	27	75	-9	-1	-4	-2	det1=true
[3495]	35	75	-9	-1	-1	-5	det1=true
[3496]	35	75	-14	-1	-1	5	det1=true
[3497]	38	75	-6	1	-2	-5	det1=true
[3498]	38	75	-11	1	-2	5	det1=true
[3499]	58	75	-21	-7	-4	5	det1=true
[3500]	65	75	-7	-2	-7	-1	det1=true
[3501]	65	75	-8	-2	-7	1	det1=true
[3502]	73	75	-16	-17	-1	-7	det1=true
[3503]	17	76	-7	-3	-2	3	det1=true
[3504]	22	76	-6	1	-4	-1	det1=true
[3505]	35	76	-14	-3	-4	-3	det1=true
[3506]	35	76	-17	-3	-4	3	det1=true
[3507]	39	76	-16	-1	-2	5	det1=true
[3508]	42	76	-17	-7	-5	-2	det1=true
[3509]	42	76	-19	-7	-5	2	det1=true
[3510]	43	76	-19	-7	-5	-2	det1=true
[3511]	43	76	-21	-7	-5	2	det1=true
[3512]	50	76	-12	-7	-6	-1	det1=true
[3513]	50	76	-13	-7	-6	1	det1=true
[3514]	51	76	-9	-2	-2	6	det1=true
[3515]	57	76	-17	-3	-4	-5	det1=true
[3516]	57	76	-22	-3	-4	5	det1=true
[3517]	59	76	-31	-12	-1	6	det1=true
[3518]	59	76	-21	-10	-6	-2	det1=true
[3519]	59	76	-23	-10	-6	2	det1=true
[3520]	60	76	-24	1	-2	-6	det1=true
[3521]	60	76	-30	1	-2	6	det1=true
[3522]	63	76	-27	-2	-5	-4	det1=true
[3523]	63	76	-31	-2	-5	4	det1=true
[3524]	63	76	-25	-9	-5	-4	det1=true
[3525]	63	76	-29	-9	-5	4	det1=true
[3526]	64	76	-31	0	-6	-2	det1=true
[3527]	64	76	-33	0	-6	2	det1=true
[3528]	70	76	-27	-9	-3	-6	det1=true
[3529]	70	76	-33	-9	-3	6	det1=true
[3530]	71	76	-31	-17	-5	-4	det1=true
[3531]	72	76	-23	-3	-2	7	det1=true
[3532]	76	76	-21	-9	-2	-7	det1=true
[3533]	24	73	-7	-6	-1	-4	det1=true
[3534]	24	73	-11	-6	-1	4	det1=true
[3535]	29	73	-13	-12	-3	-3	det1=true
[3536]	29	73	-16	-12	-3	3	det1=true
[3537]	40	73	-11	-4	-5	2	det1=true
[3538]	43	73	-19	-16	-4	-3	det1=true
[3539]	43	73	-22	-16	-4	3	det1=true
[3540]	43	73	-16	-17	-1	-5	det1=true
[3541]	43	73	-21	-17	-1	5	det1=true
[3542]	43	73	-16	-6	-5	-2	det1=true
[3543]	47	73	-10	-4	-5	-3	det1=true
[3544]	47	73	-13	-4	-5	3	det1=true
[3545]	47	73	-9	-5	-3	-5	det1=true
[3546]	47	73	-14	-5	-3	5	det1=true
[3547]	53	73	-23	-1	-5	-3	det1=true
[3548]	55	73	-16	-10	-1	-6	det1=true
[3549]	62	73	-23	-17	-1	-6	det1=true
[3550]	62	73	-29	-17	-1	6	det1=true
[3551]	64	73	-20	-17	-6	-2	det1=true
[3552]	64	73	-22	-17	-6	2	det1=true
[3553]	67	73	-27	-21	-2	6	det1=true
[3554]	69	73	-28	-12	-5	-4	det1=true
[3555]	70	73	-27	-16	-5	-4	det1=true
[3556]	70	73	-31	-16	-5	4	det1=true
[3557]	41	74	-13	-3	-2	-5	det1=true
[3558]	41	74	-18	-3	-2	5	det1=true
[3559]	44	74	-19	-19	-3	-4	det1=true
[3560]	44	74	-23	-19	-3	4	det1=true
[3561]	55	74	-19	-6	-1	-6	det1=true
[3562]	55	74	-25	-6	-1	6	det1=true
[3563]	56	74	-10	-11	-2	-6	det1=true
[3564]	56	74	-16	-11	-2	6	det1=true
[3565]	58	74	-16	-9	-2	-6	det1=true
[3566]	68	74	-26	-21	-6	2	det1=true
[3567]	69	74	-25	-2	-3	-6	det1=true
[3568]	69	74	-31	-2	-3	6	det1=true
[3569]	69	74	-23	-21	-4	-5	det1=true
[3570]	71	74	-13	-4	-6	-4	det1=true
[3571]	71	74	-17	-4	-6	4	det1=true
[3572]	71	74	-12	-5	-4	-6	det1=true
[3573]	71	74	-18	-5	-4	6	det1=true
[3574]	27	75	-11	-1	-4	2	det1=true
[3575]	27	75	-12	-2	-2	4	det1=true
[3576]	37	75	-16	-1	-5	-1	det1=true
[3577]	37	75	-17	-1	-5	1	det1=true
[3578]	40	75	-18	-13	-4	-3	det1=true
[3579]	45	75	-22	-10	-5	2	det1=true
[3580]	46	75	-19	-14	-5	-2	det1=true
[3581]	46	75	-21	-14	-5	2	det1=true
[3582]	47	75	-20	-15	-5	-2	det1=true
[3583]	53	75	-11	3	-6	-2	det1=true
[3584]	53	75	-13	3	-6	2	det1=true
[3585]	53	75	-8	-1	-5	4	det1=true
[3586]	54	75	-13	1	-5	4	det1=true
[3587]	56	75	-19	1	-4	5	det1=true
[3588]	56	75	-12	-11	-2	-6	det1=true
[3589]	56	75	-18	-11	-2	6	det1=true
[3590]	61	75	-26	-21	-3	-5	det1=true
[3591]	61	75	-31	-21	-3	5	det1=true
[3592]	61	75	-26	-6	-5	4	det1=true
[3593]	71	75	-19	-5	-1	-7	det1=true
[3594]	71	75	-26	-5	-1	7	det1=true
[3595]	23	76	-11	-1	-4	1	det1=true
[3596]	38	76	-8	1	-2	-5	det1=true
[3597]	38	76	-13	1	-2	5	det1=true
[3598]	39	76	-11	-1	-2	-5	det1=true
[3599]	47	76	-1	-3	-1	-6	det1=true
[3600]	47	76	-7	-3	-1	6	det1=true
[3601]	51	76	-3	-2	-2	-6	det1=true
[3602]	55	76	-24	-3	-6	-1	det1=true
[3603]	59	76	-25	-12	-1	-6	det1=true
[3604]	62	76	-24	-13	-6	-2	det1=true
[3605]	62	76	-26	-13	-6	2	det1=true
[3606]	67	76	-29	-16	-6	-2	det1=true
[3607]	67	76	-31	-16	-6	2	det1=true
[3608]	70	76	-31	-21	-5	4	det1=true
[3609]	72	76	-16	-3	-2	-7	det1=true
[3610]	72	76	-17	-5	-7	-2	det1=true
[3611]	76	76	-28	-9	-2	7	det1=true
[3612]	24	73	-9	-1	-1	-4	det1=true
[3613]	24	73	-13	-1	-1	4	det1=true
[3614]	38	73	-13	-11	-4	-3	det1=true
[3615]	40	73	-9	-4	-5	-2	det1=true
[3616]	41	73	-17	-14	-4	-3	det1=true
[3617]	41	73	-20	-14	-4	3	det1=true
[3618]	42	73	1	2	-4	-4	det1=true
[3619]	42	73	-3	2	-4	4	det1=true
[3620]	64	73	-24	-19	-2	6	det1=true
[3621]	73	73	-15	-3	-4	-6	det1=true
[3622]	73	73	-21	-3	-4	6	det1=true
[3623]	42	74	-17	0	-5	-2	det1=true
[3624]	42	74	-19	0	-5	2	det1=true
[3625]	50	74	-9	-3	-1	-6	det1=true
[3626]	51	74	-23	-18	-5	-2	det1=true
[3627]	51	74	-25	-18	-5	2	det1=true
[3628]	58	74	-29	-8	-1	6	det1=true
[3629]	73	74	-37	-26	-1	6	det1=true
[3630]	35	75	-11	1	-5	-1	det1=true
[3631]	35	75	-12	1	-5	1	det1=true
[3632]	45	75	-20	-10	-5	-2	det1=true
[3633]	47	75	-22	-15	-5	2	det1=true
[3634]	65	75	-4	-5	-1	-7	det1=true
[3635]	65	75	-11	-5	-1	7	det1=true
[3636]	66	75	-27	-22	-1	-6	det1=true
[3637]	66	75	-33	-22	-1	6	det1=true
[3638]	68	75	-1	-1	-2	-7	det1=true
[3639]	68	75	-8	-1	-2	7	det1=true
[3640]	17	76	-8	-1	-2	3	det1=true
[3641]	22	76	-7	1	-4	1	det1=true
[3642]	27	76	-12	-5	-2	4	det1=true
[3643]	53	76	-7	-2	-5	-4	det1=true
[3644]	53	76	-11	-2	-5	4	det1=true
[3645]	55	76	-25	-3	-6	1	det1=true
[3646]	69	76	-29	1	-6	-3	det1=true
[3647]	69	76	-32	1	-6	3	det1=true
[3648]	70	76	-16	-1	-6	-4	det1=true
[3649]	70	76	-20	-1	-6	4	det1=true
[3650]	50	73	-9	-1	-6	-1	det1=true
[3651]	50	73	-10	-1	-6	1	det1=true
[3652]	52	73	-25	-16	-5	-2	det1=true
[3653]	52	73	-27	-16	-5	2	det1=true
[3654]	64	73	-31	-27	-5	-2	det1=true
[3655]	64	73	-33	-27	-5	2	det1=true
[3656]	65	73	-24	-14	-6	-2	det1=true
[3657]	67	73	-6	-3	-1	-7	det1=true
[3658]	67	73	-13	-3	-1	7	det1=true
[3659]	73	73	-33	-27	-3	-5	det1=true
[3660]	73	73	-38	-27	-3	5	det1=true
[3661]	73	73	-8	-10	-2	-7	det1=true
[3662]	73	73	-15	-10	-2	7	det1=true
[3663]	49	74	-23	-14	-5	-2	det1=true
[3664]	49	74	-25	-14	-5	2	det1=true
[3665]	58	74	-23	-8	-1	-6	det1=true
[3666]	58	74	-23	-11	-6	-1	det1=true
[3667]	58	74	-24	-11	-6	1	det1=true
[3668]	58	74	-20	-7	-6	2	det1=true
[3669]	66	74	-19	-8	-3	-6	det1=true
[3670]	66	74	-25	-8	-3	6	det1=true
[3671]	70	74	-26	-19	-4	-5	det1=true
[3672]	70	74	-31	-19	-4	5	det1=true
[3673]	51	75	-16	0	-6	-1	det1=true
[3674]	51	75	-17	0	-6	1	det1=true
[3675]	51	75	-12	-7	-1	-6	det1=true
[3676]	51	75	-18	-7	-1	6	det1=true
[3677]	56	75	-14	1	-4	-5	det1=true
[3678]	65	75	-28	-14	-5	4	det1=true
[3679]	67	75	-4	0	-6	-4	det1=true
[3680]	67	75	-8	0	-6	4	det1=true
[3681]	71	75	-19	-9	-7	-1	det1=true
[3682]	71	75	-20	-9	-7	1	det1=true
[3683]	23	76	-10	-1	-4	-1	det1=true
[3684]	38	76	-17	-10	-3	-4	det1=true
[3685]	38	76	-21	-10	-3	4	det1=true
[3686]	40	76	-15	0	-5	-2	det1=true
[3687]	40	76	-17	0	-5	2	det1=true
[3688]	63	76	-26	-5	-4	-5	det1=true
[3689]	63	76	-31	-5	-4	5	det1=true
[3690]	64	76	-27	-20	-1	-6	det1=true
[3691]	64	76	-33	-20	-1	6	det1=true
[3692]	70	76	-15	-2	-4	-6	det1=true
[3693]	70	76	-21	-2	-4	6	det1=true
[3694]	55	73	-25	-5	-5	-3	det1=true
[3695]	55	73	-28	-5	-5	3	det1=true
[3696]	70	73	-8	-1	-4	-6	det1=true
[3697]	70	73	-14	-1	-4	6	det1=true
[3698]	71	73	-34	-27	-5	3	det1=true
[3699]	53	74	-11	-13	-1	-6	det1=true
[3700]	53	74	-17	-13	-1	6	det1=true
[3701]	71	75	-16	-12	-1	-7	det1=true
[3702]	71	75	-23	-12	-1	7	det1=true
[3703]	75	75	-16	-12	-2	-7	det1=true
[3704]	75	75	-23	-12	-2	7	det1=true
[3705]	71	76	-35	-17	-5	4	det1=true
[3706]	59	73	-17	2	-4	-5	det1=true
[3707]	59	73	-22	2	-4	5	det1=true
[3708]	68	73	-31	-13	-4	5	det1=true
[3709]	61	74	-20	-7	-4	-5	det1=true
[3710]	61	74	-25	-7	-4	5	det1=true
[3711]	69	76	-30	-17	-2	-6	det1=true
[3712]	69	76	-36	-17	-2	6	det1=true
[3713]	73	76	-19	-5	-7	-2	det1=true
[3714]	30	73	-14	-5	-4	-2	det1=true
[3715]	30	73	-16	-5	-4	2	det1=true
[3716]	54	73	-1	0	-5	-4	det1=true
[3717]	54	73	-5	0	-5	4	det1=true
[3718]	62	74	-21	-9	-5	-4	det1=true
[3719]	62	74	-25	-9	-5	4	det1=true
[3720]	63	74	-23	-8	-5	-4	det1=true
[3721]	63	74	-27	-8	-5	4	det1=true
[3722]	69	75	-6	-2	-2	-7	det1=true
[3723]	69	75	-13	-2	-2	7	det1=true
[3724]	32	76	-3	-2	-3	-4	det1=true
[3725]	32	76	-7	-2	-3	4	det1=true
[3726]	50	73	-5	-6	-1	-6	det1=true
[3727]	50	73	-11	-6	-1	6	det1=true
[3728]	68	75	-25	-1	-3	-6	det1=true
[3729]	68	75	-31	-1	-3	6	det1=true
[3730]	75	75	-32	-8	-3	-6	det1=true
[3731]	75	75	-38	-8	-3	6	det1=true
[3732]	52	73	-11	-7	-1	-6	det1=true
[3733]	52	73	-17	-7	-1	6	det1=true
[3734]	74	74	-51	-15	-3	-4	det1=true
[3735]	60	75	-7	-8	-3	-6	det1=true
[3736]	60	75	-13	-8	-3	6	det1=true
[3737]	75	75	-22	-1	-7	-2	det1=true
[3738]	67	76	0	-1	-2	-7	det1=true
[3739]	67	76	-7	-1	-2	7	det1=true
[3740]	61	73	-19	-6	-4	-5	det1=true
[3741]	61	73	-24	-6	-4	5	det1=true
[3742]	67	73	-26	-22	-1	-6	det1=true
[3743]	67	73	-32	-22	-1	6	det1=true
[3744]	65	74	-27	-4	-5	-4	det1=true
[3745]	65	74	-31	-4	-5	4	det1=true
[3746]	56	76	-13	-12	-2	-6	det1=true
[3747]	56	76	-19	-12	-2	6	det1=true
[3748]	72	73	-25	-22	-5	-4	det1=true
[3749]	72	73	-29	-22	-5	4	det1=true
[3750]	41	75	-14	-4	-2	-5	det1=true
[3751]	41	75	-19	-4	-2	5	det1=true
[3752]	53	74	-18	-3	-6	-1	det1=true
[3753]	53	74	-19	-3	-6	1	det1=true
[3754]	60	75	-27	-7	-1	-6	det1=true
[3755]	70	76	-30	-19	-2	-6	det1=true
[3756]	70	76	-36	-19	-2	6	det1=true
[3757]	60	73	-23	-1	-5	4	det1=true
[3758]	50	74	-12	3	-6	-1	det1=true
[3759]	50	74	-13	3	-6	1	det1=true
[3760]	75	75	-30	-31	-1	-6	det1=true
[3761]	75	75	-36	-31	-1	6	det1=true
[3762]	60	73	-19	-1	-5	-4	det1=true
[3763]	40	74	-11	1	-2	-5	det1=true
[3764]	40	74	-16	1	-2	5	det1=true
[3765]	73	73	-33	-24	-6	1	det1=true
[3766]	41	75	-14	-6	-5	-2	det1=true
[3767]	68	76	-29	-24	-1	-6	det1=true
[3768]	68	76	-35	-24	-1	6	det1=true
[3769]	60	76	-26	3	-6	-2	det1=true
[3770]	56	74	-24	3	-6	-1	det1=true
[3771]	56	74	-25	3	-6	1	det1=true
[3772]	59	74	-3	-3	-3	-6	det1=true
[3773]	59	74	-9	-3	-3	6	det1=true
[3774]	75	75	-40	-18	-6	-1	det1=true
[3775]	75	75	-41	-18	-6	1	det1=true
[3776]	61	76	-12	-9	-6	-3	det1=true
[3777]	61	76	-15	-9	-6	3	det1=true
[3778]	67	73	-33	-12	-6	-1	det1=true
[3779]	67	73	-34	-12	-6	1	det1=true
[3780]	68	78	-29	-5	-6	-3	det1=true
[3781]	68	78	-32	-5	-6	3	det1=true
[3782]	69	78	-14	1	-2	-7	det1=true
[3783]	69	78	-21	1	-2	7	det1=true
[3784]	79	79	0	0	-1	-8	det1=true
[3785]	79	79	-8	0	-1	8	det1=true
[3786]	24	80	0	1	-2	-4	det1=true
[3787]	24	80	-4	1	-2	4	det1=true
[3788]	80	80	-33	-27	-6	-3	det1=true
[3789]	80	80	-36	-27	-6	3	det1=true
[3790]	13	77	-6	1	-3	-1	det1=true
[3791]	13	77	-7	1	-3	1	det1=true
[3792]	13	77	-5	0	-1	-3	det1=true
[3793]	13	77	-8	0	-1	3	det1=true
[3794]	13	77	-5	-2	-3	-1	det1=true
[3795]	13	77	-6	-2	-3	1	det1=true
[3796]	13	77	-4	-3	-1	-3	det1=true
[3797]	13	77	-7	-3	-1	3	det1=true
[3798]	47	77	-21	-16	-2	-5	det1=true
[3799]	47	77	-26	-16	-2	5	det1=true
[3800]	57	77	-19	2	-4	-5	det1=true
[3801]	57	77	-24	2	-4	5	det1=true
[3802]	59	77	-21	-6	-4	-5	det1=true
[3803]	69	77	-19	-10	-7	1	det1=true
[3804]	77	77	-6	0	-5	-6	det1=true
[3805]	77	77	-12	0	-5	6	det1=true
[3806]	53	78	-11	-3	-4	-5	det1=true
[3807]	53	78	-16	-3	-4	5	det1=true
[3808]	75	78	-37	-27	-6	-1	det1=true
[3809]	75	78	-38	-27	-6	1	det1=true
[3810]	37	79	-16	-9	-1	-5	det1=true
[3811]	37	79	-21	-9	-1	5	det1=true
[3812]	49	79	-3	-1	-2	-6	det1=true
[3813]	49	79	-9	-1	-2	6	det1=true
[3814]	50	79	-17	-7	-6	-1	det1=true
[3815]	52	79	-13	-6	-6	-2	det1=true
[3816]	52	79	-15	-6	-6	2	det1=true
[3817]	55	79	-20	-16	-1	-6	det1=true
[3818]	55	79	-26	-16	-1	6	det1=true
[3819]	56	79	-20	-7	-2	-6	det1=true
[3820]	56	79	-26	-7	-2	6	det1=true
[3821]	74	79	-33	-14	-3	-6	det1=true
[3822]	74	79	-39	-14	-3	6	det1=true
[3823]	76	79	-30	3	-6	-4	det1=true
[3824]	76	79	-34	3	-6	4	det1=true
[3825]	79	79	-16	-16	-3	-7	det1=true
[3826]	79	79	-23	-16	-3	7	det1=true
[3827]	45	80	-7	3	-6	-1	det1=true
[3828]	45	80	-8	3	-6	1	det1=true
[3829]	45	80	-3	-4	-1	-6	det1=true
[3830]	45	80	-9	-4	-1	6	det1=true
[3831]	48	80	-2	3	-6	-2	det1=true
[3832]	50	80	-6	1	-4	-5	det1=true
[3833]	52	80	-20	-11	-6	-1	det1=true
[3834]	52	80	-21	-11	-6	1	det1=true
[3835]	80	80	-32	-7	-2	-7	det1=true
[3836]	80	80	-39	-7	-2	7	det1=true
[3837]	44	77	-19	-12	-5	-2	det1=true
[3838]	44	77	-21	-12	-5	2	det1=true
[3839]	47	77	-17	-2	-5	-3	det1=true
[3840]	47	77	-20	-2	-5	3	det1=true
[3841]	52	77	-23	-23	-2	-5	det1=true
[3842]	52	77	-28	-23	-2	5	det1=true
[3843]	53	77	-12	-6	-6	-2	det1=true
[3844]	53	77	-14	-6	-6	2	det1=true
[3845]	53	77	-10	-8	-2	-6	det1=true
[3846]	53	77	-16	-8	-2	6	det1=true
[3847]	54	77	-11	-5	-4	-5	det1=true
[3848]	56	77	-19	-6	-6	-2	det1=true
[3849]	56	77	-21	-6	-6	2	det1=true
[3850]	58	77	-7	-6	-3	-6	det1=true
[3851]	58	77	-13	-6	-3	6	det1=true
[3852]	77	77	-36	-33	-3	-5	det1=true
[3853]	77	77	-41	-33	-3	5	det1=true
[3854]	25	78	-4	-1	-4	-2	det1=true
[3855]	25	78	-6	-1	-4	2	det1=true
[3856]	38	78	-11	-1	-2	-5	det1=true
[3857]	38	78	-16	-1	-2	5	det1=true
[3858]	56	78	-14	-11	-4	-5	det1=true
[3859]	56	78	-19	-11	-4	5	det1=true
[3860]	62	78	-20	-5	-6	-3	det1=true
[3861]	72	78	-31	-22	-5	-4	det1=true
[3862]	72	78	-35	-22	-5	4	det1=true
[3863]	74	78	-27	-11	-2	7	det1=true
[3864]	78	78	-25	-13	-2	-7	det1=true
[3865]	78	78	-32	-13	-2	7	det1=true
[3866]	28	79	-13	-8	-4	-2	det1=true
[3867]	28	79	-15	-8	-4	2	det1=true
[3868]	36	79	-7	1	-5	-2	det1=true
[3869]	36	79	-9	1	-5	2	det1=true
[3870]	46	79	-9	3	-6	-1	det1=true
[3871]	46	79	-10	3	-6	1	det1=true
[3872]	49	79	-17	-14	-5	-3	det1=true
[3873]	49	79	-20	-14	-5	3	det1=true
[3874]	49	79	-16	-15	-3	-5	det1=true
[3875]	49	79	-21	-15	-3	5	det1=true
[3876]	50	79	-18	-5	-6	-1	det1=true
[3877]	50	79	-19	-5	-6	1	det1=true
[3878]	50	79	-18	-7	-6	1	det1=true
[3879]	52	79	-9	-5	-4	-5	det1=true
[3880]	52	79	-14	-5	-4	5	det1=true
[3881]	60	79	-26	1	-4	-5	det1=true
[3882]	60	79	-31	1	-4	5	det1=true
[3883]	73	79	-11	0	-3	-7	det1=true
[3884]	73	79	-18	0	-3	7	det1=true
[3885]	73	79	-10	-4	-3	-7	det1=true
[3886]	73	79	-17	-4	-3	7	det1=true
[3887]	74	79	-26	-3	-4	-6	det1=true
[3888]	42	80	-19	-11	-5	-2	det1=true
[3889]	42	80	-21	-11	-5	2	det1=true
[3890]	49	80	-7	-2	-6	-2	det1=true
[3891]	49	80	-9	-2	-6	2	det1=true
[3892]	50	80	-15	-11	-1	-6	det1=true
[3893]	50	80	-21	-11	-1	6	det1=true
[3894]	50	80	-11	1	-4	5	det1=true
[3895]	64	80	-29	-23	-1	-6	det1=true
[3896]	64	80	-35	-23	-1	6	det1=true
[3897]	67	80	-29	-19	-4	-5	det1=true
[3898]	67	80	-34	-19	-4	5	det1=true
[3899]	77	80	-21	-21	-2	-7	det1=true
[3900]	77	80	-28	-21	-2	7	det1=true
[3901]	80	80	-39	-33	-6	-1	det1=true
[3902]	80	80	-40	-33	-6	1	det1=true
[3903]	80	80	-11	1	-7	-4	det1=true
[3904]	80	80	-15	1	-7	4	det1=true
[3905]	25	77	-2	2	-4	-2	det1=true
[3906]	25	77	-4	2	-4	2	det1=true
[3907]	39	77	-16	-13	-5	-1	det1=true
[3908]	39	77	-17	-13	-5	1	det1=true
[3909]	39	77	-14	-15	-1	-5	det1=true
[3910]	39	77	-19	-15	-1	5	det1=true
[3911]	39	77	-12	-5	-5	-2	det1=true
[3912]	43	77	-4	-2	-3	-5	det1=true
[3913]	43	77	-9	-2	-3	5	det1=true
[3914]	47	77	-18	-7	-5	3	det1=true
[3915]	54	77	-16	-5	-4	5	det1=true
[3916]	54	77	-9	-8	-5	-4	det1=true
[3917]	54	77	-13	-8	-5	4	det1=true
[3918]	55	77	-19	1	-6	-2	det1=true
[3919]	55	77	-21	1	-6	2	det1=true
[3920]	55	77	-17	-1	-2	-6	det1=true
[3921]	55	77	-23	-1	-2	6	det1=true
[3922]	59	77	-26	-6	-4	5	det1=true
[3923]	63	77	-7	1	-7	-1	det1=true
[3924]	63	77	-8	1	-7	1	det1=true
[3925]	63	77	-7	-1	-7	1	det1=true
[3926]	65	77	-30	-25	-5	-3	det1=true
[3927]	65	77	-33	-25	-5	3	det1=true
[3928]	65	77	-29	-26	-3	-5	det1=true
[3929]	65	77	-34	-26	-3	5	det1=true
[3930]	65	77	-14	1	-7	-1	det1=true
[3931]	65	77	-15	1	-7	1	det1=true
[3932]	65	77	-11	-2	-1	-7	det1=true
[3933]	65	77	-18	-2	-1	7	det1=true
[3934]	65	77	-2	0	-6	-4	det1=true
[3935]	65	77	-6	0	-6	4	det1=true
[3936]	66	77	-1	2	-7	-2	det1=true
[3937]	66	77	-3	2	-7	2	det1=true
[3938]	68	77	-13	2	-4	-6	det1=true
[3939]	68	77	-19	2	-4	6	det1=true
[3940]	69	77	-18	-10	-7	-1	det1=true
[3941]	69	77	-15	-13	-1	-7	det1=true
[3942]	69	77	-22	-13	-1	7	det1=true
[3943]	70	77	-17	-4	-6	-4	det1=true
[3944]	70	77	-21	-4	-6	4	det1=true
[3945]	71	77	-30	-20	-4	-5	det1=true
[3946]	71	77	-35	-20	-4	5	det1=true
[3947]	71	77	-26	-25	-5	-4	det1=true
[3948]	71	77	-30	-25	-5	4	det1=true
[3949]	76	77	-23	-12	-4	-6	det1=true
[3950]	76	77	-29	-12	-4	6	det1=true
[3951]	16	78	0	1	-2	-3	det1=true
[3952]	16	78	-3	1	-2	3	det1=true
[3953]	41	78	-18	1	-2	-5	det1=true
[3954]	41	78	-23	1	-2	5	det1=true
[3955]	65	78	-7	0	-6	-4	det1=true
[3956]	65	78	-11	0	-6	4	det1=true
[3957]	65	78	-6	-1	-4	-6	det1=true
[3958]	65	78	-12	-1	-4	6	det1=true
[3959]	67	78	-11	1	-7	-2	det1=true
[3960]	67	78	-13	1	-7	2	det1=true
[3961]	39	79	-16	-10	-2	5	det1=true
[3962]	39	79	-6	2	-4	4	det1=true
[3963]	52	79	-10	-3	-4	-5	det1=true
[3964]	52	79	-15	-3	-4	5	det1=true
[3965]	56	79	-19	-5	-5	-4	det1=true
[3966]	56	79	-23	-5	-5	4	det1=true
[3967]	59	79	-25	-24	-5	-3	det1=true
[3968]	64	79	-25	-20	-2	-6	det1=true
[3969]	64	79	-31	-20	-2	6	det1=true
[3970]	66	79	-12	-1	-4	-6	det1=true
[3971]	66	79	-18	-1	-4	6	det1=true
[3972]	67	79	-21	-3	-7	-1	det1=true
[3973]	67	79	-22	-3	-7	1	det1=true
[3974]	71	79	-20	-8	-4	-6	det1=true
[3975]	71	79	-26	-8	-4	6	det1=true
[3976]	73	79	-9	-6	-3	-7	det1=true
[3977]	75	79	-6	1	-5	-6	det1=true
[3978]	75	79	-12	1	-5	6	det1=true
[3979]	76	79	-29	2	-4	-6	det1=true
[3980]	76	79	-35	2	-4	6	det1=true
[3981]	23	80	-9	-9	-1	-4	det1=true
[3982]	23	80	-13	-9	-1	4	det1=true
[3983]	35	80	-3	0	-5	-2	det1=true
[3984]	39	80	-16	1	-2	-5	det1=true
[3985]	39	80	-21	1	-2	5	det1=true
[3986]	47	80	-15	-8	-1	6	det1=true
[3987]	50	80	-11	-2	-6	-2	det1=true
[3988]	50	80	-13	-2	-6	2	det1=true
[3989]	50	80	-9	-4	-2	-6	det1=true
[3990]	50	80	-15	-4	-2	6	det1=true
[3991]	51	80	-11	-6	-5	4	det1=true
[3992]	52	80	-19	-11	-1	-6	det1=true
[3993]	52	80	-25	-11	-1	6	det1=true
[3994]	55	80	-27	-7	-6	-1	det1=true
[3995]	58	80	-25	-4	-2	-6	det1=true
[3996]	58	80	-31	-4	-2	6	det1=true
[3997]	59	80	-24	-21	-6	-1	det1=true
[3998]	59	80	-25	-21	-6	1	det1=true
[3999]	63	80	-27	-14	-5	-4	det1=true
[4000]	63	80	-31	-14	-5	4	det1=true
[4001]	69	80	-16	-7	-2	-7	det1=true
[4002]	69	80	-23	-7	-2	7	det1=true
[4003]	73	80	-34	-25	-6	-2	det1=true
[4004]	73	80	-36	-25	-6	2	det1=true
[4005]	23	77	-12	-6	-1	4	det1=true
[4006]	33	77	-9	-4	-4	-3	det1=true
[4007]	33	77	-12	-4	-4	3	det1=true
[4008]	33	77	-5	-2	-5	-1	det1=true
[4009]	33	77	-6	-2	-5	1	det1=true
[4010]	33	77	-3	-4	-1	-5	det1=true
[4011]	33	77	-8	-4	-1	5	det1=true
[4012]	35	77	-11	-10	-4	-3	det1=true
[4013]	35	77	-14	-10	-4	3	det1=true
[4014]	35	77	-9	-8	-1	-5	det1=true
[4015]	35	77	-14	-8	-1	5	det1=true
[4016]	38	77	-9	-3	-2	-5	det1=true
[4017]	38	77	-14	-3	-2	5	det1=true
[4018]	39	77	-14	2	-5	-2	det1=true
[4019]	39	77	-16	2	-5	2	det1=true
[4020]	39	77	-14	-5	-5	2	det1=true
[4021]	53	77	-21	-15	-3	-5	det1=true
[4022]	53	77	-26	-15	-3	5	det1=true
[4023]	53	77	-14	-2	-6	-2	det1=true
[4024]	53	77	-16	-2	-6	2	det1=true
[4025]	56	77	-17	-8	-2	-6	det1=true
[4026]	56	77	-23	-8	-2	6	det1=true
[4027]	56	77	-15	-12	-6	-2	det1=true
[4028]	59	77	-25	-3	-6	-2	det1=true
[4029]	59	77	-27	-3	-6	2	det1=true
[4030]	59	77	-23	-5	-2	-6	det1=true
[4031]	59	77	-29	-5	-2	6	det1=true
[4032]	59	77	-20	-9	-5	-4	det1=true
[4033]	59	77	-24	-9	-5	4	det1=true
[4034]	59	77	-18	-12	-4	-5	det1=true
[4035]	59	77	-23	-12	-4	5	det1=true
[4036]	61	77	-28	-2	-6	-2	det1=true
[4037]	61	77	-30	-2	-6	2	det1=true
[4038]	61	77	-26	-4	-2	-6	det1=true
[4039]	63	77	-22	-8	-6	3	det1=true
[4040]	64	77	-29	-1	-4	-5	det1=true
[4041]	64	77	-34	-1	-4	5	det1=true
[4042]	64	77	-28	-13	-6	-2	det1=true
[4043]	64	77	-30	-13	-6	2	det1=true
[4044]	64	77	-25	-24	-1	-6	det1=true
[4045]	64	77	-31	-24	-1	6	det1=true
[4046]	66	77	-28	-13	-4	-5	det1=true
[4047]	66	77	-33	-13	-4	5	det1=true
[4048]	68	77	-14	3	-6	-4	det1=true
[4049]	68	77	-18	3	-6	4	det1=true
[4050]	69	77	-14	0	-7	-2	det1=true
[4051]	69	77	-16	0	-7	2	det1=true
[4052]	70	77	-16	-5	-4	-6	det1=true
[4053]	70	77	-22	-5	-4	6	det1=true
[4054]	73	77	-23	-1	-6	-4	det1=true
[4055]	73	77	-27	-1	-6	4	det1=true
[4056]	75	77	-27	-7	-1	-7	det1=true
[4057]	75	77	-34	-7	-1	7	det1=true
[4058]	75	77	-9	-7	-7	-3	det1=true
[4059]	75	77	-12	-7	-7	3	det1=true
[4060]	77	77	-27	-14	-1	-7	det1=true
[4061]	77	77	-34	-14	-1	7	det1=true
[4062]	35	78	-13	-9	-3	-4	det1=true
[4063]	35	78	-17	-9	-3	4	det1=true
[4064]	40	78	-15	-5	-2	-5	det1=true
[4065]	40	78	-20	-5	-2	5	det1=true
[4066]	43	78	-17	-13	-2	-5	det1=true
[4067]	43	78	-22	-13	-2	5	det1=true
[4068]	48	78	-15	-7	-1	6	det1=true
[4069]	72	78	-21	-4	-7	-2	det1=true
[4070]	72	78	-23	-4	-7	2	det1=true
[4071]	74	78	-20	-11	-2	-7	det1=true
[4072]	21	79	-5	2	-4	-1	det1=true
[4073]	21	79	-6	2	-4	1	det1=true
[4074]	37	79	-15	-14	-4	-3	det1=true
[4075]	39	79	-11	-10	-2	-5	det1=true
[4076]	43	79	-9	-3	-5	-3	det1=true
[4077]	43	79	-12	-3	-5	3	det1=true
[4078]	45	79	0	-1	-1	-6	det1=true
[4079]	45	79	-6	-1	-1	6	det1=true
[4080]	47	79	-10	0	-1	-6	det1=true
[4081]	53	79	-13	-9	-2	-6	det1=true
[4082]	53	79	-19	-9	-2	6	det1=true
[4083]	55	79	-18	-12	-6	2	det1=true
[4084]	55	79	-20	-14	-2	6	det1=true
[4085]	56	79	-19	-13	-4	5	det1=true
[4086]	57	79	-17	-12	-4	-5	det1=true
[4087]	57	79	-22	-12	-4	5	det1=true
[4088]	63	79	-11	-4	-7	-1	det1=true
[4089]	63	79	-12	-4	-7	1	det1=true
[4090]	64	79	-22	-21	-4	-5	det1=true
[4091]	64	79	-27	-21	-4	5	det1=true
[4092]	69	79	-25	0	-7	-1	det1=true
[4093]	69	79	-26	0	-7	1	det1=true
[4094]	69	79	-29	-3	-1	7	det1=true
[4095]	73	79	-35	-26	-4	5	det1=true
[4096]	75	79	-27	-16	-7	-1	det1=true
[4097]	16	80	-7	-1	-2	3	det1=true
[4098]	23	80	-11	-6	-1	-4	det1=true
[4099]	47	80	-11	-4	-1	-6	det1=true
[4100]	47	80	-17	-4	-1	6	det1=true
[4101]	53	80	-17	-2	-2	-6	det1=true
[4102]	53	80	-23	-2	-2	6	det1=true
[4103]	55	80	-19	-10	-6	-2	det1=true
[4104]	55	80	-21	-10	-6	2	det1=true
[4105]	57	80	-17	-14	-5	-4	det1=true
[4106]	57	80	-21	-14	-5	4	det1=true
[4107]	58	80	-27	-2	-6	-2	det1=true
[4108]	58	80	-29	-2	-6	2	det1=true
[4109]	58	80	-23	-14	-5	4	det1=true
[4110]	62	80	-29	-6	-5	-4	det1=true
[4111]	66	80	-29	-17	-4	-5	det1=true
[4112]	66	80	-34	-17	-4	5	det1=true
[4113]	67	80	-24	-17	-6	-3	det1=true
[4114]	67	80	-27	-17	-6	3	det1=true
[4115]	68	80	-33	-21	-5	4	det1=true
[4116]	72	80	-29	-27	-4	-5	det1=true
[4117]	72	80	-34	-27	-4	5	det1=true
[4118]	73	80	-32	-27	-2	-6	det1=true
[4119]	73	80	-38	-27	-2	6	det1=true
[4120]	73	80	-29	-21	-3	-6	det1=true
[4121]	76	80	-34	-29	-6	-2	det1=true
[4122]	76	80	-36	-29	-6	2	det1=true
[4123]	76	80	-32	-31	-2	-6	det1=true
[4124]	76	80	-38	-31	-2	6	det1=true
[4125]	78	80	1	-2	-1	-8	det1=true
[4126]	78	80	-7	-2	-1	8	det1=true
[4127]	22	77	-7	-1	-4	-1	det1=true
[4128]	22	77	-8	-1	-4	1	det1=true
[4129]	33	77	-10	0	-3	-4	det1=true
[4130]	33	77	-14	0	-3	4	det1=true
[4131]	42	77	-17	-9	-5	-2	det1=true
[4132]	42	77	-19	-9	-5	2	det1=true
[4133]	47	77	-15	-7	-5	-3	det1=true
[4134]	49	77	-15	-13	-3	-5	det1=true
[4135]	49	77	-20	-13	-3	5	det1=true
[4136]	53	77	-12	-4	-2	-6	det1=true
[4137]	53	77	-18	-4	-2	6	det1=true
[4138]	53	77	-7	-6	-4	-5	det1=true
[4139]	53	77	-12	-6	-4	5	det1=true
[4140]	55	77	-14	-4	-4	-5	det1=true
[4141]	55	77	-19	-4	-4	5	det1=true
[4142]	56	77	-17	-12	-6	2	det1=true
[4143]	56	77	-19	-14	-2	6	det1=true
[4144]	63	77	-19	-8	-6	-3	det1=true
[4145]	65	77	-2	2	-4	-6	det1=true
[4146]	65	77	-8	2	-4	6	det1=true
[4147]	71	77	-18	-2	-7	-2	det1=true
[4148]	71	77	-20	-2	-7	2	det1=true
[4149]	71	77	-15	-6	-2	-7	det1=true
[4150]	71	77	-22	-6	-2	7	det1=true
[4151]	73	77	-25	-4	-1	-7	det1=true
[4152]	73	77	-32	-4	-1	7	det1=true
[4153]	75	77	-30	-4	-7	-1	det1=true
[4154]	75	77	-31	-4	-7	1	det1=true
[4155]	77	77	-40	-12	-4	-5	det1=true
[4156]	77	77	-45	-12	-4	5	det1=true
[4157]	21	78	-1	0	-1	-4	det1=true
[4158]	21	78	-5	0	-1	4	det1=true
[4159]	25	78	-3	-2	-2	-4	det1=true
[4160]	32	78	-7	-3	-3	-4	det1=true
[4161]	32	78	-11	-3	-3	4	det1=true
[4162]	38	78	-11	-4	-5	-2	det1=true
[4163]	38	78	-13	-4	-5	2	det1=true
[4164]	48	78	-9	-7	-1	-6	det1=true
[4165]	52	78	-9	-8	-2	-6	det1=true
[4166]	58	78	-23	-10	-5	4	det1=true
[4167]	62	78	-23	-5	-6	3	det1=true
[4168]	65	78	-29	-11	-5	-4	det1=true
[4169]	66	78	-31	-9	-5	-4	det1=true
[4170]	66	78	-35	-9	-5	4	det1=true
[4171]	66	78	-5	1	-2	-7	det1=true
[4172]	66	78	-12	1	-2	7	det1=true
[4173]	66	78	-4	-3	-2	-7	det1=true
[4174]	66	78	-11	-3	-2	7	det1=true
[4175]	67	78	-31	-12	-5	-4	det1=true
[4176]	67	78	-35	-12	-5	4	det1=true
[4177]	67	78	-25	-10	-3	-6	det1=true
[4178]	67	78	-31	-10	-3	6	det1=true
[4179]	69	78	-13	-7	-7	-2	det1=true
[4180]	69	78	-15	-7	-7	2	det1=true
[4181]	70	78	-12	-11	-2	-7	det1=true
[4182]	70	78	-19	-11	-2	7	det1=true
[4183]	73	78	-25	-3	-7	2	det1=true
[4184]	33	79	-10	0	-5	-1	det1=true
[4185]	33	79	-11	0	-5	1	det1=true
[4186]	50	79	-14	-11	-6	-1	det1=true
[4187]	51	79	-12	1	-5	4	det1=true
[4188]	52	79	-11	-1	-5	-4	det1=true
[4189]	56	79	-14	-13	-4	-5	det1=true
[4190]	57	79	-22	2	-5	-4	det1=true
[4191]	59	79	-17	0	-6	-3	det1=true
[4192]	59	79	-20	0	-6	3	det1=true
[4193]	60	79	-29	0	-6	-2	det1=true
[4194]	60	79	-31	0	-6	2	det1=true
[4195]	63	79	-8	-7	-1	-7	det1=true
[4196]	64	79	-27	-18	-6	-2	det1=true
[4197]	64	79	-29	-18	-6	2	det1=true
[4198]	67	79	-30	-16	-5	-4	det1=true
[4199]	67	79	-34	-16	-5	4	det1=true
[4200]	67	79	-18	-6	-1	-7	det1=true
[4201]	67	79	-25	-6	-1	7	det1=true
[4202]	69	79	-22	-3	-1	-7	det1=true
[4203]	69	79	-19	-12	-1	-7	det1=true
[4204]	69	79	-26	-12	-1	7	det1=true
[4205]	73	79	-16	-6	-3	7	det1=true
[4206]	74	79	-32	-25	-4	-5	det1=true
[4207]	74	79	-37	-25	-4	5	det1=true
[4208]	79	79	-69	-4	-2	-3	det1=true
[4209]	79	79	-72	-4	-2	3	det1=true
[4210]	16	80	-4	-1	-2	-3	det1=true
[4211]	32	80	-11	-1	-4	-3	det1=true
[4212]	32	80	-14	-1	-4	3	det1=true
[4213]	36	80	-9	1	-5	-2	det1=true
[4214]	36	80	-11	1	-5	2	det1=true
[4215]	37	80	-11	1	-2	-5	det1=true
[4216]	37	80	-16	1	-2	5	det1=true
[4217]	39	80	-20	-5	-2	5	det1=true
[4218]	41	80	-15	-13	-2	-5	det1=true
[4219]	41	80	-20	-13	-2	5	det1=true
[4220]	46	80	-11	1	-6	-1	det1=true
[4221]	46	80	-12	1	-6	1	det1=true
[4222]	47	80	-9	-8	-1	-6	det1=true
[4223]	49	80	-5	-4	-2	-6	det1=true
[4224]	49	80	-11	-4	-2	6	det1=true
[4225]	54	80	-14	-9	-4	-5	det1=true
[4226]	54	80	-19	-9	-4	5	det1=true
[4227]	55	80	-24	-13	-6	-1	det1=true
[4228]	55	80	-25	-13	-6	1	det1=true
[4229]	57	80	-26	-7	-4	5	det1=true
[4230]	58	80	-19	-14	-5	-4	det1=true
[4231]	68	80	-29	-21	-5	-4	det1=true
[4232]	79	80	-35	-36	-1	-6	det1=true
[4233]	79	80	-41	-36	-1	6	det1=true
[4234]	25	77	-1	1	-2	-4	det1=true
[4235]	25	77	-5	1	-2	4	det1=true
[4236]	43	77	-5	-1	-5	-3	det1=true
[4237]	43	77	-8	-1	-5	3	det1=true
[4238]	49	77	-16	-12	-5	-3	det1=true
[4239]	49	77	-19	-12	-5	3	det1=true
[4240]	56	77	-13	-14	-2	-6	det1=true
[4241]	60	77	-13	-7	-6	-3	det1=true
[4242]	60	77	-16	-7	-6	3	det1=true
[4243]	63	77	-22	-16	-4	-5	det1=true
[4244]	63	77	-27	-16	-4	5	det1=true
[4245]	63	77	-4	-2	-1	-7	det1=true
[4246]	63	77	-11	-2	-1	7	det1=true
[4247]	63	77	-6	-1	-7	-1	det1=true
[4248]	63	77	-3	-4	-1	-7	det1=true
[4249]	63	77	-10	-4	-1	7	det1=true
[4250]	77	77	-28	-12	-5	-5	det1=true
[4251]	77	77	-33	-12	-5	5	det1=true
[4252]	22	78	-7	-2	-1	-4	det1=true
[4253]	22	78	-11	-2	-1	4	det1=true
[4254]	40	78	-16	1	-2	-5	det1=true
[4255]	40	78	-21	1	-2	5	det1=true
[4256]	43	78	-15	2	-4	-4	det1=true
[4257]	43	78	-19	2	-4	4	det1=true
[4258]	55	78	-17	1	-5	-4	det1=true
[4259]	55	78	-21	1	-5	4	det1=true
[4260]	58	78	-19	-10	-5	-4	det1=true
[4261]	62	78	-21	-17	-5	-4	det1=true
[4262]	62	78	-25	-17	-5	4	det1=true
[4263]	65	78	-33	-11	-5	4	det1=true
[4264]	71	78	-29	-23	-5	-4	det1=true
[4265]	71	78	-33	-23	-5	4	det1=true
[4266]	73	78	-23	-3	-7	-2	det1=true
[4267]	74	78	-25	-1	-7	-2	det1=true
[4268]	74	78	-27	-1	-7	2	det1=true
[4269]	76	78	-31	-20	-3	-6	det1=true
[4270]	76	78	-37	-20	-3	6	det1=true
[4271]	34	79	-13	-7	-4	-3	det1=true
[4272]	34	79	-16	-7	-4	3	det1=true
[4273]	36	79	-5	-3	-5	-2	det1=true
[4274]	36	79	-7	-3	-5	2	det1=true
[4275]	37	79	-18	-14	-4	3	det1=true
[4276]	39	79	-2	2	-4	-4	det1=true
[4277]	55	79	-16	-12	-6	-2	det1=true
[4278]	55	79	-14	-14	-2	-6	det1=true
[4279]	57	79	-26	2	-5	4	det1=true
[4280]	58	79	-23	-3	-5	-4	det1=true
[4281]	62	79	-29	-19	-6	-1	det1=true
[4282]	62	79	-30	-19	-6	1	det1=true
[4283]	63	79	-31	-18	-6	-1	det1=true
[4284]	63	79	-32	-18	-6	1	det1=true
[4285]	63	79	-10	-2	-1	-7	det1=true
[4286]	65	79	-23	-12	-6	-3	det1=true
[4287]	65	79	-26	-12	-6	3	det1=true
[4288]	69	79	-22	-9	-7	-1	det1=true
[4289]	69	79	-23	-9	-7	1	det1=true
[4290]	73	79	-11	-4	-7	-3	det1=true
[4291]	73	79	-14	-4	-7	3	det1=true
[4292]	75	79	-34	-24	-5	-4	det1=true
[4293]	75	79	-38	-24	-5	4	det1=true
[4294]	77	79	-35	-18	-6	-3	det1=true
[4295]	77	79	-38	-18	-6	3	det1=true
[4296]	79	79	-2	3	-7	-4	det1=true
[4297]	79	79	-6	3	-7	4	det1=true
[4298]	39	80	-15	-5	-2	-5	det1=true
[4299]	44	80	-19	-16	-5	-2	det1=true
[4300]	44	80	-21	-16	-5	2	det1=true
[4301]	51	80	-7	-6	-5	-4	det1=true
[4302]	65	80	-27	-27	-1	-6	det1=true
[4303]	65	80	-33	-27	-1	6	det1=true
[4304]	70	80	-16	-11	-2	-7	det1=true
[4305]	70	80	-23	-11	-2	7	det1=true
[4306]	74	80	-4	-3	-6	-5	det1=true
[4307]	74	80	-9	-3	-6	5	det1=true
[4308]	78	80	-27	-16	-7	-2	det1=true
[4309]	78	80	-29	-16	-7	2	det1=true
[4310]	35	77	-11	-6	-5	-1	det1=true
[4311]	35	77	-12	-6	-5	1	det1=true
[4312]	41	77	-18	-7	-5	2	det1=true
[4313]	74	77	-28	-27	-4	-5	det1=true
[4314]	74	77	-33	-27	-4	5	det1=true
[4315]	77	77	-37	-32	-5	-3	det1=true
[4316]	77	77	-40	-32	-5	3	det1=true
[4317]	77	77	-28	0	-7	-2	det1=true
[4318]	77	77	-30	0	-7	2	det1=true
[4319]	36	78	-3	1	-2	-5	det1=true
[4320]	36	78	-8	1	-2	5	det1=true
[4321]	52	78	-15	-8	-2	6	det1=true
[4322]	70	78	-16	-1	-2	-7	det1=true
[4323]	70	78	-23	-1	-2	7	det1=true
[4324]	43	79	-8	-4	-3	-5	det1=true
[4325]	43	79	-13	-4	-3	5	det1=true
[4326]	50	79	-17	-2	-1	-6	det1=true
[4327]	50	79	-23	-2	-1	6	det1=true
[4328]	55	79	-24	-8	-1	-6	det1=true
[4329]	55	79	-30	-8	-1	6	det1=true
[4330]	58	79	-27	-3	-5	4	det1=true
[4331]	61	79	-25	-22	-6	-1	det1=true
[4332]	63	79	-17	-2	-1	7	det1=true
[4333]	69	79	-23	-7	-7	-1	det1=true
[4334]	69	79	-24	-7	-7	1	det1=true
[4335]	35	80	-5	0	-5	2	det1=true
[4336]	38	80	-15	0	-5	-2	det1=true
[4337]	38	80	-17	0	-5	2	det1=true
[4338]	50	80	-20	-3	-6	-1	det1=true
[4339]	50	80	-21	-3	-6	1	det1=true
[4340]	50	80	-23	-7	-1	6	det1=true
[4341]	57	80	-24	1	-2	-6	det1=true
[4342]	57	80	-30	1	-2	6	det1=true
[4343]	57	80	-21	-7	-4	-5	det1=true
[4344]	58	80	-23	-20	-1	-6	det1=true
[4345]	58	80	-29	-20	-1	6	det1=true
[4346]	73	80	-35	-21	-3	6	det1=true
[4347]	39	77	-17	-11	-1	-5	det1=true
[4348]	39	77	-22	-11	-1	5	det1=true
[4349]	41	77	-16	-7	-5	-2	det1=true
[4350]	47	77	-20	-6	-3	5	det1=true
[4351]	65	77	-1	-1	-4	-6	det1=true
[4352]	65	77	-7	-1	-4	6	det1=true
[4353]	77	77	-27	-5	-4	-6	det1=true
[4354]	77	77	-33	-5	-4	6	det1=true
[4355]	25	78	-7	-2	-2	4	det1=true
[4356]	52	78	-12	1	-2	-6	det1=true
[4357]	52	78	-18	1	-2	6	det1=true
[4358]	52	78	-11	-6	-6	-2	det1=true
[4359]	52	78	-13	-6	-6	2	det1=true
[4360]	56	78	-19	2	-5	-4	det1=true
[4361]	56	78	-23	2	-5	4	det1=true
[4362]	59	78	-20	-11	-4	-5	det1=true
[4363]	59	78	-25	-11	-4	5	det1=true
[4364]	66	78	-27	-17	-5	-4	det1=true
[4365]	66	78	-31	-17	-5	4	det1=true
[4366]	68	78	-15	2	-4	-6	det1=true
[4367]	68	78	-21	2	-4	6	det1=true
[4368]	70	78	-27	-26	-2	-6	det1=true
[4369]	32	79	-10	1	-4	-3	det1=true
[4370]	32	79	-13	1	-4	3	det1=true
[4371]	32	79	-9	-2	-3	-4	det1=true
[4372]	32	79	-13	-2	-3	4	det1=true
[4373]	49	79	-5	1	-6	-2	det1=true
[4374]	49	79	-7	1	-6	2	det1=true
[4375]	51	79	-8	1	-5	-4	det1=true
[4376]	69	79	-20	-10	-1	-7	det1=true
[4377]	69	79	-27	-10	-1	7	det1=true
[4378]	75	79	-28	-16	-7	1	det1=true
[4379]	50	80	-17	-7	-1	-6	det1=true
[4380]	50	80	-10	1	-2	-6	det1=true
[4381]	50	80	-16	1	-2	6	det1=true
[4382]	56	80	-21	1	-4	-5	det1=true
[4383]	56	80	-26	1	-4	5	det1=true
[4384]	63	80	-29	-9	-4	-5	det1=true
[4385]	63	80	-34	-9	-4	5	det1=true
[4386]	47	77	-15	-6	-3	-5	det1=true
[4387]	47	77	-14	-8	-3	-5	det1=true
[4388]	47	77	-19	-8	-3	5	det1=true
[4389]	69	77	-16	0	-6	-4	det1=true
[4390]	69	77	-20	0	-6	4	det1=true
[4391]	75	77	-22	-6	-2	-7	det1=true
[4392]	75	77	-29	-6	-2	7	det1=true
[4393]	76	77	-24	-11	-6	-4	det1=true
[4394]	70	78	-29	-24	-6	-2	det1=true
[4395]	70	78	-31	-24	-6	2	det1=true
[4396]	70	78	-33	-26	-2	6	det1=true
[4397]	52	79	-11	-8	-2	-6	det1=true
[4398]	52	79	-17	-8	-2	6	det1=true
[4399]	58	79	-15	3	-6	-3	det1=true
[4400]	58	79	-18	3	-6	3	det1=true
[4401]	59	79	-12	-10	-6	-3	det1=true
[4402]	59	79	-15	-10	-6	3	det1=true
[4403]	66	79	-17	0	-6	4	det1=true
[4404]	73	79	-12	-2	-7	-3	det1=true
[4405]	73	79	-15	-2	-7	3	det1=true
[4406]	47	77	-16	-3	-3	-5	det1=true
[4407]	47	77	-21	-3	-3	5	det1=true
[4408]	59	77	-22	-2	-4	-5	det1=true
[4409]	62	77	-27	0	-5	-4	det1=true
[4410]	62	77	-31	0	-5	4	det1=true
[4411]	64	77	-25	-14	-5	-4	det1=true
[4412]	64	77	-29	-14	-5	4	det1=true
[4413]	52	79	-20	-9	-6	-1	det1=true
[4414]	52	79	-21	-9	-6	1	det1=true
[4415]	66	79	-13	0	-6	-4	det1=true
[4416]	79	79	-27	-17	-4	-6	det1=true
[4417]	79	79	-33	-17	-4	6	det1=true
[4418]	53	80	-23	-4	-1	-6	det1=true
[4419]	53	80	-29	-4	-1	6	det1=true
[4420]	80	80	-17	-2	-1	8	det1=true
[4421]	32	77	-5	-3	-3	-4	det1=true
[4422]	32	77	-9	-3	-3	4	det1=true
[4423]	42	77	-19	-5	-5	-2	det1=true
[4424]	48	77	-23	-16	-5	-2	det1=true
[4425]	48	77	-25	-16	-5	2	det1=true
[4426]	69	77	-15	-1	-4	-6	det1=true
[4427]	69	77	-21	-1	-4	6	det1=true
[4428]	73	77	-22	-13	-1	-7	det1=true
[4429]	73	77	-29	-13	-1	7	det1=true
[4430]	51	78	-5	1	-5	-4	det1=true
[4431]	51	78	-9	1	-5	4	det1=true
[4432]	77	78	-29	-2	-7	-2	det1=true
[4433]	77	78	-31	-2	-7	2	det1=true
[4434]	42	79	-23	-5	-5	2	det1=true
[4435]	53	79	-15	-7	-6	-2	det1=true
[4436]	53	79	-17	-7	-6	2	det1=true
[4437]	63	79	-23	-18	-4	-5	det1=true
[4438]	63	79	-28	-18	-4	5	det1=true
[4439]	71	79	-23	1	-6	-4	det1=true
[4440]	71	79	-27	1	-6	4	det1=true
[4441]	52	80	-23	-5	-6	-1	det1=true
[4442]	52	80	-24	-5	-6	1	det1=true
[4443]	76	80	-11	-4	-5	-6	det1=true
[4444]	76	80	-17	-4	-5	6	det1=true
[4445]	80	80	-9	-2	-1	-8	det1=true
[4446]	41	77	-12	-12	-2	-5	det1=true
[4447]	41	77	-17	-12	-2	5	det1=true
[4448]	67	77	-8	2	-7	-2	det1=true
[4449]	67	77	-10	2	-7	2	det1=true
[4450]	77	77	-57	-9	-5	-1	det1=true
[4451]	59	78	-23	-3	-4	-5	det1=true
[4452]	48	80	0	1	-2	-6	det1=true
[4453]	48	80	-6	1	-2	6	det1=true
[4454]	70	77	-19	-8	-6	4	det1=true
[4455]	73	77	-28	-1	-7	-1	det1=true
[4456]	73	77	-29	-1	-7	1	det1=true
[4457]	77	77	-34	-26	-2	-6	det1=true
[4458]	77	77	-40	-26	-2	6	det1=true
[4459]	37	78	-6	-5	-2	-5	det1=true
[4460]	37	78	-11	-5	-2	5	det1=true
[4461]	51	78	-4	-1	-4	-5	det1=true
[4462]	51	78	-9	-1	-4	5	det1=true
[4463]	52	79	-15	-15	-1	-6	det1=true
[4464]	52	79	-21	-15	-1	6	det1=true
[4465]	53	80	-23	-9	-6	-1	det1=true
[4466]	59	77	-27	-2	-4	5	det1=true
[4467]	70	77	-15	-8	-6	-4	det1=true
[4468]	59	78	-28	-3	-4	5	det1=true
[4469]	47	77	-16	-5	-5	-3	det1=true
[4470]	47	77	-19	-5	-5	3	det1=true
[4471]	79	79	-36	-27	-5	-4	det1=true
[4472]	55	80	-17	-12	-2	-6	det1=true
[4473]	55	80	-23	-12	-2	6	det1=true
[4474]	57	80	-26	3	-6	-2	det1=true
[4475]	57	80	-28	3	-6	2	det1=true
[4476]	77	77	-28	-4	-6	-4	det1=true
[4477]	77	77	-22	-16	-4	-6	det1=true
[4478]	68	78	-16	3	-6	-4	det1=true
[4479]	68	78	-20	3	-6	4	det1=true
[4480]	79	79	-28	-16	-6	-4	det1=true
[4481]	79	79	-32	-16	-6	4	det1=true
[4482]	56	82	-12	-7	-6	-3	det1=true
[4483]	56	82	-15	-7	-6	3	det1=true
[4484]	77	81	-3	4	-8	-1	det1=true
[4485]	77	81	-4	4	-8	1	det1=true
[4486]	81	81	-6	4	-8	-2	det1=true
[4487]	81	81	-8	4	-8	2	det1=true
[4488]	24	82	-4	-3	-2	-4	det1=true
[4489]	24	82	-8	-3	-2	4	det1=true
[4490]	78	82	-11	2	-7	-4	det1=true
[4491]	81	82	-5	-6	-2	-8	det1=true
[4492]	81	82	-13	-6	-2	8	det1=true
[4493]	36	83	-12	1	-2	-5	det1=true
[4494]	36	83	-17	1	-2	5	det1=true
[4495]	55	83	-25	-22	-3	-5	det1=true
[4496]	55	83	-30	-22	-3	5	det1=true
[4497]	71	83	-4	0	-6	-5	det1=true
[4498]	71	83	-9	0	-6	5	det1=true
[4499]	83	83	-28	-17	-3	-7	det1=true
[4500]	83	83	-35	-17	-3	7	det1=true
[4501]	24	84	-8	1	-2	-4	det1=true
[4502]	24	84	-12	1	-2	4	det1=true
[4503]	61	84	-10	3	-6	-4	det1=true
[4504]	61	84	-14	3	-6	4	det1=true
[4505]	61	84	-9	2	-4	-6	det1=true
[4506]	61	84	-15	2	-4	6	det1=true
[4507]	61	81	-11	-1	-7	-1	det1=true
[4508]	61	81	-12	-1	-7	1	det1=true
[4509]	64	81	-5	-5	-2	-7	det1=true
[4510]	65	81	-31	-24	-6	-1	det1=true
[4511]	65	81	-32	-24	-6	1	det1=true
[4512]	73	81	-31	-8	-7	-1	det1=true
[4513]	73	81	-32	-8	-7	1	det1=true
[4514]	78	81	-7	0	-7	-4	det1=true
[4515]	78	81	-11	0	-7	4	det1=true
[4516]	78	81	-5	-3	-1	-8	det1=true
[4517]	78	81	-13	-3	-1	8	det1=true
[4518]	35	82	-16	-11	-4	-3	det1=true
[4519]	35	82	-19	-11	-4	3	det1=true
[4520]	47	82	-17	1	-6	-1	det1=true
[4521]	47	82	-18	1	-6	1	det1=true
[4522]	66	82	-25	-17	-6	-3	det1=true
[4523]	66	82	-28	-17	-6	3	det1=true
[4524]	75	82	-30	-7	-4	-6	det1=true
[4525]	75	82	-36	-7	-4	6	det1=true
[4526]	76	82	-2	3	-8	-1	det1=true
[4527]	76	82	-3	3	-8	1	det1=true
[4528]	60	83	2	3	-6	-4	det1=true
[4529]	60	83	-2	3	-6	4	det1=true
[4530]	76	83	-5	-1	-1	-8	det1=true
[4531]	76	83	-13	-1	-1	8	det1=true
[4532]	78	83	-15	1	-8	-1	det1=true
[4533]	78	83	-16	1	-8	1	det1=true
[4534]	79	83	-26	-10	-3	-7	det1=true
[4535]	79	83	-33	-10	-3	7	det1=true
[4536]	81	83	-18	-4	-4	-7	det1=true
[4537]	81	83	-25	-4	-4	7	det1=true
[4538]	83	83	-30	-15	-7	-3	det1=true
[4539]	83	83	-33	-15	-7	3	det1=true
[4540]	61	84	-30	-19	-4	5	det1=true
[4541]	81	84	-12	-5	-2	-8	det1=true
[4542]	81	84	-20	-5	-2	8	det1=true
[4543]	31	81	-2	0	-1	-5	det1=true
[4544]	31	81	-7	0	-1	5	det1=true
[4545]	37	81	-12	-2	-2	-5	det1=true
[4546]	37	81	-17	-2	-2	5	det1=true
[4547]	39	81	-14	-10	-5	-2	det1=true
[4548]	39	81	-16	-10	-5	2	det1=true
[4549]	44	81	-4	3	-6	-1	det1=true
[4550]	44	81	-5	3	-6	1	det1=true
[4551]	48	81	-15	-4	-1	-6	det1=true
[4552]	48	81	-21	-4	-1	6	det1=true
[4553]	50	81	-22	3	-6	-1	det1=true
[4554]	50	81	-23	3	-6	1	det1=true
[4555]	54	81	-19	0	-5	-4	det1=true
[4556]	54	81	-23	0	-5	4	det1=true
[4557]	63	81	-16	-3	-7	-1	det1=true
[4558]	63	81	-17	-3	-7	1	det1=true
[4559]	73	81	-33	2	-7	-1	det1=true
[4560]	73	81	-28	-11	-1	-7	det1=true
[4561]	73	81	-35	-11	-1	7	det1=true
[4562]	81	81	-40	-8	-7	-1	det1=true
[4563]	81	81	-41	-8	-7	1	det1=true
[4564]	81	81	-14	-3	-1	-8	det1=true
[4565]	81	81	-22	-3	-1	8	det1=true
[4566]	34	82	0	-1	-2	-5	det1=true
[4567]	34	82	-5	-1	-2	5	det1=true
[4568]	37	82	-15	2	-5	-2	det1=true
[4569]	37	82	-17	2	-5	2	det1=true
[4570]	42	82	-16	-17	-2	-5	det1=true
[4571]	48	82	-5	2	-5	4	det1=true
[4572]	51	82	-13	-3	-5	-4	det1=true
[4573]	81	82	-17	-4	-7	-4	det1=true
[4574]	81	82	-21	-4	-7	4	det1=true
[4575]	82	82	-21	-15	-5	-6	det1=true
[4576]	20	83	-3	-2	-1	-4	det1=true
[4577]	20	83	-7	-2	-1	4	det1=true
[4578]	21	83	-10	0	-4	-1	det1=true
[4579]	21	83	-11	0	-4	1	det1=true
[4580]	43	83	-2	0	-1	-6	det1=true
[4581]	43	83	-8	0	-1	6	det1=true
[4582]	45	83	-13	0	-6	-1	det1=true
[4583]	45	83	-14	0	-6	1	det1=true
[4584]	51	83	-16	-8	-5	4	det1=true
[4585]	57	83	-23	-15	-6	-2	det1=true
[4586]	57	83	-25	-15	-6	2	det1=true
[4587]	57	83	-21	-17	-2	-6	det1=true
[4588]	61	83	-16	2	-7	-1	det1=true
[4589]	61	83	-17	2	-7	1	det1=true
[4590]	69	83	-31	-16	-6	-3	det1=true
[4591]	69	83	-34	-16	-6	3	det1=true
[4592]	71	83	-4	1	-5	-6	det1=true
[4593]	71	83	-10	1	-5	6	det1=true
[4594]	72	83	-29	3	-7	-2	det1=true
[4595]	72	83	-31	3	-7	2	det1=true
[4596]	73	83	-18	-5	-3	-7	det1=true
[4597]	73	83	-25	-5	-3	7	det1=true
[4598]	75	83	0	4	-8	-1	det1=true
[4599]	75	83	-1	4	-8	1	det1=true
[4600]	79	83	-5	1	-8	-2	det1=true
[4601]	79	83	-7	1	-8	2	det1=true
[4602]	80	83	-7	-4	-8	-2	det1=true
[4603]	80	83	-9	-4	-8	2	det1=true
[4604]	81	83	-21	-2	-8	-1	det1=true
[4605]	81	83	-22	-2	-8	1	det1=true
[4606]	83	83	-40	-8	-7	-2	det1=true
[4607]	83	83	-42	-8	-7	2	det1=true
[4608]	83	83	-21	-6	-4	-7	det1=true
[4609]	83	83	-28	-6	-4	7	det1=true
[4610]	83	83	-15	-7	-8	-2	det1=true
[4611]	83	83	-17	-7	-8	2	det1=true
[4612]	40	84	-19	-11	-5	-2	det1=true
[4613]	40	84	-21	-11	-5	2	det1=true
[4614]	47	84	-8	-3	-6	-2	det1=true
[4615]	47	84	-10	-3	-6	2	det1=true
[4616]	49	84	-11	-2	-5	-4	det1=true
[4617]	49	84	-15	-2	-5	4	det1=true
[4618]	52	84	-14	-11	-4	-5	det1=true
[4619]	52	84	-19	-11	-4	5	det1=true
[4620]	53	84	-7	-5	-3	-6	det1=true
[4621]	53	84	-13	-5	-3	6	det1=true
[4622]	57	84	-19	-18	-5	-4	det1=true
[4623]	57	84	-23	-18	-5	4	det1=true
[4624]	67	84	-20	1	-2	-7	det1=true
[4625]	67	84	-27	1	-2	7	det1=true
[4626]	68	84	-23	-15	-2	7	det1=true
[4627]	70	84	-27	2	-4	-6	det1=true
[4628]	70	84	-33	2	-4	6	det1=true
[4629]	74	84	-35	-30	-6	-2	det1=true
[4630]	83	84	-23	-14	-7	4	det1=true
[4631]	84	84	-40	-29	-6	-3	det1=true
[4632]	84	84	-43	-29	-6	3	det1=true
[4633]	33	81	-8	-8	-1	-5	det1=true
[4634]	33	81	-13	-8	-1	5	det1=true
[4635]	41	81	-14	2	-4	-4	det1=true
[4636]	41	81	-18	2	-4	4	det1=true
[4637]	45	81	-6	-4	-1	-6	det1=true
[4638]	45	81	-12	-4	-1	6	det1=true
[4639]	51	81	-22	-6	-6	-1	det1=true
[4640]	51	81	-23	-6	-6	1	det1=true
[4641]	59	81	-24	-22	-1	-6	det1=true
[4642]	61	81	-9	-2	-5	-5	det1=true
[4643]	61	81	-14	-2	-5	5	det1=true
[4644]	63	81	-13	-8	-7	-1	det1=true
[4645]	69	81	-20	-16	-7	-1	det1=true
[4646]	69	81	-21	-16	-7	1	det1=true
[4647]	79	81	-35	-17	-7	1	det1=true
[4648]	79	81	-10	-2	-7	-4	det1=true
[4649]	79	81	-14	-2	-7	4	det1=true
[4650]	79	81	-10	-4	-8	-1	det1=true
[4651]	79	81	-11	-4	-8	1	det1=true
[4652]	80	81	-32	-11	-2	-7	det1=true
[4653]	80	81	-39	-11	-2	7	det1=true
[4654]	80	81	-31	-16	-7	-2	det1=true
[4655]	80	81	-33	-16	-7	2	det1=true
[4656]	80	81	-13	-2	-7	-4	det1=true
[4657]	80	81	-17	-2	-7	4	det1=true
[4658]	81	81	-38	-9	-5	-5	det1=true
[4659]	81	81	-16	0	-7	-4	det1=true
[4660]	81	81	-20	0	-7	4	det1=true
[4661]	16	82	-5	-4	-3	-2	det1=true
[4662]	16	82	-7	-4	-3	2	det1=true
[4663]	34	82	-15	-9	-4	-3	det1=true
[4664]	34	82	-18	-9	-4	3	det1=true
[4665]	42	82	-21	-17	-2	5	det1=true
[4666]	44	82	-5	0	-1	-6	det1=true
[4667]	44	82	-11	0	-1	6	det1=true
[4668]	45	82	-9	-1	-1	-6	det1=true
[4669]	45	82	-15	-1	-1	6	det1=true
[4670]	48	82	-1	2	-5	-4	det1=true
[4671]	49	82	-7	1	-4	-5	det1=true
[4672]	49	82	-12	1	-4	5	det1=true
[4673]	54	82	-17	-9	-4	-5	det1=true
[4674]	57	82	-23	-15	-5	4	det1=true
[4675]	58	82	-21	-18	-6	-2	det1=true
[4676]	58	82	-23	-18	-6	2	det1=true
[4677]	60	82	-21	-19	-4	-5	det1=true
[4678]	60	82	-26	-19	-4	5	det1=true
[4679]	65	82	-11	-7	-7	-2	det1=true
[4680]	65	82	-13	-7	-7	2	det1=true
[4681]	67	82	-14	-13	-4	-6	det1=true
[4682]	67	82	-20	-13	-4	6	det1=true
[4683]	69	82	-19	-10	-7	-2	det1=true
[4684]	69	82	-21	-10	-7	2	det1=true
[4685]	71	82	-31	-33	-1	-6	det1=true
[4686]	71	82	-37	-33	-1	6	det1=true
[4687]	71	82	-26	1	-4	-6	det1=true
[4688]	71	82	-32	1	-4	6	det1=true
[4689]	74	82	-11	-3	-5	-6	det1=true
[4690]	76	82	-33	3	-7	-2	det1=true
[4691]	76	82	-31	-8	-7	-2	det1=true
[4692]	76	82	-33	-8	-7	2	det1=true
[4693]	80	82	-13	-7	-7	-4	det1=true
[4694]	80	82	-17	-7	-7	4	det1=true
[4695]	81	82	-61	-2	-5	-2	det1=true
[4696]	81	82	-63	-2	-5	2	det1=true
[4697]	81	82	-8	-3	-8	-2	det1=true
[4698]	82	82	-13	-14	-1	-8	det1=true
[4699]	82	82	-21	-14	-1	8	det1=true
[4700]	20	83	-5	1	-4	-1	det1=true
[4701]	21	83	-2	-1	-3	-3	det1=true
[4702]	21	83	-5	-1	-3	3	det1=true
[4703]	45	83	-10	-6	-6	-1	det1=true
[4704]	45	83	-11	-6	-6	1	det1=true
[4705]	47	83	-20	-11	-5	-3	det1=true
[4706]	47	83	-23	-11	-5	3	det1=true
[4707]	48	83	-13	0	-6	2	det1=true
[4708]	48	83	-5	1	-4	-5	det1=true
[4709]	48	83	-10	1	-4	5	det1=true
[4710]	51	83	-12	-8	-5	-4	det1=true
[4711]	56	83	-22	-9	-4	-5	det1=true
[4712]	61	83	-13	-1	-1	-7	det1=true
[4713]	61	83	-20	-1	-1	7	det1=true
[4714]	62	83	-27	-26	-1	-6	det1=true
[4715]	62	83	-33	-26	-1	6	det1=true
[4716]	38	84	-17	-7	-5	-2	det1=true
[4717]	38	84	-19	-7	-5	2	det1=true
[4718]	50	84	-14	-9	-6	-2	det1=true
[4719]	50	84	-16	-9	-6	2	det1=true
[4720]	50	84	-12	-11	-2	-6	det1=true
[4721]	50	84	-18	-11	-2	6	det1=true
[4722]	54	84	-27	-1	-4	5	det1=true
[4723]	61	84	-25	-19	-4	-5	det1=true
[4724]	64	84	-9	-11	-2	-7	det1=true
[4725]	64	84	-16	-11	-2	7	det1=true
[4726]	68	84	-16	-15	-2	-7	det1=true
[4727]	73	84	-29	-9	-7	-2	det1=true
[4728]	73	84	-31	-9	-7	2	det1=true
[4729]	81	84	-17	-2	-8	2	det1=true
[4730]	22	81	-7	-8	-1	-4	det1=true
[4731]	33	81	-11	0	-1	-5	det1=true
[4732]	33	81	-16	0	-1	5	det1=true
[4733]	33	81	-10	-6	-5	-1	det1=true
[4734]	33	81	-11	-6	-5	1	det1=true
[4735]	35	81	-5	0	-2	-5	det1=true
[4736]	35	81	-10	0	-2	5	det1=true
[4737]	50	81	-11	-4	-5	4	det1=true
[4738]	55	81	-19	-14	-4	5	det1=true
[4739]	63	81	-14	-8	-7	1	det1=true
[4740]	67	81	-15	-2	-2	-7	det1=true
[4741]	67	81	-22	-2	-2	7	det1=true
[4742]	72	81	-23	-13	-7	2	det1=true
[4743]	76	81	-31	-4	-7	-2	det1=true
[4744]	76	81	-33	-4	-7	2	det1=true
[4745]	77	81	-38	-3	-7	1	det1=true
[4746]	77	81	0	2	-4	-7	det1=true
[4747]	77	81	-7	2	-4	7	det1=true
[4748]	79	81	-34	-17	-7	-1	det1=true
[4749]	81	81	-43	-9	-5	5	det1=true
[4750]	81	81	-37	-11	-1	-7	det1=true
[4751]	81	81	-44	-11	-1	7	det1=true
[4752]	81	81	-32	-14	-2	-7	det1=true
[4753]	81	81	-39	-14	-2	7	det1=true
[4754]	20	82	-1	-1	-1	-4	det1=true
[4755]	37	82	-13	-3	-2	-5	det1=true
[4756]	37	82	-18	-3	-2	5	det1=true
[4757]	47	82	-15	-7	-6	1	det1=true
[4758]	50	82	-19	-8	-1	-6	det1=true
[4759]	57	82	-19	-15	-5	-4	det1=true
[4760]	64	82	-28	-21	-6	-2	det1=true
[4761]	64	82	-30	-21	-6	2	det1=true
[4762]	66	82	-17	0	-7	-2	det1=true
[4763]	66	82	-19	0	-7	2	det1=true
[4764]	66	82	-13	-7	-2	-7	det1=true
[4765]	69	82	-23	1	-7	-2	det1=true
[4766]	69	82	-25	1	-7	2	det1=true
[4767]	73	82	-33	-18	-3	-6	det1=true
[4768]	73	82	-39	-18	-3	6	det1=true
[4769]	74	82	-12	-1	-6	-5	det1=true
[4770]	74	82	-17	-1	-6	5	det1=true
[4771]	74	82	-17	-3	-5	6	det1=true
[4772]	75	82	-25	-18	-6	-4	det1=true
[4773]	75	82	-29	-18	-6	4	det1=true
[4774]	75	82	-14	-3	-6	-5	det1=true
[4775]	75	82	-19	-3	-6	5	det1=true
[4776]	76	82	-35	3	-7	2	det1=true
[4777]	77	82	-17	-6	-5	-6	det1=true
[4778]	77	82	-23	-6	-5	6	det1=true
[4779]	80	82	-24	-1	-6	-5	det1=true
[4780]	80	82	-29	-1	-6	5	det1=true
[4781]	80	82	-11	-10	-1	-8	det1=true
[4782]	81	82	-45	-20	-5	-4	det1=true
[4783]	82	82	-73	0	-3	-2	det1=true
[4784]	82	82	-75	0	-3	2	det1=true
[4785]	43	83	-14	-6	-5	-3	det1=true
[4786]	43	83	-17	-6	-5	3	det1=true
[4787]	47	83	-12	-11	-1	-6	det1=true
[4788]	47	83	-18	-11	-1	6	det1=true
[4789]	50	83	-22	-7	-6	-1	det1=true
[4790]	50	83	-23	-7	-6	1	det1=true
[4791]	56	83	-27	-9	-4	5	det1=true
[4792]	57	83	-27	-17	-2	6	det1=true
[4793]	69	83	-31	-13	-1	7	det1=true
[4794]	72	83	-24	-11	-2	-7	det1=true
[4795]	72	83	-31	-11	-2	7	det1=true
[4796]	74	83	-33	-3	-7	2	det1=true
[4797]	74	83	-10	-9	-6	-5	det1=true
[4798]	74	83	-15	-9	-6	5	det1=true
[4799]	77	83	-39	-3	-7	-1	det1=true
[4800]	77	83	-32	-18	-1	-7	det1=true
[4801]	77	83	-39	-18	-1	7	det1=true
[4802]	79	83	-27	-7	-3	-7	det1=true
[4803]	79	83	-34	-7	-3	7	det1=true
[4804]	79	83	-28	-8	-7	-3	det1=true
[4805]	83	83	-24	-4	-8	-1	det1=true
[4806]	83	83	-25	-4	-8	1	det1=true
[4807]	47	84	-6	-5	-2	-6	det1=true
[4808]	47	84	-12	-5	-2	6	det1=true
[4809]	54	84	-22	-1	-4	-5	det1=true
[4810]	55	84	-13	-7	-6	-3	det1=true
[4811]	55	84	-16	-7	-6	3	det1=true
[4812]	56	84	-21	-13	-4	-5	det1=true
[4813]	56	84	-26	-13	-4	5	det1=true
[4814]	65	84	-27	-26	-2	-6	det1=true
[4815]	65	84	-33	-26	-2	6	det1=true
[4816]	66	84	-13	-13	-2	-7	det1=true
[4817]	66	84	-20	-13	-2	7	det1=true
[4818]	69	84	-29	-20	-3	-6	det1=true
[4819]	69	84	-35	-20	-3	6	det1=true
[4820]	71	84	-33	-26	-5	-4	det1=true
[4821]	71	84	-37	-26	-5	4	det1=true
[4822]	72	84	-29	-5	-7	-2	det1=true
[4823]	76	84	-35	0	-7	-2	det1=true
[4824]	76	84	-37	0	-7	2	det1=true
[4825]	76	84	-10	-3	-8	-1	det1=true
[4826]	76	84	-11	-3	-8	1	det1=true
[4827]	78	84	-5	2	-8	-2	det1=true
[4828]	78	84	-7	2	-8	2	det1=true
[4829]	79	84	-23	-9	-6	-5	det1=true
[4830]	79	84	-28	-9	-6	5	det1=true
[4831]	84	84	-19	-8	-8	-2	det1=true
[4832]	84	84	-21	-8	-8	2	det1=true
[4833]	6	81	-2	1	-2	-1	det1=true
[4834]	6	81	-3	1	-2	1	det1=true
[4835]	21	81	-8	2	-4	-1	det1=true
[4836]	21	81	-9	2	-4	1	det1=true
[4837]	35	81	-14	-8	-1	-5	det1=true
[4838]	35	81	-19	-8	-1	5	det1=true
[4839]	39	81	-17	0	-2	-5	det1=true
[4840]	39	81	-22	0	-2	5	det1=true
[4841]	41	81	-18	-11	-5	-2	det1=true
[4842]	41	81	-20	-11	-5	2	det1=true
[4843]	49	81	-4	2	-4	-5	det1=true
[4844]	49	81	-9	2	-4	5	det1=true
[4845]	50	81	-15	-13	-1	-6	det1=true
[4846]	50	81	-21	-13	-1	6	det1=true
[4847]	50	81	-7	-4	-5	-4	det1=true
[4848]	54	81	-22	-15	-6	-1	det1=true
[4849]	54	81	-23	-15	-6	1	det1=true
[4850]	58	81	-23	-9	-4	-5	det1=true
[4851]	58	81	-28	-9	-4	5	det1=true
[4852]	63	81	-22	-22	-4	-5	det1=true
[4853]	63	81	-27	-22	-4	5	det1=true
[4854]	63	81	-13	-6	-1	-7	det1=true
[4855]	63	81	-20	-6	-1	7	det1=true
[4856]	63	81	-10	-11	-1	-7	det1=true
[4857]	63	81	-17	-11	-1	7	det1=true
[4858]	64	81	-12	-5	-2	7	det1=true
[4859]	67	81	-19	-11	-1	-7	det1=true
[4860]	67	81	-26	-11	-1	7	det1=true
[4861]	69	81	-36	-20	-5	4	det1=true
[4862]	72	81	-33	-31	-1	-6	det1=true
[4863]	72	81	-39	-31	-1	6	det1=true
[4864]	72	81	-21	-13	-7	-2	det1=true
[4865]	73	81	-34	2	-7	1	det1=true
[4866]	79	81	-38	-20	-1	7	det1=true
[4867]	20	82	-5	-1	-1	4	det1=true
[4868]	30	82	-6	-1	-4	-3	det1=true
[4869]	30	82	-9	-1	-4	3	det1=true
[4870]	35	82	-5	-5	-2	-5	det1=true
[4871]	35	82	-10	-5	-2	5	det1=true
[4872]	40	82	-15	-13	-2	-5	det1=true
[4873]	45	82	-10	-3	-6	-1	det1=true
[4874]	45	82	-11	-3	-6	1	det1=true
[4875]	47	82	-14	-7	-6	-1	det1=true
[4876]	50	82	-25	-8	-1	6	det1=true
[4877]	62	82	-25	-27	-1	-6	det1=true
[4878]	67	82	-15	-12	-6	-4	det1=true
[4879]	67	82	-19	-12	-6	4	det1=true
[4880]	70	82	-21	-7	-2	-7	det1=true
[4881]	70	82	-28	-7	-2	7	det1=true
[4882]	71	82	-27	2	-6	-4	det1=true
[4883]	71	82	-31	2	-6	4	det1=true
[4884]	78	82	-29	-17	-7	-2	det1=true
[4885]	78	82	-31	-17	-7	2	det1=true
[4886]	79	82	-22	-3	-6	-5	det1=true
[4887]	79	82	-27	-3	-6	5	det1=true
[4888]	79	82	-11	-7	-8	-1	det1=true
[4889]	79	82	-12	-7	-8	1	det1=true
[4890]	82	82	-43	-10	-4	6	det1=true
[4891]	20	83	-6	1	-4	1	det1=true
[4892]	29	83	-2	2	-4	-3	det1=true
[4893]	29	83	-5	2	-4	3	det1=true
[4894]	46	83	-14	-5	-6	-1	det1=true
[4895]	52	83	-17	-1	-4	-5	det1=true
[4896]	52	83	-22	-1	-4	5	det1=true
[4897]	58	83	-19	-3	-3	-6	det1=true
[4898]	58	83	-25	-3	-3	6	det1=true
[4899]	65	83	-25	1	-7	1	det1=true
[4900]	65	83	-21	-2	-1	-7	det1=true
[4901]	65	83	-28	-2	-1	7	det1=true
[4902]	68	83	-20	-3	-2	-7	det1=true
[4903]	68	83	-27	-3	-2	7	det1=true
[4904]	69	83	-27	-10	-7	-1	det1=true
[4905]	69	83	-28	-10	-7	1	det1=true
[4906]	69	83	-20	-11	-7	-2	det1=true
[4907]	69	83	-22	-11	-7	2	det1=true
[4908]	74	83	-31	-3	-7	-2	det1=true
[4909]	75	83	-24	-1	-7	-3	det1=true
[4910]	75	83	-27	-1	-7	3	det1=true
[4911]	78	83	-21	-5	-5	-6	det1=true
[4912]	78	83	-27	-5	-5	6	det1=true
[4913]	83	83	-18	0	-8	-2	det1=true
[4914]	83	83	-20	0	-8	2	det1=true
[4915]	34	84	-4	-5	-2	-5	det1=true
[4916]	36	84	-12	-5	-2	-5	det1=true
[4917]	36	84	-17	-5	-2	5	det1=true
[4918]	51	84	-13	-9	-5	-4	det1=true
[4919]	57	84	-25	-9	-5	-4	det1=true
[4920]	57	84	-23	-1	-6	3	det1=true
[4921]	61	84	-25	-4	-3	-6	det1=true
[4922]	63	84	-15	-1	-7	2	det1=true
[4923]	63	84	-11	-5	-7	-2	det1=true
[4924]	63	84	-13	-5	-7	2	det1=true
[4925]	65	84	-29	-24	-6	-2	det1=true
[4926]	70	84	-28	3	-6	-4	det1=true
[4927]	70	84	-32	3	-6	4	det1=true
[4928]	70	84	-21	-16	-4	-6	det1=true
[4929]	70	84	-27	-16	-4	6	det1=true
[4930]	70	84	-3	1	-5	-6	det1=true
[4931]	72	84	-31	-5	-7	2	det1=true
[4932]	73	84	-27	-13	-7	-2	det1=true
[4933]	73	84	-29	-13	-7	2	det1=true
[4934]	74	84	-37	-30	-6	2	det1=true
[4935]	76	84	-20	-3	-6	-5	det1=true
[4936]	76	84	-25	-3	-6	5	det1=true
[4937]	80	84	-8	-7	-2	-8	det1=true
[4938]	81	84	-15	-2	-8	-2	det1=true
[4939]	82	84	-39	-10	-4	-6	det1=true
[4940]	6	81	-1	-1	-1	-2	det1=true
[4941]	6	81	-3	-1	-1	2	det1=true
[4942]	44	81	-19	-17	-2	-5	det1=true
[4943]	44	81	-24	-17	-2	5	det1=true
[4944]	47	81	-13	-6	-6	-1	det1=true
[4945]	47	81	-14	-6	-6	1	det1=true
[4946]	53	81	-16	-4	-5	-4	det1=true
[4947]	53	81	-20	-4	-5	4	det1=true
[4948]	55	81	-14	-14	-4	-5	det1=true
[4949]	67	81	-32	-22	-5	4	det1=true
[4950]	71	81	-19	-12	-2	-7	det1=true
[4951]	71	81	-26	-12	-2	7	det1=true
[4952]	73	81	-24	-8	-2	-7	det1=true
[4953]	73	81	-31	-8	-2	7	det1=true
[4954]	76	81	-24	-17	-2	-7	det1=true
[4955]	76	81	-31	-17	-2	7	det1=true
[4956]	79	81	-14	-6	-4	7	det1=true
[4957]	37	82	-10	-9	-2	-5	det1=true
[4958]	37	82	-15	-9	-2	5	det1=true
[4959]	40	82	-20	-13	-2	5	det1=true
[4960]	51	82	-17	-3	-5	4	det1=true
[4961]	60	82	-17	-13	-3	-6	det1=true
[4962]	60	82	-23	-13	-3	6	det1=true
[4963]	62	82	-31	-27	-1	6	det1=true
[4964]	63	82	-6	1	-2	-7	det1=true
[4965]	63	82	-13	1	-2	7	det1=true
[4966]	66	82	-20	-7	-2	7	det1=true
[4967]	75	82	-27	-11	-2	-7	det1=true
[4968]	75	82	-34	-11	-2	7	det1=true
[4969]	76	82	-31	-19	-2	7	det1=true
[4970]	81	82	-7	-2	-2	-8	det1=true
[4971]	81	82	-15	-2	-2	8	det1=true
[4972]	82	82	-10	-3	-2	-8	det1=true
[4973]	82	82	-18	-3	-2	8	det1=true
[4974]	43	83	-16	0	-5	-3	det1=true
[4975]	43	83	-19	0	-5	3	det1=true
[4976]	51	83	-15	2	-4	-5	det1=true
[4977]	51	83	-20	2	-4	5	det1=true
[4978]	52	83	-14	-13	-2	-6	det1=true
[4979]	52	83	-20	-13	-2	6	det1=true
[4980]	53	83	-18	-6	-5	-4	det1=true
[4981]	59	83	-24	-18	-6	-2	det1=true
[4982]	59	83	-26	-18	-6	2	det1=true
[4983]	59	83	-28	-20	-2	6	det1=true
[4984]	62	83	-28	-15	-4	-5	det1=true
[4985]	62	83	-33	-15	-4	5	det1=true
[4986]	68	83	-29	-25	-5	-4	det1=true
[4987]	68	83	-33	-25	-5	4	det1=true
[4988]	69	83	-24	-13	-1	-7	det1=true
[4989]	75	83	-29	-19	-1	-7	det1=true
[4990]	75	83	-36	-19	-1	7	det1=true
[4991]	75	83	-30	-19	-7	-1	det1=true
[4992]	75	83	-31	-19	-7	1	det1=true
[4993]	75	83	-27	-22	-1	-7	det1=true
[4994]	75	83	-34	-22	-1	7	det1=true
[4995]	75	83	-26	-17	-7	-2	det1=true
[4996]	75	83	-28	-17	-7	2	det1=true
[4997]	79	83	-32	-5	-7	3	det1=true
[4998]	79	83	-31	-8	-7	3	det1=true
[4999]	21	84	-10	-3	-4	-1	det1=true
[5000]	21	84	-11	-3	-4	1	det1=true
[5001]	34	84	-9	-5	-2	5	det1=true
[5002]	37	84	-17	0	-5	-2	det1=true
[5003]	37	84	-19	0	-5	2	det1=true
[5004]	51	84	-17	-9	-5	4	det1=true
[5005]	61	84	-31	-4	-3	6	det1=true
[5006]	61	84	-5	0	-7	-2	det1=true
[5007]	61	84	-7	0	-7	2	det1=true
[5008]	62	84	-25	-21	-5	-4	det1=true
[5009]	62	84	-29	-21	-5	4	det1=true
[5010]	63	84	-13	-1	-7	-2	det1=true
[5011]	70	84	-29	-29	-4	-5	det1=true
[5012]	70	84	-34	-29	-4	5	det1=true
[5013]	70	84	-9	1	-5	6	det1=true
[5014]	74	84	-33	-32	-2	-6	det1=true
[5015]	74	84	-39	-32	-2	6	det1=true
[5016]	74	84	-29	-12	-7	-2	det1=true
[5017]	74	84	-31	-12	-7	2	det1=true
[5018]	78	84	-33	-11	-2	-7	det1=true
[5019]	78	84	-40	-11	-2	7	det1=true
[5020]	83	84	-19	-14	-7	-4	det1=true
[5021]	84	84	-39	-16	-7	-2	det1=true
[5022]	84	84	-16	-11	-2	-8	det1=true
[5023]	84	84	-24	-11	-2	8	det1=true
[5024]	38	81	-10	-11	-2	-5	det1=true
[5025]	38	81	-15	-11	-2	5	det1=true
[5026]	46	81	-13	3	-6	-1	det1=true
[5027]	53	81	-14	-8	-5	-4	det1=true
[5028]	53	81	-18	-8	-5	4	det1=true
[5029]	67	81	-28	-22	-5	-4	det1=true
[5030]	71	81	-22	-4	-2	-7	det1=true
[5031]	79	81	-7	-6	-4	-7	det1=true
[5032]	36	82	-8	-7	-2	-5	det1=true
[5033]	36	82	-13	-7	-2	5	det1=true
[5034]	55	82	-19	-9	-4	-5	det1=true
[5035]	55	82	-24	-9	-4	5	det1=true
[5036]	74	82	-29	-6	-4	-6	det1=true
[5037]	74	82	-35	-6	-4	6	det1=true
[5038]	75	82	-24	-19	-4	-6	det1=true
[5039]	76	82	-24	-19	-2	-7	det1=true
[5040]	78	82	-6	-7	-4	-7	det1=true
[5041]	80	82	-19	-13	-6	-5	det1=true
[5042]	80	82	-24	-13	-6	5	det1=true
[5043]	36	83	-8	-9	-2	-5	det1=true
[5044]	36	83	-13	-9	-2	5	det1=true
[5045]	41	83	-7	-6	-3	-5	det1=true
[5046]	52	83	-16	-11	-6	-2	det1=true
[5047]	52	83	-18	-11	-6	2	det1=true
[5048]	59	83	-22	-20	-2	-6	det1=true
[5049]	63	83	-20	-1	-7	-1	det1=true
[5050]	63	83	-21	-1	-7	1	det1=true
[5051]	63	83	-17	-4	-1	-7	det1=true
[5052]	77	83	-35	-15	-7	-1	det1=true
[5053]	77	83	-36	-15	-7	1	det1=true
[5054]	79	83	-36	-26	-6	-3	det1=true
[5055]	79	83	-39	-26	-6	3	det1=true
[5056]	79	83	-29	-5	-7	-3	det1=true
[5057]	79	83	-22	-7	-5	-6	det1=true
[5058]	79	83	-28	-7	-5	6	det1=true
[5059]	20	84	-5	-1	-1	-4	det1=true
[5060]	23	84	-3	2	-4	-2	det1=true
[5061]	23	84	-5	2	-4	2	det1=true
[5062]	41	84	-16	-17	-2	-5	det1=true
[5063]	41	84	-21	-17	-2	5	det1=true
[5064]	47	84	-1	-1	-4	-5	det1=true
[5065]	47	84	-6	-1	-4	5	det1=true
[5066]	60	84	-27	-14	-5	-4	det1=true
[5067]	60	84	-31	-14	-5	4	det1=true
[5068]	70	84	-27	-1	-7	-2	det1=true
[5069]	70	84	-29	-1	-7	2	det1=true
[5070]	73	84	-22	-21	-6	-4	det1=true
[5071]	73	84	-26	-21	-6	4	det1=true
[5072]	22	81	-11	-8	-1	4	det1=true
[5073]	31	81	-4	2	-5	-1	det1=true
[5074]	31	81	-5	2	-5	1	det1=true
[5075]	50	81	-9	1	-5	-4	det1=true
[5076]	50	81	-13	1	-5	4	det1=true
[5077]	58	81	-25	-4	-5	-4	det1=true
[5078]	76	82	-24	-21	-6	-4	det1=true
[5079]	76	82	-28	-21	-6	4	det1=true
[5080]	76	82	-23	-22	-4	-6	det1=true
[5081]	76	82	-29	-22	-4	6	det1=true
[5082]	78	82	-13	-7	-4	7	det1=true
[5083]	77	83	-33	-16	-5	-5	det1=true
[5084]	83	83	-35	2	-7	-3	det1=true
[5085]	83	83	-38	2	-7	3	det1=true
[5086]	47	84	-2	1	-4	-5	det1=true
[5087]	47	84	-7	1	-4	5	det1=true
[5088]	48	84	-5	-5	-4	-5	det1=true
[5089]	48	84	-10	-5	-4	5	det1=true
[5090]	57	84	-20	-1	-6	-3	det1=true
[5091]	65	84	-31	-24	-6	2	det1=true
[5092]	66	84	-29	-23	-4	-5	det1=true
[5093]	66	84	-34	-23	-4	5	det1=true
[5094]	73	84	-25	-16	-7	-2	det1=true
[5095]	73	84	-27	-16	-7	2	det1=true
[5096]	61	81	-10	-3	-7	-1	det1=true
[5097]	61	81	-11	-3	-7	1	det1=true
[5098]	68	81	-31	-5	-3	-6	det1=true
[5099]	68	81	-37	-5	-3	6	det1=true
[5100]	74	81	-23	-15	-7	-2	det1=true
[5101]	74	81	-25	-15	-7	2	det1=true
[5102]	75	81	-32	-29	-5	-4	det1=true
[5103]	75	81	-36	-29	-5	4	det1=true
[5104]	59	82	-25	-11	-5	-4	det1=true
[5105]	59	82	-29	-11	-5	4	det1=true
[5106]	66	82	-25	-25	-4	-5	det1=true
[5107]	66	82	-30	-25	-4	5	det1=true
[5108]	75	82	-30	-19	-4	6	det1=true
[5109]	41	83	-12	-6	-3	5	det1=true
[5110]	54	83	-20	-5	-4	-5	det1=true
[5111]	54	83	-25	-5	-4	5	det1=true
[5112]	56	83	-21	-11	-4	-5	det1=true
[5113]	56	83	-26	-11	-4	5	det1=true
[5114]	61	83	-26	-16	-4	-5	det1=true
[5115]	61	83	-31	-16	-4	5	det1=true
[5116]	71	83	-23	-20	-7	-1	det1=true
[5117]	71	83	-24	-20	-7	1	det1=true
[5118]	73	83	-20	-3	-7	-3	det1=true
[5119]	73	83	-23	-3	-7	3	det1=true
[5120]	78	84	-28	-21	-2	-7	det1=true
[5121]	78	81	-29	-15	-7	-2	det1=true
[5122]	78	81	-31	-15	-7	2	det1=true
[5123]	49	82	-5	-4	-5	-4	det1=true
[5124]	56	82	-19	-16	-6	-2	det1=true
[5125]	56	82	-21	-16	-6	2	det1=true
[5126]	68	82	-17	-12	-4	-6	det1=true
[5127]	68	82	-23	-12	-4	6	det1=true
[5128]	78	82	-17	-1	-1	8	det1=true
[5129]	77	83	-17	-10	-6	-5	det1=true
[5130]	77	83	-22	-10	-6	5	det1=true
[5131]	78	84	-35	-21	-2	7	det1=true
[5132]	65	81	-12	-1	-7	-2	det1=true
[5133]	65	81	-14	-1	-7	2	det1=true
[5134]	81	81	-16	-4	-8	-1	det1=true
[5135]	81	81	-17	-4	-8	1	det1=true
[5136]	49	82	-9	-4	-5	4	det1=true
[5137]	78	82	-9	-1	-1	-8	det1=true
[5138]	79	82	-8	-9	-4	-7	det1=true
[5139]	79	82	-15	-9	-4	7	det1=true
[5140]	66	83	-21	2	-7	2	det1=true
[5141]	75	83	-37	-2	-7	-1	det1=true
[5142]	75	83	-38	-2	-7	1	det1=true
[5143]	77	83	-34	-6	-7	-2	det1=true
[5144]	77	83	-36	-6	-7	2	det1=true
[5145]	78	83	-12	-1	-4	-7	det1=true
[5146]	78	83	-19	-1	-4	7	det1=true
[5147]	68	84	-21	-5	-2	-7	det1=true
[5148]	68	84	-28	-5	-2	7	det1=true
[5149]	73	84	-28	-7	-2	-7	det1=true
[5150]	73	84	-35	-7	-2	7	det1=true
[5151]	76	84	-7	-5	-4	-7	det1=true
[5152]	76	84	-14	-5	-4	7	det1=true
[5153]	66	83	-19	2	-7	-2	det1=true
[5154]	77	81	-32	-5	-7	-2	det1=true
[5155]	77	81	-34	-5	-7	2	det1=true
[5156]	77	81	-28	-12	-2	-7	det1=true
[5157]	77	81	-35	-12	-2	7	det1=true
[5158]	81	81	-13	-6	-4	-7	det1=true
[5159]	81	81	-20	-6	-4	7	det1=true
[5160]	50	82	-12	-7	-6	-2	det1=true
[5161]	50	82	-14	-7	-6	2	det1=true
[5162]	71	83	-21	-21	-5	-5	det1=true
[5163]	65	83	-16	-2	-7	-2	det1=true
[5164]	65	83	-18	-2	-7	2	det1=true
[5165]	66	83	-31	-19	-5	-4	det1=true
[5166]	76	83	-33	-25	-3	-6	det1=true
[5167]	76	83	-39	-25	-3	6	det1=true
[5168]	76	83	-7	2	-7	-4	det1=true
[5169]	76	83	-11	2	-7	4	det1=true
[5170]	73	84	-29	1	-2	-7	det1=true
[5171]	73	84	-36	1	-2	7	det1=true
[5172]	45	81	-20	-18	-2	-5	det1=true
[5173]	45	81	-25	-18	-2	5	det1=true
[5174]	64	82	-9	-5	-7	-2	det1=true
[5175]	64	82	-11	-5	-7	2	det1=true
[5176]	82	83	-34	-17	-2	-7	det1=true
[5177]	82	83	-41	-17	-2	7	det1=true
[5178]	78	81	-37	-27	-5	-4	det1=true
[5179]	50	82	-10	-9	-2	-6	det1=true
[5180]	50	82	-16	-9	-2	6	det1=true
[5181]	64	82	-9	-3	-2	-7	det1=true
[5182]	62	83	-7	1	-7	-2	det1=true
[5183]	62	83	-9	1	-7	2	det1=true
[5184]	63	83	-8	-5	-7	-2	det1=true
[5185]	81	81	-36	-32	-5	-4	det1=true
[5186]	54	82	-18	-7	-4	-5	det1=true
[5187]	64	82	-16	-3	-2	7	det1=true
[5188]	74	83	-33	-13	-2	7	det1=true
[5189]	81	83	-38	-32	-4	-5	det1=true
[5190]	81	83	-43	-32	-4	5	det1=true
[5191]	65	84	-16	-1	-2	-7	det1=true
[5192]	83	84	-37	-21	-7	2	det1=true
[5193]	65	84	-23	-1	-2	7	det1=true
[5194]	83	84	-35	-21	-7	-2	det1=true
[5195]	82	82	-15	-11	-7	-4	det1=true
[5196]	82	82	-19	-11	-7	4	det1=true
[5197]	74	83	-26	-13	-2	-7	det1=true
[5198]	82	82	-13	0	-8	-2	det1=true
[5199]	82	82	-15	0	-8	2	det1=true
[5200]	65	87	-31	-14	-6	-3	det1=true
[5201]	65	87	-34	-14	-6	3	det1=true
[5202]	49	88	-15	-12	-6	-2	det1=true
[5203]	49	88	-17	-12	-6	2	det1=true
[5204]	60	85	-1	-1	-2	-7	det1=true
[5205]	60	85	-8	-1	-2	7	det1=true
[5206]	81	85	-37	-12	-2	-7	det1=true
[5207]	81	85	-44	-12	-2	7	det1=true
[5208]	85	85	-21	-18	-4	-7	det1=true
[5209]	85	85	-28	-18	-4	7	det1=true
[5210]	65	86	-21	-6	-6	-4	det1=true
[5211]	65	86	-25	-6	-6	4	det1=true
[5212]	86	86	-30	-5	-4	-7	det1=true
[5213]	86	86	-37	-5	-4	7	det1=true
[5214]	59	87	-9	-1	-4	-6	det1=true
[5215]	59	87	-15	-1	-4	6	det1=true
[5216]	61	87	-10	-6	-2	-7	det1=true
[5217]	61	87	-17	-6	-2	7	det1=true
[5218]	87	87	-13	-12	-5	-7	det1=true
[5219]	87	87	-20	-12	-5	7	det1=true
[5220]	19	88	-6	1	-4	-1	det1=true
[5221]	19	88	-7	1	-4	1	det1=true
[5222]	57	88	-3	2	-4	-6	det1=true
[5223]	57	88	-9	2	-4	6	det1=true
[5224]	85	88	-37	-28	-4	-6	det1=true
[5225]	85	88	-43	-28	-4	6	det1=true
[5226]	53	85	-24	-16	-6	-1	det1=true
[5227]	53	85	-25	-16	-6	1	det1=true
[5228]	61	85	-11	-3	-6	-4	det1=true
[5229]	61	85	-15	-3	-6	4	det1=true
[5230]	62	85	-14	1	-4	-6	det1=true
[5231]	62	85	-20	1	-4	6	det1=true
[5232]	67	85	-9	-2	-7	-3	det1=true
[5233]	67	85	-12	-2	-7	3	det1=true
[5234]	69	85	-29	-22	-6	-3	det1=true
[5235]	85	85	-8	0	-5	-7	det1=true
[5236]	85	85	-15	0	-5	7	det1=true
[5237]	28	86	-5	1	-4	3	det1=true
[5238]	45	86	-13	-9	-6	-1	det1=true
[5239]	45	86	-14	-9	-6	1	det1=true
[5240]	51	86	-5	-2	-3	-6	det1=true
[5241]	51	86	-11	-2	-3	6	det1=true
[5242]	63	86	-14	-5	-2	-7	det1=true
[5243]	63	86	-21	-5	-2	7	det1=true
[5244]	77	86	-35	-7	-2	-7	det1=true
[5245]	77	86	-42	-7	-2	7	det1=true
[5246]	78	86	-17	-6	-1	-8	det1=true
[5247]	81	86	-37	-31	-3	-6	det1=true
[5248]	81	86	-43	-31	-3	6	det1=true
[5249]	83	86	-25	-8	-1	-8	det1=true
[5250]	83	86	-33	-8	-1	8	det1=true
[5251]	86	86	-33	-3	-8	-1	det1=true
[5252]	86	86	-27	-14	-1	-8	det1=true
[5253]	86	86	-35	-14	-1	8	det1=true
[5254]	29	87	-5	1	-5	-1	det1=true
[5255]	29	87	-6	1	-5	1	det1=true
[5256]	72	87	-5	1	-8	-1	det1=true
[5257]	72	87	-6	1	-8	1	det1=true
[5258]	75	87	-16	-10	-4	7	det1=true
[5259]	76	87	-6	1	-2	-8	det1=true
[5260]	76	87	-14	1	-2	8	det1=true
[5261]	76	87	-4	-5	-2	-8	det1=true
[5262]	76	87	-12	-5	-2	8	det1=true
[5263]	80	87	-25	1	-7	-4	det1=true
[5264]	22	88	-3	0	-4	-2	det1=true
[5265]	22	88	-5	0	-4	2	det1=true
[5266]	47	88	-13	-6	-2	-6	det1=true
[5267]	47	88	-19	-6	-2	6	det1=true
[5268]	50	88	-24	-13	-6	-1	det1=true
[5269]	50	88	-25	-13	-6	1	det1=true
[5270]	61	88	-15	-6	-4	-6	det1=true
[5271]	61	88	-21	-6	-4	6	det1=true
[5272]	75	88	-21	-11	-5	-6	det1=true
[5273]	75	88	-27	-11	-5	6	det1=true
[5274]	76	88	-18	1	-4	-7	det1=true
[5275]	76	88	-25	1	-4	7	det1=true
[5276]	77	88	-19	-7	-7	-4	det1=true
[5277]	77	88	-23	-7	-7	4	det1=true
[5278]	79	88	-23	-3	-4	-7	det1=true
[5279]	79	88	-30	-3	-4	7	det1=true
[5280]	33	85	-14	-6	-1	-5	det1=true
[5281]	33	85	-19	-6	-1	5	det1=true
[5282]	33	85	-14	-9	-5	1	det1=true
[5283]	39	85	-6	1	-5	-3	det1=true
[5284]	39	85	-9	1	-5	3	det1=true
[5285]	52	85	-23	-15	-6	-1	det1=true
[5286]	52	85	-24	-15	-6	1	det1=true
[5287]	56	85	-16	-9	-6	-3	det1=true
[5288]	56	85	-19	-9	-6	3	det1=true
[5289]	61	85	-14	-9	-1	-7	det1=true
[5290]	61	85	-21	-9	-1	7	det1=true
[5291]	62	85	-15	2	-6	-4	det1=true
[5292]	62	85	-19	2	-6	4	det1=true
[5293]	67	85	-24	-14	-7	-1	det1=true
[5294]	67	85	-25	-14	-7	1	det1=true
[5295]	69	85	-29	-4	-1	-7	det1=true
[5296]	69	85	-36	-4	-1	7	det1=true
[5297]	71	85	-34	-4	-7	-1	det1=true
[5298]	71	85	-35	-4	-7	1	det1=true
[5299]	71	85	-14	-12	-7	-3	det1=true
[5300]	73	85	-33	3	-6	-4	det1=true
[5301]	73	85	-37	3	-6	4	det1=true
[5302]	76	85	-35	-4	-4	-6	det1=true
[5303]	76	85	-11	-3	-4	-7	det1=true
[5304]	76	85	-18	-3	-4	7	det1=true
[5305]	80	85	-37	-36	-2	-6	det1=true
[5306]	83	85	-22	-14	-8	-1	det1=true
[5307]	84	85	-33	1	-5	-6	det1=true
[5308]	84	85	-39	1	-5	6	det1=true
[5309]	85	85	-39	-2	-7	-3	det1=true
[5310]	85	85	-42	-2	-7	3	det1=true
[5311]	20	86	-5	-6	-1	-4	det1=true
[5312]	20	86	-9	-6	-1	4	det1=true
[5313]	28	86	-2	1	-4	-3	det1=true
[5314]	47	86	-21	-3	-6	-1	det1=true
[5315]	47	86	-22	-3	-6	1	det1=true
[5316]	55	86	-26	-19	-6	-1	det1=true
[5317]	55	86	-27	-19	-6	1	det1=true
[5318]	56	86	-22	-15	-4	-5	det1=true
[5319]	56	86	-27	-15	-4	5	det1=true
[5320]	62	86	-17	3	-7	2	det1=true
[5321]	63	86	-15	1	-2	-7	det1=true
[5322]	63	86	-22	1	-2	7	det1=true
[5323]	67	86	-23	-7	-7	-2	det1=true
[5324]	69	86	-25	-12	-6	-4	det1=true
[5325]	83	86	-27	-5	-7	-4	det1=true
[5326]	19	87	-4	0	-4	-1	det1=true
[5327]	19	87	-5	0	-4	1	det1=true
[5328]	29	87	-2	-3	-1	-5	det1=true
[5329]	29	87	-7	-3	-1	5	det1=true
[5330]	32	87	-1	1	-5	-2	det1=true
[5331]	32	87	-3	1	-5	2	det1=true
[5332]	36	87	-17	-3	-5	-2	det1=true
[5333]	36	87	-19	-3	-5	2	det1=true
[5334]	49	87	-16	-1	-5	-4	det1=true
[5335]	49	87	-20	-1	-5	4	det1=true
[5336]	59	87	-18	2	-7	-1	det1=true
[5337]	59	87	-19	2	-7	1	det1=true
[5338]	61	87	-29	-21	-6	-2	det1=true
[5339]	61	87	-31	-21	-6	2	det1=true
[5340]	61	87	-10	-7	-7	-2	det1=true
[5341]	61	87	-12	-7	-7	2	det1=true
[5342]	68	87	-27	-4	-4	-6	det1=true
[5343]	71	87	-25	-16	-2	-7	det1=true
[5344]	71	87	-32	-16	-2	7	det1=true
[5345]	74	87	-8	-7	-4	-7	det1=true
[5346]	75	87	-9	-10	-4	-7	det1=true
[5347]	78	87	-23	1	-8	-1	det1=true
[5348]	78	87	-24	1	-8	1	det1=true
[5349]	80	87	-23	-7	-7	-4	det1=true
[5350]	86	87	-30	1	-8	-2	det1=true
[5351]	86	87	-32	1	-8	2	det1=true
[5352]	33	88	-7	-5	-2	-5	det1=true
[5353]	48	88	-13	-6	-5	-4	det1=true
[5354]	48	88	-17	-6	-5	4	det1=true
[5355]	49	88	-13	-14	-2	-6	det1=true
[5356]	49	88	-19	-14	-2	6	det1=true
[5357]	52	88	-23	-10	-6	-2	det1=true
[5358]	52	88	-25	-10	-6	2	det1=true
[5359]	59	88	-11	-2	-4	-6	det1=true
[5360]	59	88	-17	-2	-4	6	det1=true
[5361]	64	88	-19	-9	-7	-2	det1=true
[5362]	64	88	-21	-9	-7	2	det1=true
[5363]	68	88	-7	-4	-5	-6	det1=true
[5364]	68	88	-13	-4	-5	6	det1=true
[5365]	71	88	-26	-19	-6	-4	det1=true
[5366]	71	88	-30	-19	-6	4	det1=true
[5367]	73	88	-33	-3	-2	-7	det1=true
[5368]	73	88	-40	-3	-2	7	det1=true
[5369]	73	88	-21	0	-5	-6	det1=true
[5370]	73	88	-27	0	-5	6	det1=true
[5371]	82	88	-27	-5	-1	-8	det1=true
[5372]	82	88	-35	-5	-1	8	det1=true
[5373]	84	88	-43	-37	-3	6	det1=true
[5374]	87	88	-29	-18	-1	-8	det1=true
[5375]	87	88	-37	-18	-1	8	det1=true
[5376]	88	88	-54	-23	-4	-5	det1=true
[5377]	88	88	-59	-23	-4	5	det1=true
[5378]	39	85	-5	0	-3	-5	det1=true
[5379]	39	85	-10	0	-3	5	det1=true
[5380]	41	85	-10	-7	-3	-5	det1=true
[5381]	41	85	-15	-7	-3	5	det1=true
[5382]	46	85	-15	-6	-1	-6	det1=true
[5383]	46	85	-21	-6	-1	6	det1=true
[5384]	46	85	-13	-10	-1	-6	det1=true
[5385]	46	85	-19	-10	-1	6	det1=true
[5386]	47	85	-9	-5	-6	-2	det1=true
[5387]	47	85	-11	-5	-6	2	det1=true
[5388]	47	85	-13	-7	-2	6	det1=true
[5389]	48	85	-7	-6	-5	-4	det1=true
[5390]	48	85	-11	-6	-5	4	det1=true
[5391]	52	85	-21	-9	-5	4	det1=true
[5392]	61	85	-17	-6	-7	-1	det1=true
[5393]	61	85	-18	-6	-7	1	det1=true
[5394]	61	85	-12	-12	-1	-7	det1=true
[5395]	61	85	-19	-12	-1	7	det1=true
[5396]	62	85	-11	-8	-6	-4	det1=true
[5397]	63	85	-12	-7	-7	-2	det1=true
[5398]	63	85	-14	-7	-7	2	det1=true
[5399]	65	85	-15	-13	-6	-4	det1=true
[5400]	65	85	-19	-13	-6	4	det1=true
[5401]	72	85	-31	-1	-7	-2	det1=true
[5402]	72	85	-33	-1	-7	2	det1=true
[5403]	77	85	-36	-8	-6	-4	det1=true
[5404]	77	85	-40	-8	-6	4	det1=true
[5405]	77	85	-16	-16	-5	-6	det1=true
[5406]	77	85	-22	-16	-5	6	det1=true
[5407]	78	85	-37	-7	-7	-2	det1=true
[5408]	78	85	-39	-7	-7	2	det1=true
[5409]	46	86	-2	-1	-4	-5	det1=true
[5410]	46	86	-7	-1	-4	5	det1=true
[5411]	47	86	-7	-3	-4	-5	det1=true
[5412]	47	86	-12	-3	-4	5	det1=true
[5413]	55	86	-17	-3	-3	-6	det1=true
[5414]	62	86	-19	-3	-2	7	det1=true
[5415]	62	86	-9	-9	-2	-7	det1=true
[5416]	62	86	-16	-9	-2	7	det1=true
[5417]	65	86	-21	-2	-7	-2	det1=true
[5418]	65	86	-23	-2	-7	2	det1=true
[5419]	65	86	-19	-10	-6	-4	det1=true
[5420]	65	86	-23	-10	-6	4	det1=true
[5421]	67	86	-25	-7	-7	2	det1=true
[5422]	69	86	-25	-10	-7	-2	det1=true
[5423]	71	86	-27	-9	-2	-7	det1=true
[5424]	71	86	-34	-9	-2	7	det1=true
[5425]	81	86	-41	-21	-2	7	det1=true
[5426]	82	86	-11	-2	-3	8	det1=true
[5427]	83	86	-24	3	-8	-2	det1=true
[5428]	86	86	-27	-6	-8	-2	det1=true
[5429]	86	86	-29	-6	-8	2	det1=true
[5430]	29	87	-4	-1	-5	-1	det1=true
[5431]	29	87	-5	-1	-5	1	det1=true
[5432]	33	87	-8	-1	-5	-2	det1=true
[5433]	33	87	-10	-1	-5	2	det1=true
[5434]	51	87	-25	0	-4	5	det1=true
[5435]	51	87	-18	-8	-5	-4	det1=true
[5436]	51	87	-22	-8	-5	4	det1=true
[5437]	55	87	-19	-10	-6	3	det1=true
[5438]	59	87	-20	-16	-6	-3	det1=true
[5439]	59	87	-23	-16	-6	3	det1=true
[5440]	59	87	-10	0	-6	-4	det1=true
[5441]	59	87	-14	0	-6	4	det1=true
[5442]	59	87	-4	0	-2	-7	det1=true
[5443]	59	87	-11	0	-2	7	det1=true
[5444]	65	87	-27	-7	-7	-1	det1=true
[5445]	65	87	-28	-7	-7	1	det1=true
[5446]	66	87	-22	-3	-2	-7	det1=true
[5447]	66	87	-29	-3	-2	7	det1=true
[5448]	66	87	-15	-17	-2	-7	det1=true
[5449]	66	87	-22	-17	-2	7	det1=true
[5450]	69	87	-23	-14	-2	-7	det1=true
[5451]	71	87	-32	0	-7	-2	det1=true
[5452]	71	87	-34	0	-7	2	det1=true
[5453]	72	87	-28	-13	-2	-7	det1=true
[5454]	72	87	-35	-13	-2	7	det1=true
[5455]	74	87	-15	-7	-4	7	det1=true
[5456]	76	87	-17	-5	-8	-1	det1=true
[5457]	76	87	-18	-5	-8	1	det1=true
[5458]	77	87	-32	-25	-1	-7	det1=true
[5459]	77	87	-39	-25	-1	7	det1=true
[5460]	78	87	-14	-3	-8	-2	det1=true
[5461]	78	87	-16	-3	-8	2	det1=true
[5462]	79	87	-25	-21	-3	-7	det1=true
[5463]	79	87	-32	-21	-3	7	det1=true
[5464]	79	87	-22	-5	-7	-4	det1=true
[5465]	79	87	-26	-5	-7	4	det1=true
[5466]	80	87	-29	1	-7	4	det1=true
[5467]	85	87	-15	2	-7	-5	det1=true
[5468]	85	87	-20	2	-7	5	det1=true
[5469]	86	87	-77	1	-4	1	det1=true
[5470]	29	88	-11	1	-4	-3	det1=true
[5471]	29	88	-10	-3	-4	-3	det1=true
[5472]	45	88	-16	-9	-6	-1	det1=true
[5473]	45	88	-17	-9	-6	1	det1=true
[5474]	48	88	-19	-3	-4	5	det1=true
[5475]	51	88	-15	-14	-5	-4	det1=true
[5476]	51	88	-19	-14	-5	4	det1=true
[5477]	52	88	-22	-5	-4	-5	det1=true
[5478]	52	88	-27	-5	-4	5	det1=true
[5479]	61	88	-16	-5	-6	-4	det1=true
[5480]	61	88	-20	-5	-6	4	det1=true
[5481]	62	88	-26	-27	-2	-6	det1=true
[5482]	62	88	-32	-27	-2	6	det1=true
[5483]	64	88	-20	-1	-2	-7	det1=true
[5484]	64	88	-27	-1	-2	7	det1=true
[5485]	70	88	-21	-21	-2	-7	det1=true
[5486]	70	88	-28	-21	-2	7	det1=true
[5487]	71	88	-12	-11	-6	-5	det1=true
[5488]	71	88	-17	-11	-6	5	det1=true
[5489]	74	88	1	4	-8	-2	det1=true
[5490]	74	88	-1	4	-8	2	det1=true
[5491]	76	88	-15	-9	-4	-7	det1=true
[5492]	76	88	-22	-9	-4	7	det1=true
[5493]	77	88	-27	-5	-6	-5	det1=true
[5494]	77	88	-32	-5	-6	5	det1=true
[5495]	78	88	-19	-10	-1	-8	det1=true
[5496]	78	88	-27	-10	-1	8	det1=true
[5497]	79	88	-26	-1	-8	-1	det1=true
[5498]	79	88	-27	-1	-8	1	det1=true
[5499]	86	88	-22	-1	-8	-3	det1=true
[5500]	86	88	-25	-1	-8	3	det1=true
[5501]	21	85	-4	-4	-3	-3	det1=true
[5502]	31	85	-11	-1	-5	-1	det1=true
[5503]	31	85	-12	-1	-5	1	det1=true
[5504]	41	85	-11	-6	-5	-3	det1=true
[5505]	41	85	-14	-6	-5	3	det1=true
[5506]	44	85	-11	-5	-6	-1	det1=true
[5507]	44	85	-12	-5	-6	1	det1=true
[5508]	47	85	-7	-7	-2	-6	det1=true
[5509]	52	85	-17	-9	-5	-4	det1=true
[5510]	56	85	-22	-17	-6	-2	det1=true
[5511]	56	85	-24	-17	-6	2	det1=true
[5512]	56	85	-20	-19	-2	-6	det1=true
[5513]	56	85	-26	-19	-2	6	det1=true
[5514]	57	85	-22	-16	-5	-4	det1=true
[5515]	57	85	-26	-16	-5	4	det1=true
[5516]	65	85	-14	-14	-4	-6	det1=true
[5517]	65	85	-20	-14	-4	6	det1=true
[5518]	67	85	-7	-4	-3	-7	det1=true
[5519]	67	85	-14	-4	-3	7	det1=true
[5520]	69	85	-32	-22	-6	3	det1=true
[5521]	70	85	-26	-1	-2	-7	det1=true
[5522]	70	85	-33	-1	-2	7	det1=true
[5523]	70	85	-25	-18	-6	4	det1=true
[5524]	73	85	-32	-12	-1	-7	det1=true
[5525]	73	85	-39	-12	-1	7	det1=true
[5526]	73	85	-16	1	-5	-6	det1=true
[5527]	73	85	-22	1	-5	6	det1=true
[5528]	75	85	-10	1	-7	-4	det1=true
[5529]	75	85	-14	1	-7	4	det1=true
[5530]	77	85	-35	-9	-4	-6	det1=true
[5531]	77	85	-41	-9	-4	6	det1=true
[5532]	79	85	-32	-26	-7	-1	det1=true
[5533]	79	85	-33	-26	-7	1	det1=true
[5534]	79	85	-20	1	-7	-4	det1=true
[5535]	79	85	-24	1	-7	4	det1=true
[5536]	82	85	-27	-21	-5	6	det1=true
[5537]	84	85	-21	-8	-8	-2	det1=true
[5538]	84	85	-23	-8	-8	2	det1=true
[5539]	32	86	-13	-10	-3	-4	det1=true
[5540]	32	86	-17	-10	-3	4	det1=true
[5541]	46	86	-7	-4	-2	-6	det1=true
[5542]	46	86	-13	-4	-2	6	det1=true
[5543]	50	86	-19	-16	-1	-6	det1=true
[5544]	50	86	-25	-16	-1	6	det1=true
[5545]	53	86	-16	-15	-4	-5	det1=true
[5546]	53	86	-21	-15	-4	5	det1=true
[5547]	55	86	-23	-3	-3	6	det1=true
[5548]	62	86	-15	3	-7	-2	det1=true
[5549]	62	86	-12	-3	-2	-7	det1=true
[5550]	65	86	-27	-18	-3	-6	det1=true
[5551]	65	86	-33	-18	-3	6	det1=true
[5552]	66	86	-21	1	-2	-7	det1=true
[5553]	66	86	-28	1	-2	7	det1=true
[5554]	69	86	-30	-13	-4	6	det1=true
[5555]	69	86	-27	-10	-7	2	det1=true
[5556]	73	86	-18	-1	-6	-5	det1=true
[5557]	73	86	-23	-1	-6	5	det1=true
[5558]	75	86	-11	0	-1	-8	det1=true
[5559]	75	86	-19	0	-1	8	det1=true
[5560]	78	86	-25	-6	-1	8	det1=true
[5561]	79	86	-21	-17	-6	-5	det1=true
[5562]	79	86	-26	-17	-6	5	det1=true
[5563]	81	86	-25	0	-7	-4	det1=true
[5564]	81	86	-29	0	-7	4	det1=true
[5565]	83	86	-31	-5	-7	4	det1=true
[5566]	86	86	-18	-1	-8	-3	det1=true
[5567]	86	86	-21	-1	-8	3	det1=true
[5568]	20	87	-10	1	-4	-1	det1=true
[5569]	20	87	-7	-5	-1	-4	det1=true
[5570]	20	87	-11	-5	-1	4	det1=true
[5571]	51	87	-20	0	-4	-5	det1=true
[5572]	51	87	-8	-1	-3	-6	det1=true
[5573]	51	87	-14	-1	-3	6	det1=true
[5574]	61	87	-21	-4	-7	-1	det1=true
[5575]	61	87	-22	-4	-7	1	det1=true
[5576]	63	87	-20	-13	-7	-1	det1=true
[5577]	63	87	-21	-13	-7	1	det1=true
[5578]	66	87	-21	-10	-7	-2	det1=true
[5579]	66	87	-23	-10	-7	2	det1=true
[5580]	68	87	-29	-23	-6	-3	det1=true
[5581]	72	87	-2	-1	-4	-7	det1=true
[5582]	72	87	-9	-1	-4	7	det1=true
[5583]	73	87	-22	-24	-2	-7	det1=true
[5584]	73	87	-29	-24	-2	7	det1=true
[5585]	74	87	-25	-24	-6	-4	det1=true
[5586]	74	87	-29	-24	-6	4	det1=true
[5587]	76	87	-14	-7	-4	-7	det1=true
[5588]	76	87	-21	-7	-4	7	det1=true
[5589]	81	87	-2	-3	-3	-8	det1=true
[5590]	81	87	-10	-3	-3	8	det1=true
[5591]	83	87	-24	-23	-5	-6	det1=true
[5592]	83	87	-30	-23	-5	6	det1=true
[5593]	85	87	-33	-22	-7	-3	det1=true
[5594]	85	87	-36	-22	-7	3	det1=true
[5595]	85	87	-14	1	-5	-7	det1=true
[5596]	85	87	-21	1	-5	7	det1=true
[5597]	33	88	-8	-3	-2	-5	det1=true
[5598]	33	88	-12	-5	-2	5	det1=true
[5599]	44	88	-11	-11	-1	-6	det1=true
[5600]	44	88	-17	-11	-1	6	det1=true
[5601]	44	88	-4	-1	-6	-2	det1=true
[5602]	44	88	-6	-1	-6	2	det1=true
[5603]	45	88	-19	-3	-6	-1	det1=true
[5604]	45	88	-20	-3	-6	1	det1=true
[5605]	48	88	-14	-3	-4	-5	det1=true
[5606]	55	88	-21	-17	-4	-5	det1=true
[5607]	56	88	-21	-5	-3	-6	det1=true
[5608]	56	88	-27	-5	-3	6	det1=true
[5609]	59	88	-12	-1	-6	-4	det1=true
[5610]	59	88	-16	-1	-6	4	det1=true
[5611]	67	88	-27	-2	-4	-6	det1=true
[5612]	67	88	-17	-19	-2	-7	det1=true
[5613]	69	88	-23	-17	-7	-2	det1=true
[5614]	69	88	-25	-17	-7	2	det1=true
[5615]	72	88	-7	1	-4	-7	det1=true
[5616]	72	88	-14	1	-4	7	det1=true
[5617]	78	88	-21	-7	-7	-4	det1=true
[5618]	78	88	-25	-7	-7	4	det1=true
[5619]	79	88	-27	-12	-5	-6	det1=true
[5620]	79	88	-33	-12	-5	6	det1=true
[5621]	84	88	-37	-25	-2	-7	det1=true
[5622]	84	88	-44	-25	-2	7	det1=true
[5623]	85	88	-38	-27	-6	-4	det1=true
[5624]	85	88	-42	-27	-6	4	det1=true
[5625]	85	88	-33	-16	-5	-6	det1=true
[5626]	85	88	-39	-16	-5	6	det1=true
[5627]	85	88	-21	-18	-8	-2	det1=true
[5628]	85	88	-23	-18	-8	2	det1=true
[5629]	86	88	-29	-24	-5	-6	det1=true
[5630]	86	88	-35	-24	-5	6	det1=true
[5631]	87	88	-41	-3	-4	7	det1=true
[5632]	33	85	-16	-11	-1	5	det1=true
[5633]	33	85	-4	1	-5	-2	det1=true
[5634]	53	85	-24	-4	-6	-2	det1=true
[5635]	53	85	-26	-4	-6	2	det1=true
[5636]	55	85	-21	-12	-4	-5	det1=true
[5637]	59	85	-25	-19	-2	-6	det1=true
[5638]	60	85	-26	-17	-4	-5	det1=true
[5639]	60	85	-31	-17	-4	5	det1=true
[5640]	61	85	-26	-22	-6	-2	det1=true
[5641]	61	85	-28	-22	-6	2	det1=true
[5642]	61	85	-24	-24	-2	-6	det1=true
[5643]	61	85	-30	-24	-2	6	det1=true
[5644]	62	85	-15	-8	-6	4	det1=true
[5645]	70	85	-29	0	-6	-4	det1=true
[5646]	70	85	-33	0	-6	4	det1=true
[5647]	70	85	-28	-1	-4	-6	det1=true
[5648]	73	85	-26	-18	-6	-4	det1=true
[5649]	73	85	-30	-18	-6	4	det1=true
[5650]	73	85	-25	-19	-4	-6	det1=true
[5651]	73	85	-31	-19	-4	6	det1=true
[5652]	76	85	-36	-3	-6	-4	det1=true
[5653]	76	85	-40	-3	-6	4	det1=true
[5654]	76	85	-31	-16	-4	-6	det1=true
[5655]	76	85	-37	-16	-4	6	det1=true
[5656]	76	85	-29	-21	-7	2	det1=true
[5657]	77	85	-32	-16	-7	-2	det1=true
[5658]	77	85	-34	-16	-7	2	det1=true
[5659]	77	85	-29	2	-6	5	det1=true
[5660]	82	85	-21	-21	-5	-6	det1=true
[5661]	82	85	-13	-12	-2	-8	det1=true
[5662]	82	85	-21	-12	-2	8	det1=true
[5663]	83	85	-34	-12	-7	-3	det1=true
[5664]	83	85	-37	-12	-7	3	det1=true
[5665]	34	86	-8	-5	-2	-5	det1=true
[5666]	34	86	-13	-5	-2	5	det1=true
[5667]	43	86	-9	-5	-6	-1	det1=true
[5668]	43	86	-10	-5	-6	1	det1=true
[5669]	46	86	-11	-2	-6	2	det1=true
[5670]	53	86	-19	-11	-4	-5	det1=true
[5671]	53	86	-24	-11	-4	5	det1=true
[5672]	67	86	-22	-5	-2	-7	det1=true
[5673]	67	86	-29	-5	-2	7	det1=true
[5674]	69	86	-29	-12	-6	4	det1=true
[5675]	69	86	-24	-13	-4	-6	det1=true
[5676]	74	86	-27	-20	-4	-6	det1=true
[5677]	74	86	-33	-20	-4	6	det1=true
[5678]	75	86	-9	-7	-1	-8	det1=true
[5679]	75	86	-17	-7	-1	8	det1=true
[5680]	78	86	-29	-23	-2	-7	det1=true
[5681]	78	86	-36	-23	-2	7	det1=true
[5682]	83	86	-33	-3	-6	-5	det1=true
[5683]	83	86	-38	-3	-6	5	det1=true
[5684]	86	86	-29	-11	-7	-4	det1=true
[5685]	86	86	-33	-11	-7	4	det1=true
[5686]	38	87	-14	-15	-2	-5	det1=true
[5687]	38	87	-19	-15	-2	5	det1=true
[5688]	59	87	-13	-8	-1	-7	det1=true
[5689]	63	87	-23	-4	-2	7	det1=true
[5690]	67	87	-30	-7	-7	-1	det1=true
[5691]	67	87	-31	-7	-7	1	det1=true
[5692]	67	87	-15	2	-7	-3	det1=true
[5693]	67	87	-18	2	-7	3	det1=true
[5694]	68	87	-32	-23	-6	3	det1=true
[5695]	68	87	-33	-4	-4	6	det1=true
[5696]	70	87	-26	-11	-2	-7	det1=true
[5697]	70	87	-33	-11	-2	7	det1=true
[5698]	71	87	-12	-8	-5	-6	det1=true
[5699]	71	87	-18	-8	-5	6	det1=true
[5700]	73	87	-32	-19	-7	-1	det1=true
[5701]	73	87	-33	-19	-7	1	det1=true
[5702]	73	87	-6	-4	-4	-7	det1=true
[5703]	73	87	-13	-4	-4	7	det1=true
[5704]	74	87	-15	-14	-5	-6	det1=true
[5705]	74	87	-21	-14	-5	6	det1=true
[5706]	76	87	-33	-16	-7	-2	det1=true
[5707]	76	87	-35	-16	-7	2	det1=true
[5708]	79	87	-38	-36	-6	-2	det1=true
[5709]	80	87	-23	-2	-1	-8	det1=true
[5710]	80	87	-31	-2	-1	8	det1=true
[5711]	83	87	-9	2	-7	-5	det1=true
[5712]	83	87	-14	2	-7	5	det1=true
[5713]	84	87	-33	-29	-2	-7	det1=true
[5714]	84	87	-40	-29	-2	7	det1=true
[5715]	87	87	-19	-1	-7	-5	det1=true
[5716]	87	87	-24	-1	-7	5	det1=true
[5717]	29	88	-13	-3	-4	3	det1=true
[5718]	46	88	-9	2	-5	-4	det1=true
[5719]	46	88	-13	2	-5	4	det1=true
[5720]	46	88	-6	-5	-4	-5	det1=true
[5721]	46	88	-11	-5	-4	5	det1=true
[5722]	49	88	-17	-8	-2	-6	det1=true
[5723]	49	88	-23	-8	-2	6	det1=true
[5724]	55	88	-26	-17	-4	5	det1=true
[5725]	59	88	-34	-19	-2	6	det1=true
[5726]	60	88	-28	-7	-6	-3	det1=true
[5727]	60	88	-31	-7	-6	3	det1=true
[5728]	67	88	-32	-1	-6	4	det1=true
[5729]	67	88	-33	-2	-4	6	det1=true
[5730]	67	88	-24	-7	-2	-7	det1=true
[5731]	67	88	-31	-7	-2	7	det1=true
[5732]	71	88	-17	0	-5	-6	det1=true
[5733]	71	88	-23	0	-5	6	det1=true
[5734]	75	88	-33	-16	-4	-6	det1=true
[5735]	75	88	-39	-16	-4	6	det1=true
[5736]	79	88	-33	-24	-4	-6	det1=true
[5737]	79	88	-39	-24	-4	6	det1=true
[5738]	84	88	-41	-20	-7	-2	det1=true
[5739]	84	88	-43	-20	-7	2	det1=true
[5740]	84	88	-27	-23	-5	-6	det1=true
[5741]	84	88	-33	-23	-5	6	det1=true
[5742]	86	88	-39	1	-6	-5	det1=true
[5743]	86	88	-44	1	-6	5	det1=true
[5744]	87	88	-37	-1	-8	-1	det1=true
[5745]	87	88	-23	-26	-1	-8	det1=true
[5746]	87	88	-31	-26	-1	8	det1=true
[5747]	15	85	-3	-2	-2	-3	det1=true
[5748]	15	85	-6	-2	-2	3	det1=true
[5749]	33	85	-13	-9	-5	-1	det1=true
[5750]	33	85	-11	-11	-1	-5	det1=true
[5751]	45	85	-12	-7	-1	-6	det1=true
[5752]	45	85	-18	-7	-1	6	det1=true
[5753]	55	85	-24	-6	-5	-4	det1=true
[5754]	55	85	-28	-6	-5	4	det1=true
[5755]	55	85	-26	-12	-4	5	det1=true
[5756]	57	85	-7	3	-7	-1	det1=true
[5757]	65	85	-21	-1	-6	-4	det1=true
[5758]	70	85	-34	-1	-4	6	det1=true
[5759]	70	85	-27	-6	-7	-2	det1=true
[5760]	70	85	-29	-6	-7	2	det1=true
[5761]	70	85	-21	-18	-6	-4	det1=true
[5762]	73	85	-21	-22	-2	-7	det1=true
[5763]	73	85	-28	-22	-2	7	det1=true
[5764]	75	85	-8	-2	-1	-8	det1=true
[5765]	76	85	-27	-21	-7	-2	det1=true
[5766]	77	85	-35	-11	-6	-4	det1=true
[5767]	77	85	-39	-11	-6	4	det1=true
[5768]	33	86	-5	-1	-2	-5	det1=true
[5769]	33	86	-10	-1	-2	5	det1=true
[5770]	60	86	-10	-3	-6	-4	det1=true
[5771]	60	86	-14	-3	-6	4	det1=true
[5772]	65	86	-18	-11	-4	-6	det1=true
[5773]	65	86	-24	-11	-4	6	det1=true
[5774]	70	86	-30	-1	-6	-4	det1=true
[5775]	70	86	-34	-1	-6	4	det1=true
[5776]	70	86	-29	-2	-4	-6	det1=true
[5777]	70	86	-35	-2	-4	6	det1=true
[5778]	70	86	-26	-13	-6	-4	det1=true
[5779]	70	86	-30	-13	-6	4	det1=true
[5780]	70	86	-25	-14	-4	-6	det1=true
[5781]	70	86	-31	-14	-4	6	det1=true
[5782]	71	86	-33	1	-7	2	det1=true
[5783]	74	86	-33	-8	-7	-2	det1=true
[5784]	74	86	-35	-8	-7	2	det1=true
[5785]	74	86	-20	-1	-6	-5	det1=true
[5786]	74	86	-25	-1	-6	5	det1=true
[5787]	74	86	-9	-3	-8	-1	det1=true
[5788]	74	86	-10	-3	-8	1	det1=true
[5789]	75	86	-11	-4	-7	-4	det1=true
[5790]	75	86	-15	-4	-7	4	det1=true
[5791]	76	86	-31	-18	-4	-6	det1=true
[5792]	76	86	-37	-18	-4	6	det1=true
[5793]	80	86	-21	-5	-1	-8	det1=true
[5794]	81	86	-34	-21	-2	-7	det1=true
[5795]	81	86	-23	-3	-1	-8	det1=true
[5796]	81	86	-31	-3	-1	8	det1=true
[5797]	83	86	-26	-19	-6	-5	det1=true
[5798]	83	86	-31	-19	-6	5	det1=true
[5799]	49	87	-14	-6	-4	-5	det1=true
[5800]	49	87	-19	-6	-4	5	det1=true
[5801]	52	87	-19	-10	-5	-4	det1=true
[5802]	52	87	-23	-10	-5	4	det1=true
[5803]	59	87	-20	-8	-1	7	det1=true
[5804]	61	87	-18	-7	-1	-7	det1=true
[5805]	61	87	-25	-7	-1	7	det1=true
[5806]	63	87	-16	-4	-2	-7	det1=true
[5807]	65	87	-24	-10	-1	-7	det1=true
[5808]	65	87	-31	-10	-1	7	det1=true
[5809]	67	87	-28	-8	-5	-5	det1=true
[5810]	67	87	-33	-8	-5	5	det1=true
[5811]	69	87	-30	-14	-2	7	det1=true
[5812]	74	87	-11	-5	-8	-1	det1=true
[5813]	74	87	-12	-5	-8	1	det1=true
[5814]	76	87	-7	-2	-8	-2	det1=true
[5815]	76	87	-9	-2	-8	2	det1=true
[5816]	78	87	-11	-6	-2	-8	det1=true
[5817]	78	87	-19	-6	-2	8	det1=true
[5818]	32	88	-5	1	-5	-2	det1=true
[5819]	32	88	-7	1	-5	2	det1=true
[5820]	52	88	-21	-12	-2	-6	det1=true
[5821]	52	88	-27	-12	-2	6	det1=true
[5822]	58	88	-5	0	-7	2	det1=true
[5823]	62	88	-16	1	-2	-7	det1=true
[5824]	62	88	-23	1	-2	7	det1=true
[5825]	62	88	-17	-4	-7	-2	det1=true
[5826]	62	88	-19	-4	-7	2	det1=true
[5827]	65	88	-20	-13	-6	-4	det1=true
[5828]	65	88	-24	-13	-6	4	det1=true
[5829]	66	88	-25	-4	-7	-2	det1=true
[5830]	66	88	-27	-4	-7	2	det1=true
[5831]	67	88	-24	-19	-2	7	det1=true
[5832]	69	88	-28	-1	-2	-7	det1=true
[5833]	69	88	-35	-1	-2	7	det1=true
[5834]	71	88	-25	-20	-4	-6	det1=true
[5835]	71	88	-31	-20	-4	6	det1=true
[5836]	77	88	-25	-10	-1	8	det1=true
[5837]	79	88	-34	-23	-6	-4	det1=true
[5838]	79	88	-38	-23	-6	4	det1=true
[5839]	80	88	-31	-4	-5	-6	det1=true
[5840]	80	88	-37	-4	-5	6	det1=true
[5841]	81	88	-5	-6	-3	-8	det1=true
[5842]	81	88	-13	-6	-3	8	det1=true
[5843]	82	88	-26	-13	-8	-1	det1=true
[5844]	82	88	-27	-13	-8	1	det1=true
[5845]	85	88	-39	-36	-3	-6	det1=true
[5846]	85	88	-45	-36	-3	6	det1=true
[5847]	32	85	-11	-11	-3	-4	det1=true
[5848]	32	85	-15	-11	-3	4	det1=true
[5849]	33	85	-16	-4	-5	-1	det1=true
[5850]	33	85	-17	-4	-5	1	det1=true
[5851]	57	85	-4	0	-1	-7	det1=true
[5852]	57	85	-11	0	-1	7	det1=true
[5853]	62	85	-10	-9	-4	-6	det1=true
[5854]	62	85	-16	-9	-4	6	det1=true
[5855]	68	85	-16	-17	-2	-7	det1=true
[5856]	68	85	-23	-17	-2	7	det1=true
[5857]	71	85	-31	-7	-1	-7	det1=true
[5858]	73	85	-22	1	-3	-7	det1=true
[5859]	73	85	-29	1	-3	7	det1=true
[5860]	75	85	-16	-2	-1	8	det1=true
[5861]	76	85	-36	-15	-6	4	det1=true
[5862]	77	85	-24	2	-6	-5	det1=true
[5863]	82	85	-16	-9	-8	-2	det1=true
[5864]	82	85	-18	-9	-8	2	det1=true
[5865]	34	86	-11	1	-5	-2	det1=true
[5866]	34	86	-13	1	-5	2	det1=true
[5867]	46	86	-9	-2	-6	-2	det1=true
[5868]	71	86	-31	1	-7	-2	det1=true
[5869]	74	86	-6	-5	-4	-7	det1=true
[5870]	74	86	-13	-5	-4	7	det1=true
[5871]	76	86	-39	-29	-3	6	det1=true
[5872]	80	86	-29	-5	-1	8	det1=true
[5873]	81	86	-19	-15	-8	-1	det1=true
[5874]	81	86	-20	-15	-8	1	det1=true
[5875]	83	86	-23	-15	-8	-1	det1=true
[5876]	55	87	-16	-10	-6	-3	det1=true
[5877]	59	87	-15	-1	-1	-7	det1=true
[5878]	59	87	-22	-1	-1	7	det1=true
[5879]	73	87	-9	-2	-8	-1	det1=true
[5880]	73	87	-10	-2	-8	1	det1=true
[5881]	76	87	-9	4	-8	-2	det1=true
[5882]	78	87	-20	-1	-4	-7	det1=true
[5883]	78	87	-27	-1	-4	7	det1=true
[5884]	28	88	-5	-3	-3	-4	det1=true
[5885]	28	88	-9	-3	-3	4	det1=true
[5886]	67	88	-28	-1	-6	-4	det1=true
[5887]	82	88	-30	-7	-8	1	det1=true
[5888]	87	88	-31	-15	-7	-4	det1=true
[5889]	87	88	-35	-15	-7	4	det1=true
[5890]	65	85	-25	-1	-6	4	det1=true
[5891]	74	85	-4	-1	-4	-7	det1=true
[5892]	74	85	-11	-1	-4	7	det1=true
[5893]	84	85	-18	-11	-2	-8	det1=true
[5894]	84	85	-26	-11	-2	8	det1=true
[5895]	29	86	-8	-1	-4	-3	det1=true
[5896]	29	86	-11	-1	-4	3	det1=true
[5897]	65	86	-20	-7	-4	-6	det1=true
[5898]	65	86	-26	-7	-4	6	det1=true
[5899]	73	86	-13	-11	-6	-5	det1=true
[5900]	73	86	-18	-11	-6	5	det1=true
[5901]	77	86	-17	-17	-5	-6	det1=true
[5902]	77	86	-23	-17	-5	6	det1=true
[5903]	81	86	-16	-17	-4	-7	det1=true
[5904]	81	86	-23	-17	-4	7	det1=true
[5905]	29	87	-8	-1	-1	5	det1=true
[5906]	61	87	-23	0	-7	1	det1=true
[5907]	63	87	-25	-3	-7	-1	det1=true
[5908]	63	87	-26	-3	-7	1	det1=true
[5909]	63	87	-22	-6	-1	-7	det1=true
[5910]	63	87	-29	-6	-1	7	det1=true
[5911]	67	87	-13	0	-3	-7	det1=true
[5912]	67	87	-20	0	-3	7	det1=true
[5913]	83	87	-21	-11	-8	-2	det1=true
[5914]	83	87	-23	-11	-8	2	det1=true
[5915]	71	88	-29	-13	-7	-2	det1=true
[5916]	71	88	-31	-13	-7	2	det1=true
[5917]	77	88	-17	-10	-1	-8	det1=true
[5918]	81	88	-35	-24	-7	-2	det1=true
[5919]	81	88	-37	-24	-7	2	det1=true
[5920]	82	88	-29	-7	-8	-1	det1=true
[5921]	85	88	-33	-2	-7	-4	det1=true
[5922]	85	88	-37	-2	-7	4	det1=true
[5923]	85	88	-31	-5	-1	-8	det1=true
[5924]	85	88	-39	-5	-1	8	det1=true
[5925]	29	85	-6	-1	-3	-4	det1=true
[5926]	29	85	-10	-1	-3	4	det1=true
[5927]	33	85	-6	1	-5	2	det1=true
[5928]	76	85	-32	-15	-6	-4	det1=true
[5929]	79	85	-16	-9	-1	-8	det1=true
[5930]	79	85	-24	-9	-1	8	det1=true
[5931]	39	86	-17	-13	-2	-5	det1=true
[5932]	39	86	-22	-13	-2	5	det1=true
[5933]	76	86	-32	-17	-6	-4	det1=true
[5934]	76	86	-36	-17	-6	4	det1=true
[5935]	78	86	-19	-3	-7	-4	det1=true
[5936]	78	86	-23	-3	-7	4	det1=true
[5937]	29	87	-3	-1	-1	-5	det1=true
[5938]	61	87	-22	0	-7	-1	det1=true
[5939]	63	87	-17	-16	-1	-7	det1=true
[5940]	63	87	-24	-16	-1	7	det1=true
[5941]	68	87	-27	-4	-7	-2	det1=true
[5942]	68	87	-29	-4	-7	2	det1=true
[5943]	78	87	-15	-13	-7	-4	det1=true
[5944]	78	87	-19	-13	-7	4	det1=true
[5945]	33	88	-13	-3	-2	5	det1=true
[5946]	62	88	-28	-25	-6	-2	det1=true
[5947]	62	88	-30	-25	-6	2	det1=true
[5948]	82	88	-19	-21	-1	-8	det1=true
[5949]	82	88	-27	-21	-1	8	det1=true
[5950]	50	86	-17	-1	-5	-4	det1=true
[5951]	50	86	-21	-1	-5	4	det1=true
[5952]	79	86	-25	-11	-6	-5	det1=true
[5953]	79	86	-30	-11	-6	5	det1=true
[5954]	80	86	-23	-2	-7	-4	det1=true
[5955]	80	86	-27	-2	-7	4	det1=true
[5956]	32	87	0	1	-2	-5	det1=true
[5957]	36	87	-12	-11	-2	-5	det1=true
[5958]	36	87	-17	-11	-2	5	det1=true
[5959]	59	87	-17	-5	-7	1	det1=true
[5960]	50	88	-19	-10	-6	-2	det1=true
[5961]	50	88	-21	-10	-6	2	det1=true
[5962]	50	88	-17	-12	-2	-6	det1=true
[5963]	50	88	-23	-12	-2	6	det1=true
[5964]	81	88	-18	-19	-4	-7	det1=true
[5965]	81	88	-25	-19	-4	7	det1=true
[5966]	78	85	-19	-1	-8	-1	det1=true
[5967]	78	85	-20	-1	-8	1	det1=true
[5968]	37	87	-14	-12	-2	-5	det1=true
[5969]	37	87	-19	-12	-2	5	det1=true
[5970]	50	87	-16	-7	-4	-5	det1=true
[5971]	50	87	-21	-7	-4	5	det1=true
[5972]	69	88	-31	-30	-5	-4	det1=true
[5973]	69	88	-35	-30	-5	4	det1=true
[5974]	71	88	-15	-7	-6	-5	det1=true
[5975]	71	88	-20	-7	-6	5	det1=true
[5976]	77	88	-28	1	-6	-5	det1=true
[5977]	77	88	-33	1	-6	5	det1=true
[5978]	31	85	-8	-6	-5	-1	det1=true
[5979]	31	85	-9	-6	-5	1	det1=true
[5980]	71	85	-8	-6	-5	-6	det1=true
[5981]	71	85	-14	-6	-5	6	det1=true
[5982]	74	85	-7	1	-8	-1	det1=true
[5983]	74	85	-8	1	-8	1	det1=true
[5984]	80	85	-39	-34	-6	-2	det1=true
[5985]	85	85	-32	-30	-6	-4	det1=true
[5986]	85	85	-36	-30	-6	4	det1=true
[5987]	59	87	-16	-5	-7	-1	det1=true
[5988]	79	87	-15	1	-2	-8	det1=true
[5989]	79	87	-23	1	-2	8	det1=true
[5990]	73	88	-17	-11	-5	-6	det1=true
[5991]	73	88	-23	-11	-5	6	det1=true
[5992]	73	85	-32	2	-4	-6	det1=true
[5993]	73	85	-38	2	-4	6	det1=true
[5994]	41	86	-17	-8	-4	-4	det1=true
[5995]	78	86	-10	1	-2	-8	det1=true
[5996]	83	86	-39	-18	-7	-2	det1=true
[5997]	83	86	-41	-18	-7	2	det1=true
[5998]	64	88	-21	-5	-7	-2	det1=true
[5999]	64	88	-23	-5	-7	2	det1=true
[6000]	72	88	-7	-2	-7	-4	det1=true
[6001]	72	88	-11	-2	-7	4	det1=true
[6002]	75	85	-32	-11	-7	-2	det1=true
[6003]	43	85	-6	-5	-1	-6	det1=true
[6004]	43	85	-12	-5	-1	6	det1=true
[6005]	73	88	-9	-5	-1	-8	det1=true
[6006]	73	88	-17	-5	-1	8	det1=true
[6007]	85	85	-24	-16	-8	-1	det1=true
[6008]	85	85	-8	-8	-3	-8	det1=true
[6009]	85	85	-16	-8	-3	8	det1=true
[6010]	82	88	-26	-9	-4	-7	det1=true
[6011]	82	88	-33	-9	-4	7	det1=true
[6012]	73	85	-32	-31	-5	-4	det1=true
[6013]	73	85	-36	-31	-5	4	det1=true
[6014]	44	89	-8	1	-6	-2	det1=true
[6015]	44	89	-10	1	-6	2	det1=true
[6016]	11	91	-5	-2	-3	-1	det1=true
[6017]	11	91	-6	-2	-3	1	det1=true
[6018]	47	89	-20	-10	-1	-6	det1=true
[6019]	47	89	-26	-10	-1	6	det1=true
[6020]	52	89	-23	-10	-2	-6	det1=true
[6021]	52	89	-29	-10	-2	6	det1=true
[6022]	89	89	-12	-4	-8	-4	det1=true
[6023]	89	89	-16	-4	-8	4	det1=true
[6024]	90	90	-43	-32	-7	2	det1=true
[6025]	84	91	-40	-27	-6	-4	det1=true
[6026]	91	91	-33	-19	-2	-8	det1=true
[6027]	91	91	-41	-19	-2	8	det1=true
[6028]	91	91	-16	-8	-9	-1	det1=true
[6029]	91	91	-17	-8	-9	1	det1=true
[6030]	91	91	-12	-12	-1	-9	det1=true
[6031]	91	92	-38	-3	-8	3	det1=true
[6032]	14	89	1	1	-2	-3	det1=true
[6033]	14	89	-2	1	-2	3	det1=true
[6034]	56	89	1	2	-4	-6	det1=true
[6035]	56	89	-5	2	-4	6	det1=true
[6036]	57	89	-16	0	-7	-1	det1=true
[6037]	57	89	-17	0	-7	1	det1=true
[6038]	64	89	-31	-26	-6	-2	det1=true
[6039]	64	89	-33	-26	-6	2	det1=true
[6040]	82	89	-35	-1	-5	-6	det1=true
[6041]	82	89	-41	-1	-5	6	det1=true
[6042]	20	90	-9	-7	-4	-1	det1=true
[6043]	20	90	-10	-7	-4	1	det1=true
[6044]	50	90	-19	-9	-5	-4	det1=true
[6045]	50	90	-23	-9	-5	4	det1=true
[6046]	78	90	-3	1	-8	-3	det1=true
[6047]	86	90	-37	-31	-2	-7	det1=true
[6048]	86	90	-44	-31	-2	7	det1=true
[6049]	88	90	-37	-13	-8	-1	det1=true
[6050]	88	90	-38	-13	-8	1	det1=true
[6051]	51	91	-23	-6	-4	-5	det1=true
[6052]	51	91	-28	-6	-4	5	det1=true
[6053]	51	91	-14	-5	-3	-6	det1=true
[6054]	51	91	-20	-5	-3	6	det1=true
[6055]	52	91	-25	-12	-6	-2	det1=true
[6056]	52	91	-27	-12	-6	2	det1=true
[6057]	52	91	-23	-14	-2	-6	det1=true
[6058]	52	91	-29	-14	-2	6	det1=true
[6059]	58	91	-15	0	-6	-4	det1=true
[6060]	58	91	-19	0	-6	4	det1=true
[6061]	67	91	-12	-3	-5	-6	det1=true
[6062]	67	91	-18	-3	-5	6	det1=true
[6063]	74	91	-32	-21	-4	-6	det1=true
[6064]	74	91	-38	-21	-4	6	det1=true
[6065]	83	91	-16	-12	-8	-3	det1=true
[6066]	83	91	-19	-12	-8	3	det1=true
[6067]	84	91	-39	-28	-4	-6	det1=true
[6068]	89	91	-74	0	-4	-3	det1=true
[6069]	90	91	-33	1	-8	-3	det1=true
[6070]	90	91	-36	1	-8	3	det1=true
[6071]	62	92	-17	-16	-4	-6	det1=true
[6072]	62	92	-23	-16	-4	6	det1=true
[6073]	74	92	-29	-25	-2	-7	det1=true
[6074]	74	92	-36	-25	-2	7	det1=true
[6075]	74	92	-18	-9	-4	-7	det1=true
[6076]	74	92	-25	-9	-4	7	det1=true
[6077]	75	92	-22	-9	-8	-1	det1=true
[6078]	75	92	-23	-9	-8	1	det1=true
[6079]	80	92	-36	-3	-6	-5	det1=true
[6080]	80	92	-41	-3	-6	5	det1=true
[6081]	85	92	-31	-19	-7	-4	det1=true
[6082]	85	92	-35	-19	-7	4	det1=true
[6083]	86	92	-33	-18	-7	-4	det1=true
[6084]	86	92	-37	-18	-7	4	det1=true
[6085]	91	92	-35	-3	-8	-3	det1=true
[6086]	92	92	-39	-26	-7	4	det1=true
[6087]	50	89	-22	-17	-6	-1	det1=true
[6088]	59	89	-20	-3	-7	-1	det1=true
[6089]	59	89	-21	-3	-7	1	det1=true
[6090]	62	89	-20	-1	-4	-6	det1=true
[6091]	62	89	-26	-1	-4	6	det1=true
[6092]	65	89	-11	-3	-3	-7	det1=true
[6093]	65	89	-18	-3	-3	7	det1=true
[6094]	68	89	-8	-7	-6	-5	det1=true
[6095]	68	89	-13	-7	-6	5	det1=true
[6096]	74	89	-17	3	-7	-4	det1=true
[6097]	74	89	-21	3	-7	4	det1=true
[6098]	89	89	-24	-24	-2	-8	det1=true
[6099]	19	90	-7	-3	-4	-1	det1=true
[6100]	19	90	-8	-3	-4	1	det1=true
[6101]	32	90	-11	1	-5	2	det1=true
[6102]	45	90	-21	-13	-1	6	det1=true
[6103]	78	90	-6	1	-8	3	det1=true
[6104]	87	90	-31	-19	-1	-8	det1=true
[6105]	87	90	-39	-19	-1	8	det1=true
[6106]	37	91	-8	1	-3	-5	det1=true
[6107]	37	91	-13	1	-3	5	det1=true
[6108]	39	91	-15	-2	-5	-3	det1=true
[6109]	39	91	-18	-2	-5	3	det1=true
[6110]	55	91	-11	-2	-1	-7	det1=true
[6111]	55	91	-18	-2	-1	7	det1=true
[6112]	56	91	-8	-1	-6	-4	det1=true
[6113]	56	91	-12	-1	-6	4	det1=true
[6114]	58	91	-14	-1	-4	-6	det1=true
[6115]	58	91	-20	-1	-4	6	det1=true
[6116]	60	91	-16	-1	-2	-7	det1=true
[6117]	60	91	-23	-1	-2	7	det1=true
[6118]	61	91	-14	-12	-2	-7	det1=true
[6119]	61	91	-21	-12	-2	7	det1=true
[6120]	75	91	-36	-16	-7	-2	det1=true
[6121]	75	91	-21	2	-4	-7	det1=true
[6122]	75	91	-28	2	-4	7	det1=true
[6123]	77	91	-37	-25	-7	-1	det1=true
[6124]	77	91	-38	-25	-7	1	det1=true
[6125]	79	91	-13	-1	-5	7	det1=true
[6126]	80	91	-17	-3	-8	3	det1=true
[6127]	82	91	-37	-2	-5	-6	det1=true
[6128]	82	91	-43	-2	-5	6	det1=true
[6129]	89	91	-16	2	-9	1	det1=true
[6130]	91	91	-30	-6	-5	-7	det1=true
[6131]	91	91	-37	-6	-5	7	det1=true
[6132]	91	91	-24	-21	-3	-8	det1=true
[6133]	91	91	-8	0	-6	-7	det1=true
[6134]	91	91	-15	0	-6	7	det1=true
[6135]	14	92	-5	-1	-3	-2	det1=true
[6136]	14	92	-7	-1	-3	2	det1=true
[6137]	43	92	-7	-1	-4	5	det1=true
[6138]	44	92	-9	2	-5	-4	det1=true
[6139]	44	92	-13	2	-5	4	det1=true
[6140]	47	92	-15	-12	-2	-6	det1=true
[6141]	47	92	-21	-12	-2	6	det1=true
[6142]	53	92	-25	-18	-5	4	det1=true
[6143]	54	92	-22	-19	-4	-5	det1=true
[6144]	54	92	-27	-19	-4	5	det1=true
[6145]	59	92	-13	-9	-7	-2	det1=true
[6146]	59	92	-15	-9	-7	2	det1=true
[6147]	65	92	-28	-7	-6	-4	det1=true
[6148]	65	92	-32	-7	-6	4	det1=true
[6149]	70	92	-26	-23	-6	-4	det1=true
[6150]	70	92	-30	-23	-6	4	det1=true
[6151]	75	92	-22	-3	-4	-7	det1=true
[6152]	75	92	-29	-3	-4	7	det1=true
[6153]	75	92	-19	-11	-4	-7	det1=true
[6154]	75	92	-26	-11	-4	7	det1=true
[6155]	82	92	-22	3	-8	-3	det1=true
[6156]	86	92	-39	1	-7	-4	det1=true
[6157]	86	92	-43	1	-7	4	det1=true
[6158]	92	92	-73	-12	-5	-2	det1=true
[6159]	92	92	-35	-26	-7	-4	det1=true
[6160]	41	89	-7	-4	-6	-1	det1=true
[6161]	41	89	-8	-4	-6	1	det1=true
[6162]	47	89	-13	-2	-4	-5	det1=true
[6163]	47	89	-18	-2	-4	5	det1=true
[6164]	48	89	-18	1	-2	-6	det1=true
[6165]	48	89	-24	1	-2	6	det1=true
[6166]	48	89	-15	-5	-5	-4	det1=true
[6167]	48	89	-19	-5	-5	4	det1=true
[6168]	55	89	-20	-6	-3	-6	det1=true
[6169]	55	89	-26	-6	-3	6	det1=true
[6170]	59	89	-21	3	-7	-1	det1=true
[6171]	59	89	-22	3	-7	1	det1=true
[6172]	60	89	-15	-4	-4	-6	det1=true
[6173]	60	89	-21	-4	-4	6	det1=true
[6174]	62	89	-21	0	-6	-4	det1=true
[6175]	62	89	-25	0	-6	4	det1=true
[6176]	69	89	-32	-30	-4	-5	det1=true
[6177]	69	89	-37	-30	-4	5	det1=true
[6178]	70	89	-28	-15	-4	-6	det1=true
[6179]	70	89	-34	-15	-4	6	det1=true
[6180]	72	89	-24	-23	-2	-7	det1=true
[6181]	72	89	-31	-23	-2	7	det1=true
[6182]	73	89	-22	-3	-5	-6	det1=true
[6183]	73	89	-28	-3	-5	6	det1=true
[6184]	73	89	-21	-17	-3	-7	det1=true
[6185]	73	89	-28	-17	-3	7	det1=true
[6186]	74	89	-22	-9	-6	-5	det1=true
[6187]	74	89	-15	0	-1	-8	det1=true
[6188]	74	89	-23	0	-1	8	det1=true
[6189]	77	89	-36	-20	-7	2	det1=true
[6190]	77	89	-28	-16	-3	-7	det1=true
[6191]	77	89	-35	-16	-3	7	det1=true
[6192]	82	89	-31	-5	-8	-1	det1=true
[6193]	82	89	-32	-5	-8	1	det1=true
[6194]	83	89	-18	0	-8	-3	det1=true
[6195]	83	89	-14	-7	-3	-8	det1=true
[6196]	83	89	-22	-7	-3	8	det1=true
[6197]	84	89	-43	-35	-6	3	det1=true
[6198]	84	89	-26	-7	-2	-8	det1=true
[6199]	84	89	-34	-7	-2	8	det1=true
[6200]	86	89	-35	-9	-8	-1	det1=true
[6201]	86	89	-36	-9	-8	1	det1=true
[6202]	87	89	-23	1	-7	-5	det1=true
[6203]	87	89	-28	1	-7	5	det1=true
[6204]	89	89	-3	-3	-1	-9	det1=true
[6205]	89	89	-12	-3	-1	9	det1=true
[6206]	19	90	-8	-1	-4	-1	det1=true
[6207]	19	90	-9	-1	-4	1	det1=true
[6208]	33	90	-10	-5	-2	-5	det1=true
[6209]	40	90	-7	3	-6	-1	det1=true
[6210]	40	90	-8	3	-6	1	det1=true
[6211]	53	90	-25	-21	-6	-1	det1=true
[6212]	63	90	-21	-7	-7	-2	det1=true
[6213]	63	90	-23	-7	-7	2	det1=true
[6214]	66	90	-21	-16	-7	-2	det1=true
[6215]	66	90	-23	-16	-7	2	det1=true
[6216]	69	90	-22	-21	-2	-7	det1=true
[6217]	69	90	-29	-21	-2	7	det1=true
[6218]	74	90	-32	-17	-2	-7	det1=true
[6219]	74	90	-39	-17	-2	7	det1=true
[6220]	83	90	-29	-12	-1	-8	det1=true
[6221]	83	90	-37	-12	-1	8	det1=true
[6222]	84	90	-41	-35	-6	-3	det1=true
[6223]	85	90	-33	-7	-1	-8	det1=true
[6224]	85	90	-32	-3	-8	-2	det1=true
[6225]	85	90	-34	-3	-8	2	det1=true
[6226]	89	90	-29	-25	-4	-7	det1=true
[6227]	89	90	-36	-25	-4	7	det1=true
[6228]	90	90	-35	-19	-7	-4	det1=true
[6229]	90	90	-39	-19	-7	4	det1=true
[6230]	33	91	-14	-15	-1	-5	det1=true
[6231]	33	91	-19	-15	-1	5	det1=true
[6232]	37	91	-7	-3	-3	-5	det1=true
[6233]	37	91	-12	-3	-3	5	det1=true
[6234]	39	91	-14	-3	-3	-5	det1=true
[6235]	39	91	-19	-3	-3	5	det1=true
[6236]	39	91	-12	-8	-5	-3	det1=true
[6237]	39	91	-15	-8	-5	3	det1=true
[6238]	49	91	-18	-9	-5	-4	det1=true
[6239]	49	91	-22	-9	-5	4	det1=true
[6240]	56	91	-13	-2	-4	6	det1=true
[6241]	60	91	-12	-11	-2	-7	det1=true
[6242]	60	91	-19	-11	-2	7	det1=true
[6243]	64	91	-25	-5	-7	-2	det1=true
[6244]	71	91	-38	-14	-4	6	det1=true
[6245]	75	91	-24	4	-8	-1	det1=true
[6246]	75	91	-25	4	-8	1	det1=true
[6247]	76	91	-28	-9	-6	-5	det1=true
[6248]	76	91	-19	2	-8	-2	det1=true
[6249]	76	91	-21	2	-8	2	det1=true
[6250]	77	91	-34	-28	-1	-7	det1=true
[6251]	77	91	-41	-28	-1	7	det1=true
[6252]	79	91	-6	-1	-5	-7	det1=true
[6253]	79	91	-6	-2	-7	-5	det1=true
[6254]	79	91	-11	-2	-7	5	det1=true
[6255]	83	91	-27	-26	-6	-5	det1=true
[6256]	83	91	-32	-26	-6	5	det1=true
[6257]	83	91	-20	-6	-8	-3	det1=true
[6258]	83	91	-23	-6	-8	3	det1=true
[6259]	85	91	-16	-14	-7	-5	det1=true
[6260]	85	91	-21	-14	-7	5	det1=true
[6261]	86	91	-32	-11	-8	-2	det1=true
[6262]	87	91	-41	-5	-2	8	det1=true
[6263]	89	91	-15	2	-9	-1	det1=true
[6264]	91	91	-36	-16	-8	-2	det1=true
[6265]	91	91	-38	-16	-8	2	det1=true
[6266]	91	91	-32	-21	-3	8	det1=true
[6267]	28	92	-11	-3	-4	-3	det1=true
[6268]	28	92	-14	-3	-4	3	det1=true
[6269]	43	92	-2	-1	-4	-5	det1=true
[6270]	48	92	-20	-9	-6	-2	det1=true
[6271]	48	92	-22	-9	-6	2	det1=true
[6272]	50	92	-24	-9	-6	-2	det1=true
[6273]	50	92	-26	-9	-6	2	det1=true
[6274]	53	92	-21	-18	-5	-4	det1=true
[6275]	56	92	-5	-1	-2	-7	det1=true
[6276]	58	92	-14	-7	-6	-4	det1=true
[6277]	58	92	-13	-8	-4	-6	det1=true
[6278]	58	92	-19	-8	-4	6	det1=true
[6279]	62	92	-18	-15	-6	-4	det1=true
[6280]	62	92	-22	-15	-6	4	det1=true
[6281]	65	92	-27	-8	-4	-6	det1=true
[6282]	65	92	-33	-8	-4	6	det1=true
[6283]	65	92	-24	-15	-6	-4	det1=true
[6284]	65	92	-28	-15	-6	4	det1=true
[6285]	68	92	-2	1	-4	-7	det1=true
[6286]	68	92	-9	1	-4	7	det1=true
[6287]	71	92	-33	-14	-4	-6	det1=true
[6288]	71	92	-29	-19	-2	-7	det1=true
[6289]	71	92	-36	-19	-2	7	det1=true
[6290]	71	92	-17	3	-8	-1	det1=true
[6291]	77	92	-33	-25	-2	-7	det1=true
[6292]	77	92	-40	-25	-2	7	det1=true
[6293]	77	92	-27	-16	-5	-6	det1=true
[6294]	77	92	-33	-16	-5	6	det1=true
[6295]	79	92	-11	-7	-8	-3	det1=true
[6296]	79	92	-14	-7	-8	3	det1=true
[6297]	81	92	-33	2	-7	-4	det1=true
[6298]	81	92	-37	2	-7	4	det1=true
[6299]	83	92	-21	-3	-3	-8	det1=true
[6300]	83	92	-29	-3	-3	8	det1=true
[6301]	85	92	-29	-22	-1	-8	det1=true
[6302]	85	92	-37	-22	-1	8	det1=true
[6303]	89	92	-51	-4	-5	6	det1=true
[6304]	89	92	-37	-31	-6	5	det1=true
[6305]	89	92	-33	-25	-8	-1	det1=true
[6306]	89	92	-34	-25	-8	1	det1=true
[6307]	90	92	-34	-17	-2	-8	det1=true
[6308]	90	92	-42	-17	-2	8	det1=true
[6309]	91	92	-37	-28	-5	-6	det1=true
[6310]	91	92	-43	-28	-5	6	det1=true
[6311]	91	92	-33	-2	-3	-8	det1=true
[6312]	91	92	-41	-2	-3	8	det1=true
[6313]	91	92	-37	-7	-8	3	det1=true
[6314]	91	92	-27	-19	-3	-8	det1=true
[6315]	91	92	-35	-19	-3	8	det1=true
[6316]	33	89	-13	-6	-2	5	det1=true
[6317]	41	89	-17	-12	-3	5	det1=true
[6318]	45	89	-19	-6	-6	-1	det1=true
[6319]	47	89	-14	2	-5	-4	det1=true
[6320]	47	89	-18	2	-5	4	det1=true
[6321]	49	89	-16	-12	-2	-6	det1=true
[6322]	49	89	-22	-12	-2	6	det1=true
[6323]	50	89	-23	-17	-6	1	det1=true
[6324]	59	89	-18	0	-1	-7	det1=true
[6325]	59	89	-14	-12	-1	-7	det1=true
[6326]	59	89	-21	-12	-1	7	det1=true
[6327]	60	89	-20	-3	-6	4	det1=true
[6328]	61	89	-13	-8	-2	-7	det1=true
[6329]	61	89	-20	-8	-2	7	det1=true
[6330]	64	89	-29	-28	-2	-6	det1=true
[6331]	64	89	-35	-28	-2	6	det1=true
[6332]	65	89	-27	-12	-7	-1	det1=true
[6333]	65	89	-28	-12	-7	1	det1=true
[6334]	65	89	-24	-15	-1	-7	det1=true
[6335]	65	89	-31	-15	-1	7	det1=true
[6336]	65	89	-13	-1	-7	-3	det1=true
[6337]	65	89	-16	-1	-7	3	det1=true
[6338]	67	89	-31	-10	-7	-1	det1=true
[6339]	67	89	-28	-13	-1	-7	det1=true
[6340]	67	89	-35	-13	-1	7	det1=true
[6341]	69	89	-23	-25	-1	-7	det1=true
[6342]	73	89	-27	-2	-3	-7	det1=true
[6343]	73	89	-34	-2	-3	7	det1=true
[6344]	73	89	-25	-12	-7	-3	det1=true
[6345]	73	89	-28	-12	-7	3	det1=true
[6346]	74	89	-15	-7	-8	-1	det1=true
[6347]	74	89	-16	-7	-8	1	det1=true
[6348]	75	89	-26	-26	-2	-7	det1=true
[6349]	75	89	-33	-26	-2	7	det1=true
[6350]	77	89	-28	-6	-6	-5	det1=true
[6351]	80	89	-24	-21	-6	-5	det1=true
[6352]	80	89	-29	-21	-6	5	det1=true
[6353]	82	89	-38	-11	-6	5	det1=true
[6354]	83	89	-30	-2	-1	-8	det1=true
[6355]	84	89	-31	-4	-8	2	det1=true
[6356]	85	89	-38	-4	-5	-6	det1=true
[6357]	87	89	-38	-2	-8	-1	det1=true
[6358]	87	89	-39	-2	-8	1	det1=true
[6359]	87	89	-21	-5	-5	-7	det1=true
[6360]	87	89	-28	-5	-5	7	det1=true
[6361]	89	89	-49	-7	-7	3	det1=true
[6362]	89	89	-29	-21	-8	2	det1=true
[6363]	31	90	-1	1	-2	-5	det1=true
[6364]	41	90	-9	-1	-1	-6	det1=true
[6365]	41	90	-15	-1	-1	6	det1=true
[6366]	45	90	-7	-4	-5	-4	det1=true
[6367]	45	90	-11	-4	-5	4	det1=true
[6368]	50	90	-27	-19	-1	6	det1=true
[6369]	61	90	-19	-6	-7	2	det1=true
[6370]	68	90	-31	-1	-7	-2	det1=true
[6371]	68	90	-33	-1	-7	2	det1=true
[6372]	72	90	-17	-2	-7	4	det1=true
[6373]	73	90	-13	-7	-1	-8	det1=true
[6374]	73	90	-21	-7	-1	8	det1=true
[6375]	74	90	-11	2	-8	-2	det1=true
[6376]	74	90	-13	2	-8	2	det1=true
[6377]	78	90	-22	-13	-8	-1	det1=true
[6378]	78	90	-23	-13	-8	1	det1=true
[6379]	79	90	-25	-9	-7	-4	det1=true
[6380]	79	90	-31	-12	-1	8	det1=true
[6381]	81	90	-32	1	-8	-1	det1=true
[6382]	81	90	-33	1	-8	1	det1=true
[6383]	81	90	-29	-1	-4	-7	det1=true
[6384]	81	90	-36	-1	-4	7	det1=true
[6385]	85	90	-41	-7	-1	8	det1=true
[6386]	85	90	-29	-6	-2	-8	det1=true
[6387]	85	90	-37	-6	-2	8	det1=true
[6388]	87	90	-8	-3	-4	-8	det1=true
[6389]	87	90	-16	-3	-4	8	det1=true
[6390]	89	90	-36	-13	-4	-7	det1=true
[6391]	89	90	-43	-13	-4	7	det1=true
[6392]	90	90	-41	-32	-7	-2	det1=true
[6393]	31	91	-13	-9	-1	-5	det1=true
[6394]	37	91	-8	-2	-5	-3	det1=true
[6395]	37	91	-11	-2	-5	3	det1=true
[6396]	39	91	-11	-9	-3	-5	det1=true
[6397]	39	91	-16	-9	-3	5	det1=true
[6398]	46	91	-12	-5	-4	-5	det1=true
[6399]	46	91	-17	-5	-4	5	det1=true
[6400]	49	91	-19	-11	-2	-6	det1=true
[6401]	49	91	-25	-11	-2	6	det1=true
[6402]	55	91	-14	1	-7	-1	det1=true
[6403]	55	91	-15	1	-7	1	det1=true
[6404]	55	91	-2	0	-6	-4	det1=true
[6405]	55	91	-6	0	-6	4	det1=true
[6406]	56	91	-23	-9	-3	-6	det1=true
[6407]	56	91	-29	-9	-3	6	det1=true
[6408]	56	91	-7	-2	-4	-6	det1=true
[6409]	57	91	-22	-7	-1	7	det1=true
[6410]	63	91	-28	-8	-7	-1	det1=true
[6411]	63	91	-29	-8	-7	1	det1=true
[6412]	66	91	-29	-2	-7	-2	det1=true
[6413]	66	91	-31	-2	-7	2	det1=true
[6414]	72	91	-5	2	-8	-2	det1=true
[6415]	72	91	-7	2	-8	2	det1=true
[6416]	73	91	-34	-15	-7	-2	det1=true
[6417]	73	91	-36	-15	-7	2	det1=true
[6418]	73	91	-24	-6	-5	-6	det1=true
[6419]	73	91	-30	-6	-5	6	det1=true
[6420]	78	91	-30	-29	-2	-7	det1=true
[6421]	79	91	-10	0	-3	-8	det1=true
[6422]	79	91	-18	0	-3	8	det1=true
[6423]	80	91	-14	-3	-8	-3	det1=true
[6424]	81	91	-14	-6	-3	-8	det1=true
[6425]	81	91	-22	-6	-3	8	det1=true
[6426]	81	91	-14	0	-7	-5	det1=true
[6427]	81	91	-19	0	-7	5	det1=true
[6428]	81	91	-20	-1	-5	7	det1=true
[6429]	82	91	-13	-12	-3	-8	det1=true
[6430]	82	91	-21	-12	-3	8	det1=true
[6431]	84	91	-33	-20	-5	-6	det1=true
[6432]	84	91	-39	-20	-5	6	det1=true
[6433]	85	91	-19	-14	-8	-3	det1=true
[6434]	85	91	-22	-14	-8	3	det1=true
[6435]	86	91	-34	-11	-8	2	det1=true
[6436]	88	91	-35	-6	-3	8	det1=true
[6437]	36	92	-19	-12	-5	2	det1=true
[6438]	40	92	-8	-5	-6	-1	det1=true
[6439]	40	92	-9	-5	-6	1	det1=true
[6440]	43	92	-7	-4	-2	-6	det1=true
[6441]	43	92	-13	-4	-2	6	det1=true
[6442]	45	92	-15	-16	-1	-6	det1=true
[6443]	45	92	-21	-16	-1	6	det1=true
[6444]	46	92	-19	2	-6	-2	det1=true
[6445]	46	92	-21	2	-6	2	det1=true
[6446]	47	92	-17	-19	-1	-6	det1=true
[6447]	47	92	-23	-19	-1	6	det1=true
[6448]	50	92	-23	-19	-1	-6	det1=true
[6449]	55	92	-11	-2	-4	6	det1=true
[6450]	56	92	-7	0	-7	-2	det1=true
[6451]	56	92	-9	0	-7	2	det1=true
[6452]	58	92	-18	-7	-6	4	det1=true
[6453]	70	92	-25	-24	-4	-6	det1=true
[6454]	70	92	-31	-24	-4	6	det1=true
[6455]	74	92	-28	-3	-6	-5	det1=true
[6456]	74	92	-33	-3	-6	5	det1=true
[6457]	74	92	-15	-6	-8	2	det1=true
[6458]	78	92	-25	-10	-1	-8	det1=true
[6459]	78	92	-33	-10	-1	8	det1=true
[6460]	80	92	-24	-7	-2	-8	det1=true
[6461]	80	92	-32	-7	-2	8	det1=true
[6462]	83	92	-33	-13	-8	-1	det1=true
[6463]	83	92	-34	-13	-8	1	det1=true
[6464]	83	92	-31	-6	-8	-2	det1=true
[6465]	87	92	-35	-10	-8	-2	det1=true
[6466]	87	92	-37	-10	-8	2	det1=true
[6467]	90	92	-41	2	-8	-2	det1=true
[6468]	90	92	-43	2	-8	2	det1=true
[6469]	91	92	-34	-7	-8	-3	det1=true
[6470]	92	92	-45	-9	-8	-1	det1=true
[6471]	32	89	-7	0	-5	-2	det1=true
[6472]	32	89	-9	0	-5	2	det1=true
[6473]	40	89	-1	0	-1	-6	det1=true
[6474]	40	89	-7	0	-1	6	det1=true
[6475]	40	89	-3	1	-6	-1	det1=true
[6476]	40	89	-4	1	-6	1	det1=true
[6477]	41	89	-12	-12	-3	-5	det1=true
[6478]	52	89	-25	-8	-6	-2	det1=true
[6479]	52	89	-27	-8	-6	2	det1=true
[6480]	53	89	-20	-15	-5	-4	det1=true
[6481]	53	89	-24	-15	-5	4	det1=true
[6482]	61	89	-18	-4	-6	-4	det1=true
[6483]	61	89	-22	-4	-6	4	det1=true
[6484]	72	89	-10	1	-4	-7	det1=true
[6485]	72	89	-17	1	-4	7	det1=true
[6486]	73	89	-29	0	-7	-3	det1=true
[6487]	74	89	-18	-15	-6	-5	det1=true
[6488]	74	89	-23	-15	-6	5	det1=true
[6489]	74	89	-21	-8	-1	8	det1=true
[6490]	77	89	-28	-16	-6	5	det1=true
[6491]	79	89	-29	-19	-3	-7	det1=true
[6492]	79	89	-36	-19	-3	7	det1=true
[6493]	80	89	-30	-1	-8	1	det1=true
[6494]	80	89	-26	-3	-4	-7	det1=true
[6495]	82	89	-30	-17	-6	-5	det1=true
[6496]	82	89	-35	-17	-6	5	det1=true
[6497]	83	89	-38	-13	-7	-3	det1=true
[6498]	83	89	-41	-13	-7	3	det1=true
[6499]	83	89	-11	-7	-5	-7	det1=true
[6500]	85	89	-31	-17	-2	8	det1=true
[6501]	32	90	-9	1	-5	-2	det1=true
[6502]	41	90	-10	-3	-6	-1	det1=true
[6503]	41	90	-11	-3	-6	1	det1=true
[6504]	61	90	-17	-6	-7	-2	det1=true
[6505]	62	90	-21	-1	-7	-2	det1=true
[6506]	62	90	-23	-1	-7	2	det1=true
[6507]	64	90	-29	-27	-4	-5	det1=true
[6508]	64	90	-34	-27	-4	5	det1=true
[6509]	69	90	-31	-7	-7	-2	det1=true
[6510]	69	90	-33	-7	-7	2	det1=true
[6511]	72	90	-13	-2	-7	-4	det1=true
[6512]	73	90	-15	-4	-7	-4	det1=true
[6513]	73	90	-19	-4	-7	4	det1=true
[6514]	75	90	-31	-22	-7	-2	det1=true
[6515]	75	90	-33	-22	-7	2	det1=true
[6516]	83	90	-31	-4	-1	-8	det1=true
[6517]	87	90	-33	-16	-7	-4	det1=true
[6518]	87	90	-37	-16	-7	4	det1=true
[6519]	89	90	-32	-23	-8	-1	det1=true
[6520]	89	90	-33	-23	-8	1	det1=true
[6521]	33	91	-16	-13	-5	-1	det1=true
[6522]	33	91	-17	-13	-5	1	det1=true
[6523]	35	91	-14	-11	-5	-2	det1=true
[6524]	35	91	-16	-11	-5	2	det1=true
[6525]	41	91	-16	-10	-3	-5	det1=true
[6526]	41	91	-21	-10	-3	5	det1=true
[6527]	49	91	-21	-9	-6	-2	det1=true
[6528]	55	91	-1	-1	-4	-6	det1=true
[6529]	57	91	-15	-7	-1	-7	det1=true
[6530]	59	91	-14	-8	-4	-6	det1=true
[6531]	59	91	-20	-8	-4	6	det1=true
[6532]	60	91	-27	-26	-2	-6	det1=true
[6533]	60	91	-33	-26	-2	6	det1=true
[6534]	61	91	-23	-11	-7	-1	det1=true
[6535]	61	91	-24	-11	-7	1	det1=true
[6536]	65	91	-26	-7	-7	-2	det1=true
[6537]	65	91	-28	-7	-7	2	det1=true
[6538]	67	91	-24	-23	-1	-7	det1=true
[6539]	67	91	-31	-23	-1	7	det1=true
[6540]	67	91	-23	-19	-4	-6	det1=true
[6541]	67	91	-29	-19	-4	6	det1=true
[6542]	72	91	-2	-1	-2	-8	det1=true
[6543]	72	91	-10	-1	-2	8	det1=true
[6544]	73	91	-20	-14	-5	-6	det1=true
[6545]	73	91	-26	-14	-5	6	det1=true
[6546]	79	91	-25	3	-8	-2	det1=true
[6547]	79	91	-7	0	-7	-5	det1=true
[6548]	79	91	-12	0	-7	5	det1=true
[6549]	80	91	-21	1	-3	8	det1=true
[6550]	81	91	-18	4	-8	-3	det1=true
[6551]	81	91	-21	4	-8	3	det1=true
[6552]	82	91	-33	0	-7	-4	det1=true
[6553]	82	91	-37	0	-7	4	det1=true
[6554]	82	91	-20	1	-8	-3	det1=true
[6555]	82	91	-23	1	-8	3	det1=true
[6556]	85	91	-23	-8	-8	-3	det1=true
[6557]	85	91	-26	-8	-8	3	det1=true
[6558]	86	91	-19	-16	-3	-8	det1=true
[6559]	86	91	-27	-16	-3	8	det1=true
[6560]	87	91	-33	-5	-2	-8	det1=true
[6561]	88	91	-30	-1	-8	-3	det1=true
[6562]	88	91	-33	-1	-8	3	det1=true
[6563]	89	91	-28	-2	-5	-7	det1=true
[6564]	89	91	-35	-2	-5	7	det1=true
[6565]	91	91	-41	-34	-2	-7	det1=true
[6566]	91	91	-48	-34	-2	7	det1=true
[6567]	91	91	-33	-6	-8	-3	det1=true
[6568]	91	91	-36	-6	-8	3	det1=true
[6569]	21	92	-3	2	-4	-2	det1=true
[6570]	21	92	-5	2	-4	2	det1=true
[6571]	43	92	-13	-12	-1	-6	det1=true
[6572]	43	92	-19	-12	-1	6	det1=true
[6573]	44	92	-6	-5	-4	-5	det1=true
[6574]	44	92	-11	-5	-4	5	det1=true
[6575]	47	92	-17	-10	-6	-2	det1=true
[6576]	48	92	-18	-11	-2	-6	det1=true
[6577]	48	92	-24	-11	-2	6	det1=true
[6578]	50	92	-21	-9	-4	-5	det1=true
[6579]	50	92	-26	-9	-4	5	det1=true
[6580]	55	92	-10	-1	-6	4	det1=true
[6581]	55	92	-5	-2	-4	-6	det1=true
[6582]	58	92	-25	-15	-6	-3	det1=true
[6583]	58	92	-28	-15	-6	3	det1=true
[6584]	67	92	-25	-18	-4	-6	det1=true
[6585]	67	92	-31	-18	-4	6	det1=true
[6586]	71	92	-18	3	-8	1	det1=true
[6587]	71	92	0	-1	-2	-8	det1=true
[6588]	71	92	-8	-1	-2	8	det1=true
[6589]	73	92	-25	-7	-5	-6	det1=true
[6590]	73	92	-31	-7	-5	6	det1=true
[6591]	74	92	-13	-6	-8	-2	det1=true
[6592]	81	92	-17	-3	-3	-8	det1=true
[6593]	81	92	-25	-3	-3	8	det1=true
[6594]	83	92	-39	-3	-7	4	det1=true
[6595]	83	92	-33	-6	-8	2	det1=true
[6596]	86	92	-39	-15	-5	-6	det1=true
[6597]	86	92	-45	-15	-5	6	det1=true
[6598]	86	92	-31	-21	-1	-8	det1=true
[6599]	86	92	-39	-21	-1	8	det1=true
[6600]	87	92	-32	-13	-2	-8	det1=true
[6601]	87	92	-40	-13	-2	8	det1=true
[6602]	29	89	-9	2	-5	-1	det1=true
[6603]	29	89	-10	2	-5	1	det1=true
[6604]	45	89	-20	-6	-6	1	det1=true
[6605]	47	89	-15	-8	-4	5	det1=true
[6606]	59	89	-25	0	-1	7	det1=true
[6607]	60	89	-16	-3	-6	-4	det1=true
[6608]	62	89	-19	-3	-7	-2	det1=true
[6609]	62	89	-21	-3	-7	2	det1=true
[6610]	62	89	-22	-9	-2	7	det1=true
[6611]	63	89	-28	1	-7	-1	det1=true
[6612]	63	89	-29	1	-7	1	det1=true
[6613]	63	89	-24	2	-7	2	det1=true
[6614]	67	89	-32	-10	-7	1	det1=true
[6615]	71	89	-10	2	-8	1	det1=true
[6616]	73	89	-31	-17	-4	-6	det1=true
[6617]	73	89	-37	-17	-4	6	det1=true
[6618]	73	89	-26	-7	-3	-7	det1=true
[6619]	73	89	-33	-7	-3	7	det1=true
[6620]	73	89	-23	-15	-7	-3	det1=true
[6621]	73	89	-26	-15	-7	3	det1=true
[6622]	74	89	-15	-5	-7	-4	det1=true
[6623]	74	89	-19	-5	-7	4	det1=true
[6624]	74	89	-3	-4	-2	-8	det1=true
[6625]	74	89	-11	-4	-2	8	det1=true
[6626]	77	89	-34	-20	-7	-2	det1=true
[6627]	80	89	-29	-1	-8	-1	det1=true
[6628]	82	89	-33	-11	-6	-5	det1=true
[6629]	82	89	-16	3	-8	-3	det1=true
[6630]	84	89	-29	-4	-8	-2	det1=true
[6631]	85	89	-23	-17	-2	-8	det1=true
[6632]	34	90	-11	-9	-2	-5	det1=true
[6633]	34	90	-16	-9	-2	5	det1=true
[6634]	35	90	-14	-9	-2	-5	det1=true
[6635]	73	90	-6	1	-8	-2	det1=true
[6636]	73	90	-8	1	-8	2	det1=true
[6637]	79	90	-23	-12	-1	-8	det1=true
[6638]	81	90	-31	-31	-2	-7	det1=true
[6639]	81	90	-38	-31	-2	7	det1=true
[6640]	82	90	-18	1	-8	-3	det1=true
[6641]	83	90	-31	-9	-7	-4	det1=true
[6642]	83	90	-35	-9	-7	4	det1=true
[6643]	49	91	-23	-9	-6	2	det1=true
[6644]	55	91	-7	-1	-4	6	det1=true
[6645]	61	91	-24	-2	-1	-7	det1=true
[6646]	61	91	-31	-2	-1	7	det1=true
[6647]	67	91	-24	-18	-6	-4	det1=true
[6648]	67	91	-28	-18	-6	4	det1=true
[6649]	68	91	-16	1	-6	-5	det1=true
[6650]	68	91	-21	1	-6	5	det1=true
[6651]	76	91	-29	-27	-2	-7	det1=true
[6652]	76	91	-36	-27	-2	7	det1=true
[6653]	78	91	-15	-14	-2	-8	det1=true
[6654]	78	91	-23	-14	-2	8	det1=true
[6655]	79	91	-12	0	-8	-3	det1=true
[6656]	79	91	-15	0	-8	3	det1=true
[6657]	80	91	-13	1	-3	-8	det1=true
[6658]	81	91	-13	-1	-5	-7	det1=true
[6659]	82	91	-15	-9	-3	-8	det1=true
[6660]	82	91	-23	-9	-3	8	det1=true
[6661]	83	91	-34	-16	-5	-6	det1=true
[6662]	83	91	-40	-16	-5	6	det1=true
[6663]	88	91	-39	-33	-7	-2	det1=true
[6664]	88	91	-41	-33	-7	2	det1=true
[6665]	88	91	-27	-6	-3	-8	det1=true
[6666]	89	91	-12	-5	-9	-1	det1=true
[6667]	89	91	-13	-5	-9	1	det1=true
[6668]	28	92	-11	-2	-3	-4	det1=true
[6669]	28	92	-15	-2	-3	4	det1=true
[6670]	35	92	-21	-9	-2	5	det1=true
[6671]	55	92	-6	-1	-6	-4	det1=true
[6672]	60	92	-16	-7	-2	-7	det1=true
[6673]	60	92	-23	-7	-2	7	det1=true
[6674]	69	92	-9	2	-7	-4	det1=true
[6675]	69	92	-13	2	-7	4	det1=true
[6676]	69	92	-11	-3	-7	4	det1=true
[6677]	71	92	-3	2	-8	-2	det1=true
[6678]	71	92	-5	2	-8	2	det1=true
[6679]	74	92	-22	-7	-8	1	det1=true
[6680]	75	92	-25	-1	-8	-1	det1=true
[6681]	75	92	-26	-1	-8	1	det1=true
[6682]	75	92	-17	-4	-8	-2	det1=true
[6683]	75	92	-19	-4	-8	2	det1=true
[6684]	78	92	-26	-7	-4	-7	det1=true
[6685]	78	92	-33	-7	-4	7	det1=true
[6686]	78	92	-27	-7	-7	-4	det1=true
[6687]	78	92	-31	-7	-7	4	det1=true
[6688]	83	92	-33	-6	-1	-8	det1=true
[6689]	89	92	-40	-35	-6	-4	det1=true
[6690]	89	92	-44	-35	-6	4	det1=true
[6691]	89	92	-32	-31	-6	-5	det1=true
[6692]	90	92	-41	-5	-1	-8	det1=true
[6693]	90	92	-49	-5	-1	8	det1=true
[6694]	91	92	-7	-9	-2	-9	det1=true
[6695]	91	92	-16	-9	-2	9	det1=true
[6696]	92	92	-39	-27	-6	-5	det1=true
[6697]	92	92	-44	-27	-6	5	det1=true
[6698]	33	89	-8	-6	-2	-5	det1=true
[6699]	41	89	-13	-11	-5	-3	det1=true
[6700]	41	89	-16	-11	-5	3	det1=true
[6701]	44	89	-16	-7	-6	-1	det1=true
[6702]	44	89	-17	-7	-6	1	det1=true
[6703]	47	89	-10	-8	-4	-5	det1=true
[6704]	52	89	-24	-19	-6	-1	det1=true
[6705]	59	89	-17	-6	-1	-7	det1=true
[6706]	61	89	-17	-5	-4	-6	det1=true
[6707]	62	89	-15	-9	-2	-7	det1=true
[6708]	65	89	-17	-16	-2	-7	det1=true
[6709]	65	89	-24	-16	-2	7	det1=true
[6710]	69	89	-30	-25	-1	7	det1=true
[6711]	71	89	-9	2	-8	-1	det1=true
[6712]	72	89	-13	3	-8	-1	det1=true
[6713]	72	89	-14	3	-8	1	det1=true
[6714]	73	89	-26	-24	-4	-6	det1=true
[6715]	73	89	-32	-24	-4	6	det1=true
[6716]	74	89	-6	-1	-8	-2	det1=true
[6717]	74	89	-8	-1	-8	2	det1=true
[6718]	80	89	-33	-3	-4	7	det1=true
[6719]	81	89	-8	0	-7	-5	det1=true
[6720]	81	89	-13	0	-7	5	det1=true
[6721]	83	89	-12	-6	-7	-5	det1=true
[6722]	83	89	-17	-6	-7	5	det1=true
[6723]	83	89	-18	-7	-5	7	det1=true
[6724]	87	89	-22	-4	-7	-5	det1=true
[6725]	87	89	-27	-4	-7	5	det1=true
[6726]	89	89	-24	-8	-7	-5	det1=true
[6727]	89	89	-29	-8	-7	5	det1=true
[6728]	33	90	-15	-5	-2	5	det1=true
[6729]	44	90	-19	-3	-6	-1	det1=true
[6730]	44	90	-20	-3	-6	1	det1=true
[6731]	47	90	-16	-9	-4	5	det1=true
[6732]	73	90	-3	-2	-2	-8	det1=true
[6733]	73	90	-11	-2	-2	8	det1=true
[6734]	82	90	-27	-13	-4	-7	det1=true
[6735]	82	90	-34	-13	-4	7	det1=true
[6736]	41	91	-17	-9	-5	-3	det1=true
[6737]	41	91	-20	-9	-5	3	det1=true
[6738]	46	91	-11	-7	-5	-4	det1=true
[6739]	46	91	-15	-7	-5	4	det1=true
[6740]	57	91	-18	-4	-7	-1	det1=true
[6741]	57	91	-19	-4	-7	1	det1=true
[6742]	57	91	-7	0	-2	-7	det1=true
[6743]	57	91	-14	0	-2	7	det1=true
[6744]	59	91	-15	-7	-6	-4	det1=true
[6745]	59	91	-19	-7	-6	4	det1=true
[6746]	72	91	-28	-21	-2	-7	det1=true
[6747]	87	91	-38	-37	-1	-7	det1=true
[6748]	87	91	-45	-37	-1	7	det1=true
[6749]	89	91	-40	-7	-7	-4	det1=true
[6750]	89	91	-44	-7	-7	4	det1=true
[6751]	89	91	-38	-10	-1	-8	det1=true
[6752]	89	91	-34	-1	-7	5	det1=true
[6753]	47	92	-19	-10	-6	2	det1=true
[6754]	50	92	-22	-11	-2	-6	det1=true
[6755]	50	92	-28	-11	-2	6	det1=true
[6756]	66	92	-23	-17	-7	-2	det1=true
[6757]	66	92	-25	-17	-7	2	det1=true
[6758]	69	92	-7	-1	-1	-8	det1=true
[6759]	69	92	-7	-3	-7	-4	det1=true
[6760]	69	92	-5	-6	-1	-8	det1=true
[6761]	69	92	-13	-6	-1	8	det1=true
[6762]	71	92	-14	1	-4	-7	det1=true
[6763]	71	92	-21	1	-4	7	det1=true
[6764]	74	92	-21	-7	-8	-1	det1=true
[6765]	83	92	-35	-3	-7	-4	det1=true
[6766]	83	92	-41	-6	-1	8	det1=true
[6767]	88	92	-31	-3	-8	-3	det1=true
[6768]	88	92	-34	-3	-8	3	det1=true
[6769]	92	92	-43	0	-8	-2	det1=true
[6770]	92	92	-45	0	-8	2	det1=true
[6771]	59	89	-24	-6	-1	7	det1=true
[6772]	61	89	-23	-5	-4	6	det1=true
[6773]	73	89	-32	0	-7	3	det1=true
[6774]	74	89	-13	-8	-1	-8	det1=true
[6775]	77	89	-30	-26	-4	-6	det1=true
[6776]	77	89	-36	-26	-4	6	det1=true
[6777]	78	89	-36	-19	-4	-6	det1=true
[6778]	78	89	-42	-19	-4	6	det1=true
[6779]	40	90	-3	-4	-1	-6	det1=true
[6780]	47	90	-11	-9	-4	-5	det1=true
[6781]	48	90	-14	-9	-4	-5	det1=true
[6782]	48	90	-19	-9	-4	5	det1=true
[6783]	81	90	-26	-3	-8	-2	det1=true
[6784]	81	90	-28	-3	-8	2	det1=true
[6785]	81	90	-23	-6	-2	-8	det1=true
[6786]	81	90	-31	-6	-2	8	det1=true
[6787]	28	91	-7	-7	-3	-4	det1=true
[6788]	28	91	-11	-7	-3	4	det1=true
[6789]	31	91	-15	-7	-5	-1	det1=true
[6790]	31	91	-16	-7	-5	1	det1=true
[6791]	71	91	-23	-14	-7	-3	det1=true
[6792]	71	91	-26	-14	-7	3	det1=true
[6793]	78	91	-37	-29	-2	7	det1=true
[6794]	86	91	-21	-13	-3	-8	det1=true
[6795]	86	91	-29	-13	-3	8	det1=true
[6796]	91	91	-7	-2	-2	-9	det1=true
[6797]	91	91	-16	-2	-2	9	det1=true
[6798]	28	92	-10	-5	-4	-3	det1=true
[6799]	28	92	-13	-5	-4	3	det1=true
[6800]	73	92	-27	1	-6	-5	det1=true
[6801]	73	92	-32	1	-6	5	det1=true
[6802]	89	92	-5	1	-9	-2	det1=true
[6803]	89	92	-7	1	-9	2	det1=true
[6804]	37	89	-3	-1	-3	-5	det1=true
[6805]	37	89	-8	-1	-3	5	det1=true
[6806]	58	89	-25	-20	-5	-4	det1=true
[6807]	58	89	-29	-20	-5	4	det1=true
[6808]	63	89	-22	2	-7	-2	det1=true
[6809]	69	89	-26	-22	-7	-1	det1=true
[6810]	69	89	-27	-22	-7	1	det1=true
[6811]	73	89	-16	4	-8	-1	det1=true
[6812]	73	89	-17	4	-8	1	det1=true
[6813]	77	89	-30	-14	-7	-3	det1=true
[6814]	77	89	-33	-14	-7	3	det1=true
[6815]	40	90	-9	-4	-1	6	det1=true
[6816]	45	90	-9	1	-5	-4	det1=true
[6817]	45	90	-13	1	-5	4	det1=true
[6818]	86	90	-23	-3	-3	-8	det1=true
[6819]	86	90	-31	-3	-3	8	det1=true
[6820]	90	90	-33	-22	-1	-8	det1=true
[6821]	90	90	-41	-22	-1	8	det1=true
[6822]	64	91	-20	-13	-2	-7	det1=true
[6823]	43	92	-17	-3	-1	-6	det1=true
[6824]	43	92	-23	-3	-1	6	det1=true
[6825]	66	92	-28	-1	-2	-7	det1=true
[6826]	66	92	-35	-1	-2	7	det1=true
[6827]	67	92	-26	-17	-6	-4	det1=true
[6828]	67	92	-30	-17	-6	4	det1=true
[6829]	74	92	-10	-9	-2	-8	det1=true
[6830]	74	92	-18	-9	-2	8	det1=true
[6831]	83	92	-19	-11	-8	-3	det1=true
[6832]	83	92	-22	-11	-8	3	det1=true
[6833]	29	89	-10	-5	-3	-4	det1=true
[6834]	29	89	-14	-5	-3	4	det1=true
[6835]	49	89	-18	-10	-6	-2	det1=true
[6836]	49	89	-20	-10	-6	2	det1=true
[6837]	57	89	-13	-3	-1	-7	det1=true
[6838]	57	89	-20	-3	-1	7	det1=true
[6839]	75	89	-14	-10	-4	-7	det1=true
[6840]	75	89	-21	-10	-4	7	det1=true
[6841]	81	89	-17	-15	-2	-8	det1=true
[6842]	81	89	-7	-1	-5	-7	det1=true
[6843]	81	89	-14	-1	-5	7	det1=true
[6844]	48	91	-19	-11	-4	5	det1=true
[6845]	45	92	-9	-7	-4	-5	det1=true
[6846]	45	92	-14	-7	-4	5	det1=true
[6847]	92	92	-33	-29	-1	-8	det1=true
[6848]	92	92	-41	-29	-1	8	det1=true
[6849]	81	89	-23	-7	-8	-2	det1=true
[6850]	81	89	-25	-7	-8	2	det1=true
[6851]	44	90	-16	-9	-6	-1	det1=true
[6852]	44	90	-17	-9	-6	1	det1=true
[6853]	46	90	-9	-7	-4	-5	det1=true
[6854]	46	90	-14	-7	-4	5	det1=true
[6855]	90	90	-23	-18	-3	-8	det1=true
[6856]	90	90	-31	-18	-3	8	det1=true
[6857]	48	91	-14	-11	-4	-5	det1=true
[6858]	89	91	-29	-1	-7	-5	det1=true
[6859]	71	89	-6	-2	-7	-4	det1=true
[6860]	71	89	-10	-2	-7	4	det1=true
[6861]	81	89	-20	-10	-2	-8	det1=true
[6862]	81	89	-28	-10	-2	8	det1=true
[6863]	86	89	-32	-11	-4	-7	det1=true
[6864]	86	89	-39	-11	-4	7	det1=true
[6865]	89	89	-7	1	-9	-1	det1=true
[6866]	89	89	-8	1	-9	1	det1=true
[6867]	43	90	-13	-9	-6	-1	det1=true
[6868]	43	90	-14	-9	-6	1	det1=true
[6869]	57	91	-8	-2	-7	-2	det1=true
[6870]	57	91	-10	-2	-7	2	det1=true
[6871]	71	91	-28	-16	-3	7	det1=true
[6872]	71	91	-20	-7	-5	-6	det1=true
[6873]	71	91	-26	-7	-5	6	det1=true
[6874]	72	92	-13	-10	-1	-8	det1=true
[6875]	72	92	-21	-10	-1	8	det1=true
[6876]	83	92	-30	-15	-4	-7	det1=true
[6877]	83	92	-37	-15	-4	7	det1=true
[6878]	66	91	-9	-2	-5	-6	det1=true
[6879]	71	91	-21	-16	-3	-7	det1=true
[6880]	74	90	-11	-14	-1	-8	det1=true
[6881]	74	90	-19	-14	-1	8	det1=true
[6882]	90	90	-34	-11	-2	-8	det1=true
[6883]	90	90	-42	-11	-2	8	det1=true
[6884]	66	91	-15	-2	-5	6	det1=true
[6885]	74	92	-25	-11	-5	-6	det1=true
[6886]	74	92	-31	-11	-5	6	det1=true
[6887]	83	90	-33	-1	-7	-4	det1=true
[6888]	83	90	-37	-1	-7	4	det1=true
[6889]	65	92	-21	-17	-7	-2	det1=true
[6890]	65	92	-23	-17	-7	2	det1=true
[6891]	73	89	-27	-23	-6	-4	det1=true
[6892]	73	89	-31	-23	-6	4	det1=true
[6893]	50	91	-19	-11	-5	-4	det1=true
[6894]	50	91	-23	-11	-5	4	det1=true
[6895]	78	89	-37	-18	-6	-4	det1=true
[6896]	60	91	-29	-24	-6	-2	det1=true
[6897]	60	91	-31	-24	-6	2	det1=true
[6898]	91	91	-36	-12	-2	-8	det1=true
[6899]	91	91	-44	-12	-2	8	det1=true
[6900]	89	91	-8	-9	-1	-9	det1=true
[6901]	89	91	-17	-9	-1	9	det1=true
[6902]	93	93	-37	2	-7	-5	det1=true
[6903]	93	93	-42	2	-7	5	det1=true
[6904]	93	93	-36	1	-5	-7	det1=true
[6905]	93	93	-43	1	-5	7	det1=true
[6906]	51	94	-19	-5	-6	-3	det1=true
[6907]	51	94	-22	-5	-6	3	det1=true
[6908]	54	94	-23	-8	-3	-6	det1=true
[6909]	54	94	-29	-8	-3	6	det1=true
[6910]	82	94	-38	3	-8	-1	det1=true
[6911]	82	94	-39	3	-8	1	det1=true
[6912]	55	95	-11	-5	-4	-6	det1=true
[6913]	55	95	-17	-5	-4	6	det1=true
[6914]	67	95	-21	-13	-3	-7	det1=true
[6915]	67	95	-28	-13	-3	7	det1=true
[6916]	68	95	-31	-16	-4	-6	det1=true
[6917]	68	95	-37	-16	-4	6	det1=true
[6918]	80	95	-33	-2	-1	-8	det1=true
[6919]	88	95	-41	-36	-4	-6	det1=true
[6920]	88	95	-47	-36	-4	6	det1=true
[6921]	81	96	-37	-2	-7	-4	det1=true
[6922]	81	96	-41	-2	-7	4	det1=true
[6923]	94	96	-17	-7	-8	-5	det1=true
[6924]	94	96	-22	-7	-8	5	det1=true
[6925]	32	93	-13	1	-5	-2	det1=true
[6926]	32	93	-15	1	-5	2	det1=true
[6927]	73	93	-17	-10	-4	-7	det1=true
[6928]	73	93	-24	-10	-4	7	det1=true
[6929]	88	93	-41	-7	-7	-4	det1=true
[6930]	88	93	-45	-7	-7	4	det1=true
[6931]	93	93	-30	-19	-7	-5	det1=true
[6932]	93	93	-35	-19	-7	5	det1=true
[6933]	93	93	-29	-20	-5	-7	det1=true
[6934]	93	93	-36	-20	-5	7	det1=true
[6935]	75	94	-24	-11	-8	-1	det1=true
[6936]	75	94	-25	-11	-8	1	det1=true
[6937]	77	94	-31	-13	-5	-6	det1=true
[6938]	77	94	-37	-13	-5	6	det1=true
[6939]	79	94	-24	-13	-8	-2	det1=true
[6940]	79	94	-26	-13	-8	2	det1=true
[6941]	89	94	-33	-1	-3	-8	det1=true
[6942]	37	95	-13	-13	-4	-4	det1=true
[6943]	55	95	-19	-4	-7	-1	det1=true
[6944]	55	95	-20	-4	-7	1	det1=true
[6945]	58	95	-16	-11	-4	-6	det1=true
[6946]	58	95	-22	-11	-4	6	det1=true
[6947]	65	95	-16	-14	-3	-7	det1=true
[6948]	65	95	-23	-14	-3	7	det1=true
[6949]	67	95	-23	-11	-7	-3	det1=true
[6950]	67	95	-26	-11	-7	3	det1=true
[6951]	74	95	-27	-3	-8	-1	det1=true
[6952]	74	95	-28	-3	-8	1	det1=true
[6953]	74	95	-7	1	-8	3	det1=true
[6954]	78	95	-39	-14	-5	6	det1=true
[6955]	81	95	-18	-14	-8	-3	det1=true
[6956]	81	95	-21	-14	-8	3	det1=true
[6957]	95	95	-26	-8	-9	-2	det1=true
[6958]	95	95	-28	-8	-9	2	det1=true
[6959]	26	96	-7	-3	-3	-4	det1=true
[6960]	26	96	-11	-3	-3	4	det1=true
[6961]	48	96	-19	-13	-5	-4	det1=true
[6962]	48	96	-23	-13	-5	4	det1=true
[6963]	81	96	-34	-15	-8	-1	det1=true
[6964]	86	96	-42	-11	-8	-1	det1=true
[6965]	86	96	-43	-11	-8	1	det1=true
[6966]	91	96	-42	-19	-4	-7	det1=true
[6967]	91	96	-49	-19	-4	7	det1=true
[6968]	95	96	-17	-10	-5	-8	det1=true
[6969]	95	96	-25	-10	-5	8	det1=true
[6970]	14	93	-5	-3	-3	-2	det1=true
[6971]	14	93	-7	-3	-3	2	det1=true
[6972]	31	93	-14	-11	-5	-1	det1=true
[6973]	57	93	-20	-20	-3	-6	det1=true
[6974]	57	93	-26	-20	-3	6	det1=true
[6975]	57	93	-12	-4	-7	-2	det1=true
[6976]	57	93	-14	-4	-7	2	det1=true
[6977]	61	93	-23	-13	-1	-7	det1=true
[6978]	61	93	-30	-13	-1	7	det1=true
[6979]	74	93	-15	-2	-2	-8	det1=true
[6980]	82	93	-38	-9	-6	-5	det1=true
[6981]	82	93	-43	-9	-6	5	det1=true
[6982]	92	93	-15	-5	-2	-9	det1=true
[6983]	92	93	-24	-5	-2	9	det1=true
[6984]	53	94	-17	-15	-3	-6	det1=true
[6985]	53	94	-23	-15	-3	6	det1=true
[6986]	61	94	-24	-3	-4	-6	det1=true
[6987]	61	94	-30	-3	-4	6	det1=true
[6988]	63	94	-22	-13	-2	-7	det1=true
[6989]	63	94	-29	-13	-2	7	det1=true
[6990]	64	94	-8	-5	-6	-5	det1=true
[6991]	64	94	-13	-5	-6	5	det1=true
[6992]	68	94	-31	-14	-4	-6	det1=true
[6993]	68	94	-37	-14	-4	6	det1=true
[6994]	73	94	-21	-3	-1	-8	det1=true
[6995]	73	94	-29	-3	-1	8	det1=true
[6996]	77	94	-34	-5	-6	-5	det1=true
[6997]	78	94	-22	-11	-2	-8	det1=true
[6998]	78	94	-30	-11	-2	8	det1=true
[6999]	79	94	-29	-12	-7	-4	det1=true
[7000]	79	94	-33	-12	-7	4	det1=true
[7001]	80	94	-36	-11	-6	-5	det1=true
[7002]	80	94	-41	-11	-6	5	det1=true
[7003]	82	94	-32	-23	-6	-5	det1=true
[7004]	82	94	-37	-23	-6	5	det1=true
[7005]	83	94	-37	-17	-6	-5	det1=true
[7006]	83	94	-42	-17	-6	5	det1=true
[7007]	88	94	-23	-22	-3	-8	det1=true
[7008]	88	94	-31	-22	-3	8	det1=true
[7009]	27	95	-8	1	-5	-1	det1=true
[7010]	27	95	-9	1	-5	1	det1=true
[7011]	30	95	-6	1	-2	-5	det1=true
[7012]	30	95	-11	1	-2	5	det1=true
[7013]	35	95	-6	-1	-5	-3	det1=true
[7014]	35	95	-9	-1	-5	3	det1=true
[7015]	41	95	-18	0	-6	-1	det1=true
[7016]	41	95	-5	1	-2	-6	det1=true
[7017]	41	95	-11	1	-2	6	det1=true
[7018]	44	95	-17	-2	-6	-2	det1=true
[7019]	44	95	-19	-2	-6	2	det1=true
[7020]	53	95	-12	-6	-7	-1	det1=true
[7021]	53	95	-13	-6	-7	1	det1=true
[7022]	61	95	-13	-2	-7	-3	det1=true
[7023]	61	95	-16	-2	-7	3	det1=true
[7024]	62	95	-27	-2	-7	-2	det1=true
[7025]	62	95	-29	-2	-7	2	det1=true
[7026]	68	95	-15	-1	-8	1	det1=true
[7027]	68	95	-11	-3	-4	-7	det1=true
[7028]	68	95	-18	-3	-4	7	det1=true
[7029]	69	95	-18	-14	-5	-6	det1=true
[7030]	69	95	-24	-14	-5	6	det1=true
[7031]	70	95	-21	-13	-6	-5	det1=true
[7032]	70	95	-26	-13	-6	5	det1=true
[7033]	71	95	-9	-7	-2	-8	det1=true
[7034]	71	95	-17	-7	-2	8	det1=true
[7035]	78	95	-31	-12	-2	8	det1=true
[7036]	80	95	-35	1	-7	-4	det1=true
[7037]	80	95	-39	1	-7	4	det1=true
[7038]	81	95	-20	-5	-5	-7	det1=true
[7039]	81	95	-27	-5	-5	7	det1=true
[7040]	83	95	-36	-8	-4	-7	det1=true
[7041]	83	95	-43	-8	-4	7	det1=true
[7042]	86	95	-36	-13	-8	-2	det1=true
[7043]	86	95	-38	-13	-8	2	det1=true
[7044]	84	96	-30	-5	-8	-3	det1=true
[7045]	84	96	-33	-5	-8	3	det1=true
[7046]	86	96	-39	-13	-1	-8	det1=true
[7047]	86	96	-47	-13	-1	8	det1=true
[7048]	86	96	-34	-25	-8	-1	det1=true
[7049]	86	96	-35	-25	-8	1	det1=true
[7050]	27	93	-2	0	-1	-5	det1=true
[7051]	27	93	-7	0	-1	5	det1=true
[7052]	37	93	-12	1	-5	-3	det1=true
[7053]	37	93	-15	1	-5	3	det1=true
[7054]	43	93	-5	-2	-4	-5	det1=true
[7055]	43	93	-10	-2	-4	5	det1=true
[7056]	52	93	-21	-17	-5	-4	det1=true
[7057]	52	93	-25	-17	-5	4	det1=true
[7058]	56	93	-8	1	-2	-7	det1=true
[7059]	56	93	-15	1	-2	7	det1=true
[7060]	61	93	-25	-8	-1	-7	det1=true
[7061]	61	93	-32	-8	-1	7	det1=true
[7062]	63	93	-22	-20	-1	-7	det1=true
[7063]	63	93	-29	-20	-1	7	det1=true
[7064]	65	93	-16	-9	-3	-7	det1=true
[7065]	67	93	0	2	-7	-4	det1=true
[7066]	67	93	-4	2	-7	4	det1=true
[7067]	71	93	-15	-4	-4	-7	det1=true
[7068]	71	93	-22	-4	-4	7	det1=true
[7069]	73	93	-20	-18	-6	-5	det1=true
[7070]	73	93	-10	-8	-2	-8	det1=true
[7071]	73	93	-18	-8	-2	8	det1=true
[7072]	74	93	-23	-2	-2	8	det1=true
[7073]	74	93	-16	-5	-8	-2	det1=true
[7074]	83	93	-38	-30	-7	-2	det1=true
[7075]	83	93	-40	-30	-7	2	det1=true
[7076]	85	93	-26	1	-7	-5	det1=true
[7077]	85	93	-31	1	-7	5	det1=true
[7078]	86	93	-36	-17	-8	-1	det1=true
[7079]	86	93	-37	-17	-8	1	det1=true
[7080]	88	93	-31	-26	-7	-4	det1=true
[7081]	88	93	-35	-26	-7	4	det1=true
[7082]	90	93	-29	-32	-1	-8	det1=true
[7083]	90	93	-37	-32	-1	8	det1=true
[7084]	92	93	-16	-3	-6	-7	det1=true
[7085]	92	93	-23	-3	-6	7	det1=true
[7086]	28	94	-11	-7	-4	-3	det1=true
[7087]	28	94	-14	-7	-4	3	det1=true
[7088]	44	94	-14	-3	-2	-6	det1=true
[7089]	44	94	-20	-3	-2	6	det1=true
[7090]	48	94	-21	-5	-5	-4	det1=true
[7091]	48	94	-25	-5	-5	4	det1=true
[7092]	55	94	-7	-2	-7	-2	det1=true
[7093]	55	94	-9	-2	-7	2	det1=true
[7094]	57	94	-29	-24	-5	4	det1=true
[7095]	57	94	-10	-9	-2	-7	det1=true
[7096]	57	94	-17	-9	-2	7	det1=true
[7097]	61	94	-18	-13	-2	-7	det1=true
[7098]	61	94	-25	-13	-2	7	det1=true
[7099]	65	94	-28	-11	-4	-6	det1=true
[7100]	65	94	-34	-11	-4	6	det1=true
[7101]	65	94	-26	-15	-4	-6	det1=true
[7102]	65	94	-32	-15	-4	6	det1=true
[7103]	65	94	-13	-1	-5	-6	det1=true
[7104]	65	94	-11	-6	-5	-6	det1=true
[7105]	65	94	-17	-6	-5	6	det1=true
[7106]	67	94	-5	1	-4	-7	det1=true
[7107]	67	94	-12	1	-4	7	det1=true
[7108]	70	94	-30	-21	-6	-4	det1=true
[7109]	70	94	-34	-21	-6	4	det1=true
[7110]	70	94	-17	-3	-8	-1	det1=true
[7111]	70	94	-18	-3	-8	1	det1=true
[7112]	72	94	-21	-5	-8	-1	det1=true
[7113]	72	94	-22	-5	-8	1	det1=true
[7114]	72	94	-15	-13	-1	-8	det1=true
[7115]	74	94	-22	-7	-4	-7	det1=true
[7116]	74	94	-29	-7	-4	7	det1=true
[7117]	79	94	-33	-15	-6	-5	det1=true
[7118]	79	94	-38	-15	-6	5	det1=true
[7119]	79	94	-11	-13	-3	-8	det1=true
[7120]	79	94	-19	-13	-3	8	det1=true
[7121]	80	94	-13	-14	-3	-8	det1=true
[7122]	80	94	-21	-14	-3	8	det1=true
[7123]	82	94	-33	-15	-8	-1	det1=true
[7124]	82	94	-34	-15	-8	1	det1=true
[7125]	87	94	-37	-16	-1	-8	det1=true
[7126]	87	94	-45	-16	-1	8	det1=true
[7127]	88	94	-35	-29	-6	-5	det1=true
[7128]	88	94	-40	-29	-6	5	det1=true
[7129]	88	94	-31	-11	-8	-3	det1=true
[7130]	88	94	-34	-11	-8	3	det1=true
[7131]	91	94	-40	-15	-8	-2	det1=true
[7132]	91	94	-42	-15	-8	2	det1=true
[7133]	91	94	-35	-5	-3	-8	det1=true
[7134]	91	94	-43	-5	-3	8	det1=true
[7135]	91	94	-37	-5	-8	-3	det1=true
[7136]	91	94	-40	-5	-8	3	det1=true
[7137]	91	94	-3	3	-8	-5	det1=true
[7138]	91	94	-8	3	-8	5	det1=true
[7139]	93	94	-44	-21	-8	1	det1=true
[7140]	18	95	-8	-1	-4	-1	det1=true
[7141]	18	95	-9	-1	-4	1	det1=true
[7142]	33	95	-14	-9	-5	-2	det1=true
[7143]	33	95	-16	-9	-5	2	det1=true
[7144]	40	95	-12	-7	-6	-1	det1=true
[7145]	52	95	-24	-19	-6	-2	det1=true
[7146]	52	95	-22	-21	-2	-6	det1=true
[7147]	59	95	-16	-12	-7	-2	det1=true
[7148]	64	95	-11	-4	-5	-6	det1=true
[7149]	64	95	-17	-4	-5	6	det1=true
[7150]	66	95	-26	-17	-2	-7	det1=true
[7151]	66	95	-3	-1	-7	-4	det1=true
[7152]	68	95	-32	-15	-6	-4	det1=true
[7153]	68	95	-36	-15	-6	4	det1=true
[7154]	68	95	-27	-21	-7	-2	det1=true
[7155]	68	95	-29	-21	-7	2	det1=true
[7156]	68	95	-21	-4	-5	-6	det1=true
[7157]	68	95	-27	-4	-5	6	det1=true
[7158]	69	95	-20	1	-7	4	det1=true
[7159]	69	95	-14	-2	-1	-8	det1=true
[7160]	69	95	-22	-2	-1	8	det1=true
[7161]	70	95	-23	-9	-5	-6	det1=true
[7162]	70	95	-29	-9	-5	6	det1=true
[7163]	71	95	-31	-23	-6	-4	det1=true
[7164]	71	95	-35	-23	-6	4	det1=true
[7165]	71	95	-12	-4	-8	-2	det1=true
[7166]	71	95	-14	-4	-8	2	det1=true
[7167]	72	95	-19	2	-8	2	det1=true
[7168]	74	95	-31	-27	-7	-2	det1=true
[7169]	74	95	-33	-27	-7	2	det1=true
[7170]	74	95	-4	1	-8	-3	det1=true
[7171]	75	95	-14	-16	-2	-8	det1=true
[7172]	75	95	-22	-16	-2	8	det1=true
[7173]	77	95	-26	-14	-7	-4	det1=true
[7174]	77	95	-30	-14	-7	4	det1=true
[7175]	77	95	-14	1	-3	-8	det1=true
[7176]	77	95	-22	1	-3	8	det1=true
[7177]	77	95	-10	-5	-7	-5	det1=true
[7178]	77	95	-15	-5	-7	5	det1=true
[7179]	78	95	-33	-14	-5	-6	det1=true
[7180]	78	95	-23	-12	-2	-8	det1=true
[7181]	80	95	-33	-19	-5	-6	det1=true
[7182]	80	95	-39	-19	-5	6	det1=true
[7183]	83	95	-36	2	-8	-2	det1=true
[7184]	83	95	-24	-4	-5	-7	det1=true
[7185]	83	95	-31	-4	-5	7	det1=true
[7186]	83	95	-5	3	-9	-1	det1=true
[7187]	83	95	-6	3	-9	1	det1=true
[7188]	85	95	-34	-32	-7	-3	det1=true
[7189]	85	95	-37	-32	-7	3	det1=true
[7190]	87	95	-40	-16	-8	-1	det1=true
[7191]	87	95	-41	-16	-8	1	det1=true
[7192]	87	95	-37	-18	-4	-7	det1=true
[7193]	87	95	-44	-18	-4	7	det1=true
[7194]	88	95	-8	-7	-2	-9	det1=true
[7195]	88	95	-17	-7	-2	9	det1=true
[7196]	89	95	-37	-34	-3	-7	det1=true
[7197]	89	95	-44	-34	-3	7	det1=true
[7198]	89	95	-20	-9	-9	-1	det1=true
[7199]	89	95	-21	-9	-9	1	det1=true
[7200]	93	95	-29	-24	-7	-5	det1=true
[7201]	93	95	-34	-24	-7	5	det1=true
[7202]	93	95	-28	-25	-5	-7	det1=true
[7203]	93	95	-35	-25	-5	7	det1=true
[7204]	94	95	-39	-8	-3	-8	det1=true
[7205]	94	95	-47	-8	-3	8	det1=true
[7206]	95	95	-15	-10	-8	-5	det1=true
[7207]	44	96	-14	-3	-4	-5	det1=true
[7208]	44	96	-19	-3	-4	5	det1=true
[7209]	57	96	-16	-3	-2	-7	det1=true
[7210]	57	96	-23	-3	-2	7	det1=true
[7211]	67	96	-13	-1	-8	-1	det1=true
[7212]	69	96	-15	-7	-7	-4	det1=true
[7213]	69	96	-19	-7	-7	4	det1=true
[7214]	72	96	-19	4	-8	-2	det1=true
[7215]	72	96	-21	4	-8	2	det1=true
[7216]	73	96	-30	-7	-4	7	det1=true
[7217]	78	96	-25	-6	-3	8	det1=true
[7218]	80	96	-31	-8	-8	-2	det1=true
[7219]	80	96	-33	-8	-8	2	det1=true
[7220]	81	96	-35	-5	-1	-8	det1=true
[7221]	81	96	-35	-15	-8	1	det1=true
[7222]	84	96	-32	-15	-2	-8	det1=true
[7223]	84	96	-40	-15	-2	8	det1=true
[7224]	85	96	-34	-21	-4	-7	det1=true
[7225]	86	96	-37	-21	-8	-1	det1=true
[7226]	86	96	-38	-21	-8	1	det1=true
[7227]	86	96	-34	-23	-4	-7	det1=true
[7228]	86	96	-41	-23	-4	7	det1=true
[7229]	88	96	-12	-5	-2	-9	det1=true
[7230]	88	96	-21	-5	-2	9	det1=true
[7231]	33	93	-12	-8	-2	-5	det1=true
[7232]	33	93	-17	-8	-2	5	det1=true
[7233]	43	93	-6	2	-4	-5	det1=true
[7234]	43	93	-11	2	-4	5	det1=true
[7235]	46	93	-16	-1	-4	-5	det1=true
[7236]	46	93	-21	-1	-4	5	det1=true
[7237]	49	93	-16	-15	-5	-4	det1=true
[7238]	49	93	-20	-15	-5	4	det1=true
[7239]	51	93	-22	-13	-5	-4	det1=true
[7240]	55	93	-2	-2	-2	-7	det1=true
[7241]	55	93	-9	-2	-2	7	det1=true
[7242]	57	93	-22	1	-7	-1	det1=true
[7243]	57	93	-23	1	-7	1	det1=true
[7244]	57	93	-19	-2	-1	-7	det1=true
[7245]	57	93	-26	-2	-1	7	det1=true
[7246]	61	93	-20	-9	-7	-2	det1=true
[7247]	61	93	-22	-9	-7	2	det1=true
[7248]	65	93	-26	-12	-7	-2	det1=true
[7249]	65	93	-28	-12	-7	2	det1=true
[7250]	65	93	-18	-7	-7	-3	det1=true
[7251]	65	93	-21	-7	-7	3	det1=true
[7252]	65	93	-23	-9	-3	7	det1=true
[7253]	67	93	2	-1	-1	-8	det1=true
[7254]	69	93	-30	-16	-7	-2	det1=true
[7255]	72	93	-21	1	-8	-1	det1=true
[7256]	72	93	-22	1	-8	1	det1=true
[7257]	72	93	-17	-7	-7	-4	det1=true
[7258]	73	93	-20	-8	-8	-1	det1=true
[7259]	73	93	-14	-15	-1	-8	det1=true
[7260]	73	93	-22	-15	-1	8	det1=true
[7261]	76	93	-37	-3	-6	5	det1=true
[7262]	78	93	-12	-5	-8	-3	det1=true
[7263]	78	93	-15	-5	-8	3	det1=true
[7264]	80	93	-38	-3	-4	7	det1=true
[7265]	81	93	-21	-2	-8	-3	det1=true
[7266]	81	93	-24	-2	-8	3	det1=true
[7267]	84	93	-17	-18	-3	-8	det1=true
[7268]	84	93	-25	-18	-3	8	det1=true
[7269]	86	93	-33	-19	-4	-7	det1=true
[7270]	86	93	-40	-19	-4	7	det1=true
[7271]	86	93	-29	-25	-7	-4	det1=true
[7272]	86	93	-33	-25	-7	4	det1=true
[7273]	87	93	-41	-8	-8	-1	det1=true
[7274]	87	93	-42	-8	-8	1	det1=true
[7275]	87	93	-38	-10	-4	-7	det1=true
[7276]	87	93	-45	-10	-4	7	det1=true
[7277]	89	93	-29	-25	-2	-8	det1=true
[7278]	89	93	-37	-25	-2	8	det1=true
[7279]	89	93	-8	-3	-9	-2	det1=true
[7280]	89	93	-10	-3	-9	2	det1=true
[7281]	91	93	-41	-24	-6	-5	det1=true
[7282]	91	93	-46	-24	-6	5	det1=true
[7283]	92	93	-37	-25	-1	-8	det1=true
[7284]	92	93	-45	-25	-1	8	det1=true
[7285]	92	93	-12	-11	-2	-9	det1=true
[7286]	92	93	-21	-11	-2	9	det1=true
[7287]	30	94	-4	1	-2	-5	det1=true
[7288]	30	94	-9	1	-2	5	det1=true
[7289]	43	94	-12	-3	-4	5	det1=true
[7290]	45	94	-11	-9	-4	-5	det1=true
[7291]	46	94	-21	0	-6	-2	det1=true
[7292]	46	94	-23	0	-6	2	det1=true
[7293]	46	94	-19	-10	-6	2	det1=true
[7294]	53	94	-3	2	-6	4	det1=true
[7295]	57	94	-25	-24	-5	-4	det1=true
[7296]	60	94	-24	-11	-2	7	det1=true
[7297]	61	94	-21	-12	-6	-4	det1=true
[7298]	61	94	-25	-12	-6	4	det1=true
[7299]	64	94	-9	-3	-5	-6	det1=true
[7300]	64	94	-15	-3	-5	6	det1=true
[7301]	65	94	-19	-1	-5	6	det1=true
[7302]	72	94	-23	-13	-1	8	det1=true
[7303]	81	94	-35	-1	-7	-4	det1=true
[7304]	81	94	-39	-1	-7	4	det1=true
[7305]	83	94	-35	-7	-1	-8	det1=true
[7306]	83	94	-43	-7	-1	8	det1=true
[7307]	84	94	-26	-21	-2	-8	det1=true
[7308]	84	94	-34	-21	-2	8	det1=true
[7309]	87	94	-39	-13	-7	-4	det1=true
[7310]	87	94	-43	-13	-7	4	det1=true
[7311]	87	94	-5	3	-9	-2	det1=true
[7312]	87	94	-7	3	-9	2	det1=true
[7313]	89	94	-11	-2	-7	-6	det1=true
[7314]	89	94	-17	-2	-7	6	det1=true
[7315]	93	94	-62	-17	-6	-3	det1=true
[7316]	93	94	-65	-17	-6	3	det1=true
[7317]	93	94	-43	-21	-8	-1	det1=true
[7318]	94	94	-29	-26	-3	-8	det1=true
[7319]	94	94	-37	-26	-3	8	det1=true
[7320]	94	94	-20	-9	-6	-7	det1=true
[7321]	94	94	-27	-9	-6	7	det1=true
[7322]	40	95	-13	0	-1	-6	det1=true
[7323]	40	95	-19	0	-1	6	det1=true
[7324]	40	95	-15	-1	-6	-1	det1=true
[7325]	40	95	-16	-1	-6	1	det1=true
[7326]	40	95	-13	-7	-6	1	det1=true
[7327]	41	95	-19	0	-6	1	det1=true
[7328]	41	95	-13	-10	-6	-1	det1=true
[7329]	41	95	-14	-10	-6	1	det1=true
[7330]	44	95	-19	-13	-6	-1	det1=true
[7331]	44	95	-20	-13	-6	1	det1=true
[7332]	44	95	-9	-9	-4	-5	det1=true
[7333]	44	95	-14	-9	-4	5	det1=true
[7334]	51	95	-4	0	-1	-7	det1=true
[7335]	53	95	-12	-2	-1	-7	det1=true
[7336]	53	95	-19	-2	-1	7	det1=true
[7337]	56	95	-12	-1	-2	-7	det1=true
[7338]	56	95	-19	-1	-2	7	det1=true
[7339]	56	95	-11	-10	-4	-6	det1=true
[7340]	60	95	-21	-10	-4	-6	det1=true
[7341]	60	95	-27	-10	-4	6	det1=true
[7342]	63	95	-22	-16	-7	-2	det1=true
[7343]	63	95	-24	-16	-7	2	det1=true
[7344]	65	95	-26	-1	-7	3	det1=true
[7345]	66	95	-33	-17	-2	7	det1=true
[7346]	76	95	-36	-13	-6	5	det1=true
[7347]	79	95	-34	-32	-4	-6	det1=true
[7348]	80	95	-28	-7	-2	-8	det1=true
[7349]	83	95	-39	-6	-8	-1	det1=true
[7350]	83	95	-40	-6	-8	1	det1=true
[7351]	83	95	-38	2	-8	2	det1=true
[7352]	83	95	-24	-9	-3	-8	det1=true
[7353]	83	95	-32	-9	-3	8	det1=true
[7354]	83	95	-5	1	-9	1	det1=true
[7355]	86	95	-2	3	-6	-7	det1=true
[7356]	86	95	-9	3	-6	7	det1=true
[7357]	88	95	-37	-23	-8	-1	det1=true
[7358]	88	95	-38	-23	-8	1	det1=true
[7359]	89	95	-24	3	-9	-1	det1=true
[7360]	89	95	-25	3	-9	1	det1=true
[7361]	89	95	-16	-13	-1	-9	det1=true
[7362]	89	95	-25	-13	-1	9	det1=true
[7363]	91	95	-34	-13	-3	-8	det1=true
[7364]	92	95	-39	-24	-8	2	det1=true
[7365]	93	95	-34	-16	-5	-7	det1=true
[7366]	93	95	-41	-16	-5	7	det1=true
[7367]	93	95	-12	-5	-5	-8	det1=true
[7368]	93	95	-20	-5	-5	8	det1=true
[7369]	95	95	-20	-10	-8	5	det1=true
[7370]	39	96	-9	-7	-1	-6	det1=true
[7371]	39	96	-15	-7	-1	6	det1=true
[7372]	45	96	-14	-9	-4	-5	det1=true
[7373]	45	96	-19	-9	-4	5	det1=true
[7374]	47	96	-25	-5	-5	4	det1=true
[7375]	59	96	-23	0	-7	-2	det1=true
[7376]	62	96	-8	3	-6	-5	det1=true
[7377]	62	96	-13	3	-6	5	det1=true
[7378]	70	96	-11	-4	-8	-2	det1=true
[7379]	70	96	-13	-4	-8	2	det1=true
[7380]	72	96	-31	-25	-7	-2	det1=true
[7381]	72	96	-33	-25	-7	2	det1=true
[7382]	73	96	-23	-7	-4	-7	det1=true
[7383]	73	96	-17	-18	-1	-8	det1=true
[7384]	73	96	-25	-18	-1	8	det1=true
[7385]	74	96	-29	1	-8	-1	det1=true
[7386]	74	96	-30	1	-8	1	det1=true
[7387]	76	96	-25	-15	-7	-4	det1=true
[7388]	76	96	-29	-15	-7	4	det1=true
[7389]	77	96	-35	-9	-6	-5	det1=true
[7390]	77	96	-40	-9	-6	5	det1=true
[7391]	78	96	-17	-6	-3	-8	det1=true
[7392]	78	96	-15	-11	-8	-3	det1=true
[7393]	78	96	-18	-11	-8	3	det1=true
[7394]	79	96	-34	-9	-8	-1	det1=true
[7395]	79	96	-35	-9	-8	1	det1=true
[7396]	80	96	-34	-5	-4	-7	det1=true
[7397]	80	96	-41	-5	-4	7	det1=true
[7398]	81	96	-43	-5	-1	8	det1=true
[7399]	82	96	-37	-33	-2	-7	det1=true
[7400]	82	96	-44	-33	-2	7	det1=true
[7401]	82	96	-35	-4	-8	-2	det1=true
[7402]	82	96	-37	-4	-8	2	det1=true
[7403]	82	96	-32	-7	-2	-8	det1=true
[7404]	86	96	-39	-23	-5	-6	det1=true
[7405]	87	96	-37	-15	-3	8	det1=true
[7406]	91	96	-17	-12	-9	-2	det1=true
[7407]	91	96	-19	-12	-9	2	det1=true
[7408]	91	96	-15	-13	-7	-6	det1=true
[7409]	91	96	-21	-13	-7	6	det1=true
[7410]	93	96	-17	-1	-8	-5	det1=true
[7411]	34	93	-13	-11	-2	-5	det1=true
[7412]	34	93	-18	-11	-2	5	det1=true
[7413]	44	93	-12	-5	-2	-6	det1=true
[7414]	44	93	-18	-5	-2	6	det1=true
[7415]	64	93	-25	-7	-2	-7	det1=true
[7416]	64	93	-32	-7	-2	7	det1=true
[7417]	67	93	-6	-1	-1	8	det1=true
[7418]	69	93	-32	-16	-7	2	det1=true
[7419]	72	93	-21	-7	-7	4	det1=true
[7420]	72	93	-13	-13	-1	-8	det1=true
[7421]	72	93	-21	-13	-1	8	det1=true
[7422]	73	93	-25	-18	-6	5	det1=true
[7423]	74	93	-18	1	-8	-2	det1=true
[7424]	74	93	-20	1	-8	2	det1=true
[7425]	75	93	-22	-8	-4	-7	det1=true
[7426]	75	93	-29	-8	-4	7	det1=true
[7427]	77	93	-5	1	-5	-7	det1=true
[7428]	77	93	-12	1	-5	7	det1=true
[7429]	81	93	-34	0	-7	-4	det1=true
[7430]	81	93	-38	0	-7	4	det1=true
[7431]	84	93	-29	-16	-8	-2	det1=true
[7432]	84	93	-31	-16	-8	2	det1=true
[7433]	84	93	-27	1	-8	-3	det1=true
[7434]	84	93	-30	1	-8	3	det1=true
[7435]	87	93	-29	0	-7	-5	det1=true
[7436]	87	93	-34	0	-7	5	det1=true
[7437]	88	93	-39	-10	-1	-8	det1=true
[7438]	30	94	-5	0	-5	-2	det1=true
[7439]	31	94	-6	-7	-2	-5	det1=true
[7440]	38	94	-1	-3	-1	-6	det1=true
[7441]	38	94	-7	-3	-1	6	det1=true
[7442]	46	94	-17	-19	-1	-6	det1=true
[7443]	46	94	-23	-19	-1	6	det1=true
[7444]	46	94	-17	-10	-6	-2	det1=true
[7445]	46	94	-15	-12	-2	-6	det1=true
[7446]	46	94	-21	-12	-2	6	det1=true
[7447]	52	94	-22	-17	-4	-5	det1=true
[7448]	52	94	-27	-17	-4	5	det1=true
[7449]	60	94	-17	-11	-2	-7	det1=true
[7450]	64	94	-27	-9	-7	-2	det1=true
[7451]	64	94	-29	-9	-7	2	det1=true
[7452]	66	94	-23	-20	-7	-2	det1=true
[7453]	66	94	-25	-20	-7	2	det1=true
[7454]	67	94	-8	3	-8	-1	det1=true
[7455]	67	94	-9	3	-8	1	det1=true
[7456]	72	94	-15	4	-8	-2	det1=true
[7457]	72	94	-17	4	-8	2	det1=true
[7458]	73	94	-23	0	-7	-4	det1=true
[7459]	73	94	-27	0	-7	4	det1=true
[7460]	78	94	-24	-5	-2	-8	det1=true
[7461]	78	94	-32	-5	-2	8	det1=true
[7462]	79	94	-27	-15	-1	-8	det1=true
[7463]	79	94	-35	-15	-1	8	det1=true
[7464]	87	94	-31	-20	-2	-8	det1=true
[7465]	87	94	-39	-20	-2	8	det1=true
[7466]	89	94	-10	-3	-2	-9	det1=true
[7467]	89	94	-19	-3	-2	9	det1=true
[7468]	91	94	-35	-17	-8	3	det1=true
[7469]	91	94	-15	-6	-7	-6	det1=true
[7470]	91	94	-21	-6	-7	6	det1=true
[7471]	48	95	-17	-14	-5	-4	det1=true
[7472]	48	95	-21	-14	-5	4	det1=true
[7473]	51	95	-11	0	-1	7	det1=true
[7474]	53	95	-15	1	-7	-1	det1=true
[7475]	53	95	-16	1	-7	1	det1=true
[7476]	53	95	-9	-9	-1	-7	det1=true
[7477]	56	95	-12	-9	-6	-4	det1=true
[7478]	56	95	-16	-9	-6	4	det1=true
[7479]	57	95	-26	-24	-4	-5	det1=true
[7480]	57	95	-31	-24	-4	5	det1=true
[7481]	68	95	-14	-1	-8	-1	det1=true
[7482]	69	95	-16	1	-7	-4	det1=true
[7483]	71	95	-30	-24	-4	-6	det1=true
[7484]	71	95	-36	-24	-4	6	det1=true
[7485]	71	95	-20	-6	-8	-1	det1=true
[7486]	71	95	-21	-6	-8	1	det1=true
[7487]	72	95	-17	2	-8	-2	det1=true
[7488]	72	95	-14	-1	-2	-8	det1=true
[7489]	72	95	-22	-1	-2	8	det1=true
[7490]	74	95	-30	-29	-4	-6	det1=true
[7491]	74	95	-36	-29	-4	6	det1=true
[7492]	74	95	-29	-11	-6	-5	det1=true
[7493]	75	95	-17	-13	-8	-2	det1=true
[7494]	75	95	-19	-13	-8	2	det1=true
[7495]	76	95	-31	-13	-6	-5	det1=true
[7496]	77	95	-9	-6	-5	-7	det1=true
[7497]	77	95	-16	-6	-5	7	det1=true
[7498]	83	95	-35	-16	-8	-1	det1=true
[7499]	83	95	-32	-18	-4	-7	det1=true
[7500]	83	95	-39	-18	-4	7	det1=true
[7501]	87	95	-31	-4	-7	-5	det1=true
[7502]	88	95	-9	-5	-6	-7	det1=true
[7503]	88	95	-16	-5	-6	7	det1=true
[7504]	89	95	-12	-6	-7	-6	det1=true
[7505]	89	95	-18	-6	-7	6	det1=true
[7506]	91	95	-42	-13	-3	8	det1=true
[7507]	92	95	-37	-24	-8	-2	det1=true
[7508]	47	96	-21	-5	-5	-4	det1=true
[7509]	62	96	-25	-7	-2	-7	det1=true
[7510]	62	96	-32	-7	-2	7	det1=true
[7511]	67	96	-10	-3	-4	-7	det1=true
[7512]	67	96	-17	-3	-4	7	det1=true
[7513]	73	96	-19	-15	-7	-4	det1=true
[7514]	74	96	-20	-3	-2	-8	det1=true
[7515]	74	96	-28	-3	-2	8	det1=true
[7516]	76	96	-29	-7	-7	-4	det1=true
[7517]	76	96	-33	-7	-7	4	det1=true
[7518]	85	96	-41	-21	-4	7	det1=true
[7519]	87	96	-29	-15	-3	-8	det1=true
[7520]	89	96	-2	3	-8	-5	det1=true
[7521]	89	96	-7	3	-8	5	det1=true
[7522]	94	96	-40	-23	-2	-8	det1=true
[7523]	94	96	-48	-23	-2	8	det1=true
[7524]	37	93	-11	0	-3	-5	det1=true
[7525]	37	93	-16	0	-3	5	det1=true
[7526]	45	93	-14	1	-5	-4	det1=true
[7527]	45	93	-18	1	-5	4	det1=true
[7528]	46	93	-11	-11	-4	-5	det1=true
[7529]	47	93	-17	-6	-4	-5	det1=true
[7530]	47	93	-22	-6	-4	5	det1=true
[7531]	55	93	-17	-1	-7	-1	det1=true
[7532]	55	93	-18	-1	-7	1	det1=true
[7533]	64	93	-20	-17	-2	-7	det1=true
[7534]	64	93	-27	-17	-2	7	det1=true
[7535]	70	93	-30	-19	-4	-6	det1=true
[7536]	70	93	-36	-19	-4	6	det1=true
[7537]	74	93	-18	-5	-8	2	det1=true
[7538]	76	93	-32	-3	-6	-5	det1=true
[7539]	80	93	-34	-1	-8	-1	det1=true
[7540]	80	93	-35	-1	-8	1	det1=true
[7541]	82	93	-29	-4	-2	-8	det1=true
[7542]	82	93	-37	-4	-2	8	det1=true
[7543]	87	93	-31	-24	-4	-7	det1=true
[7544]	87	93	-38	-24	-4	7	det1=true
[7545]	88	93	-29	-29	-1	-8	det1=true
[7546]	88	93	-37	-29	-1	8	det1=true
[7547]	89	93	-6	-4	-7	-6	det1=true
[7548]	89	93	-12	-4	-7	6	det1=true
[7549]	90	93	-23	-24	-3	-8	det1=true
[7550]	90	93	-31	-24	-3	8	det1=true
[7551]	91	93	-26	-20	-5	-7	det1=true
[7552]	30	94	-7	0	-5	2	det1=true
[7553]	44	94	-13	-6	-2	-6	det1=true
[7554]	44	94	-19	-6	-2	6	det1=true
[7555]	65	94	-29	-10	-6	-4	det1=true
[7556]	65	94	-33	-10	-6	4	det1=true
[7557]	77	94	-39	-5	-6	5	det1=true
[7558]	81	94	-25	-12	-3	8	det1=true
[7559]	87	94	-28	-29	-4	-7	det1=true
[7560]	87	94	-35	-29	-4	7	det1=true
[7561]	88	94	-43	-32	-7	-2	det1=true
[7562]	88	94	-45	-32	-7	2	det1=true
[7563]	89	94	-11	-1	-6	-7	det1=true
[7564]	89	94	-18	-1	-6	7	det1=true
[7565]	94	94	-39	-27	-7	-4	det1=true
[7566]	94	94	-43	-27	-7	4	det1=true
[7567]	18	95	-7	-3	-4	-1	det1=true
[7568]	18	95	-8	-3	-4	1	det1=true
[7569]	51	95	-7	3	-7	-1	det1=true
[7570]	51	95	-8	3	-7	1	det1=true
[7571]	53	95	-16	-9	-1	7	det1=true
[7572]	55	95	-12	-4	-6	-4	det1=true
[7573]	55	95	-16	-4	-6	4	det1=true
[7574]	56	95	-16	-1	-6	-4	det1=true
[7575]	56	95	-20	-1	-6	4	det1=true
[7576]	59	95	-18	-12	-7	2	det1=true
[7577]	61	95	-11	-4	-3	-7	det1=true
[7578]	61	95	-18	-4	-3	7	det1=true
[7579]	65	95	-23	-1	-7	-3	det1=true
[7580]	66	95	-7	-1	-7	4	det1=true
[7581]	66	95	-1	-4	-1	-8	det1=true
[7582]	66	95	-9	-4	-1	8	det1=true
[7583]	67	95	-30	-16	-6	-4	det1=true
[7584]	67	95	-29	-17	-4	-6	det1=true
[7585]	67	95	-35	-17	-4	6	det1=true
[7586]	76	95	-24	-23	-6	-5	det1=true
[7587]	76	95	-29	-23	-6	5	det1=true
[7588]	78	95	-29	-21	-6	-5	det1=true
[7589]	78	95	-34	-21	-6	5	det1=true
[7590]	79	95	-40	-32	-4	6	det1=true
[7591]	79	95	-28	-16	-7	-4	det1=true
[7592]	79	95	-32	-16	-7	4	det1=true
[7593]	83	95	-33	-1	-2	-8	det1=true
[7594]	83	95	-41	-1	-2	8	det1=true
[7595]	83	95	-36	-16	-8	1	det1=true
[7596]	87	95	-28	-26	-2	-8	det1=true
[7597]	87	95	-36	-26	-2	8	det1=true
[7598]	88	95	-34	-25	-4	-7	det1=true
[7599]	88	95	-41	-25	-4	7	det1=true
[7600]	89	95	-14	-5	-9	-2	det1=true
[7601]	89	95	-16	-5	-9	2	det1=true
[7602]	91	95	-44	-31	-5	6	det1=true
[7603]	49	96	-21	-13	-4	-5	det1=true
[7604]	49	96	-26	-13	-4	5	det1=true
[7605]	59	96	-25	0	-7	2	det1=true
[7606]	68	96	-29	-20	-7	-2	det1=true
[7607]	68	96	-31	-20	-7	2	det1=true
[7608]	72	96	-18	-13	-4	-7	det1=true
[7609]	72	96	-25	-13	-4	7	det1=true
[7610]	76	96	-27	4	-8	-2	det1=true
[7611]	76	96	-29	4	-8	2	det1=true
[7612]	82	96	-40	-7	-2	8	det1=true
[7613]	85	96	-1	3	-6	-7	det1=true
[7614]	85	96	-8	3	-6	7	det1=true
[7615]	88	96	-35	-26	-1	-8	det1=true
[7616]	88	96	-43	-26	-1	8	det1=true
[7617]	90	96	-31	-34	-1	-8	det1=true
[7618]	63	93	-23	-8	-2	-7	det1=true
[7619]	63	93	-30	-8	-2	7	det1=true
[7620]	63	93	-20	-15	-7	-2	det1=true
[7621]	63	93	-22	-15	-7	2	det1=true
[7622]	68	93	-9	1	-8	-1	det1=true
[7623]	68	93	-10	1	-8	1	det1=true
[7624]	73	93	-16	-12	-7	-4	det1=true
[7625]	73	93	-20	-12	-7	4	det1=true
[7626]	73	93	-13	-5	-8	-2	det1=true
[7627]	73	93	-15	-5	-8	2	det1=true
[7628]	84	93	-35	2	-8	-2	det1=true
[7629]	84	93	-37	2	-8	2	det1=true
[7630]	40	94	-11	-4	-1	-6	det1=true
[7631]	40	94	-17	-4	-1	6	det1=true
[7632]	41	94	-14	-7	-6	-1	det1=true
[7633]	41	94	-15	-7	-6	1	det1=true
[7634]	42	94	-2	1	-4	-5	det1=true
[7635]	42	94	-7	1	-4	5	det1=true
[7636]	44	94	-16	-1	-6	-2	det1=true
[7637]	44	94	-18	-1	-6	2	det1=true
[7638]	45	94	-16	-9	-4	5	det1=true
[7639]	68	94	-28	-17	-2	-7	det1=true
[7640]	68	94	-35	-17	-2	7	det1=true
[7641]	72	94	-17	-10	-7	-4	det1=true
[7642]	72	94	-21	-10	-7	4	det1=true
[7643]	74	94	-23	-1	-1	-8	det1=true
[7644]	74	94	-31	-1	-1	8	det1=true
[7645]	81	94	-17	-12	-3	-8	det1=true
[7646]	90	94	-41	-14	-1	-8	det1=true
[7647]	90	94	-49	-14	-1	8	det1=true
[7648]	91	94	-32	-17	-8	-3	det1=true
[7649]	91	94	-17	-5	-9	-2	det1=true
[7650]	91	94	-1	0	-5	-8	det1=true
[7651]	91	94	-9	0	-5	8	det1=true
[7652]	46	95	-19	-18	-1	-6	det1=true
[7653]	56	95	-15	-2	-4	-6	det1=true
[7654]	56	95	-21	-2	-4	6	det1=true
[7655]	62	95	-3	-1	-5	-6	det1=true
[7656]	62	95	-9	-1	-5	6	det1=true
[7657]	67	95	-34	-16	-6	4	det1=true
[7658]	71	95	-31	1	-3	-7	det1=true
[7659]	71	95	-38	1	-3	7	det1=true
[7660]	71	95	-17	-8	-4	-7	det1=true
[7661]	71	95	-24	-8	-4	7	det1=true
[7662]	74	95	-34	-11	-6	5	det1=true
[7663]	74	95	-24	-5	-4	-7	det1=true
[7664]	75	95	-27	-8	-8	-1	det1=true
[7665]	75	95	-28	-8	-8	1	det1=true
[7666]	83	95	-4	1	-9	-1	det1=true
[7667]	85	95	-38	-21	-5	-6	det1=true
[7668]	89	95	-20	-1	-1	-9	det1=true
[7669]	89	95	-29	-1	-1	9	det1=true
[7670]	91	95	-38	-31	-5	-6	det1=true
[7671]	91	95	-27	-5	-9	1	det1=true
[7672]	93	95	-56	-22	-1	-7	det1=true
[7673]	93	95	-39	-37	-7	-3	det1=true
[7674]	93	95	-42	-37	-7	3	det1=true
[7675]	30	96	-9	1	-5	-2	det1=true
[7676]	30	96	-11	1	-5	2	det1=true
[7677]	41	96	-1	2	-5	-4	det1=true
[7678]	41	96	-5	2	-5	4	det1=true
[7679]	59	96	-28	-19	-6	-3	det1=true
[7680]	59	96	-31	-19	-6	3	det1=true
[7681]	59	96	-27	-5	-2	7	det1=true
[7682]	65	96	1	-2	-1	-8	det1=true
[7683]	66	96	-7	1	-4	-7	det1=true
[7684]	66	96	-14	1	-4	7	det1=true
[7685]	70	96	-8	-7	-2	-8	det1=true
[7686]	70	96	-16	-7	-2	8	det1=true
[7687]	76	96	-27	-10	-1	-8	det1=true
[7688]	78	96	-23	-16	-8	-2	det1=true
[7689]	85	96	-37	-19	-8	-1	det1=true
[7690]	85	96	-38	-19	-8	1	det1=true
[7691]	90	96	-39	-34	-1	8	det1=true
[7692]	94	96	-42	-25	-4	-7	det1=true
[7693]	94	96	-49	-25	-4	7	det1=true
[7694]	96	96	-47	-16	-8	-2	det1=true
[7695]	96	96	-49	-16	-8	2	det1=true
[7696]	46	93	-16	-11	-4	5	det1=true
[7697]	69	93	-37	-22	-1	7	det1=true
[7698]	75	93	-25	-6	-8	-1	det1=true
[7699]	75	93	-26	-6	-8	1	det1=true
[7700]	89	93	-34	-24	-7	-4	det1=true
[7701]	89	93	-32	-27	-1	-8	det1=true
[7702]	89	93	-40	-27	-1	8	det1=true
[7703]	31	94	-11	-7	-2	5	det1=true
[7704]	55	94	-6	-1	-2	-7	det1=true
[7705]	75	94	-19	-2	-2	-8	det1=true
[7706]	75	94	-27	-2	-2	8	det1=true
[7707]	38	95	-3	-5	-1	-6	det1=true
[7708]	38	95	-9	-5	-1	6	det1=true
[7709]	74	95	-31	-28	-6	-4	det1=true
[7710]	74	95	-35	-28	-6	4	det1=true
[7711]	80	95	-23	1	-8	-3	det1=true
[7712]	83	95	0	-3	-1	-9	det1=true
[7713]	83	95	-9	-3	-1	9	det1=true
[7714]	91	95	-28	-24	-8	-3	det1=true
[7715]	91	95	-31	-24	-8	3	det1=true
[7716]	59	96	-20	-5	-2	-7	det1=true
[7717]	61	96	-19	-16	-7	-2	det1=true
[7718]	65	96	-7	-2	-1	8	det1=true
[7719]	72	96	-16	1	-2	-8	det1=true
[7720]	72	96	-24	1	-2	8	det1=true
[7721]	76	96	-35	-10	-1	8	det1=true
[7722]	78	96	-25	-16	-8	2	det1=true
[7723]	81	96	-35	-10	-7	-4	det1=true
[7724]	81	96	-39	-10	-7	4	det1=true
[7725]	89	96	-35	-33	-6	-5	det1=true
[7726]	89	96	-40	-33	-6	5	det1=true
[7727]	30	93	-1	1	-2	-5	det1=true
[7728]	31	93	-12	-13	-1	-5	det1=true
[7729]	63	93	-25	-17	-7	-1	det1=true
[7730]	63	93	-26	-17	-7	1	det1=true
[7731]	89	93	-41	3	-8	-2	det1=true
[7732]	89	93	-43	3	-8	2	det1=true
[7733]	42	94	-1	-1	-4	-5	det1=true
[7734]	42	94	-6	-1	-4	5	det1=true
[7735]	51	94	-20	-17	-4	-5	det1=true
[7736]	51	94	-25	-17	-4	5	det1=true
[7737]	82	94	-35	1	-4	-7	det1=true
[7738]	56	95	-17	-10	-4	6	det1=true
[7739]	71	95	-19	-18	-6	-5	det1=true
[7740]	71	95	-24	-18	-6	5	det1=true
[7741]	74	95	-31	-5	-4	7	det1=true
[7742]	86	95	-33	-16	-2	-8	det1=true
[7743]	86	95	-41	-16	-2	8	det1=true
[7744]	63	96	-29	-5	-7	-2	det1=true
[7745]	63	96	-31	-5	-7	2	det1=true
[7746]	65	96	-27	-16	-7	-2	det1=true
[7747]	65	96	-29	-16	-7	2	det1=true
[7748]	72	96	-15	-8	-8	-2	det1=true
[7749]	72	96	-17	-8	-8	2	det1=true
[7750]	74	96	-26	-1	-4	-7	det1=true
[7751]	74	96	-33	-1	-4	7	det1=true
[7752]	92	96	-21	-2	-5	8	det1=true
[7753]	53	93	-7	-5	-1	-7	det1=true
[7754]	60	94	-17	-12	-7	-2	det1=true
[7755]	60	94	-19	-12	-7	2	det1=true
[7756]	70	94	-14	-5	-4	-7	det1=true
[7757]	74	94	-29	2	-7	4	det1=true
[7758]	87	94	-31	-27	-8	-1	det1=true
[7759]	87	94	-32	-27	-8	1	det1=true
[7760]	51	95	-22	-16	-5	-4	det1=true
[7761]	75	95	-37	-27	-7	-1	det1=true
[7762]	75	95	-38	-27	-7	1	det1=true
[7763]	85	95	-23	-18	-8	-3	det1=true
[7764]	85	95	-26	-18	-8	3	det1=true
[7765]	86	95	-24	-19	-8	-3	det1=true
[7766]	86	95	-27	-19	-8	3	det1=true
[7767]	82	96	-27	-20	-8	-2	det1=true
[7768]	82	96	-29	-20	-8	2	det1=true
[7769]	92	96	-13	-2	-5	-8	det1=true
[7770]	71	93	-10	-13	-1	-8	det1=true
[7771]	71	93	-18	-13	-1	8	det1=true
[7772]	70	94	-21	-5	-4	7	det1=true
[7773]	72	94	-18	-7	-4	-7	det1=true
[7774]	72	94	-25	-7	-4	7	det1=true
[7775]	74	94	-25	2	-7	-4	det1=true
[7776]	82	94	-42	1	-4	7	det1=true
[7777]	94	94	-37	-30	-1	-8	det1=true
[7778]	94	94	-45	-30	-1	8	det1=true
[7779]	64	96	-25	-15	-2	-7	det1=true
[7780]	64	96	-32	-15	-2	7	det1=true
[7781]	94	96	-45	-23	-8	-1	det1=true
[7782]	94	96	-46	-23	-8	1	det1=true
[7783]	63	94	-23	-11	-2	-7	det1=true
[7784]	68	94	-32	-13	-6	-4	det1=true
[7785]	68	94	-36	-13	-6	4	det1=true
[7786]	75	94	-31	-27	-2	-7	det1=true
[7787]	75	94	-38	-27	-2	7	det1=true
[7788]	79	94	-21	-16	-2	-8	det1=true
[7789]	79	94	-29	-16	-2	8	det1=true
[7790]	82	94	-30	-17	-4	-7	det1=true
[7791]	82	94	-37	-17	-4	7	det1=true
[7792]	75	95	-34	-30	-1	-7	det1=true
[7793]	75	95	-41	-30	-1	7	det1=true
[7794]	68	96	-13	-7	-8	-1	det1=true
[7795]	68	96	-14	-7	-8	1	det1=true
[7796]	72	96	-21	-11	-8	-1	det1=true
[7797]	72	96	-22	-11	-8	1	det1=true
[7798]	27	95	-6	-1	-1	-5	det1=true
[7799]	27	95	-11	-1	-1	5	det1=true
[7800]	38	95	-5	-1	-1	-6	det1=true
[7801]	38	95	-11	-1	-1	6	det1=true
[7802]	41	95	-7	3	-6	-2	det1=true
[7803]	55	93	-14	-4	-1	-7	det1=true
[7804]	55	93	-21	-4	-1	7	det1=true
[7805]	57	93	-13	-15	-1	-7	det1=true
[7806]	72	93	-17	-5	-1	-8	det1=true
[7807]	93	93	-8	0	-8	-5	det1=true
[7808]	93	93	-13	0	-8	5	det1=true
[7809]	88	94	-8	3	-6	-7	det1=true
[7810]	88	94	-15	3	-6	7	det1=true
[7811]	61	93	-26	-6	-5	-5	det1=true
[7812]	61	93	-31	-6	-5	5	det1=true
[7813]	69	93	-12	-2	-8	-1	det1=true
[7814]	69	93	-13	-2	-8	1	det1=true
[7815]	81	93	-32	-3	-1	-8	det1=true
[7816]	81	94	-41	-4	-1	8	det1=true
[7817]	86	94	-27	-10	-3	-8	det1=true
[7818]	86	94	-35	-10	-3	8	det1=true
[7819]	50	95	-19	-17	-4	-5	det1=true
[7820]	50	95	-24	-17	-4	5	det1=true
[7821]	42	96	-5	-5	-4	-5	det1=true
[7822]	42	96	-10	-5	-4	5	det1=true
[7823]	92	96	-45	-37	-7	-2	det1=true
[7824]	74	94	-25	-5	-8	-1	det1=true
[7825]	74	94	-26	-5	-8	1	det1=true
[7826]	90	95	-1	1	-5	-8	det1=true
[7827]	73	96	-26	-5	-8	-1	det1=true
[7828]	73	96	-27	-5	-8	1	det1=true
[7829]	83	95	-1	-1	-1	-9	det1=true
[7830]	90	95	-9	1	-5	8	det1=true
[7831]	72	93	-15	-10	-1	-8	det1=true
[7832]	93	93	-41	-24	-8	1	det1=true
[7833]	85	94	-37	-29	-5	6	det1=true
[7834]	93	93	-40	-24	-8	-1	det1=true
[7835]	85	94	-31	-29	-5	-6	det1=true
[7836]	88	94	-30	-13	-8	-3	det1=true
[7837]	57	93	-16	-12	-7	-1	det1=true
[7838]	86	95	-1	1	-2	-9	det1=true
[7839]	86	95	-10	1	-2	9	det1=true
[7840]	57	93	-16	-11	-1	-7	det1=true
[7841]	57	93	-23	-11	-1	7	det1=true
[7842]	29	96	-1	1	-5	-2	det1=true
[7843]	29	96	-3	1	-5	2	det1=true
[7844]	65	96	-1	1	-7	-4	det1=true
[7845]	65	96	-5	1	-7	4	det1=true
[7846]	91	95	-19	-15	-1	-9	det1=true
[7847]	91	95	-28	-15	-1	9	det1=true
[7848]	17	96	-1	1	-4	-1	det1=true
[7849]	17	96	-2	1	-4	1	det1=true
[7850]	89	96	-1	1	-8	-5	det1=true
[7851]	89	96	-6	1	-8	5	det1=true
[7852]	4	96	0	1	-2	0	det1=true
[7853]	8	96	0	1	-2	-2	det1=true
[7854]	20	96	0	1	-2	-4	det1=true
[7855]	20	96	-4	1	-2	4	det1=true
[7856]	40	96	0	1	-2	-6	det1=true
[7857]	68	96	0	1	-2	-8	det1=true
[7858]	68	96	-8	1	-2	8	det1=true
[7859]	85	96	0	1	-2	-9	det1=true
[7860]	85	96	-9	1	-2	9	det1=true
[7861]	29	96	0	1	-2	-5	det1=true
[7862]	13	96	0	1	-2	-3	det1=true
[7863]	13	96	-3	1	-2	3	det1=true
[7864]	53	96	0	1	-2	-7	det1=true
[7865]	5	96	0	1	-2	-1	det1=true
[7866]	5	96	-1	1	-2	1	det1=true
[7867]	81	97	-10	2	-4	-8	det1=true
[7868]	81	97	-18	2	-4	8	det1=true
[7869]	98	98	-35	-1	-7	-6	det1=true
[7870]	98	98	-41	-1	-7	6	det1=true
[7871]	98	99	-5	5	-10	-1	det1=true
[7872]	98	99	-6	5	-10	1	det1=true
[7873]	99	99	-39	-7	-1	-9	det1=true
[7874]	99	99	-48	-7	-1	9	det1=true
[7875]	99	99	-12	4	-8	-6	det1=true
[7876]	99	99	-18	4	-8	6	det1=true
[7877]	70	100	-31	1	-5	-6	det1=true
[7878]	70	100	-37	1	-5	6	det1=true
[7879]	76	100	-33	-19	-5	-6	det1=true
[7880]	76	100	-39	-19	-5	6	det1=true
[7881]	94	100	-25	-7	-8	-5	det1=true
[7882]	94	100	-30	-7	-8	5	det1=true
[7883]	100	100	-14	-7	-6	-8	det1=true
[7884]	100	100	-22	-7	-6	8	det1=true
[7885]	30	97	-9	1	-2	-5	det1=true
[7886]	30	97	-14	1	-2	5	det1=true
[7887]	32	97	-11	-11	-2	-5	det1=true
[7888]	32	97	-16	-11	-2	5	det1=true
[7889]	71	97	-32	-7	-3	-7	det1=true
[7890]	71	97	-39	-7	-3	7	det1=true
[7891]	71	97	-30	-13	-3	-7	det1=true
[7892]	71	97	-37	-13	-3	7	det1=true
[7893]	75	97	-25	-16	-8	-1	det1=true
[7894]	75	97	-26	-16	-8	1	det1=true
[7895]	81	97	-35	-3	-8	-2	det1=true
[7896]	81	97	-37	-3	-8	2	det1=true
[7897]	85	97	-34	-16	-2	-8	det1=true
[7898]	85	97	-42	-16	-2	8	det1=true
[7899]	88	97	-1	3	-8	-5	det1=true
[7900]	88	97	-6	3	-8	5	det1=true
[7901]	93	97	-31	-25	-7	-5	det1=true
[7902]	93	97	-36	-25	-7	5	det1=true
[7903]	95	97	-29	-15	-1	-9	det1=true
[7904]	95	97	-38	-15	-1	9	det1=true
[7905]	57	98	-23	-23	-3	-6	det1=true
[7906]	57	98	-29	-23	-3	6	det1=true
[7907]	70	98	-23	-16	-5	-6	det1=true
[7908]	70	98	-29	-16	-5	6	det1=true
[7909]	81	98	-21	-17	-8	-3	det1=true
[7910]	81	98	-24	-17	-8	3	det1=true
[7911]	89	98	-42	-27	-6	-5	det1=true
[7912]	89	98	-47	-27	-6	5	det1=true
[7913]	89	98	-36	-25	-8	-2	det1=true
[7914]	89	98	-38	-25	-8	2	det1=true
[7915]	98	98	-57	-30	-4	-6	det1=true
[7916]	98	98	-63	-30	-4	6	det1=true
[7917]	98	98	-43	-30	-8	-2	det1=true
[7918]	98	98	-45	-30	-8	2	det1=true
[7919]	98	98	-30	-1	-8	-5	det1=true
[7920]	98	98	-35	-1	-8	5	det1=true
[7921]	18	99	-7	-8	-1	-4	det1=true
[7922]	18	99	-11	-8	-1	4	det1=true
[7923]	36	99	-4	3	-6	-1	det1=true
[7924]	36	99	-5	3	-6	1	det1=true
[7925]	58	99	-15	-17	-2	-7	det1=true
[7926]	58	99	-22	-17	-2	7	det1=true
[7927]	77	99	-20	-2	-7	-5	det1=true
[7928]	77	99	-25	-2	-7	5	det1=true
[7929]	85	99	-34	-26	-4	-7	det1=true
[7930]	99	99	-49	-20	-7	5	det1=true
[7931]	77	100	-19	-13	-8	-3	det1=true
[7932]	77	100	-22	-13	-8	3	det1=true
[7933]	43	97	-13	0	-4	-5	det1=true
[7934]	43	97	-13	-9	-6	-2	det1=true
[7935]	43	97	-15	-9	-6	2	det1=true
[7936]	57	97	-20	0	-7	-2	det1=true
[7937]	60	97	-21	-11	-2	-7	det1=true
[7938]	60	97	-28	-11	-2	7	det1=true
[7939]	60	97	-17	-17	-2	-7	det1=true
[7940]	67	97	-25	-10	-3	-7	det1=true
[7941]	67	97	-32	-10	-3	7	det1=true
[7942]	69	97	-13	-12	-4	-7	det1=true
[7943]	69	97	-20	-12	-4	7	det1=true
[7944]	71	97	-34	-5	-7	-3	det1=true
[7945]	71	97	-37	-5	-7	3	det1=true
[7946]	76	97	-29	-20	-5	-6	det1=true
[7947]	76	97	-35	-20	-5	6	det1=true
[7948]	81	97	-29	-22	-4	-7	det1=true
[7949]	81	97	-36	-22	-4	7	det1=true
[7950]	84	97	-35	-27	-6	-5	det1=true
[7951]	84	97	-40	-27	-6	5	det1=true
[7952]	87	97	-31	-30	-4	-7	det1=true
[7953]	87	97	-38	-30	-4	7	det1=true
[7954]	89	97	-16	-8	-7	-6	det1=true
[7955]	89	97	-22	-8	-7	6	det1=true
[7956]	93	97	-19	-2	-8	-5	det1=true
[7957]	93	97	-24	-2	-8	5	det1=true
[7958]	44	98	-17	-8	-2	-6	det1=true
[7959]	44	98	-23	-8	-2	6	det1=true
[7960]	59	98	-19	-16	-6	-4	det1=true
[7961]	59	98	-23	-16	-6	4	det1=true
[7962]	64	98	-17	-3	-5	-6	det1=true
[7963]	64	98	-23	-3	-5	6	det1=true
[7964]	73	98	-30	-13	-6	-5	det1=true
[7965]	73	98	-35	-13	-6	5	det1=true
[7966]	77	98	-21	-3	-8	-3	det1=true
[7967]	77	98	-24	-3	-8	3	det1=true
[7968]	78	98	-33	-20	-5	-6	det1=true
[7969]	78	98	-39	-20	-5	6	det1=true
[7970]	80	98	-33	-24	-5	-6	det1=true
[7971]	80	98	-39	-24	-5	6	det1=true
[7972]	89	98	-40	-19	-8	-2	det1=true
[7973]	89	98	-42	-19	-8	2	det1=true
[7974]	92	98	-19	-17	-2	-9	det1=true
[7975]	92	98	-28	-17	-2	9	det1=true
[7976]	97	98	-29	-15	-7	-6	det1=true
[7977]	97	98	-35	-15	-7	6	det1=true
[7978]	98	98	-37	0	-9	-2	det1=true
[7979]	27	99	-10	-6	-5	-1	det1=true
[7980]	27	99	-11	-6	-5	1	det1=true
[7981]	55	99	-25	1	-7	-1	det1=true
[7982]	55	99	-26	1	-7	1	det1=true
[7983]	55	99	-24	-4	-7	-1	det1=true
[7984]	55	99	-25	-4	-7	1	det1=true
[7985]	63	99	-3	4	-8	-1	det1=true
[7986]	63	99	-4	4	-8	1	det1=true
[7987]	67	99	-10	4	-8	-2	det1=true
[7988]	67	99	-12	4	-8	2	det1=true
[7989]	74	99	-31	0	-7	-4	det1=true
[7990]	74	99	-35	0	-7	4	det1=true
[7991]	81	99	-27	1	-5	-7	det1=true
[7992]	85	99	-41	-26	-4	7	det1=true
[7993]	85	99	-30	-13	-7	-5	det1=true
[7994]	85	99	-35	-13	-7	5	det1=true
[7995]	88	99	-9	-2	-5	-8	det1=true
[7996]	89	99	-38	-6	-3	-8	det1=true
[7997]	89	99	-46	-6	-3	8	det1=true
[7998]	89	99	-14	0	-8	-5	det1=true
[7999]	89	99	-19	0	-8	5	det1=true
[8000]	91	99	-29	-27	-7	-5	det1=true
[8001]	91	99	-34	-27	-7	5	det1=true
[8002]	93	99	-35	-3	-4	-8	det1=true
[8003]	93	99	-43	-3	-4	8	det1=true
[8004]	96	99	-25	-11	-8	-5	det1=true
[8005]	96	99	-30	-11	-8	5	det1=true
[8006]	98	99	-35	-33	-3	-8	det1=true
[8007]	98	99	-43	-33	-3	8	det1=true
[8008]	40	100	-6	1	-4	-5	det1=true
[8009]	40	100	-11	1	-4	5	det1=true
[8010]	56	100	-25	-21	-3	-6	det1=true
[8011]	56	100	-31	-21	-3	6	det1=true
[8012]	57	100	-21	-10	-4	-6	det1=true
[8013]	57	100	-27	-10	-4	6	det1=true
[8014]	67	100	-14	-11	-4	-7	det1=true
[8015]	67	100	-21	-11	-4	7	det1=true
[8016]	82	100	-3	-1	-2	-9	det1=true
[8017]	82	100	-12	-1	-2	9	det1=true
[8018]	94	100	-42	-33	-8	-1	det1=true
[8019]	94	100	-43	-33	-8	1	det1=true
[8020]	94	100	-37	-34	-8	-2	det1=true
[8021]	95	100	-41	-39	-5	-6	det1=true
[8022]	95	100	-47	-39	-5	6	det1=true
[8023]	43	97	-17	-1	-6	-2	det1=true
[8024]	43	97	-19	-1	-6	2	det1=true
[8025]	49	97	-20	-16	-5	-4	det1=true
[8026]	49	97	-24	-16	-5	4	det1=true
[8027]	55	97	-11	-6	-2	-7	det1=true
[8028]	55	97	-18	-6	-2	7	det1=true
[8029]	60	97	-24	-17	-2	7	det1=true
[8030]	61	97	-16	-4	-7	-3	det1=true
[8031]	61	97	-19	-4	-7	3	det1=true
[8032]	65	97	-19	2	-6	-5	det1=true
[8033]	65	97	-24	2	-6	5	det1=true
[8034]	71	97	-26	-20	-3	-7	det1=true
[8035]	71	97	-33	-20	-3	7	det1=true
[8036]	73	97	-24	-8	-1	-8	det1=true
[8037]	73	97	-32	-8	-1	8	det1=true
[8038]	76	97	-11	-11	-3	-8	det1=true
[8039]	78	97	-36	1	-8	-1	det1=true
[8040]	78	97	-37	1	-8	1	det1=true
[8041]	78	97	-35	-5	-8	-1	det1=true
[8042]	78	97	-36	-5	-8	1	det1=true
[8043]	78	97	-29	-16	-7	-4	det1=true
[8044]	78	97	-33	-16	-7	4	det1=true
[8045]	79	97	-34	-25	-3	-7	det1=true
[8046]	79	97	-41	-25	-3	7	det1=true
[8047]	79	97	-18	-9	-7	-5	det1=true
[8048]	79	97	-23	-9	-7	5	det1=true
[8049]	81	97	-1	3	-9	-1	det1=true
[8050]	81	97	-2	3	-9	1	det1=true
[8051]	87	97	-24	-22	-7	-5	det1=true
[8052]	87	97	-29	-22	-7	5	det1=true
[8053]	88	97	-39	-21	-1	-8	det1=true
[8054]	88	97	-47	-21	-1	8	det1=true
[8055]	88	97	-17	-4	-9	-2	det1=true
[8056]	88	97	-19	-4	-9	2	det1=true
[8057]	91	97	-39	-10	-8	-3	det1=true
[8058]	91	97	-42	-10	-8	3	det1=true
[8059]	91	97	-18	-12	-6	-7	det1=true
[8060]	91	97	-25	-12	-6	7	det1=true
[8061]	93	97	-41	-3	-7	-5	det1=true
[8062]	93	97	-46	-3	-7	5	det1=true
[8063]	96	97	-45	-37	-1	8	det1=true
[8064]	97	97	-42	-15	-7	-5	det1=true
[8065]	97	97	-47	-15	-7	5	det1=true
[8066]	97	97	-27	0	-8	-5	det1=true
[8067]	55	98	-14	-9	-4	-6	det1=true
[8068]	60	98	-3	1	-5	-6	det1=true
[8069]	60	98	-9	1	-5	6	det1=true
[8070]	69	98	-17	-8	-2	8	det1=true
[8071]	72	98	-9	1	-8	3	det1=true
[8072]	73	98	-31	-10	-5	-6	det1=true
[8073]	73	98	-37	-10	-5	6	det1=true
[8074]	74	98	-27	-4	-8	2	det1=true
[8075]	79	98	-25	-3	-8	-3	det1=true
[8076]	79	98	-28	-3	-8	3	det1=true
[8077]	79	98	-20	-13	-8	-3	det1=true
[8078]	79	98	-23	-13	-8	3	det1=true
[8079]	82	98	-26	-13	-8	-3	det1=true
[8080]	82	98	-29	-13	-8	3	det1=true
[8081]	93	98	-22	-15	-6	-7	det1=true
[8082]	93	98	-29	-15	-6	7	det1=true
[8083]	42	99	-9	-8	-5	-4	det1=true
[8084]	42	99	-13	-8	-5	4	det1=true
[8085]	69	99	-19	-8	-4	-7	det1=true
[8086]	69	99	-18	-10	-4	-7	det1=true
[8087]	69	99	-25	-10	-4	7	det1=true
[8088]	72	99	-5	-6	-3	-8	det1=true
[8089]	72	99	-13	-6	-3	8	det1=true
[8090]	73	99	-31	-30	-2	-7	det1=true
[8091]	73	99	-38	-30	-2	7	det1=true
[8092]	75	99	-32	-8	-8	-1	det1=true
[8093]	77	99	-19	-3	-5	-7	det1=true
[8094]	77	99	-26	-3	-5	7	det1=true
[8095]	78	99	-32	-17	-8	-1	det1=true
[8096]	78	99	-33	-17	-8	1	det1=true
[8097]	79	99	-36	-4	-4	-7	det1=true
[8098]	79	99	-43	-4	-4	7	det1=true
[8099]	79	99	-28	-24	-8	-1	det1=true
[8100]	79	99	-29	-24	-8	1	det1=true
[8101]	80	99	-34	-15	-4	-7	det1=true
[8102]	80	99	-41	-15	-4	7	det1=true
[8103]	83	99	-24	-20	-8	-3	det1=true
[8104]	83	99	-27	-20	-8	3	det1=true
[8105]	85	99	-29	-14	-5	-7	det1=true
[8106]	85	99	-36	-14	-5	7	det1=true
[8107]	88	99	-17	-2	-5	8	det1=true
[8108]	89	99	-42	-22	-7	-4	det1=true
[8109]	89	99	-46	-22	-7	4	det1=true
[8110]	95	99	-44	-9	-7	-5	det1=true
[8111]	95	99	-49	-9	-7	5	det1=true
[8112]	97	99	-28	-5	-5	-8	det1=true
[8113]	97	99	-36	-5	-5	8	det1=true
[8114]	99	99	-72	-16	-4	-5	det1=true
[8115]	99	99	-42	-37	-7	-4	det1=true
[8116]	99	99	-46	-37	-7	4	det1=true
[8117]	99	99	-44	-28	-7	5	det1=true
[8118]	38	100	-13	0	-1	-6	det1=true
[8119]	38	100	-19	0	-1	6	det1=true
[8120]	40	100	-17	-7	-1	-6	det1=true
[8121]	40	100	-23	-7	-1	6	det1=true
[8122]	54	100	-17	3	-7	-2	det1=true
[8123]	54	100	-19	3	-7	2	det1=true
[8124]	58	100	-21	-12	-7	-2	det1=true
[8125]	58	100	-23	-12	-7	2	det1=true
[8126]	67	100	-31	-21	-7	-2	det1=true
[8127]	67	100	-33	-21	-7	2	det1=true
[8128]	70	100	-21	2	-8	-2	det1=true
[8129]	70	100	-23	2	-8	2	det1=true
[8130]	71	100	-25	-11	-8	-1	det1=true
[8131]	71	100	-26	-11	-8	1	det1=true
[8132]	94	100	-39	-35	-4	-7	det1=true
[8133]	94	100	-46	-35	-4	7	det1=true
[8134]	26	97	-9	-1	-3	-4	det1=true
[8135]	26	97	-13	-1	-3	4	det1=true
[8136]	27	97	-6	-7	-1	-5	det1=true
[8137]	27	97	-11	-7	-1	5	det1=true
[8138]	55	97	-12	-6	-7	-2	det1=true
[8139]	55	97	-14	-6	-7	2	det1=true
[8140]	57	97	-25	-6	-7	-1	det1=true
[8141]	57	97	-26	-6	-7	1	det1=true
[8142]	57	97	-22	0	-7	2	det1=true
[8143]	63	97	-22	-19	-7	-2	det1=true
[8144]	63	97	-24	-19	-7	2	det1=true
[8145]	66	97	-25	-22	-7	-2	det1=true
[8146]	66	97	-27	-22	-7	2	det1=true
[8147]	67	97	-14	-4	-8	-1	det1=true
[8148]	67	97	-15	-4	-8	1	det1=true
[8149]	69	97	-28	-24	-2	-7	det1=true
[8150]	69	97	-35	-24	-2	7	det1=true
[8151]	70	97	-29	-14	-5	6	det1=true
[8152]	71	97	-32	-11	-7	-3	det1=true
[8153]	71	97	-35	-11	-7	3	det1=true
[8154]	71	97	-22	-18	-5	-6	det1=true
[8155]	71	97	-28	-18	-5	6	det1=true
[8156]	73	97	-26	-5	-7	-4	det1=true
[8157]	73	97	-30	-5	-7	4	det1=true
[8158]	73	97	-24	-8	-4	-7	det1=true
[8159]	73	97	-31	-8	-4	7	det1=true
[8160]	73	97	-28	-14	-4	7	det1=true
[8161]	75	97	-11	1	-7	-5	det1=true
[8162]	75	97	-16	1	-7	5	det1=true
[8163]	76	97	-30	-3	-4	-7	det1=true
[8164]	76	97	-37	-3	-4	7	det1=true
[8165]	76	97	-27	-14	-7	-4	det1=true
[8166]	77	97	-20	0	-8	-3	det1=true
[8167]	77	97	-23	0	-8	3	det1=true
[8168]	79	97	-16	-15	-3	-8	det1=true
[8169]	79	97	-24	-15	-3	8	det1=true
[8170]	81	97	-29	-15	-2	-8	det1=true
[8171]	81	97	-37	-15	-2	8	det1=true
[8172]	83	97	-12	-2	-9	-1	det1=true
[8173]	85	97	-36	-20	-1	-8	det1=true
[8174]	85	97	-44	-20	-1	8	det1=true
[8175]	85	97	-36	-4	-8	3	det1=true
[8176]	86	97	-11	1	-7	-6	det1=true
[8177]	86	97	-17	1	-7	6	det1=true
[8178]	87	97	-34	-28	-8	-1	det1=true
[8179]	87	97	-35	-28	-8	1	det1=true
[8180]	89	97	-36	-5	-3	-8	det1=true
[8181]	89	97	-44	-5	-3	8	det1=true
[8182]	90	97	-29	-24	-3	-8	det1=true
[8183]	90	97	-37	-24	-3	8	det1=true
[8184]	91	97	-34	-20	-8	-3	det1=true
[8185]	91	97	-28	-27	-3	-8	det1=true
[8186]	91	97	-36	-27	-3	8	det1=true
[8187]	96	97	-37	-37	-1	-8	det1=true
[8188]	97	97	-32	0	-6	-7	det1=true
[8189]	97	97	-39	0	-6	7	det1=true
[8190]	44	98	-15	-12	-6	-2	det1=true
[8191]	48	98	-26	-13	-4	5	det1=true
[8192]	55	98	-17	-4	-6	-4	det1=true
[8193]	55	98	-21	-4	-6	4	det1=true
[8194]	57	98	-19	-1	-2	-7	det1=true
[8195]	57	98	-26	-1	-2	7	det1=true
[8196]	66	98	-28	-19	-2	-7	det1=true
[8197]	66	98	-35	-19	-2	7	det1=true
[8198]	68	98	-28	-25	-6	-4	det1=true
[8199]	68	98	-32	-25	-6	4	det1=true
[8200]	74	98	-18	-15	-2	-8	det1=true
[8201]	74	98	-26	-15	-2	8	det1=true
[8202]	76	98	-31	-19	-6	-5	det1=true
[8203]	76	98	-36	-19	-6	5	det1=true
[8204]	94	98	-34	-27	-8	-3	det1=true
[8205]	94	98	-37	-27	-8	3	det1=true
[8206]	96	98	-36	-35	-2	-8	det1=true
[8207]	96	98	-44	-35	-2	8	det1=true
[8208]	97	98	-41	-14	-8	4	det1=true
[8209]	42	99	-13	0	-5	-4	det1=true
[8210]	42	99	-17	0	-5	4	det1=true
[8211]	43	99	-18	-16	-1	-6	det1=true
[8212]	48	99	-22	-13	-4	-5	det1=true
[8213]	55	99	-21	-7	-1	-7	det1=true
[8214]	55	99	-28	-7	-1	7	det1=true
[8215]	66	99	-13	-4	-1	-8	det1=true
[8216]	67	99	-7	1	-2	-8	det1=true
[8217]	67	99	-15	1	-2	8	det1=true
[8218]	69	99	-26	-8	-4	7	det1=true
[8219]	74	99	-28	-13	-8	-1	det1=true
[8220]	74	99	-29	-13	-8	1	det1=true
[8221]	78	99	-23	0	-3	-8	det1=true
[8222]	78	99	-31	0	-3	8	det1=true
[8223]	79	99	-39	-2	-8	-1	det1=true
[8224]	79	99	-25	-26	-4	-7	det1=true
[8225]	79	99	-32	-26	-4	7	det1=true
[8226]	79	99	-20	-11	-5	-7	det1=true
[8227]	79	99	-27	-11	-5	7	det1=true
[8228]	79	99	-21	-14	-8	-3	det1=true
[8229]	79	99	-24	-14	-8	3	det1=true
[8230]	83	99	-33	-2	-8	-3	det1=true
[8231]	83	99	-36	-2	-8	3	det1=true
[8232]	85	99	-37	-24	-8	-1	det1=true
[8233]	85	99	-38	-24	-8	1	det1=true
[8234]	87	99	-25	-6	-9	-1	det1=true
[8235]	87	99	-26	-6	-9	1	det1=true
[8236]	88	99	-30	-23	-8	-3	det1=true
[8237]	88	99	-33	-23	-8	3	det1=true
[8238]	94	99	-36	-37	-4	-7	det1=true
[8239]	94	99	-43	-37	-4	7	det1=true
[8240]	94	99	-24	-5	-8	-5	det1=true
[8241]	94	99	-29	-5	-8	5	det1=true
[8242]	97	99	-36	-10	-1	-9	det1=true
[8243]	97	99	-45	-10	-1	9	det1=true
[8244]	99	99	-43	-21	-5	-7	det1=true
[8245]	99	99	-50	-21	-5	7	det1=true
[8246]	99	99	-43	-3	-9	-1	det1=true
[8247]	99	99	-44	-3	-9	1	det1=true
[8248]	99	99	-39	-28	-7	-5	det1=true
[8249]	42	100	-14	-9	-6	-2	det1=true
[8250]	42	100	-16	-9	-6	2	det1=true
[8251]	43	100	-25	-16	-1	6	det1=true
[8252]	58	100	-24	-9	-6	-4	det1=true
[8253]	61	100	-27	-12	-7	-2	det1=true
[8254]	61	100	-29	-12	-7	2	det1=true
[8255]	65	100	-24	-11	-6	5	det1=true
[8256]	67	100	-23	-11	-5	-6	det1=true
[8257]	67	100	-29	-11	-5	6	det1=true
[8258]	73	100	-27	2	-8	-2	det1=true
[8259]	73	100	-29	2	-8	2	det1=true
[8260]	94	100	-39	-34	-8	2	det1=true
[8261]	94	100	-32	3	-6	-7	det1=true
[8262]	94	100	-39	3	-6	7	det1=true
[8263]	95	100	-10	1	-4	-9	det1=true
[8264]	95	100	-19	1	-4	9	det1=true
[8265]	96	100	-47	-24	-8	-2	det1=true
[8266]	96	100	-49	-24	-8	2	det1=true
[8267]	96	100	-44	-27	-2	-8	det1=true
[8268]	96	100	-52	-27	-2	8	det1=true
[8269]	98	100	-17	-5	-4	-9	det1=true
[8270]	98	100	-26	-5	-4	9	det1=true
[8271]	98	100	-23	-11	-4	9	det1=true
[8272]	43	97	-18	0	-4	5	det1=true
[8273]	59	97	-11	0	-7	-3	det1=true
[8274]	59	97	-14	0	-7	3	det1=true
[8275]	61	97	-28	3	-7	-2	det1=true
[8276]	61	97	-30	3	-7	2	det1=true
[8277]	66	97	-9	-4	-7	-4	det1=true
[8278]	66	97	-13	-4	-7	4	det1=true
[8279]	67	97	-27	-8	-7	-3	det1=true
[8280]	67	97	-30	-8	-7	3	det1=true
[8281]	71	97	-28	-18	-7	-3	det1=true
[8282]	71	97	-31	-18	-7	3	det1=true
[8283]	71	97	-25	-14	-6	-5	det1=true
[8284]	71	97	-30	-14	-6	5	det1=true
[8285]	73	97	-21	-14	-4	-7	det1=true
[8286]	74	97	-22	-11	-8	2	det1=true
[8287]	76	97	-34	-1	-8	1	det1=true
[8288]	80	97	-23	-9	-8	-3	det1=true
[8289]	80	97	-26	-9	-8	3	det1=true
[8290]	81	97	-32	-6	-2	-8	det1=true
[8291]	81	97	-40	-6	-2	8	det1=true
[8292]	83	97	-31	2	-8	-3	det1=true
[8293]	83	97	-34	2	-8	3	det1=true
[8294]	83	97	-13	-2	-9	1	det1=true
[8295]	84	97	-36	-5	-2	-8	det1=true
[8296]	84	97	-38	-17	-8	-1	det1=true
[8297]	84	97	-39	-17	-8	1	det1=true
[8298]	85	97	-33	-4	-8	-3	det1=true
[8299]	85	97	-29	-14	-8	-3	det1=true
[8300]	85	97	-32	-14	-8	3	det1=true
[8301]	85	97	-14	-9	-9	-1	det1=true
[8302]	85	97	-15	-9	-9	1	det1=true
[8303]	85	97	-4	-4	-6	-7	det1=true
[8304]	85	97	-11	-4	-6	7	det1=true
[8305]	88	97	-16	-1	-6	-7	det1=true
[8306]	88	97	-23	-1	-6	7	det1=true
[8307]	90	97	-11	-1	-8	-5	det1=true
[8308]	90	97	-16	-1	-8	5	det1=true
[8309]	91	97	-37	-20	-8	3	det1=true
[8310]	91	97	-17	-14	-2	-9	det1=true
[8311]	91	97	-26	-14	-2	9	det1=true
[8312]	94	97	-47	-33	-6	5	det1=true
[8313]	94	97	-15	-13	-8	-5	det1=true
[8314]	94	97	-20	-13	-8	5	det1=true
[8315]	96	97	-39	-34	-7	-4	det1=true
[8316]	97	97	-41	-16	-5	-7	det1=true
[8317]	97	97	-48	-16	-5	7	det1=true
[8318]	97	97	-32	0	-8	5	det1=true
[8319]	26	98	-7	-7	-3	-4	det1=true
[8320]	26	98	-11	-7	-3	4	det1=true
[8321]	44	98	-19	-6	-6	-2	det1=true
[8322]	44	98	-21	-6	-6	2	det1=true
[8323]	44	98	-17	-12	-6	2	det1=true
[8324]	55	98	-20	-9	-4	6	det1=true
[8325]	56	98	-15	-9	-7	-2	det1=true
[8326]	56	98	-17	-9	-7	2	det1=true
[8327]	59	98	-25	-2	-7	-2	det1=true
[8328]	59	98	-27	-2	-7	2	det1=true
[8329]	60	98	-28	3	-6	-4	det1=true
[8330]	60	98	-32	3	-6	4	det1=true
[8331]	62	98	-21	-19	-2	-7	det1=true
[8332]	62	98	-28	-19	-2	7	det1=true
[8333]	72	98	-6	1	-8	-3	det1=true
[8334]	74	98	-22	-7	-2	-8	det1=true
[8335]	74	98	-30	-7	-2	8	det1=true
[8336]	76	98	-29	-2	-8	-2	det1=true
[8337]	76	98	-31	-2	-8	2	det1=true
[8338]	82	98	-21	-19	-3	-8	det1=true
[8339]	89	98	-35	-13	-3	-8	det1=true
[8340]	89	98	-43	-13	-3	8	det1=true
[8341]	89	98	-33	-28	-2	-8	det1=true
[8342]	89	98	-41	-28	-2	8	det1=true
[8343]	89	98	-17	-10	-7	-6	det1=true
[8344]	89	98	-23	-10	-7	6	det1=true
[8345]	95	98	-43	-9	-3	-8	det1=true
[8346]	95	98	-51	-9	-3	8	det1=true
[8347]	96	98	-23	-10	-5	-8	det1=true
[8348]	96	98	-31	-10	-5	8	det1=true
[8349]	97	98	-37	-14	-8	-4	det1=true
[8350]	44	99	-17	-5	-4	-5	det1=true
[8351]	44	99	-22	-5	-4	5	det1=true
[8352]	49	99	-27	-16	-4	5	det1=true
[8353]	58	99	-22	-3	-2	-7	det1=true
[8354]	58	99	-29	-3	-2	7	det1=true
[8355]	59	99	-24	-2	-2	-7	det1=true
[8356]	59	99	-31	-2	-2	7	det1=true
[8357]	64	99	-5	-5	-1	-8	det1=true
[8358]	64	99	-13	-5	-1	8	det1=true
[8359]	65	99	-14	4	-8	-1	det1=true
[8360]	65	99	-15	4	-8	1	det1=true
[8361]	66	99	-21	-4	-1	8	det1=true
[8362]	71	99	-2	0	-3	-8	det1=true
[8363]	71	99	-10	0	-3	8	det1=true
[8364]	72	99	-35	-24	-7	-2	det1=true
[8365]	72	99	-37	-24	-7	2	det1=true
[8366]	79	99	-21	-10	-7	-5	det1=true
[8367]	81	99	-28	2	-7	-5	det1=true
[8368]	81	99	-33	2	-7	5	det1=true
[8369]	81	99	-27	-17	-5	7	det1=true
[8370]	81	99	-6	-7	-1	-9	det1=true
[8371]	81	99	-15	-7	-1	9	det1=true
[8372]	82	99	-17	-2	-4	-8	det1=true
[8373]	82	99	-25	-2	-4	8	det1=true
[8374]	86	99	-39	-23	-8	-1	det1=true
[8375]	86	99	-40	-23	-8	1	det1=true
[8376]	86	99	-36	-25	-4	-7	det1=true
[8377]	86	99	-43	-25	-4	7	det1=true
[8378]	87	99	-21	-10	-1	-9	det1=true
[8379]	87	99	-30	-10	-1	9	det1=true
[8380]	87	99	-19	-15	-9	-1	det1=true
[8381]	87	99	-20	-15	-9	1	det1=true
[8382]	89	99	-44	2	-7	5	det1=true
[8383]	93	99	-45	-14	-8	3	det1=true
[8384]	95	99	-38	-24	-3	-8	det1=true
[8385]	95	99	-46	-24	-3	8	det1=true
[8386]	99	99	-44	-20	-7	-5	det1=true
[8387]	28	100	-5	0	-5	2	det1=true
[8388]	42	100	-18	-11	-2	6	det1=true
[8389]	45	100	-19	-9	-5	-4	det1=true
[8390]	45	100	-23	-9	-5	4	det1=true
[8391]	57	100	-26	-9	-6	4	det1=true
[8392]	65	100	-19	-11	-6	-5	det1=true
[8393]	69	100	-22	-9	-8	-1	det1=true
[8394]	69	100	-23	-9	-8	1	det1=true
[8395]	69	100	-14	-7	-2	-8	det1=true
[8396]	69	100	-22	-7	-2	8	det1=true
[8397]	75	100	-22	-23	-4	-7	det1=true
[8398]	75	100	-29	-23	-4	7	det1=true
[8399]	76	100	-33	-2	-1	-8	det1=true
[8400]	76	100	-41	-2	-1	8	det1=true
[8401]	78	100	-37	-9	-8	-1	det1=true
[8402]	78	100	-38	-9	-8	1	det1=true
[8403]	80	100	-36	-23	-6	-5	det1=true
[8404]	88	100	-10	-7	-8	-5	det1=true
[8405]	95	100	-9	-5	-9	-4	det1=true
[8406]	95	100	-13	-5	-9	4	det1=true
[8407]	53	97	-4	-2	-2	-7	det1=true
[8408]	53	97	-11	-2	-2	7	det1=true
[8409]	56	97	-13	-12	-4	-6	det1=true
[8410]	61	97	-22	-16	-6	-4	det1=true
[8411]	61	97	-26	-16	-6	4	det1=true
[8412]	61	97	-14	-6	-3	-7	det1=true
[8413]	61	97	-21	-6	-3	7	det1=true
[8414]	61	97	-13	-8	-3	-7	det1=true
[8415]	61	97	-20	-8	-3	7	det1=true
[8416]	65	97	-27	-19	-6	-4	det1=true
[8417]	65	97	-31	-19	-6	4	det1=true
[8418]	74	97	-25	-21	-5	-6	det1=true
[8419]	74	97	-31	-21	-5	6	det1=true
[8420]	74	97	-20	-11	-8	-2	det1=true
[8421]	75	97	-29	-18	-6	-5	det1=true
[8422]	75	97	-34	-18	-6	5	det1=true
[8423]	76	97	-31	-14	-7	4	det1=true
[8424]	77	97	-14	-7	-7	-5	det1=true
[8425]	77	97	-19	-7	-7	5	det1=true
[8426]	79	97	-36	-23	-7	-3	det1=true
[8427]	79	97	-39	-23	-7	3	det1=true
[8428]	80	97	-19	-14	-3	-8	det1=true
[8429]	80	97	-27	-14	-3	8	det1=true
[8430]	82	97	-40	-9	-8	1	det1=true
[8431]	84	97	-44	-5	-2	8	det1=true
[8432]	88	97	-24	-3	-2	9	det1=true
[8433]	91	97	-38	-7	-3	-8	det1=true
[8434]	91	97	-46	-7	-3	8	det1=true
[8435]	93	97	-37	-32	-4	-7	det1=true
[8436]	93	97	-44	-32	-4	7	det1=true
[8437]	93	97	-30	-26	-5	-7	det1=true
[8438]	93	97	-37	-26	-5	7	det1=true
[8439]	94	97	-42	-33	-6	-5	det1=true
[8440]	96	97	-43	-34	-7	4	det1=true
[8441]	45	98	-19	-4	-5	-4	det1=true
[8442]	45	98	-23	-4	-5	4	det1=true
[8443]	54	98	-13	-1	-7	-2	det1=true
[8444]	54	98	-15	-1	-7	2	det1=true
[8445]	67	98	-29	-22	-6	-4	det1=true
[8446]	67	98	-33	-22	-6	4	det1=true
[8447]	74	98	-21	-12	-8	-2	det1=true
[8448]	74	98	-23	-12	-8	2	det1=true
[8449]	86	98	-27	-21	-8	-3	det1=true
[8450]	86	98	-30	-21	-8	3	det1=true
[8451]	90	98	-14	-1	-8	-5	det1=true
[8452]	90	98	-19	-1	-8	5	det1=true
[8453]	91	98	-39	-25	-3	8	det1=true
[8454]	97	98	-31	-14	-9	-2	det1=true
[8455]	97	98	-33	-14	-9	2	det1=true
[8456]	98	98	-39	0	-9	2	det1=true
[8457]	98	98	-26	-19	-8	5	det1=true
[8458]	45	99	-14	-14	-4	-5	det1=true
[8459]	45	99	-19	-14	-4	5	det1=true
[8460]	46	99	-20	-9	-4	-5	det1=true
[8461]	46	99	-25	-9	-4	5	det1=true
[8462]	53	99	-12	2	-7	-2	det1=true
[8463]	53	99	-14	2	-7	2	det1=true
[8464]	58	99	-23	-6	-7	-2	det1=true
[8465]	63	99	-28	-12	-2	-7	det1=true
[8466]	63	99	-35	-12	-2	7	det1=true
[8467]	69	99	-21	-8	-8	-1	det1=true
[8468]	69	99	-22	-8	-8	1	det1=true
[8469]	71	99	-24	-4	-1	-8	det1=true
[8470]	71	99	-32	-4	-1	8	det1=true
[8471]	74	99	-25	-15	-4	-7	det1=true
[8472]	74	99	-32	-15	-4	7	det1=true
[8473]	77	99	-20	-6	-3	-8	det1=true
[8474]	77	99	-28	-6	-3	8	det1=true
[8475]	79	99	-26	-10	-7	5	det1=true
[8476]	81	99	-34	1	-5	7	det1=true
[8477]	85	99	-15	-13	-1	-9	det1=true
[8478]	85	99	-24	-13	-1	9	det1=true
[8479]	93	99	-32	-27	-7	-5	det1=true
[8480]	93	99	-37	-27	-7	5	det1=true
[8481]	28	100	-3	0	-5	-2	det1=true
[8482]	42	100	-12	-11	-2	-6	det1=true
[8483]	57	100	-22	-9	-6	-4	det1=true
[8484]	58	100	-28	-9	-6	4	det1=true
[8485]	68	100	-24	-13	-6	-5	det1=true
[8486]	81	100	-37	-8	-8	-2	det1=true
[8487]	81	100	-39	-8	-8	2	det1=true
[8488]	82	100	-42	-9	-8	-1	det1=true
[8489]	83	100	-34	-3	-8	-3	det1=true
[8490]	83	100	-9	1	-6	-7	det1=true
[8491]	83	100	-16	1	-6	7	det1=true
[8492]	88	100	-15	-7	-8	5	det1=true
[8493]	90	100	-34	-35	-4	-7	det1=true
[8494]	90	100	-41	-35	-4	7	det1=true
[8495]	95	100	-32	-7	-6	-7	det1=true
[8496]	95	100	-39	-7	-6	7	det1=true
[8497]	98	100	-14	-11	-4	-9	det1=true
[8498]	100	100	-21	-9	-9	-4	det1=true
[8499]	100	100	-25	-9	-9	4	det1=true
[8500]	35	97	-14	-1	-3	5	det1=true
[8501]	40	97	-16	-5	-6	-1	det1=true
[8502]	40	97	-17	-5	-6	1	det1=true
[8503]	45	97	-18	-19	-1	-6	det1=true
[8504]	51	97	-12	2	-7	-1	det1=true
[8505]	56	97	-19	-12	-4	6	det1=true
[8506]	65	97	-26	-20	-4	-6	det1=true
[8507]	65	97	-32	-20	-4	6	det1=true
[8508]	66	97	-7	-7	-1	-8	det1=true
[8509]	66	97	-15	-7	-1	8	det1=true
[8510]	73	97	-27	-6	-8	-1	det1=true
[8511]	74	97	-17	-14	-2	-8	det1=true
[8512]	74	97	-25	-14	-2	8	det1=true
[8513]	75	97	-22	-18	-4	-7	det1=true
[8514]	75	97	-29	-18	-4	7	det1=true
[8515]	75	97	-9	-4	-7	-5	det1=true
[8516]	75	97	-14	-4	-7	5	det1=true
[8517]	76	97	-33	-1	-8	-1	det1=true
[8518]	81	97	-34	-12	-8	2	det1=true
[8519]	83	97	-8	-6	-1	-9	det1=true
[8520]	83	97	-17	-6	-1	9	det1=true
[8521]	87	97	-33	-2	-5	-7	det1=true
[8522]	87	97	-40	-2	-5	7	det1=true
[8523]	88	97	-15	-3	-2	-9	det1=true
[8524]	91	97	-42	-40	-2	-7	det1=true
[8525]	91	97	-49	-40	-2	7	det1=true
[8526]	91	97	-22	-16	-1	-9	det1=true
[8527]	91	97	-31	-16	-1	9	det1=true
[8528]	91	97	-13	-4	-8	-5	det1=true
[8529]	91	97	-18	-4	-8	5	det1=true
[8530]	93	97	-40	-4	-5	-7	det1=true
[8531]	61	98	-29	2	-7	-2	det1=true
[8532]	61	98	-31	2	-7	2	det1=true
[8533]	69	98	-9	-8	-2	-8	det1=true
[8534]	74	98	-25	-4	-8	-2	det1=true
[8535]	83	98	-25	-17	-8	-3	det1=true
[8536]	83	98	-28	-17	-8	3	det1=true
[8537]	84	98	-4	-3	-6	-7	det1=true
[8538]	88	98	-16	-7	-2	-9	det1=true
[8539]	88	98	-25	-7	-2	9	det1=true
[8540]	91	98	-31	-25	-3	-8	det1=true
[8541]	98	98	-21	-19	-8	-5	det1=true
[8542]	61	99	-26	-19	-1	-7	det1=true
[8543]	68	99	-29	-24	-7	-2	det1=true
[8544]	68	99	-31	-24	-7	2	det1=true
[8545]	69	99	-28	-5	-1	8	det1=true
[8546]	75	99	-32	-32	-2	-7	det1=true
[8547]	75	99	-39	-32	-2	7	det1=true
[8548]	75	99	-29	-10	-4	-7	det1=true
[8549]	78	99	-31	-16	-1	-8	det1=true
[8550]	78	99	-39	-16	-1	8	det1=true
[8551]	78	99	-29	-10	-2	-8	det1=true
[8552]	78	99	-37	-10	-2	8	det1=true
[8553]	79	99	-19	-13	-7	-5	det1=true
[8554]	79	99	-24	-13	-7	5	det1=true
[8555]	87	99	-7	4	-8	-5	det1=true
[8556]	87	99	-12	4	-8	5	det1=true
[8557]	89	99	-39	2	-7	-5	det1=true
[8558]	91	99	-41	-2	-7	-5	det1=true
[8559]	91	99	-46	-2	-7	5	det1=true
[8560]	92	99	-19	-5	-5	-8	det1=true
[8561]	92	99	-27	-5	-5	8	det1=true
[8562]	93	99	-42	-14	-8	-3	det1=true
[8563]	55	100	-15	-12	-4	-6	det1=true
[8564]	55	100	-21	-12	-4	6	det1=true
[8565]	74	100	-14	-9	-8	-3	det1=true
[8566]	74	100	-17	-9	-8	3	det1=true
[8567]	76	100	-28	-7	-2	-8	det1=true
[8568]	76	100	-36	-7	-2	8	det1=true
[8569]	79	100	-36	-21	-6	-5	det1=true
[8570]	83	100	-17	-1	-2	9	det1=true
[8571]	86	100	-33	-14	-3	-8	det1=true
[8572]	86	100	-41	-14	-3	8	det1=true
[8573]	89	100	-24	1	-6	-7	det1=true
[8574]	89	100	-31	1	-6	7	det1=true
[8575]	51	97	-9	-1	-1	-7	det1=true
[8576]	51	97	-16	-1	-1	7	det1=true
[8577]	70	97	-23	-14	-5	-6	det1=true
[8578]	73	97	-28	-6	-8	1	det1=true
[8579]	77	97	-16	1	-5	-7	det1=true
[8580]	77	97	-23	1	-5	7	det1=true
[8581]	85	97	-42	-17	-7	4	det1=true
[8582]	97	97	-39	-21	-7	-5	det1=true
[8583]	97	97	-44	-21	-7	5	det1=true
[8584]	97	97	-22	-12	-5	-8	det1=true
[8585]	97	97	-30	-12	-5	8	det1=true
[8586]	69	98	-14	-1	-8	-2	det1=true
[8587]	69	98	-16	-1	-8	2	det1=true
[8588]	84	98	-11	-3	-6	7	det1=true
[8589]	86	98	-12	-3	-2	-9	det1=true
[8590]	86	98	-21	-3	-2	9	det1=true
[8591]	98	98	-40	-33	-2	-8	det1=true
[8592]	98	98	-48	-33	-2	8	det1=true
[8593]	37	99	-10	0	-6	-1	det1=true
[8594]	37	99	-11	0	-6	1	det1=true
[8595]	59	99	-26	-13	-1	-7	det1=true
[8596]	59	99	-33	-13	-1	7	det1=true
[8597]	68	99	-19	1	-4	-7	det1=true
[8598]	68	99	-26	1	-4	7	det1=true
[8599]	69	99	-22	-2	-7	-4	det1=true
[8600]	69	99	-26	-2	-7	4	det1=true
[8601]	69	99	-20	-5	-1	-8	det1=true
[8602]	69	99	-22	-6	-8	-1	det1=true
[8603]	69	99	-23	-6	-8	1	det1=true
[8604]	78	99	-32	-7	-8	-2	det1=true
[8605]	78	99	-34	-7	-8	2	det1=true
[8606]	91	99	-40	-3	-5	-7	det1=true
[8607]	91	99	-21	-22	-1	-9	det1=true
[8608]	92	99	-42	-11	-8	-3	det1=true
[8609]	92	99	-45	-11	-8	3	det1=true
[8610]	93	99	-39	-20	-8	-3	det1=true
[8611]	93	99	-42	-20	-8	3	det1=true
[8612]	94	99	-41	-32	-1	-8	det1=true
[8613]	94	99	-49	-32	-1	8	det1=true
[8614]	95	99	-20	-15	-5	-8	det1=true
[8615]	95	99	-28	-15	-5	8	det1=true
[8616]	40	100	-9	-4	-2	-6	det1=true
[8617]	40	100	-15	-4	-2	6	det1=true
[8618]	53	100	-13	-6	-4	-6	det1=true
[8619]	53	100	-19	-6	-4	6	det1=true
[8620]	58	100	-23	-10	-4	-6	det1=true
[8621]	58	100	-29	-10	-4	6	det1=true
[8622]	62	100	-16	-1	-6	-5	det1=true
[8623]	62	100	-21	-1	-6	5	det1=true
[8624]	69	100	-25	-1	-8	-1	det1=true
[8625]	69	100	-26	-1	-8	1	det1=true
[8626]	77	100	-31	-24	-5	-6	det1=true
[8627]	77	100	-37	-24	-5	6	det1=true
[8628]	81	100	-29	-3	-3	-8	det1=true
[8629]	81	100	-37	-3	-3	8	det1=true
[8630]	98	100	-36	-7	-6	-7	det1=true
[8631]	98	100	-43	-7	-6	7	det1=true
[8632]	45	97	-14	-11	-5	-4	det1=true
[8633]	45	97	-18	-11	-5	4	det1=true
[8634]	56	97	-14	-11	-6	-4	det1=true
[8635]	56	97	-18	-11	-6	4	det1=true
[8636]	85	97	-38	-17	-7	-4	det1=true
[8637]	91	97	-27	-26	-7	-5	det1=true
[8638]	91	97	-32	-26	-7	5	det1=true
[8639]	93	97	-47	-4	-5	7	det1=true
[8640]	97	97	-45	-12	-8	-3	det1=true
[8641]	97	97	-48	-12	-8	3	det1=true
[8642]	40	98	-7	-2	-6	-2	det1=true
[8643]	40	98	-9	-2	-6	2	det1=true
[8644]	40	98	-5	-4	-2	-6	det1=true
[8645]	40	98	-11	-4	-2	6	det1=true
[8646]	52	98	-8	-1	-6	-4	det1=true
[8647]	52	98	-12	-1	-6	4	det1=true
[8648]	59	98	-19	-14	-7	-2	det1=true
[8649]	60	98	-27	-1	-7	-2	det1=true
[8650]	60	98	-29	-1	-7	2	det1=true
[8651]	62	98	-27	-12	-4	-6	det1=true
[8652]	76	98	-26	-5	-2	-8	det1=true
[8653]	76	98	-34	-5	-2	8	det1=true
[8654]	93	98	-21	-17	-2	-9	det1=true
[8655]	49	99	-4	-2	-1	-7	det1=true
[8656]	49	99	-11	-2	-1	7	det1=true
[8657]	84	99	-37	-39	-2	-7	det1=true
[8658]	84	99	-44	-39	-2	7	det1=true
[8659]	85	99	-18	-7	-1	-9	det1=true
[8660]	85	99	-27	-7	-1	9	det1=true
[8661]	91	99	-25	-18	-9	-1	det1=true
[8662]	91	99	-26	-18	-9	1	det1=true
[8663]	91	99	-30	-22	-1	9	det1=true
[8664]	94	99	-43	-29	-7	-4	det1=true
[8665]	94	99	-47	-29	-7	4	det1=true
[8666]	37	100	-9	-3	-1	-6	det1=true
[8667]	37	100	-15	-3	-1	6	det1=true
[8668]	62	100	-35	-12	-4	6	det1=true
[8669]	64	100	-9	-2	-1	-8	det1=true
[8670]	64	100	-17	-2	-1	8	det1=true
[8671]	83	100	-37	-3	-8	3	det1=true
[8672]	83	100	-8	-1	-2	-9	det1=true
[8673]	95	100	-43	-19	-8	-3	det1=true
[8674]	95	100	-46	-19	-8	3	det1=true
[8675]	100	100	-4	1	-10	-2	det1=true
[8676]	38	97	-7	-6	-1	-6	det1=true
[8677]	38	97	-13	-6	-1	6	det1=true
[8678]	51	97	-13	2	-7	1	det1=true
[8679]	81	97	-32	-12	-8	-2	det1=true
[8680]	82	97	-36	-11	-4	-7	det1=true
[8681]	82	97	-43	-11	-4	7	det1=true
[8682]	86	97	-13	2	-9	-2	det1=true
[8683]	86	97	-15	2	-9	2	det1=true
[8684]	97	97	-38	-22	-5	-7	det1=true
[8685]	97	97	-45	-22	-5	7	det1=true
[8686]	29	98	-7	2	-5	-2	det1=true
[8687]	29	98	-9	2	-5	2	det1=true
[8688]	69	98	-12	-5	-8	-2	det1=true
[8689]	69	98	-14	-5	-8	2	det1=true
[8690]	61	99	-29	-16	-7	-1	det1=true
[8691]	72	99	-21	-17	-8	-1	det1=true
[8692]	72	99	-22	-17	-8	1	det1=true
[8693]	94	99	-39	-35	-8	-1	det1=true
[8694]	94	99	-40	-35	-8	1	det1=true
[8695]	70	100	1	1	-3	-8	det1=true
[8696]	95	97	-28	-17	-1	-9	det1=true
[8697]	95	97	-37	-17	-1	9	det1=true
[8698]	41	98	-7	1	-4	-5	det1=true
[8699]	41	98	-12	1	-4	5	det1=true
[8700]	42	98	-11	-2	-5	-4	det1=true
[8701]	42	98	-15	-2	-5	4	det1=true
[8702]	59	98	-23	-1	-2	-7	det1=true
[8703]	59	98	-30	-1	-2	7	det1=true
[8704]	89	98	-42	-15	-8	-2	det1=true
[8705]	89	98	-44	-15	-8	2	det1=true
[8706]	89	98	-9	-3	-5	-8	det1=true
[8707]	89	98	-17	-3	-5	8	det1=true
[8708]	92	98	-24	-7	-2	-9	det1=true
[8709]	92	98	-33	-7	-2	9	det1=true
[8710]	46	99	-14	1	-6	-3	det1=true
[8711]	46	99	-17	1	-6	3	det1=true
[8712]	97	100	-36	3	-6	-7	det1=true
[8713]	97	100	-43	3	-6	7	det1=true
[8714]	57	97	-22	-9	-1	-7	det1=true
[8715]	57	97	-29	-9	-1	7	det1=true
[8716]	73	98	-7	-5	-3	-8	det1=true
[8717]	73	98	-15	-5	-3	8	det1=true
[8718]	84	98	-3	-5	-2	-9	det1=true
[8719]	84	98	-12	-5	-2	9	det1=true
[8720]	85	98	-34	-31	-6	-5	det1=true
[8721]	85	98	-39	-31	-6	5	det1=true
[8722]	89	98	-19	-9	-9	-2	det1=true
[8723]	89	98	-21	-9	-9	2	det1=true
[8724]	93	98	-30	-17	-2	9	det1=true
[8725]	29	99	-8	-1	-5	-2	det1=true
[8726]	75	99	-14	-9	-3	-8	det1=true
[8727]	75	99	-22	-9	-3	8	det1=true
[8728]	96	99	-35	-30	-3	-8	det1=true
[8729]	96	99	-43	-30	-3	8	det1=true
[8730]	93	100	-21	-11	-8	-5	det1=true
[8731]	93	100	-26	-11	-8	5	det1=true
[8732]	35	97	-10	0	-5	-3	det1=true
[8733]	35	97	-13	0	-5	3	det1=true
[8734]	81	97	-32	-20	-8	-1	det1=true
[8735]	81	97	-33	-20	-8	1	det1=true
[8736]	95	97	-36	-1	-9	-1	det1=true
[8737]	30	99	-10	-5	-2	-5	det1=true
[8738]	30	99	-15	-5	-2	5	det1=true
[8739]	89	99	-38	1	-5	-7	det1=true
[8740]	26	100	-11	-5	-4	-3	det1=true
[8741]	26	100	-14	-5	-4	3	det1=true
[8742]	37	100	-7	-7	-1	-6	det1=true
[8743]	37	100	-13	-7	-1	6	det1=true
[8744]	40	100	-10	1	-2	-6	det1=true
[8745]	54	98	-11	-5	-7	-2	det1=true
[8746]	54	98	-13	-5	-7	2	det1=true
[8747]	85	99	-23	-3	-4	-8	det1=true
[8748]	85	99	-31	-3	-4	8	det1=true
[8749]	88	99	-39	-5	-8	-3	det1=true
[8750]	61	100	-13	1	-5	-6	det1=true
[8751]	61	100	-19	1	-5	6	det1=true
[8752]	99	100	-46	-33	-4	-7	det1=true
[8753]	84	97	-35	-19	-4	-7	det1=true
[8754]	78	99	-29	-19	-4	-7	det1=true
[8755]	78	99	-36	-19	-4	7	det1=true
[8756]	88	99	-42	-5	-8	3	det1=true
[8757]	69	100	-17	-4	-8	-2	det1=true
[8758]	69	100	-19	-4	-8	2	det1=true
[8759]	38	99	-13	-3	-6	-1	det1=true
[8760]	38	99	-14	-3	-6	1	det1=true
[8761]	17	98	-3	-3	-1	-4	det1=true
[8762]	62	98	-9	-7	-5	-6	det1=true
[8763]	93	100	-41	-28	-8	-2	det1=true
[8764]	76	98	-28	-23	-6	-5	det1=true
[8765]	76	98	-33	-23	-6	5	det1=true
[8766]	86	98	-13	-1	-6	-7	det1=true
[8767]	93	100	-44	-33	-6	-5	det1=true
[8768]	93	100	-49	-33	-6	5	det1=true
[8769]	98	98	-44	-37	-6	-5	det1=true
[8770]	98	98	-49	-37	-6	5	det1=true
[8771]	41	100	-10	-9	-2	-6	det1=true
[8772]	93	97	-40	-30	-8	-1	det1=true
[8773]	93	97	-41	-30	-8	1	det1=true
[8774]	81	98	-12	-5	-8	-4	det1=true
[8775]	81	98	-16	-5	-8	4	det1=true
[8776]	88	98	-5	-2	-5	-8	det1=true
[8777]	88	98	-13	-2	-5	8	det1=true
[8778]	57	99	-28	-3	-7	-1	det1=true
[8779]	85	97	-3	-6	-2	-9	det1=true
[8780]	85	97	-12	-6	-2	9	det1=true
[8781]	25	98	-4	-3	-4	-3	det1=true
[8782]	25	98	-7	-3	-4	3	det1=true
[8783]	61	98	-6	-5	-6	-5	det1=true
[8784]	61	98	-11	-5	-6	5	det1=true
[8785]	25	100	-6	-5	-4	-3	det1=true
[8786]	25	100	-9	-5	-4	3	det1=true
[8787]	91	97	-26	-12	-9	-1	det1=true
[8788]	91	97	-27	-12	-9	1	det1=true
[8789]	41	98	-5	-4	-5	-4	det1=true
[8790]	41	98	-9	-4	-5	4	det1=true
[8791]	37	97	-2	-4	-1	-6	det1=true
[8792]	75	97	-8	-5	-5	-7	det1=true
[8793]	75	97	-15	-5	-5	7	det1=true
[8794]	85	98	-7	-6	-7	-6	det1=true
[8795]	85	98	-13	-6	-7	6	det1=true
[8796]	49	99	-6	-1	-7	-1	det1=true
[8797]	49	99	-7	-1	-7	1	det1=true
[8798]	53	99	-6	-8	-2	-7	det1=true
[8799]	53	99	-13	-8	-2	7	det1=true
[8800]	85	100	-29	-19	-3	-8	det1=true
[8801]	85	100	-37	-19	-3	8	det1=true
[8802]	100	100	-39	-33	-8	-3	det1=true
[8803]	13	97	-2	-1	-3	-2	det1=true
[8804]	13	97	-4	-1	-3	2	det1=true
[8805]	69	98	-11	-4	-2	-8	det1=true
[8806]	69	98	-19	-4	-2	8	det1=true
[8807]	49	99	-7	1	-7	-1	det1=true
[8808]	8	99	-3	-2	-2	-2	det1=true
[8809]	99	99	-8	-6	-6	-8	det1=true
[8810]	99	99	-16	-6	-6	8	det1=true
[8811]	40	100	-12	3	-6	-2	det1=true
[8812]	40	100	-14	3	-6	2	det1=true
[8813]	8	97	-2	1	-2	-2	det1=true
[8814]	97	97	0	0	-7	-7	det1=true
[8815]	65	99	-11	2	-4	-7	det1=true
[8816]	89	97	-8	4	-8	-5	det1=true
[8817]	89	97	-13	4	-8	5	det1=true
[8818]	20	99	-6	1	-2	-4	det1=true
[8819]	20	99	-10	1	-2	4	det1=true
[8820]	100	100	-11	-8	-1	-10	det1=true
[8821]	100	100	-21	-8	-1	10	det1=true
[8822]	25	97	-4	2	-4	-3	det1=true
[8823]	52	97	-6	3	-6	-4	det1=true
[8824]	52	97	-10	3	-6	4	det1=true
[8825]	37	100	-12	3	-6	-1	det1=true
[8826]	37	100	-13	3	-6	1	det1=true
[8827]	17	97	-4	2	-4	-1	det1=true
[8828]	17	97	-5	2	-4	1	det1=true
[8829]	98	98	-17	-5	-9	4	det1=true
[8830]	41	99	-9	2	-4	-5	det1=true
[8831]	73	97	-8	4	-8	-3	det1=true
[8832]	73	97	-11	4	-8	3	det1=true
[8833]	98	98	-13	-1	-4	-9	det1=true
[8834]	98	98	-22	-1	-4	9	det1=true
[8835]	101	101	-12	-15	-1	-10	det1=true
[8836]	101	101	-22	-15	-1	10	det1=true
[8837]	48	101	-23	-18	-6	-2	det1=true
[8838]	48	101	-25	-18	-6	2	det1=true
[8839]	53	101	-23	0	-7	-1	det1=true
[8840]	53	101	-24	0	-7	1	det1=true
[8841]	82	101	-32	-9	-8	-3	det1=true
[8842]	82	101	-35	-9	-8	3	det1=true
[8843]	86	101	-36	-13	-8	-3	det1=true
[8844]	74	102	-19	-10	-6	-6	det1=true
[8845]	51	103	-10	-4	-7	-2	det1=true
[8846]	51	103	-12	-4	-7	2	det1=true
[8847]	80	103	-11	4	-9	2	det1=true
[8848]	82	103	-14	3	-6	-7	det1=true
[8849]	82	103	-21	3	-6	7	det1=true
[8850]	102	103	-27	-13	-4	-9	det1=true
[8851]	12	104	0	1	-2	-3	det1=true
[8852]	12	104	-3	1	-2	3	det1=true
[8853]	56	101	-21	-8	-4	-6	det1=true
[8854]	56	101	-27	-8	-4	6	det1=true
[8855]	74	101	-25	-10	-2	-8	det1=true
[8856]	78	101	-35	-11	-1	-8	det1=true
[8857]	83	101	-29	-13	-5	-7	det1=true
[8858]	83	101	-36	-13	-5	7	det1=true
[8859]	91	101	-28	-6	-7	-6	det1=true
[8860]	97	101	-38	-17	-9	-1	det1=true
[8861]	97	101	-39	-17	-9	1	det1=true
[8862]	98	101	-37	-5	-2	-9	det1=true
[8863]	99	101	-34	-8	-8	-5	det1=true
[8864]	99	101	-39	-8	-8	5	det1=true
[8865]	42	102	-13	-9	-5	-4	det1=true
[8866]	43	102	-5	-2	-3	-6	det1=true
[8867]	43	102	-11	-2	-3	6	det1=true
[8868]	64	102	-23	-3	-6	-5	det1=true
[8869]	64	102	-28	-3	-6	5	det1=true
[8870]	102	102	-17	-6	-10	-2	det1=true
[8871]	102	102	-19	-6	-10	2	det1=true
[8872]	27	103	1	0	-2	-5	det1=true
[8873]	27	103	-4	0	-2	5	det1=true
[8874]	68	103	-31	0	-5	-6	det1=true
[8875]	68	103	-37	0	-5	6	det1=true
[8876]	70	103	-19	-12	-2	-8	det1=true
[8877]	70	103	-27	-12	-2	8	det1=true
[8878]	80	103	-9	4	-9	-2	det1=true
[8879]	83	103	-35	-4	-7	-5	det1=true
[8880]	83	103	-40	-4	-7	5	det1=true
[8881]	85	103	-38	1	-3	-8	det1=true
[8882]	86	103	-23	-3	-7	-6	det1=true
[8883]	86	103	-29	-3	-7	6	det1=true
[8884]	89	103	-41	-39	-7	-3	det1=true
[8885]	89	103	-44	-39	-7	3	det1=true
[8886]	100	103	-21	-17	-4	-9	det1=true
[8887]	100	103	-30	-17	-4	9	det1=true
[8888]	24	104	-7	-3	-3	-4	det1=true
[8889]	24	104	-11	-3	-3	4	det1=true
[8890]	56	104	-20	-13	-2	-7	det1=true
[8891]	56	104	-27	-13	-2	7	det1=true
[8892]	61	104	-10	1	-8	-1	det1=true
[8893]	61	104	-11	1	-8	1	det1=true
[8894]	67	104	-25	-16	-5	-6	det1=true
[8895]	67	104	-31	-16	-5	6	det1=true
[8896]	68	104	-7	1	-8	-3	det1=true
[8897]	68	104	-10	1	-8	3	det1=true
[8898]	97	104	-41	0	-7	-6	det1=true
[8899]	97	104	-47	0	-7	6	det1=true
[8900]	101	104	-30	-3	-4	-9	det1=true
[8901]	101	104	-39	-3	-4	9	det1=true
[8902]	101	104	-16	-11	-10	-2	det1=true
[8903]	101	104	-18	-11	-10	2	det1=true
[8904]	103	104	-49	-4	-9	-2	det1=true
[8905]	103	104	-51	-4	-9	2	det1=true
[8906]	104	104	-17	-1	-10	-3	det1=true
[8907]	104	104	-20	-1	-10	3	det1=true
[8908]	44	101	-21	-16	-2	6	det1=true
[8909]	56	101	-26	-7	-6	4	det1=true
[8910]	58	101	-1	1	-6	-5	det1=true
[8911]	58	101	-6	1	-6	5	det1=true
[8912]	77	101	-6	-2	-4	-8	det1=true
[8913]	77	101	-14	-2	-4	8	det1=true
[8914]	78	101	-25	-28	-1	-8	det1=true
[8915]	78	101	-33	-28	-1	8	det1=true
[8916]	81	101	-33	4	-8	-3	det1=true
[8917]	81	101	-36	4	-8	3	det1=true
[8918]	84	101	-35	-22	-8	-2	det1=true
[8919]	84	101	-37	-22	-8	2	det1=true
[8920]	86	101	-7	-4	-5	-8	det1=true
[8921]	86	101	-15	-4	-5	8	det1=true
[8922]	88	101	-25	-4	-9	-2	det1=true
[8923]	88	101	-27	-4	-9	2	det1=true
[8924]	88	101	-28	-13	-2	9	det1=true
[8925]	89	101	-41	-26	-4	-7	det1=true
[8926]	89	101	-48	-26	-4	7	det1=true
[8927]	91	101	-34	-6	-7	6	det1=true
[8928]	95	101	-33	-6	-2	-9	det1=true
[8929]	95	101	-42	-6	-2	9	det1=true
[8930]	95	101	-26	-28	-1	-9	det1=true
[8931]	95	101	-35	-28	-1	9	det1=true
[8932]	100	101	-36	-17	-6	-7	det1=true
[8933]	100	101	-43	-17	-6	7	det1=true
[8934]	101	101	-56	-24	-8	-1	det1=true
[8935]	101	101	-38	-16	-7	-6	det1=true
[8936]	101	101	-44	-16	-7	6	det1=true
[8937]	101	101	-33	-24	-6	-7	det1=true
[8938]	101	101	-40	-24	-6	7	det1=true
[8939]	30	102	-11	-9	-2	-5	det1=true
[8940]	30	102	-16	-9	-2	5	det1=true
[8941]	51	102	-7	-3	-2	-7	det1=true
[8942]	51	102	-14	-3	-2	7	det1=true
[8943]	51	102	-6	-5	-2	-7	det1=true
[8944]	51	102	-13	-5	-2	7	det1=true
[8945]	68	102	-27	1	-8	1	det1=true
[8946]	68	102	-21	-10	-7	-4	det1=true
[8947]	72	102	-35	-2	-7	4	det1=true
[8948]	72	102	-29	-5	-1	-8	det1=true
[8949]	72	102	-37	-5	-1	8	det1=true
[8950]	76	102	-34	-9	-4	-7	det1=true
[8951]	76	102	-41	-9	-4	7	det1=true
[8952]	81	102	-33	-25	-7	-4	det1=true
[8953]	81	102	-37	-25	-7	4	det1=true
[8954]	50	103	-11	2	-6	-4	det1=true
[8955]	50	103	-15	2	-6	4	det1=true
[8956]	64	103	-18	-1	-8	-1	det1=true
[8957]	64	103	-19	-1	-8	1	det1=true
[8958]	70	103	-13	1	-8	-3	det1=true
[8959]	73	103	-23	0	-7	5	det1=true
[8960]	76	103	-29	-5	-8	3	det1=true
[8961]	79	103	-38	-12	-8	2	det1=true
[8962]	82	103	-35	-27	-8	-1	det1=true
[8963]	82	103	-36	-27	-8	1	det1=true
[8964]	85	103	-44	-38	-3	7	det1=true
[8965]	87	103	-12	-11	-5	-8	det1=true
[8966]	87	103	-20	-11	-5	8	det1=true
[8967]	91	103	-25	-25	-1	-9	det1=true
[8968]	91	103	-34	-25	-1	9	det1=true
[8969]	97	103	-46	2	-7	6	det1=true
[8970]	98	103	-31	-26	-9	-2	det1=true
[8971]	98	103	-33	-26	-9	2	det1=true
[8972]	99	103	-46	-9	-9	-1	det1=true
[8973]	99	103	-47	-9	-9	1	det1=true
[8974]	100	103	-32	-27	-6	-7	det1=true
[8975]	100	103	-39	-27	-6	7	det1=true
[8976]	100	103	-31	-21	-5	-8	det1=true
[8977]	100	103	-39	-21	-5	8	det1=true
[8978]	38	104	-3	2	-5	-4	det1=true
[8979]	38	104	-7	2	-5	4	det1=true
[8980]	39	104	-14	3	-6	-2	det1=true
[8981]	39	104	-16	3	-6	2	det1=true
[8982]	60	104	1	-2	-1	-8	det1=true
[8983]	60	104	-7	-2	-1	8	det1=true
[8984]	62	104	-20	-7	-6	-5	det1=true
[8985]	62	104	-25	-7	-6	5	det1=true
[8986]	69	104	-26	-7	-4	-7	det1=true
[8987]	69	104	-33	-7	-4	7	det1=true
[8988]	71	104	-26	-15	-4	-7	det1=true
[8989]	71	104	-33	-15	-4	7	det1=true
[8990]	72	104	-23	-16	-8	-2	det1=true
[8991]	72	104	-25	-16	-8	2	det1=true
[8992]	74	104	-29	-16	-8	2	det1=true
[8993]	80	104	-33	-26	-7	-4	det1=true
[8994]	80	104	-37	-26	-7	4	det1=true
[8995]	80	104	-37	-14	-3	8	det1=true
[8996]	84	104	-17	-12	-9	-2	det1=true
[8997]	92	104	-41	-22	-3	-8	det1=true
[8998]	92	104	-49	-22	-3	8	det1=true
[8999]	92	104	-35	-7	-9	-2	det1=true
[9000]	92	104	-37	-7	-9	2	det1=true
[9001]	94	104	-26	-17	-8	-5	det1=true
[9002]	94	104	-31	-17	-8	5	det1=true
[9003]	95	104	-39	-42	-1	-8	det1=true
[9004]	95	104	-47	-42	-1	8	det1=true
[9005]	97	104	-46	-25	-8	-3	det1=true
[9006]	97	104	-49	-25	-8	3	det1=true
[9007]	97	104	-16	-7	-10	-1	det1=true
[9008]	97	104	-17	-7	-10	1	det1=true
[9009]	104	104	-33	-9	-4	-9	det1=true
[9010]	104	104	-42	-9	-4	9	det1=true
[9011]	44	101	-15	-16	-2	-6	det1=true
[9012]	46	101	-15	-5	-6	-3	det1=true
[9013]	46	101	-18	-5	-6	3	det1=true
[9014]	56	101	-22	-7	-6	-4	det1=true
[9015]	57	101	-25	-12	-1	-7	det1=true
[9016]	57	101	-32	-12	-1	7	det1=true
[9017]	67	101	-19	-4	-4	-7	det1=true
[9018]	67	101	-26	-4	-4	7	det1=true
[9019]	68	101	-29	-15	-6	5	det1=true
[9020]	69	101	-30	-28	-4	-6	det1=true
[9021]	69	101	-36	-28	-4	6	det1=true
[9022]	69	101	-21	-10	-4	-7	det1=true
[9023]	69	101	-28	-10	-4	7	det1=true
[9024]	71	101	-30	0	-8	-1	det1=true
[9025]	71	101	-31	0	-8	1	det1=true
[9026]	83	101	-30	-12	-7	-5	det1=true
[9027]	83	101	-35	-12	-7	5	det1=true
[9028]	84	101	-17	0	-9	-2	det1=true
[9029]	84	101	-19	0	-9	2	det1=true
[9030]	85	101	-24	-7	-9	-1	det1=true
[9031]	85	101	-25	-7	-9	1	det1=true
[9032]	88	101	-20	-11	-6	-7	det1=true
[9033]	91	101	-17	-9	-3	-9	det1=true
[9034]	91	101	-26	-9	-3	9	det1=true
[9035]	93	101	-32	-18	-6	7	det1=true
[9036]	98	101	-41	0	-5	8	det1=true
[9037]	99	101	-38	-32	-5	-7	det1=true
[9038]	99	101	-45	-32	-5	7	det1=true
[9039]	99	101	-5	3	-10	-2	det1=true
[9040]	39	102	-15	-10	-1	-6	det1=true
[9041]	39	102	-21	-10	-1	6	det1=true
[9042]	49	102	-1	0	-6	-4	det1=true
[9043]	64	102	-10	-9	-4	-7	det1=true
[9044]	64	102	-17	-9	-4	7	det1=true
[9045]	68	102	-14	-9	-2	-8	det1=true
[9046]	68	102	-22	-9	-2	8	det1=true
[9047]	70	102	-21	-8	-8	-2	det1=true
[9048]	70	102	-23	-8	-8	2	det1=true
[9049]	71	102	-28	-3	-4	-7	det1=true
[9050]	71	102	-35	-3	-4	7	det1=true
[9051]	72	102	-31	-2	-7	-4	det1=true
[9052]	75	102	-24	1	-8	-3	det1=true
[9053]	75	102	-27	1	-8	3	det1=true
[9054]	79	102	-28	-27	-4	-7	det1=true
[9055]	79	102	-35	-27	-4	7	det1=true
[9056]	80	102	0	1	-2	-9	det1=true
[9057]	80	102	-9	1	-2	9	det1=true
[9058]	86	102	-23	-3	-9	-2	det1=true
[9059]	86	102	-25	-3	-9	2	det1=true
[9060]	89	102	-20	-3	-8	-5	det1=true
[9061]	91	102	-23	-3	-5	-8	det1=true
[9062]	91	102	-31	-3	-5	8	det1=true
[9063]	93	102	-39	-29	-8	3	det1=true
[9064]	93	102	-27	1	-5	-8	det1=true
[9065]	93	102	-35	1	-5	8	det1=true
[9066]	95	102	-34	-9	-6	-7	det1=true
[9067]	95	102	-41	-9	-6	7	det1=true
[9068]	98	102	-23	0	-1	10	det1=true
[9069]	100	102	-25	-9	-9	-4	det1=true
[9070]	100	102	-29	-9	-9	4	det1=true
[9071]	28	103	-7	-3	-2	-5	det1=true
[9072]	28	103	-12	-3	-2	5	det1=true
[9073]	36	103	-9	-4	-1	-6	det1=true
[9074]	36	103	-15	-4	-1	6	det1=true
[9075]	40	103	-19	-11	-6	-1	det1=true
[9076]	40	103	-20	-11	-6	1	det1=true
[9077]	44	103	-17	-13	-4	-5	det1=true
[9078]	59	103	-27	-13	-6	-4	det1=true
[9079]	59	103	-31	-13	-6	4	det1=true
[9080]	59	103	-26	-14	-4	-6	det1=true
[9081]	59	103	-32	-14	-4	6	det1=true
[9082]	61	103	-6	0	-8	-1	det1=true
[9083]	61	103	-7	0	-8	1	det1=true
[9084]	64	103	-28	-7	-6	5	det1=true
[9085]	67	103	-13	-9	-2	-8	det1=true
[9086]	67	103	-21	-9	-2	8	det1=true
[9087]	70	103	-22	-9	-8	-2	det1=true
[9088]	70	103	-24	-9	-8	2	det1=true
[9089]	70	103	-16	1	-8	3	det1=true
[9090]	73	103	-17	-1	-5	-7	det1=true
[9091]	73	103	-24	-1	-5	7	det1=true
[9092]	75	103	-28	-21	-7	-4	det1=true
[9093]	75	103	-32	-21	-7	4	det1=true
[9094]	79	103	-34	-16	-8	-2	det1=true
[9095]	79	103	-31	-19	-2	-8	det1=true
[9096]	79	103	-39	-19	-2	8	det1=true
[9097]	79	103	-16	1	-9	-1	det1=true
[9098]	79	103	-17	1	-9	1	det1=true
[9099]	79	103	-12	-3	-1	-9	det1=true
[9100]	79	103	-21	-3	-1	9	det1=true
[9101]	81	103	-32	-6	-3	-8	det1=true
[9102]	81	103	-40	-6	-3	8	det1=true
[9103]	83	103	-34	-5	-5	-7	det1=true
[9104]	83	103	-41	-5	-5	7	det1=true
[9105]	83	103	-12	-10	-6	-7	det1=true
[9106]	83	103	-19	-10	-6	7	det1=true
[9107]	85	103	-28	-5	-9	-1	det1=true
[9108]	85	103	-29	-5	-9	1	det1=true
[9109]	87	103	-22	-15	-9	2	det1=true
[9110]	91	103	-29	-21	-9	-1	det1=true
[9111]	91	103	-30	-21	-9	1	det1=true
[9112]	93	103	-29	-1	-9	-3	det1=true
[9113]	93	103	-32	-1	-9	3	det1=true
[9114]	95	103	-20	1	-9	-4	det1=true
[9115]	95	103	-24	1	-9	4	det1=true
[9116]	97	103	-44	3	-9	2	det1=true
[9117]	97	103	-30	-24	-6	-7	det1=true
[9118]	97	103	-37	-24	-6	7	det1=true
[9119]	101	103	-12	-2	-9	-5	det1=true
[9120]	101	103	-17	-2	-9	5	det1=true
[9121]	60	104	-1	1	-7	-4	det1=true
[9122]	60	104	-5	1	-7	4	det1=true
[9123]	69	104	-27	-7	-7	-4	det1=true
[9124]	70	104	-14	-3	-8	-3	det1=true
[9125]	70	104	-17	-3	-8	3	det1=true
[9126]	72	104	-20	-19	-2	-8	det1=true
[9127]	72	104	-28	-19	-2	8	det1=true
[9128]	74	104	-27	-16	-8	-2	det1=true
[9129]	74	104	-24	-19	-2	-8	det1=true
[9130]	74	104	-32	-19	-2	8	det1=true
[9131]	77	104	-30	-1	-8	-3	det1=true
[9132]	77	104	-33	-1	-8	3	det1=true
[9133]	78	104	-31	-20	-8	-2	det1=true
[9134]	78	104	-33	-20	-8	2	det1=true
[9135]	79	104	-31	-9	-8	-3	det1=true
[9136]	79	104	-34	-9	-8	3	det1=true
[9137]	79	104	-21	-23	-3	-8	det1=true
[9138]	79	104	-29	-23	-3	8	det1=true
[9139]	79	104	-7	1	-9	-2	det1=true
[9140]	79	104	-9	1	-9	2	det1=true
[9141]	84	104	-19	-12	-9	2	det1=true
[9142]	86	104	-30	-27	-8	-3	det1=true
[9143]	86	104	-33	-27	-8	3	det1=true
[9144]	88	104	-24	-13	-6	-7	det1=true
[9145]	89	104	-46	-33	-4	7	det1=true
[9146]	89	104	-39	-21	-8	-3	det1=true
[9147]	92	104	-11	-6	-9	-4	det1=true
[9148]	92	104	-15	-6	-9	4	det1=true
[9149]	98	104	-17	-19	-4	-9	det1=true
[9150]	98	104	-26	-19	-4	9	det1=true
[9151]	101	104	-42	3	-8	-5	det1=true
[9152]	101	104	-47	3	-8	5	det1=true
[9153]	102	104	-39	-23	-2	-9	det1=true
[9154]	102	104	-48	-23	-2	9	det1=true
[9155]	103	104	-29	-17	-9	-4	det1=true
[9156]	103	104	-33	-17	-9	4	det1=true
[9157]	104	104	-44	-17	-2	-9	det1=true
[9158]	104	104	-53	-17	-2	9	det1=true
[9159]	35	101	-15	0	-5	-3	det1=true
[9160]	35	101	-18	0	-5	3	det1=true
[9161]	42	101	-15	-1	-4	-5	det1=true
[9162]	42	101	-20	-1	-4	5	det1=true
[9163]	57	101	-28	-9	-7	-1	det1=true
[9164]	57	101	-29	-9	-7	1	det1=true
[9165]	57	101	-20	-12	-7	-2	det1=true
[9166]	57	101	-22	-12	-7	2	det1=true
[9167]	62	101	-9	-3	-1	8	det1=true
[9168]	67	101	-31	-9	-7	-3	det1=true
[9169]	67	101	-34	-9	-7	3	det1=true
[9170]	69	101	-20	-14	-8	-1	det1=true
[9171]	69	101	-21	-14	-8	1	det1=true
[9172]	71	101	-24	-22	-5	-6	det1=true
[9173]	71	101	-30	-22	-5	6	det1=true
[9174]	77	101	-24	0	-3	-8	det1=true
[9175]	77	101	-32	0	-3	8	det1=true
[9176]	77	101	-22	-6	-7	-5	det1=true
[9177]	77	101	-27	-6	-7	5	det1=true
[9178]	77	101	-20	-14	-8	-3	det1=true
[9179]	77	101	-23	-14	-8	3	det1=true
[9180]	82	101	-32	-15	-8	3	det1=true
[9181]	82	101	-9	-2	-9	-2	det1=true
[9182]	85	101	-20	-11	-1	-9	det1=true
[9183]	85	101	-29	-11	-1	9	det1=true
[9184]	85	101	-14	-9	-7	-6	det1=true
[9185]	85	101	-20	-9	-7	6	det1=true
[9186]	86	101	-29	-4	-8	-4	det1=true
[9187]	86	101	-33	-4	-8	4	det1=true
[9188]	88	101	-19	-13	-2	-9	det1=true
[9189]	89	101	-45	-24	-8	1	det1=true
[9190]	89	101	-36	-17	-7	-5	det1=true
[9191]	89	101	-41	-17	-7	5	det1=true
[9192]	91	101	-22	0	-9	-3	det1=true
[9193]	91	101	-19	-3	-3	-9	det1=true
[9194]	91	101	-28	-3	-3	9	det1=true
[9195]	93	101	-25	-18	-6	-7	det1=true
[9196]	95	101	-40	-9	-9	1	det1=true
[9197]	98	101	-46	-5	-2	9	det1=true
[9198]	98	101	-33	0	-5	-8	det1=true
[9199]	100	101	-35	-5	-5	-8	det1=true
[9200]	100	101	-43	-5	-5	8	det1=true
[9201]	101	101	-36	-10	-8	-5	det1=true
[9202]	101	101	-41	-10	-8	5	det1=true
[9203]	38	102	-5	0	-6	-2	det1=true
[9204]	38	102	-7	0	-6	2	det1=true
[9205]	38	102	-3	-2	-2	-6	det1=true
[9206]	44	102	-15	-14	-5	-4	det1=true
[9207]	44	102	-19	-14	-5	4	det1=true
[9208]	47	102	-20	-17	-4	-5	det1=true
[9209]	71	102	-31	-1	-8	-1	det1=true
[9210]	71	102	-32	-1	-8	1	det1=true
[9211]	73	102	-35	-8	-7	4	det1=true
[9212]	78	102	-35	-14	-1	-8	det1=true
[9213]	78	102	-43	-14	-1	8	det1=true
[9214]	81	102	-33	-5	-8	-3	det1=true
[9215]	81	102	-36	-5	-8	3	det1=true
[9216]	89	102	-43	-27	-8	-1	det1=true
[9217]	89	102	-44	-27	-8	1	det1=true
[9218]	89	102	-25	-3	-8	5	det1=true
[9219]	93	102	-44	-33	-8	1	det1=true
[9220]	93	102	-40	-35	-4	-7	det1=true
[9221]	93	102	-47	-35	-4	7	det1=true
[9222]	44	103	-22	-13	-4	5	det1=true
[9223]	65	103	-26	-1	-5	-6	det1=true
[9224]	65	103	-32	-1	-5	6	det1=true
[9225]	73	103	-16	-6	-7	-5	det1=true
[9226]	73	103	-21	-6	-7	5	det1=true
[9227]	76	103	-26	-5	-8	-3	det1=true
[9228]	83	103	-32	-13	-7	-5	det1=true
[9229]	83	103	-37	-13	-7	5	det1=true
[9230]	85	103	-37	-38	-3	-7	det1=true
[9231]	85	103	-36	-30	-1	-8	det1=true
[9232]	85	103	-44	-30	-1	8	det1=true
[9233]	86	103	-27	-2	-9	2	det1=true
[9234]	87	103	-24	-2	-2	-9	det1=true
[9235]	87	103	-33	-2	-2	9	det1=true
[9236]	87	103	-18	-16	-7	-6	det1=true
[9237]	87	103	-24	-16	-7	6	det1=true
[9238]	88	103	-21	-15	-6	-7	det1=true
[9239]	88	103	-28	-15	-6	7	det1=true
[9240]	88	103	-20	-17	-2	-9	det1=true
[9241]	97	103	-29	-26	-2	-9	det1=true
[9242]	101	103	-46	-30	-8	-3	det1=true
[9243]	101	103	-49	-30	-8	3	det1=true
[9244]	101	103	-11	-1	-5	-9	det1=true
[9245]	101	103	-20	-1	-5	9	det1=true
[9246]	102	103	-35	-19	-5	-8	det1=true
[9247]	102	103	-43	-19	-5	8	det1=true
[9248]	27	104	-3	1	-2	-5	det1=true
[9249]	27	104	-8	1	-2	5	det1=true
[9250]	38	104	-8	1	-2	-6	det1=true
[9251]	38	104	-14	1	-2	6	det1=true
[9252]	42	104	-19	2	-5	-4	det1=true
[9253]	42	104	-23	2	-5	4	det1=true
[9254]	47	104	-27	-17	-4	5	det1=true
[9255]	58	104	-25	-11	-2	-7	det1=true
[9256]	58	104	-32	-11	-2	7	det1=true
[9257]	64	104	-25	-3	-5	-6	det1=true
[9258]	64	104	-31	-3	-5	6	det1=true
[9259]	66	104	-19	-10	-1	-8	det1=true
[9260]	66	104	-27	-10	-1	8	det1=true
[9261]	67	104	-28	-11	-6	-5	det1=true
[9262]	67	104	-33	-11	-6	5	det1=true
[9263]	68	104	-25	-2	-1	-8	det1=true
[9264]	68	104	-33	-2	-1	8	det1=true
[9265]	69	104	-25	-10	-1	-8	det1=true
[9266]	69	104	-33	-10	-1	8	det1=true
[9267]	71	104	-22	-13	-2	-8	det1=true
[9268]	71	104	-30	-13	-2	8	det1=true
[9269]	73	104	-22	-3	-8	-3	det1=true
[9270]	73	104	-25	-3	-8	3	det1=true
[9271]	85	104	-41	-13	-8	3	det1=true
[9272]	86	104	-29	0	-9	2	det1=true
[9273]	88	104	-31	-13	-6	7	det1=true
[9274]	89	104	-39	-33	-4	-7	det1=true
[9275]	94	104	-11	2	-8	-6	det1=true
[9276]	94	104	-17	2	-8	6	det1=true
[9277]	95	104	-9	-3	-1	-10	det1=true
[9278]	95	104	-19	-3	-1	10	det1=true
[9279]	98	104	-43	-30	-3	-8	det1=true
[9280]	98	104	-51	-30	-3	8	det1=true
[9281]	100	104	-39	-38	-3	-8	det1=true
[9282]	100	104	-47	-38	-3	8	det1=true
[9283]	102	104	-40	-21	-6	-7	det1=true
[9284]	103	104	-47	-5	-7	-6	det1=true
[9285]	30	101	-13	-5	-5	-2	det1=true
[9286]	30	101	-15	-5	-5	2	det1=true
[9287]	40	101	-13	-15	-1	-6	det1=true
[9288]	40	101	-19	-15	-1	6	det1=true
[9289]	44	101	-17	-10	-5	-4	det1=true
[9290]	44	101	-21	-10	-5	4	det1=true
[9291]	47	101	-18	-18	-4	-5	det1=true
[9292]	47	101	-23	-18	-4	5	det1=true
[9293]	57	101	-21	-8	-2	-7	det1=true
[9294]	57	101	-28	-8	-2	7	det1=true
[9295]	57	101	-12	-1	-7	-3	det1=true
[9296]	57	101	-15	-1	-7	3	det1=true
[9297]	62	101	-23	-21	-2	-7	det1=true
[9298]	62	101	-30	-21	-2	7	det1=true
[9299]	62	101	-7	0	-7	4	det1=true
[9300]	64	101	-25	-23	-2	-7	det1=true
[9301]	64	101	-32	-23	-2	7	det1=true
[9302]	65	101	-6	2	-8	-2	det1=true
[9303]	65	101	-8	2	-8	2	det1=true
[9304]	65	101	-3	-1	-2	-8	det1=true
[9305]	69	101	-24	-8	-8	-1	det1=true
[9306]	77	101	-20	-13	-3	-8	det1=true
[9307]	77	101	-28	-13	-3	8	det1=true
[9308]	78	101	-37	-8	-7	-4	det1=true
[9309]	78	101	-41	-8	-7	4	det1=true
[9310]	83	101	-38	-22	-8	-1	det1=true
[9311]	83	101	-39	-22	-8	1	det1=true
[9312]	83	101	-33	-16	-8	3	det1=true
[9313]	85	101	-29	-19	-7	-5	det1=true
[9314]	87	101	-37	-30	-8	-1	det1=true
[9315]	87	101	-38	-30	-8	1	det1=true
[9316]	91	101	-34	-26	-3	-8	det1=true
[9317]	91	101	-42	-26	-3	8	det1=true
[9318]	93	101	-27	4	-8	-5	det1=true
[9319]	93	101	-32	4	-8	5	det1=true
[9320]	93	101	-24	-20	-2	-9	det1=true
[9321]	93	101	-33	-20	-2	9	det1=true
[9322]	94	101	-26	-19	-6	-7	det1=true
[9323]	94	101	-33	-19	-6	7	det1=true
[9324]	94	101	-25	-21	-2	-9	det1=true
[9325]	94	101	-34	-21	-2	9	det1=true
[9326]	95	101	-39	-9	-9	-1	det1=true
[9327]	95	101	-30	-24	-9	-1	det1=true
[9328]	95	101	-31	-24	-9	1	det1=true
[9329]	101	101	-48	-12	-2	9	det1=true
[9330]	101	101	-32	1	-9	4	det1=true
[9331]	38	102	-9	-2	-2	6	det1=true
[9332]	39	102	-5	1	-5	-4	det1=true
[9333]	39	102	-9	1	-5	4	det1=true
[9334]	39	102	-4	-1	-4	-5	det1=true
[9335]	39	102	-9	-1	-4	5	det1=true
[9336]	65	102	-19	-1	-8	-1	det1=true
[9337]	65	102	-20	-1	-8	1	det1=true
[9338]	67	102	-24	1	-8	-1	det1=true
[9339]	67	102	-25	1	-8	1	det1=true
[9340]	73	102	-31	-8	-7	-4	det1=true
[9341]	73	102	-27	-16	-7	-4	det1=true
[9342]	80	102	-34	-21	-4	-7	det1=true
[9343]	80	102	-41	-21	-4	7	det1=true
[9344]	83	102	-9	-11	-2	-9	det1=true
[9345]	83	102	-18	-11	-2	9	det1=true
[9346]	84	102	-1	-2	-5	-8	det1=true
[9347]	84	102	-9	-2	-5	8	det1=true
[9348]	88	102	-17	-1	-5	-8	det1=true
[9349]	88	102	-25	-1	-5	8	det1=true
[9350]	93	102	-43	-33	-8	-1	det1=true
[9351]	93	102	-36	-29	-8	-3	det1=true
[9352]	98	102	-13	0	-1	-10	det1=true
[9353]	35	103	-15	-5	-3	-5	det1=true
[9354]	35	103	-20	-5	-3	5	det1=true
[9355]	40	103	-9	-6	-5	-4	det1=true
[9356]	40	103	-13	-6	-5	4	det1=true
[9357]	53	103	-25	-1	-7	-1	det1=true
[9358]	53	103	-26	-1	-7	1	det1=true
[9359]	61	103	-14	-10	-6	-5	det1=true
[9360]	61	103	-19	-10	-6	5	det1=true
[9361]	65	103	-29	-11	-7	-3	det1=true
[9362]	65	103	-32	-11	-7	3	det1=true
[9363]	66	103	-19	-8	-7	-4	det1=true
[9364]	66	103	-23	-8	-7	4	det1=true
[9365]	73	103	-15	-7	-5	-7	det1=true
[9366]	77	103	-24	-11	-3	-8	det1=true
[9367]	77	103	-32	-11	-3	8	det1=true
[9368]	79	103	-30	-27	-1	-8	det1=true
[9369]	79	103	-38	-27	-1	8	det1=true
[9370]	82	103	-36	-3	-8	-3	det1=true
[9371]	82	103	-39	-3	-8	3	det1=true
[9372]	85	103	-38	-27	-7	-4	det1=true
[9373]	85	103	-42	-27	-7	4	det1=true
[9374]	86	103	-25	-2	-9	-2	det1=true
[9375]	87	103	-10	-10	-3	-9	det1=true
[9376]	87	103	-19	-10	-3	9	det1=true
[9377]	91	103	-41	-20	-8	-3	det1=true
[9378]	91	103	-37	-26	-8	-3	det1=true
[9379]	92	103	-33	1	-6	-7	det1=true
[9380]	92	103	-40	1	-6	7	det1=true
[9381]	93	103	-40	-22	-5	-7	det1=true
[9382]	93	103	-47	-22	-5	7	det1=true
[9383]	94	103	-12	-9	-4	-9	det1=true
[9384]	94	103	-21	-9	-4	9	det1=true
[9385]	95	103	-38	-17	-7	6	det1=true
[9386]	97	103	-42	3	-9	-2	det1=true
[9387]	97	103	-40	2	-7	-6	det1=true
[9388]	98	103	-45	-25	-3	-8	det1=true
[9389]	98	103	-53	-25	-3	8	det1=true
[9390]	100	103	-31	-29	-2	-9	det1=true
[9391]	103	103	-49	-13	-9	-1	det1=true
[9392]	103	103	-50	-13	-9	1	det1=true
[9393]	54	104	-21	-4	-7	-2	det1=true
[9394]	54	104	-23	-4	-7	2	det1=true
[9395]	55	104	-24	-5	-6	-4	det1=true
[9396]	55	104	-28	-5	-6	4	det1=true
[9397]	55	104	-20	-13	-6	-4	det1=true
[9398]	55	104	-24	-13	-6	4	det1=true
[9399]	55	104	-19	-14	-4	-6	det1=true
[9400]	55	104	-25	-14	-4	6	det1=true
[9401]	58	104	-23	-16	-7	-2	det1=true
[9402]	58	104	-25	-16	-7	2	det1=true
[9403]	62	104	-21	-3	-5	-6	det1=true
[9404]	62	104	-27	-3	-5	6	det1=true
[9405]	63	104	-28	-21	-2	-7	det1=true
[9406]	63	104	-35	-21	-2	7	det1=true
[9407]	65	104	-21	1	-7	-4	det1=true
[9408]	65	104	-25	1	-7	4	det1=true
[9409]	69	104	-31	-7	-7	4	det1=true
[9410]	73	104	-19	-7	-3	-8	det1=true
[9411]	73	104	-27	-7	-3	8	det1=true
[9412]	79	104	-35	-28	-5	-6	det1=true
[9413]	79	104	-41	-28	-5	6	det1=true
[9414]	84	104	-9	-5	-8	-5	det1=true
[9415]	84	104	-14	-5	-8	5	det1=true
[9416]	85	104	-38	-13	-8	-3	det1=true
[9417]	86	104	-18	3	-8	-5	det1=true
[9418]	86	104	-23	3	-8	5	det1=true
[9419]	90	104	-39	-23	-8	-3	det1=true
[9420]	92	104	-35	-12	-9	2	det1=true
[9421]	92	104	-31	-13	-7	-6	det1=true
[9422]	92	104	-37	-13	-7	6	det1=true
[9423]	95	104	-41	-39	-7	-4	det1=true
[9424]	95	104	-45	-39	-7	4	det1=true
[9425]	95	104	-44	-7	-6	7	det1=true
[9426]	98	104	-14	-3	-10	2	det1=true
[9427]	99	104	-21	-8	-8	-6	det1=true
[9428]	99	104	-27	-8	-8	6	det1=true
[9429]	103	104	-53	-5	-7	6	det1=true
[9430]	62	101	-3	0	-7	-4	det1=true
[9431]	62	101	-1	-3	-1	-8	det1=true
[9432]	65	101	-11	-1	-2	8	det1=true
[9433]	69	101	-25	-8	-8	1	det1=true
[9434]	70	101	-29	-21	-5	6	det1=true
[9435]	71	101	-27	-2	-4	-7	det1=true
[9436]	71	101	-34	-2	-4	7	det1=true
[9437]	71	101	-4	-3	-7	-5	det1=true
[9438]	78	101	-27	-25	-7	-4	det1=true
[9439]	78	101	-31	-25	-7	4	det1=true
[9440]	81	101	-29	-28	-4	-7	det1=true
[9441]	81	101	-36	-28	-4	7	det1=true
[9442]	83	101	-30	-16	-8	-3	det1=true
[9443]	84	101	-15	-1	-7	-6	det1=true
[9444]	84	101	-21	-1	-7	6	det1=true
[9445]	88	101	-27	-11	-6	7	det1=true
[9446]	89	101	-32	-25	-3	-8	det1=true
[9447]	89	101	-40	-25	-3	8	det1=true
[9448]	91	101	-25	0	-9	3	det1=true
[9449]	92	101	3	1	-4	-9	det1=true
[9450]	92	101	-6	1	-4	9	det1=true
[9451]	95	101	-34	-4	-6	-7	det1=true
[9452]	95	101	-41	-4	-6	7	det1=true
[9453]	95	101	-30	0	-8	-5	det1=true
[9454]	97	101	-34	-21	-1	-9	det1=true
[9455]	97	101	-43	-21	-1	9	det1=true
[9456]	98	101	-14	1	-10	-1	det1=true
[9457]	98	101	-15	1	-10	1	det1=true
[9458]	56	102	-16	-15	-2	-7	det1=true
[9459]	56	102	-23	-15	-2	7	det1=true
[9460]	64	102	-13	-7	-8	-1	det1=true
[9461]	64	102	-14	-7	-8	1	det1=true
[9462]	66	102	-22	3	-8	-1	det1=true
[9463]	66	102	-19	1	-4	-7	det1=true
[9464]	66	102	-26	1	-4	7	det1=true
[9465]	68	102	-19	-13	-1	-8	det1=true
[9466]	68	102	-27	-13	-1	8	det1=true
[9467]	71	102	-29	-4	-7	-4	det1=true
[9468]	72	102	-15	-5	-8	-3	det1=true
[9469]	72	102	-18	-5	-8	3	det1=true
[9470]	73	102	-29	-11	-1	-8	det1=true
[9471]	73	102	-37	-11	-1	8	det1=true
[9472]	75	102	-32	-3	-8	-2	det1=true
[9473]	83	102	-15	2	-7	-6	det1=true
[9474]	83	102	-21	2	-7	6	det1=true
[9475]	87	102	-36	-31	-4	-7	det1=true
[9476]	87	102	-43	-31	-4	7	det1=true
[9477]	87	102	-16	1	-8	-5	det1=true
[9478]	87	102	-21	1	-8	5	det1=true
[9479]	92	102	-26	-3	-8	-5	det1=true
[9480]	39	103	-18	-17	-5	-3	det1=true
[9481]	39	103	-21	-17	-5	3	det1=true
[9482]	54	103	-15	-11	-2	-7	det1=true
[9483]	54	103	-22	-11	-2	7	det1=true
[9484]	68	103	-2	3	-8	-3	det1=true
[9485]	68	103	-5	3	-8	3	det1=true
[9486]	71	103	-31	-23	-7	-3	det1=true
[9487]	71	103	-34	-23	-7	3	det1=true
[9488]	72	103	-31	1	-4	-7	det1=true
[9489]	72	103	-38	1	-4	7	det1=true
[9490]	73	103	-18	0	-7	-5	det1=true
[9491]	73	103	-22	-7	-5	7	det1=true
[9492]	77	103	-8	2	-9	-1	det1=true
[9493]	77	103	-9	2	-9	1	det1=true
[9494]	79	103	-36	-16	-8	2	det1=true
[9495]	82	103	-11	-7	-7	-6	det1=true
[9496]	82	103	-17	-7	-7	6	det1=true
[9497]	83	103	-11	-12	-2	-9	det1=true
[9498]	83	103	-20	-12	-2	9	det1=true
[9499]	85	103	-24	-9	-1	-9	det1=true
[9500]	85	103	-33	-9	-1	9	det1=true
[9501]	85	103	-9	-6	-8	-5	det1=true
[9502]	85	103	-14	-6	-8	5	det1=true
[9503]	86	103	-11	-8	-5	-8	det1=true
[9504]	86	103	-19	-8	-5	8	det1=true
[9505]	90	103	-33	-29	-8	-3	det1=true
[9506]	90	103	-36	-29	-8	3	det1=true
[9507]	91	103	-28	-13	-7	-6	det1=true
[9508]	91	103	-34	-13	-7	6	det1=true
[9509]	95	103	-32	-17	-7	-6	det1=true
[9510]	100	103	-40	-29	-2	9	det1=true
[9511]	39	104	-12	1	-2	-6	det1=true
[9512]	39	104	-18	1	-2	6	det1=true
[9513]	77	104	-33	-27	-5	-6	det1=true
[9514]	77	104	-39	-27	-5	6	det1=true
[9515]	78	104	-28	-23	-2	-8	det1=true
[9516]	78	104	-36	-23	-2	8	det1=true
[9517]	79	104	-4	-1	-2	-9	det1=true
[9518]	79	104	-13	-1	-2	9	det1=true
[9519]	80	104	-23	-23	-3	-8	det1=true
[9520]	80	104	-31	-23	-3	8	det1=true
[9521]	82	104	-13	-8	-7	-6	det1=true
[9522]	82	104	-19	-8	-7	6	det1=true
[9523]	88	104	-37	-34	-7	-4	det1=true
[9524]	88	104	-41	-34	-7	4	det1=true
[9525]	101	104	-24	-9	-6	-8	det1=true
[9526]	101	104	-32	-9	-6	8	det1=true
[9527]	36	101	-7	-3	-6	-1	det1=true
[9528]	36	101	-8	-3	-6	1	det1=true
[9529]	43	101	-15	-13	-6	-2	det1=true
[9530]	43	101	-17	-13	-6	2	det1=true
[9531]	52	101	-14	-1	-6	-4	det1=true
[9532]	52	101	-18	-1	-6	4	det1=true
[9533]	57	101	-10	-3	-3	-7	det1=true
[9534]	57	101	-17	-3	-3	7	det1=true
[9535]	61	101	-14	-3	-5	-6	det1=true
[9536]	61	101	-20	-3	-5	6	det1=true
[9537]	67	101	-22	-2	-8	-1	det1=true
[9538]	67	101	-23	-2	-8	1	det1=true
[9539]	68	101	-12	-9	-2	-8	det1=true
[9540]	68	101	-20	-9	-2	8	det1=true
[9541]	71	101	-30	-13	-5	-6	det1=true
[9542]	71	101	-36	-13	-5	6	det1=true
[9543]	73	101	-32	-15	-5	-6	det1=true
[9544]	73	101	-38	-15	-5	6	det1=true
[9545]	74	101	-30	-21	-6	-5	det1=true
[9546]	74	101	-28	-7	-8	-2	det1=true
[9547]	74	101	-30	-7	-8	2	det1=true
[9548]	76	101	-19	-11	-3	-8	det1=true
[9549]	76	101	-27	-11	-3	8	det1=true
[9550]	77	101	-22	-9	-3	-8	det1=true
[9551]	77	101	-30	-9	-3	8	det1=true
[9552]	82	101	-29	-15	-8	-3	det1=true
[9553]	85	101	-34	-19	-7	5	det1=true
[9554]	95	101	-35	0	-8	5	det1=true
[9555]	101	101	-39	-12	-2	-9	det1=true
[9556]	101	101	-28	1	-9	-4	det1=true
[9557]	53	102	-17	1	-7	-2	det1=true
[9558]	53	102	-19	1	-7	2	det1=true
[9559]	61	102	-15	-5	-5	-6	det1=true
[9560]	61	102	-21	-5	-5	6	det1=true
[9561]	72	102	-23	-12	-8	-2	det1=true
[9562]	73	102	-31	-16	-7	4	det1=true
[9563]	75	102	-34	-3	-8	2	det1=true
[9564]	83	102	-17	3	-9	-2	det1=true
[9565]	83	102	-19	3	-9	2	det1=true
[9566]	92	102	-23	-9	-5	-8	det1=true
[9567]	92	102	-31	-9	-5	8	det1=true
[9568]	95	102	-29	-21	-9	-2	det1=true
[9569]	95	102	-31	-21	-9	2	det1=true
[9570]	100	102	-16	-11	-10	-1	det1=true
[9571]	100	102	-17	-11	-10	1	det1=true
[9572]	37	103	-12	-6	-1	-6	det1=true
[9573]	37	103	-18	-6	-1	6	det1=true
[9574]	39	103	-7	2	-4	-5	det1=true
[9575]	39	103	-12	2	-4	5	det1=true
[9576]	59	103	-26	-13	-7	-2	det1=true
[9577]	59	103	-28	-13	-7	2	det1=true
[9578]	61	103	-18	2	-5	-6	det1=true
[9579]	61	103	-24	2	-5	6	det1=true
[9580]	66	103	-30	-25	-4	-6	det1=true
[9581]	82	103	-13	-6	-9	-2	det1=true
[9582]	83	103	-26	-22	-7	-5	det1=true
[9583]	83	103	-31	-22	-7	5	det1=true
[9584]	88	103	-29	-17	-2	9	det1=true
[9585]	91	103	-44	-20	-8	3	det1=true
[9586]	91	103	-40	-26	-8	3	det1=true
[9587]	93	103	-29	-4	-8	-5	det1=true
[9588]	93	103	-34	-4	-8	5	det1=true
[9589]	93	103	-24	-14	-5	-8	det1=true
[9590]	93	103	-32	-14	-5	8	det1=true
[9591]	97	103	-38	-26	-2	9	det1=true
[9592]	99	103	-42	-13	-1	-9	det1=true
[9593]	99	103	-51	-13	-1	9	det1=true
[9594]	101	103	-22	-10	-10	-1	det1=true
[9595]	101	103	-23	-10	-10	1	det1=true
[9596]	36	104	-15	-7	-1	6	det1=true
[9597]	37	104	-15	-5	-6	-1	det1=true
[9598]	37	104	-16	-5	-6	1	det1=true
[9599]	61	104	-7	-1	-4	-7	det1=true
[9600]	61	104	-14	-1	-4	7	det1=true
[9601]	68	104	-27	1	-7	-4	det1=true
[9602]	68	104	-31	1	-7	4	det1=true
[9603]	77	104	-27	-6	-3	-8	det1=true
[9604]	77	104	-35	-6	-3	8	det1=true
[9605]	92	104	-25	-13	-8	-5	det1=true
[9606]	92	104	-30	-13	-8	5	det1=true
[9607]	95	104	-37	-7	-6	-7	det1=true
[9608]	95	104	-36	-9	-2	-9	det1=true
[9609]	95	104	-45	-9	-2	9	det1=true
[9610]	98	104	-12	-3	-10	-2	det1=true
[9611]	101	104	-39	-21	-7	-6	det1=true
[9612]	101	104	-45	-21	-7	6	det1=true
[9613]	101	104	-1	-4	-3	-10	det1=true
[9614]	101	104	-11	-4	-3	10	det1=true
[9615]	48	101	-21	-20	-2	-6	det1=true
[9616]	48	101	-27	-20	-2	6	det1=true
[9617]	52	101	-13	-2	-4	-6	det1=true
[9618]	52	101	-19	-2	-4	6	det1=true
[9619]	70	101	-23	-21	-5	-6	det1=true
[9620]	101	101	-64	-8	-3	-7	det1=true
[9621]	101	101	-71	-8	-3	7	det1=true
[9622]	101	101	-42	-15	-9	2	det1=true
[9623]	101	101	-10	-6	-10	-2	det1=true
[9624]	101	101	-12	-6	-10	2	det1=true
[9625]	71	102	-33	-4	-7	4	det1=true
[9626]	71	102	-27	-7	-1	-8	det1=true
[9627]	71	102	-35	-7	-1	8	det1=true
[9628]	72	102	-25	-12	-8	2	det1=true
[9629]	83	102	-10	-9	-6	-7	det1=true
[9630]	83	102	-17	-9	-6	7	det1=true
[9631]	87	102	-11	-9	-8	-5	det1=true
[9632]	57	103	-26	-16	-7	-1	det1=true
[9633]	57	103	-27	-16	-7	1	det1=true
[9634]	72	103	-34	3	-8	-1	det1=true
[9635]	82	103	-15	-6	-9	2	det1=true
[9636]	101	103	-25	-4	-10	-1	det1=true
[9637]	101	103	-26	-4	-10	1	det1=true
[9638]	64	104	-8	1	-2	-8	det1=true
[9639]	64	104	-16	1	-2	8	det1=true
[9640]	65	104	-19	-2	-1	-8	det1=true
[9641]	65	104	-27	-2	-1	8	det1=true
[9642]	75	104	-37	-9	-8	-1	det1=true
[9643]	75	104	-38	-9	-8	1	det1=true
[9644]	83	104	-34	-25	-2	-8	det1=true
[9645]	83	104	-42	-25	-2	8	det1=true
[9646]	86	104	-27	0	-9	-2	det1=true
[9647]	92	104	-33	-12	-9	-2	det1=true
[9648]	101	104	-45	-42	-7	-4	det1=true
[9649]	101	104	-49	-42	-7	4	det1=true
[9650]	44	101	-17	-14	-6	-2	det1=true
[9651]	44	101	-19	-14	-6	2	det1=true
[9652]	57	101	-22	-18	-7	-1	det1=true
[9653]	77	102	-16	-5	-4	8	det1=true
[9654]	78	102	-33	-19	-7	-4	det1=true
[9655]	78	102	-37	-19	-7	4	det1=true
[9656]	79	102	-31	-25	-8	-1	det1=true
[9657]	79	102	-32	-25	-8	1	det1=true
[9658]	81	102	-31	-28	-1	-8	det1=true
[9659]	84	102	-35	-6	-3	-8	det1=true
[9660]	84	102	-43	-6	-3	8	det1=true
[9661]	87	102	-16	-9	-8	5	det1=true
[9662]	102	102	-45	-35	-8	3	det1=true
[9663]	28	103	-9	0	-5	-2	det1=true
[9664]	28	103	-11	0	-5	2	det1=true
[9665]	38	103	-17	-5	-6	-1	det1=true
[9666]	38	103	-18	-5	-6	1	det1=true
[9667]	57	103	-23	-19	-1	-7	det1=true
[9668]	57	103	-30	-19	-1	7	det1=true
[9669]	92	103	-34	-31	-8	-3	det1=true
[9670]	92	103	-37	-31	-8	3	det1=true
[9671]	101	103	-46	-44	-6	-5	det1=true
[9672]	101	103	-51	-44	-6	5	det1=true
[9673]	103	103	-48	-27	-5	-7	det1=true
[9674]	29	104	-13	-4	-5	-2	det1=true
[9675]	29	104	-15	-4	-5	2	det1=true
[9676]	51	104	-15	2	-4	-6	det1=true
[9677]	51	104	-21	2	-4	6	det1=true
[9678]	85	104	-20	-9	-2	-9	det1=true
[9679]	85	104	-29	-9	-2	9	det1=true
[9680]	91	104	-31	-7	-2	-9	det1=true
[9681]	91	104	-40	-7	-2	9	det1=true
[9682]	101	104	-12	-15	-2	-10	det1=true
[9683]	101	104	-22	-15	-2	10	det1=true
[9684]	41	101	-17	0	-4	5	det1=true
[9685]	67	101	-28	-15	-7	-3	det1=true
[9686]	67	101	-31	-15	-7	3	det1=true
[9687]	80	101	-27	-24	-8	-2	det1=true
[9688]	80	101	-29	-24	-8	2	det1=true
[9689]	89	101	-37	-15	-7	-5	det1=true
[9690]	89	101	-42	-15	-7	5	det1=true
[9691]	91	101	-36	2	-9	-1	det1=true
[9692]	91	101	-37	2	-9	1	det1=true
[9693]	101	101	-40	-15	-9	-2	det1=true
[9694]	77	102	-8	-5	-4	-8	det1=true
[9695]	81	102	-39	-28	-1	8	det1=true
[9696]	102	102	-42	-35	-8	-3	det1=true
[9697]	25	103	-8	-1	-5	-1	det1=true
[9698]	28	103	-7	-4	-5	-2	det1=true
[9699]	28	103	-9	-4	-5	2	det1=true
[9700]	58	103	-23	-13	-2	-7	det1=true
[9701]	58	103	-30	-13	-2	7	det1=true
[9702]	82	103	-13	1	-2	-9	det1=true
[9703]	82	103	-22	1	-2	9	det1=true
[9704]	86	103	-18	-13	-6	-7	det1=true
[9705]	86	103	-25	-13	-6	7	det1=true
[9706]	93	103	-26	-10	-5	-8	det1=true
[9707]	93	103	-34	-10	-5	8	det1=true
[9708]	97	103	-18	-12	-4	-9	det1=true
[9709]	97	103	-27	-12	-4	9	det1=true
[9710]	103	103	-45	-17	-1	-9	det1=true
[9711]	103	103	-54	-17	-1	9	det1=true
[9712]	103	103	-28	-16	-9	-4	det1=true
[9713]	36	104	-9	-7	-1	-6	det1=true
[9714]	97	104	-43	1	-9	-2	det1=true
[9715]	97	104	-45	1	-9	2	det1=true
[9716]	41	101	-12	0	-4	-5	det1=true
[9717]	53	101	-16	-10	-2	7	det1=true
[9718]	57	101	-23	-18	-7	1	det1=true
[9719]	59	101	-13	-10	-3	-7	det1=true
[9720]	59	101	-20	-10	-3	7	det1=true
[9721]	66	101	-16	-9	-8	-1	det1=true
[9722]	66	101	-17	-9	-8	1	det1=true
[9723]	71	101	-18	-21	-1	-8	det1=true
[9724]	71	101	-26	-21	-1	8	det1=true
[9725]	89	101	-12	-12	-5	-8	det1=true
[9726]	89	101	-20	-12	-5	8	det1=true
[9727]	25	103	-6	-4	-5	-1	det1=true
[9728]	25	103	-7	-4	-5	1	det1=true
[9729]	81	103	-15	-10	-1	-9	det1=true
[9730]	81	103	-24	-10	-1	9	det1=true
[9731]	93	103	-30	4	-8	-5	det1=true
[9732]	93	103	-35	4	-8	5	det1=true
[9733]	53	104	-17	-3	-2	-7	det1=true
[9734]	53	104	-24	-3	-2	7	det1=true
[9735]	53	104	-12	-13	-2	-7	det1=true
[9736]	53	104	-19	-13	-2	7	det1=true
[9737]	66	104	-21	-7	-7	-4	det1=true
[9738]	101	104	-43	-45	-1	-8	det1=true
[9739]	101	104	-51	-45	-1	8	det1=true
[9740]	25	101	-8	-4	-3	-4	det1=true
[9741]	25	101	-12	-4	-3	4	det1=true
[9742]	37	101	-8	-8	-1	-6	det1=true
[9743]	37	101	-14	-8	-1	6	det1=true
[9744]	53	101	-9	-10	-2	-7	det1=true
[9745]	83	101	-35	-24	-4	-7	det1=true
[9746]	83	101	-42	-24	-4	7	det1=true
[9747]	97	101	-40	-28	-3	-8	det1=true
[9748]	97	101	-48	-28	-3	8	det1=true
[9749]	98	101	-38	-3	-6	-7	det1=true
[9750]	98	101	-45	-3	-6	7	det1=true
[9751]	86	103	-17	-15	-2	-9	det1=true
[9752]	86	103	-26	-15	-2	9	det1=true
[9753]	103	103	-32	-16	-9	4	det1=true
[9754]	103	103	-18	-10	-2	-10	det1=true
[9755]	103	103	-28	-10	-2	10	det1=true
[9756]	103	103	-18	-12	-10	-2	det1=true
[9757]	103	103	-20	-12	-10	2	det1=true
[9758]	86	104	-13	-9	-5	-8	det1=true
[9759]	86	104	-21	-9	-5	8	det1=true
[9760]	101	104	-21	-12	-1	-10	det1=true
[9761]	101	104	-31	-12	-1	10	det1=true
[9762]	29	101	-10	-3	-5	-2	det1=true
[9763]	83	101	-16	-10	-1	-9	det1=true
[9764]	83	101	-25	-10	-1	9	det1=true
[9765]	85	101	-16	-4	-2	-9	det1=true
[9766]	85	101	-25	-4	-2	9	det1=true
[9767]	97	101	-41	-35	-8	-2	det1=true
[9768]	97	101	-43	-35	-8	2	det1=true
[9769]	25	103	-6	-3	-1	-5	det1=true
[9770]	25	103	-11	-3	-1	5	det1=true
[9771]	95	103	-41	-10	-9	-1	det1=true
[9772]	95	103	-42	-10	-9	1	det1=true
[9773]	65	101	-15	-6	-8	-1	det1=true
[9774]	65	101	-16	-6	-8	1	det1=true
[9775]	81	101	-37	-11	-8	-2	det1=true
[9776]	81	101	-39	-11	-8	2	det1=true
[9777]	85	101	-17	-2	-6	-7	det1=true
[9778]	85	101	-24	-2	-6	7	det1=true
[9779]	90	101	-40	-31	-8	-1	det1=true
[9780]	90	101	-41	-31	-8	1	det1=true
[9781]	96	101	-13	-9	-9	-4	det1=true
[9782]	96	101	-17	-9	-9	4	det1=true
[9783]	51	103	-21	2	-7	-1	det1=true
[9784]	51	103	-22	2	-7	1	det1=true
[9785]	66	103	-17	-11	-1	-8	det1=true
[9786]	66	103	-25	-11	-1	8	det1=true
[9787]	84	104	-23	0	-9	-2	det1=true
[9788]	84	104	-25	0	-9	2	det1=true
[9789]	86	104	-25	-1	-7	-6	det1=true
[9790]	86	104	-31	-1	-7	6	det1=true
[9791]	99	101	-36	-22	-1	-9	det1=true
[9792]	99	101	-45	-22	-1	9	det1=true
[9793]	101	101	-21	-3	-8	-6	det1=true
[9794]	101	101	-27	-3	-8	6	det1=true
[9795]	35	103	-16	-4	-5	-3	det1=true
[9796]	35	103	-19	-4	-5	3	det1=true
[9797]	74	103	-20	-9	-8	-3	det1=true
[9798]	74	103	-23	-9	-8	3	det1=true
[9799]	75	103	-20	-8	-7	-5	det1=true
[9800]	75	103	-25	-8	-7	5	det1=true
[9801]	79	103	-25	-27	-2	-8	det1=true
[9802]	89	103	-43	-10	-8	-3	det1=true
[9803]	60	101	-11	-3	-6	-5	det1=true
[9804]	60	101	-16	-3	-6	5	det1=true
[9805]	52	102	-15	2	-4	-6	det1=true
[9806]	52	102	-21	2	-4	6	det1=true
[9807]	104	104	-40	-25	-6	-7	det1=true
[9808]	104	104	-47	-25	-6	7	det1=true
[9809]	20	101	-8	-1	-2	-4	det1=true
[9810]	20	101	-12	-1	-2	4	det1=true
[9811]	42	101	-13	-7	-5	-4	det1=true
[9812]	42	103	-15	-8	-5	-4	det1=true
[9813]	42	103	-19	-8	-5	4	det1=true
[9814]	54	103	-21	2	-7	-2	det1=true
[9815]	54	103	-23	2	-7	2	det1=true
[9816]	79	103	-33	-27	-2	8	det1=true
[9817]	39	104	-9	-8	-2	-6	det1=true
[9818]	53	101	-15	-5	-4	-6	det1=true
[9819]	53	101	-21	-5	-4	6	det1=true
[9820]	54	101	-15	-5	-2	-7	det1=true
[9821]	54	101	-22	-5	-2	7	det1=true
[9822]	81	101	-16	-3	-9	-1	det1=true
[9823]	20	104	-8	-7	-2	-4	det1=true
[9824]	20	104	-12	-7	-2	4	det1=true
[9825]	90	102	-41	-30	-1	-8	det1=true
[9826]	90	102	-49	-30	-1	8	det1=true
[9827]	72	104	-17	-6	-3	-8	det1=true
[9828]	72	104	-25	-6	-3	8	det1=true
[9829]	89	103	-18	-5	-3	-9	det1=true
[9830]	89	103	-27	-5	-3	9	det1=true
[9831]	74	101	-17	-5	-3	-8	det1=true
[9832]	74	101	-25	-5	-3	8	det1=true
[9833]	89	103	-21	-2	-9	-3	det1=true
[9834]	103	103	-49	-26	-7	-5	det1=true
[9835]	51	101	-13	-9	-1	-7	det1=true
[9836]	51	101	-20	-9	-1	7	det1=true
[9837]	71	102	-20	-13	-8	-2	det1=true
[9838]	71	102	-22	-13	-8	2	det1=true
[9839]	81	103	-19	-6	-9	-1	det1=true
[9840]	81	103	-20	-6	-9	1	det1=true
[9841]	101	102	-13	-17	-1	-10	det1=true
[9842]	101	102	-23	-17	-1	10	det1=true
[9843]	51	101	-15	-4	-1	-7	det1=true
[9844]	51	101	-22	-4	-1	7	det1=true
[9845]	64	103	-17	1	-7	-4	det1=true
[9846]	64	103	-21	1	-7	4	det1=true
[9847]	69	101	-17	-3	-2	-8	det1=true
[9848]	20	101	-9	0	-4	-2	det1=true
[9849]	52	102	-16	3	-6	-4	det1=true
[9850]	52	102	-20	3	-6	4	det1=true
[9851]	103	103	-20	-4	-2	-10	det1=true
[9852]	103	103	-22	-6	-10	-2	det1=true
[9853]	103	103	-24	-6	-10	2	det1=true
[9854]	96	104	0	1	-2	-10	det1=true
[9855]	61	102	-17	3	-6	-5	det1=true
[9856]	20	104	-9	-6	-4	-2	det1=true
[9857]	20	104	-11	-6	-4	2	det1=true
[9858]	102	102	-21	-7	-1	-10	det1=true
[9859]	102	102	-31	-7	-1	10	det1=true
[9860]	13	101	-5	-4	-2	-3	det1=true
[9861]	13	101	-8	-4	-2	3	det1=true
[9862]	105	105	-44	-46	-2	-8	det1=true
[9863]	105	105	-52	-46	-2	8	det1=true
[9864]	70	106	-19	1	-8	-3	det1=true
[9865]	70	106	-22	1	-8	3	det1=true
[9866]	76	106	-35	-18	-7	-4	det1=true
[9867]	76	106	-39	-18	-7	4	det1=true
[9868]	106	106	-39	3	-10	-1	det1=true
[9869]	106	106	-40	3	-10	1	det1=true
[9870]	12	107	-5	0	-3	-2	det1=true
[9871]	12	107	-7	0	-3	2	det1=true
[9872]	70	108	-33	-7	-7	-4	det1=true
[9873]	70	108	-37	-7	-7	4	det1=true
[9874]	97	108	-26	3	-6	-8	det1=true
[9875]	97	108	-34	3	-6	8	det1=true
[9876]	73	105	-19	-6	-5	-7	det1=true
[9877]	73	105	-26	-6	-5	7	det1=true
[9878]	81	105	-19	-12	-9	-1	det1=true
[9879]	81	105	-20	-12	-9	1	det1=true
[9880]	86	105	-20	3	-8	-5	det1=true
[9881]	86	105	-25	3	-8	5	det1=true
[9882]	95	105	-22	-6	-9	-4	det1=true
[9883]	98	105	-35	-15	-8	-5	det1=true
[9884]	98	105	-40	-15	-8	5	det1=true
[9885]	105	105	-40	-36	-8	-4	det1=true
[9886]	105	105	-44	-36	-8	4	det1=true
[9887]	23	106	-5	1	-4	-3	det1=true
[9888]	43	106	-21	-15	-4	5	det1=true
[9889]	59	106	-4	1	-8	-1	det1=true
[9890]	59	106	-5	1	-8	1	det1=true
[9891]	61	106	-9	-8	-1	-8	det1=true
[9892]	61	106	-17	-8	-1	8	det1=true
[9893]	63	106	-17	-3	-1	-8	det1=true
[9894]	63	106	-25	-3	-1	8	det1=true
[9895]	66	106	-23	-6	-1	-8	det1=true
[9896]	66	106	-31	-6	-1	8	det1=true
[9897]	93	106	-42	-7	-4	-8	det1=true
[9898]	106	106	-46	-15	-8	-5	det1=true
[9899]	106	106	-51	-15	-8	5	det1=true
[9900]	18	107	-2	1	-4	-2	det1=true
[9901]	18	107	-4	1	-4	2	det1=true
[9902]	23	107	-4	-4	-3	-4	det1=true
[9903]	23	107	-8	-4	-3	4	det1=true
[9904]	68	107	-25	-23	-5	-6	det1=true
[9905]	69	107	-33	-2	-8	-1	det1=true
[9906]	69	107	-34	-2	-8	1	det1=true
[9907]	77	107	-22	-20	-7	-5	det1=true
[9908]	77	107	-27	-20	-7	5	det1=true
[9909]	80	107	-16	1	-2	-9	det1=true
[9910]	80	107	-25	1	-2	9	det1=true
[9911]	93	107	-51	-7	-4	8	det1=true
[9912]	95	107	-44	4	-9	-2	det1=true
[9913]	95	107	-46	4	-9	2	det1=true
[9914]	95	107	-30	-33	-1	-9	det1=true
[9915]	99	107	-47	-29	-7	-5	det1=true
[9916]	99	107	-52	-29	-7	5	det1=true
[9917]	99	107	-21	-17	-8	-6	det1=true
[9918]	99	107	-27	-17	-8	6	det1=true
[9919]	103	107	-31	-13	-8	-6	det1=true
[9920]	103	107	-37	-13	-8	6	det1=true
[9921]	107	107	-36	-6	-10	-2	det1=true
[9922]	107	107	-38	-6	-10	2	det1=true
[9923]	36	108	-15	-4	-1	-6	det1=true
[9924]	36	108	-21	-4	-1	6	det1=true
[9925]	40	108	-14	-9	-4	-5	det1=true
[9926]	40	108	-19	-9	-4	5	det1=true
[9927]	58	108	-5	1	-8	-1	det1=true
[9928]	58	108	-6	1	-8	1	det1=true
[9929]	58	108	-2	-1	-4	-7	det1=true
[9930]	58	108	-9	-1	-4	7	det1=true
[9931]	71	108	-30	1	-2	-8	det1=true
[9932]	71	108	-38	1	-2	8	det1=true
[9933]	71	108	-26	-15	-2	-8	det1=true
[9934]	71	108	-34	-15	-2	8	det1=true
[9935]	89	108	-42	-23	-8	-3	det1=true
[9936]	27	105	-5	0	-2	-5	det1=true
[9937]	27	105	-10	0	-2	5	det1=true
[9938]	39	105	-9	-4	-4	-5	det1=true
[9939]	39	105	-14	-4	-4	5	det1=true
[9940]	77	105	-32	-18	-8	-2	det1=true
[9941]	77	105	-34	-18	-8	2	det1=true
[9942]	78	105	-33	1	-8	-3	det1=true
[9943]	81	105	-15	-16	-1	-9	det1=true
[9944]	87	105	-30	-28	-7	-5	det1=true
[9945]	87	105	-35	-28	-7	5	det1=true
[9946]	91	105	-26	-9	-5	-8	det1=true
[9947]	91	105	-34	-9	-5	8	det1=true
[9948]	95	105	-26	-20	-9	-3	det1=true
[9949]	104	105	-6	1	-8	-7	det1=true
[9950]	104	105	-13	1	-8	7	det1=true
[9951]	38	106	-7	-2	-5	-4	det1=true
[9952]	38	106	-11	-2	-5	4	det1=true
[9953]	43	106	-19	-11	-4	-5	det1=true
[9954]	43	106	-24	-11	-4	5	det1=true
[9955]	52	106	-12	-13	-2	-7	det1=true
[9956]	52	106	-19	-13	-2	7	det1=true
[9957]	67	106	-24	-9	-4	-7	det1=true
[9958]	67	106	-31	-9	-4	7	det1=true
[9959]	76	106	-37	-6	-8	-2	det1=true
[9960]	76	106	-39	-6	-8	2	det1=true
[9961]	77	106	-32	-3	-8	-3	det1=true
[9962]	77	106	-35	-13	-3	8	det1=true
[9963]	79	106	-11	-5	-9	-2	det1=true
[9964]	79	106	-13	-5	-9	2	det1=true
[9965]	81	106	-33	-31	-1	-8	det1=true
[9966]	81	106	-41	-31	-1	8	det1=true
[9967]	83	106	-17	-13	-2	-9	det1=true
[9968]	83	106	-26	-13	-2	9	det1=true
[9969]	87	106	-27	-10	-7	-6	det1=true
[9970]	88	106	-25	-3	-8	-5	det1=true
[9971]	88	106	-30	-3	-8	5	det1=true
[9972]	91	106	-33	-9	-2	-9	det1=true
[9973]	91	106	-42	-9	-2	9	det1=true
[9974]	94	106	-37	-15	-9	-2	det1=true
[9975]	94	106	-39	-15	-9	2	det1=true
[9976]	97	106	-22	-5	-8	-6	det1=true
[9977]	34	107	-5	-5	-1	-6	det1=true
[9978]	56	107	-27	-12	-7	2	det1=true
[9979]	68	107	-31	-23	-5	6	det1=true
[9980]	69	107	-13	-4	-7	-5	det1=true
[9981]	69	107	-18	-4	-7	5	det1=true
[9982]	69	107	-12	-5	-5	-7	det1=true
[9983]	69	107	-19	-5	-5	7	det1=true
[9984]	77	107	-33	-12	-8	3	det1=true
[9985]	77	107	-5	-2	-2	-9	det1=true
[9986]	77	107	-14	-2	-2	9	det1=true
[9987]	87	107	-22	-8	-5	-8	det1=true
[9988]	87	107	-30	-8	-5	8	det1=true
[9989]	87	107	-23	-5	-9	-3	det1=true
[9990]	87	107	-26	-5	-9	3	det1=true
[9991]	99	107	-43	4	-8	-5	det1=true
[9992]	99	107	-48	4	-8	5	det1=true
[9993]	100	107	-50	-41	-8	1	det1=true
[9994]	100	107	-46	-43	-4	-7	det1=true
[9995]	100	107	-31	-1	-10	-1	det1=true
[9996]	100	107	-32	-1	-10	1	det1=true
[9997]	101	107	-34	-4	-4	-9	det1=true
[9998]	101	107	-43	-4	-4	9	det1=true
[9999]	104	107	1	0	-4	-10	det1=true
[10000]	105	107	-24	-14	-5	-9	det1=true
[10001]	105	107	-33	-14	-5	9	det1=true
[10002]	107	107	-30	-23	-1	-10	det1=true
[10003]	107	107	-40	-23	-1	10	det1=true
[10004]	38	108	-9	-5	-5	-4	det1=true
[10005]	38	108	-13	-5	-5	4	det1=true
[10006]	61	108	-15	-1	-1	-8	det1=true
[10007]	62	108	-21	-13	-1	8	det1=true
[10008]	68	108	-15	-5	-8	-3	det1=true
[10009]	68	108	-18	-5	-8	3	det1=true
[10010]	69	108	-18	-5	-8	-3	det1=true
[10011]	69	108	-21	-5	-8	3	det1=true
[10012]	71	108	-33	4	-8	-2	det1=true
[10013]	71	108	-35	4	-8	2	det1=true
[10014]	74	108	-30	-17	-2	-8	det1=true
[10015]	74	108	-38	-17	-2	8	det1=true
[10016]	76	108	-32	-19	-2	-8	det1=true
[10017]	76	108	-40	-19	-2	8	det1=true
[10018]	84	108	-17	-9	-8	-5	det1=true
[10019]	84	108	-22	-9	-8	5	det1=true
[10020]	91	108	-5	-7	-1	-10	det1=true
[10021]	91	108	-15	-7	-1	10	det1=true
[10022]	97	108	-29	-27	-8	-5	det1=true
[10023]	97	108	-34	-27	-8	5	det1=true
[10024]	100	108	-26	-15	-6	-8	det1=true
[10025]	100	108	-34	-15	-6	8	det1=true
[10026]	103	108	1	2	-4	-10	det1=true
[10027]	103	108	-9	2	-4	10	det1=true
[10028]	106	108	-37	-3	-1	-10	det1=true
[10029]	106	108	-47	-3	-1	10	det1=true
[10030]	106	108	-32	-21	-6	-8	det1=true
[10031]	106	108	-40	-21	-6	8	det1=true
[10032]	108	108	-49	-7	-1	10	det1=true
[10033]	65	105	-12	-8	-8	-2	det1=true
[10034]	65	105	-14	-8	-8	2	det1=true
[10035]	73	105	-29	-7	-2	-8	det1=true
[10036]	73	105	-37	-7	-2	8	det1=true
[10037]	78	105	-36	1	-8	3	det1=true
[10038]	78	105	-19	2	-4	-8	det1=true
[10039]	78	105	-27	2	-4	8	det1=true
[10040]	81	105	-24	-16	-1	9	det1=true
[10041]	82	105	-5	0	-5	-8	det1=true
[10042]	82	105	-13	0	-5	8	det1=true
[10043]	85	105	-24	-4	-7	-6	det1=true
[10044]	85	105	-30	-4	-7	6	det1=true
[10045]	87	105	-13	-13	-3	-9	det1=true
[10046]	87	105	-22	-13	-3	9	det1=true
[10047]	91	105	-34	0	-6	-7	det1=true
[10048]	91	105	-41	0	-6	7	det1=true
[10049]	91	105	-31	-12	-6	-7	det1=true
[10050]	91	105	-39	-14	-2	9	det1=true
[10051]	93	105	-40	-12	-9	-1	det1=true
[10052]	93	105	-41	-12	-9	1	det1=true
[10053]	93	105	-37	-18	-9	-1	det1=true
[10054]	93	105	-38	-18	-9	1	det1=true
[10055]	94	105	-19	-1	-1	10	det1=true
[10056]	95	105	-26	-6	-9	4	det1=true
[10057]	97	105	-42	-1	-7	-6	det1=true
[10058]	97	105	-48	-1	-7	6	det1=true
[10059]	97	105	-34	-13	-9	-3	det1=true
[10060]	97	105	-37	-13	-9	3	det1=true
[10061]	97	105	-16	-8	-1	-10	det1=true
[10062]	101	105	-34	0	-9	-4	det1=true
[10063]	102	105	-44	-1	-8	-5	det1=true
[10064]	102	105	-49	-1	-8	5	det1=true
[10065]	103	105	-26	-13	-1	-10	det1=true
[10066]	103	105	-36	-13	-1	10	det1=true
[10067]	16	106	-6	-3	-4	-1	det1=true
[10068]	52	106	-17	-3	-2	-7	det1=true
[10069]	52	106	-24	-3	-2	7	det1=true
[10070]	59	106	-1	-1	-4	-7	det1=true
[10071]	59	106	-8	-1	-4	7	det1=true
[10072]	70	106	-18	-3	-8	-3	det1=true
[10073]	70	106	-21	-3	-8	3	det1=true
[10074]	77	106	-27	-13	-3	-8	det1=true
[10075]	87	106	-33	-10	-7	6	det1=true
[10076]	91	106	-35	-10	-9	-2	det1=true
[10077]	91	106	-37	-10	-9	2	det1=true
[10078]	93	106	-7	-6	-1	-10	det1=true
[10079]	93	106	-17	-6	-1	10	det1=true
[10080]	94	106	-35	-16	-7	-6	det1=true
[10081]	94	106	-41	-16	-7	6	det1=true
[10082]	95	106	-25	-17	-4	9	det1=true
[10083]	97	106	-28	-5	-8	6	det1=true
[10084]	99	106	-1	-3	-3	-10	det1=true
[10085]	101	106	-37	-29	-9	-2	det1=true
[10086]	101	106	-39	-29	-9	2	det1=true
[10087]	101	106	-11	-2	-3	-10	det1=true
[10088]	101	106	-21	-2	-3	10	det1=true
[10089]	103	106	-34	-35	-2	-9	det1=true
[10090]	106	106	-39	-33	-7	-6	det1=true
[10091]	106	106	-45	-33	-7	6	det1=true
[10092]	106	106	-39	-10	-2	10	det1=true
[10093]	39	107	-12	-4	-4	-5	det1=true
[10094]	39	107	-17	-4	-4	5	det1=true
[10095]	45	107	-1	-2	-1	-7	det1=true
[10096]	45	107	-8	-2	-1	7	det1=true
[10097]	50	107	-16	-1	-4	-6	det1=true
[10098]	50	107	-22	-1	-4	6	det1=true
[10099]	53	107	-14	-1	-3	7	det1=true
[10100]	55	107	-14	-6	-7	-3	det1=true
[10101]	55	107	-17	-6	-7	3	det1=true
[10102]	55	107	-12	-8	-3	-7	det1=true
[10103]	56	107	-9	0	-5	-6	det1=true
[10104]	56	107	-15	0	-5	6	det1=true
[10105]	59	107	-23	-6	-3	-7	det1=true
[10106]	59	107	-30	-6	-3	7	det1=true
[10107]	59	107	-8	0	-8	-1	det1=true
[10108]	59	107	-9	0	-8	1	det1=true
[10109]	62	107	-15	-9	-8	-1	det1=true
[10110]	62	107	-7	0	-2	-8	det1=true
[10111]	62	107	-15	0	-2	8	det1=true
[10112]	63	107	-14	2	-8	-2	det1=true
[10113]	63	107	-16	2	-8	2	det1=true
[10114]	64	107	-19	-10	-7	-4	det1=true
[10115]	64	107	-23	-10	-7	4	det1=true
[10116]	69	107	-31	-24	-6	5	det1=true
[10117]	71	107	-17	-7	-5	-7	det1=true
[10118]	71	107	-24	-7	-5	7	det1=true
[10119]	72	107	-17	-15	-3	-8	det1=true
[10120]	75	107	-24	-26	-2	-8	det1=true
[10121]	75	107	-32	-26	-2	8	det1=true
[10122]	77	107	-31	-2	-7	-5	det1=true
[10123]	77	107	-36	-2	-7	5	det1=true
[10124]	77	107	-15	-2	-1	-9	det1=true
[10125]	77	107	-24	-2	-1	9	det1=true
[10126]	78	107	-22	-1	-4	-8	det1=true
[10127]	79	107	-30	-16	-3	-8	det1=true
[10128]	79	107	-38	-16	-3	8	det1=true
[10129]	81	107	-39	-2	-8	-3	det1=true
[10130]	81	107	-42	-2	-8	3	det1=true
[10131]	81	107	-32	-18	-3	-8	det1=true
[10132]	81	107	-40	-18	-3	8	det1=true
[10133]	81	107	-24	-1	-1	-9	det1=true
[10134]	81	107	-33	-1	-1	9	det1=true
[10135]	83	107	-16	0	-8	-5	det1=true
[10136]	83	107	-21	0	-8	5	det1=true
[10137]	85	107	-19	-3	-9	-3	det1=true
[10138]	85	107	-22	-3	-9	3	det1=true
[10139]	89	107	-22	-16	-8	-5	det1=true
[10140]	91	107	-26	-24	-7	-6	det1=true
[10141]	91	107	-32	-24	-7	6	det1=true
[10142]	91	107	-7	2	-10	-1	det1=true
[10143]	91	107	-8	2	-10	1	det1=true
[10144]	92	107	-18	-5	-4	-9	det1=true
[10145]	92	107	-27	-5	-4	9	det1=true
[10146]	94	107	-20	-11	-4	-9	det1=true
[10147]	94	107	-29	-11	-4	9	det1=true
[10148]	95	107	-43	-16	-9	-1	det1=true
[10149]	95	107	-44	-16	-9	1	det1=true
[10150]	95	107	-42	-18	-9	-1	det1=true
[10151]	95	107	-43	-18	-9	1	det1=true
[10152]	98	107	-31	-25	-8	-5	det1=true
[10153]	100	107	-38	-15	-4	9	det1=true
[10154]	102	107	-45	-17	-2	-9	det1=true
[10155]	102	107	-54	-17	-2	9	det1=true
[10156]	103	107	-32	-18	-4	-9	det1=true
[10157]	103	107	-41	-18	-4	9	det1=true
[10158]	105	107	-93	1	-5	-1	det1=true
[10159]	105	107	-94	1	-5	1	det1=true
[10160]	105	107	-34	-6	-1	-10	det1=true
[10161]	106	107	-63	-28	-3	8	det1=true
[10162]	106	107	-49	-22	-9	-2	det1=true
[10163]	106	107	-10	-1	-4	-10	det1=true
[10164]	106	107	-20	-1	-4	10	det1=true
[10165]	107	107	-75	-3	-7	-3	det1=true
[10166]	107	107	-78	-3	-7	3	det1=true
[10167]	107	107	-36	-34	-8	-5	det1=true
[10168]	107	107	-41	-34	-8	5	det1=true
[10169]	52	108	-23	-4	-7	2	det1=true
[10170]	55	108	-21	-16	-7	-2	det1=true
[10171]	55	108	-23	-16	-7	2	det1=true
[10172]	61	108	-17	2	-7	-4	det1=true
[10173]	61	108	-21	2	-7	4	det1=true
[10174]	67	108	-22	-17	-4	-7	det1=true
[10175]	67	108	-29	-17	-4	7	det1=true
[10176]	74	108	-33	-14	-8	-2	det1=true
[10177]	74	108	-35	-14	-8	2	det1=true
[10178]	75	108	-33	-22	-7	-4	det1=true
[10179]	75	108	-37	-22	-7	4	det1=true
[10180]	78	108	-30	-17	-8	-3	det1=true
[10181]	78	108	-33	-17	-8	3	det1=true
[10182]	79	108	1	2	-5	-8	det1=true
[10183]	79	108	-7	2	-5	8	det1=true
[10184]	88	108	-26	-9	-8	-5	det1=true
[10185]	88	108	-31	-9	-8	5	det1=true
[10186]	89	108	-2	3	-6	-8	det1=true
[10187]	89	108	-10	3	-6	8	det1=true
[10188]	93	108	-15	-8	-8	-6	det1=true
[10189]	93	108	-21	-8	-8	6	det1=true
[10190]	98	108	-15	-14	-2	-10	det1=true
[10191]	98	108	-25	-14	-2	10	det1=true
[10192]	100	108	-35	-25	-5	-8	det1=true
[10193]	100	108	-43	-25	-5	8	det1=true
[10194]	103	108	-28	-13	-10	-2	det1=true
[10195]	104	108	-27	-7	-10	3	det1=true
[10196]	106	108	-12	-7	-10	-4	det1=true
[10197]	108	108	-39	-7	-1	-10	det1=true
[10198]	16	105	-6	-1	-4	-1	det1=true
[10199]	16	105	-7	-1	-4	1	det1=true
[10200]	50	105	-11	-2	-7	-2	det1=true
[10201]	55	105	-9	-7	-7	-3	det1=true
[10202]	55	105	-12	-7	-7	3	det1=true
[10203]	62	105	-27	-22	-7	-2	det1=true
[10204]	62	105	-29	-22	-7	2	det1=true
[10205]	67	105	-34	-26	-7	2	det1=true
[10206]	69	105	-23	-1	-2	-8	det1=true
[10207]	69	105	-31	-1	-2	8	det1=true
[10208]	69	105	-9	1	-5	-7	det1=true
[10209]	69	105	-16	1	-5	7	det1=true
[10210]	75	105	0	-1	-1	-9	det1=true
[10211]	75	105	-9	-1	-1	9	det1=true
[10212]	77	105	-28	0	-5	-7	det1=true
[10213]	77	105	-35	0	-5	7	det1=true
[10214]	81	105	-34	-1	-5	-7	det1=true
[10215]	81	105	-41	-1	-5	7	det1=true
[10216]	83	105	-8	2	-9	-3	det1=true
[10217]	83	105	-11	2	-9	3	det1=true
[10218]	91	105	-30	-14	-2	-9	det1=true
[10219]	91	105	-29	2	-9	-3	det1=true
[10220]	91	105	-32	2	-9	3	det1=true
[10221]	93	105	-43	0	-9	-1	det1=true
[10222]	93	105	-44	0	-9	1	det1=true
[10223]	93	105	-39	-4	-1	-9	det1=true
[10224]	93	105	-48	-4	-1	9	det1=true
[10225]	93	105	-33	-22	-1	-9	det1=true
[10226]	93	105	-42	-22	-1	9	det1=true
[10227]	94	105	-34	-15	-6	-7	det1=true
[10228]	94	105	-41	-15	-6	7	det1=true
[10229]	97	105	-44	-36	-2	-8	det1=true
[10230]	98	105	-27	-1	-4	-9	det1=true
[10231]	98	105	-36	-1	-4	9	det1=true
[10232]	99	105	-39	-25	-1	-9	det1=true
[10233]	99	105	-48	-25	-1	9	det1=true
[10234]	100	105	-26	-9	-2	10	det1=true
[10235]	101	105	-38	0	-9	4	det1=true
[10236]	101	105	-12	-11	-5	-9	det1=true
[10237]	101	105	-21	-11	-5	9	det1=true
[10238]	102	105	-45	-20	-5	8	det1=true
[10239]	104	105	-37	-6	-9	-4	det1=true
[10240]	16	106	-7	-3	-4	1	det1=true
[10241]	39	106	-16	-3	-4	5	det1=true
[10242]	43	106	-16	-15	-4	-5	det1=true
[10243]	50	106	-14	-5	-6	-4	det1=true
[10244]	50	106	-18	-5	-6	4	det1=true
[10245]	58	106	-15	3	-6	-5	det1=true
[10246]	64	106	-27	-4	-5	-6	det1=true
[10247]	64	106	-33	-4	-5	6	det1=true
[10248]	68	106	-35	-16	-5	6	det1=true
[10249]	71	106	-19	-1	-3	-8	det1=true
[10250]	81	106	-29	-21	-3	-8	det1=true
[10251]	81	106	-37	-21	-3	8	det1=true
[10252]	82	106	-30	-31	-2	-8	det1=true
[10253]	85	106	-36	-33	-4	-7	det1=true
[10254]	85	106	-43	-33	-4	7	det1=true
[10255]	85	106	-33	-24	-3	-8	det1=true
[10256]	85	106	-41	-24	-3	8	det1=true
[10257]	85	106	-19	-1	-8	-5	det1=true
[10258]	85	106	-24	-1	-8	5	det1=true
[10259]	88	106	-27	-13	-2	-9	det1=true
[10260]	88	106	-36	-13	-2	9	det1=true
[10261]	91	106	-27	-21	-6	-7	det1=true
[10262]	91	106	-34	-21	-6	7	det1=true
[10263]	92	106	-14	-9	-4	-9	det1=true
[10264]	92	106	-23	-9	-4	9	det1=true
[10265]	93	106	-31	-8	-5	-8	det1=true
[10266]	93	106	-39	-8	-5	8	det1=true
[10267]	95	106	-43	-28	-3	-8	det1=true
[10268]	97	106	-27	1	-4	-9	det1=true
[10269]	97	106	-36	1	-4	9	det1=true
[10270]	98	106	-47	-7	-9	2	det1=true
[10271]	98	106	-49	-8	-7	6	det1=true
[10272]	99	106	-6	5	-10	-3	det1=true
[10273]	99	106	-9	5	-10	3	det1=true
[10274]	99	106	-11	-3	-3	10	det1=true
[10275]	102	106	-25	-15	-1	-10	det1=true
[10276]	102	106	-35	-15	-1	10	det1=true
[10277]	106	106	-29	-10	-2	-10	det1=true
[10278]	31	107	-4	-3	-5	-3	det1=true
[10279]	31	107	-7	-3	-5	3	det1=true
[10280]	34	107	-11	-5	-1	6	det1=true
[10281]	35	107	-15	-12	-3	-5	det1=true
[10282]	35	107	-20	-12	-3	5	det1=true
[10283]	48	107	-4	-1	-2	-7	det1=true
[10284]	49	107	-13	-13	-1	-7	det1=true
[10285]	53	107	-21	-17	-7	-1	det1=true
[10286]	53	107	-22	-17	-7	1	det1=true
[10287]	59	107	-19	0	-6	-5	det1=true
[10288]	59	107	-24	0	-6	5	det1=true
[10289]	59	107	-18	-3	-5	-6	det1=true
[10290]	59	107	-24	-3	-5	6	det1=true
[10291]	62	107	-12	-11	-4	-7	det1=true
[10292]	62	107	-19	-11	-4	7	det1=true
[10293]	66	107	-24	-7	-4	-7	det1=true
[10294]	66	107	-31	-7	-4	7	det1=true
[10295]	69	107	-26	-24	-6	-5	det1=true
[10296]	72	107	-25	-15	-3	8	det1=true
[10297]	74	107	-37	-15	-8	1	det1=true
[10298]	78	107	-30	-1	-4	8	det1=true
[10299]	80	107	-31	-28	-8	-2	det1=true
[10300]	80	107	-33	-28	-8	2	det1=true
[10301]	80	107	-17	-1	-7	-6	det1=true
[10302]	80	107	-23	-1	-7	6	det1=true
[10303]	81	107	-28	-22	-7	-5	det1=true
[10304]	81	107	-33	-22	-7	5	det1=true
[10305]	81	107	-27	-23	-5	-7	det1=true
[10306]	81	107	-34	-23	-5	7	det1=true
[10307]	81	107	-16	2	-5	8	det1=true
[10308]	83	107	-16	-16	-6	-7	det1=true
[10309]	83	107	-23	-16	-6	7	det1=true
[10310]	84	107	-23	-12	-9	-2	det1=true
[10311]	84	107	-25	-12	-9	2	det1=true
[10312]	85	107	-16	-6	-3	-9	det1=true
[10313]	85	107	-25	-6	-3	9	det1=true
[10314]	88	107	-33	-31	-3	-8	det1=true
[10315]	89	107	-27	-16	-8	5	det1=true
[10316]	91	107	-40	-28	-8	-3	det1=true
[10317]	91	107	-43	-28	-8	3	det1=true
[10318]	93	107	-28	-17	-9	-3	det1=true
[10319]	94	107	-44	-35	-8	-2	det1=true
[10320]	94	107	-46	-35	-8	2	det1=true
[10321]	94	107	-15	-8	-6	-8	det1=true
[10322]	94	107	-23	-8	-6	8	det1=true
[10323]	95	107	-19	-16	-4	-9	det1=true
[10324]	95	107	-28	-16	-4	9	det1=true
[10325]	97	107	-34	-26	-7	-6	det1=true
[10326]	97	107	-40	-26	-7	6	det1=true
[10327]	98	107	-31	-31	-6	-7	det1=true
[10328]	98	107	-38	-31	-6	7	det1=true
[10329]	98	107	-36	-25	-8	5	det1=true
[10330]	98	107	-1	-2	-3	-10	det1=true
[10331]	98	107	-11	-2	-3	10	det1=true
[10332]	102	107	-43	-11	-5	-8	det1=true
[10333]	102	107	-25	-18	-1	-10	det1=true
[10334]	102	107	-35	-18	-1	10	det1=true
[10335]	103	107	-38	-7	-9	-4	det1=true
[10336]	103	107	-42	-7	-9	4	det1=true
[10337]	104	107	-14	3	-8	-7	det1=true
[10338]	104	107	-21	3	-8	7	det1=true
[10339]	107	107	-63	-5	-7	-5	det1=true
[10340]	60	108	-13	-2	-7	-4	det1=true
[10341]	60	108	-17	-2	-7	4	det1=true
[10342]	62	108	-13	-13	-1	-8	det1=true
[10343]	63	108	-15	-2	-8	-2	det1=true
[10344]	63	108	-17	-2	-8	2	det1=true
[10345]	69	108	-17	-3	-3	-8	det1=true
[10346]	69	108	-25	-3	-3	8	det1=true
[10347]	72	108	-34	-15	-8	-1	det1=true
[10348]	72	108	-35	-15	-8	1	det1=true
[10349]	73	108	-30	-23	-8	-1	det1=true
[10350]	73	108	-31	-23	-8	1	det1=true
[10351]	73	108	-27	-25	-4	-7	det1=true
[10352]	73	108	-34	-25	-4	7	det1=true
[10353]	74	108	-37	-15	-8	-1	det1=true
[10354]	75	108	-35	-19	-7	-4	det1=true
[10355]	75	108	-39	-19	-7	4	det1=true
[10356]	75	108	-31	-25	-1	-8	det1=true
[10357]	76	108	-30	-11	-8	-3	det1=true
[10358]	76	108	-33	-11	-8	3	det1=true
[10359]	79	108	-34	-23	-2	-8	det1=true
[10360]	79	108	-42	-23	-2	8	det1=true
[10361]	80	108	-31	-34	-1	-8	det1=true
[10362]	80	108	-39	-34	-1	8	det1=true
[10363]	86	108	-25	1	-8	-5	det1=true
[10364]	91	108	-41	-27	-3	-8	det1=true
[10365]	91	108	-49	-27	-3	8	det1=true
[10366]	92	108	-34	-5	-8	-5	det1=true
[10367]	92	108	-39	-5	-8	5	det1=true
[10368]	98	108	-29	-5	-10	1	det1=true
[10369]	102	108	-32	-9	-6	-8	det1=true
[10370]	102	108	-40	-9	-6	8	det1=true
[10371]	103	108	-25	-23	-1	-10	det1=true
[10372]	103	108	-35	-23	-1	10	det1=true
[10373]	106	108	-19	-7	-8	-7	det1=true
[10374]	106	108	-13	-2	-4	-10	det1=true
[10375]	106	108	-23	-2	-4	10	det1=true
[10376]	40	105	-14	1	-4	-5	det1=true
[10377]	40	105	-19	1	-4	5	det1=true
[10378]	51	105	-12	-7	-7	-2	det1=true
[10379]	51	105	-14	-7	-7	2	det1=true
[10380]	61	105	-26	-21	-7	-2	det1=true
[10381]	61	105	-28	-21	-7	2	det1=true
[10382]	69	105	-10	2	-7	-5	det1=true
[10383]	69	105	-15	2	-7	5	det1=true
[10384]	77	105	-29	1	-7	-5	det1=true
[10385]	77	105	-34	1	-7	5	det1=true
[10386]	85	105	-26	-3	-9	-2	det1=true
[10387]	85	105	-28	-3	-9	2	det1=true
[10388]	90	105	-29	-11	-8	5	det1=true
[10389]	91	105	-33	-2	-2	-9	det1=true
[10390]	91	105	-42	-2	-2	9	det1=true
[10391]	94	105	-9	-1	-1	-10	det1=true
[10392]	95	105	-36	-34	-7	-5	det1=true
[10393]	95	105	-42	-35	-5	7	det1=true
[10394]	99	105	-46	-15	-9	-1	det1=true
[10395]	99	105	-47	-15	-9	1	det1=true
[10396]	99	105	-38	-39	-3	-8	det1=true
[10397]	99	105	-46	-39	-3	8	det1=true
[10398]	99	105	-15	-5	-2	-10	det1=true
[10399]	99	105	-25	-5	-2	10	det1=true
[10400]	102	105	-37	-20	-5	-8	det1=true
[10401]	103	105	-45	-2	-8	-5	det1=true
[10402]	103	105	-50	-2	-8	5	det1=true
[10403]	103	105	-44	-21	-9	-2	det1=true
[10404]	103	105	-46	-21	-9	2	det1=true
[10405]	104	105	-41	-6	-9	4	det1=true
[10406]	34	106	-7	1	-6	-1	det1=true
[10407]	34	106	-8	1	-6	1	det1=true
[10408]	38	106	-13	2	-6	-2	det1=true
[10409]	38	106	-15	2	-6	2	det1=true
[10410]	39	106	-11	-3	-4	-5	det1=true
[10411]	61	106	-11	-5	-7	-4	det1=true
[10412]	61	106	-15	-5	-7	4	det1=true
[10413]	64	106	-19	-5	-1	-8	det1=true
[10414]	64	106	-27	-5	-1	8	det1=true
[10415]	68	106	-29	-16	-5	-6	det1=true
[10416]	82	106	-38	-31	-2	8	det1=true
[10417]	89	106	-31	-11	-5	8	det1=true
[10418]	92	106	-17	1	-4	-9	det1=true
[10419]	94	106	-18	-11	-4	-9	det1=true
[10420]	94	106	-27	-11	-4	9	det1=true
[10421]	95	106	-16	-17	-4	-9	det1=true
[10422]	96	106	-41	-12	-9	-2	det1=true
[10423]	96	106	-43	-12	-9	2	det1=true
[10424]	96	106	-25	-26	-5	-8	det1=true
[10425]	96	106	-33	-26	-5	8	det1=true
[10426]	97	106	-21	-6	-6	-8	det1=true
[10427]	98	106	-43	-8	-7	-6	det1=true
[10428]	100	106	-35	-29	-2	-9	det1=true
[10429]	100	106	-44	-29	-2	9	det1=true
[10430]	101	106	-28	-9	-8	-6	det1=true
[10431]	102	106	-18	-17	-2	-10	det1=true
[10432]	102	106	-28	-17	-2	10	det1=true
[10433]	103	106	-43	-35	-2	9	det1=true
[10434]	28	107	-11	-5	-2	-5	det1=true
[10435]	28	107	-16	-5	-2	5	det1=true
[10436]	34	107	-9	1	-6	-1	det1=true
[10437]	45	107	-4	1	-7	-1	det1=true
[10438]	45	107	-5	1	-7	1	det1=true
[10439]	49	107	-20	-13	-1	7	det1=true
[10440]	50	107	-15	-6	-6	-4	det1=true
[10441]	50	107	-19	-6	-6	4	det1=true
[10442]	55	107	-19	-8	-3	7	det1=true
[10443]	68	107	-29	-6	-7	-4	det1=true
[10444]	68	107	-33	-6	-7	4	det1=true
[10445]	71	107	-21	-6	-8	-3	det1=true
[10446]	71	107	-24	-6	-8	3	det1=true
[10447]	77	107	-37	-3	-5	7	det1=true
[10448]	78	107	-37	-21	-7	-4	det1=true
[10449]	78	107	-41	-21	-7	4	det1=true
[10450]	81	107	-8	2	-5	-8	det1=true
[10451]	82	107	-37	-34	-5	-6	det1=true
[10452]	82	107	-43	-34	-5	6	det1=true
[10453]	83	107	-36	-18	-8	-3	det1=true
[10454]	83	107	-39	-18	-8	3	det1=true
[10455]	83	107	-34	-18	-7	-5	det1=true
[10456]	83	107	-39	-18	-7	5	det1=true
[10457]	88	107	-41	-31	-3	8	det1=true
[10458]	88	107	-23	-21	-7	-6	det1=true
[10459]	88	107	-29	-21	-7	6	det1=true
[10460]	89	107	-35	-10	-1	-9	det1=true
[10461]	89	107	-44	-10	-1	9	det1=true
[10462]	89	107	-10	-5	-9	-4	det1=true
[10463]	89	107	-14	-5	-9	4	det1=true
[10464]	91	107	-44	-22	-8	-3	det1=true
[10465]	91	107	-47	-22	-8	3	det1=true
[10466]	91	107	-36	-19	-9	-1	det1=true
[10467]	91	107	-37	-19	-9	1	det1=true
[10468]	92	107	-37	-5	-6	-7	det1=true
[10469]	92	107	-43	-9	-6	7	det1=true
[10470]	93	107	-31	-17	-9	3	det1=true
[10471]	94	107	-45	-11	-6	7	det1=true
[10472]	95	107	-43	-7	-1	-9	det1=true
[10473]	95	107	-52	-7	-1	9	det1=true
[10474]	96	107	-33	-17	-5	-8	det1=true
[10475]	99	107	-46	-30	-5	-7	det1=true
[10476]	99	107	-53	-30	-5	7	det1=true
[10477]	100	107	-29	-15	-4	-9	det1=true
[10478]	104	107	-39	-25	-5	-8	det1=true
[10479]	104	107	-47	-25	-5	8	det1=true
[10480]	105	107	-40	-9	-9	-4	det1=true
[10481]	105	107	-44	-9	-9	4	det1=true
[10482]	105	107	-44	-6	-1	10	det1=true
[10483]	105	107	-34	-21	-9	-4	det1=true
[10484]	105	107	-38	-21	-9	4	det1=true
[10485]	107	107	-48	-15	-9	-3	det1=true
[10486]	107	107	-51	-15	-9	3	det1=true
[10487]	107	107	-45	-18	-3	-9	det1=true
[10488]	107	107	-54	-18	-3	9	det1=true
[10489]	107	107	-12	0	-9	-6	det1=true
[10490]	107	107	-18	0	-9	6	det1=true
[10491]	28	108	-11	-7	-2	-5	det1=true
[10492]	28	108	-16	-7	-2	5	det1=true
[10493]	48	108	-5	-5	-2	-7	det1=true
[10494]	48	108	-12	-5	-2	7	det1=true
[10495]	49	108	-11	-5	-7	-2	det1=true
[10496]	49	108	-13	-5	-7	2	det1=true
[10497]	52	108	-21	-4	-7	-2	det1=true
[10498]	62	108	-15	-10	-1	-8	det1=true
[10499]	64	108	-12	-11	-2	-8	det1=true
[10500]	64	108	-20	-11	-2	8	det1=true
[10501]	67	108	-11	-3	-3	-8	det1=true
[10502]	67	108	-19	-3	-3	8	det1=true
[10503]	75	108	-39	-25	-1	8	det1=true
[10504]	82	108	-37	-26	-8	-2	det1=true
[10505]	82	108	-39	-26	-8	2	det1=true
[10506]	86	108	-30	1	-8	5	det1=true
[10507]	93	108	-16	-5	-10	-1	det1=true
[10508]	93	108	-17	-5	-10	1	det1=true
[10509]	96	108	-15	-2	-2	-10	det1=true
[10510]	96	108	-25	-2	-2	10	det1=true
[10511]	98	108	-28	-5	-10	-1	det1=true
[10512]	100	108	-16	-19	-2	-10	det1=true
[10513]	100	108	-26	-19	-2	10	det1=true
[10514]	101	108	-33	-2	-8	-6	det1=true
[10515]	101	108	-39	-2	-8	6	det1=true
[10516]	101	108	-24	-13	-10	-2	det1=true
[10517]	101	108	-26	-13	-10	2	det1=true
[10518]	102	108	-19	0	-3	-10	det1=true
[10519]	102	108	-29	0	-3	10	det1=true
[10520]	103	108	-19	-9	-3	-10	det1=true
[10521]	103	108	-29	-9	-3	10	det1=true
[10522]	106	108	-50	-9	-8	-5	det1=true
[10523]	106	108	-55	-9	-8	5	det1=true
[10524]	106	108	-32	-15	-10	-2	det1=true
[10525]	106	108	-34	-15	-10	2	det1=true
[10526]	106	108	-16	-7	-10	4	det1=true
[10527]	107	108	-29	-20	-2	-10	det1=true
[10528]	107	108	-39	-20	-2	10	det1=true
[10529]	47	105	-6	-7	-1	-7	det1=true
[10530]	47	105	-13	-7	-1	7	det1=true
[10531]	73	105	-25	-5	-7	5	det1=true
[10532]	81	105	-35	0	-7	-5	det1=true
[10533]	81	105	-40	0	-7	5	det1=true
[10534]	81	105	-21	-1	-1	-9	det1=true
[10535]	81	105	-30	-1	-1	9	det1=true
[10536]	82	105	-36	-23	-8	-2	det1=true
[10537]	82	105	-38	-23	-8	2	det1=true
[10538]	90	105	-44	-29	-8	2	det1=true
[10539]	97	105	-44	0	-9	-2	det1=true
[10540]	97	105	-46	0	-9	2	det1=true
[10541]	101	105	-49	-1	-3	9	det1=true
[10542]	60	106	-7	-3	-4	-7	det1=true
[10543]	60	106	-14	-3	-4	7	det1=true
[10544]	63	106	-19	0	-7	-4	det1=true
[10545]	63	106	-23	0	-7	4	det1=true
[10546]	66	106	-25	-3	-7	-4	det1=true
[10547]	66	106	-29	-3	-7	4	det1=true
[10548]	77	106	-35	-3	-8	3	det1=true
[10549]	82	106	-37	-3	-3	-8	det1=true
[10550]	82	106	-45	-3	-3	8	det1=true
[10551]	82	106	-9	2	-5	-8	det1=true
[10552]	82	106	-17	2	-5	8	det1=true
[10553]	83	106	-18	-11	-6	-7	det1=true
[10554]	83	106	-25	-11	-6	7	det1=true
[10555]	89	106	-23	-11	-5	-8	det1=true
[10556]	91	106	-13	-7	-9	-4	det1=true
[10557]	91	106	-17	-7	-9	4	det1=true
[10558]	92	106	-26	1	-4	9	det1=true
[10559]	97	106	-29	-6	-6	8	det1=true
[10560]	98	106	-45	-7	-9	-2	det1=true
[10561]	100	106	-36	-27	-6	-7	det1=true
[10562]	100	106	-43	-27	-6	7	det1=true
[10563]	101	106	-27	-10	-6	-8	det1=true
[10564]	101	106	-35	-10	-6	8	det1=true
[10565]	104	106	-35	2	-8	-6	det1=true
[10566]	104	106	-41	2	-8	6	det1=true
[10567]	27	107	-8	-3	-5	-2	det1=true
[10568]	27	107	-10	-3	-5	2	det1=true
[10569]	53	107	-18	-20	-1	-7	det1=true
[10570]	53	107	-25	-20	-1	7	det1=true
[10571]	53	107	-9	1	-7	-3	det1=true
[10572]	53	107	-12	1	-7	3	det1=true
[10573]	53	107	-7	-1	-3	-7	det1=true
[10574]	56	107	-25	-12	-7	-2	det1=true
[10575]	59	107	-24	0	-3	-7	det1=true
[10576]	59	107	-31	0	-3	7	det1=true
[10577]	61	107	-20	-19	-3	-7	det1=true
[10578]	61	107	-27	-19	-3	7	det1=true
[10579]	65	107	-29	-8	-6	-5	det1=true
[10580]	65	107	-34	-8	-6	5	det1=true
[10581]	68	107	-35	-9	-1	8	det1=true
[10582]	69	107	-30	-1	-1	-8	det1=true
[10583]	69	107	-38	-1	-1	8	det1=true
[10584]	75	107	-27	-23	-8	-2	det1=true
[10585]	75	107	-29	-23	-8	2	det1=true
[10586]	77	107	-30	-12	-8	-3	det1=true
[10587]	83	107	-38	-29	-7	-4	det1=true
[10588]	83	107	-42	-29	-7	4	det1=true
[10589]	86	107	-42	-25	-8	-2	det1=true
[10590]	86	107	-44	-25	-8	2	det1=true
[10591]	86	107	-37	-23	-8	-3	det1=true
[10592]	87	107	-40	-34	-8	-1	det1=true
[10593]	87	107	-41	-34	-8	1	det1=true
[10594]	88	107	-32	-1	-6	-7	det1=true
[10595]	88	107	-39	-1	-6	7	det1=true
[10596]	89	107	-40	-1	-9	-1	det1=true
[10597]	89	107	-41	-1	-9	1	det1=true
[10598]	91	107	-28	-23	-9	-2	det1=true
[10599]	91	107	-30	-23	-9	2	det1=true
[10600]	92	107	-15	-8	-1	10	det1=true
[10601]	93	107	-34	-4	-9	-3	det1=true
[10602]	93	107	-37	-4	-9	3	det1=true
[10603]	93	107	-30	-14	-5	-8	det1=true
[10604]	93	107	-38	-14	-5	8	det1=true
[10605]	94	107	-38	-11	-6	-7	det1=true
[10606]	95	107	-42	3	-7	-6	det1=true
[10607]	95	107	-48	3	-7	6	det1=true
[10608]	100	107	-21	-1	-3	10	det1=true
[10609]	101	107	-27	-3	-10	-2	det1=true
[10610]	101	107	-29	-3	-10	2	det1=true
[10611]	103	107	-28	-24	-4	-9	det1=true
[10612]	103	107	-37	-24	-4	9	det1=true
[10613]	105	107	-33	-16	-10	-1	det1=true
[10614]	53	108	-23	-5	-7	-2	det1=true
[10615]	53	108	-25	-5	-7	2	det1=true
[10616]	54	108	-21	-13	-7	-2	det1=true
[10617]	54	108	-23	-13	-7	2	det1=true
[10618]	62	108	-23	-2	-7	4	det1=true
[10619]	62	108	-21	-7	-7	4	det1=true
[10620]	67	108	-16	-17	-2	-8	det1=true
[10621]	67	108	-24	-17	-2	8	det1=true
[10622]	75	108	-33	-22	-1	-8	det1=true
[10623]	75	108	-41	-22	-1	8	det1=true
[10624]	79	108	-37	-20	-8	-2	det1=true
[10625]	79	108	-39	-20	-8	2	det1=true
[10626]	90	108	-38	-37	-2	-8	det1=true
[10627]	90	108	-46	-37	-2	8	det1=true
[10628]	90	108	-9	4	-8	-6	det1=true
[10629]	90	108	-15	4	-8	6	det1=true
[10630]	95	108	-37	-5	-5	-8	det1=true
[10631]	96	108	-21	-4	-1	-10	det1=true
[10632]	96	108	-31	-4	-1	10	det1=true
[10633]	97	108	-27	4	-8	-6	det1=true
[10634]	97	108	-33	4	-8	6	det1=true
[10635]	98	108	-25	-3	-1	-10	det1=true
[10636]	98	108	-35	-3	-1	10	det1=true
[10637]	101	108	-29	-2	-10	-2	det1=true
[10638]	101	108	-31	-2	-10	2	det1=true
[10639]	102	108	-45	-26	-5	8	det1=true
[10640]	103	108	-31	-12	-1	-10	det1=true
[10641]	103	108	-41	-12	-1	10	det1=true
[10642]	107	108	-39	-13	-10	-1	det1=true
[10643]	107	108	-40	-13	-10	1	det1=true
[10644]	73	105	-20	-5	-7	-5	det1=true
[10645]	87	105	-41	-9	-7	-5	det1=true
[10646]	87	105	-46	-9	-7	5	det1=true
[10647]	89	105	-19	-13	-9	-3	det1=true
[10648]	89	105	-22	-13	-9	3	det1=true
[10649]	90	105	-42	-29	-8	-2	det1=true
[10650]	90	105	-24	-11	-8	-5	det1=true
[10651]	91	105	-38	-12	-6	7	det1=true
[10652]	94	105	-42	-17	-2	9	det1=true
[10653]	95	105	-3	5	-10	-2	det1=true
[10654]	97	105	-38	2	-9	-3	det1=true
[10655]	97	105	-41	2	-9	3	det1=true
[10656]	100	105	-16	-9	-2	-10	det1=true
[10657]	101	105	-40	-1	-3	-9	det1=true
[10658]	51	106	-17	1	-7	-2	det1=true
[10659]	51	106	-19	1	-7	2	det1=true
[10660]	54	106	-23	-5	-7	-2	det1=true
[10661]	54	106	-25	-5	-7	2	det1=true
[10662]	67	106	-27	-7	-8	-1	det1=true
[10663]	67	106	-28	-7	-8	1	det1=true
[10664]	71	106	-27	-1	-3	8	det1=true
[10665]	76	106	-29	-26	-7	-4	det1=true
[10666]	76	106	-33	-26	-7	4	det1=true
[10667]	82	106	-20	3	-6	-7	det1=true
[10668]	82	106	-27	3	-6	7	det1=true
[10669]	90	106	-29	-1	-8	-5	det1=true
[10670]	90	106	-34	-1	-8	5	det1=true
[10671]	92	106	-37	0	-7	-6	det1=true
[10672]	92	106	-43	0	-7	6	det1=true
[10673]	95	106	-23	-8	-9	-4	det1=true
[10674]	95	106	-27	-8	-9	4	det1=true
[10675]	52	107	-20	-7	-6	-4	det1=true
[10676]	52	107	-24	-7	-6	4	det1=true
[10677]	55	107	-4	2	-6	-5	det1=true
[10678]	55	107	-9	2	-6	5	det1=true
[10679]	59	107	-25	-4	-7	-3	det1=true
[10680]	61	107	-27	-5	-3	-7	det1=true
[10681]	61	107	-34	-5	-3	7	det1=true
[10682]	61	107	-22	-17	-7	-3	det1=true
[10683]	61	107	-25	-17	-7	3	det1=true
[10684]	68	107	-27	-9	-1	-8	det1=true
[10685]	71	107	-20	-8	-8	-3	det1=true
[10686]	71	107	-23	-8	-8	3	det1=true
[10687]	83	107	-44	-5	-7	5	det1=true
[10688]	83	107	-28	1	-9	2	det1=true
[10689]	87	107	-24	1	-5	-8	det1=true
[10690]	87	107	-32	1	-5	8	det1=true
[10691]	91	107	-32	-23	-1	-9	det1=true
[10692]	92	107	-36	-9	-6	-7	det1=true
[10693]	94	107	-16	-7	-8	-6	det1=true
[10694]	94	107	-22	-7	-8	6	det1=true
[10695]	105	107	-34	-16	-10	1	det1=true
[10696]	107	107	-31	-28	-4	-9	det1=true
[10697]	107	107	-40	-28	-4	9	det1=true
[10698]	62	108	-19	-2	-7	-4	det1=true
[10699]	67	108	-25	-15	-8	-1	det1=true
[10700]	67	108	-26	-15	-8	1	det1=true
[10701]	74	108	-23	-15	-3	-8	det1=true
[10702]	74	108	-31	-15	-3	8	det1=true
[10703]	80	108	-33	-31	-7	-4	det1=true
[10704]	80	108	-37	-31	-7	4	det1=true
[10705]	82	108	-37	-31	-8	-1	det1=true
[10706]	82	108	-38	-31	-8	1	det1=true
[10707]	93	108	-8	3	-10	-2	det1=true
[10708]	93	108	-10	3	-10	2	det1=true
[10709]	94	108	-7	-6	-2	-10	det1=true
[10710]	95	108	-19	-3	-1	-10	det1=true
[10711]	95	108	-29	-3	-1	10	det1=true
[10712]	102	108	-37	-26	-5	-8	det1=true
[10713]	103	108	-33	2	-10	-2	det1=true
[10714]	103	108	-35	2	-10	2	det1=true
[10715]	103	108	-30	-13	-10	2	det1=true
[10716]	106	108	-28	-19	-2	-10	det1=true
[10717]	106	108	-38	-19	-2	10	det1=true
[10718]	108	108	-43	-5	-10	-1	det1=true
[10719]	50	105	-7	-7	-2	-7	det1=true
[10720]	56	105	-22	-15	-6	-4	det1=true
[10721]	72	105	-31	-10	-1	-8	det1=true
[10722]	72	105	-39	-10	-1	8	det1=true
[10723]	78	105	-29	-9	-3	-8	det1=true
[10724]	78	105	-37	-9	-3	8	det1=true
[10725]	83	105	-30	-20	-5	-7	det1=true
[10726]	83	105	-37	-20	-5	7	det1=true
[10727]	94	105	-33	-17	-2	-9	det1=true
[10728]	95	105	-35	-35	-5	-7	det1=true
[10729]	66	106	-25	-7	-8	-1	det1=true
[10730]	66	106	-26	-7	-8	1	det1=true
[10731]	66	106	-18	1	-2	-8	det1=true
[10732]	66	106	-26	1	-2	8	det1=true
[10733]	82	106	-33	-28	-8	-2	det1=true
[10734]	82	106	-35	-28	-8	2	det1=true
[10735]	97	106	-15	-14	-1	-10	det1=true
[10736]	97	106	-25	-14	-1	10	det1=true
[10737]	100	106	-45	-9	-7	-6	det1=true
[10738]	100	106	-51	-9	-7	6	det1=true
[10739]	103	106	-29	-9	-1	-10	det1=true
[10740]	103	106	-39	-9	-1	10	det1=true
[10741]	34	107	-10	1	-6	1	det1=true
[10742]	51	107	-14	-9	-7	-2	det1=true
[10743]	51	107	-16	-9	-7	2	det1=true
[10744]	52	107	-19	-8	-4	-6	det1=true
[10745]	52	107	-25	-8	-4	6	det1=true
[10746]	59	107	-28	-4	-7	3	det1=true
[10747]	61	107	-20	-10	-5	-6	det1=true
[10748]	61	107	-26	-10	-5	6	det1=true
[10749]	66	107	-28	-1	-8	-1	det1=true
[10750]	66	107	-29	-1	-8	1	det1=true
[10751]	71	107	-18	-6	-7	-5	det1=true
[10752]	71	107	-23	-6	-7	5	det1=true
[10753]	72	107	-34	-13	-8	-1	det1=true
[10754]	72	107	-35	-13	-8	1	det1=true
[10755]	84	107	-21	-13	-7	-6	det1=true
[10756]	87	107	-19	-14	-8	-5	det1=true
[10757]	87	107	-24	-14	-8	5	det1=true
[10758]	92	107	-42	-27	-8	-3	det1=true
[10759]	92	107	-45	-27	-8	3	det1=true
[10760]	92	107	-12	1	-10	-1	det1=true
[10761]	92	107	-13	1	-10	1	det1=true
[10762]	92	107	-5	-8	-1	-10	det1=true
[10763]	94	107	-21	-11	-9	-4	det1=true
[10764]	94	107	-25	-11	-9	4	det1=true
[10765]	100	107	-11	-1	-3	-10	det1=true
[10766]	102	107	-51	-11	-5	8	det1=true
[10767]	106	107	-51	-22	-9	2	det1=true
[10768]	107	107	-32	-4	-10	3	det1=true
[10769]	64	108	-16	1	-2	-8	det1=true
[10770]	64	108	-24	1	-2	8	det1=true
[10771]	79	108	-27	-23	-8	-3	det1=true
[10772]	79	108	-30	-23	-8	3	det1=true
[10773]	90	108	-41	-34	-8	-2	det1=true
[10774]	90	108	-43	-34	-8	2	det1=true
[10775]	94	108	-17	-6	-2	10	det1=true
[10776]	103	108	-29	-2	-2	-10	det1=true
[10777]	103	108	-39	-2	-2	10	det1=true
[10778]	106	108	-25	-9	-3	-10	det1=true
[10779]	106	108	-35	-9	-3	10	det1=true
[10780]	56	105	-26	-15	-6	4	det1=true
[10781]	85	105	-16	1	-5	-8	det1=true
[10782]	85	105	-24	1	-5	8	det1=true
[10783]	100	105	-20	-5	-10	-2	det1=true
[10784]	100	105	-22	-5	-10	2	det1=true
[10785]	73	106	-33	-20	-7	4	det1=true
[10786]	73	106	-17	-16	-3	-8	det1=true
[10787]	73	106	-25	-16	-3	8	det1=true
[10788]	91	106	-26	-23	-2	-9	det1=true
[10789]	91	106	-35	-23	-2	9	det1=true
[10790]	96	106	-17	-4	-1	-10	det1=true
[10791]	96	106	-27	-4	-1	10	det1=true
[10792]	78	107	-35	-24	-1	-8	det1=true
[10793]	78	107	-43	-24	-1	8	det1=true
[10794]	88	107	-31	-3	-2	-9	det1=true
[10795]	88	107	-40	-3	-2	9	det1=true
[10796]	102	107	-35	-27	-5	-8	det1=true
[10797]	102	107	-43	-27	-5	8	det1=true
[10798]	105	107	-14	-6	-7	-8	det1=true
[10799]	105	107	-22	-6	-7	8	det1=true
[10800]	64	108	-31	-25	-7	-2	det1=true
[10801]	64	108	-33	-25	-7	2	det1=true
[10802]	70	108	-31	-10	-1	-8	det1=true
[10803]	70	108	-39	-10	-1	8	det1=true
[10804]	90	108	-39	-29	-8	-3	det1=true
[10805]	90	108	-42	-29	-8	3	det1=true
[10806]	95	108	-45	-5	-5	8	det1=true
[10807]	40	105	-14	-9	-6	-2	det1=true
[10808]	40	105	-16	-9	-6	2	det1=true
[10809]	50	105	-14	-7	-2	7	det1=true
[10810]	68	105	-21	-8	-8	-2	det1=true
[10811]	68	105	-23	-8	-8	2	det1=true
[10812]	69	105	-26	2	-8	-2	det1=true
[10813]	69	105	-28	2	-8	2	det1=true
[10814]	82	105	-21	-16	-4	-8	det1=true
[10815]	82	105	-29	-16	-4	8	det1=true
[10816]	73	106	-29	-20	-7	-4	det1=true
[10817]	80	107	-19	0	-9	-2	det1=true
[10818]	83	107	-36	-32	-1	-8	det1=true
[10819]	83	107	-44	-32	-1	8	det1=true
[10820]	83	107	-26	1	-9	-2	det1=true
[10821]	107	107	-29	-4	-10	-3	det1=true
[10822]	106	108	-9	-10	-4	-10	det1=true
[10823]	106	108	-19	-10	-4	10	det1=true
[10824]	41	105	-16	-4	-4	-5	det1=true
[10825]	41	105	-21	-4	-4	5	det1=true
[10826]	28	106	-9	-7	-5	-2	det1=true
[10827]	28	106	-11	-7	-5	2	det1=true
[10828]	75	106	-33	-26	-5	-6	det1=true
[10829]	75	106	-39	-26	-5	6	det1=true
[10830]	76	106	-31	1	-8	-3	det1=true
[10831]	76	106	-34	1	-8	3	det1=true
[10832]	80	106	-11	-9	-2	-9	det1=true
[10833]	80	106	-20	-9	-2	9	det1=true
[10834]	103	106	-13	-11	-3	-10	det1=true
[10835]	103	106	-23	-11	-3	10	det1=true
[10836]	47	107	-14	-2	-7	-1	det1=true
[10837]	47	107	-15	-2	-7	1	det1=true
[10838]	80	107	-21	0	-9	2	det1=true
[10839]	65	108	-22	-13	-8	-1	det1=true
[10840]	68	108	-20	-15	-2	-8	det1=true
[10841]	68	108	-28	-15	-2	8	det1=true
[10842]	65	105	-9	-11	-2	-8	det1=true
[10843]	65	105	-17	-11	-2	8	det1=true
[10844]	81	105	-25	3	-9	-1	det1=true
[10845]	81	105	-26	3	-9	1	det1=true
[10846]	95	105	-13	-6	-10	-1	det1=true
[10847]	95	105	-14	-6	-10	1	det1=true
[10848]	56	106	-7	1	-6	-5	det1=true
[10849]	97	106	-19	-19	-4	-9	det1=true
[10850]	97	106	-28	-19	-4	9	det1=true
[10851]	40	107	-19	-4	-6	-2	det1=true
[10852]	66	107	-27	-5	-8	-1	det1=true
[10853]	86	107	-39	-28	-2	-8	det1=true
[10854]	86	107	-47	-28	-2	8	det1=true
[10855]	87	107	-37	-36	-4	-7	det1=true
[10856]	87	107	-44	-36	-4	7	det1=true
[10857]	41	108	-17	-9	-4	-5	det1=true
[10858]	41	108	-22	-9	-4	5	det1=true
[10859]	83	108	-35	-30	-8	-2	det1=true
[10860]	83	108	-37	-30	-8	2	det1=true
[10861]	90	108	-8	3	-6	-8	det1=true
[10862]	90	108	-16	3	-6	8	det1=true
[10863]	94	108	-21	4	-8	-6	det1=true
[10864]	94	108	-27	4	-8	6	det1=true
[10865]	98	108	-34	-23	-8	-5	det1=true
[10866]	98	108	-39	-23	-8	5	det1=true
[10867]	75	107	-24	-11	-5	-7	det1=true
[10868]	75	107	-31	-11	-5	7	det1=true
[10869]	102	105	-19	-21	-1	-10	det1=true
[10870]	102	105	-29	-21	-1	10	det1=true
[10871]	63	106	-29	-23	-7	-2	det1=true
[10872]	98	107	-23	-19	-4	-9	det1=true
[10873]	98	107	-32	-19	-4	9	det1=true
[10874]	65	108	-19	-15	-4	-7	det1=true
[10875]	65	108	-26	-15	-4	7	det1=true
[10876]	101	108	-41	-42	-3	-8	det1=true
[10877]	79	105	-24	-19	-7	-5	det1=true
[10878]	79	105	-29	-19	-7	5	det1=true
[10879]	89	105	-16	-16	-3	-9	det1=true
[10880]	89	105	-25	-16	-3	9	det1=true
[10881]	98	105	-25	-12	-9	-4	det1=true
[10882]	98	105	-29	-12	-9	4	det1=true
[10883]	94	108	-19	-5	-10	-1	det1=true
[10884]	94	108	-20	-5	-10	1	det1=true
[10885]	36	107	-16	-3	-6	-1	det1=true
[10886]	36	107	-17	-3	-6	1	det1=true
[10887]	42	107	-16	-13	-4	-5	det1=true
[10888]	100	108	-20	-15	-10	-2	det1=true
[10889]	100	108	-22	-15	-10	2	det1=true
[10890]	42	107	-21	-13	-4	5	det1=true
[10891]	81	107	-29	3	-9	1	det1=true
[10892]	97	107	-8	-6	-5	-9	det1=true
[10893]	97	107	-17	-6	-5	9	det1=true
[10894]	94	106	-22	-5	-6	8	det1=true
[10895]	56	107	-27	-8	-7	-2	det1=true
[10896]	56	107	-29	-8	-7	2	det1=true
[10897]	81	107	-28	3	-9	-1	det1=true
[10898]	94	106	-14	-5	-6	-8	det1=true
[10899]	107	107	-29	-13	-9	-5	det1=true
[10900]	107	107	-34	-13	-9	5	det1=true
[10901]	73	107	-19	-16	-8	-3	det1=true
[10902]	73	107	-22	-16	-8	3	det1=true
[10903]	97	108	-1	0	-3	-10	det1=true
[10904]	41	105	-12	-11	-5	-4	det1=true
[10905]	41	105	-16	-11	-5	4	det1=true
[10906]	66	108	-18	-19	-4	-7	det1=true
[10907]	67	108	-19	-14	-8	-2	det1=true
[10908]	67	108	-21	-14	-8	2	det1=true
[10909]	52	105	-16	-1	-2	-7	det1=true
[10910]	52	105	-23	-1	-2	7	det1=true
[10911]	53	105	-22	0	-6	-4	det1=true
[10912]	53	105	-26	0	-6	4	det1=true
[10913]	54	107	-19	-13	-2	-7	det1=true
[10914]	54	107	-26	-13	-2	7	det1=true
[10915]	88	107	-26	-5	-8	-5	det1=true
[10916]	88	107	-31	-5	-8	5	det1=true
[10917]	105	107	-44	-41	-5	-7	det1=true
[10918]	105	107	-51	-41	-5	7	det1=true
[10919]	64	108	-21	-11	-8	-1	det1=true
[10920]	37	106	-11	-13	-1	-6	det1=true
[10921]	37	106	-17	-13	-1	6	det1=true
[10922]	52	105	-12	-11	-2	-7	det1=true
[10923]	40	107	-17	-6	-2	-6	det1=true
[10924]	29	108	-12	-11	-2	-5	det1=true
[10925]	41	108	-18	-7	-4	-5	det1=true
[10926]	108	108	-33	-1	-10	-3	det1=true
[10927]	85	106	-26	3	-6	-7	det1=true
[10928]	107	107	-27	-15	-5	-9	det1=true
[10929]	107	107	-36	-15	-5	9	det1=true
[10930]	65	105	-24	4	-8	-1	det1=true
[10931]	102	110	1	1	-6	-9	det1=true
[10932]	111	111	-34	-4	-7	-8	det1=true
[10933]	111	111	-42	-4	-7	8	det1=true
[10934]	85	109	-28	-20	-9	-1	det1=true
[10935]	85	109	-29	-20	-9	1	det1=true
[10936]	109	109	-7	-6	-1	-11	det1=true
[10937]	15	110	-3	-1	-4	-1	det1=true
[10938]	15	110	-4	-1	-4	1	det1=true
[10939]	75	110	-7	3	-6	-7	det1=true
[10940]	75	110	-14	3	-6	7	det1=true
[10941]	90	110	-14	3	-6	-8	det1=true
[10942]	90	110	-22	3	-6	8	det1=true
[10943]	106	110	-16	-3	-6	-9	det1=true
[10944]	106	110	-25	-3	-6	9	det1=true
[10945]	110	110	-41	-4	-2	-10	det1=true
[10946]	110	110	-51	-4	-2	10	det1=true
[10947]	31	111	-12	1	-5	-3	det1=true
[10948]	31	111	-15	1	-5	3	det1=true
[10949]	99	111	-47	0	-8	-5	det1=true
[10950]	99	111	-52	0	-8	5	det1=true
[10951]	109	111	-23	-20	-8	-7	det1=true
[10952]	110	111	-10	1	-2	-11	det1=true
[10953]	110	111	-21	1	-2	11	det1=true
[10954]	111	111	-48	-8	-8	-6	det1=true
[10955]	111	111	-54	-8	-8	6	det1=true
[10956]	87	112	-8	1	-10	1	det1=true
[10957]	103	112	-38	-19	-4	-9	det1=true
[10958]	103	112	-47	-19	-4	9	det1=true
[10959]	46	109	-2	-1	-4	-6	det1=true
[10960]	46	109	-8	-1	-4	6	det1=true
[10961]	65	109	-8	2	-8	-3	det1=true
[10962]	65	109	-11	2	-8	3	det1=true
[10963]	79	109	-36	-3	-7	-5	det1=true
[10964]	79	109	-41	-3	-7	5	det1=true
[10965]	83	109	-12	-11	-3	-9	det1=true
[10966]	83	109	-21	-11	-3	9	det1=true
[10967]	88	109	-33	-9	-7	-6	det1=true
[10968]	88	109	-39	-9	-7	6	det1=true
[10969]	89	109	-6	-2	-6	-8	det1=true
[10970]	89	109	-14	-2	-6	8	det1=true
[10971]	94	109	-37	-19	-7	-6	det1=true
[10972]	94	109	-43	-19	-7	6	det1=true
[10973]	95	109	-30	-2	-9	-4	det1=true
[10974]	95	109	-34	-2	-9	4	det1=true
[10975]	108	109	-51	-41	-8	-3	det1=true
[10976]	108	109	-54	-41	-8	3	det1=true
[10977]	49	110	-15	-8	-6	-4	det1=true
[10978]	49	110	-19	-8	-6	4	det1=true
[10979]	49	110	-14	-9	-4	-6	det1=true
[10980]	49	110	-20	-9	-4	6	det1=true
[10981]	55	110	-22	-17	-2	-7	det1=true
[10982]	60	110	-21	-11	-5	-6	det1=true
[10983]	60	110	-27	-11	-5	6	det1=true
[10984]	71	110	-32	-19	-8	-1	det1=true
[10985]	71	110	-33	-19	-8	1	det1=true
[10986]	97	110	-35	1	-9	-4	det1=true
[10987]	97	110	-39	1	-9	4	det1=true
[10988]	101	110	1	4	-10	-4	det1=true
[10989]	108	110	-29	-12	-4	10	det1=true
[10990]	110	110	-9	0	-11	-2	det1=true
[10991]	110	110	-11	0	-11	2	det1=true
[10992]	66	111	-31	0	-7	-4	det1=true
[10993]	66	111	-35	0	-7	4	det1=true
[10994]	77	111	-14	-9	-9	-2	det1=true
[10995]	77	111	-16	-9	-9	2	det1=true
[10996]	95	111	-28	-28	-3	-9	det1=true
[10997]	95	111	-37	-28	-3	9	det1=true
[10998]	101	111	-46	-5	-3	-9	det1=true
[10999]	101	111	-55	-5	-3	9	det1=true
[11000]	101	111	-40	-25	-9	-3	det1=true
[11001]	101	111	-43	-25	-9	3	det1=true
[11002]	104	111	-45	-16	-1	10	det1=true
[11003]	111	111	-44	-18	-6	-8	det1=true
[11004]	111	111	-52	-18	-6	8	det1=true
[11005]	111	111	-25	-17	-10	-4	det1=true
[11006]	111	111	-29	-17	-10	4	det1=true
[11007]	27	112	-11	-7	-2	-5	det1=true
[11008]	27	112	-16	-7	-2	5	det1=true
[11009]	38	112	-13	-12	-2	-6	det1=true
[11010]	38	112	-19	-12	-2	6	det1=true
[11011]	68	112	-23	-1	-8	-3	det1=true
[11012]	76	112	-30	-19	-8	-3	det1=true
[11013]	76	112	-33	-19	-8	3	det1=true
[11014]	87	112	-7	1	-10	-1	det1=true
[11015]	103	112	-45	-34	-5	8	det1=true
[11016]	26	109	-5	1	-2	-5	det1=true
[11017]	26	109	-10	1	-2	5	det1=true
[11018]	45	109	-10	1	-7	-1	det1=true
[11019]	45	109	-11	1	-7	1	det1=true
[11020]	46	109	-3	0	-6	-4	det1=true
[11021]	46	109	-7	0	-6	4	det1=true
[11022]	60	109	-14	-1	-4	-7	det1=true
[11023]	60	109	-21	-1	-4	7	det1=true
[11024]	61	109	-17	0	-4	-7	det1=true
[11025]	73	109	-33	-13	-8	-2	det1=true
[11026]	73	109	-35	-13	-8	2	det1=true
[11027]	79	109	-6	0	-8	-5	det1=true
[11028]	79	109	-11	0	-8	5	det1=true
[11029]	81	109	-32	-20	-7	-5	det1=true
[11030]	81	109	-37	-20	-7	5	det1=true
[11031]	83	109	-15	-8	-9	-3	det1=true
[11032]	83	109	-18	-8	-9	3	det1=true
[11033]	84	109	-15	-14	-5	-8	det1=true
[11034]	84	109	-23	-14	-5	8	det1=true
[11035]	85	109	-16	-16	-5	-8	det1=true
[11036]	85	109	-24	-16	-5	8	det1=true
[11037]	87	109	-38	-24	-7	-5	det1=true
[11038]	87	109	-43	-24	-7	5	det1=true
[11039]	89	109	-30	-20	-9	-2	det1=true
[11040]	89	109	-32	-20	-9	2	det1=true
[11041]	90	109	-43	-36	-7	-4	det1=true
[11042]	94	109	-39	-15	-7	-6	det1=true
[11043]	94	109	-45	-15	-7	6	det1=true
[11044]	95	109	-44	1	-7	-6	det1=true
[11045]	95	109	-50	1	-7	6	det1=true
[11046]	97	109	-15	-4	-5	-9	det1=true
[11047]	97	109	-24	-4	-5	9	det1=true
[11048]	99	109	-28	-5	-1	-10	det1=true
[11049]	99	109	-38	-5	-1	10	det1=true
[11050]	103	109	-28	-2	-5	-9	det1=true
[11051]	103	109	-37	-2	-5	9	det1=true
[11052]	107	109	-36	-1	-9	-5	det1=true
[11053]	107	109	-41	-1	-9	5	det1=true
[11054]	109	109	-36	-24	-8	-6	det1=true
[11055]	38	110	-17	-2	-6	-2	det1=true
[11056]	38	110	-19	-2	-6	2	det1=true
[11057]	67	110	-31	-4	-7	-4	det1=true
[11058]	67	110	-35	-4	-7	4	det1=true
[11059]	76	110	-33	1	-3	-8	det1=true
[11060]	76	110	-41	1	-3	8	det1=true
[11061]	77	110	-17	2	-9	-2	det1=true
[11062]	77	110	-19	2	-9	2	det1=true
[11063]	78	110	-5	3	-8	-5	det1=true
[11064]	78	110	-10	3	-8	5	det1=true
[11065]	91	110	-20	-9	-4	-9	det1=true
[11066]	91	110	-29	-9	-4	9	det1=true
[11067]	92	110	-41	3	-6	-7	det1=true
[11068]	92	110	-48	3	-6	7	det1=true
[11069]	94	110	-29	-5	-9	-4	det1=true
[11070]	94	110	-33	-5	-9	4	det1=true
[11071]	102	110	-29	-14	-10	-2	det1=true
[11072]	102	110	-31	-14	-10	2	det1=true
[11073]	102	110	-1	4	-9	-6	det1=true
[11074]	102	110	-7	4	-9	6	det1=true
[11075]	107	110	-45	-12	-9	-4	det1=true
[11076]	107	110	-49	-12	-9	4	det1=true
[11077]	108	110	-39	-16	-1	-10	det1=true
[11078]	108	110	-49	-16	-1	10	det1=true
[11079]	108	110	-16	-13	-6	-9	det1=true
[11080]	108	110	-25	-13	-6	9	det1=true
[11081]	109	110	-23	-6	-9	-6	det1=true
[11082]	109	110	-29	-6	-9	6	det1=true
[11083]	53	111	-13	-6	-3	-7	det1=true
[11084]	53	111	-20	-6	-3	7	det1=true
[11085]	66	111	-11	-9	-3	-8	det1=true
[11086]	66	111	-19	-9	-3	8	det1=true
[11087]	69	111	-21	-1	-7	-5	det1=true
[11088]	69	111	-26	-1	-7	5	det1=true
[11089]	71	111	-34	-8	-8	-2	det1=true
[11090]	71	111	-36	-8	-8	2	det1=true
[11091]	75	111	-29	-11	-5	-7	det1=true
[11092]	75	111	-36	-11	-5	7	det1=true
[11093]	80	111	-11	-9	-5	-8	det1=true
[11094]	80	111	-19	-9	-5	8	det1=true
[11095]	83	111	-19	-5	-3	-9	det1=true
[11096]	83	111	-28	-5	-3	9	det1=true
[11097]	84	111	-35	-27	-3	-8	det1=true
[11098]	84	111	-43	-27	-3	8	det1=true
[11099]	89	111	-42	-25	-7	-5	det1=true
[11100]	89	111	-47	-25	-7	5	det1=true
[11101]	89	111	-37	4	-9	3	det1=true
[11102]	95	111	-44	-15	-9	-2	det1=true
[11103]	95	111	-46	-15	-9	2	det1=true
[11104]	95	111	-31	-25	-9	-3	det1=true
[11105]	95	111	-34	-25	-9	3	det1=true
[11106]	95	111	-18	-10	-10	-2	det1=true
[11107]	95	111	-20	-10	-10	2	det1=true
[11108]	96	111	-12	-1	-10	-3	det1=true
[11109]	98	111	-42	-23	-2	-9	det1=true
[11110]	98	111	-51	-23	-2	9	det1=true
[11111]	105	111	-34	-21	-1	-10	det1=true
[11112]	105	111	-44	-21	-1	10	det1=true
[11113]	107	111	-26	-9	-7	-8	det1=true
[11114]	107	111	-34	-9	-7	8	det1=true
[11115]	108	111	-25	-24	-3	-10	det1=true
[11116]	108	111	-35	-24	-3	10	det1=true
[11117]	111	111	-22	-20	-4	-10	det1=true
[11118]	111	111	-32	-20	-4	10	det1=true
[11119]	46	112	-7	0	-7	-2	det1=true
[11120]	52	112	-25	-5	-7	-2	det1=true
[11121]	52	112	-27	-5	-7	2	det1=true
[11122]	64	112	-7	-6	-3	-8	det1=true
[11123]	64	112	-15	-6	-3	8	det1=true
[11124]	66	112	-27	-23	-5	-6	det1=true
[11125]	66	112	-33	-23	-5	6	det1=true
[11126]	68	112	-21	1	-3	-8	det1=true
[11127]	68	112	-29	1	-3	8	det1=true
[11128]	80	112	-24	-5	-6	-7	det1=true
[11129]	80	112	-31	-5	-6	7	det1=true
[11130]	82	112	-31	0	-9	-2	det1=true
[11131]	82	112	-33	0	-9	2	det1=true
[11132]	86	112	-29	-2	-5	-8	det1=true
[11133]	86	112	-37	-2	-5	8	det1=true
[11134]	88	112	-33	-17	-7	-6	det1=true
[11135]	88	112	-39	-17	-7	6	det1=true
[11136]	89	112	2	1	-2	-10	det1=true
[11137]	89	112	-8	1	-2	10	det1=true
[11138]	91	112	-17	-19	-4	-9	det1=true
[11139]	91	112	-26	-19	-4	9	det1=true
[11140]	91	112	-12	-3	-10	-2	det1=true
[11141]	94	112	-47	-12	-9	2	det1=true
[11142]	97	112	-47	-15	-8	5	det1=true
[11143]	97	112	-3	3	-8	-7	det1=true
[11144]	97	112	-10	3	-8	7	det1=true
[11145]	99	112	-21	-7	-10	-3	det1=true
[11146]	99	112	-24	-7	-10	3	det1=true
[11147]	101	112	-39	-14	-9	-4	det1=true
[11148]	101	112	-43	-14	-9	4	det1=true
[11149]	102	112	-31	-12	-2	-10	det1=true
[11150]	102	112	-41	-12	-2	10	det1=true
[11151]	102	112	-27	-20	-2	-10	det1=true
[11152]	102	112	-37	-20	-2	10	det1=true
[11153]	106	112	-35	-24	-1	-10	det1=true
[11154]	106	112	-45	-24	-1	10	det1=true
[11155]	107	112	-17	-15	-9	-6	det1=true
[11156]	107	112	-23	-15	-9	6	det1=true
[11157]	111	112	-47	-7	-1	-10	det1=true
[11158]	111	112	-57	-7	-1	10	det1=true
[11159]	111	112	-27	-22	-7	-8	det1=true
[11160]	111	112	-35	-22	-7	8	det1=true
[11161]	9	109	-4	0	-3	-1	det1=true
[11162]	9	109	-5	0	-3	1	det1=true
[11163]	23	109	-8	-2	-3	-4	det1=true
[11164]	23	109	-12	-2	-3	4	det1=true
[11165]	31	109	-9	-1	-5	-3	det1=true
[11166]	31	109	-12	-1	-5	3	det1=true
[11167]	36	109	-15	-7	-1	-6	det1=true
[11168]	36	109	-21	-7	-1	6	det1=true
[11169]	56	109	-13	0	-5	-6	det1=true
[11170]	56	109	-19	0	-5	6	det1=true
[11171]	58	109	-17	-7	-6	-5	det1=true
[11172]	58	109	-22	-7	-6	5	det1=true
[11173]	67	109	-30	-24	-7	-3	det1=true
[11174]	67	109	-33	-24	-7	3	det1=true
[11175]	67	109	-11	0	-5	-7	det1=true
[11176]	67	109	-18	0	-5	7	det1=true
[11177]	79	109	-27	3	-9	-1	det1=true
[11178]	79	109	-28	3	-9	1	det1=true
[11179]	79	109	-23	-1	-1	-9	det1=true
[11180]	81	109	-31	-21	-5	-7	det1=true
[11181]	81	109	-38	-21	-5	7	det1=true
[11182]	81	109	-15	4	-8	-5	det1=true
[11183]	81	109	-20	4	-8	5	det1=true
[11184]	85	109	-30	-30	-5	-7	det1=true
[11185]	85	109	-37	-30	-5	7	det1=true
[11186]	89	109	-42	-2	-9	-1	det1=true
[11187]	89	109	-28	-21	-7	-6	det1=true
[11188]	90	109	-41	-39	-1	-8	det1=true
[11189]	90	109	-49	-39	-1	8	det1=true
[11190]	91	109	-40	-30	-3	-8	det1=true
[11191]	91	109	-48	-30	-3	8	det1=true
[11192]	94	109	-39	-36	-3	-8	det1=true
[11193]	94	109	-47	-36	-3	8	det1=true
[11194]	94	109	-41	-14	-9	-2	det1=true
[11195]	94	109	-43	-14	-9	2	det1=true
[11196]	96	109	-16	-7	-2	-10	det1=true
[11197]	96	109	-26	-7	-2	10	det1=true
[11198]	97	109	-17	-2	-9	-5	det1=true
[11199]	97	109	-22	-2	-9	5	det1=true
[11200]	100	109	-37	-5	-9	-4	det1=true
[11201]	100	109	-41	-5	-9	4	det1=true
[11202]	102	109	-29	-19	-10	-1	det1=true
[11203]	102	109	-30	-19	-10	1	det1=true
[11204]	102	109	-20	-1	-8	7	det1=true
[11205]	103	109	-43	-34	-9	-1	det1=true
[11206]	103	109	-44	-34	-9	1	det1=true
[11207]	103	109	-34	-33	-5	-8	det1=true
[11208]	103	109	-42	-33	-5	8	det1=true
[11209]	103	109	-21	-6	-8	7	det1=true
[11210]	105	109	-47	-23	-9	3	det1=true
[11211]	106	109	-43	-11	-9	-4	det1=true
[11212]	106	109	-47	-11	-9	4	det1=true
[11213]	107	109	-34	-3	-5	-9	det1=true
[11214]	109	109	-44	2	-6	-8	det1=true
[11215]	109	109	-52	2	-6	8	det1=true
[11216]	109	109	-35	-25	-6	-8	det1=true
[11217]	109	109	-43	-25	-6	8	det1=true
[11218]	23	110	-12	-3	-4	3	det1=true
[11219]	50	110	-20	-3	-6	-4	det1=true
[11220]	56	110	-21	-21	-2	-7	det1=true
[11221]	56	110	-28	-21	-2	7	det1=true
[11222]	57	110	-1	-4	-1	-8	det1=true
[11223]	57	110	-9	-4	-1	8	det1=true
[11224]	66	110	-21	-19	-7	-4	det1=true
[11225]	66	110	-25	-19	-7	4	det1=true
[11226]	67	110	-29	-7	-1	-8	det1=true
[11227]	67	110	-37	-7	-1	8	det1=true
[11228]	67	110	-13	-8	-3	-8	det1=true
[11229]	67	110	-21	-8	-3	8	det1=true
[11230]	76	110	-8	-7	-2	-9	det1=true
[11231]	76	110	-17	-7	-2	9	det1=true
[11232]	77	110	-33	-9	-3	-8	det1=true
[11233]	88	110	-28	-21	-2	-9	det1=true
[11234]	88	110	-37	-21	-2	9	det1=true
[11235]	91	110	-40	-5	-8	5	det1=true
[11236]	94	110	-43	-33	-8	-3	det1=true
[11237]	94	110	-46	-33	-8	3	det1=true
[11238]	99	110	-41	-16	-5	-8	det1=true
[11239]	99	110	-49	-16	-5	8	det1=true
[11240]	99	110	-35	-27	-8	-5	det1=true
[11241]	99	110	-40	-27	-8	5	det1=true
[11242]	100	110	-39	-31	-9	-2	det1=true
[11243]	100	110	-41	-31	-9	2	det1=true
[11244]	102	110	-45	-17	-8	-5	det1=true
[11245]	102	110	-50	-17	-8	5	det1=true
[11246]	102	110	-13	-7	-7	-8	det1=true
[11247]	102	110	-21	-7	-7	8	det1=true
[11248]	106	110	-32	-5	-10	-3	det1=true
[11249]	106	110	-35	-5	-10	3	det1=true
[11250]	107	110	-36	-27	-4	-9	det1=true
[11251]	107	110	-45	-27	-4	9	det1=true
[11252]	108	110	-36	-1	-10	-3	det1=true
[11253]	108	110	-39	-1	-10	3	det1=true
[11254]	110	110	-37	-31	-4	-9	det1=true
[11255]	110	110	-46	-31	-4	9	det1=true
[11256]	23	111	-6	-2	-5	-1	det1=true
[11257]	23	111	-7	-2	-5	1	det1=true
[11258]	23	111	-4	-4	-1	-5	det1=true
[11259]	23	111	-9	-4	-1	5	det1=true
[11260]	49	111	-18	2	-7	-2	det1=true
[11261]	49	111	-20	2	-7	2	det1=true
[11262]	59	111	-16	3	-7	-4	det1=true
[11263]	59	111	-20	3	-7	4	det1=true
[11264]	62	111	-18	-5	-8	2	det1=true
[11265]	64	111	-29	1	-8	-1	det1=true
[11266]	64	111	-30	1	-8	1	det1=true
[11267]	64	111	-25	0	-8	2	det1=true
[11268]	67	111	-29	-1	-8	-2	det1=true
[11269]	67	111	-31	-1	-8	2	det1=true
[11270]	67	111	-25	-18	-4	-7	det1=true
[11271]	67	111	-32	-18	-4	7	det1=true
[11272]	69	111	-19	-7	-7	-5	det1=true
[11273]	69	111	-24	-7	-7	5	det1=true
[11274]	69	111	-18	-8	-5	-7	det1=true
[11275]	69	111	-25	-8	-5	7	det1=true
[11276]	70	111	-23	-22	-2	-8	det1=true
[11277]	70	111	-31	-22	-2	8	det1=true
[11278]	71	111	-28	-24	-7	-4	det1=true
[11279]	71	111	-32	-24	-7	4	det1=true
[11280]	76	111	-30	-31	-4	-7	det1=true
[11281]	78	111	-35	-24	-2	-8	det1=true
[11282]	78	111	-43	-24	-2	8	det1=true
[11283]	81	111	-14	-10	-8	-5	det1=true
[11284]	81	111	-19	-10	-8	5	det1=true
[11285]	83	111	-28	-6	-6	-7	det1=true
[11286]	83	111	-35	-6	-6	7	det1=true
[11287]	96	111	-41	-39	-3	-8	det1=true
[11288]	96	111	-49	-39	-3	8	det1=true
[11289]	96	111	-15	-1	-10	3	det1=true
[11290]	100	111	-41	-21	-5	-8	det1=true
[11291]	100	111	-49	-21	-5	8	det1=true
[11292]	101	111	-37	-28	-3	-9	det1=true
[11293]	101	111	-46	-28	-3	9	det1=true
[11294]	103	111	-40	-15	-9	-4	det1=true
[11295]	103	111	-44	-15	-9	4	det1=true
[11296]	103	111	-13	-5	-10	-4	det1=true
[11297]	103	111	-17	-5	-10	4	det1=true
[11298]	109	111	-48	-5	-5	9	det1=true
[11299]	111	111	-45	-17	-8	-6	det1=true
[11300]	111	111	-51	-17	-8	6	det1=true
[11301]	23	112	-11	-3	-4	-3	det1=true
[11302]	39	112	-14	-11	-4	-5	det1=true
[11303]	39	112	-19	-11	-4	5	det1=true
[11304]	46	112	-5	-1	-2	-7	det1=true
[11305]	46	112	-12	-1	-2	7	det1=true
[11306]	48	112	-9	-11	-2	-7	det1=true
[11307]	48	112	-16	-11	-2	7	det1=true
[11308]	50	112	-16	-11	-2	-7	det1=true
[11309]	59	112	-23	-7	-5	-6	det1=true
[11310]	59	112	-29	-7	-5	6	det1=true
[11311]	65	112	-14	-3	-8	-3	det1=true
[11312]	65	112	-17	-3	-8	3	det1=true
[11313]	69	112	-25	-4	-6	-6	det1=true
[11314]	69	112	-31	-4	-6	6	det1=true
[11315]	71	112	-23	-15	-8	-3	det1=true
[11316]	71	112	-26	-15	-8	3	det1=true
[11317]	77	112	-19	3	-7	-6	det1=true
[11318]	77	112	-5	-2	-5	-8	det1=true
[11319]	77	112	-13	-2	-5	8	det1=true
[11320]	81	112	-17	-9	-8	-5	det1=true
[11321]	81	112	-22	-9	-8	5	det1=true
[11322]	83	112	-31	-7	-9	-2	det1=true
[11323]	83	112	-33	-7	-9	2	det1=true
[11324]	84	112	-6	-1	-4	-9	det1=true
[11325]	84	112	-15	-1	-4	9	det1=true
[11326]	86	112	-14	1	-4	-9	det1=true
[11327]	86	112	-23	1	-4	9	det1=true
[11328]	97	112	-47	-16	-9	-2	det1=true
[11329]	97	112	-24	-7	-2	-10	det1=true
[11330]	97	112	-34	-7	-2	10	det1=true
[11331]	97	112	-27	-6	-10	-2	det1=true
[11332]	97	112	-29	-6	-10	2	det1=true
[11333]	99	112	-11	-3	-7	-8	det1=true
[11334]	99	112	-19	-3	-7	8	det1=true
[11335]	100	112	-36	-9	-10	-1	det1=true
[11336]	101	112	-31	3	-10	3	det1=true
[11337]	102	112	-33	-25	-4	-9	det1=true
[11338]	102	112	-42	-25	-4	9	det1=true
[11339]	105	112	-23	-11	-7	-8	det1=true
[11340]	105	112	-31	-11	-7	8	det1=true
[11341]	106	112	-42	-33	-8	-5	det1=true
[11342]	106	112	-47	-33	-8	5	det1=true
[11343]	107	112	-31	-26	-2	-10	det1=true
[11344]	108	112	-41	-37	-8	-5	det1=true
[11345]	108	112	-46	-37	-8	5	det1=true
[11346]	108	112	-4	-5	-2	-11	det1=true
[11347]	109	112	-51	-6	-9	-4	det1=true
[11348]	109	112	-55	-6	-9	4	det1=true
[11349]	110	112	-100	-5	-2	5	det1=true
[11350]	111	112	-80	-11	-2	8	det1=true
[11351]	15	109	-2	2	-4	-1	det1=true
[11352]	15	109	-3	2	-4	1	det1=true
[11353]	26	109	-7	-2	-5	2	det1=true
[11354]	31	109	-8	-2	-3	-5	det1=true
[11355]	37	109	-7	-2	-4	-5	det1=true
[11356]	37	109	-12	-2	-4	5	det1=true
[11357]	64	109	-18	-15	-4	-7	det1=true
[11358]	64	109	-25	-15	-4	7	det1=true
[11359]	65	109	-29	-21	-7	-3	det1=true
[11360]	65	109	-32	-21	-7	3	det1=true
[11361]	66	109	-23	-15	-1	-8	det1=true
[11362]	67	109	-28	-26	-3	-7	det1=true
[11363]	67	109	-35	-26	-3	7	det1=true
[11364]	67	109	-12	-6	-3	-8	det1=true
[11365]	67	109	-20	-6	-3	8	det1=true
[11366]	68	109	-23	-14	-8	-2	det1=true
[11367]	68	109	-25	-14	-8	2	det1=true
[11368]	68	109	-13	-10	-3	-8	det1=true
[11369]	68	109	-21	-10	-3	8	det1=true
[11370]	70	109	-19	-9	-3	-8	det1=true
[11371]	73	109	-29	-2	-8	-3	det1=true
[11372]	73	109	-32	-2	-8	3	det1=true
[11373]	78	109	-35	-27	-1	-8	det1=true
[11374]	78	109	-43	-27	-1	8	det1=true
[11375]	79	109	-17	-2	-2	-9	det1=true
[11376]	79	109	-26	-2	-2	9	det1=true
[11377]	79	109	-18	-6	-9	-2	det1=true
[11378]	79	109	-20	-6	-9	2	det1=true
[11379]	83	109	-33	-4	-9	-1	det1=true
[11380]	83	109	-34	-4	-9	1	det1=true
[11381]	85	109	-33	-2	-1	-9	det1=true
[11382]	85	109	-42	-2	-1	9	det1=true
[11383]	85	109	-31	-29	-7	-5	det1=true
[11384]	85	109	-36	-29	-7	5	det1=true
[11385]	86	109	-37	-25	-3	-8	det1=true
[11386]	86	109	-45	-25	-3	8	det1=true
[11387]	86	109	-29	-11	-7	-6	det1=true
[11388]	86	109	-35	-11	-7	6	det1=true
[11389]	88	109	-27	-20	-7	-6	det1=true
[11390]	88	109	-33	-20	-7	6	det1=true
[11391]	89	109	-38	-6	-1	-9	det1=true
[11392]	89	109	-18	1	-9	-4	det1=true
[11393]	89	109	-22	1	-9	4	det1=true
[11394]	89	109	-8	2	-8	-6	det1=true
[11395]	89	109	-14	2	-8	6	det1=true
[11396]	91	109	-39	-4	-8	5	det1=true
[11397]	91	109	-30	-13	-5	-8	det1=true
[11398]	91	109	-38	-13	-5	8	det1=true
[11399]	94	109	-39	-18	-9	-2	det1=true
[11400]	94	109	-41	-18	-9	2	det1=true
[11401]	96	109	-14	-11	-2	-10	det1=true
[11402]	96	109	-24	-11	-2	10	det1=true
[11403]	99	109	-49	-42	-8	-1	det1=true
[11404]	99	109	-50	-42	-8	1	det1=true
[11405]	100	109	-46	-1	-8	-5	det1=true
[11406]	100	109	-51	-1	-8	5	det1=true
[11407]	100	109	-21	-23	-1	-10	det1=true
[11408]	100	109	-31	-23	-1	10	det1=true
[11409]	101	109	-47	-2	-8	-5	det1=true
[11410]	101	109	-52	-2	-8	5	det1=true
[11411]	101	109	-24	-8	-9	-5	det1=true
[11412]	101	109	-29	-8	-9	5	det1=true
[11413]	101	109	-19	-15	-5	-9	det1=true
[11414]	101	109	-28	-15	-5	9	det1=true
[11415]	102	109	-34	-11	-10	-1	det1=true
[11416]	102	109	-35	-11	-10	1	det1=true
[11417]	102	109	-13	-1	-8	-7	det1=true
[11418]	104	109	-45	-31	-9	2	det1=true
[11419]	104	109	-35	-4	-10	-2	det1=true
[11420]	104	109	-37	-4	-10	2	det1=true
[11421]	105	109	-44	-23	-9	-3	det1=true
[11422]	106	109	-38	-15	-10	-1	det1=true
[11423]	109	109	-74	-8	-5	-6	det1=true
[11424]	35	110	-11	-10	-1	-6	det1=true
[11425]	35	110	-17	-10	-1	6	det1=true
[11426]	38	110	-9	-9	-4	-5	det1=true
[11427]	38	110	-14	-9	-4	5	det1=true
[11428]	50	110	-24	-3	-6	4	det1=true
[11429]	65	110	-24	-11	-4	-7	det1=true
[11430]	65	110	-31	-11	-4	7	det1=true
[11431]	73	110	-28	-9	-8	-3	det1=true
[11432]	73	110	-31	-9	-8	3	det1=true
[11433]	86	110	-11	3	-9	-4	det1=true
[11434]	86	110	-15	3	-9	4	det1=true
[11435]	88	110	-29	-23	-9	2	det1=true
[11436]	88	110	-25	-24	-7	-6	det1=true
[11437]	88	110	-31	-24	-7	6	det1=true
[11438]	89	110	-31	-4	-5	-8	det1=true
[11439]	89	110	-39	-4	-5	8	det1=true
[11440]	93	110	-43	-41	-7	-4	det1=true
[11441]	93	110	-41	-44	-1	-8	det1=true
[11442]	93	110	-49	-44	-1	8	det1=true
[11443]	94	110	-39	-20	-9	-2	det1=true
[11444]	94	110	-41	-20	-9	2	det1=true
[11445]	97	110	-33	-8	-9	-4	det1=true
[11446]	97	110	-37	-8	-9	4	det1=true
[11447]	97	110	-13	-5	-10	3	det1=true
[11448]	98	110	-26	-9	-10	2	det1=true
[11449]	104	110	-38	-7	-6	-8	det1=true
[11450]	104	110	-46	-7	-6	8	det1=true
[11451]	108	110	-19	-12	-4	-10	det1=true
[11452]	47	111	-13	-12	-1	-7	det1=true
[11453]	47	111	-20	-12	-1	7	det1=true
[11454]	51	111	-22	-4	-7	-2	det1=true
[11455]	51	111	-24	-4	-7	2	det1=true
[11456]	60	111	-17	-11	-7	4	det1=true
[11457]	62	111	-16	-5	-8	-2	det1=true
[11458]	63	111	-16	-8	-2	-8	det1=true
[11459]	63	111	-24	-8	-2	8	det1=true
[11460]	64	111	-23	0	-8	-2	det1=true
[11461]	65	111	-28	-6	-7	-4	det1=true
[11462]	65	111	-32	-6	-7	4	det1=true
[11463]	67	111	-28	-16	-8	-1	det1=true
[11464]	67	111	-29	-16	-8	1	det1=true
[11465]	71	111	-31	-11	-2	-8	det1=true
[11466]	74	111	-35	-23	-8	-1	det1=true
[11467]	74	111	-36	-23	-8	1	det1=true
[11468]	79	111	-33	-26	-5	7	det1=true
[11469]	84	111	-23	-6	-5	-8	det1=true
[11470]	85	111	-10	3	-9	-4	det1=true
[11471]	85	111	-14	3	-9	4	det1=true
[11472]	86	111	-33	1	-2	-9	det1=true
[11473]	86	111	-42	1	-2	9	det1=true
[11474]	87	111	-38	-27	-7	-5	det1=true
[11475]	89	111	-32	-21	-9	-2	det1=true
[11476]	89	111	-34	-21	-9	2	det1=true
[11477]	91	111	-40	-22	-8	-4	det1=true
[11478]	91	111	-44	-22	-8	4	det1=true
[11479]	93	111	-43	-42	-4	-7	det1=true
[11480]	93	111	-50	-42	-4	7	det1=true
[11481]	96	111	-16	-15	-2	-10	det1=true
[11482]	96	111	-26	-15	-2	10	det1=true
[11483]	97	111	-34	-9	-9	-4	det1=true
[11484]	97	111	-38	-9	-9	4	det1=true
[11485]	100	111	-35	-30	-5	-8	det1=true
[11486]	100	111	-43	-30	-5	8	det1=true
[11487]	101	111	-44	-14	-3	-9	det1=true
[11488]	103	111	-34	-15	-1	-10	det1=true
[11489]	103	111	-44	-15	-1	10	det1=true
[11490]	104	111	-41	-16	-2	10	det1=true
[11491]	106	111	-39	-35	-8	-5	det1=true
[11492]	25	112	-5	0	-5	2	det1=true
[11493]	38	112	-18	-5	-6	-2	det1=true
[11494]	38	112	-20	-5	-6	2	det1=true
[11495]	50	112	-23	-11	-2	7	det1=true
[11496]	77	112	-16	-7	-2	-9	det1=true
[11497]	77	112	-25	-7	-2	9	det1=true
[11498]	82	112	-19	-9	-5	-8	det1=true
[11499]	82	112	-27	-9	-5	8	det1=true
[11500]	83	112	-31	3	-7	-6	det1=true
[11501]	83	112	-37	3	-7	6	det1=true
[11502]	83	112	-29	-7	-6	-7	det1=true
[11503]	83	112	-24	-17	-6	-7	det1=true
[11504]	83	112	-31	-17	-6	7	det1=true
[11505]	85	112	-9	-5	-4	-9	det1=true
[11506]	85	112	-18	-5	-4	9	det1=true
[11507]	87	112	-29	-9	-5	-8	det1=true
[11508]	87	112	-37	-9	-5	8	det1=true
[11509]	87	112	-33	-17	-5	8	det1=true
[11510]	91	112	-20	-5	-10	-1	det1=true
[11511]	98	112	-44	-21	-2	-9	det1=true
[11512]	98	112	-53	-21	-2	9	det1=true
[11513]	98	112	-17	-9	-10	-3	det1=true
[11514]	100	112	-30	-15	-10	2	det1=true
[11515]	100	112	-21	-6	-7	8	det1=true
[11516]	102	112	-35	-8	-10	-2	det1=true
[11517]	102	112	-37	-8	-10	2	det1=true
[11518]	102	112	-31	-16	-10	-2	det1=true
[11519]	102	112	-33	-16	-10	2	det1=true
[11520]	103	112	-33	-20	-1	-10	det1=true
[11521]	103	112	-43	-20	-1	10	det1=true
[11522]	104	112	-41	-15	-4	-9	det1=true
[11523]	104	112	-50	-15	-4	9	det1=true
[11524]	105	112	-30	-23	-2	-10	det1=true
[11525]	105	112	-40	-23	-2	10	det1=true
[11526]	105	112	-25	-4	-9	6	det1=true
[11527]	106	112	-25	-11	-7	-8	det1=true
[11528]	106	112	-33	-11	-7	8	det1=true
[11529]	109	112	-42	-15	-10	-2	det1=true
[11530]	109	112	-44	-15	-10	2	det1=true
[11531]	109	112	-38	-19	-2	-10	det1=true
[11532]	109	112	-48	-19	-2	10	det1=true
[11533]	111	112	-47	-8	-10	-2	det1=true
[11534]	111	112	-43	-12	-2	-10	det1=true
[11535]	111	112	-53	-12	-2	10	det1=true
[11536]	111	112	-31	-4	-9	-6	det1=true
[11537]	111	112	-37	-4	-9	6	det1=true
[11538]	112	112	-47	-17	-3	10	det1=true
[11539]	31	109	-13	-2	-3	5	det1=true
[11540]	49	109	-15	-14	-1	-7	det1=true
[11541]	49	109	-22	-14	-1	7	det1=true
[11542]	49	109	-12	-4	-2	-7	det1=true
[11543]	64	109	-35	-8	-5	6	det1=true
[11544]	64	109	-21	-13	-8	-1	det1=true
[11545]	69	109	-25	-20	-4	-7	det1=true
[11546]	69	109	-32	-20	-4	7	det1=true
[11547]	70	109	-27	-9	-3	8	det1=true
[11548]	71	109	-34	-14	-8	-1	det1=true
[11549]	71	109	-35	-14	-8	1	det1=true
[11550]	73	109	-27	-21	-2	-8	det1=true
[11551]	79	109	-32	-1	-1	9	det1=true
[11552]	80	109	-38	-9	-8	-3	det1=true
[11553]	80	109	-41	-9	-8	3	det1=true
[11554]	84	109	-21	-5	-8	-5	det1=true
[11555]	84	109	-26	-5	-8	5	det1=true
[11556]	85	109	-24	-24	-1	-9	det1=true
[11557]	85	109	-33	-24	-1	9	det1=true
[11558]	87	109	-44	-25	-5	7	det1=true
[11559]	88	109	0	3	-6	-8	det1=true
[11560]	88	109	-8	3	-6	8	det1=true
[11561]	89	109	-34	-21	-7	6	det1=true
[11562]	90	109	-12	1	-8	-6	det1=true
[11563]	90	109	-18	1	-8	6	det1=true
[11564]	94	109	-37	-4	-5	-8	det1=true
[11565]	94	109	-45	-4	-5	8	det1=true
[11566]	95	109	-25	-12	-4	-9	det1=true
[11567]	95	109	-34	-12	-4	9	det1=true
[11568]	97	109	-41	-25	-1	-9	det1=true
[11569]	97	109	-50	-25	-1	9	det1=true
[11570]	98	109	-43	-37	-3	-8	det1=true
[11571]	98	109	-51	-37	-3	8	det1=true
[11572]	98	109	-14	3	-10	-3	det1=true
[11573]	98	109	-17	3	-10	3	det1=true
[11574]	99	109	-15	-4	-10	-3	det1=true
[11575]	99	109	-18	-4	-10	3	det1=true
[11576]	100	109	-29	-21	-9	-4	det1=true
[11577]	100	109	-33	-21	-9	4	det1=true
[11578]	101	109	-34	-4	-8	-6	det1=true
[11579]	101	109	-32	-32	-5	-8	det1=true
[11580]	101	109	-40	-32	-5	8	det1=true
[11581]	104	109	-43	-31	-9	-2	det1=true
[11582]	105	109	-26	-28	-1	-10	det1=true
[11583]	105	109	-36	-28	-1	10	det1=true
[11584]	106	109	-36	-23	-4	-9	det1=true
[11585]	106	109	-45	-23	-4	9	det1=true
[11586]	106	109	-39	-15	-10	1	det1=true
[11587]	108	109	-33	-7	-10	-3	det1=true
[11588]	108	109	-36	-7	-10	3	det1=true
[11589]	108	109	-19	-1	-6	-9	det1=true
[11590]	109	109	-45	-27	-3	-9	det1=true
[11591]	109	109	-54	-27	-3	9	det1=true
[11592]	27	110	-10	-5	-2	-5	det1=true
[11593]	47	110	-7	-2	-7	-2	det1=true
[11594]	47	110	-9	-2	-7	2	det1=true
[11595]	77	110	-15	1	-7	-6	det1=true
[11596]	77	110	-21	1	-7	6	det1=true
[11597]	83	110	-29	-5	-9	-2	det1=true
[11598]	86	110	-5	-7	-4	-9	det1=true
[11599]	86	110	-14	-7	-4	9	det1=true
[11600]	87	110	-13	-3	-9	-4	det1=true
[11601]	87	110	-17	-3	-9	4	det1=true
[11602]	93	110	-47	-41	-7	4	det1=true
[11603]	95	110	-2	5	-10	-3	det1=true
[11604]	95	110	-5	5	-10	3	det1=true
[11605]	96	110	-23	0	-10	-2	det1=true
[11606]	96	110	-25	0	-10	2	det1=true
[11607]	98	110	-24	-9	-10	-2	det1=true
[11608]	101	110	-12	-3	-8	-7	det1=true
[11609]	101	110	-19	-3	-8	7	det1=true
[11610]	103	110	-31	-20	-6	-8	det1=true
[11611]	103	110	-39	-20	-6	8	det1=true
[11612]	108	110	-41	-34	-5	-8	det1=true
[11613]	108	110	-49	-34	-5	8	det1=true
[11614]	109	110	1	1	-2	-11	det1=true
[11615]	109	110	-10	1	-2	11	det1=true
[11616]	58	111	-21	-2	-5	-6	det1=true
[11617]	58	111	-27	-2	-5	6	det1=true
[11618]	63	111	-19	-5	-8	-2	det1=true
[11619]	63	111	-21	-5	-8	2	det1=true
[11620]	65	111	-26	-9	-1	-8	det1=true
[11621]	65	111	-34	-9	-1	8	det1=true
[11622]	67	111	-18	-20	-2	-8	det1=true
[11623]	67	111	-26	-20	-2	8	det1=true
[11624]	69	111	-26	-22	-7	-4	det1=true
[11625]	69	111	-30	-22	-7	4	det1=true
[11626]	76	111	-37	-31	-4	7	det1=true
[11627]	77	111	-18	-10	-7	6	det1=true
[11628]	79	111	-35	-27	-8	-2	det1=true
[11629]	79	111	-37	-27	-8	2	det1=true
[11630]	79	111	-40	-30	-2	8	det1=true
[11631]	79	111	-27	-25	-7	-5	det1=true
[11632]	79	111	-32	-25	-7	5	det1=true
[11633]	79	111	-12	-2	-8	-5	det1=true
[11634]	79	111	-17	-2	-8	5	det1=true
[11635]	83	111	-27	-8	-2	-9	det1=true
[11636]	83	111	-36	-8	-2	9	det1=true
[11637]	86	111	-33	-7	-7	-6	det1=true
[11638]	86	111	-39	-7	-7	6	det1=true
[11639]	87	111	-42	-32	-8	-2	det1=true
[11640]	87	111	-44	-32	-8	2	det1=true
[11641]	87	111	-27	-28	-1	-9	det1=true
[11642]	87	111	-36	-28	-1	9	det1=true
[11643]	95	111	-42	-16	-7	-6	det1=true
[11644]	95	111	-48	-16	-7	6	det1=true
[11645]	97	111	-41	-14	-9	-3	det1=true
[11646]	97	111	-44	-14	-9	3	det1=true
[11647]	97	111	-18	-8	-5	-9	det1=true
[11648]	97	111	-27	-8	-5	9	det1=true
[11649]	102	111	-35	-12	-6	-8	det1=true
[11650]	102	111	-43	-12	-6	8	det1=true
[11651]	103	111	-13	1	-4	-10	det1=true
[11652]	103	111	-23	1	-4	10	det1=true
[11653]	106	111	-44	-35	-8	5	det1=true
[11654]	107	111	-24	-13	-7	-8	det1=true
[11655]	107	111	-32	-13	-7	8	det1=true
[11656]	109	111	-40	-38	-5	-8	det1=true
[11657]	109	111	-48	-38	-5	8	det1=true
[11658]	37	112	-14	-9	-6	2	det1=true
[11659]	49	112	-21	0	-7	2	det1=true
[11660]	60	112	-11	-4	-8	-2	det1=true
[11661]	60	112	-13	-4	-8	2	det1=true
[11662]	63	112	-6	1	-8	-3	det1=true
[11663]	63	112	-9	1	-8	3	det1=true
[11664]	68	112	-26	-1	-8	3	det1=true
[11665]	74	112	-31	-7	-3	-8	det1=true
[11666]	74	112	-39	-7	-3	8	det1=true
[11667]	76	112	-13	-7	-6	-7	det1=true
[11668]	76	112	-20	-7	-6	7	det1=true
[11669]	78	112	-9	-5	-8	-5	det1=true
[11670]	78	112	-14	-5	-8	5	det1=true
[11671]	80	112	-17	-17	-6	-7	det1=true
[11672]	80	112	-24	-17	-6	7	det1=true
[11673]	81	112	-27	-2	-5	8	det1=true
[11674]	83	112	-36	-7	-6	7	det1=true
[11675]	83	112	-29	-8	-7	-6	det1=true
[11676]	83	112	-35	-8	-7	6	det1=true
[11677]	90	112	-10	5	-10	-2	det1=true
[11678]	90	112	-12	5	-10	2	det1=true
[11679]	91	112	-35	-23	-9	-2	det1=true
[11680]	94	112	-45	-12	-9	-2	det1=true
[11681]	95	112	-37	-28	-9	-2	det1=true
[11682]	95	112	-39	-28	-9	2	det1=true
[11683]	96	112	-27	-7	-1	-10	det1=true
[11684]	96	112	-37	-7	-1	10	det1=true
[11685]	98	112	-23	-16	-10	-2	det1=true
[11686]	98	112	-25	-16	-10	2	det1=true
[11687]	98	112	-20	-9	-10	3	det1=true
[11688]	100	112	-13	-6	-7	-8	det1=true
[11689]	101	112	-28	3	-10	-3	det1=true
[11690]	104	112	-45	-31	-6	-7	det1=true
[11691]	104	112	-52	-31	-6	7	det1=true
[11692]	105	112	-19	-4	-9	-6	det1=true
[11693]	107	112	-41	-23	-4	-9	det1=true
[11694]	107	112	-50	-23	-4	9	det1=true
[11695]	107	112	-41	-26	-2	10	det1=true
[11696]	108	112	-40	-23	-10	-1	det1=true
[11697]	108	112	-41	-23	-10	1	det1=true
[11698]	109	112	-30	-31	-2	-10	det1=true
[11699]	109	112	-40	-31	-2	10	det1=true
[11700]	112	112	-44	-1	-10	-3	det1=true
[11701]	112	112	-47	-1	-10	3	det1=true
[11702]	112	112	-37	-17	-3	-10	det1=true
[11703]	55	109	-19	-1	-7	-3	det1=true
[11704]	55	109	-22	-1	-7	3	det1=true
[11705]	55	109	-17	-3	-3	-7	det1=true
[11706]	55	109	-24	-3	-3	7	det1=true
[11707]	59	109	-28	1	-7	-3	det1=true
[11708]	59	109	-31	1	-7	3	det1=true
[11709]	61	109	-24	0	-4	7	det1=true
[11710]	62	109	-29	-13	-5	6	det1=true
[11711]	71	109	-30	-26	-6	-5	det1=true
[11712]	71	109	-35	-26	-6	5	det1=true
[11713]	71	109	-22	-10	-8	-3	det1=true
[11714]	71	109	-25	-10	-8	3	det1=true
[11715]	73	109	-36	-16	-8	-1	det1=true
[11716]	73	109	-37	-16	-8	1	det1=true
[11717]	73	109	-35	-21	-2	8	det1=true
[11718]	73	109	-27	3	-7	-5	det1=true
[11719]	73	109	-32	3	-7	5	det1=true
[11720]	77	109	-8	-8	-6	-7	det1=true
[11721]	77	109	-15	-8	-6	7	det1=true
[11722]	81	109	-37	-10	-7	-5	det1=true
[11723]	87	109	-37	-25	-5	-7	det1=true
[11724]	97	109	-18	-9	-9	5	det1=true
[11725]	97	109	-11	-11	-5	-9	det1=true
[11726]	97	109	-20	-11	-5	9	det1=true
[11727]	98	109	-27	-19	-9	-4	det1=true
[11728]	98	109	-31	-19	-9	4	det1=true
[11729]	103	109	-44	-34	-7	6	det1=true
[11730]	104	109	-31	-8	-2	-10	det1=true
[11731]	104	109	-41	-8	-2	10	det1=true
[11732]	107	109	-46	-35	-1	-9	det1=true
[11733]	107	109	-55	-35	-1	9	det1=true
[11734]	108	109	-28	-1	-6	9	det1=true
[11735]	109	109	-48	-24	-9	-3	det1=true
[11736]	109	109	-51	-24	-9	3	det1=true
[11737]	109	109	-36	-7	-5	-9	det1=true
[11738]	109	109	-45	-7	-5	9	det1=true
[11739]	58	110	-16	-11	-6	-5	det1=true
[11740]	58	110	-21	-11	-6	5	det1=true
[11741]	59	110	-12	-3	-4	-7	det1=true
[11742]	67	110	-16	-9	-8	3	det1=true
[11743]	71	110	-23	-8	-3	-8	det1=true
[11744]	83	110	-31	-5	-9	2	det1=true
[11745]	91	110	-38	-7	-2	-9	det1=true
[11746]	91	110	-47	-7	-2	9	det1=true
[11747]	95	110	-31	-4	-9	-4	det1=true
[11748]	95	110	-35	-4	-9	4	det1=true
[11749]	97	110	-32	-5	-4	-9	det1=true
[11750]	97	110	-41	-5	-4	9	det1=true
[11751]	97	110	-31	-9	-4	-9	det1=true
[11752]	97	110	-40	-9	-4	9	det1=true
[11753]	97	110	-10	-5	-10	-3	det1=true
[11754]	98	110	-45	3	-8	-5	det1=true
[11755]	98	110	-50	3	-8	5	det1=true
[11756]	98	110	-20	-13	-2	-10	det1=true
[11757]	106	110	-37	-18	-8	-6	det1=true
[11758]	106	110	-43	-18	-8	6	det1=true
[11759]	106	110	-44	-19	-6	8	det1=true
[11760]	107	110	-19	-17	-7	-8	det1=true
[11761]	107	110	-27	-17	-7	8	det1=true
[11762]	109	110	-17	-15	-6	-9	det1=true
[11763]	109	110	-26	-15	-6	9	det1=true
[11764]	46	111	-2	1	-2	-7	det1=true
[11765]	58	111	-8	-7	-4	-7	det1=true
[11766]	58	111	-15	-7	-4	7	det1=true
[11767]	63	111	-12	-14	-2	-8	det1=true
[11768]	63	111	-20	-14	-2	8	det1=true
[11769]	67	111	-12	-8	-5	-7	det1=true
[11770]	67	111	-19	-8	-5	7	det1=true
[11771]	70	111	-32	-9	-8	-2	det1=true
[11772]	70	111	-34	-9	-8	2	det1=true
[11773]	79	111	-26	-26	-5	-7	det1=true
[11774]	84	111	-31	-6	-5	8	det1=true
[11775]	87	111	-43	-27	-7	5	det1=true
[11776]	87	111	-28	-8	-5	-8	det1=true
[11777]	87	111	-36	-8	-5	8	det1=true
[11778]	89	111	-30	-22	-7	-6	det1=true
[11779]	89	111	-36	-22	-7	6	det1=true
[11780]	96	111	-19	-10	-2	-10	det1=true
[11781]	96	111	-29	-10	-2	10	det1=true
[11782]	96	111	-20	-11	-10	-2	det1=true
[11783]	96	111	-22	-11	-10	2	det1=true
[11784]	97	111	-28	-2	-1	-10	det1=true
[11785]	97	111	-38	-2	-1	10	det1=true
[11786]	98	111	-43	-21	-6	-7	det1=true
[11787]	98	111	-50	-21	-6	7	det1=true
[11788]	98	111	-4	3	-8	-7	det1=true
[11789]	98	111	-11	3	-8	7	det1=true
[11790]	99	111	-30	-14	-8	-6	det1=true
[11791]	99	111	-36	-14	-8	6	det1=true
[11792]	37	112	-12	-9	-6	-2	det1=true
[11793]	49	112	-19	0	-7	-2	det1=true
[11794]	51	112	-21	-5	-2	-7	det1=true
[11795]	51	112	-28	-5	-2	7	det1=true
[11796]	61	112	-15	-4	-8	-2	det1=true
[11797]	61	112	-17	-4	-8	2	det1=true
[11798]	73	112	-5	4	-9	-2	det1=true
[11799]	73	112	-7	4	-9	2	det1=true
[11800]	81	112	-19	-2	-5	-8	det1=true
[11801]	85	112	-28	-17	-2	-9	det1=true
[11802]	85	112	-37	-17	-2	9	det1=true
[11803]	87	112	-25	-17	-5	-8	det1=true
[11804]	88	112	-34	3	-8	-5	det1=true
[11805]	88	112	-39	3	-8	5	det1=true
[11806]	89	112	-11	-10	-8	-6	det1=true
[11807]	89	112	-17	-10	-8	6	det1=true
[11808]	94	112	-43	-13	-7	-6	det1=true
[11809]	94	112	-49	-13	-7	6	det1=true
[11810]	94	112	-19	-8	-10	-2	det1=true
[11811]	96	112	-27	2	-10	-2	det1=true
[11812]	96	112	-29	2	-10	2	det1=true
[11813]	97	112	-33	-11	-4	-9	det1=true
[11814]	97	112	-42	-11	-4	9	det1=true
[11815]	99	112	-26	-15	-10	-2	det1=true
[11816]	99	112	-28	-15	-10	2	det1=true
[11817]	100	112	-37	-9	-10	1	det1=true
[11818]	101	112	-23	-8	-3	-10	det1=true
[11819]	101	112	-33	-8	-3	10	det1=true
[11820]	103	112	-33	-27	-4	-9	det1=true
[11821]	108	112	-15	-5	-2	11	det1=true
[11822]	111	112	-49	-8	-10	2	det1=true
[11823]	60	109	-11	-9	-1	-8	det1=true
[11824]	60	109	-19	-9	-1	8	det1=true
[11825]	62	109	-23	-13	-5	-6	det1=true
[11826]	64	109	-26	-3	-8	-1	det1=true
[11827]	71	109	-22	-7	-3	-8	det1=true
[11828]	71	109	-30	-7	-3	8	det1=true
[11829]	78	109	-25	2	-4	-8	det1=true
[11830]	78	109	-33	2	-4	8	det1=true
[11831]	91	109	-34	-4	-8	-5	det1=true
[11832]	92	109	-13	-10	-8	-6	det1=true
[11833]	96	109	-35	-18	-5	-8	det1=true
[11834]	96	109	-43	-18	-5	8	det1=true
[11835]	97	109	-13	-9	-9	-5	det1=true
[11836]	101	109	-44	-14	-8	-5	det1=true
[11837]	101	109	-49	-14	-8	5	det1=true
[11838]	103	109	-22	-4	-8	7	det1=true
[11839]	103	109	-14	-6	-8	-7	det1=true
[11840]	107	109	-43	-3	-5	9	det1=true
[11841]	59	110	-19	-3	-4	7	det1=true
[11842]	89	110	-27	-15	-5	-8	det1=true
[11843]	89	110	-35	-15	-5	8	det1=true
[11844]	94	110	-35	-24	-7	-6	det1=true
[11845]	94	110	-41	-24	-7	6	det1=true
[11846]	98	110	-30	-13	-2	10	det1=true
[11847]	104	110	-30	-15	-2	-10	det1=true
[11848]	104	110	-40	-15	-2	10	det1=true
[11849]	105	110	-17	-4	-10	-4	det1=true
[11850]	105	110	-21	-4	-10	4	det1=true
[11851]	53	111	-24	-10	-7	-2	det1=true
[11852]	53	111	-26	-10	-7	2	det1=true
[11853]	65	111	-19	-20	-4	-7	det1=true
[11854]	65	111	-26	-20	-4	7	det1=true
[11855]	72	111	-30	-17	-2	-8	det1=true
[11856]	72	111	-38	-17	-2	8	det1=true
[11857]	76	111	-33	-29	-8	-1	det1=true
[11858]	76	111	-34	-29	-8	1	det1=true
[11859]	77	111	-12	-10	-7	-6	det1=true
[11860]	88	111	-31	-2	-5	-8	det1=true
[11861]	88	111	-39	-2	-5	8	det1=true
[11862]	90	111	-27	-20	-5	-8	det1=true
[11863]	90	111	-35	-20	-5	8	det1=true
[11864]	100	111	-9	-7	-7	-8	det1=true
[11865]	100	111	-17	-7	-7	8	det1=true
[11866]	104	111	-31	-16	-2	-10	det1=true
[11867]	111	111	-13	-2	-2	-11	det1=true
[11868]	111	111	-24	-2	-2	11	det1=true
[11869]	111	111	-19	-12	-2	11	det1=true
[11870]	22	112	-5	-3	-3	-4	det1=true
[11871]	22	112	-9	-3	-3	4	det1=true
[11872]	83	112	-23	-19	-2	-9	det1=true
[11873]	83	112	-32	-19	-2	9	det1=true
[11874]	93	112	-20	-13	-10	-1	det1=true
[11875]	93	112	-21	-13	-10	1	det1=true
[11876]	97	112	-43	-9	-5	-8	det1=true
[11877]	97	112	-51	-9	-5	8	det1=true
[11878]	100	112	-28	-15	-10	-2	det1=true
[11879]	103	112	-42	-27	-4	9	det1=true
[11880]	104	112	-45	-46	-3	-8	det1=true
[11881]	104	112	-53	-46	-3	8	det1=true
[11882]	105	112	-34	-19	-10	-2	det1=true
[11883]	105	112	-36	-19	-10	2	det1=true
[11884]	107	112	-37	-3	-10	-3	det1=true
[11885]	107	112	-40	-3	-10	3	det1=true
[11886]	109	112	-34	-27	-10	-2	det1=true
[11887]	109	112	-36	-27	-10	2	det1=true
[11888]	40	109	-17	-6	-5	-4	det1=true
[11889]	40	109	-21	-6	-5	4	det1=true
[11890]	53	109	-8	-8	-3	-7	det1=true
[11891]	53	109	-15	-8	-3	7	det1=true
[11892]	61	109	-22	-11	-5	-6	det1=true
[11893]	61	109	-28	-11	-5	6	det1=true
[11894]	64	109	-23	-19	-6	-5	det1=true
[11895]	64	109	-28	-19	-6	5	det1=true
[11896]	80	109	-34	-31	-4	-7	det1=true
[11897]	80	109	-41	-31	-4	7	det1=true
[11898]	89	109	-47	-6	-1	9	det1=true
[11899]	89	109	-7	1	-6	-8	det1=true
[11900]	89	109	-15	1	-6	8	det1=true
[11901]	94	109	-42	-3	-6	-7	det1=true
[11902]	94	109	-49	-3	-6	7	det1=true
[11903]	100	109	-29	-8	-1	-10	det1=true
[11904]	100	109	-39	-8	-1	10	det1=true
[11905]	101	109	-22	-10	-5	-9	det1=true
[11906]	101	109	-31	-10	-5	9	det1=true
[11907]	103	109	-15	-4	-8	-7	det1=true
[11908]	22	110	-3	1	-3	-4	det1=true
[11909]	22	110	-7	1	-3	4	det1=true
[11910]	67	110	-13	-9	-8	-3	det1=true
[11911]	85	110	-5	1	-9	-4	det1=true
[11912]	85	110	-9	1	-9	4	det1=true
[11913]	88	110	-17	-1	-9	-4	det1=true
[11914]	88	110	-21	-1	-9	4	det1=true
[11915]	88	110	-7	2	-8	-6	det1=true
[11916]	88	110	-13	2	-8	6	det1=true
[11917]	91	110	-39	-5	-6	-7	det1=true
[11918]	91	110	-46	-5	-6	7	det1=true
[11919]	91	110	-35	-5	-8	-5	det1=true
[11920]	92	110	-17	-8	-8	-6	det1=true
[11921]	92	110	-23	-8	-8	6	det1=true
[11922]	104	110	-30	-29	-4	-9	det1=true
[11923]	104	110	-39	-29	-4	9	det1=true
[11924]	106	110	-36	-19	-6	-8	det1=true
[11925]	36	111	-5	-2	-5	-4	det1=true
[11926]	36	111	-9	-2	-5	4	det1=true
[11927]	75	111	-33	-8	-8	-3	det1=true
[11928]	75	111	-36	-8	-8	3	det1=true
[11929]	79	111	-32	-30	-2	-8	det1=true
[11930]	104	111	-41	-36	-9	-2	det1=true
[11931]	104	111	-43	-36	-9	2	det1=true
[11932]	107	111	-44	-10	-10	-1	det1=true
[11933]	107	111	-45	-10	-10	1	det1=true
[11934]	111	111	-8	-12	-2	-11	det1=true
[11935]	81	112	-39	-17	-8	-3	det1=true
[11936]	81	112	-42	-17	-8	3	det1=true
[11937]	96	112	-43	-2	-5	-8	det1=true
[11938]	103	112	-38	-11	-6	-8	det1=true
[11939]	103	112	-46	-11	-6	8	det1=true
[11940]	106	112	-42	-3	-10	-2	det1=true
[11941]	106	112	-44	-3	-10	2	det1=true
[11942]	64	109	-27	-3	-8	1	det1=true
[11943]	68	109	-20	-17	-2	-8	det1=true
[11944]	68	109	-28	-17	-2	8	det1=true
[11945]	93	109	-8	-2	-2	-10	det1=true
[11946]	93	109	-18	-2	-2	10	det1=true
[11947]	101	109	-14	-13	-3	-10	det1=true
[11948]	101	109	-24	-13	-3	10	det1=true
[11949]	105	109	-10	-4	-9	-6	det1=true
[11950]	105	109	-16	-4	-9	6	det1=true
[11951]	106	109	-40	-31	-8	-5	det1=true
[11952]	106	109	-45	-31	-8	5	det1=true
[11953]	52	110	-20	-13	-6	-4	det1=true
[11954]	52	110	-24	-13	-6	4	det1=true
[11955]	97	110	-37	-27	-7	-6	det1=true
[11956]	97	110	-43	-27	-7	6	det1=true
[11957]	102	110	-30	-5	-2	-10	det1=true
[11958]	102	110	-40	-5	-2	10	det1=true
[11959]	110	110	-45	0	-10	-2	det1=true
[11960]	110	110	-47	0	-10	2	det1=true
[11961]	66	111	-25	-15	-4	-7	det1=true
[11962]	66	111	-32	-15	-4	7	det1=true
[11963]	69	111	-20	-2	-5	-7	det1=true
[11964]	69	111	-27	-2	-5	7	det1=true
[11965]	72	111	-30	1	-8	-3	det1=true
[11966]	72	111	-33	1	-8	3	det1=true
[11967]	84	111	-19	-14	-5	-8	det1=true
[11968]	84	111	-27	-14	-5	8	det1=true
[11969]	85	111	-26	-1	-5	-8	det1=true
[11970]	85	111	-34	-1	-5	8	det1=true
[11971]	85	111	-26	-6	-8	-5	det1=true
[11972]	85	111	-31	-6	-8	5	det1=true
[11973]	88	111	-29	-10	-5	-8	det1=true
[11974]	88	111	-37	-10	-5	8	det1=true
[11975]	105	111	-31	-19	-2	-10	det1=true
[11976]	105	111	-41	-19	-2	10	det1=true
[11977]	109	111	-17	-5	-11	-1	det1=true
[11978]	109	111	-18	-5	-11	1	det1=true
[11979]	110	112	-41	-29	-4	-9	det1=true
[11980]	110	112	-50	-29	-4	9	det1=true
[11981]	66	109	-25	-12	-7	-4	det1=true
[11982]	66	109	-29	-12	-7	4	det1=true
[11983]	91	109	-39	-18	-9	-1	det1=true
[11984]	91	109	-40	-18	-9	1	det1=true
[11985]	103	109	-38	-34	-7	-6	det1=true
[11986]	104	109	-25	-9	-10	-3	det1=true
[11987]	46	110	-6	-1	-6	-4	det1=true
[11988]	46	110	-10	-1	-6	4	det1=true
[11989]	55	110	-11	-1	-5	-6	det1=true
[11990]	55	110	-17	-1	-5	6	det1=true
[11991]	78	111	-27	-4	-4	-8	det1=true
[11992]	78	111	-35	-4	-4	8	det1=true
[11993]	94	111	-31	-3	-9	-4	det1=true
[11994]	94	111	-35	-3	-9	4	det1=true
[11995]	107	111	-22	-16	-7	-8	det1=true
[11996]	107	111	-23	-7	-10	-4	det1=true
[11997]	107	111	-27	-7	-10	4	det1=true
[11998]	107	111	-13	2	-11	-1	det1=true
[11999]	107	111	-14	2	-11	1	det1=true
[12000]	64	112	-16	-15	-2	-8	det1=true
[12001]	64	112	-24	-15	-2	8	det1=true
[12002]	94	112	-23	-8	-1	-10	det1=true
[12003]	94	112	-33	-8	-1	10	det1=true
[12004]	99	112	-22	-19	-2	-10	det1=true
[12005]	109	112	-13	-1	-11	-2	det1=true
[12006]	37	109	-6	-4	-5	-4	det1=true
[12007]	37	109	-10	-4	-5	4	det1=true
[12008]	49	109	-16	2	-4	-6	det1=true
[12009]	49	109	-22	2	-4	6	det1=true
[12010]	89	111	-31	1	-3	-9	det1=true
[12011]	89	111	-40	1	-3	9	det1=true
[12012]	105	112	-22	-13	-8	-7	det1=true
[12013]	105	112	-29	-13	-8	7	det1=true
[12014]	42	109	-19	-12	-5	-4	det1=true
[12015]	42	109	-23	-12	-5	4	det1=true
[12016]	94	109	-41	-5	-2	-9	det1=true
[12017]	94	109	-50	-5	-2	9	det1=true
[12018]	98	110	-16	-1	-10	-3	det1=true
[12019]	98	110	-19	-1	-10	3	det1=true
[12020]	54	111	-23	-15	-7	-2	det1=true
[12021]	54	111	-25	-15	-7	2	det1=true
[12022]	62	111	-18	1	-8	-2	det1=true
[12023]	62	111	-20	1	-8	2	det1=true
[12024]	72	111	-23	-15	-3	-8	det1=true
[12025]	72	111	-31	-15	-3	8	det1=true
[12026]	104	111	-11	-7	-6	-9	det1=true
[12027]	104	111	-20	-7	-6	9	det1=true
[12028]	98	112	-19	-20	-2	-10	det1=true
[12029]	59	109	-26	-1	-3	-7	det1=true
[12030]	59	109	-33	-1	-3	7	det1=true
[12031]	61	109	-20	2	-8	-1	det1=true
[12032]	61	109	-21	2	-8	1	det1=true
[12033]	69	109	-27	-11	-8	-2	det1=true
[12034]	69	109	-29	-11	-8	2	det1=true
[12035]	88	109	-35	-8	-9	-2	det1=true
[12036]	88	109	-37	-8	-9	2	det1=true
[12037]	54	110	-23	-16	-7	2	det1=true
[12038]	52	112	-20	-13	-2	-7	det1=true
[12039]	52	112	-27	-13	-2	7	det1=true
[12040]	100	112	-45	-24	-7	-6	det1=true
[12041]	100	112	-51	-24	-7	6	det1=true
[12042]	55	109	-6	-6	-5	-6	det1=true
[12043]	55	109	-12	-6	-5	6	det1=true
[12044]	54	110	-21	-16	-7	-2	det1=true
[12045]	98	110	-34	-1	-4	-9	det1=true
[12046]	106	110	-23	-7	-7	-8	det1=true
[12047]	106	110	-31	-7	-7	8	det1=true
[12048]	53	112	-7	1	-6	-5	det1=true
[12049]	73	109	-29	-24	-4	-7	det1=true
[12050]	73	109	-36	-24	-4	7	det1=true
[12051]	52	110	-24	-5	-6	-4	det1=true
[12052]	52	110	-28	-5	-6	4	det1=true
[12053]	66	110	-25	-14	-7	-4	det1=true
[12054]	72	112	-30	-5	-8	-3	det1=true
[12055]	72	112	-33	-5	-8	3	det1=true
[12056]	73	112	-1	-1	-6	-7	det1=true
[12057]	73	112	-8	-1	-6	7	det1=true
[12058]	98	112	-39	2	-9	-4	det1=true
[12059]	98	112	-43	2	-9	4	det1=true
[12060]	71	111	-26	-27	-1	-8	det1=true
[12061]	71	111	-34	-27	-1	8	det1=true
[12062]	75	111	-30	-10	-7	-5	det1=true
[12063]	75	111	-35	-10	-7	5	det1=true
[12064]	57	112	-7	-5	-4	-7	det1=true
[12065]	57	112	-14	-5	-4	7	det1=true
[12066]	87	111	-6	4	-8	-6	det1=true
[12067]	87	111	-12	4	-8	6	det1=true
[12068]	96	112	-44	-43	-2	-8	det1=true
[12069]	96	112	-52	-43	-2	8	det1=true
[12070]	58	111	-15	-14	-5	-6	det1=true
[12071]	56	112	-17	-3	-5	-6	det1=true
[12072]	56	112	-23	-3	-5	6	det1=true
[12073]	96	112	-27	-13	-10	-1	det1=true
[12074]	96	112	-28	-13	-10	1	det1=true
[12075]	101	110	-15	-15	-3	-10	det1=true
[12076]	101	110	-25	-15	-3	10	det1=true
[12077]	86	110	-27	-17	-7	-6	det1=true
[12078]	86	110	-33	-17	-7	6	det1=true
[12079]	109	109	-20	-12	-10	-4	det1=true
[12080]	102	111	-47	-46	-2	-8	det1=true
[12081]	102	111	-55	-46	-2	8	det1=true
[12082]	107	109	-25	-23	-9	-5	det1=true
[12083]	103	111	-40	-6	-10	-1	det1=true
[12084]	103	111	-41	-6	-10	1	det1=true
[12085]	105	111	-35	-15	-10	-2	det1=true
[12086]	105	111	-37	-15	-10	2	det1=true
[12087]	106	112	-33	-27	-1	-10	det1=true
[12088]	106	112	-43	-27	-1	10	det1=true
[12089]	109	112	-39	-24	-1	-10	det1=true
[12090]	109	112	-49	-24	-1	10	det1=true
[12091]	61	112	-20	-19	-6	-5	det1=true
[12092]	61	112	-25	-19	-6	5	det1=true
[12093]	91	111	-19	-2	-10	-1	det1=true
[12094]	68	109	-26	1	-2	-8	det1=true
[12095]	68	109	-34	1	-2	8	det1=true
[12096]	52	110	-23	-6	-4	-6	det1=true
[12097]	52	110	-29	-6	-4	6	det1=true
[12098]	112	112	-37	-3	-7	-8	det1=true
[12099]	112	112	-45	-3	-7	8	det1=true
[12100]	110	110	-36	-11	-10	-3	det1=true
[12101]	49	113	-17	-11	-6	-4	det1=true
[12102]	49	113	-21	-11	-6	4	det1=true
[12103]	59	113	-22	-12	-6	-5	det1=true
[12104]	59	113	-27	-12	-6	5	det1=true
[12105]	92	113	-22	-9	-6	-8	det1=true
[12106]	92	113	-30	-9	-6	8	det1=true
[12107]	113	113	-25	-12	-1	-11	det1=true
[12108]	113	113	-36	-12	-1	11	det1=true
[12109]	71	115	-12	-8	-9	-1	det1=true
[12110]	75	115	-34	-9	-5	-7	det1=true
[12111]	75	115	-41	-9	-5	7	det1=true
[12112]	75	115	-28	-4	-8	-4	det1=true
[12113]	75	115	-32	-4	-8	4	det1=true
[12114]	101	115	-41	-14	-4	-9	det1=true
[12115]	101	115	-50	-14	-4	9	det1=true
[12116]	115	115	-28	-20	-1	-11	det1=true
[12117]	115	115	-39	-20	-1	11	det1=true
[12118]	73	116	-11	-8	-7	-6	det1=true
[12119]	73	116	-17	-8	-7	6	det1=true
[12120]	76	116	-31	-23	-3	-8	det1=true
[12121]	76	116	-39	-23	-3	8	det1=true
[12122]	114	116	-2	-5	-4	-11	det1=true
[12123]	114	116	-13	-5	-4	11	det1=true
[12124]	45	113	-12	-7	-1	-7	det1=true
[12125]	45	113	-19	-7	-1	7	det1=true
[12126]	45	113	-2	3	-7	-2	det1=true
[12127]	70	113	-28	-3	-8	-3	det1=true
[12128]	70	113	-31	-3	-8	3	det1=true
[12129]	71	113	-28	1	-7	-5	det1=true
[12130]	71	113	-33	1	-7	5	det1=true
[12131]	74	113	-22	-3	-4	-8	det1=true
[12132]	74	113	-30	-3	-4	8	det1=true
[12133]	77	113	-26	-12	-8	-4	det1=true
[12134]	77	113	-30	-12	-8	4	det1=true
[12135]	80	113	-29	4	-9	-2	det1=true
[12136]	80	113	-31	4	-9	2	det1=true
[12137]	97	113	-41	-26	-6	-7	det1=true
[12138]	97	113	-48	-26	-6	7	det1=true
[12139]	105	113	-40	-35	-5	-8	det1=true
[12140]	105	113	-48	-35	-5	8	det1=true
[12141]	110	113	-42	-5	-10	-3	det1=true
[12142]	110	113	-45	-5	-10	3	det1=true
[12143]	113	113	-18	-6	-9	7	det1=true
[12144]	69	114	-10	-1	-4	-8	det1=true
[12145]	69	114	-18	-1	-4	8	det1=true
[12146]	73	114	-23	-2	-8	-4	det1=true
[12147]	73	114	-27	-2	-8	4	det1=true
[12148]	73	114	-21	-4	-4	-8	det1=true
[12149]	73	114	-29	-4	-4	8	det1=true
[12150]	98	114	-33	-7	-1	-10	det1=true
[12151]	98	114	-43	-7	-1	10	det1=true
[12152]	101	114	-48	-17	-8	-5	det1=true
[12153]	101	114	-53	-17	-8	5	det1=true
[12154]	102	114	-27	-4	-4	10	det1=true
[12155]	107	114	-28	1	-4	-10	det1=true
[12156]	107	114	-38	1	-4	10	det1=true
[12157]	107	114	-32	-17	-4	10	det1=true
[12158]	113	114	-47	-22	-1	-10	det1=true
[12159]	113	114	-57	-22	-1	10	det1=true
[12160]	113	114	-34	-11	-6	-9	det1=true
[12161]	113	114	-43	-11	-6	9	det1=true
[12162]	47	115	-22	-7	-7	-1	det1=true
[12163]	47	115	-23	-7	-7	1	det1=true
[12164]	76	115	-33	-18	-3	-8	det1=true
[12165]	76	115	-41	-18	-3	8	det1=true
[12166]	77	115	-34	-19	-3	-8	det1=true
[12167]	77	115	-42	-19	-3	8	det1=true
[12168]	95	115	-43	-22	-2	-9	det1=true
[12169]	95	115	-28	-16	-10	-1	det1=true
[12170]	95	115	-29	-16	-10	1	det1=true
[12171]	104	115	-36	-25	-6	-8	det1=true
[12172]	104	115	-44	-25	-6	8	det1=true
[12173]	109	115	-40	-34	-9	-4	det1=true
[12174]	112	115	-51	-8	-1	-10	det1=true
[12175]	112	115	-61	-8	-1	10	det1=true
[12176]	115	115	-6	-6	-6	-10	det1=true
[12177]	115	115	-16	-6	-6	10	det1=true
[12178]	74	116	-15	-7	-2	-9	det1=true
[12179]	74	116	-24	-7	-2	9	det1=true
[12180]	87	116	-20	5	-10	-1	det1=true
[12181]	87	116	-21	5	-10	1	det1=true
[12182]	93	116	-38	-21	-8	-5	det1=true
[12183]	93	116	-43	-21	-8	5	det1=true
[12184]	95	116	-9	-2	-7	-8	det1=true
[12185]	95	116	-17	-2	-7	8	det1=true
[12186]	104	116	-37	-7	-10	-3	det1=true
[12187]	104	116	-40	-7	-10	3	det1=true
[12188]	108	116	-50	-3	-6	-8	det1=true
[12189]	108	116	-58	-3	-6	8	det1=true
[12190]	114	116	-52	-25	-10	1	det1=true
[12191]	116	116	-51	-18	-2	-10	det1=true
[12192]	116	116	-61	-18	-2	10	det1=true
[12193]	31	113	-10	-8	-3	-5	det1=true
[12194]	32	113	-8	3	-6	-1	det1=true
[12195]	32	113	-9	3	-6	1	det1=true
[12196]	46	113	-11	-4	-6	-4	det1=true
[12197]	46	113	-15	-4	-6	4	det1=true
[12198]	55	113	-17	-14	-3	-7	det1=true
[12199]	63	113	-1	-1	-5	-7	det1=true
[12200]	63	113	-8	-1	-5	7	det1=true
[12201]	73	113	-15	-8	-9	-1	det1=true
[12202]	73	113	-16	-8	-9	1	det1=true
[12203]	80	113	-15	-10	-5	-8	det1=true
[12204]	82	113	-27	-11	-6	-7	det1=true
[12205]	82	113	-34	-11	-6	7	det1=true
[12206]	85	113	-41	-1	-9	-1	det1=true
[12207]	85	113	-42	-1	-9	1	det1=true
[12208]	93	113	-36	-26	-2	-9	det1=true
[12209]	93	113	-45	-26	-2	9	det1=true
[12210]	95	113	-30	-30	-5	-8	det1=true
[12211]	95	113	-38	-30	-5	8	det1=true
[12212]	95	113	-21	-9	-2	-10	det1=true
[12213]	95	113	-31	-9	-2	10	det1=true
[12214]	98	113	-18	-11	-10	-3	det1=true
[12215]	98	113	-21	-11	-10	3	det1=true
[12216]	101	113	-31	1	-5	-9	det1=true
[12217]	101	113	-40	1	-5	9	det1=true
[12218]	102	113	-44	-25	-8	-5	det1=true
[12219]	102	113	-49	-25	-8	5	det1=true
[12220]	103	113	-44	-38	-9	-1	det1=true
[12221]	103	113	-45	-38	-9	1	det1=true
[12222]	105	113	-31	-7	-4	10	det1=true
[12223]	107	113	-51	-3	-2	10	det1=true
[12224]	107	113	-37	-15	-9	-5	det1=true
[12225]	107	113	-42	-15	-9	5	det1=true
[12226]	107	113	-35	-17	-5	-9	det1=true
[12227]	107	113	-44	-17	-5	9	det1=true
[12228]	113	113	-40	0	-7	-8	det1=true
[12229]	113	113	-48	0	-7	8	det1=true
[12230]	25	114	-6	1	-2	-5	det1=true
[12231]	25	114	-11	1	-2	5	det1=true
[12232]	48	114	-16	-3	-2	-7	det1=true
[12233]	53	114	-9	-5	-5	-6	det1=true
[12234]	53	114	-15	-5	-5	6	det1=true
[12235]	61	114	-15	-8	-2	-8	det1=true
[12236]	61	114	-23	-8	-2	8	det1=true
[12237]	66	114	-29	-14	-1	-8	det1=true
[12238]	66	114	-37	-14	-1	8	det1=true
[12239]	69	114	-29	-23	-1	-8	det1=true
[12240]	79	114	-37	-32	-7	-4	det1=true
[12241]	81	114	-24	1	-8	-5	det1=true
[12242]	81	114	-29	1	-8	5	det1=true
[12243]	85	114	1	-1	-1	-10	det1=true
[12244]	85	114	-9	-1	-1	10	det1=true
[12245]	92	114	-18	1	-2	-10	det1=true
[12246]	92	114	-28	1	-2	10	det1=true
[12247]	95	114	-37	0	-9	-4	det1=true
[12248]	95	114	-41	0	-9	4	det1=true
[12249]	98	114	-25	-24	-1	-10	det1=true
[12250]	98	114	-35	-24	-1	10	det1=true
[12251]	99	114	-8	-1	-4	-10	det1=true
[12252]	99	114	-18	-1	-4	10	det1=true
[12253]	102	114	-17	-4	-4	-10	det1=true
[12254]	106	114	-41	-14	-10	-2	det1=true
[12255]	106	114	-43	-14	-10	2	det1=true
[12256]	107	114	-22	-17	-4	-10	det1=true
[12257]	25	115	-6	-4	-2	-5	det1=true
[12258]	25	115	-11	-4	-2	5	det1=true
[12259]	47	115	-22	-2	-6	4	det1=true
[12260]	49	115	-22	-2	-7	-2	det1=true
[12261]	49	115	-24	-2	-7	2	det1=true
[12262]	60	115	-22	-9	-8	-1	det1=true
[12263]	60	115	-23	-9	-8	1	det1=true
[12264]	73	115	-14	-1	-9	-2	det1=true
[12265]	73	115	-16	-1	-9	2	det1=true
[12266]	76	115	-20	1	-2	-9	det1=true
[12267]	76	115	-29	1	-2	9	det1=true
[12268]	79	115	-42	-32	-7	4	det1=true
[12269]	83	115	-21	-16	-9	-3	det1=true
[12270]	83	115	-24	-16	-9	3	det1=true
[12271]	85	115	-14	-10	-4	-9	det1=true
[12272]	85	115	-23	-10	-4	9	det1=true
[12273]	93	115	-41	-1	-3	-9	det1=true
[12274]	93	115	-50	-1	-3	9	det1=true
[12275]	95	115	-52	-22	-2	9	det1=true
[12276]	100	115	-47	-28	-9	-2	det1=true
[12277]	100	115	-49	-28	-9	2	det1=true
[12278]	100	115	-45	-29	-7	-6	det1=true
[12279]	100	115	-51	-29	-7	6	det1=true
[12280]	105	115	-34	2	-6	9	det1=true
[12281]	106	115	-46	-37	-6	-7	det1=true
[12282]	107	115	-48	-29	-3	-9	det1=true
[12283]	107	115	-57	-29	-3	9	det1=true
[12284]	110	115	-29	-31	-3	-10	det1=true
[12285]	110	115	-39	-31	-3	10	det1=true
[12286]	43	116	0	1	-6	-4	det1=true
[12287]	43	116	-4	1	-6	4	det1=true
[12288]	62	116	-21	-10	-8	-2	det1=true
[12289]	62	116	-23	-10	-8	2	det1=true
[12290]	72	116	-29	-15	-3	-8	det1=true
[12291]	72	116	-37	-15	-3	8	det1=true
[12292]	73	116	-15	-4	-9	-2	det1=true
[12293]	73	116	-17	-4	-9	2	det1=true
[12294]	76	116	-23	3	-7	-6	det1=true
[12295]	76	116	-29	3	-7	6	det1=true
[12296]	80	116	-25	3	-8	-5	det1=true
[12297]	80	116	-30	3	-8	5	det1=true
[12298]	88	116	-43	-7	-9	-2	det1=true
[12299]	88	116	-45	-7	-9	2	det1=true
[12300]	89	116	-21	-18	-9	-4	det1=true
[12301]	89	116	-25	-18	-9	4	det1=true
[12302]	89	116	-14	-1	-2	-10	det1=true
[12303]	89	116	-24	-1	-2	10	det1=true
[12304]	95	116	-37	-1	-4	-9	det1=true
[12305]	95	116	-46	-1	-4	9	det1=true
[12306]	95	116	-30	-5	-10	-2	det1=true
[12307]	95	116	-32	-5	-10	2	det1=true
[12308]	98	116	-41	-1	-4	-9	det1=true
[12309]	98	116	-50	-1	-4	9	det1=true
[12310]	107	116	-40	-27	-6	-8	det1=true
[12311]	107	116	-48	-27	-6	8	det1=true
[12312]	108	116	-52	-5	-10	-1	det1=true
[12313]	108	116	-53	-5	-10	1	det1=true
[12314]	108	116	-41	-42	-5	-8	det1=true
[12315]	108	116	-49	-42	-5	8	det1=true
[12316]	108	116	-31	-5	-6	-9	det1=true
[12317]	108	116	-40	-5	-6	9	det1=true
[12318]	112	116	-47	-22	-10	-2	det1=true
[12319]	112	116	-49	-22	-10	2	det1=true
[12320]	112	116	-43	1	-8	-7	det1=true
[12321]	112	116	-50	1	-8	7	det1=true
[12322]	32	113	-8	-1	-6	1	det1=true
[12323]	45	113	-15	-4	-7	-1	det1=true
[12324]	45	113	-16	-4	-7	1	det1=true
[12325]	52	113	-3	1	-6	-5	det1=true
[12326]	52	113	-8	1	-6	5	det1=true
[12327]	55	113	-24	-14	-3	7	det1=true
[12328]	63	113	-2	0	-7	-5	det1=true
[12329]	63	113	-7	0	-7	5	det1=true
[12330]	71	113	-27	0	-5	-7	det1=true
[12331]	71	113	-34	0	-5	7	det1=true
[12332]	79	113	-32	-22	-7	-5	det1=true
[12333]	79	113	-37	-22	-7	5	det1=true
[12334]	79	113	-31	-23	-5	-7	det1=true
[12335]	79	113	-38	-23	-5	7	det1=true
[12336]	81	113	-30	-10	-1	-9	det1=true
[12337]	81	113	-39	-10	-1	9	det1=true
[12338]	85	113	-26	-11	-5	-8	det1=true
[12339]	94	113	-32	1	-4	-9	det1=true
[12340]	95	113	-43	-38	-8	-3	det1=true
[12341]	95	113	-46	-38	-8	3	det1=true
[12342]	97	113	-29	-15	-8	-6	det1=true
[12343]	99	113	-22	-3	-3	-10	det1=true
[12344]	99	113	-32	-3	-3	10	det1=true
[12345]	100	113	-20	-15	-10	-3	det1=true
[12346]	100	113	-23	-15	-10	3	det1=true
[12347]	104	113	-43	-20	-8	6	det1=true
[12348]	104	113	-36	-21	-6	-8	det1=true
[12349]	104	113	-44	-21	-6	8	det1=true
[12350]	105	113	-36	-1	-7	8	det1=true
[12351]	106	113	-46	3	-8	-6	det1=true
[12352]	106	113	-52	3	-8	6	det1=true
[12353]	107	113	-48	-38	-1	-9	det1=true
[12354]	107	113	-57	-38	-1	9	det1=true
[12355]	107	113	-42	-14	-1	-10	det1=true
[12356]	107	113	-52	-14	-1	10	det1=true
[12357]	107	113	-45	1	-10	-2	det1=true
[12358]	107	113	-47	1	-10	2	det1=true
[12359]	107	113	-41	-3	-2	-10	det1=true
[12360]	108	113	-46	-1	-10	-2	det1=true
[12361]	108	113	-48	-1	-10	2	det1=true
[12362]	108	113	-29	-32	-2	-10	det1=true
[12363]	108	113	-39	-32	-2	10	det1=true
[12364]	108	113	-28	-9	-10	-4	det1=true
[12365]	108	113	-32	-9	-10	4	det1=true
[12366]	108	113	-25	-12	-4	-10	det1=true
[12367]	108	113	-35	-12	-4	10	det1=true
[12368]	112	113	-20	-5	-2	-11	det1=true
[12369]	112	113	-31	-5	-2	11	det1=true
[12370]	113	113	-99	0	-5	3	det1=true
[12371]	113	113	-45	-8	-10	-3	det1=true
[12372]	113	113	-48	-8	-10	3	det1=true
[12373]	40	114	-17	-14	-5	-4	det1=true
[12374]	40	114	-21	-14	-5	4	det1=true
[12375]	48	114	-23	-3	-2	7	det1=true
[12376]	55	114	-1	-4	-1	-8	det1=true
[12377]	60	114	-19	2	-8	2	det1=true
[12378]	64	114	-29	-7	-7	-4	det1=true
[12379]	64	114	-33	-7	-7	4	det1=true
[12380]	74	114	-30	-31	-4	-7	det1=true
[12381]	74	114	-37	-31	-4	7	det1=true
[12382]	79	114	-17	-4	-5	-8	det1=true
[12383]	79	114	-25	-4	-5	8	det1=true
[12384]	85	114	-27	-22	-7	-6	det1=true
[12385]	85	114	-33	-22	-7	6	det1=true
[12386]	86	114	-29	-13	-8	-5	det1=true
[12387]	87	114	-14	-3	-10	1	det1=true
[12388]	92	114	-19	-15	-1	-10	det1=true
[12389]	93	114	-30	5	-10	-1	det1=true
[12390]	93	114	-31	5	-10	1	det1=true
[12391]	94	114	-27	-4	-10	2	det1=true
[12392]	95	114	-33	-1	-10	-1	det1=true
[12393]	95	114	-34	-1	-10	1	det1=true
[12394]	101	114	-10	-7	-6	-9	det1=true
[12395]	101	114	-19	-7	-6	9	det1=true
[12396]	106	114	-45	2	-10	-2	det1=true
[12397]	106	114	-47	2	-10	2	det1=true
[12398]	111	114	-39	-19	-10	-3	det1=true
[12399]	114	114	-37	-39	-1	-10	det1=true
[12400]	114	114	-47	-39	-1	10	det1=true
[12401]	114	114	-21	-17	-2	-11	det1=true
[12402]	114	114	-32	-17	-2	11	det1=true
[12403]	29	115	-7	0	-5	-3	det1=true
[12404]	29	115	-10	0	-5	3	det1=true
[12405]	47	115	-18	-2	-6	-4	det1=true
[12406]	60	115	-17	-4	-8	-2	det1=true
[12407]	60	115	-19	-4	-8	2	det1=true
[12408]	62	115	-8	-3	-8	-3	det1=true
[12409]	62	115	-11	-3	-8	3	det1=true
[12410]	63	115	-28	2	-8	2	det1=true
[12411]	63	115	-16	1	-5	7	det1=true
[12412]	67	115	-18	-10	-5	-7	det1=true
[12413]	70	115	-31	-24	-1	-8	det1=true
[12414]	73	115	-24	-21	-5	-7	det1=true
[12415]	73	115	-31	-21	-5	7	det1=true
[12416]	75	115	-1	4	-9	-3	det1=true
[12417]	75	115	-4	4	-9	3	det1=true
[12418]	79	115	-33	-6	-9	-1	det1=true
[12419]	79	115	-34	-6	-9	1	det1=true
[12420]	86	115	-35	-14	-7	-6	det1=true
[12421]	87	115	-34	-28	-4	-8	det1=true
[12422]	87	115	-42	-28	-4	8	det1=true
[12423]	89	115	-31	-33	-1	-9	det1=true
[12424]	89	115	-40	-33	-1	9	det1=true
[12425]	92	115	-29	-11	-4	-9	det1=true
[12426]	92	115	-38	-11	-4	9	det1=true
[12427]	95	115	-44	-34	-2	9	det1=true
[12428]	99	115	-8	-2	-6	-9	det1=true
[12429]	99	115	-17	-2	-6	9	det1=true
[12430]	100	115	-37	-14	-8	-6	det1=true
[12431]	100	115	-43	-14	-8	6	det1=true
[12432]	103	115	-36	4	-10	-3	det1=true
[12433]	104	115	-37	-24	-8	-6	det1=true
[12434]	104	115	-43	-24	-8	6	det1=true
[12435]	106	115	-53	-37	-6	7	det1=true
[12436]	107	115	-51	-26	-9	-3	det1=true
[12437]	107	115	-54	-26	-9	3	det1=true
[12438]	108	115	-12	-11	-2	-11	det1=true
[12439]	108	115	-23	-11	-2	11	det1=true
[12440]	110	115	-51	-4	-6	-8	det1=true
[12441]	110	115	-59	-4	-6	8	det1=true
[12442]	112	115	-39	-21	-3	-10	det1=true
[12443]	112	115	-49	-21	-3	10	det1=true
[12444]	46	116	-14	-7	-6	-4	det1=true
[12445]	46	116	-18	-7	-6	4	det1=true
[12446]	50	116	-21	-12	-7	-2	det1=true
[12447]	50	116	-23	-12	-7	2	det1=true
[12448]	66	116	-29	-18	-1	-8	det1=true
[12449]	66	116	-37	-18	-1	8	det1=true
[12450]	67	116	-21	-11	-3	-8	det1=true
[12451]	67	116	-29	-11	-3	8	det1=true
[12452]	84	116	-25	-17	-5	-8	det1=true
[12453]	84	116	-33	-17	-5	8	det1=true
[12454]	89	116	-9	-12	-2	-10	det1=true
[12455]	89	116	-19	-12	-2	10	det1=true
[12456]	101	116	-43	-36	-9	-2	det1=true
[12457]	101	116	-45	-36	-9	2	det1=true
[12458]	101	116	-39	-17	-10	-1	det1=true
[12459]	103	116	-34	-25	-10	2	det1=true
[12460]	106	116	-41	-24	-8	-6	det1=true
[12461]	106	116	-47	-24	-8	6	det1=true
[12462]	108	116	-39	-31	-10	-1	det1=true
[12463]	108	116	-40	-31	-10	1	det1=true
[12464]	110	116	-44	-19	-2	-10	det1=true
[12465]	112	116	-43	-26	-2	-10	det1=true
[12466]	112	116	-53	-26	-2	10	det1=true
[12467]	113	116	-51	-23	-10	-1	det1=true
[12468]	114	116	-51	-25	-10	-1	det1=true
[12469]	115	116	-43	0	-9	-6	det1=true
[12470]	115	116	-49	0	-9	6	det1=true
[12471]	31	113	-15	-8	-3	5	det1=true
[12472]	32	113	-7	-1	-6	-1	det1=true
[12473]	49	113	-20	-1	-7	-2	det1=true
[12474]	49	113	-22	-1	-7	2	det1=true
[12475]	50	113	-21	-6	-7	-2	det1=true
[12476]	56	113	-19	1	-5	-6	det1=true
[12477]	57	113	-12	-1	-7	-4	det1=true
[12478]	57	113	-16	-1	-7	4	det1=true
[12479]	68	113	-27	-21	-4	-7	det1=true
[12480]	68	113	-34	-21	-4	7	det1=true
[12481]	71	113	-26	-10	-3	-8	det1=true
[12482]	71	113	-34	-10	-3	8	det1=true
[12483]	77	113	-36	-2	-4	8	det1=true
[12484]	77	113	-18	-18	-1	-9	det1=true
[12485]	77	113	-27	-18	-1	9	det1=true
[12486]	78	113	-13	1	-5	-8	det1=true
[12487]	78	113	-21	1	-5	8	det1=true
[12488]	80	113	-23	-10	-5	8	det1=true
[12489]	81	113	-36	-20	-5	-7	det1=true
[12490]	81	113	-43	-20	-5	7	det1=true
[12491]	83	113	-25	-6	-8	-5	det1=true
[12492]	83	113	-30	-6	-8	5	det1=true
[12493]	83	113	-24	-6	-9	-3	det1=true
[12494]	83	113	-27	-6	-9	3	det1=true
[12495]	85	113	-34	-11	-5	8	det1=true
[12496]	87	113	-32	-5	-9	-3	det1=true
[12497]	87	113	-35	-5	-9	3	det1=true
[12498]	89	113	-34	-7	-5	-8	det1=true
[12499]	89	113	-42	-7	-5	8	det1=true
[12500]	89	113	-17	-5	-8	-6	det1=true
[12501]	89	113	-23	-5	-8	6	det1=true
[12502]	89	113	-16	-6	-6	-8	det1=true
[12503]	89	113	-24	-6	-6	8	det1=true
[12504]	89	113	-13	-11	-8	-6	det1=true
[12505]	89	113	-19	-11	-8	6	det1=true
[12506]	93	113	-28	0	-10	-1	det1=true
[12507]	93	113	-29	0	-10	1	det1=true
[12508]	97	113	-35	-15	-8	6	det1=true
[12509]	101	113	-44	-43	-5	-7	det1=true
[12510]	101	113	-51	-43	-5	7	det1=true
[12511]	102	113	-13	-1	-6	-9	det1=true
[12512]	102	113	-22	-1	-6	9	det1=true
[12513]	103	113	-40	-42	-1	-9	det1=true
[12514]	103	113	-49	-42	-1	9	det1=true
[12515]	106	113	-46	-7	-10	-1	det1=true
[12516]	106	113	-47	-7	-10	1	det1=true
[12517]	107	113	-48	-46	-5	-7	det1=true
[12518]	107	113	-55	-46	-5	7	det1=true
[12519]	107	113	-3	-6	-2	-11	det1=true
[12520]	109	113	-53	-24	-4	9	det1=true
[12521]	109	113	-26	-12	-9	-6	det1=true
[12522]	109	113	-32	-12	-9	6	det1=true
[12523]	59	114	-16	-9	-4	-7	det1=true
[12524]	59	114	-23	-9	-4	7	det1=true
[12525]	60	114	-17	2	-8	-2	det1=true
[12526]	74	114	-28	-29	-2	-8	det1=true
[12527]	74	114	-36	-29	-2	8	det1=true
[12528]	76	114	-7	-2	-5	-8	det1=true
[12529]	76	114	-15	-2	-5	8	det1=true
[12530]	80	114	-25	-10	-5	8	det1=true
[12531]	83	114	-39	-22	-4	8	det1=true
[12532]	85	114	-29	-21	-9	-2	det1=true
[12533]	85	114	-31	-21	-9	2	det1=true
[12534]	87	114	-35	-36	-3	-8	det1=true
[12535]	87	114	-43	-36	-3	8	det1=true
[12536]	87	114	-13	-3	-10	-1	det1=true
[12537]	88	114	-28	-27	-6	-7	det1=true
[12538]	88	114	-35	-27	-6	7	det1=true
[12539]	94	114	-27	-4	-1	-10	det1=true
[12540]	94	114	-37	-4	-1	10	det1=true
[12541]	96	114	-42	-17	-8	-5	det1=true
[12542]	96	114	-47	-17	-8	5	det1=true
[12543]	105	114	-51	-13	-1	10	det1=true
[12544]	105	114	-23	-5	-9	-6	det1=true
[12545]	105	114	-29	-5	-9	6	det1=true
[12546]	106	114	-45	-37	-7	-6	det1=true
[12547]	106	114	-35	-28	-1	-10	det1=true
[12548]	106	114	-45	-28	-1	10	det1=true
[12549]	106	114	-30	-29	-2	-10	det1=true
[12550]	106	114	-40	-29	-2	10	det1=true
[12551]	108	114	-53	-6	-2	10	det1=true
[12552]	110	114	-28	-7	-2	11	det1=true
[12553]	31	115	-4	2	-6	-1	det1=true
[12554]	31	115	-5	2	-6	1	det1=true
[12555]	34	115	-13	-10	-1	-6	det1=true
[12556]	34	115	-19	-10	-1	6	det1=true
[12557]	48	115	-16	-7	-2	-7	det1=true
[12558]	48	115	-23	-7	-2	7	det1=true
[12559]	63	115	-26	2	-8	-2	det1=true
[12560]	63	115	-9	1	-5	-7	det1=true
[12561]	67	115	-25	-10	-5	7	det1=true
[12562]	70	115	-33	-21	-7	-4	det1=true
[12563]	70	115	-37	-21	-7	4	det1=true
[12564]	75	115	-35	-8	-7	-5	det1=true
[12565]	75	115	-40	-8	-7	5	det1=true
[12566]	77	115	-28	-6	-7	6	det1=true
[12567]	79	115	-31	-11	-9	-1	det1=true
[12568]	79	115	-32	-11	-9	1	det1=true
[12569]	83	115	-39	-7	-9	-1	det1=true
[12570]	83	115	-40	-7	-9	1	det1=true
[12571]	85	115	-27	-30	-1	-9	det1=true
[12572]	85	115	-36	-30	-1	9	det1=true
[12573]	86	115	-17	-11	-9	-4	det1=true
[12574]	86	115	-21	-11	-9	4	det1=true
[12575]	87	115	-37	-12	-6	-7	det1=true
[12576]	87	115	-44	-12	-6	7	det1=true
[12577]	88	115	-25	-25	-5	-8	det1=true
[12578]	89	115	-35	-29	-9	-1	det1=true
[12579]	92	115	-26	-17	-4	-9	det1=true
[12580]	92	115	-35	-17	-4	9	det1=true
[12581]	92	115	-5	-5	-3	-10	det1=true
[12582]	93	115	-34	-6	-9	-4	det1=true
[12583]	93	115	-38	-6	-9	4	det1=true
[12584]	93	115	-24	-13	-1	-10	det1=true
[12585]	93	115	-34	-13	-1	10	det1=true
[12586]	94	115	-32	1	-8	-6	det1=true
[12587]	94	115	-15	-5	-10	-3	det1=true
[12588]	94	115	-18	-5	-10	3	det1=true
[12589]	98	115	-31	-11	-3	10	det1=true
[12590]	99	115	-12	-4	-10	-4	det1=true
[12591]	99	115	-16	-4	-10	4	det1=true
[12592]	100	115	-12	-9	-10	-4	det1=true
[12593]	100	115	-16	-9	-10	4	det1=true
[12594]	102	115	-19	-16	-7	-8	det1=true
[12595]	102	115	-27	-16	-7	8	det1=true
[12596]	103	115	-49	-44	-8	-3	det1=true
[12597]	103	115	-52	-44	-8	3	det1=true
[12598]	103	115	-34	-31	-9	-4	det1=true
[12599]	103	115	-38	-31	-9	4	det1=true
[12600]	103	115	-30	-12	-3	-10	det1=true
[12601]	103	115	-9	-3	-11	-1	det1=true
[12602]	103	115	-10	-3	-11	1	det1=true
[12603]	105	115	-27	-14	-8	-7	det1=true
[12604]	105	115	-34	-14	-8	7	det1=true
[12605]	105	115	-25	2	-6	-9	det1=true
[12606]	105	115	-26	-1	-9	-6	det1=true
[12607]	105	115	-32	-1	-9	6	det1=true
[12608]	105	115	-19	2	-11	-1	det1=true
[12609]	105	115	-20	2	-11	1	det1=true
[12610]	106	115	-45	-39	-2	-9	det1=true
[12611]	106	115	-54	-39	-2	9	det1=true
[12612]	108	115	-39	-28	-1	-10	det1=true
[12613]	108	115	-49	-28	-1	10	det1=true
[12614]	109	115	-12	-2	-7	9	det1=true
[12615]	52	116	-7	-7	-5	-6	det1=true
[12616]	52	116	-13	-7	-5	6	det1=true
[12617]	53	116	-11	-8	-5	-6	det1=true
[12618]	53	116	-17	-8	-5	6	det1=true
[12619]	60	116	-25	1	-7	-4	det1=true
[12620]	71	116	-29	-11	-3	-8	det1=true
[12621]	71	116	-37	-11	-3	8	det1=true
[12622]	74	116	-16	-5	-6	-7	det1=true
[12623]	74	116	-23	-5	-6	7	det1=true
[12624]	79	116	-35	-25	-8	-3	det1=true
[12625]	79	116	-38	-25	-8	3	det1=true
[12626]	79	116	-29	3	-7	-6	det1=true
[12627]	79	116	-35	3	-7	6	det1=true
[12628]	79	116	-25	-12	-7	-6	det1=true
[12629]	86	116	-17	-13	-4	-9	det1=true
[12630]	86	116	-26	-13	-4	9	det1=true
[12631]	91	116	-31	-33	-2	-9	det1=true
[12632]	91	116	-40	-33	-2	9	det1=true
[12633]	92	116	-27	-10	-8	-6	det1=true
[12634]	92	116	-33	-10	-8	6	det1=true
[12635]	92	116	-26	-11	-6	-8	det1=true
[12636]	92	116	-34	-11	-6	8	det1=true
[12637]	98	116	-27	-20	-10	-2	det1=true
[12638]	101	116	-40	-17	-10	1	det1=true
[12639]	103	116	-37	-14	-2	-10	det1=true
[12640]	104	116	-43	-34	-5	-8	det1=true
[12641]	104	116	-51	-34	-5	8	det1=true
[12642]	104	116	-38	-15	-2	-10	det1=true
[12643]	104	116	-48	-15	-2	10	det1=true
[12644]	107	116	-37	-13	-3	-10	det1=true
[12645]	107	116	-47	-13	-3	10	det1=true
[12646]	107	116	-13	-9	-2	-11	det1=true
[12647]	107	116	-24	-9	-2	11	det1=true
[12648]	111	116	-17	-19	-2	-11	det1=true
[12649]	111	116	-28	-19	-2	11	det1=true
[12650]	112	116	-35	-22	-7	-8	det1=true
[12651]	112	116	-43	-22	-7	8	det1=true
[12652]	114	116	-47	-31	-10	-1	det1=true
[12653]	114	116	-48	-31	-10	1	det1=true
[12654]	116	116	-74	-33	-4	-7	det1=true
[12655]	116	116	-81	-33	-4	7	det1=true
[12656]	116	116	-42	-39	-6	-8	det1=true
[12657]	39	113	-16	-10	-5	-4	det1=true
[12658]	39	113	-20	-10	-5	4	det1=true
[12659]	51	113	-18	-14	-2	-7	det1=true
[12660]	51	113	-25	-14	-2	7	det1=true
[12661]	54	113	-23	-17	-2	-7	det1=true
[12662]	54	113	-30	-17	-2	7	det1=true
[12663]	56	113	-25	1	-5	6	det1=true
[12664]	59	113	-24	-18	-7	-3	det1=true
[12665]	59	113	-27	-18	-7	3	det1=true
[12666]	62	113	-20	-15	-8	-1	det1=true
[12667]	62	113	-21	-15	-8	1	det1=true
[12668]	63	113	-26	-7	-7	-4	det1=true
[12669]	63	113	-30	-7	-7	4	det1=true
[12670]	63	113	-8	2	-7	5	det1=true
[12671]	65	113	-24	-6	-2	-8	det1=true
[12672]	69	113	-32	-10	-8	-2	det1=true
[12673]	69	113	-34	-10	-8	2	det1=true
[12674]	74	113	-36	-21	-8	2	det1=true
[12675]	75	113	-14	-6	-9	-2	det1=true
[12676]	75	113	-16	-6	-9	2	det1=true
[12677]	77	113	-36	-8	-7	-5	det1=true
[12678]	77	113	-41	-8	-7	5	det1=true
[12679]	78	113	-12	-5	-8	-5	det1=true
[12680]	78	113	-17	-5	-8	5	det1=true
[12681]	80	113	-24	-9	-6	-7	det1=true
[12682]	80	113	-31	-9	-6	7	det1=true
[12683]	82	113	-27	-14	-9	-2	det1=true
[12684]	82	113	-29	-14	-9	2	det1=true
[12685]	84	113	-35	-3	-9	-2	det1=true
[12686]	87	113	-31	-8	-9	-3	det1=true
[12687]	87	113	-34	-8	-9	3	det1=true
[12688]	91	113	-7	-2	-9	-5	det1=true
[12689]	91	113	-12	-2	-9	5	det1=true
[12690]	93	113	-37	-24	-6	-7	det1=true
[12691]	93	113	-44	-24	-6	7	det1=true
[12692]	95	113	-36	3	-9	-4	det1=true
[12693]	95	113	-40	3	-9	4	det1=true
[12694]	104	113	-44	-5	-10	-1	det1=true
[12695]	104	113	-45	-5	-10	1	det1=true
[12696]	106	113	-45	2	-6	-8	det1=true
[12697]	106	113	-53	2	-6	8	det1=true
[12698]	107	113	-14	-6	-2	11	det1=true
[12699]	108	113	-33	-28	-10	-2	det1=true
[12700]	108	113	-35	-28	-10	2	det1=true
[12701]	112	113	-23	-5	-11	-2	det1=true
[12702]	112	113	-25	-5	-11	2	det1=true
[12703]	113	113	-11	-6	-9	-7	det1=true
[12704]	61	114	-20	3	-8	-2	det1=true
[12705]	61	114	-22	3	-8	2	det1=true
[12706]	78	114	-29	-27	-3	-8	det1=true
[12707]	78	114	-37	-27	-3	8	det1=true
[12708]	86	114	-30	-11	-8	-5	det1=true
[12709]	86	114	-35	-11	-8	5	det1=true
[12710]	86	114	-34	-13	-8	5	det1=true
[12711]	97	114	-40	-23	-8	-5	det1=true
[12712]	97	114	-45	-23	-8	5	det1=true
[12713]	97	114	-11	0	-7	-8	det1=true
[12714]	97	114	-19	0	-7	8	det1=true
[12715]	99	114	-27	-1	-10	-3	det1=true
[12716]	99	114	-30	-1	-10	3	det1=true
[12717]	104	114	-19	-19	-7	-8	det1=true
[12718]	104	114	-27	-19	-7	8	det1=true
[12719]	106	114	-51	-37	-7	6	det1=true
[12720]	107	114	-47	-31	-8	-5	det1=true
[12721]	107	114	-52	-31	-8	5	det1=true
[12722]	108	114	-47	-2	-10	-2	det1=true
[12723]	108	114	-49	-2	-10	2	det1=true
[12724]	111	114	-42	-19	-10	3	det1=true
[12725]	29	115	-11	-1	-3	5	det1=true
[12726]	57	115	-16	1	-7	-4	det1=true
[12727]	57	115	-20	1	-7	4	det1=true
[12728]	75	115	-29	-31	-2	-8	det1=true
[12729]	75	115	-37	-31	-2	8	det1=true
[12730]	76	115	-34	-27	-2	-8	det1=true
[12731]	76	115	-42	-27	-2	8	det1=true
[12732]	81	115	-28	-21	-9	-1	det1=true
[12733]	81	115	-29	-21	-9	1	det1=true
[12734]	82	115	-9	0	-9	-4	det1=true
[12735]	82	115	-13	0	-9	4	det1=true
[12736]	88	115	-39	-15	-9	-2	det1=true
[12737]	88	115	-41	-15	-9	2	det1=true
[12738]	95	115	-35	-34	-2	-9	det1=true
[12739]	98	115	-21	-11	-3	-10	det1=true
[12740]	103	115	-40	-22	-4	-9	det1=true
[12741]	103	115	-49	-22	-4	9	det1=true
[12742]	103	115	-40	-12	-3	10	det1=true
[12743]	107	115	-48	-2	-6	-8	det1=true
[12744]	107	115	-56	-2	-6	8	det1=true
[12745]	109	115	-3	-2	-7	-9	det1=true
[12746]	110	115	-49	-39	-7	-6	det1=true
[12747]	110	115	-55	-39	-7	6	det1=true
[12748]	54	116	-5	1	-8	-1	det1=true
[12749]	54	116	-6	1	-8	1	det1=true
[12750]	54	116	-2	-1	-4	-7	det1=true
[12751]	54	116	-9	-1	-4	7	det1=true
[12752]	64	116	-15	-7	-3	-8	det1=true
[12753]	64	116	-23	-7	-3	8	det1=true
[12754]	70	116	-31	-31	-5	-6	det1=true
[12755]	70	116	-37	-31	-5	6	det1=true
[12756]	79	116	-27	-11	-9	-2	det1=true
[12757]	79	116	-29	-11	-9	2	det1=true
[12758]	79	116	-31	-12	-7	6	det1=true
[12759]	83	116	-2	-1	-6	-8	det1=true
[12760]	83	116	-10	-1	-6	8	det1=true
[12761]	86	116	-32	-21	-6	-7	det1=true
[12762]	86	116	-39	-21	-6	7	det1=true
[12763]	86	116	-13	-8	-8	-6	det1=true
[12764]	86	116	-19	-8	-8	6	det1=true
[12765]	86	116	-3	4	-10	-2	det1=true
[12766]	86	116	-5	4	-10	2	det1=true
[12767]	89	116	-41	-16	-9	-2	det1=true
[12768]	89	116	-43	-16	-9	2	det1=true
[12769]	91	116	-25	-10	-8	-6	det1=true
[12770]	91	116	-31	-10	-8	6	det1=true
[12771]	91	116	-24	-11	-6	-8	det1=true
[12772]	91	116	-32	-11	-6	8	det1=true
[12773]	92	116	-42	-9	-8	-5	det1=true
[12774]	92	116	-47	-9	-8	5	det1=true
[12775]	94	116	-11	-13	-3	-10	det1=true
[12776]	94	116	-21	-13	-3	10	det1=true
[12777]	95	116	-34	3	-6	-8	det1=true
[12778]	95	116	-42	3	-6	8	det1=true
[12779]	95	116	-26	-9	-2	-10	det1=true
[12780]	98	116	-9	0	-9	-6	det1=true
[12781]	103	116	-47	-14	-2	10	det1=true
[12782]	104	116	-39	-12	-2	-10	det1=true
[12783]	104	116	-4	-1	-2	-11	det1=true
[12784]	104	116	-15	-1	-2	11	det1=true
[12785]	105	116	-51	-25	-4	9	det1=true
[12786]	106	116	-49	0	-8	-6	det1=true
[12787]	106	116	-55	0	-8	6	det1=true
[12788]	106	116	-37	-3	-6	9	det1=true
[12789]	107	116	-41	-26	-8	-6	det1=true
[12790]	107	116	-47	-26	-8	6	det1=true
[12791]	109	116	-40	-17	-10	-3	det1=true
[12792]	109	116	-43	-17	-10	3	det1=true
[12793]	110	116	-54	-19	-2	10	det1=true
[12794]	111	116	-41	-2	-7	-8	det1=true
[12795]	111	116	-49	-2	-7	8	det1=true
[12796]	111	116	-20	-15	-2	-11	det1=true
[12797]	111	116	-31	-15	-2	11	det1=true
[12798]	114	116	-25	-17	-2	-11	det1=true
[12799]	114	116	-36	-17	-2	11	det1=true
[12800]	116	116	-37	-1	-11	-2	det1=true
[12801]	116	116	-39	-1	-11	2	det1=true
[12802]	50	113	-23	-6	-7	2	det1=true
[12803]	53	113	-20	-18	-2	-7	det1=true
[12804]	53	113	-27	-18	-2	7	det1=true
[12805]	59	113	-16	-6	-1	-8	det1=true
[12806]	59	113	-24	-6	-1	8	det1=true
[12807]	62	113	-27	-1	-8	-1	det1=true
[12808]	62	113	-28	-1	-8	1	det1=true
[12809]	63	113	-3	2	-7	-5	det1=true
[12810]	65	113	-14	-4	-3	-8	det1=true
[12811]	65	113	-22	-4	-3	8	det1=true
[12812]	73	113	-17	-5	-9	-1	det1=true
[12813]	73	113	-18	-5	-9	1	det1=true
[12814]	74	113	-34	-21	-8	-2	det1=true
[12815]	77	113	-14	-13	-7	-6	det1=true
[12816]	77	113	-20	-13	-7	6	det1=true
[12817]	81	113	-14	-15	-5	-8	det1=true
[12818]	81	113	-22	-15	-5	8	det1=true
[12819]	82	113	-26	-13	-6	-7	det1=true
[12820]	82	113	-33	-13	-6	7	det1=true
[12821]	87	113	-18	-4	-4	-9	det1=true
[12822]	87	113	-27	-4	-4	9	det1=true
[12823]	91	113	-40	-17	-9	-2	det1=true
[12824]	91	113	-42	-17	-9	2	det1=true
[12825]	91	113	-38	-18	-7	-6	det1=true
[12826]	94	113	-41	1	-4	9	det1=true
[12827]	98	113	-43	-16	-5	-8	det1=true
[12828]	98	113	-51	-16	-5	8	det1=true
[12829]	100	113	-29	-16	-10	-2	det1=true
[12830]	102	113	-43	-36	-5	8	det1=true
[12831]	103	113	-32	-10	-5	-9	det1=true
[12832]	104	113	-37	-20	-8	-6	det1=true
[12833]	105	113	-21	-7	-4	-10	det1=true
[12834]	108	113	-20	-17	-6	-9	det1=true
[12835]	108	113	-29	-17	-6	9	det1=true
[12836]	109	113	-43	-21	-8	-6	det1=true
[12837]	109	113	-49	-21	-8	6	det1=true
[12838]	111	113	-45	-38	-8	-5	det1=true
[12839]	111	113	-50	-38	-8	5	det1=true
[12840]	113	113	-50	-8	-1	-10	det1=true
[12841]	113	113	-60	-8	-1	10	det1=true
[12842]	56	114	-7	-5	-4	-7	det1=true
[12843]	56	114	-14	-5	-4	7	det1=true
[12844]	77	114	-11	-3	-5	-8	det1=true
[12845]	77	114	-19	-3	-5	8	det1=true
[12846]	81	114	-19	-11	-5	-8	det1=true
[12847]	81	114	-27	-11	-5	8	det1=true
[12848]	85	114	-34	-9	-6	-7	det1=true
[12849]	85	114	-41	-9	-6	7	det1=true
[12850]	86	114	-18	-1	-4	-9	det1=true
[12851]	86	114	-27	-1	-4	9	det1=true
[12852]	88	114	-37	-18	-5	8	det1=true
[12853]	88	114	-27	-29	-2	-9	det1=true
[12854]	95	114	1	3	-7	-8	det1=true
[12855]	95	114	-7	3	-7	8	det1=true
[12856]	96	114	-34	-29	-8	-5	det1=true
[12857]	96	114	-39	-29	-8	5	det1=true
[12858]	96	114	-26	-11	-10	-2	det1=true
[12859]	96	114	-28	-11	-10	2	det1=true
[12860]	105	114	-41	-13	-1	-10	det1=true
[12861]	105	114	-41	-19	-10	-1	det1=true
[12862]	105	114	-42	-19	-10	1	det1=true
[12863]	110	114	-25	-19	-9	-6	det1=true
[12864]	110	114	-31	-19	-9	6	det1=true
[12865]	110	114	-17	-7	-2	-11	det1=true
[12866]	114	114	-53	-51	-3	-8	det1=true
[12867]	114	114	-61	-51	-3	8	det1=true
[12868]	21	115	-3	2	-4	-3	det1=true
[12869]	31	115	-4	0	-6	1	det1=true
[12870]	36	115	-15	-16	-1	-6	det1=true
[12871]	36	115	-21	-16	-1	6	det1=true
[12872]	61	115	-20	-14	-7	-4	det1=true
[12873]	61	115	-24	-14	-7	4	det1=true
[12874]	78	115	-18	-17	-2	-9	det1=true
[12875]	78	115	-27	-17	-2	9	det1=true
[12876]	85	115	-27	-18	-9	3	det1=true
[12877]	85	115	-21	-21	-3	-9	det1=true
[12878]	85	115	-30	-21	-3	9	det1=true
[12879]	86	115	-19	-5	-4	-9	det1=true
[12880]	86	115	-28	-5	-4	9	det1=true
[12881]	89	115	-36	-29	-9	1	det1=true
[12882]	93	115	-33	2	-4	-9	det1=true
[12883]	93	115	-42	2	-4	9	det1=true
[12884]	100	115	-34	-25	-4	-9	det1=true
[12885]	100	115	-43	-25	-4	9	det1=true
[12886]	101	115	-34	-7	-9	-5	det1=true
[12887]	101	115	-39	-7	-9	5	det1=true
[12888]	101	115	-31	-14	-9	-5	det1=true
[12889]	101	115	-36	-14	-9	5	det1=true
[12890]	102	115	-19	-2	-9	-6	det1=true
[12891]	102	115	-25	-2	-9	6	det1=true
[12892]	104	115	-23	3	-6	-9	det1=true
[12893]	104	115	-32	3	-6	9	det1=true
[12894]	109	115	-2	-4	-3	-11	det1=true
[12895]	109	115	-13	-4	-3	11	det1=true
[12896]	113	115	-35	-30	-10	-3	det1=true
[12897]	113	115	-38	-30	-10	3	det1=true
[12898]	115	115	-56	-14	-10	-1	det1=true
[12899]	115	115	-57	-14	-10	1	det1=true
[12900]	115	115	-33	-15	-11	-1	det1=true
[12901]	115	115	-34	-15	-11	1	det1=true
[12902]	44	116	-3	0	-7	-2	det1=true
[12903]	44	116	-5	0	-7	2	det1=true
[12904]	60	116	-29	1	-7	4	det1=true
[12905]	67	116	-19	-15	-8	-3	det1=true
[12906]	67	116	-22	-15	-8	3	det1=true
[12907]	68	116	-21	-15	-3	-8	det1=true
[12908]	68	116	-29	-15	-3	8	det1=true
[12909]	86	116	-41	-4	-9	-2	det1=true
[12910]	86	116	-43	-4	-9	2	det1=true
[12911]	86	116	-29	-25	-7	-6	det1=true
[12912]	86	116	-35	-25	-7	6	det1=true
[12913]	89	116	-45	-17	-7	6	det1=true
[12914]	89	116	-18	3	-10	-2	det1=true
[12915]	91	116	-33	-2	-9	-4	det1=true
[12916]	91	116	-37	-2	-9	4	det1=true
[12917]	103	116	-32	-25	-10	-2	det1=true
[12918]	105	116	-42	-25	-4	-9	det1=true
[12919]	112	116	-49	-27	-4	-9	det1=true
[12920]	112	116	-58	-27	-4	9	det1=true
[12921]	113	116	-27	-16	-11	2	det1=true
[12922]	114	116	-40	-7	-2	11	det1=true
[12923]	116	116	-14	-7	-10	-6	det1=true
[12924]	116	116	-20	-7	-10	6	det1=true
[12925]	22	113	-5	-5	-3	-4	det1=true
[12926]	22	113	-9	-5	-3	4	det1=true
[12927]	31	113	-11	-7	-5	-3	det1=true
[12928]	31	113	-14	-7	-5	3	det1=true
[12929]	46	113	-10	-5	-4	-6	det1=true
[12930]	46	113	-16	-5	-4	6	det1=true
[12931]	57	113	-14	-5	-7	4	det1=true
[12932]	60	113	-22	-3	-8	-1	det1=true
[12933]	60	113	-23	-3	-8	1	det1=true
[12934]	63	113	-9	1	-5	7	det1=true
[12935]	65	113	-32	-6	-2	8	det1=true
[12936]	75	113	-34	-4	-7	-5	det1=true
[12937]	75	113	-39	-4	-7	5	det1=true
[12938]	79	113	-34	-22	-8	-3	det1=true
[12939]	79	113	-37	-22	-8	3	det1=true
[12940]	91	113	-44	-18	-7	6	det1=true
[12941]	91	113	-26	-6	-4	-9	det1=true
[12942]	91	113	-35	-6	-4	9	det1=true
[12943]	97	113	-22	-10	-9	-5	det1=true
[12944]	97	113	-27	-10	-9	5	det1=true
[12945]	100	113	-31	-16	-10	2	det1=true
[12946]	102	113	-35	-36	-5	-8	det1=true
[12947]	105	113	-40	-10	-10	-2	det1=true
[12948]	105	113	-42	-10	-10	2	det1=true
[12949]	110	113	-26	-17	-4	-10	det1=true
[12950]	48	114	-17	-5	-7	-2	det1=true
[12951]	48	114	-19	-5	-7	2	det1=true
[12952]	74	114	-31	-26	-8	-2	det1=true
[12953]	74	114	-33	-26	-8	2	det1=true
[12954]	80	114	-17	-10	-5	-8	det1=true
[12955]	87	114	-29	-15	-5	-8	det1=true
[12956]	87	114	-37	-15	-5	8	det1=true
[12957]	87	114	-14	-1	-10	-1	det1=true
[12958]	87	114	-15	-1	-10	1	det1=true
[12959]	90	114	-23	-1	-10	-1	det1=true
[12960]	90	114	-24	-1	-10	1	det1=true
[12961]	92	114	-28	3	-10	-1	det1=true
[12962]	92	114	-29	3	-10	1	det1=true
[12963]	94	114	-21	-8	-2	-10	det1=true
[12964]	94	114	-31	-8	-2	10	det1=true
[12965]	95	114	-24	-25	-4	-9	det1=true
[12966]	95	114	-33	-25	-4	9	det1=true
[12967]	100	114	-11	-4	-4	-10	det1=true
[12968]	100	114	-21	-4	-4	10	det1=true
[12969]	101	114	-42	-1	-10	-1	det1=true
[12970]	101	114	-43	-1	-10	1	det1=true
[12971]	102	114	-33	-14	-2	-10	det1=true
[12972]	102	114	-43	-14	-2	10	det1=true
[12973]	106	114	-19	-18	-4	-10	det1=true
[12974]	106	114	-29	-18	-4	10	det1=true
[12975]	73	115	-25	-20	-7	-5	det1=true
[12976]	73	115	-30	-20	-7	5	det1=true
[12977]	75	115	-34	-28	-8	2	det1=true
[12978]	77	115	-26	-8	-1	-9	det1=true
[12979]	77	115	-35	-8	-1	9	det1=true
[12980]	79	115	-34	-2	-9	-1	det1=true
[12981]	79	115	-35	-2	-9	1	det1=true
[12982]	82	115	-31	-7	-6	-7	det1=true
[12983]	82	115	-38	-7	-6	7	det1=true
[12984]	84	115	-30	-5	-8	-5	det1=true
[12985]	84	115	-35	-5	-8	5	det1=true
[12986]	85	115	-24	-18	-9	-3	det1=true
[12987]	86	115	-37	-13	-9	-2	det1=true
[12988]	86	115	-39	-13	-9	2	det1=true
[12989]	89	115	-26	-26	-5	-8	det1=true
[12990]	89	115	-20	-17	-9	-4	det1=true
[12991]	89	115	-24	-17	-9	4	det1=true
[12992]	96	115	-41	-21	-8	-5	det1=true
[12993]	96	115	-46	-21	-8	5	det1=true
[12994]	99	115	-39	-40	-1	-9	det1=true
[12995]	99	115	-48	-40	-1	9	det1=true
[12996]	102	115	-38	-19	-10	-1	det1=true
[12997]	102	115	-39	-19	-10	1	det1=true
[12998]	109	115	-40	-7	-3	-10	det1=true
[12999]	109	115	-50	-7	-3	10	det1=true
[13000]	113	115	-13	-12	-7	-9	det1=true
[13001]	113	115	-22	-12	-7	9	det1=true
[13002]	65	116	-19	-3	-3	-8	det1=true
[13003]	65	116	-27	-3	-3	8	det1=true
[13004]	68	116	-29	-23	-7	-4	det1=true
[13005]	74	116	-11	-1	-5	8	det1=true
[13006]	91	116	-32	-31	-6	-7	det1=true
[13007]	91	116	-39	-31	-6	7	det1=true
[13008]	93	116	-22	-9	-2	-10	det1=true
[13009]	93	116	-32	-9	-2	10	det1=true
[13010]	95	116	-15	-12	-3	-10	det1=true
[13011]	95	116	-25	-12	-3	10	det1=true
[13012]	100	116	-41	-17	-9	-4	det1=true
[13013]	100	116	-45	-17	-9	4	det1=true
[13014]	102	116	-22	-15	-8	-7	det1=true
[13015]	102	116	-29	-15	-8	7	det1=true
[13016]	104	116	-33	-35	-4	-9	det1=true
[13017]	104	116	-42	-35	-4	9	det1=true
[13018]	105	116	-38	-9	-8	7	det1=true
[13019]	113	116	-45	-35	-4	-9	det1=true
[13020]	113	116	-54	-35	-4	9	det1=true
[13021]	114	116	-29	-7	-2	-11	det1=true
[13022]	82	113	-26	-13	-2	-9	det1=true
[13023]	101	113	-36	-20	-4	-9	det1=true
[13024]	101	113	-45	-20	-4	9	det1=true
[13025]	101	113	-14	-2	-10	-4	det1=true
[13026]	101	113	-18	-2	-10	4	det1=true
[13027]	103	113	-41	-10	-5	9	det1=true
[13028]	113	113	-10	-7	-7	-9	det1=true
[13029]	113	113	-19	-7	-7	9	det1=true
[13030]	88	114	-29	-18	-5	-8	det1=true
[13031]	96	114	-28	-7	-10	-2	det1=true
[13032]	96	114	-30	-7	-10	2	det1=true
[13033]	111	114	-37	0	-10	-4	det1=true
[13034]	111	114	-41	0	-10	4	det1=true
[13035]	43	115	-12	3	-7	-1	det1=true
[13036]	43	115	-13	3	-7	1	det1=true
[13037]	47	115	-17	-3	-4	-6	det1=true
[13038]	47	115	-23	-3	-4	6	det1=true
[13039]	77	115	-22	-6	-7	-6	det1=true
[13040]	81	115	-37	-3	-9	-1	det1=true
[13041]	81	115	-38	-3	-9	1	det1=true
[13042]	85	115	-20	3	-9	-4	det1=true
[13043]	85	115	-24	3	-9	4	det1=true
[13044]	87	115	-36	4	-8	-5	det1=true
[13045]	87	115	-41	4	-8	5	det1=true
[13046]	89	115	-34	-25	-9	-2	det1=true
[13047]	89	115	-36	-25	-9	2	det1=true
[13048]	91	115	0	0	-3	-10	det1=true
[13049]	91	115	-10	0	-3	10	det1=true
[13050]	93	115	-28	-18	-9	-4	det1=true
[13051]	93	115	-32	-18	-9	4	det1=true
[13052]	97	115	-46	-10	-4	9	det1=true
[13053]	97	115	-29	1	-9	-5	det1=true
[13054]	97	115	-34	1	-9	5	det1=true
[13055]	103	115	-39	-36	-8	-5	det1=true
[13056]	103	115	-44	-36	-8	5	det1=true
[13057]	103	115	-33	-27	-6	-8	det1=true
[13058]	103	115	-41	-27	-6	8	det1=true
[13059]	109	115	-27	-24	-8	-7	det1=true
[13060]	109	115	-34	-24	-8	7	det1=true
[13061]	112	115	-51	-34	-5	-8	det1=true
[13062]	112	115	-59	-34	-5	8	det1=true
[13063]	74	116	-3	-1	-5	-8	det1=true
[13064]	104	116	-49	-12	-2	10	det1=true
[13065]	105	116	-31	-9	-8	-7	det1=true
[13066]	107	116	-45	-15	-1	-10	det1=true
[13067]	113	116	-25	-16	-11	-2	det1=true
[13068]	36	113	-9	-1	-4	-5	det1=true
[13069]	36	113	-14	-1	-4	5	det1=true
[13070]	57	113	-10	-5	-7	-4	det1=true
[13071]	87	113	-10	-2	-10	-1	det1=true
[13072]	87	113	-11	-2	-10	1	det1=true
[13073]	89	113	-12	-12	-6	-8	det1=true
[13074]	89	113	-20	-12	-6	8	det1=true
[13075]	107	113	-54	-45	-7	5	det1=true
[13076]	108	113	-45	-14	-8	-6	det1=true
[13077]	108	113	-51	-14	-8	6	det1=true
[13078]	110	113	-36	-17	-4	10	det1=true
[13079]	88	114	-36	-29	-2	9	det1=true
[13080]	95	114	-29	-1	-1	-10	det1=true
[13081]	95	114	-39	-1	-1	10	det1=true
[13082]	96	114	-22	-15	-2	-10	det1=true
[13083]	96	114	-32	-15	-2	10	det1=true
[13084]	96	114	-13	-12	-3	-10	det1=true
[13085]	96	114	-23	-12	-3	10	det1=true
[13086]	104	114	-19	-7	-6	-9	det1=true
[13087]	104	114	-28	-7	-6	9	det1=true
[13088]	108	114	-43	-6	-2	-10	det1=true
[13089]	37	115	-14	-6	-5	-4	det1=true
[13090]	37	115	-18	-6	-5	4	det1=true
[13091]	64	115	-27	-4	-8	-2	det1=true
[13092]	67	115	-31	-9	-8	-2	det1=true
[13093]	67	115	-33	-9	-8	2	det1=true
[13094]	73	115	-34	-8	-8	-3	det1=true
[13095]	73	115	-37	-8	-8	3	det1=true
[13096]	73	115	-12	-2	-7	-6	det1=true
[13097]	73	115	-18	-2	-7	6	det1=true
[13098]	75	115	-32	-28	-8	-2	det1=true
[13099]	81	115	-30	-16	-1	-9	det1=true
[13100]	103	115	-36	-24	-10	-1	det1=true
[13101]	103	115	-37	-24	-10	1	det1=true
[13102]	115	115	-31	-14	-1	-11	det1=true
[13103]	115	115	-42	-14	-1	11	det1=true
[13104]	94	116	-41	-25	-6	-7	det1=true
[13105]	94	116	-48	-25	-6	7	det1=true
[13106]	98	116	-15	0	-9	6	det1=true
[13107]	106	116	-28	-3	-6	-9	det1=true
[13108]	107	116	-55	-15	-1	10	det1=true
[13109]	86	113	-15	-5	-4	-9	det1=true
[13110]	91	113	-39	-25	-9	-1	det1=true
[13111]	101	113	-23	-20	-5	-9	det1=true
[13112]	101	113	-32	-20	-5	9	det1=true
[13113]	97	114	-31	-9	-1	-10	det1=true
[13114]	97	114	-41	-9	-1	10	det1=true
[13115]	103	114	-45	5	-10	-1	det1=true
[13116]	103	114	-46	5	-10	1	det1=true
[13117]	106	114	-37	-18	-2	-10	det1=true
[13118]	106	114	-47	-18	-2	10	det1=true
[13119]	111	114	-28	-25	-8	-7	det1=true
[13120]	111	114	-35	-25	-8	7	det1=true
[13121]	36	115	-9	-7	-4	-5	det1=true
[13122]	36	115	-14	-7	-4	5	det1=true
[13123]	71	115	-15	-4	-9	-1	det1=true
[13124]	76	115	-21	3	-6	-7	det1=true
[13125]	79	115	-30	-6	-1	-9	det1=true
[13126]	79	115	-39	-6	-1	9	det1=true
[13127]	89	115	-6	1	-9	-5	det1=true
[13128]	89	115	-11	1	-9	5	det1=true
[13129]	90	115	-21	-1	-1	-10	det1=true
[13130]	95	115	-44	-20	-6	-7	det1=true
[13131]	95	115	-51	-20	-6	7	det1=true
[13132]	95	115	-43	-32	-6	7	det1=true
[13133]	103	115	-34	-26	-8	-6	det1=true
[13134]	103	115	-40	-26	-8	6	det1=true
[13135]	52	116	-23	-16	-7	-2	det1=true
[13136]	94	116	-20	3	-10	-3	det1=true
[13137]	94	116	-23	3	-10	3	det1=true
[13138]	107	116	-19	-1	-11	-2	det1=true
[13139]	107	116	-21	-1	-11	2	det1=true
[13140]	111	116	-33	-16	-4	-10	det1=true
[13141]	113	116	-38	-15	-10	-4	det1=true
[13142]	113	116	-42	-15	-10	4	det1=true
[13143]	55	113	-19	-12	-7	-3	det1=true
[13144]	55	113	-22	-12	-7	3	det1=true
[13145]	66	113	-27	-16	-1	-8	det1=true
[13146]	66	113	-35	-16	-1	8	det1=true
[13147]	95	113	-30	-14	-4	-9	det1=true
[13148]	95	113	-39	-14	-4	9	det1=true
[13149]	107	113	-49	-45	-7	-5	det1=true
[13150]	64	115	-29	-4	-8	2	det1=true
[13151]	90	115	-31	-1	-1	10	det1=true
[13152]	86	116	-15	-3	-10	-1	det1=true
[13153]	86	116	-16	-3	-10	1	det1=true
[13154]	101	116	-33	-24	-1	-10	det1=true
[13155]	101	116	-43	-24	-1	10	det1=true
[13156]	107	113	-34	-10	-3	-10	det1=true
[13157]	107	113	-44	-10	-3	10	det1=true
[13158]	92	114	-22	5	-10	-2	det1=true
[13159]	92	114	-24	5	-10	2	det1=true
[13160]	105	114	-23	-17	-7	-8	det1=true
[13161]	105	114	-31	-17	-7	8	det1=true
[13162]	86	115	-14	-1	-8	-6	det1=true
[13163]	86	115	-20	-1	-8	6	det1=true
[13164]	105	115	-41	1	-2	-10	det1=true
[13165]	105	115	-51	1	-2	10	det1=true
[13166]	73	116	-13	-5	-7	-6	det1=true
[13167]	73	116	-19	-5	-7	6	det1=true
[13168]	86	116	-16	3	-6	-8	det1=true
[13169]	86	116	-24	3	-6	8	det1=true
[13170]	111	116	-43	-16	-4	10	det1=true
[13171]	84	113	-33	-4	-7	-6	det1=true
[13172]	84	113	-39	-4	-7	6	det1=true
[13173]	113	113	-13	-5	-11	-3	det1=true
[13174]	113	113	-16	-5	-11	3	det1=true
[13175]	54	115	-22	-21	-2	-7	det1=true
[13176]	54	115	-29	-21	-2	7	det1=true
[13177]	76	115	-37	-24	-8	-2	det1=true
[13178]	89	115	-26	-2	-4	-9	det1=true
[13179]	89	115	-35	-2	-4	9	det1=true
[13180]	107	115	-30	1	-9	-6	det1=true
[13181]	109	115	-6	0	-11	-3	det1=true
[13182]	109	115	-9	0	-11	3	det1=true
[13183]	102	116	-15	-16	-4	-10	det1=true
[13184]	102	116	-25	-16	-4	10	det1=true
[13185]	92	113	-35	-25	-7	-6	det1=true
[13186]	92	113	-41	-25	-7	6	det1=true
[13187]	104	113	-25	-6	-7	-8	det1=true
[13188]	104	113	-33	-6	-7	8	det1=true
[13189]	88	116	-41	-8	-7	-6	det1=true
[13190]	64	114	-25	-15	-7	-4	det1=true
[13191]	64	114	-29	-15	-7	4	det1=true
[13192]	110	114	-31	-19	-8	-7	det1=true
[13193]	110	114	-38	-19	-8	7	det1=true
[13194]	89	115	-39	-14	-6	-7	det1=true
[13195]	89	115	-46	-14	-6	7	det1=true
[13196]	83	113	-5	2	-4	-9	det1=true
[13197]	95	113	-41	-28	-1	-9	det1=true
[13198]	95	113	-50	-28	-1	9	det1=true
[13199]	86	114	-11	5	-10	-1	det1=true
[13200]	86	114	-12	5	-10	1	det1=true
[13201]	56	115	-16	-13	-6	-5	det1=true
[13202]	56	115	-21	-13	-6	5	det1=true
[13203]	81	113	-25	-21	-9	-1	det1=true
[13204]	81	113	-26	-21	-9	1	det1=true
[13205]	90	114	-19	-3	-1	-10	det1=true
[13206]	90	114	-29	-3	-1	10	det1=true
[13207]	105	115	-31	-4	-8	-7	det1=true
[13208]	115	115	-36	-9	-11	-1	det1=true
[13209]	115	115	-37	-9	-11	1	det1=true
[13210]	91	114	-23	-9	-10	1	det1=true
[13211]	105	115	-38	-4	-8	7	det1=true
[13212]	112	115	-49	-25	-4	-9	det1=true
[13213]	112	115	-58	-25	-4	9	det1=true
[13214]	98	115	-7	-4	-10	-4	det1=true
[13215]	98	115	-11	-4	-10	4	det1=true
[13216]	111	115	-31	-17	-4	-10	det1=true
[13217]	111	115	-41	-17	-4	10	det1=true
[13218]	112	114	-38	-11	-8	-7	det1=true
[13219]	68	113	-33	0	-8	-2	det1=true
[13220]	68	113	-35	0	-8	2	det1=true
[13221]	115	115	-32	-26	-10	-4	det1=true
[13222]	118	118	-54	-43	-8	-5	det1=true
[13223]	107	120	-24	1	-2	-11	det1=true
[13224]	107	120	-35	1	-2	11	det1=true
[13225]	93	117	-44	-10	-8	-5	det1=true
[13226]	93	117	-49	-10	-8	5	det1=true
[13227]	48	118	-23	0	-7	-2	det1=true
[13228]	48	118	-25	0	-7	2	det1=true
[13229]	96	118	-25	-27	-1	-10	det1=true
[13230]	96	118	-35	-27	-1	10	det1=true
[13231]	116	118	-41	-33	-10	-3	det1=true
[13232]	116	118	-44	-33	-10	3	det1=true
[13233]	101	119	-6	5	-11	-2	det1=true
[13234]	101	119	-8	5	-11	2	det1=true
[13235]	108	119	-19	-15	-5	-10	det1=true
[13236]	108	119	-29	-15	-5	10	det1=true
[13237]	33	120	-16	-9	-6	-1	det1=true
[13238]	33	120	-17	-9	-6	1	det1=true
[13239]	55	117	-14	4	-8	-1	det1=true
[13240]	55	117	-15	4	-8	1	det1=true
[13241]	61	117	-20	-6	-2	-8	det1=true
[13242]	61	117	-28	-6	-2	8	det1=true
[13243]	84	117	-7	-3	-1	-10	det1=true
[13244]	84	117	-17	-3	-1	10	det1=true
[13245]	101	117	-42	2	-10	-2	det1=true
[13246]	101	117	-44	2	-10	2	det1=true
[13247]	109	117	-21	-8	-2	-11	det1=true
[13248]	109	117	-32	-8	-2	11	det1=true
[13249]	92	118	-28	-13	-6	-8	det1=true
[13250]	92	118	-36	-13	-6	8	det1=true
[13251]	94	118	-37	-7	-4	-9	det1=true
[13252]	94	118	-46	-7	-4	9	det1=true
[13253]	97	118	-30	1	-10	-3	det1=true
[13254]	97	118	-33	1	-10	3	det1=true
[13255]	97	118	-27	-9	-10	-3	det1=true
[13256]	97	118	-30	-9	-10	3	det1=true
[13257]	106	118	-37	-16	-3	-10	det1=true
[13258]	106	118	-47	-16	-3	10	det1=true
[13259]	112	118	-51	-10	-2	-10	det1=true
[13260]	112	118	-61	-10	-2	10	det1=true
[13261]	21	119	-2	1	-5	-1	det1=true
[13262]	21	119	-3	1	-5	1	det1=true
[13263]	29	119	-11	-2	-3	-5	det1=true
[13264]	29	119	-16	-2	-3	5	det1=true
[13265]	73	119	-22	-11	-1	-9	det1=true
[13266]	73	119	-31	-11	-1	9	det1=true
[13267]	83	119	-13	-2	-10	1	det1=true
[13268]	94	119	-43	-27	-7	-6	det1=true
[13269]	95	119	-43	-35	-9	-1	det1=true
[13270]	95	119	-44	-35	-9	1	det1=true
[13271]	107	119	-42	-18	-5	-9	det1=true
[13272]	107	119	-51	-18	-5	9	det1=true
[13273]	110	119	-50	5	-10	-3	det1=true
[13274]	110	119	-53	5	-10	3	det1=true
[13275]	111	119	-54	-10	-10	-2	det1=true
[13276]	111	119	-56	-10	-10	2	det1=true
[13277]	117	119	-26	1	-11	-4	det1=true
[13278]	117	119	-30	1	-11	4	det1=true
[13279]	119	119	-28	-4	-6	-10	det1=true
[13280]	119	119	-38	-4	-6	10	det1=true
[13281]	119	119	-8	-7	-9	-8	det1=true
[13282]	119	119	-16	-7	-9	8	det1=true
[13283]	117	120	-19	-18	-6	-10	det1=true
[13284]	117	120	-29	-18	-6	10	det1=true
[13285]	59	117	-24	2	-7	-4	det1=true
[13286]	60	117	-22	-13	-8	-1	det1=true
[13287]	60	117	-23	-13	-8	1	det1=true
[13288]	66	117	-23	0	-3	-8	det1=true
[13289]	66	117	-31	0	-3	8	det1=true
[13290]	66	117	-24	-5	-8	-3	det1=true
[13291]	66	117	-27	-5	-8	3	det1=true
[13292]	70	117	-29	-9	-3	-8	det1=true
[13293]	70	117	-37	-9	-3	8	det1=true
[13294]	77	117	-28	-28	-5	-7	det1=true
[13295]	77	117	-35	-28	-5	7	det1=true
[13296]	80	117	-26	-1	-8	-5	det1=true
[13297]	80	117	-31	-1	-8	5	det1=true
[13298]	85	117	-16	4	-10	-1	det1=true
[13299]	85	117	-17	4	-10	1	det1=true
[13300]	87	117	-38	0	-8	-5	det1=true
[13301]	87	117	-43	0	-8	5	det1=true
[13302]	92	117	-13	0	-3	-10	det1=true
[13303]	92	117	-23	0	-3	10	det1=true
[13304]	98	117	-30	-1	-10	-3	det1=true
[13305]	98	117	-33	-1	-10	3	det1=true
[13306]	102	117	-46	-5	-10	-1	det1=true
[13307]	102	117	-47	-5	-10	1	det1=true
[13308]	112	117	-52	-21	-10	-1	det1=true
[13309]	112	117	-53	-21	-10	1	det1=true
[13310]	112	117	-51	-16	-10	-2	det1=true
[13311]	112	117	-53	-16	-10	2	det1=true
[13312]	112	117	-42	-31	-10	-2	det1=true
[13313]	112	117	-44	-31	-10	2	det1=true
[13314]	113	117	-44	-8	-8	-7	det1=true
[13315]	116	117	-19	2	-11	-4	det1=true
[13316]	116	117	-23	2	-11	4	det1=true
[13317]	116	117	-21	-10	-10	6	det1=true
[13318]	48	118	-20	-5	-2	-7	det1=true
[13319]	48	118	-27	-5	-2	7	det1=true
[13320]	49	118	-21	-14	-7	2	det1=true
[13321]	55	118	-15	-1	-8	-1	det1=true
[13322]	55	118	-16	-1	-8	1	det1=true
[13323]	61	118	-25	-11	-1	-8	det1=true
[13324]	61	118	-33	-11	-1	8	det1=true
[13325]	63	118	-17	0	-3	-8	det1=true
[13326]	63	118	-25	0	-3	8	det1=true
[13327]	70	118	-7	-3	-9	-2	det1=true
[13328]	70	118	-9	-3	-9	2	det1=true
[13329]	71	118	-15	-2	-9	2	det1=true
[13330]	75	118	-28	-13	-8	-4	det1=true
[13331]	75	118	-32	-13	-8	4	det1=true
[13332]	79	118	-25	-18	-9	-2	det1=true
[13333]	79	118	-27	-18	-9	2	det1=true
[13334]	104	118	-47	2	-10	-2	det1=true
[13335]	104	118	-49	2	-10	2	det1=true
[13336]	114	118	-53	-39	-8	-5	det1=true
[13337]	114	118	-58	-39	-8	5	det1=true
[13338]	118	118	-51	-51	-2	-9	det1=true
[13339]	118	118	-60	-51	-2	9	det1=true
[13340]	118	118	-45	-38	-10	-2	det1=true
[13341]	118	118	-47	-38	-10	2	det1=true
[13342]	38	119	-15	-15	-4	-5	det1=true
[13343]	38	119	-20	-15	-4	5	det1=true
[13344]	63	119	-28	-8	-8	-2	det1=true
[13345]	63	119	-30	-8	-8	2	det1=true
[13346]	74	119	-14	-17	-2	-9	det1=true
[13347]	78	119	-23	-3	-5	-8	det1=true
[13348]	78	119	-31	-3	-5	8	det1=true
[13349]	81	119	-29	-5	-9	-3	det1=true
[13350]	86	119	-37	-21	-9	-2	det1=true
[13351]	86	119	-39	-21	-9	2	det1=true
[13352]	95	119	-6	0	-9	-6	det1=true
[13353]	95	119	-12	0	-9	6	det1=true
[13354]	97	119	-38	-38	-6	-7	det1=true
[13355]	100	119	-39	-26	-9	-4	det1=true
[13356]	102	119	-26	1	-6	-9	det1=true
[13357]	102	119	-35	1	-6	9	det1=true
[13358]	104	119	-44	-3	-2	-10	det1=true
[13359]	104	119	-54	-3	-2	10	det1=true
[13360]	104	119	-15	-5	-10	-5	det1=true
[13361]	104	119	-20	-5	-10	5	det1=true
[13362]	111	119	-22	-6	-9	-7	det1=true
[13363]	114	119	-35	-28	-10	-4	det1=true
[13364]	114	119	-39	-28	-10	4	det1=true
[13365]	116	119	-51	-45	-5	-8	det1=true
[13366]	116	119	-59	-45	-5	8	det1=true
[13367]	119	119	-39	-3	-11	-3	det1=true
[13368]	119	119	-42	-3	-11	3	det1=true
[13369]	14	120	-6	-1	-4	-1	det1=true
[13370]	14	120	-7	-1	-4	1	det1=true
[13371]	52	120	-1	1	-7	-4	det1=true
[13372]	53	120	-7	-3	-4	-7	det1=true
[13373]	53	120	-14	-3	-4	7	det1=true
[13374]	96	120	-19	-21	-3	-10	det1=true
[13375]	96	120	-29	-21	-3	10	det1=true
[13376]	104	120	-27	-23	-8	-7	det1=true
[13377]	104	120	-34	-23	-8	7	det1=true
[13378]	109	120	-34	-21	-10	-4	det1=true
[13379]	109	120	-38	-21	-10	4	det1=true
[13380]	120	120	-25	-18	-11	-4	det1=true
[13381]	120	120	-29	-18	-11	4	det1=true
[13382]	23	117	-8	-9	-1	-5	det1=true
[13383]	23	117	-13	-9	-1	5	det1=true
[13384]	75	117	-24	-10	-1	-9	det1=true
[13385]	75	117	-8	1	-3	-9	det1=true
[13386]	75	117	-17	1	-3	9	det1=true
[13387]	80	117	-30	-5	-8	5	det1=true
[13388]	88	117	-21	-8	-2	10	det1=true
[13389]	90	117	-6	-1	-10	-3	det1=true
[13390]	90	117	-9	-1	-10	3	det1=true
[13391]	93	117	-23	-21	-6	-8	det1=true
[13392]	96	117	-39	5	-10	-1	det1=true
[13393]	96	117	-40	5	-10	1	det1=true
[13394]	97	117	-13	-12	-8	-7	det1=true
[13395]	97	117	-20	-12	-8	7	det1=true
[13396]	99	117	-44	-25	-5	-8	det1=true
[13397]	99	117	-52	-25	-5	8	det1=true
[13398]	101	117	-20	-17	-7	-8	det1=true
[13399]	101	117	-28	-17	-7	8	det1=true
[13400]	109	117	-49	-45	-9	-1	det1=true
[13401]	109	117	-50	-45	-9	1	det1=true
[13402]	109	117	-40	-32	-1	-10	det1=true
[13403]	109	117	-50	-32	-1	10	det1=true
[13404]	109	117	-20	-13	-11	-2	det1=true
[13405]	109	117	-22	-13	-11	2	det1=true
[13406]	112	117	-43	-7	-8	-7	det1=true
[13407]	112	117	-50	-7	-8	7	det1=true
[13408]	112	117	-31	-5	-11	-2	det1=true
[13409]	112	117	-33	-5	-11	2	det1=true
[13410]	113	117	-51	-8	-8	7	det1=true
[13411]	115	117	-37	-20	-6	-9	det1=true
[13412]	115	117	-46	-20	-6	9	det1=true
[13413]	115	117	-30	-14	-2	-11	det1=true
[13414]	115	117	-41	-14	-2	11	det1=true
[13415]	116	117	-32	-13	-2	-11	det1=true
[13416]	116	117	-43	-13	-2	11	det1=true
[13417]	117	117	-83	-7	-8	-2	det1=true
[13418]	117	117	-85	-7	-8	2	det1=true
[13419]	117	117	-51	-44	-8	-5	det1=true
[13420]	117	117	-56	-44	-8	5	det1=true
[13421]	49	118	-19	-14	-7	-2	det1=true
[13422]	53	118	-1	-1	-4	-7	det1=true
[13423]	53	118	-8	-1	-4	7	det1=true
[13424]	70	118	-9	0	-9	-2	det1=true
[13425]	70	118	-11	0	-9	2	det1=true
[13426]	71	118	-13	-2	-9	-2	det1=true
[13427]	81	118	-23	-15	-5	-8	det1=true
[13428]	81	118	-31	-15	-5	8	det1=true
[13429]	82	118	-7	4	-8	-6	det1=true
[13430]	82	118	-13	4	-8	6	det1=true
[13431]	83	118	-37	-5	-8	5	det1=true
[13432]	85	118	-36	-1	-8	-5	det1=true
[13433]	85	118	-41	-1	-8	5	det1=true
[13434]	88	118	-18	-3	-10	-2	det1=true
[13435]	89	118	-13	1	-3	10	det1=true
[13436]	104	118	-46	-11	-6	-8	det1=true
[13437]	104	118	-54	-11	-6	8	det1=true
[13438]	106	118	-31	-18	-7	-8	det1=true
[13439]	106	118	-39	-18	-7	8	det1=true
[13440]	109	118	-33	-18	-10	-4	det1=true
[13441]	109	118	-37	-18	-10	4	det1=true
[13442]	110	118	-31	-22	-4	-10	det1=true
[13443]	110	118	-41	-22	-4	10	det1=true
[13444]	112	118	-9	-2	-10	-6	det1=true
[13445]	112	118	-15	-2	-10	6	det1=true
[13446]	43	119	-13	-7	-1	-7	det1=true
[13447]	43	119	-20	-7	-1	7	det1=true
[13448]	45	119	-12	-7	-7	-2	det1=true
[13449]	45	119	-14	-7	-7	2	det1=true
[13450]	47	119	-18	-18	-1	-7	det1=true
[13451]	47	119	-25	-18	-1	7	det1=true
[13452]	47	119	-18	-9	-7	-2	det1=true
[13453]	47	119	-20	-9	-7	2	det1=true
[13454]	74	119	-29	-1	-6	7	det1=true
[13455]	75	119	-28	-3	-9	2	det1=true
[13456]	75	119	-24	-4	-7	-6	det1=true
[13457]	75	119	-30	-4	-7	6	det1=true
[13458]	80	119	-33	-10	-5	8	det1=true
[13459]	82	119	-16	-5	-4	-9	det1=true
[13460]	85	119	-41	-30	-1	9	det1=true
[13461]	85	119	-24	-14	-9	4	det1=true
[13462]	85	119	-16	-1	-1	-10	det1=true
[13463]	85	119	-26	-1	-1	10	det1=true
[13464]	93	119	-38	-17	-1	10	det1=true
[13465]	98	119	-20	-13	-8	-7	det1=true
[13466]	100	119	-49	-31	-9	-2	det1=true
[13467]	100	119	-51	-31	-9	2	det1=true
[13468]	104	119	-39	-33	-9	-4	det1=true
[13469]	104	119	-43	-33	-9	4	det1=true
[13470]	104	119	-27	-12	-9	-6	det1=true
[13471]	104	119	-33	-12	-9	6	det1=true
[13472]	104	119	-13	-7	-2	-11	det1=true
[13473]	104	119	-24	-7	-2	11	det1=true
[13474]	105	119	-41	-41	-3	-9	det1=true
[13475]	105	119	-50	-41	-3	9	det1=true
[13476]	105	119	-26	-5	-11	-1	det1=true
[13477]	105	119	-27	-5	-11	1	det1=true
[13478]	105	119	-21	-10	-1	-11	det1=true
[13479]	105	119	-32	-10	-1	11	det1=true
[13480]	107	119	-27	-23	-10	-4	det1=true
[13481]	107	119	-31	-23	-10	4	det1=true
[13482]	110	119	-51	-27	-9	-4	det1=true
[13483]	110	119	-55	-27	-9	4	det1=true
[13484]	110	119	-41	-13	-8	-7	det1=true
[13485]	110	119	-48	-13	-8	7	det1=true
[13486]	110	119	-47	-17	-7	8	det1=true
[13487]	111	119	-48	-20	-2	-10	det1=true
[13488]	111	119	-58	-20	-2	10	det1=true
[13489]	113	119	-13	-7	-6	-10	det1=true
[13490]	113	119	-23	-7	-6	10	det1=true
[13491]	115	119	-50	-53	-1	-9	det1=true
[13492]	115	119	-59	-53	-1	9	det1=true
[13493]	118	119	-12	1	-12	1	det1=true
[13494]	47	120	-17	-11	-2	-7	det1=true
[13495]	47	120	-24	-11	-2	7	det1=true
[13496]	49	120	-3	1	-5	-6	det1=true
[13497]	49	120	-9	1	-5	6	det1=true
[13498]	50	120	-21	-17	-2	-7	det1=true
[13499]	50	120	-28	-17	-2	7	det1=true
[13500]	58	120	-21	-10	-1	-8	det1=true
[13501]	58	120	-29	-10	-1	8	det1=true
[13502]	62	120	-24	-11	-2	-8	det1=true
[13503]	81	120	-9	4	-8	-6	det1=true
[13504]	81	120	-15	4	-8	6	det1=true
[13505]	91	120	-31	-11	-10	-1	det1=true
[13506]	91	120	-30	5	-10	-2	det1=true
[13507]	91	120	-32	5	-10	2	det1=true
[13508]	97	120	-36	1	-2	-10	det1=true
[13509]	97	120	-46	1	-2	10	det1=true
[13510]	98	120	-36	-19	-10	2	det1=true
[13511]	99	120	-45	4	-8	-6	det1=true
[13512]	99	120	-51	4	-8	6	det1=true
[13513]	99	120	-36	-1	-10	-3	det1=true
[13514]	99	120	-39	-1	-10	3	det1=true
[13515]	108	120	-46	-19	-2	-10	det1=true
[13516]	108	120	-56	-19	-2	10	det1=true
[13517]	111	120	-43	4	-9	-6	det1=true
[13518]	111	120	-49	4	-9	6	det1=true
[13519]	113	120	-54	-19	-10	-2	det1=true
[13520]	116	120	-25	-3	-11	-4	det1=true
[13521]	116	120	-29	-3	-11	4	det1=true
[13522]	116	120	-21	-11	-11	-4	det1=true
[13523]	116	120	-25	-11	-11	4	det1=true
[13524]	54	117	-7	0	-7	-4	det1=true
[13525]	54	117	-11	0	-7	4	det1=true
[13526]	58	117	-15	-13	-7	-4	det1=true
[13527]	58	117	-19	-13	-7	4	det1=true
[13528]	60	117	-19	-15	-4	-7	det1=true
[13529]	60	117	-26	-15	-4	7	det1=true
[13530]	61	117	-24	4	-8	-2	det1=true
[13531]	61	117	-9	-2	-8	-3	det1=true
[13532]	61	117	-12	-2	-8	3	det1=true
[13533]	63	117	-13	-1	-5	-7	det1=true
[13534]	63	117	-20	-1	-5	7	det1=true
[13535]	75	117	-21	-16	-1	-9	det1=true
[13536]	75	117	-30	-16	-1	9	det1=true
[13537]	80	117	-25	-5	-8	-5	det1=true
[13538]	85	117	-35	0	-8	-5	det1=true
[13539]	85	117	-40	0	-8	5	det1=true
[13540]	88	117	-11	-8	-2	-10	det1=true
[13541]	89	117	-35	-18	-8	-5	det1=true
[13542]	89	117	-40	-18	-8	5	det1=true
[13543]	91	117	-40	-13	-9	-3	det1=true
[13544]	91	117	-43	-13	-9	3	det1=true
[13545]	93	117	-33	1	-8	-6	det1=true
[13546]	93	117	-39	1	-8	6	det1=true
[13547]	93	117	-24	-8	-2	-10	det1=true
[13548]	93	117	-34	-8	-2	10	det1=true
[13549]	95	117	-36	-29	-5	-8	det1=true
[13550]	95	117	-44	-29	-5	8	det1=true
[13551]	97	117	-13	1	-10	-4	det1=true
[13552]	97	117	-17	1	-10	4	det1=true
[13553]	100	117	-35	-28	-2	10	det1=true
[13554]	102	117	-33	-13	-7	8	det1=true
[13555]	104	117	-25	-19	-7	-8	det1=true
[13556]	104	117	-33	-19	-7	8	det1=true
[13557]	104	117	-19	-3	-2	11	det1=true
[13558]	106	117	-48	-11	-8	-6	det1=true
[13559]	106	117	-39	-13	-10	-3	det1=true
[13560]	106	117	-42	-13	-10	3	det1=true
[13561]	107	117	-47	-11	-10	-2	det1=true
[13562]	107	117	-49	-11	-10	2	det1=true
[13563]	107	117	-37	-20	-8	7	det1=true
[13564]	108	117	-44	-33	-2	10	det1=true
[13565]	108	117	-23	-23	-6	-9	det1=true
[13566]	108	117	-32	-23	-6	9	det1=true
[13567]	110	117	-36	-7	-4	-10	det1=true
[13568]	110	117	-46	-7	-4	10	det1=true
[13569]	111	117	-51	-13	-10	-2	det1=true
[13570]	111	117	-53	-13	-10	2	det1=true
[13571]	112	117	-39	-38	-8	-6	det1=true
[13572]	112	117	-45	-38	-8	6	det1=true
[13573]	115	117	-40	-6	-11	-1	det1=true
[13574]	115	117	-41	-6	-11	1	det1=true
[13575]	115	117	-34	-31	-7	-8	det1=true
[13576]	115	117	-42	-31	-7	8	det1=true
[13577]	116	117	-23	-12	-6	10	det1=true
[13578]	117	117	-32	-24	-1	-11	det1=true
[13579]	117	117	-16	-12	-6	-10	det1=true
[13580]	25	118	-9	-6	-5	-2	det1=true
[13581]	25	118	-11	-6	-5	2	det1=true
[13582]	46	118	-13	-9	-7	-2	det1=true
[13583]	46	118	-15	-9	-7	2	det1=true
[13584]	49	118	-19	-16	-6	-4	det1=true
[13585]	61	118	-12	-1	-8	-3	det1=true
[13586]	61	118	-15	-1	-8	3	det1=true
[13587]	62	118	-25	-17	-8	-1	det1=true
[13588]	62	118	-26	-17	-8	1	det1=true
[13589]	62	118	-22	-19	-4	-7	det1=true
[13590]	62	118	-29	-19	-4	7	det1=true
[13591]	76	118	-18	-1	-8	-5	det1=true
[13592]	76	118	-23	-1	-8	5	det1=true
[13593]	79	118	-23	-19	-7	-6	det1=true
[13594]	79	118	-29	-19	-7	6	det1=true
[13595]	83	118	-35	-11	-7	-6	det1=true
[13596]	83	118	-41	-11	-7	6	det1=true
[13597]	83	118	-10	-3	-8	-6	det1=true
[13598]	83	118	-16	-3	-8	6	det1=true
[13599]	88	118	-15	-8	-10	-2	det1=true
[13600]	88	118	-17	-8	-10	2	det1=true
[13601]	90	118	-41	-6	-5	-8	det1=true
[13602]	90	118	-49	-6	-5	8	det1=true
[13603]	96	118	-34	-7	-10	-2	det1=true
[13604]	96	118	-36	-7	-10	2	det1=true
[13605]	98	118	-32	3	-10	-3	det1=true
[13606]	98	118	-35	3	-10	3	det1=true
[13607]	98	118	-32	-9	-10	3	det1=true
[13608]	98	118	-28	-11	-10	-3	det1=true
[13609]	100	118	-21	0	-9	-6	det1=true
[13610]	100	118	-27	0	-9	6	det1=true
[13611]	101	118	-35	-31	-9	-4	det1=true
[13612]	101	118	-39	-31	-9	4	det1=true
[13613]	103	118	-42	-21	-10	-1	det1=true
[13614]	103	118	-43	-21	-10	1	det1=true
[13615]	105	118	-24	-19	-4	-10	det1=true
[13616]	105	118	-34	-19	-4	10	det1=true
[13617]	107	118	-37	-34	-1	-10	det1=true
[13618]	107	118	-47	-34	-1	10	det1=true
[13619]	114	118	-47	-2	-7	-8	det1=true
[13620]	114	118	-55	-2	-7	8	det1=true
[13621]	35	119	-12	-4	-5	-4	det1=true
[13622]	35	119	-16	-4	-5	4	det1=true
[13623]	55	119	-16	-16	-5	-6	det1=true
[13624]	55	119	-22	-16	-5	6	det1=true
[13625]	64	119	-21	1	-3	-8	det1=true
[13626]	64	119	-29	1	-3	8	det1=true
[13627]	71	119	-30	-13	-5	-7	det1=true
[13628]	71	119	-37	-13	-5	7	det1=true
[13629]	77	119	-28	-9	-9	-2	det1=true
[13630]	77	119	-30	-9	-9	2	det1=true
[13631]	79	119	-26	-17	-7	-6	det1=true
[13632]	79	119	-32	-17	-7	6	det1=true
[13633]	80	119	-25	-10	-5	-8	det1=true
[13634]	85	119	-20	-14	-9	-4	det1=true
[13635]	87	119	-10	-12	-2	-10	det1=true
[13636]	87	119	-20	-12	-2	10	det1=true
[13637]	88	119	-27	-14	-9	-4	det1=true
[13638]	89	119	-16	-2	-5	-9	det1=true
[13639]	89	119	-25	-2	-5	9	det1=true
[13640]	93	119	-36	-34	-7	-6	det1=true
[13641]	93	119	-28	-17	-1	-10	det1=true
[13642]	94	119	-21	-7	-3	-10	det1=true
[13643]	94	119	-31	-7	-3	10	det1=true
[13644]	95	119	-24	-16	-5	-9	det1=true
[13645]	95	119	-33	-16	-5	9	det1=true
[13646]	98	119	-27	-13	-8	7	det1=true
[13647]	105	119	-49	-49	-5	-7	det1=true
[13648]	105	119	-56	-49	-5	7	det1=true
[13649]	105	119	-29	-10	-6	-9	det1=true
[13650]	105	119	-17	-17	-1	-11	det1=true
[13651]	106	119	-43	-9	-10	-3	det1=true
[13652]	106	119	-35	-13	-7	-8	det1=true
[13653]	107	119	-44	-10	-10	-3	det1=true
[13654]	107	119	-47	-10	-10	3	det1=true
[13655]	107	119	-35	-3	-4	-10	det1=true
[13656]	107	119	-45	-3	-4	10	det1=true
[13657]	108	119	-39	-11	-8	-7	det1=true
[13658]	108	119	-46	-11	-8	7	det1=true
[13659]	108	119	-38	-7	-10	-4	det1=true
[13660]	109	119	-53	-43	-9	-1	det1=true
[13661]	109	119	-54	-43	-9	1	det1=true
[13662]	110	119	-39	-38	-1	-10	det1=true
[13663]	110	119	-39	-17	-7	-8	det1=true
[13664]	111	119	-29	-6	-9	7	det1=true
[13665]	115	119	-55	-49	-9	1	det1=true
[13666]	117	119	-26	-30	-2	-11	det1=true
[13667]	117	119	-37	-30	-2	11	det1=true
[13668]	55	120	-21	-11	-5	-6	det1=true
[13669]	55	120	-27	-11	-5	6	det1=true
[13670]	62	120	-27	-8	-8	-2	det1=true
[13671]	62	120	-29	-8	-8	2	det1=true
[13672]	62	120	-32	-11	-2	8	det1=true
[13673]	64	120	-28	-11	-2	-8	det1=true
[13674]	64	120	-36	-11	-2	8	det1=true
[13675]	89	120	-28	-9	-10	-1	det1=true
[13676]	97	120	-40	5	-10	-2	det1=true
[13677]	97	120	-42	5	-10	2	det1=true
[13678]	99	120	-37	-20	-10	2	det1=true
[13679]	105	120	-31	-11	-9	-6	det1=true
[13680]	105	120	-37	-11	-9	6	det1=true
[13681]	108	120	-50	-37	-8	-5	det1=true
[13682]	108	120	-55	-37	-8	5	det1=true
[13683]	109	120	-49	-30	-9	-4	det1=true
[13684]	109	120	-53	-30	-9	4	det1=true
[13685]	109	120	-42	-1	-10	-4	det1=true
[13686]	109	120	-46	-1	-10	4	det1=true
[13687]	109	120	-39	-34	-10	-2	det1=true
[13688]	109	120	-31	-24	-4	-10	det1=true
[13689]	109	120	-41	-24	-4	10	det1=true
[13690]	112	120	-40	-13	-6	-9	det1=true
[13691]	112	120	-49	-13	-6	9	det1=true
[13692]	114	120	-39	-5	-11	-2	det1=true
[13693]	114	120	-41	-5	-11	2	det1=true
[13694]	116	120	-49	-36	-1	-10	det1=true
[13695]	116	120	-59	-36	-1	10	det1=true
[13696]	117	120	-21	-16	-10	-6	det1=true
[13697]	117	120	-27	-16	-10	6	det1=true
[13698]	48	117	-21	-4	-7	-2	det1=true
[13699]	48	117	-23	-4	-7	2	det1=true
[13700]	64	117	-17	-6	-3	-8	det1=true
[13701]	64	117	-25	-6	-3	8	det1=true
[13702]	66	117	-29	-10	-2	-8	det1=true
[13703]	66	117	-37	-10	-2	8	det1=true
[13704]	71	117	-33	-14	-8	3	det1=true
[13705]	75	117	-33	-10	-1	9	det1=true
[13706]	76	117	-37	-27	-3	8	det1=true
[13707]	78	117	-36	-23	-8	-3	det1=true
[13708]	78	117	-39	-23	-8	3	det1=true
[13709]	88	117	-20	-9	-6	-8	det1=true
[13710]	88	117	-28	-9	-6	8	det1=true
[13711]	100	117	-29	-24	-10	-2	det1=true
[13712]	100	117	-25	-28	-2	-10	det1=true
[13713]	101	117	-6	-1	-1	-11	det1=true
[13714]	101	117	-17	-1	-1	11	det1=true
[13715]	104	117	-36	-13	-10	-3	det1=true
[13716]	104	117	-39	-13	-10	3	det1=true
[13717]	104	117	-19	-20	-4	-10	det1=true
[13718]	104	117	-29	-20	-4	10	det1=true
[13719]	106	117	-54	-11	-8	6	det1=true
[13720]	107	117	-30	-20	-8	-7	det1=true
[13721]	108	117	-34	-33	-2	-10	det1=true
[13722]	108	117	-23	-4	-11	-2	det1=true
[13723]	108	117	-25	-4	-11	2	det1=true
[13724]	109	117	-39	-34	-10	-1	det1=true
[13725]	109	117	-40	-34	-10	1	det1=true
[13726]	115	117	-38	-26	-7	-8	det1=true
[13727]	115	117	-46	-26	-7	8	det1=true
[13728]	115	117	-39	-25	-1	11	det1=true
[13729]	115	117	-11	-6	-4	-11	det1=true
[13730]	117	117	-42	-38	-2	-10	det1=true
[13731]	117	117	-52	-38	-2	10	det1=true
[13732]	117	117	-37	-19	-11	-1	det1=true
[13733]	117	117	-38	-19	-11	1	det1=true
[13734]	32	118	-11	-7	-6	-1	det1=true
[13735]	32	118	-12	-7	-6	1	det1=true
[13736]	36	118	-14	-5	-4	-5	det1=true
[13737]	36	118	-19	-5	-4	5	det1=true
[13738]	44	118	-12	-1	-6	-4	det1=true
[13739]	49	118	-23	-16	-6	4	det1=true
[13740]	56	118	-24	-5	-6	-5	det1=true
[13741]	56	118	-29	-5	-6	5	det1=true
[13742]	58	118	-21	-6	-7	-4	det1=true
[13743]	58	118	-25	-6	-7	4	det1=true
[13744]	76	118	-13	-10	-5	-8	det1=true
[13745]	76	118	-21	-10	-5	8	det1=true
[13746]	82	118	-33	-12	-7	-6	det1=true
[13747]	82	118	-39	-12	-7	6	det1=true
[13748]	83	118	-32	-5	-8	-5	det1=true
[13749]	83	118	-17	-4	-6	8	det1=true
[13750]	88	118	-39	-1	-5	-8	det1=true
[13751]	88	118	-47	-1	-5	8	det1=true
[13752]	88	118	-20	-3	-10	2	det1=true
[13753]	93	118	-35	-28	-5	-8	det1=true
[13754]	93	118	-43	-28	-5	8	det1=true
[13755]	95	118	-26	1	-10	-3	det1=true
[13756]	98	118	-29	-9	-10	-3	det1=true
[13757]	98	118	-31	-11	-10	3	det1=true
[13758]	100	118	-15	-12	-9	-6	det1=true
[13759]	100	118	-21	-12	-9	6	det1=true
[13760]	105	118	-27	-16	-10	-4	det1=true
[13761]	105	118	-31	-16	-10	4	det1=true
[13762]	106	118	-45	-6	-2	-10	det1=true
[13763]	106	118	-55	-6	-2	10	det1=true
[13764]	107	118	-43	-25	-1	-10	det1=true
[13765]	107	118	-53	-25	-1	10	det1=true
[13766]	108	118	-38	-1	-10	-4	det1=true
[13767]	108	118	-42	-1	-10	4	det1=true
[13768]	108	118	-35	-4	-4	-10	det1=true
[13769]	108	118	-45	-4	-4	10	det1=true
[13770]	108	118	-35	-17	-8	-7	det1=true
[13771]	108	118	-42	-17	-8	7	det1=true
[13772]	112	118	-17	-4	-6	10	det1=true
[13773]	112	118	-3	-3	-4	-11	det1=true
[13774]	114	118	-52	-27	-10	-1	det1=true
[13775]	114	118	-53	-27	-10	1	det1=true
[13776]	117	118	-35	-13	-2	-11	det1=true
[13777]	117	118	-46	-13	-2	11	det1=true
[13778]	24	119	-9	-5	-2	5	det1=true
[13779]	36	119	-13	-9	-5	-4	det1=true
[13780]	36	119	-17	-9	-5	4	det1=true
[13781]	47	119	-21	-15	-7	-1	det1=true
[13782]	47	119	-22	-15	-7	1	det1=true
[13783]	63	119	-26	-12	-8	-2	det1=true
[13784]	63	119	-28	-12	-8	2	det1=true
[13785]	68	119	-27	-13	-8	-3	det1=true
[13786]	68	119	-30	-13	-8	3	det1=true
[13787]	70	119	-9	-5	-9	-2	det1=true
[13788]	75	119	-13	1	-3	-9	det1=true
[13789]	77	119	-26	-10	-7	-6	det1=true
[13790]	79	119	-8	1	-9	-4	det1=true
[13791]	79	119	-12	1	-9	4	det1=true
[13792]	82	119	-33	-17	-9	-2	det1=true
[13793]	82	119	-35	-17	-9	2	det1=true
[13794]	82	119	-23	-20	-5	-8	det1=true
[13795]	82	119	-31	-20	-5	8	det1=true
[13796]	82	119	-25	-5	-4	9	det1=true
[13797]	85	119	-32	-30	-1	-9	det1=true
[13798]	87	119	-14	-8	-10	-2	det1=true
[13799]	87	119	-16	-8	-10	2	det1=true
[13800]	88	119	-4	3	-10	-3	det1=true
[13801]	88	119	-7	3	-10	3	det1=true
[13802]	89	119	-36	-27	-7	-6	det1=true
[13803]	89	119	-42	-27	-7	6	det1=true
[13804]	89	119	-33	-36	-1	-9	det1=true
[13805]	89	119	-42	-36	-1	9	det1=true
[13806]	95	119	-34	-6	-10	-2	det1=true
[13807]	95	119	-36	-6	-10	2	det1=true
[13808]	95	119	-30	-10	-2	-10	det1=true
[13809]	95	119	-40	-10	-2	10	det1=true
[13810]	95	119	-21	-14	-10	-3	det1=true
[13811]	95	119	-24	-14	-10	3	det1=true
[13812]	97	119	-45	-38	-6	7	det1=true
[13813]	97	119	-31	-9	-5	-9	det1=true
[13814]	97	119	-40	-9	-5	9	det1=true
[13815]	106	119	-46	-9	-10	3	det1=true
[13816]	106	119	-39	-14	-3	-10	det1=true
[13817]	106	119	-49	-14	-3	10	det1=true
[13818]	106	119	-43	-13	-7	8	det1=true
[13819]	107	119	-30	-18	-4	-10	det1=true
[13820]	107	119	-40	-18	-4	10	det1=true
[13821]	108	119	-37	-24	-3	-10	det1=true
[13822]	108	119	-47	-24	-3	10	det1=true
[13823]	109	119	-49	-47	-1	-9	det1=true
[13824]	109	119	-58	-47	-1	9	det1=true
[13825]	110	119	-49	-45	-9	-2	det1=true
[13826]	110	119	-51	-45	-9	2	det1=true
[13827]	110	119	-49	-38	-1	10	det1=true
[13828]	111	119	-29	-6	-2	-11	det1=true
[13829]	111	119	-40	-6	-2	11	det1=true
[13830]	112	119	-19	-2	-10	6	det1=true
[13831]	114	119	-23	3	-11	4	det1=true
[13832]	115	119	-52	-16	-5	-9	det1=true
[13833]	115	119	-61	-16	-5	9	det1=true
[13834]	116	119	-21	-7	-11	-4	det1=true
[13835]	116	119	-25	-7	-11	4	det1=true
[13836]	118	119	-7	-1	-8	-9	det1=true
[13837]	118	119	-16	-1	-8	9	det1=true
[13838]	119	119	-37	-4	-9	-7	det1=true
[13839]	119	119	-36	-12	-11	-3	det1=true
[13840]	119	119	-39	-12	-11	3	det1=true
[13841]	119	119	-32	-16	-3	-11	det1=true
[13842]	119	119	-43	-16	-3	11	det1=true
[13843]	119	119	-30	-2	-10	-6	det1=true
[13844]	119	119	-36	-2	-10	6	det1=true
[13845]	119	119	-15	0	-12	-1	det1=true
[13846]	119	119	-16	0	-12	1	det1=true
[13847]	46	120	-16	-7	-2	-7	det1=true
[13848]	46	120	-23	-7	-2	7	det1=true
[13849]	52	120	-5	1	-7	4	det1=true
[13850]	64	120	-31	-8	-8	-2	det1=true
[13851]	64	120	-33	-8	-8	2	det1=true
[13852]	78	120	-26	-1	-8	-5	det1=true
[13853]	78	120	-31	-1	-8	5	det1=true
[13854]	90	120	-16	-19	-2	-10	det1=true
[13855]	90	120	-26	-19	-2	10	det1=true
[13856]	92	120	-41	-21	-8	-5	det1=true
[13857]	92	120	-46	-21	-8	5	det1=true
[13858]	93	120	-28	-21	-10	-1	det1=true
[13859]	98	120	-34	-19	-10	-2	det1=true
[13860]	106	120	-35	-4	-9	-6	det1=true
[13861]	106	120	-41	-4	-9	6	det1=true
[13862]	108	120	-29	-4	-11	-2	det1=true
[13863]	108	120	-31	-4	-11	2	det1=true
[13864]	109	120	-41	-34	-10	2	det1=true
[13865]	109	120	-45	-38	-2	10	det1=true
[13866]	110	120	-49	-41	-8	-5	det1=true
[13867]	116	120	-35	-31	-6	-9	det1=true
[13868]	116	120	-44	-31	-6	9	det1=true
[13869]	120	120	-32	-31	-2	-11	det1=true
[13870]	120	120	-43	-31	-2	11	det1=true
[13871]	120	120	-41	-6	-6	10	det1=true
[13872]	43	117	-12	-1	-1	-7	det1=true
[13873]	43	117	-19	-1	-1	7	det1=true
[13874]	44	117	-4	-3	-2	-7	det1=true
[13875]	44	117	-11	-3	-2	7	det1=true
[13876]	46	117	-13	-7	-7	-2	det1=true
[13877]	46	117	-15	-7	-7	2	det1=true
[13878]	61	117	-19	-11	-8	-2	det1=true
[13879]	61	117	-21	-11	-8	2	det1=true
[13880]	65	117	-19	-4	-7	-5	det1=true
[13881]	65	117	-24	-4	-7	5	det1=true
[13882]	71	117	-30	-14	-8	-3	det1=true
[13883]	76	117	-29	-27	-3	-8	det1=true
[13884]	83	117	-29	-10	-8	-5	det1=true
[13885]	90	117	-24	-11	-8	-6	det1=true
[13886]	90	117	-30	-11	-8	6	det1=true
[13887]	90	117	-21	-13	-1	-10	det1=true
[13888]	90	117	-31	-13	-1	10	det1=true
[13889]	94	117	-31	-5	-1	-10	det1=true
[13890]	94	117	-41	-5	-1	10	det1=true
[13891]	97	117	-34	-12	-1	-10	det1=true
[13892]	97	117	-44	-12	-1	10	det1=true
[13893]	101	117	-28	2	-8	-7	det1=true
[13894]	101	117	-35	2	-8	7	det1=true
[13895]	102	117	-25	-13	-7	-8	det1=true
[13896]	104	117	-30	-11	-8	-7	det1=true
[13897]	104	117	-37	-11	-8	7	det1=true
[13898]	104	117	-8	-3	-2	-11	det1=true
[13899]	105	117	-15	-13	-1	-11	det1=true
[13900]	105	117	-26	-13	-1	11	det1=true
[13901]	107	117	-39	-16	-10	-3	det1=true
[13902]	107	117	-42	-16	-10	3	det1=true
[13903]	108	117	-21	-8	-11	-2	det1=true
[13904]	108	117	-23	-8	-11	2	det1=true
[13905]	108	117	-24	-17	-2	11	det1=true
[13906]	115	117	-28	-25	-1	-11	det1=true
[13907]	116	117	-13	-12	-6	-10	det1=true
[13908]	58	118	-27	-9	-1	8	det1=true
[13909]	78	118	-21	-5	-5	-8	det1=true
[13910]	78	118	-29	-5	-5	8	det1=true
[13911]	78	118	-27	-5	-8	5	det1=true
[13912]	83	118	-9	-4	-6	-8	det1=true
[13913]	85	118	-19	1	-10	1	det1=true
[13914]	89	118	-3	1	-3	-10	det1=true
[13915]	91	118	-29	-9	-10	-1	det1=true
[13916]	91	118	-30	-9	-10	1	det1=true
[13917]	95	118	-29	1	-10	3	det1=true
[13918]	95	118	-16	1	-8	-7	det1=true
[13919]	95	118	-23	1	-8	7	det1=true
[13920]	97	118	-19	-2	-10	4	det1=true
[13921]	97	118	-22	-5	-4	10	det1=true
[13922]	107	118	-44	-25	-8	-6	det1=true
[13923]	107	118	-50	-25	-8	6	det1=true
[13924]	115	118	-52	-43	-4	9	det1=true
[13925]	65	119	-15	-15	-5	-7	det1=true
[13926]	70	119	-11	-5	-9	2	det1=true
[13927]	74	119	-23	-17	-2	9	det1=true
[13928]	75	119	-26	-3	-9	-2	det1=true
[13929]	75	119	-22	1	-3	9	det1=true
[13930]	79	119	-21	-10	-3	-9	det1=true
[13931]	79	119	-30	-10	-3	9	det1=true
[13932]	80	119	-29	-15	-6	-7	det1=true
[13933]	80	119	-36	-15	-6	7	det1=true
[13934]	81	119	-23	-16	-9	-3	det1=true
[13935]	86	119	-40	-35	-8	-3	det1=true
[13936]	86	119	-43	-35	-8	3	det1=true
[13937]	89	119	-18	0	-9	-5	det1=true
[13938]	89	119	-23	0	-9	5	det1=true
[13939]	92	119	-25	-9	-3	10	det1=true
[13940]	93	119	-11	-2	-8	-7	det1=true
[13941]	93	119	-18	-2	-8	7	det1=true
[13942]	97	119	-33	-7	-9	-5	det1=true
[13943]	97	119	-38	-7	-9	5	det1=true
[13944]	98	119	-45	-33	-9	-2	det1=true
[13945]	98	119	-47	-33	-9	2	det1=true
[13946]	100	119	-19	-9	-6	-9	det1=true
[13947]	100	119	-28	-9	-6	9	det1=true
[13948]	105	119	-31	-18	-8	-7	det1=true
[13949]	105	119	-38	-18	-8	7	det1=true
[13950]	105	119	-38	-10	-6	9	det1=true
[13951]	105	119	-28	-22	-7	-8	det1=true
[13952]	105	119	-36	-22	-7	8	det1=true
[13953]	105	119	-22	-12	-11	-1	det1=true
[13954]	105	119	-23	-12	-11	1	det1=true
[13955]	105	119	-28	-17	-1	11	det1=true
[13956]	107	119	-47	-7	-9	-5	det1=true
[13957]	107	119	-52	-7	-9	5	det1=true
[13958]	107	119	-38	-24	-7	8	det1=true
[13959]	107	119	-15	2	-11	-3	det1=true
[13960]	107	119	-18	2	-11	3	det1=true
[13961]	108	119	-39	-10	-7	-8	det1=true
[13962]	108	119	-47	-10	-7	8	det1=true
[13963]	111	119	-18	-14	-11	-3	det1=true
[13964]	111	119	-21	-14	-11	3	det1=true
[13965]	116	119	-50	-7	-8	-7	det1=true
[13966]	116	119	-57	-7	-8	7	det1=true
[13967]	117	119	-39	-32	-8	-7	det1=true
[13968]	117	119	-46	-32	-8	7	det1=true
[13969]	118	119	-11	1	-12	-1	det1=true
[13970]	119	119	-48	-44	-4	-9	det1=true
[13971]	119	119	-31	-18	-3	-11	det1=true
[13972]	119	119	-42	-18	-3	11	det1=true
[13973]	54	120	-11	-5	-1	-8	det1=true
[13974]	54	120	-19	-5	-1	8	det1=true
[13975]	92	120	-36	-1	-10	-1	det1=true
[13976]	92	120	-37	-1	-10	1	det1=true
[13977]	93	120	-1	-2	-4	-10	det1=true
[13978]	93	120	-11	-2	-4	10	det1=true
[13979]	101	120	-29	-11	-7	-8	det1=true
[13980]	101	120	-37	-11	-7	8	det1=true
[13981]	109	120	-35	-38	-2	-10	det1=true
[13982]	113	120	-56	-19	-10	2	det1=true
[13983]	113	120	-49	-11	-9	6	det1=true
[13984]	39	117	-17	-14	-4	-5	det1=true
[13985]	39	117	-22	-14	-4	5	det1=true
[13986]	77	117	-21	-22	-1	-9	det1=true
[13987]	77	117	-30	-22	-1	9	det1=true
[13988]	81	117	-38	-34	-8	-2	det1=true
[13989]	81	117	-40	-34	-8	2	det1=true
[13990]	83	117	-34	-10	-8	5	det1=true
[13991]	100	117	-31	-24	-10	2	det1=true
[13992]	103	117	-3	-2	-2	-11	det1=true
[13993]	103	117	-14	-2	-2	11	det1=true
[13994]	105	117	-12	-2	-2	-11	det1=true
[13995]	105	117	-23	-2	-2	11	det1=true
[13996]	108	117	-39	1	-8	-7	det1=true
[13997]	108	117	-46	1	-8	7	det1=true
[13998]	108	117	-13	-17	-2	-11	det1=true
[13999]	111	117	-32	-26	-7	-8	det1=true
[14000]	112	117	-20	-21	-2	-11	det1=true
[14001]	112	117	-31	-21	-2	11	det1=true
[14002]	114	117	-31	-5	-2	-11	det1=true
[14003]	114	117	-42	-5	-2	11	det1=true
[14004]	114	117	-35	-3	-11	-2	det1=true
[14005]	114	117	-37	-3	-11	2	det1=true
[14006]	117	117	-55	-48	-9	-1	det1=true
[14007]	117	117	-56	-48	-9	1	det1=true
[14008]	117	117	-43	-24	-1	11	det1=true
[14009]	44	118	-11	-2	-4	-6	det1=true
[14010]	44	118	-17	-2	-4	6	det1=true
[14011]	70	118	-5	-4	-7	-6	det1=true
[14012]	70	118	-11	-4	-7	6	det1=true
[14013]	77	118	-31	-28	-3	-8	det1=true
[14014]	77	118	-39	-28	-3	8	det1=true
[14015]	88	118	-14	-7	-2	-10	det1=true
[14016]	88	118	-24	-7	-2	10	det1=true
[14017]	97	118	-15	-2	-10	-4	det1=true
[14018]	102	118	-31	-1	-8	-7	det1=true
[14019]	102	118	-38	-1	-8	7	det1=true
[14020]	106	118	-49	-2	-10	-2	det1=true
[14021]	106	118	-51	-2	-10	2	det1=true
[14022]	111	118	-48	-41	-8	-5	det1=true
[14023]	111	118	-53	-41	-8	5	det1=true
[14024]	112	118	-7	-4	-6	-10	det1=true
[14025]	112	118	-14	-3	-4	11	det1=true
[14026]	115	118	-43	-43	-4	-9	det1=true
[14027]	21	119	0	-1	-1	-5	det1=true
[14028]	21	119	-5	-1	-1	5	det1=true
[14029]	24	119	-4	-5	-2	-5	det1=true
[14030]	63	119	-21	4	-8	-3	det1=true
[14031]	63	119	-24	4	-8	3	det1=true
[14032]	65	119	-16	-14	-7	-5	det1=true
[14033]	74	119	-22	-1	-6	-7	det1=true
[14034]	74	119	-21	-3	-2	-9	det1=true
[14035]	74	119	-30	-3	-2	9	det1=true
[14036]	81	119	-26	-16	-9	3	det1=true
[14037]	87	119	-28	-26	-8	-5	det1=true
[14038]	87	119	-33	-26	-8	5	det1=true
[14039]	87	119	-24	-4	-10	-1	det1=true
[14040]	87	119	-25	-4	-10	1	det1=true
[14041]	92	119	-15	-9	-3	-10	det1=true
[14042]	94	119	-45	-26	-9	-2	det1=true
[14043]	94	119	-47	-26	-9	2	det1=true
[14044]	95	119	-17	-4	-8	-7	det1=true
[14045]	95	119	-24	-4	-8	7	det1=true
[14046]	101	119	-30	-33	-1	-10	det1=true
[14047]	101	119	-40	-33	-1	10	det1=true
[14048]	105	119	-26	-16	-6	-9	det1=true
[14049]	105	119	-35	-16	-6	9	det1=true
[14050]	107	119	-24	-26	-4	-10	det1=true
[14051]	107	119	-34	-26	-4	10	det1=true
[14052]	113	119	-12	-6	-11	-4	det1=true
[14053]	113	119	-16	-6	-11	4	det1=true
[14054]	114	119	-32	-31	-4	-10	det1=true
[14055]	114	119	-42	-31	-4	10	det1=true
[14056]	78	120	-25	-5	-8	-5	det1=true
[14057]	78	120	-30	-5	-8	5	det1=true
[14058]	85	120	-14	1	-10	-2	det1=true
[14059]	85	120	-16	1	-10	2	det1=true
[14060]	86	120	-29	-8	-1	10	det1=true
[14061]	93	120	-29	-21	-10	1	det1=true
[14062]	99	120	-35	-20	-10	-2	det1=true
[14063]	105	120	-32	-5	-6	-9	det1=true
[14064]	105	120	-41	-5	-6	9	det1=true
[14065]	112	120	-32	-7	-2	-11	det1=true
[14066]	112	120	-43	-7	-2	11	det1=true
[14067]	114	120	-18	-1	-4	-11	det1=true
[14068]	114	120	-29	-1	-4	11	det1=true
[14069]	43	117	-8	-10	-1	-7	det1=true
[14070]	43	117	-15	-10	-1	7	det1=true
[14071]	63	117	-18	4	-8	-3	det1=true
[14072]	63	117	-21	4	-8	3	det1=true
[14073]	93	117	-28	-4	-10	-2	det1=true
[14074]	93	117	-30	-4	-10	2	det1=true
[14075]	93	117	-24	-20	-8	-6	det1=true
[14076]	93	117	-30	-20	-8	6	det1=true
[14077]	94	117	-21	-25	-1	-10	det1=true
[14078]	94	117	-31	-25	-1	10	det1=true
[14079]	94	117	-7	-4	-7	-8	det1=true
[14080]	94	117	-15	-4	-7	8	det1=true
[14081]	100	117	-26	1	-8	-7	det1=true
[14082]	100	117	-33	1	-8	7	det1=true
[14083]	107	117	-32	-5	-9	-6	det1=true
[14084]	107	117	-38	-5	-9	6	det1=true
[14085]	116	117	-44	-1	-6	-9	det1=true
[14086]	36	118	-13	-7	-4	-5	det1=true
[14087]	36	118	-18	-7	-4	5	det1=true
[14088]	44	118	-16	-1	-6	4	det1=true
[14089]	58	118	-19	-9	-1	-8	det1=true
[14090]	78	118	-22	-5	-8	-5	det1=true
[14091]	85	118	-18	1	-10	-1	det1=true
[14092]	96	118	-30	-11	-2	-10	det1=true
[14093]	109	118	-51	-39	-7	-6	det1=true
[14094]	109	118	-57	-39	-7	6	det1=true
[14095]	65	119	-21	-14	-7	5	det1=true
[14096]	65	119	-22	-15	-5	7	det1=true
[14097]	91	119	-35	-26	-8	-5	det1=true
[14098]	91	119	-40	-26	-8	5	det1=true
[14099]	91	119	-28	-20	-4	-9	det1=true
[14100]	91	119	-37	-20	-4	9	det1=true
[14101]	92	119	-26	-25	-4	-9	det1=true
[14102]	92	119	-35	-25	-4	9	det1=true
[14103]	101	119	-41	-20	-10	-1	det1=true
[14104]	101	119	-42	-20	-10	1	det1=true
[14105]	104	119	-48	1	-10	-2	det1=true
[14106]	104	119	-50	1	-10	2	det1=true
[14107]	107	119	-30	-24	-7	-8	det1=true
[14108]	108	119	-42	-7	-10	4	det1=true
[14109]	112	119	-13	-2	-10	-6	det1=true
[14110]	43	120	-15	-4	-4	6	det1=true
[14111]	68	120	0	1	-2	-9	det1=true
[14112]	68	120	-9	1	-2	9	det1=true
[14113]	85	120	-10	-3	-2	-10	det1=true
[14114]	85	120	-20	-3	-2	10	det1=true
[14115]	86	120	-19	-8	-1	-10	det1=true
[14116]	98	120	-19	1	-6	-9	det1=true
[14117]	98	120	-28	1	-6	9	det1=true
[14118]	113	120	-43	-11	-9	-6	det1=true
[14119]	116	120	-40	-43	-2	-10	det1=true
[14120]	116	120	-50	-43	-2	10	det1=true
[14121]	120	120	-31	-6	-6	-10	det1=true
[14122]	65	117	-18	-5	-5	-7	det1=true
[14123]	83	117	-5	2	-10	-1	det1=true
[14124]	83	117	-6	2	-10	1	det1=true
[14125]	100	117	-19	1	-9	-6	det1=true
[14126]	100	117	-25	1	-9	6	det1=true
[14127]	101	117	-11	4	-11	-1	det1=true
[14128]	101	117	-12	4	-11	1	det1=true
[14129]	105	117	-26	-11	-9	-6	det1=true
[14130]	105	117	-32	-11	-9	6	det1=true
[14131]	97	118	-12	-5	-4	-10	det1=true
[14132]	112	118	-27	-16	-11	-2	det1=true
[14133]	62	119	-16	-5	-8	-3	det1=true
[14134]	62	119	-19	-5	-8	3	det1=true
[14135]	63	119	-25	-11	-2	-8	det1=true
[14136]	63	119	-33	-11	-2	8	det1=true
[14137]	74	119	-15	-15	-6	-7	det1=true
[14138]	74	119	-22	-15	-6	7	det1=true
[14139]	79	119	-32	2	-6	-7	det1=true
[14140]	80	119	-28	-17	-2	-9	det1=true
[14141]	80	119	-37	-17	-2	9	det1=true
[14142]	81	119	-36	-29	-5	-7	det1=true
[14143]	85	119	-39	-22	-9	-1	det1=true
[14144]	85	119	-40	-22	-9	1	det1=true
[14145]	85	119	-36	-26	-9	-1	det1=true
[14146]	85	119	-37	-26	-9	1	det1=true
[14147]	94	119	-34	-13	-10	-1	det1=true
[14148]	94	119	-35	-13	-10	1	det1=true
[14149]	95	119	-30	-27	-9	-4	det1=true
[14150]	95	119	-34	-27	-9	4	det1=true
[14151]	99	119	-38	-18	-6	-8	det1=true
[14152]	99	119	-46	-18	-6	8	det1=true
[14153]	119	119	-35	-14	-11	-3	det1=true
[14154]	119	119	-38	-14	-11	3	det1=true
[14155]	43	120	-9	-4	-4	-6	det1=true
[14156]	73	120	-11	-1	-5	-8	det1=true
[14157]	73	120	-19	-1	-5	8	det1=true
[14158]	90	120	-20	-15	-10	-2	det1=true
[14159]	90	120	-22	-15	-10	2	det1=true
[14160]	65	117	-25	-5	-5	7	det1=true
[14161]	77	117	-25	-18	-9	-1	det1=true
[14162]	77	117	-26	-18	-9	1	det1=true
[14163]	108	117	-32	-7	-6	-9	det1=true
[14164]	115	117	-33	-20	-11	-1	det1=true
[14165]	117	117	-45	-28	-10	-3	det1=true
[14166]	117	117	-48	-28	-10	3	det1=true
[14167]	64	118	-13	-15	-3	-8	det1=true
[14168]	64	118	-21	-15	-3	8	det1=true
[14169]	85	118	-34	-19	-6	-7	det1=true
[14170]	88	118	-19	-14	-8	-6	det1=true
[14171]	88	118	-25	-14	-8	6	det1=true
[14172]	103	118	-33	3	-8	-7	det1=true
[14173]	103	118	-40	3	-8	7	det1=true
[14174]	112	118	-29	-16	-11	2	det1=true
[14175]	82	119	-31	-18	-7	-6	det1=true
[14176]	109	119	-35	-33	-5	-9	det1=true
[14177]	109	119	-44	-33	-5	9	det1=true
[14178]	113	119	-36	-6	-1	-11	det1=true
[14179]	113	119	-47	-6	-1	11	det1=true
[14180]	115	119	-54	-49	-9	-1	det1=true
[14181]	115	119	-44	-12	-9	-6	det1=true
[14182]	115	119	-50	-12	-9	6	det1=true
[14183]	30	120	-7	3	-6	-1	det1=true
[14184]	91	120	-39	-19	-4	9	det1=true
[14185]	102	120	-43	-21	-10	-1	det1=true
[14186]	102	120	-44	-21	-10	1	det1=true
[14187]	113	120	-34	-29	-10	-4	det1=true
[14188]	113	120	-38	-29	-10	4	det1=true
[14189]	84	117	-5	-7	-1	-10	det1=true
[14190]	84	117	-15	-7	-1	10	det1=true
[14191]	98	118	-43	5	-10	-1	det1=true
[14192]	100	118	-41	-3	-1	-10	det1=true
[14193]	71	119	-14	-1	-7	-6	det1=true
[14194]	71	119	-20	-1	-7	6	det1=true
[14195]	81	119	-43	-29	-5	7	det1=true
[14196]	83	119	-22	1	-9	-4	det1=true
[14197]	98	119	-43	-34	-7	-6	det1=true
[14198]	98	119	-49	-34	-7	6	det1=true
[14199]	110	119	-27	-7	-2	-11	det1=true
[14200]	110	119	-38	-7	-2	11	det1=true
[14201]	115	119	-43	-12	-6	-9	det1=true
[14202]	115	119	-52	-12	-6	9	det1=true
[14203]	115	119	-27	-13	-9	-7	det1=true
[14204]	115	119	-34	-13	-9	7	det1=true
[14205]	91	120	-30	-19	-4	-9	det1=true
[14206]	98	120	-22	-13	-8	-7	det1=true
[14207]	98	120	-29	-13	-8	7	det1=true
[14208]	114	120	-50	-45	-8	-5	det1=true
[14209]	114	120	-55	-45	-8	5	det1=true
[14210]	73	117	0	1	-5	-8	det1=true
[14211]	73	117	-8	1	-5	8	det1=true
[14212]	114	117	-9	-1	-4	-11	det1=true
[14213]	114	117	-20	-1	-4	11	det1=true
[14214]	85	118	-33	-21	-2	-9	det1=true
[14215]	85	118	-42	-21	-2	9	det1=true
[14216]	96	118	-40	-11	-2	10	det1=true
[14217]	51	119	-12	1	-5	-6	det1=true
[14218]	81	119	-26	-8	-3	-9	det1=true
[14219]	83	119	-26	1	-9	4	det1=true
[14220]	106	120	-31	-13	-6	-9	det1=true
[14221]	106	120	-40	-13	-6	9	det1=true
[14222]	63	117	-14	-6	-3	-8	det1=true
[14223]	63	117	-22	-6	-3	8	det1=true
[14224]	77	117	-16	-8	-8	-5	det1=true
[14225]	77	117	-21	-8	-8	5	det1=true
[14226]	108	117	-41	-7	-6	9	det1=true
[14227]	105	119	-49	-1	-10	-2	det1=true
[14228]	105	119	-51	-1	-10	2	det1=true
[14229]	4	120	0	1	-2	-1	det1=true
[14230]	4	120	-1	1	-2	1	det1=true
[14231]	90	120	-19	-23	-1	-10	det1=true
[14232]	90	120	-29	-23	-1	10	det1=true
[14233]	93	117	-4	2	-8	-7	det1=true
[14234]	93	117	-11	2	-8	7	det1=true
[14235]	64	119	-23	-1	-8	-3	det1=true
[14236]	64	119	-26	-1	-8	3	det1=true
[14237]	119	119	-33	-15	-9	-7	det1=true
[14238]	119	119	-40	-15	-9	7	det1=true
[14239]	92	117	-12	-7	-10	-3	det1=true
[14240]	104	117	-13	4	-11	-2	det1=true
[14241]	95	118	-35	-17	-4	-9	det1=true
[14242]	95	118	-44	-17	-4	9	det1=true
[14243]	100	118	-25	-20	-3	-10	det1=true
[14244]	100	118	-35	-20	-3	10	det1=true
[14245]	111	118	-35	-25	-9	6	det1=true
[14246]	86	118	-32	-25	-2	-9	det1=true
[14247]	86	118	-41	-25	-2	9	det1=true
[14248]	110	118	-45	-5	-3	-10	det1=true
[14249]	110	118	-55	-5	-3	10	det1=true
[14250]	43	119	-16	-4	-7	-1	det1=true
[14251]	120	120	-26	-15	-4	-11	det1=true
[14252]	111	118	-29	-25	-9	-6	det1=true
[14253]	61	119	-12	-2	-3	-8	det1=true
[14254]	43	119	-17	-4	-7	1	det1=true
[14255]	61	119	-20	-2	-3	8	det1=true
[14256]	112	119	-11	-4	-6	-10	det1=true
[14257]	112	119	-21	-4	-6	10	det1=true
[14258]	119	119	-36	-5	-7	-9	det1=true
[14259]	119	119	-45	-5	-7	9	det1=true
[14260]	88	120	-23	0	-10	-2	det1=true
[14261]	88	120	-25	0	-10	2	det1=true
[14262]	96	117	-1	1	-9	-6	det1=true
[14263]	96	117	-7	1	-9	6	det1=true
[14264]	117	117	-46	-34	-10	-2	det1=true
[14265]	117	117	-48	-34	-10	2	det1=true
[14266]	117	117	-18	-10	-10	-6	det1=true
[14267]	117	117	-24	-10	-10	6	det1=true
[14268]	108	118	-49	-12	-1	-10	det1=true
[14269]	78	119	-35	-8	-4	-8	det1=true
[14270]	80	119	-9	-5	-4	-9	det1=true
[14271]	115	120	-46	-19	-8	-7	det1=true
[14272]	115	120	-53	-19	-8	7	det1=true
[14273]	97	120	-22	-9	-8	-7	det1=true
[14274]	75	119	-34	-19	-7	-5	det1=true
[14275]	111	117	-33	-8	-11	-1	det1=true
[14276]	111	117	-34	-8	-11	1	det1=true
[14277]	96	119	-42	-25	-4	9	det1=true
[14278]	104	117	-30	-1	-10	-4	det1=true
[14279]	104	117	-34	-1	-10	4	det1=true
[14280]	117	117	-45	-7	-4	-10	det1=true
[14281]	117	117	-55	-7	-4	10	det1=true
[14282]	114	118	-47	-5	-8	-7	det1=true
[14283]	114	118	-54	-5	-8	7	det1=true
[14284]	96	119	-33	-25	-4	-9	det1=true
[14285]	100	120	-37	-30	-9	-4	det1=true
[14286]	100	120	-41	-30	-9	4	det1=true
[14287]	73	117	-28	-19	-5	-7	det1=true
[14288]	73	117	-35	-19	-5	7	det1=true
[14289]	101	117	-28	-32	-1	-10	det1=true
[14290]	101	117	-38	-32	-1	10	det1=true
[14291]	117	117	-36	-28	-4	-10	det1=true
[14292]	85	119	-39	-10	-6	-7	det1=true
[14293]	53	119	-23	-22	-2	-7	det1=true
[14294]	101	122	-35	-32	-6	-8	det1=true
[14295]	101	122	-43	-32	-6	8	det1=true
[14296]	53	121	-25	-9	-7	-3	det1=true
[14297]	53	121	-28	-9	-7	3	det1=true
[14298]	105	121	-34	-34	-2	-10	det1=true
[14299]	105	121	-44	-34	-2	10	det1=true
[14300]	82	122	-35	-17	-7	-6	det1=true
[14301]	82	122	-41	-17	-7	6	det1=true
[14302]	84	122	-12	1	-2	-10	det1=true
[14303]	84	122	-22	1	-2	10	det1=true
[14304]	117	122	-25	-13	-4	-11	det1=true
[14305]	117	122	-36	-13	-4	11	det1=true
[14306]	64	124	-29	-25	-8	-1	det1=true
[14307]	64	124	-30	-25	-8	1	det1=true
[14308]	106	124	-8	5	-10	-6	det1=true
[14309]	106	124	-14	5	-10	6	det1=true
[14310]	106	124	-6	3	-6	-10	det1=true
[14311]	106	124	-16	3	-6	10	det1=true
[14312]	72	121	-30	-23	-8	-3	det1=true
[14313]	72	121	-33	-23	-8	3	det1=true
[14314]	82	121	-17	-12	-9	-4	det1=true
[14315]	82	121	-21	-12	-9	4	det1=true
[14316]	89	121	-22	-5	-3	10	det1=true
[14317]	101	121	-42	-20	-6	-8	det1=true
[14318]	101	121	-50	-20	-6	8	det1=true
[14319]	118	121	-16	-5	-12	-1	det1=true
[14320]	118	121	-17	-5	-12	1	det1=true
[14321]	67	122	-2	1	-6	-7	det1=true
[14322]	67	122	-9	1	-6	7	det1=true
[14323]	113	122	-34	-15	-2	-11	det1=true
[14324]	113	122	-45	-15	-2	11	det1=true
[14325]	116	122	-24	-15	-10	-6	det1=true
[14326]	116	122	-30	-15	-10	6	det1=true
[14327]	119	122	-15	-12	-9	-8	det1=true
[14328]	119	122	-23	-12	-9	8	det1=true
[14329]	46	123	-19	-10	-7	-2	det1=true
[14330]	46	123	-21	-10	-7	2	det1=true
[14331]	73	123	-16	-5	-5	-8	det1=true
[14332]	73	123	-24	-5	-5	8	det1=true
[14333]	112	123	-41	-1	-11	-2	det1=true
[14334]	112	123	-43	-1	-11	2	det1=true
[14335]	123	123	-26	-10	-5	-11	det1=true
[14336]	123	123	-37	-10	-5	11	det1=true
[14337]	123	123	-20	2	-12	-3	det1=true
[14338]	123	123	-23	2	-12	3	det1=true
[14339]	80	124	-17	-11	-4	-9	det1=true
[14340]	80	124	-26	-11	-4	9	det1=true
[14341]	91	124	-15	-7	-8	-7	det1=true
[14342]	91	124	-22	-7	-8	7	det1=true
[14343]	97	124	-39	-20	-1	-10	det1=true
[14344]	97	124	-49	-20	-1	10	det1=true
[14345]	104	124	-47	-44	-7	-6	det1=true
[14346]	104	124	-53	-44	-7	6	det1=true
[14347]	121	124	-57	-36	-10	-2	det1=true
[14348]	121	124	-59	-36	-10	2	det1=true
[14349]	32	121	-11	-11	-1	-6	det1=true
[14350]	32	121	-17	-11	-1	6	det1=true
[14351]	35	121	-14	-4	-4	-5	det1=true
[14352]	35	121	-19	-4	-4	5	det1=true
[14353]	54	121	-19	-1	-7	4	det1=true
[14354]	67	121	-28	-6	-7	-5	det1=true
[14355]	67	121	-33	-6	-7	5	det1=true
[14356]	70	121	-17	2	-9	-2	det1=true
[14357]	70	121	-19	2	-9	2	det1=true
[14358]	70	121	-15	1	-7	-6	det1=true
[14359]	70	121	-21	1	-7	6	det1=true
[14360]	82	121	-19	-7	-4	-9	det1=true
[14361]	82	121	-28	-7	-4	9	det1=true
[14362]	84	121	-33	-14	-5	-8	det1=true
[14363]	91	121	-40	-21	-5	-8	det1=true
[14364]	91	121	-48	-21	-5	8	det1=true
[14365]	97	121	-40	-12	-6	-8	det1=true
[14366]	97	121	-48	-12	-6	8	det1=true
[14367]	97	121	-23	3	-10	-4	det1=true
[14368]	97	121	-27	3	-10	4	det1=true
[14369]	101	121	-40	-7	-5	-9	det1=true
[14370]	101	121	-49	-7	-5	9	det1=true
[14371]	102	121	-33	2	-10	-4	det1=true
[14372]	102	121	-37	2	-10	4	det1=true
[14373]	103	121	-52	-5	-5	9	det1=true
[14374]	103	121	-40	-18	-9	-5	det1=true
[14375]	103	121	-45	-18	-9	5	det1=true
[14376]	103	121	1	2	-7	-9	det1=true
[14377]	103	121	-8	2	-7	9	det1=true
[14378]	104	121	-49	-13	-3	10	det1=true
[14379]	107	121	-23	-9	-7	9	det1=true
[14380]	108	121	-46	-25	-10	-2	det1=true
[14381]	108	121	-48	-25	-10	2	det1=true
[14382]	112	121	-20	5	-10	-6	det1=true
[14383]	112	121	-26	5	-10	6	det1=true
[14384]	115	121	-52	-45	-5	-8	det1=true
[14385]	115	121	-60	-45	-5	8	det1=true
[14386]	116	121	-51	-20	-3	-10	det1=true
[14387]	116	121	-61	-20	-3	10	det1=true
[14388]	116	121	-41	-31	-7	-8	det1=true
[14389]	116	121	-49	-31	-7	8	det1=true
[14390]	121	121	-56	-8	-10	-4	det1=true
[14391]	121	121	-60	-8	-10	4	det1=true
[14392]	36	122	-13	-13	-4	-5	det1=true
[14393]	36	122	-18	-13	-4	5	det1=true
[14394]	57	122	-18	-5	-8	-2	det1=true
[14395]	57	122	-15	-8	-2	-8	det1=true
[14396]	57	122	-23	-8	-2	8	det1=true
[14397]	80	122	-19	-1	-9	-4	det1=true
[14398]	80	122	-23	-1	-9	4	det1=true
[14399]	85	122	-35	-17	-8	-5	det1=true
[14400]	85	122	-40	-17	-8	5	det1=true
[14401]	86	122	-33	-22	-5	-8	det1=true
[14402]	86	122	-41	-22	-5	8	det1=true
[14403]	86	122	-20	-15	-10	-1	det1=true
[14404]	86	122	-21	-15	-10	1	det1=true
[14405]	103	122	-23	1	-11	-2	det1=true
[14406]	103	122	-25	1	-11	2	det1=true
[14407]	108	122	-31	-8	-11	-2	det1=true
[14408]	110	122	-11	-6	-11	-4	det1=true
[14409]	110	122	-15	-6	-11	4	det1=true
[14410]	112	122	-47	-29	-10	3	det1=true
[14411]	34	123	-13	-3	-5	-4	det1=true
[14412]	52	123	-13	-7	-4	7	det1=true
[14413]	55	123	-18	-7	-1	-8	det1=true
[14414]	55	123	-26	-7	-1	8	det1=true
[14415]	76	123	-22	-11	-8	-5	det1=true
[14416]	76	123	-27	-11	-8	5	det1=true
[14417]	80	123	-19	-6	-9	-4	det1=true
[14418]	80	123	-23	-6	-9	4	det1=true
[14419]	89	123	-7	0	-8	-7	det1=true
[14420]	91	123	-2	-4	-4	-10	det1=true
[14421]	91	123	-12	-4	-4	10	det1=true
[14422]	98	123	-27	-13	-7	-8	det1=true
[14423]	98	123	-35	-13	-7	8	det1=true
[14424]	99	123	-46	2	-10	-2	det1=true
[14425]	99	123	-48	2	-10	2	det1=true
[14426]	100	123	-45	-10	-10	-2	det1=true
[14427]	100	123	-47	-10	-10	2	det1=true
[14428]	100	123	-33	-7	-7	-8	det1=true
[14429]	100	123	-41	-7	-7	8	det1=true
[14430]	101	123	-42	-8	-5	-9	det1=true
[14431]	101	123	-51	-8	-5	9	det1=true
[14432]	101	123	-41	-15	-9	-5	det1=true
[14433]	106	123	-26	-11	-10	-5	det1=true
[14434]	111	123	-34	-30	-4	-10	det1=true
[14435]	111	123	-44	-30	-4	10	det1=true
[14436]	111	123	-20	-9	-11	4	det1=true
[14437]	113	123	-53	-27	-10	-2	det1=true
[14438]	113	123	-55	-27	-10	2	det1=true
[14439]	113	123	-55	-27	-9	5	det1=true
[14440]	115	123	-39	-2	-11	-3	det1=true
[14441]	115	123	-42	-2	-11	3	det1=true
[14442]	121	123	-50	-20	-11	-1	det1=true
[14443]	121	123	-51	-20	-11	1	det1=true
[14444]	43	124	-12	-3	-2	-7	det1=true
[14445]	43	124	-19	-3	-2	7	det1=true
[14446]	80	124	-14	-15	-4	-9	det1=true
[14447]	81	124	-4	-1	-2	-10	det1=true
[14448]	82	124	-28	-1	-6	8	det1=true
[14449]	83	124	-37	-20	-7	-6	det1=true
[14450]	83	124	-43	-20	-7	6	det1=true
[14451]	88	124	-3	-3	-7	-8	det1=true
[14452]	88	124	-11	-3	-7	8	det1=true
[14453]	94	124	-43	-14	-9	-4	det1=true
[14454]	94	124	-47	-14	-9	4	det1=true
[14455]	100	124	-21	0	-11	2	det1=true
[14456]	105	124	-35	-13	-6	-9	det1=true
[14457]	108	124	-51	-26	-8	-6	det1=true
[14458]	108	124	-57	-26	-8	6	det1=true
[14459]	109	124	-50	-29	-6	-8	det1=true
[14460]	109	124	-58	-29	-6	8	det1=true
[14461]	119	124	-29	5	-12	-1	det1=true
[14462]	121	124	-27	-5	-1	-12	det1=true
[14463]	121	124	-39	-5	-1	12	det1=true
[14464]	124	124	-63	-29	-10	3	det1=true
[14465]	21	121	-3	-4	-1	-5	det1=true
[14466]	21	121	-8	-4	-1	5	det1=true
[14467]	43	121	-10	1	-7	-2	det1=true
[14468]	43	121	-12	1	-7	2	det1=true
[14469]	60	121	-23	-17	-1	-8	det1=true
[14470]	60	121	-31	-17	-1	8	det1=true
[14471]	70	121	-36	-13	-8	3	det1=true
[14472]	73	121	-24	-15	-9	-1	det1=true
[14473]	73	121	-25	-15	-9	1	det1=true
[14474]	80	121	-14	-5	-4	-9	det1=true
[14475]	80	121	-23	-5	-4	9	det1=true
[14476]	89	121	-38	-31	-9	2	det1=true
[14477]	92	121	-30	-17	-6	-8	det1=true
[14478]	92	121	-38	-17	-6	8	det1=true
[14479]	97	121	-42	-41	-1	-9	det1=true
[14480]	97	121	-51	-41	-1	9	det1=true
[14481]	97	121	-1	-3	-1	-11	det1=true
[14482]	97	121	-12	-3	-1	11	det1=true
[14483]	104	121	-41	-33	-4	-9	det1=true
[14484]	104	121	-50	-33	-4	9	det1=true
[14485]	106	121	-22	-9	-2	-11	det1=true
[14486]	107	121	-17	-7	-11	-3	det1=true
[14487]	107	121	-20	-7	-11	3	det1=true
[14488]	109	121	-39	-39	-6	-8	det1=true
[14489]	109	121	-47	-39	-6	8	det1=true
[14490]	113	121	-49	-25	-9	-5	det1=true
[14491]	113	121	-54	-25	-9	5	det1=true
[14492]	116	121	-20	-17	-10	-6	det1=true
[14493]	116	121	-26	-17	-10	6	det1=true
[14494]	121	121	-46	-16	-11	-2	det1=true
[14495]	121	121	-48	-16	-11	2	det1=true
[14496]	121	121	-14	0	-7	-10	det1=true
[14497]	121	121	-24	0	-7	10	det1=true
[14498]	47	122	-26	-13	-4	6	det1=true
[14499]	47	122	-25	-13	-2	7	det1=true
[14500]	68	122	-9	0	-7	-6	det1=true
[14501]	68	122	-15	0	-7	6	det1=true
[14502]	70	122	-34	-13	-8	-3	det1=true
[14503]	70	122	-17	3	-7	-6	det1=true
[14504]	70	122	-23	3	-7	6	det1=true
[14505]	73	122	-29	-6	-7	6	det1=true
[14506]	79	122	-34	-3	-2	-9	det1=true
[14507]	79	122	-43	-3	-2	9	det1=true
[14508]	89	122	-29	-5	-1	-10	det1=true
[14509]	89	122	-39	-5	-1	10	det1=true
[14510]	89	122	-25	-18	-6	-8	det1=true
[14511]	89	122	-33	-18	-6	8	det1=true
[14512]	91	122	-23	-3	-10	-3	det1=true
[14513]	91	122	-26	-3	-10	3	det1=true
[14514]	95	122	-17	-6	-10	-4	det1=true
[14515]	95	122	-21	-6	-10	4	det1=true
[14516]	96	122	-27	-26	-2	-10	det1=true
[14517]	97	122	-50	-3	-8	6	det1=true
[14518]	99	122	-18	-19	-4	-10	det1=true
[14519]	99	122	-28	-19	-4	10	det1=true
[14520]	100	122	-41	-27	-4	-9	det1=true
[14521]	100	122	-50	-27	-4	9	det1=true
[14522]	101	122	-13	-7	-11	-2	det1=true
[14523]	101	122	-15	-7	-11	2	det1=true
[14524]	108	122	-44	-33	-6	-8	det1=true
[14525]	108	122	-52	-33	-6	8	det1=true
[14526]	110	122	-49	-26	-10	-2	det1=true
[14527]	110	122	-14	-3	-6	-10	det1=true
[14528]	110	122	-24	-3	-6	10	det1=true
[14529]	112	122	-44	-29	-10	-3	det1=true
[14530]	116	122	-45	-27	-7	-8	det1=true
[14531]	116	122	-53	-27	-7	8	det1=true
[14532]	122	122	-51	-9	-11	-2	det1=true
[14533]	122	122	-53	-9	-11	2	det1=true
[14534]	34	123	-17	-3	-5	4	det1=true
[14535]	41	123	-10	-8	-1	-7	det1=true
[14536]	41	123	-17	-8	-1	7	det1=true
[14537]	52	123	-6	-7	-4	-7	det1=true
[14538]	61	123	-23	-22	-4	-7	det1=true
[14539]	67	123	-25	-16	-5	-7	det1=true
[14540]	67	123	-32	-16	-5	7	det1=true
[14541]	82	123	-33	-22	-7	-6	det1=true
[14542]	82	123	-39	-22	-7	6	det1=true
[14543]	82	123	-31	-17	-8	-5	det1=true
[14544]	82	123	-36	-17	-8	5	det1=true
[14545]	83	123	-41	-1	-9	3	det1=true
[14546]	86	123	-25	-2	-1	-10	det1=true
[14547]	87	123	-34	-23	-3	-9	det1=true
[14548]	87	123	-43	-23	-3	9	det1=true
[14549]	89	123	-14	0	-8	7	det1=true
[14550]	106	123	-31	-24	-10	-4	det1=true
[14551]	106	123	-35	-24	-10	4	det1=true
[14552]	106	123	-31	-11	-10	5	det1=true
[14553]	107	123	-37	-15	-4	-10	det1=true
[14554]	107	123	-47	-15	-4	10	det1=true
[14555]	108	123	-38	-19	-10	-4	det1=true
[14556]	108	123	-42	-19	-10	4	det1=true
[14557]	112	123	-54	-47	-8	5	det1=true
[14558]	114	123	-16	-19	-4	-11	det1=true
[14559]	114	123	-27	-19	-4	11	det1=true
[14560]	117	123	-39	-20	-2	-11	det1=true
[14561]	117	123	-50	-20	-2	11	det1=true
[14562]	117	123	-39	-38	-8	-7	det1=true
[14563]	117	123	-46	-38	-8	7	det1=true
[14564]	120	123	-34	-7	-4	-11	det1=true
[14565]	120	123	-45	-7	-4	11	det1=true
[14566]	123	123	-40	-6	-6	-10	det1=true
[14567]	123	123	-50	-6	-6	10	det1=true
[14568]	48	124	-20	-17	-2	-7	det1=true
[14569]	48	124	-27	-17	-2	7	det1=true
[14570]	54	124	-21	-13	-1	8	det1=true
[14571]	67	124	-33	-27	-8	-1	det1=true
[14572]	67	124	-34	-27	-8	1	det1=true
[14573]	76	124	-6	-3	-4	-9	det1=true
[14574]	76	124	-15	-3	-4	9	det1=true
[14575]	80	124	-23	-15	-4	9	det1=true
[14576]	82	124	-20	-1	-6	-8	det1=true
[14577]	89	124	-34	-1	-6	-8	det1=true
[14578]	89	124	-42	-1	-6	8	det1=true
[14579]	91	124	-34	-5	-10	-2	det1=true
[14580]	91	124	-36	-5	-10	2	det1=true
[14581]	92	124	-26	-5	-8	7	det1=true
[14582]	94	124	-32	-25	-6	-8	det1=true
[14583]	94	124	-40	-25	-6	8	det1=true
[14584]	95	124	-15	-11	-6	-9	det1=true
[14585]	95	124	-24	-11	-6	9	det1=true
[14586]	96	124	-39	-2	-2	-10	det1=true
[14587]	96	124	-49	-2	-2	10	det1=true
[14588]	100	124	-39	-24	-10	-2	det1=true
[14589]	100	124	-41	-24	-10	2	det1=true
[14590]	102	124	-35	-14	-7	-8	det1=true
[14591]	102	124	-43	-14	-7	8	det1=true
[14592]	102	124	-35	4	-9	-6	det1=true
[14593]	102	124	-41	4	-9	6	det1=true
[14594]	118	124	-37	2	-10	-6	det1=true
[14595]	118	124	-43	2	-10	6	det1=true
[14596]	118	124	-35	0	-6	-10	det1=true
[14597]	118	124	-45	0	-6	10	det1=true
[14598]	121	124	-30	-23	-4	-11	det1=true
[14599]	121	124	-41	-23	-4	11	det1=true
[14600]	124	124	-60	-29	-10	-3	det1=true
[14601]	24	121	-8	-3	-2	-5	det1=true
[14602]	32	121	-2	-3	-2	-6	det1=true
[14603]	32	121	-8	-3	-2	6	det1=true
[14604]	43	121	-15	-8	-1	-7	det1=true
[14605]	43	121	-22	-8	-1	7	det1=true
[14606]	47	121	-8	1	-3	-7	det1=true
[14607]	47	121	-15	1	-3	7	det1=true
[14608]	54	121	-15	-1	-7	-4	det1=true
[14609]	56	121	-19	-7	-7	-4	det1=true
[14610]	56	121	-23	-7	-7	4	det1=true
[14611]	57	121	-16	-16	-1	-8	det1=true
[14612]	57	121	-24	-16	-1	8	det1=true
[14613]	65	121	-28	2	-8	-3	det1=true
[14614]	65	121	-31	2	-8	3	det1=true
[14615]	67	121	-13	-4	-9	-1	det1=true
[14616]	76	121	-33	-9	-7	6	det1=true
[14617]	81	121	-24	-20	-8	-5	det1=true
[14618]	81	121	-29	-20	-8	5	det1=true
[14619]	81	121	-8	-6	-6	-8	det1=true
[14620]	81	121	-16	-6	-6	8	det1=true
[14621]	82	121	-33	-3	-5	-8	det1=true
[14622]	82	121	-41	-3	-5	8	det1=true
[14623]	83	121	-31	-30	-1	-9	det1=true
[14624]	83	121	-40	-30	-1	9	det1=true
[14625]	84	121	-41	-14	-5	8	det1=true
[14626]	89	121	-12	-5	-3	-10	det1=true
[14627]	91	121	-34	-30	-8	-5	det1=true
[14628]	91	121	-39	-30	-8	5	det1=true
[14629]	99	121	-41	-11	-10	-2	det1=true
[14630]	99	121	-43	-11	-10	2	det1=true
[14631]	100	121	-47	0	-10	2	det1=true
[14632]	103	121	-50	-37	-9	-2	det1=true
[14633]	103	121	-52	-37	-9	2	det1=true
[14634]	105	121	-32	-16	-10	-4	det1=true
[14635]	105	121	-36	-16	-10	4	det1=true
[14636]	106	121	-47	-1	-10	-3	det1=true
[14637]	106	121	-50	-1	-10	3	det1=true
[14638]	106	121	-27	-3	-11	-2	det1=true
[14639]	106	121	-29	-3	-11	2	det1=true
[14640]	106	121	-33	-9	-2	11	det1=true
[14641]	107	121	-14	-9	-7	-9	det1=true
[14642]	108	121	-3	2	-10	-6	det1=true
[14643]	108	121	-9	2	-10	6	det1=true
[14644]	109	121	-40	-38	-8	-6	det1=true
[14645]	109	121	-46	-38	-8	6	det1=true
[14646]	109	121	-24	-4	-11	-3	det1=true
[14647]	109	121	-27	-4	-11	3	det1=true
[14648]	109	121	-29	-5	-9	7	det1=true
[14649]	110	121	-8	-1	-4	-11	det1=true
[14650]	110	121	-19	-1	-4	11	det1=true
[14651]	114	121	-17	-11	-4	-11	det1=true
[14652]	114	121	-28	-11	-4	11	det1=true
[14653]	119	121	-59	-28	-9	5	det1=true
[14654]	121	121	-45	0	-11	-3	det1=true
[14655]	121	121	-48	0	-11	3	det1=true
[14656]	121	121	-39	-18	-11	-3	det1=true
[14657]	121	121	-42	-18	-11	3	det1=true
[14658]	52	122	-15	-11	-6	-5	det1=true
[14659]	53	122	-17	-8	-1	8	det1=true
[14660]	57	122	-20	-5	-8	2	det1=true
[14661]	73	122	-23	-5	-6	-7	det1=true
[14662]	73	122	-30	-5	-6	7	det1=true
[14663]	73	122	-22	-7	-2	-9	det1=true
[14664]	73	122	-31	-7	-2	9	det1=true
[14665]	77	122	-25	-3	-5	-8	det1=true
[14666]	77	122	-24	-9	-8	-5	det1=true
[14667]	77	122	-29	-9	-8	5	det1=true
[14668]	78	122	-26	-17	-8	5	det1=true
[14669]	84	122	-35	-24	-9	-2	det1=true
[14670]	84	122	-37	-24	-9	2	det1=true
[14671]	91	122	-19	-4	-7	8	det1=true
[14672]	96	122	-31	-22	-10	-2	det1=true
[14673]	96	122	-33	-22	-10	2	det1=true
[14674]	98	122	-33	-24	-10	-2	det1=true
[14675]	102	122	-23	-19	-6	-9	det1=true
[14676]	102	122	-32	-19	-6	9	det1=true
[14677]	104	122	-45	-30	-9	-4	det1=true
[14678]	104	122	-49	-30	-9	4	det1=true
[14679]	104	122	-21	-3	-2	-11	det1=true
[14680]	104	122	-32	-3	-2	11	det1=true
[14681]	104	122	-25	-1	-11	-2	det1=true
[14682]	104	122	-27	-1	-11	2	det1=true
[14683]	111	122	-52	-13	-4	10	det1=true
[14684]	116	122	-51	-14	-7	-8	det1=true
[14685]	118	122	-53	-34	-10	-2	det1=true
[14686]	118	122	-55	-34	-10	2	det1=true
[14687]	119	122	-14	-5	-12	-2	det1=true
[14688]	119	122	-16	-5	-12	2	det1=true
[14689]	120	122	-17	-6	-12	-2	det1=true
[14690]	120	122	-19	-6	-12	2	det1=true
[14691]	20	123	-6	-1	-4	-3	det1=true
[14692]	20	123	-9	-1	-4	3	det1=true
[14693]	21	123	-9	1	-5	-1	det1=true
[14694]	21	123	-10	1	-5	1	det1=true
[14695]	23	123	-4	-2	-2	-5	det1=true
[14696]	23	123	-9	-2	-2	5	det1=true
[14697]	73	123	-18	-2	-8	-5	det1=true
[14698]	73	123	-23	-2	-8	5	det1=true
[14699]	75	123	-34	-9	-9	-1	det1=true
[14700]	75	123	-35	-9	-9	1	det1=true
[14701]	81	123	-32	-2	-3	-9	det1=true
[14702]	81	123	-41	-2	-3	9	det1=true
[14703]	81	123	-12	-1	-1	-10	det1=true
[14704]	81	123	-22	-1	-1	10	det1=true
[14705]	83	123	-35	-4	-3	-9	det1=true
[14706]	86	123	-29	-1	-10	-1	det1=true
[14707]	86	123	-30	-1	-10	1	det1=true
[14708]	89	123	-26	-20	-10	1	det1=true
[14709]	91	123	-13	-6	-8	-7	det1=true
[14710]	91	123	-20	-6	-8	7	det1=true
[14711]	93	123	-22	-15	-3	-10	det1=true
[14712]	93	123	-32	-15	-3	10	det1=true
[14713]	99	123	-42	-2	-2	-10	det1=true
[14714]	99	123	-52	-2	-2	10	det1=true
[14715]	99	123	-42	-20	-8	-6	det1=true
[14716]	101	123	-46	-15	-9	5	det1=true
[14717]	103	123	-40	-20	-7	8	det1=true
[14718]	105	123	-34	-14	-9	-6	det1=true
[14719]	105	123	-40	-14	-9	6	det1=true
[14720]	105	123	-34	-1	-11	-1	det1=true
[14721]	105	123	-35	-1	-11	1	det1=true
[14722]	106	123	-23	-15	-2	-11	det1=true
[14723]	106	123	-34	-15	-2	11	det1=true
[14724]	108	123	-7	-1	-4	-11	det1=true
[14725]	108	123	-18	-1	-4	11	det1=true
[14726]	115	123	-49	-5	-11	1	det1=true
[14727]	115	123	-21	-16	-4	-11	det1=true
[14728]	115	123	-32	-16	-4	11	det1=true
[14729]	118	123	-31	-12	-11	-4	det1=true
[14730]	118	123	-35	-12	-11	4	det1=true
[14731]	120	123	-21	-11	-8	-9	det1=true
[14732]	120	123	-30	-11	-8	9	det1=true
[14733]	24	124	-16	-3	-2	5	det1=true
[14734]	33	124	-14	-3	-6	-2	det1=true
[14735]	33	124	-16	-3	-6	2	det1=true
[14736]	59	124	-9	-11	-3	-8	det1=true
[14737]	59	124	-17	-11	-3	8	det1=true
[14738]	69	124	-12	-11	-2	-9	det1=true
[14739]	69	124	-21	-11	-2	9	det1=true
[14740]	73	124	-24	-9	-2	-9	det1=true
[14741]	73	124	-33	-9	-2	9	det1=true
[14742]	80	124	-31	-23	-9	-2	det1=true
[14743]	80	124	-33	-23	-9	2	det1=true
[14744]	83	124	-39	-19	-9	-2	det1=true
[14745]	84	124	-21	-13	-10	1	det1=true
[14746]	91	124	-30	-9	-2	-10	det1=true
[14747]	91	124	-40	-9	-2	10	det1=true
[14748]	92	124	-28	-5	-10	-3	det1=true
[14749]	92	124	-31	-5	-10	3	det1=true
[14750]	94	124	-33	-29	-4	-9	det1=true
[14751]	94	124	-42	-29	-4	9	det1=true
[14752]	96	124	-36	-19	-10	-2	det1=true
[14753]	96	124	-38	-19	-10	2	det1=true
[14754]	102	124	-39	-28	-10	-2	det1=true
[14755]	102	124	-41	-28	-10	2	det1=true
[14756]	105	124	-44	-13	-6	9	det1=true
[14757]	111	124	-15	-13	-4	-11	det1=true
[14758]	111	124	-26	-13	-4	11	det1=true
[14759]	114	124	-52	-51	-6	-7	det1=true
[14760]	114	124	-59	-51	-6	7	det1=true
[14761]	114	124	-37	-24	-11	2	det1=true
[14762]	117	124	-12	5	-10	-7	det1=true
[14763]	117	124	-19	5	-10	7	det1=true
[14764]	118	124	-45	-30	-4	-10	det1=true
[14765]	118	124	-55	-30	-4	10	det1=true
[14766]	118	124	-29	-18	-11	-4	det1=true
[14767]	118	124	-33	-18	-11	4	det1=true
[14768]	120	124	-37	-10	-11	-4	det1=true
[14769]	120	124	-41	-10	-11	4	det1=true
[14770]	122	124	-40	-11	-10	-6	det1=true
[14771]	122	124	-46	-11	-10	6	det1=true
[14772]	21	121	-5	-2	-5	-1	det1=true
[14773]	21	121	-6	-2	-5	1	det1=true
[14774]	24	121	-12	-5	-2	5	det1=true
[14775]	43	121	-18	-5	-7	-1	det1=true
[14776]	57	121	-22	-13	-7	4	det1=true
[14777]	60	121	-19	-22	-1	-8	det1=true
[14778]	60	121	-27	-22	-1	8	det1=true
[14779]	67	121	-9	-8	-1	-9	det1=true
[14780]	67	121	-18	-8	-1	9	det1=true
[14781]	77	121	-36	-7	-9	-1	det1=true
[14782]	79	121	-32	-21	-9	-1	det1=true
[14783]	79	121	-33	-21	-9	1	det1=true
[14784]	82	121	-11	-8	-6	-8	det1=true
[14785]	82	121	-19	-8	-6	8	det1=true
[14786]	84	121	-9	-2	-2	-10	det1=true
[14787]	84	121	-19	-2	-2	10	det1=true
[14788]	88	121	-33	-25	-5	-8	det1=true
[14789]	88	121	-41	-25	-5	8	det1=true
[14790]	88	121	-13	5	-10	-3	det1=true
[14791]	88	121	-16	5	-10	3	det1=true
[14792]	90	121	-30	-11	-8	-6	det1=true
[14793]	90	121	-36	-11	-8	6	det1=true
[14794]	93	121	-7	-3	-10	-4	det1=true
[14795]	93	121	-11	-3	-10	4	det1=true
[14796]	95	121	-32	-1	-5	-9	det1=true
[14797]	95	121	-41	-1	-5	9	det1=true
[14798]	101	121	-38	-32	-9	-4	det1=true
[14799]	101	121	-42	-32	-9	4	det1=true
[14800]	109	121	-21	-6	-7	-9	det1=true
[14801]	109	121	-30	-6	-7	9	det1=true
[14802]	113	121	-53	-27	-8	-6	det1=true
[14803]	113	121	-59	-27	-8	6	det1=true
[14804]	113	121	-22	0	-10	-6	det1=true
[14805]	113	121	-28	0	-10	6	det1=true
[14806]	47	122	-18	-13	-2	-7	det1=true
[14807]	52	122	-7	-1	-4	-7	det1=true
[14808]	52	122	-14	-1	-4	7	det1=true
[14809]	61	122	-15	-8	-3	-8	det1=true
[14810]	61	122	-23	-8	-3	8	det1=true
[14811]	73	122	-23	-6	-7	-6	det1=true
[14812]	75	122	-20	-7	-8	-5	det1=true
[14813]	75	122	-25	-7	-8	5	det1=true
[14814]	77	122	-33	-3	-5	8	det1=true
[14815]	78	122	-21	-17	-8	-5	det1=true
[14816]	79	122	-33	-14	-9	-2	det1=true
[14817]	79	122	-35	-14	-9	2	det1=true
[14818]	82	122	-37	-35	-3	-8	det1=true
[14819]	82	122	-45	-35	-3	8	det1=true
[14820]	88	122	-30	-19	-6	8	det1=true
[14821]	89	122	-33	-3	-10	-1	det1=true
[14822]	89	122	-34	-3	-10	1	det1=true
[14823]	91	122	-39	-31	-6	-7	det1=true
[14824]	91	122	-46	-31	-6	7	det1=true
[14825]	91	122	-11	-4	-7	-8	det1=true
[14826]	97	122	-44	-3	-8	-6	det1=true
[14827]	99	122	-39	5	-10	-3	det1=true
[14828]	99	122	-42	5	-10	3	det1=true
[14829]	99	122	-21	-16	-10	-4	det1=true
[14830]	99	122	-25	-16	-10	4	det1=true
[14831]	102	122	-45	-16	-1	-10	det1=true
[14832]	102	122	-55	-16	-1	10	det1=true
[14833]	108	122	-33	-8	-11	2	det1=true
[14834]	110	122	-51	-26	-10	2	det1=true
[14835]	112	122	-51	-8	-3	-10	det1=true
[14836]	112	122	-61	-8	-3	10	det1=true
[14837]	112	122	-53	-11	-10	-3	det1=true
[14838]	112	122	-56	-11	-10	3	det1=true
[14839]	113	122	-31	-21	-2	-11	det1=true
[14840]	113	122	-42	-21	-2	11	det1=true
[14841]	114	122	-50	-11	-8	-7	det1=true
[14842]	114	122	-57	-11	-8	7	det1=true
[14843]	114	122	-55	4	-9	6	det1=true
[14844]	118	122	-49	-42	-8	-6	det1=true
[14845]	118	122	-55	-42	-8	6	det1=true
[14846]	119	122	-51	-52	-5	-8	det1=true
[14847]	119	122	-59	-52	-5	8	det1=true
[14848]	119	122	-19	-5	-8	-9	det1=true
[14849]	119	122	-28	-5	-8	9	det1=true
[14850]	122	122	-52	-41	-10	-2	det1=true
[14851]	30	123	-10	-3	-6	-1	det1=true
[14852]	44	123	-17	0	-7	-2	det1=true
[14853]	44	123	-19	0	-7	2	det1=true
[14854]	51	123	-8	0	-7	4	det1=true
[14855]	55	123	-20	-4	-7	-4	det1=true
[14856]	55	123	-24	-4	-7	4	det1=true
[14857]	60	123	-18	1	-8	-3	det1=true
[14858]	60	123	-21	1	-8	3	det1=true
[14859]	61	123	-30	-22	-4	7	det1=true
[14860]	94	123	-14	-1	-6	-9	det1=true
[14861]	94	123	-23	-1	-6	9	det1=true
[14862]	98	123	-7	1	-11	-2	det1=true
[14863]	98	123	-9	1	-11	2	det1=true
[14864]	102	123	-14	-13	-2	-11	det1=true
[14865]	103	123	-44	-40	-9	-3	det1=true
[14866]	103	123	-47	-40	-9	3	det1=true
[14867]	103	123	-41	-43	-3	-9	det1=true
[14868]	103	123	-50	-43	-3	9	det1=true
[14869]	103	123	-32	-20	-7	-8	det1=true
[14870]	105	123	-26	-15	-1	-11	det1=true
[14871]	105	123	-37	-15	-1	11	det1=true
[14872]	105	123	-25	-26	-6	-9	det1=true
[14873]	105	123	-34	-26	-6	9	det1=true
[14874]	107	123	-36	-38	-2	-10	det1=true
[14875]	107	123	-46	-38	-2	10	det1=true
[14876]	112	123	-49	-47	-8	-5	det1=true
[14877]	112	123	-47	-4	-9	-6	det1=true
[14878]	112	123	-53	-4	-9	6	det1=true
[14879]	113	123	-50	-27	-9	-5	det1=true
[14880]	115	123	-52	-6	-10	-4	det1=true
[14881]	115	123	-50	-7	-9	-6	det1=true
[14882]	115	123	-48	-5	-11	-1	det1=true
[14883]	115	123	-30	4	-11	-4	det1=true
[14884]	115	123	-34	4	-11	4	det1=true
[14885]	116	123	-25	-15	-11	-4	det1=true
[14886]	116	123	-29	-15	-11	4	det1=true
[14887]	117	123	-57	-31	-10	2	det1=true
[14888]	120	123	-33	-16	-10	-6	det1=true
[14889]	54	124	-13	-13	-1	-8	det1=true
[14890]	70	124	-10	3	-8	-5	det1=true
[14891]	70	124	-15	3	-8	5	det1=true
[14892]	77	124	-11	-5	-9	-4	det1=true
[14893]	77	124	-15	-5	-9	4	det1=true
[14894]	84	124	-20	-13	-10	-1	det1=true
[14895]	86	124	-13	1	-10	-3	det1=true
[14896]	86	124	-16	1	-10	3	det1=true
[14897]	90	124	-28	-21	-10	-1	det1=true
[14898]	90	124	-29	-21	-10	1	det1=true
[14899]	90	124	-24	-19	-10	-2	det1=true
[14900]	90	124	-26	-19	-10	2	det1=true
[14901]	90	124	-1	-2	-4	-10	det1=true
[14902]	90	124	-11	-2	-4	10	det1=true
[14903]	93	124	-38	-21	-2	10	det1=true
[14904]	94	124	-20	-3	-10	-4	det1=true
[14905]	94	124	-24	-3	-10	4	det1=true
[14906]	96	124	-20	-7	-6	-9	det1=true
[14907]	96	124	-29	-7	-6	9	det1=true
[14908]	99	124	-27	-10	-4	-10	det1=true
[14909]	100	124	-19	0	-11	-2	det1=true
[14910]	107	124	-35	4	-11	-2	det1=true
[14911]	107	124	-37	4	-11	2	det1=true
[14912]	108	124	-43	-4	-9	-6	det1=true
[14913]	108	124	-49	-4	-9	6	det1=true
[14914]	114	124	-35	-24	-11	-2	det1=true
[14915]	115	124	-42	-33	-8	-7	det1=true
[14916]	115	124	-49	-33	-8	7	det1=true
[14917]	115	124	-37	-21	-2	-11	det1=true
[14918]	115	124	-48	-21	-2	11	det1=true
[14919]	119	124	-26	-7	-12	-1	det1=true
[14920]	119	124	-27	-7	-12	1	det1=true
[14921]	121	124	-15	-3	-12	-3	det1=true
[14922]	43	121	-19	-5	-7	1	det1=true
[14923]	57	121	-18	-13	-7	-4	det1=true
[14924]	63	121	-25	-2	-7	5	det1=true
[14925]	65	121	-2	2	-9	-1	det1=true
[14926]	65	121	-3	2	-9	1	det1=true
[14927]	67	121	-14	-4	-9	1	det1=true
[14928]	73	121	-20	-19	-1	-9	det1=true
[14929]	73	121	-29	-19	-1	9	det1=true
[14930]	77	121	-37	-7	-9	1	det1=true
[14931]	77	121	-28	-10	-2	-9	det1=true
[14932]	77	121	-37	-10	-2	9	det1=true
[14933]	77	121	-23	-8	-8	-5	det1=true
[14934]	77	121	-28	-8	-8	5	det1=true
[14935]	85	121	-32	-28	-9	-2	det1=true
[14936]	85	121	-34	-28	-9	2	det1=true
[14937]	86	121	-23	-17	-4	-9	det1=true
[14938]	86	121	-32	-17	-4	9	det1=true
[14939]	89	121	-36	-31	-9	-2	det1=true
[14940]	89	121	-19	-8	-9	-5	det1=true
[14941]	89	121	-24	-8	-9	5	det1=true
[14942]	95	121	-44	-5	-9	-4	det1=true
[14943]	95	121	-48	-5	-9	4	det1=true
[14944]	96	121	-31	-18	-2	-10	det1=true
[14945]	96	121	-41	-18	-2	10	det1=true
[14946]	100	121	-45	0	-10	-2	det1=true
[14947]	102	121	-30	-1	-4	-10	det1=true
[14948]	102	121	-40	-1	-4	10	det1=true
[14949]	103	121	-45	-3	-9	-5	det1=true
[14950]	103	121	-50	-3	-9	5	det1=true
[14951]	104	121	-39	-13	-3	-10	det1=true
[14952]	105	121	-28	-9	-11	-1	det1=true
[14953]	105	121	-29	-9	-11	1	det1=true
[14954]	109	121	-22	-5	-9	-7	det1=true
[14955]	112	121	-33	-9	-2	-11	det1=true
[14956]	112	121	-44	-9	-2	11	det1=true
[14957]	115	121	-26	2	-11	-4	det1=true
[14958]	115	121	-30	2	-11	4	det1=true
[14959]	119	121	-54	-28	-9	-5	det1=true
[14960]	53	122	-9	-8	-1	-8	det1=true
[14961]	65	122	-23	-13	-3	-8	det1=true
[14962]	65	122	-31	-13	-3	8	det1=true
[14963]	68	122	-8	1	-2	-9	det1=true
[14964]	68	122	-17	1	-2	9	det1=true
[14965]	80	122	-37	-1	-7	-6	det1=true
[14966]	88	122	-22	-19	-6	-8	det1=true
[14967]	92	122	-33	-34	-5	-8	det1=true
[14968]	92	122	-41	-34	-5	8	det1=true
[14969]	97	122	-35	-3	-10	-3	det1=true
[14970]	97	122	-38	-3	-10	3	det1=true
[14971]	99	122	-26	-1	-4	-10	det1=true
[14972]	99	122	-36	-1	-4	10	det1=true
[14973]	100	122	-45	-22	-9	-4	det1=true
[14974]	100	122	-49	-22	-9	4	det1=true
[14975]	110	122	-41	-12	-4	-10	det1=true
[14976]	110	122	-51	-12	-4	10	det1=true
[14977]	110	122	-42	-19	-8	-7	det1=true
[14978]	110	122	-49	-19	-8	7	det1=true
[14979]	110	122	-37	3	-11	-2	det1=true
[14980]	110	122	-39	3	-11	2	det1=true
[14981]	111	122	-42	-13	-4	-10	det1=true
[14982]	114	122	-49	4	-9	-6	det1=true
[14983]	115	122	-25	-8	-11	-4	det1=true
[14984]	115	122	-29	-8	-11	4	det1=true
[14985]	116	122	-59	-14	-7	8	det1=true
[14986]	116	122	-29	-3	-11	-4	det1=true
[14987]	122	122	-20	-5	-2	-12	det1=true
[14988]	122	122	-32	-5	-2	12	det1=true
[14989]	122	122	-21	1	-10	-7	det1=true
[14990]	51	123	-4	0	-7	-4	det1=true
[14991]	54	123	-10	1	-8	-2	det1=true
[14992]	54	123	-12	1	-8	2	det1=true
[14993]	82	123	-35	-21	-9	-2	det1=true
[14994]	82	123	-37	-21	-9	2	det1=true
[14995]	83	123	-38	-1	-9	-3	det1=true
[14996]	83	123	-44	-4	-3	9	det1=true
[14997]	89	123	-25	-20	-10	-1	det1=true
[14998]	93	123	-33	-13	-10	-2	det1=true
[14999]	95	123	-43	-6	-10	-1	det1=true
[15000]	95	123	-44	-6	-10	1	det1=true
[15001]	100	123	-45	-35	-8	-5	det1=true
[15002]	100	123	-50	-35	-8	5	det1=true
[15003]	103	123	-20	-6	-2	-11	det1=true
[15004]	103	123	-31	-6	-2	11	det1=true
[15005]	105	123	-42	-22	-7	8	det1=true
[15006]	109	123	-41	4	-11	-1	det1=true
[15007]	109	123	-42	4	-11	1	det1=true
[15008]	110	123	-49	-36	-9	-4	det1=true
[15009]	110	123	-53	-36	-9	4	det1=true
[15010]	114	123	-47	-21	-7	-8	det1=true
[15011]	114	123	-55	-21	-7	8	det1=true
[15012]	114	123	-35	-22	-11	-2	det1=true
[15013]	114	123	-37	-22	-11	2	det1=true
[15014]	115	123	-56	-6	-10	4	det1=true
[15015]	115	123	-49	-9	-4	-10	det1=true
[15016]	115	123	-59	-9	-4	10	det1=true
[15017]	54	124	-17	-5	-1	-8	det1=true
[15018]	54	124	-25	-5	-1	8	det1=true
[15019]	54	124	-17	-7	-7	-4	det1=true
[15020]	54	124	-21	-7	-7	4	det1=true
[15021]	56	124	-24	-17	-6	-5	det1=true
[15022]	57	124	-23	-21	-6	-5	det1=true
[15023]	57	124	-28	-21	-6	5	det1=true
[15024]	80	124	-38	-33	-8	-3	det1=true
[15025]	80	124	-41	-33	-8	3	det1=true
[15026]	81	124	-14	-1	-2	10	det1=true
[15027]	84	124	-24	-7	-10	-1	det1=true
[15028]	84	124	-25	-7	-10	1	det1=true
[15029]	86	124	-29	-4	-8	-6	det1=true
[15030]	86	124	-35	-4	-8	6	det1=true
[15031]	89	124	-31	-22	-8	6	det1=true
[15032]	92	124	-19	-5	-8	-7	det1=true
[15033]	93	124	-28	-21	-2	-10	det1=true
[15034]	94	124	-17	-6	-4	-10	det1=true
[15035]	94	124	-27	-6	-4	10	det1=true
[15036]	99	124	-37	-10	-4	10	det1=true
[15037]	108	124	-43	-24	-3	-10	det1=true
[15038]	108	124	-53	-24	-3	10	det1=true
[15039]	111	124	-27	1	-11	4	det1=true
[15040]	112	124	-23	-6	-6	-10	det1=true
[15041]	112	124	-33	-6	-6	10	det1=true
[15042]	116	124	-54	-35	-6	-8	det1=true
[15043]	116	124	-62	-35	-6	8	det1=true
[15044]	121	124	-53	-40	-2	-10	det1=true
[15045]	123	124	-55	-44	-1	-10	det1=true
[15046]	124	124	-82	-7	-4	9	det1=true
[15047]	24	121	-7	-5	-2	-5	det1=true
[15048]	47	121	-8	-3	-7	-3	det1=true
[15049]	47	121	-11	-3	-7	3	det1=true
[15050]	63	121	-20	-2	-7	-5	det1=true
[15051]	77	121	-33	-14	-9	-1	det1=true
[15052]	77	121	-34	-14	-9	1	det1=true
[15053]	91	121	-21	-12	-5	-9	det1=true
[15054]	91	121	-30	-12	-5	9	det1=true
[15055]	93	121	-29	-6	-9	-5	det1=true
[15056]	93	121	-34	-6	-9	5	det1=true
[15057]	114	121	-37	-14	-11	-2	det1=true
[15058]	114	121	-39	-14	-11	2	det1=true
[15059]	118	121	-24	-15	-4	-11	det1=true
[15060]	99	122	-25	1	-6	-9	det1=true
[15061]	99	122	-34	1	-6	9	det1=true
[15062]	109	122	-35	-34	-3	-10	det1=true
[15063]	109	122	-45	-34	-3	10	det1=true
[15064]	113	122	-23	-1	-11	-4	det1=true
[15065]	114	122	-55	-29	-10	-1	det1=true
[15066]	114	122	-56	-29	-10	1	det1=true
[15067]	65	123	-26	-29	-1	-8	det1=true
[15068]	65	123	-34	-29	-1	8	det1=true
[15069]	75	123	-30	-13	-1	-9	det1=true
[15070]	75	123	-39	-13	-1	9	det1=true
[15071]	86	123	-35	-2	-1	10	det1=true
[15072]	105	123	-34	-22	-7	-8	det1=true
[15073]	108	123	-35	-22	-4	-10	det1=true
[15074]	108	123	-45	-22	-4	10	det1=true
[15075]	117	123	-55	-31	-10	-2	det1=true
[15076]	117	123	-51	-2	-11	-1	det1=true
[15077]	119	123	-43	-33	-4	-10	det1=true
[15078]	119	123	-53	-33	-4	10	det1=true
[15079]	120	123	-39	-29	-11	-2	det1=true
[15080]	120	123	-41	-29	-11	2	det1=true
[15081]	120	123	-39	-16	-10	6	det1=true
[15082]	123	123	-34	-7	-11	5	det1=true
[15083]	49	124	-21	-19	-2	-7	det1=true
[15084]	49	124	-28	-19	-2	7	det1=true
[15085]	83	124	-17	2	-10	-2	det1=true
[15086]	83	124	-19	2	-10	2	det1=true
[15087]	88	124	-23	-12	-2	-10	det1=true
[15088]	88	124	-33	-12	-2	10	det1=true
[15089]	89	124	-25	-22	-8	-6	det1=true
[15090]	110	124	-45	-25	-3	-10	det1=true
[15091]	110	124	-55	-25	-3	10	det1=true
[15092]	54	121	-13	-4	-1	-8	det1=true
[15093]	54	121	-21	-4	-1	8	det1=true
[15094]	99	121	-34	-3	-3	-10	det1=true
[15095]	99	121	-44	-3	-3	10	det1=true
[15096]	102	121	-23	-17	-9	-6	det1=true
[15097]	102	121	-29	-17	-9	6	det1=true
[15098]	106	121	-41	-15	-3	-10	det1=true
[15099]	106	121	-51	-15	-3	10	det1=true
[15100]	108	121	-42	-29	-2	-10	det1=true
[15101]	108	121	-52	-29	-2	10	det1=true
[15102]	116	121	-43	-21	-6	-9	det1=true
[15103]	116	121	-52	-21	-6	9	det1=true
[15104]	117	121	-58	-17	-7	8	det1=true
[15105]	50	123	-14	-3	-6	-5	det1=true
[15106]	103	123	-30	-2	-11	-1	det1=true
[15107]	103	123	-25	-7	-1	-11	det1=true
[15108]	103	123	-36	-7	-1	11	det1=true
[15109]	104	123	-47	-18	-10	-2	det1=true
[15110]	104	123	-49	-18	-10	2	det1=true
[15111]	111	123	-40	4	-11	-2	det1=true
[15112]	123	123	-29	-7	-11	-5	det1=true
[15113]	41	124	-7	0	-4	-6	det1=true
[15114]	41	124	-13	0	-4	6	det1=true
[15115]	55	124	-18	-13	-8	1	det1=true
[15116]	79	124	-18	1	-4	-9	det1=true
[15117]	84	124	-16	-3	-2	-10	det1=true
[15118]	84	124	-26	-3	-2	10	det1=true
[15119]	87	124	-38	-21	-8	-5	det1=true
[15120]	103	124	-55	-24	-1	10	det1=true
[15121]	121	124	-63	-40	-2	10	det1=true
[15122]	69	121	-25	-19	-7	-5	det1=true
[15123]	79	121	-26	-18	-8	5	det1=true
[15124]	99	121	-10	-7	-1	-11	det1=true
[15125]	103	121	-41	-16	-9	-5	det1=true
[15126]	103	121	-46	-16	-9	5	det1=true
[15127]	103	121	-36	-3	-7	-8	det1=true
[15128]	103	121	-44	-3	-7	8	det1=true
[15129]	107	121	-42	-37	-9	-4	det1=true
[15130]	107	121	-46	-37	-9	4	det1=true
[15131]	117	121	-50	-17	-7	-8	det1=true
[15132]	117	121	-33	-31	-1	-11	det1=true
[15133]	117	121	-44	-31	-1	11	det1=true
[15134]	121	121	-36	-20	-7	-9	det1=true
[15135]	121	121	-45	-20	-7	9	det1=true
[15136]	86	122	-35	-28	-9	-2	det1=true
[15137]	86	122	-37	-28	-9	2	det1=true
[15138]	110	122	-45	-39	-4	-9	det1=true
[15139]	110	122	-54	-39	-4	9	det1=true
[15140]	118	122	-17	-3	-8	-9	det1=true
[15141]	118	122	-26	-3	-8	9	det1=true
[15142]	73	123	-14	-9	-5	-8	det1=true
[15143]	84	123	-17	-2	-10	-2	det1=true
[15144]	84	123	-19	-2	-10	2	det1=true
[15145]	101	123	-26	-23	-7	-8	det1=true
[15146]	101	123	-34	-23	-7	8	det1=true
[15147]	103	123	-31	-2	-11	1	det1=true
[15148]	113	123	-48	-29	-5	-9	det1=true
[15149]	113	123	-57	-29	-5	9	det1=true
[15150]	54	124	-15	-10	-7	-4	det1=true
[15151]	54	124	-19	-10	-7	4	det1=true
[15152]	81	124	-2	-5	-2	-10	det1=true
[15153]	81	124	-12	-5	-2	10	det1=true
[15154]	93	124	-42	-7	-4	-9	det1=true
[15155]	94	124	-36	-3	-2	-10	det1=true
[15156]	94	124	-46	-3	-2	10	det1=true
[15157]	99	124	-30	-7	-10	-4	det1=true
[15158]	84	121	-13	2	-10	-2	det1=true
[15159]	121	121	-37	-19	-9	-7	det1=true
[15160]	121	121	-44	-19	-9	7	det1=true
[15161]	44	122	-15	-6	-4	-6	det1=true
[15162]	44	122	-21	-6	-4	6	det1=true
[15163]	78	122	-13	3	-9	-4	det1=true
[15164]	78	122	-17	3	-9	4	det1=true
[15165]	114	122	-37	-34	-7	-8	det1=true
[15166]	123	123	-53	-45	-6	-8	det1=true
[15167]	123	123	-61	-45	-6	8	det1=true
[15168]	34	124	-15	2	-5	-4	det1=true
[15169]	34	124	-19	2	-5	4	det1=true
[15170]	97	124	-33	-30	-8	-6	det1=true
[15171]	97	124	-39	-30	-8	6	det1=true
[15172]	103	124	-37	-32	-10	-2	det1=true
[15173]	110	124	-14	-13	-6	-10	det1=true
[15174]	110	124	-24	-13	-6	10	det1=true
[15175]	121	124	-63	-23	-7	8	det1=true
[15176]	52	121	-6	-1	-8	-1	det1=true
[15177]	52	121	-7	-1	-8	1	det1=true
[15178]	69	121	-30	-19	-7	5	det1=true
[15179]	111	121	-26	-27	-1	-11	det1=true
[15180]	116	122	-38	-33	-10	-4	det1=true
[15181]	116	122	-42	-33	-10	4	det1=true
[15182]	116	122	-22	-17	-6	-10	det1=true
[15183]	116	122	-32	-17	-6	10	det1=true
[15184]	92	123	-7	1	-9	-6	det1=true
[15185]	92	123	-13	1	-9	6	det1=true
[15186]	94	124	-40	1	-10	-2	det1=true
[15187]	94	124	-42	1	-10	2	det1=true
[15188]	77	121	-29	-18	-1	-9	det1=true
[15189]	77	121	-38	-18	-1	9	det1=true
[15190]	95	122	-14	-9	-4	-10	det1=true
[15191]	95	122	-24	-9	-4	10	det1=true
[15192]	108	122	-29	-12	-11	-2	det1=true
[15193]	108	122	-31	-12	-11	2	det1=true
[15194]	55	124	-17	-13	-8	-1	det1=true
[15195]	72	124	-17	-1	-8	-5	det1=true
[15196]	72	124	-22	-1	-8	5	det1=true
[15197]	91	124	-24	-9	-10	-3	det1=true
[15198]	91	124	-27	-9	-10	3	det1=true
[15199]	80	122	-8	1	-10	-1	det1=true
[15200]	81	122	-11	-6	-6	-8	det1=true
[15201]	81	122	-19	-6	-6	8	det1=true
[15202]	91	123	-31	-18	-10	-1	det1=true
[15203]	91	123	-32	-18	-10	1	det1=true
[15204]	71	124	-21	-5	-6	-7	det1=true
[15205]	71	124	-28	-5	-6	7	det1=true
[15206]	121	124	-55	-23	-7	-8	det1=true
[15207]	90	122	-31	-3	-1	-10	det1=true
[15208]	90	122	-41	-3	-1	10	det1=true
[15209]	111	122	-54	-25	-10	-1	det1=true
[15210]	111	122	-55	-25	-10	1	det1=true
[15211]	57	123	-22	-10	-1	-8	det1=true
[15212]	57	123	-30	-10	-1	8	det1=true
[15213]	123	123	-42	-35	-11	-1	det1=true
[15214]	124	124	-38	3	-12	-1	det1=true
[15215]	124	124	-39	3	-12	1	det1=true
[15216]	103	122	-47	-23	-4	-9	det1=true
[15217]	59	121	-13	0	-8	3	det1=true
[15218]	92	122	-20	-13	-10	-3	det1=true
[15219]	92	122	-23	-13	-10	3	det1=true
[15220]	33	123	-9	2	-4	-5	det1=true
[15221]	117	123	-25	-3	-5	11	det1=true
[15222]	115	121	-36	-30	-9	-6	det1=true
[15223]	115	121	-42	-30	-9	6	det1=true
[15224]	121	121	-47	-21	-11	-1	det1=true
[15225]	121	121	-48	-21	-11	1	det1=true
[15226]	122	122	-25	0	-12	-2	det1=true
[15227]	122	122	-27	0	-12	2	det1=true
[15228]	78	123	-23	-16	-5	-8	det1=true
[15229]	78	123	-31	-16	-5	8	det1=true
[15230]	105	123	-23	-20	-1	-11	det1=true
[15231]	111	123	-52	-30	-10	-1	det1=true
[15232]	111	123	-53	-30	-10	1	det1=true
[15233]	117	123	-14	-3	-5	-11	det1=true
[15234]	94	124	-41	-8	-8	-6	det1=true
[15235]	94	124	-47	-8	-8	6	det1=true
[15236]	59	121	-10	0	-8	-3	det1=true
[15237]	121	121	-52	-12	-11	1	det1=true
[15238]	78	121	-37	-12	-8	-4	det1=true
[15239]	78	121	-41	-12	-8	4	det1=true
[15240]	121	121	-18	-10	-11	-5	det1=true
[15241]	121	121	-23	-10	-11	5	det1=true
[15242]	123	123	-54	-44	-8	-6	det1=true
[15243]	121	121	-51	-12	-11	-1	det1=true
[15244]	114	124	-51	-53	-2	-9	det1=true
[15245]	114	124	-60	-53	-2	9	det1=true
[15246]	99	121	-30	2	-7	-8	det1=true
[15247]	99	121	-38	2	-7	8	det1=true
[15248]	99	121	-30	-2	-8	-7	det1=true
[15249]	56	122	-20	-19	-6	-5	det1=true
[15250]	56	122	-25	-19	-6	5	det1=true
[15251]	73	121	-29	-6	-9	-1	det1=true
[15252]	73	124	-35	-23	-8	-3	det1=true
[15253]	73	124	-38	-23	-8	3	det1=true
[15254]	123	123	-47	-29	-11	-1	det1=true
[15255]	123	123	-48	-29	-11	1	det1=true
[15256]	121	121	-46	-17	-1	-11	det1=true
[15257]	121	121	-57	-17	-1	11	det1=true
[15258]	91	125	-41	-2	-4	-9	det1=true
[15259]	91	125	-50	-2	-4	9	det1=true
[15260]	29	126	-10	3	-6	-1	det1=true
[15261]	29	126	-11	3	-6	1	det1=true
[15262]	107	127	-52	-12	-10	-3	det1=true
[15263]	107	127	-55	-12	-10	3	det1=true
[15264]	57	125	-17	-13	-8	-2	det1=true
[15265]	57	125	-19	-13	-8	2	det1=true
[15266]	71	125	-26	2	-9	-2	det1=true
[15267]	71	125	-28	2	-9	2	det1=true
[15268]	88	125	-25	-27	-4	-9	det1=true
[15269]	88	125	-34	-27	-4	9	det1=true
[15270]	101	125	-30	2	-11	-1	det1=true
[15271]	101	125	-31	2	-11	1	det1=true
[15272]	112	126	-18	-19	-4	-11	det1=true
[15273]	112	126	-29	-19	-4	11	det1=true
[15274]	118	126	-21	5	-10	-7	det1=true
[15275]	95	128	-39	-23	-1	-10	det1=true
[15276]	95	128	-49	-23	-1	10	det1=true
[15277]	128	128	-39	-21	-9	-8	det1=true
[15278]	128	128	-47	-21	-9	8	det1=true
[15279]	39	125	-7	-2	-7	-1	det1=true
[15280]	39	125	-8	-2	-7	1	det1=true
[15281]	80	125	-21	-9	-9	-4	det1=true
[15282]	80	125	-25	-9	-9	4	det1=true
[15283]	90	125	-27	5	-10	-3	det1=true
[15284]	90	125	-30	5	-10	3	det1=true
[15285]	92	125	-34	-25	-4	-9	det1=true
[15286]	92	125	-43	-25	-4	9	det1=true
[15287]	115	125	-16	-5	-9	-8	det1=true
[15288]	115	125	-24	-5	-9	8	det1=true
[15289]	117	125	-34	-9	-11	-4	det1=true
[15290]	124	125	-43	-14	-10	-6	det1=true
[15291]	124	125	-49	-14	-10	6	det1=true
[15292]	125	125	-40	-4	-12	-1	det1=true
[15293]	125	125	-41	-4	-12	1	det1=true
[15294]	125	125	-24	-12	-12	-3	det1=true
[15295]	125	125	-27	-12	-12	3	det1=true
[15296]	23	126	-9	-5	-5	2	det1=true
[15297]	86	126	-24	-5	-2	-10	det1=true
[15298]	86	126	-34	-5	-2	10	det1=true
[15299]	96	126	-35	-24	-10	-2	det1=true
[15300]	113	126	-46	-21	-4	-10	det1=true
[15301]	113	126	-56	-21	-4	10	det1=true
[15302]	116	126	-44	-13	-2	-11	det1=true
[15303]	116	126	-55	-13	-2	11	det1=true
[15304]	68	127	-21	1	-9	-2	det1=true
[15305]	68	127	-23	1	-9	2	det1=true
[15306]	71	127	-17	-3	-9	-3	det1=true
[15307]	71	127	-20	-3	-9	3	det1=true
[15308]	80	127	-39	-16	-9	-2	det1=true
[15309]	113	127	-54	-47	-9	-3	det1=true
[15310]	113	127	-57	-47	-9	3	det1=true
[15311]	119	127	-22	-19	-9	-8	det1=true
[15312]	119	127	-30	-19	-9	8	det1=true
[15313]	124	127	-44	-15	-6	-10	det1=true
[15314]	124	127	-54	-15	-6	10	det1=true
[15315]	127	127	-38	0	-7	-10	det1=true
[15316]	127	127	-48	0	-7	10	det1=true
[15317]	70	128	-16	-19	-2	-9	det1=true
[15318]	70	128	-25	-19	-2	9	det1=true
[15319]	83	128	-27	-9	-10	-1	det1=true
[15320]	83	128	-28	-9	-10	1	det1=true
[15321]	84	128	-27	-7	-1	-10	det1=true
[15322]	84	128	-37	-7	-1	10	det1=true
[15323]	113	128	-27	-15	-4	-11	det1=true
[15324]	113	128	-38	-15	-4	11	det1=true
[15325]	122	128	-37	6	-12	-2	det1=true
[15326]	122	128	-39	6	-12	2	det1=true
[15327]	23	125	-6	-4	-2	-5	det1=true
[15328]	23	125	-11	-4	-2	5	det1=true
[15329]	52	125	-19	-11	-6	-5	det1=true
[15330]	52	125	-24	-11	-6	5	det1=true
[15331]	53	125	-18	-16	-5	-6	det1=true
[15332]	53	125	-24	-16	-5	6	det1=true
[15333]	56	125	-21	2	-8	-2	det1=true
[15334]	56	125	-23	2	-8	2	det1=true
[15335]	58	125	-13	-3	-8	-3	det1=true
[15336]	58	125	-16	-3	-8	3	det1=true
[15337]	65	125	-9	-9	-1	-9	det1=true
[15338]	65	125	-18	-9	-1	9	det1=true
[15339]	71	125	-27	-5	-1	-9	det1=true
[15340]	71	125	-36	-5	-1	9	det1=true
[15341]	99	125	-28	-10	-9	-6	det1=true
[15342]	99	125	-34	-10	-9	6	det1=true
[15343]	101	125	-29	-17	-4	-10	det1=true
[15344]	101	125	-39	-17	-4	10	det1=true
[15345]	101	125	-25	-3	-1	-11	det1=true
[15346]	101	125	-36	-3	-1	11	det1=true
[15347]	104	125	-48	-15	-10	3	det1=true
[15348]	108	125	-49	-24	-2	-10	det1=true
[15349]	108	125	-59	-24	-2	10	det1=true
[15350]	109	125	-46	0	-9	-6	det1=true
[15351]	109	125	-52	0	-9	6	det1=true
[15352]	109	125	-46	-29	-9	-5	det1=true
[15353]	109	125	-51	-29	-9	5	det1=true
[15354]	109	125	-44	-31	-5	-9	det1=true
[15355]	109	125	-53	-31	-5	9	det1=true
[15356]	109	125	-16	-8	-11	-4	det1=true
[15357]	109	125	-20	-8	-11	4	det1=true
[15358]	111	125	-41	-5	-1	-11	det1=true
[15359]	113	125	-43	-9	-1	-11	det1=true
[15360]	115	125	-29	-11	-6	-10	det1=true
[15361]	118	125	-61	-9	-9	6	det1=true
[15362]	121	125	-44	-31	-1	-11	det1=true
[15363]	121	125	-38	-26	-7	-9	det1=true
[15364]	121	125	-47	-26	-7	9	det1=true
[15365]	124	125	-41	-16	-6	-10	det1=true
[15366]	124	125	-51	-16	-6	10	det1=true
[15367]	125	125	-48	-17	-7	-9	det1=true
[15368]	125	125	-52	3	-11	4	det1=true
[15369]	56	126	-6	1	-8	-3	det1=true
[15370]	56	126	-9	1	-8	3	det1=true
[15371]	59	126	-30	-5	-8	2	det1=true
[15372]	88	126	-24	-7	-10	3	det1=true
[15373]	95	126	-22	-5	-6	-9	det1=true
[15374]	95	126	-31	-5	-6	9	det1=true
[15375]	106	126	-13	2	-11	-4	det1=true
[15376]	106	126	-17	2	-11	4	det1=true
[15377]	107	126	-48	1	-8	-7	det1=true
[15378]	107	126	-55	1	-8	7	det1=true
[15379]	113	126	-47	-22	-10	-4	det1=true
[15380]	113	126	-51	-22	-10	4	det1=true
[15381]	117	126	-53	-52	-5	-8	det1=true
[15382]	117	126	-61	-52	-5	8	det1=true
[15383]	10	127	-3	-1	-2	-3	det1=true
[15384]	10	127	-6	-1	-2	3	det1=true
[15385]	19	127	-2	0	-3	-4	det1=true
[15386]	19	127	-6	0	-3	4	det1=true
[15387]	40	127	-6	-3	-6	-4	det1=true
[15388]	40	127	-10	-3	-6	4	det1=true
[15389]	45	127	-19	-20	-1	-7	det1=true
[15390]	45	127	-26	-20	-1	7	det1=true
[15391]	47	127	-15	-7	-3	-7	det1=true
[15392]	47	127	-22	-7	-3	7	det1=true
[15393]	52	127	-13	-9	-1	-8	det1=true
[15394]	52	127	-21	-9	-1	8	det1=true
[15395]	54	127	-11	-10	-2	-8	det1=true
[15396]	54	127	-19	-10	-2	8	det1=true
[15397]	59	127	-29	-5	-8	-2	det1=true
[15398]	62	127	-25	-5	-3	-8	det1=true
[15399]	62	127	-33	-5	-3	8	det1=true
[15400]	68	127	-13	-12	-7	-6	det1=true
[15401]	70	127	-15	0	-5	-8	det1=true
[15402]	70	127	-23	0	-5	8	det1=true
[15403]	71	127	-14	-6	-3	-9	det1=true
[15404]	71	127	-23	-6	-3	9	det1=true
[15405]	82	127	-37	-12	-5	-8	det1=true
[15406]	82	127	-45	-12	-5	8	det1=true
[15407]	97	127	-42	0	-5	-9	det1=true
[15408]	97	127	-51	0	-5	9	det1=true
[15409]	110	127	-51	-34	-6	-8	det1=true
[15410]	110	127	-59	-34	-6	8	det1=true
[15411]	115	127	-11	-11	-2	-12	det1=true
[15412]	115	127	-23	-11	-2	12	det1=true
[15413]	118	127	-57	-9	-9	-6	det1=true
[15414]	118	127	-27	-3	-1	-12	det1=true
[15415]	118	127	-39	-3	-1	12	det1=true
[15416]	120	127	-55	-40	-2	-10	det1=true
[15417]	120	127	-65	-40	-2	10	det1=true
[15418]	123	127	-61	-7	-11	-1	det1=true
[15419]	123	127	-62	-7	-11	1	det1=true
[15420]	127	127	-50	-6	-6	-10	det1=true
[15421]	127	127	-60	-6	-6	10	det1=true
[15422]	127	127	-12	-8	-10	-8	det1=true
[15423]	127	127	-20	-8	-10	8	det1=true
[15424]	32	128	-9	-10	-2	-6	det1=true
[15425]	32	128	-15	-10	-2	6	det1=true
[15426]	54	128	-16	1	-2	-8	det1=true
[15427]	54	128	-24	1	-2	8	det1=true
[15428]	67	128	-31	-19	-8	-3	det1=true
[15429]	67	128	-34	-19	-8	3	det1=true
[15430]	68	128	-16	-11	-2	-9	det1=true
[15431]	68	128	-25	-11	-2	9	det1=true
[15432]	81	128	-23	-7	-10	-1	det1=true
[15433]	81	128	-24	-7	-10	1	det1=true
[15434]	96	128	-27	-19	-7	-8	det1=true
[15435]	96	128	-35	-19	-7	8	det1=true
[15436]	106	128	-20	1	-10	-6	det1=true
[15437]	106	128	-26	1	-10	6	det1=true
[15438]	115	128	-53	-22	-7	-8	det1=true
[15439]	115	128	-61	-22	-7	8	det1=true
[15440]	122	128	-33	1	-10	-7	det1=true
[15441]	122	128	-40	1	-10	7	det1=true
[15442]	125	128	-39	-9	-1	-12	det1=true
[15443]	126	128	-60	-49	-10	1	det1=true
[15444]	59	125	-9	-9	-5	-7	det1=true
[15445]	59	125	-16	-9	-5	7	det1=true
[15446]	63	125	0	-1	-1	-9	det1=true
[15447]	63	125	-9	-1	-1	9	det1=true
[15448]	69	125	-4	4	-9	3	det1=true
[15449]	69	125	2	1	-3	-9	det1=true
[15450]	71	125	-24	-6	-9	-2	det1=true
[15451]	71	125	-26	-6	-9	2	det1=true
[15452]	85	125	-26	-1	-5	9	det1=true
[15453]	93	125	-34	-16	-10	-2	det1=true
[15454]	96	125	-37	-6	-7	8	det1=true
[15455]	97	125	-36	-1	-3	-10	det1=true
[15456]	97	125	-46	-1	-3	10	det1=true
[15457]	102	125	-37	-13	-8	-7	det1=true
[15458]	102	125	-44	-13	-8	7	det1=true
[15459]	102	125	-25	-23	-6	-9	det1=true
[15460]	102	125	-34	-23	-6	9	det1=true
[15461]	103	125	-16	1	-7	-9	det1=true
[15462]	103	125	-25	1	-7	9	det1=true
[15463]	104	125	-45	-15	-10	-3	det1=true
[15464]	104	125	-31	3	-11	-2	det1=true
[15465]	104	125	-33	3	-11	2	det1=true
[15466]	106	125	-47	-35	-9	-4	det1=true
[15467]	106	125	-51	-35	-9	4	det1=true
[15468]	106	125	-29	-14	-11	-2	det1=true
[15469]	106	125	-31	-14	-11	2	det1=true
[15470]	107	125	-28	-2	-11	-3	det1=true
[15471]	107	125	-31	-2	-11	3	det1=true
[15472]	107	125	-10	-2	-4	-11	det1=true
[15473]	107	125	-21	-2	-4	11	det1=true
[15474]	107	125	-7	-8	-4	-11	det1=true
[15475]	107	125	-18	-8	-4	11	det1=true
[15476]	110	125	-23	3	-11	-4	det1=true
[15477]	110	125	-27	3	-11	4	det1=true
[15478]	113	125	-11	4	-8	-9	det1=true
[15479]	113	125	-20	4	-8	9	det1=true
[15480]	116	125	-31	-5	-4	-11	det1=true
[15481]	116	125	-42	-5	-4	11	det1=true
[15482]	117	125	-32	-8	-4	-11	det1=true
[15483]	117	125	-43	-8	-4	11	det1=true
[15484]	121	125	-55	-31	-1	11	det1=true
[15485]	121	125	-41	-24	-11	-3	det1=true
[15486]	121	125	-44	-24	-11	3	det1=true
[15487]	123	125	-53	-45	-10	-2	det1=true
[15488]	123	125	-55	-45	-10	2	det1=true
[15489]	125	125	-57	-17	-7	9	det1=true
[15490]	125	125	-47	-19	-3	-11	det1=true
[15491]	125	125	-58	-19	-3	11	det1=true
[15492]	23	126	-7	-5	-5	-2	det1=true
[15493]	70	126	-11	-6	-5	-8	det1=true
[15494]	79	126	-13	-5	-10	-1	det1=true
[15495]	79	126	-14	-5	-10	1	det1=true
[15496]	84	126	-19	-6	-2	-10	det1=true
[15497]	84	126	-29	-6	-2	10	det1=true
[15498]	88	126	-22	-19	-2	-10	det1=true
[15499]	88	126	-32	-19	-2	10	det1=true
[15500]	90	126	-39	4	-8	-6	det1=true
[15501]	90	126	-45	4	-8	6	det1=true
[15502]	98	126	-35	1	-7	-8	det1=true
[15503]	98	126	-43	1	-7	8	det1=true
[15504]	106	126	-7	-7	-4	-11	det1=true
[15505]	108	126	-46	-9	-10	-4	det1=true
[15506]	108	126	-50	-9	-10	4	det1=true
[15507]	110	126	-49	-21	-3	-10	det1=true
[15508]	110	126	-59	-21	-3	10	det1=true
[15509]	114	126	-37	1	-11	4	det1=true
[15510]	119	126	-49	-39	-3	-10	det1=true
[15511]	119	126	-59	-39	-3	10	det1=true
[15512]	32	127	-7	-5	-5	-4	det1=true
[15513]	32	127	-11	-5	-5	4	det1=true
[15514]	40	127	-7	2	-4	-6	det1=true
[15515]	40	127	-13	2	-4	6	det1=true
[15516]	54	127	-15	-16	-1	-8	det1=true
[15517]	54	127	-23	-16	-1	8	det1=true
[15518]	63	127	-31	-24	-8	-1	det1=true
[15519]	63	127	-32	-24	-8	1	det1=true
[15520]	67	127	-25	2	-9	-1	det1=true
[15521]	67	127	-26	2	-9	1	det1=true
[15522]	69	127	-24	-10	-7	6	det1=true
[15523]	71	127	-29	-6	-1	-9	det1=true
[15524]	71	127	-38	-6	-1	9	det1=true
[15525]	79	127	-18	0	-8	-6	det1=true
[15526]	79	127	-24	0	-8	6	det1=true
[15527]	79	127	-14	0	-1	-10	det1=true
[15528]	88	127	-38	-7	-4	-9	det1=true
[15529]	88	127	-47	-7	-4	9	det1=true
[15530]	89	127	-22	-19	-9	-5	det1=true
[15531]	89	127	-27	-19	-9	5	det1=true
[15532]	91	127	-35	4	-9	-5	det1=true
[15533]	91	127	-40	4	-9	5	det1=true
[15534]	91	127	-33	2	-5	-9	det1=true
[15535]	91	127	-42	2	-5	9	det1=true
[15536]	94	127	-38	-23	-10	-1	det1=true
[15537]	95	127	-43	-33	-3	-9	det1=true
[15538]	95	127	-52	-33	-3	9	det1=true
[15539]	98	127	-38	-21	-10	3	det1=true
[15540]	99	127	-29	1	-11	-1	det1=true
[15541]	99	127	-30	1	-11	1	det1=true
[15542]	105	127	-40	2	-11	-1	det1=true
[15543]	105	127	-41	2	-11	1	det1=true
[15544]	107	127	-29	-9	-11	-3	det1=true
[15545]	107	127	-32	-9	-11	3	det1=true
[15546]	107	127	-25	-13	-3	-11	det1=true
[15547]	107	127	-36	-13	-3	11	det1=true
[15548]	109	127	-39	-19	-11	-1	det1=true
[15549]	109	127	-40	-19	-11	1	det1=true
[15550]	109	127	-20	-10	-11	-4	det1=true
[15551]	116	127	-30	-19	-6	-10	det1=true
[15552]	116	127	-40	-19	-6	10	det1=true
[15553]	119	127	-28	-8	-1	-12	det1=true
[15554]	119	127	-40	-8	-1	12	det1=true
[15555]	122	127	-44	-3	-8	9	det1=true
[15556]	123	127	-48	4	-11	-4	det1=true
[15557]	124	127	-24	-25	-2	-12	det1=true
[15558]	124	127	-36	-25	-2	12	det1=true
[15559]	127	127	-57	0	-9	-7	det1=true
[15560]	127	127	-64	0	-9	7	det1=true
[15561]	127	127	-50	-12	-11	-4	det1=true
[15562]	127	127	-16	-16	-4	-12	det1=true
[15563]	127	127	-28	-16	-4	12	det1=true
[15564]	66	128	-12	-5	-2	-9	det1=true
[15565]	66	128	-21	-5	-2	9	det1=true
[15566]	82	128	-37	-24	-7	-6	det1=true
[15567]	82	128	-43	-24	-7	6	det1=true
[15568]	85	128	-15	-5	-3	-10	det1=true
[15569]	85	128	-25	-5	-3	10	det1=true
[15570]	85	128	-17	-5	-10	-3	det1=true
[15571]	85	128	-20	-5	-10	3	det1=true
[15572]	101	128	-45	-27	-1	-10	det1=true
[15573]	101	128	-55	-27	-1	10	det1=true
[15574]	105	128	-40	-13	-6	-9	det1=true
[15575]	105	128	-49	-13	-6	9	det1=true
[15576]	107	128	-20	-7	-10	-6	det1=true
[15577]	107	128	-26	-7	-10	6	det1=true
[15578]	116	128	-48	-3	-2	-11	det1=true
[15579]	116	128	-59	-3	-2	11	det1=true
[15580]	116	128	-25	-1	-1	-12	det1=true
[15581]	116	128	-37	-1	-1	12	det1=true
[15582]	119	128	-44	5	-10	-6	det1=true
[15583]	119	128	-50	5	-10	6	det1=true
[15584]	119	128	-42	3	-6	-10	det1=true
[15585]	119	128	-52	3	-6	10	det1=true
[15586]	119	128	-29	-11	-8	-9	det1=true
[15587]	119	128	-35	-22	-1	12	det1=true
[15588]	121	128	-42	-13	-6	-10	det1=true
[15589]	121	128	-52	-13	-6	10	det1=true
[15590]	122	128	-43	-14	-6	-10	det1=true
[15591]	122	128	-53	-14	-6	10	det1=true
[15592]	123	128	-35	-17	-10	7	det1=true
[15593]	125	128	-36	-7	-2	-12	det1=true
[15594]	125	128	-48	-7	-2	12	det1=true
[15595]	125	128	-38	-31	-10	-6	det1=true
[15596]	126	128	-59	-49	-10	-1	det1=true
[15597]	126	128	-14	-5	-10	-8	det1=true
[15598]	126	128	-22	-5	-10	8	det1=true
[15599]	128	128	-49	-25	-1	12	det1=true
[15600]	29	125	-7	-2	-6	-1	det1=true
[15601]	29	125	-8	-2	-6	1	det1=true
[15602]	41	125	-14	-5	-1	-7	det1=true
[15603]	41	125	-21	-5	-1	7	det1=true
[15604]	60	125	-22	-23	-4	-7	det1=true
[15605]	60	125	-29	-23	-4	7	det1=true
[15606]	63	125	-4	3	-9	-1	det1=true
[15607]	63	125	-5	3	-9	1	det1=true
[15608]	71	125	-32	-1	-9	1	det1=true
[15609]	74	125	-24	-1	-8	-5	det1=true
[15610]	74	125	-29	-1	-8	5	det1=true
[15611]	77	125	-36	-29	-7	-5	det1=true
[15612]	77	125	-41	-29	-7	5	det1=true
[15613]	77	125	-35	-30	-5	-7	det1=true
[15614]	77	125	-42	-30	-5	7	det1=true
[15615]	78	125	-15	-7	-4	-9	det1=true
[15616]	78	125	-24	-7	-4	9	det1=true
[15617]	82	125	-21	-4	-6	-8	det1=true
[15618]	82	125	-29	-4	-6	8	det1=true
[15619]	85	125	-28	-2	-6	-8	det1=true
[15620]	88	125	-37	-32	-7	-6	det1=true
[15621]	88	125	-43	-32	-7	6	det1=true
[15622]	101	125	-34	-29	-5	-9	det1=true
[15623]	101	125	-29	-3	-11	-1	det1=true
[15624]	103	125	-23	-19	-1	-11	det1=true
[15625]	105	125	-30	-13	-1	-11	det1=true
[15626]	108	125	-53	-20	-10	-2	det1=true
[15627]	108	125	-16	-3	-6	-10	det1=true
[15628]	108	125	-26	-3	-6	10	det1=true
[15629]	110	125	-39	-26	-10	-4	det1=true
[15630]	110	125	-43	-26	-10	4	det1=true
[15631]	111	125	-40	-18	-11	-1	det1=true
[15632]	111	125	-41	-18	-11	1	det1=true
[15633]	113	125	-48	-4	-11	-1	det1=true
[15634]	113	125	-49	-4	-11	1	det1=true
[15635]	115	125	-31	-9	-10	-6	det1=true
[15636]	115	125	-39	-11	-6	10	det1=true
[15637]	115	125	-18	2	-9	-8	det1=true
[15638]	115	125	-26	2	-9	8	det1=true
[15639]	115	125	-16	-2	-1	-12	det1=true
[15640]	115	125	-28	-2	-1	12	det1=true
[15641]	116	125	-33	-7	-11	-4	det1=true
[15642]	116	125	-37	-7	-11	4	det1=true
[15643]	116	125	-8	-5	-10	-7	det1=true
[15644]	116	125	-15	-5	-10	7	det1=true
[15645]	117	125	-38	-9	-11	4	det1=true
[15646]	117	125	-16	-11	-5	-11	det1=true
[15647]	117	125	-27	-11	-5	11	det1=true
[15648]	118	125	-61	-40	-9	4	det1=true
[15649]	118	125	-59	-46	-1	10	det1=true
[15650]	119	125	-54	-41	-1	-10	det1=true
[15651]	119	125	-64	-41	-1	10	det1=true
[15652]	122	125	-21	-14	-7	-10	det1=true
[15653]	122	125	-31	-14	-7	10	det1=true
[15654]	52	126	-5	2	-8	-2	det1=true
[15655]	52	126	-7	2	-8	2	det1=true
[15656]	70	126	-19	-6	-5	8	det1=true
[15657]	73	126	-23	-1	-8	-5	det1=true
[15658]	73	126	-28	-1	-8	5	det1=true
[15659]	75	126	-24	-11	-8	-5	det1=true
[15660]	75	126	-29	-11	-8	5	det1=true
[15661]	79	126	-23	-24	-5	-8	det1=true
[15662]	79	126	-31	-24	-5	8	det1=true
[15663]	90	126	-9	-4	-4	-10	det1=true
[15664]	90	126	-19	-4	-4	10	det1=true
[15665]	92	126	-19	-7	-9	6	det1=true
[15666]	93	126	-18	-7	-4	-10	det1=true
[15667]	93	126	-28	-7	-4	10	det1=true
[15668]	97	126	-37	-3	-3	-10	det1=true
[15669]	103	126	-23	-13	-2	-11	det1=true
[15670]	103	126	-34	-13	-2	11	det1=true
[15671]	105	126	-31	-25	-9	-6	det1=true
[15672]	105	126	-37	-25	-9	6	det1=true
[15673]	118	126	-42	-13	-10	6	det1=true
[15674]	51	127	-27	-13	-7	3	det1=true
[15675]	53	127	-14	-13	-1	-8	det1=true
[15676]	53	127	-22	-13	-1	8	det1=true
[15677]	55	127	-24	0	-4	-7	det1=true
[15678]	55	127	-31	0	-4	7	det1=true
[15679]	67	127	-27	-20	-7	-5	det1=true
[15680]	69	127	-18	-10	-7	-6	det1=true
[15681]	76	127	-22	-19	-8	-5	det1=true
[15682]	83	127	-28	-12	-4	-9	det1=true
[15683]	83	127	-37	-12	-4	9	det1=true
[15684]	83	127	-22	-14	-6	-8	det1=true
[15685]	83	127	-30	-14	-6	8	det1=true
[15686]	92	127	-38	-35	-8	-5	det1=true
[15687]	92	127	-43	-35	-8	5	det1=true
[15688]	94	127	-39	-23	-10	1	det1=true
[15689]	95	127	-33	-4	-6	9	det1=true
[15690]	96	127	-37	-27	-1	-10	det1=true
[15691]	96	127	-47	-27	-1	10	det1=true
[15692]	98	127	-35	-21	-10	-3	det1=true
[15693]	99	127	-36	-22	-10	-3	det1=true
[15694]	99	127	-39	-22	-10	3	det1=true
[15695]	101	127	-14	-4	-9	-7	det1=true
[15696]	101	127	-21	-4	-9	7	det1=true
[15697]	101	127	-13	-5	-7	-9	det1=true
[15698]	103	127	-32	-13	-11	-1	det1=true
[15699]	103	127	-33	-13	-11	1	det1=true
[15700]	103	127	-27	-18	-1	-11	det1=true
[15701]	103	127	-38	-18	-1	11	det1=true
[15702]	103	127	-4	2	-10	-6	det1=true
[15703]	103	127	-10	2	-10	6	det1=true
[15704]	106	127	-37	-34	-3	-10	det1=true
[15705]	106	127	-47	-34	-3	10	det1=true
[15706]	109	127	-24	-10	-11	4	det1=true
[15707]	111	127	-52	-39	-9	-4	det1=true
[15708]	111	127	-56	-39	-9	4	det1=true
[15709]	112	127	-38	-37	-8	-7	det1=true
[15710]	112	127	-45	-37	-8	7	det1=true
[15711]	112	127	-22	-19	-10	-6	det1=true
[15712]	112	127	-28	-19	-10	6	det1=true
[15713]	112	127	-30	-21	-6	10	det1=true
[15714]	112	127	0	-3	-2	-12	det1=true
[15715]	112	127	-12	-3	-2	12	det1=true
[15716]	114	127	-11	5	-10	-7	det1=true
[15717]	114	127	-18	5	-10	7	det1=true
[15718]	119	127	-52	-28	-10	-4	det1=true
[15719]	119	127	-56	-28	-10	4	det1=true
[15720]	121	127	-44	-6	-11	-4	det1=true
[15721]	122	127	-35	-3	-8	-9	det1=true
[15722]	127	127	-59	1	-11	-3	det1=true
[15723]	127	127	-62	1	-11	3	det1=true
[15724]	52	128	-11	4	-8	-2	det1=true
[15725]	52	128	-13	4	-8	2	det1=true
[15726]	57	128	-25	-15	-7	-4	det1=true
[15727]	57	128	-29	-15	-7	4	det1=true
[15728]	65	128	-23	-23	-3	-8	det1=true
[15729]	65	128	-31	-23	-3	8	det1=true
[15730]	68	128	-10	-1	-8	-5	det1=true
[15731]	68	128	-15	-1	-8	5	det1=true
[15732]	68	128	-14	-3	-8	5	det1=true
[15733]	80	128	-27	-6	-9	-4	det1=true
[15734]	84	128	-26	-3	-10	-2	det1=true
[15735]	84	128	-28	-3	-10	2	det1=true
[15736]	84	128	-22	-7	-2	-10	det1=true
[15737]	84	128	-32	-7	-2	10	det1=true
[15738]	86	128	-31	0	-10	-2	det1=true
[15739]	86	128	-33	0	-10	2	det1=true
[15740]	92	128	-31	-5	-3	-10	det1=true
[15741]	92	128	-41	-5	-3	10	det1=true
[15742]	96	128	-43	-4	-2	-10	det1=true
[15743]	99	128	-17	-13	-2	-11	det1=true
[15744]	99	128	-28	-13	-2	11	det1=true
[15745]	108	128	-35	-35	-7	-8	det1=true
[15746]	108	128	-43	-35	-7	8	det1=true
[15747]	115	128	-38	1	-10	-6	det1=true
[15748]	115	128	-44	1	-10	6	det1=true
[15749]	115	128	-21	-2	-12	-2	det1=true
[15750]	115	128	-23	-2	-12	2	det1=true
[15751]	122	128	-59	-27	-2	11	det1=true
[15752]	123	128	-28	-17	-10	-7	det1=true
[15753]	53	125	-22	-19	-3	-7	det1=true
[15754]	53	125	-29	-19	-3	7	det1=true
[15755]	69	125	-29	-31	-2	-8	det1=true
[15756]	69	125	-37	-31	-2	8	det1=true
[15757]	70	125	-19	-10	-9	-2	det1=true
[15758]	70	125	-21	-10	-9	2	det1=true
[15759]	70	125	-17	-11	-7	-6	det1=true
[15760]	70	125	-23	-11	-7	6	det1=true
[15761]	70	125	-19	1	-5	8	det1=true
[15762]	76	125	-32	-7	-6	-7	det1=true
[15763]	76	125	-39	-7	-6	7	det1=true
[15764]	81	125	-32	-15	-5	-8	det1=true
[15765]	81	125	-40	-15	-5	8	det1=true
[15766]	85	125	-19	1	-9	-5	det1=true
[15767]	85	125	-24	1	-9	5	det1=true
[15768]	88	125	-29	-16	-8	-6	det1=true
[15769]	88	125	-28	-17	-6	-8	det1=true
[15770]	88	125	-36	-17	-6	8	det1=true
[15771]	95	125	-42	-21	-9	-4	det1=true
[15772]	95	125	-46	-21	-9	4	det1=true
[15773]	95	125	-30	-20	-10	3	det1=true
[15774]	96	125	-44	1	-10	-2	det1=true
[15775]	96	125	-46	1	-10	2	det1=true
[15776]	96	125	-29	-6	-7	-8	det1=true
[15777]	96	125	-25	1	-9	-6	det1=true
[15778]	96	125	-31	1	-9	6	det1=true
[15779]	101	125	-43	-29	-5	9	det1=true
[15780]	101	125	-32	-14	-10	-4	det1=true
[15781]	101	125	-36	-14	-10	4	det1=true
[15782]	101	125	-30	-3	-11	1	det1=true
[15783]	103	125	-36	-26	-3	-10	det1=true
[15784]	103	125	-19	3	-11	-3	det1=true
[15785]	103	125	-22	3	-11	3	det1=true
[15786]	106	125	-46	-15	-6	9	det1=true
[15787]	107	125	-42	-18	-8	-7	det1=true
[15788]	107	125	-49	-18	-8	7	det1=true
[15789]	107	125	-24	-6	-3	-11	det1=true
[15790]	107	125	-35	-6	-3	11	det1=true
[15791]	108	125	-14	1	-4	-11	det1=true
[15792]	108	125	-25	1	-4	11	det1=true
[15793]	112	125	-28	1	-10	-6	det1=true
[15794]	112	125	-34	1	-10	6	det1=true
[15795]	113	125	-39	-21	-1	-11	det1=true
[15796]	113	125	-50	-21	-1	11	det1=true
[15797]	121	125	-52	-24	-6	-9	det1=true
[15798]	121	125	-61	-24	-6	9	det1=true
[15799]	125	125	-44	-44	-4	-10	det1=true
[15800]	125	125	-54	-44	-4	10	det1=true
[15801]	69	126	-9	1	-5	-8	det1=true
[15802]	69	126	-17	1	-5	8	det1=true
[15803]	70	126	-14	-1	-8	-5	det1=true
[15804]	70	126	-19	-1	-8	5	det1=true
[15805]	77	126	-5	5	-10	-1	det1=true
[15806]	77	126	-6	5	-10	1	det1=true
[15807]	86	126	-30	-1	-10	2	det1=true
[15808]	90	126	-38	3	-6	-8	det1=true
[15809]	90	126	-46	3	-6	8	det1=true
[15810]	92	126	-13	-7	-9	-6	det1=true
[15811]	93	126	-33	-4	-7	8	det1=true
[15812]	101	126	-31	-30	-3	-10	det1=true
[15813]	101	126	-41	-30	-3	10	det1=true
[15814]	103	126	-26	-3	-2	-11	det1=true
[15815]	103	126	-37	-3	-2	11	det1=true
[15816]	106	126	-37	-19	-9	-6	det1=true
[15817]	108	126	-35	-28	-4	-10	det1=true
[15818]	113	126	-49	-41	-10	-1	det1=true
[15819]	113	126	-50	-41	-10	1	det1=true
[15820]	114	126	-33	1	-11	-4	det1=true
[15821]	116	126	-27	-19	-4	-11	det1=true
[15822]	116	126	-38	-19	-4	11	det1=true
[15823]	116	126	-21	-1	-1	-12	det1=true
[15824]	116	126	-33	-1	-1	12	det1=true
[15825]	118	126	-36	-13	-10	-6	det1=true
[15826]	119	126	-27	-4	-1	-12	det1=true
[15827]	119	126	-39	-4	-1	12	det1=true
[15828]	56	127	-7	-3	-8	-3	det1=true
[15829]	56	127	-10	-3	-8	3	det1=true
[15830]	70	127	-16	-1	-8	-5	det1=true
[15831]	70	127	-21	-1	-8	5	det1=true
[15832]	80	127	-25	1	-4	-9	det1=true
[15833]	80	127	-34	1	-4	9	det1=true
[15834]	80	127	-22	-11	-4	-9	det1=true
[15835]	86	127	-32	-7	-8	-6	det1=true
[15836]	86	127	-38	-7	-8	6	det1=true
[15837]	88	127	-30	-11	-10	-2	det1=true
[15838]	88	127	-32	-11	-10	2	det1=true
[15839]	90	127	-30	5	-10	-3	det1=true
[15840]	90	127	-33	5	-10	3	det1=true
[15841]	93	127	-19	-18	-8	-7	det1=true
[15842]	93	127	-26	-18	-8	7	det1=true
[15843]	95	127	-40	-8	-2	-10	det1=true
[15844]	95	127	-50	-8	-2	10	det1=true
[15845]	99	127	-31	-11	-4	-10	det1=true
[15846]	99	127	-41	-11	-4	10	det1=true
[15847]	101	127	-22	-5	-7	9	det1=true
[15848]	114	127	-29	-11	-4	-11	det1=true
[15849]	114	127	-40	-11	-4	11	det1=true
[15850]	118	127	-18	-11	-10	-7	det1=true
[15851]	118	127	-25	-11	-10	7	det1=true
[15852]	119	127	-53	-45	-8	-6	det1=true
[15853]	119	127	-59	-45	-8	6	det1=true
[15854]	119	127	-49	-31	-4	-10	det1=true
[15855]	119	127	-59	-31	-4	10	det1=true
[15856]	53	128	-19	-5	-1	-8	det1=true
[15857]	59	128	-32	-15	-2	8	det1=true
[15858]	71	128	-25	-12	-9	-2	det1=true
[15859]	71	128	-27	-12	-9	2	det1=true
[15860]	74	128	-24	-21	-6	-7	det1=true
[15861]	74	128	-31	-21	-6	7	det1=true
[15862]	80	128	-31	-6	-9	4	det1=true
[15863]	90	128	-31	-23	-1	-10	det1=true
[15864]	90	128	-41	-23	-1	10	det1=true
[15865]	95	128	-39	-30	-9	-4	det1=true
[15866]	95	128	-43	-30	-9	4	det1=true
[15867]	99	128	-30	-23	-8	-7	det1=true
[15868]	99	128	-37	-23	-8	7	det1=true
[15869]	103	128	-37	-15	-9	-6	det1=true
[15870]	115	128	-17	-17	-1	-12	det1=true
[15871]	115	128	-29	-17	-1	12	det1=true
[15872]	117	128	-27	-1	-1	-12	det1=true
[15873]	117	128	-39	-1	-1	12	det1=true
[15874]	118	128	-38	-15	-10	-6	det1=true
[15875]	118	128	-44	-15	-10	6	det1=true
[15876]	119	128	-48	-19	-2	-11	det1=true
[15877]	119	128	-59	-19	-2	11	det1=true
[15878]	119	128	-34	-9	-12	1	det1=true
[15879]	119	128	-38	-11	-8	9	det1=true
[15880]	125	128	-33	-15	-10	-7	det1=true
[15881]	125	128	-40	-15	-10	7	det1=true
[15882]	44	125	-20	-3	-6	-4	det1=true
[15883]	44	125	-24	-3	-6	4	det1=true
[15884]	55	125	-19	-10	-4	-7	det1=true
[15885]	55	125	-26	-10	-4	7	det1=true
[15886]	65	125	-24	-18	-8	-3	det1=true
[15887]	65	125	-27	-18	-8	3	det1=true
[15888]	65	125	-13	-5	-9	-1	det1=true
[15889]	65	125	-14	-5	-9	1	det1=true
[15890]	70	125	-11	1	-5	-8	det1=true
[15891]	71	125	-31	-1	-9	-1	det1=true
[15892]	74	125	-29	-10	-9	-2	det1=true
[15893]	76	125	-9	-5	-9	-4	det1=true
[15894]	76	125	-13	-5	-9	4	det1=true
[15895]	77	125	-24	-24	-6	-7	det1=true
[15896]	77	125	-31	-24	-6	7	det1=true
[15897]	80	125	-15	-6	-8	-6	det1=true
[15898]	80	125	-21	-6	-8	6	det1=true
[15899]	82	125	-19	-1	-1	-10	det1=true
[15900]	82	125	-29	-1	-1	10	det1=true
[15901]	85	125	-36	-2	-6	8	det1=true
[15902]	85	125	-17	-1	-5	-9	det1=true
[15903]	87	125	-25	-3	-2	-10	det1=true
[15904]	87	125	-35	-3	-2	10	det1=true
[15905]	88	125	-35	-16	-8	6	det1=true
[15906]	89	125	-22	-14	-5	-9	det1=true
[15907]	89	125	-12	-4	-8	-7	det1=true
[15908]	89	125	-19	-4	-8	7	det1=true
[15909]	90	125	-2	1	-6	-9	det1=true
[15910]	90	125	-11	1	-6	9	det1=true
[15911]	95	125	-27	-20	-10	-3	det1=true
[15912]	103	125	-28	-14	-11	-1	det1=true
[15913]	111	125	-42	-2	-11	-2	det1=true
[15914]	111	125	-44	-2	-11	2	det1=true
[15915]	115	125	-49	-36	-10	3	det1=true
[15916]	115	125	-37	-9	-10	6	det1=true
[15917]	116	125	-17	4	-12	-2	det1=true
[15918]	116	125	-19	4	-12	2	det1=true
[15919]	117	125	-36	-4	-10	-6	det1=true
[15920]	117	125	-42	-4	-10	6	det1=true
[15921]	118	125	-49	-46	-1	-10	det1=true
[15922]	42	126	-13	-1	-7	-2	det1=true
[15923]	42	126	-15	-1	-7	2	det1=true
[15924]	77	126	-23	-19	-8	-5	det1=true
[15925]	90	126	-25	0	-3	-10	det1=true
[15926]	90	126	-35	0	-3	10	det1=true
[15927]	94	126	-25	-10	-7	-8	det1=true
[15928]	94	126	-33	-10	-7	8	det1=true
[15929]	108	126	-45	-28	-4	10	det1=true
[15930]	120	126	-46	-39	-8	-7	det1=true
[15931]	120	126	-53	-39	-8	7	det1=true
[15932]	126	126	-39	-28	-10	-6	det1=true
[15933]	22	127	-1	-1	-2	-5	det1=true
[15934]	22	127	-6	-1	-2	5	det1=true
[15935]	51	127	-24	-13	-7	-3	det1=true
[15936]	52	127	-11	-11	-4	-7	det1=true
[15937]	52	127	-18	-11	-4	7	det1=true
[15938]	73	127	-15	-15	-3	-9	det1=true
[15939]	73	127	-24	-15	-3	9	det1=true
[15940]	77	127	-20	2	-9	-4	det1=true
[15941]	77	127	-24	2	-9	4	det1=true
[15942]	80	127	-31	-11	-4	9	det1=true
[15943]	85	127	-10	-10	-3	-10	det1=true
[15944]	85	127	-20	-10	-3	10	det1=true
[15945]	86	127	-5	-1	-7	-8	det1=true
[15946]	86	127	-13	-1	-7	8	det1=true
[15947]	88	127	-36	3	-6	-8	det1=true
[15948]	88	127	-44	3	-6	8	det1=true
[15949]	90	127	-31	-21	-1	-10	det1=true
[15950]	90	127	-41	-21	-1	10	det1=true
[15951]	94	127	-27	-9	-7	-8	det1=true
[15952]	94	127	-35	-9	-7	8	det1=true
[15953]	95	127	-24	-4	-6	-9	det1=true
[15954]	112	127	-5	2	-12	-2	det1=true
[15955]	112	127	-7	2	-12	2	det1=true
[15956]	120	127	-19	-7	-12	-3	det1=true
[15957]	120	127	-22	-7	-12	3	det1=true
[15958]	121	127	-43	-36	-1	-11	det1=true
[15959]	121	127	-54	-36	-1	11	det1=true
[15960]	121	127	-48	-6	-11	4	det1=true
[15961]	122	127	-30	-13	-12	-2	det1=true
[15962]	122	127	-25	-18	-2	-12	det1=true
[15963]	122	127	-37	-18	-2	12	det1=true
[15964]	53	128	-27	-5	-1	8	det1=true
[15965]	59	128	-24	-15	-2	-8	det1=true
[15966]	68	128	-9	-3	-8	-5	det1=true
[15967]	73	128	-26	1	-8	-5	det1=true
[15968]	73	128	-31	1	-8	5	det1=true
[15969]	74	128	-9	1	-4	-9	det1=true
[15970]	74	128	-18	1	-4	9	det1=true
[15971]	82	128	-33	-29	-6	-7	det1=true
[15972]	82	128	-40	-29	-6	7	det1=true
[15973]	83	128	-15	3	-10	3	det1=true
[15974]	93	128	-36	-19	-10	-2	det1=true
[15975]	95	128	-21	-15	-9	-6	det1=true
[15976]	95	128	-27	-15	-9	6	det1=true
[15977]	97	128	-29	-19	-7	-8	det1=true
[15978]	97	128	-37	-19	-7	8	det1=true
[15979]	98	128	-41	-27	-1	-10	det1=true
[15980]	98	128	-51	-27	-1	10	det1=true
[15981]	109	128	-2	-1	-8	-9	det1=true
[15982]	109	128	-11	-1	-8	9	det1=true
[15983]	115	128	-46	-1	-6	10	det1=true
[15984]	116	128	-25	6	-12	-2	det1=true
[15985]	116	128	-27	6	-12	2	det1=true
[15986]	117	128	-39	-32	-11	-2	det1=true
[15987]	117	128	-41	-32	-11	2	det1=true
[15988]	119	128	-23	-22	-1	-12	det1=true
[15989]	125	128	-44	-31	-10	6	det1=true
[15990]	31	125	-14	-8	-6	-1	det1=true
[15991]	31	125	-15	-8	-6	1	det1=true
[15992]	57	125	-14	-16	-2	-8	det1=true
[15993]	57	125	-22	-16	-2	8	det1=true
[15994]	74	125	-31	-10	-9	2	det1=true
[15995]	80	125	-22	-1	-4	-9	det1=true
[15996]	80	125	-31	-1	-4	9	det1=true
[15997]	80	125	-4	1	-10	-2	det1=true
[15998]	80	125	-6	1	-10	2	det1=true
[15999]	83	125	-36	-30	-9	-1	det1=true
[16000]	83	125	-37	-30	-9	1	det1=true
[16001]	83	125	-19	1	-10	-2	det1=true
[16002]	83	125	-21	1	-10	2	det1=true
[16003]	88	125	-20	-5	-10	-3	det1=true
[16004]	88	125	-23	-5	-10	3	det1=true
[16005]	89	125	-31	-14	-5	9	det1=true
[16006]	101	125	-26	-10	-11	-1	det1=true
[16007]	103	125	-34	4	-11	-1	det1=true
[16008]	103	125	-35	4	-11	1	det1=true
[16009]	103	125	-29	-14	-11	1	det1=true
[16010]	108	125	-17	1	-11	-4	det1=true
[16011]	108	125	-21	1	-11	4	det1=true
[16012]	113	125	-34	-25	-11	-2	det1=true
[16013]	113	125	-36	-25	-11	2	det1=true
[16014]	117	125	-25	-22	-4	-11	det1=true
[16015]	117	125	-36	-22	-4	11	det1=true
[16016]	118	125	-37	-5	-11	-4	det1=true
[16017]	118	125	-41	-5	-11	4	det1=true
[16018]	121	125	-23	-18	-8	-9	det1=true
[16019]	33	126	-9	-8	-5	-4	det1=true
[16020]	33	126	-13	-8	-5	4	det1=true
[16021]	83	126	-33	-1	-1	10	det1=true
[16022]	86	126	-28	-1	-10	-2	det1=true
[16023]	93	126	-25	-4	-7	-8	det1=true
[16024]	93	126	-19	-8	-10	-4	det1=true
[16025]	93	126	-23	-8	-10	4	det1=true
[16026]	95	126	-41	-13	-1	-10	det1=true
[16027]	95	126	-51	-13	-1	10	det1=true
[16028]	99	126	-42	-7	-10	-3	det1=true
[16029]	99	126	-45	-7	-10	3	det1=true
[16030]	108	126	-19	0	-6	-10	det1=true
[16031]	109	126	-49	0	-10	-4	det1=true
[16032]	109	126	-53	0	-10	4	det1=true
[16033]	110	126	-14	-17	-4	-11	det1=true
[16034]	110	126	-25	-17	-4	11	det1=true
[16035]	112	126	-47	-38	-10	-2	det1=true
[16036]	112	126	-49	-38	-10	2	det1=true
[16037]	114	126	-31	-7	-11	-4	det1=true
[16038]	114	126	-35	-7	-11	4	det1=true
[16039]	118	126	-35	-14	-11	-4	det1=true
[16040]	118	126	-39	-14	-11	4	det1=true
[16041]	122	126	-38	-17	-4	-11	det1=true
[16042]	122	126	-49	-17	-4	11	det1=true
[16043]	67	127	-32	-20	-7	5	det1=true
[16044]	85	127	-26	-22	-4	-9	det1=true
[16045]	85	127	-35	-22	-4	9	det1=true
[16046]	105	127	-35	-3	-1	-11	det1=true
[16047]	105	127	-46	-3	-1	11	det1=true
[16048]	107	127	-40	-43	-1	-10	det1=true
[16049]	33	128	-13	-6	-5	-4	det1=true
[16050]	33	128	-17	-6	-5	4	det1=true
[16051]	47	128	-8	-5	-6	-5	det1=true
[16052]	47	128	-13	-5	-6	5	det1=true
[16053]	59	128	-23	-23	-4	-7	det1=true
[16054]	59	128	-30	-23	-4	7	det1=true
[16055]	83	128	-12	3	-10	-3	det1=true
[16056]	93	128	-38	-19	-10	2	det1=true
[16057]	96	128	-20	-19	-6	-9	det1=true
[16058]	96	128	-29	-19	-6	9	det1=true
[16059]	98	128	-37	-17	-3	-10	det1=true
[16060]	103	128	-43	-15	-9	6	det1=true
[16061]	115	128	-36	-1	-6	-10	det1=true
[16062]	117	128	-49	-5	-2	-11	det1=true
[16063]	117	128	-60	-5	-2	11	det1=true
[16064]	119	128	-33	-9	-12	-1	det1=true
[16065]	121	128	-38	-5	-12	-1	det1=true
[16066]	121	128	-39	-5	-12	1	det1=true
[16067]	122	128	-48	-27	-2	-11	det1=true
[16068]	87	125	-29	1	-10	-2	det1=true
[16069]	87	125	-31	1	-10	2	det1=true
[16070]	96	125	-40	-3	-2	-10	det1=true
[16071]	96	125	-50	-3	-2	10	det1=true
[16072]	98	125	-47	-38	-9	-2	det1=true
[16073]	98	125	-49	-38	-9	2	det1=true
[16074]	110	125	-31	-22	-11	-2	det1=true
[16075]	110	125	-33	-22	-11	2	det1=true
[16076]	111	125	-24	-11	-11	4	det1=true
[16077]	84	126	-20	1	-2	-10	det1=true
[16078]	84	126	-30	1	-2	10	det1=true
[16079]	92	126	-22	-7	-8	-7	det1=true
[16080]	92	126	-29	-7	-8	7	det1=true
[16081]	104	126	-6	5	-10	-6	det1=true
[16082]	104	126	-12	5	-10	6	det1=true
[16083]	107	126	-41	-14	-9	-6	det1=true
[16084]	107	126	-47	-14	-9	6	det1=true
[16085]	108	126	-29	0	-6	10	det1=true
[16086]	114	126	-37	-35	-9	-6	det1=true
[16087]	114	126	-43	-35	-9	6	det1=true
[16088]	126	126	-49	-7	-11	-4	det1=true
[16089]	126	126	-53	-7	-11	4	det1=true
[16090]	28	127	-3	3	-6	-1	det1=true
[16091]	28	127	-4	3	-6	1	det1=true
[16092]	55	127	-24	-18	-6	-5	det1=true
[16093]	115	127	-54	-14	-10	-4	det1=true
[16094]	115	127	-58	-14	-10	4	det1=true
[16095]	127	127	-54	-12	-11	4	det1=true
[16096]	62	128	-29	-25	-8	-1	det1=true
[16097]	62	128	-30	-25	-8	1	det1=true
[16098]	93	128	-43	2	-10	-2	det1=true
[16099]	93	128	-45	2	-10	2	det1=true
[16100]	101	128	-21	-15	-2	-11	det1=true
[16101]	101	128	-32	-15	-2	11	det1=true
[16102]	104	128	-45	-6	-7	-8	det1=true
[16103]	104	128	-53	-6	-7	8	det1=true
[16104]	120	128	-19	-11	-12	-3	det1=true
[16105]	103	125	-47	-6	-5	-9	det1=true
[16106]	103	125	-56	-6	-5	9	det1=true
[16107]	107	125	-42	0	-6	-9	det1=true
[16108]	107	125	-51	0	-6	9	det1=true
[16109]	97	126	-28	-3	-4	-10	det1=true
[16110]	97	126	-38	-3	-4	10	det1=true
[16111]	102	126	-37	-24	-3	-10	det1=true
[16112]	102	126	-47	-24	-3	10	det1=true
[16113]	115	126	-25	-19	-4	-11	det1=true
[16114]	115	126	-36	-19	-4	11	det1=true
[16115]	116	126	-43	-31	-6	-9	det1=true
[16116]	116	126	-52	-31	-6	9	det1=true
[16117]	119	126	-48	-35	-8	-7	det1=true
[16118]	119	126	-55	-35	-8	7	det1=true
[16119]	57	127	-9	-1	-7	-5	det1=true
[16120]	88	127	-26	-15	-2	-10	det1=true
[16121]	89	127	-20	-21	-5	-9	det1=true
[16122]	89	127	-29	-21	-5	9	det1=true
[16123]	107	127	-50	-43	-1	10	det1=true
[16124]	109	127	-23	-3	-6	-10	det1=true
[16125]	109	127	-33	-3	-6	10	det1=true
[16126]	111	127	-55	-30	-9	5	det1=true
[16127]	113	127	-46	-17	-11	-1	det1=true
[16128]	113	127	-47	-17	-11	1	det1=true
[16129]	114	127	-48	-37	-4	10	det1=true
[16130]	115	127	-18	-6	-5	-11	det1=true
[16131]	115	127	-29	-6	-5	11	det1=true
[16132]	127	127	-37	-16	-5	-11	det1=true
[16133]	127	127	-48	-16	-5	11	det1=true
[16134]	51	128	-3	4	-8	-2	det1=true
[16135]	51	128	-5	4	-8	2	det1=true
[16136]	79	128	-11	2	-10	-2	det1=true
[16137]	79	128	-13	2	-10	2	det1=true
[16138]	104	128	-33	-24	-9	-6	det1=true
[16139]	104	128	-39	-24	-9	6	det1=true
[16140]	111	128	0	1	-2	-12	det1=true
[16141]	117	128	-25	-15	-12	-1	det1=true
[16142]	117	128	-26	-15	-12	1	det1=true
[16143]	79	125	-39	-17	-9	-1	det1=true
[16144]	99	125	-20	-11	-11	-1	det1=true
[16145]	99	125	-21	-11	-11	1	det1=true
[16146]	101	125	-21	-15	-1	-11	det1=true
[16147]	105	125	-25	-14	-2	-11	det1=true
[16148]	105	125	-36	-14	-2	11	det1=true
[16149]	117	126	-47	-3	-2	-11	det1=true
[16150]	117	126	-58	-3	-2	11	det1=true
[16151]	49	127	-16	-2	-5	-6	det1=true
[16152]	49	127	-22	-2	-5	6	det1=true
[16153]	75	127	-23	-13	-9	-3	det1=true
[16154]	75	127	-26	-13	-9	3	det1=true
[16155]	80	127	-18	-7	-6	-8	det1=true
[16156]	80	127	-26	-7	-6	8	det1=true
[16157]	111	127	-50	-30	-9	-5	det1=true
[16158]	117	127	-35	-8	-4	-11	det1=true
[16159]	117	127	-46	-8	-4	11	det1=true
[16160]	51	128	0	1	-2	-8	det1=true
[16161]	51	128	-8	1	-2	8	det1=true
[16162]	122	128	-57	-24	-9	-6	det1=true
[16163]	122	128	-63	-24	-9	6	det1=true
[16164]	125	128	-42	-23	-4	-11	det1=true
[16165]	125	128	-53	-23	-4	11	det1=true
[16166]	100	125	-29	-12	-9	-6	det1=true
[16167]	100	125	-35	-12	-9	6	det1=true
[16168]	72	126	-29	-30	-3	-8	det1=true
[16169]	72	126	-37	-30	-3	8	det1=true
[16170]	94	126	-42	-1	-10	-2	det1=true
[16171]	94	126	-44	-1	-10	2	det1=true
[16172]	69	127	-20	-9	-9	-2	det1=true
[16173]	69	127	-22	-9	-9	2	det1=true
[16174]	71	127	-26	-17	-9	-1	det1=true
[16175]	71	127	-27	-17	-9	1	det1=true
[16176]	80	127	-27	-1	-9	-4	det1=true
[16177]	80	127	-31	-1	-9	4	det1=true
[16178]	101	127	-40	-25	-9	-5	det1=true
[16179]	101	127	-45	-25	-9	5	det1=true
[16180]	114	127	-38	-37	-4	-10	det1=true
[16181]	51	128	-21	-8	-5	-6	det1=true
[16182]	107	128	-31	-21	-11	-2	det1=true
[16183]	107	128	-33	-21	-11	2	det1=true
[16184]	119	128	-25	-18	-9	-8	det1=true
[16185]	123	128	-43	-19	-11	-4	det1=true
[16186]	101	125	-24	-8	-1	-11	det1=true
[16187]	101	125	-35	-8	-1	11	det1=true
[16188]	71	126	-16	-5	-8	-5	det1=true
[16189]	71	126	-21	-5	-8	5	det1=true
[16190]	83	126	-23	-1	-1	-10	det1=true
[16191]	123	127	-56	-12	-1	-11	det1=true
[16192]	123	127	-67	-12	-1	11	det1=true
[16193]	49	128	-17	-3	-5	-6	det1=true
[16194]	49	128	-23	-3	-5	6	det1=true
[16195]	101	128	-46	-31	-4	-9	det1=true
[16196]	125	128	-51	-43	-8	-7	det1=true
[16197]	125	128	-58	-43	-8	7	det1=true
[16198]	128	128	-82	-31	-4	9	det1=true
[16199]	92	127	-29	-8	-3	-10	det1=true
[16200]	92	127	-39	-8	-3	10	det1=true
[16201]	127	127	-14	-4	-8	-10	det1=true
[16202]	127	127	-24	-4	-8	10	det1=true
[16203]	81	128	-21	-4	-1	-10	det1=true
[16204]	81	128	-31	-4	-1	10	det1=true
[16205]	98	128	-21	-4	-11	-2	det1=true
[16206]	116	128	-20	1	-2	-12	det1=true
[16207]	97	125	-22	-16	-10	-4	det1=true
[16208]	97	125	-26	-16	-10	4	det1=true
[16209]	105	125	-44	3	-7	-8	det1=true
[16210]	105	125	-52	3	-7	8	det1=true
[16211]	89	125	-20	-10	-10	-3	det1=true
[16212]	89	125	-23	-10	-10	3	det1=true
[16213]	109	126	-46	-3	-4	-10	det1=true
[16214]	116	126	-56	-7	-10	-4	det1=true
[16215]	98	128	-23	-4	-11	2	det1=true
[16216]	125	128	-43	-21	-4	-11	det1=true
[16217]	125	128	-54	-21	-4	11	det1=true
[16218]	80	128	-15	0	-10	-2	det1=true
[16219]	80	128	-17	0	-10	2	det1=true
[16220]	119	125	-34	-12	-4	-11	det1=true
[16221]	119	125	-45	-12	-4	11	det1=true
[16222]	103	125	-15	-1	-3	-11	det1=true
[16223]	94	126	-36	5	-10	-3	det1=true
[16224]	94	126	-39	5	-10	3	det1=true
[16225]	99	127	-24	-4	-1	-11	det1=true
[16226]	99	127	-35	-4	-1	11	det1=true
[16227]	92	126	-20	5	-10	-4	det1=true
[16228]	41	128	-9	-5	-7	-2	det1=true
[16229]	78	128	-4	5	-10	-2	det1=true
[16230]	30	128	0	1	-2	-6	det1=true
[16231]	30	128	-6	1	-2	6	det1=true
[16232]	117	128	-43	-24	-5	-10	det1=true
[16233]	117	128	-53	-24	-5	10	det1=true
[16234]	108	125	-45	-25	-10	-3	det1=true
[16235]	119	126	-33	-20	-11	-4	det1=true
[16236]	119	126	-37	-20	-11	4	det1=true
[16237]	108	125	-48	-25	-10	3	det1=true
[16238]	41	128	-11	-5	-7	2	det1=true
[16239]	105	127	-44	-11	-7	-8	det1=true
[16240]	105	127	-52	-11	-7	8	det1=true
[16241]	126	126	-59	-12	-11	-2	det1=true
[16242]	126	126	-61	-12	-11	2	det1=true
[16243]	68	126	-33	-26	-8	-2	det1=true
[16244]	68	126	-35	-26	-8	2	det1=true
[16245]	96	125	0	1	-2	-11	det1=true
[16246]	113	126	-53	-11	-8	-7	det1=true
[16247]	96	131	-19	-3	-5	-10	det1=true
[16248]	96	131	-29	-3	-5	10	det1=true
[16249]	125	131	-61	1	-11	-3	det1=true
[16250]	125	131	-64	1	-11	3	det1=true
[16251]	101	129	-29	-12	-1	-11	det1=true
[16252]	118	129	-53	-28	-10	-4	det1=true
[16253]	118	129	-57	-28	-10	4	det1=true
[16254]	120	130	-33	5	-10	-7	det1=true
[16255]	120	130	-40	5	-10	7	det1=true
[16256]	125	130	-17	-18	-4	-12	det1=true
[16257]	125	130	-29	-18	-4	12	det1=true
[16258]	89	131	-28	-10	-3	-10	det1=true
[16259]	63	129	-30	-8	-8	-3	det1=true
[16260]	63	129	-33	-8	-8	3	det1=true
[16261]	76	129	-11	5	-10	-1	det1=true
[16262]	76	129	-12	5	-10	1	det1=true
[16263]	105	129	-37	-7	-1	-11	det1=true
[16264]	105	129	-48	-7	-1	11	det1=true
[16265]	105	129	-33	-19	-1	-11	det1=true
[16266]	105	129	-44	-19	-1	11	det1=true
[16267]	115	129	-26	-1	-11	-5	det1=true
[16268]	115	129	-31	-1	-11	5	det1=true
[16269]	124	129	-31	-11	-12	-3	det1=true
[16270]	124	129	-34	-11	-12	3	det1=true
[16271]	127	129	-59	-45	-9	-5	det1=true
[16272]	127	129	-64	-45	-9	5	det1=true
[16273]	43	130	-19	-10	-6	-4	det1=true
[16274]	43	130	-23	-10	-6	4	det1=true
[16275]	64	130	-23	-23	-3	-8	det1=true
[16276]	64	130	-31	-23	-3	8	det1=true
[16277]	117	130	-41	-41	-6	-9	det1=true
[16278]	117	130	-50	-41	-6	9	det1=true
[16279]	118	130	-44	-41	-10	-4	det1=true
[16280]	118	130	-48	-41	-10	4	det1=true
[16281]	127	130	-24	-15	-4	-12	det1=true
[16282]	127	130	-36	-15	-4	12	det1=true
[16283]	106	131	-41	-35	-3	-10	det1=true
[16284]	106	131	-51	-35	-3	10	det1=true
[16285]	108	131	-13	-3	-12	-1	det1=true
[16286]	108	131	-14	-3	-12	1	det1=true
[16287]	130	131	-47	-6	-2	-12	det1=true
[16288]	130	131	-59	-6	-2	12	det1=true
[16289]	95	132	-31	-19	-8	-7	det1=true
[16290]	95	132	-38	-19	-8	7	det1=true
[16291]	98	132	-32	-17	-6	-9	det1=true
[16292]	98	132	-41	-17	-6	9	det1=true
[16293]	105	132	-47	1	-6	-9	det1=true
[16294]	105	132	-56	1	-6	9	det1=true
[16295]	121	132	-36	-5	-2	-12	det1=true
[16296]	121	132	-48	-5	-2	12	det1=true
[16297]	126	132	-49	-41	-11	-2	det1=true
[16298]	126	132	-51	-41	-11	2	det1=true
[16299]	127	132	-35	-30	-12	-2	det1=true
[16300]	127	132	-37	-30	-12	2	det1=true
[16301]	51	129	-11	-10	-4	-7	det1=true
[16302]	51	129	-18	-10	-4	7	det1=true
[16303]	59	129	-21	-10	-7	5	det1=true
[16304]	76	129	-18	-1	-4	-9	det1=true
[16305]	76	129	-27	-1	-4	9	det1=true
[16306]	86	129	-37	1	-10	-1	det1=true
[16307]	86	129	-38	1	-10	1	det1=true
[16308]	89	129	-13	-5	-4	-10	det1=true
[16309]	89	129	-23	-5	-4	10	det1=true
[16310]	103	129	-17	-4	-4	11	det1=true
[16311]	111	129	-8	-10	-5	-11	det1=true
[16312]	111	129	-19	-10	-5	11	det1=true
[16313]	113	129	-12	-1	-7	-10	det1=true
[16314]	113	129	-22	-1	-7	10	det1=true
[16315]	116	129	-53	-54	-5	-8	det1=true
[16316]	116	129	-61	-54	-5	8	det1=true
[16317]	122	129	-51	-40	-7	-8	det1=true
[16318]	122	129	-59	-40	-7	8	det1=true
[16319]	123	129	-42	-23	-11	-4	det1=true
[16320]	123	129	-46	-23	-11	4	det1=true
[16321]	127	129	-31	-20	-12	-3	det1=true
[16322]	127	129	-34	-20	-12	3	det1=true
[16323]	129	129	-62	-21	-11	-2	det1=true
[16324]	129	129	-64	-21	-11	2	det1=true
[16325]	129	129	-44	-12	-5	-11	det1=true
[16326]	129	129	-16	-3	-13	-1	det1=true
[16327]	81	130	-23	-12	-6	-8	det1=true
[16328]	81	130	-31	-12	-6	8	det1=true
[16329]	84	130	-37	-6	-9	-4	det1=true
[16330]	84	130	-41	-6	-9	4	det1=true
[16331]	85	130	-37	-11	-9	-4	det1=true
[16332]	85	130	-41	-11	-9	4	det1=true
[16333]	88	130	-39	-6	-8	-6	det1=true
[16334]	88	130	-45	-6	-8	6	det1=true
[16335]	98	130	-31	-15	-9	-6	det1=true
[16336]	98	130	-37	-15	-9	6	det1=true
[16337]	117	130	-35	-39	-2	-11	det1=true
[16338]	117	130	-46	-39	-2	11	det1=true
[16339]	124	130	-56	-39	-2	11	det1=true
[16340]	127	130	-51	-24	-1	12	det1=true
[16341]	40	131	-11	-1	-7	-2	det1=true
[16342]	40	131	-13	-1	-7	2	det1=true
[16343]	47	131	-17	-12	-3	-7	det1=true
[16344]	47	131	-24	-12	-3	7	det1=true
[16345]	66	131	-13	-4	-5	8	det1=true
[16346]	80	131	-26	1	-6	-8	det1=true
[16347]	80	131	-34	1	-6	8	det1=true
[16348]	85	131	-20	-7	-3	-10	det1=true
[16349]	85	131	-30	-7	-3	10	det1=true
[16350]	94	131	-43	-20	-6	-8	det1=true
[16351]	94	131	-51	-20	-6	8	det1=true
[16352]	114	131	-49	-30	-10	-4	det1=true
[16353]	114	131	-53	-30	-10	4	det1=true
[16354]	116	131	-50	-49	-6	-8	det1=true
[16355]	116	131	-58	-49	-6	8	det1=true
[16356]	116	131	-40	-33	-2	-11	det1=true
[16357]	116	131	-51	-33	-2	11	det1=true
[16358]	116	131	-30	-7	-8	-9	det1=true
[16359]	116	131	-39	-7	-8	9	det1=true
[16360]	117	131	-42	-11	-11	-4	det1=true
[16361]	117	131	-46	-11	-11	4	det1=true
[16362]	119	131	-35	-5	-12	-2	det1=true
[16363]	119	131	-37	-5	-12	2	det1=true
[16364]	125	131	-6	3	-11	-7	det1=true
[16365]	125	131	-13	3	-11	7	det1=true
[16366]	126	131	-39	-23	-8	-9	det1=true
[16367]	126	131	-48	-23	-8	9	det1=true
[16368]	130	131	-52	-1	-12	-2	det1=true
[16369]	130	131	-54	-1	-12	2	det1=true
[16370]	58	132	-25	-23	-7	-4	det1=true
[16371]	66	132	-30	-23	-8	-3	det1=true
[16372]	66	132	-33	-23	-8	3	det1=true
[16373]	79	132	-17	-16	-1	-10	det1=true
[16374]	79	132	-27	-16	-1	10	det1=true
[16375]	87	132	-29	-20	-10	-2	det1=true
[16376]	87	132	-31	-20	-10	2	det1=true
[16377]	87	132	-35	-24	-2	10	det1=true
[16378]	105	132	-37	-28	-9	-6	det1=true
[16379]	105	132	-43	-28	-9	6	det1=true
[16380]	116	132	-51	-35	-8	-7	det1=true
[16381]	116	132	-58	-35	-8	7	det1=true
[16382]	116	132	-27	-1	-7	-10	det1=true
[16383]	116	132	-37	-1	-7	10	det1=true
[16384]	121	132	-41	0	-12	-2	det1=true
[16385]	121	132	-43	0	-12	2	det1=true
[16386]	122	132	-32	-19	-10	-7	det1=true
[16387]	122	132	-39	-19	-10	7	det1=true
[16388]	124	132	-55	5	-11	-4	det1=true
[16389]	124	132	-59	5	-11	4	det1=true
[16390]	129	132	-49	-30	-6	-10	det1=true
[16391]	132	132	-55	-27	-11	-4	det1=true
[16392]	132	132	-59	-27	-11	4	det1=true
[16393]	132	132	-45	-29	-8	-9	det1=true
[16394]	57	129	-17	-19	-2	-8	det1=true
[16395]	57	129	-25	-19	-2	8	det1=true
[16396]	59	129	-16	-10	-7	-5	det1=true
[16397]	61	129	-23	-8	-7	-5	det1=true
[16398]	61	129	-28	-8	-7	5	det1=true
[16399]	74	129	-27	-19	-7	-6	det1=true
[16400]	74	129	-33	-19	-7	6	det1=true
[16401]	103	129	-46	0	-8	-7	det1=true
[16402]	103	129	-53	0	-8	7	det1=true
[16403]	103	129	-31	-16	-1	-11	det1=true
[16404]	105	129	-31	-24	-11	-1	det1=true
[16405]	121	129	-45	-32	-2	-11	det1=true
[16406]	121	129	-56	-32	-2	11	det1=true
[16407]	122	129	-19	-20	-3	-12	det1=true
[16408]	122	129	-31	-20	-3	12	det1=true
[16409]	125	129	-49	-4	-4	-11	det1=true
[16410]	125	129	-60	-4	-4	11	det1=true
[16411]	129	129	-64	-48	-10	-1	det1=true
[16412]	129	129	-58	-29	-11	-2	det1=true
[16413]	129	129	-55	-12	-5	11	det1=true
[16414]	129	129	-14	-2	-11	-7	det1=true
[16415]	129	129	-21	-2	-11	7	det1=true
[16416]	52	130	-21	-16	-5	-6	det1=true
[16417]	52	130	-27	-16	-5	6	det1=true
[16418]	61	130	-29	1	-8	-3	det1=true
[16419]	61	130	-32	1	-8	3	det1=true
[16420]	69	130	-25	0	-5	8	det1=true
[16421]	86	130	-33	-26	-9	4	det1=true
[16422]	87	130	-7	2	-9	-6	det1=true
[16423]	87	130	-13	2	-9	6	det1=true
[16424]	88	130	-30	-15	-2	-10	det1=true
[16425]	88	130	-40	-15	-2	10	det1=true
[16426]	90	130	-19	-2	-4	-10	det1=true
[16427]	90	130	-29	-2	-4	10	det1=true
[16428]	96	130	-35	-30	-10	-2	det1=true
[16429]	96	130	-37	-30	-10	2	det1=true
[16430]	97	130	-21	-7	-11	-2	det1=true
[16431]	97	130	-23	-7	-11	2	det1=true
[16432]	100	130	-36	-29	-10	-3	det1=true
[16433]	100	130	-39	-29	-10	3	det1=true
[16434]	111	130	-29	-9	-4	-11	det1=true
[16435]	124	130	-55	-50	-10	-2	det1=true
[16436]	124	130	-45	-39	-2	-11	det1=true
[16437]	126	130	-59	-32	-9	-6	det1=true
[16438]	127	130	-39	-24	-1	-12	det1=true
[16439]	53	131	-21	-12	-8	-1	det1=true
[16440]	53	131	-22	-12	-8	1	det1=true
[16441]	62	131	-17	-6	-8	-4	det1=true
[16442]	62	131	-21	-6	-8	4	det1=true
[16443]	80	131	-27	2	-8	-6	det1=true
[16444]	80	131	-33	2	-8	6	det1=true
[16445]	94	131	-44	-19	-8	-6	det1=true
[16446]	94	131	-50	-19	-8	6	det1=true
[16447]	95	131	-18	-14	-1	-11	det1=true
[16448]	95	131	-29	-14	-1	11	det1=true
[16449]	98	131	-36	-5	-4	-10	det1=true
[16450]	98	131	-46	-5	-4	10	det1=true
[16451]	104	131	-45	-27	-10	-3	det1=true
[16452]	104	131	-48	-27	-10	3	det1=true
[16453]	106	131	-47	-9	-9	-6	det1=true
[16454]	106	131	-53	-9	-9	6	det1=true
[16455]	106	131	3	4	-9	-8	det1=true
[16456]	106	131	-5	4	-9	8	det1=true
[16457]	115	131	-23	-14	-5	-11	det1=true
[16458]	115	131	-34	-14	-5	11	det1=true
[16459]	116	131	-29	-15	-12	-1	det1=true
[16460]	116	131	-30	-15	-12	1	det1=true
[16461]	117	131	-32	-7	-11	-5	det1=true
[16462]	117	131	-37	-7	-11	5	det1=true
[16463]	118	131	-15	1	-6	-11	det1=true
[16464]	118	131	-26	1	-6	11	det1=true
[16465]	119	131	-38	-24	-11	-4	det1=true
[16466]	119	131	-42	-24	-11	4	det1=true
[16467]	119	131	-30	-18	-12	2	det1=true
[16468]	123	131	-41	-10	-11	-5	det1=true
[16469]	123	131	-40	-16	-3	12	det1=true
[16470]	124	131	-45	-11	-12	-1	det1=true
[16471]	124	131	-46	-11	-12	1	det1=true
[16472]	127	131	-44	-16	-8	-9	det1=true
[16473]	128	131	-13	4	-13	-2	det1=true
[16474]	131	131	-36	-34	-2	-12	det1=true
[16475]	131	131	-48	-34	-2	12	det1=true
[16476]	77	132	-29	-21	-5	-8	det1=true
[16477]	77	132	-37	-21	-5	8	det1=true
[16478]	82	132	-23	-8	-2	-10	det1=true
[16479]	82	132	-33	-8	-2	10	det1=true
[16480]	83	132	-36	-5	-2	10	det1=true
[16481]	86	132	-17	-6	-7	-8	det1=true
[16482]	86	132	-25	-6	-7	8	det1=true
[16483]	98	132	-37	-6	-4	-10	det1=true
[16484]	98	132	-47	-6	-4	10	det1=true
[16485]	102	132	-35	-30	-7	-8	det1=true
[16486]	111	132	-37	2	-11	-4	det1=true
[16487]	111	132	-41	2	-11	4	det1=true
[16488]	113	132	-19	-5	-7	-10	det1=true
[16489]	113	132	-29	-5	-7	10	det1=true
[16490]	118	132	-43	-43	-6	-9	det1=true
[16491]	118	132	-52	-43	-6	9	det1=true
[16492]	119	132	-50	-41	-8	-7	det1=true
[16493]	119	132	-57	-41	-8	7	det1=true
[16494]	125	132	-33	-25	-10	-7	det1=true
[16495]	126	132	-67	-32	-9	6	det1=true
[16496]	129	132	-51	-28	-10	-6	det1=true
[16497]	19	129	-4	-3	-3	-4	det1=true
[16498]	19	129	-8	-3	-3	4	det1=true
[16499]	91	129	-2	0	-1	-11	det1=true
[16500]	93	129	-21	-20	-8	-7	det1=true
[16501]	93	129	-28	-20	-8	7	det1=true
[16502]	97	129	-25	-21	-10	-4	det1=true
[16503]	100	129	-29	0	-11	-2	det1=true
[16504]	100	129	-31	0	-11	2	det1=true
[16505]	101	129	-37	-15	-10	-4	det1=true
[16506]	101	129	-41	-15	-10	4	det1=true
[16507]	102	129	-31	-26	-10	-4	det1=true
[16508]	102	129	-35	-26	-10	4	det1=true
[16509]	102	129	-28	-29	-4	-10	det1=true
[16510]	102	129	-38	-29	-4	10	det1=true
[16511]	104	129	-37	4	-11	-2	det1=true
[16512]	104	129	-24	-23	-2	-11	det1=true
[16513]	107	129	-49	-36	-10	-1	det1=true
[16514]	111	129	-31	3	-6	-10	det1=true
[16515]	111	129	-41	3	-6	10	det1=true
[16516]	115	129	-50	-8	-1	-11	det1=true
[16517]	115	129	-61	-8	-1	11	det1=true
[16518]	117	129	-41	-30	-2	-11	det1=true
[16519]	117	129	-52	-30	-2	11	det1=true
[16520]	117	129	-20	-19	-5	-11	det1=true
[16521]	117	129	-31	-19	-5	11	det1=true
[16522]	121	129	-28	-20	-5	-11	det1=true
[16523]	121	129	-39	-20	-5	11	det1=true
[16524]	129	129	-97	-26	-5	7	det1=true
[16525]	129	129	-18	2	-13	-1	det1=true
[16526]	129	129	-19	2	-13	1	det1=true
[16527]	52	130	-19	-2	-1	-8	det1=true
[16528]	52	130	-27	-2	-1	8	det1=true
[16529]	65	130	-32	-19	-8	3	det1=true
[16530]	69	130	-19	-15	-6	-7	det1=true
[16531]	69	130	-26	-15	-6	7	det1=true
[16532]	79	130	-24	-11	-4	-9	det1=true
[16533]	79	130	-33	-11	-4	9	det1=true
[16534]	86	130	-29	-26	-9	-4	det1=true
[16535]	87	130	-41	-33	-9	-2	det1=true
[16536]	87	130	-43	-33	-9	2	det1=true
[16537]	87	130	-31	-18	-1	-10	det1=true
[16538]	87	130	-41	-18	-1	10	det1=true
[16539]	88	130	-34	-11	-10	-2	det1=true
[16540]	88	130	-36	-11	-10	2	det1=true
[16541]	90	130	-13	-11	-9	-6	det1=true
[16542]	90	130	-19	-11	-9	6	det1=true
[16543]	95	130	-14	1	-2	-11	det1=true
[16544]	97	130	-41	-6	-3	-10	det1=true
[16545]	97	130	-27	-18	-9	-6	det1=true
[16546]	97	130	-33	-18	-9	6	det1=true
[16547]	99	130	-39	-4	-10	-4	det1=true
[16548]	102	130	-29	-9	-2	-11	det1=true
[16549]	102	130	-40	-9	-2	11	det1=true
[16550]	108	130	-53	-19	-6	9	det1=true
[16551]	111	130	-40	-9	-4	11	det1=true
[16552]	112	130	-35	-3	-11	-4	det1=true
[16553]	115	130	-35	-16	-11	-4	det1=true
[16554]	115	130	-39	-16	-11	4	det1=true
[16555]	115	130	-37	1	-8	9	det1=true
[16556]	118	130	-26	-11	-2	-12	det1=true
[16557]	118	130	-38	-11	-2	12	det1=true
[16558]	120	130	-59	0	-11	-2	det1=true
[16559]	120	130	-61	0	-11	2	det1=true
[16560]	120	130	-52	-17	-2	-11	det1=true
[16561]	120	130	-63	-17	-2	11	det1=true
[16562]	124	130	-57	-50	-10	2	det1=true
[16563]	128	130	-50	-19	-4	-11	det1=true
[16564]	62	131	-21	-21	-3	-8	det1=true
[16565]	62	131	-29	-21	-3	8	det1=true
[16566]	63	131	-20	0	-9	1	det1=true
[16567]	66	131	-5	-4	-5	-8	det1=true
[16568]	73	131	-30	-17	-9	-2	det1=true
[16569]	73	131	-32	-17	-9	2	det1=true
[16570]	73	131	-33	-10	-3	9	det1=true
[16571]	80	131	-1	-1	-3	-10	det1=true
[16572]	80	131	-11	-1	-3	10	det1=true
[16573]	84	131	-27	-19	-10	-1	det1=true
[16574]	84	131	-28	-19	-10	1	det1=true
[16575]	88	131	-23	-16	-3	-10	det1=true
[16576]	88	131	-33	-16	-3	10	det1=true
[16577]	96	131	-23	0	-11	-2	det1=true
[16578]	96	131	-25	0	-11	2	det1=true
[16579]	103	131	-31	-31	-4	-10	det1=true
[16580]	103	131	-41	-31	-4	10	det1=true
[16581]	104	131	-48	1	-10	-4	det1=true
[16582]	104	131	-52	1	-10	4	det1=true
[16583]	104	131	-41	-18	-4	-10	det1=true
[16584]	104	131	-51	-18	-4	10	det1=true
[16585]	106	131	5	0	-1	-12	det1=true
[16586]	106	131	-7	0	-1	12	det1=true
[16587]	116	131	-40	-13	-10	-6	det1=true
[16588]	116	131	-46	-13	-10	6	det1=true
[16589]	119	131	-48	-42	-8	-7	det1=true
[16590]	119	131	-55	-42	-8	7	det1=true
[16591]	119	131	-36	-4	-8	-9	det1=true
[16592]	119	131	-45	-4	-8	9	det1=true
[16593]	119	131	-28	-18	-12	-2	det1=true
[16594]	121	131	-43	-18	-8	9	det1=true
[16595]	121	131	-17	1	-4	-12	det1=true
[16596]	121	131	-29	1	-4	12	det1=true
[16597]	122	131	-59	1	-4	11	det1=true
[16598]	123	131	-46	-10	-11	5	det1=true
[16599]	123	131	-16	2	-10	-8	det1=true
[16600]	123	131	-24	2	-10	8	det1=true
[16601]	125	131	-4	1	-7	-11	det1=true
[16602]	125	131	-15	1	-7	11	det1=true
[16603]	126	131	-43	-21	-12	-1	det1=true
[16604]	126	131	-44	-21	-12	1	det1=true
[16605]	131	131	-75	-18	-2	11	det1=true
[16606]	131	131	-18	-15	-11	-7	det1=true
[16607]	131	131	-25	-15	-11	7	det1=true
[16608]	64	132	-13	-3	-6	-7	det1=true
[16609]	78	132	-27	-26	-5	-8	det1=true
[16610]	80	132	-31	-9	-9	-4	det1=true
[16611]	82	132	-29	-4	-10	2	det1=true
[16612]	87	132	-39	-8	-8	-6	det1=true
[16613]	87	132	-45	-8	-8	6	det1=true
[16614]	87	132	-25	-24	-2	-10	det1=true
[16615]	98	132	-49	-6	-7	8	det1=true
[16616]	104	132	-35	-16	-11	-2	det1=true
[16617]	112	132	-23	0	-12	-2	det1=true
[16618]	112	132	-25	0	-12	2	det1=true
[16619]	121	132	-41	-31	-11	4	det1=true
[16620]	122	132	-42	-25	-4	-11	det1=true
[16621]	122	132	-53	-25	-4	11	det1=true
[16622]	124	132	-25	-26	-3	-12	det1=true
[16623]	125	132	-40	-25	-10	7	det1=true
[16624]	126	132	-55	0	-6	-10	det1=true
[16625]	126	132	-65	0	-6	10	det1=true
[16626]	129	132	-59	-30	-6	10	det1=true
[16627]	130	132	-51	-52	-4	-10	det1=true
[16628]	130	132	-61	-52	-4	10	det1=true
[16629]	39	129	-12	-1	-1	-7	det1=true
[16630]	57	129	-20	-16	-8	-2	det1=true
[16631]	57	129	-22	-16	-8	2	det1=true
[16632]	70	129	-20	3	-8	-5	det1=true
[16633]	70	129	-25	3	-8	5	det1=true
[16634]	79	129	-28	3	-9	-4	det1=true
[16635]	79	129	-32	3	-9	4	det1=true
[16636]	83	129	-18	-22	-1	-10	det1=true
[16637]	83	129	-28	-22	-1	10	det1=true
[16638]	85	129	-24	1	-5	-9	det1=true
[16639]	85	129	-33	1	-5	9	det1=true
[16640]	85	129	-8	3	-7	-8	det1=true
[16641]	85	129	-16	3	-7	8	det1=true
[16642]	87	129	-34	-5	-1	-10	det1=true
[16643]	87	129	-44	-5	-1	10	det1=true
[16644]	91	129	-13	0	-1	11	det1=true
[16645]	93	129	-13	-6	-11	-1	det1=true
[16646]	94	129	-25	-12	-10	-4	det1=true
[16647]	94	129	-29	-12	-10	4	det1=true
[16648]	95	129	-35	-8	-6	9	det1=true
[16649]	101	129	-40	-36	-1	-10	det1=true
[16650]	101	129	-50	-36	-1	10	det1=true
[16651]	103	129	-6	-4	-4	-11	det1=true
[16652]	104	129	-35	-23	-2	11	det1=true
[16653]	104	129	-11	-3	-4	-11	det1=true
[16654]	105	129	-38	-14	-11	-1	det1=true
[16655]	105	129	-39	-14	-11	1	det1=true
[16656]	107	129	-50	-36	-10	1	det1=true
[16657]	108	129	-42	-41	-2	-10	det1=true
[16658]	108	129	-52	-41	-2	10	det1=true
[16659]	111	129	-11	-7	-11	-5	det1=true
[16660]	111	129	-16	-7	-11	5	det1=true
[16661]	112	129	-51	-40	-1	-10	det1=true
[16662]	112	129	-61	-40	-1	10	det1=true
[16663]	113	129	-42	-37	-7	-8	det1=true
[16664]	113	129	-50	-37	-7	8	det1=true
[16665]	113	129	-17	-7	-5	-11	det1=true
[16666]	113	129	-28	-7	-5	11	det1=true
[16667]	115	129	-15	-10	-10	-7	det1=true
[16668]	115	129	-22	-10	-10	7	det1=true
[16669]	117	129	-50	-48	-6	-8	det1=true
[16670]	117	129	-58	-48	-6	8	det1=true
[16671]	119	129	-55	-55	-3	-9	det1=true
[16672]	129	129	-60	-29	-11	2	det1=true
[16673]	44	130	-20	-13	-6	-4	det1=true
[16674]	44	130	-24	-13	-6	4	det1=true
[16675]	54	130	-19	-15	-4	-7	det1=true
[16676]	54	130	-26	-15	-4	7	det1=true
[16677]	58	130	-18	-9	-8	-3	det1=true
[16678]	58	130	-21	-9	-8	3	det1=true
[16679]	65	130	-29	-19	-8	-3	det1=true
[16680]	67	130	-18	-7	-2	-9	det1=true
[16681]	67	130	-27	-7	-2	9	det1=true
[16682]	69	130	-17	0	-5	-8	det1=true
[16683]	82	130	-35	3	-9	-4	det1=true
[16684]	82	130	-39	3	-9	4	det1=true
[16685]	87	130	-6	-7	-4	-10	det1=true
[16686]	87	130	-16	-7	-4	10	det1=true
[16687]	88	130	-19	-6	-7	-8	det1=true
[16688]	88	130	-27	-6	-7	8	det1=true
[16689]	89	130	-33	-28	-9	-4	det1=true
[16690]	89	130	-37	-28	-9	4	det1=true
[16691]	96	130	-23	-20	-9	-6	det1=true
[16692]	96	130	-29	-20	-9	6	det1=true
[16693]	97	130	-51	-6	-3	10	det1=true
[16694]	99	130	-43	-4	-10	4	det1=true
[16695]	104	130	-45	1	-9	-6	det1=true
[16696]	104	130	-51	1	-9	6	det1=true
[16697]	112	130	-39	-3	-11	4	det1=true
[16698]	112	130	-26	-21	-6	-10	det1=true
[16699]	112	130	-36	-21	-6	10	det1=true
[16700]	114	130	-51	-22	-4	-10	det1=true
[16701]	114	130	-61	-22	-4	10	det1=true
[16702]	115	130	-21	1	-7	-10	det1=true
[16703]	118	130	-49	-19	-2	-11	det1=true
[16704]	118	130	-60	-19	-2	11	det1=true
[16705]	121	130	-27	-27	-1	-12	det1=true
[16706]	121	130	-39	-27	-1	12	det1=true
[16707]	124	130	-16	1	-10	-8	det1=true
[16708]	124	130	-24	1	-10	8	det1=true
[16709]	125	130	-28	-21	-12	-3	det1=true
[16710]	125	130	-31	-21	-12	3	det1=true
[16711]	127	130	-28	-11	-12	-4	det1=true
[16712]	127	130	-32	-11	-12	4	det1=true
[16713]	128	130	-25	-2	-8	-10	det1=true
[16714]	128	130	-35	-2	-8	10	det1=true
[16715]	129	130	-59	-37	-9	-6	det1=true
[16716]	129	130	-65	-37	-9	6	det1=true
[16717]	52	131	-22	-5	-8	-1	det1=true
[16718]	52	131	-23	-5	-8	1	det1=true
[16719]	59	131	-22	-3	-7	-5	det1=true
[16720]	59	131	-27	-3	-7	5	det1=true
[16721]	73	131	-24	-10	-3	-9	det1=true
[16722]	74	131	1	-2	-1	-10	det1=true
[16723]	74	131	-9	-2	-1	10	det1=true
[16724]	81	131	-38	-28	-3	9	det1=true
[16725]	86	131	-35	-10	-6	-8	det1=true
[16726]	86	131	-43	-10	-6	8	det1=true
[16727]	88	131	-40	-1	-6	-8	det1=true
[16728]	88	131	-48	-1	-6	8	det1=true
[16729]	90	131	-31	-6	-3	-10	det1=true
[16730]	90	131	-41	-6	-3	10	det1=true
[16731]	95	131	-28	-21	-7	-8	det1=true
[16732]	105	131	-46	-38	-1	-10	det1=true
[16733]	105	131	-56	-38	-1	10	det1=true
[16734]	105	131	-46	2	-6	-9	det1=true
[16735]	107	131	-46	-38	-10	-2	det1=true
[16736]	107	131	-48	-38	-10	2	det1=true
[16737]	112	131	-27	-22	-6	-10	det1=true
[16738]	112	131	-37	-22	-6	10	det1=true
[16739]	113	131	-40	-17	-9	-7	det1=true
[16740]	113	131	-47	-17	-9	7	det1=true
[16741]	113	131	-39	1	-10	-6	det1=true
[16742]	113	131	-45	1	-10	6	det1=true
[16743]	117	131	-50	-22	-11	-2	det1=true
[16744]	117	131	-52	-22	-11	2	det1=true
[16745]	119	131	-41	-2	-12	1	det1=true
[16746]	121	131	-34	-18	-8	-9	det1=true
[16747]	125	131	-50	-18	-11	-4	det1=true
[16748]	125	131	-54	-18	-11	4	det1=true
[16749]	125	131	-9	4	-13	-1	det1=true
[16750]	125	131	-10	4	-13	1	det1=true
[16751]	128	131	-15	4	-13	2	det1=true
[16752]	131	131	-65	-26	-9	7	det1=true
[16753]	131	131	-16	-17	-7	-11	det1=true
[16754]	131	131	-27	-17	-7	11	det1=true
[16755]	81	132	-17	-9	-3	10	det1=true
[16756]	88	132	-19	-13	-8	-7	det1=true
[16757]	89	132	-23	-11	-8	-7	det1=true
[16758]	89	132	-30	-11	-8	7	det1=true
[16759]	93	132	-30	-7	-10	-4	det1=true
[16760]	93	132	-34	-7	-10	4	det1=true
[16761]	93	132	-27	-10	-4	-10	det1=true
[16762]	93	132	-37	-10	-4	10	det1=true
[16763]	94	132	-32	-7	-10	-4	det1=true
[16764]	94	132	-36	-7	-10	4	det1=true
[16765]	98	132	-41	-6	-7	-8	det1=true
[16766]	102	132	-43	-30	-7	8	det1=true
[16767]	115	132	-52	-29	-10	-4	det1=true
[16768]	115	132	-56	-29	-10	4	det1=true
[16769]	119	132	-56	-45	-10	-2	det1=true
[16770]	120	132	-57	-17	-11	-2	det1=true
[16771]	120	132	-59	-17	-11	2	det1=true
[16772]	126	132	-5	1	-13	-2	det1=true
[16773]	126	132	-7	1	-13	2	det1=true
[16774]	39	129	-19	-1	-1	7	det1=true
[16775]	67	129	-6	-2	-5	-8	det1=true
[16776]	67	129	-14	-2	-5	8	det1=true
[16777]	71	129	-33	-25	-7	-5	det1=true
[16778]	74	129	-39	-7	-7	6	det1=true
[16779]	79	129	-29	-22	-8	-5	det1=true
[16780]	79	129	-34	-22	-8	5	det1=true
[16781]	79	129	-2	0	-9	-5	det1=true
[16782]	79	129	-7	0	-9	5	det1=true
[16783]	86	129	-20	3	-8	7	det1=true
[16784]	93	129	-14	-6	-11	1	det1=true
[16785]	96	129	-35	-5	-8	-7	det1=true
[16786]	96	129	-42	-5	-8	7	det1=true
[16787]	97	129	-35	-1	-10	-4	det1=true
[16788]	97	129	-39	-1	-10	4	det1=true
[16789]	97	129	-29	-21	-10	4	det1=true
[16790]	104	129	-22	-3	-4	11	det1=true
[16791]	119	129	-46	-26	-2	-11	det1=true
[16792]	119	129	-57	-26	-2	11	det1=true
[16793]	121	129	-36	-17	-11	5	det1=true
[16794]	77	130	-20	-9	-4	-9	det1=true
[16795]	77	130	-29	-9	-4	9	det1=true
[16796]	85	130	-26	-21	-10	-1	det1=true
[16797]	101	130	-46	-31	-10	-1	det1=true
[16798]	101	130	-47	-31	-10	1	det1=true
[16799]	104	130	-46	-35	-6	-8	det1=true
[16800]	104	130	-54	-35	-6	8	det1=true
[16801]	107	130	-1	4	-9	-8	det1=true
[16802]	107	130	-9	4	-9	8	det1=true
[16803]	108	130	-52	1	-10	-4	det1=true
[16804]	108	130	-56	1	-10	4	det1=true
[16805]	108	130	-21	-16	-10	-6	det1=true
[16806]	108	130	-27	-16	-10	6	det1=true
[16807]	109	130	-25	-9	-4	-11	det1=true
[16808]	113	130	-23	-3	-8	-9	det1=true
[16809]	113	130	-32	-3	-8	9	det1=true
[16810]	114	130	-49	-31	-7	-8	det1=true
[16811]	115	130	-31	1	-7	10	det1=true
[16812]	116	130	-18	-1	-12	-3	det1=true
[16813]	118	130	-45	2	-11	-4	det1=true
[16814]	118	130	-49	2	-11	4	det1=true
[16815]	118	130	-33	-3	-8	-9	det1=true
[16816]	118	130	-42	-3	-8	9	det1=true
[16817]	128	130	-61	-19	-4	11	det1=true
[16818]	128	130	-34	-21	-12	-3	det1=true
[16819]	128	130	-37	-21	-12	3	det1=true
[16820]	129	130	-44	-1	-12	-3	det1=true
[16821]	129	130	-47	-1	-12	3	det1=true
[16822]	41	131	-15	-15	-1	-7	det1=true
[16823]	41	131	-22	-15	-1	7	det1=true
[16824]	71	131	-27	-12	-2	-9	det1=true
[16825]	71	131	-36	-12	-2	9	det1=true
[16826]	73	131	-10	-6	-4	-9	det1=true
[16827]	73	131	-19	-6	-4	9	det1=true
[16828]	74	131	-35	-7	-7	-6	det1=true
[16829]	81	131	-29	-28	-3	-9	det1=true
[16830]	83	131	-17	-14	-9	-5	det1=true
[16831]	83	131	-22	-14	-9	5	det1=true
[16832]	88	131	-35	-25	-9	-4	det1=true
[16833]	88	131	-39	-25	-9	4	det1=true
[16834]	95	131	-36	-21	-7	8	det1=true
[16835]	95	131	-12	-12	-2	-11	det1=true
[16836]	95	131	-23	-12	-2	11	det1=true
[16837]	96	131	-27	-11	-2	11	det1=true
[16838]	105	131	-55	2	-6	9	det1=true
[16839]	106	131	-49	-37	-10	-1	det1=true
[16840]	106	131	-50	-37	-10	1	det1=true
[16841]	121	131	-34	-6	-12	3	det1=true
[16842]	123	131	-56	-18	-2	-11	det1=true
[16843]	124	131	-50	-13	-8	9	det1=true
[16844]	129	131	-47	-30	-4	-11	det1=true
[16845]	129	131	-58	-30	-4	11	det1=true
[16846]	131	131	-58	-26	-9	-7	det1=true
[16847]	64	132	-20	-3	-6	7	det1=true
[16848]	67	132	-16	-15	-6	-7	det1=true
[16849]	78	132	-35	-26	-5	8	det1=true
[16850]	79	132	-35	-27	-9	-2	det1=true
[16851]	82	132	-27	-4	-10	-2	det1=true
[16852]	89	132	-37	-4	-2	-10	det1=true
[16853]	89	132	-47	-4	-2	10	det1=true
[16854]	104	132	-19	-1	-4	-11	det1=true
[16855]	104	132	-30	-1	-4	11	det1=true
[16856]	113	132	-41	-27	-2	-11	det1=true
[16857]	113	132	-52	-27	-2	11	det1=true
[16858]	115	132	-39	-7	-4	-11	det1=true
[16859]	115	132	-50	-7	-4	11	det1=true
[16860]	115	132	-25	0	-7	-10	det1=true
[16861]	115	132	-35	0	-7	10	det1=true
[16862]	121	132	-37	-31	-11	-4	det1=true
[16863]	127	132	-13	5	-13	-2	det1=true
[16864]	127	132	-15	5	-13	2	det1=true
[16865]	128	132	-27	-14	-5	12	det1=true
[16866]	129	132	-57	-28	-10	6	det1=true
[16867]	131	132	-62	-53	-10	-2	det1=true
[16868]	131	132	-64	-53	-10	2	det1=true
[16869]	19	129	-6	2	-4	-3	det1=true
[16870]	19	129	-9	2	-4	3	det1=true
[16871]	43	129	-18	-2	-2	-7	det1=true
[16872]	43	129	-25	-2	-2	7	det1=true
[16873]	76	129	-23	-21	-5	-8	det1=true
[16874]	76	129	-31	-21	-5	8	det1=true
[16875]	82	129	-25	-2	-1	-10	det1=true
[16876]	82	129	-35	-2	-1	10	det1=true
[16877]	82	129	-30	-1	-10	1	det1=true
[16878]	86	129	-39	-31	-7	-6	det1=true
[16879]	86	129	-45	-31	-7	6	det1=true
[16880]	86	129	-13	3	-8	-7	det1=true
[16881]	87	129	-34	-14	-10	-1	det1=true
[16882]	95	129	-26	-8	-6	-9	det1=true
[16883]	108	129	-48	-13	-10	-4	det1=true
[16884]	108	129	-52	-13	-10	4	det1=true
[16885]	115	129	-34	-15	-11	-4	det1=true
[16886]	119	129	-47	-24	-2	-11	det1=true
[16887]	119	129	-58	-24	-2	11	det1=true
[16888]	77	130	-19	-11	-4	-9	det1=true
[16889]	77	130	-28	-11	-4	9	det1=true
[16890]	78	130	-9	-4	-10	-2	det1=true
[16891]	78	130	-11	-4	-10	2	det1=true
[16892]	78	130	-5	-8	-2	-10	det1=true
[16893]	78	130	-15	-8	-2	10	det1=true
[16894]	88	130	-38	-7	-6	-8	det1=true
[16895]	88	130	-46	-7	-6	8	det1=true
[16896]	92	130	-32	-15	-10	-3	det1=true
[16897]	92	130	-35	-15	-10	3	det1=true
[16898]	97	130	-19	-10	-11	-2	det1=true
[16899]	97	130	-21	-10	-11	2	det1=true
[16900]	100	130	-31	3	-11	-2	det1=true
[16901]	100	130	-33	3	-11	2	det1=true
[16902]	104	130	-29	-20	-11	-2	det1=true
[16903]	104	130	-31	-20	-11	2	det1=true
[16904]	112	130	-34	-1	-6	-10	det1=true
[16905]	112	130	-44	-1	-6	10	det1=true
[16906]	114	130	-57	-31	-7	8	det1=true
[16907]	114	130	-30	-19	-4	-11	det1=true
[16908]	114	130	-41	-19	-4	11	det1=true
[16909]	115	130	-28	1	-8	-9	det1=true
[16910]	122	130	-25	-1	-11	-6	det1=true
[16911]	122	130	-31	-1	-11	6	det1=true
[16912]	63	131	-19	0	-9	-1	det1=true
[16913]	104	131	-44	-15	-10	-4	det1=true
[16914]	104	131	-48	-15	-10	4	det1=true
[16915]	113	131	-47	4	-11	-3	det1=true
[16916]	113	131	-50	4	-11	3	det1=true
[16917]	113	131	-36	-10	-11	-4	det1=true
[16918]	113	131	-40	-10	-11	4	det1=true
[16919]	119	131	-46	-49	-3	-10	det1=true
[16920]	119	131	-56	-49	-3	10	det1=true
[16921]	121	131	-31	-6	-12	-3	det1=true
[16922]	122	131	-48	1	-4	-11	det1=true
[16923]	127	131	-51	-4	-12	-1	det1=true
[16924]	54	132	-18	-19	-4	-7	det1=true
[16925]	81	132	-38	-19	-8	-5	det1=true
[16926]	81	132	-43	-19	-8	5	det1=true
[16927]	85	132	-13	-7	-7	-8	det1=true
[16928]	85	132	-21	-7	-7	8	det1=true
[16929]	101	132	-42	-17	-8	-7	det1=true
[16930]	101	132	-49	-17	-8	7	det1=true
[16931]	110	132	-51	-34	-4	10	det1=true
[16932]	123	132	-38	1	-12	-3	det1=true
[16933]	123	132	-41	1	-12	3	det1=true
[16934]	60	129	-23	-3	-3	-8	det1=true
[16935]	60	129	-31	-3	-3	8	det1=true
[16936]	81	129	-20	-2	-10	-2	det1=true
[16937]	81	129	-22	-2	-10	2	det1=true
[16938]	102	129	-43	0	-10	-4	det1=true
[16939]	102	129	-47	0	-10	4	det1=true
[16940]	121	129	-31	-17	-11	-5	det1=true
[16941]	84	130	-30	5	-10	-2	det1=true
[16942]	84	130	-32	5	-10	2	det1=true
[16943]	86	130	-8	-1	-10	4	det1=true
[16944]	114	130	-44	-19	-2	-11	det1=true
[16945]	114	130	-55	-19	-2	11	det1=true
[16946]	119	130	-15	-1	-6	-11	det1=true
[16947]	119	130	-26	-1	-6	11	det1=true
[16948]	42	131	-19	-6	-6	-4	det1=true
[16949]	42	131	-23	-6	-6	4	det1=true
[16950]	86	131	-13	-9	-7	-8	det1=true
[16951]	86	131	-21	-9	-7	8	det1=true
[16952]	92	131	-31	1	-7	-8	det1=true
[16953]	92	131	-39	1	-7	8	det1=true
[16954]	96	131	-16	-11	-2	-11	det1=true
[16955]	99	131	-29	-25	-10	-4	det1=true
[16956]	99	131	-33	-25	-10	4	det1=true
[16957]	109	131	-32	-34	-1	-11	det1=true
[16958]	109	131	-43	-34	-1	11	det1=true
[16959]	113	131	-46	-35	-7	-8	det1=true
[16960]	113	131	-54	-35	-7	8	det1=true
[16961]	114	131	-46	-33	-4	-10	det1=true
[16962]	114	131	-56	-33	-4	10	det1=true
[16963]	123	131	-55	-34	-6	-9	det1=true
[16964]	123	131	-64	-34	-6	9	det1=true
[16965]	127	131	-47	-6	-8	-9	det1=true
[16966]	127	131	-56	-6	-8	9	det1=true
[16967]	129	131	-44	-22	-11	-5	det1=true
[16968]	129	131	-49	-22	-11	5	det1=true
[16969]	131	131	-57	-45	-4	-10	det1=true
[16970]	131	131	-67	-45	-4	10	det1=true
[16971]	81	132	-7	-9	-3	-10	det1=true
[16972]	87	132	-33	-8	-2	-10	det1=true
[16973]	87	132	-43	-8	-2	10	det1=true
[16974]	90	132	-39	-16	-1	-10	det1=true
[16975]	102	132	-46	-31	-10	-2	det1=true
[16976]	102	132	-48	-31	-10	2	det1=true
[16977]	105	132	-53	-8	-9	6	det1=true
[16978]	105	132	-14	-17	-4	-11	det1=true
[16979]	105	132	-25	-17	-4	11	det1=true
[16980]	108	132	-50	-39	-6	-8	det1=true
[16981]	108	132	-58	-39	-6	8	det1=true
[16982]	128	132	-42	-37	-4	-11	det1=true
[16983]	128	132	-53	-37	-4	11	det1=true
[16984]	95	130	-17	-2	-11	-2	det1=true
[16985]	95	130	-19	-2	-11	2	det1=true
[16986]	124	130	-61	-12	-11	-2	det1=true
[16987]	124	130	-63	-12	-11	2	det1=true
[16988]	87	131	-15	5	-10	-4	det1=true
[16989]	101	131	-9	-3	-10	-6	det1=true
[16990]	101	131	-15	-3	-10	6	det1=true
[16991]	110	131	-28	-11	-4	-11	det1=true
[16992]	111	131	-33	-32	-2	-11	det1=true
[16993]	111	131	-44	-32	-2	11	det1=true
[16994]	116	131	-25	-17	-8	-9	det1=true
[16995]	116	131	-34	-17	-8	9	det1=true
[16996]	118	131	-56	-45	-8	-6	det1=true
[16997]	118	131	-62	-45	-8	6	det1=true
[16998]	93	132	-12	1	-2	-11	det1=true
[16999]	98	132	-25	-5	-2	-11	det1=true
[17000]	98	132	-36	-5	-2	11	det1=true
[17001]	107	132	-41	-28	-4	-10	det1=true
[17002]	107	132	-51	-28	-4	10	det1=true
[17003]	110	132	-41	-34	-4	-10	det1=true
[17004]	121	132	-38	-29	-4	-11	det1=true
[17005]	102	129	0	-1	-4	-11	det1=true
[17006]	102	129	-11	-1	-4	11	det1=true
[17007]	115	129	-35	-34	-2	-11	det1=true
[17008]	115	129	-46	-34	-2	11	det1=true
[17009]	128	130	-28	-19	-6	-11	det1=true
[17010]	128	130	-39	-19	-6	11	det1=true
[17011]	112	131	-35	-4	-6	-10	det1=true
[17012]	112	131	-45	-4	-6	10	det1=true
[17013]	118	131	-31	5	-10	-7	det1=true
[17014]	131	131	-9	4	-13	-3	det1=true
[17015]	131	131	-12	4	-13	3	det1=true
[17016]	55	132	-19	-22	-1	-8	det1=true
[17017]	55	132	-27	-22	-1	8	det1=true
[17018]	104	132	-37	-16	-11	2	det1=true
[17019]	105	132	-47	-8	-9	-6	det1=true
[17020]	126	132	-7	5	-13	-2	det1=true
[17021]	126	132	-9	5	-13	2	det1=true
[17022]	89	129	-16	-2	-10	-4	det1=true
[17023]	89	129	-20	-2	-10	4	det1=true
[17024]	94	129	-7	1	-2	-11	det1=true
[17025]	94	129	-18	1	-2	11	det1=true
[17026]	108	129	-53	-33	-3	10	det1=true
[17027]	82	130	-21	-4	-2	-10	det1=true
[17028]	82	130	-31	-4	-2	10	det1=true
[17029]	101	130	-39	-26	-3	-10	det1=true
[17030]	101	130	-49	-26	-3	10	det1=true
[17031]	121	130	-49	-30	-11	-2	det1=true
[17032]	121	130	-51	-30	-11	2	det1=true
[17033]	122	130	-38	-29	-10	-6	det1=true
[17034]	122	130	-44	-29	-10	6	det1=true
[17035]	130	130	-45	-8	-7	-10	det1=true
[17036]	130	130	-55	-8	-7	10	det1=true
[17037]	90	131	-39	-13	-1	-10	det1=true
[17038]	110	131	-39	-11	-4	11	det1=true
[17039]	80	132	-23	0	-10	-2	det1=true
[17040]	80	132	-25	0	-10	2	det1=true
[17041]	84	129	-28	-1	-10	-2	det1=true
[17042]	84	129	-30	-1	-10	2	det1=true
[17043]	111	129	-2	2	-7	-10	det1=true
[17044]	111	129	-12	2	-7	10	det1=true
[17045]	51	131	-12	4	-8	-2	det1=true
[17046]	51	131	-14	4	-8	2	det1=true
[17047]	73	131	-28	-18	-7	-6	det1=true
[17048]	73	131	-34	-18	-7	6	det1=true
[17049]	90	131	-49	-13	-1	10	det1=true
[17050]	105	131	-46	-18	-8	-7	det1=true
[17051]	129	132	-60	-1	-10	-6	det1=true
[17052]	129	132	-66	-1	-10	6	det1=true
[17053]	102	131	-45	-34	-1	-10	det1=true
[17054]	102	131	-55	-34	-1	10	det1=true
[17055]	111	131	-48	-17	-11	-1	det1=true
[17056]	111	131	-49	-17	-11	1	det1=true
[17057]	125	129	-38	-32	-11	-4	det1=true
[17058]	125	129	-42	-32	-11	4	det1=true
[17059]	91	130	-38	-21	-10	-1	det1=true
[17060]	118	130	-30	-29	-4	-11	det1=true
[17061]	118	130	-41	-29	-4	11	det1=true
[17062]	105	131	-14	-14	-4	-11	det1=true
[17063]	76	131	-27	-2	-9	4	det1=true
[17064]	62	129	-27	-28	-1	-8	det1=true
[17065]	62	129	-35	-28	-1	8	det1=true
[17066]	91	129	-33	-11	-5	-9	det1=true
[17067]	53	131	-23	-2	-4	-7	det1=true
[17068]	53	131	-30	-2	-4	7	det1=true
[17069]	76	131	-23	-2	-9	-4	det1=true
[17070]	101	131	-27	-6	-11	3	det1=true
[17071]	125	129	-20	-18	-6	-11	det1=true
[17072]	125	129	-31	-18	-6	11	det1=true
[17073]	32	132	-13	-6	-5	-4	det1=true
[17074]	91	129	-42	-11	-5	9	det1=true
[17075]	101	131	-24	-6	-11	-3	det1=true
[17076]	102	132	-16	3	-6	-10	det1=true
[17077]	102	132	-18	5	-10	-6	det1=true
[17078]	50	131	-21	-9	-5	-6	det1=true
[17079]	89	131	-31	-21	-10	-2	det1=true
[17080]	89	131	-33	-21	-10	2	det1=true
[17081]	95	129	-24	-22	-7	-8	det1=true
[17082]	95	129	-32	-22	-7	8	det1=true
[17083]	131	131	-58	-10	-6	-10	det1=true
[17084]	131	131	-68	-10	-6	10	det1=true
[17085]	108	135	-44	-29	-6	-9	det1=true
[17086]	108	135	-53	-29	-6	9	det1=true
[17087]	127	133	-42	-25	-11	-5	det1=true
[17088]	127	133	-47	-25	-11	5	det1=true
[17089]	125	134	-28	-17	-12	-4	det1=true
[17090]	125	134	-32	-17	-12	4	det1=true
[17091]	121	135	-7	6	-13	-1	det1=true
[17092]	121	135	-8	6	-13	1	det1=true
[17093]	123	135	-40	-36	-11	-4	det1=true
[17094]	123	135	-44	-36	-11	4	det1=true
[17095]	117	136	-43	-19	-4	-11	det1=true
[17096]	117	136	-54	-19	-4	11	det1=true
[17097]	46	133	-13	-2	-5	-6	det1=true
[17098]	46	133	-19	-2	-5	6	det1=true
[17099]	62	133	-6	-1	-6	-7	det1=true
[17100]	62	133	-13	-1	-6	7	det1=true
[17101]	71	133	-30	-14	-9	-2	det1=true
[17102]	71	133	-32	-14	-9	2	det1=true
[17103]	73	133	-16	2	-4	-9	det1=true
[17104]	75	133	-3	5	-10	-2	det1=true
[17105]	75	133	-5	5	-10	2	det1=true
[17106]	76	133	-20	1	-10	-1	det1=true
[17107]	76	133	-21	1	-10	1	det1=true
[17108]	89	133	-22	2	-4	-10	det1=true
[17109]	89	133	-32	2	-4	10	det1=true
[17110]	119	133	-23	-18	-12	-3	det1=true
[17111]	119	133	-26	-18	-12	3	det1=true
[17112]	121	133	-54	-38	-10	-4	det1=true
[17113]	121	133	-58	-38	-10	4	det1=true
[17114]	121	133	-60	-51	-5	9	det1=true
[17115]	124	133	-50	-49	-8	-7	det1=true
[17116]	124	133	-57	-49	-8	7	det1=true
[17117]	124	133	-11	-2	-5	-12	det1=true
[17118]	124	133	-23	-2	-5	12	det1=true
[17119]	72	134	-3	-2	-8	-6	det1=true
[17120]	72	134	-9	-2	-8	6	det1=true
[17121]	85	134	-39	-35	-6	-7	det1=true
[17122]	85	134	-46	-35	-6	7	det1=true
[17123]	93	134	-35	-34	-1	-10	det1=true
[17124]	103	134	-40	-29	-8	-7	det1=true
[17125]	103	134	-47	-29	-8	7	det1=true
[17126]	127	134	-17	-15	-5	-12	det1=true
[17127]	133	134	-47	-35	-12	-1	det1=true
[17128]	133	134	-48	-35	-12	1	det1=true
[17129]	53	135	-4	-1	-5	-7	det1=true
[17130]	53	135	-11	-1	-5	7	det1=true
[17131]	79	135	-20	-8	-2	-10	det1=true
[17132]	79	135	-30	-8	-2	10	det1=true
[17133]	99	135	-29	-23	-11	-1	det1=true
[17134]	99	135	-30	-23	-11	1	det1=true
[17135]	113	135	-56	-14	-11	-1	det1=true
[17136]	113	135	-57	-14	-11	1	det1=true
[17137]	127	135	-59	-57	-6	-8	det1=true
[17138]	127	135	-67	-57	-6	8	det1=true
[17139]	130	135	-47	-8	-3	-12	det1=true
[17140]	65	136	-28	-7	-6	7	det1=true
[17141]	90	136	-44	-11	-10	-2	det1=true
[17142]	90	136	-46	-11	-10	2	det1=true
[17143]	93	136	-39	-28	-10	-2	det1=true
[17144]	93	136	-41	-28	-10	2	det1=true
[17145]	118	136	-41	-28	-10	-6	det1=true
[17146]	118	136	-47	-28	-10	6	det1=true
[17147]	123	136	-49	-50	-4	-10	det1=true
[17148]	136	136	-59	-8	-7	-10	det1=true
[17149]	136	136	-69	-8	-7	10	det1=true
[17150]	21	133	-2	0	-5	-2	det1=true
[17151]	21	133	-4	0	-5	2	det1=true
[17152]	55	133	-14	1	-3	-8	det1=true
[17153]	59	133	-28	-7	-7	5	det1=true
[17154]	62	133	-11	-3	-7	6	det1=true
[17155]	76	133	-30	-19	-8	-5	det1=true
[17156]	76	133	-35	-19	-8	5	det1=true
[17157]	105	133	-34	-6	-9	-7	det1=true
[17158]	105	133	-41	-6	-9	7	det1=true
[17159]	109	133	-40	-8	-9	-7	det1=true
[17160]	116	133	-43	-12	-10	-6	det1=true
[17161]	116	133	-49	-12	-10	6	det1=true
[17162]	117	133	-48	-26	-2	-11	det1=true
[17163]	117	133	-59	-26	-2	11	det1=true
[17164]	117	133	-42	-17	-11	-4	det1=true
[17165]	117	133	-46	-17	-11	4	det1=true
[17166]	121	133	-51	-41	-4	-10	det1=true
[17167]	121	133	-40	-12	-11	-5	det1=true
[17168]	121	133	-30	-21	-7	-10	det1=true
[17169]	121	133	-40	-21	-7	10	det1=true
[17170]	124	133	-40	-35	-6	-10	det1=true
[17171]	124	133	-50	-35	-6	10	det1=true
[17172]	125	133	-52	-46	-10	-4	det1=true
[17173]	128	133	-54	-37	-6	10	det1=true
[17174]	129	133	-37	-26	-12	-3	det1=true
[17175]	129	133	-9	5	-13	-3	det1=true
[17176]	129	133	-12	5	-13	3	det1=true
[17177]	130	133	-53	-8	-9	-8	det1=true
[17178]	130	133	-61	-8	-9	8	det1=true
[17179]	130	133	-31	-14	-10	-8	det1=true
[17180]	130	133	-39	-14	-10	8	det1=true
[17181]	130	133	-21	-9	-13	-2	det1=true
[17182]	130	133	-23	-9	-13	2	det1=true
[17183]	92	134	-44	-21	-10	-1	det1=true
[17184]	92	134	-45	-21	-10	1	det1=true
[17185]	113	134	-25	-2	-2	-12	det1=true
[17186]	113	134	-37	-2	-2	12	det1=true
[17187]	115	134	-53	-27	-6	-9	det1=true
[17188]	115	134	-62	-27	-6	9	det1=true
[17189]	134	134	-25	-26	-5	-12	det1=true
[17190]	134	134	-37	-26	-5	12	det1=true
[17191]	39	135	-12	-1	-7	-2	det1=true
[17192]	51	135	-14	-6	-2	-8	det1=true
[17193]	51	135	-22	-6	-2	8	det1=true
[17194]	60	135	-23	-18	-3	-8	det1=true
[17195]	73	135	-39	-28	-1	9	det1=true
[17196]	83	135	-44	-3	-1	10	det1=true
[17197]	95	135	-45	-10	-10	-3	det1=true
[17198]	95	135	-48	-10	-10	3	det1=true
[17199]	112	135	-46	-39	-8	-7	det1=true
[17200]	112	135	-53	-39	-8	7	det1=true
[17201]	112	135	-46	-17	-4	11	det1=true
[17202]	115	135	-40	6	-12	-1	det1=true
[17203]	115	135	-41	6	-12	1	det1=true
[17204]	125	135	-58	-7	-11	-4	det1=true
[17205]	129	135	-21	-19	-1	-13	det1=true
[17206]	129	135	-34	-19	-1	13	det1=true
[17207]	135	135	-67	-19	-5	11	det1=true
[17208]	135	135	-24	-4	-10	-9	det1=true
[17209]	135	135	-33	-4	-10	9	det1=true
[17210]	135	135	-16	-5	-11	-8	det1=true
[17211]	135	135	-24	-5	-11	8	det1=true
[17212]	65	136	-21	-7	-6	-7	det1=true
[17213]	70	136	-9	-6	-9	-4	det1=true
[17214]	70	136	-13	-6	-9	4	det1=true
[17215]	82	136	-11	-7	-8	-7	det1=true
[17216]	83	136	-10	-1	-10	-4	det1=true
[17217]	86	136	-35	-16	-10	-2	det1=true
[17218]	86	136	-37	-16	-10	2	det1=true
[17219]	92	136	-33	1	-9	-6	det1=true
[17220]	92	136	-39	1	-9	6	det1=true
[17221]	97	136	-38	-17	-10	-4	det1=true
[17222]	97	136	-42	-17	-10	4	det1=true
[17223]	109	136	-32	-19	-10	-6	det1=true
[17224]	109	136	-38	-19	-10	6	det1=true
[17225]	115	136	-17	-7	-6	-11	det1=true
[17226]	115	136	-28	-7	-6	11	det1=true
[17227]	118	136	-39	-30	-6	-10	det1=true
[17228]	118	136	-49	-30	-6	10	det1=true
[17229]	126	136	-34	-29	-12	-3	det1=true
[17230]	126	136	-37	-29	-12	3	det1=true
[17231]	130	136	-44	-29	-10	-7	det1=true
[17232]	130	136	-51	-29	-10	7	det1=true
[17233]	136	136	-21	-3	-4	-13	det1=true
[17234]	136	136	-34	-3	-4	13	det1=true
[17235]	46	133	-9	-9	-5	-6	det1=true
[17236]	48	133	-20	-3	-6	-5	det1=true
[17237]	59	133	-17	-16	-7	-5	det1=true
[17238]	62	133	-5	-3	-7	-6	det1=true
[17239]	69	133	-25	-12	-6	-7	det1=true
[17240]	69	133	-32	-12	-6	7	det1=true
[17241]	84	133	-10	-9	-8	-7	det1=true
[17242]	84	133	-17	-9	-8	7	det1=true
[17243]	84	133	-6	5	-10	-4	det1=true
[17244]	84	133	-10	5	-10	4	det1=true
[17245]	87	133	-14	-2	-6	-9	det1=true
[17246]	87	133	-23	-2	-6	9	det1=true
[17247]	97	133	-13	-9	-3	-11	det1=true
[17248]	98	133	-35	-27	-6	9	det1=true
[17249]	105	133	-33	-7	-7	-9	det1=true
[17250]	109	133	-43	-21	-1	-11	det1=true
[17251]	109	133	-54	-21	-1	11	det1=true
[17252]	111	133	-45	-44	-5	-9	det1=true
[17253]	111	133	-54	-44	-5	9	det1=true
[17254]	120	133	-21	4	-8	10	det1=true
[17255]	121	133	-53	-49	-9	-5	det1=true
[17256]	123	133	-35	-38	-4	-11	det1=true
[17257]	129	133	-60	-44	-8	-7	det1=true
[17258]	129	133	-23	-12	-12	-5	det1=true
[17259]	129	133	-28	-12	-12	5	det1=true
[17260]	71	134	-24	-13	-8	-5	det1=true
[17261]	71	134	-29	-13	-8	5	det1=true
[17262]	74	134	-23	3	-9	-4	det1=true
[17263]	74	134	-27	3	-9	4	det1=true
[17264]	78	134	-21	2	-10	-2	det1=true
[17265]	78	134	-23	2	-10	2	det1=true
[17266]	89	134	-18	-15	-4	-10	det1=true
[17267]	89	134	-28	-15	-4	10	det1=true
[17268]	92	134	-35	-32	-1	-10	det1=true
[17269]	92	134	-45	-32	-1	10	det1=true
[17270]	92	134	-32	-3	-10	-4	det1=true
[17271]	92	134	-36	-3	-10	4	det1=true
[17272]	94	134	-37	-21	-10	-3	det1=true
[17273]	94	134	-40	-21	-10	3	det1=true
[17274]	99	134	-37	-17	-9	-6	det1=true
[17275]	99	134	-43	-17	-9	6	det1=true
[17276]	105	134	-49	-14	-10	-4	det1=true
[17277]	113	134	-45	-27	-11	-2	det1=true
[17278]	113	134	-47	-27	-11	2	det1=true
[17279]	113	134	-30	3	-12	-2	det1=true
[17280]	113	134	-32	3	-12	2	det1=true
[17281]	113	134	-23	-6	-7	-10	det1=true
[17282]	116	134	-51	-24	-11	-2	det1=true
[17283]	116	134	-53	-24	-11	2	det1=true
[17284]	121	134	-37	-3	-12	-3	det1=true
[17285]	121	134	-40	-3	-12	3	det1=true
[17286]	122	134	-51	-15	-11	-4	det1=true
[17287]	122	134	-55	-15	-11	4	det1=true
[17288]	123	134	-25	-28	-3	-12	det1=true
[17289]	59	135	-7	-3	-9	-1	det1=true
[17290]	59	135	-8	-3	-9	1	det1=true
[17291]	61	135	-15	-1	-1	-9	det1=true
[17292]	61	135	-24	-1	-1	9	det1=true
[17293]	65	135	-10	-5	-5	-8	det1=true
[17294]	65	135	-18	-5	-5	8	det1=true
[17295]	80	135	-20	-15	-10	-2	det1=true
[17296]	80	135	-22	-15	-10	2	det1=true
[17297]	84	135	-29	-14	-2	-10	det1=true
[17298]	84	135	-39	-14	-2	10	det1=true
[17299]	88	135	-34	-19	-2	-10	det1=true
[17300]	88	135	-44	-19	-2	10	det1=true
[17301]	92	135	-36	-19	-10	-3	det1=true
[17302]	92	135	-39	-19	-10	3	det1=true
[17303]	107	135	-47	-17	-11	-1	det1=true
[17304]	107	135	-48	-17	-11	1	det1=true
[17305]	108	135	-43	-31	-9	-6	det1=true
[17306]	108	135	-49	-31	-9	6	det1=true
[17307]	111	135	-36	-16	-10	-6	det1=true
[17308]	111	135	-42	-16	-10	6	det1=true
[17309]	112	135	-34	-21	-6	-10	det1=true
[17310]	112	135	-44	-21	-6	10	det1=true
[17311]	115	135	-56	-20	-11	-1	det1=true
[17312]	118	135	-49	-9	-11	-4	det1=true
[17313]	118	135	-53	-9	-11	4	det1=true
[17314]	123	135	-53	-6	-4	-11	det1=true
[17315]	123	135	-64	-6	-4	11	det1=true
[17316]	123	135	-52	-48	-8	-7	det1=true
[17317]	123	135	-59	-48	-8	7	det1=true
[17318]	123	135	-44	-4	-10	-7	det1=true
[17319]	123	135	-51	-4	-10	7	det1=true
[17320]	125	135	-50	-24	-4	-11	det1=true
[17321]	125	135	-61	-24	-4	11	det1=true
[17322]	127	135	-22	-7	-7	-11	det1=true
[17323]	135	135	-35	-14	-7	-11	det1=true
[17324]	135	135	-46	-14	-7	11	det1=true
[17325]	21	136	-9	-5	-2	5	det1=true
[17326]	37	136	-4	-1	-6	-4	det1=true
[17327]	37	136	-3	-2	-4	-6	det1=true
[17328]	46	136	-15	-7	-5	-6	det1=true
[17329]	46	136	-21	-7	-5	6	det1=true
[17330]	63	136	-1	-2	-5	-8	det1=true
[17331]	63	136	-9	-2	-5	8	det1=true
[17332]	79	136	-35	-8	-8	6	det1=true
[17333]	82	136	-33	-33	-5	-8	det1=true
[17334]	82	136	-41	-33	-5	8	det1=true
[17335]	87	136	-27	-5	-8	-7	det1=true
[17336]	87	136	-34	-5	-8	7	det1=true
[17337]	94	136	-38	-35	-6	-8	det1=true
[17338]	94	136	-46	-35	-6	8	det1=true
[17339]	101	136	-43	-16	-4	-10	det1=true
[17340]	106	136	-15	-9	-1	-12	det1=true
[17341]	106	136	-27	-9	-1	12	det1=true
[17342]	106	136	-6	-9	-2	-12	det1=true
[17343]	106	136	-18	-9	-2	12	det1=true
[17344]	109	136	-41	-38	-4	-10	det1=true
[17345]	109	136	-51	-38	-4	10	det1=true
[17346]	109	136	-17	-5	-7	-10	det1=true
[17347]	109	136	-27	-5	-7	10	det1=true
[17348]	124	136	-45	-19	-8	-9	det1=true
[17349]	124	136	-22	-3	-12	-5	det1=true
[17350]	124	136	-27	-3	-12	5	det1=true
[17351]	128	136	-55	-2	-9	-8	det1=true
[17352]	128	136	-35	-25	-11	-6	det1=true
[17353]	128	136	-41	-25	-11	6	det1=true
[17354]	130	136	-58	-21	-4	-11	det1=true
[17355]	136	136	-33	-1	-8	11	det1=true
[17356]	32	133	-13	-12	-2	-6	det1=true
[17357]	46	133	-15	-9	-5	6	det1=true
[17358]	54	133	-9	-5	-8	-3	det1=true
[17359]	54	133	-12	-5	-8	3	det1=true
[17360]	67	133	-22	-8	-6	-7	det1=true
[17361]	67	133	-29	-8	-6	7	det1=true
[17362]	71	133	-24	-2	-3	-9	det1=true
[17363]	71	133	-33	-2	-3	9	det1=true
[17364]	73	133	-24	-18	-8	-5	det1=true
[17365]	73	133	-29	-18	-8	5	det1=true
[17366]	75	133	-26	-21	-5	-8	det1=true
[17367]	76	133	-21	-11	-4	-9	det1=true
[17368]	76	133	-30	-11	-4	9	det1=true
[17369]	78	133	-26	5	-10	-1	det1=true
[17370]	78	133	-27	5	-10	1	det1=true
[17371]	79	133	-18	-17	-1	-10	det1=true
[17372]	79	133	-28	-17	-1	10	det1=true
[17373]	83	133	-10	-2	-8	-7	det1=true
[17374]	83	133	-17	-2	-8	7	det1=true
[17375]	93	133	-42	-5	-5	-9	det1=true
[17376]	93	133	-51	-5	-5	9	det1=true
[17377]	95	133	-9	-1	-9	-7	det1=true
[17378]	95	133	-16	-1	-9	7	det1=true
[17379]	95	133	-7	-4	-3	-11	det1=true
[17380]	95	133	-18	-4	-3	11	det1=true
[17381]	97	133	-41	-6	-8	-7	det1=true
[17382]	97	133	-48	-6	-8	7	det1=true
[17383]	97	133	-24	-9	-3	11	det1=true
[17384]	100	133	-39	-14	-4	-10	det1=true
[17385]	100	133	-49	-14	-4	10	det1=true
[17386]	101	133	-44	0	-9	-6	det1=true
[17387]	101	133	-50	0	-9	6	det1=true
[17388]	103	133	-30	-27	-1	-11	det1=true
[17389]	103	133	-41	-27	-1	11	det1=true
[17390]	105	133	-21	-10	-4	-11	det1=true
[17391]	108	133	-33	1	-11	-4	det1=true
[17392]	108	133	-37	1	-11	4	det1=true
[17393]	109	133	-27	-30	-3	-11	det1=true
[17394]	109	133	-38	-30	-3	11	det1=true
[17395]	113	133	-39	-23	-3	-11	det1=true
[17396]	113	133	-50	-23	-3	11	det1=true
[17397]	117	133	-36	-2	-8	-9	det1=true
[17398]	117	133	-45	-2	-8	9	det1=true
[17399]	119	133	-56	-3	-11	-3	det1=true
[17400]	119	133	-59	-3	-11	3	det1=true
[17401]	121	133	-57	-30	-3	11	det1=true
[17402]	122	133	-40	-15	-8	-9	det1=true
[17403]	122	133	-49	-15	-8	9	det1=true
[17404]	125	133	-56	-46	-10	4	det1=true
[17405]	126	133	-61	-36	-10	-4	det1=true
[17406]	127	133	-45	-42	-3	-11	det1=true
[17407]	127	133	-56	-42	-3	11	det1=true
[17408]	129	133	-40	-26	-12	3	det1=true
[17409]	39	134	-11	1	-7	-2	det1=true
[17410]	39	134	-13	1	-7	2	det1=true
[17411]	66	134	-16	-15	-6	-7	det1=true
[17412]	79	134	-28	-3	-8	-6	det1=true
[17413]	79	134	-34	-3	-8	6	det1=true
[17414]	79	134	-10	1	-10	-3	det1=true
[17415]	79	134	-13	1	-10	3	det1=true
[17416]	80	134	-15	-18	-2	-10	det1=true
[17417]	80	134	-25	-18	-2	10	det1=true
[17418]	90	134	-20	-13	-6	-9	det1=true
[17419]	106	134	-3	2	-12	-2	det1=true
[17420]	106	134	-5	2	-12	2	det1=true
[17421]	113	134	-33	-6	-7	10	det1=true
[17422]	119	134	-51	-27	-2	-11	det1=true
[17423]	119	134	-62	-27	-2	11	det1=true
[17424]	125	134	-36	-31	-8	-9	det1=true
[17425]	129	134	-58	-45	-4	-10	det1=true
[17426]	129	134	-68	-45	-4	10	det1=true
[17427]	134	134	-46	-35	-8	-9	det1=true
[17428]	134	134	-55	-35	-8	9	det1=true
[17429]	57	135	-21	-14	-8	3	det1=true
[17430]	73	135	-25	-20	-8	-5	det1=true
[17431]	73	135	-30	-20	-8	5	det1=true
[17432]	80	135	-28	5	-10	-2	det1=true
[17433]	80	135	-30	5	-10	2	det1=true
[17434]	85	135	-22	2	-8	-7	det1=true
[17435]	85	135	-29	2	-8	7	det1=true
[17436]	86	135	-35	-15	-3	10	det1=true
[17437]	92	135	-49	-28	-1	10	det1=true
[17438]	95	135	-46	-12	-7	8	det1=true
[17439]	112	135	-35	-17	-4	-11	det1=true
[17440]	119	135	-52	0	-11	-4	det1=true
[17441]	119	135	-56	0	-11	4	det1=true
[17442]	119	135	-40	-44	-2	-11	det1=true
[17443]	121	135	-43	1	-5	-11	det1=true
[17444]	121	135	-54	1	-5	11	det1=true
[17445]	124	135	-65	-7	-4	11	det1=true
[17446]	128	135	-56	-59	-2	-10	det1=true
[17447]	128	135	-66	-59	-2	10	det1=true
[17448]	128	135	-31	-34	-3	-12	det1=true
[17449]	128	135	-43	-34	-3	12	det1=true
[17450]	128	135	-26	-21	-10	-8	det1=true
[17451]	128	135	-34	-21	-10	8	det1=true
[17452]	134	135	-19	-9	-9	-10	det1=true
[17453]	135	135	-34	-21	-13	-1	det1=true
[17454]	21	136	-4	-5	-2	-5	det1=true
[17455]	79	136	-32	1	-10	-1	det1=true
[17456]	79	136	-33	1	-10	1	det1=true
[17457]	79	136	-29	-8	-8	-6	det1=true
[17458]	82	136	-18	-7	-8	7	det1=true
[17459]	84	136	-35	-8	-10	-2	det1=true
[17460]	84	136	-37	-8	-10	2	det1=true
[17461]	94	136	-35	-34	-2	-10	det1=true
[17462]	94	136	-45	-34	-2	10	det1=true
[17463]	105	136	-47	3	-11	-2	det1=true
[17464]	105	136	-49	3	-11	2	det1=true
[17465]	105	136	-26	-11	-4	-11	det1=true
[17466]	105	136	-37	-11	-4	11	det1=true
[17467]	109	136	-15	-9	-7	-10	det1=true
[17468]	109	136	-25	-9	-7	10	det1=true
[17469]	112	136	-33	-9	-12	-1	det1=true
[17470]	112	136	-34	-9	-12	1	det1=true
[17471]	122	136	-38	-21	-2	-12	det1=true
[17472]	124	136	-54	-19	-8	9	det1=true
[17473]	129	136	-27	-14	-5	-12	det1=true
[17474]	129	136	-39	-14	-5	12	det1=true
[17475]	52	133	-16	-1	-2	-8	det1=true
[17476]	55	133	-9	-6	-5	-7	det1=true
[17477]	55	133	-16	-6	-5	7	det1=true
[17478]	59	133	-23	-7	-7	-5	det1=true
[17479]	65	133	-31	-9	-1	9	det1=true
[17480]	73	133	-18	0	-9	-4	det1=true
[17481]	73	133	-22	0	-9	4	det1=true
[17482]	76	133	-33	-24	-9	-2	det1=true
[17483]	76	133	-35	-24	-9	2	det1=true
[17484]	83	133	-36	-13	-9	-4	det1=true
[17485]	88	133	-30	-23	-10	-2	det1=true
[17486]	88	133	-32	-23	-10	2	det1=true
[17487]	89	133	-28	-18	-10	-3	det1=true
[17488]	99	133	-9	5	-10	-6	det1=true
[17489]	99	133	-15	5	-10	6	det1=true
[17490]	100	133	-47	-30	-10	2	det1=true
[17491]	109	133	-48	-16	-11	-1	det1=true
[17492]	109	133	-49	-16	-11	1	det1=true
[17493]	109	133	-39	-9	-7	-9	det1=true
[17494]	109	133	-48	-9	-7	9	det1=true
[17495]	113	133	-29	-2	-11	-5	det1=true
[17496]	113	133	-34	-2	-11	5	det1=true
[17497]	116	133	-42	-11	-6	-10	det1=true
[17498]	116	133	-52	-11	-6	10	det1=true
[17499]	117	133	-45	-2	-5	11	det1=true
[17500]	121	133	-43	-1	-11	-5	det1=true
[17501]	122	133	-26	-5	-12	-4	det1=true
[17502]	122	133	-30	-5	-12	4	det1=true
[17503]	123	133	-55	-26	-2	-11	det1=true
[17504]	123	133	-66	-26	-2	11	det1=true
[17505]	131	133	-53	-20	-12	-1	det1=true
[17506]	131	133	-54	-20	-12	1	det1=true
[17507]	131	133	-49	-22	-8	-9	det1=true
[17508]	131	133	-58	-22	-8	9	det1=true
[17509]	133	133	-40	-2	-10	-8	det1=true
[17510]	133	133	-48	-2	-10	8	det1=true
[17511]	133	133	-28	-18	-12	-5	det1=true
[17512]	133	133	-33	-18	-12	5	det1=true
[17513]	48	134	-13	-1	-8	-1	det1=true
[17514]	53	134	-5	-4	-3	-8	det1=true
[17515]	70	134	-23	-21	-2	-9	det1=true
[17516]	70	134	-32	-21	-2	9	det1=true
[17517]	74	134	-15	0	-8	-6	det1=true
[17518]	74	134	-21	0	-8	6	det1=true
[17519]	85	134	-9	-2	-9	-6	det1=true
[17520]	85	134	-15	-2	-9	6	det1=true
[17521]	86	134	-23	-15	-7	8	det1=true
[17522]	90	134	-29	-13	-6	9	det1=true
[17523]	98	134	-5	0	-6	-10	det1=true
[17524]	98	134	-15	0	-6	10	det1=true
[17525]	101	134	-45	-15	-8	-7	det1=true
[17526]	101	134	-52	-15	-8	7	det1=true
[17527]	109	134	-23	-7	-12	-1	det1=true
[17528]	109	134	-24	-7	-12	1	det1=true
[17529]	112	134	-9	-10	-3	-12	det1=true
[17530]	123	134	-37	-28	-3	12	det1=true
[17531]	133	134	-47	-28	-2	-12	det1=true
[17532]	133	134	-59	-28	-2	12	det1=true
[17533]	134	134	-51	-20	-7	-10	det1=true
[17534]	57	135	-27	-5	-5	7	det1=true
[17535]	75	135	-16	-3	-1	-10	det1=true
[17536]	75	135	-26	-3	-1	10	det1=true
[17537]	79	135	-29	3	-6	-8	det1=true
[17538]	80	135	-16	-19	-2	-10	det1=true
[17539]	80	135	-26	-19	-2	10	det1=true
[17540]	83	135	-34	-3	-1	-10	det1=true
[17541]	84	135	-33	-10	-10	-2	det1=true
[17542]	84	135	-35	-10	-10	2	det1=true
[17543]	84	135	-4	-5	-6	-9	det1=true
[17544]	84	135	-13	-5	-6	9	det1=true
[17545]	86	135	-25	-15	-3	-10	det1=true
[17546]	92	135	-39	-28	-1	-10	det1=true
[17547]	95	135	-38	-12	-7	-8	det1=true
[17548]	109	135	-46	-24	-11	-1	det1=true
[17549]	109	135	-47	-24	-11	1	det1=true
[17550]	119	135	-51	-44	-2	11	det1=true
[17551]	121	135	-2	3	-7	-11	det1=true
[17552]	121	135	-13	3	-7	11	det1=true
[17553]	124	135	-54	-7	-4	-11	det1=true
[17554]	126	135	-62	-47	-6	9	det1=true
[17555]	127	135	-21	-10	-1	-13	det1=true
[17556]	131	135	-27	-19	-13	-1	det1=true
[17557]	131	135	-28	-19	-13	1	det1=true
[17558]	72	136	-5	-4	-1	-10	det1=true
[17559]	72	136	-15	-4	-1	10	det1=true
[17560]	73	136	-21	-6	-9	-4	det1=true
[17561]	83	136	-14	-1	-10	4	det1=true
[17562]	87	136	-22	-15	-8	-7	det1=true
[17563]	91	136	-39	-33	-9	-4	det1=true
[17564]	102	136	-43	-19	-9	-6	det1=true
[17565]	102	136	-49	-19	-9	6	det1=true
[17566]	103	136	-48	-15	-10	-4	det1=true
[17567]	103	136	-52	-15	-10	4	det1=true
[17568]	116	136	-39	4	-12	-2	det1=true
[17569]	116	136	-41	4	-12	2	det1=true
[17570]	117	136	-45	-22	-1	12	det1=true
[17571]	118	136	-46	5	-12	-1	det1=true
[17572]	118	136	-47	5	-12	1	det1=true
[17573]	124	136	-15	-13	-5	-12	det1=true
[17574]	124	136	-27	-13	-5	12	det1=true
[17575]	128	136	-63	-2	-9	8	det1=true
[17576]	135	136	-57	-22	-1	-12	det1=true
[17577]	135	136	-69	-22	-1	12	det1=true
[17578]	136	136	-14	-17	-4	-13	det1=true
[17579]	52	133	-24	-1	-2	8	det1=true
[17580]	65	133	-19	-15	-1	-9	det1=true
[17581]	65	133	-28	-15	-1	9	det1=true
[17582]	67	133	-32	3	-9	-1	det1=true
[17583]	79	133	-21	-3	-10	-2	det1=true
[17584]	79	133	-23	-3	-10	2	det1=true
[17585]	81	133	-28	-3	-1	-10	det1=true
[17586]	81	133	-38	-3	-1	10	det1=true
[17587]	82	133	-37	-24	-5	-8	det1=true
[17588]	82	133	-45	-24	-5	8	det1=true
[17589]	82	133	-27	-14	-1	-10	det1=true
[17590]	82	133	-37	-14	-1	10	det1=true
[17591]	97	133	-27	-16	-11	-1	det1=true
[17592]	97	133	-28	-16	-11	1	det1=true
[17593]	100	133	-45	-30	-10	-2	det1=true
[17594]	117	133	-34	-2	-5	-11	det1=true
[17595]	127	133	-19	0	-7	-11	det1=true
[17596]	128	133	-50	-9	-8	-9	det1=true
[17597]	128	133	-59	-9	-8	9	det1=true
[17598]	128	133	-44	-37	-6	-10	det1=true
[17599]	128	133	-21	-11	-12	-5	det1=true
[17600]	50	134	-17	-9	-8	-1	det1=true
[17601]	53	134	-13	-4	-3	8	det1=true
[17602]	58	134	-21	-11	-3	-8	det1=true
[17603]	74	134	-25	-21	-5	-8	det1=true
[17604]	84	134	-11	-11	-7	-8	det1=true
[17605]	84	134	-7	0	-4	-10	det1=true
[17606]	84	134	-17	0	-4	10	det1=true
[17607]	86	134	-15	-15	-7	-8	det1=true
[17608]	93	134	-44	3	-8	7	det1=true
[17609]	105	134	-41	-26	-9	-6	det1=true
[17610]	105	134	-47	-26	-9	6	det1=true
[17611]	109	134	-19	-9	-8	-9	det1=true
[17612]	109	134	-28	-9	-8	9	det1=true
[17613]	125	134	-24	-21	-4	-12	det1=true
[17614]	125	134	-36	-21	-4	12	det1=true
[17615]	134	134	-9	-3	-11	-8	det1=true
[17616]	39	135	-14	-1	-7	2	det1=true
[17617]	57	135	-20	-5	-5	-7	det1=true
[17618]	57	135	-18	-14	-8	-3	det1=true
[17619]	58	135	-23	-9	-3	-8	det1=true
[17620]	58	135	-31	-9	-3	8	det1=true
[17621]	65	135	-30	-16	-1	9	det1=true
[17622]	69	135	-24	-25	-1	-9	det1=true
[17623]	69	135	-33	-25	-1	9	det1=true
[17624]	73	135	-30	-28	-1	-9	det1=true
[17625]	74	135	-27	-20	-5	-8	det1=true
[17626]	74	135	-35	-20	-5	8	det1=true
[17627]	78	135	-21	-13	-1	-10	det1=true
[17628]	78	135	-31	-13	-1	10	det1=true
[17629]	82	135	-12	1	-8	-7	det1=true
[17630]	82	135	-19	1	-8	7	det1=true
[17631]	87	135	-19	-9	-10	-4	det1=true
[17632]	87	135	-23	-9	-10	4	det1=true
[17633]	97	135	-43	-2	-1	11	det1=true
[17634]	107	135	-53	-22	-1	11	det1=true
[17635]	115	135	-51	-25	-1	-11	det1=true
[17636]	115	135	-52	-29	-11	1	det1=true
[17637]	116	135	-28	-15	-10	-7	det1=true
[17638]	118	135	-36	-31	-4	-11	det1=true
[17639]	120	135	-50	1	-4	-11	det1=true
[17640]	123	135	-46	-11	-11	-5	det1=true
[17641]	123	135	-51	-11	-11	5	det1=true
[17642]	126	135	-53	-47	-6	-9	det1=true
[17643]	128	135	-60	-55	-10	-2	det1=true
[17644]	131	135	-37	6	-13	-1	det1=true
[17645]	131	135	-38	6	-13	1	det1=true
[17646]	134	135	-55	-15	-10	-7	det1=true
[17647]	134	135	-62	-15	-10	7	det1=true
[17648]	37	136	-8	-1	-6	4	det1=true
[17649]	46	136	-3	1	-7	-4	det1=true
[17650]	46	136	-7	1	-7	4	det1=true
[17651]	51	136	-21	-10	-7	-4	det1=true
[17652]	51	136	-25	-10	-7	4	det1=true
[17653]	97	136	-35	-20	-4	-10	det1=true
[17654]	99	136	-35	-30	-7	-8	det1=true
[17655]	99	136	-43	-30	-7	8	det1=true
[17656]	100	136	-39	0	-11	-2	det1=true
[17657]	100	136	-41	0	-11	2	det1=true
[17658]	113	136	-33	-13	-12	-1	det1=true
[17659]	113	136	-34	-13	-12	1	det1=true
[17660]	115	136	-56	-1	-6	10	det1=true
[17661]	117	136	-33	-22	-1	-12	det1=true
[17662]	120	136	-50	-9	-4	-11	det1=true
[17663]	120	136	-61	-9	-4	11	det1=true
[17664]	122	136	-43	-17	-1	-12	det1=true
[17665]	124	136	-22	-17	-10	-8	det1=true
[17666]	124	136	-30	-17	-10	8	det1=true
[17667]	130	136	-69	-21	-4	11	det1=true
[17668]	130	136	-31	-3	-13	-2	det1=true
[17669]	130	136	-33	-3	-13	2	det1=true
[17670]	131	136	-47	-33	-1	-12	det1=true
[17671]	131	136	-59	-33	-1	12	det1=true
[17672]	133	136	-27	-19	-2	-13	det1=true
[17673]	133	136	-17	-12	-9	-10	det1=true
[17674]	133	136	-27	-12	-9	10	det1=true
[17675]	40	133	-11	-10	-4	-6	det1=true
[17676]	40	133	-17	-10	-4	6	det1=true
[17677]	63	133	-22	0	-9	-1	det1=true
[17678]	65	133	-22	-9	-1	-9	det1=true
[17679]	75	133	-30	-4	-4	9	det1=true
[17680]	105	133	-32	-10	-4	11	det1=true
[17681]	112	133	-33	-18	-11	-4	det1=true
[17682]	112	133	-37	-18	-11	4	det1=true
[17683]	112	133	-21	-15	-8	-9	det1=true
[17684]	112	133	-30	-15	-8	9	det1=true
[17685]	121	133	-55	-27	-9	7	det1=true
[17686]	121	133	-48	-1	-11	5	det1=true
[17687]	121	133	-37	-15	-5	-11	det1=true
[17688]	126	133	-58	-39	-4	-10	det1=true
[17689]	126	133	-68	-39	-4	10	det1=true
[17690]	61	134	-2	1	-6	-7	det1=true
[17691]	61	134	-9	1	-6	7	det1=true
[17692]	92	134	-36	-17	-10	-3	det1=true
[17693]	92	134	-39	-17	-10	3	det1=true
[17694]	105	134	-53	-14	-10	4	det1=true
[17695]	115	134	-6	1	-12	-4	det1=true
[17696]	115	134	-10	1	-12	4	det1=true
[17697]	118	134	-38	-7	-8	-9	det1=true
[17698]	118	134	-47	-7	-8	9	det1=true
[17699]	119	134	-43	-7	-12	-1	det1=true
[17700]	119	134	-44	-7	-12	1	det1=true
[17701]	52	135	-22	-13	-8	-1	det1=true
[17702]	52	135	-23	-13	-8	1	det1=true
[17703]	65	135	-21	-16	-1	-9	det1=true
[17704]	72	135	-11	-3	-1	10	det1=true
[17705]	87	135	-21	-14	-8	-7	det1=true
[17706]	87	135	-28	-14	-8	7	det1=true
[17707]	100	135	-17	1	-11	-4	det1=true
[17708]	100	135	-21	1	-11	4	det1=true
[17709]	103	135	-16	-16	-4	-11	det1=true
[17710]	107	135	-34	0	-11	-4	det1=true
[17711]	107	135	-38	0	-11	4	det1=true
[17712]	107	135	-16	1	-5	-11	det1=true
[17713]	107	135	-27	1	-5	11	det1=true
[17714]	110	135	-39	-29	-2	-11	det1=true
[17715]	115	135	-51	-29	-11	-1	det1=true
[17716]	119	135	-15	5	-10	-8	det1=true
[17717]	119	135	-23	5	-10	8	det1=true
[17718]	120	135	-61	1	-4	11	det1=true
[17719]	123	135	-14	1	-11	-7	det1=true
[17720]	123	135	-21	1	-11	7	det1=true
[17721]	127	135	-24	-5	-11	-7	det1=true
[17722]	127	135	-31	-5	-11	7	det1=true
[17723]	128	135	-62	-55	-10	2	det1=true
[17724]	132	135	-51	-38	-11	-4	det1=true
[17725]	31	136	-13	-5	-4	-5	det1=true
[17726]	82	136	-27	-12	-2	-10	det1=true
[17727]	82	136	-37	-12	-2	10	det1=true
[17728]	90	136	-40	-15	-2	-10	det1=true
[17729]	90	136	-50	-15	-2	10	det1=true
[17730]	97	136	-45	-20	-4	10	det1=true
[17731]	106	136	-8	1	-10	-7	det1=true
[17732]	106	136	-15	1	-10	7	det1=true
[17733]	115	136	-46	-1	-6	-10	det1=true
[17734]	122	136	-55	-17	-1	12	det1=true
[17735]	125	136	-51	-26	-6	-10	det1=true
[17736]	125	136	-61	-26	-6	10	det1=true
[17737]	40	133	-12	-9	-6	-4	det1=true
[17738]	40	133	-16	-9	-6	4	det1=true
[17739]	75	133	-21	-4	-4	-9	det1=true
[17740]	96	133	-38	-11	-8	-7	det1=true
[17741]	96	133	-45	-11	-8	7	det1=true
[17742]	99	133	-39	-28	-10	-3	det1=true
[17743]	99	133	-42	-28	-10	3	det1=true
[17744]	100	133	-6	-5	-4	-11	det1=true
[17745]	100	133	-17	-5	-4	11	det1=true
[17746]	103	133	-35	-22	-11	-1	det1=true
[17747]	103	133	-36	-22	-11	1	det1=true
[17748]	86	134	-18	1	-10	-4	det1=true
[17749]	86	134	-22	1	-10	4	det1=true
[17750]	93	134	-37	3	-8	-7	det1=true
[17751]	65	135	-24	-10	-1	-9	det1=true
[17752]	65	135	-33	-10	-1	9	det1=true
[17753]	88	135	-39	-16	-1	-10	det1=true
[17754]	88	135	-49	-16	-1	10	det1=true
[17755]	89	135	-41	-36	-8	-5	det1=true
[17756]	89	135	-46	-36	-8	5	det1=true
[17757]	91	135	-42	-1	-7	8	det1=true
[17758]	98	135	-31	-25	-9	-6	det1=true
[17759]	98	135	-37	-25	-9	6	det1=true
[17760]	105	135	-11	2	-11	-5	det1=true
[17761]	105	135	-16	2	-11	5	det1=true
[17762]	107	135	-42	-22	-1	-11	det1=true
[17763]	110	135	-51	-14	-11	2	det1=true
[17764]	116	135	-35	-15	-10	7	det1=true
[17765]	91	136	-43	-33	-9	4	det1=true
[17766]	124	136	-40	-23	-2	-12	det1=true
[17767]	124	136	-52	-23	-2	12	det1=true
[17768]	131	136	-53	-21	-8	-9	det1=true
[17769]	131	136	-62	-21	-8	9	det1=true
[17770]	133	136	-40	-19	-2	13	det1=true
[17771]	93	133	-33	-26	-5	-9	det1=true
[17772]	93	133	-42	-26	-5	9	det1=true
[17773]	111	133	-45	-47	-2	-10	det1=true
[17774]	111	133	-55	-47	-2	10	det1=true
[17775]	119	133	-44	-29	-9	-7	det1=true
[17776]	119	133	-51	-29	-9	7	det1=true
[17777]	121	133	-48	-27	-9	-7	det1=true
[17778]	58	134	-29	-11	-3	8	det1=true
[17779]	111	134	-18	-7	-10	-7	det1=true
[17780]	114	134	-49	-48	-2	-10	det1=true
[17781]	114	134	-59	-48	-2	10	det1=true
[17782]	117	134	-34	3	-10	-7	det1=true
[17783]	117	134	-41	3	-10	7	det1=true
[17784]	127	134	-58	-57	-8	-6	det1=true
[17785]	127	134	-64	-57	-8	6	det1=true
[17786]	89	135	-29	-29	-2	-10	det1=true
[17787]	89	135	-39	-29	-2	10	det1=true
[17788]	91	135	-34	-1	-7	-8	det1=true
[17789]	99	135	-31	-29	-4	-10	det1=true
[17790]	109	135	-46	-19	-1	-11	det1=true
[17791]	109	135	-57	-19	-1	11	det1=true
[17792]	111	135	-29	-24	-4	-11	det1=true
[17793]	111	135	-40	-24	-4	11	det1=true
[17794]	132	135	-55	-38	-11	4	det1=true
[17795]	135	135	-54	-41	-5	11	det1=true
[17796]	135	135	-37	-12	-11	-7	det1=true
[17797]	135	135	-44	-12	-11	7	det1=true
[17798]	46	136	-1	-2	-1	-8	det1=true
[17799]	46	136	-9	-2	-1	8	det1=true
[17800]	73	136	-25	-6	-9	4	det1=true
[17801]	79	136	-16	5	-10	-3	det1=true
[17802]	79	136	-19	5	-10	3	det1=true
[17803]	93	136	-25	4	-11	-2	det1=true
[17804]	93	136	-27	4	-11	2	det1=true
[17805]	103	136	-7	3	-9	-8	det1=true
[17806]	103	136	-15	3	-9	8	det1=true
[17807]	108	136	-34	-9	-6	-10	det1=true
[17808]	108	136	-44	-9	-6	10	det1=true
[17809]	77	133	-23	-12	-4	-9	det1=true
[17810]	77	133	-32	-12	-4	9	det1=true
[17811]	100	133	-19	-6	-6	10	det1=true
[17812]	115	133	-47	-8	-3	-11	det1=true
[17813]	115	133	-58	-8	-3	11	det1=true
[17814]	56	134	-17	-7	-3	-8	det1=true
[17815]	56	134	-25	-7	-3	8	det1=true
[17816]	78	134	-13	-12	-2	-10	det1=true
[17817]	78	134	-23	-12	-2	10	det1=true
[17818]	111	134	-50	-37	-6	9	det1=true
[17819]	119	134	-39	-9	-8	-9	det1=true
[17820]	119	134	-48	-9	-8	9	det1=true
[17821]	121	134	-32	-15	-12	-3	det1=true
[17822]	121	134	-35	-15	-12	3	det1=true
[17823]	98	135	-42	-25	-10	-3	det1=true
[17824]	98	135	-45	-25	-10	3	det1=true
[17825]	106	135	-39	-37	-7	-8	det1=true
[17826]	106	135	-47	-37	-7	8	det1=true
[17827]	135	135	-43	-41	-5	-11	det1=true
[17828]	125	133	-59	-49	-4	10	det1=true
[17829]	127	133	-50	-5	-9	-8	det1=true
[17830]	92	134	-41	-30	-9	-4	det1=true
[17831]	92	134	-45	-30	-9	4	det1=true
[17832]	111	134	-41	-37	-6	-9	det1=true
[17833]	111	134	-25	-7	-10	7	det1=true
[17834]	110	135	-15	-10	-7	-10	det1=true
[17835]	110	135	-25	-10	-7	10	det1=true
[17836]	127	135	-55	-46	-6	-9	det1=true
[17837]	127	135	-64	-46	-6	9	det1=true
[17838]	111	136	-25	1	-10	-7	det1=true
[17839]	111	136	-32	1	-10	7	det1=true
[17840]	133	136	-60	-51	-10	-4	det1=true
[17841]	133	136	-64	-51	-10	4	det1=true
[17842]	73	133	0	-3	-1	-10	det1=true
[17843]	73	133	-10	-3	-1	10	det1=true
[17844]	109	133	-28	-14	-4	-11	det1=true
[17845]	109	133	-39	-14	-4	11	det1=true
[17846]	68	134	-29	-4	-9	-2	det1=true
[17847]	91	135	-37	-2	-6	9	det1=true
[17848]	107	135	-46	-19	-11	-1	det1=true
[17849]	107	135	-47	-19	-11	1	det1=true
[17850]	129	135	-50	-51	-1	-11	det1=true
[17851]	129	135	-61	-51	-1	11	det1=true
[17852]	135	135	-24	-26	-2	-13	det1=true
[17853]	105	136	-31	-3	-11	-4	det1=true
[17854]	105	136	-35	-3	-11	4	det1=true
[17855]	116	136	-41	-7	-12	-1	det1=true
[17856]	116	136	-42	-7	-12	1	det1=true
[17857]	100	133	-49	-24	-10	-2	det1=true
[17858]	68	134	-31	-4	-9	2	det1=true
[17859]	93	134	-25	-20	-10	-4	det1=true
[17860]	93	134	-29	-20	-10	4	det1=true
[17861]	79	135	-10	0	-3	-10	det1=true
[17862]	79	135	-20	0	-3	10	det1=true
[17863]	118	136	-50	3	-6	-10	det1=true
[17864]	118	136	-60	3	-6	10	det1=true
[17865]	121	136	-49	-22	-10	-6	det1=true
[17866]	121	136	-55	-22	-10	6	det1=true
[17867]	115	133	-52	-17	-1	-11	det1=true
[17868]	115	133	-63	-17	-1	11	det1=true
[17869]	87	134	-25	-1	-8	-7	det1=true
[17870]	87	134	-32	-1	-8	7	det1=true
[17871]	91	135	-28	-2	-6	-9	det1=true
[17872]	112	136	-25	-18	-9	-8	det1=true
[17873]	112	136	-33	-18	-9	8	det1=true
[17874]	127	136	-41	-27	-10	-7	det1=true
[17875]	127	136	-48	-27	-10	7	det1=true
[17876]	132	136	-11	2	-11	-8	det1=true
[17877]	132	136	-19	2	-11	8	det1=true
[17878]	67	133	-31	-23	-7	-5	det1=true
[17879]	97	133	-14	-7	-3	-11	det1=true
[17880]	97	133	-25	-7	-3	11	det1=true
[17881]	113	136	-34	3	-8	-9	det1=true
[17882]	113	136	-43	3	-8	9	det1=true
[17883]	91	136	-9	-13	-2	-11	det1=true
[17884]	133	133	-30	-12	-5	-12	det1=true
[17885]	133	133	-42	-12	-5	12	det1=true
[17886]	128	135	-61	-40	-9	-6	det1=true
[17887]	113	134	-39	-13	-11	-4	det1=true
[17888]	113	134	-43	-13	-11	4	det1=true
[17889]	125	134	-39	-21	-10	-7	det1=true
[17890]	109	136	-26	1	-8	-9	det1=true
[17891]	109	136	-35	1	-8	9	det1=true
[17892]	125	134	-46	-21	-10	7	det1=true
[17893]	123	135	-54	-14	-5	11	det1=true
[17894]	123	135	-43	-14	-5	-11	det1=true
[17895]	112	135	-55	-40	-10	-2	det1=true
[17896]	50	133	-21	-13	-6	-5	det1=true
[17897]	121	135	-49	6	-12	-1	det1=true
[17898]	127	133	-54	0	-12	-1	det1=true
[17899]	127	133	-55	0	-12	1	det1=true
[17900]	103	136	-19	-15	-4	-11	det1=true
[17901]	103	136	-30	-15	-4	11	det1=true
[17902]	134	134	-87	-37	-2	-9	det1=true
[17903]	85	134	-47	-37	-2	9	det1=true
[17904]	133	133	-60	-6	-12	-1	det1=true
[17905]	75	137	-34	-24	-6	-7	det1=true
[17906]	75	137	-41	-24	-6	7	det1=true
[17907]	117	137	-12	-2	-8	-10	det1=true
[17908]	132	138	-47	-26	-3	-12	det1=true
[17909]	132	138	-59	-26	-3	12	det1=true
[17910]	39	139	-16	-4	-7	-2	det1=true
[17911]	39	139	-18	-4	-7	2	det1=true
[17912]	105	139	-47	-12	-1	-11	det1=true
[17913]	105	139	-58	-12	-1	11	det1=true
[17914]	119	139	-51	4	-12	-1	det1=true
[17915]	139	139	-54	-2	-13	-1	det1=true
[17916]	38	140	-12	-9	-6	-4	det1=true
[17917]	38	140	-16	-9	-6	4	det1=true
[17918]	78	140	-37	-6	-9	-4	det1=true
[17919]	78	140	-41	-6	-9	4	det1=true
[17920]	82	140	-34	1	-2	-10	det1=true
[17921]	82	140	-44	1	-2	10	det1=true
[17922]	41	137	-4	-1	-3	-7	det1=true
[17923]	41	137	-11	-1	-3	7	det1=true
[17924]	93	137	-15	1	-11	-3	det1=true
[17925]	93	137	-18	1	-11	3	det1=true
[17926]	103	137	-46	-18	-9	-6	det1=true
[17927]	103	137	-52	-18	-9	6	det1=true
[17928]	107	137	-35	-3	-6	-10	det1=true
[17929]	107	137	-45	-3	-6	10	det1=true
[17930]	128	137	-48	-51	-2	-11	det1=true
[17931]	128	137	-59	-51	-2	11	det1=true
[17932]	137	137	-33	-30	-1	-13	det1=true
[17933]	137	137	-46	-30	-1	13	det1=true
[17934]	137	137	-13	2	-12	-7	det1=true
[17935]	137	137	-20	2	-12	7	det1=true
[17936]	74	138	-29	-22	-5	-8	det1=true
[17937]	74	138	-37	-22	-5	8	det1=true
[17938]	76	138	-22	5	-10	-2	det1=true
[17939]	120	138	-50	-17	-4	-11	det1=true
[17940]	120	138	-61	-17	-4	11	det1=true
[17941]	120	138	-54	-31	-4	11	det1=true
[17942]	73	139	-28	-22	-5	-8	det1=true
[17943]	78	139	0	1	-8	-7	det1=true
[17944]	78	139	-7	1	-8	7	det1=true
[17945]	89	139	-28	-13	-1	11	det1=true
[17946]	97	139	-30	-1	-11	-3	det1=true
[17947]	97	139	-33	-1	-11	3	det1=true
[17948]	121	139	-22	0	-12	-5	det1=true
[17949]	121	139	-27	0	-12	5	det1=true
[17950]	70	140	-14	-11	-4	-9	det1=true
[17951]	70	140	-23	-11	-4	9	det1=true
[17952]	73	140	-26	1	-4	-9	det1=true
[17953]	82	140	-35	-10	-10	-2	det1=true
[17954]	82	140	-37	-10	-10	2	det1=true
[17955]	113	140	-35	-31	-11	-4	det1=true
[17956]	113	140	-39	-31	-11	4	det1=true
[17957]	121	140	-46	-7	-2	-12	det1=true
[17958]	121	140	-58	-7	-2	12	det1=true
[17959]	37	137	-5	-3	-4	-6	det1=true
[17960]	37	137	-11	-3	-4	6	det1=true
[17961]	83	137	-32	-1	-9	-5	det1=true
[17962]	83	137	-37	-1	-9	5	det1=true
[17963]	91	137	0	2	-9	-7	det1=true
[17964]	91	137	-7	2	-9	7	det1=true
[17965]	91	137	1	1	-7	-9	det1=true
[17966]	91	137	-8	1	-7	9	det1=true
[17967]	93	137	-12	-1	-7	-9	det1=true
[17968]	93	137	-21	-1	-7	9	det1=true
[17969]	97	137	-38	-34	-5	-9	det1=true
[17970]	97	137	-47	-34	-5	9	det1=true
[17971]	104	137	-44	-27	-10	-4	det1=true
[17972]	104	137	-48	-27	-10	4	det1=true
[17973]	109	137	-43	-10	-3	-11	det1=true
[17974]	109	137	-54	-10	-3	11	det1=true
[17975]	129	137	-56	-29	-11	-4	det1=true
[17976]	129	137	-60	-29	-11	4	det1=true
[17977]	130	137	-35	-31	-11	-6	det1=true
[17978]	130	137	-41	-31	-11	6	det1=true
[17979]	137	137	-52	-36	-5	-11	det1=true
[17980]	137	137	-63	-36	-5	11	det1=true
[17981]	95	138	-36	-23	-8	-7	det1=true
[17982]	95	138	-43	-23	-8	7	det1=true
[17983]	112	138	-28	-9	-10	-7	det1=true
[17984]	112	138	-35	-9	-10	7	det1=true
[17985]	117	138	-53	4	-11	-4	det1=true
[17986]	117	138	-57	4	-11	4	det1=true
[17987]	122	138	-51	-41	-11	-2	det1=true
[17988]	122	138	-53	-41	-11	2	det1=true
[17989]	123	138	-57	-35	-11	-2	det1=true
[17990]	123	138	-59	-35	-11	2	det1=true
[17991]	126	138	-3	5	-10	-9	det1=true
[17992]	126	138	-12	5	-10	9	det1=true
[17993]	73	139	-36	-22	-5	8	det1=true
[17994]	78	139	-8	3	-8	7	det1=true
[17995]	90	139	-29	-16	-10	-4	det1=true
[17996]	90	139	-33	-16	-10	4	det1=true
[17997]	94	139	-31	-3	-11	-2	det1=true
[17998]	108	139	-37	-12	-6	-10	det1=true
[17999]	108	139	-47	-12	-6	10	det1=true
[18000]	110	139	-41	-1	-4	-11	det1=true
[18001]	110	139	-52	-1	-4	11	det1=true
[18002]	110	139	-37	-20	-11	-4	det1=true
[18003]	110	139	-41	-20	-11	4	det1=true
[18004]	125	139	-39	-16	-6	-11	det1=true
[18005]	125	139	-50	-16	-6	11	det1=true
[18006]	125	139	-9	-8	-3	-13	det1=true
[18007]	125	139	-22	-8	-3	13	det1=true
[18008]	126	139	-60	-59	-8	-6	det1=true
[18009]	126	139	-66	-59	-8	6	det1=true
[18010]	128	139	-57	-16	-12	2	det1=true
[18011]	129	139	-8	-3	-11	-8	det1=true
[18012]	129	139	-16	-3	-11	8	det1=true
[18013]	55	140	-19	-13	-8	-3	det1=true
[18014]	62	140	-9	-1	-8	-5	det1=true
[18015]	62	140	-14	-1	-8	5	det1=true
[18016]	85	140	-39	-26	-9	-4	det1=true
[18017]	85	140	-43	-26	-9	4	det1=true
[18018]	99	140	-25	2	-11	-4	det1=true
[18019]	99	140	-29	2	-11	4	det1=true
[18020]	104	140	-49	-4	-11	-2	det1=true
[18021]	104	140	-51	-4	-11	2	det1=true
[18022]	105	140	-41	-35	-9	-6	det1=true
[18023]	105	140	-47	-35	-9	6	det1=true
[18024]	113	140	-33	-19	-8	-9	det1=true
[18025]	113	140	-42	-19	-8	9	det1=true
[18026]	136	140	-53	-24	-11	-6	det1=true
[18027]	136	140	-59	-24	-11	6	det1=true
[18028]	37	137	-10	-2	-6	4	det1=true
[18029]	52	137	-20	-5	-2	-8	det1=true
[18030]	52	137	-28	-5	-2	8	det1=true
[18031]	53	137	-8	-4	-5	-7	det1=true
[18032]	53	137	-15	-4	-5	7	det1=true
[18033]	65	137	-24	-15	-1	-9	det1=true
[18034]	65	137	-33	-15	-1	9	det1=true
[18035]	85	137	-18	4	-9	-6	det1=true
[18036]	93	137	-26	-1	-11	-2	det1=true
[18037]	93	137	-28	-1	-11	2	det1=true
[18038]	100	137	-44	-9	-6	-9	det1=true
[18039]	100	137	-53	-9	-6	9	det1=true
[18040]	100	137	-21	2	-6	-10	det1=true
[18041]	100	137	-31	2	-6	10	det1=true
[18042]	105	137	-40	-32	-9	-6	det1=true
[18043]	105	137	-46	-32	-9	6	det1=true
[18044]	119	137	-49	-28	-7	-9	det1=true
[18045]	123	137	-62	-6	-11	4	det1=true
[18046]	127	137	-53	-39	-11	-3	det1=true
[18047]	127	137	-56	-39	-11	3	det1=true
[18048]	134	137	-70	-53	-4	10	det1=true
[18049]	134	137	-59	-17	-8	-9	det1=true
[18050]	135	137	-59	-51	-1	-11	det1=true
[18051]	135	137	-70	-51	-1	11	det1=true
[18052]	70	138	-30	-5	-8	-5	det1=true
[18053]	70	138	-35	-5	-8	5	det1=true
[18054]	76	138	-19	-15	-1	-10	det1=true
[18055]	84	138	-17	2	-4	-10	det1=true
[18056]	84	138	-27	2	-4	10	det1=true
[18057]	100	138	-41	-22	-4	-10	det1=true
[18058]	100	138	-51	-22	-4	10	det1=true
[18059]	108	138	-10	-5	-12	-3	det1=true
[18060]	108	138	-13	-5	-12	3	det1=true
[18061]	130	138	-11	5	-11	-8	det1=true
[18062]	130	138	-19	5	-11	8	det1=true
[18063]	133	138	-25	-4	-13	4	det1=true
[18064]	134	138	-57	-38	-11	-4	det1=true
[18065]	134	138	-61	-38	-11	4	det1=true
[18066]	138	138	-25	-24	-9	-10	det1=true
[18067]	20	139	1	1	-2	-5	det1=true
[18068]	20	139	-4	1	-2	5	det1=true
[18069]	51	139	-20	-16	-7	-4	det1=true
[18070]	51	139	-24	-16	-7	4	det1=true
[18071]	59	139	-8	1	-9	2	det1=true
[18072]	71	139	-35	-23	-9	-1	det1=true
[18073]	71	139	-36	-23	-9	1	det1=true
[18074]	84	139	-34	-13	-2	-10	det1=true
[18075]	84	139	-44	-13	-2	10	det1=true
[18076]	89	139	-17	-13	-1	-11	det1=true
[18077]	91	139	-37	-22	-10	-3	det1=true
[18078]	91	139	-40	-22	-10	3	det1=true
[18079]	94	139	-33	-3	-11	2	det1=true
[18080]	103	139	-28	-25	-7	-9	det1=true
[18081]	103	139	-37	-25	-7	9	det1=true
[18082]	106	139	-18	3	-10	-7	det1=true
[18083]	107	139	-43	-7	-3	-11	det1=true
[18084]	107	139	-54	-7	-3	11	det1=true
[18085]	107	139	-32	-20	-10	-6	det1=true
[18086]	107	139	-38	-20	-10	6	det1=true
[18087]	113	139	-32	-18	-3	12	det1=true
[18088]	120	139	-20	-15	-10	-8	det1=true
[18089]	120	139	-28	-15	-10	8	det1=true
[18090]	127	139	-42	-3	-7	11	det1=true
[18091]	130	139	-57	-54	-10	-4	det1=true
[18092]	130	139	-61	-54	-10	4	det1=true
[18093]	133	139	-58	-43	-9	-7	det1=true
[18094]	133	139	-65	-43	-9	7	det1=true
[18095]	137	139	-18	-4	-12	-7	det1=true
[18096]	137	139	-25	-4	-12	7	det1=true
[18097]	138	139	-59	-16	-3	-12	det1=true
[18098]	138	139	-71	-16	-3	12	det1=true
[18099]	55	140	-22	-13	-8	3	det1=true
[18100]	67	140	-5	-2	-9	-4	det1=true
[18101]	81	140	-12	-1	-10	-4	det1=true
[18102]	81	140	-16	-1	-10	4	det1=true
[18103]	104	140	-26	-21	-6	-10	det1=true
[18104]	104	140	-36	-21	-6	10	det1=true
[18105]	106	140	-26	-25	-4	-11	det1=true
[18106]	106	140	-37	-25	-4	11	det1=true
[18107]	107	140	-51	-12	-11	-2	det1=true
[18108]	111	140	-31	-31	-4	-11	det1=true
[18109]	111	140	-42	-31	-4	11	det1=true
[18110]	115	140	-44	-23	-6	-10	det1=true
[18111]	115	140	-54	-23	-6	10	det1=true
[18112]	115	140	-43	2	-9	-8	det1=true
[18113]	115	140	-51	2	-9	8	det1=true
[18114]	118	140	-37	-3	-3	-12	det1=true
[18115]	118	140	-49	-3	-3	12	det1=true
[18116]	126	140	-68	-41	-2	11	det1=true
[18117]	129	140	-51	-5	-11	-6	det1=true
[18118]	129	140	-57	-5	-11	6	det1=true
[18119]	137	140	-33	-9	-13	-4	det1=true
[18120]	12	137	-1	-2	-1	-4	det1=true
[18121]	12	137	-5	-2	-1	4	det1=true
[18122]	21	137	-7	-2	-2	-5	det1=true
[18123]	21	137	-12	-2	-2	5	det1=true
[18124]	48	137	-7	4	-8	-2	det1=true
[18125]	48	137	-9	4	-8	2	det1=true
[18126]	48	137	-4	1	-2	-8	det1=true
[18127]	48	137	-12	1	-2	8	det1=true
[18128]	57	137	-16	-16	-5	-7	det1=true
[18129]	57	137	-23	-16	-5	7	det1=true
[18130]	63	137	-11	-2	-8	5	det1=true
[18131]	84	137	-18	-11	-8	-7	det1=true
[18132]	84	137	-25	-11	-8	7	det1=true
[18133]	86	137	-27	3	-7	-8	det1=true
[18134]	86	137	-35	3	-7	8	det1=true
[18135]	93	137	-27	-1	-1	-11	det1=true
[18136]	93	137	-38	-1	-1	11	det1=true
[18137]	98	137	-48	-21	-8	7	det1=true
[18138]	111	137	-29	-12	-10	7	det1=true
[18139]	119	137	-57	-40	-2	11	det1=true
[18140]	122	137	-33	-8	-10	8	det1=true
[18141]	123	137	-21	-4	-13	-1	det1=true
[18142]	123	137	-22	-4	-13	1	det1=true
[18143]	124	137	-50	-29	-10	-6	det1=true
[18144]	124	137	-56	-29	-10	6	det1=true
[18145]	125	137	-22	-6	-7	-11	det1=true
[18146]	125	137	-33	-6	-7	11	det1=true
[18147]	131	137	-30	-6	-2	-13	det1=true
[18148]	131	137	-43	-6	-2	13	det1=true
[18149]	131	137	-27	-3	-13	-3	det1=true
[18150]	131	137	-30	-3	-13	3	det1=true
[18151]	134	137	-68	-17	-8	9	det1=true
[18152]	134	137	-55	-27	-9	-8	det1=true
[18153]	134	137	-63	-27	-9	8	det1=true
[18154]	136	137	-62	-23	-12	-1	det1=true
[18155]	136	137	-63	-23	-12	1	det1=true
[18156]	21	138	-7	-5	-5	-2	det1=true
[18157]	21	138	-9	-5	-5	2	det1=true
[18158]	30	138	-9	-7	-4	-5	det1=true
[18159]	30	138	-14	-7	-4	5	det1=true
[18160]	76	138	-29	-15	-1	10	det1=true
[18161]	82	138	-7	-6	-4	-10	det1=true
[18162]	90	138	-41	-2	-4	10	det1=true
[18163]	91	138	-31	-14	-10	-4	det1=true
[18164]	91	138	-35	-14	-10	4	det1=true
[18165]	120	138	-43	-31	-4	-11	det1=true
[18166]	127	138	-56	-23	-4	-11	det1=true
[18167]	127	138	-67	-23	-4	11	det1=true
[18168]	129	138	-32	-23	-8	-10	det1=true
[18169]	131	138	-56	-55	-4	-10	det1=true
[18170]	131	138	-66	-55	-4	10	det1=true
[18171]	133	138	-46	-3	-8	-10	det1=true
[18172]	134	138	-61	-3	-10	-7	det1=true
[18173]	134	138	-68	-3	-10	7	det1=true
[18174]	138	138	-31	-9	-13	-4	det1=true
[18175]	138	138	-35	-9	-13	4	det1=true
[18176]	41	139	-13	0	-7	3	det1=true
[18177]	48	139	-20	-15	-6	-5	det1=true
[18178]	48	139	-25	-15	-6	5	det1=true
[18179]	59	139	-6	1	-9	-2	det1=true
[18180]	64	139	-19	-13	-7	-6	det1=true
[18181]	64	139	-25	-13	-7	6	det1=true
[18182]	91	139	-27	-9	-11	-1	det1=true
[18183]	91	139	-28	-9	-11	1	det1=true
[18184]	94	139	-35	-31	-10	-3	det1=true
[18185]	94	139	-38	-31	-10	3	det1=true
[18186]	104	139	-34	-3	-10	-6	det1=true
[18187]	104	139	-40	-3	-10	6	det1=true
[18188]	105	139	-52	-7	-11	-1	det1=true
[18189]	105	139	-53	-7	-11	1	det1=true
[18190]	109	139	-25	-13	-5	-11	det1=true
[18191]	109	139	-36	-13	-5	11	det1=true
[18192]	115	139	-49	-36	-1	-11	det1=true
[18193]	115	139	-60	-36	-1	11	det1=true
[18194]	119	139	-52	-17	-11	-4	det1=true
[18195]	119	139	-56	-17	-11	4	det1=true
[18196]	119	139	-47	2	-8	-9	det1=true
[18197]	119	139	-56	2	-8	9	det1=true
[18198]	128	139	-55	-16	-12	-2	det1=true
[18199]	129	139	-16	2	-13	4	det1=true
[18200]	130	139	-45	-47	-4	-11	det1=true
[18201]	130	139	-56	-47	-4	11	det1=true
[18202]	133	139	-53	-32	-8	-9	det1=true
[18203]	133	139	-62	-32	-8	9	det1=true
[18204]	133	139	-42	-2	-13	-2	det1=true
[18205]	133	139	-44	-2	-13	2	det1=true
[18206]	62	140	-19	-4	-7	-6	det1=true
[18207]	62	140	-25	-4	-7	6	det1=true
[18208]	74	140	-24	3	-6	-8	det1=true
[18209]	76	140	-37	-28	-9	-2	det1=true
[18210]	76	140	-39	-28	-9	2	det1=true
[18211]	77	140	-24	-9	-10	-2	det1=true
[18212]	77	140	-26	-9	-10	2	det1=true
[18213]	77	140	-20	-13	-2	-10	det1=true
[18214]	111	140	-47	1	-11	-4	det1=true
[18215]	111	140	-51	1	-11	4	det1=true
[18216]	37	137	-6	-2	-6	-4	det1=true
[18217]	39	137	-14	-3	-7	-2	det1=true
[18218]	43	137	-16	-2	-7	-3	det1=true
[18219]	43	137	-19	-2	-7	3	det1=true
[18220]	48	137	-10	-11	-4	-7	det1=true
[18221]	48	137	-17	-11	-4	7	det1=true
[18222]	63	137	-6	-2	-8	-5	det1=true
[18223]	69	137	-22	-10	-3	-9	det1=true
[18224]	69	137	-31	-10	-3	9	det1=true
[18225]	77	137	-30	-27	-5	-8	det1=true
[18226]	77	137	-38	-27	-5	8	det1=true
[18227]	97	137	-21	-11	-9	-7	det1=true
[18228]	97	137	-28	-11	-9	7	det1=true
[18229]	98	137	-41	-13	-2	11	det1=true
[18230]	106	137	-42	-31	-6	-9	det1=true
[18231]	106	137	-51	-31	-6	9	det1=true
[18232]	112	137	-28	-3	-2	-12	det1=true
[18233]	112	137	-40	-3	-2	12	det1=true
[18234]	119	137	-46	-40	-2	-11	det1=true
[18235]	119	137	-30	-33	-1	-12	det1=true
[18236]	119	137	-42	-33	-1	12	det1=true
[18237]	122	137	-25	-8	-10	-8	det1=true
[18238]	124	137	-54	-19	-6	-10	det1=true
[18239]	124	137	-64	-19	-6	10	det1=true
[18240]	125	137	-31	-9	-10	-8	det1=true
[18241]	125	137	-39	-9	-10	8	det1=true
[18242]	128	137	-63	-54	-10	-2	det1=true
[18243]	128	137	-65	-54	-10	2	det1=true
[18244]	134	137	-60	-53	-4	-10	det1=true
[18245]	135	137	-56	-19	-7	-10	det1=true
[18246]	135	137	-66	-19	-7	10	det1=true
[18247]	46	138	-7	-3	-7	-4	det1=true
[18248]	57	138	-26	-21	-8	-2	det1=true
[18249]	57	138	-28	-21	-8	2	det1=true
[18250]	62	138	-13	-9	-6	-7	det1=true
[18251]	62	138	-20	-9	-6	7	det1=true
[18252]	62	138	-12	-11	-2	-9	det1=true
[18253]	62	138	-21	-11	-2	9	det1=true
[18254]	74	138	-17	-7	-1	-10	det1=true
[18255]	74	138	-27	-7	-1	10	det1=true
[18256]	82	138	-17	-6	-4	10	det1=true
[18257]	84	138	-20	5	-10	-4	det1=true
[18258]	90	138	-31	-2	-4	-10	det1=true
[18259]	108	138	-23	-11	-10	7	det1=true
[18260]	114	138	-34	1	-12	3	det1=true
[18261]	119	138	-37	-11	-12	-3	det1=true
[18262]	119	138	-40	-11	-12	3	det1=true
[18263]	120	138	-44	-1	-10	-7	det1=true
[18264]	120	138	-51	-1	-10	7	det1=true
[18265]	120	138	-39	-25	-1	-12	det1=true
[18266]	120	138	-51	-25	-1	12	det1=true
[18267]	126	138	-58	-3	-12	-1	det1=true
[18268]	126	138	-59	-3	-12	1	det1=true
[18269]	129	138	-42	-23	-8	10	det1=true
[18270]	45	139	-5	4	-8	-1	det1=true
[18271]	45	139	-6	4	-8	1	det1=true
[18272]	59	139	-4	0	-7	-6	det1=true
[18273]	59	139	-10	0	-7	6	det1=true
[18274]	64	139	-21	-12	-9	-2	det1=true
[18275]	64	139	-23	-12	-9	2	det1=true
[18276]	74	139	-27	-8	-9	-4	det1=true
[18277]	74	139	-31	-8	-9	4	det1=true
[18278]	78	139	-1	3	-8	-7	det1=true
[18279]	85	139	-9	-1	-11	-1	det1=true
[18280]	85	139	-10	-1	-11	1	det1=true
[18281]	87	139	-43	-18	-10	-1	det1=true
[18282]	97	139	-25	-29	-1	-11	det1=true
[18283]	97	139	-36	-29	-1	11	det1=true
[18284]	98	139	-42	-13	-6	-9	det1=true
[18285]	98	139	-51	-13	-6	9	det1=true
[18286]	101	139	-28	1	-11	-4	det1=true
[18287]	113	139	-20	-18	-3	-12	det1=true
[18288]	127	139	-31	-3	-7	-11	det1=true
[18289]	129	139	-12	2	-13	-4	det1=true
[18290]	129	139	-10	1	-11	-8	det1=true
[18291]	129	139	-18	1	-11	8	det1=true
[18292]	132	139	-39	-7	-13	-2	det1=true
[18293]	132	139	-41	-7	-13	2	det1=true
[18294]	67	140	-9	-2	-9	4	det1=true
[18295]	71	140	-11	-3	-1	-10	det1=true
[18296]	71	140	-21	-3	-1	10	det1=true
[18297]	78	140	-30	-19	-4	-9	det1=true
[18298]	107	140	-16	-17	-2	-12	det1=true
[18299]	107	140	-28	-17	-2	12	det1=true
[18300]	119	140	-45	-31	-11	-4	det1=true
[18301]	121	140	-51	-1	-9	-8	det1=true
[18302]	121	140	-59	-1	-9	8	det1=true
[18303]	125	140	-65	-27	-4	11	det1=true
[18304]	130	140	-58	3	-12	-3	det1=true
[18305]	130	140	-61	3	-12	3	det1=true
[18306]	130	140	-49	-11	-6	-11	det1=true
[18307]	130	140	-60	-11	-6	11	det1=true
[18308]	131	140	-43	-29	-11	-6	det1=true
[18309]	131	140	-49	-29	-11	6	det1=true
[18310]	139	140	-17	-4	-1	-14	det1=true
[18311]	139	140	-31	-4	-1	14	det1=true
[18312]	29	137	-3	-2	-4	-5	det1=true
[18313]	63	137	-22	-12	-9	-1	det1=true
[18314]	63	137	-23	-12	-9	1	det1=true
[18315]	79	137	-36	-5	-9	-4	det1=true
[18316]	96	137	-37	-22	-7	-8	det1=true
[18317]	98	137	-41	-21	-8	-7	det1=true
[18318]	98	137	-30	-13	-2	-11	det1=true
[18319]	103	137	-10	0	-8	-9	det1=true
[18320]	103	137	-19	0	-8	9	det1=true
[18321]	103	137	-5	-2	-5	-11	det1=true
[18322]	103	137	-16	-2	-5	11	det1=true
[18323]	111	137	-46	-40	-8	-7	det1=true
[18324]	111	137	-14	-11	-3	-12	det1=true
[18325]	111	137	-26	-11	-3	12	det1=true
[18326]	117	137	-13	-1	-10	-8	det1=true
[18327]	117	137	-21	-1	-10	8	det1=true
[18328]	119	137	-58	-28	-7	9	det1=true
[18329]	125	137	-59	-52	-9	-5	det1=true
[18330]	125	137	-64	-52	-9	5	det1=true
[18331]	137	137	-52	-20	-1	13	det1=true
[18332]	46	138	-11	-3	-7	4	det1=true
[18333]	97	138	-13	-1	-11	-4	det1=true
[18334]	97	138	-17	-1	-11	4	det1=true
[18335]	108	138	-16	-11	-10	-7	det1=true
[18336]	110	138	-39	-14	-11	-4	det1=true
[18337]	110	138	-43	-14	-11	4	det1=true
[18338]	114	138	-31	1	-12	-3	det1=true
[18339]	119	138	-48	-19	-4	-11	det1=true
[18340]	119	138	-59	-19	-4	11	det1=true
[18341]	119	138	-38	-21	-12	-2	det1=true
[18342]	119	138	-40	-21	-12	2	det1=true
[18343]	129	138	-33	-22	-10	-8	det1=true
[18344]	133	138	-21	-4	-13	-4	det1=true
[18345]	137	138	-57	-11	-11	-6	det1=true
[18346]	137	138	-63	-11	-11	6	det1=true
[18347]	47	139	-13	-4	-4	-7	det1=true
[18348]	47	139	-20	-4	-4	7	det1=true
[18349]	74	139	-29	-31	-2	-9	det1=true
[18350]	74	139	-38	-31	-2	9	det1=true
[18351]	87	139	-14	-5	-1	-11	det1=true
[18352]	87	139	-25	-5	-1	11	det1=true
[18353]	93	139	-38	-15	-7	-8	det1=true
[18354]	101	139	-32	1	-11	4	det1=true
[18355]	121	139	-52	-50	-7	-8	det1=true
[18356]	123	139	-44	-24	-12	-2	det1=true
[18357]	123	139	-46	-24	-12	2	det1=true
[18358]	129	139	-28	-21	-1	-13	det1=true
[18359]	129	139	-41	-21	-1	13	det1=true
[18360]	136	139	-49	-27	-6	-11	det1=true
[18361]	136	139	-60	-27	-6	11	det1=true
[18362]	137	139	-53	-38	-5	-11	det1=true
[18363]	137	139	-64	-38	-5	11	det1=true
[18364]	85	140	-23	0	-9	-6	det1=true
[18365]	85	140	-29	0	-9	6	det1=true
[18366]	107	140	-53	-12	-11	2	det1=true
[18367]	108	140	-36	-19	-10	-6	det1=true
[18368]	108	140	-42	-19	-10	6	det1=true
[18369]	111	140	-23	-11	-12	-3	det1=true
[18370]	111	140	-26	-11	-12	3	det1=true
[18371]	113	140	-23	-5	-11	-6	det1=true
[18372]	113	140	-29	-5	-11	6	det1=true
[18373]	114	140	-49	-42	-4	-10	det1=true
[18374]	114	140	-59	-42	-4	10	det1=true
[18375]	115	140	-49	-14	-11	-4	det1=true
[18376]	115	140	-53	-14	-11	4	det1=true
[18377]	128	140	-23	-21	-2	-13	det1=true
[18378]	128	140	-36	-21	-2	13	det1=true
[18379]	140	140	-63	-42	-11	-4	det1=true
[18380]	140	140	-67	-42	-11	4	det1=true
[18381]	25	137	-11	-1	-5	-3	det1=true
[18382]	73	137	-17	-1	-8	-6	det1=true
[18383]	91	137	-33	-28	-9	-5	det1=true
[18384]	91	137	-38	-28	-9	5	det1=true
[18385]	111	137	-48	2	-7	-9	det1=true
[18386]	111	137	-57	2	-7	9	det1=true
[18387]	122	137	-49	-23	-4	-11	det1=true
[18388]	122	137	-60	-23	-4	11	det1=true
[18389]	131	137	-21	-24	-2	-13	det1=true
[18390]	81	138	-30	-19	-10	-1	det1=true
[18391]	81	138	-31	-19	-10	1	det1=true
[18392]	100	138	-23	-2	-11	-4	det1=true
[18393]	125	138	-38	-15	-6	-11	det1=true
[18394]	129	138	-41	-22	-10	8	det1=true
[18395]	134	138	-41	-33	-6	-11	det1=true
[18396]	134	138	-52	-33	-6	11	det1=true
[18397]	41	139	-10	0	-7	-3	det1=true
[18398]	116	139	-41	-9	-8	-9	det1=true
[18399]	116	139	-50	-9	-8	9	det1=true
[18400]	119	139	-54	-22	-3	-11	det1=true
[18401]	119	139	-65	-22	-3	11	det1=true
[18402]	127	139	-45	-31	-5	-11	det1=true
[18403]	127	139	-56	-31	-5	11	det1=true
[18404]	129	139	-31	-16	-11	-7	det1=true
[18405]	129	139	-38	-16	-11	7	det1=true
[18406]	134	139	-55	-31	-9	-8	det1=true
[18407]	134	139	-63	-31	-9	8	det1=true
[18408]	68	140	-9	-6	-9	-4	det1=true
[18409]	68	140	-13	-6	-9	4	det1=true
[18410]	73	140	-28	-31	-2	-9	det1=true
[18411]	73	140	-37	-31	-2	9	det1=true
[18412]	78	140	-39	-19	-4	9	det1=true
[18413]	99	140	-32	-21	-2	-11	det1=true
[18414]	99	140	-43	-21	-2	11	det1=true
[18415]	102	140	-47	3	-11	-2	det1=true
[18416]	102	140	-49	3	-11	2	det1=true
[18417]	108	140	-34	-19	-4	-11	det1=true
[18418]	108	140	-45	-19	-4	11	det1=true
[18419]	125	140	-54	-27	-4	-11	det1=true
[18420]	127	140	-45	-11	-6	-11	det1=true
[18421]	127	140	-56	-11	-6	11	det1=true
[18422]	132	140	-59	-35	-11	-4	det1=true
[18423]	132	140	-63	-35	-11	4	det1=true
[18424]	132	140	-58	-11	-12	-3	det1=true
[18425]	29	137	-8	-2	-4	5	det1=true
[18426]	39	137	-16	-3	-7	2	det1=true
[18427]	73	137	-23	-1	-8	6	det1=true
[18428]	96	137	-45	-22	-7	8	det1=true
[18429]	109	137	-44	-8	-7	-9	det1=true
[18430]	109	137	-53	-8	-7	9	det1=true
[18431]	119	137	-3	3	-13	-1	det1=true
[18432]	121	137	-2	5	-13	-2	det1=true
[18433]	121	137	-4	5	-13	2	det1=true
[18434]	122	137	-47	-4	-1	-12	det1=true
[18435]	122	137	-59	-4	-1	12	det1=true
[18436]	128	137	-41	-34	-12	-2	det1=true
[18437]	128	137	-43	-34	-12	2	det1=true
[18438]	129	137	-63	-58	-10	-1	det1=true
[18439]	129	137	-64	-58	-10	1	det1=true
[18440]	137	137	-39	-20	-1	-13	det1=true
[18441]	46	138	-7	-1	-1	-8	det1=true
[18442]	46	138	-15	-1	-1	8	det1=true
[18443]	100	138	-27	-2	-11	4	det1=true
[18444]	102	138	-9	1	-8	-9	det1=true
[18445]	102	138	-18	1	-8	9	det1=true
[18446]	85	139	-27	-4	-8	-7	det1=true
[18447]	93	139	-42	-2	-8	-7	det1=true
[18448]	93	139	-49	-2	-8	7	det1=true
[18449]	100	139	-44	-21	-10	-4	det1=true
[18450]	100	139	-48	-21	-10	4	det1=true
[18451]	119	139	-49	-22	-8	9	det1=true
[18452]	122	139	-55	-46	-10	-4	det1=true
[18453]	122	139	-59	-46	-10	4	det1=true
[18454]	139	139	-24	0	-13	-5	det1=true
[18455]	125	140	-47	-39	-11	-4	det1=true
[18456]	128	140	-7	-3	-8	-11	det1=true
[18457]	128	140	-18	-3	-8	11	det1=true
[18458]	132	140	-39	-14	-5	-12	det1=true
[18459]	132	140	-51	-14	-5	12	det1=true
[18460]	135	140	-31	-12	-9	-10	det1=true
[18461]	135	140	-41	-12	-9	10	det1=true
[18462]	41	137	-6	1	-7	-3	det1=true
[18463]	41	137	-9	1	-7	3	det1=true
[18464]	68	137	-20	-23	-2	-9	det1=true
[18465]	68	137	-29	-23	-2	9	det1=true
[18466]	69	137	-28	4	-8	-5	det1=true
[18467]	69	137	-33	4	-8	5	det1=true
[18468]	93	137	-11	-3	-3	-11	det1=true
[18469]	93	137	-22	-3	-3	11	det1=true
[18470]	126	137	-25	2	-13	-2	det1=true
[18471]	126	137	-27	2	-13	2	det1=true
[18472]	133	137	-28	-11	-13	-3	det1=true
[18473]	133	137	-31	-11	-13	3	det1=true
[18474]	98	138	-37	-5	-11	-2	det1=true
[18475]	98	138	-39	-5	-11	2	det1=true
[18476]	77	139	-14	0	-10	-3	det1=true
[18477]	77	139	-17	0	-10	3	det1=true
[18478]	103	139	-33	-18	-7	-9	det1=true
[18479]	136	139	-61	-23	-8	-9	det1=true
[18480]	136	139	-70	-23	-8	9	det1=true
[18481]	30	140	-12	-11	-2	-6	det1=true
[18482]	30	140	-18	-11	-2	6	det1=true
[18483]	109	140	-9	-1	-6	-11	det1=true
[18484]	109	140	-20	-1	-6	11	det1=true
[18485]	129	140	-13	-2	-11	-8	det1=true
[18486]	129	140	-21	-2	-11	8	det1=true
[18487]	134	140	-29	-12	-9	-10	det1=true
[18488]	134	140	-39	-12	-9	10	det1=true
[18489]	99	138	-40	-21	-4	-10	det1=true
[18490]	99	138	-50	-21	-4	10	det1=true
[18491]	119	139	-40	-22	-8	-9	det1=true
[18492]	121	139	-60	-50	-7	8	det1=true
[18493]	139	139	-51	-3	-11	-7	det1=true
[18494]	128	140	-53	-23	-8	-9	det1=true
[18495]	128	140	-62	-23	-8	9	det1=true
[18496]	65	137	-25	-13	-1	-9	det1=true
[18497]	65	137	-34	-13	-1	9	det1=true
[18498]	73	137	-12	-10	-6	-8	det1=true
[18499]	73	137	-20	-10	-6	8	det1=true
[18500]	109	137	-46	-34	-10	-4	det1=true
[18501]	109	137	-50	-34	-10	4	det1=true
[18502]	81	138	-31	-14	-1	-10	det1=true
[18503]	84	138	-37	-12	-1	-10	det1=true
[18504]	84	138	-47	-12	-1	10	det1=true
[18505]	104	138	-11	0	-12	-2	det1=true
[18506]	104	138	-13	0	-12	2	det1=true
[18507]	138	138	-67	-44	-11	-2	det1=true
[18508]	138	138	-59	-30	-9	-8	det1=true
[18509]	138	138	-67	-30	-9	8	det1=true
[18510]	48	139	-19	1	-7	-4	det1=true
[18511]	75	139	-14	3	-9	-5	det1=true
[18512]	75	139	-19	3	-9	5	det1=true
[18513]	106	139	-20	-5	-12	-2	det1=true
[18514]	133	139	-57	-44	-7	-9	det1=true
[18515]	133	139	-66	-44	-7	9	det1=true
[18516]	139	139	-31	-22	-10	-9	det1=true
[18517]	139	139	-40	-22	-10	9	det1=true
[18518]	121	137	-40	-16	-2	-12	det1=true
[18519]	121	137	-52	-16	-2	12	det1=true
[18520]	81	138	-41	-14	-1	10	det1=true
[18521]	115	138	-25	-23	-7	-10	det1=true
[18522]	115	138	-35	-23	-7	10	det1=true
[18523]	127	140	-1	-1	-4	-13	det1=true
[18524]	99	138	-43	-18	-10	-4	det1=true
[18525]	99	138	-47	-18	-10	4	det1=true
[18526]	90	140	-32	-5	-6	-9	det1=true
[18527]	90	140	-41	-5	-6	9	det1=true
[18528]	126	140	-59	-40	-11	-2	det1=true
[18529]	126	140	-61	-40	-11	2	det1=true
[18530]	100	137	-32	-17	-2	-11	det1=true
[18531]	76	139	-9	1	-10	-3	det1=true
[18532]	106	139	-15	-10	-2	-12	det1=true
[18533]	82	140	-31	-14	-2	-10	det1=true
[18534]	82	140	-41	-14	-2	10	det1=true
[18535]	119	140	-56	-49	-10	-3	det1=true
[18536]	119	140	-59	-49	-10	3	det1=true
[18537]	134	140	-39	-21	-5	-12	det1=true
[18538]	134	140	-51	-21	-5	12	det1=true
[18539]	109	139	-33	-6	-12	-1	det1=true
[18540]	109	139	-34	-6	-12	1	det1=true
[18541]	139	139	-40	-36	-10	-8	det1=true
[18542]	139	139	-48	-36	-10	8	det1=true
[18543]	134	139	-50	-11	-4	-12	det1=true
[18544]	134	139	-62	-11	-4	12	det1=true
[18545]	92	137	-35	-36	-1	-10	det1=true
[18546]	92	137	-45	-36	-1	10	det1=true
[18547]	104	138	-29	-11	-11	-4	det1=true
[18548]	137	140	-63	-35	-4	-11	det1=true
[18549]	103	137	-26	2	-4	-11	det1=true
[18550]	84	141	-37	-10	-2	-10	det1=true
[18551]	140	141	-47	-23	-13	-2	det1=true
[18552]	140	141	-49	-23	-13	2	det1=true
[18553]	141	141	-41	2	-8	-11	det1=true
[18554]	141	141	-52	2	-8	11	det1=true
[18555]	142	142	-53	-47	-10	-7	det1=true
[18556]	142	142	-60	-47	-10	7	det1=true
[18557]	45	143	-11	2	-4	-7	det1=true
[18558]	45	143	-18	2	-4	7	det1=true
[18559]	101	143	-45	-14	-1	-11	det1=true
[18560]	101	143	-56	-14	-1	11	det1=true
[18561]	134	143	-57	-27	-12	-3	det1=true
[18562]	134	143	-60	-27	-12	3	det1=true
[18563]	137	143	-63	-48	-3	-11	det1=true
[18564]	137	143	-74	-48	-3	11	det1=true
[18565]	137	143	-54	-43	-5	-11	det1=true
[18566]	137	143	-65	-43	-5	11	det1=true
[18567]	98	144	-43	-42	-2	-10	det1=true
[18568]	130	144	-42	-25	-10	-8	det1=true
[18569]	38	141	-10	-9	-2	-7	det1=true
[18570]	38	141	-17	-9	-2	7	det1=true
[18571]	77	141	-34	-26	-3	-9	det1=true
[18572]	77	141	-43	-26	-3	9	det1=true
[18573]	78	141	-31	-5	-1	-10	det1=true
[18574]	78	141	-41	-5	-1	10	det1=true
[18575]	81	141	-21	4	-8	-7	det1=true
[18576]	81	141	-28	4	-8	7	det1=true
[18577]	84	141	-33	-22	-10	-2	det1=true
[18578]	84	141	-35	-22	-10	2	det1=true
[18579]	102	142	-47	-9	-11	-2	det1=true
[18580]	102	142	-49	-9	-11	2	det1=true
[18581]	110	142	-37	4	-12	-2	det1=true
[18582]	115	142	-21	4	-10	-8	det1=true
[18583]	23	143	-3	-1	-5	-3	det1=true
[18584]	23	143	-6	-1	-5	3	det1=true
[18585]	67	143	-26	-21	-7	-6	det1=true
[18586]	67	143	-32	-21	-7	6	det1=true
[18587]	89	143	-12	1	-7	-9	det1=true
[18588]	89	143	-21	1	-7	9	det1=true
[18589]	97	143	-28	-18	-11	-3	det1=true
[18590]	116	143	-26	-15	-10	8	det1=true
[18591]	139	143	-28	-12	-7	-12	det1=true
[18592]	139	143	-40	-12	-7	12	det1=true
[18593]	83	141	-37	-20	-10	-1	det1=true
[18594]	83	141	-38	-20	-10	1	det1=true
[18595]	91	141	-45	-28	-10	-1	det1=true
[18596]	91	141	-46	-28	-10	1	det1=true
[18597]	93	141	-36	-16	-4	-10	det1=true
[18598]	93	141	-46	-16	-4	10	det1=true
[18599]	99	141	-37	-24	-11	-1	det1=true
[18600]	99	141	-38	-24	-11	1	det1=true
[18601]	109	141	-52	-25	-11	-1	det1=true
[18602]	109	141	-53	-25	-11	1	det1=true
[18603]	109	141	-38	-20	-11	-4	det1=true
[18604]	109	141	-42	-20	-11	4	det1=true
[18605]	122	141	-49	-33	-11	-4	det1=true
[18606]	122	141	-53	-33	-11	4	det1=true
[18607]	126	141	-26	-11	-2	-13	det1=true
[18608]	129	141	-52	-24	-10	-7	det1=true
[18609]	129	141	-59	-24	-10	7	det1=true
[18610]	135	141	-52	6	-13	-1	det1=true
[18611]	135	141	-53	6	-13	1	det1=true
[18612]	135	141	-49	-11	-13	-1	det1=true
[18613]	135	141	-50	-11	-13	1	det1=true
[18614]	44	142	-12	-11	-6	-5	det1=true
[18615]	55	142	-23	-8	-3	-8	det1=true
[18616]	107	142	-45	-46	-3	-10	det1=true
[18617]	130	142	-53	1	-6	-11	det1=true
[18618]	130	142	-64	1	-6	11	det1=true
[18619]	133	142	-33	-6	-9	-10	det1=true
[18620]	133	142	-43	-6	-9	10	det1=true
[18621]	136	142	-65	-22	-12	-2	det1=true
[18622]	136	142	-67	-22	-12	2	det1=true
[18623]	95	143	-38	-15	-11	-1	det1=true
[18624]	103	143	-25	-13	-2	12	det1=true
[18625]	113	143	-41	-37	-7	-9	det1=true
[18626]	113	143	-50	-37	-7	9	det1=true
[18627]	116	143	-18	-15	-10	-8	det1=true
[18628]	119	143	-23	-19	-8	-10	det1=true
[18629]	119	143	-33	-19	-8	10	det1=true
[18630]	123	143	-38	-2	-8	-10	det1=true
[18631]	123	143	-48	-2	-8	10	det1=true
[18632]	124	143	-45	-32	-12	-2	det1=true
[18633]	124	143	-47	-32	-12	2	det1=true
[18634]	136	143	-19	-15	-7	-12	det1=true
[18635]	136	143	-31	-15	-7	12	det1=true
[18636]	138	143	-29	7	-14	-1	det1=true
[18637]	138	143	-30	7	-14	1	det1=true
[18638]	25	144	-3	-4	-1	-6	det1=true
[18639]	25	144	-9	-4	-1	6	det1=true
[18640]	80	144	-22	-3	-8	-7	det1=true
[18641]	107	144	-48	-23	-2	-11	det1=true
[18642]	107	144	-59	-23	-2	11	det1=true
[18643]	115	144	-40	-15	-10	-7	det1=true
[18644]	115	144	-47	-15	-10	7	det1=true
[18645]	123	144	-57	-28	-10	-6	det1=true
[18646]	123	144	-63	-28	-10	6	det1=true
[18647]	129	144	-23	-3	-8	-11	det1=true
[18648]	129	144	-34	-3	-8	11	det1=true
[18649]	132	144	-61	-35	-3	12	det1=true
[18650]	139	144	-67	-53	-11	-2	det1=true
[18651]	139	144	-69	-53	-11	2	det1=true
[18652]	45	141	-4	-7	-1	-8	det1=true
[18653]	45	141	-12	-7	-1	8	det1=true
[18654]	57	141	-13	3	-9	-1	det1=true
[18655]	57	141	-14	3	-9	1	det1=true
[18656]	85	141	-31	-1	-10	4	det1=true
[18657]	85	141	-24	-4	-4	-10	det1=true
[18658]	85	141	-34	-4	-4	10	det1=true
[18659]	87	141	-22	-16	-6	-9	det1=true
[18660]	87	141	-31	-16	-6	9	det1=true
[18661]	92	141	-42	-5	-8	-7	det1=true
[18662]	92	141	-49	-5	-8	7	det1=true
[18663]	108	141	-53	-13	-11	-2	det1=true
[18664]	109	141	-47	-30	-1	-11	det1=true
[18665]	114	141	-12	-5	-8	-10	det1=true
[18666]	117	141	-46	-46	-1	-11	det1=true
[18667]	118	141	-2	1	-2	-13	det1=true
[18668]	118	141	-15	1	-2	13	det1=true
[18669]	120	141	-48	5	-10	-7	det1=true
[18670]	120	141	-55	5	-10	7	det1=true
[18671]	125	141	-32	-20	-10	-8	det1=true
[18672]	125	141	-40	-20	-10	8	det1=true
[18673]	131	141	-35	-20	-7	-11	det1=true
[18674]	131	141	-46	-20	-7	11	det1=true
[18675]	133	141	-40	-4	-2	-13	det1=true
[18676]	133	141	-53	-4	-2	13	det1=true
[18677]	134	141	-61	-50	-11	-2	det1=true
[18678]	134	141	-63	-50	-11	2	det1=true
[18679]	137	141	-36	4	-11	-8	det1=true
[18680]	137	141	-44	4	-11	8	det1=true
[18681]	137	141	-32	-12	-11	-8	det1=true
[18682]	137	141	-40	-12	-11	8	det1=true
[18683]	141	141	-14	-16	-2	-14	det1=true
[18684]	141	141	-28	-16	-2	14	det1=true
[18685]	70	142	-21	-3	-1	10	det1=true
[18686]	74	142	-22	-13	-6	-8	det1=true
[18687]	84	142	-26	-1	-10	-4	det1=true
[18688]	84	142	-30	-1	-10	4	det1=true
[18689]	86	142	-40	-25	-10	-1	det1=true
[18690]	86	142	-41	-25	-10	1	det1=true
[18691]	112	142	-29	-26	-9	-8	det1=true
[18692]	126	142	-61	-9	-12	-1	det1=true
[18693]	126	142	-62	-9	-12	1	det1=true
[18694]	127	142	-42	-7	-8	-10	det1=true
[18695]	127	142	-52	-7	-8	10	det1=true
[18696]	127	142	-13	0	-11	-8	det1=true
[18697]	127	142	-21	0	-11	8	det1=true
[18698]	131	142	-17	3	-7	12	det1=true
[18699]	134	142	-49	-29	-6	-11	det1=true
[18700]	134	142	-60	-29	-6	11	det1=true
[18701]	134	142	-5	-4	-1	-14	det1=true
[18702]	134	142	-19	-4	-1	14	det1=true
[18703]	138	142	-59	-47	-11	-4	det1=true
[18704]	138	142	-41	-33	-12	-5	det1=true
[18705]	138	142	-46	-33	-12	5	det1=true
[18706]	17	143	-8	1	-3	4	det1=true
[18707]	47	143	-26	-3	-1	8	det1=true
[18708]	72	143	-15	-4	-10	-2	det1=true
[18709]	72	143	-17	-4	-10	2	det1=true
[18710]	84	143	-37	-16	-2	-10	det1=true
[18711]	84	143	-47	-16	-2	10	det1=true
[18712]	85	143	-25	-6	-6	-9	det1=true
[18713]	85	143	-34	-6	-6	9	det1=true
[18714]	92	143	-28	-7	-2	-11	det1=true
[18715]	101	143	-15	-7	-11	-5	det1=true
[18716]	101	143	-20	-7	-11	5	det1=true
[18717]	109	143	-39	-32	-9	-7	det1=true
[18718]	109	143	-46	-32	-9	7	det1=true
[18719]	114	143	-8	3	-12	-5	det1=true
[18720]	114	143	-13	3	-12	5	det1=true
[18721]	115	143	-7	-2	-11	-7	det1=true
[18722]	115	143	-14	-2	-11	7	det1=true
[18723]	116	143	-23	-6	-8	-10	det1=true
[18724]	118	143	-10	-5	-2	-13	det1=true
[18725]	118	143	-23	-5	-2	13	det1=true
[18726]	120	143	-21	-4	-13	-2	det1=true
[18727]	131	143	-51	3	-10	-8	det1=true
[18728]	131	143	-59	3	-10	8	det1=true
[18729]	135	143	-48	-7	-1	-13	det1=true
[18730]	135	143	-61	-7	-1	13	det1=true
[18731]	137	143	-64	-46	-7	-9	det1=true
[18732]	137	143	-73	-46	-7	9	det1=true
[18733]	140	143	-63	-45	-4	-11	det1=true
[18734]	142	143	-29	-21	-7	-12	det1=true
[18735]	142	143	-41	-21	-7	12	det1=true
[18736]	46	144	-15	-7	-7	-4	det1=true
[18737]	46	144	-19	-7	-7	4	det1=true
[18738]	66	144	-26	-9	-8	-5	det1=true
[18739]	66	144	-31	-9	-8	5	det1=true
[18740]	75	144	-28	5	-10	-2	det1=true
[18741]	75	144	-30	5	-10	2	det1=true
[18742]	84	144	-35	-24	-10	-2	det1=true
[18743]	84	144	-37	-24	-10	2	det1=true
[18744]	92	144	-21	-23	-2	-11	det1=true
[18745]	92	144	-32	-23	-2	11	det1=true
[18746]	93	144	-37	-33	-3	-10	det1=true
[18747]	93	144	-47	-33	-3	10	det1=true
[18748]	93	144	-35	-29	-8	-7	det1=true
[18749]	98	144	-47	-38	-10	-2	det1=true
[18750]	102	144	-30	-19	-10	-6	det1=true
[18751]	102	144	-36	-19	-10	6	det1=true
[18752]	116	144	-26	-5	-10	-8	det1=true
[18753]	116	144	-34	-5	-10	8	det1=true
[18754]	119	144	-16	-7	-2	-13	det1=true
[18755]	119	144	-29	-7	-2	13	det1=true
[18756]	121	144	-50	-33	-4	-11	det1=true
[18757]	121	144	-61	-33	-4	11	det1=true
[18758]	132	144	-49	-35	-3	-12	det1=true
[18759]	132	144	-45	-1	-10	9	det1=true
[18760]	136	144	-35	-35	-2	-13	det1=true
[18761]	136	144	-48	-35	-2	13	det1=true
[18762]	139	144	-44	-29	-2	-13	det1=true
[18763]	139	144	-57	-29	-2	13	det1=true
[18764]	57	141	-9	-1	-1	-9	det1=true
[18765]	57	141	-18	-1	-1	9	det1=true
[18766]	58	141	-3	2	-7	-6	det1=true
[18767]	58	141	-9	2	-7	6	det1=true
[18768]	71	141	-11	-3	-2	10	det1=true
[18769]	77	141	-22	-12	-2	-10	det1=true
[18770]	77	141	-32	-12	-2	10	det1=true
[18771]	87	141	-11	-4	-2	-11	det1=true
[18772]	87	141	-22	-4	-2	11	det1=true
[18773]	94	141	-37	-20	-10	-4	det1=true
[18774]	94	141	-41	-20	-10	4	det1=true
[18775]	106	141	-23	-1	-3	12	det1=true
[18776]	114	141	-34	-15	-10	-7	det1=true
[18777]	114	141	-41	-15	-10	7	det1=true
[18778]	117	141	-57	-46	-1	11	det1=true
[18779]	120	141	-46	-33	-6	-10	det1=true
[18780]	120	141	-56	-33	-6	10	det1=true
[18781]	121	141	-53	-33	-3	-11	det1=true
[18782]	124	141	-32	-17	-10	-8	det1=true
[18783]	124	141	-40	-17	-10	8	det1=true
[18784]	136	141	-47	-11	-13	-2	det1=true
[18785]	136	141	-49	-11	-13	2	det1=true
[18786]	70	142	-11	-3	-1	-10	det1=true
[18787]	74	142	-30	-13	-6	8	det1=true
[18788]	100	142	-11	-5	-9	-8	det1=true
[18789]	100	142	-19	-5	-9	8	det1=true
[18790]	109	142	-45	-44	-7	-8	det1=true
[18791]	109	142	-53	-44	-7	8	det1=true
[18792]	120	142	-45	-13	-7	-10	det1=true
[18793]	120	142	-55	-13	-7	10	det1=true
[18794]	130	142	-19	-19	-9	-10	det1=true
[18795]	130	142	-29	-19	-9	10	det1=true
[18796]	142	142	-22	-15	-14	-2	det1=true
[18797]	142	142	-24	-15	-14	2	det1=true
[18798]	54	143	-24	-5	-8	-3	det1=true
[18799]	54	143	-27	-5	-8	3	det1=true
[18800]	84	143	-1	1	-2	-11	det1=true
[18801]	84	143	-12	1	-2	11	det1=true
[18802]	85	143	-35	-25	-10	-2	det1=true
[18803]	85	143	-37	-25	-10	2	det1=true
[18804]	85	143	-26	-26	-3	-10	det1=true
[18805]	85	143	-36	-26	-3	10	det1=true
[18806]	87	143	-27	-2	-2	11	det1=true
[18807]	95	143	-26	-14	-11	-3	det1=true
[18808]	95	143	-29	-14	-11	3	det1=true
[18809]	97	143	-33	-5	-9	-7	det1=true
[18810]	97	143	-40	-5	-9	7	det1=true
[18811]	97	143	-32	-6	-7	-9	det1=true
[18812]	97	143	-41	-6	-7	9	det1=true
[18813]	103	143	-13	-13	-2	-12	det1=true
[18814]	123	143	-24	-20	-5	-12	det1=true
[18815]	125	143	-54	-51	-1	-11	det1=true
[18816]	125	143	-65	-51	-1	11	det1=true
[18817]	125	143	-29	-6	-2	-13	det1=true
[18818]	125	143	-42	-6	-2	13	det1=true
[18819]	126	143	-61	-25	-11	-4	det1=true
[18820]	126	143	-65	-25	-11	4	det1=true
[18821]	140	143	-27	-13	-14	-1	det1=true
[18822]	140	143	-28	-13	-14	1	det1=true
[18823]	47	144	-12	1	-2	-8	det1=true
[18824]	47	144	-20	1	-2	8	det1=true
[18825]	52	144	-25	-6	-3	8	det1=true
[18826]	68	144	-3	-7	-1	-10	det1=true
[18827]	68	144	-13	-7	-1	10	det1=true
[18828]	93	144	-42	-29	-8	7	det1=true
[18829]	95	144	-21	-4	-10	-6	det1=true
[18830]	96	144	-27	-10	-10	6	det1=true
[18831]	102	144	-17	5	-10	-7	det1=true
[18832]	102	144	-24	5	-10	7	det1=true
[18833]	118	144	-41	-10	-3	-12	det1=true
[18834]	118	144	-53	-10	-3	12	det1=true
[18835]	124	144	-51	-2	-8	10	det1=true
[18836]	132	144	-36	-1	-10	-9	det1=true
[18837]	134	144	-60	-43	-10	-6	det1=true
[18838]	134	144	-66	-43	-10	6	det1=true
[18839]	140	144	-61	-6	-8	-10	det1=true
[18840]	141	144	-49	-3	-9	-10	det1=true
[18841]	141	144	-59	-3	-9	10	det1=true
[18842]	20	141	-4	1	-2	-5	det1=true
[18843]	20	141	-9	1	-2	5	det1=true
[18844]	35	141	-6	-7	-1	-7	det1=true
[18845]	35	141	-13	-7	-1	7	det1=true
[18846]	37	141	-20	-12	-1	7	det1=true
[18847]	45	141	-6	-4	-7	-4	det1=true
[18848]	45	141	-10	-4	-7	4	det1=true
[18849]	81	141	-11	-7	-10	-4	det1=true
[18850]	88	141	-31	0	-4	-10	det1=true
[18851]	88	141	-41	0	-4	10	det1=true
[18852]	91	141	-13	-6	-9	-7	det1=true
[18853]	91	141	-20	-6	-9	7	det1=true
[18854]	100	141	-45	-40	-10	-2	det1=true
[18855]	100	141	-47	-40	-10	2	det1=true
[18856]	104	141	-13	-5	-7	-10	det1=true
[18857]	104	141	-23	-5	-7	10	det1=true
[18858]	106	141	-53	-11	-11	2	det1=true
[18859]	109	141	-20	-5	-3	-12	det1=true
[18860]	109	141	-32	-5	-3	12	det1=true
[18861]	114	141	-14	1	-8	-10	det1=true
[18862]	114	141	-24	1	-8	10	det1=true
[18863]	119	141	-56	-34	-11	-2	det1=true
[18864]	119	141	-58	-34	-11	2	det1=true
[18865]	121	141	-64	-33	-3	11	det1=true
[18866]	121	141	-19	-10	-7	-11	det1=true
[18867]	125	141	-50	-53	-1	-11	det1=true
[18868]	125	141	-61	-53	-1	11	det1=true
[18869]	127	141	-22	-22	-2	-13	det1=true
[18870]	132	141	-43	-38	-3	-12	det1=true
[18871]	132	141	-55	-38	-3	12	det1=true
[18872]	84	142	-19	-11	-9	-6	det1=true
[18873]	84	142	-25	-11	-9	6	det1=true
[18874]	105	142	-26	3	-12	-2	det1=true
[18875]	105	142	-28	3	-12	2	det1=true
[18876]	107	142	-55	-46	-3	10	det1=true
[18877]	118	142	-36	3	-6	-11	det1=true
[18878]	118	142	-47	3	-6	11	det1=true
[18879]	131	142	-5	3	-7	-12	det1=true
[18880]	17	143	-4	1	-3	-4	det1=true
[18881]	41	143	-2	2	-6	-5	det1=true
[18882]	41	143	-7	2	-6	5	det1=true
[18883]	68	143	-9	2	-8	-6	det1=true
[18884]	68	143	-15	2	-8	6	det1=true
[18885]	95	143	-41	-24	-8	-7	det1=true
[18886]	95	143	-48	-24	-8	7	det1=true
[18887]	97	143	-31	-8	-3	-11	det1=true
[18888]	97	143	-42	-8	-3	11	det1=true
[18889]	101	143	-50	-9	-11	-1	det1=true
[18890]	101	143	-51	-9	-11	1	det1=true
[18891]	106	143	-53	-11	-11	-2	det1=true
[18892]	106	143	-26	-13	-12	2	det1=true
[18893]	116	143	-33	-6	-8	10	det1=true
[18894]	128	143	-63	0	-12	-2	det1=true
[18895]	128	143	-41	-18	-8	-10	det1=true
[18896]	128	143	-51	-18	-8	10	det1=true
[18897]	131	143	-8	-4	-7	-12	det1=true
[18898]	44	144	-5	-5	-1	-8	det1=true
[18899]	44	144	-13	-5	-1	8	det1=true
[18900]	79	144	-24	-23	-2	-10	det1=true
[18901]	96	144	-21	-10	-10	-6	det1=true
[18902]	99	144	-28	-9	-6	-10	det1=true
[18903]	105	144	-34	-19	-4	-11	det1=true
[18904]	105	144	-45	-19	-4	11	det1=true
[18905]	108	144	-45	-10	-10	-6	det1=true
[18906]	108	144	-51	-10	-10	6	det1=true
[18907]	119	144	-47	-21	-9	-8	det1=true
[18908]	124	144	-41	-2	-8	-10	det1=true
[18909]	127	144	-60	-31	-10	-6	det1=true
[18910]	127	144	-66	-31	-10	6	det1=true
[18911]	131	144	-25	-14	-13	-4	det1=true
[18912]	131	144	-29	-14	-13	4	det1=true
[18913]	140	144	-71	-6	-8	10	det1=true
[18914]	144	144	-29	-16	-2	-14	det1=true
[18915]	144	144	-43	-16	-2	14	det1=true
[18916]	37	141	-13	-12	-1	-7	det1=true
[18917]	61	141	-4	-2	-8	-5	det1=true
[18918]	61	141	-9	-2	-8	5	det1=true
[18919]	71	141	-1	-3	-2	-10	det1=true
[18920]	81	141	-15	-7	-10	4	det1=true
[18921]	84	141	-19	-8	-9	-6	det1=true
[18922]	85	141	-27	-1	-10	-4	det1=true
[18923]	106	141	-11	-1	-3	-12	det1=true
[18924]	107	141	-19	-20	-5	-11	det1=true
[18925]	107	141	-30	-20	-5	11	det1=true
[18926]	110	141	-47	-27	-2	-11	det1=true
[18927]	110	141	-58	-27	-2	11	det1=true
[18928]	122	141	-46	-17	-10	-7	det1=true
[18929]	122	141	-53	-17	-10	7	det1=true
[18930]	60	142	-17	-3	-9	-2	det1=true
[18931]	60	142	-19	-3	-9	2	det1=true
[18932]	64	142	-23	-13	-7	-6	det1=true
[18933]	67	142	-27	-7	-8	-5	det1=true
[18934]	67	142	-32	-7	-8	5	det1=true
[18935]	68	142	-4	-1	-6	-8	det1=true
[18936]	85	142	-37	-31	-9	-4	det1=true
[18937]	85	142	-41	-31	-9	4	det1=true
[18938]	121	142	-31	-26	-11	-6	det1=true
[18939]	122	142	-43	-15	-3	-12	det1=true
[18940]	124	142	-56	-51	-10	-4	det1=true
[18941]	134	142	-45	-35	-6	-11	det1=true
[18942]	134	142	-56	-35	-6	11	det1=true
[18943]	45	143	-14	4	-8	-1	det1=true
[18944]	45	143	-15	4	-8	1	det1=true
[18945]	77	143	-16	-10	-3	-10	det1=true
[18946]	87	143	-16	-2	-2	-11	det1=true
[18947]	106	143	-24	-13	-12	-2	det1=true
[18948]	115	143	-10	-1	-13	-1	det1=true
[18949]	115	143	-11	-1	-13	1	det1=true
[18950]	120	143	-51	-52	-4	-10	det1=true
[18951]	120	143	-61	-52	-4	10	det1=true
[18952]	121	143	-38	-38	-1	-12	det1=true
[18953]	123	143	-36	-20	-5	12	det1=true
[18954]	131	143	-20	-4	-7	12	det1=true
[18955]	143	143	-50	1	-13	-4	det1=true
[18956]	143	143	-54	1	-13	4	det1=true
[18957]	91	144	-20	-21	-2	-11	det1=true
[18958]	91	144	-31	-21	-2	11	det1=true
[18959]	126	144	-55	-36	-6	-10	det1=true
[18960]	126	144	-65	-36	-6	10	det1=true
[18961]	139	144	-27	-2	-14	-2	det1=true
[18962]	140	144	-21	-14	-2	-14	det1=true
[18963]	142	142	-57	-15	-12	-5	det1=true
[18964]	142	142	-62	-15	-12	5	det1=true
[18965]	46	143	-13	-7	-4	-7	det1=true
[18966]	46	143	-20	-7	-4	7	det1=true
[18967]	47	143	-20	0	-7	-4	det1=true
[18968]	47	143	-24	0	-7	4	det1=true
[18969]	95	143	-41	-17	-4	-10	det1=true
[18970]	97	143	-35	-4	-11	-3	det1=true
[18971]	97	143	-38	-4	-11	3	det1=true
[18972]	124	143	-45	-44	-6	-10	det1=true
[18973]	124	143	-55	-44	-6	10	det1=true
[18974]	133	143	-58	-15	-3	-12	det1=true
[18975]	133	143	-70	-15	-3	12	det1=true
[18976]	52	144	-17	-6	-3	-8	det1=true
[18977]	76	144	-7	2	-7	-8	det1=true
[18978]	76	144	-15	2	-7	8	det1=true
[18979]	77	144	-24	5	-10	-3	det1=true
[18980]	77	144	-27	5	-10	3	det1=true
[18981]	99	144	-38	-9	-6	10	det1=true
[18982]	100	144	-31	-6	-6	-10	det1=true
[18983]	100	144	-41	-6	-6	10	det1=true
[18984]	122	144	-38	-5	-10	-8	det1=true
[18985]	126	144	-15	1	-8	-11	det1=true
[18986]	126	144	-26	1	-8	11	det1=true
[18987]	139	144	-29	-2	-14	2	det1=true
[18988]	142	144	-65	-26	-3	-12	det1=true
[18989]	70	141	-25	-20	-5	-8	det1=true
[18990]	70	141	-33	-20	-5	8	det1=true
[18991]	70	141	-13	1	-10	-1	det1=true
[18992]	70	141	-14	1	-10	1	det1=true
[18993]	84	141	-41	-6	-10	-2	det1=true
[18994]	84	141	-43	-6	-10	2	det1=true
[18995]	84	141	-37	-16	-10	-2	det1=true
[18996]	84	141	-39	-16	-10	2	det1=true
[18997]	91	141	-26	-12	-1	-11	det1=true
[18998]	91	141	-37	-12	-1	11	det1=true
[18999]	109	141	-52	-46	-10	-2	det1=true
[19000]	109	141	-54	-46	-10	2	det1=true
[19001]	113	141	-37	0	-10	-7	det1=true
[19002]	113	141	-44	0	-10	7	det1=true
[19003]	127	141	-48	-11	-11	-6	det1=true
[19004]	131	141	-46	1	-13	-1	det1=true
[19005]	131	141	-47	1	-13	1	det1=true
[19006]	100	142	-17	3	-12	-1	det1=true
[19007]	100	142	-18	3	-12	1	det1=true
[19008]	84	143	-23	-7	-9	-6	det1=true
[19009]	84	143	-29	-7	-9	6	det1=true
[19010]	143	143	-32	-16	-14	-1	det1=true
[19011]	143	143	-33	-16	-14	1	det1=true
[19012]	122	144	-46	-5	-10	8	det1=true
[19013]	126	144	-14	-3	-8	-11	det1=true
[19014]	126	144	-25	-3	-8	11	det1=true
[19015]	132	144	-50	-51	-4	-11	det1=true
[19016]	132	144	-61	-51	-4	11	det1=true
[19017]	93	141	-37	-17	-10	-4	det1=true
[19018]	112	141	-49	-3	-11	-4	det1=true
[19019]	112	141	-53	-3	-11	4	det1=true
[19020]	115	141	-41	-13	-11	-5	det1=true
[19021]	115	141	-46	-13	-11	5	det1=true
[19022]	123	142	-37	-4	-10	-8	det1=true
[19023]	123	142	-45	-4	-10	8	det1=true
[19024]	136	142	-35	-15	-9	-10	det1=true
[19025]	136	142	-45	-15	-9	10	det1=true
[19026]	142	142	-16	-21	-2	-14	det1=true
[19027]	99	143	-33	-31	-1	-11	det1=true
[19028]	99	143	-44	-31	-1	11	det1=true
[19029]	135	143	-51	-19	-10	-8	det1=true
[19030]	135	143	-59	-19	-10	8	det1=true
[19031]	137	143	-52	1	-7	-11	det1=true
[19032]	118	144	-43	-37	-4	-11	det1=true
[19033]	118	144	-54	-37	-4	11	det1=true
[19034]	119	144	-45	-25	-1	-12	det1=true
[19035]	119	144	-57	-25	-1	12	det1=true
[19036]	89	141	-33	-29	-5	-9	det1=true
[19037]	89	141	-42	-29	-5	9	det1=true
[19038]	121	141	-52	-50	-4	-10	det1=true
[19039]	121	141	-62	-50	-4	10	det1=true
[19040]	127	141	-54	-11	-11	6	det1=true
[19041]	141	141	-32	-24	-11	-8	det1=true
[19042]	141	141	-40	-24	-11	8	det1=true
[19043]	93	143	-39	-2	-11	-1	det1=true
[19044]	124	143	-47	-15	-3	-12	det1=true
[19045]	131	143	-54	-30	-2	-12	det1=true
[19046]	131	143	-66	-30	-2	12	det1=true
[19047]	126	142	-7	-2	-11	-8	det1=true
[19048]	126	142	-15	-2	-11	8	det1=true
[19049]	101	143	-30	-6	-4	-11	det1=true
[19050]	101	143	-41	-6	-4	11	det1=true
[19051]	123	143	-27	-14	-11	-7	det1=true
[19052]	129	143	-58	-58	-7	-8	det1=true
[19053]	129	143	-66	-58	-7	8	det1=true
[19054]	129	143	-58	-10	-12	-3	det1=true
[19055]	129	143	-61	-10	-12	3	det1=true
[19056]	121	141	-55	-47	-10	-4	det1=true
[19057]	121	141	-59	-47	-10	4	det1=true
[19058]	139	141	-33	-16	-4	-13	det1=true
[19059]	139	141	-46	-16	-4	13	det1=true
[19060]	89	141	-35	-27	-9	-5	det1=true
[19061]	89	141	-40	-27	-9	5	det1=true
[19062]	111	141	-35	-3	-5	-11	det1=true
[19063]	111	141	-46	-3	-5	11	det1=true
[19064]	104	143	-47	-46	-2	-10	det1=true
[19065]	127	141	-29	-8	-2	-13	det1=true
[19066]	127	141	-42	-8	-2	13	det1=true
[19067]	130	142	-46	-41	-8	-9	det1=true
[19068]	130	142	-55	-41	-8	9	det1=true
[19069]	111	141	-34	-18	-12	-1	det1=true
[19070]	111	141	-35	-18	-12	1	det1=true
[19071]	106	144	-28	3	-10	-7	det1=true
[19072]	136	142	-56	-35	-2	-12	det1=true
[19073]	136	142	-68	-35	-2	12	det1=true
[19074]	88	144	-21	1	-2	-11	det1=true
[19075]	99	141	-42	-4	-1	-11	det1=true
[19076]	99	141	-26	-2	-11	-4	det1=true
[19077]	99	141	-30	-2	-11	4	det1=true
[19078]	116	143	-3	4	-13	-2	det1=true
[19079]	116	143	-5	4	-13	2	det1=true
[19080]	104	143	-51	-42	-10	-2	det1=true
[19081]	78	144	-1	1	-9	-6	det1=true
[19082]	119	143	-39	-30	-5	-11	det1=true
[19083]	119	143	-50	-30	-5	11	det1=true
[19084]	141	145	-55	-19	-7	-11	det1=true
[19085]	141	145	-66	-19	-7	11	det1=true
[19086]	100	145	-15	-5	-10	7	det1=true
[19087]	130	145	-29	-31	-2	-13	det1=true
[19088]	130	145	-42	-31	-2	13	det1=true
[19089]	132	145	-35	-1	-13	-4	det1=true
[19090]	132	145	-39	-1	-13	4	det1=true
[19091]	145	145	-23	-3	-14	-4	det1=true
[19092]	145	145	-27	-3	-14	4	det1=true
[19093]	89	146	-33	-25	-8	-7	det1=true
[19094]	89	146	-40	-25	-8	7	det1=true
[19095]	129	146	-55	-20	-3	-12	det1=true
[19096]	102	147	-23	-15	-9	-8	det1=true
[19097]	102	147	-31	-15	-9	8	det1=true
[19098]	26	148	-3	2	-6	-2	det1=true
[19099]	26	148	-5	2	-6	2	det1=true
[19100]	35	148	-8	-7	-6	-4	det1=true
[19101]	106	148	-34	-31	-10	-6	det1=true
[19102]	106	148	-40	-31	-10	6	det1=true
[19103]	133	148	-53	-46	-9	-8	det1=true
[19104]	133	148	-61	-46	-9	8	det1=true
[19105]	142	148	-33	-7	-14	-3	det1=true
[19106]	142	148	-36	-7	-14	3	det1=true
[19107]	45	145	-12	-8	-8	-1	det1=true
[19108]	45	145	-13	-8	-8	1	det1=true
[19109]	91	145	-27	-12	-2	-11	det1=true
[19110]	91	145	-38	-12	-2	11	det1=true
[19111]	97	145	-30	-33	-1	-11	det1=true
[19112]	97	145	-41	-33	-1	11	det1=true
[19113]	127	145	-34	-4	-13	-3	det1=true
[19114]	127	145	-37	-4	-13	3	det1=true
[19115]	130	145	-52	-41	-12	-1	det1=true
[19116]	130	145	-53	-41	-12	1	det1=true
[19117]	136	145	-19	-6	-14	-2	det1=true
[19118]	64	146	-17	-17	-5	-8	det1=true
[19119]	64	146	-25	-17	-5	8	det1=true
[19120]	78	146	-31	-20	-1	-10	det1=true
[19121]	78	146	-41	-20	-1	10	det1=true
[19122]	86	146	-33	0	-4	-10	det1=true
[19123]	86	146	-43	0	-4	10	det1=true
[19124]	105	146	-28	-31	-4	-11	det1=true
[19125]	105	146	-39	-31	-4	11	det1=true
[19126]	121	146	-47	-6	-11	-6	det1=true
[19127]	121	146	-53	-6	-11	6	det1=true
[19128]	121	146	-31	-13	-12	-5	det1=true
[19129]	121	146	-36	-13	-12	5	det1=true
[19130]	128	146	-45	4	-13	-2	det1=true
[19131]	128	146	-47	4	-13	2	det1=true
[19132]	129	146	-46	-19	-8	-10	det1=true
[19133]	129	146	-56	-19	-8	10	det1=true
[19134]	131	146	-35	0	-13	-4	det1=true
[19135]	131	146	-39	0	-13	4	det1=true
[19136]	133	146	-29	-26	-9	-10	det1=true
[19137]	133	146	-39	-26	-9	10	det1=true
[19138]	141	146	-41	-41	-2	-13	det1=true
[19139]	141	146	-54	-41	-2	13	det1=true
[19140]	46	147	-12	-5	-8	-2	det1=true
[19141]	46	147	-14	-5	-8	2	det1=true
[19142]	72	147	-15	-14	-2	-10	det1=true
[19143]	72	147	-25	-14	-2	10	det1=true
[19144]	79	147	-34	-20	-1	-10	det1=true
[19145]	79	147	-35	-3	-9	-5	det1=true
[19146]	79	147	-40	-3	-9	5	det1=true
[19147]	85	147	-34	0	-1	11	det1=true
[19148]	96	147	-9	-1	-1	-12	det1=true
[19149]	96	147	-21	-1	-1	12	det1=true
[19150]	97	147	-28	-10	-11	-4	det1=true
[19151]	97	147	-32	-10	-11	4	det1=true
[19152]	119	147	-20	-14	-2	-13	det1=true
[19153]	119	147	-33	-14	-2	13	det1=true
[19154]	121	147	-1	-2	-4	-13	det1=true
[19155]	121	147	-14	-2	-4	13	det1=true
[19156]	122	147	-30	-5	-2	-13	det1=true
[19157]	122	147	-43	-5	-2	13	det1=true
[19158]	122	147	-8	-1	-4	-13	det1=true
[19159]	122	147	-21	-1	-4	13	det1=true
[19160]	126	147	-30	5	-10	-9	det1=true
[19161]	126	147	-39	5	-10	9	det1=true
[19162]	132	147	-43	-47	-3	-12	det1=true
[19163]	132	147	-55	-47	-3	12	det1=true
[19164]	133	147	-38	-3	-11	-8	det1=true
[19165]	133	147	-46	-3	-11	8	det1=true
[19166]	140	147	-35	-31	-8	-11	det1=true
[19167]	140	147	-46	-31	-8	11	det1=true
[19168]	147	147	-16	3	-11	-10	det1=true
[19169]	34	148	-3	-2	-4	-6	det1=true
[19170]	34	148	-9	-2	-4	6	det1=true
[19171]	95	148	-35	-33	-6	-9	det1=true
[19172]	106	148	-32	-33	-6	-10	det1=true
[19173]	106	148	-42	-33	-6	10	det1=true
[19174]	113	148	-43	-4	-11	6	det1=true
[19175]	138	148	-39	7	-14	-1	det1=true
[19176]	139	148	-63	-42	-12	-2	det1=true
[19177]	139	148	-65	-42	-12	2	det1=true
[19178]	59	145	-22	0	-1	-9	det1=true
[19179]	59	145	-31	0	-1	9	det1=true
[19180]	81	145	-1	-4	-1	-11	det1=true
[19181]	83	145	-32	-21	-5	-9	det1=true
[19182]	83	145	-41	-21	-5	9	det1=true
[19183]	100	145	-8	-5	-10	-7	det1=true
[19184]	112	145	-5	5	-12	-5	det1=true
[19185]	112	145	-10	5	-12	5	det1=true
[19186]	121	145	-54	-45	-11	-2	det1=true
[19187]	136	145	-21	-6	-14	2	det1=true
[19188]	137	145	-64	-60	-6	-9	det1=true
[19189]	137	145	-73	-60	-6	9	det1=true
[19190]	139	145	-60	-51	-11	-4	det1=true
[19191]	141	145	-61	3	-11	-7	det1=true
[19192]	141	145	-68	3	-11	7	det1=true
[19193]	141	145	-27	-5	-11	-9	det1=true
[19194]	141	145	-36	-5	-11	9	det1=true
[19195]	144	145	-44	-41	-2	-13	det1=true
[19196]	45	146	-15	-4	-7	-4	det1=true
[19197]	45	146	-19	-4	-7	4	det1=true
[19198]	65	146	-29	-16	-5	8	det1=true
[19199]	77	146	-27	-29	-4	-9	det1=true
[19200]	77	146	-36	-29	-4	9	det1=true
[19201]	89	146	-31	-34	-3	-10	det1=true
[19202]	89	146	-41	-34	-3	10	det1=true
[19203]	91	146	-31	-28	-10	-4	det1=true
[19204]	91	146	-35	-28	-10	4	det1=true
[19205]	95	146	-16	-15	-4	-11	det1=true
[19206]	95	146	-27	-15	-4	11	det1=true
[19207]	118	146	-47	-9	-12	-3	det1=true
[19208]	118	146	-50	-9	-12	3	det1=true
[19209]	124	146	-37	-13	-12	-5	det1=true
[19210]	124	146	-42	-13	-12	5	det1=true
[19211]	132	146	-51	5	-13	-2	det1=true
[19212]	132	146	-53	5	-13	2	det1=true
[19213]	134	146	-67	0	-8	10	det1=true
[19214]	137	146	-58	-27	-2	13	det1=true
[19215]	68	147	-13	0	-1	-10	det1=true
[19216]	68	147	-23	0	-1	10	det1=true
[19217]	147	147	-14	0	-5	-14	det1=true
[19218]	147	147	-28	0	-5	14	det1=true
[19219]	65	148	-13	-3	-4	-9	det1=true
[19220]	65	148	-22	-3	-4	9	det1=true
[19221]	85	148	-19	-9	-11	-2	det1=true
[19222]	85	148	-21	-9	-11	2	det1=true
[19223]	87	148	-24	-5	-2	-11	det1=true
[19224]	87	148	-35	-5	-2	11	det1=true
[19225]	95	148	-44	-33	-6	9	det1=true
[19226]	100	148	-34	-13	-6	-10	det1=true
[19227]	100	148	-44	-13	-6	10	det1=true
[19228]	105	148	-39	-19	-4	-11	det1=true
[19229]	105	148	-50	-19	-4	11	det1=true
[19230]	107	148	-35	-32	-10	-6	det1=true
[19231]	107	148	-41	-32	-10	6	det1=true
[19232]	113	148	-46	-13	-8	-9	det1=true
[19233]	113	148	-55	-13	-8	9	det1=true
[19234]	113	148	-37	-4	-11	-6	det1=true
[19235]	119	148	-37	-8	-8	-10	det1=true
[19236]	127	148	-41	-37	-6	-11	det1=true
[19237]	134	148	-48	-41	-6	-11	det1=true
[19238]	134	148	-59	-41	-6	11	det1=true
[19239]	137	148	-31	-8	-14	2	det1=true
[19240]	138	148	-32	-9	-6	13	det1=true
[19241]	141	148	-61	-20	-13	2	det1=true
[19242]	142	148	-25	-28	-2	-14	det1=true
[19243]	142	148	-39	-28	-2	14	det1=true
[19244]	147	148	-29	-8	-5	14	det1=true
[19245]	70	145	-21	1	-10	-1	det1=true
[19246]	70	145	-22	1	-10	1	det1=true
[19247]	73	145	-31	-4	-4	-9	det1=true
[19248]	74	145	-35	-4	-9	-4	det1=true
[19249]	74	145	-39	-4	-9	4	det1=true
[19250]	77	145	-21	-17	-9	-5	det1=true
[19251]	81	145	-6	1	-11	-1	det1=true
[19252]	81	145	-7	1	-11	1	det1=true
[19253]	81	145	-12	-4	-1	11	det1=true
[19254]	96	145	-44	-39	-10	-2	det1=true
[19255]	97	145	-44	-24	-10	-4	det1=true
[19256]	105	145	-48	-1	-7	-9	det1=true
[19257]	105	145	-48	-29	-11	-1	det1=true
[19258]	105	145	-49	-29	-11	1	det1=true
[19259]	107	145	-41	-30	-11	-3	det1=true
[19260]	107	145	-44	-30	-11	3	det1=true
[19261]	113	145	-44	-28	-6	-10	det1=true
[19262]	113	145	-54	-28	-6	10	det1=true
[19263]	123	145	-29	-2	-2	-13	det1=true
[19264]	127	145	-50	-30	-7	-10	det1=true
[19265]	132	145	-9	-4	-1	-14	det1=true
[19266]	132	145	-23	-4	-1	14	det1=true
[19267]	136	145	-41	-12	-9	-10	det1=true
[19268]	136	145	-51	-12	-9	10	det1=true
[19269]	139	145	-64	-51	-11	4	det1=true
[19270]	58	146	-13	-7	-9	-2	det1=true
[19271]	58	146	-15	-7	-9	2	det1=true
[19272]	65	146	-21	-16	-5	-8	det1=true
[19273]	72	146	-38	-23	-8	5	det1=true
[19274]	98	146	-16	-5	-2	12	det1=true
[19275]	106	146	-17	-1	-11	-6	det1=true
[19276]	109	146	-47	-35	-11	-2	det1=true
[19277]	128	146	-46	-17	-10	-8	det1=true
[19278]	129	146	-47	-18	-10	-8	det1=true
[19279]	129	146	-55	-18	-10	8	det1=true
[19280]	129	146	-53	-41	-10	7	det1=true
[19281]	129	146	-45	-22	-10	-8	det1=true
[19282]	129	146	-53	-22	-10	8	det1=true
[19283]	134	146	-57	0	-8	-10	det1=true
[19284]	137	146	-45	-27	-2	-13	det1=true
[19285]	140	146	-64	-21	-6	-11	det1=true
[19286]	144	146	-35	-23	-14	-1	det1=true
[19287]	144	146	-36	-23	-14	1	det1=true
[19288]	59	147	-8	0	-5	-8	det1=true
[19289]	65	147	-29	2	-9	-3	det1=true
[19290]	65	147	-32	2	-9	3	det1=true
[19291]	67	147	-6	-7	-1	-10	det1=true
[19292]	67	147	-16	-7	-1	10	det1=true
[19293]	72	147	-34	-23	-8	-5	det1=true
[19294]	78	147	-17	-11	-8	-7	det1=true
[19295]	85	147	-28	-22	-7	-8	det1=true
[19296]	85	147	-36	-22	-7	8	det1=true
[19297]	101	147	-8	1	-3	-12	det1=true
[19298]	101	147	-20	1	-3	12	det1=true
[19299]	103	147	-16	-1	-3	-12	det1=true
[19300]	103	147	-28	-1	-3	12	det1=true
[19301]	119	147	-59	-51	-10	4	det1=true
[19302]	120	147	-61	-18	-9	8	det1=true
[19303]	130	147	-43	-36	-12	-4	det1=true
[19304]	145	147	-65	-18	-12	-5	det1=true
[19305]	145	147	-70	-18	-12	5	det1=true
[19306]	46	148	-21	-7	-8	-1	det1=true
[19307]	46	148	-22	-7	-8	1	det1=true
[19308]	72	148	-23	-6	-10	-2	det1=true
[19309]	73	148	-17	-18	-2	-10	det1=true
[19310]	73	148	-27	-18	-2	10	det1=true
[19311]	79	148	-37	-12	-10	-2	det1=true
[19312]	97	148	-15	-5	-1	-12	det1=true
[19313]	97	148	-27	-5	-1	12	det1=true
[19314]	104	148	-39	1	-12	1	det1=true
[19315]	119	148	-55	-30	-10	-6	det1=true
[19316]	133	148	-44	5	-10	-9	det1=true
[19317]	133	148	-53	5	-10	9	det1=true
[19318]	135	148	-65	-22	-8	10	det1=true
[19319]	135	148	-45	-1	-13	-4	det1=true
[19320]	136	148	-24	-3	-2	-14	det1=true
[19321]	136	148	-38	-3	-2	14	det1=true
[19322]	137	148	-29	-8	-14	-2	det1=true
[19323]	147	148	-35	-28	-2	-14	det1=true
[19324]	147	148	-10	5	-12	-9	det1=true
[19325]	147	148	-19	5	-12	9	det1=true
[19326]	67	145	-27	-29	-1	-9	det1=true
[19327]	67	145	-36	-29	-1	9	det1=true
[19328]	100	145	-49	0	-11	-2	det1=true
[19329]	100	145	-51	0	-11	2	det1=true
[19330]	104	145	-1	1	-6	-11	det1=true
[19331]	104	145	-12	1	-6	11	det1=true
[19332]	124	145	-9	-3	-4	-13	det1=true
[19333]	124	145	-22	-3	-4	13	det1=true
[19334]	125	145	-58	-32	-11	-4	det1=true
[19335]	125	145	-62	-32	-11	4	det1=true
[19336]	127	145	-60	-30	-7	10	det1=true
[19337]	127	145	-44	-6	-13	-1	det1=true
[19338]	127	145	-45	-6	-13	1	det1=true
[19339]	128	145	-57	-26	-12	-2	det1=true
[19340]	128	145	-45	-5	-12	-5	det1=true
[19341]	128	145	-50	-5	-12	5	det1=true
[19342]	128	145	-29	-4	-9	-10	det1=true
[19343]	128	145	-39	-4	-9	10	det1=true
[19344]	139	145	-33	-6	-14	-1	det1=true
[19345]	139	145	-34	-6	-14	1	det1=true
[19346]	145	145	-64	-64	-2	-11	det1=true
[19347]	56	146	0	-3	-2	-9	det1=true
[19348]	56	146	-9	-3	-2	9	det1=true
[19349]	98	146	-28	-11	-6	-10	det1=true
[19350]	98	146	-38	-11	-6	10	det1=true
[19351]	98	146	-4	-5	-2	-12	det1=true
[19352]	100	146	-21	-5	-9	-8	det1=true
[19353]	100	146	-29	-5	-9	8	det1=true
[19354]	103	146	-28	1	-12	-2	det1=true
[19355]	103	146	-30	1	-12	2	det1=true
[19356]	126	146	-61	-21	-12	-1	det1=true
[19357]	126	146	-57	-23	-8	-9	det1=true
[19358]	126	146	-66	-23	-8	9	det1=true
[19359]	126	146	-42	-19	-10	-8	det1=true
[19360]	126	146	-50	-19	-10	8	det1=true
[19361]	129	146	-46	-41	-10	-7	det1=true
[19362]	33	147	-7	1	-7	-1	det1=true
[19363]	70	147	-27	-1	-4	-9	det1=true
[19364]	70	147	-36	-1	-4	9	det1=true
[19365]	77	147	-25	-2	-8	7	det1=true
[19366]	78	147	-30	-1	-10	-3	det1=true
[19367]	78	147	-33	-1	-10	3	det1=true
[19368]	93	147	-18	2	-4	-11	det1=true
[19369]	93	147	-29	2	-4	11	det1=true
[19370]	112	147	-35	-10	-3	-12	det1=true
[19371]	112	147	-47	-10	-3	12	det1=true
[19372]	116	147	-47	-18	-12	-2	det1=true
[19373]	116	147	-49	-18	-12	2	det1=true
[19374]	116	147	-42	-23	-2	-12	det1=true
[19375]	116	147	-54	-23	-2	12	det1=true
[19376]	121	147	-32	-5	-13	-2	det1=true
[19377]	121	147	-34	-5	-13	2	det1=true
[19378]	127	147	-57	-55	-1	-11	det1=true
[19379]	127	147	-68	-55	-1	11	det1=true
[19380]	147	147	-36	-26	-14	-2	det1=true
[19381]	43	148	-9	-3	-8	-1	det1=true
[19382]	104	148	-38	1	-12	-1	det1=true
[19383]	117	148	-19	-9	-2	-13	det1=true
[19384]	117	148	-32	-9	-2	13	det1=true
[19385]	127	148	-27	-9	-13	-4	det1=true
[19386]	127	148	-31	-9	-13	4	det1=true
[19387]	134	148	-67	-21	-11	6	det1=true
[19388]	135	148	-55	-22	-8	-10	det1=true
[19389]	138	148	-38	-25	-4	-13	det1=true
[19390]	138	148	-51	-25	-4	13	det1=true
[19391]	141	148	-59	-20	-13	-2	det1=true
[19392]	72	145	-15	-10	-10	-2	det1=true
[19393]	72	145	-17	-10	-10	2	det1=true
[19394]	73	145	-30	-12	-9	-4	det1=true
[19395]	73	145	-34	-12	-9	4	det1=true
[19396]	105	145	-50	-26	-11	-1	det1=true
[19397]	114	145	-44	-29	-4	-11	det1=true
[19398]	114	145	-55	-29	-4	11	det1=true
[19399]	123	145	-42	-2	-2	13	det1=true
[19400]	125	145	-48	-26	-12	-3	det1=true
[19401]	125	145	-51	-26	-12	3	det1=true
[19402]	145	145	-75	-64	-2	11	det1=true
[19403]	58	146	-15	-4	-9	-2	det1=true
[19404]	58	146	-17	-4	-9	2	det1=true
[19405]	70	146	-27	-5	-9	-4	det1=true
[19406]	70	146	-31	-5	-9	4	det1=true
[19407]	83	146	-29	-2	-10	-4	det1=true
[19408]	83	146	-33	-2	-10	4	det1=true
[19409]	122	146	-35	-3	-13	2	det1=true
[19410]	128	146	-54	-17	-10	8	det1=true
[19411]	131	146	-27	-15	-4	-13	det1=true
[19412]	131	146	-40	-15	-4	13	det1=true
[19413]	139	146	-45	-17	-9	-10	det1=true
[19414]	139	146	-55	-17	-9	10	det1=true
[19415]	33	147	-6	-1	-7	-1	det1=true
[19416]	33	147	-7	-1	-7	1	det1=true
[19417]	77	147	-18	-2	-8	-7	det1=true
[19418]	113	147	-38	-38	-4	-11	det1=true
[19419]	119	147	-55	-51	-10	-4	det1=true
[19420]	131	147	-56	-18	-6	-11	det1=true
[19421]	131	147	-67	-18	-6	11	det1=true
[19422]	141	147	-23	-25	-2	-14	det1=true
[19423]	146	147	-45	-16	-7	-12	det1=true
[19424]	146	147	-57	-16	-7	12	det1=true
[19425]	79	148	-39	-12	-10	2	det1=true
[19426]	79	148	-17	-8	-4	-10	det1=true
[19427]	107	148	-33	-34	-6	-10	det1=true
[19428]	109	148	-44	-25	-10	-6	det1=true
[19429]	112	148	-47	-4	-12	-2	det1=true
[19430]	130	148	-39	1	-10	-9	det1=true
[19431]	134	148	-61	-21	-11	-6	det1=true
[19432]	144	148	-47	-25	-8	-11	det1=true
[19433]	147	148	-49	-28	-2	14	det1=true
[19434]	96	145	-46	-39	-10	2	det1=true
[19435]	137	145	-31	4	-14	-1	det1=true
[19436]	138	145	-60	-5	-8	-10	det1=true
[19437]	138	145	-70	-5	-8	10	det1=true
[19438]	84	146	-25	-14	-4	-10	det1=true
[19439]	84	146	-35	-14	-4	10	det1=true
[19440]	122	146	-33	-3	-13	-2	det1=true
[19441]	68	147	-5	4	-10	-2	det1=true
[19442]	78	147	-24	-11	-8	7	det1=true
[19443]	113	147	-42	-20	-11	-5	det1=true
[19444]	113	147	-47	-20	-11	5	det1=true
[19445]	123	147	-20	0	-13	4	det1=true
[19446]	126	147	-26	-29	-2	-13	det1=true
[19447]	130	147	-47	-36	-12	4	det1=true
[19448]	72	148	-16	-15	-2	-10	det1=true
[19449]	72	148	-26	-15	-2	10	det1=true
[19450]	87	148	-17	-19	-2	-11	det1=true
[19451]	87	148	-28	-19	-2	11	det1=true
[19452]	97	148	-17	1	-8	-9	det1=true
[19453]	97	148	-26	1	-8	9	det1=true
[19454]	139	148	-23	-5	-3	-14	det1=true
[19455]	139	148	-37	-5	-3	14	det1=true
[19456]	143	148	-59	-25	-5	-12	det1=true
[19457]	143	148	-71	-25	-5	12	det1=true
[19458]	112	145	-37	-22	-1	-12	det1=true
[19459]	112	145	-49	-22	-1	12	det1=true
[19460]	36	147	-15	-1	-7	2	det1=true
[19461]	68	147	-11	0	-2	10	det1=true
[19462]	112	147	-14	3	-12	-5	det1=true
[19463]	112	147	-19	3	-12	5	det1=true
[19464]	117	147	-50	-16	-11	-5	det1=true
[19465]	117	147	-55	-16	-11	5	det1=true
[19466]	50	148	-14	-9	-8	-3	det1=true
[19467]	50	148	-17	-9	-8	3	det1=true
[19468]	74	148	-29	-22	-9	-4	det1=true
[19469]	74	148	-33	-22	-9	4	det1=true
[19470]	79	148	-27	-8	-4	10	det1=true
[19471]	109	148	-50	-25	-10	6	det1=true
[19472]	119	148	-61	-30	-10	6	det1=true
[19473]	122	148	-49	-18	-3	-12	det1=true
[19474]	122	148	-61	-18	-3	12	det1=true
[19475]	80	145	-15	-4	-9	-6	det1=true
[19476]	125	145	-28	-8	-13	-3	det1=true
[19477]	125	145	-31	-8	-13	3	det1=true
[19478]	137	145	-32	4	-14	1	det1=true
[19479]	132	146	-31	-11	-8	-11	det1=true
[19480]	132	146	-42	-11	-8	11	det1=true
[19481]	36	147	-13	-1	-7	-2	det1=true
[19482]	68	147	-7	4	-10	2	det1=true
[19483]	126	147	-39	-29	-2	13	det1=true
[19484]	137	147	-35	-6	-13	-5	det1=true
[19485]	143	147	-32	-12	-9	-11	det1=true
[19486]	143	147	-43	-12	-9	11	det1=true
[19487]	107	148	-43	-34	-6	10	det1=true
[19488]	144	148	-58	-25	-8	11	det1=true
[19489]	113	146	-51	-48	-7	-8	det1=true
[19490]	113	146	-59	-48	-7	8	det1=true
[19491]	105	147	-46	2	-11	-4	det1=true
[19492]	105	147	-50	2	-11	4	det1=true
[19493]	107	147	1	1	-8	-10	det1=true
[19494]	107	147	-9	1	-8	10	det1=true
[19495]	119	147	-39	-35	-2	-12	det1=true
[19496]	119	147	-51	-35	-2	12	det1=true
[19497]	148	148	-51	-39	-11	8	det1=true
[19498]	136	146	-63	-61	-6	-9	det1=true
[19499]	136	146	-72	-61	-6	9	det1=true
[19500]	68	147	-1	0	-2	-10	det1=true
[19501]	147	147	-70	-52	-11	-4	det1=true
[19502]	72	148	-20	-11	-10	-2	det1=true
[19503]	72	148	-22	-11	-10	2	det1=true
[19504]	125	148	-56	-21	-2	-12	det1=true
[19505]	125	148	-68	-21	-2	12	det1=true
[19506]	80	145	-21	-4	-9	6	det1=true
[19507]	100	145	-35	2	-11	-4	det1=true
[19508]	100	145	-39	2	-11	4	det1=true
[19509]	127	145	-59	-51	-11	-1	det1=true
[19510]	127	145	-60	-51	-11	1	det1=true
[19511]	84	146	-32	5	-10	-4	det1=true
[19512]	119	147	-38	0	-10	-8	det1=true
[19513]	119	147	-46	0	-10	8	det1=true
[19514]	137	148	-47	-31	-13	-2	det1=true
[19515]	112	145	-51	-6	-6	-10	det1=true
[19516]	112	145	-61	-6	-6	10	det1=true
[19517]	81	146	-36	-23	-8	-6	det1=true
[19518]	148	148	-43	-39	-11	-8	det1=true
[19519]	109	148	-39	-31	-11	-4	det1=true
[19520]	109	148	-43	-31	-11	4	det1=true
[19521]	76	145	-36	1	-10	-1	det1=true
[19522]	126	145	-56	-35	-4	-11	det1=true
[19523]	126	145	-67	-35	-4	11	det1=true
[19524]	87	147	-36	2	-4	-10	det1=true
[19525]	124	148	-41	-31	-6	-11	det1=true
[19526]	101	146	-24	-3	-8	-9	det1=true
[19527]	101	146	-33	-3	-8	9	det1=true
[19528]	78	148	-11	-7	-6	-9	det1=true
[19529]	78	148	-20	-7	-6	9	det1=true
[19530]	116	145	-43	-36	-10	-6	det1=true
[19531]	116	145	-49	-36	-10	6	det1=true
[19532]	98	148	-43	-35	-8	-7	det1=true
[19533]	98	148	-50	-35	-8	7	det1=true
[19534]	127	148	-26	-3	-4	-13	det1=true
[19535]	127	148	-39	-3	-4	13	det1=true
[19536]	96	147	-43	-42	-2	-10	det1=true
[19537]	147	147	-30	-32	-2	-14	det1=true
[19538]	132	146	-10	7	-14	-2	det1=true
[19539]	77	147	-5	-2	-6	-9	det1=true
[19540]	77	147	-14	-2	-6	9	det1=true
[19541]	119	147	-46	-40	-11	-4	det1=true
[19542]	119	147	-50	-40	-11	4	det1=true
[19543]	97	148	-33	2	-11	-4	det1=true
[19544]	124	148	-57	-12	-7	-10	det1=true
[19545]	124	148	-67	-12	-7	10	det1=true
[19546]	125	149	-6	3	-7	-12	det1=true
[19547]	125	149	-18	3	-7	12	det1=true
[19548]	130	149	-22	7	-14	-1	det1=true
[19549]	19	150	-6	1	-2	-5	det1=true
[19550]	19	150	-11	1	-2	5	det1=true
[19551]	121	151	-18	-6	-13	-4	det1=true
[19552]	121	151	-22	-6	-13	4	det1=true
[19553]	133	151	-34	2	-7	-12	det1=true
[19554]	133	151	-46	2	-7	12	det1=true
[19555]	148	151	-65	-58	-1	-12	det1=true
[19556]	148	151	-77	-58	-1	12	det1=true
[19557]	86	152	-2	3	-6	-10	det1=true
[19558]	86	152	-12	3	-6	10	det1=true
[19559]	47	149	-2	4	-8	-3	det1=true
[19560]	47	149	-5	4	-8	3	det1=true
[19561]	65	149	-15	-2	-4	-9	det1=true
[19562]	65	149	-24	-2	-4	9	det1=true
[19563]	89	149	-23	-4	-7	-9	det1=true
[19564]	89	149	-32	-4	-7	9	det1=true
[19565]	92	149	-41	-20	-4	-10	det1=true
[19566]	145	149	-41	-6	-14	-3	det1=true
[19567]	145	149	-44	-6	-14	3	det1=true
[19568]	145	149	-29	-1	-4	-14	det1=true
[19569]	145	149	-43	-1	-4	14	det1=true
[19570]	72	150	-28	5	-10	-2	det1=true
[19571]	72	150	-30	5	-10	2	det1=true
[19572]	124	150	-23	-7	-11	-8	det1=true
[19573]	124	150	-31	-7	-11	8	det1=true
[19574]	115	151	-27	-7	-11	-7	det1=true
[19575]	115	151	-34	-7	-11	7	det1=true
[19576]	151	151	-55	-50	-7	-11	det1=true
[19577]	151	151	-66	-50	-7	11	det1=true
[19578]	127	152	-11	4	-14	-2	det1=true
[19579]	127	152	-13	4	-14	2	det1=true
[19580]	152	152	-35	-13	-11	-10	det1=true
[19581]	59	149	-10	-6	-5	-8	det1=true
[19582]	59	149	-18	-6	-5	8	det1=true
[19583]	87	149	-18	-20	-2	-11	det1=true
[19584]	87	149	-29	-20	-2	11	det1=true
[19585]	109	149	-42	-11	-9	-8	det1=true
[19586]	109	149	-50	-11	-9	8	det1=true
[19587]	109	149	-44	-24	-2	12	det1=true
[19588]	124	149	-47	-49	-4	-11	det1=true
[19589]	124	149	-58	-49	-4	11	det1=true
[19590]	137	149	-20	-6	-6	-13	det1=true
[19591]	137	149	-33	-6	-6	13	det1=true
[19592]	144	149	-69	-52	-10	-6	det1=true
[19593]	149	149	-74	-23	-3	13	det1=true
[19594]	96	150	-33	-2	-11	-4	det1=true
[19595]	123	150	-44	-31	-8	10	det1=true
[19596]	125	150	-19	-17	-11	-8	det1=true
[19597]	43	151	-12	-5	-7	-4	det1=true
[19598]	43	151	-16	-5	-7	4	det1=true
[19599]	43	151	-10	-8	-1	-8	det1=true
[19600]	43	151	-18	-8	-1	8	det1=true
[19601]	85	151	-36	-38	-1	-10	det1=true
[19602]	85	151	-46	-38	-1	10	det1=true
[19603]	101	151	-28	-14	-9	-8	det1=true
[19604]	101	151	-36	-14	-9	8	det1=true
[19605]	103	151	-36	-4	-11	-5	det1=true
[19606]	103	151	-41	-4	-11	5	det1=true
[19607]	129	151	-22	-7	-5	-13	det1=true
[19608]	129	151	-35	-7	-5	13	det1=true
[19609]	143	151	-67	-60	-7	-9	det1=true
[19610]	143	151	-76	-60	-7	9	det1=true
[19611]	148	151	-13	1	-2	-15	det1=true
[19612]	148	151	-28	1	-2	15	det1=true
[19613]	46	152	-5	1	-3	8	det1=true
[19614]	88	152	-12	-5	-6	-10	det1=true
[19615]	88	152	-22	-5	-6	10	det1=true
[19616]	118	152	-57	-14	-12	-2	det1=true
[19617]	135	152	-28	-11	-2	-14	det1=true
[19618]	136	152	-32	1	-2	-14	det1=true
[19619]	136	152	-46	1	-2	14	det1=true
[19620]	137	152	-57	-54	-1	-12	det1=true
[19621]	137	152	-69	-54	-1	12	det1=true
[19622]	150	152	-77	-34	-3	-12	det1=true
[19623]	152	152	-72	-51	-10	-7	det1=true
[19624]	44	149	-14	-3	-4	-7	det1=true
[19625]	44	149	-21	-3	-4	7	det1=true
[19626]	53	149	-24	-12	-8	-3	det1=true
[19627]	53	149	-27	-12	-8	3	det1=true
[19628]	87	149	-35	-33	-9	-5	det1=true
[19629]	87	149	-40	-33	-9	5	det1=true
[19630]	109	149	-32	-24	-2	-12	det1=true
[19631]	127	149	-27	-26	-3	-13	det1=true
[19632]	127	149	-40	-26	-3	13	det1=true
[19633]	133	149	-33	4	-12	-7	det1=true
[19634]	133	149	-40	4	-12	7	det1=true
[19635]	134	149	-10	-5	-6	-13	det1=true
[19636]	143	149	-39	-3	-11	-9	det1=true
[19637]	143	149	-48	-3	-11	9	det1=true
[19638]	147	149	-70	-59	-11	4	det1=true
[19639]	149	149	-61	-23	-3	-13	det1=true
[19640]	96	150	-37	-2	-11	4	det1=true
[19641]	123	150	-34	-31	-8	-10	det1=true
[19642]	130	150	-33	-13	-4	-13	det1=true
[19643]	130	150	-46	-13	-4	13	det1=true
[19644]	55	151	-19	-4	-9	-1	det1=true
[19645]	74	151	-13	-5	-8	-7	det1=true
[19646]	107	151	-26	-30	-2	-12	det1=true
[19647]	117	151	-33	-2	-11	-7	det1=true
[19648]	117	151	-40	-2	-11	7	det1=true
[19649]	121	151	-38	-3	-1	-13	det1=true
[19650]	121	151	-51	-3	-1	13	det1=true
[19651]	122	151	-31	-27	-5	-12	det1=true
[19652]	124	151	-27	-15	-10	-9	det1=true
[19653]	124	151	-36	-15	-10	9	det1=true
[19654]	136	151	-39	-25	-8	-11	det1=true
[19655]	136	151	-50	-25	-8	11	det1=true
[19656]	136	151	-23	-1	-3	-14	det1=true
[19657]	136	151	-37	-1	-3	14	det1=true
[19658]	144	151	-49	-10	-14	2	det1=true
[19659]	147	151	-58	-30	-3	-13	det1=true
[19660]	147	151	-71	-30	-3	13	det1=true
[19661]	151	151	-18	4	-13	-8	det1=true
[19662]	46	152	3	1	-3	-8	det1=true
[19663]	77	152	-32	-7	-10	-3	det1=true
[19664]	90	152	-21	-4	-10	-6	det1=true
[19665]	90	152	-27	-4	-10	6	det1=true
[19666]	107	152	-41	1	-10	-7	det1=true
[19667]	107	152	-48	1	-10	7	det1=true
[19668]	109	152	-42	1	-12	-3	det1=true
[19669]	109	152	-45	1	-12	3	det1=true
[19670]	112	152	-50	-9	-8	-9	det1=true
[19671]	115	152	-47	-3	-3	-12	det1=true
[19672]	115	152	-59	-3	-3	12	det1=true
[19673]	137	152	-60	-27	-10	-8	det1=true
[19674]	137	152	-68	-27	-10	8	det1=true
[19675]	143	152	-51	1	-7	-12	det1=true
[19676]	143	152	-63	1	-7	12	det1=true
[19677]	77	149	-14	0	-4	-10	det1=true
[19678]	77	149	-24	0	-4	10	det1=true
[19679]	93	149	-46	2	-11	-1	det1=true
[19680]	93	149	-47	2	-11	1	det1=true
[19681]	101	149	-24	0	-10	-7	det1=true
[19682]	101	149	-31	0	-10	7	det1=true
[19683]	109	149	-4	2	-12	-5	det1=true
[19684]	109	149	-9	2	-12	5	det1=true
[19685]	116	149	-48	-13	-2	-12	det1=true
[19686]	116	149	-60	-13	-2	12	det1=true
[19687]	120	149	-55	0	-7	-10	det1=true
[19688]	120	149	-65	0	-7	10	det1=true
[19689]	126	149	-51	-40	-1	-12	det1=true
[19690]	126	149	-63	-40	-1	12	det1=true
[19691]	133	149	-13	-7	-9	-11	det1=true
[19692]	133	149	-24	-7	-9	11	det1=true
[19693]	140	149	-61	-56	-6	-10	det1=true
[19694]	140	149	-71	-56	-6	10	det1=true
[19695]	142	149	-41	0	-8	12	det1=true
[19696]	144	149	-45	-31	-4	-13	det1=true
[19697]	144	149	-58	-31	-4	13	det1=true
[19698]	111	150	-49	-25	-11	-4	det1=true
[19699]	111	150	-53	-25	-11	4	det1=true
[19700]	136	150	-31	-8	-14	-2	det1=true
[19701]	136	150	-33	-8	-14	2	det1=true
[19702]	148	150	-66	-61	-4	-11	det1=true
[19703]	148	150	-77	-61	-4	11	det1=true
[19704]	55	151	-8	-2	-2	-9	det1=true
[19705]	55	151	-17	-2	-2	9	det1=true
[19706]	95	151	-7	-1	-2	-12	det1=true
[19707]	95	151	-19	-1	-2	12	det1=true
[19708]	97	151	-42	-12	-11	-3	det1=true
[19709]	97	151	-45	-12	-11	3	det1=true
[19710]	98	151	-24	5	-12	-2	det1=true
[19711]	98	151	-26	5	-12	2	det1=true
[19712]	101	151	-46	-32	-11	-1	det1=true
[19713]	106	151	-35	-20	-9	-8	det1=true
[19714]	106	151	-43	-20	-9	8	det1=true
[19715]	109	151	-38	-15	-7	-10	det1=true
[19716]	109	151	-48	-15	-7	10	det1=true
[19717]	117	151	-32	3	-13	-2	det1=true
[19718]	117	151	-34	3	-13	2	det1=true
[19719]	121	151	-41	-8	-12	-5	det1=true
[19720]	121	151	-46	-8	-12	5	det1=true
[19721]	122	151	-43	-27	-5	12	det1=true
[19722]	144	151	-47	-10	-14	-2	det1=true
[19723]	78	152	-19	-19	-7	-8	det1=true
[19724]	78	152	-27	-19	-7	8	det1=true
[19725]	128	152	-50	-47	-8	-9	det1=true
[19726]	128	152	-59	-47	-8	9	det1=true
[19727]	129	152	-20	3	-14	-2	det1=true
[19728]	129	152	-22	3	-14	2	det1=true
[19729]	146	152	-51	-18	-7	-12	det1=true
[19730]	149	152	-23	-21	-11	-10	det1=true
[19731]	149	152	-33	-21	-11	10	det1=true
[19732]	74	149	-38	-11	-8	6	det1=true
[19733]	112	149	-35	-9	-11	-6	det1=true
[19734]	112	149	-41	-9	-11	6	det1=true
[19735]	112	149	-29	-27	-3	-12	det1=true
[19736]	112	149	-41	-27	-3	12	det1=true
[19737]	121	149	-56	-18	-8	-9	det1=true
[19738]	121	149	-65	-18	-8	9	det1=true
[19739]	134	149	-23	-5	-6	13	det1=true
[19740]	145	149	-67	-47	-12	-2	det1=true
[19741]	145	149	-69	-47	-12	2	det1=true
[19742]	65	150	-6	-1	-10	-1	det1=true
[19743]	105	150	-35	5	-10	-7	det1=true
[19744]	105	150	-42	5	-10	7	det1=true
[19745]	121	150	-51	-26	-2	-12	det1=true
[19746]	137	150	-8	-3	-4	-14	det1=true
[19747]	137	150	-22	-3	-4	14	det1=true
[19748]	144	150	-29	0	-4	-14	det1=true
[19749]	144	150	-43	0	-4	14	det1=true
[19750]	148	150	-38	-31	-2	-14	det1=true
[19751]	150	150	-41	-36	-1	-14	det1=true
[19752]	19	151	-7	0	-2	-5	det1=true
[19753]	19	151	-12	0	-2	5	det1=true
[19754]	74	151	-20	-5	-8	7	det1=true
[19755]	96	151	-17	6	-12	-2	det1=true
[19756]	96	151	-19	6	-12	2	det1=true
[19757]	103	151	-31	-20	-12	-1	det1=true
[19758]	103	151	-32	-20	-12	1	det1=true
[19759]	120	151	-14	-1	-8	-11	det1=true
[19760]	120	151	-25	-1	-8	11	det1=true
[19761]	135	151	-5	1	-14	-4	det1=true
[19762]	142	151	-70	-43	-4	12	det1=true
[19763]	146	151	-47	-1	-14	-3	det1=true
[19764]	146	151	-50	-1	-14	3	det1=true
[19765]	146	151	-37	-8	-14	-4	det1=true
[19766]	147	151	-38	-38	-5	-13	det1=true
[19767]	149	151	-25	-22	-13	-7	det1=true
[19768]	151	151	-26	4	-13	8	det1=true
[19769]	116	152	-57	-15	-12	-1	det1=true
[19770]	117	152	-53	-35	-11	-4	det1=true
[19771]	117	152	-57	-35	-11	4	det1=true
[19772]	137	152	-36	-15	-6	13	det1=true
[19773]	144	152	-59	-35	-13	-2	det1=true
[19774]	144	152	-61	-35	-13	2	det1=true
[19775]	152	152	-115	-36	-1	10	det1=true
[19776]	52	149	-21	-10	-3	-8	det1=true
[19777]	57	149	-13	-6	-6	-7	det1=true
[19778]	57	149	-20	-6	-6	7	det1=true
[19779]	72	149	-24	-7	-10	-2	det1=true
[19780]	96	149	-1	3	-7	-10	det1=true
[19781]	110	149	-24	-11	-4	-12	det1=true
[19782]	110	149	-36	-11	-4	12	det1=true
[19783]	113	149	-48	-12	-11	-5	det1=true
[19784]	119	149	-50	-26	-9	-8	det1=true
[19785]	119	149	-58	-26	-9	8	det1=true
[19786]	122	149	-55	-24	-9	-8	det1=true
[19787]	122	149	-63	-24	-9	8	det1=true
[19788]	123	149	-52	-38	-3	12	det1=true
[19789]	131	149	-7	0	-9	-11	det1=true
[19790]	131	149	-18	0	-9	11	det1=true
[19791]	142	149	-29	0	-8	-12	det1=true
[19792]	72	150	-27	-14	-8	-6	det1=true
[19793]	72	150	-33	-14	-8	6	det1=true
[19794]	72	150	-16	-19	-2	-10	det1=true
[19795]	72	150	-26	-19	-2	10	det1=true
[19796]	77	150	-14	-7	-4	-10	det1=true
[19797]	108	150	-48	-19	-10	-6	det1=true
[19798]	108	150	-54	-19	-10	6	det1=true
[19799]	124	150	-35	-32	-8	-10	det1=true
[19800]	124	150	-45	-32	-8	10	det1=true
[19801]	136	150	-15	-4	-4	14	det1=true
[19802]	140	150	-58	-19	-8	11	det1=true
[19803]	145	150	-51	-1	-7	-12	det1=true
[19804]	145	150	-63	-1	-7	12	det1=true
[19805]	71	151	-25	-15	-8	-6	det1=true
[19806]	71	151	-31	-15	-8	6	det1=true
[19807]	95	151	-29	-4	-4	-11	det1=true
[19808]	109	151	-10	-2	-5	-12	det1=true
[19809]	109	151	-22	-2	-5	12	det1=true
[19810]	123	151	-45	-28	-1	13	det1=true
[19811]	141	151	-49	-42	-11	-7	det1=true
[19812]	141	151	-56	-42	-11	7	det1=true
[19813]	143	151	-66	-62	-3	-11	det1=true
[19814]	143	151	-77	-62	-3	11	det1=true
[19815]	52	152	-22	-15	-8	-3	det1=true
[19816]	52	152	-25	-15	-8	3	det1=true
[19817]	112	152	-59	-9	-8	9	det1=true
[19818]	115	152	-50	-21	-8	-9	det1=true
[19819]	125	152	-9	-1	-14	1	det1=true
[19820]	137	152	-23	-15	-6	-13	det1=true
[19821]	140	152	-65	-22	-8	-10	det1=true
[19822]	140	152	-75	-22	-8	10	det1=true
[19823]	146	152	-63	-18	-7	12	det1=true
[19824]	152	152	-83	-29	-5	12	det1=true
[19825]	72	149	-21	-19	-1	-10	det1=true
[19826]	74	149	-32	-11	-8	-6	det1=true
[19827]	89	149	-28	-12	-2	-11	det1=true
[19828]	89	149	-39	-12	-2	11	det1=true
[19829]	95	149	-27	-24	-3	-11	det1=true
[19830]	95	149	-38	-24	-3	11	det1=true
[19831]	128	149	-50	-41	-2	-12	det1=true
[19832]	128	149	-62	-41	-2	12	det1=true
[19833]	133	149	-22	-20	-7	-12	det1=true
[19834]	133	149	-34	-20	-7	12	det1=true
[19835]	133	149	-16	1	-9	-11	det1=true
[19836]	133	149	-27	1	-9	11	det1=true
[19837]	134	149	-45	0	-13	-4	det1=true
[19838]	46	150	-14	-7	-2	-8	det1=true
[19839]	46	150	-22	-7	-2	8	det1=true
[19840]	93	150	-7	3	-12	-1	det1=true
[19841]	93	150	-8	3	-12	1	det1=true
[19842]	97	150	-31	-13	-11	-4	det1=true
[19843]	97	150	-35	-13	-11	4	det1=true
[19844]	118	150	-31	-4	-13	-2	det1=true
[19845]	118	150	-33	-4	-13	2	det1=true
[19846]	140	150	-47	-19	-8	-11	det1=true
[19847]	95	151	-40	-4	-4	11	det1=true
[19848]	123	151	-32	-28	-1	-13	det1=true
[19849]	138	151	-16	-1	-4	-14	det1=true
[19850]	138	151	-30	-1	-4	14	det1=true
[19851]	73	152	-20	-9	-10	-3	det1=true
[19852]	73	152	-23	-9	-10	3	det1=true
[19853]	77	152	-35	-7	-10	3	det1=true
[19854]	79	152	-28	5	-10	-4	det1=true
[19855]	79	152	-32	5	-10	4	det1=true
[19856]	103	152	-26	-25	-8	-9	det1=true
[19857]	103	152	-35	-25	-8	9	det1=true
[19858]	112	152	-43	-26	-9	-8	det1=true
[19859]	112	152	-51	-26	-9	8	det1=true
[19860]	152	152	-71	-29	-5	-12	det1=true
[19861]	45	149	-11	-3	-8	-2	det1=true
[19862]	45	149	-13	-3	-8	2	det1=true
[19863]	96	149	-11	3	-7	10	det1=true
[19864]	149	149	-78	-35	-1	-12	det1=true
[19865]	149	149	-90	-35	-1	12	det1=true
[19866]	94	150	-37	-17	-2	-11	det1=true
[19867]	94	150	-48	-17	-2	11	det1=true
[19868]	112	150	-42	-17	-2	-12	det1=true
[19869]	112	150	-54	-17	-2	12	det1=true
[19870]	141	150	-20	-9	-4	-14	det1=true
[19871]	146	150	-35	-21	-3	-14	det1=true
[19872]	146	150	-49	-21	-3	14	det1=true
[19873]	101	151	-47	-32	-11	1	det1=true
[19874]	125	151	-10	-1	-1	14	det1=true
[19875]	135	151	-32	0	-1	-14	det1=true
[19876]	135	151	-46	0	-1	14	det1=true
[19877]	136	151	-33	-8	-1	-14	det1=true
[19878]	136	151	-47	-8	-1	14	det1=true
[19879]	144	152	-35	-35	-1	-14	det1=true
[19880]	99	149	-27	-22	-4	-11	det1=true
[19881]	99	149	-38	-22	-4	11	det1=true
[19882]	122	149	-21	-9	-10	-9	det1=true
[19883]	122	149	-30	-9	-10	9	det1=true
[19884]	146	149	-39	-15	-14	-3	det1=true
[19885]	82	150	-36	-31	-10	-1	det1=true
[19886]	82	150	-37	-31	-10	1	det1=true
[19887]	109	151	-39	-22	-11	-5	det1=true
[19888]	109	151	-44	-22	-11	5	det1=true
[19889]	125	151	4	-1	-1	-14	det1=true
[19890]	126	151	-53	-39	-9	-8	det1=true
[19891]	126	151	-61	-39	-9	8	det1=true
[19892]	135	151	0	-4	-4	-14	det1=true
[19893]	147	151	-69	-7	-13	-3	det1=true
[19894]	147	151	-72	-7	-13	3	det1=true
[19895]	147	151	-51	-38	-5	13	det1=true
[19896]	125	152	-8	-1	-14	-1	det1=true
[19897]	147	152	-67	-61	-4	-11	det1=true
[19898]	147	152	-78	-61	-4	11	det1=true
[19899]	72	149	-32	5	-10	-1	det1=true
[19900]	72	149	-33	5	-10	1	det1=true
[19901]	77	149	-9	-11	-4	-10	det1=true
[19902]	77	149	-19	-11	-4	10	det1=true
[19903]	107	149	-37	-31	-6	-10	det1=true
[19904]	107	149	-47	-31	-6	10	det1=true
[19905]	133	149	-56	5	-13	-2	det1=true
[19906]	133	149	-58	5	-13	2	det1=true
[19907]	146	149	-42	-15	-14	3	det1=true
[19908]	76	150	-11	-4	-4	-10	det1=true
[19909]	76	150	-21	-4	-4	10	det1=true
[19910]	144	150	-32	-5	-14	-4	det1=true
[19911]	144	150	-36	-5	-14	4	det1=true
[19912]	74	151	-31	-23	-4	-9	det1=true
[19913]	74	151	-40	-23	-4	9	det1=true
[19914]	136	151	-63	-51	-11	-4	det1=true
[19915]	136	151	-67	-51	-11	4	det1=true
[19916]	115	152	-54	-19	-12	-1	det1=true
[19917]	115	152	-55	-19	-12	1	det1=true
[19918]	146	152	-62	-37	-12	-5	det1=true
[19919]	146	152	-67	-37	-12	5	det1=true
[19920]	61	149	-26	-17	-1	-9	det1=true
[19921]	61	149	-35	-17	-1	9	det1=true
[19922]	117	149	-41	-34	-11	-5	det1=true
[19923]	117	149	-46	-34	-11	5	det1=true
[19924]	149	149	-62	-15	-9	-10	det1=true
[19925]	104	150	-35	-27	-4	-11	det1=true
[19926]	104	150	-46	-27	-4	11	det1=true
[19927]	107	151	-31	-25	-12	-2	det1=true
[19928]	81	149	-19	3	-11	-1	det1=true
[19929]	81	149	-20	3	-11	1	det1=true
[19930]	77	152	-29	-9	-3	-10	det1=true
[19931]	77	152	-39	-9	-3	10	det1=true
[19932]	145	150	-35	-33	-1	-14	det1=true
[19933]	121	152	-27	-10	-12	-6	det1=true
[19934]	73	151	-20	-14	-5	-9	det1=true
[19935]	73	151	-29	-14	-5	9	det1=true
[19936]	66	152	-27	-29	-2	-9	det1=true
[19937]	145	151	-54	-42	-9	10	det1=true
[19938]	145	151	-44	-42	-9	-10	det1=true
[19939]	123	152	-33	-11	-8	11	det1=true
[19940]	123	152	-22	-11	-8	-11	det1=true
[19941]	78	151	-19	-5	-9	-6	det1=true
[19942]	149	149	-40	-28	-2	-14	det1=true
[19943]	82	149	-37	-28	-6	-8	det1=true
[19944]	100	152	-35	-19	-4	-11	det1=true
[19945]	100	152	-46	-19	-4	11	det1=true
[19946]	108	152	-21	-2	-8	-10	det1=true
[19947]	108	152	-31	-2	-8	10	det1=true
[19948]	99	150	-36	-1	-4	-11	det1=true
[19949]	99	150	-47	-1	-4	11	det1=true
[19950]	152	152	-53	-41	-4	-13	det1=true
[19951]	152	152	-66	-41	-4	13	det1=true
[19952]	123	150	-58	-15	-10	-7	det1=true
[19953]	121	152	-59	-3	-12	-3	det1=true
[19954]	121	152	-62	-3	-12	3	det1=true
[19955]	154	154	-39	-18	-15	0	det1=true
[19956]	127	155	-4	2	-14	-3	det1=true
[19957]	81	153	-29	-13	-10	-4	det1=true
[19958]	91	153	-19	-15	-6	-10	det1=true
[19959]	91	153	-29	-15	-6	10	det1=true
[19960]	139	153	-45	-28	-4	-13	det1=true
[19961]	139	153	-58	-28	-4	13	det1=true
[19962]	86	154	-37	-38	-2	-10	det1=true
[19963]	86	154	-47	-38	-2	10	det1=true
[19964]	93	155	-23	-20	-4	-11	det1=true
[19965]	93	155	-34	-20	-4	11	det1=true
[19966]	127	155	-49	-38	-6	-11	det1=true
[19967]	127	155	-60	-38	-6	11	det1=true
[19968]	135	155	-64	-4	-11	-7	det1=true
[19969]	135	155	-71	-4	-11	7	det1=true
[19970]	155	155	-62	-25	-5	-13	det1=true
[19971]	133	156	-27	-20	-2	-14	det1=true
[19972]	149	156	-35	-19	-14	-5	det1=true
[19973]	149	156	-40	-19	-14	5	det1=true
[19974]	155	156	-67	-21	-12	-7	det1=true
[19975]	155	156	-74	-21	-12	7	det1=true
[19976]	97	153	-20	-12	-5	-11	det1=true
[19977]	104	153	-35	-18	-9	-8	det1=true
[19978]	104	153	-43	-18	-9	8	det1=true
[19979]	120	153	-23	2	-13	-4	det1=true
[19980]	120	153	-27	2	-13	4	det1=true
[19981]	133	153	-60	-44	-8	-9	det1=true
[19982]	133	153	-69	-44	-8	9	det1=true
[19983]	88	154	-33	-9	-2	-11	det1=true
[19984]	88	154	-44	-9	-2	11	det1=true
[19985]	88	154	-18	3	-6	-10	det1=true
[19986]	88	154	-28	3	-6	10	det1=true
[19987]	135	154	-49	-20	-6	-12	det1=true
[19988]	135	154	-61	-20	-6	12	det1=true
[19989]	139	154	-39	3	-13	-6	det1=true
[19990]	146	154	-44	-21	-14	-3	det1=true
[19991]	146	154	-47	-21	-14	3	det1=true
[19992]	153	154	-59	-18	-1	-14	det1=true
[19993]	41	155	-6	-5	-1	-8	det1=true
[19994]	106	155	-43	-13	-8	-9	det1=true
[19995]	106	155	-52	-13	-8	9	det1=true
[19996]	115	155	-4	2	-4	-13	det1=true
[19997]	115	155	-17	2	-4	13	det1=true
[19998]	117	155	-33	-2	-2	-13	det1=true
[19999]	117	155	-46	-2	-2	13	det1=true
[20000]	146	155	-13	1	-13	-8	det1=true
[20001]	146	155	-21	1	-13	8	det1=true
[20002]	151	155	-34	-6	-1	-15	det1=true
[20003]	151	155	-49	-6	-1	15	det1=true
[20004]	155	155	-78	-67	-11	-3	det1=true
[20005]	102	156	-33	-22	-1	-12	det1=true
[20006]	102	156	-45	-22	-1	12	det1=true
[20007]	126	156	-12	-11	-2	-14	det1=true
[20008]	126	156	-26	-11	-2	14	det1=true
[20009]	45	153	-17	-3	-8	-2	det1=true
[20010]	45	153	-19	-3	-8	2	det1=true
[20011]	68	153	-13	-10	-2	-10	det1=true
[20012]	68	153	-23	-10	-2	10	det1=true
[20013]	89	153	-28	-28	-1	-11	det1=true
[20014]	89	153	-39	-28	-1	11	det1=true
[20015]	96	153	-15	-1	-7	-10	det1=true
[20016]	96	153	-25	-1	-7	10	det1=true
[20017]	101	153	-31	-18	-12	-1	det1=true
[20018]	101	153	-32	-18	-12	1	det1=true
[20019]	107	153	-45	-2	-8	-9	det1=true
[20020]	107	153	-54	-2	-8	9	det1=true
[20021]	115	153	-44	-33	-9	-8	det1=true
[20022]	125	153	-29	-4	-5	13	det1=true
[20023]	143	153	-6	-7	-1	-15	det1=true
[20024]	143	153	-21	-7	-1	15	det1=true
[20025]	147	153	-66	-58	-1	-12	det1=true
[20026]	149	153	-70	-28	-13	-2	det1=true
[20027]	149	153	-72	-28	-13	2	det1=true
[20028]	73	154	-21	-8	-7	8	det1=true
[20029]	106	154	-44	-27	-6	-10	det1=true
[20030]	106	154	-54	-27	-6	10	det1=true
[20031]	117	154	-30	-29	-8	-10	det1=true
[20032]	122	154	-37	-25	-5	-12	det1=true
[20033]	122	154	-49	-25	-5	12	det1=true
[20034]	134	154	-47	-20	-9	-10	det1=true
[20035]	134	154	-57	-20	-9	10	det1=true
[20036]	136	154	-61	-21	-12	-5	det1=true
[20037]	136	154	-66	-21	-12	5	det1=true
[20038]	144	154	-51	-37	-10	-9	det1=true
[20039]	144	154	-60	-37	-10	9	det1=true
[20040]	23	155	-4	2	-6	-1	det1=true
[20041]	93	155	-44	-15	-11	-2	det1=true
[20042]	93	155	-46	-15	-11	2	det1=true
[20043]	111	155	-24	-4	-7	-11	det1=true
[20044]	116	155	-44	-21	-10	8	det1=true
[20045]	131	155	-36	-26	-4	-13	det1=true
[20046]	131	155	-49	-26	-4	13	det1=true
[20047]	131	155	-21	-6	-14	-3	det1=true
[20048]	131	155	-24	-6	-14	3	det1=true
[20049]	135	155	-34	-19	-1	-14	det1=true
[20050]	137	155	-39	-15	-14	-2	det1=true
[20051]	137	155	-41	-15	-14	2	det1=true
[20052]	143	155	-57	-41	-7	-11	det1=true
[20053]	143	155	-68	-41	-7	11	det1=true
[20054]	151	155	-77	-67	-11	3	det1=true
[20055]	151	155	-70	-16	-13	-4	det1=true
[20056]	151	155	-74	-16	-13	4	det1=true
[20057]	153	155	-73	-34	-8	11	det1=true
[20058]	64	156	-3	2	-10	-2	det1=true
[20059]	75	156	-22	1	-10	-4	det1=true
[20060]	125	156	-38	-23	-8	11	det1=true
[20061]	138	156	-11	-4	-5	-14	det1=true
[20062]	138	156	-25	-4	-5	14	det1=true
[20063]	147	156	-81	-58	-1	12	det1=true
[20064]	85	153	-26	-12	-11	-2	det1=true
[20065]	97	153	-18	-19	-1	-12	det1=true
[20066]	97	153	-30	-19	-1	12	det1=true
[20067]	100	153	-43	-40	-9	-6	det1=true
[20068]	100	153	-49	-40	-9	6	det1=true
[20069]	100	153	-25	-8	-7	-10	det1=true
[20070]	100	153	-35	-8	-7	10	det1=true
[20071]	111	153	-47	-18	-11	-5	det1=true
[20072]	111	153	-52	-18	-11	5	det1=true
[20073]	115	153	-52	-33	-9	8	det1=true
[20074]	117	153	-35	-21	-10	-8	det1=true
[20075]	126	153	-27	-19	-4	-13	det1=true
[20076]	126	153	-40	-19	-4	13	det1=true
[20077]	73	154	-13	-8	-7	-8	det1=true
[20078]	117	154	-40	-29	-8	10	det1=true
[20079]	130	154	-49	-26	-5	-12	det1=true
[20080]	130	154	-61	-26	-5	12	det1=true
[20081]	133	154	-47	-37	-12	-5	det1=true
[20082]	133	154	-52	-37	-12	5	det1=true
[20083]	133	154	-36	-15	-12	-7	det1=true
[20084]	133	154	-43	-15	-12	7	det1=true
[20085]	139	154	-43	-33	-11	-8	det1=true
[20086]	153	154	-73	-18	-1	14	det1=true
[20087]	23	155	-5	2	-6	1	det1=true
[20088]	56	155	-25	-4	-7	6	det1=true
[20089]	70	155	-31	-4	-6	-8	det1=true
[20090]	83	155	-36	-34	-2	-10	det1=true
[20091]	83	155	-46	-34	-2	10	det1=true
[20092]	102	155	-49	-4	-11	-4	det1=true
[20093]	102	155	-53	-4	-11	4	det1=true
[20094]	111	155	-35	-4	-7	11	det1=true
[20095]	112	155	-31	-21	-5	12	det1=true
[20096]	153	155	-62	-34	-8	-11	det1=true
[20097]	155	155	-75	-25	-5	13	det1=true
[20098]	155	155	-44	-16	-11	-10	det1=true
[20099]	155	155	-54	-16	-11	10	det1=true
[20100]	59	156	-22	-5	-8	-5	det1=true
[20101]	59	156	-27	-5	-8	5	det1=true
[20102]	94	156	-16	1	-10	-7	det1=true
[20103]	105	156	-38	-35	-4	-11	det1=true
[20104]	105	156	-49	-35	-4	11	det1=true
[20105]	132	156	-18	1	-14	4	det1=true
[20106]	140	156	-65	-6	-13	4	det1=true
[20107]	156	156	-70	-5	-14	-2	det1=true
[20108]	156	156	-72	-5	-14	2	det1=true
[20109]	35	153	-12	-7	-7	-2	det1=true
[20110]	35	153	-14	-7	-7	2	det1=true
[20111]	48	153	-15	-5	-8	-3	det1=true
[20112]	48	153	-18	-5	-8	3	det1=true
[20113]	71	153	-2	1	-7	-8	det1=true
[20114]	71	153	-10	1	-7	8	det1=true
[20115]	100	153	-38	-15	-4	-11	det1=true
[20116]	100	153	-49	-15	-4	11	det1=true
[20117]	119	153	-58	2	-12	-3	det1=true
[20118]	125	153	-16	-4	-5	-13	det1=true
[20119]	128	153	-39	1	-11	-8	det1=true
[20120]	128	153	-47	1	-11	8	det1=true
[20121]	144	153	-32	-17	-14	-4	det1=true
[20122]	145	153	-50	-8	-1	-14	det1=true
[20123]	153	153	-68	-10	-4	-13	det1=true
[20124]	153	153	-81	-10	-4	13	det1=true
[20125]	153	153	-38	-22	-13	-7	det1=true
[20126]	153	153	-45	-22	-13	7	det1=true
[20127]	112	154	-40	-9	-6	-11	det1=true
[20128]	122	154	-25	-7	-4	-13	det1=true
[20129]	122	154	-38	-7	-4	13	det1=true
[20130]	139	154	-45	3	-13	6	det1=true
[20131]	56	155	-19	-4	-7	-6	det1=true
[20132]	116	155	-36	-21	-10	-8	det1=true
[20133]	123	155	-51	-11	-8	-10	det1=true
[20134]	123	155	-61	-11	-8	10	det1=true
[20135]	125	155	-1	4	-11	-9	det1=true
[20136]	125	155	-10	4	-11	9	det1=true
[20137]	143	155	-66	-61	-11	-4	det1=true
[20138]	143	155	-70	-61	-11	4	det1=true
[20139]	152	155	-25	-23	-2	-15	det1=true
[20140]	155	155	-61	-59	-10	-8	det1=true
[20141]	155	155	-69	-59	-10	8	det1=true
[20142]	70	156	-31	-11	-10	-1	det1=true
[20143]	70	156	-32	-11	-10	1	det1=true
[20144]	78	156	-30	-1	-10	-4	det1=true
[20145]	78	156	-34	-1	-10	4	det1=true
[20146]	135	156	-42	-29	-8	-11	det1=true
[20147]	153	156	-37	-25	-10	-11	det1=true
[20148]	153	156	-48	-25	-10	11	det1=true
[20149]	92	153	-41	-13	-11	-2	det1=true
[20150]	92	153	-43	-13	-11	2	det1=true
[20151]	94	153	-12	-11	-8	-9	det1=true
[20152]	100	153	-34	-9	-12	-1	det1=true
[20153]	100	153	-35	-9	-12	1	det1=true
[20154]	115	153	-30	-4	-7	-11	det1=true
[20155]	115	153	-41	-4	-7	11	det1=true
[20156]	128	153	-41	-38	-8	-10	det1=true
[20157]	128	153	-51	-38	-8	10	det1=true
[20158]	136	153	-35	-12	-14	-2	det1=true
[20159]	136	153	-37	-12	-14	2	det1=true
[20160]	106	154	-9	3	-12	-5	det1=true
[20161]	106	154	-14	3	-12	5	det1=true
[20162]	122	154	-63	-46	-6	10	det1=true
[20163]	148	154	-65	-17	-12	7	det1=true
[20164]	131	155	-51	-27	-11	-7	det1=true
[20165]	131	155	-58	-27	-11	7	det1=true
[20166]	133	155	-53	-4	-3	-13	det1=true
[20167]	133	155	-66	-4	-3	13	det1=true
[20168]	138	155	-57	-47	-11	-6	det1=true
[20169]	138	155	-63	-47	-11	6	det1=true
[20170]	140	155	-39	-11	-13	-6	det1=true
[20171]	140	155	-45	-11	-13	6	det1=true
[20172]	152	155	-33	0	-14	-6	det1=true
[20173]	152	155	-39	0	-14	6	det1=true
[20174]	64	156	-5	2	-10	2	det1=true
[20175]	72	156	-24	-7	-10	-3	det1=true
[20176]	72	156	-27	-7	-10	3	det1=true
[20177]	116	156	-13	-6	-13	-4	det1=true
[20178]	116	156	-17	-6	-13	4	det1=true
[20179]	153	156	-59	-18	-2	-14	det1=true
[20180]	153	156	-73	-18	-2	14	det1=true
[20181]	43	153	-16	-2	-7	-4	det1=true
[20182]	43	153	-20	-2	-7	4	det1=true
[20183]	49	153	-17	-2	-7	-5	det1=true
[20184]	98	153	-41	-30	-11	-2	det1=true
[20185]	98	153	-43	-30	-11	2	det1=true
[20186]	106	153	-29	-17	-3	-12	det1=true
[20187]	106	153	-41	-17	-3	12	det1=true
[20188]	114	154	-47	-39	-4	-11	det1=true
[20189]	114	154	-58	-39	-4	11	det1=true
[20190]	122	154	-53	-46	-6	-10	det1=true
[20191]	148	154	-58	-17	-12	-7	det1=true
[20192]	43	155	-19	-16	-6	-5	det1=true
[20193]	131	155	-49	-29	-7	-11	det1=true
[20194]	131	155	-60	-29	-7	11	det1=true
[20195]	139	155	-59	-56	-11	-5	det1=true
[20196]	139	155	-64	-56	-11	5	det1=true
[20197]	151	155	-67	-26	-10	-9	det1=true
[20198]	151	155	-76	-26	-10	9	det1=true
[20199]	114	156	-39	-8	-8	-10	det1=true
[20200]	120	156	-55	-43	-11	-4	det1=true
[20201]	120	156	-59	-43	-11	4	det1=true
[20202]	48	153	-23	-12	-8	-2	det1=true
[20203]	48	153	-25	-12	-8	2	det1=true
[20204]	72	153	-33	-8	-8	-6	det1=true
[20205]	72	153	-39	-8	-8	6	det1=true
[20206]	110	155	-49	-29	-4	-11	det1=true
[20207]	151	155	-56	-44	-9	-10	det1=true
[20208]	151	155	-66	-44	-9	10	det1=true
[20209]	155	155	-34	-14	-14	-6	det1=true
[20210]	155	155	-40	-14	-14	6	det1=true
[20211]	105	156	-37	-27	-12	-1	det1=true
[20212]	105	156	-38	-27	-12	1	det1=true
[20213]	112	153	-48	-47	-2	-11	det1=true
[20214]	112	153	-59	-47	-2	11	det1=true
[20215]	143	153	-49	-19	-13	-5	det1=true
[20216]	134	154	-37	-14	-7	-12	det1=true
[20217]	134	154	-49	-14	-7	12	det1=true
[20218]	154	154	-73	-3	-11	-8	det1=true
[20219]	154	154	-81	-3	-11	8	det1=true
[20220]	119	155	-42	-47	-1	-12	det1=true
[20221]	119	155	-54	-47	-1	12	det1=true
[20222]	136	156	-57	2	-13	-4	det1=true
[20223]	136	156	-61	2	-13	4	det1=true
[20224]	97	153	-20	-15	-9	-8	det1=true
[20225]	97	153	-28	-15	-9	8	det1=true
[20226]	145	153	-64	-56	-11	-5	det1=true
[20227]	145	153	-69	-56	-11	5	det1=true
[20228]	116	154	-15	-7	-9	-10	det1=true
[20229]	116	154	-25	-7	-9	10	det1=true
[20230]	67	156	-13	-12	-2	-10	det1=true
[20231]	67	156	-23	-12	-2	10	det1=true
[20232]	78	156	-13	4	-11	-2	det1=true
[20233]	78	156	-15	4	-11	2	det1=true
[20234]	69	153	-22	-12	-1	-10	det1=true
[20235]	69	153	-32	-12	-1	10	det1=true
[20236]	96	155	-37	-10	-11	-4	det1=true
[20237]	96	155	-41	-10	-11	4	det1=true
[20238]	72	156	-1	1	-9	-6	det1=true
[20239]	155	155	-36	-10	-14	-6	det1=true
[20240]	103	153	-39	-2	-11	-5	det1=true
[20241]	142	154	-50	-29	-4	-13	det1=true
[20242]	142	154	-63	-29	-4	13	det1=true
[20243]	83	155	-39	-27	-9	-5	det1=true
[20244]	83	155	-44	-27	-9	5	det1=true
[20245]	123	155	-15	-7	-13	-5	det1=true
[20246]	123	155	-20	-7	-13	5	det1=true
[20247]	127	156	-12	7	-14	-3	det1=true
[20248]	127	156	-15	7	-14	3	det1=true
[20249]	71	153	-3	4	-8	-7	det1=true
[20250]	71	153	-10	4	-8	7	det1=true
[20251]	82	153	-14	-13	-2	-11	det1=true
[20252]	82	153	-25	-13	-2	11	det1=true
[20253]	114	153	-6	5	-10	-9	det1=true
[20254]	114	153	-15	5	-10	9	det1=true
[20255]	144	153	-55	-59	-3	-12	det1=true
[20256]	99	153	-10	-14	-3	-12	det1=true
[20257]	153	153	-62	-10	-14	-2	det1=true
[20258]	87	153	-23	-22	-2	-11	det1=true
[20259]	155	155	-48	-42	-2	-14	det1=true
[20260]	153	153	-37	-16	-10	-11	det1=true
[20261]	153	153	-48	-16	-10	11	det1=true
[20262]	130	155	-7	-4	-8	-12	det1=true
[20263]	130	155	-19	-4	-8	12	det1=true
[20264]	125	153	-57	-56	-2	-11	det1=true
