p=251
# format: u v w x y z where a = w + x*i + y*(i+j)/2 + z*(1+k)/2
[1]	1	1	0	0	0	0	det1=true
[2]	8	8	0	0	0	-1	det1=true
[3]	7	10	-2	0	0	-1	det1=true
[4]	7	10	-2	-1	-1	0	det1=true
[5]	8	10	-4	0	-1	0	det1=true
[6]	8	10	-3	-2	0	-1	det1=true
[7]	10	10	-4	-4	0	-1	det1=true
[8]	6	11	-1	0	0	-1	det1=true
[9]	7	11	-3	-1	0	-1	det1=true
[10]	5	13	-1	0	-1	0	det1=true
[11]	13	13	-6	0	-1	-1	det1=true
[12]	13	13	-5	-3	-1	-1	det1=true
[13]	5	14	-2	0	0	-1	det1=true
[14]	5	14	-2	-1	-1	0	det1=true
[15]	13	13	-6	-3	-1	1	det1=true
[16]	16	16	-2	1	-2	0	det1=true
[17]	9	15	-2	-1	-1	-1	det1=true
[18]	9	15	-3	-1	-1	1	det1=true
[19]	4	16	0	0	0	-1	det1=true
[20]	15	15	-7	-6	-1	-1	det1=true
[21]	15	15	-8	-6	-1	1	det1=true
[22]	17	17	-6	0	-2	0	det1=true
[23]	14	18	0	1	-2	0	det1=true
[24]	16	18	-5	0	0	-2	det1=true
[25]	18	18	-6	-5	-2	0	det1=true
[26]	16	17	-3	-2	0	-2	det1=true
[27]	15	18	-3	-2	-2	0	det1=true
[28]	16	17	-4	-1	-2	0	det1=true
[29]	9	17	-4	-2	-1	-1	det1=true
[30]	9	17	-5	-2	-1	1	det1=true
[31]	18	18	-2	0	-1	-2	det1=true
[32]	11	17	-5	-5	-1	-1	det1=true
[33]	18	18	-4	0	-1	2	det1=true
[34]	17	17	-5	-1	0	-2	det1=true
[35]	4	17	-2	0	-1	0	det1=true
[36]	18	19	-9	-2	-2	0	det1=true
[37]	16	20	-7	-2	0	-2	det1=true
[38]	16	19	-6	-3	-2	0	det1=true
[39]	13	20	-2	-1	-2	0	det1=true
[40]	18	19	-8	-3	0	-2	det1=true
[41]	18	20	-4	-4	-1	-2	det1=true
[42]	18	20	-6	-4	-1	2	det1=true
[43]	19	20	-7	-2	-2	-1	det1=true
[44]	19	20	-8	-2	-2	1	det1=true
[45]	7	19	-2	0	-1	-1	det1=true
[46]	7	19	-3	0	-1	1	det1=true
[47]	18	19	-4	-1	-1	-2	det1=true
[48]	18	19	-6	-1	-1	2	det1=true
[49]	19	19	-6	-1	-2	-1	det1=true
[50]	19	19	-7	-1	-2	1	det1=true
[51]	19	19	-6	-3	-2	1	det1=true
[52]	17	20	-4	0	-1	-2	det1=true
[53]	17	20	-6	0	-1	2	det1=true
[54]	19	19	-5	-3	-2	-1	det1=true
[55]	13	22	-4	-3	0	-2	det1=true
[56]	16	22	-8	-5	-2	0	det1=true
[57]	16	22	-7	-6	0	-2	det1=true
[58]	17	21	-5	-2	-1	-2	det1=true
[59]	17	21	-7	-2	-1	2	det1=true
[60]	19	21	-7	-4	-1	-2	det1=true
[61]	18	22	-8	0	-1	-2	det1=true
[62]	18	22	-10	0	-1	2	det1=true
[63]	18	22	-8	-2	-2	-1	det1=true
[64]	18	22	-9	-2	-2	1	det1=true
[65]	18	22	-7	-4	-2	-1	det1=true
[66]	12	21	0	1	-2	0	det1=true
[67]	16	21	-4	0	-2	-1	det1=true
[68]	16	21	-5	0	-2	1	det1=true
[69]	16	21	-3	-2	-2	-1	det1=true
[70]	16	21	-4	-2	-2	1	det1=true
[71]	19	21	-9	-4	-1	2	det1=true
[72]	21	21	-10	-3	-2	-1	det1=true
[73]	21	21	-11	-3	-2	1	det1=true
[74]	16	22	-4	-3	-1	-2	det1=true
[75]	16	22	-6	-3	-1	2	det1=true
[76]	17	21	-6	1	-2	-1	det1=true
[77]	17	21	-7	1	-2	1	det1=true
[78]	15	22	-4	-2	-1	2	det1=true
[79]	15	21	0	1	-2	-1	det1=true
[80]	15	21	-1	1	-2	1	det1=true
[81]	15	22	-2	-2	-1	-2	det1=true
[82]	3	22	-1	0	0	-1	det1=true
[83]	17	23	-8	-1	-2	-1	det1=true
[84]	17	23	-9	-1	-2	1	det1=true
[85]	17	23	-7	-3	-1	-2	det1=true
[86]	17	23	-9	-3	-1	2	det1=true
[87]	18	23	-9	-8	-2	0	det1=true
[88]	22	23	-10	-8	-2	-1	det1=true
[89]	22	23	-11	-8	-2	1	det1=true
[90]	23	23	-4	0	-2	-2	det1=true
[91]	23	23	-6	0	-2	2	det1=true
[92]	14	24	-4	0	-2	-1	det1=true
[93]	14	24	-5	0	-2	1	det1=true
[94]	12	24	-6	1	-2	0	det1=true
[95]	12	24	-5	0	0	-2	det1=true
[96]	22	24	-3	-2	-2	-2	det1=true
[97]	22	24	-5	-2	-2	2	det1=true
[98]	24	24	-7	-2	-2	-2	det1=true
[99]	24	24	-9	-2	-2	2	det1=true
[100]	14	23	-2	0	-2	-1	det1=true
[101]	16	24	-6	-4	-1	-2	det1=true
[102]	16	24	-8	-4	-1	2	det1=true
[103]	14	23	-3	0	-2	1	det1=true
[104]	14	24	-3	-2	-2	-1	det1=true
[105]	14	24	-4	-2	-2	1	det1=true
[106]	15	24	-6	-4	-1	2	det1=true
[107]	23	24	-6	1	-2	-2	det1=true
[108]	23	24	-8	1	-2	2	det1=true
[109]	15	23	-5	1	-2	-1	det1=true
[110]	15	24	-4	-4	-1	-2	det1=true
[111]	21	24	0	1	-2	-2	det1=true
[112]	21	24	-2	1	-2	2	det1=true
[113]	23	25	-5	-5	-2	-2	det1=true
[114]	21	25	-10	-9	-2	-1	det1=true
[115]	21	25	-11	-9	-2	1	det1=true
[116]	11	26	-5	-2	-2	0	det1=true
[117]	25	26	-8	-3	-3	0	det1=true
[118]	11	26	-4	-3	0	-2	det1=true
[119]	18	26	-8	-8	-1	-2	det1=true
[120]	18	26	-10	-8	-1	2	det1=true
[121]	14	25	-7	-6	-2	0	det1=true
[122]	24	25	-8	-3	-2	-2	det1=true
[123]	24	25	-10	-3	-2	2	det1=true
[124]	13	25	-2	-1	-2	-1	det1=true
[125]	13	25	-3	-1	-2	1	det1=true
[126]	25	25	-10	0	-2	-2	det1=true
[127]	20	26	-3	0	-2	-2	det1=true
[128]	26	26	-18	0	-1	-2	det1=true
[129]	14	26	-8	0	-1	2	det1=true
[130]	15	25	-7	-1	-2	-1	det1=true
[131]	27	27	-11	-5	-3	0	det1=true
[132]	24	27	-8	-7	-2	-2	det1=true
[133]	24	27	-10	-7	-2	2	det1=true
[134]	9	28	0	1	-2	0	det1=true
[135]	12	28	-3	-2	-2	-1	det1=true
[136]	12	28	-4	-2	-2	1	det1=true
[137]	18	28	0	1	-2	-2	det1=true
[138]	21	28	-6	-5	-2	-2	det1=true
[139]	21	28	-8	-5	-2	2	det1=true
[140]	22	28	-7	-6	-2	-2	det1=true
[141]	22	28	-9	-6	-2	2	det1=true
[142]	12	27	-2	0	-1	-2	det1=true
[143]	12	27	-4	0	-1	2	det1=true
[144]	13	27	-4	-3	-2	-1	det1=true
[145]	13	27	-5	-3	-2	1	det1=true
[146]	23	27	-7	-1	-3	0	det1=true
[147]	12	28	-4	0	-2	-1	det1=true
[148]	12	28	-5	0	-2	1	det1=true
[149]	21	28	-8	-1	-2	-2	det1=true
[150]	21	28	-10	-1	-2	2	det1=true
[151]	12	27	-6	-5	-2	0	det1=true
[152]	21	27	-7	1	-2	-2	det1=true
[153]	21	27	-9	1	-2	2	det1=true
[154]	19	28	-4	-1	-2	-2	det1=true
[155]	19	28	-6	-1	-2	2	det1=true
[156]	26	28	-11	-8	-2	-2	det1=true
[157]	26	28	-13	-8	-2	2	det1=true
[158]	28	28	-12	-6	0	-3	det1=true
[159]	13	27	-5	0	-1	-2	det1=true
[160]	24	28	-11	-4	-2	-2	det1=true
[161]	24	28	-13	-4	-2	2	det1=true
[162]	5	27	-2	-1	-1	-1	det1=true
[163]	5	27	-3	-1	-1	1	det1=true
[164]	20	27	-5	0	-2	-2	det1=true
[165]	20	27	-7	0	-2	2	det1=true
[166]	23	29	-9	-7	-2	-2	det1=true
[167]	23	29	-11	-7	-2	2	det1=true
[168]	29	29	-12	-12	-2	-2	det1=true
[169]	22	29	-6	-4	0	-3	det1=true
[170]	29	29	-13	-4	-3	-1	det1=true
[171]	29	29	-14	-4	-3	1	det1=true
[172]	19	30	-2	1	-3	0	det1=true
[173]	11	29	-1	0	-1	-2	det1=true
[174]	14	29	-6	-6	-1	-2	det1=true
[175]	14	29	-8	-6	-1	2	det1=true
[176]	24	29	-11	-6	-2	-2	det1=true
[177]	24	29	-13	-6	-2	2	det1=true
[178]	25	29	-9	-1	-3	-1	det1=true
[179]	25	29	-10	-1	-3	1	det1=true
[180]	25	29	-8	-2	-1	-3	det1=true
[181]	25	29	-11	-2	-1	3	det1=true
[182]	11	30	-2	-2	-1	-2	det1=true
[183]	11	30	-4	-2	-1	2	det1=true
[184]	22	30	-10	-5	-2	-2	det1=true
[185]	22	30	-12	-5	-2	2	det1=true
[186]	30	30	-8	0	-3	-2	det1=true
[187]	30	30	-10	0	-3	2	det1=true
[188]	11	29	-3	0	-1	2	det1=true
[189]	21	29	-8	-4	-2	-2	det1=true
[190]	21	29	-10	-4	-2	2	det1=true
[191]	29	29	-3	-1	-2	-3	det1=true
[192]	12	30	-4	-4	-1	-2	det1=true
[193]	12	30	-6	-4	-1	2	det1=true
[194]	23	29	-9	-3	-3	0	det1=true
[195]	18	30	-5	0	-2	-2	det1=true
[196]	29	29	-12	-5	-1	-3	det1=true
[197]	29	29	-15	-5	-1	3	det1=true
[198]	29	29	-11	-7	-1	-3	det1=true
[199]	29	29	-14	-7	-1	3	det1=true
[200]	29	29	-6	-1	-2	3	det1=true
[201]	29	29	-14	0	-3	-1	det1=true
[202]	29	29	-12	-6	-3	-1	det1=true
[203]	29	29	-13	-6	-3	1	det1=true
[204]	29	29	-13	-1	-1	-3	det1=true
[205]	31	31	-11	1	-3	-2	det1=true
[206]	31	31	-13	1	-3	2	det1=true
[207]	11	32	-4	-3	-1	-2	det1=true
[208]	11	32	-6	-3	-1	2	det1=true
[209]	18	32	-7	-2	-2	-2	det1=true
[210]	18	32	-9	-2	-2	2	det1=true
[211]	21	32	-10	-1	-3	0	det1=true
[212]	28	32	-6	-4	-3	-2	det1=true
[213]	28	32	-8	-4	-3	2	det1=true
[214]	32	32	-12	-4	-2	-3	det1=true
[215]	32	32	-15	-4	-2	3	det1=true
[216]	23	31	-6	-5	-3	-1	det1=true
[217]	23	31	-7	-5	-3	1	det1=true
[218]	28	31	-6	0	-3	-2	det1=true
[219]	28	31	-8	0	-3	2	det1=true
[220]	29	32	-12	0	-2	3	det1=true
[221]	20	31	-8	-5	-2	-2	det1=true
[222]	25	31	-8	-7	-1	-3	det1=true
[223]	25	31	-11	-7	-1	3	det1=true
[224]	29	32	-8	-4	-3	-2	det1=true
[225]	29	32	-10	-4	-3	2	det1=true
[226]	31	32	-12	-1	-3	-2	det1=true
[227]	31	32	-14	-1	-3	2	det1=true
[228]	27	31	-3	1	-2	-3	det1=true
[229]	27	31	-6	1	-2	3	det1=true
[230]	28	31	-5	-2	-2	-3	det1=true
[231]	28	31	-8	-2	-2	3	det1=true
[232]	29	32	-9	0	-2	-3	det1=true
[233]	21	31	-4	0	-3	-1	det1=true
[234]	21	31	-5	0	-3	1	det1=true
[235]	21	31	-3	-1	-1	-3	det1=true
[236]	21	31	-6	-1	-1	3	det1=true
[237]	23	31	-7	-3	-1	-3	det1=true
[238]	23	31	-10	-3	-1	3	det1=true
[239]	26	32	-2	-1	-3	-2	det1=true
[240]	26	32	-4	-1	-3	2	det1=true
[241]	25	31	-9	-6	-3	-1	det1=true
[242]	25	31	-10	-6	-3	1	det1=true
[243]	8	32	-2	1	-2	0	det1=true
[244]	16	32	-2	1	-2	-2	det1=true
[245]	16	32	-4	1	-2	2	det1=true
[246]	23	31	-8	-2	-3	-1	det1=true
[247]	23	31	-9	-2	-3	1	det1=true
[248]	2	32	0	0	0	-1	det1=true
[249]	33	33	-15	1	-2	-3	det1=true
[250]	18	33	-4	-2	-3	0	det1=true
[251]	23	33	-10	-3	-3	-1	det1=true
[252]	23	33	-11	-3	-3	1	det1=true
[253]	23	33	-9	-4	-1	-3	det1=true
[254]	23	33	-12	-4	-1	3	det1=true
[255]	28	34	-9	-4	-2	-3	det1=true
[256]	28	34	-12	-4	-2	3	det1=true
[257]	17	33	-6	-2	-2	-2	det1=true
[258]	17	33	-8	-2	-2	2	det1=true
[259]	27	34	-8	-3	-3	-2	det1=true
[260]	27	34	-10	-3	-3	2	det1=true
[261]	29	34	-12	1	-3	-2	det1=true
[262]	29	34	-14	1	-3	2	det1=true
[263]	33	34	-9	-4	-4	0	det1=true
[264]	16	33	-3	-2	-2	-2	det1=true
[265]	16	33	-5	-2	-2	2	det1=true
[266]	8	34	-3	-2	0	-2	det1=true
[267]	16	34	-4	-3	-2	-2	det1=true
[268]	16	34	-6	-3	-2	2	det1=true
[269]	16	33	-4	1	-2	-2	det1=true
[270]	16	33	-6	1	-2	2	det1=true
[271]	33	33	-4	1	-4	-1	det1=true
[272]	33	33	-5	1	-4	1	det1=true
[273]	31	34	-14	-2	-3	-2	det1=true
[274]	31	34	-16	-2	-3	2	det1=true
[275]	31	34	-11	-8	-2	-3	det1=true
[276]	31	34	-14	-8	-2	3	det1=true
[277]	32	34	-4	2	-4	-1	det1=true
[278]	32	34	-5	2	-4	1	det1=true
[279]	34	34	-8	-2	-4	-1	det1=true
[280]	33	33	-3	-1	-4	-1	det1=true
[281]	33	33	-4	-1	-4	1	det1=true
[282]	26	34	-8	-4	-2	3	det1=true
[283]	10	34	-4	0	-1	-2	det1=true
[284]	10	34	-6	0	-1	2	det1=true
[285]	10	33	-2	-2	-1	-2	det1=true
[286]	26	34	-5	-4	-2	-3	det1=true
[287]	18	36	-8	-7	-2	-2	det1=true
[288]	18	36	-10	-7	-2	2	det1=true
[289]	34	35	-11	-6	-4	0	det1=true
[290]	9	35	0	1	-2	-1	det1=true
[291]	9	35	-1	1	-2	1	det1=true
[292]	19	35	-8	-8	-2	-2	det1=true
[293]	28	35	-10	-5	-3	-2	det1=true
[294]	33	35	-2	-2	-3	-3	det1=true
[295]	9	36	-2	0	-1	-2	det1=true
[296]	9	36	-4	0	-1	2	det1=true
[297]	34	36	-14	-12	-3	-2	det1=true
[298]	34	36	-16	-12	-3	2	det1=true
[299]	7	36	0	1	-2	0	det1=true
[300]	14	36	0	1	-2	-2	det1=true
[301]	33	36	-6	-7	-1	-4	det1=true
[302]	33	36	-10	-7	-1	4	det1=true
[303]	19	35	-5	-1	-3	-1	det1=true
[304]	19	35	-6	-1	-3	1	det1=true
[305]	25	35	-12	-8	-3	-1	det1=true
[306]	25	35	-13	-8	-3	1	det1=true
[307]	29	35	-15	-3	-2	3	det1=true
[308]	31	35	-13	-7	-3	-2	det1=true
[309]	31	35	-15	-7	-3	2	det1=true
[310]	23	36	-2	0	-3	-2	det1=true
[311]	23	36	-4	0	-3	2	det1=true
[312]	30	36	-12	-8	-2	-3	det1=true
[313]	30	36	-15	-8	-2	3	det1=true
[314]	30	36	-3	2	-4	-1	det1=true
[315]	30	36	-4	2	-4	1	det1=true
[316]	31	36	-4	-3	-1	-4	det1=true
[317]	31	36	-8	-3	-1	4	det1=true
[318]	32	36	-6	-4	-1	-4	det1=true
[319]	32	36	-10	-4	-1	4	det1=true
[320]	33	36	-8	-4	-1	-4	det1=true
[321]	25	35	-11	-9	-1	-3	det1=true
[322]	25	35	-5	-3	-2	-3	det1=true
[323]	25	35	-8	-3	-2	3	det1=true
[324]	29	35	-13	0	-3	-2	det1=true
[325]	29	35	-15	0	-3	2	det1=true
[326]	29	35	-12	-3	-2	-3	det1=true
[327]	32	35	-12	-10	-2	-3	det1=true
[328]	32	35	-15	-10	-2	3	det1=true
[329]	35	35	-24	-9	-1	3	det1=true
[330]	25	36	-8	0	-3	-2	det1=true
[331]	25	36	-10	0	-3	2	det1=true
[332]	26	36	-9	-2	-2	-3	det1=true
[333]	28	36	-12	-2	-2	-3	det1=true
[334]	28	36	-15	-2	-2	3	det1=true
[335]	28	36	-9	-8	-2	-3	det1=true
[336]	28	36	-12	-8	-2	3	det1=true
[337]	33	36	-12	-4	-1	4	det1=true
[338]	34	36	-10	-3	-1	-4	det1=true
[339]	34	36	-8	-7	-1	-4	det1=true
[340]	34	36	-12	-7	-1	4	det1=true
[341]	35	36	-12	-4	-4	-1	det1=true
[342]	35	36	-13	-4	-4	1	det1=true
[343]	19	35	-4	-2	-1	-3	det1=true
[344]	19	35	-7	-2	-1	3	det1=true
[345]	32	36	-14	-9	-3	-2	det1=true
[346]	32	36	-16	-9	-3	2	det1=true
[347]	34	36	-14	-3	-1	4	det1=true
[348]	36	36	-5	0	-4	-2	det1=true
[349]	36	36	-7	0	-4	2	det1=true
[350]	26	35	-10	-2	-3	2	det1=true
[351]	33	35	-7	-2	-1	-4	det1=true
[352]	33	35	-11	-2	-1	4	det1=true
[353]	26	36	-12	-2	-2	3	det1=true
[354]	26	35	-8	-2	-3	-2	det1=true
[355]	16	36	-7	-2	-2	-2	det1=true
[356]	16	36	-9	-2	-2	2	det1=true
[357]	35	35	-11	-3	-4	-1	det1=true
[358]	35	35	-12	-3	-4	1	det1=true
[359]	25	37	-7	-5	-2	-3	det1=true
[360]	25	37	-10	-5	-2	3	det1=true
[361]	27	37	-12	1	-2	-3	det1=true
[362]	27	37	-15	1	-2	3	det1=true
[363]	30	37	-6	2	-4	-1	det1=true
[364]	30	37	-7	2	-4	1	det1=true
[365]	34	37	0	1	-4	-2	det1=true
[366]	37	37	-6	-6	-2	-4	det1=true
[367]	37	37	-10	-6	-2	4	det1=true
[368]	35	38	-5	-4	-2	-4	det1=true
[369]	35	38	-9	-4	-2	4	det1=true
[370]	23	37	-7	-1	-2	3	det1=true
[371]	33	37	-7	-8	-1	-4	det1=true
[372]	33	37	-11	-8	-1	4	det1=true
[373]	37	37	-15	-3	-1	-4	det1=true
[374]	37	37	-19	-3	-1	4	det1=true
[375]	34	38	-4	1	-2	-4	det1=true
[376]	34	38	-8	1	-2	4	det1=true
[377]	15	37	-5	-3	-2	-2	det1=true
[378]	15	37	-7	-3	-2	2	det1=true
[379]	17	37	0	1	-3	-1	det1=true
[380]	19	37	-8	0	-3	-1	det1=true
[381]	19	37	-9	0	-3	1	det1=true
[382]	23	37	-11	-8	-3	-1	det1=true
[383]	23	37	-12	-8	-3	1	det1=true
[384]	29	37	-11	-9	-2	-3	det1=true
[385]	29	37	-14	-9	-2	3	det1=true
[386]	31	37	-9	-5	-1	4	det1=true
[387]	34	37	-15	-12	-2	-3	det1=true
[388]	37	37	-9	-5	-4	2	det1=true
[389]	23	38	-6	0	-2	-3	det1=true
[390]	29	38	-6	0	-4	1	det1=true
[391]	34	38	-5	2	-4	-2	det1=true
[392]	34	38	-7	2	-4	2	det1=true
[393]	23	37	-10	-9	-1	-3	det1=true
[394]	23	37	-13	-9	-1	3	det1=true
[395]	23	37	-4	-1	-2	-3	det1=true
[396]	35	37	-13	-1	-1	-4	det1=true
[397]	35	37	-17	-1	-1	4	det1=true
[398]	23	38	-9	0	-2	3	det1=true
[399]	26	38	-8	-8	-2	-3	det1=true
[400]	26	38	-11	-8	-2	3	det1=true
[401]	33	38	-13	0	-4	-1	det1=true
[402]	33	38	-14	0	-4	1	det1=true
[403]	35	38	-14	-2	-1	-4	det1=true
[404]	31	37	-5	-5	-1	-4	det1=true
[405]	34	37	-8	-9	-1	-4	det1=true
[406]	34	37	-12	-9	-1	4	det1=true
[407]	37	37	-7	-5	-4	-2	det1=true
[408]	25	38	-10	0	-2	-3	det1=true
[409]	29	38	-5	0	-4	-1	det1=true
[410]	32	38	-11	-2	-4	-1	det1=true
[411]	32	38	-12	-2	-4	1	det1=true
[412]	35	38	-8	-3	-4	2	det1=true
[413]	16	37	-7	-4	-2	-2	det1=true
[414]	16	37	-9	-4	-2	2	det1=true
[415]	30	37	-4	-2	-1	-4	det1=true
[416]	30	37	-8	-2	-1	4	det1=true
[417]	35	38	-6	-3	-4	-2	det1=true
[418]	31	38	-14	-10	-2	-3	det1=true
[419]	31	38	-17	-10	-2	3	det1=true
[420]	25	38	-10	-2	-3	-2	det1=true
[421]	26	38	-12	0	-3	-2	det1=true
[422]	26	38	-14	0	-3	2	det1=true
[423]	30	38	-8	2	-4	-1	det1=true
[424]	30	38	-7	-2	-4	-1	det1=true
[425]	30	38	-8	-2	-4	1	det1=true
[426]	33	38	-10	-6	-1	-4	det1=true
[427]	33	38	-14	-6	-1	4	det1=true
[428]	13	39	-1	1	-2	-2	det1=true
[429]	13	39	-3	1	-2	2	det1=true
[430]	38	39	-16	-9	-1	-4	det1=true
[431]	38	39	-20	-9	-1	4	det1=true
[432]	31	39	-11	-1	-4	-1	det1=true
[433]	31	39	-12	-1	-4	1	det1=true
[434]	33	39	-14	-1	-4	-1	det1=true
[435]	33	39	-15	-1	-4	1	det1=true
[436]	33	39	-11	1	-3	-3	det1=true
[437]	33	39	-14	1	-3	3	det1=true
[438]	27	40	-3	2	-4	-1	det1=true
[439]	27	40	-4	2	-4	1	det1=true
[440]	33	40	-12	-7	-1	-4	det1=true
[441]	33	40	-7	2	-4	-2	det1=true
[442]	33	40	-9	2	-4	2	det1=true
[443]	40	40	-4	2	-4	-3	det1=true
[444]	40	40	-7	2	-4	3	det1=true
[445]	28	39	-4	0	-4	-1	det1=true
[446]	28	39	-5	0	-4	1	det1=true
[447]	35	39	-13	-8	-1	-4	det1=true
[448]	35	39	-17	-8	-1	4	det1=true
[449]	35	39	-9	-1	-4	-2	det1=true
[450]	35	39	-11	-1	-4	2	det1=true
[451]	36	39	-16	-6	-4	-1	det1=true
[452]	38	39	-14	1	-4	-2	det1=true
[453]	38	39	-16	1	-4	2	det1=true
[454]	38	39	-13	0	-2	-4	det1=true
[455]	29	40	-7	-4	-4	-1	det1=true
[456]	29	40	-8	-4	-4	1	det1=true
[457]	30	40	-11	2	-4	-1	det1=true
[458]	30	40	-12	2	-4	1	det1=true
[459]	31	40	-13	-2	-4	1	det1=true
[460]	24	39	-12	-2	-2	3	det1=true
[461]	36	39	-17	-6	-4	1	det1=true
[462]	36	39	-11	0	-4	-2	det1=true
[463]	36	39	-13	0	-4	2	det1=true
[464]	36	39	-10	-1	-2	-4	det1=true
[465]	36	39	-14	-1	-2	4	det1=true
[466]	39	39	-15	-1	-4	-2	det1=true
[467]	39	39	-17	-1	-4	2	det1=true
[468]	28	40	-12	-10	-2	-3	det1=true
[469]	33	40	-16	-7	-1	4	det1=true
[470]	36	40	-16	-8	-4	-1	det1=true
[471]	36	40	-17	-8	-4	1	det1=true
[472]	19	39	-7	-6	-3	-1	det1=true
[473]	19	39	-8	-6	-3	1	det1=true
[474]	24	39	-9	-2	-2	-3	det1=true
[475]	35	39	-16	-3	-4	-1	det1=true
[476]	35	39	-17	-3	-4	1	det1=true
[477]	37	39	-11	-11	-3	-3	det1=true
[478]	38	39	-17	0	-2	4	det1=true
[479]	31	40	-12	-2	-4	-1	det1=true
[480]	35	40	-11	2	-4	-2	det1=true
[481]	35	40	-13	2	-4	2	det1=true
[482]	30	39	-8	-1	-1	-4	det1=true
[483]	39	39	-18	-17	-2	-3	det1=true
[484]	39	39	-21	-17	-2	3	det1=true
[485]	39	39	-14	-2	-2	-4	det1=true
[486]	39	39	-18	-2	-2	4	det1=true
[487]	39	39	-10	-10	-2	-4	det1=true
[488]	39	39	-14	-10	-2	4	det1=true
[489]	38	40	-18	-17	-3	-2	det1=true
[490]	21	39	0	1	-2	-3	det1=true
[491]	21	39	-3	1	-2	3	det1=true
[492]	30	39	-12	-1	-1	4	det1=true
[493]	27	40	-12	-8	-2	-3	det1=true
[494]	31	40	-8	-8	-1	-4	det1=true
[495]	31	40	-12	-8	-1	4	det1=true
[496]	34	40	-9	0	-4	-2	det1=true
[497]	34	40	-11	0	-4	2	det1=true
[498]	33	40	-6	1	-2	-4	det1=true
[499]	33	40	-10	1	-2	4	det1=true
[500]	33	42	-9	-2	-2	-4	det1=true
[501]	33	42	-13	-2	-2	4	det1=true
[502]	36	42	-14	1	-2	-4	det1=true
[503]	36	42	-18	1	-2	4	det1=true
[504]	40	42	-9	2	-4	-3	det1=true
[505]	40	42	-12	2	-4	3	det1=true
[506]	27	43	-4	1	-3	-3	det1=true
[507]	27	43	-7	1	-3	3	det1=true
[508]	27	42	-4	-5	-1	-4	det1=true
[509]	27	42	-8	-5	-1	4	det1=true
[510]	30	44	-12	-7	-1	-4	det1=true
[511]	30	44	-16	-7	-1	4	det1=true
[512]	8	41	-3	0	-2	-1	det1=true
[513]	8	41	-4	0	-2	1	det1=true
[514]	27	41	-5	-1	-4	-1	det1=true
[515]	33	41	-13	-2	-3	-3	det1=true
[516]	33	41	-16	-2	-3	3	det1=true
[517]	41	41	-19	-3	-4	-2	det1=true
[518]	41	41	-21	-3	-4	2	det1=true
[519]	41	41	-4	-2	-1	-5	det1=true
[520]	41	41	-9	-2	-1	5	det1=true
[521]	14	42	-6	-5	-2	-2	det1=true
[522]	14	42	-8	-5	-2	2	det1=true
[523]	33	42	-8	-5	-4	-2	det1=true
[524]	33	42	-10	-5	-4	2	det1=true
[525]	33	42	-7	-6	-2	-4	det1=true
[526]	33	42	-11	-6	-2	4	det1=true
[527]	25	43	-2	1	-4	-1	det1=true
[528]	25	43	-3	1	-4	1	det1=true
[529]	22	44	-10	-4	-3	-2	det1=true
[530]	22	44	-12	-4	-3	2	det1=true
[531]	26	44	-6	-3	-1	-4	det1=true
[532]	26	44	-10	-3	-1	4	det1=true
[533]	29	44	-3	0	-4	-2	det1=true
[534]	29	44	-5	0	-4	2	det1=true
[535]	33	44	-12	1	-2	-4	det1=true
[536]	33	44	-16	1	-2	4	det1=true
[537]	37	44	-5	-2	-4	-3	det1=true
[538]	37	44	-8	-2	-4	3	det1=true
[539]	40	44	-12	-8	-3	4	det1=true
[540]	42	44	-4	1	-5	-2	det1=true
[541]	42	44	-6	1	-5	2	det1=true
[542]	20	41	0	0	-2	-3	det1=true
[543]	20	41	-3	0	-2	3	det1=true
[544]	23	41	-8	-5	-2	-3	det1=true
[545]	23	41	-11	-5	-2	3	det1=true
[546]	27	41	-6	-1	-4	1	det1=true
[547]	33	41	-7	-3	-2	-4	det1=true
[548]	33	41	-11	-3	-2	4	det1=true
[549]	40	41	-6	-1	-3	-4	det1=true
[550]	40	41	-10	-1	-3	4	det1=true
[551]	41	41	-7	-4	-3	-4	det1=true
[552]	41	41	-11	-4	-3	4	det1=true
[553]	26	42	-4	0	-4	-1	det1=true
[554]	26	42	-5	0	-4	1	det1=true
[555]	30	42	-12	-4	-4	-1	det1=true
[556]	30	42	-13	-4	-4	1	det1=true
[557]	32	42	-14	-4	-1	-4	det1=true
[558]	32	42	-18	-4	-1	4	det1=true
[559]	36	42	-15	2	-4	-2	det1=true
[560]	36	42	-17	2	-4	2	det1=true
[561]	38	42	-17	-2	-4	-2	det1=true
[562]	38	42	-19	-2	-4	2	det1=true
[563]	41	42	-26	0	-4	1	det1=true
[564]	17	43	-9	-2	-3	-1	det1=true
[565]	17	43	-7	-5	-1	-3	det1=true
[566]	17	43	-10	-5	-1	3	det1=true
[567]	19	43	1	1	-2	-3	det1=true
[568]	19	43	-2	1	-2	3	det1=true
[569]	27	43	-7	-3	-1	-4	det1=true
[570]	27	43	-11	-3	-1	4	det1=true
[571]	29	43	-9	-1	-3	-3	det1=true
[572]	29	43	-12	-1	-3	3	det1=true
[573]	37	43	-2	-1	-4	-3	det1=true
[574]	37	43	-5	-1	-4	3	det1=true
[575]	41	43	-34	-2	-3	1	det1=true
[576]	41	43	-9	-7	-3	-4	det1=true
[577]	41	43	-13	-7	-3	4	det1=true
[578]	41	43	-10	-2	-5	-1	det1=true
[579]	41	43	-8	-4	-1	-5	det1=true
[580]	41	43	-13	-4	-1	5	det1=true
[581]	43	43	-12	-2	-1	-5	det1=true
[582]	26	44	-8	0	-4	-1	det1=true
[583]	26	44	-9	0	-4	1	det1=true
[584]	36	44	-17	0	-4	-2	det1=true
[585]	36	44	-19	0	-4	2	det1=true
[586]	38	44	-12	0	-3	4	det1=true
[587]	39	44	-14	0	-3	4	det1=true
[588]	39	44	-12	-4	-4	3	det1=true
[589]	40	44	-8	-8	-3	-4	det1=true
[590]	44	44	-7	-4	-2	-5	det1=true
[591]	44	44	-12	-4	-2	5	det1=true
[592]	23	41	-9	-3	-2	-3	det1=true
[593]	23	41	-12	-3	-2	3	det1=true
[594]	29	41	-9	0	-1	-4	det1=true
[595]	29	41	-13	0	-1	4	det1=true
[596]	29	41	-9	-5	-4	1	det1=true
[597]	30	41	-13	0	0	-4	det1=true
[598]	32	41	-15	0	-4	-1	det1=true
[599]	33	41	-8	-2	-4	-2	det1=true
[600]	39	41	-17	-13	-4	-1	det1=true
[601]	39	41	-18	-13	-4	1	det1=true
[602]	39	41	-6	-1	-4	3	det1=true
[603]	21	42	-6	-2	-2	-3	det1=true
[604]	21	42	-9	-2	-2	3	det1=true
[605]	28	42	-8	-4	-4	-1	det1=true
[606]	28	42	-9	-4	-4	1	det1=true
[607]	29	42	-14	-2	-1	4	det1=true
[608]	32	42	-15	-4	-4	-1	det1=true
[609]	32	42	-10	-11	-1	-4	det1=true
[610]	37	42	-15	-2	-2	-4	det1=true
[611]	37	42	-19	-2	-2	4	det1=true
[612]	17	43	-8	-4	-3	-1	det1=true
[613]	17	43	-9	-4	-3	1	det1=true
[614]	23	43	-9	-7	-3	-2	det1=true
[615]	23	43	-11	-7	-3	2	det1=true
[616]	32	43	-17	-4	-4	1	det1=true
[617]	39	43	-4	-1	-1	-5	det1=true
[618]	39	43	-9	-1	-1	5	det1=true
[619]	43	43	-3	-1	-5	-2	det1=true
[620]	27	44	-8	-4	-1	-4	det1=true
[621]	27	44	-12	-4	-1	4	det1=true
[622]	27	44	-6	-7	-1	-4	det1=true
[623]	27	44	-10	-7	-1	4	det1=true
[624]	28	44	-10	-4	-1	-4	det1=true
[625]	38	44	-8	0	-3	-4	det1=true
[626]	39	44	-10	0	-3	-4	det1=true
[627]	17	41	-6	-3	-1	-3	det1=true
[628]	17	41	-9	-3	-1	3	det1=true
[629]	29	41	-8	-5	-4	-1	det1=true
[630]	31	41	-9	-4	-3	-3	det1=true
[631]	31	41	-12	-4	-3	3	det1=true
[632]	34	41	-17	-8	-4	0	det1=true
[633]	39	41	-3	-1	-4	-3	det1=true
[634]	41	41	-6	0	-5	-1	det1=true
[635]	41	41	-7	0	-5	1	det1=true
[636]	24	42	-9	-8	-2	-3	det1=true
[637]	24	42	-12	-8	-2	3	det1=true
[638]	27	42	-10	-1	-1	4	det1=true
[639]	33	42	-10	-1	-4	-2	det1=true
[640]	37	42	-16	-1	-4	-2	det1=true
[641]	37	42	-18	-1	-4	2	det1=true
[642]	42	42	-24	-10	-4	1	det1=true
[643]	28	43	-12	0	-4	1	det1=true
[644]	30	43	-4	-1	-4	-2	det1=true
[645]	30	43	-6	-1	-4	2	det1=true
[646]	31	43	-15	-3	-4	-1	det1=true
[647]	31	43	-16	-3	-4	1	det1=true
[648]	40	43	-18	-7	-2	-4	det1=true
[649]	40	43	-22	-7	-2	4	det1=true
[650]	43	43	-17	-2	-1	5	det1=true
[651]	43	43	-11	-9	-3	-4	det1=true
[652]	43	43	-15	-9	-3	4	det1=true
[653]	43	43	-5	-1	-5	2	det1=true
[654]	28	44	-14	-4	-1	4	det1=true
[655]	33	44	-15	-10	-4	-1	det1=true
[656]	33	44	-16	-10	-4	1	det1=true
[657]	39	44	-9	-4	-4	-3	det1=true
[658]	41	44	-10	-8	-3	-4	det1=true
[659]	41	44	-14	-8	-3	4	det1=true
[660]	42	44	-18	-19	-1	-4	det1=true
[661]	41	41	-17	-7	-2	-4	det1=true
[662]	41	41	-21	-7	-2	4	det1=true
[663]	31	42	-10	-9	-1	-4	det1=true
[664]	31	42	-14	-9	-1	4	det1=true
[665]	33	42	-12	-1	-4	2	det1=true
[666]	42	42	-23	-10	-4	-1	det1=true
[667]	28	43	-11	0	-4	-1	det1=true
[668]	28	43	-8	-6	-4	-1	det1=true
[669]	28	43	-9	-6	-4	1	det1=true
[670]	33	43	-13	-11	-4	-1	det1=true
[671]	33	43	-14	-11	-4	1	det1=true
[672]	40	43	-10	-1	-3	-4	det1=true
[673]	40	43	-14	-1	-3	4	det1=true
[674]	43	43	-21	-17	-4	1	det1=true
[675]	32	44	-15	-8	-4	-1	det1=true
[676]	41	41	-18	-4	-2	-4	det1=true
[677]	41	41	-22	-4	-2	4	det1=true
[678]	41	41	-14	-12	-2	-4	det1=true
[679]	41	41	-18	-12	-2	4	det1=true
[680]	38	42	-16	-14	-4	-1	det1=true
[681]	38	42	-17	-14	-4	1	det1=true
[682]	20	43	-8	0	-2	3	det1=true
[683]	38	43	-6	1	-3	-4	det1=true
[684]	38	43	-10	1	-3	4	det1=true
[685]	39	43	-6	1	-5	-1	det1=true
[686]	39	43	-7	1	-5	1	det1=true
[687]	30	44	-7	2	-4	-2	det1=true
[688]	32	44	-16	-8	-4	1	det1=true
[689]	44	44	-16	-5	-3	-4	det1=true
[690]	44	44	-20	-5	-3	4	det1=true
[691]	20	43	-5	0	-2	-3	det1=true
[692]	37	43	-3	1	-4	-3	det1=true
[693]	37	43	-6	1	-4	3	det1=true
[694]	29	44	-2	-1	-2	-4	det1=true
[695]	29	44	-6	-1	-2	4	det1=true
[696]	43	43	-20	-17	-4	-1	det1=true
[697]	26	43	-12	-10	-3	-2	det1=true
[698]	26	43	-14	-10	-3	2	det1=true
[699]	6	42	0	1	-2	0	det1=true
[700]	12	42	0	1	-2	-2	det1=true
[701]	30	42	0	1	-2	-4	det1=true
[702]	30	42	-4	1	-2	4	det1=true
[703]	3	43	-1	0	-1	-1	det1=true
[704]	3	43	-2	0	-1	1	det1=true
[705]	12	43	-2	-1	-2	-2	det1=true
[706]	12	43	-4	-1	-2	2	det1=true
[707]	12	44	-4	1	-2	-2	det1=true
[708]	12	44	-6	1	-2	2	det1=true
[709]	12	44	-3	-2	-2	-2	det1=true
[710]	12	44	-5	-2	-2	2	det1=true
[711]	30	44	-6	1	-2	-4	det1=true
[712]	30	43	-3	-2	-2	-4	det1=true
[713]	30	43	-7	-2	-2	4	det1=true
[714]	45	45	-2	2	-4	-4	det1=true
[715]	45	45	-6	2	-4	4	det1=true
[716]	29	45	-12	-7	-4	-1	det1=true
[717]	29	45	-13	-7	-4	1	det1=true
[718]	20	47	-10	-5	-3	2	det1=true
[719]	32	47	-15	-12	-4	-1	det1=true
[720]	32	47	-16	-12	-4	1	det1=true
[721]	47	47	-18	-12	-1	-5	det1=true
[722]	47	47	-23	-12	-1	5	det1=true
[723]	27	48	-4	-1	-2	-4	det1=true
[724]	27	48	-8	-1	-2	4	det1=true
[725]	24	45	-3	2	-4	-1	det1=true
[726]	24	45	-4	2	-4	1	det1=true
[727]	28	45	-1	2	-4	-2	det1=true
[728]	28	45	-3	2	-4	2	det1=true
[729]	37	45	-5	1	-5	-1	det1=true
[730]	37	45	-6	1	-5	1	det1=true
[731]	41	45	-12	-5	-5	-1	det1=true
[732]	41	45	-13	-5	-5	1	det1=true
[733]	45	45	-15	-11	-5	1	det1=true
[734]	19	46	-9	0	-2	3	det1=true
[735]	28	46	-12	-6	-4	-1	det1=true
[736]	28	46	-13	-6	-4	1	det1=true
[737]	37	46	-10	2	-4	-3	det1=true
[738]	37	46	-13	2	-4	3	det1=true
[739]	27	47	-10	-1	-3	-3	det1=true
[740]	27	47	-13	-1	-3	3	det1=true
[741]	27	47	-2	0	-4	-2	det1=true
[742]	27	47	-4	0	-4	2	det1=true
[743]	41	47	-7	-3	-2	-5	det1=true
[744]	41	47	-12	-3	-2	5	det1=true
[745]	7	48	-3	-2	-2	-1	det1=true
[746]	7	48	-4	-2	-2	1	det1=true
[747]	29	48	-9	-4	-4	-2	det1=true
[748]	29	48	-11	-4	-4	2	det1=true
[749]	7	45	0	1	-2	-1	det1=true
[750]	7	45	-1	1	-2	1	det1=true
[751]	20	45	-8	0	-3	-2	det1=true
[752]	29	45	-6	2	-4	-2	det1=true
[753]	33	45	-16	0	-4	2	det1=true
[754]	34	45	-14	-5	-4	-2	det1=true
[755]	34	45	-16	-5	-4	2	det1=true
[756]	37	45	-4	-1	-5	-1	det1=true
[757]	37	45	-5	-1	-5	1	det1=true
[758]	37	45	-7	-3	-1	5	det1=true
[759]	40	45	-18	-11	-2	-4	det1=true
[760]	40	45	-22	-11	-2	4	det1=true
[761]	41	45	-13	-3	-5	-1	det1=true
[762]	41	45	-14	-3	-5	1	det1=true
[763]	41	45	-11	-5	-1	-5	det1=true
[764]	41	45	-16	-5	-1	5	det1=true
[765]	43	45	-16	-3	-5	-1	det1=true
[766]	43	45	-17	-3	-5	1	det1=true
[767]	43	45	-14	-5	-1	-5	det1=true
[768]	43	45	-19	-5	-1	5	det1=true
[769]	43	45	-8	-1	-2	-5	det1=true
[770]	43	45	-13	-1	-2	5	det1=true
[771]	45	45	-17	-3	-1	-5	det1=true
[772]	7	46	-2	0	-2	-1	det1=true
[773]	7	46	-3	0	-2	1	det1=true
[774]	43	46	-10	0	-2	-5	det1=true
[775]	43	46	-15	0	-2	5	det1=true
[776]	19	47	-9	-2	-3	2	det1=true
[777]	20	47	-12	0	-3	2	det1=true
[778]	23	47	-3	1	-4	-1	det1=true
[779]	23	47	-4	1	-4	1	det1=true
[780]	26	47	-9	-6	-4	-1	det1=true
[781]	26	47	-10	-6	-4	1	det1=true
[782]	34	47	-2	-2	-3	-4	det1=true
[783]	34	47	-6	-2	-3	4	det1=true
[784]	35	47	-16	-8	-4	-2	det1=true
[785]	37	47	-11	1	-3	-4	det1=true
[786]	38	47	-17	-12	-2	-4	det1=true
[787]	38	47	-21	-12	-2	4	det1=true
[788]	38	47	-12	-3	-3	-4	det1=true
[789]	38	47	-16	-3	-3	4	det1=true
[790]	39	47	-12	-7	-4	-3	det1=true
[791]	39	47	-15	-7	-4	3	det1=true
[792]	39	47	-10	-7	-5	-1	det1=true
[793]	39	47	-11	-7	-5	1	det1=true
[794]	42	47	-8	-6	-5	-2	det1=true
[795]	43	47	-11	-5	-5	-2	det1=true
[796]	43	47	-13	-5	-5	2	det1=true
[797]	33	48	-17	0	-4	-2	det1=true
[798]	38	48	-14	-9	-3	4	det1=true
[799]	40	48	-7	-2	-2	-5	det1=true
[800]	40	48	-12	-2	-2	5	det1=true
[801]	44	48	-12	-8	-2	-5	det1=true
[802]	44	48	-17	-8	-2	5	det1=true
[803]	48	48	-36	-8	-2	-3	det1=true
[804]	48	48	-39	-8	-2	3	det1=true
[805]	48	48	-20	-4	-5	-2	det1=true
[806]	48	48	-22	-4	-5	2	det1=true
[807]	19	45	-5	0	-3	-2	det1=true
[808]	19	45	-7	0	-3	2	det1=true
[809]	25	45	-7	1	-4	-1	det1=true
[810]	25	45	-8	1	-4	1	det1=true
[811]	31	45	-10	-10	-3	-3	det1=true
[812]	37	45	-2	-3	-1	-5	det1=true
[813]	39	45	-8	-3	-1	-5	det1=true
[814]	41	45	-10	-7	-1	-5	det1=true
[815]	42	45	-6	-2	-5	-2	det1=true
[816]	42	45	-8	-2	-5	2	det1=true
[817]	45	45	-19	-1	-5	-1	det1=true
[818]	45	45	-20	-1	-5	1	det1=true
[819]	19	46	-6	0	-2	-3	det1=true
[820]	34	46	-14	-15	-1	-4	det1=true
[821]	34	46	-18	-15	-1	4	det1=true
[822]	36	46	-14	-11	-2	-4	det1=true
[823]	19	47	-7	-2	-3	-2	det1=true
[824]	35	47	-2	0	-5	-1	det1=true
[825]	35	47	-3	0	-5	1	det1=true
[826]	38	47	-18	-11	-4	-2	det1=true
[827]	38	47	-20	-11	-4	2	det1=true
[828]	47	47	-21	-9	-3	-4	det1=true
[829]	47	47	-6	0	-3	-5	det1=true
[830]	47	47	-11	0	-3	5	det1=true
[831]	24	48	-6	-4	-1	-4	det1=true
[832]	24	48	-10	-4	-1	4	det1=true
[833]	25	48	-11	2	-4	-1	det1=true
[834]	29	48	-8	-5	-2	-4	det1=true
[835]	29	48	-12	-5	-2	4	det1=true
[836]	35	48	-9	2	-4	-3	det1=true
[837]	37	48	-16	-13	-2	-4	det1=true
[838]	37	48	-20	-13	-2	4	det1=true
[839]	39	48	-4	-2	-2	-5	det1=true
[840]	39	48	-9	-2	-2	5	det1=true
[841]	44	48	-16	1	-5	-2	det1=true
[842]	44	48	-18	1	-5	2	det1=true
[843]	45	48	-28	-1	-2	-4	det1=true
[844]	47	48	-14	-12	-5	-2	det1=true
[845]	47	48	-16	-12	-5	2	det1=true
[846]	26	45	-8	-1	-1	-4	det1=true
[847]	26	45	-12	-1	-1	4	det1=true
[848]	28	45	-12	-4	-4	-1	det1=true
[849]	28	45	-13	-4	-4	1	det1=true
[850]	28	45	0	1	-2	-4	det1=true
[851]	28	45	-4	1	-2	4	det1=true
[852]	37	45	-3	-1	-1	-5	det1=true
[853]	37	45	-8	-1	-1	5	det1=true
[854]	41	45	-15	-7	-1	5	det1=true
[855]	41	45	-2	-1	-2	-5	det1=true
[856]	41	45	-7	-1	-2	5	det1=true
[857]	18	46	-2	0	-3	-2	det1=true
[858]	18	46	-4	0	-3	2	det1=true
[859]	24	46	-4	-2	-4	-1	det1=true
[860]	24	46	-5	-2	-4	1	det1=true
[861]	28	46	-3	-2	-4	-2	det1=true
[862]	28	46	-5	-2	-4	2	det1=true
[863]	42	46	-8	0	-2	-5	det1=true
[864]	42	46	-13	0	-2	5	det1=true
[865]	45	46	-13	-2	-2	-5	det1=true
[866]	45	46	-18	-2	-2	5	det1=true
[867]	27	47	-5	-1	-2	4	det1=true
[868]	35	47	-15	-9	-2	-4	det1=true
[869]	35	47	-3	2	-5	-1	det1=true
[870]	35	47	-4	2	-5	1	det1=true
[871]	39	47	-8	-9	-1	-5	det1=true
[872]	39	47	-13	-9	-1	5	det1=true
[873]	23	48	-4	-2	-4	-1	det1=true
[874]	31	48	-12	-5	-2	-4	det1=true
[875]	39	48	-8	1	-5	2	det1=true
[876]	45	48	-32	-1	-2	4	det1=true
[877]	39	45	-10	-1	-5	-1	det1=true
[878]	39	45	-13	-3	-1	5	det1=true
[879]	41	45	-12	-1	-1	-5	det1=true
[880]	41	45	-17	-1	-1	5	det1=true
[881]	44	45	-8	-6	-2	-5	det1=true
[882]	44	45	-13	-6	-2	5	det1=true
[883]	45	45	-22	-3	-1	5	det1=true
[884]	27	46	-10	-6	-4	-1	det1=true
[885]	27	46	-11	-6	-4	1	det1=true
[886]	43	46	-18	-17	-4	-2	det1=true
[887]	15	47	-7	-3	-3	-1	det1=true
[888]	15	47	-8	-3	-3	1	det1=true
[889]	19	47	-7	-1	-2	-3	det1=true
[890]	19	47	-10	-1	-2	3	det1=true
[891]	24	47	-7	0	-4	-1	det1=true
[892]	24	47	-8	0	-4	1	det1=true
[893]	27	47	-1	-1	-2	-4	det1=true
[894]	35	47	-1	0	-1	-5	det1=true
[895]	35	47	-6	0	-1	5	det1=true
[896]	43	47	-17	-8	-3	-4	det1=true
[897]	47	47	-7	1	-5	-3	det1=true
[898]	39	48	-6	1	-5	-2	det1=true
[899]	30	45	-13	-8	-4	-1	det1=true
[900]	30	45	-14	-8	-4	1	det1=true
[901]	40	45	-19	-10	-4	-2	det1=true
[902]	40	45	-21	-10	-4	2	det1=true
[903]	27	46	-10	-5	-1	-4	det1=true
[904]	27	46	-14	-5	-1	4	det1=true
[905]	43	46	-9	-4	-2	-5	det1=true
[906]	43	46	-14	-4	-2	5	det1=true
[907]	38	47	-10	-7	-3	-4	det1=true
[908]	38	47	-14	-7	-3	4	det1=true
[909]	41	47	-13	-10	-3	-4	det1=true
[910]	41	47	-17	-10	-3	4	det1=true
[911]	43	47	-21	-8	-3	4	det1=true
[912]	47	47	-38	-4	-1	-3	det1=true
[913]	47	47	-41	-4	-1	3	det1=true
[914]	47	47	-20	-10	-5	-1	det1=true
[915]	47	47	-21	-10	-5	1	det1=true
[916]	47	47	-10	1	-5	3	det1=true
[917]	23	48	-5	-2	-4	1	det1=true
[918]	40	47	-13	-8	-4	-3	det1=true
[919]	40	47	-16	-8	-4	3	det1=true
[920]	41	47	-9	0	-5	-2	det1=true
[921]	41	47	-11	0	-5	2	det1=true
[922]	45	47	-19	-4	-1	-5	det1=true
[923]	28	48	-10	-11	-1	-4	det1=true
[924]	31	48	-13	-4	-4	-2	det1=true
[925]	36	46	-15	-10	-4	-2	det1=true
[926]	18	47	-3	-2	-2	-3	det1=true
[927]	18	47	-6	-2	-2	3	det1=true
[928]	28	48	-14	-11	-1	4	det1=true
[929]	38	48	1	0	-2	-5	det1=true
[930]	38	48	-4	0	-2	5	det1=true
[931]	12	47	-5	-4	-2	-2	det1=true
[932]	6	45	-3	-2	-2	0	det1=true
[933]	42	46	-8	-3	-5	-2	det1=true
[934]	42	46	-10	-3	-5	2	det1=true
[935]	41	47	-7	-4	-5	-2	det1=true
[936]	41	46	-5	-2	-2	-5	det1=true
[937]	41	46	-10	-2	-2	5	det1=true
[938]	46	46	-16	0	-5	-2	det1=true
[939]	46	46	-18	0	-5	2	det1=true
[940]	25	49	-12	1	-4	-1	det1=true
[941]	25	49	-13	1	-4	1	det1=true
[942]	45	49	-19	-10	-1	-5	det1=true
[943]	45	49	-24	-10	-1	5	det1=true
[944]	48	49	-4	0	-6	-1	det1=true
[945]	48	49	-5	0	-6	1	det1=true
[946]	49	49	-21	-15	-5	-1	det1=true
[947]	49	49	-22	-15	-5	1	det1=true
[948]	29	50	-11	-4	-2	-4	det1=true
[949]	47	52	-8	0	-1	-6	det1=true
[950]	47	52	-14	0	-1	6	det1=true
[951]	17	49	-2	-1	-2	-3	det1=true
[952]	17	49	-5	-1	-2	3	det1=true
[953]	25	49	-11	-3	-4	-1	det1=true
[954]	43	49	-21	-1	-5	-1	det1=true
[955]	43	49	-22	-1	-5	1	det1=true
[956]	43	49	-16	-11	-1	-5	det1=true
[957]	43	49	-21	-11	-1	5	det1=true
[958]	45	49	-21	-8	-5	-1	det1=true
[959]	45	49	-22	-8	-5	1	det1=true
[960]	49	49	-13	-5	-5	-3	det1=true
[961]	33	50	-14	-11	-4	-2	det1=true
[962]	33	50	-16	-11	-4	2	det1=true
[963]	34	50	-12	-4	-3	4	det1=true
[964]	27	51	-9	1	-2	-4	det1=true
[965]	37	51	-13	-6	-5	-1	det1=true
[966]	37	51	-11	-8	-1	-5	det1=true
[967]	37	51	-16	-8	-1	5	det1=true
[968]	39	51	-9	-5	-2	-5	det1=true
[969]	43	51	-6	1	-5	-3	det1=true
[970]	43	51	-9	1	-5	3	det1=true
[971]	47	51	-17	-13	-2	-5	det1=true
[972]	47	51	-22	-13	-2	5	det1=true
[973]	43	52	-17	-16	-4	-3	det1=true
[974]	43	52	-20	-16	-4	3	det1=true
[975]	50	52	-5	-4	-2	-6	det1=true
[976]	50	52	-11	-4	-2	6	det1=true
[977]	52	52	-30	-4	-5	2	det1=true
[978]	13	49	-1	-1	-1	-3	det1=true
[979]	13	49	-4	-1	-1	3	det1=true
[980]	34	49	-16	-9	-4	-2	det1=true
[981]	34	49	-18	-9	-4	2	det1=true
[982]	40	49	-7	-6	-2	-5	det1=true
[983]	40	49	-12	-6	-2	5	det1=true
[984]	43	49	-18	-9	-5	-1	det1=true
[985]	43	49	-13	-7	-5	-2	det1=true
[986]	43	49	-15	-7	-5	2	det1=true
[987]	44	49	-16	-8	-5	2	det1=true
[988]	48	49	-15	-14	-2	-5	det1=true
[989]	48	49	-20	-14	-2	5	det1=true
[990]	34	50	-8	-4	-3	-4	det1=true
[991]	38	50	-16	-1	-3	-4	det1=true
[992]	38	50	-20	-1	-3	4	det1=true
[993]	48	50	-21	-16	-4	-3	det1=true
[994]	50	50	-8	-7	-1	-6	det1=true
[995]	21	51	-1	1	-4	-1	det1=true
[996]	21	51	-2	1	-4	1	det1=true
[997]	23	51	-7	-5	-4	-1	det1=true
[998]	23	51	-8	-5	-4	1	det1=true
[999]	37	51	-5	-3	-5	-2	det1=true
[1000]	37	51	-7	-3	-5	2	det1=true
[1001]	43	51	-23	-12	-3	4	det1=true
[1002]	43	51	-5	0	-3	-5	det1=true
[1003]	43	51	-10	0	-3	5	det1=true
[1004]	51	51	-3	1	-5	-4	det1=true
[1005]	51	51	-7	1	-5	4	det1=true
[1006]	31	52	-4	-1	-3	-4	det1=true
[1007]	31	52	-8	-1	-3	4	det1=true
[1008]	36	52	-4	-2	-2	-5	det1=true
[1009]	36	52	-9	-2	-2	5	det1=true
[1010]	39	52	-11	-4	-2	-5	det1=true
[1011]	43	52	-20	-12	-3	-4	det1=true
[1012]	46	52	-22	-4	-5	-2	det1=true
[1013]	46	52	-20	-12	-5	2	det1=true
[1014]	46	52	-4	-4	-1	-6	det1=true
[1015]	46	52	-10	-4	-1	6	det1=true
[1016]	47	52	-8	-4	-6	-1	det1=true
[1017]	47	52	-9	-4	-6	1	det1=true
[1018]	49	52	-5	2	-6	-2	det1=true
[1019]	49	52	-7	2	-6	2	det1=true
[1020]	51	52	-22	-21	-3	-4	det1=true
[1021]	51	52	-26	-21	-3	4	det1=true
[1022]	52	52	-27	-20	-4	3	det1=true
[1023]	52	52	-19	2	-6	-1	det1=true
[1024]	52	52	-20	2	-6	1	det1=true
[1025]	52	52	-16	-4	-1	-6	det1=true
[1026]	52	52	-22	-4	-1	6	det1=true
[1027]	13	49	-2	0	-3	-1	det1=true
[1028]	13	49	-3	0	-3	1	det1=true
[1029]	18	49	-6	-2	-2	-3	det1=true
[1030]	18	49	-9	-2	-2	3	det1=true
[1031]	22	49	-2	0	-4	-1	det1=true
[1032]	22	49	-3	0	-4	1	det1=true
[1033]	26	49	-2	-1	-4	-2	det1=true
[1034]	26	49	-4	-1	-4	2	det1=true
[1035]	28	49	-8	-3	-2	-4	det1=true
[1036]	28	49	-12	-3	-2	4	det1=true
[1037]	37	49	-9	-7	-5	-1	det1=true
[1038]	43	49	-19	-9	-5	1	det1=true
[1039]	44	49	-14	-8	-5	-2	det1=true
[1040]	18	50	-8	0	-3	-2	det1=true
[1041]	18	50	-10	0	-3	2	det1=true
[1042]	26	50	-11	-8	-4	-1	det1=true
[1043]	26	50	-12	-8	-4	1	det1=true
[1044]	37	50	-2	-2	-2	-5	det1=true
[1045]	37	50	-7	-2	-2	5	det1=true
[1046]	41	50	-3	-2	-4	-4	det1=true
[1047]	41	50	-7	-2	-4	4	det1=true
[1048]	44	50	-16	-16	-3	-4	det1=true
[1049]	44	50	-20	-16	-3	4	det1=true
[1050]	44	50	-12	-12	-2	-5	det1=true
[1051]	45	50	-17	-6	-2	-5	det1=true
[1052]	45	50	-22	-6	-2	5	det1=true
[1053]	25	51	-10	-2	-3	-3	det1=true
[1054]	25	51	-13	-2	-3	3	det1=true
[1055]	30	51	-14	-5	-4	-2	det1=true
[1056]	36	51	-17	-14	-4	-2	det1=true
[1057]	37	51	-14	-6	-5	1	det1=true
[1058]	37	51	-7	1	-5	-2	det1=true
[1059]	37	51	-9	1	-5	2	det1=true
[1060]	39	51	-14	-5	-2	5	det1=true
[1061]	42	51	-13	-8	-2	-5	det1=true
[1062]	42	51	-18	-8	-2	5	det1=true
[1063]	51	51	-19	-17	-5	-2	det1=true
[1064]	51	51	-21	-17	-5	2	det1=true
[1065]	51	51	-8	0	-6	-2	det1=true
[1066]	19	52	-8	-8	-2	-3	det1=true
[1067]	19	52	-11	-8	-2	3	det1=true
[1068]	22	52	-8	0	-4	-1	det1=true
[1069]	22	52	-9	0	-4	1	det1=true
[1070]	25	52	-11	-8	-4	-1	det1=true
[1071]	25	52	-12	-8	-4	1	det1=true
[1072]	34	52	-12	-2	-4	-3	det1=true
[1073]	34	52	-15	-2	-4	3	det1=true
[1074]	36	52	-8	1	-5	2	det1=true
[1075]	38	52	-13	-12	-4	-3	det1=true
[1076]	40	52	-12	-6	-2	-5	det1=true
[1077]	40	52	-17	-6	-2	5	det1=true
[1078]	44	52	-20	-14	-4	-3	det1=true
[1079]	44	52	-23	-14	-4	3	det1=true
[1080]	48	52	-20	-12	-2	-5	det1=true
[1081]	49	52	-18	0	-1	6	det1=true
[1082]	17	49	-5	1	-3	2	det1=true
[1083]	24	49	-8	-4	-4	-1	det1=true
[1084]	24	49	-9	-4	-4	1	det1=true
[1085]	34	49	-15	-10	-2	-4	det1=true
[1086]	39	49	-14	-2	-1	-5	det1=true
[1087]	39	49	-19	-2	-1	5	det1=true
[1088]	42	49	-19	-18	-2	-4	det1=true
[1089]	42	49	-16	-1	-5	2	det1=true
[1090]	42	49	-10	-8	-2	-5	det1=true
[1091]	42	49	-15	-8	-2	5	det1=true
[1092]	49	49	-10	-9	-3	-5	det1=true
[1093]	24	50	-11	2	-4	-1	det1=true
[1094]	28	50	-10	1	-2	-4	det1=true
[1095]	33	50	-13	-12	-2	-4	det1=true
[1096]	33	50	-17	-12	-2	4	det1=true
[1097]	44	50	-17	-12	-2	5	det1=true
[1098]	47	50	-2	-1	-1	-6	det1=true
[1099]	47	50	-8	-1	-1	6	det1=true
[1100]	49	50	-8	-2	-1	-6	det1=true
[1101]	33	51	-5	-2	-5	-1	det1=true
[1102]	33	51	-6	-2	-5	1	det1=true
[1103]	33	51	-3	-4	-1	-5	det1=true
[1104]	33	51	-8	-4	-1	5	det1=true
[1105]	35	51	-10	-4	-5	-1	det1=true
[1106]	35	51	-11	-4	-5	1	det1=true
[1107]	40	51	-17	-2	-2	5	det1=true
[1108]	42	51	-14	-6	-2	-5	det1=true
[1109]	42	51	-19	-6	-2	5	det1=true
[1110]	43	51	-14	-9	-2	-5	det1=true
[1111]	43	51	-19	-9	-2	5	det1=true
[1112]	44	51	-21	-8	-2	5	det1=true
[1113]	45	51	-20	-12	-1	-5	det1=true
[1114]	45	51	-25	-12	-1	5	det1=true
[1115]	49	51	-12	-11	-5	-3	det1=true
[1116]	49	51	-15	-11	-5	3	det1=true
[1117]	50	51	-12	-1	-1	-6	det1=true
[1118]	51	51	-41	-3	-1	4	det1=true
[1119]	51	51	-23	-19	-5	1	det1=true
[1120]	51	51	-6	-2	-2	-6	det1=true
[1121]	17	52	-5	-4	-2	-3	det1=true
[1122]	17	52	-8	-4	-2	3	det1=true
[1123]	33	52	-9	-4	-4	-3	det1=true
[1124]	33	52	-12	-4	-4	3	det1=true
[1125]	37	52	-16	-4	-3	-4	det1=true
[1126]	39	52	-16	-4	-2	5	det1=true
[1127]	40	52	-12	-7	-5	-2	det1=true
[1128]	49	52	-12	0	-1	-6	det1=true
[1129]	49	52	-3	0	-2	-6	det1=true
[1130]	49	52	-9	0	-2	6	det1=true
[1131]	51	52	-4	-4	-4	-5	det1=true
[1132]	51	52	-9	-4	-4	5	det1=true
[1133]	52	52	-24	-20	-4	-3	det1=true
[1134]	52	52	-11	-4	-6	-2	det1=true
[1135]	52	52	-13	-4	-6	2	det1=true
[1136]	52	52	-8	-3	-5	-4	det1=true
[1137]	52	52	-12	-3	-5	4	det1=true
[1138]	17	49	-3	1	-3	-2	det1=true
[1139]	37	49	-10	-7	-5	1	det1=true
[1140]	39	49	-16	0	-5	-1	det1=true
[1141]	39	49	-7	1	-2	-5	det1=true
[1142]	39	49	-12	1	-2	5	det1=true
[1143]	42	49	-14	-1	-5	-2	det1=true
[1144]	46	49	-18	-6	-5	-2	det1=true
[1145]	46	49	-20	-6	-5	2	det1=true
[1146]	48	49	-20	-4	-2	-5	det1=true
[1147]	48	49	-25	-4	-2	5	det1=true
[1148]	49	49	-11	-8	-5	-3	det1=true
[1149]	49	49	-14	-8	-5	3	det1=true
[1150]	27	50	-13	-8	-4	-1	det1=true
[1151]	27	50	-14	-8	-4	1	det1=true
[1152]	30	50	-11	-8	-4	-2	det1=true
[1153]	30	50	-13	-8	-4	2	det1=true
[1154]	48	50	-24	-16	-4	3	det1=true
[1155]	18	51	-8	-3	-3	-2	det1=true
[1156]	18	51	-10	-3	-3	2	det1=true
[1157]	40	51	-12	-2	-2	-5	det1=true
[1158]	10	52	-3	0	-2	-2	det1=true
[1159]	33	52	-10	0	-3	-4	det1=true
[1160]	33	52	-14	0	-3	4	det1=true
[1161]	49	52	-10	-7	-1	-6	det1=true
[1162]	49	52	-16	-7	-1	6	det1=true
[1163]	45	49	-13	-11	-2	-5	det1=true
[1164]	45	49	-18	-11	-2	5	det1=true
[1165]	49	49	-12	-6	-3	-5	det1=true
[1166]	38	50	-6	-3	-5	-2	det1=true
[1167]	38	50	-8	-3	-5	2	det1=true
[1168]	42	50	-12	-8	-5	-2	det1=true
[1169]	44	50	-18	-7	-5	2	det1=true
[1170]	45	50	-18	-2	-2	-5	det1=true
[1171]	45	50	-23	-2	-2	5	det1=true
[1172]	49	50	-14	-2	-1	6	det1=true
[1173]	24	51	-8	-7	-1	-4	det1=true
[1174]	24	51	-12	-7	-1	4	det1=true
[1175]	44	51	-16	-8	-2	-5	det1=true
[1176]	48	51	-20	-10	-2	-5	det1=true
[1177]	48	51	-25	-10	-2	5	det1=true
[1178]	16	52	-2	-1	-3	-2	det1=true
[1179]	16	52	-4	-1	-3	2	det1=true
[1180]	36	52	-6	1	-5	-2	det1=true
[1181]	37	52	-13	-10	-4	-3	det1=true
[1182]	42	52	-18	1	-5	-2	det1=true
[1183]	42	52	-20	1	-5	2	det1=true
[1184]	50	52	-12	-8	-6	-1	det1=true
[1185]	50	52	-13	-8	-6	1	det1=true
[1186]	45	49	-17	-1	-2	-5	det1=true
[1187]	45	49	-22	-1	-2	5	det1=true
[1188]	39	50	-18	2	-4	-3	det1=true
[1189]	39	50	-21	2	-4	3	det1=true
[1190]	47	50	-18	-18	-3	-4	det1=true
[1191]	47	50	-22	-18	-3	4	det1=true
[1192]	31	51	-1	0	-3	-4	det1=true
[1193]	31	51	-5	0	-3	4	det1=true
[1194]	51	51	-22	-19	-5	-1	det1=true
[1195]	21	52	-4	0	-4	-1	det1=true
[1196]	21	52	-5	0	-4	1	det1=true
[1197]	31	51	-14	-8	-4	-2	det1=true
[1198]	34	51	-10	-3	-3	-4	det1=true
[1199]	34	51	-14	-3	-3	4	det1=true
[1200]	47	49	-11	-1	-5	-3	det1=true
[1201]	35	51	-11	-2	-5	-1	det1=true
[1202]	35	51	-12	-2	-5	1	det1=true
[1203]	51	51	-20	-21	-1	-5	det1=true
[1204]	51	51	-25	-21	-1	5	det1=true
[1205]	47	49	-14	-1	-5	3	det1=true
[1206]	41	50	-16	-11	-3	-4	det1=true
[1207]	41	50	-20	-11	-3	4	det1=true
[1208]	45	51	-22	-10	-5	-1	det1=true
[1209]	45	51	-23	-10	-5	1	det1=true
[1210]	52	52	-12	-12	-1	-6	det1=true
[1211]	52	52	-18	-12	-1	6	det1=true
[1212]	52	52	-9	-6	-2	-6	det1=true
[1213]	52	52	-15	-6	-2	6	det1=true
[1214]	32	50	-4	2	-4	-3	det1=true
[1215]	32	50	-7	2	-4	3	det1=true
[1216]	30	51	-13	-6	-2	-4	det1=true
[1217]	32	52	-6	-4	-3	-4	det1=true
[1218]	32	52	-10	-4	-3	4	det1=true
[1219]	30	50	-10	-9	-2	-4	det1=true
[1220]	30	50	-14	-9	-2	4	det1=true
[1221]	54	54	-17	-6	-6	-2	det1=true
[1222]	54	54	-19	-6	-6	2	det1=true
[1223]	49	55	-22	-21	-1	-5	det1=true
[1224]	49	55	-27	-21	-1	5	det1=true
[1225]	53	53	-18	-9	-6	-1	det1=true
[1226]	53	53	-19	-9	-6	1	det1=true
[1227]	20	54	-3	2	-4	-1	det1=true
[1228]	20	54	-4	2	-4	1	det1=true
[1229]	24	55	-6	1	-2	-4	det1=true
[1230]	24	55	-10	1	-2	4	det1=true
[1231]	54	55	-17	-2	-4	-5	det1=true
[1232]	54	55	-22	-2	-4	5	det1=true
[1233]	55	55	-16	-12	-6	-2	det1=true
[1234]	55	55	-18	-12	-6	2	det1=true
[1235]	47	56	-14	-4	-1	-6	det1=true
[1236]	47	56	-20	-4	-1	6	det1=true
[1237]	41	53	-13	-10	-5	-2	det1=true
[1238]	49	53	-20	2	-5	-3	det1=true
[1239]	49	53	-18	-5	-3	-5	det1=true
[1240]	49	53	-23	-5	-3	5	det1=true
[1241]	51	53	-23	-15	-5	-2	det1=true
[1242]	51	53	-25	-15	-5	2	det1=true
[1243]	51	53	-15	-7	-1	-6	det1=true
[1244]	51	53	-21	-7	-1	6	det1=true
[1245]	52	53	-13	-4	-6	-2	det1=true
[1246]	52	53	-15	-4	-6	2	det1=true
[1247]	53	53	-12	-3	-4	-5	det1=true
[1248]	53	53	-17	-3	-4	5	det1=true
[1249]	27	54	-10	-7	-4	-2	det1=true
[1250]	27	54	-12	-7	-4	2	det1=true
[1251]	43	54	-18	-8	-2	-5	det1=true
[1252]	49	54	-22	-14	-2	-5	det1=true
[1253]	49	54	-27	-14	-2	5	det1=true
[1254]	53	54	-44	-3	-3	-2	det1=true
[1255]	53	54	-46	-3	-3	2	det1=true
[1256]	34	55	-11	-10	-4	-3	det1=true
[1257]	34	55	-14	-10	-4	3	det1=true
[1258]	35	55	-16	-2	-5	-1	det1=true
[1259]	35	55	-19	-4	-1	5	det1=true
[1260]	35	55	-13	-8	-5	-1	det1=true
[1261]	35	55	-14	-8	-5	1	det1=true
[1262]	39	55	-17	2	-5	-2	det1=true
[1263]	39	55	-19	2	-5	2	det1=true
[1264]	43	55	-13	-2	-5	-3	det1=true
[1265]	43	55	-16	-2	-5	3	det1=true
[1266]	51	55	-13	0	-5	-4	det1=true
[1267]	51	55	-17	0	-5	4	det1=true
[1268]	54	55	-26	-18	-5	-2	det1=true
[1269]	16	56	-6	-4	-3	-2	det1=true
[1270]	16	56	-8	-4	-3	2	det1=true
[1271]	23	56	-3	-2	-4	-2	det1=true
[1272]	23	56	-5	-2	-4	2	det1=true
[1273]	34	56	-8	1	-5	-2	det1=true
[1274]	34	56	-10	1	-5	2	det1=true
[1275]	35	56	-7	-6	-2	-5	det1=true
[1276]	35	56	-12	-6	-2	5	det1=true
[1277]	43	56	-25	-8	-2	5	det1=true
[1278]	46	56	-10	-3	-2	6	det1=true
[1279]	48	56	-8	0	-4	-5	det1=true
[1280]	50	56	-12	-7	-2	-6	det1=true
[1281]	50	56	-18	-7	-2	6	det1=true
[1282]	51	56	-2	-1	-3	-6	det1=true
[1283]	51	56	-8	-1	-3	6	det1=true
[1284]	52	56	-19	2	-6	-2	det1=true
[1285]	52	56	-21	2	-6	2	det1=true
[1286]	56	56	-22	1	-2	-6	det1=true
[1287]	56	56	-28	1	-2	6	det1=true
[1288]	56	56	-19	-12	-6	-2	det1=true
[1289]	56	56	-21	-12	-6	2	det1=true
[1290]	56	56	-17	-14	-2	-6	det1=true
[1291]	56	56	-23	-14	-2	6	det1=true
[1292]	35	53	-9	-9	-1	-5	det1=true
[1293]	41	53	-15	-10	-5	2	det1=true
[1294]	43	53	-10	-1	-5	-3	det1=true
[1295]	43	53	-13	-1	-5	3	det1=true
[1296]	44	53	-19	-6	-2	-5	det1=true
[1297]	44	53	-24	-6	-2	5	det1=true
[1298]	45	53	-17	-13	-5	-2	det1=true
[1299]	45	53	-19	-13	-5	2	det1=true
[1300]	49	53	-23	2	-5	3	det1=true
[1301]	50	53	-6	0	-4	-5	det1=true
[1302]	51	53	-19	3	-6	-1	det1=true
[1303]	51	53	-20	3	-6	1	det1=true
[1304]	52	53	-16	-8	-1	-6	det1=true
[1305]	52	53	-22	-8	-1	6	det1=true
[1306]	53	53	-14	-2	-2	-6	det1=true
[1307]	21	54	-6	-1	-1	-4	det1=true
[1308]	21	54	-10	-1	-1	4	det1=true
[1309]	22	54	-12	-4	-1	4	det1=true
[1310]	22	54	-6	-7	-1	-4	det1=true
[1311]	22	54	-10	-7	-1	4	det1=true
[1312]	27	54	-9	-8	-2	-4	det1=true
[1313]	34	54	-2	0	-5	-2	det1=true
[1314]	34	54	-4	0	-5	2	det1=true
[1315]	38	54	-14	0	-5	-2	det1=true
[1316]	42	54	-20	0	-5	-2	det1=true
[1317]	42	54	-22	0	-5	2	det1=true
[1318]	49	54	-6	2	-4	-5	det1=true
[1319]	49	54	-11	2	-4	5	det1=true
[1320]	6	55	-2	-2	-1	-2	det1=true
[1321]	6	55	-4	-2	-1	2	det1=true
[1322]	21	55	-2	-2	-3	-3	det1=true
[1323]	22	55	-8	-6	-1	-4	det1=true
[1324]	22	55	-12	-6	-1	4	det1=true
[1325]	24	55	-7	2	-4	-2	det1=true
[1326]	31	55	-9	-3	-4	-3	det1=true
[1327]	31	55	-12	-3	-4	3	det1=true
[1328]	33	55	-13	2	-5	-1	det1=true
[1329]	33	55	-14	2	-5	1	det1=true
[1330]	44	55	-8	-2	-6	-1	det1=true
[1331]	44	55	-9	-2	-6	1	det1=true
[1332]	51	55	-9	-8	-5	-4	det1=true
[1333]	51	55	-13	-8	-5	4	det1=true
[1334]	52	55	-14	-3	-5	-4	det1=true
[1335]	52	55	-18	-3	-5	4	det1=true
[1336]	53	55	-19	1	-6	-2	det1=true
[1337]	53	55	-21	1	-6	2	det1=true
[1338]	55	55	-24	-13	-5	-3	det1=true
[1339]	55	55	-27	-13	-5	3	det1=true
[1340]	21	56	-8	-4	-4	-1	det1=true
[1341]	22	56	-10	-4	-1	-4	det1=true
[1342]	26	56	-9	-8	-4	-2	det1=true
[1343]	26	56	-11	-8	-4	2	det1=true
[1344]	30	56	-9	2	-4	-3	det1=true
[1345]	30	56	-12	2	-4	3	det1=true
[1346]	33	56	-6	1	-5	2	det1=true
[1347]	39	56	-18	1	-5	-2	det1=true
[1348]	44	56	-12	0	-6	1	det1=true
[1349]	46	56	-11	-8	-6	-1	det1=true
[1350]	46	56	-12	-8	-6	1	det1=true
[1351]	49	56	-10	-7	-2	-6	det1=true
[1352]	49	56	-16	-7	-2	6	det1=true
[1353]	52	56	-20	-10	-6	-1	det1=true
[1354]	52	56	-21	-10	-6	1	det1=true
[1355]	53	56	-31	-4	-2	-5	det1=true
[1356]	53	56	-20	-1	-6	-2	det1=true
[1357]	53	56	-18	-3	-2	-6	det1=true
[1358]	53	56	-24	-3	-2	6	det1=true
[1359]	13	53	-5	-4	-3	-1	det1=true
[1360]	35	53	-14	-9	-1	5	det1=true
[1361]	44	53	-16	-12	-2	-5	det1=true
[1362]	44	53	-21	-12	-2	5	det1=true
[1363]	46	53	-9	-2	-6	-1	det1=true
[1364]	46	53	-10	-2	-6	1	det1=true
[1365]	50	53	-6	-1	-5	-4	det1=true
[1366]	50	53	-10	-1	-5	4	det1=true
[1367]	52	53	-11	-6	-2	-6	det1=true
[1368]	53	53	-18	-18	-4	-4	det1=true
[1369]	35	54	-6	-2	-5	-2	det1=true
[1370]	35	54	-8	-2	-5	2	det1=true
[1371]	36	54	-10	1	-5	-2	det1=true
[1372]	36	54	-12	1	-5	2	det1=true
[1373]	36	54	-8	-4	-5	-2	det1=true
[1374]	36	54	-10	-4	-5	2	det1=true
[1375]	38	54	-16	0	-5	2	det1=true
[1376]	43	54	-17	-10	-2	-5	det1=true
[1377]	48	54	-6	1	-2	-6	det1=true
[1378]	48	54	-12	1	-2	6	det1=true
[1379]	49	54	-5	-2	-4	-5	det1=true
[1380]	49	54	-10	-2	-4	5	det1=true
[1381]	50	54	-8	-2	-4	-5	det1=true
[1382]	54	54	-8	2	-6	-3	det1=true
[1383]	54	54	-11	2	-6	3	det1=true
[1384]	21	55	-7	-2	-1	-4	det1=true
[1385]	21	55	-11	-2	-1	4	det1=true
[1386]	23	55	-2	2	-4	-2	det1=true
[1387]	23	55	-4	2	-4	2	det1=true
[1388]	23	55	-1	1	-2	-4	det1=true
[1389]	23	55	-5	1	-2	4	det1=true
[1390]	33	55	-10	-6	-5	-1	det1=true
[1391]	33	55	-11	-6	-5	1	det1=true
[1392]	33	55	-8	-8	-1	-5	det1=true
[1393]	34	55	-6	2	-5	-2	det1=true
[1394]	36	55	-8	-6	-2	-5	det1=true
[1395]	37	55	-14	-13	-4	-3	det1=true
[1396]	37	55	-17	-13	-4	3	det1=true
[1397]	37	55	-12	-1	-2	-5	det1=true
[1398]	37	55	-17	-1	-2	5	det1=true
[1399]	40	55	-16	-7	-5	-2	det1=true
[1400]	40	55	-18	-7	-5	2	det1=true
[1401]	40	55	-12	-12	-2	-5	det1=true
[1402]	40	55	-17	-12	-2	5	det1=true
[1403]	47	55	-19	-2	-1	6	det1=true
[1404]	48	55	-6	1	-5	-4	det1=true
[1405]	51	55	-11	-5	-4	-5	det1=true
[1406]	51	55	-16	-5	-4	5	det1=true
[1407]	52	55	-17	-2	-6	-2	det1=true
[1408]	52	55	-19	-2	-6	2	det1=true
[1409]	52	55	-15	-4	-2	-6	det1=true
[1410]	55	55	-30	-19	-5	-1	det1=true
[1411]	55	55	-31	-19	-5	1	det1=true
[1412]	55	55	-22	-11	-6	-1	det1=true
[1413]	25	56	-11	2	-4	-2	det1=true
[1414]	25	56	-13	2	-4	2	det1=true
[1415]	33	56	-4	1	-5	-2	det1=true
[1416]	41	56	-15	-12	-2	-5	det1=true
[1417]	41	56	-20	-12	-2	5	det1=true
[1418]	42	56	-20	-7	-5	-2	det1=true
[1419]	42	56	-22	-7	-5	2	det1=true
[1420]	42	56	-20	-14	-2	5	det1=true
[1421]	42	56	-4	0	-6	-1	det1=true
[1422]	42	56	-5	0	-6	1	det1=true
[1423]	46	56	-6	-1	-6	-2	det1=true
[1424]	47	56	-8	1	-2	-6	det1=true
[1425]	47	56	-14	1	-2	6	det1=true
[1426]	47	56	-4	-2	-4	-5	det1=true
[1427]	47	56	-9	-2	-4	5	det1=true
[1428]	50	56	-12	-3	-5	-4	det1=true
[1429]	54	56	-41	0	-4	-2	det1=true
[1430]	54	56	-43	0	-4	2	det1=true
[1431]	16	53	-4	0	-2	-3	det1=true
[1432]	16	53	-7	0	-2	3	det1=true
[1433]	18	53	-8	-6	-3	-2	det1=true
[1434]	18	53	-10	-6	-3	2	det1=true
[1435]	23	53	-9	-5	-1	-4	det1=true
[1436]	23	53	-13	-5	-1	4	det1=true
[1437]	26	53	-10	1	-4	-2	det1=true
[1438]	26	53	-12	1	-4	2	det1=true
[1439]	30	53	-3	2	-4	-3	det1=true
[1440]	33	53	-10	0	-5	-1	det1=true
[1441]	35	53	-12	-3	-1	-5	det1=true
[1442]	35	53	-17	-3	-1	5	det1=true
[1443]	36	53	-10	0	-5	2	det1=true
[1444]	39	53	-15	-13	-4	-3	det1=true
[1445]	39	53	-18	-13	-4	3	det1=true
[1446]	39	53	-11	-7	-2	-5	det1=true
[1447]	39	53	-16	-7	-2	5	det1=true
[1448]	43	53	-19	-15	-4	-3	det1=true
[1449]	43	53	-22	-15	-4	3	det1=true
[1450]	43	53	-9	-2	-3	-5	det1=true
[1451]	43	53	-14	-2	-3	5	det1=true
[1452]	43	53	-7	-6	-5	-3	det1=true
[1453]	43	53	-10	-6	-5	3	det1=true
[1454]	49	53	-15	-11	-3	-5	det1=true
[1455]	52	53	-17	-6	-2	6	det1=true
[1456]	23	54	-10	-6	-4	-1	det1=true
[1457]	23	54	-11	-6	-4	1	det1=true
[1458]	41	54	-19	-10	-2	5	det1=true
[1459]	43	54	-22	-10	-2	5	det1=true
[1460]	50	54	-7	-4	-4	-5	det1=true
[1461]	50	54	-12	-4	-4	5	det1=true
[1462]	53	54	-14	-2	-4	-5	det1=true
[1463]	53	54	-19	-2	-4	5	det1=true
[1464]	54	54	-15	-4	-4	-5	det1=true
[1465]	33	55	-16	0	-1	5	det1=true
[1466]	33	55	-13	-8	-1	5	det1=true
[1467]	36	55	-13	-6	-2	5	det1=true
[1468]	39	55	-17	-11	-1	-5	det1=true
[1469]	39	55	-22	-11	-1	5	det1=true
[1470]	39	55	-14	-15	-1	-5	det1=true
[1471]	39	55	-19	-15	-1	5	det1=true
[1472]	43	55	-3	-2	-1	-6	det1=true
[1473]	43	55	-9	-2	-1	6	det1=true
[1474]	45	55	-19	-19	-1	-5	det1=true
[1475]	45	55	-24	-19	-1	5	det1=true
[1476]	46	55	-18	-16	-2	-5	det1=true
[1477]	46	55	-23	-16	-2	5	det1=true
[1478]	46	55	-13	-2	-6	-1	det1=true
[1479]	46	55	-14	-2	-6	1	det1=true
[1480]	47	55	-13	-2	-1	-6	det1=true
[1481]	48	55	-10	1	-5	4	det1=true
[1482]	55	55	-15	-6	-3	6	det1=true
[1483]	21	56	-9	-4	-4	1	det1=true
[1484]	44	56	-11	0	-6	-1	det1=true
[1485]	46	56	1	2	-4	-5	det1=true
[1486]	46	56	-4	2	-4	5	det1=true
[1487]	49	56	-14	-11	-1	-6	det1=true
[1488]	49	56	-20	-11	-1	6	det1=true
[1489]	51	56	-4	2	-6	-3	det1=true
[1490]	51	56	-7	2	-6	3	det1=true
[1491]	53	56	-22	-1	-6	2	det1=true
[1492]	54	56	-15	-10	-4	-5	det1=true
[1493]	54	56	-20	-10	-4	5	det1=true
[1494]	55	56	-16	-11	-5	-4	det1=true
[1495]	55	56	-20	-11	-5	4	det1=true
[1496]	33	53	-11	0	-5	1	det1=true
[1497]	35	53	-14	-1	-5	-1	det1=true
[1498]	35	53	-15	-1	-5	1	det1=true
[1499]	35	53	-3	-1	-2	-5	det1=true
[1500]	35	53	-8	-1	-2	5	det1=true
[1501]	36	53	-8	0	-5	-2	det1=true
[1502]	37	53	-14	-7	-1	-5	det1=true
[1503]	39	53	-12	-5	-2	-5	det1=true
[1504]	39	53	-17	-5	-2	5	det1=true
[1505]	49	53	-19	1	-3	-5	det1=true
[1506]	49	53	-24	1	-3	5	det1=true
[1507]	49	53	-19	-4	-5	-3	det1=true
[1508]	49	53	-22	-4	-5	3	det1=true
[1509]	41	54	-14	-10	-2	-5	det1=true
[1510]	29	55	-3	1	-3	-4	det1=true
[1511]	33	55	-11	0	-1	-5	det1=true
[1512]	41	55	-8	-3	-5	-3	det1=true
[1513]	41	55	-11	-3	-5	3	det1=true
[1514]	43	55	-6	3	-6	-1	det1=true
[1515]	43	55	-7	3	-6	1	det1=true
[1516]	45	55	-19	-3	-4	-4	det1=true
[1517]	45	55	-23	-3	-4	4	det1=true
[1518]	47	55	-19	-3	-5	-3	det1=true
[1519]	47	55	-22	-3	-5	3	det1=true
[1520]	47	55	-4	-4	-2	-6	det1=true
[1521]	49	55	-16	-7	-6	-1	det1=true
[1522]	49	55	-17	-7	-6	1	det1=true
[1523]	50	55	-17	-8	-6	-1	det1=true
[1524]	50	55	-18	-8	-6	1	det1=true
[1525]	52	55	-12	-7	-5	-4	det1=true
[1526]	52	55	-16	-7	-5	4	det1=true
[1527]	55	55	-23	-14	-3	-5	det1=true
[1528]	55	55	-28	-14	-3	5	det1=true
[1529]	55	55	-23	-11	-6	1	det1=true
[1530]	42	56	-25	-4	-2	5	det1=true
[1531]	42	56	-15	-14	-2	-5	det1=true
[1532]	46	56	-8	-1	-6	2	det1=true
[1533]	47	56	-10	3	-6	-2	det1=true
[1534]	47	56	-12	3	-6	2	det1=true
[1535]	48	56	-20	-18	-2	-5	det1=true
[1536]	48	56	-25	-18	-2	5	det1=true
[1537]	49	56	-20	2	-6	-1	det1=true
[1538]	49	56	-21	2	-6	1	det1=true
[1539]	49	56	-12	-5	-6	-2	det1=true
[1540]	49	56	-14	-5	-6	2	det1=true
[1541]	50	56	-16	-3	-5	4	det1=true
[1542]	53	56	-20	-12	-6	-1	det1=true
[1543]	16	53	-4	-1	-3	-2	det1=true
[1544]	16	53	-6	-1	-3	2	det1=true
[1545]	30	53	-6	2	-4	3	det1=true
[1546]	32	53	-8	-4	-4	-3	det1=true
[1547]	32	53	-11	-4	-4	3	det1=true
[1548]	37	53	-19	-7	-1	5	det1=true
[1549]	47	53	-11	-3	-6	-1	det1=true
[1550]	47	53	-12	-3	-6	1	det1=true
[1551]	49	53	-20	-11	-3	5	det1=true
[1552]	49	53	-14	-5	-6	-1	det1=true
[1553]	49	53	-15	-5	-6	1	det1=true
[1554]	37	54	-10	-5	-5	-2	det1=true
[1555]	37	54	-12	-5	-5	2	det1=true
[1556]	31	55	-6	-3	-5	-1	det1=true
[1557]	31	55	-7	-3	-5	1	det1=true
[1558]	32	55	-12	-8	-3	4	det1=true
[1559]	51	55	-23	-3	-3	-5	det1=true
[1560]	51	55	-28	-3	-3	5	det1=true
[1561]	55	55	-14	-14	-2	-6	det1=true
[1562]	55	55	-20	-14	-2	6	det1=true
[1563]	53	56	-22	-4	-1	-6	det1=true
[1564]	53	56	-21	-12	-6	1	det1=true
[1565]	21	53	-3	-4	-1	-4	det1=true
[1566]	21	53	-7	-4	-1	4	det1=true
[1567]	32	53	-9	-2	-4	-3	det1=true
[1568]	32	53	-12	-2	-4	3	det1=true
[1569]	38	53	-10	-6	-5	-2	det1=true
[1570]	38	53	-12	-6	-5	2	det1=true
[1571]	45	53	-18	-11	-2	-5	det1=true
[1572]	45	53	-23	-11	-2	5	det1=true
[1573]	50	53	-11	0	-4	5	det1=true
[1574]	51	53	-25	-18	-5	-1	det1=true
[1575]	51	53	-26	-18	-5	1	det1=true
[1576]	38	54	-10	-8	-5	-2	det1=true
[1577]	38	54	-12	-8	-5	2	det1=true
[1578]	32	55	-8	-8	-3	-4	det1=true
[1579]	43	55	-12	-3	-3	-5	det1=true
[1580]	43	55	-17	-3	-3	5	det1=true
[1581]	48	55	-4	-3	-5	-4	det1=true
[1582]	48	55	-8	-3	-5	4	det1=true
[1583]	55	55	-9	-6	-3	-6	det1=true
[1584]	44	56	-8	-4	-1	-6	det1=true
[1585]	44	56	-14	-4	-1	6	det1=true
[1586]	51	56	-11	-8	-4	-5	det1=true
[1587]	51	56	-16	-8	-4	5	det1=true
[1588]	44	53	0	0	-1	-6	det1=true
[1589]	44	53	-6	0	-1	6	det1=true
[1590]	39	55	-19	-9	-5	-1	det1=true
[1591]	39	55	-20	-9	-5	1	det1=true
[1592]	51	55	-24	-2	-5	-3	det1=true
[1593]	51	55	-27	-2	-5	3	det1=true
[1594]	37	56	-16	-12	-4	-3	det1=true
[1595]	37	56	-19	-12	-4	3	det1=true
[1596]	51	53	-23	-20	-1	-5	det1=true
[1597]	51	53	-28	-20	-1	5	det1=true
[1598]	47	53	-23	-15	-5	-1	det1=true
[1599]	47	53	-24	-15	-5	1	det1=true
[1600]	31	55	-4	-5	-1	-5	det1=true
[1601]	31	55	-9	-5	-1	5	det1=true
[1602]	47	55	-13	-13	-3	-5	det1=true
[1603]	47	55	-18	-13	-3	5	det1=true
[1604]	41	55	-17	-8	-5	-2	det1=true
[1605]	41	55	-19	-8	-5	2	det1=true
[1606]	47	55	-18	-4	-3	-5	det1=true
[1607]	47	55	-23	-4	-3	5	det1=true
[1608]	47	55	-14	-12	-5	-3	det1=true
[1609]	47	55	-17	-12	-5	3	det1=true
[1610]	20	57	-8	2	-4	-1	det1=true
[1611]	20	57	-9	2	-4	1	det1=true
[1612]	53	58	-26	-4	-6	-1	det1=true
[1613]	53	58	-27	-4	-6	1	det1=true
[1614]	57	59	-5	3	-7	-2	det1=true
[1615]	57	59	-7	3	-7	2	det1=true
[1616]	19	60	-8	2	-4	-1	det1=true
[1617]	19	60	-9	2	-4	1	det1=true
[1618]	20	57	-7	-2	-4	-1	det1=true
[1619]	20	57	-8	-2	-4	1	det1=true
[1620]	41	57	-11	-3	-3	-5	det1=true
[1621]	41	57	-16	-3	-3	5	det1=true
[1622]	55	58	-22	-2	-4	-5	det1=true
[1623]	55	58	-27	-2	-4	5	det1=true
[1624]	55	58	-21	-6	-4	-5	det1=true
[1625]	55	58	-26	-6	-4	5	det1=true
[1626]	40	59	-10	3	-6	0	det1=true
[1627]	49	59	-22	-11	-3	-5	det1=true
[1628]	49	59	-27	-11	-3	5	det1=true
[1629]	59	59	-6	-7	-2	-7	det1=true
[1630]	59	59	-13	-7	-2	7	det1=true
[1631]	21	60	-1	2	-4	-2	det1=true
[1632]	21	60	-3	2	-4	2	det1=true
[1633]	47	60	-12	-4	-4	-5	det1=true
[1634]	47	60	-17	-4	-4	5	det1=true
[1635]	47	60	-11	-6	-4	-5	det1=true
[1636]	47	60	-16	-6	-4	5	det1=true
[1637]	49	60	-16	-4	-5	-4	det1=true
[1638]	49	60	-20	-4	-5	4	det1=true
[1639]	15	57	-5	0	-3	-2	det1=true
[1640]	15	57	-7	0	-3	2	det1=true
[1641]	25	57	-10	-4	-2	-4	det1=true
[1642]	29	57	-4	2	-5	-1	det1=true
[1643]	29	57	-5	2	-5	1	det1=true
[1644]	47	57	-15	-14	-5	-3	det1=true
[1645]	47	57	-18	-14	-5	3	det1=true
[1646]	57	57	-6	-4	-1	-7	det1=true
[1647]	57	57	-13	-4	-1	7	det1=true
[1648]	22	58	-3	0	-4	-2	det1=true
[1649]	22	58	-5	0	-4	2	det1=true
[1650]	56	58	-27	-10	-6	-1	det1=true
[1651]	56	58	-28	-10	-6	1	det1=true
[1652]	11	59	-4	1	-3	-1	det1=true
[1653]	11	59	-5	1	-3	1	det1=true
[1654]	11	59	-3	0	-1	-3	det1=true
[1655]	11	59	-6	0	-1	3	det1=true
[1656]	31	59	-13	-5	-4	-3	det1=true
[1657]	31	59	-16	-5	-4	3	det1=true
[1658]	33	59	-14	-9	-5	1	det1=true
[1659]	44	59	-8	1	-6	-2	det1=true
[1660]	44	59	-10	1	-6	2	det1=true
[1661]	59	59	-22	-18	-6	-2	det1=true
[1662]	59	59	-24	-18	-6	2	det1=true
[1663]	19	60	-7	-2	-4	-1	det1=true
[1664]	19	60	-8	-2	-4	1	det1=true
[1665]	59	60	-8	-8	-2	-7	det1=true
[1666]	59	60	-15	-8	-2	7	det1=true
[1667]	25	57	-11	-3	-4	-2	det1=true
[1668]	35	57	-17	-5	-5	-1	det1=true
[1669]	35	57	-18	-5	-5	1	det1=true
[1670]	41	57	-15	-2	-5	3	det1=true
[1671]	44	57	-19	-14	-2	-5	det1=true
[1672]	44	57	-24	-14	-2	5	det1=true
[1673]	50	57	-2	1	-3	-6	det1=true
[1674]	50	57	-8	1	-3	6	det1=true
[1675]	53	57	-21	-17	-5	-3	det1=true
[1676]	53	57	-24	-17	-5	3	det1=true
[1677]	53	57	-11	1	-3	-6	det1=true
[1678]	53	57	-17	1	-3	6	det1=true
[1679]	55	57	-15	-14	-5	-4	det1=true
[1680]	55	57	-19	-14	-5	4	det1=true
[1681]	24	58	-9	-4	-4	-2	det1=true
[1682]	32	58	-14	-4	-3	-4	det1=true
[1683]	32	58	-18	-4	-3	4	det1=true
[1684]	52	58	-20	-5	-6	-2	det1=true
[1685]	58	58	-7	2	-4	-6	det1=true
[1686]	58	58	-13	2	-4	6	det1=true
[1687]	58	58	-11	-4	-4	6	det1=true
[1688]	24	59	-11	-2	-4	-2	det1=true
[1689]	24	59	-10	-3	-2	-4	det1=true
[1690]	24	59	-14	-3	-2	4	det1=true
[1691]	29	59	-9	-3	-3	-4	det1=true
[1692]	29	59	-13	-3	-3	4	det1=true
[1693]	33	59	-14	-6	-1	-5	det1=true
[1694]	33	59	-19	-6	-1	5	det1=true
[1695]	37	59	-4	-1	-3	-5	det1=true
[1696]	37	59	-9	-1	-3	5	det1=true
[1697]	41	59	-14	-2	-3	-5	det1=true
[1698]	50	59	-22	-8	-6	-1	det1=true
[1699]	50	59	-23	-8	-6	1	det1=true
[1700]	55	59	-19	3	-6	-3	det1=true
[1701]	55	59	-22	3	-6	3	det1=true
[1702]	57	59	-10	-6	-1	-7	det1=true
[1703]	57	59	-17	-6	-1	7	det1=true
[1704]	59	59	-11	-11	-1	-7	det1=true
[1705]	59	59	-18	-11	-1	7	det1=true
[1706]	28	60	-9	2	-4	-3	det1=true
[1707]	28	60	-12	2	-4	3	det1=true
[1708]	46	60	-11	0	-4	-5	det1=true
[1709]	46	60	-16	0	-4	5	det1=true
[1710]	47	60	-16	-12	-6	-1	det1=true
[1711]	47	60	-17	-12	-6	1	det1=true
[1712]	48	60	-14	-9	-6	-2	det1=true
[1713]	48	60	-12	-11	-2	-6	det1=true
[1714]	48	60	-18	-11	-2	6	det1=true
[1715]	53	60	-20	-8	-4	-5	det1=true
[1716]	53	60	-25	-8	-4	5	det1=true
[1717]	53	60	-19	-10	-4	-5	det1=true
[1718]	53	60	-24	-10	-4	5	det1=true
[1719]	53	60	-16	-4	-6	-3	det1=true
[1720]	53	60	-19	-4	-6	3	det1=true
[1721]	54	60	-20	-11	-5	-4	det1=true
[1722]	54	60	-24	-11	-5	4	det1=true
[1723]	57	60	-24	-10	-4	-5	det1=true
[1724]	57	60	-29	-10	-4	5	det1=true
[1725]	57	60	-23	-12	-4	-5	det1=true
[1726]	57	60	-28	-12	-4	5	det1=true
[1727]	19	57	-1	-2	-1	-4	det1=true
[1728]	19	57	-5	-2	-1	4	det1=true
[1729]	29	57	-2	0	-1	-5	det1=true
[1730]	35	57	-11	-3	-5	-2	det1=true
[1731]	38	57	-16	-5	-5	-2	det1=true
[1732]	38	57	-18	-5	-5	2	det1=true
[1733]	57	57	-23	-3	-4	-5	det1=true
[1734]	57	57	-19	1	-6	-3	det1=true
[1735]	57	57	-22	1	-6	3	det1=true
[1736]	20	58	-7	-4	-4	-1	det1=true
[1737]	24	58	-8	-5	-2	-4	det1=true
[1738]	36	58	-14	-4	-5	-2	det1=true
[1739]	36	58	-16	-4	-5	2	det1=true
[1740]	49	58	-14	-1	-5	-4	det1=true
[1741]	49	58	-18	-1	-5	4	det1=true
[1742]	51	58	-10	2	-6	-3	det1=true
[1743]	51	58	-13	2	-6	3	det1=true
[1744]	52	58	-16	-8	-4	-5	det1=true
[1745]	53	58	-21	-14	-6	-1	det1=true
[1746]	53	58	-22	-14	-6	1	det1=true
[1747]	55	58	-20	-9	-5	-4	det1=true
[1748]	55	58	-24	-9	-5	4	det1=true
[1749]	57	58	-25	-26	-2	-5	det1=true
[1750]	57	58	-30	-26	-2	5	det1=true
[1751]	14	59	-2	1	-3	-2	det1=true
[1752]	14	59	-4	1	-3	2	det1=true
[1753]	29	59	-6	-2	-1	-5	det1=true
[1754]	29	59	-11	-2	-1	5	det1=true
[1755]	31	59	-11	-8	-3	-4	det1=true
[1756]	31	59	-15	-8	-3	4	det1=true
[1757]	32	59	-4	-4	-2	-5	det1=true
[1758]	32	59	-9	-4	-2	5	det1=true
[1759]	39	59	-17	-10	-5	-2	det1=true
[1760]	39	59	-19	-10	-5	2	det1=true
[1761]	44	59	-6	0	-5	4	det1=true
[1762]	45	59	-5	-3	-4	-5	det1=true
[1763]	45	59	-10	-3	-4	5	det1=true
[1764]	47	59	-11	-3	-5	-4	det1=true
[1765]	47	59	-15	-3	-5	4	det1=true
[1766]	51	59	-21	-10	-1	-6	det1=true
[1767]	51	59	-27	-10	-1	6	det1=true
[1768]	52	59	-18	-11	-6	-2	det1=true
[1769]	52	59	-20	-11	-6	2	det1=true
[1770]	56	59	-3	0	-4	-6	det1=true
[1771]	56	59	-9	0	-4	6	det1=true
[1772]	59	59	-15	-8	-7	1	det1=true
[1773]	18	60	-3	2	-4	-1	det1=true
[1774]	18	60	-4	2	-4	1	det1=true
[1775]	31	60	-3	-2	-2	-5	det1=true
[1776]	31	60	-8	-2	-2	5	det1=true
[1777]	32	60	-7	-2	-2	-5	det1=true
[1778]	32	60	-12	-2	-2	5	det1=true
[1779]	33	60	-8	-6	-2	-5	det1=true
[1780]	33	60	-13	-6	-2	5	det1=true
[1781]	43	60	0	2	-4	-5	det1=true
[1782]	43	60	-5	2	-4	5	det1=true
[1783]	48	60	-15	2	-4	-5	det1=true
[1784]	48	60	-16	-8	-5	4	det1=true
[1785]	51	60	-20	1	-5	-4	det1=true
[1786]	51	60	-24	1	-5	4	det1=true
[1787]	51	60	-17	-12	-6	-2	det1=true
[1788]	53	60	-22	-3	-5	-4	det1=true
[1789]	56	60	-24	-8	-5	-4	det1=true
[1790]	56	60	-28	-8	-5	4	det1=true
[1791]	56	60	-22	-12	-5	-4	det1=true
[1792]	59	60	-31	-12	-6	-1	det1=true
[1793]	29	57	-7	0	-1	5	det1=true
[1794]	32	57	1	0	-2	-5	det1=true
[1795]	32	57	-4	0	-2	5	det1=true
[1796]	41	57	-12	-2	-5	-3	det1=true
[1797]	45	57	-18	-17	-2	-5	det1=true
[1798]	45	57	-23	-17	-2	5	det1=true
[1799]	48	57	-12	1	-2	-6	det1=true
[1800]	48	57	-18	1	-2	6	det1=true
[1801]	48	57	-11	-6	-6	-2	det1=true
[1802]	48	57	-13	-6	-6	2	det1=true
[1803]	48	57	-9	-8	-2	-6	det1=true
[1804]	48	57	-15	-8	-2	6	det1=true
[1805]	50	57	-14	0	-4	-5	det1=true
[1806]	50	57	-19	0	-4	5	det1=true
[1807]	56	57	-22	-1	-3	6	det1=true
[1808]	57	57	-10	-1	-7	1	det1=true
[1809]	33	58	-8	-1	-5	-2	det1=true
[1810]	33	58	-10	-1	-5	2	det1=true
[1811]	34	58	-10	-3	-5	-2	det1=true
[1812]	34	58	-12	-3	-5	2	det1=true
[1813]	43	58	-9	-6	-6	-1	det1=true
[1814]	48	58	-24	-4	-1	6	det1=true
[1815]	50	58	-16	1	-5	-4	det1=true
[1816]	50	58	-20	1	-5	4	det1=true
[1817]	52	58	-18	-4	-5	-4	det1=true
[1818]	52	58	-22	-4	-5	4	det1=true
[1819]	52	58	-21	-8	-4	5	det1=true
[1820]	58	58	-22	-15	-6	-2	det1=true
[1821]	58	58	-24	-15	-6	2	det1=true
[1822]	58	58	-5	-4	-4	-6	det1=true
[1823]	21	59	-9	-7	-4	-1	det1=true
[1824]	21	59	-10	-7	-4	1	det1=true
[1825]	29	59	-10	-1	-4	-3	det1=true
[1826]	29	59	-13	-1	-4	3	det1=true
[1827]	29	59	-8	0	-5	-1	det1=true
[1828]	29	59	-9	0	-5	1	det1=true
[1829]	33	59	-13	-9	-5	-1	det1=true
[1830]	33	59	-11	-11	-1	-5	det1=true
[1831]	33	59	-16	-11	-1	5	det1=true
[1832]	34	59	-14	-12	-4	-3	det1=true
[1833]	34	59	-17	-12	-4	3	det1=true
[1834]	38	59	-16	-9	-5	-2	det1=true
[1835]	38	59	-18	-9	-5	2	det1=true
[1836]	41	59	-15	-1	-5	-3	det1=true
[1837]	41	59	-18	-1	-5	3	det1=true
[1838]	41	59	-19	-2	-3	5	det1=true
[1839]	44	59	-16	2	-6	-1	det1=true
[1840]	44	59	-17	2	-6	1	det1=true
[1841]	44	59	-2	0	-5	-4	det1=true
[1842]	48	59	-14	1	-5	-4	det1=true
[1843]	48	59	-18	1	-5	4	det1=true
[1844]	48	59	-1	2	-6	-3	det1=true
[1845]	48	59	-4	2	-6	3	det1=true
[1846]	53	59	-23	-17	-3	-5	det1=true
[1847]	53	59	-28	-17	-3	5	det1=true
[1848]	56	59	-28	-12	-6	1	det1=true
[1849]	59	59	-14	-8	-7	-1	det1=true
[1850]	25	60	-11	-8	-4	-2	det1=true
[1851]	37	60	-16	-8	-5	-2	det1=true
[1852]	41	60	-6	-7	-1	-6	det1=true
[1853]	41	60	-12	-7	-1	6	det1=true
[1854]	51	60	-13	-2	-6	-3	det1=true
[1855]	54	60	-16	-16	-4	-5	det1=true
[1856]	54	60	-21	-16	-4	5	det1=true
[1857]	55	60	-4	3	-6	-4	det1=true
[1858]	55	60	-8	3	-6	4	det1=true
[1859]	59	60	-26	-11	-5	-4	det1=true
[1860]	59	60	-30	-11	-5	4	det1=true
[1861]	29	57	-7	0	-3	-4	det1=true
[1862]	29	57	-11	0	-3	4	det1=true
[1863]	31	57	-11	1	-5	-1	det1=true
[1864]	31	57	-12	1	-5	1	det1=true
[1865]	31	57	-9	-1	-1	-5	det1=true
[1866]	31	57	-14	-1	-1	5	det1=true
[1867]	35	57	-8	-7	-2	-5	det1=true
[1868]	35	57	-13	-7	-2	5	det1=true
[1869]	36	57	-14	0	-5	-2	det1=true
[1870]	37	57	-8	2	-4	-4	det1=true
[1871]	37	57	-12	2	-4	4	det1=true
[1872]	43	57	-17	-15	-5	-2	det1=true
[1873]	43	57	-19	-15	-5	2	det1=true
[1874]	45	57	-13	-7	0	-6	det1=true
[1875]	55	57	-26	-1	-4	5	det1=true
[1876]	57	57	-42	-7	-1	5	det1=true
[1877]	57	57	-28	-3	-4	5	det1=true
[1878]	20	58	-8	-4	-4	1	det1=true
[1879]	32	58	-12	-8	-3	-4	det1=true
[1880]	32	58	-16	-8	-3	4	det1=true
[1881]	39	58	-14	-12	-2	-5	det1=true
[1882]	39	58	-19	-12	-2	5	det1=true
[1883]	41	58	-4	-2	-1	-6	det1=true
[1884]	41	58	-10	-2	-1	6	det1=true
[1885]	41	58	-5	-2	-6	-1	det1=true
[1886]	41	58	-6	-2	-6	1	det1=true
[1887]	43	58	-10	-1	-1	-6	det1=true
[1888]	43	58	-16	-1	-1	6	det1=true
[1889]	46	58	-14	-7	-1	-6	det1=true
[1890]	48	58	-18	-4	-1	-6	det1=true
[1891]	48	58	-19	-6	-6	-1	det1=true
[1892]	48	58	-8	-8	-4	-5	det1=true
[1893]	48	58	-13	-8	-4	5	det1=true
[1894]	33	59	-16	-4	-5	-1	det1=true
[1895]	33	59	-17	-4	-5	1	det1=true
[1896]	33	59	-8	-3	-2	-5	det1=true
[1897]	36	59	-16	-10	-2	5	det1=true
[1898]	39	59	-8	-6	-3	-5	det1=true
[1899]	39	59	-13	-6	-3	5	det1=true
[1900]	43	59	-14	1	-6	-1	det1=true
[1901]	44	59	-6	-3	-6	-2	det1=true
[1902]	44	59	-8	-3	-6	2	det1=true
[1903]	45	59	-9	1	-2	-6	det1=true
[1904]	45	59	-15	1	-2	6	det1=true
[1905]	46	59	-16	-5	-1	-6	det1=true
[1906]	46	59	-22	-5	-1	6	det1=true
[1907]	43	60	-4	1	-5	4	det1=true
[1908]	45	60	-7	-4	-4	-5	det1=true
[1909]	45	60	-12	-4	-4	5	det1=true
[1910]	49	60	-14	-8	-5	-4	det1=true
[1911]	49	60	-18	-8	-5	4	det1=true
[1912]	51	60	-19	-12	-6	2	det1=true
[1913]	35	57	-15	-7	-1	-5	det1=true
[1914]	39	57	-19	-12	-5	-1	det1=true
[1915]	39	57	-20	-12	-5	1	det1=true
[1916]	39	57	-17	-14	-1	-5	det1=true
[1917]	39	57	-22	-14	-1	5	det1=true
[1918]	46	57	-4	-1	-5	-4	det1=true
[1919]	46	57	-8	-1	-5	4	det1=true
[1920]	50	57	-10	-9	-5	-4	det1=true
[1921]	50	57	-14	-9	-5	4	det1=true
[1922]	55	57	-21	-1	-4	-5	det1=true
[1923]	57	57	-9	-1	-7	-1	det1=true
[1924]	29	58	-8	-2	-3	-4	det1=true
[1925]	29	58	-12	-2	-3	4	det1=true
[1926]	43	58	-10	-6	-6	1	det1=true
[1927]	46	58	-6	-3	-5	-4	det1=true
[1928]	46	58	-10	-3	-5	4	det1=true
[1929]	49	58	-12	-6	-5	-4	det1=true
[1930]	49	58	-16	-6	-5	4	det1=true
[1931]	53	58	-14	0	-6	-3	det1=true
[1932]	53	58	-17	0	-6	3	det1=true
[1933]	20	59	-8	-3	-1	-4	det1=true
[1934]	20	59	-12	-3	-1	4	det1=true
[1935]	43	59	-15	1	-6	1	det1=true
[1936]	45	59	-6	-1	-4	-5	det1=true
[1937]	45	59	-11	-1	-4	5	det1=true
[1938]	56	59	-4	1	-6	-4	det1=true
[1939]	56	59	-8	1	-6	4	det1=true
[1940]	43	60	0	1	-5	-4	det1=true
[1941]	55	60	-3	2	-4	-6	det1=true
[1942]	55	60	-9	2	-4	6	det1=true
[1943]	35	57	-16	-7	-5	-1	det1=true
[1944]	35	57	-17	-7	-5	1	det1=true
[1945]	52	58	-18	-9	-6	-2	det1=true
[1946]	52	59	-16	-13	-2	-6	det1=true
[1947]	52	59	-22	-13	-2	6	det1=true
[1948]	57	59	-1	-3	-2	-7	det1=true
[1949]	35	60	-12	-8	-5	-2	det1=true
[1950]	35	60	-14	-8	-5	2	det1=true
[1951]	44	60	-4	-3	-5	-4	det1=true
[1952]	44	60	-8	-3	-5	4	det1=true
[1953]	46	60	-10	-4	-5	-4	det1=true
[1954]	46	60	-14	-4	-5	4	det1=true
[1955]	48	60	-12	-8	-5	-4	det1=true
[1956]	57	60	-8	0	-7	-2	det1=true
[1957]	57	60	-10	0	-7	2	det1=true
[1958]	37	57	-14	-3	-2	-5	det1=true
[1959]	37	57	-19	-3	-2	5	det1=true
[1960]	50	57	-14	-2	-5	-4	det1=true
[1961]	50	57	-18	-2	-5	4	det1=true
[1962]	50	58	-14	-9	-2	-6	det1=true
[1963]	58	60	-20	-18	-4	-5	det1=true
[1964]	58	60	-25	-18	-4	5	det1=true
[1965]	32	57	-10	-9	-3	-4	det1=true
[1966]	32	57	-14	-9	-3	4	det1=true
[1967]	48	58	-12	2	-4	-5	det1=true
[1968]	48	58	-17	2	-4	5	det1=true
[1969]	50	58	-16	-7	-6	-2	det1=true
[1970]	39	59	-17	-9	-2	-5	det1=true
[1971]	39	59	-22	-9	-2	5	det1=true
[1972]	44	59	-6	-1	-2	-6	det1=true
[1973]	57	59	-13	-3	-7	-1	det1=true
[1974]	50	57	-13	-4	-4	-5	det1=true
[1975]	58	58	-20	-17	-2	-6	det1=true
[1976]	58	58	-26	-17	-2	6	det1=true
[1977]	57	59	-14	-3	-7	1	det1=true
[1978]	50	57	-18	-4	-4	5	det1=true
[1979]	40	58	-16	-12	-5	-2	det1=true
[1980]	50	58	-11	-10	-4	-5	det1=true
[1981]	50	58	-16	-10	-4	5	det1=true
[1982]	45	59	-11	3	-6	-2	det1=true
[1983]	45	59	-13	3	-6	2	det1=true
[1984]	42	60	0	1	-2	-6	det1=true
[1985]	49	60	-8	-2	-6	-3	det1=true
[1986]	46	57	-22	-14	-5	-2	det1=true
[1987]	57	57	-24	-2	-2	-6	det1=true
[1988]	40	58	-18	-12	-5	2	det1=true
[1989]	58	58	-6	-3	-6	-4	det1=true
[1990]	59	59	-20	-20	-2	-6	det1=true
[1991]	59	59	-26	-20	-2	6	det1=true
[1992]	58	58	-28	-24	-5	-2	det1=true
[1993]	58	58	-30	-24	-5	2	det1=true
[1994]	47	59	-21	-19	-2	-5	det1=true
[1995]	47	59	-26	-19	-2	5	det1=true
[1996]	55	59	-17	-3	-3	-6	det1=true
[1997]	55	59	-23	-3	-3	6	det1=true
[1998]	42	57	-20	-9	-5	-2	det1=true
[1999]	42	57	-22	-9	-5	2	det1=true
[2000]	52	62	-14	-9	-3	-6	det1=true
[2001]	52	62	-20	-9	-3	6	det1=true
[2002]	51	61	-11	-8	-3	-6	det1=true
[2003]	51	61	-17	-8	-3	6	det1=true
[2004]	61	61	-15	-15	-1	-7	det1=true
[2005]	61	61	-22	-15	-1	7	det1=true
[2006]	51	62	-21	-4	-4	-5	det1=true
[2007]	51	62	-26	-4	-4	5	det1=true
[2008]	59	63	-6	-1	-7	-3	det1=true
[2009]	59	63	-9	-1	-7	3	det1=true
[2010]	62	63	-25	-22	-4	-5	det1=true
[2011]	62	63	-30	-22	-4	5	det1=true
[2012]	45	64	-12	-11	-2	-6	det1=true
[2013]	45	64	-18	-11	-2	6	det1=true
[2014]	56	64	-25	-16	-2	-6	det1=true
[2015]	56	64	-31	-16	-2	6	det1=true
[2016]	57	62	-10	-4	-2	-7	det1=true
[2017]	57	62	-17	-4	-2	7	det1=true
[2018]	22	63	-10	-1	-4	-2	det1=true
[2019]	22	63	-12	-1	-4	2	det1=true
[2020]	22	63	-9	-2	-2	-4	det1=true
[2021]	22	63	-13	-2	-2	4	det1=true
[2022]	27	63	-7	-1	-5	-1	det1=true
[2023]	27	63	-8	-1	-5	1	det1=true
[2024]	29	63	-13	-1	-5	-1	det1=true
[2025]	29	63	-14	-1	-5	1	det1=true
[2026]	34	63	-14	-6	-2	-5	det1=true
[2027]	34	63	-19	-6	-2	5	det1=true
[2028]	47	63	-15	-7	-4	-5	det1=true
[2029]	47	63	-20	-7	-4	5	det1=true
[2030]	51	63	-13	-10	-3	-6	det1=true
[2031]	51	63	-19	-10	-3	6	det1=true
[2032]	59	63	-24	-19	-4	-5	det1=true
[2033]	59	63	-29	-19	-4	5	det1=true
[2034]	63	63	-15	-4	-7	-3	det1=true
[2035]	63	63	-18	-4	-7	3	det1=true
[2036]	29	64	-16	-8	-3	4	det1=true
[2037]	32	64	-14	1	-5	-2	det1=true
[2038]	64	64	-12	-4	-5	-6	det1=true
[2039]	64	64	-18	-4	-5	6	det1=true
[2040]	19	61	-5	-6	-1	-4	det1=true
[2041]	19	61	-9	-6	-1	4	det1=true
[2042]	24	61	-10	-7	-2	-4	det1=true
[2043]	24	61	-14	-7	-2	4	det1=true
[2044]	26	61	-2	0	-4	-3	det1=true
[2045]	26	61	-5	0	-4	3	det1=true
[2046]	39	61	-3	-4	-1	-6	det1=true
[2047]	39	61	-9	-4	-1	6	det1=true
[2048]	41	61	-13	-10	-5	-3	det1=true
[2049]	41	61	-16	-10	-5	3	det1=true
[2050]	48	61	-12	-10	-4	-5	det1=true
[2051]	49	61	-9	-3	-3	-6	det1=true
[2052]	49	61	-15	-3	-3	6	det1=true
[2053]	55	61	-3	0	-7	-2	det1=true
[2054]	55	61	-5	0	-7	2	det1=true
[2055]	57	61	-19	-19	-4	-5	det1=true
[2056]	57	61	-24	-19	-4	5	det1=true
[2057]	58	61	-12	-3	-7	-2	det1=true
[2058]	58	61	-14	-3	-7	2	det1=true
[2059]	61	61	-18	-12	-7	-1	det1=true
[2060]	61	61	-19	-12	-7	1	det1=true
[2061]	18	62	-4	-3	-1	-4	det1=true
[2062]	18	62	-8	-3	-1	4	det1=true
[2063]	41	62	-14	0	-6	-1	det1=true
[2064]	45	62	-12	-2	-5	-4	det1=true
[2065]	45	62	-16	-2	-5	4	det1=true
[2066]	48	62	-8	-4	-3	-6	det1=true
[2067]	48	62	-14	-4	-3	6	det1=true
[2068]	59	62	-14	-4	-2	-7	det1=true
[2069]	59	62	-21	-4	-2	7	det1=true
[2070]	29	63	-11	-3	-1	-5	det1=true
[2071]	29	63	-16	-3	-1	5	det1=true
[2072]	31	63	-12	-10	-1	-5	det1=true
[2073]	31	63	-17	-10	-1	5	det1=true
[2074]	47	63	-20	0	-6	-2	det1=true
[2075]	47	63	-22	0	-6	2	det1=true
[2076]	47	63	-14	-12	-6	-2	det1=true
[2077]	47	63	-16	-12	-6	2	det1=true
[2078]	52	63	-18	-17	-2	-6	det1=true
[2079]	52	63	-24	-17	-2	6	det1=true
[2080]	55	63	-17	-1	-7	-1	det1=true
[2081]	55	63	-18	-1	-7	1	det1=true
[2082]	57	63	-23	-8	-3	-6	det1=true
[2083]	57	63	-29	-8	-3	6	det1=true
[2084]	57	63	-18	-7	-7	-1	det1=true
[2085]	57	63	-19	-7	-7	1	det1=true
[2086]	59	63	-22	-5	-7	-1	det1=true
[2087]	59	63	-23	-5	-7	1	det1=true
[2088]	18	64	-6	-4	-1	-4	det1=true
[2089]	18	64	-10	-4	-1	4	det1=true
[2090]	29	64	-12	-8	-3	-4	det1=true
[2091]	40	64	-12	-6	-6	-1	det1=true
[2092]	40	64	-13	-6	-6	1	det1=true
[2093]	43	64	-12	-3	-2	-6	det1=true
[2094]	46	64	-16	-9	-6	-2	det1=true
[2095]	46	64	-18	-9	-6	2	det1=true
[2096]	46	64	-14	-11	-2	-6	det1=true
[2097]	46	64	-20	-11	-2	6	det1=true
[2098]	47	64	-20	-12	-1	-6	det1=true
[2099]	47	64	-26	-12	-1	6	det1=true
[2100]	55	64	-14	3	-6	-4	det1=true
[2101]	55	64	-18	3	-6	4	det1=true
[2102]	59	64	-28	-6	-6	-3	det1=true
[2103]	59	64	-31	-6	-6	3	det1=true
[2104]	21	61	-3	1	-2	-4	det1=true
[2105]	21	61	-7	1	-2	4	det1=true
[2106]	26	61	-2	1	-3	-4	det1=true
[2107]	26	61	-6	1	-3	4	det1=true
[2108]	27	61	-3	1	-5	-1	det1=true
[2109]	27	61	-4	1	-5	1	det1=true
[2110]	31	61	-7	0	-5	-2	det1=true
[2111]	31	61	-9	0	-5	2	det1=true
[2112]	42	61	-17	-18	-2	-5	det1=true
[2113]	42	61	-22	-18	-2	5	det1=true
[2114]	44	61	-15	-8	-6	-1	det1=true
[2115]	44	61	-16	-8	-6	1	det1=true
[2116]	45	61	-14	0	-6	-2	det1=true
[2117]	45	61	-12	-2	-2	-6	det1=true
[2118]	45	61	-18	-2	-2	6	det1=true
[2119]	48	61	-19	-12	-6	-1	det1=true
[2120]	48	61	-20	-12	-6	1	det1=true
[2121]	55	61	-23	-10	-5	-4	det1=true
[2122]	55	61	-27	-10	-5	4	det1=true
[2123]	58	61	-18	-5	-4	6	det1=true
[2124]	58	61	-10	-6	-7	-2	det1=true
[2125]	58	61	-12	-6	-7	2	det1=true
[2126]	60	61	-22	-13	-3	-6	det1=true
[2127]	61	61	-19	-1	-6	-4	det1=true
[2128]	61	61	-23	-1	-6	4	det1=true
[2129]	14	62	-6	0	-3	-2	det1=true
[2130]	14	62	-8	0	-3	2	det1=true
[2131]	14	62	-5	-2	-2	-3	det1=true
[2132]	31	62	-8	-2	-5	-2	det1=true
[2133]	31	62	-10	-2	-5	2	det1=true
[2134]	32	62	-10	-4	-5	-2	det1=true
[2135]	32	62	-12	-4	-5	2	det1=true
[2136]	41	62	-15	0	-6	1	det1=true
[2137]	43	62	-5	-4	-4	-5	det1=true
[2138]	43	62	-10	-4	-4	5	det1=true
[2139]	46	62	-14	-15	-1	-6	det1=true
[2140]	47	62	-13	-8	-4	-5	det1=true
[2141]	47	62	-18	-8	-4	5	det1=true
[2142]	50	62	-23	-12	-6	-1	det1=true
[2143]	51	62	-22	-1	-5	-4	det1=true
[2144]	51	62	-26	-1	-5	4	det1=true
[2145]	53	62	-18	-6	-6	-3	det1=true
[2146]	53	62	-21	-6	-6	3	det1=true
[2147]	59	62	-22	-20	-4	-5	det1=true
[2148]	59	62	-27	-20	-4	5	det1=true
[2149]	35	63	-13	-11	-2	-5	det1=true
[2150]	35	63	-18	-11	-2	5	det1=true
[2151]	41	63	-1	2	-5	-4	det1=true
[2152]	41	63	-5	2	-5	4	det1=true
[2153]	43	63	-8	-3	-4	-5	det1=true
[2154]	43	63	-13	-3	-4	5	det1=true
[2155]	44	63	-18	-5	-2	6	det1=true
[2156]	44	63	-12	1	-5	-4	det1=true
[2157]	44	63	-16	1	-5	4	det1=true
[2158]	49	63	-23	3	-6	-2	det1=true
[2159]	49	63	-25	3	-6	2	det1=true
[2160]	52	63	-20	-12	-4	-5	det1=true
[2161]	52	63	-25	-12	-4	5	det1=true
[2162]	56	63	-23	-18	-6	-2	det1=true
[2163]	56	63	-25	-18	-6	2	det1=true
[2164]	58	63	-25	-16	-4	-5	det1=true
[2165]	60	63	-28	-15	-5	-4	det1=true
[2166]	60	63	-32	-15	-5	4	det1=true
[2167]	62	63	-26	-14	-3	-6	det1=true
[2168]	62	63	-32	-14	-3	6	det1=true
[2169]	31	64	-10	-4	-5	-2	det1=true
[2170]	31	64	-12	-4	-5	2	det1=true
[2171]	40	64	-12	-3	-1	-6	det1=true
[2172]	40	64	-18	-3	-1	6	det1=true
[2173]	43	64	-14	-1	-6	-2	det1=true
[2174]	43	64	-18	-3	-2	6	det1=true
[2175]	44	64	-15	-4	-6	-2	det1=true
[2176]	44	64	-17	-4	-6	2	det1=true
[2177]	49	64	-23	-4	-6	-2	det1=true
[2178]	49	64	-25	-4	-6	2	det1=true
[2179]	50	64	-24	-5	-6	-2	det1=true
[2180]	50	64	-26	-5	-6	2	det1=true
[2181]	50	64	-22	-7	-2	-6	det1=true
[2182]	50	64	-28	-7	-2	6	det1=true
[2183]	56	64	-27	-14	-6	-2	det1=true
[2184]	56	64	-13	-6	-4	-6	det1=true
[2185]	59	64	-14	-13	-6	-4	det1=true
[2186]	59	64	-18	-13	-6	4	det1=true
[2187]	21	61	-3	-1	-4	-2	det1=true
[2188]	21	61	-5	-1	-4	2	det1=true
[2189]	27	61	-1	-1	-1	-5	det1=true
[2190]	27	61	-6	-1	-1	5	det1=true
[2191]	43	61	-15	-12	-3	-5	det1=true
[2192]	43	61	-20	-12	-3	5	det1=true
[2193]	45	61	-16	0	-6	2	det1=true
[2194]	48	61	-17	-10	-4	5	det1=true
[2195]	55	61	-14	1	-7	-1	det1=true
[2196]	58	61	-12	-5	-4	-6	det1=true
[2197]	61	61	-51	1	-4	-1	det1=true
[2198]	61	61	-52	1	-4	1	det1=true
[2199]	61	61	-20	-5	-1	-7	det1=true
[2200]	61	61	-27	-5	-1	7	det1=true
[2201]	61	61	-18	-2	-4	-6	det1=true
[2202]	20	62	-8	-8	-1	-4	det1=true
[2203]	20	62	-12	-8	-1	4	det1=true
[2204]	42	62	-3	2	-4	-5	det1=true
[2205]	42	62	-8	2	-4	5	det1=true
[2206]	46	62	-20	-15	-1	6	det1=true
[2207]	52	62	-25	-10	-4	5	det1=true
[2208]	59	62	-13	-10	-6	-4	det1=true
[2209]	59	62	-17	-10	-6	4	det1=true
[2210]	44	63	-14	-3	-6	-2	det1=true
[2211]	44	63	-16	-3	-6	2	det1=true
[2212]	44	63	-12	-5	-2	-6	det1=true
[2213]	44	63	-11	-2	-4	-5	det1=true
[2214]	45	63	-17	3	-6	-2	det1=true
[2215]	45	63	-19	3	-6	2	det1=true
[2216]	51	63	-21	-8	-5	-4	det1=true
[2217]	51	63	-25	-8	-5	4	det1=true
[2218]	55	63	-17	-14	-3	-6	det1=true
[2219]	55	63	-23	-14	-3	6	det1=true
[2220]	58	63	-30	-16	-4	5	det1=true
[2221]	59	63	-14	-16	-1	-7	det1=true
[2222]	59	63	-21	-16	-1	7	det1=true
[2223]	43	64	-16	-1	-6	2	det1=true
[2224]	54	64	-22	-15	-5	-4	det1=true
[2225]	54	64	-26	-15	-5	4	det1=true
[2226]	56	64	-19	-6	-4	6	det1=true
[2227]	58	64	-22	-23	-2	-6	det1=true
[2228]	58	64	-28	-23	-2	6	det1=true
[2229]	59	64	-26	-9	-3	-6	det1=true
[2230]	59	64	-32	-9	-3	6	det1=true
[2231]	61	64	-21	-6	-4	-6	det1=true
[2232]	61	64	-27	-6	-4	6	det1=true
[2233]	30	61	-2	2	-5	-2	det1=true
[2234]	30	61	-4	2	-5	2	det1=true
[2235]	45	61	-11	1	-5	-4	det1=true
[2236]	49	61	-19	-13	-1	-6	det1=true
[2237]	49	61	-25	-13	-1	6	det1=true
[2238]	52	61	-16	-14	-4	-5	det1=true
[2239]	52	61	-21	-14	-4	5	det1=true
[2240]	42	62	-20	-16	-5	-2	det1=true
[2241]	42	62	-22	-16	-5	2	det1=true
[2242]	48	62	-18	1	-5	-4	det1=true
[2243]	48	62	-22	1	-5	4	det1=true
[2244]	50	62	-24	-12	-6	1	det1=true
[2245]	52	62	-20	-10	-4	-5	det1=true
[2246]	55	62	-8	2	-7	-2	det1=true
[2247]	55	62	-10	2	-7	2	det1=true
[2248]	56	62	-24	-12	-4	-5	det1=true
[2249]	56	62	-29	-12	-4	5	det1=true
[2250]	56	62	-15	-6	-4	6	det1=true
[2251]	30	63	-6	-2	-5	-2	det1=true
[2252]	30	63	-8	-2	-5	2	det1=true
[2253]	44	63	-16	-2	-4	5	det1=true
[2254]	55	63	-14	-4	-1	-7	det1=true
[2255]	59	63	-18	-13	-7	1	det1=true
[2256]	63	63	-13	-6	-3	-7	det1=true
[2257]	63	63	-20	-6	-3	7	det1=true
[2258]	41	64	-14	-3	-1	-6	det1=true
[2259]	41	64	-20	-3	-1	6	det1=true
[2260]	45	64	-12	-8	-5	-4	det1=true
[2261]	45	64	-16	-8	-5	4	det1=true
[2262]	47	64	-16	-8	-5	-4	det1=true
[2263]	47	64	-20	-8	-5	4	det1=true
[2264]	53	64	-24	-13	-6	-2	det1=true
[2265]	53	64	-26	-13	-6	2	det1=true
[2266]	55	64	-13	2	-4	-6	det1=true
[2267]	55	64	-19	2	-4	6	det1=true
[2268]	58	64	-24	-21	-6	-2	det1=true
[2269]	58	64	-26	-21	-6	2	det1=true
[2270]	61	64	-28	-18	-4	-5	det1=true
[2271]	61	64	-33	-18	-4	5	det1=true
[2272]	62	64	-7	-4	-6	-5	det1=true
[2273]	62	64	-12	-4	-6	5	det1=true
[2274]	43	61	-12	-9	-6	-1	det1=true
[2275]	47	61	-15	-7	-6	-2	det1=true
[2276]	47	61	-17	-7	-6	2	det1=true
[2277]	61	61	-23	-2	-7	-1	det1=true
[2278]	61	61	-24	-2	-7	1	det1=true
[2279]	31	62	-12	-11	-3	-4	det1=true
[2280]	31	62	-16	-11	-3	4	det1=true
[2281]	40	62	-12	2	-6	-1	det1=true
[2282]	40	62	-13	2	-6	1	det1=true
[2283]	50	62	-19	-6	-4	-5	det1=true
[2284]	50	62	-24	-6	-4	5	det1=true
[2285]	54	62	0	-2	-2	-7	det1=true
[2286]	54	62	-7	-2	-2	7	det1=true
[2287]	56	62	-24	-20	-1	-6	det1=true
[2288]	56	62	-30	-20	-1	6	det1=true
[2289]	56	62	-9	-6	-4	-6	det1=true
[2290]	57	63	-19	-5	-7	-1	det1=true
[2291]	57	63	-20	-5	-7	1	det1=true
[2292]	59	63	-17	-13	-7	-1	det1=true
[2293]	40	64	-4	1	-2	-6	det1=true
[2294]	40	64	-10	1	-2	6	det1=true
[2295]	45	64	-14	-9	-6	-2	det1=true
[2296]	45	64	-16	-9	-6	2	det1=true
[2297]	57	64	-12	-8	-2	-7	det1=true
[2298]	57	64	-19	-8	-2	7	det1=true
[2299]	61	64	-20	-4	-2	-7	det1=true
[2300]	61	64	-27	-4	-2	7	det1=true
[2301]	48	61	-16	-3	-5	-4	det1=true
[2302]	48	61	-20	-3	-5	4	det1=true
[2303]	57	61	-10	-12	-1	-7	det1=true
[2304]	57	61	-17	-12	-1	7	det1=true
[2305]	26	62	-5	2	-4	-3	det1=true
[2306]	26	62	-8	2	-4	3	det1=true
[2307]	42	62	-12	-7	-1	-6	det1=true
[2308]	42	62	-18	-7	-1	6	det1=true
[2309]	26	64	-8	0	-4	-3	det1=true
[2310]	26	64	-11	0	-4	3	det1=true
[2311]	42	64	-8	0	-4	-5	det1=true
[2312]	44	64	-14	-3	-2	-6	det1=true
[2313]	44	64	-20	-3	-2	6	det1=true
[2314]	44	64	-13	-6	-2	-6	det1=true
[2315]	44	64	-19	-6	-2	6	det1=true
[2316]	31	61	-14	-7	-4	-3	det1=true
[2317]	31	61	-17	-7	-4	3	det1=true
[2318]	27	63	-5	-3	-1	-5	det1=true
[2319]	27	63	-10	-3	-1	5	det1=true
[2320]	51	63	-8	2	-7	-1	det1=true
[2321]	57	63	-15	-10	-1	-7	det1=true
[2322]	57	63	-22	-10	-1	7	det1=true
[2323]	59	63	-4	-3	-3	-7	det1=true
[2324]	59	63	-11	-3	-3	7	det1=true
[2325]	44	61	-14	1	-6	2	det1=true
[2326]	52	61	-24	-3	-6	-2	det1=true
[2327]	52	61	-26	-3	-6	2	det1=true
[2328]	59	61	-23	-24	-1	-6	det1=true
[2329]	31	63	-14	-8	-5	-1	det1=true
[2330]	31	63	-15	-8	-5	1	det1=true
[2331]	40	63	-2	3	-6	-2	det1=true
[2332]	40	63	-4	3	-6	2	det1=true
[2333]	42	63	-5	-2	-4	-5	det1=true
[2334]	42	63	-10	-2	-4	5	det1=true
[2335]	26	64	-6	-4	-3	-4	det1=true
[2336]	26	64	-10	-4	-3	4	det1=true
[2337]	41	64	-7	-4	-6	-2	det1=true
[2338]	41	64	-9	-4	-6	2	det1=true
[2339]	50	64	-17	-16	-2	-6	det1=true
[2340]	50	64	-23	-16	-2	6	det1=true
[2341]	64	64	-22	-12	-7	-2	det1=true
[2342]	64	64	-24	-12	-7	2	det1=true
[2343]	44	61	-12	1	-6	-2	det1=true
[2344]	59	61	-29	-24	-1	6	det1=true
[2345]	20	63	-1	2	-4	-2	det1=true
[2346]	20	63	-3	2	-4	2	det1=true
[2347]	51	63	-9	2	-7	1	det1=true
[2348]	60	64	-20	-5	-7	-2	det1=true
[2349]	21	61	-2	-2	-2	-4	det1=true
[2350]	21	61	-6	-2	-2	4	det1=true
[2351]	26	62	-4	-1	-3	-4	det1=true
[2352]	57	61	-13	-9	-7	-1	det1=true
[2353]	57	61	-14	-9	-7	1	det1=true
[2354]	43	62	-18	2	-6	-1	det1=true
[2355]	43	62	-19	2	-6	1	det1=true
[2356]	17	63	-1	1	-4	-1	det1=true
[2357]	17	63	-2	1	-4	1	det1=true
[2358]	29	63	-1	1	-5	-2	det1=true
[2359]	30	64	-7	-2	-2	-5	det1=true
[2360]	30	64	-12	-2	-2	5	det1=true
[2361]	54	62	-1	0	-2	-7	det1=true
[2362]	13	64	-2	-1	-3	-2	det1=true
[2363]	60	64	0	1	-5	-6	det1=true
[2364]	43	64	-19	-4	-6	-1	det1=true
[2365]	43	64	-20	-4	-6	1	det1=true
[2366]	4	64	-2	1	-2	0	det1=true
[2367]	8	64	-2	1	-2	-2	det1=true
[2368]	8	64	-4	1	-2	2	det1=true
[2369]	40	64	-6	3	-6	-2	det1=true
[2370]	40	64	-8	3	-6	2	det1=true
[2371]	52	64	-6	3	-6	-4	det1=true
[2372]	8	63	0	1	-2	-2	det1=true
[2373]	8	63	-2	1	-2	2	det1=true
[2374]	29	63	0	1	-2	-5	det1=true
[2375]	29	63	-5	1	-2	5	det1=true
[2376]	20	63	0	1	-2	-4	det1=true
[2377]	20	63	-4	1	-2	4	det1=true
[2378]	25	64	-4	2	-4	-3	det1=true
[2379]	25	64	-7	2	-4	3	det1=true
[2380]	13	63	0	1	-2	-3	det1=true
[2381]	13	63	-3	1	-2	3	det1=true
[2382]	40	63	0	1	-2	-6	det1=true
[2383]	40	63	-6	1	-2	6	det1=true
[2384]	53	63	0	1	-2	-7	det1=true
[2385]	62	62	0	0	-5	-6	det1=true
[2386]	62	62	-6	0	-5	6	det1=true
[2387]	17	64	-4	2	-4	-1	det1=true
[2388]	5	63	0	1	-2	-1	det1=true
[2389]	48	66	-23	-6	-6	-2	det1=true
[2390]	48	66	-25	-6	-6	2	det1=true
[2391]	48	67	-16	-4	-3	-6	det1=true
[2392]	41	65	-18	3	-6	-1	det1=true
[2393]	41	65	-19	3	-6	1	det1=true
[2394]	47	65	-19	-9	-6	-2	det1=true
[2395]	47	65	-21	-9	-6	2	det1=true
[2396]	47	65	-17	-11	-2	-6	det1=true
[2397]	47	65	-23	-11	-2	6	det1=true
[2398]	52	65	-21	-4	-6	-3	det1=true
[2399]	52	65	-24	-4	-6	3	det1=true
[2400]	53	65	-17	3	-7	-1	det1=true
[2401]	53	65	-18	3	-7	1	det1=true
[2402]	59	67	-28	2	-7	-1	det1=true
[2403]	59	67	-17	-15	-4	-6	det1=true
[2404]	59	67	-23	-15	-4	6	det1=true
[2405]	67	67	-12	-11	-4	-7	det1=true
[2406]	67	67	-19	-11	-4	7	det1=true
[2407]	48	68	2	3	-6	-4	det1=true
[2408]	48	68	-2	3	-6	4	det1=true
[2409]	62	68	-21	-16	-2	-7	det1=true
[2410]	62	68	-28	-16	-2	7	det1=true
[2411]	63	68	-29	-20	-6	-3	det1=true
[2412]	63	68	-32	-20	-6	3	det1=true
[2413]	68	68	-12	-9	-2	-8	det1=true
[2414]	29	65	-14	-4	-5	-1	det1=true
[2415]	29	65	-15	-4	-5	1	det1=true
[2416]	39	65	-18	-2	-5	-3	det1=true
[2417]	51	65	-19	-1	-3	-6	det1=true
[2418]	51	65	-25	-1	-3	6	det1=true
[2419]	54	65	-17	0	-2	7	det1=true
[2420]	64	65	-14	-4	-5	-6	det1=true
[2421]	64	65	-20	-4	-5	6	det1=true
[2422]	65	65	-29	-5	-1	-7	det1=true
[2423]	65	65	-27	-12	-1	-7	det1=true
[2424]	65	65	-34	-12	-1	7	det1=true
[2425]	65	65	-15	-6	-5	-6	det1=true
[2426]	31	66	-14	2	-5	-2	det1=true
[2427]	31	66	-12	-5	-5	-2	det1=true
[2428]	31	66	-14	-5	-5	2	det1=true
[2429]	43	66	-2	2	-6	-3	det1=true
[2430]	43	66	-5	2	-6	3	det1=true
[2431]	53	66	-22	-8	-6	-3	det1=true
[2432]	53	66	-25	-8	-6	3	det1=true
[2433]	54	66	-9	-8	-2	-7	det1=true
[2434]	64	66	-24	-13	-7	-2	det1=true
[2435]	25	67	-3	-3	-1	-5	det1=true
[2436]	25	67	-8	-3	-1	5	det1=true
[2437]	43	67	-6	3	-6	-3	det1=true
[2438]	43	67	-9	3	-6	3	det1=true
[2439]	58	67	-5	2	-6	-5	det1=true
[2440]	59	67	-29	2	-7	1	det1=true
[2441]	62	67	-20	-17	-4	-6	det1=true
[2442]	62	67	-26	-17	-4	6	det1=true
[2443]	65	67	-19	-4	-5	-6	det1=true
[2444]	65	67	-19	-5	-6	-5	det1=true
[2445]	65	67	-24	-5	-6	5	det1=true
[2446]	27	68	-2	0	-5	-2	det1=true
[2447]	27	68	-4	0	-5	2	det1=true
[2448]	37	68	-1	2	-6	-2	det1=true
[2449]	37	68	1	0	-2	-6	det1=true
[2450]	44	68	-19	-6	-6	-2	det1=true
[2451]	44	68	-21	-6	-6	2	det1=true
[2452]	56	68	-18	-9	-6	-4	det1=true
[2453]	56	68	-22	-9	-6	4	det1=true
[2454]	68	68	-26	-21	-6	-4	det1=true
[2455]	68	68	-30	-21	-6	4	det1=true
[2456]	68	68	-2	-1	-3	-8	det1=true
[2457]	32	65	-12	-6	-2	-5	det1=true
[2458]	32	65	-17	-6	-2	5	det1=true
[2459]	32	65	-12	-7	-5	-2	det1=true
[2460]	32	65	-14	-7	-5	2	det1=true
[2461]	35	65	-8	-4	-3	-5	det1=true
[2462]	35	65	-13	-4	-3	5	det1=true
[2463]	39	65	-17	-3	-3	-5	det1=true
[2464]	39	65	-22	-3	-3	5	det1=true
[2465]	42	65	-12	-13	-1	-6	det1=true
[2466]	42	65	-18	-13	-1	6	det1=true
[2467]	49	65	-22	-17	-6	1	det1=true
[2468]	54	65	-10	0	-2	-7	det1=true
[2469]	65	65	-32	-2	-7	-1	det1=true
[2470]	65	65	-33	-2	-7	1	det1=true
[2471]	42	66	-11	-2	-4	-5	det1=true
[2472]	42	66	-16	-2	-4	5	det1=true
[2473]	46	66	-24	-16	-1	6	det1=true
[2474]	49	66	-14	-10	-6	-3	det1=true
[2475]	49	66	-17	-10	-6	3	det1=true
[2476]	53	66	-18	-1	-4	6	det1=true
[2477]	54	66	-20	-20	-4	-5	det1=true
[2478]	54	66	-16	-8	-2	7	det1=true
[2479]	58	66	-17	-8	-2	-7	det1=true
[2480]	58	66	-24	-8	-2	7	det1=true
[2481]	60	66	-27	-8	-2	7	det1=true
[2482]	64	66	-26	-13	-7	2	det1=true
[2483]	65	66	-17	-6	-6	-5	det1=true
[2484]	65	66	-22	-6	-6	5	det1=true
[2485]	37	67	-15	-6	-5	-3	det1=true
[2486]	37	67	-14	-7	-3	-5	det1=true
[2487]	40	67	-7	-2	-4	-5	det1=true
[2488]	40	67	-12	-2	-4	5	det1=true
[2489]	41	67	-16	-15	-5	-3	det1=true
[2490]	41	67	-19	-15	-5	3	det1=true
[2491]	49	67	-11	0	-7	-1	det1=true
[2492]	49	67	-12	0	-7	1	det1=true
[2493]	55	67	-13	-11	-6	-4	det1=true
[2494]	55	67	-17	-11	-6	4	det1=true
[2495]	59	67	-14	-1	-3	-7	det1=true
[2496]	59	67	-21	-1	-3	7	det1=true
[2497]	59	67	-14	-5	-7	-3	det1=true
[2498]	59	67	-17	-5	-7	3	det1=true
[2499]	63	67	-8	-1	-4	-7	det1=true
[2500]	63	67	-15	-1	-4	7	det1=true
[2501]	64	67	-28	-26	-4	-5	det1=true
[2502]	64	67	-33	-26	-4	5	det1=true
[2503]	66	67	-14	-4	-4	-7	det1=true
[2504]	66	67	-21	-4	-4	7	det1=true
[2505]	38	68	-5	-2	-2	-6	det1=true
[2506]	42	68	-4	2	-6	-3	det1=true
[2507]	42	68	-7	2	-6	3	det1=true
[2508]	44	68	-17	-8	-2	-6	det1=true
[2509]	44	68	-23	-8	-2	6	det1=true
[2510]	44	68	-13	-14	-2	-6	det1=true
[2511]	45	68	-20	1	-5	-4	det1=true
[2512]	45	68	-24	1	-5	4	det1=true
[2513]	47	68	-16	-17	-2	-6	det1=true
[2514]	47	68	-22	-17	-2	6	det1=true
[2515]	61	68	-26	-7	-6	-4	det1=true
[2516]	61	68	-30	-7	-6	4	det1=true
[2517]	62	68	-8	0	-4	-7	det1=true
[2518]	62	68	-15	0	-4	7	det1=true
[2519]	62	68	-5	-6	-4	-7	det1=true
[2520]	62	68	-12	-6	-4	7	det1=true
[2521]	64	68	-13	2	-4	-7	det1=true
[2522]	65	68	-30	-8	-7	-2	det1=true
[2523]	66	68	-27	-16	-4	-6	det1=true
[2524]	66	68	-33	-16	-4	6	det1=true
[2525]	68	68	-15	-6	-8	-2	det1=true
[2526]	43	65	-18	-14	-3	-5	det1=true
[2527]	43	65	-23	-14	-3	5	det1=true
[2528]	44	65	-12	-7	-5	-4	det1=true
[2529]	44	65	-16	-7	-5	4	det1=true
[2530]	57	65	-18	2	-4	-6	det1=true
[2531]	57	65	-24	2	-4	6	det1=true
[2532]	57	65	-15	-5	-2	-7	det1=true
[2533]	57	65	-22	-5	-2	7	det1=true
[2534]	57	65	-13	-10	-7	-2	det1=true
[2535]	57	65	-15	-10	-7	2	det1=true
[2536]	59	65	-27	-18	-5	-4	det1=true
[2537]	59	65	-31	-18	-5	4	det1=true
[2538]	60	65	-20	-8	-7	-2	det1=true
[2539]	60	65	-22	-8	-7	2	det1=true
[2540]	62	65	-18	-15	-7	-2	det1=true
[2541]	63	65	-25	-14	-7	-1	det1=true
[2542]	63	65	-26	-14	-7	1	det1=true
[2543]	65	65	-31	-21	-4	-5	det1=true
[2544]	65	65	-21	-6	-5	6	det1=true
[2545]	42	66	-12	1	-5	-4	det1=true
[2546]	42	66	-16	1	-5	4	det1=true
[2547]	48	66	-17	2	-6	-3	det1=true
[2548]	55	66	-10	-10	-2	-7	det1=true
[2549]	55	66	-17	-10	-2	7	det1=true
[2550]	57	66	-14	-11	-7	-2	det1=true
[2551]	57	66	-16	-11	-7	2	det1=true
[2552]	58	66	-16	-10	-2	-7	det1=true
[2553]	58	66	-23	-10	-2	7	det1=true
[2554]	59	66	-15	-14	-2	-7	det1=true
[2555]	27	67	-10	-4	-1	-5	det1=true
[2556]	27	67	-15	-4	-1	5	det1=true
[2557]	31	67	-10	-9	-2	-5	det1=true
[2558]	31	67	-15	-9	-2	5	det1=true
[2559]	37	67	-18	-6	-5	3	det1=true
[2560]	37	67	-19	-7	-3	5	det1=true
[2561]	40	67	-12	-11	-1	-6	det1=true
[2562]	40	67	-18	-11	-1	6	det1=true
[2563]	47	67	-19	-18	-1	-6	det1=true
[2564]	47	67	-25	-18	-1	6	det1=true
[2565]	51	67	-9	-1	-4	-6	det1=true
[2566]	53	67	-23	-23	-1	-6	det1=true
[2567]	53	67	-29	-23	-1	6	det1=true
[2568]	55	67	-17	-12	-7	-1	det1=true
[2569]	55	67	-18	-12	-7	1	det1=true
[2570]	58	67	-10	2	-6	5	det1=true
[2571]	63	67	-28	-9	-1	-7	det1=true
[2572]	63	67	-35	-9	-1	7	det1=true
[2573]	64	67	-3	2	-8	-2	det1=true
[2574]	65	67	-28	-5	-2	-7	det1=true
[2575]	65	67	-23	-2	-3	-7	det1=true
[2576]	66	67	-26	-14	-2	-7	det1=true
[2577]	19	68	-5	2	-4	-2	det1=true
[2578]	19	68	-7	2	-4	2	det1=true
[2579]	28	68	-8	1	-5	-2	det1=true
[2580]	28	68	-10	1	-5	2	det1=true
[2581]	38	68	-11	-2	-2	6	det1=true
[2582]	41	68	-15	-12	-6	-1	det1=true
[2583]	41	68	-16	-12	-6	1	det1=true
[2584]	44	68	-15	-12	-6	-2	det1=true
[2585]	44	68	-17	-12	-6	2	det1=true
[2586]	44	68	-19	-14	-2	6	det1=true
[2587]	45	68	-17	-12	-6	-2	det1=true
[2588]	45	68	-19	-12	-6	2	det1=true
[2589]	45	68	-13	-2	-6	-3	det1=true
[2590]	53	68	-12	-9	-6	-4	det1=true
[2591]	53	68	-16	-9	-6	4	det1=true
[2592]	53	68	-11	-10	-4	-6	det1=true
[2593]	53	68	-17	-10	-4	6	det1=true
[2594]	56	68	-27	-24	-6	-1	det1=true
[2595]	56	68	-28	-24	-6	1	det1=true
[2596]	57	68	-24	-1	-7	2	det1=true
[2597]	61	68	-20	-16	-7	-2	det1=true
[2598]	61	68	-14	-3	-5	-6	det1=true
[2599]	61	68	-20	-3	-5	6	det1=true
[2600]	66	68	-28	-12	-2	-7	det1=true
[2601]	66	68	-35	-12	-2	7	det1=true
[2602]	66	68	-32	-15	-6	4	det1=true
[2603]	68	68	-5	4	-8	-3	det1=true
[2604]	68	68	-8	4	-8	3	det1=true
[2605]	26	65	-8	-3	-3	-4	det1=true
[2606]	26	65	-12	-3	-3	4	det1=true
[2607]	37	65	-13	-4	-3	-5	det1=true
[2608]	37	65	-18	-4	-3	5	det1=true
[2609]	46	65	-16	-17	-1	-6	det1=true
[2610]	49	65	-21	-17	-6	-1	det1=true
[2611]	50	65	-18	-14	-4	-5	det1=true
[2612]	50	65	-23	-14	-4	5	det1=true
[2613]	52	65	-7	-2	-4	-6	det1=true
[2614]	52	65	-13	-2	-4	6	det1=true
[2615]	61	65	-14	1	-6	5	det1=true
[2616]	26	66	-9	-4	-4	-3	det1=true
[2617]	26	66	-12	-4	-4	3	det1=true
[2618]	33	66	-14	-9	-5	-2	det1=true
[2619]	33	66	-16	-9	-5	2	det1=true
[2620]	37	66	-10	0	-6	-1	det1=true
[2621]	37	66	-11	0	-6	1	det1=true
[2622]	46	66	-19	2	-4	-5	det1=true
[2623]	46	66	-24	2	-4	5	det1=true
[2624]	46	66	-18	-16	-1	-6	det1=true
[2625]	53	66	-12	-1	-4	-6	det1=true
[2626]	54	66	-25	-20	-4	5	det1=true
[2627]	60	66	-20	-8	-2	-7	det1=true
[2628]	64	66	-28	-4	-7	-2	det1=true
[2629]	64	66	-30	-4	-7	2	det1=true
[2630]	16	67	0	0	-1	-4	det1=true
[2631]	16	67	-4	0	-1	4	det1=true
[2632]	26	67	-11	-2	-4	-3	det1=true
[2633]	26	67	-14	-2	-4	3	det1=true
[2634]	28	67	-6	0	-5	-2	det1=true
[2635]	28	67	-8	0	-5	2	det1=true
[2636]	28	67	-3	-4	-2	-5	det1=true
[2637]	28	67	-8	-4	-2	5	det1=true
[2638]	35	67	-1	-2	-1	-6	det1=true
[2639]	35	67	-7	-2	-1	6	det1=true
[2640]	37	67	-9	-3	-1	-6	det1=true
[2641]	37	67	-15	-3	-1	6	det1=true
[2642]	45	67	-19	2	-5	-4	det1=true
[2643]	45	67	-23	2	-5	4	det1=true
[2644]	51	67	-10	0	-6	-4	det1=true
[2645]	54	67	-11	-8	-2	-7	det1=true
[2646]	54	67	-18	-8	-2	7	det1=true
[2647]	55	67	-14	-15	-1	-7	det1=true
[2648]	55	67	-21	-15	-1	7	det1=true
[2649]	58	67	-22	-2	-7	-2	det1=true
[2650]	58	67	-24	-2	-7	2	det1=true
[2651]	59	67	-25	-23	-5	-4	det1=true
[2652]	59	67	-29	-23	-5	4	det1=true
[2653]	59	67	-14	-9	-7	3	det1=true
[2654]	60	67	-13	-6	-6	5	det1=true
[2655]	62	67	-28	-29	-1	-6	det1=true
[2656]	62	67	-10	-10	-5	-6	det1=true
[2657]	62	67	-16	-10	-5	6	det1=true
[2658]	63	67	-27	-7	-7	-2	det1=true
[2659]	63	67	-29	-7	-7	2	det1=true
[2660]	63	67	-26	-16	-7	-1	det1=true
[2661]	63	67	-27	-16	-7	1	det1=true
[2662]	64	67	-12	0	-7	-4	det1=true
[2663]	64	67	-16	0	-7	4	det1=true
[2664]	66	67	-33	-14	-2	7	det1=true
[2665]	67	67	-25	-19	-4	-6	det1=true
[2666]	67	67	-31	-19	-4	6	det1=true
[2667]	35	68	-7	2	-6	-1	det1=true
[2668]	35	68	-8	2	-6	1	det1=true
[2669]	40	68	-8	-4	-4	-5	det1=true
[2670]	40	68	-13	-4	-4	5	det1=true
[2671]	42	68	-2	-1	-3	-6	det1=true
[2672]	42	68	-8	-1	-3	6	det1=true
[2673]	44	68	-19	-14	-6	-1	det1=true
[2674]	44	68	-20	-14	-6	1	det1=true
[2675]	50	68	-8	-3	-6	-4	det1=true
[2676]	50	68	-12	-3	-6	4	det1=true
[2677]	52	68	-13	-2	-4	-6	det1=true
[2678]	53	68	-16	-1	-6	-4	det1=true
[2679]	53	68	-20	-1	-6	4	det1=true
[2680]	57	68	-22	-1	-7	-2	det1=true
[2681]	57	68	-16	-12	-2	-7	det1=true
[2682]	57	68	-23	-12	-2	7	det1=true
[2683]	58	68	-7	-2	-6	-5	det1=true
[2684]	58	68	-12	-2	-6	5	det1=true
[2685]	65	68	-32	-8	-7	2	det1=true
[2686]	29	65	-7	2	-5	-2	det1=true
[2687]	29	65	-9	2	-5	2	det1=true
[2688]	46	65	-22	-17	-1	6	det1=true
[2689]	51	65	-17	-17	-4	-5	det1=true
[2690]	51	65	-22	-17	-4	5	det1=true
[2691]	52	65	-8	-1	-6	-4	det1=true
[2692]	52	65	-12	-1	-6	4	det1=true
[2693]	53	65	-8	-6	-6	-4	det1=true
[2694]	53	65	-12	-6	-6	4	det1=true
[2695]	53	65	-7	-7	-4	-6	det1=true
[2696]	53	65	-13	-7	-4	6	det1=true
[2697]	59	65	1	1	-5	-6	det1=true
[2698]	60	65	-24	-23	-5	-4	det1=true
[2699]	61	65	-23	-3	-4	-6	det1=true
[2700]	61	65	-29	-3	-4	6	det1=true
[2701]	61	65	-9	1	-6	-5	det1=true
[2702]	62	65	-20	-15	-7	2	det1=true
[2703]	63	65	-15	-10	-7	-3	det1=true
[2704]	63	65	-18	-10	-7	3	det1=true
[2705]	18	66	-6	-7	-1	-4	det1=true
[2706]	18	66	-10	-7	-1	4	det1=true
[2707]	45	66	-16	-6	-5	-4	det1=true
[2708]	45	66	-20	-6	-5	4	det1=true
[2709]	54	66	-14	0	-7	-2	det1=true
[2710]	64	66	-10	3	-7	-4	det1=true
[2711]	40	67	-11	-2	-6	-2	det1=true
[2712]	40	67	-13	-2	-6	2	det1=true
[2713]	40	67	-9	-4	-2	-6	det1=true
[2714]	40	67	-15	-4	-2	6	det1=true
[2715]	43	67	-18	0	-6	-2	det1=true
[2716]	43	67	-20	0	-6	2	det1=true
[2717]	49	67	-8	-3	-1	-7	det1=true
[2718]	55	67	-3	0	-3	-7	det1=true
[2719]	57	67	-23	-3	-5	-5	det1=true
[2720]	57	67	-28	-3	-5	5	det1=true
[2721]	60	67	-8	-6	-6	-5	det1=true
[2722]	63	67	-31	-6	-7	-1	det1=true
[2723]	63	67	-32	-6	-7	1	det1=true
[2724]	40	68	-10	1	-5	-4	det1=true
[2725]	40	68	-14	1	-5	4	det1=true
[2726]	45	68	-16	-2	-6	3	det1=true
[2727]	50	68	-7	-4	-4	-6	det1=true
[2728]	50	68	-13	-4	-4	6	det1=true
[2729]	65	68	-27	-14	-4	-6	det1=true
[2730]	65	68	-33	-14	-4	6	det1=true
[2731]	66	68	-28	-15	-6	-4	det1=true
[2732]	68	68	-25	-22	-4	-6	det1=true
[2733]	68	68	-31	-22	-4	6	det1=true
[2734]	40	65	-7	-2	-6	-2	det1=true
[2735]	40	65	-9	-2	-6	2	det1=true
[2736]	45	65	-16	-1	-4	-5	det1=true
[2737]	60	65	-28	-23	-5	4	det1=true
[2738]	42	66	-14	-3	-6	-2	det1=true
[2739]	48	66	-20	2	-6	3	det1=true
[2740]	50	66	-4	3	-6	-4	det1=true
[2741]	50	66	-8	3	-6	4	det1=true
[2742]	53	66	-13	0	-6	-4	det1=true
[2743]	53	66	-17	0	-6	4	det1=true
[2744]	61	66	-22	-6	-2	-7	det1=true
[2745]	61	66	-29	-6	-2	7	det1=true
[2746]	25	67	-7	2	-5	1	det1=true
[2747]	27	67	-12	-2	-5	-1	det1=true
[2748]	27	67	-13	-2	-5	1	det1=true
[2749]	28	67	-12	-9	-3	-4	det1=true
[2750]	28	67	-16	-9	-3	4	det1=true
[2751]	51	67	-16	1	-7	-1	det1=true
[2752]	51	67	-17	1	-7	1	det1=true
[2753]	25	68	-8	-4	-3	-4	det1=true
[2754]	25	68	-12	-4	-3	4	det1=true
[2755]	56	68	-23	-10	-4	6	det1=true
[2756]	58	68	-23	0	-4	-6	det1=true
[2757]	58	68	-29	0	-4	6	det1=true
[2758]	62	68	-15	-6	-6	-5	det1=true
[2759]	62	68	-20	-6	-6	5	det1=true
[2760]	45	65	-11	-11	-4	-5	det1=true
[2761]	45	65	-16	-11	-4	5	det1=true
[2762]	51	65	-12	-1	-7	-1	det1=true
[2763]	51	65	-13	-1	-7	1	det1=true
[2764]	64	66	-14	3	-7	4	det1=true
[2765]	37	67	-7	-7	-1	-6	det1=true
[2766]	37	67	-13	-7	-1	6	det1=true
[2767]	41	67	-20	1	-6	-1	det1=true
[2768]	41	67	-21	1	-6	1	det1=true
[2769]	66	67	-17	-2	-8	-1	det1=true
[2770]	66	67	-18	-2	-8	1	det1=true
[2771]	37	68	-8	-8	-1	-6	det1=true
[2772]	37	68	-14	-8	-1	6	det1=true
[2773]	41	68	-12	0	-4	-5	det1=true
[2774]	41	68	-17	0	-4	5	det1=true
[2775]	65	68	-15	-6	-8	-1	det1=true
[2776]	65	68	-16	-6	-8	1	det1=true
[2777]	40	66	-6	1	-5	-4	det1=true
[2778]	52	66	-4	-6	-2	-7	det1=true
[2779]	63	66	-6	-2	-8	-1	det1=true
[2780]	63	66	-7	-2	-8	1	det1=true
[2781]	56	67	-19	0	-4	-6	det1=true
[2782]	56	67	-25	0	-4	6	det1=true
[2783]	59	67	-12	-7	-3	-7	det1=true
[2784]	59	67	-19	-7	-3	7	det1=true
[2785]	61	67	-13	1	-5	-6	det1=true
[2786]	61	67	-19	1	-5	6	det1=true
[2787]	50	68	-20	-16	-5	-4	det1=true
[2788]	50	68	-24	-16	-5	4	det1=true
[2789]	56	68	-17	-10	-4	-6	det1=true
[2790]	63	68	-3	4	-8	-2	det1=true
[2791]	63	68	-5	4	-8	2	det1=true
[2792]	30	66	-8	-6	-2	-5	det1=true
[2793]	30	66	-13	-6	-2	5	det1=true
[2794]	45	66	-17	-2	-4	-5	det1=true
[2795]	65	68	-12	-8	-4	-7	det1=true
[2796]	65	68	-19	-8	-4	7	det1=true
[2797]	17	65	-3	-3	-1	-4	det1=true
[2798]	17	65	-7	-3	-1	4	det1=true
[2799]	26	65	-6	-6	-3	-4	det1=true
[2800]	40	66	-10	1	-5	4	det1=true
[2801]	26	67	-8	-7	-3	-4	det1=true
[2802]	56	67	-20	1	-6	-4	det1=true
[2803]	26	67	-12	-7	-3	4	det1=true
[2804]	47	67	-21	-20	-3	-5	det1=true
[2805]	64	67	-21	-18	-2	-7	det1=true
[2806]	67	67	-26	-18	-6	-4	det1=true
[2807]	67	67	-30	-18	-6	4	det1=true
[2808]	35	65	-9	-3	-5	-3	det1=true
[2809]	35	65	-12	-3	-5	3	det1=true
[2810]	42	65	-10	2	-4	-5	det1=true
[2811]	42	65	-15	2	-4	5	det1=true
[2812]	51	65	-9	-4	-1	-7	det1=true
[2813]	51	65	-16	-4	-1	7	det1=true
[2814]	56	67	-24	1	-6	4	det1=true
[2815]	63	65	-1	1	-7	-4	det1=true
[2816]	63	65	-5	1	-7	4	det1=true
[2817]	64	67	0	-1	-2	-8	det1=true
[2818]	43	65	-17	-8	-1	-6	det1=true
[2819]	43	65	-23	-8	-1	6	det1=true
[2820]	59	65	-10	-2	-3	-7	det1=true
[2821]	59	65	-17	-2	-3	7	det1=true
[2822]	61	65	-6	-5	-6	-5	det1=true
[2823]	61	65	-11	-5	-6	5	det1=true
[2824]	60	67	-11	0	-6	-5	det1=true
[2825]	54	68	-16	-4	-7	-2	det1=true
[2826]	54	68	-18	-4	-7	2	det1=true
[2827]	13	65	-3	-2	-3	-2	det1=true
[2828]	25	65	-7	-3	-4	3	det1=true
[2829]	42	65	-10	-1	-5	-4	det1=true
[2830]	42	65	-14	-1	-5	4	det1=true
[2831]	65	66	-10	-6	-8	-1	det1=true
[2832]	65	66	-11	-6	-8	1	det1=true
[2833]	25	65	-4	-3	-4	-3	det1=true
[2834]	25	67	-6	-5	-4	-3	det1=true
[2835]	42	68	-11	-8	-4	-5	det1=true
[2836]	42	68	-16	-8	-4	5	det1=true
[2837]	43	68	-16	-15	-1	-6	det1=true
[2838]	20	66	-6	1	-2	-4	det1=true
[2839]	20	66	-10	1	-2	4	det1=true
[2840]	67	67	-10	-6	-8	-2	det1=true
[2841]	67	67	-12	-6	-8	2	det1=true
[2842]	66	66	-16	2	-8	-1	det1=true
[2843]	66	66	-15	-2	-8	-1	det1=true
[2844]	66	66	-16	-2	-8	1	det1=true
[2845]	13	68	-5	-4	-2	-3	det1=true
[2846]	13	68	-8	-4	-2	3	det1=true
[2847]	63	68	0	1	-2	-8	det1=true
[2848]	63	68	-8	1	-2	8	det1=true
[2849]	66	66	-10	-8	-7	-4	det1=true
[2850]	5	65	-2	-1	-2	-1	det1=true
[2851]	37	67	-12	3	-6	-1	det1=true
[2852]	37	67	-13	3	-6	1	det1=true
[2853]	36	72	-6	1	-2	-6	det1=true
[2854]	36	72	-12	1	-2	6	det1=true
[2855]	27	69	-4	1	-2	-5	det1=true
[2856]	51	69	-19	3	-7	-1	det1=true
[2857]	51	69	-20	3	-7	1	det1=true
[2858]	60	70	-28	-3	-6	-4	det1=true
[2859]	60	70	-32	-3	-6	4	det1=true
[2860]	47	71	-5	-1	-4	-6	det1=true
[2861]	47	71	-11	-1	-4	6	det1=true
[2862]	61	71	-23	-6	-7	-3	det1=true
[2863]	61	71	-26	-6	-7	3	det1=true
[2864]	38	72	-14	3	-6	-2	det1=true
[2865]	38	72	-16	3	-6	2	det1=true
[2866]	50	69	-10	2	-7	-2	det1=true
[2867]	50	69	-12	2	-7	2	det1=true
[2868]	53	69	-19	-3	-1	-7	det1=true
[2869]	53	69	-26	-3	-1	7	det1=true
[2870]	53	69	-18	-7	-1	-7	det1=true
[2871]	53	69	-25	-7	-1	7	det1=true
[2872]	56	69	-26	-20	-5	-4	det1=true
[2873]	61	69	-22	-20	-1	-7	det1=true
[2874]	62	69	-26	-8	-2	-7	det1=true
[2875]	62	69	-28	-7	-7	-2	det1=true
[2876]	62	69	-30	-7	-7	2	det1=true
[2877]	63	69	-26	-19	-7	-1	det1=true
[2878]	63	69	-27	-19	-7	1	det1=true
[2879]	63	69	-13	-3	-7	-4	det1=true
[2880]	63	69	-17	-3	-7	4	det1=true
[2881]	65	69	-19	-1	-8	-1	det1=true
[2882]	65	69	-20	-1	-8	1	det1=true
[2883]	34	70	-8	2	-6	1	det1=true
[2884]	39	70	-10	2	-4	-5	det1=true
[2885]	39	70	-15	2	-4	5	det1=true
[2886]	39	70	-10	-1	-5	-4	det1=true
[2887]	46	70	-19	-14	-2	-6	det1=true
[2888]	46	70	-25	-14	-2	6	det1=true
[2889]	55	70	-17	-12	-6	-4	det1=true
[2890]	55	70	-21	-12	-6	4	det1=true
[2891]	59	70	-14	-1	-5	-6	det1=true
[2892]	59	70	-20	-1	-5	6	det1=true
[2893]	61	70	-18	2	-5	-6	det1=true
[2894]	61	70	-24	2	-5	6	det1=true
[2895]	61	70	-14	-10	-6	-5	det1=true
[2896]	61	70	-19	-10	-6	5	det1=true
[2897]	61	70	-8	-6	-7	-4	det1=true
[2898]	61	70	-12	-6	-7	4	det1=true
[2899]	66	70	-7	2	-6	-6	det1=true
[2900]	67	70	-26	-2	-5	-6	det1=true
[2901]	67	70	-32	-2	-5	6	det1=true
[2902]	68	70	-26	-7	-5	-6	det1=true
[2903]	68	70	-32	-7	-5	6	det1=true
[2904]	70	70	-17	-18	-4	-7	det1=true
[2905]	70	70	-24	-18	-4	7	det1=true
[2906]	51	71	-23	-11	-6	-3	det1=true
[2907]	61	71	-29	-21	-6	-3	det1=true
[2908]	61	71	-32	-21	-6	3	det1=true
[2909]	63	71	-27	-1	-7	-3	det1=true
[2910]	63	71	-30	-1	-7	3	det1=true
[2911]	65	71	-29	-20	-1	-7	det1=true
[2912]	65	71	-36	-20	-1	7	det1=true
[2913]	67	71	-5	-4	-7	-5	det1=true
[2914]	67	71	-10	-4	-7	5	det1=true
[2915]	68	71	-13	-2	-8	-3	det1=true
[2916]	68	71	-16	-2	-8	3	det1=true
[2917]	71	71	-15	-6	-7	-5	det1=true
[2918]	26	72	-4	-2	-2	-5	det1=true
[2919]	26	72	-9	-2	-2	5	det1=true
[2920]	35	72	-2	3	-6	-2	det1=true
[2921]	35	72	0	1	-2	-6	det1=true
[2922]	39	72	-10	-7	-5	-4	det1=true
[2923]	39	72	-14	-7	-5	4	det1=true
[2924]	48	72	-22	-15	-5	-4	det1=true
[2925]	48	72	-26	-15	-5	4	det1=true
[2926]	59	72	-8	-4	-4	-7	det1=true
[2927]	59	72	-15	-4	-4	7	det1=true
[2928]	62	72	-36	-8	-2	7	det1=true
[2929]	65	72	-21	2	-4	-7	det1=true
[2930]	65	72	-28	2	-4	7	det1=true
[2931]	71	72	-28	-8	-7	-4	det1=true
[2932]	71	72	-32	-8	-7	4	det1=true
[2933]	48	69	-21	-14	-2	-6	det1=true
[2934]	48	69	-27	-14	-2	6	det1=true
[2935]	50	69	-22	1	-3	-6	det1=true
[2936]	57	69	-23	-2	-7	-2	det1=true
[2937]	57	69	-25	-2	-7	2	det1=true
[2938]	59	69	-24	-16	-7	1	det1=true
[2939]	64	69	-20	-6	-6	-5	det1=true
[2940]	64	69	-25	-6	-6	5	det1=true
[2941]	67	69	-15	-13	-1	-8	det1=true
[2942]	69	69	-23	-4	-7	-4	det1=true
[2943]	69	69	-7	0	-5	-7	det1=true
[2944]	69	69	-14	0	-5	7	det1=true
[2945]	27	70	-6	-2	-5	-2	det1=true
[2946]	27	70	-8	-2	-5	2	det1=true
[2947]	34	70	-7	2	-6	-1	det1=true
[2948]	36	70	0	1	-2	-6	det1=true
[2949]	55	70	-16	-13	-4	-6	det1=true
[2950]	55	70	-22	-13	-4	6	det1=true
[2951]	56	70	-18	-13	-6	-4	det1=true
[2952]	56	70	-22	-13	-6	4	det1=true
[2953]	58	70	-26	-24	-5	-4	det1=true
[2954]	58	70	-30	-24	-5	4	det1=true
[2955]	58	70	-11	-4	-6	-5	det1=true
[2956]	58	70	-16	-4	-6	5	det1=true
[2957]	58	70	-8	-8	-5	-6	det1=true
[2958]	58	70	-14	-8	-5	6	det1=true
[2959]	62	70	-28	-17	-6	4	det1=true
[2960]	62	70	-24	-4	-6	5	det1=true
[2961]	63	70	-16	1	-7	-4	det1=true
[2962]	63	70	-20	1	-7	4	det1=true
[2963]	65	70	-22	-8	-6	-5	det1=true
[2964]	65	70	-27	-8	-6	5	det1=true
[2965]	66	70	-2	0	-3	-8	det1=true
[2966]	66	70	-10	0	-3	8	det1=true
[2967]	69	70	-17	-10	-2	-8	det1=true
[2968]	69	70	-25	-10	-2	8	det1=true
[2969]	35	71	-14	-8	-5	-3	det1=true
[2970]	35	71	-17	-8	-5	3	det1=true
[2971]	45	71	-11	0	-1	7	det1=true
[2972]	47	71	-12	-3	-7	-1	det1=true
[2973]	49	71	-21	-19	-6	-2	det1=true
[2974]	51	71	-25	-4	-1	7	det1=true
[2975]	51	71	-13	-14	-1	-7	det1=true
[2976]	53	71	-9	0	-7	-3	det1=true
[2977]	53	71	-12	0	-7	3	det1=true
[2978]	55	71	-23	-1	-6	-4	det1=true
[2979]	55	71	-27	-1	-6	4	det1=true
[2980]	56	71	-24	-3	-6	-4	det1=true
[2981]	56	71	-28	-3	-6	4	det1=true
[2982]	58	71	-14	2	-5	-6	det1=true
[2983]	58	71	-20	2	-5	6	det1=true
[2984]	61	71	-15	-11	-6	-5	det1=true
[2985]	61	71	-20	-11	-6	5	det1=true
[2986]	62	71	-17	0	-8	-1	det1=true
[2987]	62	71	-18	0	-8	1	det1=true
[2988]	63	71	-9	-5	-2	-8	det1=true
[2989]	63	71	-17	-5	-2	8	det1=true
[2990]	65	71	-23	-15	-3	-7	det1=true
[2991]	65	71	-30	-15	-3	7	det1=true
[2992]	65	71	-21	1	-7	-4	det1=true
[2993]	65	71	-25	1	-7	4	det1=true
[2994]	66	71	-22	-2	-7	-4	det1=true
[2995]	67	71	-7	1	-5	-7	det1=true
[2996]	67	71	-14	1	-5	7	det1=true
[2997]	68	71	-12	-4	-8	-3	det1=true
[2998]	68	71	-15	-4	-8	3	det1=true
[2999]	71	71	-28	-17	-4	7	det1=true
[3000]	26	72	-6	1	-5	-2	det1=true
[3001]	26	72	-8	1	-5	2	det1=true
[3002]	38	72	-9	-8	-2	-6	det1=true
[3003]	38	72	-15	-8	-2	6	det1=true
[3004]	55	72	-27	-8	-2	7	det1=true
[3005]	60	72	-28	-22	-6	-3	det1=true
[3006]	62	72	-16	0	-4	-7	det1=true
[3007]	62	72	-23	0	-4	7	det1=true
[3008]	64	72	-10	-11	-2	-8	det1=true
[3009]	64	72	-18	-11	-2	8	det1=true
[3010]	65	72	-35	-18	-2	7	det1=true
[3011]	67	72	-17	-16	-4	-7	det1=true
[3012]	67	72	-24	-16	-4	7	det1=true
[3013]	49	69	-7	-3	-6	-4	det1=true
[3014]	49	69	-11	-3	-6	4	det1=true
[3015]	53	69	-17	1	-7	-2	det1=true
[3016]	53	69	-19	1	-7	2	det1=true
[3017]	54	69	-18	-7	-7	2	det1=true
[3018]	58	69	-24	-1	-4	-6	det1=true
[3019]	58	69	-30	-1	-4	6	det1=true
[3020]	58	69	-22	-4	-2	-7	det1=true
[3021]	58	69	-29	-4	-2	7	det1=true
[3022]	61	69	-25	-17	-7	-1	det1=true
[3023]	61	69	-26	-17	-7	1	det1=true
[3024]	65	69	-16	-3	-4	-7	det1=true
[3025]	65	69	-23	-3	-4	7	det1=true
[3026]	24	70	-9	2	-4	-3	det1=true
[3027]	36	70	-2	3	-6	-2	det1=true
[3028]	39	70	-12	-13	-1	-6	det1=true
[3029]	39	70	-18	-13	-1	6	det1=true
[3030]	44	70	-16	-11	-5	-4	det1=true
[3031]	45	70	-17	-12	-4	-5	det1=true
[3032]	45	70	-22	-12	-4	5	det1=true
[3033]	47	70	-2	1	-4	-6	det1=true
[3034]	47	70	-8	1	-4	6	det1=true
[3035]	48	70	-20	-1	-3	-6	det1=true
[3036]	48	70	-26	-1	-3	6	det1=true
[3037]	48	70	-19	-16	-4	-5	det1=true
[3038]	48	70	-24	-16	-4	5	det1=true
[3039]	56	70	-17	-14	-4	-6	det1=true
[3040]	56	70	-23	-14	-4	6	det1=true
[3041]	56	70	-4	-4	-5	-6	det1=true
[3042]	62	70	-19	-4	-6	-5	det1=true
[3043]	64	70	-10	-3	-2	-8	det1=true
[3044]	64	70	-18	-3	-2	8	det1=true
[3045]	67	70	-18	-18	-5	-6	det1=true
[3046]	67	70	-7	-2	-8	-3	det1=true
[3047]	69	70	-22	-8	-4	-7	det1=true
[3048]	69	70	-29	-8	-4	7	det1=true
[3049]	70	70	-28	-8	-5	-6	det1=true
[3050]	70	70	-34	-8	-5	6	det1=true
[3051]	34	71	-9	2	-6	-1	det1=true
[3052]	34	71	-10	2	-6	1	det1=true
[3053]	34	71	-4	-6	-1	-6	det1=true
[3054]	34	71	-10	-6	-1	6	det1=true
[3055]	45	71	-4	0	-1	-7	det1=true
[3056]	47	71	-13	-3	-7	1	det1=true
[3057]	47	71	1	-1	-2	-7	det1=true
[3058]	53	71	-23	-23	-2	-6	det1=true
[3059]	53	71	-29	-23	-2	6	det1=true
[3060]	56	71	-21	-6	-2	-7	det1=true
[3061]	56	71	-28	-6	-2	7	det1=true
[3062]	60	71	-25	-10	-2	-7	det1=true
[3063]	61	71	-28	-8	-3	7	det1=true
[3064]	63	71	-28	-18	-1	-7	det1=true
[3065]	63	71	-35	-18	-1	7	det1=true
[3066]	65	71	-19	-15	-6	-5	det1=true
[3067]	65	71	-24	-15	-6	5	det1=true
[3068]	66	71	-26	-2	-7	4	det1=true
[3069]	68	71	-24	-5	-7	-4	det1=true
[3070]	68	71	-22	-8	-1	-8	det1=true
[3071]	68	71	-30	-8	-1	8	det1=true
[3072]	68	71	-23	-10	-8	-1	det1=true
[3073]	71	71	-24	-15	-8	-1	det1=true
[3074]	71	71	-25	-15	-8	1	det1=true
[3075]	71	71	-21	-17	-4	-7	det1=true
[3076]	71	71	-13	-9	-7	-5	det1=true
[3077]	71	71	-18	-9	-7	5	det1=true
[3078]	27	72	-10	1	-5	-2	det1=true
[3079]	27	72	-12	1	-5	2	det1=true
[3080]	40	72	-14	-9	-6	-2	det1=true
[3081]	40	72	-16	-9	-6	2	det1=true
[3082]	49	72	-21	-20	-2	-6	det1=true
[3083]	49	72	-27	-20	-2	6	det1=true
[3084]	57	72	-20	-14	-2	-7	det1=true
[3085]	57	72	-27	-14	-2	7	det1=true
[3086]	62	72	-12	-10	-4	-7	det1=true
[3087]	62	72	-19	-10	-4	7	det1=true
[3088]	64	72	-13	-8	-8	-2	det1=true
[3089]	64	72	-15	-8	-8	2	det1=true
[3090]	65	72	-28	-18	-2	-7	det1=true
[3091]	67	72	-24	-8	-8	-1	det1=true
[3092]	16	69	-4	0	-1	-4	det1=true
[3093]	16	69	-8	0	-1	4	det1=true
[3094]	25	69	-9	1	-5	-1	det1=true
[3095]	25	69	-10	1	-5	1	det1=true
[3096]	35	69	-8	-3	-6	1	det1=true
[3097]	40	69	-11	0	-4	-5	det1=true
[3098]	40	69	-16	0	-4	5	det1=true
[3099]	41	69	-13	-3	-5	-4	det1=true
[3100]	47	69	-22	-15	-4	5	det1=true
[3101]	55	69	-13	-13	-2	-7	det1=true
[3102]	55	69	-20	-13	-2	7	det1=true
[3103]	59	69	-20	-19	-1	-7	det1=true
[3104]	61	69	-23	-14	-7	-2	det1=true
[3105]	61	69	-25	-14	-7	2	det1=true
[3106]	61	69	-15	-5	-5	-6	det1=true
[3107]	61	69	-21	-5	-5	6	det1=true
[3108]	35	70	-8	-2	-1	-6	det1=true
[3109]	35	70	-14	-2	-1	6	det1=true
[3110]	38	70	-9	-4	-6	-2	det1=true
[3111]	38	70	-11	-4	-6	2	det1=true
[3112]	38	70	-7	-6	-2	-6	det1=true
[3113]	39	70	-8	-5	-5	-4	det1=true
[3114]	40	70	-12	-7	-2	-6	det1=true
[3115]	40	70	-18	-7	-2	6	det1=true
[3116]	56	70	-10	-4	-5	6	det1=true
[3117]	58	70	-12	0	-5	-6	det1=true
[3118]	58	70	-18	0	-5	6	det1=true
[3119]	61	70	-6	-9	-1	-8	det1=true
[3120]	61	70	-14	-9	-1	8	det1=true
[3121]	67	70	-18	-11	-7	-4	det1=true
[3122]	67	70	-22	-11	-7	4	det1=true
[3123]	67	70	-10	-2	-8	3	det1=true
[3124]	41	71	-13	-11	-2	-6	det1=true
[3125]	41	71	-19	-11	-2	6	det1=true
[3126]	44	71	-17	-14	-6	-2	det1=true
[3127]	44	71	-19	-14	-6	2	det1=true
[3128]	48	71	-8	3	-7	-2	det1=true
[3129]	48	71	-10	3	-7	2	det1=true
[3130]	49	71	-23	-19	-6	2	det1=true
[3131]	51	71	-18	-4	-1	-7	det1=true
[3132]	52	71	-21	-16	-6	-3	det1=true
[3133]	52	71	-24	-16	-6	3	det1=true
[3134]	60	71	-32	-10	-2	7	det1=true
[3135]	61	71	-21	-8	-3	-7	det1=true
[3136]	63	71	-12	-2	-8	-2	det1=true
[3137]	63	71	-14	-2	-8	2	det1=true
[3138]	64	71	-30	-13	-6	-4	det1=true
[3139]	64	71	-34	-13	-6	4	det1=true
[3140]	68	71	-24	-10	-8	1	det1=true
[3141]	69	71	-29	-6	-7	4	det1=true
[3142]	69	71	-10	-6	-5	-7	det1=true
[3143]	69	71	-17	-6	-5	7	det1=true
[3144]	37	72	-13	0	-6	2	det1=true
[3145]	55	72	-20	-8	-2	-7	det1=true
[3146]	55	72	-18	-13	-7	-2	det1=true
[3147]	55	72	-20	-13	-7	2	det1=true
[3148]	64	72	-16	-12	-8	-1	det1=true
[3149]	68	72	-25	0	-4	-7	det1=true
[3150]	68	72	-32	0	-4	7	det1=true
[3151]	68	72	-18	-11	-2	-8	det1=true
[3152]	68	72	-26	-11	-2	8	det1=true
[3153]	16	69	-4	-2	-4	-1	det1=true
[3154]	16	69	-5	-2	-4	1	det1=true
[3155]	27	69	-5	0	-5	-2	det1=true
[3156]	27	69	-7	0	-5	2	det1=true
[3157]	49	69	-11	-7	-7	-1	det1=true
[3158]	49	69	-12	-7	-7	1	det1=true
[3159]	60	69	-7	2	-8	-1	det1=true
[3160]	60	69	-8	2	-8	1	det1=true
[3161]	64	69	-22	-21	-6	-4	det1=true
[3162]	64	69	-26	-21	-6	4	det1=true
[3163]	30	70	-12	-8	-5	-2	det1=true
[3164]	30	70	-14	-8	-5	2	det1=true
[3165]	37	70	-12	-6	-1	-6	det1=true
[3166]	37	70	-18	-6	-1	6	det1=true
[3167]	37	70	-1	0	-4	-5	det1=true
[3168]	37	70	-6	0	-4	5	det1=true
[3169]	39	70	-12	-5	-5	4	det1=true
[3170]	40	70	-12	-3	-5	-4	det1=true
[3171]	42	70	-16	-4	-5	-4	det1=true
[3172]	42	70	-20	-4	-5	4	det1=true
[3173]	43	70	-13	-12	-4	-5	det1=true
[3174]	43	70	-18	-12	-4	5	det1=true
[3175]	62	70	-24	-17	-6	-4	det1=true
[3176]	37	71	-15	-5	-6	-1	det1=true
[3177]	37	71	-16	-5	-6	1	det1=true
[3178]	55	71	-22	-2	-4	-6	det1=true
[3179]	55	71	-28	-2	-4	6	det1=true
[3180]	71	71	-33	-11	-7	-3	det1=true
[3181]	71	71	-36	-11	-7	3	det1=true
[3182]	71	71	-26	-17	-6	-5	det1=true
[3183]	71	71	-31	-17	-6	5	det1=true
[3184]	71	71	-19	-10	-5	7	det1=true
[3185]	63	72	-16	-8	-7	-4	det1=true
[3186]	63	72	-20	-8	-7	4	det1=true
[3187]	64	72	-17	-12	-8	1	det1=true
[3188]	67	72	-25	-8	-8	1	det1=true
[3189]	67	72	-20	-14	-8	-1	det1=true
[3190]	68	72	-20	-15	-1	-8	det1=true
[3191]	68	72	-28	-15	-1	8	det1=true
[3192]	69	72	-32	-20	-7	-2	det1=true
[3193]	69	72	-34	-20	-7	2	det1=true
[3194]	47	69	-17	-15	-4	-5	det1=true
[3195]	49	69	-8	-10	-1	-7	det1=true
[3196]	49	69	-15	-10	-1	7	det1=true
[3197]	49	69	-6	-4	-4	-6	det1=true
[3198]	49	69	-12	-4	-4	6	det1=true
[3199]	59	69	-27	-19	-1	7	det1=true
[3200]	64	69	-16	0	-7	-4	det1=true
[3201]	64	69	-20	0	-7	4	det1=true
[3202]	38	70	-13	-6	-2	6	det1=true
[3203]	39	70	-14	-1	-5	4	det1=true
[3204]	40	70	-16	3	-6	-2	det1=true
[3205]	40	70	-18	3	-6	2	det1=true
[3206]	42	70	-14	-8	-5	-4	det1=true
[3207]	42	70	-18	-8	-5	4	det1=true
[3208]	59	70	-26	-3	-4	-6	det1=true
[3209]	59	70	-32	-3	-4	6	det1=true
[3210]	41	71	-15	-9	-6	-2	det1=true
[3211]	41	71	-17	-9	-6	2	det1=true
[3212]	59	71	-25	-11	-6	-4	det1=true
[3213]	37	72	-11	0	-6	-2	det1=true
[3214]	61	72	-14	-4	-7	-4	det1=true
[3215]	63	72	-20	-2	-8	-1	det1=true
[3216]	63	72	-21	-2	-8	1	det1=true
[3217]	63	72	-14	-11	-1	-8	det1=true
[3218]	63	72	-22	-11	-1	8	det1=true
[3219]	66	72	-18	1	-2	-8	det1=true
[3220]	66	72	-26	1	-2	8	det1=true
[3221]	68	72	-28	2	-8	-1	det1=true
[3222]	68	72	-29	2	-8	1	det1=true
[3223]	45	69	-15	-13	-4	-5	det1=true
[3224]	45	69	-20	-13	-4	5	det1=true
[3225]	54	70	-20	0	-7	-2	det1=true
[3226]	54	70	-22	0	-7	2	det1=true
[3227]	55	70	-2	2	-6	-5	det1=true
[3228]	55	70	-7	2	-6	5	det1=true
[3229]	66	70	-20	-4	-7	-4	det1=true
[3230]	66	70	-24	-4	-7	4	det1=true
[3231]	66	70	-18	-7	-1	-8	det1=true
[3232]	66	70	-26	-7	-1	8	det1=true
[3233]	26	71	-10	-10	-3	-4	det1=true
[3234]	44	71	-15	-16	-2	-6	det1=true
[3235]	44	71	-21	-16	-2	6	det1=true
[3236]	59	71	-19	-19	-4	-6	det1=true
[3237]	59	71	-25	-19	-4	6	det1=true
[3238]	71	71	-12	-10	-5	-7	det1=true
[3239]	52	72	-18	-4	-7	-2	det1=true
[3240]	50	69	-21	-16	-4	-5	det1=true
[3241]	69	69	-17	-15	-1	-8	det1=true
[3242]	55	70	-1	0	-6	-5	det1=true
[3243]	55	70	-6	0	-6	5	det1=true
[3244]	33	71	-4	3	-6	-1	det1=true
[3245]	33	71	-5	3	-6	1	det1=true
[3246]	53	71	-12	-13	-2	-7	det1=true
[3247]	63	71	-13	-9	-4	-7	det1=true
[3248]	63	71	-20	-9	-4	7	det1=true
[3249]	64	72	-26	-20	-7	-2	det1=true
[3250]	64	72	-28	-20	-7	2	det1=true
[3251]	64	72	-14	-3	-2	-8	det1=true
[3252]	64	72	-22	-3	-2	8	det1=true
[3253]	40	69	-10	-4	-5	-4	det1=true
[3254]	51	71	-16	-11	-7	-1	det1=true
[3255]	69	71	-23	-9	-1	-8	det1=true
[3256]	69	71	-31	-9	-1	8	det1=true
[3257]	71	71	-31	-13	-3	-7	det1=true
[3258]	71	71	-38	-13	-3	7	det1=true
[3259]	52	72	-20	-4	-7	2	det1=true
[3260]	54	72	-18	-13	-7	2	det1=true
[3261]	72	72	-26	-3	-2	-8	det1=true
[3262]	72	72	-34	-3	-2	8	det1=true
[3263]	25	69	-8	-2	-5	-1	det1=true
[3264]	69	69	-8	1	-7	-5	det1=true
[3265]	69	69	-13	1	-7	5	det1=true
[3266]	61	71	-29	-16	-7	1	det1=true
[3267]	54	72	-16	-13	-7	-2	det1=true
[3268]	61	71	-28	-16	-7	-1	det1=true
[3269]	60	72	-15	4	-8	-1	det1=true
[3270]	60	72	-16	4	-8	1	det1=true
[3271]	45	72	-16	-16	-4	-5	det1=true
[3272]	40	70	-12	-2	-4	-5	det1=true
[3273]	40	70	-17	-2	-4	5	det1=true
[3274]	64	69	-8	-1	-2	-8	det1=true
[3275]	69	69	-18	-2	-2	-8	det1=true
[3276]	69	69	-14	-12	-2	-8	det1=true
[3277]	71	71	-57	-5	-4	-3	det1=true
[3278]	71	71	-60	-5	-4	3	det1=true
[3279]	76	76	-6	-7	-5	-8	det1=true
[3280]	76	76	-14	-7	-5	8	det1=true
[3281]	49	73	-17	-8	-7	-1	det1=true
[3282]	49	73	-18	-8	-7	1	det1=true
[3283]	35	74	-2	2	-5	-4	det1=true
[3284]	35	74	-6	2	-5	4	det1=true
[3285]	74	74	-7	-2	-2	-9	det1=true
[3286]	74	74	-16	-2	-2	9	det1=true
[3287]	66	75	-29	4	-8	-1	det1=true
[3288]	66	75	-30	4	-8	1	det1=true
[3289]	66	75	-26	2	-4	-7	det1=true
[3290]	68	75	-23	-12	-8	-2	det1=true
[3291]	60	76	-16	-8	-4	-7	det1=true
[3292]	60	76	-23	-8	-4	7	det1=true
[3293]	61	73	-25	1	-3	-7	det1=true
[3294]	61	73	-32	1	-3	7	det1=true
[3295]	70	73	-27	-8	-4	-7	det1=true
[3296]	71	73	-23	3	-8	-3	det1=true
[3297]	71	73	-26	3	-8	3	det1=true
[3298]	49	74	-16	1	-4	-6	det1=true
[3299]	49	74	-22	1	-4	6	det1=true
[3300]	59	74	-14	-2	-7	-4	det1=true
[3301]	59	74	-10	-9	-1	-8	det1=true
[3302]	59	74	-18	-9	-1	8	det1=true
[3303]	74	74	-8	-1	-7	-6	det1=true
[3304]	74	74	-14	-1	-7	6	det1=true
[3305]	49	75	-19	-5	-1	-7	det1=true
[3306]	49	75	-26	-5	-1	7	det1=true
[3307]	68	75	-36	-11	-5	6	det1=true
[3308]	72	75	-3	-2	-2	-9	det1=true
[3309]	72	75	-12	-2	-2	9	det1=true
[3310]	73	75	-37	-17	-1	8	det1=true
[3311]	24	76	1	0	-2	-5	det1=true
[3312]	24	76	-4	0	-2	5	det1=true
[3313]	36	76	-14	3	-6	-2	det1=true
[3314]	36	76	-16	3	-6	2	det1=true
[3315]	40	76	-14	-12	-5	-4	det1=true
[3316]	40	76	-18	-12	-5	4	det1=true
[3317]	60	76	-14	-12	-1	-8	det1=true
[3318]	60	76	-22	-12	-1	8	det1=true
[3319]	60	76	-20	-5	-2	8	det1=true
[3320]	64	76	-12	-6	-8	-3	det1=true
[3321]	64	76	-15	-6	-8	3	det1=true
[3322]	25	73	-1	2	-5	-2	det1=true
[3323]	25	73	-3	2	-5	2	det1=true
[3324]	46	73	-4	1	-7	-2	det1=true
[3325]	46	73	-6	1	-7	2	det1=true
[3326]	47	73	-16	-1	-7	-1	det1=true
[3327]	47	73	-17	-1	-7	1	det1=true
[3328]	47	73	-13	-7	-7	-1	det1=true
[3329]	47	73	-14	-7	-7	1	det1=true
[3330]	58	73	-17	-2	-6	-5	det1=true
[3331]	58	73	-22	-2	-6	5	det1=true
[3332]	59	73	-13	2	-7	-4	det1=true
[3333]	59	73	-17	2	-7	4	det1=true
[3334]	61	73	-9	-3	-2	-8	det1=true
[3335]	61	73	-17	-3	-2	8	det1=true
[3336]	62	73	-22	-6	-5	-6	det1=true
[3337]	62	73	-28	-6	-5	6	det1=true
[3338]	64	73	-16	-1	-2	-8	det1=true
[3339]	64	73	-24	-1	-2	8	det1=true
[3340]	69	73	-11	-11	-5	-7	det1=true
[3341]	69	73	-18	-11	-5	7	det1=true
[3342]	70	73	-30	3	-8	2	det1=true
[3343]	70	73	-25	0	-2	-8	det1=true
[3344]	70	73	-33	0	-2	8	det1=true
[3345]	15	74	-4	-2	-1	-4	det1=true
[3346]	15	74	-8	-2	-1	4	det1=true
[3347]	56	74	-12	-7	-5	-6	det1=true
[3348]	56	74	-18	-7	-5	6	det1=true
[3349]	58	74	-16	-8	-6	-5	det1=true
[3350]	58	74	-21	-8	-6	5	det1=true
[3351]	59	74	-18	-2	-7	4	det1=true
[3352]	62	74	-12	-7	-2	-8	det1=true
[3353]	62	74	-20	-7	-2	8	det1=true
[3354]	63	74	-20	-2	-1	-8	det1=true
[3355]	63	74	-28	-2	-1	8	det1=true
[3356]	63	74	-11	-12	-2	-8	det1=true
[3357]	64	74	-14	-11	-2	-8	det1=true
[3358]	64	74	-22	-11	-2	8	det1=true
[3359]	68	74	-31	-12	-4	7	det1=true
[3360]	71	74	-30	-1	-8	-2	det1=true
[3361]	71	74	-32	-1	-8	2	det1=true
[3362]	71	74	-16	-15	-3	-8	det1=true
[3363]	71	74	-24	-15	-3	8	det1=true
[3364]	72	74	-31	-2	-8	-2	det1=true
[3365]	72	74	-33	-2	-8	2	det1=true
[3366]	25	75	-9	-10	-1	-5	det1=true
[3367]	28	75	-12	-8	-5	-2	det1=true
[3368]	28	75	-14	-8	-5	2	det1=true
[3369]	29	75	-3	-2	-5	-3	det1=true
[3370]	29	75	-6	-2	-5	3	det1=true
[3371]	47	75	-12	-4	-4	-6	det1=true
[3372]	47	75	-18	-4	-4	6	det1=true
[3373]	50	75	-15	-8	-2	-7	det1=true
[3374]	53	75	-23	-5	-7	-2	det1=true
[3375]	53	75	-25	-5	-7	2	det1=true
[3376]	56	75	-4	-7	-1	-8	det1=true
[3377]	56	75	-12	-7	-1	8	det1=true
[3378]	68	75	-30	-11	-5	-6	det1=true
[3379]	69	75	-18	-7	-7	-5	det1=true
[3380]	69	75	-23	-7	-7	5	det1=true
[3381]	27	76	-10	-8	-5	-2	det1=true
[3382]	27	76	-12	-8	-5	2	det1=true
[3383]	36	76	-9	-8	-2	-6	det1=true
[3384]	36	76	-15	-8	-2	6	det1=true
[3385]	46	76	-11	-4	-4	-6	det1=true
[3386]	46	76	-17	-4	-4	6	det1=true
[3387]	56	76	-15	-8	-6	-5	det1=true
[3388]	56	76	-20	-8	-6	5	det1=true
[3389]	57	76	-4	1	-2	-8	det1=true
[3390]	57	76	-12	1	-2	8	det1=true
[3391]	61	76	-20	0	-4	-7	det1=true
[3392]	61	76	-27	0	-4	7	det1=true
[3393]	63	76	-21	-2	-8	-2	det1=true
[3394]	63	76	-23	-2	-8	2	det1=true
[3395]	67	76	-24	-9	-3	8	det1=true
[3396]	69	76	-23	-16	-8	-2	det1=true
[3397]	69	76	-25	-16	-8	2	det1=true
[3398]	70	76	-26	-23	-5	-6	det1=true
[3399]	70	76	-32	-23	-5	6	det1=true
[3400]	72	76	-12	-4	-7	6	det1=true
[3401]	42	73	-10	-7	-3	-6	det1=true
[3402]	42	73	-16	-7	-3	6	det1=true
[3403]	45	73	-9	-4	-7	-1	det1=true
[3404]	45	73	-10	-4	-7	1	det1=true
[3405]	47	73	-10	-10	-1	-7	det1=true
[3406]	47	73	-17	-10	-1	7	det1=true
[3407]	50	73	-21	-2	-6	4	det1=true
[3408]	53	73	-11	-5	-7	-3	det1=true
[3409]	53	73	-14	-5	-7	3	det1=true
[3410]	58	73	-9	-4	-8	-1	det1=true
[3411]	58	73	-10	-4	-8	1	det1=true
[3412]	59	73	-19	-1	-6	-5	det1=true
[3413]	59	73	-24	-1	-6	5	det1=true
[3414]	59	73	-11	-1	-1	-8	det1=true
[3415]	59	73	-19	-1	-1	8	det1=true
[3416]	60	73	-18	-8	-5	-6	det1=true
[3417]	60	73	-24	-8	-5	6	det1=true
[3418]	67	73	-12	0	-5	-7	det1=true
[3419]	67	73	-19	0	-5	7	det1=true
[3420]	67	73	-15	-6	-7	5	det1=true
[3421]	69	73	-16	-1	-5	-7	det1=true
[3422]	69	73	-23	-1	-5	7	det1=true
[3423]	70	73	-28	3	-8	-2	det1=true
[3424]	73	73	-27	-9	-2	-8	det1=true
[3425]	73	73	-35	-9	-2	8	det1=true
[3426]	25	74	-2	-2	-2	-5	det1=true
[3427]	25	74	-7	-2	-2	5	det1=true
[3428]	48	74	-14	3	-7	-2	det1=true
[3429]	48	74	-16	3	-7	2	det1=true
[3430]	50	74	-17	-4	-4	-6	det1=true
[3431]	50	74	-23	-4	-4	6	det1=true
[3432]	50	74	-18	0	-7	-2	det1=true
[3433]	50	74	-20	0	-7	2	det1=true
[3434]	52	74	-19	-8	-4	-6	det1=true
[3435]	52	74	-25	-8	-4	6	det1=true
[3436]	53	74	-6	-1	-5	-6	det1=true
[3437]	53	74	-12	-1	-5	6	det1=true
[3438]	56	74	-4	0	-1	-8	det1=true
[3439]	56	74	-12	0	-1	8	det1=true
[3440]	65	74	-26	-10	-6	-5	det1=true
[3441]	69	74	-28	-1	-1	-8	det1=true
[3442]	74	74	-30	-15	-1	-8	det1=true
[3443]	74	74	-38	-15	-1	8	det1=true
[3444]	23	75	-7	-1	-1	-5	det1=true
[3445]	23	75	-12	-1	-1	5	det1=true
[3446]	23	75	-6	-4	-1	-5	det1=true
[3447]	23	75	-11	-4	-1	5	det1=true
[3448]	36	75	-7	-4	-4	-5	det1=true
[3449]	36	75	-12	-4	-4	5	det1=true
[3450]	46	75	-8	-3	-7	-2	det1=true
[3451]	47	75	-13	-3	-6	-4	det1=true
[3452]	47	75	-17	-3	-6	4	det1=true
[3453]	48	75	-13	0	-2	-7	det1=true
[3454]	48	75	-20	0	-2	7	det1=true
[3455]	57	75	-27	-16	-7	-1	det1=true
[3456]	57	75	-28	-16	-7	1	det1=true
[3457]	58	75	-5	0	-2	-8	det1=true
[3458]	58	75	-13	0	-2	8	det1=true
[3459]	60	75	-20	4	-8	-1	det1=true
[3460]	60	75	-21	4	-8	1	det1=true
[3461]	67	75	-17	3	-7	-5	det1=true
[3462]	67	75	-22	3	-7	5	det1=true
[3463]	69	75	-37	-2	-1	8	det1=true
[3464]	69	75	-26	-13	-4	-7	det1=true
[3465]	69	75	-33	-13	-4	7	det1=true
[3466]	69	75	-24	-8	-5	7	det1=true
[3467]	36	76	-11	-6	-6	-2	det1=true
[3468]	36	76	-13	-6	-6	2	det1=true
[3469]	46	76	-12	-3	-6	-4	det1=true
[3470]	46	76	-16	-3	-6	4	det1=true
[3471]	48	76	-19	-8	-2	7	det1=true
[3472]	52	76	-6	-4	-5	-6	det1=true
[3473]	52	76	-12	-4	-5	6	det1=true
[3474]	55	76	-16	0	-6	-5	det1=true
[3475]	55	76	-21	0	-6	5	det1=true
[3476]	57	76	-12	-4	-7	-4	det1=true
[3477]	57	76	-16	-4	-7	4	det1=true
[3478]	60	76	-24	1	-5	-6	det1=true
[3479]	60	76	-30	1	-5	6	det1=true
[3480]	60	76	-12	-5	-2	-8	det1=true
[3481]	64	76	-24	-15	-5	-6	det1=true
[3482]	64	76	-19	-10	-8	-2	det1=true
[3483]	66	76	-22	-9	-3	8	det1=true
[3484]	67	76	-24	-14	-4	-7	det1=true
[3485]	67	76	-31	-14	-4	7	det1=true
[3486]	67	76	-16	-9	-3	-8	det1=true
[3487]	73	76	-28	-15	-2	-8	det1=true
[3488]	73	76	-36	-15	-2	8	det1=true
[3489]	74	76	-11	-6	-2	-9	det1=true
[3490]	74	76	-20	-6	-2	9	det1=true
[3491]	15	73	-3	-1	-1	-4	det1=true
[3492]	15	73	-7	-1	-1	4	det1=true
[3493]	45	73	-6	-7	-1	-7	det1=true
[3494]	45	73	-13	-7	-1	7	det1=true
[3495]	47	73	-21	-7	-6	-3	det1=true
[3496]	50	73	-17	-2	-6	-4	det1=true
[3497]	51	73	-23	-3	-2	7	det1=true
[3498]	57	73	-5	0	-1	-8	det1=true
[3499]	57	73	-13	0	-1	8	det1=true
[3500]	66	73	-28	-22	-7	-2	det1=true
[3501]	66	73	-30	-22	-7	2	det1=true
[3502]	67	73	-13	-3	-3	-8	det1=true
[3503]	67	73	-21	-3	-3	8	det1=true
[3504]	67	73	-10	-6	-7	-5	det1=true
[3505]	68	73	-30	-23	-6	-4	det1=true
[3506]	68	73	-34	-23	-6	4	det1=true
[3507]	69	73	-12	-10	-7	-5	det1=true
[3508]	69	73	-17	-10	-7	5	det1=true
[3509]	70	73	-36	-2	-1	8	det1=true
[3510]	70	73	-30	-6	-8	-1	det1=true
[3511]	34	74	-8	-8	-1	-6	det1=true
[3512]	34	74	-14	-8	-1	6	det1=true
[3513]	47	74	-20	-18	-5	-4	det1=true
[3514]	47	74	-24	-18	-5	4	det1=true
[3515]	47	74	-10	-2	-7	-2	det1=true
[3516]	49	74	-20	-15	-3	-6	det1=true
[3517]	50	74	-18	-3	-6	-4	det1=true
[3518]	50	74	-22	-3	-6	4	det1=true
[3519]	54	74	-16	-16	-2	-7	det1=true
[3520]	54	74	-23	-16	-2	7	det1=true
[3521]	59	74	-12	-5	-1	-8	det1=true
[3522]	59	74	-20	-5	-1	8	det1=true
[3523]	59	74	-12	-6	-7	-4	det1=true
[3524]	63	74	-19	-12	-2	8	det1=true
[3525]	65	74	-31	-10	-6	5	det1=true
[3526]	68	74	-24	-12	-4	-7	det1=true
[3527]	70	74	-17	-12	-8	-3	det1=true
[3528]	70	74	-20	-12	-8	3	det1=true
[3529]	71	74	-27	-4	-2	-8	det1=true
[3530]	73	74	-2	-4	-2	-9	det1=true
[3531]	73	74	-11	-4	-2	9	det1=true
[3532]	47	75	-16	-2	-1	-7	det1=true
[3533]	47	75	-23	-2	-1	7	det1=true
[3534]	58	75	-28	-10	-7	-2	det1=true
[3535]	58	75	-30	-10	-7	2	det1=true
[3536]	69	75	-17	-8	-5	-7	det1=true
[3537]	71	75	-29	-12	-1	-8	det1=true
[3538]	71	75	-37	-12	-1	8	det1=true
[3539]	73	75	-29	-17	-1	-8	det1=true
[3540]	60	76	-16	-9	-7	-4	det1=true
[3541]	61	76	-22	-11	-5	-6	det1=true
[3542]	63	76	-14	-13	-2	-8	det1=true
[3543]	64	76	-30	-15	-5	6	det1=true
[3544]	64	76	-21	-10	-8	2	det1=true
[3545]	67	76	-27	-12	-8	-1	det1=true
[3546]	67	76	-28	-12	-8	1	det1=true
[3547]	67	76	-21	2	-8	-3	det1=true
[3548]	67	76	-24	2	-8	3	det1=true
[3549]	68	76	-23	-14	-8	-2	det1=true
[3550]	72	76	-6	-4	-7	-6	det1=true
[3551]	76	76	-37	-4	-8	-2	det1=true
[3552]	76	76	-39	-4	-8	2	det1=true
[3553]	32	73	-3	2	-6	-1	det1=true
[3554]	32	73	-4	2	-6	1	det1=true
[3555]	47	73	-20	-9	-6	-3	det1=true
[3556]	47	73	-23	-9	-6	3	det1=true
[3557]	50	73	-16	-3	-4	-6	det1=true
[3558]	53	73	-9	-7	-3	-7	det1=true
[3559]	53	73	-16	-7	-3	7	det1=true
[3560]	55	73	-9	-4	-5	-6	det1=true
[3561]	55	73	-15	-4	-5	6	det1=true
[3562]	61	73	-26	-4	-7	-3	det1=true
[3563]	61	73	-29	-4	-7	3	det1=true
[3564]	65	73	-22	-20	-7	-3	det1=true
[3565]	71	73	-15	-14	-3	-8	det1=true
[3566]	73	73	-35	-27	-7	-1	det1=true
[3567]	73	73	-36	-27	-7	1	det1=true
[3568]	73	73	-17	-16	-3	-8	det1=true
[3569]	73	73	-25	-16	-3	8	det1=true
[3570]	73	73	-6	-8	-1	-9	det1=true
[3571]	47	74	-12	-2	-7	2	det1=true
[3572]	48	74	-12	-4	-7	-2	det1=true
[3573]	48	74	-14	-4	-7	2	det1=true
[3574]	57	74	-24	-13	-4	-6	det1=true
[3575]	57	74	-30	-13	-4	6	det1=true
[3576]	57	74	-17	0	-6	-5	det1=true
[3577]	57	74	-22	0	-6	5	det1=true
[3578]	59	74	-6	-3	-8	-2	det1=true
[3579]	59	74	-8	-3	-8	2	det1=true
[3580]	63	74	-18	-10	-7	-4	det1=true
[3581]	63	74	-22	-10	-7	4	det1=true
[3582]	64	74	-17	-8	-8	-2	det1=true
[3583]	64	74	-19	-8	-8	2	det1=true
[3584]	68	74	-20	-18	-4	-7	det1=true
[3585]	72	74	-28	-14	-4	-7	det1=true
[3586]	72	74	-35	-14	-4	7	det1=true
[3587]	41	75	-17	-9	-4	-5	det1=true
[3588]	41	75	-22	-9	-4	5	det1=true
[3589]	45	75	-5	0	-7	-2	det1=true
[3590]	45	75	-7	0	-7	2	det1=true
[3591]	46	75	-10	-3	-7	2	det1=true
[3592]	47	75	-19	1	-7	-1	det1=true
[3593]	47	75	-20	1	-7	1	det1=true
[3594]	47	75	-13	2	-7	-2	det1=true
[3595]	47	75	-15	2	-7	2	det1=true
[3596]	50	75	-22	-8	-2	7	det1=true
[3597]	56	75	-6	-4	-1	-8	det1=true
[3598]	56	75	-14	-4	-1	8	det1=true
[3599]	67	75	-22	-8	-2	-8	det1=true
[3600]	67	75	-30	-8	-2	8	det1=true
[3601]	68	75	-30	-25	-7	-2	det1=true
[3602]	24	76	-10	-9	-3	-4	det1=true
[3603]	44	76	-6	-1	-6	-4	det1=true
[3604]	44	76	-10	-1	-6	4	det1=true
[3605]	51	76	-16	-12	-2	-7	det1=true
[3606]	51	76	-23	-12	-2	7	det1=true
[3607]	60	76	-23	-6	-6	-5	det1=true
[3608]	60	76	-28	-6	-6	5	det1=true
[3609]	60	76	-20	-9	-7	4	det1=true
[3610]	61	76	-28	-11	-5	6	det1=true
[3611]	61	76	-18	-8	-1	-8	det1=true
[3612]	61	76	-26	-8	-1	8	det1=true
[3613]	62	76	-26	-4	-5	-6	det1=true
[3614]	62	76	-32	-4	-5	6	det1=true
[3615]	64	76	-16	-13	-2	-8	det1=true
[3616]	64	76	-24	-13	-2	8	det1=true
[3617]	74	76	-12	-4	-6	-7	det1=true
[3618]	74	76	-19	-4	-6	7	det1=true
[3619]	76	76	-41	-22	-4	-6	det1=true
[3620]	50	73	-22	-3	-4	6	det1=true
[3621]	51	73	-16	-3	-2	-7	det1=true
[3622]	55	73	-25	0	-7	-2	det1=true
[3623]	55	73	-27	0	-7	2	det1=true
[3624]	65	73	-25	-20	-7	3	det1=true
[3625]	70	73	-31	-6	-8	1	det1=true
[3626]	55	74	-13	2	-6	-5	det1=true
[3627]	55	74	-10	-6	-5	-6	det1=true
[3628]	55	74	-16	-6	-5	6	det1=true
[3629]	63	74	-14	-9	-8	-2	det1=true
[3630]	63	74	-16	-9	-8	2	det1=true
[3631]	42	75	-17	-12	-4	-5	det1=true
[3632]	51	75	-12	2	-7	-3	det1=true
[3633]	55	75	-7	-1	-7	4	det1=true
[3634]	60	75	-18	-1	-7	-4	det1=true
[3635]	60	75	-22	-1	-7	4	det1=true
[3636]	60	75	-10	-5	-2	-8	det1=true
[3637]	60	75	-18	-5	-2	8	det1=true
[3638]	62	75	-18	-17	-5	-6	det1=true
[3639]	64	75	-12	-2	-8	-3	det1=true
[3640]	64	75	-15	-2	-8	3	det1=true
[3641]	72	75	-4	0	-6	-7	det1=true
[3642]	72	75	-11	0	-6	7	det1=true
[3643]	43	76	1	2	-4	-6	det1=true
[3644]	43	76	-5	2	-4	6	det1=true
[3645]	58	76	-12	-8	-7	-4	det1=true
[3646]	66	76	-14	-9	-3	-8	det1=true
[3647]	49	73	-14	-11	-1	-7	det1=true
[3648]	49	73	-21	-11	-1	7	det1=true
[3649]	73	73	-15	-8	-1	9	det1=true
[3650]	22	74	-5	-2	-4	-3	det1=true
[3651]	22	74	-8	-2	-4	3	det1=true
[3652]	25	75	-11	-8	-5	-1	det1=true
[3653]	34	75	-12	-1	-1	-6	det1=true
[3654]	34	75	-18	-1	-1	6	det1=true
[3655]	51	75	-15	2	-7	3	det1=true
[3656]	58	76	-16	-8	-7	4	det1=true
[3657]	64	76	-35	-22	-4	6	det1=true
[3658]	68	76	-20	-17	-2	-8	det1=true
[3659]	35	73	-13	-12	-5	-3	det1=true
[3660]	35	73	-16	-12	-5	3	det1=true
[3661]	40	74	-9	-2	-6	-3	det1=true
[3662]	44	75	-3	2	-4	-6	det1=true
[3663]	44	75	-9	2	-4	6	det1=true
[3664]	46	74	-25	-16	-4	5	det1=true
[3665]	68	76	-29	4	-8	-2	det1=true
[3666]	68	76	-31	4	-8	2	det1=true
[3667]	75	75	-27	-7	-7	-5	det1=true
[3668]	75	75	-32	-7	-7	5	det1=true
[3669]	57	76	-18	-7	-1	8	det1=true
[3670]	57	76	-7	4	-8	-2	det1=true
[3671]	57	76	-9	4	-8	2	det1=true
[3672]	76	76	-13	-10	-6	-7	det1=true
[3673]	76	76	-20	-10	-6	7	det1=true
[3674]	51	74	-20	1	-7	-2	det1=true
[3675]	51	74	-22	1	-7	2	det1=true
[3676]	59	74	-26	-12	-2	-7	det1=true
[3677]	61	74	-14	-10	-1	-8	det1=true
[3678]	61	74	-22	-10	-1	8	det1=true
[3679]	61	76	-18	-9	-7	-4	det1=true
[3680]	61	76	-22	-9	-7	4	det1=true
[3681]	57	76	-10	-7	-1	-8	det1=true
[3682]	76	76	-34	-7	-2	-8	det1=true
[3683]	70	73	-15	-12	-8	-3	det1=true
[3684]	70	73	-18	-12	-8	3	det1=true
[3685]	51	75	-10	0	-3	-7	det1=true
[3686]	51	75	-17	0	-3	7	det1=true
[3687]	65	75	-12	-1	-7	-5	det1=true
[3688]	56	73	-10	-7	-5	-6	det1=true
[3689]	56	73	-16	-7	-5	6	det1=true
[3690]	70	73	-24	-21	-5	-6	det1=true
[3691]	70	73	-30	-21	-5	6	det1=true
[3692]	69	74	-26	-14	-8	-1	det1=true
[3693]	69	74	-27	-14	-8	1	det1=true
[3694]	73	74	-19	-16	-8	-3	det1=true
[3695]	73	74	-22	-16	-8	3	det1=true
[3696]	73	75	-16	-3	-9	-1	det1=true
[3697]	73	75	-17	-3	-9	1	det1=true
[3698]	73	76	-8	-6	-6	-7	det1=true
[3699]	73	76	-15	-6	-6	7	det1=true
[3700]	29	74	-12	-10	-5	-2	det1=true
[3701]	29	74	-14	-10	-5	2	det1=true
[3702]	57	76	-24	-16	-7	-2	det1=true
[3703]	53	74	-14	-16	-2	-7	det1=true
[3704]	53	74	-21	-16	-2	7	det1=true
[3705]	66	74	-24	-4	-1	-8	det1=true
[3706]	66	74	-32	-4	-1	8	det1=true
[3707]	49	75	-19	-9	-7	-1	det1=true
[3708]	49	75	-20	-9	-7	1	det1=true
[3709]	54	76	-20	-14	-2	-7	det1=true
[3710]	68	76	-26	1	-2	-8	det1=true
[3711]	57	73	-7	-1	-8	-1	det1=true
[3712]	57	73	-8	-1	-8	1	det1=true
[3713]	75	75	-63	-11	-2	5	det1=true
[3714]	64	73	-8	4	-8	-3	det1=true
[3715]	29	75	-12	-11	-2	-5	det1=true
[3716]	26	77	-12	-1	-5	-2	det1=true
[3717]	50	77	-16	-13	-4	-6	det1=true
[3718]	50	77	-22	-13	-4	6	det1=true
[3719]	53	77	-23	-15	-1	-7	det1=true
[3720]	53	77	-30	-15	-1	7	det1=true
[3721]	73	77	-28	-9	-8	-3	det1=true
[3722]	73	77	-31	-9	-8	3	det1=true
[3723]	58	78	-15	4	-8	-2	det1=true
[3724]	32	79	-3	2	-6	-2	det1=true
[3725]	32	79	-5	2	-6	2	det1=true
[3726]	43	79	-19	-17	-4	-5	det1=true
[3727]	43	79	-24	-17	-4	5	det1=true
[3728]	54	79	-26	-11	-7	-2	det1=true
[3729]	54	79	-28	-11	-7	2	det1=true
[3730]	71	79	-20	-2	-9	-1	det1=true
[3731]	76	79	-15	-16	-2	-9	det1=true
[3732]	76	79	-24	-16	-2	9	det1=true
[3733]	78	79	-36	-26	-5	-6	det1=true
[3734]	21	80	-9	2	-4	-3	det1=true
[3735]	21	80	-12	2	-4	3	det1=true
[3736]	22	80	-8	-8	-3	-4	det1=true
[3737]	22	80	-12	-8	-3	4	det1=true
[3738]	74	80	-32	-24	-8	-1	det1=true
[3739]	74	80	-33	-24	-8	1	det1=true
[3740]	31	77	-13	-2	-3	-5	det1=true
[3741]	31	77	-18	-2	-3	5	det1=true
[3742]	31	77	-13	-4	-5	-3	det1=true
[3743]	31	77	-16	-4	-5	3	det1=true
[3744]	31	77	-12	-5	-3	-5	det1=true
[3745]	53	77	-24	-15	-7	-1	det1=true
[3746]	53	77	-21	-18	-1	-7	det1=true
[3747]	57	77	-15	-1	-7	-4	det1=true
[3748]	57	77	-19	-1	-7	4	det1=true
[3749]	59	77	-21	3	-8	-1	det1=true
[3750]	59	77	-22	3	-8	1	det1=true
[3751]	62	77	-11	-2	-8	-3	det1=true
[3752]	62	77	-14	-2	-8	3	det1=true
[3753]	70	77	-11	-10	-4	-8	det1=true
[3754]	70	77	-19	-10	-4	8	det1=true
[3755]	75	77	-37	-13	-8	-1	det1=true
[3756]	75	77	-38	-13	-8	1	det1=true
[3757]	58	78	-12	1	-2	-8	det1=true
[3758]	62	78	-24	2	-4	-7	det1=true
[3759]	62	78	-31	2	-4	7	det1=true
[3760]	31	79	-19	-5	-3	5	det1=true
[3761]	45	79	-17	-7	-7	-1	det1=true
[3762]	45	79	-18	-7	-7	1	det1=true
[3763]	49	79	-11	-3	-3	-7	det1=true
[3764]	49	79	-18	-3	-3	7	det1=true
[3765]	51	79	-19	-13	-2	-7	det1=true
[3766]	51	79	-26	-13	-2	7	det1=true
[3767]	54	79	-17	0	-4	7	det1=true
[3768]	61	79	-21	-11	-7	-4	det1=true
[3769]	61	79	-25	-11	-7	4	det1=true
[3770]	66	79	-25	-18	-8	-1	det1=true
[3771]	71	79	-13	-12	-1	-9	det1=true
[3772]	71	79	-22	-12	-1	9	det1=true
[3773]	74	79	-15	-10	-6	-7	det1=true
[3774]	74	79	-22	-10	-6	7	det1=true
[3775]	77	79	-17	-5	-5	-8	det1=true
[3776]	77	79	-25	-5	-5	8	det1=true
[3777]	79	79	-21	-3	-5	-8	det1=true
[3778]	79	79	-29	-3	-5	8	det1=true
[3779]	46	80	-22	-1	-6	4	det1=true
[3780]	49	80	-17	-14	-4	-6	det1=true
[3781]	49	80	-23	-14	-4	6	det1=true
[3782]	56	80	-16	0	-1	-8	det1=true
[3783]	57	80	-25	-12	-6	5	det1=true
[3784]	70	80	-28	-26	-6	-5	det1=true
[3785]	79	80	-34	-31	-5	-6	det1=true
[3786]	79	80	-40	-31	-5	6	det1=true
[3787]	11	77	-4	1	-2	-3	det1=true
[3788]	11	77	-7	1	-2	3	det1=true
[3789]	14	77	-2	0	-4	-1	det1=true
[3790]	23	77	-11	0	-5	-1	det1=true
[3791]	23	77	-12	0	-5	1	det1=true
[3792]	41	77	0	-2	-1	-7	det1=true
[3793]	49	77	-6	-5	-3	-7	det1=true
[3794]	49	77	-13	-5	-3	7	det1=true
[3795]	53	77	-25	-15	-7	1	det1=true
[3796]	53	77	-28	-18	-1	7	det1=true
[3797]	54	77	-3	-4	-4	-7	det1=true
[3798]	54	77	-10	-4	-4	7	det1=true
[3799]	59	77	-25	-8	-3	-7	det1=true
[3800]	59	77	-32	-8	-3	7	det1=true
[3801]	59	77	-27	-23	-7	1	det1=true
[3802]	65	77	-27	-20	-7	-3	det1=true
[3803]	65	77	-30	-20	-7	3	det1=true
[3804]	65	77	-25	-22	-3	-7	det1=true
[3805]	65	77	-32	-22	-3	7	det1=true
[3806]	65	77	-24	-11	-4	-7	det1=true
[3807]	65	77	-31	-11	-4	7	det1=true
[3808]	67	77	-34	-18	-7	3	det1=true
[3809]	35	78	-8	-5	-5	-4	det1=true
[3810]	35	78	-12	-5	-5	4	det1=true
[3811]	43	78	-18	-17	-5	-4	det1=true
[3812]	43	78	-22	-17	-5	4	det1=true
[3813]	43	78	-6	2	-7	2	det1=true
[3814]	56	78	-21	-20	-2	-7	det1=true
[3815]	56	78	-28	-20	-2	7	det1=true
[3816]	57	78	-16	-3	-7	-4	det1=true
[3817]	57	78	-20	-3	-7	4	det1=true
[3818]	61	78	-28	-23	-7	2	det1=true
[3819]	65	78	-5	4	-8	-4	det1=true
[3820]	73	78	-6	-2	-8	-5	det1=true
[3821]	73	78	-11	-2	-8	5	det1=true
[3822]	74	78	-8	-4	-5	-8	det1=true
[3823]	74	78	-16	-4	-5	8	det1=true
[3824]	21	79	-2	-2	-1	-5	det1=true
[3825]	21	79	-7	-2	-1	5	det1=true
[3826]	25	79	-12	-7	-2	5	det1=true
[3827]	31	79	-11	-10	-3	-5	det1=true
[3828]	31	79	-16	-10	-3	5	det1=true
[3829]	50	79	-20	-10	-7	-2	det1=true
[3830]	50	79	-22	-10	-7	2	det1=true
[3831]	50	79	-8	2	-5	-6	det1=true
[3832]	52	79	-2	0	-7	-4	det1=true
[3833]	52	79	-6	0	-7	4	det1=true
[3834]	52	79	0	-3	-1	-8	det1=true
[3835]	52	79	-8	-3	-1	8	det1=true
[3836]	54	79	-10	0	-4	-7	det1=true
[3837]	58	79	-18	-10	-8	1	det1=true
[3838]	61	79	-8	-4	-5	-7	det1=true
[3839]	61	79	-15	-4	-5	7	det1=true
[3840]	66	79	-20	-6	-3	-8	det1=true
[3841]	67	79	-33	-18	-7	-3	det1=true
[3842]	69	79	-27	-19	-4	-7	det1=true
[3843]	73	79	-24	-17	-7	-5	det1=true
[3844]	73	79	-29	-17	-7	5	det1=true
[3845]	73	79	-30	-18	-5	7	det1=true
[3846]	73	79	-15	-15	-1	-9	det1=true
[3847]	77	79	-19	-13	-2	-9	det1=true
[3848]	77	79	-28	-13	-2	9	det1=true
[3849]	79	79	-7	-4	-9	-4	det1=true
[3850]	79	79	-11	-4	-9	4	det1=true
[3851]	32	80	-13	-6	-6	1	det1=true
[3852]	34	80	-14	1	-5	4	det1=true
[3853]	36	80	-14	-9	-6	-2	det1=true
[3854]	36	80	-16	-9	-6	2	det1=true
[3855]	41	80	-18	-15	-5	-4	det1=true
[3856]	41	80	-22	-15	-5	4	det1=true
[3857]	57	80	-20	-12	-6	-5	det1=true
[3858]	57	80	-23	-8	-4	7	det1=true
[3859]	59	80	-18	-12	-7	-4	det1=true
[3860]	59	80	-22	-12	-7	4	det1=true
[3861]	59	80	-16	-15	-1	-8	det1=true
[3862]	67	80	-4	4	-9	-2	det1=true
[3863]	67	80	-6	4	-9	2	det1=true
[3864]	71	80	-4	-3	-5	-8	det1=true
[3865]	71	80	-12	-3	-5	8	det1=true
[3866]	77	80	-12	-2	-4	9	det1=true
[3867]	33	77	-13	-3	-6	-1	det1=true
[3868]	33	77	-14	-3	-6	1	det1=true
[3869]	34	77	-14	-2	-1	-6	det1=true
[3870]	34	77	-20	-2	-1	6	det1=true
[3871]	36	77	-12	1	-5	-4	det1=true
[3872]	36	77	-16	1	-5	4	det1=true
[3873]	36	77	-11	-2	-4	-5	det1=true
[3874]	36	77	-16	-2	-4	5	det1=true
[3875]	52	77	-10	0	-5	-6	det1=true
[3876]	55	77	-25	-10	-3	7	det1=true
[3877]	59	77	-23	-5	-6	-5	det1=true
[3878]	59	77	-28	-5	-6	5	det1=true
[3879]	63	77	-23	-6	-1	-8	det1=true
[3880]	63	77	-31	-6	-1	8	det1=true
[3881]	63	77	-25	-7	-8	-1	det1=true
[3882]	63	77	-26	-7	-8	1	det1=true
[3883]	68	77	-21	-18	-8	-2	det1=true
[3884]	68	77	-23	-18	-8	2	det1=true
[3885]	69	77	-27	-16	-1	-8	det1=true
[3886]	69	77	-35	-16	-1	8	det1=true
[3887]	69	77	-6	-7	-1	-9	det1=true
[3888]	69	77	-15	-7	-1	9	det1=true
[3889]	70	77	-22	-12	-8	-3	det1=true
[3890]	70	77	-25	-12	-8	3	det1=true
[3891]	70	77	-6	2	-9	-2	det1=true
[3892]	73	77	-11	-6	-7	-6	det1=true
[3893]	73	77	-17	-6	-7	6	det1=true
[3894]	76	77	-18	-8	-9	-2	det1=true
[3895]	43	78	-7	0	-6	-4	det1=true
[3896]	43	78	-11	0	-6	4	det1=true
[3897]	43	78	-4	2	-7	-2	det1=true
[3898]	45	78	-10	0	-2	-7	det1=true
[3899]	45	78	-17	0	-2	7	det1=true
[3900]	52	78	-12	1	-5	-6	det1=true
[3901]	52	78	-18	1	-5	6	det1=true
[3902]	56	78	-7	-2	-8	-2	det1=true
[3903]	56	78	-9	-2	-8	2	det1=true
[3904]	56	78	-4	-5	-2	-8	det1=true
[3905]	56	78	-12	-5	-2	8	det1=true
[3906]	58	78	-24	-20	-2	-7	det1=true
[3907]	58	78	-31	-20	-2	7	det1=true
[3908]	58	78	-19	-4	-8	-1	det1=true
[3909]	58	78	-20	-4	-8	1	det1=true
[3910]	61	78	-26	-23	-7	-2	det1=true
[3911]	61	78	-24	2	-7	-4	det1=true
[3912]	61	78	-28	2	-7	4	det1=true
[3913]	71	78	-26	-6	-3	-8	det1=true
[3914]	71	78	-34	-6	-3	8	det1=true
[3915]	72	78	-32	-15	-1	-8	det1=true
[3916]	72	78	-40	-15	-1	8	det1=true
[3917]	72	78	-14	-3	-9	-2	det1=true
[3918]	72	78	-16	-3	-9	2	det1=true
[3919]	40	79	-12	-9	-3	-6	det1=true
[3920]	53	79	-16	-1	-6	-5	det1=true
[3921]	63	79	-18	-14	-2	-8	det1=true
[3922]	63	79	-26	-14	-2	8	det1=true
[3923]	67	79	-19	-12	-3	-8	det1=true
[3924]	67	79	-27	-12	-3	8	det1=true
[3925]	68	79	-26	-24	-5	-6	det1=true
[3926]	68	79	-32	-24	-5	6	det1=true
[3927]	69	79	-34	-19	-4	7	det1=true
[3928]	70	79	-22	-15	-3	-8	det1=true
[3929]	70	79	-30	-15	-3	8	det1=true
[3930]	73	79	-23	-18	-5	-7	det1=true
[3931]	75	79	-22	-12	-9	-1	det1=true
[3932]	75	79	-23	-12	-9	1	det1=true
[3933]	38	80	-14	-12	-5	-4	det1=true
[3934]	38	80	-18	-12	-5	4	det1=true
[3935]	45	80	-13	0	-2	-7	det1=true
[3936]	45	80	-20	0	-2	7	det1=true
[3937]	48	80	0	1	-5	-6	det1=true
[3938]	48	80	-6	1	-5	6	det1=true
[3939]	52	80	-14	-4	-5	-6	det1=true
[3940]	52	80	-20	-4	-5	6	det1=true
[3941]	53	80	-12	2	-8	-1	det1=true
[3942]	53	80	-9	0	-4	-7	det1=true
[3943]	53	80	-16	0	-4	7	det1=true
[3944]	57	80	-16	-8	-4	-7	det1=true
[3945]	59	80	-18	-12	-1	-8	det1=true
[3946]	59	80	-26	-12	-1	8	det1=true
[3947]	62	80	-20	-2	-8	3	det1=true
[3948]	63	80	-20	-13	-2	-8	det1=true
[3949]	63	80	-28	-13	-2	8	det1=true
[3950]	66	80	-28	-30	-2	-7	det1=true
[3951]	66	80	-35	-30	-2	7	det1=true
[3952]	72	80	-32	-13	-2	-8	det1=true
[3953]	72	80	-40	-13	-2	8	det1=true
[3954]	72	80	-8	-4	-8	-5	det1=true
[3955]	72	80	-13	-4	-8	5	det1=true
[3956]	77	80	-4	2	-4	-9	det1=true
[3957]	77	80	-13	2	-4	9	det1=true
[3958]	77	80	-3	-2	-4	-9	det1=true
[3959]	80	80	-32	-3	-5	8	det1=true
[3960]	15	77	-2	-2	-3	-3	det1=true
[3961]	31	77	-14	-1	-5	-3	det1=true
[3962]	31	77	-17	-1	-5	3	det1=true
[3963]	41	77	-3	1	-7	-1	det1=true
[3964]	41	77	-4	1	-7	1	det1=true
[3965]	41	77	-7	-2	-1	7	det1=true
[3966]	45	77	-19	-11	-3	-6	det1=true
[3967]	47	77	-15	-12	-7	-1	det1=true
[3968]	47	77	-16	-12	-7	1	det1=true
[3969]	49	77	-19	-3	-4	-6	det1=true
[3970]	49	77	-25	-3	-4	6	det1=true
[3971]	50	77	-17	-12	-6	-4	det1=true
[3972]	53	77	-26	-12	-7	-1	det1=true
[3973]	53	77	-27	-12	-7	1	det1=true
[3974]	53	77	-11	-5	-5	-6	det1=true
[3975]	53	77	-17	-5	-5	6	det1=true
[3976]	53	77	1	3	-7	-4	det1=true
[3977]	53	77	-3	3	-7	4	det1=true
[3978]	55	77	-18	-10	-3	-7	det1=true
[3979]	57	77	-22	-24	-1	-7	det1=true
[3980]	57	77	-29	-24	-1	7	det1=true
[3981]	65	77	-22	-21	-6	-5	det1=true
[3982]	65	77	-27	-21	-6	5	det1=true
[3983]	67	77	-22	-1	-8	-3	det1=true
[3984]	67	77	-25	-1	-8	3	det1=true
[3985]	68	77	-29	-8	-4	-7	det1=true
[3986]	68	77	-36	-8	-4	7	det1=true
[3987]	70	77	-8	2	-9	2	det1=true
[3988]	70	77	-2	-2	-6	-7	det1=true
[3989]	71	77	-19	-10	-1	9	det1=true
[3990]	74	77	-30	-21	-1	-8	det1=true
[3991]	74	77	-38	-21	-1	8	det1=true
[3992]	77	77	-16	3	-8	-5	det1=true
[3993]	77	77	-21	3	-8	5	det1=true
[3994]	14	78	-4	0	-4	-1	det1=true
[3995]	14	78	-5	0	-4	1	det1=true
[3996]	51	78	-22	-11	-7	2	det1=true
[3997]	55	78	-10	-6	-8	-1	det1=true
[3998]	55	78	-11	-6	-8	1	det1=true
[3999]	61	78	-20	-3	-8	-2	det1=true
[4000]	61	78	-22	-3	-8	2	det1=true
[4001]	62	78	-27	4	-8	-1	det1=true
[4002]	62	78	-28	4	-8	1	det1=true
[4003]	62	78	-20	-13	-7	-4	det1=true
[4004]	62	78	-24	-13	-7	4	det1=true
[4005]	64	78	-19	-14	-8	-2	det1=true
[4006]	65	78	-22	-15	-8	2	det1=true
[4007]	67	78	-9	-4	-4	-8	det1=true
[4008]	72	78	-31	-14	-8	-2	det1=true
[4009]	72	78	-28	-17	-2	-8	det1=true
[4010]	72	78	-3	4	-8	-5	det1=true
[4011]	72	78	-8	4	-8	5	det1=true
[4012]	75	78	-19	0	-6	-7	det1=true
[4013]	75	78	-26	0	-6	7	det1=true
[4014]	31	79	-12	-9	-5	-3	det1=true
[4015]	31	79	-15	-9	-5	3	det1=true
[4016]	46	79	-14	0	-2	-7	det1=true
[4017]	46	79	-21	0	-2	7	det1=true
[4018]	49	79	-24	-8	-7	-1	det1=true
[4019]	49	79	-25	-8	-7	1	det1=true
[4020]	54	79	-22	-16	-2	-7	det1=true
[4021]	54	79	-29	-16	-2	7	det1=true
[4022]	54	79	-13	2	-8	-1	det1=true
[4023]	55	79	-25	-15	-7	-2	det1=true
[4024]	55	79	-27	-15	-7	2	det1=true
[4025]	57	79	-15	-7	-4	-7	det1=true
[4026]	57	79	-22	-7	-4	7	det1=true
[4027]	58	79	-17	-10	-8	-1	det1=true
[4028]	61	79	-11	-2	-3	-8	det1=true
[4029]	61	79	-19	-2	-3	8	det1=true
[4030]	65	79	-22	3	-8	-3	det1=true
[4031]	65	79	-25	3	-8	3	det1=true
[4032]	68	79	-2	0	-7	-6	det1=true
[4033]	68	79	-8	0	-7	6	det1=true
[4034]	34	80	-10	1	-5	-4	det1=true
[4035]	36	80	-12	-8	-5	-4	det1=true
[4036]	46	80	-18	-1	-6	-4	det1=true
[4037]	52	80	-15	-2	-6	-5	det1=true
[4038]	54	80	-12	2	-4	-7	det1=true
[4039]	54	80	-19	2	-4	7	det1=true
[4040]	59	80	-28	-20	-7	-2	det1=true
[4041]	59	80	-30	-20	-7	2	det1=true
[4042]	59	80	-24	-15	-1	8	det1=true
[4043]	64	80	-28	-16	-6	-5	det1=true
[4044]	64	80	-33	-16	-6	5	det1=true
[4045]	64	80	-17	-10	-8	-3	det1=true
[4046]	64	80	-20	-10	-8	3	det1=true
[4047]	65	80	-20	-5	-3	-8	det1=true
[4048]	65	80	-28	-5	-3	8	det1=true
[4049]	70	80	-33	-26	-6	5	det1=true
[4050]	70	80	-19	-2	-6	7	det1=true
[4051]	73	80	-16	-8	-5	8	det1=true
[4052]	74	80	-30	-12	-3	-8	det1=true
[4053]	74	80	-38	-12	-3	8	det1=true
[4054]	78	80	-23	2	-8	-5	det1=true
[4055]	78	80	-28	2	-8	5	det1=true
[4056]	80	80	-28	-2	-2	-9	det1=true
[4057]	80	80	-37	-2	-2	9	det1=true
[4058]	55	77	-20	-5	-3	-7	det1=true
[4059]	55	77	-27	-5	-3	7	det1=true
[4060]	55	77	-12	-11	-6	-5	det1=true
[4061]	55	77	-17	-11	-6	5	det1=true
[4062]	57	77	-7	1	-2	-8	det1=true
[4063]	57	77	-15	1	-2	8	det1=true
[4064]	59	77	-26	-23	-7	-1	det1=true
[4065]	59	77	-15	-9	-4	-7	det1=true
[4066]	59	77	-22	-9	-4	7	det1=true
[4067]	64	77	-12	-8	-3	-8	det1=true
[4068]	67	77	-33	-17	-6	5	det1=true
[4069]	68	77	-24	2	-8	-3	det1=true
[4070]	68	77	-27	2	-8	3	det1=true
[4071]	71	77	-10	-10	-1	-9	det1=true
[4072]	73	77	-21	1	-9	-1	det1=true
[4073]	73	77	-22	1	-9	1	det1=true
[4074]	44	78	-4	-6	-2	-7	det1=true
[4075]	44	78	-11	-6	-2	7	det1=true
[4076]	51	78	-20	-11	-7	-2	det1=true
[4077]	55	78	-11	2	-4	-7	det1=true
[4078]	55	78	-18	2	-4	7	det1=true
[4079]	56	78	-9	4	-8	-2	det1=true
[4080]	56	78	-11	4	-8	2	det1=true
[4081]	64	78	-28	0	-7	-4	det1=true
[4082]	64	78	-32	0	-7	4	det1=true
[4083]	64	78	-21	-14	-8	2	det1=true
[4084]	64	78	-16	-17	-2	-8	det1=true
[4085]	64	78	-24	-17	-2	8	det1=true
[4086]	67	78	-17	-4	-4	8	det1=true
[4087]	71	78	-27	-8	-8	-3	det1=true
[4088]	71	78	-30	-8	-8	3	det1=true
[4089]	72	78	-33	-14	-8	2	det1=true
[4090]	59	79	-23	-17	-7	-3	det1=true
[4091]	59	79	-26	-17	-7	3	det1=true
[4092]	61	79	-11	-5	-8	-3	det1=true
[4093]	61	79	-14	-3	-7	5	det1=true
[4094]	67	79	-30	-4	-8	-2	det1=true
[4095]	67	79	-32	-4	-8	2	det1=true
[4096]	73	79	-19	-11	-9	-1	det1=true
[4097]	73	79	-20	-11	-9	1	det1=true
[4098]	74	79	-14	-12	-2	-9	det1=true
[4099]	74	79	-23	-12	-2	9	det1=true
[4100]	76	79	-23	-14	-6	7	det1=true
[4101]	77	79	-14	-11	-8	-5	det1=true
[4102]	77	79	-19	-11	-8	5	det1=true
[4103]	79	79	-29	-23	-8	-3	det1=true
[4104]	79	79	-32	-23	-8	3	det1=true
[4105]	34	80	-8	-4	-4	-5	det1=true
[4106]	54	80	-15	4	-8	-1	det1=true
[4107]	54	80	-16	4	-8	1	det1=true
[4108]	59	80	-15	-10	-8	-2	det1=true
[4109]	59	80	-17	-10	-8	2	det1=true
[4110]	61	80	-12	-5	-3	-8	det1=true
[4111]	61	80	-20	-5	-3	8	det1=true
[4112]	70	80	-11	-4	-2	-9	det1=true
[4113]	70	80	-20	-4	-2	9	det1=true
[4114]	73	80	-8	-8	-5	-8	det1=true
[4115]	75	80	-33	-20	-8	-2	det1=true
[4116]	75	80	-35	-20	-8	2	det1=true
[4117]	80	80	-36	-30	-6	-5	det1=true
[4118]	80	80	-41	-30	-6	5	det1=true
[4119]	80	80	-24	-3	-5	-8	det1=true
[4120]	58	77	-26	-17	-4	-6	det1=true
[4121]	58	77	-32	-17	-4	6	det1=true
[4122]	58	77	-22	-1	-5	-6	det1=true
[4123]	58	77	-28	-1	-5	6	det1=true
[4124]	67	77	-28	-17	-6	-5	det1=true
[4125]	56	78	-6	1	-2	-8	det1=true
[4126]	56	78	-14	1	-2	8	det1=true
[4127]	72	78	-36	-17	-2	8	det1=true
[4128]	21	79	-4	0	-5	-1	det1=true
[4129]	21	79	-5	0	-5	1	det1=true
[4130]	32	79	-1	0	-2	-6	det1=true
[4131]	32	79	-7	0	-2	6	det1=true
[4132]	46	79	-15	-6	-6	-4	det1=true
[4133]	46	79	-19	-6	-6	4	det1=true
[4134]	61	79	-9	-3	-7	-5	det1=true
[4135]	76	79	-16	-14	-6	-7	det1=true
[4136]	79	79	-21	-15	-2	-9	det1=true
[4137]	79	79	-30	-15	-2	9	det1=true
[4138]	32	80	-12	-6	-6	-1	det1=true
[4139]	76	80	-30	-17	-3	-8	det1=true
[4140]	66	77	-30	-25	-4	-6	det1=true
[4141]	66	77	-36	-25	-4	6	det1=true
[4142]	78	78	-40	-12	-7	-4	det1=true
[4143]	78	78	-44	-12	-7	4	det1=true
[4144]	49	79	-3	0	-5	-6	det1=true
[4145]	49	79	-9	0	-5	6	det1=true
[4146]	57	80	-19	-6	-8	-1	det1=true
[4147]	57	80	-20	-6	-8	1	det1=true
[4148]	74	80	-32	-5	-3	-8	det1=true
[4149]	77	80	-29	-30	-4	-7	det1=true
[4150]	55	77	-15	-7	-6	-5	det1=true
[4151]	55	77	-20	-7	-6	5	det1=true
[4152]	65	78	-17	-18	-2	-8	det1=true
[4153]	65	78	-25	-18	-2	8	det1=true
[4154]	46	79	-17	0	-6	-4	det1=true
[4155]	46	79	-21	0	-6	4	det1=true
[4156]	67	79	-21	-14	-7	5	det1=true
[4157]	67	79	-15	-15	-5	-7	det1=true
[4158]	56	80	-23	2	-6	-5	det1=true
[4159]	56	80	-28	2	-6	5	det1=true
[4160]	57	77	-10	4	-8	-2	det1=true
[4161]	57	77	-12	4	-8	2	det1=true
[4162]	54	78	-8	2	-4	-7	det1=true
[4163]	54	78	-15	2	-4	7	det1=true
[4164]	70	78	-33	-2	-8	-2	det1=true
[4165]	59	79	-3	-4	-3	-8	det1=true
[4166]	59	79	-11	-4	-3	8	det1=true
[4167]	69	77	-23	0	-3	-8	det1=true
[4168]	69	77	-31	0	-3	8	det1=true
[4169]	77	77	-25	-21	-3	-8	det1=true
[4170]	58	79	-16	-1	-8	-2	det1=true
[4171]	65	79	-16	-8	-5	-7	det1=true
[4172]	65	79	-23	-8	-5	7	det1=true
[4173]	72	79	-13	-6	-6	-7	det1=true
[4174]	72	79	-20	-6	-6	7	det1=true
[4175]	32	80	-12	-3	-1	-6	det1=true
[4176]	66	77	-31	-24	-6	-4	det1=true
[4177]	66	77	-35	-24	-6	4	det1=true
[4178]	77	77	-21	-6	-9	-2	det1=true
[4179]	51	80	3	2	-4	-7	det1=true
[4180]	56	80	-13	0	-8	-2	det1=true
[4181]	56	80	-15	0	-8	2	det1=true
[4182]	77	77	-33	-21	-3	8	det1=true
[4183]	77	77	-23	-6	-9	2	det1=true
[4184]	57	79	-18	-5	-8	-1	det1=true
[4185]	57	79	-19	-5	-8	1	det1=true
[4186]	40	77	-16	-11	-5	-4	det1=true
[4187]	40	77	-20	-11	-5	4	det1=true
[4188]	73	77	-18	-7	-9	-1	det1=true
[4189]	54	78	-26	-9	-7	-2	det1=true
[4190]	54	78	-28	-9	-7	2	det1=true
[4191]	79	79	-26	-3	-6	-7	det1=true
[4192]	79	79	-33	-3	-6	7	det1=true
[4193]	50	77	-1	0	-6	-5	det1=true
[4194]	64	78	-25	-8	-4	-7	det1=true
[4195]	64	78	-32	-8	-4	7	det1=true
[4196]	69	78	-32	-1	-8	-2	det1=true
[4197]	79	79	-32	-4	-8	-4	det1=true
[4198]	79	79	-28	-12	-4	-8	det1=true
[4199]	40	80	-19	-14	-6	-2	det1=true
[4200]	40	80	-21	-14	-6	2	det1=true
[4201]	68	80	-33	0	-8	-2	det1=true
[4202]	39	81	-4	3	-7	-1	det1=true
[4203]	39	81	-5	3	-7	1	det1=true
[4204]	54	81	-5	-4	-2	-8	det1=true
[4205]	60	81	-24	-19	-1	8	det1=true
[4206]	81	81	-28	-2	-9	-3	det1=true
[4207]	81	81	-31	-2	-9	3	det1=true
[4208]	69	82	-17	-12	-4	-8	det1=true
[4209]	69	82	-25	-12	-4	8	det1=true
[4210]	81	82	-37	-30	-8	-1	det1=true
[4211]	81	82	-38	-30	-8	1	det1=true
[4212]	73	83	-26	-10	-9	-1	det1=true
[4213]	73	83	-27	-10	-9	1	det1=true
[4214]	78	83	-10	0	-10	-1	det1=true
[4215]	78	83	-11	0	-10	1	det1=true
[4216]	79	83	-34	-20	-5	-7	det1=true
[4217]	79	83	-41	-20	-5	7	det1=true
[4218]	83	83	-27	-16	-5	-8	det1=true
[4219]	83	83	-35	-16	-5	8	det1=true
[4220]	43	81	-11	0	-7	-2	det1=true
[4221]	43	81	-13	0	-7	2	det1=true
[4222]	71	81	-16	-3	-6	-7	det1=true
[4223]	71	81	-23	-3	-6	7	det1=true
[4224]	71	81	-10	1	-8	-5	det1=true
[4225]	71	81	-15	1	-8	5	det1=true
[4226]	74	81	-22	0	-6	-7	det1=true
[4227]	74	81	-29	0	-6	7	det1=true
[4228]	42	82	-9	-4	-4	-6	det1=true
[4229]	42	82	-15	-4	-4	6	det1=true
[4230]	50	82	-4	4	-8	-1	det1=true
[4231]	50	82	-5	4	-8	1	det1=true
[4232]	60	82	-26	-4	-7	-4	det1=true
[4233]	60	82	-30	-4	-7	4	det1=true
[4234]	60	82	-23	-18	-6	-5	det1=true
[4235]	60	82	-28	-18	-6	5	det1=true
[4236]	69	82	-6	4	-8	-5	det1=true
[4237]	69	82	-11	4	-8	5	det1=true
[4238]	69	82	-5	0	-8	-5	det1=true
[4239]	69	82	-10	0	-8	5	det1=true
[4240]	71	82	-17	-4	-2	-9	det1=true
[4241]	71	82	-26	-4	-2	9	det1=true
[4242]	75	82	-30	-20	-8	-3	det1=true
[4243]	75	82	-33	-20	-8	3	det1=true
[4244]	79	82	-32	-23	-3	-8	det1=true
[4245]	79	82	-40	-23	-3	8	det1=true
[4246]	80	82	-24	-20	-9	-2	det1=true
[4247]	82	82	-20	-4	-4	-9	det1=true
[4248]	82	82	-29	-4	-4	9	det1=true
[4249]	48	83	-21	-10	-4	-6	det1=true
[4250]	48	83	-27	-10	-4	6	det1=true
[4251]	69	83	-29	-6	-3	-8	det1=true
[4252]	69	83	-37	-6	-3	8	det1=true
[4253]	70	83	-30	-7	-3	-8	det1=true
[4254]	70	83	-38	-7	-3	8	det1=true
[4255]	70	83	-22	-22	-3	-8	det1=true
[4256]	70	83	-30	-22	-3	8	det1=true
[4257]	82	83	-22	-2	-4	-9	det1=true
[4258]	82	83	-31	-2	-4	9	det1=true
[4259]	50	84	-8	-1	-7	-4	det1=true
[4260]	50	84	-12	-1	-7	4	det1=true
[4261]	52	84	-9	4	-8	-2	det1=true
[4262]	52	84	-4	-5	-2	-8	det1=true
[4263]	52	84	-12	-5	-2	8	det1=true
[4264]	55	84	-2	0	-3	-8	det1=true
[4265]	55	84	-10	0	-3	8	det1=true
[4266]	21	81	-7	-1	-5	-1	det1=true
[4267]	47	81	-16	-9	-2	-7	det1=true
[4268]	51	81	-18	-7	-7	-3	det1=true
[4269]	51	81	-21	-7	-7	3	det1=true
[4270]	51	81	-3	-1	-4	-7	det1=true
[4271]	51	81	-10	-1	-4	7	det1=true
[4272]	53	81	-11	-5	-8	-1	det1=true
[4273]	53	81	-12	-5	-8	1	det1=true
[4274]	53	81	-1	1	-2	-8	det1=true
[4275]	53	81	-9	1	-2	8	det1=true
[4276]	56	81	-16	-8	-7	-4	det1=true
[4277]	56	81	-20	-8	-7	4	det1=true
[4278]	58	81	-22	-3	-7	-4	det1=true
[4279]	63	81	-27	-22	-7	-3	det1=true
[4280]	63	81	-30	-22	-7	3	det1=true
[4281]	63	81	-19	-7	-6	-6	det1=true
[4282]	63	81	-25	-7	-6	6	det1=true
[4283]	67	81	-27	-19	-7	-4	det1=true
[4284]	67	81	-31	-19	-7	4	det1=true
[4285]	72	81	-12	-14	-2	-9	det1=true
[4286]	72	81	-21	-14	-2	9	det1=true
[4287]	72	81	-12	-2	-8	-5	det1=true
[4288]	72	81	-17	-2	-8	5	det1=true
[4289]	77	81	-23	3	-8	-5	det1=true
[4290]	77	81	-28	3	-8	5	det1=true
[4291]	77	81	-17	-12	-5	-8	det1=true
[4292]	77	81	-25	-12	-5	8	det1=true
[4293]	80	81	-6	-4	-1	-10	det1=true
[4294]	80	81	-16	-4	-1	10	det1=true
[4295]	34	82	-13	-6	-6	-2	det1=true
[4296]	34	82	-15	-6	-6	2	det1=true
[4297]	40	82	-1	2	-4	-6	det1=true
[4298]	40	82	-7	2	-4	6	det1=true
[4299]	61	82	-31	-16	-6	5	det1=true
[4300]	67	82	-27	-20	-4	-7	det1=true
[4301]	67	82	-34	-20	-4	7	det1=true
[4302]	67	82	-6	-6	-2	-9	det1=true
[4303]	67	82	-15	-6	-2	9	det1=true
[4304]	68	82	-12	2	-6	-7	det1=true
[4305]	68	82	-19	2	-6	7	det1=true
[4306]	73	82	-20	-10	-9	-2	det1=true
[4307]	73	82	-22	-10	-9	2	det1=true
[4308]	74	82	-34	-27	-5	-6	det1=true
[4309]	74	82	-40	-27	-5	6	det1=true
[4310]	79	82	-30	-9	-9	-2	det1=true
[4311]	79	82	-32	-9	-9	2	det1=true
[4312]	35	83	-12	-12	-2	-6	det1=true
[4313]	35	83	-18	-12	-2	6	det1=true
[4314]	36	83	-8	-5	-3	-6	det1=true
[4315]	37	83	-14	-13	-4	-5	det1=true
[4316]	37	83	-19	-13	-4	5	det1=true
[4317]	41	83	-7	0	-7	-2	det1=true
[4318]	41	83	-9	0	-7	2	det1=true
[4319]	56	83	-23	0	-8	-1	det1=true
[4320]	67	83	-29	-3	-8	-3	det1=true
[4321]	67	83	-32	-3	-8	3	det1=true
[4322]	73	83	-15	-4	-3	-9	det1=true
[4323]	73	83	-24	-4	-3	9	det1=true
[4324]	75	83	-29	-32	-1	-8	det1=true
[4325]	77	83	-25	-13	-7	-6	det1=true
[4326]	77	83	-31	-13	-7	6	det1=true
[4327]	13	84	-4	0	-4	-1	det1=true
[4328]	13	84	-5	0	-4	1	det1=true
[4329]	28	84	-5	0	-6	1	det1=true
[4330]	36	84	-15	-10	-4	-5	det1=true
[4331]	36	84	-20	-10	-4	5	det1=true
[4332]	54	84	-24	-4	-4	7	det1=true
[4333]	60	84	-20	-13	-2	-8	det1=true
[4334]	60	84	-28	-13	-2	8	det1=true
[4335]	62	84	-20	-23	-1	-8	det1=true
[4336]	62	84	-28	-23	-1	8	det1=true
[4337]	80	84	-36	-8	-5	8	det1=true
[4338]	36	81	-15	-8	-2	-6	det1=true
[4339]	36	81	-21	-8	-2	6	det1=true
[4340]	39	81	-1	0	-1	-7	det1=true
[4341]	43	81	-18	2	-7	-1	det1=true
[4342]	46	81	-16	-7	-7	-2	det1=true
[4343]	46	81	-18	-7	-7	2	det1=true
[4344]	55	81	-23	-20	-7	-2	det1=true
[4345]	57	81	-27	-19	-7	-2	det1=true
[4346]	65	81	-17	-12	-7	-5	det1=true
[4347]	67	81	-22	-10	-7	-5	det1=true
[4348]	67	81	-27	-10	-7	5	det1=true
[4349]	70	81	-16	-6	-9	2	det1=true
[4350]	70	81	-4	-2	-5	-8	det1=true
[4351]	70	81	-12	-2	-5	8	det1=true
[4352]	71	81	-22	-19	-7	-5	det1=true
[4353]	71	81	-27	-19	-7	5	det1=true
[4354]	71	81	-15	-5	-2	-9	det1=true
[4355]	71	81	-24	-5	-2	9	det1=true
[4356]	75	81	-32	-12	-7	-5	det1=true
[4357]	75	81	-37	-12	-7	5	det1=true
[4358]	76	81	-25	-4	-8	5	det1=true
[4359]	81	81	-34	-5	-3	9	det1=true
[4360]	40	82	-2	3	-6	-4	det1=true
[4361]	40	82	-6	3	-6	4	det1=true
[4362]	41	82	-5	-4	-6	-4	det1=true
[4363]	44	82	-14	-4	-7	-2	det1=true
[4364]	44	82	-16	-4	-7	2	det1=true
[4365]	45	82	-20	2	-7	2	det1=true
[4366]	49	82	-16	-2	-5	6	det1=true
[4367]	57	82	-30	-19	-7	2	det1=true
[4368]	58	82	-8	-4	-3	-8	det1=true
[4369]	58	82	-16	-4	-3	8	det1=true
[4370]	61	82	-26	-16	-6	-5	det1=true
[4371]	64	82	-18	-12	-3	-8	det1=true
[4372]	64	82	-26	-12	-3	8	det1=true
[4373]	73	82	-34	-8	-8	-3	det1=true
[4374]	73	82	-37	-8	-8	3	det1=true
[4375]	79	82	-41	-28	-2	8	det1=true
[4376]	79	82	-8	-5	-8	-6	det1=true
[4377]	79	82	-14	-5	-8	6	det1=true
[4378]	79	82	-7	-6	-6	-8	det1=true
[4379]	79	82	-15	-6	-6	8	det1=true
[4380]	80	82	-28	-12	-2	-9	det1=true
[4381]	80	82	-37	-12	-2	9	det1=true
[4382]	82	82	-15	-14	-4	-9	det1=true
[4383]	82	82	-24	-14	-4	9	det1=true
[4384]	29	83	-16	-8	-3	5	det1=true
[4385]	32	83	-6	-7	-2	-6	det1=true
[4386]	32	83	-12	-7	-2	6	det1=true
[4387]	50	83	-4	-2	-1	-8	det1=true
[4388]	50	83	-12	-2	-1	8	det1=true
[4389]	53	83	-23	-6	-3	-7	det1=true
[4390]	53	83	-30	-6	-3	7	det1=true
[4391]	53	83	-13	-5	-1	-8	det1=true
[4392]	53	83	-21	-5	-1	8	det1=true
[4393]	55	83	-23	-23	-4	-6	det1=true
[4394]	55	83	-29	-23	-4	6	det1=true
[4395]	57	83	-22	1	-4	-7	det1=true
[4396]	62	83	-22	-8	-8	3	det1=true
[4397]	63	83	-23	-20	-1	-8	det1=true
[4398]	63	83	-31	-20	-1	8	det1=true
[4399]	67	83	-18	-4	-9	-1	det1=true
[4400]	67	83	-19	-4	-9	1	det1=true
[4401]	67	83	-14	-8	-1	-9	det1=true
[4402]	67	83	-23	-8	-1	9	det1=true
[4403]	67	83	-11	-1	-6	-7	det1=true
[4404]	67	83	-18	-1	-6	7	det1=true
[4405]	69	83	-23	-17	-5	-7	det1=true
[4406]	69	83	-30	-17	-5	7	det1=true
[4407]	73	83	-18	-1	-9	-3	det1=true
[4408]	74	83	-22	-10	-7	-6	det1=true
[4409]	74	83	-28	-10	-7	6	det1=true
[4410]	75	83	-31	-29	-7	-4	det1=true
[4411]	75	83	-37	-32	-1	8	det1=true
[4412]	77	83	-23	-16	-7	-6	det1=true
[4413]	77	83	-29	-16	-7	6	det1=true
[4414]	49	84	-1	-2	-4	-7	det1=true
[4415]	54	84	-17	-4	-4	-7	det1=true
[4416]	55	84	-18	-7	-1	-8	det1=true
[4417]	55	84	-26	-7	-1	8	det1=true
[4418]	73	84	-26	-24	-3	-8	det1=true
[4419]	73	84	-34	-24	-3	8	det1=true
[4420]	79	84	-32	-35	-1	-8	det1=true
[4421]	79	84	-23	-16	-8	-5	det1=true
[4422]	79	84	-28	-16	-8	5	det1=true
[4423]	80	84	-28	-8	-5	-8	det1=true
[4424]	80	84	-23	-18	-8	-5	det1=true
[4425]	80	84	-28	-18	-8	5	det1=true
[4426]	80	84	-22	-3	-9	-4	det1=true
[4427]	80	84	-26	-3	-9	4	det1=true
[4428]	83	84	-13	-10	-2	-10	det1=true
[4429]	83	84	-23	-10	-2	10	det1=true
[4430]	41	81	-7	-8	-1	-7	det1=true
[4431]	41	81	-14	-8	-1	7	det1=true
[4432]	43	81	-9	-4	-7	-2	det1=true
[4433]	47	81	-23	-9	-2	7	det1=true
[4434]	52	81	-11	4	-8	-1	det1=true
[4435]	52	81	-12	4	-8	1	det1=true
[4436]	53	81	-5	1	-8	2	det1=true
[4437]	55	81	-25	-20	-7	2	det1=true
[4438]	61	81	-27	-1	-7	-4	det1=true
[4439]	61	81	-31	-1	-7	4	det1=true
[4440]	61	81	-25	-5	-4	-7	det1=true
[4441]	61	81	-32	-5	-4	7	det1=true
[4442]	61	81	-24	-22	-7	-3	det1=true
[4443]	61	81	-27	-22	-7	3	det1=true
[4444]	66	81	0	2	-7	-6	det1=true
[4445]	66	81	-6	2	-7	6	det1=true
[4446]	67	81	-21	-11	-5	-7	det1=true
[4447]	67	81	-28	-11	-5	7	det1=true
[4448]	73	81	-28	-27	-4	-7	det1=true
[4449]	73	81	-35	-27	-4	7	det1=true
[4450]	74	81	-21	-2	-2	-9	det1=true
[4451]	74	81	-30	-2	-2	9	det1=true
[4452]	76	81	-20	-4	-8	-5	det1=true
[4453]	78	81	-30	-5	-5	8	det1=true
[4454]	81	81	-40	-25	-8	-1	det1=true
[4455]	81	81	-41	-25	-8	1	det1=true
[4456]	31	82	-14	0	-6	-1	det1=true
[4457]	31	82	-15	0	-6	1	det1=true
[4458]	49	82	-10	-2	-5	-6	det1=true
[4459]	58	82	-21	2	-8	-2	det1=true
[4460]	58	82	-23	2	-8	2	det1=true
[4461]	58	82	-17	-14	-4	-7	det1=true
[4462]	58	82	-24	-14	-4	7	det1=true
[4463]	64	82	-20	-14	-8	3	det1=true
[4464]	67	82	-30	-18	-8	-1	det1=true
[4465]	67	82	-31	-18	-8	1	det1=true
[4466]	70	82	-32	-2	-8	-3	det1=true
[4467]	70	82	-35	-2	-8	3	det1=true
[4468]	73	82	-29	2	-6	7	det1=true
[4469]	79	82	-36	-25	-8	-2	det1=true
[4470]	79	82	-38	-25	-8	2	det1=true
[4471]	32	83	-8	-5	-6	-2	det1=true
[4472]	49	83	-11	-4	-5	-6	det1=true
[4473]	49	83	-17	-4	-5	6	det1=true
[4474]	56	83	-4	0	-3	-8	det1=true
[4475]	56	83	-12	0	-3	8	det1=true
[4476]	60	83	-24	-10	-4	-7	det1=true
[4477]	60	83	-31	-10	-4	7	det1=true
[4478]	68	83	-4	0	-8	-5	det1=true
[4479]	68	83	-9	0	-8	5	det1=true
[4480]	70	83	-13	-12	-2	-9	det1=true
[4481]	70	83	-22	-12	-2	9	det1=true
[4482]	71	83	-33	-7	-8	-3	det1=true
[4483]	71	83	-36	-7	-8	3	det1=true
[4484]	75	83	-35	-29	-7	4	det1=true
[4485]	77	83	-29	-8	-9	-2	det1=true
[4486]	83	83	-25	-19	-5	-8	det1=true
[4487]	83	83	-33	-19	-5	8	det1=true
[4488]	34	84	-11	-8	-4	-5	det1=true
[4489]	34	84	-16	-8	-4	5	det1=true
[4490]	49	84	-4	3	-7	-4	det1=true
[4491]	49	84	-8	3	-7	4	det1=true
[4492]	54	84	-20	-2	-8	-1	det1=true
[4493]	54	84	-21	-2	-8	1	det1=true
[4494]	68	84	-7	-2	-8	-5	det1=true
[4495]	68	84	-12	-2	-8	5	det1=true
[4496]	79	84	-40	-35	-1	8	det1=true
[4497]	80	84	-17	-6	-2	10	det1=true
[4498]	82	84	-21	-2	-8	-6	det1=true
[4499]	82	84	-27	-2	-8	6	det1=true
[4500]	41	81	-10	-5	-7	-1	det1=true
[4501]	41	81	-11	-5	-7	1	det1=true
[4502]	43	81	-11	-4	-7	2	det1=true
[4503]	48	81	-16	-13	-7	-2	det1=true
[4504]	48	81	-18	-13	-7	2	det1=true
[4505]	53	81	-8	-7	-4	-7	det1=true
[4506]	53	81	-15	-7	-4	7	det1=true
[4507]	58	81	-26	-3	-7	4	det1=true
[4508]	72	81	-18	-4	-7	-6	det1=true
[4509]	77	81	-34	-33	-3	-7	det1=true
[4510]	81	81	-30	-5	-2	-9	det1=true
[4511]	81	81	-39	-5	-2	9	det1=true
[4512]	30	82	-6	-7	-1	-6	det1=true
[4513]	30	82	-12	-7	-1	6	det1=true
[4514]	55	82	-10	-7	-8	-2	det1=true
[4515]	55	82	-12	-7	-8	2	det1=true
[4516]	68	82	-29	-4	-8	-3	det1=true
[4517]	68	82	-32	-4	-8	3	det1=true
[4518]	73	82	-22	2	-6	-7	det1=true
[4519]	75	82	-14	-13	-5	-8	det1=true
[4520]	75	82	-22	-13	-5	8	det1=true
[4521]	77	82	-31	-22	-8	-3	det1=true
[4522]	77	82	-34	-22	-8	3	det1=true
[4523]	81	82	-24	-14	-5	-8	det1=true
[4524]	32	83	-10	-5	-6	2	det1=true
[4525]	42	83	-7	-6	-2	-7	det1=true
[4526]	42	83	-14	-6	-2	7	det1=true
[4527]	54	83	-16	-1	-1	-8	det1=true
[4528]	54	83	-24	-1	-1	8	det1=true
[4529]	73	83	-21	-11	-9	-2	det1=true
[4530]	73	83	-23	-11	-9	2	det1=true
[4531]	74	83	-24	-9	-9	-2	det1=true
[4532]	74	83	-26	-9	-9	2	det1=true
[4533]	82	83	-28	-2	-9	4	det1=true
[4534]	51	84	-3	4	-8	-2	det1=true
[4535]	51	84	-5	4	-8	2	det1=true
[4536]	53	84	-13	-8	-4	-7	det1=true
[4537]	53	84	-20	-8	-4	7	det1=true
[4538]	64	84	-24	-8	-8	-3	det1=true
[4539]	64	84	-27	-8	-8	3	det1=true
[4540]	67	84	-24	-23	-2	-8	det1=true
[4541]	67	84	-32	-23	-2	8	det1=true
[4542]	72	84	-30	-28	-1	-8	det1=true
[4543]	72	84	-38	-28	-1	8	det1=true
[4544]	78	84	-28	-2	-8	-5	det1=true
[4545]	78	84	-33	-2	-8	5	det1=true
[4546]	39	81	-17	-15	-6	-2	det1=true
[4547]	39	81	-19	-15	-6	2	det1=true
[4548]	44	81	-9	-8	-2	-7	det1=true
[4549]	44	81	-16	-8	-2	7	det1=true
[4550]	47	81	-7	-6	-3	-7	det1=true
[4551]	47	81	-14	-6	-3	7	det1=true
[4552]	41	82	-9	-4	-6	4	det1=true
[4553]	59	82	-20	-13	-1	-8	det1=true
[4554]	59	82	-28	-13	-1	8	det1=true
[4555]	47	83	-18	-12	-4	-6	det1=true
[4556]	47	83	-24	-12	-4	6	det1=true
[4557]	65	83	-27	3	-8	-3	det1=true
[4558]	65	83	-30	3	-8	3	det1=true
[4559]	77	83	-18	-9	-4	9	det1=true
[4560]	82	83	-24	-2	-9	-4	det1=true
[4561]	83	83	-15	-13	-8	-6	det1=true
[4562]	83	83	-21	-13	-8	6	det1=true
[4563]	83	83	-14	-14	-6	-8	det1=true
[4564]	83	83	-22	-14	-6	8	det1=true
[4565]	58	84	-24	-4	-4	-7	det1=true
[4566]	61	84	-21	-2	-8	-3	det1=true
[4567]	82	84	-19	-8	-10	-1	det1=true
[4568]	52	81	-8	2	-4	-7	det1=true
[4569]	52	81	-15	2	-4	7	det1=true
[4570]	71	81	-13	-9	-6	-7	det1=true
[4571]	71	81	-20	-9	-6	7	det1=true
[4572]	62	82	-16	-10	-8	-3	det1=true
[4573]	62	82	-19	-10	-8	3	det1=true
[4574]	76	82	-24	-12	-9	-2	det1=true
[4575]	76	82	-26	-12	-9	2	det1=true
[4576]	47	83	-23	-11	-6	4	det1=true
[4577]	55	83	-28	-22	-6	4	det1=true
[4578]	65	83	-3	-1	-2	-9	det1=true
[4579]	65	83	-12	-1	-2	9	det1=true
[4580]	79	83	-29	-9	-2	-9	det1=true
[4581]	79	83	-38	-9	-2	9	det1=true
[4582]	52	84	-21	-20	-2	-7	det1=true
[4583]	52	84	-28	-20	-2	7	det1=true
[4584]	82	84	-20	-3	-6	-8	det1=true
[4585]	82	84	-28	-3	-6	8	det1=true
[4586]	75	81	-16	-1	-3	-9	det1=true
[4587]	75	81	-25	-1	-3	9	det1=true
[4588]	43	82	-12	-2	-7	-2	det1=true
[4589]	43	82	-14	-2	-7	2	det1=true
[4590]	55	83	-24	-22	-6	-4	det1=true
[4591]	83	83	-26	-28	-1	-9	det1=true
[4592]	83	83	-35	-28	-1	9	det1=true
[4593]	56	81	-14	-11	-1	-8	det1=true
[4594]	56	81	-22	-11	-1	8	det1=true
[4595]	58	81	-20	-6	-1	-8	det1=true
[4596]	58	81	-28	-6	-1	8	det1=true
[4597]	49	82	-20	-13	-4	-6	det1=true
[4598]	49	82	-26	-13	-4	6	det1=true
[4599]	56	82	-17	4	-8	-2	det1=true
[4600]	56	82	-19	4	-8	2	det1=true
[4601]	59	82	-14	0	-8	-3	det1=true
[4602]	64	82	-20	-8	-3	-8	det1=true
[4603]	75	83	-28	-22	-7	-5	det1=true
[4604]	75	83	-33	-22	-7	5	det1=true
[4605]	73	81	-31	-25	-8	-1	det1=true
[4606]	73	81	-32	-25	-8	1	det1=true
[4607]	64	82	-28	-8	-3	8	det1=true
[4608]	73	82	-33	-24	-8	-1	det1=true
[4609]	73	82	-34	-24	-8	1	det1=true
[4610]	74	82	-28	-20	-3	-8	det1=true
[4611]	74	82	-36	-20	-3	8	det1=true
[4612]	21	83	-9	-2	-5	-1	det1=true
[4613]	83	83	-39	-9	-9	-1	det1=true
[4614]	83	83	-40	-9	-9	1	det1=true
[4615]	30	84	-2	3	-6	-2	det1=true
[4616]	30	84	-4	3	-6	2	det1=true
[4617]	78	84	-4	5	-10	-2	det1=true
[4618]	63	81	-28	-27	-2	-7	det1=true
[4619]	81	81	-4	2	-10	-2	det1=true
[4620]	54	82	-11	0	-8	-2	det1=true
[4621]	54	82	-13	0	-8	2	det1=true
[4622]	56	82	-14	1	-2	-8	det1=true
[4623]	56	82	-22	1	-2	8	det1=true
[4624]	6	84	0	1	-2	-2	det1=true
[4625]	30	84	0	1	-2	-6	det1=true
[4626]	30	84	-6	1	-2	6	det1=true
[4627]	72	81	-13	-12	-6	-7	det1=true
[4628]	72	81	-20	-12	-6	7	det1=true
[4629]	43	81	-16	-5	-7	-1	det1=true
[4630]	43	81	-17	-5	-7	1	det1=true
[4631]	36	82	-12	-11	-5	-4	det1=true
[4632]	66	82	-24	-22	-4	-7	det1=true
[4633]	83	83	-30	-24	-9	-1	det1=true
[4634]	83	83	-31	-24	-9	1	det1=true
[4635]	83	83	-35	-13	-1	-9	det1=true
[4636]	83	83	-44	-13	-1	9	det1=true
[4637]	83	83	-37	-4	-1	-9	det1=true
[4638]	36	85	-17	-12	-6	-2	det1=true
[4639]	36	85	-15	-14	-2	-6	det1=true
[4640]	36	85	-21	-14	-2	6	det1=true
[4641]	39	86	-6	-1	-4	-6	det1=true
[4642]	39	86	-12	-1	-4	6	det1=true
[4643]	72	85	-24	-4	-7	-6	det1=true
[4644]	72	85	-30	-4	-7	6	det1=true
[4645]	85	85	-22	-8	-10	-2	det1=true
[4646]	85	85	-24	-8	-10	2	det1=true
[4647]	85	85	-18	-12	-2	-10	det1=true
[4648]	85	85	-28	-12	-2	10	det1=true
[4649]	53	86	-12	-7	-8	-2	det1=true
[4650]	53	86	-14	-7	-8	2	det1=true
[4651]	55	86	-22	2	-4	-7	det1=true
[4652]	55	86	-29	2	-4	7	det1=true
[4653]	66	86	-7	4	-8	-5	det1=true
[4654]	66	86	-12	4	-8	5	det1=true
[4655]	68	86	-12	0	-5	-8	det1=true
[4656]	68	86	-20	0	-5	8	det1=true
[4657]	82	86	-16	-16	-1	-10	det1=true
[4658]	57	87	-25	-21	-3	-7	det1=true
[4659]	57	87	-32	-21	-3	7	det1=true
[4660]	85	87	-31	-3	-10	-1	det1=true
[4661]	85	87	-32	-3	-10	1	det1=true
[4662]	87	87	-35	-19	-5	-8	det1=true
[4663]	87	87	-43	-19	-5	8	det1=true
[4664]	47	88	-4	2	-4	-7	det1=true
[4665]	47	88	-11	2	-4	7	det1=true
[4666]	54	88	-21	4	-8	-2	det1=true
[4667]	55	85	-3	3	-7	-5	det1=true
[4668]	55	85	-2	2	-5	-7	det1=true
[4669]	55	85	-9	2	-5	7	det1=true
[4670]	57	85	-23	3	-8	-2	det1=true
[4671]	57	85	-25	3	-8	2	det1=true
[4672]	60	85	-23	-12	-8	-2	det1=true
[4673]	60	85	-25	-12	-8	2	det1=true
[4674]	68	85	-30	-5	-3	-8	det1=true
[4675]	68	85	-38	-5	-3	8	det1=true
[4676]	70	85	-25	-16	-8	4	det1=true
[4677]	72	85	-26	-3	-9	-2	det1=true
[4678]	73	85	-25	1	-2	-9	det1=true
[4679]	73	85	-34	1	-2	9	det1=true
[4680]	73	85	-19	-7	-5	-8	det1=true
[4681]	78	85	-28	-2	-5	-8	det1=true
[4682]	78	85	-36	-2	-5	8	det1=true
[4683]	81	85	-29	-12	-5	-8	det1=true
[4684]	81	85	-37	-12	-5	8	det1=true
[4685]	81	85	-27	-22	-7	-6	det1=true
[4686]	85	85	-38	-16	-1	-9	det1=true
[4687]	85	85	-47	-16	-1	9	det1=true
[4688]	85	85	-26	-4	-6	-8	det1=true
[4689]	85	85	-34	-4	-6	8	det1=true
[4690]	39	86	-7	0	-6	-4	det1=true
[4691]	39	86	-11	0	-6	4	det1=true
[4692]	45	86	-18	-10	-7	-2	det1=true
[4693]	54	86	-17	-10	-4	-7	det1=true
[4694]	54	86	-24	-10	-4	7	det1=true
[4695]	57	87	-13	-4	-5	-7	det1=true
[4696]	57	87	-20	-4	-5	7	det1=true
[4697]	62	87	-27	4	-8	-3	det1=true
[4698]	62	87	-30	4	-8	3	det1=true
[4699]	65	87	2	1	-3	-9	det1=true
[4700]	65	87	-7	1	-3	9	det1=true
[4701]	70	87	-26	-2	-5	8	det1=true
[4702]	72	87	-22	1	-5	-8	det1=true
[4703]	72	87	-30	1	-5	8	det1=true
[4704]	79	87	-10	-10	-2	-10	det1=true
[4705]	79	87	-20	-10	-2	10	det1=true
[4706]	85	87	-36	-32	-5	-7	det1=true
[4707]	85	87	-43	-32	-5	7	det1=true
[4708]	47	88	-8	-1	-7	4	det1=true
[4709]	86	88	-38	-20	-7	-6	det1=true
[4710]	86	88	-44	-20	-7	6	det1=true
[4711]	87	88	-22	-19	-2	-10	det1=true
[4712]	87	88	-32	-19	-2	10	det1=true
[4713]	21	85	-10	-4	-5	-1	det1=true
[4714]	21	85	-11	-4	-5	1	det1=true
[4715]	39	85	-12	-1	-7	-1	det1=true
[4716]	39	85	-13	-1	-7	1	det1=true
[4717]	43	85	-15	-5	-7	-2	det1=true
[4718]	43	85	-17	-5	-7	2	det1=true
[4719]	50	85	-23	-16	-6	-4	det1=true
[4720]	51	85	-15	-11	-5	-6	det1=true
[4721]	55	85	-8	3	-7	5	det1=true
[4722]	57	85	-12	-5	-8	-3	det1=true
[4723]	70	85	-21	-16	-8	-4	det1=true
[4724]	71	85	-18	2	-9	-3	det1=true
[4725]	73	85	-27	-7	-5	8	det1=true
[4726]	79	85	-4	0	-9	-5	det1=true
[4727]	79	85	-9	0	-9	5	det1=true
[4728]	51	86	-14	2	-4	-7	det1=true
[4729]	51	86	-21	2	-4	7	det1=true
[4730]	53	86	-21	0	-8	-1	det1=true
[4731]	53	86	-22	0	-8	1	det1=true
[4732]	66	86	-25	-26	-4	-7	det1=true
[4733]	66	86	-32	-26	-4	7	det1=true
[4734]	72	86	-28	-29	-2	-8	det1=true
[4735]	72	86	-19	-8	-8	-5	det1=true
[4736]	72	86	-24	-8	-8	5	det1=true
[4737]	78	86	-37	-32	-8	1	det1=true
[4738]	79	86	-27	-20	-6	-7	det1=true
[4739]	79	86	-34	-20	-6	7	det1=true
[4740]	82	86	-23	-6	-8	-6	det1=true
[4741]	82	86	-29	-6	-8	6	det1=true
[4742]	55	87	-8	-2	-7	-5	det1=true
[4743]	61	87	-20	-8	-5	-7	det1=true
[4744]	61	87	-27	-8	-5	7	det1=true
[4745]	65	87	-33	-5	-8	3	det1=true
[4746]	70	87	-18	-2	-5	-8	det1=true
[4747]	73	87	-18	-7	-4	9	det1=true
[4748]	80	87	-12	-11	-2	-10	det1=true
[4749]	82	87	-22	-12	-10	-1	det1=true
[4750]	82	87	-23	-12	-10	1	det1=true
[4751]	86	87	-32	-22	-5	-8	det1=true
[4752]	86	87	-40	-22	-5	8	det1=true
[4753]	86	87	-6	-7	-4	-10	det1=true
[4754]	29	88	-2	-3	-2	-6	det1=true
[4755]	29	88	-8	-3	-2	6	det1=true
[4756]	32	88	-15	-4	-6	-2	det1=true
[4757]	32	88	-17	-4	-6	2	det1=true
[4758]	39	88	-4	-6	-2	-7	det1=true
[4759]	52	88	-12	-15	-1	-8	det1=true
[4760]	52	88	-20	-15	-1	8	det1=true
[4761]	58	88	-24	0	-8	3	det1=true
[4762]	62	88	-10	4	-9	-2	det1=true
[4763]	62	88	-12	4	-9	2	det1=true
[4764]	64	88	-12	-5	-7	-6	det1=true
[4765]	64	88	-18	-5	-7	6	det1=true
[4766]	66	88	-27	-20	-8	3	det1=true
[4767]	73	88	-32	4	-9	-2	det1=true
[4768]	73	88	-34	4	-9	2	det1=true
[4769]	76	88	-28	-16	-6	-7	det1=true
[4770]	77	88	-36	-4	-9	-2	det1=true
[4771]	77	88	-38	-4	-9	2	det1=true
[4772]	79	88	-21	-6	-8	-6	det1=true
[4773]	79	88	-27	-6	-8	6	det1=true
[4774]	84	88	-30	-23	-5	-8	det1=true
[4775]	84	88	-38	-23	-5	8	det1=true
[4776]	28	85	-7	2	-6	-1	det1=true
[4777]	28	85	-8	2	-6	1	det1=true
[4778]	37	85	-2	3	-7	-1	det1=true
[4779]	37	85	-3	3	-7	1	det1=true
[4780]	49	85	-17	-10	-7	-3	det1=true
[4781]	49	85	-20	-10	-7	3	det1=true
[4782]	50	85	-22	-17	-4	-6	det1=true
[4783]	50	85	-28	-17	-4	6	det1=true
[4784]	51	85	-21	-11	-5	6	det1=true
[4785]	69	85	-31	-3	-5	-7	det1=true
[4786]	69	85	-38	-3	-5	7	det1=true
[4787]	72	85	-14	-12	-5	-8	det1=true
[4788]	75	85	-16	-16	-3	-9	det1=true
[4789]	79	85	-24	-27	-1	-9	det1=true
[4790]	79	85	-33	-27	-1	9	det1=true
[4791]	81	85	-37	-22	-5	-7	det1=true
[4792]	81	85	-44	-22	-5	7	det1=true
[4793]	83	85	-29	2	-9	-4	det1=true
[4794]	83	85	-33	2	-9	4	det1=true
[4795]	35	86	-13	-12	-4	-5	det1=true
[4796]	35	86	-18	-12	-4	5	det1=true
[4797]	48	86	-4	0	-7	-4	det1=true
[4798]	50	86	-9	-6	-4	-7	det1=true
[4799]	50	86	-16	-6	-4	7	det1=true
[4800]	55	86	-22	-8	-8	-1	det1=true
[4801]	55	86	-23	-8	-8	1	det1=true
[4802]	65	86	2	2	-5	-8	det1=true
[4803]	65	86	-6	2	-5	8	det1=true
[4804]	66	86	-28	-24	-8	-1	det1=true
[4805]	71	86	-18	-6	-8	-5	det1=true
[4806]	71	86	-23	-6	-8	5	det1=true
[4807]	72	86	-36	-29	-2	8	det1=true
[4808]	78	86	-9	-4	-10	-2	det1=true
[4809]	78	86	-11	-4	-10	2	det1=true
[4810]	80	86	-23	-4	-4	-9	det1=true
[4811]	80	86	-32	-4	-4	9	det1=true
[4812]	82	86	-22	-7	-6	-8	det1=true
[4813]	84	86	-20	-11	-10	-2	det1=true
[4814]	86	86	-8	1	-10	-4	det1=true
[4815]	86	86	-12	1	-10	4	det1=true
[4816]	47	87	-19	-15	-2	-7	det1=true
[4817]	47	87	-26	-15	-2	7	det1=true
[4818]	52	87	-15	4	-8	-2	det1=true
[4819]	52	87	-17	4	-8	2	det1=true
[4820]	63	87	-26	-18	-8	-2	det1=true
[4821]	63	87	-28	-18	-8	2	det1=true
[4822]	63	87	-6	-5	-2	-9	det1=true
[4823]	63	87	-15	-5	-2	9	det1=true
[4824]	68	87	-30	-25	-7	-4	det1=true
[4825]	68	87	-34	-25	-7	4	det1=true
[4826]	71	87	-25	-15	-9	-1	det1=true
[4827]	71	87	-26	-15	-9	1	det1=true
[4828]	73	87	-9	-7	-4	-9	det1=true
[4829]	76	87	-28	1	-5	-8	det1=true
[4830]	80	87	-16	-7	-10	-2	det1=true
[4831]	80	87	-18	-7	-10	2	det1=true
[4832]	84	87	-22	-15	-1	-10	det1=true
[4833]	86	87	-16	-7	-4	10	det1=true
[4834]	40	88	-14	3	-6	-4	det1=true
[4835]	40	88	-18	3	-6	4	det1=true
[4836]	43	88	-16	-11	-6	-4	det1=true
[4837]	43	88	-20	-11	-6	4	det1=true
[4838]	47	88	-4	-1	-7	-4	det1=true
[4839]	54	88	-18	-13	-7	-4	det1=true
[4840]	54	88	-22	-13	-7	4	det1=true
[4841]	58	88	-23	-22	-6	-5	det1=true
[4842]	59	88	-16	-13	-3	-8	det1=true
[4843]	59	88	-24	-13	-3	8	det1=true
[4844]	64	88	-3	0	-8	-5	det1=true
[4845]	66	88	-24	-20	-8	-3	det1=true
[4846]	74	88	-28	-20	-7	6	det1=true
[4847]	79	88	-22	3	-6	-8	det1=true
[4848]	79	88	-30	3	-6	8	det1=true
[4849]	79	88	-4	-4	-3	-10	det1=true
[4850]	79	88	-14	-4	-3	10	det1=true
[4851]	81	88	-2	3	-7	-8	det1=true
[4852]	81	88	-10	3	-7	8	det1=true
[4853]	35	85	-9	-1	-3	-6	det1=true
[4854]	35	85	-15	-1	-3	6	det1=true
[4855]	43	85	0	0	-3	-7	det1=true
[4856]	43	85	-7	0	-3	7	det1=true
[4857]	63	85	-22	-7	-7	-5	det1=true
[4858]	63	85	-27	-7	-7	5	det1=true
[4859]	65	85	-13	-8	-1	-9	det1=true
[4860]	65	85	-22	-8	-1	9	det1=true
[4861]	66	85	-30	-2	-8	-3	det1=true
[4862]	66	85	-33	-2	-8	3	det1=true
[4863]	70	85	-28	-25	-8	-2	det1=true
[4864]	72	85	-22	-12	-5	8	det1=true
[4865]	77	85	-32	-14	-9	-1	det1=true
[4866]	77	85	-33	-14	-9	1	det1=true
[4867]	79	85	-28	-23	-9	-1	det1=true
[4868]	79	85	-29	-23	-9	1	det1=true
[4869]	79	85	-18	-9	-4	-9	det1=true
[4870]	81	85	-34	-9	-6	-7	det1=true
[4871]	81	85	-41	-9	-6	7	det1=true
[4872]	82	85	-18	-12	-10	-1	det1=true
[4873]	82	85	-19	-12	-10	1	det1=true
[4874]	84	85	-2	0	-7	-8	det1=true
[4875]	84	85	-10	0	-7	8	det1=true
[4876]	85	85	-33	-21	-2	-9	det1=true
[4877]	85	85	-42	-21	-2	9	det1=true
[4878]	47	86	-9	-6	-6	-5	det1=true
[4879]	47	86	-14	-6	-6	5	det1=true
[4880]	48	86	-8	0	-7	4	det1=true
[4881]	50	86	-12	-4	-8	-1	det1=true
[4882]	50	86	-13	-4	-8	1	det1=true
[4883]	60	86	-28	-14	-8	1	det1=true
[4884]	74	86	-35	-28	-8	-1	det1=true
[4885]	78	86	-36	-32	-8	-1	det1=true
[4886]	83	86	-10	-7	-3	-10	det1=true
[4887]	83	86	-20	-7	-3	10	det1=true
[4888]	83	86	-2	0	-8	-7	det1=true
[4889]	83	86	-9	0	-8	7	det1=true
[4890]	59	87	-17	-9	-3	-8	det1=true
[4891]	59	87	-25	-9	-3	8	det1=true
[4892]	76	87	-15	-10	-4	-9	det1=true
[4893]	76	87	-24	-10	-4	9	det1=true
[4894]	77	87	-29	-7	-8	-5	det1=true
[4895]	77	87	-34	-7	-8	5	det1=true
[4896]	80	87	-22	-11	-2	10	det1=true
[4897]	84	87	-32	-15	-1	10	det1=true
[4898]	45	88	-18	-13	-7	-2	det1=true
[4899]	45	88	-20	-13	-7	2	det1=true
[4900]	56	88	-17	2	-8	-3	det1=true
[4901]	56	88	-20	2	-8	3	det1=true
[4902]	64	88	-24	-16	-8	-3	det1=true
[4903]	64	88	-27	-16	-8	3	det1=true
[4904]	73	88	-8	1	-6	-8	det1=true
[4905]	73	88	-16	1	-6	8	det1=true
[4906]	76	88	-35	-16	-6	7	det1=true
[4907]	81	88	-36	-13	-7	-6	det1=true
[4908]	81	88	-42	-13	-7	6	det1=true
[4909]	84	88	-23	-12	-10	-2	det1=true
[4910]	84	88	-25	-12	-10	2	det1=true
[4911]	31	85	-9	-1	-5	4	det1=true
[4912]	33	85	-9	-8	-5	-4	det1=true
[4913]	57	85	-24	-1	-4	-7	det1=true
[4914]	57	85	-15	-5	-8	3	det1=true
[4915]	57	85	-13	-6	-7	5	det1=true
[4916]	60	85	-20	-15	-2	-8	det1=true
[4917]	60	85	-28	-15	-2	8	det1=true
[4918]	79	85	-27	-9	-4	9	det1=true
[4919]	80	85	-19	-4	-10	-1	det1=true
[4920]	80	85	-20	-4	-10	1	det1=true
[4921]	85	85	-29	1	-10	-1	det1=true
[4922]	85	85	-30	1	-10	1	det1=true
[4923]	54	86	-14	-15	-1	-8	det1=true
[4924]	54	86	-22	-15	-1	8	det1=true
[4925]	71	86	-32	-26	-7	-4	det1=true
[4926]	80	86	-12	-7	-2	-10	det1=true
[4927]	86	86	-36	-12	-5	-8	det1=true
[4928]	86	86	-44	-12	-5	8	det1=true
[4929]	33	87	-14	-3	-4	-5	det1=true
[4930]	33	87	-19	-3	-4	5	det1=true
[4931]	57	87	-33	-1	-4	7	det1=true
[4932]	58	87	-24	-13	-1	-8	det1=true
[4933]	59	87	-20	-16	-2	-8	det1=true
[4934]	59	87	-28	-16	-2	8	det1=true
[4935]	65	87	-30	-5	-8	-3	det1=true
[4936]	75	87	-23	-13	-8	-5	det1=true
[4937]	75	87	-28	-13	-8	5	det1=true
[4938]	76	87	-24	-14	-8	-5	det1=true
[4939]	76	87	-29	-14	-8	5	det1=true
[4940]	79	87	-14	-6	-10	-2	det1=true
[4941]	79	87	-16	-6	-10	2	det1=true
[4942]	86	87	-26	-13	-1	-10	det1=true
[4943]	38	88	-5	-2	-4	-6	det1=true
[4944]	38	88	-11	-2	-4	6	det1=true
[4945]	58	88	-21	0	-8	-3	det1=true
[4946]	64	88	-13	-2	-6	-7	det1=true
[4947]	64	88	-8	0	-8	5	det1=true
[4948]	65	88	-28	-28	-5	-6	det1=true
[4949]	85	88	-12	3	-10	-4	det1=true
[4950]	88	88	-15	-6	-4	-10	det1=true
[4951]	88	88	-25	-6	-4	10	det1=true
[4952]	31	85	-5	-1	-5	-4	det1=true
[4953]	59	85	-24	-19	-6	-5	det1=true
[4954]	59	85	-29	-19	-6	5	det1=true
[4955]	68	85	-17	-2	-6	-7	det1=true
[4956]	68	85	-24	-2	-6	7	det1=true
[4957]	70	85	-30	-25	-8	2	det1=true
[4958]	81	85	-33	-11	-2	-9	det1=true
[4959]	81	85	-42	-11	-2	9	det1=true
[4960]	71	86	-36	-26	-7	4	det1=true
[4961]	76	86	-28	-29	-3	-8	det1=true
[4962]	76	86	-36	-29	-3	8	det1=true
[4963]	77	86	-21	-18	-8	-5	det1=true
[4964]	77	86	-26	-18	-8	5	det1=true
[4965]	21	87	0	1	-2	-5	det1=true
[4966]	21	87	-5	1	-2	5	det1=true
[4967]	82	87	-2	1	-7	-8	det1=true
[4968]	82	87	-10	1	-7	8	det1=true
[4969]	85	87	-37	-31	-7	-5	det1=true
[4970]	85	87	-42	-31	-7	5	det1=true
[4971]	58	88	-28	-22	-6	5	det1=true
[4972]	73	88	-9	2	-8	-6	det1=true
[4973]	73	88	-15	2	-8	6	det1=true
[4974]	88	88	-32	-16	-4	-9	det1=true
[4975]	88	88	-41	-16	-4	9	det1=true
[4976]	33	85	-13	-8	-5	4	det1=true
[4977]	59	85	-15	-7	-3	-8	det1=true
[4978]	59	85	-23	-7	-3	8	det1=true
[4979]	65	85	-17	-4	-9	-1	det1=true
[4980]	65	85	-18	-4	-9	1	det1=true
[4981]	68	85	-16	-4	-2	-9	det1=true
[4982]	31	86	-5	-4	-4	-5	det1=true
[4983]	31	86	-10	-4	-4	5	det1=true
[4984]	50	86	-14	-11	-5	-6	det1=true
[4985]	50	86	-20	-11	-5	6	det1=true
[4986]	61	86	-10	-5	-8	-4	det1=true
[4987]	80	86	-20	-6	-10	-1	det1=true
[4988]	86	86	-5	-2	-4	-10	det1=true
[4989]	33	87	-13	-6	-5	-4	det1=true
[4990]	33	87	-17	-6	-5	4	det1=true
[4991]	58	87	-9	2	-4	8	det1=true
[4992]	66	87	-16	-9	-9	2	det1=true
[4993]	75	87	-35	-27	-8	-2	det1=true
[4994]	73	85	-24	-18	-4	-8	det1=true
[4995]	50	86	-3	0	-8	-2	det1=true
[4996]	50	86	-5	0	-8	2	det1=true
[4997]	55	86	-10	0	-8	-3	det1=true
[4998]	76	86	-30	-11	-9	-2	det1=true
[4999]	76	86	-32	-11	-9	2	det1=true
[5000]	41	87	-12	1	-2	-7	det1=true
[5001]	41	87	-19	1	-2	7	det1=true
[5002]	65	87	-1	4	-9	-3	det1=true
[5003]	65	87	-4	4	-9	3	det1=true
[5004]	66	87	-14	-9	-9	-2	det1=true
[5005]	84	85	-34	-8	-5	-8	det1=true
[5006]	84	85	-42	-8	-5	8	det1=true
[5007]	51	87	-9	1	-2	-8	det1=true
[5008]	51	87	-17	1	-2	8	det1=true
[5009]	85	87	-38	-9	-8	-5	det1=true
[5010]	85	87	-43	-9	-8	5	det1=true
[5011]	70	88	-3	-2	-4	-9	det1=true
[5012]	70	88	-12	-2	-4	9	det1=true
[5013]	85	88	-28	-27	-5	-8	det1=true
[5014]	85	88	-36	-27	-5	8	det1=true
[5015]	79	85	-2	-2	-5	-9	det1=true
[5016]	79	85	-11	-2	-5	9	det1=true
[5017]	79	86	-30	-31	-3	-8	det1=true
[5018]	86	86	-34	1	-9	-4	det1=true
[5019]	86	86	-38	1	-9	4	det1=true
[5020]	76	87	-37	-26	-8	-2	det1=true
[5021]	87	87	-26	-8	-2	-10	det1=true
[5022]	56	86	-8	-8	-3	-8	det1=true
[5023]	86	88	-10	-7	-10	-4	det1=true
[5024]	61	88	-20	-13	-3	-8	det1=true
[5025]	61	88	-28	-13	-3	8	det1=true
[5026]	84	88	-38	-4	-5	-8	det1=true
[5027]	84	88	-46	-4	-5	8	det1=true
[5028]	63	85	0	1	-2	-9	det1=true
[5029]	63	85	-9	1	-2	9	det1=true
[5030]	73	85	-26	3	-6	-7	det1=true
[5031]	62	89	-30	-13	-8	-2	det1=true
[5032]	62	89	-32	-13	-8	2	det1=true
[5033]	50	90	-17	2	-4	-7	det1=true
[5034]	50	90	-24	2	-4	7	det1=true
[5035]	48	89	-1	4	-8	-2	det1=true
[5036]	48	89	-3	4	-8	2	det1=true
[5037]	77	89	-2	5	-10	-3	det1=true
[5038]	77	89	-5	5	-10	3	det1=true
[5039]	80	90	-24	-4	-1	-10	det1=true
[5040]	80	90	-34	-4	-1	10	det1=true
[5041]	49	91	-14	-9	-8	-1	det1=true
[5042]	49	91	-15	-9	-8	1	det1=true
[5043]	51	91	-13	-16	-1	-8	det1=true
[5044]	51	91	-21	-16	-1	8	det1=true
[5045]	74	91	-34	-2	-7	-6	det1=true
[5046]	74	91	-40	-2	-7	6	det1=true
[5047]	79	91	-5	-1	-8	-7	det1=true
[5048]	79	91	-12	-1	-8	7	det1=true
[5049]	91	91	-10	-13	-2	-11	det1=true
[5050]	91	91	-21	-13	-2	11	det1=true
[5051]	26	92	-4	-4	-1	-6	det1=true
[5052]	26	92	-10	-4	-1	6	det1=true
[5053]	48	92	-13	-6	-4	-7	det1=true
[5054]	48	92	-20	-6	-4	7	det1=true
[5055]	71	92	-13	4	-8	-6	det1=true
[5056]	71	92	-19	4	-8	6	det1=true
[5057]	52	89	-17	-2	-8	-2	det1=true
[5058]	52	89	-14	-5	-2	-8	det1=true
[5059]	52	89	-22	-5	-2	8	det1=true
[5060]	65	89	-22	-7	-9	-1	det1=true
[5061]	65	89	-23	-7	-9	1	det1=true
[5062]	72	89	-28	-6	-6	-7	det1=true
[5063]	72	89	-35	-6	-6	7	det1=true
[5064]	12	90	-3	2	-4	-1	det1=true
[5065]	12	90	-4	2	-4	1	det1=true
[5066]	28	90	0	1	-2	-6	det1=true
[5067]	28	90	-6	1	-2	6	det1=true
[5068]	60	90	-26	-20	-1	-8	det1=true
[5069]	60	90	-34	-20	-1	8	det1=true
[5070]	62	90	-32	-21	-7	4	det1=true
[5071]	76	90	-32	-4	-8	-5	det1=true
[5072]	80	90	-5	-2	-8	-7	det1=true
[5073]	80	90	-12	-2	-8	7	det1=true
[5074]	81	90	2	1	-4	-10	det1=true
[5075]	81	90	-8	1	-4	10	det1=true
[5076]	83	90	-42	-14	-8	5	det1=true
[5077]	84	90	-13	-10	-8	-7	det1=true
[5078]	84	90	-20	-10	-8	7	det1=true
[5079]	85	90	-29	-16	-10	-1	det1=true
[5080]	85	90	-30	-16	-10	1	det1=true
[5081]	90	90	-32	-17	-10	-2	det1=true
[5082]	90	90	-34	-17	-10	2	det1=true
[5083]	90	90	-24	-7	-10	-4	det1=true
[5084]	90	90	-28	-7	-10	4	det1=true
[5085]	43	91	-12	-6	-7	-3	det1=true
[5086]	46	91	-12	-9	-5	-6	det1=true
[5087]	46	91	-18	-9	-5	6	det1=true
[5088]	53	91	-9	-7	-3	-8	det1=true
[5089]	76	91	-20	-5	-6	-8	det1=true
[5090]	76	91	-28	-5	-6	8	det1=true
[5091]	84	91	-14	1	-9	-6	det1=true
[5092]	84	91	-20	1	-9	6	det1=true
[5093]	88	91	-24	-8	-7	-8	det1=true
[5094]	88	91	-32	-8	-7	8	det1=true
[5095]	91	91	-43	-25	-6	-7	det1=true
[5096]	91	91	-50	-25	-6	7	det1=true
[5097]	40	92	-13	-8	-2	-7	det1=true
[5098]	40	92	-20	-8	-2	7	det1=true
[5099]	48	92	-22	-21	-6	-4	det1=true
[5100]	55	92	-20	0	-8	-3	det1=true
[5101]	55	92	-23	0	-8	3	det1=true
[5102]	62	92	-30	-21	-7	-4	det1=true
[5103]	65	92	-24	0	-9	-2	det1=true
[5104]	82	92	-24	-17	-3	10	det1=true
[5105]	83	92	-40	-5	-6	8	det1=true
[5106]	85	92	-32	-32	-6	-7	det1=true
[5107]	49	89	-13	-4	-7	-4	det1=true
[5108]	49	89	-17	-4	-7	4	det1=true
[5109]	53	89	-16	-6	-2	-8	det1=true
[5110]	53	89	-24	-6	-2	8	det1=true
[5111]	53	89	-3	-3	-5	-7	det1=true
[5112]	53	89	-10	-3	-5	7	det1=true
[5113]	61	89	-5	-2	-7	-6	det1=true
[5114]	61	89	-11	-2	-7	6	det1=true
[5115]	64	89	-18	4	-9	-2	det1=true
[5116]	64	89	-20	4	-9	2	det1=true
[5117]	65	89	-13	-11	-2	-9	det1=true
[5118]	65	89	-22	-11	-2	9	det1=true
[5119]	72	89	-2	-4	-1	-10	det1=true
[5120]	72	89	-12	-4	-1	10	det1=true
[5121]	85	89	-24	-10	-9	-5	det1=true
[5122]	86	89	-18	-6	-8	-7	det1=true
[5123]	86	89	-25	-6	-8	7	det1=true
[5124]	87	89	-25	0	-3	-10	det1=true
[5125]	87	89	-35	0	-3	10	det1=true
[5126]	31	90	-10	-6	-5	-4	det1=true
[5127]	31	90	-14	-6	-5	4	det1=true
[5128]	60	90	-4	0	-6	-7	det1=true
[5129]	60	90	-11	0	-6	7	det1=true
[5130]	79	90	0	2	-7	-8	det1=true
[5131]	85	90	-12	-7	-4	-10	det1=true
[5132]	85	90	-22	-7	-4	10	det1=true
[5133]	12	91	-4	0	-4	-1	det1=true
[5134]	12	91	-5	0	-4	1	det1=true
[5135]	43	91	-5	-2	-5	-6	det1=true
[5136]	43	91	-11	-2	-5	6	det1=true
[5137]	48	91	-9	4	-8	-2	det1=true
[5138]	48	91	-11	4	-8	2	det1=true
[5139]	49	91	-15	-15	-5	-6	det1=true
[5140]	49	91	-21	-15	-5	6	det1=true
[5141]	61	91	-12	-11	-1	-9	det1=true
[5142]	61	91	-21	-11	-1	9	det1=true
[5143]	62	91	-14	2	-6	-7	det1=true
[5144]	62	91	-21	2	-6	7	det1=true
[5145]	71	91	-27	4	-9	-3	det1=true
[5146]	71	91	-30	4	-9	3	det1=true
[5147]	71	91	-7	-5	-6	-8	det1=true
[5148]	71	91	-15	-5	-6	8	det1=true
[5149]	87	91	-21	-11	-8	-7	det1=true
[5150]	87	91	-28	-11	-8	7	det1=true
[5151]	59	92	-25	-8	-8	-3	det1=true
[5152]	59	92	-28	-8	-8	3	det1=true
[5153]	66	92	-18	1	-5	-8	det1=true
[5154]	66	92	-26	1	-5	8	det1=true
[5155]	70	92	-4	-4	-1	-10	det1=true
[5156]	77	92	-36	-15	-9	-2	det1=true
[5157]	77	92	-38	-15	-9	2	det1=true
[5158]	80	92	-10	-5	-7	-8	det1=true
[5159]	82	92	-14	-17	-3	-10	det1=true
[5160]	83	92	-32	-5	-6	-8	det1=true
[5161]	83	92	-21	-8	-4	10	det1=true
[5162]	89	92	-42	-33	-7	6	det1=true
[5163]	89	92	-28	-5	-7	-8	det1=true
[5164]	90	92	-24	-13	-10	-4	det1=true
[5165]	48	89	-12	-2	-8	-1	det1=true
[5166]	53	89	-21	-3	-1	-8	det1=true
[5167]	53	89	-29	-3	-1	8	det1=true
[5168]	69	89	-20	-3	-8	-5	det1=true
[5169]	69	89	-25	-3	-8	5	det1=true
[5170]	71	89	-31	-20	-7	-5	det1=true
[5171]	77	89	-21	3	-8	-6	det1=true
[5172]	79	89	-15	-4	-9	-5	det1=true
[5173]	79	89	-20	-4	-9	5	det1=true
[5174]	80	89	-29	-24	-6	-7	det1=true
[5175]	80	89	-36	-24	-6	7	det1=true
[5176]	83	89	-21	-9	-9	-5	det1=true
[5177]	84	89	-12	-8	-8	-7	det1=true
[5178]	87	89	-39	-35	-8	-3	det1=true
[5179]	87	89	-42	-35	-8	3	det1=true
[5180]	88	89	-31	-2	-2	-10	det1=true
[5181]	88	89	-41	-2	-2	10	det1=true
[5182]	56	90	-23	-10	-8	-2	det1=true
[5183]	56	90	-25	-10	-8	2	det1=true
[5184]	73	90	-24	-19	-7	-6	det1=true
[5185]	76	90	-37	-4	-8	5	det1=true
[5186]	76	90	-20	-4	-10	-1	det1=true
[5187]	76	90	-21	-4	-10	1	det1=true
[5188]	82	90	-5	2	-4	-10	det1=true
[5189]	82	90	-15	2	-4	10	det1=true
[5190]	26	91	-6	2	-6	-1	det1=true
[5191]	26	91	-7	2	-6	1	det1=true
[5192]	57	91	-18	-11	-8	-3	det1=true
[5193]	65	91	-17	-17	-1	-9	det1=true
[5194]	67	91	-32	-27	-8	-1	det1=true
[5195]	67	91	-33	-27	-8	1	det1=true
[5196]	67	91	-18	-15	-2	-9	det1=true
[5197]	67	91	-27	-15	-2	9	det1=true
[5198]	84	91	-36	-20	-8	-5	det1=true
[5199]	84	91	-41	-20	-8	5	det1=true
[5200]	30	92	-11	0	-4	-5	det1=true
[5201]	30	92	-16	0	-4	5	det1=true
[5202]	45	92	-4	0	-4	-7	det1=true
[5203]	53	92	-28	-12	-4	7	det1=true
[5204]	72	92	-20	-19	-5	-8	det1=true
[5205]	72	92	-28	-19	-5	8	det1=true
[5206]	72	92	-4	-3	-2	-10	det1=true
[5207]	77	92	-30	-16	-5	-8	det1=true
[5208]	77	92	-38	-16	-5	8	det1=true
[5209]	81	92	-32	-13	-2	10	det1=true
[5210]	90	92	-21	-16	-4	-10	det1=true
[5211]	90	92	-31	-16	-4	10	det1=true
[5212]	75	89	-7	-1	-2	-10	det1=true
[5213]	75	89	-17	-1	-2	10	det1=true
[5214]	77	89	-27	3	-8	6	det1=true
[5215]	86	89	-14	-12	-8	-7	det1=true
[5216]	86	89	-21	-12	-8	7	det1=true
[5217]	68	90	-24	-4	-7	-6	det1=true
[5218]	68	90	-30	-4	-7	6	det1=true
[5219]	73	90	-30	-19	-7	6	det1=true
[5220]	79	90	-8	2	-7	8	det1=true
[5221]	83	90	-37	-14	-8	-5	det1=true
[5222]	84	90	-32	-24	-8	-5	det1=true
[5223]	84	90	-37	-24	-8	5	det1=true
[5224]	86	90	-20	-5	-7	-8	det1=true
[5225]	86	90	-28	-5	-7	8	det1=true
[5226]	38	91	-11	-2	-6	-4	det1=true
[5227]	38	91	-15	-2	-6	4	det1=true
[5228]	46	91	-6	-3	-7	-4	det1=true
[5229]	46	91	-10	-3	-7	4	det1=true
[5230]	51	91	-15	-13	-7	-4	det1=true
[5231]	51	91	-19	-13	-7	4	det1=true
[5232]	57	91	-21	-11	-8	3	det1=true
[5233]	65	91	-26	-17	-1	9	det1=true
[5234]	75	91	-15	-11	-8	-6	det1=true
[5235]	75	91	-21	-11	-8	6	det1=true
[5236]	79	91	-24	-15	-4	-9	det1=true
[5237]	79	91	-33	-15	-4	9	det1=true
[5238]	38	92	-12	-3	-6	-4	det1=true
[5239]	46	92	-16	-4	-5	-6	det1=true
[5240]	46	92	-22	-4	-5	6	det1=true
[5241]	60	92	-22	-23	-2	-8	det1=true
[5242]	65	92	-26	0	-9	2	det1=true
[5243]	80	92	-13	-2	-4	10	det1=true
[5244]	83	92	-11	-8	-4	-10	det1=true
[5245]	87	92	-18	-13	-10	-4	det1=true
[5246]	89	92	-22	-17	-7	-8	det1=true
[5247]	29	89	0	1	-4	-5	det1=true
[5248]	29	89	-5	1	-4	5	det1=true
[5249]	49	89	-16	1	-8	-1	det1=true
[5250]	49	89	-17	1	-8	1	det1=true
[5251]	52	89	-4	0	-8	-3	det1=true
[5252]	52	89	-7	0	-8	3	det1=true
[5253]	63	89	-13	3	-6	-7	det1=true
[5254]	63	89	-20	3	-6	7	det1=true
[5255]	69	89	-36	-1	-1	9	det1=true
[5256]	69	89	-17	-4	-3	-9	det1=true
[5257]	69	89	-26	-4	-3	9	det1=true
[5258]	71	89	-13	2	-9	-4	det1=true
[5259]	71	89	-17	2	-9	4	det1=true
[5260]	84	89	-19	-8	-8	7	det1=true
[5261]	84	89	-7	2	-6	-9	det1=true
[5262]	84	89	-16	2	-6	9	det1=true
[5263]	89	89	-27	-6	-3	-10	det1=true
[5264]	89	89	-37	-6	-3	10	det1=true
[5265]	48	91	-7	-2	-8	-2	det1=true
[5266]	55	91	-27	-9	-8	-1	det1=true
[5267]	55	91	-28	-9	-8	1	det1=true
[5268]	57	91	-5	0	-9	1	det1=true
[5269]	63	91	-25	-28	-1	-8	det1=true
[5270]	72	91	0	1	-2	-10	det1=true
[5271]	72	91	-10	1	-2	10	det1=true
[5272]	79	91	-20	-1	-9	-5	det1=true
[5273]	79	91	-25	-1	-9	5	det1=true
[5274]	38	92	-16	-3	-6	4	det1=true
[5275]	39	92	-15	2	-4	-6	det1=true
[5276]	39	92	-21	2	-4	6	det1=true
[5277]	45	92	-11	0	-4	7	det1=true
[5278]	72	92	-14	-3	-2	10	det1=true
[5279]	80	92	-3	-2	-4	-10	det1=true
[5280]	81	92	-17	-20	-2	-10	det1=true
[5281]	81	92	-27	-20	-2	10	det1=true
[5282]	89	92	-36	-33	-7	-6	det1=true
[5283]	37	89	-2	0	-4	-6	det1=true
[5284]	44	89	-17	-12	-2	-7	det1=true
[5285]	44	89	-24	-12	-2	7	det1=true
[5286]	68	89	-19	2	-8	-5	det1=true
[5287]	68	89	-24	2	-8	5	det1=true
[5288]	69	89	-27	-1	-1	-9	det1=true
[5289]	73	89	-33	2	-9	-2	det1=true
[5290]	73	89	-35	2	-9	2	det1=true
[5291]	83	89	-36	-32	-7	-5	det1=true
[5292]	83	89	-41	-32	-7	5	det1=true
[5293]	87	89	-37	-30	-9	-1	det1=true
[5294]	87	89	-38	-30	-9	1	det1=true
[5295]	32	90	-12	-8	-5	-4	det1=true
[5296]	32	90	-16	-8	-5	4	det1=true
[5297]	82	90	-8	1	-9	6	det1=true
[5298]	30	91	-10	2	-4	-5	det1=true
[5299]	44	91	-19	-14	-4	-6	det1=true
[5300]	44	91	-25	-14	-4	6	det1=true
[5301]	53	92	-21	-12	-4	-7	det1=true
[5302]	59	92	-27	-10	-8	3	det1=true
[5303]	75	92	-23	2	-10	-1	det1=true
[5304]	75	92	-24	2	-10	1	det1=true
[5305]	82	92	-23	-16	-10	-2	det1=true
[5306]	77	90	-32	-18	-9	-2	det1=true
[5307]	77	90	-34	-18	-9	2	det1=true
[5308]	80	90	-18	-11	-2	-10	det1=true
[5309]	80	90	-28	-11	-2	10	det1=true
[5310]	30	92	-10	-4	-5	-4	det1=true
[5311]	30	92	-14	-4	-5	4	det1=true
[5312]	39	92	-16	3	-6	-4	det1=true
[5313]	39	92	-20	3	-6	4	det1=true
[5314]	50	92	0	0	-3	-8	det1=true
[5315]	50	92	-8	0	-3	8	det1=true
[5316]	59	92	-24	-10	-8	-3	det1=true
[5317]	71	92	3	0	-2	-10	det1=true
[5318]	71	92	-7	0	-2	10	det1=true
[5319]	75	92	-13	-6	-2	-10	det1=true
[5320]	83	92	-24	-17	-10	-2	det1=true
[5321]	83	92	-26	-17	-10	2	det1=true
[5322]	86	92	-36	1	-10	-2	det1=true
[5323]	86	92	-38	1	-10	2	det1=true
[5324]	87	92	-15	-16	-4	-10	det1=true
[5325]	87	92	-25	-16	-4	10	det1=true
[5326]	89	92	-30	-17	-7	8	det1=true
[5327]	79	90	-22	-6	-1	-10	det1=true
[5328]	79	90	-32	-6	-1	10	det1=true
[5329]	52	91	-16	-7	-2	-8	det1=true
[5330]	52	91	-24	-7	-2	8	det1=true
[5331]	61	91	-11	-1	-7	-6	det1=true
[5332]	61	91	-17	-1	-7	6	det1=true
[5333]	87	91	-2	-3	-2	-11	det1=true
[5334]	47	92	-12	0	-4	-7	det1=true
[5335]	47	92	-19	0	-4	7	det1=true
[5336]	55	92	-24	-20	-6	-5	det1=true
[5337]	55	92	-29	-20	-6	5	det1=true
[5338]	60	92	-25	-20	-8	-2	det1=true
[5339]	75	92	-23	-6	-2	10	det1=true
[5340]	59	92	-6	0	-7	-6	det1=true
[5341]	81	92	-29	0	-10	-2	det1=true
[5342]	82	92	-25	-16	-10	2	det1=true
[5343]	90	90	-21	-10	-4	-10	det1=true
[5344]	90	90	-31	-10	-4	10	det1=true
[5345]	78	92	-21	-14	-8	-6	det1=true
[5346]	82	92	-19	-20	-2	-10	det1=true
[5347]	82	92	-29	-20	-2	10	det1=true
[5348]	89	92	-38	-32	-9	-2	det1=true
[5349]	89	92	-40	-32	-9	2	det1=true
[5350]	84	89	-41	-34	-8	-2	det1=true
[5351]	72	90	-24	-8	-5	-8	det1=true
[5352]	70	91	-5	4	-10	-1	det1=true
[5353]	78	90	-20	-7	-1	-10	det1=true
[5354]	83	92	-14	-5	-10	-4	det1=true
[5355]	88	92	-30	-4	-3	-10	det1=true
[5356]	63	89	-1	1	-8	-5	det1=true
[5357]	63	89	-6	1	-8	5	det1=true
[5358]	64	89	-11	-10	-2	-9	det1=true
[5359]	64	89	-20	-10	-2	9	det1=true
[5360]	88	92	-40	-4	-3	10	det1=true
[5361]	60	89	-20	-12	-3	-8	det1=true
[5362]	60	89	-28	-12	-3	8	det1=true
[5363]	89	89	-36	0	-10	-2	det1=true
[5364]	73	91	-35	-23	-8	-3	det1=true
[5365]	95	95	-44	-10	-9	-5	det1=true
[5366]	66	94	-20	-4	-5	-8	det1=true
[5367]	66	94	-28	-4	-5	8	det1=true
[5368]	78	94	-12	4	-8	-7	det1=true
[5369]	78	94	-19	4	-8	7	det1=true
[5370]	93	94	-42	-17	-8	-6	det1=true
[5371]	68	95	-27	2	-8	-5	det1=true
[5372]	68	95	-32	2	-8	5	det1=true
[5373]	71	95	-8	-6	-2	-10	det1=true
[5374]	71	95	-18	-6	-2	10	det1=true
[5375]	73	93	-27	-25	-1	-9	det1=true
[5376]	73	93	-36	-25	-1	9	det1=true
[5377]	73	93	-17	-7	-10	-1	det1=true
[5378]	73	93	-18	-7	-10	1	det1=true
[5379]	79	93	-21	-11	-2	-10	det1=true
[5380]	85	93	-15	-13	-4	-10	det1=true
[5381]	88	93	-28	3	-10	-4	det1=true
[5382]	88	93	-32	3	-10	4	det1=true
[5383]	44	94	-2	-4	-1	-8	det1=true
[5384]	46	94	-15	2	-8	-1	det1=true
[5385]	46	94	-16	2	-8	1	det1=true
[5386]	62	94	-22	-8	-7	6	det1=true
[5387]	69	94	-34	2	-5	8	det1=true
[5388]	74	94	-19	-10	-8	-6	det1=true
[5389]	74	94	-25	-10	-8	6	det1=true
[5390]	81	94	-31	-30	-6	-7	det1=true
[5391]	81	94	-38	-30	-6	7	det1=true
[5392]	87	94	-22	-11	-4	-10	det1=true
[5393]	87	94	-32	-11	-4	10	det1=true
[5394]	94	94	-29	-18	-4	-10	det1=true
[5395]	94	94	-39	-18	-4	10	det1=true
[5396]	63	95	-16	-1	-9	-3	det1=true
[5397]	63	95	-19	-1	-9	3	det1=true
[5398]	66	95	-9	2	-4	-9	det1=true
[5399]	74	95	-20	-11	-8	-6	det1=true
[5400]	74	95	-26	-11	-8	6	det1=true
[5401]	70	96	-19	4	-10	-1	det1=true
[5402]	70	96	-20	4	-10	1	det1=true
[5403]	37	93	-17	-2	-7	1	det1=true
[5404]	41	93	-15	-11	-2	-7	det1=true
[5405]	41	93	-22	-11	-2	7	det1=true
[5406]	51	93	-4	-4	-5	-7	det1=true
[5407]	51	93	-11	-4	-5	7	det1=true
[5408]	53	93	-21	-5	-2	-8	det1=true
[5409]	53	93	-29	-5	-2	8	det1=true
[5410]	74	93	-33	-2	-8	-5	det1=true
[5411]	74	93	-38	-2	-8	5	det1=true
[5412]	85	93	-36	2	-10	-2	det1=true
[5413]	85	93	-38	2	-10	2	det1=true
[5414]	86	93	-30	-22	-10	-1	det1=true
[5415]	86	93	-31	-22	-10	1	det1=true
[5416]	86	93	-26	1	-7	-8	det1=true
[5417]	86	93	-34	1	-7	8	det1=true
[5418]	86	93	-26	-2	-8	-7	det1=true
[5419]	86	93	-22	-1	-9	-6	det1=true
[5420]	91	93	-40	-17	-10	-1	det1=true
[5421]	91	93	-41	-17	-10	1	det1=true
[5422]	25	94	-2	-1	-1	-6	det1=true
[5423]	62	94	-16	-8	-7	-6	det1=true
[5424]	73	94	-33	0	-8	-5	det1=true
[5425]	73	94	-38	0	-8	5	det1=true
[5426]	76	94	-18	-11	-10	-2	det1=true
[5427]	76	94	-20	-11	-10	2	det1=true
[5428]	86	94	-24	1	-9	-6	det1=true
[5429]	86	94	-30	1	-9	6	det1=true
[5430]	47	95	-17	-13	-6	-5	det1=true
[5431]	47	95	-22	-13	-6	5	det1=true
[5432]	51	95	-12	-5	-8	-3	det1=true
[5433]	51	95	-15	-5	-8	3	det1=true
[5434]	61	95	-14	-17	-1	-9	det1=true
[5435]	62	95	-19	-4	-6	-7	det1=true
[5436]	62	95	-26	-4	-6	7	det1=true
[5437]	63	95	-30	1	-2	9	det1=true
[5438]	73	95	-13	-2	-9	-5	det1=true
[5439]	73	95	-18	-2	-9	5	det1=true
[5440]	79	95	-26	-3	-10	3	det1=true
[5441]	82	95	-18	-19	-3	-10	det1=true
[5442]	82	95	-28	-19	-3	10	det1=true
[5443]	83	95	-20	-6	-10	-4	det1=true
[5444]	83	95	-24	-6	-10	4	det1=true
[5445]	93	95	-41	-19	-1	-10	det1=true
[5446]	93	95	-51	-19	-1	10	det1=true
[5447]	43	96	-4	0	-7	-4	det1=true
[5448]	72	96	-22	-23	-5	-8	det1=true
[5449]	72	96	-30	-23	-5	8	det1=true
[5450]	79	96	-40	-24	-5	8	det1=true
[5451]	86	96	-22	-15	-10	-4	det1=true
[5452]	86	96	-26	-15	-10	4	det1=true
[5453]	87	96	-35	-14	-2	-10	det1=true
[5454]	87	96	-45	-14	-2	10	det1=true
[5455]	88	96	-34	-19	-2	-10	det1=true
[5456]	92	96	-38	-11	-10	4	det1=true
[5457]	40	93	-20	-10	-2	7	det1=true
[5458]	48	93	-19	-10	-4	7	det1=true
[5459]	48	93	-13	4	-8	-2	det1=true
[5460]	48	93	-15	4	-8	2	det1=true
[5461]	54	93	-19	-14	-2	-8	det1=true
[5462]	54	93	-27	-14	-2	8	det1=true
[5463]	78	93	-31	-24	-6	-7	det1=true
[5464]	78	93	-38	-24	-6	7	det1=true
[5465]	78	93	-39	-26	-2	9	det1=true
[5466]	79	93	-31	-11	-2	10	det1=true
[5467]	80	93	-7	-2	-4	-10	det1=true
[5468]	80	93	-17	-2	-4	10	det1=true
[5469]	81	93	-13	-9	-8	-7	det1=true
[5470]	82	93	-10	-9	-4	-10	det1=true
[5471]	85	93	-18	-10	-10	-4	det1=true
[5472]	85	93	-22	-10	-10	4	det1=true
[5473]	87	93	-9	-5	-2	-11	det1=true
[5474]	87	93	-20	-5	-2	11	det1=true
[5475]	91	93	-28	-5	-6	-9	det1=true
[5476]	93	93	-25	-13	-11	-1	det1=true
[5477]	44	94	-4	2	-4	-7	det1=true
[5478]	44	94	-11	2	-4	7	det1=true
[5479]	44	94	-10	-4	-1	8	det1=true
[5480]	52	94	-20	-14	-4	-7	det1=true
[5481]	52	94	-27	-14	-4	7	det1=true
[5482]	69	94	-26	2	-5	-8	det1=true
[5483]	74	94	-32	-16	-6	-7	det1=true
[5484]	74	94	-39	-16	-6	7	det1=true
[5485]	83	94	-26	-26	-4	-9	det1=true
[5486]	85	94	-30	-21	-8	-6	det1=true
[5487]	85	94	-36	-21	-8	6	det1=true
[5488]	89	94	-26	-9	-9	-6	det1=true
[5489]	91	94	-33	-2	-10	-4	det1=true
[5490]	91	94	-37	-2	-10	4	det1=true
[5491]	93	94	-10	5	-11	-4	det1=true
[5492]	93	94	-14	5	-11	4	det1=true
[5493]	29	95	-9	-9	-2	-6	det1=true
[5494]	48	95	-15	-2	-8	-2	det1=true
[5495]	58	95	-14	2	-9	2	det1=true
[5496]	72	95	-20	-4	-10	-1	det1=true
[5497]	72	95	-21	-4	-10	1	det1=true
[5498]	73	95	-13	-16	-1	-10	det1=true
[5499]	73	95	-23	-16	-1	10	det1=true
[5500]	83	95	-37	-32	-9	-1	det1=true
[5501]	83	95	-38	-32	-9	1	det1=true
[5502]	85	95	-23	-3	-9	-6	det1=true
[5503]	87	95	-24	-10	-4	-10	det1=true
[5504]	87	95	-34	-10	-4	10	det1=true
[5505]	87	95	-23	-2	-11	-1	det1=true
[5506]	87	95	-24	-2	-11	1	det1=true
[5507]	89	95	-42	-29	-4	9	det1=true
[5508]	43	96	-8	0	-7	4	det1=true
[5509]	45	96	-2	-3	-2	-8	det1=true
[5510]	66	96	-28	0	-6	-7	det1=true
[5511]	66	96	-35	0	-6	7	det1=true
[5512]	66	96	-24	-13	-7	-6	det1=true
[5513]	66	96	-30	-13	-7	6	det1=true
[5514]	79	96	-32	-24	-5	-8	det1=true
[5515]	80	96	-20	0	-7	-8	det1=true
[5516]	80	96	-28	0	-7	8	det1=true
[5517]	82	96	-14	-11	-9	-6	det1=true
[5518]	84	96	-36	-23	-2	10	det1=true
[5519]	87	96	-35	-18	-10	-2	det1=true
[5520]	92	96	-34	-11	-10	-4	det1=true
[5521]	96	96	-36	4	-11	-2	det1=true
[5522]	96	96	-38	4	-11	2	det1=true
[5523]	37	93	-13	-5	-1	-7	det1=true
[5524]	37	93	-20	-5	-1	7	det1=true
[5525]	48	93	-12	-10	-4	-7	det1=true
[5526]	51	93	-5	-3	-7	-5	det1=true
[5527]	51	93	-10	-3	-7	5	det1=true
[5528]	67	93	-24	-16	-1	-9	det1=true
[5529]	79	93	-27	-1	-10	-2	det1=true
[5530]	79	93	-29	-1	-10	2	det1=true
[5531]	81	93	-20	-9	-8	7	det1=true
[5532]	82	93	-20	-9	-4	10	det1=true
[5533]	90	93	-29	-14	-10	4	det1=true
[5534]	63	94	-19	-6	-6	-7	det1=true
[5535]	63	94	-26	-6	-6	7	det1=true
[5536]	74	94	-18	-11	-6	-8	det1=true
[5537]	74	94	-26	-11	-6	8	det1=true
[5538]	75	94	-18	-13	-1	-10	det1=true
[5539]	75	94	-28	-13	-1	10	det1=true
[5540]	79	94	-9	0	-10	-4	det1=true
[5541]	79	94	-13	0	-10	4	det1=true
[5542]	74	95	-28	-18	-5	-8	det1=true
[5543]	74	95	-36	-18	-5	8	det1=true
[5544]	75	95	-21	-13	-10	-1	det1=true
[5545]	75	95	-22	-13	-10	1	det1=true
[5546]	83	95	-33	-36	-1	-9	det1=true
[5547]	83	95	-42	-36	-1	9	det1=true
[5548]	83	95	-7	-8	-1	-11	det1=true
[5549]	83	95	-18	-8	-1	11	det1=true
[5550]	85	95	-29	-3	-9	6	det1=true
[5551]	89	95	-19	-9	-11	-2	det1=true
[5552]	89	95	-21	-9	-11	2	det1=true
[5553]	92	95	-10	-1	-10	-6	det1=true
[5554]	92	95	-16	-1	-10	6	det1=true
[5555]	53	96	-21	4	-8	-3	det1=true
[5556]	53	96	-24	4	-8	3	det1=true
[5557]	79	96	-28	-12	-1	-10	det1=true
[5558]	84	96	-26	-23	-2	-10	det1=true
[5559]	87	96	-37	-18	-10	2	det1=true
[5560]	88	96	-44	-19	-2	10	det1=true
[5561]	90	96	-34	-3	-10	-4	det1=true
[5562]	90	96	-38	-3	-10	4	det1=true
[5563]	17	93	-1	0	-3	-4	det1=true
[5564]	17	93	-5	0	-3	4	det1=true
[5565]	39	93	-9	-11	-2	-7	det1=true
[5566]	39	93	-16	-11	-2	7	det1=true
[5567]	40	93	-13	-10	-2	-7	det1=true
[5568]	49	93	-16	4	-8	-2	det1=true
[5569]	49	93	-18	4	-8	2	det1=true
[5570]	76	93	-10	0	-3	-10	det1=true
[5571]	76	93	-20	0	-3	10	det1=true
[5572]	78	93	-30	-26	-2	-9	det1=true
[5573]	87	93	-8	-7	-2	-11	det1=true
[5574]	87	93	-19	-7	-2	11	det1=true
[5575]	82	94	-20	-4	-8	-7	det1=true
[5576]	83	94	-35	-26	-4	9	det1=true
[5577]	58	95	-12	2	-9	-2	det1=true
[5578]	61	95	-18	-13	-9	-1	det1=true
[5579]	77	95	-23	-1	-2	-10	det1=true
[5580]	77	95	-33	-1	-2	10	det1=true
[5581]	84	95	-37	2	-10	-2	det1=true
[5582]	84	95	-39	2	-10	2	det1=true
[5583]	95	95	-43	-33	-8	-5	det1=true
[5584]	95	95	-48	-33	-8	5	det1=true
[5585]	29	96	-8	-8	-4	-5	det1=true
[5586]	29	96	-13	-8	-4	5	det1=true
[5587]	45	96	-10	-3	-2	8	det1=true
[5588]	75	96	-22	-11	-1	-10	det1=true
[5589]	78	96	-7	-6	-4	-10	det1=true
[5590]	80	96	-28	-18	-10	-1	det1=true
[5591]	80	96	-29	-18	-10	1	det1=true
[5592]	77	93	-20	3	-9	-5	det1=true
[5593]	58	94	-27	-16	-8	-2	det1=true
[5594]	58	94	-29	-16	-8	2	det1=true
[5595]	59	94	-10	-5	-9	-2	det1=true
[5596]	59	94	-12	-5	-9	2	det1=true
[5597]	87	94	-25	-8	-10	-4	det1=true
[5598]	87	94	-29	-8	-10	4	det1=true
[5599]	90	94	-34	-24	-1	-10	det1=true
[5600]	90	94	-44	-24	-1	10	det1=true
[5601]	41	95	-10	-7	-3	-7	det1=true
[5602]	78	95	-7	-2	-10	-4	det1=true
[5603]	79	96	-38	-12	-1	10	det1=true
[5604]	45	93	-4	-5	-4	-7	det1=true
[5605]	45	93	-11	-5	-4	7	det1=true
[5606]	73	94	-15	-12	-6	-8	det1=true
[5607]	84	94	-33	-14	-8	-6	det1=true
[5608]	84	94	-39	-14	-8	6	det1=true
[5609]	56	95	-24	-20	-4	-7	det1=true
[5610]	56	95	-31	-20	-4	7	det1=true
[5611]	92	95	-33	-2	-4	-10	det1=true
[5612]	92	95	-43	-2	-4	10	det1=true
[5613]	46	96	-16	0	-7	-4	det1=true
[5614]	46	96	-20	0	-7	4	det1=true
[5615]	74	96	-12	-4	-10	-3	det1=true
[5616]	74	96	-15	-4	-10	3	det1=true
[5617]	76	96	-24	-7	-10	-2	det1=true
[5618]	76	96	-26	-7	-10	2	det1=true
[5619]	83	96	-10	4	-11	-2	det1=true
[5620]	83	96	-12	4	-11	2	det1=true
[5621]	84	96	-30	-19	-10	-2	det1=true
[5622]	43	93	-19	-13	-7	-2	det1=true
[5623]	43	93	-21	-13	-7	2	det1=true
[5624]	57	94	-26	-20	-8	-1	det1=true
[5625]	57	94	-27	-20	-8	1	det1=true
[5626]	41	95	-17	-7	-3	7	det1=true
[5627]	62	95	-13	-4	-8	-5	det1=true
[5628]	85	95	-38	-33	-1	-9	det1=true
[5629]	49	96	-16	-5	-2	-8	det1=true
[5630]	72	94	-22	-20	-5	-8	det1=true
[5631]	72	94	-30	-20	-5	8	det1=true
[5632]	76	94	-14	-15	-2	-10	det1=true
[5633]	76	94	-24	-15	-2	10	det1=true
[5634]	41	93	-16	-12	-6	-4	det1=true
[5635]	76	94	-26	-12	-9	-4	det1=true
[5636]	95	95	-36	-6	-4	-10	det1=true
[5637]	90	93	-38	-13	-1	-10	det1=true
[5638]	90	93	-48	-13	-1	10	det1=true
[5639]	78	96	-30	5	-10	-2	det1=true
[5640]	94	94	-42	-9	-2	-10	det1=true
[5641]	82	96	-4	4	-11	-2	det1=true
[5642]	84	94	-32	1	-2	-10	det1=true
[5643]	67	98	-22	-22	-2	-9	det1=true
[5644]	67	98	-31	-22	-2	9	det1=true
[5645]	67	100	-14	0	-1	-10	det1=true
[5646]	23	97	-8	0	-5	-3	det1=true
[5647]	23	97	-11	0	-5	3	det1=true
[5648]	37	97	-13	-7	-6	-4	det1=true
[5649]	37	97	-17	-7	-6	4	det1=true
[5650]	76	97	-25	-8	-10	-2	det1=true
[5651]	93	97	-33	1	-11	-2	det1=true
[5652]	95	97	-19	-9	-10	-6	det1=true
[5653]	95	97	-25	-9	-10	6	det1=true
[5654]	74	98	-23	-14	-10	-1	det1=true
[5655]	74	98	-24	-14	-10	1	det1=true
[5656]	79	98	-25	-22	-6	-8	det1=true
[5657]	96	98	-40	-16	-7	-8	det1=true
[5658]	96	98	-48	-16	-7	8	det1=true
[5659]	97	98	-14	-4	-8	-9	det1=true
[5660]	97	98	-23	-4	-8	9	det1=true
[5661]	37	99	-17	0	-7	-2	det1=true
[5662]	37	99	-19	0	-7	2	det1=true
[5663]	88	100	-19	2	-10	6	det1=true
[5664]	37	97	-12	-8	-4	-6	det1=true
[5665]	37	97	-18	-8	-4	6	det1=true
[5666]	51	97	-13	-3	-5	-7	det1=true
[5667]	56	97	-13	-4	-2	9	det1=true
[5668]	76	97	-26	-11	-6	-8	det1=true
[5669]	76	97	-34	-11	-6	8	det1=true
[5670]	76	97	-27	-8	-10	2	det1=true
[5671]	77	97	-28	-10	-6	-8	det1=true
[5672]	77	97	-36	-10	-6	8	det1=true
[5673]	80	97	-34	-29	-7	-6	det1=true
[5674]	80	97	-40	-29	-7	6	det1=true
[5675]	86	97	-11	-14	-2	-11	det1=true
[5676]	86	97	-22	-14	-2	11	det1=true
[5677]	89	97	-15	-7	-9	-7	det1=true
[5678]	89	97	-22	-7	-9	7	det1=true
[5679]	89	97	-14	-8	-7	-9	det1=true
[5680]	89	97	-23	-8	-7	9	det1=true
[5681]	75	98	2	2	-6	-9	det1=true
[5682]	78	98	-20	4	-8	-7	det1=true
[5683]	78	98	-27	4	-8	7	det1=true
[5684]	80	98	-32	-11	-1	-10	det1=true
[5685]	80	98	-42	-11	-1	10	det1=true
[5686]	88	98	-38	-19	-10	-2	det1=true
[5687]	88	98	-40	-19	-10	2	det1=true
[5688]	97	98	-18	-2	-12	-1	det1=true
[5689]	97	98	-19	-2	-12	1	det1=true
[5690]	84	99	-20	0	-11	-2	det1=true
[5691]	84	99	-22	0	-11	2	det1=true
[5692]	87	99	-25	-12	-11	-1	det1=true
[5693]	95	99	-43	-5	-10	-4	det1=true
[5694]	95	99	-47	-5	-10	4	det1=true
[5695]	95	99	-37	-13	-11	-1	det1=true
[5696]	95	99	-9	-5	-11	-5	det1=true
[5697]	99	99	-30	-20	-11	-3	det1=true
[5698]	43	100	-14	-11	-5	-6	det1=true
[5699]	43	100	-20	-11	-5	6	det1=true
[5700]	61	100	-18	-3	-5	-8	det1=true
[5701]	61	100	-26	-3	-5	8	det1=true
[5702]	74	100	-26	-7	-10	-2	det1=true
[5703]	74	100	-28	-7	-10	2	det1=true
[5704]	80	100	-32	-23	-9	-4	det1=true
[5705]	37	97	-15	1	-7	-2	det1=true
[5706]	39	97	-17	-8	-7	-2	det1=true
[5707]	39	97	-19	-8	-7	2	det1=true
[5708]	48	97	-19	-10	-8	-1	det1=true
[5709]	48	97	-20	-10	-8	1	det1=true
[5710]	89	97	-25	-23	-8	-7	det1=true
[5711]	89	97	-18	1	-9	-7	det1=true
[5712]	89	97	-25	1	-9	7	det1=true
[5713]	89	97	-16	-2	-3	-11	det1=true
[5714]	89	97	-27	-2	-3	11	det1=true
[5715]	89	97	-13	-10	-3	-11	det1=true
[5716]	89	97	-24	-10	-3	11	det1=true
[5717]	63	98	-26	-6	-9	-2	det1=true
[5718]	63	98	-28	-6	-9	2	det1=true
[5719]	68	98	-6	-3	-2	-10	det1=true
[5720]	68	98	-16	-3	-2	10	det1=true
[5721]	74	98	-25	-2	-10	-2	det1=true
[5722]	74	98	-27	-2	-10	2	det1=true
[5723]	74	98	-20	-17	-6	-8	det1=true
[5724]	84	98	-12	-8	-2	-11	det1=true
[5725]	84	98	-23	-8	-2	11	det1=true
[5726]	27	99	-7	-1	-4	-5	det1=true
[5727]	55	99	-18	-16	-7	-5	det1=true
[5728]	55	99	-23	-16	-7	5	det1=true
[5729]	68	99	-8	-5	-2	-10	det1=true
[5730]	68	99	-18	-5	-2	10	det1=true
[5731]	83	99	-22	-9	-2	11	det1=true
[5732]	84	99	-41	0	-10	-2	det1=true
[5733]	95	99	-38	-13	-11	1	det1=true
[5734]	95	99	-14	-5	-11	5	det1=true
[5735]	95	99	-6	-8	-5	-11	det1=true
[5736]	99	99	-34	-30	-10	-4	det1=true
[5737]	99	99	-38	-30	-10	4	det1=true
[5738]	55	100	-8	-2	-2	-9	det1=true
[5739]	55	100	-17	-2	-2	9	det1=true
[5740]	75	100	-27	2	-10	3	det1=true
[5741]	83	100	-32	-8	-3	-10	det1=true
[5742]	83	100	-42	-8	-3	10	det1=true
[5743]	85	100	-38	-24	-9	-4	det1=true
[5744]	85	100	-42	-24	-9	4	det1=true
[5745]	89	100	-38	-13	-3	-10	det1=true
[5746]	89	100	-48	-13	-3	10	det1=true
[5747]	95	100	-8	-3	-2	-12	det1=true
[5748]	97	100	-78	-3	-6	-4	det1=true
[5749]	97	100	-82	-3	-6	4	det1=true
[5750]	37	97	-17	1	-7	2	det1=true
[5751]	89	97	-32	-23	-8	7	det1=true
[5752]	91	97	-39	-39	-2	-9	det1=true
[5753]	91	97	-48	-39	-2	9	det1=true
[5754]	94	97	-34	-26	-3	-10	det1=true
[5755]	51	98	-20	-13	-8	-2	det1=true
[5756]	51	98	-22	-13	-8	2	det1=true
[5757]	68	98	-8	-12	-1	-10	det1=true
[5758]	68	98	-18	-12	-1	10	det1=true
[5759]	74	98	-24	-5	-10	-2	det1=true
[5760]	33	99	-5	-7	-1	-7	det1=true
[5761]	47	99	-19	-8	-7	-4	det1=true
[5762]	47	99	-23	-8	-7	4	det1=true
[5763]	61	99	-15	-17	-2	-9	det1=true
[5764]	61	99	-24	-17	-2	9	det1=true
[5765]	83	99	-11	-9	-2	-11	det1=true
[5766]	95	99	-17	-8	-5	11	det1=true
[5767]	99	99	-33	-20	-11	3	det1=true
[5768]	27	100	-8	-2	-4	-5	det1=true
[5769]	27	100	-13	-2	-4	5	det1=true
[5770]	75	100	-24	2	-10	-3	det1=true
[5771]	89	100	-31	-16	-4	-10	det1=true
[5772]	94	100	-41	0	-4	-10	det1=true
[5773]	94	100	-51	0	-4	10	det1=true
[5774]	95	100	-20	-3	-2	12	det1=true
[5775]	63	97	-16	-5	-3	-9	det1=true
[5776]	63	97	-25	-5	-3	9	det1=true
[5777]	89	97	-38	-22	-8	-6	det1=true
[5778]	89	97	-44	-22	-8	6	det1=true
[5779]	91	97	-13	-1	-10	-6	det1=true
[5780]	91	97	-19	-1	-10	6	det1=true
[5781]	94	97	-44	-26	-3	10	det1=true
[5782]	95	97	-43	-29	-3	10	det1=true
[5783]	65	98	-26	-13	-9	-2	det1=true
[5784]	65	98	-28	-13	-9	2	det1=true
[5785]	77	98	-35	-24	-6	-7	det1=true
[5786]	82	98	-8	-2	-2	-11	det1=true
[5787]	82	98	-19	-2	-2	11	det1=true
[5788]	89	98	-24	-21	-9	-6	det1=true
[5789]	82	100	-36	-34	-2	-9	det1=true
[5790]	85	100	-27	-12	-4	-10	det1=true
[5791]	85	100	-37	-12	-4	10	det1=true
[5792]	88	100	-9	-6	-10	-6	det1=true
[5793]	88	100	-15	-6	-10	6	det1=true
[5794]	89	100	-41	-16	-4	10	det1=true
[5795]	90	100	-18	4	-11	-4	det1=true
[5796]	96	100	-43	-2	-4	-10	det1=true
[5797]	96	100	-53	-2	-4	10	det1=true
[5798]	100	100	-21	-2	-10	-7	det1=true
[5799]	52	97	-20	4	-8	-3	det1=true
[5800]	52	97	-23	4	-8	3	det1=true
[5801]	55	98	-4	1	-7	-6	det1=true
[5802]	55	98	-10	1	-7	6	det1=true
[5803]	74	98	-26	-5	-10	2	det1=true
[5804]	82	98	-5	-8	-2	-11	det1=true
[5805]	93	98	-34	-14	-6	-9	det1=true
[5806]	93	98	-43	-14	-6	9	det1=true
[5807]	92	99	-37	-6	-4	-10	det1=true
[5808]	92	99	-47	-6	-4	10	det1=true
[5809]	47	100	-20	-16	-5	-6	det1=true
[5810]	47	100	-26	-16	-5	6	det1=true
[5811]	72	100	-16	-20	-1	-10	det1=true
[5812]	72	100	-26	-20	-1	10	det1=true
[5813]	82	100	-45	-34	-2	9	det1=true
[5814]	89	100	-34	-13	-10	-4	det1=true
[5815]	89	100	-38	-13	-10	4	det1=true
[5816]	26	97	-10	-5	-1	-6	det1=true
[5817]	26	97	-16	-5	-1	6	det1=true
[5818]	62	98	-15	-18	-2	-9	det1=true
[5819]	62	98	-24	-18	-2	9	det1=true
[5820]	68	98	-24	-21	-7	-6	det1=true
[5821]	68	98	-30	-21	-7	6	det1=true
[5822]	89	98	-30	-21	-9	6	det1=true
[5823]	59	99	-22	-10	-4	-8	det1=true
[5824]	84	100	-28	-27	-2	-10	det1=true
[5825]	84	100	-38	-27	-2	10	det1=true
[5826]	89	98	-36	-2	-7	-8	det1=true
[5827]	49	100	-17	-18	-4	-7	det1=true
[5828]	49	100	-24	-18	-4	7	det1=true
[5829]	76	97	0	0	-6	-9	det1=true
[5830]	76	97	-9	0	-6	9	det1=true
[5831]	87	97	-21	-5	-11	-2	det1=true
[5832]	87	97	-23	-5	-11	2	det1=true
[5833]	81	98	-23	-8	-8	-7	det1=true
[5834]	64	98	-20	-8	-5	-8	det1=true
[5835]	64	98	-28	-8	-5	8	det1=true
[5836]	37	99	-18	-10	-7	-1	det1=true
[5837]	37	99	-19	-10	-7	1	det1=true
[5838]	86	99	-30	-1	-4	-10	det1=true
[5839]	55	100	-20	-17	-3	-8	det1=true
[5840]	55	100	-28	-17	-3	8	det1=true
[5841]	98	98	-27	-8	-10	-6	det1=true
[5842]	91	97	-25	-12	-11	-2	det1=true
[5843]	91	97	-27	-12	-11	2	det1=true
[5844]	59	99	-24	-4	-4	-8	det1=true
[5845]	84	98	-40	-15	-9	-4	det1=true
[5846]	98	98	-45	-28	-8	-6	det1=true
[5847]	97	101	-46	-31	-10	-1	det1=true
[5848]	97	101	-47	-31	-10	1	det1=true
[5849]	43	101	-20	-12	-7	-3	det1=true
[5850]	43	101	-23	-12	-7	3	det1=true
[5851]	95	103	-47	-18	-9	6	det1=true
[5852]	97	103	-37	-7	-7	-9	det1=true
[5853]	72	104	-22	-20	-1	-10	det1=true
[5854]	72	104	-32	-20	-1	10	det1=true
[5855]	85	101	-16	1	-7	-9	det1=true
[5856]	85	101	-25	1	-7	9	det1=true
[5857]	73	102	-24	-17	-8	-6	det1=true
[5858]	96	102	-39	-22	-4	-10	det1=true
[5859]	93	103	-12	-8	-5	-11	det1=true
[5860]	93	103	-23	-8	-5	11	det1=true
[5861]	103	103	-43	-24	-1	-11	det1=true
[5862]	103	103	-54	-24	-1	11	det1=true
[5863]	71	104	-30	-20	-1	10	det1=true
[5864]	80	104	-30	-27	-1	-10	det1=true
[5865]	80	104	-40	-27	-1	10	det1=true
[5866]	59	101	-22	-13	-9	-1	det1=true
[5867]	59	101	-23	-13	-9	1	det1=true
[5868]	70	101	-21	-10	-6	-8	det1=true
[5869]	70	101	-29	-10	-6	8	det1=true
[5870]	77	101	-15	-6	-9	-6	det1=true
[5871]	77	101	-21	-6	-9	6	det1=true
[5872]	92	101	-42	-27	-6	-8	det1=true
[5873]	92	101	-50	-27	-6	8	det1=true
[5874]	33	102	-2	-2	-2	-7	det1=true
[5875]	33	102	-9	-2	-2	7	det1=true
[5876]	61	102	-17	-12	-8	-5	det1=true
[5877]	61	102	-22	-12	-8	5	det1=true
[5878]	63	102	-22	-18	-6	-7	det1=true
[5879]	63	102	-29	-18	-6	7	det1=true
[5880]	61	103	-21	-6	-5	-8	det1=true
[5881]	61	103	-29	-6	-5	8	det1=true
[5882]	64	103	-6	1	-10	-2	det1=true
[5883]	95	103	-19	-8	-9	-8	det1=true
[5884]	95	103	-27	-8	-9	8	det1=true
[5885]	53	104	-10	-3	-9	-2	det1=true
[5886]	53	104	-12	-3	-9	2	det1=true
[5887]	69	104	-12	-1	-7	8	det1=true
[5888]	71	104	-20	-20	-1	-10	det1=true
[5889]	86	104	-17	2	-10	-6	det1=true
[5890]	86	104	-23	2	-10	6	det1=true
[5891]	91	104	-36	-20	-9	-6	det1=true
[5892]	91	104	-42	-20	-9	6	det1=true
[5893]	92	104	-50	-25	-3	10	det1=true
[5894]	28	101	-11	-10	-2	-6	det1=true
[5895]	34	101	-10	1	-4	-6	det1=true
[5896]	34	101	-16	1	-4	6	det1=true
[5897]	65	101	-9	-5	-1	-10	det1=true
[5898]	65	101	-19	-5	-1	10	det1=true
[5899]	68	102	-24	-4	-4	-9	det1=true
[5900]	68	102	-33	-4	-4	9	det1=true
[5901]	76	102	-26	-21	-6	-8	det1=true
[5902]	84	102	-39	-16	-10	-2	det1=true
[5903]	94	102	-10	0	-7	-10	det1=true
[5904]	50	103	-22	0	-8	-3	det1=true
[5905]	64	103	-8	1	-10	2	det1=true
[5906]	87	103	-39	5	-10	-4	det1=true
[5907]	87	103	-43	5	-10	4	det1=true
[5908]	88	103	-38	-29	-6	-8	det1=true
[5909]	88	103	-46	-29	-6	8	det1=true
[5910]	91	103	-43	-21	-9	-5	det1=true
[5911]	91	103	-48	-21	-9	5	det1=true
[5912]	95	103	-41	-18	-9	-6	det1=true
[5913]	98	103	-26	-4	-8	-9	det1=true
[5914]	63	104	-5	2	-10	2	det1=true
[5915]	69	104	-4	-1	-7	-8	det1=true
[5916]	34	101	-11	2	-6	-4	det1=true
[5917]	34	101	-15	2	-6	4	det1=true
[5918]	65	101	-14	1	-10	-1	det1=true
[5919]	65	101	-15	1	-10	1	det1=true
[5920]	70	101	-25	-4	-10	-1	det1=true
[5921]	89	101	-33	-28	-5	-9	det1=true
[5922]	89	101	-42	-28	-5	9	det1=true
[5923]	84	102	-41	-16	-10	2	det1=true
[5924]	93	102	-34	-8	-2	-11	det1=true
[5925]	93	102	-45	-8	-2	11	det1=true
[5926]	69	103	-17	-11	-10	-2	det1=true
[5927]	81	103	-9	2	-7	-9	det1=true
[5928]	81	103	-18	2	-7	9	det1=true
[5929]	91	103	-34	-12	-1	-11	det1=true
[5930]	91	103	-45	-12	-1	11	det1=true
[5931]	93	103	-15	-5	-11	-5	det1=true
[5932]	93	103	-20	-5	-11	5	det1=true
[5933]	44	104	-20	0	-7	-4	det1=true
[5934]	44	104	-24	0	-7	4	det1=true
[5935]	80	104	-12	-12	-2	-11	det1=true
[5936]	80	104	-23	-12	-2	11	det1=true
[5937]	86	104	-14	-4	-11	-4	det1=true
[5938]	86	104	-18	-4	-11	4	det1=true
[5939]	92	104	-40	-1	-11	-2	det1=true
[5940]	94	102	-20	0	-7	10	det1=true
[5941]	82	103	-22	-3	-11	-2	det1=true
[5942]	40	101	-8	-7	-5	-6	det1=true
[5943]	40	101	-14	-7	-5	6	det1=true
[5944]	61	101	-27	-2	-9	-2	det1=true
[5945]	61	101	-29	-2	-9	2	det1=true
[5946]	84	102	-32	4	-9	-6	det1=true
[5947]	100	102	-38	4	-11	-4	det1=true
[5948]	69	103	-14	-9	-9	-5	det1=true
[5949]	97	103	-15	-12	-7	-10	det1=true
[5950]	97	103	-25	-12	-7	10	det1=true
[5951]	68	104	-12	-15	-2	-10	det1=true
[5952]	74	104	-18	1	-10	-4	det1=true
[5953]	96	102	-44	-11	-9	-6	det1=true
[5954]	96	102	-50	-11	-9	6	det1=true
[5955]	73	101	-1	3	-6	-9	det1=true
[5956]	73	101	-10	3	-6	9	det1=true
[5957]	48	101	-23	2	-8	-2	det1=true
[5958]	84	103	-31	-4	-6	-9	det1=true
[5959]	69	103	-13	-15	-2	-10	det1=true
[5960]	103	103	-38	-12	-6	-10	det1=true
[5961]	79	103	-34	1	-5	-9	det1=true
[5962]	84	102	-35	-20	-2	-10	det1=true
[5963]	84	102	-45	-20	-2	10	det1=true
[5964]	84	103	-37	-18	-2	-10	det1=true
[5965]	103	103	-44	-40	-2	-10	det1=true
[5966]	85	101	-38	-37	-2	-9	det1=true
[5967]	85	101	-47	-37	-2	9	det1=true
[5968]	101	101	-24	-13	-8	-9	det1=true
[5969]	101	101	-33	-13	-8	9	det1=true
[5970]	105	105	-47	-9	-3	-11	det1=true
[5971]	48	106	-21	4	-8	-3	det1=true
[5972]	48	106	-24	4	-8	3	det1=true
[5973]	81	107	-17	0	-3	-11	det1=true
[5974]	81	107	-28	0	-3	11	det1=true
[5975]	69	108	-22	-13	-2	-10	det1=true
[5976]	94	108	-22	-5	-7	-10	det1=true
[5977]	94	108	-32	-5	-7	10	det1=true
[5978]	64	105	-11	-2	-10	-2	det1=true
[5979]	64	105	-13	-2	-10	2	det1=true
[5980]	43	106	-18	-2	-4	-7	det1=true
[5981]	43	106	-25	-2	-4	7	det1=true
[5982]	94	106	-16	-19	-1	-12	det1=true
[5983]	81	107	-34	-9	-8	-7	det1=true
[5984]	104	107	-45	-12	-10	-6	det1=true
[5985]	104	107	-51	-12	-10	6	det1=true
[5986]	107	107	-34	-3	-6	-11	det1=true
[5987]	107	107	-45	-3	-6	11	det1=true
[5988]	107	107	-27	-9	-10	-8	det1=true
[5989]	107	107	-35	-9	-10	8	det1=true
[5990]	89	105	-19	-12	-11	-4	det1=true
[5991]	89	105	-23	-12	-11	4	det1=true
[5992]	97	105	-20	-5	-12	-3	det1=true
[5993]	97	105	-23	-5	-12	3	det1=true
[5994]	105	105	-30	-20	-2	-12	det1=true
[5995]	69	106	-7	2	-10	4	det1=true
[5996]	98	106	-20	-12	-12	-3	det1=true
[5997]	106	106	-16	-3	-13	-2	det1=true
[5998]	79	107	-29	-13	-7	-8	det1=true
[5999]	79	107	-37	-13	-7	8	det1=true
[6000]	95	107	-24	-9	-5	-11	det1=true
[6001]	100	107	-34	0	-1	-12	det1=true
[6002]	101	107	-45	-24	-1	-11	det1=true
[6003]	101	107	-56	-24	-1	11	det1=true
[6004]	107	107	-42	-3	-5	-11	det1=true
[6005]	107	107	-53	-3	-5	11	det1=true
[6006]	88	108	-28	3	-11	-4	det1=true
[6007]	88	108	-32	3	-11	4	det1=true
[6008]	63	105	-29	-15	-9	-2	det1=true
[6009]	63	105	-31	-15	-9	2	det1=true
[6010]	87	105	-40	-9	-2	11	det1=true
[6011]	93	105	-13	-6	-7	-10	det1=true
[6012]	54	106	-24	-2	-2	9	det1=true
[6013]	89	107	-39	-21	-8	-7	det1=true
[6014]	99	107	-42	-13	-7	-9	det1=true
[6015]	99	107	-51	-13	-7	9	det1=true
[6016]	100	107	-46	0	-1	12	det1=true
[6017]	103	107	-46	-13	-3	-11	det1=true
[6018]	75	108	-34	-17	-10	2	det1=true
[6019]	87	105	-29	-9	-2	-11	det1=true
[6020]	15	106	-3	2	-4	-3	det1=true
[6021]	15	106	-6	2	-4	3	det1=true
[6022]	54	106	-15	-2	-2	-9	det1=true
[6023]	65	106	-22	-8	-4	-9	det1=true
[6024]	65	106	-31	-8	-4	9	det1=true
[6025]	72	106	-26	-11	-2	-10	det1=true
[6026]	72	107	-16	-5	-10	-4	det1=true
[6027]	72	107	-20	-5	-10	4	det1=true
[6028]	107	107	-26	-10	-8	-10	det1=true
[6029]	107	107	-36	-10	-8	10	det1=true
[6030]	73	108	-24	-2	-8	-7	det1=true
[6031]	73	108	-31	-2	-8	7	det1=true
[6032]	75	108	-32	-17	-10	-2	det1=true
[6033]	64	105	-28	-8	-5	-8	det1=true
[6034]	64	105	-36	-8	-5	8	det1=true
[6035]	73	105	-21	-25	-1	-10	det1=true
[6036]	73	105	-31	-25	-1	10	det1=true
[6037]	69	106	-3	2	-10	-4	det1=true
[6038]	85	107	-29	3	-11	-3	det1=true
[6039]	85	107	-32	3	-11	3	det1=true
[6040]	62	105	-11	0	-6	-8	det1=true
[6041]	62	105	-19	0	-6	8	det1=true
[6042]	63	105	-16	3	-10	-1	det1=true
[6043]	63	105	-17	3	-10	1	det1=true
[6044]	64	105	-19	4	-10	-1	det1=true
[6045]	64	105	-20	4	-10	1	det1=true
[6046]	67	105	-14	-6	-9	-5	det1=true
[6047]	67	105	-19	-6	-9	5	det1=true
[6048]	72	106	-36	-11	-2	10	det1=true
[6049]	100	106	-18	-12	-11	-6	det1=true
[6050]	67	107	-25	-24	-3	-9	det1=true
[6051]	67	107	-34	-24	-3	9	det1=true
[6052]	107	107	-53	-25	-11	-1	det1=true
[6053]	107	107	-54	-25	-11	1	det1=true
[6054]	96	106	-40	-20	-11	-2	det1=true
[6055]	96	106	-42	-20	-11	2	det1=true
[6056]	106	106	-46	-7	-6	-10	det1=true
[6057]	67	107	-19	-21	-4	-9	det1=true
[6058]	67	107	-28	-21	-4	9	det1=true
[6059]	78	108	-28	-2	-6	-9	det1=true
[6060]	78	108	-37	-2	-6	9	det1=true
[6061]	53	108	-15	-2	-2	-9	det1=true
[6062]	53	108	-24	-2	-2	9	det1=true
[6063]	101	106	-36	-1	-12	-2	det1=true
[6064]	31	108	-1	0	-2	-7	det1=true
[6065]	46	107	-14	-6	-8	-3	det1=true
[6066]	46	107	-17	-6	-8	3	det1=true
[6067]	62	109	-26	-14	-5	-8	det1=true
[6068]	62	109	-34	-14	-5	8	det1=true
[6069]	83	109	-24	-7	-9	-7	det1=true
[6070]	83	109	-31	-7	-9	7	det1=true
[6071]	72	112	-26	5	-10	-4	det1=true
[6072]	87	109	-8	5	-10	-7	det1=true
[6073]	99	109	-44	-12	-3	-11	det1=true
[6074]	99	109	-55	-12	-3	11	det1=true
[6075]	111	111	-47	-36	-3	-11	det1=true
[6076]	111	111	-58	-36	-3	11	det1=true
[6077]	67	112	-30	1	-10	-2	det1=true
[6078]	67	112	-32	1	-10	2	det1=true
[6079]	68	112	-32	5	-10	-2	det1=true
[6080]	68	112	-34	5	-10	2	det1=true
[6081]	93	112	-30	-4	-1	-12	det1=true
[6082]	56	109	-8	0	-4	9	det1=true
[6083]	66	109	-6	2	-7	-8	det1=true
[6084]	66	109	-14	2	-7	8	det1=true
[6085]	91	109	-5	4	-11	-6	det1=true
[6086]	91	109	-11	4	-11	6	det1=true
[6087]	98	109	-34	-7	-12	-2	det1=true
[6088]	98	109	-36	-7	-12	2	det1=true
[6089]	104	109	-26	-7	-10	-8	det1=true
[6090]	104	109	-34	-7	-10	8	det1=true
[6091]	72	110	-19	-2	-6	-9	det1=true
[6092]	72	110	-28	-2	-6	9	det1=true
[6093]	72	111	-24	-1	-10	-4	det1=true
[6094]	94	111	-30	-23	-11	-4	det1=true
[6095]	94	111	-34	-23	-11	4	det1=true
[6096]	41	112	-1	2	-8	-3	det1=true
[6097]	41	112	-4	2	-8	3	det1=true
[6098]	72	112	-19	-10	-6	-9	det1=true
[6099]	88	112	-23	4	-8	-9	det1=true
[6100]	88	112	-32	4	-8	9	det1=true
[6101]	90	112	-20	2	-12	-3	det1=true
[6102]	90	112	-23	2	-12	3	det1=true
[6103]	110	112	-41	-38	-10	-6	det1=true
[6104]	110	112	-47	-38	-10	6	det1=true
[6105]	56	109	1	0	-4	-9	det1=true
[6106]	75	110	-30	2	-7	-8	det1=true
[6107]	75	110	-38	2	-7	8	det1=true
[6108]	44	112	-17	2	-8	-3	det1=true
[6109]	44	112	-20	2	-8	3	det1=true
[6110]	68	110	-18	-9	-3	-10	det1=true
[6111]	68	110	-28	-9	-3	10	det1=true
[6112]	42	111	-11	-12	-2	-8	det1=true
[6113]	42	111	-19	-12	-2	8	det1=true
[6114]	24	109	-4	2	-4	-5	det1=true
[6115]	92	109	-25	-2	-12	-2	det1=true
[6116]	58	111	-6	-5	-8	-6	det1=true
[6117]	92	109	-27	-2	-12	2	det1=true
[6118]	72	111	-35	-8	-10	-2	det1=true
[6119]	72	111	-37	-8	-10	2	det1=true
[6120]	94	110	-27	-16	-12	-1	det1=true
[6121]	108	111	-24	-16	-13	-2	det1=true
[6122]	93	109	-21	-7	-7	-10	det1=true
[6123]	93	109	-31	-7	-7	10	det1=true
[6124]	61	109	-14	-5	-10	-1	det1=true
[6125]	75	109	-21	-2	-11	-1	det1=true
[6126]	60	111	-15	-4	-10	-1	det1=true
[6127]	96	110	-40	3	-6	-10	det1=true
[6128]	47	111	-21	-1	-7	-5	det1=true
[6129]	99	111	-20	-6	-10	-8	det1=true
[6130]	99	111	-28	-6	-10	8	det1=true
[6131]	85	111	-25	3	-6	-10	det1=true
[6132]	98	111	-14	6	-12	-5	det1=true
[6133]	91	109	-44	-35	-10	-1	det1=true
[6134]	113	113	-39	-5	-1	-13	det1=true
[6135]	111	113	-55	-37	-11	-1	det1=true
[6136]	71	115	-34	-3	-10	-3	det1=true
[6137]	71	115	-37	-3	-10	3	det1=true
[6138]	87	113	-31	3	-6	-10	det1=true
[6139]	87	113	-41	3	-6	10	det1=true
[6140]	107	113	-39	-3	-4	-12	det1=true
[6141]	113	113	-15	-9	-5	-13	det1=true
[6142]	113	113	-28	-9	-5	13	det1=true
[6143]	70	114	-27	-28	-4	-9	det1=true
[6144]	84	114	-8	-4	-7	-10	det1=true
[6145]	84	114	-18	-4	-7	10	det1=true
[6146]	115	115	-23	-13	-7	-12	det1=true
[6147]	92	113	-26	-16	-1	-12	det1=true
[6148]	92	113	-38	-16	-1	12	det1=true
[6149]	96	114	-44	-5	-7	10	det1=true
[6150]	97	115	-39	-1	-5	-11	det1=true
[6151]	101	115	-51	-13	-9	8	det1=true
[6152]	57	116	-12	-5	-2	10	det1=true
[6153]	116	116	-71	-18	-4	-10	det1=true
[6154]	116	116	-81	-18	-4	10	det1=true
[6155]	105	113	-46	-24	-6	-10	det1=true
[6156]	96	114	-46	-1	-11	-4	det1=true
[6157]	96	114	-50	-1	-11	4	det1=true
[6158]	102	114	-26	0	-13	-2	det1=true
[6159]	21	115	-7	-3	-6	-1	det1=true
[6160]	21	115	-8	-3	-6	1	det1=true
[6161]	57	116	-2	-5	-2	-10	det1=true
[6162]	55	113	-9	2	-9	-4	det1=true
[6163]	55	113	-13	2	-9	4	det1=true
[6164]	87	113	-23	3	-9	-8	det1=true
[6165]	58	114	-2	-5	-2	-10	det1=true
[6166]	58	114	-12	-5	-2	10	det1=true
[6167]	101	115	-43	-13	-9	-8	det1=true
[6168]	113	113	-6	-6	-2	-14	det1=true
[6169]	113	113	-20	-6	-2	14	det1=true
[6170]	91	113	-41	-37	-5	-9	det1=true
[6171]	81	115	-24	-17	-11	-3	det1=true
[6172]	108	115	-38	0	-13	-2	det1=true
[6173]	29	116	-7	2	-4	-6	det1=true
[6174]	81	114	-33	-22	-10	-4	det1=true
[6175]	81	114	-37	-22	-10	4	det1=true
[6176]	114	114	-29	-10	-8	-11	det1=true
[6177]	100	116	-22	-12	-5	-12	det1=true
[6178]	100	116	-34	-12	-5	12	det1=true
[6179]	99	113	-42	-41	-8	-7	det1=true
[6180]	113	113	-42	-42	-6	-10	det1=true
[6181]	113	113	-39	-35	-7	-10	det1=true
[6182]	119	119	-22	-14	-8	-12	det1=true
[6183]	119	119	-34	-14	-8	12	det1=true
[6184]	111	120	-47	-14	-8	-10	det1=true
[6185]	111	120	-57	-14	-8	10	det1=true
[6186]	75	117	-24	-5	-11	3	det1=true
[6187]	81	117	-23	-21	-3	-11	det1=true
[6188]	101	118	-39	-8	-12	-4	det1=true
[6189]	62	119	-12	-2	-7	-8	det1=true
[6190]	62	119	-20	-2	-7	8	det1=true
[6191]	74	119	-27	-24	-8	-7	det1=true
[6192]	74	119	-34	-24	-8	7	det1=true
[6193]	53	120	-4	4	-10	-1	det1=true
[6194]	53	120	-5	4	-10	1	det1=true
[6195]	51	117	-23	-3	-9	-2	det1=true
[6196]	51	117	-25	-3	-9	2	det1=true
[6197]	75	118	-12	-2	-11	-4	det1=true
[6198]	95	118	-22	4	-12	-5	det1=true
[6199]	105	118	-43	-12	-12	-4	det1=true
[6200]	84	117	-31	-32	-6	-9	det1=true
[6201]	120	120	-52	-56	-2	-11	det1=true
[6202]	120	120	-28	-7	-14	-4	det1=true
[6203]	119	119	-29	-10	-13	-6	det1=true
[6204]	103	122	-23	-8	-8	-11	det1=true
[6205]	103	122	-34	-8	-8	11	det1=true
[6206]	76	123	-20	-8	-4	-11	det1=true
[6207]	76	123	-31	-8	-4	11	det1=true
[6208]	108	124	-28	7	-14	-2	det1=true
[6209]	110	122	-54	-45	-11	-2	det1=true
[6210]	110	122	-56	-45	-11	2	det1=true
[6211]	103	122	-41	-20	-12	-4	det1=true
[6212]	121	121	-58	-51	-10	-5	det1=true
[6213]	104	123	-14	3	-14	-2	det1=true
[6214]	104	123	-16	3	-14	2	det1=true
[6215]	84	124	-29	2	-10	-7	det1=true
[6216]	84	124	-36	2	-10	7	det1=true
[6217]	113	124	-40	-34	-12	-5	det1=true
[6218]	107	121	-42	-13	-12	-5	det1=true
[6219]	107	121	-47	-13	-12	5	det1=true
[6220]	121	121	-27	1	-13	-7	det1=true
[6221]	85	123	-37	-31	-1	-11	det1=true
[6222]	125	125	-8	-6	-12	-10	det1=true
[6223]	127	127	-26	-20	-14	-6	det1=true
[6224]	127	127	-32	-20	-14	6	det1=true
[6225]	103	125	-37	-18	-5	-12	det1=true
[6226]	103	125	-49	-18	-5	12	det1=true
[6227]	84	126	-35	6	-12	-2	det1=true
[6228]	84	126	-37	6	-12	2	det1=true
[6229]	127	127	-22	-24	-6	-14	det1=true
[6230]	94	125	-42	-10	-12	-3	det1=true
[6231]	94	125	-45	-10	-12	3	det1=true
[6232]	71	127	-25	-7	-11	-3	det1=true
[6233]	71	127	-28	-7	-11	3	det1=true
[6234]	120	127	-37	2	-4	-14	det1=true
[6235]	120	127	-51	2	-4	14	det1=true
[6236]	127	127	-56	-42	-8	-10	det1=true
[6237]	101	128	-45	-30	-10	-7	det1=true
[6238]	4	126	0	1	-2	-2	det1=true
[6239]	10	126	0	1	-2	-4	det1=true
[6240]	20	126	0	1	-2	-6	det1=true
[6241]	20	126	-6	1	-2	6	det1=true
[6242]	34	126	0	1	-2	-8	det1=true
[6243]	52	126	0	1	-2	-10	det1=true
[6244]	20	128	-6	3	-6	-2	det1=true
[6245]	26	128	-6	3	-6	-4	det1=true
[6246]	58	128	-10	5	-10	-4	det1=true
[6247]	58	128	-14	5	-10	4	det1=true
[6248]	68	128	-10	5	-10	-6	det1=true
[6249]	116	128	-14	7	-14	-6	det1=true
[6250]	129	129	-56	-10	-2	-14	det1=true
[6251]	130	130	-21	-2	-16	-2	det1=true
[6252]	110	131	-18	-4	-14	-5	det1=true
[6253]	56	131	-23	-4	-2	-10	det1=true
[6254]	20	132	-4	-3	-5	-4	det1=true
[6255]	20	132	-8	-3	-5	4	det1=true
[6256]	112	132	-8	3	-6	-14	det1=true
[6257]	93	130	-30	-10	-13	-2	det1=true
[6258]	129	129	-16	2	-16	-2	det1=true
[6259]	129	129	-18	2	-16	2	det1=true
[6260]	129	129	-8	-6	-8	-14	det1=true
[6261]	119	134	-38	-32	-14	-3	det1=true
[6262]	112	136	-44	-34	-10	-9	det1=true
[6263]	66	136	-16	3	-6	-10	det1=true
[6264]	135	135	-28	-8	-16	-4	det1=true
[6265]	137	137	-54	-42	-8	-12	det1=true
[6266]	139	139	-52	-6	-16	-2	det1=true
[6267]	110	138	-32	-4	-14	-5	det1=true
[6268]	116	140	-34	3	-6	-14	det1=true
[6269]	128	141	-52	2	-8	-13	det1=true
[6270]	122	146	-44	5	-10	-12	det1=true
[6271]	122	146	-56	5	-10	12	det1=true
[6272]	82	147	-37	-4	-10	-8	det1=true
[6273]	125	149	-13	2	-17	-2	det1=true
[6274]	125	149	-15	2	-17	2	det1=true
[6275]	157	157	-66	-66	-6	-14	det1=true
